date,symbol,open,high,low,close,volume,source,fetched_at
2020-07-28,APH,30.16,30.16,30.16,30.16,275200,KBS,2026-10-09T04:23:48Z
2020-07-29,APH,32.22,32.22,32.22,32.22,193780,KBS,2026-10-09T04:23:48Z
2020-07-30,APH,34.46,34.46,34.46,34.46,370550,KBS,2026-10-09T04:23:48Z
2020-07-31,APH,36.76,36.82,33.61,36.52,328950,KBS,2026-10-09T04:23:48Z
2020-08-03,APH,33.98,36.88,33.98,34.52,290720,KBS,2026-10-09T04:23:48Z
2020-08-04,APH,34.22,36.88,33.92,36.88,434910,KBS,2026-10-09T04:23:48Z
2020-08-05,APH,36.88,39.37,36.76,39.37,520410,KBS,2026-10-09T04:23:48Z
2020-08-06,APH,39.37,41.18,38.46,41.12,525700,KBS,2026-10-09T04:23:48Z
2020-08-07,APH,41.06,41.67,40.76,41.49,504240,KBS,2026-10-09T04:23:48Z
2020-08-10,APH,41.49,41.49,38.76,39.06,413640,KBS,2026-10-09T04:23:48Z
2020-08-11,APH,38.76,39.67,38.03,39.43,403850,KBS,2026-10-09T04:23:48Z
2020-08-12,APH,39.43,40.58,39.43,40.33,423970,KBS,2026-10-09T04:23:48Z
2020-08-13,APH,40.46,41.79,40.46,41.61,524120,KBS,2026-10-09T04:23:48Z
2020-08-14,APH,41.73,43.0,41.73,42.82,536830,KBS,2026-10-09T04:23:48Z
2020-08-17,APH,42.82,43.0,41.18,41.18,315400,KBS,2026-10-09T04:23:48Z
2020-08-18,APH,41.18,42.39,41.0,42.39,415720,KBS,2026-10-09T04:23:48Z
2020-08-19,APH,42.39,44.82,42.33,43.91,530760,KBS,2026-10-09T04:23:48Z
2020-08-20,APH,44.09,44.76,43.91,43.91,434060,KBS,2026-10-09T04:23:48Z
2020-08-21,APH,44.09,45.42,43.91,45.18,481230,KBS,2026-10-09T04:23:48Z
2020-08-24,APH,45.3,45.72,45.18,45.24,358550,KBS,2026-10-09T04:23:48Z
2020-08-25,APH,45.24,45.42,44.15,45.12,323070,KBS,2026-10-09T04:23:48Z
2020-08-26,APH,45.12,45.42,44.33,44.57,402650,KBS,2026-10-09T04:23:48Z
2020-08-27,APH,43.91,45.12,43.73,44.82,393330,KBS,2026-10-09T04:23:48Z
2020-08-28,APH,45.0,45.3,44.45,44.57,337940,KBS,2026-10-09T04:23:48Z
2020-08-31,APH,44.45,45.12,44.27,44.39,314520,KBS,2026-10-09T04:23:48Z
2020-09-01,APH,44.39,45.0,44.39,44.7,335240,KBS,2026-10-09T04:23:48Z
2020-09-03,APH,44.82,45.24,44.7,44.82,252350,KBS,2026-10-09T04:23:48Z
2020-09-04,APH,44.82,44.94,44.09,44.45,214910,KBS,2026-10-09T04:23:48Z
2020-09-07,APH,44.45,44.76,44.39,44.57,242810,KBS,2026-10-09T04:23:48Z
2020-09-08,APH,44.57,44.82,44.39,44.63,238060,KBS,2026-10-09T04:23:48Z
2020-09-09,APH,44.63,44.63,44.09,44.21,208670,KBS,2026-10-09T04:23:48Z
2020-09-10,APH,44.21,44.21,43.61,44.21,212090,KBS,2026-10-09T04:23:48Z
2020-09-11,APH,43.91,45.42,43.91,44.88,284190,KBS,2026-10-09T04:23:48Z
2020-09-14,APH,45.0,45.72,45.0,45.66,317130,KBS,2026-10-09T04:23:48Z
2020-09-15,APH,45.66,45.91,45.24,45.48,204520,KBS,2026-10-09T04:23:48Z
2020-09-16,APH,45.48,45.72,45.24,45.42,212890,KBS,2026-10-09T04:23:48Z
2020-09-17,APH,45.3,45.42,44.7,45.42,232380,KBS,2026-10-09T04:23:48Z
2020-09-18,APH,45.42,45.42,45.12,45.3,204480,KBS,2026-10-09T04:23:48Z
2020-09-21,APH,45.42,45.72,45.36,45.36,215940,KBS,2026-10-09T04:23:48Z
2020-09-22,APH,45.36,45.48,45.18,45.42,244710,KBS,2026-10-09T04:23:48Z
2020-09-23,APH,45.42,46.03,45.42,45.54,288610,KBS,2026-10-09T04:23:48Z
2020-09-24,APH,45.54,45.85,45.36,45.42,316050,KBS,2026-10-09T04:23:48Z
2020-09-25,APH,45.42,45.54,45.12,45.18,246560,KBS,2026-10-09T04:23:48Z
2020-09-28,APH,45.18,45.54,45.12,45.36,266240,KBS,2026-10-09T04:23:48Z
2020-09-29,APH,45.36,45.48,44.82,44.94,340880,KBS,2026-10-09T04:23:48Z
2020-09-30,APH,44.82,45.36,44.82,45.06,293790,KBS,2026-10-09T04:23:48Z
2020-10-01,APH,45.06,45.42,45.0,45.24,264660,KBS,2026-10-09T04:23:48Z
2020-10-02,APH,45.24,45.36,44.82,44.88,227290,KBS,2026-10-09T04:23:48Z
2020-10-05,APH,44.88,45.06,44.76,44.94,358150,KBS,2026-10-09T04:23:48Z
2020-10-06,APH,44.94,45.06,44.76,45.0,292970,KBS,2026-10-09T04:23:48Z
2020-10-07,APH,45.0,45.0,44.63,44.82,242560,KBS,2026-10-09T04:23:48Z
2020-10-08,APH,44.82,45.0,44.57,44.7,322770,KBS,2026-10-09T04:23:48Z
2020-10-09,APH,44.7,45.0,44.15,44.51,266880,KBS,2026-10-09T04:23:48Z
2020-10-12,APH,44.51,44.76,43.97,44.09,215630,KBS,2026-10-09T04:23:48Z
2020-10-13,APH,44.09,44.33,43.67,43.73,334730,KBS,2026-10-09T04:23:48Z
2020-10-14,APH,43.73,44.21,43.73,44.09,253810,KBS,2026-10-09T04:23:48Z
2020-10-15,APH,44.09,44.21,43.36,43.61,282950,KBS,2026-10-09T04:23:48Z
2020-10-16,APH,43.61,43.91,42.39,43.54,345160,KBS,2026-10-09T04:23:48Z
2020-10-19,APH,43.54,44.21,43.54,44.09,405950,KBS,2026-10-09T04:23:48Z
2020-10-20,APH,44.09,44.09,43.67,43.91,225660,KBS,2026-10-09T04:23:48Z
2020-10-21,APH,43.91,44.15,43.61,43.67,357560,KBS,2026-10-09T04:23:48Z
2020-10-22,APH,43.67,44.03,43.36,44.03,437230,KBS,2026-10-09T04:23:48Z
2020-10-23,APH,44.03,44.7,44.03,44.51,461180,KBS,2026-10-09T04:23:48Z
2020-10-26,APH,44.51,45.06,44.51,44.57,384310,KBS,2026-10-09T04:23:48Z
2020-10-27,APH,44.45,44.45,43.79,43.97,338750,KBS,2026-10-09T04:23:48Z
2020-10-28,APH,43.85,44.09,43.24,43.54,368740,KBS,2026-10-09T04:23:48Z
2020-10-29,APH,43.42,43.85,42.76,42.76,308900,KBS,2026-10-09T04:23:48Z
2020-10-30,APH,45.72,45.72,43.12,45.12,851700,KBS,2026-10-09T04:23:48Z
2020-11-02,APH,45.12,45.54,45.06,45.54,463500,KBS,2026-10-09T04:23:48Z
2020-11-03,APH,45.42,45.66,45.0,45.18,408710,KBS,2026-10-09T04:23:48Z
2020-11-04,APH,45.06,45.6,44.88,44.88,468240,KBS,2026-10-09T04:23:48Z
2020-11-05,APH,44.88,45.3,44.63,44.82,368900,KBS,2026-10-09T04:23:48Z
2020-11-06,APH,44.82,45.42,44.57,44.94,389310,KBS,2026-10-09T04:23:48Z
2020-11-09,APH,44.94,45.66,44.88,45.48,407990,KBS,2026-10-09T04:23:48Z
2020-11-10,APH,45.48,45.66,45.24,45.42,304120,KBS,2026-10-09T04:23:48Z
2020-11-11,APH,45.72,48.57,45.72,48.57,566220,KBS,2026-10-09T04:23:48Z
2020-11-12,APH,48.75,49.78,48.69,49.54,475780,KBS,2026-10-09T04:23:48Z
2020-11-13,APH,49.6,50.27,49.18,49.36,369970,KBS,2026-10-09T04:23:48Z
2020-11-16,APH,49.24,49.72,48.51,49.12,420030,KBS,2026-10-09T04:23:48Z
2020-11-17,APH,49.12,49.36,48.51,48.69,384540,KBS,2026-10-09T04:23:48Z
2020-11-18,APH,48.69,49.36,48.51,49.24,3001870,KBS,2026-10-09T04:23:48Z
2020-11-19,APH,49.18,52.45,49.12,52.45,3318800,KBS,2026-10-09T04:23:48Z
2020-11-20,APH,52.45,52.45,52.08,52.2,3587180,KBS,2026-10-09T04:23:48Z
2020-11-23,APH,52.08,52.2,51.42,52.2,3525450,KBS,2026-10-09T04:23:48Z
2020-11-24,APH,52.2,52.33,51.6,51.66,3713010,KBS,2026-10-09T04:23:48Z
2020-11-25,APH,51.66,52.63,51.66,52.57,4008790,KBS,2026-10-09T04:23:48Z
2020-11-26,APH,52.57,52.63,52.14,52.63,3912340,KBS,2026-10-09T04:23:48Z
2020-11-27,APH,52.69,56.26,52.27,55.96,4130530,KBS,2026-10-09T04:23:48Z
2020-11-30,APH,55.96,55.96,54.69,54.87,978710,KBS,2026-10-09T04:23:48Z
2020-12-01,APH,53.48,54.69,52.87,53.96,2013750,KBS,2026-10-09T04:23:48Z
2020-12-02,APH,53.78,54.69,52.57,54.63,1913650,KBS,2026-10-09T04:23:48Z
2020-12-03,APH,54.63,54.87,53.9,54.39,1809640,KBS,2026-10-09T04:23:48Z
2020-12-04,APH,54.39,54.75,54.08,54.45,1272320,KBS,2026-10-09T04:23:48Z
2020-12-07,APH,54.63,54.99,54.51,54.57,727390,KBS,2026-10-09T04:23:48Z
2020-12-08,APH,54.57,54.87,54.2,54.45,603600,KBS,2026-10-09T04:23:48Z
2020-12-09,APH,54.45,54.69,54.26,54.39,566410,KBS,2026-10-09T04:23:48Z
2020-12-10,APH,54.75,54.81,53.9,53.9,643420,KBS,2026-10-09T04:23:48Z
2020-12-11,APH,53.84,53.84,52.69,53.3,553190,KBS,2026-10-09T04:23:48Z
2020-12-14,APH,53.42,54.14,53.42,54.14,632320,KBS,2026-10-09T04:23:48Z
2020-12-15,APH,54.32,54.32,53.66,53.78,527030,KBS,2026-10-09T04:23:48Z
2020-12-16,APH,53.9,53.9,51.18,51.66,564380,KBS,2026-10-09T04:23:48Z
2020-12-17,APH,51.48,51.6,49.06,49.6,530780,KBS,2026-10-09T04:23:48Z
2020-12-18,APH,49.54,49.54,46.15,46.15,570900,KBS,2026-10-09T04:23:48Z
2020-12-21,APH,46.33,48.57,46.33,48.27,658500,KBS,2026-10-09T04:23:48Z
2020-12-22,APH,48.27,48.45,46.88,47.06,510100,KBS,2026-10-09T04:23:48Z
2020-12-23,APH,47.06,47.12,45.42,45.66,447710,KBS,2026-10-09T04:23:48Z
2020-12-24,APH,45.72,45.85,44.03,44.7,430610,KBS,2026-10-09T04:23:48Z
2020-12-25,APH,44.82,46.21,44.82,46.21,508980,KBS,2026-10-09T04:23:48Z
2020-12-28,APH,46.21,46.57,45.72,45.97,477120,KBS,2026-10-09T04:23:48Z
2020-12-29,APH,45.97,45.97,44.82,45.12,502260,KBS,2026-10-09T04:23:48Z
2020-12-30,APH,45.18,45.79,45.06,45.06,546080,KBS,2026-10-09T04:23:48Z
2020-12-31,APH,45.18,45.48,45.06,45.3,478190,KBS,2026-10-09T04:23:48Z
2021-01-04,APH,45.3,45.48,44.21,44.39,521800,KBS,2026-10-09T04:23:48Z
2021-01-05,APH,44.45,44.45,43.61,43.91,476200,KBS,2026-10-09T04:23:48Z
2021-01-06,APH,44.15,44.15,43.3,43.79,436100,KBS,2026-10-09T04:23:48Z
2021-01-07,APH,43.91,44.21,43.42,43.91,601300,KBS,2026-10-09T04:23:48Z
2021-01-08,APH,44.03,44.03,43.0,43.0,365100,KBS,2026-10-09T04:23:48Z
2021-01-11,APH,43.06,43.12,40.76,41.3,529000,KBS,2026-10-09T04:23:48Z
2021-01-12,APH,41.24,42.09,40.82,42.03,462700,KBS,2026-10-09T04:23:48Z
2021-01-13,APH,42.03,42.76,42.03,42.64,466600,KBS,2026-10-09T04:23:48Z
2021-01-14,APH,42.7,42.82,41.79,42.58,597300,KBS,2026-10-09T04:23:48Z
2021-01-15,APH,42.7,42.7,42.09,42.21,400000,KBS,2026-10-09T04:23:48Z
2021-01-18,APH,42.03,42.21,41.06,41.36,413800,KBS,2026-10-09T04:23:48Z
2021-01-19,APH,41.18,41.18,38.7,39.37,351600,KBS,2026-10-09T04:23:48Z
2021-01-20,APH,39.12,39.49,37.67,38.15,459500,KBS,2026-10-09T04:23:48Z
2021-01-21,APH,38.28,39.67,38.15,39.67,503500,KBS,2026-10-09T04:23:48Z
2021-01-22,APH,40.03,40.58,39.67,39.67,463000,KBS,2026-10-09T04:23:48Z
2021-01-25,APH,39.73,39.79,39.43,39.49,434300,KBS,2026-10-09T04:23:48Z
2021-01-26,APH,39.43,39.43,37.73,38.7,363800,KBS,2026-10-09T04:23:48Z
2021-01-27,APH,38.22,38.46,36.46,36.52,305800,KBS,2026-10-09T04:23:48Z
2021-01-28,APH,34.88,34.88,33.98,33.98,202400,KBS,2026-10-09T04:23:48Z
2021-01-29,APH,32.16,34.52,32.16,34.4,517600,KBS,2026-10-09T04:23:48Z
2021-02-01,APH,34.46,34.76,33.49,33.73,346300,KBS,2026-10-09T04:23:48Z
2021-02-02,APH,33.79,34.76,33.61,34.7,437000,KBS,2026-10-09T04:23:48Z
2021-02-03,APH,34.82,36.52,34.82,36.52,426200,KBS,2026-10-09T04:23:48Z
2021-02-04,APH,36.58,38.03,36.46,37.85,561900,KBS,2026-10-09T04:23:48Z
2021-02-05,APH,38.03,38.46,37.91,37.91,371400,KBS,2026-10-09T04:23:48Z
2021-02-08,APH,37.73,38.46,37.19,37.97,889000,KBS,2026-10-09T04:23:48Z
2021-02-09,APH,38.03,40.46,37.73,40.46,1030200,KBS,2026-10-09T04:23:48Z
2021-02-17,APH,40.58,41.24,40.46,41.18,1087500,KBS,2026-10-09T04:23:48Z
2021-02-18,APH,41.36,41.42,40.76,41.06,1010400,KBS,2026-10-09T04:23:48Z
2021-02-19,APH,40.94,41.24,40.15,40.58,1043300,KBS,2026-10-09T04:23:48Z
2021-02-22,APH,40.58,40.58,39.97,40.33,1422400,KBS,2026-10-09T04:23:48Z
2021-02-23,APH,40.33,42.27,40.15,42.15,1526700,KBS,2026-10-09T04:23:48Z
2021-02-24,APH,42.27,42.33,41.24,41.55,1428700,KBS,2026-10-09T04:23:48Z
2021-02-25,APH,41.55,41.67,40.94,41.49,1502000,KBS,2026-10-09T04:23:48Z
2021-02-26,APH,41.18,41.55,40.7,41.49,1724700,KBS,2026-10-09T04:23:48Z
2021-03-01,APH,41.55,41.79,41.0,41.06,1039700,KBS,2026-10-09T04:23:48Z
2021-03-02,APH,41.06,41.24,39.97,40.33,731200,KBS,2026-10-09T04:23:48Z
2021-03-03,APH,43.14,43.14,40.97,41.94,768300,KBS,2026-10-09T04:23:48Z
2021-03-04,APH,42.02,42.18,39.69,40.17,588300,KBS,2026-10-09T04:23:48Z
2021-03-05,APH,40.17,40.65,39.61,40.01,535200,KBS,2026-10-09T04:23:48Z
2021-03-08,APH,40.09,40.73,39.85,40.09,720600,KBS,2026-10-09T04:23:48Z
2021-03-09,APH,40.17,40.17,39.21,39.53,518300,KBS,2026-10-09T04:23:48Z
2021-03-10,APH,39.61,40.49,39.37,40.33,564900,KBS,2026-10-09T04:23:48Z
2021-03-11,APH,40.65,41.05,40.33,40.41,706900,KBS,2026-10-09T04:23:48Z
2021-03-12,APH,40.41,40.49,39.61,39.93,477600,KBS,2026-10-09T04:23:48Z
2021-03-15,APH,40.17,40.17,39.29,39.45,561100,KBS,2026-10-09T04:23:48Z
2021-03-16,APH,39.61,39.61,38.57,39.45,680500,KBS,2026-10-09T04:23:48Z
2021-03-17,APH,39.21,39.61,38.81,39.61,726200,KBS,2026-10-09T04:23:48Z
2021-03-18,APH,39.93,40.09,39.45,39.61,528200,KBS,2026-10-09T04:23:48Z
2021-03-19,APH,39.45,39.45,38.33,39.45,682300,KBS,2026-10-09T04:23:48Z
2021-03-22,APH,39.37,39.45,38.57,39.29,585200,KBS,2026-10-09T04:23:48Z
2021-03-23,APH,39.29,39.29,38.61,39.13,694500,KBS,2026-10-09T04:23:48Z
2021-03-24,APH,38.97,39.05,38.17,39.05,533500,KBS,2026-10-09T04:23:48Z
2021-03-25,APH,38.97,39.05,38.33,38.81,506700,KBS,2026-10-09T04:23:48Z
2021-03-26,APH,38.65,39.21,38.01,38.81,560100,KBS,2026-10-09T04:23:48Z
2021-03-29,APH,38.89,39.13,38.49,39.01,614100,KBS,2026-10-09T04:23:48Z
2021-03-30,APH,39.05,39.21,38.57,38.97,641000,KBS,2026-10-09T04:23:48Z
2021-03-31,APH,38.97,39.05,38.57,38.97,479500,KBS,2026-10-09T04:23:48Z
2021-04-01,APH,39.05,39.05,38.41,38.77,469100,KBS,2026-10-09T04:23:48Z
2021-04-02,APH,38.73,38.89,38.41,38.89,533100,KBS,2026-10-09T04:23:48Z
2021-04-05,APH,38.97,39.21,38.73,38.97,581400,KBS,2026-10-09T04:23:48Z
2021-04-06,APH,38.81,39.05,38.57,38.97,1575100,KBS,2026-10-09T04:23:48Z
2021-04-07,APH,39.05,40.89,39.05,40.89,655700,KBS,2026-10-09T04:23:48Z
2021-04-08,APH,41.05,41.22,40.41,40.57,540500,KBS,2026-10-09T04:23:48Z
2021-04-09,APH,40.49,40.81,40.01,40.57,551400,KBS,2026-10-09T04:23:48Z
2021-04-12,APH,40.57,40.57,39.37,40.01,746300,KBS,2026-10-09T04:23:48Z
2021-04-13,APH,39.85,39.97,38.81,39.61,518700,KBS,2026-10-09T04:23:48Z
2021-04-14,APH,39.45,39.77,38.65,39.69,642100,KBS,2026-10-09T04:23:48Z
2021-04-15,APH,39.85,40.01,39.37,39.69,762600,KBS,2026-10-09T04:23:48Z
2021-04-16,APH,39.69,39.77,38.01,39.77,636800,KBS,2026-10-09T04:23:48Z
2021-04-19,APH,39.77,39.85,39.45,39.61,807500,KBS,2026-10-09T04:23:48Z
2021-04-20,APH,39.69,40.81,39.45,40.33,1049500,KBS,2026-10-09T04:23:48Z
2021-04-22,APH,40.41,40.41,39.29,39.37,998700,KBS,2026-10-09T04:23:48Z
2021-04-23,APH,39.45,40.73,39.21,40.73,1305500,KBS,2026-10-09T04:23:48Z
2021-04-26,APH,40.65,42.34,40.49,42.34,1493500,KBS,2026-10-09T04:23:48Z
2021-04-27,APH,42.5,43.54,42.18,43.46,1346800,KBS,2026-10-09T04:23:48Z
2021-04-28,APH,43.46,44.34,43.3,43.54,1132600,KBS,2026-10-09T04:23:48Z
2021-04-29,APH,43.14,43.54,42.34,42.9,1023500,KBS,2026-10-09T04:23:48Z
2021-05-04,APH,42.58,43.46,42.18,43.38,1084500,KBS,2026-10-09T04:23:48Z
2021-05-05,APH,43.38,43.94,42.9,42.9,1251700,KBS,2026-10-09T04:23:48Z
2021-05-06,APH,42.98,43.62,42.58,42.9,1022700,KBS,2026-10-09T04:23:48Z
2021-05-07,APH,42.9,43.46,42.42,43.22,1097200,KBS,2026-10-09T04:23:48Z
2021-05-10,APH,43.3,45.54,43.14,45.46,1559800,KBS,2026-10-09T04:23:48Z
2021-05-11,APH,45.62,46.58,45.54,45.86,1653800,KBS,2026-10-09T04:23:48Z
2021-05-12,APH,45.86,46.1,45.22,45.62,2094100,KBS,2026-10-09T04:23:48Z
2021-05-13,APH,45.38,45.86,45.14,45.7,1828700,KBS,2026-10-09T04:23:48Z
2021-05-14,APH,45.7,45.78,45.38,45.62,2003800,KBS,2026-10-09T04:23:48Z
2021-05-17,APH,45.62,46.18,45.62,45.94,2107400,KBS,2026-10-09T04:23:48Z
2021-05-18,APH,45.86,45.86,42.74,45.06,2227200,KBS,2026-10-09T04:23:48Z
2021-05-19,APH,44.98,45.78,44.66,45.38,2301600,KBS,2026-10-09T04:23:48Z
2021-05-20,APH,45.38,47.54,44.98,47.22,2413300,KBS,2026-10-09T04:23:48Z
2021-05-21,APH,47.06,47.3,46.42,47.06,2362900,KBS,2026-10-09T04:23:48Z
2021-05-24,APH,46.98,49.22,46.66,49.22,3061200,KBS,2026-10-09T04:23:48Z
2021-05-25,APH,49.38,51.06,49.38,50.34,2717700,KBS,2026-10-09T04:23:48Z
2021-05-26,APH,50.18,51.3,49.14,50.74,2820100,KBS,2026-10-09T04:23:48Z
2021-05-27,APH,50.82,54.26,50.82,54.26,2867200,KBS,2026-10-09T04:23:48Z
2021-05-28,APH,54.42,56.82,54.42,56.42,3134900,KBS,2026-10-09T04:23:48Z
2021-05-31,APH,56.42,58.66,54.9,58.66,1032100,KBS,2026-10-09T04:23:48Z
2021-06-01,APH,58.74,59.06,54.66,54.66,805100,KBS,2026-10-09T04:23:48Z
2021-06-02,APH,54.02,54.26,50.9,50.9,470600,KBS,2026-10-09T04:23:48Z
2021-06-03,APH,50.74,50.9,47.38,49.94,1056000,KBS,2026-10-09T04:23:48Z
2021-06-04,APH,49.94,50.26,48.58,49.94,1116300,KBS,2026-10-09T04:23:48Z
2021-06-07,APH,49.94,49.94,48.82,49.62,1043500,KBS,2026-10-09T04:23:48Z
2021-06-08,APH,49.14,49.62,48.02,48.18,969200,KBS,2026-10-09T04:23:48Z
2021-06-09,APH,48.18,48.34,47.78,48.18,1117100,KBS,2026-10-09T04:23:48Z
2021-06-10,APH,48.18,50.82,48.18,50.42,1403500,KBS,2026-10-09T04:23:48Z
2021-06-11,APH,50.5,51.22,49.62,50.18,1098300,KBS,2026-10-09T04:23:48Z
2021-06-14,APH,51.3,51.3,49.94,50.18,1025200,KBS,2026-10-09T04:23:48Z
2021-06-15,APH,50.1,50.26,49.54,50.02,1216200,KBS,2026-10-09T04:23:48Z
2021-06-16,APH,50.1,50.66,48.82,50.02,1104700,KBS,2026-10-09T04:23:48Z
2021-06-17,APH,49.62,50.26,48.18,50.26,582900,KBS,2026-10-09T04:23:48Z
2021-06-18,APH,50.34,53.46,49.94,53.46,446200,KBS,2026-10-09T04:23:48Z
2021-06-21,APH,51.3,53.22,49.86,50.42,559500,KBS,2026-10-09T04:23:48Z
2021-06-22,APH,50.26,50.42,48.02,49.3,506900,KBS,2026-10-09T04:23:48Z
2021-06-23,APH,48.98,49.22,48.02,48.82,489000,KBS,2026-10-09T04:23:48Z
2021-06-24,APH,48.82,48.82,46.82,47.06,534300,KBS,2026-10-09T04:23:48Z
2021-06-25,APH,47.06,47.94,46.98,47.7,551900,KBS,2026-10-09T04:23:48Z
2021-06-28,APH,47.7,47.94,46.26,47.14,468000,KBS,2026-10-09T04:23:48Z
2021-06-29,APH,47.14,47.7,47.06,47.46,467300,KBS,2026-10-09T04:23:48Z
2021-06-30,APH,47.78,47.86,45.62,46.9,420500,KBS,2026-10-09T04:23:48Z
2021-07-01,APH,46.9,47.14,46.1,46.82,494900,KBS,2026-10-09T04:23:48Z
2021-07-02,APH,46.66,46.82,45.54,45.62,480800,KBS,2026-10-09T04:23:48Z
2021-07-05,APH,45.62,45.78,43.7,44.26,1512400,KBS,2026-10-09T04:23:48Z
2021-07-06,APH,44.26,45.06,44.1,44.18,1604500,KBS,2026-10-09T04:23:48Z
2021-07-07,APH,44.18,44.82,43.38,44.18,1540000,KBS,2026-10-09T04:23:48Z
2021-07-08,APH,44.18,45.62,44.18,45.22,1847200,KBS,2026-10-09T04:23:48Z
2021-07-09,APH,45.22,45.46,43.46,43.46,1395600,KBS,2026-10-09T04:23:48Z
2021-07-12,APH,43.46,43.94,40.41,40.41,4570400,KBS,2026-10-09T04:23:48Z
2021-07-13,APH,40.41,41.22,39.53,39.93,1186700,KBS,2026-10-09T04:23:48Z
2021-07-14,APH,39.93,40.01,38.89,40.01,1363700,KBS,2026-10-09T04:23:48Z
2021-07-15,APH,40.01,40.81,39.77,40.81,997600,KBS,2026-10-09T04:23:48Z
2021-07-16,APH,40.81,41.62,40.01,40.81,1115700,KBS,2026-10-09T04:23:48Z
2021-07-19,APH,40.09,40.49,38.09,38.33,1029700,KBS,2026-10-09T04:23:48Z
2021-07-20,APH,38.33,38.33,35.65,36.17,1105500,KBS,2026-10-09T04:23:48Z
2021-07-21,APH,36.25,36.97,35.85,36.41,953500,KBS,2026-10-09T04:23:48Z
2021-07-22,APH,36.41,37.13,36.33,36.97,871300,KBS,2026-10-09T04:23:48Z
2021-07-23,APH,36.97,37.13,35.53,36.33,801300,KBS,2026-10-09T04:23:48Z
2021-07-26,APH,35.77,36.57,34.81,35.13,903300,KBS,2026-10-09T04:23:48Z
2021-07-27,APH,35.21,35.61,34.81,35.45,760000,KBS,2026-10-09T04:23:48Z
2021-07-28,APH,35.53,35.53,34.97,35.53,829000,KBS,2026-10-09T04:23:48Z
2021-07-29,APH,35.53,36.41,35.21,36.33,975500,KBS,2026-10-09T04:23:48Z
2021-07-30,APH,36.49,36.73,36.33,36.61,1132400,KBS,2026-10-09T04:23:48Z
2021-08-02,APH,36.57,37.37,36.09,36.97,1069700,KBS,2026-10-09T04:23:48Z
2021-08-03,APH,36.65,36.81,35.37,36.17,805200,KBS,2026-10-09T04:23:48Z
2021-08-04,APH,36.25,36.73,35.61,36.41,1119300,KBS,2026-10-09T04:23:48Z
2021-08-05,APH,36.41,36.57,35.69,36.01,1478100,KBS,2026-10-09T04:23:48Z
2021-08-06,APH,36.17,37.61,35.81,37.53,2083700,KBS,2026-10-09T04:23:48Z
2021-08-09,APH,37.61,39.77,37.61,39.69,2140000,KBS,2026-10-09T04:23:48Z
2021-08-10,APH,40.01,40.33,38.41,39.05,2037400,KBS,2026-10-09T04:23:48Z
2021-08-11,APH,39.13,39.13,37.81,38.01,1896200,KBS,2026-10-09T04:23:48Z
2021-08-12,APH,38.01,38.17,36.65,36.65,1841500,KBS,2026-10-09T04:23:48Z
2021-08-13,APH,36.65,37.53,36.57,37.45,2654800,KBS,2026-10-09T04:23:48Z
2021-08-16,APH,37.53,39.13,37.53,39.05,2533300,KBS,2026-10-09T04:23:48Z
2021-08-17,APH,39.13,39.45,37.61,38.01,2503900,KBS,2026-10-09T04:23:48Z
2021-08-18,APH,38.01,38.33,37.53,37.77,3024300,KBS,2026-10-09T04:23:48Z
2021-08-19,APH,37.85,40.41,37.85,40.41,3460400,KBS,2026-10-09T04:23:48Z
2021-08-20,APH,40.57,42.26,40.01,41.22,4172400,KBS,2026-10-09T04:23:48Z
2021-08-23,APH,41.3,42.02,40.01,40.73,3521000,KBS,2026-10-09T04:23:48Z
2021-08-24,APH,40.73,41.3,38.41,39.13,3495800,KBS,2026-10-09T04:23:48Z
2021-08-25,APH,39.13,39.61,36.49,38.01,3732100,KBS,2026-10-09T04:23:48Z
2021-08-26,APH,38.09,38.49,37.13,37.61,3582200,KBS,2026-10-09T04:23:48Z
2021-08-27,APH,37.61,40.17,36.01,40.17,12003900,KBS,2026-10-09T04:23:48Z
2021-08-30,APH,40.25,42.98,40.25,42.98,10686800,KBS,2026-10-09T04:23:48Z
2021-08-31,APH,43.06,45.3,41.46,42.98,9221600,KBS,2026-10-09T04:23:48Z
2021-09-01,APH,42.02,42.98,40.89,42.42,5727500,KBS,2026-10-09T04:23:48Z
2021-09-06,APH,42.5,44.42,42.5,44.18,15550300,KBS,2026-10-09T04:23:48Z
2021-09-07,APH,43.94,43.94,41.14,41.14,5610400,KBS,2026-10-09T04:23:48Z
2021-09-08,APH,41.38,42.02,39.37,41.54,2517900,KBS,2026-10-09T04:23:48Z
2021-09-09,APH,41.46,41.54,40.33,40.97,1875000,KBS,2026-10-09T04:23:48Z
2021-09-10,APH,40.97,41.86,40.41,40.41,1783400,KBS,2026-10-09T04:23:48Z
2021-09-13,APH,40.41,40.49,38.01,40.01,5128300,KBS,2026-10-09T04:23:48Z
2021-09-14,APH,39.53,40.41,37.61,37.61,3072500,KBS,2026-10-09T04:23:48Z
2021-09-15,APH,37.85,38.73,37.69,38.41,1970100,KBS,2026-10-09T04:23:48Z
2021-09-16,APH,38.33,38.41,37.05,37.05,2266400,KBS,2026-10-09T04:23:48Z
2021-09-17,APH,37.21,37.77,34.57,34.57,3749100,KBS,2026-10-09T04:23:48Z
2021-09-20,APH,35.29,36.25,34.73,35.53,2882900,KBS,2026-10-09T04:23:48Z
2021-09-21,APH,35.21,36.81,34.89,35.69,2168100,KBS,2026-10-09T04:23:48Z
2021-09-22,APH,35.77,36.01,34.97,35.37,1720600,KBS,2026-10-09T04:23:48Z
2021-09-23,APH,35.45,35.93,35.21,35.53,2137000,KBS,2026-10-09T04:23:48Z
2021-09-24,APH,35.61,35.93,35.29,35.37,1856000,KBS,2026-10-09T04:23:48Z
2021-09-27,APH,35.45,35.77,33.45,33.61,2140700,KBS,2026-10-09T04:23:48Z
2021-09-28,APH,33.69,33.93,32.01,33.17,1667300,KBS,2026-10-09T04:23:48Z
2021-09-29,APH,33.13,33.13,32.05,32.49,1555500,KBS,2026-10-09T04:23:48Z
2021-09-30,APH,32.57,32.69,32.05,32.49,1210400,KBS,2026-10-09T04:23:48Z
2021-10-01,APH,32.49,32.57,32.05,32.25,1030300,KBS,2026-10-09T04:23:48Z
2021-10-04,APH,32.25,33.77,32.05,33.29,1585300,KBS,2026-10-09T04:23:48Z
2021-10-05,APH,33.29,34.41,33.29,33.97,1736800,KBS,2026-10-09T04:23:48Z
2021-10-06,APH,34.01,34.33,33.61,33.77,1705600,KBS,2026-10-09T04:23:48Z
2021-10-07,APH,33.77,33.77,32.61,32.97,1942800,KBS,2026-10-09T04:23:48Z
2021-10-08,APH,33.05,33.45,32.41,32.81,2182500,KBS,2026-10-09T04:23:48Z
2021-10-11,APH,32.89,33.09,32.09,32.97,1962300,KBS,2026-10-09T04:23:48Z
2021-10-12,APH,33.05,34.05,32.97,33.97,2944200,KBS,2026-10-09T04:23:48Z
2021-10-13,APH,34.01,34.01,32.89,33.45,1761800,KBS,2026-10-09T04:23:48Z
2021-10-14,APH,33.45,34.29,32.89,33.49,3204700,KBS,2026-10-09T04:23:48Z
2021-10-15,APH,33.57,34.01,33.25,33.61,2602400,KBS,2026-10-09T04:23:48Z
2021-10-18,APH,33.65,33.97,32.89,33.53,2626700,KBS,2026-10-09T04:23:48Z
2021-10-19,APH,33.49,33.49,32.81,33.13,1869100,KBS,2026-10-09T04:23:48Z
2021-10-20,APH,33.17,33.45,32.33,32.81,2715000,KBS,2026-10-09T04:23:48Z
2021-10-21,APH,32.85,33.01,32.09,32.45,2183800,KBS,2026-10-09T04:23:48Z
2021-10-22,APH,32.49,33.01,32.45,32.89,3069100,KBS,2026-10-09T04:23:48Z
2021-10-25,APH,33.01,33.97,33.01,33.77,3344500,KBS,2026-10-09T04:23:48Z
2021-10-26,APH,33.81,33.89,32.97,33.61,2187600,KBS,2026-10-09T04:23:48Z
2021-10-27,APH,33.65,33.97,33.05,33.61,3503400,KBS,2026-10-09T04:23:48Z
2021-10-28,APH,33.61,33.93,33.13,33.61,3143300,KBS,2026-10-09T04:23:48Z
2021-10-29,APH,33.65,33.81,33.33,33.61,2698800,KBS,2026-10-09T04:23:48Z
2021-11-01,APH,33.69,34.41,33.69,34.33,4953500,KBS,2026-10-09T04:23:48Z
2021-11-02,APH,34.49,35.53,34.45,35.13,4686700,KBS,2026-10-09T04:23:48Z
2021-11-03,APH,35.17,35.21,33.57,33.61,4220700,KBS,2026-10-09T04:23:48Z
2021-11-04,APH,33.61,33.69,32.85,33.13,3220400,KBS,2026-10-09T04:23:48Z
2021-11-05,APH,33.17,34.21,32.81,33.77,4388200,KBS,2026-10-09T04:23:48Z
2021-11-08,APH,33.73,34.37,33.41,33.85,3898800,KBS,2026-10-09T04:23:48Z
2021-11-09,APH,33.89,34.01,33.33,33.61,3708100,KBS,2026-10-09T04:23:48Z
2021-11-10,APH,33.61,35.41,33.21,34.81,6972400,KBS,2026-10-09T04:23:48Z
2021-11-11,APH,34.81,36.57,34.73,35.97,9080300,KBS,2026-10-09T04:23:48Z
2021-11-12,APH,36.01,36.61,35.61,36.33,13328000,KBS,2026-10-09T04:23:48Z
2021-11-15,APH,36.37,36.41,35.29,35.77,5213000,KBS,2026-10-09T04:23:48Z
2021-11-16,APH,35.69,35.69,34.33,34.65,5616900,KBS,2026-10-09T04:23:48Z
2021-11-17,APH,34.69,35.41,34.25,35.09,5198100,KBS,2026-10-09T04:23:48Z
2021-11-18,APH,35.13,35.45,34.57,34.93,5342700,KBS,2026-10-09T04:23:48Z
2021-11-19,APH,34.97,35.33,32.81,33.69,5259900,KBS,2026-10-09T04:23:48Z
2021-11-22,APH,33.93,33.93,32.45,32.49,4503500,KBS,2026-10-09T04:23:48Z
2021-11-23,APH,32.49,33.13,32.13,32.57,4017700,KBS,2026-10-09T04:23:48Z
2021-11-24,APH,32.61,33.09,32.53,32.77,3482100,KBS,2026-10-09T04:23:48Z
2021-11-25,APH,32.81,32.97,32.45,32.61,3173600,KBS,2026-10-09T04:23:48Z
2021-11-26,APH,32.69,32.97,32.25,32.37,3930300,KBS,2026-10-09T04:23:48Z
2021-11-29,APH,32.01,32.25,31.25,32.25,5119400,KBS,2026-10-09T04:23:48Z
2021-11-30,APH,32.33,32.65,31.21,31.77,4151700,KBS,2026-10-09T04:23:48Z
2021-12-01,APH,31.53,31.61,30.49,30.73,5062100,KBS,2026-10-09T04:23:48Z
2021-12-02,APH,30.81,31.13,30.73,30.97,3285800,KBS,2026-10-09T04:23:48Z
2021-12-03,APH,31.01,31.25,29.61,29.61,3948600,KBS,2026-10-09T04:23:48Z
2021-12-06,APH,29.29,29.61,27.57,27.57,5551600,KBS,2026-10-09T04:23:48Z
2021-12-07,APH,28.01,28.69,28.01,28.65,8172400,KBS,2026-10-09T04:23:48Z
2021-12-08,APH,28.81,29.45,28.81,29.09,7630200,KBS,2026-10-09T04:23:48Z
2021-12-09,APH,29.09,29.93,28.93,29.85,6062200,KBS,2026-10-09T04:23:48Z
2021-12-10,APH,29.93,30.25,29.21,29.45,5207100,KBS,2026-10-09T04:23:48Z
2021-12-13,APH,29.53,29.61,28.81,29.13,4980600,KBS,2026-10-09T04:23:48Z
2021-12-14,APH,29.17,29.21,28.29,28.73,4814300,KBS,2026-10-09T04:23:48Z
2021-12-15,APH,28.77,29.33,28.49,28.81,4213900,KBS,2026-10-09T04:23:48Z
2021-12-16,APH,28.85,29.05,28.21,28.45,3988300,KBS,2026-10-09T04:23:48Z
2021-12-17,APH,28.45,28.53,27.73,27.73,3930000,KBS,2026-10-09T04:23:48Z
2021-12-20,APH,27.81,27.81,26.73,27.05,3883400,KBS,2026-10-09T04:23:48Z
2021-12-21,APH,26.89,28.93,26.41,28.93,6615200,KBS,2026-10-09T04:23:48Z
2021-12-22,APH,29.17,30.93,29.17,30.01,9738600,KBS,2026-10-09T04:23:48Z
2021-12-23,APH,30.01,31.13,28.17,30.01,10287400,KBS,2026-10-09T04:23:48Z
2021-12-24,APH,30.09,30.13,28.49,29.37,6090800,KBS,2026-10-09T04:23:48Z
2021-12-27,APH,29.45,30.37,28.81,29.85,8918900,KBS,2026-10-09T04:23:48Z
2021-12-28,APH,30.01,31.05,30.01,30.73,10396800,KBS,2026-10-09T04:23:48Z
2021-12-29,APH,30.81,31.17,30.25,30.49,5429700,KBS,2026-10-09T04:23:48Z
2021-12-30,APH,30.53,30.81,29.89,29.93,4613400,KBS,2026-10-09T04:23:48Z
2021-12-31,APH,29.93,30.37,29.61,29.73,7051200,KBS,2026-10-09T04:23:48Z
2022-01-04,APH,29.85,30.41,29.61,30.13,5783200,KBS,2026-10-09T04:23:48Z
2022-01-05,APH,30.17,30.37,29.61,29.73,5911200,KBS,2026-10-09T04:23:48Z
2022-01-06,APH,29.73,30.29,29.21,29.81,7597500,KBS,2026-10-09T04:23:48Z
2022-01-07,APH,29.85,30.25,29.49,29.61,7119100,KBS,2026-10-09T04:23:48Z
2022-01-10,APH,29.65,29.69,28.77,28.77,7891200,KBS,2026-10-09T04:23:48Z
2022-01-11,APH,28.81,29.05,27.37,27.61,6452500,KBS,2026-10-09T04:23:48Z
2022-01-12,APH,27.65,28.21,26.33,27.77,6985200,KBS,2026-10-09T04:23:48Z
2022-01-13,APH,27.81,28.13,26.81,27.17,5400500,KBS,2026-10-09T04:23:48Z
2022-01-14,APH,26.77,27.41,26.05,27.17,5890900,KBS,2026-10-09T04:23:48Z
2022-01-17,APH,27.25,27.89,26.33,26.45,7470500,KBS,2026-10-09T04:23:48Z
2022-01-18,APH,26.45,26.77,25.49,26.01,5319100,KBS,2026-10-09T04:23:48Z
2022-01-19,APH,26.05,26.33,25.21,25.61,4366800,KBS,2026-10-09T04:23:48Z
2022-01-20,APH,25.61,25.69,24.81,25.29,5435000,KBS,2026-10-09T04:23:48Z
2022-01-21,APH,25.49,25.89,25.21,25.61,4553300,KBS,2026-10-09T04:23:48Z
2022-01-24,APH,25.57,25.57,24.53,24.73,5049400,KBS,2026-10-09T04:23:48Z
2022-01-25,APH,24.57,24.85,23.85,24.77,5095000,KBS,2026-10-09T04:23:48Z
2022-01-26,APH,24.73,25.53,24.13,25.29,5231400,KBS,2026-10-09T04:23:48Z
2022-01-27,APH,25.33,25.41,24.57,24.81,4211900,KBS,2026-10-09T04:23:48Z
2022-01-28,APH,24.81,25.09,24.33,24.97,5078100,KBS,2026-10-09T04:23:48Z
2022-02-07,APH,25.25,25.97,24.97,25.85,4208000,KBS,2026-10-09T04:23:48Z
2022-02-08,APH,25.85,26.65,25.53,26.49,4799800,KBS,2026-10-09T04:23:48Z
2022-02-09,APH,26.57,27.53,26.57,27.45,6865200,KBS,2026-10-09T04:23:48Z
2022-02-10,APH,28.3,29.35,28.2,29.35,1902900,KBS,2026-10-09T04:23:48Z
2022-02-11,APH,29.95,30.95,28.75,29.5,7896500,KBS,2026-10-09T04:23:48Z
2022-02-14,APH,29.05,29.25,28.2,28.2,6009900,KBS,2026-10-09T04:23:48Z
2022-02-15,APH,28.0,28.7,27.6,28.55,6354600,KBS,2026-10-09T04:23:48Z
2022-02-16,APH,28.85,29.35,28.55,28.6,5307000,KBS,2026-10-09T04:23:48Z
2022-02-17,APH,28.65,29.2,28.2,28.8,3976500,KBS,2026-10-09T04:23:48Z
2022-02-18,APH,28.6,28.6,28.2,28.6,3999100,KBS,2026-10-09T04:23:48Z
2022-02-21,APH,28.7,28.95,28.3,28.6,5108800,KBS,2026-10-09T04:23:48Z
2022-02-22,APH,28.0,28.45,27.6,28.15,5614900,KBS,2026-10-09T04:23:48Z
2022-02-23,APH,28.3,28.7,27.75,28.1,5243800,KBS,2026-10-09T04:23:48Z
2022-02-24,APH,27.8,28.1,26.2,26.8,5414000,KBS,2026-10-09T04:23:48Z
2022-02-25,APH,27.15,27.4,26.8,26.9,5066400,KBS,2026-10-09T04:23:48Z
2022-02-28,APH,26.95,26.95,26.15,26.25,4769600,KBS,2026-10-09T04:23:48Z
2022-03-01,APH,26.2,27.25,26.2,27.0,4208400,KBS,2026-10-09T04:23:48Z
2022-03-02,APH,27.1,27.1,26.45,26.8,4364500,KBS,2026-10-09T04:23:48Z
2022-03-03,APH,26.9,27.15,26.55,27.1,4106700,KBS,2026-10-09T04:23:48Z
2022-03-04,APH,27.3,27.3,26.7,26.75,4894300,KBS,2026-10-09T04:23:48Z
2022-03-07,APH,26.7,26.7,26.1,26.35,4564500,KBS,2026-10-09T04:23:48Z
2022-03-08,APH,26.2,26.7,26.05,26.25,3526500,KBS,2026-10-09T04:23:48Z
2022-03-09,APH,26.25,26.5,25.5,25.95,4826600,KBS,2026-10-09T04:23:48Z
2022-03-10,APH,26.2,26.25,25.7,25.7,3480300,KBS,2026-10-09T04:23:48Z
2022-03-11,APH,25.6,25.75,25.15,25.25,4605400,KBS,2026-10-09T04:23:48Z
2022-03-14,APH,25.25,25.45,24.75,24.8,3488000,KBS,2026-10-09T04:23:48Z
2022-03-15,APH,24.85,25.2,24.7,24.9,2852200,KBS,2026-10-09T04:23:48Z
2022-03-16,APH,25.0,26.6,25.0,26.6,12176000,KBS,2026-10-09T04:23:48Z
2022-03-17,APH,27.0,27.65,26.6,26.7,5990300,KBS,2026-10-09T04:23:48Z
2022-03-18,APH,26.7,26.95,25.8,25.8,4573100,KBS,2026-10-09T04:23:48Z
2022-03-21,APH,26.0,26.45,25.4,26.1,6263600,KBS,2026-10-09T04:23:48Z
2022-03-22,APH,26.15,26.5,26.0,26.3,5958500,KBS,2026-10-09T04:23:48Z
2022-03-23,APH,26.5,27.7,26.4,26.9,11552100,KBS,2026-10-09T04:23:48Z
2022-03-24,APH,27.0,28.75,27.0,28.75,14757800,KBS,2026-10-09T04:23:48Z
2022-03-25,APH,29.2,30.2,28.55,30.1,13332600,KBS,2026-10-09T04:23:48Z
2022-03-28,APH,29.05,30.0,28.4,29.3,8611800,KBS,2026-10-09T04:23:48Z
2022-03-29,APH,29.3,30.9,29.25,30.5,9274500,KBS,2026-10-09T04:23:48Z
2022-03-30,APH,29.9,30.3,28.4,28.6,10187300,KBS,2026-10-09T04:23:48Z
2022-03-31,APH,28.75,29.25,27.8,27.8,9035600,KBS,2026-10-09T04:23:48Z
2022-04-01,APH,27.6,29.0,26.9,29.0,8525500,KBS,2026-10-09T04:23:48Z
2022-04-04,APH,29.2,29.5,28.4,28.7,6903400,KBS,2026-10-09T04:23:48Z
2022-04-05,APH,28.7,28.7,28.0,28.15,5723200,KBS,2026-10-09T04:23:48Z
2022-04-06,APH,28.0,28.45,27.5,27.7,7090000,KBS,2026-10-09T04:23:48Z
2022-04-07,APH,27.75,28.1,26.25,26.25,8234900,KBS,2026-10-09T04:23:48Z
2022-04-08,APH,26.5,26.9,25.85,26.65,6785200,KBS,2026-10-09T04:23:48Z
2022-04-12,APH,27.0,27.25,25.6,25.6,7064500,KBS,2026-10-09T04:23:48Z
2022-04-13,APH,25.75,26.15,25.0,26.15,6950400,KBS,2026-10-09T04:23:48Z
2022-04-14,APH,26.2,26.55,25.7,25.75,4935100,KBS,2026-10-09T04:23:48Z
2022-04-15,APH,25.8,25.8,24.9,24.9,6781100,KBS,2026-10-09T04:23:48Z
2022-04-18,APH,24.9,24.9,23.2,23.2,6496800,KBS,2026-10-09T04:23:48Z
2022-04-19,APH,23.0,23.4,21.6,21.6,8652500,KBS,2026-10-09T04:23:48Z
2022-04-20,APH,21.0,21.65,20.1,20.1,7036900,KBS,2026-10-09T04:23:48Z
2022-04-21,APH,18.9,19.5,18.7,18.7,4143500,KBS,2026-10-09T04:23:48Z
2022-04-22,APH,18.0,20.0,18.0,19.25,7739300,KBS,2026-10-09T04:23:48Z
2022-04-25,APH,19.3,19.45,17.95,17.95,3568400,KBS,2026-10-09T04:23:48Z
2022-04-26,APH,17.35,18.3,16.7,18.3,6017300,KBS,2026-10-09T04:23:48Z
2022-04-27,APH,18.2,18.7,17.35,18.55,5274300,KBS,2026-10-09T04:23:48Z
2022-04-28,APH,18.55,19.25,18.15,18.4,4455900,KBS,2026-10-09T04:23:48Z
2022-04-29,APH,18.5,19.4,18.45,18.95,5902000,KBS,2026-10-09T04:23:48Z
2022-05-04,APH,19.0,19.3,18.55,18.65,3765000,KBS,2026-10-09T04:23:48Z
2022-05-05,APH,18.8,19.2,17.95,18.2,4423600,KBS,2026-10-09T04:23:48Z
2022-05-06,APH,17.75,18.0,16.95,16.95,3408100,KBS,2026-10-09T04:23:48Z
2022-05-09,APH,16.85,16.85,15.8,15.8,2560400,KBS,2026-10-09T04:23:48Z
2022-05-10,APH,14.8,16.0,14.75,16.0,4033000,KBS,2026-10-09T04:23:48Z
2022-05-11,APH,16.1,16.5,15.85,16.15,3418900,KBS,2026-10-09T04:23:48Z
2022-05-12,APH,16.15,16.3,15.05,15.05,2758300,KBS,2026-10-09T04:23:48Z
2022-05-13,APH,15.0,15.3,14.0,14.0,4352400,KBS,2026-10-09T04:23:48Z
2022-05-16,APH,14.4,14.7,13.05,13.05,4257800,KBS,2026-10-09T04:23:48Z
2022-05-17,APH,13.05,13.95,12.95,13.95,5807500,KBS,2026-10-09T04:23:48Z
2022-05-18,APH,14.3,14.65,14.0,14.4,3246500,KBS,2026-10-09T04:23:48Z
2022-05-19,APH,13.7,14.45,13.7,14.2,3216700,KBS,2026-10-09T04:23:48Z
2022-05-20,APH,14.25,14.6,14.1,14.4,2444900,KBS,2026-10-09T04:23:48Z
2022-05-23,APH,14.6,14.85,14.0,14.4,2068400,KBS,2026-10-09T04:23:48Z
2022-05-24,APH,14.4,14.5,13.7,14.4,2007400,KBS,2026-10-09T04:23:48Z
2022-05-25,APH,14.45,15.4,14.3,15.4,3700800,KBS,2026-10-09T04:23:48Z
2022-05-26,APH,16.0,16.45,15.9,16.45,4773500,KBS,2026-10-09T04:23:48Z
2022-05-27,APH,16.6,17.05,16.2,16.45,3225600,KBS,2026-10-09T04:23:48Z
2022-05-30,APH,16.45,16.6,16.05,16.35,4203200,KBS,2026-10-09T04:23:48Z
2022-05-31,APH,16.3,16.4,15.9,15.9,5049700,KBS,2026-10-09T04:23:48Z
2022-06-01,APH,16.0,16.35,15.9,16.2,2137000,KBS,2026-10-09T04:23:48Z
2022-06-02,APH,16.3,16.3,15.7,15.75,1988600,KBS,2026-10-09T04:23:48Z
2022-06-03,APH,15.75,15.9,15.45,15.45,2747700,KBS,2026-10-09T04:23:48Z
2022-06-06,APH,15.45,15.5,14.5,14.5,3514300,KBS,2026-10-09T04:23:48Z
2022-06-07,APH,14.5,14.8,14.15,14.75,2296600,KBS,2026-10-09T04:23:48Z
2022-06-08,APH,14.75,15.25,14.7,15.2,2300900,KBS,2026-10-09T04:23:48Z
2022-06-09,APH,15.2,16.1,14.95,15.75,2898200,KBS,2026-10-09T04:23:48Z
2022-06-10,APH,15.5,15.6,14.9,15.0,1921500,KBS,2026-10-09T04:23:48Z
2022-06-13,APH,14.3,14.7,13.95,13.95,2325600,KBS,2026-10-09T04:23:48Z
2022-06-14,APH,13.5,14.15,13.35,13.35,3170800,KBS,2026-10-09T04:23:48Z
2022-06-15,APH,13.45,13.6,12.45,12.45,2066600,KBS,2026-10-09T04:23:48Z
2022-06-16,APH,12.75,13.0,12.4,12.45,1707000,KBS,2026-10-09T04:23:48Z
2022-06-17,APH,12.35,12.35,11.6,11.65,4699600,KBS,2026-10-09T04:23:48Z
2022-06-20,APH,11.8,12.2,10.85,10.85,2731500,KBS,2026-10-09T04:23:48Z
2022-06-21,APH,10.9,11.2,10.2,10.7,2001000,KBS,2026-10-09T04:23:48Z
2022-06-22,APH,10.9,11.4,10.8,11.4,1788300,KBS,2026-10-09T04:23:48Z
2022-06-23,APH,11.6,11.9,11.45,11.65,1090600,KBS,2026-10-09T04:23:48Z
2022-06-24,APH,11.75,12.45,11.7,12.2,2233600,KBS,2026-10-09T04:23:48Z
2022-06-27,APH,12.2,12.5,11.9,12.45,1956100,KBS,2026-10-09T04:23:48Z
2022-06-28,APH,12.4,13.0,12.3,12.8,2895700,KBS,2026-10-09T04:23:48Z
2022-06-29,APH,12.6,13.1,12.4,12.8,2123800,KBS,2026-10-09T04:23:48Z
2022-06-30,APH,12.8,12.9,12.0,12.0,3206100,KBS,2026-10-09T04:23:48Z
2022-07-01,APH,11.8,12.2,11.3,12.2,2149300,KBS,2026-10-09T04:23:48Z
2022-07-04,APH,12.3,12.5,12.15,12.35,1450200,KBS,2026-10-09T04:23:48Z
2022-07-05,APH,12.35,12.55,11.85,12.2,1454900,KBS,2026-10-09T04:23:48Z
2022-07-06,APH,12.0,12.1,11.4,11.5,1600100,KBS,2026-10-09T04:23:48Z
2022-07-07,APH,11.5,11.75,11.3,11.6,1728300,KBS,2026-10-09T04:23:48Z
2022-07-08,APH,11.8,12.2,11.75,12.05,2517000,KBS,2026-10-09T04:23:48Z
2022-07-11,APH,12.25,12.8,12.1,12.6,2832900,KBS,2026-10-09T04:23:48Z
2022-07-12,APH,12.65,13.2,12.5,13.05,3759100,KBS,2026-10-09T04:23:48Z
2022-07-13,APH,13.05,13.15,12.85,12.85,1982000,KBS,2026-10-09T04:23:48Z
2022-07-14,APH,12.8,13.1,12.55,12.95,1937900,KBS,2026-10-09T04:23:48Z
2022-07-15,APH,13.0,13.6,12.95,13.4,6504200,KBS,2026-10-09T04:23:48Z
2022-07-18,APH,13.5,13.65,13.1,13.3,1973100,KBS,2026-10-09T04:23:48Z
2022-07-19,APH,13.25,13.3,12.7,13.1,2036800,KBS,2026-10-09T04:23:48Z
2022-07-20,APH,13.3,13.55,13.1,13.4,2294700,KBS,2026-10-09T04:23:48Z
2022-07-21,APH,13.4,13.55,13.0,13.05,2110100,KBS,2026-10-09T04:23:48Z
2022-07-22,APH,13.1,13.65,13.05,13.15,4121900,KBS,2026-10-09T04:23:48Z
2022-07-25,APH,13.2,13.25,12.9,13.1,1682300,KBS,2026-10-09T04:23:48Z
2022-07-26,APH,13.1,13.15,12.75,12.75,1614900,KBS,2026-10-09T04:23:48Z
2022-07-27,APH,12.5,12.6,12.25,12.6,2523700,KBS,2026-10-09T04:23:48Z
2022-07-28,APH,12.75,13.15,12.7,13.0,2892800,KBS,2026-10-09T04:23:48Z
2022-07-29,APH,13.1,13.15,12.9,13.0,1621600,KBS,2026-10-09T04:23:48Z
2022-08-01,APH,13.05,13.5,12.95,13.5,3320700,KBS,2026-10-09T04:23:48Z
2022-08-02,APH,13.6,14.2,13.6,13.95,4969500,KBS,2026-10-09T04:23:48Z
2022-08-03,APH,13.95,13.95,13.65,13.95,2838400,KBS,2026-10-09T04:23:48Z
2022-08-04,APH,14.15,14.25,13.75,13.85,3197000,KBS,2026-10-09T04:23:48Z
2022-08-05,APH,13.8,13.95,13.6,13.9,2102200,KBS,2026-10-09T04:23:48Z
2022-08-08,APH,14.0,14.55,13.9,14.55,4288000,KBS,2026-10-09T04:23:48Z
2022-08-09,APH,14.65,14.65,14.3,14.4,2943800,KBS,2026-10-09T04:23:48Z
2022-08-10,APH,14.4,14.8,14.3,14.6,3352400,KBS,2026-10-09T04:23:48Z
2022-08-11,APH,14.6,14.8,14.0,14.0,4827700,KBS,2026-10-09T04:23:48Z
2022-08-12,APH,13.9,14.1,13.8,14.1,2326900,KBS,2026-10-09T04:23:48Z
2022-08-15,APH,14.15,14.2,14.0,14.1,1716600,KBS,2026-10-09T04:23:48Z
2022-08-16,APH,14.1,14.4,13.9,14.0,2357600,KBS,2026-10-09T04:23:48Z
2022-08-17,APH,14.0,14.1,13.75,14.0,2139900,KBS,2026-10-09T04:23:48Z
2022-08-18,APH,13.85,13.9,13.6,13.8,1707000,KBS,2026-10-09T04:23:48Z
2022-08-19,APH,13.85,13.85,13.3,13.4,2467200,KBS,2026-10-09T04:23:48Z
2022-08-22,APH,13.35,13.5,12.9,13.25,2859000,KBS,2026-10-09T04:23:48Z
2022-08-23,APH,13.15,13.45,13.1,13.45,2009700,KBS,2026-10-09T04:23:48Z
2022-08-24,APH,13.55,13.8,13.45,13.55,1419000,KBS,2026-10-09T04:23:48Z
2022-08-25,APH,13.55,13.65,13.45,13.55,1672900,KBS,2026-10-09T04:23:48Z
2022-08-26,APH,13.55,13.8,13.4,13.6,2574800,KBS,2026-10-09T04:23:48Z
2022-08-29,APH,13.3,13.3,12.8,13.3,2545500,KBS,2026-10-09T04:23:48Z
2022-08-30,APH,13.4,13.5,12.9,13.15,3348600,KBS,2026-10-09T04:23:48Z
2022-08-31,APH,13.0,13.2,12.85,13.15,2277400,KBS,2026-10-09T04:23:48Z
2022-09-05,APH,13.15,13.25,12.9,13.15,1073600,KBS,2026-10-09T04:23:48Z
2022-09-06,APH,13.15,13.2,12.85,12.85,1707700,KBS,2026-10-09T04:23:48Z
2022-09-07,APH,12.85,12.95,12.2,12.2,2623100,KBS,2026-10-09T04:23:48Z
2022-09-08,APH,12.45,12.5,12.05,12.35,1935900,KBS,2026-10-09T04:23:48Z
2022-09-09,APH,12.4,12.5,11.8,12.2,2254500,KBS,2026-10-09T04:23:48Z
2022-09-12,APH,12.2,12.45,12.05,12.15,1580500,KBS,2026-10-09T04:23:48Z
2022-09-13,APH,12.15,12.35,12.05,12.35,1497200,KBS,2026-10-09T04:23:48Z
2022-09-14,APH,12.05,12.3,11.6,12.25,1644600,KBS,2026-10-09T04:23:48Z
2022-09-15,APH,12.3,12.4,12.05,12.15,1139700,KBS,2026-10-09T04:23:48Z
2022-09-16,APH,12.15,12.15,11.5,11.5,2766700,KBS,2026-10-09T04:23:48Z
2022-09-19,APH,11.7,11.8,11.1,11.2,2219700,KBS,2026-10-09T04:23:48Z
2022-09-20,APH,11.3,11.5,11.05,11.5,1786300,KBS,2026-10-09T04:23:48Z
2022-09-21,APH,11.2,11.45,11.2,11.35,1049600,KBS,2026-10-09T04:23:48Z
2022-09-22,APH,11.2,11.7,11.15,11.6,1635000,KBS,2026-10-09T04:23:48Z
2022-09-23,APH,11.6,11.7,11.35,11.35,1260500,KBS,2026-10-09T04:23:48Z
2022-09-26,APH,11.2,11.25,10.75,11.0,2043800,KBS,2026-10-09T04:23:48Z
2022-09-27,APH,11.0,11.15,10.9,11.1,1349400,KBS,2026-10-09T04:23:48Z
2022-09-28,APH,11.0,11.15,10.85,10.85,1047800,KBS,2026-10-09T04:23:48Z
2022-09-29,APH,11.1,11.15,10.75,10.85,1311700,KBS,2026-10-09T04:23:48Z
2022-09-30,APH,10.8,10.95,10.2,10.85,2156300,KBS,2026-10-09T04:23:48Z
2022-10-03,APH,10.9,10.9,10.1,10.1,1063400,KBS,2026-10-09T04:23:48Z
2022-10-04,APH,10.3,10.5,10.0,10.1,1835300,KBS,2026-10-09T04:23:48Z
2022-10-05,APH,10.3,10.55,10.25,10.4,1550200,KBS,2026-10-09T04:23:48Z
2022-10-06,APH,10.4,10.45,9.75,9.8,1457000,KBS,2026-10-09T04:23:48Z
2022-10-07,APH,9.69,9.69,9.12,9.12,1659100,KBS,2026-10-09T04:23:48Z
2022-10-10,APH,8.95,9.28,8.8,9.25,3768200,KBS,2026-10-09T04:23:48Z
2022-10-11,APH,9.25,9.3,8.61,8.61,1425000,KBS,2026-10-09T04:23:48Z
2022-10-12,APH,8.61,9.19,8.61,9.0,2550100,KBS,2026-10-09T04:23:48Z
2022-10-13,APH,9.0,9.07,8.8,9.04,1908300,KBS,2026-10-09T04:23:48Z
2022-10-14,APH,9.1,9.5,9.1,9.28,2294400,KBS,2026-10-09T04:23:48Z
2022-10-17,APH,9.27,9.27,8.9,9.17,1044400,KBS,2026-10-09T04:23:48Z
2022-10-18,APH,9.2,9.42,9.18,9.26,1686800,KBS,2026-10-09T04:23:48Z
2022-10-19,APH,9.28,9.33,9.12,9.3,1463900,KBS,2026-10-09T04:23:48Z
2022-10-20,APH,9.29,9.29,9.1,9.13,554100,KBS,2026-10-09T04:23:48Z
2022-10-21,APH,9.14,9.16,8.5,8.53,1237100,KBS,2026-10-09T04:23:48Z
2022-10-24,APH,8.57,8.61,7.94,7.97,1257000,KBS,2026-10-09T04:23:48Z
2022-10-25,APH,7.98,8.1,7.42,8.0,2633200,KBS,2026-10-09T04:23:48Z
2022-10-26,APH,8.03,8.09,7.5,7.8,772200,KBS,2026-10-09T04:23:48Z
2022-10-27,APH,7.83,8.2,7.82,8.11,1157500,KBS,2026-10-09T04:23:48Z
2022-10-28,APH,8.16,8.5,8.16,8.41,2480300,KBS,2026-10-09T04:23:48Z
2022-10-31,APH,8.39,8.48,8.11,8.29,990200,KBS,2026-10-09T04:23:48Z
2022-11-01,APH,8.31,8.49,8.26,8.44,2022500,KBS,2026-10-09T04:23:48Z
2022-11-02,APH,8.45,8.54,8.33,8.44,1413800,KBS,2026-10-09T04:23:48Z
2022-11-03,APH,8.05,8.4,8.05,8.2,1544300,KBS,2026-10-09T04:23:48Z
2022-11-04,APH,8.07,8.2,7.63,7.81,2072600,KBS,2026-10-09T04:23:48Z
2022-11-07,APH,7.87,8.0,7.27,7.27,1339400,KBS,2026-10-09T04:23:48Z
2022-11-08,APH,7.2,7.35,7.0,7.23,1151900,KBS,2026-10-09T04:23:48Z
2022-11-09,APH,7.26,7.42,7.2,7.28,975800,KBS,2026-10-09T04:23:48Z
2022-11-10,APH,7.26,7.26,6.78,6.78,662600,KBS,2026-10-09T04:23:48Z
2022-11-11,APH,6.87,6.92,6.31,6.4,1341000,KBS,2026-10-09T04:23:48Z
2022-11-14,APH,6.3,6.3,5.96,5.96,1328100,KBS,2026-10-09T04:23:48Z
2022-11-15,APH,5.61,5.96,5.55,5.55,744100,KBS,2026-10-09T04:23:48Z
2022-11-16,APH,5.17,5.93,5.17,5.93,2709900,KBS,2026-10-09T04:23:48Z
2022-11-17,APH,6.0,6.34,6.0,6.34,2211600,KBS,2026-10-09T04:23:48Z
2022-11-18,APH,6.38,6.78,6.01,6.78,4175900,KBS,2026-10-09T04:23:48Z
2022-11-21,APH,6.8,7.25,6.8,7.25,2886200,KBS,2026-10-09T04:23:48Z
2022-11-22,APH,7.3,7.4,7.05,7.2,2808800,KBS,2026-10-09T04:23:48Z
2022-11-23,APH,7.2,7.4,6.85,7.02,1734600,KBS,2026-10-09T04:23:48Z
2022-11-24,APH,7.02,7.25,6.85,7.25,2415400,KBS,2026-10-09T04:23:48Z
2022-11-25,APH,7.28,7.55,7.25,7.55,3062900,KBS,2026-10-09T04:23:48Z
2022-11-28,APH,7.7,8.07,7.7,8.0,3285700,KBS,2026-10-09T04:23:48Z
2022-11-29,APH,8.0,8.48,7.66,7.94,3063900,KBS,2026-10-09T04:23:48Z
2022-11-30,APH,7.95,8.0,7.69,8.0,3528800,KBS,2026-10-09T04:23:48Z
2022-12-01,APH,8.2,8.56,8.1,8.39,5299700,KBS,2026-10-09T04:23:48Z
2022-12-02,APH,8.4,8.5,8.08,8.45,4063400,KBS,2026-10-09T04:23:48Z
2022-12-05,APH,8.62,8.8,8.38,8.59,3413000,KBS,2026-10-09T04:23:48Z
2022-12-06,APH,8.59,8.6,7.99,7.99,4164800,KBS,2026-10-09T04:23:48Z
2022-12-07,APH,7.97,8.08,7.52,7.8,2586800,KBS,2026-10-09T04:23:48Z
2022-12-08,APH,7.85,8.34,7.81,7.95,3358900,KBS,2026-10-09T04:23:48Z
2022-12-09,APH,7.99,8.05,7.7,7.8,1425500,KBS,2026-10-09T04:23:48Z
2022-12-12,APH,7.95,8.03,7.79,7.84,2185600,KBS,2026-10-09T04:23:48Z
2022-12-13,APH,7.85,8.0,7.65,8.0,3085800,KBS,2026-10-09T04:23:48Z
2022-12-14,APH,8.15,8.39,8.08,8.19,3180900,KBS,2026-10-09T04:23:48Z
2022-12-15,APH,8.2,8.35,7.97,8.0,2160800,KBS,2026-10-09T04:23:48Z
2022-12-16,APH,7.9,8.05,7.79,7.83,3169300,KBS,2026-10-09T04:23:48Z
2022-12-19,APH,7.81,8.02,7.72,7.84,2485600,KBS,2026-10-09T04:23:48Z
2022-12-20,APH,7.8,7.84,7.3,7.35,4126600,KBS,2026-10-09T04:23:48Z
2022-12-21,APH,7.37,7.48,7.0,7.29,1746800,KBS,2026-10-09T04:23:48Z
2022-12-22,APH,7.33,7.59,7.03,7.42,1309000,KBS,2026-10-09T04:23:48Z
2022-12-23,APH,7.38,7.42,7.18,7.33,1019500,KBS,2026-10-09T04:23:48Z
2022-12-26,APH,7.29,7.5,6.9,6.9,948000,KBS,2026-10-09T04:23:48Z
2022-12-27,APH,6.89,7.1,6.88,7.04,797200,KBS,2026-10-09T04:23:48Z
2022-12-28,APH,7.04,7.14,6.95,7.08,852800,KBS,2026-10-09T04:23:48Z
2022-12-29,APH,7.09,7.14,6.99,7.04,815600,KBS,2026-10-09T04:23:48Z
2022-12-30,APH,7.1,7.14,6.99,7.05,933400,KBS,2026-10-09T04:23:48Z
2023-01-03,APH,7.08,7.36,7.06,7.3,1318300,KBS,2026-10-09T04:23:48Z
2023-01-04,APH,7.38,7.49,7.25,7.25,1390800,KBS,2026-10-09T04:23:48Z
2023-01-05,APH,7.27,7.34,7.18,7.27,1201500,KBS,2026-10-09T04:23:48Z
2023-01-06,APH,7.28,7.32,7.05,7.05,1440700,KBS,2026-10-09T04:23:48Z
2023-01-09,APH,7.19,7.25,7.02,7.07,1106200,KBS,2026-10-09T04:23:48Z
2023-01-10,APH,7.12,7.12,6.97,7.04,1137800,KBS,2026-10-09T04:23:48Z
2023-01-11,APH,7.07,7.14,7.05,7.06,991700,KBS,2026-10-09T04:23:48Z
2023-01-12,APH,7.1,7.2,7.03,7.09,887500,KBS,2026-10-09T04:23:48Z
2023-01-13,APH,7.11,7.29,7.03,7.1,1650100,KBS,2026-10-09T04:23:48Z
2023-01-16,APH,7.12,7.14,7.01,7.03,1032600,KBS,2026-10-09T04:23:48Z
2023-01-17,APH,7.1,7.23,7.04,7.23,2057100,KBS,2026-10-09T04:23:48Z
2023-01-18,APH,7.23,7.37,7.2,7.34,1332900,KBS,2026-10-09T04:23:48Z
2023-01-19,APH,7.36,7.44,7.25,7.36,1515700,KBS,2026-10-09T04:23:48Z
2023-01-27,APH,7.52,7.59,7.4,7.44,1968900,KBS,2026-10-09T04:23:48Z
2023-01-30,APH,7.54,7.96,7.45,7.96,3276200,KBS,2026-10-09T04:23:48Z
2023-01-31,APH,7.96,8.05,7.62,7.75,2133100,KBS,2026-10-09T04:23:48Z
2023-02-01,APH,7.8,8.2,7.7,7.79,3384600,KBS,2026-10-09T04:23:48Z
2023-02-02,APH,7.8,7.95,7.5,7.55,1779700,KBS,2026-10-09T04:23:48Z
2023-02-03,APH,7.6,7.7,7.42,7.5,903000,KBS,2026-10-09T04:23:48Z
2023-02-06,APH,7.5,7.5,7.32,7.5,973300,KBS,2026-10-09T04:23:48Z
2023-02-07,APH,7.5,7.55,7.2,7.25,823700,KBS,2026-10-09T04:23:48Z
2023-02-08,APH,7.26,7.28,7.11,7.22,662500,KBS,2026-10-09T04:23:48Z
2023-02-09,APH,7.22,7.43,7.2,7.37,867300,KBS,2026-10-09T04:23:48Z
2023-02-10,APH,7.36,7.42,7.26,7.28,800400,KBS,2026-10-09T04:23:48Z
2023-02-13,APH,7.28,7.28,6.85,6.86,786200,KBS,2026-10-09T04:23:48Z
2023-02-14,APH,6.83,6.97,6.83,6.95,386600,KBS,2026-10-09T04:23:48Z
2023-02-15,APH,6.99,7.1,6.85,7.04,557700,KBS,2026-10-09T04:23:48Z
2023-02-16,APH,7.05,7.18,7.0,7.05,584000,KBS,2026-10-09T04:23:48Z
2023-02-17,APH,7.05,7.2,7.03,7.07,481300,KBS,2026-10-09T04:23:48Z
2023-02-20,APH,7.18,7.49,7.1,7.49,1264600,KBS,2026-10-09T04:23:48Z
2023-02-21,APH,7.51,7.65,7.42,7.46,1594800,KBS,2026-10-09T04:23:48Z
2023-02-22,APH,7.4,7.7,7.25,7.4,2071200,KBS,2026-10-09T04:23:48Z
2023-02-23,APH,7.4,7.41,7.17,7.38,826400,KBS,2026-10-09T04:23:48Z
2023-02-24,APH,7.38,7.51,7.15,7.2,1025300,KBS,2026-10-09T04:23:48Z
2023-02-27,APH,7.23,7.23,6.9,6.97,730500,KBS,2026-10-09T04:23:48Z
2023-02-28,APH,7.0,7.13,6.94,6.94,548100,KBS,2026-10-09T04:23:48Z
2023-03-01,APH,6.94,7.06,6.57,7.06,676400,KBS,2026-10-09T04:23:48Z
2023-03-02,APH,7.07,7.19,7.05,7.12,335100,KBS,2026-10-09T04:23:48Z
2023-03-03,APH,7.12,7.2,7.05,7.13,604100,KBS,2026-10-09T04:23:48Z
2023-03-06,APH,7.15,7.26,7.13,7.19,500300,KBS,2026-10-09T04:23:48Z
2023-03-07,APH,7.19,7.25,7.18,7.23,309600,KBS,2026-10-09T04:23:48Z
2023-03-08,APH,7.2,7.25,6.74,7.25,668000,KBS,2026-10-09T04:23:48Z
2023-03-09,APH,7.34,7.34,7.23,7.27,402400,KBS,2026-10-09T04:23:48Z
2023-03-10,APH,7.25,7.6,7.11,7.43,1609300,KBS,2026-10-09T04:23:48Z
2023-03-13,APH,7.3,7.36,7.25,7.3,733700,KBS,2026-10-09T04:23:48Z
2023-03-14,APH,7.31,7.35,7.06,7.07,959900,KBS,2026-10-09T04:23:48Z
2023-03-15,APH,7.12,7.34,7.12,7.33,473100,KBS,2026-10-09T04:23:48Z
2023-03-16,APH,7.25,7.3,7.16,7.3,286400,KBS,2026-10-09T04:23:48Z
2023-03-17,APH,7.32,7.33,7.2,7.29,299300,KBS,2026-10-09T04:23:48Z
2023-03-20,APH,7.25,7.28,7.05,7.09,386300,KBS,2026-10-09T04:23:48Z
2023-03-21,APH,7.11,7.27,7.07,7.25,635000,KBS,2026-10-09T04:23:48Z
2023-03-22,APH,7.25,7.31,7.2,7.23,307400,KBS,2026-10-09T04:23:48Z
2023-03-23,APH,7.18,7.23,7.16,7.2,250900,KBS,2026-10-09T04:23:48Z
2023-03-24,APH,7.2,7.29,7.2,7.29,638900,KBS,2026-10-09T04:23:48Z
2023-03-27,APH,7.31,7.41,7.29,7.4,1019400,KBS,2026-10-09T04:23:48Z
2023-03-28,APH,7.45,7.7,7.4,7.56,2825900,KBS,2026-10-09T04:23:48Z
2023-03-29,APH,7.57,7.66,7.52,7.6,1596000,KBS,2026-10-09T04:23:48Z
2023-03-30,APH,7.68,7.82,7.59,7.7,2284900,KBS,2026-10-09T04:23:48Z
2023-03-31,APH,7.79,7.79,7.53,7.66,1516700,KBS,2026-10-09T04:23:48Z
2023-04-03,APH,7.67,7.75,7.61,7.66,1454700,KBS,2026-10-09T04:23:48Z
2023-04-04,APH,7.67,7.75,7.65,7.7,1710800,KBS,2026-10-09T04:23:48Z
2023-04-05,APH,7.71,7.88,7.66,7.81,1434200,KBS,2026-10-09T04:23:48Z
2023-04-06,APH,8.09,8.35,8.09,8.27,6706500,KBS,2026-10-09T04:23:48Z
2023-04-07,APH,8.26,8.3,8.06,8.16,1968000,KBS,2026-10-09T04:23:48Z
2023-04-10,APH,8.34,8.35,7.97,8.0,2312800,KBS,2026-10-09T04:23:48Z
2023-04-11,APH,7.93,8.05,7.81,8.03,1498600,KBS,2026-10-09T04:23:48Z
2023-04-12,APH,8.05,8.07,7.85,7.85,1475900,KBS,2026-10-09T04:23:48Z
2023-04-13,APH,7.85,7.9,7.74,7.74,1246000,KBS,2026-10-09T04:23:48Z
2023-04-14,APH,7.78,7.81,7.56,7.56,1544700,KBS,2026-10-09T04:23:48Z
2023-04-17,APH,7.53,7.59,7.45,7.47,1069900,KBS,2026-10-09T04:23:48Z
2023-04-18,APH,7.57,7.61,7.47,7.53,1487100,KBS,2026-10-09T04:23:48Z
2023-04-19,APH,7.53,7.77,7.53,7.6,1363300,KBS,2026-10-09T04:23:48Z
2023-04-20,APH,7.65,7.75,7.58,7.64,838900,KBS,2026-10-09T04:23:48Z
2023-04-21,APH,7.64,7.7,7.51,7.54,873200,KBS,2026-10-09T04:23:48Z
2023-04-24,APH,7.56,7.6,7.48,7.57,659700,KBS,2026-10-09T04:23:48Z
2023-04-25,APH,7.6,7.73,7.58,7.64,1045700,KBS,2026-10-09T04:23:48Z
2023-04-26,APH,7.61,8.17,7.61,8.17,4568100,KBS,2026-10-09T04:23:48Z
2023-04-27,APH,8.29,8.54,8.21,8.3,2371000,KBS,2026-10-09T04:23:48Z
2023-04-28,APH,8.3,8.38,8.0,8.1,2239900,KBS,2026-10-09T04:23:48Z
2023-05-04,APH,8.1,8.5,8.05,8.45,2103600,KBS,2026-10-09T04:23:48Z
2023-05-05,APH,8.46,8.7,8.43,8.43,2211400,KBS,2026-10-09T04:23:48Z
2023-05-08,APH,8.5,8.53,8.3,8.4,2546600,KBS,2026-10-09T04:23:48Z
2023-05-09,APH,8.4,8.65,8.3,8.56,2518500,KBS,2026-10-09T04:23:48Z
2023-05-10,APH,8.61,8.75,8.59,8.6,1977500,KBS,2026-10-09T04:23:48Z
2023-05-11,APH,8.65,8.68,8.45,8.45,1764800,KBS,2026-10-09T04:23:48Z
2023-05-12,APH,8.4,8.45,8.3,8.31,1979600,KBS,2026-10-09T04:23:48Z
2023-05-15,APH,8.35,8.65,8.35,8.5,1923000,KBS,2026-10-09T04:23:48Z
2023-05-16,APH,8.5,8.59,8.4,8.43,812600,KBS,2026-10-09T04:23:48Z
2023-05-17,APH,8.49,9.0,8.35,8.8,4244600,KBS,2026-10-09T04:23:48Z
2023-05-18,APH,8.95,8.95,8.7,8.7,1220400,KBS,2026-10-09T04:23:48Z
2023-05-19,APH,8.78,8.78,8.37,8.5,2183200,KBS,2026-10-09T04:23:48Z
2023-05-22,APH,8.58,8.58,8.42,8.45,1373900,KBS,2026-10-09T04:23:48Z
2023-05-23,APH,8.48,8.59,8.46,8.56,1164900,KBS,2026-10-09T04:23:48Z
2023-05-24,APH,8.56,8.63,8.48,8.48,1106800,KBS,2026-10-09T04:23:48Z
2023-05-25,APH,8.55,8.63,8.45,8.52,1128500,KBS,2026-10-09T04:23:48Z
2023-05-26,APH,8.63,8.8,8.56,8.72,2301400,KBS,2026-10-09T04:23:48Z
2023-05-29,APH,8.85,9.16,8.85,9.07,2737900,KBS,2026-10-09T04:23:48Z
2023-05-30,APH,9.07,9.15,8.88,9.07,2270000,KBS,2026-10-09T04:23:48Z
2023-05-31,APH,9.08,9.41,8.98,9.12,2249000,KBS,2026-10-09T04:23:48Z
2023-06-01,APH,9.2,9.21,9.04,9.1,1695200,KBS,2026-10-09T04:23:48Z
2023-06-02,APH,9.19,9.2,8.92,8.95,2285100,KBS,2026-10-09T04:23:48Z
2023-06-05,APH,9.0,9.08,8.8,8.8,1800800,KBS,2026-10-09T04:23:48Z
2023-06-06,APH,8.85,8.99,8.8,8.99,1079600,KBS,2026-10-09T04:23:48Z
2023-06-07,APH,9.0,9.14,9.0,9.07,1681400,KBS,2026-10-09T04:23:48Z
2023-06-08,APH,9.1,9.53,9.07,9.15,3406900,KBS,2026-10-09T04:23:48Z
2023-06-09,APH,9.16,9.16,8.91,9.05,1508300,KBS,2026-10-09T04:23:48Z
2023-06-12,APH,9.17,9.29,9.0,9.14,1583000,KBS,2026-10-09T04:23:48Z
2023-06-13,APH,9.24,9.32,9.14,9.16,1907500,KBS,2026-10-09T04:23:48Z
2023-06-14,APH,9.18,9.28,9.06,9.09,1836500,KBS,2026-10-09T04:23:48Z
2023-06-15,APH,9.09,9.09,8.94,8.94,1166800,KBS,2026-10-09T04:23:48Z
2023-06-16,APH,8.99,9.07,8.89,8.9,1056400,KBS,2026-10-09T04:23:48Z
2023-06-19,APH,8.85,8.9,8.68,8.7,1524300,KBS,2026-10-09T04:23:48Z
2023-06-20,APH,8.7,8.79,8.66,8.76,636700,KBS,2026-10-09T04:23:48Z
2023-06-21,APH,8.76,8.92,8.76,8.89,874500,KBS,2026-10-09T04:23:48Z
2023-06-22,APH,8.91,9.09,8.9,9.01,1098300,KBS,2026-10-09T04:23:48Z
2023-06-23,APH,9.08,9.08,8.9,8.97,888800,KBS,2026-10-09T04:23:48Z
2023-06-26,APH,8.95,8.99,8.72,8.88,983300,KBS,2026-10-09T04:23:48Z
2023-06-27,APH,8.9,8.9,8.8,8.82,1008800,KBS,2026-10-09T04:23:48Z
2023-06-28,APH,8.87,9.0,8.82,8.87,1051000,KBS,2026-10-09T04:23:48Z
2023-06-29,APH,8.87,8.87,8.7,8.7,1076600,KBS,2026-10-09T04:23:48Z
2023-06-30,APH,8.66,8.77,8.66,8.7,558400,KBS,2026-10-09T04:23:48Z
2023-07-03,APH,8.9,8.9,8.69,8.71,405900,KBS,2026-10-09T04:23:48Z
2023-07-04,APH,8.71,8.77,8.65,8.77,510900,KBS,2026-10-09T04:23:48Z
2023-07-05,APH,8.86,8.99,8.84,8.93,1572700,KBS,2026-10-09T04:23:48Z
2023-07-06,APH,8.9,9.06,8.65,8.85,1785300,KBS,2026-10-09T04:23:48Z
2023-07-07,APH,8.82,8.88,8.7,8.76,565600,KBS,2026-10-09T04:23:48Z
2023-07-10,APH,8.8,8.88,8.76,8.8,1185900,KBS,2026-10-09T04:23:48Z
2023-07-11,APH,8.82,8.99,8.82,8.94,2120600,KBS,2026-10-09T04:23:48Z
2023-07-12,APH,8.96,9.1,8.9,8.91,1933000,KBS,2026-10-09T04:23:48Z
2023-07-13,APH,8.95,9.2,8.9,9.11,1701000,KBS,2026-10-09T04:23:48Z
2023-07-14,APH,9.17,9.23,8.99,9.13,1910800,KBS,2026-10-09T04:23:48Z
2023-07-17,APH,9.22,9.31,9.13,9.21,2104400,KBS,2026-10-09T04:23:48Z
2023-07-18,APH,9.2,9.22,9.06,9.06,1277300,KBS,2026-10-09T04:23:48Z
2023-07-19,APH,9.08,9.15,8.91,8.91,1448400,KBS,2026-10-09T04:23:48Z
2023-07-20,APH,8.9,8.98,8.85,8.95,529200,KBS,2026-10-09T04:23:48Z
2023-07-21,APH,8.95,9.08,8.94,9.08,961500,KBS,2026-10-09T04:23:48Z
2023-07-24,APH,9.12,9.6,9.1,9.49,3424900,KBS,2026-10-09T04:23:48Z
2023-07-25,APH,9.5,9.94,9.41,9.79,3825000,KBS,2026-10-09T04:23:48Z
2023-07-26,APH,9.85,9.85,9.6,9.71,2147500,KBS,2026-10-09T04:23:48Z
2023-07-27,APH,9.75,9.85,9.51,9.62,2308500,KBS,2026-10-09T04:23:48Z
2023-07-28,APH,9.62,9.79,9.62,9.68,1499400,KBS,2026-10-09T04:23:48Z
2023-07-31,APH,9.64,9.66,9.26,9.35,4033700,KBS,2026-10-09T04:23:48Z
2023-08-01,APH,9.34,9.65,9.31,9.35,2228900,KBS,2026-10-09T04:23:48Z
2023-08-02,APH,9.42,9.43,9.3,9.38,1402800,KBS,2026-10-09T04:23:48Z
2023-08-03,APH,9.38,9.47,9.28,9.33,1584400,KBS,2026-10-09T04:23:48Z
2023-08-04,APH,9.33,9.6,9.29,9.55,2701800,KBS,2026-10-09T04:23:48Z
2023-08-07,APH,9.59,9.69,9.5,9.56,2250600,KBS,2026-10-09T04:23:48Z
2023-08-08,APH,9.58,9.8,9.58,9.65,2794700,KBS,2026-10-09T04:23:48Z
2023-08-09,APH,9.66,10.3,9.6,10.3,3099000,KBS,2026-10-09T04:23:48Z
2023-08-10,APH,10.85,10.85,10.1,10.3,6962900,KBS,2026-10-09T04:23:48Z
2023-08-11,APH,10.4,10.45,9.91,10.2,4238700,KBS,2026-10-09T04:23:48Z
2023-08-14,APH,10.25,10.35,10.1,10.3,2752800,KBS,2026-10-09T04:23:48Z
2023-08-15,APH,10.3,10.6,10.2,10.3,2944700,KBS,2026-10-09T04:23:48Z
2023-08-16,APH,10.35,10.35,10.0,10.15,3272300,KBS,2026-10-09T04:23:48Z
2023-08-17,APH,10.15,10.15,9.81,9.81,3032500,KBS,2026-10-09T04:23:48Z
2023-08-18,APH,9.76,9.8,9.13,9.13,4369700,KBS,2026-10-09T04:23:48Z
2023-08-21,APH,9.05,9.13,8.65,8.81,1717900,KBS,2026-10-09T04:23:48Z
2023-08-22,APH,8.9,9.0,8.59,9.0,1559600,KBS,2026-10-09T04:23:48Z
2023-08-23,APH,9.05,9.15,8.85,8.85,847600,KBS,2026-10-09T04:23:48Z
2023-08-24,APH,8.86,8.99,8.84,8.98,894400,KBS,2026-10-09T04:23:48Z
2023-08-25,APH,8.97,9.18,8.94,8.95,1062800,KBS,2026-10-09T04:23:48Z
2023-08-28,APH,9.02,9.05,8.94,9.05,850400,KBS,2026-10-09T04:23:48Z
2023-08-29,APH,9.1,9.25,9.07,9.09,1058400,KBS,2026-10-09T04:23:48Z
2023-08-30,APH,9.14,9.2,9.01,9.1,1022400,KBS,2026-10-09T04:23:48Z
2023-08-31,APH,9.15,9.19,9.05,9.14,1121500,KBS,2026-10-09T04:23:48Z
2023-09-05,APH,9.25,9.35,9.2,9.26,1451800,KBS,2026-10-09T04:23:48Z
2023-09-06,APH,9.31,9.4,9.17,9.34,1303500,KBS,2026-10-09T04:23:48Z
2023-09-07,APH,9.44,9.53,9.31,9.39,1538900,KBS,2026-10-09T04:23:48Z
2023-09-08,APH,9.4,9.4,9.31,9.32,1121800,KBS,2026-10-09T04:23:48Z
2023-09-11,APH,9.4,9.46,9.0,9.0,1597400,KBS,2026-10-09T04:23:48Z
2023-09-12,APH,9.09,9.09,8.95,9.05,1177900,KBS,2026-10-09T04:23:48Z
2023-09-13,APH,9.09,9.12,8.81,8.9,1995100,KBS,2026-10-09T04:23:48Z
2023-09-14,APH,8.9,8.95,8.69,8.73,1542000,KBS,2026-10-09T04:23:48Z
2023-09-15,APH,8.75,8.83,8.72,8.8,820600,KBS,2026-10-09T04:23:48Z
2023-09-18,APH,8.8,9.09,8.7,8.98,1067900,KBS,2026-10-09T04:23:48Z
2023-09-19,APH,9.07,9.07,8.87,9.0,801600,KBS,2026-10-09T04:23:48Z
2023-09-20,APH,9.08,9.1,9.0,9.1,934700,KBS,2026-10-09T04:23:48Z
2023-09-21,APH,9.16,9.37,9.1,9.25,1839600,KBS,2026-10-09T04:23:48Z
2023-09-22,APH,9.02,9.15,8.8,8.95,1232500,KBS,2026-10-09T04:23:48Z
2023-09-25,APH,8.93,9.03,8.33,8.33,1330900,KBS,2026-10-09T04:23:48Z
2023-09-26,APH,8.32,8.34,7.99,8.0,1681700,KBS,2026-10-09T04:23:48Z
2023-09-27,APH,8.0,8.25,7.73,8.1,1097800,KBS,2026-10-09T04:23:48Z
2023-09-28,APH,8.1,8.11,7.86,7.91,543700,KBS,2026-10-09T04:23:48Z
2023-09-29,APH,7.99,8.05,7.9,8.0,470500,KBS,2026-10-09T04:23:48Z
2023-10-02,APH,8.0,8.14,7.99,8.02,431500,KBS,2026-10-09T04:23:48Z
2023-10-03,APH,8.01,8.02,7.68,7.68,1023200,KBS,2026-10-09T04:23:48Z
2023-10-04,APH,7.4,8.01,7.4,7.75,454900,KBS,2026-10-09T04:23:48Z
2023-10-05,APH,7.76,7.85,7.6,7.79,521100,KBS,2026-10-09T04:23:48Z
2023-10-06,APH,7.74,7.82,7.6,7.76,708300,KBS,2026-10-09T04:23:48Z
2023-10-09,APH,7.87,7.96,7.77,7.78,446900,KBS,2026-10-09T04:23:48Z
2023-10-10,APH,7.89,7.92,7.8,7.88,363300,KBS,2026-10-09T04:23:48Z
2023-10-11,APH,7.82,7.95,7.82,7.95,487900,KBS,2026-10-09T04:23:48Z
2023-10-12,APH,7.95,8.1,7.95,8.0,688700,KBS,2026-10-09T04:23:48Z
2023-10-13,APH,8.01,8.01,7.82,7.89,408500,KBS,2026-10-09T04:23:48Z
2023-10-16,APH,7.89,7.98,7.75,7.78,535200,KBS,2026-10-09T04:23:48Z
2023-10-17,APH,7.9,7.91,7.77,7.77,288800,KBS,2026-10-09T04:23:48Z
2023-10-18,APH,7.77,7.8,7.35,7.35,506200,KBS,2026-10-09T04:23:48Z
2023-10-19,APH,7.5,7.5,7.3,7.35,352200,KBS,2026-10-09T04:23:48Z
2023-10-20,APH,7.3,7.55,7.3,7.55,342100,KBS,2026-10-09T04:23:48Z
2023-10-23,APH,7.57,7.64,7.5,7.5,298500,KBS,2026-10-09T04:23:48Z
2023-10-24,APH,7.52,7.6,7.5,7.51,200400,KBS,2026-10-09T04:23:48Z
2023-10-25,APH,7.57,7.62,7.51,7.51,159000,KBS,2026-10-09T04:23:48Z
2023-10-26,APH,6.99,7.5,6.99,7.0,1185300,KBS,2026-10-09T04:23:48Z
2023-10-27,APH,7.01,7.2,6.81,7.11,347500,KBS,2026-10-09T04:23:48Z
2023-10-30,APH,7.01,7.1,6.91,6.98,219600,KBS,2026-10-09T04:23:48Z
2023-10-31,APH,6.98,7.1,6.9,6.9,369500,KBS,2026-10-09T04:23:48Z
2023-11-01,APH,6.9,6.95,6.74,6.94,558600,KBS,2026-10-09T04:23:48Z
2023-11-02,APH,7.05,7.3,7.02,7.27,585900,KBS,2026-10-09T04:23:48Z
2023-11-03,APH,7.32,7.39,7.23,7.24,402300,KBS,2026-10-09T04:23:48Z
2023-11-06,APH,7.25,7.33,7.2,7.25,378200,KBS,2026-10-09T04:23:48Z
2023-11-07,APH,7.25,7.26,7.15,7.19,339700,KBS,2026-10-09T04:23:48Z
2023-11-08,APH,7.15,7.54,7.15,7.52,657500,KBS,2026-10-09T04:23:48Z
2023-11-09,APH,7.55,7.72,7.5,7.57,642900,KBS,2026-10-09T04:23:48Z
2023-11-10,APH,7.39,7.52,7.39,7.42,678400,KBS,2026-10-09T04:23:48Z
2023-11-13,APH,7.5,7.62,7.41,7.51,370600,KBS,2026-10-09T04:23:48Z
2023-11-14,APH,7.52,7.75,7.52,7.6,388100,KBS,2026-10-09T04:23:48Z
2023-11-15,APH,7.75,7.86,7.7,7.73,820100,KBS,2026-10-09T04:23:48Z
2023-11-16,APH,7.8,7.8,7.65,7.66,216400,KBS,2026-10-09T04:23:48Z
2023-11-17,APH,7.66,7.83,7.52,7.56,662100,KBS,2026-10-09T04:23:48Z
2023-11-20,APH,7.49,7.56,7.36,7.56,414300,KBS,2026-10-09T04:23:48Z
2023-11-21,APH,7.69,7.69,7.56,7.61,251000,KBS,2026-10-09T04:23:48Z
2023-11-22,APH,7.62,7.67,7.52,7.6,595900,KBS,2026-10-09T04:23:48Z
2023-11-23,APH,7.7,7.79,7.57,7.57,728800,KBS,2026-10-09T04:23:48Z
2023-11-24,APH,7.57,7.57,7.3,7.45,597000,KBS,2026-10-09T04:23:48Z
2023-11-27,APH,7.45,7.55,7.42,7.42,272100,KBS,2026-10-09T04:23:48Z
2023-11-28,APH,7.4,7.44,7.25,7.36,321800,KBS,2026-10-09T04:23:48Z
2023-11-29,APH,7.39,7.6,7.39,7.4,347700,KBS,2026-10-09T04:23:48Z
2023-11-30,APH,7.43,7.54,7.43,7.48,331400,KBS,2026-10-09T04:23:48Z
2023-12-01,APH,7.5,7.51,7.4,7.46,169600,KBS,2026-10-09T04:23:48Z
2023-12-04,APH,7.5,7.7,7.5,7.61,594100,KBS,2026-10-09T04:23:48Z
2023-12-05,APH,7.62,7.68,7.61,7.63,450900,KBS,2026-10-09T04:23:48Z
2023-12-06,APH,7.6,7.93,7.6,7.9,792600,KBS,2026-10-09T04:23:48Z
2023-12-07,APH,7.91,7.98,7.55,7.83,790800,KBS,2026-10-09T04:23:48Z
2023-12-08,APH,7.9,7.92,7.7,7.79,420200,KBS,2026-10-09T04:23:48Z
2023-12-11,APH,7.79,7.8,7.69,7.7,414000,KBS,2026-10-09T04:23:48Z
2023-12-12,APH,7.72,7.77,7.7,7.72,253400,KBS,2026-10-09T04:23:48Z
2023-12-13,APH,7.8,7.81,7.58,7.6,476100,KBS,2026-10-09T04:23:48Z
2023-12-14,APH,7.75,7.75,7.56,7.56,270000,KBS,2026-10-09T04:23:48Z
2023-12-15,APH,7.58,7.59,7.45,7.48,532500,KBS,2026-10-09T04:23:48Z
2023-12-18,APH,7.49,7.57,7.4,7.4,304300,KBS,2026-10-09T04:23:48Z
2023-12-19,APH,7.37,7.48,7.3,7.4,326800,KBS,2026-10-09T04:23:48Z
2023-12-20,APH,7.42,7.48,7.39,7.48,167700,KBS,2026-10-09T04:23:48Z
2023-12-21,APH,7.4,7.48,7.39,7.48,265900,KBS,2026-10-09T04:23:48Z
2023-12-22,APH,7.48,7.5,7.43,7.5,464600,KBS,2026-10-09T04:23:48Z
2023-12-25,APH,7.5,7.57,7.46,7.55,395100,KBS,2026-10-09T04:23:48Z
2023-12-26,APH,7.54,7.59,7.5,7.51,262400,KBS,2026-10-09T04:23:48Z
2023-12-27,APH,7.51,7.7,7.51,7.66,639900,KBS,2026-10-09T04:23:48Z
2023-12-28,APH,7.66,7.7,7.64,7.67,307900,KBS,2026-10-09T04:23:48Z
2023-12-29,APH,7.68,7.77,7.67,7.68,477200,KBS,2026-10-09T04:23:48Z
2024-01-02,APH,7.7,7.79,7.68,7.7,395800,KBS,2026-10-09T04:23:48Z
2024-01-03,APH,7.74,7.86,7.68,7.83,546400,KBS,2026-10-09T04:23:48Z
2024-01-04,APH,7.85,7.85,7.78,7.78,781900,KBS,2026-10-09T04:23:48Z
2024-01-05,APH,7.78,7.84,7.65,7.7,425300,KBS,2026-10-09T04:23:48Z
2024-01-08,APH,7.7,7.77,7.69,7.74,533400,KBS,2026-10-09T04:23:48Z
2024-01-09,APH,7.8,7.8,7.67,7.68,300100,KBS,2026-10-09T04:23:48Z
2024-01-10,APH,7.68,7.77,7.67,7.67,417600,KBS,2026-10-09T04:23:48Z
2024-01-11,APH,7.67,7.76,7.67,7.7,346800,KBS,2026-10-09T04:23:48Z
2024-01-12,APH,7.7,7.71,7.59,7.6,598300,KBS,2026-10-09T04:23:48Z
2024-01-15,APH,7.6,7.67,7.6,7.61,276600,KBS,2026-10-09T04:23:48Z
2024-01-16,APH,7.61,7.61,7.52,7.56,317800,KBS,2026-10-09T04:23:48Z
2024-01-17,APH,7.56,7.59,7.49,7.53,522500,KBS,2026-10-09T04:23:48Z
2024-01-18,APH,7.52,7.56,7.51,7.55,186100,KBS,2026-10-09T04:23:48Z
2024-01-19,APH,7.57,7.65,7.55,7.58,310800,KBS,2026-10-09T04:23:48Z
2024-01-22,APH,7.58,7.8,7.58,7.8,666300,KBS,2026-10-09T04:23:48Z
2024-01-23,APH,7.8,7.81,7.71,7.74,223500,KBS,2026-10-09T04:23:48Z
2024-01-24,APH,7.8,7.8,7.71,7.74,190000,KBS,2026-10-09T04:23:48Z
2024-01-25,APH,7.69,8.2,7.69,8.06,1233200,KBS,2026-10-09T04:23:48Z
2024-01-26,APH,8.06,8.08,8.0,8.0,377200,KBS,2026-10-09T04:23:48Z
2024-01-29,APH,8.06,8.3,8.05,8.11,562600,KBS,2026-10-09T04:23:48Z
2024-01-30,APH,8.2,8.27,8.08,8.11,788900,KBS,2026-10-09T04:23:48Z
2024-01-31,APH,8.14,8.21,7.95,8.0,970000,KBS,2026-10-09T04:23:48Z
2024-02-01,APH,8.0,8.5,7.93,8.4,1281700,KBS,2026-10-09T04:23:48Z
2024-02-02,APH,8.45,8.45,8.25,8.25,474000,KBS,2026-10-09T04:23:48Z
2024-02-05,APH,8.25,8.36,8.2,8.21,590400,KBS,2026-10-09T04:23:48Z
2024-02-06,APH,8.21,8.34,8.21,8.21,411500,KBS,2026-10-09T04:23:48Z
2024-02-07,APH,8.21,8.4,8.19,8.4,754100,KBS,2026-10-09T04:23:48Z
2024-02-15,APH,8.4,8.53,8.39,8.48,580700,KBS,2026-10-09T04:23:48Z
2024-02-16,APH,8.43,8.53,8.39,8.53,640100,KBS,2026-10-09T04:23:48Z
2024-02-19,APH,8.6,8.6,8.45,8.5,479000,KBS,2026-10-09T04:23:48Z
2024-02-20,APH,8.49,8.63,8.46,8.63,1162600,KBS,2026-10-09T04:23:48Z
2024-02-21,APH,8.67,8.82,8.56,8.8,875700,KBS,2026-10-09T04:23:48Z
2024-02-22,APH,8.9,8.9,8.65,8.65,1017500,KBS,2026-10-09T04:23:48Z
2024-02-23,APH,8.66,8.7,8.3,8.4,1045400,KBS,2026-10-09T04:23:48Z
2024-02-26,APH,8.49,8.5,8.35,8.42,1348400,KBS,2026-10-09T04:23:48Z
2024-02-27,APH,8.49,8.5,8.43,8.5,526300,KBS,2026-10-09T04:23:48Z
2024-02-28,APH,8.48,8.7,8.48,8.63,975500,KBS,2026-10-09T04:23:48Z
2024-02-29,APH,8.63,8.64,8.48,8.53,576400,KBS,2026-10-09T04:23:48Z
2024-03-01,APH,8.55,8.57,8.46,8.57,367800,KBS,2026-10-09T04:23:48Z
2024-03-04,APH,8.7,8.7,8.55,8.65,689300,KBS,2026-10-09T04:23:48Z
2024-03-05,APH,8.59,8.68,8.49,8.6,570900,KBS,2026-10-09T04:23:48Z
2024-03-06,APH,8.59,8.69,8.45,8.55,666200,KBS,2026-10-09T04:23:48Z
2024-03-07,APH,8.59,8.6,8.39,8.55,1040000,KBS,2026-10-09T04:23:48Z
2024-03-08,APH,8.55,8.55,8.28,8.28,1157500,KBS,2026-10-09T04:23:48Z
2024-03-11,APH,8.38,8.38,8.02,8.02,1132600,KBS,2026-10-09T04:23:48Z
2024-03-12,APH,8.02,8.12,7.96,8.06,1048300,KBS,2026-10-09T04:23:48Z
2024-03-13,APH,8.06,8.15,7.99,8.09,790700,KBS,2026-10-09T04:23:48Z
2024-03-14,APH,8.11,8.17,8.03,8.09,858300,KBS,2026-10-09T04:23:48Z
2024-03-15,APH,8.09,8.09,7.99,8.07,739000,KBS,2026-10-09T04:23:48Z
2024-03-18,APH,8.07,8.15,7.85,7.94,1162100,KBS,2026-10-09T04:23:48Z
2024-03-19,APH,7.91,7.95,7.85,7.91,462200,KBS,2026-10-09T04:23:48Z
2024-03-20,APH,8.04,8.04,7.93,8.01,398600,KBS,2026-10-09T04:23:48Z
2024-03-21,APH,8.03,8.16,8.03,8.13,723600,KBS,2026-10-09T04:23:48Z
2024-03-22,APH,8.13,8.21,8.05,8.06,700400,KBS,2026-10-09T04:23:48Z
2024-03-25,APH,8.06,8.1,7.96,7.98,582500,KBS,2026-10-09T04:23:48Z
2024-03-26,APH,7.96,8.06,7.93,8.0,464600,KBS,2026-10-09T04:23:48Z
2024-03-27,APH,8.0,8.03,7.95,7.99,380600,KBS,2026-10-09T04:23:48Z
2024-03-28,APH,8.05,8.05,7.95,7.98,478900,KBS,2026-10-09T04:23:48Z
2024-03-29,APH,7.98,8.5,7.94,8.19,1254900,KBS,2026-10-09T04:23:48Z
2024-04-01,APH,8.17,8.42,8.12,8.31,1695000,KBS,2026-10-09T04:23:48Z
2024-04-02,APH,8.34,8.4,8.21,8.4,995900,KBS,2026-10-09T04:23:48Z
2024-04-03,APH,8.31,8.95,8.31,8.8,3102500,KBS,2026-10-09T04:23:48Z
2024-04-04,APH,8.8,8.81,8.59,8.62,1374000,KBS,2026-10-09T04:23:48Z
2024-04-05,APH,8.56,8.56,8.41,8.45,1312900,KBS,2026-10-09T04:23:48Z
2024-04-08,APH,8.35,8.39,8.05,8.05,1419200,KBS,2026-10-09T04:23:48Z
2024-04-09,APH,8.05,8.1,8.0,8.1,566700,KBS,2026-10-09T04:23:48Z
2024-04-10,APH,8.11,8.18,8.01,8.02,444100,KBS,2026-10-09T04:23:48Z
2024-04-11,APH,7.99,8.03,7.95,8.01,511900,KBS,2026-10-09T04:23:48Z
2024-04-12,APH,8.01,8.11,7.95,7.99,656500,KBS,2026-10-09T04:23:48Z
2024-04-15,APH,7.44,7.87,7.44,7.44,3305700,KBS,2026-10-09T04:23:48Z
2024-04-16,APH,7.18,7.35,6.99,7.2,1203900,KBS,2026-10-09T04:23:48Z
2024-04-17,APH,7.21,7.7,7.2,7.54,1233700,KBS,2026-10-09T04:23:48Z
2024-04-19,APH,7.53,7.6,7.3,7.54,1087000,KBS,2026-10-09T04:23:48Z
2024-04-22,APH,7.64,7.77,7.48,7.73,1060800,KBS,2026-10-09T04:23:48Z
2024-04-23,APH,7.73,7.93,7.47,7.54,855100,KBS,2026-10-09T04:23:48Z
2024-04-24,APH,7.62,7.79,7.57,7.65,740600,KBS,2026-10-09T04:23:48Z
2024-04-25,APH,7.65,7.73,7.54,7.65,378000,KBS,2026-10-09T04:23:48Z
2024-04-26,APH,7.6,8.1,7.58,8.1,981200,KBS,2026-10-09T04:23:48Z
2024-05-02,APH,8.28,8.4,8.12,8.2,699500,KBS,2026-10-09T04:23:48Z
2024-05-03,APH,8.2,8.37,8.07,8.1,568200,KBS,2026-10-09T04:23:48Z
2024-05-06,APH,8.1,8.29,8.07,8.29,644800,KBS,2026-10-09T04:23:48Z
2024-05-07,APH,8.34,8.6,8.28,8.48,1460900,KBS,2026-10-09T04:23:48Z
2024-05-08,APH,8.48,8.5,8.33,8.5,1176100,KBS,2026-10-09T04:23:48Z
2024-05-09,APH,8.5,8.54,8.41,8.48,1090900,KBS,2026-10-09T04:23:48Z
2024-05-10,APH,8.79,9.07,8.73,9.07,6308400,KBS,2026-10-09T04:23:48Z
2024-05-13,APH,9.67,9.7,9.59,9.7,6281800,KBS,2026-10-09T04:23:48Z
2024-05-14,APH,9.8,9.94,9.5,9.72,3613500,KBS,2026-10-09T04:23:48Z
2024-05-15,APH,9.76,10.15,9.76,9.85,3787300,KBS,2026-10-09T04:23:48Z
2024-05-16,APH,10.15,10.15,9.55,9.61,2479700,KBS,2026-10-09T04:23:48Z
2024-05-17,APH,9.74,9.91,9.46,9.9,4584800,KBS,2026-10-09T04:23:48Z
2024-05-20,APH,10.0,10.3,9.7,9.88,3886900,KBS,2026-10-09T04:23:48Z
2024-05-21,APH,9.99,10.05,9.77,10.0,3065000,KBS,2026-10-09T04:23:48Z
2024-05-22,APH,10.0,10.4,9.87,9.88,4177100,KBS,2026-10-09T04:23:48Z
2024-05-23,APH,9.66,10.3,9.55,10.0,4061500,KBS,2026-10-09T04:23:48Z
2024-05-24,APH,9.99,10.2,9.5,9.65,3224700,KBS,2026-10-09T04:23:48Z
2024-05-27,APH,9.66,9.9,9.62,9.85,1903800,KBS,2026-10-09T04:23:48Z
2024-05-28,APH,9.9,10.5,9.87,10.5,10624400,KBS,2026-10-09T04:23:48Z
2024-05-29,APH,10.8,11.1,10.6,10.8,4830800,KBS,2026-10-09T04:23:48Z
2024-05-30,APH,10.75,11.05,10.4,10.65,4077600,KBS,2026-10-09T04:23:48Z
2024-05-31,APH,10.6,11.1,10.55,10.75,4211100,KBS,2026-10-09T04:23:48Z
2024-06-03,APH,10.8,11.0,10.4,10.5,3844000,KBS,2026-10-09T04:23:48Z
2024-06-04,APH,10.55,10.85,10.4,10.65,4412000,KBS,2026-10-09T04:23:48Z
2024-06-05,APH,10.7,11.0,10.2,10.2,4377200,KBS,2026-10-09T04:23:48Z
2024-06-06,APH,10.3,10.9,10.25,10.9,8866100,KBS,2026-10-09T04:23:48Z
2024-06-07,APH,10.95,11.0,10.45,10.55,3936200,KBS,2026-10-09T04:23:48Z
2024-06-10,APH,10.7,10.8,10.3,10.3,2551500,KBS,2026-10-09T04:23:48Z
2024-06-11,APH,10.45,10.5,9.77,9.92,4568000,KBS,2026-10-09T04:23:48Z
2024-06-12,APH,9.9,10.25,9.9,10.25,3314400,KBS,2026-10-09T04:23:48Z
2024-06-13,APH,10.25,10.25,9.83,9.9,2534500,KBS,2026-10-09T04:23:48Z
2024-06-14,APH,10.0,10.0,9.21,9.21,4501000,KBS,2026-10-09T04:23:48Z
2024-06-17,APH,9.2,9.29,9.1,9.1,3020700,KBS,2026-10-09T04:23:48Z
2024-06-18,APH,9.1,9.5,9.1,9.3,1641900,KBS,2026-10-09T04:23:48Z
2024-06-19,APH,9.33,9.44,9.21,9.33,1153400,KBS,2026-10-09T04:23:48Z
2024-06-20,APH,9.4,9.59,9.26,9.4,1568100,KBS,2026-10-09T04:23:48Z
2024-06-21,APH,9.41,9.69,9.33,9.6,1893600,KBS,2026-10-09T04:23:48Z
2024-06-24,APH,9.56,9.56,9.1,9.27,1413200,KBS,2026-10-09T04:23:48Z
2024-06-25,APH,9.36,9.39,9.18,9.35,975400,KBS,2026-10-09T04:23:48Z
2024-06-26,APH,9.34,9.65,9.34,9.58,2415400,KBS,2026-10-09T04:23:48Z
2024-06-27,APH,9.64,9.72,9.42,9.46,919000,KBS,2026-10-09T04:23:48Z
2024-06-28,APH,9.45,9.59,9.0,9.0,1828900,KBS,2026-10-09T04:23:48Z
2024-07-01,APH,9.0,9.21,8.89,9.17,1385100,KBS,2026-10-09T04:23:48Z
2024-07-02,APH,9.24,9.35,9.14,9.17,723100,KBS,2026-10-09T04:23:48Z
2024-07-03,APH,9.18,9.27,9.1,9.21,926400,KBS,2026-10-09T04:23:48Z
2024-07-04,APH,9.16,9.44,9.16,9.31,1367000,KBS,2026-10-09T04:23:48Z
2024-07-05,APH,9.32,9.69,9.32,9.61,2213000,KBS,2026-10-09T04:23:48Z
2024-07-08,APH,9.67,9.8,9.43,9.51,1598000,KBS,2026-10-09T04:23:48Z
2024-07-09,APH,9.51,9.69,9.39,9.51,1881300,KBS,2026-10-09T04:23:48Z
2024-07-10,APH,9.52,9.53,9.33,9.33,1543400,KBS,2026-10-09T04:23:48Z
2024-07-11,APH,9.49,9.62,9.38,9.5,1054700,KBS,2026-10-09T04:23:48Z
2024-07-12,APH,9.56,9.63,9.39,9.41,1658400,KBS,2026-10-09T04:23:48Z
2024-07-15,APH,9.42,10.05,9.42,9.98,5019600,KBS,2026-10-09T04:23:48Z
2024-07-16,APH,10.0,10.15,9.84,9.94,1488100,KBS,2026-10-09T04:23:48Z
2024-07-17,APH,9.94,10.2,9.3,9.5,3584700,KBS,2026-10-09T04:23:48Z
2024-07-18,APH,9.59,9.7,9.4,9.55,1502600,KBS,2026-10-09T04:23:48Z
2024-07-19,APH,9.43,9.6,9.28,9.32,1826200,KBS,2026-10-09T04:23:48Z
2024-07-22,APH,9.32,9.53,9.0,9.19,2037400,KBS,2026-10-09T04:23:48Z
2024-07-23,APH,9.19,9.25,8.6,8.71,1649500,KBS,2026-10-09T04:23:48Z
2024-07-24,APH,8.6,8.9,8.6,8.86,1727600,KBS,2026-10-09T04:23:48Z
2024-07-25,APH,8.85,8.85,8.6,8.7,856800,KBS,2026-10-09T04:23:48Z
2024-07-26,APH,8.7,8.9,8.7,8.9,733100,KBS,2026-10-09T04:23:48Z
2024-07-29,APH,8.91,9.06,8.82,8.89,878500,KBS,2026-10-09T04:23:48Z
2024-07-30,APH,9.26,9.51,9.26,9.51,4682300,KBS,2026-10-09T04:23:48Z
2024-07-31,APH,9.61,9.75,9.37,9.37,1599200,KBS,2026-10-09T04:23:48Z
2024-08-01,APH,9.31,9.42,8.88,9.07,2165000,KBS,2026-10-09T04:23:48Z
2024-08-02,APH,8.92,9.3,8.91,9.3,1840100,KBS,2026-10-09T04:23:48Z
2024-08-05,APH,8.7,9.03,8.65,8.65,2974500,KBS,2026-10-09T04:23:48Z
2024-08-06,APH,8.69,9.17,8.63,8.83,1784800,KBS,2026-10-09T04:23:48Z
2024-08-07,APH,8.8,9.05,8.8,9.0,1339200,KBS,2026-10-09T04:23:48Z
2024-08-08,APH,8.97,9.1,8.77,8.85,732600,KBS,2026-10-09T04:23:48Z
2024-08-09,APH,8.89,9.1,8.83,8.88,985400,KBS,2026-10-09T04:23:48Z
2024-08-12,APH,8.84,9.05,8.84,8.95,346900,KBS,2026-10-09T04:23:48Z
2024-08-13,APH,8.9,9.02,8.84,8.95,726800,KBS,2026-10-09T04:23:48Z
2024-08-14,APH,9.02,9.02,8.55,8.8,2780700,KBS,2026-10-09T04:23:48Z
2024-08-15,APH,8.78,8.78,8.36,8.36,1941100,KBS,2026-10-09T04:23:48Z
2024-08-16,APH,8.4,8.63,8.4,8.59,1425300,KBS,2026-10-09T04:23:48Z
2024-08-19,APH,8.73,8.77,8.49,8.59,1601600,KBS,2026-10-09T04:23:48Z
2024-08-20,APH,8.59,8.61,8.39,8.58,2793100,KBS,2026-10-09T04:23:48Z
2024-08-21,APH,8.4,8.49,8.34,8.42,3004600,KBS,2026-10-09T04:23:48Z
2024-08-22,APH,8.48,8.48,8.1,8.2,3361500,KBS,2026-10-09T04:23:48Z
2024-08-23,APH,7.9,7.99,7.63,7.63,10039600,KBS,2026-10-09T04:23:48Z
2024-08-26,APH,7.6,7.79,7.4,7.48,2426500,KBS,2026-10-09T04:23:48Z
2024-08-27,APH,7.58,7.66,7.4,7.55,1898100,KBS,2026-10-09T04:23:48Z
2024-08-28,APH,7.57,7.58,7.48,7.54,1110100,KBS,2026-10-09T04:23:48Z
2024-08-29,APH,7.53,7.54,7.42,7.46,995900,KBS,2026-10-09T04:23:48Z
2024-08-30,APH,7.48,7.5,7.35,7.35,1478900,KBS,2026-10-09T04:23:48Z
2024-09-04,APH,7.18,7.22,7.06,7.15,1739600,KBS,2026-10-09T04:23:48Z
2024-09-05,APH,7.2,7.33,7.14,7.19,888000,KBS,2026-10-09T04:23:48Z
2024-09-06,APH,7.13,7.16,6.69,6.69,7052500,KBS,2026-10-09T04:23:48Z
2024-09-09,APH,6.7,6.73,6.31,6.73,1458900,KBS,2026-10-09T04:23:48Z
2024-09-10,APH,6.7,6.71,6.52,6.53,2152800,KBS,2026-10-09T04:23:48Z
2024-09-11,APH,6.49,6.5,6.2,6.21,2661100,KBS,2026-10-09T04:23:48Z
2024-09-12,APH,6.21,6.4,6.05,6.05,1770000,KBS,2026-10-09T04:23:48Z
2024-09-13,APH,6.0,6.37,6.0,6.24,2136400,KBS,2026-10-09T04:23:48Z
2024-09-16,APH,6.27,6.55,6.26,6.41,1824100,KBS,2026-10-09T04:23:48Z
2024-09-17,APH,6.41,6.41,6.22,6.23,1783500,KBS,2026-10-09T04:23:48Z
2024-09-18,APH,6.3,6.34,6.18,6.28,838300,KBS,2026-10-09T04:23:48Z
2024-09-19,APH,6.28,6.37,6.2,6.27,898000,KBS,2026-10-09T04:23:48Z
2024-09-20,APH,6.27,6.35,6.27,6.27,676500,KBS,2026-10-09T04:23:48Z
2024-09-23,APH,6.27,6.34,6.23,6.33,525400,KBS,2026-10-09T04:23:48Z
2024-09-24,APH,6.33,6.58,6.29,6.52,1290800,KBS,2026-10-09T04:23:48Z
2024-09-25,APH,6.49,6.56,6.44,6.47,720000,KBS,2026-10-09T04:23:48Z
2024-09-26,APH,6.5,6.5,6.4,6.44,1005600,KBS,2026-10-09T04:23:48Z
2024-09-27,APH,6.4,6.41,6.3,6.31,1764200,KBS,2026-10-09T04:23:48Z
2024-09-30,APH,6.28,6.44,6.23,6.39,1054700,KBS,2026-10-09T04:23:48Z
2024-10-01,APH,6.4,6.6,6.4,6.43,878800,KBS,2026-10-09T04:23:48Z
2024-10-02,APH,6.41,6.47,6.35,6.46,1187600,KBS,2026-10-09T04:23:48Z
2024-10-03,APH,6.46,6.46,6.3,6.34,798300,KBS,2026-10-09T04:23:48Z
2024-10-04,APH,6.35,6.53,6.25,6.33,699700,KBS,2026-10-09T04:23:48Z
2024-10-07,APH,6.33,6.4,6.28,6.34,389100,KBS,2026-10-09T04:23:48Z
2024-10-08,APH,6.37,6.4,6.29,6.36,330600,KBS,2026-10-09T04:23:48Z
2024-10-09,APH,6.35,6.41,6.25,6.37,401600,KBS,2026-10-09T04:23:48Z
2024-10-10,APH,6.43,6.45,6.28,6.38,614500,KBS,2026-10-09T04:23:48Z
2024-10-11,APH,6.38,6.65,6.31,6.55,1199200,KBS,2026-10-09T04:23:48Z
2024-10-14,APH,6.57,6.64,6.43,6.48,379700,KBS,2026-10-09T04:23:48Z
2024-10-15,APH,6.5,6.5,6.37,6.38,602500,KBS,2026-10-09T04:23:48Z
2024-10-16,APH,6.38,6.49,6.36,6.38,356900,KBS,2026-10-09T04:23:48Z
2024-10-17,APH,6.38,6.4,6.33,6.36,415000,KBS,2026-10-09T04:23:48Z
2024-10-18,APH,6.36,6.42,6.35,6.35,270200,KBS,2026-10-09T04:23:48Z
2024-10-21,APH,6.35,6.4,6.34,6.34,302800,KBS,2026-10-09T04:23:48Z
2024-10-22,APH,6.39,6.39,6.31,6.34,569000,KBS,2026-10-09T04:23:48Z
2024-10-23,APH,6.35,6.37,6.29,6.34,309100,KBS,2026-10-09T04:23:48Z
2024-10-24,APH,6.34,6.39,6.25,6.34,501800,KBS,2026-10-09T04:23:48Z
2024-10-25,APH,6.34,6.34,6.26,6.29,418100,KBS,2026-10-09T04:23:48Z
2024-10-28,APH,6.29,6.37,6.29,6.33,226200,KBS,2026-10-09T04:23:48Z
2024-10-29,APH,6.31,6.35,6.15,6.33,2722000,KBS,2026-10-09T04:23:48Z
2024-10-30,APH,6.29,6.39,6.29,6.31,388600,KBS,2026-10-09T04:23:48Z
2024-10-31,APH,6.3,6.32,6.27,6.3,542800,KBS,2026-10-09T04:23:48Z
2024-11-01,APH,6.27,6.29,6.15,6.18,636500,KBS,2026-10-09T04:23:48Z
2024-11-04,APH,6.19,6.25,6.15,6.17,593200,KBS,2026-10-09T04:23:48Z
2024-11-05,APH,6.18,6.25,6.15,6.19,478600,KBS,2026-10-09T04:23:48Z
2024-11-06,APH,6.2,6.37,6.2,6.35,460100,KBS,2026-10-09T04:23:48Z
2024-11-07,APH,6.33,6.44,6.33,6.35,270700,KBS,2026-10-09T04:23:48Z
2024-11-08,APH,6.27,6.36,6.27,6.34,640300,KBS,2026-10-09T04:23:48Z
2024-11-11,APH,6.29,6.55,6.21,6.53,672600,KBS,2026-10-09T04:23:48Z
2024-11-12,APH,6.49,6.52,6.37,6.4,326200,KBS,2026-10-09T04:23:48Z
2024-11-13,APH,6.4,6.42,6.33,6.37,496400,KBS,2026-10-09T04:23:48Z
2024-11-14,APH,6.37,6.4,6.28,6.28,583000,KBS,2026-10-09T04:23:48Z
2024-11-15,APH,6.28,6.32,6.25,6.28,424900,KBS,2026-10-09T04:23:48Z
2024-11-18,APH,6.33,6.33,6.25,6.3,196600,KBS,2026-10-09T04:23:48Z
2024-11-19,APH,6.3,6.36,6.25,6.25,332000,KBS,2026-10-09T04:23:48Z
2024-11-20,APH,6.24,6.34,6.22,6.32,222600,KBS,2026-10-09T04:23:48Z
2024-11-21,APH,6.32,6.34,6.28,6.32,251400,KBS,2026-10-09T04:23:48Z
2024-11-22,APH,6.32,6.36,6.32,6.34,457700,KBS,2026-10-09T04:23:48Z
2024-11-25,APH,6.32,6.45,6.32,6.45,411000,KBS,2026-10-09T04:23:48Z
2024-11-26,APH,6.48,6.6,6.48,6.5,483900,KBS,2026-10-09T04:23:48Z
2024-11-27,APH,6.52,6.52,6.36,6.39,205100,KBS,2026-10-09T04:23:48Z
2024-11-28,APH,6.47,6.47,6.37,6.39,362100,KBS,2026-10-09T04:23:48Z
2024-11-29,APH,6.4,6.6,6.38,6.49,581000,KBS,2026-10-09T04:23:48Z
2024-12-02,APH,6.49,6.56,6.41,6.45,191800,KBS,2026-10-09T04:23:48Z
2024-12-03,APH,6.44,6.56,6.44,6.56,589900,KBS,2026-10-09T04:23:48Z
2024-12-04,APH,6.55,7.01,6.35,7.01,1450600,KBS,2026-10-09T04:23:48Z
2024-12-05,APH,7.2,7.25,6.91,7.02,1291800,KBS,2026-10-09T04:23:48Z
2024-12-06,APH,7.03,7.11,6.71,6.71,1295900,KBS,2026-10-09T04:23:48Z
2024-12-09,APH,6.8,6.87,6.73,6.79,586200,KBS,2026-10-09T04:23:48Z
2024-12-10,APH,6.82,7.1,6.79,6.93,827000,KBS,2026-10-09T04:23:48Z
2024-12-11,APH,7.01,7.03,6.79,6.85,490600,KBS,2026-10-09T04:23:48Z
2024-12-12,APH,6.91,6.96,6.72,6.75,645500,KBS,2026-10-09T04:23:48Z
2024-12-13,APH,6.71,6.83,6.66,6.67,490200,KBS,2026-10-09T04:23:48Z
2024-12-16,APH,6.8,6.8,6.66,6.71,284500,KBS,2026-10-09T04:23:48Z
2024-12-17,APH,6.76,6.76,6.66,6.67,248500,KBS,2026-10-09T04:23:48Z
2024-12-18,APH,6.7,6.88,6.65,6.84,522100,KBS,2026-10-09T04:23:48Z
2024-12-19,APH,6.71,6.95,6.7,6.85,588100,KBS,2026-10-09T04:23:48Z
2024-12-20,APH,6.95,7.0,6.82,6.82,540000,KBS,2026-10-09T04:23:48Z
2024-12-23,APH,6.85,6.93,6.83,6.89,591600,KBS,2026-10-09T04:23:48Z
2024-12-24,APH,6.88,6.9,6.74,6.74,388200,KBS,2026-10-09T04:23:48Z
2024-12-25,APH,6.84,6.84,6.74,6.77,508200,KBS,2026-10-09T04:23:48Z
2024-12-26,APH,6.82,7.2,6.8,6.96,1359200,KBS,2026-10-09T04:23:48Z
2024-12-27,APH,6.96,7.1,6.9,7.07,930000,KBS,2026-10-09T04:23:48Z
2024-12-30,APH,7.07,7.09,6.92,6.92,930900,KBS,2026-10-09T04:23:48Z
2024-12-31,APH,6.94,7.12,6.85,7.0,790400,KBS,2026-10-09T04:23:48Z
2025-01-02,APH,7.03,7.19,7.02,7.19,1068600,KBS,2026-10-09T04:23:48Z
2025-01-03,APH,7.2,7.49,7.11,7.11,1272200,KBS,2026-10-09T04:23:48Z
2025-01-06,APH,7.11,7.17,7.03,7.03,668300,KBS,2026-10-09T04:23:48Z
2025-01-07,APH,7.05,7.13,7.04,7.05,831800,KBS,2026-10-09T04:23:48Z
2025-01-08,APH,7.05,7.16,6.8,7.15,589800,KBS,2026-10-09T04:23:48Z
2025-01-09,APH,7.2,7.24,7.05,7.05,485500,KBS,2026-10-09T04:23:48Z
2025-01-10,APH,7.05,7.21,6.75,6.75,785600,KBS,2026-10-09T04:23:48Z
2025-01-13,APH,6.75,6.95,6.68,6.9,644600,KBS,2026-10-09T04:23:48Z
2025-01-14,APH,6.99,7.0,6.8,6.93,440500,KBS,2026-10-09T04:23:48Z
2025-01-15,APH,6.99,7.18,6.81,7.05,1344200,KBS,2026-10-09T04:23:48Z
2025-01-16,APH,7.05,7.15,7.0,7.05,509800,KBS,2026-10-09T04:23:48Z
2025-01-17,APH,7.1,7.3,7.05,7.24,1205700,KBS,2026-10-09T04:23:48Z
2025-01-20,APH,7.36,7.6,7.3,7.5,1883900,KBS,2026-10-09T04:23:48Z
2025-01-21,APH,7.48,7.51,7.36,7.41,518200,KBS,2026-10-09T04:23:48Z
2025-01-22,APH,7.41,7.56,7.33,7.41,708100,KBS,2026-10-09T04:23:48Z
2025-01-23,APH,7.42,7.46,7.3,7.4,257700,KBS,2026-10-09T04:23:48Z
2025-01-24,APH,7.35,7.43,7.19,7.19,579700,KBS,2026-10-09T04:23:48Z
2025-02-03,APH,7.2,7.2,7.0,7.1,321600,KBS,2026-10-09T04:23:48Z
2025-02-04,APH,7.1,7.34,7.1,7.34,436000,KBS,2026-10-09T04:23:48Z
2025-02-05,APH,7.35,7.38,7.2,7.31,165800,KBS,2026-10-09T04:23:48Z
2025-02-06,APH,7.31,7.34,7.2,7.25,303100,KBS,2026-10-09T04:23:48Z
2025-02-07,APH,7.25,7.28,7.15,7.24,240900,KBS,2026-10-09T04:23:48Z
2025-02-10,APH,7.24,7.31,7.18,7.24,1000700,KBS,2026-10-09T04:23:48Z
2025-02-11,APH,7.24,7.31,7.15,7.3,2026900,KBS,2026-10-09T04:23:48Z
2025-02-12,APH,7.4,7.5,7.3,7.3,360900,KBS,2026-10-09T04:23:48Z
2025-02-13,APH,7.27,7.28,7.24,7.25,296400,KBS,2026-10-09T04:23:48Z
2025-02-14,APH,7.26,7.3,7.22,7.24,390900,KBS,2026-10-09T04:23:48Z
2025-02-17,APH,7.22,7.32,7.21,7.3,310100,KBS,2026-10-09T04:23:48Z
2025-02-18,APH,7.3,7.38,7.24,7.31,329300,KBS,2026-10-09T04:23:48Z
2025-02-19,APH,7.3,7.48,7.3,7.48,561000,KBS,2026-10-09T04:23:48Z
2025-02-20,APH,7.45,7.47,7.1,7.36,788800,KBS,2026-10-09T04:23:48Z
2025-02-21,APH,7.41,7.41,7.21,7.26,904400,KBS,2026-10-09T04:23:48Z
2025-02-24,APH,7.29,7.29,7.16,7.22,617000,KBS,2026-10-09T04:23:48Z
2025-02-25,APH,7.23,7.35,7.2,7.2,438300,KBS,2026-10-09T04:23:48Z
2025-02-26,APH,7.29,7.31,7.16,7.2,354600,KBS,2026-10-09T04:23:48Z
2025-02-27,APH,7.29,7.29,7.11,7.16,721000,KBS,2026-10-09T04:23:48Z
2025-02-28,APH,7.15,7.25,7.11,7.2,412700,KBS,2026-10-09T04:23:48Z
2025-03-03,APH,7.2,7.3,7.19,7.27,444200,KBS,2026-10-09T04:23:48Z
2025-03-04,APH,7.26,7.26,7.06,7.16,711000,KBS,2026-10-09T04:23:48Z
2025-03-05,APH,7.16,7.22,7.1,7.14,391800,KBS,2026-10-09T04:23:48Z
2025-03-06,APH,7.2,7.26,7.17,7.18,362200,KBS,2026-10-09T04:23:48Z
2025-03-07,APH,7.17,7.25,7.12,7.18,287500,KBS,2026-10-09T04:23:48Z
2025-03-10,APH,7.17,7.25,7.1,7.14,750400,KBS,2026-10-09T04:23:48Z
2025-03-11,APH,7.14,7.3,7.07,7.25,890000,KBS,2026-10-09T04:23:48Z
2025-03-12,APH,7.29,7.29,7.13,7.18,270200,KBS,2026-10-09T04:23:48Z
2025-03-13,APH,7.1,7.2,7.02,7.1,1532700,KBS,2026-10-09T04:23:48Z
2025-03-14,APH,7.1,7.11,7.02,7.09,798400,KBS,2026-10-09T04:23:48Z
2025-03-17,APH,7.09,7.15,7.07,7.08,500500,KBS,2026-10-09T04:23:48Z
2025-03-18,APH,7.1,7.14,7.02,7.05,364600,KBS,2026-10-09T04:23:48Z
2025-03-19,APH,7.05,7.12,7.01,7.01,870600,KBS,2026-10-09T04:23:48Z
2025-03-20,APH,7.04,7.09,6.91,6.96,590900,KBS,2026-10-09T04:23:48Z
2025-03-21,APH,6.96,6.99,6.92,6.96,240700,KBS,2026-10-09T04:23:48Z
2025-03-24,APH,6.97,7.06,6.9,6.96,386800,KBS,2026-10-09T04:23:48Z
2025-03-25,APH,7.0,7.04,6.91,6.96,599700,KBS,2026-10-09T04:23:48Z
2025-03-26,APH,7.0,7.02,6.9,6.92,525600,KBS,2026-10-09T04:23:48Z
2025-03-27,APH,6.93,6.95,6.92,6.93,163500,KBS,2026-10-09T04:23:48Z
2025-03-28,APH,6.93,6.97,6.9,6.9,271900,KBS,2026-10-09T04:23:48Z
2025-03-31,APH,6.91,6.93,6.84,6.89,322900,KBS,2026-10-09T04:23:48Z
2025-04-01,APH,6.93,7.0,6.85,6.95,660000,KBS,2026-10-09T04:23:48Z
2025-04-02,APH,6.91,7.0,6.91,6.97,150900,KBS,2026-10-09T04:23:48Z
2025-04-03,APH,6.86,6.99,6.49,6.49,1804600,KBS,2026-10-09T04:23:48Z
2025-04-04,APH,6.04,6.34,6.04,6.3,903100,KBS,2026-10-09T04:23:48Z
2025-04-08,APH,6.26,6.26,5.9,5.91,2142300,KBS,2026-10-09T04:23:48Z
2025-04-09,APH,5.89,6.0,5.71,5.91,1135100,KBS,2026-10-09T04:23:48Z
2025-04-10,APH,6.32,6.32,6.32,6.32,79400,KBS,2026-10-09T04:23:48Z
2025-04-11,APH,6.7,6.7,6.35,6.59,573100,KBS,2026-10-09T04:23:48Z
2025-04-14,APH,6.75,6.79,6.62,6.7,373800,KBS,2026-10-09T04:23:48Z
2025-04-15,APH,6.68,6.77,6.68,6.76,469400,KBS,2026-10-09T04:23:48Z
2025-04-16,APH,6.77,6.85,6.7,6.75,516300,KBS,2026-10-09T04:23:48Z
2025-04-17,APH,6.28,6.75,6.28,6.74,816000,KBS,2026-10-09T04:23:48Z
2025-04-18,APH,6.65,6.84,6.65,6.79,201600,KBS,2026-10-09T04:23:48Z
2025-04-21,APH,6.84,6.9,6.73,6.8,232900,KBS,2026-10-09T04:23:48Z
2025-04-22,APH,6.7,6.78,6.51,6.68,631600,KBS,2026-10-09T04:23:48Z
2025-04-23,APH,6.7,6.88,6.68,6.72,133200,KBS,2026-10-09T04:23:48Z
2025-04-24,APH,6.72,6.77,6.67,6.75,159800,KBS,2026-10-09T04:23:48Z
2025-04-25,APH,6.75,6.75,6.68,6.73,278500,KBS,2026-10-09T04:23:48Z
2025-04-28,APH,6.72,6.74,6.7,6.7,103500,KBS,2026-10-09T04:23:48Z
2025-04-29,APH,6.65,6.7,6.62,6.62,114600,KBS,2026-10-09T04:23:48Z
2025-05-05,APH,6.68,6.68,6.5,6.5,173200,KBS,2026-10-09T04:23:48Z
2025-05-06,APH,6.52,6.57,6.42,6.5,196700,KBS,2026-10-09T04:23:48Z
2025-05-07,APH,6.5,6.54,6.41,6.41,158900,KBS,2026-10-09T04:23:48Z
2025-05-08,APH,6.5,6.5,6.4,6.46,204800,KBS,2026-10-09T04:23:48Z
2025-05-09,APH,6.45,6.49,6.36,6.36,310800,KBS,2026-10-09T04:23:48Z
2025-05-12,APH,6.35,6.48,6.35,6.4,169000,KBS,2026-10-09T04:23:48Z
2025-05-13,APH,6.45,6.49,6.35,6.4,210200,KBS,2026-10-09T04:23:48Z
2025-05-14,APH,6.41,6.55,6.4,6.52,521600,KBS,2026-10-09T04:23:48Z
2025-05-15,APH,6.54,6.58,6.44,6.51,277000,KBS,2026-10-09T04:23:48Z
2025-05-16,APH,6.54,6.54,6.42,6.44,258900,KBS,2026-10-09T04:23:48Z
2025-05-19,APH,6.44,6.5,6.38,6.4,478900,KBS,2026-10-09T04:23:48Z
2025-05-20,APH,6.35,6.4,6.33,6.36,538900,KBS,2026-10-09T04:23:48Z
2025-05-21,APH,6.44,6.44,6.29,6.29,398400,KBS,2026-10-09T04:23:48Z
2025-05-22,APH,6.3,6.38,6.16,6.22,401800,KBS,2026-10-09T04:23:48Z
2025-05-23,APH,6.22,6.37,6.19,6.22,207500,KBS,2026-10-09T04:23:48Z
2025-05-26,APH,6.22,6.29,6.18,6.23,292800,KBS,2026-10-09T04:23:48Z
2025-05-27,APH,6.29,6.48,6.28,6.42,472700,KBS,2026-10-09T04:23:48Z
2025-05-28,APH,6.45,6.5,6.32,6.36,347700,KBS,2026-10-09T04:23:48Z
2025-05-29,APH,6.5,6.5,6.31,6.38,258800,KBS,2026-10-09T04:23:48Z
2025-05-30,APH,6.35,6.44,6.28,6.29,282000,KBS,2026-10-09T04:23:48Z
2025-06-02,APH,6.31,6.43,6.25,6.27,236500,KBS,2026-10-09T04:23:48Z
2025-06-03,APH,6.3,6.36,6.28,6.31,422400,KBS,2026-10-09T04:23:48Z
2025-06-04,APH,6.37,6.38,6.26,6.31,616200,KBS,2026-10-09T04:23:48Z
2025-06-05,APH,6.3,6.42,6.3,6.4,589200,KBS,2026-10-09T04:23:48Z
2025-06-06,APH,6.46,6.69,6.45,6.49,738200,KBS,2026-10-09T04:23:48Z
2025-06-09,APH,6.49,6.49,6.3,6.37,327000,KBS,2026-10-09T04:23:48Z
2025-06-10,APH,6.39,6.41,6.31,6.31,350800,KBS,2026-10-09T04:23:48Z
2025-06-11,APH,6.31,6.35,6.29,6.31,171300,KBS,2026-10-09T04:23:48Z
2025-06-12,APH,6.31,6.4,6.28,6.32,369300,KBS,2026-10-09T04:23:48Z
2025-06-13,APH,6.26,6.3,6.2,6.22,417500,KBS,2026-10-09T04:23:48Z
2025-06-16,APH,6.2,6.25,6.19,6.25,493100,KBS,2026-10-09T04:23:48Z
2025-06-17,APH,6.34,6.34,6.2,6.24,223400,KBS,2026-10-09T04:23:48Z
2025-06-18,APH,6.24,6.28,6.18,6.2,435700,KBS,2026-10-09T04:23:48Z
2025-06-19,APH,6.25,6.25,6.15,6.18,198100,KBS,2026-10-09T04:23:48Z
2025-06-20,APH,6.18,6.21,6.1,6.14,349400,KBS,2026-10-09T04:23:48Z
2025-06-23,APH,6.14,6.14,6.04,6.04,350000,KBS,2026-10-09T04:23:48Z
2025-06-24,APH,6.1,6.16,6.09,6.13,287500,KBS,2026-10-09T04:23:48Z
2025-06-25,APH,6.15,6.17,6.11,6.13,161100,KBS,2026-10-09T04:23:48Z
2025-06-26,APH,6.12,6.13,6.07,6.13,154400,KBS,2026-10-09T04:23:48Z
2025-06-27,APH,6.13,6.14,6.09,6.12,109000,KBS,2026-10-09T04:23:48Z
2025-06-30,APH,6.15,6.2,6.14,6.15,120800,KBS,2026-10-09T04:23:48Z
2025-07-01,APH,6.16,6.19,6.11,6.12,223800,KBS,2026-10-09T04:23:48Z
2025-07-02,APH,6.12,6.17,6.11,6.12,148500,KBS,2026-10-09T04:23:48Z
2025-07-03,APH,6.18,6.19,6.11,6.12,380300,KBS,2026-10-09T04:23:48Z
2025-07-04,APH,6.15,6.24,6.15,6.19,377300,KBS,2026-10-09T04:23:48Z
2025-07-07,APH,6.23,6.25,6.19,6.21,402000,KBS,2026-10-09T04:23:48Z
2025-07-08,APH,6.21,6.31,6.19,6.27,485800,KBS,2026-10-09T04:23:48Z
2025-07-09,APH,6.32,6.32,6.27,6.3,435600,KBS,2026-10-09T04:23:48Z
2025-07-10,APH,6.35,6.73,6.32,6.54,1203800,KBS,2026-10-09T04:23:48Z
2025-07-11,APH,6.54,6.66,6.45,6.45,574800,KBS,2026-10-09T04:23:48Z
2025-07-14,APH,6.54,6.54,6.35,6.48,897800,KBS,2026-10-09T04:23:48Z
2025-07-15,APH,6.48,6.63,6.47,6.57,869600,KBS,2026-10-09T04:23:48Z
2025-07-16,APH,6.51,6.6,6.51,6.57,457900,KBS,2026-10-09T04:23:48Z
2025-07-17,APH,6.67,6.89,6.62,6.71,915100,KBS,2026-10-09T04:23:48Z
2025-07-18,APH,6.75,6.79,6.67,6.77,832700,KBS,2026-10-09T04:23:48Z
2025-07-21,APH,6.85,6.85,6.65,6.7,430400,KBS,2026-10-09T04:23:48Z
2025-07-22,APH,6.7,6.74,6.61,6.66,354700,KBS,2026-10-09T04:23:48Z
2025-07-23,APH,6.7,6.76,6.65,6.69,526000,KBS,2026-10-09T04:23:48Z
2025-07-24,APH,6.75,7.06,6.75,6.88,1111100,KBS,2026-10-09T04:23:48Z
2025-07-25,APH,6.88,6.98,6.78,6.79,422000,KBS,2026-10-09T04:23:48Z
2025-07-28,APH,6.99,6.99,6.79,6.9,937800,KBS,2026-10-09T04:23:48Z
2025-07-29,APH,6.9,6.95,6.5,6.57,836000,KBS,2026-10-09T04:23:48Z
2025-07-30,APH,6.57,7.02,6.57,7.02,1391600,KBS,2026-10-09T04:23:48Z
2025-07-31,APH,7.22,7.48,7.22,7.32,1485200,KBS,2026-10-09T04:23:48Z
2025-08-01,APH,7.35,7.35,7.05,7.09,722100,KBS,2026-10-09T04:23:48Z
2025-08-04,APH,7.1,7.22,7.02,7.1,569000,KBS,2026-10-09T04:23:48Z
2025-08-05,APH,7.11,7.19,7.0,7.05,1050900,KBS,2026-10-09T04:23:48Z
2025-08-06,APH,7.08,7.16,7.07,7.1,401100,KBS,2026-10-09T04:23:48Z
2025-08-07,APH,7.19,7.25,7.12,7.19,584400,KBS,2026-10-09T04:23:48Z
2025-08-08,APH,7.19,7.38,7.16,7.24,847500,KBS,2026-10-09T04:23:48Z
2025-08-11,APH,7.26,7.3,7.1,7.25,556400,KBS,2026-10-09T04:23:48Z
2025-08-12,APH,7.28,7.3,7.15,7.21,406200,KBS,2026-10-09T04:23:48Z
2025-08-13,APH,7.23,7.23,7.1,7.21,866300,KBS,2026-10-09T04:23:48Z
2025-08-14,APH,7.26,7.54,7.16,7.39,1317900,KBS,2026-10-09T04:23:48Z
2025-08-15,APH,7.4,7.4,7.1,7.23,533500,KBS,2026-10-09T04:23:48Z
2025-08-18,APH,7.18,7.23,7.09,7.1,588400,KBS,2026-10-09T04:23:48Z
2025-08-19,APH,7.13,7.29,7.08,7.17,813200,KBS,2026-10-09T04:23:48Z
2025-08-20,APH,7.13,7.19,7.02,7.06,743500,KBS,2026-10-09T04:23:48Z
2025-08-21,APH,7.08,7.15,7.02,7.02,403500,KBS,2026-10-09T04:23:48Z
2025-08-22,APH,7.08,7.08,6.74,6.81,1013000,KBS,2026-10-09T04:23:48Z
2025-08-25,APH,6.71,7.08,6.71,6.78,237900,KBS,2026-10-09T04:23:48Z
2025-08-26,APH,6.76,6.9,6.76,6.79,266500,KBS,2026-10-09T04:23:48Z
2025-08-27,APH,6.77,6.9,6.77,6.82,212900,KBS,2026-10-09T04:23:48Z
2025-08-28,APH,6.85,6.9,6.83,6.84,179700,KBS,2026-10-09T04:23:48Z
2025-08-29,APH,6.85,6.93,6.83,6.83,327000,KBS,2026-10-09T04:23:48Z
2025-09-03,APH,6.83,6.98,6.83,6.9,167600,KBS,2026-10-09T04:23:48Z
2025-09-04,APH,6.95,7.01,6.9,6.92,274600,KBS,2026-10-09T04:23:48Z
2025-09-05,APH,6.92,7.05,6.92,7.0,802900,KBS,2026-10-09T04:23:48Z
2025-09-08,APH,7.0,7.0,6.83,6.83,298600,KBS,2026-10-09T04:23:48Z
2025-09-09,APH,6.83,6.85,6.71,6.79,541900,KBS,2026-10-09T04:23:48Z
2025-09-10,APH,6.75,6.8,6.65,6.75,457600,KBS,2026-10-09T04:23:48Z
2025-09-11,APH,6.71,6.74,6.48,6.64,668300,KBS,2026-10-09T04:23:48Z
2025-09-12,APH,6.67,6.71,6.63,6.68,195900,KBS,2026-10-09T04:23:48Z
2025-09-15,APH,6.79,6.79,6.71,6.78,252400,KBS,2026-10-09T04:23:48Z
2025-09-16,APH,6.78,6.82,6.73,6.73,181400,KBS,2026-10-09T04:23:48Z
2025-09-17,APH,6.73,6.8,6.71,6.71,438600,KBS,2026-10-09T04:23:48Z
2025-09-18,APH,6.73,6.75,6.64,6.65,248400,KBS,2026-10-09T04:23:48Z
2025-09-19,APH,6.74,6.75,6.64,6.65,134400,KBS,2026-10-09T04:23:48Z
2025-09-22,APH,6.65,6.65,6.47,6.55,396800,KBS,2026-10-09T04:23:48Z
2025-09-23,APH,6.5,6.6,6.5,6.6,141900,KBS,2026-10-09T04:23:48Z
2025-09-24,APH,6.6,6.6,6.48,6.58,128100,KBS,2026-10-09T04:23:48Z
2025-09-25,APH,6.58,6.64,6.58,6.6,129200,KBS,2026-10-09T04:23:48Z
2025-09-26,APH,6.6,6.82,6.55,6.71,577800,KBS,2026-10-09T04:23:48Z
2025-09-29,APH,6.71,6.73,6.61,6.61,168900,KBS,2026-10-09T04:23:48Z
2025-09-30,APH,6.61,6.64,6.41,6.42,499500,KBS,2026-10-09T04:23:48Z
2025-10-01,APH,6.46,6.46,6.3,6.43,376000,KBS,2026-10-09T04:23:48Z
2025-10-02,APH,6.43,6.53,6.36,6.39,151200,KBS,2026-10-09T04:23:48Z
2025-10-03,APH,6.39,6.39,6.3,6.3,232400,KBS,2026-10-09T04:23:48Z
2025-10-06,APH,6.32,6.53,6.31,6.5,400700,KBS,2026-10-09T04:23:48Z
2025-10-07,APH,6.41,6.64,6.41,6.43,88600,KBS,2026-10-09T04:23:48Z
2025-10-08,APH,6.45,6.5,6.4,6.41,238700,KBS,2026-10-09T04:23:48Z
2025-10-09,APH,6.41,6.45,6.36,6.4,136300,KBS,2026-10-09T04:23:48Z
2025-10-10,APH,6.38,6.41,6.36,6.39,231500,KBS,2026-10-09T04:23:48Z
2025-10-13,APH,6.39,6.4,6.33,6.33,324900,KBS,2026-10-09T04:23:48Z
2025-10-14,APH,6.33,6.35,6.2,6.23,444300,KBS,2026-10-09T04:23:48Z
2025-10-15,APH,6.23,6.26,6.17,6.19,261400,KBS,2026-10-09T04:23:48Z
2025-10-16,APH,6.26,6.26,6.16,6.2,170500,KBS,2026-10-09T04:23:48Z
2025-10-17,APH,6.2,6.24,6.18,6.21,261700,KBS,2026-10-09T04:23:48Z
2025-10-20,APH,6.21,6.23,6.0,6.0,406200,KBS,2026-10-09T04:23:48Z
2025-10-21,APH,6.01,6.13,6.0,6.12,375700,KBS,2026-10-09T04:23:48Z
2025-10-22,APH,6.15,6.2,6.14,6.2,317700,KBS,2026-10-09T04:23:48Z
2025-10-23,APH,6.1,6.39,6.1,6.22,107100,KBS,2026-10-09T04:23:48Z
2025-10-24,APH,6.25,6.25,6.18,6.2,140100,KBS,2026-10-09T04:23:48Z
2025-10-27,APH,6.2,6.22,6.19,6.2,139500,KBS,2026-10-09T04:23:48Z
2025-10-28,APH,6.19,6.26,6.19,6.26,164800,KBS,2026-10-09T04:23:48Z
2025-10-29,APH,6.65,6.65,6.51,6.58,429500,KBS,2026-10-09T04:23:48Z
2025-10-30,APH,6.79,6.79,6.63,6.69,543900,KBS,2026-10-09T04:23:48Z
2025-10-31,APH,6.74,6.74,6.6,6.6,216300,KBS,2026-10-09T04:23:48Z
2025-11-03,APH,6.39,6.7,6.39,6.48,109100,KBS,2026-10-09T04:23:48Z
2025-11-04,APH,6.42,6.47,6.21,6.41,287900,KBS,2026-10-09T04:23:48Z
2025-11-05,APH,6.41,6.48,6.38,6.4,62500,KBS,2026-10-09T04:23:48Z
2025-11-06,APH,6.49,6.49,6.35,6.35,101200,KBS,2026-10-09T04:23:48Z
2025-11-07,APH,6.35,6.35,6.2,6.25,328200,KBS,2026-10-09T04:23:48Z
2025-11-10,APH,6.25,6.25,6.17,6.2,111900,KBS,2026-10-09T04:23:48Z
2025-11-11,APH,6.24,6.28,6.19,6.28,168200,KBS,2026-10-09T04:23:48Z
2025-11-12,APH,6.28,6.28,6.2,6.25,216400,KBS,2026-10-09T04:23:48Z
2025-11-13,APH,6.25,6.29,6.2,6.24,184300,KBS,2026-10-09T04:23:48Z
2025-11-14,APH,6.21,6.25,6.21,6.23,193500,KBS,2026-10-09T04:23:48Z
2025-11-17,APH,6.23,6.32,6.22,6.3,277600,KBS,2026-10-09T04:23:48Z
2025-11-18,APH,6.29,6.46,6.29,6.37,267200,KBS,2026-10-09T04:23:48Z
2025-11-19,APH,6.42,6.42,6.31,6.37,165600,KBS,2026-10-09T04:23:48Z
2025-11-20,APH,6.49,6.81,6.41,6.74,1145900,KBS,2026-10-09T04:23:48Z
2025-11-21,APH,6.66,6.77,6.6,6.71,567800,KBS,2026-10-09T04:23:48Z
2025-11-24,APH,6.7,6.75,6.6,6.7,310700,KBS,2026-10-09T04:23:48Z
2025-11-25,APH,6.62,6.7,6.54,6.55,442200,KBS,2026-10-09T04:23:48Z
2025-11-26,APH,6.57,6.65,6.55,6.55,142400,KBS,2026-10-09T04:23:48Z
2025-11-27,APH,6.56,6.67,6.55,6.57,169800,KBS,2026-10-09T04:23:48Z
2025-11-28,APH,6.47,6.65,6.47,6.54,135300,KBS,2026-10-09T04:23:48Z
2025-12-01,APH,6.55,6.66,6.53,6.66,369900,KBS,2026-10-09T04:23:48Z
2025-12-02,APH,6.66,6.69,6.56,6.63,268000,KBS,2026-10-09T04:23:48Z
2025-12-03,APH,6.63,6.73,6.63,6.65,344800,KBS,2026-10-09T04:23:48Z
2025-12-04,APH,6.76,6.9,6.7,6.8,504000,KBS,2026-10-09T04:23:48Z
2025-12-05,APH,6.83,7.1,6.83,6.98,1189100,KBS,2026-10-09T04:23:48Z
2025-12-08,APH,6.98,7.08,6.95,6.95,447900,KBS,2026-10-09T04:23:48Z
2025-12-09,APH,6.84,7.43,6.84,7.34,2241200,KBS,2026-10-09T04:23:48Z
2025-12-10,APH,7.34,7.4,7.21,7.28,392500,KBS,2026-10-09T04:23:48Z
2025-12-11,APH,7.28,7.28,6.98,6.98,679300,KBS,2026-10-09T04:23:48Z
2025-12-12,APH,6.99,7.04,6.5,6.5,571100,KBS,2026-10-09T04:23:48Z
2025-12-15,APH,6.66,6.79,6.53,6.65,349000,KBS,2026-10-09T04:23:48Z
2025-12-16,APH,6.57,6.65,6.38,6.65,498900,KBS,2026-10-09T04:23:48Z
2025-12-17,APH,6.66,6.66,6.5,6.54,190200,KBS,2026-10-09T04:23:48Z
2025-12-18,APH,6.6,6.6,6.41,6.43,585500,KBS,2026-10-09T04:23:48Z
2025-12-19,APH,6.5,6.5,6.39,6.42,457600,KBS,2026-10-09T04:23:48Z
2025-12-22,APH,6.45,6.45,6.3,6.34,787700,KBS,2026-10-09T04:23:48Z
2025-12-23,APH,6.35,6.37,6.25,6.28,768100,KBS,2026-10-09T04:23:48Z
2025-12-24,APH,6.25,6.35,6.24,6.35,557500,KBS,2026-10-09T04:23:48Z
2025-12-25,APH,6.29,6.35,6.24,6.3,387400,KBS,2026-10-09T04:23:48Z
2025-12-26,APH,6.3,6.32,6.22,6.29,446800,KBS,2026-10-09T04:23:48Z
2025-12-29,APH,6.4,6.4,6.3,6.3,186100,KBS,2026-10-09T04:23:48Z
2025-12-30,APH,6.3,6.33,6.3,6.32,116900,KBS,2026-10-09T04:23:48Z
2025-12-31,APH,6.36,6.37,6.32,6.35,132500,KBS,2026-10-09T04:23:48Z
2026-01-05,APH,6.35,6.38,6.31,6.34,483400,KBS,2026-10-09T04:23:48Z
2026-01-06,APH,6.34,6.39,6.34,6.37,244800,KBS,2026-10-09T04:23:48Z
2026-01-07,APH,6.4,6.49,6.4,6.48,249500,KBS,2026-10-09T04:23:48Z
2026-01-08,APH,6.68,6.68,6.48,6.5,221400,KBS,2026-10-09T04:23:48Z
2026-01-09,APH,6.6,6.6,6.4,6.43,429000,KBS,2026-10-09T04:23:48Z
2026-01-12,APH,6.43,6.55,6.4,6.55,366900,KBS,2026-10-09T04:23:48Z
2026-01-13,APH,6.51,6.63,6.5,6.56,178800,KBS,2026-10-09T04:23:48Z
2026-01-14,APH,6.6,6.6,6.47,6.55,544300,KBS,2026-10-09T04:23:48Z
2026-01-15,APH,6.55,6.6,6.48,6.53,456200,KBS,2026-10-09T04:23:48Z
2026-01-16,APH,6.53,6.58,6.48,6.48,307900,KBS,2026-10-09T04:23:48Z
2026-01-19,APH,6.65,6.65,6.47,6.56,133800,KBS,2026-10-09T04:23:48Z
2026-01-20,APH,6.56,6.57,6.48,6.48,156700,KBS,2026-10-09T04:23:48Z
2026-01-21,APH,6.48,6.55,6.39,6.44,245900,KBS,2026-10-09T04:23:48Z
2026-01-22,APH,6.44,6.53,6.36,6.47,278400,KBS,2026-10-09T04:23:48Z
2026-01-23,APH,6.5,6.53,6.39,6.39,64100,KBS,2026-10-09T04:23:48Z
2026-01-26,APH,6.4,6.4,6.25,6.3,216900,KBS,2026-10-09T04:23:48Z
2026-01-27,APH,6.31,6.31,6.25,6.3,286400,KBS,2026-10-09T04:23:48Z
2026-01-28,APH,6.29,6.3,6.21,6.23,200700,KBS,2026-10-09T04:23:48Z
2026-01-29,APH,6.26,6.3,6.16,6.26,314600,KBS,2026-10-09T04:23:48Z
2026-01-30,APH,6.3,6.39,6.21,6.33,345000,KBS,2026-10-09T04:23:48Z
2026-02-02,APH,6.34,6.34,6.23,6.24,332400,KBS,2026-10-09T04:23:48Z
2026-02-03,APH,6.26,6.3,6.24,6.27,305800,KBS,2026-10-09T04:23:48Z
2026-02-04,APH,6.26,6.27,6.22,6.24,260600,KBS,2026-10-09T04:23:48Z
2026-02-05,APH,6.26,6.27,6.22,6.23,187900,KBS,2026-10-09T04:23:48Z
2026-02-06,APH,6.23,6.23,6.1,6.1,578200,KBS,2026-10-09T04:23:48Z
2026-02-09,APH,6.16,6.2,6.11,6.12,138700,KBS,2026-10-09T04:23:48Z
2026-02-10,APH,6.12,6.2,6.1,6.12,451300,KBS,2026-10-09T04:23:48Z
2026-02-11,APH,6.12,6.17,6.11,6.17,154800,KBS,2026-10-09T04:23:48Z
2026-02-12,APH,6.2,6.26,6.17,6.19,80600,KBS,2026-10-09T04:23:48Z
2026-02-13,APH,6.19,6.23,6.12,6.19,66500,KBS,2026-10-09T04:23:48Z
2026-02-23,APH,6.22,6.3,6.22,6.26,109400,KBS,2026-10-09T04:23:48Z
2026-02-24,APH,6.25,6.38,6.25,6.29,72800,KBS,2026-10-09T04:23:48Z
2026-02-25,APH,6.29,6.3,6.2,6.28,278800,KBS,2026-10-09T04:23:48Z
2026-02-26,APH,6.28,6.3,6.2,6.26,144500,KBS,2026-10-09T04:23:48Z
2026-02-27,APH,6.22,6.3,6.21,6.22,122000,KBS,2026-10-09T04:23:48Z
2026-03-02,APH,5.83,6.14,5.83,6.04,591100,KBS,2026-10-09T04:23:48Z
2026-03-03,APH,6.05,6.12,5.99,6.0,266800,KBS,2026-10-09T04:23:48Z
2026-03-04,APH,6.12,6.12,5.88,5.88,311200,KBS,2026-10-09T04:23:48Z
2026-03-05,APH,5.93,6.06,5.91,5.91,147800,KBS,2026-10-09T04:23:48Z
2026-03-06,APH,5.95,5.98,5.86,5.86,154400,KBS,2026-10-09T04:23:48Z
2026-03-09,APH,5.8,5.8,5.45,5.45,600700,KBS,2026-10-09T04:23:48Z
2026-03-10,APH,5.51,5.8,5.51,5.58,190200,KBS,2026-10-09T04:23:48Z
2026-03-11,APH,5.73,5.73,5.58,5.68,163500,KBS,2026-10-09T04:23:48Z
2026-03-12,APH,5.7,5.7,5.6,5.63,98200,KBS,2026-10-09T04:23:48Z
2026-03-13,APH,5.61,5.73,5.61,5.63,87000,KBS,2026-10-09T04:23:48Z
2026-03-16,APH,5.64,5.8,5.64,5.73,95600,KBS,2026-10-09T04:23:48Z
2026-03-17,APH,5.72,5.79,5.68,5.73,150500,KBS,2026-10-09T04:23:48Z
2026-03-18,APH,5.72,5.75,5.65,5.67,98500,KBS,2026-10-09T04:23:48Z
2026-03-19,APH,5.66,5.73,5.5,5.6,202000,KBS,2026-10-09T04:23:48Z
2026-03-20,APH,5.6,5.6,5.46,5.46,300300,KBS,2026-10-09T04:23:48Z
2026-03-23,APH,5.5,5.58,5.39,5.4,195400,KBS,2026-10-09T04:23:48Z
2026-03-24,APH,5.55,5.57,5.48,5.53,76600,KBS,2026-10-09T04:23:48Z
2026-03-25,APH,5.53,5.61,5.53,5.6,100900,KBS,2026-10-09T04:23:48Z
2026-03-26,APH,5.59,5.7,5.57,5.65,156400,KBS,2026-10-09T04:23:48Z
2026-03-27,APH,5.69,5.69,5.54,5.64,124700,KBS,2026-10-09T04:23:48Z
2026-03-30,APH,5.64,5.64,5.55,5.58,168300,KBS,2026-10-09T04:23:48Z
2026-03-31,APH,5.56,5.61,5.55,5.56,138900,KBS,2026-10-09T04:23:48Z
2026-04-01,APH,5.6,5.64,5.51,5.59,111300,KBS,2026-10-09T04:23:48Z
2026-04-02,APH,5.6,5.6,5.55,5.55,54100,KBS,2026-10-09T04:23:48Z
2026-04-03,APH,5.55,5.6,5.52,5.53,87300,KBS,2026-10-09T04:23:48Z
2026-04-06,APH,5.55,5.55,5.49,5.52,139600,KBS,2026-10-09T04:23:48Z
2026-04-07,APH,5.52,5.53,5.46,5.48,45700,KBS,2026-10-09T04:23:48Z
2026-04-08,APH,5.55,5.69,5.5,5.57,179900,KBS,2026-10-09T04:23:48Z
2026-04-09,APH,5.58,5.58,5.53,5.58,76300,KBS,2026-10-09T04:23:48Z
2026-04-10,APH,5.58,5.61,5.55,5.59,112500,KBS,2026-10-09T04:23:48Z
2026-04-13,APH,5.56,5.6,5.55,5.56,59900,KBS,2026-10-09T04:23:48Z
2026-04-14,APH,5.59,5.6,5.53,5.58,179500,KBS,2026-10-09T04:23:48Z
2026-04-15,APH,5.56,5.63,5.56,5.62,195900,KBS,2026-10-09T04:23:48Z
2026-04-16,APH,5.61,5.62,5.56,5.57,56700,KBS,2026-10-09T04:23:48Z
2026-04-17,APH,5.58,5.58,5.55,5.58,97900,KBS,2026-10-09T04:23:48Z
2026-04-20,APH,5.58,5.65,5.52,5.55,90400,KBS,2026-10-09T04:23:48Z
2026-04-21,APH,5.59,5.6,5.53,5.53,72600,KBS,2026-10-09T04:23:48Z
2026-04-22,APH,5.54,5.56,5.5,5.55,185900,KBS,2026-10-09T04:23:48Z
2026-04-23,APH,5.55,5.56,5.48,5.54,81300,KBS,2026-10-09T04:23:48Z
2026-04-24,APH,5.54,5.54,5.47,5.48,117600,KBS,2026-10-09T04:23:48Z
2026-04-28,APH,5.49,5.5,5.46,5.47,122100,KBS,2026-10-09T04:23:48Z
2026-04-29,APH,5.51,5.85,5.48,5.83,644700,KBS,2026-10-09T04:23:48Z
2026-05-04,APH,6.08,6.08,5.89,5.95,346000,KBS,2026-10-09T04:23:48Z
2026-05-05,APH,5.95,5.95,5.81,5.84,213100,KBS,2026-10-09T04:23:48Z
2026-05-06,APH,5.84,5.96,5.78,5.89,265900,KBS,2026-10-09T04:23:48Z
2026-05-07,APH,5.8,5.85,5.79,5.8,213500,KBS,2026-10-09T04:23:48Z
2026-05-08,APH,5.8,5.85,5.74,5.78,89100,KBS,2026-10-09T04:23:48Z
2026-05-11,APH,5.78,5.78,5.69,5.7,94600,KBS,2026-10-09T04:23:48Z
2026-05-12,APH,5.68,5.79,5.66,5.75,63600,KBS,2026-10-09T04:23:48Z
2026-05-13,APH,5.75,5.76,5.68,5.71,100900,KBS,2026-10-09T04:23:48Z
2026-05-14,APH,5.78,5.78,5.7,5.7,57100,KBS,2026-10-09T04:23:48Z
2026-05-15,APH,5.71,5.72,5.68,5.71,90200,KBS,2026-10-09T04:23:48Z
2026-05-18,APH,5.69,5.71,5.63,5.65,134100,KBS,2026-10-09T04:23:48Z
2026-05-19,APH,5.69,5.8,5.64,5.68,137200,KBS,2026-10-09T04:23:48Z
2026-05-20,APH,5.68,5.7,5.53,5.58,206800,KBS,2026-10-09T04:23:48Z
2026-05-21,APH,5.59,5.62,5.53,5.56,219200,KBS,2026-10-09T04:23:48Z
2026-05-22,APH,5.56,5.57,5.48,5.54,125600,KBS,2026-10-09T04:23:48Z
2026-05-25,APH,5.54,5.58,5.5,5.56,115300,KBS,2026-10-09T04:23:48Z
2026-05-26,APH,5.52,5.58,5.51,5.51,79100,KBS,2026-10-09T04:23:48Z
2026-05-27,APH,5.52,5.56,5.49,5.52,95500,KBS,2026-10-09T04:23:48Z
2026-05-28,APH,5.52,5.61,5.52,5.55,182200,KBS,2026-10-09T04:23:48Z
2026-05-29,APH,5.6,5.61,5.55,5.55,163300,KBS,2026-10-09T04:23:48Z
2026-06-01,APH,5.54,5.56,5.51,5.55,153700,KBS,2026-10-09T04:23:48Z
2026-06-02,APH,5.52,5.53,5.46,5.47,199900,KBS,2026-10-09T04:23:48Z
2026-06-03,APH,5.55,5.55,5.44,5.46,196900,KBS,2026-10-09T04:23:48Z
2026-06-04,APH,5.47,5.53,5.44,5.45,101900,KBS,2026-10-09T04:23:48Z
2026-06-05,APH,5.45,5.51,5.42,5.45,146200,KBS,2026-10-09T04:23:48Z
2026-06-08,APH,5.45,5.48,5.41,5.44,115300,KBS,2026-10-09T04:23:48Z
2026-06-09,APH,5.39,5.51,5.35,5.48,112700,KBS,2026-10-09T04:23:48Z
2026-06-10,APH,5.44,5.52,5.44,5.52,100000,KBS,2026-10-09T04:23:48Z
2026-06-11,APH,5.51,5.56,5.43,5.55,126400,KBS,2026-10-09T04:23:48Z
2026-06-12,APH,5.58,5.76,5.56,5.56,215100,KBS,2026-10-09T04:23:48Z
2026-06-15,APH,5.7,5.7,5.56,5.61,19700,KBS,2026-10-09T04:23:48Z
2026-06-16,APH,5.61,5.64,5.56,5.59,86600,KBS,2026-10-09T04:23:48Z
2026-06-17,APH,5.59,5.8,5.58,5.69,161100,KBS,2026-10-09T04:23:48Z
2026-06-18,APH,5.63,5.69,5.6,5.61,101500,KBS,2026-10-09T04:23:48Z
2026-06-19,APH,5.55,5.61,5.5,5.54,284100,KBS,2026-10-09T04:23:48Z
2026-06-22,APH,5.53,5.67,5.53,5.58,38900,KBS,2026-10-09T04:23:48Z
2026-06-23,APH,5.58,5.6,5.5,5.51,46100,KBS,2026-10-09T04:23:48Z
2026-06-24,APH,5.51,5.6,5.49,5.5,66600,KBS,2026-10-09T04:23:48Z
2026-06-25,APH,5.5,5.6,5.49,5.5,60700,KBS,2026-10-09T04:23:48Z
2026-06-26,APH,5.5,5.52,5.48,5.5,57100,KBS,2026-10-09T04:23:48Z
2026-06-29,APH,5.5,5.51,5.46,5.51,155800,KBS,2026-10-09T04:23:48Z
2026-06-30,APH,5.5,5.54,5.5,5.5,95000,KBS,2026-10-09T04:23:48Z
2026-07-01,APH,5.5,5.52,5.48,5.51,54300,KBS,2026-10-09T04:23:48Z
2026-07-02,APH,5.51,5.52,5.49,5.49,59600,KBS,2026-10-09T04:23:48Z
2026-07-03,APH,5.49,5.49,5.44,5.46,169600,KBS,2026-10-09T04:23:48Z
2026-07-06,APH,5.46,5.5,5.38,5.4,128500,KBS,2026-10-09T04:23:48Z
2026-07-07,APH,5.45,5.57,5.43,5.47,97100,KBS,2026-10-09T04:23:48Z
2026-07-08,APH,5.49,5.62,5.48,5.48,63300,KBS,2026-10-09T04:23:48Z
2026-07-09,APH,5.49,5.5,5.45,5.49,108400,KBS,2026-10-09T04:23:48Z
2026-07-10,APH,5.53,5.58,5.48,5.49,123900,KBS,2026-10-09T04:23:48Z
2026-07-13,APH,5.49,5.56,5.44,5.56,183400,KBS,2026-10-09T04:23:48Z
2026-07-14,APH,5.56,5.58,5.47,5.58,84200,KBS,2026-10-09T04:23:48Z
2026-07-15,APH,5.51,5.57,5.48,5.49,91400,KBS,2026-10-09T04:23:48Z
2026-07-16,APH,5.49,5.54,5.4,5.46,293100,KBS,2026-10-09T04:23:48Z
2026-07-17,APH,5.47,5.49,5.45,5.48,98400,KBS,2026-10-09T04:23:48Z
2026-07-20,APH,5.45,5.48,5.34,5.34,340200,KBS,2026-10-09T04:23:48Z
2026-07-21,APH,5.3,5.4,5.3,5.34,113800,KBS,2026-10-09T04:23:48Z
2026-07-22,APH,5.34,5.34,5.29,5.31,77500,KBS,2026-10-09T04:23:48Z
2026-07-23,APH,5.25,5.49,5.25,5.34,98400,KBS,2026-10-09T04:23:48Z
2026-07-24,APH,5.31,5.48,5.31,5.35,151000,KBS,2026-10-09T04:23:48Z
2026-07-27,APH,5.35,5.38,5.34,5.34,159200,KBS,2026-10-09T04:23:48Z
2026-07-28,APH,5.33,5.44,5.3,5.35,147600,KBS,2026-10-09T04:23:48Z
2026-07-29,APH,5.35,5.4,5.35,5.39,166200,KBS,2026-10-09T04:23:48Z
2026-07-30,APH,5.65,5.7,5.52,5.61,344800,KBS,2026-10-09T04:23:48Z
2026-07-31,APH,5.69,5.7,5.55,5.55,87100,KBS,2026-10-09T04:23:48Z
2026-08-03,APH,5.55,5.62,5.55,5.62,165000,KBS,2026-10-09T04:23:48Z
2026-08-04,APH,5.62,5.71,5.45,5.63,295800,KBS,2026-10-09T04:23:48Z
2026-08-05,APH,5.6,5.8,5.54,5.7,483900,KBS,2026-10-09T04:23:48Z
2026-08-06,APH,5.78,5.78,5.7,5.76,190000,KBS,2026-10-09T04:23:48Z
2026-08-07,APH,5.72,5.84,5.72,5.76,324200,KBS,2026-10-09T04:23:48Z
2026-08-10,APH,5.82,5.86,5.76,5.83,283100,KBS,2026-10-09T04:23:48Z
2026-08-11,APH,5.84,6.2,5.84,6.16,736800,KBS,2026-10-09T04:23:48Z
2026-08-12,APH,6.19,6.19,6.06,6.06,446800,KBS,2026-10-09T04:23:48Z
2026-08-13,APH,6.05,6.2,6.05,6.12,516400,KBS,2026-10-09T04:23:48Z
2026-08-14,APH,6.12,6.14,6.07,6.09,207500,KBS,2026-10-09T04:23:48Z
2026-08-17,APH,6.1,6.1,6.0,6.0,271400,KBS,2026-10-09T04:23:48Z
2026-08-18,APH,6.08,6.13,6.01,6.1,203600,KBS,2026-10-09T04:23:48Z
2026-08-19,APH,6.14,6.14,5.98,6.1,545100,KBS,2026-10-09T04:23:48Z
2026-08-20,APH,6.1,6.16,5.99,6.0,242100,KBS,2026-10-09T04:23:48Z
2026-08-21,APH,6.0,6.0,5.9,5.96,135000,KBS,2026-10-09T04:23:48Z
2026-08-24,APH,5.93,6.07,5.92,5.92,298700,KBS,2026-10-09T04:23:48Z
2026-08-25,APH,5.89,5.93,5.89,5.91,203700,KBS,2026-10-09T04:23:48Z
2026-08-26,APH,5.88,6.0,5.88,5.93,111400,KBS,2026-10-09T04:23:48Z
2026-08-27,APH,5.9,5.97,5.9,5.97,252600,KBS,2026-10-09T04:23:48Z
2026-08-28,APH,5.97,5.97,5.9,5.9,290800,KBS,2026-10-09T04:23:48Z
2026-09-03,APH,5.91,6.1,5.91,6.1,438800,KBS,2026-10-09T04:23:48Z
2026-09-04,APH,6.1,6.12,6.04,6.04,251100,KBS,2026-10-09T04:23:48Z
2026-09-07,APH,6.1,6.1,5.95,5.97,235900,KBS,2026-10-09T04:23:48Z
2026-09-08,APH,5.97,6.38,5.91,6.38,519700,KBS,2026-10-09T04:23:48Z
2026-09-09,APH,6.35,6.54,6.25,6.4,424600,KBS,2026-10-09T04:23:48Z
2026-09-10,APH,6.4,6.47,6.25,6.4,233500,KBS,2026-10-09T04:23:48Z
2026-09-11,APH,6.41,6.55,6.4,6.43,472000,KBS,2026-10-09T04:23:48Z
2026-09-14,APH,6.5,6.84,6.4,6.7,997600,KBS,2026-10-09T04:23:48Z
2026-09-15,APH,7.13,7.13,6.82,6.97,820500,KBS,2026-10-09T04:23:48Z
2026-09-16,APH,6.98,6.98,6.78,6.8,491100,KBS,2026-10-09T04:23:48Z
2026-09-17,APH,6.73,6.95,6.73,6.84,305000,KBS,2026-10-09T04:23:48Z
2026-09-18,APH,6.84,7.05,6.81,6.91,648000,KBS,2026-10-09T04:23:48Z
2026-09-21,APH,6.95,7.39,6.95,7.39,1522900,KBS,2026-10-09T04:23:48Z
2026-09-22,APH,7.58,7.58,7.31,7.32,615600,KBS,2026-10-09T04:23:48Z
2026-09-23,APH,7.23,7.33,7.0,7.06,752900,KBS,2026-10-09T04:23:48Z
2026-09-24,APH,7.06,7.2,6.9,7.11,755100,KBS,2026-10-09T04:23:48Z
2026-09-25,APH,7.11,7.18,6.99,7.0,229400,KBS,2026-10-09T04:23:48Z
2026-09-28,APH,7.05,7.05,6.75,6.89,806900,KBS,2026-10-09T04:23:48Z
2026-09-29,APH,6.67,6.86,6.67,6.8,434700,KBS,2026-10-09T04:23:48Z
2026-09-30,APH,6.97,6.97,6.75,6.76,247800,KBS,2026-10-09T04:23:48Z
2026-10-01,APH,6.76,6.99,6.75,6.96,302300,KBS,2026-10-09T04:23:48Z
2026-10-02,APH,7.0,7.0,6.9,6.98,166500,KBS,2026-10-09T04:23:48Z
2026-10-05,APH,7.07,7.18,6.98,7.0,544800,KBS,2026-10-09T04:23:48Z
2026-10-06,APH,7.02,7.08,6.86,6.98,340200,KBS,2026-10-09T04:23:48Z
2026-10-07,APH,6.98,7.4,6.94,7.4,578400,KBS,2026-10-09T04:23:48Z
2026-10-08,APH,7.4,7.5,7.28,7.28,420200,KBS,2026-10-09T04:23:48Z
2026-10-09,APH,7.28,7.3,7.03,7.08,233100,KBS,2026-10-09T04:23:48Z
