date,symbol,open,high,low,close,volume,source,fetched_at
2018-10-11,CNC,12.23,12.28,12.23,12.23,1400,KBS,2026-10-09T05:02:16Z
2018-10-12,CNC,12.28,12.28,12.28,12.28,100,KBS,2026-10-09T05:02:16Z
2018-10-15,CNC,12.63,14.1,12.63,14.1,700,KBS,2026-10-09T05:02:16Z
2018-10-19,CNC,11.82,11.82,11.82,11.82,100,KBS,2026-10-09T05:02:16Z
2018-11-02,CNC,10.61,10.61,10.61,10.61,100,KBS,2026-10-09T05:02:16Z
2018-11-06,CNC,12.18,12.18,12.18,12.18,100,KBS,2026-10-09T05:02:16Z
2018-11-12,CNC,10.36,12.38,10.36,12.38,200,KBS,2026-10-09T05:02:16Z
2018-11-13,CNC,10.61,10.61,10.61,10.61,100,KBS,2026-10-09T05:02:16Z
2018-11-14,CNC,11.62,11.62,11.62,11.62,102,KBS,2026-10-09T05:02:16Z
2018-11-16,CNC,10.36,10.61,10.1,10.1,300,KBS,2026-10-09T05:02:16Z
2018-11-19,CNC,10.26,10.26,10.16,10.16,200,KBS,2026-10-09T05:02:16Z
2018-11-20,CNC,10.61,11.62,10.61,11.62,400,KBS,2026-10-09T05:02:16Z
2018-11-21,CNC,11.62,11.62,11.62,11.62,100,KBS,2026-10-09T05:02:16Z
2018-11-22,CNC,10.16,10.16,10.16,10.16,100,KBS,2026-10-09T05:02:16Z
2018-11-27,CNC,11.62,11.62,11.62,11.62,100,KBS,2026-10-09T05:02:16Z
2018-11-28,CNC,10.41,10.41,10.41,10.41,100,KBS,2026-10-09T05:02:16Z
2018-11-29,CNC,11.87,11.87,11.87,11.87,200,KBS,2026-10-09T05:02:16Z
2018-11-30,CNC,10.66,10.66,10.66,10.66,100,KBS,2026-10-09T05:02:16Z
2018-12-03,CNC,11.57,11.57,11.57,11.57,100,KBS,2026-10-09T05:02:16Z
2018-12-04,CNC,9.85,9.85,9.85,9.85,100,KBS,2026-10-09T05:02:16Z
2018-12-05,CNC,11.32,11.32,11.32,11.32,100,KBS,2026-10-09T05:02:16Z
2018-12-06,CNC,10.02,10.02,10.02,10.02,100,KBS,2026-10-09T05:02:16Z
2018-12-07,CNC,11.48,11.48,11.48,11.48,600,KBS,2026-10-09T05:02:16Z
2018-12-10,CNC,13.17,13.17,13.17,13.17,100,KBS,2026-10-09T05:02:16Z
2018-12-11,CNC,13.06,13.06,13.06,13.06,100,KBS,2026-10-09T05:02:16Z
2018-12-17,CNC,11.15,11.15,11.15,11.15,100,KBS,2026-10-09T05:02:16Z
2018-12-20,CNC,12.05,12.1,12.05,12.1,1100,KBS,2026-10-09T05:02:16Z
2018-12-21,CNC,12.39,12.39,12.39,12.39,600,KBS,2026-10-09T05:02:16Z
2018-12-24,CNC,12.67,12.67,12.39,12.39,2500,KBS,2026-10-09T05:02:16Z
2018-12-26,CNC,11.54,11.54,11.54,11.54,100,KBS,2026-10-09T05:02:16Z
2018-12-27,CNC,11.54,11.54,11.54,11.54,6000,KBS,2026-10-09T05:02:16Z
2019-01-02,CNC,12.39,12.39,12.39,12.39,100,KBS,2026-10-09T05:02:16Z
2019-01-03,CNC,11.32,11.32,11.32,11.32,100,KBS,2026-10-09T05:02:16Z
2019-01-07,CNC,10.25,10.7,10.25,10.7,200,KBS,2026-10-09T05:02:16Z
2019-01-08,CNC,11.48,11.48,11.48,11.48,100,KBS,2026-10-09T05:02:16Z
2019-01-11,CNC,10.58,10.58,10.58,10.58,900,KBS,2026-10-09T05:02:16Z
2019-01-14,CNC,10.58,11.26,10.58,11.26,1100,KBS,2026-10-09T05:02:16Z
2019-01-15,CNC,11.26,11.26,11.26,11.26,1000,KBS,2026-10-09T05:02:16Z
2019-01-16,CNC,11.26,11.26,11.26,11.26,200,KBS,2026-10-09T05:02:16Z
2019-01-17,CNC,11.54,11.54,11.54,11.54,700,KBS,2026-10-09T05:02:16Z
2019-01-18,CNC,11.77,11.82,11.77,11.82,400,KBS,2026-10-09T05:02:16Z
2019-01-22,CNC,11.77,11.82,11.77,11.82,300,KBS,2026-10-09T05:02:16Z
2019-01-23,CNC,10.75,10.75,10.75,10.75,100,KBS,2026-10-09T05:02:16Z
2019-01-24,CNC,11.26,11.26,11.26,11.26,200,KBS,2026-10-09T05:02:16Z
2019-01-25,CNC,10.47,11.26,10.47,11.26,200,KBS,2026-10-09T05:02:16Z
2019-01-30,CNC,10.87,10.87,10.87,10.87,100,KBS,2026-10-09T05:02:16Z
2019-01-31,CNC,11.26,11.26,11.2,11.2,300,KBS,2026-10-09T05:02:16Z
2019-02-12,CNC,11.04,11.04,11.04,11.04,100,KBS,2026-10-09T05:02:16Z
2019-02-18,CNC,11.04,11.04,11.04,11.04,100,KBS,2026-10-09T05:02:16Z
2019-02-20,CNC,11.04,11.04,11.04,11.04,300,KBS,2026-10-09T05:02:16Z
2019-02-27,CNC,11.04,11.04,11.04,11.04,2060,KBS,2026-10-09T05:02:16Z
2019-02-28,CNC,11.26,11.26,11.26,11.26,2000,KBS,2026-10-09T05:02:16Z
2019-03-04,CNC,11.26,11.26,11.26,11.26,300,KBS,2026-10-09T05:02:16Z
2019-03-07,CNC,11.54,11.54,11.54,11.54,300,KBS,2026-10-09T05:02:16Z
2019-03-08,CNC,11.54,11.54,11.54,11.54,100,KBS,2026-10-09T05:02:16Z
2019-03-14,CNC,11.82,11.82,11.82,11.82,420,KBS,2026-10-09T05:02:16Z
2019-03-18,CNC,11.99,12.1,11.99,12.1,2900,KBS,2026-10-09T05:02:16Z
2019-03-20,CNC,13.23,13.23,13.23,13.23,100,KBS,2026-10-09T05:02:16Z
2019-03-21,CNC,12.95,12.95,12.95,12.95,200,KBS,2026-10-09T05:02:16Z
2019-03-22,CNC,11.04,11.04,11.04,11.04,140,KBS,2026-10-09T05:02:16Z
2019-03-25,CNC,12.1,12.1,12.1,12.1,100,KBS,2026-10-09T05:02:16Z
2019-03-26,CNC,11.04,13.51,11.04,13.51,200,KBS,2026-10-09T05:02:16Z
2019-03-27,CNC,12.22,12.22,12.22,12.22,100,KBS,2026-10-09T05:02:16Z
2019-03-28,CNC,11.26,11.26,11.26,11.26,100,KBS,2026-10-09T05:02:16Z
2019-03-29,CNC,12.67,12.67,12.67,12.67,300,KBS,2026-10-09T05:02:16Z
2019-04-01,CNC,11.37,11.37,11.37,11.37,100,KBS,2026-10-09T05:02:16Z
2019-04-02,CNC,12.95,13.06,12.95,13.06,1100,KBS,2026-10-09T05:02:16Z
2019-04-04,CNC,11.54,11.54,11.54,11.54,100,KBS,2026-10-09T05:02:16Z
2019-04-09,CNC,12.1,12.1,12.1,12.1,100,KBS,2026-10-09T05:02:16Z
2019-04-10,CNC,13.17,13.17,13.17,13.17,100,KBS,2026-10-09T05:02:16Z
2019-04-11,CNC,11.54,11.54,11.54,11.54,100,KBS,2026-10-09T05:02:16Z
2019-04-16,CNC,13.23,13.23,13.23,13.23,200,KBS,2026-10-09T05:02:16Z
2019-04-17,CNC,11.82,11.94,11.82,11.94,200,KBS,2026-10-09T05:02:16Z
2019-04-22,CNC,13.23,13.23,13.23,13.23,100,KBS,2026-10-09T05:02:16Z
2019-04-23,CNC,12.1,13.17,11.54,11.54,400,KBS,2026-10-09T05:02:16Z
2019-04-24,CNC,12.1,12.1,12.1,12.1,200,KBS,2026-10-09T05:02:16Z
2019-04-26,CNC,12.1,12.67,12.1,12.67,2600,KBS,2026-10-09T05:02:16Z
2019-05-02,CNC,12.67,12.67,12.67,12.67,700,KBS,2026-10-09T05:02:16Z
2019-05-03,CNC,12.96,12.96,12.96,12.96,100,KBS,2026-10-09T05:02:16Z
2019-05-06,CNC,12.96,12.96,12.96,12.96,40,KBS,2026-10-09T05:02:16Z
2019-05-08,CNC,11.86,11.86,11.86,11.86,100,KBS,2026-10-09T05:02:16Z
2019-05-09,CNC,13.59,13.59,13.59,13.59,100,KBS,2026-10-09T05:02:16Z
2019-05-10,CNC,11.86,11.86,11.86,11.86,100,KBS,2026-10-09T05:02:16Z
2019-05-16,CNC,10.71,11.86,10.71,11.86,420,KBS,2026-10-09T05:02:16Z
2019-05-17,CNC,12.09,12.09,12.09,12.09,800,KBS,2026-10-09T05:02:16Z
2019-05-23,CNC,12.38,12.38,12.38,12.38,1500,KBS,2026-10-09T05:02:16Z
2019-05-24,CNC,12.44,12.44,12.44,12.44,600,KBS,2026-10-09T05:02:16Z
2019-05-27,CNC,10.6,12.09,10.6,12.09,1610,KBS,2026-10-09T05:02:16Z
2019-05-28,CNC,12.09,12.09,12.09,12.09,1300,KBS,2026-10-09T05:02:16Z
2019-05-29,CNC,12.15,12.15,12.15,12.15,100,KBS,2026-10-09T05:02:16Z
2019-05-30,CNC,12.15,12.15,12.15,12.15,330,KBS,2026-10-09T05:02:16Z
2019-06-03,CNC,11.98,12.15,11.98,12.15,1250,KBS,2026-10-09T05:02:16Z
2019-06-05,CNC,12.09,12.09,12.09,12.09,100,KBS,2026-10-09T05:02:16Z
2019-06-06,CNC,11.29,11.29,11.29,11.29,110,KBS,2026-10-09T05:02:16Z
2019-06-11,CNC,12.32,12.32,12.09,12.09,200,KBS,2026-10-09T05:02:16Z
2019-06-12,CNC,12.21,12.21,12.21,12.21,200,KBS,2026-10-09T05:02:16Z
2019-06-13,CNC,11.52,11.52,11.52,11.52,100,KBS,2026-10-09T05:02:16Z
2019-06-17,CNC,12.96,12.96,12.96,12.96,100,KBS,2026-10-09T05:02:16Z
2019-06-18,CNC,11.57,12.09,11.57,12.09,600,KBS,2026-10-09T05:02:16Z
2019-06-19,CNC,12.03,12.03,12.03,12.03,600,KBS,2026-10-09T05:02:16Z
2019-06-20,CNC,11.8,11.8,11.8,11.8,4900,KBS,2026-10-09T05:02:16Z
2019-06-21,CNC,11.8,11.8,11.8,11.8,8600,KBS,2026-10-09T05:02:16Z
2019-06-24,CNC,11.8,11.8,11.8,11.8,1440,KBS,2026-10-09T05:02:16Z
2019-06-26,CNC,12.09,12.38,11.98,11.98,1000,KBS,2026-10-09T05:02:16Z
2019-06-27,CNC,12.09,12.55,12.09,12.09,1310,KBS,2026-10-09T05:02:16Z
2019-06-28,CNC,12.09,12.09,11.57,11.57,1310,KBS,2026-10-09T05:02:16Z
2019-07-02,CNC,11.34,11.34,11.34,11.34,100,KBS,2026-10-09T05:02:16Z
2019-07-03,CNC,11.8,11.8,11.8,11.8,200,KBS,2026-10-09T05:02:16Z
2019-07-04,CNC,11.92,11.92,11.86,11.86,600,KBS,2026-10-09T05:02:16Z
2019-07-05,CNC,10.82,11.98,10.82,11.98,200,KBS,2026-10-09T05:02:16Z
2019-07-09,CNC,12.03,12.03,12.03,12.03,100,KBS,2026-10-09T05:02:16Z
2019-07-10,CNC,11.98,12.03,11.98,12.03,200,KBS,2026-10-09T05:02:16Z
2019-07-11,CNC,12.03,12.03,12.03,12.03,1600,KBS,2026-10-09T05:02:16Z
2019-07-12,CNC,12.03,12.03,12.03,12.03,1300,KBS,2026-10-09T05:02:16Z
2019-07-15,CNC,11.17,11.17,11.17,11.17,100,KBS,2026-10-09T05:02:16Z
2019-07-16,CNC,11.29,11.29,11.29,11.29,100,KBS,2026-10-09T05:02:16Z
2019-07-19,CNC,11.98,11.98,11.98,11.98,100,KBS,2026-10-09T05:02:16Z
2019-07-22,CNC,11.29,11.29,11.29,11.29,100,KBS,2026-10-09T05:02:16Z
2019-07-24,CNC,12.09,12.09,12.09,12.09,100,KBS,2026-10-09T05:02:16Z
2019-07-25,CNC,11.4,11.4,11.4,11.4,100,KBS,2026-10-09T05:02:16Z
2019-07-29,CNC,11.29,11.29,9.73,9.73,2000,KBS,2026-10-09T05:02:16Z
2019-07-30,CNC,11.34,11.34,11.34,11.34,100,KBS,2026-10-09T05:02:16Z
2019-08-01,CNC,11.29,11.52,11.23,11.52,2000,KBS,2026-10-09T05:02:16Z
2019-08-06,CNC,11.75,11.75,11.75,11.75,100,KBS,2026-10-09T05:02:16Z
2019-08-07,CNC,11.92,11.92,11.92,11.92,110,KBS,2026-10-09T05:02:16Z
2019-08-09,CNC,11.92,12.38,11.92,12.38,500,KBS,2026-10-09T05:02:16Z
2019-08-12,CNC,12.55,12.55,12.55,12.55,100,KBS,2026-10-09T05:02:16Z
2019-08-16,CNC,11.98,11.98,11.98,11.98,100,KBS,2026-10-09T05:02:16Z
2019-08-19,CNC,11.52,11.63,11.52,11.63,1000,KBS,2026-10-09T05:02:16Z
2019-08-20,CNC,11.57,11.57,11.57,11.57,110,KBS,2026-10-09T05:02:16Z
2019-08-21,CNC,11.57,11.57,11.57,11.57,100,KBS,2026-10-09T05:02:16Z
2019-08-27,CNC,11.98,11.98,11.98,11.98,100,KBS,2026-10-09T05:02:16Z
2019-09-05,CNC,11.57,11.57,11.57,11.57,800,KBS,2026-10-09T05:02:16Z
2019-09-12,CNC,11.57,11.57,11.57,11.57,2200,KBS,2026-10-09T05:02:16Z
2019-09-16,CNC,12.03,12.03,12.03,12.03,500,KBS,2026-10-09T05:02:16Z
2019-09-17,CNC,11.57,11.57,11.57,11.57,700,KBS,2026-10-09T05:02:16Z
2019-09-23,CNC,11.52,12.03,11.11,11.11,500,KBS,2026-10-09T05:02:16Z
2019-09-26,CNC,12.03,12.03,12.03,12.03,100,KBS,2026-10-09T05:02:16Z
2019-10-02,CNC,11.4,13.07,10.25,13.07,900,KBS,2026-10-09T05:02:16Z
2019-10-03,CNC,11.11,11.11,11.11,11.11,900,KBS,2026-10-09T05:02:16Z
2019-10-04,CNC,12.67,12.67,12.67,12.67,100,KBS,2026-10-09T05:02:16Z
2019-10-08,CNC,10.94,10.94,10.94,10.94,100,KBS,2026-10-09T05:02:16Z
2019-10-10,CNC,12.44,12.44,11.75,11.75,200,KBS,2026-10-09T05:02:16Z
2019-10-18,CNC,12.03,12.03,12.03,12.03,100,KBS,2026-10-09T05:02:16Z
2019-10-22,CNC,11.8,11.8,11.8,11.8,500,KBS,2026-10-09T05:02:16Z
2019-10-23,CNC,11.75,11.75,11.75,11.75,500,KBS,2026-10-09T05:02:16Z
2019-10-25,CNC,11.63,11.63,11.63,11.63,500,KBS,2026-10-09T05:02:16Z
2019-10-29,CNC,11.4,11.4,11.4,11.4,500,KBS,2026-10-09T05:02:16Z
2019-10-30,CNC,11.4,11.4,11.4,11.4,500,KBS,2026-10-09T05:02:16Z
2019-11-04,CNC,11.8,12.67,11.8,12.61,3000,KBS,2026-10-09T05:02:16Z
2019-11-07,CNC,11.57,11.57,10.6,10.6,3010,KBS,2026-10-09T05:02:16Z
2019-11-11,CNC,12.32,12.32,12.32,12.32,100,KBS,2026-10-09T05:02:16Z
2019-11-14,CNC,11.23,11.23,11.23,11.23,100,KBS,2026-10-09T05:02:16Z
2019-11-19,CNC,11.75,11.75,11.52,11.52,810,KBS,2026-10-09T05:02:16Z
2019-11-20,CNC,11.52,11.52,11.52,11.52,1000,KBS,2026-10-09T05:02:16Z
2019-11-21,CNC,11.52,11.52,11.52,11.52,600,KBS,2026-10-09T05:02:16Z
2019-11-22,CNC,11.8,11.8,11.8,11.8,100,KBS,2026-10-09T05:02:16Z
2019-11-25,CNC,11.92,11.92,11.92,11.92,5100,KBS,2026-10-09T05:02:16Z
2019-11-26,CNC,11.8,11.8,11.75,11.75,300,KBS,2026-10-09T05:02:16Z
2019-11-27,CNC,11.8,11.86,11.8,11.8,1700,KBS,2026-10-09T05:02:16Z
2019-11-28,CNC,12.09,12.15,12.09,12.09,1400,KBS,2026-10-09T05:02:16Z
2019-11-29,CNC,12.09,12.09,12.03,12.09,2000,KBS,2026-10-09T05:02:16Z
2019-12-02,CNC,12.09,12.09,12.09,12.09,3210,KBS,2026-10-09T05:02:16Z
2019-12-03,CNC,11.98,12.09,11.98,12.09,2100,KBS,2026-10-09T05:02:16Z
2019-12-04,CNC,12.72,12.72,12.72,12.72,100,KBS,2026-10-09T05:02:16Z
2019-12-06,CNC,11.51,12.47,11.51,12.47,2100,KBS,2026-10-09T05:02:16Z
2019-12-09,CNC,12.34,12.4,12.34,12.4,3100,KBS,2026-10-09T05:02:16Z
2019-12-11,CNC,12.34,12.4,12.34,12.4,500,KBS,2026-10-09T05:02:16Z
2019-12-12,CNC,12.09,12.09,12.09,12.09,100,KBS,2026-10-09T05:02:16Z
2019-12-13,CNC,12.09,12.09,12.09,12.09,100,KBS,2026-10-09T05:02:16Z
2019-12-16,CNC,12.09,12.09,12.09,12.09,4100,KBS,2026-10-09T05:02:16Z
2019-12-17,CNC,12.02,12.02,12.02,12.02,1600,KBS,2026-10-09T05:02:16Z
2019-12-19,CNC,13.8,13.8,13.8,13.8,100,KBS,2026-10-09T05:02:16Z
2019-12-24,CNC,13.8,13.8,13.8,13.8,10,KBS,2026-10-09T05:02:16Z
2020-01-03,CNC,12.09,12.09,12.09,12.09,600,KBS,2026-10-09T05:02:16Z
2020-01-06,CNC,12.09,12.09,12.09,12.09,500,KBS,2026-10-09T05:02:16Z
2020-01-15,CNC,12.09,12.09,12.09,12.09,100,KBS,2026-10-09T05:02:16Z
2020-01-17,CNC,12.09,12.09,12.09,12.09,100,KBS,2026-10-09T05:02:16Z
2020-01-20,CNC,11.77,11.77,11.77,11.77,100,KBS,2026-10-09T05:02:16Z
2020-01-21,CNC,12.09,12.09,12.09,12.09,1000,KBS,2026-10-09T05:02:16Z
2020-02-03,CNC,13.3,13.3,13.04,13.04,200,KBS,2026-10-09T05:02:16Z
2020-02-05,CNC,14.82,14.82,12.72,12.72,600,KBS,2026-10-09T05:02:16Z
2020-02-06,CNC,14.12,14.12,12.98,12.98,400,KBS,2026-10-09T05:02:16Z
2020-02-07,CNC,13.3,13.3,13.04,13.04,1300,KBS,2026-10-09T05:02:16Z
2020-02-10,CNC,15.2,15.2,13.36,13.36,300,KBS,2026-10-09T05:02:16Z
2020-02-11,CNC,16.09,16.09,13.04,13.04,400,KBS,2026-10-09T05:02:16Z
2020-02-13,CNC,12.98,12.98,12.72,12.72,1500,KBS,2026-10-09T05:02:16Z
2020-02-14,CNC,12.79,12.79,12.72,12.72,1000,KBS,2026-10-09T05:02:16Z
2020-02-17,CNC,12.72,12.72,12.72,12.72,1000,KBS,2026-10-09T05:02:16Z
2020-02-19,CNC,13.3,13.3,12.72,13.04,1000,KBS,2026-10-09T05:02:16Z
2020-02-20,CNC,12.98,12.98,12.72,12.72,210,KBS,2026-10-09T05:02:16Z
2020-02-21,CNC,13.3,13.3,13.3,13.3,100,KBS,2026-10-09T05:02:16Z
2020-03-03,CNC,13.3,13.3,13.3,13.3,100,KBS,2026-10-09T05:02:16Z
2020-03-06,CNC,12.72,12.72,12.72,12.72,1610,KBS,2026-10-09T05:02:16Z
2020-03-09,CNC,12.72,12.72,12.6,12.6,800,KBS,2026-10-09T05:02:16Z
2020-03-11,CNC,12.4,12.4,12.09,12.09,400,KBS,2026-10-09T05:02:16Z
2020-03-12,CNC,12.09,12.09,12.09,12.09,300,KBS,2026-10-09T05:02:16Z
2020-03-13,CNC,11.45,12.4,11.45,12.4,3000,KBS,2026-10-09T05:02:16Z
2020-03-17,CNC,12.72,12.72,12.72,12.72,200,KBS,2026-10-09T05:02:16Z
2020-03-18,CNC,12.72,12.72,12.72,12.72,900,KBS,2026-10-09T05:02:16Z
2020-03-23,CNC,12.72,12.72,12.4,12.4,1500,KBS,2026-10-09T05:02:16Z
2020-03-24,CNC,12.6,12.6,12.53,12.53,900,KBS,2026-10-09T05:02:16Z
2020-03-25,CNC,12.53,12.53,12.53,12.53,1800,KBS,2026-10-09T05:02:16Z
2020-03-26,CNC,12.28,12.28,12.28,12.28,500,KBS,2026-10-09T05:02:16Z
2020-03-30,CNC,11.45,11.45,11.45,11.45,200,KBS,2026-10-09T05:02:16Z
2020-03-31,CNC,11.45,11.45,11.45,11.45,200,KBS,2026-10-09T05:02:16Z
2020-04-06,CNC,11.45,11.45,11.45,11.45,100,KBS,2026-10-09T05:02:16Z
2020-04-07,CNC,12.09,12.09,12.09,12.09,100,KBS,2026-10-09T05:02:16Z
2020-04-10,CNC,12.09,12.09,12.09,12.09,10,KBS,2026-10-09T05:02:16Z
2020-04-13,CNC,11.32,12.09,11.32,12.09,200,KBS,2026-10-09T05:02:16Z
2020-04-15,CNC,12.4,12.4,12.4,12.4,600,KBS,2026-10-09T05:02:16Z
2020-04-16,CNC,12.09,12.28,12.09,12.28,1300,KBS,2026-10-09T05:02:16Z
2020-04-17,CNC,12.72,12.72,12.72,12.72,100,KBS,2026-10-09T05:02:16Z
2020-04-20,CNC,12.09,12.72,12.09,12.72,200,KBS,2026-10-09T05:02:16Z
2020-04-21,CNC,13.93,13.93,12.4,12.4,600,KBS,2026-10-09T05:02:16Z
2020-04-22,CNC,13.93,13.93,12.4,12.4,1210,KBS,2026-10-09T05:02:16Z
2020-04-23,CNC,12.09,12.09,12.09,12.09,500,KBS,2026-10-09T05:02:16Z
2020-04-27,CNC,12.15,12.15,12.09,12.09,700,KBS,2026-10-09T05:02:16Z
2020-04-28,CNC,12.4,12.4,12.4,12.4,100,KBS,2026-10-09T05:02:16Z
2020-04-29,CNC,12.4,12.4,12.4,12.4,1000,KBS,2026-10-09T05:02:16Z
2020-05-04,CNC,12.4,12.72,12.4,12.72,6800,KBS,2026-10-09T05:02:16Z
2020-05-05,CNC,12.4,12.6,12.4,12.6,2200,KBS,2026-10-09T05:02:16Z
2020-05-06,CNC,12.6,12.72,12.6,12.6,2100,KBS,2026-10-09T05:02:16Z
2020-05-07,CNC,12.6,12.6,12.6,12.6,2100,KBS,2026-10-09T05:02:16Z
2020-05-08,CNC,12.6,14.44,12.6,12.72,2100,KBS,2026-10-09T05:02:16Z
2020-05-11,CNC,12.79,14.0,12.79,12.79,2800,KBS,2026-10-09T05:02:16Z
2020-05-12,CNC,13.87,13.87,13.87,13.87,100,KBS,2026-10-09T05:02:16Z
2020-05-15,CNC,12.4,12.4,12.4,12.4,500,KBS,2026-10-09T05:02:16Z
2020-05-18,CNC,12.4,12.4,12.4,12.4,1200,KBS,2026-10-09T05:02:16Z
2020-05-20,CNC,12.4,12.4,12.4,12.4,2000,KBS,2026-10-09T05:02:16Z
2020-05-21,CNC,12.4,12.6,12.4,12.6,1600,KBS,2026-10-09T05:02:16Z
2020-05-22,CNC,12.4,12.4,12.4,12.4,1610,KBS,2026-10-09T05:02:16Z
2020-05-25,CNC,12.4,12.72,12.4,12.72,11000,KBS,2026-10-09T05:02:16Z
2020-05-27,CNC,12.6,12.6,12.6,12.6,100,KBS,2026-10-09T05:02:16Z
2020-05-28,CNC,12.72,12.72,12.66,12.66,700,KBS,2026-10-09T05:02:16Z
2020-05-29,CNC,12.66,12.66,12.66,12.66,1400,KBS,2026-10-09T05:02:16Z
2020-06-03,CNC,12.4,12.4,12.4,12.4,1100,KBS,2026-10-09T05:02:16Z
2020-06-04,CNC,12.4,12.4,12.4,12.4,100,KBS,2026-10-09T05:02:16Z
2020-06-05,CNC,12.4,12.47,12.4,12.4,1160,KBS,2026-10-09T05:02:16Z
2020-06-08,CNC,12.4,12.4,12.4,12.4,300,KBS,2026-10-09T05:02:16Z
2020-06-10,CNC,12.15,12.15,12.09,12.09,760,KBS,2026-10-09T05:02:16Z
2020-06-11,CNC,12.09,12.09,12.09,12.09,900,KBS,2026-10-09T05:02:16Z
2020-06-12,CNC,12.09,12.09,12.09,12.09,100,KBS,2026-10-09T05:02:16Z
2020-06-16,CNC,12.09,12.09,12.09,12.09,500,KBS,2026-10-09T05:02:16Z
2020-06-19,CNC,12.09,12.09,11.77,11.77,1100,KBS,2026-10-09T05:02:16Z
2020-06-22,CNC,12.02,12.09,12.02,12.09,1500,KBS,2026-10-09T05:02:16Z
2020-06-24,CNC,11.9,11.9,11.45,11.45,1000,KBS,2026-10-09T05:02:16Z
2020-06-26,CNC,11.45,11.45,10.62,10.62,3500,KBS,2026-10-09T05:02:16Z
2020-06-29,CNC,10.5,11.9,9.54,9.54,6300,KBS,2026-10-09T05:02:16Z
2020-06-30,CNC,11.07,11.13,11.07,11.13,600,KBS,2026-10-09T05:02:16Z
2020-07-01,CNC,11.7,11.77,11.7,11.77,1100,KBS,2026-10-09T05:02:16Z
2020-07-02,CNC,13.49,13.49,12.02,12.02,200,KBS,2026-10-09T05:02:16Z
2020-07-03,CNC,11.83,11.83,11.77,11.77,500,KBS,2026-10-09T05:02:16Z
2020-07-07,CNC,13.49,13.49,13.49,13.49,100,KBS,2026-10-09T05:02:16Z
2020-07-09,CNC,11.58,11.77,11.58,11.77,200,KBS,2026-10-09T05:02:16Z
2020-07-10,CNC,11.2,11.2,11.2,11.2,600,KBS,2026-10-09T05:02:16Z
2020-07-13,CNC,11.2,11.2,11.2,11.2,600,KBS,2026-10-09T05:02:16Z
2020-07-14,CNC,12.85,12.85,12.85,12.85,100,KBS,2026-10-09T05:02:16Z
2020-07-16,CNC,11.45,11.45,11.45,11.45,400,KBS,2026-10-09T05:02:16Z
2020-07-17,CNC,11.51,11.58,11.32,11.32,3200,KBS,2026-10-09T05:02:16Z
2020-07-20,CNC,11.39,11.39,10.24,10.24,2200,KBS,2026-10-09T05:02:16Z
2020-07-21,CNC,11.39,11.39,11.39,11.39,200,KBS,2026-10-09T05:02:16Z
2020-07-23,CNC,10.94,10.94,10.81,10.81,400,KBS,2026-10-09T05:02:16Z
2020-07-27,CNC,12.47,12.47,12.09,12.09,500,KBS,2026-10-09T05:02:16Z
2020-08-03,CNC,11.77,11.77,11.77,11.77,300,KBS,2026-10-09T05:02:16Z
2020-08-07,CNC,11.77,11.77,11.77,11.77,50,KBS,2026-10-09T05:02:16Z
2020-08-11,CNC,11.9,11.9,11.9,11.9,200,KBS,2026-10-09T05:02:16Z
2020-08-13,CNC,11.96,12.02,11.96,12.02,200,KBS,2026-10-09T05:02:16Z
2020-08-17,CNC,12.02,12.02,11.83,11.96,900,KBS,2026-10-09T05:02:16Z
2020-08-18,CNC,11.9,11.9,11.9,11.9,300,KBS,2026-10-09T05:02:16Z
2020-08-20,CNC,11.58,11.58,11.58,11.58,600,KBS,2026-10-09T05:02:16Z
2020-08-25,CNC,11.58,11.58,11.58,11.58,2,KBS,2026-10-09T05:02:16Z
2020-08-26,CNC,11.77,11.96,11.77,11.96,300,KBS,2026-10-09T05:02:16Z
2020-08-28,CNC,11.7,11.7,11.7,11.7,400,KBS,2026-10-09T05:02:16Z
2020-09-01,CNC,11.96,11.96,11.96,11.96,100,KBS,2026-10-09T05:02:16Z
2020-09-03,CNC,11.96,11.96,11.96,11.96,200,KBS,2026-10-09T05:02:16Z
2020-09-09,CNC,11.96,11.96,11.96,11.96,740,KBS,2026-10-09T05:02:16Z
2020-09-10,CNC,11.96,12.28,11.96,12.28,1700,KBS,2026-10-09T05:02:16Z
2020-09-11,CNC,12.28,12.66,12.28,12.66,1100,KBS,2026-10-09T05:02:16Z
2020-09-14,CNC,12.4,12.72,12.4,12.72,2808,KBS,2026-10-09T05:02:16Z
2020-09-15,CNC,12.85,13.17,12.85,13.17,8228,KBS,2026-10-09T05:02:16Z
2020-09-16,CNC,13.23,13.36,13.23,13.36,2700,KBS,2026-10-09T05:02:16Z
2020-09-17,CNC,13.55,13.87,13.55,13.61,5700,KBS,2026-10-09T05:02:16Z
2020-09-18,CNC,13.8,14.25,13.8,14.25,5510,KBS,2026-10-09T05:02:16Z
2020-09-21,CNC,14.31,14.31,14.31,14.31,1000,KBS,2026-10-09T05:02:16Z
2020-09-22,CNC,14.44,14.44,14.31,14.38,4500,KBS,2026-10-09T05:02:16Z
2020-09-23,CNC,14.31,14.5,14.31,14.44,4500,KBS,2026-10-09T05:02:16Z
2020-09-24,CNC,14.38,14.38,14.12,14.12,2600,KBS,2026-10-09T05:02:16Z
2020-09-25,CNC,14.38,14.38,14.0,14.0,2500,KBS,2026-10-09T05:02:16Z
2020-09-28,CNC,14.0,14.12,14.0,14.12,1900,KBS,2026-10-09T05:02:16Z
2020-09-29,CNC,14.18,14.25,14.12,14.12,3308,KBS,2026-10-09T05:02:16Z
2020-09-30,CNC,14.12,14.31,14.06,14.31,3600,KBS,2026-10-09T05:02:16Z
2020-10-01,CNC,14.18,14.18,14.12,14.12,2500,KBS,2026-10-09T05:02:16Z
2020-10-02,CNC,14.12,14.12,14.12,14.12,1700,KBS,2026-10-09T05:02:16Z
2020-10-05,CNC,14.0,14.31,14.0,14.31,1500,KBS,2026-10-09T05:02:16Z
2020-10-07,CNC,12.09,14.0,12.09,14.0,558,KBS,2026-10-09T05:02:16Z
2020-10-08,CNC,11.96,13.68,11.96,13.68,200,KBS,2026-10-09T05:02:16Z
2020-10-12,CNC,14.0,14.0,14.0,14.0,100,KBS,2026-10-09T05:02:16Z
2020-10-13,CNC,11.9,14.25,11.9,14.25,900,KBS,2026-10-09T05:02:16Z
2020-10-14,CNC,14.0,14.0,14.0,14.0,1300,KBS,2026-10-09T05:02:16Z
2020-10-15,CNC,14.25,14.63,14.18,14.57,2200,KBS,2026-10-09T05:02:16Z
2020-10-16,CNC,14.44,14.44,14.44,14.44,100,KBS,2026-10-09T05:02:16Z
2020-10-19,CNC,14.44,14.44,14.44,14.44,200,KBS,2026-10-09T05:02:16Z
2020-10-20,CNC,14.44,14.44,14.44,14.44,1708,KBS,2026-10-09T05:02:16Z
2020-10-21,CNC,14.44,14.63,14.44,14.57,9700,KBS,2026-10-09T05:02:16Z
2020-10-22,CNC,14.63,15.33,14.63,15.27,20800,KBS,2026-10-09T05:02:16Z
2020-10-23,CNC,15.27,15.27,14.95,14.95,1400,KBS,2026-10-09T05:02:16Z
2020-10-26,CNC,14.95,15.2,14.82,14.95,14200,KBS,2026-10-09T05:02:16Z
2020-10-27,CNC,16.2,16.2,14.6,14.95,800,KBS,2026-10-09T05:02:16Z
2020-10-28,CNC,14.6,14.6,14.6,14.6,200,KBS,2026-10-09T05:02:16Z
2020-11-02,CNC,16.0,16.0,16.0,16.0,100,KBS,2026-10-09T05:02:16Z
2020-11-03,CNC,14.6,16.0,14.6,15.65,1600,KBS,2026-10-09T05:02:16Z
2020-11-05,CNC,14.95,14.95,14.95,14.95,300,KBS,2026-10-09T05:02:16Z
2020-11-06,CNC,13.91,13.91,13.91,13.91,400,KBS,2026-10-09T05:02:16Z
2020-11-09,CNC,14.6,14.95,14.6,14.95,708,KBS,2026-10-09T05:02:16Z
2020-11-10,CNC,14.74,14.95,14.74,14.95,1000,KBS,2026-10-09T05:02:16Z
2020-11-11,CNC,14.05,14.05,14.05,14.05,700,KBS,2026-10-09T05:02:16Z
2020-11-12,CNC,14.95,14.95,14.95,14.95,100,KBS,2026-10-09T05:02:16Z
2020-11-13,CNC,14.95,14.95,14.95,14.95,700,KBS,2026-10-09T05:02:16Z
2020-11-17,CNC,14.95,14.95,14.95,14.95,1,KBS,2026-10-09T05:02:16Z
2020-11-18,CNC,14.95,14.95,14.95,14.95,1000,KBS,2026-10-09T05:02:16Z
2020-11-19,CNC,14.95,14.95,14.67,14.67,3000,KBS,2026-10-09T05:02:16Z
2020-11-20,CNC,14.95,14.95,14.95,14.95,700,KBS,2026-10-09T05:02:16Z
2020-11-24,CNC,14.6,14.6,14.6,14.6,300,KBS,2026-10-09T05:02:16Z
2020-11-25,CNC,14.6,14.95,14.6,14.95,3100,KBS,2026-10-09T05:02:16Z
2020-11-26,CNC,14.6,14.6,14.6,14.6,301,KBS,2026-10-09T05:02:16Z
2020-11-27,CNC,14.95,15.72,14.95,15.72,701,KBS,2026-10-09T05:02:16Z
2020-11-30,CNC,15.72,15.72,14.95,14.95,300,KBS,2026-10-09T05:02:16Z
2020-12-01,CNC,14.6,14.95,14.6,14.95,800,KBS,2026-10-09T05:02:16Z
2020-12-02,CNC,15.09,15.09,14.95,14.95,1700,KBS,2026-10-09T05:02:16Z
2020-12-03,CNC,14.6,15.09,14.6,15.09,1100,KBS,2026-10-09T05:02:16Z
2020-12-11,CNC,14.67,14.67,14.67,14.67,100,KBS,2026-10-09T05:02:16Z
2020-12-14,CNC,14.95,14.95,14.74,14.74,400,KBS,2026-10-09T05:02:16Z
2020-12-15,CNC,14.95,14.95,14.95,14.95,2200,KBS,2026-10-09T05:02:16Z
2020-12-16,CNC,17.18,17.18,17.18,17.18,100,KBS,2026-10-09T05:02:16Z
2020-12-18,CNC,15.3,15.3,14.6,14.95,600,KBS,2026-10-09T05:02:16Z
2020-12-21,CNC,14.81,14.81,14.81,14.81,24,KBS,2026-10-09T05:02:16Z
2020-12-22,CNC,14.81,14.81,14.81,14.81,100,KBS,2026-10-09T05:02:16Z
2020-12-23,CNC,15.16,15.16,15.16,15.16,106,KBS,2026-10-09T05:02:16Z
2020-12-24,CNC,15.16,15.16,15.16,15.16,26,KBS,2026-10-09T05:02:16Z
2020-12-29,CNC,15.16,15.16,15.16,15.16,300,KBS,2026-10-09T05:02:16Z
2020-12-30,CNC,15.58,15.65,15.3,15.65,10400,KBS,2026-10-09T05:02:16Z
2020-12-31,CNC,15.58,15.58,15.3,15.3,562,KBS,2026-10-09T05:02:16Z
2021-01-04,CNC,15.37,15.37,15.37,15.37,1000,KBS,2026-10-09T05:02:16Z
2021-01-06,CNC,15.37,15.37,15.37,15.37,30,KBS,2026-10-09T05:02:16Z
2021-01-07,CNC,14.6,14.6,14.6,14.6,2000,KBS,2026-10-09T05:02:16Z
2021-01-08,CNC,14.6,14.88,14.6,14.88,2100,KBS,2026-10-09T05:02:16Z
2021-01-11,CNC,13.91,14.88,13.21,14.81,6418,KBS,2026-10-09T05:02:16Z
2021-01-12,CNC,13.84,13.84,13.84,13.84,1400,KBS,2026-10-09T05:02:16Z
2021-01-13,CNC,13.84,13.84,13.84,13.84,1400,KBS,2026-10-09T05:02:16Z
2021-01-14,CNC,13.91,14.19,13.91,14.19,2400,KBS,2026-10-09T05:02:16Z
2021-01-15,CNC,13.98,14.12,13.91,14.12,7500,KBS,2026-10-09T05:02:16Z
2021-01-18,CNC,14.05,14.05,14.05,14.05,5000,KBS,2026-10-09T05:02:16Z
2021-01-19,CNC,14.05,14.05,13.91,13.91,21405,KBS,2026-10-09T05:02:16Z
2021-01-20,CNC,14.05,14.05,13.91,13.91,500,KBS,2026-10-09T05:02:16Z
2021-01-21,CNC,13.56,13.98,13.56,13.98,4600,KBS,2026-10-09T05:02:16Z
2021-01-22,CNC,13.98,14.19,13.98,14.19,2900,KBS,2026-10-09T05:02:16Z
2021-01-25,CNC,14.05,14.6,13.98,13.98,4000,KBS,2026-10-09T05:02:16Z
2021-01-26,CNC,14.26,14.33,14.26,14.33,2200,KBS,2026-10-09T05:02:16Z
2021-01-27,CNC,14.26,14.26,13.91,13.91,1630,KBS,2026-10-09T05:02:16Z
2021-01-28,CNC,13.56,13.98,12.87,12.87,1700,KBS,2026-10-09T05:02:16Z
2021-01-29,CNC,13.84,13.91,13.84,13.91,8600,KBS,2026-10-09T05:02:16Z
2021-02-01,CNC,13.91,13.91,13.56,13.56,2900,KBS,2026-10-09T05:02:16Z
2021-02-02,CNC,13.56,13.91,13.56,13.84,3800,KBS,2026-10-09T05:02:16Z
2021-02-03,CNC,13.91,13.91,13.91,13.91,5700,KBS,2026-10-09T05:02:16Z
2021-02-04,CNC,13.91,13.91,13.84,13.84,7500,KBS,2026-10-09T05:02:16Z
2021-02-09,CNC,13.84,13.91,13.84,13.91,2100,KBS,2026-10-09T05:02:16Z
2021-02-17,CNC,13.84,13.98,13.77,13.91,12200,KBS,2026-10-09T05:02:16Z
2021-02-18,CNC,13.91,13.91,13.21,13.21,9960,KBS,2026-10-09T05:02:16Z
2021-02-19,CNC,13.84,13.84,13.84,13.84,700,KBS,2026-10-09T05:02:16Z
2021-02-22,CNC,13.84,13.91,13.84,13.84,2518,KBS,2026-10-09T05:02:16Z
2021-02-23,CNC,13.42,13.84,13.42,13.84,2317,KBS,2026-10-09T05:02:16Z
2021-02-24,CNC,13.7,13.84,13.7,13.84,2300,KBS,2026-10-09T05:02:16Z
2021-02-25,CNC,13.63,13.63,13.56,13.56,3043,KBS,2026-10-09T05:02:16Z
2021-02-26,CNC,13.63,13.91,13.56,13.56,4000,KBS,2026-10-09T05:02:16Z
2021-03-01,CNC,13.63,13.63,13.63,13.63,500,KBS,2026-10-09T05:02:16Z
2021-03-02,CNC,13.63,13.84,13.63,13.77,2400,KBS,2026-10-09T05:02:16Z
2021-03-03,CNC,13.84,14.6,13.84,14.6,3600,KBS,2026-10-09T05:02:16Z
2021-03-04,CNC,14.33,14.6,14.33,14.6,2300,KBS,2026-10-09T05:02:16Z
2021-03-05,CNC,14.54,14.6,14.54,14.6,440,KBS,2026-10-09T05:02:16Z
2021-03-08,CNC,14.6,14.6,14.6,14.6,65,KBS,2026-10-09T05:02:16Z
2021-03-10,CNC,13.91,14.6,13.91,14.6,8900,KBS,2026-10-09T05:02:16Z
2021-03-11,CNC,14.6,14.95,14.6,14.74,4400,KBS,2026-10-09T05:02:16Z
2021-03-16,CNC,14.6,14.6,14.12,14.6,4504,KBS,2026-10-09T05:02:16Z
2021-03-17,CNC,14.6,14.6,14.54,14.54,1920,KBS,2026-10-09T05:02:16Z
2021-03-18,CNC,14.6,14.6,14.6,14.6,2000,KBS,2026-10-09T05:02:16Z
2021-03-19,CNC,14.6,14.81,14.6,14.74,6000,KBS,2026-10-09T05:02:16Z
2021-03-22,CNC,14.81,15.09,14.81,15.09,5500,KBS,2026-10-09T05:02:16Z
2021-03-23,CNC,16.48,16.55,15.09,15.65,15000,KBS,2026-10-09T05:02:16Z
2021-03-24,CNC,15.3,15.65,15.3,15.65,3696,KBS,2026-10-09T05:02:16Z
2021-03-25,CNC,15.51,15.51,15.3,15.37,1700,KBS,2026-10-09T05:02:16Z
2021-03-26,CNC,14.95,15.09,14.6,14.6,9100,KBS,2026-10-09T05:02:16Z
2021-03-29,CNC,16.9,16.9,15.02,15.02,4118,KBS,2026-10-09T05:02:16Z
2021-03-30,CNC,15.02,15.02,14.95,14.95,4700,KBS,2026-10-09T05:02:16Z
2021-03-31,CNC,14.95,15.09,14.88,14.88,2000,KBS,2026-10-09T05:02:16Z
2021-04-01,CNC,14.95,15.16,14.95,15.16,6288,KBS,2026-10-09T05:02:16Z
2021-04-02,CNC,15.16,15.16,15.16,15.16,100,KBS,2026-10-09T05:02:16Z
2021-04-05,CNC,15.02,15.16,15.02,15.09,2300,KBS,2026-10-09T05:02:16Z
2021-04-06,CNC,15.16,15.3,15.16,15.3,2500,KBS,2026-10-09T05:02:16Z
2021-04-07,CNC,15.23,15.23,15.09,15.09,2900,KBS,2026-10-09T05:02:16Z
2021-04-08,CNC,15.3,15.3,14.95,14.95,22300,KBS,2026-10-09T05:02:16Z
2021-04-12,CNC,15.3,15.44,15.3,15.3,4300,KBS,2026-10-09T05:02:16Z
2021-04-13,CNC,15.37,15.93,15.3,15.3,2300,KBS,2026-10-09T05:02:16Z
2021-04-14,CNC,15.3,15.79,15.3,15.79,5700,KBS,2026-10-09T05:02:16Z
2021-04-15,CNC,15.65,15.93,15.65,15.93,7310,KBS,2026-10-09T05:02:16Z
2021-04-16,CNC,15.79,15.79,15.51,15.65,3000,KBS,2026-10-09T05:02:16Z
2021-04-19,CNC,15.44,15.86,14.95,15.3,3300,KBS,2026-10-09T05:02:16Z
2021-04-20,CNC,15.3,15.72,15.3,15.65,3300,KBS,2026-10-09T05:02:16Z
2021-04-22,CNC,15.65,15.72,15.3,15.3,6000,KBS,2026-10-09T05:02:16Z
2021-04-23,CNC,15.65,15.86,15.65,15.86,5110,KBS,2026-10-09T05:02:16Z
2021-04-26,CNC,15.93,15.93,15.79,15.79,2500,KBS,2026-10-09T05:02:16Z
2021-04-27,CNC,16.0,16.34,16.0,16.0,9900,KBS,2026-10-09T05:02:16Z
2021-04-28,CNC,18.5,18.5,16.0,16.0,210,KBS,2026-10-09T05:02:16Z
2021-04-29,CNC,16.0,16.0,16.0,16.0,2000,KBS,2026-10-09T05:02:16Z
2021-05-04,CNC,16.0,16.34,16.0,16.34,2300,KBS,2026-10-09T05:02:16Z
2021-05-05,CNC,16.14,16.69,16.0,16.69,7400,KBS,2026-10-09T05:02:16Z
2021-05-06,CNC,16.07,16.34,16.07,16.34,1600,KBS,2026-10-09T05:02:16Z
2021-05-07,CNC,16.2,16.34,16.2,16.34,300,KBS,2026-10-09T05:02:16Z
2021-05-10,CNC,17.32,17.32,16.27,16.83,17736,KBS,2026-10-09T05:02:16Z
2021-05-11,CNC,16.69,16.69,16.69,16.69,8800,KBS,2026-10-09T05:02:16Z
2021-05-12,CNC,17.04,17.04,16.69,16.69,4521,KBS,2026-10-09T05:02:16Z
2021-05-13,CNC,16.76,16.83,16.76,16.83,2100,KBS,2026-10-09T05:02:16Z
2021-05-14,CNC,16.83,17.39,16.69,16.83,17220,KBS,2026-10-09T05:02:16Z
2021-05-17,CNC,16.76,16.76,16.76,16.76,700,KBS,2026-10-09T05:02:16Z
2021-05-18,CNC,16.9,17.04,16.9,17.04,3000,KBS,2026-10-09T05:02:16Z
2021-05-19,CNC,17.04,17.11,17.04,17.11,1200,KBS,2026-10-09T05:02:16Z
2021-05-20,CNC,17.11,17.11,17.04,17.04,1100,KBS,2026-10-09T05:02:16Z
2021-05-21,CNC,17.04,17.04,17.04,17.04,1739,KBS,2026-10-09T05:02:16Z
2021-05-24,CNC,17.04,17.04,17.04,17.04,6750,KBS,2026-10-09T05:02:16Z
2021-05-25,CNC,17.04,17.04,16.83,16.97,2600,KBS,2026-10-09T05:02:16Z
2021-05-26,CNC,17.04,17.11,17.04,17.11,1501,KBS,2026-10-09T05:02:16Z
2021-05-27,CNC,14.74,17.04,14.74,17.04,200,KBS,2026-10-09T05:02:16Z
2021-05-28,CNC,17.04,17.73,17.04,17.04,7400,KBS,2026-10-09T05:02:16Z
2021-05-31,CNC,17.18,17.18,17.04,17.04,8230,KBS,2026-10-09T05:02:16Z
2021-06-02,CNC,17.11,17.11,17.11,17.11,200,KBS,2026-10-09T05:02:16Z
2021-06-03,CNC,17.73,18.08,17.66,17.66,3610,KBS,2026-10-09T05:02:16Z
2021-06-04,CNC,18.43,18.43,18.43,18.43,100,KBS,2026-10-09T05:02:16Z
2021-06-07,CNC,18.08,18.08,17.73,17.73,400,KBS,2026-10-09T05:02:16Z
2021-06-08,CNC,18.01,18.01,18.01,18.01,500,KBS,2026-10-09T05:02:16Z
2021-06-09,CNC,17.73,17.73,17.73,17.73,2600,KBS,2026-10-09T05:02:16Z
2021-06-10,CNC,18.08,18.08,18.08,18.08,200,KBS,2026-10-09T05:02:16Z
2021-06-14,CNC,18.08,20.17,18.08,18.08,6900,KBS,2026-10-09T05:02:16Z
2021-06-15,CNC,19.75,19.75,18.43,18.43,600,KBS,2026-10-09T05:02:16Z
2021-06-16,CNC,18.85,18.85,18.85,18.85,200,KBS,2026-10-09T05:02:16Z
2021-06-17,CNC,18.43,18.85,18.43,18.78,11500,KBS,2026-10-09T05:02:16Z
2021-06-18,CNC,18.78,18.78,18.78,18.78,8900,KBS,2026-10-09T05:02:16Z
2021-06-21,CNC,18.78,18.78,18.78,18.78,2100,KBS,2026-10-09T05:02:16Z
2021-06-23,CNC,18.99,18.99,18.43,18.43,2400,KBS,2026-10-09T05:02:16Z
2021-06-25,CNC,18.71,18.71,18.64,18.64,200,KBS,2026-10-09T05:02:16Z
2021-06-28,CNC,18.74,18.74,18.39,18.39,600,KBS,2026-10-09T05:02:16Z
2021-06-29,CNC,18.6,18.6,18.6,18.6,2400,KBS,2026-10-09T05:02:16Z
2021-06-30,CNC,18.74,18.74,18.25,18.6,4101,KBS,2026-10-09T05:02:16Z
2021-07-01,CNC,18.6,18.6,18.6,18.6,100,KBS,2026-10-09T05:02:16Z
2021-07-02,CNC,18.39,19.8,18.39,19.8,2700,KBS,2026-10-09T05:02:16Z
2021-07-05,CNC,19.8,19.8,19.8,19.8,100,KBS,2026-10-09T05:02:16Z
2021-07-06,CNC,18.89,18.89,18.74,18.74,2200,KBS,2026-10-09T05:02:16Z
2021-07-07,CNC,18.39,18.39,18.39,18.39,2000,KBS,2026-10-09T05:02:16Z
2021-07-08,CNC,18.18,18.18,18.18,18.18,100,KBS,2026-10-09T05:02:16Z
2021-07-09,CNC,18.25,18.25,18.18,18.18,2100,KBS,2026-10-09T05:02:16Z
2021-07-12,CNC,18.18,18.18,18.18,18.18,11000,KBS,2026-10-09T05:02:16Z
2021-07-14,CNC,18.18,18.18,18.18,18.18,3000,KBS,2026-10-09T05:02:16Z
2021-07-15,CNC,18.39,18.39,18.25,18.25,4401,KBS,2026-10-09T05:02:16Z
2021-07-16,CNC,18.74,18.74,18.74,18.74,2000,KBS,2026-10-09T05:02:16Z
2021-07-19,CNC,18.74,18.74,18.74,18.74,500,KBS,2026-10-09T05:02:16Z
2021-07-20,CNC,18.39,18.39,18.39,18.39,200,KBS,2026-10-09T05:02:16Z
2021-07-21,CNC,18.39,18.39,18.39,18.39,11400,KBS,2026-10-09T05:02:16Z
2021-07-22,CNC,17.75,17.75,17.68,17.68,4300,KBS,2026-10-09T05:02:16Z
2021-07-27,CNC,18.39,18.39,18.39,18.39,300,KBS,2026-10-09T05:02:16Z
2021-07-28,CNC,18.39,18.46,18.39,18.46,2300,KBS,2026-10-09T05:02:16Z
2021-08-02,CNC,18.74,18.74,18.74,18.74,100,KBS,2026-10-09T05:02:16Z
2021-08-03,CNC,19.1,19.1,19.1,19.1,197,KBS,2026-10-09T05:02:16Z
2021-08-04,CNC,19.03,19.03,19.03,19.03,203,KBS,2026-10-09T05:02:16Z
2021-08-09,CNC,19.03,19.03,18.39,18.39,11500,KBS,2026-10-09T05:02:16Z
2021-08-10,CNC,18.74,19.52,18.39,19.52,6600,KBS,2026-10-09T05:02:16Z
2021-08-11,CNC,19.52,19.52,19.52,19.52,800,KBS,2026-10-09T05:02:16Z
2021-08-13,CNC,19.45,19.52,19.45,19.52,600,KBS,2026-10-09T05:02:16Z
2021-08-17,CNC,19.8,19.8,19.45,19.45,2700,KBS,2026-10-09T05:02:16Z
2021-08-18,CNC,19.45,19.45,19.45,19.45,400,KBS,2026-10-09T05:02:16Z
2021-08-20,CNC,19.1,19.1,18.74,18.74,2000,KBS,2026-10-09T05:02:16Z
2021-08-23,CNC,18.82,18.82,18.82,18.82,1000,KBS,2026-10-09T05:02:16Z
2021-08-24,CNC,18.82,18.82,18.82,18.82,1300,KBS,2026-10-09T05:02:16Z
2021-08-25,CNC,20.16,20.16,19.1,19.1,500,KBS,2026-10-09T05:02:16Z
2021-08-26,CNC,21.93,21.93,21.22,21.22,1000,KBS,2026-10-09T05:02:16Z
2021-08-27,CNC,21.93,21.93,21.36,21.36,1200,KBS,2026-10-09T05:02:16Z
2021-08-30,CNC,21.72,21.72,21.72,21.72,300,KBS,2026-10-09T05:02:16Z
2021-08-31,CNC,21.72,21.72,21.72,21.72,120,KBS,2026-10-09T05:02:16Z
2021-09-01,CNC,21.64,21.64,21.64,21.64,317,KBS,2026-10-09T05:02:16Z
2021-09-06,CNC,21.22,21.22,18.82,19.1,2700,KBS,2026-10-09T05:02:16Z
2021-09-07,CNC,19.8,19.8,19.8,19.8,300,KBS,2026-10-09T05:02:16Z
2021-09-08,CNC,19.88,19.88,19.88,19.88,400,KBS,2026-10-09T05:02:16Z
2021-09-10,CNC,20.51,22.85,20.02,20.02,13330,KBS,2026-10-09T05:02:16Z
2021-09-14,CNC,22.49,22.49,21.29,21.57,2500,KBS,2026-10-09T05:02:16Z
2021-09-15,CNC,21.93,21.93,21.93,21.93,2000,KBS,2026-10-09T05:02:16Z
2021-09-16,CNC,21.43,21.43,21.29,21.29,3008,KBS,2026-10-09T05:02:16Z
2021-09-20,CNC,21.43,21.43,21.43,21.43,1200,KBS,2026-10-09T05:02:16Z
2021-09-21,CNC,23.55,23.55,23.55,23.55,200,KBS,2026-10-09T05:02:16Z
2021-09-22,CNC,21.22,21.22,21.22,21.22,400,KBS,2026-10-09T05:02:16Z
2021-09-23,CNC,21.57,22.63,21.57,22.63,800,KBS,2026-10-09T05:02:16Z
2021-09-24,CNC,22.63,22.63,22.63,22.63,300,KBS,2026-10-09T05:02:16Z
2021-09-27,CNC,22.28,22.28,22.28,22.28,200,KBS,2026-10-09T05:02:16Z
2021-09-29,CNC,21.22,21.22,21.22,21.22,100,KBS,2026-10-09T05:02:16Z
2021-09-30,CNC,21.22,22.63,21.22,22.63,300,KBS,2026-10-09T05:02:16Z
2021-10-04,CNC,21.72,21.72,21.29,21.29,300,KBS,2026-10-09T05:02:16Z
2021-10-11,CNC,21.64,21.64,21.64,21.64,100,KBS,2026-10-09T05:02:16Z
2021-10-12,CNC,21.64,21.64,21.64,21.64,10,KBS,2026-10-09T05:02:16Z
2021-10-15,CNC,22.28,22.28,22.28,22.28,1900,KBS,2026-10-09T05:02:16Z
2021-10-26,CNC,20.58,20.58,20.58,20.58,300,KBS,2026-10-09T05:02:16Z
2021-10-28,CNC,21.22,21.22,21.22,21.22,1200,KBS,2026-10-09T05:02:16Z
2021-11-01,CNC,22.7,22.7,22.7,22.7,405,KBS,2026-10-09T05:02:16Z
2021-11-02,CNC,22.99,23.34,22.99,23.27,2315,KBS,2026-10-09T05:02:16Z
2021-11-03,CNC,23.55,24.76,23.55,24.76,1200,KBS,2026-10-09T05:02:16Z
2021-11-04,CNC,25.18,25.18,24.97,24.97,800,KBS,2026-10-09T05:02:16Z
2021-11-05,CNC,25.04,26.74,25.04,26.17,2404,KBS,2026-10-09T05:02:16Z
2021-11-08,CNC,27.09,27.09,26.17,26.17,4600,KBS,2026-10-09T05:02:16Z
2021-11-09,CNC,26.81,27.59,26.81,26.81,9800,KBS,2026-10-09T05:02:16Z
2021-11-10,CNC,27.16,27.16,26.81,26.88,5200,KBS,2026-10-09T05:02:16Z
2021-11-11,CNC,26.95,27.3,26.88,26.88,2800,KBS,2026-10-09T05:02:16Z
2021-11-12,CNC,26.88,26.88,26.17,26.17,4700,KBS,2026-10-09T05:02:16Z
2021-11-15,CNC,26.52,26.88,26.17,26.88,59050,KBS,2026-10-09T05:02:16Z
2021-11-16,CNC,26.88,29.92,26.74,26.81,31792,KBS,2026-10-09T05:02:16Z
2021-11-17,CNC,27.04,27.04,26.51,26.51,5500,KBS,2026-10-09T05:02:16Z
2021-11-19,CNC,23.52,26.51,23.45,23.6,13700,KBS,2026-10-09T05:02:16Z
2021-11-22,CNC,23.52,23.9,22.4,22.4,6915,KBS,2026-10-09T05:02:16Z
2021-11-23,CNC,22.78,23.08,22.33,23.08,4700,KBS,2026-10-09T05:02:16Z
2021-11-24,CNC,22.78,23.15,22.48,22.78,4300,KBS,2026-10-09T05:02:16Z
2021-11-25,CNC,22.85,23.15,22.63,22.63,6628,KBS,2026-10-09T05:02:16Z
2021-11-26,CNC,22.7,22.85,22.7,22.85,1600,KBS,2026-10-09T05:02:16Z
2021-11-29,CNC,22.78,22.78,22.78,22.78,400,KBS,2026-10-09T05:02:16Z
2021-11-30,CNC,23.0,23.0,22.4,22.78,6651,KBS,2026-10-09T05:02:16Z
2021-12-01,CNC,22.78,23.52,22.78,22.78,7811,KBS,2026-10-09T05:02:16Z
2021-12-02,CNC,22.78,23.3,22.78,23.3,5900,KBS,2026-10-09T05:02:16Z
2021-12-03,CNC,22.78,22.78,22.78,22.78,3300,KBS,2026-10-09T05:02:16Z
2021-12-06,CNC,22.4,22.4,21.73,22.4,4400,KBS,2026-10-09T05:02:16Z
2021-12-07,CNC,22.4,24.87,22.33,24.87,8900,KBS,2026-10-09T05:02:16Z
2021-12-08,CNC,23.6,23.6,23.6,23.6,2800,KBS,2026-10-09T05:02:16Z
2021-12-09,CNC,23.52,23.6,23.52,23.52,2500,KBS,2026-10-09T05:02:16Z
2021-12-10,CNC,23.52,23.9,23.52,23.6,10200,KBS,2026-10-09T05:02:16Z
2021-12-13,CNC,23.52,23.52,23.52,23.52,3000,KBS,2026-10-09T05:02:16Z
2021-12-14,CNC,23.52,24.72,23.52,24.72,9600,KBS,2026-10-09T05:02:16Z
2021-12-16,CNC,23.52,23.52,22.55,23.15,3700,KBS,2026-10-09T05:02:16Z
2021-12-17,CNC,22.63,23.6,22.63,23.15,1747,KBS,2026-10-09T05:02:16Z
2021-12-20,CNC,23.15,23.15,23.15,23.15,1000,KBS,2026-10-09T05:02:16Z
2021-12-21,CNC,23.15,23.9,22.55,23.9,400,KBS,2026-10-09T05:02:16Z
2021-12-22,CNC,23.15,23.15,22.63,22.63,1000,KBS,2026-10-09T05:02:16Z
2021-12-23,CNC,22.78,22.93,22.78,22.78,5000,KBS,2026-10-09T05:02:16Z
2021-12-24,CNC,22.78,22.93,22.78,22.93,1000,KBS,2026-10-09T05:02:16Z
2021-12-27,CNC,23.15,23.15,22.93,22.93,1047,KBS,2026-10-09T05:02:16Z
2021-12-29,CNC,22.78,23.0,22.78,23.0,5304,KBS,2026-10-09T05:02:16Z
2021-12-31,CNC,23.0,23.0,23.0,23.0,3000,KBS,2026-10-09T05:02:16Z
2022-01-04,CNC,23.0,23.0,21.66,21.66,5900,KBS,2026-10-09T05:02:16Z
2022-01-05,CNC,22.78,22.78,22.78,22.78,1000,KBS,2026-10-09T05:02:16Z
2022-01-07,CNC,22.78,22.78,22.03,22.03,2100,KBS,2026-10-09T05:02:16Z
2022-01-10,CNC,22.4,22.4,22.18,22.4,900,KBS,2026-10-09T05:02:16Z
2022-01-11,CNC,22.55,22.63,22.55,22.55,4400,KBS,2026-10-09T05:02:16Z
2022-01-12,CNC,22.55,22.55,22.48,22.55,1200,KBS,2026-10-09T05:02:16Z
2022-01-13,CNC,22.55,22.55,22.55,22.55,1300,KBS,2026-10-09T05:02:16Z
2022-01-14,CNC,22.55,22.78,22.55,22.78,3400,KBS,2026-10-09T05:02:16Z
2022-01-18,CNC,22.4,22.4,21.73,21.73,1200,KBS,2026-10-09T05:02:16Z
2022-01-21,CNC,22.4,22.4,22.4,22.4,1900,KBS,2026-10-09T05:02:16Z
2022-01-24,CNC,22.4,22.4,22.4,22.4,1000,KBS,2026-10-09T05:02:16Z
2022-01-25,CNC,22.4,22.4,22.4,22.4,700,KBS,2026-10-09T05:02:16Z
2022-01-26,CNC,22.4,22.4,22.4,22.4,700,KBS,2026-10-09T05:02:16Z
2022-01-27,CNC,22.48,22.48,22.4,22.4,2100,KBS,2026-10-09T05:02:16Z
2022-01-28,CNC,22.48,22.48,22.48,22.48,500,KBS,2026-10-09T05:02:16Z
2022-02-07,CNC,22.78,22.78,22.78,22.78,2800,KBS,2026-10-09T05:02:16Z
2022-02-08,CNC,23.15,23.15,23.15,23.15,1000,KBS,2026-10-09T05:02:16Z
2022-02-09,CNC,23.15,23.15,23.15,23.15,1000,KBS,2026-10-09T05:02:16Z
2022-02-11,CNC,23.15,23.15,23.15,23.15,900,KBS,2026-10-09T05:02:16Z
2022-02-14,CNC,23.0,23.15,23.0,23.15,3500,KBS,2026-10-09T05:02:16Z
2022-02-15,CNC,23.15,23.15,23.15,23.15,1000,KBS,2026-10-09T05:02:16Z
2022-02-16,CNC,23.15,23.15,23.15,23.15,500,KBS,2026-10-09T05:02:16Z
2022-02-17,CNC,23.9,24.79,23.38,23.45,5000,KBS,2026-10-09T05:02:16Z
2022-02-18,CNC,24.27,25.02,24.27,25.02,2400,KBS,2026-10-09T05:02:16Z
2022-02-21,CNC,25.39,26.59,25.39,26.14,6500,KBS,2026-10-09T05:02:16Z
2022-02-22,CNC,26.88,26.88,26.14,26.14,2100,KBS,2026-10-09T05:02:16Z
2022-02-23,CNC,26.51,26.51,26.14,26.14,1400,KBS,2026-10-09T05:02:16Z
2022-02-24,CNC,26.14,26.14,25.39,25.39,8700,KBS,2026-10-09T05:02:16Z
2022-02-28,CNC,25.47,25.47,25.47,25.47,100,KBS,2026-10-09T05:02:16Z
2022-03-01,CNC,22.78,23.0,22.78,23.0,200,KBS,2026-10-09T05:02:16Z
2022-03-02,CNC,23.9,23.9,23.9,23.9,1000,KBS,2026-10-09T05:02:16Z
2022-03-03,CNC,20.91,23.15,20.91,23.15,1100,KBS,2026-10-09T05:02:16Z
2022-03-04,CNC,23.9,23.9,23.9,23.9,2100,KBS,2026-10-09T05:02:16Z
2022-03-07,CNC,24.05,24.79,24.05,24.72,550,KBS,2026-10-09T05:02:16Z
2022-03-08,CNC,24.57,27.48,24.57,26.14,10100,KBS,2026-10-09T05:02:16Z
2022-03-09,CNC,23.9,23.9,23.9,23.9,100,KBS,2026-10-09T05:02:16Z
2022-03-10,CNC,26.14,26.88,26.14,26.14,1800,KBS,2026-10-09T05:02:16Z
2022-03-15,CNC,23.9,26.14,23.52,26.14,2100,KBS,2026-10-09T05:02:16Z
2022-03-16,CNC,23.9,23.9,23.9,23.9,7100,KBS,2026-10-09T05:02:16Z
2022-03-18,CNC,23.9,23.9,23.9,23.9,100,KBS,2026-10-09T05:02:16Z
2022-03-21,CNC,24.64,24.64,24.64,24.64,100,KBS,2026-10-09T05:02:16Z
2022-03-22,CNC,23.9,24.64,23.9,24.64,300,KBS,2026-10-09T05:02:16Z
2022-03-23,CNC,23.9,23.97,23.9,23.97,1200,KBS,2026-10-09T05:02:16Z
2022-03-24,CNC,25.39,25.39,25.39,25.39,2000,KBS,2026-10-09T05:02:16Z
2022-03-25,CNC,24.64,24.72,24.64,24.72,21600,KBS,2026-10-09T05:02:16Z
2022-03-29,CNC,23.9,23.9,23.3,23.3,1000,KBS,2026-10-09T05:02:16Z
2022-03-30,CNC,23.38,23.52,23.38,23.52,3400,KBS,2026-10-09T05:02:16Z
2022-03-31,CNC,23.67,23.9,23.67,23.9,12100,KBS,2026-10-09T05:02:16Z
2022-04-01,CNC,23.9,23.9,23.9,23.9,400,KBS,2026-10-09T05:02:16Z
2022-04-04,CNC,24.27,24.27,24.27,24.27,10100,KBS,2026-10-09T05:02:16Z
2022-04-07,CNC,23.9,24.64,23.9,24.57,600,KBS,2026-10-09T05:02:16Z
2022-04-08,CNC,24.5,24.5,23.82,23.9,3100,KBS,2026-10-09T05:02:16Z
2022-04-12,CNC,23.6,23.6,22.85,23.52,28900,KBS,2026-10-09T05:02:16Z
2022-04-13,CNC,23.15,23.38,23.15,23.38,11300,KBS,2026-10-09T05:02:16Z
2022-04-14,CNC,23.9,23.9,23.15,23.23,9100,KBS,2026-10-09T05:02:16Z
2022-04-15,CNC,22.85,23.0,22.03,23.0,11200,KBS,2026-10-09T05:02:16Z
2022-04-18,CNC,23.15,23.15,22.4,22.85,21600,KBS,2026-10-09T05:02:16Z
2022-04-19,CNC,22.93,23.0,22.78,22.78,6967,KBS,2026-10-09T05:02:16Z
2022-04-20,CNC,22.78,22.78,22.78,22.78,5626,KBS,2026-10-09T05:02:16Z
2022-04-21,CNC,22.63,22.78,22.63,22.78,1000,KBS,2026-10-09T05:02:16Z
2022-04-22,CNC,22.7,22.7,22.4,22.63,6300,KBS,2026-10-09T05:02:16Z
2022-04-25,CNC,22.7,23.08,21.66,21.66,7800,KBS,2026-10-09T05:02:16Z
2022-04-26,CNC,21.66,22.55,21.66,22.55,1200,KBS,2026-10-09T05:02:16Z
2022-04-28,CNC,22.4,22.4,22.4,22.4,100,KBS,2026-10-09T05:02:16Z
2022-04-29,CNC,22.4,22.4,22.4,22.4,800,KBS,2026-10-09T05:02:16Z
2022-05-04,CNC,22.4,22.4,22.4,22.4,100,KBS,2026-10-09T05:02:16Z
2022-05-05,CNC,22.4,22.4,22.26,22.26,516,KBS,2026-10-09T05:02:16Z
2022-05-06,CNC,21.81,21.81,21.81,21.81,100,KBS,2026-10-09T05:02:16Z
2022-05-09,CNC,21.73,21.81,20.91,21.81,2000,KBS,2026-10-09T05:02:16Z
2022-05-10,CNC,22.03,22.03,22.03,22.03,800,KBS,2026-10-09T05:02:16Z
2022-05-11,CNC,22.03,22.03,21.88,21.88,400,KBS,2026-10-09T05:02:16Z
2022-05-12,CNC,21.73,21.73,21.73,21.73,200,KBS,2026-10-09T05:02:16Z
2022-05-13,CNC,21.73,21.81,21.73,21.81,200,KBS,2026-10-09T05:02:16Z
2022-05-16,CNC,21.81,21.81,20.98,20.98,3100,KBS,2026-10-09T05:02:16Z
2022-05-18,CNC,20.91,20.91,20.91,20.91,101,KBS,2026-10-09T05:02:16Z
2022-05-19,CNC,20.76,21.66,20.76,21.66,1370,KBS,2026-10-09T05:02:16Z
2022-05-20,CNC,22.04,22.04,22.04,22.04,501,KBS,2026-10-09T05:02:16Z
2022-05-23,CNC,22.04,22.04,22.04,22.04,100,KBS,2026-10-09T05:02:16Z
2022-05-25,CNC,22.04,22.04,22.04,22.04,100,KBS,2026-10-09T05:02:16Z
2022-05-27,CNC,22.04,22.04,22.04,22.04,100,KBS,2026-10-09T05:02:16Z
2022-05-30,CNC,23.48,23.48,23.48,23.48,100,KBS,2026-10-09T05:02:16Z
2022-06-01,CNC,22.8,22.8,22.8,22.8,200,KBS,2026-10-09T05:02:16Z
2022-06-02,CNC,22.8,22.8,22.8,22.8,1000,KBS,2026-10-09T05:02:16Z
2022-06-03,CNC,21.43,21.43,21.43,21.43,800,KBS,2026-10-09T05:02:16Z
2022-06-07,CNC,22.04,22.04,21.58,21.58,700,KBS,2026-10-09T05:02:16Z
2022-06-08,CNC,22.19,22.19,22.19,22.19,100,KBS,2026-10-09T05:02:16Z
2022-06-09,CNC,22.8,22.8,22.8,22.8,100,KBS,2026-10-09T05:02:16Z
2022-06-10,CNC,22.65,22.65,22.65,22.65,100,KBS,2026-10-09T05:02:16Z
2022-06-13,CNC,21.28,21.28,21.28,21.28,3600,KBS,2026-10-09T05:02:16Z
2022-06-14,CNC,21.66,21.66,21.66,21.66,1000,KBS,2026-10-09T05:02:16Z
2022-06-15,CNC,21.28,21.28,21.28,21.28,100,KBS,2026-10-09T05:02:16Z
2022-06-16,CNC,21.66,21.66,21.66,21.66,1000,KBS,2026-10-09T05:02:16Z
2022-06-20,CNC,21.66,21.66,21.66,21.66,100,KBS,2026-10-09T05:02:16Z
2022-06-22,CNC,21.28,21.28,20.9,20.9,1000,KBS,2026-10-09T05:02:16Z
2022-06-24,CNC,20.98,20.98,20.98,20.98,2600,KBS,2026-10-09T05:02:16Z
2022-06-28,CNC,20.9,20.9,20.9,20.9,3000,KBS,2026-10-09T05:02:16Z
2022-06-29,CNC,21.28,21.28,21.28,21.28,800,KBS,2026-10-09T05:02:16Z
2022-06-30,CNC,20.98,20.98,20.9,20.9,500,KBS,2026-10-09T05:02:16Z
2022-07-04,CNC,20.9,20.9,20.9,20.9,5800,KBS,2026-10-09T05:02:16Z
2022-07-05,CNC,20.9,20.9,20.9,20.9,100,KBS,2026-10-09T05:02:16Z
2022-07-06,CNC,20.82,20.9,20.82,20.9,200,KBS,2026-10-09T05:02:16Z
2022-07-07,CNC,20.9,20.9,20.9,20.9,20000,KBS,2026-10-09T05:02:16Z
2022-07-08,CNC,20.9,20.9,20.9,20.9,13500,KBS,2026-10-09T05:02:16Z
2022-07-11,CNC,20.9,20.9,20.9,20.9,100,KBS,2026-10-09T05:02:16Z
2022-07-12,CNC,20.9,20.9,20.9,20.9,3000,KBS,2026-10-09T05:02:16Z
2022-07-13,CNC,20.9,20.9,20.9,20.9,5500,KBS,2026-10-09T05:02:16Z
2022-07-15,CNC,20.9,20.9,20.9,20.9,3000,KBS,2026-10-09T05:02:16Z
2022-07-18,CNC,20.9,20.9,20.9,20.9,7600,KBS,2026-10-09T05:02:16Z
2022-07-19,CNC,20.9,20.9,20.9,20.9,10000,KBS,2026-10-09T05:02:16Z
2022-07-20,CNC,20.9,20.9,20.9,20.9,2700,KBS,2026-10-09T05:02:16Z
2022-07-22,CNC,20.52,20.9,20.52,20.9,500,KBS,2026-10-09T05:02:16Z
2022-07-25,CNC,20.52,20.52,20.52,20.52,800,KBS,2026-10-09T05:02:16Z
2022-07-26,CNC,20.52,20.52,20.52,20.52,100,KBS,2026-10-09T05:02:16Z
2022-07-27,CNC,17.48,22.8,17.48,22.8,200,KBS,2026-10-09T05:02:16Z
2022-07-28,CNC,22.72,22.72,22.72,22.72,100,KBS,2026-10-09T05:02:16Z
2022-08-01,CNC,22.72,22.72,22.72,22.72,200,KBS,2026-10-09T05:02:16Z
2022-08-02,CNC,22.72,22.8,22.72,22.72,10800,KBS,2026-10-09T05:02:16Z
2022-08-04,CNC,22.8,22.8,22.8,22.8,2000,KBS,2026-10-09T05:02:16Z
2022-08-05,CNC,22.5,22.5,21.28,21.28,5600,KBS,2026-10-09T05:02:16Z
2022-08-08,CNC,23.03,23.03,22.8,22.88,3400,KBS,2026-10-09T05:02:16Z
2022-08-09,CNC,21.66,21.66,20.9,20.9,1600,KBS,2026-10-09T05:02:16Z
2022-08-10,CNC,22.04,22.04,22.04,22.04,8000,KBS,2026-10-09T05:02:16Z
2022-08-11,CNC,22.04,22.04,22.04,22.04,4500,KBS,2026-10-09T05:02:16Z
2022-08-12,CNC,22.04,22.04,22.04,22.04,9400,KBS,2026-10-09T05:02:16Z
2022-08-15,CNC,22.04,22.04,22.04,22.04,11100,KBS,2026-10-09T05:02:16Z
2022-08-16,CNC,22.04,22.04,22.04,22.04,15600,KBS,2026-10-09T05:02:16Z
2022-08-18,CNC,22.8,22.8,22.04,22.04,1700,KBS,2026-10-09T05:02:16Z
2022-08-19,CNC,22.8,22.8,22.8,22.8,100,KBS,2026-10-09T05:02:16Z
2022-08-22,CNC,22.04,22.04,22.04,22.04,1000,KBS,2026-10-09T05:02:16Z
2022-08-23,CNC,22.04,22.04,22.04,22.04,1400,KBS,2026-10-09T05:02:16Z
2022-08-24,CNC,22.04,22.04,22.04,22.04,6500,KBS,2026-10-09T05:02:16Z
2022-08-26,CNC,22.04,22.04,22.04,22.04,3500,KBS,2026-10-09T05:02:16Z
2022-08-29,CNC,22.04,22.04,22.04,22.04,500,KBS,2026-10-09T05:02:16Z
2022-08-30,CNC,22.19,22.42,22.19,22.42,4900,KBS,2026-10-09T05:02:16Z
2022-08-31,CNC,22.42,22.5,22.42,22.5,800,KBS,2026-10-09T05:02:16Z
2022-09-05,CNC,22.42,22.42,22.42,22.42,200,KBS,2026-10-09T05:02:16Z
2022-09-07,CNC,22.5,22.5,22.5,22.5,500,KBS,2026-10-09T05:02:16Z
2022-09-08,CNC,22.5,22.5,22.42,22.42,2000,KBS,2026-10-09T05:02:16Z
2022-09-09,CNC,22.57,22.57,22.57,22.57,100,KBS,2026-10-09T05:02:16Z
2022-09-12,CNC,22.8,22.88,22.8,22.88,1032,KBS,2026-10-09T05:02:16Z
2022-09-13,CNC,23.03,23.1,23.03,23.1,1154,KBS,2026-10-09T05:02:16Z
2022-09-14,CNC,22.65,23.18,22.19,22.19,19400,KBS,2026-10-09T05:02:16Z
2022-09-15,CNC,22.65,22.65,22.04,22.04,11100,KBS,2026-10-09T05:02:16Z
2022-09-16,CNC,22.8,22.8,22.8,22.8,550,KBS,2026-10-09T05:02:16Z
2022-09-19,CNC,23.18,23.18,23.18,23.18,512,KBS,2026-10-09T05:02:16Z
2022-09-20,CNC,23.03,23.03,23.03,23.03,2000,KBS,2026-10-09T05:02:16Z
2022-09-21,CNC,22.8,23.1,22.8,23.1,1000,KBS,2026-10-09T05:02:16Z
2022-09-22,CNC,23.18,23.18,23.1,23.18,1700,KBS,2026-10-09T05:02:16Z
2022-09-23,CNC,23.18,23.18,23.18,23.18,230,KBS,2026-10-09T05:02:16Z
2022-09-26,CNC,22.5,22.57,22.5,22.57,500,KBS,2026-10-09T05:02:16Z
2022-09-27,CNC,22.5,23.03,22.5,23.03,13520,KBS,2026-10-09T05:02:16Z
2022-09-28,CNC,22.8,22.8,22.42,22.42,500,KBS,2026-10-09T05:02:16Z
2022-09-29,CNC,22.65,22.65,22.65,22.65,300,KBS,2026-10-09T05:02:16Z
2022-09-30,CNC,22.8,22.95,22.5,22.88,8000,KBS,2026-10-09T05:02:16Z
2022-10-03,CNC,23.03,23.03,22.8,22.8,5000,KBS,2026-10-09T05:02:16Z
2022-10-04,CNC,22.65,22.8,22.65,22.8,3900,KBS,2026-10-09T05:02:16Z
2022-10-05,CNC,22.8,22.8,22.8,22.8,700,KBS,2026-10-09T05:02:16Z
2022-10-07,CNC,22.65,22.65,22.19,22.19,6000,KBS,2026-10-09T05:02:16Z
2022-10-11,CNC,22.04,22.04,22.04,22.04,800,KBS,2026-10-09T05:02:16Z
2022-10-12,CNC,22.65,22.65,22.65,22.65,1200,KBS,2026-10-09T05:02:16Z
2022-10-13,CNC,22.8,22.88,22.5,22.88,3400,KBS,2026-10-09T05:02:16Z
2022-10-14,CNC,22.27,22.27,22.27,22.27,3000,KBS,2026-10-09T05:02:16Z
2022-10-17,CNC,22.27,22.42,22.27,22.42,6000,KBS,2026-10-09T05:02:16Z
2022-10-18,CNC,22.8,22.8,22.8,22.8,1400,KBS,2026-10-09T05:02:16Z
2022-10-20,CNC,22.8,22.95,22.8,22.95,1100,KBS,2026-10-09T05:02:16Z
2022-10-21,CNC,22.95,23.03,22.95,23.03,3200,KBS,2026-10-09T05:02:16Z
2022-10-24,CNC,23.56,23.56,22.88,22.88,1400,KBS,2026-10-09T05:02:16Z
2022-10-25,CNC,22.88,22.88,22.88,22.88,300,KBS,2026-10-09T05:02:16Z
2022-10-26,CNC,22.8,23.26,22.8,23.26,600,KBS,2026-10-09T05:02:16Z
2022-10-27,CNC,23.41,23.48,23.41,23.48,200,KBS,2026-10-09T05:02:16Z
2022-10-28,CNC,23.94,24.02,23.94,24.02,400,KBS,2026-10-09T05:02:16Z
2022-10-31,CNC,22.95,22.95,22.95,22.95,2000,KBS,2026-10-09T05:02:16Z
2022-11-01,CNC,24.17,24.17,24.17,24.17,200,KBS,2026-10-09T05:02:16Z
2022-11-02,CNC,22.42,22.42,22.42,22.42,4600,KBS,2026-10-09T05:02:16Z
2022-11-03,CNC,23.56,23.64,23.56,23.64,300,KBS,2026-10-09T05:02:16Z
2022-11-08,CNC,23.56,23.64,23.56,23.64,1400,KBS,2026-10-09T05:02:16Z
2022-11-09,CNC,24.17,24.17,23.71,23.71,6000,KBS,2026-10-09T05:02:16Z
2022-11-10,CNC,23.56,23.56,23.56,23.56,1400,KBS,2026-10-09T05:02:16Z
2022-11-11,CNC,23.56,23.56,23.56,23.56,200,KBS,2026-10-09T05:02:16Z
2022-11-15,CNC,22.95,23.56,22.95,22.95,1200,KBS,2026-10-09T05:02:16Z
2022-11-17,CNC,24.41,24.41,24.41,24.41,1001,KBS,2026-10-09T05:02:16Z
2022-11-21,CNC,24.41,24.41,24.41,24.41,44,KBS,2026-10-09T05:02:16Z
2022-11-22,CNC,26.04,26.04,26.04,26.04,135,KBS,2026-10-09T05:02:16Z
2022-11-23,CNC,22.38,25.22,22.21,25.22,4000,KBS,2026-10-09T05:02:16Z
2022-11-28,CNC,24.82,24.82,24.82,24.82,400,KBS,2026-10-09T05:02:16Z
2022-11-30,CNC,24.65,24.74,24.65,24.74,800,KBS,2026-10-09T05:02:16Z
2022-12-01,CNC,24.65,24.65,22.78,22.78,7000,KBS,2026-10-09T05:02:16Z
2022-12-02,CNC,24.41,24.49,24.41,24.41,1000,KBS,2026-10-09T05:02:16Z
2022-12-05,CNC,23.19,24.41,23.19,24.41,33000,KBS,2026-10-09T05:02:16Z
2022-12-06,CNC,24.41,24.41,23.6,23.6,2000,KBS,2026-10-09T05:02:16Z
2022-12-07,CNC,23.68,23.68,23.68,23.68,12035,KBS,2026-10-09T05:02:16Z
2022-12-08,CNC,23.68,23.68,23.68,23.68,10400,KBS,2026-10-09T05:02:16Z
2022-12-09,CNC,23.84,23.84,23.84,23.84,10000,KBS,2026-10-09T05:02:16Z
2022-12-12,CNC,25.22,25.22,24.41,24.41,14600,KBS,2026-10-09T05:02:16Z
2022-12-13,CNC,24.41,24.41,24.41,24.41,2000,KBS,2026-10-09T05:02:16Z
2022-12-14,CNC,24.41,24.41,23.6,23.6,1100,KBS,2026-10-09T05:02:16Z
2022-12-16,CNC,22.46,22.46,22.21,22.21,1090,KBS,2026-10-09T05:02:16Z
2022-12-19,CNC,23.19,23.27,22.78,22.78,5900,KBS,2026-10-09T05:02:16Z
2022-12-20,CNC,23.43,23.43,23.03,23.03,400,KBS,2026-10-09T05:02:16Z
2022-12-21,CNC,24.0,24.0,23.43,23.43,1200,KBS,2026-10-09T05:02:16Z
2022-12-23,CNC,23.19,23.19,23.19,23.19,6083,KBS,2026-10-09T05:02:16Z
2022-12-26,CNC,22.94,22.94,22.78,22.78,800,KBS,2026-10-09T05:02:16Z
2022-12-27,CNC,22.86,22.86,22.86,22.86,500,KBS,2026-10-09T05:02:16Z
2022-12-28,CNC,22.38,22.94,22.38,22.94,2300,KBS,2026-10-09T05:02:16Z
2022-12-29,CNC,22.94,22.94,22.94,22.94,100,KBS,2026-10-09T05:02:16Z
2023-01-03,CNC,23.03,23.03,22.38,22.38,2200,KBS,2026-10-09T05:02:16Z
2023-01-06,CNC,22.38,22.38,22.38,22.38,2000,KBS,2026-10-09T05:02:16Z
2023-01-09,CNC,22.46,23.03,22.46,22.94,1600,KBS,2026-10-09T05:02:16Z
2023-01-10,CNC,22.78,22.78,22.78,22.78,600,KBS,2026-10-09T05:02:16Z
2023-01-11,CNC,22.78,22.78,22.78,22.78,3200,KBS,2026-10-09T05:02:16Z
2023-01-12,CNC,22.78,22.86,22.78,22.86,3500,KBS,2026-10-09T05:02:16Z
2023-01-16,CNC,22.94,22.94,22.94,22.94,100,KBS,2026-10-09T05:02:16Z
2023-01-17,CNC,22.78,22.78,22.78,22.78,3000,KBS,2026-10-09T05:02:16Z
2023-01-18,CNC,22.78,22.78,22.78,22.78,12901,KBS,2026-10-09T05:02:16Z
2023-01-19,CNC,22.86,22.86,22.78,22.78,700,KBS,2026-10-09T05:02:16Z
2023-01-27,CNC,22.94,23.27,22.94,23.03,3500,KBS,2026-10-09T05:02:16Z
2023-01-30,CNC,23.03,23.27,23.03,23.11,13600,KBS,2026-10-09T05:02:16Z
2023-01-31,CNC,23.11,23.27,23.11,23.27,3034,KBS,2026-10-09T05:02:16Z
2023-02-01,CNC,23.43,24.41,23.43,23.6,18022,KBS,2026-10-09T05:02:16Z
2023-02-02,CNC,23.68,23.68,23.35,23.6,2300,KBS,2026-10-09T05:02:16Z
2023-02-03,CNC,23.6,23.84,23.6,23.68,17300,KBS,2026-10-09T05:02:16Z
2023-02-06,CNC,23.11,23.6,23.11,23.6,1100,KBS,2026-10-09T05:02:16Z
2023-02-07,CNC,23.27,24.41,23.27,23.6,9300,KBS,2026-10-09T05:02:16Z
2023-02-08,CNC,24.08,24.08,24.08,24.08,8200,KBS,2026-10-09T05:02:16Z
2023-02-09,CNC,24.0,24.25,23.84,23.84,6300,KBS,2026-10-09T05:02:16Z
2023-02-10,CNC,23.43,23.92,23.43,23.92,1200,KBS,2026-10-09T05:02:16Z
2023-02-13,CNC,23.6,24.0,23.27,23.52,6800,KBS,2026-10-09T05:02:16Z
2023-02-14,CNC,23.76,24.0,23.76,23.84,16700,KBS,2026-10-09T05:02:16Z
2023-02-15,CNC,24.0,24.0,24.0,24.0,13900,KBS,2026-10-09T05:02:16Z
2023-02-16,CNC,24.25,24.65,24.25,24.41,40400,KBS,2026-10-09T05:02:16Z
2023-02-17,CNC,26.52,26.52,24.41,25.22,34500,KBS,2026-10-09T05:02:16Z
2023-02-20,CNC,24.9,25.22,24.41,25.22,18400,KBS,2026-10-09T05:02:16Z
2023-02-21,CNC,24.65,24.65,24.41,24.49,2200,KBS,2026-10-09T05:02:16Z
2023-02-22,CNC,25.14,25.96,24.74,25.63,26124,KBS,2026-10-09T05:02:16Z
2023-02-23,CNC,24.82,25.3,24.82,25.3,1000,KBS,2026-10-09T05:02:16Z
2023-02-24,CNC,25.96,25.96,24.25,25.06,15500,KBS,2026-10-09T05:02:16Z
2023-02-27,CNC,25.88,25.88,24.57,24.74,4431,KBS,2026-10-09T05:02:16Z
2023-02-28,CNC,24.82,24.82,24.65,24.65,400,KBS,2026-10-09T05:02:16Z
2023-03-01,CNC,24.74,28.4,24.74,24.82,1000,KBS,2026-10-09T05:02:16Z
2023-03-02,CNC,23.27,24.74,23.27,24.33,7200,KBS,2026-10-09T05:02:16Z
2023-03-03,CNC,24.98,24.98,24.41,24.41,3400,KBS,2026-10-09T05:02:16Z
2023-03-06,CNC,25.14,25.14,24.08,24.08,4500,KBS,2026-10-09T05:02:16Z
2023-03-07,CNC,24.74,24.74,23.92,23.92,7000,KBS,2026-10-09T05:02:16Z
2023-03-08,CNC,24.57,25.96,24.57,24.82,1400,KBS,2026-10-09T05:02:16Z
2023-03-09,CNC,23.84,24.57,23.84,23.92,6600,KBS,2026-10-09T05:02:16Z
2023-03-10,CNC,23.92,23.92,23.92,23.92,200,KBS,2026-10-09T05:02:16Z
2023-03-13,CNC,23.92,23.92,23.92,23.92,6000,KBS,2026-10-09T05:02:16Z
2023-03-14,CNC,23.76,23.76,23.6,23.68,15100,KBS,2026-10-09T05:02:16Z
2023-03-15,CNC,24.0,24.0,23.6,23.6,6200,KBS,2026-10-09T05:02:16Z
2023-03-16,CNC,23.43,23.43,23.35,23.43,800,KBS,2026-10-09T05:02:16Z
2023-03-17,CNC,23.43,23.6,23.43,23.6,4500,KBS,2026-10-09T05:02:16Z
2023-03-20,CNC,23.43,23.43,23.43,23.43,2000,KBS,2026-10-09T05:02:16Z
2023-03-22,CNC,23.19,23.19,23.19,23.19,300,KBS,2026-10-09T05:02:16Z
2023-03-23,CNC,23.6,23.6,23.19,23.6,800,KBS,2026-10-09T05:02:16Z
2023-03-24,CNC,23.19,23.19,23.03,23.03,802,KBS,2026-10-09T05:02:16Z
2023-03-27,CNC,23.11,24.0,23.11,24.0,1800,KBS,2026-10-09T05:02:16Z
2023-03-28,CNC,23.35,23.35,23.35,23.35,100,KBS,2026-10-09T05:02:16Z
2023-03-29,CNC,23.35,23.6,23.35,23.43,600,KBS,2026-10-09T05:02:16Z
2023-03-30,CNC,23.52,23.52,23.52,23.52,1400,KBS,2026-10-09T05:02:16Z
2023-03-31,CNC,23.52,23.52,23.19,23.43,5500,KBS,2026-10-09T05:02:16Z
2023-04-03,CNC,23.43,23.6,23.43,23.6,7424,KBS,2026-10-09T05:02:16Z
2023-04-04,CNC,23.6,23.6,23.6,23.6,8800,KBS,2026-10-09T05:02:16Z
2023-04-05,CNC,23.6,24.0,23.6,24.0,200,KBS,2026-10-09T05:02:16Z
2023-04-07,CNC,24.41,24.41,23.68,23.68,2200,KBS,2026-10-09T05:02:16Z
2023-04-10,CNC,23.92,23.92,23.6,23.6,4201,KBS,2026-10-09T05:02:16Z
2023-04-11,CNC,24.33,24.33,23.68,23.68,1400,KBS,2026-10-09T05:02:16Z
2023-04-12,CNC,23.6,23.76,23.6,23.6,11400,KBS,2026-10-09T05:02:16Z
2023-04-13,CNC,23.6,23.6,23.6,23.6,2200,KBS,2026-10-09T05:02:16Z
2023-04-14,CNC,23.6,23.6,23.6,23.6,2206,KBS,2026-10-09T05:02:16Z
2023-04-17,CNC,23.84,23.84,23.84,23.84,200,KBS,2026-10-09T05:02:16Z
2023-04-19,CNC,24.25,24.25,23.84,23.84,300,KBS,2026-10-09T05:02:16Z
2023-04-20,CNC,23.43,23.43,23.43,23.43,100,KBS,2026-10-09T05:02:16Z
2023-04-21,CNC,23.43,23.43,23.43,23.43,200,KBS,2026-10-09T05:02:16Z
2023-04-24,CNC,23.43,23.6,23.43,23.6,3500,KBS,2026-10-09T05:02:16Z
2023-04-25,CNC,23.19,23.19,23.19,23.19,2200,KBS,2026-10-09T05:02:16Z
2023-04-26,CNC,23.27,23.27,23.19,23.19,2937,KBS,2026-10-09T05:02:16Z
2023-04-28,CNC,24.0,24.0,23.6,23.6,337,KBS,2026-10-09T05:02:16Z
2023-05-04,CNC,23.76,23.76,23.76,23.76,2600,KBS,2026-10-09T05:02:16Z
2023-05-05,CNC,23.35,23.92,23.19,23.92,1501,KBS,2026-10-09T05:02:16Z
2023-05-08,CNC,23.6,23.6,23.6,23.6,2000,KBS,2026-10-09T05:02:16Z
2023-05-09,CNC,23.6,23.6,23.6,23.6,5300,KBS,2026-10-09T05:02:16Z
2023-05-10,CNC,23.6,23.6,23.43,23.43,7400,KBS,2026-10-09T05:02:16Z
2023-05-11,CNC,23.52,23.6,23.52,23.6,2100,KBS,2026-10-09T05:02:16Z
2023-05-12,CNC,23.76,23.92,23.76,23.76,7100,KBS,2026-10-09T05:02:16Z
2023-05-15,CNC,23.6,23.6,23.6,23.6,1300,KBS,2026-10-09T05:02:16Z
2023-05-16,CNC,23.6,23.6,23.6,23.6,2200,KBS,2026-10-09T05:02:16Z
2023-05-17,CNC,24.25,24.25,24.25,24.25,5300,KBS,2026-10-09T05:02:16Z
2023-05-19,CNC,23.6,23.6,23.6,23.6,1500,KBS,2026-10-09T05:02:16Z
2023-05-22,CNC,24.84,24.84,24.01,24.18,1400,KBS,2026-10-09T05:02:16Z
2023-05-23,CNC,24.01,24.01,24.01,24.01,2600,KBS,2026-10-09T05:02:16Z
2023-05-24,CNC,23.6,24.01,23.6,23.6,1600,KBS,2026-10-09T05:02:16Z
2023-05-29,CNC,24.01,24.01,24.01,24.01,13500,KBS,2026-10-09T05:02:16Z
2023-05-30,CNC,24.01,24.01,24.01,24.01,800,KBS,2026-10-09T05:02:16Z
2023-05-31,CNC,24.01,24.01,24.01,24.01,700,KBS,2026-10-09T05:02:16Z
2023-06-01,CNC,24.01,24.01,23.84,23.84,6400,KBS,2026-10-09T05:02:16Z
2023-06-02,CNC,23.93,23.93,23.93,23.93,1000,KBS,2026-10-09T05:02:16Z
2023-06-05,CNC,23.93,23.93,23.68,23.76,3600,KBS,2026-10-09T05:02:16Z
2023-06-06,CNC,24.01,24.09,23.84,24.09,9722,KBS,2026-10-09T05:02:16Z
2023-06-07,CNC,24.26,24.59,24.09,24.42,10380,KBS,2026-10-09T05:02:16Z
2023-06-08,CNC,24.18,24.42,24.18,24.18,3100,KBS,2026-10-09T05:02:16Z
2023-06-09,CNC,24.67,24.67,24.67,24.67,2800,KBS,2026-10-09T05:02:16Z
2023-06-13,CNC,24.67,24.67,24.51,24.51,2400,KBS,2026-10-09T05:02:16Z
2023-06-16,CNC,24.51,24.51,24.51,24.51,10,KBS,2026-10-09T05:02:16Z
2023-06-19,CNC,24.51,24.51,24.51,24.51,21,KBS,2026-10-09T05:02:16Z
2023-06-20,CNC,24.42,24.42,24.18,24.18,1200,KBS,2026-10-09T05:02:16Z
2023-06-21,CNC,24.42,24.42,24.34,24.42,1700,KBS,2026-10-09T05:02:16Z
2023-06-22,CNC,24.42,24.42,24.42,24.42,2100,KBS,2026-10-09T05:02:16Z
2023-06-23,CNC,24.42,24.84,24.42,24.84,4500,KBS,2026-10-09T05:02:16Z
2023-06-27,CNC,24.59,24.59,24.42,24.59,7700,KBS,2026-10-09T05:02:16Z
2023-06-29,CNC,24.59,24.67,24.59,24.59,3600,KBS,2026-10-09T05:02:16Z
2023-07-03,CNC,24.67,24.67,24.59,24.59,900,KBS,2026-10-09T05:02:16Z
2023-07-04,CNC,24.59,24.59,24.59,24.59,600,KBS,2026-10-09T05:02:16Z
2023-07-05,CNC,24.84,24.84,24.01,24.01,10200,KBS,2026-10-09T05:02:16Z
2023-07-06,CNC,23.84,26.49,20.7,24.18,70100,KBS,2026-10-09T05:02:16Z
2023-07-07,CNC,24.18,24.26,24.01,24.01,400,KBS,2026-10-09T05:02:16Z
2023-07-10,CNC,24.09,24.42,24.09,24.09,7900,KBS,2026-10-09T05:02:16Z
2023-07-11,CNC,24.09,24.18,24.09,24.18,2500,KBS,2026-10-09T05:02:16Z
2023-07-12,CNC,24.18,24.18,24.18,24.18,100,KBS,2026-10-09T05:02:16Z
2023-07-13,CNC,24.18,25.0,24.18,24.42,5021,KBS,2026-10-09T05:02:16Z
2023-07-14,CNC,25.0,25.09,24.84,24.92,5900,KBS,2026-10-09T05:02:16Z
2023-07-17,CNC,25.0,25.09,25.0,25.0,4200,KBS,2026-10-09T05:02:16Z
2023-07-18,CNC,25.09,25.09,25.09,25.09,4200,KBS,2026-10-09T05:02:16Z
2023-07-19,CNC,25.09,25.09,25.09,25.09,2000,KBS,2026-10-09T05:02:16Z
2023-07-21,CNC,25.09,25.09,25.09,25.09,600,KBS,2026-10-09T05:02:16Z
2023-07-24,CNC,25.09,25.09,24.84,24.84,700,KBS,2026-10-09T05:02:16Z
2023-07-25,CNC,24.84,24.84,24.84,24.84,43,KBS,2026-10-09T05:02:16Z
2023-07-27,CNC,25.67,25.67,24.84,24.84,13800,KBS,2026-10-09T05:02:16Z
2023-07-28,CNC,25.67,25.67,25.67,25.67,4347,KBS,2026-10-09T05:02:16Z
2023-07-31,CNC,25.25,25.25,25.25,25.25,803,KBS,2026-10-09T05:02:16Z
2023-08-02,CNC,25.25,25.25,25.25,25.25,24,KBS,2026-10-09T05:02:16Z
2023-08-08,CNC,24.84,24.84,24.84,24.84,600,KBS,2026-10-09T05:02:16Z
2023-08-09,CNC,24.84,24.84,24.42,24.42,3200,KBS,2026-10-09T05:02:16Z
2023-08-10,CNC,24.84,24.84,24.84,24.84,204,KBS,2026-10-09T05:02:16Z
2023-08-14,CNC,23.6,23.76,23.6,23.76,200,KBS,2026-10-09T05:02:16Z
2023-08-16,CNC,23.76,24.42,23.76,24.42,1400,KBS,2026-10-09T05:02:16Z
2023-08-22,CNC,24.09,24.09,24.01,24.01,902,KBS,2026-10-09T05:02:16Z
2023-08-23,CNC,24.01,24.01,24.01,24.01,1000,KBS,2026-10-09T05:02:16Z
2023-08-24,CNC,24.01,24.01,24.01,24.01,3000,KBS,2026-10-09T05:02:16Z
2023-08-25,CNC,24.01,24.01,24.01,24.01,13200,KBS,2026-10-09T05:02:16Z
2023-08-28,CNC,24.76,24.76,24.09,24.09,6100,KBS,2026-10-09T05:02:16Z
2023-08-29,CNC,24.26,24.26,24.26,24.26,2600,KBS,2026-10-09T05:02:16Z
2023-08-30,CNC,24.01,24.51,24.01,24.51,6100,KBS,2026-10-09T05:02:16Z
2023-09-05,CNC,24.51,24.51,24.51,24.51,4000,KBS,2026-10-09T05:02:16Z
2023-09-06,CNC,24.51,24.51,24.51,24.51,3,KBS,2026-10-09T05:02:16Z
2023-09-07,CNC,24.01,24.51,24.01,24.51,10300,KBS,2026-10-09T05:02:16Z
2023-09-08,CNC,24.42,24.51,24.42,24.51,17249,KBS,2026-10-09T05:02:16Z
2023-09-11,CNC,24.84,25.34,24.67,24.67,17302,KBS,2026-10-09T05:02:16Z
2023-09-12,CNC,24.01,24.01,24.01,24.01,801,KBS,2026-10-09T05:02:16Z
2023-09-13,CNC,24.01,24.01,24.01,24.01,600,KBS,2026-10-09T05:02:16Z
2023-09-15,CNC,24.84,24.84,24.84,24.84,500,KBS,2026-10-09T05:02:16Z
2023-09-25,CNC,23.76,23.76,23.76,23.76,7000,KBS,2026-10-09T05:02:16Z
2023-09-27,CNC,23.84,25.5,23.84,25.34,10200,KBS,2026-10-09T05:02:16Z
2023-09-28,CNC,24.84,24.84,24.84,24.84,1300,KBS,2026-10-09T05:02:16Z
2023-09-29,CNC,25.25,25.25,24.84,24.84,3300,KBS,2026-10-09T05:02:16Z
2023-10-02,CNC,25.17,25.17,25.17,25.17,2100,KBS,2026-10-09T05:02:16Z
2023-10-03,CNC,24.84,24.84,24.84,24.84,400,KBS,2026-10-09T05:02:16Z
2023-10-04,CNC,24.84,24.84,24.84,24.84,800,KBS,2026-10-09T05:02:16Z
2023-10-06,CNC,25.25,25.25,25.25,25.25,100,KBS,2026-10-09T05:02:16Z
2023-10-11,CNC,25.25,25.25,24.84,24.84,1000,KBS,2026-10-09T05:02:16Z
2023-10-12,CNC,25.67,25.67,25.67,25.67,200,KBS,2026-10-09T05:02:16Z
2023-10-13,CNC,22.85,24.01,22.85,24.01,200,KBS,2026-10-09T05:02:16Z
2023-10-19,CNC,24.18,24.18,24.18,24.18,100,KBS,2026-10-09T05:02:16Z
2023-10-20,CNC,25.42,25.42,24.76,24.84,6200,KBS,2026-10-09T05:02:16Z
2023-10-23,CNC,24.84,24.84,24.84,24.84,57,KBS,2026-10-09T05:02:16Z
2023-10-24,CNC,24.42,24.42,24.42,24.42,200,KBS,2026-10-09T05:02:16Z
2023-10-25,CNC,24.42,24.42,24.18,24.26,700,KBS,2026-10-09T05:02:16Z
2023-10-26,CNC,24.01,24.26,24.01,24.01,1000,KBS,2026-10-09T05:02:16Z
2023-10-27,CNC,24.42,24.42,24.42,24.42,400,KBS,2026-10-09T05:02:16Z
2023-10-31,CNC,24.01,24.01,24.01,24.01,100,KBS,2026-10-09T05:02:16Z
2023-11-01,CNC,24.01,24.18,24.01,24.01,400,KBS,2026-10-09T05:02:16Z
2023-11-02,CNC,24.84,24.84,24.42,24.42,400,KBS,2026-10-09T05:02:16Z
2023-11-03,CNC,24.42,24.42,24.42,24.42,400,KBS,2026-10-09T05:02:16Z
2023-11-09,CNC,24.84,24.84,24.84,24.84,200,KBS,2026-10-09T05:02:16Z
2023-11-10,CNC,24.67,24.67,24.67,24.67,100,KBS,2026-10-09T05:02:16Z
2023-11-13,CNC,24.42,24.67,24.42,24.42,1900,KBS,2026-10-09T05:02:16Z
2023-11-15,CNC,24.51,24.51,24.51,24.51,705,KBS,2026-10-09T05:02:16Z
2023-11-16,CNC,24.51,24.51,24.42,24.42,2700,KBS,2026-10-09T05:02:16Z
2023-11-20,CNC,24.42,24.42,24.42,24.42,7,KBS,2026-10-09T05:02:16Z
2023-11-21,CNC,24.34,24.34,24.34,24.34,200,KBS,2026-10-09T05:02:16Z
2023-11-23,CNC,24.42,24.42,24.42,24.42,800,KBS,2026-10-09T05:02:16Z
2023-11-28,CNC,23.6,24.01,23.51,24.01,1100,KBS,2026-10-09T05:02:16Z
2023-11-29,CNC,23.76,24.34,23.18,24.34,6700,KBS,2026-10-09T05:02:16Z
2023-11-30,CNC,24.34,24.34,24.26,24.26,400,KBS,2026-10-09T05:02:16Z
2023-12-04,CNC,24.26,24.34,24.26,24.34,700,KBS,2026-10-09T05:02:16Z
2023-12-06,CNC,24.84,25.67,24.84,25.25,2700,KBS,2026-10-09T05:02:16Z
2023-12-07,CNC,27.32,27.32,25.34,25.34,707,KBS,2026-10-09T05:02:16Z
2023-12-08,CNC,25.67,25.67,25.34,25.58,12201,KBS,2026-10-09T05:02:16Z
2023-12-11,CNC,25.5,25.5,25.09,25.25,634,KBS,2026-10-09T05:02:16Z
2023-12-12,CNC,25.17,25.5,25.17,25.25,18013,KBS,2026-10-09T05:02:16Z
2023-12-13,CNC,25.25,26.08,25.09,25.34,19400,KBS,2026-10-09T05:02:16Z
2023-12-14,CNC,25.67,25.92,25.58,25.58,26600,KBS,2026-10-09T05:02:16Z
2023-12-15,CNC,25.67,25.67,25.67,25.67,3900,KBS,2026-10-09T05:02:16Z
2023-12-18,CNC,26.55,26.55,24.34,24.78,21500,KBS,2026-10-09T05:02:16Z
2023-12-19,CNC,24.78,24.87,24.78,24.78,1210,KBS,2026-10-09T05:02:16Z
2023-12-20,CNC,24.96,24.96,24.78,24.78,7400,KBS,2026-10-09T05:02:16Z
2023-12-21,CNC,24.78,25.4,24.78,24.96,7800,KBS,2026-10-09T05:02:16Z
2023-12-22,CNC,24.78,24.96,24.78,24.87,13704,KBS,2026-10-09T05:02:16Z
2023-12-25,CNC,25.4,25.4,24.87,25.22,33020,KBS,2026-10-09T05:02:16Z
2023-12-26,CNC,25.05,25.05,25.05,25.05,10100,KBS,2026-10-09T05:02:16Z
2023-12-27,CNC,24.96,25.05,24.96,25.05,10220,KBS,2026-10-09T05:02:16Z
2023-12-28,CNC,24.96,24.96,24.96,24.96,1000,KBS,2026-10-09T05:02:16Z
2023-12-29,CNC,24.96,24.96,24.96,24.96,8002,KBS,2026-10-09T05:02:16Z
2024-01-02,CNC,24.96,25.14,24.96,25.05,10605,KBS,2026-10-09T05:02:16Z
2024-01-03,CNC,25.05,25.22,25.05,25.14,4600,KBS,2026-10-09T05:02:16Z
2024-01-04,CNC,25.49,25.67,25.49,25.58,410,KBS,2026-10-09T05:02:16Z
2024-01-05,CNC,25.14,25.14,25.14,25.14,173,KBS,2026-10-09T05:02:16Z
2024-01-08,CNC,25.58,25.58,25.31,25.31,200,KBS,2026-10-09T05:02:16Z
2024-01-09,CNC,25.22,25.22,25.22,25.22,100,KBS,2026-10-09T05:02:16Z
2024-01-10,CNC,25.22,25.31,25.22,25.31,29800,KBS,2026-10-09T05:02:16Z
2024-01-11,CNC,25.31,25.49,25.31,25.31,10100,KBS,2026-10-09T05:02:16Z
2024-01-12,CNC,25.84,25.84,25.31,25.31,2200,KBS,2026-10-09T05:02:16Z
2024-01-15,CNC,25.4,25.4,25.31,25.4,5100,KBS,2026-10-09T05:02:16Z
2024-01-16,CNC,25.4,25.4,25.4,25.4,2600,KBS,2026-10-09T05:02:16Z
2024-01-17,CNC,25.67,25.67,25.67,25.67,1200,KBS,2026-10-09T05:02:16Z
2024-01-18,CNC,25.67,25.93,25.67,25.93,1152,KBS,2026-10-09T05:02:16Z
2024-01-19,CNC,25.67,25.67,25.4,25.4,2100,KBS,2026-10-09T05:02:16Z
2024-01-22,CNC,25.67,25.67,25.67,25.67,4800,KBS,2026-10-09T05:02:16Z
2024-01-23,CNC,25.49,25.49,25.49,25.49,1200,KBS,2026-10-09T05:02:16Z
2024-01-24,CNC,25.49,25.49,25.22,25.22,16700,KBS,2026-10-09T05:02:16Z
2024-01-26,CNC,25.4,25.4,25.4,25.4,1000,KBS,2026-10-09T05:02:16Z
2024-01-29,CNC,25.93,25.93,25.84,25.84,400,KBS,2026-10-09T05:02:16Z
2024-01-30,CNC,25.31,25.49,25.31,25.49,19200,KBS,2026-10-09T05:02:16Z
2024-01-31,CNC,25.67,25.67,25.58,25.58,500,KBS,2026-10-09T05:02:16Z
2024-02-02,CNC,25.58,25.58,25.58,25.58,569,KBS,2026-10-09T05:02:16Z
2024-02-05,CNC,25.58,25.84,25.49,25.76,5800,KBS,2026-10-09T05:02:16Z
2024-02-06,CNC,25.76,26.11,25.76,26.02,14900,KBS,2026-10-09T05:02:16Z
2024-02-07,CNC,26.11,26.11,26.11,26.11,100,KBS,2026-10-09T05:02:16Z
2024-02-15,CNC,26.11,26.11,26.11,26.11,5,KBS,2026-10-09T05:02:16Z
2024-02-16,CNC,25.67,25.67,25.67,25.67,3000,KBS,2026-10-09T05:02:16Z
2024-02-19,CNC,26.55,26.55,26.11,26.11,1000,KBS,2026-10-09T05:02:16Z
2024-02-20,CNC,24.78,26.11,24.78,26.11,1300,KBS,2026-10-09T05:02:16Z
2024-02-21,CNC,26.37,26.37,26.11,26.11,3137,KBS,2026-10-09T05:02:16Z
2024-02-22,CNC,26.11,26.2,26.11,26.2,1600,KBS,2026-10-09T05:02:16Z
2024-02-23,CNC,26.11,26.11,26.02,26.02,6050,KBS,2026-10-09T05:02:16Z
2024-02-26,CNC,26.11,26.11,25.67,25.67,1000,KBS,2026-10-09T05:02:16Z
2024-02-27,CNC,26.11,26.11,26.11,26.11,1011,KBS,2026-10-09T05:02:16Z
2024-02-28,CNC,24.78,25.84,24.78,25.84,800,KBS,2026-10-09T05:02:16Z
2024-02-29,CNC,25.84,25.84,25.84,25.84,1000,KBS,2026-10-09T05:02:16Z
2024-03-01,CNC,26.11,26.11,26.11,26.11,600,KBS,2026-10-09T05:02:16Z
2024-03-04,CNC,26.11,26.11,25.84,25.84,2600,KBS,2026-10-09T05:02:16Z
2024-03-05,CNC,25.93,25.93,25.93,25.93,600,KBS,2026-10-09T05:02:16Z
2024-03-06,CNC,25.93,26.11,25.93,26.11,1500,KBS,2026-10-09T05:02:16Z
2024-03-07,CNC,26.11,26.11,26.11,26.11,100,KBS,2026-10-09T05:02:16Z
2024-03-08,CNC,26.11,26.11,26.11,26.11,1702,KBS,2026-10-09T05:02:16Z
2024-03-11,CNC,26.11,26.11,26.11,26.11,110,KBS,2026-10-09T05:02:16Z
2024-03-12,CNC,26.11,26.11,26.11,26.11,5619,KBS,2026-10-09T05:02:16Z
2024-03-13,CNC,26.11,26.11,26.02,26.02,2902,KBS,2026-10-09T05:02:16Z
2024-03-14,CNC,26.02,26.02,26.02,26.02,1500,KBS,2026-10-09T05:02:16Z
2024-03-15,CNC,25.67,26.02,25.67,26.02,1236,KBS,2026-10-09T05:02:16Z
2024-03-18,CNC,25.93,25.93,25.67,25.67,1610,KBS,2026-10-09T05:02:16Z
2024-03-19,CNC,25.67,25.84,25.67,25.84,1500,KBS,2026-10-09T05:02:16Z
2024-03-20,CNC,25.67,25.67,25.49,25.49,300,KBS,2026-10-09T05:02:16Z
2024-03-22,CNC,25.93,25.93,25.67,25.67,3200,KBS,2026-10-09T05:02:16Z
2024-03-25,CNC,25.49,25.49,25.49,25.49,4010,KBS,2026-10-09T05:02:16Z
2024-03-26,CNC,26.99,26.99,26.99,26.99,100,KBS,2026-10-09T05:02:16Z
2024-03-27,CNC,23.01,23.01,23.01,23.01,100,KBS,2026-10-09T05:02:16Z
2024-03-28,CNC,26.11,26.11,26.11,26.11,201,KBS,2026-10-09T05:02:16Z
2024-03-29,CNC,24.34,24.34,24.34,24.34,124,KBS,2026-10-09T05:02:16Z
2024-04-01,CNC,25.84,25.84,25.84,25.84,304,KBS,2026-10-09T05:02:16Z
2024-04-03,CNC,25.84,25.84,25.84,25.84,436,KBS,2026-10-09T05:02:16Z
2024-04-04,CNC,25.84,25.84,25.84,25.84,10,KBS,2026-10-09T05:02:16Z
2024-04-05,CNC,25.49,25.58,25.49,25.58,6100,KBS,2026-10-09T05:02:16Z
2024-04-08,CNC,23.19,26.02,22.3,26.02,2100,KBS,2026-10-09T05:02:16Z
2024-04-09,CNC,26.02,26.02,24.78,24.87,1804,KBS,2026-10-09T05:02:16Z
2024-04-10,CNC,25.67,26.02,25.58,25.67,4807,KBS,2026-10-09T05:02:16Z
2024-04-11,CNC,25.93,25.93,25.93,25.93,308,KBS,2026-10-09T05:02:16Z
2024-04-12,CNC,25.49,25.67,25.49,25.67,304,KBS,2026-10-09T05:02:16Z
2024-04-15,CNC,25.67,25.84,25.49,25.49,3000,KBS,2026-10-09T05:02:16Z
2024-04-19,CNC,25.67,25.67,24.34,24.34,800,KBS,2026-10-09T05:02:16Z
2024-04-23,CNC,24.87,24.87,24.87,24.87,1400,KBS,2026-10-09T05:02:16Z
2024-04-25,CNC,25.14,26.02,25.14,26.02,8300,KBS,2026-10-09T05:02:16Z
2024-04-26,CNC,25.67,25.67,24.78,25.22,4500,KBS,2026-10-09T05:02:16Z
2024-05-02,CNC,25.22,25.22,24.34,24.34,7904,KBS,2026-10-09T05:02:16Z
2024-05-03,CNC,25.4,25.4,25.22,25.22,960,KBS,2026-10-09T05:02:16Z
2024-05-06,CNC,25.31,25.4,25.31,25.4,24720,KBS,2026-10-09T05:02:16Z
2024-05-07,CNC,25.58,25.58,25.58,25.58,1325,KBS,2026-10-09T05:02:16Z
2024-05-09,CNC,25.58,25.58,25.58,25.58,1500,KBS,2026-10-09T05:02:16Z
2024-05-13,CNC,25.05,25.58,25.05,25.58,1103,KBS,2026-10-09T05:02:16Z
2024-05-14,CNC,25.4,25.67,25.22,25.22,12223,KBS,2026-10-09T05:02:16Z
2024-05-15,CNC,25.31,25.31,25.22,25.22,31600,KBS,2026-10-09T05:02:16Z
2024-05-16,CNC,25.31,25.4,25.31,25.4,2800,KBS,2026-10-09T05:02:16Z
2024-05-17,CNC,25.49,25.49,25.22,25.31,21505,KBS,2026-10-09T05:02:16Z
2024-05-20,CNC,24.96,25.22,24.96,25.22,9383,KBS,2026-10-09T05:02:16Z
2024-05-21,CNC,24.96,25.31,24.96,25.31,3700,KBS,2026-10-09T05:02:16Z
2024-05-22,CNC,25.31,25.49,25.31,25.31,12900,KBS,2026-10-09T05:02:16Z
2024-05-23,CNC,25.31,25.31,25.22,25.31,9007,KBS,2026-10-09T05:02:16Z
2024-05-24,CNC,25.31,25.31,25.22,25.31,2700,KBS,2026-10-09T05:02:16Z
2024-05-27,CNC,25.31,25.4,25.05,25.22,5600,KBS,2026-10-09T05:02:16Z
2024-05-28,CNC,25.4,25.4,25.4,25.4,1600,KBS,2026-10-09T05:02:16Z
2024-05-29,CNC,25.58,25.58,25.58,25.58,1800,KBS,2026-10-09T05:02:16Z
2024-05-30,CNC,25.58,25.58,24.78,25.05,1525,KBS,2026-10-09T05:02:16Z
2024-05-31,CNC,25.93,25.93,25.93,25.93,100,KBS,2026-10-09T05:02:16Z
2024-06-03,CNC,25.93,25.93,25.67,25.93,3323,KBS,2026-10-09T05:02:16Z
2024-06-04,CNC,25.4,25.4,25.22,25.22,4048,KBS,2026-10-09T05:02:16Z
2024-06-06,CNC,25.4,25.4,25.4,25.4,300,KBS,2026-10-09T05:02:16Z
2024-06-07,CNC,25.67,25.67,25.49,25.49,500,KBS,2026-10-09T05:02:16Z
2024-06-10,CNC,25.49,25.93,25.49,25.84,12900,KBS,2026-10-09T05:02:16Z
2024-06-11,CNC,25.93,26.55,25.93,26.2,12216,KBS,2026-10-09T05:02:16Z
2024-06-12,CNC,26.29,26.29,26.29,26.29,2604,KBS,2026-10-09T05:02:16Z
2024-06-13,CNC,26.29,26.29,26.29,26.29,200,KBS,2026-10-09T05:02:16Z
2024-06-14,CNC,26.29,26.29,25.67,25.76,4004,KBS,2026-10-09T05:02:16Z
2024-06-17,CNC,25.84,25.84,25.58,25.58,10000,KBS,2026-10-09T05:02:16Z
2024-06-18,CNC,26.11,27.08,26.11,27.08,7250,KBS,2026-10-09T05:02:16Z
2024-06-19,CNC,27.08,27.08,26.99,26.99,733,KBS,2026-10-09T05:02:16Z
2024-06-21,CNC,26.99,26.99,26.9,26.9,9008,KBS,2026-10-09T05:02:16Z
2024-06-24,CNC,27.44,27.44,26.9,26.9,2366,KBS,2026-10-09T05:02:16Z
2024-06-25,CNC,26.9,26.9,26.9,26.9,436,KBS,2026-10-09T05:02:16Z
2024-06-26,CNC,27.44,27.44,26.55,26.55,15408,KBS,2026-10-09T05:02:16Z
2024-06-27,CNC,26.99,26.99,26.99,26.99,6300,KBS,2026-10-09T05:02:16Z
2024-06-28,CNC,26.99,27.08,26.99,26.99,26012,KBS,2026-10-09T05:02:16Z
2024-07-01,CNC,26.99,26.99,26.9,26.9,8720,KBS,2026-10-09T05:02:16Z
2024-07-02,CNC,26.64,26.64,26.2,26.55,30285,KBS,2026-10-09T05:02:16Z
2024-07-03,CNC,27.88,27.88,26.55,26.55,2801,KBS,2026-10-09T05:02:16Z
2024-07-04,CNC,27.61,27.61,27.61,27.61,641,KBS,2026-10-09T05:02:16Z
2024-07-05,CNC,27.7,27.7,27.7,27.7,2502,KBS,2026-10-09T05:02:16Z
2024-07-08,CNC,27.7,27.7,27.7,27.7,9,KBS,2026-10-09T05:02:16Z
2024-07-09,CNC,27.7,27.7,27.7,27.7,2368,KBS,2026-10-09T05:02:16Z
2024-07-10,CNC,27.7,27.79,27.7,27.79,3642,KBS,2026-10-09T05:02:16Z
2024-07-11,CNC,27.79,27.97,27.79,27.97,500,KBS,2026-10-09T05:02:16Z
2024-07-12,CNC,27.97,27.97,27.97,27.97,135,KBS,2026-10-09T05:02:16Z
2024-07-15,CNC,28.06,28.06,27.97,27.97,400,KBS,2026-10-09T05:02:16Z
2024-07-16,CNC,27.97,29.21,27.97,29.21,32127,KBS,2026-10-09T05:02:16Z
2024-07-17,CNC,30.09,30.09,29.65,29.65,16024,KBS,2026-10-09T05:02:16Z
2024-07-18,CNC,29.65,29.74,28.76,28.76,10712,KBS,2026-10-09T05:02:16Z
2024-07-19,CNC,28.85,28.85,28.76,28.85,7811,KBS,2026-10-09T05:02:16Z
2024-07-22,CNC,25.76,30.09,25.76,30.09,300,KBS,2026-10-09T05:02:16Z
2024-07-23,CNC,23.1,29.65,23.1,26.11,9186,KBS,2026-10-09T05:02:16Z
2024-07-24,CNC,27.44,27.44,27.35,27.35,1601,KBS,2026-10-09T05:02:16Z
2024-07-25,CNC,27.35,28.32,27.35,28.32,2672,KBS,2026-10-09T05:02:16Z
2024-07-26,CNC,27.44,27.7,27.44,27.7,300,KBS,2026-10-09T05:02:16Z
2024-07-31,CNC,27.61,27.61,27.61,27.61,101,KBS,2026-10-09T05:02:16Z
2024-08-01,CNC,27.61,27.7,27.61,27.61,3700,KBS,2026-10-09T05:02:16Z
2024-08-02,CNC,27.88,28.41,27.88,28.41,11900,KBS,2026-10-09T05:02:16Z
2024-08-06,CNC,29.21,29.21,29.21,29.21,100,KBS,2026-10-09T05:02:16Z
2024-08-07,CNC,24.96,29.03,24.96,28.32,29501,KBS,2026-10-09T05:02:16Z
2024-08-08,CNC,28.32,28.32,28.32,28.32,1022,KBS,2026-10-09T05:02:16Z
2024-08-12,CNC,25.84,28.23,25.84,28.23,300,KBS,2026-10-09T05:02:16Z
2024-08-13,CNC,28.32,28.32,27.44,27.44,2604,KBS,2026-10-09T05:02:16Z
2024-08-14,CNC,27.52,27.52,27.52,27.52,700,KBS,2026-10-09T05:02:16Z
2024-08-15,CNC,27.44,27.44,27.26,27.26,4503,KBS,2026-10-09T05:02:16Z
2024-08-16,CNC,28.14,28.14,26.55,28.06,3201,KBS,2026-10-09T05:02:16Z
2024-08-19,CNC,27.44,28.23,27.44,28.23,2601,KBS,2026-10-09T05:02:16Z
2024-08-20,CNC,28.59,28.59,28.59,28.59,115,KBS,2026-10-09T05:02:16Z
2024-08-21,CNC,28.59,28.59,28.59,28.59,4,KBS,2026-10-09T05:02:16Z
2024-08-22,CNC,28.59,28.59,28.59,28.59,1,KBS,2026-10-09T05:02:16Z
2024-08-23,CNC,28.68,28.68,28.68,28.68,1100,KBS,2026-10-09T05:02:16Z
2024-08-26,CNC,26.55,28.59,26.11,28.41,1701,KBS,2026-10-09T05:02:16Z
2024-08-27,CNC,27.88,27.88,27.88,27.88,500,KBS,2026-10-09T05:02:16Z
2024-08-28,CNC,28.32,28.32,28.32,28.32,100,KBS,2026-10-09T05:02:16Z
2024-08-29,CNC,28.23,29.12,28.23,29.12,2400,KBS,2026-10-09T05:02:16Z
2024-08-30,CNC,26.55,29.03,26.55,28.94,5201,KBS,2026-10-09T05:02:16Z
2024-09-04,CNC,30.89,30.89,26.55,29.83,8861,KBS,2026-10-09T05:02:16Z
2024-09-05,CNC,26.55,30.53,26.55,29.56,1000,KBS,2026-10-09T05:02:16Z
2024-09-06,CNC,26.55,29.65,26.55,28.76,502,KBS,2026-10-09T05:02:16Z
2024-09-09,CNC,26.55,29.21,26.55,29.21,214,KBS,2026-10-09T05:02:16Z
2024-09-10,CNC,26.55,29.12,26.55,28.41,2901,KBS,2026-10-09T05:02:16Z
2024-09-11,CNC,26.64,28.59,26.64,28.59,207,KBS,2026-10-09T05:02:16Z
2024-09-12,CNC,27.7,28.14,27.44,28.14,1125,KBS,2026-10-09T05:02:16Z
2024-09-16,CNC,27.61,27.61,26.73,27.44,2681,KBS,2026-10-09T05:02:16Z
2024-09-17,CNC,28.32,28.32,27.79,27.79,1600,KBS,2026-10-09T05:02:16Z
2024-09-19,CNC,27.79,27.79,27.79,27.79,2548,KBS,2026-10-09T05:02:16Z
2024-09-20,CNC,27.79,27.79,27.79,27.79,500,KBS,2026-10-09T05:02:16Z
2024-09-23,CNC,26.82,28.23,26.82,27.44,3238,KBS,2026-10-09T05:02:16Z
2024-09-24,CNC,27.44,27.44,27.44,27.44,500,KBS,2026-10-09T05:02:16Z
2024-09-25,CNC,27.44,27.44,27.44,27.44,100,KBS,2026-10-09T05:02:16Z
2024-09-26,CNC,27.44,27.44,27.26,27.44,6900,KBS,2026-10-09T05:02:16Z
2024-09-27,CNC,28.23,28.23,28.23,28.23,200,KBS,2026-10-09T05:02:16Z
2024-09-30,CNC,26.82,28.23,26.82,28.23,206,KBS,2026-10-09T05:02:16Z
2024-10-01,CNC,26.99,27.35,26.82,27.35,7502,KBS,2026-10-09T05:02:16Z
2024-10-02,CNC,26.82,26.82,26.82,26.82,100,KBS,2026-10-09T05:02:16Z
2024-10-03,CNC,26.73,27.44,26.73,27.44,5000,KBS,2026-10-09T05:02:16Z
2024-10-04,CNC,27.88,27.88,27.88,27.88,3224,KBS,2026-10-09T05:02:16Z
2024-10-07,CNC,27.88,27.88,27.88,27.88,201,KBS,2026-10-09T05:02:16Z
2024-10-08,CNC,27.88,27.88,27.88,27.88,7,KBS,2026-10-09T05:02:16Z
2024-10-09,CNC,27.88,27.88,27.88,27.88,59,KBS,2026-10-09T05:02:16Z
2024-10-10,CNC,27.88,27.88,27.88,27.88,5,KBS,2026-10-09T05:02:16Z
2024-10-11,CNC,26.99,26.99,26.99,26.99,1000,KBS,2026-10-09T05:02:16Z
2024-10-14,CNC,26.99,27.44,26.99,27.44,6800,KBS,2026-10-09T05:02:16Z
2024-10-15,CNC,27.88,28.85,27.88,28.41,7840,KBS,2026-10-09T05:02:16Z
2024-10-16,CNC,28.5,28.5,28.32,28.32,200,KBS,2026-10-09T05:02:16Z
2024-10-17,CNC,28.23,28.32,28.14,28.32,2005,KBS,2026-10-09T05:02:16Z
2024-10-18,CNC,28.5,28.59,28.32,28.41,1503,KBS,2026-10-09T05:02:16Z
2024-10-21,CNC,28.5,28.5,28.5,28.5,200,KBS,2026-10-09T05:02:16Z
2024-10-23,CNC,28.32,28.76,28.32,28.59,1204,KBS,2026-10-09T05:02:16Z
2024-10-24,CNC,28.59,28.59,28.59,28.59,300,KBS,2026-10-09T05:02:16Z
2024-10-25,CNC,26.99,28.5,26.99,28.5,200,KBS,2026-10-09T05:02:16Z
2024-10-28,CNC,28.5,28.5,27.88,27.88,1805,KBS,2026-10-09T05:02:16Z
2024-10-29,CNC,27.61,27.61,27.61,27.61,105,KBS,2026-10-09T05:02:16Z
2024-10-30,CNC,27.79,27.79,27.79,27.79,103,KBS,2026-10-09T05:02:16Z
2024-10-31,CNC,27.79,28.32,26.55,28.32,12100,KBS,2026-10-09T05:02:16Z
2024-11-04,CNC,28.06,28.06,27.97,27.97,900,KBS,2026-10-09T05:02:16Z
2024-11-05,CNC,27.97,27.97,27.97,27.97,3500,KBS,2026-10-09T05:02:16Z
2024-11-06,CNC,27.97,27.97,27.97,27.97,3500,KBS,2026-10-09T05:02:16Z
2024-11-07,CNC,27.97,28.32,27.88,28.32,8200,KBS,2026-10-09T05:02:16Z
2024-11-08,CNC,28.32,28.32,28.32,28.32,501,KBS,2026-10-09T05:02:16Z
2024-11-11,CNC,28.32,28.68,28.32,28.59,8000,KBS,2026-10-09T05:02:16Z
2024-11-12,CNC,27.52,27.52,27.52,27.52,1004,KBS,2026-10-09T05:02:16Z
2024-11-13,CNC,27.52,27.88,27.44,27.52,10000,KBS,2026-10-09T05:02:16Z
2024-11-14,CNC,27.52,27.52,27.52,27.52,6500,KBS,2026-10-09T05:02:16Z
2024-11-15,CNC,27.52,27.52,27.44,27.44,9100,KBS,2026-10-09T05:02:16Z
2024-11-18,CNC,27.52,27.52,27.52,27.52,3302,KBS,2026-10-09T05:02:16Z
2024-11-19,CNC,27.52,27.52,27.44,27.44,2600,KBS,2026-10-09T05:02:16Z
2024-11-20,CNC,27.52,27.52,27.26,27.44,2500,KBS,2026-10-09T05:02:16Z
2024-11-21,CNC,27.44,27.52,27.35,27.52,5340,KBS,2026-10-09T05:02:16Z
2024-11-22,CNC,27.61,28.23,27.52,28.23,9800,KBS,2026-10-09T05:02:16Z
2024-11-25,CNC,28.14,29.03,27.79,28.68,8930,KBS,2026-10-09T05:02:16Z
2024-11-26,CNC,28.76,29.47,28.76,29.21,9200,KBS,2026-10-09T05:02:16Z
2024-11-27,CNC,29.47,29.47,28.85,29.21,24583,KBS,2026-10-09T05:02:16Z
2024-11-28,CNC,29.21,29.65,29.21,29.65,4301,KBS,2026-10-09T05:02:16Z
2024-11-29,CNC,30.09,30.89,30.09,30.62,13259,KBS,2026-10-09T05:02:16Z
2024-12-02,CNC,30.98,31.33,30.8,30.89,8601,KBS,2026-10-09T05:02:16Z
2024-12-03,CNC,30.98,31.77,30.89,31.68,9304,KBS,2026-10-09T05:02:16Z
2024-12-04,CNC,31.06,31.06,30.89,30.98,7200,KBS,2026-10-09T05:02:16Z
2024-12-05,CNC,31.06,31.06,30.89,30.89,4800,KBS,2026-10-09T05:02:16Z
2024-12-06,CNC,31.06,31.06,30.0,30.09,1240,KBS,2026-10-09T05:02:16Z
2024-12-09,CNC,30.98,30.98,30.53,30.98,2502,KBS,2026-10-09T05:02:16Z
2024-12-10,CNC,31.15,31.15,29.3,30.89,1912,KBS,2026-10-09T05:02:16Z
2024-12-11,CNC,30.89,30.89,30.09,30.36,14302,KBS,2026-10-09T05:02:16Z
2024-12-12,CNC,30.36,30.36,30.27,30.36,6206,KBS,2026-10-09T05:02:16Z
2024-12-13,CNC,30.89,31.42,30.71,31.06,14810,KBS,2026-10-09T05:02:16Z
2024-12-16,CNC,32.85,32.85,30.97,31.91,4518,KBS,2026-10-09T05:02:16Z
2024-12-17,CNC,32.38,33.32,30.13,31.91,3387,KBS,2026-10-09T05:02:16Z
2024-12-18,CNC,29.56,31.91,29.56,31.91,4618,KBS,2026-10-09T05:02:16Z
2024-12-19,CNC,31.44,31.44,31.16,31.16,1381,KBS,2026-10-09T05:02:16Z
2024-12-20,CNC,31.25,31.44,31.25,31.35,7300,KBS,2026-10-09T05:02:16Z
2024-12-23,CNC,31.44,31.53,31.35,31.53,3000,KBS,2026-10-09T05:02:16Z
2024-12-24,CNC,31.91,31.91,31.53,31.53,1560,KBS,2026-10-09T05:02:16Z
2024-12-25,CNC,31.82,32.0,31.72,31.91,3119,KBS,2026-10-09T05:02:16Z
2024-12-26,CNC,32.38,32.38,32.28,32.38,2920,KBS,2026-10-09T05:02:16Z
2024-12-27,CNC,31.91,32.38,31.72,31.91,8410,KBS,2026-10-09T05:02:16Z
2024-12-30,CNC,32.66,33.32,32.38,32.75,4825,KBS,2026-10-09T05:02:16Z
2024-12-31,CNC,32.75,33.32,32.75,32.75,5126,KBS,2026-10-09T05:02:16Z
2025-01-02,CNC,33.32,33.32,33.32,33.32,214,KBS,2026-10-09T05:02:16Z
2025-01-03,CNC,32.85,33.32,32.85,33.22,3672,KBS,2026-10-09T05:02:16Z
2025-01-06,CNC,32.75,32.75,31.91,32.1,2901,KBS,2026-10-09T05:02:16Z
2025-01-07,CNC,32.19,32.19,31.91,32.0,4102,KBS,2026-10-09T05:02:16Z
2025-01-08,CNC,33.32,33.79,32.1,33.69,3167,KBS,2026-10-09T05:02:16Z
2025-01-09,CNC,33.6,33.97,33.6,33.6,7100,KBS,2026-10-09T05:02:16Z
2025-01-10,CNC,34.54,34.63,34.54,34.63,600,KBS,2026-10-09T05:02:16Z
2025-01-13,CNC,33.79,35.19,33.79,34.63,10312,KBS,2026-10-09T05:02:16Z
2025-01-14,CNC,30.13,35.66,30.13,34.72,9711,KBS,2026-10-09T05:02:16Z
2025-01-15,CNC,34.72,34.72,34.63,34.63,3240,KBS,2026-10-09T05:02:16Z
2025-01-16,CNC,34.54,34.54,34.44,34.44,500,KBS,2026-10-09T05:02:16Z
2025-01-17,CNC,33.79,34.54,33.79,34.54,4410,KBS,2026-10-09T05:02:16Z
2025-01-20,CNC,33.79,36.41,33.79,36.41,200,KBS,2026-10-09T05:02:16Z
2025-01-21,CNC,34.72,34.91,32.47,34.91,6800,KBS,2026-10-09T05:02:16Z
2025-01-22,CNC,34.72,34.72,34.35,34.72,400,KBS,2026-10-09T05:02:16Z
2025-01-23,CNC,34.63,34.63,34.54,34.63,600,KBS,2026-10-09T05:02:16Z
2025-02-03,CNC,34.63,37.35,34.63,36.6,2001,KBS,2026-10-09T05:02:16Z
2025-02-04,CNC,36.6,36.6,35.66,36.6,4113,KBS,2026-10-09T05:02:16Z
2025-02-05,CNC,36.6,36.6,36.13,36.13,920,KBS,2026-10-09T05:02:16Z
2025-02-06,CNC,36.6,36.6,36.6,36.6,200,KBS,2026-10-09T05:02:16Z
2025-02-07,CNC,36.6,37.54,36.13,36.13,2715,KBS,2026-10-09T05:02:16Z
2025-02-10,CNC,36.6,37.54,35.76,37.54,9831,KBS,2026-10-09T05:02:16Z
2025-02-11,CNC,37.07,37.45,36.51,37.45,5020,KBS,2026-10-09T05:02:16Z
2025-02-12,CNC,37.45,37.45,34.82,37.35,7103,KBS,2026-10-09T05:02:16Z
2025-02-13,CNC,37.35,37.35,36.6,36.6,460,KBS,2026-10-09T05:02:16Z
2025-02-14,CNC,37.16,37.35,36.6,36.6,2000,KBS,2026-10-09T05:02:16Z
2025-02-19,CNC,34.72,34.72,34.72,34.72,1502,KBS,2026-10-09T05:02:16Z
2025-02-20,CNC,36.51,36.79,35.57,36.79,3033,KBS,2026-10-09T05:02:16Z
2025-02-21,CNC,36.79,37.54,36.7,37.45,9467,KBS,2026-10-09T05:02:16Z
2025-02-24,CNC,37.45,39.42,37.45,37.54,11925,KBS,2026-10-09T05:02:16Z
2025-02-25,CNC,38.29,38.48,37.92,38.38,7900,KBS,2026-10-09T05:02:16Z
2025-02-26,CNC,39.42,42.23,38.48,38.48,1410,KBS,2026-10-09T05:02:16Z
2025-02-27,CNC,39.32,39.32,38.95,39.04,5403,KBS,2026-10-09T05:02:16Z
2025-02-28,CNC,39.23,39.32,37.54,39.23,12301,KBS,2026-10-09T05:02:16Z
2025-03-03,CNC,39.23,39.23,38.67,38.67,400,KBS,2026-10-09T05:02:16Z
2025-03-04,CNC,39.42,39.42,39.42,39.42,100,KBS,2026-10-09T05:02:16Z
2025-03-05,CNC,35.66,38.38,35.66,38.38,2207,KBS,2026-10-09T05:02:16Z
2025-03-06,CNC,37.73,37.82,36.6,37.54,4000,KBS,2026-10-09T05:02:16Z
2025-03-07,CNC,37.54,38.48,35.29,38.48,13705,KBS,2026-10-09T05:02:16Z
2025-03-10,CNC,36.6,38.95,36.6,37.45,3100,KBS,2026-10-09T05:02:16Z
2025-03-11,CNC,37.54,38.38,37.54,37.92,3900,KBS,2026-10-09T05:02:16Z
2025-03-12,CNC,37.82,37.82,37.82,37.82,200,KBS,2026-10-09T05:02:16Z
2025-03-13,CNC,37.82,37.82,37.64,37.64,300,KBS,2026-10-09T05:02:16Z
2025-03-14,CNC,33.79,34.82,33.22,34.82,34500,KBS,2026-10-09T05:02:16Z
2025-03-17,CNC,35.29,35.57,32.85,35.57,2800,KBS,2026-10-09T05:02:16Z
2025-03-18,CNC,34.72,36.13,34.72,36.13,2900,KBS,2026-10-09T05:02:16Z
2025-03-19,CNC,33.22,38.48,32.85,35.66,2359,KBS,2026-10-09T05:02:16Z
2025-03-20,CNC,35.19,38.38,35.19,37.45,1600,KBS,2026-10-09T05:02:16Z
2025-03-21,CNC,38.38,38.38,38.38,38.38,100,KBS,2026-10-09T05:02:16Z
2025-03-24,CNC,33.88,38.1,33.88,38.1,1100,KBS,2026-10-09T05:02:16Z
2025-03-25,CNC,37.64,38.01,34.82,37.45,4735,KBS,2026-10-09T05:02:16Z
2025-03-26,CNC,34.26,37.45,34.26,37.26,1600,KBS,2026-10-09T05:02:16Z
2025-03-27,CNC,36.13,37.45,36.13,37.45,3200,KBS,2026-10-09T05:02:16Z
2025-03-28,CNC,36.6,36.6,36.51,36.51,600,KBS,2026-10-09T05:02:16Z
2025-03-31,CNC,37.26,41.95,36.6,36.6,1300,KBS,2026-10-09T05:02:16Z
2025-04-01,CNC,36.13,36.23,36.13,36.23,4916,KBS,2026-10-09T05:02:16Z
2025-04-02,CNC,38.38,38.38,36.88,36.88,901,KBS,2026-10-09T05:02:16Z
2025-04-03,CNC,34.91,36.98,34.82,36.51,17115,KBS,2026-10-09T05:02:16Z
2025-04-04,CNC,35.48,40.64,33.04,35.66,9701,KBS,2026-10-09T05:02:16Z
2025-04-08,CNC,34.26,35.57,34.26,35.19,1015,KBS,2026-10-09T05:02:16Z
2025-04-09,CNC,34.91,34.91,30.97,30.97,3700,KBS,2026-10-09T05:02:16Z
2025-04-10,CNC,34.72,35.66,34.72,35.66,2826,KBS,2026-10-09T05:02:16Z
2025-04-11,CNC,34.72,35.66,34.72,35.57,2300,KBS,2026-10-09T05:02:16Z
2025-04-14,CNC,38.76,38.76,36.04,36.04,631,KBS,2026-10-09T05:02:16Z
2025-04-15,CNC,33.88,36.04,33.88,35.85,3700,KBS,2026-10-09T05:02:16Z
2025-04-16,CNC,35.57,35.57,34.44,34.44,1100,KBS,2026-10-09T05:02:16Z
2025-04-17,CNC,34.63,35.48,33.79,33.79,900,KBS,2026-10-09T05:02:16Z
2025-04-18,CNC,35.57,35.57,31.53,34.63,1900,KBS,2026-10-09T05:02:16Z
2025-04-21,CNC,32.75,33.79,32.75,33.79,4272,KBS,2026-10-09T05:02:16Z
2025-04-22,CNC,38.57,38.57,33.69,33.69,702,KBS,2026-10-09T05:02:16Z
2025-04-23,CNC,34.54,34.54,31.63,31.63,20328,KBS,2026-10-09T05:02:16Z
2025-04-24,CNC,32.85,33.79,32.85,33.32,1800,KBS,2026-10-09T05:02:16Z
2025-04-25,CNC,32.94,35.57,32.85,32.85,1800,KBS,2026-10-09T05:02:16Z
2025-04-28,CNC,33.6,39.04,32.94,38.95,4200,KBS,2026-10-09T05:02:16Z
2025-04-29,CNC,36.51,36.51,36.51,36.51,500,KBS,2026-10-09T05:02:16Z
2025-05-06,CNC,36.7,37.26,33.79,33.88,1000,KBS,2026-10-09T05:02:16Z
2025-05-07,CNC,33.79,33.79,32.75,32.85,900,KBS,2026-10-09T05:02:16Z
2025-05-08,CNC,34.72,37.82,34.72,37.26,700,KBS,2026-10-09T05:02:16Z
2025-05-09,CNC,32.19,36.41,32.19,33.04,3700,KBS,2026-10-09T05:02:16Z
2025-05-12,CNC,36.23,36.23,35.1,35.19,2300,KBS,2026-10-09T05:02:16Z
2025-05-13,CNC,32.94,35.1,31.82,32.94,5700,KBS,2026-10-09T05:02:16Z
2025-05-14,CNC,32.1,35.19,31.06,32.85,10300,KBS,2026-10-09T05:02:16Z
2025-05-15,CNC,36.51,36.51,36.41,36.41,200,KBS,2026-10-09T05:02:16Z
2025-05-16,CNC,32.94,35.57,32.94,35.57,1100,KBS,2026-10-09T05:02:16Z
2025-05-19,CNC,32.94,33.79,32.94,33.79,500,KBS,2026-10-09T05:02:16Z
2025-05-20,CNC,33.51,35.29,33.51,33.97,10400,KBS,2026-10-09T05:02:16Z
2025-05-21,CNC,33.79,35.19,33.04,34.35,29400,KBS,2026-10-09T05:02:16Z
2025-05-22,CNC,33.79,36.04,32.94,33.97,8500,KBS,2026-10-09T05:02:16Z
2025-05-23,CNC,33.13,35.57,33.13,33.79,4800,KBS,2026-10-09T05:02:16Z
2025-05-26,CNC,33.79,35.1,33.13,34.35,9200,KBS,2026-10-09T05:02:16Z
2025-05-27,CNC,33.22,34.63,33.22,34.63,1400,KBS,2026-10-09T05:02:16Z
2025-05-28,CNC,34.54,35.19,34.54,35.19,200,KBS,2026-10-09T05:02:16Z
2025-05-29,CNC,34.91,34.91,34.82,34.82,200,KBS,2026-10-09T05:02:16Z
2025-05-30,CNC,34.72,34.72,34.72,34.72,200,KBS,2026-10-09T05:02:16Z
2025-06-03,CNC,33.32,33.51,33.32,33.51,900,KBS,2026-10-09T05:02:16Z
2025-06-04,CNC,36.51,36.51,33.32,33.41,700,KBS,2026-10-09T05:02:16Z
2025-06-05,CNC,34.63,34.63,33.32,34.07,1100,KBS,2026-10-09T05:02:16Z
2025-06-06,CNC,34.07,34.72,33.97,34.63,600,KBS,2026-10-09T05:02:16Z
2025-06-09,CNC,35.1,35.1,35.1,35.1,100,KBS,2026-10-09T05:02:16Z
2025-06-10,CNC,33.22,33.22,33.13,33.13,500,KBS,2026-10-09T05:02:16Z
2025-06-11,CNC,33.32,34.82,32.0,34.82,4900,KBS,2026-10-09T05:02:16Z
2025-06-12,CNC,34.07,34.72,33.79,34.16,2500,KBS,2026-10-09T05:02:16Z
2025-06-13,CNC,34.63,34.63,34.63,34.63,100,KBS,2026-10-09T05:02:16Z
2025-06-16,CNC,34.16,34.16,34.07,34.16,1000,KBS,2026-10-09T05:02:16Z
2025-06-17,CNC,34.07,34.07,34.07,34.07,100,KBS,2026-10-09T05:02:16Z
2025-06-18,CNC,34.07,34.63,33.51,34.07,1500,KBS,2026-10-09T05:02:16Z
2025-06-19,CNC,33.79,38.95,33.22,38.95,5200,KBS,2026-10-09T05:02:16Z
2025-06-20,CNC,34.54,37.26,34.54,36.7,5300,KBS,2026-10-09T05:02:16Z
2025-06-23,CNC,36.6,36.6,33.79,36.6,900,KBS,2026-10-09T05:02:16Z
2025-06-24,CNC,36.6,36.6,34.72,36.13,4600,KBS,2026-10-09T05:02:16Z
2025-06-25,CNC,36.23,36.6,35.19,35.48,12900,KBS,2026-10-09T05:02:16Z
2025-06-26,CNC,40.64,40.64,40.64,40.64,200,KBS,2026-10-09T05:02:16Z
2025-06-30,CNC,38.48,38.48,37.54,37.54,700,KBS,2026-10-09T05:02:16Z
2025-07-01,CNC,35.66,35.66,34.07,34.72,4300,KBS,2026-10-09T05:02:16Z
2025-07-02,CNC,34.91,35.01,34.91,35.01,2900,KBS,2026-10-09T05:02:16Z
2025-07-03,CNC,38.76,38.76,33.41,35.19,2800,KBS,2026-10-09T05:02:16Z
2025-07-04,CNC,35.19,38.76,35.19,38.76,700,KBS,2026-10-09T05:02:16Z
2025-07-07,CNC,34.54,35.19,34.54,35.19,300,KBS,2026-10-09T05:02:16Z
2025-07-08,CNC,35.57,36.04,35.1,35.19,1100,KBS,2026-10-09T05:02:16Z
2025-07-09,CNC,35.48,35.48,35.48,35.48,200,KBS,2026-10-09T05:02:16Z
2025-07-10,CNC,35.19,35.19,35.19,35.19,1800,KBS,2026-10-09T05:02:16Z
2025-07-11,CNC,35.1,35.1,35.1,35.1,300,KBS,2026-10-09T05:02:16Z
2025-07-14,CNC,35.01,36.13,34.44,35.57,500,KBS,2026-10-09T05:02:16Z
2025-07-15,CNC,36.6,36.6,36.6,36.6,100,KBS,2026-10-09T05:02:16Z
2025-07-16,CNC,36.6,36.7,35.57,36.7,2700,KBS,2026-10-09T05:02:16Z
2025-07-18,CNC,34.26,36.13,34.26,36.13,800,KBS,2026-10-09T05:02:16Z
2025-07-21,CNC,36.41,36.41,34.63,36.41,400,KBS,2026-10-09T05:02:16Z
2025-07-22,CNC,36.23,36.23,34.07,36.04,600,KBS,2026-10-09T05:02:16Z
2025-07-23,CNC,34.72,34.72,34.72,34.72,400,KBS,2026-10-09T05:02:16Z
2025-07-24,CNC,34.82,34.82,34.72,34.72,700,KBS,2026-10-09T05:02:16Z
2025-07-25,CNC,34.72,34.72,34.72,34.72,100,KBS,2026-10-09T05:02:16Z
2025-07-28,CNC,34.07,34.07,33.97,33.97,500,KBS,2026-10-09T05:02:16Z
2025-07-29,CNC,35.66,39.04,34.07,34.44,1400,KBS,2026-10-09T05:02:16Z
2025-07-30,CNC,33.69,35.76,33.69,35.76,1900,KBS,2026-10-09T05:02:16Z
2025-07-31,CNC,33.79,34.26,33.51,33.51,1800,KBS,2026-10-09T05:02:16Z
2025-08-01,CNC,33.79,34.54,33.6,33.69,2600,KBS,2026-10-09T05:02:16Z
2025-08-04,CNC,34.63,34.63,34.63,34.63,300,KBS,2026-10-09T05:02:16Z
2025-08-05,CNC,33.6,39.7,33.51,34.54,8100,KBS,2026-10-09T05:02:16Z
2025-08-06,CNC,35.66,35.66,33.51,34.54,1600,KBS,2026-10-09T05:02:16Z
2025-08-08,CNC,36.04,36.04,34.54,34.54,300,KBS,2026-10-09T05:02:16Z
2025-08-11,CNC,33.6,34.54,33.51,34.16,3000,KBS,2026-10-09T05:02:16Z
2025-08-12,CNC,38.85,38.85,33.6,33.6,500,KBS,2026-10-09T05:02:16Z
2025-08-14,CNC,33.41,34.26,33.41,33.79,6300,KBS,2026-10-09T05:02:16Z
2025-08-15,CNC,33.79,33.79,33.69,33.79,1000,KBS,2026-10-09T05:02:16Z
2025-08-18,CNC,33.22,33.32,33.22,33.32,3900,KBS,2026-10-09T05:02:16Z
2025-08-19,CNC,33.32,33.32,33.32,33.32,3800,KBS,2026-10-09T05:02:16Z
2025-08-20,CNC,32.28,32.57,32.28,32.57,900,KBS,2026-10-09T05:02:16Z
2025-08-21,CNC,31.44,32.0,31.44,31.91,600,KBS,2026-10-09T05:02:16Z
2025-08-22,CNC,31.91,33.41,31.91,32.0,1000,KBS,2026-10-09T05:02:16Z
2025-08-25,CNC,31.91,31.91,31.82,31.82,1600,KBS,2026-10-09T05:02:16Z
2025-08-26,CNC,31.91,31.91,31.91,31.91,300,KBS,2026-10-09T05:02:16Z
2025-08-27,CNC,33.22,33.22,33.22,33.22,200,KBS,2026-10-09T05:02:16Z
2025-08-28,CNC,32.0,33.51,32.0,33.51,1000,KBS,2026-10-09T05:02:16Z
2025-08-29,CNC,33.32,33.32,33.13,33.13,400,KBS,2026-10-09T05:02:16Z
2025-09-03,CNC,32.0,33.04,31.91,31.91,5300,KBS,2026-10-09T05:02:16Z
2025-09-04,CNC,32.66,32.75,32.28,32.66,5600,KBS,2026-10-09T05:02:16Z
2025-09-05,CNC,33.69,33.69,31.91,32.75,7800,KBS,2026-10-09T05:02:16Z
2025-09-08,CNC,32.1,32.75,32.1,32.75,300,KBS,2026-10-09T05:02:16Z
2025-09-09,CNC,32.0,32.0,32.0,32.0,2000,KBS,2026-10-09T05:02:16Z
2025-09-10,CNC,32.66,32.66,32.1,32.47,400,KBS,2026-10-09T05:02:16Z
2025-09-11,CNC,32.66,33.32,32.19,32.38,2000,KBS,2026-10-09T05:02:16Z
2025-09-12,CNC,32.75,32.75,32.38,32.38,400,KBS,2026-10-09T05:02:16Z
2025-09-15,CNC,32.66,32.66,32.66,32.66,100,KBS,2026-10-09T05:02:16Z
2025-09-16,CNC,32.28,34.91,32.28,34.91,1000,KBS,2026-10-09T05:02:16Z
2025-09-17,CNC,34.26,34.26,32.28,32.28,1100,KBS,2026-10-09T05:02:16Z
2025-09-18,CNC,33.22,33.22,31.44,32.85,1900,KBS,2026-10-09T05:02:16Z
2025-09-19,CNC,32.75,32.75,31.91,32.28,3200,KBS,2026-10-09T05:02:16Z
2025-09-22,CNC,34.16,34.16,32.19,32.19,300,KBS,2026-10-09T05:02:16Z
2025-09-23,CNC,33.69,33.69,30.97,33.32,1400,KBS,2026-10-09T05:02:16Z
2025-09-24,CNC,32.75,32.75,32.75,32.75,200,KBS,2026-10-09T05:02:16Z
2025-09-25,CNC,33.22,33.22,33.22,33.22,100,KBS,2026-10-09T05:02:16Z
2025-09-26,CNC,33.13,33.13,30.5,30.5,2000,KBS,2026-10-09T05:02:16Z
2025-09-29,CNC,32.38,32.47,32.38,32.38,1500,KBS,2026-10-09T05:02:16Z
2025-09-30,CNC,32.47,32.75,32.47,32.75,500,KBS,2026-10-09T05:02:16Z
2025-10-02,CNC,32.47,32.47,32.38,32.38,400,KBS,2026-10-09T05:02:16Z
2025-10-03,CNC,32.47,32.47,32.38,32.38,800,KBS,2026-10-09T05:02:16Z
2025-10-06,CNC,32.38,32.38,32.28,32.38,600,KBS,2026-10-09T05:02:16Z
2025-10-07,CNC,32.57,32.57,32.47,32.57,600,KBS,2026-10-09T05:02:16Z
2025-10-08,CNC,31.82,32.28,31.82,32.28,200,KBS,2026-10-09T05:02:16Z
2025-10-10,CNC,31.35,32.1,31.35,32.1,1600,KBS,2026-10-09T05:02:16Z
2025-10-13,CNC,32.57,32.57,32.57,32.57,100,KBS,2026-10-09T05:02:16Z
2025-10-14,CNC,31.91,31.91,30.97,30.97,1500,KBS,2026-10-09T05:02:16Z
2025-10-15,CNC,31.82,31.82,30.69,30.69,200,KBS,2026-10-09T05:02:16Z
2025-10-16,CNC,30.5,30.5,30.22,30.31,2000,KBS,2026-10-09T05:02:16Z
2025-10-17,CNC,31.44,31.44,30.5,31.35,3100,KBS,2026-10-09T05:02:16Z
2025-10-20,CNC,30.69,31.44,30.69,31.25,1600,KBS,2026-10-09T05:02:16Z
2025-10-21,CNC,30.6,30.6,30.03,30.03,2400,KBS,2026-10-09T05:02:16Z
2025-10-22,CNC,30.88,30.88,30.88,30.88,200,KBS,2026-10-09T05:02:16Z
2025-10-24,CNC,30.13,30.13,30.13,30.13,500,KBS,2026-10-09T05:02:16Z
2025-10-27,CNC,30.03,30.13,30.03,30.13,2200,KBS,2026-10-09T05:02:16Z
2025-10-29,CNC,31.53,31.53,31.25,31.25,1100,KBS,2026-10-09T05:02:16Z
2025-10-30,CNC,32.38,32.38,31.25,31.25,700,KBS,2026-10-09T05:02:16Z
2025-10-31,CNC,35.57,35.57,28.34,32.1,1500,KBS,2026-10-09T05:02:16Z
2025-11-03,CNC,32.47,32.47,30.97,31.82,500,KBS,2026-10-09T05:02:16Z
2025-11-04,CNC,31.82,31.82,31.82,31.82,2100,KBS,2026-10-09T05:02:16Z
2025-11-07,CNC,31.53,32.47,31.53,32.47,200,KBS,2026-10-09T05:02:16Z
2025-11-10,CNC,30.97,30.97,29.47,30.03,4000,KBS,2026-10-09T05:02:16Z
2025-11-11,CNC,31.53,31.53,31.53,31.53,100,KBS,2026-10-09T05:02:16Z
2025-11-12,CNC,30.97,30.97,30.97,30.97,1200,KBS,2026-10-09T05:02:16Z
2025-11-13,CNC,31.07,33.88,30.97,33.88,1700,KBS,2026-10-09T05:02:16Z
2025-11-14,CNC,33.49,33.49,33.49,33.49,100,KBS,2026-10-09T05:02:16Z
2025-11-17,CNC,31.46,31.46,31.46,31.46,100,KBS,2026-10-09T05:02:16Z
2025-11-20,CNC,32.52,32.52,32.52,32.52,100,KBS,2026-10-09T05:02:16Z
2025-11-21,CNC,32.52,32.52,32.33,32.33,600,KBS,2026-10-09T05:02:16Z
2025-11-26,CNC,32.71,32.71,31.46,31.46,600,KBS,2026-10-09T05:02:16Z
2025-11-28,CNC,31.65,32.42,31.65,32.42,200,KBS,2026-10-09T05:02:16Z
2025-12-01,CNC,32.42,32.42,32.04,32.04,200,KBS,2026-10-09T05:02:16Z
2025-12-02,CNC,32.71,32.71,32.71,32.71,300,KBS,2026-10-09T05:02:16Z
2025-12-04,CNC,31.94,31.94,31.46,31.46,2100,KBS,2026-10-09T05:02:16Z
2025-12-05,CNC,32.71,32.71,32.71,32.71,100,KBS,2026-10-09T05:02:16Z
2025-12-08,CNC,32.42,32.42,32.42,32.42,200,KBS,2026-10-09T05:02:16Z
2025-12-10,CNC,29.13,32.42,27.87,32.42,2100,KBS,2026-10-09T05:02:16Z
2025-12-11,CNC,32.33,32.33,32.33,32.33,100,KBS,2026-10-09T05:02:16Z
2025-12-17,CNC,30.29,30.49,27.87,27.87,1200,KBS,2026-10-09T05:02:16Z
2025-12-18,CNC,29.04,29.52,29.04,29.52,1300,KBS,2026-10-09T05:02:16Z
2025-12-19,CNC,31.94,31.94,31.94,31.94,200,KBS,2026-10-09T05:02:16Z
2025-12-22,CNC,31.94,32.33,31.94,32.33,1000,KBS,2026-10-09T05:02:16Z
2025-12-23,CNC,32.42,32.42,32.42,32.42,100,KBS,2026-10-09T05:02:16Z
2025-12-24,CNC,30.29,30.29,30.29,30.29,300,KBS,2026-10-09T05:02:16Z
2025-12-25,CNC,30.97,30.97,30.97,30.97,6900,KBS,2026-10-09T05:02:16Z
2025-12-30,CNC,29.33,29.33,29.23,29.23,200,KBS,2026-10-09T05:02:16Z
2025-12-31,CNC,31.94,31.94,31.94,31.94,100,KBS,2026-10-09T05:02:16Z
2026-01-05,CNC,31.94,31.94,31.84,31.84,400,KBS,2026-10-09T05:02:16Z
2026-01-08,CNC,30.49,30.49,30.49,30.49,300,KBS,2026-10-09T05:02:16Z
2026-01-09,CNC,30.49,30.49,30.49,30.49,100,KBS,2026-10-09T05:02:16Z
2026-01-12,CNC,30.49,30.49,30.0,30.0,700,KBS,2026-10-09T05:02:16Z
2026-01-13,CNC,30.39,30.39,30.39,30.39,200,KBS,2026-10-09T05:02:16Z
2026-01-14,CNC,30.39,30.97,29.23,30.97,3500,KBS,2026-10-09T05:02:16Z
2026-01-15,CNC,30.97,30.97,30.49,30.49,200,KBS,2026-10-09T05:02:16Z
2026-01-16,CNC,30.97,31.94,29.81,29.81,2700,KBS,2026-10-09T05:02:16Z
2026-01-19,CNC,31.94,31.94,31.94,31.94,100,KBS,2026-10-09T05:02:16Z
2026-01-20,CNC,30.49,30.49,30.0,30.49,1300,KBS,2026-10-09T05:02:16Z
2026-01-21,CNC,31.94,31.94,30.49,30.97,800,KBS,2026-10-09T05:02:16Z
2026-01-22,CNC,31.94,31.94,30.78,30.78,1500,KBS,2026-10-09T05:02:16Z
2026-01-23,CNC,30.78,31.94,30.0,31.94,2600,KBS,2026-10-09T05:02:16Z
2026-01-26,CNC,30.97,31.94,30.58,31.94,2300,KBS,2026-10-09T05:02:16Z
2026-01-27,CNC,30.97,30.97,30.97,30.97,200,KBS,2026-10-09T05:02:16Z
2026-01-28,CNC,30.97,30.97,29.52,29.52,1200,KBS,2026-10-09T05:02:16Z
2026-01-29,CNC,30.0,31.74,30.0,30.0,1600,KBS,2026-10-09T05:02:16Z
2026-01-30,CNC,30.29,30.29,30.0,30.0,400,KBS,2026-10-09T05:02:16Z
2026-02-02,CNC,30.1,31.46,29.13,31.46,700,KBS,2026-10-09T05:02:16Z
2026-02-03,CNC,30.87,30.87,30.39,30.39,300,KBS,2026-10-09T05:02:16Z
2026-02-04,CNC,30.58,30.58,29.62,30.0,5700,KBS,2026-10-09T05:02:16Z
2026-02-05,CNC,31.16,31.65,30.1,30.1,3500,KBS,2026-10-09T05:02:16Z
2026-02-06,CNC,31.46,31.46,31.46,31.46,100,KBS,2026-10-09T05:02:16Z
2026-02-09,CNC,30.97,30.97,30.0,30.87,5100,KBS,2026-10-09T05:02:16Z
2026-02-10,CNC,30.68,30.68,30.68,30.68,100,KBS,2026-10-09T05:02:16Z
2026-02-11,CNC,30.49,30.49,30.49,30.49,100,KBS,2026-10-09T05:02:16Z
2026-02-12,CNC,30.49,30.49,30.0,30.0,2000,KBS,2026-10-09T05:02:16Z
2026-02-13,CNC,30.0,30.0,30.0,30.0,1200,KBS,2026-10-09T05:02:16Z
2026-02-23,CNC,30.0,30.0,30.0,30.0,2000,KBS,2026-10-09T05:02:16Z
2026-02-24,CNC,30.0,30.0,30.0,30.0,100,KBS,2026-10-09T05:02:16Z
2026-02-25,CNC,31.84,31.84,31.84,31.84,100,KBS,2026-10-09T05:02:16Z
2026-02-26,CNC,30.1,31.94,29.71,29.71,600,KBS,2026-10-09T05:02:16Z
2026-02-27,CNC,30.2,30.2,30.2,30.2,800,KBS,2026-10-09T05:02:16Z
2026-03-02,CNC,30.2,30.2,30.0,30.2,400,KBS,2026-10-09T05:02:16Z
2026-03-03,CNC,32.42,32.42,29.52,29.52,500,KBS,2026-10-09T05:02:16Z
2026-03-04,CNC,31.84,31.84,29.52,31.46,1500,KBS,2026-10-09T05:02:16Z
2026-03-05,CNC,32.42,32.42,29.04,29.04,1100,KBS,2026-10-09T05:02:16Z
2026-03-06,CNC,31.46,31.46,31.46,31.46,300,KBS,2026-10-09T05:02:16Z
2026-03-09,CNC,30.49,30.49,28.65,28.65,500,KBS,2026-10-09T05:02:16Z
2026-03-10,CNC,30.39,30.39,30.0,30.0,600,KBS,2026-10-09T05:02:16Z
2026-03-12,CNC,29.13,29.13,28.94,28.94,300,KBS,2026-10-09T05:02:16Z
2026-03-17,CNC,29.91,30.0,29.91,30.0,300,KBS,2026-10-09T05:02:16Z
2026-03-18,CNC,29.91,30.0,29.91,30.0,200,KBS,2026-10-09T05:02:16Z
2026-03-23,CNC,30.0,30.0,29.91,29.91,2200,KBS,2026-10-09T05:02:16Z
2026-03-24,CNC,29.91,30.0,29.91,30.0,500,KBS,2026-10-09T05:02:16Z
2026-03-25,CNC,30.0,30.97,30.0,30.97,300,KBS,2026-10-09T05:02:16Z
2026-03-26,CNC,30.0,31.94,30.0,31.94,600,KBS,2026-10-09T05:02:16Z
2026-03-27,CNC,31.94,31.94,30.97,30.97,800,KBS,2026-10-09T05:02:16Z
2026-03-30,CNC,30.97,30.97,30.97,30.97,1300,KBS,2026-10-09T05:02:16Z
2026-04-01,CNC,30.0,30.78,30.0,30.78,3900,KBS,2026-10-09T05:02:16Z
2026-04-02,CNC,32.62,32.62,29.62,30.87,900,KBS,2026-10-09T05:02:16Z
2026-04-03,CNC,30.2,30.2,30.0,30.0,2000,KBS,2026-10-09T05:02:16Z
2026-04-07,CNC,32.52,32.52,32.52,32.52,100,KBS,2026-10-09T05:02:16Z
2026-04-10,CNC,32.42,32.42,32.42,32.42,100,KBS,2026-10-09T05:02:16Z
2026-04-13,CNC,30.97,30.97,30.0,30.0,1800,KBS,2026-10-09T05:02:16Z
2026-04-14,CNC,31.46,31.46,31.46,31.46,100,KBS,2026-10-09T05:02:16Z
2026-04-16,CNC,29.52,30.0,29.52,30.0,2400,KBS,2026-10-09T05:02:16Z
2026-04-17,CNC,31.84,31.84,31.84,31.84,100,KBS,2026-10-09T05:02:16Z
2026-04-20,CNC,31.46,32.42,30.0,30.0,3900,KBS,2026-10-09T05:02:16Z
2026-04-21,CNC,32.62,32.62,30.0,30.0,3900,KBS,2026-10-09T05:02:16Z
2026-04-22,CNC,31.94,31.94,31.94,31.94,100,KBS,2026-10-09T05:02:16Z
2026-04-28,CNC,30.49,30.49,30.49,30.49,100,KBS,2026-10-09T05:02:16Z
2026-04-29,CNC,31.94,32.81,31.94,32.81,300,KBS,2026-10-09T05:02:16Z
2026-05-05,CNC,29.42,29.52,29.42,29.42,1500,KBS,2026-10-09T05:02:16Z
2026-05-06,CNC,31.94,31.94,29.04,29.52,2000,KBS,2026-10-09T05:02:16Z
2026-05-07,CNC,31.94,31.94,31.94,31.94,100,KBS,2026-10-09T05:02:16Z
2026-05-08,CNC,29.52,30.0,29.52,30.0,500,KBS,2026-10-09T05:02:16Z
2026-05-11,CNC,31.46,31.46,31.46,31.46,100,KBS,2026-10-09T05:02:16Z
2026-05-18,CNC,29.62,29.62,29.62,29.62,300,KBS,2026-10-09T05:02:16Z
2026-05-19,CNC,30.0,31.16,30.0,31.16,400,KBS,2026-10-09T05:02:16Z
2026-05-28,CNC,30.2,31.94,30.2,31.94,700,KBS,2026-10-09T05:02:16Z
2026-05-29,CNC,31.94,31.94,30.97,30.97,200,KBS,2026-10-09T05:02:16Z
2026-06-01,CNC,30.97,31.07,30.97,31.07,600,KBS,2026-10-09T05:02:16Z
2026-06-02,CNC,32.81,32.81,32.81,32.81,100,KBS,2026-10-09T05:02:16Z
2026-06-04,CNC,32.91,32.91,31.94,31.94,3200,KBS,2026-10-09T05:02:16Z
2026-06-08,CNC,29.23,29.23,29.23,29.23,3500,KBS,2026-10-09T05:02:16Z
2026-06-09,CNC,32.81,32.81,29.04,30.49,1200,KBS,2026-10-09T05:02:16Z
2026-06-10,CNC,29.13,29.13,29.13,29.13,100,KBS,2026-10-09T05:02:16Z
2026-06-11,CNC,31.55,31.55,31.55,31.55,100,KBS,2026-10-09T05:02:16Z
2026-06-12,CNC,30.0,30.2,30.0,30.2,400,KBS,2026-10-09T05:02:16Z
2026-06-15,CNC,31.0,31.0,31.0,31.0,700,KBS,2026-10-09T05:02:16Z
2026-06-16,CNC,31.2,31.2,31.2,31.2,400,KBS,2026-10-09T05:02:16Z
2026-06-17,CNC,31.2,31.2,31.2,31.2,100,KBS,2026-10-09T05:02:16Z
2026-06-18,CNC,31.0,31.0,31.0,31.0,100,KBS,2026-10-09T05:02:16Z
2026-06-19,CNC,30.9,30.9,30.9,30.9,100,KBS,2026-10-09T05:02:16Z
2026-06-22,CNC,30.5,30.5,30.5,30.5,500,KBS,2026-10-09T05:02:16Z
2026-06-23,CNC,32.7,32.7,32.7,32.7,100,KBS,2026-10-09T05:02:16Z
2026-06-25,CNC,32.3,32.4,31.0,31.0,500,KBS,2026-10-09T05:02:16Z
2026-06-26,CNC,29.5,30.9,29.5,30.9,2700,KBS,2026-10-09T05:02:16Z
2026-06-29,CNC,32.5,32.5,30.5,31.9,2200,KBS,2026-10-09T05:02:16Z
2026-06-30,CNC,30.5,32.1,30.5,32.1,1000,KBS,2026-10-09T05:02:16Z
2026-07-01,CNC,31.4,31.4,31.4,31.4,100,KBS,2026-10-09T05:02:16Z
2026-07-02,CNC,30.5,30.5,30.5,30.5,4500,KBS,2026-10-09T05:02:16Z
2026-07-03,CNC,30.5,31.0,30.5,31.0,800,KBS,2026-10-09T05:02:16Z
2026-07-06,CNC,30.6,30.6,30.6,30.6,500,KBS,2026-10-09T05:02:16Z
2026-07-07,CNC,30.6,30.6,30.6,30.6,300,KBS,2026-10-09T05:02:16Z
2026-07-08,CNC,30.5,30.5,30.5,30.5,500,KBS,2026-10-09T05:02:16Z
2026-07-09,CNC,30.5,30.5,30.0,30.0,900,KBS,2026-10-09T05:02:16Z
2026-07-13,CNC,29.3,31.2,29.3,31.2,400,KBS,2026-10-09T05:02:16Z
2026-07-14,CNC,29.8,30.5,29.8,30.5,1000,KBS,2026-10-09T05:02:16Z
2026-07-15,CNC,29.8,30.1,29.8,30.1,2500,KBS,2026-10-09T05:02:16Z
2026-07-16,CNC,29.2,29.2,29.2,29.2,100,KBS,2026-10-09T05:02:16Z
2026-07-17,CNC,30.8,30.8,30.8,30.8,100,KBS,2026-10-09T05:02:16Z
2026-07-20,CNC,29.9,30.3,29.7,30.0,900,KBS,2026-10-09T05:02:16Z
2026-07-21,CNC,30.8,30.8,30.8,30.8,100,KBS,2026-10-09T05:02:16Z
2026-07-22,CNC,31.0,31.0,29.5,30.0,2400,KBS,2026-10-09T05:02:16Z
2026-07-23,CNC,29.0,29.0,28.7,28.7,9800,KBS,2026-10-09T05:02:16Z
2026-07-24,CNC,28.5,28.5,28.2,28.5,8000,KBS,2026-10-09T05:02:16Z
2026-07-27,CNC,28.0,30.0,28.0,30.0,3100,KBS,2026-10-09T05:02:16Z
2026-07-28,CNC,31.9,31.9,31.9,31.9,100,KBS,2026-10-09T05:02:16Z
2026-07-29,CNC,30.6,31.8,30.6,31.8,400,KBS,2026-10-09T05:02:16Z
2026-07-30,CNC,29.5,30.6,29.0,30.3,800,KBS,2026-10-09T05:02:16Z
2026-07-31,CNC,29.9,30.2,29.0,30.0,700,KBS,2026-10-09T05:02:16Z
2026-08-03,CNC,29.7,29.7,29.7,29.7,100,KBS,2026-10-09T05:02:16Z
2026-08-06,CNC,29.9,29.9,29.9,29.9,900,KBS,2026-10-09T05:02:16Z
2026-08-07,CNC,30.0,30.0,29.1,29.1,1500,KBS,2026-10-09T05:02:16Z
2026-08-10,CNC,29.4,29.4,29.4,29.4,800,KBS,2026-10-09T05:02:16Z
2026-08-11,CNC,29.0,29.0,28.9,29.0,2000,KBS,2026-10-09T05:02:16Z
2026-08-12,CNC,28.5,29.0,28.5,28.5,3000,KBS,2026-10-09T05:02:16Z
2026-08-13,CNC,28.5,28.5,28.5,28.5,500,KBS,2026-10-09T05:02:16Z
2026-08-14,CNC,28.5,28.9,28.0,28.5,6000,KBS,2026-10-09T05:02:16Z
2026-08-17,CNC,28.5,28.5,28.2,28.2,1200,KBS,2026-10-09T05:02:16Z
2026-08-25,CNC,28.3,28.5,28.3,28.5,1400,KBS,2026-10-09T05:02:16Z
2026-08-28,CNC,28.5,28.5,27.8,28.1,1000,KBS,2026-10-09T05:02:16Z
2026-09-03,CNC,29.0,29.0,29.0,29.0,100,KBS,2026-10-09T05:02:16Z
2026-09-04,CNC,28.8,28.8,28.8,28.8,300,KBS,2026-10-09T05:02:16Z
2026-09-07,CNC,28.8,28.8,28.0,28.0,2300,KBS,2026-10-09T05:02:16Z
2026-09-08,CNC,28.0,28.0,28.0,28.0,1000,KBS,2026-10-09T05:02:16Z
2026-09-10,CNC,28.0,28.0,28.0,28.0,1000,KBS,2026-10-09T05:02:16Z
2026-09-11,CNC,28.7,31.5,28.7,31.5,200,KBS,2026-10-09T05:02:16Z
2026-09-21,CNC,30.9,31.0,30.9,31.0,200,KBS,2026-10-09T05:02:16Z
2026-09-22,CNC,29.3,29.3,29.3,29.3,200,KBS,2026-10-09T05:02:16Z
2026-09-23,CNC,28.6,28.6,28.1,28.1,4100,KBS,2026-10-09T05:02:16Z
2026-09-25,CNC,28.5,29.5,28.5,29.5,300,KBS,2026-10-09T05:02:16Z
2026-09-28,CNC,28.6,28.6,28.5,28.5,5000,KBS,2026-10-09T05:02:16Z
2026-10-01,CNC,28.5,29.8,28.5,29.8,300,KBS,2026-10-09T05:02:16Z
2026-10-02,CNC,29.5,29.5,29.5,29.5,100,KBS,2026-10-09T05:02:16Z
2026-10-05,CNC,29.5,29.5,29.5,29.5,100,KBS,2026-10-09T05:02:16Z
2026-10-07,CNC,29.0,29.0,29.0,29.0,600,KBS,2026-10-09T05:02:16Z
2026-10-09,CNC,29.0,29.0,29.0,29.0,3200,KBS,2026-10-09T05:02:16Z
