date,symbol,open,high,low,close,volume,source,fetched_at
2018-10-11,CRE,7.11,7.16,7.01,7.11,297170,KBS,2026-10-09T04:26:01Z
2018-10-12,CRE,7.06,7.16,7.06,7.15,179930,KBS,2026-10-09T04:26:01Z
2018-10-15,CRE,7.13,7.2,7.08,7.2,286890,KBS,2026-10-09T04:26:01Z
2018-10-16,CRE,7.16,7.21,7.15,7.21,277350,KBS,2026-10-09T04:26:01Z
2018-10-17,CRE,7.21,7.26,7.16,7.2,258900,KBS,2026-10-09T04:26:01Z
2018-10-18,CRE,7.16,7.2,7.15,7.2,179440,KBS,2026-10-09T04:26:01Z
2018-10-19,CRE,7.18,7.25,7.16,7.2,231390,KBS,2026-10-09T04:26:01Z
2018-10-22,CRE,7.2,7.21,7.16,7.16,171130,KBS,2026-10-09T04:26:01Z
2018-10-23,CRE,7.16,7.16,7.11,7.15,163030,KBS,2026-10-09T04:26:01Z
2018-10-24,CRE,7.15,7.15,7.1,7.11,125540,KBS,2026-10-09T04:26:01Z
2018-10-25,CRE,7.05,7.08,7.0,7.03,82440,KBS,2026-10-09T04:26:01Z
2018-10-26,CRE,7.03,7.1,7.01,7.06,111330,KBS,2026-10-09T04:26:01Z
2018-10-29,CRE,7.06,7.1,6.98,7.01,90900,KBS,2026-10-09T04:26:01Z
2018-10-30,CRE,7.01,7.01,6.88,6.88,125980,KBS,2026-10-09T04:26:01Z
2018-10-31,CRE,6.88,7.01,6.88,6.95,137470,KBS,2026-10-09T04:26:01Z
2018-11-01,CRE,6.91,7.01,6.91,6.98,151580,KBS,2026-10-09T04:26:01Z
2018-11-02,CRE,6.95,7.05,6.95,7.05,212830,KBS,2026-10-09T04:26:01Z
2018-11-05,CRE,7.01,7.06,6.98,6.98,117540,KBS,2026-10-09T04:26:01Z
2018-11-06,CRE,6.98,7.01,6.95,6.96,85080,KBS,2026-10-09T04:26:01Z
2018-11-07,CRE,6.95,7.0,6.91,6.96,109090,KBS,2026-10-09T04:26:01Z
2018-11-08,CRE,7.0,7.01,6.91,6.95,109670,KBS,2026-10-09T04:26:01Z
2018-11-09,CRE,6.93,6.95,6.88,6.93,98180,KBS,2026-10-09T04:26:01Z
2018-11-12,CRE,6.91,6.91,6.86,6.91,89420,KBS,2026-10-09T04:26:01Z
2018-11-13,CRE,6.9,6.91,6.88,6.9,80910,KBS,2026-10-09T04:26:01Z
2018-11-14,CRE,6.9,6.93,6.88,6.93,74130,KBS,2026-10-09T04:26:01Z
2018-11-15,CRE,6.93,6.93,6.88,6.91,69490,KBS,2026-10-09T04:26:01Z
2018-11-16,CRE,6.91,6.91,6.88,6.91,68840,KBS,2026-10-09T04:26:01Z
2018-11-19,CRE,6.93,6.98,6.88,6.98,165310,KBS,2026-10-09T04:26:01Z
2018-11-20,CRE,6.98,7.01,6.95,7.0,141130,KBS,2026-10-09T04:26:01Z
2018-11-21,CRE,6.96,7.0,6.96,6.98,103010,KBS,2026-10-09T04:26:01Z
2018-11-22,CRE,6.98,7.06,6.98,7.05,217170,KBS,2026-10-09T04:26:01Z
2018-11-23,CRE,7.03,7.05,6.98,7.01,117110,KBS,2026-10-09T04:26:01Z
2018-11-26,CRE,7.01,7.05,7.0,7.01,101680,KBS,2026-10-09T04:26:01Z
2018-11-27,CRE,7.01,7.03,7.0,7.01,111350,KBS,2026-10-09T04:26:01Z
2018-11-28,CRE,7.01,7.13,6.98,7.1,269970,KBS,2026-10-09T04:26:01Z
2018-11-29,CRE,7.1,7.16,7.1,7.15,211180,KBS,2026-10-09T04:26:01Z
2018-11-30,CRE,7.13,7.26,7.06,7.26,275120,KBS,2026-10-09T04:26:01Z
2018-12-03,CRE,7.25,7.33,7.18,7.26,275030,KBS,2026-10-09T04:26:01Z
2018-12-04,CRE,7.26,7.26,7.15,7.15,172160,KBS,2026-10-09T04:26:01Z
2018-12-05,CRE,7.13,7.16,7.11,7.15,141860,KBS,2026-10-09T04:26:01Z
2018-12-06,CRE,7.15,7.15,7.1,7.13,122310,KBS,2026-10-09T04:26:01Z
2018-12-07,CRE,7.13,7.2,7.13,7.2,116490,KBS,2026-10-09T04:26:01Z
2018-12-10,CRE,7.18,7.21,7.15,7.2,136820,KBS,2026-10-09T04:26:01Z
2018-12-11,CRE,7.2,7.23,7.15,7.2,92030,KBS,2026-10-09T04:26:01Z
2018-12-12,CRE,7.21,7.3,7.2,7.28,208200,KBS,2026-10-09T04:26:01Z
2018-12-13,CRE,7.3,7.36,7.3,7.34,229510,KBS,2026-10-09T04:26:01Z
2018-12-14,CRE,7.33,7.35,7.3,7.31,154300,KBS,2026-10-09T04:26:01Z
2018-12-17,CRE,7.31,7.31,7.23,7.23,151560,KBS,2026-10-09T04:26:01Z
2018-12-18,CRE,7.2,7.26,7.15,7.21,122520,KBS,2026-10-09T04:26:01Z
2018-12-19,CRE,7.21,7.26,7.16,7.23,173280,KBS,2026-10-09T04:26:01Z
2018-12-20,CRE,7.21,7.3,7.21,7.25,189070,KBS,2026-10-09T04:26:01Z
2018-12-21,CRE,7.23,7.26,7.21,7.26,147080,KBS,2026-10-09T04:26:01Z
2018-12-24,CRE,7.25,7.26,7.21,7.21,125980,KBS,2026-10-09T04:26:01Z
2018-12-25,CRE,7.2,7.2,7.13,7.17,103250,KBS,2026-10-09T04:26:01Z
2018-12-26,CRE,7.17,7.18,7.15,7.16,96770,KBS,2026-10-09T04:26:01Z
2018-12-27,CRE,7.21,7.21,7.06,7.15,186080,KBS,2026-10-09T04:26:01Z
2018-12-28,CRE,7.15,7.15,7.01,7.01,106680,KBS,2026-10-09T04:26:01Z
2019-01-02,CRE,7.01,7.01,6.93,6.95,103200,KBS,2026-10-09T04:26:01Z
2019-01-03,CRE,6.93,6.95,6.85,6.93,91660,KBS,2026-10-09T04:26:01Z
2019-01-04,CRE,6.93,6.95,6.88,6.9,87620,KBS,2026-10-09T04:26:01Z
2019-01-07,CRE,6.91,6.95,6.88,6.95,111590,KBS,2026-10-09T04:26:01Z
2019-01-08,CRE,6.93,6.96,6.85,6.95,112120,KBS,2026-10-09T04:26:01Z
2019-01-09,CRE,6.93,7.0,6.9,6.98,112800,KBS,2026-10-09T04:26:01Z
2019-01-10,CRE,6.96,6.98,6.88,6.93,98700,KBS,2026-10-09T04:26:01Z
2019-01-11,CRE,6.93,6.95,6.88,6.95,124640,KBS,2026-10-09T04:26:01Z
2019-01-14,CRE,6.95,6.95,6.9,6.91,101230,KBS,2026-10-09T04:26:01Z
2019-01-15,CRE,6.91,6.93,6.85,6.88,110250,KBS,2026-10-09T04:26:01Z
2019-01-16,CRE,6.85,6.85,6.76,6.83,306080,KBS,2026-10-09T04:26:01Z
2019-01-17,CRE,6.81,6.83,6.8,6.8,130100,KBS,2026-10-09T04:26:01Z
2019-01-18,CRE,6.8,6.82,6.78,6.81,144620,KBS,2026-10-09T04:26:01Z
2019-01-21,CRE,6.83,6.88,6.8,6.88,131110,KBS,2026-10-09T04:26:01Z
2019-01-22,CRE,6.9,6.91,6.83,6.85,118550,KBS,2026-10-09T04:26:01Z
2019-01-23,CRE,6.85,6.86,6.81,6.85,115580,KBS,2026-10-09T04:26:01Z
2019-01-24,CRE,6.85,6.9,6.81,6.9,147050,KBS,2026-10-09T04:26:01Z
2019-01-25,CRE,6.88,6.93,6.86,6.93,150980,KBS,2026-10-09T04:26:01Z
2019-01-28,CRE,6.95,6.98,6.93,6.95,138820,KBS,2026-10-09T04:26:01Z
2019-01-29,CRE,6.95,7.0,6.93,6.98,157450,KBS,2026-10-09T04:26:01Z
2019-01-30,CRE,6.96,7.0,6.95,6.98,106040,KBS,2026-10-09T04:26:01Z
2019-01-31,CRE,6.96,7.08,6.96,7.05,207430,KBS,2026-10-09T04:26:01Z
2019-02-01,CRE,7.01,7.15,7.01,7.15,297380,KBS,2026-10-09T04:26:01Z
2019-02-11,CRE,7.15,7.21,7.15,7.18,262900,KBS,2026-10-09T04:26:01Z
2019-02-12,CRE,7.18,7.19,7.13,7.15,169550,KBS,2026-10-09T04:26:01Z
2019-02-13,CRE,7.13,7.17,7.13,7.15,257560,KBS,2026-10-09T04:26:01Z
2019-02-14,CRE,7.21,7.48,7.19,7.48,565240,KBS,2026-10-09T04:26:01Z
2019-02-15,CRE,7.48,7.62,7.47,7.62,289640,KBS,2026-10-09T04:26:01Z
2019-02-18,CRE,7.62,7.64,7.4,7.56,273290,KBS,2026-10-09T04:26:01Z
2019-02-19,CRE,7.48,7.48,7.31,7.39,266230,KBS,2026-10-09T04:26:01Z
2019-02-20,CRE,7.37,7.39,7.32,7.35,237670,KBS,2026-10-09T04:26:01Z
2019-02-21,CRE,7.35,7.41,7.35,7.35,256230,KBS,2026-10-09T04:26:01Z
2019-02-22,CRE,7.37,7.4,7.35,7.36,231670,KBS,2026-10-09T04:26:01Z
2019-02-25,CRE,7.36,7.44,7.36,7.36,239650,KBS,2026-10-09T04:26:01Z
2019-02-26,CRE,7.36,7.4,7.35,7.37,209830,KBS,2026-10-09T04:26:01Z
2019-02-27,CRE,7.37,7.4,7.29,7.35,183510,KBS,2026-10-09T04:26:01Z
2019-02-28,CRE,7.35,7.35,7.19,7.21,153470,KBS,2026-10-09T04:26:01Z
2019-03-01,CRE,7.24,7.27,7.19,7.27,128950,KBS,2026-10-09T04:26:01Z
2019-03-04,CRE,7.27,7.32,7.21,7.21,129200,KBS,2026-10-09T04:26:01Z
2019-03-05,CRE,7.21,7.24,7.21,7.21,97760,KBS,2026-10-09T04:26:01Z
2019-03-06,CRE,7.24,7.24,7.16,7.19,103430,KBS,2026-10-09T04:26:01Z
2019-03-07,CRE,7.21,7.21,7.05,7.15,86180,KBS,2026-10-09T04:26:01Z
2019-03-08,CRE,7.13,7.16,7.08,7.16,92730,KBS,2026-10-09T04:26:01Z
2019-03-11,CRE,7.16,7.16,7.05,7.08,87580,KBS,2026-10-09T04:26:01Z
2019-03-12,CRE,7.08,7.13,7.03,7.08,88520,KBS,2026-10-09T04:26:01Z
2019-03-13,CRE,7.05,7.11,7.03,7.08,78760,KBS,2026-10-09T04:26:01Z
2019-03-14,CRE,7.05,7.08,7.05,7.07,83740,KBS,2026-10-09T04:26:01Z
2019-03-15,CRE,7.08,7.09,7.05,7.08,83370,KBS,2026-10-09T04:26:01Z
2019-03-18,CRE,7.11,7.11,7.05,7.11,204140,KBS,2026-10-09T04:26:01Z
2019-03-19,CRE,7.11,7.13,7.09,7.13,181210,KBS,2026-10-09T04:26:01Z
2019-03-20,CRE,7.11,7.11,7.05,7.11,130340,KBS,2026-10-09T04:26:01Z
2019-03-21,CRE,7.11,7.13,7.03,7.03,117270,KBS,2026-10-09T04:26:01Z
2019-03-22,CRE,7.03,7.08,6.99,7.03,132690,KBS,2026-10-09T04:26:01Z
2019-03-25,CRE,7.0,7.0,6.95,7.0,105860,KBS,2026-10-09T04:26:01Z
2019-03-26,CRE,7.03,7.04,6.99,7.0,122020,KBS,2026-10-09T04:26:01Z
2019-03-27,CRE,7.03,7.05,7.0,7.01,160300,KBS,2026-10-09T04:26:01Z
2019-03-28,CRE,7.03,7.12,7.03,7.09,244530,KBS,2026-10-09T04:26:01Z
2019-03-29,CRE,7.11,7.23,7.08,7.2,204400,KBS,2026-10-09T04:26:01Z
2019-04-01,CRE,7.21,7.23,7.13,7.19,156150,KBS,2026-10-09T04:26:01Z
2019-04-02,CRE,7.19,7.19,7.0,7.03,274270,KBS,2026-10-09T04:26:01Z
2019-04-03,CRE,7.03,7.03,6.92,6.95,226180,KBS,2026-10-09T04:26:01Z
2019-04-04,CRE,6.95,6.95,6.81,6.89,138700,KBS,2026-10-09T04:26:01Z
2019-04-05,CRE,6.87,6.97,6.87,6.97,97400,KBS,2026-10-09T04:26:01Z
2019-04-08,CRE,6.95,6.97,6.88,6.95,151830,KBS,2026-10-09T04:26:01Z
2019-04-09,CRE,6.95,6.97,6.89,6.92,194960,KBS,2026-10-09T04:26:01Z
2019-04-10,CRE,6.92,6.95,6.89,6.95,179320,KBS,2026-10-09T04:26:01Z
2019-04-11,CRE,6.95,6.97,6.92,6.97,612610,KBS,2026-10-09T04:26:01Z
2019-04-12,CRE,6.95,6.97,6.92,6.96,619050,KBS,2026-10-09T04:26:01Z
2019-04-16,CRE,6.96,7.03,6.95,7.0,371660,KBS,2026-10-09T04:26:01Z
2019-04-17,CRE,7.0,7.01,6.96,6.99,313490,KBS,2026-10-09T04:26:01Z
2019-04-18,CRE,6.99,6.99,6.89,6.95,396650,KBS,2026-10-09T04:26:01Z
2019-04-19,CRE,6.95,6.99,6.91,6.99,358050,KBS,2026-10-09T04:26:01Z
2019-04-22,CRE,6.97,6.97,6.92,6.93,280910,KBS,2026-10-09T04:26:01Z
2019-04-23,CRE,6.93,6.97,6.91,6.93,334840,KBS,2026-10-09T04:26:01Z
2019-04-24,CRE,6.93,6.97,6.92,6.97,365190,KBS,2026-10-09T04:26:01Z
2019-04-25,CRE,6.97,7.03,6.91,6.99,456100,KBS,2026-10-09T04:26:01Z
2019-04-26,CRE,6.97,6.99,6.91,6.93,210900,KBS,2026-10-09T04:26:01Z
2019-05-02,CRE,6.95,6.96,6.93,6.95,593070,KBS,2026-10-09T04:26:01Z
2019-05-03,CRE,6.95,6.95,6.92,6.92,309110,KBS,2026-10-09T04:26:01Z
2019-05-06,CRE,6.89,6.91,6.85,6.88,348760,KBS,2026-10-09T04:26:01Z
2019-05-07,CRE,6.89,6.92,6.87,6.91,252090,KBS,2026-10-09T04:26:01Z
2019-05-08,CRE,6.89,6.92,6.88,6.91,228040,KBS,2026-10-09T04:26:01Z
2019-05-09,CRE,6.91,6.95,6.91,6.92,298200,KBS,2026-10-09T04:26:01Z
2019-05-10,CRE,6.92,6.93,6.87,6.87,220790,KBS,2026-10-09T04:26:01Z
2019-05-13,CRE,6.89,6.89,6.8,6.87,218480,KBS,2026-10-09T04:26:01Z
2019-05-14,CRE,6.84,6.89,6.84,6.88,202980,KBS,2026-10-09T04:26:01Z
2019-05-15,CRE,6.87,6.91,6.87,6.88,533450,KBS,2026-10-09T04:26:01Z
2019-05-16,CRE,6.89,6.91,6.88,6.89,249840,KBS,2026-10-09T04:26:01Z
2019-05-17,CRE,6.89,6.92,6.89,6.91,285070,KBS,2026-10-09T04:26:01Z
2019-05-20,CRE,6.91,6.95,6.88,6.92,271090,KBS,2026-10-09T04:26:01Z
2019-05-21,CRE,6.91,6.91,6.85,6.88,220170,KBS,2026-10-09T04:26:01Z
2019-05-22,CRE,6.89,6.89,6.87,6.89,196240,KBS,2026-10-09T04:26:01Z
2019-05-23,CRE,6.89,6.89,6.79,6.81,237570,KBS,2026-10-09T04:26:01Z
2019-05-24,CRE,6.84,6.84,6.79,6.84,200200,KBS,2026-10-09T04:26:01Z
2019-05-27,CRE,6.84,6.87,6.81,6.85,196810,KBS,2026-10-09T04:26:01Z
2019-05-28,CRE,6.87,6.87,6.79,6.85,241890,KBS,2026-10-09T04:26:01Z
2019-05-29,CRE,6.84,6.84,6.76,6.8,181800,KBS,2026-10-09T04:26:01Z
2019-05-30,CRE,6.81,6.81,6.65,6.65,272580,KBS,2026-10-09T04:26:01Z
2019-05-31,CRE,6.65,6.65,6.6,6.63,419140,KBS,2026-10-09T04:26:01Z
2019-06-03,CRE,6.64,6.64,6.57,6.6,187270,KBS,2026-10-09T04:26:01Z
2019-06-04,CRE,6.63,6.63,6.56,6.59,148250,KBS,2026-10-09T04:26:01Z
2019-06-05,CRE,6.59,6.6,6.52,6.52,175600,KBS,2026-10-09T04:26:01Z
2019-06-06,CRE,6.55,6.6,6.55,6.57,346520,KBS,2026-10-09T04:26:01Z
2019-06-07,CRE,6.57,6.63,6.55,6.55,296440,KBS,2026-10-09T04:26:01Z
2019-06-10,CRE,6.56,6.67,6.56,6.63,553660,KBS,2026-10-09T04:26:01Z
2019-06-11,CRE,6.64,6.71,6.64,6.68,688350,KBS,2026-10-09T04:26:01Z
2019-06-12,CRE,6.71,6.72,6.63,6.63,301260,KBS,2026-10-09T04:26:01Z
2019-06-13,CRE,6.63,6.65,6.6,6.63,228310,KBS,2026-10-09T04:26:01Z
2019-06-14,CRE,6.61,6.65,6.61,6.65,358040,KBS,2026-10-09T04:26:01Z
2019-06-17,CRE,6.64,6.68,6.59,6.6,263280,KBS,2026-10-09T04:26:01Z
2019-06-18,CRE,6.6,6.6,6.55,6.57,209460,KBS,2026-10-09T04:26:01Z
2019-06-19,CRE,6.52,6.57,6.49,6.52,215150,KBS,2026-10-09T04:26:01Z
2019-06-20,CRE,6.53,6.53,6.49,6.51,194070,KBS,2026-10-09T04:26:01Z
2019-06-21,CRE,6.52,6.56,6.48,6.56,250210,KBS,2026-10-09T04:26:01Z
2019-06-24,CRE,6.57,6.57,6.51,6.51,289780,KBS,2026-10-09T04:26:01Z
2019-06-25,CRE,6.52,6.53,6.49,6.53,274090,KBS,2026-10-09T04:26:01Z
2019-06-26,CRE,6.53,6.57,6.52,6.57,278010,KBS,2026-10-09T04:26:01Z
2019-06-27,CRE,6.57,6.6,6.57,6.6,243500,KBS,2026-10-09T04:26:01Z
2019-06-28,CRE,6.6,6.92,6.57,6.92,446720,KBS,2026-10-09T04:26:01Z
2019-07-01,CRE,6.87,6.87,6.65,6.76,294070,KBS,2026-10-09T04:26:01Z
2019-07-02,CRE,6.76,6.79,6.71,6.79,279740,KBS,2026-10-09T04:26:01Z
2019-07-03,CRE,6.81,6.81,6.72,6.79,228910,KBS,2026-10-09T04:26:01Z
2019-07-04,CRE,6.79,6.8,6.73,6.75,213360,KBS,2026-10-09T04:26:01Z
2019-07-05,CRE,6.73,6.73,6.64,6.68,291020,KBS,2026-10-09T04:26:01Z
2019-07-08,CRE,6.68,6.68,6.65,6.68,216840,KBS,2026-10-09T04:26:01Z
2019-07-09,CRE,6.65,6.71,6.63,6.67,199070,KBS,2026-10-09T04:26:01Z
2019-07-10,CRE,6.68,6.73,6.64,6.65,178710,KBS,2026-10-09T04:26:01Z
2019-07-11,CRE,6.67,6.67,6.65,6.67,212580,KBS,2026-10-09T04:26:01Z
2019-07-12,CRE,6.68,6.69,6.64,6.67,255710,KBS,2026-10-09T04:26:01Z
2019-07-15,CRE,6.67,6.68,6.63,6.64,249730,KBS,2026-10-09T04:26:01Z
2019-07-16,CRE,6.64,6.71,6.64,6.68,180080,KBS,2026-10-09T04:26:01Z
2019-07-17,CRE,6.69,6.71,6.6,6.6,342950,KBS,2026-10-09T04:26:01Z
2019-07-18,CRE,6.61,6.61,6.53,6.56,200790,KBS,2026-10-09T04:26:01Z
2019-07-19,CRE,6.57,6.68,6.57,6.68,517770,KBS,2026-10-09T04:26:01Z
2019-07-22,CRE,6.71,6.73,6.61,6.69,217310,KBS,2026-10-09T04:26:01Z
2019-07-23,CRE,6.68,6.73,6.63,6.73,272870,KBS,2026-10-09T04:26:01Z
2019-07-24,CRE,6.75,6.83,6.72,6.83,339190,KBS,2026-10-09T04:26:01Z
2019-07-25,CRE,6.8,6.87,6.79,6.81,270090,KBS,2026-10-09T04:26:01Z
2019-07-26,CRE,6.79,6.84,6.73,6.76,192680,KBS,2026-10-09T04:26:01Z
2019-07-29,CRE,6.76,6.8,6.71,6.72,208000,KBS,2026-10-09T04:26:01Z
2019-07-30,CRE,6.73,6.79,6.69,6.71,215350,KBS,2026-10-09T04:26:01Z
2019-07-31,CRE,6.72,6.73,6.67,6.73,274800,KBS,2026-10-09T04:26:01Z
2019-08-01,CRE,6.71,6.73,6.65,6.73,321540,KBS,2026-10-09T04:26:01Z
2019-08-02,CRE,6.69,6.72,6.68,6.71,222010,KBS,2026-10-09T04:26:01Z
2019-08-05,CRE,6.69,6.73,6.68,6.72,206200,KBS,2026-10-09T04:26:01Z
2019-08-06,CRE,6.68,6.72,6.61,6.63,177040,KBS,2026-10-09T04:26:01Z
2019-08-07,CRE,6.61,6.68,6.57,6.65,234980,KBS,2026-10-09T04:26:01Z
2019-08-08,CRE,6.65,6.68,6.6,6.63,219480,KBS,2026-10-09T04:26:01Z
2019-08-09,CRE,6.6,6.63,6.59,6.63,253180,KBS,2026-10-09T04:26:01Z
2019-08-12,CRE,6.63,6.65,6.59,6.59,199690,KBS,2026-10-09T04:26:01Z
2019-08-13,CRE,6.6,6.67,6.59,6.67,229120,KBS,2026-10-09T04:26:01Z
2019-08-14,CRE,6.65,6.73,6.65,6.69,265370,KBS,2026-10-09T04:26:01Z
2019-08-15,CRE,6.61,6.69,6.61,6.67,182920,KBS,2026-10-09T04:26:01Z
2019-08-16,CRE,6.67,6.68,6.63,6.68,209750,KBS,2026-10-09T04:26:01Z
2019-08-19,CRE,6.68,6.71,6.61,6.65,208750,KBS,2026-10-09T04:26:01Z
2019-08-20,CRE,6.67,6.68,6.63,6.65,160690,KBS,2026-10-09T04:26:01Z
2019-08-21,CRE,6.63,6.68,6.63,6.68,269270,KBS,2026-10-09T04:26:01Z
2019-08-22,CRE,6.68,6.72,6.65,6.67,146950,KBS,2026-10-09T04:26:01Z
2019-08-23,CRE,6.65,6.68,6.63,6.68,173610,KBS,2026-10-09T04:26:01Z
2019-08-26,CRE,6.64,6.68,6.63,6.65,143720,KBS,2026-10-09T04:26:01Z
2019-08-27,CRE,6.67,6.79,6.61,6.79,440790,KBS,2026-10-09T04:26:01Z
2019-08-28,CRE,6.81,6.83,6.68,6.75,296880,KBS,2026-10-09T04:26:01Z
2019-08-29,CRE,6.73,6.75,6.68,6.75,178080,KBS,2026-10-09T04:26:01Z
2019-08-30,CRE,6.71,6.73,6.68,6.72,227780,KBS,2026-10-09T04:26:01Z
2019-09-03,CRE,6.69,6.71,6.67,6.71,264580,KBS,2026-10-09T04:26:01Z
2019-09-04,CRE,6.69,6.71,6.64,6.67,314930,KBS,2026-10-09T04:26:01Z
2019-09-05,CRE,6.67,6.68,6.63,6.67,186770,KBS,2026-10-09T04:26:01Z
2019-09-06,CRE,6.67,6.68,6.64,6.68,251700,KBS,2026-10-09T04:26:01Z
2019-09-09,CRE,6.68,6.71,6.64,6.71,202270,KBS,2026-10-09T04:26:01Z
2019-09-10,CRE,6.68,6.71,6.64,6.68,227090,KBS,2026-10-09T04:26:01Z
2019-09-11,CRE,6.68,6.69,6.63,6.69,304260,KBS,2026-10-09T04:26:01Z
2019-09-12,CRE,6.67,6.72,6.65,6.68,202850,KBS,2026-10-09T04:26:01Z
2019-09-13,CRE,6.68,6.75,6.65,6.68,350750,KBS,2026-10-09T04:26:01Z
2019-09-16,CRE,6.68,6.71,6.63,6.63,188080,KBS,2026-10-09T04:26:01Z
2019-09-17,CRE,6.65,6.69,6.61,6.68,337480,KBS,2026-10-09T04:26:01Z
2019-09-18,CRE,6.67,6.69,6.6,6.64,281220,KBS,2026-10-09T04:26:01Z
2019-09-19,CRE,6.61,6.68,6.6,6.6,216210,KBS,2026-10-09T04:26:01Z
2019-09-20,CRE,6.63,6.65,6.57,6.59,189320,KBS,2026-10-09T04:26:01Z
2019-09-23,CRE,6.63,6.65,6.59,6.59,123320,KBS,2026-10-09T04:26:01Z
2019-09-24,CRE,6.59,6.64,6.57,6.6,174540,KBS,2026-10-09T04:26:01Z
2019-09-25,CRE,6.6,6.63,6.56,6.61,137830,KBS,2026-10-09T04:26:01Z
2019-09-26,CRE,6.6,6.65,6.56,6.6,164060,KBS,2026-10-09T04:26:01Z
2019-09-27,CRE,6.6,6.64,6.57,6.64,214260,KBS,2026-10-09T04:26:01Z
2019-09-30,CRE,6.64,6.67,6.6,6.63,152290,KBS,2026-10-09T04:26:01Z
2019-10-01,CRE,6.61,6.64,6.56,6.63,171450,KBS,2026-10-09T04:26:01Z
2019-10-02,CRE,6.65,6.65,6.56,6.57,172520,KBS,2026-10-09T04:26:01Z
2019-10-03,CRE,6.6,6.63,6.57,6.61,152530,KBS,2026-10-09T04:26:01Z
2019-10-04,CRE,6.61,6.64,6.56,6.64,145910,KBS,2026-10-09T04:26:01Z
2019-10-07,CRE,6.65,6.68,6.56,6.64,169550,KBS,2026-10-09T04:26:01Z
2019-10-08,CRE,6.64,6.68,6.57,6.63,118940,KBS,2026-10-09T04:26:01Z
2019-10-09,CRE,6.63,6.67,6.63,6.67,140340,KBS,2026-10-09T04:26:01Z
2019-10-10,CRE,6.67,6.68,6.57,6.67,155260,KBS,2026-10-09T04:26:01Z
2019-10-11,CRE,6.63,6.67,6.63,6.65,178400,KBS,2026-10-09T04:26:01Z
2019-10-14,CRE,6.65,6.68,6.63,6.63,164700,KBS,2026-10-09T04:26:01Z
2019-10-15,CRE,6.63,6.75,6.61,6.75,209230,KBS,2026-10-09T04:26:01Z
2019-10-16,CRE,6.72,6.75,6.65,6.68,116900,KBS,2026-10-09T04:26:01Z
2019-10-17,CRE,6.69,6.71,6.64,6.67,140940,KBS,2026-10-09T04:26:01Z
2019-10-18,CRE,6.68,6.68,6.64,6.68,138390,KBS,2026-10-09T04:26:01Z
2019-10-21,CRE,6.65,6.67,6.63,6.67,101150,KBS,2026-10-09T04:26:01Z
2019-10-22,CRE,6.71,6.72,6.63,6.65,168330,KBS,2026-10-09T04:26:01Z
2019-10-23,CRE,6.65,6.68,6.6,6.61,191560,KBS,2026-10-09T04:26:01Z
2019-10-24,CRE,6.64,6.67,6.59,6.67,204330,KBS,2026-10-09T04:26:01Z
2019-10-25,CRE,6.64,6.68,6.61,6.64,238810,KBS,2026-10-09T04:26:01Z
2019-10-28,CRE,6.65,6.68,6.61,6.64,225580,KBS,2026-10-09T04:26:01Z
2019-10-29,CRE,6.64,6.65,6.59,6.6,211630,KBS,2026-10-09T04:26:01Z
2019-10-30,CRE,6.59,6.63,6.55,6.6,207940,KBS,2026-10-09T04:26:01Z
2019-10-31,CRE,6.63,6.63,6.56,6.57,238950,KBS,2026-10-09T04:26:01Z
2019-11-01,CRE,6.59,6.6,6.57,6.59,209490,KBS,2026-10-09T04:26:01Z
2019-11-04,CRE,6.59,6.6,6.57,6.59,172180,KBS,2026-10-09T04:26:01Z
2019-11-05,CRE,6.59,6.6,6.56,6.56,229360,KBS,2026-10-09T04:26:01Z
2019-11-06,CRE,6.55,6.59,6.55,6.57,194770,KBS,2026-10-09T04:26:01Z
2019-11-07,CRE,6.59,6.63,6.56,6.57,144820,KBS,2026-10-09T04:26:01Z
2019-11-08,CRE,6.57,6.6,6.55,6.6,258620,KBS,2026-10-09T04:26:01Z
2019-11-11,CRE,6.59,6.63,6.56,6.63,259670,KBS,2026-10-09T04:26:01Z
2019-11-12,CRE,6.61,6.64,6.55,6.55,185140,KBS,2026-10-09T04:26:01Z
2019-11-13,CRE,6.56,6.6,6.52,6.56,210080,KBS,2026-10-09T04:26:01Z
2019-11-14,CRE,6.53,6.57,6.52,6.56,248160,KBS,2026-10-09T04:26:01Z
2019-11-15,CRE,6.57,6.6,6.55,6.57,163470,KBS,2026-10-09T04:26:01Z
2019-11-18,CRE,6.55,6.57,6.52,6.52,154720,KBS,2026-10-09T04:26:01Z
2019-11-19,CRE,6.52,6.53,6.49,6.51,245150,KBS,2026-10-09T04:26:01Z
2019-11-20,CRE,6.52,6.55,6.51,6.53,182890,KBS,2026-10-09T04:26:01Z
2019-11-21,CRE,6.51,6.55,6.51,6.52,179620,KBS,2026-10-09T04:26:01Z
2019-11-22,CRE,6.55,6.56,6.43,6.47,162130,KBS,2026-10-09T04:26:01Z
2019-11-25,CRE,6.47,6.52,6.44,6.47,225520,KBS,2026-10-09T04:26:01Z
2019-11-26,CRE,6.45,6.49,6.45,6.45,188900,KBS,2026-10-09T04:26:01Z
2019-11-27,CRE,6.45,6.47,6.41,6.44,277110,KBS,2026-10-09T04:26:01Z
2019-11-28,CRE,6.47,6.47,6.41,6.41,160510,KBS,2026-10-09T04:26:01Z
2019-11-29,CRE,6.43,6.44,6.41,6.44,182010,KBS,2026-10-09T04:26:01Z
2019-12-02,CRE,6.44,6.45,6.41,6.43,138940,KBS,2026-10-09T04:26:01Z
2019-12-03,CRE,6.43,6.43,6.4,6.43,221430,KBS,2026-10-09T04:26:01Z
2019-12-04,CRE,6.41,6.43,6.4,6.43,206930,KBS,2026-10-09T04:26:01Z
2019-12-05,CRE,6.43,6.43,6.4,6.41,161600,KBS,2026-10-09T04:26:01Z
2019-12-06,CRE,6.41,6.45,6.41,6.44,208910,KBS,2026-10-09T04:26:01Z
2019-12-09,CRE,6.43,6.48,6.41,6.47,233900,KBS,2026-10-09T04:26:01Z
2019-12-10,CRE,6.45,6.52,6.41,6.49,249670,KBS,2026-10-09T04:26:01Z
2019-12-11,CRE,6.47,6.48,6.41,6.41,197670,KBS,2026-10-09T04:26:01Z
2019-12-12,CRE,6.41,6.44,6.4,6.41,164730,KBS,2026-10-09T04:26:01Z
2019-12-13,CRE,6.4,6.43,6.4,6.41,191190,KBS,2026-10-09T04:26:01Z
2019-12-16,CRE,6.41,6.43,6.37,6.37,177480,KBS,2026-10-09T04:26:01Z
2019-12-17,CRE,6.35,6.36,6.24,6.31,306940,KBS,2026-10-09T04:26:01Z
2019-12-18,CRE,6.28,6.37,6.23,6.28,209690,KBS,2026-10-09T04:26:01Z
2019-12-19,CRE,6.31,6.41,6.25,6.37,283490,KBS,2026-10-09T04:26:01Z
2019-12-20,CRE,6.37,6.39,6.33,6.35,165270,KBS,2026-10-09T04:26:01Z
2019-12-23,CRE,6.36,6.47,6.36,6.47,257250,KBS,2026-10-09T04:26:01Z
2019-12-24,CRE,6.48,6.52,6.44,6.51,207990,KBS,2026-10-09T04:26:01Z
2019-12-25,CRE,6.47,6.53,6.44,6.48,198900,KBS,2026-10-09T04:26:01Z
2019-12-26,CRE,6.48,6.53,6.45,6.49,165870,KBS,2026-10-09T04:26:01Z
2019-12-27,CRE,6.51,6.56,6.45,6.55,210140,KBS,2026-10-09T04:26:01Z
2019-12-30,CRE,6.55,6.63,6.52,6.57,195590,KBS,2026-10-09T04:26:01Z
2019-12-31,CRE,6.6,6.65,6.55,6.63,256600,KBS,2026-10-09T04:26:01Z
2020-01-02,CRE,6.6,6.63,6.57,6.57,180760,KBS,2026-10-09T04:26:01Z
2020-01-03,CRE,6.6,6.71,6.52,6.68,298420,KBS,2026-10-09T04:26:01Z
2020-01-06,CRE,6.65,6.68,6.59,6.6,190230,KBS,2026-10-09T04:26:01Z
2020-01-07,CRE,6.6,6.65,6.57,6.63,257100,KBS,2026-10-09T04:26:01Z
2020-01-08,CRE,6.57,6.63,6.55,6.57,189580,KBS,2026-10-09T04:26:01Z
2020-01-09,CRE,6.59,6.65,6.52,6.61,271100,KBS,2026-10-09T04:26:01Z
2020-01-10,CRE,6.61,6.63,6.59,6.63,157200,KBS,2026-10-09T04:26:01Z
2020-01-13,CRE,6.61,6.63,6.56,6.63,164320,KBS,2026-10-09T04:26:01Z
2020-01-14,CRE,6.6,6.65,6.55,6.57,224560,KBS,2026-10-09T04:26:01Z
2020-01-15,CRE,6.57,6.63,6.52,6.6,247050,KBS,2026-10-09T04:26:01Z
2020-01-16,CRE,6.6,6.65,6.52,6.55,166480,KBS,2026-10-09T04:26:01Z
2020-01-17,CRE,6.51,6.55,6.41,6.44,135760,KBS,2026-10-09T04:26:01Z
2020-01-20,CRE,6.41,6.41,6.36,6.39,180810,KBS,2026-10-09T04:26:01Z
2020-01-21,CRE,6.39,6.39,6.31,6.36,207350,KBS,2026-10-09T04:26:01Z
2020-01-22,CRE,6.36,6.44,6.33,6.44,277150,KBS,2026-10-09T04:26:01Z
2020-01-30,CRE,6.39,6.44,6.31,6.33,175790,KBS,2026-10-09T04:26:01Z
2020-01-31,CRE,6.36,6.41,6.28,6.28,213400,KBS,2026-10-09T04:26:01Z
2020-02-03,CRE,6.23,6.28,6.04,6.25,189600,KBS,2026-10-09T04:26:01Z
2020-02-04,CRE,6.23,6.25,6.17,6.2,167610,KBS,2026-10-09T04:26:01Z
2020-02-05,CRE,6.15,6.2,6.09,6.15,296320,KBS,2026-10-09T04:26:01Z
2020-02-06,CRE,6.15,6.16,6.07,6.09,162500,KBS,2026-10-09T04:26:01Z
2020-02-07,CRE,6.09,6.15,6.05,6.08,146510,KBS,2026-10-09T04:26:01Z
2020-02-10,CRE,6.09,6.09,6.04,6.08,139860,KBS,2026-10-09T04:26:01Z
2020-02-11,CRE,6.08,6.12,6.04,6.07,206680,KBS,2026-10-09T04:26:01Z
2020-02-12,CRE,6.07,6.09,6.03,6.09,219050,KBS,2026-10-09T04:26:01Z
2020-02-13,CRE,6.07,6.09,6.01,6.08,199400,KBS,2026-10-09T04:26:01Z
2020-02-14,CRE,6.04,6.08,6.03,6.07,154810,KBS,2026-10-09T04:26:01Z
2020-02-17,CRE,6.04,6.04,6.0,6.01,162740,KBS,2026-10-09T04:26:01Z
2020-02-18,CRE,6.01,6.03,5.97,6.01,178170,KBS,2026-10-09T04:26:01Z
2020-02-19,CRE,6.01,6.04,5.99,5.99,269080,KBS,2026-10-09T04:26:01Z
2020-02-20,CRE,6.01,6.01,5.97,6.01,184260,KBS,2026-10-09T04:26:01Z
2020-02-21,CRE,5.99,6.0,5.96,6.0,176190,KBS,2026-10-09T04:26:01Z
2020-02-24,CRE,5.97,6.0,5.96,5.96,191160,KBS,2026-10-09T04:26:01Z
2020-02-25,CRE,5.95,6.01,5.93,6.01,298930,KBS,2026-10-09T04:26:01Z
2020-02-26,CRE,5.96,5.99,5.93,5.96,185610,KBS,2026-10-09T04:26:01Z
2020-02-27,CRE,5.96,5.99,5.92,5.99,183420,KBS,2026-10-09T04:26:01Z
2020-02-28,CRE,5.99,6.09,5.96,6.07,401730,KBS,2026-10-09T04:26:01Z
2020-03-02,CRE,6.04,6.04,5.93,6.01,107030,KBS,2026-10-09T04:26:01Z
2020-03-03,CRE,6.01,6.08,5.97,6.05,199240,KBS,2026-10-09T04:26:01Z
2020-03-04,CRE,6.04,6.05,5.99,6.03,188680,KBS,2026-10-09T04:26:01Z
2020-03-05,CRE,6.01,6.03,5.96,5.99,252710,KBS,2026-10-09T04:26:01Z
2020-03-06,CRE,5.99,6.01,5.92,5.96,201710,KBS,2026-10-09T04:26:01Z
2020-03-09,CRE,5.88,5.93,5.66,5.74,131290,KBS,2026-10-09T04:26:01Z
2020-03-10,CRE,5.69,5.77,5.66,5.77,171960,KBS,2026-10-09T04:26:01Z
2020-03-11,CRE,5.77,5.8,5.64,5.66,158210,KBS,2026-10-09T04:26:01Z
2020-03-12,CRE,5.61,5.61,5.28,5.56,217840,KBS,2026-10-09T04:26:01Z
2020-03-13,CRE,5.28,5.34,5.17,5.17,109730,KBS,2026-10-09T04:26:01Z
2020-03-16,CRE,5.02,5.02,4.81,4.81,130,KBS,2026-10-09T04:26:01Z
2020-03-17,CRE,4.48,4.48,4.48,4.48,7240,KBS,2026-10-09T04:26:01Z
2020-03-18,CRE,4.17,4.17,4.17,4.17,41040,KBS,2026-10-09T04:26:01Z
2020-03-19,CRE,3.89,4.28,3.89,4.28,10570,KBS,2026-10-09T04:26:01Z
2020-03-20,CRE,4.28,4.28,4.28,4.28,510,KBS,2026-10-09T04:26:01Z
2020-03-23,CRE,4.28,4.33,4.06,4.22,12390,KBS,2026-10-09T04:26:01Z
2020-03-24,CRE,4.22,4.22,4.01,4.22,14860,KBS,2026-10-09T04:26:01Z
2020-03-25,CRE,4.03,4.28,3.93,4.25,59650,KBS,2026-10-09T04:26:01Z
2020-03-26,CRE,4.28,4.28,4.01,4.21,14870,KBS,2026-10-09T04:26:01Z
2020-03-27,CRE,4.01,4.17,4.01,4.17,14780,KBS,2026-10-09T04:26:01Z
2020-03-30,CRE,4.15,4.15,3.94,4.14,160,KBS,2026-10-09T04:26:01Z
2020-03-31,CRE,4.14,4.14,3.86,4.01,8190,KBS,2026-10-09T04:26:01Z
2020-04-01,CRE,4.01,4.01,3.99,4.01,9670,KBS,2026-10-09T04:26:01Z
2020-04-03,CRE,4.01,4.01,3.87,3.95,10580,KBS,2026-10-09T04:26:01Z
2020-04-06,CRE,3.95,4.06,3.95,3.99,17640,KBS,2026-10-09T04:26:01Z
2020-04-07,CRE,3.99,4.03,3.98,4.01,22210,KBS,2026-10-09T04:26:01Z
2020-04-08,CRE,3.99,4.02,3.91,4.01,22690,KBS,2026-10-09T04:26:01Z
2020-04-09,CRE,4.01,4.01,3.93,3.95,41020,KBS,2026-10-09T04:26:01Z
2020-04-10,CRE,4.22,4.22,4.22,4.22,341310,KBS,2026-10-09T04:26:01Z
2020-04-13,CRE,4.52,4.52,4.45,4.46,445650,KBS,2026-10-09T04:26:01Z
2020-04-14,CRE,4.38,4.44,4.26,4.33,220320,KBS,2026-10-09T04:26:01Z
2020-04-15,CRE,4.28,4.28,4.17,4.25,475240,KBS,2026-10-09T04:26:01Z
2020-04-16,CRE,4.22,4.22,4.09,4.13,407250,KBS,2026-10-09T04:26:01Z
2020-04-17,CRE,4.17,4.33,4.13,4.33,754000,KBS,2026-10-09T04:26:01Z
2020-04-20,CRE,4.38,4.4,4.22,4.25,516650,KBS,2026-10-09T04:26:01Z
2020-04-21,CRE,4.19,4.19,4.01,4.09,343930,KBS,2026-10-09T04:26:01Z
2020-04-22,CRE,3.95,4.01,3.94,3.97,367460,KBS,2026-10-09T04:26:01Z
2020-04-23,CRE,3.99,4.11,3.97,4.09,315570,KBS,2026-10-09T04:26:01Z
2020-04-24,CRE,4.09,4.17,4.03,4.17,408470,KBS,2026-10-09T04:26:01Z
2020-04-27,CRE,4.19,4.21,4.01,4.09,329410,KBS,2026-10-09T04:26:01Z
2020-04-28,CRE,4.09,4.14,4.06,4.11,218790,KBS,2026-10-09T04:26:01Z
2020-04-29,CRE,4.09,4.17,4.06,4.09,293620,KBS,2026-10-09T04:26:01Z
2020-05-04,CRE,4.09,4.11,4.01,4.01,282410,KBS,2026-10-09T04:26:01Z
2020-05-05,CRE,4.01,4.07,3.97,4.01,293430,KBS,2026-10-09T04:26:01Z
2020-05-06,CRE,4.01,4.13,4.01,4.06,394490,KBS,2026-10-09T04:26:01Z
2020-05-07,CRE,4.09,4.1,4.05,4.06,347200,KBS,2026-10-09T04:26:01Z
2020-05-08,CRE,4.07,4.1,4.02,4.06,285800,KBS,2026-10-09T04:26:01Z
2020-05-11,CRE,4.11,4.13,4.03,4.11,637720,KBS,2026-10-09T04:26:01Z
2020-05-12,CRE,4.11,4.32,4.1,4.19,722190,KBS,2026-10-09T04:26:01Z
2020-05-13,CRE,4.28,4.28,4.19,4.19,578750,KBS,2026-10-09T04:26:01Z
2020-05-14,CRE,4.19,4.24,4.15,4.15,516500,KBS,2026-10-09T04:26:01Z
2020-05-15,CRE,4.15,4.15,4.07,4.09,425770,KBS,2026-10-09T04:26:01Z
2020-05-18,CRE,4.11,4.11,4.03,4.06,404760,KBS,2026-10-09T04:26:01Z
2020-05-19,CRE,4.09,4.13,4.05,4.06,507880,KBS,2026-10-09T04:26:01Z
2020-05-20,CRE,4.09,4.1,4.06,4.06,409590,KBS,2026-10-09T04:26:01Z
2020-05-21,CRE,4.06,4.19,4.06,4.1,611340,KBS,2026-10-09T04:26:01Z
2020-05-22,CRE,4.11,4.15,4.09,4.09,345520,KBS,2026-10-09T04:26:01Z
2020-05-25,CRE,4.09,4.15,4.09,4.13,544480,KBS,2026-10-09T04:26:01Z
2020-05-26,CRE,4.15,4.41,4.15,4.41,2012110,KBS,2026-10-09T04:26:01Z
2020-05-27,CRE,4.54,4.6,4.48,4.48,1554150,KBS,2026-10-09T04:26:01Z
2020-05-28,CRE,4.52,4.54,4.34,4.36,1180720,KBS,2026-10-09T04:26:01Z
2020-05-29,CRE,4.33,4.41,4.29,4.3,1345410,KBS,2026-10-09T04:26:01Z
2020-06-01,CRE,4.32,4.36,4.3,4.34,975710,KBS,2026-10-09T04:26:01Z
2020-06-02,CRE,4.33,4.56,4.33,4.5,1472230,KBS,2026-10-09T04:26:01Z
2020-06-03,CRE,4.5,4.54,4.42,4.52,936770,KBS,2026-10-09T04:26:01Z
2020-06-04,CRE,4.53,4.54,4.41,4.41,985070,KBS,2026-10-09T04:26:01Z
2020-06-05,CRE,4.4,4.44,4.38,4.42,597930,KBS,2026-10-09T04:26:01Z
2020-06-08,CRE,4.45,4.68,4.42,4.66,1797010,KBS,2026-10-09T04:26:01Z
2020-06-09,CRE,4.72,4.94,4.72,4.9,1717970,KBS,2026-10-09T04:26:01Z
2020-06-10,CRE,4.86,4.98,4.72,4.98,1829150,KBS,2026-10-09T04:26:01Z
2020-06-11,CRE,4.97,5.0,4.68,4.68,1809540,KBS,2026-10-09T04:26:01Z
2020-06-12,CRE,4.52,5.0,4.44,4.92,2405030,KBS,2026-10-09T04:26:01Z
2020-06-15,CRE,4.92,4.93,4.73,4.81,1397130,KBS,2026-10-09T04:26:01Z
2020-06-16,CRE,4.86,4.94,4.82,4.89,1360680,KBS,2026-10-09T04:26:01Z
2020-06-17,CRE,4.92,4.93,4.81,4.89,818160,KBS,2026-10-09T04:26:01Z
2020-06-18,CRE,4.86,4.89,4.8,4.81,998060,KBS,2026-10-09T04:26:01Z
2020-06-19,CRE,4.84,4.92,4.82,4.89,794310,KBS,2026-10-09T04:26:01Z
2020-06-22,CRE,4.9,5.13,4.89,5.13,2354320,KBS,2026-10-09T04:26:01Z
2020-06-23,CRE,5.21,5.24,4.94,5.12,2208030,KBS,2026-10-09T04:26:01Z
2020-06-24,CRE,5.1,5.12,4.89,4.93,1251430,KBS,2026-10-09T04:26:01Z
2020-06-25,CRE,4.86,4.89,4.76,4.89,838810,KBS,2026-10-09T04:26:01Z
2020-06-26,CRE,4.89,4.9,4.8,4.84,693370,KBS,2026-10-09T04:26:01Z
2020-06-29,CRE,4.82,4.82,4.65,4.78,1326880,KBS,2026-10-09T04:26:01Z
2020-06-30,CRE,4.81,4.86,4.73,4.82,648560,KBS,2026-10-09T04:26:01Z
2020-07-01,CRE,4.82,4.89,4.78,4.86,634260,KBS,2026-10-09T04:26:01Z
2020-07-02,CRE,4.86,4.86,4.77,4.81,691870,KBS,2026-10-09T04:26:01Z
2020-07-03,CRE,4.81,4.85,4.76,4.77,806970,KBS,2026-10-09T04:26:01Z
2020-07-06,CRE,4.8,4.92,4.78,4.92,764440,KBS,2026-10-09T04:26:01Z
2020-07-07,CRE,4.92,5.05,4.92,4.98,818430,KBS,2026-10-09T04:26:01Z
2020-07-08,CRE,4.96,5.0,4.92,5.0,856560,KBS,2026-10-09T04:26:01Z
2020-07-09,CRE,5.0,5.17,4.98,5.16,1433170,KBS,2026-10-09T04:26:01Z
2020-07-10,CRE,5.16,5.17,5.06,5.08,757770,KBS,2026-10-09T04:26:01Z
2020-07-13,CRE,5.12,5.13,5.06,5.08,839980,KBS,2026-10-09T04:26:01Z
2020-07-14,CRE,5.06,5.08,5.01,5.06,652380,KBS,2026-10-09T04:26:01Z
2020-07-15,CRE,5.05,5.12,5.04,5.12,943070,KBS,2026-10-09T04:26:01Z
2020-07-16,CRE,5.1,5.12,5.05,5.09,651860,KBS,2026-10-09T04:26:01Z
2020-07-17,CRE,5.08,5.12,5.05,5.12,852570,KBS,2026-10-09T04:26:01Z
2020-07-20,CRE,5.08,5.1,5.05,5.06,474840,KBS,2026-10-09T04:26:01Z
2020-07-21,CRE,5.06,5.08,5.0,5.06,572590,KBS,2026-10-09T04:26:01Z
2020-07-22,CRE,5.05,5.06,5.0,5.04,403690,KBS,2026-10-09T04:26:01Z
2020-07-23,CRE,5.08,5.12,5.02,5.05,417670,KBS,2026-10-09T04:26:01Z
2020-07-24,CRE,5.08,5.08,4.84,5.02,875930,KBS,2026-10-09T04:26:01Z
2020-07-27,CRE,4.92,5.0,4.86,4.89,707610,KBS,2026-10-09T04:26:01Z
2020-07-28,CRE,4.92,5.0,4.85,4.92,790930,KBS,2026-10-09T04:26:01Z
2020-07-29,CRE,4.89,5.0,4.84,5.0,273940,KBS,2026-10-09T04:26:01Z
2020-07-30,CRE,4.98,5.02,4.96,4.97,273730,KBS,2026-10-09T04:26:01Z
2020-07-31,CRE,4.97,5.0,4.89,4.92,329340,KBS,2026-10-09T04:26:01Z
2020-08-03,CRE,4.9,5.08,4.88,4.97,705330,KBS,2026-10-09T04:26:01Z
2020-08-04,CRE,4.97,5.06,4.97,5.02,503250,KBS,2026-10-09T04:26:01Z
2020-08-05,CRE,5.02,5.1,4.97,5.1,880350,KBS,2026-10-09T04:26:01Z
2020-08-06,CRE,5.09,5.32,5.08,5.26,1251780,KBS,2026-10-09T04:26:01Z
2020-08-07,CRE,5.29,5.32,5.22,5.24,902060,KBS,2026-10-09T04:26:01Z
2020-08-10,CRE,5.24,5.26,5.2,5.2,643710,KBS,2026-10-09T04:26:01Z
2020-08-11,CRE,5.17,5.18,5.1,5.14,726590,KBS,2026-10-09T04:26:01Z
2020-08-12,CRE,5.12,5.18,5.12,5.14,437330,KBS,2026-10-09T04:26:01Z
2020-08-13,CRE,5.16,5.49,5.16,5.49,1637080,KBS,2026-10-09T04:26:01Z
2020-08-14,CRE,5.53,5.61,5.37,5.41,975390,KBS,2026-10-09T04:26:01Z
2020-08-17,CRE,5.37,5.45,5.36,5.44,782960,KBS,2026-10-09T04:26:01Z
2020-08-18,CRE,5.42,5.56,5.4,5.48,913500,KBS,2026-10-09T04:26:01Z
2020-08-19,CRE,5.46,5.77,5.45,5.74,1438700,KBS,2026-10-09T04:26:01Z
2020-08-20,CRE,5.88,5.88,5.68,5.73,1088020,KBS,2026-10-09T04:26:01Z
2020-08-21,CRE,5.73,5.99,5.72,5.9,1282850,KBS,2026-10-09T04:26:01Z
2020-08-24,CRE,5.96,6.01,5.84,5.86,1099660,KBS,2026-10-09T04:26:01Z
2020-08-25,CRE,5.99,5.99,5.84,5.9,781630,KBS,2026-10-09T04:26:01Z
2020-08-26,CRE,5.88,6.25,5.84,6.17,1618500,KBS,2026-10-09T04:26:01Z
2020-08-27,CRE,6.25,6.41,6.23,6.36,1393450,KBS,2026-10-09T04:26:01Z
2020-08-28,CRE,6.41,6.44,6.23,6.25,1600390,KBS,2026-10-09T04:26:01Z
2020-08-31,CRE,6.21,6.25,6.17,6.25,1091930,KBS,2026-10-09T04:26:01Z
2020-09-01,CRE,6.28,6.41,6.21,6.33,1006010,KBS,2026-10-09T04:26:01Z
2020-09-03,CRE,6.33,6.36,6.13,6.2,1580350,KBS,2026-10-09T04:26:01Z
2020-09-04,CRE,6.15,6.27,6.11,6.2,1233450,KBS,2026-10-09T04:26:01Z
2020-09-07,CRE,6.17,6.28,6.12,6.12,1102520,KBS,2026-10-09T04:26:01Z
2020-09-08,CRE,6.09,6.17,6.07,6.16,1033380,KBS,2026-10-09T04:26:01Z
2020-09-09,CRE,6.13,6.23,5.95,6.0,1134490,KBS,2026-10-09T04:26:01Z
2020-09-10,CRE,5.96,6.15,5.86,6.08,1367770,KBS,2026-10-09T04:26:01Z
2020-09-11,CRE,6.05,6.15,6.04,6.15,1203460,KBS,2026-10-09T04:26:01Z
2020-09-14,CRE,6.15,6.23,6.11,6.15,1257160,KBS,2026-10-09T04:26:01Z
2020-09-15,CRE,6.17,6.21,6.11,6.15,996310,KBS,2026-10-09T04:26:01Z
2020-09-16,CRE,6.15,6.2,6.09,6.09,884010,KBS,2026-10-09T04:26:01Z
2020-09-17,CRE,6.11,6.36,6.04,6.33,1592250,KBS,2026-10-09T04:26:01Z
2020-09-18,CRE,6.28,6.6,6.28,6.57,1727550,KBS,2026-10-09T04:26:01Z
2020-09-21,CRE,6.63,6.67,6.47,6.52,1116610,KBS,2026-10-09T04:26:01Z
2020-09-22,CRE,6.45,6.53,6.41,6.49,1219550,KBS,2026-10-09T04:26:01Z
2020-09-23,CRE,6.51,6.51,6.23,6.25,1241620,KBS,2026-10-09T04:26:01Z
2020-09-24,CRE,6.19,6.2,6.09,6.09,885670,KBS,2026-10-09T04:26:01Z
2020-09-25,CRE,6.11,6.2,5.74,5.88,1306800,KBS,2026-10-09T04:26:01Z
2020-09-28,CRE,5.85,5.85,5.74,5.81,1911080,KBS,2026-10-09T04:26:01Z
2020-09-29,CRE,5.77,6.05,5.77,5.88,1582440,KBS,2026-10-09T04:26:01Z
2020-09-30,CRE,5.96,6.28,5.95,6.28,1499800,KBS,2026-10-09T04:26:01Z
2020-10-01,CRE,6.26,6.27,6.03,6.1,1358640,KBS,2026-10-09T04:26:01Z
2020-10-02,CRE,6.07,6.27,6.0,6.1,1387410,KBS,2026-10-09T04:26:01Z
2020-10-05,CRE,6.07,6.3,6.05,6.27,1196530,KBS,2026-10-09T04:26:01Z
2020-10-06,CRE,6.3,6.3,6.16,6.2,1136930,KBS,2026-10-09T04:26:01Z
2020-10-07,CRE,6.21,6.27,6.19,6.21,946890,KBS,2026-10-09T04:26:01Z
2020-10-08,CRE,6.21,6.21,6.09,6.16,877720,KBS,2026-10-09T04:26:01Z
2020-10-09,CRE,6.19,6.35,6.1,6.31,1432950,KBS,2026-10-09T04:26:01Z
2020-10-12,CRE,6.31,6.47,6.31,6.38,1161970,KBS,2026-10-09T04:26:01Z
2020-10-13,CRE,6.4,6.7,6.3,6.7,1799020,KBS,2026-10-09T04:26:01Z
2020-10-14,CRE,6.72,6.83,6.65,6.82,1315890,KBS,2026-10-09T04:26:01Z
2020-10-15,CRE,6.83,6.97,6.73,6.77,1140690,KBS,2026-10-09T04:26:01Z
2020-10-16,CRE,6.77,6.84,6.72,6.76,939430,KBS,2026-10-09T04:26:01Z
2020-10-19,CRE,6.75,6.84,6.7,6.77,1032360,KBS,2026-10-09T04:26:01Z
2020-10-20,CRE,6.8,6.83,6.73,6.77,920490,KBS,2026-10-09T04:26:01Z
2020-10-21,CRE,6.8,6.94,6.75,6.86,1165920,KBS,2026-10-09T04:26:01Z
2020-10-22,CRE,6.86,7.19,6.83,7.15,1424460,KBS,2026-10-09T04:26:01Z
2020-10-23,CRE,7.17,7.42,7.11,7.42,1324240,KBS,2026-10-09T04:26:01Z
2020-10-26,CRE,7.42,7.56,7.35,7.39,924890,KBS,2026-10-09T04:26:01Z
2020-10-27,CRE,7.31,7.33,7.17,7.25,657000,KBS,2026-10-09T04:26:01Z
2020-10-28,CRE,7.22,7.28,7.03,7.11,764540,KBS,2026-10-09T04:26:01Z
2020-10-29,CRE,7.05,7.19,6.98,7.11,877980,KBS,2026-10-09T04:26:01Z
2020-10-30,CRE,7.11,7.17,6.98,7.11,689570,KBS,2026-10-09T04:26:01Z
2020-11-02,CRE,7.11,7.19,7.0,7.07,641400,KBS,2026-10-09T04:26:01Z
2020-11-03,CRE,7.07,7.42,7.07,7.28,1099590,KBS,2026-10-09T04:26:01Z
2020-11-04,CRE,7.39,7.47,7.24,7.24,1191490,KBS,2026-10-09T04:26:01Z
2020-11-05,CRE,7.22,7.28,7.15,7.17,778810,KBS,2026-10-09T04:26:01Z
2020-11-06,CRE,7.17,7.19,7.04,7.08,808390,KBS,2026-10-09T04:26:01Z
2020-11-09,CRE,7.08,7.28,7.05,7.14,670500,KBS,2026-10-09T04:26:01Z
2020-11-10,CRE,7.17,7.25,7.1,7.17,752240,KBS,2026-10-09T04:26:01Z
2020-11-11,CRE,7.17,7.28,7.11,7.19,855930,KBS,2026-10-09T04:26:01Z
2020-11-12,CRE,7.19,7.56,7.19,7.45,1351380,KBS,2026-10-09T04:26:01Z
2020-11-13,CRE,7.5,7.61,7.47,7.54,978130,KBS,2026-10-09T04:26:01Z
2020-11-16,CRE,7.59,7.59,7.39,7.42,881990,KBS,2026-10-09T04:26:01Z
2020-11-17,CRE,7.4,7.89,7.33,7.89,1436680,KBS,2026-10-09T04:26:01Z
2020-11-18,CRE,7.98,8.23,7.85,8.12,1516390,KBS,2026-10-09T04:26:01Z
2020-11-19,CRE,8.03,8.17,7.99,8.02,715070,KBS,2026-10-09T04:26:01Z
2020-11-20,CRE,8.03,8.23,7.91,8.15,1122650,KBS,2026-10-09T04:26:01Z
2020-11-23,CRE,8.15,8.71,8.09,8.71,1456620,KBS,2026-10-09T04:26:01Z
2020-11-24,CRE,9.1,9.1,8.76,8.87,753660,KBS,2026-10-09T04:26:01Z
2020-11-25,CRE,8.87,9.1,8.82,8.85,911170,KBS,2026-10-09T04:26:01Z
2020-11-26,CRE,8.82,8.96,8.73,8.89,960450,KBS,2026-10-09T04:26:01Z
2020-11-27,CRE,8.9,9.1,8.87,9.01,1040180,KBS,2026-10-09T04:26:01Z
2020-11-30,CRE,9.03,9.24,9.0,9.11,891480,KBS,2026-10-09T04:26:01Z
2020-12-01,CRE,9.03,9.18,8.99,9.13,1092090,KBS,2026-10-09T04:26:01Z
2020-12-02,CRE,9.14,9.21,8.96,9.01,988510,KBS,2026-10-09T04:26:01Z
2020-12-03,CRE,9.04,9.06,8.94,9.01,672750,KBS,2026-10-09T04:26:01Z
2020-12-04,CRE,9.01,9.1,8.96,9.07,800570,KBS,2026-10-09T04:26:01Z
2020-12-07,CRE,9.07,9.35,9.04,9.28,1313270,KBS,2026-10-09T04:26:01Z
2020-12-08,CRE,9.28,9.52,9.21,9.38,1204710,KBS,2026-10-09T04:26:01Z
2020-12-09,CRE,9.38,9.52,9.22,9.27,1058090,KBS,2026-10-09T04:26:01Z
2020-12-10,CRE,9.28,9.32,9.06,9.06,797160,KBS,2026-10-09T04:26:01Z
2020-12-11,CRE,9.03,9.15,8.92,9.08,1432140,KBS,2026-10-09T04:26:01Z
2020-12-14,CRE,9.11,9.15,9.06,9.07,1224540,KBS,2026-10-09T04:26:01Z
2020-12-15,CRE,9.1,9.24,9.06,9.18,1518140,KBS,2026-10-09T04:26:01Z
2020-12-16,CRE,9.21,9.38,9.15,9.32,1569080,KBS,2026-10-09T04:26:01Z
2020-12-17,CRE,9.34,9.43,9.27,9.29,1174440,KBS,2026-10-09T04:26:01Z
2020-12-18,CRE,9.32,9.32,9.08,9.13,1254500,KBS,2026-10-09T04:26:01Z
2020-12-21,CRE,9.1,9.15,8.93,9.01,1297480,KBS,2026-10-09T04:26:01Z
2020-12-22,CRE,9.01,9.24,8.87,9.24,1622990,KBS,2026-10-09T04:26:01Z
2020-12-23,CRE,9.32,9.66,9.22,9.45,2037940,KBS,2026-10-09T04:26:01Z
2020-12-24,CRE,9.49,9.5,9.1,9.24,1150430,KBS,2026-10-09T04:26:01Z
2020-12-25,CRE,9.32,9.59,9.18,9.57,2153280,KBS,2026-10-09T04:26:01Z
2020-12-28,CRE,9.66,9.85,9.6,9.73,2332250,KBS,2026-10-09T04:26:01Z
2020-12-29,CRE,9.71,9.91,9.66,9.78,1850020,KBS,2026-10-09T04:26:01Z
2020-12-30,CRE,9.81,9.96,9.76,9.78,1742500,KBS,2026-10-09T04:26:01Z
2020-12-31,CRE,9.81,9.88,9.56,9.64,1770520,KBS,2026-10-09T04:26:01Z
2021-01-04,CRE,9.68,9.73,9.42,9.44,1692900,KBS,2026-10-09T04:26:01Z
2021-01-05,CRE,9.46,9.74,9.37,9.71,1944200,KBS,2026-10-09T04:26:01Z
2021-01-06,CRE,9.74,9.81,9.54,9.58,1510800,KBS,2026-10-09T04:26:01Z
2021-01-07,CRE,9.61,9.68,9.39,9.51,1776600,KBS,2026-10-09T04:26:01Z
2021-01-08,CRE,9.54,9.81,9.49,9.58,1796600,KBS,2026-10-09T04:26:01Z
2021-01-11,CRE,9.61,9.73,9.54,9.61,1665100,KBS,2026-10-09T04:26:01Z
2021-01-12,CRE,9.63,9.74,9.46,9.54,1723500,KBS,2026-10-09T04:26:01Z
2021-01-13,CRE,9.54,9.71,9.34,9.51,2025700,KBS,2026-10-09T04:26:01Z
2021-01-14,CRE,9.48,9.51,9.21,9.24,1869900,KBS,2026-10-09T04:26:01Z
2021-01-15,CRE,9.21,9.24,8.99,9.14,2208800,KBS,2026-10-09T04:26:01Z
2021-01-18,CRE,9.11,9.19,8.9,8.97,1696600,KBS,2026-10-09T04:26:01Z
2021-01-19,CRE,8.97,8.97,8.37,8.67,1010500,KBS,2026-10-09T04:26:01Z
2021-01-20,CRE,8.74,8.74,8.06,8.23,2098600,KBS,2026-10-09T04:26:01Z
2021-01-21,CRE,8.23,8.4,8.05,8.33,1968400,KBS,2026-10-09T04:26:01Z
2021-01-22,CRE,8.27,8.84,8.27,8.53,2510300,KBS,2026-10-09T04:26:01Z
2021-01-25,CRE,8.42,8.64,8.23,8.55,2076600,KBS,2026-10-09T04:26:01Z
2021-01-26,CRE,8.4,8.55,8.2,8.35,1269300,KBS,2026-10-09T04:26:01Z
2021-01-27,CRE,8.3,8.5,8.13,8.23,2350000,KBS,2026-10-09T04:26:01Z
2021-01-28,CRE,7.9,8.06,7.66,7.66,1882700,KBS,2026-10-09T04:26:01Z
2021-01-29,CRE,7.14,8.18,7.14,7.9,2001000,KBS,2026-10-09T04:26:01Z
2021-02-01,CRE,7.73,7.96,7.68,7.73,1418400,KBS,2026-10-09T04:26:01Z
2021-02-02,CRE,7.71,8.06,7.69,8.03,1722700,KBS,2026-10-09T04:26:01Z
2021-02-03,CRE,8.03,8.1,7.93,8.0,1343900,KBS,2026-10-09T04:26:01Z
2021-02-04,CRE,7.98,8.03,7.9,8.0,919800,KBS,2026-10-09T04:26:01Z
2021-02-05,CRE,8.0,8.1,7.96,7.96,1079800,KBS,2026-10-09T04:26:01Z
2021-02-08,CRE,7.96,7.96,7.69,7.73,748100,KBS,2026-10-09T04:26:01Z
2021-02-09,CRE,7.73,8.05,7.71,7.9,1214100,KBS,2026-10-09T04:26:01Z
2021-02-17,CRE,7.93,8.11,7.93,8.06,1692800,KBS,2026-10-09T04:26:01Z
2021-02-18,CRE,8.16,8.3,8.06,8.1,1475800,KBS,2026-10-09T04:26:01Z
2021-02-19,CRE,8.08,8.35,8.08,8.23,1267800,KBS,2026-10-09T04:26:01Z
2021-02-22,CRE,8.23,8.4,8.08,8.08,1366200,KBS,2026-10-09T04:26:01Z
2021-02-23,CRE,8.03,8.1,7.96,8.0,1153800,KBS,2026-10-09T04:26:01Z
2021-02-24,CRE,7.96,8.16,7.96,8.03,1218600,KBS,2026-10-09T04:26:01Z
2021-02-25,CRE,8.05,8.23,8.01,8.06,1590100,KBS,2026-10-09T04:26:01Z
2021-02-26,CRE,8.0,8.08,7.96,8.03,719600,KBS,2026-10-09T04:26:01Z
2021-03-01,CRE,8.0,8.27,8.0,8.1,1005600,KBS,2026-10-09T04:26:01Z
2021-03-02,CRE,8.16,8.25,8.11,8.16,999500,KBS,2026-10-09T04:26:01Z
2021-03-03,CRE,8.16,8.43,8.15,8.35,1719500,KBS,2026-10-09T04:26:01Z
2021-03-04,CRE,8.37,8.4,8.1,8.13,721100,KBS,2026-10-09T04:26:01Z
2021-03-05,CRE,8.13,8.28,8.08,8.23,653400,KBS,2026-10-09T04:26:01Z
2021-03-08,CRE,8.27,8.74,8.27,8.4,2040100,KBS,2026-10-09T04:26:01Z
2021-03-09,CRE,8.4,8.6,8.3,8.5,2234700,KBS,2026-10-09T04:26:01Z
2021-03-10,CRE,8.57,8.9,8.4,8.84,2920700,KBS,2026-10-09T04:26:01Z
2021-03-11,CRE,9.0,9.11,8.74,9.11,2781100,KBS,2026-10-09T04:26:01Z
2021-03-12,CRE,9.11,9.24,8.95,9.07,1992500,KBS,2026-10-09T04:26:01Z
2021-03-15,CRE,9.0,9.22,9.0,9.06,1593700,KBS,2026-10-09T04:26:01Z
2021-03-16,CRE,9.16,9.24,9.06,9.14,2120200,KBS,2026-10-09T04:26:01Z
2021-03-17,CRE,9.21,9.68,9.21,9.58,2753600,KBS,2026-10-09T04:26:01Z
2021-03-18,CRE,9.71,9.71,9.46,9.49,1609700,KBS,2026-10-09T04:26:01Z
2021-03-19,CRE,9.46,9.78,9.42,9.78,2145200,KBS,2026-10-09T04:26:01Z
2021-03-22,CRE,9.81,10.05,9.73,9.98,2236800,KBS,2026-10-09T04:26:01Z
2021-03-23,CRE,10.05,10.05,9.73,9.84,1332600,KBS,2026-10-09T04:26:01Z
2021-03-24,CRE,9.74,9.93,9.51,9.91,1921300,KBS,2026-10-09T04:26:01Z
2021-03-25,CRE,9.91,10.25,9.78,10.21,2706200,KBS,2026-10-09T04:26:01Z
2021-03-26,CRE,10.38,10.58,10.05,10.58,2476900,KBS,2026-10-09T04:26:01Z
2021-03-29,CRE,10.72,10.82,10.25,10.32,2402400,KBS,2026-10-09T04:26:01Z
2021-03-30,CRE,10.23,10.75,10.21,10.55,1929200,KBS,2026-10-09T04:26:01Z
2021-03-31,CRE,10.52,10.75,10.48,10.68,1723800,KBS,2026-10-09T04:26:01Z
2021-04-01,CRE,10.68,10.74,10.53,10.67,1194500,KBS,2026-10-09T04:26:01Z
2021-04-02,CRE,10.72,10.75,10.43,10.75,1462200,KBS,2026-10-09T04:26:01Z
2021-04-05,CRE,10.63,10.75,10.35,10.55,1513000,KBS,2026-10-09T04:26:01Z
2021-04-06,CRE,10.55,10.55,10.06,10.13,1693400,KBS,2026-10-09T04:26:01Z
2021-04-07,CRE,10.11,10.11,9.69,9.91,1178300,KBS,2026-10-09T04:26:01Z
2021-04-08,CRE,9.84,10.15,9.84,10.01,612800,KBS,2026-10-09T04:26:01Z
2021-04-09,CRE,10.08,10.68,10.01,10.68,3258500,KBS,2026-10-09T04:26:01Z
2021-04-12,CRE,10.68,11.09,10.68,10.75,2397800,KBS,2026-10-09T04:26:01Z
2021-04-13,CRE,10.75,10.85,10.52,10.6,1304500,KBS,2026-10-09T04:26:01Z
2021-04-14,CRE,10.55,10.92,10.47,10.92,2141200,KBS,2026-10-09T04:26:01Z
2021-04-15,CRE,10.92,11.16,10.85,11.12,1897300,KBS,2026-10-09T04:26:01Z
2021-04-16,CRE,11.14,11.36,10.92,11.09,1162300,KBS,2026-10-09T04:26:01Z
2021-04-19,CRE,11.27,11.51,11.09,11.51,1806200,KBS,2026-10-09T04:26:01Z
2021-04-20,CRE,11.91,11.91,11.37,11.63,1640800,KBS,2026-10-09T04:26:01Z
2021-04-22,CRE,11.44,11.74,11.41,11.41,1137700,KBS,2026-10-09T04:26:01Z
2021-04-23,CRE,11.41,11.76,11.29,11.66,1398800,KBS,2026-10-09T04:26:01Z
2021-04-26,CRE,11.63,11.76,11.52,11.56,957400,KBS,2026-10-09T04:26:01Z
2021-04-27,CRE,11.52,11.93,11.51,11.83,1528200,KBS,2026-10-09T04:26:01Z
2021-04-28,CRE,11.93,12.65,11.93,12.65,2281800,KBS,2026-10-09T04:26:01Z
2021-04-29,CRE,12.97,13.47,12.94,13.29,2138600,KBS,2026-10-09T04:26:01Z
2021-05-04,CRE,13.04,13.44,12.87,13.27,1692200,KBS,2026-10-09T04:26:01Z
2021-05-05,CRE,13.31,13.44,13.09,13.24,1512100,KBS,2026-10-09T04:26:01Z
2021-05-06,CRE,13.2,14.01,13.17,13.98,2184400,KBS,2026-10-09T04:26:01Z
2021-05-07,CRE,14.04,14.35,13.99,14.1,2155300,KBS,2026-10-09T04:26:01Z
2021-05-10,CRE,14.03,14.1,13.76,13.94,1445900,KBS,2026-10-09T04:26:01Z
2021-05-11,CRE,13.86,14.1,13.76,13.91,1534300,KBS,2026-10-09T04:26:01Z
2021-05-12,CRE,13.94,14.45,13.76,14.38,1942400,KBS,2026-10-09T04:26:01Z
2021-05-13,CRE,14.31,14.45,14.1,14.21,1228900,KBS,2026-10-09T04:26:01Z
2021-05-14,CRE,14.28,14.35,13.86,13.98,1108900,KBS,2026-10-09T04:26:01Z
2021-05-17,CRE,13.98,13.98,13.59,13.94,1251800,KBS,2026-10-09T04:26:01Z
2021-05-18,CRE,13.79,14.11,13.76,13.98,919900,KBS,2026-10-09T04:26:01Z
2021-05-19,CRE,13.91,14.08,13.76,13.89,889700,KBS,2026-10-09T04:26:01Z
2021-05-20,CRE,13.86,14.08,13.86,13.96,994500,KBS,2026-10-09T04:26:01Z
2021-05-21,CRE,14.01,14.52,14.01,14.35,1381000,KBS,2026-10-09T04:26:01Z
2021-05-24,CRE,14.41,14.62,14.38,14.52,1274100,KBS,2026-10-09T04:26:01Z
2021-05-25,CRE,14.68,14.68,14.23,14.25,1081400,KBS,2026-10-09T04:26:01Z
2021-05-26,CRE,14.08,14.11,13.91,13.98,983500,KBS,2026-10-09T04:26:01Z
2021-05-27,CRE,13.81,14.01,13.74,13.84,961100,KBS,2026-10-09T04:26:01Z
2021-05-28,CRE,13.84,13.94,13.79,13.88,928800,KBS,2026-10-09T04:26:01Z
2021-05-31,CRE,13.84,13.94,13.79,13.94,700300,KBS,2026-10-09T04:26:01Z
2021-06-01,CRE,13.94,14.01,13.94,13.96,551700,KBS,2026-10-09T04:26:01Z
2021-06-02,CRE,13.94,14.04,13.89,13.96,780400,KBS,2026-10-09T04:26:01Z
2021-06-03,CRE,13.98,14.45,13.96,14.45,1326900,KBS,2026-10-09T04:26:01Z
2021-06-04,CRE,14.41,15.19,14.41,15.19,1767700,KBS,2026-10-09T04:26:01Z
2021-06-07,CRE,15.39,15.49,14.94,15.02,1246900,KBS,2026-10-09T04:26:01Z
2021-06-08,CRE,15.02,15.12,14.41,14.45,867500,KBS,2026-10-09T04:26:01Z
2021-06-09,CRE,14.38,14.78,14.13,14.62,1639300,KBS,2026-10-09T04:26:01Z
2021-06-10,CRE,14.52,15.12,14.43,14.78,1747200,KBS,2026-10-09T04:26:01Z
2021-06-11,CRE,14.95,15.12,14.75,14.95,1686700,KBS,2026-10-09T04:26:01Z
2021-06-14,CRE,15.12,15.29,14.99,15.22,1487900,KBS,2026-10-09T04:26:01Z
2021-06-15,CRE,15.05,15.46,15.05,15.32,1514400,KBS,2026-10-09T04:26:01Z
2021-06-16,CRE,15.37,15.46,14.94,15.02,1344600,KBS,2026-10-09T04:26:01Z
2021-06-17,CRE,14.85,14.92,14.57,14.68,1519600,KBS,2026-10-09T04:26:01Z
2021-06-18,CRE,14.62,14.92,14.62,14.82,1468000,KBS,2026-10-09T04:26:01Z
2021-06-21,CRE,14.73,14.88,14.63,14.65,1014200,KBS,2026-10-09T04:26:01Z
2021-06-22,CRE,14.77,14.95,14.75,14.85,1085500,KBS,2026-10-09T04:26:01Z
2021-06-23,CRE,14.92,15.02,14.85,14.88,1148500,KBS,2026-10-09T04:26:01Z
2021-06-24,CRE,15.05,15.12,14.85,14.87,877100,KBS,2026-10-09T04:26:01Z
2021-06-25,CRE,14.88,15.12,14.68,14.99,1159500,KBS,2026-10-09T04:26:01Z
2021-06-28,CRE,15.02,15.12,15.02,15.04,931400,KBS,2026-10-09T04:26:01Z
2021-06-29,CRE,14.92,15.19,14.9,14.9,984100,KBS,2026-10-09T04:26:01Z
2021-06-30,CRE,14.88,15.05,14.85,14.88,727000,KBS,2026-10-09T04:26:01Z
2021-07-01,CRE,14.92,15.39,14.92,15.3,1375300,KBS,2026-10-09T04:26:01Z
2021-07-02,CRE,15.42,15.79,15.39,15.72,1781600,KBS,2026-10-09T04:26:01Z
2021-07-05,CRE,15.86,15.89,15.57,15.66,1537200,KBS,2026-10-09T04:26:01Z
2021-07-06,CRE,15.72,15.79,14.99,14.99,1198800,KBS,2026-10-09T04:26:01Z
2021-07-07,CRE,14.99,15.12,14.72,14.78,810100,KBS,2026-10-09T04:26:01Z
2021-07-08,CRE,14.88,15.02,14.75,14.78,865100,KBS,2026-10-09T04:26:01Z
2021-07-09,CRE,14.72,14.92,14.65,14.72,899700,KBS,2026-10-09T04:26:01Z
2021-07-12,CRE,14.52,14.65,13.78,14.45,605400,KBS,2026-10-09T04:26:01Z
2021-07-13,CRE,14.45,14.65,14.21,14.45,572000,KBS,2026-10-09T04:26:01Z
2021-07-14,CRE,14.31,14.62,14.08,14.23,439200,KBS,2026-10-09T04:26:01Z
2021-07-15,CRE,14.11,14.31,13.99,14.11,515700,KBS,2026-10-09T04:26:01Z
2021-07-16,CRE,14.11,14.62,14.08,14.62,941700,KBS,2026-10-09T04:26:01Z
2021-07-19,CRE,14.45,14.72,14.28,14.28,608900,KBS,2026-10-09T04:26:01Z
2021-07-20,CRE,14.15,14.97,14.15,14.97,956000,KBS,2026-10-09T04:26:01Z
2021-07-21,CRE,15.19,15.42,14.88,15.02,806500,KBS,2026-10-09T04:26:01Z
2021-07-22,CRE,15.02,16.06,14.88,16.06,1463300,KBS,2026-10-09T04:26:01Z
2021-07-23,CRE,16.3,16.43,15.96,16.09,1116500,KBS,2026-10-09T04:26:01Z
2021-07-26,CRE,15.79,16.8,15.62,16.43,1415800,KBS,2026-10-09T04:26:01Z
2021-07-27,CRE,16.56,16.63,16.2,16.31,1449900,KBS,2026-10-09T04:26:01Z
2021-07-28,CRE,16.26,16.8,16.23,16.63,1757400,KBS,2026-10-09T04:26:01Z
2021-07-29,CRE,16.68,17.17,16.68,16.97,1513300,KBS,2026-10-09T04:26:01Z
2021-07-30,CRE,17.14,17.17,16.77,16.93,1409700,KBS,2026-10-09T04:26:01Z
2021-08-02,CRE,16.83,17.0,16.62,16.73,1196300,KBS,2026-10-09T04:26:01Z
2021-08-03,CRE,16.73,17.24,16.53,17.24,1914200,KBS,2026-10-09T04:26:01Z
2021-08-04,CRE,17.1,17.81,17.1,17.64,1831600,KBS,2026-10-09T04:26:01Z
2021-08-05,CRE,17.71,17.81,17.44,17.71,1414200,KBS,2026-10-09T04:26:01Z
2021-08-06,CRE,17.64,17.91,17.44,17.47,1696600,KBS,2026-10-09T04:26:01Z
2021-08-09,CRE,17.57,17.71,17.3,17.64,1409900,KBS,2026-10-09T04:26:01Z
2021-08-10,CRE,17.64,17.98,17.47,17.74,1335400,KBS,2026-10-09T04:26:01Z
2021-08-11,CRE,17.74,17.81,17.27,17.51,1404300,KBS,2026-10-09T04:26:01Z
2021-08-12,CRE,17.54,17.64,17.24,17.44,1193800,KBS,2026-10-09T04:26:01Z
2021-08-13,CRE,17.44,17.61,17.03,17.14,1020700,KBS,2026-10-09T04:26:01Z
2021-08-16,CRE,17.14,17.4,17.0,17.3,1355100,KBS,2026-10-09T04:26:01Z
2021-08-17,CRE,17.34,17.57,17.3,17.37,1363100,KBS,2026-10-09T04:26:01Z
2021-08-18,CRE,17.34,18.31,17.34,18.31,2831100,KBS,2026-10-09T04:26:01Z
2021-08-19,CRE,18.21,18.48,17.98,17.98,2114700,KBS,2026-10-09T04:26:01Z
2021-08-20,CRE,17.87,18.14,16.73,17.24,2090100,KBS,2026-10-09T04:26:01Z
2021-08-23,CRE,17.0,17.34,16.8,17.2,2204900,KBS,2026-10-09T04:26:01Z
2021-08-24,CRE,17.2,17.57,17.0,17.3,1584100,KBS,2026-10-09T04:26:01Z
2021-08-25,CRE,17.3,17.54,17.2,17.47,1113500,KBS,2026-10-09T04:26:01Z
2021-08-26,CRE,17.64,17.64,17.34,17.34,865600,KBS,2026-10-09T04:26:01Z
2021-08-27,CRE,17.37,17.81,17.17,17.81,1458200,KBS,2026-10-09T04:26:01Z
2021-08-30,CRE,17.77,18.65,17.77,18.58,1990700,KBS,2026-10-09T04:26:01Z
2021-08-31,CRE,18.51,19.32,18.51,19.08,2111500,KBS,2026-10-09T04:26:01Z
2021-09-01,CRE,19.22,19.22,18.85,18.85,1739300,KBS,2026-10-09T04:26:01Z
2021-09-06,CRE,18.65,18.98,18.58,18.88,1728200,KBS,2026-10-09T04:26:01Z
2021-09-07,CRE,18.95,18.98,18.28,18.38,1638000,KBS,2026-10-09T04:26:01Z
2021-09-08,CRE,18.45,18.65,18.24,18.38,1572000,KBS,2026-10-09T04:26:01Z
2021-09-09,CRE,18.41,18.61,18.31,18.58,1440400,KBS,2026-10-09T04:26:01Z
2021-09-10,CRE,18.58,18.82,18.55,18.65,1637800,KBS,2026-10-09T04:26:01Z
2021-09-13,CRE,18.68,19.25,18.68,18.75,2546300,KBS,2026-10-09T04:26:01Z
2021-09-14,CRE,20.04,20.04,20.01,20.04,5101400,KBS,2026-10-09T04:26:01Z
2021-09-15,CRE,20.6,20.72,19.72,19.72,3461400,KBS,2026-10-09T04:26:01Z
2021-09-16,CRE,19.78,19.81,18.81,18.9,2210300,KBS,2026-10-09T04:26:01Z
2021-09-17,CRE,18.57,19.19,18.48,18.9,2740400,KBS,2026-10-09T04:26:01Z
2021-09-20,CRE,18.72,18.9,18.63,18.69,1933700,KBS,2026-10-09T04:26:01Z
2021-09-21,CRE,18.66,18.66,18.01,18.1,1741900,KBS,2026-10-09T04:26:01Z
2021-09-22,CRE,18.1,18.42,17.78,18.37,1927900,KBS,2026-10-09T04:26:01Z
2021-09-23,CRE,18.25,18.6,18.22,18.31,1321000,KBS,2026-10-09T04:26:01Z
2021-09-24,CRE,18.31,18.93,18.28,18.66,1741500,KBS,2026-10-09T04:26:01Z
2021-09-27,CRE,18.72,18.84,17.98,17.98,1396900,KBS,2026-10-09T04:26:01Z
2021-09-28,CRE,17.95,18.25,17.92,18.22,1343500,KBS,2026-10-09T04:26:01Z
2021-09-29,CRE,18.07,18.37,17.92,18.1,1089200,KBS,2026-10-09T04:26:01Z
2021-09-30,CRE,18.1,18.54,18.1,18.19,1208800,KBS,2026-10-09T04:26:01Z
2021-10-01,CRE,18.19,18.25,17.95,18.19,1336100,KBS,2026-10-09T04:26:01Z
2021-10-04,CRE,18.25,18.28,17.92,18.13,1502900,KBS,2026-10-09T04:26:01Z
2021-10-05,CRE,17.92,18.07,17.31,17.6,1508900,KBS,2026-10-09T04:26:01Z
2021-10-06,CRE,17.6,17.6,16.78,16.92,856100,KBS,2026-10-09T04:26:01Z
2021-10-07,CRE,17.66,17.66,16.92,17.13,586500,KBS,2026-10-09T04:26:01Z
2021-10-08,CRE,17.42,17.42,16.98,17.07,568400,KBS,2026-10-09T04:26:01Z
2021-10-11,CRE,17.07,17.31,16.98,16.98,487800,KBS,2026-10-09T04:26:01Z
2021-10-12,CRE,17.01,17.13,16.84,16.89,809400,KBS,2026-10-09T04:26:01Z
2021-10-13,CRE,16.89,17.07,16.81,16.89,740700,KBS,2026-10-09T04:26:01Z
2021-10-14,CRE,16.78,16.98,16.78,16.92,518700,KBS,2026-10-09T04:26:01Z
2021-10-15,CRE,16.92,17.78,16.92,17.66,1236600,KBS,2026-10-09T04:26:01Z
2021-10-18,CRE,17.72,17.72,17.28,17.37,461200,KBS,2026-10-09T04:26:01Z
2021-10-19,CRE,17.37,17.37,16.98,17.07,371300,KBS,2026-10-09T04:26:01Z
2021-10-20,CRE,16.98,17.07,16.78,16.86,565600,KBS,2026-10-09T04:26:01Z
2021-10-21,CRE,17.07,17.39,16.84,17.19,742400,KBS,2026-10-09T04:26:01Z
2021-10-22,CRE,17.31,17.95,17.13,17.9,1458600,KBS,2026-10-09T04:26:01Z
2021-10-25,CRE,18.13,18.22,17.87,17.95,1201700,KBS,2026-10-09T04:26:01Z
2021-10-26,CRE,17.95,18.13,17.48,17.87,776900,KBS,2026-10-09T04:26:01Z
2021-10-27,CRE,17.84,18.19,17.69,18.04,1836700,KBS,2026-10-09T04:26:01Z
2021-10-28,CRE,18.25,18.25,18.04,18.16,1612300,KBS,2026-10-09T04:26:01Z
2021-10-29,CRE,18.22,18.22,17.84,18.07,1847100,KBS,2026-10-09T04:26:01Z
2021-11-01,CRE,18.25,18.93,18.22,18.9,2381900,KBS,2026-10-09T04:26:01Z
2021-11-02,CRE,19.31,19.31,18.63,18.72,3043400,KBS,2026-10-09T04:26:01Z
2021-11-03,CRE,18.9,18.9,17.57,17.6,3072400,KBS,2026-10-09T04:26:01Z
2021-11-04,CRE,17.13,17.66,17.13,17.6,867200,KBS,2026-10-09T04:26:01Z
2021-11-05,CRE,17.6,17.6,17.19,17.28,1211300,KBS,2026-10-09T04:26:01Z
2021-11-08,CRE,17.42,17.66,17.28,17.48,999800,KBS,2026-10-09T04:26:01Z
2021-11-09,CRE,17.66,17.66,17.28,17.28,996000,KBS,2026-10-09T04:26:01Z
2021-11-10,CRE,17.28,17.57,17.25,17.42,1004800,KBS,2026-10-09T04:26:01Z
2021-11-11,CRE,17.42,18.42,17.16,18.13,2279300,KBS,2026-10-09T04:26:01Z
2021-11-12,CRE,18.19,18.19,17.78,17.9,1212900,KBS,2026-10-09T04:26:01Z
2021-11-15,CRE,18.19,18.19,17.6,17.78,1035200,KBS,2026-10-09T04:26:01Z
2021-11-16,CRE,17.72,17.78,17.42,17.42,869700,KBS,2026-10-09T04:26:01Z
2021-11-17,CRE,17.42,18.37,17.25,18.28,2305900,KBS,2026-10-09T04:26:01Z
2021-11-18,CRE,18.34,18.57,18.01,18.22,1648600,KBS,2026-10-09T04:26:01Z
2021-11-19,CRE,18.25,18.31,17.37,17.6,1216600,KBS,2026-10-09T04:26:01Z
2021-11-22,CRE,17.37,17.6,16.6,16.6,1377100,KBS,2026-10-09T04:26:01Z
2021-11-23,CRE,16.48,16.78,15.78,16.66,1061500,KBS,2026-10-09T04:26:01Z
2021-11-24,CRE,16.84,17.01,16.6,16.72,1002500,KBS,2026-10-09T04:26:01Z
2021-11-25,CRE,17.01,17.66,16.78,17.57,989900,KBS,2026-10-09T04:26:01Z
2021-11-26,CRE,17.6,17.6,17.25,17.54,859600,KBS,2026-10-09T04:26:01Z
2021-11-29,CRE,16.54,18.75,16.54,18.75,2862300,KBS,2026-10-09T04:26:01Z
2021-11-30,CRE,19.66,19.66,19.13,19.16,1973100,KBS,2026-10-09T04:26:01Z
2021-12-01,CRE,19.16,19.4,19.13,19.19,1178000,KBS,2026-10-09T04:26:01Z
2021-12-02,CRE,19.19,20.37,19.16,20.34,2230100,KBS,2026-10-09T04:26:01Z
2021-12-03,CRE,19.48,21.49,19.43,21.19,4270700,KBS,2026-10-09T04:26:01Z
2021-12-06,CRE,22.63,22.66,21.78,22.07,2272900,KBS,2026-10-09T04:26:01Z
2021-12-07,CRE,22.07,22.37,21.49,21.78,1528700,KBS,2026-10-09T04:26:01Z
2021-12-08,CRE,21.78,22.31,20.9,21.16,2407100,KBS,2026-10-09T04:26:01Z
2021-12-09,CRE,20.78,22.13,20.78,22.05,2007600,KBS,2026-10-09T04:26:01Z
2021-12-10,CRE,22.13,22.96,22.13,22.57,1468200,KBS,2026-10-09T04:26:01Z
2021-12-13,CRE,22.63,22.96,22.19,22.72,1761900,KBS,2026-10-09T04:26:01Z
2021-12-14,CRE,23.25,23.25,22.25,22.37,1506500,KBS,2026-10-09T04:26:01Z
2021-12-15,CRE,22.28,22.28,21.66,21.87,1534300,KBS,2026-10-09T04:26:01Z
2021-12-16,CRE,21.78,22.81,21.72,22.63,1213400,KBS,2026-10-09T04:26:01Z
2021-12-17,CRE,22.66,23.19,22.31,22.43,1707200,KBS,2026-10-09T04:26:01Z
2021-12-20,CRE,22.25,22.96,22.19,22.49,989400,KBS,2026-10-09T04:26:01Z
2021-12-21,CRE,22.37,23.84,22.31,23.55,2288800,KBS,2026-10-09T04:26:01Z
2021-12-22,CRE,24.37,24.61,24.02,24.22,1738200,KBS,2026-10-09T04:26:01Z
2021-12-23,CRE,24.43,25.9,24.11,25.49,2570600,KBS,2026-10-09T04:26:01Z
2021-12-24,CRE,25.49,25.49,23.84,24.13,1892200,KBS,2026-10-09T04:26:01Z
2021-12-27,CRE,23.9,24.72,23.31,24.16,1328300,KBS,2026-10-09T04:26:01Z
2021-12-28,CRE,24.13,25.31,23.78,24.58,1547200,KBS,2026-10-09T04:26:01Z
2021-12-29,CRE,24.72,25.05,23.84,24.13,1122800,KBS,2026-10-09T04:26:01Z
2021-12-30,CRE,24.13,24.37,23.84,24.02,1654000,KBS,2026-10-09T04:26:01Z
2021-12-31,CRE,24.02,24.37,23.99,24.13,1064300,KBS,2026-10-09T04:26:01Z
2022-01-04,CRE,24.13,24.55,24.05,24.34,804000,KBS,2026-10-09T04:26:01Z
2022-01-05,CRE,24.46,25.25,24.34,24.72,1090900,KBS,2026-10-09T04:26:01Z
2022-01-06,CRE,25.08,25.08,24.55,24.72,1610600,KBS,2026-10-09T04:26:01Z
2022-01-07,CRE,24.72,25.9,24.61,25.55,1962800,KBS,2026-10-09T04:26:01Z
2022-01-10,CRE,25.67,26.34,24.02,25.61,2870600,KBS,2026-10-09T04:26:01Z
2022-01-11,CRE,25.84,25.84,24.13,24.13,2757600,KBS,2026-10-09T04:26:01Z
2022-01-12,CRE,23.25,23.66,22.46,22.46,2158600,KBS,2026-10-09T04:26:01Z
2022-01-13,CRE,22.37,22.78,20.9,21.04,2286000,KBS,2026-10-09T04:26:01Z
2022-01-14,CRE,19.6,21.78,19.6,21.78,796000,KBS,2026-10-09T04:26:01Z
2022-01-17,CRE,22.07,22.07,20.28,20.28,1256800,KBS,2026-10-09T04:26:01Z
2022-01-18,CRE,19.48,20.31,19.4,19.43,1230500,KBS,2026-10-09T04:26:01Z
2022-01-19,CRE,18.9,20.6,18.9,20.6,568600,KBS,2026-10-09T04:26:01Z
2022-01-20,CRE,21.07,21.49,20.6,21.49,529200,KBS,2026-10-09T04:26:01Z
2022-01-21,CRE,21.9,21.9,20.96,21.4,453700,KBS,2026-10-09T04:26:01Z
2022-01-24,CRE,20.96,21.16,20.19,20.9,635000,KBS,2026-10-09T04:26:01Z
2022-01-25,CRE,19.9,21.1,19.9,20.99,402600,KBS,2026-10-09T04:26:01Z
2022-01-26,CRE,21.19,21.31,20.9,21.01,397300,KBS,2026-10-09T04:26:01Z
2022-01-27,CRE,21.19,21.25,21.01,21.25,341400,KBS,2026-10-09T04:26:01Z
2022-01-28,CRE,21.43,21.54,21.16,21.34,503100,KBS,2026-10-09T04:26:01Z
2022-02-07,CRE,21.72,21.84,21.6,21.78,328700,KBS,2026-10-09T04:26:01Z
2022-02-08,CRE,22.37,22.37,21.84,21.96,626000,KBS,2026-10-09T04:26:01Z
2022-02-09,CRE,21.96,22.07,21.78,21.9,824200,KBS,2026-10-09T04:26:01Z
2022-02-10,CRE,21.96,22.31,21.87,21.9,767600,KBS,2026-10-09T04:26:01Z
2022-02-11,CRE,21.93,22.02,21.9,21.96,735700,KBS,2026-10-09T04:26:01Z
2022-02-14,CRE,21.93,21.93,21.75,21.75,778500,KBS,2026-10-09T04:26:01Z
2022-02-15,CRE,21.52,21.75,21.25,21.34,530300,KBS,2026-10-09T04:26:01Z
2022-02-16,CRE,21.4,22.13,21.37,21.96,917600,KBS,2026-10-09T04:26:01Z
2022-02-17,CRE,22.07,22.07,21.87,21.93,678900,KBS,2026-10-09T04:26:01Z
2022-02-18,CRE,21.87,21.93,21.69,21.9,758900,KBS,2026-10-09T04:26:01Z
2022-02-21,CRE,21.9,22.9,21.9,22.78,1011100,KBS,2026-10-09T04:26:01Z
2022-02-22,CRE,22.37,22.75,21.81,22.16,818700,KBS,2026-10-09T04:26:01Z
2022-02-23,CRE,22.19,22.37,22.16,22.22,761700,KBS,2026-10-09T04:26:01Z
2022-02-24,CRE,22.22,22.34,20.9,21.72,1057300,KBS,2026-10-09T04:26:01Z
2022-02-25,CRE,21.93,22.25,21.84,21.99,726600,KBS,2026-10-09T04:26:01Z
2022-02-28,CRE,22.02,22.31,21.99,22.25,665600,KBS,2026-10-09T04:26:01Z
2022-03-01,CRE,22.37,23.22,22.37,22.84,1176000,KBS,2026-10-09T04:26:01Z
2022-03-02,CRE,23.08,23.25,22.37,22.46,940700,KBS,2026-10-09T04:26:01Z
2022-03-03,CRE,22.46,22.96,22.43,22.87,847900,KBS,2026-10-09T04:26:01Z
2022-03-04,CRE,22.9,23.16,22.72,23.13,770500,KBS,2026-10-09T04:26:01Z
2022-03-07,CRE,22.96,22.96,22.6,22.6,780400,KBS,2026-10-09T04:26:01Z
2022-03-08,CRE,22.4,22.4,21.72,21.78,959000,KBS,2026-10-09T04:26:01Z
2022-03-09,CRE,21.81,22.13,21.16,21.25,1210500,KBS,2026-10-09T04:26:01Z
2022-03-10,CRE,21.78,21.78,21.28,21.31,712300,KBS,2026-10-09T04:26:01Z
2022-03-11,CRE,21.31,21.72,21.1,21.46,651200,KBS,2026-10-09T04:26:01Z
2022-03-14,CRE,21.4,21.4,21.19,21.22,628200,KBS,2026-10-09T04:26:01Z
2022-03-15,CRE,21.46,21.84,21.46,21.75,629700,KBS,2026-10-09T04:26:01Z
2022-03-16,CRE,22.07,22.49,21.78,22.37,663500,KBS,2026-10-09T04:26:01Z
2022-03-17,CRE,22.55,22.69,22.31,22.31,678800,KBS,2026-10-09T04:26:01Z
2022-03-18,CRE,22.31,22.49,22.19,22.34,675200,KBS,2026-10-09T04:26:01Z
2022-03-21,CRE,22.9,22.9,22.34,22.43,779500,KBS,2026-10-09T04:26:01Z
2022-03-22,CRE,22.43,22.81,22.37,22.6,720800,KBS,2026-10-09T04:26:01Z
2022-03-23,CRE,22.6,22.6,22.25,22.25,709000,KBS,2026-10-09T04:26:01Z
2022-03-24,CRE,22.25,22.25,22.02,22.13,740300,KBS,2026-10-09T04:26:01Z
2022-03-25,CRE,22.19,22.87,22.19,22.87,1162000,KBS,2026-10-09T04:26:01Z
2022-03-28,CRE,22.66,23.22,22.46,22.81,1574900,KBS,2026-10-09T04:26:01Z
2022-03-29,CRE,22.72,24.13,22.72,23.96,1807000,KBS,2026-10-09T04:26:01Z
2022-03-30,CRE,23.66,24.13,22.96,23.05,1025500,KBS,2026-10-09T04:26:01Z
2022-03-31,CRE,23.05,23.37,22.66,23.25,806200,KBS,2026-10-09T04:26:01Z
2022-04-01,CRE,23.13,23.22,22.6,23.02,939500,KBS,2026-10-09T04:26:01Z
2022-04-04,CRE,23.08,23.55,22.96,23.02,801200,KBS,2026-10-09T04:26:01Z
2022-04-05,CRE,22.96,23.02,22.49,22.49,1003900,KBS,2026-10-09T04:26:01Z
2022-04-06,CRE,22.07,22.43,22.02,22.16,753000,KBS,2026-10-09T04:26:01Z
2022-04-07,CRE,22.13,22.13,21.49,21.54,718100,KBS,2026-10-09T04:26:01Z
2022-04-08,CRE,21.49,21.78,21.49,21.6,539400,KBS,2026-10-09T04:26:01Z
2022-04-12,CRE,21.9,21.9,20.9,20.9,545000,KBS,2026-10-09T04:26:01Z
2022-04-13,CRE,20.9,21.22,20.6,21.22,512500,KBS,2026-10-09T04:26:01Z
2022-04-14,CRE,21.52,21.81,21.37,21.78,474800,KBS,2026-10-09T04:26:01Z
2022-04-15,CRE,21.66,21.78,21.43,21.43,347500,KBS,2026-10-09T04:26:01Z
2022-04-18,CRE,21.19,21.19,20.25,20.49,483500,KBS,2026-10-09T04:26:01Z
2022-04-19,CRE,20.31,21.04,19.19,19.19,451400,KBS,2026-10-09T04:26:01Z
2022-04-20,CRE,17.95,19.19,17.95,18.54,489300,KBS,2026-10-09T04:26:01Z
2022-04-21,CRE,18.25,19.31,18.07,19.07,444600,KBS,2026-10-09T04:26:01Z
2022-04-22,CRE,19.22,19.72,18.57,19.07,232300,KBS,2026-10-09T04:26:01Z
2022-04-25,CRE,19.84,19.84,17.78,17.78,295300,KBS,2026-10-09T04:26:01Z
2022-04-26,CRE,16.84,18.25,16.54,17.81,279000,KBS,2026-10-09T04:26:01Z
2022-04-27,CRE,17.95,18.25,17.78,18.13,508100,KBS,2026-10-09T04:26:01Z
2022-04-28,CRE,18.37,18.66,18.22,18.45,461600,KBS,2026-10-09T04:26:01Z
2022-04-29,CRE,18.45,18.63,18.4,18.48,339400,KBS,2026-10-09T04:26:01Z
2022-05-04,CRE,18.48,18.66,18.37,18.45,195200,KBS,2026-10-09T04:26:01Z
2022-05-05,CRE,18.48,18.6,18.37,18.54,318000,KBS,2026-10-09T04:26:01Z
2022-05-06,CRE,18.37,19.04,18.01,18.48,526600,KBS,2026-10-09T04:26:01Z
2022-05-09,CRE,18.45,18.48,17.37,17.37,696700,KBS,2026-10-09T04:26:01Z
2022-05-10,CRE,17.07,17.66,16.48,17.42,331200,KBS,2026-10-09T04:26:01Z
2022-05-11,CRE,17.66,18.25,17.6,18.25,184500,KBS,2026-10-09T04:26:01Z
2022-05-12,CRE,18.25,18.51,18.07,18.28,611600,KBS,2026-10-09T04:26:01Z
2022-05-13,CRE,18.28,18.28,17.51,17.9,441500,KBS,2026-10-09T04:26:01Z
2022-05-16,CRE,17.95,18.28,17.84,17.9,311300,KBS,2026-10-09T04:26:01Z
2022-05-17,CRE,18.25,18.78,17.81,18.6,528400,KBS,2026-10-09T04:26:01Z
2022-05-18,CRE,18.6,18.84,18.42,18.6,436500,KBS,2026-10-09T04:26:01Z
2022-05-19,CRE,17.66,18.78,17.66,18.63,415200,KBS,2026-10-09T04:26:01Z
2022-05-20,CRE,18.54,18.75,18.54,18.66,428400,KBS,2026-10-09T04:26:01Z
2022-05-23,CRE,18.72,18.78,18.31,18.31,321800,KBS,2026-10-09T04:26:01Z
2022-05-24,CRE,18.31,18.31,18.19,18.22,340600,KBS,2026-10-09T04:26:01Z
2022-05-25,CRE,18.22,18.6,18.22,18.6,634800,KBS,2026-10-09T04:26:01Z
2022-05-26,CRE,18.78,18.84,18.72,18.72,371800,KBS,2026-10-09T04:26:01Z
2022-05-27,CRE,18.6,18.78,18.6,18.72,421700,KBS,2026-10-09T04:26:01Z
2022-05-30,CRE,18.72,19.51,18.66,19.1,720600,KBS,2026-10-09T04:26:01Z
2022-05-31,CRE,19.07,19.72,18.98,19.1,469100,KBS,2026-10-09T04:26:01Z
2022-06-01,CRE,19.01,19.19,18.9,18.9,342800,KBS,2026-10-09T04:26:01Z
2022-06-02,CRE,18.84,18.84,18.01,18.1,541100,KBS,2026-10-09T04:26:01Z
2022-06-03,CRE,17.95,18.22,17.75,17.75,384700,KBS,2026-10-09T04:26:01Z
2022-06-06,CRE,17.66,17.81,17.45,17.6,361100,KBS,2026-10-09T04:26:01Z
2022-06-07,CRE,17.6,17.6,17.07,17.1,318500,KBS,2026-10-09T04:26:01Z
2022-06-08,CRE,17.1,17.84,17.1,17.69,444000,KBS,2026-10-09T04:26:01Z
2022-06-09,CRE,17.98,17.98,17.6,17.6,362400,KBS,2026-10-09T04:26:01Z
2022-06-10,CRE,17.6,17.6,17.13,17.25,342200,KBS,2026-10-09T04:26:01Z
2022-06-13,CRE,16.51,16.89,16.16,16.16,424600,KBS,2026-10-09T04:26:01Z
2022-06-14,CRE,15.3,16.19,15.3,15.78,376100,KBS,2026-10-09T04:26:01Z
2022-06-15,CRE,15.78,15.81,14.69,14.98,555500,KBS,2026-10-09T04:26:01Z
2022-06-16,CRE,14.95,15.28,14.07,14.07,342200,KBS,2026-10-09T04:26:01Z
2022-06-17,CRE,13.1,14.01,13.1,13.1,318800,KBS,2026-10-09T04:26:01Z
2022-06-20,CRE,12.19,12.6,12.19,12.19,207400,KBS,2026-10-09T04:26:01Z
2022-06-21,CRE,11.36,11.95,11.36,11.36,1021400,KBS,2026-10-09T04:26:01Z
2022-06-22,CRE,11.36,11.98,11.36,11.95,154100,KBS,2026-10-09T04:26:01Z
2022-06-23,CRE,11.95,12.07,11.77,11.95,133000,KBS,2026-10-09T04:26:01Z
2022-06-24,CRE,12.3,12.3,12.04,12.16,460000,KBS,2026-10-09T04:26:01Z
2022-06-27,CRE,12.16,12.8,11.8,12.8,294900,KBS,2026-10-09T04:26:01Z
2022-06-28,CRE,12.71,12.89,12.36,12.89,315200,KBS,2026-10-09T04:26:01Z
2022-06-29,CRE,12.66,13.24,12.24,13.24,439400,KBS,2026-10-09T04:26:01Z
2022-06-30,CRE,12.95,13.19,12.63,12.95,331900,KBS,2026-10-09T04:26:01Z
2022-07-01,CRE,12.36,12.95,12.13,12.95,330200,KBS,2026-10-09T04:26:01Z
2022-07-04,CRE,12.48,12.89,12.48,12.66,78300,KBS,2026-10-09T04:26:01Z
2022-07-05,CRE,12.69,12.69,12.24,12.66,231000,KBS,2026-10-09T04:26:01Z
2022-07-06,CRE,12.16,12.36,11.83,11.83,133700,KBS,2026-10-09T04:26:01Z
2022-07-07,CRE,11.77,12.07,11.66,12.07,158900,KBS,2026-10-09T04:26:01Z
2022-07-08,CRE,12.57,12.77,11.77,12.42,107900,KBS,2026-10-09T04:26:01Z
2022-07-11,CRE,12.42,12.74,12.13,12.6,149800,KBS,2026-10-09T04:26:01Z
2022-07-12,CRE,12.33,12.95,12.33,12.92,179900,KBS,2026-10-09T04:26:01Z
2022-07-13,CRE,13.01,13.01,12.89,13.01,142500,KBS,2026-10-09T04:26:01Z
2022-07-14,CRE,12.95,13.89,12.95,13.89,360400,KBS,2026-10-09T04:26:01Z
2022-07-15,CRE,14.86,14.86,14.86,14.86,133100,KBS,2026-10-09T04:26:01Z
2022-07-18,CRE,15.89,15.89,14.63,15.13,413000,KBS,2026-10-09T04:26:01Z
2022-07-19,CRE,15.13,15.13,14.57,15.01,143100,KBS,2026-10-09T04:26:01Z
2022-07-20,CRE,15.13,15.3,14.89,15.28,286600,KBS,2026-10-09T04:26:01Z
2022-07-21,CRE,15.16,15.3,14.95,15.3,135100,KBS,2026-10-09T04:26:01Z
2022-07-22,CRE,15.25,15.25,15.01,15.19,121100,KBS,2026-10-09T04:26:01Z
2022-07-25,CRE,15.19,15.19,14.75,15.01,155700,KBS,2026-10-09T04:26:01Z
2022-07-26,CRE,14.95,15.19,14.89,14.98,131300,KBS,2026-10-09T04:26:01Z
2022-07-27,CRE,14.92,14.98,14.75,14.98,160000,KBS,2026-10-09T04:26:01Z
2022-07-28,CRE,15.07,15.25,15.04,15.25,249400,KBS,2026-10-09T04:26:01Z
2022-07-29,CRE,15.3,15.51,15.16,15.25,338100,KBS,2026-10-09T04:26:01Z
2022-08-01,CRE,15.25,15.36,14.98,15.3,326600,KBS,2026-10-09T04:26:01Z
2022-08-02,CRE,15.6,15.6,15.19,15.28,336900,KBS,2026-10-09T04:26:01Z
2022-08-03,CRE,15.3,15.48,15.22,15.39,195900,KBS,2026-10-09T04:26:01Z
2022-08-04,CRE,15.51,16.45,15.36,16.31,424500,KBS,2026-10-09T04:26:01Z
2022-08-05,CRE,16.28,16.6,16.28,16.34,233500,KBS,2026-10-09T04:26:01Z
2022-08-08,CRE,16.39,17.13,16.39,17.07,603200,KBS,2026-10-09T04:26:01Z
2022-08-09,CRE,17.07,17.22,16.75,16.84,507900,KBS,2026-10-09T04:26:01Z
2022-08-10,CRE,16.98,16.98,16.48,16.72,446400,KBS,2026-10-09T04:26:01Z
2022-08-11,CRE,16.78,17.01,16.45,16.6,444500,KBS,2026-10-09T04:26:01Z
2022-08-12,CRE,16.48,16.66,16.31,16.6,657900,KBS,2026-10-09T04:26:01Z
2022-08-15,CRE,17.75,17.75,17.75,17.75,518300,KBS,2026-10-09T04:26:01Z
2022-08-16,CRE,18.2,18.3,17.7,17.8,678900,KBS,2026-10-09T04:26:01Z
2022-08-17,CRE,17.6,17.6,17.2,17.4,554600,KBS,2026-10-09T04:26:01Z
2022-08-18,CRE,17.15,17.3,16.65,16.9,520700,KBS,2026-10-09T04:26:01Z
2022-08-19,CRE,16.8,17.1,16.55,16.8,364100,KBS,2026-10-09T04:26:01Z
2022-08-22,CRE,16.75,16.8,16.55,16.75,258200,KBS,2026-10-09T04:26:01Z
2022-08-23,CRE,16.7,16.7,15.85,16.5,421200,KBS,2026-10-09T04:26:01Z
2022-08-24,CRE,16.55,16.7,16.35,16.45,283600,KBS,2026-10-09T04:26:01Z
2022-08-25,CRE,16.6,16.65,16.15,16.35,249800,KBS,2026-10-09T04:26:01Z
2022-08-26,CRE,16.4,16.4,15.85,16.3,543500,KBS,2026-10-09T04:26:01Z
2022-08-29,CRE,16.15,16.15,15.4,15.6,277700,KBS,2026-10-09T04:26:01Z
2022-08-30,CRE,15.6,15.95,15.55,15.75,155600,KBS,2026-10-09T04:26:01Z
2022-08-31,CRE,15.5,15.85,15.4,15.85,121600,KBS,2026-10-09T04:26:01Z
2022-09-05,CRE,15.8,15.95,15.75,15.9,158800,KBS,2026-10-09T04:26:01Z
2022-09-06,CRE,15.95,16.2,15.85,15.85,240400,KBS,2026-10-09T04:26:01Z
2022-09-07,CRE,15.85,15.85,15.0,15.1,208700,KBS,2026-10-09T04:26:01Z
2022-09-08,CRE,15.0,15.45,14.75,15.0,227100,KBS,2026-10-09T04:26:01Z
2022-09-09,CRE,15.35,15.35,14.7,15.0,176100,KBS,2026-10-09T04:26:01Z
2022-09-12,CRE,15.0,15.3,14.85,14.95,145400,KBS,2026-10-09T04:26:01Z
2022-09-13,CRE,14.9,15.05,14.6,14.8,175200,KBS,2026-10-09T04:26:01Z
2022-09-14,CRE,14.8,14.8,14.55,14.6,105000,KBS,2026-10-09T04:26:01Z
2022-09-15,CRE,14.9,14.9,14.55,14.7,84300,KBS,2026-10-09T04:26:01Z
2022-09-16,CRE,14.7,14.8,14.55,14.75,164300,KBS,2026-10-09T04:26:01Z
2022-09-19,CRE,14.55,14.75,14.4,14.75,156500,KBS,2026-10-09T04:26:01Z
2022-09-20,CRE,14.75,14.9,14.4,14.9,162200,KBS,2026-10-09T04:26:01Z
2022-09-21,CRE,14.9,14.95,14.7,14.9,141100,KBS,2026-10-09T04:26:01Z
2022-09-22,CRE,14.9,15.0,14.55,15.0,130800,KBS,2026-10-09T04:26:01Z
2022-09-23,CRE,15.0,15.0,14.8,14.9,111800,KBS,2026-10-09T04:26:01Z
2022-09-26,CRE,14.9,14.9,14.5,14.65,147400,KBS,2026-10-09T04:26:01Z
2022-09-27,CRE,14.65,14.9,14.5,14.85,146400,KBS,2026-10-09T04:26:01Z
2022-09-28,CRE,14.8,14.85,14.6,14.8,134300,KBS,2026-10-09T04:26:01Z
2022-09-29,CRE,14.9,14.9,14.7,14.8,126300,KBS,2026-10-09T04:26:01Z
2022-09-30,CRE,14.75,14.75,13.95,14.5,174600,KBS,2026-10-09T04:26:01Z
2022-10-03,CRE,14.5,14.5,13.5,14.0,126400,KBS,2026-10-09T04:26:01Z
2022-10-04,CRE,14.0,14.0,13.1,13.25,172500,KBS,2026-10-09T04:26:01Z
2022-10-05,CRE,13.25,14.1,12.8,14.1,553700,KBS,2026-10-09T04:26:01Z
2022-10-06,CRE,14.1,14.1,13.55,13.9,102800,KBS,2026-10-09T04:26:01Z
2022-10-07,CRE,13.9,13.95,13.05,13.5,109300,KBS,2026-10-09T04:26:01Z
2022-10-10,CRE,13.0,13.1,12.6,12.95,172100,KBS,2026-10-09T04:26:01Z
2022-10-11,CRE,13.25,13.25,12.7,12.95,258000,KBS,2026-10-09T04:26:01Z
2022-10-12,CRE,12.8,13.2,12.5,13.1,105700,KBS,2026-10-09T04:26:01Z
2022-10-13,CRE,13.1,13.1,12.95,13.05,103900,KBS,2026-10-09T04:26:01Z
2022-10-14,CRE,13.1,13.5,13.1,13.45,107100,KBS,2026-10-09T04:26:01Z
2022-10-17,CRE,13.4,13.55,13.0,13.5,86000,KBS,2026-10-09T04:26:01Z
2022-10-18,CRE,13.65,13.65,13.35,13.45,159400,KBS,2026-10-09T04:26:01Z
2022-10-19,CRE,13.5,13.5,13.2,13.5,101800,KBS,2026-10-09T04:26:01Z
2022-10-20,CRE,13.4,13.45,13.3,13.45,102800,KBS,2026-10-09T04:26:01Z
2022-10-21,CRE,13.35,13.35,12.65,12.85,171400,KBS,2026-10-09T04:26:01Z
2022-10-24,CRE,12.25,12.8,12.0,12.0,127700,KBS,2026-10-09T04:26:01Z
2022-10-25,CRE,11.2,12.0,11.2,12.0,150500,KBS,2026-10-09T04:26:01Z
2022-10-26,CRE,12.0,12.5,11.65,12.0,181700,KBS,2026-10-09T04:26:01Z
2022-10-27,CRE,11.45,12.5,11.45,12.4,155300,KBS,2026-10-09T04:26:01Z
2022-10-28,CRE,12.5,13.0,12.2,12.5,116700,KBS,2026-10-09T04:26:01Z
2022-10-31,CRE,12.6,12.6,12.05,12.55,100600,KBS,2026-10-09T04:26:01Z
2022-11-01,CRE,12.5,12.6,12.15,12.3,115300,KBS,2026-10-09T04:26:01Z
2022-11-02,CRE,12.2,12.5,12.2,12.35,114700,KBS,2026-10-09T04:26:01Z
2022-11-03,CRE,12.2,12.5,12.1,12.3,129900,KBS,2026-10-09T04:26:01Z
2022-11-04,CRE,12.1,12.6,11.95,12.0,119000,KBS,2026-10-09T04:26:01Z
2022-11-07,CRE,12.0,12.0,11.2,11.4,128300,KBS,2026-10-09T04:26:01Z
2022-11-08,CRE,10.8,11.4,10.8,11.2,105700,KBS,2026-10-09T04:26:01Z
2022-11-09,CRE,11.0,11.9,10.95,11.35,151100,KBS,2026-10-09T04:26:01Z
2022-11-10,CRE,10.9,11.3,10.6,10.6,116200,KBS,2026-10-09T04:26:01Z
2022-11-11,CRE,9.86,10.5,9.86,10.5,193300,KBS,2026-10-09T04:26:01Z
2022-11-14,CRE,9.77,10.25,9.77,10.25,244400,KBS,2026-10-09T04:26:01Z
2022-11-15,CRE,9.54,9.8,9.54,9.8,185100,KBS,2026-10-09T04:26:01Z
2022-11-16,CRE,9.12,10.45,9.12,10.45,172200,KBS,2026-10-09T04:26:01Z
2022-11-17,CRE,10.4,10.55,10.2,10.5,101600,KBS,2026-10-09T04:26:01Z
2022-11-18,CRE,9.96,10.65,9.96,10.5,118400,KBS,2026-10-09T04:26:01Z
2022-11-21,CRE,10.5,10.5,10.25,10.5,121500,KBS,2026-10-09T04:26:01Z
2022-11-22,CRE,10.0,10.55,10.0,10.5,106700,KBS,2026-10-09T04:26:01Z
2022-11-23,CRE,10.4,10.45,10.1,10.45,101000,KBS,2026-10-09T04:26:01Z
2022-11-24,CRE,10.5,10.5,9.87,10.3,117100,KBS,2026-10-09T04:26:01Z
2022-11-25,CRE,9.58,10.5,9.58,10.5,321200,KBS,2026-10-09T04:26:01Z
2022-11-28,CRE,10.9,10.9,10.3,10.9,203200,KBS,2026-10-09T04:26:01Z
2022-11-29,CRE,10.9,11.4,10.55,11.0,279900,KBS,2026-10-09T04:26:01Z
2022-11-30,CRE,10.8,11.1,10.8,11.1,215200,KBS,2026-10-09T04:26:01Z
2022-12-01,CRE,11.1,11.85,11.1,11.85,875900,KBS,2026-10-09T04:26:01Z
2022-12-02,CRE,11.85,12.2,11.5,11.9,188500,KBS,2026-10-09T04:26:01Z
2022-12-05,CRE,12.25,12.65,11.85,12.45,616800,KBS,2026-10-09T04:26:01Z
2022-12-06,CRE,12.1,12.2,11.6,11.6,278200,KBS,2026-10-09T04:26:01Z
2022-12-07,CRE,10.95,11.3,10.8,10.8,216200,KBS,2026-10-09T04:26:01Z
2022-12-08,CRE,10.9,11.2,10.5,10.8,303700,KBS,2026-10-09T04:26:01Z
2022-12-09,CRE,10.6,10.8,10.45,10.75,145400,KBS,2026-10-09T04:26:01Z
2022-12-12,CRE,10.75,11.0,10.4,10.4,214200,KBS,2026-10-09T04:26:01Z
2022-12-13,CRE,10.5,10.5,9.85,10.2,203600,KBS,2026-10-09T04:26:01Z
2022-12-14,CRE,10.5,10.65,10.15,10.4,192300,KBS,2026-10-09T04:26:01Z
2022-12-15,CRE,10.2,10.45,10.2,10.25,107600,KBS,2026-10-09T04:26:01Z
2022-12-16,CRE,10.35,10.35,10.0,10.25,111900,KBS,2026-10-09T04:26:01Z
2022-12-19,CRE,10.25,10.35,10.1,10.1,129000,KBS,2026-10-09T04:26:01Z
2022-12-20,CRE,10.1,10.1,9.41,9.45,211100,KBS,2026-10-09T04:26:01Z
2022-12-21,CRE,9.45,9.6,9.3,9.6,136800,KBS,2026-10-09T04:26:01Z
2022-12-22,CRE,9.61,9.85,9.59,9.7,108700,KBS,2026-10-09T04:26:01Z
2022-12-23,CRE,9.03,9.3,9.03,9.03,556400,KBS,2026-10-09T04:26:01Z
2022-12-26,CRE,9.0,9.3,8.4,9.3,531600,KBS,2026-10-09T04:26:01Z
2022-12-27,CRE,8.9,9.5,8.71,9.5,377900,KBS,2026-10-09T04:26:01Z
2022-12-28,CRE,9.5,9.7,9.13,9.7,250500,KBS,2026-10-09T04:26:01Z
2022-12-29,CRE,9.5,10.0,9.15,10.0,346900,KBS,2026-10-09T04:26:01Z
2022-12-30,CRE,9.89,10.3,9.65,10.3,562500,KBS,2026-10-09T04:26:01Z
2023-01-03,CRE,9.9,10.25,9.9,9.9,509200,KBS,2026-10-09T04:26:01Z
2023-01-04,CRE,9.91,10.05,9.75,9.9,172200,KBS,2026-10-09T04:26:01Z
2023-01-05,CRE,9.81,9.89,9.65,9.65,178400,KBS,2026-10-09T04:26:01Z
2023-01-06,CRE,9.6,9.6,9.32,9.4,267600,KBS,2026-10-09T04:26:01Z
2023-01-09,CRE,9.5,9.5,8.82,8.82,241100,KBS,2026-10-09T04:26:01Z
2023-01-10,CRE,8.69,8.81,8.59,8.66,202500,KBS,2026-10-09T04:26:01Z
2023-01-11,CRE,8.75,8.84,8.66,8.7,162900,KBS,2026-10-09T04:26:01Z
2023-01-12,CRE,8.71,8.89,8.66,8.66,107300,KBS,2026-10-09T04:26:01Z
2023-01-13,CRE,8.84,8.84,8.58,8.59,140800,KBS,2026-10-09T04:26:01Z
2023-01-16,CRE,8.66,8.66,8.3,8.3,133800,KBS,2026-10-09T04:26:01Z
2023-01-17,CRE,8.33,8.34,8.12,8.19,309600,KBS,2026-10-09T04:26:01Z
2023-01-18,CRE,8.25,8.63,8.24,8.62,188500,KBS,2026-10-09T04:26:01Z
2023-01-19,CRE,8.69,8.69,8.53,8.56,159600,KBS,2026-10-09T04:26:01Z
2023-01-27,CRE,8.56,8.69,8.56,8.65,155200,KBS,2026-10-09T04:26:01Z
2023-01-30,CRE,8.66,9.25,8.51,9.0,377800,KBS,2026-10-09T04:26:01Z
2023-01-31,CRE,9.05,9.2,8.8,8.94,281800,KBS,2026-10-09T04:26:01Z
2023-02-01,CRE,9.0,9.19,8.65,8.8,479300,KBS,2026-10-09T04:26:01Z
2023-02-02,CRE,8.8,8.8,8.5,8.5,186200,KBS,2026-10-09T04:26:01Z
2023-02-03,CRE,8.5,8.59,8.2,8.2,220700,KBS,2026-10-09T04:26:01Z
2023-02-06,CRE,8.2,8.4,8.02,8.26,491400,KBS,2026-10-09T04:26:01Z
2023-02-07,CRE,8.22,8.4,8.2,8.2,482000,KBS,2026-10-09T04:26:01Z
2023-02-08,CRE,8.2,8.25,8.0,8.14,173700,KBS,2026-10-09T04:26:01Z
2023-02-09,CRE,8.19,8.19,7.85,7.86,394500,KBS,2026-10-09T04:26:01Z
2023-02-10,CRE,7.9,7.9,7.31,7.31,755800,KBS,2026-10-09T04:26:01Z
2023-02-13,CRE,6.96,7.09,6.8,6.8,982900,KBS,2026-10-09T04:26:01Z
2023-02-14,CRE,6.53,6.83,6.47,6.7,295400,KBS,2026-10-09T04:26:01Z
2023-02-15,CRE,6.62,7.1,6.62,6.99,245900,KBS,2026-10-09T04:26:01Z
2023-02-16,CRE,7.0,7.2,6.98,7.08,164300,KBS,2026-10-09T04:26:01Z
2023-02-17,CRE,7.09,7.24,7.05,7.09,213500,KBS,2026-10-09T04:26:01Z
2023-02-20,CRE,7.0,7.58,7.0,7.51,649100,KBS,2026-10-09T04:26:01Z
2023-02-21,CRE,7.65,7.75,7.46,7.46,268500,KBS,2026-10-09T04:26:01Z
2023-02-22,CRE,7.22,7.34,6.99,6.99,415400,KBS,2026-10-09T04:26:01Z
2023-02-23,CRE,7.0,7.1,6.76,6.85,222400,KBS,2026-10-09T04:26:01Z
2023-02-24,CRE,6.99,6.99,6.63,6.63,261400,KBS,2026-10-09T04:26:01Z
2023-02-27,CRE,6.2,6.7,6.2,6.41,193800,KBS,2026-10-09T04:26:01Z
2023-02-28,CRE,6.7,6.7,6.42,6.48,181300,KBS,2026-10-09T04:26:01Z
2023-03-01,CRE,6.48,6.55,6.3,6.55,137000,KBS,2026-10-09T04:26:01Z
2023-03-02,CRE,6.49,6.6,6.49,6.5,99200,KBS,2026-10-09T04:26:01Z
2023-03-03,CRE,6.5,6.6,6.3,6.3,170200,KBS,2026-10-09T04:26:01Z
2023-03-06,CRE,6.41,6.74,6.41,6.74,359800,KBS,2026-10-09T04:26:01Z
2023-03-07,CRE,6.99,6.99,6.6,6.6,201800,KBS,2026-10-09T04:26:01Z
2023-03-08,CRE,6.6,6.8,6.41,6.8,120400,KBS,2026-10-09T04:26:01Z
2023-03-09,CRE,6.91,6.98,6.85,6.88,139300,KBS,2026-10-09T04:26:01Z
2023-03-10,CRE,6.85,6.85,6.65,6.66,148700,KBS,2026-10-09T04:26:01Z
2023-03-13,CRE,6.41,6.81,6.41,6.8,190000,KBS,2026-10-09T04:26:01Z
2023-03-14,CRE,6.8,6.95,6.57,6.75,238700,KBS,2026-10-09T04:26:01Z
2023-03-15,CRE,7.0,7.2,6.99,7.2,448900,KBS,2026-10-09T04:26:01Z
2023-03-16,CRE,7.24,7.24,6.91,7.09,181200,KBS,2026-10-09T04:26:01Z
2023-03-17,CRE,7.3,7.3,7.05,7.06,142300,KBS,2026-10-09T04:26:01Z
2023-03-20,CRE,7.05,7.11,6.95,7.0,112300,KBS,2026-10-09T04:26:01Z
2023-03-21,CRE,6.98,7.19,6.98,7.04,105900,KBS,2026-10-09T04:26:01Z
2023-03-22,CRE,7.17,7.17,7.0,7.01,149300,KBS,2026-10-09T04:26:01Z
2023-03-23,CRE,7.02,7.1,7.0,7.09,115500,KBS,2026-10-09T04:26:01Z
2023-03-24,CRE,7.19,7.2,7.1,7.1,206000,KBS,2026-10-09T04:26:01Z
2023-03-27,CRE,7.1,7.15,7.01,7.09,343600,KBS,2026-10-09T04:26:01Z
2023-03-28,CRE,7.1,7.18,7.02,7.07,299200,KBS,2026-10-09T04:26:01Z
2023-03-29,CRE,7.09,7.1,7.03,7.06,255800,KBS,2026-10-09T04:26:01Z
2023-03-30,CRE,7.06,7.1,7.01,7.04,333900,KBS,2026-10-09T04:26:01Z
2023-03-31,CRE,7.06,7.06,6.99,7.04,342400,KBS,2026-10-09T04:26:01Z
2023-04-03,CRE,7.11,7.45,7.11,7.45,678100,KBS,2026-10-09T04:26:01Z
2023-04-04,CRE,7.47,7.65,7.4,7.45,607300,KBS,2026-10-09T04:26:01Z
2023-04-05,CRE,7.49,7.6,7.44,7.59,539600,KBS,2026-10-09T04:26:01Z
2023-04-06,CRE,7.68,7.97,7.6,7.6,825800,KBS,2026-10-09T04:26:01Z
2023-04-07,CRE,7.75,7.8,7.51,7.62,424800,KBS,2026-10-09T04:26:01Z
2023-04-10,CRE,7.62,7.92,7.6,7.68,355100,KBS,2026-10-09T04:26:01Z
2023-04-11,CRE,7.6,7.7,7.5,7.68,363000,KBS,2026-10-09T04:26:01Z
2023-04-12,CRE,7.61,7.7,7.56,7.6,329600,KBS,2026-10-09T04:26:01Z
2023-04-13,CRE,7.7,7.7,7.55,7.63,272300,KBS,2026-10-09T04:26:01Z
2023-04-14,CRE,7.63,7.63,7.4,7.4,338000,KBS,2026-10-09T04:26:01Z
2023-04-17,CRE,7.4,7.4,7.24,7.3,279100,KBS,2026-10-09T04:26:01Z
2023-04-18,CRE,7.3,7.43,7.3,7.41,237700,KBS,2026-10-09T04:26:01Z
2023-04-19,CRE,7.57,7.57,7.23,7.31,293800,KBS,2026-10-09T04:26:01Z
2023-04-20,CRE,7.3,7.33,7.25,7.3,233900,KBS,2026-10-09T04:26:01Z
2023-04-21,CRE,7.3,7.39,7.25,7.39,213500,KBS,2026-10-09T04:26:01Z
2023-04-24,CRE,7.4,7.4,7.26,7.28,87900,KBS,2026-10-09T04:26:01Z
2023-04-25,CRE,7.4,7.4,7.23,7.23,128700,KBS,2026-10-09T04:26:01Z
2023-04-26,CRE,7.21,7.28,7.15,7.28,83000,KBS,2026-10-09T04:26:01Z
2023-04-27,CRE,7.66,7.66,7.4,7.43,244300,KBS,2026-10-09T04:26:01Z
2023-04-28,CRE,7.6,7.6,7.48,7.54,173900,KBS,2026-10-09T04:26:01Z
2023-05-04,CRE,7.54,7.68,7.5,7.56,243900,KBS,2026-10-09T04:26:01Z
2023-05-05,CRE,7.55,7.6,7.5,7.51,195100,KBS,2026-10-09T04:26:01Z
2023-05-08,CRE,7.52,7.9,7.52,7.85,608900,KBS,2026-10-09T04:26:01Z
2023-05-09,CRE,7.94,7.94,7.84,7.92,409300,KBS,2026-10-09T04:26:01Z
2023-05-10,CRE,7.92,8.31,7.92,8.3,766500,KBS,2026-10-09T04:26:01Z
2023-05-11,CRE,8.31,8.55,8.31,8.43,504400,KBS,2026-10-09T04:26:01Z
2023-05-12,CRE,8.42,8.45,8.25,8.43,452700,KBS,2026-10-09T04:26:01Z
2023-05-15,CRE,8.43,8.45,8.27,8.27,590400,KBS,2026-10-09T04:26:01Z
2023-05-16,CRE,8.15,8.35,8.15,8.2,220000,KBS,2026-10-09T04:26:01Z
2023-05-17,CRE,8.21,8.35,8.1,8.1,382900,KBS,2026-10-09T04:26:01Z
2023-05-18,CRE,8.1,8.19,8.05,8.14,217600,KBS,2026-10-09T04:26:01Z
2023-05-19,CRE,8.16,8.2,8.0,8.1,322500,KBS,2026-10-09T04:26:01Z
2023-05-22,CRE,8.12,8.29,8.1,8.2,379500,KBS,2026-10-09T04:26:01Z
2023-05-23,CRE,8.32,8.32,8.15,8.15,220500,KBS,2026-10-09T04:26:01Z
2023-05-24,CRE,8.35,8.35,8.1,8.12,552400,KBS,2026-10-09T04:26:01Z
2023-05-25,CRE,8.1,8.12,8.03,8.05,374300,KBS,2026-10-09T04:26:01Z
2023-05-26,CRE,8.14,8.14,8.05,8.11,235800,KBS,2026-10-09T04:26:01Z
2023-05-29,CRE,8.47,8.47,8.11,8.15,2112600,KBS,2026-10-09T04:26:01Z
2023-05-30,CRE,8.17,8.7,8.15,8.54,6689000,KBS,2026-10-09T04:26:01Z
2023-05-31,CRE,9.0,9.13,8.85,9.13,1887600,KBS,2026-10-09T04:26:01Z
2023-06-01,CRE,9.73,9.76,9.25,9.25,4830000,KBS,2026-10-09T04:26:01Z
2023-06-02,CRE,9.6,9.6,8.92,9.0,4039900,KBS,2026-10-09T04:26:01Z
2023-06-05,CRE,9.1,9.29,8.68,8.7,3145600,KBS,2026-10-09T04:26:01Z
2023-06-06,CRE,8.72,9.3,8.72,9.3,2100100,KBS,2026-10-09T04:26:01Z
2023-06-07,CRE,9.35,9.57,9.2,9.41,2046100,KBS,2026-10-09T04:26:01Z
2023-06-08,CRE,9.48,9.48,9.0,9.0,2403300,KBS,2026-10-09T04:26:01Z
2023-06-09,CRE,9.0,9.07,8.71,9.0,1645200,KBS,2026-10-09T04:26:01Z
2023-06-12,CRE,9.05,9.58,9.0,9.51,2226900,KBS,2026-10-09T04:26:01Z
2023-06-13,CRE,9.59,9.95,9.53,9.6,2423600,KBS,2026-10-09T04:26:01Z
2023-06-14,CRE,9.76,9.77,9.22,9.23,1800900,KBS,2026-10-09T04:26:01Z
2023-06-15,CRE,9.23,9.3,9.1,9.19,1014300,KBS,2026-10-09T04:26:01Z
2023-06-16,CRE,9.3,9.46,9.1,9.1,1448300,KBS,2026-10-09T04:26:01Z
2023-06-19,CRE,9.1,9.15,8.79,8.8,1680800,KBS,2026-10-09T04:26:01Z
2023-06-20,CRE,8.8,9.04,8.79,8.95,797800,KBS,2026-10-09T04:26:01Z
2023-06-21,CRE,8.95,9.08,8.93,9.06,959400,KBS,2026-10-09T04:26:01Z
2023-06-22,CRE,9.2,9.2,9.07,9.15,1383800,KBS,2026-10-09T04:26:01Z
2023-06-23,CRE,9.2,9.35,9.07,9.11,1949300,KBS,2026-10-09T04:26:01Z
2023-06-26,CRE,9.23,9.23,8.65,8.9,1156100,KBS,2026-10-09T04:26:01Z
2023-06-27,CRE,8.9,9.04,8.9,8.93,654800,KBS,2026-10-09T04:26:01Z
2023-06-28,CRE,9.04,9.04,8.9,8.92,833500,KBS,2026-10-09T04:26:01Z
2023-06-29,CRE,8.92,8.99,8.68,8.68,1121500,KBS,2026-10-09T04:26:01Z
2023-06-30,CRE,8.62,8.68,8.51,8.59,1244500,KBS,2026-10-09T04:26:01Z
2023-07-03,CRE,8.6,8.64,8.52,8.55,396700,KBS,2026-10-09T04:26:01Z
2023-07-04,CRE,8.54,8.76,8.52,8.76,475500,KBS,2026-10-09T04:26:01Z
2023-07-05,CRE,8.77,8.8,8.65,8.65,580200,KBS,2026-10-09T04:26:01Z
2023-07-06,CRE,8.6,8.63,8.3,8.3,1108700,KBS,2026-10-09T04:26:01Z
2023-07-07,CRE,8.3,8.3,8.0,8.29,873700,KBS,2026-10-09T04:26:01Z
2023-07-10,CRE,8.4,8.65,8.39,8.65,962700,KBS,2026-10-09T04:26:01Z
2023-07-11,CRE,8.71,8.71,8.5,8.5,639600,KBS,2026-10-09T04:26:01Z
2023-07-12,CRE,8.58,8.63,8.48,8.52,523800,KBS,2026-10-09T04:26:01Z
2023-07-13,CRE,8.53,8.99,8.53,8.94,1517200,KBS,2026-10-09T04:26:01Z
2023-07-14,CRE,9.13,9.2,8.81,8.89,1118000,KBS,2026-10-09T04:26:01Z
2023-07-17,CRE,9.02,9.26,8.97,9.2,1768000,KBS,2026-10-09T04:26:01Z
2023-07-18,CRE,9.2,9.2,8.9,9.05,918300,KBS,2026-10-09T04:26:01Z
2023-07-19,CRE,9.05,9.09,8.85,8.85,819800,KBS,2026-10-09T04:26:01Z
2023-07-20,CRE,8.85,9.05,8.78,9.05,875300,KBS,2026-10-09T04:26:01Z
2023-07-21,CRE,9.1,9.59,9.06,9.48,4304900,KBS,2026-10-09T04:26:01Z
2023-07-24,CRE,9.68,9.95,9.49,9.8,3460000,KBS,2026-10-09T04:26:01Z
2023-07-25,CRE,9.8,9.9,9.57,9.68,2294800,KBS,2026-10-09T04:26:01Z
2023-07-26,CRE,9.81,10.2,9.71,10.1,4261100,KBS,2026-10-09T04:26:01Z
2023-07-27,CRE,10.2,10.45,9.92,10.45,3388600,KBS,2026-10-09T04:26:01Z
2023-07-28,CRE,10.3,10.7,10.3,10.6,2681100,KBS,2026-10-09T04:26:01Z
2023-07-31,CRE,10.6,10.6,10.1,10.3,2358900,KBS,2026-10-09T04:26:01Z
2023-08-01,CRE,10.35,10.35,9.95,9.95,3385000,KBS,2026-10-09T04:26:01Z
2023-08-02,CRE,9.95,10.2,9.95,10.2,1435200,KBS,2026-10-09T04:26:01Z
2023-08-03,CRE,10.2,10.25,10.0,10.05,1783900,KBS,2026-10-09T04:26:01Z
2023-08-04,CRE,10.25,10.75,10.1,10.7,3527200,KBS,2026-10-09T04:26:01Z
2023-08-07,CRE,10.8,11.1,10.55,10.9,2384700,KBS,2026-10-09T04:26:01Z
2023-08-08,CRE,11.1,11.1,10.5,10.5,2175300,KBS,2026-10-09T04:26:01Z
2023-08-09,CRE,10.5,10.7,10.3,10.6,1896800,KBS,2026-10-09T04:26:01Z
2023-08-10,CRE,10.55,10.7,10.3,10.3,1666200,KBS,2026-10-09T04:26:01Z
2023-08-11,CRE,10.45,10.45,9.7,10.1,4138700,KBS,2026-10-09T04:26:01Z
2023-08-14,CRE,10.35,10.8,10.25,10.6,2612700,KBS,2026-10-09T04:26:01Z
2023-08-15,CRE,10.7,10.75,10.4,10.4,2212500,KBS,2026-10-09T04:26:01Z
2023-08-16,CRE,10.35,10.5,10.1,10.5,2522700,KBS,2026-10-09T04:26:01Z
2023-08-17,CRE,10.55,10.7,10.3,10.3,2257600,KBS,2026-10-09T04:26:01Z
2023-08-18,CRE,10.0,10.2,9.58,9.58,3397200,KBS,2026-10-09T04:26:01Z
2023-08-21,CRE,9.41,9.58,9.05,9.2,1796500,KBS,2026-10-09T04:26:01Z
2023-08-22,CRE,9.55,9.55,8.9,9.4,1514100,KBS,2026-10-09T04:26:01Z
2023-08-23,CRE,9.5,9.61,9.4,9.45,1004100,KBS,2026-10-09T04:26:01Z
2023-08-24,CRE,9.5,9.85,9.42,9.85,1160900,KBS,2026-10-09T04:26:01Z
2023-08-25,CRE,9.8,9.86,9.67,9.79,1188200,KBS,2026-10-09T04:26:01Z
2023-08-28,CRE,9.79,9.84,9.59,9.83,997700,KBS,2026-10-09T04:26:01Z
2023-08-29,CRE,9.84,10.1,9.8,9.85,1392700,KBS,2026-10-09T04:26:01Z
2023-08-30,CRE,9.82,9.95,9.55,9.75,1320100,KBS,2026-10-09T04:26:01Z
2023-08-31,CRE,9.85,10.25,9.75,10.15,1974200,KBS,2026-10-09T04:26:01Z
2023-09-05,CRE,10.6,10.6,10.25,10.55,2280100,KBS,2026-10-09T04:26:01Z
2023-09-06,CRE,10.6,10.65,10.3,10.6,2501900,KBS,2026-10-09T04:26:01Z
2023-09-07,CRE,10.7,10.95,10.55,10.6,3736600,KBS,2026-10-09T04:26:01Z
2023-09-08,CRE,10.6,10.65,10.35,10.4,1999100,KBS,2026-10-09T04:26:01Z
2023-09-11,CRE,10.5,10.6,9.68,9.8,3008500,KBS,2026-10-09T04:26:01Z
2023-09-12,CRE,9.94,10.15,9.7,10.05,1374700,KBS,2026-10-09T04:26:01Z
2023-09-13,CRE,10.3,10.3,9.71,9.8,2697500,KBS,2026-10-09T04:26:01Z
2023-09-14,CRE,9.8,10.0,9.39,9.4,2670700,KBS,2026-10-09T04:26:01Z
2023-09-15,CRE,9.59,9.6,9.36,9.4,1377300,KBS,2026-10-09T04:26:01Z
2023-09-18,CRE,9.4,9.55,9.2,9.28,1080800,KBS,2026-10-09T04:26:01Z
2023-09-19,CRE,9.3,9.55,9.2,9.55,1165200,KBS,2026-10-09T04:26:01Z
2023-09-20,CRE,9.69,9.79,9.4,9.79,1120600,KBS,2026-10-09T04:26:01Z
2023-09-21,CRE,9.8,9.96,9.6,9.75,1083400,KBS,2026-10-09T04:26:01Z
2023-09-22,CRE,9.41,9.6,9.1,9.33,1445700,KBS,2026-10-09T04:26:01Z
2023-09-25,CRE,9.1,9.4,8.68,8.68,1495600,KBS,2026-10-09T04:26:01Z
2023-09-26,CRE,8.68,8.86,8.5,8.57,1124400,KBS,2026-10-09T04:26:01Z
2023-09-27,CRE,8.5,8.64,8.2,8.64,971400,KBS,2026-10-09T04:26:01Z
2023-09-28,CRE,8.68,8.7,8.3,8.3,673400,KBS,2026-10-09T04:26:01Z
2023-09-29,CRE,8.5,8.55,8.3,8.55,875800,KBS,2026-10-09T04:26:01Z
2023-10-02,CRE,8.68,8.68,8.4,8.4,524800,KBS,2026-10-09T04:26:01Z
2023-10-03,CRE,8.39,8.39,7.82,7.82,1797800,KBS,2026-10-09T04:26:01Z
2023-10-04,CRE,7.34,8.13,7.34,7.91,858200,KBS,2026-10-09T04:26:01Z
2023-10-05,CRE,7.93,8.09,7.7,7.8,655100,KBS,2026-10-09T04:26:01Z
2023-10-06,CRE,7.62,7.88,7.62,7.81,852500,KBS,2026-10-09T04:26:01Z
2023-10-09,CRE,7.81,7.96,7.77,7.94,604900,KBS,2026-10-09T04:26:01Z
2023-10-10,CRE,8.07,8.07,7.94,7.98,654300,KBS,2026-10-09T04:26:01Z
2023-10-11,CRE,7.98,7.98,7.81,7.9,510800,KBS,2026-10-09T04:26:01Z
2023-10-12,CRE,8.0,8.19,7.99,8.03,434900,KBS,2026-10-09T04:26:01Z
2023-10-13,CRE,7.9,8.03,7.81,7.95,481700,KBS,2026-10-09T04:26:01Z
2023-10-16,CRE,7.94,8.05,7.92,7.94,365800,KBS,2026-10-09T04:26:01Z
2023-10-17,CRE,7.94,8.05,7.9,7.9,397700,KBS,2026-10-09T04:26:01Z
2023-10-18,CRE,7.91,7.91,7.35,7.6,750400,KBS,2026-10-09T04:26:01Z
2023-10-19,CRE,7.59,7.6,7.34,7.34,663700,KBS,2026-10-09T04:26:01Z
2023-10-20,CRE,7.34,7.71,7.28,7.63,379100,KBS,2026-10-09T04:26:01Z
2023-10-23,CRE,7.53,7.8,7.5,7.7,316800,KBS,2026-10-09T04:26:01Z
2023-10-24,CRE,7.56,7.8,7.56,7.7,322600,KBS,2026-10-09T04:26:01Z
2023-10-25,CRE,7.89,7.89,7.7,7.7,176400,KBS,2026-10-09T04:26:01Z
2023-10-26,CRE,7.35,7.64,7.17,7.17,1185400,KBS,2026-10-09T04:26:01Z
2023-10-27,CRE,7.2,7.32,6.9,7.3,492400,KBS,2026-10-09T04:26:01Z
2023-10-30,CRE,7.3,7.3,7.06,7.06,186800,KBS,2026-10-09T04:26:01Z
2023-10-31,CRE,7.07,7.16,6.85,6.85,440700,KBS,2026-10-09T04:26:01Z
2023-11-01,CRE,6.84,7.0,6.7,6.9,345400,KBS,2026-10-09T04:26:01Z
2023-11-02,CRE,7.0,7.38,6.9,7.38,758800,KBS,2026-10-09T04:26:01Z
2023-11-03,CRE,7.5,7.5,7.26,7.38,384100,KBS,2026-10-09T04:26:01Z
2023-11-06,CRE,7.49,7.5,7.37,7.4,1169900,KBS,2026-10-09T04:26:01Z
2023-11-07,CRE,7.31,7.48,7.31,7.42,967100,KBS,2026-10-09T04:26:01Z
2023-11-08,CRE,7.42,7.93,7.35,7.93,2365500,KBS,2026-10-09T04:26:01Z
2023-11-09,CRE,8.15,8.16,7.96,8.04,4602800,KBS,2026-10-09T04:26:01Z
2023-11-10,CRE,8.03,8.13,7.88,7.93,3827100,KBS,2026-10-09T04:26:01Z
2023-11-13,CRE,7.93,8.05,7.8,8.0,738900,KBS,2026-10-09T04:26:01Z
2023-11-14,CRE,8.05,8.09,7.87,7.9,1178100,KBS,2026-10-09T04:26:01Z
2023-11-15,CRE,8.15,8.15,7.89,7.9,929300,KBS,2026-10-09T04:26:01Z
2023-11-16,CRE,7.9,8.0,7.85,7.95,419800,KBS,2026-10-09T04:26:01Z
2023-11-17,CRE,8.0,8.17,7.86,8.0,2097000,KBS,2026-10-09T04:26:01Z
2023-11-20,CRE,7.9,7.95,7.6,7.82,680500,KBS,2026-10-09T04:26:01Z
2023-11-21,CRE,7.98,8.01,7.91,7.95,598200,KBS,2026-10-09T04:26:01Z
2023-11-22,CRE,7.95,8.02,7.9,8.01,671200,KBS,2026-10-09T04:26:01Z
2023-11-23,CRE,8.2,8.2,7.79,7.79,2865800,KBS,2026-10-09T04:26:01Z
2023-11-24,CRE,7.75,7.8,7.55,7.78,796600,KBS,2026-10-09T04:26:01Z
2023-11-27,CRE,7.78,7.89,7.6,7.6,536300,KBS,2026-10-09T04:26:01Z
2023-11-28,CRE,7.6,7.63,7.37,7.51,917600,KBS,2026-10-09T04:26:01Z
2023-11-29,CRE,7.6,7.6,7.5,7.5,542500,KBS,2026-10-09T04:26:01Z
2023-11-30,CRE,7.5,7.7,7.5,7.51,436900,KBS,2026-10-09T04:26:01Z
2023-12-01,CRE,7.7,7.7,7.46,7.52,424100,KBS,2026-10-09T04:26:01Z
2023-12-04,CRE,7.54,7.85,7.54,7.8,941100,KBS,2026-10-09T04:26:01Z
2023-12-05,CRE,7.88,7.93,7.77,7.8,583700,KBS,2026-10-09T04:26:01Z
2023-12-06,CRE,7.82,8.34,7.81,8.34,6035100,KBS,2026-10-09T04:26:01Z
2023-12-07,CRE,8.79,8.79,8.35,8.71,2963700,KBS,2026-10-09T04:26:01Z
2023-12-08,CRE,8.71,8.71,8.39,8.48,1628500,KBS,2026-10-09T04:26:01Z
2023-12-11,CRE,8.55,8.55,8.2,8.3,1048400,KBS,2026-10-09T04:26:01Z
2023-12-12,CRE,8.4,8.4,8.28,8.39,437000,KBS,2026-10-09T04:26:01Z
2023-12-13,CRE,8.39,8.5,8.19,8.19,890300,KBS,2026-10-09T04:26:01Z
2023-12-14,CRE,8.2,8.3,8.1,8.17,684100,KBS,2026-10-09T04:26:01Z
2023-12-15,CRE,8.2,8.22,8.01,8.16,634300,KBS,2026-10-09T04:26:01Z
2023-12-18,CRE,8.2,8.2,8.02,8.02,479100,KBS,2026-10-09T04:26:01Z
2023-12-19,CRE,8.09,8.15,7.81,8.05,692800,KBS,2026-10-09T04:26:01Z
2023-12-20,CRE,8.17,8.17,8.1,8.14,492900,KBS,2026-10-09T04:26:01Z
2023-12-21,CRE,8.12,8.16,8.06,8.16,350100,KBS,2026-10-09T04:26:01Z
2023-12-22,CRE,8.18,8.19,8.1,8.1,337800,KBS,2026-10-09T04:26:01Z
2023-12-25,CRE,8.09,8.45,8.09,8.44,847200,KBS,2026-10-09T04:26:01Z
2023-12-26,CRE,8.4,8.55,8.4,8.5,701900,KBS,2026-10-09T04:26:01Z
2023-12-27,CRE,8.5,8.52,8.4,8.4,346700,KBS,2026-10-09T04:26:01Z
2023-12-28,CRE,8.41,8.46,8.3,8.4,459700,KBS,2026-10-09T04:26:01Z
2023-12-29,CRE,8.4,8.6,8.39,8.6,597600,KBS,2026-10-09T04:26:01Z
2024-01-02,CRE,8.59,8.64,8.52,8.54,970000,KBS,2026-10-09T04:26:01Z
2024-01-03,CRE,8.53,8.6,8.45,8.59,567600,KBS,2026-10-09T04:26:01Z
2024-01-04,CRE,8.6,8.78,8.59,8.66,824500,KBS,2026-10-09T04:26:01Z
2024-01-05,CRE,8.6,8.69,8.5,8.65,547800,KBS,2026-10-09T04:26:01Z
2024-01-08,CRE,8.66,8.87,8.63,8.79,968500,KBS,2026-10-09T04:26:01Z
2024-01-09,CRE,8.94,8.94,8.7,8.79,777500,KBS,2026-10-09T04:26:01Z
2024-01-10,CRE,8.79,8.79,8.43,8.5,689500,KBS,2026-10-09T04:26:01Z
2024-01-11,CRE,8.5,8.58,8.39,8.5,444200,KBS,2026-10-09T04:26:01Z
2024-01-12,CRE,8.48,8.48,8.1,8.26,703000,KBS,2026-10-09T04:26:01Z
2024-01-15,CRE,8.26,8.45,8.25,8.26,272700,KBS,2026-10-09T04:26:01Z
2024-01-16,CRE,8.26,8.43,8.23,8.43,224000,KBS,2026-10-09T04:26:01Z
2024-01-17,CRE,8.4,8.49,8.0,8.27,478900,KBS,2026-10-09T04:26:01Z
2024-01-18,CRE,8.28,8.42,8.27,8.36,222100,KBS,2026-10-09T04:26:01Z
2024-01-19,CRE,8.4,8.47,8.35,8.38,183200,KBS,2026-10-09T04:26:01Z
2024-01-22,CRE,8.39,8.48,8.3,8.48,423800,KBS,2026-10-09T04:26:01Z
2024-01-23,CRE,8.49,8.58,8.3,8.41,239900,KBS,2026-10-09T04:26:01Z
2024-01-24,CRE,8.41,8.47,8.4,8.47,417300,KBS,2026-10-09T04:26:01Z
2024-01-25,CRE,8.5,8.55,8.45,8.46,280400,KBS,2026-10-09T04:26:01Z
2024-01-26,CRE,8.55,8.62,8.45,8.56,482500,KBS,2026-10-09T04:26:01Z
2024-01-29,CRE,8.56,8.74,8.56,8.74,1002600,KBS,2026-10-09T04:26:01Z
2024-01-30,CRE,8.74,8.74,8.55,8.61,417200,KBS,2026-10-09T04:26:01Z
2024-01-31,CRE,8.61,8.65,8.4,8.4,589300,KBS,2026-10-09T04:26:01Z
2024-02-01,CRE,8.27,8.49,8.27,8.37,224400,KBS,2026-10-09T04:26:01Z
2024-02-02,CRE,8.38,8.52,8.38,8.41,233100,KBS,2026-10-09T04:26:01Z
2024-02-05,CRE,8.4,8.5,7.83,8.35,488400,KBS,2026-10-09T04:26:01Z
2024-02-06,CRE,8.35,8.46,8.2,8.26,376100,KBS,2026-10-09T04:26:01Z
2024-02-07,CRE,8.38,8.38,8.25,8.3,319500,KBS,2026-10-09T04:26:01Z
2024-02-15,CRE,8.38,8.49,8.31,8.41,249900,KBS,2026-10-09T04:26:01Z
2024-02-16,CRE,8.4,8.95,8.4,8.84,1619600,KBS,2026-10-09T04:26:01Z
2024-02-19,CRE,8.83,9.08,8.8,9.03,1497800,KBS,2026-10-09T04:26:01Z
2024-02-20,CRE,9.04,9.1,8.9,8.98,749500,KBS,2026-10-09T04:26:01Z
2024-02-21,CRE,8.98,8.98,8.7,8.85,551200,KBS,2026-10-09T04:26:01Z
2024-02-22,CRE,8.9,8.9,8.66,8.82,830800,KBS,2026-10-09T04:26:01Z
2024-02-23,CRE,8.7,8.82,8.5,8.5,1021100,KBS,2026-10-09T04:26:01Z
2024-02-26,CRE,8.5,8.6,8.43,8.6,697700,KBS,2026-10-09T04:26:01Z
2024-02-27,CRE,8.69,8.92,8.66,8.8,495500,KBS,2026-10-09T04:26:01Z
2024-02-28,CRE,8.8,8.85,8.61,8.64,429300,KBS,2026-10-09T04:26:01Z
2024-02-29,CRE,8.6,8.68,8.57,8.6,486800,KBS,2026-10-09T04:26:01Z
2024-03-01,CRE,8.7,8.75,8.6,8.65,421100,KBS,2026-10-09T04:26:01Z
2024-03-04,CRE,8.65,8.87,8.65,8.8,845700,KBS,2026-10-09T04:26:01Z
2024-03-05,CRE,8.8,8.85,8.65,8.69,816200,KBS,2026-10-09T04:26:01Z
2024-03-06,CRE,8.69,8.79,8.5,8.52,626100,KBS,2026-10-09T04:26:01Z
2024-03-07,CRE,8.48,8.64,8.47,8.6,747900,KBS,2026-10-09T04:26:01Z
2024-03-08,CRE,8.6,8.69,8.48,8.49,569100,KBS,2026-10-09T04:26:01Z
2024-03-11,CRE,8.48,8.5,8.32,8.32,582800,KBS,2026-10-09T04:26:01Z
2024-03-12,CRE,8.31,8.38,8.3,8.35,728100,KBS,2026-10-09T04:26:01Z
2024-03-13,CRE,8.35,8.51,8.33,8.41,545900,KBS,2026-10-09T04:26:01Z
2024-03-14,CRE,8.4,8.61,8.4,8.57,962400,KBS,2026-10-09T04:26:01Z
2024-03-15,CRE,8.57,8.8,8.57,8.7,683100,KBS,2026-10-09T04:26:01Z
2024-03-18,CRE,8.72,8.92,8.4,8.69,822800,KBS,2026-10-09T04:26:01Z
2024-03-19,CRE,8.7,8.75,8.6,8.65,821000,KBS,2026-10-09T04:26:01Z
2024-03-20,CRE,8.65,8.76,8.6,8.7,344900,KBS,2026-10-09T04:26:01Z
2024-03-21,CRE,8.75,8.98,8.74,8.98,929800,KBS,2026-10-09T04:26:01Z
2024-03-22,CRE,8.99,9.1,8.81,8.91,730900,KBS,2026-10-09T04:26:01Z
2024-03-25,CRE,8.91,9.09,8.8,8.8,600400,KBS,2026-10-09T04:26:01Z
2024-03-26,CRE,8.7,9.22,8.7,9.22,880800,KBS,2026-10-09T04:26:01Z
2024-03-27,CRE,9.25,9.3,9.03,9.15,479300,KBS,2026-10-09T04:26:01Z
2024-03-28,CRE,9.15,9.16,9.03,9.15,457000,KBS,2026-10-09T04:26:01Z
2024-03-29,CRE,9.11,9.15,8.88,8.98,502400,KBS,2026-10-09T04:26:01Z
2024-04-01,CRE,8.9,9.42,8.82,9.4,1663600,KBS,2026-10-09T04:26:01Z
2024-04-02,CRE,9.4,9.49,9.2,9.21,766800,KBS,2026-10-09T04:26:01Z
2024-04-03,CRE,9.2,9.28,8.9,8.96,1211800,KBS,2026-10-09T04:26:01Z
2024-04-04,CRE,8.96,8.96,8.5,8.6,1992800,KBS,2026-10-09T04:26:01Z
2024-04-05,CRE,8.41,8.83,8.37,8.77,1913300,KBS,2026-10-09T04:26:01Z
2024-04-08,CRE,8.41,8.69,8.41,8.47,761400,KBS,2026-10-09T04:26:01Z
2024-04-09,CRE,8.48,8.66,8.48,8.66,1178800,KBS,2026-10-09T04:26:01Z
2024-04-10,CRE,8.66,8.93,8.66,8.9,1058900,KBS,2026-10-09T04:26:01Z
2024-04-11,CRE,8.8,9.0,8.79,8.9,850100,KBS,2026-10-09T04:26:01Z
2024-04-12,CRE,8.91,9.01,8.9,8.97,605500,KBS,2026-10-09T04:26:01Z
2024-04-15,CRE,8.97,9.06,8.7,8.71,1573800,KBS,2026-10-09T04:26:01Z
2024-04-16,CRE,8.7,8.7,8.11,8.48,978800,KBS,2026-10-09T04:26:01Z
2024-04-17,CRE,8.48,8.55,8.2,8.23,198900,KBS,2026-10-09T04:26:01Z
2024-04-19,CRE,8.23,8.23,7.81,7.89,517000,KBS,2026-10-09T04:26:01Z
2024-04-22,CRE,7.83,8.19,7.83,7.9,241100,KBS,2026-10-09T04:26:01Z
2024-04-23,CRE,7.9,8.07,7.9,8.01,231200,KBS,2026-10-09T04:26:01Z
2024-04-24,CRE,8.05,8.21,8.02,8.02,211300,KBS,2026-10-09T04:26:01Z
2024-04-25,CRE,8.1,8.11,8.02,8.1,93200,KBS,2026-10-09T04:26:01Z
2024-04-26,CRE,8.1,8.1,7.99,8.09,171500,KBS,2026-10-09T04:26:01Z
2024-05-02,CRE,8.0,8.09,7.98,8.09,180100,KBS,2026-10-09T04:26:01Z
2024-05-03,CRE,8.09,8.23,8.09,8.1,218800,KBS,2026-10-09T04:26:01Z
2024-05-06,CRE,8.01,8.3,8.0,8.29,222600,KBS,2026-10-09T04:26:01Z
2024-05-07,CRE,8.4,8.4,8.2,8.27,100600,KBS,2026-10-09T04:26:01Z
2024-05-08,CRE,8.27,8.3,8.1,8.15,175300,KBS,2026-10-09T04:26:01Z
2024-05-09,CRE,8.15,8.29,8.14,8.18,117100,KBS,2026-10-09T04:26:01Z
2024-05-10,CRE,8.18,8.25,8.01,8.19,207200,KBS,2026-10-09T04:26:01Z
2024-05-13,CRE,8.18,8.76,8.18,8.33,241300,KBS,2026-10-09T04:26:01Z
2024-05-14,CRE,8.33,8.55,8.23,8.42,169200,KBS,2026-10-09T04:26:01Z
2024-05-15,CRE,8.43,8.55,8.37,8.44,143600,KBS,2026-10-09T04:26:01Z
2024-05-16,CRE,8.5,8.5,8.37,8.44,165300,KBS,2026-10-09T04:26:01Z
2024-05-17,CRE,8.38,8.44,8.3,8.44,209800,KBS,2026-10-09T04:26:01Z
2024-05-20,CRE,8.46,8.65,8.44,8.56,472200,KBS,2026-10-09T04:26:01Z
2024-05-21,CRE,8.65,8.65,8.45,8.5,260600,KBS,2026-10-09T04:26:01Z
2024-05-22,CRE,8.5,8.53,8.4,8.44,354000,KBS,2026-10-09T04:26:01Z
2024-05-23,CRE,8.44,8.5,8.34,8.49,295100,KBS,2026-10-09T04:26:01Z
2024-05-24,CRE,8.47,8.49,8.2,8.2,350500,KBS,2026-10-09T04:26:01Z
2024-05-27,CRE,8.15,8.43,8.15,8.18,184000,KBS,2026-10-09T04:26:01Z
2024-05-28,CRE,8.2,8.32,8.06,8.07,687000,KBS,2026-10-09T04:26:01Z
2024-05-29,CRE,8.32,8.32,8.11,8.16,361800,KBS,2026-10-09T04:26:01Z
2024-05-30,CRE,8.1,8.16,8.04,8.14,457200,KBS,2026-10-09T04:26:01Z
2024-05-31,CRE,8.14,8.2,8.04,8.08,364700,KBS,2026-10-09T04:26:01Z
2024-06-03,CRE,8.1,8.32,8.1,8.12,479200,KBS,2026-10-09T04:26:01Z
2024-06-04,CRE,8.17,8.2,8.12,8.13,150100,KBS,2026-10-09T04:26:01Z
2024-06-05,CRE,8.13,8.23,8.13,8.18,283700,KBS,2026-10-09T04:26:01Z
2024-06-06,CRE,8.2,8.26,8.12,8.13,233600,KBS,2026-10-09T04:26:01Z
2024-06-07,CRE,8.13,8.18,8.12,8.14,144600,KBS,2026-10-09T04:26:01Z
2024-06-10,CRE,8.14,8.3,8.12,8.14,226500,KBS,2026-10-09T04:26:01Z
2024-06-11,CRE,8.14,8.16,8.08,8.09,213000,KBS,2026-10-09T04:26:01Z
2024-06-12,CRE,8.19,8.19,8.09,8.13,183700,KBS,2026-10-09T04:26:01Z
2024-06-13,CRE,8.18,8.25,8.15,8.21,338700,KBS,2026-10-09T04:26:01Z
2024-06-14,CRE,8.21,8.24,8.14,8.14,169400,KBS,2026-10-09T04:26:01Z
2024-06-17,CRE,8.14,8.16,8.05,8.08,257000,KBS,2026-10-09T04:26:01Z
2024-06-18,CRE,8.1,8.11,8.06,8.07,177000,KBS,2026-10-09T04:26:01Z
2024-06-19,CRE,8.05,8.1,8.01,8.05,147700,KBS,2026-10-09T04:26:01Z
2024-06-20,CRE,8.1,8.1,7.9,8.02,136800,KBS,2026-10-09T04:26:01Z
2024-06-21,CRE,8.1,8.1,7.9,7.9,164200,KBS,2026-10-09T04:26:01Z
2024-06-24,CRE,7.86,8.0,7.76,7.77,219500,KBS,2026-10-09T04:26:01Z
2024-06-25,CRE,7.76,7.9,7.76,7.81,72400,KBS,2026-10-09T04:26:01Z
2024-06-26,CRE,7.8,7.9,7.8,7.9,62300,KBS,2026-10-09T04:26:01Z
2024-06-27,CRE,7.9,8.0,7.82,8.0,113400,KBS,2026-10-09T04:26:01Z
2024-06-28,CRE,7.94,8.0,7.83,8.0,104700,KBS,2026-10-09T04:26:01Z
2024-07-01,CRE,8.08,8.08,7.84,7.9,104300,KBS,2026-10-09T04:26:01Z
2024-07-02,CRE,7.91,7.95,7.9,7.9,42800,KBS,2026-10-09T04:26:01Z
2024-07-03,CRE,8.0,8.04,7.9,7.94,79300,KBS,2026-10-09T04:26:01Z
2024-07-04,CRE,7.94,7.94,7.9,7.94,84300,KBS,2026-10-09T04:26:01Z
2024-07-05,CRE,7.94,7.94,7.83,7.9,117200,KBS,2026-10-09T04:26:01Z
2024-07-08,CRE,7.82,7.9,7.71,7.71,211300,KBS,2026-10-09T04:26:01Z
2024-07-09,CRE,7.56,7.71,7.55,7.64,212400,KBS,2026-10-09T04:26:01Z
2024-07-10,CRE,7.78,7.78,7.65,7.66,99900,KBS,2026-10-09T04:26:01Z
2024-07-11,CRE,7.8,7.8,7.75,7.77,72000,KBS,2026-10-09T04:26:01Z
2024-07-12,CRE,7.77,7.79,7.65,7.65,44100,KBS,2026-10-09T04:26:01Z
2024-07-15,CRE,7.67,7.7,7.64,7.67,97400,KBS,2026-10-09T04:26:01Z
2024-07-16,CRE,7.67,7.79,7.62,7.66,81700,KBS,2026-10-09T04:26:01Z
2024-07-17,CRE,7.7,7.7,7.45,7.49,221500,KBS,2026-10-09T04:26:01Z
2024-07-18,CRE,7.47,7.47,7.3,7.4,223700,KBS,2026-10-09T04:26:01Z
2024-07-19,CRE,7.41,7.41,7.26,7.27,111900,KBS,2026-10-09T04:26:01Z
2024-07-22,CRE,6.95,7.18,6.9,6.96,288500,KBS,2026-10-09T04:26:01Z
2024-07-23,CRE,6.85,7.15,6.85,6.85,138300,KBS,2026-10-09T04:26:01Z
2024-07-24,CRE,6.83,6.88,6.5,6.79,128100,KBS,2026-10-09T04:26:01Z
2024-07-25,CRE,6.8,6.8,6.72,6.75,46000,KBS,2026-10-09T04:26:01Z
2024-07-26,CRE,6.89,6.89,6.8,6.85,51100,KBS,2026-10-09T04:26:01Z
2024-07-29,CRE,6.85,6.9,6.85,6.89,72500,KBS,2026-10-09T04:26:01Z
2024-07-30,CRE,6.89,6.93,6.75,6.78,43300,KBS,2026-10-09T04:26:01Z
2024-07-31,CRE,6.96,6.96,6.79,6.89,83000,KBS,2026-10-09T04:26:01Z
2024-08-01,CRE,6.9,7.0,6.8,6.83,188100,KBS,2026-10-09T04:26:01Z
2024-08-02,CRE,6.83,7.24,6.8,7.08,504700,KBS,2026-10-09T04:26:01Z
2024-08-05,CRE,7.18,7.18,6.71,6.71,188900,KBS,2026-10-09T04:26:01Z
2024-08-06,CRE,6.9,7.0,6.8,6.86,94600,KBS,2026-10-09T04:26:01Z
2024-08-07,CRE,6.92,7.1,6.92,6.97,139300,KBS,2026-10-09T04:26:01Z
2024-08-08,CRE,7.02,7.1,6.8,7.03,57500,KBS,2026-10-09T04:26:01Z
2024-08-09,CRE,6.96,7.1,6.91,7.01,71700,KBS,2026-10-09T04:26:01Z
2024-08-12,CRE,6.98,7.0,6.8,6.99,127400,KBS,2026-10-09T04:26:01Z
2024-08-13,CRE,7.19,7.19,6.92,7.01,80800,KBS,2026-10-09T04:26:01Z
2024-08-14,CRE,7.01,7.05,6.9,6.98,26300,KBS,2026-10-09T04:26:01Z
2024-08-15,CRE,6.98,7.05,6.91,6.97,45900,KBS,2026-10-09T04:26:01Z
2024-08-16,CRE,6.92,7.18,6.92,7.1,325500,KBS,2026-10-09T04:26:01Z
2024-08-19,CRE,7.2,7.2,7.01,7.13,103300,KBS,2026-10-09T04:26:01Z
2024-08-20,CRE,7.14,7.29,7.1,7.25,193800,KBS,2026-10-09T04:26:01Z
2024-08-21,CRE,7.38,7.38,7.22,7.26,113300,KBS,2026-10-09T04:26:01Z
2024-08-22,CRE,7.26,7.26,7.12,7.22,117400,KBS,2026-10-09T04:26:01Z
2024-08-23,CRE,7.22,7.22,7.13,7.18,103000,KBS,2026-10-09T04:26:01Z
2024-08-26,CRE,7.18,7.32,7.18,7.2,233700,KBS,2026-10-09T04:26:01Z
2024-08-27,CRE,7.21,7.21,7.16,7.2,61700,KBS,2026-10-09T04:26:01Z
2024-08-28,CRE,7.2,7.2,7.1,7.16,165200,KBS,2026-10-09T04:26:01Z
2024-08-29,CRE,7.16,7.18,7.12,7.14,106200,KBS,2026-10-09T04:26:01Z
2024-08-30,CRE,7.13,7.18,7.06,7.06,109800,KBS,2026-10-09T04:26:01Z
2024-09-04,CRE,7.03,7.06,7.0,7.03,112600,KBS,2026-10-09T04:26:01Z
2024-09-05,CRE,7.03,7.16,7.0,7.0,120000,KBS,2026-10-09T04:26:01Z
2024-09-06,CRE,7.01,7.05,6.91,6.99,125400,KBS,2026-10-09T04:26:01Z
2024-09-09,CRE,7.01,7.15,6.95,7.04,109800,KBS,2026-10-09T04:26:01Z
2024-09-10,CRE,7.04,7.17,6.92,6.92,69200,KBS,2026-10-09T04:26:01Z
2024-09-11,CRE,6.93,7.09,6.92,6.95,104600,KBS,2026-10-09T04:26:01Z
2024-09-12,CRE,7.1,7.1,6.9,6.96,70000,KBS,2026-10-09T04:26:01Z
2024-09-13,CRE,6.96,6.99,6.85,6.94,58400,KBS,2026-10-09T04:26:01Z
2024-09-16,CRE,7.1,7.1,6.93,7.02,94800,KBS,2026-10-09T04:26:01Z
2024-09-17,CRE,7.02,7.02,6.8,6.95,85300,KBS,2026-10-09T04:26:01Z
2024-09-18,CRE,7.06,7.06,6.95,7.01,95700,KBS,2026-10-09T04:26:01Z
2024-09-19,CRE,7.0,7.03,7.0,7.02,60400,KBS,2026-10-09T04:26:01Z
2024-09-20,CRE,7.0,7.05,6.98,7.0,50200,KBS,2026-10-09T04:26:01Z
2024-09-23,CRE,7.0,7.0,6.97,6.97,45900,KBS,2026-10-09T04:26:01Z
2024-09-24,CRE,6.97,6.99,6.96,6.98,55600,KBS,2026-10-09T04:26:01Z
2024-09-25,CRE,7.0,7.19,6.98,7.06,158900,KBS,2026-10-09T04:26:01Z
2024-09-26,CRE,7.06,7.15,6.8,7.03,130300,KBS,2026-10-09T04:26:01Z
2024-09-27,CRE,7.03,7.05,6.8,6.9,204700,KBS,2026-10-09T04:26:01Z
2024-09-30,CRE,6.9,6.95,6.9,6.92,235200,KBS,2026-10-09T04:26:01Z
2024-10-01,CRE,7.14,7.14,6.92,6.98,323100,KBS,2026-10-09T04:26:01Z
2024-10-02,CRE,6.98,7.0,6.95,6.98,80800,KBS,2026-10-09T04:26:01Z
2024-10-03,CRE,6.98,7.01,6.82,6.82,101400,KBS,2026-10-09T04:26:01Z
2024-10-04,CRE,6.85,6.93,6.7,6.85,165900,KBS,2026-10-09T04:26:01Z
2024-10-07,CRE,6.83,6.9,6.69,6.71,140200,KBS,2026-10-09T04:26:01Z
2024-10-08,CRE,6.87,6.87,6.72,6.8,538500,KBS,2026-10-09T04:26:01Z
2024-10-09,CRE,6.8,6.9,6.75,6.79,111600,KBS,2026-10-09T04:26:01Z
2024-10-10,CRE,6.79,6.8,6.72,6.8,150800,KBS,2026-10-09T04:26:01Z
2024-10-11,CRE,6.8,6.9,6.7,6.79,230400,KBS,2026-10-09T04:26:01Z
2024-10-14,CRE,6.79,6.82,6.77,6.8,123700,KBS,2026-10-09T04:26:01Z
2024-10-15,CRE,6.8,6.88,6.75,6.77,134200,KBS,2026-10-09T04:26:01Z
2024-10-16,CRE,6.77,6.85,6.77,6.81,128000,KBS,2026-10-09T04:26:01Z
2024-10-17,CRE,6.81,6.96,6.8,6.89,166700,KBS,2026-10-09T04:26:01Z
2024-10-18,CRE,6.89,7.01,6.81,6.9,231700,KBS,2026-10-09T04:26:01Z
2024-10-21,CRE,7.0,7.0,6.9,6.95,175900,KBS,2026-10-09T04:26:01Z
2024-10-22,CRE,6.95,7.05,6.95,6.98,165200,KBS,2026-10-09T04:26:01Z
2024-10-23,CRE,7.01,7.01,6.94,6.94,96400,KBS,2026-10-09T04:26:01Z
2024-10-24,CRE,6.94,6.99,6.88,6.88,135600,KBS,2026-10-09T04:26:01Z
2024-10-25,CRE,7.0,7.0,6.88,6.9,111400,KBS,2026-10-09T04:26:01Z
2024-10-28,CRE,6.91,6.99,6.9,6.98,107400,KBS,2026-10-09T04:26:01Z
2024-10-29,CRE,7.1,7.1,6.96,7.0,62700,KBS,2026-10-09T04:26:01Z
2024-10-30,CRE,7.11,7.11,6.98,6.99,55600,KBS,2026-10-09T04:26:01Z
2024-10-31,CRE,7.0,7.02,6.96,7.0,82000,KBS,2026-10-09T04:26:01Z
2024-11-01,CRE,7.02,7.02,6.98,6.99,62500,KBS,2026-10-09T04:26:01Z
2024-11-04,CRE,6.99,7.1,6.94,7.0,34900,KBS,2026-10-09T04:26:01Z
2024-11-05,CRE,6.99,7.0,6.51,6.99,133800,KBS,2026-10-09T04:26:01Z
2024-11-06,CRE,6.82,7.08,6.82,7.0,95400,KBS,2026-10-09T04:26:01Z
2024-11-07,CRE,7.0,7.07,6.97,6.99,112000,KBS,2026-10-09T04:26:01Z
2024-11-08,CRE,6.99,7.09,6.86,6.98,144500,KBS,2026-10-09T04:26:01Z
2024-11-11,CRE,6.95,6.99,6.9,6.97,133100,KBS,2026-10-09T04:26:01Z
2024-11-12,CRE,7.03,7.03,6.92,6.92,39500,KBS,2026-10-09T04:26:01Z
2024-11-13,CRE,6.97,6.97,6.45,6.84,113100,KBS,2026-10-09T04:26:01Z
2024-11-14,CRE,6.84,7.0,6.84,6.85,62200,KBS,2026-10-09T04:26:01Z
2024-11-15,CRE,6.85,6.94,6.74,6.75,129100,KBS,2026-10-09T04:26:01Z
2024-11-18,CRE,6.97,6.97,6.7,6.79,100400,KBS,2026-10-09T04:26:01Z
2024-11-19,CRE,6.82,6.92,6.76,6.88,88700,KBS,2026-10-09T04:26:01Z
2024-11-20,CRE,6.88,6.9,6.72,6.88,64500,KBS,2026-10-09T04:26:01Z
2024-11-21,CRE,6.88,6.95,6.8,6.93,73700,KBS,2026-10-09T04:26:01Z
2024-11-22,CRE,6.93,6.93,6.8,6.84,57000,KBS,2026-10-09T04:26:01Z
2024-11-25,CRE,6.75,6.84,6.74,6.81,61500,KBS,2026-10-09T04:26:01Z
2024-11-26,CRE,6.86,6.95,6.82,6.95,64400,KBS,2026-10-09T04:26:01Z
2024-11-27,CRE,6.96,6.96,6.84,6.84,87800,KBS,2026-10-09T04:26:01Z
2024-11-28,CRE,6.84,7.14,6.84,6.86,90500,KBS,2026-10-09T04:26:01Z
2024-11-29,CRE,6.86,6.9,6.85,6.9,41500,KBS,2026-10-09T04:26:01Z
2024-12-02,CRE,6.9,6.94,6.85,6.88,79400,KBS,2026-10-09T04:26:01Z
2024-12-03,CRE,6.86,6.88,6.82,6.86,47600,KBS,2026-10-09T04:26:01Z
2024-12-04,CRE,6.88,6.89,6.8,6.81,131200,KBS,2026-10-09T04:26:01Z
2024-12-05,CRE,6.8,6.9,6.8,6.84,154000,KBS,2026-10-09T04:26:01Z
2024-12-06,CRE,6.84,6.99,6.84,6.85,68200,KBS,2026-10-09T04:26:01Z
2024-12-09,CRE,6.88,7.16,6.88,6.96,167500,KBS,2026-10-09T04:26:01Z
2024-12-10,CRE,7.0,7.43,7.0,7.43,641000,KBS,2026-10-09T04:26:01Z
2024-12-11,CRE,7.45,7.78,7.2,7.63,465400,KBS,2026-10-09T04:26:01Z
2024-12-12,CRE,7.63,7.63,7.35,7.42,426000,KBS,2026-10-09T04:26:01Z
2024-12-13,CRE,7.35,7.42,7.21,7.35,128900,KBS,2026-10-09T04:26:01Z
2024-12-16,CRE,7.24,7.4,7.2,7.22,137100,KBS,2026-10-09T04:26:01Z
2024-12-17,CRE,7.25,7.26,7.16,7.24,113100,KBS,2026-10-09T04:26:01Z
2024-12-18,CRE,7.3,7.49,7.3,7.47,563600,KBS,2026-10-09T04:26:01Z
2024-12-19,CRE,7.45,7.46,7.28,7.38,242200,KBS,2026-10-09T04:26:01Z
2024-12-20,CRE,7.4,7.4,7.27,7.31,145400,KBS,2026-10-09T04:26:01Z
2024-12-23,CRE,7.31,7.58,7.2,7.57,311600,KBS,2026-10-09T04:26:01Z
2024-12-24,CRE,7.55,7.57,7.06,7.57,234400,KBS,2026-10-09T04:26:01Z
2024-12-25,CRE,7.35,7.8,7.35,7.8,220600,KBS,2026-10-09T04:26:01Z
2024-12-26,CRE,7.77,7.78,7.55,7.78,237500,KBS,2026-10-09T04:26:01Z
2024-12-27,CRE,7.57,7.85,7.5,7.75,177400,KBS,2026-10-09T04:26:01Z
2024-12-30,CRE,7.7,7.75,7.55,7.75,90100,KBS,2026-10-09T04:26:01Z
2024-12-31,CRE,7.71,7.8,7.56,7.8,261900,KBS,2026-10-09T04:26:01Z
2025-01-02,CRE,7.78,7.78,7.52,7.52,161900,KBS,2026-10-09T04:26:01Z
2025-01-03,CRE,7.53,7.64,7.38,7.38,86200,KBS,2026-10-09T04:26:01Z
2025-01-06,CRE,7.45,7.46,7.01,7.04,165000,KBS,2026-10-09T04:26:01Z
2025-01-07,CRE,7.04,7.16,7.0,7.03,90200,KBS,2026-10-09T04:26:01Z
2025-01-08,CRE,7.04,7.1,6.99,7.01,79400,KBS,2026-10-09T04:26:01Z
2025-01-09,CRE,7.0,7.27,7.0,7.06,44700,KBS,2026-10-09T04:26:01Z
2025-01-10,CRE,7.06,7.25,7.0,7.12,63300,KBS,2026-10-09T04:26:01Z
2025-01-13,CRE,7.3,7.3,7.05,7.1,93500,KBS,2026-10-09T04:26:01Z
2025-01-14,CRE,7.1,7.1,6.99,6.99,91300,KBS,2026-10-09T04:26:01Z
2025-01-15,CRE,7.0,7.19,7.0,7.04,39900,KBS,2026-10-09T04:26:01Z
2025-01-16,CRE,7.0,7.13,7.0,7.06,61300,KBS,2026-10-09T04:26:01Z
2025-01-17,CRE,7.18,7.18,7.0,7.07,49200,KBS,2026-10-09T04:26:01Z
2025-01-20,CRE,7.04,7.22,7.03,7.03,44800,KBS,2026-10-09T04:26:01Z
2025-01-21,CRE,7.1,7.1,6.89,6.89,64000,KBS,2026-10-09T04:26:01Z
2025-01-22,CRE,6.89,6.99,6.8,6.83,40300,KBS,2026-10-09T04:26:01Z
2025-01-23,CRE,6.9,6.97,6.9,6.95,40500,KBS,2026-10-09T04:26:01Z
2025-01-24,CRE,6.95,7.0,6.86,6.86,46700,KBS,2026-10-09T04:26:01Z
2025-02-03,CRE,6.86,6.95,6.86,6.87,39500,KBS,2026-10-09T04:26:01Z
2025-02-04,CRE,6.96,6.96,6.85,6.95,83700,KBS,2026-10-09T04:26:01Z
2025-02-05,CRE,6.91,7.12,6.91,7.06,106900,KBS,2026-10-09T04:26:01Z
2025-02-06,CRE,6.99,7.09,6.99,7.03,32600,KBS,2026-10-09T04:26:01Z
2025-02-07,CRE,7.03,7.05,7.02,7.03,79200,KBS,2026-10-09T04:26:01Z
2025-02-10,CRE,7.03,7.03,6.95,6.95,91700,KBS,2026-10-09T04:26:01Z
2025-02-11,CRE,6.93,7.02,6.86,6.98,137900,KBS,2026-10-09T04:26:01Z
2025-02-12,CRE,6.92,7.09,6.92,6.98,54900,KBS,2026-10-09T04:26:01Z
2025-02-13,CRE,6.96,6.97,6.93,6.95,25200,KBS,2026-10-09T04:26:01Z
2025-02-14,CRE,6.96,7.03,6.96,7.03,60800,KBS,2026-10-09T04:26:01Z
2025-02-17,CRE,7.03,7.05,6.98,7.01,80300,KBS,2026-10-09T04:26:01Z
2025-02-18,CRE,7.0,7.11,7.0,7.07,143800,KBS,2026-10-09T04:26:01Z
2025-02-19,CRE,7.1,7.25,7.1,7.21,221200,KBS,2026-10-09T04:26:01Z
2025-02-20,CRE,7.21,7.21,7.14,7.15,96900,KBS,2026-10-09T04:26:01Z
2025-02-21,CRE,7.21,7.22,7.12,7.12,52300,KBS,2026-10-09T04:26:01Z
2025-02-24,CRE,7.13,7.15,7.03,7.05,96600,KBS,2026-10-09T04:26:01Z
2025-02-25,CRE,7.05,7.28,7.05,7.06,150900,KBS,2026-10-09T04:26:01Z
2025-02-26,CRE,7.07,7.19,7.07,7.11,59600,KBS,2026-10-09T04:26:01Z
2025-02-27,CRE,7.1,7.18,7.1,7.15,137500,KBS,2026-10-09T04:26:01Z
2025-02-28,CRE,7.19,7.27,7.18,7.22,179300,KBS,2026-10-09T04:26:01Z
2025-03-03,CRE,7.2,7.21,7.15,7.17,90000,KBS,2026-10-09T04:26:01Z
2025-03-04,CRE,7.07,7.17,7.07,7.1,169000,KBS,2026-10-09T04:26:01Z
2025-03-05,CRE,7.12,7.17,7.1,7.1,74800,KBS,2026-10-09T04:26:01Z
2025-03-06,CRE,7.1,7.14,7.06,7.13,65900,KBS,2026-10-09T04:26:01Z
2025-03-07,CRE,7.23,7.23,7.14,7.17,96300,KBS,2026-10-09T04:26:01Z
2025-03-10,CRE,7.17,7.22,7.06,7.11,116300,KBS,2026-10-09T04:26:01Z
2025-03-11,CRE,7.11,7.11,7.06,7.08,148600,KBS,2026-10-09T04:26:01Z
2025-03-12,CRE,7.08,7.15,7.07,7.1,104500,KBS,2026-10-09T04:26:01Z
2025-03-13,CRE,7.11,7.13,7.07,7.08,159300,KBS,2026-10-09T04:26:01Z
2025-03-14,CRE,7.06,7.1,7.0,7.0,268900,KBS,2026-10-09T04:26:01Z
2025-03-17,CRE,7.05,7.1,6.99,7.05,132900,KBS,2026-10-09T04:26:01Z
2025-03-18,CRE,7.11,7.11,6.56,6.95,234500,KBS,2026-10-09T04:26:01Z
2025-03-19,CRE,6.95,6.96,6.81,6.9,251300,KBS,2026-10-09T04:26:01Z
2025-03-20,CRE,7.07,7.07,6.82,6.84,120200,KBS,2026-10-09T04:26:01Z
2025-03-21,CRE,6.82,6.99,6.82,6.9,38600,KBS,2026-10-09T04:26:01Z
2025-03-24,CRE,6.9,6.96,6.83,6.85,61200,KBS,2026-10-09T04:26:01Z
2025-03-25,CRE,6.85,6.95,6.85,6.89,39900,KBS,2026-10-09T04:26:01Z
2025-03-26,CRE,6.89,6.98,6.88,6.9,46100,KBS,2026-10-09T04:26:01Z
2025-03-27,CRE,6.95,6.95,6.9,6.91,51000,KBS,2026-10-09T04:26:01Z
2025-03-28,CRE,6.91,6.91,6.8,6.82,74400,KBS,2026-10-09T04:26:01Z
2025-03-31,CRE,6.75,6.89,6.74,6.8,78300,KBS,2026-10-09T04:26:01Z
2025-04-01,CRE,6.8,6.95,6.8,6.9,83500,KBS,2026-10-09T04:26:01Z
2025-04-02,CRE,6.9,6.96,6.9,6.95,81400,KBS,2026-10-09T04:26:01Z
2025-04-03,CRE,6.79,6.79,6.47,6.47,488600,KBS,2026-10-09T04:26:01Z
2025-04-04,CRE,6.03,6.5,6.02,6.49,764500,KBS,2026-10-09T04:26:01Z
2025-04-08,CRE,6.2,6.4,6.1,6.28,1122400,KBS,2026-10-09T04:26:01Z
2025-04-09,CRE,6.2,6.4,6.2,6.4,960900,KBS,2026-10-09T04:26:01Z
2025-04-10,CRE,6.84,6.84,6.79,6.84,526200,KBS,2026-10-09T04:26:01Z
2025-04-11,CRE,7.2,7.2,6.6,6.91,456200,KBS,2026-10-09T04:26:01Z
2025-04-14,CRE,7.08,7.08,6.82,6.93,324200,KBS,2026-10-09T04:26:01Z
2025-04-15,CRE,6.95,6.99,6.88,6.93,192400,KBS,2026-10-09T04:26:01Z
2025-04-16,CRE,6.93,6.94,6.82,6.87,76900,KBS,2026-10-09T04:26:01Z
2025-04-17,CRE,6.87,6.87,6.8,6.87,229500,KBS,2026-10-09T04:26:01Z
2025-04-18,CRE,6.87,6.98,6.87,6.98,219800,KBS,2026-10-09T04:26:01Z
2025-04-21,CRE,7.0,7.04,6.98,6.99,145900,KBS,2026-10-09T04:26:01Z
2025-04-22,CRE,7.0,7.0,6.7,6.99,411600,KBS,2026-10-09T04:26:01Z
2025-04-23,CRE,7.15,7.32,7.0,7.29,879100,KBS,2026-10-09T04:26:01Z
2025-04-24,CRE,7.39,7.39,7.28,7.31,305600,KBS,2026-10-09T04:26:01Z
2025-04-25,CRE,7.35,7.4,7.1,7.16,165200,KBS,2026-10-09T04:26:01Z
2025-04-28,CRE,7.32,7.48,7.16,7.35,606700,KBS,2026-10-09T04:26:01Z
2025-04-29,CRE,7.35,7.5,7.3,7.35,218200,KBS,2026-10-09T04:26:01Z
2025-05-05,CRE,7.35,7.35,7.1,7.18,188400,KBS,2026-10-09T04:26:01Z
2025-05-06,CRE,7.09,7.3,7.09,7.18,176900,KBS,2026-10-09T04:26:01Z
2025-05-07,CRE,7.1,7.26,7.1,7.26,217700,KBS,2026-10-09T04:26:01Z
2025-05-08,CRE,7.26,7.3,7.23,7.25,148900,KBS,2026-10-09T04:26:01Z
2025-05-09,CRE,7.25,7.32,7.24,7.3,195600,KBS,2026-10-09T04:26:01Z
2025-05-12,CRE,7.3,7.39,7.2,7.24,150400,KBS,2026-10-09T04:26:01Z
2025-05-13,CRE,7.24,7.28,7.19,7.24,145400,KBS,2026-10-09T04:26:01Z
2025-05-14,CRE,7.14,7.35,7.14,7.33,254200,KBS,2026-10-09T04:26:01Z
2025-05-15,CRE,7.35,7.4,7.3,7.35,200000,KBS,2026-10-09T04:26:01Z
2025-05-16,CRE,7.35,7.5,7.32,7.39,317400,KBS,2026-10-09T04:26:01Z
2025-05-19,CRE,7.31,7.47,7.21,7.26,242300,KBS,2026-10-09T04:26:01Z
2025-05-20,CRE,7.26,7.37,7.22,7.3,282800,KBS,2026-10-09T04:26:01Z
2025-05-21,CRE,7.3,7.38,7.23,7.32,176400,KBS,2026-10-09T04:26:01Z
2025-05-22,CRE,7.44,7.75,7.25,7.53,508800,KBS,2026-10-09T04:26:01Z
2025-05-23,CRE,7.69,7.9,7.63,7.77,700000,KBS,2026-10-09T04:26:01Z
2025-05-26,CRE,7.78,7.98,7.64,7.88,420500,KBS,2026-10-09T04:26:01Z
2025-05-27,CRE,8.06,8.06,7.5,7.94,394500,KBS,2026-10-09T04:26:01Z
2025-05-28,CRE,8.0,8.0,7.8,7.85,351700,KBS,2026-10-09T04:26:01Z
2025-05-29,CRE,7.95,7.97,7.8,7.89,241400,KBS,2026-10-09T04:26:01Z
2025-05-30,CRE,7.93,7.93,7.68,7.76,258100,KBS,2026-10-09T04:26:01Z
2025-06-02,CRE,7.76,7.96,7.76,7.89,259000,KBS,2026-10-09T04:26:01Z
2025-06-03,CRE,7.92,8.0,7.92,7.96,228700,KBS,2026-10-09T04:26:01Z
2025-06-04,CRE,7.97,8.51,7.97,8.51,857400,KBS,2026-10-09T04:26:01Z
2025-06-05,CRE,8.51,8.89,8.51,8.68,528200,KBS,2026-10-09T04:26:01Z
2025-06-06,CRE,8.66,8.8,8.46,8.52,483800,KBS,2026-10-09T04:26:01Z
2025-06-09,CRE,8.51,8.7,8.25,8.53,315100,KBS,2026-10-09T04:26:01Z
2025-06-10,CRE,8.53,8.7,8.41,8.54,188400,KBS,2026-10-09T04:26:01Z
2025-06-11,CRE,8.68,8.68,8.15,8.45,255400,KBS,2026-10-09T04:26:01Z
2025-06-12,CRE,8.51,8.6,8.4,8.45,223800,KBS,2026-10-09T04:26:01Z
2025-06-13,CRE,8.46,8.5,8.0,8.17,340700,KBS,2026-10-09T04:26:01Z
2025-06-16,CRE,8.38,8.5,8.31,8.44,348400,KBS,2026-10-09T04:26:01Z
2025-06-17,CRE,8.46,8.52,8.4,8.47,214800,KBS,2026-10-09T04:26:01Z
2025-06-18,CRE,8.5,8.52,8.34,8.45,133400,KBS,2026-10-09T04:26:01Z
2025-06-19,CRE,8.44,8.45,8.33,8.45,88500,KBS,2026-10-09T04:26:01Z
2025-06-20,CRE,8.48,8.5,8.4,8.43,94600,KBS,2026-10-09T04:26:01Z
2025-06-23,CRE,8.39,8.39,8.3,8.36,114100,KBS,2026-10-09T04:26:01Z
2025-06-24,CRE,8.4,8.53,8.31,8.44,357800,KBS,2026-10-09T04:26:01Z
2025-06-25,CRE,8.51,8.52,8.39,8.39,139900,KBS,2026-10-09T04:26:01Z
2025-06-26,CRE,8.49,8.49,7.81,8.37,195200,KBS,2026-10-09T04:26:01Z
2025-06-27,CRE,8.37,8.5,8.28,8.3,71000,KBS,2026-10-09T04:26:01Z
2025-06-30,CRE,8.37,8.45,8.23,8.41,254200,KBS,2026-10-09T04:26:01Z
2025-07-01,CRE,8.49,8.65,8.41,8.52,444300,KBS,2026-10-09T04:26:01Z
2025-07-02,CRE,8.65,8.65,8.53,8.55,109300,KBS,2026-10-09T04:26:01Z
2025-07-03,CRE,8.55,8.55,8.46,8.48,125700,KBS,2026-10-09T04:26:01Z
2025-07-04,CRE,8.48,8.89,8.48,8.73,381900,KBS,2026-10-09T04:26:01Z
2025-07-07,CRE,8.81,8.88,8.69,8.79,217700,KBS,2026-10-09T04:26:01Z
2025-07-08,CRE,8.94,8.94,8.82,8.86,254800,KBS,2026-10-09T04:26:01Z
2025-07-09,CRE,9.0,9.0,8.88,8.92,185900,KBS,2026-10-09T04:26:01Z
2025-07-10,CRE,8.95,9.0,8.9,8.94,214900,KBS,2026-10-09T04:26:01Z
2025-07-11,CRE,8.94,9.5,8.84,9.29,516400,KBS,2026-10-09T04:26:01Z
2025-07-14,CRE,9.29,9.4,9.15,9.31,384100,KBS,2026-10-09T04:26:01Z
2025-07-15,CRE,9.3,9.38,9.1,9.1,425100,KBS,2026-10-09T04:26:01Z
2025-07-16,CRE,9.09,9.2,9.08,9.08,228600,KBS,2026-10-09T04:26:01Z
2025-07-17,CRE,9.08,9.39,9.08,9.27,815700,KBS,2026-10-09T04:26:01Z
2025-07-18,CRE,9.27,9.4,9.1,9.29,443500,KBS,2026-10-09T04:26:01Z
2025-07-21,CRE,9.3,9.4,9.2,9.3,553600,KBS,2026-10-09T04:26:01Z
2025-07-22,CRE,9.25,9.3,9.18,9.3,426600,KBS,2026-10-09T04:26:01Z
2025-07-23,CRE,9.25,9.5,9.17,9.35,520200,KBS,2026-10-09T04:26:01Z
2025-07-24,CRE,9.28,9.4,9.18,9.26,370000,KBS,2026-10-09T04:26:01Z
2025-07-25,CRE,9.36,9.36,9.2,9.27,308300,KBS,2026-10-09T04:26:01Z
2025-07-28,CRE,9.37,9.45,9.25,9.4,478600,KBS,2026-10-09T04:26:01Z
2025-07-29,CRE,9.6,9.6,8.8,8.8,985900,KBS,2026-10-09T04:26:01Z
2025-07-30,CRE,8.8,8.99,8.6,8.99,309500,KBS,2026-10-09T04:26:01Z
2025-07-31,CRE,9.26,9.26,8.66,8.76,240500,KBS,2026-10-09T04:26:01Z
2025-08-01,CRE,9.0,9.3,8.8,9.28,1156400,KBS,2026-10-09T04:26:01Z
2025-08-04,CRE,9.4,9.7,9.1,9.7,1897000,KBS,2026-10-09T04:26:01Z
2025-08-05,CRE,9.8,9.9,9.2,9.7,1730000,KBS,2026-10-09T04:26:01Z
2025-08-06,CRE,9.7,9.8,9.38,9.5,1088900,KBS,2026-10-09T04:26:01Z
2025-08-07,CRE,9.41,9.7,9.35,9.7,865400,KBS,2026-10-09T04:26:01Z
2025-08-08,CRE,9.8,9.8,9.4,9.56,904200,KBS,2026-10-09T04:26:01Z
2025-08-11,CRE,9.6,9.68,9.44,9.68,1074300,KBS,2026-10-09T04:26:01Z
2025-08-12,CRE,9.6,9.72,9.5,9.65,1187000,KBS,2026-10-09T04:26:01Z
2025-08-13,CRE,9.56,9.65,9.43,9.6,996300,KBS,2026-10-09T04:26:01Z
2025-08-14,CRE,9.5,10.25,9.48,10.25,2499000,KBS,2026-10-09T04:26:01Z
2025-08-15,CRE,10.45,10.7,10.05,10.6,2870200,KBS,2026-10-09T04:26:01Z
2025-08-18,CRE,10.6,11.3,10.3,11.3,3038400,KBS,2026-10-09T04:26:01Z
2025-08-19,CRE,11.4,11.65,11.2,11.6,2703700,KBS,2026-10-09T04:26:01Z
2025-08-20,CRE,11.6,11.7,10.8,11.05,4057700,KBS,2026-10-09T04:26:01Z
2025-08-21,CRE,11.1,11.1,10.4,10.4,1902000,KBS,2026-10-09T04:26:01Z
2025-08-22,CRE,10.4,10.65,9.71,10.5,2189900,KBS,2026-10-09T04:26:01Z
2025-08-25,CRE,10.5,10.5,9.95,10.15,1019400,KBS,2026-10-09T04:26:01Z
2025-08-26,CRE,10.0,10.35,9.96,10.3,935400,KBS,2026-10-09T04:26:01Z
2025-08-27,CRE,10.3,10.7,10.05,10.45,1821500,KBS,2026-10-09T04:26:01Z
2025-08-28,CRE,10.5,10.6,10.1,10.45,838400,KBS,2026-10-09T04:26:01Z
2025-08-29,CRE,10.4,10.85,10.3,10.7,2197300,KBS,2026-10-09T04:26:01Z
2025-09-03,CRE,10.7,11.1,10.55,11.0,1766800,KBS,2026-10-09T04:26:01Z
2025-09-04,CRE,11.0,11.0,10.7,10.9,1296900,KBS,2026-10-09T04:26:01Z
2025-09-05,CRE,11.0,11.0,10.5,10.5,1461700,KBS,2026-10-09T04:26:01Z
2025-09-08,CRE,10.3,10.5,9.9,10.0,872600,KBS,2026-10-09T04:26:01Z
2025-09-09,CRE,10.0,10.2,9.9,10.2,688600,KBS,2026-10-09T04:26:01Z
2025-09-10,CRE,10.2,10.4,9.9,10.1,729900,KBS,2026-10-09T04:26:01Z
2025-09-11,CRE,10.15,10.45,9.8,10.4,1756800,KBS,2026-10-09T04:26:01Z
2025-09-12,CRE,10.4,10.95,10.25,10.95,3666300,KBS,2026-10-09T04:26:01Z
2025-09-15,CRE,10.95,11.25,10.65,11.2,2460900,KBS,2026-10-09T04:26:01Z
2025-09-16,CRE,10.9,11.2,10.75,10.85,1746200,KBS,2026-10-09T04:26:01Z
2025-09-17,CRE,10.85,10.85,10.45,10.5,979100,KBS,2026-10-09T04:26:01Z
2025-09-18,CRE,10.55,10.55,10.2,10.5,932600,KBS,2026-10-09T04:26:01Z
2025-09-19,CRE,10.7,10.7,10.3,10.6,695500,KBS,2026-10-09T04:26:01Z
2025-09-22,CRE,10.5,10.6,10.15,10.4,749800,KBS,2026-10-09T04:26:01Z
2025-09-23,CRE,10.3,10.4,10.15,10.35,555300,KBS,2026-10-09T04:26:01Z
2025-09-24,CRE,10.45,11.0,10.25,11.0,1955300,KBS,2026-10-09T04:26:01Z
2025-09-25,CRE,11.05,11.1,10.7,10.9,1537500,KBS,2026-10-09T04:26:01Z
2025-09-26,CRE,11.0,11.0,10.6,10.8,1616000,KBS,2026-10-09T04:26:01Z
2025-09-29,CRE,10.7,10.9,10.5,10.6,934000,KBS,2026-10-09T04:26:01Z
2025-09-30,CRE,10.55,10.75,10.25,10.5,788000,KBS,2026-10-09T04:26:01Z
2025-10-01,CRE,10.45,10.5,10.25,10.4,407300,KBS,2026-10-09T04:26:01Z
2025-10-02,CRE,10.3,10.5,10.2,10.45,672800,KBS,2026-10-09T04:26:01Z
2025-10-03,CRE,10.25,10.4,10.15,10.3,370000,KBS,2026-10-09T04:26:01Z
2025-10-06,CRE,10.4,10.7,10.2,10.45,903000,KBS,2026-10-09T04:26:01Z
2025-10-07,CRE,10.5,10.5,10.2,10.2,520700,KBS,2026-10-09T04:26:01Z
2025-10-08,CRE,10.25,10.35,10.1,10.3,516300,KBS,2026-10-09T04:26:01Z
2025-10-09,CRE,10.35,10.5,10.25,10.3,582100,KBS,2026-10-09T04:26:01Z
2025-10-10,CRE,10.2,10.4,10.1,10.1,628500,KBS,2026-10-09T04:26:01Z
2025-10-13,CRE,9.98,10.35,9.9,10.0,1017000,KBS,2026-10-09T04:26:01Z
2025-10-14,CRE,10.2,10.4,10.0,10.25,805500,KBS,2026-10-09T04:26:01Z
2025-10-15,CRE,10.1,10.25,9.98,10.1,632900,KBS,2026-10-09T04:26:01Z
2025-10-16,CRE,10.1,10.4,10.1,10.25,1413000,KBS,2026-10-09T04:26:01Z
2025-10-17,CRE,10.1,10.3,10.1,10.25,631300,KBS,2026-10-09T04:26:01Z
2025-10-20,CRE,10.2,10.25,9.54,9.54,1290700,KBS,2026-10-09T04:26:01Z
2025-10-21,CRE,9.5,9.9,9.1,9.88,578900,KBS,2026-10-09T04:26:01Z
2025-10-22,CRE,10.15,10.15,9.73,9.98,863100,KBS,2026-10-09T04:26:01Z
2025-10-23,CRE,9.98,10.0,9.8,9.8,654900,KBS,2026-10-09T04:26:01Z
2025-10-24,CRE,9.75,9.8,9.55,9.55,233100,KBS,2026-10-09T04:26:01Z
2025-10-27,CRE,9.55,9.8,9.3,9.55,288000,KBS,2026-10-09T04:26:01Z
2025-10-28,CRE,9.5,9.9,9.4,9.6,234900,KBS,2026-10-09T04:26:01Z
2025-10-29,CRE,9.6,9.85,9.48,9.48,1149700,KBS,2026-10-09T04:26:01Z
2025-10-30,CRE,9.5,9.7,9.25,9.35,873200,KBS,2026-10-09T04:26:01Z
2025-10-31,CRE,9.4,10.0,9.3,9.99,1991500,KBS,2026-10-09T04:26:01Z
2025-11-03,CRE,9.9,9.9,9.5,9.5,259900,KBS,2026-10-09T04:26:01Z
2025-11-04,CRE,9.5,9.7,9.2,9.7,720900,KBS,2026-10-09T04:26:01Z
2025-11-05,CRE,9.68,9.68,9.39,9.42,261500,KBS,2026-10-09T04:26:01Z
2025-11-06,CRE,9.36,9.55,9.26,9.3,387500,KBS,2026-10-09T04:26:01Z
2025-11-07,CRE,9.37,9.41,9.16,9.25,354500,KBS,2026-10-09T04:26:01Z
2025-11-10,CRE,9.28,9.3,9.1,9.2,430100,KBS,2026-10-09T04:26:01Z
2025-11-11,CRE,9.2,9.46,9.06,9.46,767300,KBS,2026-10-09T04:26:01Z
2025-11-12,CRE,9.4,9.4,9.28,9.36,579900,KBS,2026-10-09T04:26:01Z
2025-11-13,CRE,9.39,9.39,9.1,9.1,451400,KBS,2026-10-09T04:26:01Z
2025-11-14,CRE,9.37,9.37,9.1,9.34,433200,KBS,2026-10-09T04:26:01Z
2025-11-17,CRE,9.32,9.4,9.17,9.17,449700,KBS,2026-10-09T04:26:01Z
2025-11-18,CRE,9.2,9.24,9.16,9.17,393300,KBS,2026-10-09T04:26:01Z
2025-11-19,CRE,9.17,9.22,9.09,9.14,297900,KBS,2026-10-09T04:26:01Z
2025-11-20,CRE,9.2,9.4,9.05,9.35,482600,KBS,2026-10-09T04:26:01Z
2025-11-21,CRE,9.3,9.57,9.2,9.5,920400,KBS,2026-10-09T04:26:01Z
2025-11-24,CRE,9.4,9.67,9.36,9.6,614700,KBS,2026-10-09T04:26:01Z
2025-11-25,CRE,9.45,9.6,9.33,9.33,260800,KBS,2026-10-09T04:26:01Z
2025-11-26,CRE,9.4,9.49,9.26,9.47,274600,KBS,2026-10-09T04:26:01Z
2025-11-27,CRE,9.41,9.6,9.35,9.6,365600,KBS,2026-10-09T04:26:01Z
2025-11-28,CRE,9.6,9.8,9.5,9.7,684300,KBS,2026-10-09T04:26:01Z
2025-12-01,CRE,9.63,9.7,9.46,9.6,326300,KBS,2026-10-09T04:26:01Z
2025-12-02,CRE,9.6,9.6,9.4,9.45,504500,KBS,2026-10-09T04:26:01Z
2025-12-03,CRE,9.45,9.69,9.38,9.69,972800,KBS,2026-10-09T04:26:01Z
2025-12-04,CRE,9.7,9.8,9.55,9.62,352100,KBS,2026-10-09T04:26:01Z
2025-12-05,CRE,9.6,9.76,9.47,9.56,864300,KBS,2026-10-09T04:26:01Z
2025-12-08,CRE,9.56,9.56,9.45,9.5,341900,KBS,2026-10-09T04:26:01Z
2025-12-09,CRE,9.55,9.55,9.38,9.45,180100,KBS,2026-10-09T04:26:01Z
2025-12-10,CRE,9.45,9.5,9.2,9.2,262800,KBS,2026-10-09T04:26:01Z
2025-12-11,CRE,9.27,9.31,9.11,9.12,280400,KBS,2026-10-09T04:26:01Z
2025-12-12,CRE,9.12,9.17,8.9,9.0,425300,KBS,2026-10-09T04:26:01Z
2025-12-15,CRE,8.91,9.04,8.86,8.9,314100,KBS,2026-10-09T04:26:01Z
2025-12-16,CRE,8.98,8.98,8.8,8.9,198100,KBS,2026-10-09T04:26:01Z
2025-12-17,CRE,9.0,9.18,8.85,9.15,317200,KBS,2026-10-09T04:26:01Z
2025-12-18,CRE,9.15,9.15,8.89,8.89,307600,KBS,2026-10-09T04:26:01Z
2025-12-19,CRE,8.82,9.0,8.81,8.89,389600,KBS,2026-10-09T04:26:01Z
2025-12-22,CRE,8.8,8.81,8.27,8.31,1739700,KBS,2026-10-09T04:26:01Z
2025-12-23,CRE,8.3,8.89,8.11,8.7,1197000,KBS,2026-10-09T04:26:01Z
2025-12-24,CRE,8.75,9.1,8.54,9.0,1600300,KBS,2026-10-09T04:26:01Z
2025-12-25,CRE,8.9,9.0,8.61,8.73,810100,KBS,2026-10-09T04:26:01Z
2025-12-26,CRE,8.73,9.0,8.38,9.0,404800,KBS,2026-10-09T04:26:01Z
2025-12-29,CRE,8.8,8.8,8.55,8.55,553200,KBS,2026-10-09T04:26:01Z
2025-12-30,CRE,8.6,8.6,8.4,8.6,499400,KBS,2026-10-09T04:26:01Z
2025-12-31,CRE,8.37,8.6,8.35,8.59,646100,KBS,2026-10-09T04:26:01Z
2026-01-05,CRE,8.45,8.7,8.41,8.45,507500,KBS,2026-10-09T04:26:01Z
2026-01-06,CRE,8.58,8.58,8.31,8.31,336300,KBS,2026-10-09T04:26:01Z
2026-01-07,CRE,8.32,8.5,8.2,8.31,379600,KBS,2026-10-09T04:26:01Z
2026-01-08,CRE,8.4,8.4,8.26,8.27,486900,KBS,2026-10-09T04:26:01Z
2026-01-09,CRE,8.15,8.39,8.1,8.12,262900,KBS,2026-10-09T04:26:01Z
2026-01-12,CRE,8.1,8.4,8.1,8.3,347700,KBS,2026-10-09T04:26:01Z
2026-01-13,CRE,8.3,8.31,8.22,8.25,386000,KBS,2026-10-09T04:26:01Z
2026-01-14,CRE,8.16,8.27,8.16,8.2,281700,KBS,2026-10-09T04:26:01Z
2026-01-15,CRE,8.16,8.2,8.15,8.2,262200,KBS,2026-10-09T04:26:01Z
2026-01-16,CRE,8.1,8.45,8.1,8.45,353300,KBS,2026-10-09T04:26:01Z
2026-01-19,CRE,8.4,8.4,8.25,8.3,243700,KBS,2026-10-09T04:26:01Z
2026-01-20,CRE,8.29,8.3,8.1,8.2,325300,KBS,2026-10-09T04:26:01Z
2026-01-21,CRE,8.1,8.3,8.0,8.02,393000,KBS,2026-10-09T04:26:01Z
2026-01-22,CRE,8.02,8.07,7.91,8.02,547500,KBS,2026-10-09T04:26:01Z
2026-01-23,CRE,8.02,8.07,7.88,7.9,278800,KBS,2026-10-09T04:26:01Z
2026-01-26,CRE,8.0,8.0,7.68,7.7,328400,KBS,2026-10-09T04:26:01Z
2026-01-27,CRE,7.56,7.7,7.55,7.68,410700,KBS,2026-10-09T04:26:01Z
2026-01-28,CRE,7.7,7.7,7.35,7.41,426500,KBS,2026-10-09T04:26:01Z
2026-01-29,CRE,7.45,7.69,7.4,7.6,578900,KBS,2026-10-09T04:26:01Z
2026-01-30,CRE,7.6,7.67,7.48,7.6,438200,KBS,2026-10-09T04:26:01Z
2026-02-02,CRE,7.48,7.59,7.11,7.4,526200,KBS,2026-10-09T04:26:01Z
2026-02-03,CRE,7.5,7.5,7.28,7.3,191000,KBS,2026-10-09T04:26:01Z
2026-02-04,CRE,7.3,7.3,7.18,7.22,365200,KBS,2026-10-09T04:26:01Z
2026-02-05,CRE,7.3,7.3,7.11,7.11,247400,KBS,2026-10-09T04:26:01Z
2026-02-06,CRE,7.01,7.25,6.9,6.9,414800,KBS,2026-10-09T04:26:01Z
2026-02-09,CRE,6.95,7.0,6.8,6.9,366900,KBS,2026-10-09T04:26:01Z
2026-02-10,CRE,7.0,7.2,6.88,7.1,211700,KBS,2026-10-09T04:26:01Z
2026-02-11,CRE,7.2,7.5,7.14,7.5,307200,KBS,2026-10-09T04:26:01Z
2026-02-12,CRE,7.59,7.9,7.25,7.9,232100,KBS,2026-10-09T04:26:01Z
2026-02-13,CRE,7.79,7.8,7.5,7.8,168900,KBS,2026-10-09T04:26:01Z
2026-02-23,CRE,7.9,7.9,7.6,7.81,224100,KBS,2026-10-09T04:26:01Z
2026-02-24,CRE,7.79,7.8,7.6,7.77,152100,KBS,2026-10-09T04:26:01Z
2026-02-25,CRE,7.76,7.76,7.58,7.68,229500,KBS,2026-10-09T04:26:01Z
2026-02-26,CRE,7.76,7.76,7.51,7.6,140100,KBS,2026-10-09T04:26:01Z
2026-02-27,CRE,7.6,7.6,7.47,7.53,147700,KBS,2026-10-09T04:26:01Z
2026-03-02,CRE,7.45,7.45,7.22,7.34,187500,KBS,2026-10-09T04:26:01Z
2026-03-03,CRE,7.4,7.4,7.0,7.0,148700,KBS,2026-10-09T04:26:01Z
2026-03-04,CRE,7.1,7.1,6.79,6.8,133500,KBS,2026-10-09T04:26:01Z
2026-03-05,CRE,6.99,7.27,6.9,7.0,676000,KBS,2026-10-09T04:26:01Z
2026-03-06,CRE,7.1,7.1,6.96,7.0,102800,KBS,2026-10-09T04:26:01Z
2026-03-09,CRE,6.79,6.99,6.51,6.64,277700,KBS,2026-10-09T04:26:01Z
2026-03-10,CRE,6.65,7.0,6.65,6.8,189500,KBS,2026-10-09T04:26:01Z
2026-03-11,CRE,6.8,7.26,6.79,7.26,235200,KBS,2026-10-09T04:26:01Z
2026-03-12,CRE,7.35,7.39,7.11,7.31,329200,KBS,2026-10-09T04:26:01Z
2026-03-13,CRE,7.12,7.35,7.0,7.31,137400,KBS,2026-10-09T04:26:01Z
2026-03-16,CRE,7.31,7.31,7.0,7.21,171300,KBS,2026-10-09T04:26:01Z
2026-03-17,CRE,7.24,7.33,7.15,7.22,118900,KBS,2026-10-09T04:26:01Z
2026-03-18,CRE,7.22,7.3,7.15,7.3,155900,KBS,2026-10-09T04:26:01Z
2026-03-19,CRE,7.3,7.5,7.18,7.4,275000,KBS,2026-10-09T04:26:01Z
2026-03-20,CRE,7.3,7.35,7.07,7.07,85900,KBS,2026-10-09T04:26:01Z
2026-03-23,CRE,7.07,7.11,6.7,6.83,107300,KBS,2026-10-09T04:26:01Z
2026-03-24,CRE,7.0,7.2,6.96,7.15,125100,KBS,2026-10-09T04:26:01Z
2026-03-25,CRE,7.15,7.3,7.12,7.2,211300,KBS,2026-10-09T04:26:01Z
2026-03-26,CRE,7.2,7.21,7.07,7.15,82400,KBS,2026-10-09T04:26:01Z
2026-03-27,CRE,7.27,7.65,7.23,7.65,909400,KBS,2026-10-09T04:26:01Z
2026-03-30,CRE,7.4,7.65,7.3,7.65,125800,KBS,2026-10-09T04:26:01Z
2026-03-31,CRE,7.65,8.18,7.62,7.97,892600,KBS,2026-10-09T04:26:01Z
2026-04-01,CRE,8.0,8.1,7.76,8.1,350900,KBS,2026-10-09T04:26:01Z
2026-04-02,CRE,8.1,8.1,7.8,7.9,187500,KBS,2026-10-09T04:26:01Z
2026-04-03,CRE,7.89,7.89,7.51,7.6,247800,KBS,2026-10-09T04:26:01Z
2026-04-06,CRE,7.6,7.7,7.48,7.69,141700,KBS,2026-10-09T04:26:01Z
2026-04-07,CRE,7.69,8.0,7.6,7.9,299500,KBS,2026-10-09T04:26:01Z
2026-04-08,CRE,7.96,8.03,7.85,8.02,275100,KBS,2026-10-09T04:26:01Z
2026-04-09,CRE,8.01,8.01,7.8,7.95,180100,KBS,2026-10-09T04:26:01Z
2026-04-10,CRE,7.95,7.95,7.7,7.7,137800,KBS,2026-10-09T04:26:01Z
2026-04-13,CRE,7.7,7.79,7.57,7.7,505100,KBS,2026-10-09T04:26:01Z
2026-04-14,CRE,7.7,7.9,7.63,7.89,255900,KBS,2026-10-09T04:26:01Z
2026-04-15,CRE,7.9,7.9,7.65,7.8,502000,KBS,2026-10-09T04:26:01Z
2026-04-16,CRE,7.85,7.9,7.63,7.63,284100,KBS,2026-10-09T04:26:01Z
2026-04-17,CRE,7.63,7.7,7.59,7.63,182900,KBS,2026-10-09T04:26:01Z
2026-04-20,CRE,7.66,7.7,7.56,7.56,208700,KBS,2026-10-09T04:26:01Z
2026-04-21,CRE,7.65,7.69,7.56,7.6,354400,KBS,2026-10-09T04:26:01Z
2026-04-22,CRE,7.6,7.65,7.49,7.51,140300,KBS,2026-10-09T04:26:01Z
2026-04-23,CRE,7.55,7.57,7.32,7.49,163400,KBS,2026-10-09T04:26:01Z
2026-04-24,CRE,7.66,7.66,7.49,7.49,98400,KBS,2026-10-09T04:26:01Z
2026-04-28,CRE,7.3,7.63,7.3,7.6,97600,KBS,2026-10-09T04:26:01Z
2026-04-29,CRE,7.6,7.79,7.51,7.67,166600,KBS,2026-10-09T04:26:01Z
2026-05-04,CRE,7.65,7.65,7.5,7.64,142100,KBS,2026-10-09T04:26:01Z
2026-05-05,CRE,7.59,7.59,7.41,7.45,160200,KBS,2026-10-09T04:26:01Z
2026-05-06,CRE,7.4,7.7,7.4,7.7,131000,KBS,2026-10-09T04:26:01Z
2026-05-07,CRE,7.67,7.67,7.47,7.5,139400,KBS,2026-10-09T04:26:01Z
2026-05-08,CRE,7.44,7.63,7.44,7.5,95200,KBS,2026-10-09T04:26:01Z
2026-05-11,CRE,7.5,7.55,7.3,7.35,132400,KBS,2026-10-09T04:26:01Z
2026-05-12,CRE,7.31,7.6,7.31,7.6,90900,KBS,2026-10-09T04:26:01Z
2026-05-13,CRE,7.5,7.59,7.41,7.57,88800,KBS,2026-10-09T04:26:01Z
2026-05-14,CRE,7.57,7.75,7.4,7.75,98400,KBS,2026-10-09T04:26:01Z
2026-05-15,CRE,7.5,7.8,7.5,7.5,71900,KBS,2026-10-09T04:26:01Z
2026-05-18,CRE,7.5,7.55,7.41,7.55,156700,KBS,2026-10-09T04:26:01Z
2026-05-19,CRE,7.7,7.7,7.42,7.45,96400,KBS,2026-10-09T04:26:01Z
2026-05-20,CRE,7.5,7.5,7.31,7.4,71300,KBS,2026-10-09T04:26:01Z
2026-05-21,CRE,7.33,7.46,7.32,7.4,89600,KBS,2026-10-09T04:26:01Z
2026-05-22,CRE,7.4,7.91,7.4,7.86,800300,KBS,2026-10-09T04:26:01Z
2026-05-25,CRE,7.74,8.0,7.35,7.94,525200,KBS,2026-10-09T04:26:01Z
2026-05-26,CRE,7.95,8.0,7.94,7.98,325800,KBS,2026-10-09T04:26:01Z
2026-05-27,CRE,8.0,8.0,7.9,7.9,175600,KBS,2026-10-09T04:26:01Z
2026-05-28,CRE,8.0,8.0,7.85,7.93,197400,KBS,2026-10-09T04:26:01Z
2026-05-29,CRE,7.99,7.99,7.79,7.9,108700,KBS,2026-10-09T04:26:01Z
2026-06-01,CRE,7.85,7.95,7.8,7.94,132300,KBS,2026-10-09T04:26:01Z
2026-06-02,CRE,7.85,7.94,7.75,7.9,229200,KBS,2026-10-09T04:26:01Z
2026-06-03,CRE,7.85,7.9,7.69,7.9,410800,KBS,2026-10-09T04:26:01Z
2026-06-04,CRE,7.68,7.68,7.4,7.4,387900,KBS,2026-10-09T04:26:01Z
2026-06-05,CRE,7.5,7.9,7.4,7.85,511100,KBS,2026-10-09T04:26:01Z
2026-06-08,CRE,7.84,7.87,7.5,7.5,219500,KBS,2026-10-09T04:26:01Z
2026-06-09,CRE,7.35,7.68,7.35,7.55,211200,KBS,2026-10-09T04:26:01Z
2026-06-10,CRE,7.44,7.6,7.44,7.55,226400,KBS,2026-10-09T04:26:01Z
2026-06-11,CRE,7.55,7.55,7.41,7.41,116600,KBS,2026-10-09T04:26:01Z
2026-06-12,CRE,7.5,7.6,7.41,7.46,293400,KBS,2026-10-09T04:26:01Z
2026-06-15,CRE,7.35,7.5,7.35,7.5,146100,KBS,2026-10-09T04:26:01Z
2026-06-16,CRE,7.45,7.6,7.41,7.6,246400,KBS,2026-10-09T04:26:01Z
2026-06-17,CRE,7.5,7.6,7.41,7.59,166400,KBS,2026-10-09T04:26:01Z
2026-06-18,CRE,7.45,7.6,7.45,7.59,126000,KBS,2026-10-09T04:26:01Z
2026-06-19,CRE,7.42,7.59,7.4,7.4,198500,KBS,2026-10-09T04:26:01Z
2026-06-22,CRE,7.4,7.42,7.32,7.42,130600,KBS,2026-10-09T04:26:01Z
2026-06-23,CRE,7.33,7.4,7.32,7.4,78600,KBS,2026-10-09T04:26:01Z
2026-06-24,CRE,7.35,7.39,7.2,7.2,119600,KBS,2026-10-09T04:26:01Z
2026-06-25,CRE,7.2,7.3,7.2,7.25,48800,KBS,2026-10-09T04:26:01Z
2026-06-26,CRE,7.26,7.26,7.13,7.2,79000,KBS,2026-10-09T04:26:01Z
2026-06-29,CRE,7.2,7.26,7.1,7.16,112500,KBS,2026-10-09T04:26:01Z
2026-06-30,CRE,7.15,7.16,7.08,7.14,95400,KBS,2026-10-09T04:26:01Z
2026-07-01,CRE,7.14,7.14,7.0,7.07,192800,KBS,2026-10-09T04:26:01Z
2026-07-02,CRE,7.07,7.12,7.0,7.0,126500,KBS,2026-10-09T04:26:01Z
2026-07-03,CRE,7.07,7.07,6.96,6.96,79700,KBS,2026-10-09T04:26:01Z
2026-07-06,CRE,6.96,7.0,6.9,6.92,203300,KBS,2026-10-09T04:26:01Z
2026-07-07,CRE,6.97,6.97,6.85,6.92,123800,KBS,2026-10-09T04:26:01Z
2026-07-08,CRE,6.85,7.2,6.81,7.0,306700,KBS,2026-10-09T04:26:01Z
2026-07-09,CRE,7.0,7.0,6.87,6.92,253300,KBS,2026-10-09T04:26:01Z
2026-07-10,CRE,6.93,6.97,6.85,6.85,129100,KBS,2026-10-09T04:26:01Z
2026-07-13,CRE,6.81,6.9,6.71,6.72,155600,KBS,2026-10-09T04:26:01Z
2026-07-14,CRE,6.72,6.91,6.72,6.9,171000,KBS,2026-10-09T04:26:01Z
2026-07-15,CRE,6.95,6.95,6.8,6.9,84500,KBS,2026-10-09T04:26:01Z
2026-07-16,CRE,6.72,6.91,6.7,6.89,58100,KBS,2026-10-09T04:26:01Z
2026-07-17,CRE,6.8,6.8,6.7,6.8,95700,KBS,2026-10-09T04:26:01Z
2026-07-20,CRE,6.8,6.8,6.6,6.6,92900,KBS,2026-10-09T04:26:01Z
2026-07-21,CRE,6.6,6.6,6.5,6.56,177800,KBS,2026-10-09T04:26:01Z
2026-07-22,CRE,6.51,6.51,6.4,6.45,137900,KBS,2026-10-09T04:26:01Z
2026-07-23,CRE,6.4,6.8,6.3,6.8,193900,KBS,2026-10-09T04:26:01Z
2026-07-24,CRE,6.8,6.8,6.62,6.62,75300,KBS,2026-10-09T04:26:01Z
2026-07-27,CRE,6.6,6.6,6.45,6.5,116300,KBS,2026-10-09T04:26:01Z
2026-07-28,CRE,6.34,6.84,6.34,6.84,164900,KBS,2026-10-09T04:26:01Z
2026-07-29,CRE,6.9,7.14,6.74,7.14,150300,KBS,2026-10-09T04:26:01Z
2026-07-30,CRE,7.03,7.2,6.9,7.2,179300,KBS,2026-10-09T04:26:01Z
2026-07-31,CRE,7.28,7.28,6.95,7.0,95100,KBS,2026-10-09T04:26:01Z
2026-08-03,CRE,6.74,7.3,6.74,7.28,220900,KBS,2026-10-09T04:26:01Z
2026-08-04,CRE,7.28,7.28,7.03,7.15,109600,KBS,2026-10-09T04:26:01Z
2026-08-05,CRE,7.15,7.15,7.02,7.1,105800,KBS,2026-10-09T04:26:01Z
2026-08-06,CRE,7.1,7.1,7.0,7.1,112600,KBS,2026-10-09T04:26:01Z
2026-08-07,CRE,7.1,7.49,6.95,7.47,276400,KBS,2026-10-09T04:26:01Z
2026-08-10,CRE,7.3,7.4,7.2,7.3,96000,KBS,2026-10-09T04:26:01Z
2026-08-11,CRE,7.34,7.34,7.1,7.2,149200,KBS,2026-10-09T04:26:01Z
2026-08-12,CRE,7.3,7.3,7.01,7.12,144900,KBS,2026-10-09T04:26:01Z
2026-08-13,CRE,7.3,7.3,6.98,6.98,150000,KBS,2026-10-09T04:26:01Z
2026-08-14,CRE,6.98,6.98,6.84,6.86,98900,KBS,2026-10-09T04:26:01Z
2026-08-17,CRE,6.86,7.0,6.76,6.8,236100,KBS,2026-10-09T04:26:01Z
2026-08-18,CRE,6.9,7.17,6.76,7.17,244400,KBS,2026-10-09T04:26:01Z
2026-08-19,CRE,7.1,7.1,6.8,6.8,76100,KBS,2026-10-09T04:26:01Z
2026-08-20,CRE,6.89,6.9,6.74,6.9,167900,KBS,2026-10-09T04:26:01Z
2026-08-21,CRE,6.83,7.05,6.75,6.97,155900,KBS,2026-10-09T04:26:01Z
2026-08-24,CRE,6.95,7.22,6.78,7.12,481900,KBS,2026-10-09T04:26:01Z
2026-08-25,CRE,7.1,7.1,6.85,6.9,426200,KBS,2026-10-09T04:26:01Z
2026-08-26,CRE,6.9,6.94,6.75,6.78,372000,KBS,2026-10-09T04:26:01Z
2026-08-27,CRE,6.75,6.86,6.7,6.72,395700,KBS,2026-10-09T04:26:01Z
2026-08-28,CRE,6.72,6.9,6.64,6.9,246900,KBS,2026-10-09T04:26:01Z
2026-09-03,CRE,6.83,6.91,6.58,6.58,371100,KBS,2026-10-09T04:26:01Z
2026-09-04,CRE,6.8,6.8,6.45,6.55,383700,KBS,2026-10-09T04:26:01Z
2026-09-07,CRE,6.55,6.55,6.4,6.4,340400,KBS,2026-10-09T04:26:01Z
2026-09-08,CRE,6.4,6.57,6.3,6.57,248600,KBS,2026-10-09T04:26:01Z
2026-09-09,CRE,6.4,6.45,6.3,6.35,274900,KBS,2026-10-09T04:26:01Z
2026-09-10,CRE,6.35,6.6,6.3,6.35,197400,KBS,2026-10-09T04:26:01Z
2026-09-11,CRE,6.35,6.4,6.1,6.1,182800,KBS,2026-10-09T04:26:01Z
2026-09-14,CRE,6.1,6.2,6.05,6.2,144300,KBS,2026-10-09T04:26:01Z
2026-09-15,CRE,6.2,6.3,6.09,6.28,172700,KBS,2026-10-09T04:26:01Z
2026-09-16,CRE,6.28,6.3,6.2,6.29,146700,KBS,2026-10-09T04:26:01Z
2026-09-17,CRE,6.25,6.55,6.25,6.4,228600,KBS,2026-10-09T04:26:01Z
2026-09-18,CRE,6.4,6.46,6.31,6.41,111900,KBS,2026-10-09T04:26:01Z
2026-09-21,CRE,6.3,6.5,6.3,6.5,129400,KBS,2026-10-09T04:26:01Z
2026-09-22,CRE,6.6,6.6,6.36,6.5,218700,KBS,2026-10-09T04:26:01Z
2026-09-23,CRE,6.45,6.5,6.37,6.49,165200,KBS,2026-10-09T04:26:01Z
2026-09-24,CRE,6.49,6.49,6.32,6.48,88700,KBS,2026-10-09T04:26:01Z
2026-09-25,CRE,6.48,6.48,6.4,6.48,110500,KBS,2026-10-09T04:26:01Z
2026-09-28,CRE,6.48,6.48,6.3,6.34,97700,KBS,2026-10-09T04:26:01Z
2026-09-29,CRE,6.4,6.4,6.25,6.32,126800,KBS,2026-10-09T04:26:01Z
2026-09-30,CRE,6.32,6.32,6.23,6.3,124300,KBS,2026-10-09T04:26:01Z
2026-10-01,CRE,6.3,6.35,6.23,6.34,137300,KBS,2026-10-09T04:26:01Z
2026-10-02,CRE,6.34,6.34,6.15,6.2,168300,KBS,2026-10-09T04:26:01Z
2026-10-05,CRE,6.2,6.2,6.05,6.2,254100,KBS,2026-10-09T04:26:01Z
2026-10-06,CRE,6.19,6.19,5.9,6.0,75300,KBS,2026-10-09T04:26:01Z
2026-10-07,CRE,6.0,6.42,5.96,6.42,388000,KBS,2026-10-09T04:26:01Z
2026-10-08,CRE,6.4,6.42,6.3,6.38,127700,KBS,2026-10-09T04:26:01Z
2026-10-09,CRE,6.3,6.3,6.0,6.2,47700,KBS,2026-10-09T04:26:01Z
