date,symbol,open,high,low,close,volume,source,fetched_at
2018-10-09,DDN,6.58,6.58,6.58,6.58,238,KBS,2026-10-09T05:03:52Z
2018-10-11,DDN,6.58,6.58,6.58,6.58,100,KBS,2026-10-09T05:03:52Z
2018-10-12,DDN,6.58,6.58,6.58,6.58,50,KBS,2026-10-09T05:03:52Z
2018-10-15,DDN,6.47,6.47,6.47,6.47,124,KBS,2026-10-09T05:03:52Z
2018-10-16,DDN,6.52,6.52,6.52,6.52,600,KBS,2026-10-09T05:03:52Z
2018-10-19,DDN,6.52,6.52,6.52,6.52,600,KBS,2026-10-09T05:03:52Z
2018-10-22,DDN,6.52,6.52,6.52,6.52,1300,KBS,2026-10-09T05:03:52Z
2018-10-23,DDN,6.47,6.47,6.47,6.47,2000,KBS,2026-10-09T05:03:52Z
2018-10-26,DDN,6.47,6.47,6.47,6.47,50,KBS,2026-10-09T05:03:52Z
2018-10-31,DDN,5.5,6.74,5.5,5.98,986,KBS,2026-10-09T05:03:52Z
2018-11-05,DDN,7.01,7.01,7.01,7.01,100,KBS,2026-10-09T05:03:52Z
2018-11-06,DDN,6.47,6.47,6.47,6.47,100,KBS,2026-10-09T05:03:52Z
2018-11-07,DDN,6.47,6.47,6.47,6.47,1000,KBS,2026-10-09T05:03:52Z
2018-11-08,DDN,5.5,5.5,5.5,5.5,286,KBS,2026-10-09T05:03:52Z
2018-11-09,DDN,6.04,6.04,6.04,6.04,100,KBS,2026-10-09T05:03:52Z
2018-11-12,DDN,5.66,5.66,5.55,5.55,600,KBS,2026-10-09T05:03:52Z
2018-11-13,DDN,6.41,6.41,6.41,6.41,200,KBS,2026-10-09T05:03:52Z
2018-11-14,DDN,6.41,7.33,6.41,7.33,11100,KBS,2026-10-09T05:03:52Z
2018-11-15,DDN,7.33,8.19,7.28,8.09,39661,KBS,2026-10-09T05:03:52Z
2018-11-16,DDN,8.62,9.06,8.62,8.62,8600,KBS,2026-10-09T05:03:52Z
2018-11-19,DDN,9.16,9.43,9.16,9.16,39311,KBS,2026-10-09T05:03:52Z
2018-11-20,DDN,9.16,9.43,9.16,9.43,228028,KBS,2026-10-09T05:03:52Z
2018-11-21,DDN,8.09,8.09,8.09,8.09,2612,KBS,2026-10-09T05:03:52Z
2018-11-22,DDN,7.12,7.12,7.12,7.12,500,KBS,2026-10-09T05:03:52Z
2018-11-23,DDN,7.12,7.12,7.12,7.12,2000,KBS,2026-10-09T05:03:52Z
2018-11-26,DDN,6.47,6.74,6.47,6.74,1672,KBS,2026-10-09T05:03:52Z
2018-11-27,DDN,6.95,6.95,6.95,6.95,100,KBS,2026-10-09T05:03:52Z
2018-11-28,DDN,7.92,7.92,7.01,7.01,2100,KBS,2026-10-09T05:03:52Z
2018-12-04,DDN,7.06,7.06,7.06,7.06,61,KBS,2026-10-09T05:03:52Z
2018-12-05,DDN,6.9,6.9,6.2,6.2,2533,KBS,2026-10-09T05:03:52Z
2018-12-06,DDN,6.95,7.01,6.95,7.01,500,KBS,2026-10-09T05:03:52Z
2018-12-07,DDN,7.01,7.01,7.01,7.01,600,KBS,2026-10-09T05:03:52Z
2018-12-12,DDN,7.01,7.01,7.01,7.01,92,KBS,2026-10-09T05:03:52Z
2018-12-13,DDN,6.09,6.09,5.98,5.98,1099,KBS,2026-10-09T05:03:52Z
2018-12-14,DDN,5.98,5.98,5.17,5.61,1900,KBS,2026-10-09T05:03:52Z
2018-12-17,DDN,6.2,6.2,6.2,6.2,200,KBS,2026-10-09T05:03:52Z
2018-12-18,DDN,5.5,5.5,5.5,5.5,500,KBS,2026-10-09T05:03:52Z
2018-12-19,DDN,5.93,6.09,5.66,5.93,3600,KBS,2026-10-09T05:03:52Z
2018-12-20,DDN,5.93,5.93,5.93,5.93,5601,KBS,2026-10-09T05:03:52Z
2018-12-25,DDN,5.77,5.77,5.77,5.77,111,KBS,2026-10-09T05:03:52Z
2019-01-02,DDN,5.98,5.98,5.98,5.98,600,KBS,2026-10-09T05:03:52Z
2019-01-04,DDN,5.55,5.55,5.55,5.55,300,KBS,2026-10-09T05:03:52Z
2019-01-07,DDN,5.93,5.93,5.66,5.66,2500,KBS,2026-10-09T05:03:52Z
2019-01-09,DDN,5.55,5.55,5.55,5.55,6800,KBS,2026-10-09T05:03:52Z
2019-01-10,DDN,5.55,5.71,5.55,5.71,900,KBS,2026-10-09T05:03:52Z
2019-01-11,DDN,5.44,5.44,5.44,5.44,400,KBS,2026-10-09T05:03:52Z
2019-01-14,DDN,5.01,5.01,5.01,5.01,200,KBS,2026-10-09T05:03:52Z
2019-01-15,DDN,5.66,5.71,5.12,5.12,500,KBS,2026-10-09T05:03:52Z
2019-01-16,DDN,5.71,5.71,5.66,5.71,700,KBS,2026-10-09T05:03:52Z
2019-01-18,DDN,5.28,6.09,5.23,5.93,1600,KBS,2026-10-09T05:03:52Z
2019-01-23,DDN,5.66,5.66,5.66,5.66,200,KBS,2026-10-09T05:03:52Z
2019-01-28,DDN,5.66,5.93,5.66,5.93,1800,KBS,2026-10-09T05:03:52Z
2019-01-29,DDN,6.09,6.09,5.93,5.93,9300,KBS,2026-10-09T05:03:52Z
2019-02-18,DDN,6.04,6.04,6.04,6.04,400,KBS,2026-10-09T05:03:52Z
2019-02-19,DDN,6.04,6.04,6.04,6.04,11,KBS,2026-10-09T05:03:52Z
2019-02-20,DDN,6.31,6.31,6.31,6.31,200,KBS,2026-10-09T05:03:52Z
2019-03-11,DDN,6.31,6.31,6.31,6.31,600,KBS,2026-10-09T05:03:52Z
2019-03-13,DDN,6.31,6.31,6.31,6.31,200,KBS,2026-10-09T05:03:52Z
2019-03-19,DDN,6.31,6.31,6.31,6.31,75,KBS,2026-10-09T05:03:52Z
2019-03-20,DDN,6.2,6.2,6.2,6.2,150,KBS,2026-10-09T05:03:52Z
2019-03-22,DDN,6.2,6.2,6.2,6.2,10,KBS,2026-10-09T05:03:52Z
2019-03-25,DDN,6.2,6.2,6.2,6.2,100,KBS,2026-10-09T05:03:52Z
2019-03-26,DDN,6.2,6.2,6.2,6.2,136,KBS,2026-10-09T05:03:52Z
2019-03-27,DDN,6.63,6.9,6.63,6.9,300,KBS,2026-10-09T05:03:52Z
2019-04-01,DDN,5.88,5.88,5.88,5.88,248,KBS,2026-10-09T05:03:52Z
2019-04-05,DDN,6.2,6.47,6.2,6.47,1320,KBS,2026-10-09T05:03:52Z
2019-04-11,DDN,6.31,6.31,6.31,6.31,900,KBS,2026-10-09T05:03:52Z
2019-04-17,DDN,6.47,6.47,6.47,6.47,3500,KBS,2026-10-09T05:03:52Z
2019-04-18,DDN,6.47,6.47,6.47,6.47,500,KBS,2026-10-09T05:03:52Z
2019-04-19,DDN,6.47,6.47,6.47,6.47,500,KBS,2026-10-09T05:03:52Z
2019-04-23,DDN,6.47,6.47,6.47,6.47,500,KBS,2026-10-09T05:03:52Z
2019-04-24,DDN,6.47,6.47,6.47,6.47,59,KBS,2026-10-09T05:03:52Z
2019-04-25,DDN,6.52,6.52,6.52,6.52,11300,KBS,2026-10-09T05:03:52Z
2019-05-10,DDN,7.49,7.49,7.49,7.49,100,KBS,2026-10-09T05:03:52Z
2019-05-13,DDN,8.09,8.09,8.09,8.09,100,KBS,2026-10-09T05:03:52Z
2019-05-15,DDN,9.16,9.16,9.16,9.16,176,KBS,2026-10-09T05:03:52Z
2019-05-17,DDN,8.09,10.51,7.82,7.82,46660,KBS,2026-10-09T05:03:52Z
2019-05-20,DDN,9.7,10.78,9.7,10.78,3000,KBS,2026-10-09T05:03:52Z
2019-05-21,DDN,8.89,8.89,8.89,8.89,1000,KBS,2026-10-09T05:03:52Z
2019-06-07,DDN,8.89,8.89,8.89,8.89,1000,KBS,2026-10-09T05:03:52Z
2019-06-24,DDN,8.62,8.62,8.62,8.62,200,KBS,2026-10-09T05:03:52Z
2019-07-05,DDN,7.78,7.78,7.78,7.78,500,KBS,2026-10-09T05:03:52Z
2019-07-08,DDN,7.85,7.85,7.85,7.85,3000,KBS,2026-10-09T05:03:52Z
2019-07-12,DDN,7.78,7.78,6.68,6.68,500,KBS,2026-10-09T05:03:52Z
2019-07-15,DDN,7.13,7.13,7.13,7.13,200,KBS,2026-10-09T05:03:52Z
2019-07-19,DDN,7.26,7.26,7.26,7.26,500,KBS,2026-10-09T05:03:52Z
2019-07-22,DDN,7.72,7.72,7.72,7.72,200,KBS,2026-10-09T05:03:52Z
2019-07-23,DDN,7.78,7.78,6.61,6.81,1400,KBS,2026-10-09T05:03:52Z
2019-08-02,DDN,7.72,7.72,7.72,7.72,110,KBS,2026-10-09T05:03:52Z
2019-08-06,DDN,6.61,6.61,6.61,6.61,1000,KBS,2026-10-09T05:03:52Z
2019-08-07,DDN,6.61,6.61,6.61,6.61,2000,KBS,2026-10-09T05:03:52Z
2019-08-12,DDN,6.61,6.61,6.61,6.61,20,KBS,2026-10-09T05:03:52Z
2019-08-15,DDN,6.81,6.81,6.81,6.81,1600,KBS,2026-10-09T05:03:52Z
2019-08-16,DDN,6.81,7.0,6.81,7.0,2500,KBS,2026-10-09T05:03:52Z
2019-08-21,DDN,7.0,7.0,7.0,7.0,25,KBS,2026-10-09T05:03:52Z
2019-08-22,DDN,7.0,7.0,7.0,7.0,109,KBS,2026-10-09T05:03:52Z
2019-08-23,DDN,7.0,7.0,7.0,7.0,31,KBS,2026-10-09T05:03:52Z
2019-08-26,DDN,7.0,7.0,7.0,7.0,25,KBS,2026-10-09T05:03:52Z
2019-08-28,DDN,6.23,6.23,6.1,6.1,1661,KBS,2026-10-09T05:03:52Z
2019-09-03,DDN,6.74,6.74,6.42,6.42,363,KBS,2026-10-09T05:03:52Z
2019-09-04,DDN,6.48,6.48,6.48,6.48,1000,KBS,2026-10-09T05:03:52Z
2019-09-05,DDN,6.35,6.35,6.16,6.16,1200,KBS,2026-10-09T05:03:52Z
2019-09-12,DDN,6.81,6.81,6.74,6.81,3028,KBS,2026-10-09T05:03:52Z
2019-09-17,DDN,6.48,6.48,6.48,6.48,1000,KBS,2026-10-09T05:03:52Z
2019-09-26,DDN,6.16,6.16,6.16,6.16,400,KBS,2026-10-09T05:03:52Z
2019-10-10,DDN,6.16,6.16,6.16,6.16,4000,KBS,2026-10-09T05:03:52Z
2019-11-05,DDN,6.16,6.16,6.16,6.16,24,KBS,2026-10-09T05:03:52Z
2019-11-06,DDN,6.16,6.16,6.16,6.16,500,KBS,2026-10-09T05:03:52Z
2019-11-25,DDN,6.16,6.16,6.16,6.16,24,KBS,2026-10-09T05:03:52Z
2019-12-26,DDN,6.16,6.16,6.16,6.16,100,KBS,2026-10-09T05:03:52Z
2020-01-02,DDN,6.16,6.16,6.16,6.16,1000,KBS,2026-10-09T05:03:52Z
2020-01-03,DDN,6.16,6.16,6.16,6.16,20,KBS,2026-10-09T05:03:52Z
2020-01-07,DDN,6.16,6.16,6.16,6.16,300,KBS,2026-10-09T05:03:52Z
2020-01-08,DDN,6.16,6.16,6.16,6.16,100,KBS,2026-10-09T05:03:52Z
2020-01-10,DDN,6.16,6.16,6.16,6.16,43,KBS,2026-10-09T05:03:52Z
2020-01-14,DDN,5.97,5.97,5.97,5.97,2900,KBS,2026-10-09T05:03:52Z
2020-01-20,DDN,5.84,5.84,5.84,5.84,500,KBS,2026-10-09T05:03:52Z
2020-01-21,DDN,6.16,6.16,6.16,6.16,1800,KBS,2026-10-09T05:03:52Z
2020-01-22,DDN,6.48,6.48,6.48,6.48,100,KBS,2026-10-09T05:03:52Z
2020-01-31,DDN,6.48,7.46,6.48,7.46,4110,KBS,2026-10-09T05:03:52Z
2020-02-03,DDN,8.3,8.36,7.78,7.78,8333,KBS,2026-10-09T05:03:52Z
2020-02-04,DDN,8.24,8.24,8.24,8.24,800,KBS,2026-10-09T05:03:52Z
2020-02-05,DDN,8.24,8.24,8.24,8.24,100,KBS,2026-10-09T05:03:52Z
2020-02-10,DDN,8.24,8.24,8.24,8.24,50,KBS,2026-10-09T05:03:52Z
2020-02-20,DDN,7.46,7.46,7.0,7.0,2700,KBS,2026-10-09T05:03:52Z
2020-02-25,DDN,7.13,7.13,7.13,7.13,600,KBS,2026-10-09T05:03:52Z
2020-02-27,DDN,6.23,6.23,6.16,6.16,1514,KBS,2026-10-09T05:03:52Z
2020-03-04,DDN,6.16,6.16,6.16,6.16,320,KBS,2026-10-09T05:03:52Z
2020-03-05,DDN,6.16,6.16,6.16,6.16,200,KBS,2026-10-09T05:03:52Z
2020-03-06,DDN,7.0,7.0,7.0,7.0,100,KBS,2026-10-09T05:03:52Z
2020-03-09,DDN,7.07,7.07,6.16,6.23,1750,KBS,2026-10-09T05:03:52Z
2020-03-16,DDN,6.03,6.03,6.03,6.03,1305,KBS,2026-10-09T05:03:52Z
2020-03-17,DDN,5.84,6.03,5.84,6.03,1600,KBS,2026-10-09T05:03:52Z
2020-03-18,DDN,5.9,6.68,5.9,6.68,3300,KBS,2026-10-09T05:03:52Z
2020-03-19,DDN,6.68,6.68,6.68,6.68,2450,KBS,2026-10-09T05:03:52Z
2020-03-23,DDN,6.68,6.68,6.68,6.68,97,KBS,2026-10-09T05:03:52Z
2020-03-25,DDN,5.77,6.48,5.77,6.48,700,KBS,2026-10-09T05:03:52Z
2020-03-31,DDN,6.42,6.42,6.42,6.42,100,KBS,2026-10-09T05:03:52Z
2020-04-01,DDN,6.42,6.42,6.42,6.42,1500,KBS,2026-10-09T05:03:52Z
2020-04-03,DDN,6.48,6.48,6.48,6.48,156,KBS,2026-10-09T05:03:52Z
2020-04-07,DDN,5.77,5.77,5.77,5.77,200,KBS,2026-10-09T05:03:52Z
2020-04-08,DDN,5.84,5.84,5.84,5.84,1556,KBS,2026-10-09T05:03:52Z
2020-04-09,DDN,5.84,6.42,5.84,6.42,2100,KBS,2026-10-09T05:03:52Z
2020-04-14,DDN,5.9,6.68,5.9,6.68,800,KBS,2026-10-09T05:03:52Z
2020-04-16,DDN,6.48,6.94,6.48,6.48,3400,KBS,2026-10-09T05:03:52Z
2020-04-17,DDN,6.87,6.87,6.81,6.87,9400,KBS,2026-10-09T05:03:52Z
2020-04-20,DDN,6.87,6.87,6.87,6.87,100,KBS,2026-10-09T05:03:52Z
2020-04-21,DDN,6.81,6.81,6.81,6.81,3200,KBS,2026-10-09T05:03:52Z
2020-05-05,DDN,6.03,6.03,6.03,6.03,500,KBS,2026-10-09T05:03:52Z
2020-05-06,DDN,6.03,6.23,6.03,6.16,7300,KBS,2026-10-09T05:03:52Z
2020-05-07,DDN,6.16,6.16,6.16,6.16,1521,KBS,2026-10-09T05:03:52Z
2020-05-08,DDN,6.16,6.48,6.16,6.48,430,KBS,2026-10-09T05:03:52Z
2020-05-14,DDN,6.81,6.81,6.35,6.35,200,KBS,2026-10-09T05:03:52Z
2020-05-19,DDN,6.61,6.61,6.61,6.61,100,KBS,2026-10-09T05:03:52Z
2020-05-27,DDN,6.61,6.61,6.61,6.61,252,KBS,2026-10-09T05:03:52Z
2020-06-04,DDN,6.81,6.81,6.81,6.81,600,KBS,2026-10-09T05:03:52Z
2020-06-05,DDN,6.81,6.81,6.81,6.81,100,KBS,2026-10-09T05:03:52Z
2020-06-08,DDN,6.81,6.81,6.81,6.81,100,KBS,2026-10-09T05:03:52Z
2020-06-10,DDN,6.81,6.81,6.81,6.81,4,KBS,2026-10-09T05:03:52Z
2020-06-16,DDN,6.81,6.81,6.81,6.81,1000,KBS,2026-10-09T05:03:52Z
2020-06-17,DDN,6.81,6.81,6.81,6.81,500,KBS,2026-10-09T05:03:52Z
2020-06-18,DDN,7.13,7.13,7.13,7.13,100,KBS,2026-10-09T05:03:52Z
2020-06-19,DDN,7.0,7.0,7.0,7.0,100,KBS,2026-10-09T05:03:52Z
2020-06-25,DDN,7.0,7.0,7.0,7.0,500,KBS,2026-10-09T05:03:52Z
2020-06-26,DDN,6.81,6.81,6.81,6.81,1000,KBS,2026-10-09T05:03:52Z
2020-07-01,DDN,5.9,5.9,5.9,5.9,940,KBS,2026-10-09T05:03:52Z
2020-07-03,DDN,5.9,5.9,5.9,5.9,28,KBS,2026-10-09T05:03:52Z
2020-07-06,DDN,6.61,6.68,6.61,6.68,1000,KBS,2026-10-09T05:03:52Z
2020-07-17,DDN,7.13,7.13,7.13,7.13,100,KBS,2026-10-09T05:03:52Z
2020-07-23,DDN,7.13,7.13,7.13,7.13,28,KBS,2026-10-09T05:03:52Z
2020-07-24,DDN,7.33,7.33,7.33,7.33,240,KBS,2026-10-09T05:03:52Z
2020-07-27,DDN,6.68,6.68,6.68,6.68,1100,KBS,2026-10-09T05:03:52Z
2020-07-28,DDN,7.65,7.65,7.13,7.13,4959,KBS,2026-10-09T05:03:52Z
2020-07-31,DDN,7.13,7.13,7.13,7.13,2000,KBS,2026-10-09T05:03:52Z
2020-08-03,DDN,7.2,7.2,7.2,7.2,220,KBS,2026-10-09T05:03:52Z
2020-08-04,DDN,6.81,8.11,6.81,7.46,4568,KBS,2026-10-09T05:03:52Z
2020-08-06,DDN,7.46,7.46,6.81,7.46,4100,KBS,2026-10-09T05:03:52Z
2020-08-07,DDN,7.13,7.13,7.13,7.13,2145,KBS,2026-10-09T05:03:52Z
2020-08-10,DDN,7.13,7.46,7.13,7.39,8500,KBS,2026-10-09T05:03:52Z
2020-08-11,DDN,7.33,7.33,7.33,7.33,1000,KBS,2026-10-09T05:03:52Z
2020-08-12,DDN,7.78,7.78,7.78,7.78,200,KBS,2026-10-09T05:03:52Z
2020-08-13,DDN,7.46,8.24,7.46,8.24,11700,KBS,2026-10-09T05:03:52Z
2020-08-14,DDN,7.78,8.69,7.78,8.69,18926,KBS,2026-10-09T05:03:52Z
2020-08-17,DDN,8.56,9.4,8.49,9.08,62320,KBS,2026-10-09T05:03:52Z
2020-08-18,DDN,9.34,10.05,9.21,10.05,91560,KBS,2026-10-09T05:03:52Z
2020-08-19,DDN,10.12,10.5,9.6,9.73,98275,KBS,2026-10-09T05:03:52Z
2020-08-20,DDN,9.73,9.73,8.62,9.34,54541,KBS,2026-10-09T05:03:52Z
2020-08-21,DDN,9.28,9.57,8.93,9.14,43461,KBS,2026-10-09T05:03:52Z
2020-08-24,DDN,9.5,10.56,9.5,10.28,54600,KBS,2026-10-09T05:03:52Z
2020-08-25,DDN,10.28,10.42,10.06,10.28,167029,KBS,2026-10-09T05:03:52Z
2020-08-26,DDN,10.28,10.63,10.13,10.56,134631,KBS,2026-10-09T05:03:52Z
2020-08-27,DDN,10.42,10.99,10.35,10.99,102837,KBS,2026-10-09T05:03:52Z
2020-08-28,DDN,10.56,10.63,10.42,10.49,73727,KBS,2026-10-09T05:03:52Z
2020-08-31,DDN,10.49,10.99,10.42,10.42,90066,KBS,2026-10-09T05:03:52Z
2020-09-01,DDN,10.49,10.49,9.85,10.42,94131,KBS,2026-10-09T05:03:52Z
2020-09-03,DDN,10.35,10.42,10.35,10.35,40978,KBS,2026-10-09T05:03:52Z
2020-09-04,DDN,10.35,10.42,10.28,10.28,47800,KBS,2026-10-09T05:03:52Z
2020-09-07,DDN,10.99,10.99,10.13,10.28,43679,KBS,2026-10-09T05:03:52Z
2020-09-08,DDN,10.21,10.42,10.13,10.28,55960,KBS,2026-10-09T05:03:52Z
2020-09-09,DDN,10.21,10.49,9.99,10.49,47046,KBS,2026-10-09T05:03:52Z
2020-09-10,DDN,10.28,10.28,10.06,10.21,42618,KBS,2026-10-09T05:03:52Z
2020-09-11,DDN,10.13,10.28,10.13,10.21,25357,KBS,2026-10-09T05:03:52Z
2020-09-14,DDN,10.13,10.13,9.92,10.06,23545,KBS,2026-10-09T05:03:52Z
2020-09-15,DDN,10.06,10.13,9.85,9.99,30949,KBS,2026-10-09T05:03:52Z
2020-09-16,DDN,9.92,9.92,9.36,9.78,18200,KBS,2026-10-09T05:03:52Z
2020-09-17,DDN,9.78,9.78,8.93,9.5,40459,KBS,2026-10-09T05:03:52Z
2020-09-18,DDN,9.21,9.57,9.14,9.36,20420,KBS,2026-10-09T05:03:52Z
2020-09-21,DDN,9.43,9.43,8.5,8.5,98095,KBS,2026-10-09T05:03:52Z
2020-09-22,DDN,8.72,8.72,8.01,8.08,81059,KBS,2026-10-09T05:03:52Z
2020-09-23,DDN,8.08,8.86,8.08,8.72,30520,KBS,2026-10-09T05:03:52Z
2020-09-24,DDN,8.36,8.65,8.29,8.36,22039,KBS,2026-10-09T05:03:52Z
2020-09-25,DDN,8.5,8.5,8.01,8.01,63431,KBS,2026-10-09T05:03:52Z
2020-09-28,DDN,8.01,8.22,7.94,8.08,29257,KBS,2026-10-09T05:03:52Z
2020-09-29,DDN,8.08,8.29,8.08,8.22,25163,KBS,2026-10-09T05:03:52Z
2020-09-30,DDN,8.15,8.15,8.01,8.08,18800,KBS,2026-10-09T05:03:52Z
2020-10-01,DDN,8.15,8.15,8.01,8.08,14012,KBS,2026-10-09T05:03:52Z
2020-10-02,DDN,8.01,8.01,7.8,7.87,22510,KBS,2026-10-09T05:03:52Z
2020-10-05,DDN,8.01,8.01,7.87,8.01,8610,KBS,2026-10-09T05:03:52Z
2020-10-06,DDN,7.87,8.01,7.8,7.87,31423,KBS,2026-10-09T05:03:52Z
2020-10-07,DDN,8.01,8.22,7.94,8.01,38100,KBS,2026-10-09T05:03:52Z
2020-10-08,DDN,8.01,8.15,8.01,8.15,28211,KBS,2026-10-09T05:03:52Z
2020-10-09,DDN,8.29,8.29,8.01,8.01,3650,KBS,2026-10-09T05:03:52Z
2020-10-12,DDN,8.01,8.08,7.94,8.08,29434,KBS,2026-10-09T05:03:52Z
2020-10-13,DDN,8.08,8.15,8.01,8.01,16076,KBS,2026-10-09T05:03:52Z
2020-10-14,DDN,8.08,8.08,7.94,7.94,12110,KBS,2026-10-09T05:03:52Z
2020-10-15,DDN,7.94,8.01,7.87,7.87,7566,KBS,2026-10-09T05:03:52Z
2020-10-16,DDN,7.94,8.08,7.73,7.73,14150,KBS,2026-10-09T05:03:52Z
2020-10-19,DDN,7.8,7.87,7.8,7.87,36100,KBS,2026-10-09T05:03:52Z
2020-10-20,DDN,7.87,7.87,7.8,7.8,13200,KBS,2026-10-09T05:03:52Z
2020-10-21,DDN,7.8,7.8,7.65,7.73,11926,KBS,2026-10-09T05:03:52Z
2020-10-22,DDN,7.73,7.73,7.51,7.58,38364,KBS,2026-10-09T05:03:52Z
2020-10-23,DDN,7.65,7.65,7.51,7.58,19800,KBS,2026-10-09T05:03:52Z
2020-10-26,DDN,7.8,7.8,7.58,7.58,610,KBS,2026-10-09T05:03:52Z
2020-10-27,DDN,7.58,7.58,7.58,7.58,7400,KBS,2026-10-09T05:03:52Z
2020-10-28,DDN,7.58,7.58,7.37,7.37,29120,KBS,2026-10-09T05:03:52Z
2020-10-29,DDN,7.3,7.3,6.8,6.8,51500,KBS,2026-10-09T05:03:52Z
2020-10-30,DDN,6.73,6.8,6.59,6.59,28400,KBS,2026-10-09T05:03:52Z
2020-11-02,DDN,6.73,6.73,6.66,6.73,17820,KBS,2026-10-09T05:03:52Z
2020-11-03,DDN,6.59,7.3,6.59,7.3,33613,KBS,2026-10-09T05:03:52Z
2020-11-04,DDN,7.23,7.37,7.23,7.3,8600,KBS,2026-10-09T05:03:52Z
2020-11-05,DDN,7.3,7.3,7.3,7.3,800,KBS,2026-10-09T05:03:52Z
2020-11-06,DDN,7.3,7.3,7.3,7.3,4500,KBS,2026-10-09T05:03:52Z
2020-11-09,DDN,7.8,7.8,7.37,7.44,25300,KBS,2026-10-09T05:03:52Z
2020-11-10,DDN,7.44,7.44,7.37,7.37,7100,KBS,2026-10-09T05:03:52Z
2020-11-11,DDN,7.37,7.44,7.23,7.23,7430,KBS,2026-10-09T05:03:52Z
2020-11-12,DDN,7.16,7.23,7.16,7.16,32200,KBS,2026-10-09T05:03:52Z
2020-11-13,DDN,7.16,7.16,7.16,7.16,13600,KBS,2026-10-09T05:03:52Z
2020-11-16,DDN,7.16,7.16,7.16,7.16,19400,KBS,2026-10-09T05:03:52Z
2020-11-17,DDN,7.16,7.16,7.16,7.16,2300,KBS,2026-10-09T05:03:52Z
2020-11-18,DDN,7.16,7.16,7.09,7.16,6900,KBS,2026-10-09T05:03:52Z
2020-11-19,DDN,7.16,7.23,7.16,7.23,3810,KBS,2026-10-09T05:03:52Z
2020-11-20,DDN,7.16,7.16,7.16,7.16,5800,KBS,2026-10-09T05:03:52Z
2020-11-23,DDN,7.16,7.16,7.16,7.16,3000,KBS,2026-10-09T05:03:52Z
2020-11-24,DDN,7.3,7.73,7.3,7.58,5601,KBS,2026-10-09T05:03:52Z
2020-11-26,DDN,7.51,7.51,7.44,7.44,2700,KBS,2026-10-09T05:03:52Z
2020-11-27,DDN,7.37,7.37,7.23,7.23,4500,KBS,2026-10-09T05:03:52Z
2020-11-30,DDN,7.3,7.3,7.3,7.3,2700,KBS,2026-10-09T05:03:52Z
2020-12-01,DDN,7.44,7.65,7.3,7.51,9666,KBS,2026-10-09T05:03:52Z
2020-12-02,DDN,7.8,8.22,7.8,7.8,7041,KBS,2026-10-09T05:03:52Z
2020-12-03,DDN,7.8,7.8,7.8,7.8,12939,KBS,2026-10-09T05:03:52Z
2020-12-04,DDN,7.58,7.8,7.58,7.8,3650,KBS,2026-10-09T05:03:52Z
2020-12-07,DDN,7.51,7.65,7.51,7.65,7137,KBS,2026-10-09T05:03:52Z
2020-12-08,DDN,7.51,7.51,7.51,7.51,2194,KBS,2026-10-09T05:03:52Z
2020-12-09,DDN,7.51,7.8,7.51,7.65,6600,KBS,2026-10-09T05:03:52Z
2020-12-10,DDN,7.73,7.8,7.51,7.51,3950,KBS,2026-10-09T05:03:52Z
2020-12-11,DDN,7.51,7.51,7.37,7.44,13902,KBS,2026-10-09T05:03:52Z
2020-12-14,DDN,7.58,7.58,7.51,7.58,6100,KBS,2026-10-09T05:03:52Z
2020-12-15,DDN,7.51,7.8,7.51,7.65,23600,KBS,2026-10-09T05:03:52Z
2020-12-16,DDN,7.73,7.73,7.73,7.73,45,KBS,2026-10-09T05:03:52Z
2020-12-17,DDN,7.73,7.73,7.73,7.73,500,KBS,2026-10-09T05:03:52Z
2020-12-18,DDN,7.73,7.73,7.44,7.65,4900,KBS,2026-10-09T05:03:52Z
2020-12-21,DDN,7.65,7.73,7.58,7.65,4131,KBS,2026-10-09T05:03:52Z
2020-12-22,DDN,7.58,7.58,7.51,7.58,11400,KBS,2026-10-09T05:03:52Z
2020-12-23,DDN,7.65,7.8,7.65,7.73,21140,KBS,2026-10-09T05:03:52Z
2020-12-24,DDN,7.65,7.73,7.58,7.73,27700,KBS,2026-10-09T05:03:52Z
2020-12-25,DDN,7.44,7.73,7.44,7.65,6380,KBS,2026-10-09T05:03:52Z
2020-12-28,DDN,7.65,7.73,7.58,7.58,16945,KBS,2026-10-09T05:03:52Z
2020-12-29,DDN,7.58,7.65,7.51,7.65,10606,KBS,2026-10-09T05:03:52Z
2020-12-30,DDN,7.65,8.08,7.65,8.01,40641,KBS,2026-10-09T05:03:52Z
2020-12-31,DDN,7.94,8.08,7.87,8.08,12295,KBS,2026-10-09T05:03:52Z
2021-01-04,DDN,8.22,9.0,8.15,8.93,67701,KBS,2026-10-09T05:03:52Z
2021-01-05,DDN,8.72,9.43,8.72,9.21,54510,KBS,2026-10-09T05:03:52Z
2021-01-06,DDN,9.21,9.21,8.86,9.0,12610,KBS,2026-10-09T05:03:52Z
2021-01-07,DDN,8.65,9.07,8.65,8.93,11700,KBS,2026-10-09T05:03:52Z
2021-01-08,DDN,8.58,8.79,8.5,8.65,5700,KBS,2026-10-09T05:03:52Z
2021-01-11,DDN,8.72,8.72,8.36,8.5,6600,KBS,2026-10-09T05:03:52Z
2021-01-12,DDN,8.65,8.86,8.5,8.86,19804,KBS,2026-10-09T05:03:52Z
2021-01-13,DDN,8.65,8.86,8.58,8.79,44600,KBS,2026-10-09T05:03:52Z
2021-01-14,DDN,8.65,8.79,8.58,8.58,10400,KBS,2026-10-09T05:03:52Z
2021-01-15,DDN,8.86,9.0,8.65,8.86,21630,KBS,2026-10-09T05:03:52Z
2021-01-18,DDN,8.79,8.79,8.79,8.79,200,KBS,2026-10-09T05:03:52Z
2021-01-19,DDN,8.79,8.79,8.15,8.65,19800,KBS,2026-10-09T05:03:52Z
2021-01-20,DDN,8.15,8.5,8.15,8.5,3300,KBS,2026-10-09T05:03:52Z
2021-01-21,DDN,8.79,8.79,8.43,8.5,26700,KBS,2026-10-09T05:03:52Z
2021-01-22,DDN,8.5,8.5,8.36,8.5,7200,KBS,2026-10-09T05:03:52Z
2021-01-25,DDN,8.43,8.43,8.36,8.43,9900,KBS,2026-10-09T05:03:52Z
2021-01-26,DDN,8.29,8.29,8.08,8.15,33700,KBS,2026-10-09T05:03:52Z
2021-01-27,DDN,8.22,8.29,8.01,8.01,6226,KBS,2026-10-09T05:03:52Z
2021-01-28,DDN,7.44,8.72,7.37,8.72,42700,KBS,2026-10-09T05:03:52Z
2021-01-29,DDN,8.72,8.72,8.36,8.36,32004,KBS,2026-10-09T05:03:52Z
2021-02-01,DDN,8.65,8.65,7.87,8.43,8408,KBS,2026-10-09T05:03:52Z
2021-02-02,DDN,7.94,7.94,7.51,7.8,5817,KBS,2026-10-09T05:03:52Z
2021-02-03,DDN,7.65,8.15,7.65,7.8,36900,KBS,2026-10-09T05:03:52Z
2021-02-04,DDN,8.15,8.15,7.65,7.65,6010,KBS,2026-10-09T05:03:52Z
2021-02-05,DDN,7.65,7.8,7.65,7.73,7932,KBS,2026-10-09T05:03:52Z
2021-02-08,DDN,7.65,7.65,7.65,7.65,2000,KBS,2026-10-09T05:03:52Z
2021-02-09,DDN,7.8,7.8,7.65,7.73,7300,KBS,2026-10-09T05:03:52Z
2021-02-17,DDN,7.8,7.94,7.8,7.94,2300,KBS,2026-10-09T05:03:52Z
2021-02-18,DDN,7.87,8.08,7.8,8.08,2402,KBS,2026-10-09T05:03:52Z
2021-02-19,DDN,8.01,8.01,7.73,8.01,7621,KBS,2026-10-09T05:03:52Z
2021-02-22,DDN,8.01,8.01,7.09,7.87,17700,KBS,2026-10-09T05:03:52Z
2021-02-23,DDN,7.8,8.15,7.8,8.15,19411,KBS,2026-10-09T05:03:52Z
2021-02-24,DDN,8.15,8.5,8.01,8.08,10300,KBS,2026-10-09T05:03:52Z
2021-02-25,DDN,8.08,8.36,8.01,8.01,11013,KBS,2026-10-09T05:03:52Z
2021-02-26,DDN,7.73,8.08,7.44,8.01,19700,KBS,2026-10-09T05:03:52Z
2021-03-01,DDN,8.01,8.15,8.01,8.15,6500,KBS,2026-10-09T05:03:52Z
2021-03-02,DDN,8.22,8.22,8.15,8.22,10800,KBS,2026-10-09T05:03:52Z
2021-03-03,DDN,8.29,8.72,8.29,8.72,24414,KBS,2026-10-09T05:03:52Z
2021-03-04,DDN,8.5,8.5,8.36,8.36,17200,KBS,2026-10-09T05:03:52Z
2021-03-05,DDN,8.43,8.5,8.29,8.5,16400,KBS,2026-10-09T05:03:52Z
2021-03-08,DDN,8.43,9.14,8.29,9.14,82300,KBS,2026-10-09T05:03:52Z
2021-03-09,DDN,9.14,9.14,8.79,8.79,30800,KBS,2026-10-09T05:03:52Z
2021-03-10,DDN,8.86,8.86,8.86,8.86,6800,KBS,2026-10-09T05:03:52Z
2021-03-11,DDN,8.86,8.93,8.5,8.93,28013,KBS,2026-10-09T05:03:52Z
2021-03-12,DDN,8.79,8.79,8.5,8.72,9000,KBS,2026-10-09T05:03:52Z
2021-03-15,DDN,8.5,8.79,8.5,8.79,9000,KBS,2026-10-09T05:03:52Z
2021-03-16,DDN,8.86,8.93,8.5,8.79,23300,KBS,2026-10-09T05:03:52Z
2021-03-17,DDN,8.5,8.86,8.5,8.58,23600,KBS,2026-10-09T05:03:52Z
2021-03-18,DDN,8.58,8.86,8.58,8.86,14062,KBS,2026-10-09T05:03:52Z
2021-03-19,DDN,8.72,8.86,8.58,8.86,10413,KBS,2026-10-09T05:03:52Z
2021-03-22,DDN,8.86,8.86,8.72,8.79,17300,KBS,2026-10-09T05:03:52Z
2021-03-23,DDN,8.65,8.86,8.65,8.86,23000,KBS,2026-10-09T05:03:52Z
2021-03-24,DDN,8.72,8.72,8.5,8.5,6257,KBS,2026-10-09T05:03:52Z
2021-03-25,DDN,8.58,8.58,8.43,8.43,17787,KBS,2026-10-09T05:03:52Z
2021-03-26,DDN,8.43,8.43,8.43,8.43,5500,KBS,2026-10-09T05:03:52Z
2021-03-29,DDN,8.43,8.58,8.43,8.43,7700,KBS,2026-10-09T05:03:52Z
2021-03-30,DDN,8.43,8.65,8.43,8.5,1800,KBS,2026-10-09T05:03:52Z
2021-03-31,DDN,8.58,8.58,8.5,8.5,2400,KBS,2026-10-09T05:03:52Z
2021-04-01,DDN,8.43,8.58,8.43,8.43,12500,KBS,2026-10-09T05:03:52Z
2021-04-02,DDN,8.5,8.58,8.5,8.5,12110,KBS,2026-10-09T05:03:52Z
2021-04-05,DDN,8.58,8.58,8.5,8.5,2965,KBS,2026-10-09T05:03:52Z
2021-04-06,DDN,8.5,8.65,8.5,8.5,3800,KBS,2026-10-09T05:03:52Z
2021-04-07,DDN,8.58,8.65,8.58,8.65,7900,KBS,2026-10-09T05:03:52Z
2021-04-08,DDN,8.65,8.65,8.65,8.65,3280,KBS,2026-10-09T05:03:52Z
2021-04-09,DDN,8.65,8.65,8.65,8.65,4100,KBS,2026-10-09T05:03:52Z
2021-04-12,DDN,8.65,8.79,8.58,8.79,9500,KBS,2026-10-09T05:03:52Z
2021-04-13,DDN,8.65,8.65,8.43,8.43,11200,KBS,2026-10-09T05:03:52Z
2021-04-14,DDN,8.58,8.58,8.58,8.58,200,KBS,2026-10-09T05:03:52Z
2021-04-15,DDN,8.65,8.86,8.58,8.58,1821,KBS,2026-10-09T05:03:52Z
2021-04-16,DDN,8.5,8.5,8.15,8.5,8450,KBS,2026-10-09T05:03:52Z
2021-04-19,DDN,8.43,8.72,8.43,8.72,10000,KBS,2026-10-09T05:03:52Z
2021-04-20,DDN,8.36,8.43,8.36,8.43,400,KBS,2026-10-09T05:03:52Z
2021-04-22,DDN,8.43,8.79,8.29,8.79,11200,KBS,2026-10-09T05:03:52Z
2021-04-23,DDN,8.43,8.65,8.29,8.65,11400,KBS,2026-10-09T05:03:52Z
2021-04-26,DDN,8.5,8.65,8.36,8.5,7900,KBS,2026-10-09T05:03:52Z
2021-04-27,DDN,8.5,8.5,8.43,8.43,1520,KBS,2026-10-09T05:03:52Z
2021-04-28,DDN,8.65,8.65,8.5,8.5,310,KBS,2026-10-09T05:03:52Z
2021-04-29,DDN,8.36,8.36,8.29,8.36,5100,KBS,2026-10-09T05:03:52Z
2021-05-04,DDN,8.58,8.65,8.5,8.58,30500,KBS,2026-10-09T05:03:52Z
2021-05-05,DDN,8.58,8.58,8.5,8.58,7400,KBS,2026-10-09T05:03:52Z
2021-05-06,DDN,8.65,8.65,8.43,8.43,7500,KBS,2026-10-09T05:03:52Z
2021-05-07,DDN,8.5,8.5,8.36,8.36,23500,KBS,2026-10-09T05:03:52Z
2021-05-10,DDN,8.36,8.36,8.15,8.15,6100,KBS,2026-10-09T05:03:52Z
2021-05-11,DDN,8.15,8.29,8.15,8.29,7900,KBS,2026-10-09T05:03:52Z
2021-05-12,DDN,8.15,8.5,8.15,8.15,21300,KBS,2026-10-09T05:03:52Z
2021-05-13,DDN,8.5,8.5,8.15,8.15,8936,KBS,2026-10-09T05:03:52Z
2021-05-14,DDN,8.5,8.5,8.43,8.43,3300,KBS,2026-10-09T05:03:52Z
2021-05-17,DDN,8.43,8.43,8.43,8.43,12713,KBS,2026-10-09T05:03:52Z
2021-05-19,DDN,8.22,8.22,8.15,8.22,3030,KBS,2026-10-09T05:03:52Z
2021-05-20,DDN,8.22,8.22,8.15,8.15,6800,KBS,2026-10-09T05:03:52Z
2021-05-21,DDN,8.15,8.22,8.15,8.22,4400,KBS,2026-10-09T05:03:52Z
2021-05-24,DDN,8.15,8.15,8.15,8.15,2642,KBS,2026-10-09T05:03:52Z
2021-05-25,DDN,8.36,8.36,8.36,8.36,7900,KBS,2026-10-09T05:03:52Z
2021-05-27,DDN,8.29,8.36,8.29,8.29,1700,KBS,2026-10-09T05:03:52Z
2021-05-28,DDN,8.29,8.29,8.29,8.29,3249,KBS,2026-10-09T05:03:52Z
2021-05-31,DDN,8.22,8.36,8.22,8.29,2700,KBS,2026-10-09T05:03:52Z
2021-06-01,DDN,8.15,8.29,8.01,8.15,4710,KBS,2026-10-09T05:03:52Z
2021-06-02,DDN,8.15,9.36,8.15,9.36,84503,KBS,2026-10-09T05:03:52Z
2021-06-03,DDN,10.35,10.35,10.35,10.35,34508,KBS,2026-10-09T05:03:52Z
2021-06-04,DDN,11.84,11.84,11.84,11.84,156460,KBS,2026-10-09T05:03:52Z
2021-06-07,DDN,13.61,13.61,13.61,13.61,112483,KBS,2026-10-09T05:03:52Z
2021-06-08,DDN,13.54,15.59,13.54,15.59,419217,KBS,2026-10-09T05:03:52Z
2021-06-09,DDN,16.3,17.93,13.25,14.17,227708,KBS,2026-10-09T05:03:52Z
2021-06-10,DDN,12.76,13.04,12.33,12.33,76630,KBS,2026-10-09T05:03:52Z
2021-06-11,DDN,10.7,11.55,10.63,11.34,224605,KBS,2026-10-09T05:03:52Z
2021-06-14,DDN,10.91,12.33,10.84,11.34,74604,KBS,2026-10-09T05:03:52Z
2021-06-15,DDN,11.34,11.34,10.99,11.06,15201,KBS,2026-10-09T05:03:52Z
2021-06-16,DDN,10.99,12.69,10.63,12.62,151067,KBS,2026-10-09T05:03:52Z
2021-06-17,DDN,12.62,12.62,11.55,11.98,74240,KBS,2026-10-09T05:03:52Z
2021-06-18,DDN,11.98,11.98,11.34,11.41,82700,KBS,2026-10-09T05:03:52Z
2021-06-21,DDN,11.41,11.41,10.77,10.99,117300,KBS,2026-10-09T05:03:52Z
2021-06-22,DDN,11.06,11.34,10.99,11.13,46101,KBS,2026-10-09T05:03:52Z
2021-06-23,DDN,10.84,11.2,10.84,11.06,30670,KBS,2026-10-09T05:03:52Z
2021-06-24,DDN,11.06,11.06,10.63,10.63,48590,KBS,2026-10-09T05:03:52Z
2021-06-25,DDN,10.77,10.99,9.92,10.35,61740,KBS,2026-10-09T05:03:52Z
2021-06-28,DDN,9.92,10.99,9.92,10.77,27980,KBS,2026-10-09T05:03:52Z
2021-06-29,DDN,10.63,10.7,10.42,10.63,50768,KBS,2026-10-09T05:03:52Z
2021-06-30,DDN,10.49,10.7,10.28,10.56,39155,KBS,2026-10-09T05:03:52Z
2021-07-01,DDN,10.49,10.84,10.35,10.77,49049,KBS,2026-10-09T05:03:52Z
2021-07-02,DDN,10.7,10.91,10.7,10.7,42821,KBS,2026-10-09T05:03:52Z
2021-07-05,DDN,10.77,10.77,10.35,10.49,32783,KBS,2026-10-09T05:03:52Z
2021-07-06,DDN,10.56,10.56,10.28,10.28,30000,KBS,2026-10-09T05:03:52Z
2021-07-07,DDN,10.21,10.21,9.43,9.78,47358,KBS,2026-10-09T05:03:52Z
2021-07-08,DDN,9.85,9.85,9.57,9.64,20510,KBS,2026-10-09T05:03:52Z
2021-07-09,DDN,9.57,9.64,9.5,9.5,20000,KBS,2026-10-09T05:03:52Z
2021-07-12,DDN,9.57,9.57,8.58,8.72,55494,KBS,2026-10-09T05:03:52Z
2021-07-13,DDN,9.85,9.85,8.86,9.36,16400,KBS,2026-10-09T05:03:52Z
2021-07-14,DDN,9.36,9.71,9.28,9.43,29100,KBS,2026-10-09T05:03:52Z
2021-07-15,DDN,9.57,9.57,9.28,9.5,10720,KBS,2026-10-09T05:03:52Z
2021-07-16,DDN,9.36,9.43,9.14,9.21,10700,KBS,2026-10-09T05:03:52Z
2021-07-19,DDN,9.14,10.56,9.14,10.56,106777,KBS,2026-10-09T05:03:52Z
2021-07-20,DDN,10.99,11.69,10.99,11.27,164170,KBS,2026-10-09T05:03:52Z
2021-07-21,DDN,11.41,11.41,10.56,10.91,44900,KBS,2026-10-09T05:03:52Z
2021-07-22,DDN,10.91,10.91,9.92,10.56,76406,KBS,2026-10-09T05:03:52Z
2021-07-23,DDN,10.35,10.63,10.06,10.63,37700,KBS,2026-10-09T05:03:52Z
2021-07-26,DDN,10.63,10.63,10.06,10.49,24000,KBS,2026-10-09T05:03:52Z
2021-07-27,DDN,10.28,10.56,10.28,10.28,32700,KBS,2026-10-09T05:03:52Z
2021-07-28,DDN,10.35,10.99,10.35,10.63,46114,KBS,2026-10-09T05:03:52Z
2021-07-29,DDN,10.63,10.63,10.28,10.42,24900,KBS,2026-10-09T05:03:52Z
2021-07-30,DDN,10.42,10.42,10.21,10.42,24100,KBS,2026-10-09T05:03:52Z
2021-08-02,DDN,10.42,10.49,10.06,10.28,54800,KBS,2026-10-09T05:03:52Z
2021-08-03,DDN,10.35,10.49,10.21,10.28,30600,KBS,2026-10-09T05:03:52Z
2021-08-04,DDN,10.21,10.42,10.13,10.21,46010,KBS,2026-10-09T05:03:52Z
2021-08-05,DDN,10.99,10.99,10.13,10.28,20100,KBS,2026-10-09T05:03:52Z
2021-08-06,DDN,10.28,10.28,9.99,10.13,43900,KBS,2026-10-09T05:03:52Z
2021-08-09,DDN,9.71,10.42,9.71,10.35,31400,KBS,2026-10-09T05:03:52Z
2021-08-10,DDN,10.56,10.99,10.49,10.77,91821,KBS,2026-10-09T05:03:52Z
2021-08-11,DDN,10.84,11.48,10.63,11.48,149170,KBS,2026-10-09T05:03:52Z
2021-08-12,DDN,11.27,12.05,11.27,11.69,104403,KBS,2026-10-09T05:03:52Z
2021-08-13,DDN,11.76,11.76,11.06,11.34,85150,KBS,2026-10-09T05:03:52Z
2021-08-16,DDN,11.34,12.9,11.34,12.9,203567,KBS,2026-10-09T05:03:52Z
2021-08-17,DDN,12.9,13.89,12.76,13.82,198033,KBS,2026-10-09T05:03:52Z
2021-08-18,DDN,13.82,15.24,13.82,15.24,194943,KBS,2026-10-09T05:03:52Z
2021-08-19,DDN,15.17,15.59,12.69,13.61,216400,KBS,2026-10-09T05:03:52Z
2021-08-20,DDN,13.47,13.82,13.04,13.32,157638,KBS,2026-10-09T05:03:52Z
2021-08-23,DDN,13.32,14.81,12.97,14.6,117628,KBS,2026-10-09T05:03:52Z
2021-08-24,DDN,14.53,15.24,14.39,14.46,123592,KBS,2026-10-09T05:03:52Z
2021-08-25,DDN,14.46,14.46,13.47,13.82,65508,KBS,2026-10-09T05:03:52Z
2021-08-26,DDN,13.82,14.1,13.25,13.82,69037,KBS,2026-10-09T05:03:52Z
2021-08-27,DDN,13.61,15.88,13.61,15.88,398386,KBS,2026-10-09T05:03:52Z
2021-08-30,DDN,16.3,17.65,16.3,17.65,108053,KBS,2026-10-09T05:03:52Z
2021-08-31,DDN,20.2,20.2,18.14,20.2,476150,KBS,2026-10-09T05:03:52Z
2021-09-01,DDN,20.2,20.2,17.01,19.35,320347,KBS,2026-10-09T05:03:52Z
2021-09-06,DDN,19.28,20.91,17.72,19.35,149667,KBS,2026-10-09T05:03:52Z
2021-09-07,DDN,18.78,18.92,17.08,17.72,196888,KBS,2026-10-09T05:03:52Z
2021-09-08,DDN,17.22,17.72,16.73,17.15,139720,KBS,2026-10-09T05:03:52Z
2021-09-09,DDN,17.22,17.72,17.08,17.36,78100,KBS,2026-10-09T05:03:52Z
2021-09-10,DDN,17.65,17.65,16.58,16.58,135180,KBS,2026-10-09T05:03:52Z
2021-09-13,DDN,16.58,17.01,15.95,15.95,201733,KBS,2026-10-09T05:03:52Z
2021-09-14,DDN,15.8,15.95,14.81,14.81,123630,KBS,2026-10-09T05:03:52Z
2021-09-15,DDN,15.17,17.29,14.17,17.01,190340,KBS,2026-10-09T05:03:52Z
2021-09-16,DDN,16.65,16.73,15.88,16.23,36912,KBS,2026-10-09T05:03:52Z
2021-09-17,DDN,15.8,16.23,15.59,15.8,33310,KBS,2026-10-09T05:03:52Z
2021-09-20,DDN,15.73,15.73,15.02,15.24,93529,KBS,2026-10-09T05:03:52Z
2021-09-21,DDN,15.24,15.24,14.17,14.74,102002,KBS,2026-10-09T05:03:52Z
2021-09-22,DDN,14.74,15.52,14.53,14.88,59812,KBS,2026-10-09T05:03:52Z
2021-09-23,DDN,14.88,15.02,14.88,14.88,42312,KBS,2026-10-09T05:03:52Z
2021-09-24,DDN,14.95,14.95,14.32,14.53,38252,KBS,2026-10-09T05:03:52Z
2021-09-27,DDN,14.39,14.39,13.82,13.82,48950,KBS,2026-10-09T05:03:52Z
2021-09-28,DDN,12.9,13.82,12.9,13.11,73400,KBS,2026-10-09T05:03:52Z
2021-09-29,DDN,13.47,13.96,13.32,13.75,33462,KBS,2026-10-09T05:03:52Z
2021-09-30,DDN,13.68,13.82,13.25,13.61,19600,KBS,2026-10-09T05:03:52Z
2021-10-01,DDN,13.47,13.54,13.32,13.32,30200,KBS,2026-10-09T05:03:52Z
2021-10-04,DDN,13.39,13.96,13.39,13.61,24901,KBS,2026-10-09T05:03:52Z
2021-10-05,DDN,13.68,13.82,13.32,13.47,38449,KBS,2026-10-09T05:03:52Z
2021-10-06,DDN,13.25,13.61,13.25,13.61,25424,KBS,2026-10-09T05:03:52Z
2021-10-07,DDN,13.32,13.96,13.32,13.39,23315,KBS,2026-10-09T05:03:52Z
2021-10-08,DDN,13.96,13.96,13.39,13.61,18081,KBS,2026-10-09T05:03:52Z
2021-10-11,DDN,13.61,13.82,13.39,13.75,48159,KBS,2026-10-09T05:03:52Z
2021-10-12,DDN,13.82,13.82,13.47,13.61,38400,KBS,2026-10-09T05:03:52Z
2021-10-13,DDN,13.61,13.68,13.54,13.68,18233,KBS,2026-10-09T05:03:52Z
2021-10-14,DDN,13.25,13.89,13.25,13.75,57003,KBS,2026-10-09T05:03:52Z
2021-10-15,DDN,14.03,14.39,13.96,14.39,47723,KBS,2026-10-09T05:03:52Z
2021-10-18,DDN,14.32,14.32,13.89,13.89,37158,KBS,2026-10-09T05:03:52Z
2021-10-19,DDN,14.03,14.03,13.47,13.61,11807,KBS,2026-10-09T05:03:52Z
2021-10-20,DDN,13.47,13.82,13.32,13.54,63100,KBS,2026-10-09T05:03:52Z
2021-10-21,DDN,13.47,13.75,13.32,13.47,12258,KBS,2026-10-09T05:03:52Z
2021-10-22,DDN,13.82,13.82,13.39,13.47,18700,KBS,2026-10-09T05:03:52Z
2021-10-25,DDN,13.32,13.82,13.32,13.82,20620,KBS,2026-10-09T05:03:52Z
2021-10-26,DDN,14.1,14.1,13.54,13.75,37910,KBS,2026-10-09T05:03:52Z
2021-10-27,DDN,13.89,13.89,13.54,13.54,29300,KBS,2026-10-09T05:03:52Z
2021-10-28,DDN,13.75,13.75,13.47,13.54,43820,KBS,2026-10-09T05:03:52Z
2021-10-29,DDN,13.61,13.75,13.47,13.61,30385,KBS,2026-10-09T05:03:52Z
2021-11-01,DDN,13.61,13.75,13.61,13.68,42408,KBS,2026-10-09T05:03:52Z
2021-11-02,DDN,13.68,14.81,13.61,14.46,107164,KBS,2026-10-09T05:03:52Z
2021-11-03,DDN,14.39,15.24,14.17,14.17,109671,KBS,2026-10-09T05:03:52Z
2021-11-04,DDN,14.17,14.17,14.03,14.1,45082,KBS,2026-10-09T05:03:52Z
2021-11-05,DDN,13.96,14.39,13.61,14.32,55165,KBS,2026-10-09T05:03:52Z
2021-11-08,DDN,14.81,15.73,14.81,15.52,216109,KBS,2026-10-09T05:03:52Z
2021-11-09,DDN,15.8,16.44,15.8,16.23,159067,KBS,2026-10-09T05:03:52Z
2021-11-10,DDN,16.23,17.36,16.23,16.73,109075,KBS,2026-10-09T05:03:52Z
2021-11-11,DDN,16.8,17.01,15.59,16.3,119200,KBS,2026-10-09T05:03:52Z
2021-11-12,DDN,16.88,18.19,15.82,17.78,159511,KBS,2026-10-09T05:03:52Z
2021-11-15,DDN,17.94,18.76,17.94,18.27,77866,KBS,2026-10-09T05:03:52Z
2021-11-16,DDN,18.35,18.35,17.53,17.86,56600,KBS,2026-10-09T05:03:52Z
2021-11-17,DDN,17.53,17.53,16.31,16.88,93660,KBS,2026-10-09T05:03:52Z
2021-11-18,DDN,16.96,17.13,16.55,16.72,62920,KBS,2026-10-09T05:03:52Z
2021-11-19,DDN,16.55,17.13,16.31,16.64,64422,KBS,2026-10-09T05:03:52Z
2021-11-22,DDN,16.31,16.31,15.17,15.58,59700,KBS,2026-10-09T05:03:52Z
2021-11-23,DDN,15.98,15.98,15.49,15.98,27265,KBS,2026-10-09T05:03:52Z
2021-11-24,DDN,16.07,16.39,16.07,16.39,32325,KBS,2026-10-09T05:03:52Z
2021-11-25,DDN,16.72,16.72,15.82,16.15,20900,KBS,2026-10-09T05:03:52Z
2021-11-26,DDN,15.9,16.31,15.25,16.31,91372,KBS,2026-10-09T05:03:52Z
2021-11-29,DDN,16.15,18.02,16.15,18.02,220893,KBS,2026-10-09T05:03:52Z
2021-11-30,DDN,20.22,20.22,18.68,20.22,285691,KBS,2026-10-09T05:03:52Z
2021-12-01,DDN,20.8,22.83,19.82,20.22,193441,KBS,2026-10-09T05:03:52Z
2021-12-02,DDN,19.57,20.88,18.59,19.41,160910,KBS,2026-10-09T05:03:52Z
2021-12-03,DDN,19.08,20.06,18.19,18.68,104100,KBS,2026-10-09T05:03:52Z
2021-12-06,DDN,18.76,18.76,15.9,17.45,79400,KBS,2026-10-09T05:03:52Z
2021-12-07,DDN,16.72,17.37,16.47,16.8,40026,KBS,2026-10-09T05:03:52Z
2021-12-08,DDN,16.8,19.25,16.8,17.29,17750,KBS,2026-10-09T05:03:52Z
2021-12-09,DDN,17.45,18.43,16.96,17.29,27900,KBS,2026-10-09T05:03:52Z
2021-12-10,DDN,16.88,17.45,16.47,17.13,48900,KBS,2026-10-09T05:03:52Z
2021-12-13,DDN,16.72,17.53,16.39,17.13,41400,KBS,2026-10-09T05:03:52Z
2021-12-14,DDN,16.55,17.53,16.47,17.13,33804,KBS,2026-10-09T05:03:52Z
2021-12-15,DDN,16.88,17.7,16.8,16.96,41545,KBS,2026-10-09T05:03:52Z
2021-12-16,DDN,16.96,16.96,16.64,16.72,37655,KBS,2026-10-09T05:03:52Z
2021-12-17,DDN,16.55,17.53,15.9,17.13,82506,KBS,2026-10-09T05:03:52Z
2021-12-20,DDN,16.72,18.35,16.72,17.78,127054,KBS,2026-10-09T05:03:52Z
2021-12-21,DDN,17.78,18.1,16.8,17.53,35025,KBS,2026-10-09T05:03:52Z
2021-12-22,DDN,17.61,17.94,15.9,16.96,26100,KBS,2026-10-09T05:03:52Z
2021-12-23,DDN,16.72,16.72,16.07,16.31,60900,KBS,2026-10-09T05:03:52Z
2021-12-24,DDN,17.13,17.13,16.07,16.55,67905,KBS,2026-10-09T05:03:52Z
2021-12-27,DDN,16.23,17.21,16.23,16.72,93990,KBS,2026-10-09T05:03:52Z
2021-12-28,DDN,16.55,17.37,16.31,17.29,86979,KBS,2026-10-09T05:03:52Z
2021-12-29,DDN,16.96,17.53,16.88,17.13,35405,KBS,2026-10-09T05:03:52Z
2021-12-30,DDN,16.47,17.21,15.9,16.72,46365,KBS,2026-10-09T05:03:52Z
2021-12-31,DDN,16.72,17.04,15.9,16.47,62221,KBS,2026-10-09T05:03:52Z
2022-01-04,DDN,16.55,17.04,16.39,16.96,48900,KBS,2026-10-09T05:03:52Z
2022-01-05,DDN,16.47,16.96,16.31,16.64,27327,KBS,2026-10-09T05:03:52Z
2022-01-06,DDN,16.31,16.72,16.31,16.64,41700,KBS,2026-10-09T05:03:52Z
2022-01-07,DDN,16.31,16.64,16.23,16.64,60500,KBS,2026-10-09T05:03:52Z
2022-01-10,DDN,16.39,16.39,16.07,16.23,46000,KBS,2026-10-09T05:03:52Z
2022-01-11,DDN,15.98,16.23,15.66,16.23,34300,KBS,2026-10-09T05:03:52Z
2022-01-12,DDN,15.9,16.31,14.68,15.58,36228,KBS,2026-10-09T05:03:52Z
2022-01-13,DDN,15.58,16.39,15.49,15.82,29800,KBS,2026-10-09T05:03:52Z
2022-01-14,DDN,15.49,15.9,14.92,15.74,19100,KBS,2026-10-09T05:03:52Z
2022-01-17,DDN,15.33,15.98,14.43,14.43,14900,KBS,2026-10-09T05:03:52Z
2022-01-18,DDN,13.7,14.76,13.62,14.52,7600,KBS,2026-10-09T05:03:52Z
2022-01-19,DDN,14.52,14.52,13.78,13.86,17400,KBS,2026-10-09T05:03:52Z
2022-01-20,DDN,13.37,14.27,13.37,14.11,20600,KBS,2026-10-09T05:03:52Z
2022-01-21,DDN,14.11,14.27,13.05,14.19,14600,KBS,2026-10-09T05:03:52Z
2022-01-24,DDN,13.95,13.95,13.46,13.95,7104,KBS,2026-10-09T05:03:52Z
2022-01-25,DDN,12.48,15.01,12.48,14.11,4704,KBS,2026-10-09T05:03:52Z
2022-01-26,DDN,14.68,14.68,13.86,14.11,12800,KBS,2026-10-09T05:03:52Z
2022-01-27,DDN,13.86,14.43,13.86,14.11,7800,KBS,2026-10-09T05:03:52Z
2022-01-28,DDN,14.11,16.39,13.86,14.68,53100,KBS,2026-10-09T05:03:52Z
2022-02-07,DDN,15.25,15.98,14.68,15.17,19317,KBS,2026-10-09T05:03:52Z
2022-02-08,DDN,15.33,15.33,14.68,15.17,15900,KBS,2026-10-09T05:03:52Z
2022-02-09,DDN,14.68,15.82,14.68,15.82,42400,KBS,2026-10-09T05:03:52Z
2022-02-10,DDN,14.68,15.66,14.68,15.17,20900,KBS,2026-10-09T05:03:52Z
2022-02-11,DDN,14.68,15.17,14.6,15.09,11000,KBS,2026-10-09T05:03:52Z
2022-02-14,DDN,14.52,15.33,14.52,14.6,15817,KBS,2026-10-09T05:03:52Z
2022-02-15,DDN,14.52,14.92,14.03,14.68,5670,KBS,2026-10-09T05:03:52Z
2022-02-16,DDN,14.68,14.76,14.43,14.52,4100,KBS,2026-10-09T05:03:52Z
2022-02-17,DDN,14.35,14.76,14.35,14.76,3700,KBS,2026-10-09T05:03:52Z
2022-02-18,DDN,14.84,16.23,14.84,15.74,81800,KBS,2026-10-09T05:03:52Z
2022-02-21,DDN,15.74,16.55,15.74,16.31,61710,KBS,2026-10-09T05:03:52Z
2022-02-22,DDN,15.49,16.96,15.49,16.31,43505,KBS,2026-10-09T05:03:52Z
2022-02-23,DDN,15.98,16.55,15.49,16.47,61403,KBS,2026-10-09T05:03:52Z
2022-02-24,DDN,16.39,16.88,15.82,15.98,82130,KBS,2026-10-09T05:03:52Z
2022-02-25,DDN,15.49,16.8,15.49,16.07,26100,KBS,2026-10-09T05:03:52Z
2022-02-28,DDN,15.49,16.72,15.49,16.15,54874,KBS,2026-10-09T05:03:52Z
2022-03-01,DDN,14.68,16.72,14.35,15.9,25113,KBS,2026-10-09T05:03:52Z
2022-03-02,DDN,15.49,16.39,15.49,15.98,8729,KBS,2026-10-09T05:03:52Z
2022-03-03,DDN,15.98,15.98,15.17,15.66,12700,KBS,2026-10-09T05:03:52Z
2022-03-04,DDN,15.58,15.66,15.09,15.33,26603,KBS,2026-10-09T05:03:52Z
2022-03-07,DDN,15.25,15.33,14.68,14.84,91315,KBS,2026-10-09T05:03:52Z
2022-03-08,DDN,14.84,15.41,14.84,15.09,64528,KBS,2026-10-09T05:03:52Z
2022-03-09,DDN,15.01,15.25,14.84,15.09,22740,KBS,2026-10-09T05:03:52Z
2022-03-10,DDN,14.84,15.09,14.84,14.92,8720,KBS,2026-10-09T05:03:52Z
2022-03-11,DDN,14.92,14.92,14.68,14.84,44356,KBS,2026-10-09T05:03:52Z
2022-03-14,DDN,14.52,14.84,14.27,14.35,29643,KBS,2026-10-09T05:03:52Z
2022-03-15,DDN,14.35,14.6,14.27,14.52,22279,KBS,2026-10-09T05:03:52Z
2022-03-16,DDN,14.6,14.6,14.52,14.52,7151,KBS,2026-10-09T05:03:52Z
2022-03-17,DDN,14.6,14.76,14.52,14.68,22765,KBS,2026-10-09T05:03:52Z
2022-03-18,DDN,14.52,14.76,14.43,14.52,12899,KBS,2026-10-09T05:03:52Z
2022-03-21,DDN,14.68,14.84,14.35,14.43,10729,KBS,2026-10-09T05:03:52Z
2022-03-22,DDN,14.52,14.6,14.43,14.6,19650,KBS,2026-10-09T05:03:52Z
2022-03-23,DDN,14.6,14.84,14.52,14.84,21655,KBS,2026-10-09T05:03:52Z
2022-03-24,DDN,14.84,15.01,14.52,14.52,24340,KBS,2026-10-09T05:03:52Z
2022-03-25,DDN,14.68,14.76,14.52,14.76,17904,KBS,2026-10-09T05:03:52Z
2022-03-28,DDN,14.68,14.68,14.27,14.6,20380,KBS,2026-10-09T05:03:52Z
2022-03-29,DDN,14.6,14.68,14.35,14.68,23560,KBS,2026-10-09T05:03:52Z
2022-03-30,DDN,14.52,14.52,14.35,14.52,11301,KBS,2026-10-09T05:03:52Z
2022-03-31,DDN,14.6,14.6,14.27,14.52,27554,KBS,2026-10-09T05:03:52Z
2022-04-01,DDN,14.43,14.6,14.27,14.6,13398,KBS,2026-10-09T05:03:52Z
2022-04-04,DDN,14.6,14.6,14.27,14.35,12070,KBS,2026-10-09T05:03:52Z
2022-04-05,DDN,14.6,14.6,14.35,14.52,4000,KBS,2026-10-09T05:03:52Z
2022-04-06,DDN,14.52,14.84,14.27,14.68,40699,KBS,2026-10-09T05:03:52Z
2022-04-07,DDN,14.6,14.68,14.52,14.68,12100,KBS,2026-10-09T05:03:52Z
2022-04-08,DDN,14.6,14.6,14.35,14.35,15100,KBS,2026-10-09T05:03:52Z
2022-04-12,DDN,14.27,14.27,12.97,14.27,10204,KBS,2026-10-09T05:03:52Z
2022-04-13,DDN,13.54,14.03,13.54,14.03,6186,KBS,2026-10-09T05:03:52Z
2022-04-14,DDN,13.95,14.6,13.95,14.27,6725,KBS,2026-10-09T05:03:52Z
2022-04-15,DDN,13.86,14.19,13.46,14.03,27121,KBS,2026-10-09T05:03:52Z
2022-04-18,DDN,13.78,13.86,13.13,13.62,2605,KBS,2026-10-09T05:03:52Z
2022-04-19,DDN,13.46,13.78,12.64,13.46,19751,KBS,2026-10-09T05:03:52Z
2022-04-20,DDN,13.05,13.05,12.4,12.97,19500,KBS,2026-10-09T05:03:52Z
2022-04-21,DDN,12.8,12.8,11.01,11.66,13500,KBS,2026-10-09T05:03:52Z
2022-04-22,DDN,11.66,11.99,11.42,11.91,22810,KBS,2026-10-09T05:03:52Z
2022-04-25,DDN,12.56,12.56,12.56,12.56,1115,KBS,2026-10-09T05:03:52Z
2022-04-26,DDN,11.17,12.15,11.01,12.15,12610,KBS,2026-10-09T05:03:52Z
2022-04-27,DDN,11.74,11.74,11.74,11.74,5300,KBS,2026-10-09T05:03:52Z
2022-04-28,DDN,11.99,11.99,11.82,11.99,5375,KBS,2026-10-09T05:03:52Z
2022-04-29,DDN,12.15,12.56,11.5,12.4,10225,KBS,2026-10-09T05:03:52Z
2022-05-04,DDN,12.4,12.4,11.42,11.91,7300,KBS,2026-10-09T05:03:52Z
2022-05-05,DDN,12.15,13.78,11.99,12.31,16900,KBS,2026-10-09T05:03:52Z
2022-05-06,DDN,13.13,13.78,13.13,13.46,37140,KBS,2026-10-09T05:03:52Z
2022-05-09,DDN,13.46,13.7,11.82,11.82,26600,KBS,2026-10-09T05:03:52Z
2022-05-10,DDN,12.64,12.64,12.56,12.56,3900,KBS,2026-10-09T05:03:52Z
2022-05-11,DDN,12.23,12.23,11.66,12.15,2500,KBS,2026-10-09T05:03:52Z
2022-05-12,DDN,12.4,12.56,11.01,11.99,23700,KBS,2026-10-09T05:03:52Z
2022-05-13,DDN,11.58,13.05,11.01,11.74,14400,KBS,2026-10-09T05:03:52Z
2022-05-16,DDN,11.01,12.31,11.01,12.31,9105,KBS,2026-10-09T05:03:52Z
2022-05-17,DDN,12.31,12.31,12.07,12.23,13900,KBS,2026-10-09T05:03:52Z
2022-05-18,DDN,12.31,12.97,11.99,12.48,12300,KBS,2026-10-09T05:03:52Z
2022-05-19,DDN,12.88,12.88,11.99,12.56,21202,KBS,2026-10-09T05:03:52Z
2022-05-20,DDN,12.23,12.56,11.99,12.48,15600,KBS,2026-10-09T05:03:52Z
2022-05-23,DDN,12.48,12.48,11.34,12.31,5300,KBS,2026-10-09T05:03:52Z
2022-05-24,DDN,12.23,12.23,11.17,12.15,10900,KBS,2026-10-09T05:03:52Z
2022-05-25,DDN,12.23,12.23,11.82,12.15,2100,KBS,2026-10-09T05:03:52Z
2022-05-26,DDN,12.48,12.64,11.99,12.15,7630,KBS,2026-10-09T05:03:52Z
2022-05-27,DDN,12.31,13.86,11.42,12.56,43837,KBS,2026-10-09T05:03:52Z
2022-05-30,DDN,12.64,13.13,12.64,12.88,17200,KBS,2026-10-09T05:03:52Z
2022-05-31,DDN,12.8,12.8,12.07,12.72,2200,KBS,2026-10-09T05:03:52Z
2022-06-01,DDN,12.15,12.15,11.58,11.82,8100,KBS,2026-10-09T05:03:52Z
2022-06-02,DDN,12.23,12.23,11.66,11.82,7000,KBS,2026-10-09T05:03:52Z
2022-06-03,DDN,11.74,11.99,11.42,11.74,4500,KBS,2026-10-09T05:03:52Z
2022-06-06,DDN,11.99,11.99,11.42,11.42,6600,KBS,2026-10-09T05:03:52Z
2022-06-07,DDN,11.82,11.82,11.09,11.58,4400,KBS,2026-10-09T05:03:52Z
2022-06-08,DDN,11.58,12.15,11.5,11.58,16300,KBS,2026-10-09T05:03:52Z
2022-06-09,DDN,11.91,11.91,11.58,11.91,2700,KBS,2026-10-09T05:03:52Z
2022-06-10,DDN,11.99,11.99,11.42,11.58,10800,KBS,2026-10-09T05:03:52Z
2022-06-13,DDN,11.42,11.42,10.03,11.25,56202,KBS,2026-10-09T05:03:52Z
2022-06-14,DDN,11.17,11.17,10.6,10.6,5600,KBS,2026-10-09T05:03:52Z
2022-06-15,DDN,10.52,10.76,9.79,10.6,47700,KBS,2026-10-09T05:03:52Z
2022-06-16,DDN,11.4,11.57,10.51,10.95,18834,KBS,2026-10-09T05:03:52Z
2022-06-17,DDN,10.68,10.86,10.33,10.68,2600,KBS,2026-10-09T05:03:52Z
2022-06-20,DDN,10.77,10.77,10.24,10.59,4200,KBS,2026-10-09T05:03:52Z
2022-06-21,DDN,10.68,10.68,10.33,10.68,47316,KBS,2026-10-09T05:03:52Z
2022-06-22,DDN,10.51,11.04,10.51,10.77,7700,KBS,2026-10-09T05:03:52Z
2022-06-23,DDN,10.68,10.95,10.68,10.95,1600,KBS,2026-10-09T05:03:52Z
2022-06-24,DDN,11.4,11.4,10.77,10.95,4000,KBS,2026-10-09T05:03:52Z
2022-06-27,DDN,11.04,11.04,10.95,10.95,4100,KBS,2026-10-09T05:03:52Z
2022-06-28,DDN,11.04,11.04,11.04,11.04,100,KBS,2026-10-09T05:03:52Z
2022-06-29,DDN,11.13,11.13,10.77,10.86,6900,KBS,2026-10-09T05:03:52Z
2022-06-30,DDN,11.13,12.02,10.86,11.31,40800,KBS,2026-10-09T05:03:52Z
2022-07-01,DDN,11.31,11.49,10.95,11.4,22040,KBS,2026-10-09T05:03:52Z
2022-07-04,DDN,11.57,11.84,11.57,11.84,15000,KBS,2026-10-09T05:03:52Z
2022-07-05,DDN,11.75,11.75,11.04,11.49,9600,KBS,2026-10-09T05:03:52Z
2022-07-06,DDN,10.59,11.49,10.59,11.4,16200,KBS,2026-10-09T05:03:52Z
2022-07-07,DDN,11.22,11.31,10.95,10.95,14410,KBS,2026-10-09T05:03:52Z
2022-07-08,DDN,11.4,12.82,11.4,12.29,68677,KBS,2026-10-09T05:03:52Z
2022-07-11,DDN,10.51,12.38,10.51,11.84,11464,KBS,2026-10-09T05:03:52Z
2022-07-12,DDN,12.46,12.55,11.75,11.75,18630,KBS,2026-10-09T05:03:52Z
2022-07-13,DDN,12.11,12.29,11.66,11.66,14300,KBS,2026-10-09T05:03:52Z
2022-07-14,DDN,12.2,12.2,11.49,12.02,14100,KBS,2026-10-09T05:03:52Z
2022-07-15,DDN,12.11,12.11,11.49,11.84,9400,KBS,2026-10-09T05:03:52Z
2022-07-18,DDN,11.66,12.11,11.66,11.93,13400,KBS,2026-10-09T05:03:52Z
2022-07-19,DDN,12.02,12.02,11.93,12.02,1800,KBS,2026-10-09T05:03:52Z
2022-07-20,DDN,12.02,12.02,11.84,12.02,13300,KBS,2026-10-09T05:03:52Z
2022-07-21,DDN,12.02,12.02,12.02,12.02,2900,KBS,2026-10-09T05:03:52Z
2022-07-22,DDN,12.02,12.02,12.02,12.02,19500,KBS,2026-10-09T05:03:52Z
2022-07-25,DDN,12.02,12.02,10.77,11.93,13770,KBS,2026-10-09T05:03:52Z
2022-07-26,DDN,11.93,11.93,11.84,11.84,20700,KBS,2026-10-09T05:03:52Z
2022-07-27,DDN,12.02,12.02,11.4,11.75,29100,KBS,2026-10-09T05:03:52Z
2022-07-28,DDN,11.93,11.93,11.93,11.93,25920,KBS,2026-10-09T05:03:52Z
2022-07-29,DDN,11.4,12.02,11.13,12.02,46200,KBS,2026-10-09T05:03:52Z
2022-08-01,DDN,11.93,11.93,11.49,11.84,9428,KBS,2026-10-09T05:03:52Z
2022-08-02,DDN,11.93,11.93,11.57,11.75,17329,KBS,2026-10-09T05:03:52Z
2022-08-03,DDN,11.75,11.84,11.57,11.66,17401,KBS,2026-10-09T05:03:52Z
2022-08-04,DDN,11.75,11.75,11.4,11.66,16000,KBS,2026-10-09T05:03:52Z
2022-08-05,DDN,11.75,11.75,11.4,11.75,82008,KBS,2026-10-09T05:03:52Z
2022-08-08,DDN,11.84,11.84,11.4,11.57,29824,KBS,2026-10-09T05:03:52Z
2022-08-09,DDN,11.57,11.84,11.31,11.66,5628,KBS,2026-10-09T05:03:52Z
2022-08-10,DDN,11.49,11.75,11.4,11.75,4140,KBS,2026-10-09T05:03:52Z
2022-08-11,DDN,11.57,11.57,11.4,11.57,8800,KBS,2026-10-09T05:03:52Z
2022-08-12,DDN,11.31,11.49,9.88,11.4,43900,KBS,2026-10-09T05:03:52Z
2022-08-15,DDN,11.49,11.66,11.49,11.57,19500,KBS,2026-10-09T05:03:52Z
2022-08-16,DDN,11.66,11.84,11.57,11.57,3300,KBS,2026-10-09T05:03:52Z
2022-08-17,DDN,11.4,11.49,11.4,11.4,13208,KBS,2026-10-09T05:03:52Z
2022-08-18,DDN,11.4,11.4,10.95,11.4,1392,KBS,2026-10-09T05:03:52Z
2022-08-22,DDN,11.49,11.49,11.49,11.49,14000,KBS,2026-10-09T05:03:52Z
2022-08-23,DDN,10.95,11.31,10.77,11.31,31320,KBS,2026-10-09T05:03:52Z
2022-08-24,DDN,11.4,11.49,10.95,11.31,11293,KBS,2026-10-09T05:03:52Z
2022-08-25,DDN,11.49,11.49,10.86,11.22,28110,KBS,2026-10-09T05:03:52Z
2022-08-26,DDN,10.77,11.4,10.68,11.22,17149,KBS,2026-10-09T05:03:52Z
2022-08-29,DDN,11.31,11.4,10.77,11.04,33724,KBS,2026-10-09T05:03:52Z
2022-08-30,DDN,11.04,11.04,10.68,11.04,19559,KBS,2026-10-09T05:03:52Z
2022-08-31,DDN,10.95,10.95,10.51,10.86,7187,KBS,2026-10-09T05:03:52Z
2022-09-05,DDN,10.86,10.86,10.33,10.77,54677,KBS,2026-10-09T05:03:52Z
2022-09-06,DDN,10.68,10.68,9.97,10.51,21550,KBS,2026-10-09T05:03:52Z
2022-09-07,DDN,10.42,10.51,10.33,10.33,300,KBS,2026-10-09T05:03:52Z
2022-09-08,DDN,9.97,10.42,9.79,10.42,13176,KBS,2026-10-09T05:03:52Z
2022-09-09,DDN,10.24,10.51,10.06,10.24,17346,KBS,2026-10-09T05:03:52Z
2022-09-12,DDN,9.97,10.51,9.97,10.33,33272,KBS,2026-10-09T05:03:52Z
2022-09-13,DDN,9.97,10.42,9.97,10.24,21938,KBS,2026-10-09T05:03:52Z
2022-09-14,DDN,9.97,10.42,9.97,10.33,27904,KBS,2026-10-09T05:03:52Z
2022-09-15,DDN,10.06,10.42,10.06,10.42,2081,KBS,2026-10-09T05:03:52Z
2022-09-16,DDN,10.33,10.33,9.97,10.24,33105,KBS,2026-10-09T05:03:52Z
2022-09-19,DDN,10.24,10.24,8.9,10.15,58574,KBS,2026-10-09T05:03:52Z
2022-09-20,DDN,9.17,10.24,9.17,10.15,9286,KBS,2026-10-09T05:03:52Z
2022-09-21,DDN,10.24,10.24,9.97,10.24,27383,KBS,2026-10-09T05:03:52Z
2022-09-22,DDN,10.24,10.51,10.15,10.24,24560,KBS,2026-10-09T05:03:52Z
2022-09-23,DDN,10.15,10.24,10.06,10.24,1656,KBS,2026-10-09T05:03:52Z
2022-09-26,DDN,9.97,10.24,9.35,9.97,19364,KBS,2026-10-09T05:03:52Z
2022-09-27,DDN,9.35,10.68,9.35,10.33,21430,KBS,2026-10-09T05:03:52Z
2022-09-28,DDN,9.79,10.42,9.79,10.42,8400,KBS,2026-10-09T05:03:52Z
2022-09-29,DDN,10.24,10.42,9.88,10.33,23242,KBS,2026-10-09T05:03:52Z
2022-09-30,DDN,10.33,10.33,9.7,10.24,19731,KBS,2026-10-09T05:03:52Z
2022-10-03,DDN,9.97,10.42,9.79,10.15,23616,KBS,2026-10-09T05:03:52Z
2022-10-04,DDN,9.53,10.24,9.08,9.79,13404,KBS,2026-10-09T05:03:52Z
2022-10-05,DDN,10.06,10.77,10.06,10.33,45220,KBS,2026-10-09T05:03:52Z
2022-10-06,DDN,10.51,10.68,9.97,10.42,20600,KBS,2026-10-09T05:03:52Z
2022-10-07,DDN,10.06,10.59,9.79,10.15,23300,KBS,2026-10-09T05:03:52Z
2022-10-10,DDN,9.79,10.42,9.17,10.24,29253,KBS,2026-10-09T05:03:52Z
2022-10-11,DDN,9.79,10.42,9.17,9.79,45511,KBS,2026-10-09T05:03:52Z
2022-10-12,DDN,9.79,10.24,9.7,10.15,21900,KBS,2026-10-09T05:03:52Z
2022-10-13,DDN,9.79,10.59,9.79,10.15,31200,KBS,2026-10-09T05:03:52Z
2022-10-14,DDN,9.79,10.51,9.79,10.33,29950,KBS,2026-10-09T05:03:52Z
2022-10-17,DDN,9.88,10.59,9.88,10.33,25200,KBS,2026-10-09T05:03:52Z
2022-10-18,DDN,10.33,10.33,9.97,10.24,12945,KBS,2026-10-09T05:03:52Z
2022-10-19,DDN,9.97,9.97,9.7,9.79,5646,KBS,2026-10-09T05:03:52Z
2022-10-20,DDN,9.79,10.24,9.79,9.88,20743,KBS,2026-10-09T05:03:52Z
2022-10-21,DDN,10.24,10.59,8.64,9.79,65300,KBS,2026-10-09T05:03:52Z
2022-10-24,DDN,9.7,10.42,9.53,9.53,50005,KBS,2026-10-09T05:03:52Z
2022-10-25,DDN,9.44,11.31,9.44,10.06,51017,KBS,2026-10-09T05:03:52Z
2022-10-26,DDN,9.97,11.31,9.97,10.33,56020,KBS,2026-10-09T05:03:52Z
2022-10-27,DDN,10.68,10.77,10.06,10.51,26611,KBS,2026-10-09T05:03:52Z
2022-10-28,DDN,9.97,11.04,9.97,10.77,27505,KBS,2026-10-09T05:03:52Z
2022-10-31,DDN,10.24,10.95,9.97,10.24,7604,KBS,2026-10-09T05:03:52Z
2022-11-01,DDN,9.97,10.86,9.97,10.24,22603,KBS,2026-10-09T05:03:52Z
2022-11-02,DDN,10.06,10.77,10.06,10.24,27400,KBS,2026-10-09T05:03:52Z
2022-11-03,DDN,10.06,10.59,9.79,10.59,1430,KBS,2026-10-09T05:03:52Z
2022-11-04,DDN,9.79,10.51,9.79,10.51,23410,KBS,2026-10-09T05:03:52Z
2022-11-07,DDN,9.79,10.59,9.79,10.15,29900,KBS,2026-10-09T05:03:52Z
2022-11-08,DDN,9.97,10.33,9.79,10.24,19281,KBS,2026-10-09T05:03:52Z
2022-11-09,DDN,10.33,10.42,9.97,10.24,36890,KBS,2026-10-09T05:03:52Z
2022-11-10,DDN,10.33,10.42,9.7,9.88,31600,KBS,2026-10-09T05:03:52Z
2022-11-11,DDN,9.79,10.42,9.62,9.79,32100,KBS,2026-10-09T05:03:52Z
2022-11-14,DDN,9.62,10.51,9.35,9.35,22400,KBS,2026-10-09T05:03:52Z
2022-11-15,DDN,9.17,10.42,9.08,9.17,39101,KBS,2026-10-09T05:03:52Z
2022-11-16,DDN,8.9,9.7,8.81,9.62,26681,KBS,2026-10-09T05:03:52Z
2022-11-17,DDN,9.44,10.33,9.44,9.7,60300,KBS,2026-10-09T05:03:52Z
2022-11-18,DDN,9.97,10.06,9.08,9.7,23640,KBS,2026-10-09T05:03:52Z
2022-11-21,DDN,9.08,9.62,8.99,9.44,12649,KBS,2026-10-09T05:03:52Z
2022-11-22,DDN,9.08,9.88,8.9,9.44,19200,KBS,2026-10-09T05:03:52Z
2022-11-23,DDN,9.17,9.88,8.9,9.17,32383,KBS,2026-10-09T05:03:52Z
2022-11-24,DDN,9.08,9.79,8.9,9.26,25436,KBS,2026-10-09T05:03:52Z
2022-11-25,DDN,9.17,9.26,8.81,8.81,20109,KBS,2026-10-09T05:03:52Z
2022-11-28,DDN,8.46,9.17,8.46,8.99,14010,KBS,2026-10-09T05:03:52Z
2022-11-29,DDN,8.99,8.99,8.46,8.64,20401,KBS,2026-10-09T05:03:52Z
2022-11-30,DDN,8.64,8.81,8.55,8.81,41122,KBS,2026-10-09T05:03:52Z
2022-12-01,DDN,8.73,9.17,8.73,8.81,25129,KBS,2026-10-09T05:03:52Z
2022-12-02,DDN,8.55,8.73,8.46,8.73,19611,KBS,2026-10-09T05:03:52Z
2022-12-05,DDN,8.64,8.81,8.46,8.73,12107,KBS,2026-10-09T05:03:52Z
2022-12-06,DDN,8.64,8.64,8.28,8.28,11508,KBS,2026-10-09T05:03:52Z
2022-12-07,DDN,8.1,8.46,8.1,8.46,3184,KBS,2026-10-09T05:03:52Z
2022-12-08,DDN,8.46,8.46,8.37,8.46,4100,KBS,2026-10-09T05:03:52Z
2022-12-09,DDN,8.37,8.37,8.1,8.19,1400,KBS,2026-10-09T05:03:52Z
2022-12-12,DDN,8.19,8.37,8.19,8.19,11936,KBS,2026-10-09T05:03:52Z
2022-12-13,DDN,8.37,8.55,8.37,8.55,6170,KBS,2026-10-09T05:03:52Z
2022-12-14,DDN,8.19,8.46,8.01,8.37,10900,KBS,2026-10-09T05:03:52Z
2022-12-15,DDN,8.28,8.55,8.19,8.55,6941,KBS,2026-10-09T05:03:52Z
2022-12-16,DDN,8.55,8.55,8.28,8.28,2803,KBS,2026-10-09T05:03:52Z
2022-12-19,DDN,8.19,8.55,8.19,8.28,5003,KBS,2026-10-09T05:03:52Z
2022-12-20,DDN,8.28,8.28,8.01,8.19,4693,KBS,2026-10-09T05:03:52Z
2022-12-21,DDN,8.1,8.46,8.01,8.01,1327,KBS,2026-10-09T05:03:52Z
2022-12-22,DDN,8.28,8.28,8.01,8.01,3096,KBS,2026-10-09T05:03:52Z
2022-12-23,DDN,8.28,8.37,8.19,8.19,5016,KBS,2026-10-09T05:03:52Z
2022-12-26,DDN,8.19,8.19,8.01,8.01,3667,KBS,2026-10-09T05:03:52Z
2022-12-27,DDN,8.01,8.01,8.01,8.01,2600,KBS,2026-10-09T05:03:52Z
2022-12-28,DDN,8.01,8.1,7.83,8.01,4401,KBS,2026-10-09T05:03:52Z
2022-12-29,DDN,8.01,8.64,8.01,8.19,16425,KBS,2026-10-09T05:03:52Z
2022-12-30,DDN,8.55,8.55,8.1,8.1,16800,KBS,2026-10-09T05:03:52Z
2023-01-03,DDN,8.28,8.46,8.28,8.37,10166,KBS,2026-10-09T05:03:52Z
2023-01-04,DDN,8.46,8.9,8.37,8.46,12000,KBS,2026-10-09T05:03:52Z
2023-01-05,DDN,8.37,8.64,8.37,8.46,16800,KBS,2026-10-09T05:03:52Z
2023-01-06,DDN,8.37,9.79,8.37,9.17,75500,KBS,2026-10-09T05:03:52Z
2023-01-09,DDN,8.55,9.62,8.55,9.26,32400,KBS,2026-10-09T05:03:52Z
2023-01-10,DDN,8.81,9.97,8.81,9.7,98201,KBS,2026-10-09T05:03:52Z
2023-01-11,DDN,8.28,10.59,8.28,10.24,28400,KBS,2026-10-09T05:03:52Z
2023-01-12,DDN,10.15,10.42,9.79,9.97,33230,KBS,2026-10-09T05:03:52Z
2023-01-13,DDN,9.53,11.66,9.35,10.33,25290,KBS,2026-10-09T05:03:52Z
2023-01-16,DDN,11.13,12.02,10.42,10.86,30301,KBS,2026-10-09T05:03:52Z
2023-01-17,DDN,10.77,11.4,10.42,10.68,25221,KBS,2026-10-09T05:03:52Z
2023-01-18,DDN,11.04,11.04,10.42,10.77,24730,KBS,2026-10-09T05:03:52Z
2023-01-19,DDN,10.24,10.77,10.06,10.77,18006,KBS,2026-10-09T05:03:52Z
2023-01-27,DDN,10.15,10.77,10.15,10.51,15477,KBS,2026-10-09T05:03:52Z
2023-01-30,DDN,10.59,11.49,9.53,9.79,45600,KBS,2026-10-09T05:03:52Z
2023-01-31,DDN,9.53,11.4,9.53,10.24,28358,KBS,2026-10-09T05:03:52Z
2023-02-01,DDN,10.06,10.86,9.62,9.62,105742,KBS,2026-10-09T05:03:52Z
2023-02-02,DDN,9.17,9.79,9.17,9.44,2510,KBS,2026-10-09T05:03:52Z
2023-02-03,DDN,8.9,9.97,8.9,9.08,9716,KBS,2026-10-09T05:03:52Z
2023-02-06,DDN,8.99,9.44,8.55,9.17,20000,KBS,2026-10-09T05:03:52Z
2023-02-07,DDN,9.08,9.08,8.19,8.9,36200,KBS,2026-10-09T05:03:52Z
2023-02-08,DDN,8.46,9.79,8.46,9.17,10347,KBS,2026-10-09T05:03:52Z
2023-02-09,DDN,8.99,9.53,8.64,8.9,12810,KBS,2026-10-09T05:03:52Z
2023-02-10,DDN,8.64,9.17,8.64,9.08,16329,KBS,2026-10-09T05:03:52Z
2023-02-13,DDN,8.64,9.26,8.64,9.17,17600,KBS,2026-10-09T05:03:52Z
2023-02-14,DDN,8.9,9.7,8.9,9.26,17861,KBS,2026-10-09T05:03:52Z
2023-02-15,DDN,8.99,9.53,8.9,9.17,14559,KBS,2026-10-09T05:03:52Z
2023-02-16,DDN,8.9,9.44,8.9,9.17,17800,KBS,2026-10-09T05:03:52Z
2023-02-17,DDN,8.9,10.51,8.9,9.62,83000,KBS,2026-10-09T05:03:52Z
2023-02-20,DDN,9.17,9.79,9.08,9.44,15182,KBS,2026-10-09T05:03:52Z
2023-02-21,DDN,9.53,9.53,9.17,9.44,3750,KBS,2026-10-09T05:03:52Z
2023-02-22,DDN,9.26,9.44,9.08,9.35,7927,KBS,2026-10-09T05:03:52Z
2023-02-23,DDN,8.9,9.26,8.9,9.17,17168,KBS,2026-10-09T05:03:52Z
2023-02-24,DDN,8.9,10.06,8.9,9.35,22600,KBS,2026-10-09T05:03:52Z
2023-02-27,DDN,9.53,9.88,9.35,9.79,53161,KBS,2026-10-09T05:03:52Z
2023-02-28,DDN,9.44,9.7,9.08,9.08,22800,KBS,2026-10-09T05:03:52Z
2023-03-01,DDN,9.08,9.44,9.08,9.26,9651,KBS,2026-10-09T05:03:52Z
2023-03-02,DDN,9.26,9.26,9.08,9.08,2780,KBS,2026-10-09T05:03:52Z
2023-03-03,DDN,8.9,9.26,8.9,8.99,24648,KBS,2026-10-09T05:03:52Z
2023-03-06,DDN,9.08,9.08,8.9,9.08,2300,KBS,2026-10-09T05:03:52Z
2023-03-07,DDN,9.08,9.08,8.9,8.99,5100,KBS,2026-10-09T05:03:52Z
2023-03-08,DDN,9.17,9.17,8.99,9.08,9520,KBS,2026-10-09T05:03:52Z
2023-03-09,DDN,9.08,9.26,8.9,9.17,9870,KBS,2026-10-09T05:03:52Z
2023-03-10,DDN,9.08,9.17,8.73,8.9,33265,KBS,2026-10-09T05:03:52Z
2023-03-13,DDN,8.64,8.99,8.37,8.99,7900,KBS,2026-10-09T05:03:52Z
2023-03-14,DDN,8.81,8.9,8.46,8.81,19932,KBS,2026-10-09T05:03:52Z
2023-03-15,DDN,8.9,8.99,8.73,8.99,15500,KBS,2026-10-09T05:03:52Z
2023-03-16,DDN,8.64,8.81,8.64,8.73,800,KBS,2026-10-09T05:03:52Z
2023-03-17,DDN,8.73,8.73,8.46,8.73,20449,KBS,2026-10-09T05:03:52Z
2023-03-20,DDN,8.55,8.81,8.46,8.55,3010,KBS,2026-10-09T05:03:52Z
2023-03-21,DDN,8.64,8.73,8.37,8.73,24651,KBS,2026-10-09T05:03:52Z
2023-03-22,DDN,8.64,8.73,8.55,8.73,5912,KBS,2026-10-09T05:03:52Z
2023-03-23,DDN,8.64,8.64,8.64,8.64,3538,KBS,2026-10-09T05:03:52Z
2023-03-24,DDN,8.73,8.73,8.46,8.73,6141,KBS,2026-10-09T05:03:52Z
2023-03-27,DDN,9.08,9.17,8.64,8.99,16000,KBS,2026-10-09T05:03:52Z
2023-03-28,DDN,8.73,8.99,8.46,8.73,55162,KBS,2026-10-09T05:03:52Z
2023-03-29,DDN,8.55,8.55,8.55,8.55,2000,KBS,2026-10-09T05:03:52Z
2023-03-30,DDN,8.81,8.81,8.55,8.55,2402,KBS,2026-10-09T05:03:52Z
2023-03-31,DDN,8.46,8.64,8.37,8.64,11501,KBS,2026-10-09T05:03:52Z
2023-04-03,DDN,8.64,8.73,8.55,8.55,4032,KBS,2026-10-09T05:03:52Z
2023-04-04,DDN,8.55,8.64,8.46,8.55,6718,KBS,2026-10-09T05:03:52Z
2023-04-05,DDN,8.64,8.64,8.55,8.64,24343,KBS,2026-10-09T05:03:52Z
2023-04-06,DDN,8.64,8.64,8.46,8.64,12056,KBS,2026-10-09T05:03:52Z
2023-04-07,DDN,8.64,8.64,8.46,8.46,3330,KBS,2026-10-09T05:03:52Z
2023-04-10,DDN,8.46,8.64,8.46,8.55,5790,KBS,2026-10-09T05:03:52Z
2023-04-11,DDN,8.46,8.46,8.46,8.46,917,KBS,2026-10-09T05:03:52Z
2023-04-12,DDN,8.46,8.55,8.37,8.37,9655,KBS,2026-10-09T05:03:52Z
2023-04-13,DDN,8.46,8.64,8.46,8.64,30093,KBS,2026-10-09T05:03:52Z
2023-04-14,DDN,8.55,8.55,8.46,8.46,14331,KBS,2026-10-09T05:03:52Z
2023-04-17,DDN,8.46,8.46,8.37,8.46,6800,KBS,2026-10-09T05:03:52Z
2023-04-18,DDN,8.37,8.37,8.28,8.37,5900,KBS,2026-10-09T05:03:52Z
2023-04-19,DDN,8.37,8.37,8.28,8.37,3700,KBS,2026-10-09T05:03:52Z
2023-04-20,DDN,8.28,8.46,8.28,8.37,10846,KBS,2026-10-09T05:03:52Z
2023-04-21,DDN,8.28,8.46,8.28,8.46,13405,KBS,2026-10-09T05:03:52Z
2023-04-24,DDN,8.46,8.46,8.37,8.46,3000,KBS,2026-10-09T05:03:52Z
2023-04-25,DDN,8.46,8.73,8.28,8.64,10477,KBS,2026-10-09T05:03:52Z
2023-04-26,DDN,8.55,8.64,8.55,8.55,7865,KBS,2026-10-09T05:03:52Z
2023-04-27,DDN,8.46,8.55,8.46,8.55,3237,KBS,2026-10-09T05:03:52Z
2023-04-28,DDN,8.46,8.46,8.37,8.46,4200,KBS,2026-10-09T05:03:52Z
2023-05-04,DDN,8.46,8.46,8.28,8.28,5827,KBS,2026-10-09T05:03:52Z
2023-05-05,DDN,8.28,8.37,8.28,8.28,2401,KBS,2026-10-09T05:03:52Z
2023-05-08,DDN,8.28,8.28,8.28,8.28,8227,KBS,2026-10-09T05:03:52Z
2023-05-09,DDN,8.37,8.46,8.28,8.37,9246,KBS,2026-10-09T05:03:52Z
2023-05-10,DDN,8.37,8.46,8.37,8.46,7810,KBS,2026-10-09T05:03:52Z
2023-05-11,DDN,8.46,8.55,8.37,8.37,11805,KBS,2026-10-09T05:03:52Z
2023-05-12,DDN,8.37,8.46,8.37,8.46,11265,KBS,2026-10-09T05:03:52Z
2023-05-15,DDN,8.46,8.55,8.46,8.46,8915,KBS,2026-10-09T05:03:52Z
2023-05-16,DDN,8.46,8.46,8.46,8.46,16582,KBS,2026-10-09T05:03:52Z
2023-05-17,DDN,8.37,8.46,8.37,8.46,2079,KBS,2026-10-09T05:03:52Z
2023-05-18,DDN,8.73,8.73,8.46,8.55,4610,KBS,2026-10-09T05:03:52Z
2023-05-19,DDN,8.55,8.64,8.55,8.55,27100,KBS,2026-10-09T05:03:52Z
2023-05-22,DDN,8.55,8.64,8.55,8.64,17400,KBS,2026-10-09T05:03:52Z
2023-05-23,DDN,8.55,8.64,8.55,8.64,5915,KBS,2026-10-09T05:03:52Z
2023-05-24,DDN,8.73,8.73,8.64,8.64,33482,KBS,2026-10-09T05:03:52Z
2023-05-25,DDN,8.73,8.73,8.64,8.73,6607,KBS,2026-10-09T05:03:52Z
2023-05-26,DDN,8.73,8.81,8.73,8.73,11918,KBS,2026-10-09T05:03:52Z
2023-05-29,DDN,8.73,9.35,8.73,9.35,72747,KBS,2026-10-09T05:03:52Z
2023-05-30,DDN,9.15,9.72,8.97,9.06,3273,KBS,2026-10-09T05:03:52Z
2023-05-31,DDN,9.25,9.34,8.97,8.97,4638,KBS,2026-10-09T05:03:52Z
2023-06-01,DDN,9.25,9.25,8.87,8.87,23448,KBS,2026-10-09T05:03:52Z
2023-06-02,DDN,9.06,9.06,8.97,8.97,5740,KBS,2026-10-09T05:03:52Z
2023-06-05,DDN,9.06,9.25,8.87,8.87,15416,KBS,2026-10-09T05:03:52Z
2023-06-06,DDN,8.87,9.15,8.87,9.06,18700,KBS,2026-10-09T05:03:52Z
2023-06-07,DDN,9.06,9.06,9.06,9.06,7222,KBS,2026-10-09T05:03:52Z
2023-06-08,DDN,9.06,9.06,8.87,8.87,8115,KBS,2026-10-09T05:03:52Z
2023-06-09,DDN,8.78,9.06,8.69,8.97,14038,KBS,2026-10-09T05:03:52Z
2023-06-12,DDN,9.34,9.34,9.06,9.06,3138,KBS,2026-10-09T05:03:52Z
2023-06-13,DDN,9.15,9.34,9.06,9.15,1000,KBS,2026-10-09T05:03:52Z
2023-06-14,DDN,9.15,9.15,9.06,9.06,8800,KBS,2026-10-09T05:03:52Z
2023-06-15,DDN,9.06,9.06,8.97,8.97,600,KBS,2026-10-09T05:03:52Z
2023-06-16,DDN,9.06,9.15,8.97,8.97,2028,KBS,2026-10-09T05:03:52Z
2023-06-19,DDN,8.87,8.97,8.87,8.97,710,KBS,2026-10-09T05:03:52Z
2023-06-20,DDN,8.97,8.97,8.87,8.87,3241,KBS,2026-10-09T05:03:52Z
2023-06-21,DDN,8.97,8.97,8.87,8.87,2721,KBS,2026-10-09T05:03:52Z
2023-06-22,DDN,8.87,8.87,8.87,8.87,3345,KBS,2026-10-09T05:03:52Z
2023-06-23,DDN,8.78,8.97,8.78,8.87,7450,KBS,2026-10-09T05:03:52Z
2023-06-26,DDN,8.87,8.97,8.78,8.97,6137,KBS,2026-10-09T05:03:52Z
2023-06-27,DDN,8.78,9.15,8.78,9.06,7100,KBS,2026-10-09T05:03:52Z
2023-06-28,DDN,9.25,9.34,8.97,9.06,1860,KBS,2026-10-09T05:03:52Z
2023-06-29,DDN,8.87,8.87,8.78,8.78,11930,KBS,2026-10-09T05:03:52Z
2023-06-30,DDN,8.78,8.78,8.69,8.69,11108,KBS,2026-10-09T05:03:52Z
2023-07-03,DDN,8.87,8.97,8.87,8.97,210,KBS,2026-10-09T05:03:52Z
2023-07-04,DDN,8.69,8.78,8.69,8.78,1603,KBS,2026-10-09T05:03:52Z
2023-07-05,DDN,8.69,8.69,8.69,8.69,417,KBS,2026-10-09T05:03:52Z
2023-07-06,DDN,8.78,8.78,8.78,8.78,1723,KBS,2026-10-09T05:03:52Z
2023-07-07,DDN,8.69,8.87,8.69,8.78,1200,KBS,2026-10-09T05:03:52Z
2023-07-10,DDN,8.69,8.78,8.59,8.78,20900,KBS,2026-10-09T05:03:52Z
2023-07-11,DDN,8.78,8.78,8.59,8.78,3542,KBS,2026-10-09T05:03:52Z
2023-07-12,DDN,8.69,8.78,8.59,8.78,7533,KBS,2026-10-09T05:03:52Z
2023-07-13,DDN,8.59,8.78,8.59,8.69,4644,KBS,2026-10-09T05:03:52Z
2023-07-14,DDN,8.69,8.69,8.5,8.5,2100,KBS,2026-10-09T05:03:52Z
2023-07-17,DDN,8.59,8.59,8.5,8.59,11022,KBS,2026-10-09T05:03:52Z
2023-07-18,DDN,8.59,8.59,8.5,8.5,15426,KBS,2026-10-09T05:03:52Z
2023-07-19,DDN,8.59,8.59,8.5,8.5,10500,KBS,2026-10-09T05:03:52Z
2023-07-20,DDN,8.5,8.5,8.41,8.5,15011,KBS,2026-10-09T05:03:52Z
2023-07-21,DDN,8.41,8.69,8.41,8.69,9440,KBS,2026-10-09T05:03:52Z
2023-07-24,DDN,8.5,8.5,8.41,8.41,22752,KBS,2026-10-09T05:03:52Z
2023-07-25,DDN,8.41,8.41,8.22,8.41,22009,KBS,2026-10-09T05:03:52Z
2023-07-26,DDN,8.5,8.78,8.31,8.41,11300,KBS,2026-10-09T05:03:52Z
2023-07-27,DDN,8.41,8.41,8.22,8.41,28310,KBS,2026-10-09T05:03:52Z
2023-07-28,DDN,8.31,8.41,8.13,8.31,11332,KBS,2026-10-09T05:03:52Z
2023-07-31,DDN,8.41,8.5,8.41,8.5,10301,KBS,2026-10-09T05:03:52Z
2023-08-01,DDN,8.5,8.5,8.31,8.41,6114,KBS,2026-10-09T05:03:52Z
2023-08-02,DDN,9.06,9.06,8.31,8.41,6400,KBS,2026-10-09T05:03:52Z
2023-08-03,DDN,8.5,8.5,8.31,8.41,8468,KBS,2026-10-09T05:03:52Z
2023-08-04,DDN,8.5,8.5,8.41,8.41,14105,KBS,2026-10-09T05:03:52Z
2023-08-07,DDN,8.41,8.5,8.31,8.5,21085,KBS,2026-10-09T05:03:52Z
2023-08-08,DDN,8.41,8.5,8.41,8.5,18111,KBS,2026-10-09T05:03:52Z
2023-08-09,DDN,8.41,8.59,8.41,8.41,27699,KBS,2026-10-09T05:03:52Z
2023-08-10,DDN,8.5,8.5,8.31,8.41,18840,KBS,2026-10-09T05:03:52Z
2023-08-11,DDN,8.41,8.41,8.31,8.41,7650,KBS,2026-10-09T05:03:52Z
2023-08-14,DDN,8.41,8.41,8.31,8.31,13767,KBS,2026-10-09T05:03:52Z
2023-08-15,DDN,8.31,8.41,8.31,8.31,5300,KBS,2026-10-09T05:03:52Z
2023-08-16,DDN,8.31,8.41,8.31,8.31,29950,KBS,2026-10-09T05:03:52Z
2023-08-17,DDN,8.31,8.41,8.31,8.41,3339,KBS,2026-10-09T05:03:52Z
2023-08-18,DDN,8.31,8.41,8.03,8.22,31214,KBS,2026-10-09T05:03:52Z
2023-08-21,DDN,8.03,8.22,7.94,8.22,9602,KBS,2026-10-09T05:03:52Z
2023-08-22,DDN,8.22,8.22,7.85,7.85,14900,KBS,2026-10-09T05:03:52Z
2023-08-23,DDN,7.94,8.03,7.66,8.03,6369,KBS,2026-10-09T05:03:52Z
2023-08-24,DDN,7.94,8.03,7.66,7.94,29970,KBS,2026-10-09T05:03:52Z
2023-08-25,DDN,7.85,8.03,7.66,7.75,19000,KBS,2026-10-09T05:03:52Z
2023-08-28,DDN,7.94,7.94,7.75,7.85,5625,KBS,2026-10-09T05:03:52Z
2023-08-29,DDN,7.85,7.85,7.85,7.85,6215,KBS,2026-10-09T05:03:52Z
2023-08-30,DDN,7.85,8.03,7.85,7.85,17800,KBS,2026-10-09T05:03:52Z
2023-08-31,DDN,7.85,8.22,7.85,7.94,14706,KBS,2026-10-09T05:03:52Z
2023-09-05,DDN,7.85,8.13,7.75,8.13,10751,KBS,2026-10-09T05:03:52Z
2023-09-06,DDN,8.22,8.31,8.22,8.31,14910,KBS,2026-10-09T05:03:52Z
2023-09-07,DDN,8.22,8.31,8.22,8.31,15539,KBS,2026-10-09T05:03:52Z
2023-09-08,DDN,8.41,8.41,8.22,8.22,19100,KBS,2026-10-09T05:03:52Z
2023-09-11,DDN,8.31,8.31,8.13,8.22,22100,KBS,2026-10-09T05:03:52Z
2023-09-12,DDN,8.31,8.41,8.31,8.31,10900,KBS,2026-10-09T05:03:52Z
2023-09-13,DDN,8.31,8.41,7.19,8.31,34966,KBS,2026-10-09T05:03:52Z
2023-09-14,DDN,8.31,8.31,8.03,8.13,1862,KBS,2026-10-09T05:03:52Z
2023-09-15,DDN,8.22,8.31,8.22,8.31,28605,KBS,2026-10-09T05:03:52Z
2023-09-18,DDN,8.41,8.41,8.22,8.31,7514,KBS,2026-10-09T05:03:52Z
2023-09-19,DDN,8.41,8.41,8.31,8.31,14298,KBS,2026-10-09T05:03:52Z
2023-09-20,DDN,8.41,8.41,8.31,8.41,5500,KBS,2026-10-09T05:03:52Z
2023-09-21,DDN,8.41,8.41,8.13,8.41,12627,KBS,2026-10-09T05:03:52Z
2023-09-22,DDN,8.13,8.5,7.94,8.5,45180,KBS,2026-10-09T05:03:52Z
2023-09-25,DDN,8.5,8.5,8.31,8.41,6331,KBS,2026-10-09T05:03:52Z
2023-09-26,DDN,8.22,8.41,7.94,8.41,9703,KBS,2026-10-09T05:03:52Z
2023-09-27,DDN,8.31,8.41,8.13,8.41,18400,KBS,2026-10-09T05:03:52Z
2023-09-28,DDN,8.5,8.5,8.22,8.22,1322,KBS,2026-10-09T05:03:52Z
2023-09-29,DDN,8.31,8.31,8.22,8.22,3400,KBS,2026-10-09T05:03:52Z
2023-10-02,DDN,8.41,8.41,8.31,8.31,7304,KBS,2026-10-09T05:03:52Z
2023-10-03,DDN,8.31,8.41,8.13,8.13,2600,KBS,2026-10-09T05:03:52Z
2023-10-04,DDN,8.22,8.31,8.03,8.31,1711,KBS,2026-10-09T05:03:52Z
2023-10-05,DDN,8.13,8.31,7.47,7.94,13219,KBS,2026-10-09T05:03:52Z
2023-10-06,DDN,8.03,8.5,8.03,8.13,5501,KBS,2026-10-09T05:03:52Z
2023-10-09,DDN,8.03,8.31,8.03,8.22,2405,KBS,2026-10-09T05:03:52Z
2023-10-10,DDN,8.13,8.31,7.94,8.13,10332,KBS,2026-10-09T05:03:52Z
2023-10-12,DDN,8.03,8.22,8.03,8.22,4422,KBS,2026-10-09T05:03:52Z
2023-10-13,DDN,8.22,8.22,8.03,8.03,2835,KBS,2026-10-09T05:03:52Z
2023-10-16,DDN,8.03,8.13,7.94,8.13,8750,KBS,2026-10-09T05:03:52Z
2023-10-17,DDN,8.03,8.03,8.03,8.03,316,KBS,2026-10-09T05:03:52Z
2023-10-18,DDN,8.03,8.03,8.03,8.03,411,KBS,2026-10-09T05:03:52Z
2023-10-19,DDN,8.03,8.03,7.94,7.94,1700,KBS,2026-10-09T05:03:52Z
2023-10-23,DDN,7.94,7.94,7.94,7.94,1882,KBS,2026-10-09T05:03:52Z
2023-10-24,DDN,7.94,7.94,7.94,7.94,1000,KBS,2026-10-09T05:03:52Z
2023-10-25,DDN,7.94,7.94,7.94,7.94,37,KBS,2026-10-09T05:03:52Z
2023-10-26,DDN,7.75,7.75,7.66,7.66,2000,KBS,2026-10-09T05:03:52Z
2023-10-27,DDN,7.94,7.94,6.73,7.47,13104,KBS,2026-10-09T05:03:52Z
2023-10-30,DDN,7.29,7.29,7.29,7.29,1116,KBS,2026-10-09T05:03:52Z
2023-10-31,DDN,7.1,7.1,7.1,7.1,1801,KBS,2026-10-09T05:03:52Z
2023-11-01,DDN,7.1,7.29,7.01,7.19,3118,KBS,2026-10-09T05:03:52Z
2023-11-02,DDN,7.1,7.38,7.1,7.38,2069,KBS,2026-10-09T05:03:52Z
2023-11-03,DDN,7.47,8.31,7.29,8.31,2580,KBS,2026-10-09T05:03:52Z
2023-11-06,DDN,7.57,7.66,7.57,7.57,1089,KBS,2026-10-09T05:03:52Z
2023-11-07,DDN,7.75,7.85,7.47,7.47,900,KBS,2026-10-09T05:03:52Z
2023-11-08,DDN,7.66,7.66,7.66,7.66,130,KBS,2026-10-09T05:03:52Z
2023-11-09,DDN,7.66,7.66,7.66,7.66,600,KBS,2026-10-09T05:03:52Z
2023-11-10,DDN,7.66,7.66,7.57,7.57,600,KBS,2026-10-09T05:03:52Z
2023-11-13,DDN,7.94,7.94,7.66,7.66,1443,KBS,2026-10-09T05:03:52Z
2023-11-14,DDN,7.57,7.66,7.47,7.47,7137,KBS,2026-10-09T05:03:52Z
2023-11-15,DDN,7.57,7.57,7.57,7.57,8163,KBS,2026-10-09T05:03:52Z
2023-11-16,DDN,7.47,7.47,7.47,7.47,1205,KBS,2026-10-09T05:03:52Z
2023-11-17,DDN,7.66,7.75,7.66,7.75,521,KBS,2026-10-09T05:03:52Z
2023-11-20,DDN,7.47,7.47,7.47,7.47,100,KBS,2026-10-09T05:03:52Z
2023-11-21,DDN,7.57,7.57,7.57,7.57,102,KBS,2026-10-09T05:03:52Z
2023-11-22,DDN,7.47,7.66,7.47,7.66,5216,KBS,2026-10-09T05:03:52Z
2023-11-28,DDN,7.57,7.57,7.57,7.57,259,KBS,2026-10-09T05:03:52Z
2023-11-29,DDN,7.57,7.57,7.47,7.57,700,KBS,2026-10-09T05:03:52Z
2023-11-30,DDN,7.29,7.47,7.29,7.47,2418,KBS,2026-10-09T05:03:52Z
2023-12-01,DDN,7.47,7.47,7.47,7.47,600,KBS,2026-10-09T05:03:52Z
2023-12-04,DDN,7.47,7.47,7.29,7.47,3938,KBS,2026-10-09T05:03:52Z
2023-12-05,DDN,7.47,7.47,7.47,7.47,2,KBS,2026-10-09T05:03:52Z
2023-12-06,DDN,7.47,7.47,7.29,7.47,1738,KBS,2026-10-09T05:03:52Z
2023-12-07,DDN,7.38,7.38,7.38,7.38,1505,KBS,2026-10-09T05:03:52Z
2023-12-08,DDN,7.29,7.47,6.73,7.47,2900,KBS,2026-10-09T05:03:52Z
2023-12-11,DDN,7.47,7.47,7.47,7.47,280,KBS,2026-10-09T05:03:52Z
2023-12-12,DDN,7.38,7.38,7.38,7.38,500,KBS,2026-10-09T05:03:52Z
2023-12-13,DDN,7.38,7.38,7.38,7.38,530,KBS,2026-10-09T05:03:52Z
2023-12-14,DDN,7.38,7.38,7.38,7.38,410,KBS,2026-10-09T05:03:52Z
2023-12-15,DDN,7.38,7.57,7.38,7.57,200,KBS,2026-10-09T05:03:52Z
2023-12-18,DDN,7.29,7.29,7.29,7.29,500,KBS,2026-10-09T05:03:52Z
2023-12-19,DDN,7.29,7.66,7.29,7.47,999,KBS,2026-10-09T05:03:52Z
2023-12-21,DDN,7.29,7.29,7.29,7.29,1871,KBS,2026-10-09T05:03:52Z
2023-12-25,DDN,7.47,7.47,7.47,7.47,2669,KBS,2026-10-09T05:03:52Z
2023-12-26,DDN,7.47,7.75,7.38,7.75,7679,KBS,2026-10-09T05:03:52Z
2023-12-27,DDN,7.57,7.66,7.57,7.66,1720,KBS,2026-10-09T05:03:52Z
2023-12-28,DDN,7.57,7.57,7.47,7.57,410,KBS,2026-10-09T05:03:52Z
2023-12-29,DDN,7.57,7.57,7.57,7.57,52,KBS,2026-10-09T05:03:52Z
2024-01-02,DDN,7.47,7.66,7.47,7.66,1832,KBS,2026-10-09T05:03:52Z
2024-01-03,DDN,7.47,7.57,7.47,7.57,613,KBS,2026-10-09T05:03:52Z
2024-01-04,DDN,7.57,7.57,7.57,7.57,608,KBS,2026-10-09T05:03:52Z
2024-01-05,DDN,7.47,7.47,7.47,7.47,6500,KBS,2026-10-09T05:03:52Z
2024-01-08,DDN,7.57,7.75,7.47,7.47,2113,KBS,2026-10-09T05:03:52Z
2024-01-09,DDN,7.57,7.57,7.57,7.57,630,KBS,2026-10-09T05:03:52Z
2024-01-10,DDN,7.66,7.66,7.57,7.57,4052,KBS,2026-10-09T05:03:52Z
2024-01-11,DDN,7.38,7.47,7.38,7.47,1855,KBS,2026-10-09T05:03:52Z
2024-01-12,DDN,7.38,7.38,7.38,7.38,2550,KBS,2026-10-09T05:03:52Z
2024-01-15,DDN,7.38,7.38,7.38,7.38,82,KBS,2026-10-09T05:03:52Z
2024-01-16,DDN,7.38,7.38,7.38,7.38,200,KBS,2026-10-09T05:03:52Z
2024-01-17,DDN,7.57,8.41,7.57,7.57,5101,KBS,2026-10-09T05:03:52Z
2024-01-19,DDN,7.57,7.57,7.57,7.57,153,KBS,2026-10-09T05:03:52Z
2024-01-22,DDN,7.47,7.66,7.47,7.66,1521,KBS,2026-10-09T05:03:52Z
2024-01-23,DDN,7.47,7.47,7.47,7.47,400,KBS,2026-10-09T05:03:52Z
2024-01-24,DDN,7.47,7.47,7.47,7.47,2006,KBS,2026-10-09T05:03:52Z
2024-01-26,DDN,7.29,7.29,7.29,7.29,300,KBS,2026-10-09T05:03:52Z
2024-01-29,DDN,7.57,8.31,7.57,7.75,1600,KBS,2026-10-09T05:03:52Z
2024-01-30,DDN,7.94,7.94,7.66,7.66,210,KBS,2026-10-09T05:03:52Z
2024-01-31,DDN,7.47,7.47,7.47,7.47,200,KBS,2026-10-09T05:03:52Z
2024-02-01,DDN,7.47,7.47,7.47,7.47,200,KBS,2026-10-09T05:03:52Z
2024-02-02,DDN,7.75,8.41,7.75,8.41,706,KBS,2026-10-09T05:03:52Z
2024-02-05,DDN,7.57,7.57,7.47,7.57,2610,KBS,2026-10-09T05:03:52Z
2024-02-06,DDN,7.38,7.38,7.38,7.38,610,KBS,2026-10-09T05:03:52Z
2024-02-07,DDN,7.66,8.41,7.66,8.22,2277,KBS,2026-10-09T05:03:52Z
2024-02-15,DDN,8.13,8.13,7.94,7.94,703,KBS,2026-10-09T05:03:52Z
2024-02-20,DDN,7.66,7.85,6.91,7.85,16428,KBS,2026-10-09T05:03:52Z
2024-02-21,DDN,7.29,7.29,7.29,7.29,401,KBS,2026-10-09T05:03:52Z
2024-02-22,DDN,7.38,7.38,7.29,7.29,3210,KBS,2026-10-09T05:03:52Z
2024-02-23,DDN,7.29,7.29,6.91,7.01,20241,KBS,2026-10-09T05:03:52Z
2024-02-26,DDN,7.29,7.29,7.19,7.29,5779,KBS,2026-10-09T05:03:52Z
2024-02-27,DDN,7.29,7.29,7.19,7.19,7210,KBS,2026-10-09T05:03:52Z
2024-02-28,DDN,7.1,7.29,7.1,7.29,10250,KBS,2026-10-09T05:03:52Z
2024-02-29,DDN,7.29,7.85,7.29,7.38,4211,KBS,2026-10-09T05:03:52Z
2024-03-01,DDN,7.57,7.85,7.47,7.57,1401,KBS,2026-10-09T05:03:52Z
2024-03-04,DDN,7.47,7.57,7.38,7.47,3434,KBS,2026-10-09T05:03:52Z
2024-03-05,DDN,7.47,7.47,7.47,7.47,563,KBS,2026-10-09T05:03:52Z
2024-03-06,DDN,7.47,7.47,7.38,7.38,5432,KBS,2026-10-09T05:03:52Z
2024-03-07,DDN,7.38,7.38,7.29,7.29,1517,KBS,2026-10-09T05:03:52Z
2024-03-08,DDN,7.38,7.57,7.19,7.19,6710,KBS,2026-10-09T05:03:52Z
2024-03-11,DDN,7.57,7.57,7.57,7.57,171,KBS,2026-10-09T05:03:52Z
2024-03-12,DDN,7.57,7.57,7.57,7.57,139,KBS,2026-10-09T05:03:52Z
2024-03-13,DDN,7.38,7.47,7.38,7.47,251,KBS,2026-10-09T05:03:52Z
2024-03-14,DDN,7.47,7.47,7.47,7.47,118,KBS,2026-10-09T05:03:52Z
2024-03-15,DDN,7.19,7.38,6.91,7.38,2181,KBS,2026-10-09T05:03:52Z
2024-03-18,DDN,7.38,7.38,7.38,7.38,1696,KBS,2026-10-09T05:03:52Z
2024-03-19,DDN,7.38,7.38,7.38,7.38,2488,KBS,2026-10-09T05:03:52Z
2024-03-20,DDN,7.38,7.47,7.38,7.47,9022,KBS,2026-10-09T05:03:52Z
2024-03-21,DDN,7.47,7.57,7.47,7.57,6430,KBS,2026-10-09T05:03:52Z
2024-03-22,DDN,7.57,8.22,7.57,7.66,4081,KBS,2026-10-09T05:03:52Z
2024-03-25,DDN,7.75,7.85,7.75,7.75,6435,KBS,2026-10-09T05:03:52Z
2024-03-26,DDN,7.47,7.47,7.47,7.47,1300,KBS,2026-10-09T05:03:52Z
2024-03-27,DDN,7.57,7.66,7.57,7.57,6800,KBS,2026-10-09T05:03:52Z
2024-03-28,DDN,7.57,7.57,7.01,7.38,7700,KBS,2026-10-09T05:03:52Z
2024-03-29,DDN,7.47,7.47,7.47,7.47,3510,KBS,2026-10-09T05:03:52Z
2024-04-01,DDN,7.57,7.57,7.47,7.47,2406,KBS,2026-10-09T05:03:52Z
2024-04-02,DDN,7.47,7.47,7.47,7.47,7044,KBS,2026-10-09T05:03:52Z
2024-04-03,DDN,7.47,7.47,7.38,7.47,3312,KBS,2026-10-09T05:03:52Z
2024-04-04,DDN,7.29,7.38,7.01,7.29,22073,KBS,2026-10-09T05:03:52Z
2024-04-05,DDN,7.19,7.38,7.19,7.38,754,KBS,2026-10-09T05:03:52Z
2024-04-08,DDN,7.38,7.38,7.38,7.38,1207,KBS,2026-10-09T05:03:52Z
2024-04-09,DDN,7.38,7.38,7.29,7.29,1900,KBS,2026-10-09T05:03:52Z
2024-04-10,DDN,7.19,7.19,7.19,7.19,690,KBS,2026-10-09T05:03:52Z
2024-04-11,DDN,7.19,7.29,7.19,7.29,6600,KBS,2026-10-09T05:03:52Z
2024-04-12,DDN,7.29,7.38,7.29,7.38,1300,KBS,2026-10-09T05:03:52Z
2024-04-15,DDN,7.38,7.38,7.29,7.29,3500,KBS,2026-10-09T05:03:52Z
2024-04-16,DDN,7.29,7.29,7.19,7.19,12482,KBS,2026-10-09T05:03:52Z
2024-04-17,DDN,7.19,7.19,7.19,7.19,1206,KBS,2026-10-09T05:03:52Z
2024-04-19,DDN,7.29,7.29,6.73,7.1,35919,KBS,2026-10-09T05:03:52Z
2024-04-22,DDN,7.1,7.1,6.82,7.1,8901,KBS,2026-10-09T05:03:52Z
2024-04-23,DDN,7.01,7.01,7.01,7.01,201,KBS,2026-10-09T05:03:52Z
2024-04-24,DDN,7.1,7.38,7.01,7.38,3120,KBS,2026-10-09T05:03:52Z
2024-04-25,DDN,7.19,7.19,7.19,7.19,475,KBS,2026-10-09T05:03:52Z
2024-04-26,DDN,7.29,7.29,7.01,7.19,4236,KBS,2026-10-09T05:03:52Z
2024-05-02,DDN,7.19,7.19,7.19,7.19,3220,KBS,2026-10-09T05:03:52Z
2024-05-03,DDN,7.38,7.38,7.38,7.38,1629,KBS,2026-10-09T05:03:52Z
2024-05-06,DDN,7.19,7.38,7.01,7.29,4258,KBS,2026-10-09T05:03:52Z
2024-05-07,DDN,7.29,7.29,7.29,7.29,110,KBS,2026-10-09T05:03:52Z
2024-05-09,DDN,7.29,7.29,7.19,7.29,2310,KBS,2026-10-09T05:03:52Z
2024-05-10,DDN,7.19,7.19,7.19,7.19,2255,KBS,2026-10-09T05:03:52Z
2024-05-13,DDN,7.19,7.38,7.1,7.1,5360,KBS,2026-10-09T05:03:52Z
2024-05-14,DDN,7.29,7.38,7.29,7.38,4423,KBS,2026-10-09T05:03:52Z
2024-05-15,DDN,7.38,7.38,7.38,7.38,2800,KBS,2026-10-09T05:03:52Z
2024-05-16,DDN,7.38,7.38,7.38,7.38,701,KBS,2026-10-09T05:03:52Z
2024-05-17,DDN,7.19,7.29,7.01,7.29,10660,KBS,2026-10-09T05:03:52Z
2024-05-20,DDN,7.38,7.38,7.38,7.38,109,KBS,2026-10-09T05:03:52Z
2024-05-21,DDN,7.38,7.38,7.38,7.38,66,KBS,2026-10-09T05:03:52Z
2024-05-22,DDN,7.29,7.38,7.1,7.38,6800,KBS,2026-10-09T05:03:52Z
2024-05-24,DDN,7.19,7.38,7.1,7.29,6302,KBS,2026-10-09T05:03:52Z
2024-05-27,DDN,7.19,7.19,7.19,7.19,930,KBS,2026-10-09T05:03:52Z
2024-05-28,DDN,7.1,7.19,7.1,7.19,4200,KBS,2026-10-09T05:03:52Z
2024-05-29,DDN,7.19,7.19,7.19,7.19,113,KBS,2026-10-09T05:03:52Z
2024-05-30,DDN,7.19,7.19,7.19,7.19,300,KBS,2026-10-09T05:03:52Z
2024-05-31,DDN,7.19,7.47,7.19,7.38,7792,KBS,2026-10-09T05:03:52Z
2024-06-03,DDN,7.47,7.47,7.47,7.47,510,KBS,2026-10-09T05:03:52Z
2024-06-04,DDN,7.47,7.47,7.29,7.38,2177,KBS,2026-10-09T05:03:52Z
2024-06-05,DDN,7.29,7.47,7.29,7.47,2639,KBS,2026-10-09T05:03:52Z
2024-06-06,DDN,7.47,7.47,7.47,7.47,100,KBS,2026-10-09T05:03:52Z
2024-06-07,DDN,7.38,7.38,7.38,7.38,220,KBS,2026-10-09T05:03:52Z
2024-06-10,DDN,7.47,7.47,7.38,7.38,2130,KBS,2026-10-09T05:03:52Z
2024-06-11,DDN,7.47,7.47,7.29,7.29,2944,KBS,2026-10-09T05:03:52Z
2024-06-13,DDN,7.38,7.38,7.38,7.38,1255,KBS,2026-10-09T05:03:52Z
2024-06-14,DDN,7.38,7.47,7.38,7.38,4402,KBS,2026-10-09T05:03:52Z
2024-06-17,DDN,7.29,7.29,7.29,7.29,3580,KBS,2026-10-09T05:03:52Z
2024-06-18,DDN,7.29,7.38,7.19,7.38,1689,KBS,2026-10-09T05:03:52Z
2024-06-19,DDN,7.38,7.47,7.19,7.19,1400,KBS,2026-10-09T05:03:52Z
2024-06-20,DDN,7.38,7.38,7.38,7.38,3065,KBS,2026-10-09T05:03:52Z
2024-06-21,DDN,7.47,7.66,7.29,7.66,19202,KBS,2026-10-09T05:03:52Z
2024-06-24,DDN,7.75,8.03,7.57,7.57,12711,KBS,2026-10-09T05:03:52Z
2024-06-25,DDN,7.85,7.85,7.66,7.66,12367,KBS,2026-10-09T05:03:52Z
2024-06-26,DDN,7.75,7.75,7.66,7.75,3600,KBS,2026-10-09T05:03:52Z
2024-06-27,DDN,7.57,7.57,7.47,7.57,4664,KBS,2026-10-09T05:03:52Z
2024-06-28,DDN,7.66,7.66,7.47,7.47,400,KBS,2026-10-09T05:03:52Z
2024-07-01,DDN,7.47,7.47,7.47,7.47,6300,KBS,2026-10-09T05:03:52Z
2024-07-02,DDN,7.29,7.38,7.1,7.38,4900,KBS,2026-10-09T05:03:52Z
2024-07-03,DDN,7.38,7.38,7.29,7.29,3112,KBS,2026-10-09T05:03:52Z
2024-07-04,DDN,7.57,7.57,7.38,7.38,656,KBS,2026-10-09T05:03:52Z
2024-07-05,DDN,7.66,7.66,7.66,7.66,6400,KBS,2026-10-09T05:03:52Z
2024-07-08,DDN,7.85,7.85,7.85,7.85,222,KBS,2026-10-09T05:03:52Z
2024-07-09,DDN,8.03,8.03,7.57,7.75,3454,KBS,2026-10-09T05:03:52Z
2024-07-10,DDN,7.57,7.57,7.47,7.47,4100,KBS,2026-10-09T05:03:52Z
2024-07-11,DDN,7.66,7.75,7.66,7.75,6100,KBS,2026-10-09T05:03:52Z
2024-07-12,DDN,7.47,7.66,7.47,7.66,1401,KBS,2026-10-09T05:03:52Z
2024-07-15,DDN,7.85,7.94,7.85,7.94,2109,KBS,2026-10-09T05:03:52Z
2024-07-16,DDN,7.85,8.97,7.85,8.97,121403,KBS,2026-10-09T05:03:52Z
2024-07-17,DDN,8.97,9.62,8.59,8.59,22988,KBS,2026-10-09T05:03:52Z
2024-07-18,DDN,9.06,9.06,7.75,7.85,40077,KBS,2026-10-09T05:03:52Z
2024-07-19,DDN,7.85,8.13,7.29,7.38,36201,KBS,2026-10-09T05:03:52Z
2024-07-22,DDN,7.75,8.03,7.38,7.66,12074,KBS,2026-10-09T05:03:52Z
2024-07-23,DDN,7.47,7.75,7.38,7.47,6618,KBS,2026-10-09T05:03:52Z
2024-07-24,DDN,7.38,7.57,7.38,7.38,7001,KBS,2026-10-09T05:03:52Z
2024-07-25,DDN,7.47,7.66,7.47,7.66,4880,KBS,2026-10-09T05:03:52Z
2024-07-29,DDN,7.47,7.66,7.38,7.47,11234,KBS,2026-10-09T05:03:52Z
2024-07-30,DDN,7.66,7.66,7.47,7.47,3619,KBS,2026-10-09T05:03:52Z
2024-07-31,DDN,7.47,7.57,7.47,7.57,4936,KBS,2026-10-09T05:03:52Z
2024-08-01,DDN,7.57,7.57,7.29,7.47,5079,KBS,2026-10-09T05:03:52Z
2024-08-02,DDN,7.19,7.38,7.19,7.29,3324,KBS,2026-10-09T05:03:52Z
2024-08-05,DDN,7.47,7.47,7.47,7.47,119,KBS,2026-10-09T05:03:52Z
2024-08-06,DDN,7.29,7.38,7.01,7.38,37308,KBS,2026-10-09T05:03:52Z
2024-08-07,DDN,7.38,7.38,7.19,7.19,3025,KBS,2026-10-09T05:03:52Z
2024-08-08,DDN,7.29,7.29,7.29,7.29,1057,KBS,2026-10-09T05:03:52Z
2024-08-09,DDN,7.1,7.29,7.1,7.29,2801,KBS,2026-10-09T05:03:52Z
2024-08-12,DDN,7.19,7.38,7.19,7.38,4008,KBS,2026-10-09T05:03:52Z
2024-08-13,DDN,7.29,7.29,7.29,7.29,115,KBS,2026-10-09T05:03:52Z
2024-08-14,DDN,7.38,7.38,7.29,7.38,4605,KBS,2026-10-09T05:03:52Z
2024-08-15,DDN,7.38,7.38,7.38,7.38,109,KBS,2026-10-09T05:03:52Z
2024-08-16,DDN,7.19,7.38,7.19,7.29,5189,KBS,2026-10-09T05:03:52Z
2024-08-19,DDN,7.29,7.29,7.29,7.29,515,KBS,2026-10-09T05:03:52Z
2024-08-20,DDN,7.38,7.38,7.29,7.29,625,KBS,2026-10-09T05:03:52Z
2024-08-21,DDN,7.38,7.38,7.29,7.29,2935,KBS,2026-10-09T05:03:52Z
2024-08-22,DDN,7.19,7.38,7.19,7.38,1541,KBS,2026-10-09T05:03:52Z
2024-08-23,DDN,7.38,7.38,7.29,7.29,426,KBS,2026-10-09T05:03:52Z
2024-08-26,DDN,7.47,7.47,7.38,7.38,4233,KBS,2026-10-09T05:03:52Z
2024-08-28,DDN,7.29,7.29,7.29,7.29,3105,KBS,2026-10-09T05:03:52Z
2024-08-29,DDN,7.29,7.29,7.01,7.29,9662,KBS,2026-10-09T05:03:52Z
2024-08-30,DDN,7.19,7.29,7.19,7.29,1317,KBS,2026-10-09T05:03:52Z
2024-09-04,DDN,7.19,7.29,7.19,7.29,803,KBS,2026-10-09T05:03:52Z
2024-09-05,DDN,7.29,7.29,7.29,7.29,23,KBS,2026-10-09T05:03:52Z
2024-09-06,DDN,7.29,7.29,7.1,7.29,2784,KBS,2026-10-09T05:03:52Z
2024-09-09,DDN,7.29,7.29,7.29,7.29,1343,KBS,2026-10-09T05:03:52Z
2024-09-10,DDN,7.29,7.29,6.91,7.19,17950,KBS,2026-10-09T05:03:52Z
2024-09-11,DDN,7.1,7.19,6.91,7.19,3886,KBS,2026-10-09T05:03:52Z
2024-09-12,DDN,7.19,7.29,7.19,7.29,2652,KBS,2026-10-09T05:03:52Z
2024-09-13,DDN,7.1,7.19,7.1,7.19,1405,KBS,2026-10-09T05:03:52Z
2024-09-16,DDN,7.1,7.29,7.1,7.19,10905,KBS,2026-10-09T05:03:52Z
2024-09-17,DDN,7.19,7.19,7.19,7.19,202,KBS,2026-10-09T05:03:52Z
2024-09-18,DDN,7.1,7.29,7.1,7.29,3216,KBS,2026-10-09T05:03:52Z
2024-09-19,DDN,7.19,7.19,7.19,7.19,203,KBS,2026-10-09T05:03:52Z
2024-09-20,DDN,7.38,7.38,7.29,7.29,3758,KBS,2026-10-09T05:03:52Z
2024-09-23,DDN,7.38,7.38,7.38,7.38,4548,KBS,2026-10-09T05:03:52Z
2024-09-24,DDN,7.19,7.38,7.19,7.19,1318,KBS,2026-10-09T05:03:52Z
2024-09-25,DDN,7.19,7.38,7.19,7.29,509,KBS,2026-10-09T05:03:52Z
2024-09-26,DDN,7.29,7.29,7.19,7.19,6708,KBS,2026-10-09T05:03:52Z
2024-09-27,DDN,7.29,7.38,7.19,7.19,6020,KBS,2026-10-09T05:03:52Z
2024-09-30,DDN,7.38,7.38,7.19,7.19,2451,KBS,2026-10-09T05:03:52Z
2024-10-02,DDN,7.1,7.19,7.1,7.19,816,KBS,2026-10-09T05:03:52Z
2024-10-03,DDN,7.19,7.19,7.19,7.19,1682,KBS,2026-10-09T05:03:52Z
2024-10-04,DDN,7.19,7.19,7.19,7.19,617,KBS,2026-10-09T05:03:52Z
2024-10-07,DDN,7.19,7.19,7.19,7.19,821,KBS,2026-10-09T05:03:52Z
2024-10-08,DDN,7.19,7.19,7.19,7.19,3510,KBS,2026-10-09T05:03:52Z
2024-10-09,DDN,7.19,7.19,7.19,7.19,105,KBS,2026-10-09T05:03:52Z
2024-10-10,DDN,7.29,7.29,7.19,7.19,3915,KBS,2026-10-09T05:03:52Z
2024-10-11,DDN,7.1,7.29,7.1,7.29,2405,KBS,2026-10-09T05:03:52Z
2024-10-14,DDN,7.29,7.29,7.29,7.29,6,KBS,2026-10-09T05:03:52Z
2024-10-15,DDN,7.29,7.29,7.29,7.29,40,KBS,2026-10-09T05:03:52Z
2024-10-16,DDN,7.19,7.19,7.19,7.19,200,KBS,2026-10-09T05:03:52Z
2024-10-17,DDN,7.19,7.29,7.19,7.19,6723,KBS,2026-10-09T05:03:52Z
2024-10-18,DDN,7.29,7.29,7.29,7.29,422,KBS,2026-10-09T05:03:52Z
2024-10-21,DDN,7.38,7.57,7.38,7.38,5996,KBS,2026-10-09T05:03:52Z
2024-10-22,DDN,7.47,7.75,7.29,7.66,11246,KBS,2026-10-09T05:03:52Z
2024-10-23,DDN,7.66,7.94,7.66,7.75,7000,KBS,2026-10-09T05:03:52Z
2024-10-24,DDN,8.03,8.03,7.66,7.66,3168,KBS,2026-10-09T05:03:52Z
2024-10-28,DDN,7.75,7.75,7.57,7.57,625,KBS,2026-10-09T05:03:52Z
2024-10-30,DDN,7.47,7.47,7.19,7.38,3909,KBS,2026-10-09T05:03:52Z
2024-10-31,DDN,7.38,7.47,7.38,7.38,802,KBS,2026-10-09T05:03:52Z
2024-11-01,DDN,7.38,7.38,7.38,7.38,500,KBS,2026-10-09T05:03:52Z
2024-11-04,DDN,7.57,7.57,7.38,7.38,700,KBS,2026-10-09T05:03:52Z
2024-11-05,DDN,7.29,7.29,7.19,7.29,1100,KBS,2026-10-09T05:03:52Z
2024-11-06,DDN,7.38,7.38,7.38,7.38,202,KBS,2026-10-09T05:03:52Z
2024-11-07,DDN,7.38,7.38,7.38,7.38,409,KBS,2026-10-09T05:03:52Z
2024-11-11,DDN,7.38,7.38,7.38,7.38,3341,KBS,2026-10-09T05:03:52Z
2024-11-12,DDN,7.38,7.47,7.38,7.47,615,KBS,2026-10-09T05:03:52Z
2024-11-13,DDN,7.38,7.38,7.38,7.38,603,KBS,2026-10-09T05:03:52Z
2024-11-14,DDN,7.19,7.38,7.19,7.38,3116,KBS,2026-10-09T05:03:52Z
2024-11-15,DDN,7.38,7.38,7.01,7.29,11201,KBS,2026-10-09T05:03:52Z
2024-11-18,DDN,7.29,7.29,7.01,7.19,3630,KBS,2026-10-09T05:03:52Z
2024-11-19,DDN,7.1,7.38,7.1,7.38,1715,KBS,2026-10-09T05:03:52Z
2024-11-20,DDN,7.38,7.38,7.29,7.29,220,KBS,2026-10-09T05:03:52Z
2024-11-21,DDN,7.29,7.38,7.29,7.38,512,KBS,2026-10-09T05:03:52Z
2024-11-22,DDN,7.29,7.29,7.19,7.29,1116,KBS,2026-10-09T05:03:52Z
2024-11-25,DDN,7.47,7.47,7.47,7.47,490,KBS,2026-10-09T05:03:52Z
2024-11-26,DDN,7.29,7.47,7.29,7.47,1005,KBS,2026-10-09T05:03:52Z
2024-11-28,DDN,7.38,7.38,7.38,7.38,600,KBS,2026-10-09T05:03:52Z
2024-11-29,DDN,7.38,7.38,7.38,7.38,2901,KBS,2026-10-09T05:03:52Z
2024-12-02,DDN,7.38,7.38,7.29,7.29,227,KBS,2026-10-09T05:03:52Z
2024-12-03,DDN,7.47,7.47,7.38,7.38,3500,KBS,2026-10-09T05:03:52Z
2024-12-04,DDN,7.19,7.38,7.19,7.38,2765,KBS,2026-10-09T05:03:52Z
2024-12-05,DDN,7.38,7.38,7.19,7.19,1200,KBS,2026-10-09T05:03:52Z
2024-12-06,DDN,7.38,7.38,7.29,7.29,729,KBS,2026-10-09T05:03:52Z
2024-12-09,DDN,7.1,7.1,7.1,7.1,505,KBS,2026-10-09T05:03:52Z
2024-12-10,DDN,7.29,7.29,7.29,7.29,246,KBS,2026-10-09T05:03:52Z
2024-12-11,DDN,7.29,7.29,7.29,7.29,2720,KBS,2026-10-09T05:03:52Z
2024-12-12,DDN,7.29,7.29,7.29,7.29,2300,KBS,2026-10-09T05:03:52Z
2024-12-13,DDN,7.29,7.29,7.29,7.29,12400,KBS,2026-10-09T05:03:52Z
2024-12-16,DDN,7.29,7.29,7.29,7.29,3209,KBS,2026-10-09T05:03:52Z
2024-12-17,DDN,7.19,7.19,7.19,7.19,1722,KBS,2026-10-09T05:03:52Z
2024-12-18,DDN,7.19,7.19,7.1,7.19,7900,KBS,2026-10-09T05:03:52Z
2024-12-19,DDN,7.19,7.19,7.19,7.19,1000,KBS,2026-10-09T05:03:52Z
2024-12-20,DDN,7.29,7.29,7.29,7.29,1140,KBS,2026-10-09T05:03:52Z
2024-12-23,DDN,7.29,7.29,7.29,7.29,87,KBS,2026-10-09T05:03:52Z
2024-12-24,DDN,7.1,7.19,7.1,7.19,3437,KBS,2026-10-09T05:03:52Z
2024-12-25,DDN,7.19,7.19,7.19,7.19,200,KBS,2026-10-09T05:03:52Z
2024-12-26,DDN,7.19,7.19,7.19,7.19,3537,KBS,2026-10-09T05:03:52Z
2024-12-27,DDN,7.29,7.29,7.29,7.29,130,KBS,2026-10-09T05:03:52Z
2024-12-30,DDN,7.29,7.29,7.29,7.29,902,KBS,2026-10-09T05:03:52Z
2024-12-31,DDN,7.29,7.29,7.19,7.29,1630,KBS,2026-10-09T05:03:52Z
2025-01-03,DDN,7.38,7.38,7.19,7.19,5230,KBS,2026-10-09T05:03:52Z
2025-01-06,DDN,7.29,7.29,7.19,7.19,3400,KBS,2026-10-09T05:03:52Z
2025-01-07,DDN,7.19,7.19,7.19,7.19,312,KBS,2026-10-09T05:03:52Z
2025-01-08,DDN,7.19,7.19,7.19,7.19,700,KBS,2026-10-09T05:03:52Z
2025-01-09,DDN,7.19,7.19,7.19,7.19,496,KBS,2026-10-09T05:03:52Z
2025-01-10,DDN,7.29,7.29,7.19,7.19,2005,KBS,2026-10-09T05:03:52Z
2025-01-13,DDN,7.29,7.29,7.19,7.29,601,KBS,2026-10-09T05:03:52Z
2025-01-14,DDN,7.38,7.38,7.29,7.29,7501,KBS,2026-10-09T05:03:52Z
2025-01-15,DDN,7.29,7.38,7.29,7.29,32500,KBS,2026-10-09T05:03:52Z
2025-01-16,DDN,7.38,7.38,7.19,7.19,4402,KBS,2026-10-09T05:03:52Z
2025-01-17,DDN,7.29,7.29,7.19,7.29,4201,KBS,2026-10-09T05:03:52Z
2025-01-20,DDN,7.29,7.29,7.19,7.29,2700,KBS,2026-10-09T05:03:52Z
2025-01-21,DDN,7.19,7.29,7.19,7.19,2510,KBS,2026-10-09T05:03:52Z
2025-01-22,DDN,7.1,7.19,7.1,7.19,2209,KBS,2026-10-09T05:03:52Z
2025-01-23,DDN,7.19,7.19,7.1,7.19,9500,KBS,2026-10-09T05:03:52Z
2025-01-24,DDN,7.19,7.19,7.19,7.19,1510,KBS,2026-10-09T05:03:52Z
2025-02-03,DDN,7.19,7.19,7.19,7.19,6200,KBS,2026-10-09T05:03:52Z
2025-02-04,DDN,7.19,7.19,6.91,7.1,5110,KBS,2026-10-09T05:03:52Z
2025-02-05,DDN,7.1,7.19,7.1,7.19,700,KBS,2026-10-09T05:03:52Z
2025-02-06,DDN,7.19,7.19,6.91,7.1,24601,KBS,2026-10-09T05:03:52Z
2025-02-07,DDN,7.19,7.19,7.19,7.19,2302,KBS,2026-10-09T05:03:52Z
2025-02-10,DDN,7.19,7.19,7.1,7.19,2800,KBS,2026-10-09T05:03:52Z
2025-02-11,DDN,7.19,7.75,7.19,7.38,32661,KBS,2026-10-09T05:03:52Z
2025-02-12,DDN,7.47,7.75,7.47,7.47,1213,KBS,2026-10-09T05:03:52Z
2025-02-13,DDN,7.66,7.66,7.1,7.29,12807,KBS,2026-10-09T05:03:52Z
2025-02-14,DDN,7.29,7.29,7.29,7.29,853,KBS,2026-10-09T05:03:52Z
2025-02-17,DDN,7.29,7.29,7.29,7.29,29,KBS,2026-10-09T05:03:52Z
2025-02-18,DDN,7.29,7.29,7.19,7.29,2206,KBS,2026-10-09T05:03:52Z
2025-02-19,DDN,7.19,7.19,7.19,7.19,3440,KBS,2026-10-09T05:03:52Z
2025-02-20,DDN,7.38,7.38,7.1,7.19,2247,KBS,2026-10-09T05:03:52Z
2025-02-21,DDN,7.19,7.19,7.19,7.19,9378,KBS,2026-10-09T05:03:52Z
2025-02-24,DDN,7.1,7.29,7.1,7.29,5105,KBS,2026-10-09T05:03:52Z
2025-02-25,DDN,7.19,7.29,7.1,7.1,28000,KBS,2026-10-09T05:03:52Z
2025-02-26,DDN,7.19,7.19,7.19,7.19,5656,KBS,2026-10-09T05:03:52Z
2025-02-27,DDN,7.19,7.19,7.1,7.19,8400,KBS,2026-10-09T05:03:52Z
2025-02-28,DDN,7.1,7.19,7.1,7.19,5310,KBS,2026-10-09T05:03:52Z
2025-03-03,DDN,7.29,7.29,7.19,7.19,4701,KBS,2026-10-09T05:03:52Z
2025-03-04,DDN,7.19,7.19,7.1,7.19,2500,KBS,2026-10-09T05:03:52Z
2025-03-05,DDN,7.19,7.19,7.1,7.19,2701,KBS,2026-10-09T05:03:52Z
2025-03-06,DDN,7.19,7.19,7.1,7.1,1211,KBS,2026-10-09T05:03:52Z
2025-03-07,DDN,7.19,7.19,7.19,7.19,637,KBS,2026-10-09T05:03:52Z
2025-03-10,DDN,7.1,7.19,7.1,7.19,829,KBS,2026-10-09T05:03:52Z
2025-03-11,DDN,7.19,7.19,7.19,7.19,1423,KBS,2026-10-09T05:03:52Z
2025-03-12,DDN,7.19,7.19,7.19,7.19,20,KBS,2026-10-09T05:03:52Z
2025-03-13,DDN,7.1,7.29,7.1,7.19,5800,KBS,2026-10-09T05:03:52Z
2025-03-14,DDN,7.1,7.19,7.1,7.19,1200,KBS,2026-10-09T05:03:52Z
2025-03-17,DDN,7.19,7.19,7.19,7.19,1000,KBS,2026-10-09T05:03:52Z
2025-03-18,DDN,7.19,7.29,7.19,7.29,1625,KBS,2026-10-09T05:03:52Z
2025-03-19,DDN,7.29,7.29,7.29,7.29,531,KBS,2026-10-09T05:03:52Z
2025-03-20,DDN,7.19,7.19,7.19,7.19,1411,KBS,2026-10-09T05:03:52Z
2025-03-21,DDN,7.19,7.19,7.01,7.1,13445,KBS,2026-10-09T05:03:52Z
2025-03-24,DDN,7.1,7.19,7.01,7.19,1412,KBS,2026-10-09T05:03:52Z
2025-03-25,DDN,7.29,7.29,7.29,7.29,300,KBS,2026-10-09T05:03:52Z
2025-03-26,DDN,7.1,7.19,7.1,7.19,955,KBS,2026-10-09T05:03:52Z
2025-03-27,DDN,7.19,7.19,7.1,7.1,2105,KBS,2026-10-09T05:03:52Z
2025-03-28,DDN,7.19,7.19,7.19,7.19,107,KBS,2026-10-09T05:03:52Z
2025-03-31,DDN,7.1,7.1,7.1,7.1,9702,KBS,2026-10-09T05:03:52Z
2025-04-01,DDN,7.01,7.19,7.01,7.19,4803,KBS,2026-10-09T05:03:52Z
2025-04-02,DDN,7.19,7.19,7.19,7.19,484,KBS,2026-10-09T05:03:52Z
2025-04-03,DDN,7.01,7.1,6.63,6.63,11600,KBS,2026-10-09T05:03:52Z
2025-04-04,DDN,6.73,6.91,6.73,6.91,2700,KBS,2026-10-09T05:03:52Z
2025-04-08,DDN,6.91,6.91,6.63,6.63,7702,KBS,2026-10-09T05:03:52Z
2025-04-09,DDN,6.82,6.91,6.82,6.82,3001,KBS,2026-10-09T05:03:52Z
2025-04-10,DDN,7.1,7.19,7.1,7.1,5500,KBS,2026-10-09T05:03:52Z
2025-04-11,DDN,7.19,7.19,7.01,7.01,5410,KBS,2026-10-09T05:03:52Z
2025-04-14,DDN,7.1,7.1,7.01,7.01,700,KBS,2026-10-09T05:03:52Z
2025-04-15,DDN,6.91,7.01,6.91,7.01,502,KBS,2026-10-09T05:03:52Z
2025-04-16,DDN,7.01,7.01,6.91,6.91,5110,KBS,2026-10-09T05:03:52Z
2025-04-17,DDN,6.91,6.91,6.91,6.91,170,KBS,2026-10-09T05:03:52Z
2025-04-18,DDN,6.82,6.82,6.82,6.82,510,KBS,2026-10-09T05:03:52Z
2025-04-21,DDN,7.01,7.01,7.01,7.01,101,KBS,2026-10-09T05:03:52Z
2025-04-22,DDN,6.82,6.91,6.63,6.73,10535,KBS,2026-10-09T05:03:52Z
2025-04-23,DDN,6.82,6.91,6.82,6.82,3602,KBS,2026-10-09T05:03:52Z
2025-04-24,DDN,6.91,6.91,6.82,6.91,4000,KBS,2026-10-09T05:03:52Z
2025-04-25,DDN,7.19,7.19,6.91,7.01,601,KBS,2026-10-09T05:03:52Z
2025-04-28,DDN,7.01,7.1,7.01,7.1,2400,KBS,2026-10-09T05:03:52Z
2025-04-29,DDN,7.01,7.01,7.01,7.01,200,KBS,2026-10-09T05:03:52Z
2025-05-05,DDN,7.1,7.1,6.91,6.91,2700,KBS,2026-10-09T05:03:52Z
2025-05-06,DDN,7.1,7.1,7.1,7.1,100,KBS,2026-10-09T05:03:52Z
2025-05-08,DDN,7.1,7.1,7.01,7.01,1700,KBS,2026-10-09T05:03:52Z
2025-05-09,DDN,7.05,7.05,7.05,7.05,2400,KBS,2026-10-09T05:03:52Z
2025-05-14,DDN,7.05,7.24,7.05,7.05,500,KBS,2026-10-09T05:03:52Z
2025-05-15,DDN,7.1,7.1,7.1,7.1,600,KBS,2026-10-09T05:03:52Z
2025-05-16,DDN,7.1,7.1,7.01,7.01,1600,KBS,2026-10-09T05:03:52Z
2025-05-19,DDN,7.01,7.01,7.01,7.01,3900,KBS,2026-10-09T05:03:52Z
2025-05-20,DDN,7.01,7.19,6.72,6.72,13600,KBS,2026-10-09T05:03:52Z
2025-05-21,DDN,7.1,7.1,7.1,7.1,300,KBS,2026-10-09T05:03:52Z
2025-05-22,DDN,6.91,7.01,6.91,7.01,400,KBS,2026-10-09T05:03:52Z
2025-05-23,DDN,6.91,7.01,6.63,7.01,4300,KBS,2026-10-09T05:03:52Z
2025-05-26,DDN,7.01,7.01,6.91,7.01,900,KBS,2026-10-09T05:03:52Z
2025-05-27,DDN,6.82,6.91,6.72,6.91,5600,KBS,2026-10-09T05:03:52Z
2025-05-28,DDN,6.82,6.91,6.82,6.91,900,KBS,2026-10-09T05:03:52Z
2025-05-29,DDN,6.91,7.01,6.91,6.91,3000,KBS,2026-10-09T05:03:52Z
2025-05-30,DDN,6.82,6.82,6.82,6.82,600,KBS,2026-10-09T05:03:52Z
2025-06-02,DDN,6.91,6.91,6.91,6.91,200,KBS,2026-10-09T05:03:52Z
2025-06-03,DDN,6.91,6.91,6.91,6.91,600,KBS,2026-10-09T05:03:52Z
2025-06-04,DDN,6.91,6.91,6.72,6.91,7600,KBS,2026-10-09T05:03:52Z
2025-06-05,DDN,6.82,6.82,6.82,6.82,1200,KBS,2026-10-09T05:03:52Z
2025-06-06,DDN,7.01,7.01,6.82,6.82,5200,KBS,2026-10-09T05:03:52Z
2025-06-09,DDN,7.01,7.1,7.01,7.01,4400,KBS,2026-10-09T05:03:52Z
2025-06-10,DDN,7.01,7.01,6.91,7.01,4000,KBS,2026-10-09T05:03:52Z
2025-06-11,DDN,7.1,7.1,7.1,7.1,300,KBS,2026-10-09T05:03:52Z
2025-06-12,DDN,7.2,7.2,7.1,7.1,800,KBS,2026-10-09T05:03:52Z
2025-06-13,DDN,7.0,7.0,7.0,7.0,2600,KBS,2026-10-09T05:03:52Z
2025-06-16,DDN,7.0,7.0,6.9,7.0,1400,KBS,2026-10-09T05:03:52Z
2025-06-17,DDN,7.0,7.1,7.0,7.0,3000,KBS,2026-10-09T05:03:52Z
2025-06-18,DDN,7.1,7.1,7.1,7.1,1900,KBS,2026-10-09T05:03:52Z
2025-06-19,DDN,7.1,7.2,7.1,7.2,1100,KBS,2026-10-09T05:03:52Z
2025-06-20,DDN,7.0,7.1,7.0,7.1,1300,KBS,2026-10-09T05:03:52Z
2025-06-23,DDN,6.9,6.9,6.9,6.9,1800,KBS,2026-10-09T05:03:52Z
2025-06-24,DDN,6.9,6.9,6.9,6.9,600,KBS,2026-10-09T05:03:52Z
2025-06-25,DDN,7.1,7.1,7.1,7.1,1400,KBS,2026-10-09T05:03:52Z
2025-06-26,DDN,6.9,6.9,6.9,6.9,7800,KBS,2026-10-09T05:03:52Z
2025-06-30,DDN,6.9,6.9,6.9,6.9,2500,KBS,2026-10-09T05:03:52Z
2025-07-01,DDN,6.9,7.1,6.9,7.1,7100,KBS,2026-10-09T05:03:52Z
2025-07-02,DDN,7.1,7.1,7.0,7.0,400,KBS,2026-10-09T05:03:52Z
2025-07-03,DDN,6.8,6.9,6.8,6.8,8000,KBS,2026-10-09T05:03:52Z
2025-07-04,DDN,6.8,6.8,6.8,6.8,300,KBS,2026-10-09T05:03:52Z
2025-07-07,DDN,6.8,7.0,6.8,7.0,400,KBS,2026-10-09T05:03:52Z
2025-07-08,DDN,6.9,6.9,6.9,6.9,3200,KBS,2026-10-09T05:03:52Z
2025-07-10,DDN,7.0,7.1,6.9,6.9,13500,KBS,2026-10-09T05:03:52Z
2025-07-11,DDN,7.0,7.0,7.0,7.0,100,KBS,2026-10-09T05:03:52Z
2025-07-14,DDN,7.0,7.0,6.9,7.0,2300,KBS,2026-10-09T05:03:52Z
2025-07-15,DDN,6.9,6.9,6.9,6.9,900,KBS,2026-10-09T05:03:52Z
2025-07-17,DDN,6.8,6.9,6.7,6.9,2300,KBS,2026-10-09T05:03:52Z
2025-07-21,DDN,7.0,7.2,7.0,7.0,2400,KBS,2026-10-09T05:03:52Z
2025-07-22,DDN,7.1,7.1,7.0,7.0,500,KBS,2026-10-09T05:03:52Z
2025-07-23,DDN,7.0,7.0,7.0,7.0,4500,KBS,2026-10-09T05:03:52Z
2025-07-24,DDN,7.0,7.0,7.0,7.0,5300,KBS,2026-10-09T05:03:52Z
2025-07-25,DDN,7.1,7.1,7.0,7.0,2200,KBS,2026-10-09T05:03:52Z
2025-07-28,DDN,7.0,7.0,7.0,7.0,4500,KBS,2026-10-09T05:03:52Z
2025-07-29,DDN,7.0,7.0,7.0,7.0,500,KBS,2026-10-09T05:03:52Z
2025-07-30,DDN,7.0,7.0,6.9,6.9,2200,KBS,2026-10-09T05:03:52Z
2025-07-31,DDN,7.1,7.1,6.8,7.0,5700,KBS,2026-10-09T05:03:52Z
2025-08-01,DDN,7.0,7.0,6.9,6.9,7400,KBS,2026-10-09T05:03:52Z
2025-08-04,DDN,7.0,7.0,6.8,7.0,4300,KBS,2026-10-09T05:03:52Z
2025-08-06,DDN,7.0,7.0,7.0,7.0,100,KBS,2026-10-09T05:03:52Z
2025-08-07,DDN,7.0,7.0,7.0,7.0,9400,KBS,2026-10-09T05:03:52Z
2025-08-08,DDN,6.8,6.9,6.8,6.9,4200,KBS,2026-10-09T05:03:52Z
2025-08-11,DDN,6.8,6.8,6.8,6.8,1600,KBS,2026-10-09T05:03:52Z
2025-08-12,DDN,6.8,6.8,6.8,6.8,8300,KBS,2026-10-09T05:03:52Z
2025-08-13,DDN,6.9,6.9,6.6,6.6,42800,KBS,2026-10-09T05:03:52Z
2025-08-14,DDN,6.7,6.8,6.7,6.7,17200,KBS,2026-10-09T05:03:52Z
2025-08-15,DDN,6.7,6.7,6.5,6.6,15000,KBS,2026-10-09T05:03:52Z
2025-08-18,DDN,6.6,6.6,6.6,6.6,5200,KBS,2026-10-09T05:03:52Z
2025-08-19,DDN,6.6,6.6,6.5,6.5,37100,KBS,2026-10-09T05:03:52Z
2025-08-20,DDN,6.5,6.5,6.3,6.5,10300,KBS,2026-10-09T05:03:52Z
2025-08-21,DDN,6.5,6.5,6.5,6.5,3200,KBS,2026-10-09T05:03:52Z
2025-08-22,DDN,6.5,6.5,6.5,6.5,400,KBS,2026-10-09T05:03:52Z
2025-08-25,DDN,6.4,6.4,6.4,6.4,1800,KBS,2026-10-09T05:03:52Z
2025-08-26,DDN,6.5,6.6,6.5,6.6,1900,KBS,2026-10-09T05:03:52Z
2025-08-27,DDN,6.6,6.6,6.5,6.6,2900,KBS,2026-10-09T05:03:52Z
2025-08-28,DDN,6.6,6.6,6.6,6.6,1200,KBS,2026-10-09T05:03:52Z
2025-08-29,DDN,6.7,6.7,6.6,6.6,9000,KBS,2026-10-09T05:03:52Z
2025-09-03,DDN,6.4,6.5,6.4,6.4,37300,KBS,2026-10-09T05:03:52Z
2025-09-04,DDN,6.4,6.5,6.4,6.4,17900,KBS,2026-10-09T05:03:52Z
2025-09-05,DDN,6.6,6.6,6.4,6.5,37700,KBS,2026-10-09T05:03:52Z
2025-09-08,DDN,6.5,6.6,6.5,6.5,9000,KBS,2026-10-09T05:03:52Z
2025-09-09,DDN,6.5,6.5,6.5,6.5,2000,KBS,2026-10-09T05:03:52Z
2025-09-10,DDN,6.5,6.5,6.5,6.5,35100,KBS,2026-10-09T05:03:52Z
2025-09-11,DDN,6.5,6.5,6.5,6.5,2300,KBS,2026-10-09T05:03:52Z
2025-09-12,DDN,6.4,6.6,6.4,6.6,400,KBS,2026-10-09T05:03:52Z
2025-09-15,DDN,6.5,6.5,6.4,6.4,6900,KBS,2026-10-09T05:03:52Z
2025-09-16,DDN,6.4,6.4,6.4,6.4,700,KBS,2026-10-09T05:03:52Z
2025-09-17,DDN,6.5,6.6,6.5,6.6,6000,KBS,2026-10-09T05:03:52Z
2025-09-18,DDN,6.6,6.6,6.5,6.5,2400,KBS,2026-10-09T05:03:52Z
2025-09-19,DDN,6.6,6.6,6.5,6.5,2500,KBS,2026-10-09T05:03:52Z
2025-09-22,DDN,6.6,6.6,6.6,6.6,500,KBS,2026-10-09T05:03:52Z
2025-09-24,DDN,6.6,6.6,6.3,6.3,5100,KBS,2026-10-09T05:03:52Z
2025-09-25,DDN,6.5,6.5,6.4,6.4,3100,KBS,2026-10-09T05:03:52Z
2025-09-26,DDN,6.4,6.6,6.2,6.4,9600,KBS,2026-10-09T05:03:52Z
2025-09-29,DDN,6.4,6.5,6.4,6.5,5900,KBS,2026-10-09T05:03:52Z
2025-09-30,DDN,6.5,6.5,6.5,6.5,1300,KBS,2026-10-09T05:03:52Z
2025-10-02,DDN,6.4,6.4,6.4,6.4,4100,KBS,2026-10-09T05:03:52Z
2025-10-03,DDN,6.5,6.5,6.3,6.3,200,KBS,2026-10-09T05:03:52Z
2025-10-06,DDN,6.4,6.4,6.4,6.4,200,KBS,2026-10-09T05:03:52Z
2025-10-07,DDN,6.5,6.5,6.3,6.4,4500,KBS,2026-10-09T05:03:52Z
2025-10-08,DDN,6.3,6.3,6.3,6.3,4300,KBS,2026-10-09T05:03:52Z
2025-10-09,DDN,6.3,6.3,6.3,6.3,1800,KBS,2026-10-09T05:03:52Z
2025-10-10,DDN,6.4,6.5,6.3,6.3,4300,KBS,2026-10-09T05:03:52Z
2025-10-13,DDN,6.2,6.5,5.5,6.5,6200,KBS,2026-10-09T05:03:52Z
2025-10-14,DDN,6.1,6.4,6.1,6.4,1100,KBS,2026-10-09T05:03:52Z
2025-10-15,DDN,6.0,6.3,5.4,6.1,4300,KBS,2026-10-09T05:03:52Z
2025-10-16,DDN,6.0,6.2,5.1,6.1,9500,KBS,2026-10-09T05:03:52Z
2025-10-17,DDN,5.8,5.9,5.3,5.9,2900,KBS,2026-10-09T05:03:52Z
2025-10-20,DDN,6.0,6.0,5.9,5.9,1000,KBS,2026-10-09T05:03:52Z
2025-10-21,DDN,6.0,6.0,5.3,5.9,2100,KBS,2026-10-09T05:03:52Z
2025-10-22,DDN,6.0,6.5,6.0,6.2,15800,KBS,2026-10-09T05:03:52Z
2025-10-23,DDN,6.2,6.2,6.2,6.2,1000,KBS,2026-10-09T05:03:52Z
2025-10-24,DDN,6.1,6.1,5.3,5.7,6900,KBS,2026-10-09T05:03:52Z
2025-10-27,DDN,5.8,6.0,5.8,6.0,900,KBS,2026-10-09T05:03:52Z
2025-10-28,DDN,6.0,6.0,5.0,5.8,9700,KBS,2026-10-09T05:03:52Z
2025-10-29,DDN,5.9,6.4,5.9,6.1,8800,KBS,2026-10-09T05:03:52Z
2025-10-30,DDN,6.1,7.0,5.5,7.0,20400,KBS,2026-10-09T05:03:52Z
2025-10-31,DDN,6.3,7.1,6.2,7.1,16100,KBS,2026-10-09T05:03:52Z
2025-11-03,DDN,6.5,8.0,6.2,6.2,23000,KBS,2026-10-09T05:03:52Z
2025-11-04,DDN,6.4,6.7,6.2,6.7,5400,KBS,2026-10-09T05:03:52Z
2025-11-05,DDN,6.4,6.6,6.0,6.6,1700,KBS,2026-10-09T05:03:52Z
2025-11-06,DDN,6.3,6.3,6.2,6.2,400,KBS,2026-10-09T05:03:52Z
2025-11-07,DDN,6.5,7.2,6.5,6.5,5300,KBS,2026-10-09T05:03:52Z
2025-11-10,DDN,6.6,6.6,5.7,6.2,5100,KBS,2026-10-09T05:03:52Z
2025-11-11,DDN,6.2,6.2,6.2,6.2,2400,KBS,2026-10-09T05:03:52Z
2025-11-12,DDN,6.2,6.2,6.2,6.2,600,KBS,2026-10-09T05:03:52Z
2025-11-13,DDN,6.3,6.5,6.3,6.5,600,KBS,2026-10-09T05:03:52Z
2025-11-14,DDN,6.6,6.9,6.3,6.9,1400,KBS,2026-10-09T05:03:52Z
2025-11-18,DDN,6.7,6.7,6.2,6.2,1800,KBS,2026-10-09T05:03:52Z
2025-11-19,DDN,6.1,6.7,6.1,6.6,14300,KBS,2026-10-09T05:03:52Z
2025-11-20,DDN,6.7,6.7,6.5,6.5,15700,KBS,2026-10-09T05:03:52Z
2025-11-21,DDN,6.6,6.7,6.6,6.6,26700,KBS,2026-10-09T05:03:52Z
2025-11-24,DDN,6.6,6.8,6.6,6.7,11300,KBS,2026-10-09T05:03:52Z
2025-11-25,DDN,6.5,6.5,6.5,6.5,800,KBS,2026-10-09T05:03:52Z
2025-11-26,DDN,6.7,6.8,6.5,6.8,21100,KBS,2026-10-09T05:03:52Z
2025-11-27,DDN,6.8,6.9,6.6,6.9,12400,KBS,2026-10-09T05:03:52Z
2025-11-28,DDN,6.8,6.9,6.8,6.9,23100,KBS,2026-10-09T05:03:52Z
2025-12-01,DDN,6.8,6.9,6.8,6.9,11000,KBS,2026-10-09T05:03:52Z
2025-12-02,DDN,6.5,6.9,6.5,6.9,23800,KBS,2026-10-09T05:03:52Z
2025-12-03,DDN,7.0,7.1,7.0,7.1,55500,KBS,2026-10-09T05:03:52Z
2025-12-04,DDN,7.1,7.1,7.1,7.1,3100,KBS,2026-10-09T05:03:52Z
2025-12-05,DDN,6.9,7.0,6.8,7.0,12400,KBS,2026-10-09T05:03:52Z
2025-12-08,DDN,6.7,6.9,6.7,6.9,1800,KBS,2026-10-09T05:03:52Z
2025-12-09,DDN,6.7,7.1,6.7,7.1,20300,KBS,2026-10-09T05:03:52Z
2025-12-10,DDN,6.8,7.2,6.8,7.1,25400,KBS,2026-10-09T05:03:52Z
2025-12-11,DDN,7.2,7.3,7.1,7.2,13600,KBS,2026-10-09T05:03:52Z
2025-12-12,DDN,7.2,7.3,7.2,7.3,17900,KBS,2026-10-09T05:03:52Z
2025-12-15,DDN,7.3,7.4,7.0,7.4,37700,KBS,2026-10-09T05:03:52Z
2025-12-16,DDN,7.5,7.5,7.5,7.5,15300,KBS,2026-10-09T05:03:52Z
2025-12-17,DDN,7.4,7.6,7.3,7.5,6400,KBS,2026-10-09T05:03:52Z
2025-12-18,DDN,7.5,7.8,7.5,7.8,18200,KBS,2026-10-09T05:03:52Z
2025-12-22,DDN,7.3,7.6,7.2,7.6,800,KBS,2026-10-09T05:03:52Z
2025-12-23,DDN,7.5,7.5,7.5,7.5,200,KBS,2026-10-09T05:03:52Z
2025-12-24,DDN,7.3,7.3,7.3,7.3,1000,KBS,2026-10-09T05:03:52Z
2025-12-25,DDN,7.2,7.2,7.1,7.1,400,KBS,2026-10-09T05:03:52Z
2025-12-26,DDN,6.9,6.9,6.8,6.8,3000,KBS,2026-10-09T05:03:52Z
2025-12-29,DDN,6.8,6.8,6.7,6.7,2300,KBS,2026-10-09T05:03:52Z
2025-12-30,DDN,6.8,6.8,6.8,6.8,200,KBS,2026-10-09T05:03:52Z
2026-01-05,DDN,6.8,6.8,6.8,6.8,100,KBS,2026-10-09T05:03:52Z
2026-01-06,DDN,6.6,6.6,6.4,6.4,1000,KBS,2026-10-09T05:03:52Z
2026-01-07,DDN,6.4,6.4,6.3,6.4,1500,KBS,2026-10-09T05:03:52Z
2026-01-08,DDN,6.7,6.9,6.7,6.9,3300,KBS,2026-10-09T05:03:52Z
2026-01-09,DDN,7.2,7.8,7.1,7.8,62300,KBS,2026-10-09T05:03:52Z
2026-01-12,DDN,7.7,8.1,7.7,8.1,23700,KBS,2026-10-09T05:03:52Z
2026-01-13,DDN,7.5,8.1,7.5,8.1,19200,KBS,2026-10-09T05:03:52Z
2026-01-14,DDN,8.1,8.1,7.8,7.9,24300,KBS,2026-10-09T05:03:52Z
2026-01-15,DDN,8.0,8.3,8.0,8.3,13900,KBS,2026-10-09T05:03:52Z
2026-01-16,DDN,8.2,8.2,8.2,8.2,3500,KBS,2026-10-09T05:03:52Z
2026-01-19,DDN,8.2,8.5,8.2,8.5,12900,KBS,2026-10-09T05:03:52Z
2026-01-20,DDN,8.1,8.6,8.1,8.6,8900,KBS,2026-10-09T05:03:52Z
2026-01-21,DDN,8.3,8.7,8.3,8.7,25500,KBS,2026-10-09T05:03:52Z
2026-01-22,DDN,8.4,8.4,8.3,8.4,6100,KBS,2026-10-09T05:03:52Z
2026-01-23,DDN,8.2,8.5,8.2,8.5,1100,KBS,2026-10-09T05:03:52Z
2026-01-26,DDN,8.5,8.7,8.5,8.7,19700,KBS,2026-10-09T05:03:52Z
2026-01-27,DDN,8.1,8.7,8.1,8.7,13600,KBS,2026-10-09T05:03:52Z
2026-01-28,DDN,8.9,8.9,8.8,8.8,15800,KBS,2026-10-09T05:03:52Z
2026-01-29,DDN,8.9,9.0,8.9,9.0,27000,KBS,2026-10-09T05:03:52Z
2026-01-30,DDN,9.0,9.0,8.9,9.0,6000,KBS,2026-10-09T05:03:52Z
2026-02-02,DDN,9.0,9.0,9.0,9.0,16000,KBS,2026-10-09T05:03:52Z
2026-02-03,DDN,9.0,9.1,9.0,9.1,44000,KBS,2026-10-09T05:03:52Z
2026-02-04,DDN,9.1,9.2,9.1,9.1,20300,KBS,2026-10-09T05:03:52Z
2026-02-05,DDN,9.2,9.2,9.2,9.2,11000,KBS,2026-10-09T05:03:52Z
2026-02-06,DDN,8.5,9.3,8.4,9.2,21900,KBS,2026-10-09T05:03:52Z
2026-02-09,DDN,8.7,8.7,8.7,8.7,100,KBS,2026-10-09T05:03:52Z
2026-02-10,DDN,8.4,8.4,8.1,8.1,1000,KBS,2026-10-09T05:03:52Z
2026-02-11,DDN,7.9,7.9,7.5,7.5,4200,KBS,2026-10-09T05:03:52Z
2026-02-13,DDN,8.1,8.1,8.1,8.1,100,KBS,2026-10-09T05:03:52Z
2026-02-23,DDN,8.4,8.5,8.0,8.5,3000,KBS,2026-10-09T05:03:52Z
2026-02-24,DDN,8.2,8.5,8.2,8.5,5100,KBS,2026-10-09T05:03:52Z
2026-02-25,DDN,8.5,8.6,8.5,8.6,7100,KBS,2026-10-09T05:03:52Z
2026-02-26,DDN,8.7,9.0,8.7,9.0,8400,KBS,2026-10-09T05:03:52Z
2026-02-27,DDN,9.0,9.4,9.0,9.4,40700,KBS,2026-10-09T05:03:52Z
2026-03-02,DDN,9.5,9.6,9.1,9.4,8200,KBS,2026-10-09T05:03:52Z
2026-03-03,DDN,9.4,9.6,9.4,9.5,37800,KBS,2026-10-09T05:03:52Z
2026-03-04,DDN,9.5,9.7,9.3,9.7,18000,KBS,2026-10-09T05:03:52Z
2026-03-05,DDN,9.7,9.8,8.3,9.7,9200,KBS,2026-10-09T05:03:52Z
2026-03-06,DDN,9.5,9.5,9.2,9.5,2800,KBS,2026-10-09T05:03:52Z
2026-03-09,DDN,8.7,9.0,8.4,9.0,700,KBS,2026-10-09T05:03:52Z
2026-03-10,DDN,9.0,9.5,9.0,9.0,20700,KBS,2026-10-09T05:03:52Z
2026-03-11,DDN,9.2,10.0,9.2,10.0,59100,KBS,2026-10-09T05:03:52Z
2026-03-12,DDN,9.6,9.9,9.6,9.9,5300,KBS,2026-10-09T05:03:52Z
2026-03-13,DDN,9.5,10.0,9.5,10.0,1300,KBS,2026-10-09T05:03:52Z
2026-03-16,DDN,9.5,10.0,9.5,10.0,12600,KBS,2026-10-09T05:03:52Z
2026-03-17,DDN,10.0,10.5,10.0,10.5,9900,KBS,2026-10-09T05:03:52Z
2026-03-18,DDN,10.0,10.5,10.0,10.5,1200,KBS,2026-10-09T05:03:52Z
2026-03-19,DDN,9.7,10.6,9.5,10.6,2800,KBS,2026-10-09T05:03:52Z
2026-03-20,DDN,9.6,10.4,9.0,10.4,13900,KBS,2026-10-09T05:03:52Z
2026-03-24,DDN,10.4,10.8,8.4,10.8,31900,KBS,2026-10-09T05:03:52Z
2026-03-25,DDN,10.3,10.8,10.3,10.8,6000,KBS,2026-10-09T05:03:52Z
2026-03-26,DDN,10.3,10.5,10.2,10.5,10200,KBS,2026-10-09T05:03:52Z
2026-03-27,DDN,10.8,11.2,10.6,11.0,20700,KBS,2026-10-09T05:03:52Z
2026-03-30,DDN,11.0,11.0,10.5,10.6,3500,KBS,2026-10-09T05:03:52Z
2026-03-31,DDN,10.1,10.1,10.0,10.0,1200,KBS,2026-10-09T05:03:52Z
2026-04-01,DDN,9.8,10.0,9.0,9.0,4300,KBS,2026-10-09T05:03:52Z
2026-04-02,DDN,9.4,9.4,8.5,8.6,4700,KBS,2026-10-09T05:03:52Z
2026-04-03,DDN,8.6,9.0,8.6,9.0,500,KBS,2026-10-09T05:03:52Z
2026-04-06,DDN,9.0,9.1,9.0,9.0,3000,KBS,2026-10-09T05:03:52Z
2026-04-08,DDN,8.9,8.9,8.4,8.7,300,KBS,2026-10-09T05:03:52Z
2026-04-09,DDN,8.5,8.6,8.5,8.6,200,KBS,2026-10-09T05:03:52Z
2026-04-10,DDN,8.6,8.6,8.0,8.0,3100,KBS,2026-10-09T05:03:52Z
2026-04-13,DDN,8.1,8.1,8.1,8.1,1300,KBS,2026-10-09T05:03:52Z
2026-04-14,DDN,8.7,8.7,8.7,8.7,100,KBS,2026-10-09T05:03:52Z
2026-04-15,DDN,8.5,8.6,8.5,8.5,31400,KBS,2026-10-09T05:03:52Z
2026-04-17,DDN,8.0,8.3,8.0,8.0,1100,KBS,2026-10-09T05:03:52Z
2026-04-20,DDN,8.0,8.0,8.0,8.0,100,KBS,2026-10-09T05:03:52Z
2026-04-21,DDN,8.0,8.0,8.0,8.0,100,KBS,2026-10-09T05:03:52Z
2026-04-22,DDN,8.0,8.0,8.0,8.0,600,KBS,2026-10-09T05:03:52Z
2026-04-23,DDN,7.8,7.8,7.8,7.8,700,KBS,2026-10-09T05:03:52Z
2026-04-28,DDN,7.8,7.8,7.8,7.8,100,KBS,2026-10-09T05:03:52Z
2026-05-04,DDN,7.8,7.8,7.8,7.8,100,KBS,2026-10-09T05:03:52Z
2026-05-06,DDN,7.2,7.4,7.2,7.4,400,KBS,2026-10-09T05:03:52Z
2026-05-07,DDN,7.3,7.4,7.3,7.4,1300,KBS,2026-10-09T05:03:52Z
2026-05-08,DDN,7.4,7.4,7.3,7.4,500,KBS,2026-10-09T05:03:52Z
2026-05-11,DDN,7.4,7.5,7.4,7.5,400,KBS,2026-10-09T05:03:52Z
2026-05-13,DDN,7.4,7.5,7.4,7.5,700,KBS,2026-10-09T05:03:52Z
2026-05-14,DDN,7.4,7.4,7.4,7.4,100,KBS,2026-10-09T05:03:52Z
2026-05-15,DDN,7.4,7.4,7.3,7.4,2900,KBS,2026-10-09T05:03:52Z
2026-05-19,DDN,7.4,7.4,7.4,7.4,500,KBS,2026-10-09T05:03:52Z
2026-05-27,DDN,7.1,7.1,6.9,7.1,900,KBS,2026-10-09T05:03:52Z
2026-05-28,DDN,7.0,7.0,7.0,7.0,100,KBS,2026-10-09T05:03:52Z
2026-05-29,DDN,7.0,7.0,7.0,7.0,200,KBS,2026-10-09T05:03:52Z
2026-06-01,DDN,7.0,7.2,7.0,7.1,300,KBS,2026-10-09T05:03:52Z
2026-06-02,DDN,7.2,7.2,7.2,7.2,100,KBS,2026-10-09T05:03:52Z
2026-06-03,DDN,7.1,7.4,7.1,7.4,600,KBS,2026-10-09T05:03:52Z
2026-06-04,DDN,7.0,7.0,6.9,6.9,300,KBS,2026-10-09T05:03:52Z
2026-06-05,DDN,7.0,7.0,7.0,7.0,1700,KBS,2026-10-09T05:03:52Z
2026-06-08,DDN,7.0,7.0,7.0,7.0,100,KBS,2026-10-09T05:03:52Z
2026-06-09,DDN,8.0,8.0,8.0,8.0,100,KBS,2026-10-09T05:03:52Z
2026-06-10,DDN,7.9,8.0,7.9,8.0,4100,KBS,2026-10-09T05:03:52Z
2026-06-11,DDN,8.0,8.0,8.0,8.0,100,KBS,2026-10-09T05:03:52Z
2026-06-16,DDN,7.1,7.1,7.0,7.0,1400,KBS,2026-10-09T05:03:52Z
2026-06-17,DDN,7.4,7.4,7.0,7.0,300,KBS,2026-10-09T05:03:52Z
2026-06-18,DDN,7.1,7.1,6.8,6.9,11000,KBS,2026-10-09T05:03:52Z
2026-06-22,DDN,6.7,6.7,6.7,6.7,100,KBS,2026-10-09T05:03:52Z
2026-06-23,DDN,6.8,6.8,6.5,6.5,19900,KBS,2026-10-09T05:03:52Z
2026-06-24,DDN,6.3,6.5,6.3,6.5,200,KBS,2026-10-09T05:03:52Z
2026-06-25,DDN,6.5,7.0,6.5,7.0,12500,KBS,2026-10-09T05:03:52Z
2026-06-26,DDN,7.0,7.0,7.0,7.0,1000,KBS,2026-10-09T05:03:52Z
2026-06-29,DDN,7.2,7.8,7.0,7.7,11900,KBS,2026-10-09T05:03:52Z
2026-06-30,DDN,7.4,7.8,7.4,7.8,200,KBS,2026-10-09T05:03:52Z
2026-07-02,DDN,7.8,7.8,7.8,7.8,300,KBS,2026-10-09T05:03:52Z
2026-07-03,DDN,8.0,8.3,8.0,8.3,2300,KBS,2026-10-09T05:03:52Z
2026-07-07,DDN,8.4,8.8,8.4,8.8,4000,KBS,2026-10-09T05:03:52Z
2026-07-08,DDN,9.0,9.8,9.0,9.8,29700,KBS,2026-10-09T05:03:52Z
2026-07-09,DDN,9.1,9.1,9.1,9.1,100,KBS,2026-10-09T05:03:52Z
2026-07-10,DDN,9.5,9.9,9.5,9.8,9700,KBS,2026-10-09T05:03:52Z
2026-07-13,DDN,9.9,10.4,9.9,10.4,22300,KBS,2026-10-09T05:03:52Z
2026-07-14,DDN,9.5,10.2,9.5,10.2,3100,KBS,2026-10-09T05:03:52Z
2026-07-15,DDN,9.1,10.5,9.1,10.2,31000,KBS,2026-10-09T05:03:52Z
2026-07-16,DDN,10.3,10.6,10.3,10.4,22300,KBS,2026-10-09T05:03:52Z
2026-07-17,DDN,10.3,10.7,10.3,10.7,11700,KBS,2026-10-09T05:03:52Z
2026-07-20,DDN,9.9,10.8,9.9,10.6,18400,KBS,2026-10-09T05:03:52Z
2026-07-21,DDN,10.4,10.8,10.4,10.6,15400,KBS,2026-10-09T05:03:52Z
2026-07-22,DDN,10.7,10.9,10.7,10.7,23100,KBS,2026-10-09T05:03:52Z
2026-07-23,DDN,10.5,10.6,10.0,10.6,10100,KBS,2026-10-09T05:03:52Z
2026-07-24,DDN,10.5,10.5,10.4,10.4,10400,KBS,2026-10-09T05:03:52Z
2026-07-27,DDN,10.3,10.5,10.3,10.4,15000,KBS,2026-10-09T05:03:52Z
2026-07-28,DDN,10.4,10.8,10.4,10.7,20000,KBS,2026-10-09T05:03:52Z
2026-07-29,DDN,10.5,10.5,9.5,9.5,600,KBS,2026-10-09T05:03:52Z
2026-08-03,DDN,9.0,9.0,9.0,9.0,300,KBS,2026-10-09T05:03:52Z
2026-08-11,DDN,8.2,8.2,7.9,7.9,3400,KBS,2026-10-09T05:03:52Z
2026-08-12,DDN,8.0,8.0,8.0,8.0,100,KBS,2026-10-09T05:03:52Z
2026-08-14,DDN,8.0,8.0,8.0,8.0,2100,KBS,2026-10-09T05:03:52Z
2026-08-18,DDN,8.5,8.9,8.5,8.9,700,KBS,2026-10-09T05:03:52Z
2026-08-20,DDN,9.2,9.4,9.2,9.4,5300,KBS,2026-10-09T05:03:52Z
2026-08-25,DDN,9.2,10.5,9.2,10.5,11100,KBS,2026-10-09T05:03:52Z
2026-09-09,DDN,9.2,9.2,9.1,9.1,300,KBS,2026-10-09T05:03:52Z
2026-09-11,DDN,9.2,9.2,9.2,9.2,100,KBS,2026-10-09T05:03:52Z
2026-09-14,DDN,8.2,10.0,8.1,9.8,2500,KBS,2026-10-09T05:03:52Z
2026-09-16,DDN,10.1,10.1,9.1,9.1,200,KBS,2026-10-09T05:03:52Z
2026-09-23,DDN,8.3,8.5,8.2,8.5,2000,KBS,2026-10-09T05:03:52Z
2026-09-28,DDN,8.5,8.5,8.5,8.5,100,KBS,2026-10-09T05:03:52Z
2026-09-29,DDN,8.2,8.5,8.2,8.5,200,KBS,2026-10-09T05:03:52Z
2026-10-07,DDN,7.5,7.5,7.5,7.5,300,KBS,2026-10-09T05:03:52Z
