date,symbol,open,high,low,close,volume,source,fetched_at
2018-10-11,EVG,2.61,2.61,2.46,2.46,286450,KBS,2026-10-09T04:28:45Z
2018-10-12,EVG,2.35,2.46,2.35,2.42,279600,KBS,2026-10-09T04:28:45Z
2018-10-15,EVG,2.42,2.46,2.34,2.36,240570,KBS,2026-10-09T04:28:45Z
2018-10-16,EVG,2.36,2.37,2.33,2.35,190380,KBS,2026-10-09T04:28:45Z
2018-10-17,EVG,2.37,2.38,2.35,2.36,219250,KBS,2026-10-09T04:28:45Z
2018-10-18,EVG,2.36,2.37,2.34,2.36,125350,KBS,2026-10-09T04:28:45Z
2018-10-19,EVG,2.33,2.33,2.25,2.29,109490,KBS,2026-10-09T04:28:45Z
2018-10-22,EVG,2.29,2.35,2.25,2.32,322210,KBS,2026-10-09T04:28:45Z
2018-10-23,EVG,2.35,2.48,2.33,2.41,507950,KBS,2026-10-09T04:28:45Z
2018-10-24,EVG,2.41,2.42,2.33,2.37,118880,KBS,2026-10-09T04:28:45Z
2018-10-25,EVG,2.37,2.37,2.25,2.3,204420,KBS,2026-10-09T04:28:45Z
2018-10-26,EVG,2.35,2.38,2.26,2.3,37080,KBS,2026-10-09T04:28:45Z
2018-10-29,EVG,2.28,2.31,2.24,2.24,165970,KBS,2026-10-09T04:28:45Z
2018-10-30,EVG,2.25,2.25,2.18,2.22,171350,KBS,2026-10-09T04:28:45Z
2018-10-31,EVG,2.22,2.25,2.17,2.17,116070,KBS,2026-10-09T04:28:45Z
2018-11-01,EVG,2.19,2.22,2.16,2.18,277770,KBS,2026-10-09T04:28:45Z
2018-11-02,EVG,2.2,2.2,2.16,2.17,196070,KBS,2026-10-09T04:28:45Z
2018-11-05,EVG,2.18,2.2,2.17,2.17,154560,KBS,2026-10-09T04:28:45Z
2018-11-06,EVG,2.17,2.22,2.17,2.19,433780,KBS,2026-10-09T04:28:45Z
2018-11-07,EVG,2.2,2.2,2.18,2.19,53360,KBS,2026-10-09T04:28:45Z
2018-11-08,EVG,2.17,2.2,2.17,2.19,141420,KBS,2026-10-09T04:28:45Z
2018-11-09,EVG,2.19,2.19,2.16,2.16,152530,KBS,2026-10-09T04:28:45Z
2018-11-12,EVG,2.14,2.14,2.02,2.02,252240,KBS,2026-10-09T04:28:45Z
2018-11-13,EVG,1.99,2.01,1.95,1.96,212450,KBS,2026-10-09T04:28:45Z
2018-11-14,EVG,1.96,2.07,1.96,2.05,331110,KBS,2026-10-09T04:28:45Z
2018-11-15,EVG,2.05,2.06,2.0,2.03,146600,KBS,2026-10-09T04:28:45Z
2018-11-16,EVG,2.03,2.03,1.98,2.0,40730,KBS,2026-10-09T04:28:45Z
2018-11-19,EVG,2.0,2.14,1.97,2.14,663370,KBS,2026-10-09T04:28:45Z
2018-11-20,EVG,2.14,2.28,2.14,2.24,394050,KBS,2026-10-09T04:28:45Z
2018-11-21,EVG,2.23,2.23,2.16,2.19,145920,KBS,2026-10-09T04:28:45Z
2018-11-22,EVG,2.16,2.19,2.12,2.15,147660,KBS,2026-10-09T04:28:45Z
2018-11-23,EVG,2.09,2.18,2.06,2.15,242380,KBS,2026-10-09T04:28:45Z
2018-11-26,EVG,2.15,2.19,2.09,2.09,153680,KBS,2026-10-09T04:28:45Z
2018-11-27,EVG,2.09,2.15,2.06,2.1,299030,KBS,2026-10-09T04:28:45Z
2018-11-28,EVG,2.15,2.15,2.04,2.09,52920,KBS,2026-10-09T04:28:45Z
2018-11-29,EVG,2.08,2.08,2.03,2.03,43940,KBS,2026-10-09T04:28:45Z
2018-11-30,EVG,2.12,2.15,2.04,2.09,294740,KBS,2026-10-09T04:28:45Z
2018-12-03,EVG,2.09,2.09,2.06,2.09,233240,KBS,2026-10-09T04:28:45Z
2018-12-04,EVG,2.09,2.12,2.07,2.09,256490,KBS,2026-10-09T04:28:45Z
2018-12-05,EVG,2.04,2.09,2.02,2.05,163790,KBS,2026-10-09T04:28:45Z
2018-12-06,EVG,2.06,2.06,2.0,2.04,209720,KBS,2026-10-09T04:28:45Z
2018-12-07,EVG,2.01,2.04,1.99,2.0,127650,KBS,2026-10-09T04:28:45Z
2018-12-10,EVG,2.04,2.04,1.97,2.02,341400,KBS,2026-10-09T04:28:45Z
2018-12-11,EVG,2.02,2.02,1.97,2.0,310500,KBS,2026-10-09T04:28:45Z
2018-12-12,EVG,2.0,2.0,1.9,1.98,378220,KBS,2026-10-09T04:28:45Z
2018-12-13,EVG,1.98,1.98,1.96,1.96,131850,KBS,2026-10-09T04:28:45Z
2018-12-14,EVG,1.98,2.02,1.96,2.01,325640,KBS,2026-10-09T04:28:45Z
2018-12-17,EVG,2.01,2.01,1.96,2.0,219840,KBS,2026-10-09T04:28:45Z
2018-12-18,EVG,1.98,1.98,1.9,1.96,346040,KBS,2026-10-09T04:28:45Z
2018-12-19,EVG,1.96,1.96,1.9,1.96,271160,KBS,2026-10-09T04:28:45Z
2018-12-20,EVG,1.92,1.95,1.9,1.95,181370,KBS,2026-10-09T04:28:45Z
2018-12-21,EVG,1.88,1.92,1.87,1.91,78010,KBS,2026-10-09T04:28:45Z
2018-12-24,EVG,1.91,1.95,1.91,1.93,44560,KBS,2026-10-09T04:28:45Z
2018-12-25,EVG,1.93,1.93,1.8,1.91,331780,KBS,2026-10-09T04:28:45Z
2018-12-26,EVG,1.9,1.95,1.83,1.84,233110,KBS,2026-10-09T04:28:45Z
2018-12-27,EVG,1.86,1.9,1.82,1.87,76230,KBS,2026-10-09T04:28:45Z
2018-12-28,EVG,1.89,1.89,1.82,1.86,75870,KBS,2026-10-09T04:28:45Z
2019-01-02,EVG,1.86,1.86,1.82,1.85,93150,KBS,2026-10-09T04:28:45Z
2019-01-03,EVG,1.85,1.85,1.78,1.8,118830,KBS,2026-10-09T04:28:45Z
2019-01-04,EVG,1.81,1.81,1.74,1.8,66040,KBS,2026-10-09T04:28:45Z
2019-01-07,EVG,1.81,1.81,1.76,1.79,47480,KBS,2026-10-09T04:28:45Z
2019-01-08,EVG,1.76,1.82,1.76,1.8,147070,KBS,2026-10-09T04:28:45Z
2019-01-09,EVG,1.81,1.83,1.76,1.8,232250,KBS,2026-10-09T04:28:45Z
2019-01-10,EVG,1.8,1.8,1.76,1.78,90880,KBS,2026-10-09T04:28:45Z
2019-01-11,EVG,1.8,1.8,1.76,1.78,283440,KBS,2026-10-09T04:28:45Z
2019-01-14,EVG,1.78,1.78,1.74,1.76,147730,KBS,2026-10-09T04:28:45Z
2019-01-15,EVG,1.76,1.76,1.69,1.75,390050,KBS,2026-10-09T04:28:45Z
2019-01-16,EVG,1.74,1.76,1.73,1.76,101620,KBS,2026-10-09T04:28:45Z
2019-01-17,EVG,1.76,1.76,1.73,1.75,268500,KBS,2026-10-09T04:28:45Z
2019-01-18,EVG,1.75,1.75,1.71,1.74,115990,KBS,2026-10-09T04:28:45Z
2019-01-21,EVG,1.74,1.74,1.69,1.72,18740,KBS,2026-10-09T04:28:45Z
2019-01-22,EVG,1.72,1.72,1.64,1.64,55530,KBS,2026-10-09T04:28:45Z
2019-01-23,EVG,1.64,1.71,1.64,1.7,193830,KBS,2026-10-09T04:28:45Z
2019-01-24,EVG,1.73,1.73,1.7,1.71,150380,KBS,2026-10-09T04:28:45Z
2019-01-25,EVG,1.7,1.72,1.67,1.7,74420,KBS,2026-10-09T04:28:45Z
2019-01-28,EVG,1.7,1.72,1.63,1.7,277510,KBS,2026-10-09T04:28:45Z
2019-01-29,EVG,1.71,1.73,1.67,1.71,68090,KBS,2026-10-09T04:28:45Z
2019-01-30,EVG,1.72,1.72,1.67,1.72,277710,KBS,2026-10-09T04:28:45Z
2019-01-31,EVG,1.72,1.73,1.69,1.7,91220,KBS,2026-10-09T04:28:45Z
2019-02-01,EVG,1.7,1.72,1.69,1.71,125590,KBS,2026-10-09T04:28:45Z
2019-02-11,EVG,1.71,1.83,1.7,1.74,383160,KBS,2026-10-09T04:28:45Z
2019-02-12,EVG,1.72,1.74,1.7,1.72,218340,KBS,2026-10-09T04:28:45Z
2019-02-13,EVG,1.72,1.73,1.69,1.72,385440,KBS,2026-10-09T04:28:45Z
2019-02-14,EVG,1.73,1.73,1.7,1.72,370680,KBS,2026-10-09T04:28:45Z
2019-02-15,EVG,1.72,1.72,1.69,1.72,319800,KBS,2026-10-09T04:28:45Z
2019-02-18,EVG,1.72,1.72,1.69,1.71,398370,KBS,2026-10-09T04:28:45Z
2019-02-19,EVG,1.7,1.73,1.69,1.72,578910,KBS,2026-10-09T04:28:45Z
2019-02-20,EVG,1.72,1.73,1.7,1.72,361720,KBS,2026-10-09T04:28:45Z
2019-02-21,EVG,1.72,1.74,1.7,1.71,614970,KBS,2026-10-09T04:28:45Z
2019-02-22,EVG,1.71,1.72,1.69,1.71,272420,KBS,2026-10-09T04:28:45Z
2019-02-25,EVG,1.72,1.72,1.69,1.69,327230,KBS,2026-10-09T04:28:45Z
2019-02-26,EVG,1.69,1.71,1.68,1.69,608830,KBS,2026-10-09T04:28:45Z
2019-02-27,EVG,1.69,1.7,1.59,1.67,427280,KBS,2026-10-09T04:28:45Z
2019-02-28,EVG,1.67,1.74,1.66,1.72,950890,KBS,2026-10-09T04:28:45Z
2019-03-01,EVG,1.73,1.76,1.72,1.74,630920,KBS,2026-10-09T04:28:45Z
2019-03-04,EVG,1.74,1.79,1.73,1.76,688870,KBS,2026-10-09T04:28:45Z
2019-03-05,EVG,1.76,1.78,1.74,1.76,1096530,KBS,2026-10-09T04:28:45Z
2019-03-06,EVG,1.76,1.8,1.74,1.79,1353510,KBS,2026-10-09T04:28:45Z
2019-03-07,EVG,1.84,1.91,1.83,1.91,966230,KBS,2026-10-09T04:28:45Z
2019-03-08,EVG,1.99,1.99,1.87,1.92,582110,KBS,2026-10-09T04:28:45Z
2019-03-11,EVG,1.9,1.9,1.8,1.83,679030,KBS,2026-10-09T04:28:45Z
2019-03-12,EVG,1.82,1.95,1.76,1.95,2036960,KBS,2026-10-09T04:28:45Z
2019-03-13,EVG,1.97,2.08,1.95,1.99,1042350,KBS,2026-10-09T04:28:45Z
2019-03-14,EVG,2.01,2.06,1.97,2.03,771410,KBS,2026-10-09T04:28:45Z
2019-03-15,EVG,1.97,2.01,1.91,1.94,345580,KBS,2026-10-09T04:28:45Z
2019-03-18,EVG,1.94,1.98,1.88,1.96,833980,KBS,2026-10-09T04:28:45Z
2019-03-19,EVG,1.97,1.97,1.9,1.93,625260,KBS,2026-10-09T04:28:45Z
2019-03-20,EVG,1.93,1.93,1.9,1.93,391250,KBS,2026-10-09T04:28:45Z
2019-03-21,EVG,1.91,1.99,1.9,1.9,402130,KBS,2026-10-09T04:28:45Z
2019-03-22,EVG,1.91,1.92,1.89,1.91,405760,KBS,2026-10-09T04:28:45Z
2019-03-25,EVG,1.91,1.91,1.83,1.89,390920,KBS,2026-10-09T04:28:45Z
2019-03-26,EVG,1.88,1.91,1.83,1.88,750200,KBS,2026-10-09T04:28:45Z
2019-03-27,EVG,1.9,1.93,1.83,1.86,416300,KBS,2026-10-09T04:28:45Z
2019-03-28,EVG,1.96,1.96,1.83,1.9,295400,KBS,2026-10-09T04:28:45Z
2019-03-29,EVG,1.9,1.9,1.86,1.86,144530,KBS,2026-10-09T04:28:45Z
2019-04-01,EVG,1.87,1.9,1.84,1.85,432950,KBS,2026-10-09T04:28:45Z
2019-04-02,EVG,1.85,1.87,1.82,1.82,160450,KBS,2026-10-09T04:28:45Z
2019-04-03,EVG,1.84,1.84,1.8,1.83,148070,KBS,2026-10-09T04:28:45Z
2019-04-04,EVG,1.82,1.84,1.82,1.83,207760,KBS,2026-10-09T04:28:45Z
2019-04-05,EVG,1.77,1.83,1.77,1.83,139440,KBS,2026-10-09T04:28:45Z
2019-04-08,EVG,1.83,1.84,1.8,1.83,276080,KBS,2026-10-09T04:28:45Z
2019-04-09,EVG,1.83,1.84,1.82,1.84,299720,KBS,2026-10-09T04:28:45Z
2019-04-10,EVG,1.83,1.84,1.82,1.84,295260,KBS,2026-10-09T04:28:45Z
2019-04-11,EVG,1.84,1.84,1.82,1.82,199050,KBS,2026-10-09T04:28:45Z
2019-04-12,EVG,1.83,1.95,1.82,1.95,1153290,KBS,2026-10-09T04:28:45Z
2019-04-16,EVG,1.96,2.05,1.9,2.02,644930,KBS,2026-10-09T04:28:45Z
2019-04-17,EVG,2.04,2.04,1.97,1.99,506390,KBS,2026-10-09T04:28:45Z
2019-04-18,EVG,1.96,1.98,1.87,1.87,373910,KBS,2026-10-09T04:28:45Z
2019-04-19,EVG,1.84,1.92,1.84,1.88,343590,KBS,2026-10-09T04:28:45Z
2019-04-22,EVG,1.88,1.89,1.8,1.84,251810,KBS,2026-10-09T04:28:45Z
2019-04-23,EVG,1.8,1.85,1.8,1.84,383600,KBS,2026-10-09T04:28:45Z
2019-04-24,EVG,1.84,1.89,1.83,1.88,961640,KBS,2026-10-09T04:28:45Z
2019-04-25,EVG,1.88,1.9,1.83,1.88,390020,KBS,2026-10-09T04:28:45Z
2019-04-26,EVG,1.89,2.01,1.89,1.95,1200560,KBS,2026-10-09T04:28:45Z
2019-05-02,EVG,2.0,2.0,1.94,1.97,644580,KBS,2026-10-09T04:28:45Z
2019-05-03,EVG,1.96,1.97,1.9,1.9,308200,KBS,2026-10-09T04:28:45Z
2019-05-06,EVG,1.9,1.9,1.8,1.83,549820,KBS,2026-10-09T04:28:45Z
2019-05-07,EVG,1.83,1.86,1.81,1.86,295540,KBS,2026-10-09T04:28:45Z
2019-05-08,EVG,1.83,1.86,1.8,1.81,327830,KBS,2026-10-09T04:28:45Z
2019-05-09,EVG,1.82,1.83,1.8,1.81,173810,KBS,2026-10-09T04:28:45Z
2019-05-10,EVG,1.81,1.83,1.8,1.81,235170,KBS,2026-10-09T04:28:45Z
2019-05-13,EVG,1.81,1.81,1.77,1.81,144720,KBS,2026-10-09T04:28:45Z
2019-05-14,EVG,1.81,1.81,1.76,1.81,169070,KBS,2026-10-09T04:28:45Z
2019-05-15,EVG,1.81,1.86,1.81,1.86,521750,KBS,2026-10-09T04:28:45Z
2019-05-16,EVG,1.83,1.86,1.82,1.84,528340,KBS,2026-10-09T04:28:45Z
2019-05-17,EVG,1.84,1.84,1.8,1.81,326990,KBS,2026-10-09T04:28:45Z
2019-05-20,EVG,1.81,1.82,1.8,1.82,322380,KBS,2026-10-09T04:28:45Z
2019-05-21,EVG,1.82,1.83,1.78,1.8,298450,KBS,2026-10-09T04:28:45Z
2019-05-22,EVG,1.83,1.87,1.8,1.83,485530,KBS,2026-10-09T04:28:45Z
2019-05-23,EVG,1.83,1.84,1.8,1.83,148720,KBS,2026-10-09T04:28:45Z
2019-05-24,EVG,1.83,1.83,1.79,1.81,160880,KBS,2026-10-09T04:28:45Z
2019-05-27,EVG,1.81,1.82,1.79,1.8,162440,KBS,2026-10-09T04:28:45Z
2019-05-28,EVG,1.8,1.8,1.75,1.79,191940,KBS,2026-10-09T04:28:45Z
2019-05-29,EVG,1.79,1.81,1.75,1.8,201240,KBS,2026-10-09T04:28:45Z
2019-05-30,EVG,1.76,1.8,1.76,1.8,230260,KBS,2026-10-09T04:28:45Z
2019-05-31,EVG,1.78,1.9,1.78,1.83,325010,KBS,2026-10-09T04:28:45Z
2019-06-03,EVG,1.84,1.9,1.82,1.86,723400,KBS,2026-10-09T04:28:45Z
2019-06-04,EVG,1.86,1.88,1.81,1.86,316200,KBS,2026-10-09T04:28:45Z
2019-06-05,EVG,1.86,1.87,1.8,1.83,273640,KBS,2026-10-09T04:28:45Z
2019-06-06,EVG,1.83,1.84,1.78,1.78,192220,KBS,2026-10-09T04:28:45Z
2019-06-07,EVG,1.78,1.84,1.78,1.82,225290,KBS,2026-10-09T04:28:45Z
2019-06-10,EVG,1.82,1.83,1.76,1.82,267630,KBS,2026-10-09T04:28:45Z
2019-06-11,EVG,1.82,1.82,1.76,1.82,139700,KBS,2026-10-09T04:28:45Z
2019-06-12,EVG,1.82,1.82,1.76,1.8,89400,KBS,2026-10-09T04:28:45Z
2019-06-13,EVG,1.77,1.8,1.77,1.79,139540,KBS,2026-10-09T04:28:45Z
2019-06-14,EVG,1.79,1.82,1.78,1.8,236160,KBS,2026-10-09T04:28:45Z
2019-06-17,EVG,1.8,1.81,1.78,1.78,82790,KBS,2026-10-09T04:28:45Z
2019-06-18,EVG,1.78,1.81,1.78,1.8,127960,KBS,2026-10-09T04:28:45Z
2019-06-19,EVG,1.84,1.91,1.8,1.84,454290,KBS,2026-10-09T04:28:45Z
2019-06-20,EVG,1.84,1.84,1.82,1.82,314230,KBS,2026-10-09T04:28:45Z
2019-06-21,EVG,1.82,1.84,1.77,1.77,381260,KBS,2026-10-09T04:28:45Z
2019-06-24,EVG,1.77,1.81,1.76,1.76,304620,KBS,2026-10-09T04:28:45Z
2019-06-25,EVG,1.78,1.84,1.77,1.81,293390,KBS,2026-10-09T04:28:45Z
2019-06-26,EVG,1.78,1.82,1.78,1.82,114710,KBS,2026-10-09T04:28:45Z
2019-06-27,EVG,1.8,1.81,1.79,1.8,97250,KBS,2026-10-09T04:28:45Z
2019-06-28,EVG,1.8,1.8,1.76,1.79,225310,KBS,2026-10-09T04:28:45Z
2019-07-01,EVG,1.78,1.8,1.76,1.77,291840,KBS,2026-10-09T04:28:45Z
2019-07-02,EVG,1.78,1.82,1.77,1.77,246450,KBS,2026-10-09T04:28:45Z
2019-07-03,EVG,1.79,1.8,1.77,1.77,324370,KBS,2026-10-09T04:28:45Z
2019-07-04,EVG,1.78,1.8,1.76,1.77,435710,KBS,2026-10-09T04:28:45Z
2019-07-05,EVG,1.78,1.82,1.77,1.8,615350,KBS,2026-10-09T04:28:45Z
2019-07-08,EVG,1.8,1.9,1.8,1.88,699270,KBS,2026-10-09T04:28:45Z
2019-07-09,EVG,1.87,1.96,1.87,1.93,614140,KBS,2026-10-09T04:28:45Z
2019-07-10,EVG,1.93,1.96,1.88,1.9,269800,KBS,2026-10-09T04:28:45Z
2019-07-11,EVG,1.9,1.9,1.83,1.86,196940,KBS,2026-10-09T04:28:45Z
2019-07-12,EVG,1.84,1.86,1.81,1.81,125640,KBS,2026-10-09T04:28:45Z
2019-07-15,EVG,1.84,1.9,1.82,1.83,355330,KBS,2026-10-09T04:28:45Z
2019-07-16,EVG,1.83,1.87,1.83,1.84,258290,KBS,2026-10-09T04:28:45Z
2019-07-17,EVG,1.83,1.88,1.83,1.86,290430,KBS,2026-10-09T04:28:45Z
2019-07-18,EVG,1.88,1.99,1.87,1.93,1596930,KBS,2026-10-09T04:28:45Z
2019-07-19,EVG,1.93,2.0,1.93,1.96,1859320,KBS,2026-10-09T04:28:45Z
2019-07-22,EVG,1.96,1.97,1.88,1.89,772790,KBS,2026-10-09T04:28:45Z
2019-07-23,EVG,1.89,1.91,1.85,1.9,731370,KBS,2026-10-09T04:28:45Z
2019-07-24,EVG,1.86,1.88,1.82,1.86,407320,KBS,2026-10-09T04:28:45Z
2019-07-25,EVG,1.84,1.93,1.83,1.9,1044850,KBS,2026-10-09T04:28:45Z
2019-07-26,EVG,1.9,1.95,1.9,1.92,772870,KBS,2026-10-09T04:28:45Z
2019-07-29,EVG,1.92,1.95,1.88,1.91,331300,KBS,2026-10-09T04:28:45Z
2019-07-30,EVG,1.91,1.91,1.85,1.85,387200,KBS,2026-10-09T04:28:45Z
2019-07-31,EVG,1.83,1.87,1.82,1.85,315420,KBS,2026-10-09T04:28:45Z
2019-08-01,EVG,1.85,1.88,1.82,1.86,448890,KBS,2026-10-09T04:28:45Z
2019-08-02,EVG,1.85,1.86,1.8,1.8,257620,KBS,2026-10-09T04:28:45Z
2019-08-05,EVG,1.82,1.82,1.76,1.8,435890,KBS,2026-10-09T04:28:45Z
2019-08-06,EVG,1.8,1.8,1.74,1.78,325350,KBS,2026-10-09T04:28:45Z
2019-08-07,EVG,1.8,1.82,1.74,1.79,361260,KBS,2026-10-09T04:28:45Z
2019-08-08,EVG,1.79,1.79,1.76,1.79,239460,KBS,2026-10-09T04:28:45Z
2019-08-09,EVG,1.79,1.82,1.78,1.8,280410,KBS,2026-10-09T04:28:45Z
2019-08-12,EVG,1.8,1.8,1.76,1.79,282460,KBS,2026-10-09T04:28:45Z
2019-08-13,EVG,1.79,1.8,1.76,1.79,296350,KBS,2026-10-09T04:28:45Z
2019-08-14,EVG,1.79,1.82,1.74,1.78,654560,KBS,2026-10-09T04:28:45Z
2019-08-15,EVG,1.78,1.78,1.73,1.77,332590,KBS,2026-10-09T04:28:45Z
2019-08-16,EVG,1.77,1.78,1.73,1.76,336460,KBS,2026-10-09T04:28:45Z
2019-08-19,EVG,1.76,1.76,1.74,1.76,284370,KBS,2026-10-09T04:28:45Z
2019-08-20,EVG,1.76,1.76,1.74,1.74,223370,KBS,2026-10-09T04:28:45Z
2019-08-21,EVG,1.73,1.75,1.7,1.74,351010,KBS,2026-10-09T04:28:45Z
2019-08-22,EVG,1.72,1.76,1.71,1.71,551530,KBS,2026-10-09T04:28:45Z
2019-08-23,EVG,1.72,1.83,1.69,1.83,2389860,KBS,2026-10-09T04:28:45Z
2019-08-26,EVG,1.82,1.95,1.71,1.88,1340140,KBS,2026-10-09T04:28:45Z
2019-08-27,EVG,1.88,1.93,1.76,1.89,1762100,KBS,2026-10-09T04:28:45Z
2019-08-28,EVG,1.89,1.89,1.76,1.81,982540,KBS,2026-10-09T04:28:45Z
2019-08-29,EVG,1.74,1.8,1.7,1.76,307710,KBS,2026-10-09T04:28:45Z
2019-08-30,EVG,1.76,1.76,1.69,1.73,354900,KBS,2026-10-09T04:28:45Z
2019-09-03,EVG,1.75,1.75,1.7,1.7,331550,KBS,2026-10-09T04:28:45Z
2019-09-05,EVG,1.72,1.73,1.7,1.72,1474220,KBS,2026-10-09T04:28:45Z
2019-09-06,EVG,1.72,1.73,1.69,1.72,1369730,KBS,2026-10-09T04:28:45Z
2019-09-09,EVG,1.72,1.72,1.69,1.71,1218640,KBS,2026-10-09T04:28:45Z
2019-09-10,EVG,1.7,1.71,1.69,1.7,259210,KBS,2026-10-09T04:28:45Z
2019-09-11,EVG,1.7,1.72,1.69,1.7,233110,KBS,2026-10-09T04:28:45Z
2019-09-12,EVG,1.7,1.7,1.68,1.7,221710,KBS,2026-10-09T04:28:45Z
2019-09-13,EVG,1.7,1.7,1.68,1.7,246110,KBS,2026-10-09T04:28:45Z
2019-09-16,EVG,1.7,1.76,1.68,1.71,1573260,KBS,2026-10-09T04:28:45Z
2019-09-17,EVG,1.72,1.73,1.68,1.71,735410,KBS,2026-10-09T04:28:45Z
2019-09-18,EVG,1.71,1.71,1.7,1.71,163150,KBS,2026-10-09T04:28:45Z
2019-09-19,EVG,1.7,1.7,1.69,1.7,220470,KBS,2026-10-09T04:28:45Z
2019-09-20,EVG,1.7,1.74,1.7,1.72,425470,KBS,2026-10-09T04:28:45Z
2019-09-23,EVG,1.72,1.73,1.69,1.71,308260,KBS,2026-10-09T04:28:45Z
2019-09-24,EVG,1.71,1.72,1.68,1.69,213380,KBS,2026-10-09T04:28:45Z
2019-09-25,EVG,1.7,1.79,1.7,1.73,1353830,KBS,2026-10-09T04:28:45Z
2019-09-26,EVG,1.74,1.75,1.7,1.7,493500,KBS,2026-10-09T04:28:45Z
2019-09-27,EVG,1.7,1.74,1.7,1.72,1036120,KBS,2026-10-09T04:28:45Z
2019-09-30,EVG,1.74,1.74,1.69,1.7,588240,KBS,2026-10-09T04:28:45Z
2019-10-01,EVG,1.71,1.74,1.7,1.7,606270,KBS,2026-10-09T04:28:45Z
2019-10-02,EVG,1.72,1.74,1.69,1.72,986480,KBS,2026-10-09T04:28:45Z
2019-10-03,EVG,1.7,1.72,1.7,1.7,256070,KBS,2026-10-09T04:28:45Z
2019-10-04,EVG,1.71,1.72,1.7,1.7,254340,KBS,2026-10-09T04:28:45Z
2019-10-07,EVG,1.71,1.71,1.68,1.68,370390,KBS,2026-10-09T04:28:45Z
2019-10-08,EVG,1.69,1.72,1.67,1.69,395520,KBS,2026-10-09T04:28:45Z
2019-10-09,EVG,1.69,1.69,1.63,1.65,392850,KBS,2026-10-09T04:28:45Z
2019-10-10,EVG,1.65,1.69,1.63,1.67,429980,KBS,2026-10-09T04:28:45Z
2019-10-11,EVG,1.67,1.7,1.62,1.67,1134600,KBS,2026-10-09T04:28:45Z
2019-10-14,EVG,1.67,1.69,1.67,1.69,565420,KBS,2026-10-09T04:28:45Z
2019-10-15,EVG,1.69,1.7,1.67,1.69,287090,KBS,2026-10-09T04:28:45Z
2019-10-16,EVG,1.69,1.72,1.67,1.69,424690,KBS,2026-10-09T04:28:45Z
2019-10-17,EVG,1.69,1.7,1.67,1.69,113960,KBS,2026-10-09T04:28:45Z
2019-10-18,EVG,1.69,1.7,1.68,1.7,287040,KBS,2026-10-09T04:28:45Z
2019-10-21,EVG,1.69,1.82,1.69,1.82,2765510,KBS,2026-10-09T04:28:45Z
2019-10-22,EVG,1.82,1.88,1.79,1.82,1253210,KBS,2026-10-09T04:28:45Z
2019-10-23,EVG,1.82,1.82,1.76,1.8,551840,KBS,2026-10-09T04:28:45Z
2019-10-24,EVG,1.78,1.85,1.76,1.82,1253200,KBS,2026-10-09T04:28:45Z
2019-10-25,EVG,1.82,1.82,1.77,1.77,163400,KBS,2026-10-09T04:28:45Z
2019-10-28,EVG,1.76,1.78,1.72,1.75,209690,KBS,2026-10-09T04:28:45Z
2019-10-29,EVG,1.76,1.84,1.73,1.8,2148080,KBS,2026-10-09T04:28:45Z
2019-10-30,EVG,1.8,1.82,1.78,1.81,318800,KBS,2026-10-09T04:28:45Z
2019-10-31,EVG,1.78,1.81,1.78,1.8,83780,KBS,2026-10-09T04:28:45Z
2019-11-01,EVG,1.78,1.81,1.78,1.8,290370,KBS,2026-10-09T04:28:45Z
2019-11-04,EVG,1.8,1.8,1.74,1.79,452690,KBS,2026-10-09T04:28:45Z
2019-11-05,EVG,1.79,1.79,1.74,1.78,196320,KBS,2026-10-09T04:28:45Z
2019-11-06,EVG,1.78,1.8,1.74,1.74,395920,KBS,2026-10-09T04:28:45Z
2019-11-07,EVG,1.74,1.81,1.74,1.79,953930,KBS,2026-10-09T04:28:45Z
2019-11-08,EVG,1.8,1.82,1.78,1.8,768640,KBS,2026-10-09T04:28:45Z
2019-11-11,EVG,1.78,1.8,1.78,1.79,367190,KBS,2026-10-09T04:28:45Z
2019-11-12,EVG,1.7,1.8,1.7,1.78,708210,KBS,2026-10-09T04:28:45Z
2019-11-13,EVG,1.75,1.88,1.75,1.82,1551490,KBS,2026-10-09T04:28:45Z
2019-11-14,EVG,1.82,1.88,1.82,1.86,837350,KBS,2026-10-09T04:28:45Z
2019-11-15,EVG,1.86,1.86,1.8,1.84,338630,KBS,2026-10-09T04:28:45Z
2019-11-18,EVG,1.82,1.86,1.8,1.82,363550,KBS,2026-10-09T04:28:45Z
2019-11-19,EVG,1.82,1.85,1.8,1.8,269800,KBS,2026-10-09T04:28:45Z
2019-11-20,EVG,1.8,1.84,1.76,1.8,682370,KBS,2026-10-09T04:28:45Z
2019-11-21,EVG,1.8,1.8,1.76,1.76,315900,KBS,2026-10-09T04:28:45Z
2019-11-22,EVG,1.76,1.79,1.74,1.74,397250,KBS,2026-10-09T04:28:45Z
2019-11-25,EVG,1.75,1.76,1.72,1.74,279990,KBS,2026-10-09T04:28:45Z
2019-11-26,EVG,1.75,1.78,1.73,1.76,360640,KBS,2026-10-09T04:28:45Z
2019-11-27,EVG,1.72,1.76,1.72,1.74,175300,KBS,2026-10-09T04:28:45Z
2019-11-28,EVG,1.74,1.74,1.7,1.74,465080,KBS,2026-10-09T04:28:45Z
2019-11-29,EVG,1.74,1.76,1.72,1.75,222130,KBS,2026-10-09T04:28:45Z
2019-12-02,EVG,1.75,1.78,1.72,1.75,355340,KBS,2026-10-09T04:28:45Z
2019-12-03,EVG,1.75,1.77,1.72,1.75,631150,KBS,2026-10-09T04:28:45Z
2019-12-04,EVG,1.72,1.75,1.72,1.75,222620,KBS,2026-10-09T04:28:45Z
2019-12-05,EVG,1.73,1.75,1.72,1.74,448030,KBS,2026-10-09T04:28:45Z
2019-12-06,EVG,1.74,1.74,1.71,1.74,496190,KBS,2026-10-09T04:28:45Z
2019-12-09,EVG,1.74,1.74,1.72,1.72,231560,KBS,2026-10-09T04:28:45Z
2019-12-10,EVG,1.71,1.75,1.71,1.75,426330,KBS,2026-10-09T04:28:45Z
2019-12-11,EVG,1.73,1.75,1.72,1.74,179330,KBS,2026-10-09T04:28:45Z
2019-12-12,EVG,1.74,1.75,1.72,1.72,210750,KBS,2026-10-09T04:28:45Z
2019-12-13,EVG,1.72,1.74,1.71,1.73,263520,KBS,2026-10-09T04:28:45Z
2019-12-16,EVG,1.73,1.8,1.72,1.78,508580,KBS,2026-10-09T04:28:45Z
2019-12-17,EVG,1.78,1.8,1.74,1.79,601690,KBS,2026-10-09T04:28:45Z
2019-12-18,EVG,1.79,1.79,1.76,1.76,246740,KBS,2026-10-09T04:28:45Z
2019-12-19,EVG,1.76,1.76,1.72,1.72,374850,KBS,2026-10-09T04:28:45Z
2019-12-20,EVG,1.72,1.74,1.7,1.72,933020,KBS,2026-10-09T04:28:45Z
2019-12-23,EVG,1.73,1.77,1.73,1.76,595110,KBS,2026-10-09T04:28:45Z
2019-12-24,EVG,1.76,1.76,1.73,1.73,255080,KBS,2026-10-09T04:28:45Z
2019-12-25,EVG,1.73,1.75,1.72,1.72,249000,KBS,2026-10-09T04:28:45Z
2019-12-26,EVG,1.72,1.8,1.72,1.76,2470680,KBS,2026-10-09T04:28:45Z
2019-12-27,EVG,1.76,1.77,1.73,1.74,314860,KBS,2026-10-09T04:28:45Z
2019-12-30,EVG,1.72,1.75,1.7,1.7,393420,KBS,2026-10-09T04:28:45Z
2019-12-31,EVG,1.7,1.71,1.67,1.71,526960,KBS,2026-10-09T04:28:45Z
2020-01-02,EVG,1.71,1.71,1.64,1.64,365050,KBS,2026-10-09T04:28:45Z
2020-01-03,EVG,1.65,1.7,1.65,1.67,515910,KBS,2026-10-09T04:28:45Z
2020-01-06,EVG,1.66,1.7,1.66,1.67,459770,KBS,2026-10-09T04:28:45Z
2020-01-07,EVG,1.67,1.68,1.66,1.66,228680,KBS,2026-10-09T04:28:45Z
2020-01-08,EVG,1.67,1.67,1.63,1.66,534470,KBS,2026-10-09T04:28:45Z
2020-01-09,EVG,1.63,1.67,1.61,1.63,245920,KBS,2026-10-09T04:28:45Z
2020-01-10,EVG,1.64,1.65,1.59,1.63,357900,KBS,2026-10-09T04:28:45Z
2020-01-13,EVG,1.63,1.69,1.57,1.63,928170,KBS,2026-10-09T04:28:45Z
2020-01-14,EVG,1.63,1.67,1.61,1.63,354740,KBS,2026-10-09T04:28:45Z
2020-01-15,EVG,1.63,1.65,1.6,1.63,444000,KBS,2026-10-09T04:28:45Z
2020-01-16,EVG,1.63,1.64,1.58,1.63,429090,KBS,2026-10-09T04:28:45Z
2020-01-17,EVG,1.58,1.63,1.58,1.63,549110,KBS,2026-10-09T04:28:45Z
2020-01-20,EVG,1.63,1.63,1.59,1.6,157610,KBS,2026-10-09T04:28:45Z
2020-01-21,EVG,1.6,1.71,1.58,1.68,1489720,KBS,2026-10-09T04:28:45Z
2020-01-22,EVG,1.68,1.7,1.6,1.66,440670,KBS,2026-10-09T04:28:45Z
2020-01-30,EVG,1.69,1.69,1.6,1.65,311440,KBS,2026-10-09T04:28:45Z
2020-01-31,EVG,1.65,1.69,1.57,1.63,1999240,KBS,2026-10-09T04:28:45Z
2020-02-03,EVG,1.54,1.63,1.52,1.63,470200,KBS,2026-10-09T04:28:45Z
2020-02-04,EVG,1.55,1.63,1.55,1.62,393920,KBS,2026-10-09T04:28:45Z
2020-02-05,EVG,1.62,1.62,1.57,1.58,319580,KBS,2026-10-09T04:28:45Z
2020-02-06,EVG,1.59,1.65,1.57,1.61,1117450,KBS,2026-10-09T04:28:45Z
2020-02-07,EVG,1.61,1.63,1.59,1.6,168780,KBS,2026-10-09T04:28:45Z
2020-02-10,EVG,1.61,1.61,1.59,1.6,111750,KBS,2026-10-09T04:28:45Z
2020-02-11,EVG,1.6,1.6,1.58,1.59,236660,KBS,2026-10-09T04:28:45Z
2020-02-12,EVG,1.59,1.6,1.54,1.59,578560,KBS,2026-10-09T04:28:45Z
2020-02-13,EVG,1.59,1.6,1.55,1.58,426230,KBS,2026-10-09T04:28:45Z
2020-02-14,EVG,1.57,1.59,1.54,1.57,366540,KBS,2026-10-09T04:28:45Z
2020-02-17,EVG,1.57,1.57,1.52,1.55,245090,KBS,2026-10-09T04:28:45Z
2020-02-18,EVG,1.55,1.56,1.5,1.54,265620,KBS,2026-10-09T04:28:45Z
2020-02-19,EVG,1.43,1.5,1.43,1.46,1213850,KBS,2026-10-09T04:28:45Z
2020-02-20,EVG,1.47,1.56,1.47,1.56,2066280,KBS,2026-10-09T04:28:45Z
2020-02-21,EVG,1.58,1.67,1.58,1.67,1626550,KBS,2026-10-09T04:28:45Z
2020-02-24,EVG,1.63,1.69,1.56,1.67,730780,KBS,2026-10-09T04:28:45Z
2020-02-25,EVG,1.57,1.63,1.56,1.58,426450,KBS,2026-10-09T04:28:45Z
2020-02-26,EVG,1.58,1.61,1.5,1.56,607140,KBS,2026-10-09T04:28:45Z
2020-02-27,EVG,1.56,1.67,1.56,1.65,1612610,KBS,2026-10-09T04:28:45Z
2020-02-28,EVG,1.66,1.76,1.62,1.68,791670,KBS,2026-10-09T04:28:45Z
2020-03-02,EVG,1.6,1.75,1.6,1.68,1027980,KBS,2026-10-09T04:28:45Z
2020-03-03,EVG,1.68,1.77,1.67,1.68,1202740,KBS,2026-10-09T04:28:45Z
2020-03-04,EVG,1.67,1.7,1.65,1.67,321820,KBS,2026-10-09T04:28:45Z
2020-03-05,EVG,1.67,1.77,1.67,1.7,1549130,KBS,2026-10-09T04:28:45Z
2020-03-06,EVG,1.7,1.7,1.63,1.68,414060,KBS,2026-10-09T04:28:45Z
2020-03-09,EVG,1.59,1.65,1.57,1.58,407180,KBS,2026-10-09T04:28:45Z
2020-03-10,EVG,1.57,1.59,1.5,1.59,279710,KBS,2026-10-09T04:28:45Z
2020-03-11,EVG,1.59,1.66,1.55,1.59,684440,KBS,2026-10-09T04:28:45Z
2020-03-12,EVG,1.52,1.57,1.5,1.51,186630,KBS,2026-10-09T04:28:45Z
2020-03-13,EVG,1.45,1.52,1.41,1.51,200480,KBS,2026-10-09T04:28:45Z
2020-03-16,EVG,1.51,1.56,1.44,1.54,370960,KBS,2026-10-09T04:28:45Z
2020-03-17,EVG,1.54,1.57,1.54,1.57,475110,KBS,2026-10-09T04:28:45Z
2020-03-18,EVG,1.57,1.61,1.56,1.6,480120,KBS,2026-10-09T04:28:45Z
2020-03-19,EVG,1.6,1.6,1.54,1.58,250090,KBS,2026-10-09T04:28:45Z
2020-03-20,EVG,1.57,1.59,1.56,1.57,211620,KBS,2026-10-09T04:28:45Z
2020-03-23,EVG,1.56,1.57,1.46,1.48,247500,KBS,2026-10-09T04:28:45Z
2020-03-24,EVG,1.48,1.54,1.48,1.52,238310,KBS,2026-10-09T04:28:45Z
2020-03-25,EVG,1.52,1.58,1.5,1.54,231620,KBS,2026-10-09T04:28:45Z
2020-03-26,EVG,1.54,1.55,1.5,1.54,198100,KBS,2026-10-09T04:28:45Z
2020-03-27,EVG,1.51,1.54,1.48,1.53,52460,KBS,2026-10-09T04:28:45Z
2020-03-30,EVG,1.5,1.5,1.42,1.44,187460,KBS,2026-10-09T04:28:45Z
2020-03-31,EVG,1.44,1.48,1.39,1.46,132610,KBS,2026-10-09T04:28:45Z
2020-04-01,EVG,1.39,1.56,1.39,1.56,1115720,KBS,2026-10-09T04:28:45Z
2020-04-03,EVG,1.58,1.63,1.57,1.61,363410,KBS,2026-10-09T04:28:45Z
2020-04-06,EVG,1.61,1.63,1.54,1.63,481340,KBS,2026-10-09T04:28:45Z
2020-04-07,EVG,1.57,1.61,1.56,1.56,201810,KBS,2026-10-09T04:28:45Z
2020-04-08,EVG,1.56,1.59,1.55,1.58,202830,KBS,2026-10-09T04:28:45Z
2020-04-09,EVG,1.58,1.61,1.58,1.58,314900,KBS,2026-10-09T04:28:45Z
2020-04-10,EVG,1.58,1.59,1.57,1.59,210870,KBS,2026-10-09T04:28:45Z
2020-04-13,EVG,1.59,1.6,1.57,1.59,253450,KBS,2026-10-09T04:28:45Z
2020-04-14,EVG,1.59,1.61,1.57,1.61,253520,KBS,2026-10-09T04:28:45Z
2020-04-15,EVG,1.61,1.63,1.58,1.63,429720,KBS,2026-10-09T04:28:45Z
2020-04-16,EVG,1.62,1.64,1.61,1.63,398870,KBS,2026-10-09T04:28:45Z
2020-04-17,EVG,1.63,1.64,1.62,1.63,278010,KBS,2026-10-09T04:28:45Z
2020-04-20,EVG,1.62,1.63,1.57,1.57,263680,KBS,2026-10-09T04:28:45Z
2020-04-21,EVG,1.58,1.61,1.57,1.57,339670,KBS,2026-10-09T04:28:45Z
2020-04-22,EVG,1.56,1.59,1.55,1.59,230000,KBS,2026-10-09T04:28:45Z
2020-04-23,EVG,1.59,1.61,1.57,1.59,192220,KBS,2026-10-09T04:28:45Z
2020-04-24,EVG,1.59,1.6,1.57,1.59,184670,KBS,2026-10-09T04:28:45Z
2020-04-27,EVG,1.59,1.6,1.56,1.58,262330,KBS,2026-10-09T04:28:45Z
2020-04-28,EVG,1.58,1.59,1.56,1.59,187960,KBS,2026-10-09T04:28:45Z
2020-04-29,EVG,1.59,1.59,1.57,1.59,217980,KBS,2026-10-09T04:28:45Z
2020-05-04,EVG,1.59,1.59,1.58,1.59,215520,KBS,2026-10-09T04:28:45Z
2020-05-05,EVG,1.58,1.59,1.56,1.59,231960,KBS,2026-10-09T04:28:45Z
2020-05-06,EVG,1.59,1.59,1.57,1.59,255100,KBS,2026-10-09T04:28:45Z
2020-05-07,EVG,1.58,1.59,1.57,1.58,211490,KBS,2026-10-09T04:28:45Z
2020-05-08,EVG,1.58,1.59,1.57,1.59,286530,KBS,2026-10-09T04:28:45Z
2020-05-11,EVG,1.59,1.59,1.58,1.59,316150,KBS,2026-10-09T04:28:45Z
2020-05-12,EVG,1.59,1.59,1.56,1.58,333830,KBS,2026-10-09T04:28:45Z
2020-05-13,EVG,1.58,1.59,1.58,1.58,338840,KBS,2026-10-09T04:28:45Z
2020-05-14,EVG,1.58,1.59,1.58,1.58,166410,KBS,2026-10-09T04:28:45Z
2020-05-15,EVG,1.58,1.69,1.56,1.68,878130,KBS,2026-10-09T04:28:45Z
2020-05-18,EVG,1.76,1.78,1.69,1.69,500170,KBS,2026-10-09T04:28:45Z
2020-05-19,EVG,1.68,1.69,1.61,1.63,240360,KBS,2026-10-09T04:28:45Z
2020-05-20,EVG,1.62,1.66,1.59,1.66,300080,KBS,2026-10-09T04:28:45Z
2020-05-21,EVG,1.59,1.65,1.59,1.59,233370,KBS,2026-10-09T04:28:45Z
2020-05-22,EVG,1.59,1.63,1.59,1.62,329300,KBS,2026-10-09T04:28:45Z
2020-05-25,EVG,1.62,1.69,1.62,1.67,458850,KBS,2026-10-09T04:28:45Z
2020-05-26,EVG,1.65,1.67,1.57,1.62,762370,KBS,2026-10-09T04:28:45Z
2020-05-27,EVG,1.63,1.73,1.63,1.73,3913340,KBS,2026-10-09T04:28:45Z
2020-05-28,EVG,1.84,1.85,1.84,1.85,2246680,KBS,2026-10-09T04:28:45Z
2020-05-29,EVG,1.97,1.97,1.97,1.97,2072260,KBS,2026-10-09T04:28:45Z
2020-06-01,EVG,2.11,2.11,2.11,2.11,846460,KBS,2026-10-09T04:28:45Z
2020-06-02,EVG,2.25,2.25,2.25,2.25,913200,KBS,2026-10-09T04:28:45Z
2020-06-03,EVG,2.12,2.25,2.1,2.1,1829360,KBS,2026-10-09T04:28:45Z
2020-06-04,EVG,1.96,2.24,1.96,2.24,4349690,KBS,2026-10-09T04:28:45Z
2020-06-05,EVG,2.38,2.38,2.29,2.38,2317800,KBS,2026-10-09T04:28:45Z
2020-06-08,EVG,2.48,2.55,2.48,2.55,1571070,KBS,2026-10-09T04:28:45Z
2020-06-09,EVG,2.55,2.72,2.37,2.72,3010860,KBS,2026-10-09T04:28:45Z
2020-06-10,EVG,2.91,2.91,2.78,2.91,2715000,KBS,2026-10-09T04:28:45Z
2020-06-11,EVG,3.04,3.12,2.74,2.74,2209520,KBS,2026-10-09T04:28:45Z
2020-06-12,EVG,2.63,2.93,2.61,2.93,3579130,KBS,2026-10-09T04:28:45Z
2020-06-15,EVG,3.14,3.14,3.13,3.14,991280,KBS,2026-10-09T04:28:45Z
2020-06-16,EVG,3.33,3.35,3.14,3.35,3352360,KBS,2026-10-09T04:28:45Z
2020-06-17,EVG,3.35,3.57,3.14,3.17,3633560,KBS,2026-10-09T04:28:45Z
2020-06-18,EVG,3.17,3.29,2.95,3.2,3305770,KBS,2026-10-09T04:28:45Z
2020-06-19,EVG,3.01,3.22,3.0,3.19,1474010,KBS,2026-10-09T04:28:45Z
2020-06-22,EVG,3.1,3.19,2.97,2.99,1231660,KBS,2026-10-09T04:28:45Z
2020-06-23,EVG,2.99,3.2,2.78,3.2,5342160,KBS,2026-10-09T04:28:45Z
2020-06-24,EVG,3.33,3.41,3.2,3.27,2282070,KBS,2026-10-09T04:28:45Z
2020-06-25,EVG,3.2,3.27,3.14,3.18,485370,KBS,2026-10-09T04:28:45Z
2020-06-26,EVG,3.18,3.28,2.99,3.14,1142490,KBS,2026-10-09T04:28:45Z
2020-06-29,EVG,2.94,3.07,2.92,2.93,1023610,KBS,2026-10-09T04:28:45Z
2020-06-30,EVG,2.93,2.99,2.72,2.73,1081630,KBS,2026-10-09T04:28:45Z
2020-07-01,EVG,2.74,2.86,2.61,2.8,1288360,KBS,2026-10-09T04:28:45Z
2020-07-02,EVG,2.8,2.8,2.61,2.71,894520,KBS,2026-10-09T04:28:45Z
2020-07-03,EVG,2.71,2.8,2.66,2.71,869100,KBS,2026-10-09T04:28:45Z
2020-07-06,EVG,2.71,2.73,2.68,2.71,754560,KBS,2026-10-09T04:28:45Z
2020-07-07,EVG,2.7,2.72,2.59,2.63,712870,KBS,2026-10-09T04:28:45Z
2020-07-08,EVG,2.63,2.74,2.63,2.74,739860,KBS,2026-10-09T04:28:45Z
2020-07-09,EVG,2.74,2.85,2.74,2.8,746700,KBS,2026-10-09T04:28:45Z
2020-07-10,EVG,2.8,2.8,2.72,2.74,577440,KBS,2026-10-09T04:28:45Z
2020-07-13,EVG,2.74,2.77,2.61,2.66,664260,KBS,2026-10-09T04:28:45Z
2020-07-14,EVG,2.61,2.65,2.6,2.61,824790,KBS,2026-10-09T04:28:45Z
2020-07-15,EVG,2.61,2.65,2.52,2.61,883290,KBS,2026-10-09T04:28:45Z
2020-07-16,EVG,2.61,2.64,2.55,2.61,229510,KBS,2026-10-09T04:28:45Z
2020-07-17,EVG,2.61,2.61,2.55,2.61,657450,KBS,2026-10-09T04:28:45Z
2020-07-20,EVG,2.61,2.61,2.56,2.59,675640,KBS,2026-10-09T04:28:45Z
2020-07-21,EVG,2.59,2.68,2.59,2.64,1411320,KBS,2026-10-09T04:28:45Z
2020-07-22,EVG,2.65,2.67,2.61,2.63,1008570,KBS,2026-10-09T04:28:45Z
2020-07-23,EVG,2.64,2.67,2.58,2.64,641270,KBS,2026-10-09T04:28:45Z
2020-07-24,EVG,2.64,2.64,2.46,2.59,1136460,KBS,2026-10-09T04:28:45Z
2020-07-27,EVG,2.44,2.48,2.42,2.42,545160,KBS,2026-10-09T04:28:45Z
2020-07-28,EVG,2.35,2.54,2.25,2.42,816440,KBS,2026-10-09T04:28:45Z
2020-07-29,EVG,2.38,2.38,2.26,2.26,528730,KBS,2026-10-09T04:28:45Z
2020-07-30,EVG,2.13,2.35,2.13,2.26,216900,KBS,2026-10-09T04:28:45Z
2020-07-31,EVG,2.26,2.26,2.1,2.11,477820,KBS,2026-10-09T04:28:45Z
2020-08-03,EVG,2.11,2.23,2.1,2.22,856460,KBS,2026-10-09T04:28:45Z
2020-08-04,EVG,2.25,2.31,2.24,2.31,771320,KBS,2026-10-09T04:28:45Z
2020-08-05,EVG,2.37,2.38,2.29,2.3,592160,KBS,2026-10-09T04:28:45Z
2020-08-06,EVG,2.33,2.33,2.27,2.3,832330,KBS,2026-10-09T04:28:45Z
2020-08-07,EVG,2.29,2.32,2.24,2.3,562550,KBS,2026-10-09T04:28:45Z
2020-08-10,EVG,2.29,2.35,2.28,2.34,458110,KBS,2026-10-09T04:28:45Z
2020-08-11,EVG,2.34,2.5,2.34,2.5,2123250,KBS,2026-10-09T04:28:45Z
2020-08-12,EVG,2.59,2.67,2.57,2.67,2578160,KBS,2026-10-09T04:28:45Z
2020-08-13,EVG,2.82,2.86,2.81,2.86,3105600,KBS,2026-10-09T04:28:45Z
2020-08-14,EVG,2.86,2.99,2.72,2.74,2075010,KBS,2026-10-09T04:28:45Z
2020-08-17,EVG,2.68,2.74,2.59,2.62,1062020,KBS,2026-10-09T04:28:45Z
2020-08-18,EVG,2.68,2.8,2.68,2.8,1192020,KBS,2026-10-09T04:28:45Z
2020-08-19,EVG,3.0,3.0,2.62,2.84,1289140,KBS,2026-10-09T04:28:45Z
2020-08-20,EVG,2.84,2.84,2.68,2.68,1246540,KBS,2026-10-09T04:28:45Z
2020-08-21,EVG,2.72,2.75,2.67,2.7,1561570,KBS,2026-10-09T04:28:45Z
2020-08-24,EVG,2.71,2.88,2.7,2.88,1347360,KBS,2026-10-09T04:28:45Z
2020-08-25,EVG,2.99,2.99,2.8,2.8,670960,KBS,2026-10-09T04:28:45Z
2020-08-26,EVG,2.8,2.84,2.74,2.75,466430,KBS,2026-10-09T04:28:45Z
2020-08-27,EVG,2.77,2.89,2.73,2.82,1307020,KBS,2026-10-09T04:28:45Z
2020-08-28,EVG,2.83,2.95,2.8,2.88,1591440,KBS,2026-10-09T04:28:45Z
2020-08-31,EVG,2.88,3.01,2.82,2.91,2111240,KBS,2026-10-09T04:28:45Z
2020-09-01,EVG,2.89,3.12,2.89,3.12,2300820,KBS,2026-10-09T04:28:45Z
2020-09-03,EVG,3.33,3.33,3.23,3.33,4068800,KBS,2026-10-09T04:28:45Z
2020-09-04,EVG,3.14,3.36,3.11,3.27,1625040,KBS,2026-10-09T04:28:45Z
2020-09-07,EVG,3.22,3.36,3.11,3.18,1852460,KBS,2026-10-09T04:28:45Z
2020-09-08,EVG,3.15,3.4,3.15,3.33,4217510,KBS,2026-10-09T04:28:45Z
2020-09-09,EVG,3.16,3.34,3.16,3.32,607620,KBS,2026-10-09T04:28:45Z
2020-09-10,EVG,3.33,3.39,3.22,3.27,1155510,KBS,2026-10-09T04:28:45Z
2020-09-11,EVG,3.27,3.27,3.14,3.27,1502530,KBS,2026-10-09T04:28:45Z
2020-09-14,EVG,3.29,3.36,3.14,3.17,1645640,KBS,2026-10-09T04:28:45Z
2020-09-15,EVG,3.2,3.22,3.07,3.07,2217860,KBS,2026-10-09T04:28:45Z
2020-09-16,EVG,3.05,3.14,3.01,3.07,856860,KBS,2026-10-09T04:28:45Z
2020-09-17,EVG,3.12,3.21,3.03,3.13,1059830,KBS,2026-10-09T04:28:45Z
2020-09-18,EVG,3.12,3.19,3.12,3.16,790550,KBS,2026-10-09T04:28:45Z
2020-09-21,EVG,3.16,3.17,3.12,3.16,498000,KBS,2026-10-09T04:28:45Z
2020-09-22,EVG,3.16,3.2,3.13,3.2,889940,KBS,2026-10-09T04:28:45Z
2020-09-23,EVG,3.2,3.32,3.2,3.27,1665360,KBS,2026-10-09T04:28:45Z
2020-09-24,EVG,3.29,3.42,3.26,3.33,2281460,KBS,2026-10-09T04:28:45Z
2020-09-25,EVG,3.33,3.37,3.22,3.27,1079490,KBS,2026-10-09T04:28:45Z
2020-09-28,EVG,3.27,3.27,3.2,3.25,1236340,KBS,2026-10-09T04:28:45Z
2020-09-29,EVG,3.23,3.24,3.07,3.07,1882760,KBS,2026-10-09T04:28:45Z
2020-09-30,EVG,3.07,3.18,3.02,3.15,1156600,KBS,2026-10-09T04:28:45Z
2020-10-01,EVG,3.18,3.23,3.13,3.15,1058050,KBS,2026-10-09T04:28:45Z
2020-10-02,EVG,3.15,3.2,3.06,3.2,1670240,KBS,2026-10-09T04:28:45Z
2020-10-05,EVG,3.14,3.23,3.13,3.23,2203340,KBS,2026-10-09T04:28:45Z
2020-10-06,EVG,3.24,3.26,3.18,3.19,1295630,KBS,2026-10-09T04:28:45Z
2020-10-07,EVG,3.2,3.41,3.16,3.41,4932860,KBS,2026-10-09T04:28:45Z
2020-10-08,EVG,3.48,3.61,3.36,3.41,3083100,KBS,2026-10-09T04:28:45Z
2020-10-09,EVG,3.42,3.57,3.4,3.43,2042060,KBS,2026-10-09T04:28:45Z
2020-10-12,EVG,3.39,3.48,3.33,3.38,2355940,KBS,2026-10-09T04:28:45Z
2020-10-13,EVG,3.33,3.44,3.25,3.39,2635290,KBS,2026-10-09T04:28:45Z
2020-10-14,EVG,3.39,3.42,3.27,3.31,1239130,KBS,2026-10-09T04:28:45Z
2020-10-15,EVG,3.31,3.38,3.25,3.26,1332480,KBS,2026-10-09T04:28:45Z
2020-10-16,EVG,3.26,3.3,3.1,3.18,1711430,KBS,2026-10-09T04:28:45Z
2020-10-19,EVG,3.2,3.27,3.16,3.22,1256370,KBS,2026-10-09T04:28:45Z
2020-10-20,EVG,3.2,3.31,3.17,3.23,2000790,KBS,2026-10-09T04:28:45Z
2020-10-21,EVG,3.25,3.33,3.2,3.27,1610630,KBS,2026-10-09T04:28:45Z
2020-10-22,EVG,3.27,3.31,3.17,3.23,983580,KBS,2026-10-09T04:28:45Z
2020-10-23,EVG,3.26,3.44,3.07,3.3,4658590,KBS,2026-10-09T04:28:45Z
2020-10-26,EVG,3.29,3.3,3.2,3.25,1308670,KBS,2026-10-09T04:28:45Z
2020-10-27,EVG,3.25,3.27,3.16,3.19,873540,KBS,2026-10-09T04:28:45Z
2020-10-28,EVG,3.15,3.16,3.01,3.12,1635690,KBS,2026-10-09T04:28:45Z
2020-10-29,EVG,2.94,3.13,2.94,3.07,1170990,KBS,2026-10-09T04:28:45Z
2020-10-30,EVG,3.09,3.12,2.97,3.04,1036620,KBS,2026-10-09T04:28:45Z
2020-11-02,EVG,2.99,3.25,2.99,3.25,1443800,KBS,2026-10-09T04:28:45Z
2020-11-03,EVG,3.28,3.46,3.26,3.33,1585240,KBS,2026-10-09T04:28:45Z
2020-11-04,EVG,3.33,3.43,3.26,3.4,1649060,KBS,2026-10-09T04:28:45Z
2020-11-05,EVG,3.4,3.59,3.4,3.4,1436520,KBS,2026-10-09T04:28:45Z
2020-11-06,EVG,3.4,3.46,3.4,3.44,787870,KBS,2026-10-09T04:28:45Z
2020-11-09,EVG,3.41,3.52,3.41,3.46,480730,KBS,2026-10-09T04:28:45Z
2020-11-10,EVG,3.46,3.52,3.4,3.46,702390,KBS,2026-10-09T04:28:45Z
2020-11-11,EVG,3.43,3.52,3.4,3.46,609090,KBS,2026-10-09T04:28:45Z
2020-11-12,EVG,3.5,3.5,3.36,3.45,1065020,KBS,2026-10-09T04:28:45Z
2020-11-13,EVG,3.44,3.68,3.43,3.68,2845010,KBS,2026-10-09T04:28:45Z
2020-11-16,EVG,3.86,3.93,3.79,3.88,493710,KBS,2026-10-09T04:28:45Z
2020-11-17,EVG,4.04,4.08,3.89,3.89,342040,KBS,2026-10-09T04:28:45Z
2020-11-18,EVG,3.82,4.05,3.76,3.91,579370,KBS,2026-10-09T04:28:45Z
2020-11-19,EVG,3.82,3.92,3.74,3.74,417140,KBS,2026-10-09T04:28:45Z
2020-11-20,EVG,3.74,3.74,3.48,3.66,462240,KBS,2026-10-09T04:28:45Z
2020-11-23,EVG,3.64,3.86,3.64,3.79,588800,KBS,2026-10-09T04:28:45Z
2020-11-24,EVG,3.83,3.83,3.72,3.82,1015230,KBS,2026-10-09T04:28:45Z
2020-11-25,EVG,3.79,3.85,3.73,3.82,589740,KBS,2026-10-09T04:28:45Z
2020-11-26,EVG,3.82,3.91,3.76,3.91,652320,KBS,2026-10-09T04:28:45Z
2020-11-27,EVG,3.91,3.98,3.88,3.9,571810,KBS,2026-10-09T04:28:45Z
2020-11-30,EVG,3.97,3.97,3.84,3.9,586800,KBS,2026-10-09T04:28:45Z
2020-12-01,EVG,3.86,3.87,3.77,3.79,858100,KBS,2026-10-09T04:28:45Z
2020-12-02,EVG,3.79,3.86,3.72,3.86,726710,KBS,2026-10-09T04:28:45Z
2020-12-03,EVG,3.91,3.91,3.79,3.83,611900,KBS,2026-10-09T04:28:45Z
2020-12-04,EVG,3.84,4.05,3.79,3.84,1206740,KBS,2026-10-09T04:28:45Z
2020-12-07,EVG,3.8,4.05,3.8,3.99,1102600,KBS,2026-10-09T04:28:45Z
2020-12-08,EVG,3.99,3.99,3.9,3.95,870890,KBS,2026-10-09T04:28:45Z
2020-12-09,EVG,3.97,3.97,3.79,3.9,955940,KBS,2026-10-09T04:28:45Z
2020-12-10,EVG,3.95,3.98,3.82,3.82,761610,KBS,2026-10-09T04:28:45Z
2020-12-11,EVG,3.82,3.84,3.74,3.82,743150,KBS,2026-10-09T04:28:45Z
2020-12-14,EVG,3.82,3.9,3.82,3.82,613630,KBS,2026-10-09T04:28:45Z
2020-12-15,EVG,3.82,3.89,3.82,3.83,1041210,KBS,2026-10-09T04:28:45Z
2020-12-16,EVG,3.84,3.92,3.84,3.86,1008190,KBS,2026-10-09T04:28:45Z
2020-12-17,EVG,3.9,4.12,3.86,4.12,1920970,KBS,2026-10-09T04:28:45Z
2020-12-18,EVG,4.18,4.41,4.18,4.41,656310,KBS,2026-10-09T04:28:45Z
2020-12-21,EVG,4.72,4.72,4.64,4.72,1115690,KBS,2026-10-09T04:28:45Z
2020-12-22,EVG,5.03,5.04,4.77,5.04,1387580,KBS,2026-10-09T04:28:45Z
2020-12-23,EVG,5.39,5.4,4.93,5.23,1937970,KBS,2026-10-09T04:28:45Z
2020-12-24,EVG,5.22,5.22,4.86,5.06,757910,KBS,2026-10-09T04:28:45Z
2020-12-25,EVG,4.97,5.39,4.9,5.08,1542070,KBS,2026-10-09T04:28:45Z
2020-12-28,EVG,5.28,5.29,4.91,5.27,864130,KBS,2026-10-09T04:28:45Z
2020-12-29,EVG,5.16,5.25,5.14,5.15,1056150,KBS,2026-10-09T04:28:45Z
2020-12-30,EVG,5.15,5.51,5.12,5.51,1762110,KBS,2026-10-09T04:28:45Z
2020-12-31,EVG,5.89,5.89,5.55,5.89,1293840,KBS,2026-10-09T04:28:45Z
2021-01-04,EVG,6.3,6.3,6.27,6.3,297300,KBS,2026-10-09T04:28:45Z
2021-01-05,EVG,6.47,6.73,6.44,6.73,1055100,KBS,2026-10-09T04:28:45Z
2021-01-06,EVG,7.09,7.09,6.66,6.86,1710800,KBS,2026-10-09T04:28:45Z
2021-01-07,EVG,6.76,6.99,6.46,6.89,1536100,KBS,2026-10-09T04:28:45Z
2021-01-08,EVG,6.93,7.35,6.93,7.35,1036100,KBS,2026-10-09T04:28:45Z
2021-01-11,EVG,7.71,7.84,7.71,7.84,1210000,KBS,2026-10-09T04:28:45Z
2021-01-12,EVG,8.1,8.2,7.45,7.84,953700,KBS,2026-10-09T04:28:45Z
2021-01-13,EVG,7.68,7.84,7.32,7.58,2445100,KBS,2026-10-09T04:28:45Z
2021-01-14,EVG,7.22,8.1,7.12,8.1,2454100,KBS,2026-10-09T04:28:45Z
2021-01-15,EVG,8.1,8.53,8.03,8.17,975500,KBS,2026-10-09T04:28:45Z
2021-01-18,EVG,8.17,8.17,7.68,7.68,457600,KBS,2026-10-09T04:28:45Z
2021-01-19,EVG,7.68,7.68,7.14,7.18,785900,KBS,2026-10-09T04:28:45Z
2021-01-20,EVG,7.18,7.6,6.68,7.11,1296700,KBS,2026-10-09T04:28:45Z
2021-01-21,EVG,7.11,7.46,6.76,7.04,1936300,KBS,2026-10-09T04:28:45Z
2021-01-22,EVG,7.04,7.5,7.01,7.36,1896000,KBS,2026-10-09T04:28:45Z
2021-01-25,EVG,7.11,7.46,6.96,7.11,1381100,KBS,2026-10-09T04:28:45Z
2021-01-26,EVG,7.18,7.18,6.61,7.07,1766000,KBS,2026-10-09T04:28:45Z
2021-01-27,EVG,7.07,7.07,6.58,6.58,1297400,KBS,2026-10-09T04:28:45Z
2021-01-28,EVG,6.13,6.13,6.13,6.13,46500,KBS,2026-10-09T04:28:45Z
2021-01-29,EVG,5.7,5.86,5.7,5.78,922300,KBS,2026-10-09T04:28:45Z
2021-02-01,EVG,5.78,5.78,5.39,5.39,1245500,KBS,2026-10-09T04:28:45Z
2021-02-02,EVG,5.39,5.62,5.3,5.58,405700,KBS,2026-10-09T04:28:45Z
2021-02-03,EVG,5.58,5.89,5.58,5.85,214800,KBS,2026-10-09T04:28:45Z
2021-02-04,EVG,5.69,6.25,5.61,6.25,806100,KBS,2026-10-09T04:28:45Z
2021-02-05,EVG,6.65,6.69,6.18,6.69,400200,KBS,2026-10-09T04:28:45Z
2021-02-08,EVG,6.69,7.09,6.3,6.4,341400,KBS,2026-10-09T04:28:45Z
2021-02-09,EVG,6.4,6.85,6.32,6.85,399000,KBS,2026-10-09T04:28:45Z
2021-02-17,EVG,7.11,7.21,6.86,7.14,646300,KBS,2026-10-09T04:28:45Z
2021-02-18,EVG,6.86,7.18,6.86,7.04,484300,KBS,2026-10-09T04:28:45Z
2021-02-19,EVG,7.04,7.07,6.9,7.03,280800,KBS,2026-10-09T04:28:45Z
2021-02-22,EVG,7.03,7.14,6.54,6.54,354300,KBS,2026-10-09T04:28:45Z
2021-02-23,EVG,6.57,6.96,6.57,6.67,220800,KBS,2026-10-09T04:28:45Z
2021-02-24,EVG,6.75,6.75,6.34,6.4,283900,KBS,2026-10-09T04:28:45Z
2021-02-25,EVG,6.4,6.54,6.35,6.4,328100,KBS,2026-10-09T04:28:45Z
2021-02-26,EVG,6.25,6.32,6.04,6.08,253300,KBS,2026-10-09T04:28:45Z
2021-03-01,EVG,6.06,6.5,6.04,6.5,442800,KBS,2026-10-09T04:28:45Z
2021-03-02,EVG,6.53,6.85,6.53,6.82,332200,KBS,2026-10-09T04:28:45Z
2021-03-03,EVG,6.75,7.03,6.54,6.89,508100,KBS,2026-10-09T04:28:45Z
2021-03-04,EVG,6.89,7.03,6.42,7.03,568500,KBS,2026-10-09T04:28:45Z
2021-03-05,EVG,7.03,7.03,6.69,6.92,422000,KBS,2026-10-09T04:28:45Z
2021-03-08,EVG,7.02,7.02,6.81,6.92,433100,KBS,2026-10-09T04:28:45Z
2021-03-09,EVG,6.89,6.92,6.75,6.85,132900,KBS,2026-10-09T04:28:45Z
2021-03-10,EVG,6.96,7.32,6.96,7.32,1214700,KBS,2026-10-09T04:28:45Z
2021-03-11,EVG,7.6,7.6,7.28,7.46,1193100,KBS,2026-10-09T04:28:45Z
2021-03-12,EVG,7.43,7.46,7.18,7.32,1172200,KBS,2026-10-09T04:28:45Z
2021-03-15,EVG,7.11,7.82,7.11,7.6,1555500,KBS,2026-10-09T04:28:45Z
2021-03-16,EVG,7.53,7.68,7.21,7.68,1056200,KBS,2026-10-09T04:28:45Z
2021-03-17,EVG,7.53,7.75,7.46,7.68,1466100,KBS,2026-10-09T04:28:45Z
2021-03-18,EVG,7.68,7.68,7.32,7.39,1525700,KBS,2026-10-09T04:28:45Z
2021-03-19,EVG,7.32,7.46,7.14,7.46,1310900,KBS,2026-10-09T04:28:45Z
2021-03-22,EVG,7.46,7.46,7.18,7.46,1378800,KBS,2026-10-09T04:28:45Z
2021-03-23,EVG,7.28,7.32,7.04,7.25,1122400,KBS,2026-10-09T04:28:45Z
2021-03-24,EVG,7.04,7.18,6.82,6.98,503600,KBS,2026-10-09T04:28:45Z
2021-03-25,EVG,6.84,7.46,6.75,7.46,1055000,KBS,2026-10-09T04:28:45Z
2021-03-26,EVG,7.57,7.96,7.46,7.96,1838300,KBS,2026-10-09T04:28:45Z
2021-03-29,EVG,8.49,8.49,8.46,8.49,278600,KBS,2026-10-09T04:28:45Z
2021-03-30,EVG,8.88,9.06,8.14,9.06,1648000,KBS,2026-10-09T04:28:45Z
2021-03-31,EVG,9.66,9.66,8.88,9.66,1166500,KBS,2026-10-09T04:28:45Z
2021-04-01,EVG,9.03,9.95,9.03,9.81,1496600,KBS,2026-10-09T04:28:45Z
2021-04-02,EVG,9.81,9.81,9.13,9.49,819500,KBS,2026-10-09T04:28:45Z
2021-04-05,EVG,9.03,10.13,8.88,10.13,1660600,KBS,2026-10-09T04:28:45Z
2021-04-06,EVG,10.45,10.66,9.74,10.66,586100,KBS,2026-10-09T04:28:45Z
2021-04-07,EVG,9.95,10.55,9.91,10.52,1503600,KBS,2026-10-09T04:28:45Z
2021-04-08,EVG,9.84,10.38,9.81,10.3,1394000,KBS,2026-10-09T04:28:45Z
2021-04-09,EVG,9.95,10.09,9.59,9.98,1933700,KBS,2026-10-09T04:28:45Z
2021-04-12,EVG,9.95,10.27,9.35,10.16,1502400,KBS,2026-10-09T04:28:45Z
2021-04-13,EVG,10.23,10.23,9.59,9.95,1811100,KBS,2026-10-09T04:28:45Z
2021-04-14,EVG,9.45,9.88,9.38,9.52,1919400,KBS,2026-10-09T04:28:45Z
2021-04-15,EVG,9.56,9.88,9.13,9.45,1822500,KBS,2026-10-09T04:28:45Z
2021-04-16,EVG,9.38,9.45,8.88,9.1,652400,KBS,2026-10-09T04:28:45Z
2021-04-19,EVG,9.24,9.49,9.13,9.42,748200,KBS,2026-10-09T04:28:45Z
2021-04-20,EVG,9.38,9.63,8.96,9.45,803100,KBS,2026-10-09T04:28:45Z
2021-04-22,EVG,9.52,9.52,9.1,9.13,912300,KBS,2026-10-09T04:28:45Z
2021-04-23,EVG,9.03,9.38,8.92,9.24,728200,KBS,2026-10-09T04:28:45Z
2021-04-26,EVG,9.38,9.63,9.35,9.49,866800,KBS,2026-10-09T04:28:45Z
2021-04-27,EVG,9.49,9.49,8.85,9.24,852100,KBS,2026-10-09T04:28:45Z
2021-04-28,EVG,8.78,9.1,8.6,8.88,946400,KBS,2026-10-09T04:28:45Z
2021-04-29,EVG,8.32,8.88,8.28,8.39,1006700,KBS,2026-10-09T04:28:45Z
2021-05-04,EVG,8.0,8.39,7.82,8.32,829800,KBS,2026-10-09T04:28:45Z
2021-05-05,EVG,8.03,8.6,7.89,8.46,892600,KBS,2026-10-09T04:28:45Z
2021-05-06,EVG,8.46,8.49,8.07,8.21,784600,KBS,2026-10-09T04:28:45Z
2021-05-07,EVG,8.21,8.21,7.68,7.92,1000200,KBS,2026-10-09T04:28:45Z
2021-05-10,EVG,7.64,7.96,7.57,7.96,791900,KBS,2026-10-09T04:28:45Z
2021-05-11,EVG,7.96,7.96,7.43,7.89,799900,KBS,2026-10-09T04:28:45Z
2021-05-12,EVG,7.89,7.89,7.53,7.82,851800,KBS,2026-10-09T04:28:45Z
2021-05-13,EVG,7.82,8.17,7.43,7.46,805000,KBS,2026-10-09T04:28:45Z
2021-05-14,EVG,7.46,7.75,7.46,7.6,1149100,KBS,2026-10-09T04:28:45Z
2021-05-17,EVG,7.6,7.6,7.39,7.39,1001400,KBS,2026-10-09T04:28:45Z
2021-05-18,EVG,7.36,7.39,7.09,7.39,1099400,KBS,2026-10-09T04:28:45Z
2021-05-19,EVG,7.39,7.89,7.18,7.89,956600,KBS,2026-10-09T04:28:45Z
2021-05-20,EVG,8.07,8.32,7.82,8.32,944000,KBS,2026-10-09T04:28:45Z
2021-05-21,EVG,8.24,8.46,7.96,8.1,482600,KBS,2026-10-09T04:28:45Z
2021-05-24,EVG,7.89,8.03,7.82,8.03,374700,KBS,2026-10-09T04:28:45Z
2021-05-25,EVG,7.82,7.89,7.6,7.68,234800,KBS,2026-10-09T04:28:45Z
2021-05-26,EVG,7.68,7.89,7.53,7.68,211900,KBS,2026-10-09T04:28:45Z
2021-05-27,EVG,7.71,7.92,7.5,7.75,356100,KBS,2026-10-09T04:28:45Z
2021-05-28,EVG,7.75,7.82,7.53,7.82,302700,KBS,2026-10-09T04:28:45Z
2021-05-31,EVG,7.75,7.75,7.5,7.71,351100,KBS,2026-10-09T04:28:45Z
2021-06-01,EVG,7.64,7.75,7.46,7.64,404600,KBS,2026-10-09T04:28:45Z
2021-06-02,EVG,7.68,7.68,7.53,7.68,311900,KBS,2026-10-09T04:28:45Z
2021-06-03,EVG,7.68,8.0,7.68,8.0,275200,KBS,2026-10-09T04:28:45Z
2021-06-04,EVG,8.0,8.39,7.96,8.39,477500,KBS,2026-10-09T04:28:45Z
2021-06-07,EVG,8.42,8.74,8.39,8.56,697900,KBS,2026-10-09T04:28:45Z
2021-06-08,EVG,8.56,8.56,8.07,8.14,375100,KBS,2026-10-09T04:28:45Z
2021-06-09,EVG,7.68,8.32,7.68,8.24,695900,KBS,2026-10-09T04:28:45Z
2021-06-10,EVG,8.17,8.17,7.75,7.96,248800,KBS,2026-10-09T04:28:45Z
2021-06-11,EVG,7.71,8.03,7.71,7.96,610300,KBS,2026-10-09T04:28:45Z
2021-06-14,EVG,7.96,7.96,7.78,7.89,267100,KBS,2026-10-09T04:28:45Z
2021-06-15,EVG,7.89,8.42,7.89,8.42,1248200,KBS,2026-10-09T04:28:45Z
2021-06-16,EVG,8.46,8.96,8.46,8.85,1053100,KBS,2026-10-09T04:28:45Z
2021-06-17,EVG,8.67,9.1,8.46,8.88,655700,KBS,2026-10-09T04:28:45Z
2021-06-18,EVG,8.49,8.81,8.49,8.6,1244700,KBS,2026-10-09T04:28:45Z
2021-06-21,EVG,8.46,8.6,8.39,8.53,505100,KBS,2026-10-09T04:28:45Z
2021-06-22,EVG,8.6,9.1,8.6,9.1,2128200,KBS,2026-10-09T04:28:45Z
2021-06-23,EVG,9.56,9.7,8.78,9.1,2973300,KBS,2026-10-09T04:28:45Z
2021-06-24,EVG,9.1,9.1,8.49,8.81,2163400,KBS,2026-10-09T04:28:45Z
2021-06-25,EVG,8.6,9.1,8.46,8.81,866800,KBS,2026-10-09T04:28:45Z
2021-06-28,EVG,8.64,8.64,8.35,8.35,710500,KBS,2026-10-09T04:28:45Z
2021-06-29,EVG,8.21,8.24,8.0,8.17,346000,KBS,2026-10-09T04:28:45Z
2021-06-30,EVG,8.17,8.53,8.0,8.17,811200,KBS,2026-10-09T04:28:45Z
2021-07-01,EVG,8.32,8.39,8.03,8.24,416000,KBS,2026-10-09T04:28:45Z
2021-07-02,EVG,8.39,8.42,7.92,8.17,588900,KBS,2026-10-09T04:28:45Z
2021-07-05,EVG,8.17,8.17,7.78,8.14,364100,KBS,2026-10-09T04:28:45Z
2021-07-06,EVG,8.1,8.1,7.64,7.82,250700,KBS,2026-10-09T04:28:45Z
2021-07-07,EVG,7.32,7.96,7.32,7.75,327000,KBS,2026-10-09T04:28:45Z
2021-07-08,EVG,7.75,7.92,7.53,7.68,250900,KBS,2026-10-09T04:28:45Z
2021-07-09,EVG,7.53,7.92,7.32,7.68,800400,KBS,2026-10-09T04:28:45Z
2021-07-12,EVG,7.39,7.6,7.14,7.57,852200,KBS,2026-10-09T04:28:45Z
2021-07-13,EVG,7.57,7.64,7.09,7.57,537500,KBS,2026-10-09T04:28:45Z
2021-07-14,EVG,7.5,7.68,7.1,7.43,629900,KBS,2026-10-09T04:28:45Z
2021-07-15,EVG,7.43,7.68,7.11,7.43,1439600,KBS,2026-10-09T04:28:45Z
2021-07-16,EVG,7.43,7.5,7.21,7.46,1202800,KBS,2026-10-09T04:28:45Z
2021-07-19,EVG,7.25,7.43,6.94,6.94,833300,KBS,2026-10-09T04:28:45Z
2021-07-20,EVG,6.8,7.08,6.47,7.02,549700,KBS,2026-10-09T04:28:45Z
2021-07-21,EVG,7.18,7.18,6.61,6.61,387100,KBS,2026-10-09T04:28:45Z
2021-07-22,EVG,6.68,7.06,6.27,6.61,1271800,KBS,2026-10-09T04:28:45Z
2021-07-23,EVG,6.61,6.61,6.34,6.5,1094700,KBS,2026-10-09T04:28:45Z
2021-07-26,EVG,6.61,6.61,6.36,6.52,815500,KBS,2026-10-09T04:28:45Z
2021-07-27,EVG,6.52,6.74,6.36,6.61,1436300,KBS,2026-10-09T04:28:45Z
2021-07-28,EVG,6.75,6.75,6.4,6.74,1201200,KBS,2026-10-09T04:28:45Z
2021-07-29,EVG,6.61,6.67,6.48,6.67,729000,KBS,2026-10-09T04:28:45Z
2021-07-30,EVG,6.74,6.74,6.57,6.57,785800,KBS,2026-10-09T04:28:45Z
2021-08-02,EVG,6.57,6.57,6.45,6.54,1093000,KBS,2026-10-09T04:28:45Z
2021-08-03,EVG,6.57,6.61,6.47,6.54,684800,KBS,2026-10-09T04:28:45Z
2021-08-04,EVG,6.54,6.6,6.47,6.57,457300,KBS,2026-10-09T04:28:45Z
2021-08-05,EVG,6.64,7.03,6.54,7.03,891100,KBS,2026-10-09T04:28:45Z
2021-08-06,EVG,7.04,7.5,6.96,7.36,1329200,KBS,2026-10-09T04:28:45Z
2021-08-09,EVG,7.36,7.68,7.18,7.43,947600,KBS,2026-10-09T04:28:45Z
2021-08-10,EVG,7.43,7.53,7.11,7.25,781800,KBS,2026-10-09T04:28:45Z
2021-08-11,EVG,7.11,7.25,7.11,7.25,971300,KBS,2026-10-09T04:28:45Z
2021-08-12,EVG,7.25,7.32,7.11,7.25,1251600,KBS,2026-10-09T04:28:45Z
2021-08-13,EVG,7.21,7.25,7.11,7.18,908800,KBS,2026-10-09T04:28:45Z
2021-08-16,EVG,7.21,7.5,7.14,7.46,1061000,KBS,2026-10-09T04:28:45Z
2021-08-17,EVG,7.46,7.68,7.32,7.43,664700,KBS,2026-10-09T04:28:45Z
2021-08-18,EVG,7.39,7.46,7.28,7.39,888500,KBS,2026-10-09T04:28:45Z
2021-08-19,EVG,7.39,7.39,7.14,7.18,709100,KBS,2026-10-09T04:28:45Z
2021-08-20,EVG,7.39,7.39,6.89,6.89,1006100,KBS,2026-10-09T04:28:45Z
2021-08-23,EVG,6.75,7.04,6.68,6.68,1063800,KBS,2026-10-09T04:28:45Z
2021-08-24,EVG,6.54,6.88,6.54,6.56,1127400,KBS,2026-10-09T04:28:45Z
2021-08-25,EVG,6.53,6.68,6.53,6.67,374800,KBS,2026-10-09T04:28:45Z
2021-08-26,EVG,6.67,6.8,6.55,6.55,124000,KBS,2026-10-09T04:28:45Z
2021-08-27,EVG,6.58,6.68,6.54,6.68,512900,KBS,2026-10-09T04:28:45Z
2021-08-30,EVG,6.82,7.04,6.75,7.04,156300,KBS,2026-10-09T04:28:45Z
2021-08-31,EVG,7.04,7.46,6.89,7.25,803800,KBS,2026-10-09T04:28:45Z
2021-09-01,EVG,7.21,7.32,7.11,7.28,323300,KBS,2026-10-09T04:28:45Z
2021-09-06,EVG,7.43,7.5,7.36,7.43,368400,KBS,2026-10-09T04:28:45Z
2021-09-07,EVG,7.53,7.53,7.21,7.25,643800,KBS,2026-10-09T04:28:45Z
2021-09-08,EVG,7.25,7.39,7.18,7.39,252500,KBS,2026-10-09T04:28:45Z
2021-09-09,EVG,7.43,7.43,7.25,7.32,174300,KBS,2026-10-09T04:28:45Z
2021-09-10,EVG,7.32,7.82,7.32,7.82,922800,KBS,2026-10-09T04:28:45Z
2021-09-13,EVG,8.14,8.24,7.82,8.17,624300,KBS,2026-10-09T04:28:45Z
2021-09-14,EVG,8.24,8.39,7.96,7.96,473200,KBS,2026-10-09T04:28:45Z
2021-09-15,EVG,7.75,8.14,7.57,8.03,587600,KBS,2026-10-09T04:28:45Z
2021-09-16,EVG,8.17,8.17,7.75,7.96,245200,KBS,2026-10-09T04:28:45Z
2021-09-17,EVG,7.85,8.24,7.78,8.17,273200,KBS,2026-10-09T04:28:45Z
2021-09-20,EVG,8.32,8.74,8.28,8.74,783200,KBS,2026-10-09T04:28:45Z
2021-09-21,EVG,8.74,8.74,8.32,8.6,205100,KBS,2026-10-09T04:28:45Z
2021-09-22,EVG,8.6,8.88,8.32,8.81,400000,KBS,2026-10-09T04:28:45Z
2021-09-23,EVG,8.81,8.92,8.39,8.39,434700,KBS,2026-10-09T04:28:45Z
2021-09-24,EVG,8.39,8.39,7.92,8.14,266500,KBS,2026-10-09T04:28:45Z
2021-09-27,EVG,7.89,8.28,7.75,8.1,264600,KBS,2026-10-09T04:28:45Z
2021-09-28,EVG,8.07,8.17,7.78,8.1,667200,KBS,2026-10-09T04:28:45Z
2021-09-29,EVG,7.89,8.1,7.89,8.1,775300,KBS,2026-10-09T04:28:45Z
2021-09-30,EVG,8.1,8.64,8.1,8.64,1160900,KBS,2026-10-09T04:28:45Z
2021-10-01,EVG,8.71,9.24,8.67,9.2,1329900,KBS,2026-10-09T04:28:45Z
2021-10-04,EVG,9.84,9.84,9.13,9.35,602300,KBS,2026-10-09T04:28:45Z
2021-10-05,EVG,8.81,9.24,8.78,8.85,850900,KBS,2026-10-09T04:28:45Z
2021-10-06,EVG,8.78,9.17,8.39,8.96,591600,KBS,2026-10-09T04:28:45Z
2021-10-07,EVG,8.96,8.96,8.67,8.78,812400,KBS,2026-10-09T04:28:45Z
2021-10-08,EVG,8.78,8.96,8.78,8.78,466300,KBS,2026-10-09T04:28:45Z
2021-10-11,EVG,8.71,8.85,8.46,8.53,831800,KBS,2026-10-09T04:28:45Z
2021-10-12,EVG,8.53,8.74,8.39,8.39,594000,KBS,2026-10-09T04:28:45Z
2021-10-13,EVG,8.32,8.46,8.28,8.39,564500,KBS,2026-10-09T04:28:45Z
2021-10-14,EVG,8.53,8.78,8.46,8.78,994800,KBS,2026-10-09T04:28:45Z
2021-10-15,EVG,8.64,8.78,8.49,8.53,547200,KBS,2026-10-09T04:28:45Z
2021-10-18,EVG,8.53,8.74,8.42,8.6,446200,KBS,2026-10-09T04:28:45Z
2021-10-19,EVG,8.53,8.71,8.42,8.6,651100,KBS,2026-10-09T04:28:45Z
2021-10-20,EVG,8.67,9.17,8.67,9.17,1025300,KBS,2026-10-09T04:28:45Z
2021-10-21,EVG,9.52,9.63,9.2,9.38,906100,KBS,2026-10-09T04:28:45Z
2021-10-22,EVG,9.35,9.35,9.03,9.2,1320200,KBS,2026-10-09T04:28:45Z
2021-10-25,EVG,9.31,9.31,9.03,9.1,696500,KBS,2026-10-09T04:28:45Z
2021-10-26,EVG,9.2,9.2,8.96,9.17,369400,KBS,2026-10-09T04:28:45Z
2021-10-27,EVG,9.06,9.52,9.06,9.45,868800,KBS,2026-10-09T04:28:45Z
2021-10-28,EVG,9.49,9.74,9.24,9.35,572100,KBS,2026-10-09T04:28:45Z
2021-10-29,EVG,9.35,9.98,9.31,9.98,1264300,KBS,2026-10-09T04:28:45Z
2021-11-01,EVG,10.06,10.45,9.74,9.74,800300,KBS,2026-10-09T04:28:45Z
2021-11-02,EVG,9.66,10.41,9.66,10.41,1469700,KBS,2026-10-09T04:28:45Z
2021-11-03,EVG,10.87,10.87,9.7,9.74,1099400,KBS,2026-10-09T04:28:45Z
2021-11-04,EVG,9.74,10.02,9.52,9.81,660000,KBS,2026-10-09T04:28:45Z
2021-11-05,EVG,9.95,9.95,9.13,9.45,881700,KBS,2026-10-09T04:28:45Z
2021-11-08,EVG,9.45,9.81,9.13,9.77,783700,KBS,2026-10-09T04:28:45Z
2021-11-09,EVG,9.31,9.77,9.31,9.7,632700,KBS,2026-10-09T04:28:45Z
2021-11-10,EVG,9.7,9.88,9.45,9.59,598200,KBS,2026-10-09T04:28:45Z
2021-11-11,EVG,9.59,10.23,9.59,10.23,712800,KBS,2026-10-09T04:28:45Z
2021-11-12,EVG,10.59,10.73,10.02,10.23,279700,KBS,2026-10-09T04:28:45Z
2021-11-15,EVG,10.73,10.94,10.3,10.94,1188900,KBS,2026-10-09T04:28:45Z
2021-11-16,EVG,11.69,11.69,11.12,11.69,1685100,KBS,2026-10-09T04:28:45Z
2021-11-17,EVG,12.08,12.51,11.37,12.51,1286900,KBS,2026-10-09T04:28:45Z
2021-11-18,EVG,13.22,13.36,12.79,13.36,582700,KBS,2026-10-09T04:28:45Z
2021-11-19,EVG,14.28,14.28,12.44,14.28,2193500,KBS,2026-10-09T04:28:45Z
2021-11-22,EVG,13.36,14.18,13.29,13.29,555100,KBS,2026-10-09T04:28:45Z
2021-11-23,EVG,12.37,12.37,12.37,12.37,45900,KBS,2026-10-09T04:28:45Z
2021-11-24,EVG,11.51,13.18,11.51,12.65,3579800,KBS,2026-10-09T04:28:45Z
2021-11-25,EVG,12.51,13.08,11.87,12.79,1025800,KBS,2026-10-09T04:28:45Z
2021-11-26,EVG,12.86,13.18,11.94,12.08,568900,KBS,2026-10-09T04:28:45Z
2021-11-29,EVG,11.34,12.15,11.34,12.08,593800,KBS,2026-10-09T04:28:45Z
2021-11-30,EVG,12.51,12.51,11.73,12.08,870800,KBS,2026-10-09T04:28:45Z
2021-12-01,EVG,12.08,12.9,12.01,12.9,1187000,KBS,2026-10-09T04:28:45Z
2021-12-02,EVG,13.79,13.79,12.44,12.86,787500,KBS,2026-10-09T04:28:45Z
2021-12-03,EVG,12.86,12.94,11.98,12.15,1245400,KBS,2026-10-09T04:28:45Z
2021-12-06,EVG,12.22,12.51,11.34,11.73,754100,KBS,2026-10-09T04:28:45Z
2021-12-07,EVG,11.73,12.22,11.09,11.83,756000,KBS,2026-10-09T04:28:45Z
2021-12-08,EVG,12.01,12.01,11.51,11.94,1139900,KBS,2026-10-09T04:28:45Z
2021-12-09,EVG,11.87,12.37,11.66,12.37,746400,KBS,2026-10-09T04:28:45Z
2021-12-10,EVG,11.73,12.37,11.73,12.15,731500,KBS,2026-10-09T04:28:45Z
2021-12-13,EVG,12.01,12.79,12.01,12.76,1633600,KBS,2026-10-09T04:28:45Z
2021-12-14,EVG,12.79,12.79,12.15,12.51,1319100,KBS,2026-10-09T04:28:45Z
2021-12-15,EVG,12.22,12.97,11.94,12.69,1434800,KBS,2026-10-09T04:28:45Z
2021-12-16,EVG,12.69,13.36,12.15,13.08,1243800,KBS,2026-10-09T04:28:45Z
2021-12-17,EVG,13.08,13.29,12.79,13.08,868700,KBS,2026-10-09T04:28:45Z
2021-12-20,EVG,13.08,13.57,12.62,13.08,368600,KBS,2026-10-09T04:28:45Z
2021-12-21,EVG,13.01,13.96,12.3,13.96,2881100,KBS,2026-10-09T04:28:45Z
2021-12-22,EVG,14.25,14.92,14.25,14.71,1361100,KBS,2026-10-09T04:28:45Z
2021-12-23,EVG,14.25,15.0,13.72,14.92,665100,KBS,2026-10-09T04:28:45Z
2021-12-24,EVG,14.21,15.85,13.89,15.14,1043600,KBS,2026-10-09T04:28:45Z
2021-12-27,EVG,14.21,15.21,14.21,14.25,481800,KBS,2026-10-09T04:28:45Z
2021-12-28,EVG,14.75,15.17,13.86,14.36,521600,KBS,2026-10-09T04:28:45Z
2021-12-29,EVG,14.43,15.35,14.0,15.35,2381800,KBS,2026-10-09T04:28:45Z
2021-12-30,EVG,15.64,15.71,15.0,15.49,906800,KBS,2026-10-09T04:28:45Z
2021-12-31,EVG,14.92,15.64,14.92,15.64,634500,KBS,2026-10-09T04:28:45Z
2022-01-04,EVG,15.28,16.7,15.14,16.56,2498200,KBS,2026-10-09T04:28:45Z
2022-01-05,EVG,16.56,17.7,15.49,17.06,1767400,KBS,2026-10-09T04:28:45Z
2022-01-06,EVG,17.2,17.84,16.95,17.62,960300,KBS,2026-10-09T04:28:45Z
2022-01-07,EVG,17.7,17.7,17.13,17.27,726400,KBS,2026-10-09T04:28:45Z
2022-01-10,EVG,17.06,17.84,16.35,17.62,989000,KBS,2026-10-09T04:28:45Z
2022-01-11,EVG,17.62,17.62,16.63,16.63,374000,KBS,2026-10-09T04:28:45Z
2022-01-12,EVG,16.35,16.42,15.49,15.49,1667400,KBS,2026-10-09T04:28:45Z
2022-01-13,EVG,15.49,15.78,14.43,14.43,2117800,KBS,2026-10-09T04:28:45Z
2022-01-14,EVG,13.43,14.21,13.43,13.43,747600,KBS,2026-10-09T04:28:45Z
2022-01-17,EVG,14.34,14.34,12.53,12.91,407300,KBS,2026-10-09T04:28:45Z
2022-01-18,EVG,12.1,12.48,12.05,12.05,213000,KBS,2026-10-09T04:28:45Z
2022-01-19,EVG,11.29,12.58,11.24,12.58,932600,KBS,2026-10-09T04:28:45Z
2022-01-20,EVG,12.58,13.43,12.0,13.43,805500,KBS,2026-10-09T04:28:45Z
2022-01-21,EVG,13.48,14.29,13.43,13.43,588400,KBS,2026-10-09T04:28:45Z
2022-01-24,EVG,13.72,13.81,12.53,13.72,324800,KBS,2026-10-09T04:28:45Z
2022-01-25,EVG,13.72,13.72,12.76,13.53,629400,KBS,2026-10-09T04:28:45Z
2022-01-26,EVG,13.53,13.53,12.62,13.15,253900,KBS,2026-10-09T04:28:45Z
2022-01-27,EVG,12.67,13.29,12.29,12.38,454300,KBS,2026-10-09T04:28:45Z
2022-01-28,EVG,11.91,12.67,11.91,12.53,487800,KBS,2026-10-09T04:28:45Z
2022-02-07,EVG,12.58,12.86,12.38,12.72,488200,KBS,2026-10-09T04:28:45Z
2022-02-08,EVG,12.67,13.15,12.67,12.91,1200500,KBS,2026-10-09T04:28:45Z
2022-02-09,EVG,12.91,13.58,12.48,13.53,731900,KBS,2026-10-09T04:28:45Z
2022-02-10,EVG,13.29,13.81,13.05,13.53,770700,KBS,2026-10-09T04:28:45Z
2022-02-11,EVG,13.53,13.81,13.0,13.34,520100,KBS,2026-10-09T04:28:45Z
2022-02-14,EVG,13.15,13.72,13.05,13.53,1591400,KBS,2026-10-09T04:28:45Z
2022-02-15,EVG,13.53,14.29,13.15,13.77,1536100,KBS,2026-10-09T04:28:45Z
2022-02-16,EVG,13.77,14.05,13.34,13.77,1266900,KBS,2026-10-09T04:28:45Z
2022-02-17,EVG,13.77,13.86,13.34,13.77,1381700,KBS,2026-10-09T04:28:45Z
2022-02-18,EVG,13.29,14.29,13.29,13.77,1050000,KBS,2026-10-09T04:28:45Z
2022-02-21,EVG,13.77,14.19,13.34,13.91,1355300,KBS,2026-10-09T04:28:45Z
2022-02-22,EVG,13.91,13.91,13.34,13.91,1064400,KBS,2026-10-09T04:28:45Z
2022-02-23,EVG,13.91,14.86,13.91,14.86,3810800,KBS,2026-10-09T04:28:45Z
2022-02-24,EVG,15.53,15.86,13.91,14.67,4130100,KBS,2026-10-09T04:28:45Z
2022-02-25,EVG,14.67,15.19,14.62,14.77,1653800,KBS,2026-10-09T04:28:45Z
2022-02-28,EVG,14.67,14.67,13.81,13.86,1150100,KBS,2026-10-09T04:28:45Z
2022-03-01,EVG,13.86,14.34,13.43,14.19,989500,KBS,2026-10-09T04:28:45Z
2022-03-02,EVG,14.19,14.19,13.62,13.72,702300,KBS,2026-10-09T04:28:45Z
2022-03-03,EVG,13.72,13.96,13.62,13.72,548400,KBS,2026-10-09T04:28:45Z
2022-03-04,EVG,13.81,14.0,13.72,14.0,543500,KBS,2026-10-09T04:28:45Z
2022-03-07,EVG,14.1,14.58,14.0,14.19,708400,KBS,2026-10-09T04:28:45Z
2022-03-08,EVG,14.0,14.19,13.72,13.72,745500,KBS,2026-10-09T04:28:45Z
2022-03-09,EVG,13.96,13.96,13.24,13.62,686000,KBS,2026-10-09T04:28:45Z
2022-03-10,EVG,13.58,13.91,13.43,13.53,941400,KBS,2026-10-09T04:28:45Z
2022-03-11,EVG,13.34,13.67,13.34,13.34,472700,KBS,2026-10-09T04:28:45Z
2022-03-14,EVG,13.34,13.43,12.43,13.05,769200,KBS,2026-10-09T04:28:45Z
2022-03-15,EVG,13.19,13.34,12.86,13.15,265500,KBS,2026-10-09T04:28:45Z
2022-03-16,EVG,13.15,13.43,13.15,13.34,215100,KBS,2026-10-09T04:28:45Z
2022-03-17,EVG,13.34,13.43,13.24,13.34,379000,KBS,2026-10-09T04:28:45Z
2022-03-18,EVG,13.53,14.15,13.38,14.0,1002000,KBS,2026-10-09T04:28:45Z
2022-03-21,EVG,14.0,14.0,13.62,13.86,612500,KBS,2026-10-09T04:28:45Z
2022-03-22,EVG,13.86,14.19,13.53,13.91,1443400,KBS,2026-10-09T04:28:45Z
2022-03-23,EVG,13.91,13.91,13.29,13.43,1830400,KBS,2026-10-09T04:28:45Z
2022-03-24,EVG,13.43,13.53,13.34,13.53,452800,KBS,2026-10-09T04:28:45Z
2022-03-25,EVG,13.43,13.62,13.34,13.38,559100,KBS,2026-10-09T04:28:45Z
2022-03-28,EVG,13.1,13.29,12.76,12.86,743500,KBS,2026-10-09T04:28:45Z
2022-03-29,EVG,12.76,13.29,12.62,13.24,981100,KBS,2026-10-09T04:28:45Z
2022-03-30,EVG,12.86,13.24,12.38,12.38,1014200,KBS,2026-10-09T04:28:45Z
2022-03-31,EVG,12.38,12.81,12.0,12.05,452700,KBS,2026-10-09T04:28:45Z
2022-04-01,EVG,12.0,12.48,11.43,12.34,695100,KBS,2026-10-09T04:28:45Z
2022-04-04,EVG,12.38,12.48,12.19,12.24,507300,KBS,2026-10-09T04:28:45Z
2022-04-05,EVG,12.05,12.24,11.96,12.1,495700,KBS,2026-10-09T04:28:45Z
2022-04-06,EVG,12.1,12.1,11.81,11.86,446600,KBS,2026-10-09T04:28:45Z
2022-04-07,EVG,11.67,11.91,11.57,11.57,409400,KBS,2026-10-09T04:28:45Z
2022-04-08,EVG,11.86,11.86,11.19,11.19,418500,KBS,2026-10-09T04:28:45Z
2022-04-12,EVG,11.19,11.43,10.48,10.86,597300,KBS,2026-10-09T04:28:45Z
2022-04-13,EVG,10.57,10.96,10.57,10.91,605400,KBS,2026-10-09T04:28:45Z
2022-04-14,EVG,11.24,11.24,10.86,11.05,228100,KBS,2026-10-09T04:28:45Z
2022-04-15,EVG,11.05,11.05,10.76,10.76,257700,KBS,2026-10-09T04:28:45Z
2022-04-18,EVG,10.76,10.81,10.05,10.05,364000,KBS,2026-10-09T04:28:45Z
2022-04-19,EVG,9.62,10.05,9.36,9.36,536200,KBS,2026-10-09T04:28:45Z
2022-04-20,EVG,8.71,9.36,8.71,9.36,681200,KBS,2026-10-09T04:28:45Z
2022-04-21,EVG,8.72,9.53,8.71,9.36,570300,KBS,2026-10-09T04:28:45Z
2022-04-22,EVG,9.57,9.67,8.71,9.48,267600,KBS,2026-10-09T04:28:45Z
2022-04-25,EVG,9.5,9.72,8.82,8.82,185900,KBS,2026-10-09T04:28:45Z
2022-04-26,EVG,8.29,9.43,8.29,9.43,261800,KBS,2026-10-09T04:28:45Z
2022-04-27,EVG,9.62,10.05,9.43,10.0,227900,KBS,2026-10-09T04:28:45Z
2022-04-28,EVG,10.0,10.57,9.86,10.0,122200,KBS,2026-10-09T04:28:45Z
2022-04-29,EVG,10.05,10.19,10.0,10.05,119100,KBS,2026-10-09T04:28:45Z
2022-05-04,EVG,10.05,10.05,9.48,9.5,201700,KBS,2026-10-09T04:28:45Z
2022-05-05,EVG,9.5,9.62,9.15,9.34,115700,KBS,2026-10-09T04:28:45Z
2022-05-06,EVG,9.14,9.38,9.05,9.1,88800,KBS,2026-10-09T04:28:45Z
2022-05-09,EVG,8.74,9.05,8.47,8.47,165300,KBS,2026-10-09T04:28:45Z
2022-05-10,EVG,7.88,8.47,7.88,8.46,143700,KBS,2026-10-09T04:28:45Z
2022-05-11,EVG,8.67,8.69,8.46,8.57,99400,KBS,2026-10-09T04:28:45Z
2022-05-12,EVG,8.57,8.57,7.97,8.05,272100,KBS,2026-10-09T04:28:45Z
2022-05-13,EVG,8.05,8.05,7.49,7.49,182400,KBS,2026-10-09T04:28:45Z
2022-05-16,EVG,7.05,8.0,7.05,7.14,156800,KBS,2026-10-09T04:28:45Z
2022-05-17,EVG,6.91,7.64,6.91,7.64,187700,KBS,2026-10-09T04:28:45Z
2022-05-18,EVG,7.81,7.86,7.72,7.72,174700,KBS,2026-10-09T04:28:45Z
2022-05-19,EVG,7.61,7.72,7.53,7.57,80300,KBS,2026-10-09T04:28:45Z
2022-05-20,EVG,7.57,7.67,7.44,7.44,77300,KBS,2026-10-09T04:28:45Z
2022-05-23,EVG,7.46,7.66,7.34,7.34,68500,KBS,2026-10-09T04:28:45Z
2022-05-24,EVG,7.57,7.57,7.14,7.41,81300,KBS,2026-10-09T04:28:45Z
2022-05-25,EVG,7.55,7.55,7.26,7.55,136400,KBS,2026-10-09T04:28:45Z
2022-05-26,EVG,7.63,7.81,7.56,7.74,131200,KBS,2026-10-09T04:28:45Z
2022-05-27,EVG,7.81,7.81,7.57,7.74,81300,KBS,2026-10-09T04:28:45Z
2022-05-30,EVG,7.74,7.81,7.62,7.74,172900,KBS,2026-10-09T04:28:45Z
2022-05-31,EVG,7.74,7.74,7.53,7.62,182600,KBS,2026-10-09T04:28:45Z
2022-06-01,EVG,7.62,7.71,7.47,7.52,103100,KBS,2026-10-09T04:28:45Z
2022-06-02,EVG,7.35,7.52,7.29,7.4,185600,KBS,2026-10-09T04:28:45Z
2022-06-03,EVG,7.38,7.39,7.05,7.24,102800,KBS,2026-10-09T04:28:45Z
2022-06-06,EVG,7.41,7.41,7.2,7.22,101100,KBS,2026-10-09T04:28:45Z
2022-06-07,EVG,7.17,7.22,6.76,6.76,232500,KBS,2026-10-09T04:28:45Z
2022-06-08,EVG,6.7,6.96,6.7,6.91,147100,KBS,2026-10-09T04:28:45Z
2022-06-09,EVG,7.05,7.05,6.91,7.02,86500,KBS,2026-10-09T04:28:45Z
2022-06-10,EVG,6.98,6.98,6.86,6.86,83100,KBS,2026-10-09T04:28:45Z
2022-06-13,EVG,6.57,6.76,6.38,6.38,359400,KBS,2026-10-09T04:28:45Z
2022-06-14,EVG,5.95,6.37,5.95,6.19,115100,KBS,2026-10-09T04:28:45Z
2022-06-15,EVG,6.25,6.29,5.76,5.77,149200,KBS,2026-10-09T04:28:45Z
2022-06-16,EVG,6.14,6.14,5.72,5.72,79000,KBS,2026-10-09T04:28:45Z
2022-06-17,EVG,5.32,5.72,5.32,5.32,172600,KBS,2026-10-09T04:28:45Z
2022-06-20,EVG,5.24,5.24,4.94,4.94,207200,KBS,2026-10-09T04:28:45Z
2022-06-21,EVG,4.61,4.95,4.61,4.95,238000,KBS,2026-10-09T04:28:45Z
2022-06-22,EVG,5.3,5.3,5.3,5.3,59900,KBS,2026-10-09T04:28:45Z
2022-06-23,EVG,5.52,5.56,5.31,5.54,164800,KBS,2026-10-09T04:28:45Z
2022-06-24,EVG,5.62,5.92,5.62,5.92,306800,KBS,2026-10-09T04:28:45Z
2022-06-27,EVG,5.95,6.34,5.95,6.34,226500,KBS,2026-10-09T04:28:45Z
2022-06-28,EVG,6.39,6.77,6.38,6.57,338700,KBS,2026-10-09T04:28:45Z
2022-06-29,EVG,6.38,6.5,6.24,6.32,123100,KBS,2026-10-09T04:28:45Z
2022-06-30,EVG,6.32,6.66,6.05,6.05,184600,KBS,2026-10-09T04:28:45Z
2022-07-01,EVG,5.77,6.22,5.77,6.22,147300,KBS,2026-10-09T04:28:45Z
2022-07-04,EVG,6.22,6.42,6.22,6.34,121000,KBS,2026-10-09T04:28:45Z
2022-07-05,EVG,6.41,6.41,6.25,6.35,54700,KBS,2026-10-09T04:28:45Z
2022-07-06,EVG,6.29,6.35,6.22,6.35,81000,KBS,2026-10-09T04:28:45Z
2022-07-07,EVG,6.29,6.41,6.19,6.4,155500,KBS,2026-10-09T04:28:45Z
2022-07-08,EVG,6.44,6.54,6.36,6.43,108900,KBS,2026-10-09T04:28:45Z
2022-07-11,EVG,6.54,6.7,6.48,6.65,166100,KBS,2026-10-09T04:28:45Z
2022-07-12,EVG,6.57,6.71,6.57,6.65,127700,KBS,2026-10-09T04:28:45Z
2022-07-13,EVG,7.11,7.11,6.67,6.72,64600,KBS,2026-10-09T04:28:45Z
2022-07-14,EVG,6.62,6.74,6.49,6.52,161800,KBS,2026-10-09T04:28:45Z
2022-07-15,EVG,6.53,6.63,6.48,6.53,104400,KBS,2026-10-09T04:28:45Z
2022-07-18,EVG,6.53,6.67,6.38,6.57,88100,KBS,2026-10-09T04:28:45Z
2022-07-19,EVG,6.4,6.57,6.38,6.52,80200,KBS,2026-10-09T04:28:45Z
2022-07-20,EVG,6.53,6.74,6.53,6.54,100600,KBS,2026-10-09T04:28:45Z
2022-07-21,EVG,6.64,6.64,6.41,6.43,100700,KBS,2026-10-09T04:28:45Z
2022-07-22,EVG,6.43,6.43,6.19,6.27,286200,KBS,2026-10-09T04:28:45Z
2022-07-25,EVG,6.21,6.38,6.19,6.19,45000,KBS,2026-10-09T04:28:45Z
2022-07-26,EVG,6.23,6.28,6.19,6.19,73500,KBS,2026-10-09T04:28:45Z
2022-07-27,EVG,6.14,6.24,6.07,6.12,42100,KBS,2026-10-09T04:28:45Z
2022-07-28,EVG,6.16,6.34,6.16,6.21,80900,KBS,2026-10-09T04:28:45Z
2022-07-29,EVG,6.28,6.34,6.14,6.15,80300,KBS,2026-10-09T04:28:45Z
2022-08-01,EVG,6.19,6.48,6.19,6.47,239600,KBS,2026-10-09T04:28:45Z
2022-08-02,EVG,6.53,6.8,6.45,6.67,389200,KBS,2026-10-09T04:28:45Z
2022-08-03,EVG,6.67,6.76,6.57,6.72,160800,KBS,2026-10-09T04:28:45Z
2022-08-04,EVG,6.91,6.91,6.72,6.74,135700,KBS,2026-10-09T04:28:45Z
2022-08-05,EVG,6.76,6.86,6.57,6.86,158800,KBS,2026-10-09T04:28:45Z
2022-08-08,EVG,7.03,7.04,6.91,6.95,165200,KBS,2026-10-09T04:28:45Z
2022-08-09,EVG,7.03,7.14,6.86,7.05,196200,KBS,2026-10-09T04:28:45Z
2022-08-10,EVG,7.05,7.14,7.01,7.08,163500,KBS,2026-10-09T04:28:45Z
2022-08-11,EVG,7.14,7.14,6.67,6.91,224000,KBS,2026-10-09T04:28:45Z
2022-08-12,EVG,6.91,6.95,6.68,6.94,68100,KBS,2026-10-09T04:28:45Z
2022-08-15,EVG,6.99,7.0,6.76,6.81,87000,KBS,2026-10-09T04:28:45Z
2022-08-16,EVG,6.81,6.81,6.68,6.75,132400,KBS,2026-10-09T04:28:45Z
2022-08-17,EVG,6.86,6.98,6.79,6.79,146200,KBS,2026-10-09T04:28:45Z
2022-08-18,EVG,6.86,6.94,6.76,6.87,119900,KBS,2026-10-09T04:28:45Z
2022-08-19,EVG,6.87,6.89,6.76,6.87,97700,KBS,2026-10-09T04:28:45Z
2022-08-22,EVG,6.91,7.34,6.81,7.34,384300,KBS,2026-10-09T04:28:45Z
2022-08-23,EVG,7.78,7.78,7.53,7.62,492800,KBS,2026-10-09T04:28:45Z
2022-08-24,EVG,7.72,7.72,7.53,7.54,118700,KBS,2026-10-09T04:28:45Z
2022-08-25,EVG,7.52,7.61,7.38,7.38,205000,KBS,2026-10-09T04:28:45Z
2022-08-26,EVG,7.34,7.38,7.17,7.17,229600,KBS,2026-10-09T04:28:45Z
2022-08-29,EVG,6.74,7.04,6.74,6.81,94300,KBS,2026-10-09T04:28:45Z
2022-08-30,EVG,6.94,7.03,6.76,6.86,77700,KBS,2026-10-09T04:28:45Z
2022-08-31,EVG,6.87,6.91,6.76,6.8,138200,KBS,2026-10-09T04:28:45Z
2022-09-05,EVG,6.83,6.94,6.77,6.77,67600,KBS,2026-10-09T04:28:45Z
2022-09-06,EVG,6.81,6.84,6.69,6.77,67200,KBS,2026-10-09T04:28:45Z
2022-09-07,EVG,6.77,6.77,6.57,6.57,136100,KBS,2026-10-09T04:28:45Z
2022-09-08,EVG,6.75,6.75,6.34,6.34,89600,KBS,2026-10-09T04:28:45Z
2022-09-09,EVG,6.52,6.52,6.18,6.31,79400,KBS,2026-10-09T04:28:45Z
2022-09-12,EVG,6.3,6.47,6.3,6.31,84800,KBS,2026-10-09T04:28:45Z
2022-09-13,EVG,6.0,6.27,6.0,6.25,41900,KBS,2026-10-09T04:28:45Z
2022-09-14,EVG,5.95,6.19,5.95,6.17,69300,KBS,2026-10-09T04:28:45Z
2022-09-15,EVG,6.48,6.48,6.16,6.17,143600,KBS,2026-10-09T04:28:45Z
2022-09-16,EVG,6.17,6.19,6.0,6.14,55000,KBS,2026-10-09T04:28:45Z
2022-09-19,EVG,5.91,6.19,5.8,6.02,208000,KBS,2026-10-09T04:28:45Z
2022-09-20,EVG,6.05,6.08,5.92,6.03,52600,KBS,2026-10-09T04:28:45Z
2022-09-21,EVG,6.08,6.08,5.99,6.04,53700,KBS,2026-10-09T04:28:45Z
2022-09-22,EVG,5.92,6.08,5.92,6.06,35700,KBS,2026-10-09T04:28:45Z
2022-09-23,EVG,6.05,6.18,6.05,6.08,59200,KBS,2026-10-09T04:28:45Z
2022-09-26,EVG,6.07,6.25,5.72,6.08,67200,KBS,2026-10-09T04:28:45Z
2022-09-27,EVG,6.07,6.19,5.92,6.08,63100,KBS,2026-10-09T04:28:45Z
2022-09-28,EVG,6.08,6.19,6.03,6.04,144600,KBS,2026-10-09T04:28:45Z
2022-09-29,EVG,6.44,6.44,6.03,6.04,62900,KBS,2026-10-09T04:28:45Z
2022-09-30,EVG,6.04,6.04,5.62,5.8,79600,KBS,2026-10-09T04:28:45Z
2022-10-03,EVG,5.91,5.98,5.4,5.41,74400,KBS,2026-10-09T04:28:45Z
2022-10-04,EVG,5.42,5.76,5.05,5.32,82800,KBS,2026-10-09T04:28:45Z
2022-10-05,EVG,5.12,5.57,5.12,5.51,39700,KBS,2026-10-09T04:28:45Z
2022-10-06,EVG,5.43,5.7,5.26,5.61,63900,KBS,2026-10-09T04:28:45Z
2022-10-07,EVG,5.48,5.61,5.22,5.34,104200,KBS,2026-10-09T04:28:45Z
2022-10-10,EVG,4.99,5.34,4.97,5.34,78400,KBS,2026-10-09T04:28:45Z
2022-10-11,EVG,5.32,5.34,4.96,4.96,153100,KBS,2026-10-09T04:28:45Z
2022-10-12,EVG,5.07,5.22,4.76,5.14,84700,KBS,2026-10-09T04:28:45Z
2022-10-13,EVG,5.24,5.29,5.07,5.23,30200,KBS,2026-10-09T04:28:45Z
2022-10-14,EVG,5.34,5.34,5.16,5.26,127500,KBS,2026-10-09T04:28:45Z
2022-10-17,EVG,5.26,5.32,5.07,5.11,218200,KBS,2026-10-09T04:28:45Z
2022-10-18,EVG,5.16,5.32,5.14,5.22,241200,KBS,2026-10-09T04:28:45Z
2022-10-19,EVG,5.29,5.29,5.14,5.21,219600,KBS,2026-10-09T04:28:45Z
2022-10-20,EVG,5.26,5.26,5.02,5.12,216800,KBS,2026-10-09T04:28:45Z
2022-10-21,EVG,5.12,5.12,4.77,4.82,621600,KBS,2026-10-09T04:28:45Z
2022-10-24,EVG,4.78,4.94,4.49,4.54,347200,KBS,2026-10-09T04:28:45Z
2022-10-25,EVG,4.48,4.54,4.22,4.54,349700,KBS,2026-10-09T04:28:45Z
2022-10-26,EVG,4.41,4.57,4.22,4.23,286800,KBS,2026-10-09T04:28:45Z
2022-10-27,EVG,4.25,4.38,4.19,4.25,443400,KBS,2026-10-09T04:28:45Z
2022-10-28,EVG,4.26,4.36,4.24,4.24,506100,KBS,2026-10-09T04:28:45Z
2022-10-31,EVG,4.36,4.36,4.23,4.25,709200,KBS,2026-10-09T04:28:45Z
2022-11-01,EVG,4.35,4.37,4.21,4.37,611000,KBS,2026-10-09T04:28:45Z
2022-11-02,EVG,4.33,4.45,4.33,4.45,560400,KBS,2026-10-09T04:28:45Z
2022-11-03,EVG,4.47,4.49,4.37,4.49,406200,KBS,2026-10-09T04:28:45Z
2022-11-04,EVG,4.5,4.5,4.3,4.38,424200,KBS,2026-10-09T04:28:45Z
2022-11-07,EVG,4.12,4.35,4.08,4.08,288400,KBS,2026-10-09T04:28:45Z
2022-11-08,EVG,4.05,4.29,3.8,4.07,217000,KBS,2026-10-09T04:28:45Z
2022-11-09,EVG,3.92,4.13,3.92,4.08,709400,KBS,2026-10-09T04:28:45Z
2022-11-10,EVG,4.09,4.09,3.8,3.8,390700,KBS,2026-10-09T04:28:45Z
2022-11-11,EVG,3.81,3.95,3.61,3.81,351000,KBS,2026-10-09T04:28:45Z
2022-11-14,EVG,3.81,3.81,3.54,3.59,351700,KBS,2026-10-09T04:28:45Z
2022-11-15,EVG,3.66,3.66,3.34,3.35,360400,KBS,2026-10-09T04:28:45Z
2022-11-16,EVG,3.14,3.52,3.12,3.44,401500,KBS,2026-10-09T04:28:45Z
2022-11-17,EVG,3.52,3.57,3.49,3.52,334400,KBS,2026-10-09T04:28:45Z
2022-11-18,EVG,3.5,3.61,3.33,3.52,533800,KBS,2026-10-09T04:28:45Z
2022-11-21,EVG,3.6,3.76,3.43,3.76,1412200,KBS,2026-10-09T04:28:45Z
2022-11-22,EVG,4.0,4.02,3.62,3.94,1784400,KBS,2026-10-09T04:28:45Z
2022-11-23,EVG,3.94,4.0,3.68,3.68,1476000,KBS,2026-10-09T04:28:45Z
2022-11-24,EVG,3.68,3.71,3.42,3.52,618400,KBS,2026-10-09T04:28:45Z
2022-11-25,EVG,3.54,3.62,3.52,3.61,733300,KBS,2026-10-09T04:28:45Z
2022-11-28,EVG,3.72,3.8,3.61,3.76,2140100,KBS,2026-10-09T04:28:45Z
2022-11-29,EVG,3.86,3.96,3.62,3.85,2336800,KBS,2026-10-09T04:28:45Z
2022-11-30,EVG,3.86,3.97,3.8,3.92,2367900,KBS,2026-10-09T04:28:45Z
2022-12-01,EVG,4.16,4.18,4.15,4.18,8348200,KBS,2026-10-09T04:28:45Z
2022-12-02,EVG,4.43,4.47,4.13,4.32,4690100,KBS,2026-10-09T04:28:45Z
2022-12-05,EVG,4.57,4.62,4.34,4.62,3779400,KBS,2026-10-09T04:28:45Z
2022-12-06,EVG,4.53,4.67,4.31,4.31,3116100,KBS,2026-10-09T04:28:45Z
2022-12-07,EVG,4.01,4.18,4.01,4.01,4880900,KBS,2026-10-09T04:28:45Z
2022-12-08,EVG,3.73,4.16,3.73,3.74,7017300,KBS,2026-10-09T04:28:45Z
2022-12-09,EVG,3.81,3.89,3.72,3.82,830900,KBS,2026-10-09T04:28:45Z
2022-12-12,EVG,3.88,3.98,3.56,3.56,2703500,KBS,2026-10-09T04:28:45Z
2022-12-13,EVG,3.57,3.72,3.36,3.72,5393300,KBS,2026-10-09T04:28:45Z
2022-12-14,EVG,3.9,3.9,3.76,3.76,3391300,KBS,2026-10-09T04:28:45Z
2022-12-15,EVG,3.72,3.82,3.65,3.7,1863500,KBS,2026-10-09T04:28:45Z
2022-12-16,EVG,3.57,3.7,3.56,3.59,1112100,KBS,2026-10-09T04:28:45Z
2022-12-19,EVG,3.63,3.74,3.58,3.58,825600,KBS,2026-10-09T04:28:45Z
2022-12-20,EVG,3.58,3.59,3.34,3.38,1938100,KBS,2026-10-09T04:28:45Z
2022-12-21,EVG,3.52,3.52,3.15,3.27,754200,KBS,2026-10-09T04:28:45Z
2022-12-22,EVG,3.3,3.35,3.12,3.29,545000,KBS,2026-10-09T04:28:45Z
2022-12-23,EVG,3.28,3.33,3.19,3.27,606700,KBS,2026-10-09T04:28:45Z
2022-12-26,EVG,3.27,3.27,3.04,3.04,1137100,KBS,2026-10-09T04:28:45Z
2022-12-27,EVG,3.04,3.16,2.91,3.14,1069100,KBS,2026-10-09T04:28:45Z
2022-12-28,EVG,3.14,3.24,3.06,3.21,407800,KBS,2026-10-09T04:28:45Z
2022-12-29,EVG,3.22,3.23,3.14,3.2,473300,KBS,2026-10-09T04:28:45Z
2022-12-30,EVG,3.2,3.2,3.1,3.14,281900,KBS,2026-10-09T04:28:45Z
2023-01-03,EVG,3.14,3.36,3.14,3.36,1257100,KBS,2026-10-09T04:28:45Z
2023-01-04,EVG,3.46,3.46,3.3,3.3,410300,KBS,2026-10-09T04:28:45Z
2023-01-05,EVG,3.29,3.33,3.17,3.19,551500,KBS,2026-10-09T04:28:45Z
2023-01-06,EVG,3.15,3.25,3.12,3.19,532200,KBS,2026-10-09T04:28:45Z
2023-01-09,EVG,3.24,3.24,3.05,3.17,546000,KBS,2026-10-09T04:28:45Z
2023-01-10,EVG,3.19,3.19,3.11,3.12,332200,KBS,2026-10-09T04:28:45Z
2023-01-11,EVG,3.14,3.27,3.12,3.19,1064600,KBS,2026-10-09T04:28:45Z
2023-01-12,EVG,3.19,3.24,3.1,3.17,1262300,KBS,2026-10-09T04:28:45Z
2023-01-13,EVG,3.17,3.21,3.03,3.14,1303800,KBS,2026-10-09T04:28:45Z
2023-01-16,EVG,3.14,3.14,2.95,2.95,959500,KBS,2026-10-09T04:28:45Z
2023-01-17,EVG,3.0,3.01,2.94,2.98,1035100,KBS,2026-10-09T04:28:45Z
2023-01-18,EVG,3.03,3.09,2.91,3.08,1149900,KBS,2026-10-09T04:28:45Z
2023-01-19,EVG,3.04,3.29,3.02,3.29,1968000,KBS,2026-10-09T04:28:45Z
2023-01-27,EVG,3.49,3.52,3.43,3.52,1865200,KBS,2026-10-09T04:28:45Z
2023-01-30,EVG,3.75,3.75,3.48,3.62,4191400,KBS,2026-10-09T04:28:45Z
2023-01-31,EVG,3.65,3.7,3.43,3.64,1392200,KBS,2026-10-09T04:28:45Z
2023-02-01,EVG,3.66,3.72,3.45,3.5,1698300,KBS,2026-10-09T04:28:45Z
2023-02-02,EVG,3.36,3.48,3.32,3.36,976400,KBS,2026-10-09T04:28:45Z
2023-02-03,EVG,3.33,3.41,3.29,3.38,1051500,KBS,2026-10-09T04:28:45Z
2023-02-06,EVG,3.39,3.42,3.32,3.42,582500,KBS,2026-10-09T04:28:45Z
2023-02-07,EVG,3.46,3.58,3.36,3.39,983000,KBS,2026-10-09T04:28:45Z
2023-02-08,EVG,3.43,3.45,3.33,3.43,413100,KBS,2026-10-09T04:28:45Z
2023-02-09,EVG,3.48,3.52,3.41,3.46,682500,KBS,2026-10-09T04:28:45Z
2023-02-10,EVG,3.46,3.46,3.35,3.4,590800,KBS,2026-10-09T04:28:45Z
2023-02-13,EVG,3.38,3.38,3.17,3.17,1161100,KBS,2026-10-09T04:28:45Z
2023-02-14,EVG,3.24,3.24,3.07,3.11,577800,KBS,2026-10-09T04:28:45Z
2023-02-15,EVG,3.11,3.23,3.11,3.21,268100,KBS,2026-10-09T04:28:45Z
2023-02-16,EVG,3.23,3.3,3.2,3.3,377600,KBS,2026-10-09T04:28:45Z
2023-02-17,EVG,3.29,3.43,3.27,3.36,672600,KBS,2026-10-09T04:28:45Z
2023-02-20,EVG,3.43,3.51,3.39,3.51,569300,KBS,2026-10-09T04:28:45Z
2023-02-21,EVG,3.53,3.54,3.42,3.51,1055800,KBS,2026-10-09T04:28:45Z
2023-02-22,EVG,3.46,3.46,3.35,3.35,500800,KBS,2026-10-09T04:28:45Z
2023-02-23,EVG,3.31,3.33,3.17,3.31,429400,KBS,2026-10-09T04:28:45Z
2023-02-24,EVG,3.32,3.33,3.24,3.3,321400,KBS,2026-10-09T04:28:45Z
2023-02-27,EVG,3.24,3.24,3.12,3.15,766700,KBS,2026-10-09T04:28:45Z
2023-02-28,EVG,3.16,3.23,3.15,3.15,604500,KBS,2026-10-09T04:28:45Z
2023-03-01,EVG,3.12,3.21,3.12,3.19,355300,KBS,2026-10-09T04:28:45Z
2023-03-02,EVG,3.17,3.3,3.15,3.15,729800,KBS,2026-10-09T04:28:45Z
2023-03-03,EVG,3.21,3.21,3.12,3.12,326500,KBS,2026-10-09T04:28:45Z
2023-03-06,EVG,3.19,3.24,3.14,3.17,795800,KBS,2026-10-09T04:28:45Z
2023-03-07,EVG,3.18,3.2,3.15,3.18,232200,KBS,2026-10-09T04:28:45Z
2023-03-08,EVG,3.16,3.22,3.12,3.17,436500,KBS,2026-10-09T04:28:45Z
2023-03-09,EVG,3.23,3.39,3.18,3.39,3292700,KBS,2026-10-09T04:28:45Z
2023-03-10,EVG,3.43,3.52,3.27,3.29,706400,KBS,2026-10-09T04:28:45Z
2023-03-13,EVG,3.26,3.33,3.18,3.18,699100,KBS,2026-10-09T04:28:45Z
2023-03-14,EVG,3.19,3.23,3.09,3.11,695200,KBS,2026-10-09T04:28:45Z
2023-03-15,EVG,3.23,3.25,3.14,3.21,2058000,KBS,2026-10-09T04:28:45Z
2023-03-16,EVG,3.17,3.2,3.12,3.13,948700,KBS,2026-10-09T04:28:45Z
2023-03-17,EVG,3.19,3.19,3.05,3.14,1520100,KBS,2026-10-09T04:28:45Z
2023-03-20,EVG,3.14,3.14,3.0,3.03,1343900,KBS,2026-10-09T04:28:45Z
2023-03-21,EVG,3.06,3.09,3.01,3.02,585300,KBS,2026-10-09T04:28:45Z
2023-03-22,EVG,3.05,3.1,3.03,3.03,914900,KBS,2026-10-09T04:28:45Z
2023-03-23,EVG,3.03,3.1,3.0,3.07,848000,KBS,2026-10-09T04:28:45Z
2023-03-24,EVG,3.09,3.19,3.07,3.14,1938300,KBS,2026-10-09T04:28:45Z
2023-03-27,EVG,3.18,3.2,3.12,3.15,1763700,KBS,2026-10-09T04:28:45Z
2023-03-28,EVG,3.15,3.18,3.12,3.12,1145700,KBS,2026-10-09T04:28:45Z
2023-03-29,EVG,3.11,3.13,3.09,3.11,753200,KBS,2026-10-09T04:28:45Z
2023-03-30,EVG,3.12,3.17,3.1,3.12,1817500,KBS,2026-10-09T04:28:45Z
2023-03-31,EVG,3.12,3.12,3.08,3.11,766800,KBS,2026-10-09T04:28:45Z
2023-04-03,EVG,3.17,3.32,3.14,3.24,2212200,KBS,2026-10-09T04:28:45Z
2023-04-04,EVG,3.24,3.3,3.19,3.22,996000,KBS,2026-10-09T04:28:45Z
2023-04-05,EVG,3.22,3.43,3.22,3.38,2497600,KBS,2026-10-09T04:28:45Z
2023-04-06,EVG,3.43,3.58,3.39,3.39,4023500,KBS,2026-10-09T04:28:45Z
2023-04-07,EVG,3.38,3.39,3.27,3.33,1602300,KBS,2026-10-09T04:28:45Z
2023-04-10,EVG,3.42,3.51,3.33,3.33,2244800,KBS,2026-10-09T04:28:45Z
2023-04-11,EVG,3.35,3.41,3.28,3.37,1428600,KBS,2026-10-09T04:28:45Z
2023-04-12,EVG,3.39,3.42,3.25,3.33,3661100,KBS,2026-10-09T04:28:45Z
2023-04-13,EVG,3.29,3.37,3.22,3.22,941400,KBS,2026-10-09T04:28:45Z
2023-04-14,EVG,3.27,3.27,3.12,3.12,1779800,KBS,2026-10-09T04:28:45Z
2023-04-17,EVG,3.13,3.14,3.07,3.12,1083700,KBS,2026-10-09T04:28:45Z
2023-04-18,EVG,3.14,3.16,3.08,3.15,940400,KBS,2026-10-09T04:28:45Z
2023-04-19,EVG,3.13,3.14,3.07,3.08,1469400,KBS,2026-10-09T04:28:45Z
2023-04-20,EVG,3.05,3.18,3.05,3.14,1439200,KBS,2026-10-09T04:28:45Z
2023-04-21,EVG,3.13,3.15,3.08,3.09,894200,KBS,2026-10-09T04:28:45Z
2023-04-24,EVG,3.11,3.14,3.07,3.14,1170000,KBS,2026-10-09T04:28:45Z
2023-04-25,EVG,3.14,3.19,3.09,3.09,1125500,KBS,2026-10-09T04:28:45Z
2023-04-26,EVG,3.1,3.17,3.09,3.17,1291100,KBS,2026-10-09T04:28:45Z
2023-04-27,EVG,3.22,3.22,3.16,3.21,695500,KBS,2026-10-09T04:28:45Z
2023-04-28,EVG,3.21,3.22,3.14,3.21,1000700,KBS,2026-10-09T04:28:45Z
2023-05-04,EVG,3.21,3.24,3.16,3.19,1736900,KBS,2026-10-09T04:28:45Z
2023-05-05,EVG,3.2,3.24,3.16,3.22,1296300,KBS,2026-10-09T04:28:45Z
2023-05-08,EVG,3.26,3.44,3.26,3.44,2240400,KBS,2026-10-09T04:28:45Z
2023-05-09,EVG,3.68,3.68,3.52,3.68,7783500,KBS,2026-10-09T04:28:45Z
2023-05-10,EVG,3.85,3.91,3.78,3.81,5309900,KBS,2026-10-09T04:28:45Z
2023-05-11,EVG,3.88,4.08,3.76,4.08,6201500,KBS,2026-10-09T04:28:45Z
2023-05-12,EVG,4.08,4.16,3.91,4.09,3598800,KBS,2026-10-09T04:28:45Z
2023-05-15,EVG,4.24,4.37,4.17,4.24,7479300,KBS,2026-10-09T04:28:45Z
2023-05-16,EVG,4.31,4.33,4.18,4.33,3736400,KBS,2026-10-09T04:28:45Z
2023-05-17,EVG,4.33,4.41,4.15,4.15,4698500,KBS,2026-10-09T04:28:45Z
2023-05-18,EVG,4.24,4.29,4.15,4.19,4603400,KBS,2026-10-09T04:28:45Z
2023-05-19,EVG,4.29,4.29,3.91,4.15,4770600,KBS,2026-10-09T04:28:45Z
2023-05-22,EVG,4.2,4.29,4.16,4.24,3402500,KBS,2026-10-09T04:28:45Z
2023-05-23,EVG,4.27,4.54,4.25,4.54,6461700,KBS,2026-10-09T04:28:45Z
2023-05-24,EVG,4.85,4.85,4.83,4.85,3627600,KBS,2026-10-09T04:28:45Z
2023-05-25,EVG,5.18,5.18,4.86,5.18,10443700,KBS,2026-10-09T04:28:45Z
2023-05-26,EVG,5.34,5.49,5.19,5.48,4009000,KBS,2026-10-09T04:28:45Z
2023-05-29,EVG,5.78,5.86,5.57,5.86,5304900,KBS,2026-10-09T04:28:45Z
2023-05-30,EVG,5.96,6.27,5.96,6.27,4776800,KBS,2026-10-09T04:28:45Z
2023-05-31,EVG,6.53,6.71,6.36,6.71,4725000,KBS,2026-10-09T04:28:45Z
2023-06-01,EVG,7.1,7.17,6.34,6.71,8603100,KBS,2026-10-09T04:28:45Z
2023-06-02,EVG,6.76,6.76,6.29,6.38,5643900,KBS,2026-10-09T04:28:45Z
2023-06-05,EVG,6.67,6.67,6.35,6.43,3614800,KBS,2026-10-09T04:28:45Z
2023-06-06,EVG,6.34,6.85,6.34,6.84,6355500,KBS,2026-10-09T04:28:45Z
2023-06-07,EVG,7.18,7.32,6.95,7.32,4000800,KBS,2026-10-09T04:28:45Z
2023-06-08,EVG,7.81,7.82,7.54,7.77,6225700,KBS,2026-10-09T04:28:45Z
2023-06-09,EVG,7.77,8.0,7.3,7.42,5897500,KBS,2026-10-09T04:28:45Z
2023-06-12,EVG,7.44,7.65,7.14,7.33,3089700,KBS,2026-10-09T04:28:45Z
2023-06-13,EVG,7.46,7.72,7.05,7.5,5897100,KBS,2026-10-09T04:28:45Z
2023-06-14,EVG,7.51,7.53,6.97,6.97,5732200,KBS,2026-10-09T04:28:45Z
2023-06-15,EVG,6.67,7.05,6.53,6.56,4980300,KBS,2026-10-09T04:28:45Z
2023-06-16,EVG,6.62,6.86,6.29,6.37,3315300,KBS,2026-10-09T04:28:45Z
2023-06-19,EVG,6.36,6.36,5.94,5.94,8925000,KBS,2026-10-09T04:28:45Z
2023-06-20,EVG,5.87,6.34,5.87,6.34,2614900,KBS,2026-10-09T04:28:45Z
2023-06-21,EVG,6.67,6.78,6.35,6.74,5710800,KBS,2026-10-09T04:28:45Z
2023-06-22,EVG,6.77,6.81,6.57,6.61,3533600,KBS,2026-10-09T04:28:45Z
2023-06-23,EVG,6.62,6.91,6.57,6.66,3621900,KBS,2026-10-09T04:28:45Z
2023-06-26,EVG,6.57,6.57,6.2,6.2,6075000,KBS,2026-10-09T04:28:45Z
2023-06-27,EVG,6.2,6.41,6.14,6.31,2621100,KBS,2026-10-09T04:28:45Z
2023-06-28,EVG,6.32,6.4,5.92,5.97,3952700,KBS,2026-10-09T04:28:45Z
2023-06-29,EVG,5.72,5.97,5.56,5.56,6409900,KBS,2026-10-09T04:28:45Z
2023-06-30,EVG,5.61,5.7,5.24,5.39,4085900,KBS,2026-10-09T04:28:45Z
2023-07-03,EVG,5.61,5.66,5.43,5.65,2334800,KBS,2026-10-09T04:28:45Z
2023-07-04,EVG,5.74,6.04,5.74,6.04,5217200,KBS,2026-10-09T04:28:45Z
2023-07-05,EVG,6.24,6.31,6.02,6.1,3292000,KBS,2026-10-09T04:28:45Z
2023-07-06,EVG,6.11,6.11,5.72,5.84,3903900,KBS,2026-10-09T04:28:45Z
2023-07-07,EVG,5.87,6.12,5.75,6.05,2436200,KBS,2026-10-09T04:28:45Z
2023-07-10,EVG,6.23,6.34,6.08,6.19,2942100,KBS,2026-10-09T04:28:45Z
2023-07-11,EVG,6.21,6.24,6.01,6.01,2833700,KBS,2026-10-09T04:28:45Z
2023-07-12,EVG,6.05,6.07,5.86,5.92,2470800,KBS,2026-10-09T04:28:45Z
2023-07-13,EVG,5.89,6.12,5.86,5.97,2531300,KBS,2026-10-09T04:28:45Z
2023-07-14,EVG,6.08,6.36,5.98,6.14,4305400,KBS,2026-10-09T04:28:45Z
2023-07-17,EVG,6.36,6.53,6.21,6.38,4791200,KBS,2026-10-09T04:28:45Z
2023-07-18,EVG,6.47,6.47,6.14,6.16,3161300,KBS,2026-10-09T04:28:45Z
2023-07-19,EVG,6.19,6.21,5.94,5.97,3205700,KBS,2026-10-09T04:28:45Z
2023-07-20,EVG,6.0,6.14,5.97,6.12,2795700,KBS,2026-10-09T04:28:45Z
2023-07-21,EVG,6.12,6.31,5.98,6.11,2793500,KBS,2026-10-09T04:28:45Z
2023-07-24,EVG,6.19,6.53,6.11,6.53,6123400,KBS,2026-10-09T04:28:45Z
2023-07-25,EVG,6.75,6.75,6.32,6.43,4812100,KBS,2026-10-09T04:28:45Z
2023-07-26,EVG,6.44,6.62,6.36,6.53,5122400,KBS,2026-10-09T04:28:45Z
2023-07-27,EVG,6.57,6.75,6.37,6.57,5207300,KBS,2026-10-09T04:28:45Z
2023-07-28,EVG,6.57,6.76,6.57,6.66,5391400,KBS,2026-10-09T04:28:45Z
2023-07-31,EVG,6.86,7.12,6.67,7.12,6886500,KBS,2026-10-09T04:28:45Z
2023-08-01,EVG,7.33,7.33,6.62,6.62,5208300,KBS,2026-10-09T04:28:45Z
2023-08-02,EVG,6.62,7.08,6.61,6.98,6592300,KBS,2026-10-09T04:28:45Z
2023-08-03,EVG,6.97,7.03,6.8,6.81,3505100,KBS,2026-10-09T04:28:45Z
2023-08-04,EVG,6.95,7.05,6.82,6.94,4065600,KBS,2026-10-09T04:28:45Z
2023-08-07,EVG,7.05,7.06,6.84,6.87,6038900,KBS,2026-10-09T04:28:45Z
2023-08-08,EVG,6.95,7.05,6.91,6.94,5931400,KBS,2026-10-09T04:28:45Z
2023-08-09,EVG,6.93,7.1,6.79,7.1,8455300,KBS,2026-10-09T04:28:45Z
2023-08-10,EVG,7.14,7.48,7.1,7.1,7175200,KBS,2026-10-09T04:28:45Z
2023-08-11,EVG,7.14,7.15,6.67,7.0,6179000,KBS,2026-10-09T04:28:45Z
2023-08-14,EVG,7.0,7.27,6.94,7.19,9103400,KBS,2026-10-09T04:28:45Z
2023-08-15,EVG,7.34,7.43,7.14,7.14,3146700,KBS,2026-10-09T04:28:45Z
2023-08-16,EVG,7.14,7.14,7.01,7.03,2534000,KBS,2026-10-09T04:28:45Z
2023-08-17,EVG,7.03,7.08,6.68,6.68,5840300,KBS,2026-10-09T04:28:45Z
2023-08-18,EVG,6.53,6.57,6.21,6.21,5828000,KBS,2026-10-09T04:28:45Z
2023-08-21,EVG,5.8,6.19,5.8,5.81,3942600,KBS,2026-10-09T04:28:45Z
2023-08-22,EVG,5.86,5.95,5.47,5.85,2548000,KBS,2026-10-09T04:28:45Z
2023-08-23,EVG,6.04,6.04,5.85,5.91,2189500,KBS,2026-10-09T04:28:45Z
2023-08-24,EVG,5.86,6.19,5.86,6.19,2050900,KBS,2026-10-09T04:28:45Z
2023-08-25,EVG,6.1,6.21,6.02,6.08,1622000,KBS,2026-10-09T04:28:45Z
2023-08-28,EVG,6.14,6.18,6.04,6.09,1857500,KBS,2026-10-09T04:28:45Z
2023-08-29,EVG,6.11,6.24,6.08,6.08,1918600,KBS,2026-10-09T04:28:45Z
2023-08-30,EVG,6.08,6.17,6.0,6.06,1893500,KBS,2026-10-09T04:28:45Z
2023-08-31,EVG,6.12,6.27,6.07,6.14,2622000,KBS,2026-10-09T04:28:45Z
2023-09-05,EVG,6.23,6.57,6.21,6.57,5632200,KBS,2026-10-09T04:28:45Z
2023-09-06,EVG,6.67,6.75,6.48,6.65,3361600,KBS,2026-10-09T04:28:45Z
2023-09-07,EVG,6.71,6.76,6.53,6.56,3511300,KBS,2026-10-09T04:28:45Z
2023-09-08,EVG,6.58,6.77,6.53,6.63,3970400,KBS,2026-10-09T04:28:45Z
2023-09-11,EVG,6.8,6.8,6.34,6.34,3695100,KBS,2026-10-09T04:28:45Z
2023-09-12,EVG,6.34,6.44,6.17,6.44,2883100,KBS,2026-10-09T04:28:45Z
2023-09-13,EVG,6.44,6.64,6.02,6.48,4034600,KBS,2026-10-09T04:28:45Z
2023-09-14,EVG,6.48,6.67,6.34,6.66,4526200,KBS,2026-10-09T04:28:45Z
2023-09-15,EVG,6.59,7.1,6.59,6.71,6591800,KBS,2026-10-09T04:28:45Z
2023-09-18,EVG,6.71,6.71,6.38,6.45,2049500,KBS,2026-10-09T04:28:45Z
2023-09-19,EVG,6.53,6.55,6.0,6.16,4620800,KBS,2026-10-09T04:28:45Z
2023-09-20,EVG,6.14,6.43,6.03,6.43,2016900,KBS,2026-10-09T04:28:45Z
2023-09-21,EVG,6.4,6.42,6.22,6.27,1833200,KBS,2026-10-09T04:28:45Z
2023-09-22,EVG,6.06,6.18,5.83,5.83,4258700,KBS,2026-10-09T04:28:45Z
2023-09-25,EVG,5.77,5.94,5.43,5.43,2536900,KBS,2026-10-09T04:28:45Z
2023-09-26,EVG,5.4,5.54,5.24,5.24,1550200,KBS,2026-10-09T04:28:45Z
2023-09-27,EVG,5.05,5.52,4.96,5.52,1642700,KBS,2026-10-09T04:28:45Z
2023-09-28,EVG,5.52,5.52,5.27,5.36,1474200,KBS,2026-10-09T04:28:45Z
2023-09-29,EVG,5.41,5.46,5.34,5.34,2004500,KBS,2026-10-09T04:28:45Z
2023-10-02,EVG,5.34,5.43,5.28,5.38,912800,KBS,2026-10-09T04:28:45Z
2023-10-03,EVG,5.2,5.34,5.01,5.01,2045300,KBS,2026-10-09T04:28:45Z
2023-10-04,EVG,4.72,4.99,4.68,4.88,2454900,KBS,2026-10-09T04:28:45Z
2023-10-05,EVG,5.0,5.0,4.78,4.86,1811100,KBS,2026-10-09T04:28:45Z
2023-10-06,EVG,4.94,4.94,4.72,4.91,1239800,KBS,2026-10-09T04:28:45Z
2023-10-09,EVG,4.91,5.14,4.89,5.14,2364700,KBS,2026-10-09T04:28:45Z
2023-10-10,EVG,5.14,5.32,5.14,5.21,2104300,KBS,2026-10-09T04:28:45Z
2023-10-11,EVG,5.24,5.28,5.08,5.2,1243200,KBS,2026-10-09T04:28:45Z
2023-10-12,EVG,5.25,5.32,5.14,5.24,1844900,KBS,2026-10-09T04:28:45Z
2023-10-13,EVG,5.2,5.2,4.99,5.16,1386400,KBS,2026-10-09T04:28:45Z
2023-10-16,EVG,5.17,5.17,4.82,4.84,2333300,KBS,2026-10-09T04:28:45Z
2023-10-17,EVG,4.86,4.99,4.81,4.84,1689200,KBS,2026-10-09T04:28:45Z
2023-10-18,EVG,4.82,4.9,4.51,4.51,2547400,KBS,2026-10-09T04:28:45Z
2023-10-19,EVG,4.76,4.76,4.47,4.65,1577900,KBS,2026-10-09T04:28:45Z
2023-10-20,EVG,4.66,4.94,4.54,4.81,1675000,KBS,2026-10-09T04:28:45Z
2023-10-23,EVG,4.8,4.84,4.65,4.69,1637000,KBS,2026-10-09T04:28:45Z
2023-10-24,EVG,4.79,4.81,4.64,4.74,1857300,KBS,2026-10-09T04:28:45Z
2023-10-25,EVG,4.76,4.8,4.67,4.76,1228300,KBS,2026-10-09T04:28:45Z
2023-10-26,EVG,4.63,4.65,4.43,4.43,2118900,KBS,2026-10-09T04:28:45Z
2023-10-27,EVG,4.38,4.43,4.19,4.36,1164100,KBS,2026-10-09T04:28:45Z
2023-10-30,EVG,4.36,4.38,4.25,4.35,1578300,KBS,2026-10-09T04:28:45Z
2023-10-31,EVG,4.35,4.35,4.12,4.12,1814400,KBS,2026-10-09T04:28:45Z
2023-11-01,EVG,4.12,4.19,3.91,4.17,1244500,KBS,2026-10-09T04:28:45Z
2023-11-02,EVG,4.21,4.46,4.17,4.46,2836300,KBS,2026-10-09T04:28:45Z
2023-11-03,EVG,4.49,4.54,4.38,4.48,1486200,KBS,2026-10-09T04:28:45Z
2023-11-06,EVG,4.48,4.54,4.38,4.46,612900,KBS,2026-10-09T04:28:45Z
2023-11-07,EVG,4.47,4.6,4.38,4.51,1646300,KBS,2026-10-09T04:28:45Z
2023-11-08,EVG,4.48,4.82,4.45,4.82,3750400,KBS,2026-10-09T04:28:45Z
2023-11-09,EVG,4.83,5.05,4.83,4.95,3165900,KBS,2026-10-09T04:28:45Z
2023-11-10,EVG,4.89,5.05,4.78,4.86,1657100,KBS,2026-10-09T04:28:45Z
2023-11-13,EVG,4.86,4.94,4.72,4.88,2421300,KBS,2026-10-09T04:28:45Z
2023-11-14,EVG,4.94,4.97,4.79,4.88,1885300,KBS,2026-10-09T04:28:45Z
2023-11-15,EVG,5.1,5.1,4.88,4.88,2563800,KBS,2026-10-09T04:28:45Z
2023-11-16,EVG,4.88,4.99,4.82,4.98,2337600,KBS,2026-10-09T04:28:45Z
2023-11-17,EVG,4.98,5.32,4.98,5.28,6933500,KBS,2026-10-09T04:28:45Z
2023-11-20,EVG,5.03,5.34,4.92,5.32,2219400,KBS,2026-10-09T04:28:45Z
2023-11-21,EVG,5.34,5.38,5.12,5.32,2588500,KBS,2026-10-09T04:28:45Z
2023-11-22,EVG,5.32,5.35,5.19,5.27,2004500,KBS,2026-10-09T04:28:45Z
2023-11-23,EVG,5.34,5.51,5.05,5.05,3841300,KBS,2026-10-09T04:28:45Z
2023-11-24,EVG,5.15,5.15,4.86,5.05,2213000,KBS,2026-10-09T04:28:45Z
2023-11-27,EVG,5.04,5.14,4.93,4.93,1709300,KBS,2026-10-09T04:28:45Z
2023-11-28,EVG,5.03,5.03,4.84,4.99,1292800,KBS,2026-10-09T04:28:45Z
2023-11-29,EVG,4.97,5.09,4.96,5.01,1050800,KBS,2026-10-09T04:28:45Z
2023-11-30,EVG,5.02,5.23,4.98,5.09,2316600,KBS,2026-10-09T04:28:45Z
2023-12-01,EVG,5.14,5.14,4.95,5.09,1044400,KBS,2026-10-09T04:28:45Z
2023-12-04,EVG,5.07,5.29,5.07,5.18,2906900,KBS,2026-10-09T04:28:45Z
2023-12-05,EVG,5.21,5.29,5.19,5.2,2277100,KBS,2026-10-09T04:28:45Z
2023-12-06,EVG,5.17,5.52,5.17,5.47,3190800,KBS,2026-10-09T04:28:45Z
2023-12-07,EVG,5.49,5.62,5.25,5.47,2819300,KBS,2026-10-09T04:28:45Z
2023-12-08,EVG,5.47,5.48,5.29,5.29,2380500,KBS,2026-10-09T04:28:45Z
2023-12-11,EVG,5.34,5.37,5.15,5.15,1302300,KBS,2026-10-09T04:28:45Z
2023-12-12,EVG,5.23,5.34,5.15,5.28,1667900,KBS,2026-10-09T04:28:45Z
2023-12-13,EVG,5.28,5.34,5.15,5.24,1380600,KBS,2026-10-09T04:28:45Z
2023-12-14,EVG,5.32,5.32,5.12,5.12,1044000,KBS,2026-10-09T04:28:45Z
2023-12-15,EVG,5.14,5.22,5.04,5.15,2044900,KBS,2026-10-09T04:28:45Z
2023-12-18,EVG,5.19,5.24,5.11,5.12,1314700,KBS,2026-10-09T04:28:45Z
2023-12-19,EVG,5.12,5.31,5.1,5.27,2794700,KBS,2026-10-09T04:28:45Z
2023-12-20,EVG,5.27,5.35,5.24,5.32,2765300,KBS,2026-10-09T04:28:45Z
2023-12-21,EVG,5.26,5.34,5.23,5.23,2087700,KBS,2026-10-09T04:28:45Z
2023-12-22,EVG,5.24,5.3,5.14,5.14,1750400,KBS,2026-10-09T04:28:45Z
2023-12-25,EVG,5.15,5.24,5.12,5.24,2858600,KBS,2026-10-09T04:28:45Z
2023-12-26,EVG,5.29,5.31,5.19,5.22,1713400,KBS,2026-10-09T04:28:45Z
2023-12-27,EVG,5.18,5.28,5.18,5.19,2144700,KBS,2026-10-09T04:28:45Z
2023-12-28,EVG,5.24,5.27,5.19,5.22,918000,KBS,2026-10-09T04:28:45Z
2023-12-29,EVG,5.24,5.5,5.23,5.38,3873800,KBS,2026-10-09T04:28:45Z
2024-01-02,EVG,5.39,5.41,5.25,5.27,1081300,KBS,2026-10-09T04:28:45Z
2024-01-03,EVG,5.29,5.48,5.27,5.45,3276000,KBS,2026-10-09T04:28:45Z
2024-01-04,EVG,5.52,5.54,5.41,5.49,2544700,KBS,2026-10-09T04:28:45Z
2024-01-05,EVG,5.43,5.47,5.34,5.34,1341700,KBS,2026-10-09T04:28:45Z
2024-01-08,EVG,5.38,5.41,5.29,5.29,1976200,KBS,2026-10-09T04:28:45Z
2024-01-09,EVG,5.3,5.42,5.28,5.32,3240200,KBS,2026-10-09T04:28:45Z
2024-01-10,EVG,5.37,5.37,5.2,5.34,3257600,KBS,2026-10-09T04:28:45Z
2024-01-11,EVG,5.34,5.34,5.14,5.29,1531000,KBS,2026-10-09T04:28:45Z
2024-01-12,EVG,5.28,5.28,4.92,4.96,2320900,KBS,2026-10-09T04:28:45Z
2024-01-15,EVG,5.04,5.14,4.95,5.03,1901500,KBS,2026-10-09T04:28:45Z
2024-01-16,EVG,5.03,5.03,4.94,5.03,1487100,KBS,2026-10-09T04:28:45Z
2024-01-17,EVG,5.03,5.11,4.96,4.96,979000,KBS,2026-10-09T04:28:45Z
2024-01-18,EVG,5.05,5.05,4.95,4.98,492000,KBS,2026-10-09T04:28:45Z
2024-01-19,EVG,4.99,5.03,4.97,5.0,656500,KBS,2026-10-09T04:28:45Z
2024-01-22,EVG,5.01,5.09,4.97,5.02,845600,KBS,2026-10-09T04:28:45Z
2024-01-23,EVG,5.05,5.07,4.96,5.05,879900,KBS,2026-10-09T04:28:45Z
2024-01-24,EVG,5.01,5.05,4.86,5.03,1080700,KBS,2026-10-09T04:28:45Z
2024-01-25,EVG,5.02,5.05,4.99,4.99,1605900,KBS,2026-10-09T04:28:45Z
2024-01-26,EVG,4.99,5.02,4.96,4.99,1072800,KBS,2026-10-09T04:28:45Z
2024-01-29,EVG,4.99,5.03,4.97,4.97,747500,KBS,2026-10-09T04:28:45Z
2024-01-30,EVG,4.95,5.0,4.87,4.97,1924600,KBS,2026-10-09T04:28:45Z
2024-01-31,EVG,5.0,5.0,4.87,4.87,1027500,KBS,2026-10-09T04:28:45Z
2024-02-01,EVG,4.91,4.93,4.85,4.87,1815200,KBS,2026-10-09T04:28:45Z
2024-02-02,EVG,4.92,4.95,4.82,4.82,1804700,KBS,2026-10-09T04:28:45Z
2024-02-05,EVG,4.82,4.88,4.74,4.74,2174500,KBS,2026-10-09T04:28:45Z
2024-02-06,EVG,4.74,4.95,4.74,4.84,860000,KBS,2026-10-09T04:28:45Z
2024-02-07,EVG,4.84,4.93,4.84,4.86,1096300,KBS,2026-10-09T04:28:45Z
2024-02-15,EVG,4.91,5.03,4.89,4.97,1314200,KBS,2026-10-09T04:28:45Z
2024-02-16,EVG,5.01,5.05,4.97,5.03,908100,KBS,2026-10-09T04:28:45Z
2024-02-19,EVG,5.05,5.05,4.95,5.04,831100,KBS,2026-10-09T04:28:45Z
2024-02-20,EVG,5.07,5.12,4.99,5.09,1884400,KBS,2026-10-09T04:28:45Z
2024-02-21,EVG,5.09,5.09,4.98,5.04,873300,KBS,2026-10-09T04:28:45Z
2024-02-22,EVG,5.04,5.22,5.04,5.2,2866500,KBS,2026-10-09T04:28:45Z
2024-02-23,EVG,5.29,5.29,4.96,5.14,1942900,KBS,2026-10-09T04:28:45Z
2024-02-26,EVG,5.14,5.14,5.0,5.02,1288600,KBS,2026-10-09T04:28:45Z
2024-02-27,EVG,5.07,5.1,4.97,5.1,2302200,KBS,2026-10-09T04:28:45Z
2024-02-28,EVG,5.05,5.14,4.95,5.11,2102500,KBS,2026-10-09T04:28:45Z
2024-02-29,EVG,5.1,5.1,5.01,5.03,701200,KBS,2026-10-09T04:28:45Z
2024-03-01,EVG,5.03,5.12,5.0,5.06,1940700,KBS,2026-10-09T04:28:45Z
2024-03-04,EVG,5.12,5.38,5.1,5.26,4143300,KBS,2026-10-09T04:28:45Z
2024-03-05,EVG,5.26,5.49,5.21,5.44,4876500,KBS,2026-10-09T04:28:45Z
2024-03-06,EVG,5.51,5.58,5.34,5.43,3317600,KBS,2026-10-09T04:28:45Z
2024-03-07,EVG,5.43,5.43,5.24,5.31,3518600,KBS,2026-10-09T04:28:45Z
2024-03-08,EVG,5.31,5.4,5.06,5.27,2376900,KBS,2026-10-09T04:28:45Z
2024-03-11,EVG,5.24,5.24,5.08,5.14,1548700,KBS,2026-10-09T04:28:45Z
2024-03-12,EVG,5.14,5.22,5.12,5.12,1790900,KBS,2026-10-09T04:28:45Z
2024-03-13,EVG,5.17,5.21,5.11,5.17,1331300,KBS,2026-10-09T04:28:45Z
2024-03-14,EVG,5.28,5.38,5.19,5.31,1999400,KBS,2026-10-09T04:28:45Z
2024-03-15,EVG,5.34,5.52,5.24,5.47,3272200,KBS,2026-10-09T04:28:45Z
2024-03-18,EVG,5.55,5.85,5.24,5.81,5899000,KBS,2026-10-09T04:28:45Z
2024-03-19,EVG,5.89,5.89,5.5,5.65,2986500,KBS,2026-10-09T04:28:45Z
2024-03-20,EVG,5.64,5.72,5.54,5.72,2194400,KBS,2026-10-09T04:28:45Z
2024-03-21,EVG,5.72,5.9,5.68,5.8,2001300,KBS,2026-10-09T04:28:45Z
2024-03-22,EVG,5.84,6.09,5.72,5.87,4074100,KBS,2026-10-09T04:28:45Z
2024-03-25,EVG,5.89,6.09,5.78,5.82,3385900,KBS,2026-10-09T04:28:45Z
2024-03-26,EVG,5.81,5.82,5.69,5.7,3802900,KBS,2026-10-09T04:28:45Z
2024-03-27,EVG,5.7,5.78,5.43,5.7,5335400,KBS,2026-10-09T04:28:45Z
2024-03-28,EVG,5.7,5.81,5.59,5.7,1549600,KBS,2026-10-09T04:28:45Z
2024-03-29,EVG,5.63,5.63,5.54,5.55,1079000,KBS,2026-10-09T04:28:45Z
2024-04-01,EVG,5.55,5.78,5.55,5.7,2194500,KBS,2026-10-09T04:28:45Z
2024-04-02,EVG,5.7,5.7,5.57,5.7,1318800,KBS,2026-10-09T04:28:45Z
2024-04-03,EVG,5.72,5.8,5.54,5.54,1929500,KBS,2026-10-09T04:28:45Z
2024-04-04,EVG,5.16,5.29,5.16,5.16,5895500,KBS,2026-10-09T04:28:45Z
2024-04-05,EVG,4.82,4.86,4.81,4.81,5244100,KBS,2026-10-09T04:28:45Z
2024-04-08,EVG,4.58,4.76,4.58,4.63,1915900,KBS,2026-10-09T04:28:45Z
2024-04-09,EVG,4.86,4.86,4.66,4.86,1818800,KBS,2026-10-09T04:28:45Z
2024-04-10,EVG,4.95,4.95,4.85,4.86,1433000,KBS,2026-10-09T04:28:45Z
2024-04-11,EVG,4.85,4.86,4.76,4.82,1061400,KBS,2026-10-09T04:28:45Z
2024-04-12,EVG,4.91,4.91,4.79,4.83,1016900,KBS,2026-10-09T04:28:45Z
2024-04-15,EVG,4.79,4.83,4.5,4.51,1467700,KBS,2026-10-09T04:28:45Z
2024-04-16,EVG,4.51,4.59,4.33,4.56,2234800,KBS,2026-10-09T04:28:45Z
2024-04-17,EVG,4.6,4.65,4.49,4.5,1113700,KBS,2026-10-09T04:28:45Z
2024-04-19,EVG,4.61,4.61,4.27,4.37,1493800,KBS,2026-10-09T04:28:45Z
2024-04-22,EVG,4.53,4.62,4.43,4.62,838800,KBS,2026-10-09T04:28:45Z
2024-04-23,EVG,4.54,4.62,4.48,4.62,1140500,KBS,2026-10-09T04:28:45Z
2024-04-24,EVG,4.61,4.8,4.55,4.76,1716700,KBS,2026-10-09T04:28:45Z
2024-04-25,EVG,4.75,4.75,4.65,4.74,722400,KBS,2026-10-09T04:28:45Z
2024-04-26,EVG,4.71,4.74,4.64,4.67,660600,KBS,2026-10-09T04:28:45Z
2024-05-02,EVG,4.81,4.81,4.6,4.62,466200,KBS,2026-10-09T04:28:45Z
2024-05-03,EVG,4.64,4.67,4.58,4.6,832100,KBS,2026-10-09T04:28:45Z
2024-05-06,EVG,4.63,4.77,4.6,4.72,1808600,KBS,2026-10-09T04:28:45Z
2024-05-07,EVG,4.72,4.86,4.67,4.74,925500,KBS,2026-10-09T04:28:45Z
2024-05-08,EVG,4.74,4.74,4.63,4.67,1070300,KBS,2026-10-09T04:28:45Z
2024-05-09,EVG,4.75,4.75,4.65,4.69,967800,KBS,2026-10-09T04:28:45Z
2024-05-10,EVG,4.69,4.7,4.66,4.7,938700,KBS,2026-10-09T04:28:45Z
2024-05-13,EVG,4.86,5.02,4.38,5.02,4023000,KBS,2026-10-09T04:28:45Z
2024-05-14,EVG,5.1,5.1,4.92,5.0,1769000,KBS,2026-10-09T04:28:45Z
2024-05-15,EVG,5.05,5.07,4.93,4.98,1285900,KBS,2026-10-09T04:28:45Z
2024-05-16,EVG,5.0,5.07,4.89,4.97,1254000,KBS,2026-10-09T04:28:45Z
2024-05-17,EVG,4.96,5.05,4.81,4.99,2306600,KBS,2026-10-09T04:28:45Z
2024-05-20,EVG,5.02,5.1,4.98,5.03,1221800,KBS,2026-10-09T04:28:45Z
2024-05-21,EVG,5.07,5.07,4.95,5.03,1016400,KBS,2026-10-09T04:28:45Z
2024-05-22,EVG,5.0,5.37,5.0,5.37,5759000,KBS,2026-10-09T04:28:45Z
2024-05-23,EVG,5.43,5.67,5.34,5.52,3521900,KBS,2026-10-09T04:28:45Z
2024-05-24,EVG,5.43,5.65,5.15,5.32,2787400,KBS,2026-10-09T04:28:45Z
2024-05-27,EVG,5.32,5.32,5.19,5.31,1087500,KBS,2026-10-09T04:28:45Z
2024-05-28,EVG,5.32,5.52,5.32,5.49,3407100,KBS,2026-10-09T04:28:45Z
2024-05-29,EVG,5.52,5.87,5.49,5.87,6880300,KBS,2026-10-09T04:28:45Z
2024-05-30,EVG,5.9,6.28,5.81,6.28,8453500,KBS,2026-10-09T04:28:45Z
2024-05-31,EVG,6.47,6.54,6.1,6.32,3831600,KBS,2026-10-09T04:28:45Z
2024-06-03,EVG,6.35,6.75,6.34,6.75,6275700,KBS,2026-10-09T04:28:45Z
2024-06-04,EVG,6.76,6.94,6.48,6.64,2785100,KBS,2026-10-09T04:28:45Z
2024-06-05,EVG,6.64,7.05,6.48,6.76,4129700,KBS,2026-10-09T04:28:45Z
2024-06-06,EVG,6.8,7.14,6.68,6.97,5033800,KBS,2026-10-09T04:28:45Z
2024-06-07,EVG,6.96,7.13,6.76,6.88,3514400,KBS,2026-10-09T04:28:45Z
2024-06-10,EVG,6.88,6.88,6.54,6.67,3701700,KBS,2026-10-09T04:28:45Z
2024-06-11,EVG,6.67,6.84,6.48,6.62,2178200,KBS,2026-10-09T04:28:45Z
2024-06-12,EVG,6.65,7.01,6.59,6.88,3797100,KBS,2026-10-09T04:28:45Z
2024-06-13,EVG,6.88,6.95,6.74,6.81,1428700,KBS,2026-10-09T04:28:45Z
2024-06-14,EVG,6.85,6.94,6.57,6.78,2643600,KBS,2026-10-09T04:28:45Z
2024-06-17,EVG,6.62,6.71,6.32,6.32,3480400,KBS,2026-10-09T04:28:45Z
2024-06-18,EVG,6.29,6.52,5.95,6.42,4314000,KBS,2026-10-09T04:28:45Z
2024-06-19,EVG,6.52,6.52,6.27,6.42,1700800,KBS,2026-10-09T04:28:45Z
2024-06-20,EVG,6.41,6.51,6.17,6.36,2025200,KBS,2026-10-09T04:28:45Z
2024-06-21,EVG,6.36,6.8,6.24,6.8,7631000,KBS,2026-10-09T04:28:45Z
2024-06-24,EVG,6.96,7.27,6.67,7.27,11454100,KBS,2026-10-09T04:28:45Z
2024-06-25,EVG,7.41,7.62,7.05,7.48,3778200,KBS,2026-10-09T04:28:45Z
2024-06-26,EVG,7.47,7.57,7.06,7.43,4070200,KBS,2026-10-09T04:28:45Z
2024-06-27,EVG,7.14,7.43,6.92,6.92,8309400,KBS,2026-10-09T04:28:45Z
2024-06-28,EVG,6.86,6.86,6.44,6.44,4897300,KBS,2026-10-09T04:28:45Z
2024-07-01,EVG,6.44,6.86,6.3,6.74,4364800,KBS,2026-10-09T04:28:45Z
2024-07-02,EVG,6.79,7.0,6.67,6.87,2648900,KBS,2026-10-09T04:28:45Z
2024-07-03,EVG,6.91,6.95,6.74,6.94,4278200,KBS,2026-10-09T04:28:45Z
2024-07-04,EVG,6.95,6.95,6.74,6.78,2732100,KBS,2026-10-09T04:28:45Z
2024-07-05,EVG,6.81,6.82,6.71,6.75,1559200,KBS,2026-10-09T04:28:45Z
2024-07-08,EVG,6.48,6.8,6.48,6.76,3538800,KBS,2026-10-09T04:28:45Z
2024-07-09,EVG,6.8,6.97,6.72,6.95,4523000,KBS,2026-10-09T04:28:45Z
2024-07-10,EVG,6.95,6.95,6.76,6.9,1628800,KBS,2026-10-09T04:28:45Z
2024-07-11,EVG,6.9,6.98,6.79,6.87,2970100,KBS,2026-10-09T04:28:45Z
2024-07-12,EVG,6.88,7.34,6.82,7.22,8558200,KBS,2026-10-09T04:28:45Z
2024-07-15,EVG,7.23,7.52,7.13,7.34,2608900,KBS,2026-10-09T04:28:45Z
2024-07-16,EVG,7.34,7.54,6.86,7.14,4109500,KBS,2026-10-09T04:28:45Z
2024-07-17,EVG,7.14,7.14,6.65,6.67,4792600,KBS,2026-10-09T04:28:45Z
2024-07-18,EVG,6.67,6.8,6.57,6.78,1749200,KBS,2026-10-09T04:28:45Z
2024-07-19,EVG,6.78,6.78,6.53,6.54,1283900,KBS,2026-10-09T04:28:45Z
2024-07-22,EVG,6.53,6.57,6.08,6.08,3885700,KBS,2026-10-09T04:28:45Z
2024-07-23,EVG,6.0,6.12,5.72,5.72,1862900,KBS,2026-10-09T04:28:45Z
2024-07-24,EVG,5.72,6.08,5.62,6.08,2796300,KBS,2026-10-09T04:28:45Z
2024-07-25,EVG,6.08,6.17,5.92,6.14,769000,KBS,2026-10-09T04:28:45Z
2024-07-26,EVG,6.14,6.23,6.11,6.18,1163200,KBS,2026-10-09T04:28:45Z
2024-07-29,EVG,6.25,6.25,6.01,6.19,2771100,KBS,2026-10-09T04:28:45Z
2024-07-30,EVG,6.2,6.43,6.06,6.39,2578600,KBS,2026-10-09T04:28:45Z
2024-07-31,EVG,6.35,6.48,6.19,6.35,1116000,KBS,2026-10-09T04:28:45Z
2024-08-01,EVG,6.35,6.42,5.92,6.0,1598600,KBS,2026-10-09T04:28:45Z
2024-08-02,EVG,5.99,6.09,5.82,6.0,1340700,KBS,2026-10-09T04:28:45Z
2024-08-05,EVG,5.82,5.94,5.58,5.58,2013600,KBS,2026-10-09T04:28:45Z
2024-08-06,EVG,5.71,5.76,5.45,5.69,1453400,KBS,2026-10-09T04:28:45Z
2024-08-07,EVG,5.76,5.8,5.61,5.72,1204500,KBS,2026-10-09T04:28:45Z
2024-08-08,EVG,5.72,5.81,5.6,5.62,1120900,KBS,2026-10-09T04:28:45Z
2024-08-09,EVG,5.69,5.91,5.69,5.81,1789600,KBS,2026-10-09T04:28:45Z
2024-08-12,EVG,5.81,5.91,5.72,5.86,823600,KBS,2026-10-09T04:28:45Z
2024-08-13,EVG,5.9,5.92,5.78,5.86,861600,KBS,2026-10-09T04:28:45Z
2024-08-14,EVG,5.91,6.04,5.87,5.98,1635600,KBS,2026-10-09T04:28:45Z
2024-08-15,EVG,5.97,6.0,5.84,5.95,754800,KBS,2026-10-09T04:28:45Z
2024-08-16,EVG,5.92,6.36,5.92,6.34,4037300,KBS,2026-10-09T04:28:45Z
2024-08-19,EVG,6.34,6.36,6.14,6.24,1406500,KBS,2026-10-09T04:28:45Z
2024-08-20,EVG,6.27,6.53,6.24,6.47,2774800,KBS,2026-10-09T04:28:45Z
2024-08-21,EVG,6.46,6.46,6.24,6.37,1576700,KBS,2026-10-09T04:28:45Z
2024-08-22,EVG,6.34,6.34,6.19,6.21,1563400,KBS,2026-10-09T04:28:45Z
2024-08-23,EVG,6.47,6.64,6.37,6.64,4198400,KBS,2026-10-09T04:28:45Z
2024-08-26,EVG,6.81,7.03,6.67,6.79,1831100,KBS,2026-10-09T04:28:45Z
2024-08-27,EVG,6.78,6.84,6.67,6.79,1805900,KBS,2026-10-09T04:28:45Z
2024-08-28,EVG,6.86,7.0,6.62,6.74,2070800,KBS,2026-10-09T04:28:45Z
2024-08-29,EVG,6.74,6.76,6.53,6.75,1190900,KBS,2026-10-09T04:28:45Z
2024-08-30,EVG,6.67,6.76,6.58,6.74,1633400,KBS,2026-10-09T04:28:45Z
2024-09-04,EVG,6.67,6.67,6.5,6.51,1255000,KBS,2026-10-09T04:28:45Z
2024-09-05,EVG,6.51,6.95,6.51,6.89,4840300,KBS,2026-10-09T04:28:45Z
2024-09-06,EVG,6.87,6.87,6.71,6.77,1609000,KBS,2026-10-09T04:28:45Z
2024-09-09,EVG,6.73,6.79,6.62,6.65,1962500,KBS,2026-10-09T04:28:45Z
2024-09-10,EVG,6.76,6.76,6.42,6.43,1589600,KBS,2026-10-09T04:28:45Z
2024-09-11,EVG,6.43,6.53,6.21,6.4,1032600,KBS,2026-10-09T04:28:45Z
2024-09-12,EVG,6.43,6.51,6.32,6.34,728700,KBS,2026-10-09T04:28:45Z
2024-09-13,EVG,6.34,6.45,6.34,6.38,367700,KBS,2026-10-09T04:28:45Z
2024-09-16,EVG,6.38,6.72,6.28,6.57,2574900,KBS,2026-10-09T04:28:45Z
2024-09-17,EVG,6.66,6.66,6.42,6.58,1368800,KBS,2026-10-09T04:28:45Z
2024-09-18,EVG,6.55,6.84,6.54,6.67,2170200,KBS,2026-10-09T04:28:45Z
2024-09-19,EVG,6.64,6.77,6.57,6.74,1946000,KBS,2026-10-09T04:28:45Z
2024-09-20,EVG,6.74,6.94,6.72,6.86,2022100,KBS,2026-10-09T04:28:45Z
2024-09-23,EVG,6.86,6.86,6.66,6.67,1613100,KBS,2026-10-09T04:28:45Z
2024-09-24,EVG,6.76,6.84,6.67,6.84,2347900,KBS,2026-10-09T04:28:45Z
2024-09-25,EVG,6.83,6.94,6.74,6.86,2576600,KBS,2026-10-09T04:28:45Z
2024-09-26,EVG,6.86,6.99,6.76,6.94,3829000,KBS,2026-10-09T04:28:45Z
2024-09-27,EVG,6.94,6.94,6.7,6.76,1593200,KBS,2026-10-09T04:28:45Z
2024-09-30,EVG,6.74,6.75,6.58,6.58,1384700,KBS,2026-10-09T04:28:45Z
2024-10-01,EVG,6.7,6.78,6.6,6.62,1670300,KBS,2026-10-09T04:28:45Z
2024-10-02,EVG,6.62,6.64,6.53,6.53,1357800,KBS,2026-10-09T04:28:45Z
2024-10-03,EVG,6.58,6.59,6.41,6.43,1534700,KBS,2026-10-09T04:28:45Z
2024-10-04,EVG,6.48,6.5,6.34,6.34,1111900,KBS,2026-10-09T04:28:45Z
2024-10-07,EVG,6.36,6.48,6.34,6.4,1088400,KBS,2026-10-09T04:28:45Z
2024-10-08,EVG,6.45,6.46,6.35,6.46,1063900,KBS,2026-10-09T04:28:45Z
2024-10-09,EVG,6.4,6.49,6.4,6.49,1219100,KBS,2026-10-09T04:28:45Z
2024-10-10,EVG,6.49,6.52,6.38,6.4,1060300,KBS,2026-10-09T04:28:45Z
2024-10-11,EVG,6.46,6.51,6.38,6.43,1224300,KBS,2026-10-09T04:28:45Z
2024-10-14,EVG,6.43,6.48,6.32,6.34,745200,KBS,2026-10-09T04:28:45Z
2024-10-15,EVG,6.38,6.41,6.24,6.25,1111400,KBS,2026-10-09T04:28:45Z
2024-10-16,EVG,6.38,6.38,6.24,6.29,958800,KBS,2026-10-09T04:28:45Z
2024-10-17,EVG,6.34,6.53,6.19,6.53,1955400,KBS,2026-10-09T04:28:45Z
2024-10-18,EVG,6.38,6.52,6.34,6.38,625100,KBS,2026-10-09T04:28:45Z
2024-10-21,EVG,6.38,6.53,6.37,6.42,1437400,KBS,2026-10-09T04:28:45Z
2024-10-22,EVG,6.38,6.46,6.29,6.32,1130500,KBS,2026-10-09T04:28:45Z
2024-10-23,EVG,6.34,6.5,6.29,6.45,1362700,KBS,2026-10-09T04:28:45Z
2024-10-24,EVG,6.41,6.45,6.32,6.32,671100,KBS,2026-10-09T04:28:45Z
2024-10-25,EVG,6.34,6.42,6.29,6.32,1027500,KBS,2026-10-09T04:28:45Z
2024-10-28,EVG,6.34,6.61,6.34,6.53,1632900,KBS,2026-10-09T04:28:45Z
2024-10-29,EVG,6.58,6.67,6.44,6.44,1406700,KBS,2026-10-09T04:28:45Z
2024-10-30,EVG,6.48,6.48,6.38,6.39,720000,KBS,2026-10-09T04:28:45Z
2024-10-31,EVG,6.4,6.4,6.3,6.32,737000,KBS,2026-10-09T04:28:45Z
2024-11-01,EVG,6.31,6.38,6.29,6.29,600500,KBS,2026-10-09T04:28:45Z
2024-11-04,EVG,6.31,6.31,5.91,5.94,1918300,KBS,2026-10-09T04:28:45Z
2024-11-05,EVG,5.94,6.0,5.94,5.95,444600,KBS,2026-10-09T04:28:45Z
2024-11-06,EVG,5.95,6.12,5.95,6.08,1347800,KBS,2026-10-09T04:28:45Z
2024-11-07,EVG,6.12,6.14,6.0,6.0,1219400,KBS,2026-10-09T04:28:45Z
2024-11-08,EVG,6.06,6.07,5.97,6.0,1072800,KBS,2026-10-09T04:28:45Z
2024-11-11,EVG,6.0,6.03,5.89,6.0,1058200,KBS,2026-10-09T04:28:45Z
2024-11-12,EVG,6.0,6.06,5.87,5.87,1446200,KBS,2026-10-09T04:28:45Z
2024-11-13,EVG,5.87,5.9,5.72,5.87,2521600,KBS,2026-10-09T04:28:45Z
2024-11-14,EVG,5.88,5.88,5.62,5.62,1040200,KBS,2026-10-09T04:28:45Z
2024-11-15,EVG,5.58,5.66,5.52,5.62,1068600,KBS,2026-10-09T04:28:45Z
2024-11-18,EVG,5.49,5.71,5.49,5.67,370100,KBS,2026-10-09T04:28:45Z
2024-11-19,EVG,5.68,5.68,5.4,5.4,471400,KBS,2026-10-09T04:28:45Z
2024-11-20,EVG,5.45,5.76,5.36,5.51,2475900,KBS,2026-10-09T04:28:45Z
2024-11-21,EVG,5.51,5.57,5.51,5.56,1288700,KBS,2026-10-09T04:28:45Z
2024-11-22,EVG,5.57,5.69,5.43,5.52,992900,KBS,2026-10-09T04:28:45Z
2024-11-25,EVG,5.55,5.6,5.46,5.52,1400100,KBS,2026-10-09T04:28:45Z
2024-11-26,EVG,5.54,5.91,5.54,5.91,5171600,KBS,2026-10-09T04:28:45Z
2024-11-27,EVG,6.06,6.09,5.86,5.97,1253500,KBS,2026-10-09T04:28:45Z
2024-11-28,EVG,5.96,6.38,5.92,6.18,6360700,KBS,2026-10-09T04:28:45Z
2024-11-29,EVG,6.19,6.27,6.11,6.17,1353900,KBS,2026-10-09T04:28:45Z
2024-12-02,EVG,6.29,6.29,6.01,6.18,879900,KBS,2026-10-09T04:28:45Z
2024-12-03,EVG,6.12,6.61,6.05,6.18,5367700,KBS,2026-10-09T04:28:45Z
2024-12-04,EVG,6.19,6.19,6.06,6.06,1376400,KBS,2026-10-09T04:28:45Z
2024-12-05,EVG,6.14,6.29,6.06,6.19,1567600,KBS,2026-10-09T04:28:45Z
2024-12-06,EVG,6.21,6.26,6.09,6.17,1096200,KBS,2026-10-09T04:28:45Z
2024-12-09,EVG,6.2,6.41,6.2,6.34,1695700,KBS,2026-10-09T04:28:45Z
2024-12-10,EVG,6.38,6.47,6.27,6.34,1187400,KBS,2026-10-09T04:28:45Z
2024-12-11,EVG,6.34,6.36,6.2,6.2,761200,KBS,2026-10-09T04:28:45Z
2024-12-12,EVG,6.17,6.3,6.08,6.08,1218200,KBS,2026-10-09T04:28:45Z
2024-12-13,EVG,6.08,6.08,5.98,6.04,1510200,KBS,2026-10-09T04:28:45Z
2024-12-16,EVG,6.09,6.15,6.02,6.08,972200,KBS,2026-10-09T04:28:45Z
2024-12-17,EVG,6.12,6.34,6.02,6.21,1908500,KBS,2026-10-09T04:28:45Z
2024-12-18,EVG,6.22,6.29,6.15,6.22,1424800,KBS,2026-10-09T04:28:45Z
2024-12-19,EVG,6.15,6.15,5.92,5.95,2191000,KBS,2026-10-09T04:28:45Z
2024-12-20,EVG,5.95,6.03,5.92,5.95,1973500,KBS,2026-10-09T04:28:45Z
2024-12-23,EVG,6.05,6.09,5.99,6.0,904700,KBS,2026-10-09T04:28:45Z
2024-12-24,EVG,6.0,6.07,5.89,5.95,1579400,KBS,2026-10-09T04:28:45Z
2024-12-25,EVG,5.95,6.1,5.94,6.05,1573800,KBS,2026-10-09T04:28:45Z
2024-12-26,EVG,6.1,6.34,6.02,6.2,2760500,KBS,2026-10-09T04:28:45Z
2024-12-27,EVG,6.27,6.27,6.09,6.09,495800,KBS,2026-10-09T04:28:45Z
2024-12-30,EVG,6.09,6.11,5.95,5.98,738300,KBS,2026-10-09T04:28:45Z
2024-12-31,EVG,5.95,5.99,5.92,5.94,478600,KBS,2026-10-09T04:28:45Z
2025-01-02,EVG,6.0,6.0,5.92,5.94,281100,KBS,2026-10-09T04:28:45Z
2025-01-03,EVG,5.92,5.98,5.74,5.74,984400,KBS,2026-10-09T04:28:45Z
2025-01-06,EVG,5.78,5.8,5.62,5.62,822500,KBS,2026-10-09T04:28:45Z
2025-01-07,EVG,5.62,5.71,5.58,5.63,791700,KBS,2026-10-09T04:28:45Z
2025-01-08,EVG,5.6,5.74,5.6,5.72,433800,KBS,2026-10-09T04:28:45Z
2025-01-09,EVG,5.66,5.76,5.64,5.66,301200,KBS,2026-10-09T04:28:45Z
2025-01-10,EVG,5.69,5.71,5.54,5.61,600600,KBS,2026-10-09T04:28:45Z
2025-01-13,EVG,5.6,5.61,5.47,5.61,415500,KBS,2026-10-09T04:28:45Z
2025-01-14,EVG,5.61,5.71,5.54,5.66,904700,KBS,2026-10-09T04:28:45Z
2025-01-15,EVG,5.66,5.78,5.65,5.74,761200,KBS,2026-10-09T04:28:45Z
2025-01-16,EVG,5.76,5.84,5.71,5.79,637400,KBS,2026-10-09T04:28:45Z
2025-01-17,EVG,5.81,5.81,5.72,5.76,835000,KBS,2026-10-09T04:28:45Z
2025-01-20,EVG,5.81,5.91,5.72,5.72,757000,KBS,2026-10-09T04:28:45Z
2025-01-21,EVG,5.74,5.77,5.7,5.72,720400,KBS,2026-10-09T04:28:45Z
2025-01-22,EVG,5.72,5.8,5.72,5.72,810200,KBS,2026-10-09T04:28:45Z
2025-01-23,EVG,5.8,5.8,5.72,5.74,775500,KBS,2026-10-09T04:28:45Z
2025-01-24,EVG,5.72,5.86,5.72,5.85,885900,KBS,2026-10-09T04:28:45Z
2025-02-03,EVG,5.74,5.88,5.74,5.86,877800,KBS,2026-10-09T04:28:45Z
2025-02-04,EVG,5.87,5.95,5.87,5.92,1133000,KBS,2026-10-09T04:28:45Z
2025-02-05,EVG,5.94,6.12,5.94,6.07,1892900,KBS,2026-10-09T04:28:45Z
2025-02-06,EVG,6.08,6.08,5.96,6.04,1285400,KBS,2026-10-09T04:28:45Z
2025-02-07,EVG,6.0,6.04,5.95,5.96,1332000,KBS,2026-10-09T04:28:45Z
2025-02-10,EVG,5.95,5.95,5.79,5.83,1280500,KBS,2026-10-09T04:28:45Z
2025-02-11,EVG,5.85,5.86,5.76,5.76,1279600,KBS,2026-10-09T04:28:45Z
2025-02-12,EVG,5.77,5.86,5.77,5.8,1399300,KBS,2026-10-09T04:28:45Z
2025-02-13,EVG,5.8,5.91,5.72,5.91,1612500,KBS,2026-10-09T04:28:45Z
2025-02-14,EVG,5.91,5.92,5.81,5.84,1317100,KBS,2026-10-09T04:28:45Z
2025-02-17,EVG,5.84,6.08,5.84,5.99,1653200,KBS,2026-10-09T04:28:45Z
2025-02-18,EVG,6.02,6.08,5.97,5.97,960700,KBS,2026-10-09T04:28:45Z
2025-02-19,EVG,6.0,6.2,5.97,6.16,2051800,KBS,2026-10-09T04:28:45Z
2025-02-20,EVG,6.19,6.22,6.1,6.15,735400,KBS,2026-10-09T04:28:45Z
2025-02-21,EVG,6.14,6.14,6.02,6.04,918400,KBS,2026-10-09T04:28:45Z
2025-02-24,EVG,6.05,6.12,6.01,6.1,609200,KBS,2026-10-09T04:28:45Z
2025-02-25,EVG,6.12,6.18,6.02,6.04,823500,KBS,2026-10-09T04:28:45Z
2025-02-26,EVG,6.1,6.14,6.0,6.12,946000,KBS,2026-10-09T04:28:45Z
2025-02-27,EVG,6.22,6.54,6.21,6.54,4140900,KBS,2026-10-09T04:28:45Z
2025-02-28,EVG,6.72,6.72,6.42,6.51,2044000,KBS,2026-10-09T04:28:45Z
2025-03-03,EVG,6.54,6.57,6.38,6.38,1329400,KBS,2026-10-09T04:28:45Z
2025-03-04,EVG,6.39,6.43,6.21,6.23,1545400,KBS,2026-10-09T04:28:45Z
2025-03-05,EVG,6.23,6.31,5.98,6.0,1463800,KBS,2026-10-09T04:28:45Z
2025-03-06,EVG,6.01,6.08,5.99,6.05,851300,KBS,2026-10-09T04:28:45Z
2025-03-07,EVG,6.07,6.22,6.05,6.07,842200,KBS,2026-10-09T04:28:45Z
2025-03-10,EVG,6.1,6.23,6.04,6.14,1018900,KBS,2026-10-09T04:28:45Z
2025-03-11,EVG,6.0,6.19,6.0,6.17,617100,KBS,2026-10-09T04:28:45Z
2025-03-12,EVG,6.24,6.24,6.08,6.12,551500,KBS,2026-10-09T04:28:45Z
2025-03-13,EVG,6.12,6.15,6.0,6.05,912700,KBS,2026-10-09T04:28:45Z
2025-03-14,EVG,6.05,6.18,6.02,6.08,664200,KBS,2026-10-09T04:28:45Z
2025-03-17,EVG,6.14,6.21,6.09,6.19,779800,KBS,2026-10-09T04:28:45Z
2025-03-18,EVG,6.24,6.47,6.2,6.2,1397300,KBS,2026-10-09T04:28:45Z
2025-03-19,EVG,6.2,6.22,6.1,6.15,549400,KBS,2026-10-09T04:28:45Z
2025-03-20,EVG,6.14,6.19,5.98,6.04,1301100,KBS,2026-10-09T04:28:45Z
2025-03-21,EVG,6.05,6.1,5.87,5.89,1443600,KBS,2026-10-09T04:28:45Z
2025-03-24,EVG,6.08,6.08,5.9,5.95,666200,KBS,2026-10-09T04:28:45Z
2025-03-25,EVG,5.96,6.05,5.95,5.95,465500,KBS,2026-10-09T04:28:45Z
2025-03-26,EVG,5.98,6.0,5.94,5.94,420700,KBS,2026-10-09T04:28:45Z
2025-03-27,EVG,5.96,5.96,5.88,5.94,393300,KBS,2026-10-09T04:28:45Z
2025-03-28,EVG,5.94,6.05,5.92,5.95,978600,KBS,2026-10-09T04:28:45Z
2025-03-31,EVG,5.95,6.17,5.95,6.07,807200,KBS,2026-10-09T04:28:45Z
2025-04-01,EVG,6.48,6.48,6.17,6.17,1896700,KBS,2026-10-09T04:28:45Z
2025-04-02,EVG,6.29,6.29,6.14,6.17,730700,KBS,2026-10-09T04:28:45Z
2025-04-03,EVG,5.83,6.0,5.74,5.74,2516700,KBS,2026-10-09T04:28:45Z
2025-04-04,EVG,5.34,5.41,5.34,5.34,3507600,KBS,2026-10-09T04:28:45Z
2025-04-08,EVG,5.05,5.24,4.97,4.97,864800,KBS,2026-10-09T04:28:45Z
2025-04-09,EVG,4.63,4.81,4.63,4.63,2426600,KBS,2026-10-09T04:28:45Z
2025-04-10,EVG,4.95,4.95,4.95,4.95,82500,KBS,2026-10-09T04:28:45Z
2025-04-11,EVG,5.3,5.3,5.02,5.14,2760600,KBS,2026-10-09T04:28:45Z
2025-04-14,EVG,5.24,5.26,5.15,5.21,830100,KBS,2026-10-09T04:28:45Z
2025-04-15,EVG,5.19,5.32,5.14,5.2,466400,KBS,2026-10-09T04:28:45Z
2025-04-16,EVG,5.21,5.31,5.19,5.2,481900,KBS,2026-10-09T04:28:45Z
2025-04-17,EVG,5.18,5.39,5.14,5.39,506900,KBS,2026-10-09T04:28:45Z
2025-04-18,EVG,5.45,5.76,5.4,5.72,2339100,KBS,2026-10-09T04:28:45Z
2025-04-21,EVG,5.74,5.82,5.62,5.64,630100,KBS,2026-10-09T04:28:45Z
2025-04-22,EVG,5.62,5.7,5.25,5.41,1518400,KBS,2026-10-09T04:28:45Z
2025-04-23,EVG,5.48,5.7,5.45,5.64,717600,KBS,2026-10-09T04:28:45Z
2025-04-24,EVG,5.54,5.71,5.54,5.67,463400,KBS,2026-10-09T04:28:45Z
2025-04-25,EVG,5.69,5.69,5.58,5.65,446900,KBS,2026-10-09T04:28:45Z
2025-04-28,EVG,5.64,5.65,5.54,5.62,431700,KBS,2026-10-09T04:28:45Z
2025-04-29,EVG,5.65,5.72,5.52,5.6,318000,KBS,2026-10-09T04:28:45Z
2025-05-05,EVG,5.67,5.72,5.61,5.7,430200,KBS,2026-10-09T04:28:45Z
2025-05-06,EVG,5.72,5.77,5.7,5.74,510000,KBS,2026-10-09T04:28:45Z
2025-05-07,EVG,5.74,5.81,5.72,5.77,575300,KBS,2026-10-09T04:28:45Z
2025-05-08,EVG,5.78,5.8,5.72,5.78,615200,KBS,2026-10-09T04:28:45Z
2025-05-09,EVG,5.8,5.94,5.77,5.77,735200,KBS,2026-10-09T04:28:45Z
2025-05-12,EVG,5.77,5.89,5.74,5.87,731400,KBS,2026-10-09T04:28:45Z
2025-05-13,EVG,5.88,5.94,5.81,5.81,655600,KBS,2026-10-09T04:28:45Z
2025-05-14,EVG,5.84,5.87,5.79,5.8,431800,KBS,2026-10-09T04:28:45Z
2025-05-15,EVG,5.85,5.91,5.75,5.82,516700,KBS,2026-10-09T04:28:45Z
2025-05-16,EVG,5.86,5.87,5.82,5.86,436000,KBS,2026-10-09T04:28:45Z
2025-05-19,EVG,5.86,5.87,5.8,5.82,512000,KBS,2026-10-09T04:28:45Z
2025-05-20,EVG,5.82,5.87,5.79,5.82,331000,KBS,2026-10-09T04:28:45Z
2025-05-21,EVG,5.85,5.86,5.42,5.77,690000,KBS,2026-10-09T04:28:45Z
2025-05-22,EVG,5.77,5.81,5.65,5.71,613500,KBS,2026-10-09T04:28:45Z
2025-05-23,EVG,5.75,5.78,5.66,5.78,364500,KBS,2026-10-09T04:28:45Z
2025-05-26,EVG,5.74,6.12,5.6,6.1,1635600,KBS,2026-10-09T04:28:45Z
2025-05-27,EVG,6.1,6.26,6.03,6.2,1661800,KBS,2026-10-09T04:28:45Z
2025-05-28,EVG,6.28,6.43,5.92,6.0,3069000,KBS,2026-10-09T04:28:45Z
2025-05-29,EVG,6.06,6.1,5.94,6.0,1222900,KBS,2026-10-09T04:28:45Z
2025-05-30,EVG,6.03,6.12,5.91,6.03,1263700,KBS,2026-10-09T04:28:45Z
2025-06-02,EVG,6.04,6.29,6.0,6.19,1258000,KBS,2026-10-09T04:28:45Z
2025-06-03,EVG,6.23,6.25,6.08,6.09,879400,KBS,2026-10-09T04:28:45Z
2025-06-04,EVG,6.1,6.51,6.09,6.51,6029100,KBS,2026-10-09T04:28:45Z
2025-06-05,EVG,6.57,6.57,6.38,6.44,1422700,KBS,2026-10-09T04:28:45Z
2025-06-06,EVG,6.43,6.49,6.1,6.14,2628300,KBS,2026-10-09T04:28:45Z
2025-06-09,EVG,6.14,6.18,6.0,6.04,1180500,KBS,2026-10-09T04:28:45Z
2025-06-10,EVG,6.01,6.08,5.86,5.91,1467000,KBS,2026-10-09T04:28:45Z
2025-06-11,EVG,5.92,6.07,5.91,5.99,898400,KBS,2026-10-09T04:28:45Z
2025-06-12,EVG,6.0,6.05,5.95,5.95,749200,KBS,2026-10-09T04:28:45Z
2025-06-13,EVG,5.91,5.92,5.72,5.76,2371300,KBS,2026-10-09T04:28:45Z
2025-06-16,EVG,5.76,5.91,5.72,5.9,735100,KBS,2026-10-09T04:28:45Z
2025-06-17,EVG,5.91,5.98,5.84,5.89,825400,KBS,2026-10-09T04:28:45Z
2025-06-18,EVG,5.91,5.94,5.84,5.89,615400,KBS,2026-10-09T04:28:45Z
2025-06-19,EVG,5.85,5.91,5.79,5.8,1074600,KBS,2026-10-09T04:28:45Z
2025-06-20,EVG,5.8,5.88,5.79,5.8,718600,KBS,2026-10-09T04:28:45Z
2025-06-23,EVG,5.79,5.79,5.7,5.74,1168300,KBS,2026-10-09T04:28:45Z
2025-06-24,EVG,5.79,5.82,5.72,5.74,957100,KBS,2026-10-09T04:28:45Z
2025-06-25,EVG,5.74,5.82,5.74,5.76,478200,KBS,2026-10-09T04:28:45Z
2025-06-26,EVG,5.81,5.99,5.74,5.88,1372200,KBS,2026-10-09T04:28:45Z
2025-06-27,EVG,5.92,5.92,5.84,5.84,438900,KBS,2026-10-09T04:28:45Z
2025-06-30,EVG,5.85,5.91,5.81,5.84,505700,KBS,2026-10-09T04:28:45Z
2025-07-01,EVG,5.86,5.9,5.72,5.75,1225500,KBS,2026-10-09T04:28:45Z
2025-07-02,EVG,5.75,5.79,5.74,5.79,755400,KBS,2026-10-09T04:28:45Z
2025-07-03,EVG,5.59,5.81,5.59,5.76,1705700,KBS,2026-10-09T04:28:45Z
2025-07-04,EVG,5.78,5.89,5.76,5.81,806300,KBS,2026-10-09T04:28:45Z
2025-07-07,EVG,5.81,5.89,5.79,5.87,1089400,KBS,2026-10-09T04:28:45Z
2025-07-08,EVG,5.87,6.01,5.86,5.94,1346400,KBS,2026-10-09T04:28:45Z
2025-07-09,EVG,6.01,6.09,5.94,5.97,2215000,KBS,2026-10-09T04:28:45Z
2025-07-10,EVG,5.97,6.07,5.92,5.94,1115000,KBS,2026-10-09T04:28:45Z
2025-07-11,EVG,5.98,6.06,5.92,5.94,1549500,KBS,2026-10-09T04:28:45Z
2025-07-14,EVG,5.95,6.02,5.81,6.02,1781700,KBS,2026-10-09T04:28:45Z
2025-07-15,EVG,6.08,6.25,6.0,6.0,2028600,KBS,2026-10-09T04:28:45Z
2025-07-16,EVG,6.0,6.29,5.96,6.29,2899200,KBS,2026-10-09T04:28:45Z
2025-07-17,EVG,6.34,6.66,6.26,6.34,3019900,KBS,2026-10-09T04:28:45Z
2025-07-18,EVG,6.39,6.61,6.24,6.38,3569700,KBS,2026-10-09T04:28:45Z
2025-07-21,EVG,6.54,6.82,6.48,6.57,5338800,KBS,2026-10-09T04:28:45Z
2025-07-22,EVG,6.57,6.57,6.29,6.48,1815900,KBS,2026-10-09T04:28:45Z
2025-07-23,EVG,6.52,6.57,6.38,6.44,2125400,KBS,2026-10-09T04:28:45Z
2025-07-24,EVG,6.56,6.84,6.5,6.54,3191600,KBS,2026-10-09T04:28:45Z
2025-07-25,EVG,6.54,6.62,6.52,6.52,1780200,KBS,2026-10-09T04:28:45Z
2025-07-28,EVG,6.95,6.96,6.75,6.96,7347900,KBS,2026-10-09T04:28:45Z
2025-07-29,EVG,7.42,7.42,6.48,6.48,5719800,KBS,2026-10-09T04:28:45Z
2025-07-30,EVG,6.66,6.67,6.38,6.65,3022500,KBS,2026-10-09T04:28:45Z
2025-07-31,EVG,6.87,7.11,6.86,7.11,8546500,KBS,2026-10-09T04:28:45Z
2025-08-01,EVG,7.6,7.6,7.6,7.6,1850600,KBS,2026-10-09T04:28:45Z
2025-08-04,EVG,8.13,8.13,8.13,8.13,1074200,KBS,2026-10-09T04:28:45Z
2025-08-05,EVG,8.69,8.69,7.66,8.69,16099100,KBS,2026-10-09T04:28:45Z
2025-08-06,EVG,9.21,9.21,8.48,8.86,6518400,KBS,2026-10-09T04:28:45Z
2025-08-07,EVG,9.04,9.05,8.65,9.05,5126500,KBS,2026-10-09T04:28:45Z
2025-08-08,EVG,9.14,9.18,8.69,8.85,4741600,KBS,2026-10-09T04:28:45Z
2025-08-11,EVG,8.85,9.43,8.84,8.91,3527300,KBS,2026-10-09T04:28:45Z
2025-08-12,EVG,8.96,9.37,8.73,9.37,5287700,KBS,2026-10-09T04:28:45Z
2025-08-13,EVG,9.38,10.0,9.38,10.0,6697700,KBS,2026-10-09T04:28:45Z
2025-08-14,EVG,10.67,10.67,10.19,10.53,7610900,KBS,2026-10-09T04:28:45Z
2025-08-15,EVG,10.81,10.81,9.81,10.29,7101400,KBS,2026-10-09T04:28:45Z
2025-08-18,EVG,10.29,10.76,10.29,10.48,3526900,KBS,2026-10-09T04:28:45Z
2025-08-19,EVG,10.72,10.72,10.38,10.48,5274500,KBS,2026-10-09T04:28:45Z
2025-08-20,EVG,10.43,10.43,9.76,9.76,10418600,KBS,2026-10-09T04:28:45Z
2025-08-21,EVG,9.72,9.76,9.24,9.27,5636700,KBS,2026-10-09T04:28:45Z
2025-08-22,EVG,9.05,9.91,8.86,9.91,6096100,KBS,2026-10-09T04:28:45Z
2025-08-25,EVG,10.48,10.48,9.43,9.62,3931700,KBS,2026-10-09T04:28:45Z
2025-08-26,EVG,9.44,9.91,9.44,9.91,2510200,KBS,2026-10-09T04:28:45Z
2025-08-27,EVG,10.1,10.29,9.62,9.81,3209600,KBS,2026-10-09T04:28:45Z
2025-08-28,EVG,9.91,10.19,9.72,10.05,2630400,KBS,2026-10-09T04:28:45Z
2025-08-29,EVG,10.62,10.62,10.05,10.1,2963100,KBS,2026-10-09T04:28:45Z
2025-09-03,EVG,10.1,10.38,9.81,10.38,2793300,KBS,2026-10-09T04:28:45Z
2025-09-04,EVG,10.53,10.76,10.19,10.19,3225200,KBS,2026-10-09T04:28:45Z
2025-09-05,EVG,10.43,10.86,10.1,10.86,7699800,KBS,2026-10-09T04:28:45Z
2025-09-08,EVG,10.86,11.57,10.81,11.19,6494700,KBS,2026-10-09T04:28:45Z
2025-09-09,EVG,11.0,11.15,10.43,10.43,6563100,KBS,2026-10-09T04:28:45Z
2025-09-10,EVG,10.48,10.48,9.76,10.05,4293900,KBS,2026-10-09T04:28:45Z
2025-09-11,EVG,9.91,10.24,9.43,10.0,2850900,KBS,2026-10-09T04:28:45Z
2025-09-12,EVG,10.19,10.43,10.05,10.05,1561900,KBS,2026-10-09T04:28:45Z
2025-09-15,EVG,10.15,10.19,10.0,10.15,1619200,KBS,2026-10-09T04:28:45Z
2025-09-16,EVG,10.24,10.24,9.67,9.81,2070200,KBS,2026-10-09T04:28:45Z
2025-09-17,EVG,9.81,10.19,9.57,9.76,2004900,KBS,2026-10-09T04:28:45Z
2025-09-18,EVG,9.81,9.91,9.53,9.72,1969200,KBS,2026-10-09T04:28:45Z
2025-09-19,EVG,9.62,9.91,9.62,9.76,1274300,KBS,2026-10-09T04:28:45Z
2025-09-22,EVG,9.76,9.81,9.51,9.67,1885000,KBS,2026-10-09T04:28:45Z
2025-09-23,EVG,9.67,9.81,9.53,9.67,793400,KBS,2026-10-09T04:28:45Z
2025-09-24,EVG,9.62,9.86,9.51,9.86,1529300,KBS,2026-10-09T04:28:45Z
2025-09-25,EVG,10.0,10.1,9.86,9.86,1443900,KBS,2026-10-09T04:28:45Z
2025-09-26,EVG,9.91,9.96,9.62,9.72,1622700,KBS,2026-10-09T04:28:45Z
2025-09-29,EVG,9.81,9.81,9.46,9.48,2072400,KBS,2026-10-09T04:28:45Z
2025-09-30,EVG,9.48,9.48,8.86,9.14,3070400,KBS,2026-10-09T04:28:45Z
2025-10-01,EVG,9.14,9.28,9.01,9.21,729800,KBS,2026-10-09T04:28:45Z
2025-10-02,EVG,9.21,9.21,8.67,8.74,1320400,KBS,2026-10-09T04:28:45Z
2025-10-03,EVG,8.67,8.74,8.3,8.34,3388000,KBS,2026-10-09T04:28:45Z
2025-10-06,EVG,8.49,8.91,8.35,8.91,1310100,KBS,2026-10-09T04:28:45Z
2025-10-07,EVG,8.86,8.96,8.57,8.58,943200,KBS,2026-10-09T04:28:45Z
2025-10-08,EVG,8.76,8.83,8.43,8.54,1470600,KBS,2026-10-09T04:28:45Z
2025-10-09,EVG,8.62,8.82,8.59,8.65,903400,KBS,2026-10-09T04:28:45Z
2025-10-10,EVG,8.67,8.89,8.67,8.68,1183700,KBS,2026-10-09T04:28:45Z
2025-10-13,EVG,8.49,8.74,8.42,8.7,1988300,KBS,2026-10-09T04:28:45Z
2025-10-14,EVG,8.89,9.3,8.63,9.3,4523100,KBS,2026-10-09T04:28:45Z
2025-10-15,EVG,9.53,9.76,9.34,9.45,1909800,KBS,2026-10-09T04:28:45Z
2025-10-16,EVG,9.57,9.72,9.3,9.41,1990900,KBS,2026-10-09T04:28:45Z
2025-10-17,EVG,9.41,9.41,9.19,9.19,2165400,KBS,2026-10-09T04:28:45Z
2025-10-20,EVG,8.98,9.14,8.56,8.56,2146000,KBS,2026-10-09T04:28:45Z
2025-10-21,EVG,8.48,8.48,7.96,8.02,3354400,KBS,2026-10-09T04:28:45Z
2025-10-22,EVG,8.06,8.1,7.72,8.07,1315600,KBS,2026-10-09T04:28:45Z
2025-10-23,EVG,8.11,8.41,8.06,8.06,1337800,KBS,2026-10-09T04:28:45Z
2025-10-24,EVG,8.1,8.1,7.84,7.98,922600,KBS,2026-10-09T04:28:45Z
2025-10-27,EVG,8.05,8.11,7.91,7.91,715000,KBS,2026-10-09T04:28:45Z
2025-10-28,EVG,7.91,7.95,7.62,7.83,1472700,KBS,2026-10-09T04:28:45Z
2025-10-29,EVG,7.95,8.17,7.91,8.09,1166600,KBS,2026-10-09T04:28:45Z
2025-10-30,EVG,8.12,8.22,8.07,8.17,998900,KBS,2026-10-09T04:28:45Z
2025-10-31,EVG,8.22,8.22,7.92,7.92,702200,KBS,2026-10-09T04:28:45Z
2025-11-03,EVG,7.94,8.05,7.62,7.62,1071900,KBS,2026-10-09T04:28:45Z
2025-11-04,EVG,7.62,8.04,7.34,7.99,1527000,KBS,2026-10-09T04:28:45Z
2025-11-05,EVG,7.99,8.02,7.87,7.88,331400,KBS,2026-10-09T04:28:45Z
2025-11-06,EVG,7.82,7.91,7.78,7.88,626600,KBS,2026-10-09T04:28:45Z
2025-11-07,EVG,7.9,7.9,7.53,7.59,863600,KBS,2026-10-09T04:28:45Z
2025-11-10,EVG,7.6,7.64,7.47,7.48,532000,KBS,2026-10-09T04:28:45Z
2025-11-11,EVG,7.48,7.57,7.44,7.53,348200,KBS,2026-10-09T04:28:45Z
2025-11-12,EVG,7.48,7.81,7.48,7.81,706600,KBS,2026-10-09T04:28:45Z
2025-11-13,EVG,7.83,7.83,7.64,7.64,506200,KBS,2026-10-09T04:28:45Z
2025-11-14,EVG,7.65,7.75,7.65,7.68,706000,KBS,2026-10-09T04:28:45Z
2025-11-17,EVG,7.7,7.91,7.7,7.86,663500,KBS,2026-10-09T04:28:45Z
2025-11-18,EVG,7.86,7.94,7.76,7.77,526100,KBS,2026-10-09T04:28:45Z
2025-11-19,EVG,7.81,7.82,7.67,7.7,646200,KBS,2026-10-09T04:28:45Z
2025-11-20,EVG,7.7,7.75,7.62,7.62,444300,KBS,2026-10-09T04:28:45Z
2025-11-21,EVG,7.63,7.91,7.6,7.72,856200,KBS,2026-10-09T04:28:45Z
2025-11-24,EVG,7.81,7.81,7.67,7.67,309700,KBS,2026-10-09T04:28:45Z
2025-11-25,EVG,7.68,7.74,7.43,7.54,886300,KBS,2026-10-09T04:28:45Z
2025-11-26,EVG,7.53,7.7,7.53,7.67,419500,KBS,2026-10-09T04:28:45Z
2025-11-27,EVG,7.72,7.75,7.64,7.7,389100,KBS,2026-10-09T04:28:45Z
2025-11-28,EVG,7.71,7.71,7.53,7.59,462800,KBS,2026-10-09T04:28:45Z
2025-12-01,EVG,7.62,8.07,7.62,7.86,1408900,KBS,2026-10-09T04:28:45Z
2025-12-02,EVG,7.89,7.89,7.67,7.73,594800,KBS,2026-10-09T04:28:45Z
2025-12-03,EVG,7.74,7.86,7.7,7.83,673200,KBS,2026-10-09T04:28:45Z
2025-12-04,EVG,7.89,8.37,7.88,8.37,1290100,KBS,2026-10-09T04:28:45Z
2025-12-05,EVG,8.86,8.86,8.57,8.63,2987600,KBS,2026-10-09T04:28:45Z
2025-12-08,EVG,8.66,8.66,8.39,8.48,1309000,KBS,2026-10-09T04:28:45Z
2025-12-09,EVG,8.44,8.73,8.34,8.48,1881900,KBS,2026-10-09T04:28:45Z
2025-12-10,EVG,8.56,9.05,8.5,8.76,1546300,KBS,2026-10-09T04:28:45Z
2025-12-11,EVG,8.76,8.77,8.59,8.63,874000,KBS,2026-10-09T04:28:45Z
2025-12-12,EVG,8.6,8.76,8.14,8.15,2026000,KBS,2026-10-09T04:28:45Z
2025-12-15,EVG,8.14,8.23,7.96,8.03,899100,KBS,2026-10-09T04:28:45Z
2025-12-16,EVG,8.02,8.56,7.95,8.43,888100,KBS,2026-10-09T04:28:45Z
2025-12-17,EVG,8.44,8.46,8.31,8.36,406700,KBS,2026-10-09T04:28:45Z
2025-12-18,EVG,8.36,8.39,8.28,8.34,275000,KBS,2026-10-09T04:28:45Z
2025-12-19,EVG,8.46,8.46,8.23,8.27,580000,KBS,2026-10-09T04:28:45Z
2025-12-22,EVG,8.33,8.46,8.33,8.46,748600,KBS,2026-10-09T04:28:45Z
2025-12-23,EVG,8.46,8.53,8.28,8.34,921800,KBS,2026-10-09T04:28:45Z
2025-12-24,EVG,8.35,8.48,8.29,8.36,517200,KBS,2026-10-09T04:28:45Z
2025-12-25,EVG,8.32,8.43,8.05,8.05,1313700,KBS,2026-10-09T04:28:45Z
2025-12-26,EVG,7.94,8.05,7.64,8.04,1209100,KBS,2026-10-09T04:28:45Z
2025-12-29,EVG,7.92,8.06,7.92,7.95,537200,KBS,2026-10-09T04:28:45Z
2025-12-30,EVG,7.97,7.99,7.87,7.93,580500,KBS,2026-10-09T04:28:45Z
2025-12-31,EVG,7.94,7.96,7.81,7.82,489100,KBS,2026-10-09T04:28:45Z
2026-01-05,EVG,7.83,7.91,7.72,7.76,417500,KBS,2026-10-09T04:28:45Z
2026-01-06,EVG,7.76,7.8,7.62,7.74,582300,KBS,2026-10-09T04:28:45Z
2026-01-07,EVG,7.74,7.83,7.73,7.81,435200,KBS,2026-10-09T04:28:45Z
2026-01-08,EVG,7.89,7.89,7.67,7.71,1055600,KBS,2026-10-09T04:28:45Z
2026-01-09,EVG,7.72,7.72,7.24,7.3,1385400,KBS,2026-10-09T04:28:45Z
2026-01-12,EVG,7.3,7.49,6.96,7.42,1365200,KBS,2026-10-09T04:28:45Z
2026-01-13,EVG,7.56,7.61,7.43,7.48,526200,KBS,2026-10-09T04:28:45Z
2026-01-14,EVG,7.29,7.42,7.17,7.17,1295400,KBS,2026-10-09T04:28:45Z
2026-01-15,EVG,7.17,7.34,7.17,7.32,905800,KBS,2026-10-09T04:28:45Z
2026-01-16,EVG,7.32,7.35,7.19,7.2,693300,KBS,2026-10-09T04:28:45Z
2026-01-19,EVG,7.18,7.24,7.15,7.19,540700,KBS,2026-10-09T04:28:45Z
2026-01-20,EVG,7.22,7.27,7.05,7.05,900300,KBS,2026-10-09T04:28:45Z
2026-01-21,EVG,7.05,7.08,6.76,6.78,849200,KBS,2026-10-09T04:28:45Z
2026-01-22,EVG,6.81,7.25,6.81,7.25,1079700,KBS,2026-10-09T04:28:45Z
2026-01-23,EVG,7.26,7.26,7.0,7.0,609700,KBS,2026-10-09T04:28:45Z
2026-01-26,EVG,7.0,7.04,6.73,6.77,757700,KBS,2026-10-09T04:28:45Z
2026-01-27,EVG,6.81,6.85,6.69,6.76,753200,KBS,2026-10-09T04:28:45Z
2026-01-28,EVG,6.93,6.98,6.73,6.94,574700,KBS,2026-10-09T04:28:45Z
2026-01-29,EVG,6.94,6.99,6.88,6.96,350800,KBS,2026-10-09T04:28:45Z
2026-01-30,EVG,7.0,7.45,6.93,7.45,1779900,KBS,2026-10-09T04:28:45Z
2026-02-02,EVG,7.53,7.57,7.34,7.51,1052200,KBS,2026-10-09T04:28:45Z
2026-02-03,EVG,7.58,7.58,7.34,7.42,834600,KBS,2026-10-09T04:28:45Z
2026-02-04,EVG,7.34,7.44,7.33,7.34,821000,KBS,2026-10-09T04:28:45Z
2026-02-05,EVG,7.4,7.49,7.32,7.34,648200,KBS,2026-10-09T04:28:45Z
2026-02-06,EVG,7.36,7.36,7.05,7.15,661700,KBS,2026-10-09T04:28:45Z
2026-02-09,EVG,7.15,7.28,7.14,7.24,281200,KBS,2026-10-09T04:28:45Z
2026-02-10,EVG,7.27,7.27,6.86,7.09,493100,KBS,2026-10-09T04:28:45Z
2026-02-11,EVG,7.09,7.32,6.93,7.11,783000,KBS,2026-10-09T04:28:45Z
2026-02-12,EVG,7.23,7.28,7.13,7.24,410600,KBS,2026-10-09T04:28:45Z
2026-02-13,EVG,7.14,7.29,7.14,7.17,412600,KBS,2026-10-09T04:28:45Z
2026-02-23,EVG,7.29,7.31,7.21,7.28,539300,KBS,2026-10-09T04:28:45Z
2026-02-24,EVG,7.29,7.47,7.2,7.24,689700,KBS,2026-10-09T04:28:45Z
2026-02-25,EVG,7.25,7.25,7.09,7.13,512600,KBS,2026-10-09T04:28:45Z
2026-02-26,EVG,7.17,7.17,7.0,7.03,490900,KBS,2026-10-09T04:28:45Z
2026-02-27,EVG,6.99,7.02,6.83,6.84,848100,KBS,2026-10-09T04:28:45Z
2026-03-02,EVG,6.42,6.74,6.42,6.57,1413000,KBS,2026-10-09T04:28:45Z
2026-03-03,EVG,6.57,6.72,6.42,6.44,903000,KBS,2026-10-09T04:28:45Z
2026-03-04,EVG,6.41,6.56,6.09,6.37,998000,KBS,2026-10-09T04:28:45Z
2026-03-05,EVG,6.39,6.5,6.32,6.37,479200,KBS,2026-10-09T04:28:45Z
2026-03-06,EVG,6.29,6.37,6.23,6.24,539600,KBS,2026-10-09T04:28:45Z
2026-03-09,EVG,5.81,5.91,5.81,5.81,438900,KBS,2026-10-09T04:28:45Z
2026-03-10,EVG,5.8,5.92,5.65,5.81,961100,KBS,2026-10-09T04:28:45Z
2026-03-11,EVG,5.81,6.04,5.79,5.98,775900,KBS,2026-10-09T04:28:45Z
2026-03-12,EVG,5.94,5.99,5.83,5.92,729400,KBS,2026-10-09T04:28:45Z
2026-03-13,EVG,5.91,6.16,5.72,6.0,1160100,KBS,2026-10-09T04:28:45Z
2026-03-16,EVG,6.0,6.14,5.94,6.0,398700,KBS,2026-10-09T04:28:45Z
2026-03-17,EVG,6.09,6.09,5.91,5.97,365900,KBS,2026-10-09T04:28:45Z
2026-03-18,EVG,6.0,6.0,5.88,5.97,287400,KBS,2026-10-09T04:28:45Z
2026-03-19,EVG,5.81,6.02,5.81,5.95,562200,KBS,2026-10-09T04:28:45Z
2026-03-20,EVG,5.92,5.94,5.79,5.79,490200,KBS,2026-10-09T04:28:45Z
2026-03-23,EVG,5.72,5.76,5.43,5.47,1108400,KBS,2026-10-09T04:28:45Z
2026-03-24,EVG,5.67,5.83,5.54,5.7,596700,KBS,2026-10-09T04:28:45Z
2026-03-25,EVG,5.76,5.99,5.62,5.94,826600,KBS,2026-10-09T04:28:45Z
2026-03-26,EVG,5.94,6.0,5.86,5.87,360100,KBS,2026-10-09T04:28:45Z
2026-03-27,EVG,5.87,6.19,5.84,6.15,1266000,KBS,2026-10-09T04:28:45Z
2026-03-30,EVG,6.04,6.19,6.02,6.15,481100,KBS,2026-10-09T04:28:45Z
2026-03-31,EVG,6.2,6.27,6.09,6.1,635600,KBS,2026-10-09T04:28:45Z
2026-04-01,EVG,6.27,6.27,6.09,6.1,490100,KBS,2026-10-09T04:28:45Z
2026-04-02,EVG,6.1,6.1,5.91,6.0,437200,KBS,2026-10-09T04:28:45Z
2026-04-03,EVG,5.97,6.1,5.91,6.02,261200,KBS,2026-10-09T04:28:45Z
2026-04-06,EVG,6.02,6.12,5.95,5.95,286400,KBS,2026-10-09T04:28:45Z
2026-04-07,EVG,6.03,6.03,5.91,5.95,364200,KBS,2026-10-09T04:28:45Z
2026-04-08,EVG,6.03,6.32,6.02,6.3,924500,KBS,2026-10-09T04:28:45Z
2026-04-09,EVG,6.29,6.74,6.23,6.74,2860000,KBS,2026-10-09T04:28:45Z
2026-04-10,EVG,6.75,7.14,6.74,6.77,1146200,KBS,2026-10-09T04:28:45Z
2026-04-13,EVG,6.65,7.05,6.57,6.62,855000,KBS,2026-10-09T04:28:45Z
2026-04-14,EVG,6.76,6.76,6.57,6.61,447600,KBS,2026-10-09T04:28:45Z
2026-04-15,EVG,6.63,6.75,6.58,6.6,537000,KBS,2026-10-09T04:28:45Z
2026-04-16,EVG,6.61,6.62,6.39,6.5,752000,KBS,2026-10-09T04:28:45Z
2026-04-17,EVG,6.54,6.62,6.43,6.46,318000,KBS,2026-10-09T04:28:45Z
2026-04-20,EVG,6.48,6.51,6.39,6.45,296600,KBS,2026-10-09T04:28:45Z
2026-04-21,EVG,6.47,6.56,6.38,6.38,326400,KBS,2026-10-09T04:28:45Z
2026-04-22,EVG,6.38,6.49,6.34,6.34,421100,KBS,2026-10-09T04:28:45Z
2026-04-23,EVG,6.34,6.41,6.14,6.19,603700,KBS,2026-10-09T04:28:45Z
2026-04-24,EVG,6.2,6.57,6.2,6.36,965600,KBS,2026-10-09T04:28:45Z
2026-04-28,EVG,6.46,6.46,6.29,6.36,477000,KBS,2026-10-09T04:28:45Z
2026-04-29,EVG,6.36,6.47,6.31,6.35,321000,KBS,2026-10-09T04:28:45Z
2026-05-04,EVG,6.47,6.55,6.37,6.39,424000,KBS,2026-10-09T04:28:45Z
2026-05-05,EVG,6.38,6.38,6.2,6.29,337200,KBS,2026-10-09T04:28:45Z
2026-05-06,EVG,6.31,6.35,6.25,6.26,358400,KBS,2026-10-09T04:28:45Z
2026-05-07,EVG,6.3,6.34,6.19,6.2,372500,KBS,2026-10-09T04:28:45Z
2026-05-08,EVG,6.23,6.23,6.0,6.09,435800,KBS,2026-10-09T04:28:45Z
2026-05-11,EVG,6.03,6.15,6.01,6.06,435700,KBS,2026-10-09T04:28:45Z
2026-05-12,EVG,6.09,6.24,6.06,6.08,341000,KBS,2026-10-09T04:28:45Z
2026-05-13,EVG,6.07,6.12,6.07,6.08,311300,KBS,2026-10-09T04:28:45Z
2026-05-14,EVG,6.09,6.14,6.02,6.02,300800,KBS,2026-10-09T04:28:45Z
2026-05-15,EVG,6.0,6.06,5.94,5.95,519600,KBS,2026-10-09T04:28:45Z
2026-05-18,EVG,5.95,5.98,5.92,5.97,239700,KBS,2026-10-09T04:28:45Z
2026-05-19,EVG,5.97,6.0,5.9,5.9,464000,KBS,2026-10-09T04:28:45Z
2026-05-20,EVG,5.9,5.9,5.55,5.63,1173100,KBS,2026-10-09T04:28:45Z
2026-05-21,EVG,5.69,5.71,5.63,5.67,436700,KBS,2026-10-09T04:28:45Z
2026-05-22,EVG,5.68,5.75,5.68,5.72,361300,KBS,2026-10-09T04:28:45Z
2026-05-25,EVG,5.72,5.77,5.7,5.72,182400,KBS,2026-10-09T04:28:45Z
2026-05-26,EVG,5.72,5.81,5.7,5.74,331200,KBS,2026-10-09T04:28:45Z
2026-05-27,EVG,5.77,5.77,5.71,5.72,222000,KBS,2026-10-09T04:28:45Z
2026-05-28,EVG,5.72,5.75,5.57,5.62,422400,KBS,2026-10-09T04:28:45Z
2026-05-29,EVG,5.62,5.74,5.6,5.6,311600,KBS,2026-10-09T04:28:45Z
2026-06-01,EVG,5.63,5.76,5.63,5.69,272200,KBS,2026-10-09T04:28:45Z
2026-06-02,EVG,5.69,6.05,5.69,5.86,1020100,KBS,2026-10-09T04:28:45Z
2026-06-03,EVG,5.86,5.91,5.75,5.78,158100,KBS,2026-10-09T04:28:45Z
2026-06-04,EVG,5.78,5.85,5.67,5.81,295900,KBS,2026-10-09T04:28:45Z
2026-06-05,EVG,5.87,5.87,5.7,5.79,251800,KBS,2026-10-09T04:28:45Z
2026-06-08,EVG,5.72,5.76,5.61,5.63,301100,KBS,2026-10-09T04:28:45Z
2026-06-09,EVG,5.63,5.69,5.61,5.64,106600,KBS,2026-10-09T04:28:45Z
2026-06-10,EVG,5.65,5.81,5.65,5.72,408300,KBS,2026-10-09T04:28:45Z
2026-06-11,EVG,5.71,5.71,5.62,5.65,185900,KBS,2026-10-09T04:28:45Z
2026-06-12,EVG,5.66,5.74,5.64,5.65,363900,KBS,2026-10-09T04:28:45Z
2026-06-15,EVG,5.7,5.74,5.65,5.69,241300,KBS,2026-10-09T04:28:45Z
2026-06-16,EVG,5.72,5.78,5.7,5.75,428000,KBS,2026-10-09T04:28:45Z
2026-06-17,EVG,5.77,5.89,5.75,5.76,316600,KBS,2026-10-09T04:28:45Z
2026-06-18,EVG,5.78,5.78,5.7,5.7,344600,KBS,2026-10-09T04:28:45Z
2026-06-19,EVG,5.71,5.76,5.62,5.64,328300,KBS,2026-10-09T04:28:45Z
2026-06-22,EVG,5.64,5.8,5.56,5.58,504800,KBS,2026-10-09T04:28:45Z
2026-06-23,EVG,5.58,5.62,5.43,5.43,617700,KBS,2026-10-09T04:28:45Z
2026-06-24,EVG,5.43,5.52,5.37,5.43,366400,KBS,2026-10-09T04:28:45Z
2026-06-25,EVG,5.41,5.53,5.41,5.43,158500,KBS,2026-10-09T04:28:45Z
2026-06-26,EVG,5.43,5.48,5.43,5.44,134300,KBS,2026-10-09T04:28:45Z
2026-06-29,EVG,5.47,5.47,5.42,5.43,176800,KBS,2026-10-09T04:28:45Z
2026-06-30,EVG,5.47,5.47,5.4,5.42,160700,KBS,2026-10-09T04:28:45Z
2026-07-01,EVG,5.42,5.47,5.4,5.44,141000,KBS,2026-10-09T04:28:45Z
2026-07-02,EVG,5.44,5.45,5.4,5.4,151400,KBS,2026-10-09T04:28:45Z
2026-07-03,EVG,5.37,5.4,5.23,5.25,454700,KBS,2026-10-09T04:28:45Z
2026-07-06,EVG,5.25,5.28,5.02,5.24,886900,KBS,2026-10-09T04:28:45Z
2026-07-07,EVG,5.2,5.23,5.09,5.13,379800,KBS,2026-10-09T04:28:45Z
2026-07-08,EVG,5.1,5.18,4.95,5.16,582600,KBS,2026-10-09T04:28:45Z
2026-07-09,EVG,5.05,5.21,5.01,5.07,665300,KBS,2026-10-09T04:28:45Z
2026-07-10,EVG,5.02,5.4,5.02,5.15,543100,KBS,2026-10-09T04:28:45Z
2026-07-13,EVG,5.14,5.3,5.05,5.06,230400,KBS,2026-10-09T04:28:45Z
2026-07-14,EVG,5.09,5.09,5.01,5.03,408000,KBS,2026-10-09T04:28:45Z
2026-07-15,EVG,5.04,5.07,4.93,4.99,274600,KBS,2026-10-09T04:28:45Z
2026-07-16,EVG,4.99,5.0,4.81,5.0,322300,KBS,2026-10-09T04:28:45Z
2026-07-17,EVG,4.92,5.17,4.92,5.02,483400,KBS,2026-10-09T04:28:45Z
2026-07-20,EVG,5.02,5.02,4.83,4.84,290900,KBS,2026-10-09T04:28:45Z
2026-07-21,EVG,4.84,4.97,4.8,4.8,368100,KBS,2026-10-09T04:28:45Z
2026-07-22,EVG,4.8,4.83,4.72,4.72,319200,KBS,2026-10-09T04:28:45Z
2026-07-23,EVG,4.72,4.78,4.52,4.72,328500,KBS,2026-10-09T04:28:45Z
2026-07-24,EVG,4.72,4.72,4.59,4.59,224000,KBS,2026-10-09T04:28:45Z
2026-07-27,EVG,4.59,4.63,4.27,4.29,816200,KBS,2026-10-09T04:28:45Z
2026-07-28,EVG,4.1,4.29,4.1,4.16,706500,KBS,2026-10-09T04:28:45Z
2026-07-29,EVG,4.26,4.26,4.1,4.13,291000,KBS,2026-10-09T04:28:45Z
2026-07-30,EVG,4.15,4.38,4.13,4.29,952800,KBS,2026-10-09T04:28:45Z
2026-07-31,EVG,4.48,4.48,4.08,4.13,1049000,KBS,2026-10-09T04:28:45Z
2026-08-03,EVG,4.19,4.3,4.18,4.28,1163600,KBS,2026-10-09T04:28:45Z
2026-08-04,EVG,4.34,4.49,4.26,4.4,1670900,KBS,2026-10-09T04:28:45Z
2026-08-05,EVG,4.4,4.54,4.4,4.47,1119300,KBS,2026-10-09T04:28:45Z
2026-08-06,EVG,4.41,4.51,4.31,4.34,420800,KBS,2026-10-09T04:28:45Z
2026-08-07,EVG,4.3,4.4,4.29,4.4,301900,KBS,2026-10-09T04:28:45Z
2026-08-10,EVG,4.3,4.58,4.3,4.53,784500,KBS,2026-10-09T04:28:45Z
2026-08-11,EVG,4.53,4.63,4.4,4.49,907400,KBS,2026-10-09T04:28:45Z
2026-08-12,EVG,4.41,4.5,4.4,4.49,951900,KBS,2026-10-09T04:28:45Z
2026-08-13,EVG,4.46,4.5,4.4,4.44,633200,KBS,2026-10-09T04:28:45Z
2026-08-14,EVG,4.43,4.48,4.33,4.4,653100,KBS,2026-10-09T04:28:45Z
2026-08-17,EVG,4.46,4.46,4.3,4.37,321300,KBS,2026-10-09T04:28:45Z
2026-08-18,EVG,4.37,4.4,4.29,4.32,928600,KBS,2026-10-09T04:28:45Z
2026-08-19,EVG,4.36,4.36,4.24,4.25,154300,KBS,2026-10-09T04:28:45Z
2026-08-20,EVG,4.33,4.33,4.12,4.25,1340000,KBS,2026-10-09T04:28:45Z
2026-08-21,EVG,4.2,4.3,4.15,4.3,951100,KBS,2026-10-09T04:28:45Z
2026-08-24,EVG,4.3,4.47,4.3,4.43,789700,KBS,2026-10-09T04:28:45Z
2026-08-25,EVG,4.44,4.44,4.32,4.32,456800,KBS,2026-10-09T04:28:45Z
2026-08-26,EVG,4.32,4.36,4.3,4.3,313000,KBS,2026-10-09T04:28:45Z
2026-08-27,EVG,4.33,4.35,4.25,4.34,209800,KBS,2026-10-09T04:28:45Z
2026-08-28,EVG,4.32,4.33,4.2,4.33,592400,KBS,2026-10-09T04:28:45Z
2026-09-03,EVG,4.32,4.35,4.29,4.34,216600,KBS,2026-10-09T04:28:45Z
2026-09-04,EVG,4.35,4.36,4.27,4.27,315900,KBS,2026-10-09T04:28:45Z
2026-09-07,EVG,4.3,4.3,4.2,4.24,359200,KBS,2026-10-09T04:28:45Z
2026-09-08,EVG,4.24,4.27,4.15,4.22,571300,KBS,2026-10-09T04:28:45Z
2026-09-09,EVG,4.19,4.24,4.12,4.13,405800,KBS,2026-10-09T04:28:45Z
2026-09-10,EVG,4.17,4.17,4.1,4.13,370600,KBS,2026-10-09T04:28:45Z
2026-09-11,EVG,4.1,4.15,4.05,4.09,552000,KBS,2026-10-09T04:28:45Z
2026-09-14,EVG,4.09,4.09,3.9,4.05,815100,KBS,2026-10-09T04:28:45Z
2026-09-15,EVG,3.94,4.08,3.94,4.01,264600,KBS,2026-10-09T04:28:45Z
2026-09-16,EVG,4.0,4.05,3.97,3.98,244500,KBS,2026-10-09T04:28:45Z
2026-09-17,EVG,3.96,4.1,3.96,4.07,368600,KBS,2026-10-09T04:28:45Z
2026-09-18,EVG,4.09,4.18,4.09,4.16,353100,KBS,2026-10-09T04:28:45Z
2026-09-21,EVG,4.16,4.18,4.1,4.12,561400,KBS,2026-10-09T04:28:45Z
2026-09-22,EVG,4.12,4.16,4.09,4.12,539200,KBS,2026-10-09T04:28:45Z
2026-09-23,EVG,4.12,4.13,4.07,4.11,426000,KBS,2026-10-09T04:28:45Z
2026-09-24,EVG,4.11,4.11,4.0,4.1,331100,KBS,2026-10-09T04:28:45Z
2026-09-25,EVG,4.02,4.1,3.99,3.99,431800,KBS,2026-10-09T04:28:45Z
2026-09-28,EVG,4.06,4.06,3.8,3.87,343400,KBS,2026-10-09T04:28:45Z
2026-09-29,EVG,3.9,3.94,3.84,3.88,253300,KBS,2026-10-09T04:28:45Z
2026-09-30,EVG,3.94,3.95,3.88,3.88,192200,KBS,2026-10-09T04:28:45Z
2026-10-01,EVG,3.89,3.91,3.85,3.89,191500,KBS,2026-10-09T04:28:45Z
2026-10-02,EVG,3.89,3.89,3.8,3.81,331900,KBS,2026-10-09T04:28:45Z
2026-10-05,EVG,3.8,3.82,3.7,3.7,223900,KBS,2026-10-09T04:28:45Z
2026-10-06,EVG,3.71,3.76,3.46,3.62,643600,KBS,2026-10-09T04:28:45Z
2026-10-07,EVG,3.65,3.65,3.5,3.56,268000,KBS,2026-10-09T04:28:45Z
2026-10-08,EVG,3.56,3.58,3.49,3.51,536700,KBS,2026-10-09T04:28:45Z
2026-10-09,EVG,3.51,3.53,3.45,3.51,216800,KBS,2026-10-09T04:28:45Z
