date,symbol,open,high,low,close,volume,source,fetched_at
2018-10-11,FIT,3.63,3.63,3.41,3.41,906180,KBS,2026-10-09T04:29:00Z
2018-10-12,FIT,3.23,3.59,3.23,3.51,713020,KBS,2026-10-09T04:29:00Z
2018-10-15,FIT,3.51,3.56,3.47,3.51,294370,KBS,2026-10-09T04:29:00Z
2018-10-16,FIT,3.5,3.55,3.47,3.54,152610,KBS,2026-10-09T04:29:00Z
2018-10-17,FIT,3.54,3.56,3.5,3.55,257140,KBS,2026-10-09T04:29:00Z
2018-10-18,FIT,3.55,3.55,3.47,3.48,145700,KBS,2026-10-09T04:29:00Z
2018-10-19,FIT,3.47,3.47,3.36,3.4,283970,KBS,2026-10-09T04:29:00Z
2018-10-22,FIT,3.4,3.45,3.35,3.36,318410,KBS,2026-10-09T04:29:00Z
2018-10-23,FIT,3.4,3.4,3.18,3.23,390790,KBS,2026-10-09T04:29:00Z
2018-10-24,FIT,3.19,3.34,3.18,3.21,302500,KBS,2026-10-09T04:29:00Z
2018-10-25,FIT,3.07,3.15,3.07,3.11,409270,KBS,2026-10-09T04:29:00Z
2018-10-26,FIT,3.18,3.18,3.09,3.11,221670,KBS,2026-10-09T04:29:00Z
2018-10-29,FIT,3.08,3.14,3.01,3.04,125560,KBS,2026-10-09T04:29:00Z
2018-10-30,FIT,3.05,3.06,3.02,3.03,254470,KBS,2026-10-09T04:29:00Z
2018-10-31,FIT,3.03,3.09,3.0,3.03,498780,KBS,2026-10-09T04:29:00Z
2018-11-01,FIT,3.05,3.07,2.97,2.97,249940,KBS,2026-10-09T04:29:00Z
2018-11-02,FIT,2.97,3.17,2.85,3.17,2750930,KBS,2026-10-09T04:29:00Z
2018-11-05,FIT,3.25,3.39,3.19,3.39,3158410,KBS,2026-10-09T04:29:00Z
2018-11-06,FIT,3.41,3.45,3.34,3.34,591480,KBS,2026-10-09T04:29:00Z
2018-11-07,FIT,3.26,3.27,3.11,3.17,1478960,KBS,2026-10-09T04:29:00Z
2018-11-08,FIT,3.18,3.39,2.99,3.32,2015230,KBS,2026-10-09T04:29:00Z
2018-11-09,FIT,3.25,3.32,3.18,3.18,233650,KBS,2026-10-09T04:29:00Z
2018-11-12,FIT,3.09,3.18,3.07,3.16,268610,KBS,2026-10-09T04:29:00Z
2018-11-13,FIT,3.01,3.13,3.01,3.03,317020,KBS,2026-10-09T04:29:00Z
2018-11-14,FIT,3.03,3.07,3.02,3.03,212690,KBS,2026-10-09T04:29:00Z
2018-11-15,FIT,3.03,3.05,2.95,2.99,289920,KBS,2026-10-09T04:29:00Z
2018-11-16,FIT,3.0,3.02,2.95,2.95,173790,KBS,2026-10-09T04:29:00Z
2018-11-19,FIT,2.92,3.01,2.92,2.93,305950,KBS,2026-10-09T04:29:00Z
2018-11-20,FIT,2.84,2.93,2.81,2.86,826750,KBS,2026-10-09T04:29:00Z
2018-11-21,FIT,2.85,2.88,2.83,2.86,271200,KBS,2026-10-09T04:29:00Z
2018-11-22,FIT,2.87,2.89,2.85,2.88,257240,KBS,2026-10-09T04:29:00Z
2018-11-23,FIT,2.9,2.9,2.85,2.85,202970,KBS,2026-10-09T04:29:00Z
2018-11-26,FIT,2.85,2.86,2.81,2.81,189480,KBS,2026-10-09T04:29:00Z
2018-11-27,FIT,2.82,2.82,2.64,2.74,519220,KBS,2026-10-09T04:29:00Z
2018-11-28,FIT,2.77,2.77,2.71,2.72,380140,KBS,2026-10-09T04:29:00Z
2018-11-29,FIT,2.73,2.73,2.7,2.7,187890,KBS,2026-10-09T04:29:00Z
2018-11-30,FIT,2.66,2.72,2.53,2.53,305390,KBS,2026-10-09T04:29:00Z
2018-12-03,FIT,2.56,2.7,2.56,2.7,690650,KBS,2026-10-09T04:29:00Z
2018-12-04,FIT,2.79,2.79,2.69,2.71,326910,KBS,2026-10-09T04:29:00Z
2018-12-05,FIT,2.65,2.68,2.62,2.67,252630,KBS,2026-10-09T04:29:00Z
2018-12-06,FIT,2.67,2.68,2.63,2.63,128570,KBS,2026-10-09T04:29:00Z
2018-12-07,FIT,2.64,2.7,2.64,2.66,142690,KBS,2026-10-09T04:29:00Z
2018-12-10,FIT,2.66,2.67,2.64,2.64,95120,KBS,2026-10-09T04:29:00Z
2018-12-11,FIT,2.64,2.68,2.64,2.65,84620,KBS,2026-10-09T04:29:00Z
2018-12-12,FIT,2.64,2.69,2.61,2.64,333390,KBS,2026-10-09T04:29:00Z
2018-12-13,FIT,2.64,2.65,2.63,2.64,397380,KBS,2026-10-09T04:29:00Z
2018-12-14,FIT,2.64,2.65,2.62,2.64,143810,KBS,2026-10-09T04:29:00Z
2018-12-17,FIT,2.64,2.64,2.58,2.59,192440,KBS,2026-10-09T04:29:00Z
2018-12-18,FIT,2.55,2.58,2.52,2.55,260710,KBS,2026-10-09T04:29:00Z
2018-12-19,FIT,2.56,2.56,2.51,2.51,196390,KBS,2026-10-09T04:29:00Z
2018-12-20,FIT,2.47,2.53,2.45,2.46,107870,KBS,2026-10-09T04:29:00Z
2018-12-21,FIT,2.45,2.45,2.39,2.44,168450,KBS,2026-10-09T04:29:00Z
2018-12-24,FIT,2.44,2.46,2.44,2.44,91820,KBS,2026-10-09T04:29:00Z
2018-12-25,FIT,2.39,2.41,2.28,2.3,415130,KBS,2026-10-09T04:29:00Z
2018-12-26,FIT,2.3,2.33,2.24,2.29,131990,KBS,2026-10-09T04:29:00Z
2018-12-27,FIT,2.35,2.38,2.27,2.32,86360,KBS,2026-10-09T04:29:00Z
2018-12-28,FIT,2.28,2.33,2.27,2.33,180070,KBS,2026-10-09T04:29:00Z
2019-01-02,FIT,2.33,2.35,2.28,2.28,142230,KBS,2026-10-09T04:29:00Z
2019-01-03,FIT,2.32,2.33,2.18,2.18,139970,KBS,2026-10-09T04:29:00Z
2019-01-04,FIT,2.18,2.18,2.1,2.18,187890,KBS,2026-10-09T04:29:00Z
2019-01-07,FIT,2.18,2.23,2.18,2.22,130670,KBS,2026-10-09T04:29:00Z
2019-01-08,FIT,2.26,2.37,2.25,2.37,354090,KBS,2026-10-09T04:29:00Z
2019-01-09,FIT,2.36,2.42,2.3,2.37,200960,KBS,2026-10-09T04:29:00Z
2019-01-10,FIT,2.39,2.39,2.35,2.38,93330,KBS,2026-10-09T04:29:00Z
2019-01-11,FIT,2.38,2.39,2.32,2.37,71500,KBS,2026-10-09T04:29:00Z
2019-01-14,FIT,2.37,2.41,2.3,2.41,194510,KBS,2026-10-09T04:29:00Z
2019-01-15,FIT,2.37,2.43,2.37,2.41,83170,KBS,2026-10-09T04:29:00Z
2019-01-16,FIT,2.41,2.41,2.37,2.38,149480,KBS,2026-10-09T04:29:00Z
2019-01-17,FIT,2.37,2.38,2.34,2.37,66270,KBS,2026-10-09T04:29:00Z
2019-01-18,FIT,2.39,2.39,2.34,2.36,64670,KBS,2026-10-09T04:29:00Z
2019-01-21,FIT,2.33,2.37,2.27,2.27,231290,KBS,2026-10-09T04:29:00Z
2019-01-22,FIT,2.33,2.33,2.26,2.26,72940,KBS,2026-10-09T04:29:00Z
2019-01-23,FIT,2.25,2.37,2.25,2.37,286100,KBS,2026-10-09T04:29:00Z
2019-01-24,FIT,2.37,2.37,2.33,2.36,96980,KBS,2026-10-09T04:29:00Z
2019-01-25,FIT,2.34,2.36,2.33,2.33,35740,KBS,2026-10-09T04:29:00Z
2019-01-28,FIT,2.28,2.36,2.28,2.36,62300,KBS,2026-10-09T04:29:00Z
2019-01-29,FIT,2.33,2.44,2.32,2.44,403300,KBS,2026-10-09T04:29:00Z
2019-01-30,FIT,2.44,2.46,2.4,2.4,105330,KBS,2026-10-09T04:29:00Z
2019-01-31,FIT,2.4,2.4,2.36,2.36,73770,KBS,2026-10-09T04:29:00Z
2019-02-01,FIT,2.36,2.38,2.34,2.38,99330,KBS,2026-10-09T04:29:00Z
2019-02-11,FIT,2.42,2.42,2.34,2.38,195720,KBS,2026-10-09T04:29:00Z
2019-02-12,FIT,2.36,2.47,2.35,2.44,355540,KBS,2026-10-09T04:29:00Z
2019-02-13,FIT,2.44,2.47,2.43,2.45,55630,KBS,2026-10-09T04:29:00Z
2019-02-14,FIT,2.44,2.51,2.42,2.49,122950,KBS,2026-10-09T04:29:00Z
2019-02-15,FIT,2.51,2.52,2.44,2.5,280940,KBS,2026-10-09T04:29:00Z
2019-02-18,FIT,2.51,2.55,2.49,2.51,342690,KBS,2026-10-09T04:29:00Z
2019-02-19,FIT,2.54,2.55,2.45,2.45,111210,KBS,2026-10-09T04:29:00Z
2019-02-20,FIT,2.47,2.47,2.36,2.36,397330,KBS,2026-10-09T04:29:00Z
2019-02-21,FIT,2.36,2.42,2.34,2.34,143420,KBS,2026-10-09T04:29:00Z
2019-02-22,FIT,2.4,2.42,2.36,2.37,258460,KBS,2026-10-09T04:29:00Z
2019-02-25,FIT,2.37,2.42,2.36,2.37,270210,KBS,2026-10-09T04:29:00Z
2019-02-26,FIT,2.38,2.39,2.35,2.36,69900,KBS,2026-10-09T04:29:00Z
2019-02-27,FIT,2.38,2.38,2.33,2.35,190450,KBS,2026-10-09T04:29:00Z
2019-02-28,FIT,2.32,2.47,2.32,2.42,595990,KBS,2026-10-09T04:29:00Z
2019-03-01,FIT,2.42,2.58,2.42,2.58,705220,KBS,2026-10-09T04:29:00Z
2019-03-04,FIT,2.75,2.75,2.75,2.75,226010,KBS,2026-10-09T04:29:00Z
2019-03-05,FIT,2.95,2.95,2.91,2.92,2931640,KBS,2026-10-09T04:29:00Z
2019-03-06,FIT,2.86,2.97,2.86,2.9,1019290,KBS,2026-10-09T04:29:00Z
2019-03-07,FIT,2.95,3.1,2.9,3.1,1325860,KBS,2026-10-09T04:29:00Z
2019-03-08,FIT,3.1,3.31,3.09,3.31,3185130,KBS,2026-10-09T04:29:00Z
2019-03-11,FIT,3.14,3.25,3.08,3.08,1333330,KBS,2026-10-09T04:29:00Z
2019-03-12,FIT,2.96,3.08,2.87,2.88,985570,KBS,2026-10-09T04:29:00Z
2019-03-13,FIT,2.83,3.08,2.83,3.08,445000,KBS,2026-10-09T04:29:00Z
2019-03-14,FIT,3.25,3.29,3.18,3.24,1558460,KBS,2026-10-09T04:29:00Z
2019-03-15,FIT,3.18,3.24,3.13,3.22,698920,KBS,2026-10-09T04:29:00Z
2019-03-18,FIT,3.14,3.26,3.11,3.12,416150,KBS,2026-10-09T04:29:00Z
2019-03-19,FIT,3.16,3.2,3.09,3.11,587270,KBS,2026-10-09T04:29:00Z
2019-03-20,FIT,3.09,3.15,3.0,3.1,522370,KBS,2026-10-09T04:29:00Z
2019-03-21,FIT,3.13,3.13,3.05,3.05,341970,KBS,2026-10-09T04:29:00Z
2019-03-22,FIT,3.07,3.07,2.91,2.91,662570,KBS,2026-10-09T04:29:00Z
2019-03-25,FIT,2.77,2.89,2.71,2.72,1141180,KBS,2026-10-09T04:29:00Z
2019-03-26,FIT,2.69,2.78,2.69,2.72,139990,KBS,2026-10-09T04:29:00Z
2019-03-27,FIT,2.72,2.9,2.72,2.9,158110,KBS,2026-10-09T04:29:00Z
2019-03-28,FIT,3.09,3.1,3.06,3.1,1242790,KBS,2026-10-09T04:29:00Z
2019-03-29,FIT,3.1,3.18,3.05,3.09,570840,KBS,2026-10-09T04:29:00Z
2019-04-01,FIT,3.07,3.1,2.98,3.04,394760,KBS,2026-10-09T04:29:00Z
2019-04-02,FIT,3.09,3.19,3.02,3.04,609460,KBS,2026-10-09T04:29:00Z
2019-04-03,FIT,3.07,3.08,3.0,3.01,423470,KBS,2026-10-09T04:29:00Z
2019-04-04,FIT,3.05,3.08,2.99,3.05,488110,KBS,2026-10-09T04:29:00Z
2019-04-05,FIT,3.0,3.1,3.0,3.03,644430,KBS,2026-10-09T04:29:00Z
2019-04-08,FIT,3.03,3.24,3.02,3.21,1482750,KBS,2026-10-09T04:29:00Z
2019-04-09,FIT,3.24,3.42,3.17,3.3,1253840,KBS,2026-10-09T04:29:00Z
2019-04-10,FIT,3.3,3.47,3.22,3.41,2217770,KBS,2026-10-09T04:29:00Z
2019-04-11,FIT,3.38,3.48,3.32,3.4,787860,KBS,2026-10-09T04:29:00Z
2019-04-12,FIT,3.41,3.42,3.29,3.29,633790,KBS,2026-10-09T04:29:00Z
2019-04-16,FIT,3.27,3.27,3.11,3.14,707400,KBS,2026-10-09T04:29:00Z
2019-04-17,FIT,3.14,3.2,3.07,3.07,306850,KBS,2026-10-09T04:29:00Z
2019-04-18,FIT,3.09,3.1,2.87,2.98,949780,KBS,2026-10-09T04:29:00Z
2019-04-19,FIT,2.98,3.11,2.98,3.02,344800,KBS,2026-10-09T04:29:00Z
2019-04-22,FIT,3.05,3.09,3.0,3.02,190860,KBS,2026-10-09T04:29:00Z
2019-04-23,FIT,3.05,3.14,3.02,3.09,392870,KBS,2026-10-09T04:29:00Z
2019-04-24,FIT,3.1,3.14,3.09,3.09,173800,KBS,2026-10-09T04:29:00Z
2019-04-25,FIT,3.13,3.15,3.04,3.04,321190,KBS,2026-10-09T04:29:00Z
2019-04-26,FIT,3.04,3.09,2.98,3.03,350850,KBS,2026-10-09T04:29:00Z
2019-05-02,FIT,3.03,3.07,2.99,3.0,287650,KBS,2026-10-09T04:29:00Z
2019-05-03,FIT,3.05,3.05,2.95,2.95,359960,KBS,2026-10-09T04:29:00Z
2019-05-06,FIT,2.94,2.94,2.82,2.82,1218060,KBS,2026-10-09T04:29:00Z
2019-05-07,FIT,2.85,2.87,2.8,2.85,183730,KBS,2026-10-09T04:29:00Z
2019-05-08,FIT,2.82,2.86,2.82,2.85,158830,KBS,2026-10-09T04:29:00Z
2019-05-09,FIT,2.85,2.85,2.76,2.81,244110,KBS,2026-10-09T04:29:00Z
2019-05-10,FIT,2.82,2.82,2.74,2.82,190150,KBS,2026-10-09T04:29:00Z
2019-05-13,FIT,2.82,2.86,2.75,2.81,108840,KBS,2026-10-09T04:29:00Z
2019-05-14,FIT,2.78,2.79,2.73,2.78,234980,KBS,2026-10-09T04:29:00Z
2019-05-15,FIT,2.78,2.8,2.75,2.8,153620,KBS,2026-10-09T04:29:00Z
2019-05-16,FIT,2.81,2.85,2.8,2.81,74770,KBS,2026-10-09T04:29:00Z
2019-05-17,FIT,2.84,2.84,2.79,2.81,66920,KBS,2026-10-09T04:29:00Z
2019-05-20,FIT,2.81,2.84,2.8,2.82,205980,KBS,2026-10-09T04:29:00Z
2019-05-21,FIT,2.76,2.85,2.76,2.8,359270,KBS,2026-10-09T04:29:00Z
2019-05-22,FIT,2.79,2.84,2.79,2.79,51970,KBS,2026-10-09T04:29:00Z
2019-05-23,FIT,2.82,2.82,2.78,2.81,150090,KBS,2026-10-09T04:29:00Z
2019-05-24,FIT,2.81,2.85,2.8,2.82,198720,KBS,2026-10-09T04:29:00Z
2019-05-27,FIT,2.82,3.01,2.82,3.01,418460,KBS,2026-10-09T04:29:00Z
2019-05-28,FIT,3.18,3.2,3.05,3.14,470190,KBS,2026-10-09T04:29:00Z
2019-05-29,FIT,3.15,3.15,3.02,3.04,166830,KBS,2026-10-09T04:29:00Z
2019-05-30,FIT,2.95,3.0,2.91,2.92,251590,KBS,2026-10-09T04:29:00Z
2019-05-31,FIT,2.87,2.96,2.87,2.92,77400,KBS,2026-10-09T04:29:00Z
2019-06-03,FIT,2.94,2.94,2.86,2.92,94270,KBS,2026-10-09T04:29:00Z
2019-06-04,FIT,2.92,2.92,2.83,2.83,159230,KBS,2026-10-09T04:29:00Z
2019-06-05,FIT,2.83,2.89,2.78,2.78,135220,KBS,2026-10-09T04:29:00Z
2019-06-06,FIT,2.82,2.86,2.78,2.82,107610,KBS,2026-10-09T04:29:00Z
2019-06-07,FIT,2.84,2.85,2.81,2.82,69560,KBS,2026-10-09T04:29:00Z
2019-06-10,FIT,2.82,2.84,2.81,2.81,42910,KBS,2026-10-09T04:29:00Z
2019-06-11,FIT,2.81,2.85,2.81,2.82,82250,KBS,2026-10-09T04:29:00Z
2019-06-12,FIT,2.82,2.84,2.8,2.83,17220,KBS,2026-10-09T04:29:00Z
2019-06-13,FIT,2.84,3.02,2.84,2.98,279090,KBS,2026-10-09T04:29:00Z
2019-06-14,FIT,2.98,3.0,2.91,2.98,93350,KBS,2026-10-09T04:29:00Z
2019-06-17,FIT,3.0,3.15,2.95,3.05,561730,KBS,2026-10-09T04:29:00Z
2019-06-18,FIT,3.05,3.15,3.05,3.08,338680,KBS,2026-10-09T04:29:00Z
2019-06-19,FIT,3.05,3.15,3.05,3.05,204200,KBS,2026-10-09T04:29:00Z
2019-06-20,FIT,3.05,3.07,3.0,3.05,30750,KBS,2026-10-09T04:29:00Z
2019-06-21,FIT,3.05,3.14,2.98,2.99,212330,KBS,2026-10-09T04:29:00Z
2019-06-24,FIT,2.99,3.04,2.97,3.0,107240,KBS,2026-10-09T04:29:00Z
2019-06-25,FIT,3.01,3.05,2.98,3.0,148930,KBS,2026-10-09T04:29:00Z
2019-06-26,FIT,2.95,3.03,2.95,3.0,115900,KBS,2026-10-09T04:29:00Z
2019-06-27,FIT,3.0,3.0,2.95,2.99,114710,KBS,2026-10-09T04:29:00Z
2019-06-28,FIT,2.99,3.06,2.95,2.99,35080,KBS,2026-10-09T04:29:00Z
2019-07-01,FIT,3.01,3.02,2.94,2.98,172320,KBS,2026-10-09T04:29:00Z
2019-07-02,FIT,3.0,3.03,2.95,2.95,201490,KBS,2026-10-09T04:29:00Z
2019-07-03,FIT,2.96,2.97,2.95,2.97,82820,KBS,2026-10-09T04:29:00Z
2019-07-04,FIT,2.94,3.04,2.94,3.01,216730,KBS,2026-10-09T04:29:00Z
2019-07-05,FIT,3.04,3.17,3.0,3.11,491620,KBS,2026-10-09T04:29:00Z
2019-07-08,FIT,3.14,3.21,3.1,3.11,409300,KBS,2026-10-09T04:29:00Z
2019-07-09,FIT,3.11,3.16,3.08,3.14,245020,KBS,2026-10-09T04:29:00Z
2019-07-10,FIT,3.16,3.33,3.14,3.26,500930,KBS,2026-10-09T04:29:00Z
2019-07-11,FIT,3.29,3.45,3.27,3.36,948880,KBS,2026-10-09T04:29:00Z
2019-07-12,FIT,3.39,3.41,3.26,3.26,379440,KBS,2026-10-09T04:29:00Z
2019-07-16,FIT,3.15,3.2,3.0,3.0,527450,KBS,2026-10-09T04:29:00Z
2019-07-17,FIT,3.05,3.14,3.02,3.09,334380,KBS,2026-10-09T04:29:00Z
2019-07-18,FIT,3.08,3.08,3.02,3.02,219570,KBS,2026-10-09T04:29:00Z
2019-07-19,FIT,3.04,3.07,2.95,2.95,515490,KBS,2026-10-09T04:29:00Z
2019-07-22,FIT,2.97,3.07,2.95,3.05,349820,KBS,2026-10-09T04:29:00Z
2019-07-23,FIT,3.09,3.1,3.05,3.09,183730,KBS,2026-10-09T04:29:00Z
2019-07-24,FIT,3.1,3.11,3.05,3.09,184040,KBS,2026-10-09T04:29:00Z
2019-07-25,FIT,3.09,3.14,3.07,3.07,119260,KBS,2026-10-09T04:29:00Z
2019-07-26,FIT,3.09,3.09,2.95,2.95,134500,KBS,2026-10-09T04:29:00Z
2019-07-29,FIT,2.95,3.1,2.95,3.09,216290,KBS,2026-10-09T04:29:00Z
2019-07-30,FIT,3.14,3.14,3.05,3.09,152240,KBS,2026-10-09T04:29:00Z
2019-07-31,FIT,3.05,3.09,3.02,3.03,211080,KBS,2026-10-09T04:29:00Z
2019-08-01,FIT,3.03,3.08,3.0,3.01,88870,KBS,2026-10-09T04:29:00Z
2019-08-02,FIT,3.01,3.05,2.98,3.0,49500,KBS,2026-10-09T04:29:00Z
2019-08-05,FIT,3.01,3.09,2.98,3.09,362090,KBS,2026-10-09T04:29:00Z
2019-08-06,FIT,3.08,3.1,3.0,3.07,691000,KBS,2026-10-09T04:29:00Z
2019-08-07,FIT,3.08,3.11,3.01,3.01,195280,KBS,2026-10-09T04:29:00Z
2019-08-08,FIT,3.07,3.09,2.96,3.06,155950,KBS,2026-10-09T04:29:00Z
2019-08-09,FIT,3.07,3.07,3.0,3.0,98790,KBS,2026-10-09T04:29:00Z
2019-08-12,FIT,3.04,3.05,3.01,3.02,38850,KBS,2026-10-09T04:29:00Z
2019-08-13,FIT,3.05,3.06,3.0,3.04,89300,KBS,2026-10-09T04:29:00Z
2019-08-14,FIT,3.05,3.09,3.04,3.06,326510,KBS,2026-10-09T04:29:00Z
2019-08-15,FIT,3.06,3.11,2.97,3.03,171110,KBS,2026-10-09T04:29:00Z
2019-08-16,FIT,3.04,3.06,3.01,3.04,166820,KBS,2026-10-09T04:29:00Z
2019-08-19,FIT,3.04,3.05,2.95,3.0,49090,KBS,2026-10-09T04:29:00Z
2019-08-20,FIT,3.0,3.1,3.0,3.05,532840,KBS,2026-10-09T04:29:00Z
2019-08-21,FIT,3.09,3.09,3.0,3.05,21050,KBS,2026-10-09T04:29:00Z
2019-08-22,FIT,3.07,3.07,3.0,3.04,68550,KBS,2026-10-09T04:29:00Z
2019-08-23,FIT,3.04,3.07,3.0,3.07,118690,KBS,2026-10-09T04:29:00Z
2019-08-26,FIT,3.09,3.28,3.07,3.26,1062540,KBS,2026-10-09T04:29:00Z
2019-08-27,FIT,3.33,3.37,3.26,3.28,477020,KBS,2026-10-09T04:29:00Z
2019-08-28,FIT,3.23,3.29,3.14,3.14,92160,KBS,2026-10-09T04:29:00Z
2019-08-29,FIT,3.13,3.21,3.05,3.06,247840,KBS,2026-10-09T04:29:00Z
2019-08-30,FIT,3.06,3.1,3.03,3.09,121840,KBS,2026-10-09T04:29:00Z
2019-09-03,FIT,3.09,3.15,3.08,3.14,78950,KBS,2026-10-09T04:29:00Z
2019-09-04,FIT,3.09,3.15,3.09,3.13,67340,KBS,2026-10-09T04:29:00Z
2019-09-05,FIT,3.11,3.15,3.07,3.07,54840,KBS,2026-10-09T04:29:00Z
2019-09-06,FIT,3.1,3.1,3.03,3.05,101290,KBS,2026-10-09T04:29:00Z
2019-09-09,FIT,3.07,3.11,3.03,3.09,54220,KBS,2026-10-09T04:29:00Z
2019-09-10,FIT,3.09,3.09,3.0,3.03,109650,KBS,2026-10-09T04:29:00Z
2019-09-11,FIT,3.05,3.05,2.95,2.95,305260,KBS,2026-10-09T04:29:00Z
2019-09-12,FIT,2.95,2.98,2.95,2.95,147640,KBS,2026-10-09T04:29:00Z
2019-09-13,FIT,2.99,3.02,2.96,3.01,120680,KBS,2026-10-09T04:29:00Z
2019-09-16,FIT,3.0,3.12,2.95,3.05,358340,KBS,2026-10-09T04:29:00Z
2019-09-17,FIT,3.14,3.26,3.08,3.26,725470,KBS,2026-10-09T04:29:00Z
2019-09-18,FIT,3.32,3.41,3.14,3.14,731380,KBS,2026-10-09T04:29:00Z
2019-09-19,FIT,3.13,3.18,3.13,3.17,255710,KBS,2026-10-09T04:29:00Z
2019-09-20,FIT,3.16,3.18,3.13,3.18,85900,KBS,2026-10-09T04:29:00Z
2019-09-23,FIT,3.19,3.19,3.05,3.05,182690,KBS,2026-10-09T04:29:00Z
2019-09-24,FIT,3.05,3.1,3.05,3.09,68280,KBS,2026-10-09T04:29:00Z
2019-09-25,FIT,3.05,3.09,3.05,3.09,171010,KBS,2026-10-09T04:29:00Z
2019-09-26,FIT,3.09,3.12,3.06,3.12,231460,KBS,2026-10-09T04:29:00Z
2019-09-27,FIT,3.13,3.15,3.1,3.1,213360,KBS,2026-10-09T04:29:00Z
2019-09-30,FIT,3.1,3.15,3.09,3.11,244290,KBS,2026-10-09T04:29:00Z
2019-10-01,FIT,3.11,3.16,3.07,3.16,250930,KBS,2026-10-09T04:29:00Z
2019-10-02,FIT,3.14,3.23,3.09,3.09,354160,KBS,2026-10-09T04:29:00Z
2019-10-03,FIT,3.09,3.14,3.08,3.1,181220,KBS,2026-10-09T04:29:00Z
2019-10-04,FIT,3.1,3.19,3.08,3.12,158260,KBS,2026-10-09T04:29:00Z
2019-10-07,FIT,3.12,3.23,3.12,3.18,257260,KBS,2026-10-09T04:29:00Z
2019-10-08,FIT,3.21,3.36,3.21,3.25,830830,KBS,2026-10-09T04:29:00Z
2019-10-09,FIT,3.25,3.36,3.24,3.24,283040,KBS,2026-10-09T04:29:00Z
2019-10-10,FIT,3.29,3.41,3.25,3.41,1261430,KBS,2026-10-09T04:29:00Z
2019-10-11,FIT,3.5,3.62,3.47,3.56,1228090,KBS,2026-10-09T04:29:00Z
2019-10-14,FIT,3.58,3.69,3.56,3.67,2712840,KBS,2026-10-09T04:29:00Z
2019-10-15,FIT,3.67,3.78,3.64,3.74,1912360,KBS,2026-10-09T04:29:00Z
2019-10-16,FIT,3.74,3.74,3.67,3.73,946030,KBS,2026-10-09T04:29:00Z
2019-10-17,FIT,3.7,3.73,3.64,3.66,335020,KBS,2026-10-09T04:29:00Z
2019-10-18,FIT,3.66,3.92,3.66,3.92,1203220,KBS,2026-10-09T04:29:00Z
2019-10-21,FIT,3.93,3.99,3.84,3.85,471270,KBS,2026-10-09T04:29:00Z
2019-10-22,FIT,3.84,4.11,3.82,3.87,696770,KBS,2026-10-09T04:29:00Z
2019-10-23,FIT,3.89,4.07,3.87,3.92,524090,KBS,2026-10-09T04:29:00Z
2019-10-24,FIT,3.91,4.01,3.87,3.91,228680,KBS,2026-10-09T04:29:00Z
2019-10-25,FIT,3.89,4.0,3.84,3.84,600150,KBS,2026-10-09T04:29:00Z
2019-10-28,FIT,3.87,4.05,3.84,3.95,644660,KBS,2026-10-09T04:29:00Z
2019-10-29,FIT,3.95,4.18,3.95,4.09,515200,KBS,2026-10-09T04:29:00Z
2019-10-30,FIT,4.15,4.15,4.06,4.08,296780,KBS,2026-10-09T04:29:00Z
2019-10-31,FIT,4.08,4.08,3.8,3.8,967920,KBS,2026-10-09T04:29:00Z
2019-11-01,FIT,3.69,3.88,3.54,3.78,860810,KBS,2026-10-09T04:29:00Z
2019-11-04,FIT,3.84,3.91,3.78,3.81,394160,KBS,2026-10-09T04:29:00Z
2019-11-05,FIT,3.81,3.84,3.67,3.79,274650,KBS,2026-10-09T04:29:00Z
2019-11-06,FIT,3.79,3.86,3.71,3.73,192610,KBS,2026-10-09T04:29:00Z
2019-11-07,FIT,3.73,3.77,3.69,3.69,119240,KBS,2026-10-09T04:29:00Z
2019-11-08,FIT,3.65,3.84,3.65,3.75,313840,KBS,2026-10-09T04:29:00Z
2019-11-11,FIT,3.75,3.91,3.73,3.88,249410,KBS,2026-10-09T04:29:00Z
2019-11-12,FIT,3.91,4.06,3.88,4.02,1029850,KBS,2026-10-09T04:29:00Z
2019-11-13,FIT,4.09,4.14,3.92,3.92,771120,KBS,2026-10-09T04:29:00Z
2019-11-14,FIT,3.92,4.07,3.92,3.93,684570,KBS,2026-10-09T04:29:00Z
2019-11-15,FIT,3.93,4.0,3.77,3.77,317640,KBS,2026-10-09T04:29:00Z
2019-11-18,FIT,3.64,3.9,3.64,3.78,443350,KBS,2026-10-09T04:29:00Z
2019-11-19,FIT,3.82,3.91,3.78,3.91,347430,KBS,2026-10-09T04:29:00Z
2019-11-20,FIT,4.04,4.04,3.8,3.81,359350,KBS,2026-10-09T04:29:00Z
2019-11-21,FIT,3.79,3.88,3.77,3.83,293240,KBS,2026-10-09T04:29:00Z
2019-11-22,FIT,3.88,3.88,3.75,3.77,540930,KBS,2026-10-09T04:29:00Z
2019-11-25,FIT,3.77,3.82,3.76,3.76,187030,KBS,2026-10-09T04:29:00Z
2019-11-26,FIT,3.82,3.85,3.75,3.82,146100,KBS,2026-10-09T04:29:00Z
2019-11-27,FIT,3.88,4.08,3.83,4.08,1281070,KBS,2026-10-09T04:29:00Z
2019-11-28,FIT,4.35,4.36,4.35,4.36,1512330,KBS,2026-10-09T04:29:00Z
2019-11-29,FIT,4.55,4.64,4.54,4.6,3528080,KBS,2026-10-09T04:29:00Z
2019-12-02,FIT,4.6,4.81,4.6,4.8,1399620,KBS,2026-10-09T04:29:00Z
2019-12-03,FIT,4.77,5.13,4.73,5.13,2440700,KBS,2026-10-09T04:29:00Z
2019-12-04,FIT,5.36,5.41,5.09,5.18,1669020,KBS,2026-10-09T04:29:00Z
2019-12-05,FIT,4.92,5.23,4.91,5.13,1152890,KBS,2026-10-09T04:29:00Z
2019-12-06,FIT,5.05,5.48,5.0,5.48,1185060,KBS,2026-10-09T04:29:00Z
2019-12-09,FIT,5.85,5.86,5.69,5.86,1937650,KBS,2026-10-09T04:29:00Z
2019-12-10,FIT,6.26,6.27,6.24,6.27,2993700,KBS,2026-10-09T04:29:00Z
2019-12-11,FIT,6.68,6.68,6.27,6.36,1618710,KBS,2026-10-09T04:29:00Z
2019-12-12,FIT,6.15,6.55,6.14,6.46,1135460,KBS,2026-10-09T04:29:00Z
2019-12-13,FIT,6.55,6.91,6.45,6.86,1723810,KBS,2026-10-09T04:29:00Z
2019-12-16,FIT,6.95,7.34,6.95,7.34,5274010,KBS,2026-10-09T04:29:00Z
2019-12-17,FIT,7.85,7.85,7.73,7.85,3358320,KBS,2026-10-09T04:29:00Z
2019-12-18,FIT,8.0,8.18,7.31,7.91,2257190,KBS,2026-10-09T04:29:00Z
2019-12-19,FIT,7.91,8.27,7.64,8.27,2345610,KBS,2026-10-09T04:29:00Z
2019-12-20,FIT,8.45,8.85,8.18,8.85,3770750,KBS,2026-10-09T04:29:00Z
2019-12-23,FIT,9.41,9.45,9.27,9.45,3934100,KBS,2026-10-09T04:29:00Z
2019-12-24,FIT,9.77,9.82,9.09,9.45,2460920,KBS,2026-10-09T04:29:00Z
2019-12-25,FIT,9.36,10.09,9.14,9.86,5298620,KBS,2026-10-09T04:29:00Z
2019-12-26,FIT,9.86,9.86,9.27,9.55,2982290,KBS,2026-10-09T04:29:00Z
2019-12-27,FIT,9.5,9.5,8.88,8.88,627360,KBS,2026-10-09T04:29:00Z
2019-12-30,FIT,8.26,9.09,8.26,9.09,7015230,KBS,2026-10-09T04:29:00Z
2019-12-31,FIT,9.23,9.41,9.09,9.18,2725680,KBS,2026-10-09T04:29:00Z
2020-01-02,FIT,9.18,9.27,8.82,8.94,701130,KBS,2026-10-09T04:29:00Z
2020-01-03,FIT,8.94,9.55,8.65,9.55,5641460,KBS,2026-10-09T04:29:00Z
2020-01-06,FIT,9.55,9.68,9.09,9.45,2270240,KBS,2026-10-09T04:29:00Z
2020-01-07,FIT,9.5,9.59,9.18,9.27,1983150,KBS,2026-10-09T04:29:00Z
2020-01-08,FIT,8.64,9.14,8.63,8.65,1323970,KBS,2026-10-09T04:29:00Z
2020-01-09,FIT,8.65,8.69,8.05,8.05,2699220,KBS,2026-10-09T04:29:00Z
2020-01-10,FIT,7.98,8.37,7.5,8.37,2265110,KBS,2026-10-09T04:29:00Z
2020-01-13,FIT,8.38,8.63,8.38,8.41,1140420,KBS,2026-10-09T04:29:00Z
2020-01-14,FIT,8.41,8.41,7.86,7.91,897340,KBS,2026-10-09T04:29:00Z
2020-01-15,FIT,7.89,8.45,7.87,8.45,2884440,KBS,2026-10-09T04:29:00Z
2020-01-16,FIT,8.47,8.55,8.18,8.45,702850,KBS,2026-10-09T04:29:00Z
2020-01-17,FIT,8.45,8.45,8.05,8.05,539050,KBS,2026-10-09T04:29:00Z
2020-01-20,FIT,8.03,8.08,7.99,8.03,878580,KBS,2026-10-09T04:29:00Z
2020-01-21,FIT,8.03,8.09,8.02,8.05,768190,KBS,2026-10-09T04:29:00Z
2020-01-22,FIT,8.04,8.2,8.02,8.2,800690,KBS,2026-10-09T04:29:00Z
2020-01-30,FIT,8.2,8.21,7.87,8.09,603720,KBS,2026-10-09T04:29:00Z
2020-01-31,FIT,8.08,8.09,7.79,7.86,469540,KBS,2026-10-09T04:29:00Z
2020-02-03,FIT,7.77,7.77,7.32,7.32,455020,KBS,2026-10-09T04:29:00Z
2020-02-04,FIT,6.83,7.32,6.81,6.81,490160,KBS,2026-10-09T04:29:00Z
2020-02-05,FIT,6.81,7.28,6.71,7.27,783550,KBS,2026-10-09T04:29:00Z
2020-02-06,FIT,7.27,7.36,7.22,7.27,623110,KBS,2026-10-09T04:29:00Z
2020-02-07,FIT,7.27,7.58,7.22,7.26,1209870,KBS,2026-10-09T04:29:00Z
2020-02-10,FIT,7.2,7.28,6.85,6.91,290310,KBS,2026-10-09T04:29:00Z
2020-02-11,FIT,6.5,7.27,6.5,7.27,851960,KBS,2026-10-09T04:29:00Z
2020-02-12,FIT,7.27,7.73,7.25,7.73,1391050,KBS,2026-10-09T04:29:00Z
2020-02-13,FIT,7.74,8.26,7.74,8.26,2511330,KBS,2026-10-09T04:29:00Z
2020-02-14,FIT,8.32,8.73,8.29,8.55,2166500,KBS,2026-10-09T04:29:00Z
2020-02-17,FIT,8.57,8.64,8.36,8.64,1421620,KBS,2026-10-09T04:29:00Z
2020-02-18,FIT,8.67,8.82,8.46,8.73,1588420,KBS,2026-10-09T04:29:00Z
2020-02-19,FIT,8.72,8.73,8.45,8.5,836470,KBS,2026-10-09T04:29:00Z
2020-02-20,FIT,8.46,8.64,8.21,8.59,2360880,KBS,2026-10-09T04:29:00Z
2020-02-21,FIT,8.6,8.64,8.45,8.45,1061980,KBS,2026-10-09T04:29:00Z
2020-02-24,FIT,8.25,8.34,7.86,7.86,673310,KBS,2026-10-09T04:29:00Z
2020-02-25,FIT,7.32,7.32,7.32,7.32,2685460,KBS,2026-10-09T04:29:00Z
2020-02-26,FIT,6.81,7.23,6.81,6.81,1413780,KBS,2026-10-09T04:29:00Z
2020-02-27,FIT,6.45,6.86,6.36,6.81,586160,KBS,2026-10-09T04:29:00Z
2020-02-28,FIT,6.34,6.7,6.34,6.34,1322340,KBS,2026-10-09T04:29:00Z
2020-03-02,FIT,6.34,6.37,5.92,6.32,839030,KBS,2026-10-09T04:29:00Z
2020-03-03,FIT,6.41,6.68,6.41,6.55,330810,KBS,2026-10-09T04:29:00Z
2020-03-04,FIT,6.55,6.64,6.19,6.55,367130,KBS,2026-10-09T04:29:00Z
2020-03-05,FIT,6.55,6.55,6.14,6.14,482620,KBS,2026-10-09T04:29:00Z
2020-03-06,FIT,6.14,6.27,6.0,6.12,762180,KBS,2026-10-09T04:29:00Z
2020-03-09,FIT,5.69,6.05,5.69,5.69,697570,KBS,2026-10-09T04:29:00Z
2020-03-10,FIT,5.3,5.77,5.3,5.73,2147710,KBS,2026-10-09T04:29:00Z
2020-03-11,FIT,5.88,5.88,5.35,5.36,789830,KBS,2026-10-09T04:29:00Z
2020-03-12,FIT,5.36,5.36,5.0,5.31,643110,KBS,2026-10-09T04:29:00Z
2020-03-13,FIT,5.0,5.64,4.95,5.57,607430,KBS,2026-10-09T04:29:00Z
2020-03-16,FIT,5.59,5.95,5.57,5.95,1870360,KBS,2026-10-09T04:29:00Z
2020-03-17,FIT,6.17,6.36,5.95,6.36,1741570,KBS,2026-10-09T04:29:00Z
2020-03-18,FIT,6.73,6.81,6.64,6.74,1694340,KBS,2026-10-09T04:29:00Z
2020-03-19,FIT,6.54,6.64,6.27,6.27,771920,KBS,2026-10-09T04:29:00Z
2020-03-20,FIT,5.84,6.18,5.84,5.85,1439170,KBS,2026-10-09T04:29:00Z
2020-03-23,FIT,5.45,5.82,5.44,5.44,938800,KBS,2026-10-09T04:29:00Z
2020-03-24,FIT,5.06,5.45,5.06,5.41,700550,KBS,2026-10-09T04:29:00Z
2020-03-25,FIT,5.41,5.71,5.05,5.05,1111050,KBS,2026-10-09T04:29:00Z
2020-03-26,FIT,4.91,5.26,4.78,5.05,769450,KBS,2026-10-09T04:29:00Z
2020-03-27,FIT,5.14,5.14,4.83,4.86,172210,KBS,2026-10-09T04:29:00Z
2020-03-30,FIT,4.59,4.73,4.53,4.53,846410,KBS,2026-10-09T04:29:00Z
2020-03-31,FIT,4.27,4.71,4.22,4.44,350410,KBS,2026-10-09T04:29:00Z
2020-04-01,FIT,4.33,4.75,4.33,4.75,387010,KBS,2026-10-09T04:29:00Z
2020-04-03,FIT,4.91,5.07,4.77,5.0,500490,KBS,2026-10-09T04:29:00Z
2020-04-06,FIT,5.23,5.23,4.86,5.09,310410,KBS,2026-10-09T04:29:00Z
2020-04-07,FIT,5.15,5.15,4.88,4.88,183160,KBS,2026-10-09T04:29:00Z
2020-04-08,FIT,4.74,5.18,4.7,5.0,525930,KBS,2026-10-09T04:29:00Z
2020-04-09,FIT,5.18,5.21,4.65,5.09,294210,KBS,2026-10-09T04:29:00Z
2020-04-10,FIT,5.0,5.45,5.0,5.45,775310,KBS,2026-10-09T04:29:00Z
2020-04-13,FIT,5.72,5.82,5.45,5.7,1120470,KBS,2026-10-09T04:29:00Z
2020-04-14,FIT,5.73,5.73,5.37,5.55,167040,KBS,2026-10-09T04:29:00Z
2020-04-15,FIT,5.45,5.72,5.36,5.5,405030,KBS,2026-10-09T04:29:00Z
2020-04-16,FIT,5.3,5.65,5.3,5.59,301540,KBS,2026-10-09T04:29:00Z
2020-04-17,FIT,5.61,5.9,5.59,5.79,393840,KBS,2026-10-09T04:29:00Z
2020-04-20,FIT,5.91,5.91,5.54,5.56,211420,KBS,2026-10-09T04:29:00Z
2020-04-21,FIT,5.56,5.64,5.27,5.36,491310,KBS,2026-10-09T04:29:00Z
2020-04-22,FIT,5.32,5.74,5.27,5.73,639190,KBS,2026-10-09T04:29:00Z
2020-04-23,FIT,5.91,5.92,5.8,5.86,730290,KBS,2026-10-09T04:29:00Z
2020-04-24,FIT,5.88,6.27,5.82,6.26,2717520,KBS,2026-10-09T04:29:00Z
2020-04-27,FIT,6.27,6.46,6.02,6.36,1956330,KBS,2026-10-09T04:29:00Z
2020-04-28,FIT,6.27,6.37,5.98,6.36,1025620,KBS,2026-10-09T04:29:00Z
2020-04-29,FIT,5.92,6.27,5.92,5.92,1211350,KBS,2026-10-09T04:29:00Z
2020-05-04,FIT,5.51,5.55,5.51,5.51,737820,KBS,2026-10-09T04:29:00Z
2020-05-05,FIT,5.21,5.36,5.14,5.2,849750,KBS,2026-10-09T04:29:00Z
2020-05-06,FIT,5.18,5.45,5.16,5.27,332460,KBS,2026-10-09T04:29:00Z
2020-05-07,FIT,5.27,5.39,5.25,5.36,220440,KBS,2026-10-09T04:29:00Z
2020-05-08,FIT,5.36,5.43,5.28,5.35,482480,KBS,2026-10-09T04:29:00Z
2020-05-11,FIT,5.44,5.45,5.35,5.44,224760,KBS,2026-10-09T04:29:00Z
2020-05-12,FIT,5.44,5.44,5.28,5.36,258520,KBS,2026-10-09T04:29:00Z
2020-05-13,FIT,5.35,5.36,5.24,5.33,604940,KBS,2026-10-09T04:29:00Z
2020-05-14,FIT,5.4,5.7,5.38,5.64,1245450,KBS,2026-10-09T04:29:00Z
2020-05-15,FIT,5.82,5.85,5.55,5.64,474530,KBS,2026-10-09T04:29:00Z
2020-05-18,FIT,5.64,5.8,5.61,5.64,335900,KBS,2026-10-09T04:29:00Z
2020-05-19,FIT,5.7,5.82,5.55,5.62,432360,KBS,2026-10-09T04:29:00Z
2020-05-20,FIT,5.62,5.68,5.46,5.51,175740,KBS,2026-10-09T04:29:00Z
2020-05-21,FIT,5.51,5.56,5.48,5.48,248310,KBS,2026-10-09T04:29:00Z
2020-05-22,FIT,5.5,5.55,5.23,5.32,612980,KBS,2026-10-09T04:29:00Z
2020-05-25,FIT,5.32,5.44,5.32,5.44,335800,KBS,2026-10-09T04:29:00Z
2020-05-26,FIT,5.44,5.54,5.36,5.36,181810,KBS,2026-10-09T04:29:00Z
2020-05-27,FIT,5.36,5.45,5.34,5.36,214650,KBS,2026-10-09T04:29:00Z
2020-05-28,FIT,5.36,5.73,5.34,5.54,567470,KBS,2026-10-09T04:29:00Z
2020-05-29,FIT,5.55,5.75,5.49,5.7,1206210,KBS,2026-10-09T04:29:00Z
2020-06-01,FIT,5.75,5.91,5.71,5.73,2174860,KBS,2026-10-09T04:29:00Z
2020-06-02,FIT,5.73,5.77,5.55,5.55,557950,KBS,2026-10-09T04:29:00Z
2020-06-03,FIT,5.54,5.72,5.47,5.64,635220,KBS,2026-10-09T04:29:00Z
2020-06-04,FIT,5.73,5.94,5.69,5.81,1381540,KBS,2026-10-09T04:29:00Z
2020-06-05,FIT,5.88,5.88,5.72,5.78,479000,KBS,2026-10-09T04:29:00Z
2020-06-08,FIT,5.82,6.18,5.79,6.09,2404290,KBS,2026-10-09T04:29:00Z
2020-06-09,FIT,6.18,6.18,5.82,5.82,1002130,KBS,2026-10-09T04:29:00Z
2020-06-10,FIT,5.91,6.22,5.91,6.22,1969840,KBS,2026-10-09T04:29:00Z
2020-06-11,FIT,6.65,6.65,6.09,6.09,3246530,KBS,2026-10-09T04:29:00Z
2020-06-12,FIT,5.89,6.51,5.89,6.51,1965640,KBS,2026-10-09T04:29:00Z
2020-06-15,FIT,6.96,6.96,6.91,6.96,3110310,KBS,2026-10-09T04:29:00Z
2020-06-16,FIT,7.45,7.45,7.45,7.45,210300,KBS,2026-10-09T04:29:00Z
2020-06-17,FIT,7.96,7.96,7.01,7.11,5702110,KBS,2026-10-09T04:29:00Z
2020-06-18,FIT,7.11,7.44,6.86,7.11,3022130,KBS,2026-10-09T04:29:00Z
2020-06-19,FIT,7.11,7.6,7.11,7.6,1881020,KBS,2026-10-09T04:29:00Z
2020-06-22,FIT,7.82,7.84,7.45,7.45,1102890,KBS,2026-10-09T04:29:00Z
2020-06-23,FIT,7.45,7.97,7.41,7.97,3250140,KBS,2026-10-09T04:29:00Z
2020-06-24,FIT,8.36,8.36,7.82,7.97,1104080,KBS,2026-10-09T04:29:00Z
2020-06-25,FIT,7.73,8.41,7.73,8.21,1513340,KBS,2026-10-09T04:29:00Z
2020-06-26,FIT,8.18,8.27,7.95,8.02,1279990,KBS,2026-10-09T04:29:00Z
2020-06-29,FIT,7.74,8.24,7.74,8.13,1805980,KBS,2026-10-09T04:29:00Z
2020-06-30,FIT,8.2,8.27,7.64,8.14,1489030,KBS,2026-10-09T04:29:00Z
2020-07-01,FIT,8.18,8.59,8.13,8.54,1197930,KBS,2026-10-09T04:29:00Z
2020-07-02,FIT,8.54,8.63,8.27,8.58,567490,KBS,2026-10-09T04:29:00Z
2020-07-03,FIT,8.58,8.75,8.45,8.73,650400,KBS,2026-10-09T04:29:00Z
2020-07-06,FIT,8.77,9.03,8.55,8.55,827530,KBS,2026-10-09T04:29:00Z
2020-07-07,FIT,8.55,8.65,8.32,8.55,686560,KBS,2026-10-09T04:29:00Z
2020-07-08,FIT,8.5,8.73,8.5,8.5,469660,KBS,2026-10-09T04:29:00Z
2020-07-09,FIT,8.5,9.09,8.5,9.08,1644310,KBS,2026-10-09T04:29:00Z
2020-07-10,FIT,9.08,9.27,8.82,9.08,316450,KBS,2026-10-09T04:29:00Z
2020-07-13,FIT,9.08,9.08,8.87,8.91,419180,KBS,2026-10-09T04:29:00Z
2020-07-14,FIT,8.82,8.92,8.79,8.84,412380,KBS,2026-10-09T04:29:00Z
2020-07-15,FIT,9.45,9.45,9.45,9.45,240080,KBS,2026-10-09T04:29:00Z
2020-07-16,FIT,10.09,10.09,10.0,10.09,1707640,KBS,2026-10-09T04:29:00Z
2020-07-17,FIT,10.45,10.68,10.09,10.32,887430,KBS,2026-10-09T04:29:00Z
2020-07-20,FIT,10.32,10.36,9.68,10.09,1039460,KBS,2026-10-09T04:29:00Z
2020-07-21,FIT,9.86,10.32,9.86,10.09,635660,KBS,2026-10-09T04:29:00Z
2020-07-22,FIT,10.18,10.41,9.77,9.95,876740,KBS,2026-10-09T04:29:00Z
2020-07-23,FIT,9.73,10.09,9.27,9.27,1661470,KBS,2026-10-09T04:29:00Z
2020-07-24,FIT,8.91,9.27,8.63,8.63,1303320,KBS,2026-10-09T04:29:00Z
2020-07-27,FIT,8.03,8.62,8.03,8.03,742340,KBS,2026-10-09T04:29:00Z
2020-07-28,FIT,8.03,8.27,7.65,8.18,1184070,KBS,2026-10-09T04:29:00Z
2020-07-29,FIT,7.73,7.73,7.61,7.61,487070,KBS,2026-10-09T04:29:00Z
2020-07-30,FIT,7.32,7.91,7.32,7.68,275620,KBS,2026-10-09T04:29:00Z
2020-07-31,FIT,7.68,7.72,7.37,7.62,169060,KBS,2026-10-09T04:29:00Z
2020-08-03,FIT,7.9,7.99,7.11,7.89,570070,KBS,2026-10-09T04:29:00Z
2020-08-04,FIT,7.91,8.27,7.91,8.18,1050170,KBS,2026-10-09T04:29:00Z
2020-08-05,FIT,8.19,8.56,8.15,8.51,1377190,KBS,2026-10-09T04:29:00Z
2020-08-06,FIT,8.51,8.59,8.31,8.45,1042650,KBS,2026-10-09T04:29:00Z
2020-08-07,FIT,8.45,8.45,8.23,8.35,379390,KBS,2026-10-09T04:29:00Z
2020-08-10,FIT,8.36,8.45,8.24,8.25,1219520,KBS,2026-10-09T04:29:00Z
2020-08-11,FIT,8.35,8.36,8.1,8.18,470030,KBS,2026-10-09T04:29:00Z
2020-08-12,FIT,8.18,8.19,8.02,8.18,275440,KBS,2026-10-09T04:29:00Z
2020-08-13,FIT,8.18,8.75,8.0,8.75,2316200,KBS,2026-10-09T04:29:00Z
2020-08-14,FIT,8.85,8.96,8.36,8.61,1395490,KBS,2026-10-09T04:29:00Z
2020-08-17,FIT,8.61,8.64,8.42,8.58,464410,KBS,2026-10-09T04:29:00Z
2020-08-18,FIT,8.53,8.58,8.45,8.45,444600,KBS,2026-10-09T04:29:00Z
2020-08-19,FIT,8.38,8.73,8.38,8.52,499270,KBS,2026-10-09T04:29:00Z
2020-08-20,FIT,8.54,8.55,8.35,8.45,426810,KBS,2026-10-09T04:29:00Z
2020-08-21,FIT,8.49,8.62,8.38,8.5,848530,KBS,2026-10-09T04:29:00Z
2020-08-24,FIT,8.55,8.59,8.5,8.53,603350,KBS,2026-10-09T04:29:00Z
2020-08-25,FIT,8.55,8.91,8.52,8.8,1058190,KBS,2026-10-09T04:29:00Z
2020-08-26,FIT,8.8,8.8,8.58,8.64,481200,KBS,2026-10-09T04:29:00Z
2020-08-27,FIT,8.59,8.63,8.48,8.5,491160,KBS,2026-10-09T04:29:00Z
2020-08-28,FIT,8.5,8.6,8.39,8.5,702510,KBS,2026-10-09T04:29:00Z
2020-08-31,FIT,8.45,8.82,8.44,8.5,671100,KBS,2026-10-09T04:29:00Z
2020-09-01,FIT,8.47,8.64,8.47,8.57,521140,KBS,2026-10-09T04:29:00Z
2020-09-03,FIT,8.45,8.75,8.45,8.54,284650,KBS,2026-10-09T04:29:00Z
2020-09-04,FIT,8.54,8.54,8.29,8.42,511670,KBS,2026-10-09T04:29:00Z
2020-09-07,FIT,8.33,8.45,7.91,7.91,713780,KBS,2026-10-09T04:29:00Z
2020-09-08,FIT,7.91,8.27,7.91,8.27,594590,KBS,2026-10-09T04:29:00Z
2020-09-09,FIT,8.18,8.27,7.82,8.27,178580,KBS,2026-10-09T04:29:00Z
2020-09-10,FIT,8.27,8.4,8.18,8.31,336840,KBS,2026-10-09T04:29:00Z
2020-09-11,FIT,8.18,8.31,8.18,8.31,157820,KBS,2026-10-09T04:29:00Z
2020-09-14,FIT,8.31,8.55,8.19,8.34,588340,KBS,2026-10-09T04:29:00Z
2020-09-15,FIT,8.41,8.41,8.32,8.35,191430,KBS,2026-10-09T04:29:00Z
2020-09-16,FIT,8.39,8.39,8.22,8.27,133460,KBS,2026-10-09T04:29:00Z
2020-09-17,FIT,8.2,8.28,8.14,8.25,321490,KBS,2026-10-09T04:29:00Z
2020-09-18,FIT,8.13,8.35,8.13,8.31,175670,KBS,2026-10-09T04:29:00Z
2020-09-21,FIT,8.31,8.31,8.15,8.18,232180,KBS,2026-10-09T04:29:00Z
2020-09-22,FIT,8.18,8.19,7.95,8.14,195280,KBS,2026-10-09T04:29:00Z
2020-09-23,FIT,8.14,8.21,8.05,8.08,197790,KBS,2026-10-09T04:29:00Z
2020-09-24,FIT,8.01,8.36,7.98,8.36,922000,KBS,2026-10-09T04:29:00Z
2020-09-25,FIT,8.35,8.38,8.18,8.25,118460,KBS,2026-10-09T04:29:00Z
2020-09-28,FIT,8.25,8.25,8.11,8.18,139530,KBS,2026-10-09T04:29:00Z
2020-09-29,FIT,8.09,8.25,8.02,8.09,260620,KBS,2026-10-09T04:29:00Z
2020-09-30,FIT,8.03,8.21,7.98,8.02,445400,KBS,2026-10-09T04:29:00Z
2020-10-01,FIT,8.15,8.15,7.99,8.0,192330,KBS,2026-10-09T04:29:00Z
2020-10-02,FIT,8.01,8.06,7.82,7.96,184830,KBS,2026-10-09T04:29:00Z
2020-10-05,FIT,8.05,8.13,7.89,8.13,894140,KBS,2026-10-09T04:29:00Z
2020-10-06,FIT,8.13,8.34,8.05,8.26,968650,KBS,2026-10-09T04:29:00Z
2020-10-07,FIT,8.2,8.64,8.18,8.5,3426640,KBS,2026-10-09T04:29:00Z
2020-10-08,FIT,8.6,8.6,8.32,8.46,557630,KBS,2026-10-09T04:29:00Z
2020-10-09,FIT,8.37,8.45,8.3,8.3,398980,KBS,2026-10-09T04:29:00Z
2020-10-12,FIT,8.24,8.3,7.99,8.09,821280,KBS,2026-10-09T04:29:00Z
2020-10-13,FIT,8.05,8.09,8.0,8.0,298360,KBS,2026-10-09T04:29:00Z
2020-10-14,FIT,8.09,8.21,8.0,8.15,347550,KBS,2026-10-09T04:29:00Z
2020-10-15,FIT,8.06,8.06,7.99,8.02,219380,KBS,2026-10-09T04:29:00Z
2020-10-16,FIT,8.01,8.05,7.86,8.02,365660,KBS,2026-10-09T04:29:00Z
2020-10-19,FIT,8.07,8.07,7.91,7.94,302140,KBS,2026-10-09T04:29:00Z
2020-10-20,FIT,7.89,7.94,7.81,7.83,290330,KBS,2026-10-09T04:29:00Z
2020-10-21,FIT,7.75,7.94,7.72,7.73,364970,KBS,2026-10-09T04:29:00Z
2020-10-22,FIT,7.73,7.76,7.6,7.6,347850,KBS,2026-10-09T04:29:00Z
2020-10-23,FIT,7.6,7.91,7.55,7.83,655520,KBS,2026-10-09T04:29:00Z
2020-10-26,FIT,7.86,7.95,7.67,7.67,875610,KBS,2026-10-09T04:29:00Z
2020-10-27,FIT,7.67,7.67,7.5,7.5,239120,KBS,2026-10-09T04:29:00Z
2020-10-28,FIT,7.45,7.45,7.18,7.32,389880,KBS,2026-10-09T04:29:00Z
2020-10-29,FIT,7.1,7.36,7.09,7.32,289020,KBS,2026-10-09T04:29:00Z
2020-10-30,FIT,7.35,7.35,7.18,7.32,134120,KBS,2026-10-09T04:29:00Z
2020-11-02,FIT,7.32,7.78,7.26,7.69,501660,KBS,2026-10-09T04:29:00Z
2020-11-03,FIT,7.64,7.7,7.64,7.64,73770,KBS,2026-10-09T04:29:00Z
2020-11-04,FIT,7.68,7.68,7.48,7.55,167590,KBS,2026-10-09T04:29:00Z
2020-11-05,FIT,7.51,7.59,7.43,7.43,117460,KBS,2026-10-09T04:29:00Z
2020-11-06,FIT,7.45,7.61,7.42,7.52,380120,KBS,2026-10-09T04:29:00Z
2020-11-09,FIT,7.52,7.64,7.49,7.55,194530,KBS,2026-10-09T04:29:00Z
2020-11-10,FIT,7.55,7.55,7.19,7.41,431260,KBS,2026-10-09T04:29:00Z
2020-11-11,FIT,7.27,7.41,7.18,7.29,611820,KBS,2026-10-09T04:29:00Z
2020-11-12,FIT,7.34,7.55,7.3,7.32,1100430,KBS,2026-10-09T04:29:00Z
2020-11-13,FIT,7.36,7.45,7.32,7.45,567310,KBS,2026-10-09T04:29:00Z
2020-11-16,FIT,7.45,7.45,7.32,7.36,199240,KBS,2026-10-09T04:29:00Z
2020-11-17,FIT,7.36,7.39,7.26,7.27,328720,KBS,2026-10-09T04:29:00Z
2020-11-18,FIT,7.27,7.49,7.27,7.41,629390,KBS,2026-10-09T04:29:00Z
2020-11-19,FIT,7.39,7.4,7.3,7.33,181420,KBS,2026-10-09T04:29:00Z
2020-11-20,FIT,7.33,7.81,7.28,7.67,910860,KBS,2026-10-09T04:29:00Z
2020-11-23,FIT,7.82,7.83,7.64,7.65,578450,KBS,2026-10-09T04:29:00Z
2020-11-24,FIT,7.65,7.65,7.5,7.56,210190,KBS,2026-10-09T04:29:00Z
2020-11-25,FIT,7.51,7.55,7.36,7.49,386120,KBS,2026-10-09T04:29:00Z
2020-11-26,FIT,7.48,7.53,7.41,7.5,273210,KBS,2026-10-09T04:29:00Z
2020-11-27,FIT,7.48,7.59,7.45,7.49,319330,KBS,2026-10-09T04:29:00Z
2020-11-30,FIT,7.55,8.01,7.46,8.01,1960990,KBS,2026-10-09T04:29:00Z
2020-12-01,FIT,8.01,8.14,7.83,8.05,1542890,KBS,2026-10-09T04:29:00Z
2020-12-02,FIT,8.05,8.36,8.05,8.18,1047980,KBS,2026-10-09T04:29:00Z
2020-12-03,FIT,8.18,8.23,7.91,8.09,770850,KBS,2026-10-09T04:29:00Z
2020-12-04,FIT,8.32,8.43,8.17,8.21,1728940,KBS,2026-10-09T04:29:00Z
2020-12-07,FIT,8.35,8.78,8.35,8.78,2310340,KBS,2026-10-09T04:29:00Z
2020-12-08,FIT,8.98,9.36,8.91,9.36,2303550,KBS,2026-10-09T04:29:00Z
2020-12-09,FIT,9.59,9.73,9.32,9.64,3495730,KBS,2026-10-09T04:29:00Z
2020-12-10,FIT,9.64,9.64,9.32,9.32,1514230,KBS,2026-10-09T04:29:00Z
2020-12-11,FIT,9.36,9.55,9.18,9.23,2541200,KBS,2026-10-09T04:29:00Z
2020-12-14,FIT,9.23,9.86,9.23,9.86,4283200,KBS,2026-10-09T04:29:00Z
2020-12-15,FIT,10.0,10.36,9.95,10.18,3324270,KBS,2026-10-09T04:29:00Z
2020-12-16,FIT,10.18,10.5,10.05,10.45,3284260,KBS,2026-10-09T04:29:00Z
2020-12-17,FIT,10.32,10.59,10.05,10.55,4092890,KBS,2026-10-09T04:29:00Z
2020-12-18,FIT,10.5,10.64,10.36,10.59,2735380,KBS,2026-10-09T04:29:00Z
2020-12-21,FIT,10.91,11.32,10.64,11.32,5909840,KBS,2026-10-09T04:29:00Z
2020-12-22,FIT,11.5,12.05,11.41,12.05,5531470,KBS,2026-10-09T04:29:00Z
2020-12-23,FIT,11.82,12.05,11.36,11.91,4464730,KBS,2026-10-09T04:29:00Z
2020-12-24,FIT,11.73,12.09,11.09,12.09,6018440,KBS,2026-10-09T04:29:00Z
2020-12-25,FIT,12.09,12.91,12.09,12.82,9991160,KBS,2026-10-09T04:29:00Z
2020-12-28,FIT,13.0,13.0,12.55,12.82,5039580,KBS,2026-10-09T04:29:00Z
2020-12-29,FIT,12.64,13.14,12.5,13.05,6892570,KBS,2026-10-09T04:29:00Z
2020-12-30,FIT,12.59,13.18,12.41,13.05,11212120,KBS,2026-10-09T04:29:00Z
2020-12-31,FIT,13.27,13.95,13.23,13.95,11377850,KBS,2026-10-09T04:29:00Z
2021-01-04,FIT,14.09,14.91,14.09,14.91,9205800,KBS,2026-10-09T04:29:00Z
2021-01-05,FIT,14.86,15.23,14.55,15.0,7424500,KBS,2026-10-09T04:29:00Z
2021-01-06,FIT,15.0,15.05,14.64,14.95,5986100,KBS,2026-10-09T04:29:00Z
2021-01-07,FIT,15.09,16.0,14.59,16.0,12995300,KBS,2026-10-09T04:29:00Z
2021-01-08,FIT,16.32,16.86,16.09,16.77,8605200,KBS,2026-10-09T04:29:00Z
2021-01-11,FIT,16.73,17.45,16.27,17.45,7847300,KBS,2026-10-09T04:29:00Z
2021-01-12,FIT,17.27,17.41,16.73,17.41,6657200,KBS,2026-10-09T04:29:00Z
2021-01-13,FIT,17.41,17.95,17.05,17.91,10846100,KBS,2026-10-09T04:29:00Z
2021-01-14,FIT,17.73,17.91,17.36,17.91,5239700,KBS,2026-10-09T04:29:00Z
2021-01-15,FIT,17.91,18.18,17.59,18.14,6601000,KBS,2026-10-09T04:29:00Z
2021-01-18,FIT,18.36,19.36,18.18,19.36,12840900,KBS,2026-10-09T04:29:00Z
2021-01-19,FIT,19.68,20.18,18.05,19.77,9667300,KBS,2026-10-09T04:29:00Z
2021-01-20,FIT,19.27,19.68,18.59,19.68,6854500,KBS,2026-10-09T04:29:00Z
2021-01-21,FIT,19.36,20.09,19.18,19.77,7119900,KBS,2026-10-09T04:29:00Z
2021-01-22,FIT,19.36,19.82,18.41,18.41,6340600,KBS,2026-10-09T04:29:00Z
2021-01-25,FIT,17.14,17.14,17.14,17.14,271100,KBS,2026-10-09T04:29:00Z
2021-01-26,FIT,15.95,15.95,15.95,15.95,259200,KBS,2026-10-09T04:29:00Z
2021-01-27,FIT,14.86,14.86,14.86,14.86,4111300,KBS,2026-10-09T04:29:00Z
2021-01-28,FIT,13.86,13.86,13.86,13.86,119300,KBS,2026-10-09T04:29:00Z
2021-01-29,FIT,12.91,12.91,12.91,12.91,573100,KBS,2026-10-09T04:29:00Z
2021-02-01,FIT,12.05,12.05,12.05,12.05,323500,KBS,2026-10-09T04:29:00Z
2021-02-02,FIT,11.23,12.05,11.23,11.23,10772400,KBS,2026-10-09T04:29:00Z
2021-02-03,FIT,10.91,11.64,10.64,10.82,5120200,KBS,2026-10-09T04:29:00Z
2021-02-04,FIT,11.09,11.55,10.86,11.55,3640600,KBS,2026-10-09T04:29:00Z
2021-02-05,FIT,11.55,11.68,11.0,11.09,6376200,KBS,2026-10-09T04:29:00Z
2021-02-08,FIT,10.95,11.09,10.32,10.32,3329700,KBS,2026-10-09T04:29:00Z
2021-02-09,FIT,9.86,10.09,9.64,9.82,3647200,KBS,2026-10-09T04:29:00Z
2021-02-17,FIT,9.82,10.45,9.23,10.27,3146800,KBS,2026-10-09T04:29:00Z
2021-02-18,FIT,10.45,10.95,10.27,10.95,2425800,KBS,2026-10-09T04:29:00Z
2021-02-19,FIT,10.73,11.09,10.55,10.55,2868800,KBS,2026-10-09T04:29:00Z
2021-02-22,FIT,10.36,10.73,10.05,10.55,2988800,KBS,2026-10-09T04:29:00Z
2021-02-23,FIT,10.45,10.45,10.05,10.09,3510200,KBS,2026-10-09T04:29:00Z
2021-02-24,FIT,10.23,10.36,9.91,9.95,2374400,KBS,2026-10-09T04:29:00Z
2021-02-25,FIT,10.05,10.09,9.64,9.82,2466300,KBS,2026-10-09T04:29:00Z
2021-02-26,FIT,9.41,9.64,9.41,9.64,1933900,KBS,2026-10-09T04:29:00Z
2021-03-01,FIT,9.73,10.18,9.59,10.05,2073600,KBS,2026-10-09T04:29:00Z
2021-03-02,FIT,10.14,10.14,9.73,9.82,1966700,KBS,2026-10-09T04:29:00Z
2021-03-03,FIT,9.64,10.32,9.59,9.95,2693100,KBS,2026-10-09T04:29:00Z
2021-03-04,FIT,10.18,10.23,9.64,9.73,2312000,KBS,2026-10-09T04:29:00Z
2021-03-05,FIT,9.68,9.95,9.64,9.77,1169700,KBS,2026-10-09T04:29:00Z
2021-03-08,FIT,9.95,10.0,9.77,9.91,1663500,KBS,2026-10-09T04:29:00Z
2021-03-09,FIT,9.91,10.05,9.73,9.91,2488300,KBS,2026-10-09T04:29:00Z
2021-03-10,FIT,10.0,10.18,9.95,10.09,3007900,KBS,2026-10-09T04:29:00Z
2021-03-11,FIT,10.23,10.23,10.0,10.09,2466600,KBS,2026-10-09T04:29:00Z
2021-03-12,FIT,10.18,10.18,9.86,9.95,2760100,KBS,2026-10-09T04:29:00Z
2021-03-15,FIT,9.91,10.64,9.73,10.64,7678600,KBS,2026-10-09T04:29:00Z
2021-03-16,FIT,11.09,11.18,10.82,11.09,6895600,KBS,2026-10-09T04:29:00Z
2021-03-17,FIT,11.09,11.09,10.64,10.73,4023500,KBS,2026-10-09T04:29:00Z
2021-03-18,FIT,10.68,11.05,10.5,10.73,3940800,KBS,2026-10-09T04:29:00Z
2021-03-19,FIT,10.64,10.68,10.45,10.64,2501700,KBS,2026-10-09T04:29:00Z
2021-03-22,FIT,10.64,10.64,10.0,10.5,3655400,KBS,2026-10-09T04:29:00Z
2021-03-23,FIT,10.5,10.5,9.86,10.09,4389800,KBS,2026-10-09T04:29:00Z
2021-03-24,FIT,9.91,10.0,9.68,9.82,3683300,KBS,2026-10-09T04:29:00Z
2021-03-25,FIT,9.82,9.91,9.36,9.45,4599600,KBS,2026-10-09T04:29:00Z
2021-03-26,FIT,9.41,9.45,8.8,9.0,4629200,KBS,2026-10-09T04:29:00Z
2021-03-29,FIT,9.07,9.59,9.07,9.59,3172400,KBS,2026-10-09T04:29:00Z
2021-03-30,FIT,9.95,10.23,9.91,10.23,5862100,KBS,2026-10-09T04:29:00Z
2021-03-31,FIT,10.18,10.18,9.82,9.86,2976900,KBS,2026-10-09T04:29:00Z
2021-04-01,FIT,9.73,10.14,9.59,9.91,2551100,KBS,2026-10-09T04:29:00Z
2021-04-02,FIT,9.91,10.27,9.91,10.09,3105300,KBS,2026-10-09T04:29:00Z
2021-04-05,FIT,10.09,10.14,9.82,10.0,2204700,KBS,2026-10-09T04:29:00Z
2021-04-06,FIT,9.91,9.91,9.64,9.86,5068000,KBS,2026-10-09T04:29:00Z
2021-04-07,FIT,9.95,10.14,9.91,10.09,3846700,KBS,2026-10-09T04:29:00Z
2021-04-08,FIT,10.27,10.45,10.23,10.36,4086300,KBS,2026-10-09T04:29:00Z
2021-04-09,FIT,10.09,10.27,10.0,10.18,5346300,KBS,2026-10-09T04:29:00Z
2021-04-12,FIT,10.27,10.86,10.14,10.86,9704000,KBS,2026-10-09T04:29:00Z
2021-04-13,FIT,11.18,11.18,10.55,10.64,7892400,KBS,2026-10-09T04:29:00Z
2021-04-14,FIT,10.45,11.0,10.27,10.77,7965200,KBS,2026-10-09T04:29:00Z
2021-04-15,FIT,10.82,10.86,10.32,10.32,7106100,KBS,2026-10-09T04:29:00Z
2021-04-16,FIT,10.23,10.36,9.64,9.77,9358200,KBS,2026-10-09T04:29:00Z
2021-04-19,FIT,9.77,10.18,9.36,10.09,2839800,KBS,2026-10-09T04:29:00Z
2021-04-20,FIT,10.09,10.09,9.55,9.68,2597200,KBS,2026-10-09T04:29:00Z
2021-04-22,FIT,9.73,10.0,9.23,9.23,3916800,KBS,2026-10-09T04:29:00Z
2021-04-23,FIT,9.27,9.59,9.09,9.59,2256200,KBS,2026-10-09T04:29:00Z
2021-04-26,FIT,9.64,9.64,9.0,9.02,4241700,KBS,2026-10-09T04:29:00Z
2021-04-27,FIT,9.02,9.5,8.91,9.14,2589500,KBS,2026-10-09T04:29:00Z
2021-04-28,FIT,9.14,9.55,9.14,9.36,1356400,KBS,2026-10-09T04:29:00Z
2021-04-29,FIT,9.55,10.0,9.41,9.68,3464500,KBS,2026-10-09T04:29:00Z
2021-05-04,FIT,9.23,9.59,9.23,9.5,2503600,KBS,2026-10-09T04:29:00Z
2021-05-05,FIT,9.64,9.91,9.5,9.73,3153400,KBS,2026-10-09T04:29:00Z
2021-05-06,FIT,9.68,9.82,9.41,9.45,2384300,KBS,2026-10-09T04:29:00Z
2021-05-07,FIT,9.36,9.5,9.08,9.18,3391000,KBS,2026-10-09T04:29:00Z
2021-05-10,FIT,9.09,9.14,8.73,8.89,3234700,KBS,2026-10-09T04:29:00Z
2021-05-11,FIT,8.9,9.23,8.9,8.97,1959300,KBS,2026-10-09T04:29:00Z
2021-05-12,FIT,9.0,9.45,9.0,9.41,1737600,KBS,2026-10-09T04:29:00Z
2021-05-13,FIT,9.36,9.5,9.14,9.14,2111500,KBS,2026-10-09T04:29:00Z
2021-05-14,FIT,9.14,9.36,9.09,9.14,1826800,KBS,2026-10-09T04:29:00Z
2021-05-17,FIT,9.18,9.41,9.09,9.18,3296400,KBS,2026-10-09T04:29:00Z
2021-05-18,FIT,9.18,9.32,9.14,9.14,2374300,KBS,2026-10-09T04:29:00Z
2021-05-19,FIT,9.18,9.77,9.14,9.77,4670600,KBS,2026-10-09T04:29:00Z
2021-05-20,FIT,10.45,10.45,10.14,10.45,10540000,KBS,2026-10-09T04:29:00Z
2021-05-21,FIT,10.45,10.91,10.27,10.45,5255800,KBS,2026-10-09T04:29:00Z
2021-05-24,FIT,10.55,10.82,10.23,10.73,7137700,KBS,2026-10-09T04:29:00Z
2021-05-25,FIT,10.73,11.45,10.55,11.45,9505500,KBS,2026-10-09T04:29:00Z
2021-05-26,FIT,12.18,12.23,12.0,12.23,13289000,KBS,2026-10-09T04:29:00Z
2021-05-27,FIT,12.55,13.05,12.27,12.73,10048500,KBS,2026-10-09T04:29:00Z
2021-05-28,FIT,12.73,12.95,12.36,12.91,9863600,KBS,2026-10-09T04:29:00Z
2021-05-31,FIT,12.73,13.77,12.55,13.77,9710100,KBS,2026-10-09T04:29:00Z
2021-06-01,FIT,13.82,14.14,13.0,13.45,6976300,KBS,2026-10-09T04:29:00Z
2021-06-02,FIT,13.18,13.64,13.09,13.36,6139600,KBS,2026-10-09T04:29:00Z
2021-06-03,FIT,13.27,13.36,12.55,12.68,13306100,KBS,2026-10-09T04:29:00Z
2021-06-04,FIT,12.36,12.45,12.0,12.14,14543400,KBS,2026-10-09T04:29:00Z
2021-06-07,FIT,12.18,12.95,12.18,12.95,7762800,KBS,2026-10-09T04:29:00Z
2021-06-08,FIT,13.09,13.73,12.91,13.0,8483100,KBS,2026-10-09T04:29:00Z
2021-06-09,FIT,12.82,13.27,12.64,13.0,4904400,KBS,2026-10-09T04:29:00Z
2021-06-10,FIT,13.09,13.45,12.45,12.64,7665500,KBS,2026-10-09T04:29:00Z
2021-06-11,FIT,13.0,13.18,12.55,13.18,7155100,KBS,2026-10-09T04:29:00Z
2021-06-14,FIT,13.36,14.09,13.36,14.0,10584800,KBS,2026-10-09T04:29:00Z
2021-06-15,FIT,14.27,14.36,13.55,13.59,6518300,KBS,2026-10-09T04:29:00Z
2021-06-16,FIT,13.64,14.23,13.45,14.18,7970500,KBS,2026-10-09T04:29:00Z
2021-06-17,FIT,13.91,14.27,13.5,13.64,8762600,KBS,2026-10-09T04:29:00Z
2021-06-18,FIT,13.27,14.36,12.68,13.91,30073900,KBS,2026-10-09T04:29:00Z
2021-06-21,FIT,13.59,14.36,13.45,13.64,7783600,KBS,2026-10-09T04:29:00Z
2021-06-22,FIT,13.64,13.64,12.73,12.73,6673600,KBS,2026-10-09T04:29:00Z
2021-06-23,FIT,12.45,13.59,12.36,13.59,13198500,KBS,2026-10-09T04:29:00Z
2021-06-24,FIT,14.09,14.5,13.82,14.5,16098800,KBS,2026-10-09T04:29:00Z
2021-06-25,FIT,14.82,15.18,14.36,14.36,10342700,KBS,2026-10-09T04:29:00Z
2021-06-28,FIT,14.09,14.82,14.05,14.64,6726200,KBS,2026-10-09T04:29:00Z
2021-06-29,FIT,14.64,14.82,14.32,14.55,9004600,KBS,2026-10-09T04:29:00Z
2021-06-30,FIT,14.55,14.73,14.32,14.45,5755700,KBS,2026-10-09T04:29:00Z
2021-07-01,FIT,15.09,15.45,14.91,15.45,12619900,KBS,2026-10-09T04:29:00Z
2021-07-02,FIT,15.82,16.27,15.55,15.91,9279700,KBS,2026-10-09T04:29:00Z
2021-07-05,FIT,15.91,16.64,15.55,16.5,12997300,KBS,2026-10-09T04:29:00Z
2021-07-06,FIT,16.5,16.82,15.64,15.64,8671400,KBS,2026-10-09T04:29:00Z
2021-07-07,FIT,15.18,15.68,14.91,15.41,7069600,KBS,2026-10-09T04:29:00Z
2021-07-08,FIT,15.41,15.55,15.14,15.45,11791700,KBS,2026-10-09T04:29:00Z
2021-07-09,FIT,15.45,15.45,14.41,15.14,9852100,KBS,2026-10-09T04:29:00Z
2021-07-12,FIT,14.91,15.09,14.09,14.09,5727900,KBS,2026-10-09T04:29:00Z
2021-07-13,FIT,13.91,14.32,13.27,13.82,3533700,KBS,2026-10-09T04:29:00Z
2021-07-14,FIT,13.82,14.18,13.45,13.45,3646600,KBS,2026-10-09T04:29:00Z
2021-07-15,FIT,13.27,14.0,13.18,13.68,3968400,KBS,2026-10-09T04:29:00Z
2021-07-16,FIT,13.73,13.77,13.09,13.09,3431900,KBS,2026-10-09T04:29:00Z
2021-07-19,FIT,12.32,12.55,12.18,12.18,9555700,KBS,2026-10-09T04:29:00Z
2021-07-20,FIT,12.0,12.36,11.68,12.32,6289400,KBS,2026-10-09T04:29:00Z
2021-07-21,FIT,12.55,13.14,12.32,13.14,7639400,KBS,2026-10-09T04:29:00Z
2021-07-22,FIT,13.18,13.77,13.14,13.64,7629900,KBS,2026-10-09T04:29:00Z
2021-07-23,FIT,13.45,13.64,13.23,13.5,5186400,KBS,2026-10-09T04:29:00Z
2021-07-26,FIT,12.95,13.55,12.91,13.27,3875800,KBS,2026-10-09T04:29:00Z
2021-07-27,FIT,13.45,13.59,13.32,13.55,4699200,KBS,2026-10-09T04:29:00Z
2021-07-28,FIT,13.36,13.86,13.32,13.59,4712400,KBS,2026-10-09T04:29:00Z
2021-07-29,FIT,13.64,14.05,13.5,13.91,6430400,KBS,2026-10-09T04:29:00Z
2021-07-30,FIT,13.91,14.09,13.73,13.73,3368700,KBS,2026-10-09T04:29:00Z
2021-08-02,FIT,14.09,14.09,13.55,13.55,8744500,KBS,2026-10-09T04:29:00Z
2021-08-03,FIT,13.55,13.91,13.55,13.64,5573800,KBS,2026-10-09T04:29:00Z
2021-08-04,FIT,13.73,14.59,13.64,14.59,11272000,KBS,2026-10-09T04:29:00Z
2021-08-05,FIT,14.91,15.0,14.55,14.82,7723000,KBS,2026-10-09T04:29:00Z
2021-08-06,FIT,14.82,15.82,14.59,15.27,10710900,KBS,2026-10-09T04:29:00Z
2021-08-09,FIT,15.0,15.45,14.77,15.18,5927300,KBS,2026-10-09T04:29:00Z
2021-08-10,FIT,15.23,15.73,15.05,15.59,10056300,KBS,2026-10-09T04:29:00Z
2021-08-11,FIT,15.64,15.73,15.41,15.55,9159200,KBS,2026-10-09T04:29:00Z
2021-08-12,FIT,15.55,15.68,15.27,15.55,6639800,KBS,2026-10-09T04:29:00Z
2021-08-13,FIT,15.5,16.18,15.5,16.18,15416800,KBS,2026-10-09T04:29:00Z
2021-08-16,FIT,16.5,17.27,16.41,17.27,14179100,KBS,2026-10-09T04:29:00Z
2021-08-17,FIT,17.27,17.86,17.0,17.82,18028000,KBS,2026-10-09T04:29:00Z
2021-08-18,FIT,17.82,18.36,17.41,18.27,20113500,KBS,2026-10-09T04:29:00Z
2021-08-19,FIT,18.23,19.18,17.77,19.18,21711600,KBS,2026-10-09T04:29:00Z
2021-08-20,FIT,19.18,19.27,17.86,19.18,26509700,KBS,2026-10-09T04:29:00Z
2021-08-23,FIT,18.73,19.41,18.59,19.41,17294300,KBS,2026-10-09T04:29:00Z
2021-08-24,FIT,19.32,19.5,18.09,18.09,18434500,KBS,2026-10-09T04:29:00Z
2021-08-25,FIT,16.86,17.73,16.86,17.27,16319600,KBS,2026-10-09T04:29:00Z
2021-08-26,FIT,17.36,17.55,16.09,16.09,5638100,KBS,2026-10-09T04:29:00Z
2021-08-27,FIT,15.45,16.09,15.45,16.09,6594900,KBS,2026-10-09T04:29:00Z
2021-08-30,FIT,16.14,16.91,16.09,16.91,7265600,KBS,2026-10-09T04:29:00Z
2021-08-31,FIT,16.91,17.27,16.68,17.09,8381700,KBS,2026-10-09T04:29:00Z
2021-09-01,FIT,16.91,17.05,16.41,16.86,9850200,KBS,2026-10-09T04:29:00Z
2021-09-06,FIT,17.0,17.77,16.91,17.73,9175900,KBS,2026-10-09T04:29:00Z
2021-09-07,FIT,17.73,17.95,17.27,17.82,14431100,KBS,2026-10-09T04:29:00Z
2021-09-08,FIT,17.86,18.14,16.59,16.59,14186300,KBS,2026-10-09T04:29:00Z
2021-09-09,FIT,15.45,16.05,15.45,15.91,33240600,KBS,2026-10-09T04:29:00Z
2021-09-10,FIT,16.05,16.23,15.55,15.86,9201900,KBS,2026-10-09T04:29:00Z
2021-09-13,FIT,15.86,16.09,14.77,14.77,16120900,KBS,2026-10-09T04:29:00Z
2021-09-14,FIT,13.77,14.09,13.77,13.77,24585900,KBS,2026-10-09T04:29:00Z
2021-09-15,FIT,13.0,13.77,12.82,13.77,13693900,KBS,2026-10-09T04:29:00Z
2021-09-16,FIT,13.91,14.68,13.23,13.86,11257700,KBS,2026-10-09T04:29:00Z
2021-09-17,FIT,13.68,13.95,13.45,13.45,8160500,KBS,2026-10-09T04:29:00Z
2021-09-20,FIT,13.45,13.45,12.95,13.0,8738100,KBS,2026-10-09T04:29:00Z
2021-09-21,FIT,12.55,12.77,12.09,12.27,15552000,KBS,2026-10-09T04:29:00Z
2021-09-22,FIT,12.27,13.09,12.27,13.09,7300500,KBS,2026-10-09T04:29:00Z
2021-09-23,FIT,13.45,13.64,12.64,12.68,9349100,KBS,2026-10-09T04:29:00Z
2021-09-24,FIT,11.91,12.27,11.91,12.09,8740100,KBS,2026-10-09T04:29:00Z
2021-09-27,FIT,11.73,12.05,11.27,11.27,10502400,KBS,2026-10-09T04:29:00Z
2021-09-28,FIT,10.91,11.73,10.5,11.36,6259600,KBS,2026-10-09T04:29:00Z
2021-09-29,FIT,11.73,11.86,11.41,11.73,6644600,KBS,2026-10-09T04:29:00Z
2021-09-30,FIT,11.73,11.77,11.27,11.5,5911500,KBS,2026-10-09T04:29:00Z
2021-10-01,FIT,11.36,11.36,10.95,11.36,8848900,KBS,2026-10-09T04:29:00Z
2021-10-04,FIT,11.36,11.59,10.95,11.36,9152400,KBS,2026-10-09T04:29:00Z
2021-10-05,FIT,11.41,11.45,10.59,10.73,33474000,KBS,2026-10-09T04:29:00Z
2021-10-06,FIT,10.82,11.18,10.77,10.95,9786600,KBS,2026-10-09T04:29:00Z
2021-10-07,FIT,11.0,11.09,10.86,11.0,3916000,KBS,2026-10-09T04:29:00Z
2021-10-08,FIT,10.91,11.0,10.82,10.82,5257200,KBS,2026-10-09T04:29:00Z
2021-10-11,FIT,10.82,10.95,10.77,10.82,4679400,KBS,2026-10-09T04:29:00Z
2021-10-12,FIT,10.91,11.36,10.86,11.27,7303200,KBS,2026-10-09T04:29:00Z
2021-10-13,FIT,11.36,11.82,11.27,11.5,7459800,KBS,2026-10-09T04:29:00Z
2021-10-14,FIT,11.55,11.64,11.36,11.41,4128300,KBS,2026-10-09T04:29:00Z
2021-10-15,FIT,11.45,11.5,11.14,11.14,4639800,KBS,2026-10-09T04:29:00Z
2021-10-18,FIT,11.27,11.91,11.14,11.91,21166400,KBS,2026-10-09T04:29:00Z
2021-10-19,FIT,12.09,12.59,11.95,12.55,15896800,KBS,2026-10-09T04:29:00Z
2021-10-20,FIT,12.36,12.36,11.68,11.82,12832500,KBS,2026-10-09T04:29:00Z
2021-10-21,FIT,11.77,11.77,11.23,11.59,11940800,KBS,2026-10-09T04:29:00Z
2021-10-22,FIT,11.82,12.0,11.45,11.64,6915500,KBS,2026-10-09T04:29:00Z
2021-10-25,FIT,11.82,11.82,11.64,11.68,5226800,KBS,2026-10-09T04:29:00Z
2021-10-26,FIT,11.82,12.09,11.77,12.09,10280700,KBS,2026-10-09T04:29:00Z
2021-10-27,FIT,12.36,12.36,12.0,12.0,8650500,KBS,2026-10-09T04:29:00Z
2021-10-28,FIT,12.05,12.27,11.86,12.09,7703700,KBS,2026-10-09T04:29:00Z
2021-10-29,FIT,12.14,12.18,11.82,11.95,9064100,KBS,2026-10-09T04:29:00Z
2021-11-01,FIT,12.0,12.18,11.95,12.05,8183200,KBS,2026-10-09T04:29:00Z
2021-11-02,FIT,12.09,12.86,12.05,12.68,15125800,KBS,2026-10-09T04:29:00Z
2021-11-03,FIT,12.68,13.0,12.09,12.09,11069100,KBS,2026-10-09T04:29:00Z
2021-11-04,FIT,12.09,12.27,11.91,12.09,4959600,KBS,2026-10-09T04:29:00Z
2021-11-05,FIT,12.09,12.45,12.05,12.18,6453100,KBS,2026-10-09T04:29:00Z
2021-11-08,FIT,12.18,12.5,12.18,12.41,7495600,KBS,2026-10-09T04:29:00Z
2021-11-09,FIT,12.55,12.91,12.32,12.64,11663400,KBS,2026-10-09T04:29:00Z
2021-11-10,FIT,12.73,12.95,12.68,12.77,7408700,KBS,2026-10-09T04:29:00Z
2021-11-11,FIT,13.0,13.0,12.41,12.73,11059700,KBS,2026-10-09T04:29:00Z
2021-11-12,FIT,12.73,13.59,12.68,13.59,19158400,KBS,2026-10-09T04:29:00Z
2021-11-15,FIT,14.23,14.5,13.91,14.36,15304300,KBS,2026-10-09T04:29:00Z
2021-11-16,FIT,13.91,14.36,13.64,13.86,11302700,KBS,2026-10-09T04:29:00Z
2021-11-17,FIT,13.64,14.18,13.45,13.95,10508000,KBS,2026-10-09T04:29:00Z
2021-11-18,FIT,14.09,14.82,13.73,14.55,11727500,KBS,2026-10-09T04:29:00Z
2021-11-19,FIT,14.55,15.05,13.55,13.91,14504500,KBS,2026-10-09T04:29:00Z
2021-11-22,FIT,13.68,14.09,12.95,12.95,12522900,KBS,2026-10-09T04:29:00Z
2021-11-23,FIT,12.45,12.82,12.14,12.5,8972200,KBS,2026-10-09T04:29:00Z
2021-11-24,FIT,12.82,13.05,12.64,12.68,6515600,KBS,2026-10-09T04:29:00Z
2021-11-25,FIT,12.68,13.36,12.64,13.27,5571600,KBS,2026-10-09T04:29:00Z
2021-11-26,FIT,13.23,13.36,12.73,12.82,7236500,KBS,2026-10-09T04:29:00Z
2021-11-29,FIT,12.32,13.14,12.32,12.77,6647400,KBS,2026-10-09T04:29:00Z
2021-11-30,FIT,13.05,13.23,12.77,12.82,6199800,KBS,2026-10-09T04:29:00Z
2021-12-01,FIT,12.91,13.55,12.82,13.41,8403500,KBS,2026-10-09T04:29:00Z
2021-12-02,FIT,13.5,13.77,13.27,13.27,7193600,KBS,2026-10-09T04:29:00Z
2021-12-03,FIT,13.55,13.55,12.55,12.55,9305300,KBS,2026-10-09T04:29:00Z
2021-12-06,FIT,12.55,12.86,11.91,12.14,6933800,KBS,2026-10-09T04:29:00Z
2021-12-07,FIT,12.18,12.64,12.18,12.64,3678100,KBS,2026-10-09T04:29:00Z
2021-12-08,FIT,12.82,12.86,12.36,12.36,4136100,KBS,2026-10-09T04:29:00Z
2021-12-09,FIT,12.36,12.64,12.36,12.5,2953700,KBS,2026-10-09T04:29:00Z
2021-12-10,FIT,12.5,12.59,12.41,12.5,4351100,KBS,2026-10-09T04:29:00Z
2021-12-13,FIT,12.68,13.05,12.68,12.86,6287000,KBS,2026-10-09T04:29:00Z
2021-12-14,FIT,12.86,13.05,12.64,12.68,6652400,KBS,2026-10-09T04:29:00Z
2021-12-15,FIT,12.68,13.55,12.59,13.55,16085600,KBS,2026-10-09T04:29:00Z
2021-12-16,FIT,13.91,14.18,13.64,13.64,9838300,KBS,2026-10-09T04:29:00Z
2021-12-17,FIT,13.82,14.41,13.77,14.09,14466100,KBS,2026-10-09T04:29:00Z
2021-12-20,FIT,14.14,14.36,13.68,13.86,12203300,KBS,2026-10-09T04:29:00Z
2021-12-21,FIT,13.91,14.82,13.86,14.77,15631300,KBS,2026-10-09T04:29:00Z
2021-12-22,FIT,15.0,15.05,14.59,14.73,10293300,KBS,2026-10-09T04:29:00Z
2021-12-23,FIT,14.59,14.73,13.73,13.86,17242700,KBS,2026-10-09T04:29:00Z
2021-12-24,FIT,13.86,14.32,13.73,14.09,10381500,KBS,2026-10-09T04:29:00Z
2021-12-27,FIT,14.18,14.32,13.77,14.09,5171300,KBS,2026-10-09T04:29:00Z
2021-12-28,FIT,14.27,15.05,14.23,15.05,19619600,KBS,2026-10-09T04:29:00Z
2021-12-29,FIT,15.45,16.05,15.23,15.55,15493400,KBS,2026-10-09T04:29:00Z
2021-12-30,FIT,15.55,15.82,15.05,15.05,8962400,KBS,2026-10-09T04:29:00Z
2021-12-31,FIT,15.05,15.36,14.73,14.95,10969200,KBS,2026-10-09T04:29:00Z
2022-01-04,FIT,15.0,15.27,14.91,15.09,8001600,KBS,2026-10-09T04:29:00Z
2022-01-05,FIT,15.27,15.27,14.77,14.82,12299700,KBS,2026-10-09T04:29:00Z
2022-01-06,FIT,14.86,15.68,14.73,15.14,14360400,KBS,2026-10-09T04:29:00Z
2022-01-07,FIT,15.36,15.82,15.18,15.23,10941700,KBS,2026-10-09T04:29:00Z
2022-01-10,FIT,15.23,15.68,14.73,14.73,14582700,KBS,2026-10-09T04:29:00Z
2022-01-11,FIT,14.55,14.73,13.73,13.73,16814300,KBS,2026-10-09T04:29:00Z
2022-01-12,FIT,13.55,13.64,12.77,12.82,16032000,KBS,2026-10-09T04:29:00Z
2022-01-13,FIT,12.82,13.18,12.0,12.0,10858300,KBS,2026-10-09T04:29:00Z
2022-01-14,FIT,11.64,12.64,11.45,12.59,7903700,KBS,2026-10-09T04:29:00Z
2022-01-17,FIT,12.73,12.95,11.73,11.73,7322600,KBS,2026-10-09T04:29:00Z
2022-01-18,FIT,11.73,11.95,11.32,11.5,5707200,KBS,2026-10-09T04:29:00Z
2022-01-19,FIT,11.55,11.77,11.5,11.64,3709300,KBS,2026-10-09T04:29:00Z
2022-01-20,FIT,11.68,12.41,11.68,12.41,4479400,KBS,2026-10-09T04:29:00Z
2022-01-21,FIT,12.64,12.77,12.32,12.36,4042100,KBS,2026-10-09T04:29:00Z
2022-01-24,FIT,12.05,12.36,11.5,11.5,5450000,KBS,2026-10-09T04:29:00Z
2022-01-25,FIT,11.36,11.82,11.27,11.77,3695600,KBS,2026-10-09T04:29:00Z
2022-01-26,FIT,11.91,11.91,11.41,11.41,3318100,KBS,2026-10-09T04:29:00Z
2022-01-27,FIT,11.55,11.68,11.41,11.55,2413200,KBS,2026-10-09T04:29:00Z
2022-01-28,FIT,11.68,11.91,11.59,11.82,2187200,KBS,2026-10-09T04:29:00Z
2022-02-07,FIT,12.05,12.41,12.0,12.32,2260200,KBS,2026-10-09T04:29:00Z
2022-02-08,FIT,12.41,12.45,12.23,12.27,3671100,KBS,2026-10-09T04:29:00Z
2022-02-09,FIT,12.27,12.73,12.18,12.5,3314900,KBS,2026-10-09T04:29:00Z
2022-02-10,FIT,12.59,12.59,12.27,12.32,2657100,KBS,2026-10-09T04:29:00Z
2022-02-11,FIT,12.32,12.45,12.27,12.36,1869000,KBS,2026-10-09T04:29:00Z
2022-02-14,FIT,12.27,12.27,11.82,11.82,4128400,KBS,2026-10-09T04:29:00Z
2022-02-15,FIT,11.82,12.09,11.82,12.05,3048500,KBS,2026-10-09T04:29:00Z
2022-02-16,FIT,12.09,12.5,12.09,12.45,3889200,KBS,2026-10-09T04:29:00Z
2022-02-17,FIT,12.55,12.55,12.36,12.45,3274900,KBS,2026-10-09T04:29:00Z
2022-02-18,FIT,12.27,12.68,12.14,12.5,4301100,KBS,2026-10-09T04:29:00Z
2022-02-21,FIT,12.55,13.09,12.55,12.86,5164200,KBS,2026-10-09T04:29:00Z
2022-02-22,FIT,12.59,12.73,12.27,12.36,5175700,KBS,2026-10-09T04:29:00Z
2022-02-23,FIT,12.55,12.82,12.45,12.45,2746000,KBS,2026-10-09T04:29:00Z
2022-02-24,FIT,12.45,12.55,11.64,12.0,7770100,KBS,2026-10-09T04:29:00Z
2022-02-25,FIT,12.45,12.45,12.18,12.27,2317900,KBS,2026-10-09T04:29:00Z
2022-02-28,FIT,12.32,13.09,12.32,13.09,10161300,KBS,2026-10-09T04:29:00Z
2022-03-01,FIT,13.41,13.64,12.86,13.0,11531100,KBS,2026-10-09T04:29:00Z
2022-03-02,FIT,12.86,13.09,12.64,12.86,5770400,KBS,2026-10-09T04:29:00Z
2022-03-03,FIT,12.91,13.18,12.82,13.09,6464100,KBS,2026-10-09T04:29:00Z
2022-03-04,FIT,13.09,13.45,13.0,13.05,5553000,KBS,2026-10-09T04:29:00Z
2022-03-07,FIT,13.0,13.36,12.77,13.18,5671700,KBS,2026-10-09T04:29:00Z
2022-03-08,FIT,13.09,13.14,12.73,12.73,6016700,KBS,2026-10-09T04:29:00Z
2022-03-09,FIT,12.77,12.91,12.18,12.36,6074300,KBS,2026-10-09T04:29:00Z
2022-03-10,FIT,12.64,12.86,12.55,12.64,3161900,KBS,2026-10-09T04:29:00Z
2022-03-11,FIT,12.55,12.68,12.27,12.36,3909400,KBS,2026-10-09T04:29:00Z
2022-03-14,FIT,12.23,12.32,11.82,11.91,4628700,KBS,2026-10-09T04:29:00Z
2022-03-15,FIT,12.0,12.23,12.0,12.23,2993500,KBS,2026-10-09T04:29:00Z
2022-03-16,FIT,12.41,12.41,12.23,12.27,1884000,KBS,2026-10-09T04:29:00Z
2022-03-17,FIT,12.36,12.5,12.27,12.36,2722700,KBS,2026-10-09T04:29:00Z
2022-03-18,FIT,12.41,12.59,12.36,12.36,3058100,KBS,2026-10-09T04:29:00Z
2022-03-21,FIT,12.45,12.55,12.36,12.55,3062500,KBS,2026-10-09T04:29:00Z
2022-03-22,FIT,12.64,12.91,12.59,12.59,4197900,KBS,2026-10-09T04:29:00Z
2022-03-23,FIT,12.68,12.73,12.45,12.45,3606800,KBS,2026-10-09T04:29:00Z
2022-03-24,FIT,12.45,12.59,12.36,12.45,2821000,KBS,2026-10-09T04:29:00Z
2022-03-25,FIT,12.45,13.0,12.45,12.73,6275800,KBS,2026-10-09T04:29:00Z
2022-03-28,FIT,12.45,12.64,12.23,12.41,5247800,KBS,2026-10-09T04:29:00Z
2022-03-29,FIT,12.55,12.68,12.5,12.59,2532000,KBS,2026-10-09T04:29:00Z
2022-03-30,FIT,12.45,12.59,12.0,12.05,6238800,KBS,2026-10-09T04:29:00Z
2022-03-31,FIT,12.18,12.27,11.82,11.91,3330300,KBS,2026-10-09T04:29:00Z
2022-04-01,FIT,11.91,12.18,11.82,12.18,4011400,KBS,2026-10-09T04:29:00Z
2022-04-04,FIT,12.32,12.41,12.23,12.27,2733200,KBS,2026-10-09T04:29:00Z
2022-04-05,FIT,12.27,12.55,12.23,12.45,4540800,KBS,2026-10-09T04:29:00Z
2022-04-06,FIT,12.36,12.55,12.18,12.18,4014100,KBS,2026-10-09T04:29:00Z
2022-04-07,FIT,12.36,12.45,12.18,12.23,3564600,KBS,2026-10-09T04:29:00Z
2022-04-08,FIT,12.36,12.59,12.23,12.23,6149000,KBS,2026-10-09T04:29:00Z
2022-04-12,FIT,12.41,12.5,11.91,11.91,5001600,KBS,2026-10-09T04:29:00Z
2022-04-13,FIT,12.14,12.18,11.64,12.05,2633200,KBS,2026-10-09T04:29:00Z
2022-04-14,FIT,12.05,12.14,11.82,11.82,2286300,KBS,2026-10-09T04:29:00Z
2022-04-15,FIT,11.86,11.86,11.36,11.55,4302100,KBS,2026-10-09T04:29:00Z
2022-04-18,FIT,11.5,11.55,10.77,10.77,5436100,KBS,2026-10-09T04:29:00Z
2022-04-19,FIT,10.77,11.14,10.05,10.05,5236900,KBS,2026-10-09T04:29:00Z
2022-04-20,FIT,9.68,10.0,9.36,9.36,6381200,KBS,2026-10-09T04:29:00Z
2022-04-21,FIT,8.71,9.0,8.71,8.71,6278000,KBS,2026-10-09T04:29:00Z
2022-04-22,FIT,8.32,9.32,8.32,9.0,3476700,KBS,2026-10-09T04:29:00Z
2022-04-25,FIT,9.55,9.6,8.5,8.5,2004700,KBS,2026-10-09T04:29:00Z
2022-04-26,FIT,8.5,9.0,8.2,9.0,2245300,KBS,2026-10-09T04:29:00Z
2022-04-27,FIT,9.0,9.6,8.9,9.6,2192600,KBS,2026-10-09T04:29:00Z
2022-04-28,FIT,9.7,10.1,9.52,9.93,1746000,KBS,2026-10-09T04:29:00Z
2022-04-29,FIT,9.9,10.6,9.85,10.6,2993700,KBS,2026-10-09T04:29:00Z
2022-05-04,FIT,10.4,10.85,10.35,10.5,2018000,KBS,2026-10-09T04:29:00Z
2022-05-05,FIT,10.6,10.7,9.9,9.9,1840400,KBS,2026-10-09T04:29:00Z
2022-05-06,FIT,9.7,9.9,9.5,9.5,1293600,KBS,2026-10-09T04:29:00Z
2022-05-09,FIT,9.25,9.5,8.84,8.84,2336100,KBS,2026-10-09T04:29:00Z
2022-05-10,FIT,8.84,9.3,8.32,9.3,1594400,KBS,2026-10-09T04:29:00Z
2022-05-11,FIT,9.3,9.54,9.1,9.48,1036100,KBS,2026-10-09T04:29:00Z
2022-05-12,FIT,9.28,9.44,8.82,8.82,1807600,KBS,2026-10-09T04:29:00Z
2022-05-13,FIT,8.82,8.92,8.21,8.21,2614800,KBS,2026-10-09T04:29:00Z
2022-05-16,FIT,8.4,8.75,8.31,8.42,1569400,KBS,2026-10-09T04:29:00Z
2022-05-17,FIT,8.42,9.0,8.35,9.0,2449400,KBS,2026-10-09T04:29:00Z
2022-05-18,FIT,9.1,9.4,8.99,9.01,1870500,KBS,2026-10-09T04:29:00Z
2022-05-19,FIT,8.9,9.05,8.6,8.82,1875500,KBS,2026-10-09T04:29:00Z
2022-05-20,FIT,8.8,8.99,8.8,8.87,1887000,KBS,2026-10-09T04:29:00Z
2022-05-23,FIT,8.89,9.1,8.5,8.89,1659200,KBS,2026-10-09T04:29:00Z
2022-05-24,FIT,8.75,8.98,8.5,8.81,1576400,KBS,2026-10-09T04:29:00Z
2022-05-25,FIT,8.87,9.42,8.78,9.42,4774500,KBS,2026-10-09T04:29:00Z
2022-05-26,FIT,9.45,9.96,9.45,9.82,3411600,KBS,2026-10-09T04:29:00Z
2022-05-27,FIT,9.83,9.95,9.78,9.82,1967000,KBS,2026-10-09T04:29:00Z
2022-05-30,FIT,9.82,9.97,9.6,9.85,2550200,KBS,2026-10-09T04:29:00Z
2022-05-31,FIT,9.85,9.85,9.6,9.6,2183200,KBS,2026-10-09T04:29:00Z
2022-06-01,FIT,9.51,9.85,9.2,9.2,1569400,KBS,2026-10-09T04:29:00Z
2022-06-02,FIT,9.21,9.4,8.9,9.0,1620700,KBS,2026-10-09T04:29:00Z
2022-06-03,FIT,8.98,9.06,8.83,8.9,1475000,KBS,2026-10-09T04:29:00Z
2022-06-06,FIT,8.9,9.0,8.75,8.77,1226600,KBS,2026-10-09T04:29:00Z
2022-06-07,FIT,8.8,8.8,8.35,8.5,1583900,KBS,2026-10-09T04:29:00Z
2022-06-08,FIT,8.6,8.94,8.6,8.87,1460500,KBS,2026-10-09T04:29:00Z
2022-06-09,FIT,8.9,8.99,8.8,8.98,1336700,KBS,2026-10-09T04:29:00Z
2022-06-10,FIT,8.85,8.9,8.6,8.6,1755300,KBS,2026-10-09T04:29:00Z
2022-06-13,FIT,8.2,8.43,8.0,8.0,3087200,KBS,2026-10-09T04:29:00Z
2022-06-14,FIT,7.55,7.93,7.44,7.44,2960400,KBS,2026-10-09T04:29:00Z
2022-06-15,FIT,7.45,7.6,6.92,6.92,3017300,KBS,2026-10-09T04:29:00Z
2022-06-16,FIT,7.02,7.29,6.5,6.5,1915300,KBS,2026-10-09T04:29:00Z
2022-06-17,FIT,6.05,6.2,6.05,6.06,3676300,KBS,2026-10-09T04:29:00Z
2022-06-20,FIT,6.06,6.17,5.64,5.64,3104500,KBS,2026-10-09T04:29:00Z
2022-06-21,FIT,5.41,5.81,5.31,5.64,2088200,KBS,2026-10-09T04:29:00Z
2022-06-22,FIT,5.72,6.03,5.71,6.03,1753600,KBS,2026-10-09T04:29:00Z
2022-06-23,FIT,6.13,6.2,5.91,6.12,840100,KBS,2026-10-09T04:29:00Z
2022-06-24,FIT,6.19,6.3,6.12,6.2,1325100,KBS,2026-10-09T04:29:00Z
2022-06-27,FIT,6.25,6.39,6.12,6.3,1216700,KBS,2026-10-09T04:29:00Z
2022-06-28,FIT,6.43,6.74,6.35,6.74,1462600,KBS,2026-10-09T04:29:00Z
2022-06-29,FIT,6.9,7.2,6.78,6.88,2587700,KBS,2026-10-09T04:29:00Z
2022-06-30,FIT,6.99,6.99,6.4,6.4,1623200,KBS,2026-10-09T04:29:00Z
2022-07-01,FIT,6.3,6.45,6.05,6.4,1484900,KBS,2026-10-09T04:29:00Z
2022-07-04,FIT,6.58,6.65,6.45,6.52,1063300,KBS,2026-10-09T04:29:00Z
2022-07-05,FIT,6.6,6.6,6.35,6.44,905600,KBS,2026-10-09T04:29:00Z
2022-07-06,FIT,6.36,6.4,6.2,6.23,843700,KBS,2026-10-09T04:29:00Z
2022-07-07,FIT,6.23,6.29,6.19,6.23,665200,KBS,2026-10-09T04:29:00Z
2022-07-08,FIT,6.3,6.53,6.3,6.39,1004100,KBS,2026-10-09T04:29:00Z
2022-07-11,FIT,6.4,6.73,6.34,6.72,2184100,KBS,2026-10-09T04:29:00Z
2022-07-12,FIT,6.89,7.19,6.88,7.19,3561900,KBS,2026-10-09T04:29:00Z
2022-07-13,FIT,7.2,7.25,6.99,7.04,1906800,KBS,2026-10-09T04:29:00Z
2022-07-14,FIT,6.9,7.02,6.8,7.0,1097100,KBS,2026-10-09T04:29:00Z
2022-07-15,FIT,7.0,7.15,6.9,6.98,1358700,KBS,2026-10-09T04:29:00Z
2022-07-18,FIT,7.02,7.19,7.02,7.08,1736700,KBS,2026-10-09T04:29:00Z
2022-07-19,FIT,7.15,7.15,6.97,7.05,1355800,KBS,2026-10-09T04:29:00Z
2022-07-20,FIT,7.1,7.29,7.1,7.2,2118500,KBS,2026-10-09T04:29:00Z
2022-07-21,FIT,7.23,7.23,7.07,7.12,1204200,KBS,2026-10-09T04:29:00Z
2022-07-22,FIT,7.08,7.15,7.0,7.0,1130500,KBS,2026-10-09T04:29:00Z
2022-07-25,FIT,7.0,7.0,6.86,6.86,1070600,KBS,2026-10-09T04:29:00Z
2022-07-26,FIT,6.81,6.95,6.78,6.8,1276400,KBS,2026-10-09T04:29:00Z
2022-07-27,FIT,6.73,6.79,6.66,6.74,885300,KBS,2026-10-09T04:29:00Z
2022-07-28,FIT,6.86,7.0,6.86,6.94,993500,KBS,2026-10-09T04:29:00Z
2022-07-29,FIT,6.95,7.1,6.93,6.99,1152700,KBS,2026-10-09T04:29:00Z
2022-08-01,FIT,6.98,7.07,6.94,7.07,1511800,KBS,2026-10-09T04:29:00Z
2022-08-02,FIT,7.07,7.49,7.07,7.4,4010200,KBS,2026-10-09T04:29:00Z
2022-08-03,FIT,7.3,7.45,7.25,7.39,1646300,KBS,2026-10-09T04:29:00Z
2022-08-04,FIT,7.4,7.45,7.25,7.29,2157800,KBS,2026-10-09T04:29:00Z
2022-08-05,FIT,7.28,7.29,7.05,7.26,2004500,KBS,2026-10-09T04:29:00Z
2022-08-08,FIT,7.3,7.45,7.3,7.4,1886600,KBS,2026-10-09T04:29:00Z
2022-08-09,FIT,7.4,7.79,7.4,7.66,3779800,KBS,2026-10-09T04:29:00Z
2022-08-10,FIT,7.6,7.68,7.51,7.59,1988900,KBS,2026-10-09T04:29:00Z
2022-08-11,FIT,7.65,7.79,7.35,7.45,2565700,KBS,2026-10-09T04:29:00Z
2022-08-12,FIT,7.39,7.5,7.33,7.45,1653900,KBS,2026-10-09T04:29:00Z
2022-08-15,FIT,7.5,7.55,7.4,7.41,1563400,KBS,2026-10-09T04:29:00Z
2022-08-16,FIT,7.36,7.52,7.36,7.42,1360800,KBS,2026-10-09T04:29:00Z
2022-08-17,FIT,7.45,7.45,7.1,7.29,1922700,KBS,2026-10-09T04:29:00Z
2022-08-18,FIT,7.22,7.37,7.2,7.27,1013900,KBS,2026-10-09T04:29:00Z
2022-08-19,FIT,7.29,7.3,7.1,7.12,1486000,KBS,2026-10-09T04:29:00Z
2022-08-22,FIT,7.09,7.17,7.02,7.02,1443200,KBS,2026-10-09T04:29:00Z
2022-08-23,FIT,6.93,7.12,6.9,7.09,1375200,KBS,2026-10-09T04:29:00Z
2022-08-24,FIT,7.24,7.54,7.11,7.49,3322800,KBS,2026-10-09T04:29:00Z
2022-08-25,FIT,7.5,7.54,7.38,7.4,1747100,KBS,2026-10-09T04:29:00Z
2022-08-26,FIT,7.38,7.4,7.15,7.2,1808000,KBS,2026-10-09T04:29:00Z
2022-08-29,FIT,7.01,7.1,6.84,6.98,2113000,KBS,2026-10-09T04:29:00Z
2022-08-30,FIT,7.09,7.1,6.97,6.97,1060100,KBS,2026-10-09T04:29:00Z
2022-08-31,FIT,7.0,7.03,6.9,6.99,851200,KBS,2026-10-09T04:29:00Z
2022-09-05,FIT,6.98,7.08,6.95,6.99,1084100,KBS,2026-10-09T04:29:00Z
2022-09-06,FIT,7.0,7.07,6.98,6.99,687200,KBS,2026-10-09T04:29:00Z
2022-09-07,FIT,6.92,6.98,6.6,6.6,1238100,KBS,2026-10-09T04:29:00Z
2022-09-08,FIT,6.7,6.72,6.48,6.54,1130400,KBS,2026-10-09T04:29:00Z
2022-09-09,FIT,6.6,6.61,6.4,6.55,892200,KBS,2026-10-09T04:29:00Z
2022-09-12,FIT,6.62,6.65,6.55,6.57,521300,KBS,2026-10-09T04:29:00Z
2022-09-13,FIT,6.45,6.61,6.45,6.59,476300,KBS,2026-10-09T04:29:00Z
2022-09-14,FIT,6.5,6.51,6.36,6.45,998400,KBS,2026-10-09T04:29:00Z
2022-09-15,FIT,6.46,6.56,6.4,6.4,636700,KBS,2026-10-09T04:29:00Z
2022-09-16,FIT,6.4,6.5,6.37,6.46,814200,KBS,2026-10-09T04:29:00Z
2022-09-19,FIT,6.4,6.46,6.13,6.17,1002200,KBS,2026-10-09T04:29:00Z
2022-09-20,FIT,6.2,6.29,6.06,6.2,608900,KBS,2026-10-09T04:29:00Z
2022-09-21,FIT,6.11,6.23,6.11,6.2,392900,KBS,2026-10-09T04:29:00Z
2022-09-22,FIT,6.19,6.23,6.12,6.23,689600,KBS,2026-10-09T04:29:00Z
2022-09-23,FIT,6.24,6.3,6.23,6.25,561500,KBS,2026-10-09T04:29:00Z
2022-09-26,FIT,6.0,6.11,5.85,5.92,1339200,KBS,2026-10-09T04:29:00Z
2022-09-27,FIT,5.83,5.98,5.83,5.88,625300,KBS,2026-10-09T04:29:00Z
2022-09-28,FIT,5.88,5.91,5.8,5.83,561600,KBS,2026-10-09T04:29:00Z
2022-09-29,FIT,5.98,5.98,5.7,5.7,903300,KBS,2026-10-09T04:29:00Z
2022-09-30,FIT,5.69,5.69,5.31,5.64,1401500,KBS,2026-10-09T04:29:00Z
2022-10-03,FIT,5.6,5.6,5.25,5.25,1207900,KBS,2026-10-09T04:29:00Z
2022-10-04,FIT,5.3,5.4,5.1,5.19,696400,KBS,2026-10-09T04:29:00Z
2022-10-05,FIT,5.25,5.49,5.24,5.47,828400,KBS,2026-10-09T04:29:00Z
2022-10-06,FIT,5.47,5.47,5.15,5.2,671800,KBS,2026-10-09T04:29:00Z
2022-10-07,FIT,5.2,5.2,4.85,4.85,1288900,KBS,2026-10-09T04:29:00Z
2022-10-10,FIT,4.6,4.95,4.59,4.9,890100,KBS,2026-10-09T04:29:00Z
2022-10-11,FIT,4.9,4.92,4.56,4.56,1113400,KBS,2026-10-09T04:29:00Z
2022-10-12,FIT,4.31,4.87,4.31,4.85,1473800,KBS,2026-10-09T04:29:00Z
2022-10-13,FIT,4.98,4.98,4.76,4.89,333200,KBS,2026-10-09T04:29:00Z
2022-10-14,FIT,5.0,5.01,4.89,4.95,1039500,KBS,2026-10-09T04:29:00Z
2022-10-17,FIT,4.85,4.94,4.76,4.79,319400,KBS,2026-10-09T04:29:00Z
2022-10-18,FIT,4.89,5.0,4.81,4.83,573200,KBS,2026-10-09T04:29:00Z
2022-10-19,FIT,4.9,4.9,4.76,4.83,402800,KBS,2026-10-09T04:29:00Z
2022-10-20,FIT,4.86,4.86,4.68,4.8,550300,KBS,2026-10-09T04:29:00Z
2022-10-21,FIT,4.8,4.8,4.47,4.47,1631000,KBS,2026-10-09T04:29:00Z
2022-10-24,FIT,4.42,4.5,4.16,4.16,1967300,KBS,2026-10-09T04:29:00Z
2022-10-25,FIT,4.01,4.2,3.87,4.14,1731300,KBS,2026-10-09T04:29:00Z
2022-10-26,FIT,4.14,4.26,3.94,4.14,1493400,KBS,2026-10-09T04:29:00Z
2022-10-27,FIT,4.1,4.25,4.02,4.2,1336100,KBS,2026-10-09T04:29:00Z
2022-10-28,FIT,4.26,4.34,4.15,4.2,1452300,KBS,2026-10-09T04:29:00Z
2022-10-31,FIT,4.22,4.25,4.0,4.09,529200,KBS,2026-10-09T04:29:00Z
2022-11-01,FIT,4.09,4.2,4.05,4.06,686700,KBS,2026-10-09T04:29:00Z
2022-11-02,FIT,4.07,4.1,4.01,4.06,930900,KBS,2026-10-09T04:29:00Z
2022-11-03,FIT,4.01,4.1,4.01,4.06,557700,KBS,2026-10-09T04:29:00Z
2022-11-04,FIT,4.03,4.06,3.83,3.99,1093300,KBS,2026-10-09T04:29:00Z
2022-11-07,FIT,3.99,4.0,3.72,3.72,1449200,KBS,2026-10-09T04:29:00Z
2022-11-08,FIT,3.51,3.81,3.5,3.72,1215700,KBS,2026-10-09T04:29:00Z
2022-11-09,FIT,3.8,3.9,3.72,3.8,725100,KBS,2026-10-09T04:29:00Z
2022-11-10,FIT,3.79,3.79,3.54,3.54,1543900,KBS,2026-10-09T04:29:00Z
2022-11-11,FIT,3.56,3.7,3.4,3.5,1459000,KBS,2026-10-09T04:29:00Z
2022-11-14,FIT,3.4,3.5,3.26,3.26,1927600,KBS,2026-10-09T04:29:00Z
2022-11-15,FIT,3.07,3.17,3.04,3.04,2770200,KBS,2026-10-09T04:29:00Z
2022-11-16,FIT,2.83,3.25,2.83,3.11,3374100,KBS,2026-10-09T04:29:00Z
2022-11-17,FIT,3.19,3.29,3.19,3.25,960500,KBS,2026-10-09T04:29:00Z
2022-11-18,FIT,3.29,3.41,3.12,3.4,2332700,KBS,2026-10-09T04:29:00Z
2022-11-21,FIT,3.59,3.63,3.41,3.63,2719700,KBS,2026-10-09T04:29:00Z
2022-11-22,FIT,3.7,3.88,3.68,3.71,3515300,KBS,2026-10-09T04:29:00Z
2022-11-23,FIT,3.72,3.8,3.48,3.49,1514600,KBS,2026-10-09T04:29:00Z
2022-11-24,FIT,3.48,3.5,3.35,3.45,1424500,KBS,2026-10-09T04:29:00Z
2022-11-25,FIT,3.52,3.68,3.51,3.68,1341400,KBS,2026-10-09T04:29:00Z
2022-11-28,FIT,3.79,3.93,3.79,3.93,1661900,KBS,2026-10-09T04:29:00Z
2022-11-29,FIT,4.1,4.15,3.83,4.06,2518300,KBS,2026-10-09T04:29:00Z
2022-11-30,FIT,4.1,4.1,3.93,4.08,1572100,KBS,2026-10-09T04:29:00Z
2022-12-01,FIT,4.25,4.36,4.08,4.31,5079000,KBS,2026-10-09T04:29:00Z
2022-12-02,FIT,4.29,4.5,4.19,4.5,2293700,KBS,2026-10-09T04:29:00Z
2022-12-05,FIT,4.6,4.75,4.5,4.5,2208600,KBS,2026-10-09T04:29:00Z
2022-12-06,FIT,4.5,4.8,4.25,4.5,5046700,KBS,2026-10-09T04:29:00Z
2022-12-07,FIT,4.33,4.48,4.19,4.19,1852800,KBS,2026-10-09T04:29:00Z
2022-12-08,FIT,4.3,4.47,4.18,4.29,2613300,KBS,2026-10-09T04:29:00Z
2022-12-09,FIT,4.29,4.29,4.15,4.2,870700,KBS,2026-10-09T04:29:00Z
2022-12-12,FIT,4.25,4.36,4.17,4.18,1594400,KBS,2026-10-09T04:29:00Z
2022-12-13,FIT,4.19,4.2,4.0,4.18,891600,KBS,2026-10-09T04:29:00Z
2022-12-14,FIT,4.24,4.3,4.18,4.26,1243500,KBS,2026-10-09T04:29:00Z
2022-12-15,FIT,4.27,4.31,4.2,4.24,1044300,KBS,2026-10-09T04:29:00Z
2022-12-16,FIT,4.2,4.25,4.14,4.2,1175100,KBS,2026-10-09T04:29:00Z
2022-12-19,FIT,4.2,4.28,4.1,4.1,1982200,KBS,2026-10-09T04:29:00Z
2022-12-20,FIT,4.03,4.1,3.82,3.82,3070500,KBS,2026-10-09T04:29:00Z
2022-12-21,FIT,3.83,3.89,3.59,3.7,1310700,KBS,2026-10-09T04:29:00Z
2022-12-22,FIT,3.81,3.81,3.67,3.78,793100,KBS,2026-10-09T04:29:00Z
2022-12-23,FIT,3.78,3.79,3.7,3.73,508100,KBS,2026-10-09T04:29:00Z
2022-12-26,FIT,3.71,3.75,3.47,3.47,912100,KBS,2026-10-09T04:29:00Z
2022-12-27,FIT,3.41,3.6,3.41,3.59,474300,KBS,2026-10-09T04:29:00Z
2022-12-28,FIT,3.6,3.68,3.51,3.68,473500,KBS,2026-10-09T04:29:00Z
2022-12-29,FIT,3.61,3.7,3.61,3.63,503800,KBS,2026-10-09T04:29:00Z
2022-12-30,FIT,3.7,3.71,3.55,3.55,613700,KBS,2026-10-09T04:29:00Z
2023-01-03,FIT,3.55,3.79,3.55,3.78,872100,KBS,2026-10-09T04:29:00Z
2023-01-04,FIT,3.89,3.95,3.75,3.8,550100,KBS,2026-10-09T04:29:00Z
2023-01-05,FIT,3.9,3.9,3.79,3.86,1061100,KBS,2026-10-09T04:29:00Z
2023-01-06,FIT,3.86,3.89,3.8,3.8,480600,KBS,2026-10-09T04:29:00Z
2023-01-09,FIT,3.9,3.9,3.72,3.76,488000,KBS,2026-10-09T04:29:00Z
2023-01-10,FIT,3.73,3.78,3.68,3.76,467300,KBS,2026-10-09T04:29:00Z
2023-01-11,FIT,3.77,3.82,3.76,3.8,569300,KBS,2026-10-09T04:29:00Z
2023-01-12,FIT,3.84,3.84,3.76,3.8,316300,KBS,2026-10-09T04:29:00Z
2023-01-13,FIT,3.8,3.84,3.78,3.8,958500,KBS,2026-10-09T04:29:00Z
2023-01-16,FIT,3.8,3.81,3.74,3.78,347800,KBS,2026-10-09T04:29:00Z
2023-01-17,FIT,3.75,3.86,3.75,3.86,1104000,KBS,2026-10-09T04:29:00Z
2023-01-18,FIT,3.86,4.08,3.86,4.0,1591800,KBS,2026-10-09T04:29:00Z
2023-01-19,FIT,4.01,4.12,4.0,4.1,1032200,KBS,2026-10-09T04:29:00Z
2023-01-27,FIT,4.19,4.25,4.11,4.2,1845700,KBS,2026-10-09T04:29:00Z
2023-01-30,FIT,4.2,4.35,4.17,4.24,2103200,KBS,2026-10-09T04:29:00Z
2023-01-31,FIT,4.22,4.28,4.1,4.25,2083100,KBS,2026-10-09T04:29:00Z
2023-02-01,FIT,4.3,4.38,4.12,4.12,3244600,KBS,2026-10-09T04:29:00Z
2023-02-02,FIT,4.14,4.2,4.0,4.1,1673600,KBS,2026-10-09T04:29:00Z
2023-02-03,FIT,4.15,4.15,4.02,4.04,1448500,KBS,2026-10-09T04:29:00Z
2023-02-06,FIT,4.04,4.1,3.99,4.0,1301900,KBS,2026-10-09T04:29:00Z
2023-02-07,FIT,4.02,4.14,3.98,4.07,1845300,KBS,2026-10-09T04:29:00Z
2023-02-08,FIT,4.1,4.35,4.08,4.35,2382300,KBS,2026-10-09T04:29:00Z
2023-02-09,FIT,4.65,4.65,4.55,4.65,6006600,KBS,2026-10-09T04:29:00Z
2023-02-10,FIT,4.7,4.75,4.33,4.33,4375800,KBS,2026-10-09T04:29:00Z
2023-02-13,FIT,4.23,4.32,4.03,4.03,4384400,KBS,2026-10-09T04:29:00Z
2023-02-14,FIT,4.03,4.1,3.94,4.04,1627700,KBS,2026-10-09T04:29:00Z
2023-02-15,FIT,4.04,4.18,3.96,4.09,1511000,KBS,2026-10-09T04:29:00Z
2023-02-16,FIT,4.11,4.17,4.09,4.15,1153500,KBS,2026-10-09T04:29:00Z
2023-02-17,FIT,4.14,4.22,4.1,4.15,1754900,KBS,2026-10-09T04:29:00Z
2023-02-20,FIT,4.2,4.44,4.16,4.44,4135600,KBS,2026-10-09T04:29:00Z
2023-02-21,FIT,4.53,4.54,4.31,4.4,2638300,KBS,2026-10-09T04:29:00Z
2023-02-22,FIT,4.3,4.36,4.15,4.2,2789800,KBS,2026-10-09T04:29:00Z
2023-02-23,FIT,4.2,4.2,4.06,4.2,977400,KBS,2026-10-09T04:29:00Z
2023-02-24,FIT,4.24,4.25,4.1,4.13,861900,KBS,2026-10-09T04:29:00Z
2023-02-27,FIT,4.06,4.13,4.02,4.03,1880300,KBS,2026-10-09T04:29:00Z
2023-02-28,FIT,4.15,4.2,4.05,4.08,1613500,KBS,2026-10-09T04:29:00Z
2023-03-01,FIT,4.06,4.15,4.04,4.15,967700,KBS,2026-10-09T04:29:00Z
2023-03-02,FIT,4.15,4.2,4.1,4.1,636800,KBS,2026-10-09T04:29:00Z
2023-03-03,FIT,4.16,4.16,4.03,4.03,1048500,KBS,2026-10-09T04:29:00Z
2023-03-06,FIT,4.11,4.2,4.06,4.06,939600,KBS,2026-10-09T04:29:00Z
2023-03-07,FIT,4.03,4.09,4.02,4.06,1009500,KBS,2026-10-09T04:29:00Z
2023-03-08,FIT,4.06,4.08,4.02,4.08,505000,KBS,2026-10-09T04:29:00Z
2023-03-09,FIT,4.1,4.22,4.09,4.16,1432500,KBS,2026-10-09T04:29:00Z
2023-03-10,FIT,4.14,4.14,4.09,4.14,709600,KBS,2026-10-09T04:29:00Z
2023-03-13,FIT,4.09,4.1,4.03,4.06,1213000,KBS,2026-10-09T04:29:00Z
2023-03-14,FIT,4.04,4.06,3.92,3.93,1512000,KBS,2026-10-09T04:29:00Z
2023-03-15,FIT,4.08,4.13,3.98,4.1,977400,KBS,2026-10-09T04:29:00Z
2023-03-16,FIT,4.04,4.07,3.99,4.0,730300,KBS,2026-10-09T04:29:00Z
2023-03-17,FIT,4.03,4.07,4.0,4.02,414100,KBS,2026-10-09T04:29:00Z
2023-03-20,FIT,4.02,4.03,3.9,3.9,732700,KBS,2026-10-09T04:29:00Z
2023-03-21,FIT,3.93,3.98,3.9,3.94,563200,KBS,2026-10-09T04:29:00Z
2023-03-22,FIT,3.94,3.99,3.94,3.94,572200,KBS,2026-10-09T04:29:00Z
2023-03-23,FIT,3.94,3.98,3.89,3.95,329800,KBS,2026-10-09T04:29:00Z
2023-03-24,FIT,3.97,4.03,3.95,4.0,781000,KBS,2026-10-09T04:29:00Z
2023-03-27,FIT,4.02,4.07,4.0,4.06,698900,KBS,2026-10-09T04:29:00Z
2023-03-28,FIT,4.06,4.1,4.05,4.05,919700,KBS,2026-10-09T04:29:00Z
2023-03-29,FIT,4.06,4.06,4.0,4.05,783700,KBS,2026-10-09T04:29:00Z
2023-03-30,FIT,4.06,4.09,3.99,3.99,1014200,KBS,2026-10-09T04:29:00Z
2023-03-31,FIT,4.0,4.05,3.98,3.99,753900,KBS,2026-10-09T04:29:00Z
2023-04-03,FIT,4.05,4.11,4.02,4.1,1387400,KBS,2026-10-09T04:29:00Z
2023-04-04,FIT,4.14,4.2,4.1,4.19,2454600,KBS,2026-10-09T04:29:00Z
2023-04-05,FIT,4.23,4.37,4.21,4.29,1947700,KBS,2026-10-09T04:29:00Z
2023-04-06,FIT,4.35,4.47,4.3,4.32,6126100,KBS,2026-10-09T04:29:00Z
2023-04-07,FIT,4.3,4.36,4.2,4.26,1578100,KBS,2026-10-09T04:29:00Z
2023-04-10,FIT,4.28,4.32,4.12,4.14,2589300,KBS,2026-10-09T04:29:00Z
2023-04-11,FIT,4.16,4.2,4.08,4.2,1533300,KBS,2026-10-09T04:29:00Z
2023-04-12,FIT,4.2,4.26,4.14,4.15,1963500,KBS,2026-10-09T04:29:00Z
2023-04-13,FIT,4.15,4.18,4.08,4.12,2499500,KBS,2026-10-09T04:29:00Z
2023-04-14,FIT,4.12,4.16,4.05,4.05,1467800,KBS,2026-10-09T04:29:00Z
2023-04-17,FIT,4.08,4.08,4.03,4.08,1022500,KBS,2026-10-09T04:29:00Z
2023-04-18,FIT,4.08,4.12,4.05,4.1,905200,KBS,2026-10-09T04:29:00Z
2023-04-19,FIT,4.09,4.12,4.06,4.08,711700,KBS,2026-10-09T04:29:00Z
2023-04-20,FIT,4.08,4.11,4.05,4.09,1178300,KBS,2026-10-09T04:29:00Z
2023-04-21,FIT,4.11,4.18,4.08,4.11,1572800,KBS,2026-10-09T04:29:00Z
2023-04-24,FIT,4.11,4.16,4.1,4.15,1088000,KBS,2026-10-09T04:29:00Z
2023-04-25,FIT,4.16,4.16,4.05,4.05,1172500,KBS,2026-10-09T04:29:00Z
2023-04-26,FIT,4.05,4.1,4.03,4.1,935900,KBS,2026-10-09T04:29:00Z
2023-04-27,FIT,4.11,4.12,4.08,4.09,787900,KBS,2026-10-09T04:29:00Z
2023-04-28,FIT,4.37,4.37,4.37,4.37,1971100,KBS,2026-10-09T04:29:00Z
2023-05-04,FIT,4.67,4.67,4.55,4.67,13379700,KBS,2026-10-09T04:29:00Z
2023-05-05,FIT,4.68,4.78,4.58,4.67,4331000,KBS,2026-10-09T04:29:00Z
2023-05-08,FIT,4.77,4.99,4.77,4.99,7169400,KBS,2026-10-09T04:29:00Z
2023-05-09,FIT,5.29,5.33,5.05,5.33,7661700,KBS,2026-10-09T04:29:00Z
2023-05-10,FIT,5.49,5.7,5.45,5.7,7579100,KBS,2026-10-09T04:29:00Z
2023-05-11,FIT,5.9,6.08,5.7,5.7,8441900,KBS,2026-10-09T04:29:00Z
2023-05-12,FIT,5.7,6.0,5.55,6.0,6977200,KBS,2026-10-09T04:29:00Z
2023-05-15,FIT,6.1,6.29,6.08,6.18,5436400,KBS,2026-10-09T04:29:00Z
2023-05-16,FIT,6.18,6.23,5.96,6.0,6171700,KBS,2026-10-09T04:29:00Z
2023-05-17,FIT,6.0,6.11,5.88,6.0,4478600,KBS,2026-10-09T04:29:00Z
2023-05-18,FIT,6.09,6.24,5.75,5.75,6060500,KBS,2026-10-09T04:29:00Z
2023-05-19,FIT,5.79,5.85,5.41,5.55,7207900,KBS,2026-10-09T04:29:00Z
2023-05-22,FIT,5.56,5.86,5.54,5.82,4048500,KBS,2026-10-09T04:29:00Z
2023-05-23,FIT,5.84,5.98,5.65,5.8,3561100,KBS,2026-10-09T04:29:00Z
2023-05-24,FIT,5.9,5.9,5.65,5.69,4722900,KBS,2026-10-09T04:29:00Z
2023-05-25,FIT,5.68,5.75,5.56,5.56,3426300,KBS,2026-10-09T04:29:00Z
2023-05-26,FIT,5.61,5.94,5.61,5.94,6830000,KBS,2026-10-09T04:29:00Z
2023-05-29,FIT,6.3,6.35,6.22,6.35,7421800,KBS,2026-10-09T04:29:00Z
2023-05-30,FIT,6.6,6.65,6.33,6.43,6493900,KBS,2026-10-09T04:29:00Z
2023-05-31,FIT,6.4,6.42,6.28,6.36,7576900,KBS,2026-10-09T04:29:00Z
2023-06-01,FIT,6.31,6.7,6.31,6.42,6108900,KBS,2026-10-09T04:29:00Z
2023-06-02,FIT,6.49,6.6,6.32,6.33,5389700,KBS,2026-10-09T04:29:00Z
2023-06-05,FIT,6.4,6.4,6.2,6.2,4749500,KBS,2026-10-09T04:29:00Z
2023-06-06,FIT,6.14,6.32,6.11,6.28,3381900,KBS,2026-10-09T04:29:00Z
2023-06-07,FIT,6.31,6.48,6.28,6.38,4170400,KBS,2026-10-09T04:29:00Z
2023-06-08,FIT,6.43,6.44,6.1,6.1,6334600,KBS,2026-10-09T04:29:00Z
2023-06-09,FIT,6.12,6.32,6.11,6.23,3443400,KBS,2026-10-09T04:29:00Z
2023-06-12,FIT,6.25,6.34,6.21,6.26,2577200,KBS,2026-10-09T04:29:00Z
2023-06-13,FIT,6.36,6.69,6.35,6.69,10856000,KBS,2026-10-09T04:29:00Z
2023-06-14,FIT,7.1,7.1,6.55,6.66,8443300,KBS,2026-10-09T04:29:00Z
2023-06-15,FIT,6.66,6.77,6.2,6.2,8374500,KBS,2026-10-09T04:29:00Z
2023-06-16,FIT,6.14,6.3,5.89,6.0,12365800,KBS,2026-10-09T04:29:00Z
2023-06-19,FIT,6.0,6.09,5.79,5.9,3857300,KBS,2026-10-09T04:29:00Z
2023-06-20,FIT,5.91,6.15,5.89,6.15,2947900,KBS,2026-10-09T04:29:00Z
2023-06-21,FIT,6.19,6.2,6.08,6.14,3789500,KBS,2026-10-09T04:29:00Z
2023-06-22,FIT,6.2,6.27,6.18,6.22,3345000,KBS,2026-10-09T04:29:00Z
2023-06-23,FIT,6.27,6.39,6.2,6.25,4888500,KBS,2026-10-09T04:29:00Z
2023-06-26,FIT,6.2,6.24,5.89,6.03,5608600,KBS,2026-10-09T04:29:00Z
2023-06-27,FIT,6.07,6.11,5.97,6.03,3370400,KBS,2026-10-09T04:29:00Z
2023-06-28,FIT,6.07,6.08,5.87,5.9,5597700,KBS,2026-10-09T04:29:00Z
2023-06-29,FIT,5.85,5.98,5.75,5.75,3299400,KBS,2026-10-09T04:29:00Z
2023-06-30,FIT,5.76,5.82,5.52,5.52,4155700,KBS,2026-10-09T04:29:00Z
2023-07-03,FIT,5.5,5.64,5.5,5.57,2318100,KBS,2026-10-09T04:29:00Z
2023-07-04,FIT,5.58,5.78,5.58,5.78,2002600,KBS,2026-10-09T04:29:00Z
2023-07-05,FIT,5.85,5.88,5.76,5.76,2316800,KBS,2026-10-09T04:29:00Z
2023-07-06,FIT,5.76,5.76,5.55,5.58,3154700,KBS,2026-10-09T04:29:00Z
2023-07-07,FIT,5.55,5.72,5.54,5.7,1867400,KBS,2026-10-09T04:29:00Z
2023-07-10,FIT,5.64,5.8,5.64,5.8,2434000,KBS,2026-10-09T04:29:00Z
2023-07-11,FIT,5.83,5.97,5.82,5.89,3879500,KBS,2026-10-09T04:29:00Z
2023-07-12,FIT,5.9,5.94,5.79,5.83,2628000,KBS,2026-10-09T04:29:00Z
2023-07-13,FIT,5.88,5.91,5.84,5.88,2055500,KBS,2026-10-09T04:29:00Z
2023-07-14,FIT,5.95,6.09,5.91,6.02,5418000,KBS,2026-10-09T04:29:00Z
2023-07-17,FIT,6.1,6.29,6.1,6.18,5789300,KBS,2026-10-09T04:29:00Z
2023-07-18,FIT,6.2,6.26,6.04,6.07,3492300,KBS,2026-10-09T04:29:00Z
2023-07-19,FIT,6.09,6.1,5.91,5.92,3974000,KBS,2026-10-09T04:29:00Z
2023-07-20,FIT,5.92,6.02,5.9,6.02,1946900,KBS,2026-10-09T04:29:00Z
2023-07-21,FIT,6.1,6.12,6.02,6.06,1799900,KBS,2026-10-09T04:29:00Z
2023-07-24,FIT,6.1,6.48,6.07,6.44,8640500,KBS,2026-10-09T04:29:00Z
2023-07-25,FIT,6.45,6.5,6.26,6.29,4238000,KBS,2026-10-09T04:29:00Z
2023-07-26,FIT,6.33,6.53,6.3,6.41,6985100,KBS,2026-10-09T04:29:00Z
2023-07-27,FIT,6.4,6.47,6.25,6.35,4361600,KBS,2026-10-09T04:29:00Z
2023-07-28,FIT,6.38,6.58,6.36,6.48,6183700,KBS,2026-10-09T04:29:00Z
2023-07-31,FIT,6.62,6.8,6.5,6.7,9131600,KBS,2026-10-09T04:29:00Z
2023-08-01,FIT,6.79,6.8,6.35,6.35,8992200,KBS,2026-10-09T04:29:00Z
2023-08-02,FIT,6.36,6.46,6.28,6.38,4350000,KBS,2026-10-09T04:29:00Z
2023-08-03,FIT,6.38,6.42,6.21,6.26,4076000,KBS,2026-10-09T04:29:00Z
2023-08-04,FIT,6.32,6.47,6.27,6.45,4200300,KBS,2026-10-09T04:29:00Z
2023-08-07,FIT,6.6,6.7,6.5,6.56,5646700,KBS,2026-10-09T04:29:00Z
2023-08-08,FIT,6.63,6.75,6.54,6.56,5840800,KBS,2026-10-09T04:29:00Z
2023-08-09,FIT,6.6,7.0,6.51,6.83,9883600,KBS,2026-10-09T04:29:00Z
2023-08-10,FIT,6.85,6.88,6.55,6.6,4779000,KBS,2026-10-09T04:29:00Z
2023-08-11,FIT,6.68,6.68,6.36,6.56,4416100,KBS,2026-10-09T04:29:00Z
2023-08-14,FIT,6.58,6.74,6.54,6.63,3221800,KBS,2026-10-09T04:29:00Z
2023-08-15,FIT,6.65,6.85,6.65,6.72,4751400,KBS,2026-10-09T04:29:00Z
2023-08-16,FIT,6.72,6.75,6.62,6.63,3047500,KBS,2026-10-09T04:29:00Z
2023-08-17,FIT,6.63,6.69,6.4,6.4,4359000,KBS,2026-10-09T04:29:00Z
2023-08-18,FIT,6.38,6.39,5.96,5.96,7131400,KBS,2026-10-09T04:29:00Z
2023-08-21,FIT,5.8,5.95,5.55,5.56,13036100,KBS,2026-10-09T04:29:00Z
2023-08-22,FIT,5.6,5.73,5.3,5.71,3408500,KBS,2026-10-09T04:29:00Z
2023-08-23,FIT,5.81,5.87,5.66,5.75,2377900,KBS,2026-10-09T04:29:00Z
2023-08-24,FIT,5.77,5.78,5.64,5.78,3048800,KBS,2026-10-09T04:29:00Z
2023-08-25,FIT,5.78,5.81,5.7,5.7,3512100,KBS,2026-10-09T04:29:00Z
2023-08-28,FIT,5.77,5.82,5.71,5.75,3189100,KBS,2026-10-09T04:29:00Z
2023-08-29,FIT,5.79,5.89,5.73,5.74,5773400,KBS,2026-10-09T04:29:00Z
2023-08-30,FIT,5.8,5.85,5.75,5.83,2875900,KBS,2026-10-09T04:29:00Z
2023-08-31,FIT,5.83,5.9,5.8,5.85,4054100,KBS,2026-10-09T04:29:00Z
2023-09-05,FIT,5.87,6.08,5.86,6.05,4650500,KBS,2026-10-09T04:29:00Z
2023-09-06,FIT,6.07,6.25,5.98,6.16,5152500,KBS,2026-10-09T04:29:00Z
2023-09-07,FIT,6.24,6.24,6.05,6.09,5747500,KBS,2026-10-09T04:29:00Z
2023-09-08,FIT,6.12,6.25,6.06,6.09,3395500,KBS,2026-10-09T04:29:00Z
2023-09-11,FIT,6.35,6.35,6.01,6.02,5725500,KBS,2026-10-09T04:29:00Z
2023-09-12,FIT,6.02,6.11,5.98,6.1,2815900,KBS,2026-10-09T04:29:00Z
2023-09-13,FIT,6.12,6.18,5.98,6.04,4532600,KBS,2026-10-09T04:29:00Z
2023-09-14,FIT,6.02,6.09,5.8,5.8,4173000,KBS,2026-10-09T04:29:00Z
2023-09-15,FIT,5.81,5.99,5.8,5.82,1681700,KBS,2026-10-09T04:29:00Z
2023-09-18,FIT,5.82,5.84,5.72,5.72,1833800,KBS,2026-10-09T04:29:00Z
2023-09-19,FIT,5.74,5.79,5.6,5.6,2246200,KBS,2026-10-09T04:29:00Z
2023-09-20,FIT,5.61,5.8,5.61,5.8,1237800,KBS,2026-10-09T04:29:00Z
2023-09-21,FIT,5.88,5.88,5.8,5.85,1500700,KBS,2026-10-09T04:29:00Z
2023-09-22,FIT,5.9,5.95,5.65,5.75,4117000,KBS,2026-10-09T04:29:00Z
2023-09-25,FIT,5.8,5.81,5.35,5.35,2021000,KBS,2026-10-09T04:29:00Z
2023-09-26,FIT,5.3,5.48,5.06,5.09,2703300,KBS,2026-10-09T04:29:00Z
2023-09-27,FIT,5.03,5.15,4.86,5.1,2677900,KBS,2026-10-09T04:29:00Z
2023-09-28,FIT,5.11,5.12,4.99,5.06,1509900,KBS,2026-10-09T04:29:00Z
2023-09-29,FIT,5.1,5.16,5.08,5.1,1146300,KBS,2026-10-09T04:29:00Z
2023-10-02,FIT,5.17,5.19,5.1,5.14,935100,KBS,2026-10-09T04:29:00Z
2023-10-03,FIT,5.13,5.13,4.8,4.8,2033500,KBS,2026-10-09T04:29:00Z
2023-10-04,FIT,4.68,4.93,4.61,4.9,1212400,KBS,2026-10-09T04:29:00Z
2023-10-05,FIT,4.97,4.97,4.82,4.86,572300,KBS,2026-10-09T04:29:00Z
2023-10-06,FIT,4.86,4.94,4.82,4.93,631900,KBS,2026-10-09T04:29:00Z
2023-10-09,FIT,4.91,5.04,4.91,4.96,1044000,KBS,2026-10-09T04:29:00Z
2023-10-10,FIT,5.02,5.07,4.96,5.0,2966800,KBS,2026-10-09T04:29:00Z
2023-10-11,FIT,5.0,5.05,4.97,5.02,787500,KBS,2026-10-09T04:29:00Z
2023-10-12,FIT,5.05,5.1,5.01,5.02,1158400,KBS,2026-10-09T04:29:00Z
2023-10-13,FIT,5.0,5.03,4.94,4.98,1189300,KBS,2026-10-09T04:29:00Z
2023-10-16,FIT,5.01,5.03,4.96,4.96,921900,KBS,2026-10-09T04:29:00Z
2023-10-17,FIT,4.96,5.02,4.9,4.9,810400,KBS,2026-10-09T04:29:00Z
2023-10-18,FIT,4.9,4.96,4.56,4.57,1572000,KBS,2026-10-09T04:29:00Z
2023-10-19,FIT,4.57,4.65,4.48,4.56,1350700,KBS,2026-10-09T04:29:00Z
2023-10-20,FIT,4.52,4.7,4.48,4.69,1073300,KBS,2026-10-09T04:29:00Z
2023-10-23,FIT,4.71,4.71,4.6,4.64,599100,KBS,2026-10-09T04:29:00Z
2023-10-24,FIT,4.64,4.71,4.59,4.65,642500,KBS,2026-10-09T04:29:00Z
2023-10-25,FIT,4.66,4.76,4.66,4.72,904000,KBS,2026-10-09T04:29:00Z
2023-10-26,FIT,4.65,4.65,4.39,4.39,2399700,KBS,2026-10-09T04:29:00Z
2023-10-27,FIT,4.39,4.46,4.21,4.45,1034900,KBS,2026-10-09T04:29:00Z
2023-10-30,FIT,4.15,4.21,4.14,4.14,6781500,KBS,2026-10-09T04:29:00Z
2023-10-31,FIT,4.1,4.16,3.86,3.86,4038500,KBS,2026-10-09T04:29:00Z
2023-11-01,FIT,3.9,3.97,3.83,3.96,2029300,KBS,2026-10-09T04:29:00Z
2023-11-02,FIT,4.0,4.23,4.0,4.22,1890900,KBS,2026-10-09T04:29:00Z
2023-11-03,FIT,4.25,4.25,4.05,4.1,1672300,KBS,2026-10-09T04:29:00Z
2023-11-06,FIT,4.12,4.18,4.08,4.1,952700,KBS,2026-10-09T04:29:00Z
2023-11-07,FIT,4.1,4.15,4.05,4.07,1078200,KBS,2026-10-09T04:29:00Z
2023-11-08,FIT,4.07,4.25,4.02,4.25,2258100,KBS,2026-10-09T04:29:00Z
2023-11-09,FIT,4.32,4.47,4.25,4.42,3335200,KBS,2026-10-09T04:29:00Z
2023-11-10,FIT,4.35,4.46,4.3,4.36,2067700,KBS,2026-10-09T04:29:00Z
2023-11-13,FIT,4.39,4.54,4.35,4.48,3869500,KBS,2026-10-09T04:29:00Z
2023-11-14,FIT,4.51,4.55,4.42,4.45,2570200,KBS,2026-10-09T04:29:00Z
2023-11-15,FIT,4.54,4.58,4.4,4.42,2540200,KBS,2026-10-09T04:29:00Z
2023-11-16,FIT,4.42,4.49,4.39,4.4,1339400,KBS,2026-10-09T04:29:00Z
2023-11-17,FIT,4.48,4.59,4.44,4.54,8225800,KBS,2026-10-09T04:29:00Z
2023-11-20,FIT,4.52,4.52,4.41,4.46,2008300,KBS,2026-10-09T04:29:00Z
2023-11-21,FIT,4.51,4.65,4.44,4.6,5030600,KBS,2026-10-09T04:29:00Z
2023-11-22,FIT,4.6,4.64,4.56,4.57,2348100,KBS,2026-10-09T04:29:00Z
2023-11-23,FIT,4.64,4.68,4.5,4.5,3225200,KBS,2026-10-09T04:29:00Z
2023-11-24,FIT,4.41,4.49,4.25,4.4,3576600,KBS,2026-10-09T04:29:00Z
2023-11-27,FIT,4.4,4.43,4.25,4.25,1558000,KBS,2026-10-09T04:29:00Z
2023-11-28,FIT,4.27,4.34,4.23,4.27,1103900,KBS,2026-10-09T04:29:00Z
2023-11-29,FIT,4.3,4.36,4.27,4.32,889000,KBS,2026-10-09T04:29:00Z
2023-11-30,FIT,4.3,4.45,4.3,4.33,1102300,KBS,2026-10-09T04:29:00Z
2023-12-01,FIT,4.38,4.38,4.3,4.35,879700,KBS,2026-10-09T04:29:00Z
2023-12-04,FIT,4.41,4.51,4.38,4.49,1532900,KBS,2026-10-09T04:29:00Z
2023-12-05,FIT,4.5,4.53,4.44,4.47,1717600,KBS,2026-10-09T04:29:00Z
2023-12-06,FIT,4.46,4.59,4.46,4.59,2493300,KBS,2026-10-09T04:29:00Z
2023-12-07,FIT,4.65,4.81,4.55,4.7,4984900,KBS,2026-10-09T04:29:00Z
2023-12-08,FIT,4.7,4.78,4.6,4.65,1899100,KBS,2026-10-09T04:29:00Z
2023-12-11,FIT,4.65,4.7,4.55,4.56,1892500,KBS,2026-10-09T04:29:00Z
2023-12-12,FIT,4.58,4.64,4.57,4.61,1189000,KBS,2026-10-09T04:29:00Z
2023-12-13,FIT,4.62,4.66,4.52,4.52,1870400,KBS,2026-10-09T04:29:00Z
2023-12-14,FIT,4.59,4.59,4.41,4.48,1300800,KBS,2026-10-09T04:29:00Z
2023-12-15,FIT,4.48,4.49,4.39,4.43,1779200,KBS,2026-10-09T04:29:00Z
2023-12-18,FIT,4.48,4.57,4.43,4.49,1498000,KBS,2026-10-09T04:29:00Z
2023-12-19,FIT,4.53,4.59,4.4,4.5,1279300,KBS,2026-10-09T04:29:00Z
2023-12-20,FIT,4.54,4.54,4.46,4.51,788100,KBS,2026-10-09T04:29:00Z
2023-12-21,FIT,4.5,4.5,4.44,4.46,806600,KBS,2026-10-09T04:29:00Z
2023-12-22,FIT,4.45,4.5,4.42,4.44,897000,KBS,2026-10-09T04:29:00Z
2023-12-25,FIT,4.46,4.53,4.44,4.53,1187800,KBS,2026-10-09T04:29:00Z
2023-12-26,FIT,4.58,4.58,4.5,4.52,597900,KBS,2026-10-09T04:29:00Z
2023-12-27,FIT,4.53,4.58,4.51,4.51,981300,KBS,2026-10-09T04:29:00Z
2023-12-28,FIT,4.52,4.53,4.48,4.48,827600,KBS,2026-10-09T04:29:00Z
2023-12-29,FIT,4.47,4.51,4.46,4.49,1231700,KBS,2026-10-09T04:29:00Z
2024-01-02,FIT,4.55,4.68,4.5,4.6,2378400,KBS,2026-10-09T04:29:00Z
2024-01-03,FIT,4.63,4.82,4.62,4.77,3574600,KBS,2026-10-09T04:29:00Z
2024-01-04,FIT,4.8,4.8,4.68,4.7,2473300,KBS,2026-10-09T04:29:00Z
2024-01-05,FIT,4.7,4.72,4.58,4.6,1986300,KBS,2026-10-09T04:29:00Z
2024-01-08,FIT,4.62,4.66,4.59,4.6,1434300,KBS,2026-10-09T04:29:00Z
2024-01-09,FIT,4.63,4.63,4.56,4.56,1577500,KBS,2026-10-09T04:29:00Z
2024-01-10,FIT,4.56,4.65,4.55,4.56,1079700,KBS,2026-10-09T04:29:00Z
2024-01-11,FIT,4.58,4.6,4.56,4.58,927000,KBS,2026-10-09T04:29:00Z
2024-01-12,FIT,4.58,4.58,4.45,4.5,1888500,KBS,2026-10-09T04:29:00Z
2024-01-15,FIT,4.55,4.58,4.49,4.49,641700,KBS,2026-10-09T04:29:00Z
2024-01-16,FIT,4.48,4.5,4.47,4.5,789800,KBS,2026-10-09T04:29:00Z
2024-01-17,FIT,4.53,4.54,4.47,4.47,1237800,KBS,2026-10-09T04:29:00Z
2024-01-18,FIT,4.49,4.52,4.48,4.5,672200,KBS,2026-10-09T04:29:00Z
2024-01-19,FIT,4.51,4.54,4.5,4.5,1024000,KBS,2026-10-09T04:29:00Z
2024-01-22,FIT,4.51,4.52,4.47,4.49,755300,KBS,2026-10-09T04:29:00Z
2024-01-23,FIT,4.5,4.52,4.47,4.52,1105600,KBS,2026-10-09T04:29:00Z
2024-01-24,FIT,4.54,4.56,4.52,4.55,1040100,KBS,2026-10-09T04:29:00Z
2024-01-25,FIT,4.55,4.6,4.53,4.54,964500,KBS,2026-10-09T04:29:00Z
2024-01-26,FIT,4.55,4.59,4.53,4.53,663600,KBS,2026-10-09T04:29:00Z
2024-01-29,FIT,4.55,4.56,4.51,4.51,800300,KBS,2026-10-09T04:29:00Z
2024-01-30,FIT,4.6,4.68,4.56,4.65,2648800,KBS,2026-10-09T04:29:00Z
2024-01-31,FIT,4.66,4.67,4.52,4.52,1377800,KBS,2026-10-09T04:29:00Z
2024-02-01,FIT,4.56,4.58,4.51,4.55,978300,KBS,2026-10-09T04:29:00Z
2024-02-02,FIT,4.56,4.58,4.52,4.52,1163900,KBS,2026-10-09T04:29:00Z
2024-02-05,FIT,4.55,4.55,4.4,4.48,1384700,KBS,2026-10-09T04:29:00Z
2024-02-06,FIT,4.45,4.56,4.45,4.54,1299700,KBS,2026-10-09T04:29:00Z
2024-02-07,FIT,4.54,4.58,4.51,4.56,742400,KBS,2026-10-09T04:29:00Z
2024-02-15,FIT,4.57,4.6,4.56,4.58,1000400,KBS,2026-10-09T04:29:00Z
2024-02-16,FIT,4.58,4.69,4.58,4.66,2281900,KBS,2026-10-09T04:29:00Z
2024-02-19,FIT,4.67,4.87,4.67,4.83,3289100,KBS,2026-10-09T04:29:00Z
2024-02-20,FIT,4.85,4.85,4.73,4.76,2537500,KBS,2026-10-09T04:29:00Z
2024-02-21,FIT,4.77,4.81,4.72,4.75,1801400,KBS,2026-10-09T04:29:00Z
2024-02-22,FIT,4.78,5.08,4.78,5.08,8805000,KBS,2026-10-09T04:29:00Z
2024-02-23,FIT,5.18,5.23,4.96,5.0,4856400,KBS,2026-10-09T04:29:00Z
2024-02-26,FIT,5.0,5.08,4.85,4.92,3608400,KBS,2026-10-09T04:29:00Z
2024-02-27,FIT,4.96,4.96,4.86,4.9,2770600,KBS,2026-10-09T04:29:00Z
2024-02-28,FIT,4.91,5.06,4.88,5.01,2132200,KBS,2026-10-09T04:29:00Z
2024-02-29,FIT,5.02,5.02,4.91,4.94,1781800,KBS,2026-10-09T04:29:00Z
2024-03-01,FIT,4.94,5.0,4.91,4.97,1297100,KBS,2026-10-09T04:29:00Z
2024-03-04,FIT,5.03,5.06,4.98,5.04,2626400,KBS,2026-10-09T04:29:00Z
2024-03-05,FIT,5.1,5.14,5.0,5.07,2018300,KBS,2026-10-09T04:29:00Z
2024-03-06,FIT,5.1,5.11,4.93,4.96,2831200,KBS,2026-10-09T04:29:00Z
2024-03-07,FIT,4.96,4.97,4.92,4.95,1378700,KBS,2026-10-09T04:29:00Z
2024-03-08,FIT,4.96,5.05,4.92,4.94,1879000,KBS,2026-10-09T04:29:00Z
2024-03-11,FIT,4.94,4.97,4.82,4.82,1609900,KBS,2026-10-09T04:29:00Z
2024-03-12,FIT,4.82,4.85,4.76,4.78,1767200,KBS,2026-10-09T04:29:00Z
2024-03-13,FIT,4.78,4.87,4.78,4.86,914500,KBS,2026-10-09T04:29:00Z
2024-03-14,FIT,4.9,4.92,4.81,4.84,1506800,KBS,2026-10-09T04:29:00Z
2024-03-15,FIT,4.81,4.87,4.8,4.83,1277300,KBS,2026-10-09T04:29:00Z
2024-03-18,FIT,4.9,4.96,4.7,4.83,2856900,KBS,2026-10-09T04:29:00Z
2024-03-19,FIT,4.88,4.88,4.82,4.83,825800,KBS,2026-10-09T04:29:00Z
2024-03-20,FIT,4.83,4.88,4.8,4.87,895000,KBS,2026-10-09T04:29:00Z
2024-03-21,FIT,4.88,4.98,4.88,4.97,2282500,KBS,2026-10-09T04:29:00Z
2024-03-22,FIT,4.97,5.02,4.92,4.93,1607400,KBS,2026-10-09T04:29:00Z
2024-03-25,FIT,4.9,4.96,4.88,4.89,2011100,KBS,2026-10-09T04:29:00Z
2024-03-26,FIT,4.88,4.99,4.86,4.95,1037400,KBS,2026-10-09T04:29:00Z
2024-03-27,FIT,4.97,5.03,4.95,5.0,1823800,KBS,2026-10-09T04:29:00Z
2024-03-28,FIT,5.03,5.06,4.94,4.97,1244400,KBS,2026-10-09T04:29:00Z
2024-03-29,FIT,4.98,5.01,4.91,4.93,1460600,KBS,2026-10-09T04:29:00Z
2024-04-01,FIT,4.91,4.93,4.85,4.88,1663500,KBS,2026-10-09T04:29:00Z
2024-04-02,FIT,4.92,4.92,4.81,4.85,1120200,KBS,2026-10-09T04:29:00Z
2024-04-03,FIT,4.83,4.84,4.74,4.78,2723900,KBS,2026-10-09T04:29:00Z
2024-04-04,FIT,4.76,4.8,4.68,4.68,1796600,KBS,2026-10-09T04:29:00Z
2024-04-05,FIT,4.68,4.68,4.6,4.63,1513700,KBS,2026-10-09T04:29:00Z
2024-04-08,FIT,4.6,4.65,4.57,4.57,1482900,KBS,2026-10-09T04:29:00Z
2024-04-09,FIT,4.55,4.64,4.54,4.64,713800,KBS,2026-10-09T04:29:00Z
2024-04-10,FIT,4.66,4.68,4.6,4.62,935400,KBS,2026-10-09T04:29:00Z
2024-04-11,FIT,4.59,4.81,4.55,4.72,1548800,KBS,2026-10-09T04:29:00Z
2024-04-12,FIT,4.72,4.76,4.67,4.7,694600,KBS,2026-10-09T04:29:00Z
2024-04-15,FIT,4.69,4.7,4.38,4.38,2671200,KBS,2026-10-09T04:29:00Z
2024-04-16,FIT,4.4,4.45,4.17,4.31,2464200,KBS,2026-10-09T04:29:00Z
2024-04-17,FIT,4.31,4.42,4.3,4.37,936200,KBS,2026-10-09T04:29:00Z
2024-04-19,FIT,4.38,4.38,4.21,4.3,926700,KBS,2026-10-09T04:29:00Z
2024-04-22,FIT,4.29,4.37,4.29,4.32,558100,KBS,2026-10-09T04:29:00Z
2024-04-23,FIT,4.32,4.4,4.3,4.31,1042300,KBS,2026-10-09T04:29:00Z
2024-04-24,FIT,4.31,4.4,4.31,4.39,757900,KBS,2026-10-09T04:29:00Z
2024-04-25,FIT,4.4,4.4,4.35,4.39,332600,KBS,2026-10-09T04:29:00Z
2024-04-26,FIT,4.39,4.49,4.38,4.43,812900,KBS,2026-10-09T04:29:00Z
2024-05-02,FIT,4.47,4.47,4.4,4.43,346100,KBS,2026-10-09T04:29:00Z
2024-05-03,FIT,4.44,4.52,4.43,4.45,828100,KBS,2026-10-09T04:29:00Z
2024-05-06,FIT,4.46,4.49,4.45,4.47,625300,KBS,2026-10-09T04:29:00Z
2024-05-07,FIT,4.47,4.5,4.45,4.48,544600,KBS,2026-10-09T04:29:00Z
2024-05-08,FIT,4.49,4.5,4.44,4.48,457700,KBS,2026-10-09T04:29:00Z
2024-05-09,FIT,4.5,4.5,4.47,4.49,575800,KBS,2026-10-09T04:29:00Z
2024-05-10,FIT,4.5,4.62,4.5,4.54,1237900,KBS,2026-10-09T04:29:00Z
2024-05-13,FIT,4.59,4.73,4.56,4.65,1193600,KBS,2026-10-09T04:29:00Z
2024-05-14,FIT,4.66,4.72,4.59,4.6,746300,KBS,2026-10-09T04:29:00Z
2024-05-15,FIT,4.63,4.64,4.59,4.62,878900,KBS,2026-10-09T04:29:00Z
2024-05-16,FIT,4.62,4.67,4.58,4.62,581400,KBS,2026-10-09T04:29:00Z
2024-05-17,FIT,4.62,4.65,4.58,4.63,537200,KBS,2026-10-09T04:29:00Z
2024-05-20,FIT,4.67,4.73,4.65,4.67,1045500,KBS,2026-10-09T04:29:00Z
2024-05-21,FIT,4.67,4.78,4.67,4.75,1983700,KBS,2026-10-09T04:29:00Z
2024-05-22,FIT,4.78,4.94,4.74,4.88,2967000,KBS,2026-10-09T04:29:00Z
2024-05-23,FIT,4.85,4.9,4.79,4.87,1601400,KBS,2026-10-09T04:29:00Z
2024-05-24,FIT,4.82,4.82,4.6,4.62,1807300,KBS,2026-10-09T04:29:00Z
2024-05-27,FIT,4.62,4.69,4.58,4.64,750400,KBS,2026-10-09T04:29:00Z
2024-05-28,FIT,4.65,4.73,4.63,4.69,662200,KBS,2026-10-09T04:29:00Z
2024-05-29,FIT,4.69,4.91,4.69,4.8,1772000,KBS,2026-10-09T04:29:00Z
2024-05-30,FIT,4.8,4.91,4.74,4.8,1543100,KBS,2026-10-09T04:29:00Z
2024-05-31,FIT,4.8,4.85,4.73,4.75,856900,KBS,2026-10-09T04:29:00Z
2024-06-03,FIT,4.8,4.87,4.75,4.78,1156100,KBS,2026-10-09T04:29:00Z
2024-06-04,FIT,4.83,4.84,4.74,4.78,1076200,KBS,2026-10-09T04:29:00Z
2024-06-05,FIT,4.78,4.81,4.72,4.72,1060400,KBS,2026-10-09T04:29:00Z
2024-06-06,FIT,4.73,4.78,4.71,4.74,755600,KBS,2026-10-09T04:29:00Z
2024-06-07,FIT,4.74,4.76,4.7,4.7,906000,KBS,2026-10-09T04:29:00Z
2024-06-10,FIT,4.74,4.74,4.69,4.69,1054000,KBS,2026-10-09T04:29:00Z
2024-06-11,FIT,4.74,4.74,4.65,4.67,741900,KBS,2026-10-09T04:29:00Z
2024-06-12,FIT,4.68,4.7,4.66,4.7,587600,KBS,2026-10-09T04:29:00Z
2024-06-13,FIT,4.76,4.77,4.71,4.71,562500,KBS,2026-10-09T04:29:00Z
2024-06-14,FIT,4.72,4.87,4.71,4.72,2015800,KBS,2026-10-09T04:29:00Z
2024-06-17,FIT,4.73,4.79,4.65,4.68,704300,KBS,2026-10-09T04:29:00Z
2024-06-18,FIT,4.68,4.7,4.65,4.65,616700,KBS,2026-10-09T04:29:00Z
2024-06-19,FIT,4.69,4.69,4.6,4.63,807500,KBS,2026-10-09T04:29:00Z
2024-06-20,FIT,4.6,4.64,4.59,4.61,613300,KBS,2026-10-09T04:29:00Z
2024-06-21,FIT,4.62,4.62,4.56,4.57,728800,KBS,2026-10-09T04:29:00Z
2024-06-24,FIT,4.6,4.63,4.45,4.46,983900,KBS,2026-10-09T04:29:00Z
2024-06-25,FIT,4.48,4.55,4.48,4.51,570000,KBS,2026-10-09T04:29:00Z
2024-06-26,FIT,4.5,4.55,4.49,4.49,416200,KBS,2026-10-09T04:29:00Z
2024-06-27,FIT,4.5,4.5,4.46,4.48,332800,KBS,2026-10-09T04:29:00Z
2024-06-28,FIT,4.49,4.51,4.46,4.46,495900,KBS,2026-10-09T04:29:00Z
2024-07-01,FIT,4.54,4.54,4.45,4.46,362200,KBS,2026-10-09T04:29:00Z
2024-07-02,FIT,4.47,4.57,4.45,4.56,266100,KBS,2026-10-09T04:29:00Z
2024-07-03,FIT,4.58,4.59,4.53,4.54,232200,KBS,2026-10-09T04:29:00Z
2024-07-04,FIT,4.56,4.56,4.49,4.49,421600,KBS,2026-10-09T04:29:00Z
2024-07-05,FIT,4.48,4.5,4.45,4.46,453700,KBS,2026-10-09T04:29:00Z
2024-07-08,FIT,4.49,4.5,4.45,4.47,448200,KBS,2026-10-09T04:29:00Z
2024-07-09,FIT,4.47,4.49,4.45,4.48,281500,KBS,2026-10-09T04:29:00Z
2024-07-10,FIT,4.5,4.51,4.48,4.49,240900,KBS,2026-10-09T04:29:00Z
2024-07-11,FIT,4.5,4.53,4.49,4.53,319100,KBS,2026-10-09T04:29:00Z
2024-07-12,FIT,4.5,4.54,4.5,4.52,391100,KBS,2026-10-09T04:29:00Z
2024-07-15,FIT,4.51,4.53,4.5,4.5,303300,KBS,2026-10-09T04:29:00Z
2024-07-16,FIT,4.51,4.64,4.5,4.55,887400,KBS,2026-10-09T04:29:00Z
2024-07-17,FIT,4.6,4.6,4.45,4.45,726800,KBS,2026-10-09T04:29:00Z
2024-07-18,FIT,4.51,4.56,4.46,4.56,801800,KBS,2026-10-09T04:29:00Z
2024-07-19,FIT,4.56,4.56,4.47,4.5,343700,KBS,2026-10-09T04:29:00Z
2024-07-22,FIT,4.5,4.5,4.37,4.41,772900,KBS,2026-10-09T04:29:00Z
2024-07-23,FIT,4.38,4.43,4.35,4.38,488500,KBS,2026-10-09T04:29:00Z
2024-07-24,FIT,4.3,4.42,4.3,4.42,471500,KBS,2026-10-09T04:29:00Z
2024-07-25,FIT,4.38,4.39,4.28,4.32,632800,KBS,2026-10-09T04:29:00Z
2024-07-26,FIT,4.36,4.37,4.33,4.36,243100,KBS,2026-10-09T04:29:00Z
2024-07-29,FIT,4.36,4.37,4.26,4.3,497700,KBS,2026-10-09T04:29:00Z
2024-07-30,FIT,4.35,4.35,4.3,4.33,391600,KBS,2026-10-09T04:29:00Z
2024-07-31,FIT,4.38,4.53,4.38,4.39,629400,KBS,2026-10-09T04:29:00Z
2024-08-01,FIT,4.39,4.45,4.26,4.28,510700,KBS,2026-10-09T04:29:00Z
2024-08-02,FIT,4.28,4.28,4.24,4.28,513100,KBS,2026-10-09T04:29:00Z
2024-08-05,FIT,4.24,4.28,4.05,4.14,1079200,KBS,2026-10-09T04:29:00Z
2024-08-06,FIT,4.14,4.2,4.1,4.16,562900,KBS,2026-10-09T04:29:00Z
2024-08-07,FIT,4.27,4.27,4.18,4.21,189200,KBS,2026-10-09T04:29:00Z
2024-08-08,FIT,4.2,4.23,4.16,4.22,239600,KBS,2026-10-09T04:29:00Z
2024-08-09,FIT,4.23,4.25,4.18,4.25,522200,KBS,2026-10-09T04:29:00Z
2024-08-12,FIT,4.21,4.25,4.19,4.24,284100,KBS,2026-10-09T04:29:00Z
2024-08-13,FIT,4.24,4.24,4.19,4.19,207100,KBS,2026-10-09T04:29:00Z
2024-08-14,FIT,4.2,4.22,4.18,4.2,276600,KBS,2026-10-09T04:29:00Z
2024-08-15,FIT,4.19,4.24,4.18,4.2,206600,KBS,2026-10-09T04:29:00Z
2024-08-16,FIT,4.2,4.33,4.19,4.32,491400,KBS,2026-10-09T04:29:00Z
2024-08-19,FIT,4.31,4.35,4.3,4.31,383300,KBS,2026-10-09T04:29:00Z
2024-08-20,FIT,4.31,4.38,4.3,4.34,432300,KBS,2026-10-09T04:29:00Z
2024-08-21,FIT,4.3,4.35,4.3,4.33,246000,KBS,2026-10-09T04:29:00Z
2024-08-22,FIT,4.33,4.4,4.3,4.36,288800,KBS,2026-10-09T04:29:00Z
2024-08-23,FIT,4.36,4.48,4.35,4.38,666700,KBS,2026-10-09T04:29:00Z
2024-08-26,FIT,4.38,4.48,4.35,4.38,265100,KBS,2026-10-09T04:29:00Z
2024-08-27,FIT,4.39,4.41,4.3,4.34,265600,KBS,2026-10-09T04:29:00Z
2024-08-28,FIT,4.34,4.36,4.29,4.32,319000,KBS,2026-10-09T04:29:00Z
2024-08-29,FIT,4.31,4.34,4.25,4.3,767600,KBS,2026-10-09T04:29:00Z
2024-08-30,FIT,4.3,4.3,4.2,4.22,839400,KBS,2026-10-09T04:29:00Z
2024-09-04,FIT,4.2,4.23,4.15,4.22,862100,KBS,2026-10-09T04:29:00Z
2024-09-05,FIT,4.22,4.27,4.2,4.25,213500,KBS,2026-10-09T04:29:00Z
2024-09-06,FIT,4.25,4.25,4.18,4.22,359400,KBS,2026-10-09T04:29:00Z
2024-09-09,FIT,4.22,4.25,4.21,4.22,130800,KBS,2026-10-09T04:29:00Z
2024-09-10,FIT,4.23,4.24,4.14,4.2,440400,KBS,2026-10-09T04:29:00Z
2024-09-11,FIT,4.2,4.21,4.16,4.21,185000,KBS,2026-10-09T04:29:00Z
2024-09-12,FIT,4.22,4.24,4.2,4.23,343900,KBS,2026-10-09T04:29:00Z
2024-09-13,FIT,4.2,4.23,4.17,4.2,241100,KBS,2026-10-09T04:29:00Z
2024-09-16,FIT,4.2,4.22,4.17,4.19,262500,KBS,2026-10-09T04:29:00Z
2024-09-17,FIT,4.19,4.2,4.17,4.17,354200,KBS,2026-10-09T04:29:00Z
2024-09-18,FIT,4.2,4.46,4.2,4.46,1687000,KBS,2026-10-09T04:29:00Z
2024-09-19,FIT,4.65,4.65,4.26,4.45,893700,KBS,2026-10-09T04:29:00Z
2024-09-20,FIT,4.46,4.53,4.38,4.43,889700,KBS,2026-10-09T04:29:00Z
2024-09-23,FIT,4.41,4.46,4.3,4.3,485200,KBS,2026-10-09T04:29:00Z
2024-09-24,FIT,4.37,4.54,4.35,4.47,943700,KBS,2026-10-09T04:29:00Z
2024-09-25,FIT,4.48,4.51,4.45,4.48,710200,KBS,2026-10-09T04:29:00Z
2024-09-26,FIT,4.51,4.54,4.47,4.49,967000,KBS,2026-10-09T04:29:00Z
2024-09-27,FIT,4.47,4.55,4.47,4.48,618600,KBS,2026-10-09T04:29:00Z
2024-09-30,FIT,4.41,4.46,4.39,4.41,464000,KBS,2026-10-09T04:29:00Z
2024-10-01,FIT,4.41,4.46,4.38,4.4,793700,KBS,2026-10-09T04:29:00Z
2024-10-02,FIT,4.4,4.4,4.34,4.36,247600,KBS,2026-10-09T04:29:00Z
2024-10-03,FIT,4.38,4.38,4.27,4.27,689200,KBS,2026-10-09T04:29:00Z
2024-10-04,FIT,4.27,4.3,4.23,4.25,355700,KBS,2026-10-09T04:29:00Z
2024-10-07,FIT,4.25,4.27,4.2,4.24,461500,KBS,2026-10-09T04:29:00Z
2024-10-08,FIT,4.28,4.32,4.22,4.3,374700,KBS,2026-10-09T04:29:00Z
2024-10-09,FIT,4.32,4.32,4.25,4.26,224200,KBS,2026-10-09T04:29:00Z
2024-10-10,FIT,4.28,4.35,4.26,4.29,286900,KBS,2026-10-09T04:29:00Z
2024-10-11,FIT,4.33,4.33,4.25,4.27,226200,KBS,2026-10-09T04:29:00Z
2024-10-14,FIT,4.3,4.3,4.25,4.3,362300,KBS,2026-10-09T04:29:00Z
2024-10-15,FIT,4.28,4.32,4.25,4.27,515700,KBS,2026-10-09T04:29:00Z
2024-10-16,FIT,4.27,4.33,4.26,4.33,428400,KBS,2026-10-09T04:29:00Z
2024-10-17,FIT,4.33,4.39,4.25,4.33,833200,KBS,2026-10-09T04:29:00Z
2024-10-18,FIT,4.33,4.5,4.33,4.38,1123800,KBS,2026-10-09T04:29:00Z
2024-10-21,FIT,4.4,4.4,4.34,4.34,297500,KBS,2026-10-09T04:29:00Z
2024-10-22,FIT,4.34,4.34,4.27,4.31,445200,KBS,2026-10-09T04:29:00Z
2024-10-23,FIT,4.29,4.33,4.28,4.31,216700,KBS,2026-10-09T04:29:00Z
2024-10-24,FIT,4.29,4.34,4.28,4.28,156400,KBS,2026-10-09T04:29:00Z
2024-10-25,FIT,4.3,4.31,4.25,4.29,332100,KBS,2026-10-09T04:29:00Z
2024-10-28,FIT,4.29,4.31,4.25,4.3,235600,KBS,2026-10-09T04:29:00Z
2024-10-29,FIT,4.3,4.36,4.26,4.33,211600,KBS,2026-10-09T04:29:00Z
2024-10-30,FIT,4.33,4.45,4.3,4.4,810000,KBS,2026-10-09T04:29:00Z
2024-10-31,FIT,4.61,4.61,4.4,4.4,1169000,KBS,2026-10-09T04:29:00Z
2024-11-01,FIT,4.4,4.4,4.29,4.39,512300,KBS,2026-10-09T04:29:00Z
2024-11-04,FIT,4.32,4.37,4.3,4.33,320900,KBS,2026-10-09T04:29:00Z
2024-11-05,FIT,4.33,4.4,4.28,4.4,627900,KBS,2026-10-09T04:29:00Z
2024-11-06,FIT,4.39,4.48,4.35,4.44,988000,KBS,2026-10-09T04:29:00Z
2024-11-07,FIT,4.48,4.5,4.41,4.47,1204100,KBS,2026-10-09T04:29:00Z
2024-11-08,FIT,4.47,4.47,4.36,4.4,368400,KBS,2026-10-09T04:29:00Z
2024-11-11,FIT,4.4,4.5,4.39,4.46,1411900,KBS,2026-10-09T04:29:00Z
2024-11-12,FIT,4.53,4.53,4.32,4.34,1360400,KBS,2026-10-09T04:29:00Z
2024-11-13,FIT,4.36,4.36,4.2,4.22,2311600,KBS,2026-10-09T04:29:00Z
2024-11-14,FIT,4.22,4.25,4.18,4.2,1098200,KBS,2026-10-09T04:29:00Z
2024-11-15,FIT,4.2,4.21,4.14,4.17,1040500,KBS,2026-10-09T04:29:00Z
2024-11-18,FIT,4.17,4.19,4.13,4.18,631900,KBS,2026-10-09T04:29:00Z
2024-11-19,FIT,4.18,4.18,4.12,4.14,469200,KBS,2026-10-09T04:29:00Z
2024-11-20,FIT,4.14,4.21,4.11,4.15,412700,KBS,2026-10-09T04:29:00Z
2024-11-21,FIT,4.15,4.2,4.15,4.16,154200,KBS,2026-10-09T04:29:00Z
2024-11-22,FIT,4.2,4.2,4.15,4.15,286700,KBS,2026-10-09T04:29:00Z
2024-11-25,FIT,4.14,4.18,4.14,4.16,269600,KBS,2026-10-09T04:29:00Z
2024-11-26,FIT,4.17,4.21,4.16,4.18,282900,KBS,2026-10-09T04:29:00Z
2024-11-27,FIT,4.18,4.25,4.16,4.18,360200,KBS,2026-10-09T04:29:00Z
2024-11-28,FIT,4.18,4.21,4.17,4.2,299600,KBS,2026-10-09T04:29:00Z
2024-11-29,FIT,4.2,4.2,4.18,4.18,262600,KBS,2026-10-09T04:29:00Z
2024-12-02,FIT,4.16,4.2,4.16,4.17,278800,KBS,2026-10-09T04:29:00Z
2024-12-03,FIT,4.18,4.19,4.16,4.16,282100,KBS,2026-10-09T04:29:00Z
2024-12-04,FIT,4.16,4.25,4.15,4.18,502400,KBS,2026-10-09T04:29:00Z
2024-12-05,FIT,4.2,4.22,4.15,4.22,454800,KBS,2026-10-09T04:29:00Z
2024-12-06,FIT,4.25,4.27,4.19,4.19,434100,KBS,2026-10-09T04:29:00Z
2024-12-09,FIT,4.19,4.25,4.19,4.21,532700,KBS,2026-10-09T04:29:00Z
2024-12-10,FIT,4.22,4.25,4.2,4.22,439700,KBS,2026-10-09T04:29:00Z
2024-12-11,FIT,4.24,4.24,4.2,4.21,401800,KBS,2026-10-09T04:29:00Z
2024-12-12,FIT,4.21,4.23,4.2,4.21,400400,KBS,2026-10-09T04:29:00Z
2024-12-13,FIT,4.22,4.4,4.22,4.28,1345700,KBS,2026-10-09T04:29:00Z
2024-12-16,FIT,4.28,4.31,4.23,4.25,283800,KBS,2026-10-09T04:29:00Z
2024-12-17,FIT,4.15,4.23,4.15,4.2,958000,KBS,2026-10-09T04:29:00Z
2024-12-18,FIT,4.2,4.21,4.16,4.2,698400,KBS,2026-10-09T04:29:00Z
2024-12-19,FIT,4.2,4.2,4.15,4.18,423400,KBS,2026-10-09T04:29:00Z
2024-12-20,FIT,4.19,4.2,4.17,4.19,269600,KBS,2026-10-09T04:29:00Z
2024-12-23,FIT,4.19,4.24,4.18,4.22,573600,KBS,2026-10-09T04:29:00Z
2024-12-24,FIT,4.29,4.29,4.16,4.21,486600,KBS,2026-10-09T04:29:00Z
2024-12-25,FIT,4.23,4.26,4.19,4.23,484400,KBS,2026-10-09T04:29:00Z
2024-12-26,FIT,4.24,4.36,4.24,4.27,790500,KBS,2026-10-09T04:29:00Z
2024-12-27,FIT,4.26,4.29,4.22,4.27,472000,KBS,2026-10-09T04:29:00Z
2024-12-30,FIT,4.26,4.26,4.2,4.21,360800,KBS,2026-10-09T04:29:00Z
2024-12-31,FIT,4.2,4.24,4.18,4.22,268000,KBS,2026-10-09T04:29:00Z
2025-01-02,FIT,4.22,4.23,4.19,4.22,218300,KBS,2026-10-09T04:29:00Z
2025-01-03,FIT,4.22,4.22,4.18,4.18,187300,KBS,2026-10-09T04:29:00Z
2025-01-06,FIT,4.18,4.19,4.14,4.14,580500,KBS,2026-10-09T04:29:00Z
2025-01-07,FIT,4.14,4.17,4.13,4.13,479600,KBS,2026-10-09T04:29:00Z
2025-01-08,FIT,4.13,4.17,4.12,4.14,421500,KBS,2026-10-09T04:29:00Z
2025-01-09,FIT,4.15,4.19,4.12,4.15,364900,KBS,2026-10-09T04:29:00Z
2025-01-10,FIT,4.15,4.18,4.08,4.08,543300,KBS,2026-10-09T04:29:00Z
2025-01-13,FIT,4.08,4.11,4.02,4.06,554500,KBS,2026-10-09T04:29:00Z
2025-01-14,FIT,4.09,4.09,4.02,4.03,378100,KBS,2026-10-09T04:29:00Z
2025-01-15,FIT,4.03,4.08,4.03,4.08,323300,KBS,2026-10-09T04:29:00Z
2025-01-16,FIT,4.09,4.1,4.01,4.06,496800,KBS,2026-10-09T04:29:00Z
2025-01-17,FIT,4.06,4.07,4.02,4.06,450100,KBS,2026-10-09T04:29:00Z
2025-01-20,FIT,4.06,4.08,4.0,4.03,585300,KBS,2026-10-09T04:29:00Z
2025-01-21,FIT,4.03,4.05,4.02,4.04,345900,KBS,2026-10-09T04:29:00Z
2025-01-22,FIT,4.04,4.04,4.0,4.0,447000,KBS,2026-10-09T04:29:00Z
2025-01-23,FIT,3.98,4.05,3.98,4.02,541900,KBS,2026-10-09T04:29:00Z
2025-01-24,FIT,4.02,4.06,4.0,4.05,914100,KBS,2026-10-09T04:29:00Z
2025-02-03,FIT,4.05,4.07,4.03,4.03,352400,KBS,2026-10-09T04:29:00Z
2025-02-04,FIT,4.05,4.06,4.02,4.05,657700,KBS,2026-10-09T04:29:00Z
2025-02-05,FIT,4.07,4.1,4.05,4.08,576700,KBS,2026-10-09T04:29:00Z
2025-02-06,FIT,4.07,4.09,4.05,4.07,374300,KBS,2026-10-09T04:29:00Z
2025-02-07,FIT,4.07,4.16,4.06,4.1,860500,KBS,2026-10-09T04:29:00Z
2025-02-10,FIT,4.1,4.12,4.08,4.09,455200,KBS,2026-10-09T04:29:00Z
2025-02-11,FIT,4.09,4.15,4.08,4.11,488200,KBS,2026-10-09T04:29:00Z
2025-02-12,FIT,4.11,4.14,4.08,4.09,420100,KBS,2026-10-09T04:29:00Z
2025-02-13,FIT,4.09,4.1,4.06,4.06,414800,KBS,2026-10-09T04:29:00Z
2025-02-14,FIT,4.09,4.11,4.05,4.07,717300,KBS,2026-10-09T04:29:00Z
2025-02-17,FIT,4.07,4.12,4.06,4.11,612800,KBS,2026-10-09T04:29:00Z
2025-02-18,FIT,4.11,4.25,4.11,4.15,938200,KBS,2026-10-09T04:29:00Z
2025-02-19,FIT,4.19,4.2,4.15,4.17,644000,KBS,2026-10-09T04:29:00Z
2025-02-20,FIT,4.19,4.2,4.15,4.18,509100,KBS,2026-10-09T04:29:00Z
2025-02-21,FIT,4.18,4.18,4.12,4.15,568900,KBS,2026-10-09T04:29:00Z
2025-02-24,FIT,4.14,4.15,4.09,4.13,788300,KBS,2026-10-09T04:29:00Z
2025-02-25,FIT,4.15,4.2,4.13,4.13,761100,KBS,2026-10-09T04:29:00Z
2025-02-26,FIT,4.13,4.17,4.11,4.12,436200,KBS,2026-10-09T04:29:00Z
2025-02-27,FIT,4.11,4.34,4.11,4.23,2005600,KBS,2026-10-09T04:29:00Z
2025-02-28,FIT,4.3,4.37,4.26,4.3,1309400,KBS,2026-10-09T04:29:00Z
2025-03-03,FIT,4.3,4.3,4.21,4.22,936400,KBS,2026-10-09T04:29:00Z
2025-03-04,FIT,4.21,4.21,4.15,4.17,924700,KBS,2026-10-09T04:29:00Z
2025-03-05,FIT,4.18,4.24,4.14,4.17,776500,KBS,2026-10-09T04:29:00Z
2025-03-06,FIT,4.17,4.2,4.15,4.2,521000,KBS,2026-10-09T04:29:00Z
2025-03-07,FIT,4.2,4.25,4.19,4.21,959700,KBS,2026-10-09T04:29:00Z
2025-03-10,FIT,4.21,4.28,4.19,4.21,496200,KBS,2026-10-09T04:29:00Z
2025-03-11,FIT,4.11,4.19,4.11,4.18,759000,KBS,2026-10-09T04:29:00Z
2025-03-12,FIT,4.16,4.19,4.13,4.17,516300,KBS,2026-10-09T04:29:00Z
2025-03-13,FIT,4.15,4.21,4.13,4.17,499600,KBS,2026-10-09T04:29:00Z
2025-03-14,FIT,4.18,4.19,4.12,4.17,473900,KBS,2026-10-09T04:29:00Z
2025-03-17,FIT,4.17,4.18,4.15,4.17,377900,KBS,2026-10-09T04:29:00Z
2025-03-18,FIT,4.17,4.28,4.15,4.19,1279100,KBS,2026-10-09T04:29:00Z
2025-03-19,FIT,4.19,4.38,4.18,4.3,2122900,KBS,2026-10-09T04:29:00Z
2025-03-20,FIT,4.31,4.33,4.2,4.29,456700,KBS,2026-10-09T04:29:00Z
2025-03-21,FIT,4.29,4.32,4.24,4.26,672500,KBS,2026-10-09T04:29:00Z
2025-03-24,FIT,4.21,4.3,4.2,4.26,989900,KBS,2026-10-09T04:29:00Z
2025-03-25,FIT,4.28,4.29,4.25,4.26,699300,KBS,2026-10-09T04:29:00Z
2025-03-26,FIT,4.27,4.34,4.26,4.29,825000,KBS,2026-10-09T04:29:00Z
2025-03-27,FIT,4.33,4.43,4.31,4.35,1467600,KBS,2026-10-09T04:29:00Z
2025-03-28,FIT,4.35,4.65,4.35,4.65,4869900,KBS,2026-10-09T04:29:00Z
2025-03-31,FIT,4.94,4.97,4.8,4.97,8432600,KBS,2026-10-09T04:29:00Z
2025-04-01,FIT,4.98,4.99,4.79,4.89,2751600,KBS,2026-10-09T04:29:00Z
2025-04-02,FIT,4.89,5.2,4.82,5.11,3867500,KBS,2026-10-09T04:29:00Z
2025-04-03,FIT,4.79,5.0,4.76,4.76,2969500,KBS,2026-10-09T04:29:00Z
2025-04-04,FIT,4.43,4.51,4.43,4.43,7065400,KBS,2026-10-09T04:29:00Z
2025-04-08,FIT,4.19,4.22,4.12,4.12,5376500,KBS,2026-10-09T04:29:00Z
2025-04-09,FIT,3.84,4.12,3.84,3.85,3139900,KBS,2026-10-09T04:29:00Z
2025-04-10,FIT,4.11,4.11,4.11,4.11,251000,KBS,2026-10-09T04:29:00Z
2025-04-11,FIT,4.39,4.39,4.1,4.25,3255400,KBS,2026-10-09T04:29:00Z
2025-04-14,FIT,4.29,4.29,4.1,4.13,2913600,KBS,2026-10-09T04:29:00Z
2025-04-15,FIT,4.15,4.41,4.13,4.41,3484400,KBS,2026-10-09T04:29:00Z
2025-04-16,FIT,4.45,4.61,4.42,4.44,3642600,KBS,2026-10-09T04:29:00Z
2025-04-17,FIT,4.44,4.5,4.32,4.41,1184400,KBS,2026-10-09T04:29:00Z
2025-04-18,FIT,4.49,4.51,4.34,4.4,1524300,KBS,2026-10-09T04:29:00Z
2025-04-21,FIT,4.46,4.46,4.3,4.33,725500,KBS,2026-10-09T04:29:00Z
2025-04-22,FIT,4.32,4.32,4.03,4.17,3430600,KBS,2026-10-09T04:29:00Z
2025-04-23,FIT,4.2,4.29,4.17,4.23,751500,KBS,2026-10-09T04:29:00Z
2025-04-24,FIT,4.23,4.39,4.18,4.27,702700,KBS,2026-10-09T04:29:00Z
2025-04-25,FIT,4.27,4.35,4.22,4.22,684800,KBS,2026-10-09T04:29:00Z
2025-04-28,FIT,4.25,4.28,4.22,4.26,470800,KBS,2026-10-09T04:29:00Z
2025-04-29,FIT,4.28,4.28,4.23,4.24,332800,KBS,2026-10-09T04:29:00Z
2025-05-05,FIT,4.5,4.5,4.29,4.3,572000,KBS,2026-10-09T04:29:00Z
2025-05-06,FIT,4.3,4.35,4.29,4.29,680200,KBS,2026-10-09T04:29:00Z
2025-05-07,FIT,4.3,4.35,4.26,4.3,743900,KBS,2026-10-09T04:29:00Z
2025-05-08,FIT,4.34,4.5,4.3,4.4,1311300,KBS,2026-10-09T04:29:00Z
2025-05-09,FIT,4.44,4.56,4.4,4.43,1189700,KBS,2026-10-09T04:29:00Z
2025-05-12,FIT,4.44,4.46,4.37,4.38,990700,KBS,2026-10-09T04:29:00Z
2025-05-13,FIT,4.4,4.48,4.38,4.41,1041400,KBS,2026-10-09T04:29:00Z
2025-05-14,FIT,4.42,4.47,4.39,4.41,1033300,KBS,2026-10-09T04:29:00Z
2025-05-15,FIT,4.44,4.44,4.34,4.36,970600,KBS,2026-10-09T04:29:00Z
2025-05-16,FIT,4.38,4.49,4.37,4.4,1366100,KBS,2026-10-09T04:29:00Z
2025-05-19,FIT,4.44,4.44,4.35,4.4,992800,KBS,2026-10-09T04:29:00Z
2025-05-20,FIT,4.44,4.65,4.4,4.49,1963200,KBS,2026-10-09T04:29:00Z
2025-05-21,FIT,4.58,4.58,4.44,4.49,1315400,KBS,2026-10-09T04:29:00Z
2025-05-22,FIT,4.48,4.48,4.38,4.4,1777200,KBS,2026-10-09T04:29:00Z
2025-05-23,FIT,4.4,4.41,4.37,4.4,793000,KBS,2026-10-09T04:29:00Z
2025-05-26,FIT,4.43,4.43,4.26,4.41,949000,KBS,2026-10-09T04:29:00Z
2025-05-27,FIT,4.42,4.45,4.38,4.39,1164600,KBS,2026-10-09T04:29:00Z
2025-05-28,FIT,4.44,4.59,4.43,4.5,1881600,KBS,2026-10-09T04:29:00Z
2025-05-29,FIT,4.51,4.59,4.48,4.55,1737900,KBS,2026-10-09T04:29:00Z
2025-05-30,FIT,4.58,4.58,4.42,4.46,1861600,KBS,2026-10-09T04:29:00Z
2025-06-02,FIT,4.46,4.56,4.43,4.5,1033000,KBS,2026-10-09T04:29:00Z
2025-06-03,FIT,4.57,4.57,4.47,4.51,1227100,KBS,2026-10-09T04:29:00Z
2025-06-04,FIT,4.51,4.75,4.51,4.6,2609100,KBS,2026-10-09T04:29:00Z
2025-06-05,FIT,4.64,4.7,4.53,4.59,1195700,KBS,2026-10-09T04:29:00Z
2025-06-06,FIT,4.59,4.66,4.5,4.51,1733900,KBS,2026-10-09T04:29:00Z
2025-06-09,FIT,4.51,4.52,4.4,4.41,1192300,KBS,2026-10-09T04:29:00Z
2025-06-10,FIT,4.42,4.47,4.39,4.4,865500,KBS,2026-10-09T04:29:00Z
2025-06-11,FIT,4.41,4.45,4.4,4.44,518900,KBS,2026-10-09T04:29:00Z
2025-06-12,FIT,4.42,4.49,4.42,4.46,703800,KBS,2026-10-09T04:29:00Z
2025-06-13,FIT,4.43,4.46,4.34,4.43,1734600,KBS,2026-10-09T04:29:00Z
2025-06-16,FIT,4.42,4.7,4.38,4.58,1394300,KBS,2026-10-09T04:29:00Z
2025-06-17,FIT,4.65,4.67,4.51,4.53,1012500,KBS,2026-10-09T04:29:00Z
2025-06-18,FIT,4.56,4.58,4.5,4.5,1353700,KBS,2026-10-09T04:29:00Z
2025-06-19,FIT,4.5,4.55,4.47,4.48,832600,KBS,2026-10-09T04:29:00Z
2025-06-20,FIT,4.48,4.51,4.45,4.45,416000,KBS,2026-10-09T04:29:00Z
2025-06-23,FIT,4.44,4.45,4.38,4.4,735000,KBS,2026-10-09T04:29:00Z
2025-06-24,FIT,4.42,4.49,4.4,4.42,574800,KBS,2026-10-09T04:29:00Z
2025-06-25,FIT,4.42,4.47,4.41,4.41,661700,KBS,2026-10-09T04:29:00Z
2025-06-26,FIT,4.39,4.42,4.35,4.38,713300,KBS,2026-10-09T04:29:00Z
2025-06-27,FIT,4.38,4.43,4.37,4.37,597500,KBS,2026-10-09T04:29:00Z
2025-06-30,FIT,4.36,4.42,4.35,4.37,561100,KBS,2026-10-09T04:29:00Z
2025-07-01,FIT,4.36,4.4,4.33,4.4,821600,KBS,2026-10-09T04:29:00Z
2025-07-02,FIT,4.43,4.44,4.38,4.44,387500,KBS,2026-10-09T04:29:00Z
2025-07-03,FIT,4.44,4.48,4.13,4.34,1439300,KBS,2026-10-09T04:29:00Z
2025-07-04,FIT,4.39,4.44,4.37,4.37,511400,KBS,2026-10-09T04:29:00Z
2025-07-07,FIT,4.42,4.45,4.37,4.39,808000,KBS,2026-10-09T04:29:00Z
2025-07-08,FIT,4.4,4.64,4.39,4.56,3148500,KBS,2026-10-09T04:29:00Z
2025-07-09,FIT,4.61,4.63,4.54,4.56,2066800,KBS,2026-10-09T04:29:00Z
2025-07-10,FIT,4.58,4.73,4.56,4.56,2387800,KBS,2026-10-09T04:29:00Z
2025-07-11,FIT,4.61,4.68,4.56,4.59,1497400,KBS,2026-10-09T04:29:00Z
2025-07-14,FIT,4.6,4.67,4.56,4.64,1797000,KBS,2026-10-09T04:29:00Z
2025-07-15,FIT,4.67,4.96,4.65,4.96,2861200,KBS,2026-10-09T04:29:00Z
2025-07-16,FIT,5.18,5.22,4.98,5.0,5035400,KBS,2026-10-09T04:29:00Z
2025-07-17,FIT,5.03,5.14,4.86,4.89,3197600,KBS,2026-10-09T04:29:00Z
2025-07-18,FIT,4.93,4.99,4.81,4.82,2857300,KBS,2026-10-09T04:29:00Z
2025-07-21,FIT,4.85,4.99,4.81,4.82,1981600,KBS,2026-10-09T04:29:00Z
2025-07-22,FIT,4.81,4.92,4.76,4.87,1708400,KBS,2026-10-09T04:29:00Z
2025-07-23,FIT,4.88,4.94,4.82,4.92,2407200,KBS,2026-10-09T04:29:00Z
2025-07-24,FIT,5.04,5.26,5.04,5.26,8041600,KBS,2026-10-09T04:29:00Z
2025-07-25,FIT,5.35,5.5,5.24,5.24,3912000,KBS,2026-10-09T04:29:00Z
2025-07-28,FIT,5.32,5.45,5.22,5.33,7040300,KBS,2026-10-09T04:29:00Z
2025-07-29,FIT,5.41,5.43,4.96,4.96,6268700,KBS,2026-10-09T04:29:00Z
2025-07-30,FIT,5.0,5.09,4.9,5.04,2811100,KBS,2026-10-09T04:29:00Z
2025-07-31,FIT,5.06,5.11,4.93,5.0,2817000,KBS,2026-10-09T04:29:00Z
2025-08-01,FIT,5.05,5.35,4.96,5.2,4171400,KBS,2026-10-09T04:29:00Z
2025-08-04,FIT,5.18,5.39,5.17,5.28,2710400,KBS,2026-10-09T04:29:00Z
2025-08-05,FIT,5.35,5.36,4.99,5.15,4360000,KBS,2026-10-09T04:29:00Z
2025-08-06,FIT,5.18,5.23,5.12,5.17,1844700,KBS,2026-10-09T04:29:00Z
2025-08-07,FIT,5.19,5.24,5.12,5.18,2651200,KBS,2026-10-09T04:29:00Z
2025-08-08,FIT,5.23,5.23,5.15,5.22,2235900,KBS,2026-10-09T04:29:00Z
2025-08-11,FIT,5.3,5.31,5.23,5.28,3360900,KBS,2026-10-09T04:29:00Z
2025-08-12,FIT,5.29,5.59,5.29,5.41,3771700,KBS,2026-10-09T04:29:00Z
2025-08-13,FIT,5.41,5.47,5.22,5.33,2804900,KBS,2026-10-09T04:29:00Z
2025-08-14,FIT,5.4,5.42,5.2,5.3,2242300,KBS,2026-10-09T04:29:00Z
2025-08-15,FIT,5.3,5.3,5.14,5.15,3053300,KBS,2026-10-09T04:29:00Z
2025-08-18,FIT,5.19,5.2,5.1,5.2,1528200,KBS,2026-10-09T04:29:00Z
2025-08-19,FIT,5.24,5.39,5.22,5.3,2748000,KBS,2026-10-09T04:29:00Z
2025-08-20,FIT,5.31,5.33,5.06,5.13,2426300,KBS,2026-10-09T04:29:00Z
2025-08-21,FIT,5.15,5.2,5.07,5.07,1468800,KBS,2026-10-09T04:29:00Z
2025-08-22,FIT,5.07,5.07,4.75,4.83,2824300,KBS,2026-10-09T04:29:00Z
2025-08-25,FIT,4.89,4.89,4.68,4.7,1703000,KBS,2026-10-09T04:29:00Z
2025-08-26,FIT,4.76,4.84,4.7,4.84,751400,KBS,2026-10-09T04:29:00Z
2025-08-27,FIT,4.84,4.89,4.81,4.83,886100,KBS,2026-10-09T04:29:00Z
2025-08-28,FIT,4.86,4.86,4.75,4.82,884900,KBS,2026-10-09T04:29:00Z
2025-08-29,FIT,4.83,4.95,4.82,4.88,1346000,KBS,2026-10-09T04:29:00Z
2025-09-03,FIT,4.89,4.95,4.88,4.92,858300,KBS,2026-10-09T04:29:00Z
2025-09-04,FIT,4.94,4.95,4.86,4.9,1591600,KBS,2026-10-09T04:29:00Z
2025-09-05,FIT,4.93,4.96,4.88,4.88,2678200,KBS,2026-10-09T04:29:00Z
2025-09-08,FIT,4.87,4.88,4.65,4.68,1734700,KBS,2026-10-09T04:29:00Z
2025-09-09,FIT,4.7,4.74,4.66,4.69,790700,KBS,2026-10-09T04:29:00Z
2025-09-10,FIT,4.74,4.74,4.66,4.68,574200,KBS,2026-10-09T04:29:00Z
2025-09-11,FIT,4.65,4.72,4.58,4.71,1020500,KBS,2026-10-09T04:29:00Z
2025-09-12,FIT,4.74,4.8,4.71,4.78,718000,KBS,2026-10-09T04:29:00Z
2025-09-15,FIT,4.77,5.06,4.77,5.0,1776200,KBS,2026-10-09T04:29:00Z
2025-09-16,FIT,5.0,5.08,4.91,4.91,1105400,KBS,2026-10-09T04:29:00Z
2025-09-17,FIT,5.0,5.01,4.91,4.94,1070600,KBS,2026-10-09T04:29:00Z
2025-09-18,FIT,4.93,4.95,4.84,4.84,863000,KBS,2026-10-09T04:29:00Z
2025-09-19,FIT,4.89,4.93,4.85,4.85,407400,KBS,2026-10-09T04:29:00Z
2025-09-22,FIT,4.86,4.87,4.77,4.78,640600,KBS,2026-10-09T04:29:00Z
2025-09-23,FIT,4.78,4.86,4.78,4.8,371000,KBS,2026-10-09T04:29:00Z
2025-09-24,FIT,4.81,4.85,4.75,4.85,289500,KBS,2026-10-09T04:29:00Z
2025-09-25,FIT,4.87,4.9,4.82,4.86,533100,KBS,2026-10-09T04:29:00Z
2025-09-26,FIT,4.86,4.99,4.85,4.91,1585600,KBS,2026-10-09T04:29:00Z
2025-09-29,FIT,4.89,4.94,4.85,4.89,408600,KBS,2026-10-09T04:29:00Z
2025-09-30,FIT,4.91,4.91,4.74,4.87,661400,KBS,2026-10-09T04:29:00Z
2025-10-01,FIT,4.87,4.9,4.86,4.89,220300,KBS,2026-10-09T04:29:00Z
2025-10-02,FIT,4.91,4.91,4.74,4.79,575100,KBS,2026-10-09T04:29:00Z
2025-10-03,FIT,4.8,4.8,4.69,4.69,808300,KBS,2026-10-09T04:29:00Z
2025-10-06,FIT,4.7,4.85,4.7,4.79,466900,KBS,2026-10-09T04:29:00Z
2025-10-07,FIT,4.81,4.81,4.71,4.76,332400,KBS,2026-10-09T04:29:00Z
2025-10-08,FIT,4.81,4.82,4.75,4.78,210100,KBS,2026-10-09T04:29:00Z
2025-10-09,FIT,4.8,4.81,4.73,4.75,513900,KBS,2026-10-09T04:29:00Z
2025-10-10,FIT,4.76,4.77,4.71,4.75,434500,KBS,2026-10-09T04:29:00Z
2025-10-13,FIT,4.67,4.73,4.65,4.68,679300,KBS,2026-10-09T04:29:00Z
2025-10-14,FIT,4.69,4.72,4.6,4.6,972100,KBS,2026-10-09T04:29:00Z
2025-10-15,FIT,4.6,4.65,4.54,4.56,663000,KBS,2026-10-09T04:29:00Z
2025-10-16,FIT,4.53,4.6,4.52,4.6,1049900,KBS,2026-10-09T04:29:00Z
2025-10-17,FIT,4.6,4.66,4.54,4.54,529600,KBS,2026-10-09T04:29:00Z
2025-10-20,FIT,4.51,4.6,4.23,4.3,1692400,KBS,2026-10-09T04:29:00Z
2025-10-21,FIT,4.3,4.5,4.25,4.39,1066500,KBS,2026-10-09T04:29:00Z
2025-10-22,FIT,4.4,4.5,4.36,4.5,666100,KBS,2026-10-09T04:29:00Z
2025-10-23,FIT,4.5,4.55,4.42,4.51,526900,KBS,2026-10-09T04:29:00Z
2025-10-24,FIT,4.51,4.51,4.41,4.43,238800,KBS,2026-10-09T04:29:00Z
2025-10-27,FIT,4.42,4.45,4.4,4.41,335800,KBS,2026-10-09T04:29:00Z
2025-10-28,FIT,4.46,4.46,4.36,4.43,234000,KBS,2026-10-09T04:29:00Z
2025-10-29,FIT,4.54,4.69,4.45,4.62,1204500,KBS,2026-10-09T04:29:00Z
2025-10-30,FIT,4.57,4.66,4.57,4.62,590200,KBS,2026-10-09T04:29:00Z
2025-10-31,FIT,4.6,4.77,4.6,4.7,957000,KBS,2026-10-09T04:29:00Z
2025-11-03,FIT,4.72,4.9,4.7,4.7,1635500,KBS,2026-10-09T04:29:00Z
2025-11-04,FIT,4.71,4.75,4.6,4.72,590100,KBS,2026-10-09T04:29:00Z
2025-11-05,FIT,4.72,4.72,4.62,4.63,363700,KBS,2026-10-09T04:29:00Z
2025-11-06,FIT,4.67,4.67,4.61,4.64,344600,KBS,2026-10-09T04:29:00Z
2025-11-07,FIT,4.64,4.69,4.55,4.55,557000,KBS,2026-10-09T04:29:00Z
2025-11-10,FIT,4.57,4.57,4.47,4.48,414900,KBS,2026-10-09T04:29:00Z
2025-11-11,FIT,4.49,4.58,4.47,4.5,324600,KBS,2026-10-09T04:29:00Z
2025-11-12,FIT,4.53,4.61,4.53,4.58,252500,KBS,2026-10-09T04:29:00Z
2025-11-13,FIT,4.62,4.63,4.58,4.6,337300,KBS,2026-10-09T04:29:00Z
2025-11-14,FIT,4.6,4.67,4.59,4.64,581200,KBS,2026-10-09T04:29:00Z
2025-11-17,FIT,4.64,4.66,4.62,4.64,265600,KBS,2026-10-09T04:29:00Z
2025-11-18,FIT,4.66,4.76,4.65,4.75,1185300,KBS,2026-10-09T04:29:00Z
2025-11-19,FIT,4.75,4.75,4.68,4.68,537200,KBS,2026-10-09T04:29:00Z
2025-11-20,FIT,4.68,4.74,4.6,4.67,504200,KBS,2026-10-09T04:29:00Z
2025-11-21,FIT,4.63,4.82,4.62,4.7,748800,KBS,2026-10-09T04:29:00Z
2025-11-24,FIT,4.71,4.74,4.68,4.69,415400,KBS,2026-10-09T04:29:00Z
2025-11-25,FIT,4.62,4.72,4.59,4.6,1122600,KBS,2026-10-09T04:29:00Z
2025-11-26,FIT,4.6,4.68,4.6,4.65,391700,KBS,2026-10-09T04:29:00Z
2025-11-27,FIT,4.67,4.85,4.62,4.75,2436500,KBS,2026-10-09T04:29:00Z
2025-11-28,FIT,4.76,4.84,4.72,4.78,1299000,KBS,2026-10-09T04:29:00Z
2025-12-01,FIT,4.79,5.11,4.78,5.11,3896700,KBS,2026-10-09T04:29:00Z
2025-12-02,FIT,5.38,5.38,5.15,5.18,4021700,KBS,2026-10-09T04:29:00Z
2025-12-03,FIT,5.18,5.29,5.08,5.08,2282000,KBS,2026-10-09T04:29:00Z
2025-12-04,FIT,5.12,5.25,5.09,5.17,2108400,KBS,2026-10-09T04:29:00Z
2025-12-05,FIT,5.25,5.25,5.11,5.19,1193300,KBS,2026-10-09T04:29:00Z
2025-12-08,FIT,5.19,5.55,5.18,5.55,8922600,KBS,2026-10-09T04:29:00Z
2025-12-09,FIT,5.65,5.81,5.51,5.65,4366200,KBS,2026-10-09T04:29:00Z
2025-12-10,FIT,5.67,6.01,5.4,5.43,6795000,KBS,2026-10-09T04:29:00Z
2025-12-11,FIT,5.45,5.58,5.35,5.4,3232300,KBS,2026-10-09T04:29:00Z
2025-12-12,FIT,5.48,5.49,5.03,5.03,6356400,KBS,2026-10-09T04:29:00Z
2025-12-15,FIT,4.88,5.03,4.78,4.82,2628800,KBS,2026-10-09T04:29:00Z
2025-12-16,FIT,4.92,5.07,4.8,4.87,2356400,KBS,2026-10-09T04:29:00Z
2025-12-17,FIT,4.95,4.97,4.82,4.85,1148700,KBS,2026-10-09T04:29:00Z
2025-12-18,FIT,4.85,4.96,4.8,4.88,1095200,KBS,2026-10-09T04:29:00Z
2025-12-19,FIT,4.95,4.98,4.87,4.88,1379600,KBS,2026-10-09T04:29:00Z
2025-12-22,FIT,4.88,4.96,4.77,4.96,2560600,KBS,2026-10-09T04:29:00Z
2025-12-23,FIT,5.03,5.06,4.9,5.06,1868100,KBS,2026-10-09T04:29:00Z
2025-12-24,FIT,4.98,5.06,4.87,4.9,1585100,KBS,2026-10-09T04:29:00Z
2025-12-25,FIT,4.9,4.94,4.79,4.79,1026400,KBS,2026-10-09T04:29:00Z
2025-12-26,FIT,4.73,4.79,4.55,4.66,2248600,KBS,2026-10-09T04:29:00Z
2025-12-29,FIT,4.67,4.77,4.67,4.74,668900,KBS,2026-10-09T04:29:00Z
2025-12-30,FIT,4.72,4.77,4.68,4.73,293200,KBS,2026-10-09T04:29:00Z
2025-12-31,FIT,4.73,4.75,4.65,4.69,784800,KBS,2026-10-09T04:29:00Z
2026-01-05,FIT,4.69,4.74,4.65,4.68,480100,KBS,2026-10-09T04:29:00Z
2026-01-06,FIT,4.68,4.69,4.59,4.61,555000,KBS,2026-10-09T04:29:00Z
2026-01-07,FIT,4.58,4.65,4.58,4.62,623400,KBS,2026-10-09T04:29:00Z
2026-01-08,FIT,4.65,4.69,4.61,4.62,615800,KBS,2026-10-09T04:29:00Z
2026-01-09,FIT,4.61,4.7,4.58,4.62,1197800,KBS,2026-10-09T04:29:00Z
2026-01-12,FIT,4.6,4.67,4.6,4.66,1065400,KBS,2026-10-09T04:29:00Z
2026-01-13,FIT,4.67,4.82,4.65,4.78,728900,KBS,2026-10-09T04:29:00Z
2026-01-14,FIT,4.78,4.79,4.67,4.68,745700,KBS,2026-10-09T04:29:00Z
2026-01-15,FIT,4.68,4.71,4.62,4.66,731600,KBS,2026-10-09T04:29:00Z
2026-01-16,FIT,4.69,4.69,4.63,4.66,512600,KBS,2026-10-09T04:29:00Z
2026-01-19,FIT,4.66,4.79,4.66,4.7,526200,KBS,2026-10-09T04:29:00Z
2026-01-20,FIT,4.71,4.84,4.71,4.72,611500,KBS,2026-10-09T04:29:00Z
2026-01-21,FIT,4.75,4.8,4.7,4.74,659300,KBS,2026-10-09T04:29:00Z
2026-01-22,FIT,4.8,4.9,4.75,4.9,961000,KBS,2026-10-09T04:29:00Z
2026-01-23,FIT,4.99,5.15,4.9,4.91,2069200,KBS,2026-10-09T04:29:00Z
2026-01-26,FIT,4.94,5.07,4.74,4.82,1201900,KBS,2026-10-09T04:29:00Z
2026-01-27,FIT,4.89,4.89,4.7,4.78,830500,KBS,2026-10-09T04:29:00Z
2026-01-28,FIT,4.77,4.81,4.65,4.68,600300,KBS,2026-10-09T04:29:00Z
2026-01-29,FIT,4.68,4.81,4.68,4.72,337200,KBS,2026-10-09T04:29:00Z
2026-01-30,FIT,4.75,4.77,4.7,4.72,482300,KBS,2026-10-09T04:29:00Z
2026-02-02,FIT,4.67,4.67,4.57,4.59,1794200,KBS,2026-10-09T04:29:00Z
2026-02-03,FIT,4.58,4.66,4.58,4.6,518600,KBS,2026-10-09T04:29:00Z
2026-02-04,FIT,4.66,4.67,4.61,4.64,284700,KBS,2026-10-09T04:29:00Z
2026-02-05,FIT,4.68,4.71,4.61,4.61,401200,KBS,2026-10-09T04:29:00Z
2026-02-06,FIT,4.6,4.62,4.56,4.56,627700,KBS,2026-10-09T04:29:00Z
2026-02-09,FIT,4.68,4.68,4.56,4.57,286000,KBS,2026-10-09T04:29:00Z
2026-02-10,FIT,4.57,4.62,4.55,4.57,180800,KBS,2026-10-09T04:29:00Z
2026-02-11,FIT,4.57,4.62,4.56,4.58,221200,KBS,2026-10-09T04:29:00Z
2026-02-12,FIT,4.59,4.62,4.59,4.6,123600,KBS,2026-10-09T04:29:00Z
2026-02-13,FIT,4.6,4.64,4.59,4.59,389000,KBS,2026-10-09T04:29:00Z
2026-02-23,FIT,4.65,4.65,4.6,4.64,135200,KBS,2026-10-09T04:29:00Z
2026-02-24,FIT,4.66,4.75,4.64,4.73,620100,KBS,2026-10-09T04:29:00Z
2026-02-25,FIT,4.73,4.75,4.68,4.72,286900,KBS,2026-10-09T04:29:00Z
2026-02-26,FIT,4.7,4.72,4.67,4.71,195500,KBS,2026-10-09T04:29:00Z
2026-02-27,FIT,4.71,4.74,4.69,4.69,385300,KBS,2026-10-09T04:29:00Z
2026-03-02,FIT,4.51,4.69,4.5,4.57,1071200,KBS,2026-10-09T04:29:00Z
2026-03-03,FIT,4.57,4.6,4.49,4.55,805100,KBS,2026-10-09T04:29:00Z
2026-03-04,FIT,4.55,4.6,4.41,4.6,1184300,KBS,2026-10-09T04:29:00Z
2026-03-05,FIT,4.65,4.67,4.55,4.6,404400,KBS,2026-10-09T04:29:00Z
2026-03-06,FIT,4.62,4.62,4.5,4.58,484300,KBS,2026-10-09T04:29:00Z
2026-03-09,FIT,4.41,4.5,4.26,4.26,3182400,KBS,2026-10-09T04:29:00Z
2026-03-10,FIT,4.41,4.41,4.23,4.23,638300,KBS,2026-10-09T04:29:00Z
2026-03-11,FIT,4.23,4.34,4.23,4.34,439700,KBS,2026-10-09T04:29:00Z
2026-03-12,FIT,4.36,4.5,4.3,4.35,1114200,KBS,2026-10-09T04:29:00Z
2026-03-13,FIT,4.32,4.37,4.32,4.33,366800,KBS,2026-10-09T04:29:00Z
2026-03-16,FIT,4.34,4.42,4.34,4.4,265800,KBS,2026-10-09T04:29:00Z
2026-03-17,FIT,4.4,4.47,4.4,4.42,599100,KBS,2026-10-09T04:29:00Z
2026-03-18,FIT,4.43,4.45,4.39,4.41,958900,KBS,2026-10-09T04:29:00Z
2026-03-19,FIT,4.41,4.41,4.36,4.38,1029100,KBS,2026-10-09T04:29:00Z
2026-03-20,FIT,4.35,4.39,4.27,4.28,269000,KBS,2026-10-09T04:29:00Z
2026-03-23,FIT,4.29,4.29,4.12,4.2,1094800,KBS,2026-10-09T04:29:00Z
2026-03-24,FIT,4.22,4.29,4.21,4.23,222100,KBS,2026-10-09T04:29:00Z
2026-03-25,FIT,4.25,4.32,4.24,4.3,331300,KBS,2026-10-09T04:29:00Z
2026-03-26,FIT,4.3,4.36,4.25,4.27,172100,KBS,2026-10-09T04:29:00Z
2026-03-27,FIT,4.27,4.42,4.27,4.3,1051700,KBS,2026-10-09T04:29:00Z
2026-03-30,FIT,4.3,4.3,4.2,4.28,431600,KBS,2026-10-09T04:29:00Z
2026-03-31,FIT,4.29,4.3,4.21,4.27,253100,KBS,2026-10-09T04:29:00Z
2026-04-01,FIT,4.31,4.36,4.26,4.28,614400,KBS,2026-10-09T04:29:00Z
2026-04-02,FIT,4.28,4.3,4.25,4.27,367600,KBS,2026-10-09T04:29:00Z
2026-04-03,FIT,4.26,4.29,4.2,4.23,294300,KBS,2026-10-09T04:29:00Z
2026-04-06,FIT,4.23,4.27,4.17,4.17,316500,KBS,2026-10-09T04:29:00Z
2026-04-07,FIT,4.2,4.2,4.12,4.16,214300,KBS,2026-10-09T04:29:00Z
2026-04-08,FIT,4.22,4.45,4.22,4.39,835300,KBS,2026-10-09T04:29:00Z
2026-04-09,FIT,4.38,4.5,4.32,4.39,642900,KBS,2026-10-09T04:29:00Z
2026-04-10,FIT,4.4,4.44,4.3,4.31,399400,KBS,2026-10-09T04:29:00Z
2026-04-13,FIT,4.31,4.31,4.27,4.27,258600,KBS,2026-10-09T04:29:00Z
2026-04-14,FIT,4.28,4.3,4.24,4.27,348900,KBS,2026-10-09T04:29:00Z
2026-04-15,FIT,4.29,4.35,4.25,4.25,354300,KBS,2026-10-09T04:29:00Z
2026-04-16,FIT,4.27,4.27,4.21,4.24,285400,KBS,2026-10-09T04:29:00Z
2026-04-17,FIT,4.24,4.28,4.22,4.24,148900,KBS,2026-10-09T04:29:00Z
2026-04-20,FIT,4.24,4.26,4.2,4.25,176200,KBS,2026-10-09T04:29:00Z
2026-04-21,FIT,4.22,4.28,4.2,4.2,370400,KBS,2026-10-09T04:29:00Z
2026-04-22,FIT,4.2,4.23,4.18,4.2,230700,KBS,2026-10-09T04:29:00Z
2026-04-23,FIT,4.24,4.25,4.17,4.2,241100,KBS,2026-10-09T04:29:00Z
2026-04-24,FIT,4.21,4.21,4.14,4.15,298600,KBS,2026-10-09T04:29:00Z
2026-04-28,FIT,4.15,4.18,4.12,4.14,199400,KBS,2026-10-09T04:29:00Z
2026-04-29,FIT,4.16,4.2,4.14,4.16,245800,KBS,2026-10-09T04:29:00Z
2026-05-04,FIT,4.15,4.44,4.15,4.21,550600,KBS,2026-10-09T04:29:00Z
2026-05-05,FIT,4.21,4.24,4.16,4.16,156000,KBS,2026-10-09T04:29:00Z
2026-05-06,FIT,4.17,4.3,4.16,4.21,347800,KBS,2026-10-09T04:29:00Z
2026-05-07,FIT,4.28,4.33,4.17,4.26,706000,KBS,2026-10-09T04:29:00Z
2026-05-08,FIT,4.27,4.33,4.17,4.25,707400,KBS,2026-10-09T04:29:00Z
2026-05-11,FIT,4.25,4.25,4.17,4.2,207300,KBS,2026-10-09T04:29:00Z
2026-05-12,FIT,4.2,4.29,4.16,4.17,472300,KBS,2026-10-09T04:29:00Z
2026-05-13,FIT,4.17,4.25,4.14,4.18,272500,KBS,2026-10-09T04:29:00Z
2026-05-14,FIT,4.2,4.23,4.17,4.18,93300,KBS,2026-10-09T04:29:00Z
2026-05-15,FIT,4.21,4.21,4.1,4.1,676500,KBS,2026-10-09T04:29:00Z
2026-05-18,FIT,4.1,4.19,4.08,4.08,439700,KBS,2026-10-09T04:29:00Z
2026-05-19,FIT,4.09,4.1,4.05,4.07,458800,KBS,2026-10-09T04:29:00Z
2026-05-20,FIT,4.1,4.1,3.96,4.06,326200,KBS,2026-10-09T04:29:00Z
2026-05-21,FIT,4.08,4.1,3.99,4.01,183300,KBS,2026-10-09T04:29:00Z
2026-05-22,FIT,3.97,4.0,3.95,3.95,444200,KBS,2026-10-09T04:29:00Z
2026-05-25,FIT,3.96,4.0,3.9,3.92,427500,KBS,2026-10-09T04:29:00Z
2026-05-26,FIT,3.94,3.97,3.9,3.9,274000,KBS,2026-10-09T04:29:00Z
2026-05-27,FIT,3.9,3.91,3.86,3.89,352300,KBS,2026-10-09T04:29:00Z
2026-05-28,FIT,3.88,3.98,3.88,3.89,108100,KBS,2026-10-09T04:29:00Z
2026-05-29,FIT,3.89,3.9,3.83,3.85,193100,KBS,2026-10-09T04:29:00Z
2026-06-01,FIT,3.88,4.11,3.86,4.11,767400,KBS,2026-10-09T04:29:00Z
2026-06-02,FIT,4.22,4.27,4.09,4.09,1034400,KBS,2026-10-09T04:29:00Z
2026-06-03,FIT,4.13,4.13,3.9,4.0,616300,KBS,2026-10-09T04:29:00Z
2026-06-04,FIT,4.0,4.0,3.85,3.87,407300,KBS,2026-10-09T04:29:00Z
2026-06-05,FIT,3.86,3.93,3.8,3.88,439000,KBS,2026-10-09T04:29:00Z
2026-06-08,FIT,3.88,3.9,3.75,3.81,367200,KBS,2026-10-09T04:29:00Z
2026-06-09,FIT,3.81,3.86,3.76,3.81,349900,KBS,2026-10-09T04:29:00Z
2026-06-10,FIT,3.85,4.0,3.83,3.92,848000,KBS,2026-10-09T04:29:00Z
2026-06-11,FIT,3.87,3.95,3.86,3.89,420700,KBS,2026-10-09T04:29:00Z
2026-06-12,FIT,3.91,3.94,3.86,3.89,453100,KBS,2026-10-09T04:29:00Z
2026-06-15,FIT,3.9,3.94,3.88,3.88,229800,KBS,2026-10-09T04:29:00Z
2026-06-16,FIT,3.89,3.97,3.88,3.95,324300,KBS,2026-10-09T04:29:00Z
2026-06-17,FIT,3.95,3.97,3.92,3.93,253600,KBS,2026-10-09T04:29:00Z
2026-06-18,FIT,3.95,3.95,3.87,3.91,311200,KBS,2026-10-09T04:29:00Z
2026-06-19,FIT,3.9,3.93,3.84,3.84,250300,KBS,2026-10-09T04:29:00Z
2026-06-22,FIT,3.84,3.89,3.82,3.83,181000,KBS,2026-10-09T04:29:00Z
2026-06-23,FIT,3.83,3.84,3.79,3.79,264700,KBS,2026-10-09T04:29:00Z
2026-06-24,FIT,3.83,3.83,3.75,3.79,84100,KBS,2026-10-09T04:29:00Z
2026-06-25,FIT,3.79,3.81,3.74,3.78,367400,KBS,2026-10-09T04:29:00Z
2026-06-26,FIT,3.78,3.79,3.72,3.72,228100,KBS,2026-10-09T04:29:00Z
2026-06-29,FIT,3.75,3.75,3.7,3.71,190600,KBS,2026-10-09T04:29:00Z
2026-06-30,FIT,3.7,3.79,3.69,3.75,245400,KBS,2026-10-09T04:29:00Z
2026-07-01,FIT,3.74,3.85,3.74,3.83,251400,KBS,2026-10-09T04:29:00Z
2026-07-02,FIT,3.79,3.94,3.76,3.88,274900,KBS,2026-10-09T04:29:00Z
2026-07-03,FIT,3.93,3.95,3.78,3.81,394800,KBS,2026-10-09T04:29:00Z
2026-07-06,FIT,3.81,3.84,3.62,3.62,415900,KBS,2026-10-09T04:29:00Z
2026-07-07,FIT,3.67,3.7,3.58,3.62,685000,KBS,2026-10-09T04:29:00Z
2026-07-08,FIT,3.62,3.69,3.59,3.61,302800,KBS,2026-10-09T04:29:00Z
2026-07-09,FIT,3.61,3.62,3.58,3.6,102500,KBS,2026-10-09T04:29:00Z
2026-07-10,FIT,3.6,3.63,3.55,3.55,252400,KBS,2026-10-09T04:29:00Z
2026-07-13,FIT,3.54,3.6,3.39,3.53,675700,KBS,2026-10-09T04:29:00Z
2026-07-14,FIT,3.57,3.58,3.4,3.53,159100,KBS,2026-10-09T04:29:00Z
2026-07-15,FIT,3.54,3.55,3.44,3.48,202800,KBS,2026-10-09T04:29:00Z
2026-07-16,FIT,3.48,3.48,3.38,3.46,279200,KBS,2026-10-09T04:29:00Z
2026-07-17,FIT,3.41,3.46,3.37,3.37,166100,KBS,2026-10-09T04:29:00Z
2026-07-20,FIT,3.37,3.39,3.18,3.18,347500,KBS,2026-10-09T04:29:00Z
2026-07-21,FIT,3.17,3.31,3.15,3.15,361700,KBS,2026-10-09T04:29:00Z
2026-07-22,FIT,3.2,3.2,3.09,3.12,582500,KBS,2026-10-09T04:29:00Z
2026-07-23,FIT,3.12,3.14,3.05,3.12,192100,KBS,2026-10-09T04:29:00Z
2026-07-24,FIT,3.12,3.18,3.0,3.07,189600,KBS,2026-10-09T04:29:00Z
2026-07-27,FIT,3.12,3.12,2.95,2.95,245500,KBS,2026-10-09T04:29:00Z
2026-07-28,FIT,2.98,3.05,2.9,2.96,425000,KBS,2026-10-09T04:29:00Z
2026-07-29,FIT,2.96,3.0,2.95,2.97,154700,KBS,2026-10-09T04:29:00Z
2026-07-30,FIT,3.0,3.05,2.99,3.04,141300,KBS,2026-10-09T04:29:00Z
2026-07-31,FIT,3.03,3.08,3.0,3.0,161100,KBS,2026-10-09T04:29:00Z
2026-08-03,FIT,3.0,3.04,2.97,3.02,331500,KBS,2026-10-09T04:29:00Z
2026-08-04,FIT,3.02,3.23,3.02,3.15,480800,KBS,2026-10-09T04:29:00Z
2026-08-05,FIT,3.2,3.24,3.12,3.12,230900,KBS,2026-10-09T04:29:00Z
2026-08-06,FIT,3.12,3.16,3.09,3.11,167600,KBS,2026-10-09T04:29:00Z
2026-08-07,FIT,3.11,3.14,3.1,3.1,174500,KBS,2026-10-09T04:29:00Z
2026-08-10,FIT,3.13,3.14,3.09,3.11,197400,KBS,2026-10-09T04:29:00Z
2026-08-11,FIT,3.13,3.15,3.11,3.14,187000,KBS,2026-10-09T04:29:00Z
2026-08-12,FIT,3.12,3.15,3.11,3.13,130300,KBS,2026-10-09T04:29:00Z
2026-08-13,FIT,3.13,3.15,3.11,3.13,184600,KBS,2026-10-09T04:29:00Z
2026-08-14,FIT,3.12,3.14,3.1,3.11,204200,KBS,2026-10-09T04:29:00Z
2026-08-17,FIT,3.11,3.14,3.1,3.14,72900,KBS,2026-10-09T04:29:00Z
2026-08-18,FIT,3.14,3.16,3.11,3.12,94400,KBS,2026-10-09T04:29:00Z
2026-08-19,FIT,3.15,3.15,3.09,3.12,114500,KBS,2026-10-09T04:29:00Z
2026-08-20,FIT,3.12,3.12,3.09,3.1,72300,KBS,2026-10-09T04:29:00Z
2026-08-21,FIT,3.1,3.16,3.06,3.16,269100,KBS,2026-10-09T04:29:00Z
2026-08-24,FIT,3.16,3.16,3.13,3.14,171000,KBS,2026-10-09T04:29:00Z
2026-08-25,FIT,3.14,3.14,3.1,3.1,248500,KBS,2026-10-09T04:29:00Z
2026-08-26,FIT,3.1,3.12,3.1,3.11,92900,KBS,2026-10-09T04:29:00Z
2026-08-27,FIT,3.13,3.18,3.1,3.13,198400,KBS,2026-10-09T04:29:00Z
2026-08-28,FIT,3.16,3.16,3.08,3.08,241500,KBS,2026-10-09T04:29:00Z
2026-09-03,FIT,3.08,3.08,2.99,2.99,351400,KBS,2026-10-09T04:29:00Z
2026-09-04,FIT,3.0,3.04,2.99,2.99,162000,KBS,2026-10-09T04:29:00Z
2026-09-07,FIT,2.99,3.02,2.97,2.97,168900,KBS,2026-10-09T04:29:00Z
2026-09-08,FIT,2.98,2.98,2.89,2.92,414800,KBS,2026-10-09T04:29:00Z
2026-09-09,FIT,2.94,2.94,2.9,2.91,152100,KBS,2026-10-09T04:29:00Z
2026-09-10,FIT,2.94,2.94,2.9,2.9,132000,KBS,2026-10-09T04:29:00Z
2026-09-11,FIT,2.9,2.96,2.88,2.89,178800,KBS,2026-10-09T04:29:00Z
2026-09-14,FIT,2.89,2.91,2.82,2.88,238000,KBS,2026-10-09T04:29:00Z
2026-09-15,FIT,2.88,2.91,2.81,2.91,304400,KBS,2026-10-09T04:29:00Z
2026-09-16,FIT,2.91,3.08,2.91,3.03,542300,KBS,2026-10-09T04:29:00Z
2026-09-17,FIT,3.03,3.08,3.03,3.04,290500,KBS,2026-10-09T04:29:00Z
2026-09-18,FIT,3.05,3.07,3.01,3.03,153800,KBS,2026-10-09T04:29:00Z
2026-09-21,FIT,3.03,3.07,3.0,3.03,188400,KBS,2026-10-09T04:29:00Z
2026-09-22,FIT,3.0,3.05,3.0,3.0,142000,KBS,2026-10-09T04:29:00Z
2026-09-23,FIT,3.0,3.03,2.95,2.95,232500,KBS,2026-10-09T04:29:00Z
2026-09-24,FIT,2.95,2.95,2.85,2.85,287500,KBS,2026-10-09T04:29:00Z
2026-09-25,FIT,2.87,2.92,2.85,2.88,252200,KBS,2026-10-09T04:29:00Z
2026-09-28,FIT,2.88,2.89,2.81,2.84,429700,KBS,2026-10-09T04:29:00Z
2026-09-29,FIT,2.84,3.0,2.8,2.94,407600,KBS,2026-10-09T04:29:00Z
2026-09-30,FIT,2.87,2.99,2.87,2.91,659200,KBS,2026-10-09T04:29:00Z
2026-10-01,FIT,2.88,2.97,2.88,2.94,823500,KBS,2026-10-09T04:29:00Z
2026-10-02,FIT,2.89,3.12,2.89,3.0,1729900,KBS,2026-10-09T04:29:00Z
2026-10-05,FIT,3.01,3.06,2.99,3.0,947500,KBS,2026-10-09T04:29:00Z
2026-10-06,FIT,3.0,3.0,2.86,2.9,522900,KBS,2026-10-09T04:29:00Z
2026-10-07,FIT,2.9,2.94,2.84,2.9,320100,KBS,2026-10-09T04:29:00Z
2026-10-08,FIT,2.9,2.94,2.83,2.88,119500,KBS,2026-10-09T04:29:00Z
2026-10-09,FIT,2.87,2.89,2.82,2.87,165500,KBS,2026-10-09T04:29:00Z
