date,symbol,open,high,low,close,volume,source,fetched_at
2018-10-11,FPT,12.48,12.59,12.0,12.11,2177930,KBS,2026-10-09T07:43:57Z
2018-10-12,FPT,12.05,12.48,11.82,12.42,1377940,KBS,2026-10-09T07:43:57Z
2018-10-15,FPT,12.42,12.48,12.19,12.19,495650,KBS,2026-10-09T07:43:57Z
2018-10-16,FPT,12.34,12.34,12.11,12.26,603710,KBS,2026-10-09T07:43:57Z
2018-10-17,FPT,12.42,12.48,12.34,12.36,474320,KBS,2026-10-09T07:43:57Z
2018-10-18,FPT,12.39,12.48,12.31,12.36,710630,KBS,2026-10-09T07:43:57Z
2018-10-19,FPT,12.19,12.34,12.17,12.19,925420,KBS,2026-10-09T07:43:57Z
2018-10-22,FPT,12.31,12.39,12.22,12.24,429360,KBS,2026-10-09T07:43:57Z
2018-10-23,FPT,12.24,12.24,11.8,11.97,1150850,KBS,2026-10-09T07:43:57Z
2018-10-24,FPT,11.92,12.07,11.85,11.85,562380,KBS,2026-10-09T07:43:57Z
2018-10-25,FPT,11.34,11.71,11.34,11.64,757730,KBS,2026-10-09T07:43:57Z
2018-10-26,FPT,11.77,11.84,11.57,11.57,919770,KBS,2026-10-09T07:43:57Z
2018-10-29,FPT,11.48,11.75,11.48,11.63,462380,KBS,2026-10-09T07:43:57Z
2018-10-30,FPT,11.66,11.85,11.58,11.63,452630,KBS,2026-10-09T07:43:57Z
2018-10-31,FPT,11.84,11.91,11.71,11.9,325140,KBS,2026-10-09T07:43:57Z
2018-11-01,FPT,11.92,12.02,11.88,11.88,469760,KBS,2026-10-09T07:43:57Z
2018-11-02,FPT,12.01,12.19,11.92,12.17,593810,KBS,2026-10-09T07:43:57Z
2018-11-05,FPT,12.08,12.19,11.97,12.07,265620,KBS,2026-10-09T07:43:57Z
2018-11-06,FPT,12.11,12.12,11.94,11.95,470930,KBS,2026-10-09T07:43:57Z
2018-11-07,FPT,11.95,12.05,11.81,11.87,495560,KBS,2026-10-09T07:43:57Z
2018-11-08,FPT,11.98,12.02,11.9,11.95,352130,KBS,2026-10-09T07:43:57Z
2018-11-09,FPT,11.85,11.94,11.68,11.7,635120,KBS,2026-10-09T07:43:57Z
2018-11-12,FPT,11.68,11.9,11.67,11.9,273110,KBS,2026-10-09T07:43:57Z
2018-11-13,FPT,11.68,11.84,11.68,11.81,438030,KBS,2026-10-09T07:43:57Z
2018-11-14,FPT,11.88,11.98,11.8,11.98,752440,KBS,2026-10-09T07:43:57Z
2018-11-15,FPT,11.91,12.02,11.82,11.97,498790,KBS,2026-10-09T07:43:57Z
2018-11-16,FPT,12.05,12.17,11.98,12.12,639910,KBS,2026-10-09T07:43:57Z
2018-11-19,FPT,12.19,12.25,12.14,12.24,396020,KBS,2026-10-09T07:43:57Z
2018-11-20,FPT,12.25,12.31,12.15,12.31,550140,KBS,2026-10-09T07:43:57Z
2018-11-21,FPT,12.14,12.31,12.11,12.31,513360,KBS,2026-10-09T07:43:57Z
2018-11-22,FPT,12.31,12.36,12.26,12.31,323300,KBS,2026-10-09T07:43:57Z
2018-11-23,FPT,12.22,12.32,12.19,12.21,346060,KBS,2026-10-09T07:43:57Z
2018-11-26,FPT,12.21,12.21,12.04,12.04,483470,KBS,2026-10-09T07:43:57Z
2018-11-27,FPT,12.17,12.17,12.05,12.12,341670,KBS,2026-10-09T07:43:57Z
2018-11-28,FPT,12.12,12.15,12.07,12.14,256240,KBS,2026-10-09T07:43:57Z
2018-11-29,FPT,12.28,12.34,12.17,12.17,523610,KBS,2026-10-09T07:43:57Z
2018-11-30,FPT,12.17,12.18,12.1,12.17,323780,KBS,2026-10-09T07:43:57Z
2018-12-03,FPT,12.25,12.73,12.25,12.73,1136360,KBS,2026-10-09T07:43:57Z
2018-12-04,FPT,12.73,12.9,12.69,12.75,1011170,KBS,2026-10-09T07:43:57Z
2018-12-05,FPT,12.6,12.75,12.59,12.65,605880,KBS,2026-10-09T07:43:57Z
2018-12-06,FPT,12.62,12.7,12.49,12.59,484120,KBS,2026-10-09T07:43:57Z
2018-12-07,FPT,12.65,12.86,12.65,12.79,763170,KBS,2026-10-09T07:43:57Z
2018-12-10,FPT,12.7,12.76,12.53,12.53,694990,KBS,2026-10-09T07:43:57Z
2018-12-11,FPT,12.56,12.62,12.45,12.49,382700,KBS,2026-10-09T07:43:57Z
2018-12-12,FPT,12.49,12.63,12.49,12.6,664120,KBS,2026-10-09T07:43:57Z
2018-12-13,FPT,12.75,12.83,12.62,12.65,780570,KBS,2026-10-09T07:43:57Z
2018-12-14,FPT,12.65,12.7,12.51,12.52,787920,KBS,2026-10-09T07:43:57Z
2018-12-17,FPT,12.51,12.51,12.19,12.19,777640,KBS,2026-10-09T07:43:57Z
2018-12-18,FPT,12.01,12.14,11.87,11.91,1125660,KBS,2026-10-09T07:43:57Z
2018-12-19,FPT,11.91,12.08,11.87,11.94,471580,KBS,2026-10-09T07:43:57Z
2018-12-20,FPT,12.0,12.02,11.92,11.92,461210,KBS,2026-10-09T07:43:57Z
2018-12-21,FPT,11.88,12.05,11.88,12.05,453810,KBS,2026-10-09T07:43:57Z
2018-12-24,FPT,12.08,12.14,11.91,11.91,212530,KBS,2026-10-09T07:43:57Z
2018-12-25,FPT,11.74,11.77,11.63,11.77,732310,KBS,2026-10-09T07:43:57Z
2018-12-26,FPT,11.77,11.87,11.74,11.74,333590,KBS,2026-10-09T07:43:57Z
2018-12-27,FPT,11.94,11.98,11.85,11.85,454860,KBS,2026-10-09T07:43:57Z
2018-12-28,FPT,11.92,11.97,11.85,11.97,387170,KBS,2026-10-09T07:43:57Z
2019-01-02,FPT,11.85,11.95,11.67,11.68,459120,KBS,2026-10-09T07:43:57Z
2019-01-03,FPT,11.75,11.75,11.54,11.57,716600,KBS,2026-10-09T07:43:57Z
2019-01-04,FPT,11.51,11.75,11.48,11.66,318570,KBS,2026-10-09T07:43:57Z
2019-01-07,FPT,11.85,11.94,11.8,11.85,408470,KBS,2026-10-09T07:43:57Z
2019-01-08,FPT,11.85,11.91,11.82,11.91,295660,KBS,2026-10-09T07:43:57Z
2019-01-09,FPT,11.94,12.08,11.88,12.02,309040,KBS,2026-10-09T07:43:57Z
2019-01-10,FPT,12.02,12.07,11.95,11.95,207330,KBS,2026-10-09T07:43:57Z
2019-01-11,FPT,12.02,12.07,11.92,11.97,596090,KBS,2026-10-09T07:43:57Z
2019-01-14,FPT,12.0,12.08,11.91,12.05,398400,KBS,2026-10-09T07:43:57Z
2019-01-15,FPT,12.0,12.14,12.0,12.14,339480,KBS,2026-10-09T07:43:57Z
2019-01-16,FPT,12.19,12.19,12.07,12.07,186590,KBS,2026-10-09T07:43:57Z
2019-01-17,FPT,12.05,12.12,11.91,11.91,379770,KBS,2026-10-09T07:43:57Z
2019-01-18,FPT,11.94,12.05,11.91,11.91,227150,KBS,2026-10-09T07:43:57Z
2019-01-21,FPT,11.97,12.14,11.97,12.05,247800,KBS,2026-10-09T07:43:57Z
2019-01-22,FPT,12.05,12.12,12.01,12.01,141480,KBS,2026-10-09T07:43:57Z
2019-01-23,FPT,12.0,12.02,11.95,12.01,193460,KBS,2026-10-09T07:43:57Z
2019-01-24,FPT,12.02,12.08,12.01,12.04,234470,KBS,2026-10-09T07:43:57Z
2019-01-25,FPT,12.02,12.08,12.0,12.02,213470,KBS,2026-10-09T07:43:57Z
2019-01-28,FPT,12.05,12.05,11.94,11.94,216330,KBS,2026-10-09T07:43:57Z
2019-01-29,FPT,12.02,12.05,11.91,12.05,430580,KBS,2026-10-09T07:43:57Z
2019-01-30,FPT,12.05,12.31,12.02,12.25,689260,KBS,2026-10-09T07:43:57Z
2019-01-31,FPT,12.28,12.31,12.17,12.25,517260,KBS,2026-10-09T07:43:57Z
2019-02-01,FPT,12.25,12.25,11.77,12.08,599890,KBS,2026-10-09T07:43:57Z
2019-02-11,FPT,12.19,12.56,12.11,12.52,1000430,KBS,2026-10-09T07:43:57Z
2019-02-12,FPT,12.48,12.65,12.45,12.45,701570,KBS,2026-10-09T07:43:57Z
2019-02-13,FPT,12.48,12.76,12.48,12.63,1125370,KBS,2026-10-09T07:43:57Z
2019-02-14,FPT,12.66,12.73,12.55,12.55,616980,KBS,2026-10-09T07:43:57Z
2019-02-15,FPT,12.55,12.6,12.48,12.53,647230,KBS,2026-10-09T07:43:57Z
2019-02-18,FPT,12.62,12.65,12.51,12.59,306310,KBS,2026-10-09T07:43:57Z
2019-02-19,FPT,12.68,12.8,12.56,12.59,1470880,KBS,2026-10-09T07:43:57Z
2019-02-20,FPT,12.56,12.78,12.56,12.72,499430,KBS,2026-10-09T07:43:57Z
2019-02-21,FPT,12.68,12.73,12.56,12.7,749950,KBS,2026-10-09T07:43:57Z
2019-02-22,FPT,12.7,12.88,12.59,12.82,1243720,KBS,2026-10-09T07:43:57Z
2019-02-25,FPT,12.93,13.1,12.89,12.9,1023660,KBS,2026-10-09T07:43:57Z
2019-02-26,FPT,12.92,12.93,12.76,12.82,663220,KBS,2026-10-09T07:43:57Z
2019-02-27,FPT,12.82,12.89,12.73,12.79,485650,KBS,2026-10-09T07:43:57Z
2019-02-28,FPT,12.79,12.79,12.53,12.53,1372190,KBS,2026-10-09T07:43:57Z
2019-03-01,FPT,12.63,12.65,12.52,12.65,590780,KBS,2026-10-09T07:43:57Z
2019-03-04,FPT,12.65,12.82,12.65,12.76,806770,KBS,2026-10-09T07:43:57Z
2019-03-05,FPT,12.76,12.82,12.7,12.73,824300,KBS,2026-10-09T07:43:57Z
2019-03-06,FPT,12.75,12.79,12.6,12.65,695230,KBS,2026-10-09T07:43:57Z
2019-03-07,FPT,12.65,12.76,12.65,12.69,374340,KBS,2026-10-09T07:43:57Z
2019-03-08,FPT,12.68,12.7,12.6,12.66,693180,KBS,2026-10-09T07:43:57Z
2019-03-11,FPT,12.66,12.72,12.6,12.62,364520,KBS,2026-10-09T07:43:57Z
2019-03-12,FPT,12.69,13.19,12.69,13.19,1930870,KBS,2026-10-09T07:43:57Z
2019-03-13,FPT,13.16,13.24,13.1,13.1,1001890,KBS,2026-10-09T07:43:57Z
2019-03-14,FPT,13.1,13.19,13.04,13.12,533480,KBS,2026-10-09T07:43:57Z
2019-03-15,FPT,13.13,13.13,12.97,13.04,1041840,KBS,2026-10-09T07:43:57Z
2019-03-18,FPT,13.13,13.17,13.03,13.1,994080,KBS,2026-10-09T07:43:57Z
2019-03-19,FPT,13.1,13.13,12.96,12.96,914720,KBS,2026-10-09T07:43:57Z
2019-03-20,FPT,12.93,13.02,12.83,12.89,797270,KBS,2026-10-09T07:43:57Z
2019-03-21,FPT,12.99,12.99,12.79,12.79,825740,KBS,2026-10-09T07:43:57Z
2019-03-22,FPT,12.79,12.88,12.78,12.78,687690,KBS,2026-10-09T07:43:57Z
2019-03-25,FPT,12.53,12.76,12.53,12.59,633520,KBS,2026-10-09T07:43:57Z
2019-03-26,FPT,12.76,12.76,12.62,12.69,386120,KBS,2026-10-09T07:43:57Z
2019-03-27,FPT,12.7,12.79,12.7,12.76,589040,KBS,2026-10-09T07:43:57Z
2019-03-28,FPT,12.69,12.86,12.69,12.8,362360,KBS,2026-10-09T07:43:57Z
2019-03-29,FPT,12.93,12.93,12.85,12.9,446750,KBS,2026-10-09T07:43:57Z
2019-04-01,FPT,13.02,13.02,12.9,12.99,327500,KBS,2026-10-09T07:43:57Z
2019-04-02,FPT,12.99,13.24,12.99,13.04,1354480,KBS,2026-10-09T07:43:57Z
2019-04-03,FPT,13.16,13.38,13.04,13.38,1034100,KBS,2026-10-09T07:43:57Z
2019-04-04,FPT,13.47,13.67,13.4,13.56,1716130,KBS,2026-10-09T07:43:57Z
2019-04-05,FPT,13.56,13.58,13.46,13.56,615200,KBS,2026-10-09T07:43:57Z
2019-04-08,FPT,13.51,13.61,13.46,13.56,452660,KBS,2026-10-09T07:43:57Z
2019-04-09,FPT,13.56,13.75,13.41,13.41,1011680,KBS,2026-10-09T07:43:57Z
2019-04-10,FPT,13.33,13.41,13.26,13.3,731100,KBS,2026-10-09T07:43:57Z
2019-04-11,FPT,13.3,13.47,13.29,13.33,359910,KBS,2026-10-09T07:43:57Z
2019-04-12,FPT,13.29,13.72,13.29,13.67,875090,KBS,2026-10-09T07:43:57Z
2019-04-16,FPT,13.47,13.67,13.47,13.58,907000,KBS,2026-10-09T07:43:57Z
2019-04-17,FPT,13.7,14.04,13.67,13.75,1959530,KBS,2026-10-09T07:43:57Z
2019-04-18,FPT,13.75,13.97,13.63,13.75,975930,KBS,2026-10-09T07:43:57Z
2019-04-19,FPT,13.81,13.87,13.72,13.74,453980,KBS,2026-10-09T07:43:57Z
2019-04-22,FPT,13.75,13.75,13.56,13.58,826090,KBS,2026-10-09T07:43:57Z
2019-04-23,FPT,13.58,13.74,13.47,13.58,549400,KBS,2026-10-09T07:43:57Z
2019-04-24,FPT,13.75,13.8,13.64,13.77,855130,KBS,2026-10-09T07:43:57Z
2019-04-25,FPT,13.75,13.94,13.74,13.84,970660,KBS,2026-10-09T07:43:57Z
2019-04-26,FPT,13.87,14.11,13.84,14.05,864950,KBS,2026-10-09T07:43:57Z
2019-05-02,FPT,14.12,14.24,14.08,14.14,885020,KBS,2026-10-09T07:43:57Z
2019-05-03,FPT,14.15,14.18,14.07,14.18,1059570,KBS,2026-10-09T07:43:57Z
2019-05-06,FPT,13.9,14.01,13.74,13.82,1455140,KBS,2026-10-09T07:43:57Z
2019-05-07,FPT,13.92,14.09,13.91,14.09,1094880,KBS,2026-10-09T07:43:57Z
2019-05-08,FPT,13.98,14.09,13.9,14.08,959020,KBS,2026-10-09T07:43:57Z
2019-05-09,FPT,14.07,14.08,13.78,13.78,860940,KBS,2026-10-09T07:43:57Z
2019-05-10,FPT,13.9,13.97,13.82,13.9,1027830,KBS,2026-10-09T07:43:57Z
2019-05-13,FPT,13.9,14.12,13.9,14.04,850540,KBS,2026-10-09T07:43:57Z
2019-05-14,FPT,14.01,14.41,13.92,14.24,1560830,KBS,2026-10-09T07:43:57Z
2019-05-15,FPT,14.32,14.35,14.21,14.29,1539940,KBS,2026-10-09T07:43:57Z
2019-05-16,FPT,14.29,14.38,14.08,14.08,1891290,KBS,2026-10-09T07:43:57Z
2019-05-17,FPT,14.32,14.32,14.1,14.14,1487590,KBS,2026-10-09T07:43:57Z
2019-05-20,FPT,14.16,14.41,14.16,14.4,1792130,KBS,2026-10-09T07:43:57Z
2019-05-21,FPT,14.48,14.65,14.43,14.6,1016530,KBS,2026-10-09T07:43:57Z
2019-05-22,FPT,14.4,14.68,14.4,14.4,1563650,KBS,2026-10-09T07:43:57Z
2019-05-23,FPT,14.4,14.57,14.38,14.54,1267520,KBS,2026-10-09T07:43:57Z
2019-05-24,FPT,14.48,14.62,14.4,14.51,1014750,KBS,2026-10-09T07:43:57Z
2019-05-27,FPT,14.41,14.46,14.21,14.4,1261950,KBS,2026-10-09T07:43:57Z
2019-05-28,FPT,14.32,14.45,14.24,14.27,518470,KBS,2026-10-09T07:43:57Z
2019-05-29,FPT,14.27,14.27,14.0,14.03,1505300,KBS,2026-10-09T07:43:57Z
2019-05-30,FPT,14.03,14.22,13.97,14.18,986450,KBS,2026-10-09T07:43:57Z
2019-05-31,FPT,14.19,14.26,14.03,14.03,611860,KBS,2026-10-09T07:43:57Z
2019-06-03,FPT,14.0,14.03,13.84,13.84,881810,KBS,2026-10-09T07:43:57Z
2019-06-04,FPT,13.84,13.9,13.76,13.78,537160,KBS,2026-10-09T07:43:57Z
2019-06-05,FPT,13.84,13.97,13.84,13.87,500100,KBS,2026-10-09T07:43:57Z
2019-06-06,FPT,13.94,14.22,13.87,14.16,922740,KBS,2026-10-09T07:43:57Z
2019-06-07,FPT,14.26,14.4,14.22,14.38,1304680,KBS,2026-10-09T07:43:57Z
2019-06-10,FPT,14.48,14.54,14.26,14.35,1227340,KBS,2026-10-09T07:43:57Z
2019-06-11,FPT,14.35,14.51,14.29,14.38,1296500,KBS,2026-10-09T07:43:57Z
2019-06-12,FPT,14.38,14.51,14.32,14.33,1284520,KBS,2026-10-09T07:43:57Z
2019-06-13,FPT,14.33,14.35,14.16,14.18,856270,KBS,2026-10-09T07:43:57Z
2019-06-14,FPT,14.19,14.29,14.13,14.13,559800,KBS,2026-10-09T07:43:57Z
2019-06-17,FPT,14.03,14.16,13.97,14.02,1013550,KBS,2026-10-09T07:43:57Z
2019-06-18,FPT,14.11,14.14,13.92,14.02,763680,KBS,2026-10-09T07:43:57Z
2019-06-19,FPT,14.21,14.22,14.06,14.21,530820,KBS,2026-10-09T07:43:57Z
2019-06-20,FPT,14.27,14.45,14.21,14.45,1356030,KBS,2026-10-09T07:43:57Z
2019-06-21,FPT,14.48,14.51,14.4,14.45,872460,KBS,2026-10-09T07:43:57Z
2019-06-24,FPT,14.45,14.46,14.37,14.37,726160,KBS,2026-10-09T07:43:57Z
2019-06-25,FPT,14.32,14.81,14.26,14.8,3269450,KBS,2026-10-09T07:43:57Z
2019-06-26,FPT,14.8,14.8,14.67,14.68,1014470,KBS,2026-10-09T07:43:57Z
2019-06-27,FPT,14.65,14.67,14.41,14.45,1221860,KBS,2026-10-09T07:43:57Z
2019-06-28,FPT,14.45,14.64,14.29,14.48,2479220,KBS,2026-10-09T07:43:57Z
2019-07-01,FPT,14.64,14.99,14.6,14.99,2551280,KBS,2026-10-09T07:43:57Z
2019-07-02,FPT,14.96,15.11,14.84,14.92,1600280,KBS,2026-10-09T07:43:57Z
2019-07-03,FPT,14.86,14.92,14.81,14.89,1275860,KBS,2026-10-09T07:43:57Z
2019-07-04,FPT,14.96,15.02,14.89,14.94,1275800,KBS,2026-10-09T07:43:57Z
2019-07-05,FPT,14.89,14.96,14.76,14.83,1137770,KBS,2026-10-09T07:43:57Z
2019-07-08,FPT,14.8,14.92,14.65,14.73,1303050,KBS,2026-10-09T07:43:57Z
2019-07-09,FPT,14.73,14.91,14.67,14.88,992570,KBS,2026-10-09T07:43:57Z
2019-07-10,FPT,14.94,15.1,14.89,14.97,1281980,KBS,2026-10-09T07:43:57Z
2019-07-11,FPT,15.0,15.03,14.89,14.96,854140,KBS,2026-10-09T07:43:57Z
2019-07-12,FPT,14.99,15.1,14.89,14.96,1241970,KBS,2026-10-09T07:43:57Z
2019-07-15,FPT,14.99,15.13,14.91,15.05,1176060,KBS,2026-10-09T07:43:57Z
2019-07-16,FPT,15.07,15.21,15.03,15.05,1160000,KBS,2026-10-09T07:43:57Z
2019-07-17,FPT,15.05,15.11,14.96,14.97,1292630,KBS,2026-10-09T07:43:57Z
2019-07-18,FPT,14.96,14.99,14.89,14.89,1035440,KBS,2026-10-09T07:43:57Z
2019-07-19,FPT,14.94,15.37,14.92,15.34,2811560,KBS,2026-10-09T07:43:57Z
2019-07-22,FPT,15.34,15.48,15.26,15.38,1755780,KBS,2026-10-09T07:43:57Z
2019-07-23,FPT,15.43,15.53,15.3,15.53,948550,KBS,2026-10-09T07:43:57Z
2019-07-24,FPT,15.7,15.72,15.46,15.46,1952770,KBS,2026-10-09T07:43:57Z
2019-07-25,FPT,15.46,15.58,15.43,15.48,1157100,KBS,2026-10-09T07:43:57Z
2019-07-26,FPT,15.43,15.53,15.38,15.53,1043020,KBS,2026-10-09T07:43:57Z
2019-07-29,FPT,15.53,15.53,15.34,15.46,1130450,KBS,2026-10-09T07:43:57Z
2019-07-30,FPT,15.46,15.46,15.18,15.21,2092220,KBS,2026-10-09T07:43:57Z
2019-07-31,FPT,15.21,15.4,15.11,15.4,1111880,KBS,2026-10-09T07:43:57Z
2019-08-01,FPT,15.4,15.46,15.34,15.38,965060,KBS,2026-10-09T07:43:57Z
2019-08-02,FPT,15.29,15.59,15.22,15.53,1451900,KBS,2026-10-09T07:43:57Z
2019-08-05,FPT,15.59,15.85,15.53,15.59,2322100,KBS,2026-10-09T07:43:57Z
2019-08-06,FPT,15.34,15.69,15.34,15.58,1304570,KBS,2026-10-09T07:43:57Z
2019-08-08,FPT,15.86,16.1,15.86,16.0,2085510,KBS,2026-10-09T07:43:57Z
2019-08-09,FPT,16.0,16.36,15.91,16.26,1751680,KBS,2026-10-09T07:43:57Z
2019-08-12,FPT,16.26,16.74,16.13,16.64,1817920,KBS,2026-10-09T07:43:57Z
2019-08-13,FPT,16.58,16.93,16.45,16.7,2237980,KBS,2026-10-09T07:43:57Z
2019-08-14,FPT,16.86,17.09,16.8,16.93,2205370,KBS,2026-10-09T07:43:57Z
2019-08-15,FPT,16.83,17.19,16.67,17.19,2223880,KBS,2026-10-09T07:43:57Z
2019-08-16,FPT,17.19,17.87,16.86,16.86,4531020,KBS,2026-10-09T07:43:57Z
2019-08-19,FPT,16.86,17.09,16.6,16.99,2849780,KBS,2026-10-09T07:43:57Z
2019-08-20,FPT,16.99,17.51,16.99,17.51,2277750,KBS,2026-10-09T07:43:57Z
2019-08-21,FPT,17.54,17.67,17.32,17.38,1808020,KBS,2026-10-09T07:43:57Z
2019-08-22,FPT,17.38,17.61,17.16,17.19,1892640,KBS,2026-10-09T07:43:57Z
2019-08-23,FPT,17.22,17.64,17.06,17.64,1868200,KBS,2026-10-09T07:43:57Z
2019-08-26,FPT,17.35,17.58,17.35,17.41,1756160,KBS,2026-10-09T07:43:57Z
2019-08-27,FPT,17.51,17.61,17.12,17.12,1566370,KBS,2026-10-09T07:43:57Z
2019-08-28,FPT,17.19,17.25,16.9,16.9,1537860,KBS,2026-10-09T07:43:57Z
2019-08-29,FPT,16.93,17.12,16.83,17.09,972940,KBS,2026-10-09T07:43:57Z
2019-08-30,FPT,17.19,17.32,17.16,17.22,708360,KBS,2026-10-09T07:43:57Z
2019-09-03,FPT,17.19,17.51,17.19,17.41,1360230,KBS,2026-10-09T07:43:57Z
2019-09-04,FPT,17.19,17.58,17.19,17.25,1655300,KBS,2026-10-09T07:43:57Z
2019-09-05,FPT,17.32,17.35,17.06,17.06,1243680,KBS,2026-10-09T07:43:57Z
2019-09-06,FPT,17.16,17.25,16.96,17.16,1142710,KBS,2026-10-09T07:43:57Z
2019-09-09,FPT,17.19,17.64,17.02,17.45,2507800,KBS,2026-10-09T07:43:57Z
2019-09-10,FPT,17.58,17.64,17.38,17.51,1731610,KBS,2026-10-09T07:43:57Z
2019-09-11,FPT,17.51,17.58,17.32,17.54,1179670,KBS,2026-10-09T07:43:57Z
2019-09-12,FPT,17.64,18.32,17.64,18.32,3799910,KBS,2026-10-09T07:43:57Z
2019-09-13,FPT,18.32,18.61,18.26,18.42,2123900,KBS,2026-10-09T07:43:57Z
2019-09-16,FPT,18.45,18.81,18.39,18.71,1339560,KBS,2026-10-09T07:43:57Z
2019-09-17,FPT,18.58,18.84,18.52,18.68,1194690,KBS,2026-10-09T07:43:57Z
2019-09-18,FPT,18.78,18.78,18.26,18.29,2592910,KBS,2026-10-09T07:43:57Z
2019-09-19,FPT,18.35,18.74,18.23,18.74,1432730,KBS,2026-10-09T07:43:57Z
2019-09-20,FPT,18.71,19.07,18.68,18.87,1396120,KBS,2026-10-09T07:43:57Z
2019-09-23,FPT,18.81,18.91,18.32,18.32,2313090,KBS,2026-10-09T07:43:57Z
2019-09-24,FPT,18.29,18.48,18.1,18.23,2537600,KBS,2026-10-09T07:43:57Z
2019-09-25,FPT,18.26,18.61,18.19,18.61,1442410,KBS,2026-10-09T07:43:57Z
2019-09-26,FPT,18.71,18.81,18.55,18.71,992640,KBS,2026-10-09T07:43:57Z
2019-09-27,FPT,18.68,19.07,18.61,18.97,2510520,KBS,2026-10-09T07:43:57Z
2019-09-30,FPT,19.23,19.3,18.71,18.71,2199170,KBS,2026-10-09T07:43:57Z
2019-10-01,FPT,18.71,18.97,18.68,18.97,1644130,KBS,2026-10-09T07:43:57Z
2019-10-02,FPT,18.97,19.0,18.55,18.55,2439020,KBS,2026-10-09T07:43:57Z
2019-10-03,FPT,18.35,18.61,18.29,18.55,2804850,KBS,2026-10-09T07:43:57Z
2019-10-04,FPT,18.65,18.65,18.39,18.42,1271210,KBS,2026-10-09T07:43:57Z
2019-10-07,FPT,18.42,18.55,18.0,18.0,2371810,KBS,2026-10-09T07:43:57Z
2019-10-08,FPT,18.0,18.23,17.9,18.19,1337220,KBS,2026-10-09T07:43:57Z
2019-10-09,FPT,18.26,18.48,18.1,18.29,937530,KBS,2026-10-09T07:43:57Z
2019-10-10,FPT,18.35,18.48,18.29,18.29,808000,KBS,2026-10-09T07:43:57Z
2019-10-11,FPT,18.39,18.45,18.29,18.32,794420,KBS,2026-10-09T07:43:57Z
2019-10-14,FPT,18.48,18.87,18.42,18.71,2231030,KBS,2026-10-09T07:43:57Z
2019-10-15,FPT,18.74,18.74,18.61,18.61,663910,KBS,2026-10-09T07:43:57Z
2019-10-16,FPT,18.74,18.81,18.61,18.65,829050,KBS,2026-10-09T07:43:57Z
2019-10-17,FPT,18.61,18.65,18.35,18.39,1621590,KBS,2026-10-09T07:43:57Z
2019-10-18,FPT,18.42,18.68,18.35,18.52,1447340,KBS,2026-10-09T07:43:57Z
2019-10-21,FPT,18.61,18.61,18.26,18.32,1260490,KBS,2026-10-09T07:43:57Z
2019-10-22,FPT,18.32,18.35,18.06,18.26,1534380,KBS,2026-10-09T07:43:57Z
2019-10-23,FPT,18.16,18.48,18.16,18.29,747810,KBS,2026-10-09T07:43:57Z
2019-10-24,FPT,18.42,18.87,18.29,18.87,2233890,KBS,2026-10-09T07:43:57Z
2019-10-25,FPT,18.91,18.97,18.71,18.81,1355310,KBS,2026-10-09T07:43:57Z
2019-10-28,FPT,18.81,19.07,18.74,18.84,1494820,KBS,2026-10-09T07:43:57Z
2019-10-29,FPT,18.87,18.91,18.74,18.78,953020,KBS,2026-10-09T07:43:57Z
2019-10-30,FPT,18.78,18.84,18.68,18.74,1102070,KBS,2026-10-09T07:43:57Z
2019-10-31,FPT,18.81,19.04,18.74,18.78,1263390,KBS,2026-10-09T07:43:57Z
2019-11-01,FPT,18.81,19.04,18.68,18.97,1732950,KBS,2026-10-09T07:43:57Z
2019-11-04,FPT,19.04,19.62,19.04,19.42,5811560,KBS,2026-10-09T07:43:57Z
2019-11-05,FPT,19.49,19.49,19.26,19.39,1239520,KBS,2026-10-09T07:43:57Z
2019-11-06,FPT,19.39,19.59,19.3,19.3,1551610,KBS,2026-10-09T07:43:57Z
2019-11-07,FPT,19.3,19.42,19.2,19.3,1438030,KBS,2026-10-09T07:43:57Z
2019-11-08,FPT,19.39,19.39,19.2,19.33,1219540,KBS,2026-10-09T07:43:57Z
2019-11-11,FPT,19.36,19.65,19.3,19.46,2180490,KBS,2026-10-09T07:43:57Z
2019-11-12,FPT,19.46,19.88,19.46,19.78,2842650,KBS,2026-10-09T07:43:57Z
2019-11-13,FPT,19.85,19.88,19.62,19.62,1333940,KBS,2026-10-09T07:43:57Z
2019-11-14,FPT,19.62,19.78,18.65,18.91,4799390,KBS,2026-10-09T07:43:57Z
2019-11-15,FPT,18.91,19.07,18.71,19.0,2568040,KBS,2026-10-09T07:43:57Z
2019-11-18,FPT,18.94,19.07,18.52,18.65,2794920,KBS,2026-10-09T07:43:57Z
2019-11-19,FPT,18.65,18.91,18.65,18.91,1059770,KBS,2026-10-09T07:43:57Z
2019-11-20,FPT,18.87,18.87,18.35,18.42,2291760,KBS,2026-10-09T07:43:57Z
2019-11-21,FPT,18.42,18.52,18.13,18.16,3303950,KBS,2026-10-09T07:43:57Z
2019-11-22,FPT,18.26,18.52,18.0,18.16,1625820,KBS,2026-10-09T07:43:57Z
2019-11-25,FPT,18.19,18.48,18.1,18.35,1087990,KBS,2026-10-09T07:43:57Z
2019-11-26,FPT,18.48,18.55,18.42,18.52,968690,KBS,2026-10-09T07:43:57Z
2019-11-27,FPT,18.55,18.61,18.45,18.48,812280,KBS,2026-10-09T07:43:57Z
2019-11-28,FPT,18.45,18.45,18.1,18.16,1370820,KBS,2026-10-09T07:43:57Z
2019-11-29,FPT,18.16,18.42,18.1,18.29,739370,KBS,2026-10-09T07:43:57Z
2019-12-02,FPT,18.32,18.32,17.71,17.71,1992380,KBS,2026-10-09T07:43:57Z
2019-12-03,FPT,17.58,17.9,17.28,17.67,1619120,KBS,2026-10-09T07:43:57Z
2019-12-04,FPT,17.67,18.0,17.51,17.96,932130,KBS,2026-10-09T07:43:57Z
2019-12-05,FPT,18.0,18.1,17.77,17.8,1144000,KBS,2026-10-09T07:43:57Z
2019-12-06,FPT,17.84,17.96,17.74,17.84,556160,KBS,2026-10-09T07:43:57Z
2019-12-09,FPT,17.9,18.1,17.84,17.93,700960,KBS,2026-10-09T07:43:57Z
2019-12-10,FPT,17.93,18.1,17.77,18.0,797100,KBS,2026-10-09T07:43:57Z
2019-12-11,FPT,18.0,18.35,17.9,18.32,877960,KBS,2026-10-09T07:43:57Z
2019-12-12,FPT,18.42,18.55,18.39,18.48,942410,KBS,2026-10-09T07:43:57Z
2019-12-13,FPT,18.55,18.65,18.45,18.52,1681700,KBS,2026-10-09T07:43:57Z
2019-12-16,FPT,18.52,18.52,18.29,18.32,968130,KBS,2026-10-09T07:43:57Z
2019-12-17,FPT,18.23,18.29,17.87,17.96,2211360,KBS,2026-10-09T07:43:57Z
2019-12-18,FPT,17.96,18.16,17.84,18.0,1022490,KBS,2026-10-09T07:43:57Z
2019-12-19,FPT,18.0,18.23,17.96,18.1,817820,KBS,2026-10-09T07:43:57Z
2019-12-20,FPT,18.16,18.39,18.1,18.32,777100,KBS,2026-10-09T07:43:57Z
2019-12-23,FPT,18.45,18.48,18.16,18.19,766000,KBS,2026-10-09T07:43:57Z
2019-12-24,FPT,18.29,18.32,18.19,18.29,692100,KBS,2026-10-09T07:43:57Z
2019-12-25,FPT,18.29,18.78,18.29,18.65,1604350,KBS,2026-10-09T07:43:57Z
2019-12-26,FPT,18.74,18.84,18.61,18.61,1124500,KBS,2026-10-09T07:43:57Z
2019-12-27,FPT,18.61,18.74,18.42,18.68,1004860,KBS,2026-10-09T07:43:57Z
2019-12-30,FPT,18.74,19.1,18.68,19.0,2881060,KBS,2026-10-09T07:43:57Z
2019-12-31,FPT,19.0,19.04,18.81,18.91,689030,KBS,2026-10-09T07:43:57Z
2020-01-02,FPT,18.91,19.13,18.81,19.0,896720,KBS,2026-10-09T07:43:57Z
2020-01-03,FPT,19.1,19.16,18.61,18.68,2047880,KBS,2026-10-09T07:43:57Z
2020-01-06,FPT,18.52,18.68,18.42,18.48,1091660,KBS,2026-10-09T07:43:57Z
2020-01-07,FPT,18.58,18.84,18.48,18.84,837240,KBS,2026-10-09T07:43:57Z
2020-01-08,FPT,18.65,18.71,18.42,18.42,1814290,KBS,2026-10-09T07:43:57Z
2020-01-09,FPT,18.58,18.71,18.52,18.68,967050,KBS,2026-10-09T07:43:57Z
2020-01-10,FPT,18.65,18.74,18.52,18.65,1018650,KBS,2026-10-09T07:43:57Z
2020-01-13,FPT,18.61,18.68,18.48,18.52,786760,KBS,2026-10-09T07:43:57Z
2020-01-14,FPT,18.52,18.61,18.48,18.48,721680,KBS,2026-10-09T07:43:57Z
2020-01-15,FPT,18.48,18.52,18.42,18.48,940870,KBS,2026-10-09T07:43:57Z
2020-01-16,FPT,18.48,18.87,18.48,18.81,1942970,KBS,2026-10-09T07:43:57Z
2020-01-17,FPT,18.81,18.84,18.48,18.68,1388810,KBS,2026-10-09T07:43:57Z
2020-01-20,FPT,18.65,18.81,18.55,18.61,1227100,KBS,2026-10-09T07:43:57Z
2020-01-21,FPT,18.74,18.81,18.0,18.0,4351820,KBS,2026-10-09T07:43:57Z
2020-01-22,FPT,17.84,18.32,17.74,18.32,3165650,KBS,2026-10-09T07:43:57Z
2020-01-30,FPT,17.93,18.1,17.48,17.74,2638460,KBS,2026-10-09T07:43:57Z
2020-01-31,FPT,17.51,17.8,16.86,16.86,4118150,KBS,2026-10-09T07:43:57Z
2020-02-03,FPT,16.08,17.02,15.89,16.7,3602970,KBS,2026-10-09T07:43:57Z
2020-02-04,FPT,16.99,16.99,16.54,16.8,1651440,KBS,2026-10-09T07:43:57Z
2020-02-05,FPT,16.96,17.12,16.86,16.86,1648620,KBS,2026-10-09T07:43:57Z
2020-02-06,FPT,17.02,17.38,16.8,17.38,1708550,KBS,2026-10-09T07:43:57Z
2020-02-07,FPT,17.19,17.35,17.12,17.28,1218660,KBS,2026-10-09T07:43:57Z
2020-02-10,FPT,16.99,17.19,16.9,17.06,738090,KBS,2026-10-09T07:43:57Z
2020-02-11,FPT,17.16,17.41,17.09,17.38,1085380,KBS,2026-10-09T07:43:57Z
2020-02-12,FPT,17.45,17.74,17.41,17.54,1104870,KBS,2026-10-09T07:43:57Z
2020-02-13,FPT,17.54,17.67,17.41,17.61,1030570,KBS,2026-10-09T07:43:57Z
2020-02-14,FPT,17.54,17.67,17.51,17.67,884240,KBS,2026-10-09T07:43:57Z
2020-02-17,FPT,17.71,17.71,17.51,17.58,726390,KBS,2026-10-09T07:43:57Z
2020-02-18,FPT,17.64,18.16,17.61,18.16,1760940,KBS,2026-10-09T07:43:57Z
2020-02-19,FPT,18.13,18.23,18.0,18.06,681250,KBS,2026-10-09T07:43:57Z
2020-02-20,FPT,18.19,18.29,18.0,18.1,780810,KBS,2026-10-09T07:43:57Z
2020-02-21,FPT,18.13,18.13,17.74,17.74,1458040,KBS,2026-10-09T07:43:57Z
2020-02-24,FPT,17.22,17.48,17.02,17.02,2261990,KBS,2026-10-09T07:43:57Z
2020-02-25,FPT,16.9,17.51,16.86,17.51,1407720,KBS,2026-10-09T07:43:57Z
2020-02-26,FPT,17.32,17.9,17.19,17.84,3221270,KBS,2026-10-09T07:43:57Z
2020-02-27,FPT,17.84,18.32,17.71,18.16,2927040,KBS,2026-10-09T07:43:57Z
2020-02-28,FPT,17.84,18.06,17.71,17.87,2132200,KBS,2026-10-09T07:43:57Z
2020-03-02,FPT,17.87,18.23,17.77,18.06,1787060,KBS,2026-10-09T07:43:57Z
2020-03-03,FPT,18.23,18.48,18.06,18.13,1193800,KBS,2026-10-09T07:43:57Z
2020-03-04,FPT,18.0,18.0,17.8,18.0,1660790,KBS,2026-10-09T07:43:57Z
2020-03-05,FPT,18.0,18.13,17.71,17.71,1296450,KBS,2026-10-09T07:43:57Z
2020-03-06,FPT,17.58,17.61,17.35,17.51,1305030,KBS,2026-10-09T07:43:57Z
2020-03-09,FPT,16.6,16.86,16.31,16.31,4735140,KBS,2026-10-09T07:43:57Z
2020-03-10,FPT,16.54,16.86,16.31,16.76,2030340,KBS,2026-10-09T07:43:57Z
2020-03-11,FPT,16.86,17.02,16.05,16.47,2753310,KBS,2026-10-09T07:43:57Z
2020-03-12,FPT,15.76,15.99,15.34,15.6,3981670,KBS,2026-10-09T07:43:57Z
2020-03-13,FPT,14.69,16.21,14.66,15.61,2919140,KBS,2026-10-09T07:43:57Z
2020-03-16,FPT,15.61,16.12,15.4,15.44,1898960,KBS,2026-10-09T07:43:57Z
2020-03-17,FPT,15.24,15.73,15.08,15.73,2474650,KBS,2026-10-09T07:43:57Z
2020-03-18,FPT,15.89,15.92,15.68,15.7,1642800,KBS,2026-10-09T07:43:57Z
2020-03-19,FPT,15.44,15.6,15.44,15.47,1296590,KBS,2026-10-09T07:43:57Z
2020-03-20,FPT,15.63,15.65,15.36,15.47,1291360,KBS,2026-10-09T07:43:57Z
2020-03-23,FPT,14.95,15.21,14.4,14.4,2826690,KBS,2026-10-09T07:43:57Z
2020-03-24,FPT,14.59,14.59,14.11,14.43,2191500,KBS,2026-10-09T07:43:57Z
2020-03-25,FPT,14.92,15.05,14.64,14.92,2131790,KBS,2026-10-09T07:43:57Z
2020-03-26,FPT,14.76,14.87,14.33,14.33,2358310,KBS,2026-10-09T07:43:57Z
2020-03-27,FPT,14.4,14.4,13.91,13.98,2633750,KBS,2026-10-09T07:43:57Z
2020-03-30,FPT,13.13,13.33,13.0,13.1,2157690,KBS,2026-10-09T07:43:57Z
2020-03-31,FPT,13.46,13.75,13.0,13.33,1663050,KBS,2026-10-09T07:43:57Z
2020-04-01,FPT,13.23,14.01,13.23,13.72,1453030,KBS,2026-10-09T07:43:57Z
2020-04-03,FPT,13.94,14.48,13.85,14.46,2072000,KBS,2026-10-09T07:43:57Z
2020-04-06,FPT,14.92,15.4,14.76,15.4,2718990,KBS,2026-10-09T07:43:57Z
2020-04-07,FPT,15.4,15.47,15.08,15.34,2463810,KBS,2026-10-09T07:43:57Z
2020-04-08,FPT,14.95,15.26,14.84,15.19,1576670,KBS,2026-10-09T07:43:57Z
2020-04-09,FPT,15.24,15.44,15.08,15.19,2142370,KBS,2026-10-09T07:43:57Z
2020-04-10,FPT,15.11,15.24,14.88,15.05,1882020,KBS,2026-10-09T07:43:57Z
2020-04-13,FPT,15.05,15.24,14.95,15.08,1255360,KBS,2026-10-09T07:43:57Z
2020-04-14,FPT,15.44,16.05,15.24,16.05,4072050,KBS,2026-10-09T07:43:57Z
2020-04-15,FPT,16.38,16.47,16.16,16.25,2205200,KBS,2026-10-09T07:43:57Z
2020-04-16,FPT,16.12,16.47,15.99,16.31,1508480,KBS,2026-10-09T07:43:57Z
2020-04-17,FPT,16.6,16.64,16.28,16.6,2631630,KBS,2026-10-09T07:43:57Z
2020-04-20,FPT,16.83,16.86,16.44,16.64,2239780,KBS,2026-10-09T07:43:57Z
2020-04-21,FPT,16.38,16.51,15.86,15.99,3737050,KBS,2026-10-09T07:43:57Z
2020-04-22,FPT,15.82,16.6,15.79,16.57,2445860,KBS,2026-10-09T07:43:57Z
2020-04-23,FPT,16.9,16.93,16.54,16.54,1363410,KBS,2026-10-09T07:43:57Z
2020-04-24,FPT,16.51,16.6,16.25,16.54,1411380,KBS,2026-10-09T07:43:57Z
2020-04-27,FPT,16.7,16.7,16.38,16.44,1419750,KBS,2026-10-09T07:43:57Z
2020-04-28,FPT,16.44,16.47,16.28,16.44,974310,KBS,2026-10-09T07:43:57Z
2020-04-29,FPT,16.47,16.67,16.38,16.47,1349230,KBS,2026-10-09T07:43:57Z
2020-05-04,FPT,16.28,16.51,16.15,16.38,895530,KBS,2026-10-09T07:43:57Z
2020-05-05,FPT,16.47,16.54,16.34,16.51,677990,KBS,2026-10-09T07:43:57Z
2020-05-06,FPT,16.54,17.22,16.54,17.16,3470150,KBS,2026-10-09T07:43:57Z
2020-05-07,FPT,17.19,17.35,16.99,17.35,2030720,KBS,2026-10-09T07:43:57Z
2020-05-08,FPT,17.38,17.87,17.38,17.41,3585320,KBS,2026-10-09T07:43:57Z
2020-05-11,FPT,17.51,17.64,17.28,17.51,2119430,KBS,2026-10-09T07:43:57Z
2020-05-12,FPT,17.51,17.64,17.38,17.64,2828190,KBS,2026-10-09T07:43:57Z
2020-05-13,FPT,18.04,18.82,18.0,18.74,6853810,KBS,2026-10-09T07:43:57Z
2020-05-14,FPT,18.59,18.65,18.42,18.5,2597400,KBS,2026-10-09T07:43:57Z
2020-05-15,FPT,18.34,18.57,18.14,18.23,2430890,KBS,2026-10-09T07:43:57Z
2020-05-18,FPT,18.04,18.36,18.0,18.36,2000950,KBS,2026-10-09T07:43:57Z
2020-05-19,FPT,18.68,18.88,18.46,18.7,2879030,KBS,2026-10-09T07:43:57Z
2020-05-20,FPT,18.61,18.61,18.44,18.57,1245380,KBS,2026-10-09T07:43:57Z
2020-05-21,FPT,18.57,18.72,18.55,18.72,2007060,KBS,2026-10-09T07:43:57Z
2020-05-22,FPT,18.61,18.61,18.4,18.4,1731720,KBS,2026-10-09T07:43:57Z
2020-05-25,FPT,18.42,18.46,18.15,18.4,2033000,KBS,2026-10-09T07:43:57Z
2020-05-26,FPT,18.42,18.53,18.36,18.53,1615680,KBS,2026-10-09T07:43:57Z
2020-05-27,FPT,18.57,18.76,18.23,18.23,2098580,KBS,2026-10-09T07:43:57Z
2020-05-28,FPT,18.31,18.46,18.23,18.23,1194380,KBS,2026-10-09T07:43:57Z
2020-05-29,FPT,18.23,18.27,18.04,18.21,1346170,KBS,2026-10-09T07:43:57Z
2020-06-01,FPT,18.23,18.36,18.23,18.34,1298150,KBS,2026-10-09T07:43:57Z
2020-06-02,FPT,18.34,18.42,18.23,18.23,1456730,KBS,2026-10-09T07:43:57Z
2020-06-03,FPT,18.23,18.59,18.19,18.48,1893060,KBS,2026-10-09T07:43:57Z
2020-06-04,FPT,18.57,18.57,18.38,18.38,1260060,KBS,2026-10-09T07:43:57Z
2020-06-05,FPT,18.38,18.5,18.29,18.5,1236200,KBS,2026-10-09T07:43:57Z
2020-06-08,FPT,18.61,18.99,18.61,18.74,4113250,KBS,2026-10-09T07:43:57Z
2020-06-09,FPT,18.84,18.86,18.57,18.59,1491540,KBS,2026-10-09T07:43:57Z
2020-06-10,FPT,18.61,18.61,18.38,18.53,1307540,KBS,2026-10-09T07:43:57Z
2020-06-11,FPT,18.53,18.53,17.47,17.47,4278060,KBS,2026-10-09T07:43:57Z
2020-06-12,FPT,17.09,17.85,17.09,17.85,3145450,KBS,2026-10-09T07:43:57Z
2020-06-15,FPT,18.23,18.23,17.43,17.47,1207500,KBS,2026-10-09T07:43:57Z
2020-06-16,FPT,17.7,17.77,17.58,17.7,1100730,KBS,2026-10-09T07:43:57Z
2020-06-17,FPT,17.74,17.76,17.57,17.6,788630,KBS,2026-10-09T07:43:57Z
2020-06-18,FPT,17.58,17.74,17.53,17.7,822980,KBS,2026-10-09T07:43:57Z
2020-06-19,FPT,17.7,17.85,17.7,17.85,745470,KBS,2026-10-09T07:43:57Z
2020-06-22,FPT,17.85,17.85,17.79,17.85,787180,KBS,2026-10-09T07:43:57Z
2020-06-23,FPT,17.83,18.38,17.76,18.06,1693730,KBS,2026-10-09T07:43:57Z
2020-06-24,FPT,18.19,18.21,17.87,17.93,607000,KBS,2026-10-09T07:43:57Z
2020-06-25,FPT,17.72,17.89,17.7,17.77,730810,KBS,2026-10-09T07:43:57Z
2020-06-26,FPT,17.77,17.91,17.74,17.79,602880,KBS,2026-10-09T07:43:57Z
2020-06-29,FPT,17.7,17.7,17.41,17.49,1281220,KBS,2026-10-09T07:43:57Z
2020-06-30,FPT,17.53,17.62,17.24,17.34,1594210,KBS,2026-10-09T07:43:57Z
2020-07-01,FPT,17.47,17.58,17.39,17.55,866660,KBS,2026-10-09T07:43:57Z
2020-07-02,FPT,17.58,17.58,17.45,17.53,539160,KBS,2026-10-09T07:43:57Z
2020-07-03,FPT,17.66,17.66,17.51,17.57,529760,KBS,2026-10-09T07:43:57Z
2020-07-06,FPT,17.66,17.83,17.58,17.77,1089910,KBS,2026-10-09T07:43:57Z
2020-07-07,FPT,17.85,18.19,17.85,18.02,2739150,KBS,2026-10-09T07:43:57Z
2020-07-08,FPT,17.96,18.19,17.96,18.12,1472610,KBS,2026-10-09T07:43:57Z
2020-07-09,FPT,18.19,18.38,18.15,18.36,2298900,KBS,2026-10-09T07:43:57Z
2020-07-10,FPT,18.27,18.32,18.04,18.15,1164310,KBS,2026-10-09T07:43:57Z
2020-07-13,FPT,18.23,18.59,18.14,18.48,2662490,KBS,2026-10-09T07:43:57Z
2020-07-14,FPT,18.34,18.55,18.34,18.44,1549540,KBS,2026-10-09T07:43:57Z
2020-07-15,FPT,18.5,18.59,18.38,18.46,1516540,KBS,2026-10-09T07:43:57Z
2020-07-16,FPT,18.44,18.51,18.38,18.46,1060530,KBS,2026-10-09T07:43:57Z
2020-07-17,FPT,18.42,18.42,18.27,18.27,1313100,KBS,2026-10-09T07:43:57Z
2020-07-20,FPT,18.27,18.31,17.98,18.0,2049680,KBS,2026-10-09T07:43:57Z
2020-07-21,FPT,18.04,18.21,17.94,18.15,940230,KBS,2026-10-09T07:43:57Z
2020-07-22,FPT,18.23,18.23,17.96,18.0,817890,KBS,2026-10-09T07:43:57Z
2020-07-23,FPT,18.0,18.14,17.89,18.14,918630,KBS,2026-10-09T07:43:57Z
2020-07-24,FPT,18.0,18.06,17.24,17.43,3170540,KBS,2026-10-09T07:43:57Z
2020-07-27,FPT,17.09,17.43,16.56,16.6,3274350,KBS,2026-10-09T07:43:57Z
2020-07-28,FPT,16.86,17.39,16.77,17.36,1953510,KBS,2026-10-09T07:43:57Z
2020-07-29,FPT,16.86,17.05,16.64,16.92,1554200,KBS,2026-10-09T07:43:57Z
2020-07-30,FPT,16.94,17.15,16.94,17.15,612240,KBS,2026-10-09T07:43:57Z
2020-07-31,FPT,16.71,17.17,16.71,16.9,1106250,KBS,2026-10-09T07:43:57Z
2020-08-03,FPT,16.9,17.43,16.9,17.43,1392200,KBS,2026-10-09T07:43:57Z
2020-08-04,FPT,17.66,17.77,17.55,17.68,1051310,KBS,2026-10-09T07:43:57Z
2020-08-05,FPT,17.66,17.91,17.57,17.85,1328520,KBS,2026-10-09T07:43:57Z
2020-08-06,FPT,17.85,17.94,17.74,17.77,1153660,KBS,2026-10-09T07:43:57Z
2020-08-07,FPT,17.77,18.15,17.77,17.89,1283690,KBS,2026-10-09T07:43:57Z
2020-08-10,FPT,17.98,18.15,17.89,17.93,1160370,KBS,2026-10-09T07:43:57Z
2020-08-11,FPT,18.02,18.02,17.85,17.85,1209690,KBS,2026-10-09T07:43:57Z
2020-08-12,FPT,17.89,18.04,17.81,18.04,1233230,KBS,2026-10-09T07:43:57Z
2020-08-13,FPT,18.12,18.21,18.04,18.21,1709100,KBS,2026-10-09T07:43:57Z
2020-08-14,FPT,18.27,18.31,18.02,18.15,1633770,KBS,2026-10-09T07:43:57Z
2020-08-17,FPT,18.19,18.23,18.04,18.23,1048820,KBS,2026-10-09T07:43:57Z
2020-08-18,FPT,18.23,18.29,18.15,18.17,625200,KBS,2026-10-09T07:43:57Z
2020-08-19,FPT,18.19,18.25,18.1,18.17,877190,KBS,2026-10-09T07:43:57Z
2020-08-20,FPT,18.19,18.41,18.17,18.25,1824430,KBS,2026-10-09T07:43:57Z
2020-08-21,FPT,18.33,18.42,18.31,18.39,1260210,KBS,2026-10-09T07:43:57Z
2020-08-24,FPT,18.6,18.85,18.56,18.79,3540210,KBS,2026-10-09T07:43:57Z
2020-08-25,FPT,18.85,18.99,18.83,18.95,3304670,KBS,2026-10-09T07:43:57Z
2020-08-26,FPT,18.93,18.95,18.7,18.77,1328990,KBS,2026-10-09T07:43:57Z
2020-08-27,FPT,18.72,19.43,18.72,19.34,3724990,KBS,2026-10-09T07:43:57Z
2020-08-28,FPT,19.47,19.82,19.36,19.36,4009380,KBS,2026-10-09T07:43:57Z
2020-08-31,FPT,19.36,19.51,19.14,19.2,1940640,KBS,2026-10-09T07:43:57Z
2020-09-01,FPT,19.2,19.59,19.14,19.36,1757410,KBS,2026-10-09T07:43:57Z
2020-09-03,FPT,19.55,19.59,19.36,19.55,2281510,KBS,2026-10-09T07:43:57Z
2020-09-04,FPT,19.2,19.4,19.2,19.4,1538510,KBS,2026-10-09T07:43:57Z
2020-09-07,FPT,19.38,19.4,18.81,18.81,2270970,KBS,2026-10-09T07:43:57Z
2020-09-08,FPT,18.91,19.2,18.81,19.2,1628870,KBS,2026-10-09T07:43:57Z
2020-09-09,FPT,18.87,19.2,18.85,19.08,1490820,KBS,2026-10-09T07:43:57Z
2020-09-10,FPT,19.2,19.32,19.05,19.08,1005950,KBS,2026-10-09T07:43:57Z
2020-09-11,FPT,19.01,19.08,18.95,19.07,872160,KBS,2026-10-09T07:43:57Z
2020-09-14,FPT,19.1,19.2,19.05,19.12,1127400,KBS,2026-10-09T07:43:57Z
2020-09-15,FPT,19.2,19.4,19.12,19.4,1906730,KBS,2026-10-09T07:43:57Z
2020-09-16,FPT,19.4,19.7,19.4,19.59,1918130,KBS,2026-10-09T07:43:57Z
2020-09-17,FPT,19.51,19.59,19.36,19.4,1563010,KBS,2026-10-09T07:43:57Z
2020-09-18,FPT,19.43,19.94,19.4,19.86,3306720,KBS,2026-10-09T07:43:57Z
2020-09-21,FPT,19.9,20.05,19.86,19.86,1530250,KBS,2026-10-09T07:43:57Z
2020-09-22,FPT,19.7,19.9,19.63,19.9,1630570,KBS,2026-10-09T07:43:57Z
2020-09-23,FPT,19.9,19.98,19.7,19.82,1797680,KBS,2026-10-09T07:43:57Z
2020-09-24,FPT,19.67,19.78,19.47,19.59,1728380,KBS,2026-10-09T07:43:57Z
2020-09-25,FPT,19.67,19.7,19.4,19.7,1205550,KBS,2026-10-09T07:43:57Z
2020-09-28,FPT,19.74,19.9,19.63,19.82,1312300,KBS,2026-10-09T07:43:57Z
2020-09-29,FPT,19.94,19.94,19.47,19.47,1900490,KBS,2026-10-09T07:43:57Z
2020-09-30,FPT,19.47,19.55,19.3,19.4,2500310,KBS,2026-10-09T07:43:57Z
2020-10-01,FPT,19.47,19.7,19.47,19.7,905510,KBS,2026-10-09T07:43:57Z
2020-10-02,FPT,19.7,19.82,19.01,19.51,1947940,KBS,2026-10-09T07:43:57Z
2020-10-05,FPT,19.55,19.7,19.36,19.59,1498360,KBS,2026-10-09T07:43:57Z
2020-10-06,FPT,19.7,19.74,19.51,19.59,1520290,KBS,2026-10-09T07:43:57Z
2020-10-07,FPT,19.47,19.67,19.47,19.55,1493710,KBS,2026-10-09T07:43:57Z
2020-10-08,FPT,19.59,19.98,19.51,19.82,3062690,KBS,2026-10-09T07:43:57Z
2020-10-09,FPT,19.78,19.86,19.7,19.7,1173500,KBS,2026-10-09T07:43:57Z
2020-10-12,FPT,19.74,19.94,19.63,19.74,1550680,KBS,2026-10-09T07:43:57Z
2020-10-13,FPT,19.74,19.78,19.59,19.67,1222200,KBS,2026-10-09T07:43:57Z
2020-10-14,FPT,19.7,19.94,19.55,19.78,2409760,KBS,2026-10-09T07:43:57Z
2020-10-15,FPT,19.86,19.94,19.67,19.86,1925370,KBS,2026-10-09T07:43:57Z
2020-10-16,FPT,19.86,20.91,19.74,20.64,5769540,KBS,2026-10-09T07:43:57Z
2020-10-19,FPT,20.79,20.87,20.56,20.68,2333670,KBS,2026-10-09T07:43:57Z
2020-10-20,FPT,20.6,20.68,20.36,20.64,1886160,KBS,2026-10-09T07:43:57Z
2020-10-21,FPT,20.64,21.14,20.48,20.48,3305010,KBS,2026-10-09T07:43:57Z
2020-10-22,FPT,20.48,20.95,20.4,20.95,2346540,KBS,2026-10-09T07:43:57Z
2020-10-23,FPT,21.02,21.14,20.75,20.91,2646310,KBS,2026-10-09T07:43:57Z
2020-10-26,FPT,20.91,21.14,20.48,20.48,3852510,KBS,2026-10-09T07:43:57Z
2020-10-27,FPT,20.52,20.64,20.21,20.21,3188810,KBS,2026-10-09T07:43:57Z
2020-10-28,FPT,20.17,20.33,19.67,19.67,3596230,KBS,2026-10-09T07:43:57Z
2020-10-29,FPT,19.55,19.9,19.47,19.74,2719690,KBS,2026-10-09T07:43:57Z
2020-10-30,FPT,19.94,19.98,19.59,19.98,1469970,KBS,2026-10-09T07:43:57Z
2020-11-02,FPT,19.98,20.05,19.86,20.05,866110,KBS,2026-10-09T07:43:57Z
2020-11-03,FPT,20.13,20.52,20.05,20.48,2562890,KBS,2026-10-09T07:43:57Z
2020-11-04,FPT,20.56,20.68,20.36,20.56,1369690,KBS,2026-10-09T07:43:57Z
2020-11-05,FPT,20.44,20.71,20.17,20.17,1305860,KBS,2026-10-09T07:43:57Z
2020-11-06,FPT,20.33,20.48,20.21,20.33,987260,KBS,2026-10-09T07:43:57Z
2020-11-09,FPT,20.48,20.71,20.44,20.71,2011650,KBS,2026-10-09T07:43:57Z
2020-11-10,FPT,20.95,20.95,20.56,20.56,1739340,KBS,2026-10-09T07:43:57Z
2020-11-11,FPT,20.71,20.71,20.44,20.56,1668230,KBS,2026-10-09T07:43:57Z
2020-11-12,FPT,20.56,20.75,20.52,20.75,1234540,KBS,2026-10-09T07:43:57Z
2020-11-13,FPT,20.87,20.87,20.75,20.87,1318170,KBS,2026-10-09T07:43:57Z
2020-11-16,FPT,20.95,21.1,20.56,20.68,3713690,KBS,2026-10-09T07:43:57Z
2020-11-17,FPT,20.79,20.98,20.56,20.95,2515530,KBS,2026-10-09T07:43:57Z
2020-11-18,FPT,21.06,21.06,20.83,20.95,1757160,KBS,2026-10-09T07:43:57Z
2020-11-19,FPT,21.06,21.72,20.95,21.37,4980430,KBS,2026-10-09T07:43:57Z
2020-11-20,FPT,21.37,21.68,21.33,21.41,1837360,KBS,2026-10-09T07:43:57Z
2020-11-23,FPT,21.41,21.8,21.18,21.68,2824640,KBS,2026-10-09T07:43:57Z
2020-11-24,FPT,21.68,21.92,21.33,21.57,3003940,KBS,2026-10-09T07:43:57Z
2020-11-25,FPT,21.84,21.84,21.41,21.41,1835630,KBS,2026-10-09T07:43:57Z
2020-11-26,FPT,21.53,21.72,21.26,21.61,1635130,KBS,2026-10-09T07:43:57Z
2020-11-27,FPT,21.68,21.8,21.57,21.8,1986420,KBS,2026-10-09T07:43:57Z
2020-11-30,FPT,21.99,21.99,21.49,21.49,2761700,KBS,2026-10-09T07:43:57Z
2020-12-01,FPT,21.33,21.49,21.26,21.41,3427370,KBS,2026-10-09T07:43:57Z
2020-12-02,FPT,21.33,21.61,21.33,21.57,2108200,KBS,2026-10-09T07:43:57Z
2020-12-03,FPT,21.53,21.61,21.37,21.57,1627980,KBS,2026-10-09T07:43:57Z
2020-12-04,FPT,21.49,21.68,21.49,21.61,1380920,KBS,2026-10-09T07:43:57Z
2020-12-07,FPT,21.68,21.72,21.53,21.61,1455180,KBS,2026-10-09T07:43:57Z
2020-12-08,FPT,21.61,21.96,21.53,21.8,2297110,KBS,2026-10-09T07:43:57Z
2020-12-09,FPT,21.84,22.42,21.8,22.3,3001820,KBS,2026-10-09T07:43:57Z
2020-12-10,FPT,22.11,22.38,21.92,21.92,2112490,KBS,2026-10-09T07:43:57Z
2020-12-11,FPT,21.96,22.11,21.84,22.11,1750270,KBS,2026-10-09T07:43:57Z
2020-12-14,FPT,22.11,22.5,22.07,22.19,1443760,KBS,2026-10-09T07:43:57Z
2020-12-15,FPT,22.3,22.34,21.96,21.99,2666900,KBS,2026-10-09T07:43:57Z
2020-12-16,FPT,22.19,22.3,22.11,22.15,1995530,KBS,2026-10-09T07:43:57Z
2020-12-17,FPT,22.07,22.15,21.72,21.92,3594500,KBS,2026-10-09T07:43:57Z
2020-12-18,FPT,21.92,22.15,21.92,22.07,1532820,KBS,2026-10-09T07:43:57Z
2020-12-21,FPT,22.23,22.42,22.15,22.3,2307390,KBS,2026-10-09T07:43:57Z
2020-12-22,FPT,22.26,22.69,22.15,22.54,2576390,KBS,2026-10-09T07:43:57Z
2020-12-23,FPT,22.62,22.73,22.19,22.3,1391420,KBS,2026-10-09T07:43:57Z
2020-12-24,FPT,22.3,22.42,21.88,22.11,2386210,KBS,2026-10-09T07:43:57Z
2020-12-25,FPT,22.11,22.34,21.96,22.34,1625110,KBS,2026-10-09T07:43:57Z
2020-12-28,FPT,22.46,22.73,22.3,22.46,2197090,KBS,2026-10-09T07:43:57Z
2020-12-29,FPT,22.46,22.81,22.34,22.73,2172950,KBS,2026-10-09T07:43:57Z
2020-12-30,FPT,22.85,22.85,22.54,22.54,1204180,KBS,2026-10-09T07:43:57Z
2020-12-31,FPT,22.54,22.96,22.5,22.92,2036370,KBS,2026-10-09T07:43:57Z
2021-01-04,FPT,23.12,23.35,23.0,23.35,2151300,KBS,2026-10-09T07:43:57Z
2021-01-05,FPT,23.27,24.63,23.2,24.32,2332200,KBS,2026-10-09T07:43:57Z
2021-01-06,FPT,24.48,24.67,24.17,24.2,1796000,KBS,2026-10-09T07:43:57Z
2021-01-07,FPT,24.28,24.4,24.01,24.24,2150200,KBS,2026-10-09T07:43:57Z
2021-01-08,FPT,24.44,24.71,24.28,24.55,2720400,KBS,2026-10-09T07:43:57Z
2021-01-11,FPT,24.79,25.1,24.55,25.1,1972800,KBS,2026-10-09T07:43:57Z
2021-01-12,FPT,25.21,25.6,24.83,25.52,2435200,KBS,2026-10-09T07:43:57Z
2021-01-13,FPT,25.56,26.14,25.56,25.8,2612000,KBS,2026-10-09T07:43:57Z
2021-01-14,FPT,25.8,25.99,25.48,25.76,1777500,KBS,2026-10-09T07:43:57Z
2021-01-15,FPT,25.99,25.99,25.76,25.83,1540400,KBS,2026-10-09T07:43:57Z
2021-01-18,FPT,25.99,25.99,25.68,25.72,1209000,KBS,2026-10-09T07:43:57Z
2021-01-19,FPT,25.6,25.64,23.93,24.05,3505600,KBS,2026-10-09T07:43:57Z
2021-01-20,FPT,24.32,24.71,23.35,24.55,3663800,KBS,2026-10-09T07:43:57Z
2021-01-21,FPT,25.02,25.52,24.55,25.45,2313100,KBS,2026-10-09T07:43:57Z
2021-01-22,FPT,25.48,26.18,25.37,25.95,2090300,KBS,2026-10-09T07:43:57Z
2021-01-25,FPT,25.91,26.46,25.68,25.99,3111900,KBS,2026-10-09T07:43:57Z
2021-01-26,FPT,26.18,26.18,25.41,25.6,2597500,KBS,2026-10-09T07:43:57Z
2021-01-27,FPT,25.48,25.64,24.4,24.44,2226800,KBS,2026-10-09T07:43:57Z
2021-01-28,FPT,23.27,24.17,22.73,22.73,5092400,KBS,2026-10-09T07:43:57Z
2021-01-29,FPT,22.89,24.32,22.89,24.32,3211900,KBS,2026-10-09T07:43:57Z
2021-02-01,FPT,24.98,25.37,24.17,24.63,2017400,KBS,2026-10-09T07:43:57Z
2021-02-02,FPT,24.48,25.6,24.44,25.6,3264600,KBS,2026-10-09T07:43:57Z
2021-02-03,FPT,26.18,27.39,25.64,27.15,4173500,KBS,2026-10-09T07:43:57Z
2021-02-04,FPT,27.23,28.39,27.23,28.12,4398700,KBS,2026-10-09T07:43:57Z
2021-02-05,FPT,28.32,28.47,27.85,28.28,2084900,KBS,2026-10-09T07:43:57Z
2021-02-08,FPT,28.28,28.28,27.0,27.66,4035600,KBS,2026-10-09T07:43:57Z
2021-02-09,FPT,27.7,28.94,27.15,28.94,4224300,KBS,2026-10-09T07:43:57Z
2021-02-17,FPT,29.6,30.64,29.44,30.22,3139100,KBS,2026-10-09T07:43:57Z
2021-02-18,FPT,30.26,30.37,29.71,30.33,2243100,KBS,2026-10-09T07:43:57Z
2021-02-19,FPT,29.98,30.26,29.48,29.71,3722700,KBS,2026-10-09T07:43:57Z
2021-02-22,FPT,29.71,30.06,29.52,29.79,2319300,KBS,2026-10-09T07:43:57Z
2021-02-23,FPT,29.6,29.87,28.94,29.29,3369500,KBS,2026-10-09T07:43:57Z
2021-02-24,FPT,29.48,29.67,29.05,29.25,2225200,KBS,2026-10-09T07:43:57Z
2021-02-25,FPT,29.52,29.6,28.9,29.56,1927500,KBS,2026-10-09T07:43:57Z
2021-02-26,FPT,29.09,29.64,29.05,29.56,1936000,KBS,2026-10-09T07:43:57Z
2021-03-01,FPT,29.79,30.26,29.79,30.22,2078100,KBS,2026-10-09T07:43:57Z
2021-03-02,FPT,30.6,30.6,29.83,30.22,1821700,KBS,2026-10-09T07:43:57Z
2021-03-03,FPT,30.26,30.3,30.02,30.14,1599400,KBS,2026-10-09T07:43:57Z
2021-03-04,FPT,30.14,30.18,29.13,29.44,2901500,KBS,2026-10-09T07:43:57Z
2021-03-05,FPT,29.29,29.48,28.9,29.44,2507500,KBS,2026-10-09T07:43:57Z
2021-03-08,FPT,29.48,29.67,29.25,29.4,1656600,KBS,2026-10-09T07:43:57Z
2021-03-09,FPT,29.09,29.36,28.9,29.09,2182400,KBS,2026-10-09T07:43:57Z
2021-03-10,FPT,29.44,30.06,29.09,29.6,2602400,KBS,2026-10-09T07:43:57Z
2021-03-11,FPT,29.67,29.91,29.52,29.75,1477800,KBS,2026-10-09T07:43:57Z
2021-03-12,FPT,29.87,29.91,29.6,29.67,2062800,KBS,2026-10-09T07:43:57Z
2021-03-15,FPT,29.71,30.06,29.52,29.67,1760900,KBS,2026-10-09T07:43:57Z
2021-03-16,FPT,29.87,31.61,29.71,31.42,5111000,KBS,2026-10-09T07:43:57Z
2021-03-17,FPT,31.61,31.61,31.03,31.34,1603200,KBS,2026-10-09T07:43:57Z
2021-03-18,FPT,31.42,31.42,31.03,31.42,1807500,KBS,2026-10-09T07:43:57Z
2021-03-19,FPT,31.03,31.23,30.8,30.95,2247800,KBS,2026-10-09T07:43:57Z
2021-03-22,FPT,30.84,30.88,30.37,30.53,2084800,KBS,2026-10-09T07:43:57Z
2021-03-23,FPT,30.45,31.03,30.37,30.57,2201700,KBS,2026-10-09T07:43:57Z
2021-03-24,FPT,30.22,30.6,29.67,29.87,2480100,KBS,2026-10-09T07:43:57Z
2021-03-25,FPT,30.06,30.06,29.67,29.71,2305400,KBS,2026-10-09T07:43:57Z
2021-03-26,FPT,29.56,29.79,28.9,29.52,2672600,KBS,2026-10-09T07:43:57Z
2021-03-29,FPT,29.67,30.3,29.52,30.1,1997700,KBS,2026-10-09T07:43:57Z
2021-03-30,FPT,30.22,30.26,29.87,29.91,1512500,KBS,2026-10-09T07:43:57Z
2021-03-31,FPT,29.91,30.3,29.71,30.14,1373400,KBS,2026-10-09T07:43:57Z
2021-04-01,FPT,30.22,30.92,30.22,30.92,2500900,KBS,2026-10-09T07:43:57Z
2021-04-02,FPT,31.19,31.23,30.95,30.95,1950200,KBS,2026-10-09T07:43:57Z
2021-04-05,FPT,31.19,31.23,30.6,30.88,1487000,KBS,2026-10-09T07:43:57Z
2021-04-06,FPT,30.68,31.03,30.68,30.8,1505800,KBS,2026-10-09T07:43:57Z
2021-04-07,FPT,30.72,30.92,30.68,30.88,1503800,KBS,2026-10-09T07:43:57Z
2021-04-08,FPT,31.11,31.26,30.84,30.88,1609800,KBS,2026-10-09T07:43:57Z
2021-04-09,FPT,30.99,32.2,30.99,31.85,3970400,KBS,2026-10-09T07:43:57Z
2021-04-12,FPT,31.96,31.96,31.61,31.85,2022500,KBS,2026-10-09T07:43:57Z
2021-04-13,FPT,31.81,31.88,31.23,31.3,2038100,KBS,2026-10-09T07:43:57Z
2021-04-14,FPT,31.03,31.42,30.84,31.42,2530600,KBS,2026-10-09T07:43:57Z
2021-04-15,FPT,31.42,31.58,30.95,31.03,2096200,KBS,2026-10-09T07:43:57Z
2021-04-16,FPT,30.95,31.5,30.57,30.92,2194600,KBS,2026-10-09T07:43:57Z
2021-04-19,FPT,31.03,31.61,30.84,31.61,2380800,KBS,2026-10-09T07:43:57Z
2021-04-20,FPT,31.73,32.93,31.65,32.16,4742800,KBS,2026-10-09T07:43:57Z
2021-04-22,FPT,31.81,32.54,31.03,31.03,2271200,KBS,2026-10-09T07:43:57Z
2021-04-23,FPT,31.03,32.2,30.92,32.2,3166400,KBS,2026-10-09T07:43:57Z
2021-04-26,FPT,32.0,32.12,31.23,31.42,2551300,KBS,2026-10-09T07:43:57Z
2021-04-27,FPT,31.19,31.58,31.07,31.3,1287100,KBS,2026-10-09T07:43:57Z
2021-04-28,FPT,31.07,31.54,31.07,31.34,1366700,KBS,2026-10-09T07:43:57Z
2021-04-29,FPT,31.34,31.73,31.34,31.38,2095500,KBS,2026-10-09T07:43:57Z
2021-05-04,FPT,31.03,32.39,31.03,32.16,2362100,KBS,2026-10-09T07:43:57Z
2021-05-05,FPT,32.78,32.78,32.08,32.16,2321300,KBS,2026-10-09T07:43:57Z
2021-05-06,FPT,32.2,32.39,31.88,32.08,1969000,KBS,2026-10-09T07:43:57Z
2021-05-07,FPT,32.08,32.58,31.92,32.2,2705900,KBS,2026-10-09T07:43:57Z
2021-05-10,FPT,32.23,33.36,32.2,33.28,4504300,KBS,2026-10-09T07:43:57Z
2021-05-11,FPT,33.36,33.59,33.05,33.05,2078700,KBS,2026-10-09T07:43:57Z
2021-05-12,FPT,32.97,33.13,32.7,33.13,1844500,KBS,2026-10-09T07:43:57Z
2021-05-13,FPT,32.97,33.13,32.58,32.58,2558300,KBS,2026-10-09T07:43:57Z
2021-05-14,FPT,32.7,33.44,32.62,32.89,1858700,KBS,2026-10-09T07:43:57Z
2021-05-17,FPT,33.28,33.59,33.05,33.24,1744500,KBS,2026-10-09T07:43:57Z
2021-05-18,FPT,33.51,33.9,33.44,33.75,2133500,KBS,2026-10-09T07:43:57Z
2021-05-19,FPT,33.94,35.34,33.67,35.22,2876300,KBS,2026-10-09T07:43:57Z
2021-05-20,FPT,35.22,37.04,35.07,37.04,3523900,KBS,2026-10-09T07:43:57Z
2021-05-21,FPT,36.58,37.47,36.08,36.38,3222700,KBS,2026-10-09T07:43:57Z
2021-05-24,FPT,36.38,36.42,35.72,36.27,2669500,KBS,2026-10-09T07:43:57Z
2021-05-25,FPT,36.27,36.93,36.0,36.38,2156300,KBS,2026-10-09T07:43:57Z
2021-05-26,FPT,36.54,37.04,36.35,36.97,1992800,KBS,2026-10-09T07:43:57Z
2021-05-27,FPT,36.97,37.01,36.27,36.38,1745800,KBS,2026-10-09T07:43:57Z
2021-05-28,FPT,36.46,36.85,36.35,36.77,1874300,KBS,2026-10-09T07:43:57Z
2021-05-31,FPT,37.04,38.01,36.73,37.98,3237700,KBS,2026-10-09T07:43:57Z
2021-06-01,FPT,39.6,39.87,39.19,39.24,3495000,KBS,2026-10-09T07:43:57Z
2021-06-02,FPT,39.24,39.42,38.29,38.52,3053900,KBS,2026-10-09T07:43:57Z
2021-06-03,FPT,38.29,38.47,37.98,38.38,3190800,KBS,2026-10-09T07:43:57Z
2021-06-04,FPT,38.29,38.34,37.75,38.16,3820600,KBS,2026-10-09T07:43:57Z
2021-06-07,FPT,38.11,38.16,36.49,37.26,3711200,KBS,2026-10-09T07:43:57Z
2021-06-08,FPT,36.94,37.39,36.31,36.4,3486000,KBS,2026-10-09T07:43:57Z
2021-06-09,FPT,36.31,36.98,35.59,36.8,3576100,KBS,2026-10-09T07:43:57Z
2021-06-10,FPT,36.8,37.16,36.49,36.89,2214900,KBS,2026-10-09T07:43:57Z
2021-06-11,FPT,36.71,37.8,36.62,37.62,2359600,KBS,2026-10-09T07:43:57Z
2021-06-14,FPT,37.62,38.11,37.39,37.75,2547600,KBS,2026-10-09T07:43:57Z
2021-06-15,FPT,37.75,38.06,37.48,37.48,1778700,KBS,2026-10-09T07:43:57Z
2021-06-16,FPT,37.48,38.11,37.26,37.44,2462000,KBS,2026-10-09T07:43:57Z
2021-06-17,FPT,36.98,37.44,36.98,37.21,2236400,KBS,2026-10-09T07:43:57Z
2021-06-18,FPT,37.44,37.93,37.26,37.75,1681700,KBS,2026-10-09T07:43:57Z
2021-06-21,FPT,37.66,38.88,37.48,38.56,3878300,KBS,2026-10-09T07:43:57Z
2021-06-22,FPT,38.79,39.01,38.47,38.47,1760300,KBS,2026-10-09T07:43:57Z
2021-06-23,FPT,38.43,38.56,37.88,38.25,1599900,KBS,2026-10-09T07:43:57Z
2021-06-24,FPT,37.98,38.25,37.8,38.16,1657800,KBS,2026-10-09T07:43:57Z
2021-06-25,FPT,38.16,38.47,37.93,38.38,1503400,KBS,2026-10-09T07:43:57Z
2021-06-28,FPT,38.79,38.79,38.47,38.61,1858800,KBS,2026-10-09T07:43:57Z
2021-06-29,FPT,39.01,40.09,38.88,39.91,4897800,KBS,2026-10-09T07:43:57Z
2021-06-30,FPT,40.09,40.14,39.64,39.64,1651100,KBS,2026-10-09T07:43:57Z
2021-07-01,FPT,39.69,40.05,39.64,40.05,1700100,KBS,2026-10-09T07:43:57Z
2021-07-02,FPT,40.23,41.67,40.05,41.4,3873500,KBS,2026-10-09T07:43:57Z
2021-07-05,FPT,42.8,42.8,40.99,41.76,2934200,KBS,2026-10-09T07:43:57Z
2021-07-06,FPT,41.67,41.89,39.19,39.19,1967400,KBS,2026-10-09T07:43:57Z
2021-07-07,FPT,39.19,40.99,38.29,40.77,4910200,KBS,2026-10-09T07:43:57Z
2021-07-08,FPT,40.72,40.77,40.09,40.45,2375400,KBS,2026-10-09T07:43:57Z
2021-07-09,FPT,40.36,41.44,40.0,40.41,2947000,KBS,2026-10-09T07:43:57Z
2021-07-12,FPT,40.0,40.41,37.66,38.79,6764400,KBS,2026-10-09T07:43:57Z
2021-07-13,FPT,39.15,39.33,38.29,39.19,2207400,KBS,2026-10-09T07:43:57Z
2021-07-14,FPT,39.46,39.46,38.16,38.38,2433500,KBS,2026-10-09T07:43:57Z
2021-07-15,FPT,38.16,39.01,38.16,38.47,2714600,KBS,2026-10-09T07:43:57Z
2021-07-16,FPT,38.7,39.64,38.52,39.1,2285700,KBS,2026-10-09T07:43:57Z
2021-07-19,FPT,38.38,38.92,38.06,38.16,3288800,KBS,2026-10-09T07:43:57Z
2021-07-20,FPT,38.2,39.1,37.8,39.1,2553700,KBS,2026-10-09T07:43:57Z
2021-07-21,FPT,39.1,39.6,38.79,39.01,3369200,KBS,2026-10-09T07:43:57Z
2021-07-22,FPT,38.83,40.36,38.83,40.27,4445600,KBS,2026-10-09T07:43:57Z
2021-07-23,FPT,40.27,41.85,39.96,40.77,6755700,KBS,2026-10-09T07:43:57Z
2021-07-26,FPT,40.68,42.3,40.63,42.21,5773100,KBS,2026-10-09T07:43:57Z
2021-07-27,FPT,42.52,42.75,41.67,41.98,5007000,KBS,2026-10-09T07:43:57Z
2021-07-28,FPT,41.8,42.21,41.31,41.44,3346700,KBS,2026-10-09T07:43:57Z
2021-07-29,FPT,41.44,42.3,41.31,42.08,3712900,KBS,2026-10-09T07:43:57Z
2021-07-30,FPT,42.12,42.7,41.8,42.34,4525900,KBS,2026-10-09T07:43:57Z
2021-08-02,FPT,42.34,43.52,42.34,43.07,4275900,KBS,2026-10-09T07:43:57Z
2021-08-03,FPT,43.16,43.25,42.66,43.16,3607200,KBS,2026-10-09T07:43:57Z
2021-08-04,FPT,43.2,43.34,42.75,43.07,2818400,KBS,2026-10-09T07:43:57Z
2021-08-05,FPT,42.89,43.7,42.75,43.52,2485600,KBS,2026-10-09T07:43:57Z
2021-08-06,FPT,43.61,43.79,43.16,43.52,3413900,KBS,2026-10-09T07:43:57Z
2021-08-09,FPT,43.7,44.01,43.2,43.92,2934500,KBS,2026-10-09T07:43:57Z
2021-08-10,FPT,44.28,44.33,43.97,44.06,2680700,KBS,2026-10-09T07:43:57Z
2021-08-11,FPT,44.01,44.06,43.29,43.29,4883200,KBS,2026-10-09T07:43:57Z
2021-08-12,FPT,43.16,43.25,42.08,42.26,8399400,KBS,2026-10-09T07:43:57Z
2021-08-13,FPT,41.94,42.8,41.89,42.8,3618700,KBS,2026-10-09T07:43:57Z
2021-08-16,FPT,43.25,43.34,42.98,43.07,1906800,KBS,2026-10-09T07:43:57Z
2021-08-17,FPT,42.84,43.07,42.57,42.7,2801700,KBS,2026-10-09T07:43:57Z
2021-08-18,FPT,42.7,43.2,42.7,42.8,1951000,KBS,2026-10-09T07:43:57Z
2021-08-19,FPT,43.25,43.25,42.7,43.02,2721600,KBS,2026-10-09T07:43:57Z
2021-08-20,FPT,43.02,43.11,41.48,42.25,4349300,KBS,2026-10-09T07:43:57Z
2021-08-23,FPT,42.11,42.11,41.43,41.43,3436600,KBS,2026-10-09T07:43:57Z
2021-08-24,FPT,41.66,41.88,40.93,41.84,3081500,KBS,2026-10-09T07:43:57Z
2021-08-25,FPT,42.07,42.07,41.43,41.84,1344000,KBS,2026-10-09T07:43:57Z
2021-08-26,FPT,41.88,42.3,41.52,41.61,1758700,KBS,2026-10-09T07:43:57Z
2021-08-27,FPT,41.43,41.88,41.25,41.88,1896200,KBS,2026-10-09T07:43:57Z
2021-08-30,FPT,42.34,42.34,41.93,41.98,1494800,KBS,2026-10-09T07:43:57Z
2021-08-31,FPT,42.02,42.43,41.88,42.07,1952500,KBS,2026-10-09T07:43:57Z
2021-09-01,FPT,41.93,42.34,41.93,42.07,1353300,KBS,2026-10-09T07:43:57Z
2021-09-06,FPT,42.07,43.2,42.02,43.2,3124600,KBS,2026-10-09T07:43:57Z
2021-09-07,FPT,43.39,43.39,42.57,42.57,2290600,KBS,2026-10-09T07:43:57Z
2021-09-08,FPT,42.57,42.89,42.25,42.39,1453800,KBS,2026-10-09T07:43:57Z
2021-09-09,FPT,42.39,42.75,42.25,42.43,1393700,KBS,2026-10-09T07:43:57Z
2021-09-10,FPT,42.52,42.98,42.52,42.57,1440100,KBS,2026-10-09T07:43:57Z
2021-09-13,FPT,42.61,42.8,42.3,42.34,1600000,KBS,2026-10-09T07:43:57Z
2021-09-14,FPT,42.48,43.11,42.34,42.7,2523200,KBS,2026-10-09T07:43:57Z
2021-09-15,FPT,42.7,42.98,42.48,42.84,1690100,KBS,2026-10-09T07:43:57Z
2021-09-16,FPT,42.98,43.25,42.89,43.11,1924700,KBS,2026-10-09T07:43:57Z
2021-09-17,FPT,43.48,44.16,43.43,43.57,3325700,KBS,2026-10-09T07:43:57Z
2021-09-20,FPT,43.71,43.8,42.84,42.98,2526100,KBS,2026-10-09T07:43:57Z
2021-09-21,FPT,42.52,42.8,42.11,42.57,2697100,KBS,2026-10-09T07:43:57Z
2021-09-22,FPT,42.43,42.52,42.2,42.43,2027200,KBS,2026-10-09T07:43:57Z
2021-09-23,FPT,42.43,42.7,42.34,42.39,1394200,KBS,2026-10-09T07:43:57Z
2021-09-24,FPT,42.43,42.43,42.2,42.2,1449000,KBS,2026-10-09T07:43:57Z
2021-09-27,FPT,42.3,42.57,41.93,41.93,1546100,KBS,2026-10-09T07:43:57Z
2021-09-28,FPT,41.75,42.34,41.66,42.34,1393500,KBS,2026-10-09T07:43:57Z
2021-09-29,FPT,42.34,42.52,42.02,42.43,1177400,KBS,2026-10-09T07:43:57Z
2021-09-30,FPT,42.57,42.75,42.34,42.34,996900,KBS,2026-10-09T07:43:57Z
2021-10-01,FPT,42.3,42.39,42.11,42.3,1055400,KBS,2026-10-09T07:43:57Z
2021-10-04,FPT,42.34,43.34,42.07,43.07,2277800,KBS,2026-10-09T07:43:57Z
2021-10-05,FPT,43.25,43.71,42.98,42.98,1392800,KBS,2026-10-09T07:43:57Z
2021-10-06,FPT,43.02,43.11,42.66,42.98,1571300,KBS,2026-10-09T07:43:57Z
2021-10-07,FPT,43.2,43.25,42.84,42.93,1497000,KBS,2026-10-09T07:43:57Z
2021-10-08,FPT,43.25,45.3,42.98,45.03,8305600,KBS,2026-10-09T07:43:57Z
2021-10-11,FPT,45.07,45.21,44.75,45.16,2295500,KBS,2026-10-09T07:43:57Z
2021-10-12,FPT,45.16,45.16,44.84,45.07,1125300,KBS,2026-10-09T07:43:57Z
2021-10-13,FPT,45.07,46.21,44.84,45.25,3232500,KBS,2026-10-09T07:43:57Z
2021-10-14,FPT,45.25,45.53,44.8,44.98,1824200,KBS,2026-10-09T07:43:57Z
2021-10-15,FPT,45.25,45.57,44.8,45.03,1702500,KBS,2026-10-09T07:43:57Z
2021-10-18,FPT,45.07,45.53,44.89,45.07,2264100,KBS,2026-10-09T07:43:57Z
2021-10-19,FPT,45.07,45.3,44.89,44.89,1534300,KBS,2026-10-09T07:43:57Z
2021-10-20,FPT,44.94,45.3,43.98,44.43,2248600,KBS,2026-10-09T07:43:57Z
2021-10-21,FPT,44.8,44.84,44.02,44.02,2283600,KBS,2026-10-09T07:43:57Z
2021-10-22,FPT,44.16,44.34,43.75,43.8,2023400,KBS,2026-10-09T07:43:57Z
2021-10-25,FPT,43.8,43.8,43.2,43.2,2938500,KBS,2026-10-09T07:43:57Z
2021-10-26,FPT,43.25,44.12,42.93,44.12,1855700,KBS,2026-10-09T07:43:57Z
2021-10-27,FPT,44.07,44.71,43.93,44.71,2326700,KBS,2026-10-09T07:43:57Z
2021-10-28,FPT,44.71,44.8,44.25,44.62,1644700,KBS,2026-10-09T07:43:57Z
2021-10-29,FPT,44.62,44.62,44.12,44.12,2382700,KBS,2026-10-09T07:43:57Z
2021-11-01,FPT,44.34,44.34,43.52,43.62,2855800,KBS,2026-10-09T07:43:57Z
2021-11-02,FPT,43.48,44.16,43.48,43.75,2109100,KBS,2026-10-09T07:43:57Z
2021-11-03,FPT,43.8,44.02,43.34,43.75,2680100,KBS,2026-10-09T07:43:57Z
2021-11-04,FPT,43.75,44.07,43.57,43.71,1761300,KBS,2026-10-09T07:43:57Z
2021-11-05,FPT,43.8,44.53,43.71,44.43,2169900,KBS,2026-10-09T07:43:57Z
2021-11-08,FPT,44.43,44.84,44.3,44.34,1687900,KBS,2026-10-09T07:43:57Z
2021-11-09,FPT,44.39,44.43,43.71,43.89,1845900,KBS,2026-10-09T07:43:57Z
2021-11-10,FPT,43.89,44.16,43.66,44.16,1592400,KBS,2026-10-09T07:43:57Z
2021-11-11,FPT,44.16,44.62,43.62,43.71,2122200,KBS,2026-10-09T07:43:57Z
2021-11-12,FPT,43.8,44.71,43.66,44.62,2240300,KBS,2026-10-09T07:43:57Z
2021-11-15,FPT,44.84,44.84,44.3,44.3,1908900,KBS,2026-10-09T07:43:57Z
2021-11-16,FPT,44.3,45.3,44.07,44.75,3506200,KBS,2026-10-09T07:43:57Z
2021-11-17,FPT,44.75,44.8,44.62,44.75,1186200,KBS,2026-10-09T07:43:57Z
2021-11-18,FPT,44.75,44.94,43.93,43.93,2005000,KBS,2026-10-09T07:43:57Z
2021-11-19,FPT,44.39,44.53,43.3,43.39,2481300,KBS,2026-10-09T07:43:57Z
2021-11-22,FPT,43.48,43.71,43.25,43.25,1670100,KBS,2026-10-09T07:43:57Z
2021-11-23,FPT,43.25,43.98,43.2,43.98,1150800,KBS,2026-10-09T07:43:57Z
2021-11-24,FPT,44.02,44.8,43.89,44.57,2445600,KBS,2026-10-09T07:43:57Z
2021-11-25,FPT,44.84,46.35,44.75,45.53,5487400,KBS,2026-10-09T07:43:57Z
2021-11-26,FPT,45.57,45.89,44.98,45.03,1996200,KBS,2026-10-09T07:43:57Z
2021-11-29,FPT,44.39,45.03,44.39,44.66,1993000,KBS,2026-10-09T07:43:57Z
2021-11-30,FPT,44.66,44.84,44.16,44.21,2563100,KBS,2026-10-09T07:43:57Z
2021-12-01,FPT,44.39,44.89,44.02,44.71,1254900,KBS,2026-10-09T07:43:57Z
2021-12-02,FPT,44.43,44.75,44.25,44.25,952900,KBS,2026-10-09T07:43:57Z
2021-12-03,FPT,44.53,44.53,43.48,43.48,2009700,KBS,2026-10-09T07:43:57Z
2021-12-06,FPT,43.48,43.93,42.89,43.02,2393800,KBS,2026-10-09T07:43:57Z
2021-12-07,FPT,43.25,43.71,43.02,43.71,1451000,KBS,2026-10-09T07:43:57Z
2021-12-08,FPT,43.93,43.93,43.25,43.52,1064800,KBS,2026-10-09T07:43:57Z
2021-12-09,FPT,43.3,44.16,43.3,44.16,993100,KBS,2026-10-09T07:43:57Z
2021-12-10,FPT,43.89,44.16,43.43,43.62,1160000,KBS,2026-10-09T07:43:57Z
2021-12-13,FPT,43.93,43.93,43.52,43.71,900200,KBS,2026-10-09T07:43:57Z
2021-12-14,FPT,43.71,43.89,43.43,43.57,1144500,KBS,2026-10-09T07:43:57Z
2021-12-15,FPT,43.57,43.84,43.52,43.66,808400,KBS,2026-10-09T07:43:57Z
2021-12-16,FPT,44.39,44.39,43.48,43.48,1245000,KBS,2026-10-09T07:43:57Z
2021-12-17,FPT,43.52,44.16,43.48,43.89,1152100,KBS,2026-10-09T07:43:57Z
2021-12-20,FPT,43.93,43.93,43.48,43.62,1019800,KBS,2026-10-09T07:43:57Z
2021-12-21,FPT,43.57,43.66,43.3,43.34,1112300,KBS,2026-10-09T07:43:57Z
2021-12-22,FPT,43.25,43.43,43.07,43.25,1670500,KBS,2026-10-09T07:43:57Z
2021-12-23,FPT,43.25,43.25,42.34,42.43,1930300,KBS,2026-10-09T07:43:57Z
2021-12-24,FPT,42.57,43.02,42.25,42.7,1186700,KBS,2026-10-09T07:43:57Z
2021-12-27,FPT,42.89,43.25,42.48,43.02,793700,KBS,2026-10-09T07:43:57Z
2021-12-28,FPT,43.02,43.2,42.84,43.02,567300,KBS,2026-10-09T07:43:57Z
2021-12-29,FPT,43.16,43.16,42.61,42.61,912200,KBS,2026-10-09T07:43:57Z
2021-12-30,FPT,42.66,42.93,42.57,42.61,810800,KBS,2026-10-09T07:43:57Z
2021-12-31,FPT,42.7,42.98,42.34,42.34,1607400,KBS,2026-10-09T07:43:57Z
2022-01-04,FPT,42.52,42.89,42.48,42.57,1935000,KBS,2026-10-09T07:43:57Z
2022-01-05,FPT,42.66,42.89,42.57,42.61,1193800,KBS,2026-10-09T07:43:57Z
2022-01-06,FPT,42.61,42.8,42.57,42.57,1192400,KBS,2026-10-09T07:43:57Z
2022-01-07,FPT,42.39,42.66,42.39,42.52,1016800,KBS,2026-10-09T07:43:57Z
2022-01-10,FPT,42.43,42.57,41.84,41.88,1882400,KBS,2026-10-09T07:43:57Z
2022-01-11,FPT,41.88,41.98,40.56,40.75,2509300,KBS,2026-10-09T07:43:57Z
2022-01-12,FPT,40.56,41.25,40.29,40.79,1740700,KBS,2026-10-09T07:43:57Z
2022-01-13,FPT,41.38,42.2,40.88,41.93,1811800,KBS,2026-10-09T07:43:57Z
2022-01-14,FPT,41.75,41.93,41.38,41.57,686700,KBS,2026-10-09T07:43:57Z
2022-01-17,FPT,41.2,41.57,40.52,40.52,1568400,KBS,2026-10-09T07:43:57Z
2022-01-18,FPT,40.2,40.79,40.06,40.11,1209900,KBS,2026-10-09T07:43:57Z
2022-01-19,FPT,40.11,40.61,40.06,40.2,744900,KBS,2026-10-09T07:43:57Z
2022-01-20,FPT,40.25,41.43,40.2,40.43,1334600,KBS,2026-10-09T07:43:57Z
2022-01-21,FPT,40.52,40.88,40.16,40.16,841200,KBS,2026-10-09T07:43:57Z
2022-01-24,FPT,40.16,40.29,38.7,38.84,2024200,KBS,2026-10-09T07:43:57Z
2022-01-25,FPT,38.79,39.84,38.24,39.38,1192600,KBS,2026-10-09T07:43:57Z
2022-01-26,FPT,39.61,39.61,38.93,39.15,913600,KBS,2026-10-09T07:43:57Z
2022-01-27,FPT,39.15,39.47,38.88,39.11,719600,KBS,2026-10-09T07:43:57Z
2022-01-28,FPT,39.15,40.75,39.11,40.75,1552300,KBS,2026-10-09T07:43:57Z
2022-02-07,FPT,40.97,41.02,40.52,40.75,518400,KBS,2026-10-09T07:43:57Z
2022-02-08,FPT,40.75,41.79,40.75,41.25,845100,KBS,2026-10-09T07:43:57Z
2022-02-09,FPT,41.75,41.75,41.25,41.29,1142700,KBS,2026-10-09T07:43:57Z
2022-02-10,FPT,41.61,41.88,41.06,41.88,974900,KBS,2026-10-09T07:43:57Z
2022-02-11,FPT,41.79,42.07,41.61,41.7,641600,KBS,2026-10-09T07:43:57Z
2022-02-14,FPT,41.43,41.7,41.16,41.43,774100,KBS,2026-10-09T07:43:57Z
2022-02-15,FPT,41.43,41.75,41.2,41.48,655400,KBS,2026-10-09T07:43:57Z
2022-02-16,FPT,41.75,42.11,41.57,41.57,614200,KBS,2026-10-09T07:43:57Z
2022-02-17,FPT,41.84,42.25,41.43,42.25,853700,KBS,2026-10-09T07:43:57Z
2022-02-18,FPT,42.02,42.11,41.75,41.98,618800,KBS,2026-10-09T07:43:57Z
2022-02-21,FPT,41.98,42.8,41.88,42.57,1386000,KBS,2026-10-09T07:43:57Z
2022-02-22,FPT,42.34,42.48,41.88,42.3,1158200,KBS,2026-10-09T07:43:57Z
2022-02-23,FPT,42.16,42.75,42.16,42.34,973800,KBS,2026-10-09T07:43:57Z
2022-02-24,FPT,42.34,42.57,40.97,41.88,1349600,KBS,2026-10-09T07:43:57Z
2022-02-25,FPT,42.07,42.52,41.93,42.02,1059900,KBS,2026-10-09T07:43:57Z
2022-02-28,FPT,42.02,42.57,42.02,42.48,1504600,KBS,2026-10-09T07:43:57Z
2022-03-01,FPT,42.8,42.8,42.11,42.52,1101900,KBS,2026-10-09T07:43:57Z
2022-03-02,FPT,42.34,42.52,42.2,42.39,1088900,KBS,2026-10-09T07:43:57Z
2022-03-03,FPT,42.43,42.8,42.43,42.52,957600,KBS,2026-10-09T07:43:57Z
2022-03-04,FPT,42.48,42.7,42.34,42.57,1343800,KBS,2026-10-09T07:43:57Z
2022-03-07,FPT,42.39,42.75,41.98,42.7,1698000,KBS,2026-10-09T07:43:57Z
2022-03-08,FPT,42.7,43.43,42.16,43.16,2227500,KBS,2026-10-09T07:43:57Z
2022-03-09,FPT,43.07,43.93,43.07,43.48,2204000,KBS,2026-10-09T07:43:57Z
2022-03-10,FPT,43.84,43.84,43.07,43.07,778700,KBS,2026-10-09T07:43:57Z
2022-03-11,FPT,43.02,43.07,42.2,42.43,1139000,KBS,2026-10-09T07:43:57Z
2022-03-14,FPT,42.34,42.34,41.2,41.79,1943000,KBS,2026-10-09T07:43:57Z
2022-03-15,FPT,41.79,41.79,40.88,41.43,1872000,KBS,2026-10-09T07:43:57Z
2022-03-16,FPT,41.48,42.02,41.2,41.7,1139600,KBS,2026-10-09T07:43:57Z
2022-03-17,FPT,41.79,42.2,41.66,41.88,1180600,KBS,2026-10-09T07:43:57Z
2022-03-18,FPT,42.34,43.98,42.34,43.3,2815100,KBS,2026-10-09T07:43:57Z
2022-03-21,FPT,43.34,43.71,43.25,43.39,1560700,KBS,2026-10-09T07:43:57Z
2022-03-22,FPT,43.71,44.16,43.43,43.89,2079200,KBS,2026-10-09T07:43:57Z
2022-03-23,FPT,43.93,44.39,43.71,43.93,1975800,KBS,2026-10-09T07:43:57Z
2022-03-24,FPT,43.71,44.25,43.39,43.71,1823700,KBS,2026-10-09T07:43:57Z
2022-03-25,FPT,43.75,43.93,43.52,43.57,1228100,KBS,2026-10-09T07:43:57Z
2022-03-28,FPT,43.48,44.94,43.34,44.66,3501600,KBS,2026-10-09T07:43:57Z
2022-03-29,FPT,44.89,47.76,44.89,47.76,8224300,KBS,2026-10-09T07:43:57Z
2022-03-30,FPT,48.17,48.85,47.58,48.26,2830700,KBS,2026-10-09T07:43:57Z
2022-03-31,FPT,48.03,50.35,47.62,48.71,3472300,KBS,2026-10-09T07:43:57Z
2022-04-01,FPT,48.67,50.54,48.3,50.54,4317300,KBS,2026-10-09T07:43:57Z
2022-04-04,FPT,51.67,51.67,49.76,49.76,2687800,KBS,2026-10-09T07:43:57Z
2022-04-05,FPT,49.67,50.81,49.62,49.62,1863900,KBS,2026-10-09T07:43:57Z
2022-04-06,FPT,49.35,51.9,49.35,51.45,4179000,KBS,2026-10-09T07:43:57Z
2022-04-07,FPT,51.76,53.22,51.04,51.58,3915200,KBS,2026-10-09T07:43:57Z
2022-04-08,FPT,51.58,51.86,49.4,49.4,4069700,KBS,2026-10-09T07:43:57Z
2022-04-12,FPT,49.62,50.76,48.53,49.99,3162100,KBS,2026-10-09T07:43:57Z
2022-04-13,FPT,50.08,52.4,49.99,52.4,3322800,KBS,2026-10-09T07:43:57Z
2022-04-14,FPT,52.45,54.13,52.45,53.08,3529400,KBS,2026-10-09T07:43:57Z
2022-04-15,FPT,52.4,53.68,51.9,52.36,3121400,KBS,2026-10-09T07:43:57Z
2022-04-18,FPT,52.36,54.0,51.9,52.58,3356100,KBS,2026-10-09T07:43:57Z
2022-04-19,FPT,53.04,53.27,50.99,50.99,4731000,KBS,2026-10-09T07:43:57Z
2022-04-20,FPT,50.99,51.45,49.9,50.99,3295000,KBS,2026-10-09T07:43:57Z
2022-04-21,FPT,50.63,52.77,50.63,50.99,4068500,KBS,2026-10-09T07:43:57Z
2022-04-22,FPT,51.22,51.86,48.26,50.58,5708900,KBS,2026-10-09T07:43:57Z
2022-04-25,FPT,50.12,50.49,47.08,47.08,4605900,KBS,2026-10-09T07:43:57Z
2022-04-26,FPT,45.62,47.8,44.16,47.48,5431400,KBS,2026-10-09T07:43:57Z
2022-04-27,FPT,46.66,47.35,45.76,46.89,2529700,KBS,2026-10-09T07:43:57Z
2022-04-28,FPT,46.85,48.62,46.66,48.03,2530400,KBS,2026-10-09T07:43:57Z
2022-04-29,FPT,47.8,48.76,47.44,47.8,3991500,KBS,2026-10-09T07:43:57Z
2022-05-04,FPT,47.76,48.21,47.39,47.58,1598400,KBS,2026-10-09T07:43:57Z
2022-05-05,FPT,47.62,48.03,46.39,47.67,2194900,KBS,2026-10-09T07:43:57Z
2022-05-06,FPT,46.57,47.35,45.62,45.62,2430900,KBS,2026-10-09T07:43:57Z
2022-05-09,FPT,44.75,45.07,42.8,42.8,4499100,KBS,2026-10-09T07:43:57Z
2022-05-10,FPT,42.8,44.98,41.88,44.8,2816700,KBS,2026-10-09T07:43:57Z
2022-05-11,FPT,44.62,46.39,44.07,46.39,1667700,KBS,2026-10-09T07:43:57Z
2022-05-12,FPT,45.21,46.39,43.25,43.52,2591500,KBS,2026-10-09T07:43:57Z
2022-05-13,FPT,43.75,45.07,42.39,42.61,4103700,KBS,2026-10-09T07:43:57Z
2022-05-16,FPT,44.39,44.39,42.43,42.43,1740900,KBS,2026-10-09T07:43:57Z
2022-05-17,FPT,42.34,45.39,42.11,45.39,2045800,KBS,2026-10-09T07:43:57Z
2022-05-18,FPT,45.39,45.57,44.39,44.48,1934400,KBS,2026-10-09T07:43:57Z
2022-05-19,FPT,43.3,44.48,43.3,44.16,1228600,KBS,2026-10-09T07:43:57Z
2022-05-20,FPT,44.48,45.03,44.16,44.39,1410400,KBS,2026-10-09T07:43:57Z
2022-05-23,FPT,44.71,44.71,43.75,43.93,1136900,KBS,2026-10-09T07:43:57Z
2022-05-24,FPT,43.93,44.71,43.71,44.71,1384700,KBS,2026-10-09T07:43:57Z
2022-05-25,FPT,45.3,47.8,44.94,47.8,3770800,KBS,2026-10-09T07:43:57Z
2022-05-26,FPT,47.9,48.76,47.62,48.08,1426400,KBS,2026-10-09T07:43:57Z
2022-05-27,FPT,48.08,50.99,48.03,50.9,3878400,KBS,2026-10-09T07:43:57Z
2022-05-30,FPT,50.58,51.17,49.72,50.67,2496900,KBS,2026-10-09T07:43:57Z
2022-05-31,FPT,50.67,50.67,48.94,50.03,2157000,KBS,2026-10-09T07:43:57Z
2022-06-01,FPT,50.03,51.4,49.99,50.9,2036500,KBS,2026-10-09T07:43:57Z
2022-06-02,FPT,51.36,52.26,50.58,50.76,2292800,KBS,2026-10-09T07:43:57Z
2022-06-03,FPT,50.76,51.9,50.49,51.9,1755900,KBS,2026-10-09T07:43:57Z
2022-06-06,FPT,51.9,52.81,50.99,51.45,2558200,KBS,2026-10-09T07:43:57Z
2022-06-07,FPT,51.31,52.63,49.44,52.63,3908000,KBS,2026-10-09T07:43:57Z
2022-06-08,FPT,52.95,53.54,52.13,52.36,2660400,KBS,2026-10-09T07:43:57Z
2022-06-09,FPT,52.58,52.77,51.58,52.49,1706300,KBS,2026-10-09T07:43:57Z
2022-06-10,FPT,51.63,52.22,50.08,50.08,2972500,KBS,2026-10-09T07:43:57Z
2022-06-13,FPT,48.54,50.08,47.43,47.54,3393300,KBS,2026-10-09T07:43:57Z
2022-06-14,FPT,47.43,49.58,47.16,49.14,2308300,KBS,2026-10-09T07:43:57Z
2022-06-15,FPT,49.97,49.97,48.54,49.91,1762600,KBS,2026-10-09T07:43:57Z
2022-06-16,FPT,50.19,51.73,49.75,50.74,2517500,KBS,2026-10-09T07:43:57Z
2022-06-17,FPT,49.8,51.07,49.09,50.74,2321400,KBS,2026-10-09T07:43:57Z
2022-06-20,FPT,51.57,52.12,50.36,50.74,2483900,KBS,2026-10-09T07:43:57Z
2022-06-21,FPT,50.96,51.57,49.09,49.14,2460200,KBS,2026-10-09T07:43:57Z
2022-06-22,FPT,49.53,49.86,46.55,46.6,2971400,KBS,2026-10-09T07:43:57Z
2022-06-23,FPT,46.33,47.87,46.16,47.16,2022500,KBS,2026-10-09T07:43:57Z
2022-06-24,FPT,47.49,48.42,47.16,47.16,902400,KBS,2026-10-09T07:43:57Z
2022-06-27,FPT,47.65,48.48,47.38,47.71,1254800,KBS,2026-10-09T07:43:57Z
2022-06-28,FPT,49.36,49.75,48.09,49.47,2296600,KBS,2026-10-09T07:43:57Z
2022-06-29,FPT,49.03,49.64,48.65,49.64,1182600,KBS,2026-10-09T07:43:57Z
2022-06-30,FPT,49.36,49.58,47.54,47.54,1506500,KBS,2026-10-09T07:43:57Z
2022-07-01,FPT,47.98,48.98,46.77,48.54,1696500,KBS,2026-10-09T07:43:57Z
2022-07-04,FPT,48.81,48.81,47.43,47.82,1005500,KBS,2026-10-09T07:43:57Z
2022-07-05,FPT,48.42,48.42,47.1,47.1,1395600,KBS,2026-10-09T07:43:57Z
2022-07-06,FPT,46.38,47.38,46.05,46.05,2232400,KBS,2026-10-09T07:43:57Z
2022-07-07,FPT,46.27,46.66,45.83,45.83,1286300,KBS,2026-10-09T07:43:57Z
2022-07-08,FPT,46.27,46.33,45.83,46.11,910400,KBS,2026-10-09T07:43:57Z
2022-07-11,FPT,46.66,46.66,45.67,45.67,998100,KBS,2026-10-09T07:43:57Z
2022-07-12,FPT,45.67,46.05,45.61,46.05,602800,KBS,2026-10-09T07:43:57Z
2022-07-13,FPT,46.33,46.33,45.5,45.5,1140700,KBS,2026-10-09T07:43:57Z
2022-07-14,FPT,45.67,46.05,45.34,45.67,891300,KBS,2026-10-09T07:43:57Z
2022-07-15,FPT,46.33,46.33,45.34,45.34,1382300,KBS,2026-10-09T07:43:57Z
2022-07-18,FPT,45.67,46.6,45.39,45.78,1264900,KBS,2026-10-09T07:43:57Z
2022-07-19,FPT,45.72,45.78,45.34,45.78,1185400,KBS,2026-10-09T07:43:57Z
2022-07-20,FPT,46.88,47.38,46.33,46.83,2848900,KBS,2026-10-09T07:43:57Z
2022-07-21,FPT,47.38,47.38,46.6,46.88,1804200,KBS,2026-10-09T07:43:57Z
2022-07-22,FPT,47.65,47.71,46.94,46.94,1307200,KBS,2026-10-09T07:43:57Z
2022-07-25,FPT,47.98,47.98,46.94,47.1,2245900,KBS,2026-10-09T07:43:57Z
2022-07-26,FPT,47.43,47.43,46.77,46.77,1128800,KBS,2026-10-09T07:43:57Z
2022-07-27,FPT,46.66,46.99,46.55,46.99,771100,KBS,2026-10-09T07:43:57Z
2022-07-28,FPT,46.99,47.32,45.83,46.83,1664800,KBS,2026-10-09T07:43:57Z
2022-07-29,FPT,46.94,46.99,46.05,46.05,1941800,KBS,2026-10-09T07:43:57Z
2022-08-01,FPT,46.33,46.44,45.83,46.33,1815100,KBS,2026-10-09T07:43:57Z
2022-08-02,FPT,46.33,46.94,46.05,46.88,1879700,KBS,2026-10-09T07:43:57Z
2022-08-03,FPT,46.88,46.99,46.44,46.77,2249500,KBS,2026-10-09T07:43:57Z
2022-08-04,FPT,46.94,47.76,46.83,47.49,3046800,KBS,2026-10-09T07:43:57Z
2022-08-05,FPT,47.49,48.09,47.21,47.32,1773100,KBS,2026-10-09T07:43:57Z
2022-08-08,FPT,47.38,47.65,47.05,47.43,1586800,KBS,2026-10-09T07:43:57Z
2022-08-09,FPT,47.43,48.26,47.27,47.54,2320800,KBS,2026-10-09T07:43:57Z
2022-08-10,FPT,47.6,47.82,47.43,47.43,1121400,KBS,2026-10-09T07:43:57Z
2022-08-11,FPT,47.54,47.87,47.27,47.43,1852800,KBS,2026-10-09T07:43:57Z
2022-08-12,FPT,47.27,47.71,47.27,47.71,1243100,KBS,2026-10-09T07:43:57Z
2022-08-15,FPT,47.76,49.14,47.76,49.03,3085000,KBS,2026-10-09T07:43:57Z
2022-08-16,FPT,49.03,49.31,48.59,48.92,1382800,KBS,2026-10-09T07:43:57Z
2022-08-17,FPT,49.09,49.14,48.54,48.7,1506200,KBS,2026-10-09T07:43:57Z
2022-08-18,FPT,48.48,49.47,48.48,48.7,2552900,KBS,2026-10-09T07:43:57Z
2022-08-19,FPT,48.54,48.81,47.54,47.93,1957600,KBS,2026-10-09T07:43:57Z
2022-08-22,FPT,47.76,48.15,47.38,47.87,1634000,KBS,2026-10-09T07:43:57Z
2022-08-23,FPT,47.49,47.98,47.49,47.98,1085700,KBS,2026-10-09T07:43:57Z
2022-08-24,FPT,48.26,48.43,48.04,48.1,1008000,KBS,2026-10-09T07:43:57Z
2022-08-25,FPT,48.1,48.38,47.98,48.15,1143900,KBS,2026-10-09T07:43:57Z
2022-08-26,FPT,48.21,48.99,48.15,48.65,1936600,KBS,2026-10-09T07:43:57Z
2022-08-29,FPT,48.54,48.54,47.26,48.26,2228000,KBS,2026-10-09T07:43:57Z
2022-08-30,FPT,48.26,48.54,47.98,48.21,1153200,KBS,2026-10-09T07:43:57Z
2022-08-31,FPT,47.87,48.54,47.87,48.32,1173700,KBS,2026-10-09T07:43:57Z
2022-09-05,FPT,48.26,48.38,47.93,48.1,1020900,KBS,2026-10-09T07:43:57Z
2022-09-06,FPT,47.98,48.21,47.87,47.87,1171600,KBS,2026-10-09T07:43:57Z
2022-09-07,FPT,47.7,47.93,46.87,46.87,2236400,KBS,2026-10-09T07:43:57Z
2022-09-08,FPT,46.92,47.43,46.76,47.04,1135600,KBS,2026-10-09T07:43:57Z
2022-09-09,FPT,47.2,47.43,47.04,47.04,1145400,KBS,2026-10-09T07:43:57Z
2022-09-12,FPT,47.48,47.54,47.04,47.2,716000,KBS,2026-10-09T07:43:57Z
2022-09-13,FPT,47.43,47.59,47.04,47.2,1046400,KBS,2026-10-09T07:43:57Z
2022-09-14,FPT,46.59,47.15,46.59,46.87,1309200,KBS,2026-10-09T07:43:57Z
2022-09-15,FPT,47.15,47.15,46.7,46.7,780500,KBS,2026-10-09T07:43:57Z
2022-09-16,FPT,46.7,46.81,46.03,46.03,1360100,KBS,2026-10-09T07:43:57Z
2022-09-19,FPT,46.03,46.64,45.7,46.37,1783700,KBS,2026-10-09T07:43:57Z
2022-09-20,FPT,46.37,46.76,45.92,46.53,575000,KBS,2026-10-09T07:43:57Z
2022-09-21,FPT,46.48,46.48,45.92,45.92,775400,KBS,2026-10-09T07:43:57Z
2022-09-22,FPT,45.75,46.31,45.7,46.25,1172400,KBS,2026-10-09T07:43:57Z
2022-09-23,FPT,46.37,46.37,45.81,45.98,840600,KBS,2026-10-09T07:43:57Z
2022-09-26,FPT,45.47,45.75,44.8,45.47,1863600,KBS,2026-10-09T07:43:57Z
2022-09-27,FPT,45.75,45.75,44.92,44.92,932900,KBS,2026-10-09T07:43:57Z
2022-09-28,FPT,44.69,44.86,43.52,43.52,2048400,KBS,2026-10-09T07:43:57Z
2022-09-29,FPT,44.52,44.69,42.96,42.96,1303900,KBS,2026-10-09T07:43:57Z
2022-09-30,FPT,42.96,45.08,42.91,44.92,2109900,KBS,2026-10-09T07:43:57Z
2022-10-03,FPT,44.41,44.8,42.63,42.96,1245600,KBS,2026-10-09T07:43:57Z
2022-10-04,FPT,43.52,44.08,43.07,43.24,2040000,KBS,2026-10-09T07:43:57Z
2022-10-05,FPT,44.08,44.36,43.74,43.74,971900,KBS,2026-10-09T07:43:57Z
2022-10-06,FPT,44.02,44.02,42.68,42.68,1266700,KBS,2026-10-09T07:43:57Z
2022-10-07,FPT,42.52,42.52,41.29,41.29,2061000,KBS,2026-10-09T07:43:57Z
2022-10-10,FPT,41.01,42.12,40.23,41.29,1625600,KBS,2026-10-09T07:43:57Z
2022-10-11,FPT,41.29,41.29,39.62,39.62,1593600,KBS,2026-10-09T07:43:57Z
2022-10-12,FPT,39.62,40.9,39.62,40.4,1463100,KBS,2026-10-09T07:43:57Z
2022-10-13,FPT,40.28,40.73,39.89,40.73,829200,KBS,2026-10-09T07:43:57Z
2022-10-14,FPT,41.51,41.57,41.06,41.29,844200,KBS,2026-10-09T07:43:57Z
2022-10-17,FPT,41.01,41.23,40.51,41.18,707400,KBS,2026-10-09T07:43:57Z
2022-10-18,FPT,41.29,42.01,41.29,41.79,879000,KBS,2026-10-09T07:43:57Z
2022-10-19,FPT,41.79,42.52,41.68,42.12,1023700,KBS,2026-10-09T07:43:57Z
2022-10-20,FPT,42.29,43.8,42.01,43.41,1730300,KBS,2026-10-09T07:43:57Z
2022-10-21,FPT,43.35,43.35,41.23,41.23,1564900,KBS,2026-10-09T07:43:57Z
2022-10-24,FPT,41.23,41.57,39.62,39.67,1426100,KBS,2026-10-09T07:43:57Z
2022-10-25,FPT,39.84,41.57,39.67,40.84,1564600,KBS,2026-10-09T07:43:57Z
2022-10-26,FPT,41.57,41.57,40.56,41.18,625100,KBS,2026-10-09T07:43:57Z
2022-10-27,FPT,41.34,42.52,41.12,42.29,935900,KBS,2026-10-09T07:43:57Z
2022-10-28,FPT,42.57,42.57,41.68,41.85,875800,KBS,2026-10-09T07:43:57Z
2022-10-31,FPT,41.85,42.4,41.12,42.18,1084700,KBS,2026-10-09T07:43:57Z
2022-11-01,FPT,42.57,42.85,41.85,42.12,561500,KBS,2026-10-09T07:43:57Z
2022-11-02,FPT,41.96,42.4,41.29,41.29,978200,KBS,2026-10-09T07:43:57Z
2022-11-03,FPT,41.57,42.24,41.12,41.34,622400,KBS,2026-10-09T07:43:57Z
2022-11-04,FPT,41.29,41.29,39.89,40.67,1646800,KBS,2026-10-09T07:43:57Z
2022-11-07,FPT,40.51,41.29,40.51,40.51,1572400,KBS,2026-10-09T07:43:57Z
2022-11-08,FPT,39.89,41.23,39.84,40.9,945000,KBS,2026-10-09T07:43:57Z
2022-11-09,FPT,40.9,41.46,40.9,41.29,697700,KBS,2026-10-09T07:43:57Z
2022-11-10,FPT,41.01,41.12,38.56,40.73,1595200,KBS,2026-10-09T07:43:57Z
2022-11-11,FPT,40.79,41.06,40.17,40.62,1002900,KBS,2026-10-09T07:43:57Z
2022-11-14,FPT,40.17,40.4,39.06,39.5,1639000,KBS,2026-10-09T07:43:57Z
2022-11-15,FPT,39.06,39.06,36.77,36.77,3114900,KBS,2026-10-09T07:43:57Z
2022-11-16,FPT,34.2,39.06,34.2,38.67,3050400,KBS,2026-10-09T07:43:57Z
2022-11-17,FPT,38.67,40.17,35.99,39.62,1546300,KBS,2026-10-09T07:43:57Z
2022-11-18,FPT,39.11,40.17,38.61,39.89,1261700,KBS,2026-10-09T07:43:57Z
2022-11-21,FPT,38.78,40.06,38.78,39.11,840500,KBS,2026-10-09T07:43:57Z
2022-11-22,FPT,39.06,40.17,38.56,39.34,1176300,KBS,2026-10-09T07:43:57Z
2022-11-23,FPT,39.06,39.62,38.89,39.34,465900,KBS,2026-10-09T07:43:57Z
2022-11-24,FPT,38.94,39.62,38.72,39.34,788400,KBS,2026-10-09T07:43:57Z
2022-11-25,FPT,39.39,40.17,39.34,40.17,1267400,KBS,2026-10-09T07:43:57Z
2022-11-28,FPT,40.4,41.57,40.34,41.46,1146800,KBS,2026-10-09T07:43:57Z
2022-11-29,FPT,41.79,41.79,40.73,41.46,1143800,KBS,2026-10-09T07:43:57Z
2022-11-30,FPT,41.57,41.79,41.01,41.62,911500,KBS,2026-10-09T07:43:57Z
2022-12-01,FPT,41.9,42.29,41.34,41.68,1776500,KBS,2026-10-09T07:43:57Z
2022-12-02,FPT,41.68,43.35,41.29,43.19,2901400,KBS,2026-10-09T07:43:57Z
2022-12-05,FPT,43.52,44.08,43.19,43.69,1216400,KBS,2026-10-09T07:43:57Z
2022-12-06,FPT,43.69,44.02,42.4,42.4,1537700,KBS,2026-10-09T07:43:57Z
2022-12-07,FPT,42.35,42.74,41.74,42.68,1029400,KBS,2026-10-09T07:43:57Z
2022-12-08,FPT,42.91,43.97,42.18,42.96,1267300,KBS,2026-10-09T07:43:57Z
2022-12-09,FPT,42.57,43.52,42.52,43.52,987500,KBS,2026-10-09T07:43:57Z
2022-12-12,FPT,43.3,43.63,42.63,42.96,1213500,KBS,2026-10-09T07:43:57Z
2022-12-13,FPT,42.52,43.13,41.96,43.07,899700,KBS,2026-10-09T07:43:57Z
2022-12-14,FPT,43.07,43.24,42.46,42.57,1158000,KBS,2026-10-09T07:43:57Z
2022-12-15,FPT,42.63,43.58,42.63,43.35,1170500,KBS,2026-10-09T07:43:57Z
2022-12-16,FPT,42.96,43.52,42.63,43.46,910900,KBS,2026-10-09T07:43:57Z
2022-12-19,FPT,43.69,43.69,42.74,42.74,1026200,KBS,2026-10-09T07:43:57Z
2022-12-20,FPT,43.07,43.07,42.07,42.74,785800,KBS,2026-10-09T07:43:57Z
2022-12-21,FPT,43.07,43.19,42.24,43.07,544100,KBS,2026-10-09T07:43:57Z
2022-12-22,FPT,43.07,43.24,42.4,43.07,657800,KBS,2026-10-09T07:43:57Z
2022-12-23,FPT,42.63,43.52,42.52,43.52,1221000,KBS,2026-10-09T07:43:57Z
2022-12-26,FPT,43.35,43.58,42.63,42.63,832500,KBS,2026-10-09T07:43:57Z
2022-12-27,FPT,42.63,43.24,42.4,42.68,805200,KBS,2026-10-09T07:43:57Z
2022-12-28,FPT,42.96,42.96,42.4,42.8,589200,KBS,2026-10-09T07:43:57Z
2022-12-29,FPT,42.68,42.96,42.52,42.52,655300,KBS,2026-10-09T07:43:57Z
2022-12-30,FPT,42.52,42.91,42.4,42.91,628600,KBS,2026-10-09T07:43:57Z
2023-01-03,FPT,42.91,44.64,42.85,44.64,1535200,KBS,2026-10-09T07:43:57Z
2023-01-04,FPT,45.08,45.19,44.25,44.64,794300,KBS,2026-10-09T07:43:57Z
2023-01-05,FPT,44.75,45.47,44.75,44.97,1012600,KBS,2026-10-09T07:43:57Z
2023-01-06,FPT,44.86,45.25,44.75,44.8,719400,KBS,2026-10-09T07:43:57Z
2023-01-09,FPT,44.92,45.14,44.58,44.8,518900,KBS,2026-10-09T07:43:57Z
2023-01-10,FPT,45.03,45.36,44.75,44.86,752700,KBS,2026-10-09T07:43:57Z
2023-01-11,FPT,44.86,45.53,44.86,45.14,1076900,KBS,2026-10-09T07:43:57Z
2023-01-12,FPT,45.19,45.47,44.75,45.03,542500,KBS,2026-10-09T07:43:57Z
2023-01-13,FPT,44.92,45.31,44.64,44.64,628300,KBS,2026-10-09T07:43:57Z
2023-01-16,FPT,44.69,45.19,44.47,45.08,574500,KBS,2026-10-09T07:43:57Z
2023-01-17,FPT,45.31,45.75,45.19,45.75,978200,KBS,2026-10-09T07:43:57Z
2023-01-18,FPT,45.81,46.53,45.64,46.53,954600,KBS,2026-10-09T07:43:57Z
2023-01-19,FPT,46.31,46.98,46.25,46.81,1327200,KBS,2026-10-09T07:43:57Z
2023-01-27,FPT,46.92,47.7,46.87,46.87,1140700,KBS,2026-10-09T07:43:57Z
2023-01-30,FPT,46.98,47.09,46.7,46.7,891000,KBS,2026-10-09T07:43:57Z
2023-01-31,FPT,46.59,46.7,45.58,46.59,1529100,KBS,2026-10-09T07:43:57Z
2023-02-01,FPT,46.87,46.87,45.64,45.75,1048300,KBS,2026-10-09T07:43:57Z
2023-02-02,FPT,45.81,45.98,45.36,45.7,1325200,KBS,2026-10-09T07:43:57Z
2023-02-03,FPT,45.75,45.75,44.69,44.69,1729000,KBS,2026-10-09T07:43:57Z
2023-02-06,FPT,44.64,45.53,44.47,44.92,944400,KBS,2026-10-09T07:43:57Z
2023-02-07,FPT,44.92,45.7,44.92,45.03,750800,KBS,2026-10-09T07:43:57Z
2023-02-08,FPT,45.08,45.58,44.97,45.31,669700,KBS,2026-10-09T07:43:57Z
2023-02-09,FPT,45.19,45.53,45.03,45.03,743000,KBS,2026-10-09T07:43:57Z
2023-02-10,FPT,45.25,45.31,44.92,45.03,725000,KBS,2026-10-09T07:43:57Z
2023-02-13,FPT,45.03,45.31,44.64,45.03,613200,KBS,2026-10-09T07:43:57Z
2023-02-14,FPT,45.03,45.19,44.75,45.08,619700,KBS,2026-10-09T07:43:57Z
2023-02-15,FPT,44.92,45.7,44.8,45.53,645200,KBS,2026-10-09T07:43:57Z
2023-02-16,FPT,45.53,45.75,45.03,45.53,424200,KBS,2026-10-09T07:43:57Z
2023-02-17,FPT,45.31,45.53,45.19,45.53,467600,KBS,2026-10-09T07:43:57Z
2023-02-20,FPT,45.53,46.31,45.42,46.2,1275100,KBS,2026-10-09T07:43:57Z
2023-02-21,FPT,46.2,46.7,46.09,46.2,840000,KBS,2026-10-09T07:43:57Z
2023-02-22,FPT,45.92,46.03,45.64,45.64,747200,KBS,2026-10-09T07:43:57Z
2023-02-23,FPT,45.58,45.58,44.97,45.42,1160500,KBS,2026-10-09T07:43:57Z
2023-02-24,FPT,45.25,45.36,44.86,45.08,559200,KBS,2026-10-09T07:43:57Z
2023-02-27,FPT,44.64,44.92,44.58,44.8,1015400,KBS,2026-10-09T07:43:57Z
2023-02-28,FPT,44.64,45.03,44.36,44.92,524300,KBS,2026-10-09T07:43:57Z
2023-03-01,FPT,44.36,44.92,43.91,44.92,1376400,KBS,2026-10-09T07:43:57Z
2023-03-02,FPT,44.64,44.92,44.52,44.64,430800,KBS,2026-10-09T07:43:57Z
2023-03-03,FPT,44.25,44.64,43.8,43.8,740800,KBS,2026-10-09T07:43:57Z
2023-03-06,FPT,43.58,44.52,43.58,43.63,817200,KBS,2026-10-09T07:43:57Z
2023-03-07,FPT,44.13,44.58,43.97,43.97,792000,KBS,2026-10-09T07:43:57Z
2023-03-08,FPT,43.8,44.36,43.8,44.36,510600,KBS,2026-10-09T07:43:57Z
2023-03-09,FPT,44.36,45.03,44.19,44.97,640300,KBS,2026-10-09T07:43:57Z
2023-03-10,FPT,44.75,44.86,44.08,44.36,640900,KBS,2026-10-09T07:43:57Z
2023-03-13,FPT,43.58,44.3,43.58,44.02,886500,KBS,2026-10-09T07:43:57Z
2023-03-14,FPT,44.08,44.13,43.8,43.91,427400,KBS,2026-10-09T07:43:57Z
2023-03-15,FPT,44.13,44.92,44.13,44.92,691800,KBS,2026-10-09T07:43:57Z
2023-03-16,FPT,44.64,44.64,43.74,44.19,850000,KBS,2026-10-09T07:43:57Z
2023-03-17,FPT,44.41,44.64,43.86,44.08,429400,KBS,2026-10-09T07:43:57Z
2023-03-20,FPT,44.13,44.25,43.3,43.3,769800,KBS,2026-10-09T07:43:57Z
2023-03-21,FPT,43.86,43.91,43.02,43.58,536200,KBS,2026-10-09T07:43:57Z
2023-03-22,FPT,43.63,43.86,43.3,43.8,610400,KBS,2026-10-09T07:43:57Z
2023-03-23,FPT,43.74,43.8,43.3,43.52,356600,KBS,2026-10-09T07:43:57Z
2023-03-24,FPT,43.69,43.97,43.52,43.86,366700,KBS,2026-10-09T07:43:57Z
2023-03-27,FPT,44.02,44.19,43.8,44.13,767200,KBS,2026-10-09T07:43:57Z
2023-03-28,FPT,44.19,44.19,43.24,44.19,1000400,KBS,2026-10-09T07:43:57Z
2023-03-29,FPT,44.19,44.25,43.86,44.08,404500,KBS,2026-10-09T07:43:57Z
2023-03-30,FPT,44.08,44.25,43.97,44.13,408400,KBS,2026-10-09T07:43:57Z
2023-03-31,FPT,44.13,44.36,44.08,44.13,671600,KBS,2026-10-09T07:43:57Z
2023-04-03,FPT,44.3,45.14,44.13,45.14,1170200,KBS,2026-10-09T07:43:57Z
2023-04-04,FPT,45.14,45.19,44.64,44.92,584600,KBS,2026-10-09T07:43:57Z
2023-04-05,FPT,44.92,44.97,44.47,44.97,422000,KBS,2026-10-09T07:43:57Z
2023-04-06,FPT,45.03,45.47,44.8,44.8,612900,KBS,2026-10-09T07:43:57Z
2023-04-07,FPT,44.75,45.03,44.64,44.92,359800,KBS,2026-10-09T07:43:57Z
2023-04-10,FPT,45.19,45.19,44.69,44.8,769800,KBS,2026-10-09T07:43:57Z
2023-04-11,FPT,44.75,44.92,44.69,44.8,534000,KBS,2026-10-09T07:43:57Z
2023-04-12,FPT,44.8,44.92,44.58,44.8,574700,KBS,2026-10-09T07:43:57Z
2023-04-13,FPT,44.8,44.86,44.25,44.41,540500,KBS,2026-10-09T07:43:57Z
2023-04-14,FPT,44.58,44.69,44.25,44.41,398800,KBS,2026-10-09T07:43:57Z
2023-04-17,FPT,44.41,44.47,44.08,44.41,449900,KBS,2026-10-09T07:43:57Z
2023-04-18,FPT,44.41,44.64,44.19,44.3,301600,KBS,2026-10-09T07:43:57Z
2023-04-19,FPT,44.52,44.52,44.25,44.25,419800,KBS,2026-10-09T07:43:57Z
2023-04-20,FPT,44.52,44.52,44.19,44.3,364400,KBS,2026-10-09T07:43:57Z
2023-04-21,FPT,44.64,44.64,44.25,44.25,324000,KBS,2026-10-09T07:43:57Z
2023-04-24,FPT,44.36,44.97,44.08,44.13,794500,KBS,2026-10-09T07:43:57Z
2023-04-25,FPT,44.13,44.25,43.69,43.74,540000,KBS,2026-10-09T07:43:57Z
2023-04-26,FPT,43.58,43.74,43.3,43.69,772000,KBS,2026-10-09T07:43:57Z
2023-04-27,FPT,43.58,43.97,43.58,43.69,221000,KBS,2026-10-09T07:43:57Z
2023-04-28,FPT,43.97,43.97,43.24,43.24,945600,KBS,2026-10-09T07:43:57Z
2023-05-04,FPT,43.41,43.91,43.3,43.8,497200,KBS,2026-10-09T07:43:57Z
2023-05-05,FPT,43.86,43.86,43.63,43.74,319200,KBS,2026-10-09T07:43:57Z
2023-05-08,FPT,43.8,44.02,43.74,43.8,362900,KBS,2026-10-09T07:43:57Z
2023-05-09,FPT,43.86,44.52,43.86,44.02,605900,KBS,2026-10-09T07:43:57Z
2023-05-10,FPT,44.08,44.41,44.08,44.08,632500,KBS,2026-10-09T07:43:57Z
2023-05-11,FPT,44.13,44.41,44.08,44.13,475900,KBS,2026-10-09T07:43:57Z
2023-05-12,FPT,44.25,44.97,43.97,44.92,1083100,KBS,2026-10-09T07:43:57Z
2023-05-15,FPT,45.42,45.64,45.08,45.19,934700,KBS,2026-10-09T07:43:57Z
2023-05-16,FPT,45.19,45.58,45.08,45.47,766500,KBS,2026-10-09T07:43:57Z
2023-05-17,FPT,45.7,46.14,45.25,45.47,976200,KBS,2026-10-09T07:43:57Z
2023-05-18,FPT,45.64,46.31,45.42,46.25,1549800,KBS,2026-10-09T07:43:57Z
2023-05-19,FPT,46.31,46.48,45.64,46.2,1073600,KBS,2026-10-09T07:43:57Z
2023-05-22,FPT,46.2,46.2,45.75,46.03,561000,KBS,2026-10-09T07:43:57Z
2023-05-23,FPT,46.03,46.03,45.42,45.75,656500,KBS,2026-10-09T07:43:57Z
2023-05-24,FPT,45.75,45.81,45.25,45.36,464300,KBS,2026-10-09T07:43:57Z
2023-05-25,FPT,45.31,46.53,45.19,46.42,1341300,KBS,2026-10-09T07:43:57Z
2023-05-26,FPT,46.37,46.53,45.92,46.37,864400,KBS,2026-10-09T07:43:57Z
2023-05-29,FPT,46.59,46.7,46.25,46.37,879600,KBS,2026-10-09T07:43:57Z
2023-05-30,FPT,46.31,47.37,46.25,46.87,1659100,KBS,2026-10-09T07:43:57Z
2023-05-31,FPT,46.98,46.98,46.37,46.92,839400,KBS,2026-10-09T07:43:57Z
2023-06-01,FPT,46.87,46.87,46.37,46.59,537300,KBS,2026-10-09T07:43:57Z
2023-06-02,FPT,46.59,47.04,46.37,46.76,735900,KBS,2026-10-09T07:43:57Z
2023-06-05,FPT,46.81,47.54,46.76,47.43,1425500,KBS,2026-10-09T07:43:57Z
2023-06-06,FPT,47.59,47.59,47.26,47.59,514000,KBS,2026-10-09T07:43:57Z
2023-06-07,FPT,47.43,47.65,47.04,47.43,705800,KBS,2026-10-09T07:43:57Z
2023-06-08,FPT,47.26,47.37,46.59,46.64,1244500,KBS,2026-10-09T07:43:57Z
2023-06-09,FPT,47.04,47.26,46.7,47.2,680200,KBS,2026-10-09T07:43:57Z
2023-06-12,FPT,47.15,47.37,46.64,47.37,519700,KBS,2026-10-09T07:43:57Z
2023-06-13,FPT,47.09,47.37,47.04,47.09,466800,KBS,2026-10-09T07:43:57Z
2023-06-14,FPT,47.04,47.31,46.92,46.98,658600,KBS,2026-10-09T07:43:57Z
2023-06-15,FPT,46.98,47.09,46.64,46.92,798600,KBS,2026-10-09T07:43:57Z
2023-06-16,FPT,46.92,48.1,46.53,47.15,2231500,KBS,2026-10-09T07:43:57Z
2023-06-19,FPT,47.26,47.7,47.15,47.26,663200,KBS,2026-10-09T07:43:57Z
2023-06-20,FPT,47.43,47.87,47.26,47.7,944500,KBS,2026-10-09T07:43:57Z
2023-06-21,FPT,47.7,48.21,47.65,47.87,705800,KBS,2026-10-09T07:43:57Z
2023-06-22,FPT,48.04,48.26,47.26,47.7,1019700,KBS,2026-10-09T07:43:57Z
2023-06-23,FPT,47.76,47.76,47.31,47.48,822000,KBS,2026-10-09T07:43:57Z
2023-06-26,FPT,47.48,47.87,47.2,47.87,859400,KBS,2026-10-09T07:43:57Z
2023-06-27,FPT,47.98,48.71,47.98,48.71,1540400,KBS,2026-10-09T07:43:57Z
2023-06-28,FPT,48.76,48.99,48.54,48.54,964900,KBS,2026-10-09T07:43:57Z
2023-06-29,FPT,48.54,48.6,48.26,48.26,562400,KBS,2026-10-09T07:43:57Z
2023-06-30,FPT,48.26,48.32,47.98,47.98,733500,KBS,2026-10-09T07:43:57Z
2023-07-03,FPT,48.26,48.43,47.98,48.21,1039600,KBS,2026-10-09T07:43:57Z
2023-07-04,FPT,48.21,48.54,48.1,48.54,1328100,KBS,2026-10-09T07:43:57Z
2023-07-05,FPT,48.74,49.64,48.54,48.54,1787300,KBS,2026-10-09T07:43:57Z
2023-07-06,FPT,48.54,48.8,48.02,48.41,1517000,KBS,2026-10-09T07:43:57Z
2023-07-07,FPT,48.15,49.0,48.15,48.87,896300,KBS,2026-10-09T07:43:57Z
2023-07-10,FPT,48.87,49.26,48.61,48.87,1154300,KBS,2026-10-09T07:43:57Z
2023-07-11,FPT,48.87,48.93,48.67,48.67,1091300,KBS,2026-10-09T07:43:57Z
2023-07-12,FPT,48.67,49.13,48.61,48.87,904900,KBS,2026-10-09T07:43:57Z
2023-07-13,FPT,49.19,49.19,48.93,49.19,1252400,KBS,2026-10-09T07:43:57Z
2023-07-14,FPT,49.9,50.81,49.38,50.81,2822800,KBS,2026-10-09T07:43:57Z
2023-07-17,FPT,51.27,51.4,50.94,51.27,1153300,KBS,2026-10-09T07:43:57Z
2023-07-18,FPT,51.27,51.27,50.68,51.07,718300,KBS,2026-10-09T07:43:57Z
2023-07-19,FPT,50.94,51.2,50.81,50.94,708600,KBS,2026-10-09T07:43:57Z
2023-07-20,FPT,51.01,52.76,50.94,52.11,2294300,KBS,2026-10-09T07:43:57Z
2023-07-21,FPT,51.72,52.56,51.66,52.56,1273600,KBS,2026-10-09T07:43:57Z
2023-07-24,FPT,52.56,52.76,52.31,52.56,1172700,KBS,2026-10-09T07:43:57Z
2023-07-25,FPT,52.56,53.34,52.56,52.76,1056900,KBS,2026-10-09T07:43:57Z
2023-07-26,FPT,52.7,53.67,52.63,53.67,1270800,KBS,2026-10-09T07:43:57Z
2023-07-27,FPT,53.73,54.77,53.73,54.32,1417700,KBS,2026-10-09T07:43:57Z
2023-07-28,FPT,54.19,54.77,53.93,54.77,898400,KBS,2026-10-09T07:43:57Z
2023-07-31,FPT,54.97,55.68,54.77,55.55,1471500,KBS,2026-10-09T07:43:57Z
2023-08-01,FPT,55.55,56.0,54.84,54.84,1287300,KBS,2026-10-09T07:43:57Z
2023-08-02,FPT,54.84,55.03,54.19,54.19,996300,KBS,2026-10-09T07:43:57Z
2023-08-03,FPT,54.38,54.64,53.8,54.32,907900,KBS,2026-10-09T07:43:57Z
2023-08-04,FPT,54.51,54.84,54.06,54.06,1618900,KBS,2026-10-09T07:43:57Z
2023-08-07,FPT,54.25,54.84,54.06,54.84,752500,KBS,2026-10-09T07:43:57Z
2023-08-08,FPT,54.51,54.9,54.38,54.64,636000,KBS,2026-10-09T07:43:57Z
2023-08-09,FPT,54.51,54.97,53.86,53.93,982700,KBS,2026-10-09T07:43:57Z
2023-08-10,FPT,53.93,54.06,53.34,53.34,1343300,KBS,2026-10-09T07:43:57Z
2023-08-11,FPT,53.21,53.86,52.89,53.21,1142900,KBS,2026-10-09T07:43:57Z
2023-08-14,FPT,53.28,53.99,53.21,53.6,1014100,KBS,2026-10-09T07:43:57Z
2023-08-15,FPT,53.6,54.71,52.89,54.51,1675600,KBS,2026-10-09T07:43:57Z
2023-08-16,FPT,53.99,55.29,53.99,55.23,2595400,KBS,2026-10-09T07:43:57Z
2023-08-17,FPT,55.16,56.59,55.16,55.81,3693800,KBS,2026-10-09T07:43:57Z
2023-08-18,FPT,55.55,57.04,54.71,55.49,4243700,KBS,2026-10-09T07:43:57Z
2023-08-21,FPT,55.74,56.26,55.49,55.74,2452800,KBS,2026-10-09T07:43:57Z
2023-08-22,FPT,56.0,56.14,53.86,56.14,2330300,KBS,2026-10-09T07:43:57Z
2023-08-23,FPT,56.07,56.33,54.97,56.14,1418500,KBS,2026-10-09T07:43:57Z
2023-08-24,FPT,56.14,59.16,55.87,59.09,5251600,KBS,2026-10-09T07:43:57Z
2023-08-25,FPT,58.76,59.75,58.5,59.48,2791400,KBS,2026-10-09T07:43:57Z
2023-08-28,FPT,60.4,61.91,59.75,61.72,2950700,KBS,2026-10-09T07:43:57Z
2023-08-29,FPT,61.72,61.72,60.93,61.45,1547400,KBS,2026-10-09T07:43:57Z
2023-08-30,FPT,61.19,64.47,61.12,63.42,2360700,KBS,2026-10-09T07:43:57Z
2023-08-31,FPT,63.42,64.01,63.09,63.49,1403700,KBS,2026-10-09T07:43:57Z
2023-09-05,FPT,63.75,64.8,63.55,63.55,1439600,KBS,2026-10-09T07:43:57Z
2023-09-06,FPT,63.75,65.0,63.22,65.0,2491000,KBS,2026-10-09T07:43:57Z
2023-09-07,FPT,65.0,66.18,64.08,64.28,3249600,KBS,2026-10-09T07:43:57Z
2023-09-08,FPT,64.01,64.67,63.68,64.08,2115600,KBS,2026-10-09T07:43:57Z
2023-09-11,FPT,64.8,65.33,62.57,63.95,5149800,KBS,2026-10-09T07:43:57Z
2023-09-12,FPT,63.95,64.93,63.95,64.93,2680700,KBS,2026-10-09T07:43:57Z
2023-09-13,FPT,64.93,65.0,63.95,64.34,2889300,KBS,2026-10-09T07:43:57Z
2023-09-14,FPT,64.34,64.34,62.7,62.96,2319700,KBS,2026-10-09T07:43:57Z
2023-09-15,FPT,63.03,64.21,62.57,64.01,2134800,KBS,2026-10-09T07:43:57Z
2023-09-18,FPT,63.62,63.62,62.83,63.62,2026900,KBS,2026-10-09T07:43:57Z
2023-09-19,FPT,63.55,64.6,62.96,64.6,3583600,KBS,2026-10-09T07:43:57Z
2023-09-20,FPT,64.87,65.46,64.67,64.67,2444800,KBS,2026-10-09T07:43:57Z
2023-09-21,FPT,64.67,64.93,63.22,63.55,3419000,KBS,2026-10-09T07:43:57Z
2023-09-22,FPT,62.44,63.68,60.8,63.49,6861000,KBS,2026-10-09T07:43:57Z
2023-09-25,FPT,63.68,64.08,61.91,61.91,2097100,KBS,2026-10-09T07:43:57Z
2023-09-26,FPT,61.85,62.7,61.12,61.39,2154100,KBS,2026-10-09T07:43:57Z
2023-09-27,FPT,61.65,61.91,59.35,61.91,4510400,KBS,2026-10-09T07:43:57Z
2023-09-28,FPT,61.78,61.91,60.01,61.72,1764400,KBS,2026-10-09T07:43:57Z
2023-09-29,FPT,61.72,62.31,60.93,60.93,1635300,KBS,2026-10-09T07:43:57Z
2023-10-02,FPT,61.32,61.58,60.4,61.19,1137500,KBS,2026-10-09T07:43:57Z
2023-10-03,FPT,60.53,61.39,60.07,60.53,2006900,KBS,2026-10-09T07:43:57Z
2023-10-04,FPT,59.94,61.32,59.94,60.73,1591700,KBS,2026-10-09T07:43:57Z
2023-10-05,FPT,60.93,61.26,60.14,60.14,1369100,KBS,2026-10-09T07:43:57Z
2023-10-06,FPT,60.07,60.93,59.75,60.86,1147700,KBS,2026-10-09T07:43:57Z
2023-10-09,FPT,60.66,62.77,60.53,62.77,3657000,KBS,2026-10-09T07:43:57Z
2023-10-10,FPT,63.36,63.82,62.63,63.22,3255500,KBS,2026-10-09T07:43:57Z
2023-10-11,FPT,62.96,64.34,62.96,63.68,2358200,KBS,2026-10-09T07:43:57Z
2023-10-12,FPT,63.68,64.21,63.03,63.29,1881200,KBS,2026-10-09T07:43:57Z
2023-10-13,FPT,63.03,63.22,62.57,63.09,2362100,KBS,2026-10-09T07:43:57Z
2023-10-16,FPT,63.55,64.93,63.22,63.55,4974600,KBS,2026-10-09T07:43:57Z
2023-10-17,FPT,64.21,64.21,61.12,61.12,2420100,KBS,2026-10-09T07:43:57Z
2023-10-18,FPT,62.31,62.31,59.75,61.06,6142800,KBS,2026-10-09T07:43:57Z
2023-10-19,FPT,61.72,61.91,60.4,60.4,3029400,KBS,2026-10-09T07:43:57Z
2023-10-20,FPT,60.73,61.06,59.16,60.99,2863200,KBS,2026-10-09T07:43:57Z
2023-10-23,FPT,61.58,61.58,59.61,59.75,1971700,KBS,2026-10-09T07:43:57Z
2023-10-24,FPT,60.66,60.66,59.61,60.4,1612400,KBS,2026-10-09T07:43:57Z
2023-10-25,FPT,60.27,60.86,59.68,59.68,1836500,KBS,2026-10-09T07:43:57Z
2023-10-26,FPT,57.97,59.02,56.46,56.99,5909500,KBS,2026-10-09T07:43:57Z
2023-10-27,FPT,57.45,57.78,56.66,57.12,2034800,KBS,2026-10-09T07:43:57Z
2023-10-30,FPT,57.12,57.18,55.81,55.81,1869500,KBS,2026-10-09T07:43:57Z
2023-10-31,FPT,55.87,56.0,54.49,54.49,3087200,KBS,2026-10-09T07:43:57Z
2023-11-01,FPT,55.35,56.07,54.23,56.07,2175200,KBS,2026-10-09T07:43:57Z
2023-11-02,FPT,56.73,58.43,56.4,58.43,2204000,KBS,2026-10-09T07:43:57Z
2023-11-03,FPT,58.43,58.56,57.12,57.12,4842300,KBS,2026-10-09T07:43:57Z
2023-11-06,FPT,57.91,58.37,57.64,58.1,1210100,KBS,2026-10-09T07:43:57Z
2023-11-07,FPT,58.1,58.3,57.71,57.97,1340200,KBS,2026-10-09T07:43:57Z
2023-11-08,FPT,57.91,60.8,57.78,60.8,2943200,KBS,2026-10-09T07:43:57Z
2023-11-09,FPT,60.4,61.26,60.27,60.73,2110200,KBS,2026-10-09T07:43:57Z
2023-11-10,FPT,60.07,60.86,59.94,60.07,2406500,KBS,2026-10-09T07:43:57Z
2023-11-13,FPT,60.14,60.4,59.42,60.01,1532100,KBS,2026-10-09T07:43:57Z
2023-11-14,FPT,60.4,61.32,59.94,60.8,1997800,KBS,2026-10-09T07:43:57Z
2023-11-15,FPT,61.52,61.58,60.4,60.66,2417600,KBS,2026-10-09T07:43:57Z
2023-11-16,FPT,60.53,61.06,60.14,61.06,1906300,KBS,2026-10-09T07:43:57Z
2023-11-17,FPT,61.32,61.39,59.48,59.75,3567900,KBS,2026-10-09T07:43:57Z
2023-11-20,FPT,59.16,60.8,58.5,59.55,1656500,KBS,2026-10-09T07:43:57Z
2023-11-21,FPT,60.4,60.4,59.55,60.34,1460700,KBS,2026-10-09T07:43:57Z
2023-11-22,FPT,60.34,61.12,60.34,61.06,3271700,KBS,2026-10-09T07:43:57Z
2023-11-23,FPT,61.26,61.52,59.61,59.61,2165700,KBS,2026-10-09T07:43:57Z
2023-11-24,FPT,59.61,60.4,59.22,59.88,2248500,KBS,2026-10-09T07:43:57Z
2023-11-27,FPT,60.01,60.01,59.16,59.55,1659500,KBS,2026-10-09T07:43:57Z
2023-11-28,FPT,59.61,60.34,59.02,59.81,1090700,KBS,2026-10-09T07:43:57Z
2023-11-29,FPT,60.14,60.4,59.81,60.2,801500,KBS,2026-10-09T07:43:57Z
2023-11-30,FPT,60.01,61.52,59.94,60.34,1982400,KBS,2026-10-09T07:43:57Z
2023-12-01,FPT,60.53,60.99,59.94,60.66,1190800,KBS,2026-10-09T07:43:57Z
2023-12-04,FPT,60.8,61.72,60.8,61.45,3462300,KBS,2026-10-09T07:43:57Z
2023-12-05,FPT,61.58,62.9,61.52,62.24,3590200,KBS,2026-10-09T07:43:57Z
2023-12-06,FPT,62.37,62.63,61.78,62.37,1220700,KBS,2026-10-09T07:43:57Z
2023-12-07,FPT,62.44,62.57,60.93,61.91,3761200,KBS,2026-10-09T07:43:57Z
2023-12-08,FPT,61.91,62.44,61.39,61.85,1745800,KBS,2026-10-09T07:43:57Z
2023-12-11,FPT,62.7,62.83,62.11,62.37,1564500,KBS,2026-10-09T07:43:57Z
2023-12-12,FPT,62.63,63.55,62.57,63.55,4084900,KBS,2026-10-09T07:43:57Z
2023-12-13,FPT,63.95,63.95,62.5,62.5,2148100,KBS,2026-10-09T07:43:57Z
2023-12-14,FPT,62.9,63.29,62.5,63.16,1712300,KBS,2026-10-09T07:43:57Z
2023-12-15,FPT,63.16,63.22,62.37,63.16,1474300,KBS,2026-10-09T07:43:57Z
2023-12-18,FPT,62.96,63.16,61.52,61.72,2266500,KBS,2026-10-09T07:43:57Z
2023-12-19,FPT,61.65,62.11,61.45,62.11,1250400,KBS,2026-10-09T07:43:57Z
2023-12-20,FPT,61.91,62.37,61.78,62.18,1349500,KBS,2026-10-09T07:43:57Z
2023-12-21,FPT,62.11,62.44,61.72,62.44,1756800,KBS,2026-10-09T07:43:57Z
2023-12-22,FPT,62.37,62.44,61.98,62.11,1275400,KBS,2026-10-09T07:43:57Z
2023-12-25,FPT,62.31,63.16,62.24,63.03,2017000,KBS,2026-10-09T07:43:57Z
2023-12-26,FPT,63.36,64.74,63.29,63.82,3359900,KBS,2026-10-09T07:43:57Z
2023-12-27,FPT,63.95,64.21,63.62,63.62,1355900,KBS,2026-10-09T07:43:57Z
2023-12-28,FPT,63.68,63.68,63.22,63.42,1196600,KBS,2026-10-09T07:43:57Z
2023-12-29,FPT,63.42,63.68,63.09,63.09,1866600,KBS,2026-10-09T07:43:57Z
2024-01-02,FPT,63.62,63.62,62.83,62.96,1714500,KBS,2026-10-09T07:43:57Z
2024-01-03,FPT,62.77,63.36,62.63,63.22,1436900,KBS,2026-10-09T07:43:57Z
2024-01-04,FPT,63.22,64.6,63.16,63.82,2973900,KBS,2026-10-09T07:43:57Z
2024-01-05,FPT,63.88,64.01,63.36,63.95,1138600,KBS,2026-10-09T07:43:57Z
2024-01-08,FPT,63.95,64.54,63.75,63.88,1443000,KBS,2026-10-09T07:43:57Z
2024-01-09,FPT,63.88,63.88,63.42,63.42,1211700,KBS,2026-10-09T07:43:57Z
2024-01-10,FPT,63.49,63.62,62.04,62.18,3302500,KBS,2026-10-09T07:43:57Z
2024-01-11,FPT,62.18,62.63,62.18,62.37,1370900,KBS,2026-10-09T07:43:57Z
2024-01-12,FPT,62.24,62.77,61.78,62.18,2597000,KBS,2026-10-09T07:43:57Z
2024-01-15,FPT,62.37,62.96,62.31,62.63,1312200,KBS,2026-10-09T07:43:57Z
2024-01-16,FPT,62.18,62.83,62.18,62.83,810000,KBS,2026-10-09T07:43:57Z
2024-01-17,FPT,62.77,63.03,62.37,62.83,1414000,KBS,2026-10-09T07:43:57Z
2024-01-18,FPT,62.83,63.03,62.5,62.77,1136900,KBS,2026-10-09T07:43:57Z
2024-01-19,FPT,63.03,63.62,62.83,63.22,1493200,KBS,2026-10-09T07:43:57Z
2024-01-22,FPT,63.55,63.55,62.9,63.29,1108000,KBS,2026-10-09T07:43:57Z
2024-01-23,FPT,63.09,63.29,62.63,62.77,1480400,KBS,2026-10-09T07:43:57Z
2024-01-24,FPT,62.9,62.9,62.31,62.37,1722100,KBS,2026-10-09T07:43:57Z
2024-01-25,FPT,62.44,62.83,62.24,62.44,845100,KBS,2026-10-09T07:43:57Z
2024-01-26,FPT,62.7,63.16,62.57,62.96,925400,KBS,2026-10-09T07:43:57Z
2024-01-29,FPT,62.96,63.09,62.57,62.96,1060700,KBS,2026-10-09T07:43:57Z
2024-01-30,FPT,62.96,62.96,62.63,62.77,949000,KBS,2026-10-09T07:43:57Z
2024-01-31,FPT,62.77,63.03,62.7,62.83,1381500,KBS,2026-10-09T07:43:57Z
2024-02-01,FPT,62.96,65.59,62.83,65.59,7793700,KBS,2026-10-09T07:43:57Z
2024-02-02,FPT,65.79,67.1,65.72,66.97,2876100,KBS,2026-10-09T07:43:57Z
2024-02-05,FPT,66.97,68.35,66.9,67.95,2694400,KBS,2026-10-09T07:43:57Z
2024-02-06,FPT,68.02,68.94,67.56,68.35,1884300,KBS,2026-10-09T07:43:57Z
2024-02-07,FPT,68.74,68.94,68.22,68.87,2125400,KBS,2026-10-09T07:43:57Z
2024-02-15,FPT,69.07,69.27,68.15,68.28,2248400,KBS,2026-10-09T07:43:57Z
2024-02-16,FPT,68.28,69.0,68.15,69.0,2066000,KBS,2026-10-09T07:43:57Z
2024-02-19,FPT,69.27,70.25,68.94,68.94,2031800,KBS,2026-10-09T07:43:57Z
2024-02-20,FPT,69.07,69.07,68.28,68.48,1844300,KBS,2026-10-09T07:43:57Z
2024-02-21,FPT,68.28,70.18,67.95,69.53,3137500,KBS,2026-10-09T07:43:57Z
2024-02-22,FPT,69.53,69.59,68.68,68.68,1718700,KBS,2026-10-09T07:43:57Z
2024-02-23,FPT,69.27,70.05,67.82,68.22,4103500,KBS,2026-10-09T07:43:57Z
2024-02-26,FPT,68.22,70.91,67.95,70.91,4466700,KBS,2026-10-09T07:43:57Z
2024-02-27,FPT,71.24,71.89,70.51,70.84,2800800,KBS,2026-10-09T07:43:57Z
2024-02-28,FPT,70.91,71.24,69.79,71.24,3461700,KBS,2026-10-09T07:43:57Z
2024-02-29,FPT,71.04,71.83,70.71,71.56,2824800,KBS,2026-10-09T07:43:57Z
2024-03-01,FPT,71.69,73.14,71.63,72.74,4019400,KBS,2026-10-09T07:43:57Z
2024-03-04,FPT,72.88,73.4,72.74,73.14,3087100,KBS,2026-10-09T07:43:57Z
2024-03-05,FPT,73.14,73.14,72.15,72.68,3383000,KBS,2026-10-09T07:43:57Z
2024-03-06,FPT,72.22,72.48,71.17,71.63,3702600,KBS,2026-10-09T07:43:57Z
2024-03-07,FPT,71.63,74.78,71.04,73.07,4037600,KBS,2026-10-09T07:43:57Z
2024-03-08,FPT,73.07,73.93,71.89,72.22,3115600,KBS,2026-10-09T07:43:57Z
2024-03-11,FPT,72.22,74.52,72.22,72.22,3381500,KBS,2026-10-09T07:43:57Z
2024-03-12,FPT,72.22,74.52,72.22,73.47,2907800,KBS,2026-10-09T07:43:57Z
2024-03-13,FPT,74.06,76.82,73.53,76.82,5114200,KBS,2026-10-09T07:43:57Z
2024-03-14,FPT,77.8,77.8,75.96,76.82,3463000,KBS,2026-10-09T07:43:57Z
2024-03-15,FPT,76.68,76.68,75.18,76.16,3838400,KBS,2026-10-09T07:43:57Z
2024-03-18,FPT,76.03,76.03,72.94,74.19,5884600,KBS,2026-10-09T07:43:57Z
2024-03-19,FPT,74.19,74.19,72.94,73.53,3315400,KBS,2026-10-09T07:43:57Z
2024-03-20,FPT,73.73,75.5,72.94,75.18,3475700,KBS,2026-10-09T07:43:57Z
2024-03-21,FPT,75.63,76.29,75.24,76.29,3757800,KBS,2026-10-09T07:43:57Z
2024-03-22,FPT,76.36,76.36,75.18,75.44,2414800,KBS,2026-10-09T07:43:57Z
2024-03-25,FPT,74.91,75.57,74.72,74.85,2794400,KBS,2026-10-09T07:43:57Z
2024-03-26,FPT,74.85,75.83,74.58,75.5,1693300,KBS,2026-10-09T07:43:57Z
2024-03-27,FPT,75.31,75.7,74.91,75.63,1320200,KBS,2026-10-09T07:43:57Z
2024-03-28,FPT,76.09,77.08,75.7,76.88,2803200,KBS,2026-10-09T07:43:57Z
2024-03-29,FPT,76.42,76.95,76.16,76.49,1343500,KBS,2026-10-09T07:43:57Z
2024-04-01,FPT,76.16,77.21,75.63,76.68,1974600,KBS,2026-10-09T07:43:57Z
2024-04-02,FPT,75.76,76.82,75.76,76.82,2285800,KBS,2026-10-09T07:43:57Z
2024-04-03,FPT,76.22,76.82,75.57,75.57,2549000,KBS,2026-10-09T07:43:57Z
2024-04-04,FPT,75.5,76.03,74.85,74.85,2359500,KBS,2026-10-09T07:43:57Z
2024-04-05,FPT,74.26,75.31,73.93,74.65,2759000,KBS,2026-10-09T07:43:57Z
2024-04-08,FPT,74.65,74.65,73.93,73.93,1952000,KBS,2026-10-09T07:43:57Z
2024-04-09,FPT,73.93,74.32,73.86,74.19,1432500,KBS,2026-10-09T07:43:57Z
2024-04-10,FPT,74.52,75.9,74.39,74.72,1791100,KBS,2026-10-09T07:43:57Z
2024-04-11,FPT,74.52,75.76,74.39,75.44,1549400,KBS,2026-10-09T07:43:57Z
2024-04-12,FPT,76.09,76.09,75.04,75.83,1367300,KBS,2026-10-09T07:43:57Z
2024-04-15,FPT,75.83,75.9,73.2,73.27,3701900,KBS,2026-10-09T07:43:57Z
2024-04-16,FPT,73.53,74.32,73.2,74.19,3642700,KBS,2026-10-09T07:43:57Z
2024-04-17,FPT,74.26,74.26,73.27,73.4,1943300,KBS,2026-10-09T07:43:57Z
2024-04-19,FPT,72.55,73.01,71.56,71.56,5361100,KBS,2026-10-09T07:43:57Z
2024-04-22,FPT,72.22,73.14,71.5,72.42,2397300,KBS,2026-10-09T07:43:57Z
2024-04-23,FPT,72.81,74.39,72.15,73.73,4037600,KBS,2026-10-09T07:43:57Z
2024-04-24,FPT,74.58,78.85,74.32,78.85,10158700,KBS,2026-10-09T07:43:57Z
2024-04-25,FPT,80.43,84.04,80.03,80.89,5707700,KBS,2026-10-09T07:43:57Z
2024-04-26,FPT,80.76,82.33,80.23,80.89,3396500,KBS,2026-10-09T07:43:57Z
2024-05-02,FPT,81.28,84.69,81.08,83.58,3469300,KBS,2026-10-09T07:43:57Z
2024-05-03,FPT,84.1,84.3,82.46,82.66,3191200,KBS,2026-10-09T07:43:57Z
2024-05-06,FPT,83.05,83.78,81.74,83.78,2704600,KBS,2026-10-09T07:43:57Z
2024-05-07,FPT,84.04,86.4,83.51,86.2,3122800,KBS,2026-10-09T07:43:57Z
2024-05-08,FPT,85.42,86.01,84.89,86.01,3017800,KBS,2026-10-09T07:43:57Z
2024-05-09,FPT,85.74,87.19,85.35,85.55,2203300,KBS,2026-10-09T07:43:57Z
2024-05-10,FPT,86.2,86.8,84.83,86.01,3789700,KBS,2026-10-09T07:43:57Z
2024-05-13,FPT,86.2,86.34,84.56,85.15,1852200,KBS,2026-10-09T07:43:57Z
2024-05-14,FPT,85.35,86.47,85.09,85.68,2304600,KBS,2026-10-09T07:43:57Z
2024-05-15,FPT,86.34,88.3,86.2,88.04,3653100,KBS,2026-10-09T07:43:57Z
2024-05-16,FPT,89.03,90.14,88.11,88.9,3119000,KBS,2026-10-09T07:43:57Z
2024-05-17,FPT,88.9,89.29,87.78,88.3,2306400,KBS,2026-10-09T07:43:57Z
2024-05-20,FPT,88.76,89.36,87.32,87.32,2013500,KBS,2026-10-09T07:43:57Z
2024-05-21,FPT,87.98,89.29,87.65,89.29,3471900,KBS,2026-10-09T07:43:57Z
2024-05-22,FPT,90.54,91.72,89.36,90.6,4511800,KBS,2026-10-09T07:43:57Z
2024-05-23,FPT,90.28,90.47,88.63,90.28,3621500,KBS,2026-10-09T07:43:57Z
2024-05-24,FPT,90.6,90.6,85.74,86.6,13375600,KBS,2026-10-09T07:43:57Z
2024-05-27,FPT,87.32,87.65,85.74,87.19,5157800,KBS,2026-10-09T07:43:57Z
2024-05-28,FPT,87.98,89.95,87.39,89.95,4625300,KBS,2026-10-09T07:43:57Z
2024-05-29,FPT,90.01,90.74,88.5,89.09,5837600,KBS,2026-10-09T07:43:57Z
2024-05-30,FPT,87.85,88.63,86.6,88.63,7261300,KBS,2026-10-09T07:43:57Z
2024-05-31,FPT,88.63,89.82,87.85,88.37,2633500,KBS,2026-10-09T07:43:57Z
2024-06-03,FPT,88.63,90.34,88.44,89.88,7773600,KBS,2026-10-09T07:43:57Z
2024-06-04,FPT,91.26,91.46,90.47,91.33,7009800,KBS,2026-10-09T07:43:57Z
2024-06-05,FPT,91.92,95.13,91.72,91.98,6321600,KBS,2026-10-09T07:43:57Z
2024-06-06,FPT,92.11,93.03,91.13,91.65,5211800,KBS,2026-10-09T07:43:57Z
2024-06-07,FPT,92.57,93.23,92.24,93.23,3756900,KBS,2026-10-09T07:43:57Z
2024-06-10,FPT,94.21,95.2,93.89,94.54,3775400,KBS,2026-10-09T07:43:57Z
2024-06-11,FPT,94.74,96.18,93.95,96.18,6327300,KBS,2026-10-09T07:43:57Z
2024-06-12,FPT,97.25,100.9,97.17,100.37,11215500,KBS,2026-10-09T07:43:57Z
2024-06-13,FPT,101.66,101.73,98.84,98.84,8136200,KBS,2026-10-09T07:43:57Z
2024-06-14,FPT,98.92,100.82,98.08,99.6,6406200,KBS,2026-10-09T07:43:57Z
2024-06-17,FPT,99.6,99.91,97.7,97.93,4867600,KBS,2026-10-09T07:43:57Z
2024-06-18,FPT,97.93,98.62,97.32,97.32,6680000,KBS,2026-10-09T07:43:57Z
2024-06-19,FPT,97.32,100.97,96.26,99.99,9669200,KBS,2026-10-09T07:43:57Z
2024-06-20,FPT,101.13,103.18,100.21,101.35,10465700,KBS,2026-10-09T07:43:57Z
2024-06-21,FPT,101.81,103.48,101.35,103.48,7653300,KBS,2026-10-09T07:43:57Z
2024-06-24,FPT,102.65,103.03,100.37,100.44,13186900,KBS,2026-10-09T07:43:57Z
2024-06-25,FPT,99.6,99.68,97.78,98.84,13706800,KBS,2026-10-09T07:43:57Z
2024-06-26,FPT,99.6,100.21,98.39,100.21,7147400,KBS,2026-10-09T07:43:57Z
2024-06-27,FPT,99.83,101.96,99.45,100.97,6403700,KBS,2026-10-09T07:43:57Z
2024-06-28,FPT,100.97,100.97,99.15,99.22,6633000,KBS,2026-10-09T07:43:57Z
2024-07-01,FPT,99.15,99.15,97.7,97.78,6376000,KBS,2026-10-09T07:43:57Z
2024-07-02,FPT,97.78,100.44,96.94,97.32,6720600,KBS,2026-10-09T07:43:57Z
2024-07-03,FPT,99.22,100.97,98.92,99.6,7634100,KBS,2026-10-09T07:43:57Z
2024-07-04,FPT,100.44,103.26,100.44,103.26,8117900,KBS,2026-10-09T07:43:57Z
2024-07-05,FPT,103.48,106.22,103.48,105.46,7789400,KBS,2026-10-09T07:43:57Z
2024-07-08,FPT,105.31,106.14,104.55,106.14,5865700,KBS,2026-10-09T07:43:57Z
2024-07-09,FPT,105.76,105.92,103.41,104.55,9676100,KBS,2026-10-09T07:43:57Z
2024-07-10,FPT,103.41,104.17,101.89,101.89,6294700,KBS,2026-10-09T07:43:57Z
2024-07-11,FPT,101.96,102.95,100.75,101.13,6842100,KBS,2026-10-09T07:43:57Z
2024-07-12,FPT,100.52,103.41,100.52,101.73,3553400,KBS,2026-10-09T07:43:57Z
2024-07-15,FPT,101.51,102.5,100.59,100.9,3067200,KBS,2026-10-09T07:43:57Z
2024-07-16,FPT,101.58,102.27,100.59,101.89,4002300,KBS,2026-10-09T07:43:57Z
2024-07-17,FPT,101.89,101.96,98.77,100.29,6970100,KBS,2026-10-09T07:43:57Z
2024-07-18,FPT,99.91,99.91,97.17,97.25,10800200,KBS,2026-10-09T07:43:57Z
2024-07-19,FPT,97.78,98.31,95.8,95.8,6551700,KBS,2026-10-09T07:43:57Z
2024-07-22,FPT,95.8,95.8,93.68,94.36,6216900,KBS,2026-10-09T07:43:57Z
2024-07-23,FPT,94.97,96.94,94.89,95.42,5311600,KBS,2026-10-09T07:43:57Z
2024-07-24,FPT,95.42,96.26,94.28,95.8,4151700,KBS,2026-10-09T07:43:57Z
2024-07-25,FPT,94.44,95.42,94.36,95.04,2563400,KBS,2026-10-09T07:43:57Z
2024-07-26,FPT,95.73,97.32,94.59,97.32,3951100,KBS,2026-10-09T07:43:57Z
2024-07-29,FPT,98.84,99.3,98.08,98.08,4859800,KBS,2026-10-09T07:43:57Z
2024-07-30,FPT,98.08,98.46,96.56,97.32,2373800,KBS,2026-10-09T07:43:57Z
2024-07-31,FPT,96.79,97.78,96.26,97.78,2869200,KBS,2026-10-09T07:43:57Z
2024-08-01,FPT,98.54,98.62,94.36,94.89,6870300,KBS,2026-10-09T07:43:57Z
2024-08-02,FPT,92.84,94.89,92.0,93.68,9944700,KBS,2026-10-09T07:43:57Z
2024-08-05,FPT,92.08,93.45,89.26,90.18,10415200,KBS,2026-10-09T07:43:57Z
2024-08-06,FPT,91.24,92.69,91.09,91.85,6728100,KBS,2026-10-09T07:43:57Z
2024-08-07,FPT,92.0,92.76,91.39,92.76,2822800,KBS,2026-10-09T07:43:57Z
2024-08-08,FPT,92.46,93.07,91.93,92.31,2654900,KBS,2026-10-09T07:43:57Z
2024-08-09,FPT,93.07,96.49,92.76,96.49,5496400,KBS,2026-10-09T07:43:57Z
2024-08-12,FPT,96.49,99.0,95.96,98.84,6183500,KBS,2026-10-09T07:43:57Z
2024-08-13,FPT,98.62,99.0,97.32,98.62,4097900,KBS,2026-10-09T07:43:57Z
2024-08-14,FPT,99.38,99.99,98.46,98.46,2862200,KBS,2026-10-09T07:43:57Z
2024-08-15,FPT,98.16,98.46,97.48,97.86,2257600,KBS,2026-10-09T07:43:57Z
2024-08-16,FPT,98.16,99.6,98.16,99.3,5093600,KBS,2026-10-09T07:43:57Z
2024-08-19,FPT,99.68,99.91,98.84,99.22,2498400,KBS,2026-10-09T07:43:57Z
2024-08-20,FPT,99.38,100.75,99.38,99.99,3741400,KBS,2026-10-09T07:43:57Z
2024-08-21,FPT,99.3,101.73,99.3,101.51,6119700,KBS,2026-10-09T07:43:57Z
2024-08-22,FPT,101.89,102.27,101.51,101.73,3020500,KBS,2026-10-09T07:43:57Z
2024-08-23,FPT,101.66,101.66,100.67,101.2,3055000,KBS,2026-10-09T07:43:57Z
2024-08-26,FPT,101.35,101.51,99.99,99.99,2590300,KBS,2026-10-09T07:43:57Z
2024-08-27,FPT,99.99,100.82,99.15,100.75,2338500,KBS,2026-10-09T07:43:57Z
2024-08-28,FPT,101.13,102.27,101.05,101.35,2711500,KBS,2026-10-09T07:43:57Z
2024-08-29,FPT,100.97,101.73,100.52,101.66,2092700,KBS,2026-10-09T07:43:57Z
2024-08-30,FPT,101.51,102.57,101.13,102.5,3315800,KBS,2026-10-09T07:43:57Z
2024-09-04,FPT,101.13,101.13,99.99,101.13,4535200,KBS,2026-10-09T07:43:57Z
2024-09-05,FPT,101.13,101.13,98.62,99.3,8055600,KBS,2026-10-09T07:43:57Z
2024-09-06,FPT,99.22,101.05,99.07,100.44,3821400,KBS,2026-10-09T07:43:57Z
2024-09-09,FPT,99.45,100.29,98.92,99.83,2885200,KBS,2026-10-09T07:43:57Z
2024-09-10,FPT,99.6,99.6,98.54,98.84,4195100,KBS,2026-10-09T07:43:57Z
2024-09-11,FPT,98.84,99.83,98.69,99.3,3190400,KBS,2026-10-09T07:43:57Z
2024-09-12,FPT,99.6,100.75,99.6,100.59,4118000,KBS,2026-10-09T07:43:57Z
2024-09-13,FPT,100.52,101.43,100.37,101.13,3186800,KBS,2026-10-09T07:43:57Z
2024-09-16,FPT,100.21,101.13,99.68,99.68,1915700,KBS,2026-10-09T07:43:57Z
2024-09-17,FPT,99.76,101.05,99.76,101.05,2651400,KBS,2026-10-09T07:43:57Z
2024-09-18,FPT,101.43,102.8,101.05,102.34,5379600,KBS,2026-10-09T07:43:57Z
2024-09-19,FPT,102.65,103.26,102.12,102.8,5154300,KBS,2026-10-09T07:43:57Z
2024-09-20,FPT,103.64,104.17,102.65,102.88,3719700,KBS,2026-10-09T07:43:57Z
2024-09-23,FPT,103.33,103.33,101.43,101.89,2441200,KBS,2026-10-09T07:43:57Z
2024-09-24,FPT,101.89,102.42,101.66,102.27,2011400,KBS,2026-10-09T07:43:57Z
2024-09-25,FPT,102.12,102.5,101.58,102.5,4479900,KBS,2026-10-09T07:43:57Z
2024-09-26,FPT,102.65,102.65,101.81,102.12,2815600,KBS,2026-10-09T07:43:57Z
2024-09-27,FPT,102.12,102.19,101.51,102.04,3352800,KBS,2026-10-09T07:43:57Z
2024-09-30,FPT,102.04,102.27,101.13,102.27,3030500,KBS,2026-10-09T07:43:57Z
2024-10-01,FPT,102.42,103.56,102.42,103.33,4725900,KBS,2026-10-09T07:43:57Z
2024-10-02,FPT,102.34,103.33,102.34,102.95,1719800,KBS,2026-10-09T07:43:57Z
2024-10-03,FPT,102.95,103.48,101.89,101.89,2300800,KBS,2026-10-09T07:43:57Z
2024-10-04,FPT,102.12,102.5,101.51,101.96,1468400,KBS,2026-10-09T07:43:57Z
2024-10-07,FPT,102.04,102.57,101.58,101.96,1330500,KBS,2026-10-09T07:43:57Z
2024-10-08,FPT,101.96,102.72,101.58,101.73,2108600,KBS,2026-10-09T07:43:57Z
2024-10-09,FPT,102.12,103.26,102.12,102.95,2619900,KBS,2026-10-09T07:43:57Z
2024-10-10,FPT,103.26,107.97,103.26,107.74,9952200,KBS,2026-10-09T07:43:57Z
2024-10-11,FPT,107.97,108.58,106.14,106.14,3813600,KBS,2026-10-09T07:43:57Z
2024-10-14,FPT,107.28,107.44,104.24,104.62,5605300,KBS,2026-10-09T07:43:57Z
2024-10-15,FPT,104.62,105.38,103.86,104.17,2860800,KBS,2026-10-09T07:43:57Z
2024-10-16,FPT,103.71,104.24,103.41,103.64,2756000,KBS,2026-10-09T07:43:57Z
2024-10-17,FPT,103.79,104.24,103.03,104.17,2579200,KBS,2026-10-09T07:43:57Z
2024-10-18,FPT,104.47,104.78,103.86,104.17,2169400,KBS,2026-10-09T07:43:57Z
2024-10-21,FPT,104.17,104.7,103.03,103.03,2681300,KBS,2026-10-09T07:43:57Z
2024-10-22,FPT,103.18,103.18,101.13,101.2,6009200,KBS,2026-10-09T07:43:57Z
2024-10-23,FPT,101.05,102.5,100.82,102.04,3015100,KBS,2026-10-09T07:43:57Z
2024-10-24,FPT,102.04,102.12,101.73,102.12,2277200,KBS,2026-10-09T07:43:57Z
2024-10-25,FPT,102.12,102.34,101.58,101.89,1839000,KBS,2026-10-09T07:43:57Z
2024-10-28,FPT,101.96,102.65,101.58,102.57,1506000,KBS,2026-10-09T07:43:57Z
2024-10-29,FPT,102.95,103.03,102.5,102.95,2459200,KBS,2026-10-09T07:43:57Z
2024-10-30,FPT,102.95,103.33,102.8,103.33,1709800,KBS,2026-10-09T07:43:57Z
2024-10-31,FPT,103.33,103.41,102.88,103.33,1241700,KBS,2026-10-09T07:43:57Z
2024-11-01,FPT,102.65,102.65,101.58,102.34,2667500,KBS,2026-10-09T07:43:57Z
2024-11-04,FPT,102.34,102.34,100.9,100.97,3182900,KBS,2026-10-09T07:43:57Z
2024-11-05,FPT,101.13,101.89,100.59,100.82,1657100,KBS,2026-10-09T07:43:57Z
2024-11-06,FPT,101.2,102.34,101.13,102.34,1801500,KBS,2026-10-09T07:43:57Z
2024-11-07,FPT,102.88,104.62,102.04,102.72,3570500,KBS,2026-10-09T07:43:57Z
2024-11-08,FPT,103.48,104.02,102.72,103.26,2106300,KBS,2026-10-09T07:43:57Z
2024-11-11,FPT,103.79,106.07,103.41,105.16,5292000,KBS,2026-10-09T07:43:57Z
2024-11-12,FPT,105.38,105.61,103.33,104.02,2914700,KBS,2026-10-09T07:43:57Z
2024-11-13,FPT,103.94,105.0,103.48,104.78,3455400,KBS,2026-10-09T07:43:57Z
2024-11-14,FPT,104.85,106.37,103.41,103.41,4736300,KBS,2026-10-09T07:43:57Z
2024-11-15,FPT,102.88,103.18,100.82,101.81,6563600,KBS,2026-10-09T07:43:57Z
2024-11-18,FPT,101.89,102.34,100.75,101.89,3903400,KBS,2026-10-09T07:43:57Z
2024-11-19,FPT,101.51,101.58,98.77,98.84,7642800,KBS,2026-10-09T07:43:57Z
2024-11-20,FPT,98.84,100.67,96.34,100.67,8460300,KBS,2026-10-09T07:43:57Z
2024-11-21,FPT,100.67,101.13,99.6,101.13,3176700,KBS,2026-10-09T07:43:57Z
2024-11-22,FPT,101.05,102.19,100.75,101.81,2915900,KBS,2026-10-09T07:43:57Z
2024-11-25,FPT,101.89,101.89,101.28,101.81,1849700,KBS,2026-10-09T07:43:57Z
2024-11-26,FPT,101.43,103.33,101.35,102.8,4176100,KBS,2026-10-09T07:43:57Z
2024-11-27,FPT,102.8,106.22,102.8,105.61,9814300,KBS,2026-10-09T07:43:57Z
2024-11-28,FPT,105.99,106.45,105.16,105.99,4742700,KBS,2026-10-09T07:43:57Z
2024-11-29,FPT,105.99,110.55,105.69,109.72,11586700,KBS,2026-10-09T07:43:57Z
2024-12-02,FPT,110.48,111.78,108.42,108.88,6616800,KBS,2026-10-09T07:43:57Z
2024-12-03,FPT,108.49,111.71,108.49,111.02,5103700,KBS,2026-10-09T07:43:57Z
2024-12-04,FPT,111.02,112.02,109.34,109.87,5609100,KBS,2026-10-09T07:43:57Z
2024-12-05,FPT,110.25,113.7,109.95,113.7,4849200,KBS,2026-10-09T07:43:57Z
2024-12-06,FPT,116.3,116.3,113.32,114.46,4541200,KBS,2026-10-09T07:43:57Z
2024-12-09,FPT,114.24,114.46,111.86,112.55,4539000,KBS,2026-10-09T07:43:57Z
2024-12-10,FPT,112.63,114.46,112.55,114.46,3597200,KBS,2026-10-09T07:43:57Z
2024-12-11,FPT,114.85,116.15,114.62,115.23,4816600,KBS,2026-10-09T07:43:57Z
2024-12-12,FPT,116.3,116.3,114.24,115.0,4147900,KBS,2026-10-09T07:43:57Z
2024-12-13,FPT,114.46,115.54,114.39,114.46,3379800,KBS,2026-10-09T07:43:57Z
2024-12-16,FPT,114.54,115.31,114.46,114.77,3291100,KBS,2026-10-09T07:43:57Z
2024-12-17,FPT,114.92,115.23,113.09,113.32,5947500,KBS,2026-10-09T07:43:57Z
2024-12-18,FPT,113.32,114.7,113.32,113.85,2923400,KBS,2026-10-09T07:43:57Z
2024-12-19,FPT,112.78,114.08,112.7,113.39,4805200,KBS,2026-10-09T07:43:57Z
2024-12-20,FPT,113.7,115.31,113.55,114.46,3538900,KBS,2026-10-09T07:43:57Z
2024-12-23,FPT,114.46,114.77,113.85,114.7,2514800,KBS,2026-10-09T07:43:57Z
2024-12-24,FPT,114.85,115.46,114.39,115.15,2300900,KBS,2026-10-09T07:43:57Z
2024-12-25,FPT,115.31,115.77,115.15,115.46,2513100,KBS,2026-10-09T07:43:57Z
2024-12-26,FPT,115.61,115.92,114.16,114.7,2233300,KBS,2026-10-09T07:43:57Z
2024-12-27,FPT,114.46,114.77,113.85,114.54,2561700,KBS,2026-10-09T07:43:57Z
2024-12-30,FPT,114.39,115.46,113.7,115.23,1982400,KBS,2026-10-09T07:43:57Z
2024-12-31,FPT,115.38,117.83,115.08,116.76,3603200,KBS,2026-10-09T07:43:57Z
2025-01-02,FPT,116.76,116.92,114.92,116.38,3172800,KBS,2026-10-09T07:43:57Z
2025-01-03,FPT,115.84,115.84,114.08,114.08,4336100,KBS,2026-10-09T07:43:57Z
2025-01-06,FPT,114.16,115.0,113.62,114.31,3467100,KBS,2026-10-09T07:43:57Z
2025-01-07,FPT,114.46,115.84,114.46,114.92,3453300,KBS,2026-10-09T07:43:57Z
2025-01-08,FPT,114.85,114.85,113.39,113.55,3879900,KBS,2026-10-09T07:43:57Z
2025-01-09,FPT,113.55,114.24,113.32,113.93,1714400,KBS,2026-10-09T07:43:57Z
2025-01-10,FPT,113.93,114.16,112.7,112.78,2524700,KBS,2026-10-09T07:43:57Z
2025-01-13,FPT,111.86,113.7,110.79,113.01,3488800,KBS,2026-10-09T07:43:57Z
2025-01-14,FPT,113.01,113.32,111.1,111.1,2897200,KBS,2026-10-09T07:43:57Z
2025-01-15,FPT,111.78,112.17,110.87,111.4,2840900,KBS,2026-10-09T07:43:57Z
2025-01-16,FPT,111.94,112.55,111.17,112.17,3568000,KBS,2026-10-09T07:43:57Z
2025-01-17,FPT,112.24,114.92,111.78,114.08,3537000,KBS,2026-10-09T07:43:57Z
2025-01-20,FPT,114.08,115.15,113.47,114.85,2217700,KBS,2026-10-09T07:43:57Z
2025-01-21,FPT,115.23,115.92,114.08,114.77,2480300,KBS,2026-10-09T07:43:57Z
2025-01-22,FPT,114.54,115.31,114.24,114.62,2785600,KBS,2026-10-09T07:43:57Z
2025-01-23,FPT,114.92,119.44,114.85,118.14,7057800,KBS,2026-10-09T07:43:57Z
2025-01-24,FPT,117.99,118.29,117.45,117.45,3655700,KBS,2026-10-09T07:43:57Z
2025-02-03,FPT,113.32,114.24,111.25,111.4,12747700,KBS,2026-10-09T07:43:57Z
2025-02-04,FPT,111.78,112.55,111.25,111.94,5467700,KBS,2026-10-09T07:43:57Z
2025-02-05,FPT,112.47,112.93,111.63,112.02,5204100,KBS,2026-10-09T07:43:57Z
2025-02-06,FPT,112.55,112.78,111.48,112.17,3426600,KBS,2026-10-09T07:43:57Z
2025-02-07,FPT,112.17,112.32,111.63,111.86,3865900,KBS,2026-10-09T07:43:57Z
2025-02-10,FPT,111.4,111.4,108.72,108.72,7749600,KBS,2026-10-09T07:43:57Z
2025-02-11,FPT,108.88,111.33,107.27,111.33,5361400,KBS,2026-10-09T07:43:57Z
2025-02-12,FPT,111.48,111.56,110.48,111.02,1887400,KBS,2026-10-09T07:43:57Z
2025-02-13,FPT,111.02,111.02,109.26,109.56,2850800,KBS,2026-10-09T07:43:57Z
2025-02-14,FPT,110.25,111.02,109.95,110.94,3251700,KBS,2026-10-09T07:43:57Z
2025-02-17,FPT,111.02,111.02,109.8,109.95,2466300,KBS,2026-10-09T07:43:57Z
2025-02-18,FPT,110.1,110.56,109.56,110.18,1664400,KBS,2026-10-09T07:43:57Z
2025-02-19,FPT,110.18,110.94,109.56,110.25,3029800,KBS,2026-10-09T07:43:57Z
2025-02-20,FPT,110.41,110.71,109.49,109.49,3385400,KBS,2026-10-09T07:43:57Z
2025-02-21,FPT,109.34,109.41,108.34,108.72,5312600,KBS,2026-10-09T07:43:57Z
2025-02-24,FPT,108.72,108.72,106.81,107.57,7497900,KBS,2026-10-09T07:43:57Z
2025-02-25,FPT,107.5,107.5,105.81,106.43,6810400,KBS,2026-10-09T07:43:57Z
2025-02-26,FPT,106.5,108.57,106.35,108.57,3323400,KBS,2026-10-09T07:43:57Z
2025-02-27,FPT,108.72,108.88,107.73,108.19,3421700,KBS,2026-10-09T07:43:57Z
2025-02-28,FPT,107.27,108.03,106.43,107.42,4694400,KBS,2026-10-09T07:43:57Z
2025-03-03,FPT,107.57,108.26,107.42,107.57,2533900,KBS,2026-10-09T07:43:57Z
2025-03-04,FPT,106.81,107.65,106.66,107.19,3471300,KBS,2026-10-09T07:43:57Z
2025-03-05,FPT,107.19,107.27,106.5,106.5,2851100,KBS,2026-10-09T07:43:57Z
2025-03-06,FPT,106.81,109.87,106.81,108.42,6417100,KBS,2026-10-09T07:43:57Z
2025-03-07,FPT,108.49,109.26,108.03,108.26,2954500,KBS,2026-10-09T07:43:57Z
2025-03-10,FPT,108.34,108.34,106.58,106.66,5323000,KBS,2026-10-09T07:43:57Z
2025-03-11,FPT,105.66,106.04,104.89,105.28,5784400,KBS,2026-10-09T07:43:57Z
2025-03-12,FPT,105.43,106.2,104.05,104.05,6185000,KBS,2026-10-09T07:43:57Z
2025-03-13,FPT,104.2,105.66,104.2,104.51,3610200,KBS,2026-10-09T07:43:57Z
2025-03-14,FPT,103.82,104.36,100.15,100.61,16094000,KBS,2026-10-09T07:43:57Z
2025-03-17,FPT,100.76,101.14,99.23,99.54,6707000,KBS,2026-10-09T07:43:57Z
2025-03-18,FPT,99.61,101.22,99.54,99.54,5508500,KBS,2026-10-09T07:43:57Z
2025-03-19,FPT,99.61,99.99,94.56,95.4,18128400,KBS,2026-10-09T07:43:57Z
2025-03-20,FPT,95.4,97.08,95.32,95.71,8203400,KBS,2026-10-09T07:43:57Z
2025-03-21,FPT,95.71,98.77,95.71,98.0,6424800,KBS,2026-10-09T07:43:57Z
2025-03-24,FPT,98.39,99.0,97.47,98.77,5090200,KBS,2026-10-09T07:43:57Z
2025-03-25,FPT,99.38,99.46,96.86,96.86,5629200,KBS,2026-10-09T07:43:57Z
2025-03-26,FPT,96.86,96.86,93.95,94.18,9734600,KBS,2026-10-09T07:43:57Z
2025-03-27,FPT,93.41,96.86,92.72,96.62,6464400,KBS,2026-10-09T07:43:57Z
2025-03-28,FPT,96.55,96.78,94.94,94.94,2944800,KBS,2026-10-09T07:43:57Z
2025-03-31,FPT,94.48,94.48,92.64,92.64,5406300,KBS,2026-10-09T07:43:57Z
2025-04-01,FPT,93.41,93.56,90.96,92.26,7824300,KBS,2026-10-09T07:43:57Z
2025-04-02,FPT,92.8,93.64,92.49,93.41,3920200,KBS,2026-10-09T07:43:57Z
2025-04-03,FPT,87.82,90.04,86.9,86.9,11484900,KBS,2026-10-09T07:43:57Z
2025-04-04,FPT,80.85,87.21,80.85,86.52,21574500,KBS,2026-10-09T07:43:57Z
2025-04-08,FPT,81.16,82.69,80.47,80.47,16276400,KBS,2026-10-09T07:43:57Z
2025-04-09,FPT,74.88,82.69,74.88,80.62,16893300,KBS,2026-10-09T07:43:57Z
2025-04-10,FPT,86.21,86.21,86.21,86.21,1005400,KBS,2026-10-09T07:43:57Z
2025-04-11,FPT,89.58,90.73,87.51,90.73,19224000,KBS,2026-10-09T07:43:57Z
2025-04-14,FPT,91.88,91.88,87.28,90.73,9217400,KBS,2026-10-09T07:43:57Z
2025-04-15,FPT,88.89,89.58,87.06,88.82,7762400,KBS,2026-10-09T07:43:57Z
2025-04-16,FPT,87.67,88.74,82.61,82.61,18032200,KBS,2026-10-09T07:43:57Z
2025-04-17,FPT,80.39,85.22,80.32,83.76,8580100,KBS,2026-10-09T07:43:57Z
2025-04-18,FPT,84.6,88.05,84.6,85.45,7485500,KBS,2026-10-09T07:43:57Z
2025-04-21,FPT,85.75,86.14,84.22,85.52,4332300,KBS,2026-10-09T07:43:57Z
2025-04-22,FPT,84.99,85.14,79.63,84.53,9127300,KBS,2026-10-09T07:43:57Z
2025-04-23,FPT,85.52,85.52,82.46,84.53,5710800,KBS,2026-10-09T07:43:57Z
2025-04-24,FPT,85.37,87.06,84.68,85.75,7740100,KBS,2026-10-09T07:43:57Z
2025-04-25,FPT,85.75,86.06,84.38,86.06,5384100,KBS,2026-10-09T07:43:57Z
2025-04-28,FPT,85.75,86.06,83.61,83.84,3853700,KBS,2026-10-09T07:43:57Z
2025-04-29,FPT,83.92,84.6,83.53,83.76,2945500,KBS,2026-10-09T07:43:57Z
2025-05-05,FPT,83.84,83.99,81.85,83.15,7167600,KBS,2026-10-09T07:43:57Z
2025-05-06,FPT,83.15,84.99,83.15,83.99,5686200,KBS,2026-10-09T07:43:57Z
2025-05-07,FPT,83.92,85.14,83.38,83.99,3926800,KBS,2026-10-09T07:43:57Z
2025-05-08,FPT,84.53,87.74,83.46,87.51,12644900,KBS,2026-10-09T07:43:57Z
2025-05-09,FPT,87.51,89.12,86.9,88.82,8496900,KBS,2026-10-09T07:43:57Z
2025-05-12,FPT,89.58,90.88,89.35,90.58,8715200,KBS,2026-10-09T07:43:57Z
2025-05-13,FPT,91.88,92.11,90.81,91.5,8565900,KBS,2026-10-09T07:43:57Z
2025-05-14,FPT,91.88,96.7,91.88,96.7,12080300,KBS,2026-10-09T07:43:57Z
2025-05-15,FPT,96.86,97.16,94.64,95.71,7806300,KBS,2026-10-09T07:43:57Z
2025-05-16,FPT,95.32,95.48,92.57,92.64,8012200,KBS,2026-10-09T07:43:57Z
2025-05-19,FPT,90.96,92.26,89.28,90.5,9916700,KBS,2026-10-09T07:43:57Z
2025-05-20,FPT,89.43,91.34,89.43,91.27,7911300,KBS,2026-10-09T07:43:57Z
2025-05-21,FPT,91.88,91.88,89.58,90.58,6024400,KBS,2026-10-09T07:43:57Z
2025-05-22,FPT,89.66,90.04,88.51,89.43,6350700,KBS,2026-10-09T07:43:57Z
2025-05-23,FPT,89.35,90.19,88.82,89.66,4440500,KBS,2026-10-09T07:43:57Z
2025-05-26,FPT,89.35,90.19,88.05,89.81,4023400,KBS,2026-10-09T07:43:57Z
2025-05-27,FPT,89.89,91.42,89.89,91.11,5498200,KBS,2026-10-09T07:43:57Z
2025-05-28,FPT,91.27,91.42,89.96,90.65,3933600,KBS,2026-10-09T07:43:57Z
2025-05-29,FPT,91.11,91.11,89.66,89.66,2933000,KBS,2026-10-09T07:43:57Z
2025-05-30,FPT,90.35,90.5,89.2,89.2,4038000,KBS,2026-10-09T07:43:57Z
2025-06-02,FPT,89.2,89.66,88.51,88.89,2916400,KBS,2026-10-09T07:43:57Z
2025-06-03,FPT,89.35,90.35,89.04,89.89,3398600,KBS,2026-10-09T07:43:57Z
2025-06-04,FPT,90.35,90.5,89.2,89.66,2873300,KBS,2026-10-09T07:43:57Z
2025-06-05,FPT,89.66,89.81,89.2,89.43,2302800,KBS,2026-10-09T07:43:57Z
2025-06-06,FPT,89.43,89.43,88.05,88.05,5383000,KBS,2026-10-09T07:43:57Z
2025-06-09,FPT,88.43,89.5,88.05,88.97,3054700,KBS,2026-10-09T07:43:57Z
2025-06-10,FPT,89.58,89.89,88.59,88.59,3359000,KBS,2026-10-09T07:43:57Z
2025-06-11,FPT,88.89,90.5,88.89,90.27,5744300,KBS,2026-10-09T07:43:57Z
2025-06-12,FPT,90.81,90.89,89.96,90.35,4153100,KBS,2026-10-09T07:43:57Z
2025-06-13,FPT,89.58,89.96,88.73,89.11,6161700,KBS,2026-10-09T07:43:57Z
2025-06-16,FPT,88.88,92.51,88.8,91.89,8069100,KBS,2026-10-09T07:43:57Z
2025-06-17,FPT,91.89,92.12,91.27,91.74,4600300,KBS,2026-10-09T07:43:57Z
2025-06-18,FPT,91.74,92.28,89.88,90.35,6556700,KBS,2026-10-09T07:43:57Z
2025-06-19,FPT,90.35,90.42,89.34,89.58,5404900,KBS,2026-10-09T07:43:57Z
2025-06-20,FPT,89.65,90.27,89.42,89.65,4339400,KBS,2026-10-09T07:43:57Z
2025-06-23,FPT,89.19,89.81,88.42,89.5,4587300,KBS,2026-10-09T07:43:57Z
2025-06-24,FPT,89.81,90.35,89.81,89.96,4271900,KBS,2026-10-09T07:43:57Z
2025-06-25,FPT,90.35,92.2,90.35,90.42,6000700,KBS,2026-10-09T07:43:57Z
2025-06-26,FPT,91.12,91.35,90.04,90.35,4132300,KBS,2026-10-09T07:43:57Z
2025-06-27,FPT,90.35,91.35,90.27,90.58,5263200,KBS,2026-10-09T07:43:57Z
2025-06-30,FPT,91.04,92.28,90.81,91.27,6859100,KBS,2026-10-09T07:43:57Z
2025-07-01,FPT,91.89,92.28,91.27,91.74,4609400,KBS,2026-10-09T07:43:57Z
2025-07-02,FPT,91.51,91.66,90.81,91.58,3661700,KBS,2026-10-09T07:43:57Z
2025-07-03,FPT,91.51,92.51,90.97,91.12,6304300,KBS,2026-10-09T07:43:57Z
2025-07-04,FPT,91.51,95.29,91.43,94.6,12825000,KBS,2026-10-09T07:43:57Z
2025-07-07,FPT,95.21,96.29,94.98,95.6,6382800,KBS,2026-10-09T07:43:57Z
2025-07-08,FPT,95.83,97.07,95.75,96.14,8064200,KBS,2026-10-09T07:43:57Z
2025-07-09,FPT,96.37,96.45,94.44,94.83,12198400,KBS,2026-10-09T07:43:57Z
2025-07-10,FPT,95.6,96.76,95.37,95.68,5180200,KBS,2026-10-09T07:43:57Z
2025-07-11,FPT,96.52,98.84,96.22,97.76,10736000,KBS,2026-10-09T07:43:57Z
2025-07-14,FPT,98.22,98.76,96.52,98.15,5978400,KBS,2026-10-09T07:43:57Z
2025-07-15,FPT,97.76,98.69,97.3,97.3,5600000,KBS,2026-10-09T07:43:57Z
2025-07-16,FPT,97.84,98.07,96.6,97.53,5063000,KBS,2026-10-09T07:43:57Z
2025-07-17,FPT,97.84,99.69,97.3,98.07,8334200,KBS,2026-10-09T07:43:57Z
2025-07-18,FPT,98.84,98.84,97.3,97.3,6494600,KBS,2026-10-09T07:43:57Z
2025-07-21,FPT,99.78,99.78,97.92,97.92,7563700,KBS,2026-10-09T07:43:57Z
2025-07-22,FPT,97.92,99.61,96.5,99.52,6889600,KBS,2026-10-09T07:43:57Z
2025-07-23,FPT,99.69,100.14,98.81,99.25,4795100,KBS,2026-10-09T07:43:57Z
2025-07-24,FPT,99.43,99.52,98.36,98.63,6420800,KBS,2026-10-09T07:43:57Z
2025-07-25,FPT,98.63,98.98,98.1,98.27,5137000,KBS,2026-10-09T07:43:57Z
2025-07-28,FPT,98.36,99.07,98.1,98.81,7611000,KBS,2026-10-09T07:43:57Z
2025-07-29,FPT,98.81,99.07,94.1,94.1,16059500,KBS,2026-10-09T07:43:57Z
2025-07-30,FPT,94.99,95.88,93.48,94.19,7488200,KBS,2026-10-09T07:43:57Z
2025-07-31,FPT,94.19,94.9,92.15,92.33,8944200,KBS,2026-10-09T07:43:57Z
2025-08-01,FPT,92.06,95.34,90.11,94.99,10891500,KBS,2026-10-09T07:43:57Z
2025-08-04,FPT,94.54,94.63,93.04,94.63,4617800,KBS,2026-10-09T07:43:57Z
2025-08-05,FPT,94.99,96.5,93.21,93.92,11395000,KBS,2026-10-09T07:43:57Z
2025-08-06,FPT,94.1,94.28,92.77,93.12,11814200,KBS,2026-10-09T07:43:57Z
2025-08-07,FPT,93.75,95.34,93.12,94.28,9565800,KBS,2026-10-09T07:43:57Z
2025-08-08,FPT,94.54,95.34,93.04,93.75,9184800,KBS,2026-10-09T07:43:57Z
2025-08-11,FPT,94.01,97.21,93.48,94.46,10278500,KBS,2026-10-09T07:43:57Z
2025-08-12,FPT,95.34,96.06,94.63,95.43,11011800,KBS,2026-10-09T07:43:57Z
2025-08-13,FPT,95.52,95.7,93.12,93.3,21845000,KBS,2026-10-09T07:43:57Z
2025-08-14,FPT,93.92,93.92,92.06,92.15,17905400,KBS,2026-10-09T07:43:57Z
2025-08-15,FPT,92.15,93.04,89.93,90.02,18622300,KBS,2026-10-09T07:43:57Z
2025-08-18,FPT,90.02,91.44,88.78,89.22,11392300,KBS,2026-10-09T07:43:57Z
2025-08-19,FPT,89.31,90.11,88.78,89.04,9153600,KBS,2026-10-09T07:43:57Z
2025-08-20,FPT,88.86,89.04,86.56,86.73,19969500,KBS,2026-10-09T07:43:57Z
2025-08-21,FPT,86.73,91.35,86.73,90.28,12624800,KBS,2026-10-09T07:43:57Z
2025-08-22,FPT,90.2,90.2,87.71,87.89,7212000,KBS,2026-10-09T07:43:57Z
2025-08-25,FPT,90.55,90.55,87.71,87.71,6736000,KBS,2026-10-09T07:43:57Z
2025-08-26,FPT,87.71,88.78,86.91,88.78,5812500,KBS,2026-10-09T07:43:57Z
2025-08-27,FPT,90.02,93.3,89.84,93.21,19436400,KBS,2026-10-09T07:43:57Z
2025-08-28,FPT,93.3,93.3,91.26,92.77,6280200,KBS,2026-10-09T07:43:57Z
2025-08-29,FPT,93.21,93.21,90.2,90.2,11090200,KBS,2026-10-09T07:43:57Z
2025-09-03,FPT,90.55,91.7,88.78,91.62,9744200,KBS,2026-10-09T07:43:57Z
2025-09-04,FPT,91.7,93.66,91.62,93.21,11033600,KBS,2026-10-09T07:43:57Z
2025-09-05,FPT,93.39,93.66,91.79,91.79,8807800,KBS,2026-10-09T07:43:57Z
2025-09-08,FPT,91.44,92.24,90.46,90.46,10600300,KBS,2026-10-09T07:43:57Z
2025-09-09,FPT,90.55,91.44,89.66,90.64,6460700,KBS,2026-10-09T07:43:57Z
2025-09-10,FPT,90.64,91.35,89.75,89.84,5498500,KBS,2026-10-09T07:43:57Z
2025-09-11,FPT,89.84,91.35,89.22,90.55,7414200,KBS,2026-10-09T07:43:57Z
2025-09-12,FPT,90.55,91.35,89.75,90.2,7447000,KBS,2026-10-09T07:43:57Z
2025-09-15,FPT,90.46,91.88,90.11,90.46,14123100,KBS,2026-10-09T07:43:57Z
2025-09-16,FPT,91.17,93.04,90.55,91.88,17531600,KBS,2026-10-09T07:43:57Z
2025-09-17,FPT,92.33,95.7,92.33,93.66,20018000,KBS,2026-10-09T07:43:57Z
2025-09-18,FPT,94.1,94.37,91.44,91.44,8198400,KBS,2026-10-09T07:43:57Z
2025-09-19,FPT,92.15,92.15,89.22,91.44,23514300,KBS,2026-10-09T07:43:57Z
2025-09-22,FPT,90.99,91.17,88.42,88.51,16280200,KBS,2026-10-09T07:43:57Z
2025-09-23,FPT,88.78,88.78,86.56,87.0,18291200,KBS,2026-10-09T07:43:57Z
2025-09-24,FPT,87.09,88.33,86.47,88.33,7421100,KBS,2026-10-09T07:43:57Z
2025-09-25,FPT,88.33,88.33,86.91,87.0,8627700,KBS,2026-10-09T07:43:57Z
2025-09-26,FPT,87.18,88.15,86.47,86.56,8080800,KBS,2026-10-09T07:43:57Z
2025-09-29,FPT,86.82,86.82,84.78,84.78,10430900,KBS,2026-10-09T07:43:57Z
2025-09-30,FPT,84.78,85.05,82.38,82.56,12018800,KBS,2026-10-09T07:43:57Z
2025-10-01,FPT,82.74,83.89,81.14,82.92,7405100,KBS,2026-10-09T07:43:57Z
2025-10-02,FPT,82.47,82.92,81.67,81.76,7933800,KBS,2026-10-09T07:43:57Z
2025-10-03,FPT,81.85,83.45,81.76,82.92,7681300,KBS,2026-10-09T07:43:57Z
2025-10-06,FPT,83.72,85.14,83.0,84.78,6580000,KBS,2026-10-09T07:43:57Z
2025-10-07,FPT,85.22,85.49,84.51,84.78,5997500,KBS,2026-10-09T07:43:57Z
2025-10-08,FPT,84.78,86.02,83.89,83.89,5132100,KBS,2026-10-09T07:43:57Z
2025-10-09,FPT,84.34,84.34,83.0,83.63,5716300,KBS,2026-10-09T07:43:57Z
2025-10-10,FPT,83.63,85.67,83.27,85.31,8587700,KBS,2026-10-09T07:43:57Z
2025-10-13,FPT,84.25,84.25,83.18,83.45,7915000,KBS,2026-10-09T07:43:57Z
2025-10-14,FPT,83.54,83.89,82.03,82.03,12659600,KBS,2026-10-09T07:43:57Z
2025-10-15,FPT,82.21,82.65,79.45,79.54,18738600,KBS,2026-10-09T07:43:57Z
2025-10-16,FPT,79.72,81.23,79.54,79.72,7928500,KBS,2026-10-09T07:43:57Z
2025-10-17,FPT,79.99,81.23,78.21,78.21,8374400,KBS,2026-10-09T07:43:57Z
2025-10-20,FPT,78.39,81.5,77.23,77.23,14580300,KBS,2026-10-09T07:43:57Z
2025-10-21,FPT,79.01,82.56,78.57,82.56,19520200,KBS,2026-10-09T07:43:57Z
2025-10-22,FPT,84.51,87.89,84.34,86.11,18311100,KBS,2026-10-09T07:43:57Z
2025-10-23,FPT,86.29,86.38,83.45,84.34,6647600,KBS,2026-10-09T07:43:57Z
2025-10-24,FPT,84.34,86.73,84.07,86.73,13759100,KBS,2026-10-09T07:43:57Z
2025-10-27,FPT,87.89,88.51,85.49,87.0,12897800,KBS,2026-10-09T07:43:57Z
2025-10-28,FPT,87.53,90.73,87.53,90.73,20912700,KBS,2026-10-09T07:43:57Z
2025-10-29,FPT,90.91,91.62,89.75,90.28,9302800,KBS,2026-10-09T07:43:57Z
2025-10-30,FPT,90.64,91.88,90.2,91.17,9730600,KBS,2026-10-09T07:43:57Z
2025-10-31,FPT,91.08,92.24,89.66,92.24,14827100,KBS,2026-10-09T07:43:57Z
2025-11-03,FPT,92.15,94.37,91.88,93.21,20963600,KBS,2026-10-09T07:43:57Z
2025-11-04,FPT,92.42,92.95,90.28,91.7,10620700,KBS,2026-10-09T07:43:57Z
2025-11-05,FPT,90.37,90.55,88.42,89.57,11741500,KBS,2026-10-09T07:43:57Z
2025-11-06,FPT,89.57,90.55,88.24,88.95,6751800,KBS,2026-10-09T07:43:57Z
2025-11-07,FPT,88.33,90.37,88.33,89.66,5863600,KBS,2026-10-09T07:43:57Z
2025-11-10,FPT,89.84,89.84,85.4,85.4,10072600,KBS,2026-10-09T07:43:57Z
2025-11-11,FPT,85.93,86.91,85.31,85.31,6624200,KBS,2026-10-09T07:43:57Z
2025-11-12,FPT,85.67,89.31,85.67,89.31,6635300,KBS,2026-10-09T07:43:57Z
2025-11-13,FPT,89.31,89.4,87.62,87.8,4757400,KBS,2026-10-09T07:43:57Z
2025-11-14,FPT,87.8,89.57,87.18,88.78,4699900,KBS,2026-10-09T07:43:57Z
2025-11-17,FPT,89.31,90.37,89.31,89.66,5585100,KBS,2026-10-09T07:43:57Z
2025-11-18,FPT,89.66,89.75,87.71,88.78,6500100,KBS,2026-10-09T07:43:57Z
2025-11-19,FPT,88.33,88.33,87.0,87.0,5169300,KBS,2026-10-09T07:43:57Z
2025-11-20,FPT,87.53,88.51,87.09,87.89,4593100,KBS,2026-10-09T07:43:57Z
2025-11-21,FPT,87.0,89.84,86.82,89.48,7936900,KBS,2026-10-09T07:43:57Z
2025-11-24,FPT,89.4,89.75,88.42,88.95,5061800,KBS,2026-10-09T07:43:57Z
2025-11-25,FPT,88.51,89.04,87.89,88.51,4494900,KBS,2026-10-09T07:43:57Z
2025-11-26,FPT,88.6,88.95,87.8,87.89,5830900,KBS,2026-10-09T07:43:57Z
2025-11-27,FPT,88.06,88.6,87.09,88.33,4780500,KBS,2026-10-09T07:43:57Z
2025-11-28,FPT,87.98,88.24,86.2,86.2,6210400,KBS,2026-10-09T07:43:57Z
2025-12-01,FPT,86.92,87.64,86.2,86.65,3125100,KBS,2026-10-09T07:43:57Z
2025-12-02,FPT,86.83,87.28,85.57,86.65,5560800,KBS,2026-10-09T07:43:57Z
2025-12-03,FPT,87.01,87.01,86.11,86.65,6475300,KBS,2026-10-09T07:43:57Z
2025-12-04,FPT,86.65,88.35,86.65,87.46,7387500,KBS,2026-10-09T07:43:57Z
2025-12-05,FPT,87.46,87.46,86.2,86.29,5062500,KBS,2026-10-09T07:43:57Z
2025-12-08,FPT,86.65,87.28,85.66,85.66,5278600,KBS,2026-10-09T07:43:57Z
2025-12-09,FPT,85.66,87.01,84.68,86.92,9961500,KBS,2026-10-09T07:43:57Z
2025-12-10,FPT,87.1,87.1,85.75,85.75,3894100,KBS,2026-10-09T07:43:57Z
2025-12-11,FPT,86.02,86.65,85.75,86.11,5201600,KBS,2026-10-09T07:43:57Z
2025-12-12,FPT,86.11,86.11,83.87,84.05,5519800,KBS,2026-10-09T07:43:57Z
2025-12-15,FPT,84.23,84.68,83.87,84.14,3524800,KBS,2026-10-09T07:43:57Z
2025-12-16,FPT,84.23,85.57,82.52,85.12,6295300,KBS,2026-10-09T07:43:57Z
2025-12-17,FPT,84.68,86.38,84.68,86.02,4967800,KBS,2026-10-09T07:43:57Z
2025-12-18,FPT,85.66,85.75,84.23,84.68,4115500,KBS,2026-10-09T07:43:57Z
2025-12-19,FPT,84.32,85.21,83.96,84.23,4492600,KBS,2026-10-09T07:43:57Z
2025-12-22,FPT,84.41,84.59,83.87,84.05,6142400,KBS,2026-10-09T07:43:57Z
2025-12-23,FPT,84.32,86.02,83.96,84.32,6006900,KBS,2026-10-09T07:43:57Z
2025-12-24,FPT,84.41,84.5,83.51,83.96,3901500,KBS,2026-10-09T07:43:57Z
2025-12-25,FPT,83.96,85.04,83.42,83.42,4565200,KBS,2026-10-09T07:43:57Z
2025-12-26,FPT,83.15,83.42,81.63,82.97,6612400,KBS,2026-10-09T07:43:57Z
2025-12-29,FPT,82.97,85.12,82.97,84.59,6300900,KBS,2026-10-09T07:43:57Z
2025-12-30,FPT,84.76,86.65,84.59,86.56,7271200,KBS,2026-10-09T07:43:57Z
2025-12-31,FPT,86.83,87.01,85.39,85.93,3082600,KBS,2026-10-09T07:43:57Z
2026-01-05,FPT,85.84,85.84,83.6,85.21,7029300,KBS,2026-10-09T07:43:57Z
2026-01-06,FPT,84.94,85.04,83.96,84.32,5397500,KBS,2026-10-09T07:43:57Z
2026-01-07,FPT,84.41,87.55,84.32,87.46,11427400,KBS,2026-10-09T07:43:57Z
2026-01-08,FPT,88.0,88.0,86.56,86.56,5576200,KBS,2026-10-09T07:43:57Z
2026-01-09,FPT,86.2,89.61,86.11,87.37,10048700,KBS,2026-10-09T07:43:57Z
2026-01-12,FPT,87.9,89.25,87.9,89.25,9076600,KBS,2026-10-09T07:43:57Z
2026-01-13,FPT,89.43,91.22,87.82,88.71,9411100,KBS,2026-10-09T07:43:57Z
2026-01-14,FPT,88.8,90.69,87.73,89.52,11900400,KBS,2026-10-09T07:43:57Z
2026-01-15,FPT,89.52,91.22,88.26,88.35,7401400,KBS,2026-10-09T07:43:57Z
2026-01-16,FPT,89.25,94.45,89.25,94.45,23871100,KBS,2026-10-09T07:43:57Z
2026-01-19,FPT,97.5,97.5,94.63,94.9,14710500,KBS,2026-10-09T07:43:57Z
2026-01-20,FPT,95.17,95.98,93.29,93.38,12213100,KBS,2026-10-09T07:43:57Z
2026-01-21,FPT,92.57,95.53,90.69,94.18,14517300,KBS,2026-10-09T07:43:57Z
2026-01-22,FPT,94.63,94.9,92.84,92.84,8095100,KBS,2026-10-09T07:43:57Z
2026-01-23,FPT,92.93,93.82,90.6,90.6,9418000,KBS,2026-10-09T07:43:57Z
2026-01-26,FPT,89.88,91.13,87.9,88.35,11183100,KBS,2026-10-09T07:43:57Z
2026-01-27,FPT,89.34,91.94,88.89,91.58,10585500,KBS,2026-10-09T07:43:57Z
2026-01-28,FPT,91.85,94.9,91.76,93.74,11949800,KBS,2026-10-09T07:43:57Z
2026-01-29,FPT,94.18,96.16,93.02,95.17,14247700,KBS,2026-10-09T07:43:57Z
2026-01-30,FPT,95.44,95.44,93.2,93.74,10833200,KBS,2026-10-09T07:43:57Z
2026-02-02,FPT,92.66,93.56,91.13,93.56,9331400,KBS,2026-10-09T07:43:57Z
2026-02-03,FPT,94.09,94.54,92.3,93.2,9097000,KBS,2026-10-09T07:43:57Z
2026-02-04,FPT,92.48,92.84,91.04,91.4,11639700,KBS,2026-10-09T07:43:57Z
2026-02-05,FPT,90.78,91.4,88.8,88.8,18088600,KBS,2026-10-09T07:43:57Z
2026-02-06,FPT,87.9,89.7,86.74,87.55,9766800,KBS,2026-10-09T07:43:57Z
2026-02-09,FPT,88.62,89.16,87.82,88.8,5108600,KBS,2026-10-09T07:43:57Z
2026-02-10,FPT,89.61,89.61,87.28,87.73,6113500,KBS,2026-10-09T07:43:57Z
2026-02-11,FPT,88.08,89.25,87.37,88.44,5507500,KBS,2026-10-09T07:43:57Z
2026-02-12,FPT,88.8,88.98,88.26,88.62,4125200,KBS,2026-10-09T07:43:57Z
2026-02-13,FPT,88.0,88.35,86.38,86.38,18508400,KBS,2026-10-09T07:43:57Z
2026-02-23,FPT,86.83,86.83,83.51,84.76,22660400,KBS,2026-10-09T07:43:57Z
2026-02-24,FPT,84.32,84.32,82.97,82.97,28539000,KBS,2026-10-09T07:43:57Z
2026-02-25,FPT,82.7,82.97,79.83,79.92,47733100,KBS,2026-10-09T07:43:57Z
2026-02-26,FPT,80.73,82.7,80.64,81.18,17525500,KBS,2026-10-09T07:43:57Z
2026-02-27,FPT,81.63,83.87,81.0,83.33,18705600,KBS,2026-10-09T07:43:57Z
2026-03-02,FPT,80.82,82.07,80.1,80.37,17245400,KBS,2026-10-09T07:43:57Z
2026-03-03,FPT,80.82,81.54,78.04,78.04,16504400,KBS,2026-10-09T07:43:57Z
2026-03-04,FPT,77.95,78.04,75.53,76.33,23755700,KBS,2026-10-09T07:43:57Z
2026-03-05,FPT,77.59,77.86,75.71,75.71,15906800,KBS,2026-10-09T07:43:57Z
2026-03-06,FPT,75.71,75.89,73.1,73.19,23713900,KBS,2026-10-09T07:43:57Z
2026-03-09,FPT,68.17,68.8,68.08,68.08,17633000,KBS,2026-10-09T07:43:57Z
2026-03-10,FPT,68.53,71.4,68.53,71.31,21099200,KBS,2026-10-09T07:43:57Z
2026-03-11,FPT,71.76,72.66,70.23,71.94,10652800,KBS,2026-10-09T07:43:57Z
2026-03-12,FPT,70.68,71.04,69.52,69.7,12722400,KBS,2026-10-09T07:43:57Z
2026-03-13,FPT,69.16,70.41,68.44,69.07,9026000,KBS,2026-10-09T07:43:57Z
2026-03-16,FPT,69.16,71.13,69.16,70.14,8662000,KBS,2026-10-09T07:43:57Z
2026-03-17,FPT,71.22,72.92,70.95,71.22,9218800,KBS,2026-10-09T07:43:57Z
2026-03-18,FPT,71.76,71.94,70.06,70.5,6352700,KBS,2026-10-09T07:43:57Z
2026-03-19,FPT,69.7,69.79,68.71,68.89,11602900,KBS,2026-10-09T07:43:57Z
2026-03-20,FPT,68.62,68.62,66.02,66.92,21423700,KBS,2026-10-09T07:43:57Z
2026-03-23,FPT,66.11,68.26,64.22,65.57,13156200,KBS,2026-10-09T07:43:57Z
2026-03-24,FPT,67.72,68.08,66.47,67.63,5189700,KBS,2026-10-09T07:43:57Z
2026-03-25,FPT,68.35,69.07,67.81,69.07,7429300,KBS,2026-10-09T07:43:57Z
2026-03-26,FPT,69.07,69.07,66.56,66.56,9743400,KBS,2026-10-09T07:43:57Z
2026-03-27,FPT,66.83,68.44,66.38,68.26,9080300,KBS,2026-10-09T07:43:57Z
2026-03-30,FPT,66.74,67.45,65.93,66.38,7814800,KBS,2026-10-09T07:43:57Z
2026-03-31,FPT,67.18,67.72,66.74,67.0,5639200,KBS,2026-10-09T07:43:57Z
2026-04-01,FPT,68.08,68.44,67.27,67.54,8534000,KBS,2026-10-09T07:43:57Z
2026-04-02,FPT,67.45,67.45,66.56,67.0,5224400,KBS,2026-10-09T07:43:57Z
2026-04-03,FPT,67.0,67.72,66.29,66.38,6333100,KBS,2026-10-09T07:43:57Z
2026-04-06,FPT,66.38,66.83,65.93,66.29,4593000,KBS,2026-10-09T07:43:57Z
2026-04-07,FPT,66.83,66.83,66.2,66.38,4713000,KBS,2026-10-09T07:43:57Z
2026-04-08,FPT,68.17,70.95,67.36,70.95,14610000,KBS,2026-10-09T07:43:57Z
2026-04-09,FPT,70.95,71.04,70.06,70.23,6272100,KBS,2026-10-09T07:43:57Z
2026-04-10,FPT,70.5,70.86,69.34,69.7,6099800,KBS,2026-10-09T07:43:57Z
2026-04-13,FPT,68.98,69.07,68.08,68.17,9559100,KBS,2026-10-09T07:43:57Z
2026-04-14,FPT,69.07,69.25,68.17,68.35,7092500,KBS,2026-10-09T07:43:57Z
2026-04-15,FPT,68.98,69.07,67.27,67.36,10047800,KBS,2026-10-09T07:43:57Z
2026-04-16,FPT,67.81,67.81,66.38,66.47,11316400,KBS,2026-10-09T07:43:57Z
2026-04-17,FPT,67.27,69.96,67.18,68.17,12349600,KBS,2026-10-09T07:43:57Z
2026-04-20,FPT,68.44,69.07,68.26,68.98,6876800,KBS,2026-10-09T07:43:57Z
2026-04-21,FPT,69.07,69.43,67.36,67.36,7119000,KBS,2026-10-09T07:43:57Z
2026-04-22,FPT,67.72,67.72,66.47,66.92,8145000,KBS,2026-10-09T07:43:57Z
2026-04-23,FPT,67.27,68.17,66.47,66.65,7968500,KBS,2026-10-09T07:43:57Z
2026-04-24,FPT,66.38,66.47,65.66,65.84,10459800,KBS,2026-10-09T07:43:57Z
2026-04-28,FPT,65.84,66.74,65.39,66.74,9503800,KBS,2026-10-09T07:43:57Z
2026-04-29,FPT,65.84,67.72,65.84,67.72,9163000,KBS,2026-10-09T07:43:57Z
2026-05-04,FPT,67.18,67.36,66.02,66.11,8285900,KBS,2026-10-09T07:43:57Z
2026-05-05,FPT,66.11,66.83,65.3,66.65,6841400,KBS,2026-10-09T07:43:57Z
2026-05-06,FPT,66.56,66.56,65.48,65.75,9455600,KBS,2026-10-09T07:43:57Z
2026-05-07,FPT,66.29,66.65,65.48,65.48,10186100,KBS,2026-10-09T07:43:57Z
2026-05-08,FPT,65.66,65.75,64.49,64.49,13444300,KBS,2026-10-09T07:43:57Z
2026-05-11,FPT,64.31,64.31,62.79,62.79,16909100,KBS,2026-10-09T07:43:57Z
2026-05-12,FPT,62.88,64.14,62.79,63.33,8533300,KBS,2026-10-09T07:43:57Z
2026-05-13,FPT,63.33,64.14,62.79,63.42,11517600,KBS,2026-10-09T07:43:57Z
2026-05-14,FPT,63.78,67.54,63.69,66.29,21565500,KBS,2026-10-09T07:43:57Z
2026-05-15,FPT,66.56,66.56,65.21,65.39,6386100,KBS,2026-10-09T07:43:57Z
2026-05-18,FPT,65.39,67.54,64.58,67.18,18323700,KBS,2026-10-09T07:43:57Z
2026-05-19,FPT,67.27,67.99,66.65,66.83,11279900,KBS,2026-10-09T07:43:57Z
2026-05-20,FPT,67.1,70.41,65.3,69.7,25976600,KBS,2026-10-09T07:43:57Z
2026-05-21,FPT,69.7,69.88,67.9,68.62,11809100,KBS,2026-10-09T07:43:57Z
2026-05-22,FPT,68.89,69.61,67.36,67.36,11668800,KBS,2026-10-09T07:43:57Z
2026-05-25,FPT,66.92,67.81,65.93,65.93,10441000,KBS,2026-10-09T07:43:57Z
2026-05-26,FPT,66.02,66.92,66.02,66.83,5104800,KBS,2026-10-09T07:43:57Z
2026-05-27,FPT,66.83,67.54,65.57,66.02,9176300,KBS,2026-10-09T07:43:57Z
2026-05-28,FPT,66.2,66.47,64.74,64.74,10646900,KBS,2026-10-09T07:43:57Z
2026-05-29,FPT,64.74,65.93,64.38,65.11,5446700,KBS,2026-10-09T07:43:57Z
2026-06-01,FPT,65.66,66.75,65.56,66.29,5972700,KBS,2026-10-09T07:43:57Z
2026-06-02,FPT,66.38,68.75,66.38,68.02,17368000,KBS,2026-10-09T07:43:57Z
2026-06-03,FPT,68.29,70.66,68.2,69.56,25278600,KBS,2026-10-09T07:43:57Z
2026-06-04,FPT,69.75,70.2,68.93,69.2,11304700,KBS,2026-10-09T07:43:57Z
2026-06-05,FPT,69.11,69.11,67.56,68.2,11218100,KBS,2026-10-09T07:43:57Z
2026-06-08,FPT,67.02,67.75,66.2,66.29,10914200,KBS,2026-10-09T07:43:57Z
2026-06-09,FPT,66.75,67.47,66.02,67.02,7772300,KBS,2026-10-09T07:43:57Z
2026-06-10,FPT,66.84,67.75,66.84,67.47,4736000,KBS,2026-10-09T07:43:57Z
2026-06-11,FPT,67.2,67.2,66.47,66.47,3507300,KBS,2026-10-09T07:43:57Z
2026-06-12,FPT,66.93,67.56,66.84,66.84,5688200,KBS,2026-10-09T07:43:57Z
2026-06-15,FPT,67.66,68.38,66.84,66.93,6422700,KBS,2026-10-09T07:43:57Z
2026-06-16,FPT,67.02,67.47,66.47,66.56,5819800,KBS,2026-10-09T07:43:57Z
2026-06-17,FPT,66.66,66.75,65.66,65.75,10652200,KBS,2026-10-09T07:43:57Z
2026-06-18,FPT,65.75,65.75,65.02,65.11,13665800,KBS,2026-10-09T07:43:57Z
2026-06-19,FPT,65.11,65.29,64.38,65.02,14295100,KBS,2026-10-09T07:43:57Z
2026-06-22,FPT,65.02,65.2,63.93,64.2,9260100,KBS,2026-10-09T07:43:57Z
2026-06-23,FPT,64.47,65.29,64.29,64.38,5737500,KBS,2026-10-09T07:43:57Z
2026-06-24,FPT,64.56,64.74,63.74,64.38,5968500,KBS,2026-10-09T07:43:57Z
2026-06-25,FPT,64.56,65.2,64.38,64.56,6592100,KBS,2026-10-09T07:43:57Z
2026-06-26,FPT,64.84,64.84,63.93,64.38,4333200,KBS,2026-10-09T07:43:57Z
2026-06-29,FPT,64.29,64.38,63.84,64.02,4618200,KBS,2026-10-09T07:43:57Z
2026-06-30,FPT,64.11,64.38,63.84,63.84,6075800,KBS,2026-10-09T07:43:57Z
2026-07-01,FPT,64.02,66.56,63.93,66.29,11630500,KBS,2026-10-09T07:43:57Z
2026-07-02,FPT,66.29,66.66,65.93,65.93,5690500,KBS,2026-10-09T07:43:57Z
2026-07-03,FPT,65.93,66.47,65.2,65.75,7490500,KBS,2026-10-09T07:43:57Z
2026-07-06,FPT,65.84,67.29,65.38,66.38,11200200,KBS,2026-10-09T07:43:57Z
2026-07-07,FPT,66.38,67.02,65.93,66.56,4557200,KBS,2026-10-09T07:43:57Z
2026-07-08,FPT,65.84,66.2,65.02,65.56,6741600,KBS,2026-10-09T07:43:57Z
2026-07-09,FPT,65.29,66.38,65.2,65.56,4441900,KBS,2026-10-09T07:43:57Z
2026-07-10,FPT,65.47,65.75,64.2,64.2,7937300,KBS,2026-10-09T07:43:57Z
2026-07-13,FPT,63.93,64.84,63.84,64.11,7738400,KBS,2026-10-09T07:43:57Z
2026-07-14,FPT,63.93,64.47,63.65,63.93,6626800,KBS,2026-10-09T07:43:57Z
2026-07-15,FPT,64.02,64.02,60.74,60.74,21271900,KBS,2026-10-09T07:43:57Z
2026-07-16,FPT,60.65,61.84,58.84,61.84,13030600,KBS,2026-10-09T07:43:57Z
2026-07-17,FPT,62.11,62.2,60.93,60.93,3987800,KBS,2026-10-09T07:43:57Z
2026-07-20,FPT,60.84,61.56,60.11,61.02,7346800,KBS,2026-10-09T07:43:57Z
2026-07-21,FPT,60.47,61.74,58.92,58.92,7540400,KBS,2026-10-09T07:43:57Z
2026-07-22,FPT,59.11,61.38,58.74,58.74,10060700,KBS,2026-10-09T07:43:57Z
2026-07-23,FPT,59.11,59.74,58.38,58.84,6287300,KBS,2026-10-09T07:43:57Z
2026-07-24,FPT,58.47,58.65,57.11,57.2,5804800,KBS,2026-10-09T07:43:57Z
2026-07-27,FPT,57.38,57.92,56.56,56.56,4449500,KBS,2026-10-09T07:43:57Z
2026-07-28,FPT,56.29,57.92,55.92,57.29,5399400,KBS,2026-10-09T07:43:57Z
2026-07-29,FPT,57.29,59.38,56.83,59.2,6114000,KBS,2026-10-09T07:43:57Z
2026-07-30,FPT,59.29,61.11,58.92,60.93,7571500,KBS,2026-10-09T07:43:57Z
2026-07-31,FPT,61.11,61.74,60.47,61.02,6253600,KBS,2026-10-09T07:43:57Z
2026-08-03,FPT,61.29,65.2,61.2,65.2,16279100,KBS,2026-10-09T07:43:57Z
2026-08-04,FPT,65.84,66.66,64.84,65.02,6584300,KBS,2026-10-09T07:43:57Z
2026-08-05,FPT,65.66,65.66,63.84,63.93,6877600,KBS,2026-10-09T07:43:57Z
2026-08-06,FPT,64.02,64.93,64.02,64.29,4629700,KBS,2026-10-09T07:43:57Z
2026-08-07,FPT,64.65,65.2,63.93,64.38,4301800,KBS,2026-10-09T07:43:57Z
2026-08-10,FPT,64.47,65.47,64.29,65.29,5252100,KBS,2026-10-09T07:43:57Z
2026-08-11,FPT,65.11,66.47,64.56,64.74,6936800,KBS,2026-10-09T07:43:57Z
2026-08-12,FPT,64.74,65.38,64.2,64.38,3685600,KBS,2026-10-09T07:43:57Z
2026-08-13,FPT,64.56,64.84,62.93,62.93,7458000,KBS,2026-10-09T07:43:57Z
2026-08-14,FPT,63.02,63.29,61.84,62.11,7123800,KBS,2026-10-09T07:43:57Z
2026-08-17,FPT,62.2,63.11,62.2,62.56,4104500,KBS,2026-10-09T07:43:57Z
2026-08-18,FPT,62.56,63.02,62.02,62.74,3383800,KBS,2026-10-09T07:43:57Z
2026-08-19,FPT,62.74,62.93,62.38,62.65,1821000,KBS,2026-10-09T07:43:57Z
2026-08-20,FPT,62.84,63.93,62.84,63.47,4468100,KBS,2026-10-09T07:43:57Z
2026-08-21,FPT,63.56,65.47,63.2,65.47,7035800,KBS,2026-10-09T07:43:57Z
2026-08-24,FPT,65.93,66.11,64.93,64.93,4611900,KBS,2026-10-09T07:43:57Z
2026-08-25,FPT,64.93,65.47,64.29,64.29,4690000,KBS,2026-10-09T07:43:57Z
2026-08-26,FPT,64.29,66.29,64.29,66.02,10161300,KBS,2026-10-09T07:43:57Z
2026-08-27,FPT,66.02,66.11,65.66,65.66,3542900,KBS,2026-10-09T07:43:57Z
2026-08-28,FPT,65.66,67.29,65.66,66.56,10196800,KBS,2026-10-09T07:43:57Z
2026-09-03,FPT,66.38,66.38,65.47,65.66,4098200,KBS,2026-10-09T07:43:57Z
2026-09-04,FPT,65.93,66.38,65.84,66.2,3549500,KBS,2026-10-09T07:43:57Z
2026-09-07,FPT,66.38,67.11,65.66,65.84,7020200,KBS,2026-10-09T07:43:57Z
2026-09-08,FPT,65.84,65.93,65.47,65.66,4273000,KBS,2026-10-09T07:43:57Z
2026-09-09,FPT,65.75,66.38,65.56,65.84,3680300,KBS,2026-10-09T07:43:57Z
2026-09-10,FPT,65.75,68.02,65.66,67.75,11936600,KBS,2026-10-09T07:43:57Z
2026-09-11,FPT,67.66,67.66,66.11,66.11,5655200,KBS,2026-10-09T07:43:57Z
2026-09-14,FPT,66.2,66.93,65.47,65.84,4860300,KBS,2026-10-09T07:43:57Z
2026-09-15,FPT,66.11,66.75,65.93,66.11,3977500,KBS,2026-10-09T07:43:57Z
2026-09-16,FPT,66.2,67.11,65.02,67.11,7748100,KBS,2026-10-09T07:43:57Z
2026-09-17,FPT,66.66,67.56,66.02,67.56,6626700,KBS,2026-10-09T07:43:57Z
2026-09-18,FPT,67.75,68.02,65.2,65.2,15500700,KBS,2026-10-09T07:43:57Z
2026-09-21,FPT,66.5,66.8,65.0,66.4,8401600,KBS,2026-10-09T07:43:57Z
2026-09-22,FPT,66.6,67.0,66.2,66.6,4905000,KBS,2026-10-09T07:43:57Z
2026-09-23,FPT,66.6,67.0,66.1,66.1,3557500,KBS,2026-10-09T07:43:57Z
2026-09-24,FPT,66.0,66.2,65.1,65.3,4350900,KBS,2026-10-09T07:43:57Z
2026-09-25,FPT,65.5,65.9,64.6,64.7,3543900,KBS,2026-10-09T07:43:57Z
2026-09-28,FPT,64.7,64.8,63.0,63.7,5148700,KBS,2026-10-09T07:43:57Z
2026-09-29,FPT,63.7,64.1,63.1,63.2,3118000,KBS,2026-10-09T07:43:57Z
2026-09-30,FPT,63.4,64.0,63.0,63.0,3041400,KBS,2026-10-09T07:43:57Z
2026-10-01,FPT,63.0,63.1,62.6,62.7,3413000,KBS,2026-10-09T07:43:57Z
2026-10-02,FPT,62.7,63.2,62.1,62.1,3199600,KBS,2026-10-09T07:43:57Z
2026-10-05,FPT,62.2,62.8,61.9,61.9,2513400,KBS,2026-10-09T07:43:57Z
2026-10-06,FPT,62.0,62.2,60.0,60.4,8214700,KBS,2026-10-09T07:43:57Z
2026-10-07,FPT,60.4,61.3,59.7,59.7,5438300,KBS,2026-10-09T07:43:57Z
2026-10-08,FPT,59.5,61.5,58.9,59.7,6574800,KBS,2026-10-09T07:43:57Z
2026-10-09,FPT,59.7,60.0,57.5,57.9,10567700,KBS,2026-10-09T07:43:57Z
