date,symbol,open,high,low,close,volume,source,fetched_at
2018-08-30,GKM,7.46,7.57,7.41,7.52,132500,KBS,2026-10-09T04:10:49Z
2018-08-31,GKM,7.52,7.52,7.46,7.46,112500,KBS,2026-10-09T04:10:49Z
2018-09-04,GKM,7.46,7.52,7.46,7.46,135800,KBS,2026-10-09T04:10:49Z
2018-09-05,GKM,7.46,7.52,7.46,7.52,134200,KBS,2026-10-09T04:10:49Z
2018-09-06,GKM,7.52,7.62,7.46,7.57,156400,KBS,2026-10-09T04:10:49Z
2018-09-07,GKM,7.52,7.67,7.52,7.67,205700,KBS,2026-10-09T04:10:49Z
2018-09-10,GKM,7.67,7.72,7.62,7.62,121100,KBS,2026-10-09T04:10:49Z
2018-09-11,GKM,7.62,7.67,7.57,7.67,132700,KBS,2026-10-09T04:10:49Z
2018-09-12,GKM,7.67,7.72,7.57,7.57,129300,KBS,2026-10-09T04:10:49Z
2018-09-13,GKM,7.57,7.67,7.52,7.62,144000,KBS,2026-10-09T04:10:49Z
2018-09-14,GKM,7.57,7.67,7.57,7.67,158100,KBS,2026-10-09T04:10:49Z
2018-09-17,GKM,7.67,7.67,7.57,7.57,124200,KBS,2026-10-09T04:10:49Z
2018-09-18,GKM,7.57,7.57,7.52,7.57,139100,KBS,2026-10-09T04:10:49Z
2018-09-19,GKM,7.57,7.77,7.52,7.72,179000,KBS,2026-10-09T04:10:49Z
2018-09-20,GKM,7.72,7.92,7.62,7.87,182400,KBS,2026-10-09T04:10:49Z
2018-09-21,GKM,7.82,7.92,7.82,7.82,110400,KBS,2026-10-09T04:10:49Z
2018-09-24,GKM,7.82,7.87,7.77,7.82,132700,KBS,2026-10-09T04:10:49Z
2018-09-25,GKM,7.82,7.82,7.72,7.77,143500,KBS,2026-10-09T04:10:49Z
2018-09-26,GKM,7.72,7.82,7.72,7.72,150300,KBS,2026-10-09T04:10:49Z
2018-09-27,GKM,7.72,7.82,7.67,7.77,138400,KBS,2026-10-09T04:10:49Z
2018-09-28,GKM,7.77,7.87,7.72,7.77,131500,KBS,2026-10-09T04:10:49Z
2018-10-01,GKM,7.77,7.87,7.77,7.82,121200,KBS,2026-10-09T04:10:49Z
2018-10-02,GKM,7.77,7.87,7.72,7.82,140200,KBS,2026-10-09T04:10:49Z
2018-10-03,GKM,7.77,7.87,7.72,7.72,171300,KBS,2026-10-09T04:10:49Z
2018-10-04,GKM,7.72,7.82,7.67,7.82,174400,KBS,2026-10-09T04:10:49Z
2018-10-05,GKM,7.77,7.82,7.72,7.82,218300,KBS,2026-10-09T04:10:49Z
2018-10-08,GKM,7.82,7.87,7.72,7.77,202200,KBS,2026-10-09T04:10:49Z
2018-10-09,GKM,7.72,7.82,7.72,7.77,248400,KBS,2026-10-09T04:10:49Z
2018-10-10,GKM,7.77,7.82,7.72,7.72,285400,KBS,2026-10-09T04:10:49Z
2018-10-11,GKM,7.67,7.67,7.46,7.57,267600,KBS,2026-10-09T04:10:49Z
2018-10-12,GKM,7.52,7.67,7.52,7.67,130000,KBS,2026-10-09T04:10:49Z
2018-10-15,GKM,7.67,7.67,7.57,7.57,107400,KBS,2026-10-09T04:10:49Z
2018-10-16,GKM,7.57,7.67,7.52,7.67,207400,KBS,2026-10-09T04:10:49Z
2018-10-17,GKM,7.62,7.72,7.57,7.62,110800,KBS,2026-10-09T04:10:49Z
2018-10-18,GKM,7.57,7.62,7.57,7.57,83400,KBS,2026-10-09T04:10:49Z
2018-10-19,GKM,7.52,7.57,7.52,7.52,77500,KBS,2026-10-09T04:10:49Z
2018-10-22,GKM,7.52,7.57,7.46,7.46,61000,KBS,2026-10-09T04:10:49Z
2018-10-23,GKM,7.46,7.52,7.41,7.41,88000,KBS,2026-10-09T04:10:49Z
2018-10-24,GKM,7.36,7.46,7.36,7.36,80800,KBS,2026-10-09T04:10:49Z
2018-10-25,GKM,7.31,7.31,7.26,7.31,86100,KBS,2026-10-09T04:10:49Z
2018-10-26,GKM,7.26,7.36,7.26,7.31,86100,KBS,2026-10-09T04:10:49Z
2018-10-29,GKM,7.26,7.31,7.26,7.31,56900,KBS,2026-10-09T04:10:49Z
2018-10-30,GKM,7.31,7.41,7.26,7.36,263800,KBS,2026-10-09T04:10:49Z
2018-10-31,GKM,7.31,7.52,7.31,7.52,272100,KBS,2026-10-09T04:10:49Z
2018-11-01,GKM,7.52,7.57,7.41,7.46,170600,KBS,2026-10-09T04:10:49Z
2018-11-02,GKM,7.41,7.63,7.41,7.57,204600,KBS,2026-10-09T04:10:49Z
2018-11-05,GKM,7.57,7.63,7.52,7.63,204400,KBS,2026-10-09T04:10:49Z
2018-11-06,GKM,7.57,7.73,7.57,7.68,195000,KBS,2026-10-09T04:10:49Z
2018-11-07,GKM,7.68,7.73,7.57,7.63,259600,KBS,2026-10-09T04:10:49Z
2018-11-08,GKM,7.68,7.84,7.68,7.79,170600,KBS,2026-10-09T04:10:49Z
2018-11-09,GKM,7.79,7.79,7.68,7.68,63900,KBS,2026-10-09T04:10:49Z
2018-11-12,GKM,7.63,7.73,7.63,7.73,103000,KBS,2026-10-09T04:10:49Z
2018-11-13,GKM,7.68,7.73,7.63,7.68,77700,KBS,2026-10-09T04:10:49Z
2018-11-14,GKM,7.68,7.73,7.63,7.68,67800,KBS,2026-10-09T04:10:49Z
2018-11-15,GKM,7.63,7.68,7.63,7.63,78600,KBS,2026-10-09T04:10:49Z
2018-11-16,GKM,7.63,7.73,7.63,7.68,72900,KBS,2026-10-09T04:10:49Z
2018-11-19,GKM,7.63,7.79,7.63,7.73,81200,KBS,2026-10-09T04:10:49Z
2018-11-20,GKM,7.68,7.79,7.63,7.79,47900,KBS,2026-10-09T04:10:49Z
2018-11-21,GKM,7.73,7.84,7.68,7.84,68000,KBS,2026-10-09T04:10:49Z
2018-11-22,GKM,7.84,7.89,7.79,7.89,65300,KBS,2026-10-09T04:10:49Z
2018-11-23,GKM,7.89,7.95,7.79,7.79,64400,KBS,2026-10-09T04:10:49Z
2018-11-26,GKM,7.79,7.84,7.73,7.84,44800,KBS,2026-10-09T04:10:49Z
2018-11-27,GKM,7.84,7.89,7.79,7.84,53600,KBS,2026-10-09T04:10:49Z
2018-11-28,GKM,7.84,7.95,7.79,7.95,65700,KBS,2026-10-09T04:10:49Z
2018-11-29,GKM,7.95,8.0,7.84,7.84,63100,KBS,2026-10-09T04:10:49Z
2018-11-30,GKM,7.79,7.89,7.73,7.73,64200,KBS,2026-10-09T04:10:49Z
2018-12-03,GKM,7.73,7.89,7.68,7.89,61700,KBS,2026-10-09T04:10:49Z
2018-12-04,GKM,7.89,7.95,7.84,7.95,53300,KBS,2026-10-09T04:10:49Z
2018-12-05,GKM,7.89,8.0,7.84,7.95,45500,KBS,2026-10-09T04:10:49Z
2018-12-06,GKM,7.89,7.95,7.84,7.89,71100,KBS,2026-10-09T04:10:49Z
2018-12-07,GKM,7.84,7.95,7.84,7.89,47100,KBS,2026-10-09T04:10:49Z
2018-12-10,GKM,7.84,7.95,7.79,7.89,69000,KBS,2026-10-09T04:10:49Z
2018-12-11,GKM,7.84,7.95,7.84,7.95,53200,KBS,2026-10-09T04:10:49Z
2018-12-12,GKM,7.95,7.95,7.89,7.89,44200,KBS,2026-10-09T04:10:49Z
2018-12-13,GKM,7.89,7.95,7.84,7.84,50800,KBS,2026-10-09T04:10:49Z
2018-12-14,GKM,7.84,7.84,7.73,7.79,60000,KBS,2026-10-09T04:10:49Z
2018-12-17,GKM,7.73,7.79,7.68,7.73,99600,KBS,2026-10-09T04:10:49Z
2018-12-18,GKM,7.68,7.73,7.63,7.73,60300,KBS,2026-10-09T04:10:49Z
2018-12-19,GKM,7.68,7.79,7.68,7.79,61700,KBS,2026-10-09T04:10:49Z
2018-12-20,GKM,7.79,7.79,7.73,7.79,41200,KBS,2026-10-09T04:10:49Z
2018-12-21,GKM,7.79,7.79,7.68,7.79,49300,KBS,2026-10-09T04:10:49Z
2018-12-24,GKM,7.79,7.79,7.68,7.73,84400,KBS,2026-10-09T04:10:49Z
2018-12-25,GKM,7.68,7.73,7.63,7.68,127300,KBS,2026-10-09T04:10:49Z
2018-12-26,GKM,7.63,7.79,7.63,7.73,140700,KBS,2026-10-09T04:10:49Z
2018-12-27,GKM,7.73,7.84,7.73,7.79,117400,KBS,2026-10-09T04:10:49Z
2018-12-28,GKM,7.79,7.89,7.73,7.89,145000,KBS,2026-10-09T04:10:49Z
2019-01-02,GKM,7.95,7.95,7.84,7.89,52500,KBS,2026-10-09T04:10:49Z
2019-01-03,GKM,7.89,7.95,7.79,7.84,68800,KBS,2026-10-09T04:10:49Z
2019-01-04,GKM,7.79,7.89,7.73,7.89,104400,KBS,2026-10-09T04:10:49Z
2019-01-07,GKM,7.84,7.89,7.79,7.89,67400,KBS,2026-10-09T04:10:49Z
2019-01-08,GKM,7.79,7.84,7.79,7.84,24100,KBS,2026-10-09T04:10:49Z
2019-01-09,GKM,7.79,7.89,7.79,7.84,34500,KBS,2026-10-09T04:10:49Z
2019-01-10,GKM,7.79,7.89,7.73,7.84,41200,KBS,2026-10-09T04:10:49Z
2019-01-11,GKM,7.79,7.89,7.79,7.89,50500,KBS,2026-10-09T04:10:49Z
2019-01-14,GKM,7.84,7.95,7.84,7.84,42200,KBS,2026-10-09T04:10:49Z
2019-01-15,GKM,7.84,7.89,7.79,7.89,74100,KBS,2026-10-09T04:10:49Z
2019-01-16,GKM,7.89,8.0,7.84,8.0,102400,KBS,2026-10-09T04:10:49Z
2019-01-17,GKM,8.05,8.05,7.95,8.05,63200,KBS,2026-10-09T04:10:49Z
2019-01-18,GKM,8.0,8.0,7.95,7.95,51300,KBS,2026-10-09T04:10:49Z
2019-01-21,GKM,7.95,8.05,7.89,8.05,63800,KBS,2026-10-09T04:10:49Z
2019-01-22,GKM,8.05,8.05,7.95,7.95,52200,KBS,2026-10-09T04:10:49Z
2019-01-23,GKM,7.89,8.0,7.89,8.0,68300,KBS,2026-10-09T04:10:49Z
2019-01-24,GKM,7.95,8.05,7.95,8.0,76800,KBS,2026-10-09T04:10:49Z
2019-01-25,GKM,7.95,8.0,7.89,7.95,48500,KBS,2026-10-09T04:10:49Z
2019-01-28,GKM,7.95,7.95,7.89,7.89,55200,KBS,2026-10-09T04:10:49Z
2019-01-29,GKM,7.89,8.11,7.89,8.11,163500,KBS,2026-10-09T04:10:49Z
2019-01-30,GKM,8.11,8.16,8.0,8.11,194305,KBS,2026-10-09T04:10:49Z
2019-01-31,GKM,8.11,8.16,8.0,8.0,69150,KBS,2026-10-09T04:10:49Z
2019-02-01,GKM,8.0,8.11,7.95,8.11,55500,KBS,2026-10-09T04:10:49Z
2019-02-11,GKM,8.11,8.16,8.05,8.16,54000,KBS,2026-10-09T04:10:49Z
2019-02-12,GKM,8.16,8.22,8.11,8.16,61800,KBS,2026-10-09T04:10:49Z
2019-02-13,GKM,8.16,8.22,8.11,8.11,57900,KBS,2026-10-09T04:10:49Z
2019-02-14,GKM,8.05,8.16,8.05,8.05,50500,KBS,2026-10-09T04:10:49Z
2019-02-15,GKM,8.05,8.11,8.0,8.0,52300,KBS,2026-10-09T04:10:49Z
2019-02-18,GKM,8.0,8.0,7.89,8.0,35800,KBS,2026-10-09T04:10:49Z
2019-02-19,GKM,7.95,8.16,7.95,8.16,100100,KBS,2026-10-09T04:10:49Z
2019-02-20,GKM,8.11,8.22,8.05,8.22,70400,KBS,2026-10-09T04:10:49Z
2019-02-21,GKM,8.16,8.32,8.16,8.32,138300,KBS,2026-10-09T04:10:49Z
2019-02-22,GKM,8.27,8.38,8.27,8.38,101110,KBS,2026-10-09T04:10:49Z
2019-02-25,GKM,8.38,8.43,8.27,8.43,70100,KBS,2026-10-09T04:10:49Z
2019-02-26,GKM,8.38,8.48,8.32,8.32,79000,KBS,2026-10-09T04:10:49Z
2019-02-27,GKM,8.27,8.43,8.27,8.43,108400,KBS,2026-10-09T04:10:49Z
2019-02-28,GKM,8.43,8.48,8.32,8.32,82800,KBS,2026-10-09T04:10:49Z
2019-03-01,GKM,8.38,8.48,8.32,8.48,244800,KBS,2026-10-09T04:10:49Z
2019-03-04,GKM,8.48,8.54,8.43,8.54,204300,KBS,2026-10-09T04:10:49Z
2019-03-05,GKM,8.54,8.59,8.43,8.43,155110,KBS,2026-10-09T04:10:49Z
2019-03-06,GKM,8.43,8.54,8.38,8.38,134100,KBS,2026-10-09T04:10:49Z
2019-03-07,GKM,8.32,8.48,8.32,8.48,81450,KBS,2026-10-09T04:10:49Z
2019-03-08,GKM,8.43,8.48,8.38,8.43,81010,KBS,2026-10-09T04:10:49Z
2019-03-11,GKM,8.43,8.54,8.38,8.48,95900,KBS,2026-10-09T04:10:49Z
2019-03-12,GKM,8.48,8.59,8.43,8.59,86400,KBS,2026-10-09T04:10:49Z
2019-03-13,GKM,8.59,8.65,8.48,8.48,246500,KBS,2026-10-09T04:10:49Z
2019-03-14,GKM,8.48,8.59,8.43,8.48,119500,KBS,2026-10-09T04:10:49Z
2019-03-15,GKM,8.48,8.48,8.38,8.38,305430,KBS,2026-10-09T04:10:49Z
2019-03-18,GKM,8.38,8.54,8.32,8.43,319700,KBS,2026-10-09T04:10:49Z
2019-03-19,GKM,8.43,8.48,8.38,8.48,192400,KBS,2026-10-09T04:10:49Z
2019-03-20,GKM,8.43,8.54,8.43,8.43,144400,KBS,2026-10-09T04:10:49Z
2019-03-21,GKM,8.43,8.54,8.38,8.38,141500,KBS,2026-10-09T04:10:49Z
2019-03-22,GKM,8.32,8.43,8.32,8.43,114010,KBS,2026-10-09T04:10:49Z
2019-03-25,GKM,8.38,8.43,8.27,8.32,106000,KBS,2026-10-09T04:10:49Z
2019-03-26,GKM,8.32,8.43,8.32,8.38,107400,KBS,2026-10-09T04:10:49Z
2019-03-27,GKM,8.38,8.59,8.38,8.59,167220,KBS,2026-10-09T04:10:49Z
2019-03-28,GKM,8.59,8.59,8.48,8.59,127600,KBS,2026-10-09T04:10:49Z
2019-03-29,GKM,8.59,8.7,8.54,8.59,154000,KBS,2026-10-09T04:10:49Z
2019-04-01,GKM,8.59,8.65,8.54,8.65,96600,KBS,2026-10-09T04:10:49Z
2019-04-02,GKM,8.65,8.65,8.54,8.59,135500,KBS,2026-10-09T04:10:49Z
2019-04-03,GKM,8.59,8.59,8.48,8.54,104000,KBS,2026-10-09T04:10:49Z
2019-04-04,GKM,8.48,8.65,8.48,8.54,71100,KBS,2026-10-09T04:10:49Z
2019-04-05,GKM,8.54,8.59,8.48,8.48,87100,KBS,2026-10-09T04:10:49Z
2019-04-08,GKM,8.48,8.59,8.48,8.59,69800,KBS,2026-10-09T04:10:49Z
2019-04-09,GKM,8.59,8.65,8.54,8.54,82500,KBS,2026-10-09T04:10:49Z
2019-04-10,GKM,8.48,8.59,8.48,8.48,92900,KBS,2026-10-09T04:10:49Z
2019-04-11,GKM,8.48,8.54,8.43,8.48,88300,KBS,2026-10-09T04:10:49Z
2019-04-12,GKM,8.43,8.54,8.38,8.38,163700,KBS,2026-10-09T04:10:49Z
2019-04-16,GKM,8.32,8.38,8.27,8.38,127300,KBS,2026-10-09T04:10:49Z
2019-04-17,GKM,8.32,8.48,8.32,8.32,135700,KBS,2026-10-09T04:10:49Z
2019-04-18,GKM,8.32,8.38,8.27,8.27,104000,KBS,2026-10-09T04:10:49Z
2019-04-19,GKM,8.32,8.38,8.27,8.27,105200,KBS,2026-10-09T04:10:49Z
2019-04-22,GKM,8.27,8.32,8.22,8.32,137800,KBS,2026-10-09T04:10:49Z
2019-04-23,GKM,8.32,8.32,8.22,8.27,102800,KBS,2026-10-09T04:10:49Z
2019-04-24,GKM,8.22,8.38,8.22,8.32,157200,KBS,2026-10-09T04:10:49Z
2019-04-25,GKM,8.32,8.32,8.22,8.27,186800,KBS,2026-10-09T04:10:49Z
2019-04-26,GKM,8.22,8.27,8.22,8.27,72900,KBS,2026-10-09T04:10:49Z
2019-05-02,GKM,8.32,8.32,8.22,8.22,106600,KBS,2026-10-09T04:10:49Z
2019-05-03,GKM,8.22,8.27,8.11,8.16,99600,KBS,2026-10-09T04:10:49Z
2019-05-06,GKM,8.11,8.16,8.05,8.11,96500,KBS,2026-10-09T04:10:49Z
2019-05-07,GKM,8.11,8.22,8.11,8.16,126215,KBS,2026-10-09T04:10:49Z
2019-05-08,GKM,8.11,8.22,8.05,8.11,110400,KBS,2026-10-09T04:10:49Z
2019-05-09,GKM,8.11,8.16,8.05,8.16,142700,KBS,2026-10-09T04:10:49Z
2019-05-10,GKM,8.16,8.27,8.16,8.22,115000,KBS,2026-10-09T04:10:49Z
2019-05-13,GKM,8.22,8.32,8.16,8.27,138100,KBS,2026-10-09T04:10:49Z
2019-05-14,GKM,8.22,8.32,8.16,8.32,114915,KBS,2026-10-09T04:10:49Z
2019-05-15,GKM,8.27,8.38,8.27,8.27,102800,KBS,2026-10-09T04:10:49Z
2019-05-16,GKM,8.27,8.38,8.22,8.27,103330,KBS,2026-10-09T04:10:49Z
2019-05-17,GKM,8.27,8.38,8.22,8.32,101940,KBS,2026-10-09T04:10:49Z
2019-05-20,GKM,8.32,8.38,8.27,8.38,88800,KBS,2026-10-09T04:10:49Z
2019-05-21,GKM,8.38,8.38,8.27,8.27,112100,KBS,2026-10-09T04:10:49Z
2019-05-22,GKM,8.27,8.32,8.22,8.27,101900,KBS,2026-10-09T04:10:49Z
2019-05-23,GKM,8.22,8.32,8.11,8.11,106700,KBS,2026-10-09T04:10:49Z
2019-05-24,GKM,8.05,8.22,8.05,8.11,133000,KBS,2026-10-09T04:10:49Z
2019-05-27,GKM,8.11,8.11,8.05,8.11,62000,KBS,2026-10-09T04:10:49Z
2019-05-28,GKM,8.11,8.16,8.05,8.05,62700,KBS,2026-10-09T04:10:49Z
2019-05-29,GKM,8.05,8.16,8.05,8.16,110900,KBS,2026-10-09T04:10:49Z
2019-05-30,GKM,8.16,8.22,8.11,8.22,79600,KBS,2026-10-09T04:10:49Z
2019-05-31,GKM,8.22,8.27,8.16,8.16,72320,KBS,2026-10-09T04:10:49Z
2019-06-03,GKM,8.16,8.22,8.11,8.16,60300,KBS,2026-10-09T04:10:49Z
2019-06-04,GKM,8.16,8.22,8.11,8.11,57820,KBS,2026-10-09T04:10:49Z
2019-06-05,GKM,8.11,8.22,8.05,8.22,60900,KBS,2026-10-09T04:10:49Z
2019-06-06,GKM,8.16,8.27,8.11,8.16,126200,KBS,2026-10-09T04:10:49Z
2019-06-07,GKM,8.16,8.22,8.16,8.22,120100,KBS,2026-10-09T04:10:49Z
2019-06-10,GKM,8.16,8.27,8.16,8.16,102900,KBS,2026-10-09T04:10:49Z
2019-06-11,GKM,8.11,8.22,8.11,8.16,99400,KBS,2026-10-09T04:10:49Z
2019-06-12,GKM,8.16,8.22,8.11,8.11,93200,KBS,2026-10-09T04:10:49Z
2019-06-13,GKM,8.11,8.16,8.05,8.16,123700,KBS,2026-10-09T04:10:49Z
2019-06-14,GKM,8.16,8.22,8.11,8.22,139300,KBS,2026-10-09T04:10:49Z
2019-06-17,GKM,8.16,8.27,8.11,8.11,68600,KBS,2026-10-09T04:10:49Z
2019-06-18,GKM,8.11,8.16,8.05,8.11,51700,KBS,2026-10-09T04:10:49Z
2019-06-19,GKM,8.11,8.22,8.11,8.16,51700,KBS,2026-10-09T04:10:49Z
2019-06-20,GKM,8.16,8.27,8.11,8.27,77500,KBS,2026-10-09T04:10:49Z
2019-06-21,GKM,8.22,8.32,8.22,8.22,148000,KBS,2026-10-09T04:10:49Z
2019-06-24,GKM,8.16,8.16,8.11,8.11,20100,KBS,2026-10-09T04:10:49Z
2019-06-25,GKM,8.11,8.22,8.11,8.11,67900,KBS,2026-10-09T04:10:49Z
2019-06-26,GKM,8.11,8.22,8.11,8.16,49600,KBS,2026-10-09T04:10:49Z
2019-06-27,GKM,8.16,8.22,8.11,8.11,73500,KBS,2026-10-09T04:10:49Z
2019-06-28,GKM,8.11,8.22,8.11,8.22,74000,KBS,2026-10-09T04:10:49Z
2019-07-01,GKM,8.22,8.27,8.11,8.27,101100,KBS,2026-10-09T04:10:49Z
2019-07-02,GKM,8.22,8.27,8.16,8.22,79900,KBS,2026-10-09T04:10:49Z
2019-07-03,GKM,8.22,8.22,8.16,8.22,56900,KBS,2026-10-09T04:10:49Z
2019-07-04,GKM,8.16,8.27,8.16,8.22,67800,KBS,2026-10-09T04:10:49Z
2019-07-05,GKM,8.22,8.27,8.16,8.27,52000,KBS,2026-10-09T04:10:49Z
2019-07-08,GKM,8.27,8.32,8.22,8.22,48700,KBS,2026-10-09T04:10:49Z
2019-07-09,GKM,8.22,8.27,8.16,8.27,62100,KBS,2026-10-09T04:10:49Z
2019-07-10,GKM,8.27,8.32,8.22,8.27,98810,KBS,2026-10-09T04:10:49Z
2019-07-11,GKM,8.22,8.32,8.16,8.32,95600,KBS,2026-10-09T04:10:49Z
2019-07-12,GKM,8.32,8.48,8.27,8.32,83200,KBS,2026-10-09T04:10:49Z
2019-07-15,GKM,8.32,8.38,8.22,8.27,74600,KBS,2026-10-09T04:10:49Z
2019-07-16,GKM,8.22,8.32,8.22,8.27,63600,KBS,2026-10-09T04:10:49Z
2019-07-17,GKM,8.27,8.32,8.22,8.22,62800,KBS,2026-10-09T04:10:49Z
2019-07-18,GKM,8.22,8.22,8.11,8.11,88200,KBS,2026-10-09T04:10:49Z
2019-07-19,GKM,8.05,8.11,8.0,8.05,78800,KBS,2026-10-09T04:10:49Z
2019-07-22,GKM,8.0,8.11,8.0,8.05,67910,KBS,2026-10-09T04:10:49Z
2019-07-23,GKM,8.05,8.11,7.95,8.11,54000,KBS,2026-10-09T04:10:49Z
2019-07-24,GKM,8.05,8.11,8.0,8.05,91400,KBS,2026-10-09T04:10:49Z
2019-07-25,GKM,8.0,8.16,8.0,8.11,117000,KBS,2026-10-09T04:10:49Z
2019-07-26,GKM,8.05,8.16,8.05,8.05,52290,KBS,2026-10-09T04:10:49Z
2019-07-29,GKM,8.16,8.16,8.0,8.11,49900,KBS,2026-10-09T04:10:49Z
2019-07-30,GKM,8.05,8.11,8.0,8.0,32900,KBS,2026-10-09T04:10:49Z
2019-07-31,GKM,8.0,8.05,7.95,7.95,30400,KBS,2026-10-09T04:10:49Z
2019-08-01,GKM,7.95,8.05,7.89,8.0,65000,KBS,2026-10-09T04:10:49Z
2019-08-02,GKM,7.95,8.0,7.89,7.89,51605,KBS,2026-10-09T04:10:49Z
2019-08-05,GKM,7.84,7.95,7.84,7.84,78000,KBS,2026-10-09T04:10:49Z
2019-08-06,GKM,7.79,7.89,7.79,7.89,48305,KBS,2026-10-09T04:10:49Z
2019-08-07,GKM,7.89,7.89,7.84,7.84,47700,KBS,2026-10-09T04:10:49Z
2019-08-08,GKM,7.79,7.89,7.79,7.84,42400,KBS,2026-10-09T04:10:49Z
2019-08-09,GKM,7.79,7.84,7.79,7.84,133500,KBS,2026-10-09T04:10:49Z
2019-08-12,GKM,7.84,7.89,7.79,7.89,34200,KBS,2026-10-09T04:10:49Z
2019-08-13,GKM,7.89,7.89,7.84,7.84,56300,KBS,2026-10-09T04:10:49Z
2019-08-14,GKM,7.84,7.95,7.79,7.95,57800,KBS,2026-10-09T04:10:49Z
2019-08-15,GKM,7.89,7.95,7.79,7.95,53480,KBS,2026-10-09T04:10:49Z
2019-08-16,GKM,7.95,8.0,7.95,8.0,128455,KBS,2026-10-09T04:10:49Z
2019-08-19,GKM,8.0,8.11,7.95,8.05,94700,KBS,2026-10-09T04:10:49Z
2019-08-20,GKM,8.0,8.16,8.0,8.11,170000,KBS,2026-10-09T04:10:49Z
2019-08-21,GKM,8.11,8.16,8.11,8.11,86100,KBS,2026-10-09T04:10:49Z
2019-08-22,GKM,8.16,8.16,8.05,8.05,96900,KBS,2026-10-09T04:10:49Z
2019-08-23,GKM,8.11,8.16,8.0,8.0,118700,KBS,2026-10-09T04:10:49Z
2019-08-26,GKM,8.22,8.22,7.95,7.95,115800,KBS,2026-10-09T04:10:49Z
2019-08-27,GKM,7.95,8.05,7.89,8.05,82100,KBS,2026-10-09T04:10:49Z
2019-08-28,GKM,7.89,8.05,7.89,8.05,112700,KBS,2026-10-09T04:10:49Z
2019-08-29,GKM,8.11,8.22,8.0,8.11,113400,KBS,2026-10-09T04:10:49Z
2019-08-30,GKM,8.05,8.16,8.05,8.16,91200,KBS,2026-10-09T04:10:49Z
2019-09-03,GKM,8.11,8.16,8.11,8.11,94500,KBS,2026-10-09T04:10:49Z
2019-09-04,GKM,8.11,8.11,8.0,8.11,76800,KBS,2026-10-09T04:10:49Z
2019-09-05,GKM,8.05,8.16,8.05,8.11,85900,KBS,2026-10-09T04:10:49Z
2019-09-06,GKM,8.05,8.16,8.05,8.16,241000,KBS,2026-10-09T04:10:49Z
2019-09-09,GKM,8.11,8.16,7.89,8.11,173300,KBS,2026-10-09T04:10:49Z
2019-09-10,GKM,8.05,8.11,8.0,8.05,245900,KBS,2026-10-09T04:10:49Z
2019-09-11,GKM,8.05,8.11,8.0,8.11,222200,KBS,2026-10-09T04:10:49Z
2019-09-12,GKM,8.11,8.16,8.05,8.16,62900,KBS,2026-10-09T04:10:49Z
2019-09-13,GKM,8.16,8.22,8.05,8.11,128300,KBS,2026-10-09T04:10:49Z
2019-09-16,GKM,8.11,8.11,8.05,8.11,200200,KBS,2026-10-09T04:10:49Z
2019-09-17,GKM,8.05,8.05,8.0,8.05,89000,KBS,2026-10-09T04:10:49Z
2019-09-18,GKM,8.0,8.0,7.95,8.0,99600,KBS,2026-10-09T04:10:49Z
2019-09-19,GKM,8.0,8.11,7.95,8.0,63500,KBS,2026-10-09T04:10:49Z
2019-09-20,GKM,8.0,8.11,7.95,7.95,302300,KBS,2026-10-09T04:10:49Z
2019-09-23,GKM,7.95,8.05,7.95,8.05,94500,KBS,2026-10-09T04:10:49Z
2019-09-24,GKM,8.05,8.16,7.95,8.16,317200,KBS,2026-10-09T04:10:49Z
2019-09-25,GKM,8.11,8.11,8.05,8.05,59100,KBS,2026-10-09T04:10:49Z
2019-09-26,GKM,8.0,8.11,8.0,8.11,275800,KBS,2026-10-09T04:10:49Z
2019-09-27,GKM,8.05,8.16,8.05,8.11,310700,KBS,2026-10-09T04:10:49Z
2019-09-30,GKM,8.05,8.11,8.05,8.11,22200,KBS,2026-10-09T04:10:49Z
2019-10-01,GKM,8.05,8.11,7.3,8.11,147300,KBS,2026-10-09T04:10:49Z
2019-10-02,GKM,8.0,8.05,7.3,8.05,143900,KBS,2026-10-09T04:10:49Z
2019-10-03,GKM,8.05,8.11,8.0,8.0,65400,KBS,2026-10-09T04:10:49Z
2019-10-04,GKM,8.05,8.11,8.05,8.11,23700,KBS,2026-10-09T04:10:49Z
2019-10-07,GKM,8.11,8.16,8.11,8.11,69600,KBS,2026-10-09T04:10:49Z
2019-10-08,GKM,8.11,8.16,8.05,8.11,35500,KBS,2026-10-09T04:10:49Z
2019-10-09,GKM,8.05,8.11,8.05,8.11,147700,KBS,2026-10-09T04:10:49Z
2019-10-10,GKM,8.05,8.11,8.05,8.11,148400,KBS,2026-10-09T04:10:49Z
2019-10-11,GKM,8.11,8.11,7.41,8.11,83820,KBS,2026-10-09T04:10:49Z
2019-10-14,GKM,8.11,8.16,8.05,8.16,36200,KBS,2026-10-09T04:10:49Z
2019-10-15,GKM,8.11,8.16,8.11,8.16,183600,KBS,2026-10-09T04:10:49Z
2019-10-16,GKM,8.11,8.11,8.05,8.11,87800,KBS,2026-10-09T04:10:49Z
2019-10-17,GKM,8.11,8.11,8.05,8.11,20200,KBS,2026-10-09T04:10:49Z
2019-10-18,GKM,8.05,8.05,7.41,8.05,372800,KBS,2026-10-09T04:10:49Z
2019-10-21,GKM,8.05,8.05,8.05,8.05,165400,KBS,2026-10-09T04:10:49Z
2019-10-22,GKM,8.05,8.11,8.0,8.11,200500,KBS,2026-10-09T04:10:49Z
2019-10-23,GKM,8.11,8.11,8.05,8.05,22800,KBS,2026-10-09T04:10:49Z
2019-10-24,GKM,8.05,8.11,8.0,8.11,203300,KBS,2026-10-09T04:10:49Z
2019-10-25,GKM,8.11,8.11,8.0,8.05,214000,KBS,2026-10-09T04:10:49Z
2019-10-28,GKM,8.05,8.05,8.05,8.05,10300,KBS,2026-10-09T04:10:49Z
2019-10-29,GKM,8.0,8.11,8.0,8.05,296800,KBS,2026-10-09T04:10:49Z
2019-10-30,GKM,8.0,8.05,8.0,8.05,34900,KBS,2026-10-09T04:10:49Z
2019-10-31,GKM,8.05,8.11,8.05,8.11,44900,KBS,2026-10-09T04:10:49Z
2019-11-01,GKM,8.11,8.11,8.0,8.11,53800,KBS,2026-10-09T04:10:49Z
2019-11-04,GKM,8.11,8.11,8.0,8.05,32800,KBS,2026-10-09T04:10:49Z
2019-11-05,GKM,8.05,8.05,8.0,8.05,54500,KBS,2026-10-09T04:10:49Z
2019-11-06,GKM,8.05,8.05,8.0,8.0,44200,KBS,2026-10-09T04:10:49Z
2019-11-07,GKM,8.0,8.05,8.0,8.0,60100,KBS,2026-10-09T04:10:49Z
2019-11-08,GKM,8.0,8.05,8.0,8.05,24000,KBS,2026-10-09T04:10:49Z
2019-11-11,GKM,8.05,8.11,8.0,8.05,98700,KBS,2026-10-09T04:10:49Z
2019-11-12,GKM,8.05,8.11,8.0,8.11,72000,KBS,2026-10-09T04:10:49Z
2019-11-13,GKM,8.05,8.11,8.0,8.11,83300,KBS,2026-10-09T04:10:49Z
2019-11-14,GKM,8.05,8.05,8.0,8.05,138400,KBS,2026-10-09T04:10:49Z
2019-11-15,GKM,8.0,8.11,8.0,8.05,127700,KBS,2026-10-09T04:10:49Z
2019-11-18,GKM,8.05,8.05,8.0,8.05,72400,KBS,2026-10-09T04:10:49Z
2019-11-19,GKM,8.05,8.05,7.52,8.0,74800,KBS,2026-10-09T04:10:49Z
2019-11-20,GKM,8.0,8.05,7.95,8.05,39900,KBS,2026-10-09T04:10:49Z
2019-11-21,GKM,8.0,8.05,7.52,8.0,101400,KBS,2026-10-09T04:10:49Z
2019-11-22,GKM,8.05,8.05,8.0,8.0,72500,KBS,2026-10-09T04:10:49Z
2019-11-25,GKM,8.05,8.05,8.0,8.0,13000,KBS,2026-10-09T04:10:49Z
2019-11-26,GKM,8.05,8.05,8.0,8.05,63600,KBS,2026-10-09T04:10:49Z
2019-11-27,GKM,8.05,8.05,8.0,8.05,30300,KBS,2026-10-09T04:10:49Z
2019-11-28,GKM,8.05,8.05,7.52,8.05,45700,KBS,2026-10-09T04:10:49Z
2019-11-29,GKM,8.05,8.16,8.0,8.16,492800,KBS,2026-10-09T04:10:49Z
2019-12-02,GKM,8.11,8.22,8.11,8.16,65600,KBS,2026-10-09T04:10:49Z
2019-12-03,GKM,8.16,8.22,7.52,8.16,65000,KBS,2026-10-09T04:10:49Z
2019-12-04,GKM,8.16,8.16,8.0,8.16,207800,KBS,2026-10-09T04:10:49Z
2019-12-05,GKM,8.16,8.22,8.11,8.11,63400,KBS,2026-10-09T04:10:49Z
2019-12-06,GKM,8.05,8.16,8.05,8.11,16500,KBS,2026-10-09T04:10:49Z
2019-12-09,GKM,8.11,8.22,8.05,8.16,146900,KBS,2026-10-09T04:10:49Z
2019-12-10,GKM,8.11,8.16,8.11,8.16,31800,KBS,2026-10-09T04:10:49Z
2019-12-11,GKM,8.11,8.16,8.11,8.16,35530,KBS,2026-10-09T04:10:49Z
2019-12-12,GKM,8.11,8.16,8.05,8.16,14000,KBS,2026-10-09T04:10:49Z
2019-12-13,GKM,8.16,8.16,8.0,8.11,63400,KBS,2026-10-09T04:10:49Z
2019-12-16,GKM,8.11,8.11,8.05,8.11,233400,KBS,2026-10-09T04:10:49Z
2019-12-17,GKM,8.16,8.39,8.16,8.39,224900,KBS,2026-10-09T04:10:49Z
2019-12-18,GKM,8.28,8.45,8.28,8.45,66200,KBS,2026-10-09T04:10:49Z
2019-12-19,GKM,8.45,8.45,8.39,8.39,69900,KBS,2026-10-09T04:10:49Z
2019-12-20,GKM,8.33,8.39,8.28,8.39,282600,KBS,2026-10-09T04:10:49Z
2019-12-23,GKM,8.33,8.45,8.33,8.39,148200,KBS,2026-10-09T04:10:49Z
2019-12-24,GKM,8.28,8.5,8.28,8.45,325200,KBS,2026-10-09T04:10:49Z
2019-12-25,GKM,8.39,8.5,8.39,8.5,283400,KBS,2026-10-09T04:10:49Z
2019-12-26,GKM,8.45,8.5,8.39,8.5,207300,KBS,2026-10-09T04:10:49Z
2019-12-27,GKM,8.45,8.5,8.28,8.5,30730,KBS,2026-10-09T04:10:49Z
2019-12-30,GKM,8.45,8.56,8.39,8.56,250100,KBS,2026-10-09T04:10:49Z
2019-12-31,GKM,8.45,8.62,8.45,8.62,22200,KBS,2026-10-09T04:10:49Z
2020-01-02,GKM,8.5,8.62,8.45,8.62,94400,KBS,2026-10-09T04:10:49Z
2020-01-03,GKM,8.56,8.56,8.5,8.56,103000,KBS,2026-10-09T04:10:49Z
2020-01-06,GKM,8.56,8.67,8.5,8.67,133800,KBS,2026-10-09T04:10:49Z
2020-01-07,GKM,8.62,8.67,8.5,8.67,86700,KBS,2026-10-09T04:10:49Z
2020-01-08,GKM,8.62,8.62,8.56,8.62,133300,KBS,2026-10-09T04:10:49Z
2020-01-09,GKM,8.56,8.73,8.5,8.73,135000,KBS,2026-10-09T04:10:49Z
2020-01-10,GKM,8.62,8.73,8.5,8.73,55500,KBS,2026-10-09T04:10:49Z
2020-01-13,GKM,8.62,8.73,8.62,8.73,131500,KBS,2026-10-09T04:10:49Z
2020-01-14,GKM,8.62,8.73,8.39,8.73,123920,KBS,2026-10-09T04:10:49Z
2020-01-15,GKM,8.62,8.73,8.62,8.73,53300,KBS,2026-10-09T04:10:49Z
2020-01-16,GKM,8.5,8.73,8.5,8.73,124900,KBS,2026-10-09T04:10:49Z
2020-01-17,GKM,8.62,8.78,8.62,8.78,161900,KBS,2026-10-09T04:10:49Z
2020-01-20,GKM,8.73,8.78,8.62,8.78,259500,KBS,2026-10-09T04:10:49Z
2020-01-21,GKM,8.62,8.78,8.62,8.73,271600,KBS,2026-10-09T04:10:49Z
2020-01-22,GKM,8.62,8.73,8.56,8.73,219500,KBS,2026-10-09T04:10:49Z
2020-01-30,GKM,8.67,8.78,8.56,8.78,247400,KBS,2026-10-09T04:10:49Z
2020-01-31,GKM,8.67,8.73,8.62,8.73,211100,KBS,2026-10-09T04:10:49Z
2020-02-03,GKM,8.67,8.73,8.67,8.73,199500,KBS,2026-10-09T04:10:49Z
2020-02-04,GKM,8.67,8.73,8.62,8.73,127700,KBS,2026-10-09T04:10:49Z
2020-02-05,GKM,8.67,8.73,8.56,8.73,453700,KBS,2026-10-09T04:10:49Z
2020-02-06,GKM,8.62,8.84,8.62,8.84,98500,KBS,2026-10-09T04:10:49Z
2020-02-07,GKM,8.73,8.84,8.67,8.84,65400,KBS,2026-10-09T04:10:49Z
2020-02-10,GKM,8.73,8.9,8.67,8.9,220000,KBS,2026-10-09T04:10:49Z
2020-02-11,GKM,8.73,8.95,8.73,8.95,152100,KBS,2026-10-09T04:10:49Z
2020-02-12,GKM,8.73,8.95,8.73,8.95,67400,KBS,2026-10-09T04:10:49Z
2020-02-13,GKM,8.84,8.95,8.78,8.95,157800,KBS,2026-10-09T04:10:49Z
2020-02-14,GKM,8.9,8.95,8.9,8.95,112500,KBS,2026-10-09T04:10:49Z
2020-02-17,GKM,8.84,8.9,8.73,8.9,128500,KBS,2026-10-09T04:10:49Z
2020-02-18,GKM,8.84,8.9,8.84,8.9,185100,KBS,2026-10-09T04:10:49Z
2020-02-19,GKM,8.78,8.9,8.78,8.9,119900,KBS,2026-10-09T04:10:49Z
2020-02-20,GKM,8.78,8.9,8.78,8.9,90300,KBS,2026-10-09T04:10:49Z
2020-02-21,GKM,8.84,8.9,8.84,8.9,60000,KBS,2026-10-09T04:10:49Z
2020-02-24,GKM,8.84,8.95,8.62,8.62,100400,KBS,2026-10-09T04:10:49Z
2020-02-25,GKM,8.62,8.9,8.62,8.84,96100,KBS,2026-10-09T04:10:49Z
2020-02-26,GKM,8.73,8.73,8.62,8.67,102900,KBS,2026-10-09T04:10:49Z
2020-02-27,GKM,8.9,8.9,8.56,8.73,67600,KBS,2026-10-09T04:10:49Z
2020-02-28,GKM,8.67,8.73,8.67,8.73,57600,KBS,2026-10-09T04:10:49Z
2020-03-02,GKM,8.67,8.9,8.67,8.9,186600,KBS,2026-10-09T04:10:49Z
2020-03-03,GKM,8.78,8.9,8.78,8.84,103400,KBS,2026-10-09T04:10:49Z
2020-03-04,GKM,8.73,8.84,8.73,8.84,196900,KBS,2026-10-09T04:10:49Z
2020-03-05,GKM,8.84,8.9,8.78,8.9,160300,KBS,2026-10-09T04:10:49Z
2020-03-06,GKM,8.84,8.95,8.84,8.95,127100,KBS,2026-10-09T04:10:49Z
2020-03-09,GKM,8.84,8.9,8.84,8.9,179100,KBS,2026-10-09T04:10:49Z
2020-03-10,GKM,8.84,8.95,8.84,8.95,169600,KBS,2026-10-09T04:10:49Z
2020-03-11,GKM,8.84,8.95,8.78,8.95,277504,KBS,2026-10-09T04:10:49Z
2020-03-12,GKM,8.84,8.84,8.78,8.78,102208,KBS,2026-10-09T04:10:49Z
2020-03-13,GKM,8.67,8.78,8.67,8.73,139700,KBS,2026-10-09T04:10:49Z
2020-03-16,GKM,8.73,8.73,8.67,8.67,32300,KBS,2026-10-09T04:10:49Z
2020-03-17,GKM,8.62,8.67,8.5,8.67,105100,KBS,2026-10-09T04:10:49Z
2020-03-18,GKM,8.56,8.62,8.39,8.56,109664,KBS,2026-10-09T04:10:49Z
2020-03-19,GKM,8.5,8.73,8.5,8.73,96513,KBS,2026-10-09T04:10:49Z
2020-03-20,GKM,8.67,8.78,8.45,8.78,163620,KBS,2026-10-09T04:10:49Z
2020-03-23,GKM,8.67,8.67,8.5,8.5,54700,KBS,2026-10-09T04:10:49Z
2020-03-24,GKM,8.56,8.56,8.45,8.5,73430,KBS,2026-10-09T04:10:49Z
2020-03-25,GKM,8.56,8.56,8.5,8.56,81500,KBS,2026-10-09T04:10:49Z
2020-03-26,GKM,8.56,8.56,8.5,8.56,161500,KBS,2026-10-09T04:10:49Z
2020-03-27,GKM,8.56,8.67,8.45,8.56,360300,KBS,2026-10-09T04:10:49Z
2020-03-30,GKM,8.5,8.67,8.33,8.62,304400,KBS,2026-10-09T04:10:49Z
2020-03-31,GKM,8.56,8.62,8.56,8.62,195300,KBS,2026-10-09T04:10:49Z
2020-04-01,GKM,8.62,8.73,8.62,8.73,185100,KBS,2026-10-09T04:10:49Z
2020-04-03,GKM,8.73,8.73,8.39,8.73,195400,KBS,2026-10-09T04:10:49Z
2020-04-06,GKM,8.62,8.67,8.45,8.67,334900,KBS,2026-10-09T04:10:49Z
2020-04-07,GKM,8.5,8.73,8.45,8.73,134500,KBS,2026-10-09T04:10:49Z
2020-04-08,GKM,8.62,8.84,8.62,8.84,127550,KBS,2026-10-09T04:10:49Z
2020-04-09,GKM,8.73,9.07,8.73,9.01,165800,KBS,2026-10-09T04:10:49Z
2020-04-10,GKM,9.01,9.07,8.84,9.07,144010,KBS,2026-10-09T04:10:49Z
2020-04-13,GKM,9.07,9.18,9.07,9.18,155325,KBS,2026-10-09T04:10:49Z
2020-04-14,GKM,9.01,9.35,9.01,9.35,148600,KBS,2026-10-09T04:10:49Z
2020-04-15,GKM,9.29,9.46,9.29,9.46,111200,KBS,2026-10-09T04:10:49Z
2020-04-16,GKM,9.46,9.57,9.29,9.57,99400,KBS,2026-10-09T04:10:49Z
2020-04-17,GKM,9.52,9.69,9.52,9.69,110700,KBS,2026-10-09T04:10:49Z
2020-04-20,GKM,9.69,9.74,9.57,9.74,148100,KBS,2026-10-09T04:10:49Z
2020-04-21,GKM,9.8,9.8,9.52,9.63,116177,KBS,2026-10-09T04:10:49Z
2020-04-22,GKM,9.4,9.74,9.4,9.74,223200,KBS,2026-10-09T04:10:49Z
2020-04-23,GKM,9.63,9.91,9.52,9.91,98100,KBS,2026-10-09T04:10:49Z
2020-04-24,GKM,9.63,10.02,9.63,10.02,144300,KBS,2026-10-09T04:10:49Z
2020-04-27,GKM,10.02,10.08,9.57,10.02,94400,KBS,2026-10-09T04:10:49Z
2020-04-28,GKM,10.02,10.08,9.85,9.97,177625,KBS,2026-10-09T04:10:49Z
2020-04-29,GKM,9.97,10.02,9.74,9.97,46280,KBS,2026-10-09T04:10:49Z
2020-05-04,GKM,9.91,10.02,9.91,9.97,138100,KBS,2026-10-09T04:10:49Z
2020-05-05,GKM,9.8,9.91,9.74,9.91,99000,KBS,2026-10-09T04:10:49Z
2020-05-06,GKM,9.91,10.02,9.01,10.02,107900,KBS,2026-10-09T04:10:49Z
2020-05-07,GKM,9.97,10.08,9.91,10.08,148400,KBS,2026-10-09T04:10:49Z
2020-05-08,GKM,9.91,10.08,9.91,10.08,198675,KBS,2026-10-09T04:10:49Z
2020-05-11,GKM,10.08,10.08,9.97,10.08,192200,KBS,2026-10-09T04:10:49Z
2020-05-12,GKM,9.97,10.14,9.85,10.02,140300,KBS,2026-10-09T04:10:49Z
2020-05-13,GKM,9.97,9.97,9.52,9.97,156000,KBS,2026-10-09T04:10:49Z
2020-05-14,GKM,9.91,9.97,9.91,9.97,146300,KBS,2026-10-09T04:10:49Z
2020-05-15,GKM,10.02,10.08,9.85,9.91,112200,KBS,2026-10-09T04:10:49Z
2020-05-18,GKM,9.85,9.97,9.85,9.97,130800,KBS,2026-10-09T04:10:49Z
2020-05-19,GKM,9.85,9.97,9.85,9.97,213500,KBS,2026-10-09T04:10:49Z
2020-05-20,GKM,9.85,9.97,9.85,9.97,184975,KBS,2026-10-09T04:10:49Z
2020-05-21,GKM,9.85,9.91,9.69,9.91,151100,KBS,2026-10-09T04:10:49Z
2020-05-22,GKM,9.85,9.97,9.85,9.97,143350,KBS,2026-10-09T04:10:49Z
2020-05-25,GKM,9.85,9.97,9.85,9.97,145800,KBS,2026-10-09T04:10:49Z
2020-05-26,GKM,9.91,9.97,9.91,9.97,152100,KBS,2026-10-09T04:10:49Z
2020-05-27,GKM,9.91,9.97,9.85,9.97,125600,KBS,2026-10-09T04:10:49Z
2020-05-28,GKM,9.91,9.97,9.85,9.97,43200,KBS,2026-10-09T04:10:49Z
2020-05-29,GKM,9.8,10.08,9.8,10.02,256100,KBS,2026-10-09T04:10:49Z
2020-06-01,GKM,9.91,10.02,9.91,10.02,238100,KBS,2026-10-09T04:10:49Z
2020-06-02,GKM,9.8,10.02,9.74,10.02,103280,KBS,2026-10-09T04:10:49Z
2020-06-03,GKM,9.85,10.14,9.85,10.14,144700,KBS,2026-10-09T04:10:49Z
2020-06-04,GKM,9.91,10.14,9.91,10.08,246012,KBS,2026-10-09T04:10:49Z
2020-06-05,GKM,10.02,10.08,9.8,10.08,302700,KBS,2026-10-09T04:10:49Z
2020-06-08,GKM,9.97,10.14,9.97,10.14,168900,KBS,2026-10-09T04:10:49Z
2020-06-09,GKM,9.97,10.14,9.8,10.14,93900,KBS,2026-10-09T04:10:49Z
2020-06-10,GKM,9.85,10.14,9.85,10.14,399212,KBS,2026-10-09T04:10:49Z
2020-06-11,GKM,10.08,10.14,10.08,10.14,178800,KBS,2026-10-09T04:10:49Z
2020-06-12,GKM,10.02,10.08,9.8,10.08,132500,KBS,2026-10-09T04:10:49Z
2020-06-15,GKM,9.91,9.97,9.91,9.97,250200,KBS,2026-10-09T04:10:49Z
2020-06-16,GKM,10.02,10.08,10.02,10.08,306500,KBS,2026-10-09T04:10:49Z
2020-06-17,GKM,9.91,10.08,9.85,10.08,300300,KBS,2026-10-09T04:10:49Z
2020-06-18,GKM,9.91,10.08,9.8,10.08,193200,KBS,2026-10-09T04:10:49Z
2020-06-19,GKM,9.97,10.08,9.85,10.08,177700,KBS,2026-10-09T04:10:49Z
2020-06-22,GKM,9.91,10.08,9.85,10.08,153825,KBS,2026-10-09T04:10:49Z
2020-06-23,GKM,9.91,10.08,9.91,10.08,146200,KBS,2026-10-09T04:10:49Z
2020-06-24,GKM,9.97,10.08,9.85,10.02,209800,KBS,2026-10-09T04:10:49Z
2020-06-25,GKM,9.91,9.97,9.91,9.97,210700,KBS,2026-10-09T04:10:49Z
2020-06-26,GKM,9.91,10.02,9.91,10.02,85312,KBS,2026-10-09T04:10:49Z
2020-06-29,GKM,9.91,9.91,9.85,9.85,167800,KBS,2026-10-09T04:10:49Z
2020-06-30,GKM,9.85,9.97,9.74,9.91,228700,KBS,2026-10-09T04:10:49Z
2020-07-01,GKM,9.91,10.08,9.91,10.08,110000,KBS,2026-10-09T04:10:49Z
2020-07-02,GKM,10.02,10.02,9.97,10.02,113400,KBS,2026-10-09T04:10:49Z
2020-07-03,GKM,9.91,9.91,9.74,9.74,133600,KBS,2026-10-09T04:10:49Z
2020-07-06,GKM,9.8,9.97,9.8,9.97,107400,KBS,2026-10-09T04:10:49Z
2020-07-07,GKM,9.85,10.08,9.85,10.02,217000,KBS,2026-10-09T04:10:49Z
2020-07-08,GKM,9.97,9.97,9.91,9.97,139600,KBS,2026-10-09T04:10:49Z
2020-07-09,GKM,9.91,9.91,9.8,9.91,86000,KBS,2026-10-09T04:10:49Z
2020-07-10,GKM,9.85,9.97,9.85,9.97,113800,KBS,2026-10-09T04:10:49Z
2020-07-13,GKM,9.97,9.97,9.85,9.91,113800,KBS,2026-10-09T04:10:49Z
2020-07-14,GKM,9.85,9.97,9.85,9.97,91500,KBS,2026-10-09T04:10:49Z
2020-07-15,GKM,9.8,9.97,9.8,9.97,117800,KBS,2026-10-09T04:10:49Z
2020-07-16,GKM,9.85,9.91,9.8,9.91,85200,KBS,2026-10-09T04:10:49Z
2020-07-17,GKM,9.85,9.85,9.74,9.85,172100,KBS,2026-10-09T04:10:49Z
2020-07-20,GKM,9.91,9.97,9.8,9.85,121200,KBS,2026-10-09T04:10:49Z
2020-07-21,GKM,9.69,9.8,9.57,9.8,173900,KBS,2026-10-09T04:10:49Z
2020-07-22,GKM,9.8,9.8,9.57,9.63,199500,KBS,2026-10-09T04:10:49Z
2020-07-23,GKM,9.8,9.8,9.63,9.8,189500,KBS,2026-10-09T04:10:49Z
2020-07-24,GKM,9.74,9.74,9.69,9.69,123400,KBS,2026-10-09T04:10:49Z
2020-07-27,GKM,9.63,9.69,9.52,9.69,263000,KBS,2026-10-09T04:10:49Z
2020-07-28,GKM,9.69,9.69,9.69,9.69,95700,KBS,2026-10-09T04:10:49Z
2020-07-29,GKM,9.63,9.69,9.57,9.69,177600,KBS,2026-10-09T04:10:49Z
2020-07-30,GKM,9.69,9.69,9.57,9.69,312900,KBS,2026-10-09T04:10:49Z
2020-07-31,GKM,9.69,9.8,9.69,9.8,73200,KBS,2026-10-09T04:10:49Z
2020-08-03,GKM,9.8,10.02,9.74,9.91,217400,KBS,2026-10-09T04:10:49Z
2020-08-04,GKM,9.57,9.91,8.95,9.8,305400,KBS,2026-10-09T04:10:49Z
2020-08-05,GKM,9.8,10.02,9.8,9.91,245700,KBS,2026-10-09T04:10:49Z
2020-08-06,GKM,9.69,9.91,9.63,9.85,294300,KBS,2026-10-09T04:10:49Z
2020-08-07,GKM,9.85,9.85,9.69,9.85,153900,KBS,2026-10-09T04:10:49Z
2020-08-10,GKM,9.57,9.91,9.52,9.8,432600,KBS,2026-10-09T04:10:49Z
2020-08-11,GKM,9.74,9.85,9.52,9.85,153700,KBS,2026-10-09T04:10:49Z
2020-08-12,GKM,9.46,9.69,9.46,9.57,163700,KBS,2026-10-09T04:10:49Z
2020-08-13,GKM,9.46,9.74,9.4,9.69,193900,KBS,2026-10-09T04:10:49Z
2020-08-14,GKM,9.46,9.74,9.23,9.74,201700,KBS,2026-10-09T04:10:49Z
2020-08-17,GKM,9.57,9.69,9.57,9.69,328200,KBS,2026-10-09T04:10:49Z
2020-08-18,GKM,9.57,9.63,9.23,9.57,205800,KBS,2026-10-09T04:10:49Z
2020-08-19,GKM,9.46,9.46,9.07,9.35,150500,KBS,2026-10-09T04:10:49Z
2020-08-20,GKM,9.35,9.63,9.12,9.63,200300,KBS,2026-10-09T04:10:49Z
2020-08-21,GKM,9.57,9.63,9.46,9.46,70200,KBS,2026-10-09T04:10:49Z
2020-08-24,GKM,9.46,9.46,8.95,9.35,191400,KBS,2026-10-09T04:10:49Z
2020-08-25,GKM,9.29,9.57,9.12,9.57,104100,KBS,2026-10-09T04:10:49Z
2020-08-26,GKM,9.57,9.57,8.95,9.57,133600,KBS,2026-10-09T04:10:49Z
2020-08-27,GKM,9.29,9.52,9.12,9.4,189800,KBS,2026-10-09T04:10:49Z
2020-08-28,GKM,9.29,9.69,9.01,9.69,119800,KBS,2026-10-09T04:10:49Z
2020-08-31,GKM,9.46,9.57,9.35,9.46,303800,KBS,2026-10-09T04:10:49Z
2020-09-01,GKM,9.29,9.52,9.29,9.52,202900,KBS,2026-10-09T04:10:49Z
2020-09-03,GKM,9.4,9.52,9.35,9.52,222600,KBS,2026-10-09T04:10:49Z
2020-09-04,GKM,9.35,9.52,9.29,9.35,31000,KBS,2026-10-09T04:10:49Z
2020-09-07,GKM,9.35,9.4,9.18,9.29,172400,KBS,2026-10-09T04:10:49Z
2020-09-08,GKM,9.29,9.4,9.23,9.4,265401,KBS,2026-10-09T04:10:49Z
2020-09-09,GKM,9.12,9.35,9.12,9.35,147200,KBS,2026-10-09T04:10:49Z
2020-09-10,GKM,9.29,9.35,9.18,9.35,181200,KBS,2026-10-09T04:10:49Z
2020-09-11,GKM,9.29,9.29,9.23,9.29,182800,KBS,2026-10-09T04:10:49Z
2020-09-14,GKM,9.29,9.29,9.01,9.29,268100,KBS,2026-10-09T04:10:49Z
2020-09-15,GKM,9.18,9.23,9.18,9.23,125100,KBS,2026-10-09T04:10:49Z
2020-09-16,GKM,9.23,9.23,9.23,9.23,110000,KBS,2026-10-09T04:10:49Z
2020-09-17,GKM,9.18,9.23,9.18,9.23,266900,KBS,2026-10-09T04:10:49Z
2020-09-18,GKM,9.18,9.23,9.07,9.23,151700,KBS,2026-10-09T04:10:49Z
2020-09-21,GKM,9.18,9.23,9.18,9.23,397800,KBS,2026-10-09T04:10:49Z
2020-09-22,GKM,9.18,9.29,9.18,9.29,148600,KBS,2026-10-09T04:10:49Z
2020-09-23,GKM,9.29,9.29,9.23,9.29,33100,KBS,2026-10-09T04:10:49Z
2020-09-24,GKM,9.18,9.29,9.18,9.29,337500,KBS,2026-10-09T04:10:49Z
2020-09-25,GKM,9.23,9.29,9.18,9.29,122700,KBS,2026-10-09T04:10:49Z
2020-09-28,GKM,9.23,9.29,9.23,9.29,49100,KBS,2026-10-09T04:10:49Z
2020-09-29,GKM,9.23,9.35,9.23,9.29,170600,KBS,2026-10-09T04:10:49Z
2020-09-30,GKM,9.23,9.29,9.23,9.29,131100,KBS,2026-10-09T04:10:49Z
2020-10-01,GKM,9.29,9.35,9.23,9.35,234700,KBS,2026-10-09T04:10:49Z
2020-10-02,GKM,9.35,9.4,9.23,9.35,218000,KBS,2026-10-09T04:10:49Z
2020-10-05,GKM,9.35,9.35,9.29,9.35,333100,KBS,2026-10-09T04:10:49Z
2020-10-06,GKM,9.29,9.35,9.29,9.35,224300,KBS,2026-10-09T04:10:49Z
2020-10-07,GKM,9.29,9.35,9.23,9.35,185100,KBS,2026-10-09T04:10:49Z
2020-10-08,GKM,9.35,9.35,9.29,9.29,284200,KBS,2026-10-09T04:10:49Z
2020-10-09,GKM,9.29,9.29,9.23,9.23,269100,KBS,2026-10-09T04:10:49Z
2020-10-12,GKM,9.23,9.29,9.12,9.29,64100,KBS,2026-10-09T04:10:49Z
2020-10-13,GKM,9.23,9.29,9.23,9.29,153400,KBS,2026-10-09T04:10:49Z
2020-10-14,GKM,9.23,9.29,9.23,9.29,233300,KBS,2026-10-09T04:10:49Z
2020-10-15,GKM,9.23,9.29,9.23,9.29,176100,KBS,2026-10-09T04:10:49Z
2020-10-16,GKM,9.23,9.29,9.07,9.29,341300,KBS,2026-10-09T04:10:49Z
2020-10-19,GKM,9.23,9.29,9.23,9.29,46900,KBS,2026-10-09T04:10:49Z
2020-10-20,GKM,9.29,9.29,9.23,9.23,140700,KBS,2026-10-09T04:10:49Z
2020-10-21,GKM,9.23,9.29,9.23,9.29,434200,KBS,2026-10-09T04:10:49Z
2020-10-22,GKM,9.29,9.35,9.23,9.35,269410,KBS,2026-10-09T04:10:49Z
2020-10-23,GKM,9.29,9.4,9.23,9.4,364315,KBS,2026-10-09T04:10:49Z
2020-10-26,GKM,9.35,9.4,9.18,9.4,325211,KBS,2026-10-09T04:10:49Z
2020-10-27,GKM,9.4,9.4,9.29,9.4,103805,KBS,2026-10-09T04:10:49Z
2020-10-28,GKM,9.4,9.4,9.23,9.29,134800,KBS,2026-10-09T04:10:49Z
2020-10-29,GKM,9.29,9.29,9.23,9.29,159280,KBS,2026-10-09T04:10:49Z
2020-10-30,GKM,9.23,9.29,9.23,9.29,296600,KBS,2026-10-09T04:10:49Z
2020-11-02,GKM,9.23,9.35,9.23,9.35,264400,KBS,2026-10-09T04:10:49Z
2020-11-03,GKM,9.29,9.4,9.29,9.4,160625,KBS,2026-10-09T04:10:49Z
2020-11-04,GKM,9.35,9.4,9.29,9.4,111800,KBS,2026-10-09T04:10:49Z
2020-11-05,GKM,9.29,9.4,9.29,9.4,173305,KBS,2026-10-09T04:10:49Z
2020-11-06,GKM,9.29,9.4,9.29,9.4,154500,KBS,2026-10-09T04:10:49Z
2020-11-09,GKM,9.35,9.35,9.29,9.35,183700,KBS,2026-10-09T04:10:49Z
2020-11-10,GKM,9.18,9.29,9.18,9.29,107400,KBS,2026-10-09T04:10:49Z
2020-11-11,GKM,9.23,9.29,9.23,9.29,315900,KBS,2026-10-09T04:10:49Z
2020-11-12,GKM,9.23,9.29,9.23,9.29,69200,KBS,2026-10-09T04:10:49Z
2020-11-13,GKM,9.18,9.29,9.07,9.29,44705,KBS,2026-10-09T04:10:49Z
2020-11-16,GKM,9.18,9.29,9.18,9.23,136500,KBS,2026-10-09T04:10:49Z
2020-11-17,GKM,9.23,9.29,9.23,9.29,89410,KBS,2026-10-09T04:10:49Z
2020-11-18,GKM,9.23,9.23,9.18,9.23,114300,KBS,2026-10-09T04:10:49Z
2020-11-19,GKM,9.23,9.23,9.18,9.23,31700,KBS,2026-10-09T04:10:49Z
2020-11-20,GKM,9.23,9.29,9.23,9.29,180300,KBS,2026-10-09T04:10:49Z
2020-11-23,GKM,9.23,9.35,9.18,9.23,123400,KBS,2026-10-09T04:10:49Z
2020-11-24,GKM,9.23,9.29,9.23,9.29,204400,KBS,2026-10-09T04:10:49Z
2020-11-25,GKM,9.23,9.29,9.23,9.29,223100,KBS,2026-10-09T04:10:49Z
2020-11-26,GKM,9.29,9.29,9.18,9.29,252300,KBS,2026-10-09T04:10:49Z
2020-11-27,GKM,9.23,9.23,9.12,9.18,95200,KBS,2026-10-09T04:10:49Z
2020-11-30,GKM,9.01,9.23,8.95,9.23,219415,KBS,2026-10-09T04:10:49Z
2020-12-01,GKM,9.18,9.35,9.18,9.35,203200,KBS,2026-10-09T04:10:49Z
2020-12-02,GKM,9.29,9.29,9.18,9.29,95700,KBS,2026-10-09T04:10:49Z
2020-12-03,GKM,9.23,9.29,9.23,9.29,186400,KBS,2026-10-09T04:10:49Z
2020-12-04,GKM,9.23,9.29,9.18,9.29,81100,KBS,2026-10-09T04:10:49Z
2020-12-08,GKM,9.29,9.29,9.23,9.23,95600,KBS,2026-10-09T04:10:49Z
2020-12-09,GKM,9.23,9.23,9.23,9.23,171600,KBS,2026-10-09T04:10:49Z
2020-12-10,GKM,9.23,9.23,9.18,9.23,70000,KBS,2026-10-09T04:10:49Z
2020-12-11,GKM,9.23,9.23,9.23,9.23,220300,KBS,2026-10-09T04:10:49Z
2020-12-14,GKM,9.18,9.29,9.18,9.23,167410,KBS,2026-10-09T04:10:49Z
2020-12-15,GKM,9.23,9.29,9.23,9.23,281100,KBS,2026-10-09T04:10:49Z
2020-12-16,GKM,9.23,9.35,9.01,9.35,383700,KBS,2026-10-09T04:10:49Z
2020-12-17,GKM,9.23,9.35,9.07,9.35,120000,KBS,2026-10-09T04:10:49Z
2020-12-18,GKM,9.23,9.29,9.23,9.29,142700,KBS,2026-10-09T04:10:49Z
2020-12-21,GKM,9.23,9.29,9.07,9.29,228300,KBS,2026-10-09T04:10:49Z
2020-12-22,GKM,9.23,9.29,9.01,9.29,102700,KBS,2026-10-09T04:10:49Z
2020-12-23,GKM,9.23,9.23,9.18,9.23,125600,KBS,2026-10-09T04:10:49Z
2020-12-24,GKM,9.23,9.29,9.23,9.29,125800,KBS,2026-10-09T04:10:49Z
2020-12-25,GKM,9.29,9.29,9.23,9.29,73705,KBS,2026-10-09T04:10:49Z
2020-12-28,GKM,9.23,9.29,9.23,9.23,127100,KBS,2026-10-09T04:10:49Z
2020-12-29,GKM,9.23,9.29,9.23,9.29,232912,KBS,2026-10-09T04:10:49Z
2020-12-30,GKM,9.29,9.29,9.23,9.29,46300,KBS,2026-10-09T04:10:49Z
2020-12-31,GKM,9.29,9.29,9.23,9.29,25223,KBS,2026-10-09T04:10:49Z
2021-01-04,GKM,9.18,9.23,9.18,9.23,138125,KBS,2026-10-09T04:10:49Z
2021-01-05,GKM,9.23,9.29,9.23,9.23,79800,KBS,2026-10-09T04:10:49Z
2021-01-06,GKM,9.23,9.23,9.18,9.23,64500,KBS,2026-10-09T04:10:49Z
2021-01-07,GKM,9.18,9.23,9.12,9.18,365110,KBS,2026-10-09T04:10:49Z
2021-01-08,GKM,9.23,9.63,9.23,9.63,397975,KBS,2026-10-09T04:10:49Z
2021-01-11,GKM,9.57,9.57,9.29,9.57,357700,KBS,2026-10-09T04:10:49Z
2021-01-12,GKM,9.57,9.57,9.18,9.52,130600,KBS,2026-10-09T04:10:49Z
2021-01-13,GKM,9.4,9.57,9.23,9.29,150700,KBS,2026-10-09T04:10:49Z
2021-01-14,GKM,9.12,10.19,8.39,9.69,682805,KBS,2026-10-09T04:10:49Z
2021-01-15,GKM,9.63,10.64,9.01,10.64,727500,KBS,2026-10-09T04:10:49Z
2021-01-18,GKM,10.64,11.15,10.42,10.87,567561,KBS,2026-10-09T04:10:49Z
2021-01-19,GKM,10.75,10.75,9.8,10.25,736600,KBS,2026-10-09T04:10:49Z
2021-01-20,GKM,10.25,10.25,9.74,10.14,449500,KBS,2026-10-09T04:10:49Z
2021-01-21,GKM,10.02,10.42,9.12,10.14,367400,KBS,2026-10-09T04:10:49Z
2021-01-22,GKM,10.19,10.25,9.57,9.69,410826,KBS,2026-10-09T04:10:49Z
2021-01-25,GKM,9.63,9.69,9.23,9.69,440192,KBS,2026-10-09T04:10:49Z
2021-01-26,GKM,9.69,9.85,9.4,9.8,542950,KBS,2026-10-09T04:10:49Z
2021-01-27,GKM,9.74,10.19,9.63,10.08,622088,KBS,2026-10-09T04:10:49Z
2021-01-28,GKM,10.08,10.36,9.91,10.19,370129,KBS,2026-10-09T04:10:49Z
2021-01-29,GKM,10.14,10.7,10.14,10.59,626700,KBS,2026-10-09T04:10:49Z
2021-02-01,GKM,10.81,10.81,10.14,10.64,518763,KBS,2026-10-09T04:10:49Z
2021-02-02,GKM,10.59,10.92,10.53,10.81,491800,KBS,2026-10-09T04:10:49Z
2021-02-03,GKM,10.81,11.88,10.36,10.98,591390,KBS,2026-10-09T04:10:49Z
2021-02-04,GKM,10.81,11.04,10.47,10.47,500500,KBS,2026-10-09T04:10:49Z
2021-02-05,GKM,10.42,10.7,10.42,10.59,1260100,KBS,2026-10-09T04:10:49Z
2021-02-08,GKM,10.59,10.75,10.53,10.64,568900,KBS,2026-10-09T04:10:49Z
2021-02-09,GKM,10.64,10.87,10.64,10.75,940492,KBS,2026-10-09T04:10:49Z
2021-02-17,GKM,10.81,10.87,10.59,10.75,436000,KBS,2026-10-09T04:10:49Z
2021-02-18,GKM,10.75,10.81,10.36,10.36,415600,KBS,2026-10-09T04:10:49Z
2021-02-19,GKM,10.36,10.42,9.57,9.85,392302,KBS,2026-10-09T04:10:49Z
2021-02-22,GKM,9.85,9.85,9.23,9.46,416120,KBS,2026-10-09T04:10:49Z
2021-02-23,GKM,9.52,9.69,9.23,9.52,655110,KBS,2026-10-09T04:10:49Z
2021-02-24,GKM,9.57,9.63,9.29,9.46,802564,KBS,2026-10-09T04:10:49Z
2021-02-25,GKM,9.52,9.52,9.29,9.46,546600,KBS,2026-10-09T04:10:49Z
2021-02-26,GKM,9.35,9.52,9.01,9.18,590700,KBS,2026-10-09T04:10:49Z
2021-03-01,GKM,9.12,9.29,9.12,9.29,615374,KBS,2026-10-09T04:10:49Z
2021-03-02,GKM,9.29,9.46,9.12,9.29,790304,KBS,2026-10-09T04:10:49Z
2021-03-03,GKM,9.23,9.35,9.01,9.12,834300,KBS,2026-10-09T04:10:49Z
2021-03-04,GKM,9.18,9.23,8.9,8.95,526800,KBS,2026-10-09T04:10:49Z
2021-03-05,GKM,9.01,9.01,8.78,9.01,466600,KBS,2026-10-09T04:10:49Z
2021-03-08,GKM,9.01,9.12,8.56,8.9,589800,KBS,2026-10-09T04:10:49Z
2021-03-09,GKM,8.84,8.9,8.73,8.9,861300,KBS,2026-10-09T04:10:49Z
2021-03-10,GKM,8.9,9.12,8.84,9.12,506029,KBS,2026-10-09T04:10:49Z
2021-03-11,GKM,9.12,9.29,8.9,9.12,431504,KBS,2026-10-09T04:10:49Z
2021-03-12,GKM,9.12,9.18,8.78,9.01,496200,KBS,2026-10-09T04:10:49Z
2021-03-15,GKM,9.01,9.07,8.73,8.78,461610,KBS,2026-10-09T04:10:49Z
2021-03-16,GKM,8.78,8.95,8.56,8.78,561840,KBS,2026-10-09T04:10:49Z
2021-03-17,GKM,8.84,8.84,8.73,8.78,824000,KBS,2026-10-09T04:10:49Z
2021-03-18,GKM,8.73,8.9,8.56,8.84,354800,KBS,2026-10-09T04:10:49Z
2021-03-19,GKM,8.78,8.84,8.56,8.73,603100,KBS,2026-10-09T04:10:49Z
2021-03-22,GKM,8.73,8.78,8.56,8.67,584640,KBS,2026-10-09T04:10:49Z
2021-03-23,GKM,8.73,8.73,8.45,8.56,352000,KBS,2026-10-09T04:10:49Z
2021-03-24,GKM,8.56,8.62,8.28,8.45,409731,KBS,2026-10-09T04:10:49Z
2021-03-25,GKM,8.45,8.62,8.33,8.62,542440,KBS,2026-10-09T04:10:49Z
2021-03-26,GKM,8.62,8.67,8.22,8.39,398100,KBS,2026-10-09T04:10:49Z
2021-03-29,GKM,8.45,8.45,8.28,8.39,483941,KBS,2026-10-09T04:10:49Z
2021-03-30,GKM,8.45,8.45,8.28,8.45,425000,KBS,2026-10-09T04:10:49Z
2021-03-31,GKM,8.45,8.56,8.33,8.56,332100,KBS,2026-10-09T04:10:49Z
2021-04-01,GKM,8.62,8.9,8.62,8.84,513886,KBS,2026-10-09T04:10:49Z
2021-04-02,GKM,8.84,8.95,8.45,8.73,461205,KBS,2026-10-09T04:10:49Z
2021-04-05,GKM,8.67,8.73,8.33,8.62,403601,KBS,2026-10-09T04:10:49Z
2021-04-06,GKM,8.5,8.67,8.28,8.45,525000,KBS,2026-10-09T04:10:49Z
2021-04-07,GKM,8.16,8.5,8.16,8.45,753200,KBS,2026-10-09T04:10:49Z
2021-04-08,GKM,8.45,8.5,8.16,8.39,496800,KBS,2026-10-09T04:10:49Z
2021-04-09,GKM,8.39,8.45,8.16,8.33,369300,KBS,2026-10-09T04:10:49Z
2021-04-12,GKM,8.33,8.33,8.11,8.28,453800,KBS,2026-10-09T04:10:49Z
2021-04-13,GKM,8.16,8.28,8.05,8.16,376700,KBS,2026-10-09T04:10:49Z
2021-04-14,GKM,8.16,8.22,7.88,7.88,438100,KBS,2026-10-09T04:10:49Z
2021-04-15,GKM,7.94,8.16,7.88,8.16,481653,KBS,2026-10-09T04:10:49Z
2021-04-16,GKM,8.16,8.28,8.05,8.22,329720,KBS,2026-10-09T04:10:49Z
2021-04-19,GKM,8.22,8.33,8.05,8.22,296800,KBS,2026-10-09T04:10:49Z
2021-04-20,GKM,8.22,8.45,8.16,8.28,369900,KBS,2026-10-09T04:10:49Z
2021-04-22,GKM,8.28,8.33,8.0,8.05,290900,KBS,2026-10-09T04:10:49Z
2021-04-23,GKM,8.05,8.16,7.88,8.0,450446,KBS,2026-10-09T04:10:49Z
2021-04-26,GKM,8.0,8.22,7.88,8.0,382815,KBS,2026-10-09T04:10:49Z
2021-04-27,GKM,7.94,8.11,7.88,8.0,303800,KBS,2026-10-09T04:10:49Z
2021-04-28,GKM,8.05,8.05,7.83,8.0,346310,KBS,2026-10-09T04:10:49Z
2021-04-29,GKM,8.0,8.05,7.83,8.0,358605,KBS,2026-10-09T04:10:49Z
2021-05-04,GKM,8.0,8.05,7.77,7.88,242400,KBS,2026-10-09T04:10:49Z
2021-05-05,GKM,7.88,7.94,7.66,7.88,265500,KBS,2026-10-09T04:10:49Z
2021-05-06,GKM,7.88,7.94,7.6,7.88,342200,KBS,2026-10-09T04:10:49Z
2021-05-07,GKM,7.88,7.88,7.55,7.77,300300,KBS,2026-10-09T04:10:49Z
2021-05-10,GKM,7.77,7.83,7.6,7.71,248300,KBS,2026-10-09T04:10:49Z
2021-05-11,GKM,7.71,7.94,7.71,7.88,386200,KBS,2026-10-09T04:10:49Z
2021-05-12,GKM,7.88,8.0,7.83,7.94,335300,KBS,2026-10-09T04:10:49Z
2021-05-13,GKM,7.94,8.05,7.88,8.0,454700,KBS,2026-10-09T04:10:49Z
2021-05-14,GKM,8.0,8.11,7.88,8.11,510900,KBS,2026-10-09T04:10:49Z
2021-05-17,GKM,8.16,8.22,8.05,8.22,330700,KBS,2026-10-09T04:10:49Z
2021-05-18,GKM,8.22,8.28,8.05,8.11,338305,KBS,2026-10-09T04:10:49Z
2021-05-19,GKM,8.11,8.16,7.77,7.88,417800,KBS,2026-10-09T04:10:49Z
2021-05-20,GKM,7.88,7.94,7.71,7.77,339400,KBS,2026-10-09T04:10:49Z
2021-05-21,GKM,7.83,7.83,7.55,7.77,278705,KBS,2026-10-09T04:10:49Z
2021-05-24,GKM,7.77,7.83,7.71,7.83,221210,KBS,2026-10-09T04:10:49Z
2021-05-25,GKM,7.83,7.83,7.55,7.77,342822,KBS,2026-10-09T04:10:49Z
2021-05-26,GKM,7.77,7.83,7.43,7.66,327310,KBS,2026-10-09T04:10:49Z
2021-05-27,GKM,7.6,7.77,7.43,7.66,379300,KBS,2026-10-09T04:10:49Z
2021-05-28,GKM,7.66,7.66,7.32,7.66,379810,KBS,2026-10-09T04:10:49Z
2021-05-31,GKM,7.66,8.16,7.32,7.88,556602,KBS,2026-10-09T04:10:49Z
2021-06-01,GKM,7.83,8.0,7.6,8.0,461100,KBS,2026-10-09T04:10:49Z
2021-06-02,GKM,7.94,8.05,7.6,7.94,406100,KBS,2026-10-09T04:10:49Z
2021-06-03,GKM,7.94,8.05,7.88,8.05,408700,KBS,2026-10-09T04:10:49Z
2021-06-04,GKM,8.05,8.11,7.77,8.11,568400,KBS,2026-10-09T04:10:49Z
2021-06-07,GKM,8.11,8.16,7.94,8.05,198300,KBS,2026-10-09T04:10:49Z
2021-06-08,GKM,7.88,8.16,7.88,8.05,325500,KBS,2026-10-09T04:10:49Z
2021-06-09,GKM,8.05,8.22,7.83,8.16,589100,KBS,2026-10-09T04:10:49Z
2021-06-10,GKM,8.11,8.33,8.11,8.28,680702,KBS,2026-10-09T04:10:49Z
2021-06-11,GKM,8.28,8.56,8.28,8.56,802700,KBS,2026-10-09T04:10:49Z
2021-06-14,GKM,8.62,8.67,8.5,8.62,584730,KBS,2026-10-09T04:10:49Z
2021-06-15,GKM,8.62,8.62,8.33,8.5,462839,KBS,2026-10-09T04:10:49Z
2021-06-16,GKM,8.45,8.56,8.22,8.33,396100,KBS,2026-10-09T04:10:49Z
2021-06-17,GKM,8.28,8.45,8.16,8.33,402900,KBS,2026-10-09T04:10:49Z
2021-06-18,GKM,8.28,8.45,8.16,8.39,793100,KBS,2026-10-09T04:10:49Z
2021-06-21,GKM,8.33,8.45,8.33,8.45,606100,KBS,2026-10-09T04:10:49Z
2021-06-22,GKM,8.39,8.56,8.16,8.5,848700,KBS,2026-10-09T04:10:49Z
2021-06-23,GKM,8.45,8.5,8.16,8.33,355031,KBS,2026-10-09T04:10:49Z
2021-06-24,GKM,8.33,8.33,8.0,8.28,386900,KBS,2026-10-09T04:10:49Z
2021-06-25,GKM,8.22,8.28,7.83,8.0,418210,KBS,2026-10-09T04:10:49Z
2021-06-28,GKM,7.94,8.05,7.55,7.88,442900,KBS,2026-10-09T04:10:49Z
2021-06-29,GKM,7.83,7.94,7.66,7.88,280900,KBS,2026-10-09T04:10:49Z
2021-06-30,GKM,7.83,7.83,7.6,7.77,39900,KBS,2026-10-09T04:10:49Z
2021-07-01,GKM,7.77,7.83,7.32,7.77,623800,KBS,2026-10-09T04:10:49Z
2021-07-02,GKM,7.77,7.77,7.26,7.77,482030,KBS,2026-10-09T04:10:49Z
2021-07-05,GKM,7.77,7.77,7.32,7.66,185650,KBS,2026-10-09T04:10:49Z
2021-07-06,GKM,7.6,7.6,7.15,7.49,421400,KBS,2026-10-09T04:10:49Z
2021-07-07,GKM,7.49,7.49,7.32,7.38,287700,KBS,2026-10-09T04:10:49Z
2021-07-08,GKM,7.38,7.43,7.04,7.43,238200,KBS,2026-10-09T04:10:49Z
2021-07-09,GKM,7.43,7.49,7.26,7.49,120700,KBS,2026-10-09T04:10:49Z
2021-07-12,GKM,7.49,7.55,7.15,7.32,131600,KBS,2026-10-09T04:10:49Z
2021-07-13,GKM,7.32,7.32,7.15,7.26,450900,KBS,2026-10-09T04:10:49Z
2021-07-14,GKM,7.26,7.32,7.04,7.26,356900,KBS,2026-10-09T04:10:49Z
2021-07-15,GKM,7.26,7.55,7.04,7.55,462800,KBS,2026-10-09T04:10:49Z
2021-07-16,GKM,7.55,7.55,7.32,7.49,159800,KBS,2026-10-09T04:10:49Z
2021-07-19,GKM,7.49,7.49,7.21,7.32,126900,KBS,2026-10-09T04:10:49Z
2021-07-20,GKM,7.26,7.43,7.09,7.43,259600,KBS,2026-10-09T04:10:49Z
2021-07-21,GKM,7.38,7.55,7.26,7.49,509100,KBS,2026-10-09T04:10:49Z
2021-07-22,GKM,7.43,7.71,7.43,7.66,270012,KBS,2026-10-09T04:10:49Z
2021-07-23,GKM,7.6,7.71,7.55,7.6,237600,KBS,2026-10-09T04:10:49Z
2021-07-26,GKM,7.6,7.88,7.43,7.88,364122,KBS,2026-10-09T04:10:49Z
2021-07-27,GKM,7.83,8.05,7.77,8.0,175800,KBS,2026-10-09T04:10:49Z
2021-07-28,GKM,7.94,8.05,7.83,8.05,205800,KBS,2026-10-09T04:10:49Z
2021-07-29,GKM,8.05,8.05,7.83,7.88,133600,KBS,2026-10-09T04:10:49Z
2021-07-30,GKM,7.88,8.11,7.83,8.05,264600,KBS,2026-10-09T04:10:49Z
2021-08-02,GKM,8.05,8.22,8.0,8.22,212700,KBS,2026-10-09T04:10:49Z
2021-08-03,GKM,8.16,8.33,8.11,8.28,191200,KBS,2026-10-09T04:10:49Z
2021-08-04,GKM,8.22,8.39,8.16,8.16,438400,KBS,2026-10-09T04:10:49Z
2021-08-05,GKM,8.16,8.28,8.0,8.28,350301,KBS,2026-10-09T04:10:49Z
2021-08-06,GKM,8.28,8.33,8.16,8.28,486726,KBS,2026-10-09T04:10:49Z
2021-08-09,GKM,8.28,8.39,8.11,8.39,247800,KBS,2026-10-09T04:10:49Z
2021-08-10,GKM,8.39,8.45,8.16,8.45,252600,KBS,2026-10-09T04:10:49Z
2021-08-11,GKM,8.45,8.45,8.28,8.33,167855,KBS,2026-10-09T04:10:49Z
2021-08-12,GKM,8.33,8.45,8.0,8.39,336500,KBS,2026-10-09T04:10:49Z
2021-08-13,GKM,8.39,8.45,8.22,8.28,326712,KBS,2026-10-09T04:10:49Z
2021-08-16,GKM,8.33,9.07,8.33,9.07,319901,KBS,2026-10-09T04:10:49Z
2021-08-17,GKM,9.07,9.18,8.9,8.95,449300,KBS,2026-10-09T04:10:49Z
2021-08-18,GKM,8.95,9.63,8.95,9.57,388860,KBS,2026-10-09T04:10:49Z
2021-08-19,GKM,9.57,9.69,9.46,9.57,291501,KBS,2026-10-09T04:10:49Z
2021-08-20,GKM,9.57,9.57,9.4,9.4,449100,KBS,2026-10-09T04:10:49Z
2021-08-23,GKM,9.4,9.4,9.01,9.07,303660,KBS,2026-10-09T04:10:49Z
2021-08-24,GKM,9.12,9.35,8.95,9.18,479601,KBS,2026-10-09T04:10:49Z
2021-08-25,GKM,9.18,10.08,9.01,10.08,396501,KBS,2026-10-09T04:10:49Z
2021-08-26,GKM,10.02,11.04,10.02,10.3,644202,KBS,2026-10-09T04:10:49Z
2021-08-27,GKM,10.3,11.32,10.3,11.32,1348551,KBS,2026-10-09T04:10:49Z
2021-08-30,GKM,11.43,11.77,11.32,11.71,401127,KBS,2026-10-09T04:10:49Z
2021-08-31,GKM,11.71,12.84,11.71,12.84,496509,KBS,2026-10-09T04:10:49Z
2021-09-01,GKM,12.84,13.01,11.88,12.61,679700,KBS,2026-10-09T04:10:49Z
2021-09-06,GKM,12.61,12.73,11.37,11.82,548230,KBS,2026-10-09T04:10:49Z
2021-09-07,GKM,11.82,12.5,11.71,12.33,271748,KBS,2026-10-09T04:10:49Z
2021-09-08,GKM,12.33,13.5,12.33,13.5,123110,KBS,2026-10-09T04:10:49Z
2021-09-09,GKM,14.81,14.81,13.85,14.81,119606,KBS,2026-10-09T04:10:49Z
2021-09-10,GKM,14.88,16.26,14.81,16.26,216501,KBS,2026-10-09T04:10:49Z
2021-09-13,GKM,16.33,17.84,16.33,17.84,179426,KBS,2026-10-09T04:10:49Z
2021-09-14,GKM,18.6,19.57,18.19,19.36,756156,KBS,2026-10-09T04:10:49Z
2021-09-15,GKM,19.43,21.29,19.29,21.29,683952,KBS,2026-10-09T04:10:49Z
2021-09-16,GKM,21.36,22.05,20.94,21.08,635272,KBS,2026-10-09T04:10:49Z
2021-09-17,GKM,21.08,21.08,19.01,19.84,698647,KBS,2026-10-09T04:10:49Z
2021-09-20,GKM,19.84,19.84,18.6,19.15,595919,KBS,2026-10-09T04:10:49Z
2021-09-21,GKM,19.15,19.77,18.26,19.63,543795,KBS,2026-10-09T04:10:49Z
2021-09-22,GKM,19.5,19.77,19.29,19.63,289650,KBS,2026-10-09T04:10:49Z
2021-09-23,GKM,19.7,19.84,19.5,19.84,260551,KBS,2026-10-09T04:10:49Z
2021-09-24,GKM,19.84,19.91,18.6,18.6,308506,KBS,2026-10-09T04:10:49Z
2021-09-27,GKM,18.67,18.88,18.6,18.74,364850,KBS,2026-10-09T04:10:49Z
2021-09-28,GKM,18.74,19.01,18.67,18.88,295540,KBS,2026-10-09T04:10:49Z
2021-09-29,GKM,18.88,19.08,18.74,19.08,106510,KBS,2026-10-09T04:10:49Z
2021-09-30,GKM,19.08,19.5,19.08,19.29,206878,KBS,2026-10-09T04:10:49Z
2021-10-01,GKM,19.29,19.43,18.95,19.29,332508,KBS,2026-10-09T04:10:49Z
2021-10-04,GKM,19.29,19.5,19.22,19.5,340100,KBS,2026-10-09T04:10:49Z
2021-10-05,GKM,19.5,19.84,19.43,19.7,265450,KBS,2026-10-09T04:10:49Z
2021-10-06,GKM,19.7,19.77,19.57,19.7,207310,KBS,2026-10-09T04:10:49Z
2021-10-07,GKM,19.7,20.16,19.7,20.16,187473,KBS,2026-10-09T04:10:49Z
2021-10-08,GKM,20.16,20.38,20.08,20.38,311002,KBS,2026-10-09T04:10:49Z
2021-10-11,GKM,20.38,20.76,20.08,20.76,346100,KBS,2026-10-09T04:10:49Z
2021-10-12,GKM,20.76,21.14,20.61,21.07,385871,KBS,2026-10-09T04:10:49Z
2021-10-13,GKM,21.07,21.22,20.69,21.14,312410,KBS,2026-10-09T04:10:49Z
2021-10-14,GKM,21.14,21.22,20.84,21.22,255480,KBS,2026-10-09T04:10:49Z
2021-10-15,GKM,21.22,21.52,21.22,21.45,313500,KBS,2026-10-09T04:10:49Z
2021-10-18,GKM,21.45,23.57,21.29,23.57,678673,KBS,2026-10-09T04:10:49Z
2021-10-19,GKM,23.64,25.92,23.57,24.1,695916,KBS,2026-10-09T04:10:49Z
2021-10-20,GKM,24.02,24.48,23.42,24.25,384616,KBS,2026-10-09T04:10:49Z
2021-10-21,GKM,24.25,24.63,24.17,24.4,330489,KBS,2026-10-09T04:10:49Z
2021-10-22,GKM,24.4,24.78,24.4,24.63,442636,KBS,2026-10-09T04:10:49Z
2021-10-25,GKM,24.63,24.86,24.48,24.63,306655,KBS,2026-10-09T04:10:49Z
2021-10-26,GKM,24.63,24.78,24.48,24.7,275702,KBS,2026-10-09T04:10:49Z
2021-10-27,GKM,24.7,24.86,24.55,24.63,242800,KBS,2026-10-09T04:10:49Z
2021-10-28,GKM,24.63,24.78,23.95,24.4,331750,KBS,2026-10-09T04:10:49Z
2021-10-29,GKM,24.4,24.7,24.25,24.48,225612,KBS,2026-10-09T04:10:49Z
2021-11-01,GKM,24.48,24.63,24.33,24.48,213532,KBS,2026-10-09T04:10:49Z
2021-11-02,GKM,24.48,24.78,24.33,24.78,314831,KBS,2026-10-09T04:10:49Z
2021-11-03,GKM,24.78,25.23,24.63,25.23,501200,KBS,2026-10-09T04:10:49Z
2021-11-04,GKM,25.16,25.54,25.16,25.39,429520,KBS,2026-10-09T04:10:49Z
2021-11-05,GKM,25.39,27.89,25.01,25.92,517525,KBS,2026-10-09T04:10:49Z
2021-11-08,GKM,25.92,25.99,24.86,24.93,374660,KBS,2026-10-09T04:10:49Z
2021-11-09,GKM,24.93,24.93,24.17,24.33,522336,KBS,2026-10-09T04:10:49Z
2021-11-10,GKM,24.33,24.33,22.51,22.66,546400,KBS,2026-10-09T04:10:49Z
2021-11-11,GKM,22.66,22.81,22.58,22.73,216402,KBS,2026-10-09T04:10:49Z
2021-11-12,GKM,22.73,22.89,22.66,22.89,403020,KBS,2026-10-09T04:10:49Z
2021-11-15,GKM,22.89,23.11,22.81,23.11,360205,KBS,2026-10-09T04:10:49Z
2021-11-16,GKM,23.11,23.34,22.81,23.34,309523,KBS,2026-10-09T04:10:49Z
2021-11-17,GKM,23.42,23.87,23.11,23.87,340500,KBS,2026-10-09T04:10:49Z
2021-11-18,GKM,23.87,24.63,23.72,24.48,310200,KBS,2026-10-09T04:10:49Z
2021-11-19,GKM,24.48,24.63,24.02,24.25,232608,KBS,2026-10-09T04:10:49Z
2021-11-22,GKM,24.25,24.33,23.49,23.49,232000,KBS,2026-10-09T04:10:49Z
2021-11-23,GKM,23.49,23.87,22.81,22.89,269800,KBS,2026-10-09T04:10:49Z
2021-11-24,GKM,22.89,23.11,22.73,23.11,240100,KBS,2026-10-09T04:10:49Z
2021-11-25,GKM,23.11,25.39,21.67,25.39,885744,KBS,2026-10-09T04:10:49Z
2021-11-26,GKM,25.46,27.89,25.46,27.81,490172,KBS,2026-10-09T04:10:49Z
2021-11-29,GKM,27.89,29.1,27.89,28.8,326363,KBS,2026-10-09T04:10:49Z
2021-11-30,GKM,28.8,29.02,28.49,28.64,491550,KBS,2026-10-09T04:10:49Z
2021-12-01,GKM,28.64,28.72,28.04,28.49,530338,KBS,2026-10-09T04:10:49Z
2021-12-02,GKM,28.42,28.95,28.04,28.95,236321,KBS,2026-10-09T04:10:49Z
2021-12-03,GKM,28.95,29.18,28.8,28.95,318331,KBS,2026-10-09T04:10:49Z
2021-12-06,GKM,28.95,29.1,28.34,28.34,454960,KBS,2026-10-09T04:10:49Z
2021-12-07,GKM,28.34,28.49,27.89,28.34,333508,KBS,2026-10-09T04:10:49Z
2021-12-08,GKM,28.34,28.72,28.04,28.19,461445,KBS,2026-10-09T04:10:49Z
2021-12-09,GKM,28.19,28.34,26.9,27.28,442597,KBS,2026-10-09T04:10:49Z
2021-12-10,GKM,27.28,27.51,26.67,26.67,362823,KBS,2026-10-09T04:10:49Z
2021-12-13,GKM,26.75,27.21,26.45,26.98,374435,KBS,2026-10-09T04:10:49Z
2021-12-14,GKM,26.98,27.51,26.75,27.36,449515,KBS,2026-10-09T04:10:49Z
2021-12-15,GKM,27.36,27.58,26.75,27.51,632751,KBS,2026-10-09T04:10:49Z
2021-12-16,GKM,27.66,27.74,27.36,27.66,202477,KBS,2026-10-09T04:10:49Z
2021-12-17,GKM,27.66,27.96,27.05,27.05,598502,KBS,2026-10-09T04:10:49Z
2021-12-20,GKM,27.05,29.71,27.05,29.71,960811,KBS,2026-10-09T04:10:49Z
2021-12-21,GKM,29.71,32.66,29.71,32.66,1143646,KBS,2026-10-09T04:10:49Z
2021-12-22,GKM,32.66,35.24,32.66,35.24,1172310,KBS,2026-10-09T04:10:49Z
2021-12-23,GKM,35.16,35.69,35.09,35.16,538332,KBS,2026-10-09T04:10:49Z
2021-12-24,GKM,35.16,35.16,32.81,32.81,424534,KBS,2026-10-09T04:10:49Z
2021-12-27,GKM,32.81,33.27,32.66,33.04,629181,KBS,2026-10-09T04:10:49Z
2021-12-28,GKM,33.12,33.49,32.89,33.27,659520,KBS,2026-10-09T04:10:49Z
2021-12-29,GKM,33.27,33.57,33.04,33.27,673802,KBS,2026-10-09T04:10:49Z
2021-12-30,GKM,33.34,33.87,33.19,33.87,282435,KBS,2026-10-09T04:10:49Z
2021-12-31,GKM,33.87,34.1,33.72,33.95,185515,KBS,2026-10-09T04:10:49Z
2022-01-04,GKM,33.95,34.86,33.95,34.86,631205,KBS,2026-10-09T04:10:49Z
2022-01-05,GKM,34.93,38.34,34.86,38.34,1061142,KBS,2026-10-09T04:10:49Z
2022-01-06,GKM,38.65,40.47,38.42,39.71,709412,KBS,2026-10-09T04:10:49Z
2022-01-07,GKM,39.71,39.86,38.57,39.1,531184,KBS,2026-10-09T04:10:49Z
2022-01-10,GKM,39.1,39.63,39.03,39.48,534895,KBS,2026-10-09T04:10:49Z
2022-01-11,GKM,39.48,39.71,39.41,39.56,864500,KBS,2026-10-09T04:10:49Z
2022-01-12,GKM,39.56,39.78,39.1,39.25,673701,KBS,2026-10-09T04:10:49Z
2022-01-13,GKM,39.33,39.48,38.12,38.12,1014910,KBS,2026-10-09T04:10:49Z
2022-01-14,GKM,38.12,38.72,37.66,38.5,303302,KBS,2026-10-09T04:10:49Z
2022-01-17,GKM,38.5,38.72,38.34,38.5,341398,KBS,2026-10-09T04:10:49Z
2022-01-18,GKM,38.5,38.57,37.89,38.27,407700,KBS,2026-10-09T04:10:49Z
2022-01-19,GKM,38.27,38.34,37.44,37.81,385505,KBS,2026-10-09T04:10:49Z
2022-01-20,GKM,37.89,38.42,37.66,38.27,270750,KBS,2026-10-09T04:10:49Z
2022-01-21,GKM,38.27,39.18,38.12,39.18,483800,KBS,2026-10-09T04:10:49Z
2022-01-24,GKM,39.18,39.63,38.88,39.03,450555,KBS,2026-10-09T04:10:49Z
2022-01-25,GKM,39.03,39.41,39.03,39.18,258800,KBS,2026-10-09T04:10:49Z
2022-01-26,GKM,39.18,39.56,39.18,39.33,419273,KBS,2026-10-09T04:10:49Z
2022-01-27,GKM,39.33,39.48,38.72,39.41,524321,KBS,2026-10-09T04:10:49Z
2022-01-28,GKM,39.41,39.48,39.1,39.41,223810,KBS,2026-10-09T04:10:49Z
2022-02-07,GKM,39.41,39.71,39.33,39.56,336883,KBS,2026-10-09T04:10:49Z
2022-02-08,GKM,39.56,39.71,38.72,39.03,462657,KBS,2026-10-09T04:10:49Z
2022-02-09,GKM,39.1,39.25,38.12,38.5,322150,KBS,2026-10-09T04:10:49Z
2022-02-10,GKM,38.57,38.8,38.27,38.57,318487,KBS,2026-10-09T04:10:49Z
2022-02-11,GKM,38.57,39.1,38.5,39.1,360900,KBS,2026-10-09T04:10:49Z
2022-02-14,GKM,39.1,39.18,38.65,38.95,273230,KBS,2026-10-09T04:10:49Z
2022-02-15,GKM,38.95,39.25,38.8,39.03,366400,KBS,2026-10-09T04:10:49Z
2022-02-16,GKM,39.03,39.25,38.57,38.8,313405,KBS,2026-10-09T04:10:49Z
2022-02-17,GKM,34.93,39.03,34.93,38.88,282054,KBS,2026-10-09T04:10:49Z
2022-02-18,GKM,38.88,39.03,38.42,38.65,292518,KBS,2026-10-09T04:10:49Z
2022-02-21,GKM,38.65,38.72,38.12,38.72,259800,KBS,2026-10-09T04:10:49Z
2022-02-22,GKM,38.72,40.39,38.57,40.24,645962,KBS,2026-10-09T04:10:49Z
2022-02-23,GKM,40.24,41.0,40.16,40.92,1108229,KBS,2026-10-09T04:10:49Z
2022-02-24,GKM,40.92,41.45,40.47,41.3,1005462,KBS,2026-10-09T04:10:49Z
2022-02-25,GKM,41.3,41.76,41.3,41.68,1015450,KBS,2026-10-09T04:10:49Z
2022-02-28,GKM,41.68,41.83,38.65,38.65,314800,KBS,2026-10-09T04:10:49Z
2022-03-01,GKM,38.72,38.8,36.68,38.19,862350,KBS,2026-10-09T04:10:49Z
2022-03-02,GKM,38.19,39.03,37.97,39.03,1256300,KBS,2026-10-09T04:10:49Z
2022-03-03,GKM,39.03,39.86,39.03,39.78,1814150,KBS,2026-10-09T04:10:49Z
2022-03-04,GKM,39.78,40.69,39.56,40.54,894005,KBS,2026-10-09T04:10:49Z
2022-03-07,GKM,40.54,41.0,40.09,40.16,497439,KBS,2026-10-09T04:10:49Z
2022-03-08,GKM,40.16,40.24,38.57,39.18,289262,KBS,2026-10-09T04:10:49Z
2022-03-09,GKM,39.18,39.33,36.98,37.89,376010,KBS,2026-10-09T04:10:49Z
2022-03-10,GKM,37.89,38.42,37.81,38.42,214203,KBS,2026-10-09T04:10:49Z
2022-03-11,GKM,38.42,38.65,38.27,38.65,439379,KBS,2026-10-09T04:10:49Z
2022-03-14,GKM,38.65,38.8,38.27,38.5,224200,KBS,2026-10-09T04:10:49Z
2022-03-15,GKM,38.57,38.88,38.27,38.5,525208,KBS,2026-10-09T04:10:49Z
2022-03-16,GKM,38.5,38.57,37.36,38.34,562920,KBS,2026-10-09T04:10:49Z
2022-03-17,GKM,38.34,38.57,38.27,38.5,787100,KBS,2026-10-09T04:10:49Z
2022-03-18,GKM,38.57,38.95,38.57,38.8,438328,KBS,2026-10-09T04:10:49Z
2022-03-21,GKM,38.88,38.95,38.57,38.8,517040,KBS,2026-10-09T04:10:49Z
2022-03-22,GKM,38.88,39.25,38.65,39.25,487200,KBS,2026-10-09T04:10:49Z
2022-03-23,GKM,39.33,40.01,39.25,40.01,713050,KBS,2026-10-09T04:10:49Z
2022-03-24,GKM,40.09,40.47,39.71,39.86,1104500,KBS,2026-10-09T04:10:49Z
2022-03-25,GKM,39.86,40.39,39.41,40.39,615651,KBS,2026-10-09T04:10:49Z
2022-03-28,GKM,40.47,40.69,39.41,39.48,1053150,KBS,2026-10-09T04:10:49Z
2022-03-29,GKM,39.56,40.09,39.56,39.94,877500,KBS,2026-10-09T04:10:49Z
2022-03-30,GKM,37.97,40.16,37.97,39.71,518800,KBS,2026-10-09T04:10:49Z
2022-03-31,GKM,39.78,39.94,39.56,39.86,796600,KBS,2026-10-09T04:10:49Z
2022-04-01,GKM,39.1,40.01,39.1,39.86,525210,KBS,2026-10-09T04:10:49Z
2022-04-04,GKM,39.86,40.24,39.78,39.94,419161,KBS,2026-10-09T04:10:49Z
2022-04-05,GKM,39.86,39.86,39.1,39.71,557930,KBS,2026-10-09T04:10:49Z
2022-04-06,GKM,39.71,39.86,39.18,39.86,539100,KBS,2026-10-09T04:10:49Z
2022-04-07,GKM,39.86,40.39,39.86,40.39,998100,KBS,2026-10-09T04:10:49Z
2022-04-08,GKM,40.47,40.77,40.39,40.39,469000,KBS,2026-10-09T04:10:49Z
2022-04-12,GKM,40.39,40.54,40.16,40.16,375000,KBS,2026-10-09T04:10:49Z
2022-04-13,GKM,40.16,40.39,39.78,40.39,455430,KBS,2026-10-09T04:10:49Z
2022-04-14,GKM,40.39,40.54,40.24,40.39,264410,KBS,2026-10-09T04:10:49Z
2022-04-15,GKM,40.39,40.54,39.48,39.78,422360,KBS,2026-10-09T04:10:49Z
2022-04-18,GKM,39.86,40.01,39.48,39.48,130000,KBS,2026-10-09T04:10:49Z
2022-04-19,GKM,39.56,39.71,39.25,39.25,133000,KBS,2026-10-09T04:10:49Z
2022-04-20,GKM,39.25,39.33,37.89,38.8,121105,KBS,2026-10-09T04:10:49Z
2022-04-21,GKM,38.8,38.95,38.5,38.88,132100,KBS,2026-10-09T04:10:49Z
2022-04-22,GKM,38.95,39.1,38.8,39.03,156900,KBS,2026-10-09T04:10:49Z
2022-04-25,GKM,39.03,39.18,38.95,38.95,428910,KBS,2026-10-09T04:10:49Z
2022-04-26,GKM,38.95,39.41,38.65,39.41,537300,KBS,2026-10-09T04:10:49Z
2022-04-27,GKM,38.65,39.86,38.65,39.86,445700,KBS,2026-10-09T04:10:49Z
2022-04-28,GKM,39.18,40.69,39.18,40.69,379500,KBS,2026-10-09T04:10:49Z
2022-04-29,GKM,40.69,41.22,40.69,41.22,630412,KBS,2026-10-09T04:10:49Z
2022-05-04,GKM,41.22,41.68,41.22,41.68,703200,KBS,2026-10-09T04:10:49Z
2022-05-05,GKM,41.68,42.06,41.0,41.76,315400,KBS,2026-10-09T04:10:49Z
2022-05-06,GKM,41.83,41.83,40.16,40.92,272900,KBS,2026-10-09T04:10:49Z
2022-05-09,GKM,40.92,41.07,39.41,39.41,229200,KBS,2026-10-09T04:10:49Z
2022-05-10,GKM,39.41,39.78,38.65,39.78,383700,KBS,2026-10-09T04:10:49Z
2022-05-11,GKM,39.78,40.24,39.18,40.24,459100,KBS,2026-10-09T04:10:49Z
2022-05-12,GKM,40.32,40.32,39.63,39.94,211300,KBS,2026-10-09T04:10:49Z
2022-05-13,GKM,40.01,40.01,39.56,39.56,199600,KBS,2026-10-09T04:10:49Z
2022-05-16,GKM,39.56,41.0,39.56,39.63,185900,KBS,2026-10-09T04:10:49Z
2022-05-17,GKM,39.71,40.01,39.03,40.01,289100,KBS,2026-10-09T04:10:49Z
2022-05-18,GKM,40.09,40.24,39.41,39.78,194300,KBS,2026-10-09T04:10:49Z
2022-05-19,GKM,39.86,39.94,37.36,39.18,244330,KBS,2026-10-09T04:10:49Z
2022-05-20,GKM,38.57,39.56,38.57,39.18,161900,KBS,2026-10-09T04:10:49Z
2022-05-23,GKM,39.25,39.48,38.65,39.18,144400,KBS,2026-10-09T04:10:49Z
2022-05-24,GKM,39.18,39.41,38.04,39.33,170300,KBS,2026-10-09T04:10:49Z
2022-05-25,GKM,39.33,39.78,39.25,39.78,143200,KBS,2026-10-09T04:10:49Z
2022-05-26,GKM,39.78,40.16,38.88,39.03,214800,KBS,2026-10-09T04:10:49Z
2022-05-27,GKM,39.1,39.41,38.65,39.41,714000,KBS,2026-10-09T04:10:49Z
2022-05-30,GKM,39.48,39.48,37.89,38.12,146600,KBS,2026-10-09T04:10:49Z
2022-05-31,GKM,38.19,38.27,37.36,37.89,137600,KBS,2026-10-09T04:10:49Z
2022-06-01,GKM,37.97,38.34,37.28,37.74,151100,KBS,2026-10-09T04:10:49Z
2022-06-02,GKM,37.81,38.04,37.21,38.04,227000,KBS,2026-10-09T04:10:49Z
2022-06-03,GKM,38.12,38.19,37.44,38.12,348500,KBS,2026-10-09T04:10:49Z
2022-06-06,GKM,38.12,38.19,37.28,37.97,152100,KBS,2026-10-09T04:10:49Z
2022-06-07,GKM,38.04,38.04,37.28,37.28,109100,KBS,2026-10-09T04:10:49Z
2022-06-08,GKM,37.28,37.44,36.6,36.91,239800,KBS,2026-10-09T04:10:49Z
2022-06-09,GKM,36.98,37.06,36.68,36.91,129909,KBS,2026-10-09T04:10:49Z
2022-06-10,GKM,36.91,36.91,36.15,36.15,110509,KBS,2026-10-09T04:10:49Z
2022-06-13,GKM,36.22,36.22,34.93,35.39,163400,KBS,2026-10-09T04:10:49Z
2022-06-14,GKM,35.47,35.54,34.86,35.16,147500,KBS,2026-10-09T04:10:49Z
2022-06-15,GKM,35.16,35.24,34.48,34.78,211000,KBS,2026-10-09T04:10:49Z
2022-06-16,GKM,34.86,35.39,34.48,35.31,144000,KBS,2026-10-09T04:10:49Z
2022-06-17,GKM,35.39,35.39,34.86,35.39,69900,KBS,2026-10-09T04:10:49Z
2022-06-20,GKM,35.47,35.77,35.01,35.77,208000,KBS,2026-10-09T04:10:49Z
2022-06-21,GKM,35.77,36.0,35.69,36.0,255262,KBS,2026-10-09T04:10:49Z
2022-06-22,GKM,36.07,36.37,36.0,36.3,392500,KBS,2026-10-09T04:10:49Z
2022-06-23,GKM,36.3,36.68,36.3,36.45,100500,KBS,2026-10-09T04:10:49Z
2022-06-24,GKM,36.53,36.6,35.54,36.15,174033,KBS,2026-10-09T04:10:49Z
2022-06-27,GKM,36.15,36.22,35.69,36.22,511100,KBS,2026-10-09T04:10:49Z
2022-06-28,GKM,36.22,36.37,35.92,36.0,449900,KBS,2026-10-09T04:10:49Z
2022-06-29,GKM,36.07,36.07,35.54,35.62,124200,KBS,2026-10-09T04:10:49Z
2022-06-30,GKM,35.69,35.69,35.24,35.47,68511,KBS,2026-10-09T04:10:49Z
2022-07-01,GKM,35.54,35.54,34.93,34.93,67500,KBS,2026-10-09T04:10:49Z
2022-07-04,GKM,34.93,35.24,34.25,34.78,65000,KBS,2026-10-09T04:10:49Z
2022-07-05,GKM,34.86,34.93,34.18,34.56,57515,KBS,2026-10-09T04:10:49Z
2022-07-06,GKM,34.63,34.63,34.25,34.48,52000,KBS,2026-10-09T04:10:49Z
2022-07-07,GKM,34.48,34.71,34.4,34.71,33900,KBS,2026-10-09T04:10:49Z
2022-07-08,GKM,34.78,34.86,34.25,34.78,33800,KBS,2026-10-09T04:10:49Z
2022-07-11,GKM,34.86,34.86,34.1,34.18,38105,KBS,2026-10-09T04:10:49Z
2022-07-12,GKM,34.18,34.4,33.8,34.33,341600,KBS,2026-10-09T04:10:49Z
2022-07-13,GKM,34.33,34.56,34.03,34.56,51020,KBS,2026-10-09T04:10:49Z
2022-07-14,GKM,34.56,34.86,34.56,34.86,41200,KBS,2026-10-09T04:10:49Z
2022-07-15,GKM,34.93,35.09,34.56,34.93,38900,KBS,2026-10-09T04:10:49Z
2022-07-18,GKM,34.93,35.01,34.33,34.63,40800,KBS,2026-10-09T04:10:49Z
2022-07-19,GKM,34.56,34.86,34.4,34.71,130600,KBS,2026-10-09T04:10:49Z
2022-07-20,GKM,34.25,34.93,34.25,34.78,104100,KBS,2026-10-09T04:10:49Z
2022-07-21,GKM,34.71,34.86,34.63,34.63,20300,KBS,2026-10-09T04:10:49Z
2022-07-22,GKM,34.56,34.71,34.48,34.71,124800,KBS,2026-10-09T04:10:49Z
2022-07-25,GKM,34.71,34.86,34.33,34.56,201600,KBS,2026-10-09T04:10:49Z
2022-07-26,GKM,34.56,34.56,34.4,34.56,217800,KBS,2026-10-09T04:10:49Z
2022-07-27,GKM,34.56,34.63,34.4,34.4,123700,KBS,2026-10-09T04:10:49Z
2022-07-28,GKM,34.4,34.56,34.33,34.56,234500,KBS,2026-10-09T04:10:49Z
2022-07-29,GKM,34.56,34.71,34.33,34.71,98900,KBS,2026-10-09T04:10:49Z
2022-08-01,GKM,34.63,34.93,34.63,34.71,280900,KBS,2026-10-09T04:10:49Z
2022-08-02,GKM,34.63,34.78,34.48,34.63,44100,KBS,2026-10-09T04:10:49Z
2022-08-03,GKM,34.56,34.93,34.56,34.93,96100,KBS,2026-10-09T04:10:49Z
2022-08-04,GKM,34.86,34.93,34.78,34.86,81500,KBS,2026-10-09T04:10:49Z
2022-08-05,GKM,34.78,34.86,33.87,34.63,92700,KBS,2026-10-09T04:10:49Z
2022-08-08,GKM,34.56,34.63,33.49,33.49,113900,KBS,2026-10-09T04:10:49Z
2022-08-09,GKM,33.42,33.65,32.59,33.04,62306,KBS,2026-10-09T04:10:49Z
2022-08-10,GKM,33.04,33.34,32.59,32.96,34900,KBS,2026-10-09T04:10:49Z
2022-08-11,GKM,32.96,33.12,32.43,32.81,81400,KBS,2026-10-09T04:10:49Z
2022-08-12,GKM,32.74,32.74,32.13,32.66,72700,KBS,2026-10-09T04:10:49Z
2022-08-15,GKM,32.59,32.96,32.59,32.74,80800,KBS,2026-10-09T04:10:49Z
2022-08-16,GKM,32.74,32.74,32.43,32.51,139900,KBS,2026-10-09T04:10:49Z
2022-08-17,GKM,32.43,32.59,32.13,32.51,135000,KBS,2026-10-09T04:10:49Z
2022-08-18,GKM,32.43,32.59,31.9,32.13,236000,KBS,2026-10-09T04:10:49Z
2022-08-19,GKM,32.06,32.06,31.37,31.45,112601,KBS,2026-10-09T04:10:49Z
2022-08-22,GKM,31.37,31.37,28.72,29.4,134603,KBS,2026-10-09T04:10:49Z
2022-08-23,GKM,29.33,29.33,28.27,28.64,157400,KBS,2026-10-09T04:10:49Z
2022-08-24,GKM,28.64,28.8,28.42,28.64,95913,KBS,2026-10-09T04:10:49Z
2022-08-25,GKM,28.72,29.48,28.57,28.8,207700,KBS,2026-10-09T04:10:49Z
2022-08-26,GKM,28.72,28.95,28.57,28.8,125300,KBS,2026-10-09T04:10:49Z
2022-08-29,GKM,28.72,28.87,28.49,28.8,294400,KBS,2026-10-09T04:10:49Z
2022-08-30,GKM,28.87,28.87,28.49,28.72,262057,KBS,2026-10-09T04:10:49Z
2022-08-31,GKM,28.64,28.87,28.34,28.57,229300,KBS,2026-10-09T04:10:49Z
2022-09-05,GKM,28.57,28.8,28.57,28.8,238113,KBS,2026-10-09T04:10:49Z
2022-09-06,GKM,28.8,28.87,28.27,28.27,210900,KBS,2026-10-09T04:10:49Z
2022-09-07,GKM,28.19,28.42,28.04,28.04,115000,KBS,2026-10-09T04:10:49Z
2022-09-08,GKM,28.11,28.11,27.74,27.96,240700,KBS,2026-10-09T04:10:49Z
2022-09-09,GKM,28.04,28.04,27.36,27.81,212100,KBS,2026-10-09T04:10:49Z
2022-09-12,GKM,27.74,27.89,27.66,27.74,183824,KBS,2026-10-09T04:10:49Z
2022-09-13,GKM,27.66,27.81,25.01,27.28,316857,KBS,2026-10-09T04:10:49Z
2022-09-14,GKM,27.13,27.58,26.52,27.58,330500,KBS,2026-10-09T04:10:49Z
2022-09-15,GKM,27.66,27.74,27.51,27.58,366410,KBS,2026-10-09T04:10:49Z
2022-09-16,GKM,27.58,27.66,27.43,27.58,313540,KBS,2026-10-09T04:10:49Z
2022-09-19,GKM,27.51,27.66,26.9,27.43,327803,KBS,2026-10-09T04:10:49Z
2022-09-20,GKM,27.36,27.51,26.14,27.51,351640,KBS,2026-10-09T04:10:49Z
2022-09-21,GKM,27.51,27.74,26.67,27.28,366918,KBS,2026-10-09T04:10:49Z
2022-09-22,GKM,27.28,27.74,27.05,27.74,231100,KBS,2026-10-09T04:10:49Z
2022-09-23,GKM,27.81,28.27,27.51,28.27,380300,KBS,2026-10-09T04:10:49Z
2022-09-26,GKM,28.34,28.34,27.36,27.51,220700,KBS,2026-10-09T04:10:49Z
2022-09-27,GKM,27.51,27.74,27.43,27.74,213500,KBS,2026-10-09T04:10:49Z
2022-09-28,GKM,27.74,27.74,27.51,27.66,227800,KBS,2026-10-09T04:10:49Z
2022-09-29,GKM,27.58,27.74,27.51,27.51,120701,KBS,2026-10-09T04:10:49Z
2022-09-30,GKM,27.58,27.66,27.21,27.43,214700,KBS,2026-10-09T04:10:49Z
2022-10-03,GKM,27.36,27.66,27.36,27.58,527360,KBS,2026-10-09T04:10:49Z
2022-10-04,GKM,27.58,27.58,27.36,27.43,255600,KBS,2026-10-09T04:10:49Z
2022-10-05,GKM,27.43,27.51,27.13,27.21,141001,KBS,2026-10-09T04:10:49Z
2022-10-06,GKM,27.13,27.36,26.9,27.13,455645,KBS,2026-10-09T04:10:49Z
2022-10-07,GKM,27.05,27.21,26.37,26.98,192100,KBS,2026-10-09T04:10:49Z
2022-10-10,GKM,26.9,27.21,26.6,26.67,198503,KBS,2026-10-09T04:10:49Z
2022-10-11,GKM,26.6,26.83,26.07,26.07,124700,KBS,2026-10-09T04:10:49Z
2022-10-12,GKM,26.07,26.07,25.54,25.61,179500,KBS,2026-10-09T04:10:49Z
2022-10-13,GKM,25.61,25.69,23.19,25.54,227100,KBS,2026-10-09T04:10:49Z
2022-10-14,GKM,25.46,25.77,25.46,25.77,139000,KBS,2026-10-09T04:10:49Z
2022-10-17,GKM,25.77,25.84,25.39,25.77,229200,KBS,2026-10-09T04:10:49Z
2022-10-18,GKM,25.77,25.99,25.16,25.77,142900,KBS,2026-10-09T04:10:49Z
2022-10-19,GKM,25.69,25.92,25.54,25.77,131600,KBS,2026-10-09T04:10:49Z
2022-10-20,GKM,25.77,25.92,25.46,25.77,121300,KBS,2026-10-09T04:10:49Z
2022-10-21,GKM,25.77,25.92,25.46,25.77,137900,KBS,2026-10-09T04:10:49Z
2022-10-24,GKM,25.77,25.77,23.19,25.39,88700,KBS,2026-10-09T04:10:49Z
2022-10-25,GKM,25.31,25.31,24.25,24.25,92700,KBS,2026-10-09T04:10:49Z
2022-10-26,GKM,24.25,24.48,23.95,24.25,105802,KBS,2026-10-09T04:10:49Z
2022-10-27,GKM,24.33,24.55,23.49,24.17,72500,KBS,2026-10-09T04:10:49Z
2022-10-28,GKM,24.17,24.33,23.26,24.25,146600,KBS,2026-10-09T04:10:49Z
2022-10-31,GKM,24.33,24.4,23.34,24.33,111500,KBS,2026-10-09T04:10:49Z
2022-11-01,GKM,24.4,24.48,23.49,23.87,131200,KBS,2026-10-09T04:10:49Z
2022-11-02,GKM,23.95,23.95,23.11,23.87,285600,KBS,2026-10-09T04:10:49Z
2022-11-03,GKM,23.8,23.87,22.73,23.87,163400,KBS,2026-10-09T04:10:49Z
2022-11-04,GKM,23.8,23.87,22.36,23.49,92900,KBS,2026-10-09T04:10:49Z
2022-11-07,GKM,23.49,23.64,22.89,23.49,99900,KBS,2026-10-09T04:10:49Z
2022-11-08,GKM,23.49,23.57,22.73,23.49,108400,KBS,2026-10-09T04:10:49Z
2022-11-09,GKM,23.49,23.49,22.73,23.49,76500,KBS,2026-10-09T04:10:49Z
2022-11-10,GKM,23.49,23.57,21.98,22.66,79800,KBS,2026-10-09T04:10:49Z
2022-11-11,GKM,22.58,22.58,20.46,20.46,36900,KBS,2026-10-09T04:10:49Z
2022-11-14,GKM,20.46,20.84,20.46,20.84,24700,KBS,2026-10-09T04:10:49Z
2022-11-15,GKM,20.92,20.92,18.79,20.92,12000,KBS,2026-10-09T04:10:49Z
2022-11-16,GKM,20.84,20.92,19.7,20.92,63400,KBS,2026-10-09T04:10:49Z
2022-11-17,GKM,20.92,20.92,20.76,20.92,35600,KBS,2026-10-09T04:10:49Z
2022-11-18,GKM,20.76,21.14,18.87,21.14,37700,KBS,2026-10-09T04:10:49Z
2022-11-21,GKM,21.14,21.22,20.69,21.22,2100,KBS,2026-10-09T04:10:49Z
2022-11-22,GKM,21.22,21.37,21.22,21.29,28825,KBS,2026-10-09T04:10:49Z
2022-11-23,GKM,21.29,21.29,19.7,21.29,16000,KBS,2026-10-09T04:10:49Z
2022-11-24,GKM,21.29,21.37,21.22,21.22,10132,KBS,2026-10-09T04:10:49Z
2022-11-25,GKM,21.22,21.37,21.22,21.29,77400,KBS,2026-10-09T04:10:49Z
2022-11-28,GKM,21.29,21.45,21.29,21.45,11500,KBS,2026-10-09T04:10:49Z
2022-11-29,GKM,21.52,21.52,20.69,21.45,13300,KBS,2026-10-09T04:10:49Z
2022-11-30,GKM,21.45,21.45,21.29,21.45,9600,KBS,2026-10-09T04:10:49Z
2022-12-01,GKM,21.37,21.52,21.29,21.45,12100,KBS,2026-10-09T04:10:49Z
2022-12-02,GKM,21.45,21.6,21.45,21.6,29700,KBS,2026-10-09T04:10:49Z
2022-12-05,GKM,21.37,21.82,20.54,21.82,16700,KBS,2026-10-09T04:10:49Z
2022-12-06,GKM,21.82,21.9,20.46,21.82,21780,KBS,2026-10-09T04:10:49Z
2022-12-07,GKM,21.82,22.13,21.82,22.05,16100,KBS,2026-10-09T04:10:49Z
2022-12-08,GKM,22.05,22.05,21.9,21.98,17500,KBS,2026-10-09T04:10:49Z
2022-12-09,GKM,21.98,22.2,20.54,22.2,27900,KBS,2026-10-09T04:10:49Z
2022-12-12,GKM,22.2,22.2,21.45,22.2,21800,KBS,2026-10-09T04:10:49Z
2022-12-13,GKM,22.2,22.36,21.82,21.9,25700,KBS,2026-10-09T04:10:49Z
2022-12-14,GKM,21.9,21.9,20.54,21.82,21724,KBS,2026-10-09T04:10:49Z
2022-12-15,GKM,21.82,21.98,21.37,21.6,325200,KBS,2026-10-09T04:10:49Z
2022-12-16,GKM,21.6,21.6,21.07,21.52,199700,KBS,2026-10-09T04:10:49Z
2022-12-19,GKM,21.45,21.52,20.16,20.16,9056,KBS,2026-10-09T04:10:49Z
2022-12-20,GKM,20.16,20.31,18.19,20.31,28708,KBS,2026-10-09T04:10:49Z
2022-12-21,GKM,20.31,21.22,19.93,21.22,118100,KBS,2026-10-09T04:10:49Z
2022-12-22,GKM,21.22,21.37,20.92,21.37,222900,KBS,2026-10-09T04:10:49Z
2022-12-23,GKM,21.37,21.82,20.46,21.82,63806,KBS,2026-10-09T04:10:49Z
2022-12-26,GKM,21.82,21.9,21.22,21.82,37000,KBS,2026-10-09T04:10:49Z
2022-12-27,GKM,21.82,21.9,21.22,21.82,120400,KBS,2026-10-09T04:10:49Z
2022-12-28,GKM,21.82,21.82,20.54,21.82,8500,KBS,2026-10-09T04:10:49Z
2022-12-29,GKM,21.82,21.9,21.6,21.82,8100,KBS,2026-10-09T04:10:49Z
2022-12-30,GKM,21.91,23.99,21.91,23.99,10100,KBS,2026-10-09T04:10:49Z
2023-01-03,GKM,23.99,24.07,23.49,23.57,4210,KBS,2026-10-09T04:10:49Z
2023-01-04,GKM,23.66,23.66,21.66,22.32,9616,KBS,2026-10-09T04:10:49Z
2023-01-05,GKM,22.41,22.41,22.24,22.41,3900,KBS,2026-10-09T04:10:49Z
2023-01-06,GKM,22.49,22.82,21.99,22.82,121000,KBS,2026-10-09T04:10:49Z
2023-01-09,GKM,22.91,22.99,22.82,22.82,8900,KBS,2026-10-09T04:10:49Z
2023-01-10,GKM,22.82,23.24,22.49,23.24,19200,KBS,2026-10-09T04:10:49Z
2023-01-11,GKM,23.24,23.24,22.41,23.16,153300,KBS,2026-10-09T04:10:49Z
2023-01-12,GKM,23.24,23.24,21.32,23.07,5400,KBS,2026-10-09T04:10:49Z
2023-01-13,GKM,23.07,23.07,22.49,22.82,252200,KBS,2026-10-09T04:10:49Z
2023-01-16,GKM,22.82,22.82,21.82,22.66,1200,KBS,2026-10-09T04:10:49Z
2023-01-17,GKM,22.66,23.57,22.32,23.57,117300,KBS,2026-10-09T04:10:49Z
2023-01-18,GKM,23.57,23.82,21.24,23.82,105200,KBS,2026-10-09T04:10:49Z
2023-01-19,GKM,23.82,23.82,22.07,23.74,1300,KBS,2026-10-09T04:10:49Z
2023-01-27,GKM,23.82,23.82,23.32,23.32,600,KBS,2026-10-09T04:10:49Z
2023-01-30,GKM,23.24,23.57,23.16,23.57,6600,KBS,2026-10-09T04:10:49Z
2023-01-31,GKM,23.57,23.82,23.49,23.74,159803,KBS,2026-10-09T04:10:49Z
2023-02-01,GKM,23.74,23.91,23.49,23.74,91200,KBS,2026-10-09T04:10:49Z
2023-02-02,GKM,23.82,23.91,23.66,23.91,101300,KBS,2026-10-09T04:10:49Z
2023-02-03,GKM,23.91,24.16,23.91,23.99,67300,KBS,2026-10-09T04:10:49Z
2023-02-06,GKM,23.99,24.24,23.99,24.16,74800,KBS,2026-10-09T04:10:49Z
2023-02-07,GKM,24.24,24.49,24.16,24.32,107600,KBS,2026-10-09T04:10:49Z
2023-02-08,GKM,24.41,24.91,24.16,24.82,71000,KBS,2026-10-09T04:10:49Z
2023-02-09,GKM,24.91,24.91,24.16,24.91,55103,KBS,2026-10-09T04:10:49Z
2023-02-10,GKM,24.91,25.32,24.91,25.32,209213,KBS,2026-10-09T04:10:49Z
2023-02-13,GKM,25.32,25.91,25.24,25.57,141800,KBS,2026-10-09T04:10:49Z
2023-02-14,GKM,25.57,25.66,25.24,25.66,186500,KBS,2026-10-09T04:10:49Z
2023-02-15,GKM,25.49,25.82,25.16,25.66,77300,KBS,2026-10-09T04:10:49Z
2023-02-16,GKM,25.74,25.82,25.49,25.82,89800,KBS,2026-10-09T04:10:49Z
2023-02-17,GKM,25.91,25.91,25.82,25.91,64600,KBS,2026-10-09T04:10:49Z
2023-02-20,GKM,25.91,26.07,25.74,26.07,132750,KBS,2026-10-09T04:10:49Z
2023-02-21,GKM,26.07,26.66,26.07,26.66,47400,KBS,2026-10-09T04:10:49Z
2023-02-22,GKM,26.66,26.82,26.66,26.74,96500,KBS,2026-10-09T04:10:49Z
2023-02-23,GKM,26.74,26.91,26.07,26.74,34600,KBS,2026-10-09T04:10:49Z
2023-02-24,GKM,26.74,26.74,26.24,26.74,180400,KBS,2026-10-09T04:10:49Z
2023-02-27,GKM,26.82,26.82,26.57,26.82,101506,KBS,2026-10-09T04:10:49Z
2023-02-28,GKM,26.91,26.99,26.66,26.66,20410,KBS,2026-10-09T04:10:49Z
2023-03-01,GKM,26.82,26.91,26.57,26.82,203801,KBS,2026-10-09T04:10:49Z
2023-03-02,GKM,26.82,27.07,26.74,27.07,41100,KBS,2026-10-09T04:10:49Z
2023-03-03,GKM,27.07,27.32,26.91,27.32,10400,KBS,2026-10-09T04:10:49Z
2023-03-06,GKM,27.41,27.74,27.32,27.74,123720,KBS,2026-10-09T04:10:49Z
2023-03-07,GKM,27.74,28.57,27.74,28.49,284071,KBS,2026-10-09T04:10:49Z
2023-03-08,GKM,28.57,28.82,28.41,28.82,286800,KBS,2026-10-09T04:10:49Z
2023-03-09,GKM,28.66,28.99,27.74,28.82,306224,KBS,2026-10-09T04:10:49Z
2023-03-10,GKM,28.91,28.99,28.66,28.99,70329,KBS,2026-10-09T04:10:49Z
2023-03-13,GKM,29.07,29.24,28.74,28.74,185103,KBS,2026-10-09T04:10:49Z
2023-03-14,GKM,28.74,28.91,28.49,28.74,29900,KBS,2026-10-09T04:10:49Z
2023-03-15,GKM,28.82,28.91,25.91,28.74,66380,KBS,2026-10-09T04:10:49Z
2023-03-16,GKM,28.82,28.91,28.49,28.49,181200,KBS,2026-10-09T04:10:49Z
2023-03-17,GKM,28.49,28.91,28.49,28.82,226465,KBS,2026-10-09T04:10:49Z
2023-03-20,GKM,28.82,28.91,28.66,28.91,172022,KBS,2026-10-09T04:10:49Z
2023-03-21,GKM,28.91,29.41,28.82,29.41,150170,KBS,2026-10-09T04:10:49Z
2023-03-22,GKM,29.49,29.74,29.41,29.74,103000,KBS,2026-10-09T04:10:49Z
2023-03-23,GKM,29.74,30.15,29.74,29.9,128190,KBS,2026-10-09T04:10:49Z
2023-03-24,GKM,29.9,30.74,29.57,30.32,129216,KBS,2026-10-09T04:10:49Z
2023-03-27,GKM,30.32,30.32,29.99,30.24,120260,KBS,2026-10-09T04:10:49Z
2023-03-28,GKM,30.24,30.32,29.99,30.15,77631,KBS,2026-10-09T04:10:49Z
2023-03-29,GKM,30.15,30.32,30.07,30.32,54400,KBS,2026-10-09T04:10:49Z
2023-03-30,GKM,30.32,30.49,29.99,30.15,115275,KBS,2026-10-09T04:10:49Z
2023-03-31,GKM,30.24,30.32,29.07,30.32,158660,KBS,2026-10-09T04:10:49Z
2023-04-03,GKM,30.4,30.74,30.15,30.32,77240,KBS,2026-10-09T04:10:49Z
2023-04-04,GKM,30.4,30.4,30.15,30.32,89022,KBS,2026-10-09T04:10:49Z
2023-04-05,GKM,30.4,30.65,30.32,30.65,114100,KBS,2026-10-09T04:10:49Z
2023-04-06,GKM,30.65,30.65,30.4,30.49,150100,KBS,2026-10-09T04:10:49Z
2023-04-07,GKM,30.49,30.57,30.15,30.24,98000,KBS,2026-10-09T04:10:49Z
2023-04-10,GKM,30.24,30.32,29.99,29.99,135140,KBS,2026-10-09T04:10:49Z
2023-04-11,GKM,30.07,30.07,29.74,29.74,148610,KBS,2026-10-09T04:10:49Z
2023-04-12,GKM,29.74,29.9,29.74,29.74,117252,KBS,2026-10-09T04:10:49Z
2023-04-13,GKM,29.74,29.9,29.66,29.9,137000,KBS,2026-10-09T04:10:49Z
2023-04-14,GKM,29.9,29.9,29.74,29.82,92100,KBS,2026-10-09T04:10:49Z
2023-04-17,GKM,29.82,29.99,29.74,29.99,85407,KBS,2026-10-09T04:10:49Z
2023-04-18,GKM,29.99,30.32,29.9,30.32,109200,KBS,2026-10-09T04:10:49Z
2023-04-19,GKM,30.32,30.9,30.32,30.9,288120,KBS,2026-10-09T04:10:49Z
2023-04-20,GKM,30.99,31.24,30.99,31.24,198270,KBS,2026-10-09T04:10:49Z
2023-04-21,GKM,31.24,31.32,31.07,31.24,171001,KBS,2026-10-09T04:10:49Z
2023-04-24,GKM,31.24,31.32,31.15,31.32,8707,KBS,2026-10-09T04:10:49Z
2023-04-25,GKM,31.32,31.49,31.24,31.49,166900,KBS,2026-10-09T04:10:49Z
2023-04-26,GKM,31.49,31.57,31.24,31.4,31362,KBS,2026-10-09T04:10:49Z
2023-04-27,GKM,31.4,31.65,31.4,31.49,95780,KBS,2026-10-09T04:10:49Z
2023-04-28,GKM,31.49,31.65,31.07,31.65,142625,KBS,2026-10-09T04:10:49Z
2023-05-04,GKM,31.65,31.74,31.57,31.74,219503,KBS,2026-10-09T04:10:49Z
2023-05-05,GKM,31.74,31.9,31.74,31.82,144505,KBS,2026-10-09T04:10:49Z
2023-05-08,GKM,31.82,31.9,31.74,31.82,334200,KBS,2026-10-09T04:10:49Z
2023-05-09,GKM,31.9,31.9,31.65,31.9,194900,KBS,2026-10-09T04:10:49Z
2023-05-10,GKM,31.99,31.99,31.49,31.82,207802,KBS,2026-10-09T04:10:49Z
2023-05-11,GKM,31.82,31.82,31.65,31.82,104200,KBS,2026-10-09T04:10:49Z
2023-05-12,GKM,31.82,31.9,31.65,31.65,177500,KBS,2026-10-09T04:10:49Z
2023-05-15,GKM,31.65,31.82,31.65,31.82,73106,KBS,2026-10-09T04:10:49Z
2023-05-16,GKM,31.82,31.82,31.65,31.74,215200,KBS,2026-10-09T04:10:49Z
2023-05-17,GKM,31.74,31.74,31.49,31.74,204600,KBS,2026-10-09T04:10:49Z
2023-05-18,GKM,31.74,31.9,31.65,31.74,152900,KBS,2026-10-09T04:10:49Z
2023-05-19,GKM,31.74,31.9,31.65,31.65,24230,KBS,2026-10-09T04:10:49Z
2023-05-22,GKM,31.65,31.65,31.49,31.49,244519,KBS,2026-10-09T04:10:49Z
2023-05-23,GKM,31.57,31.57,31.49,31.49,111900,KBS,2026-10-09T04:10:49Z
2023-05-24,GKM,31.49,31.82,31.49,31.82,189200,KBS,2026-10-09T04:10:49Z
2023-05-25,GKM,31.82,31.82,31.57,31.65,263400,KBS,2026-10-09T04:10:49Z
2023-05-26,GKM,31.65,31.65,31.4,31.49,132400,KBS,2026-10-09T04:10:49Z
2023-05-29,GKM,31.49,31.9,31.49,31.65,106544,KBS,2026-10-09T04:10:49Z
2023-05-30,GKM,31.65,31.9,31.57,31.9,171550,KBS,2026-10-09T04:10:49Z
2023-05-31,GKM,31.9,31.9,31.49,31.9,52400,KBS,2026-10-09T04:10:49Z
2023-06-01,GKM,31.99,32.07,30.82,31.9,81000,KBS,2026-10-09T04:10:49Z
2023-06-02,GKM,31.9,32.49,31.74,32.49,74984,KBS,2026-10-09T04:10:49Z
2023-06-05,GKM,32.49,32.74,32.49,32.65,118530,KBS,2026-10-09T04:10:49Z
2023-06-06,GKM,32.65,32.82,32.57,32.65,114300,KBS,2026-10-09T04:10:49Z
2023-06-07,GKM,32.74,32.82,32.57,32.57,213600,KBS,2026-10-09T04:10:49Z
2023-06-08,GKM,32.57,32.9,32.57,32.65,75900,KBS,2026-10-09T04:10:49Z
2023-06-09,GKM,32.57,33.82,32.57,33.82,245400,KBS,2026-10-09T04:10:49Z
2023-06-12,GKM,33.9,33.9,33.65,33.74,289253,KBS,2026-10-09T04:10:49Z
2023-06-13,GKM,33.74,33.9,33.57,33.74,289705,KBS,2026-10-09T04:10:49Z
2023-06-14,GKM,33.74,33.82,32.99,33.32,294600,KBS,2026-10-09T04:10:49Z
2023-06-15,GKM,33.4,33.49,32.99,33.49,329700,KBS,2026-10-09T04:10:49Z
2023-06-16,GKM,33.49,33.57,32.99,33.57,263400,KBS,2026-10-09T04:10:49Z
2023-06-19,GKM,33.65,33.65,33.4,33.4,32400,KBS,2026-10-09T04:10:49Z
2023-06-20,GKM,33.4,33.57,33.32,33.49,150700,KBS,2026-10-09T04:10:49Z
2023-06-21,GKM,33.49,33.57,33.4,33.49,217400,KBS,2026-10-09T04:10:49Z
2023-06-22,GKM,33.57,33.57,33.32,33.32,176547,KBS,2026-10-09T04:10:49Z
2023-06-23,GKM,33.32,33.49,33.07,33.07,282200,KBS,2026-10-09T04:10:49Z
2023-06-26,GKM,33.07,33.15,32.99,33.07,343050,KBS,2026-10-09T04:10:49Z
2023-06-27,GKM,33.07,33.4,33.07,33.15,67700,KBS,2026-10-09T04:10:49Z
2023-06-28,GKM,33.15,36.4,33.15,36.4,26825,KBS,2026-10-09T04:10:49Z
2023-06-29,GKM,36.4,39.73,36.4,39.73,139800,KBS,2026-10-09T04:10:49Z
2023-06-30,GKM,39.73,43.32,39.73,43.32,221600,KBS,2026-10-09T04:10:49Z
2023-07-03,GKM,43.4,44.23,43.07,44.23,192900,KBS,2026-10-09T04:10:49Z
2023-07-04,GKM,44.23,44.4,42.73,42.73,56940,KBS,2026-10-09T04:10:49Z
2023-07-05,GKM,42.73,42.9,38.48,42.23,37500,KBS,2026-10-09T04:10:49Z
2023-07-06,GKM,42.23,42.57,42.15,42.57,53544,KBS,2026-10-09T04:10:49Z
2023-07-07,GKM,42.57,42.65,42.48,42.57,20690,KBS,2026-10-09T04:10:49Z
2023-07-10,GKM,42.57,42.73,42.48,42.48,114153,KBS,2026-10-09T04:10:49Z
2023-07-11,GKM,42.48,42.65,41.4,42.32,62160,KBS,2026-10-09T04:10:49Z
2023-07-12,GKM,42.32,42.48,42.15,42.4,69800,KBS,2026-10-09T04:10:49Z
2023-07-13,GKM,42.4,42.6,42.3,42.3,98000,KBS,2026-10-09T04:10:49Z
2023-07-14,GKM,42.3,42.5,42.3,42.5,40440,KBS,2026-10-09T04:10:49Z
2023-07-17,GKM,42.5,42.7,39.0,39.0,38210,KBS,2026-10-09T04:10:49Z
2023-07-18,GKM,39.0,39.6,36.0,36.0,115400,KBS,2026-10-09T04:10:49Z
2023-07-19,GKM,35.8,36.1,33.5,33.5,308400,KBS,2026-10-09T04:10:49Z
2023-07-20,GKM,33.5,35.1,33.3,35.1,155560,KBS,2026-10-09T04:10:49Z
2023-07-21,GKM,35.1,35.4,35.0,35.4,336000,KBS,2026-10-09T04:10:49Z
2023-07-24,GKM,35.4,35.8,35.0,35.8,129020,KBS,2026-10-09T04:10:49Z
2023-07-25,GKM,35.8,36.9,35.8,36.3,184700,KBS,2026-10-09T04:10:49Z
2023-07-26,GKM,36.3,36.5,35.8,36.4,97500,KBS,2026-10-09T04:10:49Z
2023-07-27,GKM,36.4,36.5,35.2,36.5,160700,KBS,2026-10-09T04:10:49Z
2023-07-28,GKM,36.5,36.8,36.4,36.8,204600,KBS,2026-10-09T04:10:49Z
2023-07-31,GKM,36.8,36.9,36.8,36.9,483622,KBS,2026-10-09T04:10:49Z
2023-08-01,GKM,36.9,37.4,36.5,37.4,458600,KBS,2026-10-09T04:10:49Z
2023-08-02,GKM,37.4,37.4,37.0,37.3,435002,KBS,2026-10-09T04:10:49Z
2023-08-03,GKM,37.4,37.6,37.3,37.5,358200,KBS,2026-10-09T04:10:49Z
2023-08-04,GKM,37.5,37.7,37.5,37.6,295100,KBS,2026-10-09T04:10:49Z
2023-08-07,GKM,37.6,37.7,37.2,37.6,199300,KBS,2026-10-09T04:10:49Z
2023-08-08,GKM,37.6,37.7,37.1,37.4,342900,KBS,2026-10-09T04:10:49Z
2023-08-09,GKM,37.4,37.5,36.8,37.1,411400,KBS,2026-10-09T04:10:49Z
2023-08-10,GKM,37.1,37.2,36.5,36.8,430600,KBS,2026-10-09T04:10:49Z
2023-08-11,GKM,36.8,37.0,36.1,36.2,92400,KBS,2026-10-09T04:10:49Z
2023-08-14,GKM,36.2,36.3,36.0,36.1,56900,KBS,2026-10-09T04:10:49Z
2023-08-15,GKM,36.1,36.2,36.0,36.1,136500,KBS,2026-10-09T04:10:49Z
2023-08-16,GKM,36.1,36.2,35.6,36.2,67202,KBS,2026-10-09T04:10:49Z
2023-08-17,GKM,36.2,36.5,36.1,36.2,156000,KBS,2026-10-09T04:10:49Z
2023-08-18,GKM,36.3,36.4,35.4,35.7,27800,KBS,2026-10-09T04:10:49Z
2023-08-21,GKM,35.7,35.9,35.0,35.5,25200,KBS,2026-10-09T04:10:49Z
2023-08-22,GKM,35.5,35.6,35.2,35.3,19008,KBS,2026-10-09T04:10:49Z
2023-08-23,GKM,35.3,36.1,35.0,36.1,270600,KBS,2026-10-09T04:10:49Z
2023-08-24,GKM,36.1,36.2,35.6,36.1,58010,KBS,2026-10-09T04:10:49Z
2023-08-25,GKM,36.0,36.1,35.7,36.1,181500,KBS,2026-10-09T04:10:49Z
2023-08-28,GKM,36.1,36.2,35.1,35.1,127829,KBS,2026-10-09T04:10:49Z
2023-08-29,GKM,35.1,37.0,35.0,37.0,542265,KBS,2026-10-09T04:10:49Z
2023-08-30,GKM,37.0,37.2,36.5,36.8,40200,KBS,2026-10-09T04:10:49Z
2023-08-31,GKM,36.8,37.0,36.2,36.8,11432,KBS,2026-10-09T04:10:49Z
2023-09-05,GKM,36.8,36.9,36.4,36.4,30826,KBS,2026-10-09T04:10:49Z
2023-09-06,GKM,36.4,36.4,36.0,36.4,81934,KBS,2026-10-09T04:10:49Z
2023-09-07,GKM,36.4,36.5,35.9,36.4,384623,KBS,2026-10-09T04:10:49Z
2023-09-08,GKM,36.3,36.6,36.2,36.3,749080,KBS,2026-10-09T04:10:49Z
2023-09-11,GKM,36.3,36.6,35.3,35.7,132592,KBS,2026-10-09T04:10:49Z
2023-09-12,GKM,35.7,35.9,35.5,35.6,160398,KBS,2026-10-09T04:10:49Z
2023-09-13,GKM,35.6,35.8,35.3,35.7,180507,KBS,2026-10-09T04:10:49Z
2023-09-14,GKM,35.7,35.9,35.3,35.9,75660,KBS,2026-10-09T04:10:49Z
2023-09-15,GKM,35.9,36.3,35.9,36.0,124555,KBS,2026-10-09T04:10:49Z
2023-09-18,GKM,36.0,36.3,35.5,35.6,92160,KBS,2026-10-09T04:10:49Z
2023-09-19,GKM,35.6,35.9,35.4,35.7,413200,KBS,2026-10-09T04:10:49Z
2023-09-20,GKM,35.7,35.8,35.7,35.7,150920,KBS,2026-10-09T04:10:49Z
2023-09-21,GKM,35.7,35.9,35.4,35.6,143300,KBS,2026-10-09T04:10:49Z
2023-09-22,GKM,35.7,35.7,35.0,35.2,186210,KBS,2026-10-09T04:10:49Z
2023-09-25,GKM,35.1,35.6,34.9,35.0,384704,KBS,2026-10-09T04:10:49Z
2023-09-26,GKM,35.1,35.1,34.8,34.8,515000,KBS,2026-10-09T04:10:49Z
2023-09-27,GKM,34.8,34.9,34.6,34.6,98700,KBS,2026-10-09T04:10:49Z
2023-09-28,GKM,34.5,34.7,32.8,34.6,289800,KBS,2026-10-09T04:10:49Z
2023-09-29,GKM,34.6,34.8,34.6,34.6,212600,KBS,2026-10-09T04:10:49Z
2023-10-02,GKM,34.5,34.5,31.9,34.0,8716,KBS,2026-10-09T04:10:49Z
2023-10-03,GKM,34.0,34.0,31.9,33.9,371456,KBS,2026-10-09T04:10:49Z
2023-10-04,GKM,33.8,33.8,32.0,32.6,237100,KBS,2026-10-09T04:10:49Z
2023-10-05,GKM,32.6,33.5,30.0,33.4,159200,KBS,2026-10-09T04:10:49Z
2023-10-06,GKM,33.4,33.4,31.5,33.2,376600,KBS,2026-10-09T04:10:49Z
2023-10-09,GKM,33.2,33.2,31.2,33.0,219400,KBS,2026-10-09T04:10:49Z
2023-10-10,GKM,33.0,33.1,32.9,33.1,178924,KBS,2026-10-09T04:10:49Z
2023-10-11,GKM,33.1,33.1,32.0,32.9,215215,KBS,2026-10-09T04:10:49Z
2023-10-12,GKM,32.9,32.9,32.8,32.8,188200,KBS,2026-10-09T04:10:49Z
2023-10-13,GKM,32.8,32.8,32.2,32.2,50400,KBS,2026-10-09T04:10:49Z
2023-10-16,GKM,32.2,32.9,32.2,32.8,586406,KBS,2026-10-09T04:10:49Z
2023-10-17,GKM,32.8,32.8,32.0,32.8,296300,KBS,2026-10-09T04:10:49Z
2023-10-18,GKM,32.8,32.9,32.7,32.9,561200,KBS,2026-10-09T04:10:49Z
2023-10-19,GKM,32.9,33.7,32.8,33.7,194500,KBS,2026-10-09T04:10:49Z
2023-10-20,GKM,33.7,33.8,33.6,33.8,48999,KBS,2026-10-09T04:10:49Z
2023-10-23,GKM,33.8,34.2,33.8,34.0,114606,KBS,2026-10-09T04:10:49Z
2023-10-24,GKM,34.0,34.4,33.3,34.4,166806,KBS,2026-10-09T04:10:49Z
2023-10-25,GKM,34.3,34.4,33.9,34.1,144100,KBS,2026-10-09T04:10:49Z
2023-10-26,GKM,34.1,34.1,32.5,34.1,77702,KBS,2026-10-09T04:10:49Z
2023-10-27,GKM,34.0,34.1,32.7,34.0,144500,KBS,2026-10-09T04:10:49Z
2023-10-30,GKM,34.0,34.1,33.9,34.1,442500,KBS,2026-10-09T04:10:49Z
2023-10-31,GKM,34.1,34.1,33.8,33.9,207600,KBS,2026-10-09T04:10:49Z
2023-11-01,GKM,33.9,33.9,33.8,33.9,63700,KBS,2026-10-09T04:10:49Z
2023-11-02,GKM,33.9,34.2,32.8,34.1,922335,KBS,2026-10-09T04:10:49Z
2023-11-03,GKM,34.1,34.5,34.0,34.5,391200,KBS,2026-10-09T04:10:49Z
2023-11-06,GKM,34.5,34.6,33.3,34.6,226634,KBS,2026-10-09T04:10:49Z
2023-11-07,GKM,34.6,34.6,33.1,34.6,419400,KBS,2026-10-09T04:10:49Z
2023-11-08,GKM,34.6,34.6,34.1,34.1,792300,KBS,2026-10-09T04:10:49Z
2023-11-09,GKM,34.1,34.5,34.0,34.5,1175008,KBS,2026-10-09T04:10:49Z
2023-11-10,GKM,34.5,34.6,33.9,34.6,263426,KBS,2026-10-09T04:10:49Z
2023-11-13,GKM,34.6,34.6,34.0,34.1,323100,KBS,2026-10-09T04:10:49Z
2023-11-14,GKM,34.1,34.1,33.2,34.1,229728,KBS,2026-10-09T04:10:49Z
2023-11-15,GKM,34.1,34.1,32.8,33.9,695800,KBS,2026-10-09T04:10:49Z
2023-11-16,GKM,33.9,33.9,32.7,33.7,124346,KBS,2026-10-09T04:10:49Z
2023-11-17,GKM,33.7,33.7,32.7,33.0,916200,KBS,2026-10-09T04:10:49Z
2023-11-20,GKM,33.0,33.2,32.1,32.7,179732,KBS,2026-10-09T04:10:49Z
2023-11-21,GKM,32.8,33.1,32.0,32.9,527715,KBS,2026-10-09T04:10:49Z
2023-11-22,GKM,32.9,33.3,32.4,33.3,458094,KBS,2026-10-09T04:10:49Z
2023-11-23,GKM,33.4,33.4,32.9,33.0,487900,KBS,2026-10-09T04:10:49Z
2023-11-24,GKM,33.0,33.2,31.0,32.7,635760,KBS,2026-10-09T04:10:49Z
2023-11-27,GKM,32.7,32.7,32.2,32.3,475600,KBS,2026-10-09T04:10:49Z
2023-11-28,GKM,32.3,32.3,31.9,32.0,788600,KBS,2026-10-09T04:10:49Z
2023-11-29,GKM,32.0,32.1,30.5,32.0,818100,KBS,2026-10-09T04:10:49Z
2023-11-30,GKM,31.9,32.0,31.0,32.0,823055,KBS,2026-10-09T04:10:49Z
2023-12-01,GKM,32.0,32.1,31.0,32.1,623900,KBS,2026-10-09T04:10:49Z
2023-12-04,GKM,32.2,32.2,31.5,32.1,423300,KBS,2026-10-09T04:10:49Z
2023-12-05,GKM,32.1,32.4,31.9,32.4,685600,KBS,2026-10-09T04:10:49Z
2023-12-06,GKM,32.4,32.5,31.9,32.5,884215,KBS,2026-10-09T04:10:49Z
2023-12-07,GKM,32.4,32.5,31.9,32.5,835916,KBS,2026-10-09T04:10:49Z
2023-12-08,GKM,32.5,32.6,31.8,32.6,603446,KBS,2026-10-09T04:10:49Z
2023-12-11,GKM,32.6,32.7,30.7,32.7,828500,KBS,2026-10-09T04:10:49Z
2023-12-12,GKM,32.6,32.7,30.8,32.3,623401,KBS,2026-10-09T04:10:49Z
2023-12-13,GKM,32.2,32.3,30.9,31.7,322100,KBS,2026-10-09T04:10:49Z
2023-12-14,GKM,31.6,32.2,29.9,32.2,760200,KBS,2026-10-09T04:10:49Z
2023-12-15,GKM,31.3,32.4,30.3,32.4,480800,KBS,2026-10-09T04:10:49Z
2023-12-18,GKM,32.4,32.4,31.0,32.2,329701,KBS,2026-10-09T04:10:49Z
2023-12-19,GKM,32.0,32.4,31.0,32.4,371300,KBS,2026-10-09T04:10:49Z
2023-12-20,GKM,32.4,32.4,31.3,32.1,610300,KBS,2026-10-09T04:10:49Z
2023-12-21,GKM,32.1,32.4,31.0,32.4,676800,KBS,2026-10-09T04:10:49Z
2023-12-22,GKM,32.7,33.1,31.0,33.1,1112485,KBS,2026-10-09T04:10:49Z
2023-12-25,GKM,33.2,34.1,33.1,34.1,493841,KBS,2026-10-09T04:10:49Z
2023-12-26,GKM,34.1,35.1,32.2,35.0,905875,KBS,2026-10-09T04:10:49Z
2023-12-27,GKM,35.0,35.6,33.8,35.6,352800,KBS,2026-10-09T04:10:49Z
2023-12-28,GKM,35.6,35.8,33.7,35.8,44000,KBS,2026-10-09T04:10:49Z
2023-12-29,GKM,35.8,36.0,32.6,36.0,189650,KBS,2026-10-09T04:10:49Z
2024-01-02,GKM,36.0,36.1,35.5,36.0,22753,KBS,2026-10-09T04:10:49Z
2024-01-03,GKM,35.2,36.0,33.5,35.0,412100,KBS,2026-10-09T04:10:49Z
2024-01-04,GKM,34.1,34.7,33.7,33.7,249301,KBS,2026-10-09T04:10:49Z
2024-01-05,GKM,33.7,33.9,32.3,33.9,232201,KBS,2026-10-09T04:10:49Z
2024-01-08,GKM,33.9,34.0,32.1,34.0,929200,KBS,2026-10-09T04:10:49Z
2024-01-09,GKM,34.0,34.1,32.2,34.1,913853,KBS,2026-10-09T04:10:49Z
2024-01-10,GKM,34.2,34.5,32.6,34.0,930031,KBS,2026-10-09T04:10:49Z
2024-01-11,GKM,33.8,34.0,32.2,33.8,1449500,KBS,2026-10-09T04:10:49Z
2024-01-12,GKM,33.8,34.0,32.3,33.9,379300,KBS,2026-10-09T04:10:49Z
2024-01-15,GKM,33.9,33.9,32.1,33.7,773200,KBS,2026-10-09T04:10:49Z
2024-01-16,GKM,33.7,33.8,32.3,33.5,802725,KBS,2026-10-09T04:10:49Z
2024-01-17,GKM,33.3,33.4,32.2,33.0,334606,KBS,2026-10-09T04:10:49Z
2024-01-18,GKM,33.0,33.0,32.2,32.2,537100,KBS,2026-10-09T04:10:49Z
2024-01-19,GKM,32.1,32.6,31.0,32.5,649900,KBS,2026-10-09T04:10:49Z
2024-01-22,GKM,32.5,32.7,31.5,32.6,188132,KBS,2026-10-09T04:10:49Z
2024-01-23,GKM,32.6,32.7,31.7,32.7,727300,KBS,2026-10-09T04:10:49Z
2024-01-24,GKM,32.7,32.8,31.7,32.8,415200,KBS,2026-10-09T04:10:49Z
2024-01-25,GKM,32.8,33.0,31.8,33.0,1153409,KBS,2026-10-09T04:10:49Z
2024-01-26,GKM,33.2,33.2,32.0,33.2,975909,KBS,2026-10-09T04:10:49Z
2024-01-29,GKM,33.1,33.3,32.2,33.3,609100,KBS,2026-10-09T04:10:49Z
2024-01-30,GKM,33.2,33.4,32.2,33.0,1303805,KBS,2026-10-09T04:10:49Z
2024-01-31,GKM,32.8,32.9,31.1,32.5,1062900,KBS,2026-10-09T04:10:49Z
2024-02-01,GKM,32.5,32.5,30.9,31.5,1302600,KBS,2026-10-09T04:10:49Z
2024-02-02,GKM,31.4,31.5,29.1,31.4,1207501,KBS,2026-10-09T04:10:49Z
2024-02-05,GKM,31.6,31.6,30.2,31.4,407740,KBS,2026-10-09T04:10:49Z
2024-02-06,GKM,31.1,31.7,28.3,31.4,577200,KBS,2026-10-09T04:10:49Z
2024-02-07,GKM,31.1,31.6,29.6,31.4,1218400,KBS,2026-10-09T04:10:49Z
2024-02-15,GKM,31.0,31.3,31.0,31.2,439600,KBS,2026-10-09T04:10:49Z
2024-02-16,GKM,31.2,31.2,30.9,31.1,368900,KBS,2026-10-09T04:10:49Z
2024-02-19,GKM,31.2,31.2,30.9,31.1,565032,KBS,2026-10-09T04:10:49Z
2024-02-20,GKM,31.5,31.5,30.9,31.0,420200,KBS,2026-10-09T04:10:49Z
2024-02-21,GKM,31.0,31.6,30.5,31.0,736237,KBS,2026-10-09T04:10:49Z
2024-02-22,GKM,31.0,31.5,29.7,31.4,546200,KBS,2026-10-09T04:10:49Z
2024-02-23,GKM,31.5,31.5,30.1,31.4,100968,KBS,2026-10-09T04:10:49Z
2024-02-26,GKM,31.6,31.6,30.0,30.6,954922,KBS,2026-10-09T04:10:49Z
2024-02-27,GKM,30.8,30.8,29.6,30.8,441915,KBS,2026-10-09T04:10:49Z
2024-02-28,GKM,30.5,31.0,29.6,31.0,593925,KBS,2026-10-09T04:10:49Z
2024-02-29,GKM,30.6,31.2,30.5,31.2,732528,KBS,2026-10-09T04:10:49Z
2024-03-01,GKM,30.6,31.5,30.0,31.5,868100,KBS,2026-10-09T04:10:49Z
2024-03-04,GKM,30.8,31.7,30.6,31.7,827925,KBS,2026-10-09T04:10:49Z
2024-03-05,GKM,31.5,33.1,30.5,33.1,719033,KBS,2026-10-09T04:10:49Z
2024-03-06,GKM,31.0,33.7,31.0,33.7,1061778,KBS,2026-10-09T04:10:49Z
2024-03-07,GKM,33.6,34.4,32.0,34.3,741090,KBS,2026-10-09T04:10:49Z
2024-03-08,GKM,34.1,34.4,33.2,34.4,435917,KBS,2026-10-09T04:10:49Z
2024-03-11,GKM,34.2,34.3,32.5,33.8,599500,KBS,2026-10-09T04:10:49Z
2024-03-12,GKM,33.3,33.8,31.5,33.8,410032,KBS,2026-10-09T04:10:49Z
2024-03-13,GKM,33.0,33.8,32.0,33.8,357837,KBS,2026-10-09T04:10:49Z
2024-03-14,GKM,33.3,33.3,32.1,33.2,625272,KBS,2026-10-09T04:10:49Z
2024-03-15,GKM,33.0,33.0,32.0,33.0,434200,KBS,2026-10-09T04:10:49Z
2024-03-18,GKM,32.9,33.0,31.1,32.9,949322,KBS,2026-10-09T04:10:49Z
2024-03-19,GKM,32.5,32.9,30.1,32.9,644500,KBS,2026-10-09T04:10:49Z
2024-03-20,GKM,32.5,32.5,31.3,31.3,344110,KBS,2026-10-09T04:10:49Z
2024-03-21,GKM,31.0,32.2,30.4,31.0,912800,KBS,2026-10-09T04:10:49Z
2024-03-22,GKM,31.0,31.0,29.7,31.0,667138,KBS,2026-10-09T04:10:49Z
2024-03-25,GKM,31.9,31.9,30.3,30.9,851942,KBS,2026-10-09T04:10:49Z
2024-03-26,GKM,30.3,31.6,30.3,31.6,646066,KBS,2026-10-09T04:10:49Z
2024-03-27,GKM,31.2,32.5,30.3,32.5,503100,KBS,2026-10-09T04:10:49Z
2024-03-28,GKM,31.0,32.5,30.8,31.0,673122,KBS,2026-10-09T04:10:49Z
2024-03-29,GKM,31.0,31.0,30.3,30.7,1025068,KBS,2026-10-09T04:10:49Z
2024-04-01,GKM,30.7,31.6,29.3,31.0,1684700,KBS,2026-10-09T04:10:49Z
2024-04-02,GKM,31.0,31.5,29.7,31.5,797707,KBS,2026-10-09T04:10:49Z
2024-04-03,GKM,31.5,31.5,30.1,31.5,1609065,KBS,2026-10-09T04:10:49Z
2024-04-04,GKM,31.0,31.6,28.4,31.4,1298717,KBS,2026-10-09T04:10:49Z
2024-04-05,GKM,31.4,31.4,30.1,31.3,1403980,KBS,2026-10-09T04:10:49Z
2024-04-08,GKM,30.9,30.9,29.6,30.5,1074700,KBS,2026-10-09T04:10:49Z
2024-04-09,GKM,30.3,30.4,29.4,30.0,671445,KBS,2026-10-09T04:10:49Z
2024-04-10,GKM,30.0,30.0,28.5,30.0,442500,KBS,2026-10-09T04:10:49Z
2024-04-11,GKM,28.7,29.5,28.6,29.3,1222112,KBS,2026-10-09T04:10:49Z
2024-04-12,GKM,29.3,29.7,28.0,29.4,662808,KBS,2026-10-09T04:10:49Z
2024-04-15,GKM,29.4,29.7,28.3,29.7,1739500,KBS,2026-10-09T04:10:49Z
2024-04-16,GKM,29.6,29.6,28.0,29.2,287407,KBS,2026-10-09T04:10:49Z
2024-04-17,GKM,28.5,31.0,28.0,29.0,447605,KBS,2026-10-09T04:10:49Z
2024-04-19,GKM,29.2,29.2,28.0,29.2,1100410,KBS,2026-10-09T04:10:49Z
2024-04-22,GKM,29.1,29.4,27.6,29.0,508900,KBS,2026-10-09T04:10:49Z
2024-04-23,GKM,29.0,29.0,27.7,28.4,739220,KBS,2026-10-09T04:10:49Z
2024-04-24,GKM,27.7,29.0,25.6,29.0,745200,KBS,2026-10-09T04:10:49Z
2024-04-25,GKM,29.3,29.4,28.0,29.4,612830,KBS,2026-10-09T04:10:49Z
2024-04-26,GKM,28.1,30.0,27.8,29.9,310200,KBS,2026-10-09T04:10:49Z
2024-05-02,GKM,29.9,31.0,29.0,30.0,63200,KBS,2026-10-09T04:10:49Z
2024-05-03,GKM,30.3,32.9,30.2,32.9,95112,KBS,2026-10-09T04:10:49Z
2024-05-06,GKM,31.7,34.0,31.7,34.0,98462,KBS,2026-10-09T04:10:49Z
2024-05-07,GKM,35.0,35.0,33.8,35.0,29795,KBS,2026-10-09T04:10:49Z
2024-05-08,GKM,34.9,36.9,34.7,35.2,315734,KBS,2026-10-09T04:10:49Z
2024-05-09,GKM,37.0,37.0,34.8,35.0,26541,KBS,2026-10-09T04:10:49Z
2024-05-10,GKM,35.0,35.3,34.8,34.8,20425,KBS,2026-10-09T04:10:49Z
2024-05-13,GKM,36.9,36.9,34.7,34.7,34716,KBS,2026-10-09T04:10:49Z
2024-05-14,GKM,35.5,36.8,35.0,35.0,292619,KBS,2026-10-09T04:10:49Z
2024-05-15,GKM,36.0,36.0,34.8,34.8,34212,KBS,2026-10-09T04:10:49Z
2024-05-16,GKM,36.0,36.0,34.8,34.8,121600,KBS,2026-10-09T04:10:49Z
2024-05-17,GKM,36.7,36.7,34.5,36.1,228400,KBS,2026-10-09T04:10:49Z
2024-05-20,GKM,36.1,36.1,35.0,35.5,16406,KBS,2026-10-09T04:10:49Z
2024-05-21,GKM,36.0,36.0,35.2,35.3,177803,KBS,2026-10-09T04:10:49Z
2024-05-22,GKM,36.7,36.7,35.2,35.6,104614,KBS,2026-10-09T04:10:49Z
2024-05-23,GKM,36.5,36.5,35.6,35.6,13400,KBS,2026-10-09T04:10:49Z
2024-05-24,GKM,36.4,36.4,35.4,35.4,133300,KBS,2026-10-09T04:10:49Z
2024-05-27,GKM,36.8,36.8,35.2,35.2,205724,KBS,2026-10-09T04:10:49Z
2024-05-28,GKM,35.3,35.5,34.7,35.4,279401,KBS,2026-10-09T04:10:49Z
2024-05-29,GKM,35.4,35.9,35.4,35.8,196304,KBS,2026-10-09T04:10:49Z
2024-05-30,GKM,36.2,36.9,36.2,36.9,233907,KBS,2026-10-09T04:10:49Z
2024-05-31,GKM,37.3,37.5,36.8,37.0,143663,KBS,2026-10-09T04:10:49Z
2024-06-03,GKM,37.0,37.1,36.3,36.7,362227,KBS,2026-10-09T04:10:49Z
2024-06-04,GKM,36.9,36.9,36.3,36.3,178208,KBS,2026-10-09T04:10:49Z
2024-06-05,GKM,36.5,36.5,35.9,35.9,158810,KBS,2026-10-09T04:10:49Z
2024-06-06,GKM,36.0,36.0,35.2,35.7,282007,KBS,2026-10-09T04:10:49Z
2024-06-07,GKM,35.6,35.7,35.0,35.6,159762,KBS,2026-10-09T04:10:49Z
2024-06-10,GKM,35.9,35.9,35.5,35.5,101046,KBS,2026-10-09T04:10:49Z
2024-06-11,GKM,35.8,35.8,35.3,35.7,83413,KBS,2026-10-09T04:10:49Z
2024-06-12,GKM,35.7,35.7,35.0,35.0,4800,KBS,2026-10-09T04:10:49Z
2024-06-13,GKM,35.3,35.3,34.6,35.3,12100,KBS,2026-10-09T04:10:49Z
2024-06-14,GKM,35.3,37.0,35.0,37.0,32200,KBS,2026-10-09T04:10:49Z
2024-06-17,GKM,36.5,37.3,34.1,37.3,260242,KBS,2026-10-09T04:10:49Z
2024-06-18,GKM,36.7,37.0,33.6,34.0,521504,KBS,2026-10-09T04:10:49Z
2024-06-19,GKM,36.0,36.0,33.0,34.9,362000,KBS,2026-10-09T04:10:49Z
2024-06-20,GKM,35.4,35.4,32.9,34.8,334600,KBS,2026-10-09T04:10:49Z
2024-06-21,GKM,34.5,36.0,33.5,36.0,46660,KBS,2026-10-09T04:10:49Z
2024-06-24,GKM,36.0,39.0,34.7,38.9,328697,KBS,2026-10-09T04:10:49Z
2024-06-25,GKM,38.9,39.0,36.2,39.0,33763,KBS,2026-10-09T04:10:49Z
2024-06-26,GKM,38.5,39.0,38.0,39.0,10300,KBS,2026-10-09T04:10:49Z
2024-06-27,GKM,39.3,39.3,38.0,39.0,16100,KBS,2026-10-09T04:10:49Z
2024-06-28,GKM,39.0,39.0,37.6,39.0,54527,KBS,2026-10-09T04:10:49Z
2024-07-01,GKM,38.5,38.8,38.0,38.8,12203,KBS,2026-10-09T04:10:49Z
2024-07-02,GKM,38.5,38.5,37.7,38.4,12700,KBS,2026-10-09T04:10:49Z
2024-07-03,GKM,38.4,38.4,37.8,37.8,4540,KBS,2026-10-09T04:10:49Z
2024-07-04,GKM,37.5,38.0,37.5,37.9,62205,KBS,2026-10-09T04:10:49Z
2024-07-05,GKM,37.8,37.8,37.0,37.5,80000,KBS,2026-10-09T04:10:49Z
2024-07-08,GKM,39.0,39.0,36.0,36.4,29810,KBS,2026-10-09T04:10:49Z
2024-07-09,GKM,36.4,37.8,35.0,36.5,66201,KBS,2026-10-09T04:10:49Z
2024-07-10,GKM,36.5,36.5,35.0,36.5,71500,KBS,2026-10-09T04:10:49Z
2024-07-11,GKM,36.5,36.5,35.0,36.3,19400,KBS,2026-10-09T04:10:49Z
2024-07-12,GKM,36.2,36.2,35.0,35.8,39300,KBS,2026-10-09T04:10:49Z
2024-07-15,GKM,34.9,36.3,34.1,36.3,8700,KBS,2026-10-09T04:10:49Z
2024-07-16,GKM,35.9,36.3,34.1,36.3,31000,KBS,2026-10-09T04:10:49Z
2024-07-17,GKM,36.2,36.2,36.2,36.2,6900,KBS,2026-10-09T04:10:49Z
2024-07-18,GKM,34.2,36.1,34.2,36.0,18400,KBS,2026-10-09T04:10:49Z
2024-07-19,GKM,35.0,35.9,34.1,35.9,32000,KBS,2026-10-09T04:10:49Z
2024-07-22,GKM,34.1,39.3,34.1,39.3,23500,KBS,2026-10-09T04:10:49Z
2024-07-23,GKM,37.3,37.3,35.7,36.9,5200,KBS,2026-10-09T04:10:49Z
2024-07-24,GKM,34.6,40.4,34.2,40.4,21800,KBS,2026-10-09T04:10:49Z
2024-07-25,GKM,36.6,40.0,36.5,40.0,81521,KBS,2026-10-09T04:10:49Z
2024-07-26,GKM,36.3,39.3,36.3,38.5,165610,KBS,2026-10-09T04:10:49Z
2024-07-29,GKM,36.0,36.0,34.7,34.7,16000,KBS,2026-10-09T04:10:49Z
2024-07-30,GKM,32.5,38.0,32.2,38.0,131500,KBS,2026-10-09T04:10:49Z
2024-07-31,GKM,34.7,37.5,34.4,37.5,12700,KBS,2026-10-09T04:10:49Z
2024-08-01,GKM,34.5,37.0,34.5,37.0,10937,KBS,2026-10-09T04:10:49Z
2024-08-02,GKM,33.7,40.6,33.7,40.6,54400,KBS,2026-10-09T04:10:49Z
2024-08-05,GKM,39.1,40.6,37.0,39.6,13017,KBS,2026-10-09T04:10:49Z
2024-08-06,GKM,36.5,42.0,36.5,42.0,89171,KBS,2026-10-09T04:10:49Z
2024-08-07,GKM,41.7,41.7,37.8,39.0,111617,KBS,2026-10-09T04:10:49Z
2024-08-08,GKM,36.4,39.0,35.1,36.0,118802,KBS,2026-10-09T04:10:49Z
2024-08-09,GKM,38.7,38.7,34.8,38.6,54313,KBS,2026-10-09T04:10:49Z
2024-08-12,GKM,36.3,39.9,35.0,38.2,80455,KBS,2026-10-09T04:10:49Z
2024-08-13,GKM,35.0,37.6,34.4,37.6,31809,KBS,2026-10-09T04:10:49Z
2024-08-14,GKM,36.8,36.8,33.9,36.7,153200,KBS,2026-10-09T04:10:49Z
2024-08-15,GKM,34.4,36.7,34.4,36.7,10205,KBS,2026-10-09T04:10:49Z
2024-08-16,GKM,36.7,36.7,33.1,33.1,18602,KBS,2026-10-09T04:10:49Z
2024-08-19,GKM,33.1,36.3,33.0,36.3,31808,KBS,2026-10-09T04:10:49Z
2024-08-20,GKM,34.7,36.3,34.6,36.0,8005,KBS,2026-10-09T04:10:49Z
2024-08-21,GKM,36.0,37.1,34.0,34.0,413700,KBS,2026-10-09T04:10:49Z
2024-08-22,GKM,34.1,35.7,34.0,35.7,8601,KBS,2026-10-09T04:10:49Z
2024-08-23,GKM,36.2,36.2,36.0,36.0,1218,KBS,2026-10-09T04:10:49Z
2024-08-26,GKM,34.3,36.0,34.0,36.0,30101,KBS,2026-10-09T04:10:49Z
2024-08-27,GKM,34.3,36.0,34.0,36.0,13725,KBS,2026-10-09T04:10:49Z
2024-08-28,GKM,34.3,36.0,34.0,36.0,22700,KBS,2026-10-09T04:10:49Z
2024-08-29,GKM,34.2,36.0,34.0,36.0,61900,KBS,2026-10-09T04:10:49Z
2024-08-30,GKM,35.8,37.0,34.0,35.9,181649,KBS,2026-10-09T04:10:49Z
2024-09-04,GKM,35.9,35.9,33.0,35.9,21600,KBS,2026-10-09T04:10:49Z
2024-09-05,GKM,34.7,35.9,34.0,35.9,22501,KBS,2026-10-09T04:10:49Z
2024-09-06,GKM,34.5,35.0,34.0,34.0,822601,KBS,2026-10-09T04:10:49Z
2024-09-09,GKM,34.0,35.0,33.0,35.0,32302,KBS,2026-10-09T04:10:49Z
2024-09-10,GKM,34.0,35.0,33.3,35.0,32000,KBS,2026-10-09T04:10:49Z
2024-09-11,GKM,34.0,34.8,33.8,34.8,7100,KBS,2026-10-09T04:10:49Z
2024-09-12,GKM,34.1,34.7,33.1,34.7,17107,KBS,2026-10-09T04:10:49Z
2024-09-13,GKM,33.7,34.7,33.3,34.7,27013,KBS,2026-10-09T04:10:49Z
2024-09-16,GKM,33.7,33.9,32.6,32.6,11655,KBS,2026-10-09T04:10:49Z
2024-09-17,GKM,32.6,33.1,32.0,33.0,16018,KBS,2026-10-09T04:10:49Z
2024-09-18,GKM,30.6,32.5,29.7,29.7,97912,KBS,2026-10-09T04:10:49Z
2024-09-19,GKM,30.0,30.3,27.2,27.2,354209,KBS,2026-10-09T04:10:49Z
2024-09-20,GKM,24.5,25.0,24.5,24.5,60977,KBS,2026-10-09T04:10:49Z
2024-09-23,GKM,22.1,22.1,22.1,22.1,5400,KBS,2026-10-09T04:10:49Z
2024-09-24,GKM,19.9,19.9,19.9,19.9,11445,KBS,2026-10-09T04:10:49Z
2024-09-25,GKM,18.0,18.0,18.0,18.0,15430,KBS,2026-10-09T04:10:49Z
2024-09-26,GKM,16.2,16.2,16.2,16.2,6674,KBS,2026-10-09T04:10:49Z
2024-09-27,GKM,14.6,14.6,14.6,14.6,7886,KBS,2026-10-09T04:10:49Z
2024-09-30,GKM,13.2,13.2,13.2,13.2,7881,KBS,2026-10-09T04:10:49Z
2024-10-01,GKM,11.9,11.9,11.9,11.9,17663,KBS,2026-10-09T04:10:49Z
2024-10-02,GKM,10.8,10.8,10.8,10.8,24602,KBS,2026-10-09T04:10:49Z
2024-10-03,GKM,9.8,10.8,9.8,9.8,2768874,KBS,2026-10-09T04:10:49Z
2024-10-04,GKM,9.8,10.7,8.9,10.4,901803,KBS,2026-10-09T04:10:49Z
2024-10-07,GKM,10.6,10.6,9.4,9.4,885706,KBS,2026-10-09T04:10:49Z
2024-10-08,GKM,9.4,9.4,8.5,8.5,716991,KBS,2026-10-09T04:10:49Z
2024-10-09,GKM,8.4,9.3,8.0,9.3,621174,KBS,2026-10-09T04:10:49Z
2024-10-10,GKM,9.5,10.1,9.0,9.2,600149,KBS,2026-10-09T04:10:49Z
2024-10-11,GKM,9.2,9.3,8.6,9.0,373878,KBS,2026-10-09T04:10:49Z
2024-10-14,GKM,9.0,9.3,8.8,8.9,230573,KBS,2026-10-09T04:10:49Z
2024-10-15,GKM,8.8,9.1,8.5,8.5,285465,KBS,2026-10-09T04:10:49Z
2024-10-16,GKM,8.6,8.8,8.1,8.3,614810,KBS,2026-10-09T04:10:49Z
2024-10-17,GKM,8.3,9.1,8.3,8.5,832028,KBS,2026-10-09T04:10:49Z
2024-10-18,GKM,8.5,8.7,8.2,8.4,387341,KBS,2026-10-09T04:10:49Z
2024-10-21,GKM,8.3,8.3,7.6,7.6,797557,KBS,2026-10-09T04:10:49Z
2024-10-22,GKM,7.7,7.7,6.9,6.9,726532,KBS,2026-10-09T04:10:49Z
2024-10-23,GKM,6.9,7.5,6.9,7.5,106012,KBS,2026-10-09T04:10:49Z
2024-10-24,GKM,8.1,8.2,7.6,7.7,900575,KBS,2026-10-09T04:10:49Z
2024-10-25,GKM,7.7,7.7,7.5,7.6,195536,KBS,2026-10-09T04:10:49Z
2024-10-28,GKM,7.6,7.6,7.1,7.1,201010,KBS,2026-10-09T04:10:49Z
2024-10-29,GKM,7.4,7.5,6.9,7.0,402625,KBS,2026-10-09T04:10:49Z
2024-10-30,GKM,7.2,7.2,6.9,6.9,235538,KBS,2026-10-09T04:10:49Z
2024-10-31,GKM,7.0,7.1,6.9,7.1,241228,KBS,2026-10-09T04:10:49Z
2024-11-01,GKM,7.1,7.1,6.4,6.5,442345,KBS,2026-10-09T04:10:49Z
2024-11-04,GKM,6.5,6.7,6.0,6.1,385144,KBS,2026-10-09T04:10:49Z
2024-11-05,GKM,6.2,6.5,6.1,6.3,181101,KBS,2026-10-09T04:10:49Z
2024-11-06,GKM,6.3,6.4,6.2,6.3,137211,KBS,2026-10-09T04:10:49Z
2024-11-07,GKM,6.4,6.6,5.7,5.8,962379,KBS,2026-10-09T04:10:49Z
2024-11-08,GKM,5.8,5.9,5.7,5.8,181043,KBS,2026-10-09T04:10:49Z
2024-11-11,GKM,5.8,6.2,5.8,5.8,419143,KBS,2026-10-09T04:10:49Z
2024-11-12,GKM,5.9,6.0,5.8,5.9,266443,KBS,2026-10-09T04:10:49Z
2024-11-13,GKM,6.0,6.0,5.6,5.8,581902,KBS,2026-10-09T04:10:49Z
2024-11-14,GKM,5.8,6.3,5.8,6.3,444148,KBS,2026-10-09T04:10:49Z
2024-11-15,GKM,6.3,6.9,6.3,6.9,1342393,KBS,2026-10-09T04:10:49Z
2024-11-18,GKM,7.2,7.2,6.3,6.3,845382,KBS,2026-10-09T04:10:49Z
2024-11-19,GKM,6.3,6.3,5.7,5.7,691966,KBS,2026-10-09T04:10:49Z
2024-11-20,GKM,5.9,5.9,5.3,5.7,353437,KBS,2026-10-09T04:10:49Z
2024-11-21,GKM,5.8,5.8,5.4,5.7,235577,KBS,2026-10-09T04:10:49Z
2024-11-22,GKM,5.7,6.0,5.5,5.9,410627,KBS,2026-10-09T04:10:49Z
2024-11-25,GKM,5.9,5.9,5.7,5.8,240840,KBS,2026-10-09T04:10:49Z
2024-11-26,GKM,5.7,5.7,5.6,5.6,157055,KBS,2026-10-09T04:10:49Z
2024-11-27,GKM,5.7,6.1,5.7,6.1,631051,KBS,2026-10-09T04:10:49Z
2024-11-28,GKM,6.5,6.5,5.8,6.0,308714,KBS,2026-10-09T04:10:49Z
2024-11-29,GKM,6.0,6.0,5.8,6.0,92044,KBS,2026-10-09T04:10:49Z
2024-12-02,GKM,6.0,6.1,5.8,5.8,122425,KBS,2026-10-09T04:10:49Z
2024-12-03,GKM,5.9,6.1,5.7,5.9,214718,KBS,2026-10-09T04:10:49Z
2024-12-04,GKM,5.9,6.0,5.8,5.9,107432,KBS,2026-10-09T04:10:49Z
2024-12-05,GKM,5.9,6.0,5.7,5.8,236408,KBS,2026-10-09T04:10:49Z
2024-12-06,GKM,5.9,6.0,5.7,5.8,225401,KBS,2026-10-09T04:10:49Z
2024-12-09,GKM,5.7,5.9,5.7,5.7,184739,KBS,2026-10-09T04:10:49Z
2024-12-10,GKM,5.8,5.9,5.7,5.9,202790,KBS,2026-10-09T04:10:49Z
2024-12-11,GKM,5.8,6.0,5.8,5.9,422400,KBS,2026-10-09T04:10:49Z
2024-12-12,GKM,5.8,6.0,5.8,5.9,183808,KBS,2026-10-09T04:10:49Z
2024-12-13,GKM,5.9,5.9,5.7,5.8,392429,KBS,2026-10-09T04:10:49Z
2024-12-16,GKM,5.8,5.9,5.7,5.8,80040,KBS,2026-10-09T04:10:49Z
2024-12-17,GKM,5.8,5.9,5.7,5.7,201800,KBS,2026-10-09T04:10:49Z
2024-12-18,GKM,5.8,5.8,5.6,5.8,120070,KBS,2026-10-09T04:10:49Z
2024-12-19,GKM,5.8,5.8,5.6,5.8,311515,KBS,2026-10-09T04:10:49Z
2024-12-20,GKM,5.8,5.8,5.6,5.6,385713,KBS,2026-10-09T04:10:49Z
2024-12-23,GKM,5.6,5.7,5.5,5.6,442317,KBS,2026-10-09T04:10:49Z
2024-12-24,GKM,5.7,5.7,5.3,5.4,391437,KBS,2026-10-09T04:10:49Z
2024-12-25,GKM,5.4,5.4,4.9,4.9,1190891,KBS,2026-10-09T04:10:49Z
2024-12-26,GKM,4.9,5.3,4.7,5.3,1280129,KBS,2026-10-09T04:10:49Z
2024-12-27,GKM,5.4,5.6,5.1,5.2,742759,KBS,2026-10-09T04:10:49Z
2024-12-30,GKM,5.3,5.3,4.8,4.9,700170,KBS,2026-10-09T04:10:49Z
2024-12-31,GKM,4.9,4.9,4.6,4.7,577612,KBS,2026-10-09T04:10:49Z
2025-01-02,GKM,4.7,4.8,4.4,4.5,523714,KBS,2026-10-09T04:10:49Z
2025-01-03,GKM,4.5,4.7,4.4,4.6,875218,KBS,2026-10-09T04:10:49Z
2025-01-06,GKM,4.6,4.8,4.5,4.5,257053,KBS,2026-10-09T04:10:49Z
2025-01-07,GKM,4.5,4.8,4.4,4.6,504739,KBS,2026-10-09T04:10:49Z
2025-01-08,GKM,4.6,4.6,4.4,4.6,240709,KBS,2026-10-09T04:10:49Z
2025-01-09,GKM,4.6,4.6,4.5,4.6,286361,KBS,2026-10-09T04:10:49Z
2025-01-10,GKM,4.6,4.6,4.3,4.4,471200,KBS,2026-10-09T04:10:49Z
2025-01-13,GKM,4.4,4.4,4.2,4.4,164806,KBS,2026-10-09T04:10:49Z
2025-01-14,GKM,4.3,4.4,4.2,4.3,197762,KBS,2026-10-09T04:10:49Z
2025-01-15,GKM,4.3,4.4,4.2,4.3,100518,KBS,2026-10-09T04:10:49Z
2025-01-16,GKM,4.3,4.4,4.2,4.2,207238,KBS,2026-10-09T04:10:49Z
2025-01-17,GKM,4.2,4.2,3.9,4.1,695781,KBS,2026-10-09T04:10:49Z
2025-01-20,GKM,4.1,4.2,3.9,4.0,188970,KBS,2026-10-09T04:10:49Z
2025-01-21,GKM,4.0,4.3,3.9,4.0,612000,KBS,2026-10-09T04:10:49Z
2025-01-22,GKM,4.1,4.1,3.9,4.0,249600,KBS,2026-10-09T04:10:49Z
2025-01-23,GKM,4.0,4.1,3.9,4.0,652022,KBS,2026-10-09T04:10:49Z
2025-01-24,GKM,4.0,4.4,3.9,4.3,1458281,KBS,2026-10-09T04:10:49Z
2025-02-03,GKM,4.4,4.4,4.1,4.2,304511,KBS,2026-10-09T04:10:49Z
2025-02-04,GKM,4.2,4.3,3.8,4.1,1089321,KBS,2026-10-09T04:10:49Z
2025-02-05,GKM,4.1,4.2,4.0,4.2,346268,KBS,2026-10-09T04:10:49Z
2025-02-06,GKM,4.1,4.2,4.0,4.2,701572,KBS,2026-10-09T04:10:49Z
2025-02-07,GKM,4.1,4.2,4.0,4.2,495925,KBS,2026-10-09T04:10:49Z
2025-02-10,GKM,4.2,4.6,4.1,4.6,1529128,KBS,2026-10-09T04:10:49Z
2025-02-11,GKM,5.0,5.0,4.9,5.0,3176046,KBS,2026-10-09T04:10:49Z
2025-02-12,GKM,5.1,5.5,4.6,4.7,1724080,KBS,2026-10-09T04:10:49Z
2025-02-13,GKM,4.7,5.1,4.7,5.1,810960,KBS,2026-10-09T04:10:49Z
2025-02-14,GKM,5.3,5.4,4.9,5.0,1024789,KBS,2026-10-09T04:10:49Z
2025-02-17,GKM,5.0,5.3,4.8,5.2,1316740,KBS,2026-10-09T04:10:49Z
2025-02-18,GKM,5.3,5.3,4.9,5.0,845568,KBS,2026-10-09T04:10:49Z
2025-02-19,GKM,5.0,5.0,4.8,5.0,780170,KBS,2026-10-09T04:10:49Z
2025-02-20,GKM,5.0,5.1,4.9,5.0,704834,KBS,2026-10-09T04:10:49Z
2025-02-21,GKM,5.0,5.0,4.8,4.9,715739,KBS,2026-10-09T04:10:49Z
2025-02-24,GKM,4.9,5.0,4.8,4.8,349240,KBS,2026-10-09T04:10:49Z
2025-02-25,GKM,4.8,4.9,4.6,4.6,889751,KBS,2026-10-09T04:10:49Z
2025-02-26,GKM,4.6,4.7,4.5,4.7,365086,KBS,2026-10-09T04:10:49Z
2025-02-27,GKM,4.9,4.9,4.6,4.6,342764,KBS,2026-10-09T04:10:49Z
2025-02-28,GKM,4.6,4.8,4.6,4.7,115212,KBS,2026-10-09T04:10:49Z
2025-03-03,GKM,4.7,4.7,4.6,4.6,339065,KBS,2026-10-09T04:10:49Z
2025-03-04,GKM,4.6,4.6,4.3,4.4,806247,KBS,2026-10-09T04:10:49Z
2025-03-05,GKM,4.5,4.5,4.3,4.5,413335,KBS,2026-10-09T04:10:49Z
2025-03-06,GKM,4.4,4.5,4.3,4.4,356000,KBS,2026-10-09T04:10:49Z
2025-03-07,GKM,4.4,4.8,4.4,4.7,904515,KBS,2026-10-09T04:10:49Z
2025-03-10,GKM,4.7,4.7,4.5,4.6,231501,KBS,2026-10-09T04:10:49Z
2025-03-11,GKM,4.6,4.6,4.4,4.6,240626,KBS,2026-10-09T04:10:49Z
2025-03-12,GKM,4.6,4.7,4.5,4.6,269765,KBS,2026-10-09T04:10:49Z
2025-03-13,GKM,4.7,4.8,4.6,4.7,600200,KBS,2026-10-09T04:10:49Z
2025-03-14,GKM,4.7,4.8,4.5,4.5,436916,KBS,2026-10-09T04:10:49Z
2025-03-17,GKM,4.5,4.7,4.5,4.6,218289,KBS,2026-10-09T04:10:49Z
2025-03-18,GKM,4.6,4.7,4.5,4.7,279671,KBS,2026-10-09T04:10:49Z
2025-03-19,GKM,4.7,4.8,4.6,4.7,773483,KBS,2026-10-09T04:10:49Z
2025-03-20,GKM,4.8,5.1,4.7,4.9,1542132,KBS,2026-10-09T04:10:49Z
2025-03-21,GKM,4.9,5.0,4.7,4.8,807063,KBS,2026-10-09T04:10:49Z
2025-03-24,GKM,4.8,4.8,4.5,4.7,291630,KBS,2026-10-09T04:10:49Z
2025-03-25,GKM,4.7,4.7,4.4,4.6,652501,KBS,2026-10-09T04:10:49Z
2025-03-26,GKM,4.5,4.6,4.4,4.5,335073,KBS,2026-10-09T04:10:49Z
2025-03-27,GKM,4.4,4.6,4.4,4.4,297697,KBS,2026-10-09T04:10:49Z
2025-03-28,GKM,4.4,4.6,4.4,4.6,176400,KBS,2026-10-09T04:10:49Z
2025-03-31,GKM,4.6,4.6,4.4,4.6,170105,KBS,2026-10-09T04:10:49Z
2025-04-01,GKM,4.6,4.6,4.3,4.5,612105,KBS,2026-10-09T04:10:49Z
2025-04-02,GKM,4.5,4.5,4.4,4.5,315102,KBS,2026-10-09T04:10:49Z
2025-04-03,GKM,4.4,4.4,4.1,4.1,844200,KBS,2026-10-09T04:10:49Z
2025-04-04,GKM,3.9,3.9,3.7,3.7,1078567,KBS,2026-10-09T04:10:49Z
2025-04-08,GKM,3.7,3.8,3.4,3.4,454800,KBS,2026-10-09T04:10:49Z
2025-04-09,GKM,3.1,3.3,3.1,3.1,681180,KBS,2026-10-09T04:10:49Z
2025-04-10,GKM,3.4,3.4,3.4,3.4,123401,KBS,2026-10-09T04:10:49Z
2025-04-11,GKM,3.7,3.7,3.4,3.6,372660,KBS,2026-10-09T04:10:49Z
2025-04-14,GKM,3.6,3.7,3.3,3.6,373427,KBS,2026-10-09T04:10:49Z
2025-04-15,GKM,3.5,3.6,3.3,3.3,408251,KBS,2026-10-09T04:10:49Z
2025-04-16,GKM,3.3,3.6,3.1,3.6,938547,KBS,2026-10-09T04:10:49Z
2025-04-17,GKM,3.5,3.6,3.4,3.6,137218,KBS,2026-10-09T04:10:49Z
2025-04-18,GKM,3.6,3.7,3.3,3.4,579874,KBS,2026-10-09T04:10:49Z
2025-04-21,GKM,3.4,3.5,3.3,3.4,128536,KBS,2026-10-09T04:10:49Z
2025-04-22,GKM,3.4,3.5,3.1,3.3,382689,KBS,2026-10-09T04:10:49Z
2025-04-23,GKM,3.3,3.5,3.2,3.4,417336,KBS,2026-10-09T04:10:49Z
2025-04-24,GKM,3.4,3.5,3.3,3.4,122037,KBS,2026-10-09T04:10:49Z
2025-04-25,GKM,3.4,3.4,3.2,3.3,239709,KBS,2026-10-09T04:10:49Z
2025-04-28,GKM,3.3,3.5,3.3,3.5,182605,KBS,2026-10-09T04:10:49Z
2025-04-29,GKM,3.5,3.5,3.3,3.3,154701,KBS,2026-10-09T04:10:49Z
2025-05-05,GKM,3.3,3.4,3.2,3.3,140600,KBS,2026-10-09T04:10:49Z
2025-05-06,GKM,3.3,3.5,3.3,3.4,149800,KBS,2026-10-09T04:10:49Z
2025-05-07,GKM,3.4,3.5,3.3,3.4,189100,KBS,2026-10-09T04:10:49Z
2025-05-08,GKM,3.4,3.5,3.3,3.3,284500,KBS,2026-10-09T04:10:49Z
2025-05-09,GKM,3.4,3.5,3.3,3.5,207600,KBS,2026-10-09T04:10:49Z
2025-05-12,GKM,3.4,3.5,3.3,3.4,154400,KBS,2026-10-09T04:10:49Z
2025-05-13,GKM,3.5,3.5,3.3,3.4,160000,KBS,2026-10-09T04:10:49Z
2025-05-14,GKM,3.5,3.5,3.4,3.4,147300,KBS,2026-10-09T04:10:49Z
2025-05-15,GKM,3.4,3.6,3.4,3.6,682300,KBS,2026-10-09T04:10:49Z
2025-05-16,GKM,3.6,3.9,3.6,3.9,856200,KBS,2026-10-09T04:10:49Z
2025-05-19,GKM,4.0,4.2,3.7,3.8,560500,KBS,2026-10-09T04:10:49Z
2025-05-20,GKM,3.8,3.9,3.5,3.7,390600,KBS,2026-10-09T04:10:49Z
2025-05-21,GKM,3.7,3.8,3.5,3.7,380900,KBS,2026-10-09T04:10:49Z
2025-05-22,GKM,3.7,3.8,3.6,3.8,281800,KBS,2026-10-09T04:10:49Z
2025-05-23,GKM,3.8,3.8,3.6,3.8,159700,KBS,2026-10-09T04:10:49Z
2025-05-26,GKM,3.8,3.8,3.6,3.6,79900,KBS,2026-10-09T04:10:49Z
2025-05-27,GKM,3.6,3.8,3.6,3.8,369300,KBS,2026-10-09T04:10:49Z
2025-05-28,GKM,3.8,3.9,3.6,3.7,201400,KBS,2026-10-09T04:10:49Z
2025-05-29,GKM,3.7,3.8,3.6,3.7,215800,KBS,2026-10-09T04:10:49Z
2025-05-30,GKM,3.8,3.9,3.7,3.8,276400,KBS,2026-10-09T04:10:49Z
2025-06-02,GKM,3.9,3.9,3.6,3.8,191100,KBS,2026-10-09T04:10:49Z
2025-06-03,GKM,3.8,3.8,3.6,3.8,237800,KBS,2026-10-09T04:10:49Z
2025-06-04,GKM,3.8,3.9,3.7,3.8,189300,KBS,2026-10-09T04:10:49Z
2025-06-05,GKM,3.8,3.9,3.7,3.8,111300,KBS,2026-10-09T04:10:49Z
2025-06-06,GKM,3.8,3.9,3.7,3.8,348700,KBS,2026-10-09T04:10:49Z
2025-06-09,GKM,3.8,4.1,3.8,4.1,1278700,KBS,2026-10-09T04:10:49Z
2025-06-10,GKM,4.2,4.4,4.1,4.3,992700,KBS,2026-10-09T04:10:49Z
2025-06-11,GKM,4.4,4.4,4.0,4.2,570100,KBS,2026-10-09T04:10:49Z
2025-06-12,GKM,4.2,4.3,4.0,4.1,271600,KBS,2026-10-09T04:10:49Z
2025-06-13,GKM,4.0,4.1,3.7,3.9,501600,KBS,2026-10-09T04:10:49Z
2025-06-16,GKM,3.9,4.0,3.7,3.8,256300,KBS,2026-10-09T04:10:49Z
2025-06-17,GKM,3.8,3.9,3.7,3.8,184300,KBS,2026-10-09T04:10:49Z
2025-06-18,GKM,3.8,3.9,3.7,3.9,142600,KBS,2026-10-09T04:10:49Z
2025-06-19,GKM,3.9,4.2,3.8,4.2,413700,KBS,2026-10-09T04:10:49Z
2025-06-20,GKM,4.2,4.2,4.0,4.0,201500,KBS,2026-10-09T04:10:49Z
2025-06-23,GKM,4.0,4.1,3.8,4.0,235100,KBS,2026-10-09T04:10:49Z
2025-06-24,GKM,4.0,4.0,3.9,3.9,102900,KBS,2026-10-09T04:10:49Z
2025-06-25,GKM,4.0,4.1,3.9,4.1,290700,KBS,2026-10-09T04:10:49Z
2025-06-26,GKM,4.1,4.1,3.9,3.9,125400,KBS,2026-10-09T04:10:49Z
2025-06-27,GKM,4.0,4.0,3.9,4.0,93300,KBS,2026-10-09T04:10:49Z
2025-06-30,GKM,4.0,4.0,3.9,3.9,160900,KBS,2026-10-09T04:10:49Z
2025-07-01,GKM,3.9,4.0,3.9,3.9,430200,KBS,2026-10-09T04:10:49Z
2025-07-02,GKM,4.0,4.2,3.9,4.2,1215400,KBS,2026-10-09T04:10:49Z
2025-07-03,GKM,4.2,4.2,4.1,4.1,695800,KBS,2026-10-09T04:10:49Z
2025-07-04,GKM,4.2,4.3,4.0,4.1,317800,KBS,2026-10-09T04:10:49Z
2025-07-07,GKM,4.2,4.5,4.2,4.5,778400,KBS,2026-10-09T04:10:49Z
2025-07-08,GKM,4.9,4.9,4.4,4.5,1952500,KBS,2026-10-09T04:10:49Z
2025-07-09,GKM,4.5,4.6,4.3,4.4,986400,KBS,2026-10-09T04:10:49Z
2025-07-10,GKM,4.5,4.5,4.1,4.4,827200,KBS,2026-10-09T04:10:49Z
2025-07-11,GKM,4.4,4.5,4.3,4.5,392600,KBS,2026-10-09T04:10:49Z
2025-07-14,GKM,4.5,4.6,4.2,4.3,770800,KBS,2026-10-09T04:10:49Z
2025-07-15,GKM,4.4,4.4,4.2,4.2,359700,KBS,2026-10-09T04:10:49Z
2025-07-16,GKM,4.3,4.4,4.2,4.4,349500,KBS,2026-10-09T04:10:49Z
2025-07-17,GKM,4.4,4.4,4.2,4.4,315500,KBS,2026-10-09T04:10:49Z
2025-07-18,GKM,4.4,4.4,4.3,4.3,253200,KBS,2026-10-09T04:10:49Z
2025-07-21,GKM,4.3,4.4,4.2,4.3,286000,KBS,2026-10-09T04:10:49Z
2025-07-22,GKM,4.3,4.4,4.2,4.3,354800,KBS,2026-10-09T04:10:49Z
2025-07-23,GKM,4.3,4.4,4.2,4.3,237100,KBS,2026-10-09T04:10:49Z
2025-07-24,GKM,4.4,4.4,4.2,4.2,352900,KBS,2026-10-09T04:10:49Z
2025-07-25,GKM,4.2,4.3,4.1,4.3,358000,KBS,2026-10-09T04:10:49Z
2025-07-28,GKM,4.3,4.3,4.1,4.3,626000,KBS,2026-10-09T04:10:49Z
2025-07-29,GKM,4.3,4.3,4.0,4.1,631100,KBS,2026-10-09T04:10:49Z
2025-07-30,GKM,4.1,4.2,4.0,4.1,220500,KBS,2026-10-09T04:10:49Z
2025-07-31,GKM,4.1,4.2,4.0,4.1,247100,KBS,2026-10-09T04:10:49Z
2025-08-01,GKM,4.2,4.2,4.1,4.2,185600,KBS,2026-10-09T04:10:49Z
2025-08-04,GKM,4.2,4.2,4.1,4.1,150100,KBS,2026-10-09T04:10:49Z
2025-08-05,GKM,4.1,4.4,4.0,4.3,908400,KBS,2026-10-09T04:10:49Z
2025-08-06,GKM,4.3,4.4,4.1,4.3,156000,KBS,2026-10-09T04:10:49Z
2025-08-07,GKM,4.3,4.5,4.2,4.5,855500,KBS,2026-10-09T04:10:49Z
2025-08-08,GKM,4.5,4.6,4.2,4.2,650600,KBS,2026-10-09T04:10:49Z
2025-08-11,GKM,4.3,4.4,4.2,4.2,174400,KBS,2026-10-09T04:10:49Z
2025-08-12,GKM,4.3,4.6,4.3,4.4,2009700,KBS,2026-10-09T04:10:49Z
2025-08-13,GKM,4.4,4.6,4.3,4.6,878700,KBS,2026-10-09T04:10:49Z
2025-08-14,GKM,4.6,5.0,4.6,5.0,2395700,KBS,2026-10-09T04:10:49Z
2025-08-15,GKM,5.5,5.5,5.1,5.5,3188800,KBS,2026-10-09T04:10:49Z
2025-08-18,GKM,5.8,6.0,5.6,6.0,2025400,KBS,2026-10-09T04:10:49Z
2025-08-19,GKM,6.3,6.6,6.3,6.6,1015100,KBS,2026-10-09T04:10:49Z
2025-08-20,GKM,7.1,7.2,6.0,6.6,3033200,KBS,2026-10-09T04:10:49Z
2025-08-21,GKM,6.7,7.2,6.0,6.0,2042100,KBS,2026-10-09T04:10:49Z
2025-08-22,GKM,6.0,6.1,5.4,5.4,1788400,KBS,2026-10-09T04:10:49Z
2025-08-25,GKM,5.4,5.4,4.9,4.9,2131800,KBS,2026-10-09T04:10:49Z
2025-08-26,GKM,4.9,5.1,4.5,5.0,1136600,KBS,2026-10-09T04:10:49Z
2025-08-27,GKM,5.0,5.4,5.0,5.0,766000,KBS,2026-10-09T04:10:49Z
2025-08-28,GKM,5.0,5.1,4.7,4.9,573500,KBS,2026-10-09T04:10:49Z
2025-08-29,GKM,5.0,5.0,4.7,4.9,515500,KBS,2026-10-09T04:10:49Z
2025-09-03,GKM,4.9,5.0,4.8,4.9,284900,KBS,2026-10-09T04:10:49Z
2025-09-04,GKM,4.9,4.9,4.7,4.8,408400,KBS,2026-10-09T04:10:49Z
2025-09-05,GKM,4.8,5.2,4.7,5.2,1435300,KBS,2026-10-09T04:10:49Z
2025-09-08,GKM,5.2,5.4,4.9,5.0,479200,KBS,2026-10-09T04:10:49Z
2025-09-09,GKM,5.0,5.1,4.7,5.0,530900,KBS,2026-10-09T04:10:49Z
2025-09-10,GKM,4.9,5.2,4.7,5.0,368600,KBS,2026-10-09T04:10:49Z
2025-09-11,GKM,5.0,5.0,4.7,5.0,357700,KBS,2026-10-09T04:10:49Z
2025-09-12,GKM,5.0,5.0,4.7,5.0,305000,KBS,2026-10-09T04:10:49Z
2025-09-15,GKM,5.0,5.1,4.8,4.9,383500,KBS,2026-10-09T04:10:49Z
2025-09-16,GKM,5.0,5.0,4.8,4.9,267500,KBS,2026-10-09T04:10:49Z
2025-09-17,GKM,4.9,5.0,4.8,4.8,543200,KBS,2026-10-09T04:10:49Z
2025-09-18,GKM,4.9,4.9,4.7,4.9,198600,KBS,2026-10-09T04:10:49Z
2025-09-19,GKM,4.9,4.9,4.7,4.8,217400,KBS,2026-10-09T04:10:49Z
2025-09-22,GKM,4.8,4.8,4.5,4.7,499000,KBS,2026-10-09T04:10:49Z
2025-09-23,GKM,4.5,4.6,4.4,4.6,413100,KBS,2026-10-09T04:10:49Z
2025-09-24,GKM,4.5,4.6,4.3,4.5,408500,KBS,2026-10-09T04:10:49Z
2025-09-25,GKM,4.5,4.5,4.4,4.4,190600,KBS,2026-10-09T04:10:49Z
2025-09-26,GKM,4.5,4.5,4.3,4.3,225500,KBS,2026-10-09T04:10:49Z
2025-09-29,GKM,4.4,4.4,4.2,4.3,421200,KBS,2026-10-09T04:10:49Z
2025-09-30,GKM,4.3,4.4,4.0,4.2,377100,KBS,2026-10-09T04:10:49Z
2025-10-01,GKM,4.2,4.3,4.1,4.3,210900,KBS,2026-10-09T04:10:49Z
2025-10-02,GKM,4.3,4.3,4.0,4.1,349200,KBS,2026-10-09T04:10:49Z
2025-10-03,GKM,4.0,4.2,3.8,4.0,411600,KBS,2026-10-09T04:10:49Z
2025-10-06,GKM,4.0,4.3,3.9,4.2,499200,KBS,2026-10-09T04:10:49Z
2025-10-07,GKM,4.1,4.1,3.8,3.8,333000,KBS,2026-10-09T04:10:49Z
2025-10-10,GKM,3.5,3.5,3.5,3.5,75100,KBS,2026-10-09T04:10:49Z
2025-10-17,GKM,3.2,3.2,3.2,3.2,96400,KBS,2026-10-09T04:10:49Z
2025-10-24,GKM,2.9,2.9,2.9,2.9,226500,KBS,2026-10-09T04:10:49Z
2025-10-31,GKM,2.7,2.7,2.7,2.7,399400,KBS,2026-10-09T04:10:49Z
2025-11-07,GKM,2.7,2.9,2.5,2.8,1323300,KBS,2026-10-09T04:10:49Z
2025-11-14,GKM,2.8,2.9,2.6,2.6,1134600,KBS,2026-10-09T04:10:49Z
2025-11-21,GKM,2.5,2.6,2.4,2.4,892700,KBS,2026-10-09T04:10:49Z
2025-11-28,GKM,2.2,2.5,2.2,2.3,1369500,KBS,2026-10-09T04:10:49Z
2025-12-05,GKM,2.2,2.4,2.1,2.2,1168300,KBS,2026-10-09T04:10:49Z
2025-12-12,GKM,2.2,2.3,2.0,2.0,429300,KBS,2026-10-09T04:10:49Z
2025-12-19,GKM,1.9,2.1,1.8,1.8,1133100,KBS,2026-10-09T04:10:49Z
2025-12-26,GKM,1.7,1.8,1.7,1.7,274200,KBS,2026-10-09T04:10:49Z
2026-01-09,GKM,1.6,1.7,1.6,1.6,984400,KBS,2026-10-09T04:10:49Z
2026-01-16,GKM,1.6,1.7,1.5,1.5,886800,KBS,2026-10-09T04:10:49Z
2026-01-23,GKM,1.4,1.5,1.4,1.5,472100,KBS,2026-10-09T04:10:49Z
2026-01-30,GKM,1.5,1.6,1.4,1.6,599500,KBS,2026-10-09T04:10:49Z
2026-02-06,GKM,1.6,1.7,1.5,1.5,737100,KBS,2026-10-09T04:10:49Z
2026-02-13,GKM,1.4,1.6,1.4,1.6,625600,KBS,2026-10-09T04:10:49Z
2026-02-27,GKM,1.7,1.7,1.6,1.7,600500,KBS,2026-10-09T04:10:49Z
2026-03-06,GKM,1.8,1.8,1.6,1.8,1094700,KBS,2026-10-09T04:10:49Z
2026-03-13,GKM,1.9,1.9,1.7,1.7,685900,KBS,2026-10-09T04:10:49Z
2026-03-20,GKM,1.7,1.7,1.6,1.6,724900,KBS,2026-10-09T04:10:49Z
2026-03-27,GKM,1.6,1.7,1.5,1.6,199400,KBS,2026-10-09T04:10:49Z
2026-04-03,GKM,1.5,1.6,1.5,1.5,196600,KBS,2026-10-09T04:10:49Z
2026-04-10,GKM,1.5,1.6,1.4,1.5,216100,KBS,2026-10-09T04:10:49Z
2026-04-17,GKM,1.6,1.6,1.4,1.6,355800,KBS,2026-10-09T04:10:49Z
2026-04-24,GKM,1.6,1.7,1.5,1.6,217700,KBS,2026-10-09T04:10:49Z
2026-05-08,GKM,1.5,1.6,1.5,1.6,641600,KBS,2026-10-09T04:10:49Z
2026-05-15,GKM,1.5,1.6,1.5,1.5,487600,KBS,2026-10-09T04:10:49Z
2026-05-22,GKM,1.6,1.6,1.4,1.4,60300,KBS,2026-10-09T04:10:49Z
2026-05-29,GKM,1.4,1.4,1.3,1.3,440600,KBS,2026-10-09T04:10:49Z
2026-06-05,GKM,1.4,1.4,1.2,1.3,221400,KBS,2026-10-09T04:10:49Z
2026-06-12,GKM,1.3,1.4,1.2,1.4,245700,KBS,2026-10-09T04:10:49Z
2026-06-19,GKM,1.4,1.5,1.3,1.4,126400,KBS,2026-10-09T04:10:49Z
2026-06-26,GKM,1.5,1.5,1.3,1.3,120100,KBS,2026-10-09T04:10:49Z
2026-07-03,GKM,1.4,1.4,1.2,1.4,356800,KBS,2026-10-09T04:10:49Z
2026-07-10,GKM,1.4,1.5,1.3,1.4,97400,KBS,2026-10-09T04:10:49Z
2026-07-17,GKM,1.5,1.5,1.3,1.4,58400,KBS,2026-10-09T04:10:49Z
2026-07-24,GKM,1.4,1.4,1.3,1.3,211400,KBS,2026-10-09T04:10:49Z
2026-07-31,GKM,1.3,1.3,1.2,1.3,211200,KBS,2026-10-09T04:10:49Z
2026-08-07,GKM,1.3,1.3,1.2,1.2,223200,KBS,2026-10-09T04:10:49Z
2026-08-14,GKM,1.3,1.3,1.1,1.2,622700,KBS,2026-10-09T04:10:49Z
2026-08-21,GKM,1.2,1.2,1.1,1.2,315100,KBS,2026-10-09T04:10:49Z
2026-08-28,GKM,1.1,1.2,1.1,1.1,283100,KBS,2026-10-09T04:10:49Z
