date,symbol,open,high,low,close,volume,source,fetched_at
2018-10-11,HBC,18.52,18.84,18.24,18.24,4910090,KBS,2026-10-09T05:09:17Z
2018-10-12,HBC,17.72,18.96,17.72,18.96,2919660,KBS,2026-10-09T05:09:17Z
2018-10-15,HBC,18.84,19.01,18.48,18.68,2603620,KBS,2026-10-09T05:09:17Z
2018-10-16,HBC,18.84,19.25,18.68,19.25,2729530,KBS,2026-10-09T05:09:17Z
2018-10-17,HBC,19.61,20.29,19.41,20.05,4798950,KBS,2026-10-09T05:09:17Z
2018-10-18,HBC,19.77,20.49,19.77,19.85,5414300,KBS,2026-10-09T05:09:17Z
2018-10-19,HBC,19.53,19.93,19.37,19.61,1981440,KBS,2026-10-09T05:09:17Z
2018-10-22,HBC,19.73,20.17,19.41,19.41,2990150,KBS,2026-10-09T05:09:17Z
2018-10-23,HBC,19.41,19.41,18.28,18.52,4136180,KBS,2026-10-09T05:09:17Z
2018-10-24,HBC,18.52,18.84,17.72,17.8,2155290,KBS,2026-10-09T05:09:17Z
2018-10-25,HBC,16.75,17.72,16.75,17.52,2240290,KBS,2026-10-09T05:09:17Z
2018-10-26,HBC,17.84,18.0,17.39,17.39,1616540,KBS,2026-10-09T05:09:17Z
2018-10-29,HBC,17.35,17.52,16.83,16.91,1962320,KBS,2026-10-09T05:09:17Z
2018-10-30,HBC,16.43,16.91,16.43,16.43,2665610,KBS,2026-10-09T05:09:17Z
2018-10-31,HBC,16.87,17.11,16.67,17.11,1388480,KBS,2026-10-09T05:09:17Z
2018-11-01,HBC,17.07,17.11,16.59,16.91,1162890,KBS,2026-10-09T05:09:17Z
2018-11-02,HBC,16.91,16.99,16.51,16.95,2930730,KBS,2026-10-09T05:09:17Z
2018-11-05,HBC,16.83,16.95,16.67,16.67,1254570,KBS,2026-10-09T05:09:17Z
2018-11-06,HBC,16.99,16.99,16.59,16.59,1588500,KBS,2026-10-09T05:09:17Z
2018-11-07,HBC,16.59,16.63,16.11,16.35,2137620,KBS,2026-10-09T05:09:17Z
2018-11-08,HBC,16.59,16.67,16.31,16.31,1347640,KBS,2026-10-09T05:09:17Z
2018-11-09,HBC,16.23,16.35,15.34,15.34,3120470,KBS,2026-10-09T05:09:17Z
2018-11-12,HBC,15.14,15.22,14.74,14.98,2318410,KBS,2026-10-09T05:09:17Z
2018-11-13,HBC,14.58,15.54,14.5,15.3,1922350,KBS,2026-10-09T05:09:17Z
2018-11-14,HBC,15.3,15.66,14.9,14.98,1042060,KBS,2026-10-09T05:09:17Z
2018-11-15,HBC,14.98,15.02,14.5,14.58,1187300,KBS,2026-10-09T05:09:17Z
2018-11-16,HBC,14.66,15.02,14.66,14.78,1014310,KBS,2026-10-09T05:09:17Z
2018-11-19,HBC,15.02,15.14,14.86,15.14,853770,KBS,2026-10-09T05:09:17Z
2018-11-20,HBC,14.98,15.14,14.82,15.14,818380,KBS,2026-10-09T05:09:17Z
2018-11-21,HBC,14.82,15.22,14.74,15.22,633940,KBS,2026-10-09T05:09:17Z
2018-11-22,HBC,15.46,15.62,15.26,15.34,1212070,KBS,2026-10-09T05:09:17Z
2018-11-23,HBC,15.3,15.38,15.06,15.14,627500,KBS,2026-10-09T05:09:17Z
2018-11-26,HBC,14.98,15.14,14.9,15.06,611160,KBS,2026-10-09T05:09:17Z
2018-11-27,HBC,15.06,15.14,14.66,14.86,971780,KBS,2026-10-09T05:09:17Z
2018-11-28,HBC,14.86,14.86,14.7,14.82,501650,KBS,2026-10-09T05:09:17Z
2018-11-29,HBC,14.9,15.02,14.66,14.66,752780,KBS,2026-10-09T05:09:17Z
2018-11-30,HBC,14.66,14.82,14.62,14.74,606010,KBS,2026-10-09T05:09:17Z
2018-12-03,HBC,14.98,15.34,14.98,15.34,1030500,KBS,2026-10-09T05:09:17Z
2018-12-04,HBC,15.38,15.5,15.18,15.3,884660,KBS,2026-10-09T05:09:17Z
2018-12-05,HBC,15.1,15.18,14.94,15.1,883840,KBS,2026-10-09T05:09:17Z
2018-12-06,HBC,15.02,16.03,15.02,16.03,3172830,KBS,2026-10-09T05:09:17Z
2018-12-07,HBC,16.03,16.47,16.03,16.23,2311660,KBS,2026-10-09T05:09:17Z
2018-12-10,HBC,16.03,16.15,15.82,15.86,1138160,KBS,2026-10-09T05:09:17Z
2018-12-11,HBC,15.86,16.07,15.7,16.07,1212220,KBS,2026-10-09T05:09:17Z
2018-12-12,HBC,16.03,16.59,15.99,16.55,2003300,KBS,2026-10-09T05:09:17Z
2018-12-13,HBC,16.67,16.75,16.19,16.19,1584210,KBS,2026-10-09T05:09:17Z
2018-12-14,HBC,16.35,16.39,16.07,16.07,1671210,KBS,2026-10-09T05:09:17Z
2018-12-17,HBC,15.94,16.07,15.54,15.54,1624090,KBS,2026-10-09T05:09:17Z
2018-12-18,HBC,15.14,15.5,15.06,15.22,1565740,KBS,2026-10-09T05:09:17Z
2018-12-19,HBC,15.42,15.42,14.78,14.9,1390470,KBS,2026-10-09T05:09:17Z
2018-12-20,HBC,14.78,15.14,14.78,14.9,970880,KBS,2026-10-09T05:09:17Z
2018-12-21,HBC,14.9,15.18,14.7,15.1,2098060,KBS,2026-10-09T05:09:17Z
2018-12-24,HBC,15.22,15.46,14.74,14.74,1351300,KBS,2026-10-09T05:09:17Z
2018-12-25,HBC,14.46,14.46,13.93,14.09,2216390,KBS,2026-10-09T05:09:17Z
2018-12-26,HBC,14.09,14.33,13.69,13.85,1021710,KBS,2026-10-09T05:09:17Z
2018-12-27,HBC,14.33,14.33,14.01,14.01,968360,KBS,2026-10-09T05:09:17Z
2018-12-28,HBC,14.21,14.21,13.97,13.97,843250,KBS,2026-10-09T05:09:17Z
2019-01-02,HBC,14.01,14.21,13.53,13.53,1036600,KBS,2026-10-09T05:09:17Z
2019-01-03,HBC,13.53,13.65,12.6,12.6,2457820,KBS,2026-10-09T05:09:17Z
2019-01-04,HBC,12.48,12.6,12.08,12.48,1435440,KBS,2026-10-09T05:09:17Z
2019-01-07,HBC,12.8,12.88,12.52,12.56,760670,KBS,2026-10-09T05:09:17Z
2019-01-08,HBC,12.6,12.6,12.24,12.36,920030,KBS,2026-10-09T05:09:17Z
2019-01-09,HBC,12.36,12.88,12.36,12.88,1247980,KBS,2026-10-09T05:09:17Z
2019-01-10,HBC,12.97,13.49,12.93,13.17,1591230,KBS,2026-10-09T05:09:17Z
2019-01-11,HBC,13.25,13.85,13.25,13.53,2193200,KBS,2026-10-09T05:09:17Z
2019-01-14,HBC,13.53,13.57,13.29,13.29,864420,KBS,2026-10-09T05:09:17Z
2019-01-15,HBC,13.33,13.57,13.33,13.53,551410,KBS,2026-10-09T05:09:17Z
2019-01-16,HBC,13.61,13.81,13.45,13.49,1487350,KBS,2026-10-09T05:09:17Z
2019-01-17,HBC,13.49,13.61,13.25,13.29,828760,KBS,2026-10-09T05:09:17Z
2019-01-18,HBC,13.29,13.37,13.01,13.01,911010,KBS,2026-10-09T05:09:17Z
2019-01-21,HBC,13.05,13.37,13.01,13.29,412550,KBS,2026-10-09T05:09:17Z
2019-01-22,HBC,13.25,13.53,13.09,13.09,710570,KBS,2026-10-09T05:09:17Z
2019-01-23,HBC,13.17,13.17,13.05,13.13,537530,KBS,2026-10-09T05:09:17Z
2019-01-24,HBC,13.21,13.33,13.17,13.17,479960,KBS,2026-10-09T05:09:17Z
2019-01-25,HBC,13.29,13.29,13.05,13.05,740740,KBS,2026-10-09T05:09:17Z
2019-01-28,HBC,13.13,13.17,13.01,13.01,581330,KBS,2026-10-09T05:09:17Z
2019-01-29,HBC,13.01,13.05,12.84,12.93,505490,KBS,2026-10-09T05:09:17Z
2019-01-30,HBC,13.01,13.13,12.88,12.88,488820,KBS,2026-10-09T05:09:17Z
2019-01-31,HBC,12.88,13.01,12.64,12.88,1332580,KBS,2026-10-09T05:09:17Z
2019-02-01,HBC,12.88,12.97,12.72,12.97,705220,KBS,2026-10-09T05:09:17Z
2019-02-11,HBC,13.13,13.85,13.05,13.85,2464290,KBS,2026-10-09T05:09:17Z
2019-02-12,HBC,14.5,14.82,14.33,14.5,4499750,KBS,2026-10-09T05:09:17Z
2019-02-13,HBC,14.5,14.66,14.46,14.46,2176590,KBS,2026-10-09T05:09:17Z
2019-02-14,HBC,14.33,15.3,14.29,15.06,3824850,KBS,2026-10-09T05:09:17Z
2019-02-15,HBC,15.06,15.18,14.82,14.98,1872340,KBS,2026-10-09T05:09:17Z
2019-02-18,HBC,14.98,15.18,14.82,15.18,2636140,KBS,2026-10-09T05:09:17Z
2019-02-19,HBC,15.18,15.22,14.41,14.41,3515750,KBS,2026-10-09T05:09:17Z
2019-02-20,HBC,14.66,14.7,14.41,14.54,2074740,KBS,2026-10-09T05:09:17Z
2019-02-21,HBC,14.46,14.78,14.46,14.62,1311760,KBS,2026-10-09T05:09:17Z
2019-02-22,HBC,14.58,14.78,14.46,14.58,1849020,KBS,2026-10-09T05:09:17Z
2019-02-25,HBC,14.74,15.18,14.74,15.1,4310240,KBS,2026-10-09T05:09:17Z
2019-02-26,HBC,15.1,15.58,15.02,15.34,4189230,KBS,2026-10-09T05:09:17Z
2019-02-27,HBC,15.46,16.07,15.3,15.9,4489010,KBS,2026-10-09T05:09:17Z
2019-02-28,HBC,16.03,16.43,15.74,15.74,6148110,KBS,2026-10-09T05:09:17Z
2019-03-01,HBC,15.86,16.31,15.86,16.31,2636840,KBS,2026-10-09T05:09:17Z
2019-03-04,HBC,16.47,16.79,16.35,16.43,3765970,KBS,2026-10-09T05:09:17Z
2019-03-05,HBC,16.31,16.75,16.19,16.75,5010220,KBS,2026-10-09T05:09:17Z
2019-03-06,HBC,16.83,17.23,16.83,16.99,5581260,KBS,2026-10-09T05:09:17Z
2019-03-07,HBC,16.99,17.23,16.79,16.87,3490000,KBS,2026-10-09T05:09:17Z
2019-03-08,HBC,16.71,16.71,16.23,16.43,6514810,KBS,2026-10-09T05:09:17Z
2019-03-11,HBC,16.43,16.51,16.07,16.39,4643330,KBS,2026-10-09T05:09:17Z
2019-03-12,HBC,16.67,16.67,16.27,16.35,2630360,KBS,2026-10-09T05:09:17Z
2019-03-13,HBC,16.43,16.63,16.39,16.47,4694290,KBS,2026-10-09T05:09:17Z
2019-03-14,HBC,16.51,16.63,16.31,16.31,3121640,KBS,2026-10-09T05:09:17Z
2019-03-15,HBC,16.35,16.83,16.19,16.75,3396670,KBS,2026-10-09T05:09:17Z
2019-03-18,HBC,16.95,17.07,16.51,16.67,2619510,KBS,2026-10-09T05:09:17Z
2019-03-19,HBC,16.59,16.75,16.07,16.07,6041800,KBS,2026-10-09T05:09:17Z
2019-03-20,HBC,16.11,16.11,15.26,15.86,4328390,KBS,2026-10-09T05:09:17Z
2019-03-21,HBC,15.86,15.94,15.06,15.06,2520450,KBS,2026-10-09T05:09:17Z
2019-03-22,HBC,15.22,15.3,14.86,15.26,2328650,KBS,2026-10-09T05:09:17Z
2019-03-25,HBC,14.66,14.9,14.5,14.9,2794500,KBS,2026-10-09T05:09:17Z
2019-03-26,HBC,15.06,15.06,14.62,14.74,1627130,KBS,2026-10-09T05:09:17Z
2019-03-27,HBC,14.9,15.02,14.74,14.86,821620,KBS,2026-10-09T05:09:17Z
2019-03-28,HBC,14.82,15.14,14.74,15.02,1304930,KBS,2026-10-09T05:09:17Z
2019-03-29,HBC,15.1,15.14,14.94,15.1,962060,KBS,2026-10-09T05:09:17Z
2019-04-01,HBC,15.22,15.66,15.18,15.62,2618910,KBS,2026-10-09T05:09:17Z
2019-04-02,HBC,15.86,15.94,15.66,15.74,2565250,KBS,2026-10-09T05:09:17Z
2019-04-03,HBC,15.62,15.99,15.54,15.94,1882240,KBS,2026-10-09T05:09:17Z
2019-04-04,HBC,15.99,15.99,15.62,15.62,1241610,KBS,2026-10-09T05:09:17Z
2019-04-05,HBC,15.62,15.82,15.62,15.62,1687380,KBS,2026-10-09T05:09:17Z
2019-04-08,HBC,15.94,16.07,15.62,15.7,2132660,KBS,2026-10-09T05:09:17Z
2019-04-09,HBC,15.82,15.82,15.3,15.3,1940270,KBS,2026-10-09T05:09:17Z
2019-04-10,HBC,15.22,15.38,15.06,15.22,1497810,KBS,2026-10-09T05:09:17Z
2019-04-11,HBC,15.14,15.3,15.06,15.06,988750,KBS,2026-10-09T05:09:17Z
2019-04-12,HBC,15.02,15.26,14.94,15.26,1201400,KBS,2026-10-09T05:09:17Z
2019-04-16,HBC,14.98,15.22,14.9,15.1,1443890,KBS,2026-10-09T05:09:17Z
2019-04-17,HBC,15.18,15.26,14.66,14.66,1476030,KBS,2026-10-09T05:09:17Z
2019-04-18,HBC,14.66,14.74,14.29,14.41,1668840,KBS,2026-10-09T05:09:17Z
2019-04-19,HBC,14.5,14.54,14.33,14.46,628790,KBS,2026-10-09T05:09:17Z
2019-04-22,HBC,14.46,14.5,13.81,13.97,1597630,KBS,2026-10-09T05:09:17Z
2019-04-23,HBC,14.05,14.09,13.93,14.01,1421880,KBS,2026-10-09T05:09:17Z
2019-04-24,HBC,14.05,14.17,13.93,13.93,3737360,KBS,2026-10-09T05:09:17Z
2019-04-25,HBC,13.97,13.97,13.21,13.37,4521280,KBS,2026-10-09T05:09:17Z
2019-04-26,HBC,13.53,14.09,13.45,14.09,1634390,KBS,2026-10-09T05:09:17Z
2019-05-02,HBC,13.93,14.05,13.81,13.81,1139140,KBS,2026-10-09T05:09:17Z
2019-05-03,HBC,13.77,13.77,13.53,13.53,1341680,KBS,2026-10-09T05:09:17Z
2019-05-06,HBC,13.33,13.37,13.09,13.09,1855060,KBS,2026-10-09T05:09:17Z
2019-05-07,HBC,13.13,13.37,13.05,13.05,1019770,KBS,2026-10-09T05:09:17Z
2019-05-08,HBC,13.05,13.41,12.8,13.33,1549260,KBS,2026-10-09T05:09:17Z
2019-05-09,HBC,13.37,13.41,13.05,13.05,1334220,KBS,2026-10-09T05:09:17Z
2019-05-10,HBC,13.17,13.89,13.13,13.69,1929960,KBS,2026-10-09T05:09:17Z
2019-05-13,HBC,13.61,13.81,13.49,13.53,1594040,KBS,2026-10-09T05:09:17Z
2019-05-14,HBC,13.83,14.09,13.79,14.0,1905810,KBS,2026-10-09T05:09:17Z
2019-05-15,HBC,14.17,14.95,14.09,14.95,3535930,KBS,2026-10-09T05:09:17Z
2019-05-16,HBC,15.2,15.5,14.86,14.86,3718840,KBS,2026-10-09T05:09:17Z
2019-05-17,HBC,14.86,15.03,14.73,14.77,2110160,KBS,2026-10-09T05:09:17Z
2019-05-20,HBC,14.73,15.2,14.73,14.99,2315620,KBS,2026-10-09T05:09:17Z
2019-05-21,HBC,14.95,14.99,14.52,14.52,2669210,KBS,2026-10-09T05:09:17Z
2019-05-22,HBC,14.35,14.82,14.3,14.35,3239660,KBS,2026-10-09T05:09:17Z
2019-05-23,HBC,14.35,14.52,14.22,14.43,2235140,KBS,2026-10-09T05:09:17Z
2019-05-24,HBC,14.43,14.73,14.3,14.43,1769600,KBS,2026-10-09T05:09:17Z
2019-05-27,HBC,14.43,14.56,14.35,14.47,835770,KBS,2026-10-09T05:09:17Z
2019-05-28,HBC,14.52,14.6,14.3,14.56,1277110,KBS,2026-10-09T05:09:17Z
2019-05-29,HBC,14.56,14.56,14.35,14.35,1598960,KBS,2026-10-09T05:09:17Z
2019-05-30,HBC,14.39,14.69,14.26,14.3,3416020,KBS,2026-10-09T05:09:17Z
2019-05-31,HBC,14.26,14.39,13.87,13.87,1931180,KBS,2026-10-09T05:09:17Z
2019-06-03,HBC,14.0,14.17,13.79,13.79,2627570,KBS,2026-10-09T05:09:17Z
2019-06-04,HBC,13.96,14.04,13.74,13.74,1524010,KBS,2026-10-09T05:09:17Z
2019-06-05,HBC,13.96,14.04,13.74,13.74,1615260,KBS,2026-10-09T05:09:17Z
2019-06-06,HBC,13.74,13.92,13.4,13.7,1915670,KBS,2026-10-09T05:09:17Z
2019-06-07,HBC,13.74,13.83,13.7,13.79,1297620,KBS,2026-10-09T05:09:17Z
2019-06-10,HBC,13.96,14.09,13.87,13.92,2106150,KBS,2026-10-09T05:09:17Z
2019-06-11,HBC,13.92,14.0,13.83,13.83,857110,KBS,2026-10-09T05:09:17Z
2019-06-12,HBC,13.79,13.83,13.57,13.66,1176620,KBS,2026-10-09T05:09:17Z
2019-06-13,HBC,13.61,13.66,13.53,13.57,1139230,KBS,2026-10-09T05:09:17Z
2019-06-14,HBC,13.61,13.74,13.57,13.61,1117360,KBS,2026-10-09T05:09:17Z
2019-06-17,HBC,13.7,13.7,13.31,13.31,1233960,KBS,2026-10-09T05:09:17Z
2019-06-18,HBC,13.31,13.4,13.1,13.1,1336120,KBS,2026-10-09T05:09:17Z
2019-06-19,HBC,13.14,13.36,13.14,13.14,1101190,KBS,2026-10-09T05:09:17Z
2019-06-20,HBC,13.19,13.53,13.14,13.53,1952850,KBS,2026-10-09T05:09:17Z
2019-06-21,HBC,13.57,13.61,13.36,13.49,2008540,KBS,2026-10-09T05:09:17Z
2019-06-24,HBC,13.49,13.53,13.27,13.36,1309890,KBS,2026-10-09T05:09:17Z
2019-06-25,HBC,13.27,13.36,13.23,13.27,1281700,KBS,2026-10-09T05:09:17Z
2019-06-26,HBC,13.27,13.27,13.06,13.1,1526370,KBS,2026-10-09T05:09:17Z
2019-06-27,HBC,13.1,13.23,12.8,12.84,2880760,KBS,2026-10-09T05:09:17Z
2019-06-28,HBC,12.93,12.97,12.54,12.67,1797880,KBS,2026-10-09T05:09:17Z
2019-07-01,HBC,12.93,13.01,12.8,12.97,1091600,KBS,2026-10-09T05:09:17Z
2019-07-02,HBC,12.97,13.01,12.76,12.88,772770,KBS,2026-10-09T05:09:17Z
2019-07-03,HBC,12.8,12.97,12.71,12.88,865510,KBS,2026-10-09T05:09:17Z
2019-07-04,HBC,12.93,13.31,12.93,13.27,3325890,KBS,2026-10-09T05:09:17Z
2019-07-05,HBC,13.27,13.4,13.14,13.19,1409300,KBS,2026-10-09T05:09:17Z
2019-07-08,HBC,13.19,13.23,13.01,13.14,921970,KBS,2026-10-09T05:09:17Z
2019-07-09,HBC,12.97,13.14,12.93,13.1,1430380,KBS,2026-10-09T05:09:17Z
2019-07-10,HBC,13.06,13.19,13.01,13.14,1068510,KBS,2026-10-09T05:09:17Z
2019-07-11,HBC,13.23,13.27,12.88,12.88,2406210,KBS,2026-10-09T05:09:17Z
2019-07-12,HBC,12.88,13.06,12.88,12.97,1139540,KBS,2026-10-09T05:09:17Z
2019-07-15,HBC,12.88,13.06,12.76,12.84,1764340,KBS,2026-10-09T05:09:17Z
2019-07-16,HBC,12.8,12.93,12.71,12.71,1590860,KBS,2026-10-09T05:09:17Z
2019-07-17,HBC,12.76,12.8,12.54,12.71,2627300,KBS,2026-10-09T05:09:17Z
2019-07-18,HBC,12.71,13.06,12.63,12.84,2018760,KBS,2026-10-09T05:09:17Z
2019-07-19,HBC,12.84,12.88,12.63,12.63,1794890,KBS,2026-10-09T05:09:17Z
2019-07-22,HBC,12.67,12.76,12.5,12.54,1623930,KBS,2026-10-09T05:09:17Z
2019-07-23,HBC,12.46,12.54,12.11,12.11,3557370,KBS,2026-10-09T05:09:17Z
2019-07-24,HBC,12.15,12.41,11.98,12.24,3736760,KBS,2026-10-09T05:09:17Z
2019-07-25,HBC,12.33,12.63,12.33,12.54,2523070,KBS,2026-10-09T05:09:17Z
2019-07-26,HBC,12.37,12.54,12.33,12.33,1285640,KBS,2026-10-09T05:09:17Z
2019-07-29,HBC,12.33,12.33,12.07,12.07,2385480,KBS,2026-10-09T05:09:17Z
2019-07-30,HBC,12.07,12.2,11.73,11.73,2622640,KBS,2026-10-09T05:09:17Z
2019-07-31,HBC,11.9,11.9,11.68,11.85,2366040,KBS,2026-10-09T05:09:17Z
2019-08-01,HBC,11.77,11.85,11.08,11.85,5127550,KBS,2026-10-09T05:09:17Z
2019-08-02,HBC,11.68,12.2,11.47,11.98,4645330,KBS,2026-10-09T05:09:17Z
2019-08-05,HBC,12.07,12.37,11.9,12.24,3342200,KBS,2026-10-09T05:09:17Z
2019-08-06,HBC,11.94,12.11,11.77,11.85,2222040,KBS,2026-10-09T05:09:17Z
2019-08-07,HBC,11.94,11.94,11.55,11.81,2328600,KBS,2026-10-09T05:09:17Z
2019-08-08,HBC,11.81,12.03,11.6,12.03,1685030,KBS,2026-10-09T05:09:17Z
2019-08-09,HBC,11.94,12.03,11.9,12.03,1456660,KBS,2026-10-09T05:09:17Z
2019-08-12,HBC,12.03,12.11,11.9,11.98,2069990,KBS,2026-10-09T05:09:17Z
2019-08-13,HBC,11.85,11.98,11.73,11.9,2176450,KBS,2026-10-09T05:09:17Z
2019-08-14,HBC,11.98,11.98,11.68,11.81,1305770,KBS,2026-10-09T05:09:17Z
2019-08-15,HBC,11.51,11.77,11.47,11.77,1415650,KBS,2026-10-09T05:09:17Z
2019-08-16,HBC,11.77,11.77,11.6,11.68,943770,KBS,2026-10-09T05:09:17Z
2019-08-19,HBC,11.77,11.77,11.6,11.6,888290,KBS,2026-10-09T05:09:17Z
2019-08-20,HBC,11.6,11.85,11.51,11.77,1828900,KBS,2026-10-09T05:09:17Z
2019-08-21,HBC,11.77,12.11,11.77,12.03,1977950,KBS,2026-10-09T05:09:17Z
2019-08-22,HBC,11.94,12.07,11.94,11.94,1292750,KBS,2026-10-09T05:09:17Z
2019-08-23,HBC,11.94,11.98,11.81,11.9,1364430,KBS,2026-10-09T05:09:17Z
2019-08-26,HBC,11.81,11.81,11.64,11.81,1747070,KBS,2026-10-09T05:09:17Z
2019-08-27,HBC,11.85,11.9,11.77,11.81,1075900,KBS,2026-10-09T05:09:17Z
2019-08-28,HBC,11.81,11.81,11.68,11.77,726620,KBS,2026-10-09T05:09:17Z
2019-08-29,HBC,11.73,11.77,11.6,11.68,992220,KBS,2026-10-09T05:09:17Z
2019-08-30,HBC,11.68,11.77,11.6,11.6,660270,KBS,2026-10-09T05:09:17Z
2019-09-03,HBC,11.6,11.77,11.55,11.64,601550,KBS,2026-10-09T05:09:17Z
2019-09-04,HBC,11.6,11.64,11.51,11.64,792110,KBS,2026-10-09T05:09:17Z
2019-09-05,HBC,11.68,11.68,11.51,11.55,734050,KBS,2026-10-09T05:09:17Z
2019-09-06,HBC,11.55,11.55,11.38,11.42,955190,KBS,2026-10-09T05:09:17Z
2019-09-09,HBC,11.38,11.47,11.17,11.38,1598390,KBS,2026-10-09T05:09:17Z
2019-09-10,HBC,11.42,11.47,11.17,11.25,980240,KBS,2026-10-09T05:09:17Z
2019-09-11,HBC,11.21,11.34,11.12,11.25,861760,KBS,2026-10-09T05:09:17Z
2019-09-12,HBC,11.25,11.77,11.21,11.77,3707620,KBS,2026-10-09T05:09:17Z
2019-09-13,HBC,11.73,11.85,11.6,11.6,1532680,KBS,2026-10-09T05:09:17Z
2019-09-16,HBC,11.6,11.85,11.6,11.64,1605030,KBS,2026-10-09T05:09:17Z
2019-09-17,HBC,11.64,12.28,11.55,12.15,4223400,KBS,2026-10-09T05:09:17Z
2019-09-18,HBC,12.2,12.41,12.07,12.07,3123200,KBS,2026-10-09T05:09:17Z
2019-09-19,HBC,12.11,12.37,12.07,12.33,2257900,KBS,2026-10-09T05:09:17Z
2019-09-20,HBC,12.33,12.37,12.07,12.07,1617920,KBS,2026-10-09T05:09:17Z
2019-09-23,HBC,12.07,12.33,12.07,12.11,2435920,KBS,2026-10-09T05:09:17Z
2019-09-24,HBC,12.15,12.33,12.07,12.11,1243330,KBS,2026-10-09T05:09:17Z
2019-09-25,HBC,12.11,12.58,12.11,12.54,5171710,KBS,2026-10-09T05:09:17Z
2019-09-26,HBC,12.67,12.67,12.46,12.54,1731470,KBS,2026-10-09T05:09:17Z
2019-09-27,HBC,12.54,12.63,12.37,12.37,1872900,KBS,2026-10-09T05:09:17Z
2019-09-30,HBC,12.37,12.71,12.37,12.58,4726550,KBS,2026-10-09T05:09:17Z
2019-10-01,HBC,12.71,12.71,12.46,12.46,1860440,KBS,2026-10-09T05:09:17Z
2019-10-02,HBC,12.46,12.67,12.37,12.37,2330930,KBS,2026-10-09T05:09:17Z
2019-10-03,HBC,12.2,12.37,12.11,12.24,2692140,KBS,2026-10-09T05:09:17Z
2019-10-04,HBC,12.28,12.46,12.24,12.24,2403940,KBS,2026-10-09T05:09:17Z
2019-10-07,HBC,12.33,12.37,11.85,11.85,2867830,KBS,2026-10-09T05:09:17Z
2019-10-08,HBC,11.85,12.07,11.81,12.03,1689950,KBS,2026-10-09T05:09:17Z
2019-10-09,HBC,12.07,12.07,11.81,11.85,1484550,KBS,2026-10-09T05:09:17Z
2019-10-10,HBC,11.85,11.98,11.64,11.73,2183650,KBS,2026-10-09T05:09:17Z
2019-10-11,HBC,11.81,12.03,11.64,11.85,1826180,KBS,2026-10-09T05:09:17Z
2019-10-14,HBC,11.98,12.24,11.94,12.07,1894310,KBS,2026-10-09T05:09:17Z
2019-10-15,HBC,12.11,12.2,11.94,11.94,1025330,KBS,2026-10-09T05:09:17Z
2019-10-16,HBC,12.03,12.03,11.81,11.81,1398590,KBS,2026-10-09T05:09:17Z
2019-10-17,HBC,11.81,11.85,11.77,11.77,743590,KBS,2026-10-09T05:09:17Z
2019-10-18,HBC,11.77,11.81,11.68,11.68,901470,KBS,2026-10-09T05:09:17Z
2019-10-21,HBC,11.68,11.85,11.6,11.6,1218830,KBS,2026-10-09T05:09:17Z
2019-10-22,HBC,11.51,11.68,11.51,11.55,1232290,KBS,2026-10-09T05:09:17Z
2019-10-23,HBC,11.55,11.64,11.42,11.42,1205060,KBS,2026-10-09T05:09:17Z
2019-10-24,HBC,11.51,11.6,11.42,11.55,925880,KBS,2026-10-09T05:09:17Z
2019-10-25,HBC,11.55,11.64,11.47,11.55,747730,KBS,2026-10-09T05:09:17Z
2019-10-28,HBC,11.6,11.73,11.51,11.55,920680,KBS,2026-10-09T05:09:17Z
2019-10-29,HBC,11.51,11.51,11.25,11.3,3641130,KBS,2026-10-09T05:09:17Z
2019-10-30,HBC,11.3,11.47,11.3,11.47,928740,KBS,2026-10-09T05:09:17Z
2019-10-31,HBC,11.51,11.51,11.25,11.3,1159150,KBS,2026-10-09T05:09:17Z
2019-11-01,HBC,11.25,11.34,11.12,11.12,2513880,KBS,2026-10-09T05:09:17Z
2019-11-04,HBC,11.21,11.21,10.65,10.65,4781090,KBS,2026-10-09T05:09:17Z
2019-11-05,HBC,10.65,10.87,10.57,10.74,1962340,KBS,2026-10-09T05:09:17Z
2019-11-06,HBC,10.69,10.95,10.69,10.95,1476010,KBS,2026-10-09T05:09:17Z
2019-11-07,HBC,10.95,10.95,10.78,10.82,1022540,KBS,2026-10-09T05:09:17Z
2019-11-08,HBC,10.78,10.87,10.74,10.78,687810,KBS,2026-10-09T05:09:17Z
2019-11-11,HBC,10.82,10.82,10.69,10.69,1148480,KBS,2026-10-09T05:09:17Z
2019-11-12,HBC,10.74,10.78,10.52,10.57,1314740,KBS,2026-10-09T05:09:17Z
2019-11-13,HBC,10.61,10.65,10.44,10.44,1488600,KBS,2026-10-09T05:09:17Z
2019-11-14,HBC,10.44,10.48,10.09,10.18,3372100,KBS,2026-10-09T05:09:17Z
2019-11-15,HBC,10.09,10.22,10.05,10.14,1529380,KBS,2026-10-09T05:09:17Z
2019-11-18,HBC,10.09,10.31,10.01,10.14,1201630,KBS,2026-10-09T05:09:17Z
2019-11-19,HBC,10.14,10.26,10.09,10.18,1154580,KBS,2026-10-09T05:09:17Z
2019-11-20,HBC,10.22,10.22,9.92,9.92,978460,KBS,2026-10-09T05:09:17Z
2019-11-21,HBC,9.96,9.96,9.62,9.71,1354380,KBS,2026-10-09T05:09:17Z
2019-11-22,HBC,9.71,9.79,9.28,9.32,1878720,KBS,2026-10-09T05:09:17Z
2019-11-25,HBC,9.36,9.53,9.32,9.49,1179330,KBS,2026-10-09T05:09:17Z
2019-11-26,HBC,9.58,9.66,9.49,9.58,783340,KBS,2026-10-09T05:09:17Z
2019-11-27,HBC,9.62,9.79,9.49,9.75,1319900,KBS,2026-10-09T05:09:17Z
2019-11-28,HBC,9.75,9.75,9.49,9.53,1001630,KBS,2026-10-09T05:09:17Z
2019-11-29,HBC,9.62,9.75,9.45,9.71,2302840,KBS,2026-10-09T05:09:17Z
2019-12-02,HBC,10.01,10.14,9.84,9.88,1496030,KBS,2026-10-09T05:09:17Z
2019-12-03,HBC,9.88,9.88,9.71,9.75,690310,KBS,2026-10-09T05:09:17Z
2019-12-04,HBC,9.71,9.75,9.58,9.71,716280,KBS,2026-10-09T05:09:17Z
2019-12-05,HBC,9.71,9.84,9.62,9.71,720980,KBS,2026-10-09T05:09:17Z
2019-12-06,HBC,9.71,9.75,9.41,9.53,1133210,KBS,2026-10-09T05:09:17Z
2019-12-09,HBC,9.45,9.58,9.41,9.58,918460,KBS,2026-10-09T05:09:17Z
2019-12-10,HBC,9.45,9.62,9.41,9.62,908910,KBS,2026-10-09T05:09:17Z
2019-12-11,HBC,9.53,9.66,9.45,9.53,1137420,KBS,2026-10-09T05:09:17Z
2019-12-12,HBC,9.53,9.58,9.45,9.45,567910,KBS,2026-10-09T05:09:17Z
2019-12-13,HBC,9.62,9.71,9.49,9.53,933140,KBS,2026-10-09T05:09:17Z
2019-12-16,HBC,9.58,9.62,9.49,9.58,1058060,KBS,2026-10-09T05:09:17Z
2019-12-17,HBC,9.53,9.58,9.45,9.53,537650,KBS,2026-10-09T05:09:17Z
2019-12-18,HBC,9.49,9.49,9.28,9.28,1220160,KBS,2026-10-09T05:09:17Z
2019-12-19,HBC,9.32,9.32,8.85,9.11,1660140,KBS,2026-10-09T05:09:17Z
2019-12-20,HBC,9.06,9.15,8.98,9.02,593470,KBS,2026-10-09T05:09:17Z
2019-12-23,HBC,8.98,9.06,8.72,8.72,889640,KBS,2026-10-09T05:09:17Z
2019-12-24,HBC,8.76,8.76,8.57,8.59,1422440,KBS,2026-10-09T05:09:17Z
2019-12-25,HBC,8.59,9.19,8.59,9.19,2224150,KBS,2026-10-09T05:09:17Z
2019-12-26,HBC,9.45,9.75,9.36,9.49,2657000,KBS,2026-10-09T05:09:17Z
2019-12-27,HBC,9.53,9.53,9.19,9.19,952000,KBS,2026-10-09T05:09:17Z
2019-12-30,HBC,9.19,9.53,9.19,9.32,1770650,KBS,2026-10-09T05:09:17Z
2019-12-31,HBC,9.41,9.41,9.15,9.19,1200250,KBS,2026-10-09T05:09:17Z
2020-01-02,HBC,9.19,9.79,9.19,9.79,4331570,KBS,2026-10-09T05:09:17Z
2020-01-03,HBC,9.88,10.01,9.53,9.75,2756470,KBS,2026-10-09T05:09:17Z
2020-01-06,HBC,9.58,9.62,9.36,9.49,1234740,KBS,2026-10-09T05:09:17Z
2020-01-07,HBC,9.49,9.75,9.36,9.75,2122340,KBS,2026-10-09T05:09:17Z
2020-01-08,HBC,9.62,9.62,9.32,9.41,2192360,KBS,2026-10-09T05:09:17Z
2020-01-09,HBC,9.58,9.84,9.45,9.75,3929860,KBS,2026-10-09T05:09:17Z
2020-01-10,HBC,9.75,10.14,9.62,10.01,4591170,KBS,2026-10-09T05:09:17Z
2020-01-13,HBC,10.01,10.05,9.79,9.79,1681760,KBS,2026-10-09T05:09:17Z
2020-01-14,HBC,9.84,9.96,9.79,9.88,1786840,KBS,2026-10-09T05:09:17Z
2020-01-15,HBC,9.88,9.92,9.71,9.84,1591960,KBS,2026-10-09T05:09:17Z
2020-01-16,HBC,9.84,9.88,9.62,9.62,1298130,KBS,2026-10-09T05:09:17Z
2020-01-17,HBC,9.62,9.92,9.62,9.79,2228380,KBS,2026-10-09T05:09:17Z
2020-01-20,HBC,9.79,9.88,9.71,9.75,894180,KBS,2026-10-09T05:09:17Z
2020-01-21,HBC,9.75,10.14,9.66,10.05,2294630,KBS,2026-10-09T05:09:17Z
2020-01-22,HBC,10.01,10.18,9.88,10.05,1626470,KBS,2026-10-09T05:09:17Z
2020-01-30,HBC,9.88,9.88,9.36,9.36,3568490,KBS,2026-10-09T05:09:17Z
2020-01-31,HBC,9.28,9.36,8.93,8.93,2874290,KBS,2026-10-09T05:09:17Z
2020-02-03,HBC,8.59,9.19,8.31,9.19,3718580,KBS,2026-10-09T05:09:17Z
2020-02-04,HBC,8.93,9.06,8.58,8.93,2215850,KBS,2026-10-09T05:09:17Z
2020-02-05,HBC,9.02,9.02,8.72,8.93,1690290,KBS,2026-10-09T05:09:17Z
2020-02-06,HBC,8.85,9.15,8.85,9.06,1934490,KBS,2026-10-09T05:09:17Z
2020-02-07,HBC,9.11,9.36,9.02,9.15,2073080,KBS,2026-10-09T05:09:17Z
2020-02-10,HBC,8.98,9.62,8.93,9.41,3225590,KBS,2026-10-09T05:09:17Z
2020-02-11,HBC,9.41,9.62,9.32,9.32,1364950,KBS,2026-10-09T05:09:17Z
2020-02-12,HBC,9.36,9.75,9.28,9.58,4338480,KBS,2026-10-09T05:09:17Z
2020-02-13,HBC,9.62,9.62,9.36,9.49,1797590,KBS,2026-10-09T05:09:17Z
2020-02-14,HBC,9.45,9.62,9.36,9.49,2870580,KBS,2026-10-09T05:09:17Z
2020-02-17,HBC,9.53,9.62,9.45,9.45,1168830,KBS,2026-10-09T05:09:17Z
2020-02-18,HBC,9.53,9.71,9.45,9.62,1957560,KBS,2026-10-09T05:09:17Z
2020-02-19,HBC,9.58,9.62,9.32,9.45,1394520,KBS,2026-10-09T05:09:17Z
2020-02-20,HBC,9.49,9.92,9.45,9.84,4291280,KBS,2026-10-09T05:09:17Z
2020-02-21,HBC,9.88,9.88,9.62,9.66,1790690,KBS,2026-10-09T05:09:17Z
2020-02-24,HBC,9.41,9.41,9.02,9.02,4483500,KBS,2026-10-09T05:09:17Z
2020-02-25,HBC,8.59,8.85,8.5,8.8,4115950,KBS,2026-10-09T05:09:17Z
2020-02-26,HBC,8.5,8.76,8.46,8.76,3112550,KBS,2026-10-09T05:09:17Z
2020-02-27,HBC,8.76,8.98,8.59,8.98,2140030,KBS,2026-10-09T05:09:17Z
2020-02-28,HBC,8.59,8.8,8.57,8.8,3027660,KBS,2026-10-09T05:09:17Z
2020-03-02,HBC,8.68,8.76,8.59,8.72,1721890,KBS,2026-10-09T05:09:17Z
2020-03-03,HBC,8.8,8.98,8.76,8.89,2132620,KBS,2026-10-09T05:09:17Z
2020-03-04,HBC,8.89,9.32,8.76,9.23,4232960,KBS,2026-10-09T05:09:17Z
2020-03-05,HBC,9.23,9.53,9.19,9.19,3997940,KBS,2026-10-09T05:09:17Z
2020-03-06,HBC,9.02,9.23,8.98,9.15,1389930,KBS,2026-10-09T05:09:17Z
2020-03-09,HBC,8.51,8.72,8.51,8.51,4706860,KBS,2026-10-09T05:09:17Z
2020-03-10,HBC,8.29,8.63,8.23,8.42,2888250,KBS,2026-10-09T05:09:17Z
2020-03-11,HBC,8.5,8.63,7.84,7.84,3292690,KBS,2026-10-09T05:09:17Z
2020-03-12,HBC,7.34,7.47,7.3,7.3,3432430,KBS,2026-10-09T05:09:17Z
2020-03-13,HBC,6.79,7.29,6.79,6.96,4926220,KBS,2026-10-09T05:09:17Z
2020-03-16,HBC,7.08,7.1,6.74,6.78,1860160,KBS,2026-10-09T05:09:17Z
2020-03-17,HBC,6.53,6.78,6.53,6.78,2176070,KBS,2026-10-09T05:09:17Z
2020-03-18,HBC,6.87,6.92,6.77,6.79,2168140,KBS,2026-10-09T05:09:17Z
2020-03-19,HBC,6.64,6.87,6.49,6.87,3078630,KBS,2026-10-09T05:09:17Z
2020-03-20,HBC,6.87,6.87,6.7,6.78,1388930,KBS,2026-10-09T05:09:17Z
2020-03-23,HBC,6.37,6.61,6.3,6.3,1783230,KBS,2026-10-09T05:09:17Z
2020-03-24,HBC,5.93,6.3,5.93,5.98,2389580,KBS,2026-10-09T05:09:17Z
2020-03-25,HBC,6.31,6.31,6.12,6.3,2432020,KBS,2026-10-09T05:09:17Z
2020-03-26,HBC,6.14,6.27,6.03,6.03,1995720,KBS,2026-10-09T05:09:17Z
2020-03-27,HBC,6.03,6.11,5.7,5.7,2160550,KBS,2026-10-09T05:09:17Z
2020-03-30,HBC,5.58,5.58,5.3,5.31,4657340,KBS,2026-10-09T05:09:17Z
2020-03-31,HBC,5.33,5.53,4.99,5.17,6409050,KBS,2026-10-09T05:09:17Z
2020-04-01,HBC,5.15,5.53,5.09,5.5,3910300,KBS,2026-10-09T05:09:17Z
2020-04-03,HBC,5.58,5.88,5.54,5.88,3600420,KBS,2026-10-09T05:09:17Z
2020-04-06,HBC,6.23,6.28,6.1,6.28,4669390,KBS,2026-10-09T05:09:17Z
2020-04-07,HBC,6.35,6.36,6.12,6.18,3214000,KBS,2026-10-09T05:09:17Z
2020-04-08,HBC,5.93,6.32,5.9,6.18,3268820,KBS,2026-10-09T05:09:17Z
2020-04-09,HBC,6.27,6.37,6.12,6.17,3154540,KBS,2026-10-09T05:09:17Z
2020-04-10,HBC,6.12,6.23,6.01,6.06,2366540,KBS,2026-10-09T05:09:17Z
2020-04-13,HBC,6.06,6.28,6.06,6.23,3442180,KBS,2026-10-09T05:09:17Z
2020-04-14,HBC,6.23,6.31,6.06,6.23,2898100,KBS,2026-10-09T05:09:17Z
2020-04-15,HBC,6.24,6.66,6.24,6.66,6304350,KBS,2026-10-09T05:09:17Z
2020-04-16,HBC,6.7,6.96,6.53,6.74,4411080,KBS,2026-10-09T05:09:17Z
2020-04-17,HBC,6.79,6.93,6.79,6.86,3619820,KBS,2026-10-09T05:09:17Z
2020-04-20,HBC,6.91,6.95,6.71,6.79,5549320,KBS,2026-10-09T05:09:17Z
2020-04-21,HBC,6.67,6.74,6.32,6.32,4858400,KBS,2026-10-09T05:09:17Z
2020-04-22,HBC,6.18,6.57,6.18,6.53,2584540,KBS,2026-10-09T05:09:17Z
2020-04-23,HBC,6.64,6.74,6.51,6.52,2217130,KBS,2026-10-09T05:09:17Z
2020-04-24,HBC,6.41,6.57,6.41,6.53,1299630,KBS,2026-10-09T05:09:17Z
2020-04-27,HBC,6.61,6.9,6.55,6.83,4442750,KBS,2026-10-09T05:09:17Z
2020-04-28,HBC,6.91,7.04,6.73,7.0,4827640,KBS,2026-10-09T05:09:17Z
2020-04-29,HBC,6.87,7.16,6.87,6.87,2202330,KBS,2026-10-09T05:09:17Z
2020-05-04,HBC,6.49,6.61,6.39,6.39,5401870,KBS,2026-10-09T05:09:17Z
2020-05-05,HBC,6.36,6.39,6.08,6.39,2027280,KBS,2026-10-09T05:09:17Z
2020-05-06,HBC,6.36,6.52,6.34,6.42,2295460,KBS,2026-10-09T05:09:17Z
2020-05-07,HBC,6.48,6.73,6.43,6.7,3014140,KBS,2026-10-09T05:09:17Z
2020-05-08,HBC,6.69,6.74,6.61,6.61,3204040,KBS,2026-10-09T05:09:17Z
2020-05-11,HBC,6.74,6.84,6.61,6.74,3232240,KBS,2026-10-09T05:09:17Z
2020-05-12,HBC,6.74,6.98,6.66,6.92,4100030,KBS,2026-10-09T05:09:17Z
2020-05-13,HBC,6.87,7.4,6.79,7.4,6806120,KBS,2026-10-09T05:09:17Z
2020-05-14,HBC,7.52,7.89,7.48,7.6,6544680,KBS,2026-10-09T05:09:17Z
2020-05-15,HBC,7.64,7.71,7.28,7.31,5281280,KBS,2026-10-09T05:09:17Z
2020-05-18,HBC,7.26,7.46,7.11,7.41,3518230,KBS,2026-10-09T05:09:17Z
2020-05-19,HBC,7.64,7.64,7.41,7.47,4706770,KBS,2026-10-09T05:09:17Z
2020-05-20,HBC,7.43,7.56,7.43,7.52,1985130,KBS,2026-10-09T05:09:17Z
2020-05-21,HBC,7.52,7.59,7.51,7.51,2447940,KBS,2026-10-09T05:09:17Z
2020-05-22,HBC,7.52,7.83,7.52,7.58,4798100,KBS,2026-10-09T05:09:17Z
2020-05-25,HBC,7.64,7.71,7.58,7.64,2278820,KBS,2026-10-09T05:09:17Z
2020-05-26,HBC,7.66,7.89,7.64,7.76,3494300,KBS,2026-10-09T05:09:17Z
2020-05-27,HBC,7.8,8.16,7.7,7.77,6593700,KBS,2026-10-09T05:09:17Z
2020-05-28,HBC,7.82,7.94,7.77,7.78,3791500,KBS,2026-10-09T05:09:17Z
2020-05-29,HBC,7.75,7.78,7.62,7.62,3860480,KBS,2026-10-09T05:09:17Z
2020-06-01,HBC,7.62,7.71,7.54,7.59,4687480,KBS,2026-10-09T05:09:17Z
2020-06-02,HBC,7.68,7.68,7.45,7.46,4061550,KBS,2026-10-09T05:09:17Z
2020-06-03,HBC,7.49,7.58,7.44,7.52,2815120,KBS,2026-10-09T05:09:17Z
2020-06-04,HBC,7.63,7.89,7.57,7.73,4659340,KBS,2026-10-09T05:09:17Z
2020-06-05,HBC,7.82,8.27,7.77,8.27,12774620,KBS,2026-10-09T05:09:17Z
2020-06-08,HBC,8.59,8.85,8.47,8.76,14256100,KBS,2026-10-09T05:09:17Z
2020-06-09,HBC,8.85,9.36,8.68,9.36,9950170,KBS,2026-10-09T05:09:17Z
2020-06-10,HBC,9.66,10.01,9.36,10.01,9509350,KBS,2026-10-09T05:09:17Z
2020-06-11,HBC,10.57,10.69,9.62,9.62,19632740,KBS,2026-10-09T05:09:17Z
2020-06-12,HBC,9.32,10.26,9.32,10.26,12708140,KBS,2026-10-09T05:09:17Z
2020-06-15,HBC,10.91,10.95,10.05,10.57,12839660,KBS,2026-10-09T05:09:17Z
2020-06-16,HBC,10.74,10.95,9.88,10.05,9406160,KBS,2026-10-09T05:09:17Z
2020-06-17,HBC,10.05,10.52,9.71,10.09,7321080,KBS,2026-10-09T05:09:17Z
2020-06-18,HBC,9.96,10.09,9.66,9.88,3628110,KBS,2026-10-09T05:09:17Z
2020-06-19,HBC,9.88,10.44,9.88,10.26,6425680,KBS,2026-10-09T05:09:17Z
2020-06-22,HBC,10.44,10.74,10.18,10.39,8030190,KBS,2026-10-09T05:09:17Z
2020-06-23,HBC,10.48,10.87,10.18,10.52,8626100,KBS,2026-10-09T05:09:17Z
2020-06-24,HBC,10.52,10.69,9.79,9.79,8801870,KBS,2026-10-09T05:09:17Z
2020-06-25,HBC,9.62,9.88,9.28,9.58,7095980,KBS,2026-10-09T05:09:17Z
2020-06-26,HBC,9.75,9.84,8.93,9.19,9434350,KBS,2026-10-09T05:09:17Z
2020-06-29,HBC,8.93,9.06,8.56,8.59,7677390,KBS,2026-10-09T05:09:17Z
2020-06-30,HBC,8.85,8.98,8.07,8.33,5103300,KBS,2026-10-09T05:09:17Z
2020-07-01,HBC,8.55,8.89,8.29,8.89,3456840,KBS,2026-10-09T05:09:17Z
2020-07-02,HBC,9.32,9.49,9.11,9.23,5874590,KBS,2026-10-09T05:09:17Z
2020-07-03,HBC,9.23,9.36,9.02,9.02,3115350,KBS,2026-10-09T05:09:17Z
2020-07-06,HBC,9.02,9.41,9.02,9.23,2810250,KBS,2026-10-09T05:09:17Z
2020-07-07,HBC,9.32,9.49,9.15,9.15,4948110,KBS,2026-10-09T05:09:17Z
2020-07-08,HBC,9.11,9.28,9.06,9.11,2025140,KBS,2026-10-09T05:09:17Z
2020-07-09,HBC,9.19,9.36,9.15,9.28,2520920,KBS,2026-10-09T05:09:17Z
2020-07-10,HBC,9.28,9.28,9.11,9.15,2466830,KBS,2026-10-09T05:09:17Z
2020-07-13,HBC,9.15,9.28,8.93,8.93,2355010,KBS,2026-10-09T05:09:17Z
2020-07-14,HBC,8.98,9.23,8.93,9.23,2831140,KBS,2026-10-09T05:09:17Z
2020-07-15,HBC,9.36,9.71,9.36,9.53,6556080,KBS,2026-10-09T05:09:17Z
2020-07-16,HBC,9.62,9.66,9.36,9.41,2753850,KBS,2026-10-09T05:09:17Z
2020-07-17,HBC,9.36,9.49,9.32,9.36,2084690,KBS,2026-10-09T05:09:17Z
2020-07-20,HBC,9.36,9.45,8.93,8.98,6189630,KBS,2026-10-09T05:09:17Z
2020-07-21,HBC,9.06,9.19,8.93,9.11,2268060,KBS,2026-10-09T05:09:17Z
2020-07-22,HBC,9.19,9.19,8.93,8.98,1639650,KBS,2026-10-09T05:09:17Z
2020-07-23,HBC,9.02,9.02,8.68,8.85,2694470,KBS,2026-10-09T05:09:17Z
2020-07-24,HBC,8.72,8.8,8.23,8.23,8265050,KBS,2026-10-09T05:09:17Z
2020-07-27,HBC,7.65,7.99,7.65,7.65,4229410,KBS,2026-10-09T05:09:17Z
2020-07-28,HBC,7.64,8.05,7.17,7.91,6890460,KBS,2026-10-09T05:09:17Z
2020-07-29,HBC,7.54,7.73,7.36,7.47,6698840,KBS,2026-10-09T05:09:17Z
2020-07-30,HBC,7.43,7.64,7.43,7.48,1787960,KBS,2026-10-09T05:09:17Z
2020-07-31,HBC,7.17,7.34,7.13,7.13,4220450,KBS,2026-10-09T05:09:17Z
2020-08-03,HBC,7.04,7.55,7.04,7.49,3502030,KBS,2026-10-09T05:09:17Z
2020-08-04,HBC,7.64,7.93,7.64,7.83,4236870,KBS,2026-10-09T05:09:17Z
2020-08-05,HBC,7.83,8.07,7.74,7.98,4031110,KBS,2026-10-09T05:09:17Z
2020-08-06,HBC,7.95,8.03,7.82,7.89,3332880,KBS,2026-10-09T05:09:17Z
2020-08-07,HBC,7.89,8.03,7.81,7.85,3969720,KBS,2026-10-09T05:09:17Z
2020-08-10,HBC,7.92,8.24,7.9,8.08,4748180,KBS,2026-10-09T05:09:17Z
2020-08-11,HBC,8.08,8.2,8.06,8.12,2216340,KBS,2026-10-09T05:09:17Z
2020-08-12,HBC,8.12,8.19,8.01,8.07,3208620,KBS,2026-10-09T05:09:17Z
2020-08-13,HBC,8.12,8.2,8.06,8.07,3742460,KBS,2026-10-09T05:09:17Z
2020-08-14,HBC,8.09,8.24,8.06,8.07,4623860,KBS,2026-10-09T05:09:17Z
2020-08-17,HBC,8.07,8.36,8.07,8.33,4624820,KBS,2026-10-09T05:09:17Z
2020-08-18,HBC,8.38,8.56,8.34,8.38,4563810,KBS,2026-10-09T05:09:17Z
2020-08-19,HBC,8.42,8.46,8.29,8.32,3905390,KBS,2026-10-09T05:09:17Z
2020-08-20,HBC,8.32,8.33,8.16,8.19,3142500,KBS,2026-10-09T05:09:17Z
2020-08-21,HBC,8.25,8.29,8.16,8.24,2782710,KBS,2026-10-09T05:09:17Z
2020-08-24,HBC,8.31,8.4,8.3,8.4,3527650,KBS,2026-10-09T05:09:17Z
2020-08-25,HBC,8.43,8.98,8.35,8.68,8741050,KBS,2026-10-09T05:09:17Z
2020-08-26,HBC,8.72,8.93,8.63,8.68,4250300,KBS,2026-10-09T05:09:17Z
2020-08-27,HBC,8.68,8.8,8.68,8.76,2508430,KBS,2026-10-09T05:09:17Z
2020-08-28,HBC,8.85,8.85,8.63,8.63,5423340,KBS,2026-10-09T05:09:17Z
2020-08-31,HBC,8.63,8.72,8.5,8.56,4616100,KBS,2026-10-09T05:09:17Z
2020-09-01,HBC,8.56,8.72,8.56,8.63,2541670,KBS,2026-10-09T05:09:17Z
2020-09-03,HBC,8.72,8.76,8.59,8.63,3026500,KBS,2026-10-09T05:09:17Z
2020-09-04,HBC,8.51,8.63,8.51,8.57,3280750,KBS,2026-10-09T05:09:17Z
2020-09-07,HBC,8.57,8.63,8.34,8.35,5627160,KBS,2026-10-09T05:09:17Z
2020-09-08,HBC,8.42,8.42,8.31,8.39,3045080,KBS,2026-10-09T05:09:17Z
2020-09-09,HBC,8.31,8.47,8.25,8.46,2359060,KBS,2026-10-09T05:09:17Z
2020-09-10,HBC,8.5,8.55,8.44,8.44,2380000,KBS,2026-10-09T05:09:17Z
2020-09-11,HBC,8.44,8.51,8.44,8.47,1587500,KBS,2026-10-09T05:09:17Z
2020-09-14,HBC,8.5,8.76,8.5,8.76,7018130,KBS,2026-10-09T05:09:17Z
2020-09-15,HBC,8.93,8.93,8.68,8.68,4381360,KBS,2026-10-09T05:09:17Z
2020-09-16,HBC,8.68,9.11,8.63,9.11,8619110,KBS,2026-10-09T05:09:17Z
2020-09-17,HBC,9.23,9.28,8.85,9.02,6672370,KBS,2026-10-09T05:09:17Z
2020-09-18,HBC,8.98,9.11,8.89,8.98,3384730,KBS,2026-10-09T05:09:17Z
2020-09-21,HBC,9.06,9.23,8.89,8.98,8694400,KBS,2026-10-09T05:09:17Z
2020-09-22,HBC,8.98,9.11,8.89,8.98,4926800,KBS,2026-10-09T05:09:17Z
2020-09-23,HBC,9.23,9.58,9.23,9.58,14065680,KBS,2026-10-09T05:09:17Z
2020-09-24,HBC,9.58,9.75,9.41,9.53,8419350,KBS,2026-10-09T05:09:17Z
2020-09-25,HBC,9.58,9.62,9.28,9.41,6471620,KBS,2026-10-09T05:09:17Z
2020-09-28,HBC,9.53,9.66,9.45,9.62,6813850,KBS,2026-10-09T05:09:17Z
2020-09-29,HBC,9.75,9.79,9.15,9.15,6644340,KBS,2026-10-09T05:09:17Z
2020-09-30,HBC,9.19,9.36,9.02,9.32,4554630,KBS,2026-10-09T05:09:17Z
2020-10-01,HBC,9.41,9.53,9.32,9.36,4456310,KBS,2026-10-09T05:09:17Z
2020-10-02,HBC,9.36,9.88,9.23,9.49,13340990,KBS,2026-10-09T05:09:17Z
2020-10-05,HBC,9.49,10.01,9.49,9.88,8808080,KBS,2026-10-09T05:09:17Z
2020-10-06,HBC,10.09,10.31,9.92,10.05,8189920,KBS,2026-10-09T05:09:17Z
2020-10-07,HBC,9.88,10.05,9.71,9.71,7597740,KBS,2026-10-09T05:09:17Z
2020-10-08,HBC,9.84,9.84,9.49,9.53,7047200,KBS,2026-10-09T05:09:17Z
2020-10-09,HBC,9.58,9.71,9.45,9.71,4060990,KBS,2026-10-09T05:09:17Z
2020-10-12,HBC,9.84,9.84,9.28,9.28,7067870,KBS,2026-10-09T05:09:17Z
2020-10-13,HBC,9.28,9.41,9.15,9.28,4379270,KBS,2026-10-09T05:09:17Z
2020-10-14,HBC,9.28,9.36,9.23,9.23,3689870,KBS,2026-10-09T05:09:17Z
2020-10-15,HBC,9.23,9.58,9.19,9.28,5890720,KBS,2026-10-09T05:09:17Z
2020-10-16,HBC,9.45,9.58,9.28,9.45,5216050,KBS,2026-10-09T05:09:17Z
2020-10-19,HBC,9.53,9.84,9.49,9.79,8095860,KBS,2026-10-09T05:09:17Z
2020-10-20,HBC,9.71,9.79,9.58,9.71,4397370,KBS,2026-10-09T05:09:17Z
2020-10-21,HBC,9.75,9.79,9.49,9.49,3937160,KBS,2026-10-09T05:09:17Z
2020-10-22,HBC,9.41,9.58,9.32,9.49,2955340,KBS,2026-10-09T05:09:17Z
2020-10-23,HBC,9.53,9.66,9.36,9.36,4542590,KBS,2026-10-09T05:09:17Z
2020-10-26,HBC,9.36,9.49,9.19,9.19,4408710,KBS,2026-10-09T05:09:17Z
2020-10-27,HBC,9.15,9.23,8.8,8.85,6096930,KBS,2026-10-09T05:09:17Z
2020-10-28,HBC,8.76,8.85,8.58,8.58,5621980,KBS,2026-10-09T05:09:17Z
2020-10-29,HBC,8.51,8.76,8.47,8.63,3845860,KBS,2026-10-09T05:09:17Z
2020-10-30,HBC,8.68,8.76,8.58,8.63,1590940,KBS,2026-10-09T05:09:17Z
2020-11-02,HBC,8.63,8.76,8.59,8.72,1806670,KBS,2026-10-09T05:09:17Z
2020-11-03,HBC,8.8,8.98,8.72,8.93,2753010,KBS,2026-10-09T05:09:17Z
2020-11-04,HBC,8.98,9.19,8.85,9.06,2896070,KBS,2026-10-09T05:09:17Z
2020-11-05,HBC,9.06,9.19,8.8,8.8,2966390,KBS,2026-10-09T05:09:17Z
2020-11-06,HBC,8.85,9.06,8.8,9.02,2332340,KBS,2026-10-09T05:09:17Z
2020-11-09,HBC,9.11,9.36,9.11,9.28,3826600,KBS,2026-10-09T05:09:17Z
2020-11-10,HBC,9.45,9.49,9.23,9.23,4061330,KBS,2026-10-09T05:09:17Z
2020-11-11,HBC,9.23,9.36,9.19,9.28,2976790,KBS,2026-10-09T05:09:17Z
2020-11-12,HBC,9.36,9.62,9.32,9.58,7549810,KBS,2026-10-09T05:09:17Z
2020-11-13,HBC,9.62,9.71,9.53,9.58,4436730,KBS,2026-10-09T05:09:17Z
2020-11-16,HBC,9.66,9.66,9.36,9.36,5205440,KBS,2026-10-09T05:09:17Z
2020-11-17,HBC,9.41,9.71,9.32,9.71,6814700,KBS,2026-10-09T05:09:17Z
2020-11-18,HBC,9.71,10.35,9.71,10.35,17441730,KBS,2026-10-09T05:09:17Z
2020-11-19,HBC,10.65,10.78,10.31,10.39,11301850,KBS,2026-10-09T05:09:17Z
2020-11-20,HBC,10.44,10.65,10.35,10.52,7361110,KBS,2026-10-09T05:09:17Z
2020-11-23,HBC,10.57,10.69,10.35,10.57,8108420,KBS,2026-10-09T05:09:17Z
2020-11-24,HBC,10.57,11.12,10.48,10.95,14680090,KBS,2026-10-09T05:09:17Z
2020-11-25,HBC,11.0,11.08,10.74,10.74,6828620,KBS,2026-10-09T05:09:17Z
2020-11-26,HBC,10.65,10.74,10.44,10.69,5585500,KBS,2026-10-09T05:09:17Z
2020-11-27,HBC,10.69,10.91,10.65,10.91,6731980,KBS,2026-10-09T05:09:17Z
2020-11-30,HBC,11.04,11.6,10.87,11.34,13065360,KBS,2026-10-09T05:09:17Z
2020-12-01,HBC,11.17,11.98,11.08,11.9,14895610,KBS,2026-10-09T05:09:17Z
2020-12-02,HBC,11.9,12.15,11.55,11.64,10473790,KBS,2026-10-09T05:09:17Z
2020-12-03,HBC,11.64,11.85,11.6,11.68,6801670,KBS,2026-10-09T05:09:17Z
2020-12-04,HBC,11.68,12.24,11.6,11.98,10328580,KBS,2026-10-09T05:09:17Z
2020-12-07,HBC,12.03,12.54,11.9,12.28,10518300,KBS,2026-10-09T05:09:17Z
2020-12-08,HBC,12.33,12.46,11.98,12.28,9616610,KBS,2026-10-09T05:09:17Z
2020-12-09,HBC,12.28,12.37,11.98,11.98,9077600,KBS,2026-10-09T05:09:17Z
2020-12-10,HBC,12.03,12.11,11.51,11.51,11205690,KBS,2026-10-09T05:09:17Z
2020-12-11,HBC,11.6,12.28,11.51,12.24,14336680,KBS,2026-10-09T05:09:17Z
2020-12-14,HBC,12.5,12.77,12.46,12.59,8428180,KBS,2026-10-09T05:09:17Z
2020-12-15,HBC,12.42,12.85,12.37,12.5,8187660,KBS,2026-10-09T05:09:17Z
2020-12-16,HBC,12.55,12.68,12.42,12.59,8708350,KBS,2026-10-09T05:09:17Z
2020-12-17,HBC,12.59,13.03,12.5,12.68,9646800,KBS,2026-10-09T05:09:17Z
2020-12-18,HBC,12.85,13.43,12.59,13.25,12783950,KBS,2026-10-09T05:09:17Z
2020-12-21,HBC,13.25,13.56,13.16,13.34,8913510,KBS,2026-10-09T05:09:17Z
2020-12-22,HBC,13.34,13.6,13.16,13.47,6738520,KBS,2026-10-09T05:09:17Z
2020-12-23,HBC,13.47,14.39,13.47,13.78,12596490,KBS,2026-10-09T05:09:17Z
2020-12-24,HBC,13.86,14.3,12.9,13.73,12074580,KBS,2026-10-09T05:09:17Z
2020-12-25,HBC,13.73,14.39,13.38,14.35,9845220,KBS,2026-10-09T05:09:17Z
2020-12-28,HBC,14.57,14.92,14.26,14.52,7714680,KBS,2026-10-09T05:09:17Z
2020-12-29,HBC,14.35,14.79,14.3,14.39,7833060,KBS,2026-10-09T05:09:17Z
2020-12-30,HBC,14.43,14.52,13.91,13.95,8156110,KBS,2026-10-09T05:09:17Z
2020-12-31,HBC,14.04,14.13,13.69,14.08,7312750,KBS,2026-10-09T05:09:17Z
2021-01-04,HBC,14.17,14.87,14.17,14.7,9011700,KBS,2026-10-09T05:09:17Z
2021-01-05,HBC,14.57,14.79,14.39,14.61,6337900,KBS,2026-10-09T05:09:17Z
2021-01-06,HBC,14.61,15.14,14.52,14.7,11056500,KBS,2026-10-09T05:09:17Z
2021-01-07,HBC,14.65,15.09,14.48,15.05,8242700,KBS,2026-10-09T05:09:17Z
2021-01-08,HBC,15.09,15.27,14.79,14.92,6452800,KBS,2026-10-09T05:09:17Z
2021-01-11,HBC,14.92,15.05,14.61,14.65,9200600,KBS,2026-10-09T05:09:17Z
2021-01-12,HBC,14.7,15.4,14.48,15.18,10515200,KBS,2026-10-09T05:09:17Z
2021-01-13,HBC,15.36,15.36,14.96,15.09,5982200,KBS,2026-10-09T05:09:17Z
2021-01-14,HBC,15.0,15.14,14.79,14.92,4899500,KBS,2026-10-09T05:09:17Z
2021-01-15,HBC,15.09,15.31,14.92,15.0,6902100,KBS,2026-10-09T05:09:17Z
2021-01-18,HBC,15.05,15.14,14.87,14.87,6578600,KBS,2026-10-09T05:09:17Z
2021-01-19,HBC,14.87,14.87,13.86,13.86,5946600,KBS,2026-10-09T05:09:17Z
2021-01-20,HBC,14.04,14.04,12.9,13.16,6927500,KBS,2026-10-09T05:09:17Z
2021-01-21,HBC,13.51,14.08,13.16,14.08,5469500,KBS,2026-10-09T05:09:17Z
2021-01-22,HBC,14.43,15.05,14.39,14.65,7836400,KBS,2026-10-09T05:09:17Z
2021-01-25,HBC,14.48,15.66,14.48,15.66,16095900,KBS,2026-10-09T05:09:17Z
2021-01-26,HBC,16.06,16.72,15.53,16.58,16070900,KBS,2026-10-09T05:09:17Z
2021-01-27,HBC,16.23,17.51,16.06,16.58,11943000,KBS,2026-10-09T05:09:17Z
2021-01-28,HBC,15.44,16.15,15.44,15.44,7056200,KBS,2026-10-09T05:09:17Z
2021-01-29,HBC,14.39,15.79,14.39,14.83,11369600,KBS,2026-10-09T05:09:17Z
2021-02-01,HBC,14.7,14.7,13.82,13.82,10699400,KBS,2026-10-09T05:09:17Z
2021-02-02,HBC,12.85,14.21,12.85,13.6,14056800,KBS,2026-10-09T05:09:17Z
2021-02-03,HBC,13.95,14.39,13.25,14.21,7616000,KBS,2026-10-09T05:09:17Z
2021-02-04,HBC,14.04,14.52,13.86,13.86,6395600,KBS,2026-10-09T05:09:17Z
2021-02-05,HBC,13.86,14.43,13.78,14.17,8906500,KBS,2026-10-09T05:09:17Z
2021-02-08,HBC,14.17,14.65,13.25,13.47,7216700,KBS,2026-10-09T05:09:17Z
2021-02-09,HBC,13.6,14.0,13.38,13.82,4504600,KBS,2026-10-09T05:09:17Z
2021-02-17,HBC,14.13,14.79,13.86,14.79,6730800,KBS,2026-10-09T05:09:17Z
2021-02-18,HBC,14.79,15.22,14.57,14.79,6725900,KBS,2026-10-09T05:09:17Z
2021-02-19,HBC,14.65,15.36,14.65,14.96,5886400,KBS,2026-10-09T05:09:17Z
2021-02-22,HBC,15.0,15.97,14.92,15.79,13709700,KBS,2026-10-09T05:09:17Z
2021-02-23,HBC,15.88,16.23,15.66,15.71,7537100,KBS,2026-10-09T05:09:17Z
2021-02-24,HBC,15.71,15.79,15.0,15.18,8674000,KBS,2026-10-09T05:09:17Z
2021-02-25,HBC,15.27,15.53,15.09,15.22,8023000,KBS,2026-10-09T05:09:17Z
2021-02-26,HBC,14.79,15.71,14.65,15.53,6757500,KBS,2026-10-09T05:09:17Z
2021-03-01,HBC,15.62,16.28,15.53,16.1,8435900,KBS,2026-10-09T05:09:17Z
2021-03-02,HBC,16.23,16.23,15.62,15.79,6174200,KBS,2026-10-09T05:09:17Z
2021-03-03,HBC,15.84,16.63,15.66,16.45,10388400,KBS,2026-10-09T05:09:17Z
2021-03-04,HBC,16.58,16.67,15.36,15.53,8285000,KBS,2026-10-09T05:09:17Z
2021-03-05,HBC,15.53,15.97,15.27,15.75,6015400,KBS,2026-10-09T05:09:17Z
2021-03-08,HBC,16.01,16.54,15.84,16.19,11852300,KBS,2026-10-09T05:09:17Z
2021-03-09,HBC,16.01,16.89,15.79,16.5,12542300,KBS,2026-10-09T05:09:17Z
2021-03-10,HBC,16.67,16.8,16.32,16.41,6929600,KBS,2026-10-09T05:09:17Z
2021-03-11,HBC,16.76,16.93,16.45,16.54,7452500,KBS,2026-10-09T05:09:17Z
2021-03-12,HBC,16.45,16.63,16.06,16.15,8552800,KBS,2026-10-09T05:09:17Z
2021-03-15,HBC,16.15,16.32,15.93,16.1,7296300,KBS,2026-10-09T05:09:17Z
2021-03-16,HBC,16.06,16.28,15.84,15.88,5256600,KBS,2026-10-09T05:09:17Z
2021-03-17,HBC,15.97,16.19,15.84,15.97,3972800,KBS,2026-10-09T05:09:17Z
2021-03-18,HBC,16.23,16.32,15.97,16.06,5474300,KBS,2026-10-09T05:09:17Z
2021-03-19,HBC,15.93,16.23,15.93,15.97,4570800,KBS,2026-10-09T05:09:17Z
2021-03-22,HBC,16.01,16.32,15.88,16.1,5814100,KBS,2026-10-09T05:09:17Z
2021-03-23,HBC,16.23,16.72,16.1,16.28,8297800,KBS,2026-10-09T05:09:17Z
2021-03-24,HBC,16.19,16.58,15.93,15.97,7352000,KBS,2026-10-09T05:09:17Z
2021-03-25,HBC,16.06,16.28,15.71,15.71,4670800,KBS,2026-10-09T05:09:17Z
2021-03-26,HBC,15.53,15.79,14.61,15.18,9008300,KBS,2026-10-09T05:09:17Z
2021-03-29,HBC,15.18,15.62,15.18,15.49,4024900,KBS,2026-10-09T05:09:17Z
2021-03-30,HBC,15.53,15.62,15.4,15.53,3631700,KBS,2026-10-09T05:09:17Z
2021-03-31,HBC,15.53,16.06,15.53,15.57,5261800,KBS,2026-10-09T05:09:17Z
2021-04-01,HBC,15.75,15.97,15.71,15.88,3769300,KBS,2026-10-09T05:09:17Z
2021-04-02,HBC,16.15,16.19,15.88,15.97,3786800,KBS,2026-10-09T05:09:17Z
2021-04-05,HBC,16.15,16.36,15.88,15.88,5818000,KBS,2026-10-09T05:09:17Z
2021-04-06,HBC,15.88,16.19,15.79,15.79,4357600,KBS,2026-10-09T05:09:17Z
2021-04-07,HBC,16.19,16.89,15.97,16.89,16673900,KBS,2026-10-09T05:09:17Z
2021-04-08,HBC,17.15,17.29,16.67,16.67,6237900,KBS,2026-10-09T05:09:17Z
2021-04-09,HBC,16.67,17.02,16.67,16.67,4941200,KBS,2026-10-09T05:09:17Z
2021-04-12,HBC,16.72,17.07,16.5,16.85,8944800,KBS,2026-10-09T05:09:17Z
2021-04-13,HBC,16.85,16.98,16.15,16.15,8590600,KBS,2026-10-09T05:09:17Z
2021-04-14,HBC,16.06,16.23,15.71,16.23,5885900,KBS,2026-10-09T05:09:17Z
2021-04-15,HBC,16.32,16.32,15.71,15.75,7389400,KBS,2026-10-09T05:09:17Z
2021-04-16,HBC,15.71,15.97,15.0,15.18,6847700,KBS,2026-10-09T05:09:17Z
2021-04-19,HBC,15.62,15.71,15.14,15.49,4324200,KBS,2026-10-09T05:09:17Z
2021-04-20,HBC,15.53,15.62,15.18,15.18,4448100,KBS,2026-10-09T05:09:17Z
2021-04-22,HBC,15.09,15.31,14.13,14.13,5976600,KBS,2026-10-09T05:09:17Z
2021-04-23,HBC,14.13,14.65,14.04,14.65,4528800,KBS,2026-10-09T05:09:17Z
2021-04-26,HBC,14.65,14.65,13.78,13.78,4199700,KBS,2026-10-09T05:09:17Z
2021-04-27,HBC,13.78,13.86,13.38,13.69,3178500,KBS,2026-10-09T05:09:17Z
2021-04-28,HBC,13.69,14.08,13.6,13.91,2869200,KBS,2026-10-09T05:09:17Z
2021-04-29,HBC,14.04,14.39,13.91,13.95,2341000,KBS,2026-10-09T05:09:17Z
2021-05-04,HBC,13.43,13.6,13.12,13.25,5463000,KBS,2026-10-09T05:09:17Z
2021-05-05,HBC,13.43,13.91,13.43,13.73,4279700,KBS,2026-10-09T05:09:17Z
2021-05-06,HBC,14.08,14.39,13.91,14.0,4359600,KBS,2026-10-09T05:09:17Z
2021-05-07,HBC,13.95,14.0,13.34,13.43,4637800,KBS,2026-10-09T05:09:17Z
2021-05-10,HBC,13.21,13.38,12.81,12.94,6853600,KBS,2026-10-09T05:09:17Z
2021-05-11,HBC,12.99,13.82,12.99,13.82,5359400,KBS,2026-10-09T05:09:17Z
2021-05-12,HBC,14.0,14.26,13.82,14.04,4450000,KBS,2026-10-09T05:09:17Z
2021-05-13,HBC,14.04,14.13,13.51,13.51,4769600,KBS,2026-10-09T05:09:17Z
2021-05-14,HBC,13.51,13.86,13.51,13.6,3924100,KBS,2026-10-09T05:09:17Z
2021-05-17,HBC,13.6,13.86,13.29,13.29,3560700,KBS,2026-10-09T05:09:17Z
2021-05-18,HBC,13.34,13.43,12.99,13.03,2910600,KBS,2026-10-09T05:09:17Z
2021-05-19,HBC,12.99,13.12,12.64,12.64,6892500,KBS,2026-10-09T05:09:17Z
2021-05-20,HBC,12.72,13.25,12.72,12.85,4336400,KBS,2026-10-09T05:09:17Z
2021-05-21,HBC,12.9,13.51,12.9,12.94,4479200,KBS,2026-10-09T05:09:17Z
2021-05-24,HBC,13.16,13.69,13.12,13.38,6051600,KBS,2026-10-09T05:09:17Z
2021-05-25,HBC,13.51,13.56,13.16,13.16,3452000,KBS,2026-10-09T05:09:17Z
2021-05-26,HBC,13.16,13.25,12.94,12.94,4007600,KBS,2026-10-09T05:09:17Z
2021-05-27,HBC,12.94,13.03,12.55,12.55,4693600,KBS,2026-10-09T05:09:17Z
2021-05-28,HBC,12.55,12.9,12.55,12.64,4401800,KBS,2026-10-09T05:09:17Z
2021-05-31,HBC,12.64,12.81,12.2,12.2,5607300,KBS,2026-10-09T05:09:17Z
2021-06-01,HBC,12.37,13.03,12.28,13.03,5522600,KBS,2026-10-09T05:09:17Z
2021-06-02,HBC,13.34,13.34,12.85,12.9,4323000,KBS,2026-10-09T05:09:17Z
2021-06-03,HBC,13.16,13.34,12.9,13.25,6011900,KBS,2026-10-09T05:09:17Z
2021-06-04,HBC,13.25,13.56,13.12,13.34,6755300,KBS,2026-10-09T05:09:17Z
2021-06-07,HBC,13.43,14.04,13.43,13.69,8622500,KBS,2026-10-09T05:09:17Z
2021-06-08,HBC,13.78,14.0,13.34,13.34,5827900,KBS,2026-10-09T05:09:17Z
2021-06-09,HBC,13.25,13.43,12.81,13.07,4363700,KBS,2026-10-09T05:09:17Z
2021-06-10,HBC,13.07,13.29,12.9,12.99,3390400,KBS,2026-10-09T05:09:17Z
2021-06-11,HBC,13.16,13.6,12.99,13.47,5992300,KBS,2026-10-09T05:09:17Z
2021-06-14,HBC,13.51,13.78,13.34,13.34,4841200,KBS,2026-10-09T05:09:17Z
2021-06-15,HBC,13.34,14.0,13.34,13.78,6983200,KBS,2026-10-09T05:09:17Z
2021-06-16,HBC,13.78,14.21,13.78,13.95,7935700,KBS,2026-10-09T05:09:17Z
2021-06-17,HBC,13.82,14.48,13.69,14.39,7593800,KBS,2026-10-09T05:09:17Z
2021-06-18,HBC,14.48,14.48,14.21,14.3,5648400,KBS,2026-10-09T05:09:17Z
2021-06-21,HBC,14.3,14.35,13.86,13.86,5783000,KBS,2026-10-09T05:09:17Z
2021-06-22,HBC,14.17,14.21,13.95,14.04,6017400,KBS,2026-10-09T05:09:17Z
2021-06-23,HBC,14.04,14.7,14.04,14.35,8509500,KBS,2026-10-09T05:09:17Z
2021-06-24,HBC,14.39,14.39,14.0,14.13,3906500,KBS,2026-10-09T05:09:17Z
2021-06-25,HBC,14.13,14.17,13.82,13.91,3367900,KBS,2026-10-09T05:09:17Z
2021-06-28,HBC,13.95,14.04,13.51,13.73,6680200,KBS,2026-10-09T05:09:17Z
2021-06-29,HBC,13.78,14.0,13.6,13.73,4626100,KBS,2026-10-09T05:09:17Z
2021-06-30,HBC,13.82,13.86,13.51,13.56,3075000,KBS,2026-10-09T05:09:17Z
2021-07-01,HBC,13.56,13.69,13.34,13.38,4481400,KBS,2026-10-09T05:09:17Z
2021-07-02,HBC,13.38,13.47,13.25,13.25,4240200,KBS,2026-10-09T05:09:17Z
2021-07-05,HBC,13.34,13.34,12.9,12.94,4602400,KBS,2026-10-09T05:09:17Z
2021-07-06,HBC,13.16,13.16,12.55,12.55,2934600,KBS,2026-10-09T05:09:17Z
2021-07-07,HBC,12.64,12.64,12.11,12.28,4469400,KBS,2026-10-09T05:09:17Z
2021-07-08,HBC,12.46,12.64,12.28,12.28,2028800,KBS,2026-10-09T05:09:17Z
2021-07-09,HBC,12.28,12.46,11.8,11.8,3506000,KBS,2026-10-09T05:09:17Z
2021-07-12,HBC,11.58,11.63,11.01,11.01,6048600,KBS,2026-10-09T05:09:17Z
2021-07-13,HBC,11.1,11.23,10.79,11.1,3440200,KBS,2026-10-09T05:09:17Z
2021-07-14,HBC,11.14,11.54,11.06,11.19,3383200,KBS,2026-10-09T05:09:17Z
2021-07-15,HBC,11.23,11.89,11.19,11.71,3303600,KBS,2026-10-09T05:09:17Z
2021-07-16,HBC,11.71,11.8,11.54,11.54,2030800,KBS,2026-10-09T05:09:17Z
2021-07-19,HBC,11.23,11.32,10.75,10.92,3802600,KBS,2026-10-09T05:09:17Z
2021-07-20,HBC,10.88,11.06,10.66,11.01,2583700,KBS,2026-10-09T05:09:17Z
2021-07-21,HBC,11.06,11.32,11.01,11.06,1700200,KBS,2026-10-09T05:09:17Z
2021-07-22,HBC,11.06,11.58,11.06,11.45,3192400,KBS,2026-10-09T05:09:17Z
2021-07-23,HBC,11.49,11.67,11.19,11.19,3510400,KBS,2026-10-09T05:09:17Z
2021-07-26,HBC,11.06,11.32,11.01,11.23,1896100,KBS,2026-10-09T05:09:17Z
2021-07-27,HBC,11.41,11.58,11.28,11.32,2946000,KBS,2026-10-09T05:09:17Z
2021-07-28,HBC,11.28,11.54,11.23,11.32,2116300,KBS,2026-10-09T05:09:17Z
2021-07-29,HBC,11.45,11.76,11.45,11.63,3262600,KBS,2026-10-09T05:09:17Z
2021-07-30,HBC,11.85,12.07,11.8,11.85,3778800,KBS,2026-10-09T05:09:17Z
2021-08-02,HBC,11.85,11.93,11.67,11.67,2923900,KBS,2026-10-09T05:09:17Z
2021-08-03,HBC,11.76,11.8,11.54,11.58,2759600,KBS,2026-10-09T05:09:17Z
2021-08-04,HBC,11.67,11.93,11.58,11.89,3672900,KBS,2026-10-09T05:09:17Z
2021-08-05,HBC,11.89,12.46,11.76,12.37,5612700,KBS,2026-10-09T05:09:17Z
2021-08-06,HBC,12.37,12.81,12.37,12.5,7262000,KBS,2026-10-09T05:09:17Z
2021-08-09,HBC,12.46,12.72,12.33,12.55,3796900,KBS,2026-10-09T05:09:17Z
2021-08-10,HBC,12.81,12.81,12.46,12.55,5198800,KBS,2026-10-09T05:09:17Z
2021-08-11,HBC,12.55,12.72,12.37,12.37,4401500,KBS,2026-10-09T05:09:17Z
2021-08-12,HBC,12.28,13.21,12.24,13.21,11714000,KBS,2026-10-09T05:09:17Z
2021-08-13,HBC,13.51,13.82,13.21,13.69,11059100,KBS,2026-10-09T05:09:17Z
2021-08-16,HBC,14.04,14.13,13.78,13.82,7733800,KBS,2026-10-09T05:09:17Z
2021-08-17,HBC,13.82,13.82,13.25,13.34,7546700,KBS,2026-10-09T05:09:17Z
2021-08-18,HBC,13.25,13.6,13.21,13.29,5225200,KBS,2026-10-09T05:09:17Z
2021-08-19,HBC,13.38,13.78,13.25,13.64,5091400,KBS,2026-10-09T05:09:17Z
2021-08-20,HBC,13.51,13.82,12.72,12.9,9221500,KBS,2026-10-09T05:09:17Z
2021-08-23,HBC,12.81,12.99,12.11,12.11,6773600,KBS,2026-10-09T05:09:17Z
2021-08-24,HBC,12.11,12.37,12.02,12.07,4834500,KBS,2026-10-09T05:09:17Z
2021-08-25,HBC,12.2,12.37,12.07,12.33,2761200,KBS,2026-10-09T05:09:17Z
2021-08-26,HBC,12.46,12.72,12.24,12.28,3141100,KBS,2026-10-09T05:09:17Z
2021-08-27,HBC,12.24,12.72,12.2,12.72,3820600,KBS,2026-10-09T05:09:17Z
2021-08-30,HBC,12.99,13.34,12.9,13.21,5941800,KBS,2026-10-09T05:09:17Z
2021-08-31,HBC,13.29,13.29,12.9,12.94,5264400,KBS,2026-10-09T05:09:17Z
2021-09-01,HBC,12.94,13.34,12.9,13.34,5142400,KBS,2026-10-09T05:09:17Z
2021-09-06,HBC,13.51,14.26,13.51,14.26,13073600,KBS,2026-10-09T05:09:17Z
2021-09-07,HBC,14.39,14.48,13.47,13.64,9377900,KBS,2026-10-09T05:09:17Z
2021-09-08,HBC,13.64,13.73,13.34,13.47,5190400,KBS,2026-10-09T05:09:17Z
2021-09-09,HBC,13.47,13.82,13.43,13.73,3866600,KBS,2026-10-09T05:09:17Z
2021-09-10,HBC,13.73,14.21,13.56,13.56,5919400,KBS,2026-10-09T05:09:17Z
2021-09-13,HBC,13.51,13.64,13.12,13.12,5764800,KBS,2026-10-09T05:09:17Z
2021-09-14,HBC,12.99,13.25,12.9,12.9,4268600,KBS,2026-10-09T05:09:17Z
2021-09-15,HBC,12.9,13.43,12.77,13.38,4048200,KBS,2026-10-09T05:09:17Z
2021-09-16,HBC,13.51,13.64,13.29,13.29,3176900,KBS,2026-10-09T05:09:17Z
2021-09-17,HBC,13.43,13.69,13.29,13.38,4666600,KBS,2026-10-09T05:09:17Z
2021-09-20,HBC,13.6,13.73,13.34,13.38,5899900,KBS,2026-10-09T05:09:17Z
2021-09-21,HBC,13.16,13.34,13.03,13.16,4365500,KBS,2026-10-09T05:09:17Z
2021-09-22,HBC,13.16,14.04,13.16,14.04,11116600,KBS,2026-10-09T05:09:17Z
2021-09-23,HBC,14.21,14.21,13.64,13.64,6635700,KBS,2026-10-09T05:09:17Z
2021-09-24,HBC,13.69,14.39,13.56,13.86,9963000,KBS,2026-10-09T05:09:17Z
2021-09-27,HBC,13.86,14.39,13.73,13.78,9232300,KBS,2026-10-09T05:09:17Z
2021-09-28,HBC,13.78,14.04,13.69,13.78,6331000,KBS,2026-10-09T05:09:17Z
2021-09-29,HBC,14.14,14.7,13.87,14.65,10285900,KBS,2026-10-09T05:09:17Z
2021-09-30,HBC,14.65,14.7,14.42,14.47,4601900,KBS,2026-10-09T05:09:17Z
2021-10-01,HBC,14.33,14.88,14.33,14.56,7446200,KBS,2026-10-09T05:09:17Z
2021-10-04,HBC,14.56,15.11,14.38,14.84,8526800,KBS,2026-10-09T05:09:17Z
2021-10-05,HBC,14.84,15.02,14.74,14.74,4338900,KBS,2026-10-09T05:09:17Z
2021-10-06,HBC,14.84,15.48,14.74,15.34,11243300,KBS,2026-10-09T05:09:17Z
2021-10-07,HBC,15.48,15.57,15.16,15.2,7164000,KBS,2026-10-09T05:09:17Z
2021-10-08,HBC,15.3,15.57,15.07,15.07,6523900,KBS,2026-10-09T05:09:17Z
2021-10-11,HBC,15.16,15.3,14.79,15.07,9291400,KBS,2026-10-09T05:09:17Z
2021-10-12,HBC,15.11,15.39,15.02,15.07,5963800,KBS,2026-10-09T05:09:17Z
2021-10-13,HBC,15.2,15.43,15.11,15.16,6172700,KBS,2026-10-09T05:09:17Z
2021-10-14,HBC,15.3,15.43,15.16,15.25,5781900,KBS,2026-10-09T05:09:17Z
2021-10-15,HBC,15.3,15.34,14.74,14.84,8939100,KBS,2026-10-09T05:09:17Z
2021-10-18,HBC,14.84,14.97,14.38,14.38,11088600,KBS,2026-10-09T05:09:17Z
2021-10-19,HBC,14.42,14.7,14.38,14.56,4523400,KBS,2026-10-09T05:09:17Z
2021-10-20,HBC,14.65,14.93,14.47,14.65,4040400,KBS,2026-10-09T05:09:17Z
2021-10-21,HBC,14.79,14.84,14.51,14.56,3685500,KBS,2026-10-09T05:09:17Z
2021-10-22,HBC,14.74,15.57,14.7,15.57,17475700,KBS,2026-10-09T05:09:17Z
2021-10-25,HBC,15.67,16.36,15.67,16.08,12930000,KBS,2026-10-09T05:09:17Z
2021-10-26,HBC,15.9,16.22,15.67,16.03,6104000,KBS,2026-10-09T05:09:17Z
2021-10-27,HBC,16.13,16.72,16.03,16.45,11248100,KBS,2026-10-09T05:09:17Z
2021-10-28,HBC,16.45,16.63,16.22,16.31,6910800,KBS,2026-10-09T05:09:17Z
2021-10-29,HBC,16.59,17.42,16.54,17.42,15660500,KBS,2026-10-09T05:09:17Z
2021-11-01,HBC,17.92,18.61,17.78,18.61,13455700,KBS,2026-10-09T05:09:17Z
2021-11-02,HBC,18.61,19.72,18.61,19.35,9960900,KBS,2026-10-09T05:09:17Z
2021-11-03,HBC,19.26,19.35,18.01,18.01,22029700,KBS,2026-10-09T05:09:17Z
2021-11-04,HBC,18.01,19.26,17.51,19.26,13291400,KBS,2026-10-09T05:09:17Z
2021-11-05,HBC,20.0,20.6,19.86,20.18,9377600,KBS,2026-10-09T05:09:17Z
2021-11-08,HBC,20.13,21.1,19.81,20.27,12137500,KBS,2026-10-09T05:09:17Z
2021-11-09,HBC,20.18,20.87,20.0,20.41,9297900,KBS,2026-10-09T05:09:17Z
2021-11-10,HBC,20.55,21.84,20.55,21.84,9457800,KBS,2026-10-09T05:09:17Z
2021-11-11,HBC,22.48,22.76,21.19,21.93,15321600,KBS,2026-10-09T05:09:17Z
2021-11-12,HBC,21.93,22.07,21.38,21.79,8600800,KBS,2026-10-09T05:09:17Z
2021-11-15,HBC,21.61,22.76,21.29,21.65,13703200,KBS,2026-10-09T05:09:17Z
2021-11-16,HBC,21.38,23.13,21.1,23.13,18088200,KBS,2026-10-09T05:09:17Z
2021-11-17,HBC,23.22,23.82,22.76,23.77,6464800,KBS,2026-10-09T05:09:17Z
2021-11-18,HBC,23.5,24.42,23.31,23.96,8935000,KBS,2026-10-09T05:09:17Z
2021-11-19,HBC,23.68,24.33,22.3,22.44,19571700,KBS,2026-10-09T05:09:17Z
2021-11-22,HBC,22.48,22.99,20.87,20.87,12882700,KBS,2026-10-09T05:09:17Z
2021-11-23,HBC,20.55,22.3,20.55,22.3,8884100,KBS,2026-10-09T05:09:17Z
2021-11-24,HBC,23.68,23.82,23.04,23.64,10510400,KBS,2026-10-09T05:09:17Z
2021-11-25,HBC,23.64,24.56,23.18,23.59,10666900,KBS,2026-10-09T05:09:17Z
2021-11-26,HBC,23.5,24.14,22.76,23.18,9348900,KBS,2026-10-09T05:09:17Z
2021-11-29,HBC,22.3,24.33,22.3,23.96,12893000,KBS,2026-10-09T05:09:17Z
2021-11-30,HBC,24.05,25.29,24.05,24.83,11511600,KBS,2026-10-09T05:09:17Z
2021-12-01,HBC,24.83,25.06,24.19,24.79,6601300,KBS,2026-10-09T05:09:17Z
2021-12-02,HBC,24.56,25.11,23.59,23.59,9599100,KBS,2026-10-09T05:09:17Z
2021-12-03,HBC,23.64,23.96,22.12,22.12,12346800,KBS,2026-10-09T05:09:17Z
2021-12-06,HBC,22.12,22.85,21.01,21.29,8514000,KBS,2026-10-09T05:09:17Z
2021-12-07,HBC,21.79,22.76,21.29,22.76,6255100,KBS,2026-10-09T05:09:17Z
2021-12-08,HBC,22.85,23.5,22.81,23.13,4788500,KBS,2026-10-09T05:09:17Z
2021-12-09,HBC,22.58,23.87,22.58,23.68,6629900,KBS,2026-10-09T05:09:17Z
2021-12-10,HBC,23.59,24.23,23.31,23.36,7458500,KBS,2026-10-09T05:09:17Z
2021-12-13,HBC,23.73,24.97,23.54,24.97,13453700,KBS,2026-10-09T05:09:17Z
2021-12-14,HBC,24.97,26.26,24.7,25.06,8905400,KBS,2026-10-09T05:09:17Z
2021-12-15,HBC,24.88,25.29,23.82,24.0,10483400,KBS,2026-10-09T05:09:17Z
2021-12-16,HBC,23.96,24.88,23.68,24.88,9689900,KBS,2026-10-09T05:09:17Z
2021-12-17,HBC,25.16,25.71,24.19,24.42,10734800,KBS,2026-10-09T05:09:17Z
2021-12-20,HBC,24.37,24.42,23.36,23.5,9358900,KBS,2026-10-09T05:09:17Z
2021-12-21,HBC,23.22,24.28,23.22,23.91,5790100,KBS,2026-10-09T05:09:17Z
2021-12-22,HBC,23.96,24.83,23.87,24.19,8152400,KBS,2026-10-09T05:09:17Z
2021-12-23,HBC,24.33,25.85,24.0,25.85,22765100,KBS,2026-10-09T05:09:17Z
2021-12-24,HBC,26.72,26.95,25.8,26.17,9934300,KBS,2026-10-09T05:09:17Z
2021-12-27,HBC,26.35,26.63,25.34,26.45,7622900,KBS,2026-10-09T05:09:17Z
2021-12-28,HBC,26.49,28.29,26.49,27.74,16161700,KBS,2026-10-09T05:09:17Z
2021-12-29,HBC,28.01,29.21,27.92,28.29,6971300,KBS,2026-10-09T05:09:17Z
2021-12-30,HBC,28.29,28.57,27.37,27.6,8356100,KBS,2026-10-09T05:09:17Z
2021-12-31,HBC,27.74,28.93,27.28,27.87,7301500,KBS,2026-10-09T05:09:17Z
2022-01-04,HBC,28.57,29.81,28.11,29.81,6863600,KBS,2026-10-09T05:09:17Z
2022-01-05,HBC,30.87,31.88,30.32,30.32,15707900,KBS,2026-10-09T05:09:17Z
2022-01-06,HBC,30.04,31.74,29.76,31.15,7881300,KBS,2026-10-09T05:09:17Z
2022-01-07,HBC,30.87,31.79,30.59,31.79,8015800,KBS,2026-10-09T05:09:17Z
2022-01-10,HBC,31.33,32.48,29.58,29.58,14170700,KBS,2026-10-09T05:09:17Z
2022-01-11,HBC,29.3,31.19,28.38,29.81,12930500,KBS,2026-10-09T05:09:17Z
2022-01-12,HBC,28.75,30.36,27.74,28.57,17065500,KBS,2026-10-09T05:09:17Z
2022-01-13,HBC,29.49,29.67,26.58,26.58,13129800,KBS,2026-10-09T05:09:17Z
2022-01-14,HBC,25.66,28.43,25.62,28.43,11050200,KBS,2026-10-09T05:09:17Z
2022-01-17,HBC,28.75,29.03,26.45,26.45,9419500,KBS,2026-10-09T05:09:17Z
2022-01-18,HBC,25.85,28.11,25.34,27.0,9226400,KBS,2026-10-09T05:09:17Z
2022-01-19,HBC,27.64,28.06,27.05,27.18,5859200,KBS,2026-10-09T05:09:17Z
2022-01-20,HBC,27.18,29.07,27.18,29.07,7830300,KBS,2026-10-09T05:09:17Z
2022-01-21,HBC,29.49,30.27,28.93,29.03,7413000,KBS,2026-10-09T05:09:17Z
2022-01-24,HBC,28.38,28.84,27.0,27.0,8636000,KBS,2026-10-09T05:09:17Z
2022-01-25,HBC,26.35,28.75,26.26,28.66,7433900,KBS,2026-10-09T05:09:17Z
2022-01-26,HBC,29.49,29.49,27.64,27.64,5827600,KBS,2026-10-09T05:09:17Z
2022-01-27,HBC,27.46,28.01,26.91,27.14,4260900,KBS,2026-10-09T05:09:17Z
2022-01-28,HBC,27.18,27.55,25.25,25.25,14728200,KBS,2026-10-09T05:09:17Z
2022-02-07,HBC,25.62,26.12,24.05,25.25,6786500,KBS,2026-10-09T05:09:17Z
2022-02-08,HBC,25.25,25.34,23.5,23.5,17731500,KBS,2026-10-09T05:09:17Z
2022-02-09,HBC,23.13,25.11,23.04,24.42,8959100,KBS,2026-10-09T05:09:17Z
2022-02-10,HBC,24.79,25.06,24.14,24.65,3182800,KBS,2026-10-09T05:09:17Z
2022-02-11,HBC,24.33,24.42,24.0,24.05,4777600,KBS,2026-10-09T05:09:17Z
2022-02-14,HBC,23.5,24.74,23.5,24.05,6186300,KBS,2026-10-09T05:09:17Z
2022-02-15,HBC,24.05,24.37,23.73,24.19,3363700,KBS,2026-10-09T05:09:17Z
2022-02-16,HBC,24.37,25.29,24.33,24.93,6124900,KBS,2026-10-09T05:09:17Z
2022-02-17,HBC,24.93,25.43,24.65,24.7,5596100,KBS,2026-10-09T05:09:17Z
2022-02-18,HBC,24.51,25.2,24.42,25.06,4855400,KBS,2026-10-09T05:09:17Z
2022-02-21,HBC,25.16,26.63,25.06,26.63,10557400,KBS,2026-10-09T05:09:17Z
2022-02-22,HBC,26.03,26.63,25.62,25.99,9030200,KBS,2026-10-09T05:09:17Z
2022-02-23,HBC,26.17,27.14,26.08,26.49,5675700,KBS,2026-10-09T05:09:17Z
2022-02-24,HBC,26.35,26.72,24.65,25.16,11679800,KBS,2026-10-09T05:09:17Z
2022-02-25,HBC,25.62,25.99,25.29,25.52,5067800,KBS,2026-10-09T05:09:17Z
2022-02-28,HBC,25.34,25.57,24.97,25.02,5150300,KBS,2026-10-09T05:09:17Z
2022-03-01,HBC,24.93,25.85,24.93,25.52,4735100,KBS,2026-10-09T05:09:17Z
2022-03-02,HBC,25.43,25.71,24.74,24.83,5450100,KBS,2026-10-09T05:09:17Z
2022-03-03,HBC,25.06,25.16,24.23,24.65,6811300,KBS,2026-10-09T05:09:17Z
2022-03-04,HBC,24.83,26.17,24.79,25.71,7687200,KBS,2026-10-09T05:09:17Z
2022-03-07,HBC,25.29,25.71,24.97,25.25,4648100,KBS,2026-10-09T05:09:17Z
2022-03-08,HBC,24.88,25.29,24.42,24.6,5718400,KBS,2026-10-09T05:09:17Z
2022-03-09,HBC,24.6,24.79,23.91,23.96,6220800,KBS,2026-10-09T05:09:17Z
2022-03-10,HBC,24.7,24.7,23.96,23.96,4536400,KBS,2026-10-09T05:09:17Z
2022-03-11,HBC,23.96,24.79,23.96,24.1,4743800,KBS,2026-10-09T05:09:17Z
2022-03-14,HBC,24.05,24.79,23.04,24.42,4689300,KBS,2026-10-09T05:09:17Z
2022-03-15,HBC,24.42,26.12,24.28,25.99,11722200,KBS,2026-10-09T05:09:17Z
2022-03-16,HBC,26.26,26.26,25.39,25.43,4764100,KBS,2026-10-09T05:09:17Z
2022-03-17,HBC,25.62,26.03,25.52,25.57,3560200,KBS,2026-10-09T05:09:17Z
2022-03-18,HBC,25.57,26.08,25.39,25.43,6100300,KBS,2026-10-09T05:09:17Z
2022-03-21,HBC,25.39,26.26,25.39,25.89,5669800,KBS,2026-10-09T05:09:17Z
2022-03-22,HBC,25.94,27.09,25.89,26.35,10587800,KBS,2026-10-09T05:09:17Z
2022-03-23,HBC,26.63,26.91,26.26,26.4,6361300,KBS,2026-10-09T05:09:17Z
2022-03-24,HBC,26.26,27.6,26.26,27.18,8321600,KBS,2026-10-09T05:09:17Z
2022-03-25,HBC,27.37,27.37,26.54,26.63,5185000,KBS,2026-10-09T05:09:17Z
2022-03-28,HBC,26.17,26.45,24.97,25.57,7633300,KBS,2026-10-09T05:09:17Z
2022-03-29,HBC,25.71,26.49,25.34,26.03,4765700,KBS,2026-10-09T05:09:17Z
2022-03-30,HBC,25.8,26.54,24.97,25.06,5477600,KBS,2026-10-09T05:09:17Z
2022-03-31,HBC,25.34,25.52,24.88,24.88,2936600,KBS,2026-10-09T05:09:17Z
2022-04-01,HBC,24.7,25.52,24.51,25.52,4009300,KBS,2026-10-09T05:09:17Z
2022-04-04,HBC,25.71,26.08,25.34,25.71,3906200,KBS,2026-10-09T05:09:17Z
2022-04-05,HBC,25.71,26.82,25.71,26.54,7805100,KBS,2026-10-09T05:09:17Z
2022-04-06,HBC,26.26,27.14,25.85,26.08,6068600,KBS,2026-10-09T05:09:17Z
2022-04-07,HBC,26.12,26.31,25.16,25.16,3319800,KBS,2026-10-09T05:09:17Z
2022-04-08,HBC,25.34,25.76,24.88,25.06,4727500,KBS,2026-10-09T05:09:17Z
2022-04-12,HBC,25.52,25.76,23.96,23.96,4295600,KBS,2026-10-09T05:09:17Z
2022-04-13,HBC,24.42,24.6,23.04,24.51,4941400,KBS,2026-10-09T05:09:17Z
2022-04-14,HBC,24.79,24.79,24.1,24.1,2837200,KBS,2026-10-09T05:09:17Z
2022-04-15,HBC,24.1,24.37,23.04,23.04,6346300,KBS,2026-10-09T05:09:17Z
2022-04-18,HBC,23.04,23.04,21.42,21.42,9840300,KBS,2026-10-09T05:09:17Z
2022-04-19,HBC,21.24,21.7,19.95,19.95,7374900,KBS,2026-10-09T05:09:17Z
2022-04-20,HBC,19.44,19.77,18.57,18.57,7206800,KBS,2026-10-09T05:09:17Z
2022-04-21,HBC,17.6,18.52,17.28,17.28,8171800,KBS,2026-10-09T05:09:17Z
2022-04-22,HBC,17.78,18.43,16.22,17.69,4904100,KBS,2026-10-09T05:09:17Z
2022-04-25,HBC,18.43,18.43,16.59,16.63,5092800,KBS,2026-10-09T05:09:17Z
2022-04-26,HBC,16.68,17.78,16.4,17.78,6731400,KBS,2026-10-09T05:09:17Z
2022-04-27,HBC,18.34,19.03,18.11,19.03,3566700,KBS,2026-10-09T05:09:17Z
2022-04-28,HBC,19.58,20.32,19.35,19.54,9376500,KBS,2026-10-09T05:09:17Z
2022-04-29,HBC,19.26,20.0,19.07,19.9,5192800,KBS,2026-10-09T05:09:17Z
2022-05-04,HBC,19.77,21.29,19.44,21.01,5853500,KBS,2026-10-09T05:09:17Z
2022-05-05,HBC,21.01,21.15,19.58,20.04,6270700,KBS,2026-10-09T05:09:17Z
2022-05-06,HBC,19.07,20.13,19.07,19.21,3461000,KBS,2026-10-09T05:09:17Z
2022-05-09,HBC,18.61,18.89,17.88,17.88,4906100,KBS,2026-10-09T05:09:17Z
2022-05-10,HBC,16.86,18.98,16.86,18.98,4551700,KBS,2026-10-09T05:09:17Z
2022-05-11,HBC,19.21,19.58,18.8,19.49,2598300,KBS,2026-10-09T05:09:17Z
2022-05-12,HBC,18.98,19.26,18.15,18.15,3178000,KBS,2026-10-09T05:09:17Z
2022-05-13,HBC,18.11,18.15,16.91,16.91,4578300,KBS,2026-10-09T05:09:17Z
2022-05-16,HBC,17.51,17.88,16.59,16.59,2842300,KBS,2026-10-09T05:09:17Z
2022-05-17,HBC,16.63,17.74,16.59,17.74,3680700,KBS,2026-10-09T05:09:17Z
2022-05-18,HBC,18.52,18.94,18.25,18.52,4984800,KBS,2026-10-09T05:09:17Z
2022-05-19,HBC,18.43,19.26,18.06,19.21,4301900,KBS,2026-10-09T05:09:17Z
2022-05-20,HBC,19.35,19.81,18.94,19.07,4687000,KBS,2026-10-09T05:09:17Z
2022-05-23,HBC,19.3,19.49,18.01,18.25,4056900,KBS,2026-10-09T05:09:17Z
2022-05-24,HBC,18.34,19.49,17.78,19.49,5289600,KBS,2026-10-09T05:09:17Z
2022-05-25,HBC,20.09,20.64,19.81,20.04,6019200,KBS,2026-10-09T05:09:17Z
2022-05-26,HBC,19.95,20.64,19.86,19.9,4413800,KBS,2026-10-09T05:09:17Z
2022-05-27,HBC,19.81,20.5,19.67,20.09,4768300,KBS,2026-10-09T05:09:17Z
2022-05-30,HBC,20.18,20.83,19.86,20.13,4529900,KBS,2026-10-09T05:09:17Z
2022-05-31,HBC,20.0,21.06,19.86,20.41,7374500,KBS,2026-10-09T05:09:17Z
2022-06-01,HBC,20.55,20.69,19.9,20.23,3545000,KBS,2026-10-09T05:09:17Z
2022-06-02,HBC,20.46,21.1,20.18,21.01,7109000,KBS,2026-10-09T05:09:17Z
2022-06-03,HBC,20.92,21.93,20.73,21.42,6882000,KBS,2026-10-09T05:09:17Z
2022-06-06,HBC,21.42,21.79,19.95,19.95,7033600,KBS,2026-10-09T05:09:17Z
2022-06-07,HBC,19.54,19.95,18.61,19.26,8819600,KBS,2026-10-09T05:09:17Z
2022-06-08,HBC,19.63,20.23,19.35,20.04,4367000,KBS,2026-10-09T05:09:17Z
2022-06-09,HBC,19.9,20.41,19.9,20.09,2472600,KBS,2026-10-09T05:09:17Z
2022-06-10,HBC,19.81,20.04,18.89,18.89,5806400,KBS,2026-10-09T05:09:17Z
2022-06-13,HBC,17.97,18.57,17.6,17.6,6539900,KBS,2026-10-09T05:09:17Z
2022-06-14,HBC,17.51,17.97,17.05,17.14,4083500,KBS,2026-10-09T05:09:17Z
2022-06-15,HBC,17.14,17.6,15.94,15.94,6597400,KBS,2026-10-09T05:09:17Z
2022-06-16,HBC,16.49,16.59,15.76,15.9,2920000,KBS,2026-10-09T05:09:17Z
2022-06-17,HBC,15.02,15.39,14.79,15.3,5552300,KBS,2026-10-09T05:09:17Z
2022-06-20,HBC,15.48,15.85,14.24,14.24,5226100,KBS,2026-10-09T05:09:17Z
2022-06-21,HBC,14.42,15.2,14.1,15.2,6570600,KBS,2026-10-09T05:09:17Z
2022-06-22,HBC,15.85,16.13,15.76,15.85,3431900,KBS,2026-10-09T05:09:17Z
2022-06-23,HBC,15.99,16.08,15.71,16.08,2597400,KBS,2026-10-09T05:09:17Z
2022-06-24,HBC,16.03,16.77,15.76,15.99,6467400,KBS,2026-10-09T05:09:17Z
2022-06-27,HBC,16.31,16.72,16.13,16.49,2577900,KBS,2026-10-09T05:09:17Z
2022-06-28,HBC,16.49,17.0,16.49,16.68,2822900,KBS,2026-10-09T05:09:17Z
2022-06-29,HBC,16.4,16.68,16.03,16.13,5039700,KBS,2026-10-09T05:09:17Z
2022-06-30,HBC,16.13,16.45,15.3,15.34,3012700,KBS,2026-10-09T05:09:17Z
2022-07-01,HBC,15.43,16.4,15.11,16.4,4932600,KBS,2026-10-09T05:09:17Z
2022-07-04,HBC,16.63,16.96,16.54,16.63,2792700,KBS,2026-10-09T05:09:17Z
2022-07-05,HBC,16.63,16.86,16.31,16.31,2826700,KBS,2026-10-09T05:09:17Z
2022-07-06,HBC,16.03,16.54,15.85,16.31,4090000,KBS,2026-10-09T05:09:17Z
2022-07-07,HBC,16.4,17.42,16.4,17.42,6311800,KBS,2026-10-09T05:09:17Z
2022-07-08,HBC,17.69,18.25,17.51,17.78,3872300,KBS,2026-10-09T05:09:17Z
2022-07-11,HBC,17.46,18.2,17.28,17.88,4310100,KBS,2026-10-09T05:09:17Z
2022-07-12,HBC,17.83,18.34,17.6,18.25,5846400,KBS,2026-10-09T05:09:17Z
2022-07-13,HBC,18.25,18.57,17.69,17.78,6433200,KBS,2026-10-09T05:09:17Z
2022-07-14,HBC,17.65,18.15,17.6,17.97,3180700,KBS,2026-10-09T05:09:17Z
2022-07-15,HBC,18.15,18.61,17.92,17.92,6014800,KBS,2026-10-09T05:09:17Z
2022-07-18,HBC,18.01,18.75,17.83,18.06,7600000,KBS,2026-10-09T05:09:17Z
2022-07-19,HBC,18.11,18.25,17.69,18.06,2723800,KBS,2026-10-09T05:09:17Z
2022-07-20,HBC,18.43,19.3,18.34,19.3,12271800,KBS,2026-10-09T05:09:17Z
2022-07-21,HBC,19.3,19.3,18.71,18.71,4793700,KBS,2026-10-09T05:09:17Z
2022-07-22,HBC,18.71,19.03,18.25,18.25,3754000,KBS,2026-10-09T05:09:17Z
2022-07-25,HBC,18.34,19.07,18.34,18.8,5215100,KBS,2026-10-09T05:09:17Z
2022-07-26,HBC,18.75,19.58,18.75,18.8,5090400,KBS,2026-10-09T05:09:17Z
2022-07-27,HBC,18.61,19.07,18.43,18.94,3554100,KBS,2026-10-09T05:09:17Z
2022-07-28,HBC,19.26,19.67,18.94,18.94,7105000,KBS,2026-10-09T05:09:17Z
2022-07-29,HBC,18.98,19.17,18.71,18.75,4904200,KBS,2026-10-09T05:09:17Z
2022-08-01,HBC,18.75,19.81,18.75,19.72,9391100,KBS,2026-10-09T05:09:17Z
2022-08-02,HBC,19.72,20.0,19.4,19.49,6471400,KBS,2026-10-09T05:09:17Z
2022-08-03,HBC,19.35,19.77,19.21,19.63,4653800,KBS,2026-10-09T05:09:17Z
2022-08-04,HBC,20.0,20.18,19.54,19.54,7038600,KBS,2026-10-09T05:09:17Z
2022-08-05,HBC,19.54,19.81,19.3,19.67,4144700,KBS,2026-10-09T05:09:17Z
2022-08-08,HBC,19.86,19.86,19.35,19.58,3910200,KBS,2026-10-09T05:09:17Z
2022-08-09,HBC,19.67,20.18,19.54,19.86,6523300,KBS,2026-10-09T05:09:17Z
2022-08-10,HBC,19.72,20.64,19.67,20.36,6680000,KBS,2026-10-09T05:09:17Z
2022-08-11,HBC,20.73,20.73,19.4,19.77,9015100,KBS,2026-10-09T05:09:17Z
2022-08-12,HBC,19.77,20.09,19.44,20.09,5442700,KBS,2026-10-09T05:09:17Z
2022-08-15,HBC,20.23,20.36,19.86,19.9,4934700,KBS,2026-10-09T05:09:17Z
2022-08-16,HBC,20.0,20.83,19.9,20.6,6956100,KBS,2026-10-09T05:09:17Z
2022-08-17,HBC,20.6,20.73,20.04,20.27,6114000,KBS,2026-10-09T05:09:17Z
2022-08-18,HBC,20.27,20.36,19.81,19.81,4242300,KBS,2026-10-09T05:09:17Z
2022-08-19,HBC,20.0,20.18,19.54,19.77,4888900,KBS,2026-10-09T05:09:17Z
2022-08-22,HBC,19.54,19.77,19.26,19.35,5098100,KBS,2026-10-09T05:09:17Z
2022-08-23,HBC,19.07,20.0,19.03,19.95,4585100,KBS,2026-10-09T05:09:17Z
2022-08-24,HBC,20.4,20.6,20.2,20.3,3178500,KBS,2026-10-09T05:09:17Z
2022-08-25,HBC,20.35,20.65,20.3,20.35,2771500,KBS,2026-10-09T05:09:17Z
2022-08-26,HBC,20.4,20.55,19.95,20.0,4974300,KBS,2026-10-09T05:09:17Z
2022-08-29,HBC,19.45,19.9,19.05,19.5,5177700,KBS,2026-10-09T05:09:17Z
2022-08-30,HBC,19.7,19.9,19.2,19.2,2229600,KBS,2026-10-09T05:09:17Z
2022-08-31,HBC,19.2,19.65,19.1,19.5,2497700,KBS,2026-10-09T05:09:17Z
2022-09-05,HBC,19.5,19.75,19.4,19.4,1454700,KBS,2026-10-09T05:09:17Z
2022-09-06,HBC,19.35,20.2,19.3,19.85,4582200,KBS,2026-10-09T05:09:17Z
2022-09-07,HBC,19.85,20.4,19.55,19.55,4927200,KBS,2026-10-09T05:09:17Z
2022-09-08,HBC,19.7,19.7,18.8,19.0,4328900,KBS,2026-10-09T05:09:17Z
2022-09-09,HBC,19.2,19.2,18.0,19.0,4454000,KBS,2026-10-09T05:09:17Z
2022-09-12,HBC,19.1,19.5,19.0,19.1,1544800,KBS,2026-10-09T05:09:17Z
2022-09-13,HBC,19.05,19.2,18.55,19.2,2331300,KBS,2026-10-09T05:09:17Z
2022-09-14,HBC,18.9,19.7,18.5,19.25,3401900,KBS,2026-10-09T05:09:17Z
2022-09-15,HBC,19.5,19.7,19.3,19.3,2256300,KBS,2026-10-09T05:09:17Z
2022-09-16,HBC,19.1,19.3,18.8,18.8,2238000,KBS,2026-10-09T05:09:17Z
2022-09-19,HBC,18.8,19.3,18.0,18.55,4299900,KBS,2026-10-09T05:09:17Z
2022-09-20,HBC,18.6,18.85,18.15,18.65,1979900,KBS,2026-10-09T05:09:17Z
2022-09-21,HBC,18.65,19.1,18.4,18.6,2110900,KBS,2026-10-09T05:09:17Z
2022-09-22,HBC,18.4,18.85,18.3,18.8,2591000,KBS,2026-10-09T05:09:17Z
2022-09-23,HBC,18.85,19.8,18.75,19.7,7293300,KBS,2026-10-09T05:09:17Z
2022-09-26,HBC,19.45,19.85,18.85,19.3,5605100,KBS,2026-10-09T05:09:17Z
2022-09-27,HBC,19.4,19.95,19.25,19.5,5083900,KBS,2026-10-09T05:09:17Z
2022-09-28,HBC,19.3,19.5,18.15,18.15,8435900,KBS,2026-10-09T05:09:17Z
2022-09-29,HBC,18.25,18.3,16.9,17.0,6853900,KBS,2026-10-09T05:09:17Z
2022-09-30,HBC,16.55,16.75,15.85,16.35,3956600,KBS,2026-10-09T05:09:17Z
2022-10-03,HBC,16.4,16.5,15.25,15.25,2458800,KBS,2026-10-09T05:09:17Z
2022-10-04,HBC,15.5,15.8,14.45,14.45,3367100,KBS,2026-10-09T05:09:17Z
2022-10-05,HBC,14.8,15.3,14.75,15.1,3055500,KBS,2026-10-09T05:09:17Z
2022-10-06,HBC,15.1,15.2,14.2,14.2,1865600,KBS,2026-10-09T05:09:17Z
2022-10-07,HBC,13.8,13.9,13.25,13.25,3961300,KBS,2026-10-09T05:09:17Z
2022-10-10,HBC,12.85,13.8,12.8,13.65,2321100,KBS,2026-10-09T05:09:17Z
2022-10-11,HBC,13.6,13.65,12.7,12.7,3315300,KBS,2026-10-09T05:09:17Z
2022-10-12,HBC,12.5,13.25,12.5,12.95,2113900,KBS,2026-10-09T05:09:17Z
2022-10-13,HBC,13.2,13.5,12.95,13.0,1510600,KBS,2026-10-09T05:09:17Z
2022-10-14,HBC,13.45,13.7,13.2,13.35,2378100,KBS,2026-10-09T05:09:17Z
2022-10-17,HBC,13.1,13.5,13.05,13.5,1617600,KBS,2026-10-09T05:09:17Z
2022-10-18,HBC,13.9,14.1,13.65,13.7,2040900,KBS,2026-10-09T05:09:17Z
2022-10-19,HBC,13.85,13.9,13.4,13.5,942100,KBS,2026-10-09T05:09:17Z
2022-10-20,HBC,13.4,13.55,13.2,13.3,856400,KBS,2026-10-09T05:09:17Z
2022-10-21,HBC,13.45,13.45,12.4,12.4,3022900,KBS,2026-10-09T05:09:17Z
2022-10-24,HBC,12.45,12.6,11.55,11.55,2043000,KBS,2026-10-09T05:09:17Z
2022-10-25,HBC,11.25,11.95,10.75,10.8,3128100,KBS,2026-10-09T05:09:17Z
2022-10-26,HBC,10.5,11.3,10.05,10.05,2787100,KBS,2026-10-09T05:09:17Z
2022-10-27,HBC,10.0,10.75,9.8,10.75,3136700,KBS,2026-10-09T05:09:17Z
2022-10-28,HBC,11.0,11.25,10.7,10.75,2155000,KBS,2026-10-09T05:09:17Z
2022-10-31,HBC,10.85,10.85,10.0,10.1,1947100,KBS,2026-10-09T05:09:17Z
2022-11-01,HBC,10.4,10.55,10.25,10.45,1563700,KBS,2026-10-09T05:09:17Z
2022-11-02,HBC,10.7,10.85,10.5,10.5,1619900,KBS,2026-10-09T05:09:17Z
2022-11-03,HBC,10.3,11.2,10.3,11.2,3692300,KBS,2026-10-09T05:09:17Z
2022-11-04,HBC,10.8,11.2,10.45,10.45,3009900,KBS,2026-10-09T05:09:17Z
2022-11-07,HBC,10.3,10.45,9.72,9.72,1688300,KBS,2026-10-09T05:09:17Z
2022-11-08,HBC,9.04,9.34,9.04,9.04,4278300,KBS,2026-10-09T05:09:17Z
2022-11-09,HBC,9.14,9.35,9.0,9.0,2129800,KBS,2026-10-09T05:09:17Z
2022-11-10,HBC,8.51,8.71,8.37,8.37,2396500,KBS,2026-10-09T05:09:17Z
2022-11-11,HBC,8.37,8.48,7.79,7.79,3744500,KBS,2026-10-09T05:09:17Z
2022-11-14,HBC,7.25,7.49,7.25,7.25,1794800,KBS,2026-10-09T05:09:17Z
2022-11-15,HBC,6.75,6.75,6.75,6.75,497300,KBS,2026-10-09T05:09:17Z
2022-11-16,HBC,6.28,7.22,6.28,7.22,8653200,KBS,2026-10-09T05:09:17Z
2022-11-17,HBC,7.48,7.72,7.4,7.6,2740300,KBS,2026-10-09T05:09:17Z
2022-11-18,HBC,7.6,8.0,7.07,7.7,5218700,KBS,2026-10-09T05:09:17Z
2022-11-21,HBC,8.0,8.12,7.7,8.09,2495800,KBS,2026-10-09T05:09:17Z
2022-11-22,HBC,8.0,8.64,7.8,7.99,4490500,KBS,2026-10-09T05:09:17Z
2022-11-23,HBC,7.85,8.15,7.44,7.44,2086800,KBS,2026-10-09T05:09:17Z
2022-11-24,HBC,7.4,7.52,7.0,7.4,1786900,KBS,2026-10-09T05:09:17Z
2022-11-25,HBC,7.47,7.91,7.47,7.91,2172100,KBS,2026-10-09T05:09:17Z
2022-11-28,HBC,8.4,8.46,8.3,8.46,2294500,KBS,2026-10-09T05:09:17Z
2022-11-29,HBC,9.05,9.05,8.5,9.02,7748700,KBS,2026-10-09T05:09:17Z
2022-11-30,HBC,9.08,9.55,8.88,9.42,4034100,KBS,2026-10-09T05:09:17Z
2022-12-01,HBC,9.56,10.05,9.56,10.0,7689700,KBS,2026-10-09T05:09:17Z
2022-12-02,HBC,9.8,10.65,9.55,10.65,6128600,KBS,2026-10-09T05:09:17Z
2022-12-05,HBC,11.1,11.1,10.55,10.9,5357900,KBS,2026-10-09T05:09:17Z
2022-12-06,HBC,10.45,10.85,10.15,10.15,7146400,KBS,2026-10-09T05:09:17Z
2022-12-07,HBC,9.45,10.0,9.45,9.45,4003100,KBS,2026-10-09T05:09:17Z
2022-12-08,HBC,9.6,10.05,9.56,9.89,2336700,KBS,2026-10-09T05:09:17Z
2022-12-09,HBC,10.0,10.55,9.85,10.55,5502300,KBS,2026-10-09T05:09:17Z
2022-12-12,HBC,11.25,11.25,10.8,11.2,7835800,KBS,2026-10-09T05:09:17Z
2022-12-13,HBC,10.7,11.5,10.45,11.5,6739800,KBS,2026-10-09T05:09:17Z
2022-12-14,HBC,11.65,11.9,11.05,11.05,5836900,KBS,2026-10-09T05:09:17Z
2022-12-15,HBC,11.0,11.2,10.7,10.75,3619800,KBS,2026-10-09T05:09:17Z
2022-12-16,HBC,10.6,11.3,10.45,10.9,4183000,KBS,2026-10-09T05:09:17Z
2022-12-19,HBC,10.6,11.1,10.4,10.4,5153200,KBS,2026-10-09T05:09:17Z
2022-12-20,HBC,10.35,10.5,9.68,9.8,5738800,KBS,2026-10-09T05:09:17Z
2022-12-21,HBC,10.0,10.0,9.13,9.41,2900600,KBS,2026-10-09T05:09:17Z
2022-12-22,HBC,9.43,9.7,9.25,9.5,1587800,KBS,2026-10-09T05:09:17Z
2022-12-23,HBC,9.5,9.71,9.47,9.61,1666400,KBS,2026-10-09T05:09:17Z
2022-12-26,HBC,9.61,9.87,8.94,8.94,2616700,KBS,2026-10-09T05:09:17Z
2022-12-27,HBC,8.94,9.5,8.6,9.5,1547800,KBS,2026-10-09T05:09:17Z
2022-12-28,HBC,9.58,9.58,9.33,9.33,1414100,KBS,2026-10-09T05:09:17Z
2022-12-29,HBC,9.33,9.56,9.23,9.23,1539700,KBS,2026-10-09T05:09:17Z
2022-12-30,HBC,9.38,9.38,9.17,9.21,1539500,KBS,2026-10-09T05:09:17Z
2023-01-03,HBC,8.57,9.5,8.57,9.45,7187700,KBS,2026-10-09T05:09:17Z
2023-01-04,HBC,9.59,9.98,9.45,9.61,2883300,KBS,2026-10-09T05:09:17Z
2023-01-05,HBC,9.65,9.65,9.2,9.23,3094300,KBS,2026-10-09T05:09:17Z
2023-01-06,HBC,9.16,9.2,8.64,8.65,6310800,KBS,2026-10-09T05:09:17Z
2023-01-09,HBC,8.5,8.99,8.45,8.65,2604300,KBS,2026-10-09T05:09:17Z
2023-01-10,HBC,8.79,9.05,8.61,8.99,2709700,KBS,2026-10-09T05:09:17Z
2023-01-11,HBC,9.06,9.19,8.94,8.94,2142500,KBS,2026-10-09T05:09:17Z
2023-01-12,HBC,9.1,9.1,8.81,8.87,1604600,KBS,2026-10-09T05:09:17Z
2023-01-13,HBC,9.05,9.05,8.8,8.83,1632800,KBS,2026-10-09T05:09:17Z
2023-01-16,HBC,8.9,8.98,8.69,8.7,1327800,KBS,2026-10-09T05:09:17Z
2023-01-17,HBC,8.7,9.3,8.7,9.3,4591900,KBS,2026-10-09T05:09:17Z
2023-01-18,HBC,9.8,9.8,9.51,9.61,3412800,KBS,2026-10-09T05:09:17Z
2023-01-19,HBC,9.61,9.68,9.42,9.55,2687700,KBS,2026-10-09T05:09:17Z
2023-01-27,HBC,9.72,10.2,9.57,10.2,4638100,KBS,2026-10-09T05:09:17Z
2023-01-30,HBC,10.45,10.7,10.2,10.45,5708200,KBS,2026-10-09T05:09:17Z
2023-01-31,HBC,10.25,10.5,10.1,10.5,3986900,KBS,2026-10-09T05:09:17Z
2023-02-01,HBC,10.6,10.75,9.8,9.89,4573200,KBS,2026-10-09T05:09:17Z
2023-02-02,HBC,9.9,9.98,9.4,9.47,3383600,KBS,2026-10-09T05:09:17Z
2023-02-03,HBC,9.46,9.98,9.41,9.63,2092400,KBS,2026-10-09T05:09:17Z
2023-02-06,HBC,9.6,9.71,9.25,9.66,1452700,KBS,2026-10-09T05:09:17Z
2023-02-07,HBC,9.74,9.74,9.22,9.28,2787400,KBS,2026-10-09T05:09:17Z
2023-02-08,HBC,9.37,9.48,8.95,9.2,2062100,KBS,2026-10-09T05:09:17Z
2023-02-09,HBC,9.1,9.4,9.1,9.25,960500,KBS,2026-10-09T05:09:17Z
2023-02-10,HBC,9.17,9.25,9.0,9.01,1565700,KBS,2026-10-09T05:09:17Z
2023-02-13,HBC,8.38,8.65,8.38,8.38,6357300,KBS,2026-10-09T05:09:17Z
2023-02-14,HBC,8.38,8.38,7.94,8.06,1546700,KBS,2026-10-09T05:09:17Z
2023-02-15,HBC,8.25,8.6,8.21,8.56,2968700,KBS,2026-10-09T05:09:17Z
2023-02-16,HBC,8.69,8.75,8.56,8.7,1674600,KBS,2026-10-09T05:09:17Z
2023-02-17,HBC,8.8,8.99,8.65,8.73,1683800,KBS,2026-10-09T05:09:17Z
2023-02-20,HBC,8.8,9.2,8.75,9.18,2778600,KBS,2026-10-09T05:09:17Z
2023-02-21,HBC,9.3,9.38,9.06,9.18,2655400,KBS,2026-10-09T05:09:17Z
2023-02-22,HBC,9.03,9.15,8.8,8.8,2565900,KBS,2026-10-09T05:09:17Z
2023-02-23,HBC,8.8,8.83,8.45,8.69,2051300,KBS,2026-10-09T05:09:17Z
2023-02-24,HBC,8.7,8.8,8.5,8.5,866400,KBS,2026-10-09T05:09:17Z
2023-02-27,HBC,8.45,8.45,8.16,8.16,1314200,KBS,2026-10-09T05:09:17Z
2023-02-28,HBC,8.2,8.37,8.14,8.17,1108000,KBS,2026-10-09T05:09:17Z
2023-03-01,HBC,8.18,8.5,8.08,8.5,1463800,KBS,2026-10-09T05:09:17Z
2023-03-02,HBC,8.5,8.61,8.45,8.45,664800,KBS,2026-10-09T05:09:17Z
2023-03-03,HBC,8.85,8.85,8.36,8.36,1079100,KBS,2026-10-09T05:09:17Z
2023-03-06,HBC,8.5,8.7,8.4,8.4,1246200,KBS,2026-10-09T05:09:17Z
2023-03-07,HBC,8.35,8.58,8.25,8.3,1075500,KBS,2026-10-09T05:09:17Z
2023-03-08,HBC,8.3,8.46,8.2,8.4,1159200,KBS,2026-10-09T05:09:17Z
2023-03-09,HBC,8.45,8.56,8.44,8.47,1887500,KBS,2026-10-09T05:09:17Z
2023-03-10,HBC,8.45,8.48,8.3,8.35,1426400,KBS,2026-10-09T05:09:17Z
2023-03-13,HBC,8.25,8.35,8.13,8.18,1614800,KBS,2026-10-09T05:09:17Z
2023-03-14,HBC,8.15,8.16,7.94,7.96,2712300,KBS,2026-10-09T05:09:17Z
2023-03-15,HBC,8.14,8.25,8.02,8.22,1529900,KBS,2026-10-09T05:09:17Z
2023-03-16,HBC,8.1,8.16,7.97,8.02,1552400,KBS,2026-10-09T05:09:17Z
2023-03-17,HBC,8.04,8.19,8.0,8.03,899600,KBS,2026-10-09T05:09:17Z
2023-03-20,HBC,8.0,8.04,7.89,7.89,1724500,KBS,2026-10-09T05:09:17Z
2023-03-21,HBC,7.97,8.0,7.87,7.93,847600,KBS,2026-10-09T05:09:17Z
2023-03-22,HBC,8.0,8.0,7.9,7.9,869300,KBS,2026-10-09T05:09:17Z
2023-03-23,HBC,7.81,7.9,7.81,7.85,754700,KBS,2026-10-09T05:09:17Z
2023-03-24,HBC,7.9,7.96,7.87,7.93,1426300,KBS,2026-10-09T05:09:17Z
2023-03-27,HBC,8.0,8.15,8.0,8.15,1502600,KBS,2026-10-09T05:09:17Z
2023-03-28,HBC,8.19,8.32,8.11,8.11,1791100,KBS,2026-10-09T05:09:17Z
2023-03-29,HBC,8.12,8.12,8.01,8.04,1096900,KBS,2026-10-09T05:09:17Z
2023-03-30,HBC,8.15,8.49,8.08,8.3,3059400,KBS,2026-10-09T05:09:17Z
2023-03-31,HBC,8.38,8.41,8.18,8.29,1207200,KBS,2026-10-09T05:09:17Z
2023-04-03,HBC,8.4,8.49,8.36,8.45,3405100,KBS,2026-10-09T05:09:17Z
2023-04-04,HBC,8.53,8.67,8.46,8.5,2922800,KBS,2026-10-09T05:09:17Z
2023-04-05,HBC,8.5,8.7,8.48,8.51,3233600,KBS,2026-10-09T05:09:17Z
2023-04-06,HBC,8.65,8.85,8.55,8.55,4227700,KBS,2026-10-09T05:09:17Z
2023-04-07,HBC,8.6,8.6,8.41,8.54,1799900,KBS,2026-10-09T05:09:17Z
2023-04-10,HBC,8.54,8.7,8.26,8.31,2875000,KBS,2026-10-09T05:09:17Z
2023-04-11,HBC,8.3,8.4,7.8,8.21,5003400,KBS,2026-10-09T05:09:17Z
2023-04-12,HBC,8.2,8.2,8.0,8.05,3732400,KBS,2026-10-09T05:09:17Z
2023-04-13,HBC,8.01,8.25,8.01,8.12,1867600,KBS,2026-10-09T05:09:17Z
2023-04-14,HBC,8.15,8.15,8.0,8.04,2295800,KBS,2026-10-09T05:09:17Z
2023-04-17,HBC,8.01,8.1,7.99,8.0,1570300,KBS,2026-10-09T05:09:17Z
2023-04-18,HBC,8.05,8.45,7.98,8.4,5188300,KBS,2026-10-09T05:09:17Z
2023-04-19,HBC,8.51,8.54,8.3,8.31,2650700,KBS,2026-10-09T05:09:17Z
2023-04-20,HBC,8.15,8.27,8.02,8.12,2825700,KBS,2026-10-09T05:09:17Z
2023-04-21,HBC,8.11,8.13,7.97,8.01,2359200,KBS,2026-10-09T05:09:17Z
2023-04-24,HBC,8.11,8.39,8.04,8.2,2623200,KBS,2026-10-09T05:09:17Z
2023-04-25,HBC,8.3,8.36,8.12,8.14,1606100,KBS,2026-10-09T05:09:17Z
2023-04-26,HBC,8.2,8.2,8.02,8.14,1073500,KBS,2026-10-09T05:09:17Z
2023-04-27,HBC,8.2,8.25,8.15,8.2,1770600,KBS,2026-10-09T05:09:17Z
2023-04-28,HBC,8.25,8.29,8.17,8.17,1477700,KBS,2026-10-09T05:09:17Z
2023-05-04,HBC,8.0,8.12,7.99,8.01,2207800,KBS,2026-10-09T05:09:17Z
2023-05-05,HBC,8.02,8.16,8.02,8.08,1483100,KBS,2026-10-09T05:09:17Z
2023-05-08,HBC,8.08,8.15,8.07,8.1,1789600,KBS,2026-10-09T05:09:17Z
2023-05-09,HBC,8.1,8.34,8.1,8.27,3123300,KBS,2026-10-09T05:09:17Z
2023-05-10,HBC,8.3,8.47,8.3,8.43,3593400,KBS,2026-10-09T05:09:17Z
2023-05-11,HBC,8.5,8.5,8.33,8.35,2963500,KBS,2026-10-09T05:09:17Z
2023-05-12,HBC,8.35,8.93,8.28,8.93,6697700,KBS,2026-10-09T05:09:17Z
2023-05-15,HBC,9.55,9.55,9.2,9.23,8272300,KBS,2026-10-09T05:09:17Z
2023-05-16,HBC,9.23,9.59,9.08,9.2,5569900,KBS,2026-10-09T05:09:17Z
2023-05-17,HBC,9.2,9.41,8.56,8.56,14113000,KBS,2026-10-09T05:09:17Z
2023-05-18,HBC,8.5,8.52,8.02,8.04,9071100,KBS,2026-10-09T05:09:17Z
2023-05-19,HBC,8.0,8.24,7.67,7.85,8147400,KBS,2026-10-09T05:09:17Z
2023-05-22,HBC,8.24,8.39,8.02,8.39,3559600,KBS,2026-10-09T05:09:17Z
2023-05-23,HBC,8.38,8.97,8.38,8.65,7080000,KBS,2026-10-09T05:09:17Z
2023-05-24,HBC,8.64,8.86,8.3,8.39,2815800,KBS,2026-10-09T05:09:17Z
2023-05-25,HBC,8.4,8.5,8.0,8.15,3284200,KBS,2026-10-09T05:09:17Z
2023-05-26,HBC,8.16,8.35,8.16,8.21,2001300,KBS,2026-10-09T05:09:17Z
2023-05-29,HBC,8.25,8.48,8.25,8.34,2582900,KBS,2026-10-09T05:09:17Z
2023-05-30,HBC,8.33,8.4,8.15,8.21,2649600,KBS,2026-10-09T05:09:17Z
2023-05-31,HBC,8.2,8.63,8.2,8.45,3363000,KBS,2026-10-09T05:09:17Z
2023-06-01,HBC,8.44,8.51,8.31,8.35,2541800,KBS,2026-10-09T05:09:17Z
2023-06-02,HBC,8.34,8.48,8.24,8.26,3218900,KBS,2026-10-09T05:09:17Z
2023-06-05,HBC,8.26,8.46,8.21,8.28,1846500,KBS,2026-10-09T05:09:17Z
2023-06-06,HBC,8.33,8.51,8.28,8.46,3631100,KBS,2026-10-09T05:09:17Z
2023-06-07,HBC,8.46,9.0,8.0,9.0,6626400,KBS,2026-10-09T05:09:17Z
2023-06-08,HBC,9.2,9.2,8.8,8.8,6028200,KBS,2026-10-09T05:09:17Z
2023-06-09,HBC,8.8,8.95,8.5,8.89,3566400,KBS,2026-10-09T05:09:17Z
2023-06-12,HBC,8.9,9.4,8.88,9.23,4928400,KBS,2026-10-09T05:09:17Z
2023-06-13,HBC,9.4,9.4,9.05,9.13,3236500,KBS,2026-10-09T05:09:17Z
2023-06-14,HBC,9.13,9.49,9.01,9.22,4553100,KBS,2026-10-09T05:09:17Z
2023-06-15,HBC,9.22,9.29,9.11,9.13,2383700,KBS,2026-10-09T05:09:17Z
2023-06-16,HBC,9.15,9.54,9.1,9.11,3771900,KBS,2026-10-09T05:09:17Z
2023-06-19,HBC,9.1,9.1,8.48,8.65,3405700,KBS,2026-10-09T05:09:17Z
2023-06-20,HBC,8.65,8.88,8.6,8.88,1849000,KBS,2026-10-09T05:09:17Z
2023-06-21,HBC,8.9,9.23,8.9,9.14,2776000,KBS,2026-10-09T05:09:17Z
2023-06-22,HBC,9.15,9.25,9.0,9.1,2597000,KBS,2026-10-09T05:09:17Z
2023-06-23,HBC,9.1,9.1,8.95,9.0,2329300,KBS,2026-10-09T05:09:17Z
2023-06-26,HBC,9.0,9.0,8.75,8.99,1894500,KBS,2026-10-09T05:09:17Z
2023-06-27,HBC,8.99,9.48,8.98,9.46,4886400,KBS,2026-10-09T05:09:17Z
2023-06-28,HBC,9.48,10.1,9.48,10.1,5347900,KBS,2026-10-09T05:09:17Z
2023-06-29,HBC,10.3,10.8,10.1,10.1,8334500,KBS,2026-10-09T05:09:17Z
2023-06-30,HBC,10.1,10.1,9.63,9.79,4136300,KBS,2026-10-09T05:09:17Z
2023-07-03,HBC,9.79,10.2,9.62,9.99,3909700,KBS,2026-10-09T05:09:17Z
2023-07-04,HBC,9.55,10.05,9.55,9.88,3140600,KBS,2026-10-09T05:09:17Z
2023-07-05,HBC,9.6,9.88,9.55,9.58,3938700,KBS,2026-10-09T05:09:17Z
2023-07-06,HBC,9.03,9.58,9.03,9.2,3555400,KBS,2026-10-09T05:09:17Z
2023-07-07,HBC,9.2,9.73,9.12,9.55,2560800,KBS,2026-10-09T05:09:17Z
2023-07-10,HBC,9.6,9.83,9.53,9.65,2395500,KBS,2026-10-09T05:09:17Z
2023-07-11,HBC,9.68,9.85,9.6,9.67,2713000,KBS,2026-10-09T05:09:17Z
2023-07-12,HBC,9.67,9.75,9.31,9.42,2491700,KBS,2026-10-09T05:09:17Z
2023-07-13,HBC,9.42,9.8,9.42,9.62,2360900,KBS,2026-10-09T05:09:17Z
2023-07-14,HBC,9.58,9.74,9.4,9.63,2115100,KBS,2026-10-09T05:09:17Z
2023-07-17,HBC,9.64,9.88,9.64,9.8,2536200,KBS,2026-10-09T05:09:17Z
2023-07-18,HBC,9.8,9.85,9.63,9.65,1658300,KBS,2026-10-09T05:09:17Z
2023-07-19,HBC,9.65,9.65,9.46,9.48,2219700,KBS,2026-10-09T05:09:17Z
2023-07-20,HBC,9.3,9.48,9.21,9.43,1435000,KBS,2026-10-09T05:09:17Z
2023-07-21,HBC,9.45,9.65,9.43,9.5,1453600,KBS,2026-10-09T05:09:17Z
2023-07-24,HBC,9.5,9.5,8.84,9.2,6297200,KBS,2026-10-09T05:09:17Z
2023-07-25,HBC,9.2,9.47,9.15,9.35,1932600,KBS,2026-10-09T05:09:17Z
2023-07-26,HBC,9.35,9.36,9.23,9.3,2001800,KBS,2026-10-09T05:09:17Z
2023-07-27,HBC,9.23,9.48,8.88,9.38,2761600,KBS,2026-10-09T05:09:17Z
2023-07-28,HBC,9.4,10.0,9.3,10.0,7197600,KBS,2026-10-09T05:09:17Z
2023-07-31,HBC,10.0,10.7,10.0,10.7,9632100,KBS,2026-10-09T05:09:17Z
2023-08-01,HBC,10.6,11.35,9.96,10.1,9093900,KBS,2026-10-09T05:09:17Z
2023-08-02,HBC,10.1,10.2,9.7,10.2,4579900,KBS,2026-10-09T05:09:17Z
2023-08-03,HBC,10.2,10.3,9.91,9.94,3229600,KBS,2026-10-09T05:09:17Z
2023-08-04,HBC,10.0,10.45,9.95,10.25,4717500,KBS,2026-10-09T05:09:17Z
2023-08-07,HBC,10.1,10.6,9.54,10.5,4385500,KBS,2026-10-09T05:09:17Z
2023-08-08,HBC,10.1,10.75,10.1,10.45,4186500,KBS,2026-10-09T05:09:17Z
2023-08-09,HBC,10.45,10.95,10.2,10.8,5092400,KBS,2026-10-09T05:09:17Z
2023-08-10,HBC,10.8,11.2,10.05,10.85,6437800,KBS,2026-10-09T05:09:17Z
2023-08-11,HBC,10.8,10.85,10.5,10.75,3436200,KBS,2026-10-09T05:09:17Z
2023-08-14,HBC,10.75,11.3,10.7,10.8,3863600,KBS,2026-10-09T05:09:17Z
2023-08-15,HBC,10.8,11.2,10.55,10.85,2881700,KBS,2026-10-09T05:09:17Z
2023-08-16,HBC,10.9,11.0,10.6,10.85,2722400,KBS,2026-10-09T05:09:17Z
2023-08-17,HBC,10.55,11.1,10.2,10.65,4147800,KBS,2026-10-09T05:09:17Z
2023-08-18,HBC,10.2,10.55,9.91,9.91,6367300,KBS,2026-10-09T05:09:17Z
2023-08-21,HBC,9.91,9.91,9.23,9.58,1958400,KBS,2026-10-09T05:09:17Z
2023-08-22,HBC,9.0,9.7,9.0,9.5,2129800,KBS,2026-10-09T05:09:17Z
2023-08-23,HBC,9.5,9.72,9.3,9.72,1339400,KBS,2026-10-09T05:09:17Z
2023-08-24,HBC,9.82,10.4,9.82,10.4,1961500,KBS,2026-10-09T05:09:17Z
2023-08-25,HBC,10.8,10.95,10.35,10.35,3088400,KBS,2026-10-09T05:09:17Z
2023-08-28,HBC,10.35,10.35,10.0,10.15,3023100,KBS,2026-10-09T05:09:17Z
2023-08-29,HBC,10.15,10.45,9.51,10.3,1599500,KBS,2026-10-09T05:09:17Z
2023-08-30,HBC,10.45,10.45,9.58,10.05,3615400,KBS,2026-10-09T05:09:17Z
2023-08-31,HBC,10.15,10.2,10.0,10.0,2765300,KBS,2026-10-09T05:09:17Z
2023-09-05,HBC,10.0,10.3,10.0,10.0,1995400,KBS,2026-10-09T05:09:17Z
2023-09-06,HBC,10.0,10.15,9.9,10.0,2446500,KBS,2026-10-09T05:09:17Z
2023-09-07,HBC,10.0,10.25,9.98,10.05,2297100,KBS,2026-10-09T05:09:17Z
2023-09-08,HBC,10.0,10.2,10.0,10.05,2526500,KBS,2026-10-09T05:09:17Z
2023-09-11,HBC,10.0,10.2,9.62,9.62,4529800,KBS,2026-10-09T05:09:17Z
2023-09-12,HBC,9.6,9.8,9.6,9.7,2571700,KBS,2026-10-09T05:09:17Z
2023-09-13,HBC,9.7,9.8,9.37,9.42,4223100,KBS,2026-10-09T05:09:17Z
2023-09-14,HBC,9.41,9.46,8.91,9.05,2914300,KBS,2026-10-09T05:09:17Z
2023-09-15,HBC,9.05,9.1,8.81,8.98,1801200,KBS,2026-10-09T05:09:17Z
2023-09-18,HBC,8.98,8.98,8.81,8.86,1241400,KBS,2026-10-09T05:09:17Z
2023-09-19,HBC,8.86,8.87,8.6,8.68,1840600,KBS,2026-10-09T05:09:17Z
2023-09-20,HBC,8.7,8.94,8.6,8.92,1258600,KBS,2026-10-09T05:09:17Z
2023-09-21,HBC,8.91,9.09,8.86,9.0,754000,KBS,2026-10-09T05:09:17Z
2023-09-22,HBC,8.7,8.8,8.5,8.6,1688400,KBS,2026-10-09T05:09:17Z
2023-09-25,HBC,8.6,8.6,8.0,8.0,2211600,KBS,2026-10-09T05:09:17Z
2023-09-26,HBC,8.0,8.0,7.48,7.81,1217500,KBS,2026-10-09T05:09:17Z
2023-09-27,HBC,7.81,7.9,7.6,7.9,1459800,KBS,2026-10-09T05:09:17Z
2023-09-28,HBC,7.9,8.2,7.72,8.2,1057200,KBS,2026-10-09T05:09:17Z
2023-09-29,HBC,7.9,8.4,7.82,8.18,674100,KBS,2026-10-09T05:09:17Z
2023-10-02,HBC,8.18,8.6,8.18,8.31,792200,KBS,2026-10-09T05:09:17Z
2023-10-03,HBC,8.31,8.31,7.73,7.8,1085300,KBS,2026-10-09T05:09:17Z
2023-10-04,HBC,7.8,7.99,7.8,7.88,653400,KBS,2026-10-09T05:09:17Z
2023-10-05,HBC,7.88,7.95,7.81,7.81,525200,KBS,2026-10-09T05:09:17Z
2023-10-06,HBC,7.81,7.88,7.75,7.81,705300,KBS,2026-10-09T05:09:17Z
2023-10-09,HBC,7.81,7.97,7.81,7.94,374500,KBS,2026-10-09T05:09:17Z
2023-10-10,HBC,7.95,8.16,7.66,7.95,1377600,KBS,2026-10-09T05:09:17Z
2023-10-11,HBC,7.95,8.12,7.7,8.03,555600,KBS,2026-10-09T05:09:17Z
2023-10-12,HBC,8.03,8.15,7.94,8.0,601200,KBS,2026-10-09T05:09:17Z
2023-10-13,HBC,8.0,8.55,7.73,8.55,2091200,KBS,2026-10-09T05:09:17Z
2023-10-16,HBC,8.55,9.1,8.4,8.6,1246300,KBS,2026-10-09T05:09:17Z
2023-10-17,HBC,8.6,8.92,8.33,8.33,1625800,KBS,2026-10-09T05:09:17Z
2023-10-18,HBC,8.88,8.88,8.0,8.15,1267000,KBS,2026-10-09T05:09:17Z
2023-10-19,HBC,8.17,8.2,8.08,8.08,766200,KBS,2026-10-09T05:09:17Z
2023-10-20,HBC,8.1,8.12,7.8,8.12,997500,KBS,2026-10-09T05:09:17Z
2023-10-23,HBC,8.12,8.12,7.8,7.88,1175700,KBS,2026-10-09T05:09:17Z
2023-10-24,HBC,7.88,8.1,7.8,8.0,758600,KBS,2026-10-09T05:09:17Z
2023-10-25,HBC,8.0,8.1,7.94,7.99,569700,KBS,2026-10-09T05:09:17Z
2023-10-26,HBC,7.5,7.52,7.44,7.44,2167500,KBS,2026-10-09T05:09:17Z
2023-10-27,HBC,7.44,7.49,6.95,7.46,581200,KBS,2026-10-09T05:09:17Z
2023-10-30,HBC,7.41,7.41,7.21,7.3,760300,KBS,2026-10-09T05:09:17Z
2023-10-31,HBC,7.32,7.32,6.8,6.8,960100,KBS,2026-10-09T05:09:17Z
2023-11-01,HBC,6.8,7.0,6.4,6.54,1473100,KBS,2026-10-09T05:09:17Z
2023-11-02,HBC,6.65,6.99,6.65,6.99,602600,KBS,2026-10-09T05:09:17Z
2023-11-03,HBC,7.04,7.3,6.91,7.1,859100,KBS,2026-10-09T05:09:17Z
2023-11-06,HBC,7.1,7.23,7.02,7.08,514700,KBS,2026-10-09T05:09:17Z
2023-11-07,HBC,7.1,7.15,7.0,7.03,522800,KBS,2026-10-09T05:09:17Z
2023-11-08,HBC,7.0,7.35,6.82,7.33,1129600,KBS,2026-10-09T05:09:17Z
2023-11-09,HBC,7.33,7.6,7.33,7.45,1091800,KBS,2026-10-09T05:09:17Z
2023-11-10,HBC,7.5,7.5,7.32,7.37,845300,KBS,2026-10-09T05:09:17Z
2023-11-13,HBC,7.37,7.49,7.29,7.3,502500,KBS,2026-10-09T05:09:17Z
2023-11-14,HBC,7.3,7.45,7.3,7.35,526600,KBS,2026-10-09T05:09:17Z
2023-11-15,HBC,6.84,7.55,6.84,7.33,676200,KBS,2026-10-09T05:09:17Z
2023-11-16,HBC,7.33,7.36,7.2,7.29,811100,KBS,2026-10-09T05:09:17Z
2023-11-17,HBC,7.49,7.49,7.07,7.1,1299000,KBS,2026-10-09T05:09:17Z
2023-11-20,HBC,7.2,7.34,7.15,7.27,1026500,KBS,2026-10-09T05:09:17Z
2023-11-21,HBC,7.3,7.77,7.3,7.77,2019500,KBS,2026-10-09T05:09:17Z
2023-11-22,HBC,8.2,8.31,8.0,8.31,1593000,KBS,2026-10-09T05:09:17Z
2023-11-23,HBC,8.89,8.89,8.15,8.15,4435900,KBS,2026-10-09T05:09:17Z
2023-11-24,HBC,8.15,8.15,7.85,8.11,1785500,KBS,2026-10-09T05:09:17Z
2023-11-27,HBC,8.11,8.11,7.8,7.91,973100,KBS,2026-10-09T05:09:17Z
2023-11-28,HBC,7.9,7.97,7.7,7.88,1005000,KBS,2026-10-09T05:09:17Z
2023-11-29,HBC,7.88,8.15,7.88,8.0,894200,KBS,2026-10-09T05:09:17Z
2023-11-30,HBC,8.0,8.1,7.9,7.9,629400,KBS,2026-10-09T05:09:17Z
2023-12-01,HBC,7.71,7.9,7.71,7.81,647800,KBS,2026-10-09T05:09:17Z
2023-12-04,HBC,7.81,8.12,7.81,8.0,1411200,KBS,2026-10-09T05:09:17Z
2023-12-05,HBC,8.0,8.13,7.92,7.94,859900,KBS,2026-10-09T05:09:17Z
2023-12-06,HBC,7.94,8.07,7.42,8.01,1528800,KBS,2026-10-09T05:09:17Z
2023-12-07,HBC,8.5,8.5,7.7,8.0,1009800,KBS,2026-10-09T05:09:17Z
2023-12-08,HBC,8.0,8.05,7.9,7.92,648100,KBS,2026-10-09T05:09:17Z
2023-12-11,HBC,7.92,8.03,7.8,7.94,725700,KBS,2026-10-09T05:09:17Z
2023-12-12,HBC,7.94,8.0,7.8,7.8,953100,KBS,2026-10-09T05:09:17Z
2023-12-13,HBC,7.8,7.87,7.61,7.66,819700,KBS,2026-10-09T05:09:17Z
2023-12-14,HBC,7.66,7.85,7.5,7.5,1230500,KBS,2026-10-09T05:09:17Z
2023-12-15,HBC,7.5,7.66,7.45,7.55,414200,KBS,2026-10-09T05:09:17Z
2023-12-18,HBC,7.55,7.85,7.45,7.7,748100,KBS,2026-10-09T05:09:17Z
2023-12-19,HBC,7.7,7.8,7.6,7.61,358900,KBS,2026-10-09T05:09:17Z
2023-12-20,HBC,7.6,7.71,7.6,7.67,464700,KBS,2026-10-09T05:09:17Z
2023-12-21,HBC,7.5,7.67,7.5,7.62,301900,KBS,2026-10-09T05:09:17Z
2023-12-22,HBC,7.51,7.63,7.5,7.6,328800,KBS,2026-10-09T05:09:17Z
2023-12-25,HBC,7.6,7.85,7.6,7.77,548200,KBS,2026-10-09T05:09:17Z
2023-12-26,HBC,7.77,7.85,7.7,7.8,808200,KBS,2026-10-09T05:09:17Z
2023-12-27,HBC,7.9,8.19,7.83,8.13,2020100,KBS,2026-10-09T05:09:17Z
2023-12-28,HBC,8.13,8.4,8.05,8.05,1293500,KBS,2026-10-09T05:09:17Z
2023-12-29,HBC,7.49,8.06,7.49,7.87,1235700,KBS,2026-10-09T05:09:17Z
2024-01-02,HBC,7.87,8.39,7.86,7.86,469500,KBS,2026-10-09T05:09:17Z
2024-01-03,HBC,7.86,8.09,7.86,7.96,947600,KBS,2026-10-09T05:09:17Z
2024-01-04,HBC,8.0,8.0,7.92,7.94,985700,KBS,2026-10-09T05:09:17Z
2024-01-05,HBC,7.93,8.0,7.82,7.93,510700,KBS,2026-10-09T05:09:17Z
2024-01-08,HBC,7.93,8.0,7.8,7.92,858500,KBS,2026-10-09T05:09:17Z
2024-01-09,HBC,7.9,8.35,7.38,7.95,1243000,KBS,2026-10-09T05:09:17Z
2024-01-10,HBC,7.94,7.98,7.8,7.83,547500,KBS,2026-10-09T05:09:17Z
2024-01-11,HBC,7.8,7.93,7.7,7.88,657100,KBS,2026-10-09T05:09:17Z
2024-01-12,HBC,7.88,7.88,7.69,7.78,1749100,KBS,2026-10-09T05:09:17Z
2024-01-15,HBC,7.78,8.1,7.78,7.97,1481400,KBS,2026-10-09T05:09:17Z
2024-01-16,HBC,7.97,8.25,7.95,8.02,1791500,KBS,2026-10-09T05:09:17Z
2024-01-17,HBC,8.03,8.3,8.03,8.12,1810700,KBS,2026-10-09T05:09:17Z
2024-01-18,HBC,8.12,8.68,8.12,8.68,5728600,KBS,2026-10-09T05:09:17Z
2024-01-19,HBC,9.28,9.28,9.25,9.28,3595300,KBS,2026-10-09T05:09:17Z
2024-01-22,HBC,9.32,9.39,8.91,9.2,6921700,KBS,2026-10-09T05:09:17Z
2024-01-23,HBC,9.2,9.27,9.05,9.15,2529100,KBS,2026-10-09T05:09:17Z
2024-01-24,HBC,9.19,9.26,9.13,9.15,1853100,KBS,2026-10-09T05:09:17Z
2024-01-25,HBC,9.12,9.18,8.98,9.01,2560200,KBS,2026-10-09T05:09:17Z
2024-01-26,HBC,9.08,9.08,8.82,8.82,2230400,KBS,2026-10-09T05:09:17Z
2024-01-29,HBC,8.71,8.82,8.51,8.58,3830500,KBS,2026-10-09T05:09:17Z
2024-01-30,HBC,8.58,9.18,8.52,9.18,4347100,KBS,2026-10-09T05:09:17Z
2024-01-31,HBC,9.2,9.32,8.9,8.97,3201300,KBS,2026-10-09T05:09:17Z
2024-02-01,HBC,8.97,9.18,8.94,9.05,2109200,KBS,2026-10-09T05:09:17Z
2024-02-02,HBC,9.05,9.12,8.86,8.9,1723200,KBS,2026-10-09T05:09:17Z
2024-02-05,HBC,8.4,8.67,8.28,8.28,10835900,KBS,2026-10-09T05:09:17Z
2024-02-06,HBC,8.11,8.55,8.11,8.37,1861500,KBS,2026-10-09T05:09:17Z
2024-02-07,HBC,8.37,8.48,8.37,8.39,1448600,KBS,2026-10-09T05:09:17Z
2024-02-15,HBC,8.4,8.53,8.4,8.49,1397400,KBS,2026-10-09T05:09:17Z
2024-02-16,HBC,8.5,8.54,8.47,8.49,1344900,KBS,2026-10-09T05:09:17Z
2024-02-19,HBC,8.5,8.69,8.5,8.6,1494900,KBS,2026-10-09T05:09:17Z
2024-02-20,HBC,8.87,9.2,8.86,9.03,5297600,KBS,2026-10-09T05:09:17Z
2024-02-21,HBC,9.18,9.18,8.86,8.94,2185000,KBS,2026-10-09T05:09:17Z
2024-02-22,HBC,9.0,9.1,8.9,8.91,1901200,KBS,2026-10-09T05:09:17Z
2024-02-23,HBC,9.0,9.0,8.6,8.66,2938700,KBS,2026-10-09T05:09:17Z
2024-02-26,HBC,8.67,8.69,8.55,8.59,1742000,KBS,2026-10-09T05:09:17Z
2024-02-27,HBC,8.52,8.71,8.52,8.68,1512300,KBS,2026-10-09T05:09:17Z
2024-02-28,HBC,8.7,8.77,8.63,8.69,856800,KBS,2026-10-09T05:09:17Z
2024-02-29,HBC,8.63,8.75,8.57,8.58,1281200,KBS,2026-10-09T05:09:17Z
2024-03-01,HBC,8.59,8.65,8.57,8.6,1611500,KBS,2026-10-09T05:09:17Z
2024-03-04,HBC,8.65,8.9,8.6,8.86,3476000,KBS,2026-10-09T05:09:17Z
2024-03-05,HBC,8.87,8.9,8.75,8.82,1297900,KBS,2026-10-09T05:09:17Z
2024-03-06,HBC,9.0,9.0,8.68,8.75,2029000,KBS,2026-10-09T05:09:17Z
2024-03-07,HBC,8.75,8.78,8.65,8.68,1666300,KBS,2026-10-09T05:09:17Z
2024-03-08,HBC,8.77,8.81,8.6,8.66,1328400,KBS,2026-10-09T05:09:17Z
2024-03-11,HBC,8.7,8.72,8.55,8.56,1234500,KBS,2026-10-09T05:09:17Z
2024-03-12,HBC,8.54,8.56,8.49,8.5,1592100,KBS,2026-10-09T05:09:17Z
2024-03-13,HBC,8.55,8.77,8.5,8.65,1311800,KBS,2026-10-09T05:09:17Z
2024-03-14,HBC,8.7,8.71,8.58,8.63,1110000,KBS,2026-10-09T05:09:17Z
2024-03-15,HBC,8.63,8.76,8.5,8.63,1699300,KBS,2026-10-09T05:09:17Z
2024-03-18,HBC,8.48,8.69,8.33,8.46,2184800,KBS,2026-10-09T05:09:17Z
2024-03-19,HBC,8.46,8.54,8.44,8.44,885000,KBS,2026-10-09T05:09:17Z
2024-03-20,HBC,8.5,8.55,8.4,8.55,1079100,KBS,2026-10-09T05:09:17Z
2024-03-21,HBC,8.69,8.92,8.56,8.89,3084000,KBS,2026-10-09T05:09:17Z
2024-03-22,HBC,8.9,8.92,8.71,8.73,1494700,KBS,2026-10-09T05:09:17Z
2024-03-25,HBC,8.74,8.95,8.7,8.8,2265000,KBS,2026-10-09T05:09:17Z
2024-03-26,HBC,8.79,8.8,8.67,8.73,1106000,KBS,2026-10-09T05:09:17Z
2024-03-27,HBC,8.83,9.24,8.76,9.09,4917700,KBS,2026-10-09T05:09:17Z
2024-03-28,HBC,9.13,9.14,8.9,8.95,1561100,KBS,2026-10-09T05:09:17Z
2024-03-29,HBC,8.95,8.96,8.7,8.72,2636800,KBS,2026-10-09T05:09:17Z
2024-04-01,HBC,8.63,8.7,8.28,8.5,5352100,KBS,2026-10-09T05:09:17Z
2024-04-02,HBC,8.4,8.5,8.34,8.46,1446400,KBS,2026-10-09T05:09:17Z
2024-04-03,HBC,8.46,8.59,8.4,8.4,2005500,KBS,2026-10-09T05:09:17Z
2024-04-04,HBC,8.38,8.43,8.3,8.35,1715000,KBS,2026-10-09T05:09:17Z
2024-04-05,HBC,8.2,8.28,8.0,8.11,2672200,KBS,2026-10-09T05:09:17Z
2024-04-08,HBC,8.11,8.19,8.0,8.02,1242400,KBS,2026-10-09T05:09:17Z
2024-04-09,HBC,8.04,8.1,7.99,8.02,1312400,KBS,2026-10-09T05:09:17Z
2024-04-10,HBC,8.02,8.09,8.0,8.01,707800,KBS,2026-10-09T05:09:17Z
2024-04-11,HBC,7.95,8.0,7.91,7.94,804100,KBS,2026-10-09T05:09:17Z
2024-04-12,HBC,7.93,8.0,7.9,7.94,823800,KBS,2026-10-09T05:09:17Z
2024-04-15,HBC,7.93,7.93,7.39,7.39,1878500,KBS,2026-10-09T05:09:17Z
2024-04-16,HBC,7.38,7.38,7.02,7.22,1734600,KBS,2026-10-09T05:09:17Z
2024-04-17,HBC,7.24,7.36,7.24,7.3,817900,KBS,2026-10-09T05:09:17Z
2024-04-19,HBC,7.29,7.29,7.08,7.1,1010400,KBS,2026-10-09T05:09:17Z
2024-04-22,HBC,7.11,7.3,7.1,7.24,613900,KBS,2026-10-09T05:09:17Z
2024-04-23,HBC,7.24,7.27,7.15,7.18,296300,KBS,2026-10-09T05:09:17Z
2024-04-24,HBC,7.23,7.35,7.21,7.34,707300,KBS,2026-10-09T05:09:17Z
2024-04-25,HBC,7.36,7.36,7.23,7.3,356100,KBS,2026-10-09T05:09:17Z
2024-04-26,HBC,7.29,7.65,7.21,7.64,1853100,KBS,2026-10-09T05:09:17Z
2024-05-02,HBC,7.8,7.8,7.59,7.67,646500,KBS,2026-10-09T05:09:17Z
2024-05-03,HBC,7.7,7.72,7.5,7.5,880800,KBS,2026-10-09T05:09:17Z
2024-05-06,HBC,7.6,7.6,7.47,7.5,980000,KBS,2026-10-09T05:09:17Z
2024-05-07,HBC,7.55,7.58,7.48,7.5,752400,KBS,2026-10-09T05:09:17Z
2024-05-08,HBC,7.5,7.5,7.31,7.45,765100,KBS,2026-10-09T05:09:17Z
2024-05-09,HBC,7.55,7.55,7.43,7.48,442800,KBS,2026-10-09T05:09:17Z
2024-05-10,HBC,7.48,7.49,7.41,7.45,480700,KBS,2026-10-09T05:09:17Z
2024-05-13,HBC,7.46,7.75,7.46,7.69,1511300,KBS,2026-10-09T05:09:17Z
2024-05-14,HBC,7.7,7.7,7.57,7.58,512000,KBS,2026-10-09T05:09:17Z
2024-05-15,HBC,7.57,7.6,7.53,7.58,643500,KBS,2026-10-09T05:09:17Z
2024-05-16,HBC,7.59,7.69,7.55,7.6,622600,KBS,2026-10-09T05:09:17Z
2024-05-17,HBC,7.6,7.67,7.57,7.57,784900,KBS,2026-10-09T05:09:17Z
2024-05-20,HBC,7.57,7.74,7.57,7.73,1436200,KBS,2026-10-09T05:09:17Z
2024-05-21,HBC,8.0,8.17,7.93,8.0,2908900,KBS,2026-10-09T05:09:17Z
2024-05-22,HBC,8.09,8.17,7.9,7.91,1337900,KBS,2026-10-09T05:09:17Z
2024-05-23,HBC,8.18,8.18,7.88,7.95,1114800,KBS,2026-10-09T05:09:17Z
2024-05-24,HBC,7.9,8.0,7.68,7.85,1341800,KBS,2026-10-09T05:09:17Z
2024-05-27,HBC,7.79,7.89,7.79,7.89,563200,KBS,2026-10-09T05:09:17Z
2024-05-28,HBC,7.99,7.99,7.77,7.9,686500,KBS,2026-10-09T05:09:17Z
2024-05-29,HBC,7.85,8.1,7.85,8.05,2131400,KBS,2026-10-09T05:09:17Z
2024-05-30,HBC,8.0,8.14,8.0,8.05,1508600,KBS,2026-10-09T05:09:17Z
2024-05-31,HBC,8.08,8.3,8.08,8.15,1730500,KBS,2026-10-09T05:09:17Z
2024-06-03,HBC,8.16,8.3,8.1,8.12,1316900,KBS,2026-10-09T05:09:17Z
2024-06-04,HBC,8.19,8.19,8.05,8.05,842200,KBS,2026-10-09T05:09:17Z
2024-06-05,HBC,8.07,8.12,7.98,8.04,819200,KBS,2026-10-09T05:09:17Z
2024-06-06,HBC,8.01,8.1,7.99,8.0,704700,KBS,2026-10-09T05:09:17Z
2024-06-07,HBC,8.01,8.1,8.0,8.04,673500,KBS,2026-10-09T05:09:17Z
2024-06-10,HBC,8.1,8.1,7.95,7.97,855000,KBS,2026-10-09T05:09:17Z
2024-06-11,HBC,7.98,8.0,7.8,7.85,986200,KBS,2026-10-09T05:09:17Z
2024-06-12,HBC,7.88,7.88,7.72,7.82,873200,KBS,2026-10-09T05:09:17Z
2024-06-13,HBC,7.8,8.0,7.8,7.85,598000,KBS,2026-10-09T05:09:17Z
2024-06-14,HBC,7.85,7.91,7.79,7.79,794200,KBS,2026-10-09T05:09:17Z
2024-06-17,HBC,7.74,7.84,7.7,7.8,601300,KBS,2026-10-09T05:09:17Z
2024-06-18,HBC,7.8,7.88,7.8,7.8,483200,KBS,2026-10-09T05:09:17Z
2024-06-19,HBC,7.82,7.85,7.75,7.75,665900,KBS,2026-10-09T05:09:17Z
2024-06-20,HBC,7.71,7.75,7.64,7.65,669000,KBS,2026-10-09T05:09:17Z
2024-06-21,HBC,7.62,7.7,7.6,7.6,538500,KBS,2026-10-09T05:09:17Z
2024-06-24,HBC,7.59,7.63,7.38,7.4,986900,KBS,2026-10-09T05:09:17Z
2024-06-25,HBC,7.4,7.5,7.37,7.45,690000,KBS,2026-10-09T05:09:17Z
2024-06-26,HBC,7.55,7.6,7.47,7.5,384300,KBS,2026-10-09T05:09:17Z
2024-06-27,HBC,7.5,7.58,7.46,7.46,388600,KBS,2026-10-09T05:09:17Z
2024-06-28,HBC,7.65,7.92,7.6,7.68,1715700,KBS,2026-10-09T05:09:17Z
2024-07-01,HBC,7.8,7.83,7.68,7.68,507600,KBS,2026-10-09T05:09:17Z
2024-07-02,HBC,7.79,7.79,7.66,7.66,342300,KBS,2026-10-09T05:09:17Z
2024-07-03,HBC,7.66,7.68,7.58,7.58,430400,KBS,2026-10-09T05:09:17Z
2024-07-04,HBC,7.58,7.65,7.52,7.53,367900,KBS,2026-10-09T05:09:17Z
2024-07-05,HBC,7.63,7.63,7.45,7.45,512400,KBS,2026-10-09T05:09:17Z
2024-07-08,HBC,7.45,7.5,7.4,7.42,549800,KBS,2026-10-09T05:09:17Z
2024-07-09,HBC,7.4,7.51,7.38,7.47,813700,KBS,2026-10-09T05:09:17Z
2024-07-10,HBC,7.55,7.55,7.4,7.45,279800,KBS,2026-10-09T05:09:17Z
2024-07-11,HBC,7.5,7.52,7.45,7.49,576000,KBS,2026-10-09T05:09:17Z
2024-07-12,HBC,7.47,7.58,7.44,7.45,831300,KBS,2026-10-09T05:09:17Z
2024-07-15,HBC,7.46,7.48,7.4,7.46,528200,KBS,2026-10-09T05:09:17Z
2024-07-16,HBC,7.53,7.65,7.45,7.45,777200,KBS,2026-10-09T05:09:17Z
2024-07-17,HBC,7.5,7.8,7.47,7.6,2344900,KBS,2026-10-09T05:09:17Z
2024-07-18,HBC,8.13,8.13,8.01,8.1,6112500,KBS,2026-10-09T05:09:17Z
2024-07-19,HBC,8.1,8.16,7.75,7.9,1646900,KBS,2026-10-09T05:09:17Z
2024-07-22,HBC,7.9,7.9,7.35,7.45,2189400,KBS,2026-10-09T05:09:17Z
2024-07-23,HBC,7.45,7.51,7.16,7.16,1773000,KBS,2026-10-09T05:09:17Z
2024-07-24,HBC,7.15,7.34,7.11,7.31,990000,KBS,2026-10-09T05:09:17Z
2024-07-25,HBC,7.31,7.31,7.21,7.29,360200,KBS,2026-10-09T05:09:17Z
2024-07-26,HBC,7.29,7.33,7.22,7.25,475100,KBS,2026-10-09T05:09:17Z
2024-07-29,HBC,6.75,6.75,6.75,6.75,293400,KBS,2026-10-09T05:09:17Z
2024-07-30,HBC,6.28,6.28,6.28,6.28,1018000,KBS,2026-10-09T05:09:17Z
2024-07-31,HBC,5.85,6.09,5.85,5.85,15183300,KBS,2026-10-09T05:09:17Z
2024-08-01,HBC,5.85,6.19,5.77,5.92,2451900,KBS,2026-10-09T05:09:17Z
2024-08-02,HBC,5.84,5.99,5.51,5.51,4652800,KBS,2026-10-09T05:09:17Z
2024-08-05,HBC,5.25,5.48,5.13,5.13,3839200,KBS,2026-10-09T05:09:17Z
2024-08-06,HBC,5.12,5.48,4.94,5.42,4812200,KBS,2026-10-09T05:09:17Z
2024-08-07,HBC,5.42,5.42,5.2,5.3,1432800,KBS,2026-10-09T05:09:17Z
2024-08-08,HBC,5.35,5.35,4.98,5.0,3288200,KBS,2026-10-09T05:09:17Z
2024-08-09,HBC,5.02,5.14,4.96,4.97,2313100,KBS,2026-10-09T05:09:17Z
2024-08-12,HBC,4.67,4.75,4.63,4.63,3906900,KBS,2026-10-09T05:09:17Z
2024-08-13,HBC,4.58,4.95,4.55,4.81,2766600,KBS,2026-10-09T05:09:17Z
2024-08-14,HBC,4.78,4.95,4.7,4.84,826700,KBS,2026-10-09T05:09:17Z
2024-08-15,HBC,4.72,4.88,4.7,4.7,639600,KBS,2026-10-09T05:09:17Z
2024-08-16,HBC,4.7,4.94,4.66,4.93,1581300,KBS,2026-10-09T05:09:17Z
2024-08-19,HBC,4.93,4.98,4.81,4.85,877100,KBS,2026-10-09T05:09:17Z
2024-08-20,HBC,4.85,4.93,4.82,4.9,1396600,KBS,2026-10-09T05:09:17Z
2024-08-21,HBC,4.88,4.9,4.83,4.86,784800,KBS,2026-10-09T05:09:17Z
2024-08-22,HBC,4.86,4.86,4.74,4.78,2277000,KBS,2026-10-09T05:09:17Z
2024-08-23,HBC,4.78,4.78,4.73,4.76,565100,KBS,2026-10-09T05:09:17Z
2024-08-26,HBC,4.76,4.96,4.76,4.94,1629100,KBS,2026-10-09T05:09:17Z
2024-08-27,HBC,4.93,4.98,4.87,4.96,1064700,KBS,2026-10-09T05:09:17Z
2024-08-28,HBC,5.0,5.3,5.0,5.2,4590300,KBS,2026-10-09T05:09:17Z
2024-08-29,HBC,5.2,5.33,5.17,5.24,1272500,KBS,2026-10-09T05:09:17Z
2024-08-30,HBC,5.24,5.24,5.15,5.18,1677700,KBS,2026-10-09T05:09:17Z
2024-09-04,HBC,5.32,5.45,5.25,5.45,2261900,KBS,2026-10-09T05:09:17Z
2024-09-05,HBC,5.6,5.75,5.48,5.75,2929800,KBS,2026-10-09T05:09:17Z
2024-09-18,HBC,5.7,6.5,5.5,5.6,3447700,KBS,2026-10-09T05:09:17Z
2024-09-19,HBC,5.7,5.7,5.3,5.4,1844181,KBS,2026-10-09T05:09:17Z
2024-09-20,HBC,5.5,5.6,5.3,5.4,1370549,KBS,2026-10-09T05:09:17Z
2024-09-23,HBC,5.4,5.5,5.3,5.4,689420,KBS,2026-10-09T05:09:17Z
2024-09-24,HBC,5.5,5.5,5.1,5.1,1623426,KBS,2026-10-09T05:09:17Z
2024-09-25,HBC,5.1,5.3,5.1,5.3,1361362,KBS,2026-10-09T05:09:17Z
2024-09-26,HBC,5.2,5.3,5.0,5.1,2178653,KBS,2026-10-09T05:09:17Z
2024-09-27,HBC,5.1,5.3,5.1,5.3,1423572,KBS,2026-10-09T05:09:17Z
2024-09-30,HBC,5.3,5.3,5.1,5.2,587331,KBS,2026-10-09T05:09:17Z
2024-10-01,HBC,5.2,5.2,5.0,5.0,1678448,KBS,2026-10-09T05:09:17Z
2024-10-02,HBC,5.0,5.2,5.0,5.1,600589,KBS,2026-10-09T05:09:17Z
2024-10-03,HBC,5.1,5.2,4.9,5.1,1247965,KBS,2026-10-09T05:09:17Z
2024-10-04,HBC,5.0,5.1,4.9,5.1,634901,KBS,2026-10-09T05:09:17Z
2024-10-07,HBC,5.0,5.4,5.0,5.2,1971464,KBS,2026-10-09T05:09:17Z
2024-10-08,HBC,5.2,5.2,5.1,5.1,419149,KBS,2026-10-09T05:09:17Z
2024-10-09,HBC,5.2,5.2,5.0,5.1,767604,KBS,2026-10-09T05:09:17Z
2024-10-10,HBC,5.1,5.2,5.0,5.1,565169,KBS,2026-10-09T05:09:17Z
2024-10-11,HBC,5.0,5.1,5.0,5.1,598824,KBS,2026-10-09T05:09:17Z
2024-10-14,HBC,5.1,5.1,4.9,5.1,518956,KBS,2026-10-09T05:09:17Z
2024-10-15,HBC,5.1,5.1,4.9,5.0,1252624,KBS,2026-10-09T05:09:17Z
2024-10-16,HBC,5.0,5.0,4.9,4.9,498405,KBS,2026-10-09T05:09:17Z
2024-10-17,HBC,5.0,5.0,4.9,5.0,596144,KBS,2026-10-09T05:09:17Z
2024-10-18,HBC,5.0,5.0,4.9,4.9,448028,KBS,2026-10-09T05:09:17Z
2024-10-21,HBC,5.0,5.0,4.9,4.9,493185,KBS,2026-10-09T05:09:17Z
2024-10-22,HBC,5.0,5.0,4.8,4.9,878206,KBS,2026-10-09T05:09:17Z
2024-10-23,HBC,4.9,5.0,4.8,5.0,768484,KBS,2026-10-09T05:09:17Z
2024-10-24,HBC,5.0,5.0,4.8,5.0,515191,KBS,2026-10-09T05:09:17Z
2024-10-25,HBC,5.0,5.0,4.8,4.9,518912,KBS,2026-10-09T05:09:17Z
2024-10-28,HBC,4.9,5.0,4.8,4.9,277803,KBS,2026-10-09T05:09:17Z
2024-10-29,HBC,4.9,5.0,4.8,4.9,531676,KBS,2026-10-09T05:09:17Z
2024-10-30,HBC,5.0,5.3,4.9,5.2,2063866,KBS,2026-10-09T05:09:17Z
2024-10-31,HBC,5.2,5.2,5.0,5.0,746511,KBS,2026-10-09T05:09:17Z
2024-11-01,HBC,5.1,5.1,4.9,5.0,1006694,KBS,2026-10-09T05:09:17Z
2024-11-04,HBC,5.0,5.0,4.9,4.9,721692,KBS,2026-10-09T05:09:17Z
2024-11-05,HBC,4.9,5.0,4.9,5.0,287258,KBS,2026-10-09T05:09:17Z
2024-11-06,HBC,5.0,5.0,4.8,5.0,622094,KBS,2026-10-09T05:09:17Z
2024-11-07,HBC,5.0,5.1,4.9,5.0,925466,KBS,2026-10-09T05:09:17Z
2024-11-08,HBC,5.0,5.1,4.9,5.0,642024,KBS,2026-10-09T05:09:17Z
2024-11-11,HBC,5.0,5.0,4.9,5.0,1339808,KBS,2026-10-09T05:09:17Z
2024-11-12,HBC,5.0,5.1,4.9,5.0,1071497,KBS,2026-10-09T05:09:17Z
2024-11-13,HBC,5.0,5.0,4.9,5.0,348153,KBS,2026-10-09T05:09:17Z
2024-11-14,HBC,5.0,5.0,4.8,4.9,1445348,KBS,2026-10-09T05:09:17Z
2024-11-15,HBC,4.9,5.0,4.8,4.9,742861,KBS,2026-10-09T05:09:17Z
2024-11-18,HBC,4.9,4.9,4.8,4.9,703596,KBS,2026-10-09T05:09:17Z
2024-11-19,HBC,4.8,4.9,4.8,4.9,306789,KBS,2026-10-09T05:09:17Z
2024-11-20,HBC,4.9,4.9,4.8,4.9,403586,KBS,2026-10-09T05:09:17Z
2024-11-21,HBC,4.9,4.9,4.8,4.9,456210,KBS,2026-10-09T05:09:17Z
2024-11-22,HBC,4.8,5.0,4.8,4.9,977960,KBS,2026-10-09T05:09:17Z
2024-11-25,HBC,5.0,5.0,4.9,5.0,388576,KBS,2026-10-09T05:09:17Z
2024-11-26,HBC,5.0,5.0,4.9,4.9,401537,KBS,2026-10-09T05:09:17Z
2024-11-27,HBC,5.0,5.4,4.9,5.2,3440264,KBS,2026-10-09T05:09:17Z
2024-11-28,HBC,5.2,5.3,5.1,5.1,513307,KBS,2026-10-09T05:09:17Z
2024-11-29,HBC,5.2,5.2,5.0,5.0,1790909,KBS,2026-10-09T05:09:17Z
2024-12-02,HBC,5.0,5.2,5.0,5.1,919797,KBS,2026-10-09T05:09:17Z
2024-12-03,HBC,5.1,5.2,5.0,5.0,669205,KBS,2026-10-09T05:09:17Z
2024-12-04,HBC,5.1,5.1,4.9,5.0,946499,KBS,2026-10-09T05:09:17Z
2024-12-05,HBC,5.0,5.1,4.9,5.1,1131246,KBS,2026-10-09T05:09:17Z
2024-12-06,HBC,5.1,5.1,4.9,5.0,1139977,KBS,2026-10-09T05:09:17Z
2024-12-09,HBC,5.0,5.1,5.0,5.0,654950,KBS,2026-10-09T05:09:17Z
2024-12-10,HBC,5.0,5.1,5.0,5.0,681540,KBS,2026-10-09T05:09:17Z
2024-12-11,HBC,5.0,5.1,5.0,5.1,1004254,KBS,2026-10-09T05:09:17Z
2024-12-12,HBC,5.0,5.1,5.0,5.0,676661,KBS,2026-10-09T05:09:17Z
2024-12-13,HBC,5.0,5.1,4.9,5.0,817579,KBS,2026-10-09T05:09:17Z
2024-12-16,HBC,5.0,5.1,4.9,5.0,519335,KBS,2026-10-09T05:09:17Z
2024-12-17,HBC,5.0,5.1,4.9,5.0,398327,KBS,2026-10-09T05:09:17Z
2024-12-18,HBC,4.9,5.0,4.9,5.0,519093,KBS,2026-10-09T05:09:17Z
2024-12-19,HBC,5.0,5.1,4.9,5.1,868583,KBS,2026-10-09T05:09:17Z
2024-12-20,HBC,5.1,5.3,5.0,5.2,3645697,KBS,2026-10-09T05:09:17Z
2024-12-23,HBC,5.2,5.4,5.2,5.4,985821,KBS,2026-10-09T05:09:17Z
2024-12-24,HBC,5.4,5.9,5.4,5.8,5754324,KBS,2026-10-09T05:09:17Z
2024-12-25,HBC,5.8,6.4,5.7,6.4,5217111,KBS,2026-10-09T05:09:17Z
2024-12-26,HBC,6.0,7.1,6.0,6.7,5483200,KBS,2026-10-09T05:09:17Z
2024-12-27,HBC,6.7,6.8,6.0,6.2,4284358,KBS,2026-10-09T05:09:17Z
2024-12-30,HBC,6.2,6.3,5.9,6.0,1553764,KBS,2026-10-09T05:09:17Z
2024-12-31,HBC,6.0,6.5,5.9,6.3,1599930,KBS,2026-10-09T05:09:17Z
2025-01-02,HBC,6.3,6.7,6.2,6.5,3030581,KBS,2026-10-09T05:09:17Z
2025-01-03,HBC,6.5,6.6,6.3,6.4,2341225,KBS,2026-10-09T05:09:17Z
2025-01-06,HBC,6.4,6.9,6.3,6.4,1514376,KBS,2026-10-09T05:09:17Z
2025-01-07,HBC,6.5,6.5,6.1,6.2,1841458,KBS,2026-10-09T05:09:17Z
2025-01-08,HBC,6.2,6.7,6.1,6.6,2208142,KBS,2026-10-09T05:09:17Z
2025-01-09,HBC,6.6,7.3,6.5,7.0,5233740,KBS,2026-10-09T05:09:17Z
2025-01-10,HBC,7.0,7.0,6.5,6.6,1967024,KBS,2026-10-09T05:09:17Z
2025-01-13,HBC,6.7,6.9,6.4,6.8,1943243,KBS,2026-10-09T05:09:17Z
2025-01-14,HBC,6.8,7.0,6.7,6.7,1648402,KBS,2026-10-09T05:09:17Z
2025-01-15,HBC,6.9,6.9,6.6,6.8,1350034,KBS,2026-10-09T05:09:17Z
2025-01-16,HBC,6.9,7.0,6.6,6.6,1484928,KBS,2026-10-09T05:09:17Z
2025-01-17,HBC,6.6,6.8,6.6,6.7,1683047,KBS,2026-10-09T05:09:17Z
2025-01-20,HBC,6.7,6.7,6.1,6.4,2480323,KBS,2026-10-09T05:09:17Z
2025-01-21,HBC,6.4,6.5,6.1,6.2,1714691,KBS,2026-10-09T05:09:17Z
2025-01-22,HBC,6.2,6.3,6.1,6.2,965094,KBS,2026-10-09T05:09:17Z
2025-01-23,HBC,6.2,6.4,6.1,6.3,1068156,KBS,2026-10-09T05:09:17Z
2025-01-24,HBC,6.3,6.4,6.1,6.3,1380299,KBS,2026-10-09T05:09:17Z
2025-02-03,HBC,6.2,6.4,6.1,6.4,864569,KBS,2026-10-09T05:09:17Z
2025-02-04,HBC,6.4,6.9,6.3,6.6,2356064,KBS,2026-10-09T05:09:17Z
2025-02-05,HBC,6.6,6.9,6.6,6.8,1821439,KBS,2026-10-09T05:09:17Z
2025-02-06,HBC,6.8,6.8,6.5,6.6,1430159,KBS,2026-10-09T05:09:17Z
2025-02-07,HBC,6.6,6.7,6.4,6.6,1661022,KBS,2026-10-09T05:09:17Z
2025-02-10,HBC,6.6,6.7,6.4,6.4,1132586,KBS,2026-10-09T05:09:17Z
2025-02-11,HBC,6.5,6.5,6.3,6.4,1256874,KBS,2026-10-09T05:09:17Z
2025-02-12,HBC,6.5,6.7,6.4,6.7,1502495,KBS,2026-10-09T05:09:17Z
2025-02-13,HBC,6.7,6.9,6.5,6.8,3708593,KBS,2026-10-09T05:09:17Z
2025-02-14,HBC,6.8,6.9,6.6,6.8,1850675,KBS,2026-10-09T05:09:17Z
2025-02-17,HBC,6.8,7.4,6.7,7.2,4437141,KBS,2026-10-09T05:09:17Z
2025-02-18,HBC,7.2,7.3,7.0,7.1,2018577,KBS,2026-10-09T05:09:17Z
2025-02-19,HBC,7.1,7.7,7.1,7.6,4737486,KBS,2026-10-09T05:09:17Z
2025-02-20,HBC,7.7,7.7,7.3,7.4,3192379,KBS,2026-10-09T05:09:17Z
2025-02-21,HBC,7.4,7.5,7.2,7.3,1914735,KBS,2026-10-09T05:09:17Z
2025-02-24,HBC,7.3,7.3,7.1,7.3,1841711,KBS,2026-10-09T05:09:17Z
2025-02-25,HBC,7.3,7.4,7.1,7.3,1798290,KBS,2026-10-09T05:09:17Z
2025-02-26,HBC,7.3,7.4,7.2,7.3,1211153,KBS,2026-10-09T05:09:17Z
2025-02-27,HBC,7.3,7.4,7.1,7.3,1706142,KBS,2026-10-09T05:09:17Z
2025-02-28,HBC,7.2,7.3,7.1,7.2,1299433,KBS,2026-10-09T05:09:17Z
2025-03-03,HBC,7.2,7.3,7.1,7.2,875256,KBS,2026-10-09T05:09:17Z
2025-03-04,HBC,7.2,7.5,7.1,7.3,2017575,KBS,2026-10-09T05:09:17Z
2025-03-05,HBC,7.3,7.3,7.1,7.1,870756,KBS,2026-10-09T05:09:17Z
2025-03-06,HBC,7.1,7.3,7.0,7.3,1571408,KBS,2026-10-09T05:09:17Z
2025-03-07,HBC,7.3,7.4,7.2,7.3,924448,KBS,2026-10-09T05:09:17Z
2025-03-10,HBC,7.3,7.3,7.1,7.2,1570051,KBS,2026-10-09T05:09:17Z
2025-03-11,HBC,7.2,7.2,7.0,7.2,1498667,KBS,2026-10-09T05:09:17Z
2025-03-12,HBC,7.2,7.2,7.0,7.1,971001,KBS,2026-10-09T05:09:17Z
2025-03-13,HBC,7.0,7.2,6.8,6.8,2263763,KBS,2026-10-09T05:09:17Z
2025-03-14,HBC,6.8,6.9,6.7,6.9,2409654,KBS,2026-10-09T05:09:17Z
2025-03-17,HBC,6.8,7.0,6.7,6.8,1245008,KBS,2026-10-09T05:09:17Z
2025-03-18,HBC,6.8,6.9,6.6,6.7,1073916,KBS,2026-10-09T05:09:17Z
2025-03-19,HBC,6.7,6.8,6.5,6.6,1087850,KBS,2026-10-09T05:09:17Z
2025-03-20,HBC,6.6,6.7,6.4,6.6,1214952,KBS,2026-10-09T05:09:17Z
2025-03-21,HBC,6.6,6.6,6.5,6.6,640780,KBS,2026-10-09T05:09:17Z
2025-03-24,HBC,6.6,6.7,6.5,6.7,550338,KBS,2026-10-09T05:09:17Z
2025-03-25,HBC,6.7,6.7,6.5,6.5,688133,KBS,2026-10-09T05:09:17Z
2025-03-26,HBC,6.5,6.7,6.5,6.6,401046,KBS,2026-10-09T05:09:17Z
2025-03-27,HBC,6.6,6.7,6.5,6.5,474843,KBS,2026-10-09T05:09:17Z
2025-03-28,HBC,6.6,6.6,6.5,6.6,558181,KBS,2026-10-09T05:09:17Z
2025-03-31,HBC,6.5,6.6,6.4,6.5,824511,KBS,2026-10-09T05:09:17Z
2025-04-01,HBC,6.5,6.9,6.5,6.8,1812051,KBS,2026-10-09T05:09:17Z
2025-04-02,HBC,6.8,7.1,6.8,7.0,2092979,KBS,2026-10-09T05:09:17Z
2025-04-03,HBC,7.0,7.0,6.0,6.1,5123599,KBS,2026-10-09T05:09:17Z
2025-04-04,HBC,6.2,6.3,5.7,6.3,2783947,KBS,2026-10-09T05:09:17Z
2025-04-08,HBC,6.3,6.3,5.2,5.3,3196107,KBS,2026-10-09T05:09:17Z
2025-04-09,HBC,5.3,5.6,5.0,5.2,1971385,KBS,2026-10-09T05:09:17Z
2025-04-10,HBC,5.8,6.0,5.6,6.0,650017,KBS,2026-10-09T05:09:17Z
2025-04-11,HBC,6.2,6.4,5.9,6.2,2885750,KBS,2026-10-09T05:09:17Z
2025-04-14,HBC,6.2,6.3,6.0,6.1,675976,KBS,2026-10-09T05:09:17Z
2025-04-15,HBC,6.1,6.1,5.9,5.9,1347236,KBS,2026-10-09T05:09:17Z
2025-04-16,HBC,6.0,6.0,5.8,5.9,518625,KBS,2026-10-09T05:09:17Z
2025-04-17,HBC,5.9,6.0,5.8,6.0,473926,KBS,2026-10-09T05:09:17Z
2025-04-18,HBC,5.9,6.1,5.9,5.9,627455,KBS,2026-10-09T05:09:17Z
2025-04-21,HBC,5.9,6.1,5.9,6.1,810529,KBS,2026-10-09T05:09:17Z
2025-04-22,HBC,6.0,6.0,5.4,5.9,1863827,KBS,2026-10-09T05:09:17Z
2025-04-23,HBC,5.9,6.0,5.8,5.9,485398,KBS,2026-10-09T05:09:17Z
2025-04-24,HBC,6.0,6.0,5.8,6.0,774817,KBS,2026-10-09T05:09:17Z
2025-04-25,HBC,6.0,6.0,5.8,6.0,657946,KBS,2026-10-09T05:09:17Z
2025-04-28,HBC,6.0,6.6,6.0,6.3,2565088,KBS,2026-10-09T05:09:17Z
2025-04-29,HBC,6.3,6.4,6.2,6.3,742398,KBS,2026-10-09T05:09:17Z
2025-05-05,HBC,6.4,6.5,6.2,6.4,912500,KBS,2026-10-09T05:09:17Z
2025-05-06,HBC,6.3,6.4,6.1,6.3,1044500,KBS,2026-10-09T05:09:17Z
2025-05-07,HBC,6.2,6.2,6.1,6.1,853300,KBS,2026-10-09T05:09:17Z
2025-05-08,HBC,6.2,6.3,6.1,6.2,898100,KBS,2026-10-09T05:09:17Z
2025-05-09,HBC,6.2,6.3,6.0,6.2,977500,KBS,2026-10-09T05:09:17Z
2025-05-12,HBC,6.2,6.2,6.1,6.2,504300,KBS,2026-10-09T05:09:17Z
2025-05-13,HBC,6.2,6.3,6.1,6.2,752900,KBS,2026-10-09T05:09:17Z
2025-05-14,HBC,6.2,6.3,6.1,6.3,1424100,KBS,2026-10-09T05:09:17Z
2025-05-15,HBC,6.2,6.4,6.2,6.3,1748700,KBS,2026-10-09T05:09:17Z
2025-05-16,HBC,6.3,6.4,6.1,6.3,1312000,KBS,2026-10-09T05:09:17Z
2025-05-19,HBC,6.3,6.3,6.1,6.2,1011900,KBS,2026-10-09T05:09:17Z
2025-05-20,HBC,6.2,6.2,6.0,6.1,1002100,KBS,2026-10-09T05:09:17Z
2025-05-21,HBC,6.1,6.2,6.0,6.2,1182000,KBS,2026-10-09T05:09:17Z
2025-05-22,HBC,6.2,6.2,6.0,6.1,1075400,KBS,2026-10-09T05:09:17Z
2025-05-23,HBC,6.1,6.2,6.0,6.1,1054400,KBS,2026-10-09T05:09:17Z
2025-05-26,HBC,6.0,6.1,5.9,6.1,1287700,KBS,2026-10-09T05:09:17Z
2025-05-27,HBC,6.0,6.2,6.0,6.2,991000,KBS,2026-10-09T05:09:17Z
2025-05-28,HBC,6.2,6.8,6.2,6.6,5349000,KBS,2026-10-09T05:09:17Z
2025-05-29,HBC,6.6,6.7,6.4,6.7,2117400,KBS,2026-10-09T05:09:17Z
2025-05-30,HBC,6.7,6.7,6.4,6.5,1505800,KBS,2026-10-09T05:09:17Z
2025-06-02,HBC,6.5,6.8,6.4,6.6,1598000,KBS,2026-10-09T05:09:17Z
2025-06-03,HBC,6.6,6.8,6.6,6.7,3530800,KBS,2026-10-09T05:09:17Z
2025-06-04,HBC,6.7,6.9,6.6,6.7,1940700,KBS,2026-10-09T05:09:17Z
2025-06-05,HBC,6.7,6.9,6.5,6.7,2295700,KBS,2026-10-09T05:09:17Z
2025-06-06,HBC,6.7,6.7,6.5,6.6,1658700,KBS,2026-10-09T05:09:17Z
2025-06-09,HBC,6.6,6.7,6.4,6.4,1411100,KBS,2026-10-09T05:09:17Z
2025-06-10,HBC,6.4,6.5,6.3,6.5,1054500,KBS,2026-10-09T05:09:17Z
2025-06-11,HBC,6.5,6.5,6.3,6.5,595300,KBS,2026-10-09T05:09:17Z
2025-06-12,HBC,6.5,6.5,6.3,6.5,749200,KBS,2026-10-09T05:09:17Z
2025-06-13,HBC,6.5,6.5,6.2,6.4,1513900,KBS,2026-10-09T05:09:17Z
2025-06-16,HBC,6.3,6.4,6.2,6.4,1031700,KBS,2026-10-09T05:09:17Z
2025-06-17,HBC,6.4,6.5,6.3,6.4,1067500,KBS,2026-10-09T05:09:17Z
2025-06-18,HBC,6.3,6.5,6.3,6.3,737400,KBS,2026-10-09T05:09:17Z
2025-06-19,HBC,6.3,6.5,6.3,6.4,491900,KBS,2026-10-09T05:09:17Z
2025-06-20,HBC,6.4,6.4,6.3,6.4,675600,KBS,2026-10-09T05:09:17Z
2025-06-23,HBC,6.4,6.4,6.2,6.3,1004800,KBS,2026-10-09T05:09:17Z
2025-06-24,HBC,6.3,6.4,6.3,6.4,609300,KBS,2026-10-09T05:09:17Z
2025-06-25,HBC,6.4,6.5,6.3,6.4,1504000,KBS,2026-10-09T05:09:17Z
2025-06-26,HBC,6.4,6.5,6.3,6.3,789800,KBS,2026-10-09T05:09:17Z
2025-06-27,HBC,6.3,6.4,6.3,6.4,365800,KBS,2026-10-09T05:09:17Z
2025-06-30,HBC,6.4,6.5,6.3,6.5,1052800,KBS,2026-10-09T05:09:17Z
2025-07-01,HBC,6.5,6.6,6.4,6.5,1420600,KBS,2026-10-09T05:09:17Z
2025-07-02,HBC,6.5,6.7,6.4,6.6,2183300,KBS,2026-10-09T05:09:17Z
2025-07-03,HBC,6.5,6.7,6.5,6.6,1357100,KBS,2026-10-09T05:09:17Z
2025-07-04,HBC,6.6,6.6,6.4,6.5,1636300,KBS,2026-10-09T05:09:17Z
2025-07-07,HBC,6.5,6.5,6.3,6.5,2757900,KBS,2026-10-09T05:09:17Z
2025-07-08,HBC,6.5,7.3,6.3,7.3,14290500,KBS,2026-10-09T05:09:17Z
2025-07-09,HBC,7.3,7.6,7.1,7.2,4556400,KBS,2026-10-09T05:09:17Z
2025-07-10,HBC,7.2,7.2,7.0,7.1,4278500,KBS,2026-10-09T05:09:17Z
2025-07-11,HBC,7.1,7.1,6.8,6.9,3801200,KBS,2026-10-09T05:09:17Z
2025-07-14,HBC,6.9,7.1,6.8,7.1,4091400,KBS,2026-10-09T05:09:17Z
2025-07-15,HBC,7.1,7.4,7.0,7.2,4732500,KBS,2026-10-09T05:09:17Z
2025-07-16,HBC,7.2,7.3,6.9,7.2,5083300,KBS,2026-10-09T05:09:17Z
2025-07-17,HBC,7.2,7.5,7.1,7.2,5900700,KBS,2026-10-09T05:09:17Z
2025-07-18,HBC,7.3,7.4,7.1,7.3,3831700,KBS,2026-10-09T05:09:17Z
2025-07-21,HBC,7.3,7.5,7.1,7.2,6117900,KBS,2026-10-09T05:09:17Z
2025-07-22,HBC,7.2,7.2,7.0,7.2,4018600,KBS,2026-10-09T05:09:17Z
2025-07-23,HBC,7.2,7.3,7.0,7.1,3509100,KBS,2026-10-09T05:09:17Z
2025-07-24,HBC,7.1,7.2,7.0,7.1,2511400,KBS,2026-10-09T05:09:17Z
2025-07-25,HBC,7.1,7.7,7.1,7.3,8310900,KBS,2026-10-09T05:09:17Z
2025-07-28,HBC,7.5,7.5,7.3,7.5,5943000,KBS,2026-10-09T05:09:17Z
2025-07-29,HBC,7.5,7.7,7.2,7.3,10415600,KBS,2026-10-09T05:09:17Z
2025-07-30,HBC,7.3,7.4,7.1,7.3,4128800,KBS,2026-10-09T05:09:17Z
2025-07-31,HBC,7.3,7.3,7.0,7.1,4822700,KBS,2026-10-09T05:09:17Z
2025-08-01,HBC,7.2,7.5,7.0,7.4,7016000,KBS,2026-10-09T05:09:17Z
2025-08-04,HBC,7.5,8.3,7.3,8.3,14367700,KBS,2026-10-09T05:09:17Z
2025-08-05,HBC,8.3,8.7,7.7,8.3,12430500,KBS,2026-10-09T05:09:17Z
2025-08-06,HBC,8.3,8.3,8.0,8.2,4784100,KBS,2026-10-09T05:09:17Z
2025-08-07,HBC,8.2,8.3,8.0,8.2,4353800,KBS,2026-10-09T05:09:17Z
2025-08-08,HBC,8.3,8.7,8.1,8.4,9152700,KBS,2026-10-09T05:09:17Z
2025-08-11,HBC,8.4,8.9,8.4,8.6,6450500,KBS,2026-10-09T05:09:17Z
2025-08-12,HBC,8.6,8.7,8.2,8.4,4952600,KBS,2026-10-09T05:09:17Z
2025-08-13,HBC,8.4,8.4,8.0,8.3,8214200,KBS,2026-10-09T05:09:17Z
2025-08-14,HBC,8.3,8.4,8.1,8.3,5563900,KBS,2026-10-09T05:09:17Z
2025-08-15,HBC,8.3,8.4,8.0,8.2,3592300,KBS,2026-10-09T05:09:17Z
2025-08-18,HBC,8.2,8.4,8.0,8.4,4502900,KBS,2026-10-09T05:09:17Z
2025-08-19,HBC,8.4,8.7,8.4,8.6,9369800,KBS,2026-10-09T05:09:17Z
2025-08-20,HBC,8.6,8.7,8.0,8.3,5093800,KBS,2026-10-09T05:09:17Z
2025-08-21,HBC,8.3,8.4,8.1,8.1,3592800,KBS,2026-10-09T05:09:17Z
2025-08-22,HBC,8.2,8.2,7.4,7.7,7808900,KBS,2026-10-09T05:09:17Z
2025-08-25,HBC,7.9,8.0,7.6,7.7,2470000,KBS,2026-10-09T05:09:17Z
2025-08-26,HBC,7.7,8.0,7.7,8.0,2022200,KBS,2026-10-09T05:09:17Z
2025-08-27,HBC,8.0,8.2,7.8,8.0,1883800,KBS,2026-10-09T05:09:17Z
2025-08-28,HBC,8.0,8.3,8.0,8.2,3387600,KBS,2026-10-09T05:09:17Z
2025-08-29,HBC,8.2,8.3,8.0,8.1,2373300,KBS,2026-10-09T05:09:17Z
2025-09-03,HBC,8.1,8.2,7.9,8.1,2094100,KBS,2026-10-09T05:09:17Z
2025-09-04,HBC,8.1,8.1,7.8,8.0,2716200,KBS,2026-10-09T05:09:17Z
2025-09-05,HBC,8.0,8.1,7.8,7.8,3227500,KBS,2026-10-09T05:09:17Z
2025-09-08,HBC,7.8,8.0,7.6,7.7,4691400,KBS,2026-10-09T05:09:17Z
2025-09-09,HBC,7.8,8.3,7.8,8.0,4491800,KBS,2026-10-09T05:09:17Z
2025-09-10,HBC,8.1,8.2,7.8,7.9,1378400,KBS,2026-10-09T05:09:17Z
2025-09-11,HBC,7.9,7.9,7.5,7.8,3605000,KBS,2026-10-09T05:09:17Z
2025-09-12,HBC,7.9,7.9,7.7,7.9,2107800,KBS,2026-10-09T05:09:17Z
2025-09-15,HBC,7.9,8.1,7.8,8.1,4477400,KBS,2026-10-09T05:09:17Z
2025-09-16,HBC,8.3,8.3,7.9,7.9,2738200,KBS,2026-10-09T05:09:17Z
2025-09-17,HBC,7.9,8.0,7.7,7.8,2522800,KBS,2026-10-09T05:09:17Z
2025-09-18,HBC,7.8,7.9,7.7,7.7,2059500,KBS,2026-10-09T05:09:17Z
2025-09-19,HBC,7.7,7.8,7.6,7.8,1684700,KBS,2026-10-09T05:09:17Z
2025-09-22,HBC,7.8,7.8,7.6,7.6,1757600,KBS,2026-10-09T05:09:17Z
2025-09-23,HBC,7.7,7.7,7.5,7.6,1623100,KBS,2026-10-09T05:09:17Z
2025-09-24,HBC,7.6,7.7,7.5,7.7,1517500,KBS,2026-10-09T05:09:17Z
2025-09-25,HBC,7.6,7.9,7.6,7.7,2186400,KBS,2026-10-09T05:09:17Z
2025-09-26,HBC,7.8,7.8,7.6,7.7,1602300,KBS,2026-10-09T05:09:17Z
2025-09-29,HBC,7.7,7.7,7.5,7.6,1702400,KBS,2026-10-09T05:09:17Z
2025-09-30,HBC,7.6,7.7,7.3,7.4,2093300,KBS,2026-10-09T05:09:17Z
2025-10-01,HBC,7.5,7.6,7.4,7.5,1088700,KBS,2026-10-09T05:09:17Z
2025-10-02,HBC,7.5,7.6,7.3,7.5,1116300,KBS,2026-10-09T05:09:17Z
2025-10-03,HBC,7.4,7.4,7.1,7.3,2423800,KBS,2026-10-09T05:09:17Z
2025-10-06,HBC,7.3,7.4,7.1,7.4,1406500,KBS,2026-10-09T05:09:17Z
2025-10-07,HBC,7.4,7.4,7.2,7.3,773400,KBS,2026-10-09T05:09:17Z
2025-10-08,HBC,7.3,7.5,7.2,7.3,1275100,KBS,2026-10-09T05:09:17Z
2025-10-09,HBC,7.2,7.3,7.1,7.2,1713200,KBS,2026-10-09T05:09:17Z
2025-10-10,HBC,7.2,7.2,7.0,7.2,1586800,KBS,2026-10-09T05:09:17Z
2025-10-13,HBC,7.0,7.1,6.9,7.1,1487900,KBS,2026-10-09T05:09:17Z
2025-10-14,HBC,7.0,7.2,6.9,7.0,2039000,KBS,2026-10-09T05:09:17Z
2025-10-15,HBC,7.1,7.1,6.8,6.8,1572300,KBS,2026-10-09T05:09:17Z
2025-10-16,HBC,6.8,7.0,6.7,6.8,1935700,KBS,2026-10-09T05:09:17Z
2025-10-17,HBC,6.8,6.8,6.5,6.5,3315700,KBS,2026-10-09T05:09:17Z
2025-10-20,HBC,6.5,6.8,6.2,6.4,3491400,KBS,2026-10-09T05:09:17Z
2025-10-21,HBC,6.5,6.6,6.2,6.3,2291400,KBS,2026-10-09T05:09:17Z
2025-10-22,HBC,6.3,6.4,6.2,6.4,1389600,KBS,2026-10-09T05:09:17Z
2025-10-23,HBC,6.4,6.5,6.2,6.4,1565200,KBS,2026-10-09T05:09:17Z
2025-10-24,HBC,6.3,6.4,6.0,6.3,1534300,KBS,2026-10-09T05:09:17Z
2025-10-27,HBC,6.3,6.3,6.1,6.1,1492000,KBS,2026-10-09T05:09:17Z
2025-10-28,HBC,6.1,6.3,6.0,6.3,1780800,KBS,2026-10-09T05:09:17Z
2025-10-29,HBC,6.2,6.5,6.1,6.4,2129100,KBS,2026-10-09T05:09:17Z
2025-10-30,HBC,6.3,6.6,6.3,6.6,2904700,KBS,2026-10-09T05:09:17Z
2025-10-31,HBC,6.6,6.9,6.5,6.7,2889300,KBS,2026-10-09T05:09:17Z
2025-11-03,HBC,6.7,6.8,6.3,6.4,1895900,KBS,2026-10-09T05:09:17Z
2025-11-04,HBC,6.4,6.5,6.2,6.5,1868800,KBS,2026-10-09T05:09:17Z
2025-11-05,HBC,6.0,6.5,6.0,6.4,556000,KBS,2026-10-09T05:09:17Z
2025-11-06,HBC,6.4,6.4,6.2,6.4,652800,KBS,2026-10-09T05:09:17Z
2025-11-07,HBC,6.4,6.4,6.1,6.1,1263700,KBS,2026-10-09T05:09:17Z
2025-11-10,HBC,6.2,6.2,6.1,6.1,713000,KBS,2026-10-09T05:09:17Z
2025-11-11,HBC,6.2,6.2,6.1,6.2,880600,KBS,2026-10-09T05:09:17Z
2025-11-12,HBC,6.2,6.3,6.1,6.3,506000,KBS,2026-10-09T05:09:17Z
2025-11-13,HBC,6.3,6.3,6.2,6.3,405000,KBS,2026-10-09T05:09:17Z
2025-11-14,HBC,6.3,6.3,6.2,6.3,666300,KBS,2026-10-09T05:09:17Z
2025-11-17,HBC,6.3,6.5,6.2,6.5,957400,KBS,2026-10-09T05:09:17Z
2025-11-18,HBC,6.5,6.5,6.3,6.4,758000,KBS,2026-10-09T05:09:17Z
2025-11-19,HBC,6.4,6.4,6.3,6.4,846500,KBS,2026-10-09T05:09:17Z
2025-11-20,HBC,6.4,6.4,6.3,6.4,1650700,KBS,2026-10-09T05:09:17Z
2025-11-21,HBC,6.3,6.4,6.2,6.4,737100,KBS,2026-10-09T05:09:17Z
2025-11-24,HBC,6.4,6.4,6.2,6.3,1242100,KBS,2026-10-09T05:09:17Z
2025-11-25,HBC,6.3,6.4,6.2,6.3,567900,KBS,2026-10-09T05:09:17Z
2025-11-26,HBC,6.3,6.3,6.2,6.3,1023100,KBS,2026-10-09T05:09:17Z
2025-11-27,HBC,6.3,6.3,6.1,6.2,1008500,KBS,2026-10-09T05:09:17Z
2025-11-28,HBC,6.2,6.3,6.1,6.3,448700,KBS,2026-10-09T05:09:17Z
2025-12-01,HBC,6.3,6.3,6.2,6.2,825600,KBS,2026-10-09T05:09:17Z
2025-12-02,HBC,6.2,6.3,6.1,6.3,795700,KBS,2026-10-09T05:09:17Z
2025-12-03,HBC,6.2,6.4,6.2,6.4,1454300,KBS,2026-10-09T05:09:17Z
2025-12-04,HBC,6.3,6.5,6.3,6.4,1239400,KBS,2026-10-09T05:09:17Z
2025-12-05,HBC,6.4,6.5,6.3,6.4,906200,KBS,2026-10-09T05:09:17Z
2025-12-08,HBC,6.3,6.4,6.2,6.4,890600,KBS,2026-10-09T05:09:17Z
2025-12-09,HBC,6.4,6.4,6.1,6.3,1305600,KBS,2026-10-09T05:09:17Z
2025-12-10,HBC,6.3,6.7,6.2,6.6,3079100,KBS,2026-10-09T05:09:17Z
2025-12-11,HBC,6.6,6.9,6.5,6.8,3978100,KBS,2026-10-09T05:09:17Z
2025-12-12,HBC,6.8,7.2,6.6,6.8,4002600,KBS,2026-10-09T05:09:17Z
2025-12-15,HBC,6.8,6.9,6.6,6.6,1420700,KBS,2026-10-09T05:09:17Z
2025-12-16,HBC,6.6,6.7,6.3,6.6,2323800,KBS,2026-10-09T05:09:17Z
2025-12-17,HBC,6.6,6.7,6.5,6.7,2218600,KBS,2026-10-09T05:09:17Z
2025-12-18,HBC,6.7,6.7,6.5,6.6,882900,KBS,2026-10-09T05:09:17Z
2025-12-19,HBC,6.6,6.6,6.4,6.5,1651100,KBS,2026-10-09T05:09:17Z
2025-12-22,HBC,6.5,6.6,6.4,6.6,1511700,KBS,2026-10-09T05:09:17Z
2025-12-23,HBC,6.6,6.9,6.6,6.7,2912600,KBS,2026-10-09T05:09:17Z
2025-12-24,HBC,6.7,6.7,6.5,6.6,944400,KBS,2026-10-09T05:09:17Z
2025-12-25,HBC,6.5,6.7,6.2,6.3,2114600,KBS,2026-10-09T05:09:17Z
2025-12-26,HBC,6.4,6.4,6.2,6.4,1022500,KBS,2026-10-09T05:09:17Z
2025-12-29,HBC,6.3,6.4,6.3,6.3,590500,KBS,2026-10-09T05:09:17Z
2025-12-30,HBC,6.3,6.4,6.3,6.4,584900,KBS,2026-10-09T05:09:17Z
2025-12-31,HBC,6.4,6.4,6.2,6.4,937900,KBS,2026-10-09T05:09:17Z
2026-01-05,HBC,6.2,6.4,6.1,6.3,786000,KBS,2026-10-09T05:09:17Z
2026-01-06,HBC,6.3,6.3,6.1,6.3,1893000,KBS,2026-10-09T05:09:17Z
2026-01-07,HBC,6.3,6.3,6.2,6.3,1211900,KBS,2026-10-09T05:09:17Z
2026-01-08,HBC,6.2,6.4,6.2,6.3,1266200,KBS,2026-10-09T05:09:17Z
2026-01-09,HBC,6.3,6.4,6.2,6.3,1527000,KBS,2026-10-09T05:09:17Z
2026-01-12,HBC,6.2,6.3,6.1,6.3,1445800,KBS,2026-10-09T05:09:17Z
2026-01-13,HBC,6.3,6.4,6.2,6.3,1477300,KBS,2026-10-09T05:09:17Z
2026-01-14,HBC,6.4,6.5,6.2,6.3,829300,KBS,2026-10-09T05:09:17Z
2026-01-15,HBC,6.3,6.3,6.2,6.3,1075600,KBS,2026-10-09T05:09:17Z
2026-01-16,HBC,6.3,6.9,6.2,6.6,4674400,KBS,2026-10-09T05:09:17Z
2026-01-19,HBC,6.6,6.7,6.4,6.5,1006600,KBS,2026-10-09T05:09:17Z
2026-01-20,HBC,6.5,6.5,6.3,6.4,1373100,KBS,2026-10-09T05:09:17Z
2026-01-21,HBC,6.4,6.4,6.2,6.3,845300,KBS,2026-10-09T05:09:17Z
2026-01-22,HBC,6.3,6.5,6.3,6.4,1316600,KBS,2026-10-09T05:09:17Z
2026-01-23,HBC,6.4,6.4,6.3,6.4,689600,KBS,2026-10-09T05:09:17Z
2026-01-26,HBC,6.3,6.4,6.2,6.3,1136900,KBS,2026-10-09T05:09:17Z
2026-01-27,HBC,6.3,6.3,6.2,6.2,592900,KBS,2026-10-09T05:09:17Z
2026-01-28,HBC,6.2,6.4,6.1,6.3,1432600,KBS,2026-10-09T05:09:17Z
2026-01-29,HBC,6.3,6.3,6.1,6.1,918600,KBS,2026-10-09T05:09:17Z
2026-01-30,HBC,6.3,6.3,6.1,6.3,1882900,KBS,2026-10-09T05:09:17Z
2026-02-02,HBC,6.3,6.4,6.2,6.4,1512400,KBS,2026-10-09T05:09:17Z
2026-02-03,HBC,6.4,6.5,6.3,6.5,1348000,KBS,2026-10-09T05:09:17Z
2026-02-04,HBC,6.4,6.7,6.4,6.6,3661900,KBS,2026-10-09T05:09:17Z
2026-02-05,HBC,6.5,6.7,6.4,6.5,1476600,KBS,2026-10-09T05:09:17Z
2026-02-06,HBC,6.5,6.5,6.2,6.3,2110100,KBS,2026-10-09T05:09:17Z
2026-02-09,HBC,6.2,6.3,6.1,6.2,1524500,KBS,2026-10-09T05:09:17Z
2026-02-10,HBC,6.2,6.3,6.1,6.2,658500,KBS,2026-10-09T05:09:17Z
2026-02-11,HBC,6.1,6.3,6.1,6.3,609400,KBS,2026-10-09T05:09:17Z
2026-02-12,HBC,6.3,6.4,6.1,6.3,2632400,KBS,2026-10-09T05:09:17Z
2026-02-13,HBC,6.2,6.3,6.1,6.2,886200,KBS,2026-10-09T05:09:17Z
2026-02-23,HBC,6.2,6.3,6.2,6.3,561300,KBS,2026-10-09T05:09:17Z
2026-02-24,HBC,6.2,6.3,6.2,6.2,1329800,KBS,2026-10-09T05:09:17Z
2026-02-25,HBC,6.2,6.3,6.1,6.3,1220800,KBS,2026-10-09T05:09:17Z
2026-02-26,HBC,6.3,6.3,6.1,6.2,592700,KBS,2026-10-09T05:09:17Z
2026-02-27,HBC,6.3,6.3,6.1,6.2,1126900,KBS,2026-10-09T05:09:17Z
2026-03-02,HBC,6.2,6.2,5.8,6.0,2483100,KBS,2026-10-09T05:09:17Z
2026-03-03,HBC,6.0,6.0,5.8,5.9,1491600,KBS,2026-10-09T05:09:17Z
2026-03-04,HBC,5.9,5.9,5.7,5.8,2088700,KBS,2026-10-09T05:09:17Z
2026-03-05,HBC,5.8,6.0,5.8,5.9,712000,KBS,2026-10-09T05:09:17Z
2026-03-06,HBC,5.8,5.9,5.6,5.7,2018200,KBS,2026-10-09T05:09:17Z
2026-03-09,HBC,5.7,5.7,4.9,5.1,4958200,KBS,2026-10-09T05:09:17Z
2026-03-10,HBC,5.2,5.4,5.2,5.3,1384800,KBS,2026-10-09T05:09:17Z
2026-03-11,HBC,5.3,5.5,5.2,5.4,1030500,KBS,2026-10-09T05:09:17Z
2026-03-12,HBC,5.4,5.4,5.3,5.4,684500,KBS,2026-10-09T05:09:17Z
2026-03-13,HBC,5.3,5.4,5.2,5.4,899800,KBS,2026-10-09T05:09:17Z
2026-03-16,HBC,5.4,5.6,5.3,5.5,1328400,KBS,2026-10-09T05:09:17Z
2026-03-17,HBC,5.5,5.6,5.4,5.5,437900,KBS,2026-10-09T05:09:17Z
2026-03-18,HBC,5.3,5.7,5.3,5.4,542500,KBS,2026-10-09T05:09:17Z
2026-03-19,HBC,5.4,5.4,5.3,5.4,783400,KBS,2026-10-09T05:09:17Z
2026-03-20,HBC,5.3,5.4,5.2,5.3,759200,KBS,2026-10-09T05:09:17Z
2026-03-23,HBC,5.3,5.3,5.1,5.1,1167900,KBS,2026-10-09T05:09:17Z
2026-03-24,HBC,5.0,5.3,5.0,5.3,529300,KBS,2026-10-09T05:09:17Z
2026-03-25,HBC,5.3,5.3,5.1,5.3,1425900,KBS,2026-10-09T05:09:17Z
2026-03-26,HBC,5.3,5.3,5.1,5.2,550700,KBS,2026-10-09T05:09:17Z
2026-03-27,HBC,5.2,5.3,5.1,5.3,1544400,KBS,2026-10-09T05:09:17Z
2026-03-30,HBC,5.3,5.3,5.1,5.1,900000,KBS,2026-10-09T05:09:17Z
2026-03-31,HBC,5.2,5.2,5.1,5.2,651800,KBS,2026-10-09T05:09:17Z
2026-04-01,HBC,5.2,5.3,5.1,5.3,1651600,KBS,2026-10-09T05:09:17Z
2026-04-02,HBC,5.2,5.3,5.1,5.2,938400,KBS,2026-10-09T05:09:17Z
2026-04-03,HBC,5.2,5.2,5.1,5.1,723700,KBS,2026-10-09T05:09:17Z
2026-04-06,HBC,5.1,5.2,5.0,5.0,1845000,KBS,2026-10-09T05:09:17Z
2026-04-07,HBC,5.0,5.1,4.9,5.0,1587400,KBS,2026-10-09T05:09:17Z
2026-04-08,HBC,4.8,5.2,4.8,5.1,3708200,KBS,2026-10-09T05:09:17Z
2026-04-09,HBC,5.1,5.2,5.0,5.2,760100,KBS,2026-10-09T05:09:17Z
2026-04-10,HBC,5.2,5.2,5.0,5.1,1070900,KBS,2026-10-09T05:09:17Z
2026-04-13,HBC,5.2,5.2,5.0,5.0,696500,KBS,2026-10-09T05:09:17Z
2026-04-14,HBC,5.1,5.2,5.0,5.1,653700,KBS,2026-10-09T05:09:17Z
2026-04-15,HBC,5.1,5.1,5.0,5.1,698900,KBS,2026-10-09T05:09:17Z
2026-04-16,HBC,5.1,5.1,5.0,5.0,589800,KBS,2026-10-09T05:09:17Z
2026-04-17,HBC,5.0,5.1,5.0,5.1,554400,KBS,2026-10-09T05:09:17Z
2026-04-20,HBC,5.1,5.2,5.0,5.1,1601900,KBS,2026-10-09T05:09:17Z
2026-04-21,HBC,5.1,5.1,5.0,5.0,814700,KBS,2026-10-09T05:09:17Z
2026-04-22,HBC,5.0,5.1,4.9,5.0,2052400,KBS,2026-10-09T05:09:17Z
2026-04-23,HBC,5.0,5.1,4.9,5.0,1486000,KBS,2026-10-09T05:09:17Z
2026-04-24,HBC,5.0,5.1,4.9,5.0,944200,KBS,2026-10-09T05:09:17Z
2026-04-28,HBC,5.0,5.1,5.0,5.0,739800,KBS,2026-10-09T05:09:17Z
2026-04-29,HBC,5.0,5.1,5.0,5.0,637200,KBS,2026-10-09T05:09:17Z
2026-05-04,HBC,5.1,5.1,5.0,5.1,1133500,KBS,2026-10-09T05:09:17Z
2026-05-05,HBC,5.1,5.1,5.0,5.1,880000,KBS,2026-10-09T05:09:17Z
2026-05-06,HBC,5.1,5.6,5.0,5.3,5706000,KBS,2026-10-09T05:09:17Z
2026-05-07,HBC,5.3,5.4,5.1,5.2,1380700,KBS,2026-10-09T05:09:17Z
2026-05-08,HBC,5.2,5.2,5.0,5.2,2070800,KBS,2026-10-09T05:09:17Z
2026-05-11,HBC,5.2,5.2,5.0,5.1,991100,KBS,2026-10-09T05:09:17Z
2026-05-12,HBC,5.1,5.2,5.0,5.1,783500,KBS,2026-10-09T05:09:17Z
2026-05-13,HBC,5.1,5.1,5.0,5.1,1687900,KBS,2026-10-09T05:09:17Z
2026-05-14,HBC,5.1,5.1,5.0,5.1,257200,KBS,2026-10-09T05:09:17Z
2026-05-15,HBC,5.1,5.2,5.0,5.1,1687100,KBS,2026-10-09T05:09:17Z
2026-05-18,HBC,5.1,5.2,5.1,5.2,669800,KBS,2026-10-09T05:09:17Z
2026-05-19,HBC,5.2,5.2,5.0,5.1,840200,KBS,2026-10-09T05:09:17Z
2026-05-20,HBC,5.0,5.1,4.9,5.1,1750600,KBS,2026-10-09T05:09:17Z
2026-05-21,HBC,5.1,5.1,5.0,5.1,634500,KBS,2026-10-09T05:09:17Z
2026-05-22,HBC,5.1,5.1,5.0,5.1,741400,KBS,2026-10-09T05:09:17Z
2026-05-25,HBC,5.1,5.1,5.0,5.1,495300,KBS,2026-10-09T05:09:17Z
2026-05-26,HBC,5.0,5.1,4.9,5.1,629100,KBS,2026-10-09T05:09:17Z
2026-05-27,HBC,5.0,5.1,4.9,5.0,875600,KBS,2026-10-09T05:09:17Z
2026-05-28,HBC,5.0,5.0,4.9,5.0,513800,KBS,2026-10-09T05:09:17Z
2026-05-29,HBC,5.0,5.0,4.9,5.0,304000,KBS,2026-10-09T05:09:17Z
2026-06-01,HBC,5.0,5.0,4.9,5.0,448700,KBS,2026-10-09T05:09:17Z
2026-06-02,HBC,5.0,5.1,4.9,5.0,409500,KBS,2026-10-09T05:09:17Z
2026-06-03,HBC,5.0,5.0,4.9,5.0,291400,KBS,2026-10-09T05:09:17Z
2026-06-04,HBC,5.0,5.0,4.9,5.0,397600,KBS,2026-10-09T05:09:17Z
2026-06-05,HBC,5.0,5.0,4.9,5.0,285300,KBS,2026-10-09T05:09:17Z
2026-06-08,HBC,5.0,5.0,4.9,5.0,1000700,KBS,2026-10-09T05:09:17Z
2026-06-09,HBC,5.0,5.0,4.9,5.0,873100,KBS,2026-10-09T05:09:17Z
2026-06-10,HBC,4.9,5.0,4.8,5.0,948100,KBS,2026-10-09T05:09:17Z
2026-06-11,HBC,5.0,5.1,4.9,5.0,1808300,KBS,2026-10-09T05:09:17Z
2026-06-12,HBC,5.0,5.1,4.9,5.0,552700,KBS,2026-10-09T05:09:17Z
2026-06-15,HBC,5.0,5.1,4.9,5.0,1022000,KBS,2026-10-09T05:09:17Z
2026-06-16,HBC,5.0,5.1,4.9,5.0,571800,KBS,2026-10-09T05:09:17Z
2026-06-17,HBC,5.0,5.0,4.9,4.9,720800,KBS,2026-10-09T05:09:17Z
2026-06-18,HBC,5.0,5.0,4.9,5.0,335800,KBS,2026-10-09T05:09:17Z
2026-06-19,HBC,4.9,5.0,4.9,4.9,585800,KBS,2026-10-09T05:09:17Z
2026-06-22,HBC,4.9,5.0,4.9,5.0,464500,KBS,2026-10-09T05:09:17Z
2026-06-23,HBC,4.9,5.0,4.9,4.9,794200,KBS,2026-10-09T05:09:17Z
2026-06-24,HBC,5.0,5.0,4.8,4.9,670800,KBS,2026-10-09T05:09:17Z
2026-06-25,HBC,4.9,5.0,4.8,4.9,352700,KBS,2026-10-09T05:09:17Z
2026-06-26,HBC,4.9,5.0,4.8,5.0,251100,KBS,2026-10-09T05:09:17Z
2026-06-29,HBC,5.0,5.0,4.9,5.0,619200,KBS,2026-10-09T05:09:17Z
2026-06-30,HBC,5.0,5.0,4.9,5.0,410500,KBS,2026-10-09T05:09:17Z
2026-07-01,HBC,5.0,5.0,4.9,4.9,746400,KBS,2026-10-09T05:09:17Z
2026-07-02,HBC,4.9,5.0,4.9,5.0,555000,KBS,2026-10-09T05:09:17Z
2026-07-03,HBC,4.9,5.0,4.8,4.9,494900,KBS,2026-10-09T05:09:17Z
2026-07-06,HBC,4.9,4.9,4.8,4.9,499500,KBS,2026-10-09T05:09:17Z
2026-07-07,HBC,4.9,4.9,4.7,4.8,937200,KBS,2026-10-09T05:09:17Z
2026-07-08,HBC,4.8,4.8,4.7,4.8,421800,KBS,2026-10-09T05:09:17Z
2026-07-09,HBC,4.8,4.8,4.7,4.8,600600,KBS,2026-10-09T05:09:17Z
2026-07-10,HBC,4.8,4.8,4.7,4.8,291100,KBS,2026-10-09T05:09:17Z
2026-07-13,HBC,4.8,4.9,4.7,4.8,1907700,KBS,2026-10-09T05:09:17Z
2026-07-14,HBC,4.8,4.8,4.7,4.8,362900,KBS,2026-10-09T05:09:17Z
2026-07-15,HBC,4.7,4.8,4.7,4.8,411900,KBS,2026-10-09T05:09:17Z
2026-07-16,HBC,4.7,4.8,4.6,4.7,1164000,KBS,2026-10-09T05:09:17Z
2026-07-17,HBC,4.7,4.7,4.6,4.7,697300,KBS,2026-10-09T05:09:17Z
2026-07-20,HBC,4.6,4.7,4.4,4.5,673900,KBS,2026-10-09T05:09:17Z
2026-07-21,HBC,4.5,4.5,4.3,4.3,1198500,KBS,2026-10-09T05:09:17Z
2026-07-22,HBC,4.4,4.4,4.1,4.3,1680900,KBS,2026-10-09T05:09:17Z
2026-07-23,HBC,3.7,4.3,3.7,4.3,727800,KBS,2026-10-09T05:09:17Z
2026-07-24,HBC,4.2,4.3,4.1,4.2,346200,KBS,2026-10-09T05:09:17Z
2026-07-27,HBC,4.2,4.2,4.1,4.1,757300,KBS,2026-10-09T05:09:17Z
2026-07-28,HBC,4.1,4.2,4.0,4.1,302200,KBS,2026-10-09T05:09:17Z
2026-07-29,HBC,4.0,4.2,4.0,4.1,198600,KBS,2026-10-09T05:09:17Z
2026-07-30,HBC,4.1,4.2,4.0,4.1,593200,KBS,2026-10-09T05:09:17Z
2026-07-31,HBC,4.1,4.2,4.1,4.2,433400,KBS,2026-10-09T05:09:17Z
2026-08-03,HBC,4.2,4.3,4.1,4.3,665700,KBS,2026-10-09T05:09:17Z
2026-08-04,HBC,4.3,4.3,4.2,4.3,172000,KBS,2026-10-09T05:09:17Z
2026-08-05,HBC,4.3,4.4,4.2,4.3,599900,KBS,2026-10-09T05:09:17Z
2026-08-06,HBC,4.3,4.3,4.2,4.3,125900,KBS,2026-10-09T05:09:17Z
2026-08-07,HBC,4.2,4.3,4.2,4.3,429500,KBS,2026-10-09T05:09:17Z
2026-08-10,HBC,4.3,4.3,4.1,4.3,341200,KBS,2026-10-09T05:09:17Z
2026-08-11,HBC,4.3,4.3,4.1,4.3,391400,KBS,2026-10-09T05:09:17Z
2026-08-12,HBC,4.3,4.3,4.1,4.2,407600,KBS,2026-10-09T05:09:17Z
2026-08-13,HBC,4.2,4.2,4.1,4.2,309300,KBS,2026-10-09T05:09:17Z
2026-08-14,HBC,4.2,4.2,3.9,4.1,1255500,KBS,2026-10-09T05:09:17Z
2026-08-17,HBC,4.1,4.1,3.9,4.1,968300,KBS,2026-10-09T05:09:17Z
2026-08-18,HBC,4.1,4.1,3.9,4.0,645700,KBS,2026-10-09T05:09:17Z
2026-08-19,HBC,4.0,4.1,3.9,4.1,406100,KBS,2026-10-09T05:09:17Z
2026-08-20,HBC,4.0,4.0,3.9,4.0,128300,KBS,2026-10-09T05:09:17Z
2026-08-21,HBC,4.0,4.1,3.9,4.1,646100,KBS,2026-10-09T05:09:17Z
2026-08-24,HBC,4.1,4.1,4.0,4.1,882700,KBS,2026-10-09T05:09:17Z
2026-08-25,HBC,4.0,4.1,3.5,4.0,3027600,KBS,2026-10-09T05:09:17Z
2026-08-26,HBC,4.0,4.1,3.9,4.1,1145400,KBS,2026-10-09T05:09:17Z
2026-08-27,HBC,4.1,4.1,3.9,4.0,320100,KBS,2026-10-09T05:09:17Z
2026-08-28,HBC,4.0,4.0,3.9,4.0,371700,KBS,2026-10-09T05:09:17Z
2026-09-03,HBC,4.0,4.0,3.8,3.9,637800,KBS,2026-10-09T05:09:17Z
2026-09-04,HBC,3.8,4.0,3.5,3.9,339400,KBS,2026-10-09T05:09:17Z
2026-09-07,HBC,3.9,3.9,3.8,3.8,780700,KBS,2026-10-09T05:09:17Z
2026-09-08,HBC,3.8,3.9,3.7,3.8,361700,KBS,2026-10-09T05:09:17Z
2026-09-09,HBC,3.8,3.8,3.7,3.7,336000,KBS,2026-10-09T05:09:17Z
2026-09-10,HBC,3.7,3.8,3.6,3.7,1171500,KBS,2026-10-09T05:09:17Z
2026-09-11,HBC,3.7,3.7,3.5,3.5,843600,KBS,2026-10-09T05:09:17Z
2026-09-14,HBC,3.6,3.6,3.4,3.5,525400,KBS,2026-10-09T05:09:17Z
2026-09-15,HBC,3.5,3.6,3.4,3.5,438600,KBS,2026-10-09T05:09:17Z
2026-09-16,HBC,3.5,3.6,3.5,3.5,200800,KBS,2026-10-09T05:09:17Z
2026-09-17,HBC,3.6,3.7,3.5,3.7,735600,KBS,2026-10-09T05:09:17Z
2026-09-18,HBC,3.6,3.7,3.6,3.6,209700,KBS,2026-10-09T05:09:17Z
2026-09-21,HBC,3.6,3.7,3.5,3.6,518300,KBS,2026-10-09T05:09:17Z
2026-09-22,HBC,3.6,3.6,3.5,3.5,602200,KBS,2026-10-09T05:09:17Z
2026-09-23,HBC,3.6,3.6,3.4,3.5,767600,KBS,2026-10-09T05:09:17Z
2026-09-24,HBC,3.5,3.5,3.4,3.5,414700,KBS,2026-10-09T05:09:17Z
2026-09-25,HBC,3.5,3.5,3.4,3.4,386800,KBS,2026-10-09T05:09:17Z
2026-09-28,HBC,3.5,3.5,3.4,3.4,594400,KBS,2026-10-09T05:09:17Z
2026-09-29,HBC,3.4,3.5,3.3,3.3,627100,KBS,2026-10-09T05:09:17Z
2026-09-30,HBC,3.4,3.4,3.3,3.3,206800,KBS,2026-10-09T05:09:17Z
2026-10-01,HBC,3.4,3.4,3.3,3.4,289900,KBS,2026-10-09T05:09:17Z
2026-10-02,HBC,3.4,3.4,3.2,3.3,713400,KBS,2026-10-09T05:09:17Z
2026-10-05,HBC,3.3,3.3,3.1,3.2,814000,KBS,2026-10-09T05:09:17Z
2026-10-06,HBC,3.2,3.2,2.9,3.1,1384600,KBS,2026-10-09T05:09:17Z
2026-10-07,HBC,3.0,3.1,2.9,3.0,1158500,KBS,2026-10-09T05:09:17Z
2026-10-08,HBC,3.0,3.1,2.9,3.0,295800,KBS,2026-10-09T05:09:17Z
2026-10-09,HBC,3.0,3.0,2.9,2.9,312100,KBS,2026-10-09T05:09:17Z
