date,symbol,open,high,low,close,volume,source,fetched_at
2018-10-22,HPP,21.4,21.4,21.4,21.4,214,KBS,2026-10-09T05:11:51Z
2018-11-02,HPP,19.71,21.35,19.71,21.35,2100,KBS,2026-10-09T05:11:51Z
2018-11-05,HPP,21.35,21.4,21.35,21.4,500,KBS,2026-10-09T05:11:51Z
2018-11-06,HPP,22.19,22.19,22.19,22.19,100,KBS,2026-10-09T05:11:51Z
2018-11-15,HPP,22.81,22.81,22.81,22.81,100,KBS,2026-10-09T05:11:51Z
2018-11-20,HPP,20.16,20.16,20.16,20.16,100,KBS,2026-10-09T05:11:51Z
2018-11-21,HPP,22.25,22.25,22.25,22.25,500,KBS,2026-10-09T05:11:51Z
2018-11-28,HPP,22.72,22.72,22.72,22.72,100,KBS,2026-10-09T05:11:51Z
2018-12-24,HPP,22.72,22.72,22.72,22.72,1900,KBS,2026-10-09T05:11:51Z
2018-12-26,HPP,22.66,22.66,22.66,22.66,400,KBS,2026-10-09T05:11:51Z
2018-12-27,HPP,22.19,22.25,21.66,21.66,2500,KBS,2026-10-09T05:11:51Z
2018-12-28,HPP,22.25,22.25,22.25,22.25,3700,KBS,2026-10-09T05:11:51Z
2019-01-15,HPP,19.08,23.3,19.03,23.3,1500,KBS,2026-10-09T05:11:51Z
2019-01-21,HPP,25.7,25.7,25.7,25.7,100,KBS,2026-10-09T05:11:51Z
2019-01-25,HPP,21.9,21.9,21.9,21.9,100,KBS,2026-10-09T05:11:51Z
2019-01-29,HPP,23.12,23.12,23.12,23.12,100,KBS,2026-10-09T05:11:51Z
2019-02-11,HPP,19.67,23.07,19.67,23.07,3500,KBS,2026-10-09T05:11:51Z
2019-02-13,HPP,19.44,22.48,19.44,22.48,2500,KBS,2026-10-09T05:11:51Z
2019-02-20,HPP,19.67,21.49,19.38,21.49,2200,KBS,2026-10-09T05:11:51Z
2019-02-21,HPP,20.49,21.66,19.67,21.66,700,KBS,2026-10-09T05:11:51Z
2019-02-22,HPP,21.6,21.6,21.6,21.6,100,KBS,2026-10-09T05:11:51Z
2019-02-28,HPP,20.49,21.54,20.49,21.54,1100,KBS,2026-10-09T05:11:51Z
2019-03-01,HPP,21.84,21.84,21.66,21.66,400,KBS,2026-10-09T05:11:51Z
2019-03-05,HPP,21.66,21.66,21.66,21.66,100,KBS,2026-10-09T05:11:51Z
2019-03-11,HPP,22.77,22.77,19.9,21.49,3300,KBS,2026-10-09T05:11:51Z
2019-03-12,HPP,21.66,21.66,20.49,21.49,900,KBS,2026-10-09T05:11:51Z
2019-03-13,HPP,21.43,21.43,19.9,20.43,2100,KBS,2026-10-09T05:11:51Z
2019-03-14,HPP,21.95,21.95,21.95,21.95,100,KBS,2026-10-09T05:11:51Z
2019-03-15,HPP,21.66,21.66,21.66,21.66,200,KBS,2026-10-09T05:11:51Z
2019-03-21,HPP,20.49,20.49,20.49,20.49,1800,KBS,2026-10-09T05:11:51Z
2019-03-25,HPP,21.54,21.54,21.54,21.54,160,KBS,2026-10-09T05:11:51Z
2019-03-27,HPP,24.47,24.47,24.47,24.47,100,KBS,2026-10-09T05:11:51Z
2019-03-28,HPP,24.47,24.47,24.47,24.47,60,KBS,2026-10-09T05:11:51Z
2019-03-29,HPP,20.84,21.6,20.84,21.6,1700,KBS,2026-10-09T05:11:51Z
2019-04-01,HPP,21.37,21.37,21.37,21.37,200,KBS,2026-10-09T05:11:51Z
2019-04-03,HPP,21.31,21.31,21.31,21.31,5000,KBS,2026-10-09T05:11:51Z
2019-04-08,HPP,19.9,21.13,19.9,21.13,700,KBS,2026-10-09T05:11:51Z
2019-04-09,HPP,19.9,20.9,19.9,20.9,700,KBS,2026-10-09T05:11:51Z
2019-04-10,HPP,21.02,21.02,21.02,21.02,214,KBS,2026-10-09T05:11:51Z
2019-04-11,HPP,20.49,20.49,20.49,20.49,100,KBS,2026-10-09T05:11:51Z
2019-04-17,HPP,19.03,20.96,18.73,20.37,1359,KBS,2026-10-09T05:11:51Z
2019-04-18,HPP,19.32,19.85,19.32,19.38,1150,KBS,2026-10-09T05:11:51Z
2019-04-22,HPP,19.85,19.85,19.85,19.85,100,KBS,2026-10-09T05:11:51Z
2019-04-23,HPP,19.32,19.32,19.32,19.32,4600,KBS,2026-10-09T05:11:51Z
2019-04-25,HPP,20.2,20.49,20.2,20.49,10600,KBS,2026-10-09T05:11:51Z
2019-04-26,HPP,20.43,20.49,20.43,20.49,800,KBS,2026-10-09T05:11:51Z
2019-05-02,HPP,20.49,20.49,20.49,20.49,314,KBS,2026-10-09T05:11:51Z
2019-05-03,HPP,20.49,20.49,20.37,20.37,1309,KBS,2026-10-09T05:11:51Z
2019-05-06,HPP,19.61,19.61,19.61,19.61,100,KBS,2026-10-09T05:11:51Z
2019-05-07,HPP,20.2,20.2,20.2,20.2,100,KBS,2026-10-09T05:11:51Z
2019-05-08,HPP,20.49,20.49,20.2,20.2,900,KBS,2026-10-09T05:11:51Z
2019-05-09,HPP,20.2,20.2,20.2,20.2,100,KBS,2026-10-09T05:11:51Z
2019-05-15,HPP,20.49,20.49,20.49,20.49,700,KBS,2026-10-09T05:11:51Z
2019-05-16,HPP,19.9,19.9,19.9,19.9,100,KBS,2026-10-09T05:11:51Z
2019-05-17,HPP,20.2,20.2,20.2,20.2,400,KBS,2026-10-09T05:11:51Z
2019-05-20,HPP,20.2,20.2,20.2,20.2,200,KBS,2026-10-09T05:11:51Z
2019-05-23,HPP,20.2,20.49,20.2,20.26,6400,KBS,2026-10-09T05:11:51Z
2019-05-24,HPP,20.2,20.2,20.2,20.2,3000,KBS,2026-10-09T05:11:51Z
2019-05-27,HPP,20.2,20.2,20.2,20.2,400,KBS,2026-10-09T05:11:51Z
2019-05-28,HPP,20.2,20.2,20.2,20.2,200,KBS,2026-10-09T05:11:51Z
2019-05-29,HPP,19.9,19.9,19.9,19.9,500,KBS,2026-10-09T05:11:51Z
2019-05-30,HPP,19.9,19.9,19.9,19.9,1200,KBS,2026-10-09T05:11:51Z
2019-05-31,HPP,19.9,19.9,19.9,19.9,500,KBS,2026-10-09T05:11:51Z
2019-06-03,HPP,19.9,19.9,19.9,19.9,500,KBS,2026-10-09T05:11:51Z
2019-06-06,HPP,19.9,19.9,19.9,19.9,3000,KBS,2026-10-09T05:11:51Z
2019-06-12,HPP,21.66,21.66,21.66,21.66,200,KBS,2026-10-09T05:11:51Z
2019-06-21,HPP,20.2,20.2,20.2,20.2,300,KBS,2026-10-09T05:11:51Z
2019-06-26,HPP,20.14,20.75,20.14,20.75,200,KBS,2026-10-09T05:11:51Z
2019-06-27,HPP,22.58,22.58,22.58,22.58,100,KBS,2026-10-09T05:11:51Z
2019-07-03,HPP,20.14,20.14,20.14,20.14,300,KBS,2026-10-09T05:11:51Z
2019-07-04,HPP,20.14,20.14,20.14,20.14,1900,KBS,2026-10-09T05:11:51Z
2019-07-17,HPP,20.44,22.27,20.44,22.27,4000,KBS,2026-10-09T05:11:51Z
2019-07-23,HPP,20.14,20.14,19.53,19.53,6000,KBS,2026-10-09T05:11:51Z
2019-07-24,HPP,20.08,20.08,20.08,20.08,500,KBS,2026-10-09T05:11:51Z
2019-07-26,HPP,19.53,19.53,19.53,19.53,3000,KBS,2026-10-09T05:11:51Z
2019-07-31,HPP,20.14,20.14,19.53,19.53,2200,KBS,2026-10-09T05:11:51Z
2019-08-01,HPP,19.53,19.53,19.22,19.22,2200,KBS,2026-10-09T05:11:51Z
2019-08-02,HPP,19.22,19.22,18.92,18.92,1700,KBS,2026-10-09T05:11:51Z
2019-08-07,HPP,18.92,18.92,18.92,18.92,500,KBS,2026-10-09T05:11:51Z
2019-08-08,HPP,18.79,18.92,18.67,18.92,11900,KBS,2026-10-09T05:11:51Z
2019-08-15,HPP,19.22,19.22,18.73,18.92,6500,KBS,2026-10-09T05:11:51Z
2019-08-16,HPP,18.79,18.79,18.73,18.73,3500,KBS,2026-10-09T05:11:51Z
2019-08-22,HPP,18.79,18.79,18.73,18.73,3284,KBS,2026-10-09T05:11:51Z
2019-08-23,HPP,18.85,18.85,18.85,18.85,2800,KBS,2026-10-09T05:11:51Z
2019-08-29,HPP,18.92,18.92,18.92,18.92,800,KBS,2026-10-09T05:11:51Z
2019-08-30,HPP,18.92,18.92,18.92,18.92,500,KBS,2026-10-09T05:11:51Z
2019-09-03,HPP,19.22,19.22,19.22,19.22,200,KBS,2026-10-09T05:11:51Z
2019-09-04,HPP,18.92,18.92,18.92,18.92,800,KBS,2026-10-09T05:11:51Z
2019-09-05,HPP,18.92,18.92,18.92,18.92,4700,KBS,2026-10-09T05:11:51Z
2019-09-09,HPP,18.79,18.79,16.11,18.79,7300,KBS,2026-10-09T05:11:51Z
2019-09-10,HPP,18.92,18.92,18.85,18.85,3000,KBS,2026-10-09T05:11:51Z
2019-09-12,HPP,18.92,18.92,18.92,18.92,1600,KBS,2026-10-09T05:11:51Z
2019-09-13,HPP,18.92,19.22,18.92,19.22,1300,KBS,2026-10-09T05:11:51Z
2019-09-17,HPP,19.22,19.22,18.92,19.22,4200,KBS,2026-10-09T05:11:51Z
2019-09-19,HPP,19.22,19.22,18.98,18.98,900,KBS,2026-10-09T05:11:51Z
2019-09-24,HPP,19.22,19.53,19.22,19.46,5600,KBS,2026-10-09T05:11:51Z
2019-09-25,HPP,19.46,19.46,18.92,19.46,9271,KBS,2026-10-09T05:11:51Z
2019-09-27,HPP,19.53,19.53,19.46,19.46,7000,KBS,2026-10-09T05:11:51Z
2019-09-30,HPP,19.53,19.53,19.53,19.53,1500,KBS,2026-10-09T05:11:51Z
2019-10-03,HPP,21.9,21.9,19.65,19.65,1100,KBS,2026-10-09T05:11:51Z
2019-10-08,HPP,20.14,20.14,20.14,20.14,100,KBS,2026-10-09T05:11:51Z
2019-10-11,HPP,20.14,21.36,20.14,20.14,403743,KBS,2026-10-09T05:11:51Z
2019-10-24,HPP,20.14,20.14,20.14,20.14,800,KBS,2026-10-09T05:11:51Z
2019-10-28,HPP,20.26,20.26,20.26,20.26,4200,KBS,2026-10-09T05:11:51Z
2019-11-01,HPP,20.26,20.26,20.26,20.26,1600,KBS,2026-10-09T05:11:51Z
2019-11-11,HPP,20.26,20.26,19.53,20.26,500,KBS,2026-10-09T05:11:51Z
2019-11-12,HPP,20.44,20.75,17.27,20.75,1610,KBS,2026-10-09T05:11:51Z
2019-11-13,HPP,20.81,21.05,20.75,21.05,5700,KBS,2026-10-09T05:11:51Z
2019-11-18,HPP,20.87,20.87,20.87,20.87,100,KBS,2026-10-09T05:11:51Z
2019-11-19,HPP,20.43,21.06,20.43,21.06,2200,KBS,2026-10-09T05:11:51Z
2019-11-20,HPP,20.49,20.49,20.43,20.43,1200,KBS,2026-10-09T05:11:51Z
2019-11-21,HPP,20.17,20.17,17.43,20.11,3578,KBS,2026-10-09T05:11:51Z
2019-11-25,HPP,20.43,20.43,20.11,20.11,1900,KBS,2026-10-09T05:11:51Z
2019-12-03,HPP,19.79,19.79,19.79,19.79,400,KBS,2026-10-09T05:11:51Z
2019-12-04,HPP,19.79,19.79,19.79,19.79,1000,KBS,2026-10-09T05:11:51Z
2019-12-12,HPP,19.6,20.11,19.6,20.11,3500,KBS,2026-10-09T05:11:51Z
2019-12-23,HPP,19.47,19.47,19.47,19.47,1500,KBS,2026-10-09T05:11:51Z
2019-12-24,HPP,19.47,19.47,19.47,19.47,3000,KBS,2026-10-09T05:11:51Z
2019-12-25,HPP,19.47,19.79,19.47,19.47,5100,KBS,2026-10-09T05:11:51Z
2019-12-26,HPP,19.47,19.47,19.47,19.47,2400,KBS,2026-10-09T05:11:51Z
2019-12-27,HPP,19.47,19.47,18.51,19.47,2000,KBS,2026-10-09T05:11:51Z
2019-12-30,HPP,19.47,19.47,19.15,19.15,7500,KBS,2026-10-09T05:11:51Z
2019-12-31,HPP,19.34,19.34,19.34,19.34,10,KBS,2026-10-09T05:11:51Z
2020-01-14,HPP,20.43,20.43,20.43,20.43,1000,KBS,2026-10-09T05:11:51Z
2020-01-16,HPP,20.43,20.43,20.43,20.43,1000,KBS,2026-10-09T05:11:51Z
2020-01-17,HPP,20.43,20.43,20.43,20.43,1100,KBS,2026-10-09T05:11:51Z
2020-01-20,HPP,19.15,20.43,19.15,20.43,2390,KBS,2026-10-09T05:11:51Z
2020-01-21,HPP,19.41,20.43,17.94,17.94,2800,KBS,2026-10-09T05:11:51Z
2020-01-22,HPP,20.43,20.43,20.43,20.43,100,KBS,2026-10-09T05:11:51Z
2020-02-03,HPP,20.43,20.43,20.43,20.43,1900,KBS,2026-10-09T05:11:51Z
2020-02-07,HPP,17.36,22.98,17.36,22.98,398,KBS,2026-10-09T05:11:51Z
2020-02-11,HPP,24.19,24.19,24.19,24.19,300,KBS,2026-10-09T05:11:51Z
2020-02-13,HPP,24.19,24.19,24.19,24.19,32,KBS,2026-10-09T05:11:51Z
2020-02-19,HPP,27.58,27.58,27.58,27.58,100,KBS,2026-10-09T05:11:51Z
2020-02-21,HPP,29.3,29.3,29.3,29.3,100,KBS,2026-10-09T05:11:51Z
2020-03-06,HPP,30.45,30.45,30.45,30.45,100,KBS,2026-10-09T05:11:51Z
2020-03-09,HPP,30.45,30.45,30.45,30.45,70,KBS,2026-10-09T05:11:51Z
2020-03-16,HPP,30.45,30.45,30.45,30.45,20,KBS,2026-10-09T05:11:51Z
2020-03-17,HPP,30.45,30.45,30.45,30.45,20,KBS,2026-10-09T05:11:51Z
2020-03-18,HPP,30.45,30.45,30.45,30.45,75,KBS,2026-10-09T05:11:51Z
2020-03-19,HPP,30.45,30.45,30.45,30.45,35,KBS,2026-10-09T05:11:51Z
2020-03-20,HPP,25.92,25.92,25.92,25.92,520,KBS,2026-10-09T05:11:51Z
2020-03-23,HPP,29.68,29.68,29.68,29.68,100,KBS,2026-10-09T05:11:51Z
2020-03-25,HPP,32.17,32.17,32.17,32.17,100,KBS,2026-10-09T05:11:51Z
2020-03-26,HPP,27.38,27.38,27.38,27.38,100,KBS,2026-10-09T05:11:51Z
2020-03-27,HPP,23.36,28.6,23.3,23.3,1600,KBS,2026-10-09T05:11:51Z
2020-03-30,HPP,21.32,21.32,21.32,21.32,600,KBS,2026-10-09T05:11:51Z
2020-03-31,HPP,22.92,22.92,18.96,22.72,600,KBS,2026-10-09T05:11:51Z
2020-04-01,HPP,22.92,22.92,22.92,22.92,100,KBS,2026-10-09T05:11:51Z
2020-04-06,HPP,26.17,26.17,26.17,26.17,100,KBS,2026-10-09T05:11:51Z
2020-04-07,HPP,22.28,24.83,22.28,22.28,13100,KBS,2026-10-09T05:11:51Z
2020-04-08,HPP,25.53,26.62,25.53,26.62,400,KBS,2026-10-09T05:11:51Z
2020-04-09,HPP,29.3,29.3,29.3,29.3,100,KBS,2026-10-09T05:11:51Z
2020-04-15,HPP,24.96,24.96,24.96,24.96,300,KBS,2026-10-09T05:11:51Z
2020-04-16,HPP,28.09,28.09,28.09,28.09,100,KBS,2026-10-09T05:11:51Z
2020-04-17,HPP,23.87,23.87,23.87,23.87,1600,KBS,2026-10-09T05:11:51Z
2020-04-20,HPP,26.75,26.75,26.75,26.75,100,KBS,2026-10-09T05:11:51Z
2020-04-21,HPP,29.24,29.24,22.98,22.98,700,KBS,2026-10-09T05:11:51Z
2020-04-22,HPP,27.32,27.32,23.87,23.87,3900,KBS,2026-10-09T05:11:51Z
2020-04-23,HPP,27.32,27.32,27.32,27.32,100,KBS,2026-10-09T05:11:51Z
2020-04-24,HPP,23.24,23.24,23.24,23.24,3500,KBS,2026-10-09T05:11:51Z
2020-04-27,HPP,25.47,25.47,25.47,25.47,100,KBS,2026-10-09T05:11:51Z
2020-04-28,HPP,25.47,25.47,23.87,23.87,700,KBS,2026-10-09T05:11:51Z
2020-04-29,HPP,25.79,25.79,25.79,25.79,100,KBS,2026-10-09T05:11:51Z
2020-05-05,HPP,29.56,29.56,23.87,23.87,200,KBS,2026-10-09T05:11:51Z
2020-05-11,HPP,23.3,23.3,23.3,23.3,100,KBS,2026-10-09T05:11:51Z
2020-05-13,HPP,23.3,23.3,22.09,22.34,3700,KBS,2026-10-09T05:11:51Z
2020-05-14,HPP,23.17,23.17,23.17,23.17,100,KBS,2026-10-09T05:11:51Z
2020-05-15,HPP,24.51,24.51,24.51,24.51,100,KBS,2026-10-09T05:11:51Z
2020-05-18,HPP,22.34,22.47,22.34,22.47,4100,KBS,2026-10-09T05:11:51Z
2020-05-19,HPP,22.98,22.98,22.34,22.34,1300,KBS,2026-10-09T05:11:51Z
2020-05-20,HPP,23.62,23.62,23.62,23.62,550,KBS,2026-10-09T05:11:51Z
2020-05-21,HPP,23.62,23.62,23.3,23.3,849,KBS,2026-10-09T05:11:51Z
2020-05-22,HPP,23.3,23.3,23.3,23.3,500,KBS,2026-10-09T05:11:51Z
2020-05-25,HPP,22.79,23.3,22.79,23.3,300,KBS,2026-10-09T05:11:51Z
2020-05-26,HPP,22.98,22.98,22.98,22.98,421,KBS,2026-10-09T05:11:51Z
2020-05-27,HPP,22.98,22.98,22.98,22.98,3078,KBS,2026-10-09T05:11:51Z
2020-06-01,HPP,23.11,23.11,23.11,23.11,1000,KBS,2026-10-09T05:11:51Z
2020-06-02,HPP,23.3,23.94,23.3,23.94,5200,KBS,2026-10-09T05:11:51Z
2020-06-03,HPP,23.62,24.58,23.62,24.58,8000,KBS,2026-10-09T05:11:51Z
2020-06-04,HPP,24.9,24.9,24.9,24.9,1000,KBS,2026-10-09T05:11:51Z
2020-06-05,HPP,23.94,23.94,23.94,23.94,1532,KBS,2026-10-09T05:11:51Z
2020-06-08,HPP,23.94,24.26,23.94,24.26,400,KBS,2026-10-09T05:11:51Z
2020-06-09,HPP,23.62,23.62,23.62,23.62,1000,KBS,2026-10-09T05:11:51Z
2020-06-10,HPP,23.62,23.62,23.62,23.62,32,KBS,2026-10-09T05:11:51Z
2020-06-11,HPP,23.62,23.62,23.62,23.62,20456,KBS,2026-10-09T05:11:51Z
2020-06-12,HPP,23.49,23.49,23.49,23.49,401,KBS,2026-10-09T05:11:51Z
2020-06-15,HPP,23.49,23.49,23.49,23.49,50,KBS,2026-10-09T05:11:51Z
2020-06-16,HPP,22.34,22.34,22.34,22.34,100,KBS,2026-10-09T05:11:51Z
2020-06-17,HPP,22.53,22.53,22.53,22.53,207,KBS,2026-10-09T05:11:51Z
2020-06-18,HPP,23.49,23.49,22.34,22.34,4300,KBS,2026-10-09T05:11:51Z
2020-06-19,HPP,23.56,23.56,22.41,22.41,300,KBS,2026-10-09T05:11:51Z
2020-06-22,HPP,22.79,22.79,22.79,22.79,50,KBS,2026-10-09T05:11:51Z
2020-06-23,HPP,22.98,22.98,22.98,22.98,1000,KBS,2026-10-09T05:11:51Z
2020-06-25,HPP,22.98,22.98,22.98,22.98,100,KBS,2026-10-09T05:11:51Z
2020-06-29,HPP,22.92,22.92,22.34,22.34,700,KBS,2026-10-09T05:11:51Z
2020-06-30,HPP,23.56,23.56,23.56,23.56,100,KBS,2026-10-09T05:11:51Z
2020-07-08,HPP,22.66,22.66,22.66,22.66,646,KBS,2026-10-09T05:11:51Z
2020-07-09,HPP,22.98,23.3,22.98,23.3,2000,KBS,2026-10-09T05:11:51Z
2020-07-14,HPP,23.56,23.56,23.56,23.56,100,KBS,2026-10-09T05:11:51Z
2020-07-16,HPP,23.56,23.56,23.56,23.56,100,KBS,2026-10-09T05:11:51Z
2020-07-20,HPP,23.62,23.62,23.62,23.62,300,KBS,2026-10-09T05:11:51Z
2020-07-22,HPP,23.62,23.62,23.62,23.62,1000,KBS,2026-10-09T05:11:51Z
2020-07-23,HPP,23.62,23.62,23.62,23.62,5700,KBS,2026-10-09T05:11:51Z
2020-07-27,HPP,23.95,23.95,23.82,23.82,2100,KBS,2026-10-09T05:11:51Z
2020-07-28,HPP,23.82,23.82,23.62,23.62,2200,KBS,2026-10-09T05:11:51Z
2020-07-30,HPP,22.62,23.29,22.62,23.29,2600,KBS,2026-10-09T05:11:51Z
2020-07-31,HPP,23.29,23.29,23.29,23.29,1200,KBS,2026-10-09T05:11:51Z
2020-08-03,HPP,23.88,23.88,22.62,22.62,13200,KBS,2026-10-09T05:11:51Z
2020-08-04,HPP,23.75,23.75,23.35,23.62,42600,KBS,2026-10-09T05:11:51Z
2020-08-05,HPP,23.62,23.62,23.62,23.62,10,KBS,2026-10-09T05:11:51Z
2020-08-06,HPP,23.62,23.62,23.62,23.62,700,KBS,2026-10-09T05:11:51Z
2020-08-07,HPP,26.15,26.15,26.15,26.15,100,KBS,2026-10-09T05:11:51Z
2020-08-10,HPP,23.29,23.62,23.29,23.62,1900,KBS,2026-10-09T05:11:51Z
2020-08-12,HPP,23.29,23.62,23.29,23.62,26100,KBS,2026-10-09T05:11:51Z
2020-08-14,HPP,23.95,23.95,23.95,23.95,100,KBS,2026-10-09T05:11:51Z
2020-08-17,HPP,20.36,23.95,20.36,23.95,800,KBS,2026-10-09T05:11:51Z
2020-08-19,HPP,23.62,23.62,23.62,23.62,2400,KBS,2026-10-09T05:11:51Z
2020-08-20,HPP,23.62,23.62,23.62,23.62,100,KBS,2026-10-09T05:11:51Z
2020-08-25,HPP,23.62,23.62,23.62,23.62,200,KBS,2026-10-09T05:11:51Z
2020-08-26,HPP,23.62,23.62,23.62,23.62,701,KBS,2026-10-09T05:11:51Z
2020-08-28,HPP,23.88,23.88,23.88,23.88,600,KBS,2026-10-09T05:11:51Z
2020-09-01,HPP,24.28,24.28,24.28,24.28,109,KBS,2026-10-09T05:11:51Z
2020-09-03,HPP,23.29,23.29,23.29,23.29,300,KBS,2026-10-09T05:11:51Z
2020-09-04,HPP,23.62,24.35,23.62,24.35,2600,KBS,2026-10-09T05:11:51Z
2020-09-07,HPP,23.35,23.35,23.35,23.35,100,KBS,2026-10-09T05:11:51Z
2020-09-08,HPP,23.42,23.62,23.42,23.62,1600,KBS,2026-10-09T05:11:51Z
2020-09-09,HPP,23.62,23.62,23.62,23.62,5200,KBS,2026-10-09T05:11:51Z
2020-09-10,HPP,24.28,24.28,23.95,23.95,400,KBS,2026-10-09T05:11:51Z
2020-09-11,HPP,23.95,24.02,23.95,24.02,400,KBS,2026-10-09T05:11:51Z
2020-09-15,HPP,23.95,24.28,23.95,24.28,6300,KBS,2026-10-09T05:11:51Z
2020-09-16,HPP,24.08,24.28,24.08,24.28,300,KBS,2026-10-09T05:11:51Z
2020-09-17,HPP,24.28,24.28,24.15,24.15,600,KBS,2026-10-09T05:11:51Z
2020-09-18,HPP,24.62,24.62,24.62,24.62,300,KBS,2026-10-09T05:11:51Z
2020-09-21,HPP,24.62,24.62,24.62,24.62,1,KBS,2026-10-09T05:11:51Z
2020-09-23,HPP,24.62,24.62,24.62,24.62,100,KBS,2026-10-09T05:11:51Z
2020-09-24,HPP,24.02,24.02,24.02,24.02,1000,KBS,2026-10-09T05:11:51Z
2020-09-30,HPP,24.28,24.28,24.28,24.28,200,KBS,2026-10-09T05:11:51Z
2020-10-05,HPP,24.28,24.28,24.28,24.28,700,KBS,2026-10-09T05:11:51Z
2020-10-06,HPP,24.28,24.28,24.28,24.28,600,KBS,2026-10-09T05:11:51Z
2020-10-08,HPP,25.22,25.22,25.22,25.22,100,KBS,2026-10-09T05:11:51Z
2020-10-09,HPP,25.28,25.28,25.28,25.28,600,KBS,2026-10-09T05:11:51Z
2020-10-12,HPP,24.35,24.35,24.35,24.35,2000,KBS,2026-10-09T05:11:51Z
2020-10-16,HPP,24.35,24.35,24.35,24.35,400,KBS,2026-10-09T05:11:51Z
2020-10-29,HPP,24.02,24.02,24.02,24.02,1000,KBS,2026-10-09T05:11:51Z
2020-10-30,HPP,24.22,24.22,24.22,24.22,300,KBS,2026-10-09T05:11:51Z
2020-11-09,HPP,24.62,24.62,24.62,24.62,100,KBS,2026-10-09T05:11:51Z
2020-11-11,HPP,25.28,25.95,24.62,25.95,4910,KBS,2026-10-09T05:11:51Z
2020-11-12,HPP,26.28,26.61,25.75,25.75,3900,KBS,2026-10-09T05:11:51Z
2020-11-13,HPP,25.75,25.75,23.35,23.35,600,KBS,2026-10-09T05:11:51Z
2020-11-16,HPP,25.28,25.28,25.08,25.08,2800,KBS,2026-10-09T05:11:51Z
2020-11-17,HPP,25.28,25.35,25.28,25.35,2700,KBS,2026-10-09T05:11:51Z
2020-11-18,HPP,25.95,25.95,25.95,25.95,1400,KBS,2026-10-09T05:11:51Z
2020-11-19,HPP,26.28,26.28,26.28,26.28,11082,KBS,2026-10-09T05:11:51Z
2020-11-24,HPP,25.95,25.95,25.95,25.95,5200,KBS,2026-10-09T05:11:51Z
2020-11-27,HPP,25.95,25.95,25.95,25.95,100,KBS,2026-10-09T05:11:51Z
2020-11-30,HPP,26.55,26.55,25.95,25.95,200,KBS,2026-10-09T05:11:51Z
2020-12-01,HPP,26.21,26.55,26.21,26.55,600,KBS,2026-10-09T05:11:51Z
2020-12-04,HPP,26.27,26.34,26.27,26.27,3600,KBS,2026-10-09T05:11:51Z
2020-12-08,HPP,26.27,26.27,26.27,26.27,22200,KBS,2026-10-09T05:11:51Z
2020-12-09,HPP,26.27,26.27,26.27,26.27,2,KBS,2026-10-09T05:11:51Z
2020-12-11,HPP,26.27,26.27,26.27,26.27,200,KBS,2026-10-09T05:11:51Z
2020-12-14,HPP,24.54,24.54,24.54,24.54,202,KBS,2026-10-09T05:11:51Z
2020-12-16,HPP,26.89,26.89,26.89,26.89,100,KBS,2026-10-09T05:11:51Z
2020-12-17,HPP,27.3,27.3,27.3,27.3,100,KBS,2026-10-09T05:11:51Z
2020-12-18,HPP,26.96,27.3,26.96,27.3,600,KBS,2026-10-09T05:11:51Z
2020-12-21,HPP,27.1,27.1,27.1,27.1,500,KBS,2026-10-09T05:11:51Z
2020-12-24,HPP,27.1,27.1,27.1,27.1,10,KBS,2026-10-09T05:11:51Z
2020-12-28,HPP,27.1,27.65,27.1,27.65,5300,KBS,2026-10-09T05:11:51Z
2020-12-30,HPP,28.34,28.34,28.34,28.34,310,KBS,2026-10-09T05:11:51Z
2020-12-31,HPP,28.34,28.34,28.34,28.34,300,KBS,2026-10-09T05:11:51Z
2021-01-04,HPP,28.34,28.34,27.65,27.65,5884,KBS,2026-10-09T05:11:51Z
2021-01-07,HPP,28.34,28.34,28.34,28.34,1600,KBS,2026-10-09T05:11:51Z
2021-01-08,HPP,28.34,28.34,28.34,28.34,100,KBS,2026-10-09T05:11:51Z
2021-01-12,HPP,29.65,29.72,28.34,28.34,6546,KBS,2026-10-09T05:11:51Z
2021-01-13,HPP,28.41,28.48,28.34,28.48,700,KBS,2026-10-09T05:11:51Z
2021-01-19,HPP,27.65,27.72,26.27,27.65,1100,KBS,2026-10-09T05:11:51Z
2021-01-22,HPP,29.03,31.59,29.03,31.59,9500,KBS,2026-10-09T05:11:51Z
2021-01-25,HPP,31.1,31.8,31.1,31.1,18700,KBS,2026-10-09T05:11:51Z
2021-01-27,HPP,29.72,29.72,29.03,29.03,3500,KBS,2026-10-09T05:11:51Z
2021-01-28,HPP,28.34,28.34,28.34,28.34,1000,KBS,2026-10-09T05:11:51Z
2021-02-02,HPP,31.1,31.1,31.1,31.1,100,KBS,2026-10-09T05:11:51Z
2021-02-03,HPP,33.11,35.74,33.11,35.74,400,KBS,2026-10-09T05:11:51Z
2021-02-04,HPP,31.8,31.8,31.8,31.8,600,KBS,2026-10-09T05:11:51Z
2021-02-05,HPP,31.8,31.8,31.8,31.8,200,KBS,2026-10-09T05:11:51Z
2021-02-08,HPP,29.03,34.56,29.03,31.8,500,KBS,2026-10-09T05:11:51Z
2021-02-09,HPP,31.8,31.8,31.8,31.8,300,KBS,2026-10-09T05:11:51Z
2021-02-18,HPP,32.49,32.49,32.49,32.49,2000,KBS,2026-10-09T05:11:51Z
2021-02-19,HPP,32.49,32.49,31.8,31.8,5193,KBS,2026-10-09T05:11:51Z
2021-02-22,HPP,33.18,33.18,33.18,33.18,348,KBS,2026-10-09T05:11:51Z
2021-02-23,HPP,33.18,33.18,33.18,33.18,2000,KBS,2026-10-09T05:11:51Z
2021-02-24,HPP,28.27,33.18,28.27,33.18,300,KBS,2026-10-09T05:11:51Z
2021-02-26,HPP,33.18,33.18,31.86,31.86,200,KBS,2026-10-09T05:11:51Z
2021-03-01,HPP,32.49,33.18,32.49,33.18,800,KBS,2026-10-09T05:11:51Z
2021-03-02,HPP,33.18,33.18,32.56,32.56,3178,KBS,2026-10-09T05:11:51Z
2021-03-03,HPP,32.56,32.56,32.56,32.56,3200,KBS,2026-10-09T05:11:51Z
2021-03-04,HPP,27.72,32.83,27.72,32.83,1203,KBS,2026-10-09T05:11:51Z
2021-03-05,HPP,32.56,33.18,32.56,33.18,7100,KBS,2026-10-09T05:11:51Z
2021-03-08,HPP,33.18,33.52,33.18,33.18,2801,KBS,2026-10-09T05:11:51Z
2021-03-09,HPP,33.18,33.52,33.18,33.18,8000,KBS,2026-10-09T05:11:51Z
2021-03-10,HPP,33.18,33.52,33.18,33.18,7103,KBS,2026-10-09T05:11:51Z
2021-03-11,HPP,33.87,34.22,33.87,33.87,9000,KBS,2026-10-09T05:11:51Z
2021-03-12,HPP,34.56,35.25,34.56,34.56,14500,KBS,2026-10-09T05:11:51Z
2021-03-15,HPP,35.39,35.94,35.25,35.25,29000,KBS,2026-10-09T05:11:51Z
2021-03-16,HPP,31.17,36.63,31.17,35.94,8900,KBS,2026-10-09T05:11:51Z
2021-03-17,HPP,35.94,35.94,34.56,34.56,9600,KBS,2026-10-09T05:11:51Z
2021-03-18,HPP,30.83,35.94,30.83,35.25,16300,KBS,2026-10-09T05:11:51Z
2021-03-19,HPP,35.25,35.25,34.56,35.25,6900,KBS,2026-10-09T05:11:51Z
2021-03-22,HPP,31.52,35.94,31.52,35.74,22200,KBS,2026-10-09T05:11:51Z
2021-03-23,HPP,35.94,35.94,34.91,35.25,69500,KBS,2026-10-09T05:11:51Z
2021-03-24,HPP,35.04,35.25,34.91,35.04,21300,KBS,2026-10-09T05:11:51Z
2021-03-25,HPP,35.04,35.25,34.91,34.91,17260,KBS,2026-10-09T05:11:51Z
2021-03-26,HPP,35.25,35.32,35.11,35.25,36172,KBS,2026-10-09T05:11:51Z
2021-03-29,HPP,30.0,36.63,30.0,36.56,16100,KBS,2026-10-09T05:11:51Z
2021-03-30,HPP,35.25,35.94,35.25,35.25,47015,KBS,2026-10-09T05:11:51Z
2021-03-31,HPP,35.39,36.22,35.39,35.94,40200,KBS,2026-10-09T05:11:51Z
2021-04-01,HPP,36.01,36.98,35.87,36.63,29979,KBS,2026-10-09T05:11:51Z
2021-04-02,HPP,37.26,38.02,37.26,38.02,13600,KBS,2026-10-09T05:11:51Z
2021-04-05,HPP,41.4,41.47,39.47,40.78,17300,KBS,2026-10-09T05:11:51Z
2021-04-06,HPP,40.37,40.51,40.23,40.23,10700,KBS,2026-10-09T05:11:51Z
2021-04-07,HPP,38.09,40.64,38.09,40.44,31400,KBS,2026-10-09T05:11:51Z
2021-04-08,HPP,41.4,41.47,40.3,40.57,67979,KBS,2026-10-09T05:11:51Z
2021-04-09,HPP,40.44,40.51,38.71,39.4,1114,KBS,2026-10-09T05:11:51Z
2021-04-12,HPP,38.71,39.61,38.71,39.61,69235,KBS,2026-10-09T05:11:51Z
2021-04-13,HPP,39.4,39.4,35.94,37.46,13500,KBS,2026-10-09T05:11:51Z
2021-04-14,HPP,36.63,37.95,36.01,37.33,31600,KBS,2026-10-09T05:11:51Z
2021-04-15,HPP,36.91,38.71,36.91,38.43,26000,KBS,2026-10-09T05:11:51Z
2021-04-16,HPP,37.33,38.71,36.29,36.7,9300,KBS,2026-10-09T05:11:51Z
2021-04-19,HPP,36.98,37.33,36.98,37.33,1500,KBS,2026-10-09T05:11:51Z
2021-04-20,HPP,38.02,38.02,37.33,37.33,8100,KBS,2026-10-09T05:11:51Z
2021-04-22,HPP,37.46,37.6,37.4,37.53,6200,KBS,2026-10-09T05:11:51Z
2021-04-23,HPP,37.33,37.95,35.25,37.95,20900,KBS,2026-10-09T05:11:51Z
2021-04-26,HPP,36.63,38.36,36.63,36.84,10387,KBS,2026-10-09T05:11:51Z
2021-04-27,HPP,36.63,40.78,36.63,37.33,13417,KBS,2026-10-09T05:11:51Z
2021-04-28,HPP,36.98,38.43,36.91,38.43,1696,KBS,2026-10-09T05:11:51Z
2021-04-29,HPP,37.05,42.86,37.05,42.86,115500,KBS,2026-10-09T05:11:51Z
2021-05-04,HPP,42.16,45.83,41.47,44.24,42468,KBS,2026-10-09T05:11:51Z
2021-05-05,HPP,44.24,44.93,38.16,42.86,8221,KBS,2026-10-09T05:11:51Z
2021-05-06,HPP,38.78,47.69,38.78,47.56,61931,KBS,2026-10-09T05:11:51Z
2021-05-07,HPP,47.0,51.98,47.0,51.29,62274,KBS,2026-10-09T05:11:51Z
2021-05-10,HPP,55.3,59.1,51.98,55.3,26242,KBS,2026-10-09T05:11:51Z
2021-05-11,HPP,58.75,62.21,53.92,57.23,32431,KBS,2026-10-09T05:11:51Z
2021-05-12,HPP,53.57,54.88,51.15,51.15,32300,KBS,2026-10-09T05:11:51Z
2021-05-13,HPP,51.5,53.92,51.5,53.92,44426,KBS,2026-10-09T05:11:51Z
2021-05-14,HPP,53.22,60.14,52.19,55.99,127600,KBS,2026-10-09T05:11:51Z
2021-05-17,HPP,55.16,55.16,53.22,54.95,8606,KBS,2026-10-09T05:11:51Z
2021-05-18,HPP,55.99,56.61,53.22,53.92,5800,KBS,2026-10-09T05:11:51Z
2021-05-19,HPP,56.68,56.68,53.92,53.92,800,KBS,2026-10-09T05:11:51Z
2021-05-20,HPP,52.53,54.95,49.77,52.88,21393,KBS,2026-10-09T05:11:51Z
2021-05-21,HPP,51.84,51.84,51.01,51.01,28640,KBS,2026-10-09T05:11:51Z
2021-05-24,HPP,51.77,51.77,50.8,51.15,9400,KBS,2026-10-09T05:11:51Z
2021-05-25,HPP,51.15,51.15,49.77,49.77,14200,KBS,2026-10-09T05:11:51Z
2021-05-26,HPP,49.77,49.77,47.69,47.83,22500,KBS,2026-10-09T05:11:51Z
2021-05-27,HPP,48.04,49.08,47.69,47.69,14700,KBS,2026-10-09T05:11:51Z
2021-05-28,HPP,47.69,48.38,47.69,47.97,7400,KBS,2026-10-09T05:11:51Z
2021-05-31,HPP,47.76,48.11,47.0,48.11,8258,KBS,2026-10-09T05:11:51Z
2021-06-01,HPP,48.38,48.38,46.31,46.52,16276,KBS,2026-10-09T05:11:51Z
2021-06-02,HPP,47.71,48.06,46.29,48.06,7000,KBS,2026-10-09T05:11:51Z
2021-06-03,HPP,47.99,50.32,47.99,50.25,30502,KBS,2026-10-09T05:11:51Z
2021-06-04,HPP,50.89,50.89,49.47,50.68,26647,KBS,2026-10-09T05:11:51Z
2021-06-07,HPP,50.68,50.89,49.47,50.18,12700,KBS,2026-10-09T05:11:51Z
2021-06-08,HPP,50.53,50.53,49.47,49.47,5900,KBS,2026-10-09T05:11:51Z
2021-06-09,HPP,50.18,50.18,48.77,49.4,14300,KBS,2026-10-09T05:11:51Z
2021-06-10,HPP,49.47,49.47,48.41,49.33,1800,KBS,2026-10-09T05:11:51Z
2021-06-11,HPP,49.47,49.47,47.71,47.71,4270,KBS,2026-10-09T05:11:51Z
2021-06-14,HPP,48.77,49.62,48.77,49.47,33400,KBS,2026-10-09T05:11:51Z
2021-06-15,HPP,49.47,49.47,48.77,49.4,10600,KBS,2026-10-09T05:11:51Z
2021-06-16,HPP,48.98,49.4,48.77,48.77,12508,KBS,2026-10-09T05:11:51Z
2021-06-17,HPP,48.13,49.12,48.13,49.12,7200,KBS,2026-10-09T05:11:51Z
2021-06-18,HPP,42.41,49.12,42.12,48.91,19000,KBS,2026-10-09T05:11:51Z
2021-06-21,HPP,49.05,49.19,48.77,49.05,19400,KBS,2026-10-09T05:11:51Z
2021-06-22,HPP,49.12,49.19,48.77,48.77,7543,KBS,2026-10-09T05:11:51Z
2021-06-23,HPP,49.05,49.12,48.34,49.05,1700,KBS,2026-10-09T05:11:51Z
2021-06-24,HPP,56.05,56.05,48.77,48.77,1300,KBS,2026-10-09T05:11:51Z
2021-06-25,HPP,55.83,55.83,48.77,48.77,3191,KBS,2026-10-09T05:11:51Z
2021-06-28,HPP,55.76,55.76,48.34,49.05,9514,KBS,2026-10-09T05:11:51Z
2021-06-29,HPP,49.4,49.4,48.41,49.12,2401,KBS,2026-10-09T05:11:51Z
2021-06-30,HPP,53.01,53.01,48.41,48.77,7000,KBS,2026-10-09T05:11:51Z
2021-07-01,HPP,55.13,55.13,47.35,48.48,9100,KBS,2026-10-09T05:11:51Z
2021-07-02,HPP,47.35,48.41,47.35,48.41,19628,KBS,2026-10-09T05:11:51Z
2021-07-05,HPP,47.71,47.71,47.0,47.0,1700,KBS,2026-10-09T05:11:51Z
2021-07-06,HPP,46.65,47.35,43.11,47.35,4700,KBS,2026-10-09T05:11:51Z
2021-07-07,HPP,47.28,47.28,47.14,47.21,1420,KBS,2026-10-09T05:11:51Z
2021-07-08,HPP,47.21,47.21,45.94,45.94,2300,KBS,2026-10-09T05:11:51Z
2021-07-09,HPP,47.14,47.14,45.3,47.07,3029,KBS,2026-10-09T05:11:51Z
2021-07-12,HPP,47.07,47.07,43.47,43.47,1180,KBS,2026-10-09T05:11:51Z
2021-07-13,HPP,46.5,46.5,43.82,45.66,2400,KBS,2026-10-09T05:11:51Z
2021-07-14,HPP,45.87,45.87,43.82,45.37,4305,KBS,2026-10-09T05:11:51Z
2021-07-15,HPP,45.52,46.65,45.52,45.94,2000,KBS,2026-10-09T05:11:51Z
2021-07-16,HPP,47.35,50.82,45.94,45.94,19205,KBS,2026-10-09T05:11:51Z
2021-07-19,HPP,47.35,47.35,43.82,45.8,10300,KBS,2026-10-09T05:11:51Z
2021-07-20,HPP,45.73,45.73,43.82,45.02,2700,KBS,2026-10-09T05:11:51Z
2021-07-21,HPP,45.87,45.87,43.82,45.16,8300,KBS,2026-10-09T05:11:51Z
2021-07-22,HPP,45.02,45.23,44.17,45.16,1900,KBS,2026-10-09T05:11:51Z
2021-07-23,HPP,45.37,45.37,44.53,44.53,1100,KBS,2026-10-09T05:11:51Z
2021-07-26,HPP,50.11,50.11,44.53,44.53,22300,KBS,2026-10-09T05:11:51Z
2021-07-27,HPP,44.53,45.23,44.1,45.09,4300,KBS,2026-10-09T05:11:51Z
2021-07-28,HPP,45.94,45.94,44.95,44.95,1745,KBS,2026-10-09T05:11:51Z
2021-07-29,HPP,48.55,49.47,44.17,45.8,8500,KBS,2026-10-09T05:11:51Z
2021-07-30,HPP,45.87,48.06,44.53,47.35,5900,KBS,2026-10-09T05:11:51Z
2021-08-02,HPP,45.66,45.66,43.82,43.82,27901,KBS,2026-10-09T05:11:51Z
2021-08-03,HPP,44.53,44.53,43.82,44.53,2500,KBS,2026-10-09T05:11:51Z
2021-08-04,HPP,44.88,44.95,44.88,44.95,1600,KBS,2026-10-09T05:11:51Z
2021-08-05,HPP,43.89,44.17,43.11,44.17,6900,KBS,2026-10-09T05:11:51Z
2021-08-06,HPP,44.38,44.53,44.03,44.46,9600,KBS,2026-10-09T05:11:51Z
2021-08-09,HPP,44.46,44.53,44.17,44.53,18600,KBS,2026-10-09T05:11:51Z
2021-08-10,HPP,44.6,46.29,44.53,45.94,33900,KBS,2026-10-09T05:11:51Z
2021-08-11,HPP,45.94,47.21,45.94,46.65,32844,KBS,2026-10-09T05:11:51Z
2021-08-12,HPP,46.36,50.89,46.36,46.65,34693,KBS,2026-10-09T05:11:51Z
2021-08-13,HPP,46.65,47.35,45.94,46.65,32121,KBS,2026-10-09T05:11:51Z
2021-08-16,HPP,46.72,48.06,46.72,47.21,7400,KBS,2026-10-09T05:11:51Z
2021-08-17,HPP,47.0,49.05,46.86,46.86,30207,KBS,2026-10-09T05:11:51Z
2021-08-18,HPP,46.01,48.48,46.01,47.71,14667,KBS,2026-10-09T05:11:51Z
2021-08-19,HPP,47.71,50.11,47.64,49.47,25906,KBS,2026-10-09T05:11:51Z
2021-08-20,HPP,49.33,49.47,48.84,48.84,21196,KBS,2026-10-09T05:11:51Z
2021-08-23,HPP,48.77,50.89,48.06,48.77,10701,KBS,2026-10-09T05:11:51Z
2021-08-24,HPP,47.35,49.4,47.35,48.77,7950,KBS,2026-10-09T05:11:51Z
2021-08-25,HPP,47.99,49.68,47.99,49.68,14683,KBS,2026-10-09T05:11:51Z
2021-08-26,HPP,49.47,49.68,49.12,49.26,12014,KBS,2026-10-09T05:11:51Z
2021-08-27,HPP,49.47,49.47,49.12,49.4,12200,KBS,2026-10-09T05:11:51Z
2021-08-30,HPP,49.4,49.47,49.26,49.47,11900,KBS,2026-10-09T05:11:51Z
2021-08-31,HPP,49.4,49.62,46.65,49.47,33171,KBS,2026-10-09T05:11:51Z
2021-09-01,HPP,49.4,49.4,47.35,48.77,18200,KBS,2026-10-09T05:11:51Z
2021-09-06,HPP,47.99,49.83,47.99,49.83,31657,KBS,2026-10-09T05:11:51Z
2021-09-07,HPP,49.47,49.47,49.12,49.12,13100,KBS,2026-10-09T05:11:51Z
2021-09-08,HPP,48.62,49.12,48.62,49.12,3300,KBS,2026-10-09T05:11:51Z
2021-09-09,HPP,50.04,50.04,48.55,48.84,700,KBS,2026-10-09T05:11:51Z
2021-09-10,HPP,49.33,49.33,48.77,48.77,12800,KBS,2026-10-09T05:11:51Z
2021-09-13,HPP,48.7,48.77,48.06,48.77,9556,KBS,2026-10-09T05:11:51Z
2021-09-14,HPP,48.41,49.47,47.92,48.91,56800,KBS,2026-10-09T05:11:51Z
2021-09-15,HPP,49.47,51.59,48.84,51.17,92041,KBS,2026-10-09T05:11:51Z
2021-09-16,HPP,51.17,55.41,51.17,55.34,86856,KBS,2026-10-09T05:11:51Z
2021-09-17,HPP,54.42,55.69,54.42,55.2,69051,KBS,2026-10-09T05:11:51Z
2021-09-20,HPP,55.48,60.0,54.77,58.66,190067,KBS,2026-10-09T05:11:51Z
2021-09-21,HPP,57.39,60.08,55.83,57.67,56792,KBS,2026-10-09T05:11:51Z
2021-09-22,HPP,54.99,60.0,54.99,59.72,95600,KBS,2026-10-09T05:11:51Z
2021-09-23,HPP,59.16,62.2,59.16,60.08,91195,KBS,2026-10-09T05:11:51Z
2021-09-24,HPP,58.8,59.37,56.19,56.54,42272,KBS,2026-10-09T05:11:51Z
2021-09-27,HPP,57.95,57.95,55.13,57.18,28182,KBS,2026-10-09T05:11:51Z
2021-09-28,HPP,52.23,56.47,52.23,56.19,27352,KBS,2026-10-09T05:11:51Z
2021-09-29,HPP,58.66,58.66,55.76,56.54,20510,KBS,2026-10-09T05:11:51Z
2021-09-30,HPP,56.54,56.89,55.27,56.54,19600,KBS,2026-10-09T05:11:51Z
2021-10-01,HPP,56.47,56.54,55.34,55.69,8940,KBS,2026-10-09T05:11:51Z
2021-10-04,HPP,55.2,56.33,54.77,55.98,18733,KBS,2026-10-09T05:11:51Z
2021-10-05,HPP,56.54,58.66,56.19,57.25,80574,KBS,2026-10-09T05:11:51Z
2021-10-06,HPP,56.61,57.95,56.61,56.96,45125,KBS,2026-10-09T05:11:51Z
2021-10-07,HPP,58.45,59.37,57.32,58.02,33600,KBS,2026-10-09T05:11:51Z
2021-10-08,HPP,58.87,61.42,57.6,58.52,22798,KBS,2026-10-09T05:11:51Z
2021-10-11,HPP,58.02,58.31,57.25,57.88,26800,KBS,2026-10-09T05:11:51Z
2021-10-12,HPP,57.25,57.25,56.33,56.89,26642,KBS,2026-10-09T05:11:51Z
2021-10-13,HPP,56.19,57.81,56.19,56.19,9220,KBS,2026-10-09T05:11:51Z
2021-10-14,HPP,56.19,56.54,56.19,56.4,10405,KBS,2026-10-09T05:11:51Z
2021-10-15,HPP,57.81,57.81,55.27,55.34,23645,KBS,2026-10-09T05:11:51Z
2021-10-18,HPP,55.13,56.47,54.07,55.48,43875,KBS,2026-10-09T05:11:51Z
2021-10-19,HPP,54.42,55.48,53.71,55.06,12600,KBS,2026-10-09T05:11:51Z
2021-10-20,HPP,55.13,55.13,53.93,54.42,9600,KBS,2026-10-09T05:11:51Z
2021-10-21,HPP,54.42,55.13,53.86,55.13,9500,KBS,2026-10-09T05:11:51Z
2021-10-22,HPP,55.13,55.13,54.56,54.56,5303,KBS,2026-10-09T05:11:51Z
2021-10-25,HPP,55.41,55.41,54.14,54.7,8400,KBS,2026-10-09T05:11:51Z
2021-10-26,HPP,55.13,55.13,54.07,54.49,7100,KBS,2026-10-09T05:11:51Z
2021-10-27,HPP,54.77,54.77,53.71,54.14,36279,KBS,2026-10-09T05:11:51Z
2021-10-28,HPP,55.13,55.13,53.78,54.7,32003,KBS,2026-10-09T05:11:51Z
2021-10-29,HPP,55.13,55.83,54.0,54.35,41800,KBS,2026-10-09T05:11:51Z
2021-11-01,HPP,55.76,55.76,54.14,54.42,64094,KBS,2026-10-09T05:11:51Z
2021-11-02,HPP,54.42,54.63,54.14,54.56,37743,KBS,2026-10-09T05:11:51Z
2021-11-03,HPP,56.4,56.4,53.86,53.86,22400,KBS,2026-10-09T05:11:51Z
2021-11-04,HPP,53.71,54.0,52.3,53.71,10400,KBS,2026-10-09T05:11:51Z
2021-11-05,HPP,54.49,54.49,53.36,54.42,4318,KBS,2026-10-09T05:11:51Z
2021-11-08,HPP,54.77,54.77,53.93,54.28,19300,KBS,2026-10-09T05:11:51Z
2021-11-09,HPP,54.42,57.53,54.21,56.54,58600,KBS,2026-10-09T05:11:51Z
2021-11-10,HPP,55.69,60.0,55.69,57.18,29723,KBS,2026-10-09T05:11:51Z
2021-11-11,HPP,57.25,59.01,55.83,57.6,29000,KBS,2026-10-09T05:11:51Z
2021-11-12,HPP,55.83,57.18,55.83,56.89,21800,KBS,2026-10-09T05:11:51Z
2021-11-15,HPP,56.82,56.82,55.48,55.83,20300,KBS,2026-10-09T05:11:51Z
2021-11-16,HPP,56.4,56.4,53.29,55.48,9200,KBS,2026-10-09T05:11:51Z
2021-11-17,HPP,55.76,55.76,54.99,54.99,4300,KBS,2026-10-09T05:11:51Z
2021-11-18,HPP,54.42,55.69,53.71,54.07,14000,KBS,2026-10-09T05:11:51Z
2021-11-19,HPP,55.06,55.06,53.36,53.71,7701,KBS,2026-10-09T05:11:51Z
2021-11-22,HPP,53.71,53.71,52.3,52.94,8800,KBS,2026-10-09T05:11:51Z
2021-11-23,HPP,54.42,54.56,52.3,53.71,9700,KBS,2026-10-09T05:11:51Z
2021-11-24,HPP,54.42,54.42,53.01,53.01,5800,KBS,2026-10-09T05:11:51Z
2021-11-25,HPP,54.21,54.21,53.15,53.64,55337,KBS,2026-10-09T05:11:51Z
2021-11-26,HPP,54.42,54.42,52.44,53.36,10400,KBS,2026-10-09T05:11:51Z
2021-11-29,HPP,53.15,53.15,52.02,53.01,3500,KBS,2026-10-09T05:11:51Z
2021-11-30,HPP,53.71,56.4,53.01,53.43,31000,KBS,2026-10-09T05:11:51Z
2021-12-01,HPP,55.2,55.2,52.51,53.36,2300,KBS,2026-10-09T05:11:51Z
2021-12-02,HPP,53.6,54.11,53.02,53.1,5700,KBS,2026-10-09T05:11:51Z
2021-12-03,HPP,54.76,54.76,52.66,52.81,2900,KBS,2026-10-09T05:11:51Z
2021-12-06,HPP,53.67,54.83,50.5,52.59,20600,KBS,2026-10-09T05:11:51Z
2021-12-07,HPP,51.87,52.66,50.57,52.59,7200,KBS,2026-10-09T05:11:51Z
2021-12-08,HPP,51.94,52.66,51.22,52.3,3800,KBS,2026-10-09T05:11:51Z
2021-12-09,HPP,52.3,52.3,50.57,51.94,8300,KBS,2026-10-09T05:11:51Z
2021-12-10,HPP,52.3,52.3,50.5,51.58,1500,KBS,2026-10-09T05:11:51Z
2021-12-13,HPP,51.22,51.8,43.57,51.51,78500,KBS,2026-10-09T05:11:51Z
2021-12-14,HPP,51.22,52.3,51.22,51.36,4200,KBS,2026-10-09T05:11:51Z
2021-12-15,HPP,52.3,54.61,51.22,52.59,6896,KBS,2026-10-09T05:11:51Z
2021-12-16,HPP,51.87,52.23,51.44,51.8,4700,KBS,2026-10-09T05:11:51Z
2021-12-17,HPP,50.5,51.87,50.5,51.87,12000,KBS,2026-10-09T05:11:51Z
2021-12-20,HPP,51.94,51.94,50.72,51.44,8100,KBS,2026-10-09T05:11:51Z
2021-12-21,HPP,50.86,51.58,50.86,51.22,1650,KBS,2026-10-09T05:11:51Z
2021-12-22,HPP,51.36,51.36,50.5,50.5,2700,KBS,2026-10-09T05:11:51Z
2021-12-23,HPP,50.5,51.08,49.42,51.08,10300,KBS,2026-10-09T05:11:51Z
2021-12-24,HPP,50.5,51.08,50.5,50.5,2100,KBS,2026-10-09T05:11:51Z
2021-12-27,HPP,51.22,51.22,49.7,50.5,7200,KBS,2026-10-09T05:11:51Z
2021-12-28,HPP,50.5,51.22,50.43,50.43,7220,KBS,2026-10-09T05:11:51Z
2021-12-29,HPP,50.5,54.47,50.28,51.22,6900,KBS,2026-10-09T05:11:51Z
2021-12-30,HPP,51.94,51.94,50.28,51.15,2700,KBS,2026-10-09T05:11:51Z
2021-12-31,HPP,51.8,52.66,50.5,52.66,13800,KBS,2026-10-09T05:11:51Z
2022-01-04,HPP,51.22,51.94,51.22,51.44,7500,KBS,2026-10-09T05:11:51Z
2022-01-05,HPP,51.22,51.94,50.86,51.94,45045,KBS,2026-10-09T05:11:51Z
2022-01-06,HPP,53.02,57.64,51.51,51.51,14400,KBS,2026-10-09T05:11:51Z
2022-01-07,HPP,53.17,53.17,50.72,51.94,9300,KBS,2026-10-09T05:11:51Z
2022-01-10,HPP,52.52,52.52,50.5,51.22,13200,KBS,2026-10-09T05:11:51Z
2022-01-11,HPP,49.85,51.58,49.78,50.86,8900,KBS,2026-10-09T05:11:51Z
2022-01-12,HPP,51.65,51.65,50.86,50.86,2300,KBS,2026-10-09T05:11:51Z
2022-01-13,HPP,50.5,50.86,49.78,49.78,6500,KBS,2026-10-09T05:11:51Z
2022-01-14,HPP,49.99,51.22,49.99,51.15,4200,KBS,2026-10-09T05:11:51Z
2022-01-17,HPP,51.22,51.22,49.78,49.78,10300,KBS,2026-10-09T05:11:51Z
2022-01-18,HPP,49.85,50.43,43.79,50.36,5800,KBS,2026-10-09T05:11:51Z
2022-01-19,HPP,49.78,49.78,48.62,49.78,1700,KBS,2026-10-09T05:11:51Z
2022-01-20,HPP,49.78,50.86,47.68,50.5,801,KBS,2026-10-09T05:11:51Z
2022-01-21,HPP,49.78,52.16,49.78,50.86,3401,KBS,2026-10-09T05:11:51Z
2022-01-24,HPP,51.22,51.22,49.49,50.5,2300,KBS,2026-10-09T05:11:51Z
2022-01-25,HPP,50.5,50.5,50.5,50.5,600,KBS,2026-10-09T05:11:51Z
2022-01-26,HPP,50.5,52.52,49.78,50.36,5157,KBS,2026-10-09T05:11:51Z
2022-01-27,HPP,50.5,50.93,50.21,50.93,820,KBS,2026-10-09T05:11:51Z
2022-01-28,HPP,50.5,53.96,50.5,53.96,3900,KBS,2026-10-09T05:11:51Z
2022-02-07,HPP,52.59,52.59,50.64,52.16,1010,KBS,2026-10-09T05:11:51Z
2022-02-08,HPP,51.0,51.58,50.5,51.58,1100,KBS,2026-10-09T05:11:51Z
2022-02-09,HPP,50.86,50.86,50.5,50.5,2848,KBS,2026-10-09T05:11:51Z
2022-02-10,HPP,51.58,51.58,50.5,50.5,6808,KBS,2026-10-09T05:11:51Z
2022-02-11,HPP,50.5,50.72,50.5,50.5,1800,KBS,2026-10-09T05:11:51Z
2022-02-14,HPP,50.5,51.58,50.14,50.14,4431,KBS,2026-10-09T05:11:51Z
2022-02-15,HPP,52.52,52.52,50.43,51.15,14445,KBS,2026-10-09T05:11:51Z
2022-02-16,HPP,50.5,51.0,49.99,50.5,13235,KBS,2026-10-09T05:11:51Z
2022-02-17,HPP,51.87,51.87,50.5,50.5,7103,KBS,2026-10-09T05:11:51Z
2022-02-18,HPP,50.5,50.5,50.5,50.5,8700,KBS,2026-10-09T05:11:51Z
2022-02-21,HPP,50.86,51.15,49.99,50.5,17700,KBS,2026-10-09T05:11:51Z
2022-02-22,HPP,50.14,50.79,49.78,50.79,6100,KBS,2026-10-09T05:11:51Z
2022-02-23,HPP,49.78,50.43,49.63,50.43,5700,KBS,2026-10-09T05:11:51Z
2022-02-24,HPP,50.86,50.86,49.42,50.5,12100,KBS,2026-10-09T05:11:51Z
2022-02-25,HPP,50.72,50.86,49.27,50.86,5700,KBS,2026-10-09T05:11:51Z
2022-02-28,HPP,49.27,50.79,49.27,50.72,6329,KBS,2026-10-09T05:11:51Z
2022-03-01,HPP,51.22,51.22,49.42,50.5,10300,KBS,2026-10-09T05:11:51Z
2022-03-02,HPP,50.86,50.86,49.49,50.28,3100,KBS,2026-10-09T05:11:51Z
2022-03-03,HPP,49.78,50.43,49.63,49.78,6100,KBS,2026-10-09T05:11:51Z
2022-03-04,HPP,50.5,52.3,50.43,51.94,19700,KBS,2026-10-09T05:11:51Z
2022-03-07,HPP,51.58,59.16,51.58,55.55,223309,KBS,2026-10-09T05:11:51Z
2022-03-08,HPP,57.28,58.8,55.55,58.36,130960,KBS,2026-10-09T05:11:51Z
2022-03-09,HPP,58.22,59.88,57.35,57.71,58500,KBS,2026-10-09T05:11:51Z
2022-03-10,HPP,58.43,59.16,57.42,57.71,42900,KBS,2026-10-09T05:11:51Z
2022-03-11,HPP,59.16,59.52,55.91,57.57,59810,KBS,2026-10-09T05:11:51Z
2022-03-14,HPP,56.92,57.71,54.83,55.33,31178,KBS,2026-10-09T05:11:51Z
2022-03-15,HPP,57.64,57.64,51.94,54.83,21200,KBS,2026-10-09T05:11:51Z
2022-03-16,HPP,56.27,56.99,55.19,55.55,17300,KBS,2026-10-09T05:11:51Z
2022-03-17,HPP,56.92,56.99,55.55,56.63,44697,KBS,2026-10-09T05:11:51Z
2022-03-18,HPP,56.27,56.85,55.55,55.91,13700,KBS,2026-10-09T05:11:51Z
2022-03-21,HPP,56.78,56.78,55.19,55.91,48110,KBS,2026-10-09T05:11:51Z
2022-03-22,HPP,55.26,55.26,51.58,51.94,192401,KBS,2026-10-09T05:11:51Z
2022-03-23,HPP,51.94,51.94,50.5,51.15,87000,KBS,2026-10-09T05:11:51Z
2022-03-24,HPP,51.0,53.31,50.5,52.59,43000,KBS,2026-10-09T05:11:51Z
2022-03-25,HPP,50.93,52.45,49.2,51.15,106900,KBS,2026-10-09T05:11:51Z
2022-03-28,HPP,50.72,50.72,49.2,49.56,34000,KBS,2026-10-09T05:11:51Z
2022-03-29,HPP,50.14,50.5,48.62,49.42,66910,KBS,2026-10-09T05:11:51Z
2022-03-30,HPP,49.42,50.36,49.06,49.7,32400,KBS,2026-10-09T05:11:51Z
2022-03-31,HPP,49.2,50.5,48.98,49.78,158100,KBS,2026-10-09T05:11:51Z
2022-04-01,HPP,49.34,50.36,49.13,50.07,27405,KBS,2026-10-09T05:11:51Z
2022-04-04,HPP,50.86,50.86,49.42,49.78,34400,KBS,2026-10-09T05:11:51Z
2022-04-05,HPP,49.78,49.78,49.34,49.78,19210,KBS,2026-10-09T05:11:51Z
2022-04-06,HPP,49.99,49.99,49.13,49.7,29462,KBS,2026-10-09T05:11:51Z
2022-04-07,HPP,49.78,49.78,48.26,48.7,61000,KBS,2026-10-09T05:11:51Z
2022-04-08,HPP,50.28,50.28,48.41,49.63,25631,KBS,2026-10-09T05:11:51Z
2022-04-12,HPP,49.27,49.42,47.61,48.84,35300,KBS,2026-10-09T05:11:51Z
2022-04-13,HPP,48.48,48.77,47.61,47.68,21400,KBS,2026-10-09T05:11:51Z
2022-04-14,HPP,48.26,48.26,47.25,48.12,13900,KBS,2026-10-09T05:11:51Z
2022-04-15,HPP,48.98,49.06,48.05,48.12,32700,KBS,2026-10-09T05:11:51Z
2022-04-18,HPP,49.13,49.13,46.89,47.97,10300,KBS,2026-10-09T05:11:51Z
2022-04-19,HPP,46.96,47.76,46.96,47.4,13400,KBS,2026-10-09T05:11:51Z
2022-04-20,HPP,48.98,48.98,45.45,47.25,29800,KBS,2026-10-09T05:11:51Z
2022-04-21,HPP,43.79,46.82,43.64,44.8,23200,KBS,2026-10-09T05:11:51Z
2022-04-22,HPP,44.73,46.03,43.28,45.3,34500,KBS,2026-10-09T05:11:51Z
2022-04-25,HPP,46.53,46.53,43.28,44.87,10500,KBS,2026-10-09T05:11:51Z
2022-04-26,HPP,43.28,43.36,39.68,41.84,30910,KBS,2026-10-09T05:11:51Z
2022-04-27,HPP,44.66,44.66,41.62,43.64,55500,KBS,2026-10-09T05:11:51Z
2022-04-28,HPP,43.64,44.01,43.28,43.57,5201,KBS,2026-10-09T05:11:51Z
2022-04-29,HPP,43.64,49.92,42.71,49.92,33000,KBS,2026-10-09T05:11:51Z
2022-05-04,HPP,46.82,46.89,44.37,45.66,6800,KBS,2026-10-09T05:11:51Z
2022-05-05,HPP,45.16,45.45,42.71,42.71,5800,KBS,2026-10-09T05:11:51Z
2022-05-06,HPP,44.01,44.01,42.92,43.64,8143,KBS,2026-10-09T05:11:51Z
2022-05-09,HPP,42.92,44.3,41.05,41.05,18200,KBS,2026-10-09T05:11:51Z
2022-05-10,HPP,41.84,42.42,40.11,42.42,10200,KBS,2026-10-09T05:11:51Z
2022-05-11,HPP,43.28,43.28,41.84,43.14,1900,KBS,2026-10-09T05:11:51Z
2022-05-12,HPP,41.19,41.77,41.12,41.77,14200,KBS,2026-10-09T05:11:51Z
2022-05-13,HPP,42.2,42.2,40.9,40.9,900,KBS,2026-10-09T05:11:51Z
2022-05-16,HPP,41.12,41.55,41.12,41.12,4600,KBS,2026-10-09T05:11:51Z
2022-05-17,HPP,41.41,42.35,41.12,42.35,7400,KBS,2026-10-09T05:11:51Z
2022-05-18,HPP,42.56,42.56,41.34,41.48,1300,KBS,2026-10-09T05:11:51Z
2022-05-19,HPP,41.12,41.48,41.12,41.48,8500,KBS,2026-10-09T05:11:51Z
2022-05-20,HPP,42.56,42.56,41.26,41.26,2600,KBS,2026-10-09T05:11:51Z
2022-05-23,HPP,41.41,41.41,39.97,40.76,3702,KBS,2026-10-09T05:11:51Z
2022-05-24,HPP,41.84,41.84,40.04,41.12,6400,KBS,2026-10-09T05:11:51Z
2022-05-25,HPP,41.48,41.48,39.82,39.82,9900,KBS,2026-10-09T05:11:51Z
2022-05-26,HPP,41.48,41.48,40.76,41.12,13900,KBS,2026-10-09T05:11:51Z
2022-05-27,HPP,41.12,41.77,41.12,41.77,9500,KBS,2026-10-09T05:11:51Z
2022-05-30,HPP,42.42,42.56,41.48,42.56,11700,KBS,2026-10-09T05:11:51Z
2022-05-31,HPP,43.14,47.61,43.14,47.32,15910,KBS,2026-10-09T05:11:51Z
2022-06-01,HPP,46.53,48.26,45.45,47.4,17490,KBS,2026-10-09T05:11:51Z
2022-06-02,HPP,47.4,47.4,44.73,46.32,10600,KBS,2026-10-09T05:11:51Z
2022-06-03,HPP,44.15,46.1,44.15,45.45,2000,KBS,2026-10-09T05:11:51Z
2022-06-06,HPP,45.45,45.45,44.73,44.73,11800,KBS,2026-10-09T05:11:51Z
2022-06-07,HPP,44.01,45.23,43.28,45.23,9306,KBS,2026-10-09T05:11:51Z
2022-06-08,HPP,45.23,45.88,44.37,45.74,11800,KBS,2026-10-09T05:11:51Z
2022-06-09,HPP,44.01,45.74,44.01,45.02,6900,KBS,2026-10-09T05:11:51Z
2022-06-10,HPP,44.66,45.02,44.37,44.94,11600,KBS,2026-10-09T05:11:51Z
2022-06-13,HPP,44.73,45.38,42.56,44.58,18506,KBS,2026-10-09T05:11:51Z
2022-06-14,HPP,44.58,44.58,42.2,44.22,1600,KBS,2026-10-09T05:11:51Z
2022-06-15,HPP,45.38,45.38,42.71,44.01,2128,KBS,2026-10-09T05:11:51Z
2022-06-16,HPP,44.73,45.45,43.21,44.22,9200,KBS,2026-10-09T05:11:51Z
2022-06-17,HPP,44.37,44.37,41.91,42.92,12600,KBS,2026-10-09T05:11:51Z
2022-06-20,HPP,44.3,44.3,41.77,42.56,1800,KBS,2026-10-09T05:11:51Z
2022-06-21,HPP,41.48,42.42,40.83,42.42,7300,KBS,2026-10-09T05:11:51Z
2022-06-22,HPP,44.73,44.73,41.12,41.34,11100,KBS,2026-10-09T05:11:51Z
2022-06-23,HPP,44.58,44.58,41.12,42.42,4600,KBS,2026-10-09T05:11:51Z
2022-06-24,HPP,43.57,43.57,43.21,43.28,300,KBS,2026-10-09T05:11:51Z
2022-06-27,HPP,43.21,46.17,43.21,44.66,2100,KBS,2026-10-09T05:11:51Z
2022-06-28,HPP,41.91,44.01,41.77,44.01,6000,KBS,2026-10-09T05:11:51Z
2022-06-29,HPP,44.01,44.3,42.56,44.01,13100,KBS,2026-10-09T05:11:51Z
2022-06-30,HPP,43.93,45.45,42.92,45.45,9220,KBS,2026-10-09T05:11:51Z
2022-07-01,HPP,45.02,45.02,43.28,44.22,7300,KBS,2026-10-09T05:11:51Z
2022-07-04,HPP,44.94,44.94,44.94,44.94,140,KBS,2026-10-09T05:11:51Z
2022-07-05,HPP,44.08,44.08,44.08,44.08,2120,KBS,2026-10-09T05:11:51Z
2022-07-06,HPP,44.01,44.01,44.01,44.01,4578,KBS,2026-10-09T05:11:51Z
2022-07-07,HPP,42.92,42.92,42.92,42.92,100,KBS,2026-10-09T05:11:51Z
2022-07-08,HPP,44.73,44.73,44.73,44.73,100,KBS,2026-10-09T05:11:51Z
2022-07-11,HPP,44.73,44.73,44.73,44.73,20,KBS,2026-10-09T05:11:51Z
2022-07-12,HPP,42.2,44.01,41.91,44.01,1900,KBS,2026-10-09T05:11:51Z
2022-07-13,HPP,45.09,45.09,42.78,42.78,1100,KBS,2026-10-09T05:11:51Z
2022-07-14,HPP,44.73,44.73,42.92,42.92,3400,KBS,2026-10-09T05:11:51Z
2022-07-15,HPP,43.93,43.93,43.0,43.0,9100,KBS,2026-10-09T05:11:51Z
2022-07-18,HPP,45.09,45.09,42.64,44.66,2951,KBS,2026-10-09T05:11:51Z
2022-07-19,HPP,44.58,44.58,44.58,44.58,100,KBS,2026-10-09T05:11:51Z
2022-07-20,HPP,45.84,45.84,45.84,45.84,100,KBS,2026-10-09T05:11:51Z
2022-07-21,HPP,45.84,45.84,45.84,45.84,10,KBS,2026-10-09T05:11:51Z
2022-07-22,HPP,45.1,45.1,41.85,45.03,1710,KBS,2026-10-09T05:11:51Z
2022-07-25,HPP,45.47,45.47,43.7,43.84,3600,KBS,2026-10-09T05:11:51Z
2022-07-27,HPP,44.73,45.47,44.73,45.4,900,KBS,2026-10-09T05:11:51Z
2022-07-28,HPP,45.4,45.4,43.62,45.25,6300,KBS,2026-10-09T05:11:51Z
2022-07-29,HPP,44.36,50.28,44.36,50.28,20400,KBS,2026-10-09T05:11:51Z
2022-08-01,HPP,47.17,47.69,45.32,45.32,1500,KBS,2026-10-09T05:11:51Z
2022-08-02,HPP,44.8,46.58,44.51,46.58,1400,KBS,2026-10-09T05:11:51Z
2022-08-03,HPP,44.8,46.43,44.8,45.03,6700,KBS,2026-10-09T05:11:51Z
2022-08-04,HPP,45.18,45.18,45.18,45.18,500,KBS,2026-10-09T05:11:51Z
2022-08-05,HPP,46.28,46.28,46.28,46.28,100,KBS,2026-10-09T05:11:51Z
2022-08-08,HPP,44.8,45.99,44.73,45.1,3800,KBS,2026-10-09T05:11:51Z
2022-08-09,HPP,44.88,45.77,44.73,45.77,5472,KBS,2026-10-09T05:11:51Z
2022-08-10,HPP,44.29,45.99,44.29,44.36,1055,KBS,2026-10-09T05:11:51Z
2022-08-11,HPP,44.51,45.77,44.44,45.69,3900,KBS,2026-10-09T05:11:51Z
2022-08-12,HPP,44.58,45.91,44.51,45.91,4300,KBS,2026-10-09T05:11:51Z
2022-08-15,HPP,44.88,46.21,44.88,45.77,1400,KBS,2026-10-09T05:11:51Z
2022-08-16,HPP,46.06,46.21,45.84,46.14,1400,KBS,2026-10-09T05:11:51Z
2022-08-17,HPP,45.18,46.06,45.18,46.06,300,KBS,2026-10-09T05:11:51Z
2022-08-18,HPP,46.06,46.06,44.95,45.91,1500,KBS,2026-10-09T05:11:51Z
2022-08-19,HPP,45.03,45.84,45.03,45.84,1300,KBS,2026-10-09T05:11:51Z
2022-08-22,HPP,44.51,45.77,44.51,45.77,500,KBS,2026-10-09T05:11:51Z
2022-08-23,HPP,44.58,45.84,44.58,44.95,5600,KBS,2026-10-09T05:11:51Z
2022-08-24,HPP,45.18,45.18,44.95,44.95,900,KBS,2026-10-09T05:11:51Z
2022-08-25,HPP,45.1,45.1,44.8,45.1,5300,KBS,2026-10-09T05:11:51Z
2022-08-26,HPP,45.1,45.1,44.8,45.1,4400,KBS,2026-10-09T05:11:51Z
2022-08-29,HPP,45.69,45.69,44.73,45.1,2300,KBS,2026-10-09T05:11:51Z
2022-08-30,HPP,45.32,45.4,45.1,45.4,1300,KBS,2026-10-09T05:11:51Z
2022-08-31,HPP,45.32,47.91,45.32,46.06,26700,KBS,2026-10-09T05:11:51Z
2022-09-05,HPP,45.25,46.06,45.25,45.25,800,KBS,2026-10-09T05:11:51Z
2022-09-06,HPP,45.1,46.14,45.1,45.25,3000,KBS,2026-10-09T05:11:51Z
2022-09-07,HPP,46.14,46.14,44.73,44.73,2800,KBS,2026-10-09T05:11:51Z
2022-09-08,HPP,45.1,45.18,45.1,45.18,1700,KBS,2026-10-09T05:11:51Z
2022-09-09,HPP,45.18,46.06,45.1,46.06,4200,KBS,2026-10-09T05:11:51Z
2022-09-12,HPP,45.1,45.1,45.1,45.1,600,KBS,2026-10-09T05:11:51Z
2022-09-13,HPP,44.8,45.69,44.73,45.1,1100,KBS,2026-10-09T05:11:51Z
2022-09-14,HPP,44.58,45.1,44.58,45.1,800,KBS,2026-10-09T05:11:51Z
2022-09-15,HPP,44.36,45.84,44.36,45.69,4050,KBS,2026-10-09T05:11:51Z
2022-09-16,HPP,44.51,44.51,44.44,44.44,1200,KBS,2026-10-09T05:11:51Z
2022-09-19,HPP,45.1,45.1,45.1,45.1,100,KBS,2026-10-09T05:11:51Z
2022-09-20,HPP,44.36,44.36,43.62,43.7,6419,KBS,2026-10-09T05:11:51Z
2022-09-21,HPP,43.4,44.21,43.4,44.21,200,KBS,2026-10-09T05:11:51Z
2022-09-23,HPP,43.84,44.36,43.4,44.36,6500,KBS,2026-10-09T05:11:51Z
2022-09-26,HPP,43.4,45.1,42.88,45.1,4800,KBS,2026-10-09T05:11:51Z
2022-09-27,HPP,44.66,44.66,42.96,44.36,3610,KBS,2026-10-09T05:11:51Z
2022-09-28,HPP,44.29,44.29,42.66,43.92,2600,KBS,2026-10-09T05:11:51Z
2022-09-29,HPP,43.62,44.73,42.51,42.51,5701,KBS,2026-10-09T05:11:51Z
2022-09-30,HPP,44.21,44.21,41.77,43.99,13000,KBS,2026-10-09T05:11:51Z
2022-10-03,HPP,42.14,42.22,41.85,42.22,800,KBS,2026-10-09T05:11:51Z
2022-10-04,HPP,41.4,41.77,39.92,39.92,3800,KBS,2026-10-09T05:11:51Z
2022-10-05,HPP,41.33,42.14,41.33,42.14,1700,KBS,2026-10-09T05:11:51Z
2022-10-06,HPP,41.4,41.4,40.66,40.66,3200,KBS,2026-10-09T05:11:51Z
2022-10-07,HPP,42.14,42.14,39.19,41.48,1900,KBS,2026-10-09T05:11:51Z
2022-10-10,HPP,42.07,42.07,41.33,41.33,1300,KBS,2026-10-09T05:11:51Z
2022-10-11,HPP,41.03,42.0,38.3,41.26,8000,KBS,2026-10-09T05:11:51Z
2022-10-12,HPP,41.11,41.11,39.78,41.03,2900,KBS,2026-10-09T05:11:51Z
2022-10-13,HPP,42.14,42.14,39.92,40.96,1500,KBS,2026-10-09T05:11:51Z
2022-10-14,HPP,41.7,41.7,41.03,41.4,1100,KBS,2026-10-09T05:11:51Z
2022-10-17,HPP,42.07,42.07,39.19,41.63,3400,KBS,2026-10-09T05:11:51Z
2022-10-18,HPP,42.14,42.14,40.66,40.66,376,KBS,2026-10-09T05:11:51Z
2022-10-19,HPP,41.92,41.92,39.56,40.66,3700,KBS,2026-10-09T05:11:51Z
2022-10-20,HPP,42.07,42.07,40.52,40.52,200,KBS,2026-10-09T05:11:51Z
2022-10-21,HPP,39.78,39.78,39.33,39.33,1900,KBS,2026-10-09T05:11:51Z
2022-10-24,HPP,41.03,41.03,38.45,39.04,4000,KBS,2026-10-09T05:11:51Z
2022-10-25,HPP,41.26,41.26,40.66,40.66,200,KBS,2026-10-09T05:11:51Z
2022-10-26,HPP,38.08,40.96,37.71,39.92,3000,KBS,2026-10-09T05:11:51Z
2022-10-27,HPP,39.78,39.92,38.45,39.56,6000,KBS,2026-10-09T05:11:51Z
2022-10-28,HPP,40.96,40.96,38.59,40.66,515,KBS,2026-10-09T05:11:51Z
2022-10-31,HPP,41.33,41.33,41.33,41.33,100,KBS,2026-10-09T05:11:51Z
2022-11-01,HPP,40.07,40.07,40.07,40.07,200,KBS,2026-10-09T05:11:51Z
2022-11-02,HPP,41.4,41.4,38.45,40.37,4300,KBS,2026-10-09T05:11:51Z
2022-11-03,HPP,40.96,40.96,38.82,38.96,1200,KBS,2026-10-09T05:11:51Z
2022-11-04,HPP,39.04,39.11,38.45,39.11,7400,KBS,2026-10-09T05:11:51Z
2022-11-07,HPP,39.56,39.56,37.71,37.71,10600,KBS,2026-10-09T05:11:51Z
2022-11-08,HPP,38.96,38.96,37.71,38.45,9309,KBS,2026-10-09T05:11:51Z
2022-11-09,HPP,38.74,39.19,36.97,38.74,4411,KBS,2026-10-09T05:11:51Z
2022-11-10,HPP,38.08,38.08,36.23,36.3,6000,KBS,2026-10-09T05:11:51Z
2022-11-11,HPP,37.34,37.34,34.16,34.16,300,KBS,2026-10-09T05:11:51Z
2022-11-14,HPP,37.12,37.12,37.12,37.12,103,KBS,2026-10-09T05:11:51Z
2022-11-15,HPP,37.12,37.12,37.12,37.12,1,KBS,2026-10-09T05:11:51Z
2022-11-16,HPP,33.27,37.78,33.27,33.42,19700,KBS,2026-10-09T05:11:51Z
2022-11-17,HPP,36.52,36.52,34.01,36.52,12100,KBS,2026-10-09T05:11:51Z
2022-11-18,HPP,36.6,38.96,35.86,35.86,24500,KBS,2026-10-09T05:11:51Z
2022-11-21,HPP,34.08,38.89,34.08,38.67,400,KBS,2026-10-09T05:11:51Z
2022-11-22,HPP,38.74,41.03,38.67,40.66,4400,KBS,2026-10-09T05:11:51Z
2022-11-23,HPP,38.45,38.45,38.45,38.45,120,KBS,2026-10-09T05:11:51Z
2022-11-24,HPP,34.9,38.37,34.9,38.37,310,KBS,2026-10-09T05:11:51Z
2022-11-25,HPP,35.49,38.59,35.49,35.56,2200,KBS,2026-10-09T05:11:51Z
2022-11-28,HPP,37.71,37.71,37.71,37.71,100,KBS,2026-10-09T05:11:51Z
2022-11-29,HPP,38.22,38.37,38.15,38.37,2500,KBS,2026-10-09T05:11:51Z
2022-11-30,HPP,38.15,38.37,38.08,38.37,11100,KBS,2026-10-09T05:11:51Z
2022-12-01,HPP,38.96,38.96,36.97,38.37,2750,KBS,2026-10-09T05:11:51Z
2022-12-02,HPP,38.37,38.37,38.37,38.37,500,KBS,2026-10-09T05:11:51Z
2022-12-05,HPP,39.13,39.13,35.21,38.3,3800,KBS,2026-10-09T05:11:51Z
2022-12-06,HPP,38.75,38.75,37.32,37.32,800,KBS,2026-10-09T05:11:51Z
2022-12-07,HPP,38.52,38.52,36.56,37.54,500,KBS,2026-10-09T05:11:51Z
2022-12-08,HPP,37.24,37.24,36.19,36.19,3480,KBS,2026-10-09T05:11:51Z
2022-12-09,HPP,37.02,37.02,37.02,37.02,2000,KBS,2026-10-09T05:11:51Z
2022-12-13,HPP,36.94,40.71,36.94,37.92,4600,KBS,2026-10-09T05:11:51Z
2022-12-14,HPP,39.2,39.2,37.17,37.69,13900,KBS,2026-10-09T05:11:51Z
2022-12-15,HPP,37.39,38.3,37.39,37.69,4400,KBS,2026-10-09T05:11:51Z
2022-12-16,HPP,37.69,39.2,37.69,37.69,3100,KBS,2026-10-09T05:11:51Z
2022-12-19,HPP,38.98,39.05,38.98,39.05,500,KBS,2026-10-09T05:11:51Z
2022-12-20,HPP,38.98,39.58,37.84,39.43,3400,KBS,2026-10-09T05:11:51Z
2022-12-21,HPP,39.2,41.46,39.2,41.46,13000,KBS,2026-10-09T05:11:51Z
2022-12-22,HPP,40.63,41.09,39.73,39.73,3220,KBS,2026-10-09T05:11:51Z
2022-12-23,HPP,39.2,41.16,39.2,41.01,1200,KBS,2026-10-09T05:11:51Z
2022-12-26,HPP,41.01,41.09,39.35,40.71,5200,KBS,2026-10-09T05:11:51Z
2022-12-27,HPP,40.71,41.24,40.71,41.24,2401,KBS,2026-10-09T05:11:51Z
2022-12-28,HPP,41.39,42.14,41.24,42.14,1413,KBS,2026-10-09T05:11:51Z
2022-12-29,HPP,42.22,44.48,40.86,43.72,12300,KBS,2026-10-09T05:11:51Z
2022-12-30,HPP,43.65,44.18,43.65,44.18,2501,KBS,2026-10-09T05:11:51Z
2023-01-03,HPP,44.86,45.23,39.43,44.63,3000,KBS,2026-10-09T05:11:51Z
2023-01-04,HPP,44.86,44.86,44.55,44.7,1800,KBS,2026-10-09T05:11:51Z
2023-01-05,HPP,44.63,45.08,40.18,44.55,14800,KBS,2026-10-09T05:11:51Z
2023-01-06,HPP,40.63,44.78,40.41,44.4,3500,KBS,2026-10-09T05:11:51Z
2023-01-09,HPP,44.33,44.33,40.26,44.1,7909,KBS,2026-10-09T05:11:51Z
2023-01-10,HPP,43.57,43.57,39.73,43.05,1704,KBS,2026-10-09T05:11:51Z
2023-01-11,HPP,43.2,43.2,43.2,43.2,100,KBS,2026-10-09T05:11:51Z
2023-01-18,HPP,40.71,41.99,40.71,41.99,500,KBS,2026-10-09T05:11:51Z
2023-01-19,HPP,42.14,44.48,38.15,41.31,7200,KBS,2026-10-09T05:11:51Z
2023-01-27,HPP,41.16,44.4,41.16,44.4,3200,KBS,2026-10-09T05:11:51Z
2023-01-30,HPP,44.48,44.48,44.48,44.48,200,KBS,2026-10-09T05:11:51Z
2023-01-31,HPP,39.96,44.1,39.96,44.1,2700,KBS,2026-10-09T05:11:51Z
2023-02-01,HPP,43.35,43.35,42.37,42.37,600,KBS,2026-10-09T05:11:51Z
2023-02-02,HPP,41.46,42.59,39.2,42.52,1400,KBS,2026-10-09T05:11:51Z
2023-02-03,HPP,42.52,42.52,39.96,41.46,9500,KBS,2026-10-09T05:11:51Z
2023-02-06,HPP,41.54,41.54,40.71,41.31,500,KBS,2026-10-09T05:11:51Z
2023-02-07,HPP,41.24,41.24,41.24,41.24,200,KBS,2026-10-09T05:11:51Z
2023-02-08,HPP,39.28,40.86,38.45,40.86,1700,KBS,2026-10-09T05:11:51Z
2023-02-09,HPP,41.24,41.76,41.24,41.76,504,KBS,2026-10-09T05:11:51Z
2023-02-10,HPP,41.76,41.76,41.39,41.46,1100,KBS,2026-10-09T05:11:51Z
2023-02-13,HPP,39.96,41.39,39.96,40.94,500,KBS,2026-10-09T05:11:51Z
2023-02-14,HPP,40.56,40.56,40.56,40.56,100,KBS,2026-10-09T05:11:51Z
2023-02-15,HPP,41.01,41.01,40.63,40.71,700,KBS,2026-10-09T05:11:51Z
2023-02-16,HPP,39.8,40.71,37.47,40.48,2100,KBS,2026-10-09T05:11:51Z
2023-02-17,HPP,40.41,40.41,38.45,38.45,700,KBS,2026-10-09T05:11:51Z
2023-02-20,HPP,40.33,40.33,40.26,40.26,500,KBS,2026-10-09T05:11:51Z
2023-02-21,HPP,40.26,40.26,40.26,40.26,500,KBS,2026-10-09T05:11:51Z
2023-02-22,HPP,40.18,41.24,40.18,41.24,1000,KBS,2026-10-09T05:11:51Z
2023-02-23,HPP,40.33,40.33,40.33,40.33,400,KBS,2026-10-09T05:11:51Z
2023-03-01,HPP,38.98,40.18,38.98,40.18,200,KBS,2026-10-09T05:11:51Z
2023-03-02,HPP,40.26,40.26,40.26,40.26,100,KBS,2026-10-09T05:11:51Z
2023-03-06,HPP,40.18,40.18,39.2,39.2,3300,KBS,2026-10-09T05:11:51Z
2023-03-07,HPP,39.05,39.05,38.45,38.52,4100,KBS,2026-10-09T05:11:51Z
2023-03-08,HPP,39.65,39.65,38.52,38.52,500,KBS,2026-10-09T05:11:51Z
2023-03-09,HPP,39.2,39.2,39.2,39.2,200,KBS,2026-10-09T05:11:51Z
2023-03-10,HPP,39.5,39.5,38.75,39.35,1700,KBS,2026-10-09T05:11:51Z
2023-03-14,HPP,39.2,39.2,39.2,39.2,500,KBS,2026-10-09T05:11:51Z
2023-03-15,HPP,39.2,39.2,39.2,39.2,2700,KBS,2026-10-09T05:11:51Z
2023-03-16,HPP,39.35,39.35,38.6,39.2,1700,KBS,2026-10-09T05:11:51Z
2023-03-17,HPP,39.35,39.35,39.35,39.35,600,KBS,2026-10-09T05:11:51Z
2023-03-20,HPP,38.45,39.28,38.45,39.28,200,KBS,2026-10-09T05:11:51Z
2023-03-21,HPP,39.2,39.2,39.2,39.2,700,KBS,2026-10-09T05:11:51Z
2023-03-22,HPP,39.2,39.2,39.2,39.2,100,KBS,2026-10-09T05:11:51Z
2023-03-23,HPP,39.13,39.35,39.13,39.35,4900,KBS,2026-10-09T05:11:51Z
2023-03-24,HPP,39.2,40.63,39.2,39.2,5503,KBS,2026-10-09T05:11:51Z
2023-03-27,HPP,38.67,40.63,38.52,40.63,1800,KBS,2026-10-09T05:11:51Z
2023-03-28,HPP,40.41,40.63,39.73,40.63,3100,KBS,2026-10-09T05:11:51Z
2023-03-29,HPP,39.96,40.56,38.83,40.56,2800,KBS,2026-10-09T05:11:51Z
2023-03-30,HPP,40.56,44.48,39.88,42.82,3502,KBS,2026-10-09T05:11:51Z
2023-03-31,HPP,42.07,42.9,41.46,42.9,7900,KBS,2026-10-09T05:11:51Z
2023-04-03,HPP,42.82,42.82,41.09,41.09,201,KBS,2026-10-09T05:11:51Z
2023-04-04,HPP,42.59,42.59,41.01,42.52,1500,KBS,2026-10-09T05:11:51Z
2023-04-05,HPP,40.33,41.39,39.13,41.39,5100,KBS,2026-10-09T05:11:51Z
2023-04-06,HPP,39.65,41.84,37.77,41.84,8523,KBS,2026-10-09T05:11:51Z
2023-04-07,HPP,41.92,41.99,41.92,41.92,2002,KBS,2026-10-09T05:11:51Z
2023-04-10,HPP,40.56,43.27,40.56,41.92,7100,KBS,2026-10-09T05:11:51Z
2023-04-11,HPP,42.22,42.97,41.46,42.9,3100,KBS,2026-10-09T05:11:51Z
2023-04-12,HPP,42.9,42.9,42.74,42.74,1200,KBS,2026-10-09T05:11:51Z
2023-04-14,HPP,42.9,42.9,42.9,42.9,1004,KBS,2026-10-09T05:11:51Z
2023-04-17,HPP,42.67,42.9,42.67,42.9,6500,KBS,2026-10-09T05:11:51Z
2023-04-19,HPP,41.24,42.74,41.24,42.74,14200,KBS,2026-10-09T05:11:51Z
2023-04-20,HPP,41.24,42.74,41.24,42.67,1000,KBS,2026-10-09T05:11:51Z
2023-04-21,HPP,42.67,42.9,42.67,42.9,502,KBS,2026-10-09T05:11:51Z
2023-04-24,HPP,41.16,42.82,41.16,42.74,18500,KBS,2026-10-09T05:11:51Z
2023-04-25,HPP,40.94,42.22,40.94,42.22,200,KBS,2026-10-09T05:11:51Z
2023-04-26,HPP,41.54,42.82,40.18,42.67,601,KBS,2026-10-09T05:11:51Z
2023-04-27,HPP,42.67,42.67,40.71,42.14,1800,KBS,2026-10-09T05:11:51Z
2023-04-28,HPP,42.14,43.72,40.71,43.72,11386,KBS,2026-10-09T05:11:51Z
2023-05-04,HPP,43.57,43.57,41.39,41.39,604,KBS,2026-10-09T05:11:51Z
2023-05-05,HPP,42.14,42.14,40.78,41.99,1785,KBS,2026-10-09T05:11:51Z
2023-05-08,HPP,41.99,41.99,41.99,41.99,140,KBS,2026-10-09T05:11:51Z
2023-05-09,HPP,41.46,41.46,41.39,41.39,600,KBS,2026-10-09T05:11:51Z
2023-05-10,HPP,40.63,41.46,40.63,41.09,5957,KBS,2026-10-09T05:11:51Z
2023-05-11,HPP,40.71,41.84,40.71,40.86,2901,KBS,2026-10-09T05:11:51Z
2023-05-12,HPP,40.71,42.9,40.71,42.9,4700,KBS,2026-10-09T05:11:51Z
2023-05-15,HPP,42.22,42.22,42.22,42.22,100,KBS,2026-10-09T05:11:51Z
2023-05-16,HPP,42.59,44.4,42.59,42.97,600,KBS,2026-10-09T05:11:51Z
2023-05-18,HPP,41.69,43.72,41.61,43.72,3201,KBS,2026-10-09T05:11:51Z
2023-05-19,HPP,43.5,43.5,43.12,43.12,2200,KBS,2026-10-09T05:11:51Z
2023-05-23,HPP,41.61,41.84,41.61,41.84,800,KBS,2026-10-09T05:11:51Z
2023-05-24,HPP,41.46,43.72,41.46,43.72,1432,KBS,2026-10-09T05:11:51Z
2023-05-25,HPP,41.92,41.92,41.92,41.92,100,KBS,2026-10-09T05:11:51Z
2023-05-26,HPP,41.84,42.97,41.84,42.97,2300,KBS,2026-10-09T05:11:51Z
2023-05-29,HPP,42.14,43.72,42.14,43.72,700,KBS,2026-10-09T05:11:51Z
2023-05-30,HPP,42.9,42.9,41.46,42.9,1300,KBS,2026-10-09T05:11:51Z
2023-05-31,HPP,42.82,42.9,41.46,42.9,3300,KBS,2026-10-09T05:11:51Z
2023-06-01,HPP,41.24,41.92,40.33,41.92,7600,KBS,2026-10-09T05:11:51Z
2023-06-02,HPP,41.84,41.84,41.84,41.84,100,KBS,2026-10-09T05:11:51Z
2023-06-05,HPP,41.46,41.46,41.46,41.46,1100,KBS,2026-10-09T05:11:51Z
2023-06-06,HPP,41.39,42.14,41.39,41.76,300,KBS,2026-10-09T05:11:51Z
2023-06-07,HPP,41.76,41.76,41.39,41.46,400,KBS,2026-10-09T05:11:51Z
2023-06-08,HPP,42.22,42.29,41.09,42.29,6908,KBS,2026-10-09T05:11:51Z
2023-06-09,HPP,41.84,41.99,41.16,41.76,2100,KBS,2026-10-09T05:11:51Z
2023-06-12,HPP,41.16,41.61,41.16,41.61,1300,KBS,2026-10-09T05:11:51Z
2023-06-13,HPP,41.24,42.9,41.24,41.54,4400,KBS,2026-10-09T05:11:51Z
2023-06-14,HPP,42.14,42.14,42.14,42.14,100,KBS,2026-10-09T05:11:51Z
2023-06-16,HPP,41.16,42.14,41.16,42.07,1600,KBS,2026-10-09T05:11:51Z
2023-06-20,HPP,41.46,41.92,41.16,41.92,1100,KBS,2026-10-09T05:11:51Z
2023-06-21,HPP,41.92,42.59,41.92,42.59,4333,KBS,2026-10-09T05:11:51Z
2023-06-22,HPP,42.9,42.9,42.9,42.9,300,KBS,2026-10-09T05:11:51Z
2023-06-23,HPP,42.9,42.9,41.84,42.82,1800,KBS,2026-10-09T05:11:51Z
2023-06-26,HPP,42.97,44.18,42.97,44.18,600,KBS,2026-10-09T05:11:51Z
2023-06-27,HPP,44.18,44.18,43.72,43.72,205,KBS,2026-10-09T05:11:51Z
2023-06-28,HPP,43.72,43.72,43.27,43.27,1301,KBS,2026-10-09T05:11:51Z
2023-06-29,HPP,44.85,46.57,43.76,45.63,2700,KBS,2026-10-09T05:11:51Z
2023-06-30,HPP,45.79,45.79,43.05,45.01,700,KBS,2026-10-09T05:11:51Z
2023-07-03,HPP,43.29,44.54,42.9,44.54,800,KBS,2026-10-09T05:11:51Z
2023-07-04,HPP,44.54,44.54,42.9,44.38,600,KBS,2026-10-09T05:11:51Z
2023-07-05,HPP,44.38,44.38,44.38,44.38,100,KBS,2026-10-09T05:11:51Z
2023-07-06,HPP,42.35,44.23,42.35,44.23,200,KBS,2026-10-09T05:11:51Z
2023-07-07,HPP,44.23,44.23,44.23,44.23,100,KBS,2026-10-09T05:11:51Z
2023-07-10,HPP,42.98,43.99,42.98,43.99,300,KBS,2026-10-09T05:11:51Z
2023-07-12,HPP,43.84,43.84,42.58,43.84,1000,KBS,2026-10-09T05:11:51Z
2023-07-13,HPP,43.84,43.84,43.84,43.84,100,KBS,2026-10-09T05:11:51Z
2023-07-18,HPP,42.66,43.76,42.66,43.76,600,KBS,2026-10-09T05:11:51Z
2023-07-19,HPP,43.76,43.76,42.51,43.68,400,KBS,2026-10-09T05:11:51Z
2023-07-20,HPP,42.51,43.68,42.51,43.68,200,KBS,2026-10-09T05:11:51Z
2023-07-21,HPP,43.13,43.68,42.43,43.6,4100,KBS,2026-10-09T05:11:51Z
2023-07-24,HPP,42.74,43.29,42.66,43.29,300,KBS,2026-10-09T05:11:51Z
2023-07-25,HPP,42.66,43.29,42.58,43.29,2200,KBS,2026-10-09T05:11:51Z
2023-07-26,HPP,43.76,43.76,42.66,43.52,400,KBS,2026-10-09T05:11:51Z
2023-07-28,HPP,43.13,49.23,43.13,46.88,5801,KBS,2026-10-09T05:11:51Z
2023-07-31,HPP,46.41,47.66,46.41,47.66,1001,KBS,2026-10-09T05:11:51Z
2023-08-01,HPP,43.76,43.84,43.6,43.6,2200,KBS,2026-10-09T05:11:51Z
2023-08-02,HPP,42.98,42.98,42.98,42.98,500,KBS,2026-10-09T05:11:51Z
2023-08-03,HPP,42.98,42.98,42.27,42.27,1800,KBS,2026-10-09T05:11:51Z
2023-08-04,HPP,43.68,43.68,42.58,43.44,2415,KBS,2026-10-09T05:11:51Z
2023-08-07,HPP,43.44,43.44,43.29,43.29,5101,KBS,2026-10-09T05:11:51Z
2023-08-08,HPP,43.52,43.52,43.13,43.29,1400,KBS,2026-10-09T05:11:51Z
2023-08-09,HPP,43.76,43.76,43.76,43.76,100,KBS,2026-10-09T05:11:51Z
2023-08-10,HPP,43.76,43.76,43.76,43.76,1100,KBS,2026-10-09T05:11:51Z
2023-08-11,HPP,43.76,43.76,43.13,43.76,1600,KBS,2026-10-09T05:11:51Z
2023-08-14,HPP,43.91,43.99,43.91,43.99,1300,KBS,2026-10-09T05:11:51Z
2023-08-16,HPP,43.21,44.54,43.21,44.54,38800,KBS,2026-10-09T05:11:51Z
2023-08-17,HPP,44.85,44.85,43.76,43.76,1700,KBS,2026-10-09T05:11:51Z
2023-08-18,HPP,44.54,45.32,43.29,45.08,19300,KBS,2026-10-09T05:11:51Z
2023-08-21,HPP,45.48,45.48,43.05,45.16,600,KBS,2026-10-09T05:11:51Z
2023-08-22,HPP,45.63,45.63,42.74,44.54,1000,KBS,2026-10-09T05:11:51Z
2023-08-23,HPP,44.54,44.54,43.37,43.37,6100,KBS,2026-10-09T05:11:51Z
2023-08-24,HPP,43.37,44.15,43.37,44.15,1100,KBS,2026-10-09T05:11:51Z
2023-08-25,HPP,43.44,43.91,43.44,43.91,4200,KBS,2026-10-09T05:11:51Z
2023-08-28,HPP,43.76,43.99,43.76,43.99,27600,KBS,2026-10-09T05:11:51Z
2023-08-29,HPP,44.07,48.05,44.07,48.05,4500,KBS,2026-10-09T05:11:51Z
2023-08-30,HPP,47.59,48.44,43.84,47.9,2200,KBS,2026-10-09T05:11:51Z
2023-08-31,HPP,47.66,47.98,43.99,47.2,7204,KBS,2026-10-09T05:11:51Z
2023-09-05,HPP,47.27,47.66,47.27,47.66,1100,KBS,2026-10-09T05:11:51Z
2023-09-08,HPP,46.88,46.88,46.88,46.88,100,KBS,2026-10-09T05:11:51Z
2023-09-11,HPP,46.1,47.98,46.1,47.98,500,KBS,2026-10-09T05:11:51Z
2023-09-12,HPP,47.59,47.66,47.59,47.66,1100,KBS,2026-10-09T05:11:51Z
2023-09-14,HPP,47.27,47.27,47.27,47.27,100,KBS,2026-10-09T05:11:51Z
2023-09-15,HPP,47.66,48.05,44.69,47.59,700,KBS,2026-10-09T05:11:51Z
2023-09-18,HPP,48.37,48.37,48.37,48.37,200,KBS,2026-10-09T05:11:51Z
2023-09-19,HPP,45.32,47.66,45.32,47.66,200,KBS,2026-10-09T05:11:51Z
2023-09-20,HPP,46.41,47.66,46.41,47.66,500,KBS,2026-10-09T05:11:51Z
2023-09-21,HPP,47.66,47.66,47.66,47.66,100,KBS,2026-10-09T05:11:51Z
2023-09-22,HPP,46.1,47.59,46.1,47.59,1500,KBS,2026-10-09T05:11:51Z
2023-09-25,HPP,46.88,48.05,46.88,48.05,1500,KBS,2026-10-09T05:11:51Z
2023-09-26,HPP,45.94,46.88,43.21,46.8,4600,KBS,2026-10-09T05:11:51Z
2023-09-27,HPP,45.94,46.1,45.94,46.1,2200,KBS,2026-10-09T05:11:51Z
2023-09-28,HPP,46.88,46.88,44.3,46.49,1300,KBS,2026-10-09T05:11:51Z
2023-09-29,HPP,46.41,46.8,44.62,46.57,1100,KBS,2026-10-09T05:11:51Z
2023-10-02,HPP,46.8,46.8,46.8,46.8,100,KBS,2026-10-09T05:11:51Z
2023-10-03,HPP,44.69,46.73,43.76,46.49,1200,KBS,2026-10-09T05:11:51Z
2023-10-04,HPP,46.49,46.49,46.49,46.49,100,KBS,2026-10-09T05:11:51Z
2023-10-05,HPP,44.07,46.8,44.07,46.1,900,KBS,2026-10-09T05:11:51Z
2023-10-06,HPP,46.41,46.41,44.46,45.71,1700,KBS,2026-10-09T05:11:51Z
2023-10-09,HPP,45.71,45.71,45.71,45.71,100,KBS,2026-10-09T05:11:51Z
2023-10-10,HPP,44.85,46.1,44.54,46.1,2300,KBS,2026-10-09T05:11:51Z
2023-10-11,HPP,46.1,46.1,44.54,45.87,943,KBS,2026-10-09T05:11:51Z
2023-10-12,HPP,45.79,45.79,45.79,45.79,100,KBS,2026-10-09T05:11:51Z
2023-10-13,HPP,44.54,50.71,43.76,50.71,5200,KBS,2026-10-09T05:11:51Z
2023-10-16,HPP,46.49,46.88,46.49,46.88,300,KBS,2026-10-09T05:11:51Z
2023-10-18,HPP,44.77,46.34,44.69,46.34,500,KBS,2026-10-09T05:11:51Z
2023-10-19,HPP,45.01,46.41,44.15,44.69,1600,KBS,2026-10-09T05:11:51Z
2023-10-20,HPP,44.54,50.63,44.54,50.63,3800,KBS,2026-10-09T05:11:51Z
2023-10-23,HPP,50.63,50.63,50.63,50.63,100,KBS,2026-10-09T05:11:51Z
2023-10-26,HPP,45.16,46.65,44.23,46.26,1300,KBS,2026-10-09T05:11:51Z
2023-10-27,HPP,46.34,46.88,46.34,46.88,300,KBS,2026-10-09T05:11:51Z
2023-10-30,HPP,46.88,48.13,45.01,45.01,500,KBS,2026-10-09T05:11:51Z
2023-10-31,HPP,45.08,49.38,44.54,49.38,4500,KBS,2026-10-09T05:11:51Z
2023-11-01,HPP,44.77,44.93,44.77,44.93,217,KBS,2026-10-09T05:11:51Z
2023-11-02,HPP,47.27,47.27,47.27,47.27,100,KBS,2026-10-09T05:11:51Z
2023-11-03,HPP,46.88,46.88,46.88,46.88,147,KBS,2026-10-09T05:11:51Z
2023-11-06,HPP,46.88,46.88,46.88,46.88,17,KBS,2026-10-09T05:11:51Z
2023-11-10,HPP,45.08,46.1,45.08,46.1,200,KBS,2026-10-09T05:11:51Z
2023-11-13,HPP,46.1,46.1,46.1,46.1,290,KBS,2026-10-09T05:11:51Z
2023-11-14,HPP,47.12,47.12,47.12,47.12,101,KBS,2026-10-09T05:11:51Z
2023-11-27,HPP,45.01,47.59,45.01,47.59,400,KBS,2026-10-09T05:11:51Z
2023-11-28,HPP,47.27,47.27,44.46,46.88,300,KBS,2026-10-09T05:11:51Z
2023-11-29,HPP,46.8,46.8,46.8,46.8,100,KBS,2026-10-09T05:11:51Z
2023-11-30,HPP,45.01,49.23,45.01,49.23,4000,KBS,2026-10-09T05:11:51Z
2023-12-01,HPP,47.74,49.15,47.74,49.15,600,KBS,2026-10-09T05:11:51Z
2023-12-04,HPP,48.84,48.84,48.84,48.84,100,KBS,2026-10-09T05:11:51Z
2023-12-05,HPP,48.84,50.56,48.84,50.56,1700,KBS,2026-10-09T05:11:51Z
2023-12-06,HPP,49.46,50.16,48.44,48.44,600,KBS,2026-10-09T05:11:51Z
2023-12-13,HPP,50.4,50.4,45.94,48.76,1700,KBS,2026-10-09T05:11:51Z
2023-12-14,HPP,51.06,51.06,50.91,51.06,500,KBS,2026-10-09T05:11:51Z
2023-12-27,HPP,49.32,49.32,49.32,49.32,900,KBS,2026-10-09T05:11:51Z
2023-12-28,HPP,47.72,51.06,47.72,51.06,2100,KBS,2026-10-09T05:11:51Z
2024-01-02,HPP,50.03,51.06,50.03,51.06,500,KBS,2026-10-09T05:11:51Z
2024-01-10,HPP,47.09,49.32,47.09,49.32,500,KBS,2026-10-09T05:11:51Z
2024-01-11,HPP,49.32,49.32,49.32,49.32,100,KBS,2026-10-09T05:11:51Z
2024-01-18,HPP,46.05,48.44,45.97,48.44,2910,KBS,2026-10-09T05:11:51Z
2024-01-19,HPP,49.32,49.32,49.24,49.32,2600,KBS,2026-10-09T05:11:51Z
2024-01-23,HPP,46.93,49.4,46.93,49.4,800,KBS,2026-10-09T05:11:51Z
2024-01-24,HPP,48.52,49.4,48.52,49.4,1000,KBS,2026-10-09T05:11:51Z
2024-01-25,HPP,49.32,55.92,49.32,55.92,1400,KBS,2026-10-09T05:11:51Z
2024-01-29,HPP,47.72,50.51,47.72,50.51,200,KBS,2026-10-09T05:11:51Z
2024-01-30,HPP,50.51,50.51,50.11,50.11,200,KBS,2026-10-09T05:11:51Z
2024-01-31,HPP,47.49,49.63,47.01,49.63,8100,KBS,2026-10-09T05:11:51Z
2024-02-01,HPP,49.63,50.91,47.72,47.72,700,KBS,2026-10-09T05:11:51Z
2024-02-02,HPP,50.11,50.11,50.11,50.11,100,KBS,2026-10-09T05:11:51Z
2024-02-05,HPP,47.72,49.32,47.72,49.32,200,KBS,2026-10-09T05:11:51Z
2024-02-06,HPP,47.72,50.11,47.72,50.11,400,KBS,2026-10-09T05:11:51Z
2024-02-07,HPP,49.95,49.95,49.16,49.95,700,KBS,2026-10-09T05:11:51Z
2024-02-15,HPP,50.11,50.11,49.55,49.63,4100,KBS,2026-10-09T05:11:51Z
2024-02-16,HPP,47.72,50.91,47.72,50.91,1200,KBS,2026-10-09T05:11:51Z
2024-02-19,HPP,51.06,51.06,47.96,50.51,1800,KBS,2026-10-09T05:11:51Z
2024-02-20,HPP,50.83,50.83,50.83,50.83,100,KBS,2026-10-09T05:11:51Z
2024-02-21,HPP,47.88,49.24,47.72,49.24,68200,KBS,2026-10-09T05:11:51Z
2024-02-22,HPP,47.72,50.67,47.72,50.67,2500,KBS,2026-10-09T05:11:51Z
2024-02-23,HPP,50.67,50.67,49.87,49.87,200,KBS,2026-10-09T05:11:51Z
2024-02-27,HPP,49.63,54.88,48.52,48.52,5200,KBS,2026-10-09T05:11:51Z
2024-02-28,HPP,50.27,52.82,48.28,50.83,13000,KBS,2026-10-09T05:11:51Z
2024-02-29,HPP,51.7,52.42,48.36,52.02,3700,KBS,2026-10-09T05:11:51Z
2024-03-01,HPP,48.52,51.78,48.52,50.59,2000,KBS,2026-10-09T05:11:51Z
2024-03-04,HPP,49.79,50.91,49.32,49.32,800,KBS,2026-10-09T05:11:51Z
2024-03-05,HPP,50.19,50.19,48.52,49.47,2400,KBS,2026-10-09T05:11:51Z
2024-03-06,HPP,48.68,49.4,48.52,49.32,44500,KBS,2026-10-09T05:11:51Z
2024-03-07,HPP,48.44,48.6,47.88,48.52,3000,KBS,2026-10-09T05:11:51Z
2024-03-08,HPP,49.32,49.32,48.52,48.92,4111,KBS,2026-10-09T05:11:51Z
2024-03-11,HPP,49.32,49.32,48.52,48.92,9940,KBS,2026-10-09T05:11:51Z
2024-03-12,HPP,48.6,48.92,48.6,48.92,2937,KBS,2026-10-09T05:11:51Z
2024-03-13,HPP,48.84,50.67,48.84,50.67,1100,KBS,2026-10-09T05:11:51Z
2024-03-14,HPP,50.11,50.11,48.76,49.0,1614,KBS,2026-10-09T05:11:51Z
2024-03-15,HPP,49.0,49.95,49.0,49.95,300,KBS,2026-10-09T05:11:51Z
2024-03-18,HPP,49.87,49.87,49.87,49.87,103,KBS,2026-10-09T05:11:51Z
2024-03-19,HPP,50.75,50.75,50.75,50.75,100,KBS,2026-10-09T05:11:51Z
2024-03-20,HPP,49.32,49.32,49.32,49.32,5200,KBS,2026-10-09T05:11:51Z
2024-03-21,HPP,49.32,49.32,49.32,49.32,10000,KBS,2026-10-09T05:11:51Z
2024-03-22,HPP,49.55,49.55,49.32,49.32,6600,KBS,2026-10-09T05:11:51Z
2024-03-26,HPP,48.92,51.7,48.92,51.7,18783,KBS,2026-10-09T05:11:51Z
2024-03-27,HPP,50.91,54.09,50.91,53.69,4600,KBS,2026-10-09T05:11:51Z
2024-03-28,HPP,50.51,54.09,50.51,51.7,6105,KBS,2026-10-09T05:11:51Z
2024-03-29,HPP,53.29,53.29,53.29,53.29,105,KBS,2026-10-09T05:11:51Z
2024-04-01,HPP,51.7,51.7,50.75,50.75,3200,KBS,2026-10-09T05:11:51Z
2024-04-02,HPP,50.91,52.1,50.91,52.1,204,KBS,2026-10-09T05:11:51Z
2024-04-03,HPP,50.51,50.67,50.35,50.35,1615,KBS,2026-10-09T05:11:51Z
2024-04-04,HPP,51.3,51.7,50.35,51.54,4613,KBS,2026-10-09T05:11:51Z
2024-04-05,HPP,50.27,51.7,49.32,51.54,1514,KBS,2026-10-09T05:11:51Z
2024-04-08,HPP,51.54,51.54,50.51,50.51,1507,KBS,2026-10-09T05:11:51Z
2024-04-09,HPP,50.19,51.46,49.32,51.46,3000,KBS,2026-10-09T05:11:51Z
2024-04-10,HPP,51.22,51.3,50.83,50.83,801,KBS,2026-10-09T05:11:51Z
2024-04-11,HPP,51.22,52.89,50.11,50.11,1800,KBS,2026-10-09T05:11:51Z
2024-04-12,HPP,51.22,51.22,51.22,51.22,100,KBS,2026-10-09T05:11:51Z
2024-04-15,HPP,51.22,51.22,48.92,50.03,2300,KBS,2026-10-09T05:11:51Z
2024-04-16,HPP,50.91,50.91,49.71,49.71,1100,KBS,2026-10-09T05:11:51Z
2024-04-17,HPP,50.91,50.91,49.32,49.32,510,KBS,2026-10-09T05:11:51Z
2024-04-19,HPP,50.75,50.75,50.75,50.75,100,KBS,2026-10-09T05:11:51Z
2024-04-22,HPP,50.75,53.21,50.75,53.21,602,KBS,2026-10-09T05:11:51Z
2024-04-23,HPP,52.89,52.89,49.47,52.5,800,KBS,2026-10-09T05:11:51Z
2024-04-24,HPP,53.29,53.29,49.95,51.3,1200,KBS,2026-10-09T05:11:51Z
2024-04-25,HPP,50.83,50.83,50.83,50.83,100,KBS,2026-10-09T05:11:51Z
2024-04-26,HPP,50.67,53.29,50.67,53.29,4300,KBS,2026-10-09T05:11:51Z
2024-05-02,HPP,53.21,53.21,53.21,53.21,101,KBS,2026-10-09T05:11:51Z
2024-05-03,HPP,50.91,51.7,50.91,51.7,900,KBS,2026-10-09T05:11:51Z
2024-05-06,HPP,52.5,53.05,52.5,53.05,200,KBS,2026-10-09T05:11:51Z
2024-05-08,HPP,53.21,53.21,53.21,53.21,100,KBS,2026-10-09T05:11:51Z
2024-05-09,HPP,49.87,52.1,49.87,52.1,1300,KBS,2026-10-09T05:11:51Z
2024-05-10,HPP,52.1,53.13,52.1,53.13,1100,KBS,2026-10-09T05:11:51Z
2024-05-14,HPP,50.35,52.18,50.35,52.18,300,KBS,2026-10-09T05:11:51Z
2024-05-15,HPP,53.13,53.13,50.59,53.13,843,KBS,2026-10-09T05:11:51Z
2024-05-16,HPP,51.62,53.21,51.62,53.13,2500,KBS,2026-10-09T05:11:51Z
2024-05-17,HPP,53.29,53.29,52.1,53.29,1800,KBS,2026-10-09T05:11:51Z
2024-05-20,HPP,53.21,53.21,50.91,52.34,1903,KBS,2026-10-09T05:11:51Z
2024-05-21,HPP,51.54,53.29,51.3,53.29,3400,KBS,2026-10-09T05:11:51Z
2024-05-22,HPP,51.94,53.21,50.98,53.13,10010,KBS,2026-10-09T05:11:51Z
2024-05-23,HPP,53.29,53.29,50.98,52.02,4100,KBS,2026-10-09T05:11:51Z
2024-05-24,HPP,53.21,53.21,51.3,52.1,4200,KBS,2026-10-09T05:11:51Z
2024-05-27,HPP,52.5,53.13,52.5,52.5,1900,KBS,2026-10-09T05:11:51Z
2024-05-28,HPP,53.05,54.01,52.5,54.01,5075,KBS,2026-10-09T05:11:51Z
2024-05-29,HPP,54.8,56.47,52.5,55.68,6120,KBS,2026-10-09T05:11:51Z
2024-05-30,HPP,51.62,55.6,51.62,55.6,7897,KBS,2026-10-09T05:11:51Z
2024-05-31,HPP,51.7,58.86,51.7,56.08,10901,KBS,2026-10-09T05:11:51Z
2024-06-03,HPP,57.03,57.03,55.68,56.79,31388,KBS,2026-10-09T05:11:51Z
2024-06-04,HPP,56.08,57.27,56.0,57.27,10712,KBS,2026-10-09T05:11:51Z
2024-06-05,HPP,56.47,56.47,56.0,56.47,8612,KBS,2026-10-09T05:11:51Z
2024-06-06,HPP,56.08,56.63,56.0,56.63,8310,KBS,2026-10-09T05:11:51Z
2024-06-07,HPP,56.55,56.55,56.08,56.08,2909,KBS,2026-10-09T05:11:51Z
2024-06-10,HPP,57.27,59.34,55.68,56.87,540,KBS,2026-10-09T05:11:51Z
2024-06-13,HPP,55.84,57.27,55.84,57.27,201,KBS,2026-10-09T05:11:51Z
2024-06-14,HPP,57.19,57.19,57.19,57.19,258,KBS,2026-10-09T05:11:51Z
2024-06-18,HPP,57.19,57.19,57.19,57.19,1,KBS,2026-10-09T05:11:51Z
2024-06-19,HPP,54.17,55.68,51.7,54.01,17130,KBS,2026-10-09T05:11:51Z
2024-06-20,HPP,55.68,55.68,53.29,54.09,802,KBS,2026-10-09T05:11:51Z
2024-06-21,HPP,56.08,56.08,54.09,55.68,10730,KBS,2026-10-09T05:11:51Z
2024-06-24,HPP,55.04,56.47,55.04,56.47,608,KBS,2026-10-09T05:11:51Z
2024-06-25,HPP,54.72,56.08,54.72,56.08,7700,KBS,2026-10-09T05:11:51Z
2024-06-26,HPP,49.32,56.47,49.32,55.52,11600,KBS,2026-10-09T05:11:51Z
2024-06-27,HPP,55.52,56.87,55.2,56.47,16100,KBS,2026-10-09T05:11:51Z
2024-06-28,HPP,52.5,57.27,52.5,57.27,2213,KBS,2026-10-09T05:11:51Z
2024-07-01,HPP,52.58,56.47,52.58,56.47,3200,KBS,2026-10-09T05:11:51Z
2024-07-02,HPP,56.0,56.08,55.92,55.92,3000,KBS,2026-10-09T05:11:51Z
2024-07-03,HPP,56.08,56.08,55.6,56.08,4200,KBS,2026-10-09T05:11:51Z
2024-07-04,HPP,56.08,57.03,54.96,56.79,1300,KBS,2026-10-09T05:11:51Z
2024-07-05,HPP,57.27,58.06,55.68,57.27,15709,KBS,2026-10-09T05:11:51Z
2024-07-08,HPP,57.27,57.43,56.63,57.11,18333,KBS,2026-10-09T05:11:51Z
2024-07-09,HPP,58.87,59.69,57.24,58.87,2700,KBS,2026-10-09T05:11:51Z
2024-07-10,HPP,59.03,61.32,58.22,59.69,11400,KBS,2026-10-09T05:11:51Z
2024-07-11,HPP,59.28,59.61,58.13,59.2,4000,KBS,2026-10-09T05:11:51Z
2024-07-15,HPP,58.05,58.79,57.81,58.79,1500,KBS,2026-10-09T05:11:51Z
2024-07-16,HPP,58.71,58.71,58.22,58.22,1351,KBS,2026-10-09T05:11:51Z
2024-07-17,HPP,59.52,59.52,59.52,59.52,100,KBS,2026-10-09T05:11:51Z
2024-07-19,HPP,59.69,60.1,57.89,58.62,2151,KBS,2026-10-09T05:11:51Z
2024-07-22,HPP,59.93,60.1,57.32,58.62,2100,KBS,2026-10-09T05:11:51Z
2024-07-23,HPP,58.13,58.46,58.13,58.13,300,KBS,2026-10-09T05:11:51Z
2024-07-24,HPP,59.12,59.12,57.24,58.3,7900,KBS,2026-10-09T05:11:51Z
2024-07-25,HPP,59.61,59.61,58.46,58.46,702,KBS,2026-10-09T05:11:51Z
2024-07-26,HPP,57.89,58.87,57.24,58.87,9400,KBS,2026-10-09T05:11:51Z
2024-07-29,HPP,58.79,58.79,58.46,58.46,301,KBS,2026-10-09T05:11:51Z
2024-07-30,HPP,58.05,58.71,57.4,58.71,2400,KBS,2026-10-09T05:11:51Z
2024-07-31,HPP,58.87,60.51,58.46,59.69,8300,KBS,2026-10-09T05:11:51Z
2024-08-01,HPP,58.05,59.44,57.24,59.44,2201,KBS,2026-10-09T05:11:51Z
2024-08-02,HPP,57.4,58.87,57.24,57.64,17716,KBS,2026-10-09T05:11:51Z
2024-08-05,HPP,58.54,58.54,57.24,57.24,1700,KBS,2026-10-09T05:11:51Z
2024-08-06,HPP,57.24,57.24,56.42,57.24,9300,KBS,2026-10-09T05:11:51Z
2024-08-07,HPP,56.42,57.24,56.42,57.24,1400,KBS,2026-10-09T05:11:51Z
2024-08-08,HPP,57.97,57.97,57.24,57.24,2200,KBS,2026-10-09T05:11:51Z
2024-08-09,HPP,57.64,61.0,57.24,61.0,7300,KBS,2026-10-09T05:11:51Z
2024-08-12,HPP,59.44,59.44,57.64,59.03,1500,KBS,2026-10-09T05:11:51Z
2024-08-13,HPP,58.05,58.87,58.05,58.87,2700,KBS,2026-10-09T05:11:51Z
2024-08-14,HPP,58.79,58.79,58.38,58.38,800,KBS,2026-10-09T05:11:51Z
2024-08-15,HPP,58.87,66.23,58.05,58.54,5500,KBS,2026-10-09T05:11:51Z
2024-08-16,HPP,58.05,59.61,58.05,59.61,4100,KBS,2026-10-09T05:11:51Z
2024-08-19,HPP,57.48,58.87,57.48,58.87,900,KBS,2026-10-09T05:11:51Z
2024-08-20,HPP,59.28,59.28,56.42,58.79,4700,KBS,2026-10-09T05:11:51Z
2024-08-21,HPP,58.87,58.87,57.24,58.22,3170,KBS,2026-10-09T05:11:51Z
2024-08-22,HPP,58.46,58.46,57.24,58.3,2476,KBS,2026-10-09T05:11:51Z
2024-08-23,HPP,58.38,59.28,58.38,59.28,2300,KBS,2026-10-09T05:11:51Z
2024-08-26,HPP,59.28,59.28,57.24,58.79,4600,KBS,2026-10-09T05:11:51Z
2024-08-27,HPP,58.62,59.12,57.64,59.12,5400,KBS,2026-10-09T05:11:51Z
2024-08-28,HPP,58.87,59.2,58.87,59.2,500,KBS,2026-10-09T05:11:51Z
2024-08-29,HPP,59.2,59.2,58.79,59.12,2500,KBS,2026-10-09T05:11:51Z
2024-08-30,HPP,59.2,63.78,59.2,60.59,3200,KBS,2026-10-09T05:11:51Z
2024-09-04,HPP,58.79,58.79,58.79,58.79,4507,KBS,2026-10-09T05:11:51Z
2024-09-05,HPP,58.79,65.41,58.79,65.41,2201,KBS,2026-10-09T05:11:51Z
2024-09-06,HPP,61.32,63.78,60.91,60.91,2300,KBS,2026-10-09T05:11:51Z
2024-09-10,HPP,59.28,62.96,58.87,61.32,7301,KBS,2026-10-09T05:11:51Z
2024-09-11,HPP,62.55,62.55,58.87,59.61,3400,KBS,2026-10-09T05:11:51Z
2024-09-12,HPP,60.34,60.34,60.26,60.34,4100,KBS,2026-10-09T05:11:51Z
2024-09-16,HPP,58.79,59.69,58.71,59.69,1400,KBS,2026-10-09T05:11:51Z
2024-09-17,HPP,59.69,62.14,59.69,62.14,300,KBS,2026-10-09T05:11:51Z
2024-09-18,HPP,60.26,61.24,60.26,61.24,286,KBS,2026-10-09T05:11:51Z
2024-09-20,HPP,59.69,60.51,58.87,60.51,600,KBS,2026-10-09T05:11:51Z
2024-09-23,HPP,61.32,61.73,61.32,61.73,428,KBS,2026-10-09T05:11:51Z
2024-09-26,HPP,58.87,60.91,58.87,60.83,1008,KBS,2026-10-09T05:11:51Z
2024-09-27,HPP,60.83,60.83,60.83,60.83,100,KBS,2026-10-09T05:11:51Z
2024-09-30,HPP,61.32,61.32,61.32,61.32,100,KBS,2026-10-09T05:11:51Z
2024-10-03,HPP,58.87,60.91,58.87,60.91,5600,KBS,2026-10-09T05:11:51Z
2024-10-04,HPP,60.83,60.83,60.83,60.83,100,KBS,2026-10-09T05:11:51Z
2024-10-08,HPP,58.87,60.91,58.87,60.91,710,KBS,2026-10-09T05:11:51Z
2024-10-09,HPP,61.32,61.32,59.28,60.51,5200,KBS,2026-10-09T05:11:51Z
2024-10-10,HPP,60.42,60.42,59.28,60.42,2600,KBS,2026-10-09T05:11:51Z
2024-10-11,HPP,61.16,61.16,60.42,60.42,302,KBS,2026-10-09T05:11:51Z
2024-10-14,HPP,60.51,60.75,60.51,60.51,3500,KBS,2026-10-09T05:11:51Z
2024-10-15,HPP,60.51,60.59,60.51,60.51,12300,KBS,2026-10-09T05:11:51Z
2024-10-16,HPP,60.91,63.61,60.51,62.39,400,KBS,2026-10-09T05:11:51Z
2024-10-21,HPP,59.69,62.06,58.87,60.83,3302,KBS,2026-10-09T05:11:51Z
2024-10-22,HPP,60.42,60.42,60.42,60.42,100,KBS,2026-10-09T05:11:51Z
2024-10-23,HPP,60.42,61.24,60.34,61.24,800,KBS,2026-10-09T05:11:51Z
2024-10-24,HPP,62.14,62.14,58.05,58.05,7402,KBS,2026-10-09T05:11:51Z
2024-10-25,HPP,58.54,60.51,58.54,60.34,2100,KBS,2026-10-09T05:11:51Z
2024-10-28,HPP,60.75,60.83,60.75,60.75,3100,KBS,2026-10-09T05:11:51Z
2024-10-29,HPP,60.67,62.14,60.59,61.81,14900,KBS,2026-10-09T05:11:51Z
2024-10-30,HPP,61.65,62.63,61.65,62.63,4613,KBS,2026-10-09T05:11:51Z
2024-10-31,HPP,62.63,67.05,62.39,67.05,11718,KBS,2026-10-09T05:11:51Z
2024-11-04,HPP,66.23,66.23,66.23,66.23,100,KBS,2026-10-09T05:11:51Z
2024-11-06,HPP,60.91,63.86,60.91,63.86,600,KBS,2026-10-09T05:11:51Z
2024-11-07,HPP,63.78,63.86,63.78,63.86,202,KBS,2026-10-09T05:11:51Z
2024-11-08,HPP,61.4,63.86,61.32,63.78,5916,KBS,2026-10-09T05:11:51Z
2024-11-11,HPP,65.82,65.82,65.82,65.82,201,KBS,2026-10-09T05:11:51Z
2024-11-12,HPP,63.37,63.78,63.37,63.78,1000,KBS,2026-10-09T05:11:51Z
2024-11-15,HPP,65.33,65.33,61.4,64.84,15902,KBS,2026-10-09T05:11:51Z
2024-11-18,HPP,65.41,65.82,65.41,65.82,201,KBS,2026-10-09T05:11:51Z
2024-11-19,HPP,61.4,62.14,60.51,60.51,5900,KBS,2026-10-09T05:11:51Z
2024-11-20,HPP,61.98,61.98,61.98,61.98,100,KBS,2026-10-09T05:11:51Z
2024-11-21,HPP,60.91,61.32,60.91,61.32,2002,KBS,2026-10-09T05:11:51Z
2024-11-22,HPP,61.24,63.78,61.24,63.78,3334,KBS,2026-10-09T05:11:51Z
2024-11-25,HPP,63.78,63.78,63.78,63.78,100,KBS,2026-10-09T05:11:51Z
2024-11-27,HPP,60.67,63.61,60.67,63.61,1100,KBS,2026-10-09T05:11:51Z
2024-11-28,HPP,63.45,63.78,63.45,63.78,200,KBS,2026-10-09T05:11:51Z
2024-11-29,HPP,63.37,73.1,63.37,73.1,15300,KBS,2026-10-09T05:11:51Z
2024-12-02,HPP,65.33,65.33,65.33,65.33,100,KBS,2026-10-09T05:11:51Z
2024-12-03,HPP,65.33,65.33,65.33,65.33,4,KBS,2026-10-09T05:11:51Z
2024-12-04,HPP,62.3,65.33,62.14,65.33,53005,KBS,2026-10-09T05:11:51Z
2024-12-05,HPP,65.41,65.82,65.41,65.82,200,KBS,2026-10-09T05:11:51Z
2024-12-09,HPP,62.14,64.59,62.14,64.59,2503,KBS,2026-10-09T05:11:51Z
2024-12-10,HPP,64.51,64.51,64.51,64.51,134,KBS,2026-10-09T05:11:51Z
2024-12-11,HPP,62.22,64.59,61.32,64.51,400,KBS,2026-10-09T05:11:51Z
2024-12-12,HPP,64.18,64.18,64.18,64.18,100,KBS,2026-10-09T05:11:51Z
2024-12-13,HPP,64.18,65.41,64.18,65.41,300,KBS,2026-10-09T05:11:51Z
2024-12-16,HPP,64.98,64.98,64.98,64.98,100,KBS,2026-10-09T05:11:51Z
2024-12-17,HPP,64.98,66.22,64.98,64.98,3100,KBS,2026-10-09T05:11:51Z
2024-12-18,HPP,63.73,64.56,63.73,64.48,11231,KBS,2026-10-09T05:11:51Z
2024-12-19,HPP,63.73,64.56,61.66,64.56,6816,KBS,2026-10-09T05:11:51Z
2024-12-20,HPP,65.72,65.72,62.16,65.39,1400,KBS,2026-10-09T05:11:51Z
2024-12-23,HPP,65.31,65.72,65.31,65.64,500,KBS,2026-10-09T05:11:51Z
2024-12-24,HPP,65.64,65.72,65.64,65.72,305,KBS,2026-10-09T05:11:51Z
2024-12-25,HPP,63.73,72.84,63.73,72.84,4800,KBS,2026-10-09T05:11:51Z
2024-12-26,HPP,69.44,69.44,69.44,69.44,2000,KBS,2026-10-09T05:11:51Z
2024-12-27,HPP,68.7,71.18,68.7,71.18,1502,KBS,2026-10-09T05:11:51Z
2024-12-31,HPP,70.36,76.15,69.69,76.15,25000,KBS,2026-10-09T05:11:51Z
2025-01-02,HPP,70.36,71.18,70.36,71.18,1011,KBS,2026-10-09T05:11:51Z
2025-01-03,HPP,66.22,70.27,66.22,70.27,8801,KBS,2026-10-09T05:11:51Z
2025-01-06,HPP,70.36,70.36,70.36,70.36,100,KBS,2026-10-09T05:11:51Z
2025-01-07,HPP,71.18,77.81,67.04,69.53,10401,KBS,2026-10-09T05:11:51Z
2025-01-08,HPP,71.18,71.18,66.22,69.53,1900,KBS,2026-10-09T05:11:51Z
2025-01-09,HPP,71.18,71.18,69.11,69.44,1101,KBS,2026-10-09T05:11:51Z
2025-01-10,HPP,69.44,69.44,69.44,69.44,2900,KBS,2026-10-09T05:11:51Z
2025-01-13,HPP,69.44,69.44,69.44,69.44,200,KBS,2026-10-09T05:11:51Z
2025-01-14,HPP,67.04,69.44,67.04,69.44,4500,KBS,2026-10-09T05:11:51Z
2025-01-15,HPP,69.53,69.53,69.53,69.53,100,KBS,2026-10-09T05:11:51Z
2025-01-16,HPP,69.44,69.44,67.04,69.36,401,KBS,2026-10-09T05:11:51Z
2025-01-17,HPP,68.29,70.19,67.46,69.44,1800,KBS,2026-10-09T05:11:51Z
2025-01-20,HPP,70.36,71.18,67.46,70.11,1200,KBS,2026-10-09T05:11:51Z
2025-01-21,HPP,70.19,70.19,70.19,70.19,100,KBS,2026-10-09T05:11:51Z
2025-01-22,HPP,68.7,69.44,68.7,68.7,7401,KBS,2026-10-09T05:11:51Z
2025-01-23,HPP,71.18,78.63,71.18,72.84,1700,KBS,2026-10-09T05:11:51Z
2025-01-24,HPP,69.11,71.18,68.7,71.18,3105,KBS,2026-10-09T05:11:51Z
2025-02-03,HPP,76.07,76.07,76.07,76.07,100,KBS,2026-10-09T05:11:51Z
2025-02-04,HPP,72.76,73.25,72.76,73.17,1100,KBS,2026-10-09T05:11:51Z
2025-02-05,HPP,73.0,73.0,67.29,72.01,2600,KBS,2026-10-09T05:11:51Z
2025-02-06,HPP,68.7,70.85,68.7,70.85,212,KBS,2026-10-09T05:11:51Z
2025-02-07,HPP,71.02,71.02,71.02,71.02,100,KBS,2026-10-09T05:11:51Z
2025-02-10,HPP,74.49,74.49,74.49,74.49,101,KBS,2026-10-09T05:11:51Z
2025-02-11,HPP,74.49,76.07,68.78,73.0,2000,KBS,2026-10-09T05:11:51Z
2025-02-12,HPP,69.11,71.93,69.11,71.93,200,KBS,2026-10-09T05:11:51Z
2025-02-13,HPP,69.53,71.93,68.7,71.93,1200,KBS,2026-10-09T05:11:51Z
2025-02-14,HPP,69.53,71.6,69.53,69.61,1300,KBS,2026-10-09T05:11:51Z
2025-02-17,HPP,69.61,69.61,68.7,69.53,5400,KBS,2026-10-09T05:11:51Z
2025-02-18,HPP,73.67,73.67,70.36,72.01,700,KBS,2026-10-09T05:11:51Z
2025-02-19,HPP,73.25,73.67,67.04,71.35,900,KBS,2026-10-09T05:11:51Z
2025-02-20,HPP,68.7,70.36,68.04,70.36,33800,KBS,2026-10-09T05:11:51Z
2025-02-21,HPP,71.1,71.18,70.36,71.02,5701,KBS,2026-10-09T05:11:51Z
2025-02-24,HPP,70.36,73.67,70.36,71.85,1200,KBS,2026-10-09T05:11:51Z
2025-02-25,HPP,70.36,71.85,69.61,71.85,900,KBS,2026-10-09T05:11:51Z
2025-02-26,HPP,69.36,71.85,69.36,71.85,304,KBS,2026-10-09T05:11:51Z
2025-02-27,HPP,70.77,70.77,70.77,70.77,2300,KBS,2026-10-09T05:11:51Z
2025-02-28,HPP,72.34,72.34,72.34,72.34,100,KBS,2026-10-09T05:11:51Z
2025-03-03,HPP,71.18,71.18,71.18,71.18,700,KBS,2026-10-09T05:11:51Z
2025-03-04,HPP,71.18,71.18,71.18,71.18,500,KBS,2026-10-09T05:11:51Z
2025-03-05,HPP,71.18,71.18,71.18,71.18,1002,KBS,2026-10-09T05:11:51Z
2025-03-06,HPP,71.18,71.18,71.18,71.18,300,KBS,2026-10-09T05:11:51Z
2025-03-07,HPP,71.6,71.68,71.6,71.68,600,KBS,2026-10-09T05:11:51Z
2025-03-10,HPP,71.6,71.6,71.6,71.6,100,KBS,2026-10-09T05:11:51Z
2025-03-12,HPP,71.51,74.08,71.18,72.01,8900,KBS,2026-10-09T05:11:51Z
2025-03-13,HPP,72.42,72.42,71.18,72.42,300,KBS,2026-10-09T05:11:51Z
2025-03-14,HPP,73.5,73.5,72.84,72.84,600,KBS,2026-10-09T05:11:51Z
2025-03-17,HPP,72.76,73.17,70.36,73.17,4400,KBS,2026-10-09T05:11:51Z
2025-03-18,HPP,71.18,80.12,71.18,80.12,9000,KBS,2026-10-09T05:11:51Z
2025-03-19,HPP,74.49,80.2,74.49,80.2,581,KBS,2026-10-09T05:11:51Z
2025-03-20,HPP,73.25,79.46,73.25,79.46,8902,KBS,2026-10-09T05:11:51Z
2025-03-21,HPP,77.81,77.81,72.84,73.75,2169,KBS,2026-10-09T05:11:51Z
2025-03-24,HPP,77.81,77.81,73.67,76.98,622,KBS,2026-10-09T05:11:51Z
2025-03-25,HPP,72.09,74.49,72.09,74.49,201,KBS,2026-10-09T05:11:51Z
2025-03-26,HPP,76.56,76.56,76.56,76.56,124,KBS,2026-10-09T05:11:51Z
2025-03-27,HPP,78.63,78.63,72.84,73.67,900,KBS,2026-10-09T05:11:51Z
2025-03-28,HPP,72.01,74.49,72.01,74.41,1402,KBS,2026-10-09T05:11:51Z
2025-03-31,HPP,74.49,75.32,74.49,74.49,4600,KBS,2026-10-09T05:11:51Z
2025-04-01,HPP,70.44,73.67,70.36,73.42,3300,KBS,2026-10-09T05:11:51Z
2025-04-02,HPP,74.49,74.49,74.49,74.49,421,KBS,2026-10-09T05:11:51Z
2025-04-04,HPP,66.22,71.93,66.22,71.93,1100,KBS,2026-10-09T05:11:51Z
2025-04-08,HPP,61.5,61.66,60.75,60.75,12721,KBS,2026-10-09T05:11:51Z
2025-04-09,HPP,66.22,66.22,62.91,66.13,600,KBS,2026-10-09T05:11:51Z
2025-04-10,HPP,75.32,75.32,66.22,67.87,11000,KBS,2026-10-09T05:11:51Z
2025-04-11,HPP,70.36,70.36,64.56,68.54,4601,KBS,2026-10-09T05:11:51Z
2025-04-14,HPP,67.62,73.67,67.54,68.7,2901,KBS,2026-10-09T05:11:51Z
2025-04-15,HPP,65.14,68.04,65.14,68.04,200,KBS,2026-10-09T05:11:51Z
2025-04-16,HPP,71.1,71.1,66.22,66.22,1500,KBS,2026-10-09T05:11:51Z
2025-04-17,HPP,66.3,67.13,66.3,67.04,1700,KBS,2026-10-09T05:11:51Z
2025-04-18,HPP,70.36,70.36,65.39,66.88,2105,KBS,2026-10-09T05:11:51Z
2025-04-21,HPP,62.58,62.66,62.08,62.66,3339,KBS,2026-10-09T05:11:51Z
2025-04-22,HPP,65.64,65.64,62.33,64.56,36700,KBS,2026-10-09T05:11:51Z
2025-04-23,HPP,62.58,66.22,62.58,66.22,21703,KBS,2026-10-09T05:11:51Z
2025-04-24,HPP,66.22,70.36,66.22,66.22,4100,KBS,2026-10-09T05:11:51Z
2025-04-25,HPP,70.03,70.19,65.8,69.28,1628,KBS,2026-10-09T05:11:51Z
2025-04-28,HPP,68.7,68.7,68.7,68.7,31,KBS,2026-10-09T05:11:51Z
2025-04-29,HPP,68.62,70.27,67.96,70.27,6700,KBS,2026-10-09T05:11:51Z
2025-05-07,HPP,72.67,72.67,70.27,70.27,300,KBS,2026-10-09T05:11:51Z
2025-05-08,HPP,68.7,68.7,67.04,68.54,1200,KBS,2026-10-09T05:11:51Z
2025-05-09,HPP,72.59,72.59,72.59,72.59,100,KBS,2026-10-09T05:11:51Z
2025-05-12,HPP,65.72,68.29,61.75,68.12,7700,KBS,2026-10-09T05:11:51Z
2025-05-13,HPP,68.2,68.2,68.2,68.2,100,KBS,2026-10-09T05:11:51Z
2025-05-14,HPP,69.78,69.78,69.78,69.78,200,KBS,2026-10-09T05:11:51Z
2025-05-15,HPP,66.13,66.13,64.56,64.56,2200,KBS,2026-10-09T05:11:51Z
2025-05-16,HPP,70.36,70.36,65.39,66.05,1600,KBS,2026-10-09T05:11:51Z
2025-05-19,HPP,66.55,68.54,66.55,67.87,4200,KBS,2026-10-09T05:11:51Z
2025-05-20,HPP,62.49,67.79,58.02,65.8,1400,KBS,2026-10-09T05:11:51Z
2025-05-21,HPP,68.29,68.29,67.04,67.79,600,KBS,2026-10-09T05:11:51Z
2025-05-22,HPP,67.13,67.13,67.13,67.13,100,KBS,2026-10-09T05:11:51Z
2025-05-23,HPP,68.7,68.7,64.56,64.56,300,KBS,2026-10-09T05:11:51Z
2025-05-26,HPP,64.98,65.22,64.81,65.22,1200,KBS,2026-10-09T05:11:51Z
2025-05-27,HPP,66.46,66.46,65.22,65.8,900,KBS,2026-10-09T05:11:51Z
2025-05-28,HPP,65.06,65.89,65.06,65.89,600,KBS,2026-10-09T05:11:51Z
2025-05-29,HPP,65.56,65.97,65.56,65.97,2400,KBS,2026-10-09T05:11:51Z
2025-05-30,HPP,70.36,70.36,66.13,70.19,2900,KBS,2026-10-09T05:11:51Z
2025-06-02,HPP,69.11,69.11,67.13,67.71,1400,KBS,2026-10-09T05:11:51Z
2025-06-03,HPP,67.04,69.94,67.04,68.7,400,KBS,2026-10-09T05:11:51Z
2025-06-04,HPP,68.2,71.34,68.2,71.34,300,KBS,2026-10-09T05:11:51Z
2025-06-05,HPP,69.22,69.22,69.22,69.22,900,KBS,2026-10-09T05:11:51Z
2025-06-06,HPP,67.95,69.14,67.86,69.14,800,KBS,2026-10-09T05:11:51Z
2025-06-09,HPP,68.03,68.03,65.91,67.69,7300,KBS,2026-10-09T05:11:51Z
2025-06-10,HPP,69.48,69.48,66.17,69.14,3400,KBS,2026-10-09T05:11:51Z
2025-06-11,HPP,69.56,69.56,69.56,69.56,100,KBS,2026-10-09T05:11:51Z
2025-06-12,HPP,65.91,66.34,65.91,66.34,6100,KBS,2026-10-09T05:11:51Z
2025-06-13,HPP,68.8,68.8,68.8,68.8,200,KBS,2026-10-09T05:11:51Z
2025-06-16,HPP,66.25,66.34,66.25,66.34,200,KBS,2026-10-09T05:11:51Z
2025-06-17,HPP,66.42,66.59,66.42,66.59,1300,KBS,2026-10-09T05:11:51Z
2025-06-18,HPP,67.53,67.53,66.34,67.02,5800,KBS,2026-10-09T05:11:51Z
2025-06-19,HPP,67.02,69.48,67.02,69.48,500,KBS,2026-10-09T05:11:51Z
2025-06-20,HPP,68.97,68.97,68.97,68.97,200,KBS,2026-10-09T05:11:51Z
2025-06-23,HPP,64.9,67.02,64.47,66.85,5900,KBS,2026-10-09T05:11:51Z
2025-06-24,HPP,67.78,67.78,67.78,67.78,100,KBS,2026-10-09T05:11:51Z
2025-06-27,HPP,67.78,67.86,65.83,66.17,5100,KBS,2026-10-09T05:11:51Z
2025-06-30,HPP,67.44,73.8,67.44,73.8,21200,KBS,2026-10-09T05:11:51Z
2025-07-01,HPP,72.11,72.11,67.02,68.29,5000,KBS,2026-10-09T05:11:51Z
2025-07-02,HPP,67.02,67.61,67.02,67.61,1200,KBS,2026-10-09T05:11:51Z
2025-07-03,HPP,67.19,69.56,67.19,69.56,2300,KBS,2026-10-09T05:11:51Z
2025-07-04,HPP,68.54,68.54,66.59,67.86,2600,KBS,2026-10-09T05:11:51Z
2025-07-07,HPP,67.1,67.69,67.1,67.69,1700,KBS,2026-10-09T05:11:51Z
2025-07-08,HPP,67.19,72.11,67.1,68.71,2300,KBS,2026-10-09T05:11:51Z
2025-07-09,HPP,67.19,67.19,67.19,67.19,1000,KBS,2026-10-09T05:11:51Z
2025-07-10,HPP,70.32,70.32,66.42,67.19,3500,KBS,2026-10-09T05:11:51Z
2025-07-11,HPP,68.54,69.05,68.54,69.05,800,KBS,2026-10-09T05:11:51Z
2025-07-15,HPP,67.02,67.86,64.13,64.13,14300,KBS,2026-10-09T05:11:51Z
2025-07-16,HPP,67.86,69.98,67.86,69.98,200,KBS,2026-10-09T05:11:51Z
2025-07-17,HPP,67.86,68.29,67.02,68.29,300,KBS,2026-10-09T05:11:51Z
2025-07-18,HPP,66.34,67.69,66.34,67.69,300,KBS,2026-10-09T05:11:51Z
2025-07-21,HPP,68.29,68.29,68.29,68.29,100,KBS,2026-10-09T05:11:51Z
2025-07-22,HPP,66.17,67.44,66.17,67.44,300,KBS,2026-10-09T05:11:51Z
2025-07-23,HPP,66.59,66.85,66.42,66.85,2200,KBS,2026-10-09T05:11:51Z
2025-07-24,HPP,66.42,66.85,66.42,66.85,5300,KBS,2026-10-09T05:11:51Z
2025-07-25,HPP,64.64,66.76,64.47,66.51,4900,KBS,2026-10-09T05:11:51Z
2025-07-28,HPP,65.32,66.85,65.15,66.85,2100,KBS,2026-10-09T05:11:51Z
2025-07-29,HPP,67.02,67.02,65.32,66.76,6300,KBS,2026-10-09T05:11:51Z
2025-07-30,HPP,67.02,67.86,67.02,67.86,200,KBS,2026-10-09T05:11:51Z
2025-08-05,HPP,65.74,66.59,64.47,66.42,6600,KBS,2026-10-09T05:11:51Z
2025-08-06,HPP,66.59,67.69,66.42,67.1,500,KBS,2026-10-09T05:11:51Z
2025-08-08,HPP,66.85,67.02,66.85,67.02,500,KBS,2026-10-09T05:11:51Z
2025-08-11,HPP,66.93,66.93,65.66,65.66,1500,KBS,2026-10-09T05:11:51Z
2025-08-12,HPP,66.17,67.02,66.08,67.02,6400,KBS,2026-10-09T05:11:51Z
2025-08-13,HPP,67.86,67.86,67.53,67.53,1100,KBS,2026-10-09T05:11:51Z
2025-08-14,HPP,65.91,67.36,65.32,67.36,1100,KBS,2026-10-09T05:11:51Z
2025-08-15,HPP,67.19,67.19,65.4,66.08,5400,KBS,2026-10-09T05:11:51Z
2025-08-18,HPP,67.02,67.02,67.02,67.02,200,KBS,2026-10-09T05:11:51Z
2025-08-20,HPP,65.49,66.85,65.32,66.17,1300,KBS,2026-10-09T05:11:51Z
2025-08-21,HPP,66.17,66.17,66.08,66.08,1800,KBS,2026-10-09T05:11:51Z
2025-08-22,HPP,66.76,66.76,65.4,66.34,700,KBS,2026-10-09T05:11:51Z
2025-08-25,HPP,66.42,66.42,65.57,66.42,500,KBS,2026-10-09T05:11:51Z
2025-08-26,HPP,66.59,66.59,66.59,66.59,100,KBS,2026-10-09T05:11:51Z
2025-08-27,HPP,65.57,66.59,65.32,66.59,1500,KBS,2026-10-09T05:11:51Z
2025-08-28,HPP,66.34,66.34,65.66,66.25,700,KBS,2026-10-09T05:11:51Z
2025-08-29,HPP,66.25,67.61,65.83,67.61,2600,KBS,2026-10-09T05:11:51Z
2025-09-03,HPP,67.36,67.36,67.02,67.27,600,KBS,2026-10-09T05:11:51Z
2025-09-04,HPP,65.32,69.48,65.32,66.34,2200,KBS,2026-10-09T05:11:51Z
2025-09-09,HPP,66.85,68.37,66.85,67.02,900,KBS,2026-10-09T05:11:51Z
2025-09-10,HPP,68.29,68.29,68.29,68.29,100,KBS,2026-10-09T05:11:51Z
2025-09-11,HPP,66.51,67.53,66.51,67.53,1000,KBS,2026-10-09T05:11:51Z
2025-09-12,HPP,68.63,68.63,68.63,68.63,100,KBS,2026-10-09T05:11:51Z
2025-09-15,HPP,66.85,67.61,66.25,67.44,4100,KBS,2026-10-09T05:11:51Z
2025-09-16,HPP,66.25,67.19,66.25,67.19,700,KBS,2026-10-09T05:11:51Z
2025-09-17,HPP,67.78,67.78,67.53,67.53,300,KBS,2026-10-09T05:11:51Z
2025-09-18,HPP,66.51,67.61,66.42,67.61,1100,KBS,2026-10-09T05:11:51Z
2025-09-19,HPP,68.46,68.46,66.25,67.1,1200,KBS,2026-10-09T05:11:51Z
2025-09-22,HPP,66.85,67.86,66.85,67.53,51400,KBS,2026-10-09T05:11:51Z
2025-09-23,HPP,66.51,68.97,66.51,68.97,200,KBS,2026-10-09T05:11:51Z
2025-09-24,HPP,67.02,67.02,67.02,67.02,6500,KBS,2026-10-09T05:11:51Z
2025-09-25,HPP,67.1,67.44,67.1,67.44,500,KBS,2026-10-09T05:11:51Z
2025-09-26,HPP,67.44,68.63,67.44,68.63,1100,KBS,2026-10-09T05:11:51Z
2025-09-29,HPP,68.37,68.37,68.37,68.37,600,KBS,2026-10-09T05:11:51Z
2025-09-30,HPP,68.54,69.98,67.86,69.98,7400,KBS,2026-10-09T05:11:51Z
2025-10-01,HPP,66.85,68.29,66.85,68.29,1800,KBS,2026-10-09T05:11:51Z
2025-10-02,HPP,66.93,66.93,66.93,66.93,200,KBS,2026-10-09T05:11:51Z
2025-10-03,HPP,68.03,68.03,67.02,67.95,400,KBS,2026-10-09T05:11:51Z
2025-10-06,HPP,66.59,67.78,66.59,67.78,700,KBS,2026-10-09T05:11:51Z
2025-10-07,HPP,68.12,68.12,68.12,68.12,100,KBS,2026-10-09T05:11:51Z
2025-10-08,HPP,67.86,67.86,67.86,67.86,1000,KBS,2026-10-09T05:11:51Z
2025-10-10,HPP,66.93,67.44,66.51,67.44,4100,KBS,2026-10-09T05:11:51Z
2025-10-13,HPP,66.68,67.86,66.68,67.86,500,KBS,2026-10-09T05:11:51Z
2025-10-14,HPP,69.31,69.31,66.85,66.85,200,KBS,2026-10-09T05:11:51Z
2025-10-15,HPP,67.02,67.02,66.85,66.85,200,KBS,2026-10-09T05:11:51Z
2025-10-16,HPP,66.93,66.93,66.93,66.93,300,KBS,2026-10-09T05:11:51Z
2025-10-17,HPP,67.53,67.61,66.68,67.61,400,KBS,2026-10-09T05:11:51Z
2025-10-20,HPP,67.53,68.2,67.53,68.2,1200,KBS,2026-10-09T05:11:51Z
2025-10-21,HPP,66.25,67.44,66.25,67.44,300,KBS,2026-10-09T05:11:51Z
2025-10-22,HPP,67.44,67.44,67.44,67.44,100,KBS,2026-10-09T05:11:51Z
2025-10-24,HPP,67.02,67.44,67.02,67.44,300,KBS,2026-10-09T05:11:51Z
2025-10-27,HPP,68.88,68.88,66.0,67.86,800,KBS,2026-10-09T05:11:51Z
2025-10-28,HPP,66.34,67.69,65.32,66.93,3200,KBS,2026-10-09T05:11:51Z
2025-10-29,HPP,65.74,67.36,65.57,67.36,4000,KBS,2026-10-09T05:11:51Z
2025-10-30,HPP,67.02,69.05,67.02,69.05,2000,KBS,2026-10-09T05:11:51Z
2025-10-31,HPP,68.63,68.63,67.02,67.78,5800,KBS,2026-10-09T05:11:51Z
2025-11-03,HPP,66.25,66.25,65.66,65.83,3400,KBS,2026-10-09T05:11:51Z
2025-11-04,HPP,67.44,67.44,67.44,67.44,100,KBS,2026-10-09T05:11:51Z
2025-11-05,HPP,69.14,69.14,66.0,66.0,2600,KBS,2026-10-09T05:11:51Z
2025-11-06,HPP,66.34,67.44,66.34,67.44,1100,KBS,2026-10-09T05:11:51Z
2025-11-07,HPP,67.44,67.44,67.44,67.44,100,KBS,2026-10-09T05:11:51Z
2025-11-10,HPP,66.59,67.86,66.59,67.86,200,KBS,2026-10-09T05:11:51Z
2025-11-14,HPP,66.34,66.42,66.34,66.34,2000,KBS,2026-10-09T05:11:51Z
2025-11-17,HPP,65.66,65.66,65.66,65.66,100,KBS,2026-10-09T05:11:51Z
2025-11-18,HPP,65.66,65.66,65.66,65.66,400,KBS,2026-10-09T05:11:51Z
2025-11-19,HPP,66.42,67.61,65.32,67.44,2400,KBS,2026-10-09T05:11:51Z
2025-11-20,HPP,67.61,67.61,67.61,67.61,300,KBS,2026-10-09T05:11:51Z
2025-11-21,HPP,67.78,67.86,67.53,67.86,7900,KBS,2026-10-09T05:11:51Z
2025-11-24,HPP,67.78,67.86,67.69,67.69,9300,KBS,2026-10-09T05:11:51Z
2025-11-25,HPP,67.78,67.78,67.36,67.36,7900,KBS,2026-10-09T05:11:51Z
2025-11-26,HPP,67.53,68.71,67.44,68.2,39200,KBS,2026-10-09T05:11:51Z
2025-11-27,HPP,67.78,71.26,67.69,70.75,19700,KBS,2026-10-09T05:11:51Z
2025-11-28,HPP,68.29,73.8,68.29,73.8,16400,KBS,2026-10-09T05:11:51Z
2025-12-01,HPP,73.38,73.38,69.98,69.98,3900,KBS,2026-10-09T05:11:51Z
2025-12-02,HPP,68.29,68.29,68.2,68.2,500,KBS,2026-10-09T05:11:51Z
2025-12-03,HPP,67.95,68.63,67.95,68.63,1100,KBS,2026-10-09T05:11:51Z
2025-12-04,HPP,68.63,69.48,67.86,69.31,7100,KBS,2026-10-09T05:11:51Z
2025-12-05,HPP,68.46,70.16,68.46,68.63,700,KBS,2026-10-09T05:11:51Z
2025-12-09,HPP,69.56,69.56,69.56,69.56,100,KBS,2026-10-09T05:11:51Z
2025-12-11,HPP,67.44,69.56,67.02,69.05,5300,KBS,2026-10-09T05:11:51Z
2025-12-12,HPP,67.44,69.05,67.44,69.05,200,KBS,2026-10-09T05:11:51Z
2025-12-16,HPP,68.29,70.49,68.29,70.49,700,KBS,2026-10-09T05:11:51Z
2025-12-17,HPP,71.94,71.94,71.94,71.94,100,KBS,2026-10-09T05:11:51Z
2025-12-22,HPP,70.24,71.94,70.24,71.94,2000,KBS,2026-10-09T05:11:51Z
2025-12-23,HPP,71.17,71.17,71.17,71.17,100,KBS,2026-10-09T05:11:51Z
2025-12-24,HPP,72.02,72.11,72.02,72.11,1000,KBS,2026-10-09T05:11:51Z
2025-12-25,HPP,72.61,72.7,67.95,70.32,7100,KBS,2026-10-09T05:11:51Z
2025-12-29,HPP,69.73,69.98,69.73,69.98,300,KBS,2026-10-09T05:11:51Z
2025-12-30,HPP,68.29,69.73,67.19,69.73,1000,KBS,2026-10-09T05:11:51Z
2025-12-31,HPP,72.11,72.44,67.86,68.71,3900,KBS,2026-10-09T05:11:51Z
2026-01-08,HPP,67.78,67.78,67.02,67.1,800,KBS,2026-10-09T05:11:51Z
2026-01-09,HPP,67.19,67.86,67.19,67.86,300,KBS,2026-10-09T05:11:51Z
2026-01-12,HPP,66.76,66.76,65.32,66.17,22400,KBS,2026-10-09T05:11:51Z
2026-01-13,HPP,67.02,67.95,67.02,67.95,300,KBS,2026-10-09T05:11:51Z
2026-01-14,HPP,67.95,67.95,65.32,67.44,2400,KBS,2026-10-09T05:11:51Z
2026-01-15,HPP,67.89,67.89,67.89,67.89,100,KBS,2026-10-09T05:11:51Z
2026-01-19,HPP,66.6,67.54,66.6,67.54,1100,KBS,2026-10-09T05:11:51Z
2026-01-20,HPP,69.18,69.18,69.18,69.18,100,KBS,2026-10-09T05:11:51Z
2026-01-22,HPP,68.75,68.75,68.75,68.75,100,KBS,2026-10-09T05:11:51Z
2026-01-23,HPP,68.49,68.57,68.4,68.57,2300,KBS,2026-10-09T05:11:51Z
2026-01-26,HPP,67.89,67.89,67.89,67.89,1000,KBS,2026-10-09T05:11:51Z
2026-01-27,HPP,67.03,67.89,67.03,67.89,1000,KBS,2026-10-09T05:11:51Z
2026-01-28,HPP,67.89,67.89,67.89,67.89,1000,KBS,2026-10-09T05:11:51Z
2026-01-29,HPP,67.89,68.49,67.89,68.49,1100,KBS,2026-10-09T05:11:51Z
2026-01-30,HPP,68.75,68.75,68.14,68.14,6200,KBS,2026-10-09T05:11:51Z
2026-02-02,HPP,67.89,67.89,67.89,67.89,6900,KBS,2026-10-09T05:11:51Z
2026-02-03,HPP,67.89,67.89,67.89,67.89,6200,KBS,2026-10-09T05:11:51Z
2026-02-04,HPP,67.89,67.89,67.8,67.89,12700,KBS,2026-10-09T05:11:51Z
2026-02-05,HPP,68.49,68.49,68.49,68.49,100,KBS,2026-10-09T05:11:51Z
2026-02-06,HPP,67.89,68.32,66.17,66.17,8100,KBS,2026-10-09T05:11:51Z
2026-02-09,HPP,67.03,67.03,67.03,67.03,4500,KBS,2026-10-09T05:11:51Z
2026-02-10,HPP,68.66,68.66,67.03,67.03,4900,KBS,2026-10-09T05:11:51Z
2026-02-11,HPP,67.89,67.89,67.03,67.54,3800,KBS,2026-10-09T05:11:51Z
2026-02-12,HPP,67.89,67.89,67.03,67.03,10000,KBS,2026-10-09T05:11:51Z
2026-02-13,HPP,67.11,67.8,67.03,67.8,7800,KBS,2026-10-09T05:11:51Z
2026-02-23,HPP,67.03,67.03,67.03,67.03,3200,KBS,2026-10-09T05:11:51Z
2026-02-24,HPP,67.03,67.03,67.03,67.03,4200,KBS,2026-10-09T05:11:51Z
2026-02-25,HPP,66.86,67.03,66.86,67.03,5200,KBS,2026-10-09T05:11:51Z
2026-02-26,HPP,68.06,74.68,67.89,67.89,10700,KBS,2026-10-09T05:11:51Z
2026-02-27,HPP,67.89,71.58,67.89,71.58,3500,KBS,2026-10-09T05:11:51Z
2026-03-02,HPP,67.97,67.97,67.89,67.89,13600,KBS,2026-10-09T05:11:51Z
2026-03-03,HPP,67.89,67.89,67.89,67.89,8300,KBS,2026-10-09T05:11:51Z
2026-03-04,HPP,67.03,67.03,67.03,67.03,2000,KBS,2026-10-09T05:11:51Z
2026-03-05,HPP,67.03,67.89,67.03,67.03,4100,KBS,2026-10-09T05:11:51Z
2026-03-06,HPP,67.03,67.03,67.03,67.03,14000,KBS,2026-10-09T05:11:51Z
2026-03-09,HPP,64.45,64.45,63.16,64.45,11200,KBS,2026-10-09T05:11:51Z
2026-03-10,HPP,67.63,67.63,64.45,64.88,19100,KBS,2026-10-09T05:11:51Z
2026-03-11,HPP,65.39,65.39,65.22,65.31,92200,KBS,2026-10-09T05:11:51Z
2026-03-12,HPP,67.2,67.2,67.2,67.2,100,KBS,2026-10-09T05:11:51Z
2026-03-13,HPP,67.8,67.8,66.17,66.17,1100,KBS,2026-10-09T05:11:51Z
2026-03-16,HPP,66.17,67.54,66.17,67.54,1800,KBS,2026-10-09T05:11:51Z
2026-03-18,HPP,67.03,67.03,67.03,67.03,3300,KBS,2026-10-09T05:11:51Z
2026-03-19,HPP,67.46,67.46,67.46,67.46,100,KBS,2026-10-09T05:11:51Z
2026-03-20,HPP,67.03,67.03,67.03,67.03,7000,KBS,2026-10-09T05:11:51Z
2026-03-23,HPP,66.6,66.6,66.6,66.6,14200,KBS,2026-10-09T05:11:51Z
2026-03-24,HPP,72.78,72.78,67.03,67.03,8200,KBS,2026-10-09T05:11:51Z
2026-03-25,HPP,67.11,67.11,67.03,67.11,2300,KBS,2026-10-09T05:11:51Z
2026-03-26,HPP,67.03,67.03,67.03,67.03,14400,KBS,2026-10-09T05:11:51Z
2026-03-27,HPP,70.38,70.38,70.38,70.38,100,KBS,2026-10-09T05:11:51Z
2026-03-30,HPP,67.11,70.38,65.05,70.38,3900,KBS,2026-10-09T05:11:51Z
2026-03-31,HPP,69.43,69.6,67.2,69.6,13100,KBS,2026-10-09T05:11:51Z
2026-04-01,HPP,67.89,67.89,67.89,67.89,1500,KBS,2026-10-09T05:11:51Z
2026-04-08,HPP,67.8,67.89,67.8,67.89,2100,KBS,2026-10-09T05:11:51Z
2026-04-09,HPP,67.46,67.46,67.46,67.46,8000,KBS,2026-10-09T05:11:51Z
2026-04-10,HPP,67.03,67.46,67.03,67.46,5700,KBS,2026-10-09T05:11:51Z
2026-04-13,HPP,67.89,67.89,67.89,67.89,2100,KBS,2026-10-09T05:11:51Z
2026-04-14,HPP,69.6,69.6,69.6,69.6,100,KBS,2026-10-09T05:11:51Z
2026-04-15,HPP,68.75,68.75,68.75,68.75,100,KBS,2026-10-09T05:11:51Z
2026-04-17,HPP,69.6,69.86,69.6,69.86,500,KBS,2026-10-09T05:11:51Z
2026-04-20,HPP,67.89,68.06,67.89,67.89,10000,KBS,2026-10-09T05:11:51Z
2026-04-21,HPP,69.6,72.7,67.89,68.75,12000,KBS,2026-10-09T05:11:51Z
2026-04-24,HPP,68.75,70.55,68.75,70.55,900,KBS,2026-10-09T05:11:51Z
2026-04-29,HPP,72.1,72.1,72.1,72.1,100,KBS,2026-10-09T05:11:51Z
2026-05-04,HPP,72.1,72.1,68.75,68.75,2600,KBS,2026-10-09T05:11:51Z
2026-05-07,HPP,67.89,67.89,67.89,67.89,900,KBS,2026-10-09T05:11:51Z
2026-05-11,HPP,67.03,67.03,67.03,67.03,3000,KBS,2026-10-09T05:11:51Z
2026-05-12,HPP,67.03,68.4,67.03,68.4,2100,KBS,2026-10-09T05:11:51Z
2026-05-13,HPP,67.11,67.97,67.03,67.97,9100,KBS,2026-10-09T05:11:51Z
2026-05-14,HPP,67.03,68.06,67.03,67.03,2100,KBS,2026-10-09T05:11:51Z
2026-05-15,HPP,67.03,67.03,67.03,67.03,6000,KBS,2026-10-09T05:11:51Z
2026-05-18,HPP,67.03,67.03,67.03,67.03,1000,KBS,2026-10-09T05:11:51Z
2026-05-20,HPP,67.8,67.8,67.8,67.8,100,KBS,2026-10-09T05:11:51Z
2026-05-22,HPP,67.71,68.32,67.71,68.32,200,KBS,2026-10-09T05:11:51Z
2026-05-26,HPP,68.66,68.66,68.66,68.66,100,KBS,2026-10-09T05:11:51Z
2026-05-29,HPP,68.32,69.18,68.32,69.18,200,KBS,2026-10-09T05:11:51Z
2026-06-02,HPP,68.66,68.75,68.66,68.75,1000,KBS,2026-10-09T05:11:51Z
2026-06-16,HPP,67.88,67.88,67.79,67.79,2500,KBS,2026-10-09T05:11:51Z
2026-06-30,HPP,68.31,68.66,68.31,68.66,200,KBS,2026-10-09T05:11:51Z
2026-07-01,HPP,67.88,67.88,67.88,67.88,2000,KBS,2026-10-09T05:11:51Z
2026-07-02,HPP,67.0,67.0,67.0,67.0,1100,KBS,2026-10-09T05:11:51Z
2026-07-03,HPP,67.0,67.0,67.0,67.0,1000,KBS,2026-10-09T05:11:51Z
2026-07-06,HPP,67.0,67.0,67.0,67.0,3000,KBS,2026-10-09T05:11:51Z
2026-07-08,HPP,67.0,67.0,67.0,67.0,2500,KBS,2026-10-09T05:11:51Z
2026-07-09,HPP,62.65,66.83,60.91,66.83,1200,KBS,2026-10-09T05:11:51Z
2026-07-10,HPP,68.66,68.66,68.66,68.66,100,KBS,2026-10-09T05:11:51Z
2026-07-13,HPP,65.7,65.7,65.7,65.7,200,KBS,2026-10-09T05:11:51Z
2026-07-17,HPP,68.66,68.66,65.18,65.26,800,KBS,2026-10-09T05:11:51Z
2026-07-23,HPP,67.9,67.9,65.0,67.9,3100,KBS,2026-10-09T05:11:51Z
2026-07-24,HPP,67.8,69.0,67.8,69.0,4800,KBS,2026-10-09T05:11:51Z
2026-07-28,HPP,70.9,71.0,69.0,69.0,4800,KBS,2026-10-09T05:11:51Z
2026-07-29,HPP,68.0,68.0,68.0,68.0,1100,KBS,2026-10-09T05:11:51Z
2026-07-30,HPP,74.9,74.9,74.9,74.9,100,KBS,2026-10-09T05:11:51Z
2026-08-04,HPP,69.3,69.3,69.3,69.3,300,KBS,2026-10-09T05:11:51Z
2026-08-05,HPP,68.0,68.0,67.0,67.0,12900,KBS,2026-10-09T05:11:51Z
2026-08-06,HPP,67.3,67.3,67.3,67.3,200,KBS,2026-10-09T05:11:51Z
2026-08-07,HPP,68.6,68.6,68.6,68.6,100,KBS,2026-10-09T05:11:51Z
2026-08-11,HPP,65.1,65.1,65.1,65.1,200,KBS,2026-10-09T05:11:51Z
2026-08-12,HPP,65.0,65.0,65.0,65.0,600,KBS,2026-10-09T05:11:51Z
2026-08-13,HPP,57.0,65.0,57.0,65.0,6200,KBS,2026-10-09T05:11:51Z
2026-08-14,HPP,65.0,69.5,65.0,69.5,200,KBS,2026-10-09T05:11:51Z
2026-08-24,HPP,60.0,64.9,60.0,62.5,6200,KBS,2026-10-09T05:11:51Z
2026-08-25,HPP,61.5,62.3,61.0,62.3,2300,KBS,2026-10-09T05:11:51Z
2026-08-26,HPP,68.3,68.3,68.3,68.3,100,KBS,2026-10-09T05:11:51Z
2026-08-28,HPP,73.3,73.3,73.3,73.3,100,KBS,2026-10-09T05:11:51Z
2026-09-07,HPP,62.4,62.4,62.4,62.4,3900,KBS,2026-10-09T05:11:51Z
2026-09-10,HPP,65.8,65.8,65.8,65.8,200,KBS,2026-10-09T05:11:51Z
2026-09-11,HPP,62.0,64.8,62.0,64.8,2400,KBS,2026-10-09T05:11:51Z
2026-09-15,HPP,62.2,62.2,62.2,62.2,2800,KBS,2026-10-09T05:11:51Z
2026-09-16,HPP,62.2,62.2,62.2,62.2,500,KBS,2026-10-09T05:11:51Z
2026-09-18,HPP,65.8,65.8,64.9,64.9,1200,KBS,2026-10-09T05:11:51Z
2026-10-01,HPP,57.5,64.6,57.5,64.6,500,KBS,2026-10-09T05:11:51Z
2026-10-02,HPP,65.4,65.4,56.6,64.8,500,KBS,2026-10-09T05:11:51Z
2026-10-05,HPP,55.0,57.5,55.0,57.4,300,KBS,2026-10-09T05:11:51Z
2026-10-07,HPP,64.1,64.1,64.1,64.1,200,KBS,2026-10-09T05:11:51Z
2026-10-09,HPP,65.5,65.5,65.5,65.5,100,KBS,2026-10-09T05:11:51Z
