date,symbol,open,high,low,close,volume,source,fetched_at
2018-10-10,M10,13.04,13.04,13.04,13.04,200,KBS,2026-10-09T05:15:58Z
2018-10-12,M10,11.34,12.47,11.34,12.47,5500,KBS,2026-10-09T05:15:58Z
2018-10-15,M10,13.04,13.04,13.04,13.04,100,KBS,2026-10-09T05:15:58Z
2018-10-18,M10,12.58,13.04,12.58,13.04,1001,KBS,2026-10-09T05:15:58Z
2018-10-19,M10,12.75,12.75,12.75,12.75,99,KBS,2026-10-09T05:15:58Z
2018-10-24,M10,12.7,13.32,12.7,13.32,910,KBS,2026-10-09T05:15:58Z
2018-10-26,M10,11.17,11.34,11.17,11.17,1189,KBS,2026-10-09T05:15:58Z
2018-10-29,M10,11.17,11.17,11.17,11.17,500,KBS,2026-10-09T05:15:58Z
2018-10-30,M10,11.17,11.17,11.17,11.17,50,KBS,2026-10-09T05:15:58Z
2018-10-31,M10,11.05,11.05,10.77,11.05,400,KBS,2026-10-09T05:15:58Z
2018-11-01,M10,10.49,10.49,10.49,10.49,360,KBS,2026-10-09T05:15:58Z
2018-11-02,M10,11.34,11.34,11.34,11.34,260,KBS,2026-10-09T05:15:58Z
2018-11-05,M10,11.34,11.34,11.34,11.34,79,KBS,2026-10-09T05:15:58Z
2018-11-06,M10,11.28,11.34,11.22,11.28,760,KBS,2026-10-09T05:15:58Z
2018-11-08,M10,11.22,11.22,10.77,11.22,560,KBS,2026-10-09T05:15:58Z
2018-11-09,M10,9.81,9.81,9.81,9.81,300,KBS,2026-10-09T05:15:58Z
2018-11-12,M10,9.81,9.81,9.81,9.81,60,KBS,2026-10-09T05:15:58Z
2018-11-13,M10,10.77,10.77,10.77,10.77,200,KBS,2026-10-09T05:15:58Z
2018-11-14,M10,10.77,10.77,10.71,10.71,1600,KBS,2026-10-09T05:15:58Z
2018-11-15,M10,10.77,10.77,10.77,10.77,300,KBS,2026-10-09T05:15:58Z
2018-11-16,M10,9.92,10.2,9.92,10.2,200,KBS,2026-10-09T05:15:58Z
2018-11-20,M10,10.09,10.09,10.09,10.09,20,KBS,2026-10-09T05:15:58Z
2018-11-21,M10,9.92,9.92,9.92,9.92,100,KBS,2026-10-09T05:15:58Z
2018-11-22,M10,10.77,10.77,10.2,10.2,760,KBS,2026-10-09T05:15:58Z
2018-11-23,M10,9.92,9.92,9.92,9.92,100,KBS,2026-10-09T05:15:58Z
2018-11-27,M10,10.49,10.49,10.49,10.49,100,KBS,2026-10-09T05:15:58Z
2018-12-03,M10,10.77,10.77,10.77,10.77,800,KBS,2026-10-09T05:15:58Z
2018-12-04,M10,10.77,11.34,10.77,11.22,1912,KBS,2026-10-09T05:15:58Z
2018-12-05,M10,11.05,11.05,11.05,11.05,50,KBS,2026-10-09T05:15:58Z
2018-12-10,M10,11.05,11.05,11.05,11.05,10,KBS,2026-10-09T05:15:58Z
2018-12-13,M10,11.05,11.05,11.05,11.05,2,KBS,2026-10-09T05:15:58Z
2018-12-20,M10,9.92,9.92,9.86,9.92,2541,KBS,2026-10-09T05:15:58Z
2018-12-21,M10,10.77,11.39,10.77,11.39,1300,KBS,2026-10-09T05:15:58Z
2018-12-25,M10,9.98,10.09,9.98,10.09,600,KBS,2026-10-09T05:15:58Z
2018-12-26,M10,10.2,10.2,10.2,10.2,160,KBS,2026-10-09T05:15:58Z
2018-12-28,M10,9.98,9.98,9.64,9.64,5000,KBS,2026-10-09T05:15:58Z
2019-01-07,M10,11.17,11.17,11.17,11.17,100,KBS,2026-10-09T05:15:58Z
2019-01-08,M10,12.36,12.36,12.36,12.36,100,KBS,2026-10-09T05:15:58Z
2019-01-09,M10,10.54,10.54,10.54,10.54,2678,KBS,2026-10-09T05:15:58Z
2019-01-10,M10,10.54,10.54,10.54,10.54,1200,KBS,2026-10-09T05:15:58Z
2019-01-11,M10,9.75,9.75,9.75,9.75,110,KBS,2026-10-09T05:15:58Z
2019-01-14,M10,11.17,11.17,11.17,11.17,415,KBS,2026-10-09T05:15:58Z
2019-01-17,M10,12.7,12.7,12.7,12.7,100,KBS,2026-10-09T05:15:58Z
2019-01-21,M10,12.7,12.7,12.7,12.7,10,KBS,2026-10-09T05:15:58Z
2019-01-25,M10,12.7,12.7,12.7,12.7,60,KBS,2026-10-09T05:15:58Z
2019-01-28,M10,12.7,12.7,12.7,12.7,10,KBS,2026-10-09T05:15:58Z
2019-01-31,M10,10.83,10.83,10.83,10.83,100,KBS,2026-10-09T05:15:58Z
2019-02-11,M10,10.83,10.83,10.83,10.83,16,KBS,2026-10-09T05:15:58Z
2019-02-13,M10,10.83,10.83,10.77,10.77,1110,KBS,2026-10-09T05:15:58Z
2019-02-18,M10,11.34,11.34,10.2,10.2,1918,KBS,2026-10-09T05:15:58Z
2019-02-19,M10,11.34,11.34,11.34,11.34,116,KBS,2026-10-09T05:15:58Z
2019-02-20,M10,11.34,11.34,11.34,11.34,1281,KBS,2026-10-09T05:15:58Z
2019-02-21,M10,11.34,11.34,11.34,11.34,300,KBS,2026-10-09T05:15:58Z
2019-02-22,M10,11.34,11.34,11.34,11.34,1300,KBS,2026-10-09T05:15:58Z
2019-02-25,M10,11.34,11.34,11.34,11.34,1,KBS,2026-10-09T05:15:58Z
2019-02-26,M10,10.83,10.83,10.83,10.83,3000,KBS,2026-10-09T05:15:58Z
2019-03-01,M10,10.49,11.45,10.49,11.45,2420,KBS,2026-10-09T05:15:58Z
2019-03-04,M10,11.11,11.22,11.05,11.22,1640,KBS,2026-10-09T05:15:58Z
2019-03-05,M10,11.22,11.34,11.22,11.34,2000,KBS,2026-10-09T05:15:58Z
2019-03-06,M10,10.77,11.34,10.77,11.34,1900,KBS,2026-10-09T05:15:58Z
2019-03-07,M10,11.9,11.9,11.9,11.9,730,KBS,2026-10-09T05:15:58Z
2019-03-12,M10,11.9,11.9,11.9,11.9,20,KBS,2026-10-09T05:15:58Z
2019-03-13,M10,11.9,12.19,11.34,12.19,1500,KBS,2026-10-09T05:15:58Z
2019-03-27,M10,11.56,11.56,11.56,11.56,100,KBS,2026-10-09T05:15:58Z
2019-03-28,M10,11.56,11.56,11.56,11.56,500,KBS,2026-10-09T05:15:58Z
2019-03-29,M10,11.56,11.56,11.56,11.56,30,KBS,2026-10-09T05:15:58Z
2019-04-01,M10,10.77,10.77,10.77,10.77,130,KBS,2026-10-09T05:15:58Z
2019-04-02,M10,11.62,11.62,11.62,11.62,1000,KBS,2026-10-09T05:15:58Z
2019-04-03,M10,11.62,11.62,11.62,11.62,60,KBS,2026-10-09T05:15:58Z
2019-04-04,M10,11.39,11.39,11.39,11.39,100,KBS,2026-10-09T05:15:58Z
2019-04-09,M10,11.39,11.51,11.39,11.51,800,KBS,2026-10-09T05:15:58Z
2019-04-11,M10,10.88,11.28,10.88,11.28,2000,KBS,2026-10-09T05:15:58Z
2019-04-17,M10,10.83,11.22,9.92,11.22,3100,KBS,2026-10-09T05:15:58Z
2019-04-19,M10,10.77,10.77,10.77,10.77,400,KBS,2026-10-09T05:15:58Z
2019-04-22,M10,10.77,10.77,10.77,10.77,1000,KBS,2026-10-09T05:15:58Z
2019-04-26,M10,11.0,11.0,11.0,11.0,800,KBS,2026-10-09T05:15:58Z
2019-05-07,M10,11.0,11.0,11.0,11.0,4,KBS,2026-10-09T05:15:58Z
2019-05-09,M10,11.11,11.11,10.77,10.77,900,KBS,2026-10-09T05:15:58Z
2019-05-14,M10,10.88,10.88,10.88,10.88,2100,KBS,2026-10-09T05:15:58Z
2019-05-15,M10,10.49,10.77,9.92,9.92,1080,KBS,2026-10-09T05:15:58Z
2019-05-16,M10,10.77,10.77,10.54,10.77,600,KBS,2026-10-09T05:15:58Z
2019-05-17,M10,10.71,10.71,10.2,10.2,600,KBS,2026-10-09T05:15:58Z
2019-05-20,M10,10.77,10.77,10.77,10.77,500,KBS,2026-10-09T05:15:58Z
2019-05-21,M10,10.26,10.77,10.26,10.77,200,KBS,2026-10-09T05:15:58Z
2019-05-22,M10,11.05,11.05,11.05,11.05,600,KBS,2026-10-09T05:15:58Z
2019-05-23,M10,11.11,11.11,11.11,11.11,180,KBS,2026-10-09T05:15:58Z
2019-05-24,M10,11.05,11.05,11.05,11.05,200,KBS,2026-10-09T05:15:58Z
2019-06-05,M10,10.87,10.87,10.87,10.87,900,KBS,2026-10-09T05:15:58Z
2019-06-11,M10,10.87,10.87,10.87,10.87,1400,KBS,2026-10-09T05:15:58Z
2019-06-13,M10,10.87,10.87,10.87,10.87,90,KBS,2026-10-09T05:15:58Z
2019-06-19,M10,10.27,10.27,10.27,10.27,300,KBS,2026-10-09T05:15:58Z
2019-06-25,M10,10.27,10.27,10.27,10.27,20,KBS,2026-10-09T05:15:58Z
2019-06-26,M10,10.27,10.27,10.27,10.27,100,KBS,2026-10-09T05:15:58Z
2019-06-27,M10,10.27,10.27,10.27,10.27,4,KBS,2026-10-09T05:15:58Z
2019-07-01,M10,10.51,10.87,10.51,10.63,3180,KBS,2026-10-09T05:15:58Z
2019-07-03,M10,10.81,10.81,10.81,10.81,400,KBS,2026-10-09T05:15:58Z
2019-07-04,M10,10.81,10.81,10.81,10.81,610,KBS,2026-10-09T05:15:58Z
2019-07-05,M10,10.99,11.17,10.99,11.17,300,KBS,2026-10-09T05:15:58Z
2019-07-17,M10,11.36,11.36,10.27,10.27,200,KBS,2026-10-09T05:15:58Z
2019-07-18,M10,11.05,11.05,11.05,11.05,1027,KBS,2026-10-09T05:15:58Z
2019-07-19,M10,11.05,11.05,11.05,11.05,25,KBS,2026-10-09T05:15:58Z
2019-07-22,M10,10.27,10.27,10.27,10.27,320,KBS,2026-10-09T05:15:58Z
2019-07-29,M10,10.27,10.27,10.27,10.27,5,KBS,2026-10-09T05:15:58Z
2019-07-31,M10,10.27,10.27,10.27,10.27,20,KBS,2026-10-09T05:15:58Z
2019-08-12,M10,10.33,10.33,10.33,10.33,370,KBS,2026-10-09T05:15:58Z
2019-08-13,M10,11.29,11.29,11.29,11.29,300,KBS,2026-10-09T05:15:58Z
2019-08-19,M10,9.96,9.96,9.96,9.96,20625,KBS,2026-10-09T05:15:58Z
2019-08-20,M10,9.72,9.72,9.66,9.66,700,KBS,2026-10-09T05:15:58Z
2019-08-23,M10,10.81,10.87,10.81,10.87,600,KBS,2026-10-09T05:15:58Z
2019-08-27,M10,10.27,10.27,10.27,10.27,600,KBS,2026-10-09T05:15:58Z
2019-09-03,M10,10.27,10.27,10.27,10.27,100,KBS,2026-10-09T05:15:58Z
2019-09-30,M10,10.87,10.87,9.66,10.87,22100,KBS,2026-10-09T05:15:58Z
2019-10-11,M10,10.87,10.87,10.87,10.87,800,KBS,2026-10-09T05:15:58Z
2019-10-15,M10,10.87,10.87,10.87,10.87,4400,KBS,2026-10-09T05:15:58Z
2019-10-16,M10,10.87,10.87,10.87,10.87,135,KBS,2026-10-09T05:15:58Z
2019-10-17,M10,10.87,10.87,10.87,10.87,10000,KBS,2026-10-09T05:15:58Z
2019-10-18,M10,10.87,10.87,10.87,10.87,10400,KBS,2026-10-09T05:15:58Z
2019-10-28,M10,10.87,10.87,10.87,10.87,600,KBS,2026-10-09T05:15:58Z
2019-10-29,M10,10.87,10.87,10.87,10.87,24,KBS,2026-10-09T05:15:58Z
2019-10-31,M10,10.87,10.87,10.87,10.87,3500,KBS,2026-10-09T05:15:58Z
2019-11-01,M10,10.87,10.87,10.87,10.87,100,KBS,2026-10-09T05:15:58Z
2019-11-04,M10,10.87,10.87,10.87,10.87,5000,KBS,2026-10-09T05:15:58Z
2019-11-07,M10,10.87,10.87,10.87,10.87,12000,KBS,2026-10-09T05:15:58Z
2019-11-08,M10,10.57,10.57,10.57,10.57,3500,KBS,2026-10-09T05:15:58Z
2019-11-11,M10,10.57,10.57,10.57,10.57,3042,KBS,2026-10-09T05:15:58Z
2019-11-12,M10,10.87,10.99,10.87,10.87,20110,KBS,2026-10-09T05:15:58Z
2019-11-13,M10,10.87,10.87,10.87,10.87,10100,KBS,2026-10-09T05:15:58Z
2019-11-20,M10,10.87,10.87,10.87,10.87,98,KBS,2026-10-09T05:15:58Z
2019-11-25,M10,10.57,10.57,10.57,10.57,100,KBS,2026-10-09T05:15:58Z
2019-11-29,M10,11.11,11.11,11.11,11.11,2300,KBS,2026-10-09T05:15:58Z
2019-12-11,M10,10.87,10.87,10.87,10.87,29800,KBS,2026-10-09T05:15:58Z
2019-12-13,M10,10.87,10.87,10.87,10.87,800,KBS,2026-10-09T05:15:58Z
2019-12-16,M10,10.87,10.87,10.87,10.87,2320,KBS,2026-10-09T05:15:58Z
2019-12-17,M10,10.87,10.87,10.87,10.87,17008,KBS,2026-10-09T05:15:58Z
2019-12-18,M10,10.57,10.57,10.57,10.57,1000,KBS,2026-10-09T05:15:58Z
2019-12-23,M10,10.87,10.87,10.87,10.87,500,KBS,2026-10-09T05:15:58Z
2019-12-25,M10,10.87,10.87,10.87,10.87,31,KBS,2026-10-09T05:15:58Z
2019-12-26,M10,10.87,10.87,10.87,10.87,4600,KBS,2026-10-09T05:15:58Z
2019-12-27,M10,9.96,9.96,9.96,9.96,400,KBS,2026-10-09T05:15:58Z
2020-01-15,M10,11.11,11.11,11.11,11.11,100,KBS,2026-10-09T05:15:58Z
2020-02-03,M10,11.11,11.11,11.11,11.11,300,KBS,2026-10-09T05:15:58Z
2020-02-04,M10,12.08,12.08,12.08,12.08,100,KBS,2026-10-09T05:15:58Z
2020-02-07,M10,10.87,10.87,10.87,10.87,3240,KBS,2026-10-09T05:15:58Z
2020-02-11,M10,12.08,12.08,12.08,12.08,110,KBS,2026-10-09T05:15:58Z
2020-02-14,M10,11.48,11.48,11.48,11.48,100,KBS,2026-10-09T05:15:58Z
2020-02-25,M10,13.23,13.23,13.23,13.23,200,KBS,2026-10-09T05:15:58Z
2020-03-02,M10,11.29,11.29,11.29,11.29,200,KBS,2026-10-09T05:15:58Z
2020-03-03,M10,12.02,12.02,12.02,12.02,100,KBS,2026-10-09T05:15:58Z
2020-03-05,M10,12.2,12.32,12.08,12.32,7600,KBS,2026-10-09T05:15:58Z
2020-03-06,M10,11.54,12.32,11.48,12.32,5100,KBS,2026-10-09T05:15:58Z
2020-03-09,M10,11.23,11.23,11.23,11.23,2000,KBS,2026-10-09T05:15:58Z
2020-03-11,M10,12.38,12.38,11.23,11.23,200,KBS,2026-10-09T05:15:58Z
2020-03-13,M10,11.23,11.23,11.17,11.17,4100,KBS,2026-10-09T05:15:58Z
2020-03-16,M10,9.54,11.78,9.54,11.78,200,KBS,2026-10-09T05:15:58Z
2020-03-17,M10,10.87,10.87,10.87,10.87,7300,KBS,2026-10-09T05:15:58Z
2020-03-19,M10,11.48,11.48,11.48,11.48,2400,KBS,2026-10-09T05:15:58Z
2020-03-20,M10,10.87,10.87,10.27,10.27,4700,KBS,2026-10-09T05:15:58Z
2020-03-24,M10,10.87,10.87,10.87,10.87,400,KBS,2026-10-09T05:15:58Z
2020-03-26,M10,11.17,11.17,11.17,11.17,600,KBS,2026-10-09T05:15:58Z
2020-04-03,M10,11.72,11.72,11.72,11.72,100,KBS,2026-10-09T05:15:58Z
2020-04-06,M10,11.48,11.48,10.87,10.87,26000,KBS,2026-10-09T05:15:58Z
2020-04-08,M10,11.48,12.68,11.48,12.14,50760,KBS,2026-10-09T05:15:58Z
2020-04-09,M10,11.78,13.65,11.78,13.65,110540,KBS,2026-10-09T05:15:58Z
2020-04-10,M10,15.04,15.04,15.04,15.04,256298,KBS,2026-10-09T05:15:58Z
2020-04-13,M10,17.21,17.27,15.04,16.61,166638,KBS,2026-10-09T05:15:58Z
2020-04-14,M10,16.61,16.91,14.37,15.46,93100,KBS,2026-10-09T05:15:58Z
2020-04-15,M10,15.4,15.4,13.89,14.31,92380,KBS,2026-10-09T05:15:58Z
2020-04-16,M10,14.62,16.49,14.62,15.34,94940,KBS,2026-10-09T05:15:58Z
2020-04-17,M10,15.46,15.46,14.19,14.25,73400,KBS,2026-10-09T05:15:58Z
2020-04-20,M10,14.5,15.34,13.47,14.07,105000,KBS,2026-10-09T05:15:58Z
2020-04-21,M10,13.89,13.89,12.08,12.26,71620,KBS,2026-10-09T05:15:58Z
2020-04-22,M10,11.6,13.29,11.17,13.29,52180,KBS,2026-10-09T05:15:58Z
2020-04-23,M10,13.41,13.41,12.14,12.2,34000,KBS,2026-10-09T05:15:58Z
2020-04-24,M10,12.38,12.38,12.08,12.2,46500,KBS,2026-10-09T05:15:58Z
2020-04-27,M10,12.32,12.62,11.78,11.84,31150,KBS,2026-10-09T05:15:58Z
2020-04-28,M10,11.84,12.14,11.78,12.08,28379,KBS,2026-10-09T05:15:58Z
2020-04-29,M10,12.14,12.98,12.14,12.68,42235,KBS,2026-10-09T05:15:58Z
2020-05-04,M10,13.29,13.59,12.44,12.68,36436,KBS,2026-10-09T05:15:58Z
2020-05-05,M10,12.74,12.74,12.08,12.32,29100,KBS,2026-10-09T05:15:58Z
2020-05-06,M10,12.14,12.26,12.02,12.14,22861,KBS,2026-10-09T05:15:58Z
2020-05-07,M10,12.08,12.38,12.08,12.2,23310,KBS,2026-10-09T05:15:58Z
2020-05-08,M10,12.38,12.38,12.08,12.14,63020,KBS,2026-10-09T05:15:58Z
2020-05-11,M10,12.02,12.14,11.96,12.08,28000,KBS,2026-10-09T05:15:58Z
2020-05-12,M10,12.02,12.98,12.02,12.92,64615,KBS,2026-10-09T05:15:58Z
2020-05-13,M10,12.98,12.98,12.68,12.68,18175,KBS,2026-10-09T05:15:58Z
2020-05-14,M10,12.56,12.56,12.32,12.44,15648,KBS,2026-10-09T05:15:58Z
2020-05-15,M10,12.38,12.38,12.02,12.2,45560,KBS,2026-10-09T05:15:58Z
2020-05-18,M10,12.14,12.2,12.08,12.14,17830,KBS,2026-10-09T05:15:58Z
2020-05-19,M10,12.08,12.2,11.96,12.08,27148,KBS,2026-10-09T05:15:58Z
2020-05-20,M10,12.38,12.38,12.02,12.08,18650,KBS,2026-10-09T05:15:58Z
2020-05-21,M10,12.14,12.32,12.14,12.14,24800,KBS,2026-10-09T05:15:58Z
2020-05-22,M10,12.2,12.2,12.02,12.08,10585,KBS,2026-10-09T05:15:58Z
2020-05-25,M10,12.08,12.08,12.02,12.08,12510,KBS,2026-10-09T05:15:58Z
2020-05-26,M10,12.08,12.08,11.9,12.08,17850,KBS,2026-10-09T05:15:58Z
2020-05-27,M10,11.96,12.14,11.9,12.02,32940,KBS,2026-10-09T05:15:58Z
2020-05-28,M10,11.9,12.02,11.84,12.02,12568,KBS,2026-10-09T05:15:58Z
2020-05-29,M10,11.84,11.96,11.6,11.96,8800,KBS,2026-10-09T05:15:58Z
2020-06-01,M10,11.96,11.96,11.6,11.6,10422,KBS,2026-10-09T05:15:58Z
2020-06-02,M10,11.6,11.6,11.23,11.48,15745,KBS,2026-10-09T05:15:58Z
2020-06-03,M10,11.48,11.48,11.36,11.42,2810,KBS,2026-10-09T05:15:58Z
2020-06-04,M10,11.42,11.42,11.36,11.42,6140,KBS,2026-10-09T05:15:58Z
2020-06-05,M10,11.42,11.42,10.87,10.87,34100,KBS,2026-10-09T05:15:58Z
2020-06-08,M10,11.11,11.6,11.11,11.48,27180,KBS,2026-10-09T05:15:58Z
2020-06-09,M10,11.48,11.96,11.48,11.66,16562,KBS,2026-10-09T05:15:58Z
2020-06-10,M10,11.66,11.66,11.36,11.42,11020,KBS,2026-10-09T05:15:58Z
2020-06-11,M10,11.48,11.78,11.17,11.17,8600,KBS,2026-10-09T05:15:58Z
2020-06-12,M10,11.17,11.17,10.99,11.17,5677,KBS,2026-10-09T05:15:58Z
2020-06-15,M10,11.17,11.23,10.87,10.87,12000,KBS,2026-10-09T05:15:58Z
2020-06-16,M10,10.87,10.99,10.87,10.99,6648,KBS,2026-10-09T05:15:58Z
2020-06-17,M10,10.87,11.11,10.87,11.05,4500,KBS,2026-10-09T05:15:58Z
2020-06-18,M10,10.87,11.17,10.87,11.05,22660,KBS,2026-10-09T05:15:58Z
2020-06-19,M10,10.99,11.05,10.99,10.99,5760,KBS,2026-10-09T05:15:58Z
2020-06-22,M10,11.05,11.05,10.87,10.93,7700,KBS,2026-10-09T05:15:58Z
2020-06-23,M10,10.75,10.75,10.63,10.63,25200,KBS,2026-10-09T05:15:58Z
2020-06-24,M10,10.63,10.69,10.57,10.57,14100,KBS,2026-10-09T05:15:58Z
2020-06-25,M10,10.57,10.57,10.57,10.57,9448,KBS,2026-10-09T05:15:58Z
2020-06-26,M10,10.57,10.57,10.51,10.57,2500,KBS,2026-10-09T05:15:58Z
2020-06-29,M10,10.57,10.57,10.03,10.03,12140,KBS,2026-10-09T05:15:58Z
2020-06-30,M10,9.96,9.96,9.85,9.85,6160,KBS,2026-10-09T05:15:58Z
2020-07-01,M10,10.15,10.15,10.15,10.15,1100,KBS,2026-10-09T05:15:58Z
2020-07-02,M10,10.21,10.21,10.15,10.15,3300,KBS,2026-10-09T05:15:58Z
2020-07-03,M10,9.96,10.15,9.96,10.03,5620,KBS,2026-10-09T05:15:58Z
2020-07-06,M10,10.15,10.21,10.15,10.21,7600,KBS,2026-10-09T05:15:58Z
2020-07-07,M10,10.27,10.63,10.27,10.45,13255,KBS,2026-10-09T05:15:58Z
2020-07-08,M10,10.45,10.75,10.45,10.57,6280,KBS,2026-10-09T05:15:58Z
2020-07-09,M10,10.57,10.57,10.33,10.33,10010,KBS,2026-10-09T05:15:58Z
2020-07-10,M10,10.39,10.51,10.39,10.45,5300,KBS,2026-10-09T05:15:58Z
2020-07-13,M10,10.39,10.45,10.27,10.27,12800,KBS,2026-10-09T05:15:58Z
2020-07-14,M10,10.33,10.45,10.33,10.45,410,KBS,2026-10-09T05:15:58Z
2020-07-15,M10,10.39,10.57,10.39,10.57,2600,KBS,2026-10-09T05:15:58Z
2020-07-16,M10,10.57,10.57,10.45,10.45,4200,KBS,2026-10-09T05:15:58Z
2020-07-17,M10,10.51,10.57,10.39,10.57,5300,KBS,2026-10-09T05:15:58Z
2020-07-20,M10,9.85,10.51,9.85,10.27,11428,KBS,2026-10-09T05:15:58Z
2020-07-21,M10,10.51,10.51,10.27,10.27,3250,KBS,2026-10-09T05:15:58Z
2020-07-22,M10,10.27,10.63,10.27,10.51,9300,KBS,2026-10-09T05:15:58Z
2020-07-23,M10,10.63,10.63,10.63,10.63,4500,KBS,2026-10-09T05:15:58Z
2020-07-24,M10,10.57,10.63,9.9,9.96,12078,KBS,2026-10-09T05:15:58Z
2020-07-27,M10,10.57,10.57,9.6,9.6,4810,KBS,2026-10-09T05:15:58Z
2020-07-28,M10,10.33,10.39,10.27,10.27,11100,KBS,2026-10-09T05:15:58Z
2020-07-29,M10,10.27,11.84,9.96,11.84,23500,KBS,2026-10-09T05:15:58Z
2020-07-30,M10,11.17,11.17,10.57,10.81,3910,KBS,2026-10-09T05:15:58Z
2020-07-31,M10,10.63,10.63,10.51,10.51,4400,KBS,2026-10-09T05:15:58Z
2020-08-03,M10,10.33,10.99,10.33,10.99,5500,KBS,2026-10-09T05:15:58Z
2020-08-04,M10,10.87,10.93,10.69,10.69,2830,KBS,2026-10-09T05:15:58Z
2020-08-05,M10,10.69,10.69,10.51,10.51,8659,KBS,2026-10-09T05:15:58Z
2020-08-06,M10,10.51,10.63,10.45,10.63,2200,KBS,2026-10-09T05:15:58Z
2020-08-07,M10,10.45,10.45,10.27,10.45,19200,KBS,2026-10-09T05:15:58Z
2020-08-10,M10,10.51,10.51,10.39,10.39,2600,KBS,2026-10-09T05:15:58Z
2020-08-11,M10,10.27,10.27,10.21,10.27,7836,KBS,2026-10-09T05:15:58Z
2020-08-12,M10,10.27,10.27,10.27,10.27,1330,KBS,2026-10-09T05:15:58Z
2020-08-13,M10,10.27,10.39,10.21,10.39,7302,KBS,2026-10-09T05:15:58Z
2020-08-14,M10,10.27,10.27,10.21,10.27,7620,KBS,2026-10-09T05:15:58Z
2020-08-17,M10,10.21,10.39,9.96,9.96,908,KBS,2026-10-09T05:15:58Z
2020-08-18,M10,10.09,10.27,9.66,10.27,2930,KBS,2026-10-09T05:15:58Z
2020-08-19,M10,10.15,10.39,10.15,10.39,8600,KBS,2026-10-09T05:15:58Z
2020-08-21,M10,10.27,10.27,10.21,10.27,2466,KBS,2026-10-09T05:15:58Z
2020-08-24,M10,10.21,10.39,10.15,10.39,6934,KBS,2026-10-09T05:15:58Z
2020-08-25,M10,10.51,10.57,10.51,10.51,10300,KBS,2026-10-09T05:15:58Z
2020-08-26,M10,10.63,11.05,10.63,10.87,21137,KBS,2026-10-09T05:15:58Z
2020-08-27,M10,11.11,11.11,11.05,11.05,201,KBS,2026-10-09T05:15:58Z
2020-08-28,M10,11.05,11.05,10.63,10.69,6900,KBS,2026-10-09T05:15:58Z
2020-08-31,M10,10.63,10.63,10.45,10.63,13635,KBS,2026-10-09T05:15:58Z
2020-09-01,M10,10.63,10.63,10.63,10.63,400,KBS,2026-10-09T05:15:58Z
2020-09-03,M10,10.51,10.51,10.51,10.51,2600,KBS,2026-10-09T05:15:58Z
2020-09-04,M10,10.57,10.57,10.57,10.57,200,KBS,2026-10-09T05:15:58Z
2020-09-07,M10,10.63,10.63,10.57,10.57,6100,KBS,2026-10-09T05:15:58Z
2020-09-08,M10,10.51,10.57,10.51,10.57,3000,KBS,2026-10-09T05:15:58Z
2020-09-09,M10,10.39,10.39,10.39,10.39,1100,KBS,2026-10-09T05:15:58Z
2020-09-10,M10,10.57,10.57,10.45,10.57,4000,KBS,2026-10-09T05:15:58Z
2020-09-11,M10,10.45,10.57,10.27,10.57,6560,KBS,2026-10-09T05:15:58Z
2020-09-14,M10,10.39,10.45,10.39,10.45,1800,KBS,2026-10-09T05:15:58Z
2020-09-15,M10,10.57,10.57,10.39,10.45,5900,KBS,2026-10-09T05:15:58Z
2020-09-16,M10,10.51,10.51,10.39,10.45,1000,KBS,2026-10-09T05:15:58Z
2020-09-17,M10,10.57,10.75,10.57,10.63,12660,KBS,2026-10-09T05:15:58Z
2020-09-18,M10,10.57,10.63,10.57,10.63,5000,KBS,2026-10-09T05:15:58Z
2020-09-21,M10,10.63,10.69,10.63,10.69,8995,KBS,2026-10-09T05:15:58Z
2020-09-22,M10,10.75,10.75,10.75,10.75,2505,KBS,2026-10-09T05:15:58Z
2020-09-23,M10,10.75,10.87,10.75,10.81,4655,KBS,2026-10-09T05:15:58Z
2020-09-29,M10,10.87,10.87,10.87,10.87,5000,KBS,2026-10-09T05:15:58Z
2020-09-30,M10,10.87,10.87,10.57,10.75,2300,KBS,2026-10-09T05:15:58Z
2020-10-01,M10,10.57,10.57,10.57,10.57,105,KBS,2026-10-09T05:15:58Z
2020-10-02,M10,10.57,10.57,10.57,10.57,300,KBS,2026-10-09T05:15:58Z
2020-10-05,M10,10.57,10.57,10.57,10.57,4400,KBS,2026-10-09T05:15:58Z
2020-10-06,M10,10.57,10.57,10.51,10.57,11220,KBS,2026-10-09T05:15:58Z
2020-10-07,M10,10.39,10.87,10.39,10.87,12000,KBS,2026-10-09T05:15:58Z
2020-10-09,M10,10.57,10.57,10.57,10.57,3500,KBS,2026-10-09T05:15:58Z
2020-10-12,M10,10.51,10.51,10.39,10.39,7800,KBS,2026-10-09T05:15:58Z
2020-10-13,M10,10.57,10.57,10.57,10.57,2000,KBS,2026-10-09T05:15:58Z
2020-10-14,M10,10.57,10.57,10.39,10.39,2500,KBS,2026-10-09T05:15:58Z
2020-10-15,M10,10.51,10.63,10.39,10.39,8300,KBS,2026-10-09T05:15:58Z
2020-10-16,M10,10.39,10.39,10.39,10.39,500,KBS,2026-10-09T05:15:58Z
2020-10-19,M10,10.45,10.57,10.45,10.57,3510,KBS,2026-10-09T05:15:58Z
2020-10-20,M10,10.39,10.45,10.39,10.45,2500,KBS,2026-10-09T05:15:58Z
2020-10-21,M10,10.39,10.57,10.27,10.57,9454,KBS,2026-10-09T05:15:58Z
2020-10-22,M10,10.33,10.33,10.33,10.33,728,KBS,2026-10-09T05:15:58Z
2020-10-23,M10,10.57,10.57,10.33,10.33,220,KBS,2026-10-09T05:15:58Z
2020-10-26,M10,10.33,10.33,10.27,10.33,3130,KBS,2026-10-09T05:15:58Z
2020-10-27,M10,10.45,10.45,10.39,10.39,3200,KBS,2026-10-09T05:15:58Z
2020-10-28,M10,10.45,10.57,10.33,10.33,9000,KBS,2026-10-09T05:15:58Z
2020-10-29,M10,10.39,10.51,10.39,10.39,5318,KBS,2026-10-09T05:15:58Z
2020-10-30,M10,10.45,10.75,10.45,10.63,19900,KBS,2026-10-09T05:15:58Z
2020-11-02,M10,10.63,10.63,10.63,10.63,1421,KBS,2026-10-09T05:15:58Z
2020-11-03,M10,10.63,10.69,10.57,10.57,1810,KBS,2026-10-09T05:15:58Z
2020-11-04,M10,10.75,11.05,10.57,11.05,41076,KBS,2026-10-09T05:15:58Z
2020-11-05,M10,10.87,11.6,10.87,11.48,27700,KBS,2026-10-09T05:15:58Z
2020-11-06,M10,11.48,11.54,11.48,11.54,10488,KBS,2026-10-09T05:15:58Z
2020-11-09,M10,10.87,11.17,10.39,10.93,9526,KBS,2026-10-09T05:15:58Z
2020-11-10,M10,11.02,11.15,10.75,11.08,10711,KBS,2026-10-09T05:15:58Z
2020-11-11,M10,10.68,10.82,10.02,10.82,23000,KBS,2026-10-09T05:15:58Z
2020-11-12,M10,11.02,11.08,10.75,10.95,5770,KBS,2026-10-09T05:15:58Z
2020-11-13,M10,10.95,11.08,10.88,11.02,5910,KBS,2026-10-09T05:15:58Z
2020-11-16,M10,10.95,11.02,10.88,11.02,5400,KBS,2026-10-09T05:15:58Z
2020-11-17,M10,10.95,10.95,10.95,10.95,1100,KBS,2026-10-09T05:15:58Z
2020-11-18,M10,10.88,10.95,10.88,10.95,1020,KBS,2026-10-09T05:15:58Z
2020-11-19,M10,10.95,10.95,10.75,10.82,8100,KBS,2026-10-09T05:15:58Z
2020-11-20,M10,10.62,10.82,10.62,10.82,1353,KBS,2026-10-09T05:15:58Z
2020-11-23,M10,10.75,10.75,10.75,10.75,3059,KBS,2026-10-09T05:15:58Z
2020-11-24,M10,10.82,10.88,10.82,10.88,2150,KBS,2026-10-09T05:15:58Z
2020-11-25,M10,10.82,10.88,10.82,10.88,3458,KBS,2026-10-09T05:15:58Z
2020-11-26,M10,10.75,10.82,10.75,10.82,3406,KBS,2026-10-09T05:15:58Z
2020-11-27,M10,10.82,10.88,10.82,10.88,4100,KBS,2026-10-09T05:15:58Z
2020-11-30,M10,10.88,10.88,10.82,10.82,4021,KBS,2026-10-09T05:15:58Z
2020-12-01,M10,10.82,10.82,10.75,10.75,4300,KBS,2026-10-09T05:15:58Z
2020-12-02,M10,10.75,10.88,10.75,10.82,3402,KBS,2026-10-09T05:15:58Z
2020-12-03,M10,10.68,11.02,10.62,11.02,2008,KBS,2026-10-09T05:15:58Z
2020-12-04,M10,11.02,11.02,11.02,11.02,500,KBS,2026-10-09T05:15:58Z
2020-12-07,M10,10.75,10.88,10.75,10.88,1700,KBS,2026-10-09T05:15:58Z
2020-12-08,M10,11.02,11.22,10.95,11.15,9308,KBS,2026-10-09T05:15:58Z
2020-12-09,M10,11.22,11.22,11.15,11.15,5800,KBS,2026-10-09T05:15:58Z
2020-12-10,M10,11.28,11.35,11.28,11.28,1700,KBS,2026-10-09T05:15:58Z
2020-12-11,M10,11.28,11.35,11.02,11.02,26108,KBS,2026-10-09T05:15:58Z
2020-12-14,M10,11.08,11.15,11.08,11.15,1908,KBS,2026-10-09T05:15:58Z
2020-12-15,M10,11.35,11.35,11.28,11.28,302,KBS,2026-10-09T05:15:58Z
2020-12-16,M10,11.08,11.15,10.95,11.15,11900,KBS,2026-10-09T05:15:58Z
2020-12-17,M10,11.15,11.55,11.15,11.55,41603,KBS,2026-10-09T05:15:58Z
2020-12-18,M10,11.28,11.28,11.22,11.28,11835,KBS,2026-10-09T05:15:58Z
2020-12-21,M10,11.28,11.42,11.22,11.42,9922,KBS,2026-10-09T05:15:58Z
2020-12-22,M10,11.35,11.35,11.35,11.35,11572,KBS,2026-10-09T05:15:58Z
2020-12-23,M10,11.35,11.55,11.35,11.35,8835,KBS,2026-10-09T05:15:58Z
2020-12-24,M10,11.48,11.48,11.08,11.22,7608,KBS,2026-10-09T05:15:58Z
2020-12-25,M10,11.35,11.35,11.35,11.35,18609,KBS,2026-10-09T05:15:58Z
2020-12-28,M10,11.35,11.35,11.22,11.35,10714,KBS,2026-10-09T05:15:58Z
2020-12-29,M10,11.22,11.48,11.22,11.35,22500,KBS,2026-10-09T05:15:58Z
2020-12-30,M10,11.35,11.48,11.35,11.35,10000,KBS,2026-10-09T05:15:58Z
2020-12-31,M10,11.42,11.42,11.28,11.28,2607,KBS,2026-10-09T05:15:58Z
2021-01-04,M10,11.48,11.48,11.28,11.28,7530,KBS,2026-10-09T05:15:58Z
2021-01-05,M10,11.28,11.28,11.22,11.28,12400,KBS,2026-10-09T05:15:58Z
2021-01-06,M10,11.22,11.28,11.22,11.22,8000,KBS,2026-10-09T05:15:58Z
2021-01-07,M10,11.28,11.35,11.22,11.35,26200,KBS,2026-10-09T05:15:58Z
2021-01-08,M10,11.35,11.35,11.22,11.35,22900,KBS,2026-10-09T05:15:58Z
2021-01-11,M10,11.35,12.02,11.28,11.89,51452,KBS,2026-10-09T05:15:58Z
2021-01-12,M10,12.02,12.35,12.02,12.02,11300,KBS,2026-10-09T05:15:58Z
2021-01-13,M10,11.89,12.29,11.89,12.15,36300,KBS,2026-10-09T05:15:58Z
2021-01-14,M10,12.15,12.15,11.89,12.02,7400,KBS,2026-10-09T05:15:58Z
2021-01-15,M10,11.89,13.82,11.62,12.89,37300,KBS,2026-10-09T05:15:58Z
2021-01-18,M10,12.95,13.22,12.02,13.15,61100,KBS,2026-10-09T05:15:58Z
2021-01-19,M10,12.89,12.89,11.68,12.09,26900,KBS,2026-10-09T05:15:58Z
2021-01-20,M10,12.22,12.22,11.48,12.02,12800,KBS,2026-10-09T05:15:58Z
2021-01-21,M10,12.02,12.89,12.02,12.35,12300,KBS,2026-10-09T05:15:58Z
2021-01-22,M10,12.35,13.09,12.35,12.69,41750,KBS,2026-10-09T05:15:58Z
2021-01-25,M10,13.02,14.62,13.02,14.42,69601,KBS,2026-10-09T05:15:58Z
2021-01-26,M10,15.36,15.36,13.36,14.02,16400,KBS,2026-10-09T05:15:58Z
2021-01-27,M10,12.75,13.02,12.35,13.02,21152,KBS,2026-10-09T05:15:58Z
2021-01-28,M10,11.42,12.69,11.22,12.69,30730,KBS,2026-10-09T05:15:58Z
2021-01-29,M10,12.69,12.69,11.35,12.69,8100,KBS,2026-10-09T05:15:58Z
2021-02-01,M10,12.22,12.22,11.35,11.48,10100,KBS,2026-10-09T05:15:58Z
2021-02-02,M10,11.42,11.75,11.42,11.48,13300,KBS,2026-10-09T05:15:58Z
2021-02-03,M10,11.62,12.35,11.62,12.35,7800,KBS,2026-10-09T05:15:58Z
2021-02-04,M10,12.29,12.35,11.82,12.22,3800,KBS,2026-10-09T05:15:58Z
2021-02-05,M10,12.15,12.35,12.15,12.22,8200,KBS,2026-10-09T05:15:58Z
2021-02-08,M10,12.22,12.22,11.89,11.89,3019,KBS,2026-10-09T05:15:58Z
2021-02-09,M10,12.02,12.22,12.02,12.22,20200,KBS,2026-10-09T05:15:58Z
2021-02-17,M10,12.42,13.09,12.42,12.95,5700,KBS,2026-10-09T05:15:58Z
2021-02-18,M10,12.69,12.69,12.29,12.29,11763,KBS,2026-10-09T05:15:58Z
2021-02-19,M10,12.42,12.62,12.42,12.55,13401,KBS,2026-10-09T05:15:58Z
2021-02-22,M10,12.49,12.49,12.42,12.49,13511,KBS,2026-10-09T05:15:58Z
2021-02-23,M10,12.49,12.69,12.49,12.69,4300,KBS,2026-10-09T05:15:58Z
2021-02-24,M10,12.42,12.69,12.02,12.02,20100,KBS,2026-10-09T05:15:58Z
2021-02-25,M10,12.42,12.49,12.35,12.49,8700,KBS,2026-10-09T05:15:58Z
2021-02-26,M10,12.35,12.55,12.35,12.42,4500,KBS,2026-10-09T05:15:58Z
2021-03-01,M10,12.69,12.69,12.55,12.62,7125,KBS,2026-10-09T05:15:58Z
2021-03-02,M10,12.69,12.69,12.55,12.55,8750,KBS,2026-10-09T05:15:58Z
2021-03-03,M10,12.55,12.75,12.55,12.69,21400,KBS,2026-10-09T05:15:58Z
2021-03-04,M10,12.69,12.89,12.42,12.69,12447,KBS,2026-10-09T05:15:58Z
2021-03-05,M10,12.89,13.09,12.69,13.09,4511,KBS,2026-10-09T05:15:58Z
2021-03-08,M10,13.15,14.76,13.09,14.76,189700,KBS,2026-10-09T05:15:58Z
2021-03-09,M10,14.76,15.62,14.36,14.36,28720,KBS,2026-10-09T05:15:58Z
2021-03-10,M10,14.29,14.69,12.69,14.69,54860,KBS,2026-10-09T05:15:58Z
2021-03-11,M10,13.42,14.62,13.42,14.56,13400,KBS,2026-10-09T05:15:58Z
2021-03-12,M10,14.69,14.76,14.29,14.56,20600,KBS,2026-10-09T05:15:58Z
2021-03-15,M10,14.29,14.29,13.69,14.29,10210,KBS,2026-10-09T05:15:58Z
2021-03-16,M10,14.09,14.89,14.02,14.69,9830,KBS,2026-10-09T05:15:58Z
2021-03-17,M10,14.02,14.62,14.02,14.62,4220,KBS,2026-10-09T05:15:58Z
2021-03-18,M10,14.42,14.89,14.29,14.69,7500,KBS,2026-10-09T05:15:58Z
2021-03-19,M10,14.76,14.76,14.02,14.02,3000,KBS,2026-10-09T05:15:58Z
2021-03-22,M10,14.22,14.29,13.96,13.96,9000,KBS,2026-10-09T05:15:58Z
2021-03-23,M10,14.09,14.09,13.82,13.82,9300,KBS,2026-10-09T05:15:58Z
2021-03-24,M10,13.96,14.16,13.89,14.16,4784,KBS,2026-10-09T05:15:58Z
2021-03-25,M10,14.09,14.36,14.09,14.36,600,KBS,2026-10-09T05:15:58Z
2021-03-26,M10,14.16,14.62,14.02,14.62,10000,KBS,2026-10-09T05:15:58Z
2021-03-29,M10,14.69,14.82,13.82,14.62,12322,KBS,2026-10-09T05:15:58Z
2021-03-30,M10,14.36,14.36,14.16,14.36,5500,KBS,2026-10-09T05:15:58Z
2021-03-31,M10,15.29,15.29,14.29,14.29,8300,KBS,2026-10-09T05:15:58Z
2021-04-01,M10,15.09,15.09,14.69,14.69,12340,KBS,2026-10-09T05:15:58Z
2021-04-02,M10,14.69,15.22,14.69,14.89,21418,KBS,2026-10-09T05:15:58Z
2021-04-05,M10,14.82,15.02,14.82,14.82,3200,KBS,2026-10-09T05:15:58Z
2021-04-06,M10,14.82,16.76,14.82,14.89,16738,KBS,2026-10-09T05:15:58Z
2021-04-07,M10,14.96,15.22,14.96,15.02,13700,KBS,2026-10-09T05:15:58Z
2021-04-08,M10,14.96,15.02,14.82,14.82,5345,KBS,2026-10-09T05:15:58Z
2021-04-09,M10,14.56,14.96,14.09,14.96,3419,KBS,2026-10-09T05:15:58Z
2021-04-12,M10,14.62,15.02,14.42,15.02,3547,KBS,2026-10-09T05:15:58Z
2021-04-13,M10,16.03,16.03,14.29,14.69,8300,KBS,2026-10-09T05:15:58Z
2021-04-14,M10,14.56,14.82,14.16,14.82,4300,KBS,2026-10-09T05:15:58Z
2021-04-15,M10,14.89,14.89,14.36,14.89,8200,KBS,2026-10-09T05:15:58Z
2021-04-19,M10,14.76,14.76,14.16,14.22,5736,KBS,2026-10-09T05:15:58Z
2021-04-20,M10,14.62,14.76,14.62,14.76,2300,KBS,2026-10-09T05:15:58Z
2021-04-22,M10,14.69,14.69,14.29,14.36,6062,KBS,2026-10-09T05:15:58Z
2021-04-23,M10,14.42,14.42,14.42,14.42,800,KBS,2026-10-09T05:15:58Z
2021-04-26,M10,14.42,14.42,13.69,14.36,20900,KBS,2026-10-09T05:15:58Z
2021-04-27,M10,13.69,13.69,12.22,12.22,4242,KBS,2026-10-09T05:15:58Z
2021-04-28,M10,14.29,14.29,14.29,14.29,200,KBS,2026-10-09T05:15:58Z
2021-04-29,M10,14.29,14.29,13.76,13.96,12500,KBS,2026-10-09T05:15:58Z
2021-05-04,M10,13.42,14.02,13.42,14.02,5700,KBS,2026-10-09T05:15:58Z
2021-05-05,M10,14.29,14.36,14.02,14.02,6400,KBS,2026-10-09T05:15:58Z
2021-05-06,M10,13.49,14.49,13.49,14.49,200,KBS,2026-10-09T05:15:58Z
2021-05-10,M10,13.96,14.16,13.96,14.16,3900,KBS,2026-10-09T05:15:58Z
2021-05-11,M10,13.96,13.96,13.69,13.69,12410,KBS,2026-10-09T05:15:58Z
2021-05-12,M10,14.02,14.16,13.69,13.69,13526,KBS,2026-10-09T05:15:58Z
2021-05-13,M10,14.22,14.76,13.69,14.02,30100,KBS,2026-10-09T05:15:58Z
2021-05-14,M10,14.16,14.29,14.16,14.29,15200,KBS,2026-10-09T05:15:58Z
2021-05-17,M10,14.29,14.42,14.22,14.22,5152,KBS,2026-10-09T05:15:58Z
2021-05-18,M10,14.22,14.22,14.22,14.22,1000,KBS,2026-10-09T05:15:58Z
2021-05-19,M10,14.02,14.09,14.02,14.02,10796,KBS,2026-10-09T05:15:58Z
2021-05-20,M10,14.09,14.22,14.02,14.16,6145,KBS,2026-10-09T05:15:58Z
2021-05-21,M10,14.9,14.9,14.12,14.62,8700,KBS,2026-10-09T05:15:58Z
2021-05-24,M10,14.26,14.69,14.26,14.4,10100,KBS,2026-10-09T05:15:58Z
2021-05-25,M10,14.4,14.4,14.26,14.26,3501,KBS,2026-10-09T05:15:58Z
2021-05-26,M10,13.83,13.83,13.48,13.83,10500,KBS,2026-10-09T05:15:58Z
2021-05-27,M10,13.62,14.19,13.41,13.41,8205,KBS,2026-10-09T05:15:58Z
2021-05-28,M10,13.62,13.62,13.41,13.62,7783,KBS,2026-10-09T05:15:58Z
2021-05-31,M10,13.48,13.69,13.48,13.69,1228,KBS,2026-10-09T05:15:58Z
2021-06-01,M10,13.55,13.55,13.41,13.55,3500,KBS,2026-10-09T05:15:58Z
2021-06-02,M10,13.55,13.9,13.55,13.76,2802,KBS,2026-10-09T05:15:58Z
2021-06-03,M10,13.76,13.83,13.76,13.76,12100,KBS,2026-10-09T05:15:58Z
2021-06-04,M10,13.76,13.76,13.76,13.76,4300,KBS,2026-10-09T05:15:58Z
2021-06-07,M10,13.83,14.12,13.69,14.12,5842,KBS,2026-10-09T05:15:58Z
2021-06-08,M10,14.19,14.19,13.9,14.05,12500,KBS,2026-10-09T05:15:58Z
2021-06-09,M10,13.9,13.98,13.55,13.98,14919,KBS,2026-10-09T05:15:58Z
2021-06-10,M10,14.05,14.05,13.76,13.76,942,KBS,2026-10-09T05:15:58Z
2021-06-11,M10,13.55,13.9,13.55,13.9,4005,KBS,2026-10-09T05:15:58Z
2021-06-14,M10,13.83,13.9,13.76,13.9,8000,KBS,2026-10-09T05:15:58Z
2021-06-15,M10,13.83,13.9,13.83,13.83,7300,KBS,2026-10-09T05:15:58Z
2021-06-17,M10,13.83,15.11,13.83,15.11,10000,KBS,2026-10-09T05:15:58Z
2021-06-18,M10,13.9,14.05,13.9,14.05,8400,KBS,2026-10-09T05:15:58Z
2021-06-21,M10,13.83,14.19,13.83,14.19,2418,KBS,2026-10-09T05:15:58Z
2021-06-22,M10,14.12,14.19,14.12,14.19,1900,KBS,2026-10-09T05:15:58Z
2021-06-23,M10,14.12,14.12,13.83,13.98,2800,KBS,2026-10-09T05:15:58Z
2021-06-24,M10,13.98,13.98,13.83,13.98,2800,KBS,2026-10-09T05:15:58Z
2021-06-25,M10,13.83,13.83,13.48,13.62,1100,KBS,2026-10-09T05:15:58Z
2021-06-28,M10,13.83,14.05,13.76,13.76,410,KBS,2026-10-09T05:15:58Z
2021-06-29,M10,13.62,14.05,13.62,13.83,1400,KBS,2026-10-09T05:15:58Z
2021-06-30,M10,13.9,13.9,13.69,13.69,1400,KBS,2026-10-09T05:15:58Z
2021-07-01,M10,13.62,13.62,13.62,13.62,1400,KBS,2026-10-09T05:15:58Z
2021-07-02,M10,13.62,13.62,13.62,13.62,2368,KBS,2026-10-09T05:15:58Z
2021-07-05,M10,13.55,13.76,13.48,13.76,7400,KBS,2026-10-09T05:15:58Z
2021-07-06,M10,13.83,13.83,13.48,13.48,4100,KBS,2026-10-09T05:15:58Z
2021-07-07,M10,13.76,13.76,13.76,13.76,400,KBS,2026-10-09T05:15:58Z
2021-07-08,M10,13.62,13.62,13.62,13.62,100,KBS,2026-10-09T05:15:58Z
2021-07-09,M10,13.69,13.69,13.48,13.48,700,KBS,2026-10-09T05:15:58Z
2021-07-12,M10,12.27,12.27,12.27,12.27,500,KBS,2026-10-09T05:15:58Z
2021-07-13,M10,12.34,12.7,12.34,12.7,2000,KBS,2026-10-09T05:15:58Z
2021-07-14,M10,13.41,13.41,12.49,12.49,5200,KBS,2026-10-09T05:15:58Z
2021-07-15,M10,13.12,13.12,13.12,13.12,668,KBS,2026-10-09T05:15:58Z
2021-07-19,M10,13.05,13.05,12.77,12.77,8700,KBS,2026-10-09T05:15:58Z
2021-07-20,M10,12.84,12.84,12.84,12.84,3713,KBS,2026-10-09T05:15:58Z
2021-07-21,M10,12.84,12.84,12.84,12.84,45,KBS,2026-10-09T05:15:58Z
2021-07-22,M10,12.84,13.05,12.84,12.98,6609,KBS,2026-10-09T05:15:58Z
2021-07-23,M10,12.98,12.98,12.98,12.98,2501,KBS,2026-10-09T05:15:58Z
2021-07-26,M10,13.05,13.62,13.05,13.55,2101,KBS,2026-10-09T05:15:58Z
2021-07-28,M10,13.48,13.55,13.48,13.55,10100,KBS,2026-10-09T05:15:58Z
2021-07-29,M10,13.48,13.48,12.56,13.48,4000,KBS,2026-10-09T05:15:58Z
2021-07-30,M10,13.55,13.55,13.48,13.48,2300,KBS,2026-10-09T05:15:58Z
2021-08-02,M10,13.48,13.48,13.48,13.48,3000,KBS,2026-10-09T05:15:58Z
2021-08-03,M10,13.48,13.48,13.48,13.48,5311,KBS,2026-10-09T05:15:58Z
2021-08-04,M10,13.48,13.48,13.48,13.48,718,KBS,2026-10-09T05:15:58Z
2021-08-05,M10,13.48,13.48,13.48,13.48,200,KBS,2026-10-09T05:15:58Z
2021-08-06,M10,13.48,13.48,13.12,13.48,11638,KBS,2026-10-09T05:15:58Z
2021-08-09,M10,13.05,13.05,13.05,13.05,200,KBS,2026-10-09T05:15:58Z
2021-08-10,M10,13.48,13.48,13.48,13.48,300,KBS,2026-10-09T05:15:58Z
2021-08-11,M10,13.55,13.55,13.12,13.2,3306,KBS,2026-10-09T05:15:58Z
2021-08-12,M10,13.48,13.62,13.48,13.48,10101,KBS,2026-10-09T05:15:58Z
2021-08-13,M10,13.55,13.62,13.41,13.41,2500,KBS,2026-10-09T05:15:58Z
2021-08-16,M10,13.48,14.05,13.48,13.83,58603,KBS,2026-10-09T05:15:58Z
2021-08-17,M10,13.9,14.33,13.69,13.83,33200,KBS,2026-10-09T05:15:58Z
2021-08-18,M10,13.83,13.98,13.76,13.98,14600,KBS,2026-10-09T05:15:58Z
2021-08-19,M10,14.05,14.05,13.83,13.83,12700,KBS,2026-10-09T05:15:58Z
2021-08-20,M10,13.98,13.98,13.76,13.76,69936,KBS,2026-10-09T05:15:58Z
2021-08-23,M10,13.48,13.55,13.41,13.48,15000,KBS,2026-10-09T05:15:58Z
2021-08-24,M10,13.12,13.76,13.12,13.62,8000,KBS,2026-10-09T05:15:58Z
2021-08-25,M10,13.76,13.76,13.2,13.69,736,KBS,2026-10-09T05:15:58Z
2021-08-26,M10,13.55,13.69,13.48,13.48,2400,KBS,2026-10-09T05:15:58Z
2021-08-27,M10,13.62,13.62,13.48,13.62,1800,KBS,2026-10-09T05:15:58Z
2021-08-30,M10,13.48,13.69,13.48,13.55,18700,KBS,2026-10-09T05:15:58Z
2021-08-31,M10,13.62,13.69,13.48,13.48,18100,KBS,2026-10-09T05:15:58Z
2021-09-01,M10,13.69,13.69,13.48,13.62,5502,KBS,2026-10-09T05:15:58Z
2021-09-06,M10,13.55,13.83,13.48,13.62,13806,KBS,2026-10-09T05:15:58Z
2021-09-07,M10,13.76,13.83,13.69,13.69,20400,KBS,2026-10-09T05:15:58Z
2021-09-08,M10,13.48,13.55,13.48,13.55,1800,KBS,2026-10-09T05:15:58Z
2021-09-09,M10,13.55,13.55,13.34,13.34,16200,KBS,2026-10-09T05:15:58Z
2021-09-10,M10,13.41,13.48,13.34,13.41,4200,KBS,2026-10-09T05:15:58Z
2021-09-13,M10,13.41,13.48,13.34,13.34,11500,KBS,2026-10-09T05:15:58Z
2021-09-14,M10,13.34,13.55,13.34,13.48,8800,KBS,2026-10-09T05:15:58Z
2021-09-15,M10,13.48,13.62,13.48,13.62,11540,KBS,2026-10-09T05:15:58Z
2021-09-16,M10,13.48,13.69,13.48,13.62,12200,KBS,2026-10-09T05:15:58Z
2021-09-17,M10,13.62,14.26,13.62,13.9,31400,KBS,2026-10-09T05:15:58Z
2021-09-20,M10,14.19,14.9,13.98,14.4,35000,KBS,2026-10-09T05:15:58Z
2021-09-21,M10,14.4,15.75,14.19,14.62,16830,KBS,2026-10-09T05:15:58Z
2021-09-22,M10,15.18,15.18,14.26,14.54,18863,KBS,2026-10-09T05:15:58Z
2021-09-23,M10,14.83,15.04,14.4,14.47,33200,KBS,2026-10-09T05:15:58Z
2021-09-24,M10,14.26,14.83,14.19,14.19,5700,KBS,2026-10-09T05:15:58Z
2021-09-27,M10,14.4,14.9,13.83,13.83,16100,KBS,2026-10-09T05:15:58Z
2021-09-28,M10,14.19,14.33,13.48,13.83,12410,KBS,2026-10-09T05:15:58Z
2021-09-29,M10,14.12,14.54,13.83,13.83,13550,KBS,2026-10-09T05:15:58Z
2021-09-30,M10,13.98,14.05,13.83,13.83,7600,KBS,2026-10-09T05:15:58Z
2021-10-01,M10,13.83,13.83,13.55,13.69,6900,KBS,2026-10-09T05:15:58Z
2021-10-04,M10,13.69,13.83,13.48,13.76,10833,KBS,2026-10-09T05:15:58Z
2021-10-05,M10,13.69,13.9,13.62,13.69,23000,KBS,2026-10-09T05:15:58Z
2021-10-06,M10,13.83,13.98,13.48,13.83,30872,KBS,2026-10-09T05:15:58Z
2021-10-07,M10,13.83,14.47,13.76,14.19,19900,KBS,2026-10-09T05:15:58Z
2021-10-08,M10,13.9,14.05,13.62,13.83,40733,KBS,2026-10-09T05:15:58Z
2021-10-11,M10,13.83,13.98,13.69,13.69,37400,KBS,2026-10-09T05:15:58Z
2021-10-12,M10,13.69,13.98,13.69,13.76,7700,KBS,2026-10-09T05:15:58Z
2021-10-13,M10,13.62,13.76,13.62,13.76,10200,KBS,2026-10-09T05:15:58Z
2021-10-14,M10,13.76,13.98,13.76,13.83,8700,KBS,2026-10-09T05:15:58Z
2021-10-15,M10,13.83,13.9,13.83,13.9,5668,KBS,2026-10-09T05:15:58Z
2021-10-18,M10,13.83,13.98,13.83,13.98,9950,KBS,2026-10-09T05:15:58Z
2021-10-19,M10,14.05,14.4,14.05,14.26,26704,KBS,2026-10-09T05:15:58Z
2021-10-20,M10,14.19,14.4,14.19,14.19,3500,KBS,2026-10-09T05:15:58Z
2021-10-21,M10,14.33,14.33,13.83,14.05,7300,KBS,2026-10-09T05:15:58Z
2021-10-22,M10,14.26,14.62,14.19,14.54,22500,KBS,2026-10-09T05:15:58Z
2021-10-25,M10,14.47,14.54,14.4,14.4,14500,KBS,2026-10-09T05:15:58Z
2021-10-26,M10,14.54,14.69,14.33,14.69,14303,KBS,2026-10-09T05:15:58Z
2021-10-27,M10,14.54,15.25,14.54,14.83,39700,KBS,2026-10-09T05:15:58Z
2021-10-28,M10,14.9,16.74,14.9,15.61,48000,KBS,2026-10-09T05:15:58Z
2021-10-29,M10,15.61,17.17,15.61,16.89,104600,KBS,2026-10-09T05:15:58Z
2021-11-01,M10,17.17,17.74,17.03,17.66,58500,KBS,2026-10-09T05:15:58Z
2021-11-02,M10,17.59,18.3,17.38,18.02,39140,KBS,2026-10-09T05:15:58Z
2021-11-03,M10,17.74,18.09,16.46,16.67,43000,KBS,2026-10-09T05:15:58Z
2021-11-04,M10,15.82,17.1,15.61,16.96,13800,KBS,2026-10-09T05:15:58Z
2021-11-05,M10,17.03,18.16,16.53,17.03,41000,KBS,2026-10-09T05:15:58Z
2021-11-08,M10,17.03,17.03,14.69,16.81,15505,KBS,2026-10-09T05:15:58Z
2021-11-09,M10,16.18,16.96,16.18,16.81,26022,KBS,2026-10-09T05:15:58Z
2021-11-10,M10,16.81,17.17,16.6,17.17,16767,KBS,2026-10-09T05:15:58Z
2021-11-11,M10,16.53,17.03,16.53,16.89,17600,KBS,2026-10-09T05:15:58Z
2021-11-12,M10,16.96,16.96,16.67,16.96,4018,KBS,2026-10-09T05:15:58Z
2021-11-15,M10,16.81,17.17,16.81,17.1,40700,KBS,2026-10-09T05:15:58Z
2021-11-16,M10,16.74,16.89,16.74,16.81,4000,KBS,2026-10-09T05:15:58Z
2021-11-17,M10,17.24,17.24,17.17,17.17,2300,KBS,2026-10-09T05:15:58Z
2021-11-18,M10,16.81,17.24,16.81,17.17,24500,KBS,2026-10-09T05:15:58Z
2021-11-19,M10,17.45,17.45,16.89,16.89,25110,KBS,2026-10-09T05:15:58Z
2021-11-22,M10,17.17,17.24,16.96,16.96,13300,KBS,2026-10-09T05:15:58Z
2021-11-23,M10,17.03,17.74,16.89,17.74,15700,KBS,2026-10-09T05:15:58Z
2021-11-24,M10,17.1,18.45,17.1,18.09,18600,KBS,2026-10-09T05:15:58Z
2021-11-25,M10,18.09,18.16,17.31,17.31,12400,KBS,2026-10-09T05:15:58Z
2021-11-26,M10,17.52,17.59,17.1,17.59,42400,KBS,2026-10-09T05:15:58Z
2021-11-29,M10,16.67,16.74,16.6,16.6,16305,KBS,2026-10-09T05:15:58Z
2021-11-30,M10,16.74,16.74,16.53,16.53,11700,KBS,2026-10-09T05:15:58Z
2021-12-01,M10,16.53,16.67,16.32,16.67,7900,KBS,2026-10-09T05:15:58Z
2021-12-02,M10,17.31,17.31,16.67,17.31,4600,KBS,2026-10-09T05:15:58Z
2021-12-03,M10,16.67,17.38,16.6,16.6,2268,KBS,2026-10-09T05:15:58Z
2021-12-06,M10,16.96,16.96,16.81,16.81,1005,KBS,2026-10-09T05:15:58Z
2021-12-07,M10,16.89,16.89,16.46,16.67,900,KBS,2026-10-09T05:15:58Z
2021-12-08,M10,16.67,17.17,16.67,16.67,5300,KBS,2026-10-09T05:15:58Z
2021-12-09,M10,16.67,16.74,16.6,16.6,6300,KBS,2026-10-09T05:15:58Z
2021-12-10,M10,16.6,16.6,16.6,16.6,5600,KBS,2026-10-09T05:15:58Z
2021-12-13,M10,16.67,16.67,16.46,16.46,435,KBS,2026-10-09T05:15:58Z
2021-12-14,M10,16.32,16.46,16.32,16.46,3841,KBS,2026-10-09T05:15:58Z
2021-12-15,M10,16.46,17.03,16.32,16.46,3801,KBS,2026-10-09T05:15:58Z
2021-12-16,M10,16.32,16.6,16.32,16.46,2000,KBS,2026-10-09T05:15:58Z
2021-12-17,M10,16.53,16.53,16.32,16.32,5500,KBS,2026-10-09T05:15:58Z
2021-12-20,M10,16.32,16.39,16.25,16.25,905,KBS,2026-10-09T05:15:58Z
2021-12-21,M10,16.32,16.32,16.32,16.32,9400,KBS,2026-10-09T05:15:58Z
2021-12-22,M10,16.32,16.32,15.82,16.1,6000,KBS,2026-10-09T05:15:58Z
2021-12-23,M10,16.67,16.67,16.67,16.67,343,KBS,2026-10-09T05:15:58Z
2021-12-24,M10,16.67,17.1,16.18,17.1,7121,KBS,2026-10-09T05:15:58Z
2021-12-27,M10,16.32,16.32,16.32,16.32,200,KBS,2026-10-09T05:15:58Z
2021-12-28,M10,16.39,16.39,16.39,16.39,501,KBS,2026-10-09T05:15:58Z
2021-12-29,M10,16.46,16.46,16.32,16.32,8500,KBS,2026-10-09T05:15:58Z
2021-12-30,M10,16.6,16.67,16.46,16.67,7888,KBS,2026-10-09T05:15:58Z
2021-12-31,M10,16.6,16.67,16.6,16.67,1100,KBS,2026-10-09T05:15:58Z
2022-01-04,M10,16.67,16.81,16.67,16.67,3307,KBS,2026-10-09T05:15:58Z
2022-01-05,M10,16.81,16.81,16.67,16.74,5049,KBS,2026-10-09T05:15:58Z
2022-01-06,M10,16.74,16.81,16.32,16.39,5082,KBS,2026-10-09T05:15:58Z
2022-01-07,M10,16.46,17.03,16.46,16.46,5800,KBS,2026-10-09T05:15:58Z
2022-01-10,M10,16.6,16.6,16.53,16.53,11206,KBS,2026-10-09T05:15:58Z
2022-01-11,M10,16.39,16.46,16.39,16.39,4341,KBS,2026-10-09T05:15:58Z
2022-01-12,M10,16.39,16.67,16.32,16.67,1600,KBS,2026-10-09T05:15:58Z
2022-01-13,M10,16.39,16.6,16.39,16.6,1000,KBS,2026-10-09T05:15:58Z
2022-01-17,M10,16.53,16.53,16.32,16.32,400,KBS,2026-10-09T05:15:58Z
2022-01-20,M10,15.75,16.32,15.75,16.32,1300,KBS,2026-10-09T05:15:58Z
2022-01-21,M10,16.67,16.67,16.67,16.67,100,KBS,2026-10-09T05:15:58Z
2022-01-24,M10,16.32,16.67,14.47,14.47,4900,KBS,2026-10-09T05:15:58Z
2022-01-26,M10,14.47,16.46,14.47,16.46,3800,KBS,2026-10-09T05:15:58Z
2022-01-27,M10,16.25,16.32,16.25,16.32,2060,KBS,2026-10-09T05:15:58Z
2022-01-28,M10,16.39,17.03,16.32,16.32,13000,KBS,2026-10-09T05:15:58Z
2022-02-07,M10,17.52,17.52,16.39,16.67,2841,KBS,2026-10-09T05:15:58Z
2022-02-08,M10,17.24,17.24,16.53,16.67,17001,KBS,2026-10-09T05:15:58Z
2022-02-09,M10,16.74,16.96,16.67,16.96,8500,KBS,2026-10-09T05:15:58Z
2022-02-10,M10,16.74,16.96,16.67,16.96,7100,KBS,2026-10-09T05:15:58Z
2022-02-11,M10,16.32,16.81,16.32,16.81,10803,KBS,2026-10-09T05:15:58Z
2022-02-14,M10,16.67,16.67,16.53,16.53,5000,KBS,2026-10-09T05:15:58Z
2022-02-15,M10,16.03,16.89,16.03,16.89,6700,KBS,2026-10-09T05:15:58Z
2022-02-16,M10,16.67,16.81,16.67,16.81,1800,KBS,2026-10-09T05:15:58Z
2022-02-17,M10,16.96,17.1,16.89,16.89,6800,KBS,2026-10-09T05:15:58Z
2022-02-18,M10,17.03,17.17,17.03,17.1,4500,KBS,2026-10-09T05:15:58Z
2022-02-21,M10,17.1,17.1,17.1,17.1,2300,KBS,2026-10-09T05:15:58Z
2022-02-22,M10,16.96,16.96,16.96,16.96,100,KBS,2026-10-09T05:15:58Z
2022-02-23,M10,17.03,17.17,17.03,17.17,12100,KBS,2026-10-09T05:15:58Z
2022-02-24,M10,17.1,17.1,16.81,16.81,7234,KBS,2026-10-09T05:15:58Z
2022-02-25,M10,16.67,17.38,16.67,17.38,500,KBS,2026-10-09T05:15:58Z
2022-02-28,M10,17.24,17.24,17.24,17.24,1000,KBS,2026-10-09T05:15:58Z
2022-03-01,M10,17.17,17.17,17.03,17.03,500,KBS,2026-10-09T05:15:58Z
2022-03-02,M10,16.96,17.03,16.96,17.03,1000,KBS,2026-10-09T05:15:58Z
2022-03-03,M10,16.89,16.96,16.67,16.67,11000,KBS,2026-10-09T05:15:58Z
2022-03-04,M10,16.81,16.81,16.81,16.81,7500,KBS,2026-10-09T05:15:58Z
2022-03-07,M10,16.81,16.89,16.81,16.89,3200,KBS,2026-10-09T05:15:58Z
2022-03-08,M10,16.96,17.03,16.81,16.81,2000,KBS,2026-10-09T05:15:58Z
2022-03-09,M10,16.81,16.81,16.81,16.81,900,KBS,2026-10-09T05:15:58Z
2022-03-10,M10,16.39,16.81,16.39,16.81,1100,KBS,2026-10-09T05:15:58Z
2022-03-11,M10,16.81,16.81,16.74,16.74,5100,KBS,2026-10-09T05:15:58Z
2022-03-14,M10,16.81,16.81,16.81,16.81,900,KBS,2026-10-09T05:15:58Z
2022-03-15,M10,17.1,17.1,16.81,16.89,1700,KBS,2026-10-09T05:15:58Z
2022-03-16,M10,17.1,17.1,17.1,17.1,100,KBS,2026-10-09T05:15:58Z
2022-03-18,M10,16.96,17.1,16.39,16.39,2801,KBS,2026-10-09T05:15:58Z
2022-03-21,M10,16.53,17.17,16.46,17.17,8003,KBS,2026-10-09T05:15:58Z
2022-03-22,M10,17.03,17.03,16.74,16.74,11300,KBS,2026-10-09T05:15:58Z
2022-03-23,M10,17.03,17.03,16.96,16.96,1400,KBS,2026-10-09T05:15:58Z
2022-03-25,M10,17.03,17.03,16.46,16.53,20700,KBS,2026-10-09T05:15:58Z
2022-03-28,M10,16.53,16.53,16.32,16.32,9300,KBS,2026-10-09T05:15:58Z
2022-03-29,M10,16.32,17.1,16.32,17.1,17600,KBS,2026-10-09T05:15:58Z
2022-03-30,M10,16.89,17.03,16.81,16.89,7500,KBS,2026-10-09T05:15:58Z
2022-03-31,M10,16.96,17.17,16.96,17.1,17200,KBS,2026-10-09T05:15:58Z
2022-04-01,M10,17.03,17.03,17.03,17.03,200,KBS,2026-10-09T05:15:58Z
2022-04-04,M10,17.17,17.17,17.1,17.1,2500,KBS,2026-10-09T05:15:58Z
2022-04-05,M10,17.1,17.17,17.03,17.17,5400,KBS,2026-10-09T05:15:58Z
2022-04-06,M10,17.03,17.1,16.96,16.96,7200,KBS,2026-10-09T05:15:58Z
2022-04-07,M10,17.03,17.17,16.67,17.17,10400,KBS,2026-10-09T05:15:58Z
2022-04-08,M10,17.03,17.03,17.03,17.03,500,KBS,2026-10-09T05:15:58Z
2022-04-12,M10,16.96,16.96,16.67,16.67,5500,KBS,2026-10-09T05:15:58Z
2022-04-13,M10,16.67,16.81,16.6,16.81,12800,KBS,2026-10-09T05:15:58Z
2022-04-14,M10,17.17,17.17,16.81,16.89,2100,KBS,2026-10-09T05:15:58Z
2022-04-15,M10,16.74,16.89,16.74,16.89,3900,KBS,2026-10-09T05:15:58Z
2022-04-18,M10,16.81,17.24,16.81,16.81,10382,KBS,2026-10-09T05:15:58Z
2022-04-19,M10,17.03,17.17,17.03,17.03,17800,KBS,2026-10-09T05:15:58Z
2022-04-20,M10,17.03,17.03,17.03,17.03,500,KBS,2026-10-09T05:15:58Z
2022-04-21,M10,17.03,17.03,16.25,16.53,8818,KBS,2026-10-09T05:15:58Z
2022-04-22,M10,16.67,16.67,16.53,16.6,5100,KBS,2026-10-09T05:15:58Z
2022-04-25,M10,16.39,16.6,14.62,16.6,132300,KBS,2026-10-09T05:15:58Z
2022-04-26,M10,16.1,16.32,16.1,16.32,700,KBS,2026-10-09T05:15:58Z
2022-04-27,M10,16.67,17.03,16.67,17.03,16900,KBS,2026-10-09T05:15:58Z
2022-04-28,M10,16.32,16.32,16.32,16.32,100,KBS,2026-10-09T05:15:58Z
2022-04-29,M10,16.67,16.67,16.67,16.67,1100,KBS,2026-10-09T05:15:58Z
2022-05-04,M10,16.74,16.74,16.32,16.67,3100,KBS,2026-10-09T05:15:58Z
2022-05-06,M10,16.53,16.53,16.32,16.46,7800,KBS,2026-10-09T05:15:58Z
2022-05-09,M10,14.83,14.97,14.83,14.97,1000,KBS,2026-10-09T05:15:58Z
2022-05-10,M10,15.11,15.11,14.9,14.9,1361,KBS,2026-10-09T05:15:58Z
2022-05-12,M10,15.18,15.18,15.04,15.04,2000,KBS,2026-10-09T05:15:58Z
2022-05-13,M10,15.11,15.75,15.11,15.75,1600,KBS,2026-10-09T05:15:58Z
2022-05-16,M10,15.75,15.75,15.75,15.75,600,KBS,2026-10-09T05:15:58Z
2022-05-17,M10,17.31,17.31,17.31,17.31,166,KBS,2026-10-09T05:15:58Z
2022-05-18,M10,17.1,17.31,17.1,17.31,500,KBS,2026-10-09T05:15:58Z
2022-05-24,M10,14.97,14.97,14.97,14.97,500,KBS,2026-10-09T05:15:58Z
2022-05-25,M10,17.03,17.03,17.03,17.03,100,KBS,2026-10-09T05:15:58Z
2022-05-26,M10,17.03,17.03,16.96,16.96,900,KBS,2026-10-09T05:15:58Z
2022-05-30,M10,16.67,16.67,16.67,16.67,500,KBS,2026-10-09T05:15:58Z
2022-05-31,M10,16.6,16.6,16.46,16.46,600,KBS,2026-10-09T05:15:58Z
2022-06-01,M10,15.75,15.75,15.68,15.68,700,KBS,2026-10-09T05:15:58Z
2022-06-02,M10,16.34,16.57,16.34,16.57,600,KBS,2026-10-09T05:15:58Z
2022-06-03,M10,16.49,16.49,16.34,16.34,600,KBS,2026-10-09T05:15:58Z
2022-06-06,M10,15.9,16.34,15.75,16.34,2100,KBS,2026-10-09T05:15:58Z
2022-06-07,M10,16.12,16.12,16.12,16.12,400,KBS,2026-10-09T05:15:58Z
2022-06-08,M10,16.42,16.42,16.42,16.42,600,KBS,2026-10-09T05:15:58Z
2022-06-13,M10,16.42,16.42,16.42,16.42,3,KBS,2026-10-09T05:15:58Z
2022-06-14,M10,16.42,16.42,16.42,16.42,3,KBS,2026-10-09T05:15:58Z
2022-06-15,M10,16.42,16.42,16.27,16.27,2700,KBS,2026-10-09T05:15:58Z
2022-06-17,M10,15.53,15.53,15.53,15.53,601,KBS,2026-10-09T05:15:58Z
2022-06-20,M10,15.53,15.53,15.53,15.53,6608,KBS,2026-10-09T05:15:58Z
2022-06-21,M10,15.53,15.53,15.53,15.53,500,KBS,2026-10-09T05:15:58Z
2022-06-22,M10,14.86,14.86,14.86,14.86,100,KBS,2026-10-09T05:15:58Z
2022-06-23,M10,15.53,15.53,15.53,15.53,100,KBS,2026-10-09T05:15:58Z
2022-06-24,M10,15.53,15.53,15.53,15.53,500,KBS,2026-10-09T05:15:58Z
2022-06-27,M10,15.53,15.53,15.53,15.53,8,KBS,2026-10-09T05:15:58Z
2022-06-30,M10,15.75,15.75,15.53,15.53,4200,KBS,2026-10-09T05:15:58Z
2022-07-01,M10,15.53,15.53,15.53,15.53,2100,KBS,2026-10-09T05:15:58Z
2022-07-04,M10,15.53,16.05,15.53,16.05,4202,KBS,2026-10-09T05:15:58Z
2022-07-05,M10,15.53,15.68,15.53,15.53,3500,KBS,2026-10-09T05:15:58Z
2022-07-06,M10,15.53,15.6,15.46,15.6,3300,KBS,2026-10-09T05:15:58Z
2022-07-11,M10,13.46,15.53,13.46,15.53,700,KBS,2026-10-09T05:15:58Z
2022-07-13,M10,14.86,15.38,12.57,15.38,3037,KBS,2026-10-09T05:15:58Z
2022-07-14,M10,14.42,14.42,14.35,14.42,600,KBS,2026-10-09T05:15:58Z
2022-07-18,M10,14.42,14.5,14.35,14.42,900,KBS,2026-10-09T05:15:58Z
2022-07-19,M10,14.42,14.42,14.42,14.42,1,KBS,2026-10-09T05:15:58Z
2022-07-20,M10,14.79,14.79,14.5,14.79,800,KBS,2026-10-09T05:15:58Z
2022-07-22,M10,14.72,14.72,14.72,14.72,200,KBS,2026-10-09T05:15:58Z
2022-07-26,M10,14.79,14.79,14.64,14.64,1200,KBS,2026-10-09T05:15:58Z
2022-07-27,M10,13.83,15.38,13.83,15.38,600,KBS,2026-10-09T05:15:58Z
2022-07-29,M10,14.05,14.57,14.05,14.57,4300,KBS,2026-10-09T05:15:58Z
2022-08-01,M10,14.64,14.72,14.42,14.42,700,KBS,2026-10-09T05:15:58Z
2022-08-02,M10,15.46,15.46,14.79,15.16,500,KBS,2026-10-09T05:15:58Z
2022-08-03,M10,15.31,15.31,15.31,15.31,400,KBS,2026-10-09T05:15:58Z
2022-08-05,M10,14.79,14.79,14.79,14.79,100,KBS,2026-10-09T05:15:58Z
2022-08-08,M10,15.46,15.46,15.46,15.46,400,KBS,2026-10-09T05:15:58Z
2022-08-09,M10,14.42,14.42,14.42,14.42,400,KBS,2026-10-09T05:15:58Z
2022-08-10,M10,14.5,14.5,14.5,14.5,102,KBS,2026-10-09T05:15:58Z
2022-08-11,M10,14.5,14.5,14.5,14.5,200,KBS,2026-10-09T05:15:58Z
2022-08-15,M10,14.5,14.5,14.5,14.5,1900,KBS,2026-10-09T05:15:58Z
2022-08-17,M10,16.2,16.2,16.2,16.2,100,KBS,2026-10-09T05:15:58Z
2022-08-18,M10,14.5,14.5,14.5,14.5,500,KBS,2026-10-09T05:15:58Z
2022-08-19,M10,14.64,14.64,14.64,14.64,410,KBS,2026-10-09T05:15:58Z
2022-08-22,M10,14.64,14.64,14.64,14.64,2000,KBS,2026-10-09T05:15:58Z
2022-08-23,M10,14.79,14.79,14.79,14.79,500,KBS,2026-10-09T05:15:58Z
2022-08-24,M10,14.79,14.79,14.79,14.79,300,KBS,2026-10-09T05:15:58Z
2022-08-29,M10,14.5,14.57,14.5,14.5,300,KBS,2026-10-09T05:15:58Z
2022-09-06,M10,14.42,14.42,14.42,14.42,320,KBS,2026-10-09T05:15:58Z
2022-09-08,M10,14.57,14.64,14.42,14.42,1800,KBS,2026-10-09T05:15:58Z
2022-09-12,M10,14.5,14.5,14.5,14.5,1350,KBS,2026-10-09T05:15:58Z
2022-09-14,M10,14.5,14.5,14.42,14.42,700,KBS,2026-10-09T05:15:58Z
2022-09-15,M10,14.42,14.42,14.42,14.42,207,KBS,2026-10-09T05:15:58Z
2022-09-16,M10,14.42,14.42,14.42,14.42,10,KBS,2026-10-09T05:15:58Z
2022-09-19,M10,14.42,14.42,14.42,14.42,500,KBS,2026-10-09T05:15:58Z
2022-09-20,M10,14.42,14.42,14.42,14.42,2100,KBS,2026-10-09T05:15:58Z
2022-09-21,M10,14.42,14.42,14.42,14.42,20,KBS,2026-10-09T05:15:58Z
2022-09-22,M10,14.42,14.42,14.42,14.42,60,KBS,2026-10-09T05:15:58Z
2022-09-27,M10,14.35,14.35,14.2,14.35,17500,KBS,2026-10-09T05:15:58Z
2022-09-29,M10,14.35,14.35,12.5,14.2,4200,KBS,2026-10-09T05:15:58Z
2022-09-30,M10,14.05,14.2,13.9,14.05,1300,KBS,2026-10-09T05:15:58Z
2022-10-03,M10,14.57,14.79,14.12,14.2,2310,KBS,2026-10-09T05:15:58Z
2022-10-05,M10,14.64,14.79,14.64,14.79,2800,KBS,2026-10-09T05:15:58Z
2022-10-06,M10,14.79,14.79,14.79,14.79,268750,KBS,2026-10-09T05:15:58Z
2022-10-07,M10,14.42,14.79,14.42,14.79,17500,KBS,2026-10-09T05:15:58Z
2022-10-10,M10,14.79,14.79,14.79,14.79,538200,KBS,2026-10-09T05:15:58Z
2022-10-11,M10,14.2,14.2,14.12,14.12,2000,KBS,2026-10-09T05:15:58Z
2022-10-18,M10,14.79,14.79,14.79,14.79,90000,KBS,2026-10-09T05:15:58Z
2022-10-19,M10,14.79,14.79,14.79,14.79,99000,KBS,2026-10-09T05:15:58Z
2022-10-21,M10,14.05,14.05,13.98,13.98,300,KBS,2026-10-09T05:15:58Z
2022-10-25,M10,14.79,14.79,14.79,14.79,110001,KBS,2026-10-09T05:15:58Z
2022-10-28,M10,14.79,14.79,14.79,14.79,63,KBS,2026-10-09T05:15:58Z
2022-10-31,M10,14.57,14.57,14.57,14.57,1000,KBS,2026-10-09T05:15:58Z
2022-11-02,M10,14.57,14.57,14.57,14.57,10,KBS,2026-10-09T05:15:58Z
2022-11-04,M10,14.57,14.57,14.57,14.57,5,KBS,2026-10-09T05:15:58Z
2022-11-08,M10,13.31,13.31,13.31,13.31,429,KBS,2026-10-09T05:15:58Z
2022-11-09,M10,13.31,13.31,13.31,13.31,10,KBS,2026-10-09T05:15:58Z
2022-11-10,M10,13.39,13.39,13.31,13.31,10000,KBS,2026-10-09T05:15:58Z
2022-11-14,M10,13.31,13.31,13.31,13.31,500,KBS,2026-10-09T05:15:58Z
2022-11-15,M10,13.02,13.02,12.94,12.94,6000,KBS,2026-10-09T05:15:58Z
2022-11-16,M10,13.09,13.09,13.09,13.09,3001,KBS,2026-10-09T05:15:58Z
2022-11-21,M10,12.94,12.94,12.94,12.94,100,KBS,2026-10-09T05:15:58Z
2022-11-29,M10,13.02,14.27,13.02,14.27,700,KBS,2026-10-09T05:15:58Z
2022-11-30,M10,13.09,13.09,13.02,13.02,900,KBS,2026-10-09T05:15:58Z
2022-12-05,M10,13.02,13.02,13.02,13.02,100,KBS,2026-10-09T05:15:58Z
2022-12-06,M10,13.02,13.02,13.02,13.02,1100,KBS,2026-10-09T05:15:58Z
2022-12-07,M10,14.2,14.2,13.53,13.53,3042,KBS,2026-10-09T05:15:58Z
2022-12-08,M10,13.31,13.31,13.31,13.31,206,KBS,2026-10-09T05:15:58Z
2022-12-09,M10,14.12,14.12,13.39,13.39,218,KBS,2026-10-09T05:15:58Z
2022-12-12,M10,14.12,14.12,14.12,14.12,200,KBS,2026-10-09T05:15:58Z
2022-12-13,M10,13.31,13.31,13.31,13.31,100,KBS,2026-10-09T05:15:58Z
2022-12-14,M10,13.39,13.39,13.31,13.31,900,KBS,2026-10-09T05:15:58Z
2022-12-16,M10,13.31,13.31,13.31,13.31,200,KBS,2026-10-09T05:15:58Z
2022-12-20,M10,13.31,13.31,13.31,13.31,2000,KBS,2026-10-09T05:15:58Z
2022-12-21,M10,13.39,13.39,13.39,13.39,500,KBS,2026-10-09T05:15:58Z
2022-12-26,M10,13.46,13.46,13.39,13.39,2200,KBS,2026-10-09T05:15:58Z
2022-12-27,M10,13.46,13.46,13.31,13.31,1000,KBS,2026-10-09T05:15:58Z
2022-12-28,M10,13.31,13.39,13.31,13.39,1000,KBS,2026-10-09T05:15:58Z
2022-12-29,M10,13.31,13.31,13.31,13.31,100,KBS,2026-10-09T05:15:58Z
2023-01-05,M10,13.39,13.39,13.39,13.39,100,KBS,2026-10-09T05:15:58Z
2023-01-06,M10,14.05,14.05,14.05,14.05,1094,KBS,2026-10-09T05:15:58Z
2023-01-09,M10,14.05,14.05,14.05,14.05,200,KBS,2026-10-09T05:15:58Z
2023-01-10,M10,13.68,13.68,13.68,13.68,200,KBS,2026-10-09T05:15:58Z
2023-01-16,M10,13.98,13.98,13.98,13.98,200,KBS,2026-10-09T05:15:58Z
2023-01-17,M10,14.2,14.2,14.05,14.05,1500,KBS,2026-10-09T05:15:58Z
2023-01-18,M10,14.05,14.05,14.05,14.05,100,KBS,2026-10-09T05:15:58Z
2023-01-19,M10,14.5,14.5,14.5,14.5,200,KBS,2026-10-09T05:15:58Z
2023-01-30,M10,14.42,14.42,14.42,14.42,7800,KBS,2026-10-09T05:15:58Z
2023-01-31,M10,14.42,14.42,14.42,14.42,710,KBS,2026-10-09T05:15:58Z
2023-02-01,M10,14.35,14.35,14.35,14.35,100,KBS,2026-10-09T05:15:58Z
2023-02-02,M10,14.64,14.64,14.64,14.64,100,KBS,2026-10-09T05:15:58Z
2023-02-03,M10,14.42,14.42,14.42,14.42,2000,KBS,2026-10-09T05:15:58Z
2023-02-06,M10,14.42,14.42,14.42,14.42,322,KBS,2026-10-09T05:15:58Z
2023-02-08,M10,14.42,14.42,14.42,14.42,1,KBS,2026-10-09T05:15:58Z
2023-02-10,M10,14.42,14.42,14.35,14.35,500,KBS,2026-10-09T05:15:58Z
2023-02-14,M10,14.2,14.2,13.68,13.68,2500,KBS,2026-10-09T05:15:58Z
2023-02-15,M10,13.68,13.68,12.57,12.57,5000,KBS,2026-10-09T05:15:58Z
2023-02-17,M10,13.46,14.42,13.46,13.46,5200,KBS,2026-10-09T05:15:58Z
2023-02-20,M10,13.83,13.83,13.83,13.83,200,KBS,2026-10-09T05:15:58Z
2023-02-22,M10,13.83,13.83,13.46,13.46,1103,KBS,2026-10-09T05:15:58Z
2023-02-23,M10,13.53,13.61,13.53,13.61,600,KBS,2026-10-09T05:15:58Z
2023-02-24,M10,13.61,13.61,13.61,13.61,26,KBS,2026-10-09T05:15:58Z
2023-02-28,M10,13.76,14.12,13.76,14.12,5000,KBS,2026-10-09T05:15:58Z
2023-03-01,M10,13.68,13.68,13.68,13.68,1300,KBS,2026-10-09T05:15:58Z
2023-03-02,M10,13.76,13.76,13.76,13.76,1500,KBS,2026-10-09T05:15:58Z
2023-03-06,M10,14.05,14.12,14.05,14.12,2500,KBS,2026-10-09T05:15:58Z
2023-03-08,M10,13.9,14.12,13.9,14.12,3510,KBS,2026-10-09T05:15:58Z
2023-03-09,M10,14.05,14.12,14.05,14.12,3900,KBS,2026-10-09T05:15:58Z
2023-03-10,M10,14.05,14.05,14.05,14.05,5200,KBS,2026-10-09T05:15:58Z
2023-03-15,M10,13.98,13.98,13.98,13.98,200,KBS,2026-10-09T05:15:58Z
2023-03-16,M10,14.05,14.2,13.46,13.46,8300,KBS,2026-10-09T05:15:58Z
2023-03-17,M10,13.76,13.76,13.46,13.46,4100,KBS,2026-10-09T05:15:58Z
2023-03-20,M10,13.16,13.39,13.16,13.39,8800,KBS,2026-10-09T05:15:58Z
2023-03-23,M10,13.61,14.2,13.61,14.2,7220,KBS,2026-10-09T05:15:58Z
2023-03-28,M10,14.05,14.12,14.05,14.05,6800,KBS,2026-10-09T05:15:58Z
2023-03-29,M10,14.12,14.12,14.12,14.12,1000,KBS,2026-10-09T05:15:58Z
2023-03-30,M10,14.05,14.05,14.05,14.05,100,KBS,2026-10-09T05:15:58Z
2023-03-31,M10,14.12,14.12,14.12,14.12,500,KBS,2026-10-09T05:15:58Z
2023-04-04,M10,13.39,13.39,13.39,13.39,109,KBS,2026-10-09T05:15:58Z
2023-04-05,M10,13.68,13.98,13.61,13.98,700,KBS,2026-10-09T05:15:58Z
2023-04-07,M10,13.98,14.05,13.98,14.05,1300,KBS,2026-10-09T05:15:58Z
2023-04-10,M10,14.05,14.12,13.68,13.68,2400,KBS,2026-10-09T05:15:58Z
2023-04-13,M10,13.98,14.05,13.76,13.76,3511,KBS,2026-10-09T05:15:58Z
2023-04-14,M10,14.05,14.2,13.76,13.76,4111,KBS,2026-10-09T05:15:58Z
2023-04-18,M10,14.05,14.05,14.05,14.05,200,KBS,2026-10-09T05:15:58Z
2023-04-20,M10,14.05,14.05,14.05,14.05,1000,KBS,2026-10-09T05:15:58Z
2023-04-21,M10,14.05,14.05,14.05,14.05,100,KBS,2026-10-09T05:15:58Z
2023-04-27,M10,13.98,13.98,13.98,13.98,2800,KBS,2026-10-09T05:15:58Z
2023-04-28,M10,13.68,14.12,13.61,14.12,1110,KBS,2026-10-09T05:15:58Z
2023-05-04,M10,13.98,13.98,13.9,13.9,700,KBS,2026-10-09T05:15:58Z
2023-05-05,M10,13.9,13.9,13.9,13.9,501,KBS,2026-10-09T05:15:58Z
2023-05-11,M10,14.2,14.27,14.2,14.27,806,KBS,2026-10-09T05:15:58Z
2023-05-12,M10,14.27,14.27,14.27,14.27,720,KBS,2026-10-09T05:15:58Z
2023-05-15,M10,14.27,14.79,14.27,14.79,5400,KBS,2026-10-09T05:15:58Z
2023-05-17,M10,14.57,14.57,14.42,14.57,500,KBS,2026-10-09T05:15:58Z
2023-05-18,M10,14.42,14.42,14.35,14.35,1600,KBS,2026-10-09T05:15:58Z
2023-05-19,M10,14.64,14.64,14.64,14.64,100,KBS,2026-10-09T05:15:58Z
2023-05-22,M10,14.79,14.79,14.42,14.64,1900,KBS,2026-10-09T05:15:58Z
2023-05-23,M10,14.72,14.72,14.64,14.72,701,KBS,2026-10-09T05:15:58Z
2023-05-24,M10,14.79,14.79,14.42,14.42,800,KBS,2026-10-09T05:15:58Z
2023-05-25,M10,14.42,14.42,14.42,14.42,100,KBS,2026-10-09T05:15:58Z
2023-05-26,M10,14.64,15.09,14.64,15.09,6322,KBS,2026-10-09T05:15:58Z
2023-05-29,M10,14.94,15.09,14.79,14.94,6210,KBS,2026-10-09T05:15:58Z
2023-05-30,M10,15.01,15.09,14.94,15.09,7816,KBS,2026-10-09T05:15:58Z
2023-05-31,M10,15.0,15.0,15.0,15.0,311,KBS,2026-10-09T05:15:58Z
2023-06-01,M10,15.24,15.24,13.78,14.6,1805,KBS,2026-10-09T05:15:58Z
2023-06-02,M10,13.95,14.68,13.95,14.68,702,KBS,2026-10-09T05:15:58Z
2023-06-05,M10,14.03,14.43,13.95,14.43,1700,KBS,2026-10-09T05:15:58Z
2023-06-08,M10,14.51,14.6,14.51,14.51,1804,KBS,2026-10-09T05:15:58Z
2023-06-09,M10,14.51,14.51,14.51,14.51,11,KBS,2026-10-09T05:15:58Z
2023-06-12,M10,14.51,14.51,14.51,14.51,100,KBS,2026-10-09T05:15:58Z
2023-06-15,M10,14.51,14.68,14.51,14.68,1300,KBS,2026-10-09T05:15:58Z
2023-06-16,M10,14.6,14.6,14.6,14.6,1400,KBS,2026-10-09T05:15:58Z
2023-06-20,M10,14.6,14.6,14.6,14.6,400,KBS,2026-10-09T05:15:58Z
2023-06-22,M10,14.6,14.6,14.51,14.51,500,KBS,2026-10-09T05:15:58Z
2023-06-23,M10,14.51,14.51,14.43,14.43,600,KBS,2026-10-09T05:15:58Z
2023-06-26,M10,14.51,14.51,14.51,14.51,3101,KBS,2026-10-09T05:15:58Z
2023-06-27,M10,14.51,14.51,14.43,14.43,1902,KBS,2026-10-09T05:15:58Z
2023-06-28,M10,14.43,14.6,14.43,14.6,4300,KBS,2026-10-09T05:15:58Z
2023-06-29,M10,14.51,14.51,14.51,14.51,500,KBS,2026-10-09T05:15:58Z
2023-06-30,M10,14.51,14.51,14.43,14.43,1200,KBS,2026-10-09T05:15:58Z
2023-07-03,M10,14.43,14.43,14.35,14.35,2000,KBS,2026-10-09T05:15:58Z
2023-07-04,M10,14.27,14.27,14.27,14.27,600,KBS,2026-10-09T05:15:58Z
2023-07-05,M10,14.35,14.35,14.35,14.35,3100,KBS,2026-10-09T05:15:58Z
2023-07-06,M10,14.35,14.35,13.78,14.19,2603,KBS,2026-10-09T05:15:58Z
2023-07-07,M10,14.11,14.19,14.11,14.19,1800,KBS,2026-10-09T05:15:58Z
2023-07-10,M10,14.27,14.27,14.27,14.27,500,KBS,2026-10-09T05:15:58Z
2023-07-12,M10,14.43,14.43,14.43,14.43,500,KBS,2026-10-09T05:15:58Z
2023-07-13,M10,14.43,14.6,14.43,14.43,2530,KBS,2026-10-09T05:15:58Z
2023-07-14,M10,14.6,14.68,14.43,14.43,3500,KBS,2026-10-09T05:15:58Z
2023-07-17,M10,14.51,14.6,14.43,14.6,3601,KBS,2026-10-09T05:15:58Z
2023-07-18,M10,14.51,14.6,14.51,14.51,3300,KBS,2026-10-09T05:15:58Z
2023-07-19,M10,14.92,15.0,14.84,14.84,701,KBS,2026-10-09T05:15:58Z
2023-07-20,M10,14.6,14.6,14.6,14.6,100,KBS,2026-10-09T05:15:58Z
2023-07-21,M10,14.76,14.76,14.6,14.76,4109,KBS,2026-10-09T05:15:58Z
2023-07-24,M10,14.68,14.68,14.6,14.6,2219,KBS,2026-10-09T05:15:58Z
2023-07-25,M10,14.76,14.76,12.73,12.73,16200,KBS,2026-10-09T05:15:58Z
2023-07-26,M10,14.68,14.68,14.68,14.68,100,KBS,2026-10-09T05:15:58Z
2023-07-27,M10,14.68,15.0,14.35,14.35,6200,KBS,2026-10-09T05:15:58Z
2023-07-28,M10,14.68,14.68,14.68,14.68,200,KBS,2026-10-09T05:15:58Z
2023-07-31,M10,14.6,14.6,14.6,14.6,100,KBS,2026-10-09T05:15:58Z
2023-08-01,M10,14.6,14.6,14.6,14.6,1801,KBS,2026-10-09T05:15:58Z
2023-08-02,M10,14.6,14.6,14.6,14.6,3901,KBS,2026-10-09T05:15:58Z
2023-08-03,M10,14.51,14.51,13.78,14.11,10800,KBS,2026-10-09T05:15:58Z
2023-08-04,M10,14.11,14.6,13.86,13.86,3900,KBS,2026-10-09T05:15:58Z
2023-08-07,M10,13.95,14.6,13.95,14.6,5000,KBS,2026-10-09T05:15:58Z
2023-08-08,M10,14.11,14.11,13.78,14.11,1206,KBS,2026-10-09T05:15:58Z
2023-08-09,M10,14.51,14.51,14.51,14.51,100,KBS,2026-10-09T05:15:58Z
2023-08-10,M10,14.19,14.19,14.19,14.19,400,KBS,2026-10-09T05:15:58Z
2023-08-11,M10,13.95,14.35,13.78,14.19,2900,KBS,2026-10-09T05:15:58Z
2023-08-14,M10,14.11,14.11,13.95,13.95,3600,KBS,2026-10-09T05:15:58Z
2023-08-15,M10,14.43,14.43,13.86,14.27,1900,KBS,2026-10-09T05:15:58Z
2023-08-16,M10,14.19,14.19,14.11,14.11,806,KBS,2026-10-09T05:15:58Z
2023-08-17,M10,14.11,14.11,14.11,14.11,1,KBS,2026-10-09T05:15:58Z
2023-08-18,M10,14.03,14.11,14.03,14.03,3900,KBS,2026-10-09T05:15:58Z
2023-08-21,M10,13.7,13.78,13.7,13.7,17706,KBS,2026-10-09T05:15:58Z
2023-08-22,M10,13.78,13.78,13.54,13.54,5600,KBS,2026-10-09T05:15:58Z
2023-08-23,M10,13.54,13.7,13.54,13.7,2810,KBS,2026-10-09T05:15:58Z
2023-08-24,M10,13.7,13.7,13.62,13.7,3800,KBS,2026-10-09T05:15:58Z
2023-08-25,M10,13.7,13.78,13.7,13.7,4201,KBS,2026-10-09T05:15:58Z
2023-08-28,M10,13.86,13.86,13.7,13.7,14206,KBS,2026-10-09T05:15:58Z
2023-08-29,M10,13.7,13.7,13.62,13.62,40710,KBS,2026-10-09T05:15:58Z
2023-08-30,M10,13.78,13.78,13.62,13.62,1300,KBS,2026-10-09T05:15:58Z
2023-08-31,M10,13.78,13.78,13.78,13.78,1800,KBS,2026-10-09T05:15:58Z
2023-09-05,M10,13.78,13.78,13.7,13.7,3101,KBS,2026-10-09T05:15:58Z
2023-09-06,M10,13.7,14.03,13.7,13.86,23500,KBS,2026-10-09T05:15:58Z
2023-09-07,M10,13.95,13.95,13.78,13.78,3900,KBS,2026-10-09T05:15:58Z
2023-09-08,M10,13.78,13.86,13.7,13.78,12900,KBS,2026-10-09T05:15:58Z
2023-09-11,M10,13.78,13.95,13.78,13.86,5600,KBS,2026-10-09T05:15:58Z
2023-09-12,M10,13.78,13.95,13.78,13.95,6900,KBS,2026-10-09T05:15:58Z
2023-09-13,M10,13.95,14.19,13.95,14.11,6700,KBS,2026-10-09T05:15:58Z
2023-09-14,M10,14.03,14.11,14.03,14.03,3302,KBS,2026-10-09T05:15:58Z
2023-09-15,M10,14.03,14.19,14.03,14.19,31700,KBS,2026-10-09T05:15:58Z
2023-09-18,M10,14.27,14.27,14.03,14.03,8500,KBS,2026-10-09T05:15:58Z
2023-09-19,M10,14.19,14.19,14.03,14.03,12100,KBS,2026-10-09T05:15:58Z
2023-09-20,M10,14.19,15.0,14.19,14.19,18400,KBS,2026-10-09T05:15:58Z
2023-09-21,M10,14.43,14.43,14.43,14.43,10600,KBS,2026-10-09T05:15:58Z
2023-09-22,M10,14.27,14.43,14.19,14.43,2000,KBS,2026-10-09T05:15:58Z
2023-09-25,M10,14.27,14.27,14.19,14.19,4600,KBS,2026-10-09T05:15:58Z
2023-09-26,M10,14.19,14.19,13.95,13.95,4700,KBS,2026-10-09T05:15:58Z
2023-09-27,M10,14.03,14.35,13.86,14.35,13200,KBS,2026-10-09T05:15:58Z
2023-09-28,M10,13.95,14.51,13.86,14.43,1300,KBS,2026-10-09T05:15:58Z
2023-09-29,M10,13.95,13.95,13.86,13.95,10000,KBS,2026-10-09T05:15:58Z
2023-10-02,M10,14.35,14.35,14.35,14.35,200,KBS,2026-10-09T05:15:58Z
2023-10-03,M10,14.03,14.03,14.03,14.03,200,KBS,2026-10-09T05:15:58Z
2023-10-04,M10,14.03,14.03,13.86,14.03,8000,KBS,2026-10-09T05:15:58Z
2023-10-05,M10,14.03,14.19,13.86,14.11,2700,KBS,2026-10-09T05:15:58Z
2023-10-06,M10,14.11,14.19,14.11,14.19,7700,KBS,2026-10-09T05:15:58Z
2023-10-09,M10,14.03,14.19,14.03,14.19,310,KBS,2026-10-09T05:15:58Z
2023-10-10,M10,14.43,14.43,14.19,14.19,4200,KBS,2026-10-09T05:15:58Z
2023-10-11,M10,14.27,14.27,14.19,14.19,1001,KBS,2026-10-09T05:15:58Z
2023-10-12,M10,13.95,14.19,13.95,14.19,3200,KBS,2026-10-09T05:15:58Z
2023-10-13,M10,14.19,14.19,14.19,14.19,1600,KBS,2026-10-09T05:15:58Z
2023-10-16,M10,14.6,14.6,13.46,13.78,6501,KBS,2026-10-09T05:15:58Z
2023-10-17,M10,13.95,13.95,13.95,13.95,1000,KBS,2026-10-09T05:15:58Z
2023-10-18,M10,13.95,13.95,13.86,13.86,5200,KBS,2026-10-09T05:15:58Z
2023-10-19,M10,13.78,13.95,13.78,13.95,3601,KBS,2026-10-09T05:15:58Z
2023-10-20,M10,13.86,13.86,13.86,13.86,100,KBS,2026-10-09T05:15:58Z
2023-10-23,M10,14.03,14.03,13.95,13.95,600,KBS,2026-10-09T05:15:58Z
2023-10-24,M10,14.27,14.27,14.27,14.27,200,KBS,2026-10-09T05:15:58Z
2023-10-25,M10,14.27,14.43,14.27,14.43,800,KBS,2026-10-09T05:15:58Z
2023-10-26,M10,14.6,14.6,14.27,14.27,7600,KBS,2026-10-09T05:15:58Z
2023-10-30,M10,14.51,14.51,14.51,14.51,400,KBS,2026-10-09T05:15:58Z
2023-10-31,M10,14.51,14.51,14.51,14.51,1500,KBS,2026-10-09T05:15:58Z
2023-11-06,M10,14.51,14.6,14.51,14.6,11000,KBS,2026-10-09T05:15:58Z
2023-11-07,M10,14.6,14.6,14.6,14.6,2800,KBS,2026-10-09T05:15:58Z
2023-11-08,M10,14.6,14.6,14.6,14.6,7400,KBS,2026-10-09T05:15:58Z
2023-11-09,M10,14.68,14.84,14.6,14.6,16700,KBS,2026-10-09T05:15:58Z
2023-11-10,M10,14.19,14.19,14.19,14.19,500,KBS,2026-10-09T05:15:58Z
2023-11-13,M10,14.68,15.24,14.68,15.0,2900,KBS,2026-10-09T05:15:58Z
2023-11-15,M10,15.08,15.24,15.08,15.08,921,KBS,2026-10-09T05:15:58Z
2023-11-16,M10,14.92,14.92,14.6,14.92,8200,KBS,2026-10-09T05:15:58Z
2023-11-17,M10,14.92,14.92,14.92,14.92,100,KBS,2026-10-09T05:15:58Z
2023-11-22,M10,14.92,14.92,14.92,14.92,100,KBS,2026-10-09T05:15:58Z
2023-11-23,M10,14.84,14.92,14.6,14.6,8100,KBS,2026-10-09T05:15:58Z
2023-11-24,M10,14.84,14.84,14.84,14.84,3000,KBS,2026-10-09T05:15:58Z
2023-11-28,M10,14.84,14.84,14.84,14.84,100,KBS,2026-10-09T05:15:58Z
2023-11-29,M10,14.84,14.92,14.84,14.92,700,KBS,2026-10-09T05:15:58Z
2023-12-04,M10,14.6,14.6,14.19,14.19,1500,KBS,2026-10-09T05:15:58Z
2023-12-05,M10,14.43,14.76,14.43,14.76,7300,KBS,2026-10-09T05:15:58Z
2023-12-08,M10,14.84,14.84,14.68,14.68,1400,KBS,2026-10-09T05:15:58Z
2023-12-11,M10,14.76,14.76,14.76,14.76,1002,KBS,2026-10-09T05:15:58Z
2023-12-12,M10,14.84,14.84,14.84,14.84,200,KBS,2026-10-09T05:15:58Z
2023-12-13,M10,14.84,14.84,13.86,13.86,501,KBS,2026-10-09T05:15:58Z
2023-12-15,M10,15.0,15.65,15.0,15.65,3800,KBS,2026-10-09T05:15:58Z
2023-12-18,M10,15.49,15.49,15.49,15.49,402,KBS,2026-10-09T05:15:58Z
2023-12-19,M10,15.49,15.49,15.49,15.49,700,KBS,2026-10-09T05:15:58Z
2023-12-20,M10,15.49,15.49,15.4,15.4,4000,KBS,2026-10-09T05:15:58Z
2023-12-21,M10,15.4,15.4,15.4,15.4,500,KBS,2026-10-09T05:15:58Z
2023-12-22,M10,15.49,16.95,15.49,16.95,5514,KBS,2026-10-09T05:15:58Z
2023-12-25,M10,16.95,16.95,16.7,16.7,1500,KBS,2026-10-09T05:15:58Z
2023-12-26,M10,16.78,16.78,16.78,16.78,400,KBS,2026-10-09T05:15:58Z
2023-12-27,M10,16.7,16.7,15.81,15.81,300,KBS,2026-10-09T05:15:58Z
2023-12-28,M10,16.66,16.66,16.66,16.66,106,KBS,2026-10-09T05:15:58Z
2024-01-02,M10,16.66,16.66,16.23,16.32,4600,KBS,2026-10-09T05:15:58Z
2024-01-03,M10,16.32,16.32,16.32,16.32,4900,KBS,2026-10-09T05:15:58Z
2024-01-08,M10,17.77,17.77,17.77,17.77,100,KBS,2026-10-09T05:15:58Z
2024-01-09,M10,17.52,17.52,16.4,16.4,200,KBS,2026-10-09T05:15:58Z
2024-01-10,M10,17.0,17.0,17.0,17.0,100,KBS,2026-10-09T05:15:58Z
2024-01-11,M10,17.09,17.09,17.09,17.09,500,KBS,2026-10-09T05:15:58Z
2024-01-17,M10,17.09,17.09,17.09,17.09,100,KBS,2026-10-09T05:15:58Z
2024-01-18,M10,17.52,17.52,17.34,17.34,500,KBS,2026-10-09T05:15:58Z
2024-01-19,M10,17.52,17.52,17.52,17.52,102,KBS,2026-10-09T05:15:58Z
2024-01-22,M10,17.52,17.52,17.52,17.52,600,KBS,2026-10-09T05:15:58Z
2024-01-24,M10,16.66,17.43,16.66,17.43,2800,KBS,2026-10-09T05:15:58Z
2024-01-25,M10,17.43,17.52,17.43,17.52,35800,KBS,2026-10-09T05:15:58Z
2024-01-29,M10,17.43,17.43,17.43,17.43,1655,KBS,2026-10-09T05:15:58Z
2024-01-31,M10,17.52,17.52,17.52,17.52,100,KBS,2026-10-09T05:15:58Z
2024-02-01,M10,17.52,17.52,17.52,17.52,3400,KBS,2026-10-09T05:15:58Z
2024-02-02,M10,17.69,17.77,17.6,17.6,3100,KBS,2026-10-09T05:15:58Z
2024-02-05,M10,17.86,17.94,17.86,17.94,2800,KBS,2026-10-09T05:15:58Z
2024-02-06,M10,17.94,18.2,17.94,18.2,4600,KBS,2026-10-09T05:15:58Z
2024-02-07,M10,18.2,18.46,17.94,17.94,1620,KBS,2026-10-09T05:15:58Z
2024-02-15,M10,18.8,18.8,18.8,18.8,501,KBS,2026-10-09T05:15:58Z
2024-02-16,M10,18.54,18.8,18.37,18.54,2700,KBS,2026-10-09T05:15:58Z
2024-02-20,M10,18.71,18.71,17.94,17.94,400,KBS,2026-10-09T05:15:58Z
2024-02-22,M10,18.46,18.54,18.46,18.54,333,KBS,2026-10-09T05:15:58Z
2024-02-26,M10,18.46,18.46,18.46,18.46,100,KBS,2026-10-09T05:15:58Z
2024-02-28,M10,17.94,17.94,17.94,17.94,100,KBS,2026-10-09T05:15:58Z
2024-02-29,M10,17.94,17.94,17.94,17.94,3800,KBS,2026-10-09T05:15:58Z
2024-03-01,M10,17.94,17.94,17.94,17.94,500,KBS,2026-10-09T05:15:58Z
2024-03-04,M10,17.94,17.94,17.94,17.94,800,KBS,2026-10-09T05:15:58Z
2024-03-05,M10,17.52,17.52,17.52,17.52,1210,KBS,2026-10-09T05:15:58Z
2024-03-08,M10,17.52,17.52,17.52,17.52,1000,KBS,2026-10-09T05:15:58Z
2024-03-11,M10,17.94,17.94,17.94,17.94,400,KBS,2026-10-09T05:15:58Z
2024-03-12,M10,17.94,17.94,17.94,17.94,600,KBS,2026-10-09T05:15:58Z
2024-03-13,M10,17.94,17.94,17.94,17.94,400,KBS,2026-10-09T05:15:58Z
2024-03-14,M10,17.94,17.94,17.94,17.94,1300,KBS,2026-10-09T05:15:58Z
2024-03-15,M10,17.94,17.94,17.94,17.94,3100,KBS,2026-10-09T05:15:58Z
2024-03-18,M10,17.94,17.94,17.94,17.94,2700,KBS,2026-10-09T05:15:58Z
2024-03-19,M10,17.94,17.94,17.94,17.94,500,KBS,2026-10-09T05:15:58Z
2024-03-20,M10,17.94,18.03,17.94,17.94,5500,KBS,2026-10-09T05:15:58Z
2024-03-21,M10,17.94,17.94,17.69,17.69,200,KBS,2026-10-09T05:15:58Z
2024-03-22,M10,15.89,17.94,15.89,17.94,5600,KBS,2026-10-09T05:15:58Z
2024-03-26,M10,17.94,18.37,17.94,18.37,2600,KBS,2026-10-09T05:15:58Z
2024-03-28,M10,17.86,17.94,17.86,17.94,944,KBS,2026-10-09T05:15:58Z
2024-03-29,M10,18.46,18.46,17.94,17.94,4415,KBS,2026-10-09T05:15:58Z
2024-04-02,M10,17.52,17.94,17.52,17.94,1600,KBS,2026-10-09T05:15:58Z
2024-04-04,M10,17.52,17.52,17.52,17.52,200,KBS,2026-10-09T05:15:58Z
2024-04-05,M10,17.52,17.52,17.52,17.52,300,KBS,2026-10-09T05:15:58Z
2024-04-08,M10,17.52,17.52,17.34,17.34,1615,KBS,2026-10-09T05:15:58Z
2024-04-09,M10,17.6,17.6,17.6,17.6,200,KBS,2026-10-09T05:15:58Z
2024-04-10,M10,17.6,17.6,17.6,17.6,1000,KBS,2026-10-09T05:15:58Z
2024-04-12,M10,17.09,17.09,17.09,17.09,101,KBS,2026-10-09T05:15:58Z
2024-04-15,M10,17.17,17.17,17.17,17.17,1300,KBS,2026-10-09T05:15:58Z
2024-04-16,M10,17.17,17.17,17.17,17.17,1002,KBS,2026-10-09T05:15:58Z
2024-04-17,M10,17.17,17.6,17.17,17.6,6800,KBS,2026-10-09T05:15:58Z
2024-04-19,M10,17.34,17.34,17.34,17.34,201,KBS,2026-10-09T05:15:58Z
2024-04-22,M10,17.17,17.34,17.09,17.09,2801,KBS,2026-10-09T05:15:58Z
2024-04-23,M10,17.6,17.6,17.52,17.6,1502,KBS,2026-10-09T05:15:58Z
2024-04-24,M10,17.52,17.6,17.52,17.6,4100,KBS,2026-10-09T05:15:58Z
2024-04-25,M10,17.09,17.6,17.09,17.6,2007,KBS,2026-10-09T05:15:58Z
2024-04-26,M10,17.86,17.86,17.86,17.86,102,KBS,2026-10-09T05:15:58Z
2024-05-02,M10,17.43,17.6,17.43,17.6,3300,KBS,2026-10-09T05:15:58Z
2024-05-03,M10,17.6,17.69,17.6,17.69,4800,KBS,2026-10-09T05:15:58Z
2024-05-06,M10,17.52,17.6,17.52,17.6,1500,KBS,2026-10-09T05:15:58Z
2024-05-07,M10,17.6,17.6,17.6,17.6,100,KBS,2026-10-09T05:15:58Z
2024-05-08,M10,17.6,17.6,17.6,17.6,2000,KBS,2026-10-09T05:15:58Z
2024-05-09,M10,17.6,18.8,17.6,18.8,6304,KBS,2026-10-09T05:15:58Z
2024-05-10,M10,17.94,17.94,17.94,17.94,101,KBS,2026-10-09T05:15:58Z
2024-05-13,M10,17.09,17.77,17.09,17.77,3700,KBS,2026-10-09T05:15:58Z
2024-05-14,M10,17.77,17.77,17.77,17.77,601,KBS,2026-10-09T05:15:58Z
2024-05-15,M10,17.94,18.8,16.92,17.0,13640,KBS,2026-10-09T05:15:58Z
2024-05-16,M10,17.77,17.94,17.77,17.94,6600,KBS,2026-10-09T05:15:58Z
2024-05-20,M10,17.94,17.94,17.6,17.94,2504,KBS,2026-10-09T05:15:58Z
2024-05-21,M10,16.58,18.11,16.58,17.94,6640,KBS,2026-10-09T05:15:58Z
2024-05-22,M10,17.17,17.94,17.17,17.94,1103,KBS,2026-10-09T05:15:58Z
2024-05-23,M10,18.03,18.11,17.77,17.86,3510,KBS,2026-10-09T05:15:58Z
2024-05-24,M10,16.4,17.77,16.4,17.69,262133,KBS,2026-10-09T05:15:58Z
2024-05-27,M10,17.94,17.94,17.94,17.94,3500,KBS,2026-10-09T05:15:58Z
2024-05-28,M10,17.69,18.03,17.69,18.03,4000,KBS,2026-10-09T05:15:58Z
2024-05-29,M10,17.68,17.68,17.68,17.68,601,KBS,2026-10-09T05:15:58Z
2024-05-30,M10,17.77,17.94,17.77,17.94,1501,KBS,2026-10-09T05:15:58Z
2024-05-31,M10,18.12,18.82,18.12,18.82,4100,KBS,2026-10-09T05:15:58Z
2024-06-03,M10,18.73,18.73,18.73,18.73,3900,KBS,2026-10-09T05:15:58Z
2024-06-04,M10,18.73,18.82,18.73,18.82,9130,KBS,2026-10-09T05:15:58Z
2024-06-05,M10,18.82,19.08,18.82,19.08,73900,KBS,2026-10-09T05:15:58Z
2024-06-06,M10,18.91,19.69,18.73,19.61,2367,KBS,2026-10-09T05:15:58Z
2024-06-07,M10,19.17,19.69,19.17,19.34,2600,KBS,2026-10-09T05:15:58Z
2024-06-10,M10,19.52,19.52,18.73,19.34,10620,KBS,2026-10-09T05:15:58Z
2024-06-11,M10,19.34,19.34,19.26,19.26,3946,KBS,2026-10-09T05:15:58Z
2024-06-12,M10,19.26,20.48,19.26,20.31,66200,KBS,2026-10-09T05:15:58Z
2024-06-13,M10,20.13,22.14,20.13,21.09,34755,KBS,2026-10-09T05:15:58Z
2024-06-14,M10,21.88,21.88,20.83,21.18,33430,KBS,2026-10-09T05:15:58Z
2024-06-17,M10,21.44,21.44,20.74,21.01,6602,KBS,2026-10-09T05:15:58Z
2024-06-18,M10,21.44,21.62,20.92,21.44,32900,KBS,2026-10-09T05:15:58Z
2024-06-19,M10,21.44,21.44,21.01,21.36,23300,KBS,2026-10-09T05:15:58Z
2024-06-20,M10,21.36,22.32,21.36,22.14,94601,KBS,2026-10-09T05:15:58Z
2024-06-21,M10,21.71,22.41,21.71,22.32,73400,KBS,2026-10-09T05:15:58Z
2024-06-24,M10,22.32,22.32,21.44,21.62,40100,KBS,2026-10-09T05:15:58Z
2024-06-25,M10,22.32,22.32,21.09,21.88,24300,KBS,2026-10-09T05:15:58Z
2024-06-26,M10,21.79,21.79,21.18,21.36,13743,KBS,2026-10-09T05:15:58Z
2024-06-27,M10,21.79,21.79,21.18,21.44,5452,KBS,2026-10-09T05:15:58Z
2024-06-28,M10,21.88,21.88,21.18,21.44,2201,KBS,2026-10-09T05:15:58Z
2024-07-01,M10,21.44,21.88,21.44,21.79,6052,KBS,2026-10-09T05:15:58Z
2024-07-02,M10,21.71,21.79,21.53,21.62,4800,KBS,2026-10-09T05:15:58Z
2024-07-03,M10,21.71,21.88,21.18,21.88,18702,KBS,2026-10-09T05:15:58Z
2024-07-04,M10,21.79,22.14,21.53,22.14,6442,KBS,2026-10-09T05:15:58Z
2024-07-05,M10,21.88,23.28,21.88,22.06,18100,KBS,2026-10-09T05:15:58Z
2024-07-08,M10,22.14,22.58,22.06,22.5,800,KBS,2026-10-09T05:15:58Z
2024-07-09,M10,21.27,22.23,21.27,22.14,15410,KBS,2026-10-09T05:15:58Z
2024-07-10,M10,22.06,22.23,21.97,21.97,26607,KBS,2026-10-09T05:15:58Z
2024-07-11,M10,21.62,21.97,21.27,21.97,4000,KBS,2026-10-09T05:15:58Z
2024-07-12,M10,21.88,22.06,21.71,21.88,2005,KBS,2026-10-09T05:15:58Z
2024-07-15,M10,21.88,22.06,21.88,22.06,3304,KBS,2026-10-09T05:15:58Z
2024-07-16,M10,22.06,22.67,22.06,22.67,69703,KBS,2026-10-09T05:15:58Z
2024-07-17,M10,22.41,22.58,22.14,22.14,3200,KBS,2026-10-09T05:15:58Z
2024-07-18,M10,22.06,22.5,22.06,22.5,3502,KBS,2026-10-09T05:15:58Z
2024-07-19,M10,21.44,21.71,21.01,21.71,18501,KBS,2026-10-09T05:15:58Z
2024-07-22,M10,21.71,21.71,20.57,21.18,11162,KBS,2026-10-09T05:15:58Z
2024-07-23,M10,21.71,21.71,20.66,21.27,7441,KBS,2026-10-09T05:15:58Z
2024-07-24,M10,21.27,21.27,20.92,21.01,2500,KBS,2026-10-09T05:15:58Z
2024-07-25,M10,21.44,21.44,21.18,21.36,2700,KBS,2026-10-09T05:15:58Z
2024-07-26,M10,21.36,21.53,21.36,21.44,3000,KBS,2026-10-09T05:15:58Z
2024-07-29,M10,21.01,21.01,20.48,20.92,24201,KBS,2026-10-09T05:15:58Z
2024-07-30,M10,19.69,21.09,19.69,20.92,8810,KBS,2026-10-09T05:15:58Z
2024-07-31,M10,21.01,21.01,20.13,20.13,8147,KBS,2026-10-09T05:15:58Z
2024-08-01,M10,20.92,20.92,19.26,20.22,14518,KBS,2026-10-09T05:15:58Z
2024-08-02,M10,20.74,20.74,20.57,20.66,901,KBS,2026-10-09T05:15:58Z
2024-08-05,M10,19.69,20.57,19.26,19.34,4502,KBS,2026-10-09T05:15:58Z
2024-08-06,M10,19.61,20.04,19.26,20.04,10400,KBS,2026-10-09T05:15:58Z
2024-08-07,M10,20.04,20.66,20.04,20.57,4407,KBS,2026-10-09T05:15:58Z
2024-08-08,M10,20.57,21.53,20.31,21.09,21690,KBS,2026-10-09T05:15:58Z
2024-08-09,M10,21.09,21.27,20.74,21.27,4303,KBS,2026-10-09T05:15:58Z
2024-08-12,M10,21.09,21.71,21.09,21.44,4920,KBS,2026-10-09T05:15:58Z
2024-08-13,M10,21.27,21.27,20.13,21.01,1288,KBS,2026-10-09T05:15:58Z
2024-08-14,M10,21.01,21.01,20.57,20.92,8005,KBS,2026-10-09T05:15:58Z
2024-08-15,M10,20.66,20.92,20.57,20.57,8000,KBS,2026-10-09T05:15:58Z
2024-08-16,M10,21.01,21.09,21.01,21.09,1921,KBS,2026-10-09T05:15:58Z
2024-08-19,M10,21.01,21.01,20.57,20.57,3601,KBS,2026-10-09T05:15:58Z
2024-08-20,M10,20.92,21.01,20.92,21.01,6900,KBS,2026-10-09T05:15:58Z
2024-08-21,M10,21.01,21.01,20.92,20.92,1665,KBS,2026-10-09T05:15:58Z
2024-08-22,M10,21.01,21.01,21.01,21.01,31942,KBS,2026-10-09T05:15:58Z
2024-08-23,M10,21.01,21.01,21.01,21.01,2013,KBS,2026-10-09T05:15:58Z
2024-08-27,M10,19.69,21.01,19.69,21.01,1524,KBS,2026-10-09T05:15:58Z
2024-08-28,M10,20.92,20.92,20.92,20.92,325,KBS,2026-10-09T05:15:58Z
2024-08-29,M10,20.92,20.92,20.92,20.92,1400,KBS,2026-10-09T05:15:58Z
2024-08-30,M10,20.92,20.92,20.92,20.92,2500,KBS,2026-10-09T05:15:58Z
2024-09-04,M10,20.92,20.92,20.92,20.92,37,KBS,2026-10-09T05:15:58Z
2024-09-06,M10,20.66,20.66,20.66,20.66,500,KBS,2026-10-09T05:15:58Z
2024-09-10,M10,19.78,20.57,19.78,20.57,4900,KBS,2026-10-09T05:15:58Z
2024-09-11,M10,20.66,20.66,20.13,20.48,1701,KBS,2026-10-09T05:15:58Z
2024-09-12,M10,20.31,20.31,20.13,20.22,1200,KBS,2026-10-09T05:15:58Z
2024-09-13,M10,19.69,20.22,19.69,20.22,2864,KBS,2026-10-09T05:15:58Z
2024-09-16,M10,20.66,20.66,20.66,20.66,100,KBS,2026-10-09T05:15:58Z
2024-09-17,M10,21.01,21.01,19.69,20.13,300,KBS,2026-10-09T05:15:58Z
2024-09-18,M10,21.01,21.01,20.66,20.66,600,KBS,2026-10-09T05:15:58Z
2024-09-19,M10,19.96,20.04,19.69,19.96,5730,KBS,2026-10-09T05:15:58Z
2024-09-20,M10,20.92,20.92,18.82,19.69,4500,KBS,2026-10-09T05:15:58Z
2024-09-23,M10,20.92,20.92,19.69,19.69,1800,KBS,2026-10-09T05:15:58Z
2024-09-24,M10,20.92,20.92,20.92,20.92,138,KBS,2026-10-09T05:15:58Z
2024-09-25,M10,19.69,20.13,19.69,19.96,2523,KBS,2026-10-09T05:15:58Z
2024-09-26,M10,21.01,21.01,20.57,20.57,1209,KBS,2026-10-09T05:15:58Z
2024-09-27,M10,20.57,20.57,20.57,20.57,1,KBS,2026-10-09T05:15:58Z
2024-09-30,M10,20.92,20.92,19.52,20.13,3201,KBS,2026-10-09T05:15:58Z
2024-10-01,M10,20.83,20.83,19.69,20.22,611,KBS,2026-10-09T05:15:58Z
2024-10-02,M10,20.92,20.92,19.69,20.13,401,KBS,2026-10-09T05:15:58Z
2024-10-03,M10,20.48,20.48,20.13,20.13,2100,KBS,2026-10-09T05:15:58Z
2024-10-04,M10,20.22,20.31,20.22,20.31,2409,KBS,2026-10-09T05:15:58Z
2024-10-07,M10,20.92,20.92,20.13,20.13,3321,KBS,2026-10-09T05:15:58Z
2024-10-08,M10,20.13,20.13,20.13,20.13,4,KBS,2026-10-09T05:15:58Z
2024-10-10,M10,20.83,20.83,20.83,20.83,109,KBS,2026-10-09T05:15:58Z
2024-10-11,M10,20.22,20.31,18.91,20.31,6403,KBS,2026-10-09T05:15:58Z
2024-10-14,M10,20.57,20.57,20.57,20.57,224,KBS,2026-10-09T05:15:58Z
2024-10-15,M10,20.13,20.31,19.78,20.13,6880,KBS,2026-10-09T05:15:58Z
2024-10-16,M10,20.39,20.39,20.39,20.39,100,KBS,2026-10-09T05:15:58Z
2024-10-17,M10,19.78,20.31,19.78,20.31,1400,KBS,2026-10-09T05:15:58Z
2024-10-23,M10,20.13,20.31,20.13,20.31,5600,KBS,2026-10-09T05:15:58Z
2024-10-25,M10,20.22,20.22,20.22,20.22,1008,KBS,2026-10-09T05:15:58Z
2024-10-29,M10,20.13,20.13,20.13,20.13,1300,KBS,2026-10-09T05:15:58Z
2024-10-30,M10,20.31,21.01,20.13,20.13,5301,KBS,2026-10-09T05:15:58Z
2024-10-31,M10,20.39,20.39,19.87,20.13,15500,KBS,2026-10-09T05:15:58Z
2024-11-01,M10,19.96,19.96,19.87,19.87,2500,KBS,2026-10-09T05:15:58Z
2024-11-04,M10,19.87,19.87,19.78,19.78,2676,KBS,2026-10-09T05:15:58Z
2024-11-05,M10,19.87,20.04,19.78,20.04,2300,KBS,2026-10-09T05:15:58Z
2024-11-06,M10,19.96,20.04,19.69,20.04,2702,KBS,2026-10-09T05:15:58Z
2024-11-07,M10,19.78,20.04,19.78,20.04,3745,KBS,2026-10-09T05:15:58Z
2024-11-08,M10,19.78,19.78,19.61,19.61,3900,KBS,2026-10-09T05:15:58Z
2024-11-11,M10,19.69,19.69,19.61,19.61,8602,KBS,2026-10-09T05:15:58Z
2024-11-12,M10,19.69,19.96,19.69,19.96,2100,KBS,2026-10-09T05:15:58Z
2024-11-13,M10,19.69,19.78,19.61,19.61,6300,KBS,2026-10-09T05:15:58Z
2024-11-14,M10,19.69,19.78,19.69,19.78,1400,KBS,2026-10-09T05:15:58Z
2024-11-15,M10,19.69,19.87,19.61,19.87,8700,KBS,2026-10-09T05:15:58Z
2024-11-18,M10,19.78,19.78,19.78,19.78,102,KBS,2026-10-09T05:15:58Z
2024-11-19,M10,19.78,19.96,19.78,19.78,2503,KBS,2026-10-09T05:15:58Z
2024-11-20,M10,19.87,19.96,19.69,19.96,4600,KBS,2026-10-09T05:15:58Z
2024-11-21,M10,19.87,20.04,19.87,20.04,370,KBS,2026-10-09T05:15:58Z
2024-11-22,M10,20.04,21.01,19.96,20.48,2100,KBS,2026-10-09T05:15:58Z
2024-11-25,M10,19.96,20.13,19.87,19.87,1500,KBS,2026-10-09T05:15:58Z
2024-11-26,M10,19.87,19.96,19.87,19.96,1104,KBS,2026-10-09T05:15:58Z
2024-11-27,M10,19.96,19.96,19.96,19.96,200,KBS,2026-10-09T05:15:58Z
2024-11-28,M10,19.96,20.04,19.96,20.04,1600,KBS,2026-10-09T05:15:58Z
2024-11-29,M10,20.13,20.39,20.13,20.39,6800,KBS,2026-10-09T05:15:58Z
2024-12-02,M10,20.39,20.48,20.22,20.22,1300,KBS,2026-10-09T05:15:58Z
2024-12-03,M10,20.22,20.22,20.13,20.13,1300,KBS,2026-10-09T05:15:58Z
2024-12-04,M10,20.13,20.13,20.13,20.13,700,KBS,2026-10-09T05:15:58Z
2024-12-05,M10,20.22,20.22,20.22,20.22,100,KBS,2026-10-09T05:15:58Z
2024-12-06,M10,19.96,20.04,19.78,20.04,2500,KBS,2026-10-09T05:15:58Z
2024-12-09,M10,20.13,20.22,20.13,20.22,200,KBS,2026-10-09T05:15:58Z
2024-12-10,M10,19.87,20.22,19.87,20.22,1521,KBS,2026-10-09T05:15:58Z
2024-12-11,M10,19.96,20.22,19.96,20.22,2300,KBS,2026-10-09T05:15:58Z
2024-12-12,M10,20.04,20.57,20.04,20.57,3100,KBS,2026-10-09T05:15:58Z
2024-12-17,M10,20.13,20.39,20.13,20.39,1100,KBS,2026-10-09T05:15:58Z
2024-12-18,M10,20.39,20.57,20.39,20.39,1006,KBS,2026-10-09T05:15:58Z
2024-12-19,M10,20.31,20.48,20.31,20.48,6500,KBS,2026-10-09T05:15:58Z
2024-12-20,M10,20.57,20.57,20.31,20.31,6025,KBS,2026-10-09T05:15:58Z
2024-12-23,M10,20.57,20.92,20.57,20.92,5380,KBS,2026-10-09T05:15:58Z
2024-12-24,M10,20.83,22.76,20.83,22.32,68700,KBS,2026-10-09T05:15:58Z
2024-12-25,M10,21.62,22.58,21.62,22.23,32603,KBS,2026-10-09T05:15:58Z
2024-12-26,M10,22.41,23.63,22.41,22.67,33401,KBS,2026-10-09T05:15:58Z
2024-12-27,M10,22.76,24.07,22.5,23.72,261750,KBS,2026-10-09T05:15:58Z
2024-12-30,M10,23.7,24.61,23.06,23.52,27300,KBS,2026-10-09T05:15:58Z
2024-12-31,M10,24.16,24.16,22.88,23.24,28400,KBS,2026-10-09T05:15:58Z
2025-01-02,M10,23.06,24.61,23.06,23.88,47330,KBS,2026-10-09T05:15:58Z
2025-01-03,M10,23.61,24.7,23.61,23.7,66814,KBS,2026-10-09T05:15:58Z
2025-01-06,M10,24.43,24.79,23.15,23.43,42311,KBS,2026-10-09T05:15:58Z
2025-01-07,M10,23.43,23.7,22.88,23.34,25204,KBS,2026-10-09T05:15:58Z
2025-01-08,M10,23.06,23.06,23.06,23.06,4500,KBS,2026-10-09T05:15:58Z
2025-01-09,M10,23.61,23.61,22.79,22.97,12000,KBS,2026-10-09T05:15:58Z
2025-01-10,M10,23.24,23.24,22.51,23.06,10303,KBS,2026-10-09T05:15:58Z
2025-01-13,M10,24.34,24.34,24.34,24.34,111,KBS,2026-10-09T05:15:58Z
2025-01-14,M10,22.33,23.15,22.15,23.15,74708,KBS,2026-10-09T05:15:58Z
2025-01-15,M10,22.33,23.43,21.88,23.43,8009,KBS,2026-10-09T05:15:58Z
2025-01-16,M10,22.15,22.15,21.88,22.15,2702,KBS,2026-10-09T05:15:58Z
2025-01-17,M10,22.33,22.33,20.96,21.33,230114,KBS,2026-10-09T05:15:58Z
2025-01-20,M10,21.69,21.88,21.69,21.88,11401,KBS,2026-10-09T05:15:58Z
2025-01-21,M10,21.88,21.88,21.42,21.42,1600,KBS,2026-10-09T05:15:58Z
2025-01-22,M10,21.42,21.42,21.06,21.33,9800,KBS,2026-10-09T05:15:58Z
2025-01-23,M10,21.42,21.42,20.96,20.96,31200,KBS,2026-10-09T05:15:58Z
2025-01-24,M10,21.06,21.51,20.96,21.33,16900,KBS,2026-10-09T05:15:58Z
2025-02-03,M10,20.96,21.33,20.69,21.33,6400,KBS,2026-10-09T05:15:58Z
2025-02-04,M10,21.33,21.42,20.96,21.33,10300,KBS,2026-10-09T05:15:58Z
2025-02-05,M10,21.42,21.42,21.06,21.42,12200,KBS,2026-10-09T05:15:58Z
2025-02-06,M10,21.42,21.78,20.96,21.78,150500,KBS,2026-10-09T05:15:58Z
2025-02-07,M10,21.42,22.33,21.15,22.33,21100,KBS,2026-10-09T05:15:58Z
2025-02-10,M10,21.97,22.24,21.42,21.88,36400,KBS,2026-10-09T05:15:58Z
2025-02-11,M10,21.51,21.69,21.42,21.69,21900,KBS,2026-10-09T05:15:58Z
2025-02-12,M10,21.69,21.78,21.69,21.78,7500,KBS,2026-10-09T05:15:58Z
2025-02-13,M10,21.42,21.88,21.42,21.78,10010,KBS,2026-10-09T05:15:58Z
2025-02-14,M10,21.78,22.51,21.78,22.33,48800,KBS,2026-10-09T05:15:58Z
2025-02-17,M10,22.33,22.79,22.33,22.6,34000,KBS,2026-10-09T05:15:58Z
2025-02-18,M10,22.42,22.6,22.15,22.42,3400,KBS,2026-10-09T05:15:58Z
2025-02-19,M10,22.42,25.7,22.33,22.33,15200,KBS,2026-10-09T05:15:58Z
2025-02-20,M10,22.7,22.88,22.15,22.79,18700,KBS,2026-10-09T05:15:58Z
2025-02-21,M10,22.7,22.7,22.33,22.6,41300,KBS,2026-10-09T05:15:58Z
2025-02-24,M10,22.7,22.7,22.24,22.51,10000,KBS,2026-10-09T05:15:58Z
2025-02-25,M10,22.6,23.34,22.42,23.06,40900,KBS,2026-10-09T05:15:58Z
2025-02-26,M10,22.88,22.88,22.79,22.88,9032,KBS,2026-10-09T05:15:58Z
2025-02-27,M10,22.97,23.06,22.7,23.06,8200,KBS,2026-10-09T05:15:58Z
2025-02-28,M10,22.79,23.06,22.79,22.79,26500,KBS,2026-10-09T05:15:58Z
2025-03-03,M10,22.88,23.06,22.79,22.79,5904,KBS,2026-10-09T05:15:58Z
2025-03-04,M10,22.97,23.24,22.79,22.79,11400,KBS,2026-10-09T05:15:58Z
2025-03-05,M10,22.97,22.97,22.42,22.42,13100,KBS,2026-10-09T05:15:58Z
2025-03-06,M10,22.7,23.34,22.33,23.34,32300,KBS,2026-10-09T05:15:58Z
2025-03-07,M10,22.97,22.97,22.79,22.79,2700,KBS,2026-10-09T05:15:58Z
2025-03-10,M10,22.6,22.79,22.42,22.42,14100,KBS,2026-10-09T05:15:58Z
2025-03-11,M10,22.42,22.79,22.15,22.79,14600,KBS,2026-10-09T05:15:58Z
2025-03-12,M10,22.42,22.97,22.42,22.79,11200,KBS,2026-10-09T05:15:58Z
2025-03-13,M10,22.97,23.06,22.51,22.51,5700,KBS,2026-10-09T05:15:58Z
2025-03-14,M10,22.6,22.79,22.6,22.79,6100,KBS,2026-10-09T05:15:58Z
2025-03-17,M10,22.79,22.79,22.7,22.79,13000,KBS,2026-10-09T05:15:58Z
2025-03-18,M10,22.79,22.79,22.79,22.79,2100,KBS,2026-10-09T05:15:58Z
2025-03-19,M10,22.79,22.79,22.6,22.6,6400,KBS,2026-10-09T05:15:58Z
2025-03-20,M10,22.7,22.79,22.6,22.79,7100,KBS,2026-10-09T05:15:58Z
2025-03-21,M10,22.79,22.79,22.7,22.7,605,KBS,2026-10-09T05:15:58Z
2025-03-24,M10,22.7,22.7,22.51,22.6,6300,KBS,2026-10-09T05:15:58Z
2025-03-25,M10,22.51,22.6,22.51,22.51,21232,KBS,2026-10-09T05:15:58Z
2025-03-26,M10,22.51,22.51,22.33,22.33,8100,KBS,2026-10-09T05:15:58Z
2025-03-27,M10,22.42,22.51,22.42,22.51,4500,KBS,2026-10-09T05:15:58Z
2025-03-28,M10,22.33,22.42,22.24,22.42,1705,KBS,2026-10-09T05:15:58Z
2025-03-31,M10,22.24,22.24,21.88,21.97,33700,KBS,2026-10-09T05:15:58Z
2025-04-01,M10,22.42,22.42,22.42,22.42,100,KBS,2026-10-09T05:15:58Z
2025-04-02,M10,22.33,22.42,22.33,22.42,500,KBS,2026-10-09T05:15:58Z
2025-04-03,M10,21.88,21.88,19.14,21.69,40607,KBS,2026-10-09T05:15:58Z
2025-04-04,M10,21.33,21.33,18.05,20.96,13100,KBS,2026-10-09T05:15:58Z
2025-04-08,M10,20.87,20.87,16.41,16.41,25155,KBS,2026-10-09T05:15:58Z
2025-04-09,M10,16.41,16.86,15.77,15.77,33905,KBS,2026-10-09T05:15:58Z
2025-04-10,M10,18.32,18.32,18.32,18.32,400,KBS,2026-10-09T05:15:58Z
2025-04-11,M10,19.42,19.42,17.32,17.32,28604,KBS,2026-10-09T05:15:58Z
2025-04-14,M10,18.05,18.05,17.5,17.77,31200,KBS,2026-10-09T05:15:58Z
2025-04-15,M10,17.77,17.77,17.05,17.41,13201,KBS,2026-10-09T05:15:58Z
2025-04-16,M10,17.32,17.41,17.05,17.05,4200,KBS,2026-10-09T05:15:58Z
2025-04-17,M10,17.23,17.32,16.86,17.32,4400,KBS,2026-10-09T05:15:58Z
2025-04-18,M10,17.05,17.32,16.77,17.32,21200,KBS,2026-10-09T05:15:58Z
2025-04-21,M10,16.59,17.77,16.59,17.68,1000,KBS,2026-10-09T05:15:58Z
2025-04-22,M10,17.59,17.59,16.41,17.5,6100,KBS,2026-10-09T05:15:58Z
2025-04-23,M10,17.86,17.86,15.95,17.32,700,KBS,2026-10-09T05:15:58Z
2025-04-24,M10,17.5,17.5,16.5,17.41,1205,KBS,2026-10-09T05:15:58Z
2025-04-25,M10,17.59,17.59,17.59,17.59,100,KBS,2026-10-09T05:15:58Z
2025-04-28,M10,17.59,18.14,17.59,18.14,1004,KBS,2026-10-09T05:15:58Z
2025-04-29,M10,17.32,17.96,17.32,17.96,6307,KBS,2026-10-09T05:15:58Z
2025-05-05,M10,17.59,17.59,17.5,17.5,1100,KBS,2026-10-09T05:15:58Z
2025-05-06,M10,17.5,17.5,17.32,17.32,5100,KBS,2026-10-09T05:15:58Z
2025-05-07,M10,17.5,17.77,17.41,17.41,1400,KBS,2026-10-09T05:15:58Z
2025-05-08,M10,17.68,17.96,17.68,17.96,300,KBS,2026-10-09T05:15:58Z
2025-05-09,M10,17.68,17.77,17.68,17.77,900,KBS,2026-10-09T05:15:58Z
2025-05-12,M10,17.77,17.77,17.77,17.77,1100,KBS,2026-10-09T05:15:58Z
2025-05-13,M10,17.77,18.23,17.77,17.86,3600,KBS,2026-10-09T05:15:58Z
2025-05-14,M10,18.32,18.6,18.23,18.32,18000,KBS,2026-10-09T05:15:58Z
2025-05-15,M10,18.41,18.41,18.41,18.41,300,KBS,2026-10-09T05:15:58Z
2025-05-16,M10,18.41,18.41,18.23,18.23,1700,KBS,2026-10-09T05:15:58Z
2025-05-19,M10,18.23,18.23,18.23,18.23,900,KBS,2026-10-09T05:15:58Z
2025-05-20,M10,18.14,18.14,17.59,18.05,1900,KBS,2026-10-09T05:15:58Z
2025-05-21,M10,18.23,18.23,17.86,17.86,4200,KBS,2026-10-09T05:15:58Z
2025-05-22,M10,18.14,18.14,18.14,18.14,200,KBS,2026-10-09T05:15:58Z
2025-05-26,M10,18.14,20.51,18.14,19.6,36300,KBS,2026-10-09T05:15:58Z
2025-05-27,M10,19.78,20.33,19.78,20.14,16700,KBS,2026-10-09T05:15:58Z
2025-05-28,M10,20.14,20.14,18.69,19.96,3500,KBS,2026-10-09T05:15:58Z
2025-05-29,M10,19.14,19.42,19.14,19.14,6600,KBS,2026-10-09T05:15:58Z
2025-05-30,M10,18.96,19.05,18.96,18.96,2600,KBS,2026-10-09T05:15:58Z
2025-06-02,M10,17.59,18.96,17.59,18.96,700,KBS,2026-10-09T05:15:58Z
2025-06-03,M10,18.96,19.14,18.96,19.14,3200,KBS,2026-10-09T05:15:58Z
2025-06-05,M10,18.23,19.14,18.23,19.14,300,KBS,2026-10-09T05:15:58Z
2025-06-06,M10,18.87,18.87,18.69,18.69,1600,KBS,2026-10-09T05:15:58Z
2025-06-09,M10,18.69,18.69,18.05,18.05,3300,KBS,2026-10-09T05:15:58Z
2025-06-10,M10,18.32,18.32,18.23,18.23,4100,KBS,2026-10-09T05:15:58Z
2025-06-11,M10,18.5,18.5,18.5,18.5,1000,KBS,2026-10-09T05:15:58Z
2025-06-12,M10,18.5,18.5,18.41,18.41,600,KBS,2026-10-09T05:15:58Z
2025-06-13,M10,18.32,18.41,18.05,18.41,5800,KBS,2026-10-09T05:15:58Z
2025-06-16,M10,18.78,18.96,18.78,18.96,1700,KBS,2026-10-09T05:15:58Z
2025-06-17,M10,18.87,18.87,18.87,18.87,1000,KBS,2026-10-09T05:15:58Z
2025-06-18,M10,18.87,18.87,18.69,18.69,300,KBS,2026-10-09T05:15:58Z
2025-06-19,M10,18.78,18.78,18.78,18.78,3300,KBS,2026-10-09T05:15:58Z
2025-06-20,M10,18.87,18.87,18.23,18.23,2100,KBS,2026-10-09T05:15:58Z
2025-06-23,M10,18.23,18.5,18.23,18.5,1800,KBS,2026-10-09T05:15:58Z
2025-06-24,M10,18.69,18.69,18.69,18.69,1700,KBS,2026-10-09T05:15:58Z
2025-06-25,M10,18.87,18.87,18.5,18.69,9900,KBS,2026-10-09T05:15:58Z
2025-06-26,M10,18.78,18.78,18.6,18.69,2600,KBS,2026-10-09T05:15:58Z
2025-06-27,M10,18.69,18.69,18.69,18.69,500,KBS,2026-10-09T05:15:58Z
2025-06-30,M10,18.69,18.69,18.6,18.69,6400,KBS,2026-10-09T05:15:58Z
2025-07-01,M10,18.6,18.69,18.6,18.69,700,KBS,2026-10-09T05:15:58Z
2025-07-02,M10,18.69,19.51,18.69,19.51,7700,KBS,2026-10-09T05:15:58Z
2025-07-03,M10,19.61,19.89,19.33,19.33,11700,KBS,2026-10-09T05:15:58Z
2025-07-04,M10,19.51,19.51,18.95,19.14,6200,KBS,2026-10-09T05:15:58Z
2025-07-07,M10,19.05,19.23,19.05,19.23,3900,KBS,2026-10-09T05:15:58Z
2025-07-08,M10,19.23,19.79,19.23,19.79,2600,KBS,2026-10-09T05:15:58Z
2025-07-09,M10,19.61,19.79,19.42,19.61,7100,KBS,2026-10-09T05:15:58Z
2025-07-10,M10,19.51,19.7,18.77,19.7,13400,KBS,2026-10-09T05:15:58Z
2025-07-11,M10,19.14,19.61,19.14,19.61,4800,KBS,2026-10-09T05:15:58Z
2025-07-14,M10,19.61,19.61,19.61,19.61,600,KBS,2026-10-09T05:15:58Z
2025-07-15,M10,19.61,19.61,19.61,19.61,100,KBS,2026-10-09T05:15:58Z
2025-07-16,M10,18.95,19.79,18.95,19.79,8800,KBS,2026-10-09T05:15:58Z
2025-07-17,M10,19.42,19.7,19.42,19.7,2200,KBS,2026-10-09T05:15:58Z
2025-07-18,M10,19.61,19.61,19.61,19.61,200,KBS,2026-10-09T05:15:58Z
2025-07-21,M10,19.61,19.61,19.42,19.61,6900,KBS,2026-10-09T05:15:58Z
2025-07-22,M10,19.61,19.7,19.61,19.7,1100,KBS,2026-10-09T05:15:58Z
2025-07-23,M10,19.79,19.98,19.79,19.98,9400,KBS,2026-10-09T05:15:58Z
2025-07-24,M10,19.98,19.98,19.89,19.98,2200,KBS,2026-10-09T05:15:58Z
2025-07-25,M10,19.89,20.17,19.89,20.17,3900,KBS,2026-10-09T05:15:58Z
2025-07-28,M10,20.07,21.1,20.07,21.1,11600,KBS,2026-10-09T05:15:58Z
2025-07-29,M10,20.82,21.47,19.7,20.73,13000,KBS,2026-10-09T05:15:58Z
2025-07-30,M10,20.63,20.91,20.63,20.91,3800,KBS,2026-10-09T05:15:58Z
2025-07-31,M10,20.73,20.91,20.54,20.54,6500,KBS,2026-10-09T05:15:58Z
2025-08-01,M10,20.17,20.54,19.89,20.54,6600,KBS,2026-10-09T05:15:58Z
2025-08-04,M10,20.45,20.45,19.98,20.45,24100,KBS,2026-10-09T05:15:58Z
2025-08-05,M10,20.35,20.54,20.07,20.54,20700,KBS,2026-10-09T05:15:58Z
2025-08-06,M10,20.26,20.35,19.98,20.35,6700,KBS,2026-10-09T05:15:58Z
2025-08-07,M10,20.26,20.54,20.26,20.45,16900,KBS,2026-10-09T05:15:58Z
2025-08-08,M10,20.35,20.73,20.26,20.45,29500,KBS,2026-10-09T05:15:58Z
2025-08-11,M10,20.45,20.54,20.35,20.54,5800,KBS,2026-10-09T05:15:58Z
2025-08-12,M10,20.45,20.63,20.45,20.54,27500,KBS,2026-10-09T05:15:58Z
2025-08-13,M10,20.54,20.54,20.26,20.35,12800,KBS,2026-10-09T05:15:58Z
2025-08-14,M10,20.45,20.45,20.07,20.35,21600,KBS,2026-10-09T05:15:58Z
2025-08-15,M10,20.07,20.45,19.98,20.45,7000,KBS,2026-10-09T05:15:58Z
2025-08-18,M10,20.07,20.26,20.07,20.07,7000,KBS,2026-10-09T05:15:58Z
2025-08-19,M10,20.26,20.35,19.98,20.07,14700,KBS,2026-10-09T05:15:58Z
2025-08-20,M10,20.17,20.17,19.79,19.98,23200,KBS,2026-10-09T05:15:58Z
2025-08-21,M10,20.26,20.26,19.89,20.07,17600,KBS,2026-10-09T05:15:58Z
2025-08-22,M10,19.79,19.98,19.7,19.98,5100,KBS,2026-10-09T05:15:58Z
2025-08-25,M10,19.79,19.79,19.7,19.7,1900,KBS,2026-10-09T05:15:58Z
2025-08-26,M10,20.26,20.35,19.89,20.35,12500,KBS,2026-10-09T05:15:58Z
2025-08-27,M10,19.79,19.89,19.79,19.89,400,KBS,2026-10-09T05:15:58Z
2025-08-28,M10,20.07,20.07,19.7,19.7,6200,KBS,2026-10-09T05:15:58Z
2025-08-29,M10,20.07,20.07,19.7,19.98,600,KBS,2026-10-09T05:15:58Z
2025-09-03,M10,20.17,20.17,19.98,19.98,400,KBS,2026-10-09T05:15:58Z
2025-09-04,M10,19.98,20.07,19.98,20.07,14800,KBS,2026-10-09T05:15:58Z
2025-09-05,M10,20.07,20.07,20.07,20.07,800,KBS,2026-10-09T05:15:58Z
2025-09-08,M10,20.07,20.07,19.89,19.89,500,KBS,2026-10-09T05:15:58Z
2025-09-09,M10,19.89,20.07,19.89,20.07,5600,KBS,2026-10-09T05:15:58Z
2025-09-10,M10,20.07,20.07,20.07,20.07,200,KBS,2026-10-09T05:15:58Z
2025-09-11,M10,19.61,19.7,19.61,19.7,1800,KBS,2026-10-09T05:15:58Z
2025-09-12,M10,19.98,19.98,19.61,19.79,9800,KBS,2026-10-09T05:15:58Z
2025-09-15,M10,20.07,20.07,19.98,19.98,15900,KBS,2026-10-09T05:15:58Z
2025-09-16,M10,19.7,19.79,19.7,19.7,2100,KBS,2026-10-09T05:15:58Z
2025-09-17,M10,20.07,20.07,19.89,19.89,500,KBS,2026-10-09T05:15:58Z
2025-09-18,M10,19.89,19.89,19.89,19.89,100,KBS,2026-10-09T05:15:58Z
2025-09-19,M10,19.61,19.89,19.61,19.89,11200,KBS,2026-10-09T05:15:58Z
2025-09-22,M10,20.17,20.17,19.61,19.61,900,KBS,2026-10-09T05:15:58Z
2025-09-23,M10,19.79,19.79,19.61,19.79,4600,KBS,2026-10-09T05:15:58Z
2025-09-24,M10,19.98,19.98,19.98,19.98,200,KBS,2026-10-09T05:15:58Z
2025-09-25,M10,19.61,19.79,19.61,19.79,1100,KBS,2026-10-09T05:15:58Z
2025-09-26,M10,19.89,19.89,19.61,19.7,3500,KBS,2026-10-09T05:15:58Z
2025-09-29,M10,19.61,19.61,19.33,19.61,12700,KBS,2026-10-09T05:15:58Z
2025-09-30,M10,19.51,19.51,19.23,19.51,11600,KBS,2026-10-09T05:15:58Z
2025-10-01,M10,19.23,19.98,19.23,19.98,900,KBS,2026-10-09T05:15:58Z
2025-10-02,M10,19.42,19.61,19.42,19.61,500,KBS,2026-10-09T05:15:58Z
2025-10-03,M10,19.7,19.7,19.33,19.42,3600,KBS,2026-10-09T05:15:58Z
2025-10-06,M10,19.7,19.89,19.42,19.79,900,KBS,2026-10-09T05:15:58Z
2025-10-07,M10,19.51,19.61,19.51,19.61,500,KBS,2026-10-09T05:15:58Z
2025-10-08,M10,19.79,19.79,19.7,19.7,500,KBS,2026-10-09T05:15:58Z
2025-10-09,M10,19.33,19.51,19.33,19.51,1100,KBS,2026-10-09T05:15:58Z
2025-10-10,M10,19.61,19.61,19.33,19.33,1300,KBS,2026-10-09T05:15:58Z
2025-10-13,M10,19.61,19.79,19.14,19.42,2900,KBS,2026-10-09T05:15:58Z
2025-10-14,M10,19.33,19.51,19.14,19.51,4200,KBS,2026-10-09T05:15:58Z
2025-10-15,M10,19.79,19.79,19.79,19.79,200,KBS,2026-10-09T05:15:58Z
2025-10-16,M10,19.51,19.51,19.42,19.42,600,KBS,2026-10-09T05:15:58Z
2025-10-17,M10,19.23,19.23,19.14,19.14,8200,KBS,2026-10-09T05:15:58Z
2025-10-20,M10,19.61,19.61,18.77,18.77,6500,KBS,2026-10-09T05:15:58Z
2025-10-21,M10,19.42,19.42,18.67,18.77,6300,KBS,2026-10-09T05:15:58Z
2025-10-22,M10,19.42,19.42,19.42,19.42,200,KBS,2026-10-09T05:15:58Z
2025-10-23,M10,18.67,19.61,18.49,19.61,3900,KBS,2026-10-09T05:15:58Z
2025-10-24,M10,19.7,19.7,19.05,19.05,400,KBS,2026-10-09T05:15:58Z
2025-10-27,M10,19.61,19.61,19.14,19.14,1300,KBS,2026-10-09T05:15:58Z
2025-10-28,M10,19.23,19.42,19.05,19.42,700,KBS,2026-10-09T05:15:58Z
2025-10-29,M10,19.42,19.98,19.42,19.89,16600,KBS,2026-10-09T05:15:58Z
2025-10-30,M10,19.79,19.79,19.7,19.7,5700,KBS,2026-10-09T05:15:58Z
2025-10-31,M10,19.79,20.07,19.79,19.89,9400,KBS,2026-10-09T05:15:58Z
2025-11-03,M10,19.89,19.89,19.61,19.61,6800,KBS,2026-10-09T05:15:58Z
2025-11-04,M10,19.89,19.98,19.61,19.61,5400,KBS,2026-10-09T05:15:58Z
2025-11-05,M10,19.79,19.79,19.42,19.61,10800,KBS,2026-10-09T05:15:58Z
2025-11-06,M10,19.61,19.7,19.51,19.51,4700,KBS,2026-10-09T05:15:58Z
2025-11-07,M10,19.51,19.61,19.51,19.61,700,KBS,2026-10-09T05:15:58Z
2025-11-10,M10,19.7,19.7,19.23,19.23,1800,KBS,2026-10-09T05:15:58Z
2025-11-11,M10,19.61,19.61,19.23,19.51,13300,KBS,2026-10-09T05:15:58Z
2025-11-12,M10,19.42,19.79,19.42,19.79,600,KBS,2026-10-09T05:15:58Z
2025-11-13,M10,19.7,20.35,19.7,19.89,19900,KBS,2026-10-09T05:15:58Z
2025-11-14,M10,19.98,20.07,19.98,19.98,5400,KBS,2026-10-09T05:15:58Z
2025-11-17,M10,19.98,20.07,19.7,19.79,12100,KBS,2026-10-09T05:15:58Z
2025-11-18,M10,19.98,19.98,19.7,19.98,18000,KBS,2026-10-09T05:15:58Z
2025-11-19,M10,19.89,19.89,19.89,19.89,15300,KBS,2026-10-09T05:15:58Z
2025-11-20,M10,19.79,19.98,19.79,19.89,3600,KBS,2026-10-09T05:15:58Z
2025-11-21,M10,19.79,19.79,19.79,19.79,1400,KBS,2026-10-09T05:15:58Z
2025-11-24,M10,19.79,20.17,19.79,20.17,20700,KBS,2026-10-09T05:15:58Z
2025-11-25,M10,20.07,20.07,19.89,19.89,1800,KBS,2026-10-09T05:15:58Z
2025-11-26,M10,19.98,21.38,19.98,21.19,7400,KBS,2026-10-09T05:15:58Z
2025-11-27,M10,20.17,20.17,20.17,20.17,500,KBS,2026-10-09T05:15:58Z
2025-11-28,M10,19.89,19.98,19.89,19.98,1000,KBS,2026-10-09T05:15:58Z
2025-12-01,M10,20.17,20.17,19.98,19.98,6100,KBS,2026-10-09T05:15:58Z
2025-12-02,M10,20.17,20.17,20.17,20.17,100,KBS,2026-10-09T05:15:58Z
2025-12-03,M10,19.98,20.54,19.89,20.45,8500,KBS,2026-10-09T05:15:58Z
2025-12-04,M10,20.26,20.54,20.26,20.35,19700,KBS,2026-10-09T05:15:58Z
2025-12-05,M10,20.26,20.45,20.17,20.45,600,KBS,2026-10-09T05:15:58Z
2025-12-08,M10,19.98,20.54,19.98,20.54,14200,KBS,2026-10-09T05:15:58Z
2025-12-09,M10,19.98,20.17,19.98,20.17,900,KBS,2026-10-09T05:15:58Z
2025-12-10,M10,20.07,20.54,20.07,20.17,3400,KBS,2026-10-09T05:15:58Z
2025-12-11,M10,20.07,20.54,20.07,20.54,3100,KBS,2026-10-09T05:15:58Z
2025-12-12,M10,20.07,20.54,20.07,20.35,13200,KBS,2026-10-09T05:15:58Z
2025-12-15,M10,20.35,20.45,20.07,20.07,15500,KBS,2026-10-09T05:15:58Z
2025-12-16,M10,20.26,20.26,20.26,20.26,400,KBS,2026-10-09T05:15:58Z
2025-12-17,M10,20.26,20.35,20.26,20.35,2200,KBS,2026-10-09T05:15:58Z
2025-12-18,M10,20.35,20.35,20.35,20.35,2100,KBS,2026-10-09T05:15:58Z
2025-12-19,M10,20.35,20.35,20.26,20.26,2200,KBS,2026-10-09T05:15:58Z
2025-12-22,M10,20.45,20.54,20.35,20.35,5300,KBS,2026-10-09T05:15:58Z
2025-12-23,M10,20.54,20.54,20.54,20.54,5600,KBS,2026-10-09T05:15:58Z
2025-12-24,M10,20.54,20.63,20.54,20.54,12500,KBS,2026-10-09T05:15:58Z
2025-12-25,M10,20.54,20.63,20.54,20.54,4700,KBS,2026-10-09T05:15:58Z
2025-12-26,M10,20.54,20.63,20.54,20.63,9200,KBS,2026-10-09T05:15:58Z
2025-12-29,M10,20.54,20.63,20.54,20.54,11300,KBS,2026-10-09T05:15:58Z
2025-12-30,M10,20.54,20.82,20.54,20.54,10300,KBS,2026-10-09T05:15:58Z
2025-12-31,M10,20.63,20.82,20.35,20.73,1600,KBS,2026-10-09T05:15:58Z
2026-01-05,M10,20.54,20.73,20.54,20.73,3700,KBS,2026-10-09T05:15:58Z
2026-01-06,M10,20.54,20.63,20.26,20.35,6900,KBS,2026-10-09T05:15:58Z
2026-01-07,M10,20.63,20.73,20.45,20.54,5700,KBS,2026-10-09T05:15:58Z
2026-01-08,M10,20.54,20.82,20.54,20.73,3300,KBS,2026-10-09T05:15:58Z
2026-01-09,M10,20.73,21.75,20.73,21.66,44500,KBS,2026-10-09T05:15:58Z
2026-01-12,M10,21.38,21.94,21.38,21.57,14100,KBS,2026-10-09T05:15:58Z
2026-01-13,M10,21.47,21.47,20.45,21.01,16500,KBS,2026-10-09T05:15:58Z
2026-01-14,M10,20.82,21.01,20.82,20.91,4200,KBS,2026-10-09T05:15:58Z
2026-01-15,M10,21.01,21.47,21.01,21.1,4800,KBS,2026-10-09T05:15:58Z
2026-01-16,M10,21.19,21.38,21.19,21.19,5300,KBS,2026-10-09T05:15:58Z
2026-01-19,M10,21.29,21.29,21.19,21.19,900,KBS,2026-10-09T05:15:58Z
2026-01-20,M10,21.29,21.29,20.91,20.91,3700,KBS,2026-10-09T05:15:58Z
2026-01-21,M10,21.19,21.19,21.19,21.19,700,KBS,2026-10-09T05:15:58Z
2026-01-22,M10,20.91,21.19,20.82,21.01,8500,KBS,2026-10-09T05:15:58Z
2026-01-23,M10,21.01,21.1,20.82,21.1,6700,KBS,2026-10-09T05:15:58Z
2026-01-26,M10,21.19,21.94,21.01,21.01,12100,KBS,2026-10-09T05:15:58Z
2026-01-27,M10,21.19,21.19,20.91,21.01,1000,KBS,2026-10-09T05:15:58Z
2026-01-28,M10,21.19,21.19,20.91,21.01,1700,KBS,2026-10-09T05:15:58Z
2026-01-29,M10,21.19,21.19,21.01,21.19,2700,KBS,2026-10-09T05:15:58Z
2026-01-30,M10,21.19,21.75,21.19,21.57,14600,KBS,2026-10-09T05:15:58Z
2026-02-02,M10,21.57,22.59,21.57,22.31,50100,KBS,2026-10-09T05:15:58Z
2026-02-03,M10,22.31,22.41,22.13,22.22,18900,KBS,2026-10-09T05:15:58Z
2026-02-04,M10,22.22,22.31,21.75,21.75,13000,KBS,2026-10-09T05:15:58Z
2026-02-05,M10,22.22,22.22,21.66,21.94,4700,KBS,2026-10-09T05:15:58Z
2026-02-06,M10,22.13,22.13,21.01,21.01,13800,KBS,2026-10-09T05:15:58Z
2026-02-09,M10,21.85,21.85,21.01,21.29,4200,KBS,2026-10-09T05:15:58Z
2026-02-10,M10,21.29,21.29,21.19,21.29,5300,KBS,2026-10-09T05:15:58Z
2026-02-11,M10,22.03,22.03,21.1,21.29,4400,KBS,2026-10-09T05:15:58Z
2026-02-12,M10,22.03,22.03,21.38,21.47,2700,KBS,2026-10-09T05:15:58Z
2026-02-13,M10,21.47,21.66,21.47,21.47,3800,KBS,2026-10-09T05:15:58Z
2026-02-23,M10,21.57,21.57,21.47,21.57,8300,KBS,2026-10-09T05:15:58Z
2026-02-24,M10,21.75,21.85,21.75,21.85,13000,KBS,2026-10-09T05:15:58Z
2026-02-25,M10,21.85,21.94,21.85,21.94,1800,KBS,2026-10-09T05:15:58Z
2026-02-26,M10,21.94,21.94,21.85,21.85,1200,KBS,2026-10-09T05:15:58Z
2026-02-27,M10,21.94,21.94,21.85,21.85,3400,KBS,2026-10-09T05:15:58Z
2026-03-02,M10,21.85,21.85,21.47,21.47,16300,KBS,2026-10-09T05:15:58Z
2026-03-03,M10,21.47,21.75,21.47,21.47,6900,KBS,2026-10-09T05:15:58Z
2026-03-04,M10,21.47,21.47,21.01,21.38,6600,KBS,2026-10-09T05:15:58Z
2026-03-05,M10,21.85,21.85,21.1,21.1,2400,KBS,2026-10-09T05:15:58Z
2026-03-06,M10,21.19,21.57,21.01,21.19,5900,KBS,2026-10-09T05:15:58Z
2026-03-09,M10,21.85,21.85,20.07,20.54,33700,KBS,2026-10-09T05:15:58Z
2026-03-10,M10,21.66,21.66,20.35,20.54,5000,KBS,2026-10-09T05:15:58Z
2026-03-11,M10,20.82,21.1,20.82,21.1,2800,KBS,2026-10-09T05:15:58Z
2026-03-12,M10,20.73,21.01,20.73,21.01,3500,KBS,2026-10-09T05:15:58Z
2026-03-13,M10,21.85,21.85,20.91,20.91,3200,KBS,2026-10-09T05:15:58Z
2026-03-16,M10,21.01,21.01,21.01,21.01,100,KBS,2026-10-09T05:15:58Z
2026-03-17,M10,21.47,21.47,21.01,21.01,4200,KBS,2026-10-09T05:15:58Z
2026-03-18,M10,21.01,21.47,21.01,21.1,4400,KBS,2026-10-09T05:15:58Z
2026-03-19,M10,21.01,21.47,21.01,21.47,1100,KBS,2026-10-09T05:15:58Z
2026-03-20,M10,20.63,20.91,20.63,20.91,1000,KBS,2026-10-09T05:15:58Z
2026-03-23,M10,21.38,21.38,20.82,20.82,5700,KBS,2026-10-09T05:15:58Z
2026-03-24,M10,21.01,21.38,21.01,21.01,3600,KBS,2026-10-09T05:15:58Z
2026-03-25,M10,21.38,21.47,21.38,21.47,2400,KBS,2026-10-09T05:15:58Z
2026-03-26,M10,21.29,21.29,21.1,21.1,900,KBS,2026-10-09T05:15:58Z
2026-03-27,M10,20.91,21.01,20.91,20.91,3400,KBS,2026-10-09T05:15:58Z
2026-03-30,M10,20.91,20.91,20.73,20.73,700,KBS,2026-10-09T05:15:58Z
2026-03-31,M10,21.38,21.38,20.82,20.82,3700,KBS,2026-10-09T05:15:58Z
2026-04-01,M10,20.82,21.66,20.82,21.66,500,KBS,2026-10-09T05:15:58Z
2026-04-02,M10,21.85,21.85,21.85,21.85,200,KBS,2026-10-09T05:15:58Z
2026-04-03,M10,21.47,21.47,21.47,21.47,100,KBS,2026-10-09T05:15:58Z
2026-04-06,M10,21.1,21.29,21.1,21.29,1100,KBS,2026-10-09T05:15:58Z
2026-04-08,M10,21.29,21.29,21.29,21.29,5800,KBS,2026-10-09T05:15:58Z
2026-04-09,M10,21.29,21.29,21.01,21.1,7000,KBS,2026-10-09T05:15:58Z
2026-04-10,M10,21.94,21.94,21.1,21.1,2300,KBS,2026-10-09T05:15:58Z
2026-04-13,M10,21.1,21.1,21.01,21.1,1100,KBS,2026-10-09T05:15:58Z
2026-04-14,M10,21.1,21.1,20.54,20.82,40700,KBS,2026-10-09T05:15:58Z
2026-04-15,M10,20.91,20.91,20.73,20.73,12400,KBS,2026-10-09T05:15:58Z
2026-04-16,M10,20.63,20.73,20.54,20.54,18100,KBS,2026-10-09T05:15:58Z
2026-04-17,M10,20.54,21.38,20.54,20.54,12800,KBS,2026-10-09T05:15:58Z
2026-04-20,M10,20.54,20.54,20.54,20.54,400,KBS,2026-10-09T05:15:58Z
2026-04-21,M10,20.35,21.29,20.35,20.54,4400,KBS,2026-10-09T05:15:58Z
2026-04-22,M10,20.63,20.63,20.54,20.54,3000,KBS,2026-10-09T05:15:58Z
2026-04-23,M10,20.54,20.63,20.54,20.63,3900,KBS,2026-10-09T05:15:58Z
2026-04-24,M10,20.54,20.63,20.54,20.63,2500,KBS,2026-10-09T05:15:58Z
2026-04-28,M10,20.54,20.54,20.54,20.54,4700,KBS,2026-10-09T05:15:58Z
2026-04-29,M10,21.29,21.29,20.45,21.01,5500,KBS,2026-10-09T05:15:58Z
2026-05-04,M10,21.29,21.29,21.1,21.29,4800,KBS,2026-10-09T05:15:58Z
2026-05-05,M10,21.29,21.29,21.01,21.01,1600,KBS,2026-10-09T05:15:58Z
2026-05-06,M10,21.38,21.38,20.63,20.73,3700,KBS,2026-10-09T05:15:58Z
2026-05-07,M10,21.29,21.29,20.63,20.63,300,KBS,2026-10-09T05:15:58Z
2026-05-15,M10,21.1,21.1,21.01,21.01,2700,KBS,2026-10-09T05:15:58Z
2026-05-18,M10,20.63,20.63,20.63,20.63,2000,KBS,2026-10-09T05:15:58Z
2026-05-19,M10,20.63,20.63,20.63,20.63,1000,KBS,2026-10-09T05:15:58Z
2026-05-20,M10,21.19,21.19,21.19,21.19,200,KBS,2026-10-09T05:15:58Z
2026-05-21,M10,21.01,21.01,21.01,21.01,2100,KBS,2026-10-09T05:15:58Z
2026-05-22,M10,21.01,21.01,21.01,21.01,600,KBS,2026-10-09T05:15:58Z
2026-05-25,M10,21.01,21.01,20.63,20.63,1100,KBS,2026-10-09T05:15:58Z
2026-05-26,M10,21.1,21.1,20.26,20.91,4600,KBS,2026-10-09T05:15:58Z
2026-05-27,M10,20.91,20.91,20.35,20.91,1900,KBS,2026-10-09T05:15:58Z
2026-05-28,M10,20.73,20.73,20.73,20.73,1700,KBS,2026-10-09T05:15:58Z
2026-05-29,M10,20.91,20.91,20.91,20.91,2000,KBS,2026-10-09T05:15:58Z
2026-06-04,M10,20.91,20.91,20.91,20.91,800,KBS,2026-10-09T05:15:58Z
2026-06-08,M10,20.82,20.82,20.35,20.35,1100,KBS,2026-10-09T05:15:58Z
2026-06-09,M10,20.82,20.82,20.26,20.54,9500,KBS,2026-10-09T05:15:58Z
2026-06-10,M10,20.73,20.73,20.73,20.73,200,KBS,2026-10-09T05:15:58Z
2026-06-11,M10,20.54,20.73,20.54,20.73,4800,KBS,2026-10-09T05:15:58Z
2026-06-12,M10,20.82,20.82,20.82,20.82,200,KBS,2026-10-09T05:15:58Z
2026-06-15,M10,20.82,20.82,20.73,20.73,400,KBS,2026-10-09T05:15:58Z
2026-06-16,M10,20.73,20.82,20.45,20.73,4400,KBS,2026-10-09T05:15:58Z
2026-06-17,M10,20.91,21.29,20.91,21.19,5200,KBS,2026-10-09T05:15:58Z
2026-06-18,M10,21.2,22.0,21.1,21.3,8700,KBS,2026-10-09T05:15:58Z
2026-06-19,M10,21.7,21.7,21.2,21.2,1200,KBS,2026-10-09T05:15:58Z
2026-06-22,M10,21.2,21.3,21.0,21.0,4700,KBS,2026-10-09T05:15:58Z
2026-06-23,M10,21.3,21.3,21.0,21.0,1800,KBS,2026-10-09T05:15:58Z
2026-06-24,M10,21.2,21.2,21.2,21.2,200,KBS,2026-10-09T05:15:58Z
2026-06-25,M10,21.0,21.0,21.0,21.0,2300,KBS,2026-10-09T05:15:58Z
2026-06-26,M10,21.0,21.1,21.0,21.1,300,KBS,2026-10-09T05:15:58Z
2026-06-29,M10,21.5,21.5,21.5,21.5,200,KBS,2026-10-09T05:15:58Z
2026-06-30,M10,20.5,20.5,20.5,20.5,200,KBS,2026-10-09T05:15:58Z
2026-07-01,M10,21.2,21.2,21.0,21.1,2000,KBS,2026-10-09T05:15:58Z
2026-07-02,M10,21.1,21.1,21.1,21.1,2400,KBS,2026-10-09T05:15:58Z
2026-07-03,M10,21.1,21.1,21.1,21.1,5700,KBS,2026-10-09T05:15:58Z
2026-07-06,M10,22.0,22.0,21.0,21.0,9200,KBS,2026-10-09T05:15:58Z
2026-07-08,M10,21.9,21.9,21.0,21.0,200,KBS,2026-10-09T05:15:58Z
2026-07-09,M10,21.8,21.8,21.8,21.8,200,KBS,2026-10-09T05:15:58Z
2026-07-10,M10,21.8,21.8,21.8,21.8,100,KBS,2026-10-09T05:15:58Z
2026-07-13,M10,21.8,21.8,20.8,21.5,2600,KBS,2026-10-09T05:15:58Z
2026-07-14,M10,21.7,21.7,21.7,21.7,700,KBS,2026-10-09T05:15:58Z
2026-07-15,M10,21.7,21.7,21.0,21.0,1600,KBS,2026-10-09T05:15:58Z
2026-07-16,M10,21.6,22.0,20.5,20.6,10100,KBS,2026-10-09T05:15:58Z
2026-07-17,M10,21.7,21.7,21.0,21.0,700,KBS,2026-10-09T05:15:58Z
2026-07-20,M10,21.6,21.6,20.5,20.6,600,KBS,2026-10-09T05:15:58Z
2026-07-21,M10,21.6,21.6,20.7,20.7,400,KBS,2026-10-09T05:15:58Z
2026-07-22,M10,21.6,22.0,20.5,20.5,1800,KBS,2026-10-09T05:15:58Z
2026-07-23,M10,21.9,21.9,20.3,20.3,900,KBS,2026-10-09T05:15:58Z
2026-07-24,M10,21.9,21.9,20.3,20.3,1100,KBS,2026-10-09T05:15:58Z
2026-07-27,M10,21.6,21.6,21.6,21.6,200,KBS,2026-10-09T05:15:58Z
2026-07-30,M10,20.3,21.5,20.3,21.0,24500,KBS,2026-10-09T05:15:58Z
2026-07-31,M10,21.4,21.4,20.3,20.5,5700,KBS,2026-10-09T05:15:58Z
2026-08-03,M10,21.5,21.5,20.3,20.3,8500,KBS,2026-10-09T05:15:58Z
2026-08-04,M10,21.4,21.4,20.1,20.1,5200,KBS,2026-10-09T05:15:58Z
2026-08-05,M10,21.1,21.1,20.1,20.1,900,KBS,2026-10-09T05:15:58Z
2026-08-06,M10,20.9,20.9,19.7,20.2,9800,KBS,2026-10-09T05:15:58Z
2026-08-07,M10,20.2,20.7,20.0,20.0,2100,KBS,2026-10-09T05:15:58Z
2026-08-10,M10,20.6,20.6,20.6,20.6,700,KBS,2026-10-09T05:15:58Z
2026-08-11,M10,20.1,21.2,20.1,21.2,5500,KBS,2026-10-09T05:15:58Z
2026-08-12,M10,20.3,20.7,20.0,20.0,1400,KBS,2026-10-09T05:15:58Z
2026-08-13,M10,20.3,20.5,20.3,20.5,2000,KBS,2026-10-09T05:15:58Z
2026-08-14,M10,20.5,20.5,20.1,20.1,1300,KBS,2026-10-09T05:15:58Z
2026-08-17,M10,20.5,20.6,20.0,20.0,14200,KBS,2026-10-09T05:15:58Z
2026-08-18,M10,19.7,20.4,19.7,20.0,2200,KBS,2026-10-09T05:15:58Z
2026-08-19,M10,20.4,20.4,20.0,20.0,6700,KBS,2026-10-09T05:15:58Z
2026-08-20,M10,20.3,20.3,19.8,20.0,2100,KBS,2026-10-09T05:15:58Z
2026-08-21,M10,19.9,19.9,19.9,19.9,15500,KBS,2026-10-09T05:15:58Z
2026-08-24,M10,19.9,20.1,19.9,19.9,28800,KBS,2026-10-09T05:15:58Z
2026-08-27,M10,19.9,19.9,19.8,19.8,1100,KBS,2026-10-09T05:15:58Z
2026-08-28,M10,19.8,20.1,19.1,20.1,2800,KBS,2026-10-09T05:15:58Z
2026-09-03,M10,20.4,20.4,19.7,19.9,8600,KBS,2026-10-09T05:15:58Z
2026-09-04,M10,19.8,19.8,19.7,19.7,3500,KBS,2026-10-09T05:15:58Z
2026-09-07,M10,20.3,20.3,19.7,19.8,8600,KBS,2026-10-09T05:15:58Z
2026-09-08,M10,19.7,19.7,19.7,19.7,8400,KBS,2026-10-09T05:15:58Z
2026-09-09,M10,21.3,21.3,19.7,19.7,1100,KBS,2026-10-09T05:15:58Z
2026-09-10,M10,19.7,19.7,19.7,19.7,5100,KBS,2026-10-09T05:15:58Z
2026-09-11,M10,19.7,19.7,19.7,19.7,3000,KBS,2026-10-09T05:15:58Z
2026-09-14,M10,19.7,19.7,18.5,19.7,8100,KBS,2026-10-09T05:15:58Z
2026-09-15,M10,21.0,21.0,21.0,21.0,200,KBS,2026-10-09T05:15:58Z
2026-09-22,M10,20.2,20.2,20.2,20.2,300,KBS,2026-10-09T05:15:58Z
2026-09-23,M10,20.1,20.1,20.0,20.0,200,KBS,2026-10-09T05:15:58Z
2026-09-25,M10,19.8,19.8,19.8,19.8,100,KBS,2026-10-09T05:15:58Z
2026-09-28,M10,19.2,19.2,19.2,19.2,3000,KBS,2026-10-09T05:15:58Z
2026-09-30,M10,18.6,19.5,18.6,19.5,2400,KBS,2026-10-09T05:15:58Z
2026-10-01,M10,18.8,18.9,18.6,18.9,4000,KBS,2026-10-09T05:15:58Z
2026-10-02,M10,18.9,18.9,18.8,18.9,1300,KBS,2026-10-09T05:15:58Z
2026-10-05,M10,18.5,18.5,18.3,18.3,2800,KBS,2026-10-09T05:15:58Z
2026-10-06,M10,18.5,18.5,18.5,18.5,1000,KBS,2026-10-09T05:15:58Z
2026-10-07,M10,18.5,18.5,18.2,18.4,6900,KBS,2026-10-09T05:15:58Z
2026-10-08,M10,19.5,19.5,18.2,18.2,800,KBS,2026-10-09T05:15:58Z
