date,symbol,open,high,low,close,volume,source,fetched_at
2018-10-11,MBB,4.63,4.67,4.47,4.47,10786560,KBS,2026-10-09T04:33:20Z
2018-10-12,MBB,4.42,4.62,4.42,4.58,8482230,KBS,2026-10-09T04:33:20Z
2018-10-15,MBB,4.61,4.61,4.48,4.48,4251170,KBS,2026-10-09T04:33:20Z
2018-10-16,MBB,4.48,4.61,4.48,4.57,3525870,KBS,2026-10-09T04:33:20Z
2018-10-17,MBB,4.63,4.65,4.53,4.55,7054300,KBS,2026-10-09T04:33:20Z
2018-10-18,MBB,4.55,4.55,4.45,4.45,4181130,KBS,2026-10-09T04:33:20Z
2018-10-19,MBB,4.38,4.49,4.35,4.42,4184120,KBS,2026-10-09T04:33:20Z
2018-10-22,MBB,4.53,4.56,4.44,4.44,3925760,KBS,2026-10-09T04:33:20Z
2018-10-23,MBB,4.44,4.54,4.38,4.5,7564000,KBS,2026-10-09T04:33:20Z
2018-10-24,MBB,4.5,4.54,4.43,4.43,3211900,KBS,2026-10-09T04:33:20Z
2018-10-25,MBB,4.29,4.43,4.28,4.42,5386150,KBS,2026-10-09T04:33:20Z
2018-10-26,MBB,4.46,4.51,4.4,4.43,5230060,KBS,2026-10-09T04:33:20Z
2018-10-29,MBB,4.42,4.48,4.41,4.47,3861530,KBS,2026-10-09T04:33:20Z
2018-10-30,MBB,4.47,4.56,4.45,4.49,5457910,KBS,2026-10-09T04:33:20Z
2018-10-31,MBB,4.56,4.61,4.52,4.61,5037930,KBS,2026-10-09T04:33:20Z
2018-11-01,MBB,4.58,4.61,4.52,4.52,2787460,KBS,2026-10-09T04:33:20Z
2018-11-02,MBB,4.56,4.66,4.53,4.58,4290860,KBS,2026-10-09T04:33:20Z
2018-11-05,MBB,4.56,4.62,4.53,4.6,3077230,KBS,2026-10-09T04:33:20Z
2018-11-06,MBB,4.63,4.63,4.52,4.52,3581010,KBS,2026-10-09T04:33:20Z
2018-11-07,MBB,4.55,4.55,4.49,4.52,2783650,KBS,2026-10-09T04:33:20Z
2018-11-08,MBB,4.58,4.58,4.5,4.5,2147700,KBS,2026-10-09T04:33:20Z
2018-11-09,MBB,4.51,4.51,4.38,4.4,4471580,KBS,2026-10-09T04:33:20Z
2018-11-12,MBB,4.31,4.41,4.31,4.38,1643350,KBS,2026-10-09T04:33:20Z
2018-11-13,MBB,4.31,4.35,4.29,4.32,2827250,KBS,2026-10-09T04:33:20Z
2018-11-14,MBB,4.32,4.35,4.23,4.26,3922210,KBS,2026-10-09T04:33:20Z
2018-11-15,MBB,4.26,4.4,4.26,4.3,3299020,KBS,2026-10-09T04:33:20Z
2018-11-16,MBB,4.35,4.49,4.35,4.47,5174300,KBS,2026-10-09T04:33:20Z
2018-11-19,MBB,4.47,4.49,4.42,4.48,3227780,KBS,2026-10-09T04:33:20Z
2018-11-20,MBB,4.43,4.46,4.4,4.44,3828300,KBS,2026-10-09T04:33:20Z
2018-11-21,MBB,4.4,4.49,4.4,4.49,5091520,KBS,2026-10-09T04:33:20Z
2018-11-22,MBB,4.48,4.5,4.45,4.46,4180020,KBS,2026-10-09T04:33:20Z
2018-11-23,MBB,4.46,4.46,4.41,4.41,4104800,KBS,2026-10-09T04:33:20Z
2018-11-26,MBB,4.41,4.41,4.38,4.38,2628870,KBS,2026-10-09T04:33:20Z
2018-11-27,MBB,4.41,4.42,4.32,4.34,4043460,KBS,2026-10-09T04:33:20Z
2018-11-28,MBB,4.35,4.38,4.33,4.38,2219320,KBS,2026-10-09T04:33:20Z
2018-11-29,MBB,4.38,4.44,4.38,4.4,4283920,KBS,2026-10-09T04:33:20Z
2018-11-30,MBB,4.38,4.62,4.38,4.53,19573090,KBS,2026-10-09T04:33:20Z
2018-12-03,MBB,4.55,4.67,4.55,4.66,10288180,KBS,2026-10-09T04:33:20Z
2018-12-04,MBB,4.65,4.67,4.61,4.63,7706990,KBS,2026-10-09T04:33:20Z
2018-12-05,MBB,4.56,4.71,4.53,4.67,12889350,KBS,2026-10-09T04:33:20Z
2018-12-06,MBB,4.67,4.75,4.64,4.73,16303360,KBS,2026-10-09T04:33:20Z
2018-12-07,MBB,4.74,4.82,4.73,4.73,11401520,KBS,2026-10-09T04:33:20Z
2018-12-10,MBB,4.69,4.72,4.62,4.65,7878260,KBS,2026-10-09T04:33:20Z
2018-12-11,MBB,4.66,4.69,4.61,4.68,8853930,KBS,2026-10-09T04:33:20Z
2018-12-12,MBB,4.68,4.74,4.68,4.73,6202910,KBS,2026-10-09T04:33:20Z
2018-12-13,MBB,4.75,4.76,4.67,4.67,6756620,KBS,2026-10-09T04:33:20Z
2018-12-14,MBB,4.65,4.66,4.56,4.58,8480850,KBS,2026-10-09T04:33:20Z
2018-12-17,MBB,4.54,4.56,4.47,4.47,9396020,KBS,2026-10-09T04:33:20Z
2018-12-18,MBB,4.4,4.48,4.38,4.48,8851800,KBS,2026-10-09T04:33:20Z
2018-12-19,MBB,4.48,4.48,4.4,4.45,6094820,KBS,2026-10-09T04:33:20Z
2018-12-20,MBB,4.43,4.47,4.4,4.41,3789140,KBS,2026-10-09T04:33:20Z
2018-12-21,MBB,4.38,4.41,4.34,4.41,4783190,KBS,2026-10-09T04:33:20Z
2018-12-24,MBB,4.4,4.43,4.3,4.3,4256860,KBS,2026-10-09T04:33:20Z
2018-12-25,MBB,4.18,4.23,4.07,4.14,10259870,KBS,2026-10-09T04:33:20Z
2018-12-26,MBB,4.15,4.18,4.12,4.12,2698340,KBS,2026-10-09T04:33:20Z
2018-12-27,MBB,4.21,4.23,4.11,4.14,5295110,KBS,2026-10-09T04:33:20Z
2018-12-28,MBB,4.18,4.18,4.09,4.09,5398870,KBS,2026-10-09T04:33:20Z
2019-01-02,MBB,4.1,4.14,4.07,4.07,3645490,KBS,2026-10-09T04:33:20Z
2019-01-03,MBB,4.08,4.08,3.89,3.89,8560650,KBS,2026-10-09T04:33:20Z
2019-01-04,MBB,3.87,3.98,3.8,3.91,6057970,KBS,2026-10-09T04:33:20Z
2019-01-07,MBB,4.0,4.05,3.98,3.99,4139200,KBS,2026-10-09T04:33:20Z
2019-01-08,MBB,4.0,4.02,3.94,3.96,3172190,KBS,2026-10-09T04:33:20Z
2019-01-09,MBB,4.0,4.09,3.99,4.07,5914110,KBS,2026-10-09T04:33:20Z
2019-01-10,MBB,4.07,4.1,4.05,4.07,2885650,KBS,2026-10-09T04:33:20Z
2019-01-11,MBB,4.07,4.09,4.03,4.05,3326770,KBS,2026-10-09T04:33:20Z
2019-01-14,MBB,4.03,4.06,3.98,4.0,4754200,KBS,2026-10-09T04:33:20Z
2019-01-15,MBB,4.0,4.13,4.0,4.1,5908240,KBS,2026-10-09T04:33:20Z
2019-01-16,MBB,4.12,4.15,4.07,4.09,2505890,KBS,2026-10-09T04:33:20Z
2019-01-17,MBB,4.09,4.21,4.09,4.15,6675580,KBS,2026-10-09T04:33:20Z
2019-01-18,MBB,4.18,4.18,4.12,4.15,3041270,KBS,2026-10-09T04:33:20Z
2019-01-21,MBB,4.31,4.44,4.27,4.42,9970870,KBS,2026-10-09T04:33:20Z
2019-01-22,MBB,4.42,4.43,4.33,4.33,5700760,KBS,2026-10-09T04:33:20Z
2019-01-23,MBB,4.32,4.38,4.31,4.35,2458540,KBS,2026-10-09T04:33:20Z
2019-01-24,MBB,4.36,4.46,4.35,4.46,4912140,KBS,2026-10-09T04:33:20Z
2019-01-25,MBB,4.46,4.48,4.43,4.45,3310930,KBS,2026-10-09T04:33:20Z
2019-01-28,MBB,4.44,4.46,4.41,4.43,2873640,KBS,2026-10-09T04:33:20Z
2019-01-29,MBB,4.42,4.49,4.38,4.48,3966560,KBS,2026-10-09T04:33:20Z
2019-01-30,MBB,4.48,4.6,4.46,4.58,6716410,KBS,2026-10-09T04:33:20Z
2019-01-31,MBB,4.63,4.66,4.6,4.61,7340190,KBS,2026-10-09T04:33:20Z
2019-02-01,MBB,4.58,4.62,4.56,4.6,3947520,KBS,2026-10-09T04:33:20Z
2019-02-11,MBB,4.62,4.65,4.61,4.64,4238890,KBS,2026-10-09T04:33:20Z
2019-02-12,MBB,4.66,4.66,4.56,4.63,8163220,KBS,2026-10-09T04:33:20Z
2019-02-13,MBB,4.63,4.65,4.62,4.63,7793680,KBS,2026-10-09T04:33:20Z
2019-02-14,MBB,4.63,4.65,4.62,4.65,5052420,KBS,2026-10-09T04:33:20Z
2019-02-15,MBB,4.65,4.66,4.63,4.64,4795580,KBS,2026-10-09T04:33:20Z
2019-02-18,MBB,4.65,4.67,4.64,4.65,6665490,KBS,2026-10-09T04:33:20Z
2019-02-19,MBB,4.65,4.65,4.61,4.62,13646940,KBS,2026-10-09T04:33:20Z
2019-02-20,MBB,4.58,4.64,4.58,4.64,9694170,KBS,2026-10-09T04:33:20Z
2019-02-21,MBB,4.63,4.65,4.62,4.65,7998970,KBS,2026-10-09T04:33:20Z
2019-02-22,MBB,4.65,4.82,4.63,4.73,7449760,KBS,2026-10-09T04:33:20Z
2019-02-25,MBB,4.75,4.8,4.72,4.72,4963740,KBS,2026-10-09T04:33:20Z
2019-02-26,MBB,4.72,4.72,4.64,4.64,6790020,KBS,2026-10-09T04:33:20Z
2019-02-27,MBB,4.64,4.67,4.63,4.64,11767870,KBS,2026-10-09T04:33:20Z
2019-02-28,MBB,4.63,4.64,4.52,4.52,5837530,KBS,2026-10-09T04:33:20Z
2019-03-01,MBB,4.55,4.6,4.53,4.58,2610160,KBS,2026-10-09T04:33:20Z
2019-03-04,MBB,4.58,4.66,4.57,4.66,3669110,KBS,2026-10-09T04:33:20Z
2019-03-05,MBB,4.64,4.71,4.64,4.66,4786880,KBS,2026-10-09T04:33:20Z
2019-03-06,MBB,4.66,4.69,4.63,4.66,2290120,KBS,2026-10-09T04:33:20Z
2019-03-07,MBB,4.66,4.69,4.65,4.67,3164810,KBS,2026-10-09T04:33:20Z
2019-03-08,MBB,4.63,4.65,4.58,4.6,3277410,KBS,2026-10-09T04:33:20Z
2019-03-11,MBB,4.62,4.62,4.57,4.58,1529570,KBS,2026-10-09T04:33:20Z
2019-03-12,MBB,4.62,4.75,4.56,4.74,6797420,KBS,2026-10-09T04:33:20Z
2019-03-13,MBB,4.74,4.8,4.73,4.75,6024410,KBS,2026-10-09T04:33:20Z
2019-03-14,MBB,4.77,4.8,4.73,4.73,3449490,KBS,2026-10-09T04:33:20Z
2019-03-15,MBB,4.73,4.77,4.7,4.73,3224510,KBS,2026-10-09T04:33:20Z
2019-03-18,MBB,4.75,4.8,4.73,4.78,4746380,KBS,2026-10-09T04:33:20Z
2019-03-19,MBB,4.81,4.85,4.75,4.76,6440360,KBS,2026-10-09T04:33:20Z
2019-03-20,MBB,4.77,4.83,4.73,4.83,7979570,KBS,2026-10-09T04:33:20Z
2019-03-21,MBB,4.86,4.9,4.8,4.8,7803030,KBS,2026-10-09T04:33:20Z
2019-03-22,MBB,4.83,4.86,4.78,4.82,4103480,KBS,2026-10-09T04:33:20Z
2019-03-25,MBB,4.71,4.74,4.64,4.66,6612290,KBS,2026-10-09T04:33:20Z
2019-03-26,MBB,4.69,4.73,4.66,4.66,4295110,KBS,2026-10-09T04:33:20Z
2019-03-27,MBB,4.67,4.75,4.67,4.71,2467890,KBS,2026-10-09T04:33:20Z
2019-03-28,MBB,4.69,4.73,4.69,4.71,1745830,KBS,2026-10-09T04:33:20Z
2019-03-29,MBB,4.72,4.74,4.7,4.71,2490290,KBS,2026-10-09T04:33:20Z
2019-04-01,MBB,4.72,4.74,4.69,4.71,1776460,KBS,2026-10-09T04:33:20Z
2019-04-02,MBB,4.74,4.75,4.7,4.72,3130520,KBS,2026-10-09T04:33:20Z
2019-04-03,MBB,4.7,4.74,4.7,4.73,3310860,KBS,2026-10-09T04:33:20Z
2019-04-04,MBB,4.75,4.78,4.74,4.76,3205590,KBS,2026-10-09T04:33:20Z
2019-04-05,MBB,4.83,4.84,4.78,4.78,2881150,KBS,2026-10-09T04:33:20Z
2019-04-08,MBB,4.78,4.83,4.76,4.83,3341370,KBS,2026-10-09T04:33:20Z
2019-04-09,MBB,4.84,4.85,4.78,4.81,2979710,KBS,2026-10-09T04:33:20Z
2019-04-10,MBB,4.76,4.8,4.73,4.74,2369220,KBS,2026-10-09T04:33:20Z
2019-04-11,MBB,4.74,4.76,4.72,4.75,1402860,KBS,2026-10-09T04:33:20Z
2019-04-12,MBB,4.78,4.78,4.72,4.73,1062400,KBS,2026-10-09T04:33:20Z
2019-04-16,MBB,4.61,4.69,4.61,4.64,2831820,KBS,2026-10-09T04:33:20Z
2019-04-17,MBB,4.68,4.7,4.64,4.64,2736060,KBS,2026-10-09T04:33:20Z
2019-04-18,MBB,4.64,4.72,4.62,4.66,3913100,KBS,2026-10-09T04:33:20Z
2019-04-19,MBB,4.67,4.69,4.63,4.67,1796860,KBS,2026-10-09T04:33:20Z
2019-04-22,MBB,4.68,4.68,4.57,4.62,2986120,KBS,2026-10-09T04:33:20Z
2019-04-23,MBB,4.6,4.63,4.58,4.6,2007220,KBS,2026-10-09T04:33:20Z
2019-04-24,MBB,4.61,4.64,4.6,4.64,1572500,KBS,2026-10-09T04:33:20Z
2019-04-25,MBB,4.64,4.67,4.62,4.64,1119690,KBS,2026-10-09T04:33:20Z
2019-04-26,MBB,4.64,4.71,4.62,4.71,2171040,KBS,2026-10-09T04:33:20Z
2019-05-02,MBB,4.72,4.78,4.71,4.73,2927500,KBS,2026-10-09T04:33:20Z
2019-05-03,MBB,4.73,4.78,4.69,4.78,3621700,KBS,2026-10-09T04:33:20Z
2019-05-06,MBB,4.7,4.71,4.61,4.64,3476990,KBS,2026-10-09T04:33:20Z
2019-05-07,MBB,4.68,4.69,4.63,4.63,1289310,KBS,2026-10-09T04:33:20Z
2019-05-08,MBB,4.56,4.63,4.56,4.6,2565890,KBS,2026-10-09T04:33:20Z
2019-05-09,MBB,4.6,4.63,4.49,4.54,4125520,KBS,2026-10-09T04:33:20Z
2019-05-10,MBB,4.54,4.58,4.49,4.51,3157000,KBS,2026-10-09T04:33:20Z
2019-05-13,MBB,4.53,4.61,4.5,4.59,2834730,KBS,2026-10-09T04:33:20Z
2019-05-14,MBB,4.54,4.6,4.54,4.6,1522450,KBS,2026-10-09T04:33:20Z
2019-05-15,MBB,4.59,4.67,4.59,4.63,2589070,KBS,2026-10-09T04:33:20Z
2019-05-16,MBB,4.64,4.64,4.6,4.6,1557280,KBS,2026-10-09T04:33:20Z
2019-05-17,MBB,4.6,4.62,4.56,4.58,1490020,KBS,2026-10-09T04:33:20Z
2019-05-20,MBB,4.55,4.61,4.55,4.57,2578400,KBS,2026-10-09T04:33:20Z
2019-05-21,MBB,4.58,4.62,4.57,4.6,2361180,KBS,2026-10-09T04:33:20Z
2019-05-22,MBB,4.66,4.72,4.59,4.66,4816550,KBS,2026-10-09T04:33:20Z
2019-05-23,MBB,4.64,4.7,4.64,4.68,1844140,KBS,2026-10-09T04:33:20Z
2019-05-24,MBB,4.68,4.69,4.61,4.61,2667900,KBS,2026-10-09T04:33:20Z
2019-05-27,MBB,4.61,4.62,4.59,4.6,1485860,KBS,2026-10-09T04:33:20Z
2019-05-28,MBB,4.6,4.62,4.58,4.61,1653300,KBS,2026-10-09T04:33:20Z
2019-05-29,MBB,4.61,4.61,4.57,4.58,1497840,KBS,2026-10-09T04:33:20Z
2019-05-30,MBB,4.56,4.61,4.56,4.57,1292040,KBS,2026-10-09T04:33:20Z
2019-05-31,MBB,4.56,4.58,4.5,4.5,2357400,KBS,2026-10-09T04:33:20Z
2019-06-03,MBB,4.47,4.49,4.4,4.4,2176820,KBS,2026-10-09T04:33:20Z
2019-06-04,MBB,4.42,4.43,4.39,4.4,1469890,KBS,2026-10-09T04:33:20Z
2019-06-05,MBB,4.43,4.45,4.38,4.38,1775340,KBS,2026-10-09T04:33:20Z
2019-06-06,MBB,4.38,4.43,4.34,4.36,1801840,KBS,2026-10-09T04:33:20Z
2019-06-07,MBB,4.4,4.44,4.4,4.44,1054870,KBS,2026-10-09T04:33:20Z
2019-06-10,MBB,4.49,4.5,4.43,4.45,1591790,KBS,2026-10-09T04:33:20Z
2019-06-11,MBB,4.45,4.48,4.45,4.47,1066350,KBS,2026-10-09T04:33:20Z
2019-06-12,MBB,4.46,4.48,4.45,4.45,875510,KBS,2026-10-09T04:33:20Z
2019-06-13,MBB,4.43,4.46,4.41,4.45,866620,KBS,2026-10-09T04:33:20Z
2019-06-14,MBB,4.45,4.53,4.44,4.47,1524350,KBS,2026-10-09T04:33:20Z
2019-06-17,MBB,4.49,4.5,4.46,4.47,1361110,KBS,2026-10-09T04:33:20Z
2019-06-18,MBB,4.47,4.48,4.45,4.45,736810,KBS,2026-10-09T04:33:20Z
2019-06-19,MBB,4.46,4.49,4.45,4.46,1271670,KBS,2026-10-09T04:33:20Z
2019-06-20,MBB,4.46,4.6,4.46,4.6,2947050,KBS,2026-10-09T04:33:20Z
2019-06-21,MBB,4.6,4.63,4.58,4.6,2152330,KBS,2026-10-09T04:33:20Z
2019-06-24,MBB,4.6,4.61,4.58,4.6,1509130,KBS,2026-10-09T04:33:20Z
2019-06-25,MBB,4.59,4.6,4.55,4.56,1327160,KBS,2026-10-09T04:33:20Z
2019-06-26,MBB,4.55,4.58,4.5,4.5,2787110,KBS,2026-10-09T04:33:20Z
2019-06-27,MBB,4.5,4.54,4.45,4.45,2134180,KBS,2026-10-09T04:33:20Z
2019-06-28,MBB,4.47,4.51,4.41,4.51,2436860,KBS,2026-10-09T04:33:20Z
2019-07-01,MBB,4.54,4.58,4.53,4.57,2287500,KBS,2026-10-09T04:33:20Z
2019-07-02,MBB,4.57,4.6,4.54,4.57,2059740,KBS,2026-10-09T04:33:20Z
2019-07-03,MBB,4.56,4.57,4.51,4.54,1836080,KBS,2026-10-09T04:33:20Z
2019-07-04,MBB,4.57,4.6,4.55,4.57,2990860,KBS,2026-10-09T04:33:20Z
2019-07-05,MBB,4.58,4.62,4.58,4.6,2644580,KBS,2026-10-09T04:33:20Z
2019-07-08,MBB,4.59,4.62,4.54,4.56,2397440,KBS,2026-10-09T04:33:20Z
2019-07-09,MBB,4.56,4.59,4.54,4.58,1687150,KBS,2026-10-09T04:33:20Z
2019-07-10,MBB,4.6,4.63,4.56,4.56,2550800,KBS,2026-10-09T04:33:20Z
2019-07-11,MBB,4.58,4.63,4.56,4.62,2732500,KBS,2026-10-09T04:33:20Z
2019-07-12,MBB,4.63,4.7,4.61,4.61,5292040,KBS,2026-10-09T04:33:20Z
2019-07-15,MBB,4.63,4.64,4.59,4.63,2869250,KBS,2026-10-09T04:33:20Z
2019-07-16,MBB,4.66,4.74,4.66,4.7,4957340,KBS,2026-10-09T04:33:20Z
2019-07-17,MBB,4.71,4.8,4.69,4.78,8006500,KBS,2026-10-09T04:33:20Z
2019-07-18,MBB,4.73,4.8,4.73,4.8,5142150,KBS,2026-10-09T04:33:20Z
2019-07-19,MBB,4.84,4.85,4.8,4.8,4650480,KBS,2026-10-09T04:33:20Z
2019-07-22,MBB,4.82,4.88,4.78,4.8,5785830,KBS,2026-10-09T04:33:20Z
2019-07-23,MBB,4.82,4.92,4.78,4.9,7265310,KBS,2026-10-09T04:33:20Z
2019-07-24,MBB,4.93,4.97,4.88,4.88,5461810,KBS,2026-10-09T04:33:20Z
2019-07-25,MBB,4.86,4.93,4.83,4.84,5063140,KBS,2026-10-09T04:33:20Z
2019-07-26,MBB,4.84,4.85,4.8,4.83,4449350,KBS,2026-10-09T04:33:20Z
2019-07-29,MBB,4.84,4.86,4.82,4.85,4606870,KBS,2026-10-09T04:33:20Z
2019-07-30,MBB,4.85,4.88,4.72,4.72,4153160,KBS,2026-10-09T04:33:20Z
2019-07-31,MBB,4.72,4.8,4.71,4.8,3870500,KBS,2026-10-09T04:33:20Z
2019-08-01,MBB,4.78,4.78,4.73,4.75,1936680,KBS,2026-10-09T04:33:20Z
2019-08-02,MBB,4.68,4.78,4.68,4.74,3510760,KBS,2026-10-09T04:33:20Z
2019-08-05,MBB,4.73,4.74,4.68,4.71,3202810,KBS,2026-10-09T04:33:20Z
2019-08-06,MBB,4.64,4.67,4.6,4.61,3904110,KBS,2026-10-09T04:33:20Z
2019-08-07,MBB,4.64,4.66,4.59,4.6,1722650,KBS,2026-10-09T04:33:20Z
2019-08-08,MBB,4.63,4.7,4.6,4.67,3137090,KBS,2026-10-09T04:33:20Z
2019-08-09,MBB,4.69,4.7,4.63,4.63,1671670,KBS,2026-10-09T04:33:20Z
2019-08-12,MBB,4.67,4.74,4.64,4.73,4088380,KBS,2026-10-09T04:33:20Z
2019-08-13,MBB,4.71,4.82,4.69,4.8,4397540,KBS,2026-10-09T04:33:20Z
2019-08-14,MBB,4.86,4.88,4.82,4.82,3081920,KBS,2026-10-09T04:33:20Z
2019-08-15,MBB,4.75,4.82,4.72,4.82,3102350,KBS,2026-10-09T04:33:20Z
2019-08-16,MBB,4.82,4.88,4.81,4.84,4197650,KBS,2026-10-09T04:33:20Z
2019-08-19,MBB,4.85,4.88,4.76,4.76,2745720,KBS,2026-10-09T04:33:20Z
2019-08-20,MBB,4.78,4.83,4.76,4.78,2713290,KBS,2026-10-09T04:33:20Z
2019-08-21,MBB,4.82,4.9,4.8,4.86,6149430,KBS,2026-10-09T04:33:20Z
2019-08-22,MBB,4.9,4.95,4.87,4.87,4777090,KBS,2026-10-09T04:33:20Z
2019-08-23,MBB,4.9,4.93,4.86,4.89,2872280,KBS,2026-10-09T04:33:20Z
2019-08-26,MBB,4.85,5.03,4.83,5.03,14681280,KBS,2026-10-09T04:33:20Z
2019-08-27,MBB,5.08,5.13,5.0,5.03,11416330,KBS,2026-10-09T04:33:20Z
2019-08-28,MBB,5.03,5.06,4.98,5.04,4764090,KBS,2026-10-09T04:33:20Z
2019-08-29,MBB,5.06,5.07,4.97,5.04,4840040,KBS,2026-10-09T04:33:20Z
2019-08-30,MBB,5.04,5.07,4.99,4.99,3983320,KBS,2026-10-09T04:33:20Z
2019-09-03,MBB,5.0,5.06,4.93,4.93,8721400,KBS,2026-10-09T04:33:20Z
2019-09-05,MBB,4.98,4.99,4.88,4.88,3610490,KBS,2026-10-09T04:33:20Z
2019-09-06,MBB,4.88,4.9,4.86,4.88,3080740,KBS,2026-10-09T04:33:20Z
2019-09-09,MBB,4.9,4.92,4.87,4.88,2038830,KBS,2026-10-09T04:33:20Z
2019-09-10,MBB,4.88,4.95,4.87,4.87,4816100,KBS,2026-10-09T04:33:20Z
2019-09-11,MBB,4.89,4.9,4.87,4.89,1890210,KBS,2026-10-09T04:33:20Z
2019-09-12,MBB,4.9,4.99,4.9,4.99,4676890,KBS,2026-10-09T04:33:20Z
2019-09-13,MBB,4.99,5.08,4.96,5.03,7475360,KBS,2026-10-09T04:33:20Z
2019-09-16,MBB,5.03,5.11,5.02,5.06,4657200,KBS,2026-10-09T04:33:20Z
2019-09-17,MBB,5.03,5.06,4.99,5.03,4455690,KBS,2026-10-09T04:33:20Z
2019-09-18,MBB,5.15,5.16,5.09,5.09,6704310,KBS,2026-10-09T04:33:20Z
2019-09-19,MBB,5.1,5.13,5.08,5.13,2917900,KBS,2026-10-09T04:33:20Z
2019-09-20,MBB,5.13,5.18,5.13,5.14,4001720,KBS,2026-10-09T04:33:20Z
2019-09-23,MBB,5.14,5.2,5.13,5.14,3819650,KBS,2026-10-09T04:33:20Z
2019-09-24,MBB,5.15,5.16,5.1,5.16,3809440,KBS,2026-10-09T04:33:20Z
2019-09-25,MBB,5.14,5.16,5.12,5.16,3578550,KBS,2026-10-09T04:33:20Z
2019-09-26,MBB,5.16,5.27,5.16,5.27,4386550,KBS,2026-10-09T04:33:20Z
2019-09-27,MBB,5.27,5.3,5.24,5.29,4304970,KBS,2026-10-09T04:33:20Z
2019-09-30,MBB,5.3,5.37,5.3,5.31,6427610,KBS,2026-10-09T04:33:20Z
2019-10-01,MBB,5.34,5.37,5.3,5.37,3865580,KBS,2026-10-09T04:33:20Z
2019-10-02,MBB,5.35,5.4,5.31,5.36,5625300,KBS,2026-10-09T04:33:20Z
2019-10-03,MBB,5.31,5.35,5.28,5.35,6146570,KBS,2026-10-09T04:33:20Z
2019-10-04,MBB,5.36,5.36,5.28,5.28,4861060,KBS,2026-10-09T04:33:20Z
2019-10-07,MBB,5.29,5.31,5.22,5.22,5131450,KBS,2026-10-09T04:33:20Z
2019-10-08,MBB,5.21,5.29,5.21,5.29,4917580,KBS,2026-10-09T04:33:20Z
2019-10-09,MBB,5.28,5.34,5.27,5.34,3678530,KBS,2026-10-09T04:33:20Z
2019-10-10,MBB,5.34,5.35,5.3,5.3,3055770,KBS,2026-10-09T04:33:20Z
2019-10-11,MBB,5.31,5.34,5.29,5.3,2300530,KBS,2026-10-09T04:33:20Z
2019-10-14,MBB,5.36,5.54,5.36,5.46,11798280,KBS,2026-10-09T04:33:20Z
2019-10-15,MBB,5.49,5.49,5.43,5.44,3774100,KBS,2026-10-09T04:33:20Z
2019-10-16,MBB,5.46,5.5,5.43,5.43,2938290,KBS,2026-10-09T04:33:20Z
2019-10-17,MBB,5.43,5.43,5.38,5.41,5315090,KBS,2026-10-09T04:33:20Z
2019-10-18,MBB,5.42,5.44,5.35,5.36,4079020,KBS,2026-10-09T04:33:20Z
2019-10-21,MBB,5.34,5.36,5.27,5.28,4882340,KBS,2026-10-09T04:33:20Z
2019-10-22,MBB,5.28,5.35,5.28,5.32,2107600,KBS,2026-10-09T04:33:20Z
2019-10-23,MBB,5.34,5.34,5.31,5.34,1503790,KBS,2026-10-09T04:33:20Z
2019-10-24,MBB,5.34,5.37,5.32,5.35,3636850,KBS,2026-10-09T04:33:20Z
2019-10-25,MBB,5.35,5.42,5.32,5.41,3751120,KBS,2026-10-09T04:33:20Z
2019-10-28,MBB,5.42,5.45,5.36,5.36,2085490,KBS,2026-10-09T04:33:20Z
2019-10-29,MBB,5.36,5.38,5.32,5.32,2922370,KBS,2026-10-09T04:33:20Z
2019-10-30,MBB,5.32,5.38,5.31,5.37,3617120,KBS,2026-10-09T04:33:20Z
2019-10-31,MBB,5.36,5.4,5.34,5.36,1785050,KBS,2026-10-09T04:33:20Z
2019-11-01,MBB,5.36,5.41,5.32,5.35,4031340,KBS,2026-10-09T04:33:20Z
2019-11-04,MBB,5.36,5.45,5.35,5.43,7129260,KBS,2026-10-09T04:33:20Z
2019-11-05,MBB,5.43,5.45,5.41,5.42,3211270,KBS,2026-10-09T04:33:20Z
2019-11-06,MBB,5.43,5.57,5.42,5.49,10894700,KBS,2026-10-09T04:33:20Z
2019-11-07,MBB,5.5,5.52,5.45,5.48,6014090,KBS,2026-10-09T04:33:20Z
2019-11-08,MBB,5.49,5.51,5.44,5.45,7115080,KBS,2026-10-09T04:33:20Z
2019-11-11,MBB,5.52,5.56,5.44,5.46,13607900,KBS,2026-10-09T04:33:20Z
2019-11-12,MBB,5.46,5.48,5.43,5.43,4429160,KBS,2026-10-09T04:33:20Z
2019-11-13,MBB,5.44,5.46,5.4,5.42,4652680,KBS,2026-10-09T04:33:20Z
2019-11-14,MBB,5.42,5.42,5.32,5.35,7294520,KBS,2026-10-09T04:33:20Z
2019-11-15,MBB,5.35,5.35,5.29,5.3,5963420,KBS,2026-10-09T04:33:20Z
2019-11-18,MBB,5.29,5.32,5.27,5.27,3809480,KBS,2026-10-09T04:33:20Z
2019-11-19,MBB,5.27,5.3,5.24,5.3,2524600,KBS,2026-10-09T04:33:20Z
2019-11-20,MBB,5.29,5.31,5.26,5.27,2087190,KBS,2026-10-09T04:33:20Z
2019-11-21,MBB,5.26,5.28,5.15,5.22,6245670,KBS,2026-10-09T04:33:20Z
2019-11-22,MBB,5.27,5.29,5.15,5.21,5202380,KBS,2026-10-09T04:33:20Z
2019-11-25,MBB,5.21,5.24,5.17,5.22,3690920,KBS,2026-10-09T04:33:20Z
2019-11-26,MBB,5.26,5.29,5.22,5.28,2953980,KBS,2026-10-09T04:33:20Z
2019-11-27,MBB,5.28,5.31,5.23,5.27,1598060,KBS,2026-10-09T04:33:20Z
2019-11-28,MBB,5.26,5.28,5.15,5.15,2977410,KBS,2026-10-09T04:33:20Z
2019-11-29,MBB,5.16,5.17,5.1,5.16,1973140,KBS,2026-10-09T04:33:20Z
2019-12-02,MBB,5.16,5.21,4.99,4.99,3459040,KBS,2026-10-09T04:33:20Z
2019-12-03,MBB,4.99,5.06,4.92,5.02,3265060,KBS,2026-10-09T04:33:20Z
2019-12-04,MBB,5.07,5.17,4.99,5.17,3015290,KBS,2026-10-09T04:33:20Z
2019-12-05,MBB,5.17,5.18,5.08,5.09,1745780,KBS,2026-10-09T04:33:20Z
2019-12-06,MBB,5.08,5.1,5.07,5.09,1331500,KBS,2026-10-09T04:33:20Z
2019-12-09,MBB,5.09,5.09,4.99,5.0,4157170,KBS,2026-10-09T04:33:20Z
2019-12-10,MBB,4.99,5.0,4.92,4.92,4244930,KBS,2026-10-09T04:33:20Z
2019-12-11,MBB,4.94,5.08,4.92,5.08,3506380,KBS,2026-10-09T04:33:20Z
2019-12-12,MBB,5.08,5.14,5.07,5.08,2760040,KBS,2026-10-09T04:33:20Z
2019-12-13,MBB,5.1,5.12,5.03,5.08,2491410,KBS,2026-10-09T04:33:20Z
2019-12-16,MBB,5.08,5.08,4.99,4.99,4771820,KBS,2026-10-09T04:33:20Z
2019-12-17,MBB,4.99,4.99,4.89,4.91,6055610,KBS,2026-10-09T04:33:20Z
2019-12-18,MBB,4.89,4.95,4.89,4.89,3190310,KBS,2026-10-09T04:33:20Z
2019-12-19,MBB,4.92,4.93,4.82,4.82,4783220,KBS,2026-10-09T04:33:20Z
2019-12-20,MBB,4.82,4.92,4.82,4.89,1926570,KBS,2026-10-09T04:33:20Z
2019-12-23,MBB,4.93,4.95,4.91,4.91,1848030,KBS,2026-10-09T04:33:20Z
2019-12-24,MBB,4.89,4.91,4.82,4.84,2362950,KBS,2026-10-09T04:33:20Z
2019-12-25,MBB,4.84,4.92,4.84,4.89,3010810,KBS,2026-10-09T04:33:20Z
2019-12-26,MBB,4.89,4.91,4.86,4.86,2145180,KBS,2026-10-09T04:33:20Z
2019-12-27,MBB,4.86,4.87,4.85,4.87,2376720,KBS,2026-10-09T04:33:20Z
2019-12-30,MBB,4.89,4.95,4.87,4.88,3432230,KBS,2026-10-09T04:33:20Z
2019-12-31,MBB,4.89,4.91,4.85,4.85,2192910,KBS,2026-10-09T04:33:20Z
2020-01-02,MBB,4.87,4.95,4.85,4.94,2849190,KBS,2026-10-09T04:33:20Z
2020-01-03,MBB,5.0,5.01,4.94,4.95,3476230,KBS,2026-10-09T04:33:20Z
2020-01-06,MBB,4.93,4.94,4.88,4.88,2609270,KBS,2026-10-09T04:33:20Z
2020-01-07,MBB,4.89,4.93,4.86,4.89,2684180,KBS,2026-10-09T04:33:20Z
2020-01-08,MBB,4.85,4.89,4.82,4.82,4163950,KBS,2026-10-09T04:33:20Z
2020-01-09,MBB,4.88,4.93,4.84,4.91,3298470,KBS,2026-10-09T04:33:20Z
2020-01-10,MBB,4.93,5.04,4.93,4.99,8593950,KBS,2026-10-09T04:33:20Z
2020-01-13,MBB,5.0,5.03,4.95,4.96,2921820,KBS,2026-10-09T04:33:20Z
2020-01-14,MBB,4.96,5.04,4.95,5.01,4557920,KBS,2026-10-09T04:33:20Z
2020-01-15,MBB,5.01,5.03,5.0,5.0,3625930,KBS,2026-10-09T04:33:20Z
2020-01-16,MBB,5.02,5.16,5.01,5.13,8169550,KBS,2026-10-09T04:33:20Z
2020-01-17,MBB,5.14,5.18,5.1,5.13,4776330,KBS,2026-10-09T04:33:20Z
2020-01-20,MBB,5.13,5.15,5.09,5.13,4308990,KBS,2026-10-09T04:33:20Z
2020-01-21,MBB,5.15,5.27,5.14,5.26,5239140,KBS,2026-10-09T04:33:20Z
2020-01-22,MBB,5.26,5.27,5.21,5.22,4991520,KBS,2026-10-09T04:33:20Z
2020-01-30,MBB,5.1,5.15,4.94,4.95,8995010,KBS,2026-10-09T04:33:20Z
2020-01-31,MBB,4.91,5.02,4.85,4.85,8065490,KBS,2026-10-09T04:33:20Z
2020-02-03,MBB,4.7,4.85,4.54,4.74,14421110,KBS,2026-10-09T04:33:20Z
2020-02-04,MBB,4.81,5.02,4.7,4.93,9461800,KBS,2026-10-09T04:33:20Z
2020-02-05,MBB,4.99,5.03,4.91,4.93,7177000,KBS,2026-10-09T04:33:20Z
2020-02-06,MBB,4.93,5.13,4.87,5.08,12119010,KBS,2026-10-09T04:33:20Z
2020-02-07,MBB,5.07,5.08,4.99,4.99,8050600,KBS,2026-10-09T04:33:20Z
2020-02-10,MBB,4.92,4.96,4.88,4.89,6111600,KBS,2026-10-09T04:33:20Z
2020-02-11,MBB,4.92,4.96,4.91,4.94,4331600,KBS,2026-10-09T04:33:20Z
2020-02-12,MBB,5.0,5.1,4.96,5.04,10980490,KBS,2026-10-09T04:33:20Z
2020-02-13,MBB,5.02,5.07,4.98,4.99,6581630,KBS,2026-10-09T04:33:20Z
2020-02-14,MBB,5.03,5.1,5.02,5.07,9083550,KBS,2026-10-09T04:33:20Z
2020-02-17,MBB,5.13,5.17,5.08,5.12,9693630,KBS,2026-10-09T04:33:20Z
2020-02-18,MBB,5.14,5.15,5.06,5.07,5400900,KBS,2026-10-09T04:33:20Z
2020-02-19,MBB,5.07,5.08,5.01,5.03,4586120,KBS,2026-10-09T04:33:20Z
2020-02-20,MBB,5.08,5.1,5.03,5.04,6104470,KBS,2026-10-09T04:33:20Z
2020-02-21,MBB,5.06,5.06,4.93,4.94,8795360,KBS,2026-10-09T04:33:20Z
2020-02-24,MBB,4.82,4.85,4.68,4.68,12138250,KBS,2026-10-09T04:33:20Z
2020-02-25,MBB,4.66,4.85,4.63,4.85,11926410,KBS,2026-10-09T04:33:20Z
2020-02-26,MBB,4.74,4.87,4.74,4.78,5079630,KBS,2026-10-09T04:33:20Z
2020-02-27,MBB,4.79,4.87,4.77,4.87,4046120,KBS,2026-10-09T04:33:20Z
2020-02-28,MBB,4.78,4.84,4.74,4.75,7020070,KBS,2026-10-09T04:33:20Z
2020-03-02,MBB,4.78,4.85,4.77,4.82,4996110,KBS,2026-10-09T04:33:20Z
2020-03-03,MBB,4.91,4.93,4.85,4.87,5788700,KBS,2026-10-09T04:33:20Z
2020-03-04,MBB,4.85,4.86,4.8,4.84,3856070,KBS,2026-10-09T04:33:20Z
2020-03-05,MBB,4.87,4.88,4.81,4.81,4512210,KBS,2026-10-09T04:33:20Z
2020-03-06,MBB,4.78,4.82,4.75,4.81,3822460,KBS,2026-10-09T04:33:20Z
2020-03-09,MBB,4.56,4.64,4.49,4.49,12282460,KBS,2026-10-09T04:33:20Z
2020-03-10,MBB,4.4,4.56,4.37,4.46,7083800,KBS,2026-10-09T04:33:20Z
2020-03-11,MBB,4.53,4.54,4.17,4.24,7990830,KBS,2026-10-09T04:33:20Z
2020-03-12,MBB,4.06,4.1,3.95,3.95,15483860,KBS,2026-10-09T04:33:20Z
2020-03-13,MBB,3.69,4.17,3.68,3.98,11673000,KBS,2026-10-09T04:33:20Z
2020-03-16,MBB,4.0,4.03,3.82,3.83,4256130,KBS,2026-10-09T04:33:20Z
2020-03-17,MBB,3.73,3.89,3.67,3.89,9350190,KBS,2026-10-09T04:33:20Z
2020-03-18,MBB,3.95,3.95,3.84,3.84,5287310,KBS,2026-10-09T04:33:20Z
2020-03-19,MBB,3.78,3.82,3.73,3.75,3879280,KBS,2026-10-09T04:33:20Z
2020-03-20,MBB,3.76,3.8,3.72,3.73,4348520,KBS,2026-10-09T04:33:20Z
2020-03-23,MBB,3.54,3.64,3.47,3.47,9616920,KBS,2026-10-09T04:33:20Z
2020-03-24,MBB,3.5,3.5,3.37,3.45,7412520,KBS,2026-10-09T04:33:20Z
2020-03-25,MBB,3.57,3.65,3.51,3.65,6925670,KBS,2026-10-09T04:33:20Z
2020-03-26,MBB,3.61,3.62,3.51,3.51,4627510,KBS,2026-10-09T04:33:20Z
2020-03-27,MBB,3.52,3.53,3.38,3.4,5378700,KBS,2026-10-09T04:33:20Z
2020-03-30,MBB,3.26,3.29,3.17,3.17,7287180,KBS,2026-10-09T04:33:20Z
2020-03-31,MBB,3.22,3.29,3.06,3.16,5690150,KBS,2026-10-09T04:33:20Z
2020-04-01,MBB,3.13,3.33,3.11,3.32,6406330,KBS,2026-10-09T04:33:20Z
2020-04-03,MBB,3.33,3.48,3.32,3.44,5151710,KBS,2026-10-09T04:33:20Z
2020-04-06,MBB,3.54,3.67,3.53,3.67,7996310,KBS,2026-10-09T04:33:20Z
2020-04-07,MBB,3.76,3.78,3.66,3.72,12576310,KBS,2026-10-09T04:33:20Z
2020-04-08,MBB,3.61,3.69,3.59,3.66,4976890,KBS,2026-10-09T04:33:20Z
2020-04-09,MBB,3.73,3.75,3.66,3.68,7173300,KBS,2026-10-09T04:33:20Z
2020-04-10,MBB,3.68,3.72,3.6,3.62,8220670,KBS,2026-10-09T04:33:20Z
2020-04-13,MBB,3.62,3.74,3.61,3.67,6297620,KBS,2026-10-09T04:33:20Z
2020-04-14,MBB,3.73,3.73,3.61,3.7,7022430,KBS,2026-10-09T04:33:20Z
2020-04-15,MBB,3.73,3.84,3.7,3.81,10310960,KBS,2026-10-09T04:33:20Z
2020-04-16,MBB,3.79,3.84,3.73,3.84,4540410,KBS,2026-10-09T04:33:20Z
2020-04-17,MBB,3.89,4.0,3.87,3.96,7574590,KBS,2026-10-09T04:33:20Z
2020-04-20,MBB,3.96,4.0,3.87,3.88,10896580,KBS,2026-10-09T04:33:20Z
2020-04-21,MBB,3.82,3.83,3.65,3.65,10667070,KBS,2026-10-09T04:33:20Z
2020-04-22,MBB,3.55,3.76,3.55,3.75,5228620,KBS,2026-10-09T04:33:20Z
2020-04-23,MBB,3.82,3.83,3.74,3.76,3568320,KBS,2026-10-09T04:33:20Z
2020-04-24,MBB,3.73,3.76,3.7,3.74,2664100,KBS,2026-10-09T04:33:20Z
2020-04-27,MBB,3.75,3.78,3.66,3.66,4853010,KBS,2026-10-09T04:33:20Z
2020-04-28,MBB,3.68,3.72,3.64,3.68,2897820,KBS,2026-10-09T04:33:20Z
2020-04-29,MBB,3.72,3.75,3.69,3.72,2734790,KBS,2026-10-09T04:33:20Z
2020-05-04,MBB,3.72,3.74,3.69,3.69,2266940,KBS,2026-10-09T04:33:20Z
2020-05-05,MBB,3.7,3.72,3.65,3.68,2512680,KBS,2026-10-09T04:33:20Z
2020-05-06,MBB,3.7,3.73,3.66,3.72,3827470,KBS,2026-10-09T04:33:20Z
2020-05-07,MBB,3.72,3.81,3.72,3.8,6237880,KBS,2026-10-09T04:33:20Z
2020-05-08,MBB,3.82,3.96,3.82,3.87,12648540,KBS,2026-10-09T04:33:20Z
2020-05-11,MBB,3.92,3.96,3.84,3.92,13871460,KBS,2026-10-09T04:33:20Z
2020-05-12,MBB,3.92,4.01,3.87,4.01,11943010,KBS,2026-10-09T04:33:20Z
2020-05-13,MBB,4.06,4.11,3.96,4.08,10535970,KBS,2026-10-09T04:33:20Z
2020-05-14,MBB,4.03,4.09,3.98,4.03,7371050,KBS,2026-10-09T04:33:20Z
2020-05-15,MBB,4.06,4.07,3.95,3.95,8051150,KBS,2026-10-09T04:33:20Z
2020-05-18,MBB,3.95,3.98,3.92,3.97,4693050,KBS,2026-10-09T04:33:20Z
2020-05-19,MBB,4.06,4.08,4.02,4.06,9169410,KBS,2026-10-09T04:33:20Z
2020-05-20,MBB,4.02,4.06,4.0,4.03,4064620,KBS,2026-10-09T04:33:20Z
2020-05-21,MBB,4.04,4.11,4.02,4.1,8733490,KBS,2026-10-09T04:33:20Z
2020-05-22,MBB,4.08,4.11,4.01,4.02,7705210,KBS,2026-10-09T04:33:20Z
2020-05-25,MBB,4.02,4.07,4.01,4.03,4244600,KBS,2026-10-09T04:33:20Z
2020-05-26,MBB,4.06,4.1,4.04,4.1,9158970,KBS,2026-10-09T04:33:20Z
2020-05-27,MBB,4.15,4.15,4.03,4.03,10811090,KBS,2026-10-09T04:33:20Z
2020-05-28,MBB,4.04,4.08,4.02,4.03,3439560,KBS,2026-10-09T04:33:20Z
2020-05-29,MBB,4.03,4.03,4.0,4.01,4370270,KBS,2026-10-09T04:33:20Z
2020-06-01,MBB,4.02,4.21,4.02,4.16,17148300,KBS,2026-10-09T04:33:20Z
2020-06-02,MBB,4.2,4.26,4.17,4.17,14019730,KBS,2026-10-09T04:33:20Z
2020-06-03,MBB,4.2,4.22,4.17,4.21,4396970,KBS,2026-10-09T04:33:20Z
2020-06-04,MBB,4.23,4.26,4.2,4.2,8631510,KBS,2026-10-09T04:33:20Z
2020-06-05,MBB,4.18,4.2,4.15,4.17,6864850,KBS,2026-10-09T04:33:20Z
2020-06-08,MBB,4.23,4.26,4.21,4.22,8114180,KBS,2026-10-09T04:33:20Z
2020-06-09,MBB,4.23,4.24,4.21,4.22,5953860,KBS,2026-10-09T04:33:20Z
2020-06-10,MBB,4.21,4.39,4.18,4.34,10294970,KBS,2026-10-09T04:33:20Z
2020-06-11,MBB,4.36,4.39,4.08,4.08,9855080,KBS,2026-10-09T04:33:20Z
2020-06-12,MBB,3.98,4.11,3.98,4.11,10033880,KBS,2026-10-09T04:33:20Z
2020-06-15,MBB,4.12,4.14,3.94,3.96,9023320,KBS,2026-10-09T04:33:20Z
2020-06-16,MBB,4.02,4.08,4.0,4.06,5876970,KBS,2026-10-09T04:33:20Z
2020-06-17,MBB,4.06,4.08,4.02,4.03,2160720,KBS,2026-10-09T04:33:20Z
2020-06-18,MBB,4.04,4.06,4.01,4.03,2294180,KBS,2026-10-09T04:33:20Z
2020-06-19,MBB,4.06,4.08,4.03,4.08,3111870,KBS,2026-10-09T04:33:20Z
2020-06-22,MBB,4.09,4.14,4.07,4.08,2622880,KBS,2026-10-09T04:33:20Z
2020-06-23,MBB,4.08,4.11,4.07,4.08,3682810,KBS,2026-10-09T04:33:20Z
2020-06-24,MBB,4.1,4.15,4.08,4.09,5739200,KBS,2026-10-09T04:33:20Z
2020-06-25,MBB,4.06,4.07,4.03,4.04,2709130,KBS,2026-10-09T04:33:20Z
2020-06-26,MBB,4.07,4.08,4.02,4.04,1999300,KBS,2026-10-09T04:33:20Z
2020-06-29,MBB,4.01,4.03,3.9,3.93,5960860,KBS,2026-10-09T04:33:20Z
2020-06-30,MBB,3.96,3.98,3.86,3.87,3399510,KBS,2026-10-09T04:33:20Z
2020-07-01,MBB,3.88,3.94,3.87,3.94,2067570,KBS,2026-10-09T04:33:20Z
2020-07-02,MBB,3.94,3.95,3.9,3.93,1628160,KBS,2026-10-09T04:33:20Z
2020-07-03,MBB,3.94,3.95,3.92,3.93,1241470,KBS,2026-10-09T04:33:20Z
2020-07-06,MBB,3.94,4.0,3.93,3.96,2970930,KBS,2026-10-09T04:33:20Z
2020-07-07,MBB,4.0,4.01,3.96,3.98,3562940,KBS,2026-10-09T04:33:20Z
2020-07-08,MBB,3.97,4.01,3.97,4.0,1816440,KBS,2026-10-09T04:33:20Z
2020-07-09,MBB,4.02,4.08,4.01,4.07,3777860,KBS,2026-10-09T04:33:20Z
2020-07-10,MBB,4.06,4.06,4.01,4.02,2151820,KBS,2026-10-09T04:33:20Z
2020-07-13,MBB,4.02,4.06,4.0,4.01,2322950,KBS,2026-10-09T04:33:20Z
2020-07-14,MBB,4.0,4.01,3.96,4.0,3552800,KBS,2026-10-09T04:33:20Z
2020-07-15,MBB,4.03,4.06,4.01,4.03,2941050,KBS,2026-10-09T04:33:20Z
2020-07-16,MBB,4.08,4.08,4.03,4.08,3783960,KBS,2026-10-09T04:33:20Z
2020-07-17,MBB,4.08,4.09,4.06,4.08,3957050,KBS,2026-10-09T04:33:20Z
2020-07-20,MBB,4.08,4.09,4.01,4.01,3056310,KBS,2026-10-09T04:33:20Z
2020-07-21,MBB,4.03,4.03,4.0,4.03,3066900,KBS,2026-10-09T04:33:20Z
2020-07-22,MBB,4.06,4.06,4.0,4.0,2724680,KBS,2026-10-09T04:33:20Z
2020-07-23,MBB,4.0,4.01,3.95,3.97,3208620,KBS,2026-10-09T04:33:20Z
2020-07-24,MBB,3.96,3.96,3.82,3.84,8288120,KBS,2026-10-09T04:33:20Z
2020-07-27,MBB,3.7,3.75,3.58,3.58,9988390,KBS,2026-10-09T04:33:20Z
2020-07-28,MBB,3.7,3.81,3.61,3.8,6476500,KBS,2026-10-09T04:33:20Z
2020-07-29,MBB,3.7,3.7,3.58,3.65,4891540,KBS,2026-10-09T04:33:20Z
2020-07-30,MBB,3.68,3.7,3.66,3.69,2740330,KBS,2026-10-09T04:33:20Z
2020-07-31,MBB,3.66,3.7,3.61,3.67,2822800,KBS,2026-10-09T04:33:20Z
2020-08-03,MBB,3.66,3.78,3.66,3.78,4195230,KBS,2026-10-09T04:33:20Z
2020-08-04,MBB,3.8,3.84,3.78,3.82,2557000,KBS,2026-10-09T04:33:20Z
2020-08-05,MBB,3.82,3.86,3.78,3.86,2939150,KBS,2026-10-09T04:33:20Z
2020-08-06,MBB,3.84,3.86,3.81,3.81,3050260,KBS,2026-10-09T04:33:20Z
2020-08-07,MBB,3.81,3.83,3.8,3.8,2043440,KBS,2026-10-09T04:33:20Z
2020-08-10,MBB,3.84,3.86,3.81,3.83,3695170,KBS,2026-10-09T04:33:20Z
2020-08-11,MBB,3.86,3.87,3.82,3.84,3279300,KBS,2026-10-09T04:33:20Z
2020-08-12,MBB,3.84,3.94,3.84,3.93,5592880,KBS,2026-10-09T04:33:20Z
2020-08-13,MBB,3.95,3.96,3.92,3.95,2730880,KBS,2026-10-09T04:33:20Z
2020-08-14,MBB,3.94,4.01,3.93,4.0,5684510,KBS,2026-10-09T04:33:20Z
2020-08-17,MBB,4.0,4.01,3.93,3.98,3857910,KBS,2026-10-09T04:33:20Z
2020-08-18,MBB,3.98,4.0,3.94,3.96,2714080,KBS,2026-10-09T04:33:20Z
2020-08-19,MBB,3.96,3.97,3.94,3.97,3899030,KBS,2026-10-09T04:33:20Z
2020-08-20,MBB,3.97,4.0,3.95,3.97,4196330,KBS,2026-10-09T04:33:20Z
2020-08-21,MBB,3.97,4.03,3.96,4.03,5135520,KBS,2026-10-09T04:33:20Z
2020-08-24,MBB,4.06,4.16,4.06,4.15,8344270,KBS,2026-10-09T04:33:20Z
2020-08-25,MBB,4.17,4.26,4.16,4.21,12351760,KBS,2026-10-09T04:33:20Z
2020-08-26,MBB,4.2,4.23,4.17,4.17,5231990,KBS,2026-10-09T04:33:20Z
2020-08-27,MBB,4.17,4.2,4.14,4.17,3597610,KBS,2026-10-09T04:33:20Z
2020-08-28,MBB,4.2,4.23,4.17,4.17,6040590,KBS,2026-10-09T04:33:20Z
2020-08-31,MBB,4.2,4.24,4.17,4.18,3916140,KBS,2026-10-09T04:33:20Z
2020-09-01,MBB,4.21,4.22,4.17,4.22,5064400,KBS,2026-10-09T04:33:20Z
2020-09-03,MBB,4.24,4.28,4.22,4.24,4950930,KBS,2026-10-09T04:33:20Z
2020-09-04,MBB,4.16,4.22,4.16,4.21,5064490,KBS,2026-10-09T04:33:20Z
2020-09-07,MBB,4.23,4.23,4.12,4.12,7654310,KBS,2026-10-09T04:33:20Z
2020-09-08,MBB,4.15,4.16,4.09,4.15,3480610,KBS,2026-10-09T04:33:20Z
2020-09-09,MBB,4.1,4.15,4.1,4.14,3715080,KBS,2026-10-09T04:33:20Z
2020-09-10,MBB,4.17,4.2,4.15,4.15,3129160,KBS,2026-10-09T04:33:20Z
2020-09-11,MBB,4.15,4.17,4.11,4.16,2230940,KBS,2026-10-09T04:33:20Z
2020-09-14,MBB,4.2,4.25,4.18,4.23,4580680,KBS,2026-10-09T04:33:20Z
2020-09-15,MBB,4.23,4.25,4.21,4.22,3695340,KBS,2026-10-09T04:33:20Z
2020-09-16,MBB,4.21,4.23,4.2,4.22,2613980,KBS,2026-10-09T04:33:20Z
2020-09-17,MBB,4.21,4.3,4.21,4.22,7410540,KBS,2026-10-09T04:33:20Z
2020-09-18,MBB,4.24,4.38,4.23,4.37,11784520,KBS,2026-10-09T04:33:20Z
2020-09-21,MBB,4.43,4.49,4.39,4.44,10816030,KBS,2026-10-09T04:33:20Z
2020-09-22,MBB,4.44,4.49,4.43,4.47,9969810,KBS,2026-10-09T04:33:20Z
2020-09-23,MBB,4.5,4.52,4.45,4.47,6764910,KBS,2026-10-09T04:33:20Z
2020-09-24,MBB,4.51,4.58,4.47,4.57,12357250,KBS,2026-10-09T04:33:20Z
2020-09-25,MBB,4.59,4.6,4.51,4.57,6504900,KBS,2026-10-09T04:33:20Z
2020-09-28,MBB,4.6,4.68,4.58,4.66,8664740,KBS,2026-10-09T04:33:20Z
2020-09-29,MBB,4.66,4.67,4.58,4.58,7980230,KBS,2026-10-09T04:33:20Z
2020-09-30,MBB,4.58,4.61,4.56,4.6,4772210,KBS,2026-10-09T04:33:20Z
2020-10-01,MBB,4.64,4.66,4.59,4.63,7966350,KBS,2026-10-09T04:33:20Z
2020-10-02,MBB,4.64,4.66,4.58,4.63,10888220,KBS,2026-10-09T04:33:20Z
2020-10-05,MBB,4.68,4.76,4.68,4.73,10749710,KBS,2026-10-09T04:33:20Z
2020-10-06,MBB,4.8,4.8,4.73,4.77,7113210,KBS,2026-10-09T04:33:20Z
2020-10-07,MBB,4.75,4.76,4.71,4.71,7245090,KBS,2026-10-09T04:33:20Z
2020-10-08,MBB,4.79,4.79,4.71,4.72,6874020,KBS,2026-10-09T04:33:20Z
2020-10-09,MBB,4.72,4.73,4.69,4.69,3873190,KBS,2026-10-09T04:33:20Z
2020-10-12,MBB,4.72,4.75,4.67,4.69,4828180,KBS,2026-10-09T04:33:20Z
2020-10-13,MBB,4.71,4.71,4.64,4.68,4053540,KBS,2026-10-09T04:33:20Z
2020-10-14,MBB,4.65,4.75,4.65,4.72,4923620,KBS,2026-10-09T04:33:20Z
2020-10-15,MBB,4.73,4.73,4.69,4.71,4262410,KBS,2026-10-09T04:33:20Z
2020-10-16,MBB,4.75,4.79,4.73,4.77,9150340,KBS,2026-10-09T04:33:20Z
2020-10-19,MBB,4.81,4.91,4.81,4.88,10589820,KBS,2026-10-09T04:33:20Z
2020-10-20,MBB,4.89,5.01,4.88,5.0,10529370,KBS,2026-10-09T04:33:20Z
2020-10-21,MBB,5.05,5.09,4.96,4.96,9500440,KBS,2026-10-09T04:33:20Z
2020-10-22,MBB,4.99,5.03,4.92,5.03,7256230,KBS,2026-10-09T04:33:20Z
2020-10-23,MBB,5.08,5.08,4.99,5.04,6605720,KBS,2026-10-09T04:33:20Z
2020-10-26,MBB,5.03,5.04,4.92,4.92,8875780,KBS,2026-10-09T04:33:20Z
2020-10-27,MBB,4.92,4.92,4.79,4.79,9536450,KBS,2026-10-09T04:33:20Z
2020-10-28,MBB,4.75,4.8,4.68,4.69,6840230,KBS,2026-10-09T04:33:20Z
2020-10-29,MBB,4.68,4.79,4.68,4.76,6240080,KBS,2026-10-09T04:33:20Z
2020-10-30,MBB,4.79,4.8,4.71,4.76,5736540,KBS,2026-10-09T04:33:20Z
2020-11-02,MBB,4.8,4.81,4.76,4.81,3692210,KBS,2026-10-09T04:33:20Z
2020-11-03,MBB,4.84,4.91,4.81,4.88,3590520,KBS,2026-10-09T04:33:20Z
2020-11-04,MBB,4.97,4.97,4.87,4.93,4685210,KBS,2026-10-09T04:33:20Z
2020-11-05,MBB,4.95,4.96,4.87,4.89,6789020,KBS,2026-10-09T04:33:20Z
2020-11-06,MBB,4.89,4.92,4.8,4.81,3992580,KBS,2026-10-09T04:33:20Z
2020-11-09,MBB,4.84,4.89,4.83,4.88,3710450,KBS,2026-10-09T04:33:20Z
2020-11-10,MBB,4.92,4.95,4.84,4.84,6776330,KBS,2026-10-09T04:33:20Z
2020-11-11,MBB,4.87,4.91,4.83,4.88,9353320,KBS,2026-10-09T04:33:20Z
2020-11-12,MBB,4.89,5.0,4.88,5.0,10547260,KBS,2026-10-09T04:33:20Z
2020-11-13,MBB,5.03,5.16,5.03,5.16,16110590,KBS,2026-10-09T04:33:20Z
2020-11-16,MBB,5.21,5.24,5.08,5.09,20068100,KBS,2026-10-09T04:33:20Z
2020-11-17,MBB,5.12,5.23,5.11,5.23,9945750,KBS,2026-10-09T04:33:20Z
2020-11-18,MBB,5.25,5.35,5.2,5.25,11311450,KBS,2026-10-09T04:33:20Z
2020-11-19,MBB,5.28,5.3,5.19,5.21,13407160,KBS,2026-10-09T04:33:20Z
2020-11-20,MBB,5.2,5.21,5.15,5.16,7118600,KBS,2026-10-09T04:33:20Z
2020-11-23,MBB,5.16,5.19,5.09,5.13,9013500,KBS,2026-10-09T04:33:20Z
2020-11-24,MBB,5.19,5.21,5.13,5.17,8564990,KBS,2026-10-09T04:33:20Z
2020-11-25,MBB,5.24,5.24,5.16,5.2,6517830,KBS,2026-10-09T04:33:20Z
2020-11-26,MBB,5.15,5.21,5.13,5.21,12419270,KBS,2026-10-09T04:33:20Z
2020-11-27,MBB,5.21,5.35,5.19,5.35,15975030,KBS,2026-10-09T04:33:20Z
2020-11-30,MBB,5.46,5.51,5.4,5.44,18510250,KBS,2026-10-09T04:33:20Z
2020-12-01,MBB,5.36,5.58,5.36,5.58,20421100,KBS,2026-10-09T04:33:20Z
2020-12-02,MBB,5.59,5.72,5.58,5.71,18071190,KBS,2026-10-09T04:33:20Z
2020-12-03,MBB,5.76,5.76,5.58,5.62,22447130,KBS,2026-10-09T04:33:20Z
2020-12-04,MBB,5.62,5.66,5.58,5.6,18416060,KBS,2026-10-09T04:33:20Z
2020-12-07,MBB,5.6,5.63,5.56,5.59,8253270,KBS,2026-10-09T04:33:20Z
2020-12-08,MBB,5.59,5.76,5.56,5.71,16402560,KBS,2026-10-09T04:33:20Z
2020-12-09,MBB,5.75,5.82,5.71,5.72,12895210,KBS,2026-10-09T04:33:20Z
2020-12-10,MBB,5.74,5.76,5.62,5.63,13602560,KBS,2026-10-09T04:33:20Z
2020-12-11,MBB,5.66,5.75,5.58,5.75,8637130,KBS,2026-10-09T04:33:20Z
2020-12-14,MBB,5.78,5.86,5.78,5.84,14023310,KBS,2026-10-09T04:33:20Z
2020-12-15,MBB,5.84,5.84,5.72,5.75,13083510,KBS,2026-10-09T04:33:20Z
2020-12-16,MBB,5.79,5.99,5.75,5.95,19503010,KBS,2026-10-09T04:33:20Z
2020-12-17,MBB,5.91,5.96,5.83,5.91,16719990,KBS,2026-10-09T04:33:20Z
2020-12-18,MBB,6.02,6.18,5.92,6.18,17502170,KBS,2026-10-09T04:33:20Z
2020-12-21,MBB,6.23,6.34,6.16,6.22,26924800,KBS,2026-10-09T04:33:20Z
2020-12-22,MBB,6.26,6.34,6.15,6.2,22805050,KBS,2026-10-09T04:33:20Z
2020-12-23,MBB,6.23,6.24,6.12,6.12,13833600,KBS,2026-10-09T04:33:20Z
2020-12-24,MBB,6.16,6.19,5.91,6.1,16011380,KBS,2026-10-09T04:33:20Z
2020-12-25,MBB,6.1,6.19,6.04,6.18,12807670,KBS,2026-10-09T04:33:20Z
2020-12-28,MBB,6.28,6.28,6.11,6.16,16589830,KBS,2026-10-09T04:33:20Z
2020-12-29,MBB,6.16,6.16,6.11,6.14,10912210,KBS,2026-10-09T04:33:20Z
2020-12-30,MBB,6.12,6.19,6.12,6.12,12801190,KBS,2026-10-09T04:33:20Z
2020-12-31,MBB,6.16,6.18,6.14,6.15,14034660,KBS,2026-10-09T04:33:20Z
2021-01-04,MBB,6.26,6.51,6.18,6.4,42370800,KBS,2026-10-09T04:33:20Z
2021-01-05,MBB,6.46,6.72,6.4,6.72,34044900,KBS,2026-10-09T04:33:20Z
2021-01-06,MBB,6.82,6.95,6.68,6.76,22063300,KBS,2026-10-09T04:33:20Z
2021-01-07,MBB,6.82,6.94,6.75,6.93,18918200,KBS,2026-10-09T04:33:20Z
2021-01-08,MBB,7.01,7.31,6.95,7.11,25861800,KBS,2026-10-09T04:33:20Z
2021-01-11,MBB,7.22,7.27,7.01,7.05,23381600,KBS,2026-10-09T04:33:20Z
2021-01-12,MBB,7.05,7.09,6.87,6.99,16552100,KBS,2026-10-09T04:33:20Z
2021-01-13,MBB,6.99,7.11,6.93,6.95,18649800,KBS,2026-10-09T04:33:20Z
2021-01-14,MBB,7.03,7.06,6.91,7.06,20138800,KBS,2026-10-09T04:33:20Z
2021-01-15,MBB,7.19,7.27,7.1,7.15,19922700,KBS,2026-10-09T04:33:20Z
2021-01-18,MBB,7.15,7.18,7.01,7.01,13838300,KBS,2026-10-09T04:33:20Z
2021-01-19,MBB,7.01,7.01,6.52,6.52,22184900,KBS,2026-10-09T04:33:20Z
2021-01-20,MBB,6.52,6.62,6.12,6.52,23198100,KBS,2026-10-09T04:33:20Z
2021-01-21,MBB,6.68,6.9,6.52,6.9,14714600,KBS,2026-10-09T04:33:20Z
2021-01-22,MBB,6.87,6.94,6.76,6.84,12400500,KBS,2026-10-09T04:33:20Z
2021-01-25,MBB,6.79,6.9,6.72,6.74,10924900,KBS,2026-10-09T04:33:20Z
2021-01-26,MBB,6.72,6.84,6.35,6.84,19797100,KBS,2026-10-09T04:33:20Z
2021-01-27,MBB,6.63,6.75,6.38,6.42,22798000,KBS,2026-10-09T04:33:20Z
2021-01-28,MBB,6.02,6.15,5.98,5.98,20362200,KBS,2026-10-09T04:33:20Z
2021-01-29,MBB,5.7,6.28,5.7,6.27,19607700,KBS,2026-10-09T04:33:20Z
2021-02-01,MBB,6.15,6.28,5.87,5.88,16163000,KBS,2026-10-09T04:33:20Z
2021-02-02,MBB,6.04,6.26,5.87,6.24,14396700,KBS,2026-10-09T04:33:20Z
2021-02-03,MBB,6.34,6.51,6.26,6.48,19837900,KBS,2026-10-09T04:33:20Z
2021-02-04,MBB,6.5,6.51,6.36,6.43,11089600,KBS,2026-10-09T04:33:20Z
2021-02-05,MBB,6.47,6.63,6.43,6.62,11885000,KBS,2026-10-09T04:33:20Z
2021-02-08,MBB,6.63,6.74,6.38,6.39,22263700,KBS,2026-10-09T04:33:20Z
2021-02-09,MBB,6.42,6.62,6.36,6.62,15933800,KBS,2026-10-09T04:33:20Z
2021-02-17,MBB,6.72,6.9,6.68,6.9,18470000,KBS,2026-10-09T04:33:20Z
2021-02-18,MBB,6.95,7.03,6.84,7.01,23346000,KBS,2026-10-09T04:33:20Z
2021-02-19,MBB,6.93,7.33,6.9,7.18,30003300,KBS,2026-10-09T04:33:20Z
2021-02-22,MBB,7.18,7.26,7.03,7.14,19791100,KBS,2026-10-09T04:33:20Z
2021-02-23,MBB,7.15,7.35,7.11,7.33,31587900,KBS,2026-10-09T04:33:20Z
2021-02-24,MBB,7.39,7.43,7.19,7.22,19888900,KBS,2026-10-09T04:33:20Z
2021-02-25,MBB,7.3,7.34,7.18,7.3,17887600,KBS,2026-10-09T04:33:20Z
2021-02-26,MBB,7.17,7.43,7.14,7.39,22352200,KBS,2026-10-09T04:33:20Z
2021-03-01,MBB,7.5,7.61,7.46,7.58,22065400,KBS,2026-10-09T04:33:20Z
2021-03-02,MBB,7.66,7.67,7.49,7.51,14005100,KBS,2026-10-09T04:33:20Z
2021-03-03,MBB,7.49,7.59,7.46,7.49,16468900,KBS,2026-10-09T04:33:20Z
2021-03-04,MBB,7.49,7.54,7.19,7.26,23153000,KBS,2026-10-09T04:33:20Z
2021-03-05,MBB,7.25,7.35,7.17,7.31,19035300,KBS,2026-10-09T04:33:20Z
2021-03-08,MBB,7.41,7.45,7.29,7.38,14809500,KBS,2026-10-09T04:33:20Z
2021-03-09,MBB,7.27,7.37,7.22,7.3,12179900,KBS,2026-10-09T04:33:20Z
2021-03-10,MBB,7.33,7.51,7.25,7.47,21590100,KBS,2026-10-09T04:33:20Z
2021-03-11,MBB,7.55,7.62,7.51,7.55,16459200,KBS,2026-10-09T04:33:20Z
2021-03-12,MBB,7.59,7.61,7.53,7.55,16339100,KBS,2026-10-09T04:33:20Z
2021-03-15,MBB,7.59,7.73,7.54,7.73,23273400,KBS,2026-10-09T04:33:20Z
2021-03-16,MBB,7.78,7.8,7.58,7.66,12749900,KBS,2026-10-09T04:33:20Z
2021-03-17,MBB,7.66,7.76,7.66,7.76,14185100,KBS,2026-10-09T04:33:20Z
2021-03-18,MBB,7.84,7.85,7.76,7.81,13051200,KBS,2026-10-09T04:33:20Z
2021-03-19,MBB,7.76,7.85,7.76,7.81,9917000,KBS,2026-10-09T04:33:20Z
2021-03-22,MBB,7.81,7.82,7.62,7.66,15628700,KBS,2026-10-09T04:33:20Z
2021-03-23,MBB,7.66,7.67,7.55,7.58,15105300,KBS,2026-10-09T04:33:20Z
2021-03-24,MBB,7.49,7.53,7.33,7.38,16076400,KBS,2026-10-09T04:33:20Z
2021-03-25,MBB,7.41,7.49,7.35,7.37,13199800,KBS,2026-10-09T04:33:20Z
2021-03-26,MBB,7.3,7.42,7.15,7.35,14311100,KBS,2026-10-09T04:33:20Z
2021-03-29,MBB,7.39,7.57,7.35,7.55,16883500,KBS,2026-10-09T04:33:20Z
2021-03-30,MBB,7.55,7.67,7.47,7.57,13184900,KBS,2026-10-09T04:33:20Z
2021-03-31,MBB,7.58,7.63,7.51,7.53,10510400,KBS,2026-10-09T04:33:20Z
2021-04-01,MBB,7.55,7.81,7.54,7.81,19588200,KBS,2026-10-09T04:33:20Z
2021-04-02,MBB,7.92,7.94,7.82,7.92,17890400,KBS,2026-10-09T04:33:20Z
2021-04-05,MBB,8.09,8.13,7.97,8.13,26102300,KBS,2026-10-09T04:33:20Z
2021-04-06,MBB,8.21,8.41,8.16,8.4,33236600,KBS,2026-10-09T04:33:20Z
2021-04-07,MBB,8.42,8.57,8.41,8.5,23620400,KBS,2026-10-09T04:33:20Z
2021-04-08,MBB,8.5,8.5,8.29,8.34,22368700,KBS,2026-10-09T04:33:20Z
2021-04-09,MBB,8.32,8.41,8.25,8.38,16904800,KBS,2026-10-09T04:33:20Z
2021-04-12,MBB,8.45,8.49,8.38,8.46,16624100,KBS,2026-10-09T04:33:20Z
2021-04-13,MBB,8.5,8.5,8.26,8.32,22558600,KBS,2026-10-09T04:33:20Z
2021-04-14,MBB,8.24,8.38,8.18,8.36,15096700,KBS,2026-10-09T04:33:20Z
2021-04-15,MBB,8.36,8.36,8.17,8.18,18900600,KBS,2026-10-09T04:33:20Z
2021-04-16,MBB,8.13,8.2,7.97,8.07,17708300,KBS,2026-10-09T04:33:20Z
2021-04-19,MBB,8.14,8.24,8.01,8.16,13993700,KBS,2026-10-09T04:33:20Z
2021-04-20,MBB,8.21,8.29,8.05,8.16,12942400,KBS,2026-10-09T04:33:20Z
2021-04-22,MBB,8.13,8.16,7.81,7.81,13234000,KBS,2026-10-09T04:33:20Z
2021-04-23,MBB,7.81,8.1,7.78,8.1,16710100,KBS,2026-10-09T04:33:20Z
2021-04-26,MBB,8.1,8.1,7.89,7.92,14253600,KBS,2026-10-09T04:33:20Z
2021-04-27,MBB,7.92,8.01,7.81,7.92,10054300,KBS,2026-10-09T04:33:20Z
2021-04-28,MBB,7.92,8.24,7.92,8.09,17389600,KBS,2026-10-09T04:33:20Z
2021-04-29,MBB,8.16,8.28,8.12,8.12,18937600,KBS,2026-10-09T04:33:20Z
2021-05-04,MBB,7.92,8.38,7.92,8.36,24397100,KBS,2026-10-09T04:33:20Z
2021-05-05,MBB,8.44,8.66,8.42,8.48,25875400,KBS,2026-10-09T04:33:20Z
2021-05-06,MBB,8.48,8.58,8.38,8.45,18915500,KBS,2026-10-09T04:33:20Z
2021-05-07,MBB,8.37,8.48,8.34,8.45,24764800,KBS,2026-10-09T04:33:20Z
2021-05-10,MBB,8.45,8.94,8.44,8.88,36389900,KBS,2026-10-09T04:33:20Z
2021-05-11,MBB,8.88,8.93,8.74,8.74,20385100,KBS,2026-10-09T04:33:20Z
2021-05-12,MBB,8.7,8.88,8.68,8.88,21106000,KBS,2026-10-09T04:33:20Z
2021-05-13,MBB,8.77,9.04,8.77,8.81,26896800,KBS,2026-10-09T04:33:20Z
2021-05-14,MBB,8.93,8.93,8.78,8.82,21651900,KBS,2026-10-09T04:33:20Z
2021-05-17,MBB,8.96,8.96,8.77,8.8,19181800,KBS,2026-10-09T04:33:20Z
2021-05-18,MBB,8.78,8.96,8.72,8.9,23037800,KBS,2026-10-09T04:33:20Z
2021-05-19,MBB,9.01,9.22,8.93,9.22,29370700,KBS,2026-10-09T04:33:20Z
2021-05-20,MBB,9.28,9.29,9.16,9.22,17314900,KBS,2026-10-09T04:33:20Z
2021-05-21,MBB,9.2,9.43,9.16,9.26,19882300,KBS,2026-10-09T04:33:20Z
2021-05-24,MBB,9.3,9.36,9.2,9.29,20486500,KBS,2026-10-09T04:33:20Z
2021-05-25,MBB,9.3,9.57,9.29,9.57,22789800,KBS,2026-10-09T04:33:20Z
2021-05-26,MBB,9.83,10.03,9.79,10.03,33671000,KBS,2026-10-09T04:33:20Z
2021-05-27,MBB,10.03,10.09,9.64,9.76,28188800,KBS,2026-10-09T04:33:20Z
2021-05-28,MBB,9.79,10.08,9.68,10.08,26378900,KBS,2026-10-09T04:33:20Z
2021-05-31,MBB,10.16,10.24,9.89,10.16,30395700,KBS,2026-10-09T04:33:20Z
2021-06-01,MBB,10.32,10.39,10.19,10.22,16331400,KBS,2026-10-09T04:33:20Z
2021-06-02,MBB,10.13,10.35,10.05,10.3,23682500,KBS,2026-10-09T04:33:20Z
2021-06-03,MBB,10.7,11.0,10.66,11.0,29087000,KBS,2026-10-09T04:33:20Z
2021-06-04,MBB,11.02,11.42,10.99,11.11,32896100,KBS,2026-10-09T04:33:20Z
2021-06-07,MBB,11.1,11.1,10.43,10.63,30845500,KBS,2026-10-09T04:33:20Z
2021-06-08,MBB,10.56,10.68,9.92,9.97,29808700,KBS,2026-10-09T04:33:20Z
2021-06-09,MBB,9.92,10.38,9.83,10.31,30626600,KBS,2026-10-09T04:33:20Z
2021-06-10,MBB,10.3,10.42,10.08,10.13,15556800,KBS,2026-10-09T04:33:20Z
2021-06-11,MBB,10.22,10.68,10.09,10.54,24998200,KBS,2026-10-09T04:33:20Z
2021-06-14,MBB,10.54,10.67,10.4,10.51,24587000,KBS,2026-10-09T04:33:20Z
2021-06-15,MBB,10.51,10.68,10.34,10.51,24890500,KBS,2026-10-09T04:33:20Z
2021-06-16,MBB,10.5,10.58,10.34,10.35,20702200,KBS,2026-10-09T04:33:20Z
2021-06-17,MBB,10.16,10.7,10.13,10.67,25763900,KBS,2026-10-09T04:33:20Z
2021-06-18,MBB,10.96,10.96,10.82,10.84,26023700,KBS,2026-10-09T04:33:20Z
2021-06-21,MBB,10.8,10.95,10.72,10.87,18818600,KBS,2026-10-09T04:33:20Z
2021-06-22,MBB,10.96,11.35,10.94,11.23,35453700,KBS,2026-10-09T04:33:20Z
2021-06-23,MBB,11.3,11.35,11.1,11.2,23680200,KBS,2026-10-09T04:33:20Z
2021-06-24,MBB,11.35,11.43,11.15,11.23,22472700,KBS,2026-10-09T04:33:20Z
2021-06-25,MBB,11.23,11.28,11.04,11.26,18753300,KBS,2026-10-09T04:33:20Z
2021-06-28,MBB,11.39,11.58,11.36,11.52,18609500,KBS,2026-10-09T04:33:20Z
2021-06-29,MBB,11.55,11.71,11.36,11.62,18304800,KBS,2026-10-09T04:33:20Z
2021-06-30,MBB,11.63,11.89,11.59,11.59,25995400,KBS,2026-10-09T04:33:20Z
2021-07-01,MBB,11.6,11.68,11.43,11.62,24500700,KBS,2026-10-09T04:33:20Z
2021-07-02,MBB,11.71,11.71,11.59,11.62,17761000,KBS,2026-10-09T04:33:20Z
2021-07-05,MBB,11.63,11.64,11.3,11.52,26337400,KBS,2026-10-09T04:33:20Z
2021-07-06,MBB,11.58,11.62,10.72,10.72,18361900,KBS,2026-10-09T04:33:20Z
2021-07-07,MBB,10.96,11.26,10.56,11.26,31637800,KBS,2026-10-09T04:33:20Z
2021-07-08,MBB,11.26,11.42,11.12,11.26,20529400,KBS,2026-10-09T04:33:20Z
2021-07-09,MBB,11.14,11.39,11.02,11.19,38065300,KBS,2026-10-09T04:33:20Z
2021-07-12,MBB,11.41,11.48,10.43,10.76,34531800,KBS,2026-10-09T04:33:20Z
2021-07-13,MBB,10.87,11.05,10.58,10.76,12555900,KBS,2026-10-09T04:33:20Z
2021-07-14,MBB,10.76,10.78,10.22,10.42,19970400,KBS,2026-10-09T04:33:20Z
2021-07-15,MBB,10.32,10.63,10.29,10.58,16136300,KBS,2026-10-09T04:33:20Z
2021-07-16,MBB,10.65,10.68,10.45,10.5,11304900,KBS,2026-10-09T04:33:20Z
2021-07-19,MBB,10.11,10.36,9.78,9.8,22151000,KBS,2026-10-09T04:33:20Z
2021-07-20,MBB,10.0,10.07,9.57,10.07,15529300,KBS,2026-10-09T04:33:20Z
2021-07-21,MBB,10.14,10.32,10.07,10.11,12249700,KBS,2026-10-09T04:33:20Z
2021-07-22,MBB,10.11,10.29,9.93,10.23,10204100,KBS,2026-10-09T04:33:20Z
2021-07-23,MBB,10.14,10.25,10.02,10.02,11847700,KBS,2026-10-09T04:33:20Z
2021-07-26,MBB,9.86,9.98,9.67,9.82,15999300,KBS,2026-10-09T04:33:20Z
2021-07-27,MBB,9.89,10.02,9.86,9.89,11596100,KBS,2026-10-09T04:33:20Z
2021-07-28,MBB,9.91,10.05,9.87,9.96,6161800,KBS,2026-10-09T04:33:20Z
2021-07-29,MBB,10.07,10.25,10.04,10.25,15121000,KBS,2026-10-09T04:33:20Z
2021-07-30,MBB,10.29,10.54,10.25,10.43,18968900,KBS,2026-10-09T04:33:20Z
2021-08-02,MBB,10.43,10.5,10.32,10.4,12636400,KBS,2026-10-09T04:33:20Z
2021-08-03,MBB,10.43,10.61,10.4,10.58,19320400,KBS,2026-10-09T04:33:20Z
2021-08-04,MBB,10.65,10.78,10.63,10.72,17409900,KBS,2026-10-09T04:33:20Z
2021-08-05,MBB,10.68,10.83,10.61,10.83,16668600,KBS,2026-10-09T04:33:20Z
2021-08-06,MBB,10.83,10.87,10.68,10.7,13684700,KBS,2026-10-09T04:33:20Z
2021-08-09,MBB,10.58,10.79,10.5,10.79,12853800,KBS,2026-10-09T04:33:20Z
2021-08-10,MBB,10.85,10.9,10.65,10.7,13799700,KBS,2026-10-09T04:33:20Z
2021-08-11,MBB,10.72,10.9,10.65,10.72,19533000,KBS,2026-10-09T04:33:20Z
2021-08-12,MBB,10.76,10.83,10.65,10.65,9741900,KBS,2026-10-09T04:33:20Z
2021-08-13,MBB,10.65,10.72,10.5,10.68,11259600,KBS,2026-10-09T04:33:20Z
2021-08-16,MBB,10.68,11.26,10.65,11.19,31956200,KBS,2026-10-09T04:33:20Z
2021-08-17,MBB,11.35,11.48,11.19,11.26,18478900,KBS,2026-10-09T04:33:20Z
2021-08-18,MBB,11.19,11.32,11.19,11.23,12459700,KBS,2026-10-09T04:33:20Z
2021-08-19,MBB,11.12,11.23,10.94,11.23,21080600,KBS,2026-10-09T04:33:20Z
2021-08-20,MBB,11.19,11.19,10.63,10.79,31892200,KBS,2026-10-09T04:33:20Z
2021-08-23,MBB,10.65,10.74,10.31,10.32,21997900,KBS,2026-10-09T04:33:20Z
2021-08-24,MBB,10.32,10.38,10.14,10.31,13980800,KBS,2026-10-09T04:33:20Z
2021-08-25,MBB,10.18,10.32,10.05,10.32,18341200,KBS,2026-10-09T04:33:20Z
2021-08-26,MBB,10.32,10.34,10.11,10.14,12762500,KBS,2026-10-09T04:33:20Z
2021-08-27,MBB,10.02,10.13,9.84,10.11,18602200,KBS,2026-10-09T04:33:20Z
2021-08-30,MBB,10.14,10.43,10.11,10.25,15842100,KBS,2026-10-09T04:33:20Z
2021-08-31,MBB,10.32,10.36,10.07,10.07,10363400,KBS,2026-10-09T04:33:20Z
2021-09-01,MBB,10.07,10.18,10.0,10.07,12748600,KBS,2026-10-09T04:33:20Z
2021-09-06,MBB,10.09,10.23,10.0,10.22,17330200,KBS,2026-10-09T04:33:20Z
2021-09-07,MBB,10.29,10.42,10.23,10.32,20389000,KBS,2026-10-09T04:33:20Z
2021-09-08,MBB,10.4,10.4,10.18,10.22,9354500,KBS,2026-10-09T04:33:20Z
2021-09-09,MBB,10.18,10.29,10.11,10.25,10496000,KBS,2026-10-09T04:33:20Z
2021-09-10,MBB,10.25,10.25,10.18,10.18,8476400,KBS,2026-10-09T04:33:20Z
2021-09-13,MBB,10.09,10.22,10.02,10.07,13797800,KBS,2026-10-09T04:33:20Z
2021-09-14,MBB,10.0,10.11,9.96,9.96,9569500,KBS,2026-10-09T04:33:20Z
2021-09-15,MBB,9.93,9.96,9.82,9.91,11950800,KBS,2026-10-09T04:33:20Z
2021-09-16,MBB,9.93,10.04,9.93,10.04,9774200,KBS,2026-10-09T04:33:20Z
2021-09-17,MBB,10.11,10.11,9.98,10.05,9716700,KBS,2026-10-09T04:33:20Z
2021-09-20,MBB,10.16,10.29,10.14,10.2,16664500,KBS,2026-10-09T04:33:20Z
2021-09-21,MBB,10.07,10.14,9.98,10.11,9451000,KBS,2026-10-09T04:33:20Z
2021-09-22,MBB,10.11,10.16,10.0,10.11,9303300,KBS,2026-10-09T04:33:20Z
2021-09-23,MBB,10.11,10.18,10.04,10.07,11792100,KBS,2026-10-09T04:33:20Z
2021-09-24,MBB,10.11,10.42,10.07,10.36,29129100,KBS,2026-10-09T04:33:20Z
2021-09-27,MBB,10.43,10.47,10.11,10.11,9316400,KBS,2026-10-09T04:33:20Z
2021-09-28,MBB,10.11,10.14,10.04,10.11,7390700,KBS,2026-10-09T04:33:20Z
2021-09-29,MBB,10.11,10.18,10.02,10.04,11106600,KBS,2026-10-09T04:33:20Z
2021-09-30,MBB,10.04,10.16,10.02,10.05,6644600,KBS,2026-10-09T04:33:20Z
2021-10-01,MBB,10.07,10.09,9.84,9.91,13536400,KBS,2026-10-09T04:33:20Z
2021-10-04,MBB,9.91,9.93,9.71,9.78,12211300,KBS,2026-10-09T04:33:20Z
2021-10-05,MBB,9.76,9.89,9.76,9.89,9463100,KBS,2026-10-09T04:33:20Z
2021-10-06,MBB,9.93,9.94,9.8,9.93,10037200,KBS,2026-10-09T04:33:20Z
2021-10-07,MBB,10.07,10.07,9.94,9.98,6438000,KBS,2026-10-09T04:33:20Z
2021-10-08,MBB,9.98,10.04,9.94,10.0,8061000,KBS,2026-10-09T04:33:20Z
2021-10-11,MBB,10.04,10.4,10.02,10.4,25214700,KBS,2026-10-09T04:33:20Z
2021-10-12,MBB,10.52,10.52,10.31,10.38,14875500,KBS,2026-10-09T04:33:20Z
2021-10-13,MBB,10.5,10.5,10.32,10.32,9776700,KBS,2026-10-09T04:33:20Z
2021-10-14,MBB,10.38,10.4,10.29,10.29,10690200,KBS,2026-10-09T04:33:20Z
2021-10-15,MBB,10.38,10.38,10.23,10.25,8189500,KBS,2026-10-09T04:33:20Z
2021-10-18,MBB,10.38,10.38,10.23,10.25,8332600,KBS,2026-10-09T04:33:20Z
2021-10-19,MBB,10.29,10.29,10.14,10.18,7689400,KBS,2026-10-09T04:33:20Z
2021-10-20,MBB,10.29,10.29,10.04,10.18,8937900,KBS,2026-10-09T04:33:20Z
2021-10-21,MBB,10.29,10.29,10.07,10.07,10195600,KBS,2026-10-09T04:33:20Z
2021-10-22,MBB,10.16,10.16,10.05,10.07,7578900,KBS,2026-10-09T04:33:20Z
2021-10-25,MBB,10.09,10.11,9.96,9.96,8955400,KBS,2026-10-09T04:33:20Z
2021-10-26,MBB,10.0,10.09,9.96,10.09,6836900,KBS,2026-10-09T04:33:20Z
2021-10-27,MBB,10.11,10.25,10.09,10.25,10268400,KBS,2026-10-09T04:33:20Z
2021-10-28,MBB,10.34,10.34,10.23,10.29,8781900,KBS,2026-10-09T04:33:20Z
2021-10-29,MBB,10.29,10.32,10.18,10.29,10694500,KBS,2026-10-09T04:33:20Z
2021-11-01,MBB,10.32,10.36,10.22,10.25,10652400,KBS,2026-10-09T04:33:20Z
2021-11-02,MBB,10.22,10.29,10.2,10.25,8603100,KBS,2026-10-09T04:33:20Z
2021-11-03,MBB,10.25,10.65,10.25,10.52,27447000,KBS,2026-10-09T04:33:20Z
2021-11-04,MBB,10.56,10.6,10.42,10.43,10790900,KBS,2026-10-09T04:33:20Z
2021-11-05,MBB,10.45,10.45,10.32,10.34,8074100,KBS,2026-10-09T04:33:20Z
2021-11-08,MBB,10.34,10.4,10.25,10.29,13607500,KBS,2026-10-09T04:33:20Z
2021-11-09,MBB,10.32,10.45,10.29,10.32,12363700,KBS,2026-10-09T04:33:20Z
2021-11-10,MBB,10.4,10.4,10.31,10.32,10597900,KBS,2026-10-09T04:33:20Z
2021-11-11,MBB,10.32,10.32,10.11,10.14,12862000,KBS,2026-10-09T04:33:20Z
2021-11-12,MBB,10.11,10.31,10.11,10.31,9475500,KBS,2026-10-09T04:33:20Z
2021-11-15,MBB,10.36,10.47,10.27,10.32,12611200,KBS,2026-10-09T04:33:20Z
2021-11-16,MBB,10.4,10.45,10.29,10.34,13885700,KBS,2026-10-09T04:33:20Z
2021-11-17,MBB,10.34,10.36,10.25,10.36,6930400,KBS,2026-10-09T04:33:20Z
2021-11-18,MBB,10.36,10.36,10.22,10.22,9336800,KBS,2026-10-09T04:33:20Z
2021-11-19,MBB,10.18,10.45,10.11,10.22,18272600,KBS,2026-10-09T04:33:20Z
2021-11-22,MBB,10.27,10.65,10.25,10.54,23448500,KBS,2026-10-09T04:33:20Z
2021-11-23,MBB,10.6,10.61,10.42,10.43,9852000,KBS,2026-10-09T04:33:20Z
2021-11-24,MBB,10.43,11.16,10.38,11.16,43004800,KBS,2026-10-09T04:33:20Z
2021-11-25,MBB,11.3,11.35,11.1,11.16,20691000,KBS,2026-10-09T04:33:20Z
2021-11-26,MBB,11.23,11.24,10.88,10.94,16768600,KBS,2026-10-09T04:33:20Z
2021-11-29,MBB,10.72,10.81,10.61,10.76,17093500,KBS,2026-10-09T04:33:20Z
2021-11-30,MBB,10.88,10.9,10.43,10.47,20624000,KBS,2026-10-09T04:33:20Z
2021-12-01,MBB,10.47,10.65,10.4,10.65,10550600,KBS,2026-10-09T04:33:20Z
2021-12-02,MBB,10.7,10.72,10.5,10.5,7310900,KBS,2026-10-09T04:33:20Z
2021-12-03,MBB,10.58,10.61,10.22,10.22,12442600,KBS,2026-10-09T04:33:20Z
2021-12-06,MBB,10.22,10.31,9.75,9.93,16336900,KBS,2026-10-09T04:33:20Z
2021-12-07,MBB,10.0,10.18,9.98,10.16,7763200,KBS,2026-10-09T04:33:20Z
2021-12-08,MBB,10.18,10.36,10.13,10.25,7357500,KBS,2026-10-09T04:33:20Z
2021-12-09,MBB,10.14,10.32,10.14,10.31,4588800,KBS,2026-10-09T04:33:20Z
2021-12-10,MBB,10.34,10.36,10.2,10.23,6326300,KBS,2026-10-09T04:33:20Z
2021-12-13,MBB,10.23,10.29,10.22,10.25,8861200,KBS,2026-10-09T04:33:20Z
2021-12-14,MBB,10.23,10.32,10.18,10.2,6132200,KBS,2026-10-09T04:33:20Z
2021-12-15,MBB,10.2,10.34,10.18,10.29,6405100,KBS,2026-10-09T04:33:20Z
2021-12-16,MBB,10.4,10.4,10.18,10.2,5655800,KBS,2026-10-09T04:33:20Z
2021-12-17,MBB,10.22,10.25,10.14,10.18,7073400,KBS,2026-10-09T04:33:20Z
2021-12-20,MBB,10.18,10.2,10.07,10.07,7451700,KBS,2026-10-09T04:33:20Z
2021-12-21,MBB,10.14,10.18,10.05,10.09,6370000,KBS,2026-10-09T04:33:20Z
2021-12-22,MBB,10.09,10.13,9.94,9.98,8662500,KBS,2026-10-09T04:33:20Z
2021-12-23,MBB,10.04,10.05,9.78,9.86,10142300,KBS,2026-10-09T04:33:20Z
2021-12-24,MBB,9.84,10.16,9.84,10.16,6812300,KBS,2026-10-09T04:33:20Z
2021-12-27,MBB,10.22,10.25,10.07,10.16,3867300,KBS,2026-10-09T04:33:20Z
2021-12-28,MBB,10.23,10.25,10.13,10.22,6286100,KBS,2026-10-09T04:33:20Z
2021-12-29,MBB,10.27,10.42,10.2,10.22,9231900,KBS,2026-10-09T04:33:20Z
2021-12-30,MBB,10.32,10.38,10.22,10.27,4948800,KBS,2026-10-09T04:33:20Z
2021-12-31,MBB,10.36,10.6,10.29,10.43,12992800,KBS,2026-10-09T04:33:20Z
2022-01-04,MBB,10.54,10.61,10.49,10.5,9072900,KBS,2026-10-09T04:33:20Z
2022-01-05,MBB,10.5,10.52,10.34,10.36,9114900,KBS,2026-10-09T04:33:20Z
2022-01-06,MBB,10.29,10.32,10.16,10.23,10895000,KBS,2026-10-09T04:33:20Z
2022-01-07,MBB,10.23,10.42,10.22,10.32,9526200,KBS,2026-10-09T04:33:20Z
2022-01-10,MBB,10.31,10.38,10.14,10.14,8933100,KBS,2026-10-09T04:33:20Z
2022-01-11,MBB,10.2,10.29,10.07,10.07,6839700,KBS,2026-10-09T04:33:20Z
2022-01-12,MBB,10.18,10.54,10.13,10.54,15289300,KBS,2026-10-09T04:33:20Z
2022-01-13,MBB,10.72,11.14,10.67,10.72,34751600,KBS,2026-10-09T04:33:20Z
2022-01-14,MBB,10.65,10.88,10.56,10.7,9472300,KBS,2026-10-09T04:33:20Z
2022-01-17,MBB,10.72,11.1,10.65,10.65,29430300,KBS,2026-10-09T04:33:20Z
2022-01-18,MBB,10.72,10.96,10.65,10.79,14337200,KBS,2026-10-09T04:33:20Z
2022-01-19,MBB,10.9,11.12,10.68,10.68,12387700,KBS,2026-10-09T04:33:20Z
2022-01-20,MBB,10.72,11.01,10.56,10.9,15630500,KBS,2026-10-09T04:33:20Z
2022-01-21,MBB,10.9,11.66,10.87,11.48,50936100,KBS,2026-10-09T04:33:20Z
2022-01-24,MBB,11.5,11.91,11.42,11.59,32125900,KBS,2026-10-09T04:33:20Z
2022-01-25,MBB,11.55,11.8,11.52,11.77,19837800,KBS,2026-10-09T04:33:20Z
2022-01-26,MBB,11.9,12.24,11.84,12.02,27716900,KBS,2026-10-09T04:33:20Z
2022-01-27,MBB,11.91,12.04,11.75,11.91,17661500,KBS,2026-10-09T04:33:20Z
2022-01-28,MBB,12.02,12.35,11.98,12.16,24027200,KBS,2026-10-09T04:33:20Z
2022-02-07,MBB,12.38,12.45,12.11,12.2,16801200,KBS,2026-10-09T04:33:20Z
2022-02-08,MBB,12.13,12.33,12.02,12.2,18663100,KBS,2026-10-09T04:33:20Z
2022-02-09,MBB,12.2,12.33,12.02,12.02,21085800,KBS,2026-10-09T04:33:20Z
2022-02-10,MBB,11.98,12.35,11.93,12.18,23693800,KBS,2026-10-09T04:33:20Z
2022-02-11,MBB,12.18,12.33,12.16,12.26,14162900,KBS,2026-10-09T04:33:20Z
2022-02-14,MBB,12.09,12.2,11.55,11.55,27316300,KBS,2026-10-09T04:33:20Z
2022-02-15,MBB,11.61,11.88,11.53,11.8,20740800,KBS,2026-10-09T04:33:20Z
2022-02-16,MBB,11.9,11.93,11.64,11.79,9311000,KBS,2026-10-09T04:33:20Z
2022-02-17,MBB,11.79,11.98,11.77,11.98,9334800,KBS,2026-10-09T04:33:20Z
2022-02-18,MBB,11.88,11.93,11.75,11.79,12480500,KBS,2026-10-09T04:33:20Z
2022-02-21,MBB,11.77,11.88,11.5,11.79,18822600,KBS,2026-10-09T04:33:20Z
2022-02-22,MBB,11.73,12.42,11.59,12.42,37458400,KBS,2026-10-09T04:33:20Z
2022-02-23,MBB,12.49,12.6,12.33,12.4,17315400,KBS,2026-10-09T04:33:20Z
2022-02-24,MBB,12.27,12.56,11.98,12.27,29813600,KBS,2026-10-09T04:33:20Z
2022-02-25,MBB,12.44,12.6,12.31,12.31,16805000,KBS,2026-10-09T04:33:20Z
2022-02-28,MBB,12.29,12.56,12.27,12.42,12769600,KBS,2026-10-09T04:33:20Z
2022-03-01,MBB,12.49,12.6,12.22,12.27,16319400,KBS,2026-10-09T04:33:20Z
2022-03-02,MBB,12.2,12.2,11.7,11.73,51622400,KBS,2026-10-09T04:33:20Z
2022-03-03,MBB,11.88,12.02,11.41,11.95,29987400,KBS,2026-10-09T04:33:20Z
2022-03-04,MBB,11.91,12.02,11.77,11.88,11201100,KBS,2026-10-09T04:33:20Z
2022-03-07,MBB,11.62,11.79,11.55,11.62,18899800,KBS,2026-10-09T04:33:20Z
2022-03-08,MBB,11.48,11.55,11.19,11.19,25634800,KBS,2026-10-09T04:33:20Z
2022-03-09,MBB,11.19,11.3,10.92,11.1,24112200,KBS,2026-10-09T04:33:20Z
2022-03-10,MBB,11.3,11.46,11.19,11.21,11866200,KBS,2026-10-09T04:33:20Z
2022-03-11,MBB,11.21,11.44,11.21,11.35,11264100,KBS,2026-10-09T04:33:20Z
2022-03-14,MBB,11.37,11.55,11.26,11.42,15981400,KBS,2026-10-09T04:33:20Z
2022-03-15,MBB,11.52,11.52,11.32,11.41,8699100,KBS,2026-10-09T04:33:20Z
2022-03-16,MBB,11.61,11.7,11.52,11.59,11226300,KBS,2026-10-09T04:33:20Z
2022-03-17,MBB,11.71,11.82,11.62,11.64,10242000,KBS,2026-10-09T04:33:20Z
2022-03-18,MBB,11.73,11.75,11.55,11.59,9945300,KBS,2026-10-09T04:33:20Z
2022-03-21,MBB,11.66,11.66,11.48,11.62,11691900,KBS,2026-10-09T04:33:20Z
2022-03-22,MBB,11.62,11.8,11.62,11.71,11007000,KBS,2026-10-09T04:33:20Z
2022-03-23,MBB,11.73,11.8,11.61,11.61,9099900,KBS,2026-10-09T04:33:20Z
2022-03-24,MBB,11.57,11.68,11.55,11.57,8114800,KBS,2026-10-09T04:33:20Z
2022-03-25,MBB,11.57,11.62,11.48,11.48,8093800,KBS,2026-10-09T04:33:20Z
2022-03-28,MBB,11.48,11.53,11.23,11.37,12952600,KBS,2026-10-09T04:33:20Z
2022-03-29,MBB,11.42,11.55,11.37,11.55,7464600,KBS,2026-10-09T04:33:20Z
2022-03-30,MBB,11.52,12.06,11.48,11.79,30137100,KBS,2026-10-09T04:33:20Z
2022-03-31,MBB,11.79,11.95,11.79,11.9,12822600,KBS,2026-10-09T04:33:20Z
2022-04-01,MBB,11.91,12.09,11.84,12.02,16261600,KBS,2026-10-09T04:33:20Z
2022-04-04,MBB,12.18,12.18,11.91,11.91,12192900,KBS,2026-10-09T04:33:20Z
2022-04-05,MBB,11.9,11.98,11.79,11.79,9967500,KBS,2026-10-09T04:33:20Z
2022-04-06,MBB,11.79,12.09,11.73,12.04,16787300,KBS,2026-10-09T04:33:20Z
2022-04-07,MBB,12.11,12.42,12.09,12.16,24107500,KBS,2026-10-09T04:33:20Z
2022-04-08,MBB,12.18,12.27,11.95,11.98,11429800,KBS,2026-10-09T04:33:20Z
2022-04-12,MBB,11.98,12.0,11.62,11.64,15344600,KBS,2026-10-09T04:33:20Z
2022-04-13,MBB,11.64,11.84,11.62,11.77,13561000,KBS,2026-10-09T04:33:20Z
2022-04-14,MBB,11.8,11.88,11.66,11.66,7906600,KBS,2026-10-09T04:33:20Z
2022-04-15,MBB,11.66,11.68,11.3,11.34,15110600,KBS,2026-10-09T04:33:20Z
2022-04-18,MBB,11.3,11.3,10.88,10.94,17892400,KBS,2026-10-09T04:33:20Z
2022-04-19,MBB,11.01,11.14,10.58,10.58,12751000,KBS,2026-10-09T04:33:20Z
2022-04-20,MBB,10.61,10.85,10.52,10.65,13037400,KBS,2026-10-09T04:33:20Z
2022-04-21,MBB,10.65,11.03,10.5,10.83,12604800,KBS,2026-10-09T04:33:20Z
2022-04-22,MBB,10.94,11.12,10.76,10.83,11453500,KBS,2026-10-09T04:33:20Z
2022-04-25,MBB,10.9,11.01,10.07,10.14,16198700,KBS,2026-10-09T04:33:20Z
2022-04-26,MBB,10.11,10.63,9.75,10.6,14781200,KBS,2026-10-09T04:33:20Z
2022-04-27,MBB,10.56,10.74,10.42,10.72,7174300,KBS,2026-10-09T04:33:20Z
2022-04-28,MBB,10.76,10.79,10.61,10.63,6266100,KBS,2026-10-09T04:33:20Z
2022-04-29,MBB,10.6,10.79,10.58,10.76,8486800,KBS,2026-10-09T04:33:20Z
2022-05-04,MBB,10.76,10.78,10.43,10.43,7874800,KBS,2026-10-09T04:33:20Z
2022-05-05,MBB,10.58,10.58,10.2,10.47,6904400,KBS,2026-10-09T04:33:20Z
2022-05-06,MBB,10.29,10.4,10.11,10.11,8851900,KBS,2026-10-09T04:33:20Z
2022-05-09,MBB,9.96,10.04,9.44,9.46,15746400,KBS,2026-10-09T04:33:20Z
2022-05-10,MBB,9.31,9.76,9.06,9.76,10841700,KBS,2026-10-09T04:33:20Z
2022-05-11,MBB,9.76,9.93,9.64,9.93,5764300,KBS,2026-10-09T04:33:20Z
2022-05-12,MBB,9.75,9.86,9.26,9.26,10183600,KBS,2026-10-09T04:33:20Z
2022-05-13,MBB,9.39,9.46,8.7,8.7,16132200,KBS,2026-10-09T04:33:20Z
2022-05-16,MBB,9.1,9.15,8.84,8.88,7382400,KBS,2026-10-09T04:33:20Z
2022-05-17,MBB,8.9,9.49,8.86,9.49,8100400,KBS,2026-10-09T04:33:20Z
2022-05-18,MBB,9.67,9.93,9.53,9.62,8675300,KBS,2026-10-09T04:33:20Z
2022-05-19,MBB,9.46,9.76,9.39,9.66,6247500,KBS,2026-10-09T04:33:20Z
2022-05-20,MBB,9.67,9.84,9.6,9.75,5044800,KBS,2026-10-09T04:33:20Z
2022-05-23,MBB,9.75,9.78,9.42,9.49,6270000,KBS,2026-10-09T04:33:20Z
2022-05-24,MBB,9.57,9.69,9.44,9.69,6690500,KBS,2026-10-09T04:33:20Z
2022-05-25,MBB,9.75,10.2,9.75,10.13,10916300,KBS,2026-10-09T04:33:20Z
2022-05-26,MBB,10.22,10.22,9.98,9.98,7260800,KBS,2026-10-09T04:33:20Z
2022-05-27,MBB,10.0,10.16,9.94,10.11,8373900,KBS,2026-10-09T04:33:20Z
2022-05-30,MBB,10.2,10.2,10.07,10.14,7937900,KBS,2026-10-09T04:33:20Z
2022-05-31,MBB,10.11,10.11,9.93,10.02,5285900,KBS,2026-10-09T04:33:20Z
2022-06-01,MBB,9.96,10.11,9.94,9.96,3928700,KBS,2026-10-09T04:33:20Z
2022-06-02,MBB,9.94,10.05,9.82,9.82,6488000,KBS,2026-10-09T04:33:20Z
2022-06-03,MBB,9.84,9.89,9.62,9.89,5169400,KBS,2026-10-09T04:33:20Z
2022-06-06,MBB,9.89,9.94,9.71,9.84,6941900,KBS,2026-10-09T04:33:20Z
2022-06-07,MBB,9.86,9.86,9.53,9.73,5525200,KBS,2026-10-09T04:33:20Z
2022-06-08,MBB,9.82,10.14,9.73,10.09,11821100,KBS,2026-10-09T04:33:20Z
2022-06-09,MBB,10.16,10.16,9.93,10.04,4534900,KBS,2026-10-09T04:33:20Z
2022-06-10,MBB,9.93,10.11,9.91,9.93,4691800,KBS,2026-10-09T04:33:20Z
2022-06-13,MBB,9.67,9.67,9.24,9.26,16114100,KBS,2026-10-09T04:33:20Z
2022-06-14,MBB,9.02,9.35,9.02,9.2,8736900,KBS,2026-10-09T04:33:20Z
2022-06-15,MBB,9.12,9.2,8.74,8.99,15590400,KBS,2026-10-09T04:33:20Z
2022-06-16,MBB,9.02,9.17,8.99,8.99,7121300,KBS,2026-10-09T04:33:20Z
2022-06-17,MBB,8.54,8.7,8.38,8.41,20939500,KBS,2026-10-09T04:33:20Z
2022-06-20,MBB,8.41,8.54,7.89,8.12,9673800,KBS,2026-10-09T04:33:20Z
2022-06-21,MBB,8.12,8.27,7.96,8.1,6250400,KBS,2026-10-09T04:33:20Z
2022-06-22,MBB,8.18,8.63,8.18,8.46,10465500,KBS,2026-10-09T04:33:20Z
2022-06-23,MBB,8.39,8.68,8.39,8.68,5639300,KBS,2026-10-09T04:33:20Z
2022-06-24,MBB,8.74,8.74,8.56,8.56,3852800,KBS,2026-10-09T04:33:20Z
2022-06-27,MBB,8.59,8.74,8.52,8.7,5586500,KBS,2026-10-09T04:33:20Z
2022-06-28,MBB,8.56,9.1,8.54,8.92,12393600,KBS,2026-10-09T04:33:20Z
2022-06-29,MBB,8.86,9.06,8.79,8.92,8574900,KBS,2026-10-09T04:33:20Z
2022-06-30,MBB,8.93,8.99,8.74,8.74,7182100,KBS,2026-10-09T04:33:20Z
2022-07-01,MBB,8.57,8.81,8.46,8.74,7556500,KBS,2026-10-09T04:33:20Z
2022-07-04,MBB,8.79,8.9,8.7,8.88,6320300,KBS,2026-10-09T04:33:20Z
2022-07-05,MBB,8.9,9.31,8.84,9.19,16498500,KBS,2026-10-09T04:33:20Z
2022-07-06,MBB,9.02,9.22,8.97,8.99,7476900,KBS,2026-10-09T04:33:20Z
2022-07-07,MBB,8.99,9.15,8.84,9.06,6572600,KBS,2026-10-09T04:33:20Z
2022-07-08,MBB,9.13,9.13,9.01,9.04,5547300,KBS,2026-10-09T04:33:20Z
2022-07-11,MBB,8.99,9.04,8.77,8.81,8268700,KBS,2026-10-09T04:33:20Z
2022-07-12,MBB,8.84,9.1,8.79,9.04,5855800,KBS,2026-10-09T04:33:20Z
2022-07-13,MBB,9.13,9.3,9.06,9.13,9654300,KBS,2026-10-09T04:33:20Z
2022-07-14,MBB,9.08,9.22,9.08,9.2,7275700,KBS,2026-10-09T04:33:20Z
2022-07-15,MBB,9.2,9.28,9.17,9.19,8095200,KBS,2026-10-09T04:33:20Z
2022-07-18,MBB,9.2,9.28,9.17,9.17,6138000,KBS,2026-10-09T04:33:20Z
2022-07-19,MBB,9.15,9.17,9.02,9.1,4745500,KBS,2026-10-09T04:33:20Z
2022-07-20,MBB,9.2,9.26,9.17,9.22,6881800,KBS,2026-10-09T04:33:20Z
2022-07-21,MBB,9.2,9.3,9.2,9.24,6680900,KBS,2026-10-09T04:33:20Z
2022-07-22,MBB,9.24,9.35,9.22,9.22,7085100,KBS,2026-10-09T04:33:20Z
2022-07-25,MBB,9.19,9.22,9.1,9.12,3635800,KBS,2026-10-09T04:33:20Z
2022-07-26,MBB,9.12,9.19,9.06,9.08,3588300,KBS,2026-10-09T04:33:20Z
2022-07-27,MBB,9.02,9.06,8.93,8.99,5741100,KBS,2026-10-09T04:33:20Z
2022-07-28,MBB,9.12,9.3,9.06,9.22,9334500,KBS,2026-10-09T04:33:20Z
2022-07-29,MBB,9.28,9.3,9.2,9.26,7417700,KBS,2026-10-09T04:33:20Z
2022-08-01,MBB,9.28,9.57,9.26,9.57,12000800,KBS,2026-10-09T04:33:20Z
2022-08-02,MBB,9.55,9.69,9.49,9.64,10911500,KBS,2026-10-09T04:33:20Z
2022-08-03,MBB,9.6,9.71,9.46,9.71,9891300,KBS,2026-10-09T04:33:20Z
2022-08-04,MBB,9.73,9.82,9.67,9.73,11190600,KBS,2026-10-09T04:33:20Z
2022-08-05,MBB,9.71,9.73,9.58,9.73,7492000,KBS,2026-10-09T04:33:20Z
2022-08-08,MBB,9.75,9.82,9.67,9.78,9053800,KBS,2026-10-09T04:33:20Z
2022-08-09,MBB,9.89,9.96,9.82,9.87,10603300,KBS,2026-10-09T04:33:20Z
2022-08-10,MBB,9.89,9.91,9.78,9.82,6366700,KBS,2026-10-09T04:33:20Z
2022-08-11,MBB,9.91,9.93,9.66,9.67,11230700,KBS,2026-10-09T04:33:20Z
2022-08-12,MBB,9.67,9.78,9.64,9.76,4450800,KBS,2026-10-09T04:33:20Z
2022-08-15,MBB,9.86,9.96,9.84,9.87,8106400,KBS,2026-10-09T04:33:20Z
2022-08-16,MBB,9.86,9.89,9.8,9.84,7037900,KBS,2026-10-09T04:33:20Z
2022-08-17,MBB,9.86,10.05,9.86,10.02,15404600,KBS,2026-10-09T04:33:20Z
2022-08-18,MBB,10.0,10.05,9.94,9.98,9052200,KBS,2026-10-09T04:33:20Z
2022-08-19,MBB,10.0,10.0,9.93,9.96,9125100,KBS,2026-10-09T04:33:20Z
2022-08-22,MBB,10.09,10.16,9.96,10.01,10635300,KBS,2026-10-09T04:33:20Z
2022-08-23,MBB,9.88,10.07,9.88,10.05,5629900,KBS,2026-10-09T04:33:20Z
2022-08-24,MBB,10.07,10.14,10.03,10.09,7255700,KBS,2026-10-09T04:33:20Z
2022-08-25,MBB,10.14,10.24,10.07,10.24,11501700,KBS,2026-10-09T04:33:20Z
2022-08-26,MBB,10.29,10.35,10.22,10.22,10033100,KBS,2026-10-09T04:33:20Z
2022-08-29,MBB,9.98,10.18,9.92,10.14,11961500,KBS,2026-10-09T04:33:20Z
2022-08-30,MBB,10.2,10.35,10.16,10.24,9244300,KBS,2026-10-09T04:33:20Z
2022-08-31,MBB,10.24,10.38,10.2,10.29,6925400,KBS,2026-10-09T04:33:20Z
2022-09-05,MBB,10.27,10.35,10.2,10.22,6379400,KBS,2026-10-09T04:33:20Z
2022-09-06,MBB,10.22,10.35,10.2,10.24,6889300,KBS,2026-10-09T04:33:20Z
2022-09-07,MBB,10.27,10.31,9.96,9.96,17408600,KBS,2026-10-09T04:33:20Z
2022-09-08,MBB,10.01,10.07,9.86,9.88,7960500,KBS,2026-10-09T04:33:20Z
2022-09-09,MBB,9.94,9.94,9.64,9.83,8649500,KBS,2026-10-09T04:33:20Z
2022-09-12,MBB,9.96,9.96,9.79,9.79,3013100,KBS,2026-10-09T04:33:20Z
2022-09-13,MBB,9.81,9.86,9.75,9.77,5164700,KBS,2026-10-09T04:33:20Z
2022-09-14,MBB,9.55,9.72,9.53,9.7,6826100,KBS,2026-10-09T04:33:20Z
2022-09-15,MBB,9.72,9.77,9.55,9.6,3588000,KBS,2026-10-09T04:33:20Z
2022-09-16,MBB,9.64,9.68,9.42,9.44,7015700,KBS,2026-10-09T04:33:20Z
2022-09-19,MBB,9.4,9.44,9.1,9.1,8312000,KBS,2026-10-09T04:33:20Z
2022-09-20,MBB,9.25,9.25,9.07,9.25,5166100,KBS,2026-10-09T04:33:20Z
2022-09-21,MBB,9.18,9.18,9.07,9.18,4024600,KBS,2026-10-09T04:33:20Z
2022-09-22,MBB,9.1,9.2,9.03,9.2,5328700,KBS,2026-10-09T04:33:20Z
2022-09-23,MBB,9.18,9.25,9.1,9.1,3718800,KBS,2026-10-09T04:33:20Z
2022-09-26,MBB,8.92,9.05,8.62,8.71,10186800,KBS,2026-10-09T04:33:20Z
2022-09-27,MBB,8.82,8.82,8.66,8.75,3977700,KBS,2026-10-09T04:33:20Z
2022-09-28,MBB,8.66,8.77,8.64,8.64,3502300,KBS,2026-10-09T04:33:20Z
2022-09-29,MBB,8.75,8.77,8.58,8.58,4316000,KBS,2026-10-09T04:33:20Z
2022-09-30,MBB,8.53,8.66,8.36,8.66,7530200,KBS,2026-10-09T04:33:20Z
2022-10-03,MBB,8.62,8.62,8.06,8.1,9067500,KBS,2026-10-09T04:33:20Z
2022-10-04,MBB,8.32,8.32,8.01,8.14,8395600,KBS,2026-10-09T04:33:20Z
2022-10-05,MBB,8.27,8.43,8.25,8.32,5029100,KBS,2026-10-09T04:33:20Z
2022-10-06,MBB,8.3,8.3,7.82,7.84,7524400,KBS,2026-10-09T04:33:20Z
2022-10-07,MBB,7.6,7.71,7.3,7.34,41168300,KBS,2026-10-09T04:33:20Z
2022-10-10,MBB,7.34,7.54,7.17,7.47,11369000,KBS,2026-10-09T04:33:20Z
2022-10-11,MBB,7.49,7.49,6.95,6.95,19396700,KBS,2026-10-09T04:33:20Z
2022-10-12,MBB,7.0,7.43,7.0,7.43,12285200,KBS,2026-10-09T04:33:20Z
2022-10-13,MBB,7.43,7.6,7.36,7.54,6810300,KBS,2026-10-09T04:33:20Z
2022-10-14,MBB,7.75,7.93,7.62,7.71,12143700,KBS,2026-10-09T04:33:20Z
2022-10-17,MBB,7.67,7.71,7.41,7.58,9753300,KBS,2026-10-09T04:33:20Z
2022-10-18,MBB,7.78,7.88,7.56,7.6,9558200,KBS,2026-10-09T04:33:20Z
2022-10-19,MBB,7.67,7.71,7.47,7.58,5589900,KBS,2026-10-09T04:33:20Z
2022-10-20,MBB,7.56,7.58,7.43,7.43,6782800,KBS,2026-10-09T04:33:20Z
2022-10-21,MBB,7.47,7.47,6.97,6.97,13740600,KBS,2026-10-09T04:33:20Z
2022-10-24,MBB,7.06,7.13,6.69,6.76,17418100,KBS,2026-10-09T04:33:20Z
2022-10-25,MBB,6.82,7.21,6.71,7.1,16036100,KBS,2026-10-09T04:33:20Z
2022-10-26,MBB,7.1,7.28,7.04,7.1,7264900,KBS,2026-10-09T04:33:20Z
2022-10-27,MBB,7.15,7.58,7.15,7.58,13098100,KBS,2026-10-09T04:33:20Z
2022-10-28,MBB,7.71,7.86,7.54,7.65,13950700,KBS,2026-10-09T04:33:20Z
2022-10-31,MBB,7.67,7.75,7.36,7.67,12195900,KBS,2026-10-09T04:33:20Z
2022-11-01,MBB,7.8,7.97,7.73,7.8,20853600,KBS,2026-10-09T04:33:20Z
2022-11-02,MBB,7.8,7.88,7.71,7.75,10212800,KBS,2026-10-09T04:33:20Z
2022-11-03,MBB,7.65,7.8,7.62,7.65,8904700,KBS,2026-10-09T04:33:20Z
2022-11-04,MBB,7.52,7.75,7.15,7.75,24980500,KBS,2026-10-09T04:33:20Z
2022-11-07,MBB,7.62,7.69,7.34,7.34,11584700,KBS,2026-10-09T04:33:20Z
2022-11-08,MBB,7.26,7.56,7.19,7.45,8719400,KBS,2026-10-09T04:33:20Z
2022-11-09,MBB,7.49,7.6,7.32,7.34,8437500,KBS,2026-10-09T04:33:20Z
2022-11-10,MBB,7.3,7.32,6.84,6.84,20036100,KBS,2026-10-09T04:33:20Z
2022-11-11,MBB,7.04,7.23,6.91,6.93,11973100,KBS,2026-10-09T04:33:20Z
2022-11-14,MBB,6.91,6.91,6.54,6.58,12028900,KBS,2026-10-09T04:33:20Z
2022-11-15,MBB,6.5,6.58,6.13,6.13,23481100,KBS,2026-10-09T04:33:20Z
2022-11-16,MBB,5.83,6.54,5.72,6.54,26090000,KBS,2026-10-09T04:33:20Z
2022-11-17,MBB,6.65,6.89,6.54,6.8,14823700,KBS,2026-10-09T04:33:20Z
2022-11-18,MBB,6.71,7.02,6.5,6.8,12899700,KBS,2026-10-09T04:33:20Z
2022-11-21,MBB,6.89,6.97,6.76,6.8,10728100,KBS,2026-10-09T04:33:20Z
2022-11-22,MBB,6.8,7.13,6.76,6.84,13394200,KBS,2026-10-09T04:33:20Z
2022-11-23,MBB,6.84,6.97,6.8,6.8,7371600,KBS,2026-10-09T04:33:20Z
2022-11-24,MBB,6.78,6.87,6.67,6.8,6351200,KBS,2026-10-09T04:33:20Z
2022-11-25,MBB,6.84,7.02,6.82,7.02,9855300,KBS,2026-10-09T04:33:20Z
2022-11-28,MBB,7.13,7.45,7.1,7.45,15454800,KBS,2026-10-09T04:33:20Z
2022-11-29,MBB,7.45,7.56,7.28,7.45,15129300,KBS,2026-10-09T04:33:20Z
2022-11-30,MBB,7.49,7.6,7.34,7.54,13189800,KBS,2026-10-09T04:33:20Z
2022-12-01,MBB,7.67,7.97,7.56,7.71,27681100,KBS,2026-10-09T04:33:20Z
2022-12-02,MBB,7.71,8.14,7.6,8.14,16329100,KBS,2026-10-09T04:33:20Z
2022-12-05,MBB,8.23,8.36,8.12,8.23,19932400,KBS,2026-10-09T04:33:20Z
2022-12-06,MBB,8.23,8.25,7.67,7.67,22074300,KBS,2026-10-09T04:33:20Z
2022-12-07,MBB,7.65,7.75,7.47,7.49,12155000,KBS,2026-10-09T04:33:20Z
2022-12-08,MBB,7.67,8.01,7.6,7.84,13815500,KBS,2026-10-09T04:33:20Z
2022-12-09,MBB,7.88,7.93,7.69,7.88,9428700,KBS,2026-10-09T04:33:20Z
2022-12-12,MBB,7.88,7.97,7.65,7.67,12469800,KBS,2026-10-09T04:33:20Z
2022-12-13,MBB,7.69,7.8,7.58,7.8,7967900,KBS,2026-10-09T04:33:20Z
2022-12-14,MBB,7.95,7.97,7.8,7.86,10436100,KBS,2026-10-09T04:33:20Z
2022-12-15,MBB,7.8,8.32,7.8,8.21,24163100,KBS,2026-10-09T04:33:20Z
2022-12-16,MBB,8.1,8.27,8.1,8.14,11673800,KBS,2026-10-09T04:33:20Z
2022-12-19,MBB,8.14,8.34,7.95,7.95,14375300,KBS,2026-10-09T04:33:20Z
2022-12-20,MBB,7.93,7.99,7.54,7.62,18204000,KBS,2026-10-09T04:33:20Z
2022-12-21,MBB,7.73,7.75,7.41,7.67,8645000,KBS,2026-10-09T04:33:20Z
2022-12-22,MBB,7.75,7.93,7.67,7.8,7706500,KBS,2026-10-09T04:33:20Z
2022-12-23,MBB,7.78,7.78,7.62,7.69,4508000,KBS,2026-10-09T04:33:20Z
2022-12-26,MBB,7.67,7.69,7.28,7.28,9429800,KBS,2026-10-09T04:33:20Z
2022-12-27,MBB,7.3,7.49,7.26,7.47,5626400,KBS,2026-10-09T04:33:20Z
2022-12-28,MBB,7.49,7.62,7.39,7.56,4608400,KBS,2026-10-09T04:33:20Z
2022-12-29,MBB,7.49,7.62,7.49,7.54,4182700,KBS,2026-10-09T04:33:20Z
2022-12-30,MBB,7.6,7.6,7.41,7.41,4128900,KBS,2026-10-09T04:33:20Z
2023-01-03,MBB,7.45,7.8,7.45,7.8,7538000,KBS,2026-10-09T04:33:20Z
2023-01-04,MBB,7.84,7.91,7.78,7.78,7750200,KBS,2026-10-09T04:33:20Z
2023-01-05,MBB,7.8,7.91,7.71,7.88,7746900,KBS,2026-10-09T04:33:20Z
2023-01-06,MBB,7.82,8.12,7.8,7.91,10917100,KBS,2026-10-09T04:33:20Z
2023-01-09,MBB,8.01,8.01,7.88,7.91,5950900,KBS,2026-10-09T04:33:20Z
2023-01-10,MBB,7.88,7.95,7.84,7.88,6400600,KBS,2026-10-09T04:33:20Z
2023-01-11,MBB,7.91,7.99,7.88,7.91,6466400,KBS,2026-10-09T04:33:20Z
2023-01-12,MBB,7.93,7.97,7.86,7.91,7333700,KBS,2026-10-09T04:33:20Z
2023-01-13,MBB,7.97,8.04,7.91,7.91,7999500,KBS,2026-10-09T04:33:20Z
2023-01-16,MBB,7.93,8.04,7.88,8.01,6246800,KBS,2026-10-09T04:33:20Z
2023-01-17,MBB,8.1,8.4,8.06,8.4,18897600,KBS,2026-10-09T04:33:20Z
2023-01-18,MBB,8.45,8.47,8.32,8.47,9911300,KBS,2026-10-09T04:33:20Z
2023-01-19,MBB,8.45,8.56,8.4,8.49,11064200,KBS,2026-10-09T04:33:20Z
2023-01-27,MBB,8.62,8.71,8.51,8.53,9203700,KBS,2026-10-09T04:33:20Z
2023-01-30,MBB,8.58,8.58,8.34,8.34,12664300,KBS,2026-10-09T04:33:20Z
2023-01-31,MBB,8.32,8.47,8.12,8.47,14967100,KBS,2026-10-09T04:33:20Z
2023-02-01,MBB,8.53,8.64,8.19,8.19,15740700,KBS,2026-10-09T04:33:20Z
2023-02-02,MBB,8.27,8.27,8.04,8.21,12208800,KBS,2026-10-09T04:33:20Z
2023-02-03,MBB,8.21,8.27,8.06,8.06,10022600,KBS,2026-10-09T04:33:20Z
2023-02-06,MBB,8.06,8.19,8.01,8.1,6636500,KBS,2026-10-09T04:33:20Z
2023-02-07,MBB,8.17,8.17,7.95,7.95,7675200,KBS,2026-10-09T04:33:20Z
2023-02-08,MBB,8.01,8.1,7.91,7.97,5590000,KBS,2026-10-09T04:33:20Z
2023-02-09,MBB,7.97,8.1,7.95,7.99,6332800,KBS,2026-10-09T04:33:20Z
2023-02-10,MBB,8.04,8.06,7.93,7.93,5991700,KBS,2026-10-09T04:33:20Z
2023-02-13,MBB,7.88,7.88,7.69,7.8,9869700,KBS,2026-10-09T04:33:20Z
2023-02-14,MBB,7.8,7.86,7.71,7.73,6596300,KBS,2026-10-09T04:33:20Z
2023-02-15,MBB,7.69,7.91,7.69,7.8,6518300,KBS,2026-10-09T04:33:20Z
2023-02-16,MBB,7.84,7.95,7.82,7.91,4742200,KBS,2026-10-09T04:33:20Z
2023-02-17,MBB,7.91,7.97,7.84,7.84,4793200,KBS,2026-10-09T04:33:20Z
2023-02-20,MBB,7.84,8.19,7.84,8.19,8602000,KBS,2026-10-09T04:33:20Z
2023-02-21,MBB,8.23,8.27,8.06,8.06,6951800,KBS,2026-10-09T04:33:20Z
2023-02-22,MBB,7.97,8.01,7.91,7.91,9875600,KBS,2026-10-09T04:33:20Z
2023-02-23,MBB,7.8,7.88,7.67,7.86,16330000,KBS,2026-10-09T04:33:20Z
2023-02-24,MBB,7.86,7.91,7.67,7.67,10072300,KBS,2026-10-09T04:33:20Z
2023-02-27,MBB,7.56,7.58,7.47,7.47,8046000,KBS,2026-10-09T04:33:20Z
2023-02-28,MBB,7.52,7.65,7.43,7.47,6163100,KBS,2026-10-09T04:33:20Z
2023-03-01,MBB,7.43,7.65,7.36,7.65,6320200,KBS,2026-10-09T04:33:20Z
2023-03-02,MBB,7.65,7.67,7.52,7.54,3836100,KBS,2026-10-09T04:33:20Z
2023-03-03,MBB,7.58,7.58,7.43,7.43,4741300,KBS,2026-10-09T04:33:20Z
2023-03-06,MBB,7.54,7.67,7.49,7.49,6831800,KBS,2026-10-09T04:33:20Z
2023-03-07,MBB,7.54,7.62,7.52,7.54,6173500,KBS,2026-10-09T04:33:20Z
2023-03-08,MBB,7.49,7.62,7.45,7.62,7409200,KBS,2026-10-09T04:33:20Z
2023-03-09,MBB,7.65,7.78,7.62,7.71,8058600,KBS,2026-10-09T04:33:20Z
2023-03-10,MBB,7.71,7.71,7.62,7.69,5294100,KBS,2026-10-09T04:33:20Z
2023-03-13,MBB,7.52,7.62,7.52,7.58,8529600,KBS,2026-10-09T04:33:20Z
2023-03-14,MBB,7.58,7.6,7.45,7.45,8471100,KBS,2026-10-09T04:33:20Z
2023-03-15,MBB,7.62,7.73,7.58,7.71,6281500,KBS,2026-10-09T04:33:20Z
2023-03-16,MBB,7.67,7.67,7.54,7.56,5752900,KBS,2026-10-09T04:33:20Z
2023-03-17,MBB,7.67,7.67,7.56,7.56,4267500,KBS,2026-10-09T04:33:20Z
2023-03-20,MBB,7.62,7.62,7.49,7.49,5987700,KBS,2026-10-09T04:33:20Z
2023-03-21,MBB,7.56,7.58,7.45,7.52,8042400,KBS,2026-10-09T04:33:20Z
2023-03-22,MBB,7.58,7.6,7.52,7.54,5287300,KBS,2026-10-09T04:33:20Z
2023-03-23,MBB,7.49,7.56,7.49,7.54,3781500,KBS,2026-10-09T04:33:20Z
2023-03-24,MBB,7.67,7.78,7.62,7.69,16307000,KBS,2026-10-09T04:33:20Z
2023-03-27,MBB,7.71,7.8,7.67,7.78,8038500,KBS,2026-10-09T04:33:20Z
2023-03-28,MBB,7.82,7.93,7.8,7.8,12385600,KBS,2026-10-09T04:33:20Z
2023-03-29,MBB,7.86,7.97,7.84,7.93,10440000,KBS,2026-10-09T04:33:20Z
2023-03-30,MBB,7.97,8.01,7.91,7.91,8978500,KBS,2026-10-09T04:33:20Z
2023-03-31,MBB,7.93,7.97,7.86,7.91,10539900,KBS,2026-10-09T04:33:20Z
2023-04-03,MBB,8.01,8.1,7.97,8.1,20422800,KBS,2026-10-09T04:33:20Z
2023-04-04,MBB,8.12,8.14,8.06,8.12,11313000,KBS,2026-10-09T04:33:20Z
2023-04-05,MBB,8.12,8.17,8.06,8.14,9890300,KBS,2026-10-09T04:33:20Z
2023-04-06,MBB,8.17,8.19,8.01,8.01,12036800,KBS,2026-10-09T04:33:20Z
2023-04-07,MBB,8.01,8.06,7.95,8.06,8543700,KBS,2026-10-09T04:33:20Z
2023-04-10,MBB,8.1,8.23,8.06,8.06,13106100,KBS,2026-10-09T04:33:20Z
2023-04-11,MBB,8.06,8.14,7.99,8.12,6636900,KBS,2026-10-09T04:33:20Z
2023-04-12,MBB,8.14,8.14,8.04,8.1,7965100,KBS,2026-10-09T04:33:20Z
2023-04-13,MBB,8.1,8.12,8.01,8.04,5956400,KBS,2026-10-09T04:33:20Z
2023-04-14,MBB,8.06,8.1,7.93,7.93,7848000,KBS,2026-10-09T04:33:20Z
2023-04-17,MBB,7.88,7.95,7.86,7.91,5536000,KBS,2026-10-09T04:33:20Z
2023-04-18,MBB,7.95,7.97,7.82,7.86,5964800,KBS,2026-10-09T04:33:20Z
2023-04-19,MBB,7.91,7.93,7.84,7.84,4157200,KBS,2026-10-09T04:33:20Z
2023-04-20,MBB,7.84,7.88,7.82,7.86,3123200,KBS,2026-10-09T04:33:20Z
2023-04-21,MBB,7.86,7.91,7.82,7.82,3858400,KBS,2026-10-09T04:33:20Z
2023-04-24,MBB,7.82,7.93,7.8,7.91,5304600,KBS,2026-10-09T04:33:20Z
2023-04-25,MBB,7.97,7.97,7.86,7.91,4564900,KBS,2026-10-09T04:33:20Z
2023-04-26,MBB,7.91,7.95,7.84,7.95,4997600,KBS,2026-10-09T04:33:20Z
2023-04-27,MBB,7.97,7.99,7.93,7.97,3624300,KBS,2026-10-09T04:33:20Z
2023-04-28,MBB,8.01,8.04,7.95,7.99,4404300,KBS,2026-10-09T04:33:20Z
2023-05-04,MBB,7.95,7.99,7.86,7.88,5832800,KBS,2026-10-09T04:33:20Z
2023-05-05,MBB,7.88,7.91,7.84,7.84,4005700,KBS,2026-10-09T04:33:20Z
2023-05-08,MBB,7.88,7.93,7.86,7.91,4219900,KBS,2026-10-09T04:33:20Z
2023-05-09,MBB,7.93,7.95,7.88,7.93,4520200,KBS,2026-10-09T04:33:20Z
2023-05-10,MBB,7.93,8.01,7.91,8.01,6848500,KBS,2026-10-09T04:33:20Z
2023-05-11,MBB,8.06,8.08,7.99,8.01,7399700,KBS,2026-10-09T04:33:20Z
2023-05-12,MBB,8.04,8.08,7.97,8.08,7280900,KBS,2026-10-09T04:33:20Z
2023-05-15,MBB,8.12,8.27,8.1,8.17,17771400,KBS,2026-10-09T04:33:20Z
2023-05-16,MBB,8.17,8.21,8.1,8.14,6750500,KBS,2026-10-09T04:33:20Z
2023-05-17,MBB,8.12,8.14,7.99,7.99,9088100,KBS,2026-10-09T04:33:20Z
2023-05-18,MBB,8.04,8.08,7.99,8.06,6659500,KBS,2026-10-09T04:33:20Z
2023-05-19,MBB,8.06,8.1,8.04,8.08,3793700,KBS,2026-10-09T04:33:20Z
2023-05-22,MBB,8.1,8.19,8.08,8.17,8257100,KBS,2026-10-09T04:33:20Z
2023-05-23,MBB,8.19,8.23,8.1,8.12,7433100,KBS,2026-10-09T04:33:20Z
2023-05-24,MBB,8.14,8.17,8.04,8.06,5545300,KBS,2026-10-09T04:33:20Z
2023-05-25,MBB,8.06,8.06,7.99,7.99,4734100,KBS,2026-10-09T04:33:20Z
2023-05-26,MBB,8.01,8.01,7.97,7.99,3904600,KBS,2026-10-09T04:33:20Z
2023-05-29,MBB,8.06,8.12,8.01,8.12,5967700,KBS,2026-10-09T04:33:20Z
2023-05-30,MBB,8.14,8.17,8.08,8.12,6586200,KBS,2026-10-09T04:33:20Z
2023-05-31,MBB,8.14,8.17,8.06,8.06,6883600,KBS,2026-10-09T04:33:20Z
2023-06-01,MBB,8.06,8.14,8.04,8.14,8436200,KBS,2026-10-09T04:33:20Z
2023-06-02,MBB,8.27,8.6,8.25,8.53,32990200,KBS,2026-10-09T04:33:20Z
2023-06-05,MBB,8.62,8.71,8.56,8.58,19459500,KBS,2026-10-09T04:33:20Z
2023-06-06,MBB,8.62,8.86,8.58,8.86,22794800,KBS,2026-10-09T04:33:20Z
2023-06-07,MBB,8.86,8.9,8.77,8.82,13438700,KBS,2026-10-09T04:33:20Z
2023-06-08,MBB,8.82,8.86,8.66,8.66,13684000,KBS,2026-10-09T04:33:20Z
2023-06-09,MBB,8.71,8.77,8.66,8.77,10356300,KBS,2026-10-09T04:33:20Z
2023-06-12,MBB,8.79,8.84,8.66,8.82,8998800,KBS,2026-10-09T04:33:20Z
2023-06-13,MBB,8.84,8.84,8.73,8.79,10597200,KBS,2026-10-09T04:33:20Z
2023-06-14,MBB,8.93,8.97,8.77,8.77,10935300,KBS,2026-10-09T04:33:20Z
2023-06-15,MBB,8.77,8.82,8.73,8.75,9499700,KBS,2026-10-09T04:33:20Z
2023-06-16,MBB,8.82,8.97,8.75,8.75,13940800,KBS,2026-10-09T04:33:20Z
2023-06-19,MBB,8.75,8.79,8.68,8.68,7035800,KBS,2026-10-09T04:33:20Z
2023-06-20,MBB,8.7,8.73,8.64,8.73,5486900,KBS,2026-10-09T04:33:20Z
2023-06-21,MBB,8.75,8.82,8.73,8.82,6046900,KBS,2026-10-09T04:33:20Z
2023-06-22,MBB,8.93,9.04,8.84,8.84,14809200,KBS,2026-10-09T04:33:20Z
2023-06-23,MBB,8.95,9.02,8.9,8.97,12309000,KBS,2026-10-09T04:33:20Z
2023-06-26,MBB,8.97,9.13,8.86,8.97,10578300,KBS,2026-10-09T04:33:20Z
2023-06-27,MBB,8.99,9.02,8.88,8.93,10740400,KBS,2026-10-09T04:33:20Z
2023-06-28,MBB,8.97,9.24,8.93,9.19,20851400,KBS,2026-10-09T04:33:20Z
2023-06-29,MBB,9.19,9.19,9.02,9.02,14003400,KBS,2026-10-09T04:33:20Z
2023-06-30,MBB,9.02,9.06,8.95,8.97,6684900,KBS,2026-10-09T04:33:20Z
2023-07-03,MBB,9.02,9.04,8.93,8.97,9793600,KBS,2026-10-09T04:33:20Z
2023-07-04,MBB,8.97,9.04,8.93,9.04,6877800,KBS,2026-10-09T04:33:20Z
2023-07-05,MBB,9.1,9.17,9.02,9.06,12998200,KBS,2026-10-09T04:33:20Z
2023-07-06,MBB,9.08,9.13,8.95,8.97,15187700,KBS,2026-10-09T04:33:20Z
2023-07-07,MBB,8.97,9.08,8.93,9.08,11916900,KBS,2026-10-09T04:33:20Z
2023-07-10,MBB,9.15,9.26,9.13,9.22,16787800,KBS,2026-10-09T04:33:20Z
2023-07-11,MBB,9.22,9.41,9.22,9.41,17352800,KBS,2026-10-09T04:33:20Z
2023-07-12,MBB,9.41,9.46,9.28,9.33,13112300,KBS,2026-10-09T04:33:20Z
2023-07-13,MBB,9.35,9.44,9.28,9.37,17942000,KBS,2026-10-09T04:33:20Z
2023-07-14,MBB,9.52,9.57,9.4,9.52,18525700,KBS,2026-10-09T04:33:20Z
2023-07-17,MBB,9.57,9.63,9.45,9.5,11006300,KBS,2026-10-09T04:33:20Z
2023-07-18,MBB,9.5,9.52,9.42,9.5,7522800,KBS,2026-10-09T04:33:20Z
2023-07-19,MBB,9.5,9.55,9.4,9.4,11684700,KBS,2026-10-09T04:33:20Z
2023-07-20,MBB,9.4,9.45,9.35,9.42,6450600,KBS,2026-10-09T04:33:20Z
2023-07-21,MBB,9.47,9.52,9.4,9.52,8385700,KBS,2026-10-09T04:33:20Z
2023-07-24,MBB,9.52,9.57,9.47,9.57,8951300,KBS,2026-10-09T04:33:20Z
2023-07-25,MBB,9.57,9.75,9.55,9.6,9542500,KBS,2026-10-09T04:33:20Z
2023-07-26,MBB,9.6,9.63,9.52,9.57,5932000,KBS,2026-10-09T04:33:20Z
2023-07-27,MBB,9.57,9.6,9.45,9.5,9462200,KBS,2026-10-09T04:33:20Z
2023-07-28,MBB,9.47,9.55,9.47,9.55,7023300,KBS,2026-10-09T04:33:20Z
2023-07-31,MBB,9.63,9.65,9.55,9.63,9975800,KBS,2026-10-09T04:33:20Z
2023-08-01,MBB,9.65,9.88,9.63,9.63,14322700,KBS,2026-10-09T04:33:20Z
2023-08-02,MBB,9.63,9.68,9.57,9.65,6157300,KBS,2026-10-09T04:33:20Z
2023-08-03,MBB,9.68,9.75,9.6,9.63,11080500,KBS,2026-10-09T04:33:20Z
2023-08-04,MBB,9.63,9.78,9.6,9.7,14888400,KBS,2026-10-09T04:33:20Z
2023-08-07,MBB,9.78,9.91,9.73,9.88,15213700,KBS,2026-10-09T04:33:20Z
2023-08-08,MBB,9.96,9.96,9.78,9.8,9235400,KBS,2026-10-09T04:33:20Z
2023-08-09,MBB,9.8,9.83,9.7,9.78,10704200,KBS,2026-10-09T04:33:20Z
2023-08-10,MBB,9.8,9.8,9.65,9.65,9206500,KBS,2026-10-09T04:33:20Z
2023-08-11,MBB,9.7,9.73,9.52,9.65,8673900,KBS,2026-10-09T04:33:20Z
2023-08-14,MBB,9.68,9.75,9.57,9.68,8091000,KBS,2026-10-09T04:33:20Z
2023-08-15,MBB,9.68,9.7,9.6,9.68,5612500,KBS,2026-10-09T04:33:20Z
2023-08-16,MBB,9.65,9.8,9.6,9.7,9752400,KBS,2026-10-09T04:33:20Z
2023-08-17,MBB,9.7,9.7,9.63,9.63,7913000,KBS,2026-10-09T04:33:20Z
2023-08-18,MBB,9.6,9.6,9.14,9.24,22006600,KBS,2026-10-09T04:33:20Z
2023-08-21,MBB,9.19,9.37,9.12,9.27,9217300,KBS,2026-10-09T04:33:20Z
2023-08-22,MBB,9.35,9.35,9.06,9.29,8055700,KBS,2026-10-09T04:33:20Z
2023-08-23,MBB,9.35,9.35,9.19,9.19,5796400,KBS,2026-10-09T04:33:20Z
2023-08-24,MBB,9.24,9.37,9.19,9.32,6694700,KBS,2026-10-09T04:33:20Z
2023-08-25,MBB,9.29,9.29,9.24,9.24,4769800,KBS,2026-10-09T04:33:20Z
2023-08-28,MBB,9.32,9.35,9.22,9.29,7012700,KBS,2026-10-09T04:33:20Z
2023-08-29,MBB,9.32,9.37,9.27,9.32,9455200,KBS,2026-10-09T04:33:20Z
2023-08-30,MBB,9.35,9.45,9.32,9.4,6958400,KBS,2026-10-09T04:33:20Z
2023-08-31,MBB,9.4,9.47,9.4,9.45,6532600,KBS,2026-10-09T04:33:20Z
2023-09-05,MBB,9.5,9.83,9.47,9.78,21471900,KBS,2026-10-09T04:33:20Z
2023-09-06,MBB,9.8,9.83,9.65,9.83,13817100,KBS,2026-10-09T04:33:20Z
2023-09-07,MBB,9.83,10.01,9.78,9.86,22260900,KBS,2026-10-09T04:33:20Z
2023-09-08,MBB,9.86,9.88,9.75,9.75,11166600,KBS,2026-10-09T04:33:20Z
2023-09-11,MBB,9.88,9.88,9.57,9.57,15039500,KBS,2026-10-09T04:33:20Z
2023-09-12,MBB,9.63,9.83,9.57,9.83,10919700,KBS,2026-10-09T04:33:20Z
2023-09-13,MBB,9.86,9.88,9.65,9.73,13465900,KBS,2026-10-09T04:33:20Z
2023-09-14,MBB,9.75,9.88,9.7,9.78,14933100,KBS,2026-10-09T04:33:20Z
2023-09-15,MBB,9.8,10.06,9.75,9.91,26331800,KBS,2026-10-09T04:33:20Z
2023-09-18,MBB,9.91,9.91,9.7,9.78,11785300,KBS,2026-10-09T04:33:20Z
2023-09-19,MBB,9.78,9.8,9.65,9.7,11543100,KBS,2026-10-09T04:33:20Z
2023-09-20,MBB,9.73,9.8,9.68,9.8,8913100,KBS,2026-10-09T04:33:20Z
2023-09-21,MBB,9.8,9.88,9.63,9.68,12591900,KBS,2026-10-09T04:33:20Z
2023-09-22,MBB,9.57,9.6,9.35,9.55,18963000,KBS,2026-10-09T04:33:20Z
2023-09-25,MBB,9.55,9.57,9.24,9.24,13427000,KBS,2026-10-09T04:33:20Z
2023-09-26,MBB,9.27,9.42,9.24,9.32,11092100,KBS,2026-10-09T04:33:20Z
2023-09-27,MBB,9.27,9.45,9.27,9.45,8671600,KBS,2026-10-09T04:33:20Z
2023-09-28,MBB,9.37,9.47,9.29,9.45,6705800,KBS,2026-10-09T04:33:20Z
2023-09-29,MBB,9.45,9.52,9.45,9.45,4152200,KBS,2026-10-09T04:33:20Z
2023-10-02,MBB,9.47,9.55,9.4,9.5,4522900,KBS,2026-10-09T04:33:20Z
2023-10-03,MBB,9.4,9.45,9.19,9.22,11258300,KBS,2026-10-09T04:33:20Z
2023-10-04,MBB,9.22,9.32,9.17,9.27,7412300,KBS,2026-10-09T04:33:20Z
2023-10-05,MBB,9.29,9.35,9.19,9.22,7416600,KBS,2026-10-09T04:33:20Z
2023-10-06,MBB,9.22,9.29,9.17,9.27,4861600,KBS,2026-10-09T04:33:20Z
2023-10-09,MBB,9.27,9.35,9.19,9.35,11157200,KBS,2026-10-09T04:33:20Z
2023-10-10,MBB,9.4,9.47,9.37,9.42,7369700,KBS,2026-10-09T04:33:20Z
2023-10-11,MBB,9.4,9.45,9.35,9.45,4804600,KBS,2026-10-09T04:33:20Z
2023-10-12,MBB,9.45,9.47,9.37,9.37,5444000,KBS,2026-10-09T04:33:20Z
2023-10-13,MBB,9.35,9.45,9.32,9.42,5817700,KBS,2026-10-09T04:33:20Z
2023-10-16,MBB,9.42,9.42,9.29,9.29,5461500,KBS,2026-10-09T04:33:20Z
2023-10-17,MBB,9.35,9.42,9.24,9.24,5442800,KBS,2026-10-09T04:33:20Z
2023-10-18,MBB,9.24,9.29,8.99,9.06,10950900,KBS,2026-10-09T04:33:20Z
2023-10-19,MBB,9.06,9.14,8.99,9.01,5647000,KBS,2026-10-09T04:33:20Z
2023-10-20,MBB,9.01,9.19,8.94,9.17,5181500,KBS,2026-10-09T04:33:20Z
2023-10-23,MBB,9.17,9.19,9.04,9.09,3717700,KBS,2026-10-09T04:33:20Z
2023-10-24,MBB,9.09,9.19,9.06,9.14,4385200,KBS,2026-10-09T04:33:20Z
2023-10-25,MBB,9.17,9.22,9.09,9.09,4493500,KBS,2026-10-09T04:33:20Z
2023-10-26,MBB,9.01,9.01,8.71,8.78,12351800,KBS,2026-10-09T04:33:20Z
2023-10-27,MBB,8.81,8.94,8.76,8.91,9068900,KBS,2026-10-09T04:33:20Z
2023-10-30,MBB,8.81,8.91,8.68,8.68,3338400,KBS,2026-10-09T04:33:20Z
2023-10-31,MBB,8.78,8.84,8.66,8.73,6590100,KBS,2026-10-09T04:33:20Z
2023-11-01,MBB,8.78,8.84,8.73,8.78,5320800,KBS,2026-10-09T04:33:20Z
2023-11-02,MBB,8.86,9.06,8.84,9.04,6927200,KBS,2026-10-09T04:33:20Z
2023-11-03,MBB,9.09,9.12,8.89,8.89,11866000,KBS,2026-10-09T04:33:20Z
2023-11-06,MBB,8.99,9.19,8.96,9.17,8669400,KBS,2026-10-09T04:33:20Z
2023-11-07,MBB,9.17,9.19,9.04,9.09,4536900,KBS,2026-10-09T04:33:20Z
2023-11-08,MBB,9.09,9.4,9.04,9.37,10717500,KBS,2026-10-09T04:33:20Z
2023-11-09,MBB,9.4,9.45,9.32,9.37,9726700,KBS,2026-10-09T04:33:20Z
2023-11-10,MBB,9.29,9.4,9.17,9.19,12805000,KBS,2026-10-09T04:33:20Z
2023-11-13,MBB,9.19,9.27,9.12,9.24,6653200,KBS,2026-10-09T04:33:20Z
2023-11-14,MBB,9.27,9.52,9.27,9.42,13834400,KBS,2026-10-09T04:33:20Z
2023-11-15,MBB,9.55,9.57,9.42,9.47,13588700,KBS,2026-10-09T04:33:20Z
2023-11-16,MBB,9.42,9.47,9.37,9.45,5071800,KBS,2026-10-09T04:33:20Z
2023-11-17,MBB,9.5,9.5,9.14,9.29,13289500,KBS,2026-10-09T04:33:20Z
2023-11-20,MBB,9.06,9.32,9.06,9.19,8981200,KBS,2026-10-09T04:33:20Z
2023-11-21,MBB,9.29,9.32,9.17,9.24,5856100,KBS,2026-10-09T04:33:20Z
2023-11-22,MBB,9.27,9.27,9.17,9.22,7610300,KBS,2026-10-09T04:33:20Z
2023-11-23,MBB,9.24,9.27,9.14,9.14,7027300,KBS,2026-10-09T04:33:20Z
2023-11-24,MBB,9.14,9.19,8.99,9.12,8018700,KBS,2026-10-09T04:33:20Z
2023-11-27,MBB,9.12,9.17,8.96,8.99,7109700,KBS,2026-10-09T04:33:20Z
2023-11-28,MBB,8.99,9.14,8.91,9.12,6648000,KBS,2026-10-09T04:33:20Z
2023-11-29,MBB,9.09,9.14,9.04,9.12,5445800,KBS,2026-10-09T04:33:20Z
2023-11-30,MBB,9.12,9.17,9.06,9.09,5666600,KBS,2026-10-09T04:33:20Z
2023-12-01,MBB,9.12,9.12,9.04,9.09,4410300,KBS,2026-10-09T04:33:20Z
2023-12-04,MBB,9.09,9.24,9.09,9.22,17334900,KBS,2026-10-09T04:33:20Z
2023-12-05,MBB,9.22,9.24,9.17,9.22,6116600,KBS,2026-10-09T04:33:20Z
2023-12-06,MBB,9.22,9.27,9.19,9.24,7014600,KBS,2026-10-09T04:33:20Z
2023-12-07,MBB,9.27,9.37,9.22,9.32,13916000,KBS,2026-10-09T04:33:20Z
2023-12-08,MBB,9.32,9.37,9.27,9.29,7469400,KBS,2026-10-09T04:33:20Z
2023-12-11,MBB,9.29,9.32,9.22,9.27,4875100,KBS,2026-10-09T04:33:20Z
2023-12-12,MBB,9.27,9.32,9.24,9.32,4876200,KBS,2026-10-09T04:33:20Z
2023-12-13,MBB,9.32,9.37,9.22,9.22,7175500,KBS,2026-10-09T04:33:20Z
2023-12-14,MBB,9.27,9.29,9.19,9.22,5301300,KBS,2026-10-09T04:33:20Z
2023-12-15,MBB,9.22,9.29,9.19,9.22,5540900,KBS,2026-10-09T04:33:20Z
2023-12-18,MBB,9.22,9.27,9.17,9.19,5275400,KBS,2026-10-09T04:33:20Z
2023-12-19,MBB,9.19,9.29,9.17,9.27,5896500,KBS,2026-10-09T04:33:20Z
2023-12-20,MBB,9.27,9.29,9.22,9.27,3086000,KBS,2026-10-09T04:33:20Z
2023-12-21,MBB,9.24,9.27,9.19,9.27,3981300,KBS,2026-10-09T04:33:20Z
2023-12-22,MBB,9.27,9.42,9.24,9.35,8546800,KBS,2026-10-09T04:33:20Z
2023-12-25,MBB,9.37,9.47,9.35,9.4,6586700,KBS,2026-10-09T04:33:20Z
2023-12-26,MBB,9.4,9.45,9.35,9.42,4260100,KBS,2026-10-09T04:33:20Z
2023-12-27,MBB,9.45,9.45,9.37,9.4,5784500,KBS,2026-10-09T04:33:20Z
2023-12-28,MBB,9.4,9.5,9.37,9.47,9880100,KBS,2026-10-09T04:33:20Z
2023-12-29,MBB,9.5,9.63,9.47,9.52,13814600,KBS,2026-10-09T04:33:20Z
2024-01-02,MBB,9.55,9.7,9.52,9.63,13785400,KBS,2026-10-09T04:33:20Z
2024-01-03,MBB,9.57,9.8,9.55,9.78,13854700,KBS,2026-10-09T04:33:20Z
2024-01-04,MBB,9.78,10.44,9.78,10.26,49414900,KBS,2026-10-09T04:33:20Z
2024-01-05,MBB,10.26,10.47,10.26,10.47,22517200,KBS,2026-10-09T04:33:20Z
2024-01-08,MBB,10.52,10.65,10.42,10.57,20147300,KBS,2026-10-09T04:33:20Z
2024-01-09,MBB,10.6,10.67,10.47,10.65,19794000,KBS,2026-10-09T04:33:20Z
2024-01-10,MBB,10.65,10.8,10.55,10.67,24684700,KBS,2026-10-09T04:33:20Z
2024-01-11,MBB,10.67,10.78,10.47,10.55,24683900,KBS,2026-10-09T04:33:20Z
2024-01-12,MBB,10.47,11.0,10.42,10.9,45903400,KBS,2026-10-09T04:33:20Z
2024-01-15,MBB,10.98,11.18,10.93,10.95,25082400,KBS,2026-10-09T04:33:20Z
2024-01-16,MBB,10.95,10.98,10.8,10.98,17491400,KBS,2026-10-09T04:33:20Z
2024-01-17,MBB,11.03,11.13,10.88,10.98,20484100,KBS,2026-10-09T04:33:20Z
2024-01-18,MBB,10.93,11.11,10.88,11.08,23623500,KBS,2026-10-09T04:33:20Z
2024-01-19,MBB,11.13,11.31,11.08,11.26,21610300,KBS,2026-10-09T04:33:20Z
2024-01-22,MBB,11.39,11.52,11.24,11.29,29129500,KBS,2026-10-09T04:33:20Z
2024-01-23,MBB,11.29,11.41,11.18,11.21,15904700,KBS,2026-10-09T04:33:20Z
2024-01-24,MBB,11.16,11.31,11.13,11.18,12689700,KBS,2026-10-09T04:33:20Z
2024-01-25,MBB,11.21,11.21,11.08,11.18,14697100,KBS,2026-10-09T04:33:20Z
2024-01-26,MBB,11.18,11.31,11.18,11.24,9493000,KBS,2026-10-09T04:33:20Z
2024-01-29,MBB,11.24,11.46,11.24,11.31,15667000,KBS,2026-10-09T04:33:20Z
2024-01-30,MBB,11.31,11.36,11.16,11.29,14352700,KBS,2026-10-09T04:33:20Z
2024-01-31,MBB,11.36,11.36,11.06,11.11,27845100,KBS,2026-10-09T04:33:20Z
2024-02-01,MBB,11.08,11.21,11.03,11.18,11396700,KBS,2026-10-09T04:33:20Z
2024-02-02,MBB,11.18,11.24,11.11,11.11,15083600,KBS,2026-10-09T04:33:20Z
2024-02-05,MBB,11.11,11.82,11.11,11.72,37093300,KBS,2026-10-09T04:33:20Z
2024-02-06,MBB,11.75,11.82,11.72,11.77,11519300,KBS,2026-10-09T04:33:20Z
2024-02-07,MBB,11.8,12.1,11.8,12.0,21181800,KBS,2026-10-09T04:33:20Z
2024-02-15,MBB,12.1,12.36,12.03,12.33,24091300,KBS,2026-10-09T04:33:20Z
2024-02-16,MBB,12.31,12.31,12.1,12.26,16165200,KBS,2026-10-09T04:33:20Z
2024-02-19,MBB,12.26,12.31,12.05,12.23,20952600,KBS,2026-10-09T04:33:20Z
2024-02-20,MBB,12.18,12.31,12.08,12.18,20313600,KBS,2026-10-09T04:33:20Z
2024-02-21,MBB,12.18,12.36,12.1,12.26,24984200,KBS,2026-10-09T04:33:20Z
2024-02-22,MBB,12.26,12.31,12.18,12.23,14943900,KBS,2026-10-09T04:33:20Z
2024-02-23,MBB,12.26,12.61,12.13,12.2,49051800,KBS,2026-10-09T04:33:20Z
2024-02-26,MBB,12.2,12.28,12.08,12.26,21383500,KBS,2026-10-09T04:33:20Z
2024-02-27,MBB,12.28,12.49,12.18,12.38,22906700,KBS,2026-10-09T04:33:20Z
2024-02-28,MBB,12.44,12.54,12.33,12.46,19275500,KBS,2026-10-09T04:33:20Z
2024-02-29,MBB,12.51,12.54,12.23,12.33,24034500,KBS,2026-10-09T04:33:20Z
2024-03-01,MBB,12.31,12.33,12.15,12.26,20474600,KBS,2026-10-09T04:33:20Z
2024-03-04,MBB,12.31,12.49,12.13,12.36,31949800,KBS,2026-10-09T04:33:20Z
2024-03-05,MBB,12.36,12.59,12.31,12.56,22768900,KBS,2026-10-09T04:33:20Z
2024-03-06,MBB,12.56,12.84,12.44,12.56,29870100,KBS,2026-10-09T04:33:20Z
2024-03-07,MBB,12.61,12.66,12.44,12.46,19759000,KBS,2026-10-09T04:33:20Z
2024-03-08,MBB,12.51,12.51,12.05,12.05,49382200,KBS,2026-10-09T04:33:20Z
2024-03-11,MBB,12.03,12.05,11.64,11.72,34911300,KBS,2026-10-09T04:33:20Z
2024-03-12,MBB,11.7,11.87,11.62,11.8,19120400,KBS,2026-10-09T04:33:20Z
2024-03-13,MBB,11.8,12.18,11.8,12.18,15265200,KBS,2026-10-09T04:33:20Z
2024-03-14,MBB,12.23,12.23,11.95,11.98,18358800,KBS,2026-10-09T04:33:20Z
2024-03-15,MBB,11.98,12.18,11.82,12.15,18886100,KBS,2026-10-09T04:33:20Z
2024-03-18,MBB,12.13,12.15,11.44,11.85,31782600,KBS,2026-10-09T04:33:20Z
2024-03-19,MBB,11.85,11.92,11.72,11.85,13605300,KBS,2026-10-09T04:33:20Z
2024-03-20,MBB,11.85,12.46,11.8,12.33,39357200,KBS,2026-10-09T04:33:20Z
2024-03-21,MBB,12.41,12.64,12.31,12.64,27089700,KBS,2026-10-09T04:33:20Z
2024-03-22,MBB,12.77,13.12,12.69,12.79,41534600,KBS,2026-10-09T04:33:20Z
2024-03-25,MBB,12.79,12.95,12.56,12.61,21215200,KBS,2026-10-09T04:33:20Z
2024-03-26,MBB,12.61,12.9,12.56,12.9,15606500,KBS,2026-10-09T04:33:20Z
2024-03-27,MBB,12.9,12.97,12.77,12.92,11404900,KBS,2026-10-09T04:33:20Z
2024-03-28,MBB,13.1,13.12,12.87,13.02,15988900,KBS,2026-10-09T04:33:20Z
2024-03-29,MBB,13.05,13.05,12.84,12.97,11652100,KBS,2026-10-09T04:33:20Z
2024-04-01,MBB,12.87,12.9,12.61,12.72,19236200,KBS,2026-10-09T04:33:20Z
2024-04-02,MBB,12.56,12.66,12.36,12.66,28974400,KBS,2026-10-09T04:33:20Z
2024-04-03,MBB,12.66,12.66,12.36,12.36,22559800,KBS,2026-10-09T04:33:20Z
2024-04-04,MBB,12.36,12.38,12.15,12.15,27793500,KBS,2026-10-09T04:33:20Z
2024-04-05,MBB,12.03,12.13,11.9,11.92,25376700,KBS,2026-10-09T04:33:20Z
2024-04-08,MBB,11.95,12.15,11.82,12.0,24714800,KBS,2026-10-09T04:33:20Z
2024-04-09,MBB,12.0,12.26,11.95,12.26,15734800,KBS,2026-10-09T04:33:20Z
2024-04-10,MBB,12.41,12.44,12.15,12.15,21078100,KBS,2026-10-09T04:33:20Z
2024-04-11,MBB,12.0,12.18,11.95,12.13,9011600,KBS,2026-10-09T04:33:20Z
2024-04-12,MBB,12.18,12.61,12.13,12.59,23911200,KBS,2026-10-09T04:33:20Z
2024-04-15,MBB,12.49,12.79,11.75,11.95,47595100,KBS,2026-10-09T04:33:20Z
2024-04-16,MBB,11.95,12.2,11.77,12.2,32717500,KBS,2026-10-09T04:33:20Z
2024-04-17,MBB,12.26,12.28,11.8,11.8,23979900,KBS,2026-10-09T04:33:20Z
2024-04-19,MBB,11.54,11.9,11.54,11.59,28182700,KBS,2026-10-09T04:33:20Z
2024-04-22,MBB,11.64,11.77,11.52,11.54,17581500,KBS,2026-10-09T04:33:20Z
2024-04-23,MBB,11.54,11.59,11.11,11.24,31998000,KBS,2026-10-09T04:33:20Z
2024-04-24,MBB,11.34,11.57,11.21,11.52,18650800,KBS,2026-10-09T04:33:20Z
2024-04-25,MBB,11.54,11.54,11.31,11.36,13003200,KBS,2026-10-09T04:33:20Z
2024-04-26,MBB,11.24,11.46,11.24,11.36,13332200,KBS,2026-10-09T04:33:20Z
2024-05-02,MBB,11.39,11.52,11.34,11.44,11078300,KBS,2026-10-09T04:33:20Z
2024-05-03,MBB,11.54,11.64,11.39,11.44,11857800,KBS,2026-10-09T04:33:20Z
2024-05-06,MBB,11.52,11.72,11.52,11.7,16199300,KBS,2026-10-09T04:33:20Z
2024-05-07,MBB,11.75,11.77,11.57,11.62,9604700,KBS,2026-10-09T04:33:20Z
2024-05-08,MBB,11.44,11.59,11.39,11.52,21437700,KBS,2026-10-09T04:33:20Z
2024-05-09,MBB,11.54,11.64,11.41,11.57,15643200,KBS,2026-10-09T04:33:20Z
2024-05-10,MBB,11.62,11.7,11.49,11.54,11418400,KBS,2026-10-09T04:33:20Z
2024-05-13,MBB,11.54,11.75,11.54,11.57,14003500,KBS,2026-10-09T04:33:20Z
2024-05-14,MBB,11.7,11.85,11.59,11.67,16668300,KBS,2026-10-09T04:33:20Z
2024-05-15,MBB,11.72,11.77,11.64,11.7,15300500,KBS,2026-10-09T04:33:20Z
2024-05-16,MBB,11.82,12.03,11.75,11.95,31430700,KBS,2026-10-09T04:33:20Z
2024-05-17,MBB,11.98,11.98,11.82,11.87,15465900,KBS,2026-10-09T04:33:20Z
2024-05-20,MBB,12.05,12.05,11.95,11.98,17925500,KBS,2026-10-09T04:33:20Z
2024-05-21,MBB,11.98,12.05,11.87,12.05,16402300,KBS,2026-10-09T04:33:20Z
2024-05-22,MBB,12.05,12.08,11.85,11.85,20042500,KBS,2026-10-09T04:33:20Z
2024-05-23,MBB,11.85,11.93,11.74,11.9,13080600,KBS,2026-10-09T04:33:20Z
2024-05-24,MBB,11.77,12.16,11.56,11.72,36358800,KBS,2026-10-09T04:33:20Z
2024-05-27,MBB,11.8,11.8,11.66,11.72,7993800,KBS,2026-10-09T04:33:20Z
2024-05-28,MBB,11.85,11.87,11.66,11.8,13107300,KBS,2026-10-09T04:33:20Z
2024-05-29,MBB,11.8,11.82,11.64,11.64,17108200,KBS,2026-10-09T04:33:20Z
2024-05-30,MBB,11.54,11.56,11.33,11.4,28814000,KBS,2026-10-09T04:33:20Z
2024-05-31,MBB,11.4,11.48,11.35,11.35,14933500,KBS,2026-10-09T04:33:20Z
2024-06-03,MBB,11.46,11.9,11.46,11.8,24703500,KBS,2026-10-09T04:33:20Z
2024-06-04,MBB,11.87,11.9,11.74,11.74,9038600,KBS,2026-10-09T04:33:20Z
2024-06-05,MBB,11.77,11.85,11.59,11.59,13657100,KBS,2026-10-09T04:33:20Z
2024-06-06,MBB,11.69,11.8,11.64,11.66,10011500,KBS,2026-10-09T04:33:20Z
2024-06-07,MBB,11.77,11.82,11.64,11.72,8474500,KBS,2026-10-09T04:33:20Z
2024-06-10,MBB,11.77,11.95,11.74,11.82,13347000,KBS,2026-10-09T04:33:20Z
2024-06-11,MBB,11.82,11.85,11.72,11.77,10558200,KBS,2026-10-09T04:33:20Z
2024-06-12,MBB,11.77,12.06,11.69,12.06,25203000,KBS,2026-10-09T04:33:20Z
2024-06-13,MBB,12.11,12.37,12.08,12.29,38953200,KBS,2026-10-09T04:33:20Z
2024-06-14,MBB,12.53,12.53,12.06,12.06,25524200,KBS,2026-10-09T04:33:20Z
2024-06-17,MBB,12.21,12.21,11.98,12.14,17057500,KBS,2026-10-09T04:33:20Z
2024-06-18,MBB,12.26,12.29,12.14,12.14,11960200,KBS,2026-10-09T04:33:20Z
2024-06-19,MBB,12.21,12.24,12.03,12.16,13277700,KBS,2026-10-09T04:33:20Z
2024-06-20,MBB,12.21,12.24,12.08,12.14,13693800,KBS,2026-10-09T04:33:20Z
2024-06-21,MBB,12.14,12.19,12.06,12.11,10133400,KBS,2026-10-09T04:33:20Z
2024-06-24,MBB,12.06,12.11,11.77,11.82,25433000,KBS,2026-10-09T04:33:20Z
2024-06-25,MBB,11.85,11.93,11.74,11.8,8882600,KBS,2026-10-09T04:33:20Z
2024-06-26,MBB,11.8,11.82,11.66,11.74,11084000,KBS,2026-10-09T04:33:20Z
2024-06-27,MBB,11.72,11.8,11.69,11.74,6168000,KBS,2026-10-09T04:33:20Z
2024-06-28,MBB,11.77,11.77,11.59,11.59,9571200,KBS,2026-10-09T04:33:20Z
2024-07-01,MBB,11.61,11.72,11.56,11.72,4131300,KBS,2026-10-09T04:33:20Z
2024-07-02,MBB,11.74,11.93,11.72,11.85,9933300,KBS,2026-10-09T04:33:20Z
2024-07-03,MBB,11.9,11.98,11.8,11.95,7022000,KBS,2026-10-09T04:33:20Z
2024-07-04,MBB,11.95,12.0,11.8,11.9,5713700,KBS,2026-10-09T04:33:20Z
2024-07-05,MBB,11.9,11.93,11.8,11.9,6230800,KBS,2026-10-09T04:33:20Z
2024-07-08,MBB,11.9,11.98,11.8,11.85,7042600,KBS,2026-10-09T04:33:20Z
2024-07-09,MBB,11.9,12.08,11.82,12.08,13428600,KBS,2026-10-09T04:33:20Z
2024-07-10,MBB,12.08,12.32,12.08,12.16,19192200,KBS,2026-10-09T04:33:20Z
2024-07-11,MBB,12.24,12.26,12.06,12.06,7698300,KBS,2026-10-09T04:33:20Z
2024-07-12,MBB,11.98,12.11,11.95,12.0,7369600,KBS,2026-10-09T04:33:20Z
2024-07-15,MBB,12.03,12.11,11.98,12.03,4409400,KBS,2026-10-09T04:33:20Z
2024-07-16,MBB,12.06,12.5,12.03,12.29,24769400,KBS,2026-10-09T04:33:20Z
2024-07-17,MBB,12.42,13.13,12.29,12.79,72360100,KBS,2026-10-09T04:33:20Z
2024-07-18,MBB,12.84,13.05,12.58,13.0,30072900,KBS,2026-10-09T04:33:20Z
2024-07-19,MBB,13.0,13.39,12.94,13.26,45583300,KBS,2026-10-09T04:33:20Z
2024-07-22,MBB,13.2,13.44,12.87,13.15,33806600,KBS,2026-10-09T04:33:20Z
2024-07-23,MBB,13.23,13.23,12.42,12.47,47896200,KBS,2026-10-09T04:33:20Z
2024-07-24,MBB,12.42,12.66,12.34,12.5,25838700,KBS,2026-10-09T04:33:20Z
2024-07-25,MBB,12.45,12.58,12.26,12.5,20386600,KBS,2026-10-09T04:33:20Z
2024-07-26,MBB,12.47,12.71,12.45,12.68,12160400,KBS,2026-10-09T04:33:20Z
2024-07-29,MBB,12.76,12.76,12.58,12.58,9503000,KBS,2026-10-09T04:33:20Z
2024-07-30,MBB,12.58,12.79,12.45,12.79,19571700,KBS,2026-10-09T04:33:20Z
2024-07-31,MBB,12.79,13.0,12.63,12.74,20396300,KBS,2026-10-09T04:33:20Z
2024-08-01,MBB,12.74,12.81,12.14,12.21,32341200,KBS,2026-10-09T04:33:20Z
2024-08-02,MBB,12.0,12.42,12.0,12.42,23767000,KBS,2026-10-09T04:33:20Z
2024-08-05,MBB,12.03,12.29,11.9,11.98,31221800,KBS,2026-10-09T04:33:20Z
2024-08-06,MBB,12.11,12.26,12.0,12.21,16963800,KBS,2026-10-09T04:33:20Z
2024-08-07,MBB,12.21,12.26,12.11,12.19,10207600,KBS,2026-10-09T04:33:20Z
2024-08-08,MBB,12.16,12.26,12.0,12.03,10204400,KBS,2026-10-09T04:33:20Z
2024-08-09,MBB,12.11,12.26,12.11,12.24,8470400,KBS,2026-10-09T04:33:20Z
2024-08-12,MBB,12.26,12.37,12.19,12.37,10231700,KBS,2026-10-09T04:33:20Z
2024-08-13,MBB,12.34,12.4,12.21,12.32,6721200,KBS,2026-10-09T04:33:20Z
2024-08-14,MBB,12.4,12.4,12.21,12.21,6574600,KBS,2026-10-09T04:33:20Z
2024-08-15,MBB,12.21,12.29,12.14,12.14,7883800,KBS,2026-10-09T04:33:20Z
2024-08-16,MBB,12.21,12.58,12.19,12.55,21005900,KBS,2026-10-09T04:33:20Z
2024-08-19,MBB,12.58,12.66,12.5,12.55,8940400,KBS,2026-10-09T04:33:20Z
2024-08-20,MBB,12.58,12.79,12.55,12.66,16378100,KBS,2026-10-09T04:33:20Z
2024-08-21,MBB,12.66,12.94,12.55,12.92,21525300,KBS,2026-10-09T04:33:20Z
2024-08-22,MBB,12.97,13.0,12.74,12.74,13070300,KBS,2026-10-09T04:33:20Z
2024-08-23,MBB,12.74,12.87,12.68,12.81,9573700,KBS,2026-10-09T04:33:20Z
2024-08-26,MBB,12.89,12.94,12.68,12.76,10218000,KBS,2026-10-09T04:33:20Z
2024-08-27,MBB,12.71,12.79,12.68,12.74,10098000,KBS,2026-10-09T04:33:20Z
2024-08-28,MBB,12.76,12.89,12.71,12.87,12094000,KBS,2026-10-09T04:33:20Z
2024-08-29,MBB,12.87,13.15,12.87,12.97,22617900,KBS,2026-10-09T04:33:20Z
2024-08-30,MBB,12.97,13.05,12.94,12.97,8869300,KBS,2026-10-09T04:33:20Z
2024-09-04,MBB,12.76,12.84,12.71,12.74,15149200,KBS,2026-10-09T04:33:20Z
2024-09-05,MBB,12.74,12.89,12.47,12.5,16458100,KBS,2026-10-09T04:33:20Z
2024-09-06,MBB,12.47,12.55,12.4,12.53,14681100,KBS,2026-10-09T04:33:20Z
2024-09-09,MBB,12.47,12.5,12.4,12.5,7767200,KBS,2026-10-09T04:33:20Z
2024-09-10,MBB,12.55,12.63,12.34,12.4,12381300,KBS,2026-10-09T04:33:20Z
2024-09-11,MBB,12.4,12.55,12.26,12.47,9689000,KBS,2026-10-09T04:33:20Z
2024-09-12,MBB,12.53,12.6,12.5,12.53,5629000,KBS,2026-10-09T04:33:20Z
2024-09-13,MBB,12.55,12.55,12.45,12.47,4397400,KBS,2026-10-09T04:33:20Z
2024-09-16,MBB,12.47,12.66,12.45,12.47,8418300,KBS,2026-10-09T04:33:20Z
2024-09-17,MBB,12.53,12.66,12.42,12.66,8279900,KBS,2026-10-09T04:33:20Z
2024-09-18,MBB,12.68,12.84,12.6,12.74,13554500,KBS,2026-10-09T04:33:20Z
2024-09-19,MBB,12.76,12.81,12.71,12.74,6720200,KBS,2026-10-09T04:33:20Z
2024-09-20,MBB,12.81,13.05,12.81,12.92,26323600,KBS,2026-10-09T04:33:20Z
2024-09-23,MBB,12.94,13.26,12.94,12.94,18841400,KBS,2026-10-09T04:33:20Z
2024-09-24,MBB,13.0,13.2,12.94,13.18,17579900,KBS,2026-10-09T04:33:20Z
2024-09-25,MBB,13.26,13.52,13.23,13.44,32046100,KBS,2026-10-09T04:33:20Z
2024-09-26,MBB,13.44,13.54,13.31,13.41,26475400,KBS,2026-10-09T04:33:20Z
2024-09-27,MBB,13.41,13.65,13.36,13.41,18136400,KBS,2026-10-09T04:33:20Z
2024-09-30,MBB,13.28,13.47,13.28,13.41,14401600,KBS,2026-10-09T04:33:20Z
2024-10-01,MBB,13.44,13.65,13.39,13.39,18768300,KBS,2026-10-09T04:33:20Z
2024-10-02,MBB,13.34,13.49,13.31,13.41,12817100,KBS,2026-10-09T04:33:20Z
2024-10-03,MBB,13.39,13.62,13.26,13.31,20995600,KBS,2026-10-09T04:33:20Z
2024-10-04,MBB,13.31,13.31,13.1,13.1,18601300,KBS,2026-10-09T04:33:20Z
2024-10-07,MBB,13.2,13.26,13.05,13.15,10186200,KBS,2026-10-09T04:33:20Z
2024-10-08,MBB,13.15,13.31,13.1,13.15,11968400,KBS,2026-10-09T04:33:20Z
2024-10-09,MBB,13.2,13.39,13.18,13.36,14336900,KBS,2026-10-09T04:33:20Z
2024-10-10,MBB,13.41,13.54,13.31,13.31,12327300,KBS,2026-10-09T04:33:20Z
2024-10-11,MBB,13.31,13.36,13.23,13.34,6485000,KBS,2026-10-09T04:33:20Z
2024-10-14,MBB,13.39,13.62,13.31,13.49,15572800,KBS,2026-10-09T04:33:20Z
2024-10-15,MBB,13.54,13.62,13.39,13.39,15413400,KBS,2026-10-09T04:33:20Z
2024-10-16,MBB,13.39,13.39,13.26,13.31,10829400,KBS,2026-10-09T04:33:20Z
2024-10-17,MBB,13.34,13.52,13.23,13.52,11681000,KBS,2026-10-09T04:33:20Z
2024-10-18,MBB,13.57,13.68,13.41,13.44,18478000,KBS,2026-10-09T04:33:20Z
2024-10-21,MBB,13.44,13.52,13.34,13.34,9410500,KBS,2026-10-09T04:33:20Z
2024-10-22,MBB,13.31,13.39,13.13,13.18,20327200,KBS,2026-10-09T04:33:20Z
2024-10-23,MBB,13.18,13.23,13.13,13.18,11634500,KBS,2026-10-09T04:33:20Z
2024-10-24,MBB,13.18,13.26,12.89,12.89,16246700,KBS,2026-10-09T04:33:20Z
2024-10-25,MBB,12.94,12.94,12.81,12.87,10606300,KBS,2026-10-09T04:33:20Z
2024-10-28,MBB,12.92,12.97,12.87,12.94,3872900,KBS,2026-10-09T04:33:20Z
2024-10-29,MBB,13.0,13.1,12.97,13.05,5342200,KBS,2026-10-09T04:33:20Z
2024-10-30,MBB,13.05,13.13,12.89,13.05,6320000,KBS,2026-10-09T04:33:20Z
2024-10-31,MBB,13.05,13.15,12.94,13.07,6662200,KBS,2026-10-09T04:33:20Z
2024-11-01,MBB,13.02,13.07,12.84,12.84,9317300,KBS,2026-10-09T04:33:20Z
2024-11-04,MBB,12.89,12.92,12.74,12.76,11901500,KBS,2026-10-09T04:33:20Z
2024-11-05,MBB,12.81,12.84,12.74,12.76,6496400,KBS,2026-10-09T04:33:20Z
2024-11-06,MBB,12.87,13.0,12.79,12.97,6561400,KBS,2026-10-09T04:33:20Z
2024-11-07,MBB,13.05,13.05,12.94,12.94,4721700,KBS,2026-10-09T04:33:20Z
2024-11-08,MBB,12.97,13.0,12.74,12.81,7681300,KBS,2026-10-09T04:33:20Z
2024-11-11,MBB,12.81,12.84,12.5,12.68,17138000,KBS,2026-10-09T04:33:20Z
2024-11-12,MBB,12.68,12.71,12.58,12.58,8810800,KBS,2026-10-09T04:33:20Z
2024-11-13,MBB,12.58,12.66,12.45,12.6,10658900,KBS,2026-10-09T04:33:20Z
2024-11-14,MBB,12.58,12.58,12.42,12.42,8429800,KBS,2026-10-09T04:33:20Z
2024-11-15,MBB,12.37,12.42,12.26,12.26,11785200,KBS,2026-10-09T04:33:20Z
2024-11-18,MBB,12.26,12.34,12.06,12.21,15027600,KBS,2026-10-09T04:33:20Z
2024-11-19,MBB,12.26,12.32,12.08,12.08,7581900,KBS,2026-10-09T04:33:20Z
2024-11-20,MBB,12.08,12.37,12.08,12.29,9713500,KBS,2026-10-09T04:33:20Z
2024-11-21,MBB,12.32,12.53,12.21,12.53,6580200,KBS,2026-10-09T04:33:20Z
2024-11-22,MBB,12.5,12.63,12.47,12.53,7345500,KBS,2026-10-09T04:33:20Z
2024-11-25,MBB,12.53,12.55,12.47,12.5,4808800,KBS,2026-10-09T04:33:20Z
2024-11-26,MBB,12.55,12.63,12.53,12.58,4436300,KBS,2026-10-09T04:33:20Z
2024-11-27,MBB,12.53,12.66,12.47,12.58,4073600,KBS,2026-10-09T04:33:20Z
2024-11-28,MBB,12.63,12.66,12.53,12.53,6587200,KBS,2026-10-09T04:33:20Z
2024-11-29,MBB,12.55,12.6,12.5,12.6,4338100,KBS,2026-10-09T04:33:20Z
2024-12-02,MBB,12.63,12.68,12.55,12.6,4110300,KBS,2026-10-09T04:33:20Z
2024-12-03,MBB,12.6,12.63,12.5,12.5,6576600,KBS,2026-10-09T04:33:20Z
2024-12-04,MBB,12.47,12.53,12.42,12.45,6135700,KBS,2026-10-09T04:33:20Z
2024-12-05,MBB,12.45,12.84,12.42,12.81,10559800,KBS,2026-10-09T04:33:20Z
2024-12-06,MBB,12.84,12.84,12.71,12.71,6119000,KBS,2026-10-09T04:33:20Z
2024-12-09,MBB,12.74,12.81,12.66,12.74,5848600,KBS,2026-10-09T04:33:20Z
2024-12-10,MBB,12.74,12.79,12.66,12.66,5009700,KBS,2026-10-09T04:33:20Z
2024-12-11,MBB,12.66,12.74,12.58,12.68,5623000,KBS,2026-10-09T04:33:20Z
2024-12-12,MBB,12.74,12.81,12.68,12.68,5748500,KBS,2026-10-09T04:33:20Z
2024-12-13,MBB,12.66,12.71,12.63,12.66,4396300,KBS,2026-10-09T04:33:20Z
2024-12-16,MBB,12.66,12.71,12.53,12.58,5691600,KBS,2026-10-09T04:33:20Z
2024-12-17,MBB,12.55,12.63,12.55,12.6,3867900,KBS,2026-10-09T04:33:20Z
2024-12-18,MBB,12.6,12.63,12.55,12.63,3778700,KBS,2026-10-09T04:33:20Z
2024-12-19,MBB,12.42,12.55,12.42,12.45,10456300,KBS,2026-10-09T04:33:20Z
2024-12-20,MBB,12.45,12.53,12.42,12.53,4123400,KBS,2026-10-09T04:33:20Z
2024-12-23,MBB,12.53,12.6,12.53,12.55,3290600,KBS,2026-10-09T04:33:20Z
2024-12-24,MBB,12.55,12.55,12.45,12.47,3479800,KBS,2026-10-09T04:33:20Z
2024-12-25,MBB,12.5,12.94,12.5,12.76,14819900,KBS,2026-10-09T04:33:20Z
2024-12-26,MBB,12.79,13.0,12.76,13.0,19904600,KBS,2026-10-09T04:33:20Z
2024-12-27,MBB,13.07,13.2,13.05,13.07,16701900,KBS,2026-10-09T04:33:20Z
2024-12-30,MBB,13.13,13.13,12.94,12.94,11064900,KBS,2026-10-09T04:33:20Z
2024-12-31,MBB,12.94,13.1,12.94,13.1,11241300,KBS,2026-10-09T04:33:20Z
2025-01-02,MBB,13.13,13.28,13.07,13.15,12435800,KBS,2026-10-09T04:33:20Z
2025-01-03,MBB,13.15,13.15,12.89,12.89,11035600,KBS,2026-10-09T04:33:20Z
2025-01-06,MBB,12.89,13.0,12.74,12.74,14555800,KBS,2026-10-09T04:33:20Z
2025-01-07,MBB,13.04,13.04,12.74,13.0,11801300,KBS,2026-10-09T04:33:20Z
2025-01-08,MBB,12.88,13.04,12.88,12.98,6536100,KBS,2026-10-09T04:33:20Z
2025-01-09,MBB,12.98,13.04,12.88,12.92,4367500,KBS,2026-10-09T04:33:20Z
2025-01-10,MBB,12.88,12.92,12.7,12.7,8681700,KBS,2026-10-09T04:33:20Z
2025-01-13,MBB,12.7,12.92,12.58,12.92,7871600,KBS,2026-10-09T04:33:20Z
2025-01-14,MBB,12.86,12.92,12.7,12.8,5736000,KBS,2026-10-09T04:33:20Z
2025-01-15,MBB,12.88,12.92,12.8,12.82,4726200,KBS,2026-10-09T04:33:20Z
2025-01-16,MBB,12.92,12.98,12.82,12.86,7329100,KBS,2026-10-09T04:33:20Z
2025-01-17,MBB,12.92,12.92,12.82,12.92,4483700,KBS,2026-10-09T04:33:20Z
2025-01-20,MBB,12.92,13.19,12.92,13.13,8238800,KBS,2026-10-09T04:33:20Z
2025-01-21,MBB,13.19,13.25,13.07,13.13,6770200,KBS,2026-10-09T04:33:20Z
2025-01-22,MBB,13.19,13.19,13.07,13.1,5961800,KBS,2026-10-09T04:33:20Z
2025-01-23,MBB,13.16,13.37,13.1,13.34,13735100,KBS,2026-10-09T04:33:20Z
2025-01-24,MBB,13.25,13.49,13.25,13.46,9798300,KBS,2026-10-09T04:33:20Z
2025-02-03,MBB,13.25,13.37,13.19,13.25,9087900,KBS,2026-10-09T04:33:20Z
2025-02-04,MBB,13.34,13.58,13.28,13.49,11057300,KBS,2026-10-09T04:33:20Z
2025-02-05,MBB,13.52,13.55,13.4,13.52,7229500,KBS,2026-10-09T04:33:20Z
2025-02-06,MBB,13.55,13.79,13.55,13.58,10756200,KBS,2026-10-09T04:33:20Z
2025-02-07,MBB,13.64,13.82,13.46,13.67,14192900,KBS,2026-10-09T04:33:20Z
2025-02-10,MBB,13.64,13.97,13.49,13.76,19336200,KBS,2026-10-09T04:33:20Z
2025-02-11,MBB,13.82,13.82,13.73,13.82,7739300,KBS,2026-10-09T04:33:20Z
2025-02-12,MBB,13.82,13.85,13.64,13.64,7185700,KBS,2026-10-09T04:33:20Z
2025-02-13,MBB,13.73,13.76,13.58,13.76,7458100,KBS,2026-10-09T04:33:20Z
2025-02-14,MBB,13.82,13.82,13.7,13.73,8160100,KBS,2026-10-09T04:33:20Z
2025-02-17,MBB,13.76,13.76,13.58,13.61,8679000,KBS,2026-10-09T04:33:20Z
2025-02-18,MBB,13.61,13.79,13.58,13.64,10082500,KBS,2026-10-09T04:33:20Z
2025-02-19,MBB,13.7,13.79,13.64,13.73,9166500,KBS,2026-10-09T04:33:20Z
2025-02-20,MBB,13.82,13.82,13.73,13.73,10831800,KBS,2026-10-09T04:33:20Z
2025-02-21,MBB,13.76,13.91,13.7,13.76,20513900,KBS,2026-10-09T04:33:20Z
2025-02-24,MBB,13.7,13.85,13.7,13.82,13460200,KBS,2026-10-09T04:33:20Z
2025-02-25,MBB,13.85,14.15,13.85,14.06,37696200,KBS,2026-10-09T04:33:20Z
2025-02-26,MBB,14.12,14.15,13.94,13.94,8376800,KBS,2026-10-09T04:33:20Z
2025-02-27,MBB,13.94,13.97,13.79,13.94,12766600,KBS,2026-10-09T04:33:20Z
2025-02-28,MBB,13.88,13.91,13.79,13.82,11052800,KBS,2026-10-09T04:33:20Z
2025-03-03,MBB,13.82,13.88,13.79,13.88,9195600,KBS,2026-10-09T04:33:20Z
2025-03-04,MBB,13.85,14.18,13.73,14.06,21367000,KBS,2026-10-09T04:33:20Z
2025-03-05,MBB,14.06,14.48,14.0,14.15,30355700,KBS,2026-10-09T04:33:20Z
2025-03-06,MBB,14.24,14.48,14.12,14.48,25919100,KBS,2026-10-09T04:33:20Z
2025-03-07,MBB,14.57,14.96,14.48,14.72,47416100,KBS,2026-10-09T04:33:20Z
2025-03-10,MBB,14.87,14.96,14.69,14.72,19419600,KBS,2026-10-09T04:33:20Z
2025-03-11,MBB,14.54,14.9,14.51,14.9,26519300,KBS,2026-10-09T04:33:20Z
2025-03-12,MBB,14.96,15.02,14.78,14.78,30957600,KBS,2026-10-09T04:33:20Z
2025-03-13,MBB,14.81,14.84,14.54,14.6,23064100,KBS,2026-10-09T04:33:20Z
2025-03-14,MBB,14.57,14.69,14.51,14.6,19724000,KBS,2026-10-09T04:33:20Z
2025-03-17,MBB,14.66,14.69,14.48,14.6,25601900,KBS,2026-10-09T04:33:20Z
2025-03-18,MBB,14.66,14.66,14.36,14.36,26614000,KBS,2026-10-09T04:33:20Z
2025-03-19,MBB,14.36,14.42,14.24,14.33,20386000,KBS,2026-10-09T04:33:20Z
2025-03-20,MBB,14.42,14.63,14.36,14.57,21142600,KBS,2026-10-09T04:33:20Z
2025-03-21,MBB,14.6,14.72,14.54,14.6,15567500,KBS,2026-10-09T04:33:20Z
2025-03-24,MBB,14.6,14.66,14.39,14.66,15571400,KBS,2026-10-09T04:33:20Z
2025-03-25,MBB,14.72,14.75,14.51,14.54,12739400,KBS,2026-10-09T04:33:20Z
2025-03-26,MBB,14.51,14.66,14.42,14.42,18277300,KBS,2026-10-09T04:33:20Z
2025-03-27,MBB,14.42,14.48,14.36,14.36,12425800,KBS,2026-10-09T04:33:20Z
2025-03-28,MBB,14.42,14.48,14.3,14.36,13037100,KBS,2026-10-09T04:33:20Z
2025-03-31,MBB,14.33,14.48,14.3,14.48,18699200,KBS,2026-10-09T04:33:20Z
2025-04-01,MBB,14.51,14.78,14.42,14.78,13919500,KBS,2026-10-09T04:33:20Z
2025-04-02,MBB,14.78,14.81,14.63,14.63,9787900,KBS,2026-10-09T04:33:20Z
2025-04-03,MBB,14.18,14.24,13.61,13.61,86268100,KBS,2026-10-09T04:33:20Z
2025-04-04,MBB,12.68,13.49,12.68,13.49,73116900,KBS,2026-10-09T04:33:20Z
2025-04-08,MBB,12.7,13.16,12.56,12.56,64519700,KBS,2026-10-09T04:33:20Z
2025-04-09,MBB,11.68,12.86,11.68,12.4,61224500,KBS,2026-10-09T04:33:20Z
2025-04-10,MBB,13.25,13.25,13.25,13.25,1687200,KBS,2026-10-09T04:33:20Z
2025-04-11,MBB,13.52,14.12,13.46,14.09,78951400,KBS,2026-10-09T04:33:20Z
2025-04-14,MBB,14.12,14.15,13.91,14.09,31682100,KBS,2026-10-09T04:33:20Z
2025-04-15,MBB,13.82,14.06,13.76,13.82,29512300,KBS,2026-10-09T04:33:20Z
2025-04-16,MBB,13.82,13.97,13.67,13.76,21897000,KBS,2026-10-09T04:33:20Z
2025-04-17,MBB,13.64,13.82,13.58,13.82,21573500,KBS,2026-10-09T04:33:20Z
2025-04-18,MBB,13.88,14.09,13.85,13.97,31562900,KBS,2026-10-09T04:33:20Z
2025-04-21,MBB,14.12,14.12,13.7,13.79,37143800,KBS,2026-10-09T04:33:20Z
2025-04-22,MBB,13.73,13.91,12.94,13.88,45375000,KBS,2026-10-09T04:33:20Z
2025-04-23,MBB,14.09,14.24,13.88,14.06,33860600,KBS,2026-10-09T04:33:20Z
2025-04-24,MBB,14.06,14.06,13.85,13.97,18099100,KBS,2026-10-09T04:33:20Z
2025-04-25,MBB,14.12,14.27,14.0,14.15,40711200,KBS,2026-10-09T04:33:20Z
2025-04-28,MBB,14.3,14.33,14.15,14.24,23070500,KBS,2026-10-09T04:33:20Z
2025-04-29,MBB,14.24,14.27,14.15,14.15,13178800,KBS,2026-10-09T04:33:20Z
2025-05-05,MBB,14.24,14.27,14.09,14.15,18857200,KBS,2026-10-09T04:33:20Z
2025-05-06,MBB,14.18,14.24,14.12,14.15,22793600,KBS,2026-10-09T04:33:20Z
2025-05-07,MBB,14.15,14.18,13.94,13.97,21893400,KBS,2026-10-09T04:33:20Z
2025-05-08,MBB,14.0,14.18,13.94,14.15,21016400,KBS,2026-10-09T04:33:20Z
2025-05-09,MBB,14.24,14.24,14.06,14.12,15034800,KBS,2026-10-09T04:33:20Z
2025-05-12,MBB,14.06,14.36,14.03,14.3,34696600,KBS,2026-10-09T04:33:20Z
2025-05-13,MBB,14.45,14.72,14.42,14.72,40093100,KBS,2026-10-09T04:33:20Z
2025-05-14,MBB,14.72,14.84,14.63,14.72,29669300,KBS,2026-10-09T04:33:20Z
2025-05-15,MBB,14.78,15.29,14.78,15.05,69083100,KBS,2026-10-09T04:33:20Z
2025-05-16,MBB,15.11,15.11,14.81,14.81,28984500,KBS,2026-10-09T04:33:20Z
2025-05-19,MBB,14.72,14.96,14.63,14.78,25291500,KBS,2026-10-09T04:33:20Z
2025-05-20,MBB,14.84,15.08,14.72,14.93,31383600,KBS,2026-10-09T04:33:20Z
2025-05-21,MBB,15.14,15.35,14.93,15.05,30367300,KBS,2026-10-09T04:33:20Z
2025-05-22,MBB,15.23,15.23,14.72,14.81,25760800,KBS,2026-10-09T04:33:20Z
2025-05-23,MBB,14.96,14.96,14.75,14.81,14495200,KBS,2026-10-09T04:33:20Z
2025-05-26,MBB,14.84,14.9,14.42,14.9,18250000,KBS,2026-10-09T04:33:20Z
2025-05-27,MBB,15.02,15.02,14.81,14.87,17946800,KBS,2026-10-09T04:33:20Z
2025-05-28,MBB,14.93,14.93,14.75,14.78,14351800,KBS,2026-10-09T04:33:20Z
2025-05-29,MBB,14.87,14.87,14.69,14.72,12766600,KBS,2026-10-09T04:33:20Z
2025-05-30,MBB,14.81,14.81,14.63,14.63,17609800,KBS,2026-10-09T04:33:20Z
2025-06-02,MBB,14.69,14.84,14.51,14.78,19184300,KBS,2026-10-09T04:33:20Z
2025-06-03,MBB,14.81,14.9,14.81,14.84,19246400,KBS,2026-10-09T04:33:20Z
2025-06-04,MBB,14.87,14.9,14.72,14.75,13482700,KBS,2026-10-09T04:33:20Z
2025-06-05,MBB,14.75,14.81,14.66,14.66,9996800,KBS,2026-10-09T04:33:20Z
2025-06-06,MBB,14.63,14.66,14.51,14.51,17960800,KBS,2026-10-09T04:33:20Z
2025-06-09,MBB,14.51,14.6,14.48,14.57,13040400,KBS,2026-10-09T04:33:20Z
2025-06-10,MBB,14.6,14.75,14.48,14.54,12938200,KBS,2026-10-09T04:33:20Z
2025-06-11,MBB,14.54,14.6,14.51,14.57,6168900,KBS,2026-10-09T04:33:20Z
2025-06-12,MBB,14.6,14.84,14.6,14.84,22542900,KBS,2026-10-09T04:33:20Z
2025-06-13,MBB,14.69,15.02,14.66,14.93,42299700,KBS,2026-10-09T04:33:20Z
2025-06-16,MBB,14.93,15.14,14.9,15.08,21119300,KBS,2026-10-09T04:33:20Z
2025-06-17,MBB,15.17,15.26,14.93,15.02,21975100,KBS,2026-10-09T04:33:20Z
2025-06-18,MBB,15.08,15.2,14.96,15.05,26189800,KBS,2026-10-09T04:33:20Z
2025-06-19,MBB,15.14,15.14,14.99,15.08,15184600,KBS,2026-10-09T04:33:20Z
2025-06-20,MBB,15.14,15.71,15.11,15.5,51151100,KBS,2026-10-09T04:33:20Z
2025-06-23,MBB,15.35,15.68,15.32,15.56,23682000,KBS,2026-10-09T04:33:20Z
2025-06-24,MBB,15.68,15.86,15.56,15.56,25984200,KBS,2026-10-09T04:33:20Z
2025-06-25,MBB,15.62,15.65,15.38,15.38,20995000,KBS,2026-10-09T04:33:20Z
2025-06-26,MBB,15.44,15.56,15.32,15.56,19444400,KBS,2026-10-09T04:33:20Z
2025-06-27,MBB,15.56,15.68,15.44,15.44,12786100,KBS,2026-10-09T04:33:20Z
2025-06-30,MBB,15.47,15.56,15.44,15.5,10723800,KBS,2026-10-09T04:33:20Z
2025-07-01,MBB,15.56,15.71,15.5,15.62,22344100,KBS,2026-10-09T04:33:20Z
2025-07-02,MBB,15.65,15.8,15.62,15.65,13995700,KBS,2026-10-09T04:33:20Z
2025-07-03,MBB,15.71,15.83,15.59,15.59,25567500,KBS,2026-10-09T04:33:20Z
2025-07-04,MBB,15.62,15.65,15.53,15.62,14976200,KBS,2026-10-09T04:33:20Z
2025-07-07,MBB,15.68,15.92,15.68,15.86,18585900,KBS,2026-10-09T04:33:20Z
2025-07-08,MBB,15.92,16.04,15.83,15.86,16109400,KBS,2026-10-09T04:33:20Z
2025-07-09,MBB,15.95,16.1,15.86,15.98,25280500,KBS,2026-10-09T04:33:20Z
2025-07-10,MBB,16.04,16.04,15.86,15.89,14412300,KBS,2026-10-09T04:33:20Z
2025-07-11,MBB,15.92,16.16,15.89,16.04,21424900,KBS,2026-10-09T04:33:20Z
2025-07-14,MBB,16.07,16.16,15.86,16.1,15049300,KBS,2026-10-09T04:33:20Z
2025-07-15,MBB,16.1,16.28,15.98,15.98,19323000,KBS,2026-10-09T04:33:20Z
2025-07-16,MBB,15.92,16.07,15.89,16.04,17617700,KBS,2026-10-09T04:33:20Z
2025-07-17,MBB,16.07,16.16,15.95,16.07,17340900,KBS,2026-10-09T04:33:20Z
2025-07-18,MBB,16.1,16.37,15.98,16.34,25167700,KBS,2026-10-09T04:33:20Z
2025-07-21,MBB,16.4,16.61,16.16,16.19,17949400,KBS,2026-10-09T04:33:20Z
2025-07-22,MBB,16.16,16.31,16.01,16.31,15464600,KBS,2026-10-09T04:33:20Z
2025-07-23,MBB,16.34,16.58,16.28,16.46,27191300,KBS,2026-10-09T04:33:20Z
2025-07-24,MBB,16.55,17.09,16.55,17.06,40005000,KBS,2026-10-09T04:33:20Z
2025-07-25,MBB,17.12,17.33,17.06,17.09,18105800,KBS,2026-10-09T04:33:20Z
2025-07-28,MBB,17.09,17.27,17.03,17.27,24900200,KBS,2026-10-09T04:33:20Z
2025-07-29,MBB,17.3,17.33,16.13,16.13,48988900,KBS,2026-10-09T04:33:20Z
2025-07-30,MBB,16.34,16.73,16.13,16.46,32104800,KBS,2026-10-09T04:33:20Z
2025-07-31,MBB,16.61,16.7,16.19,16.49,24970800,KBS,2026-10-09T04:33:20Z
2025-08-01,MBB,16.49,16.61,16.25,16.31,17890700,KBS,2026-10-09T04:33:20Z
2025-08-04,MBB,16.28,16.7,16.25,16.7,21243200,KBS,2026-10-09T04:33:20Z
2025-08-05,MBB,17.36,17.84,16.61,17.84,71103900,KBS,2026-10-09T04:33:20Z
2025-08-06,MBB,18.32,18.59,18.14,18.38,30385100,KBS,2026-10-09T04:33:20Z
2025-08-07,MBB,18.56,18.59,18.23,18.47,26980700,KBS,2026-10-09T04:33:20Z
2025-08-08,MBB,18.59,18.62,18.23,18.35,25592900,KBS,2026-10-09T04:33:20Z
2025-08-11,MBB,18.5,19.49,18.44,19.1,48669700,KBS,2026-10-09T04:33:20Z
2025-08-12,MBB,19.4,19.46,19.01,19.46,56623400,KBS,2026-10-09T04:33:20Z
2025-08-13,MBB,20.34,20.66,19.78,20.66,79609900,KBS,2026-10-09T04:33:20Z
2025-08-14,MBB,22.11,22.11,22.11,22.11,40320900,KBS,2026-10-09T04:33:20Z
2025-08-15,MBB,23.63,23.63,22.19,22.63,117471300,KBS,2026-10-09T04:33:20Z
2025-08-18,MBB,22.87,22.91,22.15,22.27,51031700,KBS,2026-10-09T04:33:20Z
2025-08-19,MBB,22.71,23.55,22.35,22.59,54011900,KBS,2026-10-09T04:33:20Z
2025-08-20,MBB,22.59,22.67,21.51,22.27,77393200,KBS,2026-10-09T04:33:20Z
2025-08-21,MBB,22.47,22.99,22.23,22.59,57150300,KBS,2026-10-09T04:33:20Z
2025-08-22,MBB,22.23,22.43,21.55,21.55,72899700,KBS,2026-10-09T04:33:20Z
2025-08-25,MBB,21.75,21.87,20.66,20.98,56190300,KBS,2026-10-09T04:33:20Z
2025-08-26,MBB,20.98,22.11,20.9,22.07,40433700,KBS,2026-10-09T04:33:20Z
2025-08-27,MBB,22.59,22.63,21.95,21.95,39077600,KBS,2026-10-09T04:33:20Z
2025-08-28,MBB,21.95,22.07,21.38,21.79,32467000,KBS,2026-10-09T04:33:20Z
2025-08-29,MBB,21.99,22.59,21.79,22.23,55715700,KBS,2026-10-09T04:33:20Z
2025-09-03,MBB,22.27,23.07,22.03,22.79,46653600,KBS,2026-10-09T04:33:20Z
2025-09-04,MBB,22.79,22.91,22.51,22.63,28054200,KBS,2026-10-09T04:33:20Z
2025-09-05,MBB,22.83,22.95,21.95,21.95,66550600,KBS,2026-10-09T04:33:20Z
2025-09-08,MBB,21.79,21.83,21.38,21.38,62869000,KBS,2026-10-09T04:33:20Z
2025-09-09,MBB,21.38,21.63,21.06,21.34,32840700,KBS,2026-10-09T04:33:20Z
2025-09-10,MBB,21.63,22.07,21.47,21.59,28898300,KBS,2026-10-09T04:33:20Z
2025-09-11,MBB,21.47,21.59,20.86,21.38,31166200,KBS,2026-10-09T04:33:20Z
2025-09-12,MBB,21.55,21.63,21.3,21.3,19231800,KBS,2026-10-09T04:33:20Z
2025-09-15,MBB,21.42,21.51,21.26,21.51,21483300,KBS,2026-10-09T04:33:20Z
2025-09-16,MBB,21.71,22.31,21.67,22.03,51366800,KBS,2026-10-09T04:33:20Z
2025-09-17,MBB,21.95,22.07,21.63,21.63,15819100,KBS,2026-10-09T04:33:20Z
2025-09-18,MBB,21.59,21.71,21.3,21.47,17716200,KBS,2026-10-09T04:33:20Z
2025-09-19,MBB,21.59,21.59,21.22,21.34,14481700,KBS,2026-10-09T04:33:20Z
2025-09-22,MBB,21.26,21.3,20.9,20.94,26372700,KBS,2026-10-09T04:33:20Z
2025-09-23,MBB,21.18,21.26,20.94,21.1,10100400,KBS,2026-10-09T04:33:20Z
2025-09-24,MBB,21.1,21.47,20.74,21.47,22752100,KBS,2026-10-09T04:33:20Z
2025-09-25,MBB,21.63,21.63,21.14,21.26,15489700,KBS,2026-10-09T04:33:20Z
2025-09-26,MBB,21.22,21.38,21.02,21.02,12945900,KBS,2026-10-09T04:33:20Z
2025-09-29,MBB,21.02,21.1,20.9,20.94,16253000,KBS,2026-10-09T04:33:20Z
2025-09-30,MBB,20.98,21.3,20.86,20.98,19759800,KBS,2026-10-09T04:33:20Z
2025-10-01,MBB,21.02,21.3,20.94,21.14,11544600,KBS,2026-10-09T04:33:20Z
2025-10-02,MBB,21.22,21.91,21.18,21.47,44086100,KBS,2026-10-09T04:33:20Z
2025-10-03,MBB,21.38,21.47,21.14,21.26,14509500,KBS,2026-10-09T04:33:20Z
2025-10-06,MBB,21.59,22.03,21.34,21.91,38982400,KBS,2026-10-09T04:33:20Z
2025-10-07,MBB,22.03,22.07,21.51,21.51,22188300,KBS,2026-10-09T04:33:20Z
2025-10-08,MBB,21.79,21.87,21.51,21.51,32173000,KBS,2026-10-09T04:33:20Z
2025-10-09,MBB,21.63,21.95,21.51,21.91,38667700,KBS,2026-10-09T04:33:20Z
2025-10-10,MBB,21.95,22.23,21.79,21.99,56780900,KBS,2026-10-09T04:33:20Z
2025-10-13,MBB,21.75,21.95,21.63,21.91,46449900,KBS,2026-10-09T04:33:20Z
2025-10-14,MBB,22.03,22.19,21.67,21.67,49401300,KBS,2026-10-09T04:33:20Z
2025-10-15,MBB,21.75,22.15,21.71,21.83,31486300,KBS,2026-10-09T04:33:20Z
2025-10-16,MBB,21.87,22.07,21.75,21.79,26482800,KBS,2026-10-09T04:33:20Z
2025-10-17,MBB,21.83,22.27,21.71,21.71,43529100,KBS,2026-10-09T04:33:20Z
2025-10-20,MBB,21.59,21.71,20.22,20.22,74530200,KBS,2026-10-09T04:33:20Z
2025-10-21,MBB,20.3,20.82,19.86,20.26,51668400,KBS,2026-10-09T04:33:20Z
2025-10-22,MBB,20.5,20.54,19.86,20.38,29596300,KBS,2026-10-09T04:33:20Z
2025-10-23,MBB,20.42,20.58,20.18,20.18,19904800,KBS,2026-10-09T04:33:20Z
2025-10-24,MBB,20.14,20.14,19.5,19.54,46363100,KBS,2026-10-09T04:33:20Z
2025-10-27,MBB,19.66,19.74,19.06,19.06,52326000,KBS,2026-10-09T04:33:20Z
2025-10-28,MBB,19.06,19.22,18.54,19.22,49519800,KBS,2026-10-09T04:33:20Z
2025-10-29,MBB,19.38,19.7,19.26,19.5,24107400,KBS,2026-10-09T04:33:20Z
2025-10-30,MBB,19.54,19.54,19.1,19.18,24498600,KBS,2026-10-09T04:33:20Z
2025-10-31,MBB,19.06,19.3,18.9,18.9,19849200,KBS,2026-10-09T04:33:20Z
2025-11-03,MBB,18.98,19.22,18.5,18.5,29961200,KBS,2026-10-09T04:33:20Z
2025-11-04,MBB,18.82,19.5,18.58,19.22,38226500,KBS,2026-10-09T04:33:20Z
2025-11-05,MBB,19.22,19.3,19.06,19.14,12417500,KBS,2026-10-09T04:33:20Z
2025-11-06,MBB,19.22,19.3,18.9,18.98,10717900,KBS,2026-10-09T04:33:20Z
2025-11-07,MBB,19.02,19.02,18.54,18.66,21326700,KBS,2026-10-09T04:33:20Z
2025-11-10,MBB,18.66,18.9,18.46,18.5,17025200,KBS,2026-10-09T04:33:20Z
2025-11-11,MBB,18.54,18.7,18.42,18.58,15211100,KBS,2026-10-09T04:33:20Z
2025-11-12,MBB,18.7,19.06,18.58,18.98,17528300,KBS,2026-10-09T04:33:20Z
2025-11-13,MBB,19.02,19.06,18.82,18.82,19631300,KBS,2026-10-09T04:33:20Z
2025-11-14,MBB,18.78,18.94,18.66,18.82,16560800,KBS,2026-10-09T04:33:20Z
2025-11-17,MBB,18.9,19.18,18.9,19.06,16843400,KBS,2026-10-09T04:33:20Z
2025-11-18,MBB,19.06,19.18,18.98,18.98,19492900,KBS,2026-10-09T04:33:20Z
2025-11-19,MBB,19.02,19.06,18.74,18.82,16581700,KBS,2026-10-09T04:33:20Z
2025-11-20,MBB,18.98,18.98,18.66,18.7,13622300,KBS,2026-10-09T04:33:20Z
2025-11-21,MBB,18.62,18.62,18.42,18.58,26669000,KBS,2026-10-09T04:33:20Z
2025-11-24,MBB,18.62,18.74,18.46,18.54,10531000,KBS,2026-10-09T04:33:20Z
2025-11-25,MBB,18.58,18.66,18.26,18.3,18502700,KBS,2026-10-09T04:33:20Z
2025-11-26,MBB,18.34,18.78,18.3,18.62,21635300,KBS,2026-10-09T04:33:20Z
2025-11-27,MBB,18.7,18.94,18.66,18.82,22892300,KBS,2026-10-09T04:33:20Z
2025-11-28,MBB,18.82,18.82,18.62,18.62,11759400,KBS,2026-10-09T04:33:20Z
2025-12-01,MBB,18.66,18.74,18.58,18.58,7796300,KBS,2026-10-09T04:33:20Z
2025-12-02,MBB,18.58,18.9,18.42,18.86,19166400,KBS,2026-10-09T04:33:20Z
2025-12-03,MBB,18.86,19.7,18.86,19.66,56674900,KBS,2026-10-09T04:33:20Z
2025-12-04,MBB,19.86,20.82,19.86,20.58,80906200,KBS,2026-10-09T04:33:20Z
2025-12-05,MBB,20.66,20.66,20.1,20.14,29444500,KBS,2026-10-09T04:33:20Z
2025-12-08,MBB,20.02,20.46,19.9,20.26,22616800,KBS,2026-10-09T04:33:20Z
2025-12-09,MBB,20.06,20.18,19.5,19.78,34378900,KBS,2026-10-09T04:33:20Z
2025-12-10,MBB,19.78,20.38,19.7,20.14,25865300,KBS,2026-10-09T04:33:20Z
2025-12-11,MBB,20.22,20.26,19.78,19.9,15190600,KBS,2026-10-09T04:33:20Z
2025-12-12,MBB,19.94,19.98,19.22,19.22,21849200,KBS,2026-10-09T04:33:20Z
2025-12-15,MBB,19.22,19.38,18.94,19.02,16023100,KBS,2026-10-09T04:33:20Z
2025-12-16,MBB,19.1,19.82,18.82,19.58,21422000,KBS,2026-10-09T04:33:20Z
2025-12-17,MBB,19.66,19.78,19.5,19.54,9524600,KBS,2026-10-09T04:33:20Z
2025-12-18,MBB,19.46,19.78,19.42,19.74,12957300,KBS,2026-10-09T04:33:20Z
2025-12-19,MBB,19.74,19.78,19.62,19.78,10343600,KBS,2026-10-09T04:33:20Z
2025-12-22,MBB,19.9,20.34,19.74,20.22,26664100,KBS,2026-10-09T04:33:20Z
2025-12-23,MBB,20.3,20.54,19.94,20.1,21996200,KBS,2026-10-09T04:33:20Z
2025-12-24,MBB,20.1,20.46,19.98,20.26,24794700,KBS,2026-10-09T04:33:20Z
2025-12-25,MBB,20.22,20.46,20.02,20.02,17926700,KBS,2026-10-09T04:33:20Z
2025-12-26,MBB,19.78,20.02,19.38,19.9,24369500,KBS,2026-10-09T04:33:20Z
2025-12-29,MBB,19.9,20.02,19.78,19.9,11448200,KBS,2026-10-09T04:33:20Z
2025-12-30,MBB,19.94,20.18,19.9,20.02,12056900,KBS,2026-10-09T04:33:20Z
2025-12-31,MBB,20.02,20.26,19.98,20.26,23824800,KBS,2026-10-09T04:33:20Z
2026-01-05,MBB,20.3,20.62,19.22,20.3,36858500,KBS,2026-10-09T04:33:20Z
2026-01-06,MBB,20.38,21.42,20.02,21.34,72144100,KBS,2026-10-09T04:33:20Z
2026-01-07,MBB,21.42,21.51,21.18,21.38,33897900,KBS,2026-10-09T04:33:20Z
2026-01-08,MBB,21.42,21.75,21.22,21.3,47534900,KBS,2026-10-09T04:33:20Z
2026-01-09,MBB,21.42,22.19,21.38,21.87,66065300,KBS,2026-10-09T04:33:20Z
2026-01-12,MBB,22.07,22.59,22.07,22.59,56968300,KBS,2026-10-09T04:33:20Z
2026-01-13,MBB,22.63,22.67,21.99,22.07,45769000,KBS,2026-10-09T04:33:20Z
2026-01-14,MBB,22.11,22.39,21.51,21.75,45126300,KBS,2026-10-09T04:33:20Z
2026-01-15,MBB,21.67,22.07,21.47,21.83,34596800,KBS,2026-10-09T04:33:20Z
2026-01-16,MBB,21.95,22.19,21.67,21.67,20359500,KBS,2026-10-09T04:33:20Z
2026-01-19,MBB,21.79,22.11,21.75,22.03,27218600,KBS,2026-10-09T04:33:20Z
2026-01-20,MBB,22.23,22.43,21.71,21.95,28109000,KBS,2026-10-09T04:33:20Z
2026-01-21,MBB,21.87,22.03,21.55,21.63,27066700,KBS,2026-10-09T04:33:20Z
2026-01-22,MBB,21.75,21.99,21.55,21.59,17506700,KBS,2026-10-09T04:33:20Z
2026-01-23,MBB,21.59,21.71,21.34,21.59,23036800,KBS,2026-10-09T04:33:20Z
2026-01-26,MBB,21.42,21.51,20.82,20.9,31708000,KBS,2026-10-09T04:33:20Z
2026-01-27,MBB,20.94,21.3,20.9,21.22,19201000,KBS,2026-10-09T04:33:20Z
2026-01-28,MBB,21.26,21.42,20.98,21.26,17954900,KBS,2026-10-09T04:33:20Z
2026-01-29,MBB,21.55,21.59,21.06,21.38,19308300,KBS,2026-10-09T04:33:20Z
2026-01-30,MBB,21.42,21.79,21.3,21.79,28064600,KBS,2026-10-09T04:33:20Z
2026-02-02,MBB,21.79,22.11,21.59,21.87,25977600,KBS,2026-10-09T04:33:20Z
2026-02-03,MBB,22.03,22.51,22.03,22.19,50769200,KBS,2026-10-09T04:33:20Z
2026-02-04,MBB,22.31,22.51,22.07,22.27,25733700,KBS,2026-10-09T04:33:20Z
2026-02-05,MBB,22.31,22.35,21.67,21.67,25285900,KBS,2026-10-09T04:33:20Z
2026-02-06,MBB,21.63,22.51,21.18,21.91,49957800,KBS,2026-10-09T04:33:20Z
2026-02-09,MBB,22.27,22.51,21.95,22.11,25413800,KBS,2026-10-09T04:33:20Z
2026-02-10,MBB,22.27,22.83,22.03,22.31,51318500,KBS,2026-10-09T04:33:20Z
2026-02-11,MBB,22.51,23.63,22.47,23.23,104577300,KBS,2026-10-09T04:33:20Z
2026-02-12,MBB,23.47,23.47,22.67,22.71,27983900,KBS,2026-10-09T04:33:20Z
2026-02-13,MBB,22.91,22.91,22.67,22.67,21371900,KBS,2026-10-09T04:33:20Z
2026-02-23,MBB,23.07,23.11,22.67,22.71,19036000,KBS,2026-10-09T04:33:20Z
2026-02-24,MBB,22.83,22.83,22.55,22.63,27187100,KBS,2026-10-09T04:33:20Z
2026-02-25,MBB,22.83,23.47,22.67,23.03,28088400,KBS,2026-10-09T04:33:20Z
2026-02-26,MBB,23.15,23.31,22.79,23.07,16056700,KBS,2026-10-09T04:33:20Z
2026-02-27,MBB,23.03,23.11,22.83,22.83,14848500,KBS,2026-10-09T04:33:20Z
2026-03-02,MBB,22.43,22.59,22.11,22.15,51175400,KBS,2026-10-09T04:33:20Z
2026-03-03,MBB,22.23,22.31,21.63,21.67,42244700,KBS,2026-10-09T04:33:20Z
2026-03-04,MBB,21.71,21.95,21.1,21.59,42105200,KBS,2026-10-09T04:33:20Z
2026-03-05,MBB,21.99,22.07,21.63,21.67,17308700,KBS,2026-10-09T04:33:20Z
2026-03-06,MBB,21.71,21.75,21.34,21.38,22166600,KBS,2026-10-09T04:33:20Z
2026-03-09,MBB,19.94,20.54,19.9,19.9,73057300,KBS,2026-10-09T04:33:20Z
2026-03-10,MBB,20.9,21.26,20.5,21.26,37844500,KBS,2026-10-09T04:33:20Z
2026-03-11,MBB,21.26,21.63,21.18,21.47,22212600,KBS,2026-10-09T04:33:20Z
2026-03-12,MBB,21.22,21.47,20.82,21.02,19075600,KBS,2026-10-09T04:33:20Z
2026-03-13,MBB,20.98,21.22,20.66,20.94,17314700,KBS,2026-10-09T04:33:20Z
2026-03-16,MBB,20.94,21.22,20.9,20.9,12448200,KBS,2026-10-09T04:33:20Z
2026-03-17,MBB,21.14,21.42,21.02,21.1,9514500,KBS,2026-10-09T04:33:20Z
2026-03-18,MBB,21.38,21.55,20.62,21.06,14929500,KBS,2026-10-09T04:33:20Z
2026-03-19,MBB,20.86,21.22,20.74,21.14,19724200,KBS,2026-10-09T04:33:20Z
2026-03-20,MBB,21.06,21.1,20.78,20.78,13305900,KBS,2026-10-09T04:33:20Z
2026-03-23,MBB,20.5,20.54,19.9,20.02,21672100,KBS,2026-10-09T04:33:20Z
2026-03-24,MBB,20.62,20.82,20.34,20.5,13041100,KBS,2026-10-09T04:33:20Z
2026-03-25,MBB,20.78,21.02,20.7,20.82,13825500,KBS,2026-10-09T04:33:20Z
2026-03-26,MBB,21.1,21.1,20.58,20.66,13683600,KBS,2026-10-09T04:33:20Z
2026-03-27,MBB,20.62,20.98,20.5,20.94,12866700,KBS,2026-10-09T04:33:20Z
2026-03-30,MBB,20.66,20.9,20.54,20.62,11214500,KBS,2026-10-09T04:33:20Z
2026-03-31,MBB,20.78,21.38,20.78,21.18,20965700,KBS,2026-10-09T04:33:20Z
2026-04-01,MBB,21.63,21.71,21.22,21.22,18947700,KBS,2026-10-09T04:33:20Z
2026-04-02,MBB,21.22,21.26,20.74,21.06,23391700,KBS,2026-10-09T04:33:20Z
2026-04-03,MBB,21.06,21.18,20.78,20.78,10974700,KBS,2026-10-09T04:33:20Z
2026-04-06,MBB,20.82,20.82,20.5,20.54,11655100,KBS,2026-10-09T04:33:20Z
2026-04-07,MBB,20.62,20.66,20.38,20.5,15315200,KBS,2026-10-09T04:33:20Z
2026-04-08,MBB,21.18,21.34,20.9,21.3,33405300,KBS,2026-10-09T04:33:20Z
2026-04-09,MBB,21.22,21.38,21.1,21.22,14977100,KBS,2026-10-09T04:33:20Z
2026-04-10,MBB,21.47,21.71,21.34,21.38,30327300,KBS,2026-10-09T04:33:20Z
2026-04-13,MBB,21.1,21.34,21.02,21.18,15029500,KBS,2026-10-09T04:33:20Z
2026-04-14,MBB,21.38,21.47,21.22,21.38,16255100,KBS,2026-10-09T04:33:20Z
2026-04-15,MBB,21.38,21.51,21.3,21.3,11553900,KBS,2026-10-09T04:33:20Z
2026-04-16,MBB,21.22,21.3,20.98,21.06,12841800,KBS,2026-10-09T04:33:20Z
2026-04-17,MBB,21.06,21.3,21.06,21.18,8604100,KBS,2026-10-09T04:33:20Z
2026-04-20,MBB,21.18,21.3,21.1,21.1,13276300,KBS,2026-10-09T04:33:20Z
2026-04-21,MBB,21.14,21.3,21.06,21.06,13041700,KBS,2026-10-09T04:33:20Z
2026-04-22,MBB,21.1,21.14,20.9,20.98,8424700,KBS,2026-10-09T04:33:20Z
2026-04-23,MBB,20.98,21.63,20.94,21.14,15289400,KBS,2026-10-09T04:33:20Z
2026-04-24,MBB,21.14,21.14,20.98,20.98,9074600,KBS,2026-10-09T04:33:20Z
2026-04-28,MBB,20.98,21.02,20.82,20.82,12572800,KBS,2026-10-09T04:33:20Z
2026-04-29,MBB,20.82,20.94,20.7,20.86,13290000,KBS,2026-10-09T04:33:20Z
2026-05-04,MBB,20.94,21.14,20.86,20.9,10177100,KBS,2026-10-09T04:33:20Z
2026-05-05,MBB,20.82,20.9,20.62,20.78,12314500,KBS,2026-10-09T04:33:20Z
2026-05-06,MBB,20.82,20.94,20.7,20.86,16164500,KBS,2026-10-09T04:33:20Z
2026-05-07,MBB,20.94,21.06,20.82,20.9,16786200,KBS,2026-10-09T04:33:20Z
2026-05-08,MBB,20.9,21.26,20.86,20.94,22204000,KBS,2026-10-09T04:33:20Z
2026-05-11,MBB,20.98,21.1,20.78,20.82,16618800,KBS,2026-10-09T04:33:20Z
2026-05-12,MBB,20.82,20.9,20.74,20.74,11264200,KBS,2026-10-09T04:33:20Z
2026-05-13,MBB,20.74,20.82,20.62,20.66,12652300,KBS,2026-10-09T04:33:20Z
2026-05-14,MBB,20.7,20.9,20.66,20.7,13084300,KBS,2026-10-09T04:33:20Z
2026-05-15,MBB,20.86,20.86,20.5,20.54,22577500,KBS,2026-10-09T04:33:20Z
2026-05-18,MBB,20.54,20.54,20.34,20.42,18793500,KBS,2026-10-09T04:33:20Z
2026-05-19,MBB,20.46,20.5,20.06,20.06,30322900,KBS,2026-10-09T04:33:20Z
2026-05-20,MBB,20.1,20.26,19.62,19.7,38940600,KBS,2026-10-09T04:33:20Z
2026-05-21,MBB,19.78,19.94,19.7,19.86,18632200,KBS,2026-10-09T04:33:20Z
2026-05-22,MBB,19.9,19.94,19.62,19.74,14993300,KBS,2026-10-09T04:33:20Z
2026-05-25,MBB,19.86,20.02,19.82,19.86,10183000,KBS,2026-10-09T04:33:20Z
2026-05-26,MBB,19.86,20.46,19.86,20.42,18673500,KBS,2026-10-09T04:33:20Z
2026-05-27,MBB,20.46,20.54,20.26,20.34,12599300,KBS,2026-10-09T04:33:20Z
2026-05-28,MBB,20.34,20.5,20.02,20.02,9614600,KBS,2026-10-09T04:33:20Z
2026-05-29,MBB,20.02,20.18,19.9,20.02,8171700,KBS,2026-10-09T04:33:20Z
2026-06-01,MBB,20.1,20.14,19.94,20.1,5172200,KBS,2026-10-09T04:33:20Z
2026-06-02,MBB,20.1,20.14,19.74,19.74,12839400,KBS,2026-10-09T04:33:20Z
2026-06-03,MBB,19.74,20.18,19.74,20.18,14476800,KBS,2026-10-09T04:33:20Z
2026-06-04,MBB,20.06,20.18,19.94,20.02,8558000,KBS,2026-10-09T04:33:20Z
2026-06-05,MBB,20.06,20.14,20.02,20.02,8343500,KBS,2026-10-09T04:33:20Z
2026-06-08,MBB,19.94,19.94,19.66,19.7,12089800,KBS,2026-10-09T04:33:20Z
2026-06-09,MBB,19.74,19.9,19.66,19.74,9759500,KBS,2026-10-09T04:33:20Z
2026-06-10,MBB,19.74,19.9,19.74,19.78,9375900,KBS,2026-10-09T04:33:20Z
2026-06-11,MBB,19.74,19.82,19.66,19.82,4549700,KBS,2026-10-09T04:33:20Z
2026-06-12,MBB,20.02,20.18,19.9,19.9,20423200,KBS,2026-10-09T04:33:20Z
2026-06-15,MBB,20.06,20.3,20.06,20.18,15663000,KBS,2026-10-09T04:33:20Z
2026-06-16,MBB,20.22,20.26,20.1,20.1,11650300,KBS,2026-10-09T04:33:20Z
2026-06-17,MBB,20.14,20.26,20.1,20.18,11616400,KBS,2026-10-09T04:33:20Z
2026-06-18,MBB,20.18,20.26,20.14,20.22,6966700,KBS,2026-10-09T04:33:20Z
2026-06-19,MBB,20.22,20.22,20.02,20.02,7101000,KBS,2026-10-09T04:33:20Z
2026-06-22,MBB,20.06,20.1,19.86,19.86,7728200,KBS,2026-10-09T04:33:20Z
2026-06-23,MBB,19.98,20.26,19.82,19.86,18566900,KBS,2026-10-09T04:33:20Z
2026-06-24,MBB,19.9,19.98,19.74,19.86,12609600,KBS,2026-10-09T04:33:20Z
2026-06-25,MBB,19.86,19.94,19.78,19.78,7581600,KBS,2026-10-09T04:33:20Z
2026-06-26,MBB,19.78,19.86,19.74,19.82,6906000,KBS,2026-10-09T04:33:20Z
2026-06-29,MBB,19.9,20.22,19.86,20.1,15811500,KBS,2026-10-09T04:33:20Z
2026-06-30,MBB,20.1,20.22,20.06,20.18,13531800,KBS,2026-10-09T04:33:20Z
2026-07-01,MBB,20.26,20.62,20.26,20.62,21333400,KBS,2026-10-09T04:33:20Z
2026-07-02,MBB,20.66,20.74,20.5,20.54,9990900,KBS,2026-10-09T04:33:20Z
2026-07-03,MBB,20.66,20.66,20.34,20.5,13552000,KBS,2026-10-09T04:33:20Z
2026-07-06,MBB,20.58,20.66,20.22,20.26,12882800,KBS,2026-10-09T04:33:20Z
2026-07-07,MBB,20.34,20.62,20.26,20.62,12368800,KBS,2026-10-09T04:33:20Z
2026-07-08,MBB,20.62,20.94,20.58,20.82,20204000,KBS,2026-10-09T04:33:20Z
2026-07-09,MBB,20.78,20.82,20.49,20.49,11216900,KBS,2026-10-09T04:33:20Z
2026-07-10,MBB,20.49,20.82,20.45,20.53,10507600,KBS,2026-10-09T04:33:20Z
2026-07-13,MBB,20.49,20.53,19.99,20.37,16165400,KBS,2026-10-09T04:33:20Z
2026-07-14,MBB,19.99,20.45,19.99,20.45,12268700,KBS,2026-10-09T04:33:20Z
2026-07-15,MBB,20.2,20.37,19.95,19.95,12725100,KBS,2026-10-09T04:33:20Z
2026-07-16,MBB,19.95,20.2,19.58,20.12,14637000,KBS,2026-10-09T04:33:20Z
2026-07-17,MBB,20.03,20.08,19.78,19.78,10399600,KBS,2026-10-09T04:33:20Z
2026-07-20,MBB,19.66,19.74,18.99,18.99,20670900,KBS,2026-10-09T04:33:20Z
2026-07-21,MBB,18.91,19.2,18.83,18.91,11291200,KBS,2026-10-09T04:33:20Z
2026-07-22,MBB,18.99,19.32,18.62,18.62,21154000,KBS,2026-10-09T04:33:20Z
2026-07-23,MBB,18.58,18.91,17.99,18.37,20982400,KBS,2026-10-09T04:33:20Z
2026-07-24,MBB,18.37,18.41,18.08,18.24,10335400,KBS,2026-10-09T04:33:20Z
2026-07-27,MBB,18.28,18.49,18.03,18.03,13775200,KBS,2026-10-09T04:33:20Z
2026-07-28,MBB,17.91,18.45,17.78,18.45,17345000,KBS,2026-10-09T04:33:20Z
2026-07-29,MBB,18.49,18.49,18.28,18.41,8827700,KBS,2026-10-09T04:33:20Z
2026-07-30,MBB,18.37,18.83,18.37,18.74,11202100,KBS,2026-10-09T04:33:20Z
2026-07-31,MBB,19.03,19.28,18.74,18.74,12050200,KBS,2026-10-09T04:33:20Z
2026-08-03,MBB,18.95,20.03,18.95,19.99,22735100,KBS,2026-10-09T04:33:20Z
2026-08-04,MBB,20.08,20.37,19.99,20.32,16987000,KBS,2026-10-09T04:33:20Z
2026-08-05,MBB,20.41,20.41,20.03,20.24,14039700,KBS,2026-10-09T04:33:20Z
2026-08-06,MBB,20.24,20.28,19.82,19.91,9531400,KBS,2026-10-09T04:33:20Z
2026-08-07,MBB,19.91,20.28,19.87,20.12,9472600,KBS,2026-10-09T04:33:20Z
2026-08-10,MBB,20.12,20.37,19.95,20.2,28450200,KBS,2026-10-09T04:33:20Z
2026-08-11,MBB,20.5,20.55,20.35,20.35,18715600,KBS,2026-10-09T04:33:20Z
2026-08-12,MBB,20.4,20.5,20.35,20.45,8937200,KBS,2026-10-09T04:33:20Z
2026-08-13,MBB,20.5,20.55,20.15,20.15,11662400,KBS,2026-10-09T04:33:20Z
2026-08-14,MBB,20.15,20.25,20.0,20.0,11904400,KBS,2026-10-09T04:33:20Z
2026-08-17,MBB,20.0,20.2,19.9,19.9,7655700,KBS,2026-10-09T04:33:20Z
2026-08-18,MBB,19.9,20.05,19.85,19.95,7081200,KBS,2026-10-09T04:33:20Z
2026-08-19,MBB,19.95,20.0,19.85,19.95,5046400,KBS,2026-10-09T04:33:20Z
2026-08-20,MBB,20.0,20.35,20.0,20.3,10904100,KBS,2026-10-09T04:33:20Z
2026-08-21,MBB,20.3,20.85,20.1,20.85,15698000,KBS,2026-10-09T04:33:20Z
2026-08-24,MBB,21.05,21.2,20.75,20.75,11070400,KBS,2026-10-09T04:33:20Z
2026-08-25,MBB,20.75,20.95,20.65,20.65,10212100,KBS,2026-10-09T04:33:20Z
2026-08-26,MBB,20.65,21.2,20.5,21.05,18747100,KBS,2026-10-09T04:33:20Z
2026-08-27,MBB,21.05,21.2,20.85,21.05,7612900,KBS,2026-10-09T04:33:20Z
2026-08-28,MBB,21.05,21.05,20.85,21.05,8679400,KBS,2026-10-09T04:33:20Z
2026-09-03,MBB,21.0,21.0,20.6,20.6,11654500,KBS,2026-10-09T04:33:20Z
2026-09-04,MBB,20.6,20.85,20.55,20.55,8857700,KBS,2026-10-09T04:33:20Z
2026-09-07,MBB,20.55,20.65,20.1,20.2,14138400,KBS,2026-10-09T04:33:20Z
2026-09-08,MBB,20.2,20.25,20.1,20.15,7453700,KBS,2026-10-09T04:33:20Z
2026-09-09,MBB,20.15,20.25,19.95,20.2,12163000,KBS,2026-10-09T04:33:20Z
2026-09-10,MBB,20.2,20.25,20.05,20.1,6900700,KBS,2026-10-09T04:33:20Z
2026-09-11,MBB,20.0,20.05,19.75,19.75,18351700,KBS,2026-10-09T04:33:20Z
2026-09-14,MBB,19.75,19.95,19.6,19.7,16345400,KBS,2026-10-09T04:33:20Z
2026-09-15,MBB,19.75,20.15,19.75,20.0,15925500,KBS,2026-10-09T04:33:20Z
2026-09-16,MBB,20.05,20.3,20.0,20.3,9098600,KBS,2026-10-09T04:33:20Z
2026-09-17,MBB,20.15,20.55,20.1,20.55,16498200,KBS,2026-10-09T04:33:20Z
2026-09-18,MBB,20.55,20.6,19.9,19.9,16843700,KBS,2026-10-09T04:33:20Z
2026-09-21,MBB,20.15,20.2,19.9,20.2,13897400,KBS,2026-10-09T04:33:20Z
2026-09-22,MBB,20.15,20.2,19.95,20.1,9661200,KBS,2026-10-09T04:33:20Z
2026-09-23,MBB,20.1,20.2,20.0,20.0,8858000,KBS,2026-10-09T04:33:20Z
2026-09-24,MBB,20.0,20.1,19.85,19.85,8475200,KBS,2026-10-09T04:33:20Z
2026-09-25,MBB,19.9,20.1,19.85,19.9,7854300,KBS,2026-10-09T04:33:20Z
2026-09-28,MBB,19.9,20.0,19.6,19.8,9922600,KBS,2026-10-09T04:33:20Z
2026-09-29,MBB,19.75,19.8,19.5,19.6,9381700,KBS,2026-10-09T04:33:20Z
2026-09-30,MBB,19.65,19.8,19.55,19.65,6955000,KBS,2026-10-09T04:33:20Z
2026-10-01,MBB,19.7,19.8,19.55,19.55,7572900,KBS,2026-10-09T04:33:20Z
2026-10-02,MBB,19.55,19.65,19.1,19.1,11976700,KBS,2026-10-09T04:33:20Z
2026-10-05,MBB,19.1,19.3,19.1,19.15,9210200,KBS,2026-10-09T04:33:20Z
2026-10-06,MBB,19.15,19.2,18.85,19.2,17320700,KBS,2026-10-09T04:33:20Z
2026-10-07,MBB,19.15,19.25,19.05,19.1,9984300,KBS,2026-10-09T04:33:20Z
2026-10-08,MBB,19.1,19.15,18.9,18.9,11116900,KBS,2026-10-09T04:33:20Z
2026-10-09,MBB,18.8,18.95,18.65,18.85,7378300,KBS,2026-10-09T04:33:20Z
