date,symbol,open,high,low,close,volume,source,fetched_at
2018-10-12,MTA,1.41,1.41,1.41,1.41,200,KBS,2026-10-09T05:17:39Z
2018-10-15,MTA,1.41,1.41,1.22,1.22,300,KBS,2026-10-09T05:17:39Z
2018-10-16,MTA,1.41,1.41,1.32,1.32,1000,KBS,2026-10-09T05:17:39Z
2018-10-17,MTA,1.41,1.41,1.41,1.41,100,KBS,2026-10-09T05:17:39Z
2018-10-18,MTA,1.32,1.41,1.32,1.32,11300,KBS,2026-10-09T05:17:39Z
2018-10-19,MTA,1.5,1.5,1.5,1.5,4500,KBS,2026-10-09T05:17:39Z
2018-10-23,MTA,1.5,1.5,1.5,1.5,2500,KBS,2026-10-09T05:17:39Z
2018-10-24,MTA,1.32,1.32,1.32,1.32,16000,KBS,2026-10-09T05:17:39Z
2018-10-25,MTA,1.41,1.41,1.41,1.41,100,KBS,2026-10-09T05:17:39Z
2018-10-26,MTA,1.32,1.32,1.32,1.32,9000,KBS,2026-10-09T05:17:39Z
2018-10-29,MTA,1.22,1.22,1.22,1.22,20000,KBS,2026-10-09T05:17:39Z
2018-10-30,MTA,1.32,1.32,1.32,1.32,500,KBS,2026-10-09T05:17:39Z
2018-10-31,MTA,1.41,1.5,1.41,1.5,300,KBS,2026-10-09T05:17:39Z
2018-11-02,MTA,1.41,1.41,1.32,1.32,107600,KBS,2026-10-09T05:17:39Z
2018-11-05,MTA,1.32,1.5,1.32,1.32,21100,KBS,2026-10-09T05:17:39Z
2018-11-06,MTA,1.32,1.32,1.32,1.32,8500,KBS,2026-10-09T05:17:39Z
2018-11-07,MTA,1.41,1.5,1.32,1.32,20700,KBS,2026-10-09T05:17:39Z
2018-11-08,MTA,1.41,1.41,1.41,1.41,100,KBS,2026-10-09T05:17:39Z
2018-11-09,MTA,1.32,1.41,1.32,1.41,200,KBS,2026-10-09T05:17:39Z
2018-11-13,MTA,1.32,1.5,1.32,1.5,700,KBS,2026-10-09T05:17:39Z
2018-11-16,MTA,1.5,1.5,1.5,1.5,100,KBS,2026-10-09T05:17:39Z
2018-11-20,MTA,1.5,1.69,1.5,1.69,3100,KBS,2026-10-09T05:17:39Z
2018-11-26,MTA,1.6,1.6,1.6,1.6,1000,KBS,2026-10-09T05:17:39Z
2018-11-27,MTA,1.78,1.78,1.78,1.78,100,KBS,2026-10-09T05:17:39Z
2018-12-14,MTA,1.88,1.88,1.88,1.88,100,KBS,2026-10-09T05:17:39Z
2018-12-20,MTA,1.88,1.88,1.88,1.88,20000,KBS,2026-10-09T05:17:39Z
2018-12-24,MTA,1.6,1.6,1.6,1.6,800,KBS,2026-10-09T05:17:39Z
2018-12-25,MTA,1.41,1.41,1.41,1.41,3100,KBS,2026-10-09T05:17:39Z
2018-12-26,MTA,1.6,1.6,1.6,1.6,100,KBS,2026-10-09T05:17:39Z
2018-12-27,MTA,1.41,1.78,1.41,1.78,400,KBS,2026-10-09T05:17:39Z
2019-01-02,MTA,1.5,1.5,1.5,1.5,100,KBS,2026-10-09T05:17:39Z
2019-01-03,MTA,1.32,1.32,1.32,1.32,100,KBS,2026-10-09T05:17:39Z
2019-01-04,MTA,1.32,1.32,1.22,1.32,6800,KBS,2026-10-09T05:17:39Z
2019-01-07,MTA,1.32,1.32,1.32,1.32,2200,KBS,2026-10-09T05:17:39Z
2019-01-08,MTA,1.41,1.5,1.41,1.5,300,KBS,2026-10-09T05:17:39Z
2019-01-09,MTA,1.69,1.69,1.41,1.41,4000,KBS,2026-10-09T05:17:39Z
2019-01-10,MTA,1.6,1.69,1.5,1.69,1600,KBS,2026-10-09T05:17:39Z
2019-01-11,MTA,1.69,1.69,1.41,1.41,8500,KBS,2026-10-09T05:17:39Z
2019-01-14,MTA,1.6,1.6,1.6,1.6,100,KBS,2026-10-09T05:17:39Z
2019-01-15,MTA,1.6,1.6,1.6,1.6,100,KBS,2026-10-09T05:17:39Z
2019-01-18,MTA,1.41,1.41,1.41,1.41,100,KBS,2026-10-09T05:17:39Z
2019-01-21,MTA,1.32,1.32,1.32,1.32,100,KBS,2026-10-09T05:17:39Z
2019-01-22,MTA,1.41,1.5,1.32,1.32,5600,KBS,2026-10-09T05:17:39Z
2019-01-23,MTA,1.41,1.5,1.41,1.41,2200,KBS,2026-10-09T05:17:39Z
2019-01-25,MTA,1.5,1.6,1.41,1.41,6900,KBS,2026-10-09T05:17:39Z
2019-01-28,MTA,1.5,1.5,1.22,1.41,5200,KBS,2026-10-09T05:17:39Z
2019-01-29,MTA,1.5,1.5,1.5,1.5,100,KBS,2026-10-09T05:17:39Z
2019-01-30,MTA,1.69,1.69,1.69,1.69,100,KBS,2026-10-09T05:17:39Z
2019-01-31,MTA,1.5,1.5,1.5,1.5,48000,KBS,2026-10-09T05:17:39Z
2019-02-01,MTA,1.41,1.41,1.41,1.41,153200,KBS,2026-10-09T05:17:39Z
2019-02-11,MTA,1.5,1.5,1.41,1.41,10000,KBS,2026-10-09T05:17:39Z
2019-02-12,MTA,1.69,1.69,1.5,1.5,1600,KBS,2026-10-09T05:17:39Z
2019-02-14,MTA,1.41,1.41,1.41,1.41,10000,KBS,2026-10-09T05:17:39Z
2019-02-15,MTA,1.5,1.5,1.5,1.5,700,KBS,2026-10-09T05:17:39Z
2019-02-19,MTA,1.41,1.41,1.41,1.41,6600,KBS,2026-10-09T05:17:39Z
2019-02-20,MTA,1.41,1.41,1.41,1.41,5000,KBS,2026-10-09T05:17:39Z
2019-02-22,MTA,1.6,1.6,1.6,1.6,100,KBS,2026-10-09T05:17:39Z
2019-02-25,MTA,1.5,1.5,1.5,1.5,100,KBS,2026-10-09T05:17:39Z
2019-02-26,MTA,1.69,1.69,1.69,1.69,100,KBS,2026-10-09T05:17:39Z
2019-02-28,MTA,1.5,1.5,1.5,1.5,24200,KBS,2026-10-09T05:17:39Z
2019-03-04,MTA,1.41,1.5,1.41,1.5,5000,KBS,2026-10-09T05:17:39Z
2019-03-05,MTA,1.5,1.5,1.5,1.5,6000,KBS,2026-10-09T05:17:39Z
2019-03-07,MTA,1.41,1.41,1.41,1.41,2000,KBS,2026-10-09T05:17:39Z
2019-03-08,MTA,1.5,1.5,1.5,1.5,100,KBS,2026-10-09T05:17:39Z
2019-03-11,MTA,1.41,1.41,1.41,1.41,1500,KBS,2026-10-09T05:17:39Z
2019-03-12,MTA,1.32,1.32,1.32,1.32,5000,KBS,2026-10-09T05:17:39Z
2019-03-13,MTA,1.41,1.41,1.41,1.41,1600,KBS,2026-10-09T05:17:39Z
2019-03-14,MTA,1.41,1.41,1.41,1.41,5000,KBS,2026-10-09T05:17:39Z
2019-03-15,MTA,1.41,1.6,1.41,1.6,11200,KBS,2026-10-09T05:17:39Z
2019-03-18,MTA,1.6,1.6,1.5,1.5,5300,KBS,2026-10-09T05:17:39Z
2019-03-22,MTA,1.41,1.41,1.41,1.41,100,KBS,2026-10-09T05:17:39Z
2019-03-25,MTA,1.32,1.32,1.22,1.22,1800,KBS,2026-10-09T05:17:39Z
2019-03-26,MTA,1.41,1.41,1.41,1.41,1500,KBS,2026-10-09T05:17:39Z
2019-03-27,MTA,1.41,1.41,1.41,1.41,5400,KBS,2026-10-09T05:17:39Z
2019-03-28,MTA,1.5,1.5,1.5,1.5,200,KBS,2026-10-09T05:17:39Z
2019-03-29,MTA,1.5,1.6,1.5,1.6,13100,KBS,2026-10-09T05:17:39Z
2019-04-01,MTA,1.6,1.6,1.6,1.6,100,KBS,2026-10-09T05:17:39Z
2019-04-02,MTA,1.6,1.6,1.6,1.6,21700,KBS,2026-10-09T05:17:39Z
2019-04-03,MTA,1.6,1.78,1.6,1.78,26600,KBS,2026-10-09T05:17:39Z
2019-04-04,MTA,1.69,1.78,1.69,1.78,5000,KBS,2026-10-09T05:17:39Z
2019-04-05,MTA,1.78,1.88,1.78,1.88,5100,KBS,2026-10-09T05:17:39Z
2019-04-08,MTA,1.88,1.88,1.88,1.88,200,KBS,2026-10-09T05:17:39Z
2019-04-16,MTA,1.6,1.6,1.6,1.6,100,KBS,2026-10-09T05:17:39Z
2019-04-17,MTA,1.6,1.6,1.6,1.6,1400,KBS,2026-10-09T05:17:39Z
2019-04-18,MTA,1.5,1.5,1.5,1.5,300,KBS,2026-10-09T05:17:39Z
2019-04-19,MTA,1.69,1.69,1.69,1.69,200,KBS,2026-10-09T05:17:39Z
2019-05-02,MTA,1.6,1.6,1.6,1.6,300,KBS,2026-10-09T05:17:39Z
2019-05-08,MTA,1.69,1.69,1.69,1.69,100,KBS,2026-10-09T05:17:39Z
2019-05-09,MTA,1.5,1.5,1.5,1.5,4000,KBS,2026-10-09T05:17:39Z
2019-05-10,MTA,1.5,1.5,1.5,1.5,4500,KBS,2026-10-09T05:17:39Z
2019-05-13,MTA,1.5,1.5,1.5,1.5,100,KBS,2026-10-09T05:17:39Z
2019-05-14,MTA,1.5,1.5,1.41,1.41,2400,KBS,2026-10-09T05:17:39Z
2019-05-15,MTA,1.41,1.41,1.41,1.41,2000,KBS,2026-10-09T05:17:39Z
2019-05-16,MTA,1.41,1.6,1.41,1.6,2700,KBS,2026-10-09T05:17:39Z
2019-05-17,MTA,1.41,1.5,1.41,1.5,9000,KBS,2026-10-09T05:17:39Z
2019-05-21,MTA,1.5,1.5,1.41,1.41,2600,KBS,2026-10-09T05:17:39Z
2019-05-27,MTA,1.41,1.41,1.41,1.41,500,KBS,2026-10-09T05:17:39Z
2019-05-30,MTA,1.5,1.5,1.5,1.5,500,KBS,2026-10-09T05:17:39Z
2019-05-31,MTA,1.6,1.6,1.6,1.6,500,KBS,2026-10-09T05:17:39Z
2019-06-03,MTA,1.69,1.69,1.69,1.69,100,KBS,2026-10-09T05:17:39Z
2019-06-05,MTA,1.6,1.6,1.6,1.6,100,KBS,2026-10-09T05:17:39Z
2019-06-07,MTA,1.5,1.5,1.5,1.5,200,KBS,2026-10-09T05:17:39Z
2019-06-10,MTA,1.6,1.6,1.6,1.6,100,KBS,2026-10-09T05:17:39Z
2019-06-13,MTA,1.5,1.5,1.41,1.5,30800,KBS,2026-10-09T05:17:39Z
2019-06-17,MTA,1.5,1.5,1.5,1.5,300,KBS,2026-10-09T05:17:39Z
2019-06-18,MTA,1.6,1.69,1.6,1.69,600,KBS,2026-10-09T05:17:39Z
2019-06-20,MTA,1.5,1.5,1.5,1.5,6000,KBS,2026-10-09T05:17:39Z
2019-06-21,MTA,1.41,1.5,1.41,1.5,3300,KBS,2026-10-09T05:17:39Z
2019-06-25,MTA,1.41,1.41,1.41,1.41,2900,KBS,2026-10-09T05:17:39Z
2019-06-26,MTA,1.6,1.6,1.6,1.6,100,KBS,2026-10-09T05:17:39Z
2019-06-27,MTA,1.5,1.5,1.5,1.5,100,KBS,2026-10-09T05:17:39Z
2019-06-28,MTA,1.5,1.5,1.5,1.5,100,KBS,2026-10-09T05:17:39Z
2019-07-01,MTA,1.41,1.41,1.32,1.32,25200,KBS,2026-10-09T05:17:39Z
2019-07-02,MTA,1.5,1.5,1.5,1.5,100,KBS,2026-10-09T05:17:39Z
2019-07-03,MTA,1.5,1.5,1.5,1.5,100,KBS,2026-10-09T05:17:39Z
2019-07-04,MTA,1.32,1.32,1.32,1.32,100,KBS,2026-10-09T05:17:39Z
2019-07-05,MTA,1.32,1.41,1.32,1.41,24400,KBS,2026-10-09T05:17:39Z
2019-07-09,MTA,1.41,1.41,1.41,1.41,100,KBS,2026-10-09T05:17:39Z
2019-07-11,MTA,1.5,1.6,1.5,1.6,200,KBS,2026-10-09T05:17:39Z
2019-07-15,MTA,1.6,1.6,1.5,1.5,800,KBS,2026-10-09T05:17:39Z
2019-07-18,MTA,1.6,1.6,1.6,1.6,2200,KBS,2026-10-09T05:17:39Z
2019-07-23,MTA,1.41,1.41,1.41,1.41,1000,KBS,2026-10-09T05:17:39Z
2019-08-02,MTA,1.41,1.41,1.41,1.41,100,KBS,2026-10-09T05:17:39Z
2019-08-08,MTA,1.41,1.41,1.41,1.41,1000,KBS,2026-10-09T05:17:39Z
2019-08-09,MTA,1.6,1.6,1.6,1.6,100,KBS,2026-10-09T05:17:39Z
2019-08-14,MTA,1.6,1.6,1.6,1.6,4000,KBS,2026-10-09T05:17:39Z
2019-09-06,MTA,1.41,1.41,1.41,1.41,900,KBS,2026-10-09T05:17:39Z
2019-09-10,MTA,1.22,1.22,1.22,1.22,100,KBS,2026-10-09T05:17:39Z
2019-09-11,MTA,1.13,1.13,1.13,1.13,100,KBS,2026-10-09T05:17:39Z
2019-09-13,MTA,1.13,1.13,1.13,1.13,300,KBS,2026-10-09T05:17:39Z
2019-09-16,MTA,1.22,1.22,1.22,1.22,100,KBS,2026-10-09T05:17:39Z
2019-09-17,MTA,1.32,1.32,1.32,1.32,100,KBS,2026-10-09T05:17:39Z
2019-09-20,MTA,1.22,1.22,1.22,1.22,5000,KBS,2026-10-09T05:17:39Z
2019-09-24,MTA,1.32,1.32,1.32,1.32,100,KBS,2026-10-09T05:17:39Z
2019-09-25,MTA,1.5,1.5,1.5,1.5,100,KBS,2026-10-09T05:17:39Z
2019-09-30,MTA,1.41,1.41,1.41,1.41,100,KBS,2026-10-09T05:17:39Z
2019-10-04,MTA,1.22,1.22,1.22,1.22,20000,KBS,2026-10-09T05:17:39Z
2019-10-07,MTA,1.13,1.13,1.13,1.13,25300,KBS,2026-10-09T05:17:39Z
2019-10-09,MTA,1.22,1.22,1.22,1.22,100,KBS,2026-10-09T05:17:39Z
2019-10-10,MTA,1.32,1.32,1.32,1.32,100,KBS,2026-10-09T05:17:39Z
2019-10-11,MTA,1.5,1.5,1.5,1.5,100,KBS,2026-10-09T05:17:39Z
2019-10-15,MTA,1.41,1.41,1.32,1.32,600,KBS,2026-10-09T05:17:39Z
2019-10-18,MTA,1.5,1.5,1.41,1.41,200,KBS,2026-10-09T05:17:39Z
2019-10-21,MTA,1.41,1.41,1.41,1.41,300,KBS,2026-10-09T05:17:39Z
2019-10-22,MTA,1.5,1.5,1.5,1.5,1600,KBS,2026-10-09T05:17:39Z
2019-10-28,MTA,1.32,1.32,1.32,1.32,100,KBS,2026-10-09T05:17:39Z
2019-11-01,MTA,1.5,1.5,1.5,1.5,100,KBS,2026-10-09T05:17:39Z
2019-11-15,MTA,1.41,1.41,1.41,1.41,10000,KBS,2026-10-09T05:17:39Z
2019-12-25,MTA,1.88,1.88,1.88,1.88,100,KBS,2026-10-09T05:17:39Z
2019-12-26,MTA,1.6,1.6,1.6,1.6,300,KBS,2026-10-09T05:17:39Z
2019-12-27,MTA,1.41,1.41,1.41,1.41,800,KBS,2026-10-09T05:17:39Z
2019-12-30,MTA,1.32,1.32,1.32,1.32,500,KBS,2026-10-09T05:17:39Z
2020-01-03,MTA,1.22,1.22,1.22,1.22,100,KBS,2026-10-09T05:17:39Z
2020-01-07,MTA,1.22,1.22,1.22,1.22,4000,KBS,2026-10-09T05:17:39Z
2020-01-14,MTA,1.22,1.22,1.22,1.22,2500,KBS,2026-10-09T05:17:39Z
2020-01-15,MTA,1.22,1.22,1.22,1.22,38000,KBS,2026-10-09T05:17:39Z
2020-01-16,MTA,1.22,1.22,1.22,1.22,900,KBS,2026-10-09T05:17:39Z
2020-01-17,MTA,1.22,1.22,1.22,1.22,4800,KBS,2026-10-09T05:17:39Z
2020-01-20,MTA,1.22,1.32,1.22,1.32,2700,KBS,2026-10-09T05:17:39Z
2020-01-21,MTA,1.41,1.41,1.41,1.41,100,KBS,2026-10-09T05:17:39Z
2020-02-06,MTA,1.41,1.6,1.41,1.6,1000,KBS,2026-10-09T05:17:39Z
2020-02-10,MTA,1.69,1.69,1.69,1.69,100,KBS,2026-10-09T05:17:39Z
2020-02-11,MTA,1.78,1.78,1.78,1.78,100,KBS,2026-10-09T05:17:39Z
2020-02-20,MTA,1.6,1.88,1.6,1.88,1200,KBS,2026-10-09T05:17:39Z
2020-02-21,MTA,1.5,1.5,1.5,1.5,100,KBS,2026-10-09T05:17:39Z
2020-02-24,MTA,1.32,1.32,1.32,1.32,1400,KBS,2026-10-09T05:17:39Z
2020-02-25,MTA,1.32,1.32,1.32,1.32,100,KBS,2026-10-09T05:17:39Z
2020-03-02,MTA,1.13,1.13,1.13,1.13,5000,KBS,2026-10-09T05:17:39Z
2020-03-03,MTA,1.13,1.13,1.03,1.03,200,KBS,2026-10-09T05:17:39Z
2020-03-04,MTA,1.22,1.22,1.22,1.22,500,KBS,2026-10-09T05:17:39Z
2020-03-06,MTA,1.22,1.22,1.22,1.22,1200,KBS,2026-10-09T05:17:39Z
2020-03-09,MTA,1.13,1.13,1.13,1.13,500,KBS,2026-10-09T05:17:39Z
2020-03-10,MTA,1.13,1.13,1.03,1.03,72000,KBS,2026-10-09T05:17:39Z
2020-03-11,MTA,1.03,1.03,1.03,1.03,35400,KBS,2026-10-09T05:17:39Z
2020-03-12,MTA,1.03,1.03,1.03,1.03,15900,KBS,2026-10-09T05:17:39Z
2020-03-13,MTA,1.03,1.03,1.03,1.03,8100,KBS,2026-10-09T05:17:39Z
2020-03-17,MTA,1.13,1.13,1.13,1.13,100,KBS,2026-10-09T05:17:39Z
2020-03-24,MTA,1.22,1.22,1.22,1.22,100,KBS,2026-10-09T05:17:39Z
2020-03-26,MTA,1.32,1.32,1.32,1.32,100,KBS,2026-10-09T05:17:39Z
2020-03-27,MTA,1.13,1.13,1.13,1.13,100,KBS,2026-10-09T05:17:39Z
2020-04-20,MTA,1.03,1.03,1.03,1.03,100,KBS,2026-10-09T05:17:39Z
2020-04-21,MTA,1.03,1.13,1.03,1.03,169700,KBS,2026-10-09T05:17:39Z
2020-04-22,MTA,1.03,1.03,1.03,1.03,100,KBS,2026-10-09T05:17:39Z
2020-04-23,MTA,1.13,1.13,1.13,1.13,3200,KBS,2026-10-09T05:17:39Z
2020-04-24,MTA,1.03,1.03,1.03,1.03,100,KBS,2026-10-09T05:17:39Z
2020-04-27,MTA,1.13,1.13,1.13,1.13,30500,KBS,2026-10-09T05:17:39Z
2020-04-28,MTA,1.22,1.22,1.22,1.22,300,KBS,2026-10-09T05:17:39Z
2020-04-29,MTA,1.32,1.32,1.32,1.32,300,KBS,2026-10-09T05:17:39Z
2020-05-04,MTA,1.5,1.5,1.5,1.5,300,KBS,2026-10-09T05:17:39Z
2020-05-05,MTA,1.69,1.69,1.69,1.69,112400,KBS,2026-10-09T05:17:39Z
2020-05-06,MTA,1.88,1.88,1.88,1.88,40000,KBS,2026-10-09T05:17:39Z
2020-05-07,MTA,2.16,2.16,2.16,2.16,41900,KBS,2026-10-09T05:17:39Z
2020-05-08,MTA,2.44,2.44,1.88,2.16,296400,KBS,2026-10-09T05:17:39Z
2020-05-11,MTA,2.44,2.54,2.25,2.54,125800,KBS,2026-10-09T05:17:39Z
2020-05-12,MTA,2.72,2.72,2.72,2.72,6000,KBS,2026-10-09T05:17:39Z
2020-05-13,MTA,3.1,3.1,3.1,3.1,86900,KBS,2026-10-09T05:17:39Z
2020-05-14,MTA,3.47,3.47,3.19,3.47,73000,KBS,2026-10-09T05:17:39Z
2020-05-15,MTA,3.47,3.76,3.0,3.29,93900,KBS,2026-10-09T05:17:39Z
2020-05-18,MTA,3.19,3.38,2.82,3.19,26800,KBS,2026-10-09T05:17:39Z
2020-05-19,MTA,3.29,3.29,3.1,3.29,80000,KBS,2026-10-09T05:17:39Z
2020-05-20,MTA,3.0,3.38,3.0,3.29,21200,KBS,2026-10-09T05:17:39Z
2020-05-21,MTA,3.1,3.29,3.0,3.29,52800,KBS,2026-10-09T05:17:39Z
2020-05-22,MTA,3.19,3.29,2.91,2.91,53100,KBS,2026-10-09T05:17:39Z
2020-05-25,MTA,2.54,3.29,2.54,3.29,68300,KBS,2026-10-09T05:17:39Z
2020-05-26,MTA,3.57,3.76,3.47,3.76,207600,KBS,2026-10-09T05:17:39Z
2020-05-27,MTA,3.85,4.13,3.85,4.04,74000,KBS,2026-10-09T05:17:39Z
2020-05-28,MTA,3.85,3.94,3.76,3.85,22800,KBS,2026-10-09T05:17:39Z
2020-05-29,MTA,3.76,3.85,3.47,3.57,83200,KBS,2026-10-09T05:17:39Z
2020-06-01,MTA,3.57,3.76,3.57,3.76,61200,KBS,2026-10-09T05:17:39Z
2020-06-02,MTA,3.66,3.66,3.57,3.57,56000,KBS,2026-10-09T05:17:39Z
2020-06-03,MTA,3.57,3.57,3.47,3.57,15100,KBS,2026-10-09T05:17:39Z
2020-06-04,MTA,3.57,3.66,3.38,3.47,16700,KBS,2026-10-09T05:17:39Z
2020-06-05,MTA,3.57,3.76,3.47,3.57,75400,KBS,2026-10-09T05:17:39Z
2020-06-08,MTA,3.66,3.76,3.57,3.76,29300,KBS,2026-10-09T05:17:39Z
2020-06-09,MTA,3.66,3.66,3.57,3.57,144600,KBS,2026-10-09T05:17:39Z
2020-06-10,MTA,3.66,3.66,3.38,3.57,57000,KBS,2026-10-09T05:17:39Z
2020-06-11,MTA,3.47,3.76,3.47,3.47,180800,KBS,2026-10-09T05:17:39Z
2020-06-12,MTA,3.38,3.47,3.38,3.47,15200,KBS,2026-10-09T05:17:39Z
2020-06-15,MTA,3.38,3.66,3.38,3.47,46000,KBS,2026-10-09T05:17:39Z
2020-06-16,MTA,3.57,3.57,3.47,3.47,34000,KBS,2026-10-09T05:17:39Z
2020-06-17,MTA,3.66,3.66,3.47,3.47,41700,KBS,2026-10-09T05:17:39Z
2020-06-18,MTA,3.47,3.57,3.47,3.47,24800,KBS,2026-10-09T05:17:39Z
2020-06-19,MTA,3.47,3.57,3.47,3.57,17400,KBS,2026-10-09T05:17:39Z
2020-06-22,MTA,3.66,3.94,3.66,3.94,97800,KBS,2026-10-09T05:17:39Z
2020-06-23,MTA,4.04,4.41,4.04,4.32,29400,KBS,2026-10-09T05:17:39Z
2020-06-24,MTA,4.13,4.22,4.04,4.22,1400,KBS,2026-10-09T05:17:39Z
2020-06-25,MTA,3.76,4.04,3.76,3.76,32900,KBS,2026-10-09T05:17:39Z
2020-06-26,MTA,3.76,3.76,3.57,3.57,3500,KBS,2026-10-09T05:17:39Z
2020-06-29,MTA,3.57,3.66,3.47,3.47,12000,KBS,2026-10-09T05:17:39Z
2020-06-30,MTA,3.57,3.57,3.57,3.57,33200,KBS,2026-10-09T05:17:39Z
2020-07-01,MTA,3.57,3.57,3.57,3.57,71500,KBS,2026-10-09T05:17:39Z
2020-07-02,MTA,3.66,3.66,3.57,3.57,24300,KBS,2026-10-09T05:17:39Z
2020-07-03,MTA,3.57,3.57,3.57,3.57,2300,KBS,2026-10-09T05:17:39Z
2020-07-06,MTA,3.57,3.94,3.57,3.57,12700,KBS,2026-10-09T05:17:39Z
2020-07-07,MTA,3.57,3.57,3.57,3.57,3300,KBS,2026-10-09T05:17:39Z
2020-07-08,MTA,3.57,3.85,3.57,3.85,33400,KBS,2026-10-09T05:17:39Z
2020-07-10,MTA,3.85,3.94,3.85,3.85,28000,KBS,2026-10-09T05:17:39Z
2020-07-13,MTA,3.85,3.85,3.66,3.66,7200,KBS,2026-10-09T05:17:39Z
2020-07-14,MTA,3.76,4.13,3.76,4.04,8700,KBS,2026-10-09T05:17:39Z
2020-07-15,MTA,4.04,4.13,3.85,4.13,6900,KBS,2026-10-09T05:17:39Z
2020-07-16,MTA,4.13,4.13,4.04,4.04,6300,KBS,2026-10-09T05:17:39Z
2020-07-17,MTA,4.04,4.13,4.04,4.13,11400,KBS,2026-10-09T05:17:39Z
2020-07-20,MTA,4.13,4.6,4.13,4.6,51700,KBS,2026-10-09T05:17:39Z
2020-07-21,MTA,4.51,5.16,4.51,5.16,34100,KBS,2026-10-09T05:17:39Z
2020-07-22,MTA,4.88,5.26,4.7,5.16,69400,KBS,2026-10-09T05:17:39Z
2020-07-23,MTA,4.6,5.07,4.6,5.07,4400,KBS,2026-10-09T05:17:39Z
2020-07-24,MTA,5.16,5.16,4.41,4.6,59900,KBS,2026-10-09T05:17:39Z
2020-07-27,MTA,4.7,5.16,4.6,4.7,43800,KBS,2026-10-09T05:17:39Z
2020-07-28,MTA,4.98,5.16,4.79,4.98,29300,KBS,2026-10-09T05:17:39Z
2020-07-29,MTA,4.98,4.98,4.79,4.79,20400,KBS,2026-10-09T05:17:39Z
2020-07-30,MTA,4.79,4.79,4.7,4.7,30700,KBS,2026-10-09T05:17:39Z
2020-07-31,MTA,4.79,5.35,4.7,5.26,34300,KBS,2026-10-09T05:17:39Z
2020-08-03,MTA,5.26,5.35,5.16,5.26,21700,KBS,2026-10-09T05:17:39Z
2020-08-04,MTA,5.35,5.35,5.16,5.35,15400,KBS,2026-10-09T05:17:39Z
2020-08-05,MTA,5.35,5.45,5.16,5.16,17200,KBS,2026-10-09T05:17:39Z
2020-08-06,MTA,5.26,5.26,5.07,5.07,1300,KBS,2026-10-09T05:17:39Z
2020-08-07,MTA,5.07,5.07,4.98,4.98,3900,KBS,2026-10-09T05:17:39Z
2020-08-10,MTA,4.88,4.88,4.88,4.88,35100,KBS,2026-10-09T05:17:39Z
2020-08-11,MTA,4.7,5.54,4.7,5.54,332200,KBS,2026-10-09T05:17:39Z
2020-08-12,MTA,6.1,6.1,5.63,5.82,95400,KBS,2026-10-09T05:17:39Z
2020-08-13,MTA,5.92,6.48,5.63,6.29,61700,KBS,2026-10-09T05:17:39Z
2020-08-14,MTA,6.01,6.01,5.45,5.63,69500,KBS,2026-10-09T05:17:39Z
2020-08-17,MTA,5.73,5.73,5.54,5.73,107600,KBS,2026-10-09T05:17:39Z
2020-08-18,MTA,5.63,5.92,5.54,5.82,64700,KBS,2026-10-09T05:17:39Z
2020-08-19,MTA,5.82,5.82,5.45,5.63,139900,KBS,2026-10-09T05:17:39Z
2020-08-20,MTA,5.73,5.92,5.63,5.82,42700,KBS,2026-10-09T05:17:39Z
2020-08-21,MTA,6.01,6.67,5.82,6.48,166000,KBS,2026-10-09T05:17:39Z
2020-08-24,MTA,6.67,7.04,6.48,6.86,170200,KBS,2026-10-09T05:17:39Z
2020-08-25,MTA,7.04,7.04,6.48,6.48,91000,KBS,2026-10-09T05:17:39Z
2020-08-26,MTA,6.48,6.67,6.29,6.38,74100,KBS,2026-10-09T05:17:39Z
2020-08-27,MTA,6.38,6.57,6.2,6.57,65900,KBS,2026-10-09T05:17:39Z
2020-08-28,MTA,6.57,6.57,6.2,6.38,29000,KBS,2026-10-09T05:17:39Z
2020-08-31,MTA,6.48,6.76,6.38,6.38,43100,KBS,2026-10-09T05:17:39Z
2020-09-01,MTA,5.92,6.57,5.92,6.29,27000,KBS,2026-10-09T05:17:39Z
2020-09-03,MTA,6.48,6.48,6.2,6.29,53900,KBS,2026-10-09T05:17:39Z
2020-09-04,MTA,6.29,6.29,6.01,6.2,28000,KBS,2026-10-09T05:17:39Z
2020-09-07,MTA,6.2,6.2,6.1,6.1,22700,KBS,2026-10-09T05:17:39Z
2020-09-08,MTA,6.2,6.2,5.92,6.01,24400,KBS,2026-10-09T05:17:39Z
2020-09-09,MTA,5.92,6.38,5.92,6.38,51600,KBS,2026-10-09T05:17:39Z
2020-09-10,MTA,6.48,6.76,6.48,6.76,80300,KBS,2026-10-09T05:17:39Z
2020-09-11,MTA,6.95,7.04,6.57,6.76,85900,KBS,2026-10-09T05:17:39Z
2020-09-14,MTA,6.86,7.42,6.86,7.23,130600,KBS,2026-10-09T05:17:39Z
2020-09-15,MTA,7.32,7.32,7.04,7.14,37200,KBS,2026-10-09T05:17:39Z
2020-09-16,MTA,7.14,7.32,7.04,7.32,20700,KBS,2026-10-09T05:17:39Z
2020-09-17,MTA,7.14,7.42,6.86,7.14,71400,KBS,2026-10-09T05:17:39Z
2020-09-18,MTA,7.14,7.79,7.04,7.32,20600,KBS,2026-10-09T05:17:39Z
2020-09-21,MTA,7.04,7.61,7.04,7.42,32200,KBS,2026-10-09T05:17:39Z
2020-09-22,MTA,7.23,7.51,7.23,7.42,14300,KBS,2026-10-09T05:17:39Z
2020-09-23,MTA,7.51,7.51,7.23,7.32,41300,KBS,2026-10-09T05:17:39Z
2020-09-24,MTA,7.61,7.61,7.23,7.23,7800,KBS,2026-10-09T05:17:39Z
2020-09-25,MTA,7.23,7.23,7.04,7.04,6400,KBS,2026-10-09T05:17:39Z
2020-09-28,MTA,7.23,7.23,7.23,7.23,14300,KBS,2026-10-09T05:17:39Z
2020-09-29,MTA,7.23,7.23,7.14,7.23,29800,KBS,2026-10-09T05:17:39Z
2020-09-30,MTA,7.23,7.23,7.14,7.23,39500,KBS,2026-10-09T05:17:39Z
2020-10-01,MTA,7.32,8.07,7.32,7.7,48400,KBS,2026-10-09T05:17:39Z
2020-10-02,MTA,8.07,8.45,7.89,8.07,72400,KBS,2026-10-09T05:17:39Z
2020-10-05,MTA,8.17,8.54,8.17,8.54,36800,KBS,2026-10-09T05:17:39Z
2020-10-06,MTA,8.26,9.01,8.26,8.92,51600,KBS,2026-10-09T05:17:39Z
2020-10-07,MTA,8.64,8.73,8.54,8.64,40300,KBS,2026-10-09T05:17:39Z
2020-10-08,MTA,8.54,8.54,8.36,8.45,65200,KBS,2026-10-09T05:17:39Z
2020-10-09,MTA,8.54,8.83,8.26,8.83,40400,KBS,2026-10-09T05:17:39Z
2020-10-12,MTA,8.83,8.92,8.36,8.45,21710,KBS,2026-10-09T05:17:39Z
2020-10-13,MTA,8.36,8.83,8.07,8.54,62500,KBS,2026-10-09T05:17:39Z
2020-10-14,MTA,8.36,8.64,8.36,8.54,11200,KBS,2026-10-09T05:17:39Z
2020-10-15,MTA,8.45,8.64,8.45,8.45,46700,KBS,2026-10-09T05:17:39Z
2020-10-16,MTA,8.36,8.36,8.17,8.36,62100,KBS,2026-10-09T05:17:39Z
2020-10-19,MTA,8.45,8.45,8.07,8.26,6000,KBS,2026-10-09T05:17:39Z
2020-10-20,MTA,7.98,7.98,7.98,7.98,200,KBS,2026-10-09T05:17:39Z
2020-10-21,MTA,8.07,8.73,7.98,8.73,19100,KBS,2026-10-09T05:17:39Z
2020-10-22,MTA,8.73,8.73,8.73,8.73,100,KBS,2026-10-09T05:17:39Z
2020-10-23,MTA,8.45,8.45,8.17,8.45,12600,KBS,2026-10-09T05:17:39Z
2020-10-26,MTA,8.45,8.45,8.45,8.45,8200,KBS,2026-10-09T05:17:39Z
2020-10-27,MTA,8.45,8.45,8.45,8.45,3800,KBS,2026-10-09T05:17:39Z
2020-10-28,MTA,8.45,8.45,8.07,8.07,23300,KBS,2026-10-09T05:17:39Z
2020-10-29,MTA,8.45,8.45,8.36,8.36,3200,KBS,2026-10-09T05:17:39Z
2020-10-30,MTA,8.45,8.45,8.36,8.36,4700,KBS,2026-10-09T05:17:39Z
2020-11-02,MTA,8.45,8.45,8.26,8.36,3100,KBS,2026-10-09T05:17:39Z
2020-11-03,MTA,8.36,8.36,7.89,8.26,400,KBS,2026-10-09T05:17:39Z
2020-11-04,MTA,8.07,8.07,7.98,8.07,9200,KBS,2026-10-09T05:17:39Z
2020-11-05,MTA,8.07,8.07,7.98,7.98,300,KBS,2026-10-09T05:17:39Z
2020-11-06,MTA,7.98,7.98,7.89,7.98,4600,KBS,2026-10-09T05:17:39Z
2020-11-09,MTA,8.07,8.07,7.61,7.89,14400,KBS,2026-10-09T05:17:39Z
2020-11-10,MTA,7.79,7.79,7.51,7.7,9100,KBS,2026-10-09T05:17:39Z
2020-11-11,MTA,7.79,7.79,7.23,7.61,9200,KBS,2026-10-09T05:17:39Z
2020-11-12,MTA,7.79,8.26,7.79,7.98,38700,KBS,2026-10-09T05:17:39Z
2020-11-13,MTA,7.89,7.98,7.79,7.79,11400,KBS,2026-10-09T05:17:39Z
2020-11-16,MTA,7.79,7.89,7.61,7.61,17200,KBS,2026-10-09T05:17:39Z
2020-11-17,MTA,7.51,7.79,7.51,7.61,11800,KBS,2026-10-09T05:17:39Z
2020-11-18,MTA,7.61,7.61,7.32,7.42,24600,KBS,2026-10-09T05:17:39Z
2020-11-19,MTA,7.32,7.61,7.32,7.51,15300,KBS,2026-10-09T05:17:39Z
2020-11-20,MTA,7.51,7.51,7.32,7.32,12600,KBS,2026-10-09T05:17:39Z
2020-11-23,MTA,7.51,7.51,7.14,7.42,42800,KBS,2026-10-09T05:17:39Z
2020-11-24,MTA,7.32,7.32,6.95,7.04,81700,KBS,2026-10-09T05:17:39Z
2020-11-25,MTA,7.14,7.42,6.95,7.42,31900,KBS,2026-10-09T05:17:39Z
2020-11-26,MTA,7.04,7.04,6.95,7.04,3600,KBS,2026-10-09T05:17:39Z
2020-11-27,MTA,6.86,6.95,6.76,6.86,48500,KBS,2026-10-09T05:17:39Z
2020-11-30,MTA,6.76,6.86,6.48,6.48,87300,KBS,2026-10-09T05:17:39Z
2020-12-01,MTA,6.67,6.67,6.67,6.67,6100,KBS,2026-10-09T05:17:39Z
2020-12-02,MTA,7.04,7.32,6.2,6.48,149900,KBS,2026-10-09T05:17:39Z
2020-12-03,MTA,6.38,6.48,6.29,6.38,13000,KBS,2026-10-09T05:17:39Z
2020-12-04,MTA,6.48,6.76,6.38,6.76,73500,KBS,2026-10-09T05:17:39Z
2020-12-07,MTA,6.76,6.86,6.67,6.76,32200,KBS,2026-10-09T05:17:39Z
2020-12-08,MTA,6.76,7.14,6.48,6.57,41500,KBS,2026-10-09T05:17:39Z
2020-12-09,MTA,6.48,6.57,6.38,6.48,49300,KBS,2026-10-09T05:17:39Z
2020-12-10,MTA,6.67,6.67,6.57,6.57,13700,KBS,2026-10-09T05:17:39Z
2020-12-11,MTA,6.38,6.57,6.2,6.48,62000,KBS,2026-10-09T05:17:39Z
2020-12-14,MTA,6.57,6.57,6.29,6.38,42400,KBS,2026-10-09T05:17:39Z
2020-12-15,MTA,6.29,6.29,6.2,6.29,66310,KBS,2026-10-09T05:17:39Z
2020-12-16,MTA,6.29,6.38,6.2,6.38,38600,KBS,2026-10-09T05:17:39Z
2020-12-17,MTA,6.2,6.2,6.01,6.01,72900,KBS,2026-10-09T05:17:39Z
2020-12-18,MTA,6.01,6.1,5.73,6.1,108500,KBS,2026-10-09T05:17:39Z
2020-12-21,MTA,6.2,6.76,6.2,6.76,109700,KBS,2026-10-09T05:17:39Z
2020-12-22,MTA,6.95,7.51,6.95,7.51,103800,KBS,2026-10-09T05:17:39Z
2020-12-23,MTA,7.89,8.07,7.04,7.32,52100,KBS,2026-10-09T05:17:39Z
2020-12-24,MTA,7.61,7.61,6.57,6.76,81601,KBS,2026-10-09T05:17:39Z
2020-12-25,MTA,6.76,7.14,6.76,7.14,38900,KBS,2026-10-09T05:17:39Z
2020-12-28,MTA,7.14,7.51,7.04,7.23,86100,KBS,2026-10-09T05:17:39Z
2020-12-29,MTA,7.42,7.89,7.32,7.7,121200,KBS,2026-10-09T05:17:39Z
2020-12-30,MTA,7.61,7.61,7.32,7.32,94610,KBS,2026-10-09T05:17:39Z
2020-12-31,MTA,7.42,7.51,7.32,7.32,77510,KBS,2026-10-09T05:17:39Z
2021-01-04,MTA,7.42,7.51,7.32,7.51,87400,KBS,2026-10-09T05:17:39Z
2021-01-05,MTA,7.42,7.51,7.32,7.42,23600,KBS,2026-10-09T05:17:39Z
2021-01-06,MTA,7.32,7.42,7.23,7.23,24720,KBS,2026-10-09T05:17:39Z
2021-01-07,MTA,7.32,7.32,7.14,7.23,64500,KBS,2026-10-09T05:17:39Z
2021-01-08,MTA,7.23,7.32,7.14,7.32,46900,KBS,2026-10-09T05:17:39Z
2021-01-11,MTA,7.14,7.23,6.95,7.23,92300,KBS,2026-10-09T05:17:39Z
2021-01-12,MTA,7.04,7.51,7.04,7.51,58900,KBS,2026-10-09T05:17:39Z
2021-01-13,MTA,7.51,7.89,7.51,7.89,115100,KBS,2026-10-09T05:17:39Z
2021-01-14,MTA,7.89,8.83,7.89,8.45,117500,KBS,2026-10-09T05:17:39Z
2021-01-15,MTA,8.83,9.01,8.73,8.83,91100,KBS,2026-10-09T05:17:39Z
2021-01-18,MTA,8.83,8.83,8.17,8.17,68400,KBS,2026-10-09T05:17:39Z
2021-01-19,MTA,8.26,8.26,7.14,7.51,182800,KBS,2026-10-09T05:17:39Z
2021-01-20,MTA,7.51,8.17,6.29,7.51,74500,KBS,2026-10-09T05:17:39Z
2021-01-21,MTA,7.89,7.89,7.42,7.89,61700,KBS,2026-10-09T05:17:39Z
2021-01-22,MTA,7.98,7.98,7.23,7.79,53000,KBS,2026-10-09T05:17:39Z
2021-01-25,MTA,7.7,7.89,7.23,7.61,36900,KBS,2026-10-09T05:17:39Z
2021-01-26,MTA,7.32,7.51,7.14,7.51,46700,KBS,2026-10-09T05:17:39Z
2021-01-27,MTA,7.23,7.51,6.67,7.14,57600,KBS,2026-10-09T05:17:39Z
2021-01-28,MTA,6.1,6.57,6.1,6.1,123840,KBS,2026-10-09T05:17:39Z
2021-01-29,MTA,6.01,6.86,6.01,6.76,48200,KBS,2026-10-09T05:17:39Z
2021-02-01,MTA,6.76,6.76,6.29,6.29,16500,KBS,2026-10-09T05:17:39Z
2021-02-02,MTA,6.38,6.48,6.1,6.48,48300,KBS,2026-10-09T05:17:39Z
2021-02-03,MTA,5.92,6.67,5.92,6.67,26200,KBS,2026-10-09T05:17:39Z
2021-02-04,MTA,6.86,6.86,6.48,6.48,29800,KBS,2026-10-09T05:17:39Z
2021-02-05,MTA,6.48,6.57,6.38,6.57,34100,KBS,2026-10-09T05:17:39Z
2021-02-08,MTA,6.57,6.57,6.38,6.48,27100,KBS,2026-10-09T05:17:39Z
2021-02-09,MTA,6.48,7.04,6.48,6.57,5600,KBS,2026-10-09T05:17:39Z
2021-02-17,MTA,6.86,7.14,6.76,7.04,23099,KBS,2026-10-09T05:17:39Z
2021-02-18,MTA,6.76,6.86,6.67,6.76,64650,KBS,2026-10-09T05:17:39Z
2021-02-19,MTA,6.76,6.86,6.67,6.76,45300,KBS,2026-10-09T05:17:39Z
2021-02-22,MTA,6.95,7.14,6.76,7.14,176000,KBS,2026-10-09T05:17:39Z
2021-02-23,MTA,7.14,7.79,7.14,7.61,336725,KBS,2026-10-09T05:17:39Z
2021-02-24,MTA,7.7,7.79,7.14,7.42,37700,KBS,2026-10-09T05:17:39Z
2021-02-25,MTA,7.42,7.51,7.14,7.42,54340,KBS,2026-10-09T05:17:39Z
2021-02-26,MTA,7.23,7.23,7.04,7.23,43500,KBS,2026-10-09T05:17:39Z
2021-03-01,MTA,7.04,7.51,7.04,7.32,40710,KBS,2026-10-09T05:17:39Z
2021-03-02,MTA,7.23,7.51,7.23,7.32,123800,KBS,2026-10-09T05:17:39Z
2021-03-03,MTA,7.32,7.42,7.23,7.32,55300,KBS,2026-10-09T05:17:39Z
2021-03-04,MTA,7.32,7.42,7.14,7.23,63500,KBS,2026-10-09T05:17:39Z
2021-03-05,MTA,7.23,7.98,7.04,7.79,126400,KBS,2026-10-09T05:17:39Z
2021-03-08,MTA,7.7,7.89,7.7,7.79,54520,KBS,2026-10-09T05:17:39Z
2021-03-09,MTA,7.79,7.79,7.51,7.61,51620,KBS,2026-10-09T05:17:39Z
2021-03-10,MTA,7.32,7.7,7.32,7.7,38700,KBS,2026-10-09T05:17:39Z
2021-03-11,MTA,7.7,7.7,7.51,7.51,28200,KBS,2026-10-09T05:17:39Z
2021-03-12,MTA,7.32,7.7,7.32,7.51,33900,KBS,2026-10-09T05:17:39Z
2021-03-15,MTA,7.61,7.98,7.61,7.79,93810,KBS,2026-10-09T05:17:39Z
2021-03-16,MTA,7.98,9.01,7.98,8.64,231864,KBS,2026-10-09T05:17:39Z
2021-03-17,MTA,8.83,8.92,8.45,8.45,73300,KBS,2026-10-09T05:17:39Z
2021-03-18,MTA,8.45,8.64,7.98,8.64,81500,KBS,2026-10-09T05:17:39Z
2021-03-19,MTA,8.07,8.54,8.07,8.54,49320,KBS,2026-10-09T05:17:39Z
2021-03-22,MTA,8.64,8.64,8.26,8.45,41110,KBS,2026-10-09T05:17:39Z
2021-03-23,MTA,8.45,8.45,8.07,8.17,52300,KBS,2026-10-09T05:17:39Z
2021-03-24,MTA,8.07,8.07,7.79,7.98,80200,KBS,2026-10-09T05:17:39Z
2021-03-25,MTA,8.45,8.45,7.79,8.26,37100,KBS,2026-10-09T05:17:39Z
2021-03-26,MTA,8.26,8.26,7.79,7.98,35400,KBS,2026-10-09T05:17:39Z
2021-03-29,MTA,7.79,8.17,7.79,8.07,51600,KBS,2026-10-09T05:17:39Z
2021-03-30,MTA,8.07,8.07,7.98,7.98,11600,KBS,2026-10-09T05:17:39Z
2021-03-31,MTA,7.98,8.07,7.89,7.98,51400,KBS,2026-10-09T05:17:39Z
2021-04-01,MTA,7.98,7.98,7.7,7.98,65500,KBS,2026-10-09T05:17:39Z
2021-04-02,MTA,7.98,7.98,7.89,7.98,52100,KBS,2026-10-09T05:17:39Z
2021-04-05,MTA,7.98,8.07,7.51,7.7,49200,KBS,2026-10-09T05:17:39Z
2021-04-06,MTA,7.79,8.26,7.61,8.17,85600,KBS,2026-10-09T05:17:39Z
2021-04-07,MTA,7.98,8.17,7.79,8.07,13300,KBS,2026-10-09T05:17:39Z
2021-04-08,MTA,8.07,8.17,8.07,8.07,68500,KBS,2026-10-09T05:17:39Z
2021-04-09,MTA,8.07,8.45,8.07,8.45,160234,KBS,2026-10-09T05:17:39Z
2021-04-12,MTA,8.54,8.54,8.36,8.36,107700,KBS,2026-10-09T05:17:39Z
2021-04-13,MTA,8.45,8.45,7.98,8.07,84600,KBS,2026-10-09T05:17:39Z
2021-04-14,MTA,8.07,8.45,7.89,8.17,90800,KBS,2026-10-09T05:17:39Z
2021-04-15,MTA,8.17,8.26,7.98,7.98,48200,KBS,2026-10-09T05:17:39Z
2021-04-16,MTA,7.98,8.07,7.7,8.07,75200,KBS,2026-10-09T05:17:39Z
2021-04-19,MTA,7.89,8.45,7.89,8.36,170700,KBS,2026-10-09T05:17:39Z
2021-04-20,MTA,8.36,8.36,8.07,8.07,27100,KBS,2026-10-09T05:17:39Z
2021-04-22,MTA,8.17,8.17,7.7,7.7,69400,KBS,2026-10-09T05:17:39Z
2021-04-23,MTA,7.51,7.7,7.51,7.51,84400,KBS,2026-10-09T05:17:39Z
2021-04-26,MTA,7.7,7.7,7.14,7.42,53200,KBS,2026-10-09T05:17:39Z
2021-04-27,MTA,7.14,7.32,6.95,7.32,42600,KBS,2026-10-09T05:17:39Z
2021-04-28,MTA,7.04,7.32,7.04,7.32,75300,KBS,2026-10-09T05:17:39Z
2021-04-29,MTA,7.14,7.42,7.04,7.14,9500,KBS,2026-10-09T05:17:39Z
2021-05-04,MTA,7.23,7.23,6.95,7.14,5300,KBS,2026-10-09T05:17:39Z
2021-05-05,MTA,7.14,7.14,6.95,7.04,71500,KBS,2026-10-09T05:17:39Z
2021-05-06,MTA,7.04,7.14,6.86,6.86,75800,KBS,2026-10-09T05:17:39Z
2021-05-07,MTA,7.04,7.14,6.86,6.95,27600,KBS,2026-10-09T05:17:39Z
2021-05-10,MTA,6.86,7.04,6.76,6.95,208000,KBS,2026-10-09T05:17:39Z
2021-05-11,MTA,6.95,7.14,6.86,6.86,39000,KBS,2026-10-09T05:17:39Z
2021-05-12,MTA,6.95,7.04,6.76,6.95,41600,KBS,2026-10-09T05:17:39Z
2021-05-13,MTA,6.86,6.86,6.76,6.76,50600,KBS,2026-10-09T05:17:39Z
2021-05-14,MTA,6.76,6.86,6.67,6.76,12700,KBS,2026-10-09T05:17:39Z
2021-05-17,MTA,6.76,6.86,6.76,6.76,18000,KBS,2026-10-09T05:17:39Z
2021-05-18,MTA,6.76,6.76,6.76,6.76,8900,KBS,2026-10-09T05:17:39Z
2021-05-19,MTA,6.67,7.61,6.67,7.42,54300,KBS,2026-10-09T05:17:39Z
2021-05-20,MTA,7.42,7.42,6.76,6.76,49100,KBS,2026-10-09T05:17:39Z
2021-05-21,MTA,7.04,7.04,6.76,6.95,24100,KBS,2026-10-09T05:17:39Z
2021-05-24,MTA,6.95,7.04,6.67,6.95,45500,KBS,2026-10-09T05:17:39Z
2021-05-25,MTA,6.86,6.95,6.76,6.86,6600,KBS,2026-10-09T05:17:39Z
2021-05-26,MTA,6.95,6.95,6.76,6.86,13700,KBS,2026-10-09T05:17:39Z
2021-05-27,MTA,6.86,7.32,6.86,6.86,48200,KBS,2026-10-09T05:17:39Z
2021-05-28,MTA,7.04,7.04,6.76,6.86,73800,KBS,2026-10-09T05:17:39Z
2021-05-31,MTA,6.86,6.95,6.86,6.95,28700,KBS,2026-10-09T05:17:39Z
2021-06-01,MTA,6.86,6.86,6.76,6.76,51500,KBS,2026-10-09T05:17:39Z
2021-06-02,MTA,6.76,6.86,6.76,6.76,21900,KBS,2026-10-09T05:17:39Z
2021-06-03,MTA,6.86,6.86,6.76,6.86,35400,KBS,2026-10-09T05:17:39Z
2021-06-04,MTA,6.86,6.95,6.67,6.86,62100,KBS,2026-10-09T05:17:39Z
2021-06-07,MTA,6.95,6.95,6.67,6.76,25300,KBS,2026-10-09T05:17:39Z
2021-06-08,MTA,6.67,6.76,6.57,6.57,72400,KBS,2026-10-09T05:17:39Z
2021-06-09,MTA,6.57,6.76,6.38,6.76,23534,KBS,2026-10-09T05:17:39Z
2021-06-10,MTA,6.76,6.76,6.57,6.57,9900,KBS,2026-10-09T05:17:39Z
2021-06-11,MTA,6.67,6.67,6.57,6.67,41900,KBS,2026-10-09T05:17:39Z
2021-06-14,MTA,6.76,6.76,6.67,6.67,24300,KBS,2026-10-09T05:17:39Z
2021-06-15,MTA,6.67,6.76,6.57,6.67,54600,KBS,2026-10-09T05:17:39Z
2021-06-16,MTA,6.76,6.76,6.57,6.67,8400,KBS,2026-10-09T05:17:39Z
2021-06-17,MTA,6.67,6.76,6.57,6.67,9800,KBS,2026-10-09T05:17:39Z
2021-06-18,MTA,6.67,6.76,6.48,6.67,48600,KBS,2026-10-09T05:17:39Z
2021-06-21,MTA,6.76,6.86,6.57,6.86,51300,KBS,2026-10-09T05:17:39Z
2021-06-22,MTA,6.86,6.86,6.76,6.76,15000,KBS,2026-10-09T05:17:39Z
2021-06-23,MTA,6.67,6.76,6.67,6.67,15900,KBS,2026-10-09T05:17:39Z
2021-06-24,MTA,6.67,6.76,6.67,6.67,16400,KBS,2026-10-09T05:17:39Z
2021-06-25,MTA,6.67,6.67,6.57,6.57,14600,KBS,2026-10-09T05:17:39Z
2021-06-28,MTA,6.57,6.76,6.57,6.67,15834,KBS,2026-10-09T05:17:39Z
2021-06-29,MTA,6.57,6.57,6.48,6.57,16300,KBS,2026-10-09T05:17:39Z
2021-06-30,MTA,6.57,6.57,6.57,6.57,3900,KBS,2026-10-09T05:17:39Z
2021-07-01,MTA,6.48,6.57,6.48,6.57,4500,KBS,2026-10-09T05:17:39Z
2021-07-02,MTA,6.57,6.57,6.48,6.57,14800,KBS,2026-10-09T05:17:39Z
2021-07-05,MTA,6.57,6.67,6.57,6.57,15000,KBS,2026-10-09T05:17:39Z
2021-07-06,MTA,6.48,6.48,6.48,6.48,3300,KBS,2026-10-09T05:17:39Z
2021-07-07,MTA,6.38,6.38,6.01,6.1,22200,KBS,2026-10-09T05:17:39Z
2021-07-08,MTA,6.29,6.38,6.2,6.2,5600,KBS,2026-10-09T05:17:39Z
2021-07-09,MTA,6.2,6.57,6.2,6.48,10700,KBS,2026-10-09T05:17:39Z
2021-07-12,MTA,6.29,6.29,5.82,6.1,8800,KBS,2026-10-09T05:17:39Z
2021-07-13,MTA,6.01,6.1,6.01,6.1,2700,KBS,2026-10-09T05:17:39Z
2021-07-14,MTA,6.01,6.01,6.01,6.01,3700,KBS,2026-10-09T05:17:39Z
2021-07-15,MTA,6.01,6.01,5.82,6.01,9700,KBS,2026-10-09T05:17:39Z
2021-07-16,MTA,5.82,6.01,5.82,6.01,500,KBS,2026-10-09T05:17:39Z
2021-07-19,MTA,5.82,5.82,5.82,5.82,6100,KBS,2026-10-09T05:17:39Z
2021-07-20,MTA,5.92,5.92,5.82,5.82,14700,KBS,2026-10-09T05:17:39Z
2021-07-21,MTA,5.82,5.92,5.82,5.82,1600,KBS,2026-10-09T05:17:39Z
2021-07-30,MTA,5.82,5.82,4.98,5.26,72400,KBS,2026-10-09T05:17:39Z
2021-08-06,MTA,5.35,5.45,5.26,5.45,60000,KBS,2026-10-09T05:17:39Z
2021-08-13,MTA,5.63,6.1,5.54,6.1,61100,KBS,2026-10-09T05:17:39Z
2021-08-20,MTA,6.1,6.57,6.01,6.2,44400,KBS,2026-10-09T05:17:39Z
2021-08-26,MTA,6.76,6.86,6.2,6.38,34500,KBS,2026-10-09T05:17:39Z
2021-08-27,MTA,6.57,6.57,6.38,6.57,46300,KBS,2026-10-09T05:17:39Z
2021-08-30,MTA,6.57,6.67,6.57,6.57,31000,KBS,2026-10-09T05:17:39Z
2021-08-31,MTA,6.67,7.51,6.67,7.51,198734,KBS,2026-10-09T05:17:39Z
2021-09-01,MTA,7.51,8.26,7.51,8.26,275300,KBS,2026-10-09T05:17:39Z
2021-09-06,MTA,8.92,9.48,8.54,9.39,190255,KBS,2026-10-09T05:17:39Z
2021-09-07,MTA,9.76,9.76,9.11,9.2,342100,KBS,2026-10-09T05:17:39Z
2021-09-08,MTA,9.39,9.39,8.45,8.45,213000,KBS,2026-10-09T05:17:39Z
2021-09-09,MTA,8.73,8.92,8.45,8.92,166910,KBS,2026-10-09T05:17:39Z
2021-09-10,MTA,8.64,8.92,8.54,8.83,176700,KBS,2026-10-09T05:17:39Z
2021-09-13,MTA,8.73,9.95,8.73,9.95,430280,KBS,2026-10-09T05:17:39Z
2021-09-14,MTA,10.24,11.08,10.24,11.08,254200,KBS,2026-10-09T05:17:39Z
2021-09-15,MTA,10.99,12.58,10.99,12.58,97100,KBS,2026-10-09T05:17:39Z
2021-09-16,MTA,12.68,14.18,12.68,13.15,378400,KBS,2026-10-09T05:17:39Z
2021-09-17,MTA,13.15,13.15,11.46,12.02,170500,KBS,2026-10-09T05:17:39Z
2021-09-20,MTA,12.02,12.86,11.55,12.21,162900,KBS,2026-10-09T05:17:39Z
2021-09-21,MTA,11.74,12.21,11.08,11.36,214770,KBS,2026-10-09T05:17:39Z
2021-09-22,MTA,11.64,13.15,11.64,13.15,313100,KBS,2026-10-09T05:17:39Z
2021-09-23,MTA,13.33,14.84,11.74,13.05,196200,KBS,2026-10-09T05:17:39Z
2021-09-24,MTA,12.86,12.86,11.74,11.74,218200,KBS,2026-10-09T05:17:39Z
2021-09-27,MTA,11.74,11.74,10.14,10.14,278600,KBS,2026-10-09T05:17:39Z
2021-09-28,MTA,10.42,10.52,9.01,10.42,110500,KBS,2026-10-09T05:17:39Z
2021-09-29,MTA,10.05,10.8,9.86,10.7,53400,KBS,2026-10-09T05:17:39Z
2021-09-30,MTA,10.7,11.55,10.61,10.61,43700,KBS,2026-10-09T05:17:39Z
2021-10-01,MTA,10.61,11.27,10.33,10.7,68200,KBS,2026-10-09T05:17:39Z
2021-10-04,MTA,10.7,11.27,10.33,10.52,125800,KBS,2026-10-09T05:17:39Z
2021-10-05,MTA,10.52,10.99,10.52,10.8,44700,KBS,2026-10-09T05:17:39Z
2021-10-06,MTA,10.89,10.99,10.33,10.89,55500,KBS,2026-10-09T05:17:39Z
2021-10-07,MTA,10.99,10.99,10.42,10.8,91300,KBS,2026-10-09T05:17:39Z
2021-10-08,MTA,10.7,10.8,10.14,10.33,152500,KBS,2026-10-09T05:17:39Z
2021-10-11,MTA,10.52,10.7,10.24,10.42,70600,KBS,2026-10-09T05:17:39Z
2021-10-12,MTA,10.33,10.33,9.95,10.24,44400,KBS,2026-10-09T05:17:39Z
2021-10-13,MTA,10.33,10.33,9.86,10.24,32000,KBS,2026-10-09T05:17:39Z
2021-10-14,MTA,10.05,10.7,10.05,10.52,51400,KBS,2026-10-09T05:17:39Z
2021-10-15,MTA,10.61,10.61,10.14,10.24,33300,KBS,2026-10-09T05:17:39Z
2021-10-18,MTA,10.42,10.42,9.86,9.86,109400,KBS,2026-10-09T05:17:39Z
2021-10-19,MTA,10.05,10.24,9.58,9.95,122200,KBS,2026-10-09T05:17:39Z
2021-10-20,MTA,9.86,10.14,9.67,9.95,45200,KBS,2026-10-09T05:17:39Z
2021-10-21,MTA,9.95,9.95,9.58,9.67,86700,KBS,2026-10-09T05:17:39Z
2021-10-22,MTA,9.48,10.14,9.48,9.86,96600,KBS,2026-10-09T05:17:39Z
2021-10-25,MTA,9.86,10.52,9.86,10.24,109400,KBS,2026-10-09T05:17:39Z
2021-10-26,MTA,10.24,10.42,9.95,10.14,67300,KBS,2026-10-09T05:17:39Z
2021-10-27,MTA,10.14,10.7,10.05,10.42,151800,KBS,2026-10-09T05:17:39Z
2021-10-28,MTA,10.52,11.36,10.24,11.27,207300,KBS,2026-10-09T05:17:39Z
2021-10-29,MTA,10.89,11.92,10.8,11.46,109100,KBS,2026-10-09T05:17:39Z
2021-11-01,MTA,11.36,11.36,11.08,11.17,118500,KBS,2026-10-09T05:17:39Z
2021-11-02,MTA,11.17,11.17,9.95,10.89,170300,KBS,2026-10-09T05:17:39Z
2021-11-03,MTA,10.52,10.99,10.33,10.52,101700,KBS,2026-10-09T05:17:39Z
2021-11-04,MTA,10.42,10.89,10.33,10.7,52600,KBS,2026-10-09T05:17:39Z
2021-11-05,MTA,10.33,10.7,10.33,10.7,51600,KBS,2026-10-09T05:17:39Z
2021-11-08,MTA,10.52,10.99,10.52,10.7,93300,KBS,2026-10-09T05:17:39Z
2021-11-09,MTA,10.89,10.89,10.52,10.7,31500,KBS,2026-10-09T05:17:39Z
2021-11-10,MTA,10.8,10.8,10.33,10.61,116900,KBS,2026-10-09T05:17:39Z
2021-11-11,MTA,10.61,12.02,10.61,11.83,398900,KBS,2026-10-09T05:17:39Z
2021-11-12,MTA,11.92,13.15,11.92,12.96,235700,KBS,2026-10-09T05:17:39Z
2021-11-15,MTA,12.96,13.43,12.68,13.33,241000,KBS,2026-10-09T05:17:39Z
2021-11-16,MTA,13.33,13.33,12.21,12.86,271200,KBS,2026-10-09T05:17:39Z
2021-11-17,MTA,12.58,12.86,12.39,12.58,120400,KBS,2026-10-09T05:17:39Z
2021-11-18,MTA,12.39,13.43,12.39,13.15,157500,KBS,2026-10-09T05:17:39Z
2021-11-19,MTA,12.96,12.96,12.21,12.49,88800,KBS,2026-10-09T05:17:39Z
2021-11-22,MTA,12.68,12.68,11.27,11.27,171000,KBS,2026-10-09T05:17:39Z
2021-11-23,MTA,11.27,11.92,10.42,11.92,57300,KBS,2026-10-09T05:17:39Z
2021-11-24,MTA,12.21,12.21,11.74,12.11,61900,KBS,2026-10-09T05:17:39Z
2021-11-25,MTA,11.92,12.77,11.92,12.39,60500,KBS,2026-10-09T05:17:39Z
2021-11-26,MTA,12.39,12.49,11.92,11.92,41000,KBS,2026-10-09T05:17:39Z
2021-11-29,MTA,11.36,11.92,11.36,11.92,87800,KBS,2026-10-09T05:17:39Z
2021-11-30,MTA,11.92,13.52,11.92,13.52,169300,KBS,2026-10-09T05:17:39Z
2021-12-01,MTA,14.65,15.21,14.65,15.21,42900,KBS,2026-10-09T05:17:39Z
2021-12-02,MTA,17.46,17.46,14.08,14.84,211400,KBS,2026-10-09T05:17:39Z
2021-12-03,MTA,14.55,15.02,13.99,14.55,90300,KBS,2026-10-09T05:17:39Z
2021-12-06,MTA,14.08,14.08,12.39,12.96,82600,KBS,2026-10-09T05:17:39Z
2021-12-07,MTA,12.96,13.71,12.39,13.62,65600,KBS,2026-10-09T05:17:39Z
2021-12-08,MTA,13.71,14.65,11.17,13.15,67300,KBS,2026-10-09T05:17:39Z
2021-12-09,MTA,13.24,14.46,13.15,14.46,173600,KBS,2026-10-09T05:17:39Z
2021-12-10,MTA,15.87,15.96,14.46,15.4,336400,KBS,2026-10-09T05:17:39Z
2021-12-13,MTA,17.65,17.65,15.4,17.0,195700,KBS,2026-10-09T05:17:39Z
2021-12-14,MTA,17.37,17.84,16.06,16.81,142300,KBS,2026-10-09T05:17:39Z
2021-12-15,MTA,16.53,16.81,15.87,15.96,168700,KBS,2026-10-09T05:17:39Z
2021-12-16,MTA,15.78,15.96,14.93,15.21,180500,KBS,2026-10-09T05:17:39Z
2021-12-17,MTA,15.02,15.68,14.84,15.02,97200,KBS,2026-10-09T05:17:39Z
2021-12-20,MTA,15.21,15.21,14.55,14.74,79200,KBS,2026-10-09T05:17:39Z
2021-12-21,MTA,15.02,15.49,14.55,14.65,62000,KBS,2026-10-09T05:17:39Z
2021-12-22,MTA,14.93,15.02,14.46,14.46,94100,KBS,2026-10-09T05:17:39Z
2021-12-23,MTA,15.02,15.02,13.62,13.62,92000,KBS,2026-10-09T05:17:39Z
2021-12-24,MTA,13.99,14.55,13.43,13.62,57600,KBS,2026-10-09T05:17:39Z
2021-12-27,MTA,13.8,14.08,13.33,13.33,82600,KBS,2026-10-09T05:17:39Z
2021-12-28,MTA,13.33,13.99,13.24,13.24,43600,KBS,2026-10-09T05:17:39Z
2021-12-29,MTA,13.24,13.62,13.24,13.24,32900,KBS,2026-10-09T05:17:39Z
2021-12-30,MTA,13.9,13.9,12.96,12.96,83700,KBS,2026-10-09T05:17:39Z
2021-12-31,MTA,13.62,13.62,13.15,13.52,20600,KBS,2026-10-09T05:17:39Z
2022-01-04,MTA,13.9,13.9,13.43,13.52,56600,KBS,2026-10-09T05:17:39Z
2022-01-05,MTA,13.62,13.62,13.15,13.33,95300,KBS,2026-10-09T05:17:39Z
2022-01-06,MTA,13.15,13.24,13.05,13.15,54100,KBS,2026-10-09T05:17:39Z
2022-01-07,MTA,13.15,13.9,13.05,13.62,41500,KBS,2026-10-09T05:17:39Z
2022-01-10,MTA,13.9,13.99,13.62,13.62,53200,KBS,2026-10-09T05:17:39Z
2022-01-11,MTA,13.8,14.08,13.15,13.8,67800,KBS,2026-10-09T05:17:39Z
2022-01-12,MTA,13.8,13.8,13.15,13.8,15300,KBS,2026-10-09T05:17:39Z
2022-01-13,MTA,13.15,14.84,12.77,12.77,44900,KBS,2026-10-09T05:17:39Z
2022-01-14,MTA,12.77,13.9,12.21,13.43,19900,KBS,2026-10-09T05:17:39Z
2022-01-17,MTA,14.08,14.08,12.21,12.21,14400,KBS,2026-10-09T05:17:39Z
2022-01-18,MTA,12.58,13.15,12.21,12.21,42500,KBS,2026-10-09T05:17:39Z
2022-01-19,MTA,12.21,14.27,12.02,13.05,1200,KBS,2026-10-09T05:17:39Z
2022-01-20,MTA,14.74,14.74,12.21,12.49,24600,KBS,2026-10-09T05:17:39Z
2022-01-21,MTA,14.18,14.18,12.21,12.68,13700,KBS,2026-10-09T05:17:39Z
2022-01-24,MTA,12.68,12.68,11.55,11.55,5500,KBS,2026-10-09T05:17:39Z
2022-01-25,MTA,12.39,12.77,11.92,12.02,30300,KBS,2026-10-09T05:17:39Z
2022-01-26,MTA,12.68,12.68,11.64,12.39,2200,KBS,2026-10-09T05:17:39Z
2022-01-27,MTA,12.3,12.3,11.74,11.74,9300,KBS,2026-10-09T05:17:39Z
2022-01-28,MTA,11.92,12.39,11.64,12.21,9300,KBS,2026-10-09T05:17:39Z
2022-02-07,MTA,13.8,13.8,12.11,12.96,15700,KBS,2026-10-09T05:17:39Z
2022-02-08,MTA,11.92,12.68,11.92,12.58,10000,KBS,2026-10-09T05:17:39Z
2022-02-09,MTA,12.21,12.39,12.21,12.21,12800,KBS,2026-10-09T05:17:39Z
2022-02-10,MTA,12.58,12.58,12.21,12.21,3000,KBS,2026-10-09T05:17:39Z
2022-02-11,MTA,12.11,12.68,11.92,12.11,8500,KBS,2026-10-09T05:17:39Z
2022-02-14,MTA,12.49,12.58,11.55,12.58,28000,KBS,2026-10-09T05:17:39Z
2022-02-15,MTA,13.05,13.05,11.46,12.39,19200,KBS,2026-10-09T05:17:39Z
2022-02-16,MTA,13.05,13.05,11.92,11.92,6300,KBS,2026-10-09T05:17:39Z
2022-02-17,MTA,12.68,12.68,11.74,12.21,18600,KBS,2026-10-09T05:17:39Z
2022-02-18,MTA,11.64,12.39,11.55,12.21,31070,KBS,2026-10-09T05:17:39Z
2022-02-21,MTA,12.58,12.58,12.21,12.21,16000,KBS,2026-10-09T05:17:39Z
2022-02-22,MTA,12.21,13.05,11.74,12.3,17100,KBS,2026-10-09T05:17:39Z
2022-02-23,MTA,12.3,12.58,11.92,11.92,62500,KBS,2026-10-09T05:17:39Z
2022-02-24,MTA,11.74,12.39,11.27,12.21,17170,KBS,2026-10-09T05:17:39Z
2022-02-25,MTA,12.21,12.58,12.21,12.39,12300,KBS,2026-10-09T05:17:39Z
2022-02-28,MTA,12.39,13.15,12.11,12.58,25400,KBS,2026-10-09T05:17:39Z
2022-03-01,MTA,12.3,12.68,12.11,12.11,34100,KBS,2026-10-09T05:17:39Z
2022-03-02,MTA,12.02,12.58,11.92,12.21,13400,KBS,2026-10-09T05:17:39Z
2022-03-03,MTA,13.99,13.99,11.92,12.39,28000,KBS,2026-10-09T05:17:39Z
2022-03-04,MTA,13.05,13.05,11.74,12.02,23100,KBS,2026-10-09T05:17:39Z
2022-03-07,MTA,11.92,12.68,11.83,12.49,59600,KBS,2026-10-09T05:17:39Z
2022-03-08,MTA,13.8,13.8,12.21,12.21,27800,KBS,2026-10-09T05:17:39Z
2022-03-09,MTA,14.46,14.46,12.3,12.58,21500,KBS,2026-10-09T05:17:39Z
2022-03-10,MTA,12.58,12.96,12.49,12.77,14300,KBS,2026-10-09T05:17:39Z
2022-03-11,MTA,12.21,12.77,12.21,12.58,15700,KBS,2026-10-09T05:17:39Z
2022-03-14,MTA,13.05,13.05,12.39,12.58,2730,KBS,2026-10-09T05:17:39Z
2022-03-15,MTA,12.77,12.77,11.92,12.58,13400,KBS,2026-10-09T05:17:39Z
2022-03-16,MTA,12.58,12.68,11.92,12.39,29640,KBS,2026-10-09T05:17:39Z
2022-03-17,MTA,13.62,13.71,12.21,12.21,3000,KBS,2026-10-09T05:17:39Z
2022-03-18,MTA,14.55,14.55,12.02,12.68,35430,KBS,2026-10-09T05:17:39Z
2022-03-21,MTA,12.86,12.86,11.92,12.49,21900,KBS,2026-10-09T05:17:39Z
2022-03-22,MTA,12.68,12.68,12.02,12.39,4100,KBS,2026-10-09T05:17:39Z
2022-03-23,MTA,12.68,12.68,12.02,12.3,23500,KBS,2026-10-09T05:17:39Z
2022-03-24,MTA,12.3,12.3,12.02,12.02,14100,KBS,2026-10-09T05:17:39Z
2022-03-25,MTA,12.21,12.3,12.02,12.3,41100,KBS,2026-10-09T05:17:39Z
2022-03-28,MTA,12.58,12.58,12.02,12.11,24500,KBS,2026-10-09T05:17:39Z
2022-03-29,MTA,13.9,13.9,12.11,12.3,30200,KBS,2026-10-09T05:17:39Z
2022-03-30,MTA,12.39,12.39,12.02,12.21,31400,KBS,2026-10-09T05:17:39Z
2022-03-31,MTA,13.8,13.8,12.02,12.11,17200,KBS,2026-10-09T05:17:39Z
2022-04-01,MTA,12.21,12.21,12.11,12.11,8200,KBS,2026-10-09T05:17:39Z
2022-04-04,MTA,12.39,12.39,11.74,12.3,42600,KBS,2026-10-09T05:17:39Z
2022-04-05,MTA,13.71,13.71,11.74,11.83,29200,KBS,2026-10-09T05:17:39Z
2022-04-06,MTA,12.39,12.39,12.11,12.21,340,KBS,2026-10-09T05:17:39Z
2022-04-07,MTA,12.39,12.39,11.74,11.83,4800,KBS,2026-10-09T05:17:39Z
2022-04-08,MTA,11.83,11.83,11.64,11.74,3000,KBS,2026-10-09T05:17:39Z
2022-04-12,MTA,11.74,11.74,10.33,10.33,15700,KBS,2026-10-09T05:17:39Z
2022-04-13,MTA,10.8,12.21,10.14,10.8,16300,KBS,2026-10-09T05:17:39Z
2022-04-14,MTA,10.42,10.99,10.33,10.61,15100,KBS,2026-10-09T05:17:39Z
2022-04-15,MTA,10.42,10.99,10.42,10.7,19900,KBS,2026-10-09T05:17:39Z
2022-04-18,MTA,10.8,10.8,10.14,10.14,3700,KBS,2026-10-09T05:17:39Z
2022-04-19,MTA,10.7,10.7,10.14,10.14,1000,KBS,2026-10-09T05:17:39Z
2022-04-20,MTA,11.55,11.55,9.01,9.11,12500,KBS,2026-10-09T05:17:39Z
2022-04-21,MTA,10.24,10.24,7.98,8.45,11200,KBS,2026-10-09T05:17:39Z
2022-04-22,MTA,9.58,9.58,8.45,8.73,6400,KBS,2026-10-09T05:17:39Z
2022-04-25,MTA,9.86,9.86,8.07,8.36,4000,KBS,2026-10-09T05:17:39Z
2022-04-26,MTA,9.39,9.39,8.45,8.45,5500,KBS,2026-10-09T05:17:39Z
2022-04-27,MTA,9.58,9.58,8.45,8.54,7400,KBS,2026-10-09T05:17:39Z
2022-04-28,MTA,9.67,9.67,9.3,9.67,26700,KBS,2026-10-09T05:17:39Z
2022-04-29,MTA,11.08,11.08,9.2,10.42,5100,KBS,2026-10-09T05:17:39Z
2022-05-04,MTA,10.8,10.8,8.64,9.39,11900,KBS,2026-10-09T05:17:39Z
2022-05-05,MTA,10.52,10.52,9.39,10.14,3800,KBS,2026-10-09T05:17:39Z
2022-05-06,MTA,10.99,10.99,9.39,9.39,7200,KBS,2026-10-09T05:17:39Z
2022-05-09,MTA,10.14,10.52,8.45,9.76,5600,KBS,2026-10-09T05:17:39Z
2022-05-10,MTA,10.42,10.42,9.39,10.05,4000,KBS,2026-10-09T05:17:39Z
2022-05-11,MTA,10.33,10.61,9.39,10.14,11600,KBS,2026-10-09T05:17:39Z
2022-05-12,MTA,10.24,10.42,8.83,9.01,6930,KBS,2026-10-09T05:17:39Z
2022-05-13,MTA,10.05,10.05,9.01,9.48,5800,KBS,2026-10-09T05:17:39Z
2022-05-16,MTA,10.14,10.14,9.3,9.3,1600,KBS,2026-10-09T05:17:39Z
2022-05-17,MTA,10.33,10.33,9.3,10.33,11200,KBS,2026-10-09T05:17:39Z
2022-05-18,MTA,10.7,10.7,9.39,9.95,13600,KBS,2026-10-09T05:17:39Z
2022-05-19,MTA,10.8,10.8,9.39,9.39,11800,KBS,2026-10-09T05:17:39Z
2022-05-20,MTA,10.33,10.33,10.33,10.33,1200,KBS,2026-10-09T05:17:39Z
2022-05-23,MTA,9.2,10.33,9.2,9.3,8900,KBS,2026-10-09T05:17:39Z
2022-05-24,MTA,10.14,10.14,10.14,10.14,100,KBS,2026-10-09T05:17:39Z
2022-05-25,MTA,10.14,10.14,10.14,10.14,6000,KBS,2026-10-09T05:17:39Z
2022-05-26,MTA,9.95,9.95,9.95,9.95,100,KBS,2026-10-09T05:17:39Z
2022-05-27,MTA,8.73,9.76,8.73,9.76,800,KBS,2026-10-09T05:17:39Z
2022-05-30,MTA,8.83,9.3,8.73,9.3,900,KBS,2026-10-09T05:17:39Z
2022-05-31,MTA,10.05,10.05,8.73,9.2,6800,KBS,2026-10-09T05:17:39Z
2022-06-01,MTA,9.86,9.86,9.86,9.86,800,KBS,2026-10-09T05:17:39Z
2022-06-03,MTA,9.3,9.3,8.92,9.01,21200,KBS,2026-10-09T05:17:39Z
2022-06-06,MTA,8.45,8.92,8.45,8.64,48500,KBS,2026-10-09T05:17:39Z
2022-06-07,MTA,8.54,9.3,8.45,9.2,4600,KBS,2026-10-09T05:17:39Z
2022-06-08,MTA,9.2,9.2,8.45,8.64,29800,KBS,2026-10-09T05:17:39Z
2022-06-09,MTA,8.64,8.64,8.45,8.45,3200,KBS,2026-10-09T05:17:39Z
2022-06-10,MTA,9.01,9.01,8.17,8.45,14400,KBS,2026-10-09T05:17:39Z
2022-06-13,MTA,8.54,8.54,8.17,8.17,18000,KBS,2026-10-09T05:17:39Z
2022-06-14,MTA,8.54,8.83,8.17,8.17,6800,KBS,2026-10-09T05:17:39Z
2022-06-15,MTA,8.83,8.83,8.17,8.17,2300,KBS,2026-10-09T05:17:39Z
2022-06-16,MTA,8.07,8.07,8.07,8.07,1000,KBS,2026-10-09T05:17:39Z
2022-06-17,MTA,8.07,8.07,7.51,7.51,22900,KBS,2026-10-09T05:17:39Z
2022-06-20,MTA,7.51,7.51,7.32,7.32,3900,KBS,2026-10-09T05:17:39Z
2022-06-21,MTA,7.51,7.51,6.48,7.32,8300,KBS,2026-10-09T05:17:39Z
2022-06-22,MTA,7.51,8.07,7.51,8.07,2800,KBS,2026-10-09T05:17:39Z
2022-06-23,MTA,7.89,8.45,7.89,8.26,2000,KBS,2026-10-09T05:17:39Z
2022-06-24,MTA,8.17,8.83,8.17,8.83,2300,KBS,2026-10-09T05:17:39Z
2022-06-27,MTA,7.51,7.89,7.51,7.51,15900,KBS,2026-10-09T05:17:39Z
2022-06-28,MTA,8.64,8.64,7.51,7.51,14600,KBS,2026-10-09T05:17:39Z
2022-06-29,MTA,7.51,7.51,7.42,7.42,1900,KBS,2026-10-09T05:17:39Z
2022-06-30,MTA,7.98,8.54,7.98,8.54,3200,KBS,2026-10-09T05:17:39Z
2022-07-01,MTA,7.32,8.73,7.23,7.51,3700,KBS,2026-10-09T05:17:39Z
2022-07-04,MTA,8.64,8.64,7.51,7.51,2700,KBS,2026-10-09T05:17:39Z
2022-07-05,MTA,7.51,7.51,7.51,7.51,400,KBS,2026-10-09T05:17:39Z
2022-07-07,MTA,6.76,6.76,6.57,6.76,2300,KBS,2026-10-09T05:17:39Z
2022-07-08,MTA,6.76,6.76,6.76,6.76,8800,KBS,2026-10-09T05:17:39Z
2022-07-11,MTA,7.51,7.7,7.42,7.7,23100,KBS,2026-10-09T05:17:39Z
2022-07-12,MTA,8.64,8.64,8.26,8.26,600,KBS,2026-10-09T05:17:39Z
2022-07-13,MTA,8.36,8.64,8.36,8.36,12200,KBS,2026-10-09T05:17:39Z
2022-07-14,MTA,7.23,8.45,7.14,8.45,1900,KBS,2026-10-09T05:17:39Z
2022-07-15,MTA,8.45,8.45,8.45,8.45,1000,KBS,2026-10-09T05:17:39Z
2022-07-18,MTA,7.61,7.98,7.51,7.98,2200,KBS,2026-10-09T05:17:39Z
2022-07-19,MTA,8.36,8.36,8.17,8.17,1900,KBS,2026-10-09T05:17:39Z
2022-07-20,MTA,7.98,8.17,7.89,8.17,1900,KBS,2026-10-09T05:17:39Z
2022-07-22,MTA,8.26,8.26,8.17,8.17,17900,KBS,2026-10-09T05:17:39Z
2022-07-25,MTA,7.51,8.07,7.04,7.32,8500,KBS,2026-10-09T05:17:39Z
2022-07-26,MTA,7.89,7.89,7.89,7.89,1000,KBS,2026-10-09T05:17:39Z
2022-07-27,MTA,6.95,6.95,6.95,6.95,10000,KBS,2026-10-09T05:17:39Z
2022-07-28,MTA,7.79,7.79,7.14,7.51,4100,KBS,2026-10-09T05:17:39Z
2022-08-01,MTA,7.51,7.89,7.51,7.51,4300,KBS,2026-10-09T05:17:39Z
2022-08-02,MTA,7.51,7.61,7.51,7.51,1400,KBS,2026-10-09T05:17:39Z
2022-08-03,MTA,7.51,7.61,7.51,7.61,3000,KBS,2026-10-09T05:17:39Z
2022-08-04,MTA,7.61,7.61,7.42,7.51,2800,KBS,2026-10-09T05:17:39Z
2022-08-05,MTA,7.51,8.07,7.51,7.51,3000,KBS,2026-10-09T05:17:39Z
2022-08-08,MTA,7.89,7.89,7.89,7.89,600,KBS,2026-10-09T05:17:39Z
2022-08-10,MTA,8.26,8.26,7.79,8.07,3700,KBS,2026-10-09T05:17:39Z
2022-08-11,MTA,7.79,7.79,7.42,7.42,8000,KBS,2026-10-09T05:17:39Z
2022-08-12,MTA,7.79,7.79,7.79,7.79,100,KBS,2026-10-09T05:17:39Z
2022-08-15,MTA,8.36,8.36,8.36,8.36,1500,KBS,2026-10-09T05:17:39Z
2022-08-23,MTA,7.14,7.14,7.14,7.14,100,KBS,2026-10-09T05:17:39Z
2022-08-24,MTA,7.89,7.89,7.89,7.89,1000,KBS,2026-10-09T05:17:39Z
2022-08-25,MTA,8.26,8.26,8.26,8.26,1500,KBS,2026-10-09T05:17:39Z
2022-08-30,MTA,7.14,7.98,7.14,7.51,9500,KBS,2026-10-09T05:17:39Z
2022-08-31,MTA,7.89,7.89,6.95,7.79,16900,KBS,2026-10-09T05:17:39Z
2022-09-05,MTA,8.07,8.07,6.76,7.61,1200,KBS,2026-10-09T05:17:39Z
2022-09-07,MTA,7.89,7.98,7.89,7.98,5000,KBS,2026-10-09T05:17:39Z
2022-09-09,MTA,7.79,8.36,7.79,8.36,1100,KBS,2026-10-09T05:17:39Z
2022-09-12,MTA,7.14,7.14,7.14,7.14,12700,KBS,2026-10-09T05:17:39Z
2022-09-13,MTA,7.7,7.7,7.7,7.7,2000,KBS,2026-10-09T05:17:39Z
2022-09-14,MTA,7.14,7.14,7.04,7.04,400,KBS,2026-10-09T05:17:39Z
2022-09-15,MTA,7.51,8.17,6.48,7.32,7500,KBS,2026-10-09T05:17:39Z
2022-09-16,MTA,7.79,7.79,7.79,7.79,1300,KBS,2026-10-09T05:17:39Z
2022-09-19,MTA,6.86,7.23,6.86,6.86,1100,KBS,2026-10-09T05:17:39Z
2022-09-20,MTA,7.23,7.61,6.76,7.61,9300,KBS,2026-10-09T05:17:39Z
2022-09-21,MTA,7.51,7.51,7.51,7.51,1200,KBS,2026-10-09T05:17:39Z
2022-09-23,MTA,7.32,7.32,7.32,7.32,700,KBS,2026-10-09T05:17:39Z
2022-09-29,MTA,6.57,6.95,6.38,6.38,4800,KBS,2026-10-09T05:17:39Z
2022-09-30,MTA,7.23,7.23,6.38,6.67,21700,KBS,2026-10-09T05:17:39Z
2022-10-03,MTA,7.04,7.04,6.48,6.48,1300,KBS,2026-10-09T05:17:39Z
2022-10-04,MTA,6.1,6.86,6.1,6.57,5700,KBS,2026-10-09T05:17:39Z
2022-10-05,MTA,7.32,7.32,7.32,7.32,100,KBS,2026-10-09T05:17:39Z
2022-10-07,MTA,6.29,7.23,6.29,7.23,1900,KBS,2026-10-09T05:17:39Z
2022-10-10,MTA,6.38,7.32,5.45,6.95,1700,KBS,2026-10-09T05:17:39Z
2022-10-11,MTA,6.95,7.42,5.63,7.04,11200,KBS,2026-10-09T05:17:39Z
2022-10-12,MTA,7.23,7.23,5.92,7.04,2300,KBS,2026-10-09T05:17:39Z
2022-10-13,MTA,6.95,6.95,6.95,6.95,300,KBS,2026-10-09T05:17:39Z
2022-10-14,MTA,6.01,6.01,6.01,6.01,100,KBS,2026-10-09T05:17:39Z
2022-10-17,MTA,6.76,6.76,5.16,6.48,3200,KBS,2026-10-09T05:17:39Z
2022-10-18,MTA,6.57,6.57,6.57,6.57,1000,KBS,2026-10-09T05:17:39Z
2022-10-31,MTA,5.63,5.63,5.63,5.63,3600,KBS,2026-10-09T05:17:39Z
2022-11-01,MTA,6.2,6.2,5.35,5.35,800,KBS,2026-10-09T05:17:39Z
2022-11-02,MTA,6.1,6.1,5.63,6.01,600,KBS,2026-10-09T05:17:39Z
2022-11-03,MTA,6.29,6.29,5.54,5.54,400,KBS,2026-10-09T05:17:39Z
2022-11-04,MTA,6.1,6.1,5.26,5.26,3400,KBS,2026-10-09T05:17:39Z
2022-11-07,MTA,6.01,6.01,5.26,5.92,800,KBS,2026-10-09T05:17:39Z
2022-11-08,MTA,5.26,5.73,5.26,5.73,400,KBS,2026-10-09T05:17:39Z
2022-11-09,MTA,5.82,5.82,5.26,5.63,300,KBS,2026-10-09T05:17:39Z
2022-11-10,MTA,5.26,5.45,5.26,5.45,1200,KBS,2026-10-09T05:17:39Z
2022-11-11,MTA,5.54,5.54,5.54,5.54,100,KBS,2026-10-09T05:17:39Z
2022-11-14,MTA,5.73,5.73,4.79,4.88,3900,KBS,2026-10-09T05:17:39Z
2022-11-15,MTA,4.22,4.22,4.22,4.22,7100,KBS,2026-10-09T05:17:39Z
2022-11-16,MTA,3.66,3.66,3.66,3.66,17500,KBS,2026-10-09T05:17:39Z
2022-11-17,MTA,4.13,4.13,3.94,3.94,3400,KBS,2026-10-09T05:17:39Z
2022-11-18,MTA,4.6,4.6,3.76,3.76,3200,KBS,2026-10-09T05:17:39Z
2022-11-21,MTA,3.76,3.76,3.57,3.57,600,KBS,2026-10-09T05:17:39Z
2022-11-22,MTA,3.66,3.66,3.66,3.66,100,KBS,2026-10-09T05:17:39Z
2022-11-23,MTA,3.94,3.94,3.66,3.66,2300,KBS,2026-10-09T05:17:39Z
2022-11-24,MTA,3.66,3.66,3.66,3.66,2000,KBS,2026-10-09T05:17:39Z
2022-11-25,MTA,4.04,4.13,3.66,3.66,4500,KBS,2026-10-09T05:17:39Z
2022-11-28,MTA,4.13,4.41,4.13,4.22,700,KBS,2026-10-09T05:17:39Z
2022-11-29,MTA,4.51,4.51,3.94,4.22,3300,KBS,2026-10-09T05:17:39Z
2022-11-30,MTA,4.41,4.41,4.32,4.41,1900,KBS,2026-10-09T05:17:39Z
2022-12-01,MTA,4.6,5.07,4.6,4.88,3600,KBS,2026-10-09T05:17:39Z
2022-12-02,MTA,4.98,4.98,4.98,4.98,100,KBS,2026-10-09T05:17:39Z
2022-12-05,MTA,4.51,4.51,4.32,4.32,3500,KBS,2026-10-09T05:17:39Z
2022-12-07,MTA,3.94,3.94,3.94,3.94,200,KBS,2026-10-09T05:17:39Z
2022-12-08,MTA,4.41,4.51,4.04,4.04,5400,KBS,2026-10-09T05:17:39Z
2022-12-09,MTA,5.07,5.07,5.07,5.07,200,KBS,2026-10-09T05:17:39Z
2022-12-12,MTA,4.41,4.41,4.41,4.41,800,KBS,2026-10-09T05:17:39Z
2022-12-13,MTA,4.88,4.88,4.88,4.88,200,KBS,2026-10-09T05:17:39Z
2022-12-14,MTA,4.41,4.41,4.22,4.32,6300,KBS,2026-10-09T05:17:39Z
2022-12-15,MTA,4.6,4.6,4.32,4.32,700,KBS,2026-10-09T05:17:39Z
2022-12-16,MTA,4.51,4.51,4.51,4.51,200,KBS,2026-10-09T05:17:39Z
2022-12-19,MTA,4.51,4.51,4.51,4.51,200,KBS,2026-10-09T05:17:39Z
2022-12-21,MTA,4.04,4.51,4.04,4.51,400,KBS,2026-10-09T05:17:39Z
2022-12-22,MTA,4.41,4.41,4.41,4.41,100,KBS,2026-10-09T05:17:39Z
2022-12-27,MTA,3.76,4.32,3.76,4.32,900,KBS,2026-10-09T05:17:39Z
2022-12-28,MTA,4.32,4.6,4.32,4.51,500,KBS,2026-10-09T05:17:39Z
2022-12-29,MTA,4.6,4.6,4.6,4.6,100,KBS,2026-10-09T05:17:39Z
2022-12-30,MTA,4.41,4.41,4.41,4.41,200,KBS,2026-10-09T05:17:39Z
2023-01-03,MTA,4.51,4.51,4.51,4.51,2600,KBS,2026-10-09T05:17:39Z
2023-01-04,MTA,4.22,4.51,4.22,4.51,700,KBS,2026-10-09T05:17:39Z
2023-01-05,MTA,4.79,4.79,4.79,4.79,100,KBS,2026-10-09T05:17:39Z
2023-01-06,MTA,4.32,4.32,4.32,4.32,500,KBS,2026-10-09T05:17:39Z
2023-01-09,MTA,4.22,4.22,4.22,4.22,2600,KBS,2026-10-09T05:17:39Z
2023-01-10,MTA,3.94,4.22,3.94,4.22,1500,KBS,2026-10-09T05:17:39Z
2023-01-11,MTA,4.6,4.6,4.6,4.6,500,KBS,2026-10-09T05:17:39Z
2023-01-12,MTA,3.94,3.94,3.94,3.94,500,KBS,2026-10-09T05:17:39Z
2023-01-13,MTA,4.41,4.41,3.76,3.76,2800,KBS,2026-10-09T05:17:39Z
2023-01-16,MTA,4.41,4.41,4.41,4.41,100,KBS,2026-10-09T05:17:39Z
2023-01-17,MTA,4.7,4.7,4.04,4.13,1400,KBS,2026-10-09T05:17:39Z
2023-01-18,MTA,4.7,4.7,4.04,4.6,800,KBS,2026-10-09T05:17:39Z
2023-01-19,MTA,4.7,4.7,4.22,4.22,300,KBS,2026-10-09T05:17:39Z
2023-01-27,MTA,4.79,4.79,4.7,4.7,1800,KBS,2026-10-09T05:17:39Z
2023-01-30,MTA,4.7,4.79,4.7,4.79,600,KBS,2026-10-09T05:17:39Z
2023-01-31,MTA,4.88,4.88,4.32,4.6,5100,KBS,2026-10-09T05:17:39Z
2023-02-01,MTA,4.7,4.7,4.7,4.7,100,KBS,2026-10-09T05:17:39Z
2023-02-02,MTA,4.22,4.22,4.13,4.13,1000,KBS,2026-10-09T05:17:39Z
2023-02-03,MTA,4.6,4.7,4.6,4.7,200,KBS,2026-10-09T05:17:39Z
2023-02-06,MTA,4.13,4.13,4.13,4.13,200,KBS,2026-10-09T05:17:39Z
2023-02-09,MTA,4.41,4.41,4.41,4.41,100,KBS,2026-10-09T05:17:39Z
2023-02-17,MTA,4.22,4.22,4.22,4.22,1100,KBS,2026-10-09T05:17:39Z
2023-02-20,MTA,4.32,4.79,4.32,4.79,3300,KBS,2026-10-09T05:17:39Z
2023-02-23,MTA,4.22,4.6,4.22,4.6,500,KBS,2026-10-09T05:17:39Z
2023-02-24,MTA,4.13,4.6,4.13,4.6,400,KBS,2026-10-09T05:17:39Z
2023-02-27,MTA,4.6,4.6,4.6,4.6,100,KBS,2026-10-09T05:17:39Z
2023-02-28,MTA,4.7,4.7,4.7,4.7,100,KBS,2026-10-09T05:17:39Z
2023-03-07,MTA,4.32,4.32,4.13,4.13,2000,KBS,2026-10-09T05:17:39Z
2023-03-08,MTA,4.22,4.22,4.13,4.13,1200,KBS,2026-10-09T05:17:39Z
2023-03-09,MTA,4.6,4.6,4.51,4.51,900,KBS,2026-10-09T05:17:39Z
2023-03-15,MTA,4.04,4.04,4.04,4.04,200,KBS,2026-10-09T05:17:39Z
2023-03-16,MTA,4.04,4.04,3.94,3.94,900,KBS,2026-10-09T05:17:39Z
2023-03-20,MTA,3.94,3.94,3.94,3.94,4500,KBS,2026-10-09T05:17:39Z
2023-03-21,MTA,4.22,4.51,4.22,4.51,1000,KBS,2026-10-09T05:17:39Z
2023-03-23,MTA,4.22,4.41,4.22,4.41,2100,KBS,2026-10-09T05:17:39Z
2023-03-24,MTA,4.41,4.41,4.41,4.41,400,KBS,2026-10-09T05:17:39Z
2023-03-27,MTA,4.7,4.7,4.41,4.41,700,KBS,2026-10-09T05:17:39Z
2023-03-28,MTA,4.79,4.79,4.41,4.41,1300,KBS,2026-10-09T05:17:39Z
2023-03-29,MTA,4.6,4.6,4.6,4.6,100,KBS,2026-10-09T05:17:39Z
2023-03-30,MTA,4.04,4.04,4.04,4.04,200,KBS,2026-10-09T05:17:39Z
2023-03-31,MTA,4.51,4.51,4.51,4.51,100,KBS,2026-10-09T05:17:39Z
2023-04-03,MTA,4.7,5.16,4.7,5.16,200,KBS,2026-10-09T05:17:39Z
2023-04-06,MTA,4.32,4.7,4.32,4.7,1940,KBS,2026-10-09T05:17:39Z
2023-04-07,MTA,4.79,4.79,3.94,3.94,1100,KBS,2026-10-09T05:17:39Z
2023-04-10,MTA,4.6,4.6,4.6,4.6,800,KBS,2026-10-09T05:17:39Z
2023-04-11,MTA,4.04,4.04,4.04,4.04,900,KBS,2026-10-09T05:17:39Z
2023-04-12,MTA,4.41,4.41,4.41,4.41,100,KBS,2026-10-09T05:17:39Z
2023-04-14,MTA,4.04,4.04,3.94,3.94,2800,KBS,2026-10-09T05:17:39Z
2023-04-17,MTA,4.32,4.32,4.32,4.32,100,KBS,2026-10-09T05:17:39Z
2023-04-18,MTA,4.22,4.41,4.22,4.41,800,KBS,2026-10-09T05:17:39Z
2023-04-19,MTA,4.41,4.41,4.22,4.22,200,KBS,2026-10-09T05:17:39Z
2023-04-20,MTA,4.04,4.04,3.94,4.04,600,KBS,2026-10-09T05:17:39Z
2023-04-21,MTA,4.32,4.32,4.32,4.32,100,KBS,2026-10-09T05:17:39Z
2023-04-24,MTA,4.22,4.22,4.22,4.22,1002,KBS,2026-10-09T05:17:39Z
2023-04-27,MTA,4.04,4.04,4.04,4.04,1000,KBS,2026-10-09T05:17:39Z
2023-04-28,MTA,4.04,4.22,4.04,4.22,4200,KBS,2026-10-09T05:17:39Z
2023-05-04,MTA,4.32,4.32,3.76,3.76,400,KBS,2026-10-09T05:17:39Z
2023-05-05,MTA,4.22,4.22,3.85,3.85,798,KBS,2026-10-09T05:17:39Z
2023-05-08,MTA,3.85,4.32,3.85,4.32,800,KBS,2026-10-09T05:17:39Z
2023-05-09,MTA,4.32,4.32,3.94,3.94,1300,KBS,2026-10-09T05:17:39Z
2023-05-10,MTA,3.85,3.85,3.76,3.76,1700,KBS,2026-10-09T05:17:39Z
2023-05-11,MTA,4.13,4.13,4.13,4.13,100,KBS,2026-10-09T05:17:39Z
2023-05-15,MTA,4.13,4.13,4.13,4.13,400,KBS,2026-10-09T05:17:39Z
2023-05-16,MTA,4.22,4.22,4.22,4.22,100,KBS,2026-10-09T05:17:39Z
2023-05-17,MTA,4.32,4.32,4.32,4.32,100,KBS,2026-10-09T05:17:39Z
2023-05-18,MTA,4.32,4.32,4.32,4.32,391,KBS,2026-10-09T05:17:39Z
2023-05-22,MTA,3.94,4.32,3.94,4.32,3500,KBS,2026-10-09T05:17:39Z
2023-05-23,MTA,4.32,4.32,4.32,4.32,200,KBS,2026-10-09T05:17:39Z
2023-05-24,MTA,4.04,4.13,4.04,4.13,1201,KBS,2026-10-09T05:17:39Z
2023-05-25,MTA,4.32,4.32,4.04,4.04,300,KBS,2026-10-09T05:17:39Z
2023-05-26,MTA,4.32,4.32,4.32,4.32,1000,KBS,2026-10-09T05:17:39Z
2023-05-29,MTA,4.32,4.32,3.94,3.94,5000,KBS,2026-10-09T05:17:39Z
2023-05-30,MTA,4.04,4.04,3.94,4.04,2906,KBS,2026-10-09T05:17:39Z
2023-05-31,MTA,4.22,4.22,4.04,4.22,700,KBS,2026-10-09T05:17:39Z
2023-06-01,MTA,4.22,4.32,4.22,4.32,3000,KBS,2026-10-09T05:17:39Z
2023-06-02,MTA,4.32,4.51,4.22,4.22,2800,KBS,2026-10-09T05:17:39Z
2023-06-05,MTA,4.51,4.7,4.22,4.22,1400,KBS,2026-10-09T05:17:39Z
2023-06-06,MTA,4.51,4.51,4.51,4.51,100,KBS,2026-10-09T05:17:39Z
2023-06-07,MTA,4.51,4.51,4.32,4.32,3000,KBS,2026-10-09T05:17:39Z
2023-06-08,MTA,4.6,4.6,4.32,4.32,1600,KBS,2026-10-09T05:17:39Z
2023-06-09,MTA,4.22,4.22,3.94,4.04,4000,KBS,2026-10-09T05:17:39Z
2023-06-12,MTA,4.04,4.51,4.04,4.22,1200,KBS,2026-10-09T05:17:39Z
2023-06-13,MTA,4.22,4.22,4.22,4.22,100,KBS,2026-10-09T05:17:39Z
2023-06-14,MTA,4.41,4.79,4.32,4.79,48600,KBS,2026-10-09T05:17:39Z
2023-06-15,MTA,4.7,5.35,4.7,5.35,35000,KBS,2026-10-09T05:17:39Z
2023-06-16,MTA,5.35,6.01,5.07,5.63,12000,KBS,2026-10-09T05:17:39Z
2023-06-19,MTA,4.98,6.01,4.7,4.98,22000,KBS,2026-10-09T05:17:39Z
2023-06-20,MTA,5.63,5.63,5.54,5.54,400,KBS,2026-10-09T05:17:39Z
2023-06-21,MTA,6.01,6.01,6.01,6.01,100,KBS,2026-10-09T05:17:39Z
2023-06-22,MTA,5.26,5.35,5.16,5.35,18500,KBS,2026-10-09T05:17:39Z
2023-06-23,MTA,5.82,5.82,5.82,5.82,100,KBS,2026-10-09T05:17:39Z
2023-06-26,MTA,4.98,5.07,4.98,4.98,13400,KBS,2026-10-09T05:17:39Z
2023-06-27,MTA,5.63,5.63,4.6,5.35,800,KBS,2026-10-09T05:17:39Z
2023-06-28,MTA,5.26,5.26,4.41,4.98,2100,KBS,2026-10-09T05:17:39Z
2023-06-29,MTA,5.26,5.26,4.51,4.98,1401,KBS,2026-10-09T05:17:39Z
2023-06-30,MTA,4.98,4.98,4.41,4.88,1200,KBS,2026-10-09T05:17:39Z
2023-07-03,MTA,4.51,5.07,4.51,5.07,505,KBS,2026-10-09T05:17:39Z
2023-07-04,MTA,4.98,4.98,4.41,4.88,3600,KBS,2026-10-09T05:17:39Z
2023-07-05,MTA,4.98,4.98,4.98,4.98,100,KBS,2026-10-09T05:17:39Z
2023-07-06,MTA,4.98,4.98,4.98,4.98,100,KBS,2026-10-09T05:17:39Z
2023-07-07,MTA,4.98,4.98,4.79,4.79,1700,KBS,2026-10-09T05:17:39Z
2023-07-10,MTA,4.7,4.88,4.7,4.88,200,KBS,2026-10-09T05:17:39Z
2023-07-11,MTA,4.79,4.79,4.7,4.7,11900,KBS,2026-10-09T05:17:39Z
2023-07-12,MTA,4.79,4.79,4.79,4.79,2800,KBS,2026-10-09T05:17:39Z
2023-07-13,MTA,4.88,4.88,4.88,4.88,100,KBS,2026-10-09T05:17:39Z
2023-07-14,MTA,4.88,4.88,4.88,4.88,100,KBS,2026-10-09T05:17:39Z
2023-07-17,MTA,4.32,4.41,4.32,4.41,1100,KBS,2026-10-09T05:17:39Z
2023-07-18,MTA,4.88,4.88,4.7,4.7,900,KBS,2026-10-09T05:17:39Z
2023-07-19,MTA,4.7,4.7,4.7,4.7,900,KBS,2026-10-09T05:17:39Z
2023-07-20,MTA,4.7,4.88,4.7,4.7,7400,KBS,2026-10-09T05:17:39Z
2023-07-21,MTA,4.88,4.88,4.7,4.88,2400,KBS,2026-10-09T05:17:39Z
2023-07-24,MTA,4.79,4.79,4.79,4.79,1600,KBS,2026-10-09T05:17:39Z
2023-07-25,MTA,4.7,4.7,4.6,4.6,500,KBS,2026-10-09T05:17:39Z
2023-07-26,MTA,4.88,4.88,4.79,4.79,200,KBS,2026-10-09T05:17:39Z
2023-07-27,MTA,4.6,4.7,4.32,4.7,31000,KBS,2026-10-09T05:17:39Z
2023-07-28,MTA,4.79,4.79,4.7,4.7,200,KBS,2026-10-09T05:17:39Z
2023-07-31,MTA,4.88,4.88,4.6,4.7,1200,KBS,2026-10-09T05:17:39Z
2023-08-01,MTA,4.7,4.7,4.7,4.7,2000,KBS,2026-10-09T05:17:39Z
2023-08-02,MTA,4.79,4.79,4.32,4.32,2200,KBS,2026-10-09T05:17:39Z
2023-08-03,MTA,4.51,4.6,4.41,4.51,8000,KBS,2026-10-09T05:17:39Z
2023-08-04,MTA,4.6,4.6,4.41,4.41,13600,KBS,2026-10-09T05:17:39Z
2023-08-07,MTA,4.79,4.79,4.32,4.51,11300,KBS,2026-10-09T05:17:39Z
2023-08-08,MTA,4.32,4.6,4.32,4.6,12700,KBS,2026-10-09T05:17:39Z
2023-08-09,MTA,4.51,5.07,4.51,5.07,64700,KBS,2026-10-09T05:17:39Z
2023-08-10,MTA,5.63,5.63,4.98,5.16,36900,KBS,2026-10-09T05:17:39Z
2023-08-11,MTA,5.45,5.63,4.6,4.7,41400,KBS,2026-10-09T05:17:39Z
2023-08-14,MTA,4.79,4.88,4.6,4.7,3635,KBS,2026-10-09T05:17:39Z
2023-08-15,MTA,4.79,4.79,4.6,4.7,1900,KBS,2026-10-09T05:17:39Z
2023-08-16,MTA,4.7,4.88,4.7,4.7,7800,KBS,2026-10-09T05:17:39Z
2023-08-17,MTA,4.7,4.88,4.6,4.7,9300,KBS,2026-10-09T05:17:39Z
2023-08-18,MTA,4.7,4.7,4.32,4.32,9500,KBS,2026-10-09T05:17:39Z
2023-08-22,MTA,4.6,4.6,3.94,4.22,20500,KBS,2026-10-09T05:17:39Z
2023-08-23,MTA,4.04,4.32,4.04,4.32,8400,KBS,2026-10-09T05:17:39Z
2023-08-24,MTA,4.6,4.6,4.51,4.6,12200,KBS,2026-10-09T05:17:39Z
2023-08-25,MTA,5.07,5.07,4.22,4.51,4400,KBS,2026-10-09T05:17:39Z
2023-08-28,MTA,4.22,4.32,4.22,4.32,1400,KBS,2026-10-09T05:17:39Z
2023-08-29,MTA,4.32,4.41,4.32,4.41,15100,KBS,2026-10-09T05:17:39Z
2023-08-30,MTA,4.41,4.41,4.41,4.41,1600,KBS,2026-10-09T05:17:39Z
2023-08-31,MTA,4.22,4.41,4.22,4.41,2400,KBS,2026-10-09T05:17:39Z
2023-09-05,MTA,4.32,4.32,4.22,4.22,7600,KBS,2026-10-09T05:17:39Z
2023-09-06,MTA,4.22,4.32,3.94,4.22,27000,KBS,2026-10-09T05:17:39Z
2023-09-07,MTA,4.41,4.41,4.22,4.22,1700,KBS,2026-10-09T05:17:39Z
2023-09-08,MTA,4.51,4.51,4.22,4.41,9100,KBS,2026-10-09T05:17:39Z
2023-09-11,MTA,4.32,4.32,4.32,4.32,1400,KBS,2026-10-09T05:17:39Z
2023-09-12,MTA,4.13,4.22,4.04,4.22,16800,KBS,2026-10-09T05:17:39Z
2023-09-13,MTA,4.22,4.22,4.04,4.22,41710,KBS,2026-10-09T05:17:39Z
2023-09-14,MTA,4.13,4.22,4.13,4.22,1100,KBS,2026-10-09T05:17:39Z
2023-09-15,MTA,4.13,4.13,4.04,4.04,6300,KBS,2026-10-09T05:17:39Z
2023-09-18,MTA,4.22,4.22,4.13,4.13,500,KBS,2026-10-09T05:17:39Z
2023-09-19,MTA,4.22,4.22,3.76,4.04,22400,KBS,2026-10-09T05:17:39Z
2023-09-20,MTA,4.13,4.22,4.04,4.13,2500,KBS,2026-10-09T05:17:39Z
2023-09-21,MTA,4.13,4.22,3.85,4.13,6900,KBS,2026-10-09T05:17:39Z
2023-09-22,MTA,4.13,4.22,4.13,4.22,1700,KBS,2026-10-09T05:17:39Z
2023-09-25,MTA,3.94,4.22,3.94,4.22,300,KBS,2026-10-09T05:17:39Z
2023-09-26,MTA,4.13,4.13,4.13,4.13,600,KBS,2026-10-09T05:17:39Z
2023-09-27,MTA,3.94,4.13,3.94,4.13,500,KBS,2026-10-09T05:17:39Z
2023-09-28,MTA,4.04,4.04,3.94,3.94,2100,KBS,2026-10-09T05:17:39Z
2023-09-29,MTA,3.94,3.94,3.94,3.94,300,KBS,2026-10-09T05:17:39Z
2023-10-04,MTA,3.66,3.85,3.57,3.85,11800,KBS,2026-10-09T05:17:39Z
2023-10-05,MTA,3.85,3.85,3.66,3.66,5900,KBS,2026-10-09T05:17:39Z
2023-10-06,MTA,3.76,3.76,3.76,3.76,1600,KBS,2026-10-09T05:17:39Z
2023-10-09,MTA,3.76,3.76,3.76,3.76,500,KBS,2026-10-09T05:17:39Z
2023-10-10,MTA,3.76,3.85,3.76,3.85,1000,KBS,2026-10-09T05:17:39Z
2023-10-11,MTA,3.76,3.76,3.76,3.76,700,KBS,2026-10-09T05:17:39Z
2023-10-12,MTA,3.76,3.76,3.76,3.76,1700,KBS,2026-10-09T05:17:39Z
2023-10-13,MTA,3.85,4.22,3.85,4.22,500,KBS,2026-10-09T05:17:39Z
2023-10-16,MTA,3.85,3.85,3.76,3.76,6500,KBS,2026-10-09T05:17:39Z
2023-10-17,MTA,3.76,3.76,3.76,3.76,2000,KBS,2026-10-09T05:17:39Z
2023-10-18,MTA,3.76,3.76,3.57,3.57,8500,KBS,2026-10-09T05:17:39Z
2023-10-19,MTA,3.66,3.66,3.57,3.66,2300,KBS,2026-10-09T05:17:39Z
2023-10-20,MTA,3.57,3.57,3.47,3.57,1700,KBS,2026-10-09T05:17:39Z
2023-10-23,MTA,3.66,3.66,3.66,3.66,4200,KBS,2026-10-09T05:17:39Z
2023-10-24,MTA,3.76,3.76,3.76,3.76,2000,KBS,2026-10-09T05:17:39Z
2023-10-25,MTA,3.76,3.94,3.76,3.85,8800,KBS,2026-10-09T05:17:39Z
2023-10-26,MTA,3.76,3.76,3.66,3.66,13500,KBS,2026-10-09T05:17:39Z
2023-10-27,MTA,3.85,3.85,3.85,3.85,100,KBS,2026-10-09T05:17:39Z
2023-10-31,MTA,3.76,3.76,3.47,3.57,5100,KBS,2026-10-09T05:17:39Z
2023-11-01,MTA,3.66,3.66,3.66,3.66,100,KBS,2026-10-09T05:17:39Z
2023-11-02,MTA,3.85,3.85,3.66,3.76,6500,KBS,2026-10-09T05:17:39Z
2023-11-03,MTA,3.66,3.76,3.66,3.66,1400,KBS,2026-10-09T05:17:39Z
2023-11-06,MTA,3.94,3.94,3.94,3.94,100,KBS,2026-10-09T05:17:39Z
2023-11-07,MTA,3.94,3.94,3.94,3.94,500,KBS,2026-10-09T05:17:39Z
2023-11-08,MTA,3.66,3.76,3.66,3.76,1900,KBS,2026-10-09T05:17:39Z
2023-11-09,MTA,3.66,3.76,3.66,3.76,1100,KBS,2026-10-09T05:17:39Z
2023-11-10,MTA,3.76,3.76,3.76,3.76,4200,KBS,2026-10-09T05:17:39Z
2023-11-13,MTA,3.94,3.94,3.76,3.76,3700,KBS,2026-10-09T05:17:39Z
2023-11-14,MTA,3.94,3.94,3.76,3.76,300,KBS,2026-10-09T05:17:39Z
2023-11-16,MTA,3.85,3.95,3.85,3.85,1300,KBS,2026-10-09T05:17:39Z
2023-11-17,MTA,3.85,3.85,3.85,3.85,1500,KBS,2026-10-09T05:17:39Z
2023-11-20,MTA,3.85,3.85,3.85,3.85,200,KBS,2026-10-09T05:17:39Z
2023-11-22,MTA,3.95,3.95,3.95,3.95,3000,KBS,2026-10-09T05:17:39Z
2023-11-23,MTA,4.05,4.05,4.05,4.05,1000,KBS,2026-10-09T05:17:39Z
2023-11-27,MTA,4.05,4.05,4.05,4.05,100,KBS,2026-10-09T05:17:39Z
2023-11-28,MTA,3.85,3.85,3.55,3.85,1500,KBS,2026-10-09T05:17:39Z
2023-11-29,MTA,3.95,3.95,3.95,3.95,300,KBS,2026-10-09T05:17:39Z
2023-11-30,MTA,3.75,3.95,3.75,3.95,10500,KBS,2026-10-09T05:17:39Z
2023-12-01,MTA,3.75,3.75,3.65,3.75,10200,KBS,2026-10-09T05:17:39Z
2023-12-04,MTA,3.75,3.75,3.75,3.75,2600,KBS,2026-10-09T05:17:39Z
2023-12-05,MTA,3.85,3.85,3.65,3.75,4000,KBS,2026-10-09T05:17:39Z
2023-12-06,MTA,3.75,3.75,3.55,3.65,12000,KBS,2026-10-09T05:17:39Z
2023-12-07,MTA,3.85,3.85,3.65,3.75,7000,KBS,2026-10-09T05:17:39Z
2023-12-08,MTA,3.65,3.65,3.65,3.65,320,KBS,2026-10-09T05:17:39Z
2023-12-11,MTA,3.65,3.65,3.65,3.65,1100,KBS,2026-10-09T05:17:39Z
2023-12-12,MTA,3.65,3.75,3.65,3.65,2100,KBS,2026-10-09T05:17:39Z
2023-12-13,MTA,3.85,3.85,3.85,3.85,100,KBS,2026-10-09T05:17:39Z
2023-12-15,MTA,3.55,3.65,3.36,3.65,63800,KBS,2026-10-09T05:17:39Z
2023-12-18,MTA,3.65,3.65,3.46,3.46,9300,KBS,2026-10-09T05:17:39Z
2023-12-19,MTA,3.46,3.65,3.36,3.46,21800,KBS,2026-10-09T05:17:39Z
2023-12-20,MTA,3.46,3.46,3.46,3.46,16000,KBS,2026-10-09T05:17:39Z
2023-12-21,MTA,3.46,3.46,3.46,3.46,7600,KBS,2026-10-09T05:17:39Z
2023-12-22,MTA,3.46,3.46,3.46,3.46,6000,KBS,2026-10-09T05:17:39Z
2023-12-25,MTA,3.46,3.46,3.36,3.36,3000,KBS,2026-10-09T05:17:39Z
2023-12-26,MTA,3.36,3.46,3.36,3.36,14900,KBS,2026-10-09T05:17:39Z
2023-12-27,MTA,3.36,3.36,3.36,3.36,3500,KBS,2026-10-09T05:17:39Z
2023-12-28,MTA,3.46,3.46,3.36,3.36,3100,KBS,2026-10-09T05:17:39Z
2023-12-29,MTA,3.55,3.55,3.46,3.46,2200,KBS,2026-10-09T05:17:39Z
2024-01-02,MTA,3.65,3.65,3.55,3.65,6200,KBS,2026-10-09T05:17:39Z
2024-01-03,MTA,3.55,3.55,3.55,3.55,2700,KBS,2026-10-09T05:17:39Z
2024-01-04,MTA,3.65,3.65,3.55,3.55,5000,KBS,2026-10-09T05:17:39Z
2024-01-05,MTA,3.65,3.65,3.65,3.65,100,KBS,2026-10-09T05:17:39Z
2024-01-08,MTA,3.46,3.46,3.46,3.46,2000,KBS,2026-10-09T05:17:39Z
2024-01-10,MTA,3.65,3.65,3.55,3.55,1000,KBS,2026-10-09T05:17:39Z
2024-01-11,MTA,3.65,3.65,3.55,3.65,10500,KBS,2026-10-09T05:17:39Z
2024-01-16,MTA,3.46,3.55,3.46,3.46,2700,KBS,2026-10-09T05:17:39Z
2024-01-17,MTA,3.55,3.55,3.46,3.46,200,KBS,2026-10-09T05:17:39Z
2024-01-18,MTA,3.55,3.55,3.46,3.55,11200,KBS,2026-10-09T05:17:39Z
2024-01-19,MTA,3.55,3.55,3.55,3.55,5000,KBS,2026-10-09T05:17:39Z
2024-01-22,MTA,3.55,3.55,3.55,3.55,300,KBS,2026-10-09T05:17:39Z
2024-01-23,MTA,3.55,3.55,3.55,3.55,600,KBS,2026-10-09T05:17:39Z
2024-01-24,MTA,3.55,3.55,3.46,3.46,2100,KBS,2026-10-09T05:17:39Z
2024-01-25,MTA,3.65,3.65,3.55,3.55,77800,KBS,2026-10-09T05:17:39Z
2024-01-26,MTA,3.55,3.55,3.55,3.55,1400,KBS,2026-10-09T05:17:39Z
2024-01-31,MTA,3.55,3.55,3.55,3.55,1000,KBS,2026-10-09T05:17:39Z
2024-02-01,MTA,3.55,3.55,3.55,3.55,200,KBS,2026-10-09T05:17:39Z
2024-02-02,MTA,3.55,3.55,3.46,3.46,8200,KBS,2026-10-09T05:17:39Z
2024-02-05,MTA,3.46,3.46,3.46,3.46,400,KBS,2026-10-09T05:17:39Z
2024-02-06,MTA,3.55,3.65,3.55,3.65,200,KBS,2026-10-09T05:17:39Z
2024-02-07,MTA,3.46,3.55,3.46,3.46,3125,KBS,2026-10-09T05:17:39Z
2024-02-15,MTA,3.55,3.55,3.55,3.55,2500,KBS,2026-10-09T05:17:39Z
2024-02-16,MTA,3.55,3.55,3.46,3.55,5800,KBS,2026-10-09T05:17:39Z
2024-02-19,MTA,3.55,3.55,3.55,3.55,3700,KBS,2026-10-09T05:17:39Z
2024-02-20,MTA,3.55,3.55,3.46,3.46,6100,KBS,2026-10-09T05:17:39Z
2024-02-21,MTA,3.46,3.55,3.46,3.55,5600,KBS,2026-10-09T05:17:39Z
2024-02-22,MTA,3.46,3.46,3.46,3.46,19200,KBS,2026-10-09T05:17:39Z
2024-02-26,MTA,3.46,3.46,3.46,3.46,1900,KBS,2026-10-09T05:17:39Z
2024-02-27,MTA,3.46,3.46,3.46,3.46,600,KBS,2026-10-09T05:17:39Z
2024-02-28,MTA,3.46,3.46,3.46,3.46,500,KBS,2026-10-09T05:17:39Z
2024-02-29,MTA,3.46,3.46,3.46,3.46,1000,KBS,2026-10-09T05:17:39Z
2024-03-01,MTA,3.46,3.46,3.36,3.46,3600,KBS,2026-10-09T05:17:39Z
2024-03-04,MTA,3.46,3.46,3.46,3.46,2500,KBS,2026-10-09T05:17:39Z
2024-03-05,MTA,3.46,3.46,3.46,3.46,3900,KBS,2026-10-09T05:17:39Z
2024-03-06,MTA,3.65,3.75,3.55,3.55,14900,KBS,2026-10-09T05:17:39Z
2024-03-07,MTA,3.46,3.46,3.46,3.46,1000,KBS,2026-10-09T05:17:39Z
2024-03-08,MTA,3.46,3.55,3.46,3.55,23000,KBS,2026-10-09T05:17:39Z
2024-03-11,MTA,3.46,3.55,3.46,3.46,6700,KBS,2026-10-09T05:17:39Z
2024-03-12,MTA,3.55,3.55,3.55,3.55,1000,KBS,2026-10-09T05:17:39Z
2024-03-14,MTA,3.65,3.65,3.55,3.55,4800,KBS,2026-10-09T05:17:39Z
2024-03-15,MTA,3.55,3.55,3.55,3.55,300,KBS,2026-10-09T05:17:39Z
2024-03-18,MTA,3.46,3.46,3.46,3.46,3400,KBS,2026-10-09T05:17:39Z
2024-03-19,MTA,3.55,3.55,3.55,3.55,200,KBS,2026-10-09T05:17:39Z
2024-03-20,MTA,3.55,3.65,3.55,3.55,2900,KBS,2026-10-09T05:17:39Z
2024-03-21,MTA,3.55,3.85,3.55,3.75,20800,KBS,2026-10-09T05:17:39Z
2024-03-22,MTA,3.65,3.65,3.65,3.65,10000,KBS,2026-10-09T05:17:39Z
2024-03-25,MTA,3.75,3.75,3.65,3.65,7000,KBS,2026-10-09T05:17:39Z
2024-03-26,MTA,3.65,3.75,3.65,3.75,10400,KBS,2026-10-09T05:17:39Z
2024-03-27,MTA,3.75,3.75,3.75,3.75,7000,KBS,2026-10-09T05:17:39Z
2024-03-28,MTA,3.75,3.75,3.75,3.75,4100,KBS,2026-10-09T05:17:39Z
2024-03-29,MTA,3.75,4.24,3.46,3.75,46400,KBS,2026-10-09T05:17:39Z
2024-04-01,MTA,3.75,3.75,3.75,3.75,7500,KBS,2026-10-09T05:17:39Z
2024-04-02,MTA,4.05,4.24,3.95,4.24,34800,KBS,2026-10-09T05:17:39Z
2024-04-03,MTA,4.34,4.34,3.85,4.05,22400,KBS,2026-10-09T05:17:39Z
2024-04-04,MTA,3.75,4.34,3.75,4.34,42259,KBS,2026-10-09T05:17:39Z
2024-04-05,MTA,4.44,4.84,4.44,4.84,21356,KBS,2026-10-09T05:17:39Z
2024-04-08,MTA,5.53,5.53,5.43,5.53,127301,KBS,2026-10-09T05:17:39Z
2024-04-09,MTA,6.32,6.32,6.22,6.32,165000,KBS,2026-10-09T05:17:39Z
2024-04-10,MTA,6.32,6.32,5.33,5.33,35169,KBS,2026-10-09T05:17:39Z
2024-04-11,MTA,4.84,5.13,4.84,5.13,174500,KBS,2026-10-09T05:17:39Z
2024-04-12,MTA,5.13,5.23,4.54,5.13,13152,KBS,2026-10-09T05:17:39Z
2024-04-15,MTA,5.03,5.72,4.54,4.54,67300,KBS,2026-10-09T05:17:39Z
2024-04-16,MTA,4.15,4.24,4.05,4.15,3101,KBS,2026-10-09T05:17:39Z
2024-04-17,MTA,4.64,4.64,3.65,3.75,61000,KBS,2026-10-09T05:17:39Z
2024-04-19,MTA,4.05,4.05,3.36,3.85,17400,KBS,2026-10-09T05:17:39Z
2024-04-22,MTA,3.36,4.05,3.36,3.95,9500,KBS,2026-10-09T05:17:39Z
2024-04-23,MTA,3.55,3.95,3.55,3.75,5300,KBS,2026-10-09T05:17:39Z
2024-04-24,MTA,4.15,4.24,3.46,4.15,7800,KBS,2026-10-09T05:17:39Z
2024-04-25,MTA,3.85,4.34,3.85,4.34,450,KBS,2026-10-09T05:17:39Z
2024-04-26,MTA,4.24,4.24,4.05,4.15,300,KBS,2026-10-09T05:17:39Z
2024-05-03,MTA,3.65,4.24,3.55,4.24,6400,KBS,2026-10-09T05:17:39Z
2024-05-06,MTA,3.65,3.65,3.26,3.55,58600,KBS,2026-10-09T05:17:39Z
2024-05-07,MTA,3.46,3.85,3.46,3.85,6600,KBS,2026-10-09T05:17:39Z
2024-05-08,MTA,3.75,4.05,3.55,3.65,4900,KBS,2026-10-09T05:17:39Z
2024-05-09,MTA,3.75,3.85,3.65,3.85,7600,KBS,2026-10-09T05:17:39Z
2024-05-10,MTA,3.75,3.95,3.75,3.95,2200,KBS,2026-10-09T05:17:39Z
2024-05-13,MTA,3.85,4.15,3.85,3.85,12300,KBS,2026-10-09T05:17:39Z
2024-05-14,MTA,3.95,4.05,3.85,3.85,6200,KBS,2026-10-09T05:17:39Z
2024-05-15,MTA,3.65,3.85,3.65,3.65,3312,KBS,2026-10-09T05:17:39Z
2024-05-16,MTA,3.65,3.75,3.65,3.65,7000,KBS,2026-10-09T05:17:39Z
2024-05-17,MTA,3.85,3.85,3.75,3.85,2600,KBS,2026-10-09T05:17:39Z
2024-05-20,MTA,3.95,3.95,3.65,3.65,12500,KBS,2026-10-09T05:17:39Z
2024-05-21,MTA,3.85,4.05,3.75,4.05,1400,KBS,2026-10-09T05:17:39Z
2024-05-22,MTA,4.24,4.24,3.95,3.95,20600,KBS,2026-10-09T05:17:39Z
2024-05-23,MTA,3.95,3.95,3.95,3.95,4100,KBS,2026-10-09T05:17:39Z
2024-05-24,MTA,4.05,4.34,4.05,4.24,10400,KBS,2026-10-09T05:17:39Z
2024-05-27,MTA,4.24,4.74,4.24,4.74,43500,KBS,2026-10-09T05:17:39Z
2024-05-28,MTA,5.03,5.03,4.64,4.94,41200,KBS,2026-10-09T05:17:39Z
2024-05-29,MTA,4.94,4.94,4.44,4.84,41300,KBS,2026-10-09T05:17:39Z
2024-05-30,MTA,4.24,4.74,4.24,4.74,15600,KBS,2026-10-09T05:17:39Z
2024-05-31,MTA,4.74,4.74,4.34,4.54,28202,KBS,2026-10-09T05:17:39Z
2024-06-03,MTA,4.44,4.84,4.44,4.84,18900,KBS,2026-10-09T05:17:39Z
2024-06-04,MTA,4.74,4.84,4.74,4.84,32900,KBS,2026-10-09T05:17:39Z
2024-06-05,MTA,4.94,4.94,4.44,4.84,5800,KBS,2026-10-09T05:17:39Z
2024-06-06,MTA,4.94,4.94,4.74,4.74,10700,KBS,2026-10-09T05:17:39Z
2024-06-07,MTA,4.74,4.74,4.34,4.54,12700,KBS,2026-10-09T05:17:39Z
2024-06-10,MTA,4.74,4.74,4.64,4.64,2800,KBS,2026-10-09T05:17:39Z
2024-06-11,MTA,4.54,4.54,4.44,4.44,13600,KBS,2026-10-09T05:17:39Z
2024-06-12,MTA,4.94,4.94,4.44,4.74,800,KBS,2026-10-09T05:17:39Z
2024-06-13,MTA,4.74,4.74,4.44,4.44,7700,KBS,2026-10-09T05:17:39Z
2024-06-14,MTA,4.44,4.54,4.34,4.44,4000,KBS,2026-10-09T05:17:39Z
2024-06-18,MTA,4.44,4.44,4.24,4.24,25200,KBS,2026-10-09T05:17:39Z
2024-06-20,MTA,4.34,4.44,4.15,4.15,13600,KBS,2026-10-09T05:17:39Z
2024-06-21,MTA,4.15,4.44,4.15,4.44,15937,KBS,2026-10-09T05:17:39Z
2024-06-24,MTA,4.44,4.44,4.24,4.44,15900,KBS,2026-10-09T05:17:39Z
2024-06-25,MTA,4.44,4.84,4.44,4.44,41800,KBS,2026-10-09T05:17:39Z
2024-06-26,MTA,4.64,4.64,4.34,4.44,15200,KBS,2026-10-09T05:17:39Z
2024-06-27,MTA,4.34,4.54,4.34,4.34,5800,KBS,2026-10-09T05:17:39Z
2024-06-28,MTA,4.34,4.54,4.05,4.15,25000,KBS,2026-10-09T05:17:39Z
2024-07-01,MTA,4.44,4.54,4.05,4.05,6900,KBS,2026-10-09T05:17:39Z
2024-07-02,MTA,4.44,4.44,4.05,4.24,5300,KBS,2026-10-09T05:17:39Z
2024-07-03,MTA,4.34,4.54,4.24,4.34,15900,KBS,2026-10-09T05:17:39Z
2024-07-04,MTA,4.54,4.54,4.34,4.44,6300,KBS,2026-10-09T05:17:39Z
2024-07-05,MTA,4.44,4.64,4.34,4.34,81400,KBS,2026-10-09T05:17:39Z
2024-07-08,MTA,4.34,4.34,4.15,4.34,7300,KBS,2026-10-09T05:17:39Z
2024-07-09,MTA,4.24,4.24,4.24,4.24,500,KBS,2026-10-09T05:17:39Z
2024-07-10,MTA,4.34,4.34,4.24,4.24,7000,KBS,2026-10-09T05:17:39Z
2024-07-11,MTA,4.15,4.24,4.15,4.15,33523,KBS,2026-10-09T05:17:39Z
2024-07-12,MTA,4.15,4.15,4.15,4.15,2600,KBS,2026-10-09T05:17:39Z
2024-07-15,MTA,4.24,4.24,4.24,4.24,12300,KBS,2026-10-09T05:17:39Z
2024-07-16,MTA,4.24,4.34,4.24,4.24,19200,KBS,2026-10-09T05:17:39Z
2024-07-17,MTA,4.34,4.34,4.34,4.34,28200,KBS,2026-10-09T05:17:39Z
2024-07-18,MTA,4.34,4.44,4.34,4.44,39000,KBS,2026-10-09T05:17:39Z
2024-07-19,MTA,4.34,4.54,4.24,4.54,36000,KBS,2026-10-09T05:17:39Z
2024-07-22,MTA,4.34,4.34,4.24,4.34,31000,KBS,2026-10-09T05:17:39Z
2024-07-23,MTA,4.34,4.44,3.95,4.44,108100,KBS,2026-10-09T05:17:39Z
2024-07-24,MTA,4.05,4.24,4.05,4.24,4300,KBS,2026-10-09T05:17:39Z
2024-07-25,MTA,4.34,4.34,4.24,4.24,17700,KBS,2026-10-09T05:17:39Z
2024-07-26,MTA,4.34,4.34,4.24,4.34,9601,KBS,2026-10-09T05:17:39Z
2024-07-29,MTA,4.44,4.44,4.44,4.44,7701,KBS,2026-10-09T05:17:39Z
2024-07-30,MTA,4.24,4.34,4.24,4.34,6301,KBS,2026-10-09T05:17:39Z
2024-07-31,MTA,4.44,4.64,4.44,4.64,41111,KBS,2026-10-09T05:17:39Z
2024-08-01,MTA,4.74,5.13,4.74,5.13,227900,KBS,2026-10-09T05:17:39Z
2024-08-02,MTA,5.33,5.82,5.33,5.82,194510,KBS,2026-10-09T05:17:39Z
2024-08-05,MTA,5.82,5.82,4.94,4.94,33801,KBS,2026-10-09T05:17:39Z
2024-08-06,MTA,4.34,4.74,4.34,4.74,117200,KBS,2026-10-09T05:17:39Z
2024-08-07,MTA,4.64,4.84,4.44,4.64,24600,KBS,2026-10-09T05:17:39Z
2024-08-08,MTA,5.33,5.33,4.54,4.64,19300,KBS,2026-10-09T05:17:39Z
2024-08-09,MTA,5.33,5.33,4.44,4.44,65700,KBS,2026-10-09T05:17:39Z
2024-08-12,MTA,4.64,4.64,3.95,4.24,101200,KBS,2026-10-09T05:17:39Z
2024-08-13,MTA,4.24,4.44,4.15,4.44,22200,KBS,2026-10-09T05:17:39Z
2024-08-14,MTA,4.34,4.54,4.24,4.44,33400,KBS,2026-10-09T05:17:39Z
2024-08-15,MTA,4.64,4.74,4.44,4.44,15600,KBS,2026-10-09T05:17:39Z
2024-08-16,MTA,4.64,4.64,4.34,4.44,23301,KBS,2026-10-09T05:17:39Z
2024-08-19,MTA,4.54,4.64,4.44,4.54,31809,KBS,2026-10-09T05:17:39Z
2024-08-20,MTA,4.44,4.54,4.44,4.54,26200,KBS,2026-10-09T05:17:39Z
2024-08-21,MTA,4.54,4.54,4.44,4.44,15300,KBS,2026-10-09T05:17:39Z
2024-08-22,MTA,4.54,4.64,4.44,4.44,34300,KBS,2026-10-09T05:17:39Z
2024-08-23,MTA,4.44,4.54,4.44,4.54,15800,KBS,2026-10-09T05:17:39Z
2024-08-26,MTA,4.74,4.84,4.54,4.74,13100,KBS,2026-10-09T05:17:39Z
2024-08-27,MTA,4.74,4.74,4.64,4.74,7800,KBS,2026-10-09T05:17:39Z
2024-08-28,MTA,4.64,4.74,4.54,4.74,18500,KBS,2026-10-09T05:17:39Z
2024-08-29,MTA,4.64,4.74,4.64,4.64,6200,KBS,2026-10-09T05:17:39Z
2024-08-30,MTA,4.54,4.64,4.54,4.64,23300,KBS,2026-10-09T05:17:39Z
2024-09-04,MTA,4.54,4.54,4.44,4.44,32700,KBS,2026-10-09T05:17:39Z
2024-09-05,MTA,4.54,4.64,4.44,4.44,33400,KBS,2026-10-09T05:17:39Z
2024-09-06,MTA,4.44,4.54,4.44,4.54,12702,KBS,2026-10-09T05:17:39Z
2024-09-09,MTA,4.44,4.44,4.34,4.34,3800,KBS,2026-10-09T05:17:39Z
2024-09-10,MTA,4.44,4.44,4.34,4.34,15400,KBS,2026-10-09T05:17:39Z
2024-09-11,MTA,4.44,4.44,4.34,4.34,900,KBS,2026-10-09T05:17:39Z
2024-09-12,MTA,4.44,4.44,4.34,4.34,17400,KBS,2026-10-09T05:17:39Z
2024-09-13,MTA,4.84,4.84,4.84,4.84,100,KBS,2026-10-09T05:17:39Z
2024-09-16,MTA,4.34,4.34,4.15,4.24,21100,KBS,2026-10-09T05:17:39Z
2024-09-17,MTA,4.24,4.54,4.24,4.54,600,KBS,2026-10-09T05:17:39Z
2024-09-18,MTA,4.54,4.54,4.54,4.54,700,KBS,2026-10-09T05:17:39Z
2024-09-19,MTA,4.44,4.44,4.44,4.44,1400,KBS,2026-10-09T05:17:39Z
2024-09-20,MTA,4.54,4.54,4.54,4.54,100,KBS,2026-10-09T05:17:39Z
2024-09-24,MTA,4.44,4.54,4.44,4.54,19700,KBS,2026-10-09T05:17:39Z
2024-09-25,MTA,4.54,4.54,4.34,4.34,23200,KBS,2026-10-09T05:17:39Z
2024-09-26,MTA,4.34,4.34,4.34,4.34,7500,KBS,2026-10-09T05:17:39Z
2024-09-27,MTA,4.34,4.34,4.24,4.24,2700,KBS,2026-10-09T05:17:39Z
2024-09-30,MTA,4.34,4.34,4.34,4.34,2700,KBS,2026-10-09T05:17:39Z
2024-10-01,MTA,4.34,4.44,4.34,4.44,7200,KBS,2026-10-09T05:17:39Z
2024-10-02,MTA,4.34,4.44,4.34,4.44,9500,KBS,2026-10-09T05:17:39Z
2024-10-07,MTA,4.34,4.34,4.24,4.34,12700,KBS,2026-10-09T05:17:39Z
2024-10-09,MTA,4.44,4.64,4.44,4.44,700,KBS,2026-10-09T05:17:39Z
2024-10-10,MTA,4.44,4.44,4.34,4.44,2800,KBS,2026-10-09T05:17:39Z
2024-10-17,MTA,4.24,4.24,4.24,4.24,1900,KBS,2026-10-09T05:17:39Z
2024-10-18,MTA,4.54,4.74,4.44,4.64,28500,KBS,2026-10-09T05:17:39Z
2024-10-21,MTA,4.44,4.44,4.44,4.44,2001,KBS,2026-10-09T05:17:39Z
2024-10-22,MTA,4.34,4.54,4.34,4.54,1200,KBS,2026-10-09T05:17:39Z
2024-10-23,MTA,4.34,4.44,4.34,4.44,1200,KBS,2026-10-09T05:17:39Z
2024-10-24,MTA,4.34,4.54,4.34,4.54,5100,KBS,2026-10-09T05:17:39Z
2024-10-25,MTA,4.54,4.54,4.34,4.44,1300,KBS,2026-10-09T05:17:39Z
2024-10-28,MTA,4.24,4.44,4.24,4.44,2100,KBS,2026-10-09T05:17:39Z
2024-10-29,MTA,4.54,4.84,4.54,4.64,4010,KBS,2026-10-09T05:17:39Z
2024-10-30,MTA,4.64,4.64,4.54,4.64,7301,KBS,2026-10-09T05:17:39Z
2024-10-31,MTA,4.74,4.74,4.54,4.64,2401,KBS,2026-10-09T05:17:39Z
2024-11-01,MTA,5.13,5.13,4.64,4.64,1310,KBS,2026-10-09T05:17:39Z
2024-11-04,MTA,4.44,4.64,4.34,4.64,2300,KBS,2026-10-09T05:17:39Z
2024-11-05,MTA,4.44,4.44,4.44,4.44,3400,KBS,2026-10-09T05:17:39Z
2024-11-06,MTA,4.44,4.64,4.44,4.64,1300,KBS,2026-10-09T05:17:39Z
2024-11-07,MTA,4.44,4.54,4.44,4.54,2801,KBS,2026-10-09T05:17:39Z
2024-11-08,MTA,4.54,4.54,4.44,4.54,1200,KBS,2026-10-09T05:17:39Z
2024-11-11,MTA,4.54,4.54,4.54,4.54,200,KBS,2026-10-09T05:17:39Z
2024-11-12,MTA,4.54,4.54,4.44,4.44,7600,KBS,2026-10-09T05:17:39Z
2024-11-13,MTA,4.44,4.44,4.44,4.44,7200,KBS,2026-10-09T05:17:39Z
2024-11-14,MTA,4.54,4.54,4.54,4.54,2300,KBS,2026-10-09T05:17:39Z
2024-11-15,MTA,4.44,4.44,4.44,4.44,5000,KBS,2026-10-09T05:17:39Z
2024-11-18,MTA,4.44,4.54,4.44,4.44,2200,KBS,2026-10-09T05:17:39Z
2024-11-19,MTA,4.64,4.74,4.54,4.54,8600,KBS,2026-10-09T05:17:39Z
2024-11-20,MTA,4.54,4.54,4.44,4.54,4200,KBS,2026-10-09T05:17:39Z
2024-11-21,MTA,4.94,4.94,4.94,4.94,100,KBS,2026-10-09T05:17:39Z
2024-11-22,MTA,4.44,4.54,4.44,4.54,6100,KBS,2026-10-09T05:17:39Z
2024-11-26,MTA,4.44,4.44,4.44,4.44,2700,KBS,2026-10-09T05:17:39Z
2024-11-27,MTA,4.44,4.44,4.34,4.44,3300,KBS,2026-10-09T05:17:39Z
2024-11-28,MTA,4.44,4.54,4.44,4.54,1000,KBS,2026-10-09T05:17:39Z
2024-11-29,MTA,4.44,4.44,4.34,4.44,4900,KBS,2026-10-09T05:17:39Z
2024-12-02,MTA,4.44,4.44,4.44,4.44,13600,KBS,2026-10-09T05:17:39Z
2024-12-03,MTA,4.64,4.64,4.64,4.64,100,KBS,2026-10-09T05:17:39Z
2024-12-04,MTA,4.34,4.44,4.34,4.44,3400,KBS,2026-10-09T05:17:39Z
2024-12-05,MTA,4.44,4.44,4.44,4.44,6000,KBS,2026-10-09T05:17:39Z
2024-12-06,MTA,4.44,4.54,4.44,4.44,9700,KBS,2026-10-09T05:17:39Z
2024-12-09,MTA,4.74,5.03,4.54,5.03,59321,KBS,2026-10-09T05:17:39Z
2024-12-10,MTA,5.03,5.43,4.84,4.94,34601,KBS,2026-10-09T05:17:39Z
2024-12-11,MTA,5.33,5.33,4.74,4.94,35418,KBS,2026-10-09T05:17:39Z
2024-12-12,MTA,4.84,5.63,4.84,5.43,46800,KBS,2026-10-09T05:17:39Z
2024-12-13,MTA,5.33,5.92,5.23,5.92,291418,KBS,2026-10-09T05:17:39Z
2024-12-16,MTA,6.02,6.81,6.02,6.81,84819,KBS,2026-10-09T05:17:39Z
2024-12-17,MTA,7.8,7.8,7.5,7.8,341400,KBS,2026-10-09T05:17:39Z
2024-12-18,MTA,7.9,8.88,7.8,8.49,164527,KBS,2026-10-09T05:17:39Z
2024-12-19,MTA,8.29,8.49,7.4,7.7,214333,KBS,2026-10-09T05:17:39Z
2024-12-20,MTA,7.7,8.78,7.3,8.69,163286,KBS,2026-10-09T05:17:39Z
2024-12-23,MTA,8.88,9.38,8.19,8.49,113827,KBS,2026-10-09T05:17:39Z
2024-12-24,MTA,8.59,9.87,8.29,9.87,227672,KBS,2026-10-09T05:17:39Z
2024-12-25,MTA,10.36,10.66,10.36,10.66,26724,KBS,2026-10-09T05:17:39Z
2024-12-26,MTA,12.24,12.24,10.76,11.06,435426,KBS,2026-10-09T05:17:39Z
2024-12-27,MTA,11.06,11.65,9.97,10.36,241795,KBS,2026-10-09T05:17:39Z
2024-12-30,MTA,10.36,10.56,9.38,10.17,93545,KBS,2026-10-09T05:17:39Z
2024-12-31,MTA,10.36,10.56,9.48,9.48,46924,KBS,2026-10-09T05:17:39Z
2025-01-02,MTA,9.48,9.87,9.08,9.67,88267,KBS,2026-10-09T05:17:39Z
2025-01-03,MTA,9.38,10.66,9.38,10.66,132306,KBS,2026-10-09T05:17:39Z
2025-01-06,MTA,10.66,11.55,10.66,11.25,219578,KBS,2026-10-09T05:17:39Z
2025-01-07,MTA,11.25,11.55,10.36,10.86,72861,KBS,2026-10-09T05:17:39Z
2025-01-08,MTA,10.86,11.55,10.56,11.16,88947,KBS,2026-10-09T05:17:39Z
2025-01-09,MTA,11.85,11.85,10.46,10.76,49959,KBS,2026-10-09T05:17:39Z
2025-01-10,MTA,10.86,12.04,10.86,11.65,129821,KBS,2026-10-09T05:17:39Z
2025-01-13,MTA,11.75,12.83,11.65,11.75,144757,KBS,2026-10-09T05:17:39Z
2025-01-14,MTA,11.85,12.24,11.35,11.75,61374,KBS,2026-10-09T05:17:39Z
2025-01-15,MTA,11.55,11.75,10.86,11.06,107128,KBS,2026-10-09T05:17:39Z
2025-01-16,MTA,11.35,12.34,10.76,11.55,91908,KBS,2026-10-09T05:17:39Z
2025-01-17,MTA,11.85,12.44,11.55,11.65,124806,KBS,2026-10-09T05:17:39Z
2025-01-20,MTA,12.44,12.44,11.65,11.94,46537,KBS,2026-10-09T05:17:39Z
2025-01-21,MTA,12.04,12.83,12.04,12.44,72752,KBS,2026-10-09T05:17:39Z
2025-01-22,MTA,12.83,14.12,11.85,14.12,260053,KBS,2026-10-09T05:17:39Z
2025-01-23,MTA,15.3,15.3,13.62,14.02,110020,KBS,2026-10-09T05:17:39Z
2025-01-24,MTA,14.31,14.31,12.34,12.34,231955,KBS,2026-10-09T05:17:39Z
2025-02-03,MTA,12.64,14.61,11.75,12.73,112986,KBS,2026-10-09T05:17:39Z
2025-02-04,MTA,13.82,14.02,12.73,13.33,87244,KBS,2026-10-09T05:17:39Z
2025-02-05,MTA,14.22,14.61,13.82,14.41,214083,KBS,2026-10-09T05:17:39Z
2025-02-06,MTA,14.81,16.29,14.81,16.29,240827,KBS,2026-10-09T05:17:39Z
2025-02-07,MTA,17.67,18.36,16.39,18.36,349342,KBS,2026-10-09T05:17:39Z
2025-02-10,MTA,18.46,21.03,15.7,19.55,343040,KBS,2026-10-09T05:17:39Z
2025-02-11,MTA,20.24,21.72,17.08,18.36,147275,KBS,2026-10-09T05:17:39Z
2025-02-12,MTA,18.95,18.95,17.08,18.36,70932,KBS,2026-10-09T05:17:39Z
2025-02-13,MTA,19.05,20.73,17.77,20.73,293807,KBS,2026-10-09T05:17:39Z
2025-02-14,MTA,22.7,23.2,20.73,23.2,178179,KBS,2026-10-09T05:17:39Z
2025-02-17,MTA,24.68,26.55,24.68,26.55,447316,KBS,2026-10-09T05:17:39Z
2025-02-18,MTA,29.61,30.5,22.7,25.66,539242,KBS,2026-10-09T05:17:39Z
2025-02-19,MTA,25.66,28.53,22.9,24.78,232639,KBS,2026-10-09T05:17:39Z
2025-02-20,MTA,25.66,29.02,24.68,29.02,393620,KBS,2026-10-09T05:17:39Z
2025-02-21,MTA,30.6,30.6,28.13,28.82,153282,KBS,2026-10-09T05:17:39Z
2025-02-24,MTA,28.92,29.42,24.97,24.97,319644,KBS,2026-10-09T05:17:39Z
2025-02-25,MTA,27.54,27.54,22.01,22.01,360718,KBS,2026-10-09T05:17:39Z
2025-02-26,MTA,21.82,24.68,21.72,22.9,98080,KBS,2026-10-09T05:17:39Z
2025-02-27,MTA,23.69,26.16,22.41,24.97,315402,KBS,2026-10-09T05:17:39Z
2025-02-28,MTA,26.55,26.65,24.18,25.37,105634,KBS,2026-10-09T05:17:39Z
2025-03-03,MTA,25.66,27.44,23.49,25.07,109878,KBS,2026-10-09T05:17:39Z
2025-03-04,MTA,26.85,26.85,22.51,23.49,185170,KBS,2026-10-09T05:17:39Z
2025-03-05,MTA,24.58,24.68,23.4,23.79,44059,KBS,2026-10-09T05:17:39Z
2025-03-06,MTA,24.58,24.68,23.0,23.69,52891,KBS,2026-10-09T05:17:39Z
2025-03-07,MTA,24.28,24.28,22.6,22.7,77193,KBS,2026-10-09T05:17:39Z
2025-03-10,MTA,22.7,25.57,22.41,24.97,223497,KBS,2026-10-09T05:17:39Z
2025-03-11,MTA,25.66,25.66,24.09,24.48,130692,KBS,2026-10-09T05:17:39Z
2025-03-12,MTA,25.17,25.17,23.0,23.69,104049,KBS,2026-10-09T05:17:39Z
2025-03-13,MTA,24.18,24.18,21.72,22.31,130699,KBS,2026-10-09T05:17:39Z
2025-03-14,MTA,22.31,23.69,22.21,23.1,75764,KBS,2026-10-09T05:17:39Z
2025-03-17,MTA,22.9,23.69,21.91,22.41,90599,KBS,2026-10-09T05:17:39Z
2025-03-18,MTA,22.41,22.8,20.14,21.12,155233,KBS,2026-10-09T05:17:39Z
2025-03-19,MTA,21.42,21.42,19.35,19.35,80887,KBS,2026-10-09T05:17:39Z
2025-03-20,MTA,19.94,21.52,19.74,20.04,32072,KBS,2026-10-09T05:17:39Z
2025-03-21,MTA,20.24,20.24,19.25,19.45,24923,KBS,2026-10-09T05:17:39Z
2025-03-24,MTA,18.06,18.06,16.68,16.78,209061,KBS,2026-10-09T05:17:39Z
2025-03-25,MTA,17.27,18.16,17.08,17.47,42612,KBS,2026-10-09T05:17:39Z
2025-03-26,MTA,17.67,20.14,17.67,18.76,88311,KBS,2026-10-09T05:17:39Z
2025-03-27,MTA,19.74,21.03,18.36,18.76,30137,KBS,2026-10-09T05:17:39Z
2025-03-28,MTA,19.94,19.94,17.67,18.26,38125,KBS,2026-10-09T05:17:39Z
2025-03-31,MTA,18.66,19.15,17.77,18.16,28569,KBS,2026-10-09T05:17:39Z
2025-04-01,MTA,19.25,21.32,18.16,21.32,173945,KBS,2026-10-09T05:17:39Z
2025-04-02,MTA,23.59,23.89,23.0,23.89,218688,KBS,2026-10-09T05:17:39Z
2025-04-03,MTA,27.34,27.34,20.83,25.66,307535,KBS,2026-10-09T05:17:39Z
2025-04-04,MTA,26.75,26.75,22.41,23.1,108482,KBS,2026-10-09T05:17:39Z
2025-04-08,MTA,22.7,24.48,20.43,20.43,64909,KBS,2026-10-09T05:17:39Z
2025-04-09,MTA,17.97,20.04,17.97,17.97,233637,KBS,2026-10-09T05:17:39Z
2025-04-10,MTA,20.63,20.63,20.63,20.63,10993,KBS,2026-10-09T05:17:39Z
2025-04-11,MTA,23.59,23.59,18.56,20.73,98242,KBS,2026-10-09T05:17:39Z
2025-04-14,MTA,21.42,22.7,20.73,21.72,59778,KBS,2026-10-09T05:17:39Z
2025-04-15,MTA,24.68,24.68,20.63,21.22,86794,KBS,2026-10-09T05:17:39Z
2025-04-16,MTA,21.42,21.42,19.94,20.63,50725,KBS,2026-10-09T05:17:39Z
2025-04-17,MTA,23.2,23.2,19.74,20.24,32135,KBS,2026-10-09T05:17:39Z
2025-04-18,MTA,20.14,21.42,19.64,20.04,80898,KBS,2026-10-09T05:17:39Z
2025-04-21,MTA,20.24,20.24,18.56,18.85,57507,KBS,2026-10-09T05:17:39Z
2025-04-22,MTA,19.05,19.05,16.29,17.08,123533,KBS,2026-10-09T05:17:39Z
2025-04-23,MTA,19.35,19.45,17.18,17.67,42080,KBS,2026-10-09T05:17:39Z
2025-04-24,MTA,19.25,19.25,15.99,17.18,40341,KBS,2026-10-09T05:17:39Z
2025-04-25,MTA,17.18,19.05,16.88,18.76,79219,KBS,2026-10-09T05:17:39Z
2025-04-28,MTA,18.95,19.74,18.06,18.56,28807,KBS,2026-10-09T05:17:39Z
2025-04-29,MTA,20.24,20.24,18.16,18.66,34532,KBS,2026-10-09T05:17:39Z
2025-05-05,MTA,18.56,19.55,18.16,18.56,21700,KBS,2026-10-09T05:17:39Z
2025-05-06,MTA,18.85,19.05,18.26,18.66,49000,KBS,2026-10-09T05:17:39Z
2025-05-07,MTA,19.35,19.35,17.57,18.26,62600,KBS,2026-10-09T05:17:39Z
2025-05-08,MTA,17.77,18.26,17.37,17.67,49800,KBS,2026-10-09T05:17:39Z
2025-05-09,MTA,17.62,17.62,16.83,17.32,54400,KBS,2026-10-09T05:17:39Z
2025-05-12,MTA,16.93,17.42,16.83,17.03,56400,KBS,2026-10-09T05:17:39Z
2025-05-13,MTA,17.22,18.11,17.12,17.62,35400,KBS,2026-10-09T05:17:39Z
2025-05-14,MTA,18.31,18.31,16.83,17.32,37400,KBS,2026-10-09T05:17:39Z
2025-05-15,MTA,17.03,17.32,16.33,16.73,92400,KBS,2026-10-09T05:17:39Z
2025-05-16,MTA,16.83,16.83,16.04,16.23,32500,KBS,2026-10-09T05:17:39Z
2025-05-19,MTA,16.14,16.23,14.06,15.14,79500,KBS,2026-10-09T05:17:39Z
2025-05-20,MTA,15.05,17.62,14.95,17.62,137600,KBS,2026-10-09T05:17:39Z
2025-05-21,MTA,19.3,19.5,17.82,19.5,208000,KBS,2026-10-09T05:17:39Z
2025-05-22,MTA,19.2,19.8,16.93,17.22,101900,KBS,2026-10-09T05:17:39Z
2025-05-23,MTA,17.62,17.62,16.43,16.83,62300,KBS,2026-10-09T05:17:39Z
2025-05-26,MTA,16.43,17.52,16.23,17.12,32700,KBS,2026-10-09T05:17:39Z
2025-05-27,MTA,16.73,17.52,16.33,16.83,28800,KBS,2026-10-09T05:17:39Z
2025-05-28,MTA,16.83,18.02,16.83,17.72,71400,KBS,2026-10-09T05:17:39Z
2025-05-29,MTA,17.82,18.02,17.03,17.12,36700,KBS,2026-10-09T05:17:39Z
2025-05-30,MTA,17.32,17.82,16.83,17.32,24100,KBS,2026-10-09T05:17:39Z
2025-06-02,MTA,14.65,17.22,14.65,16.83,28500,KBS,2026-10-09T05:17:39Z
2025-06-03,MTA,17.32,17.42,16.83,16.93,37800,KBS,2026-10-09T05:17:39Z
2025-06-04,MTA,17.03,17.12,16.83,17.03,12600,KBS,2026-10-09T05:17:39Z
2025-06-05,MTA,17.42,19.1,17.03,18.81,152500,KBS,2026-10-09T05:17:39Z
2025-06-06,MTA,19.01,19.01,17.32,17.92,34100,KBS,2026-10-09T05:17:39Z
2025-06-09,MTA,18.11,18.11,16.83,17.12,33000,KBS,2026-10-09T05:17:39Z
2025-06-10,MTA,17.42,17.82,17.03,17.12,13200,KBS,2026-10-09T05:17:39Z
2025-06-11,MTA,17.62,17.72,17.12,17.32,9700,KBS,2026-10-09T05:17:39Z
2025-06-12,MTA,17.22,17.52,17.22,17.32,7800,KBS,2026-10-09T05:17:39Z
2025-06-13,MTA,17.22,17.32,16.83,17.12,28900,KBS,2026-10-09T05:17:39Z
2025-06-16,MTA,16.83,17.22,16.83,16.83,36900,KBS,2026-10-09T05:17:39Z
2025-06-17,MTA,18.02,18.02,17.03,17.12,10400,KBS,2026-10-09T05:17:39Z
2025-06-18,MTA,17.12,17.42,16.83,16.93,30500,KBS,2026-10-09T05:17:39Z
2025-06-19,MTA,17.82,17.82,16.83,17.22,20800,KBS,2026-10-09T05:17:39Z
2025-06-20,MTA,17.22,17.22,16.63,17.12,38900,KBS,2026-10-09T05:17:39Z
2025-06-23,MTA,16.83,16.83,16.23,16.83,32400,KBS,2026-10-09T05:17:39Z
2025-06-24,MTA,17.12,17.12,16.43,16.83,11500,KBS,2026-10-09T05:17:39Z
2025-06-25,MTA,17.12,17.12,16.53,16.83,17100,KBS,2026-10-09T05:17:39Z
2025-06-26,MTA,16.83,17.03,16.63,16.83,16200,KBS,2026-10-09T05:17:39Z
2025-06-27,MTA,16.43,16.63,16.23,16.63,17900,KBS,2026-10-09T05:17:39Z
2025-06-30,MTA,17.03,17.03,16.43,16.43,8400,KBS,2026-10-09T05:17:39Z
2025-07-01,MTA,16.53,16.63,16.33,16.33,26100,KBS,2026-10-09T05:17:39Z
2025-07-02,MTA,16.53,16.53,16.04,16.43,8500,KBS,2026-10-09T05:17:39Z
2025-07-03,MTA,16.83,16.83,16.04,16.43,18900,KBS,2026-10-09T05:17:39Z
2025-07-04,MTA,16.14,16.33,15.84,16.23,15400,KBS,2026-10-09T05:17:39Z
2025-07-07,MTA,16.04,16.23,16.04,16.23,15200,KBS,2026-10-09T05:17:39Z
2025-07-08,MTA,16.14,16.14,15.94,16.14,11400,KBS,2026-10-09T05:17:39Z
2025-07-09,MTA,16.63,17.12,16.53,16.63,31000,KBS,2026-10-09T05:17:39Z
2025-07-10,MTA,16.33,16.63,16.23,16.33,22200,KBS,2026-10-09T05:17:39Z
2025-07-11,MTA,16.53,16.63,15.94,16.14,24900,KBS,2026-10-09T05:17:39Z
2025-07-14,MTA,15.24,16.14,15.05,16.14,19500,KBS,2026-10-09T05:17:39Z
2025-07-15,MTA,15.84,16.04,15.64,15.84,14600,KBS,2026-10-09T05:17:39Z
2025-07-16,MTA,16.23,16.23,15.24,16.04,19300,KBS,2026-10-09T05:17:39Z
2025-07-17,MTA,15.64,16.53,15.44,15.84,56000,KBS,2026-10-09T05:17:39Z
2025-07-18,MTA,16.33,16.63,15.84,16.23,54500,KBS,2026-10-09T05:17:39Z
2025-07-21,MTA,16.53,17.52,16.43,16.73,51900,KBS,2026-10-09T05:17:39Z
2025-07-22,MTA,17.12,19.5,17.12,19.5,317200,KBS,2026-10-09T05:17:39Z
2025-07-23,MTA,19.5,20.19,18.02,18.31,70600,KBS,2026-10-09T05:17:39Z
2025-07-24,MTA,18.31,18.31,16.73,17.42,127300,KBS,2026-10-09T05:17:39Z
2025-07-25,MTA,17.12,17.82,17.03,17.32,32600,KBS,2026-10-09T05:17:39Z
2025-07-28,MTA,17.72,18.71,16.73,17.22,144600,KBS,2026-10-09T05:17:39Z
2025-07-29,MTA,17.72,17.72,15.94,16.23,88100,KBS,2026-10-09T05:17:39Z
2025-07-30,MTA,16.33,16.83,15.94,16.23,31200,KBS,2026-10-09T05:17:39Z
2025-07-31,MTA,16.33,16.53,15.84,16.23,7300,KBS,2026-10-09T05:17:39Z
2025-08-01,MTA,15.94,16.33,15.84,16.23,34900,KBS,2026-10-09T05:17:39Z
2025-08-04,MTA,16.23,17.62,15.94,16.73,31900,KBS,2026-10-09T05:17:39Z
2025-08-05,MTA,17.22,17.32,16.43,16.93,85600,KBS,2026-10-09T05:17:39Z
2025-08-06,MTA,17.12,17.12,16.43,16.83,25400,KBS,2026-10-09T05:17:39Z
2025-08-07,MTA,16.63,16.83,16.33,16.73,36300,KBS,2026-10-09T05:17:39Z
2025-08-08,MTA,16.93,16.93,16.04,16.73,24800,KBS,2026-10-09T05:17:39Z
2025-08-11,MTA,16.93,16.93,16.14,16.63,65600,KBS,2026-10-09T05:17:39Z
2025-08-12,MTA,16.83,16.83,16.14,16.43,33100,KBS,2026-10-09T05:17:39Z
2025-08-13,MTA,16.53,16.53,16.04,16.33,40200,KBS,2026-10-09T05:17:39Z
2025-08-14,MTA,15.94,16.33,15.74,16.33,32800,KBS,2026-10-09T05:17:39Z
2025-08-15,MTA,16.53,16.63,15.64,15.94,82300,KBS,2026-10-09T05:17:39Z
2025-08-18,MTA,16.33,16.33,15.44,15.64,30900,KBS,2026-10-09T05:17:39Z
2025-08-19,MTA,15.74,15.74,15.24,15.54,56400,KBS,2026-10-09T05:17:39Z
2025-08-20,MTA,15.44,17.72,15.34,15.84,40000,KBS,2026-10-09T05:17:39Z
2025-08-21,MTA,16.23,16.33,15.64,16.04,28500,KBS,2026-10-09T05:17:39Z
2025-08-22,MTA,16.33,16.33,15.34,15.74,20200,KBS,2026-10-09T05:17:39Z
2025-08-25,MTA,15.74,15.74,15.34,15.64,7200,KBS,2026-10-09T05:17:39Z
2025-08-26,MTA,15.24,15.44,14.06,14.85,77400,KBS,2026-10-09T05:17:39Z
2025-08-27,MTA,15.64,15.84,14.26,15.64,49000,KBS,2026-10-09T05:17:39Z
2025-08-28,MTA,16.04,16.04,14.85,15.24,18500,KBS,2026-10-09T05:17:39Z
2025-08-29,MTA,15.14,15.24,14.65,14.85,87700,KBS,2026-10-09T05:17:39Z
2025-09-03,MTA,15.05,15.54,14.75,15.34,29200,KBS,2026-10-09T05:17:39Z
2025-09-04,MTA,14.95,15.24,14.85,15.14,9900,KBS,2026-10-09T05:17:39Z
2025-09-05,MTA,15.54,15.54,15.05,15.05,36800,KBS,2026-10-09T05:17:39Z
2025-09-08,MTA,15.05,15.14,14.65,14.95,6300,KBS,2026-10-09T05:17:39Z
2025-09-09,MTA,14.85,14.85,14.35,14.75,13900,KBS,2026-10-09T05:17:39Z
2025-09-10,MTA,14.75,14.75,14.35,14.55,11500,KBS,2026-10-09T05:17:39Z
2025-09-11,MTA,14.65,14.65,14.26,14.35,27100,KBS,2026-10-09T05:17:39Z
2025-09-12,MTA,14.45,14.45,13.07,14.16,37200,KBS,2026-10-09T05:17:39Z
2025-09-15,MTA,15.14,15.14,14.35,14.35,5400,KBS,2026-10-09T05:17:39Z
2025-09-16,MTA,14.45,14.85,14.45,14.45,5200,KBS,2026-10-09T05:17:39Z
2025-09-17,MTA,14.16,14.35,13.96,13.96,20400,KBS,2026-10-09T05:17:39Z
2025-09-18,MTA,14.16,14.45,13.76,13.76,16000,KBS,2026-10-09T05:17:39Z
2025-09-19,MTA,13.86,14.26,13.86,13.86,5000,KBS,2026-10-09T05:17:39Z
2025-09-22,MTA,14.26,14.26,13.26,13.26,22300,KBS,2026-10-09T05:17:39Z
2025-09-23,MTA,13.56,13.76,13.17,13.17,18100,KBS,2026-10-09T05:17:39Z
2025-09-24,MTA,12.77,13.86,12.77,13.56,11900,KBS,2026-10-09T05:17:39Z
2025-09-25,MTA,13.46,14.26,13.36,13.76,5000,KBS,2026-10-09T05:17:39Z
2025-09-26,MTA,14.16,15.64,14.16,15.64,265300,KBS,2026-10-09T05:17:39Z
2025-09-29,MTA,15.84,16.83,15.84,16.43,80200,KBS,2026-10-09T05:17:39Z
2025-09-30,MTA,15.94,15.94,14.06,14.95,40100,KBS,2026-10-09T05:17:39Z
2025-10-01,MTA,15.54,15.54,14.06,14.55,57900,KBS,2026-10-09T05:17:39Z
2025-10-02,MTA,14.35,15.05,13.96,14.06,10300,KBS,2026-10-09T05:17:39Z
2025-10-03,MTA,14.95,14.95,13.66,13.76,19300,KBS,2026-10-09T05:17:39Z
2025-10-06,MTA,14.75,14.85,13.76,14.06,35600,KBS,2026-10-09T05:17:39Z
2025-10-07,MTA,14.35,14.65,13.76,13.96,17800,KBS,2026-10-09T05:17:39Z
2025-10-08,MTA,13.86,14.35,13.86,14.06,24700,KBS,2026-10-09T05:17:39Z
2025-10-09,MTA,13.86,14.55,13.86,14.06,20300,KBS,2026-10-09T05:17:39Z
2025-10-10,MTA,14.06,14.35,13.86,13.96,33000,KBS,2026-10-09T05:17:39Z
2025-10-13,MTA,14.35,16.14,14.35,16.04,184900,KBS,2026-10-09T05:17:39Z
2025-10-14,MTA,16.14,16.23,14.35,15.34,26400,KBS,2026-10-09T05:17:39Z
2025-10-15,MTA,14.45,14.95,14.16,14.16,61300,KBS,2026-10-09T05:17:39Z
2025-10-16,MTA,14.06,14.85,13.96,14.65,28500,KBS,2026-10-09T05:17:39Z
2025-10-17,MTA,14.65,15.84,14.26,14.85,69000,KBS,2026-10-09T05:17:39Z
2025-10-20,MTA,14.85,15.74,14.26,14.75,39700,KBS,2026-10-09T05:17:39Z
2025-10-21,MTA,14.85,14.85,13.66,14.35,24000,KBS,2026-10-09T05:17:39Z
2025-10-22,MTA,15.34,15.34,13.86,14.35,20300,KBS,2026-10-09T05:17:39Z
2025-10-23,MTA,14.06,14.75,13.86,14.16,14100,KBS,2026-10-09T05:17:39Z
2025-10-24,MTA,14.16,14.16,13.86,13.86,12700,KBS,2026-10-09T05:17:39Z
2025-10-27,MTA,14.16,14.16,13.56,13.66,7100,KBS,2026-10-09T05:17:39Z
2025-10-28,MTA,13.86,14.06,13.17,14.06,28700,KBS,2026-10-09T05:17:39Z
2025-10-29,MTA,14.45,14.45,13.86,13.96,13600,KBS,2026-10-09T05:17:39Z
2025-10-30,MTA,13.96,14.16,13.76,14.16,27200,KBS,2026-10-09T05:17:39Z
2025-10-31,MTA,14.06,14.26,13.76,13.96,16400,KBS,2026-10-09T05:17:39Z
2025-11-03,MTA,13.96,14.06,13.66,13.86,11300,KBS,2026-10-09T05:17:39Z
2025-11-04,MTA,13.86,14.06,13.36,13.86,14700,KBS,2026-10-09T05:17:39Z
2025-11-05,MTA,13.46,14.06,13.46,13.86,7400,KBS,2026-10-09T05:17:39Z
2025-11-06,MTA,13.56,13.96,13.56,13.86,7200,KBS,2026-10-09T05:17:39Z
2025-11-07,MTA,13.86,13.86,13.46,13.56,8400,KBS,2026-10-09T05:17:39Z
2025-11-10,MTA,13.46,13.76,13.46,13.76,3800,KBS,2026-10-09T05:17:39Z
2025-11-11,MTA,13.66,13.66,13.46,13.46,5400,KBS,2026-10-09T05:17:39Z
2025-11-12,MTA,13.76,13.76,13.46,13.66,4100,KBS,2026-10-09T05:17:39Z
2025-11-13,MTA,13.56,13.76,13.46,13.66,4400,KBS,2026-10-09T05:17:39Z
2025-11-14,MTA,13.66,13.96,13.56,13.86,8900,KBS,2026-10-09T05:17:39Z
2025-11-17,MTA,13.86,13.86,13.76,13.86,3900,KBS,2026-10-09T05:17:39Z
2025-11-18,MTA,13.86,13.86,13.56,13.76,7000,KBS,2026-10-09T05:17:39Z
2025-11-19,MTA,13.56,13.86,13.46,13.66,6900,KBS,2026-10-09T05:17:39Z
2025-11-20,MTA,13.66,13.76,13.46,13.66,3300,KBS,2026-10-09T05:17:39Z
2025-11-21,MTA,13.56,13.56,13.17,13.56,6700,KBS,2026-10-09T05:17:39Z
2025-11-24,MTA,13.66,13.66,13.36,13.56,5300,KBS,2026-10-09T05:17:39Z
2025-11-25,MTA,13.76,13.76,13.36,13.66,10900,KBS,2026-10-09T05:17:39Z
2025-11-26,MTA,13.46,13.76,13.46,13.66,6300,KBS,2026-10-09T05:17:39Z
2025-11-27,MTA,13.46,13.86,13.46,13.86,10500,KBS,2026-10-09T05:17:39Z
2025-11-28,MTA,13.96,14.75,13.46,14.06,27400,KBS,2026-10-09T05:17:39Z
2025-12-01,MTA,13.76,13.76,13.46,13.56,2800,KBS,2026-10-09T05:17:39Z
2025-12-02,MTA,13.46,13.66,13.46,13.66,8600,KBS,2026-10-09T05:17:39Z
2025-12-03,MTA,13.66,13.96,13.36,13.86,19200,KBS,2026-10-09T05:17:39Z
2025-12-04,MTA,13.86,14.26,13.86,13.96,13400,KBS,2026-10-09T05:17:39Z
2025-12-05,MTA,14.16,14.16,13.56,13.66,12600,KBS,2026-10-09T05:17:39Z
2025-12-08,MTA,13.86,13.86,13.36,13.66,20100,KBS,2026-10-09T05:17:39Z
2025-12-09,MTA,14.06,14.16,13.17,13.66,15700,KBS,2026-10-09T05:17:39Z
2025-12-10,MTA,13.36,13.86,13.17,13.76,8400,KBS,2026-10-09T05:17:39Z
2025-12-11,MTA,13.36,13.66,13.17,13.56,15900,KBS,2026-10-09T05:17:39Z
2025-12-12,MTA,13.17,13.56,13.07,13.46,8900,KBS,2026-10-09T05:17:39Z
2025-12-15,MTA,12.87,13.56,12.87,13.26,6400,KBS,2026-10-09T05:17:39Z
2025-12-16,MTA,13.26,13.56,11.88,13.07,5800,KBS,2026-10-09T05:17:39Z
2025-12-17,MTA,12.77,13.17,12.67,12.67,2600,KBS,2026-10-09T05:17:39Z
2025-12-18,MTA,12.77,13.07,12.77,12.97,2500,KBS,2026-10-09T05:17:39Z
2025-12-19,MTA,12.67,12.87,11.68,12.18,11600,KBS,2026-10-09T05:17:39Z
2025-12-22,MTA,13.56,13.56,12.77,12.87,1800,KBS,2026-10-09T05:17:39Z
2025-12-23,MTA,13.17,13.17,12.77,12.87,1700,KBS,2026-10-09T05:17:39Z
2025-12-24,MTA,12.77,12.77,12.28,12.28,20400,KBS,2026-10-09T05:17:39Z
2025-12-25,MTA,12.57,12.57,12.08,12.57,2700,KBS,2026-10-09T05:17:39Z
2025-12-26,MTA,12.47,12.47,11.88,11.98,1800,KBS,2026-10-09T05:17:39Z
2025-12-29,MTA,12.08,12.57,11.98,12.57,21000,KBS,2026-10-09T05:17:39Z
2025-12-30,MTA,12.08,12.57,11.98,12.28,8300,KBS,2026-10-09T05:17:39Z
2025-12-31,MTA,12.87,13.76,12.28,12.97,5200,KBS,2026-10-09T05:17:39Z
2026-01-05,MTA,12.97,13.26,12.57,13.26,9500,KBS,2026-10-09T05:17:39Z
2026-01-06,MTA,12.97,13.26,12.97,13.26,9000,KBS,2026-10-09T05:17:39Z
2026-01-07,MTA,13.36,14.85,13.36,14.85,104200,KBS,2026-10-09T05:17:39Z
2026-01-08,MTA,16.33,16.93,15.14,15.84,80500,KBS,2026-10-09T05:17:39Z
2026-01-09,MTA,16.23,16.23,14.45,14.85,46000,KBS,2026-10-09T05:17:39Z
2026-01-12,MTA,14.55,14.95,14.45,14.45,49500,KBS,2026-10-09T05:17:39Z
2026-01-13,MTA,14.35,14.55,13.86,14.06,39100,KBS,2026-10-09T05:17:39Z
2026-01-14,MTA,14.26,15.34,13.96,15.05,64000,KBS,2026-10-09T05:17:39Z
2026-01-15,MTA,15.05,15.24,14.45,15.05,39800,KBS,2026-10-09T05:17:39Z
2026-01-16,MTA,15.05,15.44,14.65,14.75,34100,KBS,2026-10-09T05:17:39Z
2026-01-19,MTA,14.95,15.05,14.35,14.95,23100,KBS,2026-10-09T05:17:39Z
2026-01-20,MTA,14.75,15.54,14.75,14.75,38700,KBS,2026-10-09T05:17:39Z
2026-01-21,MTA,15.14,15.14,14.16,14.85,15100,KBS,2026-10-09T05:17:39Z
2026-01-22,MTA,14.55,14.75,14.16,14.65,39100,KBS,2026-10-09T05:17:39Z
2026-01-23,MTA,14.85,14.85,13.66,14.26,2500,KBS,2026-10-09T05:17:39Z
2026-01-26,MTA,13.86,15.64,13.86,14.26,9000,KBS,2026-10-09T05:17:39Z
2026-01-27,MTA,14.26,14.85,14.26,14.85,4500,KBS,2026-10-09T05:17:39Z
2026-01-28,MTA,14.35,15.34,14.16,14.75,17700,KBS,2026-10-09T05:17:39Z
2026-01-29,MTA,14.85,17.03,14.85,17.03,311700,KBS,2026-10-09T05:17:39Z
2026-01-30,MTA,17.82,19.2,16.93,17.72,203700,KBS,2026-10-09T05:17:39Z
2026-02-02,MTA,18.61,18.61,15.84,15.84,88700,KBS,2026-10-09T05:17:39Z
2026-02-03,MTA,15.84,16.63,14.85,15.64,106200,KBS,2026-10-09T05:17:39Z
2026-02-04,MTA,15.64,16.23,14.75,15.24,69300,KBS,2026-10-09T05:17:39Z
2026-02-05,MTA,15.34,15.34,14.16,14.75,43800,KBS,2026-10-09T05:17:39Z
2026-02-06,MTA,13.96,14.45,13.76,13.76,42300,KBS,2026-10-09T05:17:39Z
2026-02-09,MTA,11.98,14.26,11.98,13.76,17800,KBS,2026-10-09T05:17:39Z
2026-02-10,MTA,13.86,14.06,13.07,13.56,50300,KBS,2026-10-09T05:17:39Z
2026-02-11,MTA,13.56,13.56,12.67,13.17,70100,KBS,2026-10-09T05:17:39Z
2026-02-12,MTA,13.07,13.66,13.07,13.36,12900,KBS,2026-10-09T05:17:39Z
2026-02-13,MTA,13.46,13.66,13.17,13.17,8800,KBS,2026-10-09T05:17:39Z
2026-02-23,MTA,13.66,14.35,13.66,13.96,17700,KBS,2026-10-09T05:17:39Z
2026-02-24,MTA,13.86,14.16,13.36,13.86,21400,KBS,2026-10-09T05:17:39Z
2026-02-25,MTA,13.17,14.16,12.47,13.66,25600,KBS,2026-10-09T05:17:39Z
2026-02-26,MTA,13.66,14.16,13.66,13.96,19100,KBS,2026-10-09T05:17:39Z
2026-02-27,MTA,13.96,15.05,13.96,14.55,39800,KBS,2026-10-09T05:17:39Z
2026-03-02,MTA,14.55,16.73,14.35,16.73,204300,KBS,2026-10-09T05:17:39Z
2026-03-03,MTA,16.83,17.32,15.44,16.14,50400,KBS,2026-10-09T05:17:39Z
2026-03-04,MTA,15.54,16.14,13.86,14.85,45200,KBS,2026-10-09T05:17:39Z
2026-03-05,MTA,14.95,15.74,14.16,14.55,39800,KBS,2026-10-09T05:17:39Z
2026-03-06,MTA,14.16,14.35,13.36,13.76,73600,KBS,2026-10-09T05:17:39Z
2026-03-09,MTA,13.76,13.76,11.78,11.88,77900,KBS,2026-10-09T05:17:39Z
2026-03-10,MTA,11.88,13.17,11.88,13.17,28500,KBS,2026-10-09T05:17:39Z
2026-03-11,MTA,12.77,13.76,12.77,13.66,27600,KBS,2026-10-09T05:17:39Z
2026-03-12,MTA,13.96,13.96,12.87,13.66,22000,KBS,2026-10-09T05:17:39Z
2026-03-13,MTA,13.46,13.86,13.07,13.36,11600,KBS,2026-10-09T05:17:39Z
2026-03-16,MTA,13.26,13.86,12.97,12.97,16400,KBS,2026-10-09T05:17:39Z
2026-03-17,MTA,13.86,13.86,13.36,13.66,12300,KBS,2026-10-09T05:17:39Z
2026-03-18,MTA,13.46,13.46,12.97,13.46,4900,KBS,2026-10-09T05:17:39Z
2026-03-19,MTA,12.97,13.36,12.67,13.26,17300,KBS,2026-10-09T05:17:39Z
2026-03-20,MTA,13.17,13.17,12.87,12.87,9400,KBS,2026-10-09T05:17:39Z
2026-03-23,MTA,12.97,13.07,12.28,12.28,9400,KBS,2026-10-09T05:17:39Z
2026-03-24,MTA,12.87,12.87,12.37,12.47,9400,KBS,2026-10-09T05:17:39Z
2026-03-25,MTA,12.47,13.26,12.37,13.26,7900,KBS,2026-10-09T05:17:39Z
2026-03-26,MTA,13.36,13.36,12.57,13.26,28100,KBS,2026-10-09T05:17:39Z
2026-03-27,MTA,13.07,13.86,13.07,13.86,16000,KBS,2026-10-09T05:17:39Z
2026-03-30,MTA,13.56,14.16,13.56,13.96,35100,KBS,2026-10-09T05:17:39Z
2026-03-31,MTA,13.86,13.86,13.56,13.76,12100,KBS,2026-10-09T05:17:39Z
2026-04-01,MTA,13.66,13.86,12.97,13.36,19500,KBS,2026-10-09T05:17:39Z
2026-04-02,MTA,13.36,13.36,12.87,13.26,10100,KBS,2026-10-09T05:17:39Z
2026-04-03,MTA,13.07,13.46,12.87,13.17,4400,KBS,2026-10-09T05:17:39Z
2026-04-06,MTA,12.97,13.07,12.67,12.87,12100,KBS,2026-10-09T05:17:39Z
2026-04-07,MTA,13.07,14.75,13.07,13.36,16900,KBS,2026-10-09T05:17:39Z
2026-04-08,MTA,13.66,13.86,13.36,13.46,9800,KBS,2026-10-09T05:17:39Z
2026-04-09,MTA,13.46,13.66,13.26,13.26,4000,KBS,2026-10-09T05:17:39Z
2026-04-10,MTA,13.07,13.56,12.97,13.46,15600,KBS,2026-10-09T05:17:39Z
2026-04-13,MTA,13.17,13.26,12.97,13.26,15500,KBS,2026-10-09T05:17:39Z
2026-04-14,MTA,13.36,13.36,12.97,13.26,13200,KBS,2026-10-09T05:17:39Z
2026-04-15,MTA,13.17,13.36,12.47,13.26,23800,KBS,2026-10-09T05:17:39Z
2026-04-16,MTA,13.26,13.26,12.87,13.17,2300,KBS,2026-10-09T05:17:39Z
2026-04-17,MTA,13.17,13.17,12.87,13.07,5100,KBS,2026-10-09T05:17:39Z
2026-04-20,MTA,13.07,13.07,12.77,12.77,11400,KBS,2026-10-09T05:17:39Z
2026-04-21,MTA,12.87,13.07,12.87,13.07,7200,KBS,2026-10-09T05:17:39Z
2026-04-22,MTA,13.07,13.07,12.77,12.77,2800,KBS,2026-10-09T05:17:39Z
2026-04-23,MTA,12.87,13.17,12.77,12.87,10500,KBS,2026-10-09T05:17:39Z
2026-04-24,MTA,12.87,12.87,12.67,12.87,6700,KBS,2026-10-09T05:17:39Z
2026-04-28,MTA,12.77,12.77,12.67,12.77,5400,KBS,2026-10-09T05:17:39Z
2026-04-29,MTA,12.77,12.77,12.57,12.67,5100,KBS,2026-10-09T05:17:39Z
2026-05-04,MTA,12.87,13.36,12.77,13.07,5200,KBS,2026-10-09T05:17:39Z
2026-05-05,MTA,13.07,13.07,12.97,12.97,700,KBS,2026-10-09T05:17:39Z
2026-05-06,MTA,13.07,13.07,12.97,12.97,2100,KBS,2026-10-09T05:17:39Z
2026-05-07,MTA,13.26,13.26,13.26,13.26,100,KBS,2026-10-09T05:17:39Z
2026-05-08,MTA,12.37,13.07,12.37,12.87,12100,KBS,2026-10-09T05:17:39Z
2026-05-11,MTA,12.87,12.87,12.28,12.77,3100,KBS,2026-10-09T05:17:39Z
2026-05-12,MTA,12.67,12.67,12.28,12.47,12100,KBS,2026-10-09T05:17:39Z
2026-05-13,MTA,12.87,12.97,12.57,12.77,3500,KBS,2026-10-09T05:17:39Z
2026-05-14,MTA,12.57,13.07,12.57,13.07,900,KBS,2026-10-09T05:17:39Z
2026-05-15,MTA,12.57,13.07,12.57,12.87,13900,KBS,2026-10-09T05:17:39Z
2026-05-18,MTA,12.97,12.97,12.57,12.67,3800,KBS,2026-10-09T05:17:39Z
2026-05-19,MTA,12.57,12.97,12.57,12.77,4000,KBS,2026-10-09T05:17:39Z
2026-05-20,MTA,12.67,12.87,12.57,12.87,2300,KBS,2026-10-09T05:17:39Z
2026-05-21,MTA,12.67,12.87,12.47,12.67,1900,KBS,2026-10-09T05:17:39Z
2026-05-22,MTA,12.67,12.87,12.47,12.77,9900,KBS,2026-10-09T05:17:39Z
2026-05-25,MTA,12.77,12.77,12.57,12.57,1800,KBS,2026-10-09T05:17:39Z
2026-05-26,MTA,12.77,12.97,12.77,12.87,12400,KBS,2026-10-09T05:17:39Z
2026-05-27,MTA,12.77,13.07,12.77,12.87,9900,KBS,2026-10-09T05:17:39Z
2026-05-28,MTA,13.07,13.86,12.97,13.17,10300,KBS,2026-10-09T05:17:39Z
2026-05-29,MTA,13.07,13.36,12.87,12.87,3200,KBS,2026-10-09T05:17:39Z
2026-06-01,MTA,12.97,12.97,11.98,12.08,8200,KBS,2026-10-09T05:17:39Z
2026-06-02,MTA,12.47,13.17,12.08,12.77,4100,KBS,2026-10-09T05:17:39Z
2026-06-03,MTA,12.37,13.07,12.37,12.37,4100,KBS,2026-10-09T05:17:39Z
2026-06-04,MTA,12.87,12.87,12.37,12.37,6200,KBS,2026-10-09T05:17:39Z
2026-06-05,MTA,12.47,12.47,12.18,12.37,6600,KBS,2026-10-09T05:17:39Z
2026-06-08,MTA,11.88,12.37,11.88,12.18,19900,KBS,2026-10-09T05:17:39Z
2026-06-09,MTA,11.98,12.28,11.98,12.28,400,KBS,2026-10-09T05:17:39Z
2026-06-10,MTA,12.18,12.18,12.08,12.08,5000,KBS,2026-10-09T05:17:39Z
2026-06-11,MTA,12.08,12.37,11.78,11.88,10700,KBS,2026-10-09T05:17:39Z
2026-06-12,MTA,11.88,12.87,11.88,12.57,11600,KBS,2026-10-09T05:17:39Z
2026-06-15,MTA,12.67,12.67,11.98,12.47,1400,KBS,2026-10-09T05:17:39Z
2026-06-16,MTA,12.37,12.37,12.37,12.37,700,KBS,2026-10-09T05:17:39Z
2026-06-17,MTA,12.67,12.67,12.08,12.28,3600,KBS,2026-10-09T05:17:39Z
2026-06-18,MTA,12.28,12.37,12.08,12.28,3400,KBS,2026-10-09T05:17:39Z
2026-06-19,MTA,12.18,12.77,12.18,12.18,2500,KBS,2026-10-09T05:17:39Z
2026-06-22,MTA,12.47,12.47,12.08,12.18,1900,KBS,2026-10-09T05:17:39Z
2026-06-23,MTA,12.08,12.37,12.08,12.37,1100,KBS,2026-10-09T05:17:39Z
2026-06-24,MTA,12.08,12.47,11.98,11.98,1800,KBS,2026-10-09T05:17:39Z
2026-06-25,MTA,12.37,12.37,11.98,12.18,3000,KBS,2026-10-09T05:17:39Z
2026-06-26,MTA,12.08,12.08,11.68,11.78,9500,KBS,2026-10-09T05:17:39Z
2026-06-29,MTA,12.18,12.18,11.98,11.98,900,KBS,2026-10-09T05:17:39Z
2026-06-30,MTA,12.08,12.18,11.98,12.08,1300,KBS,2026-10-09T05:17:39Z
2026-07-01,MTA,12.08,12.18,11.98,12.18,4300,KBS,2026-10-09T05:17:39Z
2026-07-02,MTA,12.18,12.28,11.88,12.08,3100,KBS,2026-10-09T05:17:39Z
2026-07-03,MTA,11.98,12.08,11.88,11.88,3600,KBS,2026-10-09T05:17:39Z
2026-07-06,MTA,11.88,12.18,11.58,11.88,11200,KBS,2026-10-09T05:17:39Z
2026-07-07,MTA,11.78,12.08,11.78,12.08,500,KBS,2026-10-09T05:17:39Z
2026-07-08,MTA,11.88,11.88,11.68,11.78,5700,KBS,2026-10-09T05:17:39Z
2026-07-09,MTA,11.68,11.98,11.68,11.98,500,KBS,2026-10-09T05:17:39Z
2026-07-10,MTA,11.68,11.88,11.58,11.78,3200,KBS,2026-10-09T05:17:39Z
2026-07-13,MTA,11.88,11.88,10.99,10.99,1900,KBS,2026-10-09T05:17:39Z
2026-07-14,MTA,11.78,11.78,11.78,11.78,100,KBS,2026-10-09T05:17:39Z
2026-07-15,MTA,11.68,11.68,11.68,11.68,300,KBS,2026-10-09T05:17:39Z
2026-07-16,MTA,11.19,11.48,11.19,11.38,3400,KBS,2026-10-09T05:17:39Z
2026-07-17,MTA,11.68,11.68,11.68,11.68,100,KBS,2026-10-09T05:17:39Z
2026-07-20,MTA,11.38,11.48,11.09,11.38,2000,KBS,2026-10-09T05:17:39Z
2026-07-21,MTA,11.28,11.28,11.28,11.28,200,KBS,2026-10-09T05:17:39Z
2026-07-22,MTA,10.69,11.19,10.69,11.19,1700,KBS,2026-10-09T05:17:39Z
2026-07-23,MTA,10.39,11.09,10.39,11.09,1400,KBS,2026-10-09T05:17:39Z
2026-07-24,MTA,11.19,11.19,11.19,11.19,200,KBS,2026-10-09T05:17:39Z
2026-07-27,MTA,11.19,11.19,10.69,10.69,1200,KBS,2026-10-09T05:17:39Z
2026-07-28,MTA,10.49,10.79,10.49,10.79,2500,KBS,2026-10-09T05:17:39Z
2026-07-29,MTA,10.39,10.39,10.1,10.39,5200,KBS,2026-10-09T05:17:39Z
2026-07-30,MTA,10.69,11.28,10.69,11.19,5000,KBS,2026-10-09T05:17:39Z
2026-07-31,MTA,10.99,11.09,9.6,10.69,18400,KBS,2026-10-09T05:17:39Z
2026-08-03,MTA,10.1,10.39,10.1,10.2,800,KBS,2026-10-09T05:17:39Z
2026-08-04,MTA,10.2,10.2,9.9,10.2,9000,KBS,2026-10-09T05:17:39Z
2026-08-05,MTA,10.1,10.39,10.0,10.1,3300,KBS,2026-10-09T05:17:39Z
2026-08-06,MTA,10.1,10.99,10.1,10.3,2000,KBS,2026-10-09T05:17:39Z
2026-08-07,MTA,10.59,10.59,10.3,10.49,5100,KBS,2026-10-09T05:17:39Z
2026-08-10,MTA,10.49,10.49,10.3,10.49,3400,KBS,2026-10-09T05:17:39Z
2026-08-11,MTA,10.39,10.59,10.39,10.39,3500,KBS,2026-10-09T05:17:39Z
2026-08-12,MTA,10.49,10.49,10.39,10.39,2100,KBS,2026-10-09T05:17:39Z
2026-08-13,MTA,10.3,10.39,10.3,10.3,3400,KBS,2026-10-09T05:17:39Z
2026-08-14,MTA,10.2,10.3,10.0,10.2,2500,KBS,2026-10-09T05:17:39Z
2026-08-19,MTA,10.39,10.39,9.9,10.0,4500,KBS,2026-10-09T05:17:39Z
2026-08-20,MTA,10.2,10.3,10.0,10.0,1000,KBS,2026-10-09T05:17:39Z
2026-08-21,MTA,10.1,10.1,9.9,10.1,11600,KBS,2026-10-09T05:17:39Z
2026-08-24,MTA,10.0,10.1,9.8,10.1,13800,KBS,2026-10-09T05:17:39Z
2026-08-25,MTA,10.49,10.49,10.0,10.3,900,KBS,2026-10-09T05:17:39Z
2026-08-26,MTA,10.69,10.69,10.1,10.1,1900,KBS,2026-10-09T05:17:39Z
2026-08-27,MTA,10.2,10.2,10.0,10.2,3800,KBS,2026-10-09T05:17:39Z
2026-08-28,MTA,10.0,10.1,9.9,10.1,8700,KBS,2026-10-09T05:17:39Z
2026-09-03,MTA,10.49,10.49,9.9,9.9,2400,KBS,2026-10-09T05:17:39Z
2026-09-04,MTA,10.0,10.2,10.0,10.2,4900,KBS,2026-10-09T05:17:39Z
2026-09-07,MTA,10.49,10.49,10.39,10.39,300,KBS,2026-10-09T05:17:39Z
2026-09-08,MTA,10.49,10.49,10.0,10.0,5600,KBS,2026-10-09T05:17:39Z
2026-09-09,MTA,10.0,10.0,9.9,9.9,1600,KBS,2026-10-09T05:17:39Z
2026-09-10,MTA,9.9,9.9,9.9,9.9,200,KBS,2026-10-09T05:17:39Z
2026-09-11,MTA,9.9,9.9,9.7,9.7,7000,KBS,2026-10-09T05:17:39Z
2026-09-14,MTA,9.8,10.5,9.8,10.5,200,KBS,2026-10-09T05:17:39Z
2026-09-15,MTA,10.0,10.0,10.0,10.0,5300,KBS,2026-10-09T05:17:39Z
2026-09-16,MTA,10.0,10.3,10.0,10.0,2500,KBS,2026-10-09T05:17:39Z
2026-09-17,MTA,10.2,10.2,10.0,10.1,400,KBS,2026-10-09T05:17:39Z
2026-09-18,MTA,10.0,10.1,9.9,10.1,3900,KBS,2026-10-09T05:17:39Z
2026-09-21,MTA,10.0,10.9,10.0,10.5,14200,KBS,2026-10-09T05:17:39Z
2026-09-22,MTA,10.7,10.7,10.4,10.5,4100,KBS,2026-10-09T05:17:39Z
2026-09-23,MTA,10.5,11.0,10.1,10.5,12900,KBS,2026-10-09T05:17:39Z
2026-09-24,MTA,10.6,10.6,10.1,10.1,5300,KBS,2026-10-09T05:17:39Z
2026-09-25,MTA,10.6,10.6,10.1,10.1,2800,KBS,2026-10-09T05:17:39Z
2026-09-28,MTA,10.1,10.1,9.7,9.9,7700,KBS,2026-10-09T05:17:39Z
2026-09-29,MTA,10.2,10.2,9.9,10.1,1100,KBS,2026-10-09T05:17:39Z
2026-09-30,MTA,10.0,10.1,10.0,10.0,3800,KBS,2026-10-09T05:17:39Z
2026-10-01,MTA,10.0,10.0,9.7,9.7,13600,KBS,2026-10-09T05:17:39Z
2026-10-02,MTA,9.9,10.4,9.9,10.2,6200,KBS,2026-10-09T05:17:39Z
2026-10-05,MTA,10.1,10.1,9.9,10.0,3200,KBS,2026-10-09T05:17:39Z
2026-10-06,MTA,9.8,10.0,9.7,9.9,9200,KBS,2026-10-09T05:17:39Z
2026-10-07,MTA,10.5,11.2,10.0,11.2,83000,KBS,2026-10-09T05:17:39Z
2026-10-08,MTA,11.5,12.6,11.5,12.6,92900,KBS,2026-10-09T05:17:39Z
2026-10-09,MTA,12.5,13.9,11.6,11.6,10400,KBS,2026-10-09T05:17:39Z
