date,symbol,open,high,low,close,volume,source,fetched_at
2018-10-11,MWG,29.16,29.16,28.14,28.14,1579640,KBS,2026-10-09T04:33:51Z
2018-10-12,MWG,28.06,28.82,28.06,28.82,617790,KBS,2026-10-09T04:33:51Z
2018-10-15,MWG,28.85,28.85,28.26,28.37,803450,KBS,2026-10-09T04:33:51Z
2018-10-16,MWG,28.26,28.8,28.26,28.8,298340,KBS,2026-10-09T04:33:51Z
2018-10-17,MWG,28.94,29.28,28.85,28.94,360430,KBS,2026-10-09T04:33:51Z
2018-10-18,MWG,29.0,29.05,28.55,28.6,389170,KBS,2026-10-09T04:33:51Z
2018-10-19,MWG,28.37,28.55,28.12,28.28,467910,KBS,2026-10-09T04:33:51Z
2018-10-22,MWG,28.48,28.57,28.19,28.19,271340,KBS,2026-10-09T04:33:51Z
2018-10-23,MWG,28.03,28.03,26.68,27.02,832020,KBS,2026-10-09T04:33:51Z
2018-10-24,MWG,27.02,27.38,26.34,26.34,508800,KBS,2026-10-09T04:33:51Z
2018-10-25,MWG,24.98,26.11,24.98,25.54,590330,KBS,2026-10-09T04:33:51Z
2018-10-26,MWG,26.0,26.04,24.42,24.42,849040,KBS,2026-10-09T04:33:51Z
2018-10-29,MWG,24.42,24.73,23.65,23.67,941930,KBS,2026-10-09T04:33:51Z
2018-10-30,MWG,23.74,24.55,23.67,24.21,580920,KBS,2026-10-09T04:33:51Z
2018-10-31,MWG,24.44,25.5,24.44,25.5,383980,KBS,2026-10-09T04:33:51Z
2018-11-01,MWG,25.54,25.66,24.87,24.98,499610,KBS,2026-10-09T04:33:51Z
2018-11-02,MWG,25.52,25.66,25.09,25.43,504810,KBS,2026-10-09T04:33:51Z
2018-11-05,MWG,25.18,25.3,24.75,25.18,293080,KBS,2026-10-09T04:33:51Z
2018-11-06,MWG,25.43,25.43,24.98,25.18,218730,KBS,2026-10-09T04:33:51Z
2018-11-07,MWG,25.43,25.64,25.09,25.32,643430,KBS,2026-10-09T04:33:51Z
2018-11-08,MWG,25.09,25.32,24.48,24.87,604530,KBS,2026-10-09T04:33:51Z
2018-11-09,MWG,24.87,25.32,23.96,23.96,477280,KBS,2026-10-09T04:33:51Z
2018-11-12,MWG,23.96,24.98,23.96,24.87,304040,KBS,2026-10-09T04:33:51Z
2018-11-13,MWG,24.46,24.64,24.3,24.35,317270,KBS,2026-10-09T04:33:51Z
2018-11-14,MWG,24.39,24.69,24.26,24.26,158520,KBS,2026-10-09T04:33:51Z
2018-11-15,MWG,24.42,24.71,24.19,24.19,292820,KBS,2026-10-09T04:33:51Z
2018-11-16,MWG,24.42,24.87,24.19,24.23,631250,KBS,2026-10-09T04:33:51Z
2018-11-19,MWG,24.78,25.53,24.78,25.53,674870,KBS,2026-10-09T04:33:51Z
2018-11-20,MWG,25.53,25.53,25.26,25.41,205300,KBS,2026-10-09T04:33:51Z
2018-11-21,MWG,25.08,25.62,25.08,25.56,342490,KBS,2026-10-09T04:33:51Z
2018-11-22,MWG,25.86,26.04,25.8,25.86,284960,KBS,2026-10-09T04:33:51Z
2018-11-23,MWG,25.86,25.92,25.32,25.32,275770,KBS,2026-10-09T04:33:51Z
2018-11-26,MWG,25.32,25.8,25.32,25.62,243680,KBS,2026-10-09T04:33:51Z
2018-11-27,MWG,25.77,25.83,25.41,25.44,170510,KBS,2026-10-09T04:33:51Z
2018-11-28,MWG,25.47,25.59,25.38,25.5,177110,KBS,2026-10-09T04:33:51Z
2018-11-29,MWG,25.62,25.77,25.47,25.62,301730,KBS,2026-10-09T04:33:51Z
2018-11-30,MWG,25.5,25.65,25.32,25.47,319650,KBS,2026-10-09T04:33:51Z
2018-12-03,MWG,25.77,26.52,25.62,26.52,881770,KBS,2026-10-09T04:33:51Z
2018-12-04,MWG,26.68,26.74,26.43,26.52,350360,KBS,2026-10-09T04:33:51Z
2018-12-05,MWG,26.31,26.92,26.19,26.77,391320,KBS,2026-10-09T04:33:51Z
2018-12-06,MWG,26.52,26.98,26.37,26.5,485380,KBS,2026-10-09T04:33:51Z
2018-12-07,MWG,26.5,26.83,26.5,26.71,498460,KBS,2026-10-09T04:33:51Z
2018-12-10,MWG,26.71,26.71,26.43,26.52,381370,KBS,2026-10-09T04:33:51Z
2018-12-11,MWG,26.52,26.64,26.37,26.46,362460,KBS,2026-10-09T04:33:51Z
2018-12-12,MWG,26.52,27.25,26.52,26.98,483230,KBS,2026-10-09T04:33:51Z
2018-12-13,MWG,27.16,27.16,26.77,26.83,442940,KBS,2026-10-09T04:33:51Z
2018-12-14,MWG,26.77,26.77,26.46,26.5,666410,KBS,2026-10-09T04:33:51Z
2018-12-17,MWG,26.22,26.37,25.62,25.62,944150,KBS,2026-10-09T04:33:51Z
2018-12-18,MWG,25.02,25.71,25.02,25.71,771090,KBS,2026-10-09T04:33:51Z
2018-12-19,MWG,25.77,25.89,25.5,25.86,370690,KBS,2026-10-09T04:33:51Z
2018-12-20,MWG,25.62,25.86,25.53,25.77,342770,KBS,2026-10-09T04:33:51Z
2018-12-21,MWG,25.62,26.34,25.29,26.22,926110,KBS,2026-10-09T04:33:51Z
2018-12-24,MWG,26.22,26.37,26.07,26.07,318090,KBS,2026-10-09T04:33:51Z
2018-12-25,MWG,25.62,26.01,25.35,25.74,554610,KBS,2026-10-09T04:33:51Z
2018-12-26,MWG,25.86,26.01,25.68,25.74,342390,KBS,2026-10-09T04:33:51Z
2018-12-27,MWG,26.19,26.22,25.83,26.04,662910,KBS,2026-10-09T04:33:51Z
2018-12-28,MWG,26.04,26.22,25.5,26.22,1051360,KBS,2026-10-09T04:33:51Z
2019-01-02,MWG,26.22,26.22,25.77,25.77,351730,KBS,2026-10-09T04:33:51Z
2019-01-03,MWG,25.77,25.83,25.02,25.02,703060,KBS,2026-10-09T04:33:51Z
2019-01-04,MWG,25.02,25.23,24.72,25.2,432170,KBS,2026-10-09T04:33:51Z
2019-01-07,MWG,25.32,25.77,25.26,25.62,398000,KBS,2026-10-09T04:33:51Z
2019-01-08,MWG,25.62,25.62,25.32,25.32,172180,KBS,2026-10-09T04:33:51Z
2019-01-09,MWG,25.32,25.83,25.32,25.74,440950,KBS,2026-10-09T04:33:51Z
2019-01-10,MWG,25.74,25.92,25.53,25.92,285290,KBS,2026-10-09T04:33:51Z
2019-01-11,MWG,25.92,25.92,25.62,25.62,360780,KBS,2026-10-09T04:33:51Z
2019-01-14,MWG,25.62,25.62,25.32,25.62,454580,KBS,2026-10-09T04:33:51Z
2019-01-15,MWG,25.62,25.83,25.41,25.83,871010,KBS,2026-10-09T04:33:51Z
2019-01-16,MWG,25.77,26.16,25.71,25.71,1761330,KBS,2026-10-09T04:33:51Z
2019-01-17,MWG,25.92,25.92,25.68,25.71,457130,KBS,2026-10-09T04:33:51Z
2019-01-18,MWG,25.68,25.77,25.44,25.44,195210,KBS,2026-10-09T04:33:51Z
2019-01-21,MWG,25.44,25.5,25.17,25.23,440920,KBS,2026-10-09T04:33:51Z
2019-01-22,MWG,25.26,25.47,25.23,25.26,141590,KBS,2026-10-09T04:33:51Z
2019-01-23,MWG,25.26,25.32,25.17,25.2,176570,KBS,2026-10-09T04:33:51Z
2019-01-24,MWG,25.2,25.29,25.11,25.2,147770,KBS,2026-10-09T04:33:51Z
2019-01-25,MWG,25.2,25.29,25.08,25.08,223510,KBS,2026-10-09T04:33:51Z
2019-01-28,MWG,25.08,25.38,25.08,25.2,270250,KBS,2026-10-09T04:33:51Z
2019-01-29,MWG,25.2,25.77,24.99,25.77,461840,KBS,2026-10-09T04:33:51Z
2019-01-30,MWG,25.47,25.56,25.2,25.2,263110,KBS,2026-10-09T04:33:51Z
2019-01-31,MWG,25.32,25.47,25.02,25.02,206030,KBS,2026-10-09T04:33:51Z
2019-02-01,MWG,25.23,25.38,24.99,25.02,420360,KBS,2026-10-09T04:33:51Z
2019-02-11,MWG,25.17,25.5,25.17,25.5,355460,KBS,2026-10-09T04:33:51Z
2019-02-12,MWG,25.5,25.71,25.5,25.5,343450,KBS,2026-10-09T04:33:51Z
2019-02-13,MWG,25.5,25.98,25.5,25.98,1212540,KBS,2026-10-09T04:33:51Z
2019-02-14,MWG,25.98,26.04,25.77,25.83,668840,KBS,2026-10-09T04:33:51Z
2019-02-15,MWG,25.83,26.01,25.71,25.95,717740,KBS,2026-10-09T04:33:51Z
2019-02-18,MWG,26.07,26.1,25.89,25.95,455150,KBS,2026-10-09T04:33:51Z
2019-02-19,MWG,25.95,26.43,25.95,26.22,1911250,KBS,2026-10-09T04:33:51Z
2019-02-20,MWG,26.22,26.4,26.19,26.25,592890,KBS,2026-10-09T04:33:51Z
2019-02-21,MWG,26.25,26.5,26.25,26.5,781820,KBS,2026-10-09T04:33:51Z
2019-02-22,MWG,26.43,27.04,26.25,26.83,1190030,KBS,2026-10-09T04:33:51Z
2019-02-25,MWG,27.13,27.49,26.98,27.01,1273860,KBS,2026-10-09T04:33:51Z
2019-02-26,MWG,27.07,27.07,26.58,26.68,797730,KBS,2026-10-09T04:33:51Z
2019-02-27,MWG,26.8,26.95,26.46,26.58,575710,KBS,2026-10-09T04:33:51Z
2019-02-28,MWG,26.58,26.74,26.16,26.16,1160450,KBS,2026-10-09T04:33:51Z
2019-03-01,MWG,26.4,26.5,26.22,26.37,431190,KBS,2026-10-09T04:33:51Z
2019-03-04,MWG,26.68,26.95,26.31,26.83,769420,KBS,2026-10-09T04:33:51Z
2019-03-05,MWG,26.83,27.13,26.46,26.46,706580,KBS,2026-10-09T04:33:51Z
2019-03-06,MWG,26.52,26.62,26.31,26.56,536430,KBS,2026-10-09T04:33:51Z
2019-03-07,MWG,26.68,26.68,26.4,26.43,458460,KBS,2026-10-09T04:33:51Z
2019-03-08,MWG,26.22,26.34,26.04,26.1,830580,KBS,2026-10-09T04:33:51Z
2019-03-11,MWG,26.19,26.5,26.19,26.34,358070,KBS,2026-10-09T04:33:51Z
2019-03-12,MWG,26.52,26.68,26.46,26.68,667370,KBS,2026-10-09T04:33:51Z
2019-03-13,MWG,26.68,27.13,26.68,26.95,1079120,KBS,2026-10-09T04:33:51Z
2019-03-14,MWG,26.98,26.98,26.68,26.83,530270,KBS,2026-10-09T04:33:51Z
2019-03-15,MWG,26.83,26.92,26.62,26.71,456820,KBS,2026-10-09T04:33:51Z
2019-03-18,MWG,26.71,26.92,26.68,26.89,722860,KBS,2026-10-09T04:33:51Z
2019-03-19,MWG,26.92,27.43,26.8,26.86,1161490,KBS,2026-10-09T04:33:51Z
2019-03-20,MWG,26.68,26.92,26.52,26.68,431600,KBS,2026-10-09T04:33:51Z
2019-03-21,MWG,26.68,26.86,26.5,26.5,706020,KBS,2026-10-09T04:33:51Z
2019-03-22,MWG,26.5,26.56,26.22,26.28,671770,KBS,2026-10-09T04:33:51Z
2019-03-25,MWG,26.07,26.07,25.26,25.26,1163400,KBS,2026-10-09T04:33:51Z
2019-03-26,MWG,25.62,25.68,25.29,25.35,588520,KBS,2026-10-09T04:33:51Z
2019-03-27,MWG,25.47,25.59,25.44,25.44,207810,KBS,2026-10-09T04:33:51Z
2019-03-28,MWG,25.47,25.53,25.35,25.44,352840,KBS,2026-10-09T04:33:51Z
2019-03-29,MWG,25.5,25.68,25.47,25.56,285550,KBS,2026-10-09T04:33:51Z
2019-04-01,MWG,25.56,25.65,25.32,25.35,484640,KBS,2026-10-09T04:33:51Z
2019-04-02,MWG,25.59,25.65,25.35,25.35,287660,KBS,2026-10-09T04:33:51Z
2019-04-03,MWG,25.47,25.47,25.23,25.26,235540,KBS,2026-10-09T04:33:51Z
2019-04-04,MWG,25.26,25.41,25.14,25.17,317500,KBS,2026-10-09T04:33:51Z
2019-04-05,MWG,24.9,25.41,24.9,25.35,354560,KBS,2026-10-09T04:33:51Z
2019-04-08,MWG,25.47,25.47,25.17,25.32,186580,KBS,2026-10-09T04:33:51Z
2019-04-09,MWG,25.32,25.35,25.08,25.23,275970,KBS,2026-10-09T04:33:51Z
2019-04-10,MWG,25.14,25.2,24.78,24.96,401860,KBS,2026-10-09T04:33:51Z
2019-04-11,MWG,24.87,25.05,24.78,24.87,222580,KBS,2026-10-09T04:33:51Z
2019-04-12,MWG,24.87,24.96,24.69,24.87,349720,KBS,2026-10-09T04:33:51Z
2019-04-16,MWG,24.66,24.78,24.54,24.63,454000,KBS,2026-10-09T04:33:51Z
2019-04-17,MWG,24.63,24.75,24.54,24.66,343330,KBS,2026-10-09T04:33:51Z
2019-04-18,MWG,24.66,24.72,24.29,24.54,378380,KBS,2026-10-09T04:33:51Z
2019-04-19,MWG,24.57,24.81,24.54,24.78,242750,KBS,2026-10-09T04:33:51Z
2019-04-22,MWG,24.9,25.14,24.87,25.02,359660,KBS,2026-10-09T04:33:51Z
2019-04-23,MWG,25.02,25.08,24.84,24.96,205300,KBS,2026-10-09T04:33:51Z
2019-04-24,MWG,24.96,25.14,24.93,25.02,318360,KBS,2026-10-09T04:33:51Z
2019-04-25,MWG,25.11,25.32,25.02,25.17,273010,KBS,2026-10-09T04:33:51Z
2019-04-26,MWG,25.17,25.62,25.11,25.59,729640,KBS,2026-10-09T04:33:51Z
2019-05-02,MWG,25.71,26.04,25.71,25.92,558270,KBS,2026-10-09T04:33:51Z
2019-05-03,MWG,25.92,25.92,25.65,25.89,383610,KBS,2026-10-09T04:33:51Z
2019-05-06,MWG,25.62,25.62,25.17,25.26,406200,KBS,2026-10-09T04:33:51Z
2019-05-07,MWG,25.35,25.47,25.17,25.29,292510,KBS,2026-10-09T04:33:51Z
2019-05-08,MWG,25.02,25.29,24.87,25.17,339560,KBS,2026-10-09T04:33:51Z
2019-05-09,MWG,25.14,25.47,25.11,25.35,381100,KBS,2026-10-09T04:33:51Z
2019-05-10,MWG,25.35,25.65,25.32,25.62,343700,KBS,2026-10-09T04:33:51Z
2019-05-13,MWG,25.59,25.74,25.32,25.68,266140,KBS,2026-10-09T04:33:51Z
2019-05-14,MWG,25.62,25.83,25.5,25.77,511320,KBS,2026-10-09T04:33:51Z
2019-05-15,MWG,25.89,26.31,25.86,26.22,772070,KBS,2026-10-09T04:33:51Z
2019-05-16,MWG,26.22,26.34,25.92,25.92,341020,KBS,2026-10-09T04:33:51Z
2019-05-17,MWG,25.92,26.22,25.92,26.07,298530,KBS,2026-10-09T04:33:51Z
2019-05-20,MWG,26.13,26.71,26.13,26.62,899010,KBS,2026-10-09T04:33:51Z
2019-05-21,MWG,26.64,26.86,26.5,26.58,943500,KBS,2026-10-09T04:33:51Z
2019-05-22,MWG,26.68,26.98,26.58,26.68,673140,KBS,2026-10-09T04:33:51Z
2019-05-23,MWG,26.98,26.98,26.68,26.86,575790,KBS,2026-10-09T04:33:51Z
2019-05-24,MWG,26.74,27.38,26.64,27.2,1173580,KBS,2026-10-09T04:33:51Z
2019-05-27,MWG,27.14,27.23,26.77,26.89,539410,KBS,2026-10-09T04:33:51Z
2019-05-28,MWG,26.83,27.1,26.83,27.04,511870,KBS,2026-10-09T04:33:51Z
2019-05-29,MWG,27.04,27.14,26.8,26.83,910660,KBS,2026-10-09T04:33:51Z
2019-05-30,MWG,26.83,26.98,26.71,26.86,394320,KBS,2026-10-09T04:33:51Z
2019-05-31,MWG,26.86,26.89,26.37,26.4,626570,KBS,2026-10-09T04:33:51Z
2019-06-03,MWG,26.37,26.37,25.79,26.06,549540,KBS,2026-10-09T04:33:51Z
2019-06-04,MWG,26.18,26.37,25.94,26.37,224080,KBS,2026-10-09T04:33:51Z
2019-06-05,MWG,26.55,26.77,26.52,26.55,290690,KBS,2026-10-09T04:33:51Z
2019-06-06,MWG,26.68,26.68,26.37,26.52,383430,KBS,2026-10-09T04:33:51Z
2019-06-07,MWG,26.58,27.07,26.58,27.07,656210,KBS,2026-10-09T04:33:51Z
2019-06-10,MWG,27.1,27.44,27.07,27.17,726010,KBS,2026-10-09T04:33:51Z
2019-06-11,MWG,27.29,27.75,27.26,27.47,1050580,KBS,2026-10-09T04:33:51Z
2019-06-12,MWG,27.6,27.9,27.44,27.81,948660,KBS,2026-10-09T04:33:51Z
2019-06-13,MWG,27.84,27.84,27.35,27.41,762860,KBS,2026-10-09T04:33:51Z
2019-06-14,MWG,27.53,27.53,27.26,27.32,645930,KBS,2026-10-09T04:33:51Z
2019-06-17,MWG,27.29,27.35,26.83,26.92,767010,KBS,2026-10-09T04:33:51Z
2019-06-18,MWG,26.95,27.1,26.89,27.07,409820,KBS,2026-10-09T04:33:51Z
2019-06-19,MWG,27.17,27.44,27.1,27.17,378510,KBS,2026-10-09T04:33:51Z
2019-06-20,MWG,27.29,28.09,27.23,27.81,1146920,KBS,2026-10-09T04:33:51Z
2019-06-21,MWG,27.84,28.18,27.84,27.9,516880,KBS,2026-10-09T04:33:51Z
2019-06-24,MWG,28.18,28.36,27.81,28.02,774060,KBS,2026-10-09T04:33:51Z
2019-06-25,MWG,28.02,28.15,27.78,28.15,489060,KBS,2026-10-09T04:33:51Z
2019-06-26,MWG,28.15,28.61,27.96,28.45,761460,KBS,2026-10-09T04:33:51Z
2019-06-27,MWG,28.24,28.45,27.84,27.9,761170,KBS,2026-10-09T04:33:51Z
2019-06-28,MWG,27.96,28.45,27.84,28.45,714920,KBS,2026-10-09T04:33:51Z
2019-07-01,MWG,28.67,29.07,28.61,29.04,938140,KBS,2026-10-09T04:33:51Z
2019-07-02,MWG,29.1,29.37,28.94,29.28,1129010,KBS,2026-10-09T04:33:51Z
2019-07-03,MWG,29.16,29.44,29.13,29.31,855880,KBS,2026-10-09T04:33:51Z
2019-07-04,MWG,29.44,29.62,29.25,29.28,648430,KBS,2026-10-09T04:33:51Z
2019-07-05,MWG,29.19,29.34,29.1,29.25,618980,KBS,2026-10-09T04:33:51Z
2019-07-08,MWG,29.13,29.22,28.85,28.91,716580,KBS,2026-10-09T04:33:51Z
2019-07-09,MWG,29.01,29.74,28.79,29.74,962970,KBS,2026-10-09T04:33:51Z
2019-07-10,MWG,29.83,30.51,29.83,30.17,1046150,KBS,2026-10-09T04:33:51Z
2019-07-11,MWG,30.2,30.45,30.05,30.05,703060,KBS,2026-10-09T04:33:51Z
2019-07-12,MWG,30.05,30.42,29.77,30.08,708120,KBS,2026-10-09T04:33:51Z
2019-07-16,MWG,31.03,31.49,30.97,31.34,716650,KBS,2026-10-09T04:33:51Z
2019-07-17,MWG,31.34,31.46,31.12,31.15,598590,KBS,2026-10-09T04:33:51Z
2019-07-18,MWG,31.12,31.86,30.94,31.86,1109730,KBS,2026-10-09T04:33:51Z
2019-07-19,MWG,32.04,32.5,31.89,32.47,1097520,KBS,2026-10-09T04:33:51Z
2019-07-22,MWG,32.5,32.96,32.26,32.66,859840,KBS,2026-10-09T04:33:51Z
2019-07-23,MWG,32.66,33.39,32.59,33.39,897670,KBS,2026-10-09T04:33:51Z
2019-07-24,MWG,33.42,33.64,32.93,32.93,778010,KBS,2026-10-09T04:33:51Z
2019-07-25,MWG,32.93,33.27,32.66,33.08,918260,KBS,2026-10-09T04:33:51Z
2019-07-26,MWG,33.12,33.27,32.44,32.72,1174450,KBS,2026-10-09T04:33:51Z
2019-07-29,MWG,32.87,32.87,31.86,32.5,1919130,KBS,2026-10-09T04:33:51Z
2019-07-30,MWG,32.35,32.81,31.8,31.8,1014250,KBS,2026-10-09T04:33:51Z
2019-07-31,MWG,31.64,32.81,31.64,32.75,684050,KBS,2026-10-09T04:33:51Z
2019-08-01,MWG,32.59,33.27,32.38,33.27,875760,KBS,2026-10-09T04:33:51Z
2019-08-02,MWG,32.96,33.27,32.81,33.12,799720,KBS,2026-10-09T04:33:51Z
2019-08-05,MWG,33.12,34.16,33.02,33.57,1309220,KBS,2026-10-09T04:33:51Z
2019-08-06,MWG,32.78,33.97,32.78,33.73,990630,KBS,2026-10-09T04:33:51Z
2019-08-08,MWG,35.11,35.26,34.56,34.65,862840,KBS,2026-10-09T04:33:51Z
2019-08-09,MWG,34.77,35.54,34.62,35.54,673570,KBS,2026-10-09T04:33:51Z
2019-08-12,MWG,35.54,36.18,35.14,35.87,714330,KBS,2026-10-09T04:33:51Z
2019-08-13,MWG,35.72,36.3,35.26,36.12,911770,KBS,2026-10-09T04:33:51Z
2019-08-14,MWG,36.36,36.64,36.24,36.46,726650,KBS,2026-10-09T04:33:51Z
2019-08-15,MWG,36.12,36.79,35.81,36.79,926680,KBS,2026-10-09T04:33:51Z
2019-08-16,MWG,37.04,37.53,35.97,35.97,1469190,KBS,2026-10-09T04:33:51Z
2019-08-19,MWG,36.12,36.43,35.35,36.15,1147930,KBS,2026-10-09T04:33:51Z
2019-08-20,MWG,36.24,36.79,36.18,36.79,539450,KBS,2026-10-09T04:33:51Z
2019-08-21,MWG,36.79,37.38,36.58,36.89,817580,KBS,2026-10-09T04:33:51Z
2019-08-22,MWG,36.95,36.95,36.03,36.03,1036330,KBS,2026-10-09T04:33:51Z
2019-08-23,MWG,36.03,36.18,35.26,35.72,1033040,KBS,2026-10-09T04:33:51Z
2019-08-26,MWG,35.32,36.15,35.32,35.69,1035590,KBS,2026-10-09T04:33:51Z
2019-08-27,MWG,35.97,36.03,34.19,34.95,1894440,KBS,2026-10-09T04:33:51Z
2019-08-28,MWG,34.95,34.95,34.43,34.89,598140,KBS,2026-10-09T04:33:51Z
2019-08-29,MWG,34.89,35.26,34.68,35.26,339460,KBS,2026-10-09T04:33:51Z
2019-08-30,MWG,35.26,35.94,35.26,35.84,646070,KBS,2026-10-09T04:33:51Z
2019-09-03,MWG,35.97,36.27,35.87,36.06,672220,KBS,2026-10-09T04:33:51Z
2019-09-04,MWG,35.97,36.3,35.94,36.15,478350,KBS,2026-10-09T04:33:51Z
2019-09-05,MWG,36.18,36.18,35.26,35.63,873420,KBS,2026-10-09T04:33:51Z
2019-09-06,MWG,35.63,36.0,35.32,35.87,446190,KBS,2026-10-09T04:33:51Z
2019-09-09,MWG,35.72,36.03,35.6,35.6,268270,KBS,2026-10-09T04:33:51Z
2019-09-10,MWG,35.87,35.87,35.11,35.23,526620,KBS,2026-10-09T04:33:51Z
2019-09-11,MWG,35.2,35.29,34.56,35.29,699470,KBS,2026-10-09T04:33:51Z
2019-09-12,MWG,35.54,35.94,35.2,35.81,849030,KBS,2026-10-09T04:33:51Z
2019-09-13,MWG,36.03,37.53,36.03,37.53,2604620,KBS,2026-10-09T04:33:51Z
2019-09-16,MWG,37.62,38.27,37.59,37.87,1105630,KBS,2026-10-09T04:33:51Z
2019-09-17,MWG,37.84,37.87,37.41,37.84,433580,KBS,2026-10-09T04:33:51Z
2019-09-18,MWG,37.74,38.17,37.28,37.41,837380,KBS,2026-10-09T04:33:51Z
2019-09-19,MWG,37.56,38.39,37.32,38.39,535580,KBS,2026-10-09T04:33:51Z
2019-09-20,MWG,38.6,39.19,38.02,38.79,626230,KBS,2026-10-09T04:33:51Z
2019-09-23,MWG,38.63,38.94,37.87,38.02,706560,KBS,2026-10-09T04:33:51Z
2019-09-24,MWG,37.62,38.2,37.41,37.41,796020,KBS,2026-10-09T04:33:51Z
2019-09-25,MWG,37.44,38.48,37.25,38.48,640200,KBS,2026-10-09T04:33:51Z
2019-09-26,MWG,38.6,38.79,38.17,38.63,454270,KBS,2026-10-09T04:33:51Z
2019-09-27,MWG,38.79,39.49,38.63,39.25,1283330,KBS,2026-10-09T04:33:51Z
2019-09-30,MWG,39.55,39.71,38.63,38.66,678780,KBS,2026-10-09T04:33:51Z
2019-10-01,MWG,38.66,39.19,38.66,39.09,581240,KBS,2026-10-09T04:33:51Z
2019-10-02,MWG,39.09,39.16,38.39,38.39,697640,KBS,2026-10-09T04:33:51Z
2019-10-03,MWG,38.05,38.39,38.02,38.36,905190,KBS,2026-10-09T04:33:51Z
2019-10-04,MWG,38.57,38.57,37.71,37.71,612110,KBS,2026-10-09T04:33:51Z
2019-10-07,MWG,37.71,37.93,37.1,37.1,868850,KBS,2026-10-09T04:33:51Z
2019-10-08,MWG,37.1,37.71,36.98,37.71,617490,KBS,2026-10-09T04:33:51Z
2019-10-09,MWG,37.84,37.99,37.59,37.9,258380,KBS,2026-10-09T04:33:51Z
2019-10-10,MWG,37.9,38.11,37.62,37.9,309090,KBS,2026-10-09T04:33:51Z
2019-10-11,MWG,37.93,37.96,37.62,37.84,226390,KBS,2026-10-09T04:33:51Z
2019-10-14,MWG,37.87,38.48,37.71,38.24,557790,KBS,2026-10-09T04:33:51Z
2019-10-15,MWG,38.24,38.6,38.17,38.48,330130,KBS,2026-10-09T04:33:51Z
2019-10-16,MWG,38.63,38.79,38.33,38.36,332150,KBS,2026-10-09T04:33:51Z
2019-10-17,MWG,38.33,38.33,37.62,37.68,752150,KBS,2026-10-09T04:33:51Z
2019-10-18,MWG,37.81,37.9,37.5,37.68,340930,KBS,2026-10-09T04:33:51Z
2019-10-21,MWG,37.87,37.99,37.41,37.68,420540,KBS,2026-10-09T04:33:51Z
2019-10-22,MWG,37.71,37.74,37.35,37.74,283110,KBS,2026-10-09T04:33:51Z
2019-10-23,MWG,37.56,38.14,37.44,37.78,267910,KBS,2026-10-09T04:33:51Z
2019-10-24,MWG,37.78,39.09,37.78,39.09,1551290,KBS,2026-10-09T04:33:51Z
2019-10-25,MWG,39.19,39.25,38.88,39.22,619560,KBS,2026-10-09T04:33:51Z
2019-10-28,MWG,39.25,39.58,39.06,39.12,791430,KBS,2026-10-09T04:33:51Z
2019-10-29,MWG,39.12,39.37,38.94,38.94,451930,KBS,2026-10-09T04:33:51Z
2019-10-30,MWG,38.73,38.85,38.2,38.3,1273880,KBS,2026-10-09T04:33:51Z
2019-10-31,MWG,38.3,38.63,38.2,38.2,547280,KBS,2026-10-09T04:33:51Z
2019-11-01,MWG,38.2,38.57,37.65,38.39,804110,KBS,2026-10-09T04:33:51Z
2019-11-04,MWG,38.45,38.82,37.9,38.66,1419590,KBS,2026-10-09T04:33:51Z
2019-11-05,MWG,38.82,38.88,38.48,38.51,694310,KBS,2026-10-09T04:33:51Z
2019-11-06,MWG,38.51,38.54,38.08,38.2,675510,KBS,2026-10-09T04:33:51Z
2019-11-07,MWG,38.42,38.6,38.24,38.42,454070,KBS,2026-10-09T04:33:51Z
2019-11-08,MWG,38.45,38.45,37.84,38.2,791810,KBS,2026-10-09T04:33:51Z
2019-11-11,MWG,38.27,38.27,37.38,37.38,1074710,KBS,2026-10-09T04:33:51Z
2019-11-12,MWG,37.38,37.65,37.22,37.5,535490,KBS,2026-10-09T04:33:51Z
2019-11-13,MWG,37.5,37.62,36.49,36.76,1487180,KBS,2026-10-09T04:33:51Z
2019-11-14,MWG,36.76,37.01,35.57,35.81,1564490,KBS,2026-10-09T04:33:51Z
2019-11-15,MWG,35.87,36.33,35.81,36.33,477380,KBS,2026-10-09T04:33:51Z
2019-11-18,MWG,36.36,36.64,36.03,36.12,342430,KBS,2026-10-09T04:33:51Z
2019-11-19,MWG,36.18,36.49,36.09,36.49,297210,KBS,2026-10-09T04:33:51Z
2019-11-20,MWG,36.49,36.49,35.78,35.9,352350,KBS,2026-10-09T04:33:51Z
2019-11-21,MWG,35.87,35.87,34.8,34.8,1214570,KBS,2026-10-09T04:33:51Z
2019-11-22,MWG,35.26,35.26,33.97,34.34,871800,KBS,2026-10-09T04:33:51Z
2019-11-25,MWG,34.56,34.59,33.15,34.34,619110,KBS,2026-10-09T04:33:51Z
2019-11-26,MWG,34.77,34.95,34.56,34.8,587670,KBS,2026-10-09T04:33:51Z
2019-11-27,MWG,34.86,35.02,34.62,34.71,255150,KBS,2026-10-09T04:33:51Z
2019-11-28,MWG,34.1,34.4,33.39,33.42,1280490,KBS,2026-10-09T04:33:51Z
2019-11-29,MWG,33.42,33.42,32.68,33.42,913420,KBS,2026-10-09T04:33:51Z
2019-12-02,MWG,33.54,33.67,33.24,33.24,642170,KBS,2026-10-09T04:33:51Z
2019-12-03,MWG,33.12,33.54,32.75,33.48,593720,KBS,2026-10-09T04:33:51Z
2019-12-04,MWG,33.42,34.65,33.3,34.65,574630,KBS,2026-10-09T04:33:51Z
2019-12-05,MWG,34.71,34.8,33.91,33.91,544700,KBS,2026-10-09T04:33:51Z
2019-12-06,MWG,33.91,34.03,33.73,33.97,468980,KBS,2026-10-09T04:33:51Z
2019-12-09,MWG,33.97,34.22,33.73,34.0,526010,KBS,2026-10-09T04:33:51Z
2019-12-10,MWG,34.0,34.16,33.73,34.03,412000,KBS,2026-10-09T04:33:51Z
2019-12-11,MWG,33.88,34.65,33.82,34.65,314710,KBS,2026-10-09T04:33:51Z
2019-12-12,MWG,34.65,34.8,34.56,34.77,366190,KBS,2026-10-09T04:33:51Z
2019-12-13,MWG,34.8,35.17,34.43,34.65,467610,KBS,2026-10-09T04:33:51Z
2019-12-16,MWG,34.34,34.71,34.19,34.71,444410,KBS,2026-10-09T04:33:51Z
2019-12-17,MWG,34.89,35.11,34.68,34.74,448230,KBS,2026-10-09T04:33:51Z
2019-12-18,MWG,34.68,34.83,33.64,33.73,1148130,KBS,2026-10-09T04:33:51Z
2019-12-19,MWG,33.67,33.97,33.27,33.73,379310,KBS,2026-10-09T04:33:51Z
2019-12-20,MWG,33.97,34.28,33.79,33.94,356760,KBS,2026-10-09T04:33:51Z
2019-12-23,MWG,34.25,34.4,34.03,34.03,425780,KBS,2026-10-09T04:33:51Z
2019-12-24,MWG,34.1,34.28,33.91,34.13,374750,KBS,2026-10-09T04:33:51Z
2019-12-25,MWG,34.22,34.92,34.13,34.92,547470,KBS,2026-10-09T04:33:51Z
2019-12-26,MWG,34.92,34.92,34.37,34.74,615240,KBS,2026-10-09T04:33:51Z
2019-12-27,MWG,34.65,34.8,34.49,34.8,488240,KBS,2026-10-09T04:33:51Z
2019-12-30,MWG,34.8,35.11,34.71,34.95,616460,KBS,2026-10-09T04:33:51Z
2019-12-31,MWG,34.95,35.23,34.95,34.95,604050,KBS,2026-10-09T04:33:51Z
2020-01-02,MWG,34.95,35.87,34.86,35.87,716290,KBS,2026-10-09T04:33:51Z
2020-01-03,MWG,35.87,36.09,35.32,35.35,791020,KBS,2026-10-09T04:33:51Z
2020-01-06,MWG,35.2,35.38,34.95,35.17,389250,KBS,2026-10-09T04:33:51Z
2020-01-07,MWG,35.17,35.44,34.74,35.44,648230,KBS,2026-10-09T04:33:51Z
2020-01-08,MWG,34.95,35.26,34.59,34.59,742390,KBS,2026-10-09T04:33:51Z
2020-01-09,MWG,34.92,35.26,34.77,35.11,318070,KBS,2026-10-09T04:33:51Z
2020-01-10,MWG,35.14,35.44,35.05,35.29,412180,KBS,2026-10-09T04:33:51Z
2020-01-13,MWG,35.11,35.35,34.98,35.11,288240,KBS,2026-10-09T04:33:51Z
2020-01-14,MWG,35.2,35.2,34.89,34.92,320810,KBS,2026-10-09T04:33:51Z
2020-01-15,MWG,34.92,35.02,34.86,34.95,293160,KBS,2026-10-09T04:33:51Z
2020-01-16,MWG,34.95,35.57,34.92,35.38,521080,KBS,2026-10-09T04:33:51Z
2020-01-17,MWG,35.38,35.63,35.38,35.6,435030,KBS,2026-10-09T04:33:51Z
2020-01-20,MWG,35.41,36.36,35.41,36.36,1463940,KBS,2026-10-09T04:33:51Z
2020-01-21,MWG,36.36,36.95,36.3,36.79,692200,KBS,2026-10-09T04:33:51Z
2020-01-22,MWG,36.67,36.83,36.33,36.55,460240,KBS,2026-10-09T04:33:51Z
2020-01-30,MWG,35.57,35.9,34.65,34.95,1315710,KBS,2026-10-09T04:33:51Z
2020-01-31,MWG,34.65,35.14,33.88,33.97,1434750,KBS,2026-10-09T04:33:51Z
2020-02-03,MWG,33.18,33.7,31.89,33.36,1949930,KBS,2026-10-09T04:33:51Z
2020-02-04,MWG,33.42,33.88,32.62,33.08,905300,KBS,2026-10-09T04:33:51Z
2020-02-05,MWG,33.12,33.64,33.12,33.12,805800,KBS,2026-10-09T04:33:51Z
2020-02-06,MWG,33.12,33.82,33.12,33.57,785620,KBS,2026-10-09T04:33:51Z
2020-02-07,MWG,33.51,33.51,33.05,33.33,628350,KBS,2026-10-09T04:33:51Z
2020-02-10,MWG,32.66,32.96,32.44,32.44,702790,KBS,2026-10-09T04:33:51Z
2020-02-11,MWG,32.5,32.75,32.5,32.66,396130,KBS,2026-10-09T04:33:51Z
2020-02-12,MWG,32.72,33.54,32.72,33.42,569230,KBS,2026-10-09T04:33:51Z
2020-02-13,MWG,33.08,33.42,33.08,33.12,412040,KBS,2026-10-09T04:33:51Z
2020-02-14,MWG,32.81,33.02,32.47,32.84,415290,KBS,2026-10-09T04:33:51Z
2020-02-17,MWG,32.87,32.96,32.56,32.96,384490,KBS,2026-10-09T04:33:51Z
2020-02-18,MWG,32.96,33.45,32.81,33.39,568750,KBS,2026-10-09T04:33:51Z
2020-02-19,MWG,33.54,33.88,33.39,33.88,672440,KBS,2026-10-09T04:33:51Z
2020-02-20,MWG,34.03,34.16,33.79,33.91,451760,KBS,2026-10-09T04:33:51Z
2020-02-21,MWG,33.91,34.34,33.67,33.91,901890,KBS,2026-10-09T04:33:51Z
2020-02-24,MWG,33.12,33.39,32.41,32.56,1556120,KBS,2026-10-09T04:33:51Z
2020-02-25,MWG,32.26,32.81,32.26,32.81,692650,KBS,2026-10-09T04:33:51Z
2020-02-26,MWG,32.5,33.08,32.35,32.56,1083030,KBS,2026-10-09T04:33:51Z
2020-02-27,MWG,32.56,33.24,32.56,33.24,2144240,KBS,2026-10-09T04:33:51Z
2020-02-28,MWG,32.5,32.87,32.04,32.66,1295250,KBS,2026-10-09T04:33:51Z
2020-03-02,MWG,32.66,32.87,32.47,32.66,474160,KBS,2026-10-09T04:33:51Z
2020-03-03,MWG,33.05,33.05,32.59,32.62,679500,KBS,2026-10-09T04:33:51Z
2020-03-04,MWG,32.47,32.5,32.07,32.5,680740,KBS,2026-10-09T04:33:51Z
2020-03-05,MWG,32.5,32.68,32.04,32.35,673150,KBS,2026-10-09T04:33:51Z
2020-03-06,MWG,32.01,32.13,31.09,31.61,827890,KBS,2026-10-09T04:33:51Z
2020-03-09,MWG,29.4,30.2,29.4,29.4,1051190,KBS,2026-10-09T04:33:51Z
2020-03-10,MWG,27.87,29.13,27.66,28.79,1429660,KBS,2026-10-09T04:33:51Z
2020-03-11,MWG,28.82,28.98,26.8,26.8,1584730,KBS,2026-10-09T04:33:51Z
2020-03-12,MWG,24.93,24.93,24.93,24.93,527930,KBS,2026-10-09T04:33:51Z
2020-03-13,MWG,23.21,26.37,23.21,24.22,3610700,KBS,2026-10-09T04:33:51Z
2020-03-16,MWG,23.61,24.28,22.69,23.3,1526810,KBS,2026-10-09T04:33:51Z
2020-03-17,MWG,22.23,23.92,21.95,23.7,1252010,KBS,2026-10-09T04:33:51Z
2020-03-18,MWG,23.86,24.68,23.61,24.16,1406630,KBS,2026-10-09T04:33:51Z
2020-03-19,MWG,23.61,23.82,22.87,23.18,1132320,KBS,2026-10-09T04:33:51Z
2020-03-20,MWG,23.24,23.67,22.97,23.67,1095330,KBS,2026-10-09T04:33:51Z
2020-03-23,MWG,22.44,23.0,22.02,22.02,1361560,KBS,2026-10-09T04:33:51Z
2020-03-24,MWG,22.02,22.02,20.48,21.1,1567590,KBS,2026-10-09T04:33:51Z
2020-03-25,MWG,21.46,22.38,21.16,22.38,1417730,KBS,2026-10-09T04:33:51Z
2020-03-26,MWG,22.17,22.17,20.85,20.85,2123850,KBS,2026-10-09T04:33:51Z
2020-03-27,MWG,20.02,20.24,19.41,19.41,2498890,KBS,2026-10-09T04:33:51Z
2020-03-30,MWG,18.06,19.93,18.06,18.24,1861200,KBS,2026-10-09T04:33:51Z
2020-03-31,MWG,18.7,19.23,17.26,18.06,1868280,KBS,2026-10-09T04:33:51Z
2020-04-01,MWG,18.0,19.07,17.91,18.76,1604700,KBS,2026-10-09T04:33:51Z
2020-04-03,MWG,19.29,20.05,19.1,20.05,1653030,KBS,2026-10-09T04:33:51Z
2020-04-06,MWG,21.43,21.43,21.43,21.43,486160,KBS,2026-10-09T04:33:51Z
2020-04-07,MWG,22.9,22.9,21.74,22.87,5818790,KBS,2026-10-09T04:33:51Z
2020-04-08,MWG,22.32,22.87,21.92,22.69,2044140,KBS,2026-10-09T04:33:51Z
2020-04-09,MWG,23.0,23.09,22.38,22.38,1610080,KBS,2026-10-09T04:33:51Z
2020-04-10,MWG,21.95,22.35,21.65,21.98,1235340,KBS,2026-10-09T04:33:51Z
2020-04-13,MWG,22.08,23.52,22.08,23.0,2206590,KBS,2026-10-09T04:33:51Z
2020-04-14,MWG,23.06,23.24,22.51,22.94,1035610,KBS,2026-10-09T04:33:51Z
2020-04-15,MWG,23.3,23.98,23.18,23.55,1555700,KBS,2026-10-09T04:33:51Z
2020-04-16,MWG,23.3,23.61,23.12,23.58,1460130,KBS,2026-10-09T04:33:51Z
2020-04-17,MWG,23.88,25.14,23.76,25.14,2474360,KBS,2026-10-09T04:33:51Z
2020-04-20,MWG,25.76,26.09,25.23,25.85,2181870,KBS,2026-10-09T04:33:51Z
2020-04-21,MWG,25.17,25.57,24.1,24.34,2583970,KBS,2026-10-09T04:33:51Z
2020-04-22,MWG,23.64,25.45,23.64,25.14,1796100,KBS,2026-10-09T04:33:51Z
2020-04-23,MWG,26.06,26.06,25.14,25.6,1345230,KBS,2026-10-09T04:33:51Z
2020-04-24,MWG,25.6,25.6,24.9,25.45,1028080,KBS,2026-10-09T04:33:51Z
2020-04-27,MWG,25.72,25.72,24.9,25.2,1120700,KBS,2026-10-09T04:33:51Z
2020-04-28,MWG,24.99,25.11,24.65,24.8,899940,KBS,2026-10-09T04:33:51Z
2020-04-29,MWG,25.05,25.23,24.22,25.05,1175430,KBS,2026-10-09T04:33:51Z
2020-05-04,MWG,24.99,24.99,24.34,24.34,917320,KBS,2026-10-09T04:33:51Z
2020-05-05,MWG,24.47,24.71,24.16,24.32,522280,KBS,2026-10-09T04:33:51Z
2020-05-06,MWG,24.53,24.9,24.22,24.9,846520,KBS,2026-10-09T04:33:51Z
2020-05-07,MWG,25.08,25.33,24.99,25.33,1207270,KBS,2026-10-09T04:33:51Z
2020-05-08,MWG,25.45,26.34,25.45,25.69,2361840,KBS,2026-10-09T04:33:51Z
2020-05-11,MWG,26.06,26.25,25.69,26.06,1257030,KBS,2026-10-09T04:33:51Z
2020-05-12,MWG,26.0,26.0,25.3,25.54,1938080,KBS,2026-10-09T04:33:51Z
2020-05-13,MWG,25.14,25.79,24.87,25.72,1673920,KBS,2026-10-09T04:33:51Z
2020-05-14,MWG,25.14,25.69,25.14,25.45,1040460,KBS,2026-10-09T04:33:51Z
2020-05-15,MWG,25.51,25.69,25.14,25.17,1106330,KBS,2026-10-09T04:33:51Z
2020-05-18,MWG,25.14,26.25,25.14,26.22,2183740,KBS,2026-10-09T04:33:51Z
2020-05-19,MWG,26.83,26.89,26.52,26.74,1674810,KBS,2026-10-09T04:33:51Z
2020-05-20,MWG,26.4,26.58,26.28,26.52,1101050,KBS,2026-10-09T04:33:51Z
2020-05-21,MWG,26.55,27.07,26.43,26.68,1539610,KBS,2026-10-09T04:33:51Z
2020-05-22,MWG,26.68,26.71,26.06,26.06,1475820,KBS,2026-10-09T04:33:51Z
2020-05-25,MWG,26.06,26.68,25.82,26.4,1135520,KBS,2026-10-09T04:33:51Z
2020-05-26,MWG,26.43,26.61,26.25,26.52,1175440,KBS,2026-10-09T04:33:51Z
2020-05-27,MWG,26.64,26.8,26.0,26.0,1320900,KBS,2026-10-09T04:33:51Z
2020-05-28,MWG,26.06,26.28,25.91,25.97,950520,KBS,2026-10-09T04:33:51Z
2020-05-29,MWG,25.94,26.06,25.79,25.94,849500,KBS,2026-10-09T04:33:51Z
2020-06-01,MWG,25.94,26.4,25.94,26.37,819630,KBS,2026-10-09T04:33:51Z
2020-06-02,MWG,26.4,26.61,26.15,26.15,1110350,KBS,2026-10-09T04:33:51Z
2020-06-03,MWG,26.22,26.31,26.12,26.18,861720,KBS,2026-10-09T04:33:51Z
2020-06-04,MWG,26.25,26.68,26.15,26.22,1014100,KBS,2026-10-09T04:33:51Z
2020-06-05,MWG,26.22,26.43,26.09,26.4,744280,KBS,2026-10-09T04:33:51Z
2020-06-08,MWG,26.83,27.99,26.61,27.63,3691120,KBS,2026-10-09T04:33:51Z
2020-06-09,MWG,27.84,27.84,27.17,27.2,1115180,KBS,2026-10-09T04:33:51Z
2020-06-10,MWG,27.14,27.6,26.71,27.41,1009890,KBS,2026-10-09T04:33:51Z
2020-06-11,MWG,27.44,27.44,25.51,25.51,2775660,KBS,2026-10-09T04:33:51Z
2020-06-12,MWG,25.2,26.37,24.84,26.37,2515300,KBS,2026-10-09T04:33:51Z
2020-06-15,MWG,26.31,26.31,25.11,25.3,1132400,KBS,2026-10-09T04:33:51Z
2020-06-16,MWG,25.76,25.94,25.51,25.88,704020,KBS,2026-10-09T04:33:51Z
2020-06-17,MWG,26.03,26.03,25.45,25.69,770150,KBS,2026-10-09T04:33:51Z
2020-06-18,MWG,25.45,25.69,25.42,25.69,360010,KBS,2026-10-09T04:33:51Z
2020-06-19,MWG,25.76,26.22,25.66,25.91,859830,KBS,2026-10-09T04:33:51Z
2020-06-22,MWG,26.12,26.61,25.94,26.34,941430,KBS,2026-10-09T04:33:51Z
2020-06-23,MWG,26.34,26.49,26.15,26.15,801600,KBS,2026-10-09T04:33:51Z
2020-06-24,MWG,26.22,26.46,25.76,26.06,715470,KBS,2026-10-09T04:33:51Z
2020-06-25,MWG,25.76,25.91,25.6,25.63,783410,KBS,2026-10-09T04:33:51Z
2020-06-26,MWG,25.76,25.97,25.57,25.82,449460,KBS,2026-10-09T04:33:51Z
2020-06-29,MWG,25.48,25.6,24.8,24.99,1096590,KBS,2026-10-09T04:33:51Z
2020-06-30,MWG,25.23,25.3,24.53,24.78,744080,KBS,2026-10-09T04:33:51Z
2020-07-01,MWG,24.78,25.14,24.78,25.14,311490,KBS,2026-10-09T04:33:51Z
2020-07-02,MWG,25.02,25.23,24.84,25.08,327720,KBS,2026-10-09T04:33:51Z
2020-07-03,MWG,25.08,25.11,24.96,25.05,356420,KBS,2026-10-09T04:33:51Z
2020-07-06,MWG,25.11,25.69,25.08,25.6,620180,KBS,2026-10-09T04:33:51Z
2020-07-07,MWG,25.72,25.97,25.66,25.66,621630,KBS,2026-10-09T04:33:51Z
2020-07-08,MWG,25.66,25.76,25.42,25.63,285150,KBS,2026-10-09T04:33:51Z
2020-07-09,MWG,25.63,25.85,25.6,25.76,521490,KBS,2026-10-09T04:33:51Z
2020-07-10,MWG,25.72,25.76,25.39,25.42,564660,KBS,2026-10-09T04:33:51Z
2020-07-13,MWG,25.51,25.66,25.26,25.39,403750,KBS,2026-10-09T04:33:51Z
2020-07-14,MWG,25.39,25.42,25.2,25.42,365780,KBS,2026-10-09T04:33:51Z
2020-07-15,MWG,25.57,26.03,25.48,25.94,1049820,KBS,2026-10-09T04:33:51Z
2020-07-16,MWG,25.91,26.0,25.76,26.0,495500,KBS,2026-10-09T04:33:51Z
2020-07-17,MWG,25.97,26.0,25.76,25.76,379820,KBS,2026-10-09T04:33:51Z
2020-07-20,MWG,25.72,25.76,25.51,25.54,253640,KBS,2026-10-09T04:33:51Z
2020-07-21,MWG,25.54,25.69,25.45,25.66,413460,KBS,2026-10-09T04:33:51Z
2020-07-22,MWG,25.72,25.76,25.36,25.51,363710,KBS,2026-10-09T04:33:51Z
2020-07-23,MWG,25.51,25.6,25.36,25.45,420560,KBS,2026-10-09T04:33:51Z
2020-07-24,MWG,25.36,25.42,23.67,24.28,1796300,KBS,2026-10-09T04:33:51Z
2020-07-27,MWG,22.69,23.33,22.6,22.6,2981180,KBS,2026-10-09T04:33:51Z
2020-07-28,MWG,23.09,23.36,22.6,23.3,1280900,KBS,2026-10-09T04:33:51Z
2020-07-29,MWG,22.69,22.81,21.86,22.38,1436620,KBS,2026-10-09T04:33:51Z
2020-07-30,MWG,22.41,22.78,22.32,22.78,603300,KBS,2026-10-09T04:33:51Z
2020-07-31,MWG,22.23,22.9,22.23,22.84,799400,KBS,2026-10-09T04:33:51Z
2020-08-03,MWG,22.75,23.42,22.54,23.3,655840,KBS,2026-10-09T04:33:51Z
2020-08-04,MWG,23.58,24.01,23.46,23.61,841660,KBS,2026-10-09T04:33:51Z
2020-08-05,MWG,23.61,24.34,23.46,24.28,734940,KBS,2026-10-09T04:33:51Z
2020-08-06,MWG,24.38,24.47,24.01,24.32,554590,KBS,2026-10-09T04:33:51Z
2020-08-07,MWG,24.25,24.34,23.92,24.1,607040,KBS,2026-10-09T04:33:51Z
2020-08-10,MWG,24.22,24.62,24.22,24.22,629890,KBS,2026-10-09T04:33:51Z
2020-08-11,MWG,24.47,24.47,24.16,24.38,394720,KBS,2026-10-09T04:33:51Z
2020-08-12,MWG,24.41,24.5,24.22,24.47,451860,KBS,2026-10-09T04:33:51Z
2020-08-13,MWG,24.56,25.23,24.53,25.2,915350,KBS,2026-10-09T04:33:51Z
2020-08-14,MWG,25.26,25.69,25.17,25.48,992180,KBS,2026-10-09T04:33:51Z
2020-08-17,MWG,25.48,25.48,24.8,25.2,824290,KBS,2026-10-09T04:33:51Z
2020-08-18,MWG,25.14,25.17,24.78,24.96,554060,KBS,2026-10-09T04:33:51Z
2020-08-19,MWG,24.93,25.14,24.93,25.08,382850,KBS,2026-10-09T04:33:51Z
2020-08-20,MWG,25.08,25.17,24.78,25.05,1018420,KBS,2026-10-09T04:33:51Z
2020-08-21,MWG,25.08,25.3,24.99,25.14,690220,KBS,2026-10-09T04:33:51Z
2020-08-24,MWG,25.51,26.0,25.42,25.79,1064730,KBS,2026-10-09T04:33:51Z
2020-08-25,MWG,25.91,27.04,25.91,26.86,2247120,KBS,2026-10-09T04:33:51Z
2020-08-26,MWG,26.77,27.23,26.68,26.77,883390,KBS,2026-10-09T04:33:51Z
2020-08-27,MWG,26.77,27.26,26.77,27.26,955520,KBS,2026-10-09T04:33:51Z
2020-08-28,MWG,27.63,28.82,27.6,28.45,1994640,KBS,2026-10-09T04:33:51Z
2020-08-31,MWG,28.45,28.91,28.21,28.64,954930,KBS,2026-10-09T04:33:51Z
2020-09-01,MWG,28.64,29.13,28.55,28.76,996140,KBS,2026-10-09T04:33:51Z
2020-09-03,MWG,28.76,29.28,28.52,29.07,1060240,KBS,2026-10-09T04:33:51Z
2020-09-04,MWG,28.55,28.88,28.48,28.85,1015720,KBS,2026-10-09T04:33:51Z
2020-09-07,MWG,28.82,28.88,27.69,27.69,1491040,KBS,2026-10-09T04:33:51Z
2020-09-08,MWG,27.9,28.58,27.75,28.55,1000020,KBS,2026-10-09T04:33:51Z
2020-09-09,MWG,28.21,28.76,28.06,28.64,631980,KBS,2026-10-09T04:33:51Z
2020-09-10,MWG,28.82,28.91,28.64,28.79,744120,KBS,2026-10-09T04:33:51Z
2020-09-11,MWG,28.79,28.79,28.45,28.64,436320,KBS,2026-10-09T04:33:51Z
2020-09-14,MWG,28.76,28.79,28.42,28.52,546560,KBS,2026-10-09T04:33:51Z
2020-09-15,MWG,28.52,28.67,28.36,28.48,786060,KBS,2026-10-09T04:33:51Z
2020-09-16,MWG,28.48,29.28,28.33,29.01,1100860,KBS,2026-10-09T04:33:51Z
2020-09-17,MWG,29.01,29.1,28.58,28.88,592380,KBS,2026-10-09T04:33:51Z
2020-09-18,MWG,28.88,29.07,28.82,28.98,615740,KBS,2026-10-09T04:33:51Z
2020-09-21,MWG,29.28,30.26,29.04,30.17,2152280,KBS,2026-10-09T04:33:51Z
2020-09-22,MWG,30.17,30.6,29.77,30.54,1503000,KBS,2026-10-09T04:33:51Z
2020-09-23,MWG,30.63,31.58,30.6,31.24,1053980,KBS,2026-10-09T04:33:51Z
2020-09-24,MWG,30.94,31.21,30.66,31.03,1230990,KBS,2026-10-09T04:33:51Z
2020-09-25,MWG,31.0,31.03,30.54,30.82,1038360,KBS,2026-10-09T04:33:51Z
2020-09-28,MWG,31.15,31.58,30.82,31.58,634880,KBS,2026-10-09T04:33:51Z
2020-09-29,MWG,32.13,32.59,31.74,31.74,1230990,KBS,2026-10-09T04:33:51Z
2020-09-30,MWG,32.04,32.2,31.46,31.98,1088450,KBS,2026-10-09T04:33:51Z
2020-10-01,MWG,31.98,32.22,31.98,32.2,779470,KBS,2026-10-09T04:33:51Z
2020-10-02,MWG,32.2,32.32,30.6,31.89,1326080,KBS,2026-10-09T04:33:51Z
2020-10-05,MWG,31.89,32.29,31.74,31.89,588560,KBS,2026-10-09T04:33:51Z
2020-10-06,MWG,32.2,32.47,32.04,32.26,1075760,KBS,2026-10-09T04:33:51Z
2020-10-07,MWG,32.26,33.08,31.89,32.99,959640,KBS,2026-10-09T04:33:51Z
2020-10-08,MWG,33.12,33.57,33.02,33.57,871660,KBS,2026-10-09T04:33:51Z
2020-10-09,MWG,33.73,33.88,33.27,33.42,575370,KBS,2026-10-09T04:33:51Z
2020-10-12,MWG,33.42,33.51,32.66,32.96,941210,KBS,2026-10-09T04:33:51Z
2020-10-13,MWG,32.96,32.96,32.44,32.56,815720,KBS,2026-10-09T04:33:51Z
2020-10-14,MWG,32.53,33.42,32.07,33.42,1081330,KBS,2026-10-09T04:33:51Z
2020-10-15,MWG,33.42,33.57,32.81,33.54,880570,KBS,2026-10-09T04:33:51Z
2020-10-16,MWG,33.57,33.57,32.96,33.24,546060,KBS,2026-10-09T04:33:51Z
2020-10-19,MWG,33.39,33.39,32.96,33.21,480220,KBS,2026-10-09T04:33:51Z
2020-10-20,MWG,32.96,33.21,32.55,33.21,977350,KBS,2026-10-09T04:33:51Z
2020-10-21,MWG,33.27,33.74,32.8,32.9,766740,KBS,2026-10-09T04:33:51Z
2020-10-22,MWG,32.71,33.74,32.71,33.74,607760,KBS,2026-10-09T04:33:51Z
2020-10-23,MWG,33.89,34.36,33.55,34.2,1218320,KBS,2026-10-09T04:33:51Z
2020-10-26,MWG,34.2,34.98,34.05,34.2,1054600,KBS,2026-10-09T04:33:51Z
2020-10-27,MWG,34.2,34.73,34.17,34.2,606700,KBS,2026-10-09T04:33:51Z
2020-10-28,MWG,33.92,34.14,32.65,32.65,1452750,KBS,2026-10-09T04:33:51Z
2020-10-29,MWG,31.9,32.58,31.65,31.81,1564150,KBS,2026-10-09T04:33:51Z
2020-10-30,MWG,32.09,32.93,31.65,32.55,1426480,KBS,2026-10-09T04:33:51Z
2020-11-02,MWG,32.55,33.27,32.55,33.08,439540,KBS,2026-10-09T04:33:51Z
2020-11-03,MWG,33.58,33.58,33.02,33.33,486030,KBS,2026-10-09T04:33:51Z
2020-11-04,MWG,33.33,33.36,32.96,33.21,531610,KBS,2026-10-09T04:33:51Z
2020-11-05,MWG,33.21,33.74,33.17,33.21,671040,KBS,2026-10-09T04:33:51Z
2020-11-06,MWG,33.27,33.27,31.71,32.65,805140,KBS,2026-10-09T04:33:51Z
2020-11-09,MWG,32.96,33.11,32.74,32.86,886500,KBS,2026-10-09T04:33:51Z
2020-11-10,MWG,33.52,33.52,32.86,32.96,902230,KBS,2026-10-09T04:33:51Z
2020-11-11,MWG,33.02,33.86,32.99,33.58,1514900,KBS,2026-10-09T04:33:51Z
2020-11-12,MWG,33.89,34.54,33.64,34.54,1682560,KBS,2026-10-09T04:33:51Z
2020-11-13,MWG,34.51,34.88,34.36,34.54,678270,KBS,2026-10-09T04:33:51Z
2020-11-16,MWG,34.76,35.2,33.83,34.11,1692540,KBS,2026-10-09T04:33:51Z
2020-11-17,MWG,34.11,34.82,34.01,34.82,966390,KBS,2026-10-09T04:33:51Z
2020-11-18,MWG,34.73,34.95,34.33,34.39,778050,KBS,2026-10-09T04:33:51Z
2020-11-19,MWG,34.67,34.82,34.08,34.82,1434630,KBS,2026-10-09T04:33:51Z
2020-11-20,MWG,34.85,34.92,34.45,34.45,599730,KBS,2026-10-09T04:33:51Z
2020-11-23,MWG,34.45,35.44,34.39,35.2,1506160,KBS,2026-10-09T04:33:51Z
2020-11-24,MWG,35.41,35.41,34.51,34.82,1303450,KBS,2026-10-09T04:33:51Z
2020-11-25,MWG,35.32,35.32,34.57,34.82,824020,KBS,2026-10-09T04:33:51Z
2020-11-26,MWG,34.82,35.2,34.82,35.07,826280,KBS,2026-10-09T04:33:51Z
2020-11-27,MWG,35.13,36.0,35.07,35.91,1680140,KBS,2026-10-09T04:33:51Z
2020-11-30,MWG,36.53,36.53,35.97,36.07,1427120,KBS,2026-10-09T04:33:51Z
2020-12-01,MWG,35.2,36.07,35.2,36.07,1358430,KBS,2026-10-09T04:33:51Z
2020-12-02,MWG,35.79,35.79,35.23,35.44,1707050,KBS,2026-10-09T04:33:51Z
2020-12-03,MWG,35.41,35.66,35.07,35.66,1224080,KBS,2026-10-09T04:33:51Z
2020-12-04,MWG,35.57,35.69,35.29,35.41,768070,KBS,2026-10-09T04:33:51Z
2020-12-07,MWG,35.26,35.88,35.26,35.54,671610,KBS,2026-10-09T04:33:51Z
2020-12-08,MWG,35.48,35.94,35.38,35.6,959210,KBS,2026-10-09T04:33:51Z
2020-12-09,MWG,35.51,35.79,35.41,35.76,984430,KBS,2026-10-09T04:33:51Z
2020-12-10,MWG,35.76,35.91,35.38,35.38,1122020,KBS,2026-10-09T04:33:51Z
2020-12-11,MWG,35.38,35.63,35.13,35.54,813340,KBS,2026-10-09T04:33:51Z
2020-12-14,MWG,35.85,36.03,35.66,35.97,989600,KBS,2026-10-09T04:33:51Z
2020-12-15,MWG,35.82,36.47,35.76,35.85,1455570,KBS,2026-10-09T04:33:51Z
2020-12-16,MWG,36.07,36.07,35.82,35.91,910670,KBS,2026-10-09T04:33:51Z
2020-12-17,MWG,35.91,35.94,35.29,35.29,1496400,KBS,2026-10-09T04:33:51Z
2020-12-18,MWG,35.29,35.76,35.13,35.76,1086810,KBS,2026-10-09T04:33:51Z
2020-12-21,MWG,35.76,36.32,35.66,36.13,1158010,KBS,2026-10-09T04:33:51Z
2020-12-22,MWG,36.13,37.31,35.88,37.28,2236430,KBS,2026-10-09T04:33:51Z
2020-12-23,MWG,37.34,37.71,36.72,36.72,995990,KBS,2026-10-09T04:33:51Z
2020-12-24,MWG,36.72,37.16,35.76,36.28,1132960,KBS,2026-10-09T04:33:51Z
2020-12-25,MWG,36.07,37.0,36.0,36.84,1008790,KBS,2026-10-09T04:33:51Z
2020-12-28,MWG,36.88,37.19,36.38,36.47,933380,KBS,2026-10-09T04:33:51Z
2020-12-29,MWG,36.47,36.69,36.41,36.44,702300,KBS,2026-10-09T04:33:51Z
2020-12-30,MWG,36.44,36.97,36.38,36.47,860030,KBS,2026-10-09T04:33:51Z
2020-12-31,MWG,36.47,37.16,36.47,36.97,891550,KBS,2026-10-09T04:33:51Z
2021-01-04,MWG,37.16,37.5,37.09,37.5,1147400,KBS,2026-10-09T04:33:51Z
2021-01-05,MWG,37.31,38.12,37.19,37.9,967500,KBS,2026-10-09T04:33:51Z
2021-01-06,MWG,38.24,38.24,37.53,37.71,995500,KBS,2026-10-09T04:33:51Z
2021-01-07,MWG,37.47,37.68,37.22,37.56,1118100,KBS,2026-10-09T04:33:51Z
2021-01-08,MWG,37.56,38.21,37.56,37.87,1277600,KBS,2026-10-09T04:33:51Z
2021-01-11,MWG,37.93,39.3,37.93,39.24,1504500,KBS,2026-10-09T04:33:51Z
2021-01-12,MWG,39.24,39.3,38.83,39.24,1352600,KBS,2026-10-09T04:33:51Z
2021-01-13,MWG,39.24,39.67,39.21,39.24,1101300,KBS,2026-10-09T04:33:51Z
2021-01-14,MWG,39.24,39.89,39.18,39.77,1433000,KBS,2026-10-09T04:33:51Z
2021-01-15,MWG,39.8,39.89,39.58,39.74,845000,KBS,2026-10-09T04:33:51Z
2021-01-18,MWG,39.74,39.8,39.24,39.3,768800,KBS,2026-10-09T04:33:51Z
2021-01-19,MWG,39.08,39.3,36.69,37.31,1659900,KBS,2026-10-09T04:33:51Z
2021-01-20,MWG,37.62,38.18,36.07,38.18,1682900,KBS,2026-10-09T04:33:51Z
2021-01-21,MWG,38.71,39.15,38.18,38.86,1034000,KBS,2026-10-09T04:33:51Z
2021-01-22,MWG,38.86,39.61,38.8,39.55,1422700,KBS,2026-10-09T04:33:51Z
2021-01-25,MWG,39.58,41.17,39.55,41.04,2134100,KBS,2026-10-09T04:33:51Z
2021-01-26,MWG,41.32,41.51,40.45,41.04,1356200,KBS,2026-10-09T04:33:51Z
2021-01-27,MWG,40.89,41.94,40.76,41.51,2106900,KBS,2026-10-09T04:33:51Z
2021-01-28,MWG,39.02,40.48,38.62,38.62,1843300,KBS,2026-10-09T04:33:51Z
2021-01-29,MWG,38.4,41.26,37.0,41.26,2812400,KBS,2026-10-09T04:33:51Z
2021-02-01,MWG,40.42,40.7,38.4,38.46,2508200,KBS,2026-10-09T04:33:51Z
2021-02-02,MWG,38.24,39.89,37.47,39.8,1400700,KBS,2026-10-09T04:33:51Z
2021-02-03,MWG,39.8,40.2,38.58,39.64,1798800,KBS,2026-10-09T04:33:51Z
2021-02-04,MWG,39.64,40.7,39.02,39.95,1597800,KBS,2026-10-09T04:33:51Z
2021-02-05,MWG,39.95,40.82,39.8,40.58,1479700,KBS,2026-10-09T04:33:51Z
2021-02-08,MWG,40.42,40.51,39.11,39.95,1952500,KBS,2026-10-09T04:33:51Z
2021-02-09,MWG,39.8,40.42,39.18,40.26,1326800,KBS,2026-10-09T04:33:51Z
2021-02-17,MWG,40.58,42.91,40.58,42.91,2121400,KBS,2026-10-09T04:33:51Z
2021-02-18,MWG,42.91,43.5,42.32,43.37,1550600,KBS,2026-10-09T04:33:51Z
2021-02-19,MWG,42.94,43.22,42.6,42.78,727200,KBS,2026-10-09T04:33:51Z
2021-02-22,MWG,42.6,42.88,42.04,42.6,996100,KBS,2026-10-09T04:33:51Z
2021-02-23,MWG,42.44,43.16,41.35,42.35,1867800,KBS,2026-10-09T04:33:51Z
2021-02-24,MWG,42.6,42.75,41.51,41.6,1009200,KBS,2026-10-09T04:33:51Z
2021-02-25,MWG,41.97,42.22,41.38,42.19,659600,KBS,2026-10-09T04:33:51Z
2021-02-26,MWG,41.51,42.19,41.38,41.97,1163300,KBS,2026-10-09T04:33:51Z
2021-03-01,MWG,42.6,42.6,41.66,41.91,1200200,KBS,2026-10-09T04:33:51Z
2021-03-02,MWG,42.13,42.35,41.82,42.22,571000,KBS,2026-10-09T04:33:51Z
2021-03-03,MWG,42.53,42.6,42.22,42.35,755600,KBS,2026-10-09T04:33:51Z
2021-03-04,MWG,42.41,42.5,40.42,41.29,893000,KBS,2026-10-09T04:33:51Z
2021-03-05,MWG,41.13,41.17,40.54,41.1,844200,KBS,2026-10-09T04:33:51Z
2021-03-08,MWG,41.1,41.44,40.64,40.67,750000,KBS,2026-10-09T04:33:51Z
2021-03-09,MWG,40.42,40.42,39.77,39.83,1485600,KBS,2026-10-09T04:33:51Z
2021-03-10,MWG,40.11,40.64,39.49,40.58,724600,KBS,2026-10-09T04:33:51Z
2021-03-11,MWG,41.1,41.32,40.89,41.2,513500,KBS,2026-10-09T04:33:51Z
2021-03-12,MWG,41.35,41.35,40.58,40.76,414300,KBS,2026-10-09T04:33:51Z
2021-03-15,MWG,40.76,41.63,40.61,41.26,766800,KBS,2026-10-09T04:33:51Z
2021-03-16,MWG,41.26,41.51,40.92,41.41,605800,KBS,2026-10-09T04:33:51Z
2021-03-17,MWG,41.51,41.51,41.29,41.29,521000,KBS,2026-10-09T04:33:51Z
2021-03-18,MWG,41.51,41.6,38.86,41.54,914000,KBS,2026-10-09T04:33:51Z
2021-03-19,MWG,41.35,41.51,41.04,41.35,376700,KBS,2026-10-09T04:33:51Z
2021-03-22,MWG,41.29,41.35,40.89,41.01,377300,KBS,2026-10-09T04:33:51Z
2021-03-23,MWG,40.73,41.04,40.42,40.73,625000,KBS,2026-10-09T04:33:51Z
2021-03-24,MWG,40.26,40.7,39.83,40.39,528300,KBS,2026-10-09T04:33:51Z
2021-03-25,MWG,40.26,40.67,40.02,40.05,506500,KBS,2026-10-09T04:33:51Z
2021-03-26,MWG,39.95,40.42,38.86,40.42,585900,KBS,2026-10-09T04:33:51Z
2021-03-29,MWG,40.54,41.01,40.17,40.45,870000,KBS,2026-10-09T04:33:51Z
2021-03-30,MWG,40.45,40.7,40.11,40.23,318600,KBS,2026-10-09T04:33:51Z
2021-03-31,MWG,40.23,40.58,39.98,40.33,326800,KBS,2026-10-09T04:33:51Z
2021-04-01,MWG,40.42,41.82,39.95,41.76,1239000,KBS,2026-10-09T04:33:51Z
2021-04-02,MWG,42.25,42.28,41.76,41.91,796700,KBS,2026-10-09T04:33:51Z
2021-04-05,MWG,42.28,42.28,41.57,41.69,364100,KBS,2026-10-09T04:33:51Z
2021-04-06,MWG,41.51,42.13,41.32,41.44,1035200,KBS,2026-10-09T04:33:51Z
2021-04-07,MWG,41.23,41.82,41.07,41.82,327200,KBS,2026-10-09T04:33:51Z
2021-04-08,MWG,41.82,41.82,41.51,41.66,310500,KBS,2026-10-09T04:33:51Z
2021-04-09,MWG,41.66,41.66,41.29,41.44,464700,KBS,2026-10-09T04:33:51Z
2021-04-12,MWG,41.44,41.97,41.35,41.94,852600,KBS,2026-10-09T04:33:51Z
2021-04-13,MWG,42.04,42.78,41.72,41.94,1232700,KBS,2026-10-09T04:33:51Z
2021-04-14,MWG,41.51,42.1,41.51,42.1,472400,KBS,2026-10-09T04:33:51Z
2021-04-15,MWG,42.16,42.56,41.57,41.57,1036700,KBS,2026-10-09T04:33:51Z
2021-04-16,MWG,41.04,42.04,41.04,41.66,781400,KBS,2026-10-09T04:33:51Z
2021-04-19,MWG,41.97,42.72,41.2,42.72,1203800,KBS,2026-10-09T04:33:51Z
2021-04-20,MWG,43.22,44.77,43.06,44.31,2184800,KBS,2026-10-09T04:33:51Z
2021-04-22,MWG,44.31,46.02,43.56,44.31,2536100,KBS,2026-10-09T04:33:51Z
2021-04-23,MWG,44.15,45.86,43.68,45.86,2198500,KBS,2026-10-09T04:33:51Z
2021-04-26,MWG,45.83,45.83,44.31,44.31,1271300,KBS,2026-10-09T04:33:51Z
2021-04-27,MWG,44.31,44.77,43.68,44.12,818300,KBS,2026-10-09T04:33:51Z
2021-04-28,MWG,43.53,44.0,43.22,43.53,994100,KBS,2026-10-09T04:33:51Z
2021-04-29,MWG,43.37,43.9,42.94,43.81,662300,KBS,2026-10-09T04:33:51Z
2021-05-04,MWG,43.06,43.5,42.91,43.34,730900,KBS,2026-10-09T04:33:51Z
2021-05-05,MWG,43.34,44.49,43.28,43.81,1124900,KBS,2026-10-09T04:33:51Z
2021-05-06,MWG,43.81,44.46,43.65,44.15,923300,KBS,2026-10-09T04:33:51Z
2021-05-07,MWG,43.84,44.4,43.5,43.59,923400,KBS,2026-10-09T04:33:51Z
2021-05-10,MWG,43.53,43.53,42.75,42.94,1744900,KBS,2026-10-09T04:33:51Z
2021-05-11,MWG,42.75,43.53,42.72,42.75,1382900,KBS,2026-10-09T04:33:51Z
2021-05-12,MWG,42.75,43.37,42.72,43.37,830000,KBS,2026-10-09T04:33:51Z
2021-05-13,MWG,43.06,43.68,43.06,43.53,986800,KBS,2026-10-09T04:33:51Z
2021-05-14,MWG,43.68,44.62,43.59,44.31,818500,KBS,2026-10-09T04:33:51Z
2021-05-17,MWG,44.62,44.77,43.81,44.0,535700,KBS,2026-10-09T04:33:51Z
2021-05-18,MWG,44.0,44.15,43.75,44.06,594800,KBS,2026-10-09T04:33:51Z
2021-05-19,MWG,43.84,44.15,43.68,44.06,599700,KBS,2026-10-09T04:33:51Z
2021-05-20,MWG,43.75,46.64,43.75,46.64,1409800,KBS,2026-10-09T04:33:51Z
2021-05-21,MWG,45.67,46.02,45.08,45.21,979600,KBS,2026-10-09T04:33:51Z
2021-05-24,MWG,45.08,45.55,44.8,45.39,539500,KBS,2026-10-09T04:33:51Z
2021-05-25,MWG,45.39,45.55,45.08,45.39,789800,KBS,2026-10-09T04:33:51Z
2021-05-26,MWG,45.39,45.46,44.93,45.05,781800,KBS,2026-10-09T04:33:51Z
2021-05-27,MWG,45.05,45.08,44.15,44.28,848200,KBS,2026-10-09T04:33:51Z
2021-05-28,MWG,44.28,44.52,44.03,44.37,743300,KBS,2026-10-09T04:33:51Z
2021-05-31,MWG,43.53,44.0,43.06,43.06,1269800,KBS,2026-10-09T04:33:51Z
2021-06-01,MWG,42.75,42.91,41.97,42.44,1074000,KBS,2026-10-09T04:33:51Z
2021-06-02,MWG,42.28,43.53,42.25,43.16,579400,KBS,2026-10-09T04:33:51Z
2021-06-03,MWG,43.47,43.47,42.6,43.22,593700,KBS,2026-10-09T04:33:51Z
2021-06-04,MWG,43.22,43.22,42.6,42.75,617400,KBS,2026-10-09T04:33:51Z
2021-06-07,MWG,42.75,42.78,42.07,42.32,684700,KBS,2026-10-09T04:33:51Z
2021-06-08,MWG,42.28,42.91,42.19,42.28,715300,KBS,2026-10-09T04:33:51Z
2021-06-09,MWG,42.28,42.75,41.97,42.41,739900,KBS,2026-10-09T04:33:51Z
2021-06-10,MWG,41.97,42.6,41.97,42.07,679100,KBS,2026-10-09T04:33:51Z
2021-06-11,MWG,42.04,42.6,42.0,42.6,830800,KBS,2026-10-09T04:33:51Z
2021-06-14,MWG,42.91,43.16,42.53,42.94,740900,KBS,2026-10-09T04:33:51Z
2021-06-15,MWG,42.94,43.22,42.75,42.88,437500,KBS,2026-10-09T04:33:51Z
2021-06-16,MWG,42.84,42.84,42.44,42.6,499600,KBS,2026-10-09T04:33:51Z
2021-06-17,MWG,42.44,44.74,42.28,43.22,1284500,KBS,2026-10-09T04:33:51Z
2021-06-18,MWG,43.68,44.0,43.53,43.84,384900,KBS,2026-10-09T04:33:51Z
2021-06-21,MWG,43.72,45.36,43.72,45.33,1179900,KBS,2026-10-09T04:33:51Z
2021-06-22,MWG,45.39,45.46,43.37,45.39,736900,KBS,2026-10-09T04:33:51Z
2021-06-23,MWG,45.14,45.24,44.77,44.77,443700,KBS,2026-10-09T04:33:51Z
2021-06-24,MWG,44.74,45.39,44.71,44.77,394400,KBS,2026-10-09T04:33:51Z
2021-06-25,MWG,44.77,45.08,44.62,44.68,717200,KBS,2026-10-09T04:33:51Z
2021-06-28,MWG,44.93,45.39,44.68,45.24,669700,KBS,2026-10-09T04:33:51Z
2021-06-29,MWG,45.24,45.86,45.08,45.7,556700,KBS,2026-10-09T04:33:51Z
2021-06-30,MWG,45.7,47.85,45.7,47.26,1221500,KBS,2026-10-09T04:33:51Z
2021-07-01,MWG,47.26,47.42,46.79,46.98,727200,KBS,2026-10-09T04:33:51Z
2021-07-02,MWG,46.95,48.81,46.95,48.75,964000,KBS,2026-10-09T04:33:51Z
2021-07-05,MWG,50.06,51.92,50.06,51.77,1355400,KBS,2026-10-09T04:33:51Z
2021-07-06,MWG,52.39,53.07,48.19,48.19,790100,KBS,2026-10-09T04:33:51Z
2021-07-07,MWG,49.75,51.55,48.19,51.55,1457700,KBS,2026-10-09T04:33:51Z
2021-07-08,MWG,53.48,54.47,52.08,53.63,1585700,KBS,2026-10-09T04:33:51Z
2021-07-09,MWG,53.51,55.93,53.42,54.88,1012200,KBS,2026-10-09T04:33:51Z
2021-07-12,MWG,54.72,55.62,51.3,54.91,1907000,KBS,2026-10-09T04:33:51Z
2021-07-13,MWG,55.44,55.44,53.48,54.41,651400,KBS,2026-10-09T04:33:51Z
2021-07-14,MWG,53.79,54.07,51.12,51.77,1384700,KBS,2026-10-09T04:33:51Z
2021-07-15,MWG,51.27,53.17,50.68,51.95,1104100,KBS,2026-10-09T04:33:51Z
2021-07-16,MWG,52.26,52.39,51.61,52.26,679400,KBS,2026-10-09T04:33:51Z
2021-07-19,MWG,50.15,50.68,48.66,48.66,1868000,KBS,2026-10-09T04:33:51Z
2021-07-20,MWG,49.12,51.18,48.66,51.18,1053200,KBS,2026-10-09T04:33:51Z
2021-07-21,MWG,51.61,51.8,50.4,50.8,520200,KBS,2026-10-09T04:33:51Z
2021-07-22,MWG,50.52,52.36,50.31,51.36,982100,KBS,2026-10-09T04:33:51Z
2021-07-23,MWG,50.71,51.36,50.06,50.28,1223900,KBS,2026-10-09T04:33:51Z
2021-07-26,MWG,49.87,50.06,49.09,49.84,1139800,KBS,2026-10-09T04:33:51Z
2021-07-27,MWG,50.37,50.37,48.81,49.12,1477400,KBS,2026-10-09T04:33:51Z
2021-07-28,MWG,49.06,49.9,48.53,48.84,455700,KBS,2026-10-09T04:33:51Z
2021-07-29,MWG,49.68,50.62,48.5,50.62,1317800,KBS,2026-10-09T04:33:51Z
2021-07-30,MWG,50.21,51.27,49.59,51.02,1779200,KBS,2026-10-09T04:33:51Z
2021-08-02,MWG,50.99,53.63,50.84,52.82,1632800,KBS,2026-10-09T04:33:51Z
2021-08-03,MWG,52.82,52.86,52.23,52.82,868900,KBS,2026-10-09T04:33:51Z
2021-08-04,MWG,52.89,53.14,52.39,52.86,829400,KBS,2026-10-09T04:33:51Z
2021-08-05,MWG,52.73,54.19,52.54,53.79,989800,KBS,2026-10-09T04:33:51Z
2021-08-06,MWG,53.79,54.57,53.32,53.32,1032700,KBS,2026-10-09T04:33:51Z
2021-08-09,MWG,53.17,54.16,52.7,54.04,638000,KBS,2026-10-09T04:33:51Z
2021-08-10,MWG,54.1,54.16,53.35,54.07,882000,KBS,2026-10-09T04:33:51Z
2021-08-11,MWG,54.1,55.75,53.66,54.41,1670800,KBS,2026-10-09T04:33:51Z
2021-08-12,MWG,53.94,54.41,52.86,52.86,1172100,KBS,2026-10-09T04:33:51Z
2021-08-13,MWG,52.7,53.17,52.05,53.17,1116800,KBS,2026-10-09T04:33:51Z
2021-08-16,MWG,53.32,53.48,52.23,52.89,1029800,KBS,2026-10-09T04:33:51Z
2021-08-17,MWG,52.82,52.89,52.2,52.82,1104300,KBS,2026-10-09T04:33:51Z
2021-08-18,MWG,52.54,53.94,52.42,53.63,864600,KBS,2026-10-09T04:33:51Z
2021-08-19,MWG,53.63,53.63,52.7,53.63,785700,KBS,2026-10-09T04:33:51Z
2021-08-20,MWG,53.48,53.48,50.99,50.99,2037300,KBS,2026-10-09T04:33:51Z
2021-08-23,MWG,50.68,50.99,49.12,49.16,1619300,KBS,2026-10-09T04:33:51Z
2021-08-24,MWG,49.37,50.49,49.16,49.9,1060900,KBS,2026-10-09T04:33:51Z
2021-08-25,MWG,50.06,50.99,49.78,50.21,600100,KBS,2026-10-09T04:33:51Z
2021-08-26,MWG,50.96,51.12,50.24,50.37,616200,KBS,2026-10-09T04:33:51Z
2021-08-27,MWG,50.43,51.27,50.43,51.15,1336200,KBS,2026-10-09T04:33:51Z
2021-08-30,MWG,51.99,52.55,51.75,51.75,1266900,KBS,2026-10-09T04:33:51Z
2021-08-31,MWG,51.94,51.94,51.47,51.94,629100,KBS,2026-10-09T04:33:51Z
2021-09-01,MWG,51.61,51.94,50.96,51.57,670400,KBS,2026-10-09T04:33:51Z
2021-09-06,MWG,51.94,51.99,51.71,51.94,1121700,KBS,2026-10-09T04:33:51Z
2021-09-07,MWG,52.13,52.18,51.47,51.61,894000,KBS,2026-10-09T04:33:51Z
2021-09-08,MWG,51.61,52.13,51.47,52.13,684800,KBS,2026-10-09T04:33:51Z
2021-09-09,MWG,52.32,55.64,52.13,55.64,2544800,KBS,2026-10-09T04:33:51Z
2021-09-10,MWG,55.68,55.82,54.8,55.64,922100,KBS,2026-10-09T04:33:51Z
2021-09-13,MWG,55.64,58.49,55.59,58.49,2267600,KBS,2026-10-09T04:33:51Z
2021-09-14,MWG,58.02,58.4,57.14,58.26,1073100,KBS,2026-10-09T04:33:51Z
2021-09-15,MWG,57.79,58.49,57.46,58.31,728800,KBS,2026-10-09T04:33:51Z
2021-09-16,MWG,58.26,58.26,57.46,57.84,778300,KBS,2026-10-09T04:33:51Z
2021-09-17,MWG,57.84,58.02,57.18,57.56,919200,KBS,2026-10-09T04:33:51Z
2021-09-20,MWG,58.45,59.43,56.81,57.56,1370300,KBS,2026-10-09T04:33:51Z
2021-09-21,MWG,56.67,58.73,56.67,57.93,1328400,KBS,2026-10-09T04:33:51Z
2021-09-22,MWG,58.02,59.15,57.98,58.82,1293000,KBS,2026-10-09T04:33:51Z
2021-09-23,MWG,59.2,62.42,59.2,61.77,2591600,KBS,2026-10-09T04:33:51Z
2021-09-24,MWG,61.86,62.7,60.88,61.07,1318800,KBS,2026-10-09T04:33:51Z
2021-09-27,MWG,60.36,60.36,58.96,58.96,3738200,KBS,2026-10-09T04:33:51Z
2021-09-28,MWG,58.31,59.43,57.98,59.29,1344700,KBS,2026-10-09T04:33:51Z
2021-09-29,MWG,59.34,60.13,59.34,59.8,1208800,KBS,2026-10-09T04:33:51Z
2021-09-30,MWG,59.8,60.36,59.29,59.8,1044400,KBS,2026-10-09T04:33:51Z
2021-10-01,MWG,59.43,59.8,58.96,59.05,1086600,KBS,2026-10-09T04:33:51Z
2021-10-04,MWG,58.49,59.05,57.7,59.05,2190000,KBS,2026-10-09T04:33:51Z
2021-10-05,MWG,58.96,59.34,58.54,59.34,939300,KBS,2026-10-09T04:33:51Z
2021-10-06,MWG,59.29,60.83,59.15,60.04,1692400,KBS,2026-10-09T04:33:51Z
2021-10-07,MWG,59.57,60.04,59.57,59.9,966000,KBS,2026-10-09T04:33:51Z
2021-10-08,MWG,59.66,60.6,59.57,60.27,1503700,KBS,2026-10-09T04:33:51Z
2021-10-11,MWG,60.32,60.69,59.66,60.6,1749700,KBS,2026-10-09T04:33:51Z
2021-10-12,MWG,60.6,62.14,60.6,61.82,2282000,KBS,2026-10-09T04:33:51Z
2021-10-13,MWG,61.91,62.8,61.82,62.66,1892600,KBS,2026-10-09T04:33:51Z
2021-10-14,MWG,62.7,63.08,61.77,62.47,1925700,KBS,2026-10-09T04:33:51Z
2021-10-15,MWG,62.47,62.56,61.77,61.96,827400,KBS,2026-10-09T04:33:51Z
2021-10-18,MWG,61.86,62.19,61.16,61.16,1467200,KBS,2026-10-09T04:33:51Z
2021-10-19,MWG,60.79,61.3,60.41,60.69,1151000,KBS,2026-10-09T04:33:51Z
2021-10-20,MWG,60.79,61.3,59.9,60.46,1333900,KBS,2026-10-09T04:33:51Z
2021-10-21,MWG,60.46,60.83,59.43,59.43,1471700,KBS,2026-10-09T04:33:51Z
2021-10-22,MWG,60.04,60.08,59.48,59.71,925700,KBS,2026-10-09T04:33:51Z
2021-10-25,MWG,59.9,60.74,59.9,60.08,926200,KBS,2026-10-09T04:33:51Z
2021-10-26,MWG,59.9,59.9,59.38,59.9,992900,KBS,2026-10-09T04:33:51Z
2021-10-27,MWG,59.9,62.19,59.9,61.77,2063400,KBS,2026-10-09T04:33:51Z
2021-10-28,MWG,61.44,62.0,60.13,61.77,1189400,KBS,2026-10-09T04:33:51Z
2021-10-29,MWG,61.53,61.72,61.25,61.49,1344400,KBS,2026-10-09T04:33:51Z
2021-11-01,MWG,61.53,61.68,60.36,60.83,1140200,KBS,2026-10-09T04:33:51Z
2021-11-02,MWG,60.13,60.79,60.13,60.32,866800,KBS,2026-10-09T04:33:51Z
2021-11-03,MWG,60.32,60.83,59.66,60.27,1405000,KBS,2026-10-09T04:33:51Z
2021-11-04,MWG,60.13,61.11,59.9,60.79,950100,KBS,2026-10-09T04:33:51Z
2021-11-05,MWG,62.24,62.24,61.3,61.77,1635800,KBS,2026-10-09T04:33:51Z
2021-11-08,MWG,61.77,62.24,61.58,61.58,1126300,KBS,2026-10-09T04:33:51Z
2021-11-09,MWG,61.68,61.77,60.83,60.83,1048900,KBS,2026-10-09T04:33:51Z
2021-11-10,MWG,60.83,61.53,60.6,61.53,765400,KBS,2026-10-09T04:33:51Z
2021-11-11,MWG,61.53,63.64,61.07,63.17,4441400,KBS,2026-10-09T04:33:51Z
2021-11-12,MWG,63.64,63.64,62.66,63.64,1184800,KBS,2026-10-09T04:33:51Z
2021-11-15,MWG,63.78,65.46,63.78,65.23,2631500,KBS,2026-10-09T04:33:51Z
2021-11-16,MWG,64.58,65.04,63.64,64.53,1490600,KBS,2026-10-09T04:33:51Z
2021-11-17,MWG,64.44,64.58,63.73,64.53,862200,KBS,2026-10-09T04:33:51Z
2021-11-18,MWG,64.72,66.21,64.01,65.04,2132400,KBS,2026-10-09T04:33:51Z
2021-11-19,MWG,65.51,65.98,63.64,65.04,1378000,KBS,2026-10-09T04:33:51Z
2021-11-22,MWG,65.51,65.7,64.58,64.86,1115100,KBS,2026-10-09T04:33:51Z
2021-11-23,MWG,64.86,67.38,64.62,66.92,1926200,KBS,2026-10-09T04:33:51Z
2021-11-24,MWG,66.92,67.38,66.12,67.38,1487500,KBS,2026-10-09T04:33:51Z
2021-11-25,MWG,67.43,67.85,66.68,67.85,845700,KBS,2026-10-09T04:33:51Z
2021-11-26,MWG,67.76,68.09,66.21,66.21,1262400,KBS,2026-10-09T04:33:51Z
2021-11-29,MWG,65.0,65.84,64.3,64.34,2370000,KBS,2026-10-09T04:33:51Z
2021-11-30,MWG,64.81,65.46,64.06,65.0,1089100,KBS,2026-10-09T04:33:51Z
2021-12-01,MWG,63.87,65.51,63.69,65.0,1496400,KBS,2026-10-09T04:33:51Z
2021-12-02,MWG,64.95,64.95,64.01,64.11,615900,KBS,2026-10-09T04:33:51Z
2021-12-03,MWG,63.78,64.11,62.47,62.47,1052100,KBS,2026-10-09T04:33:51Z
2021-12-06,MWG,62.47,62.47,59.38,61.49,1673200,KBS,2026-10-09T04:33:51Z
2021-12-07,MWG,61.49,62.47,61.49,62.47,663600,KBS,2026-10-09T04:33:51Z
2021-12-08,MWG,62.52,63.17,62.24,62.66,688700,KBS,2026-10-09T04:33:51Z
2021-12-09,MWG,62.66,63.17,62.47,62.7,692300,KBS,2026-10-09T04:33:51Z
2021-12-10,MWG,62.28,63.12,62.24,62.75,707100,KBS,2026-10-09T04:33:51Z
2021-12-13,MWG,62.89,63.12,62.7,63.12,645900,KBS,2026-10-09T04:33:51Z
2021-12-14,MWG,63.03,63.64,62.47,63.36,664800,KBS,2026-10-09T04:33:51Z
2021-12-15,MWG,63.36,63.64,62.7,63.59,601100,KBS,2026-10-09T04:33:51Z
2021-12-16,MWG,63.64,63.64,62.52,62.52,809500,KBS,2026-10-09T04:33:51Z
2021-12-17,MWG,62.52,63.17,62.28,62.94,735100,KBS,2026-10-09T04:33:51Z
2021-12-20,MWG,62.47,62.98,62.0,62.24,792900,KBS,2026-10-09T04:33:51Z
2021-12-21,MWG,62.24,62.24,61.82,62.24,473600,KBS,2026-10-09T04:33:51Z
2021-12-22,MWG,62.52,64.11,62.42,63.08,1300200,KBS,2026-10-09T04:33:51Z
2021-12-23,MWG,63.08,63.55,61.68,62.52,933200,KBS,2026-10-09T04:33:51Z
2021-12-24,MWG,62.52,62.98,62.0,62.98,560900,KBS,2026-10-09T04:33:51Z
2021-12-27,MWG,63.03,63.36,62.24,63.12,723100,KBS,2026-10-09T04:33:51Z
2021-12-28,MWG,63.41,63.55,62.28,63.55,745000,KBS,2026-10-09T04:33:51Z
2021-12-29,MWG,62.98,63.64,62.75,62.89,637000,KBS,2026-10-09T04:33:51Z
2021-12-30,MWG,62.94,63.36,62.7,62.84,832700,KBS,2026-10-09T04:33:51Z
2021-12-31,MWG,62.84,63.59,62.42,63.59,1128900,KBS,2026-10-09T04:33:51Z
2022-01-04,MWG,63.59,65.14,63.12,64.48,1327900,KBS,2026-10-09T04:33:51Z
2022-01-05,MWG,64.48,65.18,64.16,64.16,1178700,KBS,2026-10-09T04:33:51Z
2022-01-06,MWG,64.16,64.95,63.87,64.34,771100,KBS,2026-10-09T04:33:51Z
2022-01-07,MWG,64.34,64.34,63.41,63.41,921200,KBS,2026-10-09T04:33:51Z
2022-01-10,MWG,63.41,63.41,62.24,62.24,927000,KBS,2026-10-09T04:33:51Z
2022-01-11,MWG,62.24,62.94,61.63,61.68,773400,KBS,2026-10-09T04:33:51Z
2022-01-12,MWG,61.68,63.64,60.83,63.64,928600,KBS,2026-10-09T04:33:51Z
2022-01-13,MWG,63.87,63.87,61.77,63.41,925000,KBS,2026-10-09T04:33:51Z
2022-01-14,MWG,63.17,63.17,62.33,62.7,468400,KBS,2026-10-09T04:33:51Z
2022-01-17,MWG,62.24,62.66,60.83,60.83,817400,KBS,2026-10-09T04:33:51Z
2022-01-18,MWG,60.36,61.77,60.18,60.88,816200,KBS,2026-10-09T04:33:51Z
2022-01-19,MWG,60.93,62.7,60.83,62.47,954800,KBS,2026-10-09T04:33:51Z
2022-01-20,MWG,62.24,62.7,61.82,62.7,896900,KBS,2026-10-09T04:33:51Z
2022-01-21,MWG,62.7,62.7,61.44,62.33,655100,KBS,2026-10-09T04:33:51Z
2022-01-24,MWG,61.86,62.33,60.79,60.79,867600,KBS,2026-10-09T04:33:51Z
2022-01-25,MWG,60.74,61.3,59.71,61.3,802500,KBS,2026-10-09T04:33:51Z
2022-01-26,MWG,61.3,61.72,60.36,61.72,954300,KBS,2026-10-09T04:33:51Z
2022-01-27,MWG,61.25,61.91,60.46,61.53,530600,KBS,2026-10-09T04:33:51Z
2022-01-28,MWG,61.44,62.0,60.69,62.0,716300,KBS,2026-10-09T04:33:51Z
2022-02-07,MWG,62.24,63.5,62.24,62.66,932400,KBS,2026-10-09T04:33:51Z
2022-02-08,MWG,62.66,64.01,62.66,63.78,1450000,KBS,2026-10-09T04:33:51Z
2022-02-09,MWG,63.78,64.34,63.64,64.11,1207000,KBS,2026-10-09T04:33:51Z
2022-02-10,MWG,64.11,64.2,62.94,63.78,902700,KBS,2026-10-09T04:33:51Z
2022-02-11,MWG,63.17,63.64,63.17,63.31,541500,KBS,2026-10-09T04:33:51Z
2022-02-14,MWG,62.66,63.17,61.77,61.77,957300,KBS,2026-10-09T04:33:51Z
2022-02-15,MWG,62.1,62.66,61.53,62.38,572400,KBS,2026-10-09T04:33:51Z
2022-02-16,MWG,62.8,62.8,61.58,62.19,562000,KBS,2026-10-09T04:33:51Z
2022-02-17,MWG,61.77,62.94,61.72,62.94,1031400,KBS,2026-10-09T04:33:51Z
2022-02-18,MWG,61.82,62.7,61.82,62.7,467800,KBS,2026-10-09T04:33:51Z
2022-02-21,MWG,62.0,63.12,62.0,62.66,612100,KBS,2026-10-09T04:33:51Z
2022-02-22,MWG,62.24,65.14,61.96,64.44,3272600,KBS,2026-10-09T04:33:51Z
2022-02-23,MWG,64.44,65.79,64.06,64.48,1609600,KBS,2026-10-09T04:33:51Z
2022-02-24,MWG,64.11,64.44,63.41,64.01,1174200,KBS,2026-10-09T04:33:51Z
2022-02-25,MWG,64.06,65.42,63.64,64.39,2690300,KBS,2026-10-09T04:33:51Z
2022-02-28,MWG,63.87,64.58,63.41,63.64,1802000,KBS,2026-10-09T04:33:51Z
2022-03-01,MWG,64.06,64.11,63.22,63.64,1210200,KBS,2026-10-09T04:33:51Z
2022-03-02,MWG,63.55,63.55,62.7,62.94,1670200,KBS,2026-10-09T04:33:51Z
2022-03-03,MWG,63.17,63.87,62.52,63.87,1057800,KBS,2026-10-09T04:33:51Z
2022-03-04,MWG,63.87,63.92,62.98,63.55,1073200,KBS,2026-10-09T04:33:51Z
2022-03-07,MWG,62.94,63.17,62.7,62.8,1144500,KBS,2026-10-09T04:33:51Z
2022-03-08,MWG,62.7,62.94,61.96,62.8,1996900,KBS,2026-10-09T04:33:51Z
2022-03-09,MWG,62.75,62.75,62.0,62.61,1148900,KBS,2026-10-09T04:33:51Z
2022-03-10,MWG,62.7,62.7,62.05,62.47,883000,KBS,2026-10-09T04:33:51Z
2022-03-11,MWG,62.42,62.42,61.77,62.24,653000,KBS,2026-10-09T04:33:51Z
2022-03-14,MWG,61.82,62.14,60.6,61.63,1226700,KBS,2026-10-09T04:33:51Z
2022-03-15,MWG,61.16,61.49,60.36,61.49,1005300,KBS,2026-10-09T04:33:51Z
2022-03-16,MWG,61.39,61.77,60.83,61.49,1054600,KBS,2026-10-09T04:33:51Z
2022-03-17,MWG,61.68,61.77,61.21,61.21,691400,KBS,2026-10-09T04:33:51Z
2022-03-18,MWG,61.21,61.68,61.21,61.58,791100,KBS,2026-10-09T04:33:51Z
2022-03-21,MWG,61.77,63.12,61.53,63.12,921700,KBS,2026-10-09T04:33:51Z
2022-03-22,MWG,63.17,63.64,62.52,63.27,1046000,KBS,2026-10-09T04:33:51Z
2022-03-23,MWG,63.03,63.83,62.98,63.17,794300,KBS,2026-10-09T04:33:51Z
2022-03-24,MWG,63.17,63.17,62.24,62.7,913200,KBS,2026-10-09T04:33:51Z
2022-03-25,MWG,63.03,65.7,62.56,65.0,3782700,KBS,2026-10-09T04:33:51Z
2022-03-28,MWG,65.14,67.43,65.0,67.38,3833100,KBS,2026-10-09T04:33:51Z
2022-03-29,MWG,68.09,69.86,67.38,68.55,2341100,KBS,2026-10-09T04:33:51Z
2022-03-30,MWG,68.09,68.74,65.56,67.57,1692600,KBS,2026-10-09T04:33:51Z
2022-03-31,MWG,67.38,69.49,66.68,68.23,1798700,KBS,2026-10-09T04:33:51Z
2022-04-01,MWG,69.02,73.0,68.83,73.0,4130400,KBS,2026-10-09T04:33:51Z
2022-04-04,MWG,74.17,74.26,72.53,72.53,1401900,KBS,2026-10-09T04:33:51Z
2022-04-05,MWG,71.83,73.28,71.6,72.62,1260100,KBS,2026-10-09T04:33:51Z
2022-04-06,MWG,72.06,75.81,71.78,74.31,2980900,KBS,2026-10-09T04:33:51Z
2022-04-07,MWG,74.78,74.92,71.88,72.53,3100900,KBS,2026-10-09T04:33:51Z
2022-04-08,MWG,72.53,72.53,70.19,70.19,2207100,KBS,2026-10-09T04:33:51Z
2022-04-12,MWG,70.19,71.46,68.32,71.46,2644500,KBS,2026-10-09T04:33:51Z
2022-04-13,MWG,70.66,73.47,70.42,73.09,3406000,KBS,2026-10-09T04:33:51Z
2022-04-14,MWG,73.09,76.18,72.53,74.64,2925900,KBS,2026-10-09T04:33:51Z
2022-04-15,MWG,73.7,75.76,73.56,74.96,2339800,KBS,2026-10-09T04:33:51Z
2022-04-18,MWG,75.34,75.81,74.45,74.96,2616900,KBS,2026-10-09T04:33:51Z
2022-04-19,MWG,74.73,75.39,72.53,73.0,3285000,KBS,2026-10-09T04:33:51Z
2022-04-20,MWG,72.58,74.59,71.97,73.0,1900700,KBS,2026-10-09T04:33:51Z
2022-04-21,MWG,72.16,73.7,71.92,72.76,2304500,KBS,2026-10-09T04:33:51Z
2022-04-22,MWG,73.28,73.47,67.9,72.9,4049300,KBS,2026-10-09T04:33:51Z
2022-04-25,MWG,72.06,72.67,67.81,67.81,3711100,KBS,2026-10-09T04:33:51Z
2022-04-26,MWG,65.98,70.61,65.04,69.63,2718900,KBS,2026-10-09T04:33:51Z
2022-04-27,MWG,68.32,69.02,66.92,68.88,1718600,KBS,2026-10-09T04:33:51Z
2022-04-28,MWG,69.02,69.72,67.76,67.85,1526100,KBS,2026-10-09T04:33:51Z
2022-04-29,MWG,67.94,70.19,67.94,69.82,1739800,KBS,2026-10-09T04:33:51Z
2022-05-04,MWG,70.19,70.89,69.49,69.96,1151100,KBS,2026-10-09T04:33:51Z
2022-05-05,MWG,70.42,70.42,67.9,69.91,1168700,KBS,2026-10-09T04:33:51Z
2022-05-06,MWG,68.55,69.68,68.37,68.6,1085500,KBS,2026-10-09T04:33:51Z
2022-05-09,MWG,67.48,67.52,63.83,63.83,2693800,KBS,2026-10-09T04:33:51Z
2022-05-10,MWG,63.17,65.56,62.24,65.56,1818800,KBS,2026-10-09T04:33:51Z
2022-05-11,MWG,65.6,65.98,64.2,65.98,1167000,KBS,2026-10-09T04:33:51Z
2022-05-12,MWG,65.46,65.46,62.89,62.89,1705600,KBS,2026-10-09T04:33:51Z
2022-05-13,MWG,62.89,63.22,58.54,58.54,2746800,KBS,2026-10-09T04:33:51Z
2022-05-16,MWG,62.0,62.0,56.72,57.56,1334500,KBS,2026-10-09T04:33:51Z
2022-05-17,MWG,58.45,61.58,57.09,61.58,1055800,KBS,2026-10-09T04:33:51Z
2022-05-18,MWG,61.63,62.56,60.74,62.47,805600,KBS,2026-10-09T04:33:51Z
2022-05-19,MWG,60.83,62.47,60.5,62.24,839200,KBS,2026-10-09T04:33:51Z
2022-05-20,MWG,62.0,63.55,61.77,62.7,869200,KBS,2026-10-09T04:33:51Z
2022-05-23,MWG,63.17,63.17,60.83,61.21,542100,KBS,2026-10-09T04:33:51Z
2022-05-24,MWG,61.25,62.24,60.74,62.24,577700,KBS,2026-10-09T04:33:51Z
2022-05-25,MWG,62.89,66.21,62.7,65.04,1558000,KBS,2026-10-09T04:33:51Z
2022-05-26,MWG,65.51,65.75,63.64,65.04,716100,KBS,2026-10-09T04:33:51Z
2022-05-27,MWG,65.14,68.74,65.14,68.65,2550700,KBS,2026-10-09T04:33:51Z
2022-05-30,MWG,68.65,69.02,67.1,67.94,1262200,KBS,2026-10-09T04:33:51Z
2022-05-31,MWG,67.94,67.94,66.92,67.81,739500,KBS,2026-10-09T04:33:51Z
2022-06-01,MWG,67.81,68.79,67.38,68.09,1058700,KBS,2026-10-09T04:33:51Z
2022-06-02,MWG,68.55,70.42,68.09,69.11,1806000,KBS,2026-10-09T04:33:51Z
2022-06-03,MWG,69.11,72.2,69.11,71.69,1668100,KBS,2026-10-09T04:33:51Z
2022-06-06,MWG,72.06,73.23,72.06,72.39,1887900,KBS,2026-10-09T04:33:51Z
2022-06-07,MWG,72.53,72.53,70.18,72.06,1845100,KBS,2026-10-09T04:33:51Z
2022-06-08,MWG,72.67,74.37,72.25,72.25,2076800,KBS,2026-10-09T04:33:51Z
2022-06-09,MWG,72.25,73.0,71.26,71.97,1131100,KBS,2026-10-09T04:33:51Z
2022-06-10,MWG,72.53,73.0,70.65,70.65,1940500,KBS,2026-10-09T04:33:51Z
2022-06-13,MWG,68.29,69.47,65.94,65.94,3229000,KBS,2026-10-09T04:33:51Z
2022-06-14,MWG,65.23,67.96,65.0,67.59,1606100,KBS,2026-10-09T04:33:51Z
2022-06-15,MWG,68.29,69.56,67.82,69.56,2560200,KBS,2026-10-09T04:33:51Z
2022-06-16,MWG,74.36,74.36,73.05,74.36,6038900,KBS,2026-10-09T04:33:51Z
2022-06-17,MWG,74.36,74.36,71.82,73.14,3500500,KBS,2026-10-09T04:33:51Z
2022-06-20,MWG,73.42,73.42,69.28,69.56,4483400,KBS,2026-10-09T04:33:51Z
2022-06-21,MWG,70.6,71.35,66.83,69.19,3368300,KBS,2026-10-09T04:33:51Z
2022-06-22,MWG,71.17,71.17,65.14,65.7,3815800,KBS,2026-10-09T04:33:51Z
2022-06-23,MWG,65.89,69.19,65.7,68.25,4908000,KBS,2026-10-09T04:33:51Z
2022-06-24,MWG,69.19,69.19,67.21,67.68,2716400,KBS,2026-10-09T04:33:51Z
2022-06-27,MWG,67.49,68.25,66.93,67.31,3160200,KBS,2026-10-09T04:33:51Z
2022-06-28,MWG,66.83,68.62,66.83,68.53,4121400,KBS,2026-10-09T04:33:51Z
2022-06-29,MWG,68.53,69.66,66.93,68.72,3154200,KBS,2026-10-09T04:33:51Z
2022-06-30,MWG,68.81,68.81,67.02,67.31,2401100,KBS,2026-10-09T04:33:51Z
2022-07-01,MWG,67.4,67.4,64.76,66.18,3285200,KBS,2026-10-09T04:33:51Z
2022-07-04,MWG,65.89,65.99,62.69,63.82,5181500,KBS,2026-10-09T04:33:51Z
2022-07-05,MWG,63.82,63.82,60.24,61.66,3983400,KBS,2026-10-09T04:33:51Z
2022-07-06,MWG,61.66,62.41,60.24,60.24,2398000,KBS,2026-10-09T04:33:51Z
2022-07-07,MWG,60.34,61.19,60.15,60.24,1590000,KBS,2026-10-09T04:33:51Z
2022-07-08,MWG,60.9,62.6,60.62,61.19,2586800,KBS,2026-10-09T04:33:51Z
2022-07-11,MWG,61.0,61.09,60.24,60.72,1370100,KBS,2026-10-09T04:33:51Z
2022-07-12,MWG,61.0,61.0,60.24,60.62,1606300,KBS,2026-10-09T04:33:51Z
2022-07-13,MWG,60.24,60.43,58.27,59.87,3099000,KBS,2026-10-09T04:33:51Z
2022-07-14,MWG,59.21,60.24,58.64,58.93,2134700,KBS,2026-10-09T04:33:51Z
2022-07-15,MWG,59.12,59.49,57.89,57.89,3080300,KBS,2026-10-09T04:33:51Z
2022-07-18,MWG,57.89,59.21,56.67,57.42,2540800,KBS,2026-10-09T04:33:51Z
2022-07-19,MWG,57.61,57.61,56.01,56.48,2118000,KBS,2026-10-09T04:33:51Z
2022-07-20,MWG,55.73,59.3,54.79,57.61,7377800,KBS,2026-10-09T04:33:51Z
2022-07-21,MWG,57.61,60.72,57.61,60.34,5004300,KBS,2026-10-09T04:33:51Z
2022-07-22,MWG,61.09,62.88,60.43,60.72,5454700,KBS,2026-10-09T04:33:51Z
2022-07-25,MWG,61.0,61.94,59.02,59.59,4019200,KBS,2026-10-09T04:33:51Z
2022-07-26,MWG,60.15,60.15,59.12,59.3,1808800,KBS,2026-10-09T04:33:51Z
2022-07-27,MWG,56.57,59.3,56.57,58.46,1866300,KBS,2026-10-09T04:33:51Z
2022-07-28,MWG,59.3,59.3,58.36,58.36,1950500,KBS,2026-10-09T04:33:51Z
2022-07-29,MWG,58.74,58.74,57.42,57.42,3375000,KBS,2026-10-09T04:33:51Z
2022-08-01,MWG,57.42,58.27,56.48,57.7,3256100,KBS,2026-10-09T04:33:51Z
2022-08-02,MWG,58.18,58.83,57.7,58.36,2121500,KBS,2026-10-09T04:33:51Z
2022-08-03,MWG,58.36,58.55,57.7,58.18,2660300,KBS,2026-10-09T04:33:51Z
2022-08-04,MWG,58.55,59.3,58.46,59.02,4344000,KBS,2026-10-09T04:33:51Z
2022-08-05,MWG,59.21,59.78,58.93,59.02,2712000,KBS,2026-10-09T04:33:51Z
2022-08-08,MWG,59.02,59.21,58.64,59.21,2490100,KBS,2026-10-09T04:33:51Z
2022-08-09,MWG,59.4,59.87,59.21,59.59,2806100,KBS,2026-10-09T04:33:51Z
2022-08-10,MWG,59.59,60.53,59.3,59.87,1974900,KBS,2026-10-09T04:33:51Z
2022-08-11,MWG,60.24,60.43,58.83,59.3,2719100,KBS,2026-10-09T04:33:51Z
2022-08-12,MWG,59.21,59.96,58.55,59.3,2419300,KBS,2026-10-09T04:33:51Z
2022-08-15,MWG,59.59,61.19,59.3,61.19,4433600,KBS,2026-10-09T04:33:51Z
2022-08-16,MWG,61.19,63.07,61.19,62.13,3910700,KBS,2026-10-09T04:33:51Z
2022-08-17,MWG,62.13,62.5,61.19,61.19,2518800,KBS,2026-10-09T04:33:51Z
2022-08-18,MWG,61.19,61.94,60.15,60.72,4073800,KBS,2026-10-09T04:33:51Z
2022-08-19,MWG,60.72,61.56,59.4,60.34,2276400,KBS,2026-10-09T04:33:51Z
2022-08-22,MWG,60.81,62.98,60.72,62.6,5855600,KBS,2026-10-09T04:33:51Z
2022-08-23,MWG,62.03,63.82,62.03,62.98,4014500,KBS,2026-10-09T04:33:51Z
2022-08-24,MWG,62.98,63.26,62.41,62.88,2219300,KBS,2026-10-09T04:33:51Z
2022-08-25,MWG,63.73,64.67,63.35,64.39,5153200,KBS,2026-10-09T04:33:51Z
2022-08-26,MWG,64.67,68.81,64.67,67.96,10847500,KBS,2026-10-09T04:33:51Z
2022-08-29,MWG,67.59,69.66,66.55,69.66,7689600,KBS,2026-10-09T04:33:51Z
2022-08-30,MWG,70.13,70.6,68.62,69.0,4227200,KBS,2026-10-09T04:33:51Z
2022-08-31,MWG,68.25,69.66,68.25,69.66,4620000,KBS,2026-10-09T04:33:51Z
2022-09-05,MWG,69.56,69.56,68.25,68.25,2694200,KBS,2026-10-09T04:33:51Z
2022-09-06,MWG,68.34,69.0,68.15,68.62,2599300,KBS,2026-10-09T04:33:51Z
2022-09-07,MWG,68.34,68.53,66.46,66.55,5672100,KBS,2026-10-09T04:33:51Z
2022-09-08,MWG,67.31,68.06,66.36,67.31,3748300,KBS,2026-10-09T04:33:51Z
2022-09-09,MWG,67.78,68.15,66.65,67.78,2784800,KBS,2026-10-09T04:33:51Z
2022-09-12,MWG,67.96,70.98,67.87,69.66,7347100,KBS,2026-10-09T04:33:51Z
2022-09-13,MWG,69.66,70.04,69.0,69.75,1957900,KBS,2026-10-09T04:33:51Z
2022-09-14,MWG,68.44,69.56,68.34,69.38,3704500,KBS,2026-10-09T04:33:51Z
2022-09-15,MWG,69.38,70.41,69.09,69.56,3182500,KBS,2026-10-09T04:33:51Z
2022-09-16,MWG,69.09,69.38,67.21,67.78,4279700,KBS,2026-10-09T04:33:51Z
2022-09-19,MWG,67.78,68.53,65.05,66.36,4171600,KBS,2026-10-09T04:33:51Z
2022-09-20,MWG,66.74,67.78,65.14,67.49,3380900,KBS,2026-10-09T04:33:51Z
2022-09-21,MWG,66.83,66.83,65.89,65.89,3106200,KBS,2026-10-09T04:33:51Z
2022-09-22,MWG,65.05,66.65,64.29,65.99,4254200,KBS,2026-10-09T04:33:51Z
2022-09-23,MWG,65.99,65.99,64.58,65.33,2717600,KBS,2026-10-09T04:33:51Z
2022-09-26,MWG,63.82,64.2,61.75,64.01,5240200,KBS,2026-10-09T04:33:51Z
2022-09-27,MWG,63.45,64.01,62.88,63.16,1536300,KBS,2026-10-09T04:33:51Z
2022-09-28,MWG,62.22,63.07,61.19,61.19,2724500,KBS,2026-10-09T04:33:51Z
2022-09-29,MWG,62.6,62.6,59.96,60.24,2545200,KBS,2026-10-09T04:33:51Z
2022-09-30,MWG,59.96,60.43,58.08,60.24,4371100,KBS,2026-10-09T04:33:51Z
2022-10-03,MWG,59.21,59.21,56.1,56.1,4026100,KBS,2026-10-09T04:33:51Z
2022-10-04,MWG,57.61,57.7,56.57,57.42,4024500,KBS,2026-10-09T04:33:51Z
2022-10-05,MWG,57.42,59.4,57.42,58.55,2124200,KBS,2026-10-09T04:33:51Z
2022-10-06,MWG,58.55,58.64,54.6,54.6,3170300,KBS,2026-10-09T04:33:51Z
2022-10-07,MWG,53.18,54.5,50.83,50.83,5573700,KBS,2026-10-09T04:33:51Z
2022-10-10,MWG,49.98,53.94,49.89,53.75,3911600,KBS,2026-10-09T04:33:51Z
2022-10-11,MWG,53.75,54.22,50.93,52.15,2333500,KBS,2026-10-09T04:33:51Z
2022-10-12,MWG,52.24,55.35,52.24,54.13,2886100,KBS,2026-10-09T04:33:51Z
2022-10-13,MWG,53.66,54.79,53.18,54.22,1531100,KBS,2026-10-09T04:33:51Z
2022-10-14,MWG,54.6,56.76,54.6,56.39,2989900,KBS,2026-10-09T04:33:51Z
2022-10-17,MWG,56.1,56.1,54.41,55.44,2674800,KBS,2026-10-09T04:33:51Z
2022-10-18,MWG,56.39,56.95,55.16,55.54,2054300,KBS,2026-10-09T04:33:51Z
2022-10-19,MWG,55.73,56.01,54.88,55.54,1407400,KBS,2026-10-09T04:33:51Z
2022-10-20,MWG,54.79,55.54,54.5,54.97,1811200,KBS,2026-10-09T04:33:51Z
2022-10-21,MWG,54.88,54.88,51.21,51.21,4238200,KBS,2026-10-09T04:33:51Z
2022-10-24,MWG,51.3,51.77,47.63,47.63,4828000,KBS,2026-10-09T04:33:51Z
2022-10-25,MWG,47.73,50.83,46.12,48.95,4400700,KBS,2026-10-09T04:33:51Z
2022-10-26,MWG,49.04,49.42,47.63,48.86,1528200,KBS,2026-10-09T04:33:51Z
2022-10-27,MWG,48.29,50.74,48.29,50.17,2990400,KBS,2026-10-09T04:33:51Z
2022-10-28,MWG,50.36,51.21,49.7,50.08,1802000,KBS,2026-10-09T04:33:51Z
2022-10-31,MWG,49.33,49.8,46.6,48.57,3903900,KBS,2026-10-09T04:33:51Z
2022-11-01,MWG,48.95,49.42,47.16,47.16,1999200,KBS,2026-10-09T04:33:51Z
2022-11-02,MWG,47.07,47.35,44.05,45.18,4317000,KBS,2026-10-09T04:33:51Z
2022-11-03,MWG,46.12,47.35,45.28,46.6,2600000,KBS,2026-10-09T04:33:51Z
2022-11-04,MWG,44.76,45.18,43.35,43.35,5742900,KBS,2026-10-09T04:33:51Z
2022-11-07,MWG,43.3,43.82,40.34,40.34,5344200,KBS,2026-10-09T04:33:51Z
2022-11-08,MWG,40.34,42.92,38.88,41.98,4117000,KBS,2026-10-09T04:33:51Z
2022-11-09,MWG,42.36,43.72,41.94,42.83,2156900,KBS,2026-10-09T04:33:51Z
2022-11-10,MWG,42.31,42.31,39.87,39.87,3670600,KBS,2026-10-09T04:33:51Z
2022-11-11,MWG,40.85,41.8,40.48,40.48,3565100,KBS,2026-10-09T04:33:51Z
2022-11-14,MWG,39.54,40.24,38.03,38.26,3514300,KBS,2026-10-09T04:33:51Z
2022-11-15,MWG,35.96,37.18,35.63,35.63,2983600,KBS,2026-10-09T04:33:51Z
2022-11-16,MWG,33.18,38.08,33.18,38.08,8555200,KBS,2026-10-09T04:33:51Z
2022-11-17,MWG,39.3,40.38,38.41,39.35,2857700,KBS,2026-10-09T04:33:51Z
2022-11-18,MWG,38.6,39.77,37.56,39.68,4367700,KBS,2026-10-09T04:33:51Z
2022-11-21,MWG,39.49,39.49,38.26,38.26,1762800,KBS,2026-10-09T04:33:51Z
2022-11-22,MWG,37.84,39.16,37.51,37.84,3707900,KBS,2026-10-09T04:33:51Z
2022-11-23,MWG,37.94,38.5,37.75,38.12,1510200,KBS,2026-10-09T04:33:51Z
2022-11-24,MWG,36.9,36.9,35.49,35.49,7862600,KBS,2026-10-09T04:33:51Z
2022-11-25,MWG,35.35,36.05,34.36,35.58,2595300,KBS,2026-10-09T04:33:51Z
2022-11-28,MWG,36.05,38.03,36.05,37.8,4322000,KBS,2026-10-09T04:33:51Z
2022-11-29,MWG,38.12,40.29,38.12,40.29,5268600,KBS,2026-10-09T04:33:51Z
2022-11-30,MWG,41.04,42.36,40.48,41.51,3777700,KBS,2026-10-09T04:33:51Z
2022-12-01,MWG,42.36,42.92,40.24,41.47,5855800,KBS,2026-10-09T04:33:51Z
2022-12-02,MWG,40.85,44.24,40.85,44.24,6464800,KBS,2026-10-09T04:33:51Z
2022-12-05,MWG,44.29,45.98,44.29,44.81,4146000,KBS,2026-10-09T04:33:51Z
2022-12-06,MWG,44.43,44.43,41.75,41.75,4093900,KBS,2026-10-09T04:33:51Z
2022-12-07,MWG,41.75,42.36,40.95,42.22,2930100,KBS,2026-10-09T04:33:51Z
2022-12-08,MWG,43.11,44.24,42.55,43.3,2626500,KBS,2026-10-09T04:33:51Z
2022-12-09,MWG,43.3,43.87,42.69,43.49,1675300,KBS,2026-10-09T04:33:51Z
2022-12-12,MWG,43.49,44.52,42.36,43.21,3474400,KBS,2026-10-09T04:33:51Z
2022-12-13,MWG,43.07,43.68,41.8,43.68,1956200,KBS,2026-10-09T04:33:51Z
2022-12-14,MWG,44.52,44.52,43.11,43.72,2187800,KBS,2026-10-09T04:33:51Z
2022-12-15,MWG,43.72,44.71,43.44,44.24,2539400,KBS,2026-10-09T04:33:51Z
2022-12-16,MWG,44.01,45.14,43.21,45.04,3003400,KBS,2026-10-09T04:33:51Z
2022-12-19,MWG,44.81,45.94,44.38,44.38,3782800,KBS,2026-10-09T04:33:51Z
2022-12-20,MWG,43.87,44.1,41.61,43.77,3352500,KBS,2026-10-09T04:33:51Z
2022-12-21,MWG,43.77,44.01,41.75,43.68,2052300,KBS,2026-10-09T04:33:51Z
2022-12-22,MWG,43.63,43.96,42.64,43.77,1519800,KBS,2026-10-09T04:33:51Z
2022-12-23,MWG,43.77,43.77,42.88,43.11,1584400,KBS,2026-10-09T04:33:51Z
2022-12-26,MWG,42.83,43.07,40.1,40.1,2559500,KBS,2026-10-09T04:33:51Z
2022-12-27,MWG,39.06,41.23,39.06,41.23,2324700,KBS,2026-10-09T04:33:51Z
2022-12-28,MWG,40.48,40.67,39.44,40.48,1389600,KBS,2026-10-09T04:33:51Z
2022-12-29,MWG,40.01,40.38,39.63,40.38,1212100,KBS,2026-10-09T04:33:51Z
2022-12-30,MWG,40.29,40.48,39.58,40.38,1652400,KBS,2026-10-09T04:33:51Z
2023-01-03,MWG,40.29,41.42,40.01,41.37,1998900,KBS,2026-10-09T04:33:51Z
2023-01-04,MWG,40.57,41.7,40.57,40.95,1872700,KBS,2026-10-09T04:33:51Z
2023-01-05,MWG,41.32,41.42,40.76,41.04,1102800,KBS,2026-10-09T04:33:51Z
2023-01-06,MWG,41.04,41.28,40.62,40.62,1507500,KBS,2026-10-09T04:33:51Z
2023-01-09,MWG,40.62,40.76,39.54,39.54,2663500,KBS,2026-10-09T04:33:51Z
2023-01-10,MWG,39.54,40.1,39.44,39.72,1424300,KBS,2026-10-09T04:33:51Z
2023-01-11,MWG,39.82,40.67,39.82,40.05,1461200,KBS,2026-10-09T04:33:51Z
2023-01-12,MWG,40.05,40.48,39.58,39.63,986100,KBS,2026-10-09T04:33:51Z
2023-01-13,MWG,39.91,40.15,39.58,39.58,1087500,KBS,2026-10-09T04:33:51Z
2023-01-16,MWG,39.58,39.82,39.25,39.44,1408900,KBS,2026-10-09T04:33:51Z
2023-01-17,MWG,39.91,40.85,39.72,40.52,2760600,KBS,2026-10-09T04:33:51Z
2023-01-18,MWG,40.95,42.55,40.71,42.31,3686900,KBS,2026-10-09T04:33:51Z
2023-01-19,MWG,42.31,43.4,42.12,42.92,3493900,KBS,2026-10-09T04:33:51Z
2023-01-27,MWG,43.68,44.15,43.21,43.21,2479800,KBS,2026-10-09T04:33:51Z
2023-01-30,MWG,43.21,44.05,42.74,43.49,3206700,KBS,2026-10-09T04:33:51Z
2023-01-31,MWG,43.21,43.77,42.69,43.77,2723800,KBS,2026-10-09T04:33:51Z
2023-02-01,MWG,43.49,44.38,43.02,44.34,7835500,KBS,2026-10-09T04:33:51Z
2023-02-02,MWG,44.2,46.97,43.58,46.97,4860800,KBS,2026-10-09T04:33:51Z
2023-02-03,MWG,45.23,45.75,45.0,45.0,6219600,KBS,2026-10-09T04:33:51Z
2023-02-06,MWG,44.24,44.43,43.02,44.38,2653000,KBS,2026-10-09T04:33:51Z
2023-02-07,MWG,43.91,45.18,43.02,43.02,2018900,KBS,2026-10-09T04:33:51Z
2023-02-08,MWG,43.02,43.3,41.89,41.89,1647000,KBS,2026-10-09T04:33:51Z
2023-02-09,MWG,41.8,42.78,41.42,41.42,1472800,KBS,2026-10-09T04:33:51Z
2023-02-10,MWG,41.42,41.84,39.63,39.63,2032500,KBS,2026-10-09T04:33:51Z
2023-02-13,MWG,39.63,40.01,39.06,40.01,1726000,KBS,2026-10-09T04:33:51Z
2023-02-14,MWG,40.29,40.48,39.91,40.01,803200,KBS,2026-10-09T04:33:51Z
2023-02-15,MWG,40.01,40.95,40.01,40.24,1084700,KBS,2026-10-09T04:33:51Z
2023-02-16,MWG,40.67,40.95,40.29,40.76,944200,KBS,2026-10-09T04:33:51Z
2023-02-17,MWG,40.76,40.76,40.34,40.71,959100,KBS,2026-10-09T04:33:51Z
2023-02-20,MWG,40.67,41.7,40.24,41.7,1874700,KBS,2026-10-09T04:33:51Z
2023-02-21,MWG,41.8,42.6,41.8,41.89,1405600,KBS,2026-10-09T04:33:51Z
2023-02-22,MWG,41.42,41.89,40.48,40.48,1644500,KBS,2026-10-09T04:33:51Z
2023-02-23,MWG,40.29,40.48,39.54,40.48,1313900,KBS,2026-10-09T04:33:51Z
2023-02-24,MWG,40.01,40.43,39.16,39.63,1625600,KBS,2026-10-09T04:33:51Z
2023-02-27,MWG,38.6,39.44,38.12,38.12,1974700,KBS,2026-10-09T04:33:51Z
2023-02-28,MWG,38.12,38.78,37.51,37.65,1567900,KBS,2026-10-09T04:33:51Z
2023-03-01,MWG,37.65,38.6,36.95,38.41,1520500,KBS,2026-10-09T04:33:51Z
2023-03-02,MWG,38.41,38.6,37.65,37.94,868900,KBS,2026-10-09T04:33:51Z
2023-03-03,MWG,37.94,38.22,37.09,37.09,1857500,KBS,2026-10-09T04:33:51Z
2023-03-06,MWG,37.61,38.12,37.09,37.09,1474200,KBS,2026-10-09T04:33:51Z
2023-03-07,MWG,37.65,37.84,36.9,37.37,1585700,KBS,2026-10-09T04:33:51Z
2023-03-08,MWG,36.71,37.23,36.38,37.09,2029100,KBS,2026-10-09T04:33:51Z
2023-03-09,MWG,37.28,38.17,37.23,37.65,2116000,KBS,2026-10-09T04:33:51Z
2023-03-10,MWG,37.56,37.75,37.09,37.42,1573000,KBS,2026-10-09T04:33:51Z
2023-03-13,MWG,37.42,37.65,37.09,37.09,1349100,KBS,2026-10-09T04:33:51Z
2023-03-14,MWG,36.99,37.28,36.05,36.34,1611600,KBS,2026-10-09T04:33:51Z
2023-03-15,MWG,37.28,37.75,37.09,37.65,1899200,KBS,2026-10-09T04:33:51Z
2023-03-16,MWG,37.65,37.65,36.52,37.09,1665000,KBS,2026-10-09T04:33:51Z
2023-03-17,MWG,37.56,37.56,36.57,37.09,953800,KBS,2026-10-09T04:33:51Z
2023-03-20,MWG,36.71,37.09,35.82,35.86,2298600,KBS,2026-10-09T04:33:51Z
2023-03-21,MWG,36.52,36.52,35.3,36.24,1411300,KBS,2026-10-09T04:33:51Z
2023-03-22,MWG,36.38,36.38,35.72,35.72,1507000,KBS,2026-10-09T04:33:51Z
2023-03-23,MWG,35.39,35.72,35.3,35.58,1238600,KBS,2026-10-09T04:33:51Z
2023-03-24,MWG,35.39,35.96,35.39,35.72,1729500,KBS,2026-10-09T04:33:51Z
2023-03-27,MWG,35.77,36.19,35.63,35.86,2465100,KBS,2026-10-09T04:33:51Z
2023-03-28,MWG,35.96,36.99,35.86,36.81,4198400,KBS,2026-10-09T04:33:51Z
2023-03-29,MWG,36.95,37.04,36.43,36.43,1830200,KBS,2026-10-09T04:33:51Z
2023-03-30,MWG,36.52,36.9,35.91,36.34,2665800,KBS,2026-10-09T04:33:51Z
2023-03-31,MWG,36.29,36.66,36.01,36.29,1815500,KBS,2026-10-09T04:33:51Z
2023-04-03,MWG,36.71,36.9,36.43,36.71,2112100,KBS,2026-10-09T04:33:51Z
2023-04-04,MWG,36.81,37.61,36.76,37.47,3133300,KBS,2026-10-09T04:33:51Z
2023-04-05,MWG,37.47,37.51,37.18,37.42,1735900,KBS,2026-10-09T04:33:51Z
2023-04-06,MWG,37.65,37.65,36.76,36.81,1971300,KBS,2026-10-09T04:33:51Z
2023-04-07,MWG,36.57,36.76,36.24,36.71,2032200,KBS,2026-10-09T04:33:51Z
2023-04-10,MWG,36.9,38.74,36.9,38.6,5829400,KBS,2026-10-09T04:33:51Z
2023-04-11,MWG,38.6,38.6,37.84,38.31,2852300,KBS,2026-10-09T04:33:51Z
2023-04-12,MWG,38.12,39.25,38.12,38.36,3970800,KBS,2026-10-09T04:33:51Z
2023-04-13,MWG,38.6,38.88,38.26,38.64,3135000,KBS,2026-10-09T04:33:51Z
2023-04-14,MWG,38.83,38.97,37.65,37.65,2679300,KBS,2026-10-09T04:33:51Z
2023-04-17,MWG,37.51,37.65,37.23,37.51,1406900,KBS,2026-10-09T04:33:51Z
2023-04-18,MWG,38.17,38.36,37.61,37.61,2755700,KBS,2026-10-09T04:33:51Z
2023-04-19,MWG,37.7,38.88,37.65,38.12,2949400,KBS,2026-10-09T04:33:51Z
2023-04-20,MWG,38.12,38.12,37.56,38.03,1416200,KBS,2026-10-09T04:33:51Z
2023-04-21,MWG,38.03,38.03,36.99,36.99,2811100,KBS,2026-10-09T04:33:51Z
2023-04-24,MWG,36.9,36.99,36.01,36.15,3211100,KBS,2026-10-09T04:33:51Z
2023-04-25,MWG,36.34,36.52,35.3,35.49,2735300,KBS,2026-10-09T04:33:51Z
2023-04-26,MWG,35.49,36.15,35.44,36.15,1835600,KBS,2026-10-09T04:33:51Z
2023-04-27,MWG,36.24,36.38,35.91,36.38,1286400,KBS,2026-10-09T04:33:51Z
2023-04-28,MWG,36.38,36.9,36.34,36.9,2517300,KBS,2026-10-09T04:33:51Z
2023-05-04,MWG,35.86,36.62,35.68,35.68,2462500,KBS,2026-10-09T04:33:51Z
2023-05-05,MWG,35.68,35.86,35.44,35.58,1173200,KBS,2026-10-09T04:33:51Z
2023-05-08,MWG,35.58,36.01,35.58,35.63,1273100,KBS,2026-10-09T04:33:51Z
2023-05-09,MWG,35.63,36.1,35.63,35.72,931100,KBS,2026-10-09T04:33:51Z
2023-05-10,MWG,35.82,36.71,35.68,36.71,2354900,KBS,2026-10-09T04:33:51Z
2023-05-11,MWG,36.85,37.04,36.29,36.43,1659900,KBS,2026-10-09T04:33:51Z
2023-05-12,MWG,36.48,36.81,35.96,36.71,2033800,KBS,2026-10-09T04:33:51Z
2023-05-15,MWG,36.85,37.09,36.57,36.62,2782400,KBS,2026-10-09T04:33:51Z
2023-05-16,MWG,36.62,36.66,35.96,36.19,2129700,KBS,2026-10-09T04:33:51Z
2023-05-17,MWG,36.19,36.38,35.72,35.91,1326900,KBS,2026-10-09T04:33:51Z
2023-05-18,MWG,36.29,36.43,35.86,35.86,1747600,KBS,2026-10-09T04:33:51Z
2023-05-19,MWG,35.86,36.05,35.58,36.05,1643100,KBS,2026-10-09T04:33:51Z
2023-05-22,MWG,36.1,36.38,35.82,36.29,1523200,KBS,2026-10-09T04:33:51Z
2023-05-23,MWG,36.38,36.52,35.96,36.01,1467700,KBS,2026-10-09T04:33:51Z
2023-05-24,MWG,36.15,36.19,35.68,35.72,1246300,KBS,2026-10-09T04:33:51Z
2023-05-25,MWG,35.72,36.15,35.58,35.77,1477500,KBS,2026-10-09T04:33:51Z
2023-05-26,MWG,35.82,36.15,35.77,35.96,882500,KBS,2026-10-09T04:33:51Z
2023-05-29,MWG,36.19,36.43,35.91,36.43,2263500,KBS,2026-10-09T04:33:51Z
2023-05-30,MWG,36.57,37.47,36.57,37.09,4818400,KBS,2026-10-09T04:33:51Z
2023-05-31,MWG,36.99,37.14,36.66,36.9,1975100,KBS,2026-10-09T04:33:51Z
2023-06-01,MWG,37.04,37.18,36.43,36.99,2907500,KBS,2026-10-09T04:33:51Z
2023-06-02,MWG,37.14,38.45,36.9,38.41,5707900,KBS,2026-10-09T04:33:51Z
2023-06-05,MWG,38.6,39.16,38.41,38.78,6617800,KBS,2026-10-09T04:33:51Z
2023-06-06,MWG,38.78,39.58,38.64,39.35,4665200,KBS,2026-10-09T04:33:51Z
2023-06-07,MWG,39.35,39.49,38.64,39.35,4745100,KBS,2026-10-09T04:33:51Z
2023-06-08,MWG,39.54,39.54,38.22,38.26,4513900,KBS,2026-10-09T04:33:51Z
2023-06-09,MWG,38.6,38.97,38.12,38.97,4124000,KBS,2026-10-09T04:33:51Z
2023-06-12,MWG,39.21,40.48,39.06,40.48,7248100,KBS,2026-10-09T04:33:51Z
2023-06-13,MWG,40.85,40.85,40.1,40.48,3399100,KBS,2026-10-09T04:33:51Z
2023-06-14,MWG,40.48,40.48,39.58,39.58,3321400,KBS,2026-10-09T04:33:51Z
2023-06-15,MWG,39.58,39.91,39.02,39.25,2810300,KBS,2026-10-09T04:33:51Z
2023-06-16,MWG,39.49,39.82,38.74,38.92,4410000,KBS,2026-10-09T04:33:51Z
2023-06-19,MWG,38.92,39.25,38.69,39.06,2063100,KBS,2026-10-09T04:33:51Z
2023-06-20,MWG,39.16,40.01,39.16,40.01,2476500,KBS,2026-10-09T04:33:51Z
2023-06-21,MWG,40.01,40.2,39.72,40.2,2565900,KBS,2026-10-09T04:33:51Z
2023-06-22,MWG,40.34,41.09,39.87,40.52,4105500,KBS,2026-10-09T04:33:51Z
2023-06-23,MWG,40.52,40.67,40.2,40.38,2158100,KBS,2026-10-09T04:33:51Z
2023-06-26,MWG,41.0,41.89,40.1,41.75,5457500,KBS,2026-10-09T04:33:51Z
2023-06-27,MWG,41.75,42.27,41.18,41.61,2478000,KBS,2026-10-09T04:33:51Z
2023-06-28,MWG,41.61,41.84,40.67,41.32,3989700,KBS,2026-10-09T04:33:51Z
2023-06-29,MWG,40.95,41.32,40.2,40.2,3289500,KBS,2026-10-09T04:33:51Z
2023-06-30,MWG,40.2,41.32,40.01,40.76,3505400,KBS,2026-10-09T04:33:51Z
2023-07-03,MWG,40.9,41.09,40.29,40.48,1799500,KBS,2026-10-09T04:33:51Z
2023-07-04,MWG,40.38,41.09,40.15,40.71,4437300,KBS,2026-10-09T04:33:51Z
2023-07-05,MWG,40.9,41.84,40.81,40.81,7263000,KBS,2026-10-09T04:33:51Z
2023-07-06,MWG,40.85,41.18,40.34,40.67,4541700,KBS,2026-10-09T04:33:51Z
2023-07-07,MWG,40.52,42.83,40.52,42.83,7401500,KBS,2026-10-09T04:33:51Z
2023-07-10,MWG,43.35,44.95,43.11,44.95,10232900,KBS,2026-10-09T04:33:51Z
2023-07-11,MWG,44.81,45.94,44.57,45.94,8177100,KBS,2026-10-09T04:33:51Z
2023-07-12,MWG,45.51,46.41,45.37,46.27,4791400,KBS,2026-10-09T04:33:51Z
2023-07-13,MWG,46.31,46.97,46.27,46.46,4813500,KBS,2026-10-09T04:33:51Z
2023-07-14,MWG,46.46,46.55,45.66,46.55,5904700,KBS,2026-10-09T04:33:51Z
2023-07-17,MWG,46.6,46.93,45.8,45.8,2785300,KBS,2026-10-09T04:33:51Z
2023-07-18,MWG,45.56,45.75,44.95,45.23,4613000,KBS,2026-10-09T04:33:51Z
2023-07-19,MWG,45.56,46.08,45.14,45.66,3483900,KBS,2026-10-09T04:33:51Z
2023-07-20,MWG,45.56,46.6,45.56,46.22,5454300,KBS,2026-10-09T04:33:51Z
2023-07-21,MWG,46.22,49.42,46.08,49.42,11731700,KBS,2026-10-09T04:33:51Z
2023-07-24,MWG,49.89,51.3,48.95,51.3,4072400,KBS,2026-10-09T04:33:51Z
2023-07-25,MWG,51.3,51.3,49.8,50.46,4429400,KBS,2026-10-09T04:33:51Z
2023-07-26,MWG,50.46,51.02,48.95,49.51,5446900,KBS,2026-10-09T04:33:51Z
2023-07-27,MWG,49.8,51.8,49.61,51.42,5823100,KBS,2026-10-09T04:33:51Z
2023-07-28,MWG,51.22,52.18,50.56,51.8,3871700,KBS,2026-10-09T04:33:51Z
2023-07-31,MWG,51.32,51.51,49.99,51.04,7864600,KBS,2026-10-09T04:33:51Z
2023-08-01,MWG,51.42,51.42,49.13,49.13,7531800,KBS,2026-10-09T04:33:51Z
2023-08-02,MWG,49.13,49.89,49.04,49.13,5318300,KBS,2026-10-09T04:33:51Z
2023-08-03,MWG,49.23,51.04,48.85,50.08,7997000,KBS,2026-10-09T04:33:51Z
2023-08-04,MWG,50.37,50.56,49.7,50.37,7529400,KBS,2026-10-09T04:33:51Z
2023-08-07,MWG,51.04,52.18,50.66,51.13,6494400,KBS,2026-10-09T04:33:51Z
2023-08-08,MWG,51.32,51.6,50.75,50.94,5735000,KBS,2026-10-09T04:33:51Z
2023-08-09,MWG,50.75,50.75,49.42,49.99,8966000,KBS,2026-10-09T04:33:51Z
2023-08-10,MWG,50.37,50.37,49.13,49.42,4979900,KBS,2026-10-09T04:33:51Z
2023-08-11,MWG,49.61,50.66,48.47,50.66,6318800,KBS,2026-10-09T04:33:51Z
2023-08-14,MWG,51.22,51.6,49.99,51.51,9615900,KBS,2026-10-09T04:33:51Z
2023-08-15,MWG,51.89,53.13,51.32,51.32,8379700,KBS,2026-10-09T04:33:51Z
2023-08-16,MWG,51.32,51.6,50.37,51.13,5141100,KBS,2026-10-09T04:33:51Z
2023-08-17,MWG,51.42,52.46,50.75,51.22,7226900,KBS,2026-10-09T04:33:51Z
2023-08-18,MWG,51.22,51.22,47.71,47.71,14262600,KBS,2026-10-09T04:33:51Z
2023-08-21,MWG,47.52,47.99,46.33,46.57,7064800,KBS,2026-10-09T04:33:51Z
2023-08-22,MWG,46.66,47.71,45.0,47.52,10145800,KBS,2026-10-09T04:33:51Z
2023-08-23,MWG,48.18,48.18,46.76,47.23,4957900,KBS,2026-10-09T04:33:51Z
2023-08-24,MWG,47.23,48.28,47.23,47.8,5727600,KBS,2026-10-09T04:33:51Z
2023-08-25,MWG,47.8,48.85,47.52,47.99,7139000,KBS,2026-10-09T04:33:51Z
2023-08-28,MWG,48.37,49.32,47.9,49.13,8495500,KBS,2026-10-09T04:33:51Z
2023-08-29,MWG,49.23,50.56,48.94,50.28,8303900,KBS,2026-10-09T04:33:51Z
2023-08-30,MWG,50.37,51.8,50.28,51.13,7312500,KBS,2026-10-09T04:33:51Z
2023-08-31,MWG,51.32,51.7,50.84,51.13,5206100,KBS,2026-10-09T04:33:51Z
2023-09-05,MWG,51.13,52.74,50.75,51.6,8353500,KBS,2026-10-09T04:33:51Z
2023-09-06,MWG,51.6,52.84,51.13,52.27,5121300,KBS,2026-10-09T04:33:51Z
2023-09-07,MWG,52.46,53.03,51.6,52.27,5993300,KBS,2026-10-09T04:33:51Z
2023-09-08,MWG,51.8,53.7,51.8,52.74,7805800,KBS,2026-10-09T04:33:51Z
2023-09-11,MWG,53.03,53.41,51.13,51.8,8457600,KBS,2026-10-09T04:33:51Z
2023-09-12,MWG,51.8,53.03,51.32,53.03,4794300,KBS,2026-10-09T04:33:51Z
2023-09-13,MWG,53.32,56.36,52.74,54.65,16051000,KBS,2026-10-09T04:33:51Z
2023-09-14,MWG,54.84,55.6,54.27,54.46,8439000,KBS,2026-10-09T04:33:51Z
2023-09-15,MWG,54.65,54.65,52.65,53.13,7838900,KBS,2026-10-09T04:33:51Z
2023-09-18,MWG,52.84,52.84,51.42,52.27,6610200,KBS,2026-10-09T04:33:51Z
2023-09-19,MWG,52.36,52.74,50.37,52.74,8835900,KBS,2026-10-09T04:33:51Z
2023-09-20,MWG,52.36,53.41,51.89,53.03,6834800,KBS,2026-10-09T04:33:51Z
2023-09-21,MWG,53.03,53.03,51.51,51.51,9500900,KBS,2026-10-09T04:33:51Z
2023-09-22,MWG,50.46,50.75,48.75,49.51,11804800,KBS,2026-10-09T04:33:51Z
2023-09-25,MWG,49.04,50.37,47.42,48.47,7693400,KBS,2026-10-09T04:33:51Z
2023-09-26,MWG,48.56,49.13,47.99,48.94,8271400,KBS,2026-10-09T04:33:51Z
2023-09-27,MWG,48.56,49.42,47.71,49.42,4904400,KBS,2026-10-09T04:33:51Z
2023-09-28,MWG,50.28,51.98,49.89,50.37,8909300,KBS,2026-10-09T04:33:51Z
2023-09-29,MWG,51.13,51.13,49.99,49.99,4945900,KBS,2026-10-09T04:33:51Z
2023-10-02,MWG,49.99,50.37,49.23,49.32,4207600,KBS,2026-10-09T04:33:51Z
2023-10-03,MWG,48.94,48.94,45.9,46.57,8976200,KBS,2026-10-09T04:33:51Z
2023-10-04,MWG,45.62,47.52,45.62,46.76,4826800,KBS,2026-10-09T04:33:51Z
2023-10-05,MWG,47.42,47.42,44.67,44.67,6348200,KBS,2026-10-09T04:33:51Z
2023-10-06,MWG,44.57,46.09,44.0,45.9,5188100,KBS,2026-10-09T04:33:51Z
2023-10-09,MWG,45.95,46.47,45.28,45.57,6457800,KBS,2026-10-09T04:33:51Z
2023-10-10,MWG,46.0,47.0,46.0,46.43,4821300,KBS,2026-10-09T04:33:51Z
2023-10-11,MWG,46.57,46.85,46.19,46.85,3478300,KBS,2026-10-09T04:33:51Z
2023-10-12,MWG,46.85,47.04,45.81,46.0,13700700,KBS,2026-10-09T04:33:51Z
2023-10-13,MWG,46.09,47.04,46.04,47.04,9845400,KBS,2026-10-09T04:33:51Z
2023-10-16,MWG,47.04,48.18,46.19,46.19,8502700,KBS,2026-10-09T04:33:51Z
2023-10-17,MWG,46.47,46.47,44.0,44.0,7887900,KBS,2026-10-09T04:33:51Z
2023-10-18,MWG,44.48,44.67,41.48,42.48,11414600,KBS,2026-10-09T04:33:51Z
2023-10-19,MWG,42.01,42.48,40.87,40.87,8072300,KBS,2026-10-09T04:33:51Z
2023-10-20,MWG,40.87,42.77,40.87,42.48,7022500,KBS,2026-10-09T04:33:51Z
2023-10-23,MWG,42.48,42.62,40.49,40.87,8575600,KBS,2026-10-09T04:33:51Z
2023-10-24,MWG,40.96,41.44,39.68,40.87,8218500,KBS,2026-10-09T04:33:51Z
2023-10-25,MWG,40.87,42.01,40.87,41.34,4769400,KBS,2026-10-09T04:33:51Z
2023-10-26,MWG,40.11,40.3,38.49,39.92,15050000,KBS,2026-10-09T04:33:51Z
2023-10-27,MWG,40.2,40.39,39.34,39.92,4691100,KBS,2026-10-09T04:33:51Z
2023-10-30,MWG,39.06,39.68,38.49,38.49,4251000,KBS,2026-10-09T04:33:51Z
2023-10-31,MWG,38.4,38.68,35.83,35.83,13210100,KBS,2026-10-09T04:33:51Z
2023-11-01,MWG,35.16,35.83,33.36,33.36,21092800,KBS,2026-10-09T04:33:51Z
2023-11-02,MWG,34.12,35.54,31.93,35.16,21181700,KBS,2026-10-09T04:33:51Z
2023-11-03,MWG,35.64,37.25,35.16,37.02,12409700,KBS,2026-10-09T04:33:51Z
2023-11-06,MWG,37.06,37.06,35.73,36.16,12639800,KBS,2026-10-09T04:33:51Z
2023-11-07,MWG,36.02,37.49,35.64,36.3,10423200,KBS,2026-10-09T04:33:51Z
2023-11-08,MWG,36.02,37.64,34.88,37.64,19608000,KBS,2026-10-09T04:33:51Z
2023-11-09,MWG,38.49,39.3,37.92,38.3,12143300,KBS,2026-10-09T04:33:51Z
2023-11-10,MWG,37.78,38.3,37.06,37.44,11053600,KBS,2026-10-09T04:33:51Z
2023-11-13,MWG,37.59,38.3,37.11,38.02,9192300,KBS,2026-10-09T04:33:51Z
2023-11-14,MWG,38.97,40.01,38.78,39.44,15235500,KBS,2026-10-09T04:33:51Z
2023-11-15,MWG,40.3,40.39,39.3,39.82,10338300,KBS,2026-10-09T04:33:51Z
2023-11-16,MWG,39.44,39.53,38.68,39.44,10534200,KBS,2026-10-09T04:33:51Z
2023-11-17,MWG,39.44,40.39,38.63,39.34,10996900,KBS,2026-10-09T04:33:51Z
2023-11-20,MWG,38.16,39.58,38.16,38.54,7558500,KBS,2026-10-09T04:33:51Z
2023-11-21,MWG,39.44,39.44,38.58,38.87,5778700,KBS,2026-10-09T04:33:51Z
2023-11-22,MWG,38.78,38.82,37.35,37.83,14503500,KBS,2026-10-09T04:33:51Z
2023-11-23,MWG,38.02,38.3,35.45,35.45,8073600,KBS,2026-10-09T04:33:51Z
2023-11-24,MWG,36.02,36.64,35.31,36.64,11181000,KBS,2026-10-09T04:33:51Z
2023-11-27,MWG,36.59,36.64,36.11,36.11,5269900,KBS,2026-10-09T04:33:51Z
2023-11-28,MWG,36.16,36.26,35.5,36.11,6131600,KBS,2026-10-09T04:33:51Z
2023-11-29,MWG,36.26,37.49,36.26,36.87,8518200,KBS,2026-10-09T04:33:51Z
2023-11-30,MWG,36.92,37.16,36.59,36.59,4030900,KBS,2026-10-09T04:33:51Z
2023-12-01,MWG,36.83,37.06,36.16,36.83,4161100,KBS,2026-10-09T04:33:51Z
2023-12-04,MWG,36.97,38.44,36.87,37.97,10597400,KBS,2026-10-09T04:33:51Z
2023-12-05,MWG,37.97,38.11,37.73,38.02,6197600,KBS,2026-10-09T04:33:51Z
2023-12-06,MWG,38.02,39.01,37.97,38.92,9053800,KBS,2026-10-09T04:33:51Z
2023-12-07,MWG,39.01,39.06,37.54,38.82,10595000,KBS,2026-10-09T04:33:51Z
2023-12-08,MWG,38.78,40.87,38.4,40.49,16804000,KBS,2026-10-09T04:33:51Z
2023-12-11,MWG,40.49,40.53,39.82,40.39,6207500,KBS,2026-10-09T04:33:51Z
2023-12-12,MWG,40.39,40.49,40.01,40.39,5956500,KBS,2026-10-09T04:33:51Z
2023-12-13,MWG,40.68,41.44,39.49,39.63,10863600,KBS,2026-10-09T04:33:51Z
2023-12-14,MWG,40.01,40.2,39.34,39.53,6544400,KBS,2026-10-09T04:33:51Z
2023-12-15,MWG,39.53,39.53,38.49,38.73,9350200,KBS,2026-10-09T04:33:51Z
2023-12-18,MWG,38.92,38.92,37.54,37.64,8699600,KBS,2026-10-09T04:33:51Z
2023-12-19,MWG,37.54,38.87,37.25,38.63,5738900,KBS,2026-10-09T04:33:51Z
2023-12-20,MWG,38.63,40.3,38.49,40.3,12451800,KBS,2026-10-09T04:33:51Z
2023-12-21,MWG,40.11,40.58,39.77,40.53,7205700,KBS,2026-10-09T04:33:51Z
2023-12-22,MWG,40.34,40.53,39.92,40.25,6074600,KBS,2026-10-09T04:33:51Z
2023-12-25,MWG,40.25,41.53,40.25,40.53,8477900,KBS,2026-10-09T04:33:51Z
2023-12-26,MWG,40.44,41.01,40.25,40.58,6768400,KBS,2026-10-09T04:33:51Z
2023-12-27,MWG,40.58,40.91,40.44,40.72,5243000,KBS,2026-10-09T04:33:51Z
2023-12-28,MWG,40.72,41.1,40.68,40.91,6371500,KBS,2026-10-09T04:33:51Z
2023-12-29,MWG,41.06,41.15,40.53,40.68,4181100,KBS,2026-10-09T04:33:51Z
2024-01-02,MWG,40.96,41.15,40.06,40.34,7140400,KBS,2026-10-09T04:33:51Z
2024-01-03,MWG,40.3,41.29,39.92,41.06,6083900,KBS,2026-10-09T04:33:51Z
2024-01-04,MWG,41.06,41.63,40.87,41.06,8516100,KBS,2026-10-09T04:33:51Z
2024-01-05,MWG,41.06,41.91,40.87,41.67,9042100,KBS,2026-10-09T04:33:51Z
2024-01-08,MWG,42.1,42.1,41.06,41.06,6213200,KBS,2026-10-09T04:33:51Z
2024-01-09,MWG,41.01,41.06,40.3,40.58,9017100,KBS,2026-10-09T04:33:51Z
2024-01-10,MWG,40.58,40.77,39.82,40.15,6770700,KBS,2026-10-09T04:33:51Z
2024-01-11,MWG,40.15,41.01,40.11,40.34,4992900,KBS,2026-10-09T04:33:51Z
2024-01-12,MWG,39.77,40.49,39.72,39.82,7139700,KBS,2026-10-09T04:33:51Z
2024-01-15,MWG,40.44,41.15,40.15,40.77,8986100,KBS,2026-10-09T04:33:51Z
2024-01-16,MWG,40.77,42.2,40.68,42.1,17419100,KBS,2026-10-09T04:33:51Z
2024-01-17,MWG,42.1,43.34,42.1,42.67,12486000,KBS,2026-10-09T04:33:51Z
2024-01-18,MWG,42.67,43.57,42.39,43.57,8902000,KBS,2026-10-09T04:33:51Z
2024-01-19,MWG,43.72,44.38,43.05,43.76,10717800,KBS,2026-10-09T04:33:51Z
2024-01-22,MWG,43.81,44.0,42.91,43.86,7235900,KBS,2026-10-09T04:33:51Z
2024-01-23,MWG,43.86,43.86,43.0,43.15,6100600,KBS,2026-10-09T04:33:51Z
2024-01-24,MWG,42.96,43.19,42.15,42.2,9683400,KBS,2026-10-09T04:33:51Z
2024-01-25,MWG,42.05,42.96,41.91,42.96,7530100,KBS,2026-10-09T04:33:51Z
2024-01-26,MWG,42.77,43.24,42.53,42.67,3781900,KBS,2026-10-09T04:33:51Z
2024-01-29,MWG,42.72,42.91,42.29,42.39,4128300,KBS,2026-10-09T04:33:51Z
2024-01-30,MWG,42.39,43.19,42.29,43.15,7138200,KBS,2026-10-09T04:33:51Z
2024-01-31,MWG,43.43,43.62,42.43,42.77,8743600,KBS,2026-10-09T04:33:51Z
2024-02-01,MWG,42.77,44.38,42.77,43.91,11303100,KBS,2026-10-09T04:33:51Z
2024-02-02,MWG,44.19,45.05,43.81,45.05,11946800,KBS,2026-10-09T04:33:51Z
2024-02-05,MWG,45.14,45.24,44.48,45.05,7536900,KBS,2026-10-09T04:33:51Z
2024-02-06,MWG,45.14,45.14,44.48,44.67,5404000,KBS,2026-10-09T04:33:51Z
2024-02-07,MWG,44.62,44.72,44.14,44.29,5707100,KBS,2026-10-09T04:33:51Z
2024-02-15,MWG,44.62,44.67,43.57,43.57,9340100,KBS,2026-10-09T04:33:51Z
2024-02-16,MWG,44.1,44.29,43.53,44.0,5001500,KBS,2026-10-09T04:33:51Z
2024-02-19,MWG,44.19,44.86,43.86,44.48,7504700,KBS,2026-10-09T04:33:51Z
2024-02-20,MWG,44.62,44.62,43.72,44.48,7870400,KBS,2026-10-09T04:33:51Z
2024-02-21,MWG,44.38,44.38,43.72,43.81,6479800,KBS,2026-10-09T04:33:51Z
2024-02-22,MWG,44.0,44.0,42.96,43.05,11202700,KBS,2026-10-09T04:33:51Z
2024-02-23,MWG,43.05,43.29,41.77,41.82,17637600,KBS,2026-10-09T04:33:51Z
2024-02-26,MWG,41.82,42.29,40.91,42.15,13530900,KBS,2026-10-09T04:33:51Z
2024-02-27,MWG,42.48,42.96,42.2,42.53,9636200,KBS,2026-10-09T04:33:51Z
2024-02-28,MWG,42.77,43.57,42.53,43.05,13790900,KBS,2026-10-09T04:33:51Z
2024-02-29,MWG,44.1,44.67,43.72,43.91,13891900,KBS,2026-10-09T04:33:51Z
2024-03-01,MWG,44.24,44.95,43.81,44.29,15362500,KBS,2026-10-09T04:33:51Z
2024-03-04,MWG,44.29,45.57,44.29,45.05,16593900,KBS,2026-10-09T04:33:51Z
2024-03-05,MWG,45.24,47.52,45.14,47.52,22380300,KBS,2026-10-09T04:33:51Z
2024-03-06,MWG,47.52,47.8,45.9,46.28,15082600,KBS,2026-10-09T04:33:51Z
2024-03-07,MWG,46.28,46.81,45.71,46.57,9439900,KBS,2026-10-09T04:33:51Z
2024-03-08,MWG,46.81,46.81,44.67,45.38,20599700,KBS,2026-10-09T04:33:51Z
2024-03-11,MWG,45.14,45.9,43.96,44.1,13804500,KBS,2026-10-09T04:33:51Z
2024-03-12,MWG,43.86,45.52,43.76,44.43,16650100,KBS,2026-10-09T04:33:51Z
2024-03-13,MWG,44.48,46.28,44.48,46.14,8934000,KBS,2026-10-09T04:33:51Z
2024-03-14,MWG,46.38,46.57,44.76,44.9,13304100,KBS,2026-10-09T04:33:51Z
2024-03-15,MWG,44.9,45.33,44.24,45.0,8865700,KBS,2026-10-09T04:33:51Z
2024-03-18,MWG,44.86,45.57,43.38,43.62,12153200,KBS,2026-10-09T04:33:51Z
2024-03-19,MWG,43.72,44.1,43.1,43.24,8063800,KBS,2026-10-09T04:33:51Z
2024-03-20,MWG,43.34,46.24,43.34,45.62,20639900,KBS,2026-10-09T04:33:51Z
2024-03-21,MWG,46.09,46.52,45.62,46.09,9096600,KBS,2026-10-09T04:33:51Z
2024-03-22,MWG,46.28,46.95,45.62,46.66,12080800,KBS,2026-10-09T04:33:51Z
2024-03-25,MWG,46.57,47.8,45.9,45.9,10366400,KBS,2026-10-09T04:33:51Z
2024-03-26,MWG,45.9,46.47,45.43,46.24,7523200,KBS,2026-10-09T04:33:51Z
2024-03-27,MWG,46.38,48.85,46.14,48.18,12737300,KBS,2026-10-09T04:33:51Z
2024-03-28,MWG,48.28,49.61,47.9,48.47,11651700,KBS,2026-10-09T04:33:51Z
2024-03-29,MWG,48.47,49.42,48.28,48.56,11812000,KBS,2026-10-09T04:33:51Z
2024-04-01,MWG,48.28,49.99,48.18,48.85,13699100,KBS,2026-10-09T04:33:51Z
2024-04-02,MWG,48.47,49.04,47.47,49.04,12311500,KBS,2026-10-09T04:33:51Z
2024-04-03,MWG,48.47,48.66,47.42,47.71,14384300,KBS,2026-10-09T04:33:51Z
2024-04-04,MWG,47.52,48.18,46.57,48.18,13048500,KBS,2026-10-09T04:33:51Z
2024-04-05,MWG,47.52,48.94,47.0,48.47,8145300,KBS,2026-10-09T04:33:51Z
2024-04-08,MWG,48.47,48.47,47.33,47.52,6085000,KBS,2026-10-09T04:33:51Z
2024-04-09,MWG,47.52,50.46,47.33,50.18,19487100,KBS,2026-10-09T04:33:51Z
2024-04-10,MWG,50.28,50.56,49.13,49.42,10159900,KBS,2026-10-09T04:33:51Z
2024-04-11,MWG,48.66,50.18,48.66,49.7,6968900,KBS,2026-10-09T04:33:51Z
2024-04-12,MWG,49.7,49.99,49.04,49.42,6665600,KBS,2026-10-09T04:33:51Z
2024-04-15,MWG,49.13,49.42,47.04,47.42,16505200,KBS,2026-10-09T04:33:51Z
2024-04-16,MWG,47.04,47.52,46.28,47.42,11616300,KBS,2026-10-09T04:33:51Z
2024-04-17,MWG,47.9,47.9,46.52,46.95,6951200,KBS,2026-10-09T04:33:51Z
2024-04-19,MWG,46.81,46.85,45.66,45.81,9473100,KBS,2026-10-09T04:33:51Z
2024-04-22,MWG,46.76,46.95,45.76,46.19,12292300,KBS,2026-10-09T04:33:51Z
2024-04-23,MWG,46.66,47.8,46.24,47.33,18043000,KBS,2026-10-09T04:33:51Z
2024-04-24,MWG,47.71,49.7,47.38,49.7,11530800,KBS,2026-10-09T04:33:51Z
2024-04-25,MWG,49.51,51.13,48.85,51.13,19317400,KBS,2026-10-09T04:33:51Z
2024-04-26,MWG,50.84,52.27,50.37,52.18,11864700,KBS,2026-10-09T04:33:51Z
2024-05-02,MWG,53.22,53.98,51.98,52.84,21954900,KBS,2026-10-09T04:33:51Z
2024-05-03,MWG,52.94,54.36,52.27,52.94,29616700,KBS,2026-10-09T04:33:51Z
2024-05-06,MWG,53.32,55.88,53.03,55.41,11257200,KBS,2026-10-09T04:33:51Z
2024-05-07,MWG,55.88,56.55,54.65,56.36,9460000,KBS,2026-10-09T04:33:51Z
2024-05-08,MWG,55.69,56.36,55.31,56.17,8126500,KBS,2026-10-09T04:33:51Z
2024-05-09,MWG,56.07,56.26,55.5,55.98,10475400,KBS,2026-10-09T04:33:51Z
2024-05-10,MWG,55.88,56.07,54.55,55.98,9750700,KBS,2026-10-09T04:33:51Z
2024-05-13,MWG,55.98,55.98,55.12,55.41,7241900,KBS,2026-10-09T04:33:51Z
2024-05-14,MWG,55.6,57.97,55.12,57.12,16222000,KBS,2026-10-09T04:33:51Z
2024-05-15,MWG,57.59,59.02,57.02,57.78,13069600,KBS,2026-10-09T04:33:51Z
2024-05-16,MWG,57.88,58.07,56.74,56.93,12942100,KBS,2026-10-09T04:33:51Z
2024-05-17,MWG,56.83,57.31,56.07,56.64,8962800,KBS,2026-10-09T04:33:51Z
2024-05-20,MWG,57.02,58.54,56.55,57.02,9202200,KBS,2026-10-09T04:33:51Z
2024-05-21,MWG,57.59,58.26,57.02,57.5,4730800,KBS,2026-10-09T04:33:51Z
2024-05-22,MWG,57.59,58.54,56.64,57.97,8945300,KBS,2026-10-09T04:33:51Z
2024-05-23,MWG,57.69,58.92,57.02,58.92,8859900,KBS,2026-10-09T04:33:51Z
2024-05-24,MWG,58.16,58.64,55.98,57.5,13646200,KBS,2026-10-09T04:33:51Z
2024-05-27,MWG,57.12,57.5,56.26,57.02,6367800,KBS,2026-10-09T04:33:51Z
2024-05-28,MWG,57.4,59.68,57.12,58.45,9931000,KBS,2026-10-09T04:33:51Z
2024-05-29,MWG,58.54,58.92,57.5,57.5,6883200,KBS,2026-10-09T04:33:51Z
2024-05-30,MWG,56.93,59.68,56.26,59.68,14761100,KBS,2026-10-09T04:33:51Z
2024-05-31,MWG,59.68,61.2,59.3,60.44,10260200,KBS,2026-10-09T04:33:51Z
2024-06-03,MWG,60.73,60.92,60.06,60.82,8257800,KBS,2026-10-09T04:33:51Z
2024-06-04,MWG,60.82,61.01,59.97,60.63,6569500,KBS,2026-10-09T04:33:51Z
2024-06-05,MWG,59.87,60.16,58.54,58.92,13778200,KBS,2026-10-09T04:33:51Z
2024-06-06,MWG,58.92,59.4,58.54,58.83,7071800,KBS,2026-10-09T04:33:51Z
2024-06-07,MWG,59.21,59.68,58.73,59.02,4298200,KBS,2026-10-09T04:33:51Z
2024-06-10,MWG,59.11,60.16,58.92,59.87,4849000,KBS,2026-10-09T04:33:51Z
2024-06-11,MWG,60.16,60.25,58.73,59.21,6438600,KBS,2026-10-09T04:33:51Z
2024-06-12,MWG,59.49,60.73,58.92,60.25,5024800,KBS,2026-10-09T04:33:51Z
2024-06-13,MWG,60.54,61.2,59.97,60.82,7862300,KBS,2026-10-09T04:33:51Z
2024-06-14,MWG,60.82,61.01,59.87,59.87,8119800,KBS,2026-10-09T04:33:51Z
2024-06-17,MWG,59.68,59.68,57.97,58.92,9503600,KBS,2026-10-09T04:33:51Z
2024-06-18,MWG,59.02,59.4,58.07,59.11,7174700,KBS,2026-10-09T04:33:51Z
2024-06-19,MWG,58.83,60.54,58.54,60.16,7686100,KBS,2026-10-09T04:33:51Z
2024-06-20,MWG,60.06,60.35,59.4,60.35,5638200,KBS,2026-10-09T04:33:51Z
2024-06-21,MWG,59.87,61.49,59.3,60.35,7135200,KBS,2026-10-09T04:33:51Z
2024-06-24,MWG,60.35,60.35,58.45,58.92,11379200,KBS,2026-10-09T04:33:51Z
2024-06-25,MWG,58.92,59.59,58.54,58.92,6381000,KBS,2026-10-09T04:33:51Z
2024-06-26,MWG,59.4,60.06,58.26,59.49,8185600,KBS,2026-10-09T04:33:51Z
2024-06-27,MWG,58.92,60.44,58.92,60.25,8297600,KBS,2026-10-09T04:33:51Z
2024-06-28,MWG,60.44,60.44,59.01,59.77,6187200,KBS,2026-10-09T04:33:51Z
2024-07-01,MWG,59.97,63.03,59.39,63.03,21785800,KBS,2026-10-09T04:33:51Z
2024-07-02,MWG,63.03,63.22,61.98,63.22,9245500,KBS,2026-10-09T04:33:51Z
2024-07-03,MWG,63.13,63.61,62.36,62.74,7436000,KBS,2026-10-09T04:33:51Z
2024-07-04,MWG,62.94,63.51,62.17,62.36,5861500,KBS,2026-10-09T04:33:51Z
2024-07-05,MWG,62.46,63.03,62.26,62.84,7939400,KBS,2026-10-09T04:33:51Z
2024-07-08,MWG,62.84,64.56,62.84,64.18,10448700,KBS,2026-10-09T04:33:51Z
2024-07-09,MWG,64.37,64.37,63.51,63.99,7977800,KBS,2026-10-09T04:33:51Z
2024-07-10,MWG,63.89,63.99,62.46,62.46,10907100,KBS,2026-10-09T04:33:51Z
2024-07-11,MWG,62.65,62.94,61.88,62.07,8302000,KBS,2026-10-09T04:33:51Z
2024-07-12,MWG,62.07,62.65,61.4,62.07,8736600,KBS,2026-10-09T04:33:51Z
2024-07-15,MWG,62.17,62.26,61.4,61.59,3694800,KBS,2026-10-09T04:33:51Z
2024-07-16,MWG,61.88,62.55,61.4,61.4,7680700,KBS,2026-10-09T04:33:51Z
2024-07-17,MWG,61.98,61.98,59.58,60.83,16982000,KBS,2026-10-09T04:33:51Z
2024-07-18,MWG,60.83,62.26,60.73,62.26,7938100,KBS,2026-10-09T04:33:51Z
2024-07-19,MWG,62.26,63.51,61.98,62.84,12007200,KBS,2026-10-09T04:33:51Z
2024-07-22,MWG,62.46,62.65,61.12,62.55,5883400,KBS,2026-10-09T04:33:51Z
2024-07-23,MWG,62.26,62.26,59.39,59.87,9198000,KBS,2026-10-09T04:33:51Z
2024-07-24,MWG,59.01,59.39,56.13,58.82,15062500,KBS,2026-10-09T04:33:51Z
2024-07-25,MWG,57.48,58.43,57.19,58.43,4903300,KBS,2026-10-09T04:33:51Z
2024-07-26,MWG,57.95,58.43,57.86,58.43,4384000,KBS,2026-10-09T04:33:51Z
2024-07-29,MWG,58.82,59.77,58.53,59.39,5340200,KBS,2026-10-09T04:33:51Z
2024-07-30,MWG,59.39,60.54,59.3,60.35,5470300,KBS,2026-10-09T04:33:51Z
2024-07-31,MWG,61.21,61.79,60.83,61.12,10333100,KBS,2026-10-09T04:33:51Z
2024-08-01,MWG,61.12,61.12,58.91,59.49,10605900,KBS,2026-10-09T04:33:51Z
2024-08-02,MWG,58.43,60.25,58.15,60.25,7605200,KBS,2026-10-09T04:33:51Z
2024-08-05,MWG,58.91,59.68,57.76,59.01,11577700,KBS,2026-10-09T04:33:51Z
2024-08-06,MWG,59.2,59.68,58.05,59.68,6419700,KBS,2026-10-09T04:33:51Z
2024-08-07,MWG,59.68,59.87,58.91,59.68,4794900,KBS,2026-10-09T04:33:51Z
2024-08-08,MWG,59.39,60.25,59.3,59.77,5791600,KBS,2026-10-09T04:33:51Z
2024-08-09,MWG,60.06,63.03,59.87,62.84,17518100,KBS,2026-10-09T04:33:51Z
2024-08-12,MWG,63.13,63.99,62.84,63.8,11011200,KBS,2026-10-09T04:33:51Z
2024-08-13,MWG,63.99,64.37,62.74,63.89,9391000,KBS,2026-10-09T04:33:51Z
2024-08-14,MWG,63.99,64.18,63.03,63.8,6293000,KBS,2026-10-09T04:33:51Z
2024-08-15,MWG,63.51,63.61,62.55,63.13,7146900,KBS,2026-10-09T04:33:51Z
2024-08-16,MWG,63.22,66.58,63.13,66.1,18518500,KBS,2026-10-09T04:33:51Z
2024-08-19,MWG,66.1,66.77,65.71,66.1,6418900,KBS,2026-10-09T04:33:51Z
2024-08-20,MWG,66.1,66.58,65.43,66.58,8137200,KBS,2026-10-09T04:33:51Z
2024-08-21,MWG,66.48,67.25,66.0,66.86,8947700,KBS,2026-10-09T04:33:51Z
2024-08-22,MWG,66.77,67.25,66.19,67.06,5281400,KBS,2026-10-09T04:33:51Z
2024-08-23,MWG,67.06,67.25,66.38,67.06,4425700,KBS,2026-10-09T04:33:51Z
2024-08-26,MWG,67.06,67.82,66.67,66.86,5961000,KBS,2026-10-09T04:33:51Z
2024-08-27,MWG,66.48,66.86,64.95,66.86,14475100,KBS,2026-10-09T04:33:51Z
2024-08-28,MWG,66.77,66.77,65.81,66.48,6602000,KBS,2026-10-09T04:33:51Z
2024-08-29,MWG,66.0,66.48,65.71,66.19,4226000,KBS,2026-10-09T04:33:51Z
2024-08-30,MWG,66.19,66.86,65.81,66.86,5295100,KBS,2026-10-09T04:33:51Z
2024-09-04,MWG,65.81,66.77,65.33,66.19,4462400,KBS,2026-10-09T04:33:51Z
2024-09-05,MWG,65.9,66.0,64.76,65.04,8478300,KBS,2026-10-09T04:33:51Z
2024-09-06,MWG,64.76,65.14,63.99,65.14,8345500,KBS,2026-10-09T04:33:51Z
2024-09-09,MWG,64.85,65.14,64.37,64.66,3677000,KBS,2026-10-09T04:33:51Z
2024-09-10,MWG,64.66,65.81,64.66,64.95,6456200,KBS,2026-10-09T04:33:51Z
2024-09-11,MWG,64.95,65.04,64.28,64.95,6804000,KBS,2026-10-09T04:33:51Z
2024-09-12,MWG,65.14,65.14,64.37,64.66,3872500,KBS,2026-10-09T04:33:51Z
2024-09-13,MWG,64.37,64.66,63.7,64.37,7126500,KBS,2026-10-09T04:33:51Z
2024-09-16,MWG,64.08,64.18,63.22,63.32,5295500,KBS,2026-10-09T04:33:51Z
2024-09-17,MWG,63.42,63.99,62.74,63.99,8761200,KBS,2026-10-09T04:33:51Z
2024-09-18,MWG,64.08,65.71,63.99,65.33,10676700,KBS,2026-10-09T04:33:51Z
2024-09-19,MWG,65.62,65.62,64.85,65.33,5280600,KBS,2026-10-09T04:33:51Z
2024-09-20,MWG,65.71,65.81,65.14,65.14,5016600,KBS,2026-10-09T04:33:51Z
2024-09-23,MWG,65.14,65.14,63.99,64.47,5047700,KBS,2026-10-09T04:33:51Z
2024-09-24,MWG,64.66,65.9,64.66,65.24,6640500,KBS,2026-10-09T04:33:51Z
2024-09-25,MWG,65.62,65.81,65.14,65.81,5446300,KBS,2026-10-09T04:33:51Z
2024-09-26,MWG,65.9,66.58,65.43,65.43,7182600,KBS,2026-10-09T04:33:51Z
2024-09-27,MWG,65.71,65.71,63.99,64.66,13131500,KBS,2026-10-09T04:33:51Z
2024-09-30,MWG,64.66,65.24,64.08,65.24,5927100,KBS,2026-10-09T04:33:51Z
2024-10-01,MWG,65.43,65.81,64.95,64.95,9995700,KBS,2026-10-09T04:33:51Z
2024-10-02,MWG,64.66,65.04,64.18,64.56,7157400,KBS,2026-10-09T04:33:51Z
2024-10-03,MWG,64.56,64.56,63.03,63.51,14743000,KBS,2026-10-09T04:33:51Z
2024-10-04,MWG,63.7,63.99,63.42,63.61,5272300,KBS,2026-10-09T04:33:51Z
2024-10-07,MWG,63.89,64.28,63.13,63.51,5548200,KBS,2026-10-09T04:33:51Z
2024-10-08,MWG,63.89,63.89,62.26,62.46,11008100,KBS,2026-10-09T04:33:51Z
2024-10-09,MWG,62.26,62.55,60.92,61.5,20847000,KBS,2026-10-09T04:33:51Z
2024-10-10,MWG,61.79,62.65,61.4,62.26,8668600,KBS,2026-10-09T04:33:51Z
2024-10-11,MWG,62.26,62.55,60.83,61.79,10009100,KBS,2026-10-09T04:33:51Z
2024-10-14,MWG,62.17,62.26,60.92,60.92,8405400,KBS,2026-10-09T04:33:51Z
2024-10-15,MWG,61.21,62.07,61.02,61.69,12469800,KBS,2026-10-09T04:33:51Z
2024-10-16,MWG,61.69,62.94,61.59,62.74,13710200,KBS,2026-10-09T04:33:51Z
2024-10-17,MWG,63.03,63.03,62.46,63.03,6628300,KBS,2026-10-09T04:33:51Z
2024-10-18,MWG,63.13,63.32,62.46,62.94,6162200,KBS,2026-10-09T04:33:51Z
2024-10-21,MWG,62.55,63.22,62.17,63.03,4333000,KBS,2026-10-09T04:33:51Z
2024-10-22,MWG,63.51,63.99,62.74,63.51,9781100,KBS,2026-10-09T04:33:51Z
2024-10-23,MWG,63.32,63.51,62.36,62.94,6100300,KBS,2026-10-09T04:33:51Z
2024-10-24,MWG,62.65,63.22,62.17,62.65,4641700,KBS,2026-10-09T04:33:51Z
2024-10-25,MWG,62.65,63.22,62.26,62.74,4951300,KBS,2026-10-09T04:33:51Z
2024-10-28,MWG,62.74,62.84,62.17,62.74,3958700,KBS,2026-10-09T04:33:51Z
2024-10-29,MWG,62.84,63.7,62.65,63.7,9538500,KBS,2026-10-09T04:33:51Z
2024-10-30,MWG,63.7,63.7,62.94,63.22,8927400,KBS,2026-10-09T04:33:51Z
2024-10-31,MWG,63.22,63.7,62.84,63.7,6146200,KBS,2026-10-09T04:33:51Z
2024-11-01,MWG,63.13,63.32,62.74,63.22,21332900,KBS,2026-10-09T04:33:51Z
2024-11-04,MWG,63.13,63.13,61.98,62.36,9363400,KBS,2026-10-09T04:33:51Z
2024-11-05,MWG,62.17,62.84,62.07,62.84,5272300,KBS,2026-10-09T04:33:51Z
2024-11-06,MWG,62.94,62.94,62.26,62.84,5415900,KBS,2026-10-09T04:33:51Z
2024-11-07,MWG,63.03,63.03,62.07,62.65,5244200,KBS,2026-10-09T04:33:51Z
2024-11-08,MWG,62.65,62.65,61.79,62.26,4698600,KBS,2026-10-09T04:33:51Z
2024-11-11,MWG,61.79,62.26,60.25,60.35,9390500,KBS,2026-10-09T04:33:51Z
2024-11-12,MWG,60.44,60.54,58.24,58.24,10600700,KBS,2026-10-09T04:33:51Z
2024-11-13,MWG,58.24,59.68,57.76,59.3,7232500,KBS,2026-10-09T04:33:51Z
2024-11-14,MWG,58.91,59.01,58.15,58.72,4481400,KBS,2026-10-09T04:33:51Z
2024-11-15,MWG,58.24,58.53,57.28,57.38,6648600,KBS,2026-10-09T04:33:51Z
2024-11-18,MWG,57.38,57.38,54.7,56.42,12080100,KBS,2026-10-09T04:33:51Z
2024-11-19,MWG,56.52,56.52,55.08,55.08,5338500,KBS,2026-10-09T04:33:51Z
2024-11-20,MWG,54.79,55.66,53.64,54.41,9752900,KBS,2026-10-09T04:33:51Z
2024-11-21,MWG,54.6,56.42,54.12,56.23,8166800,KBS,2026-10-09T04:33:51Z
2024-11-22,MWG,56.23,56.9,55.94,56.52,5804700,KBS,2026-10-09T04:33:51Z
2024-11-25,MWG,56.33,56.8,56.13,56.52,4568500,KBS,2026-10-09T04:33:51Z
2024-11-26,MWG,56.8,57.57,56.52,57.48,4370400,KBS,2026-10-09T04:33:51Z
2024-11-27,MWG,57.38,58.34,57.0,57.67,4937400,KBS,2026-10-09T04:33:51Z
2024-11-28,MWG,57.76,58.05,57.19,57.48,3774500,KBS,2026-10-09T04:33:51Z
2024-11-29,MWG,57.48,57.95,56.42,57.95,5587400,KBS,2026-10-09T04:33:51Z
2024-12-02,MWG,58.15,58.15,57.38,57.86,2789900,KBS,2026-10-09T04:33:51Z
2024-12-03,MWG,57.57,57.76,57.09,57.28,4019600,KBS,2026-10-09T04:33:51Z
2024-12-04,MWG,56.9,57.28,55.56,55.66,8857200,KBS,2026-10-09T04:33:51Z
2024-12-05,MWG,55.94,58.62,55.66,58.43,8615300,KBS,2026-10-09T04:33:51Z
2024-12-06,MWG,58.24,59.3,57.95,58.53,7825300,KBS,2026-10-09T04:33:51Z
2024-12-09,MWG,59.01,59.01,58.24,58.53,4410300,KBS,2026-10-09T04:33:51Z
2024-12-10,MWG,58.53,58.62,57.95,58.24,4226800,KBS,2026-10-09T04:33:51Z
2024-12-11,MWG,58.15,58.24,57.38,57.48,4821400,KBS,2026-10-09T04:33:51Z
2024-12-12,MWG,57.76,57.95,57.38,57.48,3772900,KBS,2026-10-09T04:33:51Z
2024-12-13,MWG,57.28,58.72,57.09,58.43,5596800,KBS,2026-10-09T04:33:51Z
2024-12-16,MWG,58.43,58.82,57.67,58.43,3621300,KBS,2026-10-09T04:33:51Z
2024-12-17,MWG,58.43,58.43,57.67,57.76,3676200,KBS,2026-10-09T04:33:51Z
2024-12-18,MWG,57.67,57.95,57.38,57.67,4076200,KBS,2026-10-09T04:33:51Z
2024-12-19,MWG,57.28,57.38,56.9,57.28,7103100,KBS,2026-10-09T04:33:51Z
2024-12-20,MWG,57.48,58.24,57.09,58.05,3751400,KBS,2026-10-09T04:33:51Z
2024-12-23,MWG,58.05,58.53,57.95,58.43,5538600,KBS,2026-10-09T04:33:51Z
2024-12-24,MWG,58.62,58.72,58.15,58.72,3062600,KBS,2026-10-09T04:33:51Z
2024-12-25,MWG,58.72,59.68,58.72,59.58,6300500,KBS,2026-10-09T04:33:51Z
2024-12-26,MWG,59.77,59.77,57.95,58.91,6554700,KBS,2026-10-09T04:33:51Z
2024-12-27,MWG,58.05,59.01,57.86,58.82,6947200,KBS,2026-10-09T04:33:51Z
2024-12-30,MWG,57.95,58.62,57.95,58.43,4178100,KBS,2026-10-09T04:33:51Z
2024-12-31,MWG,58.34,58.43,57.95,58.43,4520300,KBS,2026-10-09T04:33:51Z
2025-01-02,MWG,58.34,58.62,57.76,58.05,3969400,KBS,2026-10-09T04:33:51Z
2025-01-03,MWG,58.05,58.15,56.13,56.13,6604400,KBS,2026-10-09T04:33:51Z
2025-01-06,MWG,55.94,56.8,54.6,54.6,5409900,KBS,2026-10-09T04:33:51Z
2025-01-07,MWG,54.89,55.37,54.03,54.7,5532900,KBS,2026-10-09T04:33:51Z
2025-01-08,MWG,54.7,55.66,54.12,55.66,3068200,KBS,2026-10-09T04:33:51Z
2025-01-09,MWG,55.56,55.56,55.08,55.27,1738300,KBS,2026-10-09T04:33:51Z
2025-01-10,MWG,55.08,55.56,54.51,55.08,3594100,KBS,2026-10-09T04:33:51Z
2025-01-13,MWG,54.22,55.27,54.12,54.89,3791900,KBS,2026-10-09T04:33:51Z
2025-01-14,MWG,54.89,55.08,54.22,54.79,2917600,KBS,2026-10-09T04:33:51Z
2025-01-15,MWG,54.98,55.46,54.41,54.89,3242300,KBS,2026-10-09T04:33:51Z
2025-01-16,MWG,54.79,55.56,54.6,55.37,3794300,KBS,2026-10-09T04:33:51Z
2025-01-17,MWG,54.89,55.37,54.79,55.27,2697800,KBS,2026-10-09T04:33:51Z
2025-01-20,MWG,55.27,55.46,54.89,55.08,2216200,KBS,2026-10-09T04:33:51Z
2025-01-21,MWG,55.27,55.75,54.79,55.27,3419600,KBS,2026-10-09T04:33:51Z
2025-01-22,MWG,55.46,55.56,54.98,54.98,3103000,KBS,2026-10-09T04:33:51Z
2025-01-23,MWG,54.89,57.0,54.89,56.71,5657500,KBS,2026-10-09T04:33:51Z
2025-01-24,MWG,56.71,57.57,56.13,57.57,6757300,KBS,2026-10-09T04:33:51Z
2025-02-03,MWG,56.52,57.09,56.04,57.09,5157500,KBS,2026-10-09T04:33:51Z
2025-02-04,MWG,57.38,57.38,56.52,57.09,3638100,KBS,2026-10-09T04:33:51Z
2025-02-05,MWG,57.09,57.28,56.61,56.9,2780100,KBS,2026-10-09T04:33:51Z
2025-02-06,MWG,57.0,57.09,56.23,56.61,4148800,KBS,2026-10-09T04:33:51Z
2025-02-07,MWG,56.42,56.52,55.37,56.42,6955900,KBS,2026-10-09T04:33:51Z
2025-02-10,MWG,55.85,55.85,54.98,54.98,5927400,KBS,2026-10-09T04:33:51Z
2025-02-11,MWG,54.98,54.98,54.03,54.03,5986000,KBS,2026-10-09T04:33:51Z
2025-02-12,MWG,54.41,54.89,54.03,54.03,4848400,KBS,2026-10-09T04:33:51Z
2025-02-13,MWG,53.64,53.64,52.49,52.49,11353700,KBS,2026-10-09T04:33:51Z
2025-02-14,MWG,52.78,52.97,51.54,52.88,11169000,KBS,2026-10-09T04:33:51Z
2025-02-17,MWG,52.88,52.88,51.82,51.82,5933200,KBS,2026-10-09T04:33:51Z
2025-02-18,MWG,51.73,52.69,51.54,52.21,4497600,KBS,2026-10-09T04:33:51Z
2025-02-19,MWG,52.4,53.74,52.11,53.45,7547500,KBS,2026-10-09T04:33:51Z
2025-02-20,MWG,53.55,54.31,53.36,54.31,6194500,KBS,2026-10-09T04:33:51Z
2025-02-21,MWG,54.41,55.85,54.22,55.66,10123600,KBS,2026-10-09T04:33:51Z
2025-02-24,MWG,55.66,56.04,54.89,55.94,6243200,KBS,2026-10-09T04:33:51Z
2025-02-25,MWG,55.66,55.94,54.98,55.85,7929200,KBS,2026-10-09T04:33:51Z
2025-02-26,MWG,55.85,56.61,55.37,56.23,4977600,KBS,2026-10-09T04:33:51Z
2025-02-27,MWG,56.23,56.33,55.75,56.13,3222900,KBS,2026-10-09T04:33:51Z
2025-02-28,MWG,55.56,56.23,55.37,55.85,5283200,KBS,2026-10-09T04:33:51Z
2025-03-03,MWG,55.75,56.61,55.37,56.33,5938000,KBS,2026-10-09T04:33:51Z
2025-03-04,MWG,56.23,57.38,55.94,57.0,6414100,KBS,2026-10-09T04:33:51Z
2025-03-05,MWG,57.28,57.67,56.8,57.09,7188800,KBS,2026-10-09T04:33:51Z
2025-03-06,MWG,57.28,59.3,57.09,59.3,13451900,KBS,2026-10-09T04:33:51Z
2025-03-07,MWG,59.2,59.39,58.72,59.3,5404100,KBS,2026-10-09T04:33:51Z
2025-03-10,MWG,59.39,59.68,58.82,59.58,8125200,KBS,2026-10-09T04:33:51Z
2025-03-11,MWG,58.82,60.54,58.82,60.35,9576900,KBS,2026-10-09T04:33:51Z
2025-03-12,MWG,60.35,60.35,59.3,60.06,8817600,KBS,2026-10-09T04:33:51Z
2025-03-13,MWG,60.06,60.16,58.62,58.91,7327800,KBS,2026-10-09T04:33:51Z
2025-03-14,MWG,58.91,59.68,58.62,58.91,8759800,KBS,2026-10-09T04:33:51Z
2025-03-17,MWG,59.1,59.39,58.82,59.39,3541900,KBS,2026-10-09T04:33:51Z
2025-03-18,MWG,59.58,59.87,58.82,59.2,5349100,KBS,2026-10-09T04:33:51Z
2025-03-19,MWG,58.62,58.82,56.52,57.0,13416400,KBS,2026-10-09T04:33:51Z
2025-03-20,MWG,57.28,57.48,56.52,57.48,4063500,KBS,2026-10-09T04:33:51Z
2025-03-21,MWG,57.48,57.76,56.9,57.76,3129500,KBS,2026-10-09T04:33:51Z
2025-03-24,MWG,57.28,57.76,57.0,57.76,2855200,KBS,2026-10-09T04:33:51Z
2025-03-25,MWG,57.86,58.72,57.38,57.95,5513700,KBS,2026-10-09T04:33:51Z
2025-03-26,MWG,58.05,58.62,57.95,58.24,2416100,KBS,2026-10-09T04:33:51Z
2025-03-27,MWG,58.24,58.24,57.48,57.86,3190000,KBS,2026-10-09T04:33:51Z
2025-03-28,MWG,57.57,58.15,56.42,57.28,7228900,KBS,2026-10-09T04:33:51Z
2025-03-31,MWG,56.52,56.71,55.66,56.52,6534800,KBS,2026-10-09T04:33:51Z
2025-04-01,MWG,56.13,56.42,55.27,56.13,5640900,KBS,2026-10-09T04:33:51Z
2025-04-02,MWG,56.13,57.19,55.56,56.33,7441200,KBS,2026-10-09T04:33:51Z
2025-04-03,MWG,52.78,53.93,52.4,52.4,14956500,KBS,2026-10-09T04:33:51Z
2025-04-04,MWG,48.76,51.25,48.76,50.58,28985900,KBS,2026-10-09T04:33:51Z
2025-04-08,MWG,47.13,47.9,47.08,47.08,11930200,KBS,2026-10-09T04:33:51Z
2025-04-09,MWG,43.82,47.13,43.82,44.3,20206600,KBS,2026-10-09T04:33:51Z
2025-04-10,MWG,47.37,47.37,47.37,47.37,411300,KBS,2026-10-09T04:33:51Z
2025-04-11,MWG,48.85,50.67,48.47,50.67,12779000,KBS,2026-10-09T04:33:51Z
2025-04-14,MWG,52.69,54.22,52.02,54.22,15361600,KBS,2026-10-09T04:33:51Z
2025-04-15,MWG,53.64,55.18,52.78,54.7,12059800,KBS,2026-10-09T04:33:51Z
2025-04-16,MWG,54.22,55.27,53.26,54.41,9252400,KBS,2026-10-09T04:33:51Z
2025-04-17,MWG,53.55,54.41,53.26,54.41,5398300,KBS,2026-10-09T04:33:51Z
2025-04-18,MWG,54.51,55.18,53.84,53.84,6353500,KBS,2026-10-09T04:33:51Z
2025-04-21,MWG,53.93,54.22,52.97,53.26,4632900,KBS,2026-10-09T04:33:51Z
2025-04-22,MWG,53.07,54.89,49.81,54.89,16304400,KBS,2026-10-09T04:33:51Z
2025-04-23,MWG,56.04,56.8,55.75,56.33,8393400,KBS,2026-10-09T04:33:51Z
2025-04-24,MWG,56.33,57.38,55.94,57.19,7681300,KBS,2026-10-09T04:33:51Z
2025-04-25,MWG,57.0,57.95,56.9,57.95,10315100,KBS,2026-10-09T04:33:51Z
2025-04-28,MWG,58.34,59.39,57.09,58.34,7707900,KBS,2026-10-09T04:33:51Z
2025-04-29,MWG,58.24,58.53,57.95,58.24,5701400,KBS,2026-10-09T04:33:51Z
2025-05-05,MWG,58.24,58.82,57.48,58.43,5099700,KBS,2026-10-09T04:33:51Z
2025-05-06,MWG,58.43,58.62,57.57,57.95,4110300,KBS,2026-10-09T04:33:51Z
2025-05-07,MWG,57.38,57.95,56.61,57.57,7742800,KBS,2026-10-09T04:33:51Z
2025-05-08,MWG,57.57,57.76,56.42,57.76,9463100,KBS,2026-10-09T04:33:51Z
2025-05-09,MWG,57.76,58.43,57.57,57.86,4780000,KBS,2026-10-09T04:33:51Z
2025-05-12,MWG,58.15,58.34,57.57,58.24,6434100,KBS,2026-10-09T04:33:51Z
2025-05-13,MWG,58.62,61.02,58.43,60.83,17084400,KBS,2026-10-09T04:33:51Z
2025-05-14,MWG,61.12,61.59,60.92,61.31,9926500,KBS,2026-10-09T04:33:51Z
2025-05-15,MWG,61.31,61.88,60.35,61.59,9777600,KBS,2026-10-09T04:33:51Z
2025-05-16,MWG,61.12,61.79,60.83,61.12,5354600,KBS,2026-10-09T04:33:51Z
2025-05-19,MWG,60.83,61.69,60.44,61.02,6532900,KBS,2026-10-09T04:33:51Z
2025-05-20,MWG,60.83,62.46,60.64,61.98,11898400,KBS,2026-10-09T04:33:51Z
2025-05-21,MWG,62.17,62.17,60.92,61.59,6780600,KBS,2026-10-09T04:33:51Z
2025-05-22,MWG,61.21,62.07,60.92,61.59,8712800,KBS,2026-10-09T04:33:51Z
2025-05-23,MWG,61.5,61.59,60.64,61.5,7274000,KBS,2026-10-09T04:33:51Z
2025-05-26,MWG,61.5,62.26,59.77,61.79,7017400,KBS,2026-10-09T04:33:51Z
2025-05-27,MWG,62.07,62.17,60.83,61.59,8162000,KBS,2026-10-09T04:33:51Z
2025-05-28,MWG,61.59,62.74,61.31,61.69,10272900,KBS,2026-10-09T04:33:51Z
2025-05-29,MWG,61.79,61.88,60.73,61.59,7333000,KBS,2026-10-09T04:33:51Z
2025-05-30,MWG,61.12,61.21,59.49,59.49,12817900,KBS,2026-10-09T04:33:51Z
2025-06-02,MWG,59.39,59.39,57.48,58.43,14330200,KBS,2026-10-09T04:33:51Z
2025-06-03,MWG,58.43,60.16,58.43,59.77,6563500,KBS,2026-10-09T04:33:51Z
2025-06-04,MWG,60.16,60.16,58.53,58.72,6679500,KBS,2026-10-09T04:33:51Z
2025-06-05,MWG,58.43,59.58,58.43,59.1,5366600,KBS,2026-10-09T04:33:51Z
2025-06-06,MWG,58.62,58.72,57.86,57.95,6292000,KBS,2026-10-09T04:33:51Z
2025-06-09,MWG,57.95,58.15,57.38,57.95,7249100,KBS,2026-10-09T04:33:51Z
2025-06-10,MWG,58.43,60.25,58.05,58.91,10555000,KBS,2026-10-09T04:33:51Z
2025-06-11,MWG,58.91,59.58,58.91,59.3,4240600,KBS,2026-10-09T04:33:51Z
2025-06-12,MWG,59.87,60.83,59.49,60.83,10592900,KBS,2026-10-09T04:33:51Z
2025-06-13,MWG,60.06,60.73,59.2,60.54,8830700,KBS,2026-10-09T04:33:51Z
2025-06-16,MWG,60.35,61.59,59.97,61.59,8355900,KBS,2026-10-09T04:33:51Z
2025-06-17,MWG,61.69,61.79,61.12,61.69,5183800,KBS,2026-10-09T04:33:51Z
2025-06-18,MWG,61.59,62.55,60.92,61.02,7677600,KBS,2026-10-09T04:33:51Z
2025-06-19,MWG,60.92,61.59,60.44,61.31,7897700,KBS,2026-10-09T04:33:51Z
2025-06-20,MWG,61.31,61.88,61.02,61.4,4814200,KBS,2026-10-09T04:33:51Z
2025-06-23,MWG,61.21,62.26,60.54,62.26,7778400,KBS,2026-10-09T04:33:51Z
2025-06-24,MWG,63.03,63.13,62.17,62.17,8021100,KBS,2026-10-09T04:33:51Z
2025-06-25,MWG,62.07,62.46,61.79,62.26,6367900,KBS,2026-10-09T04:33:51Z
2025-06-26,MWG,62.26,62.55,61.5,61.79,5205000,KBS,2026-10-09T04:33:51Z
2025-06-27,MWG,61.98,63.51,61.88,63.03,11065400,KBS,2026-10-09T04:33:51Z
2025-06-30,MWG,63.42,63.51,62.65,62.74,5031900,KBS,2026-10-09T04:33:51Z
2025-07-01,MWG,62.74,63.03,61.59,61.79,7109600,KBS,2026-10-09T04:33:51Z
2025-07-02,MWG,61.79,62.36,61.59,62.07,5786300,KBS,2026-10-09T04:33:51Z
2025-07-03,MWG,61.98,63.8,61.98,62.65,12680700,KBS,2026-10-09T04:33:51Z
2025-07-04,MWG,63.13,63.7,62.74,63.51,6182500,KBS,2026-10-09T04:33:51Z
2025-07-07,MWG,63.8,63.99,63.03,63.7,6683300,KBS,2026-10-09T04:33:51Z
2025-07-08,MWG,63.8,64.47,63.22,64.37,8520700,KBS,2026-10-09T04:33:51Z
2025-07-09,MWG,64.66,64.85,63.99,64.85,7522700,KBS,2026-10-09T04:33:51Z
2025-07-10,MWG,65.14,65.52,64.47,65.14,6943600,KBS,2026-10-09T04:33:51Z
2025-07-11,MWG,65.14,65.24,64.47,65.04,5780200,KBS,2026-10-09T04:33:51Z
2025-07-14,MWG,65.04,66.1,63.61,66.1,8671000,KBS,2026-10-09T04:33:51Z
2025-07-15,MWG,66.48,68.4,66.38,66.38,10076100,KBS,2026-10-09T04:33:51Z
2025-07-16,MWG,66.29,67.06,65.62,67.06,6383800,KBS,2026-10-09T04:33:51Z
2025-07-17,MWG,66.86,67.82,66.67,67.53,6844300,KBS,2026-10-09T04:33:51Z
2025-07-18,MWG,67.53,68.97,66.77,67.72,7740900,KBS,2026-10-09T04:33:51Z
2025-07-21,MWG,68.01,68.01,66.29,67.06,7601100,KBS,2026-10-09T04:33:51Z
2025-07-22,MWG,67.06,67.44,66.1,67.44,7908200,KBS,2026-10-09T04:33:51Z
2025-07-23,MWG,67.82,68.01,67.06,67.53,7547700,KBS,2026-10-09T04:33:51Z
2025-07-24,MWG,68.02,68.02,66.85,67.53,6607100,KBS,2026-10-09T04:33:51Z
2025-07-25,MWG,67.53,69.09,67.24,68.12,6469000,KBS,2026-10-09T04:33:51Z
2025-07-28,MWG,68.6,68.99,67.63,68.21,9571200,KBS,2026-10-09T04:33:51Z
2025-07-29,MWG,68.21,68.21,64.52,64.72,18358200,KBS,2026-10-09T04:33:51Z
2025-07-30,MWG,65.59,65.98,64.23,65.2,13161600,KBS,2026-10-09T04:33:51Z
2025-07-31,MWG,65.3,65.88,63.36,63.45,14552200,KBS,2026-10-09T04:33:51Z
2025-08-01,MWG,63.55,64.81,63.36,63.36,8228000,KBS,2026-10-09T04:33:51Z
2025-08-04,MWG,63.36,65.1,63.36,65.1,8211500,KBS,2026-10-09T04:33:51Z
2025-08-05,MWG,65.4,67.53,64.13,67.34,15697200,KBS,2026-10-09T04:33:51Z
2025-08-06,MWG,66.95,70.35,66.56,70.35,18002400,KBS,2026-10-09T04:33:51Z
2025-08-07,MWG,70.64,70.74,69.57,70.35,8095800,KBS,2026-10-09T04:33:51Z
2025-08-08,MWG,70.55,70.74,68.5,69.96,11116900,KBS,2026-10-09T04:33:51Z
2025-08-11,MWG,69.96,71.61,69.67,70.06,10677600,KBS,2026-10-09T04:33:51Z
2025-08-12,MWG,70.25,70.45,68.99,70.16,7809000,KBS,2026-10-09T04:33:51Z
2025-08-13,MWG,70.45,70.45,68.02,68.89,11739600,KBS,2026-10-09T04:33:51Z
2025-08-14,MWG,68.99,69.87,68.12,69.87,9930500,KBS,2026-10-09T04:33:51Z
2025-08-15,MWG,69.96,70.25,67.82,68.5,9112800,KBS,2026-10-09T04:33:51Z
2025-08-18,MWG,68.6,68.99,67.24,68.02,8199100,KBS,2026-10-09T04:33:51Z
2025-08-19,MWG,68.02,68.02,66.08,66.08,14132300,KBS,2026-10-09T04:33:51Z
2025-08-20,MWG,66.56,68.7,66.17,67.44,11461600,KBS,2026-10-09T04:33:51Z
2025-08-21,MWG,67.44,69.57,67.24,68.99,12495000,KBS,2026-10-09T04:33:51Z
2025-08-22,MWG,67.92,68.6,66.46,68.31,10901700,KBS,2026-10-09T04:33:51Z
2025-08-25,MWG,68.31,68.6,66.66,66.85,6387100,KBS,2026-10-09T04:33:51Z
2025-08-26,MWG,67.05,71.52,66.66,71.52,16810900,KBS,2026-10-09T04:33:51Z
2025-08-27,MWG,72.88,74.43,72.49,72.88,12565000,KBS,2026-10-09T04:33:51Z
2025-08-28,MWG,72.88,75.11,72.39,75.11,11875600,KBS,2026-10-09T04:33:51Z
2025-08-29,MWG,75.79,75.99,74.43,75.79,9402500,KBS,2026-10-09T04:33:51Z
2025-09-03,MWG,74.72,75.4,73.56,73.66,8068800,KBS,2026-10-09T04:33:51Z
2025-09-04,MWG,73.85,75.31,71.81,75.31,12031500,KBS,2026-10-09T04:33:51Z
2025-09-05,MWG,75.79,76.08,72.88,72.88,9769500,KBS,2026-10-09T04:33:51Z
2025-09-08,MWG,72.39,74.63,71.91,71.91,13715000,KBS,2026-10-09T04:33:51Z
2025-09-09,MWG,72.49,73.85,71.61,73.85,6933700,KBS,2026-10-09T04:33:51Z
2025-09-10,MWG,73.46,74.14,72.39,73.36,7770800,KBS,2026-10-09T04:33:51Z
2025-09-11,MWG,73.27,77.15,71.91,76.57,18120100,KBS,2026-10-09T04:33:51Z
2025-09-12,MWG,76.57,77.15,75.6,76.76,7900100,KBS,2026-10-09T04:33:51Z
2025-09-15,MWG,76.76,77.35,75.89,77.25,8395500,KBS,2026-10-09T04:33:51Z
2025-09-16,MWG,77.35,79.1,76.67,78.03,8927700,KBS,2026-10-09T04:33:51Z
2025-09-17,MWG,77.54,78.81,75.79,75.79,8298600,KBS,2026-10-09T04:33:51Z
2025-09-18,MWG,75.79,76.28,74.53,76.28,8718800,KBS,2026-10-09T04:33:51Z
2025-09-19,MWG,76.28,76.67,75.21,76.38,4279300,KBS,2026-10-09T04:33:51Z
2025-09-22,MWG,75.7,75.7,73.85,74.34,8126100,KBS,2026-10-09T04:33:51Z
2025-09-23,MWG,74.63,75.99,74.14,75.6,4466900,KBS,2026-10-09T04:33:51Z
2025-09-24,MWG,75.5,76.96,74.92,76.96,4391900,KBS,2026-10-09T04:33:51Z
2025-09-25,MWG,76.57,76.76,75.89,76.76,5302400,KBS,2026-10-09T04:33:51Z
2025-09-26,MWG,76.08,76.86,75.7,75.7,4081700,KBS,2026-10-09T04:33:51Z
2025-09-29,MWG,75.7,75.7,74.43,74.82,6021900,KBS,2026-10-09T04:33:51Z
2025-09-30,MWG,74.63,75.6,74.04,75.5,7817600,KBS,2026-10-09T04:33:51Z
2025-10-01,MWG,75.31,76.08,75.02,75.5,4989600,KBS,2026-10-09T04:33:51Z
2025-10-02,MWG,75.6,76.28,74.72,74.92,4725900,KBS,2026-10-09T04:33:51Z
2025-10-03,MWG,74.82,75.21,73.27,74.82,9671700,KBS,2026-10-09T04:33:51Z
2025-10-06,MWG,76.18,76.47,75.02,75.4,9452100,KBS,2026-10-09T04:33:51Z
2025-10-07,MWG,75.79,77.25,75.31,75.79,7199900,KBS,2026-10-09T04:33:51Z
2025-10-08,MWG,76.76,79.0,76.28,78.51,17337700,KBS,2026-10-09T04:33:51Z
2025-10-09,MWG,78.51,79.58,78.22,79.19,7782900,KBS,2026-10-09T04:33:51Z
2025-10-10,MWG,79.1,79.68,78.32,79.68,7593200,KBS,2026-10-09T04:33:51Z
2025-10-13,MWG,78.9,80.65,78.71,80.65,7962500,KBS,2026-10-09T04:33:51Z
2025-10-14,MWG,81.53,82.6,80.07,81.82,12093100,KBS,2026-10-09T04:33:51Z
2025-10-15,MWG,81.62,82.3,80.65,80.94,5687400,KBS,2026-10-09T04:33:51Z
2025-10-16,MWG,80.94,82.4,80.65,82.11,6629400,KBS,2026-10-09T04:33:51Z
2025-10-17,MWG,82.4,83.47,81.43,82.11,9880500,KBS,2026-10-09T04:33:51Z
2025-10-20,MWG,84.54,85.41,77.54,78.61,14226400,KBS,2026-10-09T04:33:51Z
2025-10-21,MWG,79.97,80.65,78.22,80.65,12062300,KBS,2026-10-09T04:33:51Z
2025-10-22,MWG,80.65,82.11,79.29,82.11,8203100,KBS,2026-10-09T04:33:51Z
2025-10-23,MWG,83.57,84.34,82.21,83.28,9156600,KBS,2026-10-09T04:33:51Z
2025-10-24,MWG,83.08,83.47,80.46,83.28,9652900,KBS,2026-10-09T04:33:51Z
2025-10-27,MWG,83.28,83.28,78.71,78.71,9884200,KBS,2026-10-09T04:33:51Z
2025-10-28,MWG,78.61,82.01,78.12,81.82,8277300,KBS,2026-10-09T04:33:51Z
2025-10-29,MWG,80.65,82.01,80.65,81.72,5076100,KBS,2026-10-09T04:33:51Z
2025-10-30,MWG,81.82,82.01,81.14,81.53,5652200,KBS,2026-10-09T04:33:51Z
2025-10-31,MWG,81.53,81.62,79.68,80.26,6453200,KBS,2026-10-09T04:33:51Z
2025-11-03,MWG,80.65,80.94,78.71,78.71,6146600,KBS,2026-10-09T04:33:51Z
2025-11-04,MWG,78.61,79.68,76.28,79.49,13681700,KBS,2026-10-09T04:33:51Z
2025-11-05,MWG,79.19,79.19,77.83,77.93,4679900,KBS,2026-10-09T04:33:51Z
2025-11-06,MWG,78.03,78.71,76.57,78.03,4495500,KBS,2026-10-09T04:33:51Z
2025-11-07,MWG,77.35,78.22,73.36,74.34,8643300,KBS,2026-10-09T04:33:51Z
2025-11-10,MWG,74.14,77.06,74.14,74.63,7274200,KBS,2026-10-09T04:33:51Z
2025-11-11,MWG,75.31,76.86,75.31,75.79,5881500,KBS,2026-10-09T04:33:51Z
2025-11-12,MWG,75.79,78.22,75.7,78.22,5083400,KBS,2026-10-09T04:33:51Z
2025-11-13,MWG,77.83,78.22,77.25,77.83,3798700,KBS,2026-10-09T04:33:51Z
2025-11-14,MWG,76.96,79.68,76.96,79.1,3951700,KBS,2026-10-09T04:33:51Z
2025-11-17,MWG,78.9,80.07,78.9,80.07,4514700,KBS,2026-10-09T04:33:51Z
2025-11-18,MWG,80.17,80.85,79.58,80.65,4417900,KBS,2026-10-09T04:33:51Z
2025-11-19,MWG,80.65,80.85,79.29,80.07,6064700,KBS,2026-10-09T04:33:51Z
2025-11-20,MWG,79.97,79.97,78.51,78.71,5080700,KBS,2026-10-09T04:33:51Z
2025-11-21,MWG,78.12,78.12,75.89,77.74,8331600,KBS,2026-10-09T04:33:51Z
2025-11-24,MWG,78.03,78.12,76.96,77.06,4147400,KBS,2026-10-09T04:33:51Z
2025-11-25,MWG,76.76,77.54,76.28,76.28,4223700,KBS,2026-10-09T04:33:51Z
2025-11-26,MWG,76.28,77.93,76.28,77.93,4735000,KBS,2026-10-09T04:33:51Z
2025-11-27,MWG,77.74,77.83,77.25,77.74,3506200,KBS,2026-10-09T04:33:51Z
2025-11-28,MWG,77.74,77.83,76.96,77.64,3026700,KBS,2026-10-09T04:33:51Z
2025-12-01,MWG,77.44,77.83,77.25,77.74,2955600,KBS,2026-10-09T04:33:51Z
2025-12-02,MWG,77.54,77.83,77.06,77.74,3953000,KBS,2026-10-09T04:33:51Z
2025-12-03,MWG,77.93,83.08,77.93,82.3,15177100,KBS,2026-10-09T04:33:51Z
2025-12-04,MWG,82.6,83.76,82.21,83.37,7082600,KBS,2026-10-09T04:33:51Z
2025-12-05,MWG,83.28,83.28,81.72,82.69,6818100,KBS,2026-10-09T04:33:51Z
2025-12-08,MWG,81.92,82.69,81.14,82.5,4614500,KBS,2026-10-09T04:33:51Z
2025-12-09,MWG,82.11,82.11,80.17,81.62,6672700,KBS,2026-10-09T04:33:51Z
2025-12-10,MWG,80.85,82.01,80.17,80.65,4887900,KBS,2026-10-09T04:33:51Z
2025-12-11,MWG,80.65,81.24,79.97,79.97,3015900,KBS,2026-10-09T04:33:51Z
2025-12-12,MWG,79.97,79.97,76.28,76.28,8896500,KBS,2026-10-09T04:33:51Z
2025-12-15,MWG,76.18,76.96,75.4,75.5,5323900,KBS,2026-10-09T04:33:51Z
2025-12-16,MWG,75.6,79.68,75.31,79.68,7552000,KBS,2026-10-09T04:33:51Z
2025-12-17,MWG,79.58,80.65,78.51,79.58,4829800,KBS,2026-10-09T04:33:51Z
2025-12-18,MWG,79.0,79.29,78.22,79.29,3495200,KBS,2026-10-09T04:33:51Z
2025-12-19,MWG,79.19,80.65,79.0,80.55,5439900,KBS,2026-10-09T04:33:51Z
2025-12-22,MWG,80.36,82.6,80.36,82.6,7856400,KBS,2026-10-09T04:33:51Z
2025-12-23,MWG,82.6,85.51,82.5,85.02,13817800,KBS,2026-10-09T04:33:51Z
2025-12-24,MWG,85.12,85.51,84.54,85.51,6357400,KBS,2026-10-09T04:33:51Z
2025-12-25,MWG,85.51,87.45,83.57,83.57,8091600,KBS,2026-10-09T04:33:51Z
2025-12-26,MWG,81.82,84.54,80.26,84.54,9310200,KBS,2026-10-09T04:33:51Z
2025-12-29,MWG,83.76,85.22,83.66,84.64,6228800,KBS,2026-10-09T04:33:51Z
2025-12-30,MWG,84.54,86.0,84.15,86.0,7753100,KBS,2026-10-09T04:33:51Z
2025-12-31,MWG,85.51,85.9,85.12,85.9,4804600,KBS,2026-10-09T04:33:51Z
2026-01-05,MWG,85.41,85.7,83.37,84.93,5947300,KBS,2026-10-09T04:33:51Z
2026-01-06,MWG,84.34,86.77,84.34,86.29,6390700,KBS,2026-10-09T04:33:51Z
2026-01-07,MWG,86.48,87.36,85.8,87.26,4998000,KBS,2026-10-09T04:33:51Z
2026-01-08,MWG,87.26,87.26,83.76,85.02,10543900,KBS,2026-10-09T04:33:51Z
2026-01-09,MWG,83.96,85.02,83.18,83.57,6472200,KBS,2026-10-09T04:33:51Z
2026-01-12,MWG,83.57,85.02,82.6,85.02,8471500,KBS,2026-10-09T04:33:51Z
2026-01-13,MWG,85.02,86.19,83.76,84.64,6657100,KBS,2026-10-09T04:33:51Z
2026-01-14,MWG,84.64,84.83,82.69,83.57,6951400,KBS,2026-10-09T04:33:51Z
2026-01-15,MWG,82.6,84.44,81.62,81.62,7636600,KBS,2026-10-09T04:33:51Z
2026-01-16,MWG,81.43,84.93,81.43,84.54,7671600,KBS,2026-10-09T04:33:51Z
2026-01-19,MWG,84.93,84.93,83.08,84.25,3055300,KBS,2026-10-09T04:33:51Z
2026-01-20,MWG,84.25,85.8,83.57,83.57,6841300,KBS,2026-10-09T04:33:51Z
2026-01-21,MWG,83.47,83.47,82.01,82.98,5383600,KBS,2026-10-09T04:33:51Z
2026-01-22,MWG,82.6,84.15,82.6,84.05,5450600,KBS,2026-10-09T04:33:51Z
2026-01-23,MWG,84.15,85.22,83.37,83.37,6722800,KBS,2026-10-09T04:33:51Z
2026-01-26,MWG,83.37,83.47,81.53,81.72,6030600,KBS,2026-10-09T04:33:51Z
2026-01-27,MWG,81.82,83.37,81.62,82.6,5418600,KBS,2026-10-09T04:33:51Z
2026-01-28,MWG,82.5,83.37,81.92,83.08,6085200,KBS,2026-10-09T04:33:51Z
2026-01-29,MWG,83.28,86.97,82.89,86.97,15892000,KBS,2026-10-09T04:33:51Z
2026-01-30,MWG,87.45,90.76,87.26,90.27,20845900,KBS,2026-10-09T04:33:51Z
2026-02-02,MWG,90.47,91.24,87.94,91.05,13866200,KBS,2026-10-09T04:33:51Z
2026-02-03,MWG,91.73,91.73,88.91,88.91,10130300,KBS,2026-10-09T04:33:51Z
2026-02-04,MWG,88.91,89.3,88.04,89.2,7656400,KBS,2026-10-09T04:33:51Z
2026-02-05,MWG,89.1,89.2,87.65,87.65,5643400,KBS,2026-10-09T04:33:51Z
2026-02-06,MWG,87.16,87.36,83.57,85.9,13814700,KBS,2026-10-09T04:33:51Z
2026-02-09,MWG,86.48,87.45,86.0,86.77,5452400,KBS,2026-10-09T04:33:51Z
2026-02-10,MWG,87.16,87.16,85.32,86.77,5950600,KBS,2026-10-09T04:33:51Z
2026-02-11,MWG,86.97,89.3,86.77,89.3,8987000,KBS,2026-10-09T04:33:51Z
2026-02-12,MWG,89.88,91.24,88.52,90.27,7890300,KBS,2026-10-09T04:33:51Z
2026-02-13,MWG,89.3,90.56,88.91,90.17,5511500,KBS,2026-10-09T04:33:51Z
2026-02-23,MWG,90.27,90.47,88.52,89.4,5003100,KBS,2026-10-09T04:33:51Z
2026-02-24,MWG,89.01,89.59,87.94,89.59,6601300,KBS,2026-10-09T04:33:51Z
2026-02-25,MWG,89.59,91.44,89.4,90.37,8132700,KBS,2026-10-09T04:33:51Z
2026-02-26,MWG,90.37,91.63,89.88,90.95,5011100,KBS,2026-10-09T04:33:51Z
2026-02-27,MWG,91.05,91.24,89.98,90.47,5224300,KBS,2026-10-09T04:33:51Z
2026-03-02,MWG,89.2,89.59,87.45,87.45,10738700,KBS,2026-10-09T04:33:51Z
2026-03-03,MWG,87.65,88.62,84.44,85.7,13370000,KBS,2026-10-09T04:33:51Z
2026-03-04,MWG,84.64,86.29,81.43,86.29,13414100,KBS,2026-10-09T04:33:51Z
2026-03-05,MWG,86.38,86.48,82.79,82.79,11270500,KBS,2026-10-09T04:33:51Z
2026-03-06,MWG,82.4,82.4,79.39,80.36,13359400,KBS,2026-10-09T04:33:51Z
2026-03-09,MWG,74.82,74.82,74.82,74.82,4983800,KBS,2026-10-09T04:33:51Z
2026-03-10,MWG,76.76,79.49,75.21,78.71,21042400,KBS,2026-10-09T04:33:51Z
2026-03-11,MWG,78.71,84.15,78.22,84.05,17339300,KBS,2026-10-09T04:33:51Z
2026-03-12,MWG,81.62,84.05,80.75,82.21,10104500,KBS,2026-10-09T04:33:51Z
2026-03-13,MWG,82.11,82.11,79.68,79.68,6260000,KBS,2026-10-09T04:33:51Z
2026-03-16,MWG,79.58,79.87,78.12,78.32,5282300,KBS,2026-10-09T04:33:51Z
2026-03-17,MWG,79.19,81.43,79.19,80.36,3811100,KBS,2026-10-09T04:33:51Z
2026-03-18,MWG,80.46,81.92,80.07,81.33,4304400,KBS,2026-10-09T04:33:51Z
2026-03-19,MWG,79.68,80.26,79.1,80.07,7916000,KBS,2026-10-09T04:33:51Z
2026-03-20,MWG,79.78,79.78,77.44,77.44,6488600,KBS,2026-10-09T04:33:51Z
2026-03-23,MWG,75.79,75.89,72.1,72.1,17473900,KBS,2026-10-09T04:33:51Z
2026-03-24,MWG,74.43,74.63,72.88,73.85,7903300,KBS,2026-10-09T04:33:51Z
2026-03-25,MWG,74.82,77.25,74.63,76.96,7550200,KBS,2026-10-09T04:33:51Z
2026-03-26,MWG,75.79,76.67,75.21,76.28,7066800,KBS,2026-10-09T04:33:51Z
2026-03-27,MWG,76.38,79.49,75.99,78.71,7595000,KBS,2026-10-09T04:33:51Z
2026-03-30,MWG,76.67,78.51,76.38,78.51,6027600,KBS,2026-10-09T04:33:51Z
2026-03-31,MWG,78.51,79.78,78.22,79.49,6582900,KBS,2026-10-09T04:33:51Z
2026-04-01,MWG,80.65,81.53,79.49,80.07,5736600,KBS,2026-10-09T04:33:51Z
2026-04-02,MWG,79.49,79.49,77.74,79.49,5675700,KBS,2026-10-09T04:33:51Z
2026-04-03,MWG,79.19,79.19,76.96,77.06,6903100,KBS,2026-10-09T04:33:51Z
2026-04-06,MWG,76.08,77.06,75.4,76.08,6411000,KBS,2026-10-09T04:33:51Z
2026-04-07,MWG,76.18,76.57,74.43,75.79,3806200,KBS,2026-10-09T04:33:51Z
2026-04-08,MWG,78.32,79.68,77.64,79.58,10192500,KBS,2026-10-09T04:33:51Z
2026-04-09,MWG,78.61,79.68,78.42,78.42,3649300,KBS,2026-10-09T04:33:51Z
2026-04-10,MWG,79.0,79.87,78.71,79.19,4667000,KBS,2026-10-09T04:33:51Z
2026-04-13,MWG,78.51,79.0,77.54,79.0,4806700,KBS,2026-10-09T04:33:51Z
2026-04-14,MWG,79.78,80.36,79.1,79.29,4600700,KBS,2026-10-09T04:33:51Z
2026-04-15,MWG,79.68,79.68,77.74,77.74,3798700,KBS,2026-10-09T04:33:51Z
2026-04-16,MWG,77.93,79.68,77.93,79.0,5775900,KBS,2026-10-09T04:33:51Z
2026-04-17,MWG,80.26,84.44,80.17,84.44,15089000,KBS,2026-10-09T04:33:51Z
2026-04-20,MWG,85.02,86.0,83.96,84.83,10168300,KBS,2026-10-09T04:33:51Z
2026-04-21,MWG,84.93,84.93,83.18,83.18,7226400,KBS,2026-10-09T04:33:51Z
2026-04-22,MWG,82.98,83.96,82.4,83.96,9172200,KBS,2026-10-09T04:33:51Z
2026-04-23,MWG,83.96,84.34,81.92,82.11,5417100,KBS,2026-10-09T04:33:51Z
2026-04-24,MWG,82.11,82.79,81.14,81.14,4634400,KBS,2026-10-09T04:33:51Z
2026-04-28,MWG,81.33,83.47,81.33,83.18,5380700,KBS,2026-10-09T04:33:51Z
2026-04-29,MWG,82.6,83.28,81.62,81.62,4897200,KBS,2026-10-09T04:33:51Z
2026-05-04,MWG,82.3,82.98,81.04,82.5,6372100,KBS,2026-10-09T04:33:51Z
2026-05-05,MWG,82.21,82.98,81.72,82.4,4720200,KBS,2026-10-09T04:33:51Z
2026-05-06,MWG,82.79,83.96,82.5,83.57,6696800,KBS,2026-10-09T04:33:51Z
2026-05-07,MWG,83.76,84.93,83.57,83.57,6344700,KBS,2026-10-09T04:33:51Z
2026-05-08,MWG,83.28,83.47,82.21,82.21,4605300,KBS,2026-10-09T04:33:51Z
2026-05-11,MWG,81.92,82.79,81.14,81.14,5716900,KBS,2026-10-09T04:33:51Z
2026-05-12,MWG,81.14,81.92,80.26,81.43,4934800,KBS,2026-10-09T04:33:51Z
2026-05-13,MWG,81.62,81.92,80.36,81.33,3536900,KBS,2026-10-09T04:33:51Z
2026-05-14,MWG,81.33,82.21,80.85,81.82,4001800,KBS,2026-10-09T04:33:51Z
2026-05-15,MWG,82.11,82.21,79.68,79.68,6691900,KBS,2026-10-09T04:33:51Z
2026-05-18,MWG,79.68,79.68,76.76,76.76,11953700,KBS,2026-10-09T04:33:51Z
2026-05-19,MWG,76.96,77.44,75.89,75.99,7953500,KBS,2026-10-09T04:33:51Z
2026-05-20,MWG,75.99,76.57,72.1,75.02,8786000,KBS,2026-10-09T04:33:51Z
2026-05-21,MWG,75.99,77.25,75.5,77.25,6597700,KBS,2026-10-09T04:33:51Z
2026-05-22,MWG,77.93,78.71,76.86,77.15,6083900,KBS,2026-10-09T04:33:51Z
2026-05-25,MWG,77.83,77.83,76.18,76.47,2510300,KBS,2026-10-09T04:33:51Z
2026-05-26,MWG,76.76,77.15,76.08,76.28,2518800,KBS,2026-10-09T04:33:51Z
2026-05-27,MWG,76.86,78.12,76.57,77.74,4631100,KBS,2026-10-09T04:33:51Z
2026-05-28,MWG,77.74,78.03,75.5,75.5,4026400,KBS,2026-10-09T04:33:51Z
2026-05-29,MWG,75.5,76.08,73.66,74.14,7834500,KBS,2026-10-09T04:33:51Z
2026-06-01,MWG,74.34,76.86,74.34,76.86,3799400,KBS,2026-10-09T04:33:51Z
2026-06-02,MWG,77.15,77.15,75.31,75.7,2969500,KBS,2026-10-09T04:33:51Z
2026-06-03,MWG,75.6,76.28,74.72,76.28,4801100,KBS,2026-10-09T04:33:51Z
2026-06-04,MWG,76.28,76.28,74.82,76.18,4308300,KBS,2026-10-09T04:33:51Z
2026-06-05,MWG,76.28,76.67,75.4,75.79,3241800,KBS,2026-10-09T04:33:51Z
2026-06-08,MWG,74.82,75.11,74.14,74.24,4633800,KBS,2026-10-09T04:33:51Z
2026-06-09,MWG,74.34,75.31,74.14,75.21,1770800,KBS,2026-10-09T04:33:51Z
2026-06-10,MWG,74.92,76.08,74.43,75.99,2866200,KBS,2026-10-09T04:33:51Z
2026-06-11,MWG,76.08,76.28,74.72,74.72,3302700,KBS,2026-10-09T04:33:51Z
2026-06-12,MWG,75.6,75.6,74.14,74.24,4139700,KBS,2026-10-09T04:33:51Z
2026-06-15,MWG,74.82,77.44,74.82,77.15,7871700,KBS,2026-10-09T04:33:51Z
2026-06-16,MWG,77.15,77.54,76.57,77.15,3183300,KBS,2026-10-09T04:33:51Z
2026-06-17,MWG,77.06,77.54,76.47,76.86,4068800,KBS,2026-10-09T04:33:51Z
2026-06-18,MWG,76.38,76.76,75.79,76.47,3234500,KBS,2026-10-09T04:33:51Z
2026-06-19,MWG,76.47,76.67,75.31,75.79,2425600,KBS,2026-10-09T04:33:51Z
2026-06-22,MWG,75.79,75.79,74.82,75.02,2992900,KBS,2026-10-09T04:33:51Z
2026-06-23,MWG,74.92,75.02,73.85,73.85,6295100,KBS,2026-10-09T04:33:51Z
2026-06-24,MWG,73.85,75.6,72.88,75.6,4218000,KBS,2026-10-09T04:33:51Z
2026-06-25,MWG,74.92,75.31,74.53,75.02,3553800,KBS,2026-10-09T04:33:51Z
2026-06-26,MWG,74.92,76.28,74.34,76.28,4859300,KBS,2026-10-09T04:33:51Z
2026-06-29,MWG,76.18,76.96,75.89,76.76,4268900,KBS,2026-10-09T04:33:51Z
2026-06-30,MWG,76.57,76.76,75.4,75.89,4008800,KBS,2026-10-09T04:33:51Z
2026-07-01,MWG,75.79,77.74,75.5,77.74,6029400,KBS,2026-10-09T04:33:51Z
2026-07-02,MWG,77.93,79.1,77.15,77.44,4640200,KBS,2026-10-09T04:33:51Z
2026-07-03,MWG,77.35,77.35,76.08,76.67,3061500,KBS,2026-10-09T04:33:51Z
2026-07-06,MWG,76.38,76.57,74.53,75.79,4935700,KBS,2026-10-09T04:33:51Z
2026-07-07,MWG,75.89,76.08,75.21,75.31,2154600,KBS,2026-10-09T04:33:51Z
2026-07-08,MWG,75.31,76.96,75.11,76.57,3145900,KBS,2026-10-09T04:33:51Z
2026-07-09,MWG,76.18,76.28,75.6,76.28,1582900,KBS,2026-10-09T04:33:51Z
2026-07-10,MWG,76.67,76.67,74.43,74.43,3169000,KBS,2026-10-09T04:33:51Z
2026-07-13,MWG,74.63,75.11,73.85,73.85,3721700,KBS,2026-10-09T04:33:51Z
2026-07-14,MWG,73.66,74.63,73.07,74.63,2788000,KBS,2026-10-09T04:33:51Z
2026-07-15,MWG,74.63,74.63,73.66,74.04,1802400,KBS,2026-10-09T04:33:51Z
2026-07-16,MWG,74.04,74.53,72.88,74.53,4353900,KBS,2026-10-09T04:33:51Z
2026-07-17,MWG,74.34,74.53,73.75,74.53,1827000,KBS,2026-10-09T04:33:51Z
2026-07-20,MWG,74.72,74.72,71.91,73.07,7676900,KBS,2026-10-09T04:33:51Z
2026-07-21,MWG,72.97,74.24,72.2,73.75,2872900,KBS,2026-10-09T04:33:51Z
2026-07-22,MWG,73.75,73.85,68.6,68.6,13474000,KBS,2026-10-09T04:33:51Z
2026-07-23,MWG,68.5,69.67,65.2,69.48,9066200,KBS,2026-10-09T04:33:51Z
2026-07-24,MWG,67.63,68.89,66.08,66.08,3613700,KBS,2026-10-09T04:33:51Z
2026-07-27,MWG,66.56,67.05,61.51,61.51,7694800,KBS,2026-10-09T04:33:51Z
2026-07-28,MWG,62.09,64.04,60.73,63.36,6958300,KBS,2026-10-09T04:33:51Z
2026-07-29,MWG,64.14,66.91,63.75,65.62,4613000,KBS,2026-10-09T04:33:51Z
2026-07-30,MWG,65.62,69.97,65.23,68.88,8424500,KBS,2026-10-09T04:33:51Z
2026-07-31,MWG,69.57,69.57,67.6,68.98,4562900,KBS,2026-10-09T04:33:51Z
2026-08-03,MWG,69.08,72.04,68.98,71.55,5091200,KBS,2026-10-09T04:33:51Z
2026-08-04,MWG,71.25,71.94,70.46,71.15,3706800,KBS,2026-10-09T04:33:51Z
2026-08-05,MWG,71.45,71.94,70.07,71.25,3955700,KBS,2026-10-09T04:33:51Z
2026-08-06,MWG,70.56,70.95,68.88,70.26,5330100,KBS,2026-10-09T04:33:51Z
2026-08-07,MWG,70.36,70.66,69.28,70.07,3084600,KBS,2026-10-09T04:33:51Z
2026-08-10,MWG,70.07,72.83,69.77,72.04,4628400,KBS,2026-10-09T04:33:51Z
2026-08-11,MWG,71.35,73.03,71.35,72.24,3120600,KBS,2026-10-09T04:33:51Z
2026-08-12,MWG,72.34,73.22,72.24,73.03,3065700,KBS,2026-10-09T04:33:51Z
2026-08-13,MWG,73.03,73.72,71.84,72.63,2669200,KBS,2026-10-09T04:33:51Z
2026-08-14,MWG,72.14,72.53,71.25,71.45,3164500,KBS,2026-10-09T04:33:51Z
2026-08-17,MWG,71.35,73.22,70.86,72.53,2140400,KBS,2026-10-09T04:33:51Z
2026-08-18,MWG,72.63,72.93,71.15,71.84,1649500,KBS,2026-10-09T04:33:51Z
2026-08-19,MWG,71.74,71.74,70.26,71.25,1995300,KBS,2026-10-09T04:33:51Z
2026-08-20,MWG,71.35,72.24,70.95,71.74,2493500,KBS,2026-10-09T04:33:51Z
2026-08-21,MWG,71.55,74.11,70.86,74.01,4995900,KBS,2026-10-09T04:33:51Z
2026-08-24,MWG,74.51,74.6,73.62,74.11,2470100,KBS,2026-10-09T04:33:51Z
2026-08-25,MWG,74.01,74.31,72.83,72.93,2556400,KBS,2026-10-09T04:33:51Z
2026-08-26,MWG,72.93,74.51,72.24,74.51,2162400,KBS,2026-10-09T04:33:51Z
2026-08-27,MWG,74.51,74.9,73.82,74.9,2305700,KBS,2026-10-09T04:33:51Z
2026-08-28,MWG,74.7,74.7,73.82,74.01,2717400,KBS,2026-10-09T04:33:51Z
2026-09-03,MWG,73.03,73.62,72.24,72.24,2383900,KBS,2026-10-09T04:33:51Z
2026-09-04,MWG,72.24,72.63,71.84,72.14,2437300,KBS,2026-10-09T04:33:51Z
2026-09-07,MWG,72.14,72.53,70.46,71.05,3872100,KBS,2026-10-09T04:33:51Z
2026-09-08,MWG,70.66,71.94,70.26,71.35,1707500,KBS,2026-10-09T04:33:51Z
2026-09-09,MWG,71.35,71.64,70.46,70.66,1420300,KBS,2026-10-09T04:33:51Z
2026-09-10,MWG,70.66,72.34,70.26,71.94,2496200,KBS,2026-10-09T04:33:51Z
2026-09-11,MWG,71.55,71.55,70.36,70.36,2587600,KBS,2026-10-09T04:33:51Z
2026-09-14,MWG,70.36,70.56,67.7,68.88,3246500,KBS,2026-10-09T04:33:51Z
2026-09-15,MWG,68.88,70.26,68.88,70.26,1893100,KBS,2026-10-09T04:33:51Z
2026-09-16,MWG,70.07,70.66,69.38,70.56,2017700,KBS,2026-10-09T04:33:51Z
2026-09-17,MWG,70.07,72.53,69.87,72.14,4079900,KBS,2026-10-09T04:33:51Z
2026-09-18,MWG,72.14,72.53,71.45,71.55,1909000,KBS,2026-10-09T04:33:51Z
2026-09-21,MWG,71.55,71.55,70.07,70.76,2254400,KBS,2026-10-09T04:33:51Z
2026-09-22,MWG,70.46,72.53,70.46,71.84,2726900,KBS,2026-10-09T04:33:51Z
2026-09-23,MWG,71.74,72.93,71.45,72.24,3252700,KBS,2026-10-09T04:33:51Z
2026-09-24,MWG,72.04,72.24,71.25,71.94,1664600,KBS,2026-10-09T04:33:51Z
2026-09-25,MWG,71.74,72.83,71.55,72.43,1778600,KBS,2026-10-09T04:33:51Z
2026-09-28,MWG,72.43,72.43,70.76,71.05,2215000,KBS,2026-10-09T04:33:51Z
2026-09-29,MWG,71.05,71.25,70.56,70.95,1716800,KBS,2026-10-09T04:33:51Z
2026-09-30,MWG,71.55,71.94,70.76,71.45,2966000,KBS,2026-10-09T04:33:51Z
2026-10-01,MWG,71.25,72.73,71.05,71.64,2697600,KBS,2026-10-09T04:33:51Z
2026-10-02,MWG,71.84,72.43,71.15,72.24,2571800,KBS,2026-10-09T04:33:51Z
2026-10-05,MWG,72.73,73.72,72.73,73.42,4104500,KBS,2026-10-09T04:33:51Z
2026-10-06,MWG,73.62,75.79,72.83,75.0,6579800,KBS,2026-10-09T04:33:51Z
2026-10-07,MWG,75.3,77.1,74.7,76.9,5356500,KBS,2026-10-09T04:33:51Z
2026-10-08,MWG,76.9,77.3,75.5,76.1,3550100,KBS,2026-10-09T04:33:51Z
2026-10-09,MWG,75.5,76.1,75.0,75.6,1361100,KBS,2026-10-09T04:33:51Z
