date,symbol,open,high,low,close,volume,source,fetched_at
2018-10-11,PDN,10.51,10.84,10.51,10.51,1240,KBS,2026-10-09T04:35:15Z
2018-10-16,PDN,10.02,10.02,10.02,10.02,530,KBS,2026-10-09T04:35:15Z
2018-10-17,PDN,10.18,10.66,10.18,10.66,210,KBS,2026-10-09T04:35:15Z
2018-10-19,PDN,10.2,10.51,10.2,10.26,350,KBS,2026-10-09T04:35:15Z
2018-10-22,PDN,10.95,10.97,10.28,10.97,4190,KBS,2026-10-09T04:35:15Z
2018-10-23,PDN,10.97,11.44,10.97,11.44,210,KBS,2026-10-09T04:35:15Z
2018-10-24,PDN,11.38,11.38,11.38,11.38,700,KBS,2026-10-09T04:35:15Z
2018-10-25,PDN,11.3,11.33,11.3,11.33,540,KBS,2026-10-09T04:35:15Z
2018-10-26,PDN,10.67,10.67,10.67,10.67,10,KBS,2026-10-09T04:35:15Z
2018-10-29,PDN,11.17,11.17,10.23,10.23,20,KBS,2026-10-09T04:35:15Z
2018-10-30,PDN,10.84,10.84,10.34,10.34,640,KBS,2026-10-09T04:35:15Z
2018-11-02,PDN,10.59,10.59,10.59,10.59,10,KBS,2026-10-09T04:35:15Z
2018-11-08,PDN,10.59,10.59,10.31,10.31,110,KBS,2026-10-09T04:35:15Z
2018-11-09,PDN,10.67,10.67,10.28,10.28,130,KBS,2026-10-09T04:35:15Z
2018-11-12,PDN,9.9,9.9,9.9,9.9,200,KBS,2026-10-09T04:35:15Z
2018-11-13,PDN,10.59,10.59,10.59,10.59,1330,KBS,2026-10-09T04:35:15Z
2018-11-14,PDN,10.67,10.67,10.43,10.43,50,KBS,2026-10-09T04:35:15Z
2018-11-15,PDN,10.18,10.18,10.18,10.18,20,KBS,2026-10-09T04:35:15Z
2018-11-16,PDN,10.18,10.51,10.18,10.51,230,KBS,2026-10-09T04:35:15Z
2018-11-19,PDN,10.02,10.51,9.93,10.51,1660,KBS,2026-10-09T04:35:15Z
2018-11-20,PDN,11.18,11.18,10.08,10.08,40,KBS,2026-10-09T04:35:15Z
2018-11-21,PDN,10.77,10.77,10.77,10.77,540,KBS,2026-10-09T04:35:15Z
2018-11-22,PDN,10.67,11.17,10.67,11.17,480,KBS,2026-10-09T04:35:15Z
2018-11-23,PDN,11.33,11.33,11.33,11.33,100,KBS,2026-10-09T04:35:15Z
2018-11-29,PDN,10.56,10.56,10.54,10.54,20,KBS,2026-10-09T04:35:15Z
2018-11-30,PDN,11.25,11.25,11.25,11.25,10,KBS,2026-10-09T04:35:15Z
2018-12-03,PDN,11.95,11.95,11.25,11.25,50,KBS,2026-10-09T04:35:15Z
2018-12-04,PDN,10.59,10.59,10.59,10.59,10,KBS,2026-10-09T04:35:15Z
2018-12-05,PDN,11.31,11.31,11.31,11.31,20,KBS,2026-10-09T04:35:15Z
2018-12-06,PDN,10.71,10.71,10.71,10.71,10,KBS,2026-10-09T04:35:15Z
2018-12-07,PDN,11.43,11.43,10.71,10.71,140,KBS,2026-10-09T04:35:15Z
2018-12-10,PDN,11.44,11.44,11.44,11.44,20,KBS,2026-10-09T04:35:15Z
2018-12-11,PDN,10.69,11.66,10.69,11.66,110,KBS,2026-10-09T04:35:15Z
2018-12-13,PDN,10.89,10.89,10.89,10.89,10,KBS,2026-10-09T04:35:15Z
2018-12-14,PDN,11.62,11.62,11.62,11.62,10,KBS,2026-10-09T04:35:15Z
2018-12-17,PDN,11.74,11.74,11.74,11.74,10,KBS,2026-10-09T04:35:15Z
2018-12-18,PDN,11.74,11.74,11.74,11.74,20,KBS,2026-10-09T04:35:15Z
2018-12-19,PDN,11.74,11.74,11.04,11.04,60,KBS,2026-10-09T04:35:15Z
2018-12-20,PDN,11.74,11.74,10.72,10.72,30,KBS,2026-10-09T04:35:15Z
2018-12-21,PDN,11.47,11.47,10.44,10.44,30,KBS,2026-10-09T04:35:15Z
2018-12-24,PDN,11.16,11.16,10.71,10.71,1010,KBS,2026-10-09T04:35:15Z
2018-12-25,PDN,10.07,10.07,10.07,10.07,10,KBS,2026-10-09T04:35:15Z
2018-12-26,PDN,10.77,10.77,10.77,10.77,10,KBS,2026-10-09T04:35:15Z
2018-12-28,PDN,10.84,11.51,10.67,11.51,150,KBS,2026-10-09T04:35:15Z
2019-01-02,PDN,10.86,11.67,10.76,10.86,350,KBS,2026-10-09T04:35:15Z
2019-01-08,PDN,11.17,11.17,11.17,11.17,20,KBS,2026-10-09T04:35:15Z
2019-01-09,PDN,11.72,11.72,10.92,10.92,1410,KBS,2026-10-09T04:35:15Z
2019-01-11,PDN,10.84,11.59,10.36,11.59,2010,KBS,2026-10-09T04:35:15Z
2019-01-14,PDN,11.79,11.79,11.79,11.79,10,KBS,2026-10-09T04:35:15Z
2019-01-15,PDN,11.66,11.67,11.36,11.66,520,KBS,2026-10-09T04:35:15Z
2019-01-16,PDN,11.02,11.02,10.89,10.89,720,KBS,2026-10-09T04:35:15Z
2019-01-17,PDN,11.17,11.64,11.17,11.64,3010,KBS,2026-10-09T04:35:15Z
2019-01-18,PDN,11.91,11.91,11.91,11.91,10,KBS,2026-10-09T04:35:15Z
2019-01-22,PDN,12.24,12.24,12.24,12.24,400,KBS,2026-10-09T04:35:15Z
2019-01-23,PDN,11.47,11.47,11.47,11.47,10,KBS,2026-10-09T04:35:15Z
2019-01-28,PDN,12.19,12.19,12.19,12.19,10,KBS,2026-10-09T04:35:15Z
2019-01-30,PDN,12.24,12.24,12.24,12.24,5400,KBS,2026-10-09T04:35:15Z
2019-02-01,PDN,12.24,12.24,12.24,12.24,40,KBS,2026-10-09T04:35:15Z
2019-02-11,PDN,12.84,12.84,12.84,12.84,10,KBS,2026-10-09T04:35:15Z
2019-02-12,PDN,12.84,13.34,12.84,13.34,30,KBS,2026-10-09T04:35:15Z
2019-02-13,PDN,12.41,13.32,12.41,13.32,150,KBS,2026-10-09T04:35:15Z
2019-02-14,PDN,14.09,14.09,13.84,14.01,3010,KBS,2026-10-09T04:35:15Z
2019-02-18,PDN,13.04,13.04,13.04,13.04,3760,KBS,2026-10-09T04:35:15Z
2019-02-19,PDN,13.87,13.87,13.87,13.87,10,KBS,2026-10-09T04:35:15Z
2019-02-21,PDN,13.57,13.57,13.57,13.57,10,KBS,2026-10-09T04:35:15Z
2019-02-22,PDN,13.54,13.56,13.54,13.56,400,KBS,2026-10-09T04:35:15Z
2019-02-25,PDN,12.66,13.84,12.64,13.84,2050,KBS,2026-10-09T04:35:15Z
2019-02-27,PDN,12.87,12.87,12.87,12.87,420,KBS,2026-10-09T04:35:15Z
2019-02-28,PDN,12.09,12.09,12.09,12.09,10,KBS,2026-10-09T04:35:15Z
2019-03-01,PDN,12.84,12.84,12.84,12.84,10,KBS,2026-10-09T04:35:15Z
2019-03-04,PDN,13.64,13.64,12.17,12.17,580,KBS,2026-10-09T04:35:15Z
2019-03-05,PDN,12.17,12.84,12.17,12.84,110,KBS,2026-10-09T04:35:15Z
2019-03-06,PDN,13.31,13.31,12.84,13.31,100,KBS,2026-10-09T04:35:15Z
2019-03-07,PDN,12.52,12.52,12.52,12.52,10,KBS,2026-10-09T04:35:15Z
2019-03-08,PDN,13.29,13.29,13.09,13.09,60,KBS,2026-10-09T04:35:15Z
2019-03-11,PDN,13.09,13.09,13.09,13.09,50,KBS,2026-10-09T04:35:15Z
2019-03-12,PDN,12.86,13.17,12.86,13.17,1020,KBS,2026-10-09T04:35:15Z
2019-03-13,PDN,13.17,13.17,13.02,13.02,1280,KBS,2026-10-09T04:35:15Z
2019-03-14,PDN,13.02,13.02,13.02,13.02,270,KBS,2026-10-09T04:35:15Z
2019-03-15,PDN,12.67,12.67,12.67,12.67,620,KBS,2026-10-09T04:35:15Z
2019-03-19,PDN,13.51,13.52,13.34,13.52,1540,KBS,2026-10-09T04:35:15Z
2019-03-20,PDN,12.84,13.42,12.84,13.42,4460,KBS,2026-10-09T04:35:15Z
2019-03-21,PDN,13.42,13.42,13.34,13.34,420,KBS,2026-10-09T04:35:15Z
2019-03-22,PDN,13.42,13.42,13.34,13.34,1080,KBS,2026-10-09T04:35:15Z
2019-03-25,PDN,12.84,13.34,12.84,13.26,4230,KBS,2026-10-09T04:35:15Z
2019-03-26,PDN,12.99,13.17,12.99,13.17,100,KBS,2026-10-09T04:35:15Z
2019-03-27,PDN,12.92,14.04,12.92,14.04,2110,KBS,2026-10-09T04:35:15Z
2019-03-28,PDN,13.17,14.98,13.17,14.98,4410,KBS,2026-10-09T04:35:15Z
2019-03-29,PDN,14.66,15.51,14.66,15.51,1700,KBS,2026-10-09T04:35:15Z
2019-04-01,PDN,15.42,15.42,14.51,14.51,420,KBS,2026-10-09T04:35:15Z
2019-04-02,PDN,14.51,14.52,13.52,13.52,1420,KBS,2026-10-09T04:35:15Z
2019-04-03,PDN,13.52,13.52,13.52,13.52,100,KBS,2026-10-09T04:35:15Z
2019-04-04,PDN,13.52,14.17,12.84,14.17,4630,KBS,2026-10-09T04:35:15Z
2019-04-05,PDN,13.67,14.51,13.67,14.17,12420,KBS,2026-10-09T04:35:15Z
2019-04-09,PDN,13.51,14.17,13.51,14.17,530,KBS,2026-10-09T04:35:15Z
2019-04-10,PDN,13.67,14.17,13.67,14.17,300,KBS,2026-10-09T04:35:15Z
2019-04-11,PDN,14.68,14.68,13.52,14.17,1260,KBS,2026-10-09T04:35:15Z
2019-04-12,PDN,14.17,14.17,14.17,14.17,100,KBS,2026-10-09T04:35:15Z
2019-04-16,PDN,13.67,14.01,13.36,14.01,2050,KBS,2026-10-09T04:35:15Z
2019-04-17,PDN,13.84,14.16,13.84,14.16,190,KBS,2026-10-09T04:35:15Z
2019-04-19,PDN,13.84,14.16,13.51,14.09,1560,KBS,2026-10-09T04:35:15Z
2019-04-22,PDN,14.01,14.16,13.51,14.16,610,KBS,2026-10-09T04:35:15Z
2019-04-23,PDN,14.17,14.17,14.17,14.17,1510,KBS,2026-10-09T04:35:15Z
2019-04-24,PDN,14.01,14.14,14.01,14.14,110,KBS,2026-10-09T04:35:15Z
2019-04-26,PDN,13.67,14.16,13.67,13.84,5110,KBS,2026-10-09T04:35:15Z
2019-05-02,PDN,13.67,13.67,13.67,13.67,2050,KBS,2026-10-09T04:35:15Z
2019-05-03,PDN,13.61,13.61,13.61,13.61,300,KBS,2026-10-09T04:35:15Z
2019-05-06,PDN,13.67,13.67,13.67,13.67,2200,KBS,2026-10-09T04:35:15Z
2019-05-07,PDN,13.52,13.67,13.52,13.67,70,KBS,2026-10-09T04:35:15Z
2019-05-09,PDN,13.67,13.67,13.67,13.67,410,KBS,2026-10-09T04:35:15Z
2019-05-13,PDN,13.67,13.67,13.34,13.34,610,KBS,2026-10-09T04:35:15Z
2019-05-14,PDN,13.67,13.67,13.67,13.67,10,KBS,2026-10-09T04:35:15Z
2019-05-15,PDN,13.67,13.67,13.67,13.67,200,KBS,2026-10-09T04:35:15Z
2019-05-16,PDN,14.07,14.07,13.42,13.67,180,KBS,2026-10-09T04:35:15Z
2019-05-20,PDN,14.16,14.16,13.67,13.67,120,KBS,2026-10-09T04:35:15Z
2019-05-21,PDN,13.36,13.36,13.34,13.34,3900,KBS,2026-10-09T04:35:15Z
2019-05-22,PDN,13.34,14.07,13.34,13.67,4340,KBS,2026-10-09T04:35:15Z
2019-05-23,PDN,14.38,14.38,13.84,14.01,1850,KBS,2026-10-09T04:35:15Z
2019-05-24,PDN,14.01,14.01,13.67,13.67,320,KBS,2026-10-09T04:35:15Z
2019-05-27,PDN,13.84,13.84,13.84,13.84,10,KBS,2026-10-09T04:35:15Z
2019-05-28,PDN,14.01,14.01,13.37,13.37,470,KBS,2026-10-09T04:35:15Z
2019-05-29,PDN,13.59,13.59,13.36,13.36,950,KBS,2026-10-09T04:35:15Z
2019-05-30,PDN,13.51,13.84,13.34,13.84,320,KBS,2026-10-09T04:35:15Z
2019-05-31,PDN,13.67,13.67,13.67,13.67,320,KBS,2026-10-09T04:35:15Z
2019-06-03,PDN,13.51,13.51,13.51,13.51,100,KBS,2026-10-09T04:35:15Z
2019-06-04,PDN,13.81,13.81,13.81,13.81,20,KBS,2026-10-09T04:35:15Z
2019-06-07,PDN,14.68,14.68,14.01,14.01,60,KBS,2026-10-09T04:35:15Z
2019-06-10,PDN,13.82,14.01,13.82,13.97,870,KBS,2026-10-09T04:35:15Z
2019-06-11,PDN,14.17,14.17,14.01,14.02,850,KBS,2026-10-09T04:35:15Z
2019-06-12,PDN,14.01,14.01,14.01,14.01,780,KBS,2026-10-09T04:35:15Z
2019-06-13,PDN,13.97,14.02,13.97,14.02,1860,KBS,2026-10-09T04:35:15Z
2019-06-17,PDN,14.17,14.26,14.01,14.26,4120,KBS,2026-10-09T04:35:15Z
2019-06-18,PDN,14.84,14.84,14.84,14.84,50,KBS,2026-10-09T04:35:15Z
2019-06-19,PDN,14.84,14.84,14.84,14.84,270,KBS,2026-10-09T04:35:15Z
2019-06-20,PDN,14.84,15.88,14.84,15.84,4420,KBS,2026-10-09T04:35:15Z
2019-06-21,PDN,16.68,16.94,15.88,16.68,690,KBS,2026-10-09T04:35:15Z
2019-06-24,PDN,17.09,17.29,16.84,17.09,1440,KBS,2026-10-09T04:35:15Z
2019-06-25,PDN,17.09,17.09,15.91,17.01,750,KBS,2026-10-09T04:35:15Z
2019-06-26,PDN,17.09,17.09,16.76,16.76,550,KBS,2026-10-09T04:35:15Z
2019-06-27,PDN,17.29,17.39,16.84,17.34,2040,KBS,2026-10-09T04:35:15Z
2019-06-28,PDN,17.34,17.34,16.14,17.18,450,KBS,2026-10-09T04:35:15Z
2019-07-01,PDN,17.23,17.23,16.68,17.09,590,KBS,2026-10-09T04:35:15Z
2019-07-02,PDN,16.04,17.26,16.04,17.24,3670,KBS,2026-10-09T04:35:15Z
2019-07-03,PDN,17.01,17.01,16.68,17.01,530,KBS,2026-10-09T04:35:15Z
2019-07-04,PDN,17.01,17.26,17.01,17.26,440,KBS,2026-10-09T04:35:15Z
2019-07-05,PDN,16.68,17.01,16.68,16.84,1210,KBS,2026-10-09T04:35:15Z
2019-07-08,PDN,16.73,17.16,16.73,17.01,2700,KBS,2026-10-09T04:35:15Z
2019-07-09,PDN,17.16,17.16,17.01,17.01,1820,KBS,2026-10-09T04:35:15Z
2019-07-10,PDN,17.01,17.06,16.94,17.06,570,KBS,2026-10-09T04:35:15Z
2019-07-11,PDN,17.09,18.01,17.09,17.18,1280,KBS,2026-10-09T04:35:15Z
2019-07-12,PDN,17.18,17.41,17.09,17.41,1150,KBS,2026-10-09T04:35:15Z
2019-07-16,PDN,18.34,19.53,18.34,19.53,6220,KBS,2026-10-09T04:35:15Z
2019-07-17,PDN,19.53,20.68,19.51,20.68,3630,KBS,2026-10-09T04:35:15Z
2019-07-18,PDN,21.95,22.11,21.95,22.11,6440,KBS,2026-10-09T04:35:15Z
2019-07-19,PDN,22.11,22.11,21.72,21.72,340,KBS,2026-10-09T04:35:15Z
2019-07-22,PDN,21.75,21.75,20.68,21.47,450,KBS,2026-10-09T04:35:15Z
2019-07-23,PDN,20.86,21.06,20.42,20.47,620,KBS,2026-10-09T04:35:15Z
2019-07-24,PDN,20.42,20.42,20.17,20.17,2660,KBS,2026-10-09T04:35:15Z
2019-07-25,PDN,20.17,20.17,18.76,19.89,1370,KBS,2026-10-09T04:35:15Z
2019-07-26,PDN,19.89,19.89,19.04,19.04,100,KBS,2026-10-09T04:35:15Z
2019-07-29,PDN,17.87,19.4,17.87,18.15,500,KBS,2026-10-09T04:35:15Z
2019-07-30,PDN,18.12,18.18,18.12,18.12,2980,KBS,2026-10-09T04:35:15Z
2019-07-31,PDN,18.64,18.64,18.61,18.61,60,KBS,2026-10-09T04:35:15Z
2019-08-01,PDN,17.9,17.97,17.74,17.97,1050,KBS,2026-10-09T04:35:15Z
2019-08-02,PDN,17.97,18.12,17.97,18.12,140,KBS,2026-10-09T04:35:15Z
2019-08-05,PDN,18.86,18.86,18.36,18.36,90,KBS,2026-10-09T04:35:15Z
2019-08-06,PDN,17.49,18.23,17.49,18.23,150,KBS,2026-10-09T04:35:15Z
2019-08-08,PDN,17.87,19.12,17.87,19.12,10160,KBS,2026-10-09T04:35:15Z
2019-08-09,PDN,20.42,20.42,19.4,20.17,430,KBS,2026-10-09T04:35:15Z
2019-08-12,PDN,20.17,20.91,20.17,20.22,660,KBS,2026-10-09T04:35:15Z
2019-08-13,PDN,20.22,20.22,18.81,19.15,3070,KBS,2026-10-09T04:35:15Z
2019-08-14,PDN,17.87,19.91,17.87,18.38,960,KBS,2026-10-09T04:35:15Z
2019-08-15,PDN,17.44,19.07,17.39,18.38,640,KBS,2026-10-09T04:35:15Z
2019-08-16,PDN,18.51,19.32,18.51,19.27,470,KBS,2026-10-09T04:35:15Z
2019-08-19,PDN,18.84,19.27,18.84,19.27,220,KBS,2026-10-09T04:35:15Z
2019-08-20,PDN,18.89,18.89,18.89,18.89,570,KBS,2026-10-09T04:35:15Z
2019-08-21,PDN,18.38,19.15,18.38,19.15,400,KBS,2026-10-09T04:35:15Z
2019-08-22,PDN,19.02,19.15,19.02,19.1,80,KBS,2026-10-09T04:35:15Z
2019-08-23,PDN,18.51,20.37,18.51,20.17,40,KBS,2026-10-09T04:35:15Z
2019-08-26,PDN,20.17,20.17,20.17,20.17,100,KBS,2026-10-09T04:35:15Z
2019-08-27,PDN,18.89,18.89,18.89,18.89,130,KBS,2026-10-09T04:35:15Z
2019-08-28,PDN,20.01,20.01,18.89,18.89,40,KBS,2026-10-09T04:35:15Z
2019-08-29,PDN,18.89,18.89,18.89,18.89,510,KBS,2026-10-09T04:35:15Z
2019-08-30,PDN,19.66,19.66,18.64,18.89,110,KBS,2026-10-09T04:35:15Z
2019-09-05,PDN,18.36,19.89,18.3,19.89,60,KBS,2026-10-09T04:35:15Z
2019-09-09,PDN,18.56,18.89,18.53,18.56,3210,KBS,2026-10-09T04:35:15Z
2019-09-10,PDN,18.56,18.56,17.31,18.36,530,KBS,2026-10-09T04:35:15Z
2019-09-11,PDN,18.64,18.64,17.16,17.87,380,KBS,2026-10-09T04:35:15Z
2019-09-12,PDN,17.05,17.84,16.72,17.59,1530,KBS,2026-10-09T04:35:15Z
2019-09-13,PDN,17.51,17.51,16.72,16.75,540,KBS,2026-10-09T04:35:15Z
2019-09-16,PDN,16.87,17.59,16.77,17.59,100,KBS,2026-10-09T04:35:15Z
2019-09-17,PDN,17.59,17.87,17.59,17.87,130,KBS,2026-10-09T04:35:15Z
2019-09-18,PDN,17.1,18.0,17.1,18.0,2520,KBS,2026-10-09T04:35:15Z
2019-09-19,PDN,17.87,18.51,17.87,18.51,110,KBS,2026-10-09T04:35:15Z
2019-09-20,PDN,18.51,18.51,17.87,17.87,440,KBS,2026-10-09T04:35:15Z
2019-09-23,PDN,17.87,17.87,17.87,17.87,40,KBS,2026-10-09T04:35:15Z
2019-09-24,PDN,18.12,18.12,18.12,18.12,10,KBS,2026-10-09T04:35:15Z
2019-09-25,PDN,18.12,18.12,18.12,18.12,60,KBS,2026-10-09T04:35:15Z
2019-09-26,PDN,17.87,19.27,17.87,19.27,3190,KBS,2026-10-09T04:35:15Z
2019-09-27,PDN,19.27,20.42,19.27,20.42,60,KBS,2026-10-09T04:35:15Z
2019-09-30,PDN,20.78,20.78,18.99,19.15,700,KBS,2026-10-09T04:35:15Z
2019-10-01,PDN,18.38,19.4,18.38,19.4,1010,KBS,2026-10-09T04:35:15Z
2019-10-02,PDN,18.1,18.1,18.1,18.1,10,KBS,2026-10-09T04:35:15Z
2019-10-03,PDN,18.12,18.12,18.12,18.12,10,KBS,2026-10-09T04:35:15Z
2019-10-04,PDN,19.15,19.15,19.15,19.15,100,KBS,2026-10-09T04:35:15Z
2019-10-07,PDN,17.9,18.64,17.87,18.64,160,KBS,2026-10-09T04:35:15Z
2019-10-08,PDN,18.38,18.38,18.38,18.38,110,KBS,2026-10-09T04:35:15Z
2019-10-09,PDN,17.87,17.87,17.87,17.87,10,KBS,2026-10-09T04:35:15Z
2019-10-10,PDN,18.61,18.61,18.61,18.61,10,KBS,2026-10-09T04:35:15Z
2019-10-11,PDN,18.74,18.74,18.12,18.12,20,KBS,2026-10-09T04:35:15Z
2019-10-14,PDN,18.12,18.12,17.64,17.64,550,KBS,2026-10-09T04:35:15Z
2019-10-15,PDN,18.0,18.12,17.87,18.12,300,KBS,2026-10-09T04:35:15Z
2019-10-16,PDN,18.12,18.12,18.12,18.12,30,KBS,2026-10-09T04:35:15Z
2019-10-17,PDN,18.64,18.64,18.12,18.12,60,KBS,2026-10-09T04:35:15Z
2019-10-18,PDN,17.36,18.23,17.36,18.23,890,KBS,2026-10-09T04:35:15Z
2019-10-21,PDN,17.61,17.61,17.61,17.61,110,KBS,2026-10-09T04:35:15Z
2019-10-22,PDN,17.61,17.87,17.61,17.61,730,KBS,2026-10-09T04:35:15Z
2019-10-25,PDN,18.25,18.25,17.61,17.61,20,KBS,2026-10-09T04:35:15Z
2019-10-28,PDN,17.84,17.84,17.84,17.84,10,KBS,2026-10-09T04:35:15Z
2019-10-29,PDN,17.61,17.74,17.56,17.56,170,KBS,2026-10-09T04:35:15Z
2019-10-30,PDN,17.87,17.87,17.87,17.87,110,KBS,2026-10-09T04:35:15Z
2019-10-31,PDN,17.9,17.9,17.74,17.87,1470,KBS,2026-10-09T04:35:15Z
2019-11-01,PDN,17.87,18.89,17.87,18.89,40,KBS,2026-10-09T04:35:15Z
2019-11-05,PDN,19.91,19.91,19.91,19.91,10,KBS,2026-10-09T04:35:15Z
2019-11-06,PDN,18.53,18.53,18.53,18.53,1670,KBS,2026-10-09T04:35:15Z
2019-11-07,PDN,17.95,17.95,17.31,17.31,3620,KBS,2026-10-09T04:35:15Z
2019-11-08,PDN,17.31,18.51,16.85,17.05,7770,KBS,2026-10-09T04:35:15Z
2019-11-11,PDN,17.0,17.0,16.64,16.7,700,KBS,2026-10-09T04:35:15Z
2019-11-12,PDN,16.85,16.85,16.64,16.64,3660,KBS,2026-10-09T04:35:15Z
2019-11-13,PDN,15.85,16.64,15.85,16.64,3540,KBS,2026-10-09T04:35:15Z
2019-11-15,PDN,16.64,16.64,16.64,16.64,530,KBS,2026-10-09T04:35:15Z
2019-11-18,PDN,16.64,16.64,16.64,16.64,20,KBS,2026-10-09T04:35:15Z
2019-11-19,PDN,16.64,16.75,16.64,16.64,1540,KBS,2026-10-09T04:35:15Z
2019-11-20,PDN,16.64,17.61,16.64,17.61,1640,KBS,2026-10-09T04:35:15Z
2019-11-21,PDN,17.61,17.61,16.39,16.39,440,KBS,2026-10-09T04:35:15Z
2019-11-25,PDN,17.33,17.33,15.57,17.1,30,KBS,2026-10-09T04:35:15Z
2019-11-27,PDN,17.59,17.59,16.75,17.36,210,KBS,2026-10-09T04:35:15Z
2019-11-28,PDN,17.59,17.59,16.85,17.41,740,KBS,2026-10-09T04:35:15Z
2019-12-02,PDN,18.25,18.25,16.59,16.59,50,KBS,2026-10-09T04:35:15Z
2019-12-04,PDN,17.54,17.54,17.54,17.54,10,KBS,2026-10-09T04:35:15Z
2019-12-05,PDN,17.36,17.59,17.36,17.56,210,KBS,2026-10-09T04:35:15Z
2019-12-06,PDN,16.59,17.54,16.59,17.54,250,KBS,2026-10-09T04:35:15Z
2019-12-09,PDN,17.54,18.25,17.54,17.56,40,KBS,2026-10-09T04:35:15Z
2019-12-10,PDN,17.56,17.61,17.56,17.61,250,KBS,2026-10-09T04:35:15Z
2019-12-12,PDN,16.59,17.59,16.59,17.59,100,KBS,2026-10-09T04:35:15Z
2019-12-16,PDN,17.49,17.49,17.49,17.49,10,KBS,2026-10-09T04:35:15Z
2019-12-17,PDN,16.36,17.23,16.36,17.23,50,KBS,2026-10-09T04:35:15Z
2019-12-19,PDN,16.34,17.08,16.34,17.08,130,KBS,2026-10-09T04:35:15Z
2019-12-20,PDN,16.98,16.98,16.98,16.98,300,KBS,2026-10-09T04:35:15Z
2019-12-23,PDN,18.0,18.0,18.0,18.0,10,KBS,2026-10-09T04:35:15Z
2019-12-24,PDN,16.75,16.98,16.75,16.98,1720,KBS,2026-10-09T04:35:15Z
2019-12-25,PDN,17.79,17.79,17.79,17.79,10,KBS,2026-10-09T04:35:15Z
2019-12-30,PDN,16.59,16.59,16.59,16.59,10,KBS,2026-10-09T04:35:15Z
2019-12-31,PDN,16.21,17.61,15.57,17.61,310,KBS,2026-10-09T04:35:15Z
2020-01-02,PDN,17.61,17.61,16.49,16.49,1980,KBS,2026-10-09T04:35:15Z
2020-01-03,PDN,16.54,17.36,16.54,17.36,40,KBS,2026-10-09T04:35:15Z
2020-01-07,PDN,16.72,17.08,16.59,17.08,970,KBS,2026-10-09T04:35:15Z
2020-01-08,PDN,17.08,17.61,17.08,17.59,400,KBS,2026-10-09T04:35:15Z
2020-01-09,PDN,17.72,17.72,17.61,17.61,650,KBS,2026-10-09T04:35:15Z
2020-01-10,PDN,17.61,17.87,16.44,17.54,5040,KBS,2026-10-09T04:35:15Z
2020-01-13,PDN,18.0,18.66,16.59,17.87,10770,KBS,2026-10-09T04:35:15Z
2020-01-14,PDN,17.87,17.87,16.64,17.84,9110,KBS,2026-10-09T04:35:15Z
2020-01-15,PDN,17.74,17.77,17.74,17.77,1950,KBS,2026-10-09T04:35:15Z
2020-01-17,PDN,17.87,17.87,16.67,17.67,8160,KBS,2026-10-09T04:35:15Z
2020-01-20,PDN,17.84,17.84,17.61,17.61,120,KBS,2026-10-09T04:35:15Z
2020-01-21,PDN,16.77,17.61,16.75,17.61,510,KBS,2026-10-09T04:35:15Z
2020-01-22,PDN,16.85,17.84,16.85,17.84,260,KBS,2026-10-09T04:35:15Z
2020-01-30,PDN,17.87,18.38,16.98,17.0,18180,KBS,2026-10-09T04:35:15Z
2020-01-31,PDN,15.83,16.67,15.83,16.62,4300,KBS,2026-10-09T04:35:15Z
2020-02-03,PDN,16.36,16.36,16.34,16.36,90,KBS,2026-10-09T04:35:15Z
2020-02-04,PDN,17.1,17.36,17.1,17.36,130,KBS,2026-10-09T04:35:15Z
2020-02-05,PDN,17.36,17.36,16.21,16.39,1420,KBS,2026-10-09T04:35:15Z
2020-02-06,PDN,16.57,16.57,15.83,16.29,2140,KBS,2026-10-09T04:35:15Z
2020-02-07,PDN,16.29,16.57,16.29,16.29,900,KBS,2026-10-09T04:35:15Z
2020-02-10,PDN,16.31,16.34,16.31,16.34,160,KBS,2026-10-09T04:35:15Z
2020-02-11,PDN,16.73,16.91,16.21,16.26,2310,KBS,2026-10-09T04:35:15Z
2020-02-12,PDN,16.94,16.94,16.34,16.34,20,KBS,2026-10-09T04:35:15Z
2020-02-13,PDN,16.34,16.34,16.34,16.34,110,KBS,2026-10-09T04:35:15Z
2020-02-14,PDN,16.34,16.34,16.23,16.31,860,KBS,2026-10-09T04:35:15Z
2020-02-17,PDN,16.31,16.31,15.87,15.89,50,KBS,2026-10-09T04:35:15Z
2020-02-18,PDN,15.89,16.21,15.89,16.21,900,KBS,2026-10-09T04:35:15Z
2020-02-19,PDN,16.21,16.21,16.21,16.21,100,KBS,2026-10-09T04:35:15Z
2020-02-20,PDN,16.21,16.73,16.21,16.73,360,KBS,2026-10-09T04:35:15Z
2020-02-21,PDN,16.47,16.47,16.47,16.47,20,KBS,2026-10-09T04:35:15Z
2020-02-24,PDN,15.84,15.84,15.84,15.84,60,KBS,2026-10-09T04:35:15Z
2020-02-25,PDN,15.84,15.87,15.42,15.45,700,KBS,2026-10-09T04:35:15Z
2020-02-26,PDN,15.68,15.68,15.68,15.68,10,KBS,2026-10-09T04:35:15Z
2020-02-27,PDN,15.95,15.95,15.95,15.95,190,KBS,2026-10-09T04:35:15Z
2020-02-28,PDN,15.19,15.19,15.19,15.19,300,KBS,2026-10-09T04:35:15Z
2020-03-02,PDN,15.24,15.24,15.19,15.19,600,KBS,2026-10-09T04:35:15Z
2020-03-03,PDN,15.95,15.95,14.77,15.95,2020,KBS,2026-10-09T04:35:15Z
2020-03-04,PDN,15.95,15.95,15.42,15.68,220,KBS,2026-10-09T04:35:15Z
2020-03-05,PDN,15.68,15.68,15.68,15.68,160,KBS,2026-10-09T04:35:15Z
2020-03-06,PDN,15.68,15.68,15.42,15.68,60,KBS,2026-10-09T04:35:15Z
2020-03-09,PDN,15.68,15.68,14.64,14.64,1320,KBS,2026-10-09T04:35:15Z
2020-03-10,PDN,13.62,15.16,13.62,15.16,2760,KBS,2026-10-09T04:35:15Z
2020-03-11,PDN,15.55,15.55,15.16,15.16,300,KBS,2026-10-09T04:35:15Z
2020-03-12,PDN,14.4,15.53,14.4,15.53,120,KBS,2026-10-09T04:35:15Z
2020-03-13,PDN,14.46,15.48,14.46,15.48,1480,KBS,2026-10-09T04:35:15Z
2020-03-16,PDN,14.46,14.46,14.46,14.46,30,KBS,2026-10-09T04:35:15Z
2020-03-17,PDN,15.16,15.16,15.16,15.16,100,KBS,2026-10-09T04:35:15Z
2020-03-18,PDN,15.29,15.42,14.64,15.37,180,KBS,2026-10-09T04:35:15Z
2020-03-19,PDN,15.37,15.37,14.4,15.16,450,KBS,2026-10-09T04:35:15Z
2020-03-20,PDN,15.16,15.27,15.16,15.16,1270,KBS,2026-10-09T04:35:15Z
2020-03-23,PDN,14.12,15.19,14.12,15.19,80,KBS,2026-10-09T04:35:15Z
2020-03-24,PDN,15.03,15.16,15.03,15.16,50,KBS,2026-10-09T04:35:15Z
2020-03-25,PDN,15.11,15.63,14.38,15.63,1210,KBS,2026-10-09T04:35:15Z
2020-03-26,PDN,15.63,15.63,14.77,15.63,150,KBS,2026-10-09T04:35:15Z
2020-03-27,PDN,15.42,16.47,15.42,15.95,280,KBS,2026-10-09T04:35:15Z
2020-03-30,PDN,15.95,15.95,14.9,15.95,9500,KBS,2026-10-09T04:35:15Z
2020-03-31,PDN,14.9,15.95,14.9,15.95,120,KBS,2026-10-09T04:35:15Z
2020-04-01,PDN,14.95,15.95,14.9,15.16,6770,KBS,2026-10-09T04:35:15Z
2020-04-03,PDN,14.98,15.95,14.98,15.95,2400,KBS,2026-10-09T04:35:15Z
2020-04-06,PDN,15.16,15.92,15.11,15.68,250,KBS,2026-10-09T04:35:15Z
2020-04-07,PDN,14.8,15.66,14.77,15.66,1830,KBS,2026-10-09T04:35:15Z
2020-04-08,PDN,15.66,15.66,15.66,15.66,300,KBS,2026-10-09T04:35:15Z
2020-04-09,PDN,15.16,15.16,14.93,15.03,2440,KBS,2026-10-09T04:35:15Z
2020-04-10,PDN,15.03,15.53,15.03,15.53,240,KBS,2026-10-09T04:35:15Z
2020-04-13,PDN,15.5,15.53,15.45,15.53,460,KBS,2026-10-09T04:35:15Z
2020-04-14,PDN,15.53,16.6,15.53,16.34,650,KBS,2026-10-09T04:35:15Z
2020-04-15,PDN,16.34,16.34,16.34,16.34,60,KBS,2026-10-09T04:35:15Z
2020-04-16,PDN,15.32,16.29,15.29,16.29,300,KBS,2026-10-09T04:35:15Z
2020-04-17,PDN,15.32,15.95,15.29,15.95,490,KBS,2026-10-09T04:35:15Z
2020-04-20,PDN,15.95,16.18,15.42,16.18,1790,KBS,2026-10-09T04:35:15Z
2020-04-21,PDN,15.68,16.08,15.45,16.08,1160,KBS,2026-10-09T04:35:15Z
2020-04-22,PDN,15.95,15.95,15.95,15.95,40,KBS,2026-10-09T04:35:15Z
2020-04-24,PDN,15.87,15.87,15.87,15.87,150,KBS,2026-10-09T04:35:15Z
2020-04-27,PDN,15.89,15.89,15.89,15.89,20,KBS,2026-10-09T04:35:15Z
2020-04-28,PDN,15.89,15.89,15.82,15.82,30,KBS,2026-10-09T04:35:15Z
2020-05-04,PDN,15.89,15.95,15.82,15.82,5330,KBS,2026-10-09T04:35:15Z
2020-05-05,PDN,15.42,15.42,15.42,15.42,10,KBS,2026-10-09T04:35:15Z
2020-05-06,PDN,15.08,16.47,15.08,16.47,6900,KBS,2026-10-09T04:35:15Z
2020-05-07,PDN,15.34,16.47,15.34,15.95,18320,KBS,2026-10-09T04:35:15Z
2020-05-08,PDN,16.21,16.99,16.16,16.99,10720,KBS,2026-10-09T04:35:15Z
2020-05-12,PDN,16.91,16.99,15.95,16.99,1290,KBS,2026-10-09T04:35:15Z
2020-05-13,PDN,16.94,17.38,16.23,16.23,1010,KBS,2026-10-09T04:35:15Z
2020-05-14,PDN,16.26,16.99,16.26,16.99,280,KBS,2026-10-09T04:35:15Z
2020-05-15,PDN,16.73,16.73,16.73,16.73,350,KBS,2026-10-09T04:35:15Z
2020-05-18,PDN,16.7,16.84,16.68,16.84,450,KBS,2026-10-09T04:35:15Z
2020-05-19,PDN,16.99,16.99,16.86,16.86,70,KBS,2026-10-09T04:35:15Z
2020-05-20,PDN,17.25,17.25,16.7,16.86,2930,KBS,2026-10-09T04:35:15Z
2020-05-21,PDN,16.73,16.73,16.73,16.73,200,KBS,2026-10-09T04:35:15Z
2020-05-22,PDN,17.25,17.25,17.25,17.25,800,KBS,2026-10-09T04:35:15Z
2020-05-25,PDN,17.25,17.25,17.25,17.25,810,KBS,2026-10-09T04:35:15Z
2020-05-26,PDN,17.25,18.04,17.25,17.78,1340,KBS,2026-10-09T04:35:15Z
2020-05-27,PDN,17.98,17.98,16.76,17.96,5060,KBS,2026-10-09T04:35:15Z
2020-05-28,PDN,17.25,17.93,17.25,17.91,1770,KBS,2026-10-09T04:35:15Z
2020-05-29,PDN,16.76,17.78,16.76,17.78,30,KBS,2026-10-09T04:35:15Z
2020-06-01,PDN,17.78,17.78,16.57,17.25,1260,KBS,2026-10-09T04:35:15Z
2020-06-02,PDN,17.64,17.64,17.25,17.25,140,KBS,2026-10-09T04:35:15Z
2020-06-03,PDN,17.67,17.67,17.67,17.67,10,KBS,2026-10-09T04:35:15Z
2020-06-04,PDN,17.64,17.7,17.64,17.7,3150,KBS,2026-10-09T04:35:15Z
2020-06-05,PDN,17.7,17.75,17.7,17.7,3400,KBS,2026-10-09T04:35:15Z
2020-06-08,PDN,17.7,17.75,17.7,17.72,420,KBS,2026-10-09T04:35:15Z
2020-06-10,PDN,17.52,17.54,17.52,17.54,160,KBS,2026-10-09T04:35:15Z
2020-06-11,PDN,17.41,17.67,17.38,17.67,2390,KBS,2026-10-09T04:35:15Z
2020-06-12,PDN,17.7,17.75,17.7,17.75,1000,KBS,2026-10-09T04:35:15Z
2020-06-15,PDN,17.78,17.78,17.46,17.75,870,KBS,2026-10-09T04:35:15Z
2020-06-16,PDN,17.7,17.7,17.25,17.7,340,KBS,2026-10-09T04:35:15Z
2020-06-17,PDN,17.91,18.79,17.64,18.79,6440,KBS,2026-10-09T04:35:15Z
2020-06-18,PDN,17.91,20.05,17.51,20.05,11170,KBS,2026-10-09T04:35:15Z
2020-06-19,PDN,20.05,20.05,18.66,19.65,3380,KBS,2026-10-09T04:35:15Z
2020-06-22,PDN,19.7,19.76,18.71,19.65,160,KBS,2026-10-09T04:35:15Z
2020-06-23,PDN,19.49,20.85,19.25,20.85,8660,KBS,2026-10-09T04:35:15Z
2020-06-24,PDN,19.52,20.85,19.52,20.48,560,KBS,2026-10-09T04:35:15Z
2020-06-25,PDN,21.9,21.9,19.52,21.39,4390,KBS,2026-10-09T04:35:15Z
2020-06-26,PDN,20.32,21.25,20.32,21.25,1020,KBS,2026-10-09T04:35:15Z
2020-06-29,PDN,21.39,21.65,20.29,21.47,840,KBS,2026-10-09T04:35:15Z
2020-06-30,PDN,21.39,21.39,21.39,21.39,2000,KBS,2026-10-09T04:35:15Z
2020-07-01,PDN,21.33,21.33,20.02,21.33,5720,KBS,2026-10-09T04:35:15Z
2020-07-03,PDN,20.56,20.82,20.56,20.82,70,KBS,2026-10-09T04:35:15Z
2020-07-06,PDN,20.58,21.39,20.58,21.39,500,KBS,2026-10-09T04:35:15Z
2020-07-08,PDN,20.85,21.12,20.85,21.12,100,KBS,2026-10-09T04:35:15Z
2020-07-10,PDN,21.12,21.12,21.12,21.12,50,KBS,2026-10-09T04:35:15Z
2020-07-15,PDN,19.92,21.12,19.92,21.12,2820,KBS,2026-10-09T04:35:15Z
2020-07-16,PDN,20.05,21.12,20.05,21.12,260,KBS,2026-10-09T04:35:15Z
2020-07-20,PDN,20.05,20.05,19.78,19.78,630,KBS,2026-10-09T04:35:15Z
2020-07-21,PDN,19.78,20.85,19.52,19.54,18520,KBS,2026-10-09T04:35:15Z
2020-07-22,PDN,20.77,20.77,19.57,19.57,140,KBS,2026-10-09T04:35:15Z
2020-07-23,PDN,19.57,19.57,19.57,19.57,10,KBS,2026-10-09T04:35:15Z
2020-07-27,PDN,18.71,18.71,18.71,18.71,1000,KBS,2026-10-09T04:35:15Z
2020-07-28,PDN,18.71,18.71,18.71,18.71,20,KBS,2026-10-09T04:35:15Z
2020-07-30,PDN,18.71,18.71,18.71,18.71,6010,KBS,2026-10-09T04:35:15Z
2020-07-31,PDN,19.89,19.97,18.74,18.74,260,KBS,2026-10-09T04:35:15Z
2020-08-03,PDN,18.77,19.01,18.02,18.02,3430,KBS,2026-10-09T04:35:15Z
2020-08-04,PDN,18.69,19.27,18.69,19.27,13460,KBS,2026-10-09T04:35:15Z
2020-08-05,PDN,19.94,19.94,18.74,19.92,5710,KBS,2026-10-09T04:35:15Z
2020-08-06,PDN,19.86,19.89,18.98,19.11,9240,KBS,2026-10-09T04:35:15Z
2020-08-07,PDN,19.86,19.86,19.86,19.86,10,KBS,2026-10-09T04:35:15Z
2020-08-10,PDN,19.86,19.86,18.77,19.11,5750,KBS,2026-10-09T04:35:15Z
2020-08-11,PDN,19.57,19.57,19.57,19.57,10,KBS,2026-10-09T04:35:15Z
2020-08-12,PDN,19.57,19.57,19.57,19.57,20,KBS,2026-10-09T04:35:15Z
2020-08-13,PDN,19.43,19.43,19.43,19.43,20,KBS,2026-10-09T04:35:15Z
2020-08-14,PDN,18.71,19.38,18.71,19.38,120,KBS,2026-10-09T04:35:15Z
2020-08-17,PDN,19.73,19.73,18.71,18.71,130,KBS,2026-10-09T04:35:15Z
2020-08-18,PDN,18.71,19.6,18.71,19.49,1060,KBS,2026-10-09T04:35:15Z
2020-08-20,PDN,19.49,19.49,18.98,19.25,2090,KBS,2026-10-09T04:35:15Z
2020-08-21,PDN,18.47,20.58,18.47,20.58,20,KBS,2026-10-09T04:35:15Z
2020-08-24,PDN,20.58,20.58,20.58,20.58,100,KBS,2026-10-09T04:35:15Z
2020-08-25,PDN,20.42,20.42,19.38,19.38,190,KBS,2026-10-09T04:35:15Z
2020-08-26,PDN,20.45,20.56,19.11,20.45,1180,KBS,2026-10-09T04:35:15Z
2020-08-27,PDN,19.52,20.85,19.11,19.33,1790,KBS,2026-10-09T04:35:15Z
2020-08-28,PDN,20.42,20.42,19.33,19.41,55750,KBS,2026-10-09T04:35:15Z
2020-08-31,PDN,20.32,20.32,20.05,20.05,60,KBS,2026-10-09T04:35:15Z
2020-09-03,PDN,19.97,19.97,19.52,19.62,600,KBS,2026-10-09T04:35:15Z
2020-09-04,PDN,19.52,19.52,18.77,19.14,4670,KBS,2026-10-09T04:35:15Z
2020-09-07,PDN,19.84,19.84,19.06,19.06,3010,KBS,2026-10-09T04:35:15Z
2020-09-08,PDN,19.09,19.7,19.09,19.7,1520,KBS,2026-10-09T04:35:15Z
2020-09-09,PDN,19.7,19.7,19.14,19.14,30,KBS,2026-10-09T04:35:15Z
2020-09-10,PDN,19.14,19.57,19.14,19.57,2220,KBS,2026-10-09T04:35:15Z
2020-09-11,PDN,19.2,19.57,19.2,19.57,810,KBS,2026-10-09T04:35:15Z
2020-09-14,PDN,20.4,20.4,20.4,20.4,10,KBS,2026-10-09T04:35:15Z
2020-09-15,PDN,20.34,20.34,20.02,20.02,790,KBS,2026-10-09T04:35:15Z
2020-09-16,PDN,19.92,19.92,19.52,19.52,630,KBS,2026-10-09T04:35:15Z
2020-09-17,PDN,19.52,19.6,19.52,19.6,300,KBS,2026-10-09T04:35:15Z
2020-09-18,PDN,19.6,19.97,19.25,19.97,1710,KBS,2026-10-09T04:35:15Z
2020-09-21,PDN,19.89,20.37,19.52,20.37,1420,KBS,2026-10-09T04:35:15Z
2020-09-22,PDN,19.41,20.02,19.33,20.02,1560,KBS,2026-10-09T04:35:15Z
2020-09-23,PDN,19.65,19.65,19.65,19.65,30,KBS,2026-10-09T04:35:15Z
2020-09-24,PDN,19.94,19.94,19.94,19.94,10,KBS,2026-10-09T04:35:15Z
2020-09-25,PDN,19.89,19.94,19.89,19.94,470,KBS,2026-10-09T04:35:15Z
2020-09-28,PDN,19.92,20.05,19.92,20.05,2940,KBS,2026-10-09T04:35:15Z
2020-09-29,PDN,20.24,21.28,20.24,20.32,1620,KBS,2026-10-09T04:35:15Z
2020-09-30,PDN,19.57,19.57,19.57,19.57,10,KBS,2026-10-09T04:35:15Z
2020-10-01,PDN,19.65,20.72,19.65,19.7,600,KBS,2026-10-09T04:35:15Z
2020-10-02,PDN,20.58,20.58,19.81,19.81,1220,KBS,2026-10-09T04:35:15Z
2020-10-05,PDN,19.81,20.02,19.81,20.02,350,KBS,2026-10-09T04:35:15Z
2020-10-06,PDN,20.72,20.72,19.76,20.66,1070,KBS,2026-10-09T04:35:15Z
2020-10-07,PDN,19.78,20.82,19.76,20.82,90,KBS,2026-10-09T04:35:15Z
2020-10-08,PDN,19.86,20.72,19.81,20.72,1100,KBS,2026-10-09T04:35:15Z
2020-10-09,PDN,19.84,20.69,19.84,20.69,420,KBS,2026-10-09T04:35:15Z
2020-10-12,PDN,19.84,19.84,19.84,19.84,600,KBS,2026-10-09T04:35:15Z
2020-10-13,PDN,19.86,19.86,19.84,19.84,1100,KBS,2026-10-09T04:35:15Z
2020-10-14,PDN,19.78,19.97,19.78,19.97,3660,KBS,2026-10-09T04:35:15Z
2020-10-15,PDN,19.86,19.92,19.78,19.78,1190,KBS,2026-10-09T04:35:15Z
2020-10-16,PDN,19.76,19.76,19.52,19.68,2230,KBS,2026-10-09T04:35:15Z
2020-10-19,PDN,19.62,20.24,19.52,20.24,670,KBS,2026-10-09T04:35:15Z
2020-10-20,PDN,20.24,20.24,20.24,20.24,520,KBS,2026-10-09T04:35:15Z
2020-10-21,PDN,20.05,20.74,20.05,20.74,310,KBS,2026-10-09T04:35:15Z
2020-10-22,PDN,19.78,20.05,19.78,20.0,1460,KBS,2026-10-09T04:35:15Z
2020-10-23,PDN,20.0,20.0,20.0,20.0,10,KBS,2026-10-09T04:35:15Z
2020-10-26,PDN,20.0,20.18,20.0,20.18,230,KBS,2026-10-09T04:35:15Z
2020-10-27,PDN,20.26,20.29,20.26,20.29,180,KBS,2026-10-09T04:35:15Z
2020-10-29,PDN,20.05,20.05,20.05,20.05,500,KBS,2026-10-09T04:35:15Z
2020-10-30,PDN,19.78,20.21,19.78,20.21,3810,KBS,2026-10-09T04:35:15Z
2020-11-02,PDN,20.21,20.21,19.78,19.78,30,KBS,2026-10-09T04:35:15Z
2020-11-03,PDN,20.34,20.34,20.34,20.34,10,KBS,2026-10-09T04:35:15Z
2020-11-05,PDN,20.32,20.32,20.05,20.05,20,KBS,2026-10-09T04:35:15Z
2020-11-06,PDN,20.29,20.29,20.29,20.29,10,KBS,2026-10-09T04:35:15Z
2020-11-09,PDN,20.26,20.26,20.26,20.26,20,KBS,2026-10-09T04:35:15Z
2020-11-11,PDN,20.42,20.42,20.42,20.42,60,KBS,2026-10-09T04:35:15Z
2020-11-16,PDN,20.37,20.37,19.84,20.32,310,KBS,2026-10-09T04:35:15Z
2020-11-17,PDN,20.32,20.45,20.32,20.45,1300,KBS,2026-10-09T04:35:15Z
2020-11-18,PDN,20.45,20.45,20.45,20.45,470,KBS,2026-10-09T04:35:15Z
2020-11-19,PDN,20.45,20.56,20.45,20.45,290,KBS,2026-10-09T04:35:15Z
2020-11-24,PDN,20.32,20.4,20.32,20.32,40570,KBS,2026-10-09T04:35:15Z
2020-11-25,PDN,20.34,21.39,20.32,21.39,1550,KBS,2026-10-09T04:35:15Z
2020-11-26,PDN,21.47,21.47,20.32,21.23,2340,KBS,2026-10-09T04:35:15Z
2020-11-27,PDN,21.15,22.14,21.15,21.36,1160,KBS,2026-10-09T04:35:15Z
2020-12-01,PDN,21.47,21.47,21.47,21.47,10,KBS,2026-10-09T04:35:15Z
2020-12-02,PDN,20.21,21.31,20.21,21.31,260,KBS,2026-10-09T04:35:15Z
2020-12-04,PDN,20.61,21.39,20.61,21.39,830,KBS,2026-10-09T04:35:15Z
2020-12-07,PDN,20.21,21.39,20.21,21.39,4710,KBS,2026-10-09T04:35:15Z
2020-12-08,PDN,21.07,21.07,21.07,21.07,10,KBS,2026-10-09T04:35:15Z
2020-12-09,PDN,20.85,21.28,20.85,21.28,510,KBS,2026-10-09T04:35:15Z
2020-12-10,PDN,20.4,21.28,20.4,21.28,4800,KBS,2026-10-09T04:35:15Z
2020-12-14,PDN,21.39,21.39,20.61,21.12,820,KBS,2026-10-09T04:35:15Z
2020-12-15,PDN,21.33,21.33,21.33,21.33,20,KBS,2026-10-09T04:35:15Z
2020-12-16,PDN,21.33,21.33,21.31,21.33,830,KBS,2026-10-09T04:35:15Z
2020-12-17,PDN,20.45,21.2,20.45,20.58,380,KBS,2026-10-09T04:35:15Z
2020-12-18,PDN,20.48,20.58,20.48,20.58,710,KBS,2026-10-09T04:35:15Z
2020-12-21,PDN,20.61,20.85,19.27,20.85,1960,KBS,2026-10-09T04:35:15Z
2020-12-22,PDN,21.12,21.28,20.61,20.61,1070,KBS,2026-10-09T04:35:15Z
2020-12-23,PDN,20.61,20.61,20.61,20.61,800,KBS,2026-10-09T04:35:15Z
2020-12-24,PDN,20.58,20.58,20.5,20.5,290,KBS,2026-10-09T04:35:15Z
2020-12-25,PDN,20.53,20.96,19.62,20.5,5680,KBS,2026-10-09T04:35:15Z
2020-12-28,PDN,20.5,20.82,20.48,20.82,6750,KBS,2026-10-09T04:35:15Z
2020-12-29,PDN,20.82,21.07,20.82,21.07,910,KBS,2026-10-09T04:35:15Z
2020-12-30,PDN,20.66,20.66,20.58,20.66,1130,KBS,2026-10-09T04:35:15Z
2020-12-31,PDN,19.78,21.25,19.78,20.58,390,KBS,2026-10-09T04:35:15Z
2021-01-04,PDN,21.39,21.39,21.39,21.39,600,KBS,2026-10-09T04:35:15Z
2021-01-05,PDN,21.39,21.52,21.39,21.52,1300,KBS,2026-10-09T04:35:15Z
2021-01-07,PDN,21.52,21.52,21.44,21.44,500,KBS,2026-10-09T04:35:15Z
2021-01-08,PDN,21.44,21.44,21.44,21.44,500,KBS,2026-10-09T04:35:15Z
2021-01-11,PDN,20.16,20.16,20.05,20.05,3000,KBS,2026-10-09T04:35:15Z
2021-01-12,PDN,20.58,20.58,20.58,20.58,500,KBS,2026-10-09T04:35:15Z
2021-01-14,PDN,20.58,20.58,20.58,20.58,1900,KBS,2026-10-09T04:35:15Z
2021-01-15,PDN,20.64,21.52,20.64,21.52,4000,KBS,2026-10-09T04:35:15Z
2021-01-19,PDN,20.77,21.52,20.77,21.52,800,KBS,2026-10-09T04:35:15Z
2021-01-20,PDN,21.39,22.72,21.39,22.59,4100,KBS,2026-10-09T04:35:15Z
2021-01-21,PDN,21.81,21.81,21.65,21.65,1000,KBS,2026-10-09T04:35:15Z
2021-01-22,PDN,21.52,21.52,21.52,21.52,100,KBS,2026-10-09T04:35:15Z
2021-01-26,PDN,21.12,21.12,21.12,21.12,100,KBS,2026-10-09T04:35:15Z
2021-01-27,PDN,21.12,21.12,21.12,21.12,300,KBS,2026-10-09T04:35:15Z
2021-01-28,PDN,20.05,22.46,20.05,22.46,2300,KBS,2026-10-09T04:35:15Z
2021-01-29,PDN,20.91,20.91,20.91,20.91,100,KBS,2026-10-09T04:35:15Z
2021-02-01,PDN,20.1,22.19,20.1,22.19,1200,KBS,2026-10-09T04:35:15Z
2021-02-03,PDN,22.19,22.19,22.19,22.19,100,KBS,2026-10-09T04:35:15Z
2021-02-04,PDN,20.64,22.16,20.64,22.16,1300,KBS,2026-10-09T04:35:15Z
2021-02-08,PDN,21.04,21.12,20.77,20.77,3300,KBS,2026-10-09T04:35:15Z
2021-02-09,PDN,22.03,22.03,20.69,22.0,300,KBS,2026-10-09T04:35:15Z
2021-02-17,PDN,22.56,22.56,22.46,22.46,700,KBS,2026-10-09T04:35:15Z
2021-02-19,PDN,22.46,22.46,22.46,22.46,1000,KBS,2026-10-09T04:35:15Z
2021-02-22,PDN,22.46,22.99,21.01,22.72,2500,KBS,2026-10-09T04:35:15Z
2021-02-23,PDN,21.55,22.46,21.55,22.19,3700,KBS,2026-10-09T04:35:15Z
2021-02-24,PDN,22.19,22.19,22.19,22.19,5400,KBS,2026-10-09T04:35:15Z
2021-02-25,PDN,22.46,22.46,21.65,22.19,7400,KBS,2026-10-09T04:35:15Z
2021-02-26,PDN,22.19,22.19,22.19,22.19,1500,KBS,2026-10-09T04:35:15Z
2021-03-01,PDN,22.06,22.19,21.65,21.65,3700,KBS,2026-10-09T04:35:15Z
2021-03-02,PDN,22.19,22.19,22.06,22.06,400,KBS,2026-10-09T04:35:15Z
2021-03-03,PDN,22.06,22.06,20.58,20.58,4700,KBS,2026-10-09T04:35:15Z
2021-03-04,PDN,21.39,21.65,21.39,21.39,15000,KBS,2026-10-09T04:35:15Z
2021-03-05,PDN,21.39,21.92,21.39,21.79,2900,KBS,2026-10-09T04:35:15Z
2021-03-08,PDN,21.79,21.79,21.79,21.79,300,KBS,2026-10-09T04:35:15Z
2021-03-09,PDN,21.23,21.23,21.23,21.23,100,KBS,2026-10-09T04:35:15Z
2021-03-10,PDN,21.23,21.9,21.2,21.2,6900,KBS,2026-10-09T04:35:15Z
2021-03-11,PDN,21.79,22.59,21.79,22.43,800,KBS,2026-10-09T04:35:15Z
2021-03-12,PDN,22.72,22.72,22.72,22.72,100,KBS,2026-10-09T04:35:15Z
2021-03-15,PDN,21.73,22.72,21.73,22.72,7300,KBS,2026-10-09T04:35:15Z
2021-03-16,PDN,22.46,22.46,22.43,22.46,4400,KBS,2026-10-09T04:35:15Z
2021-03-17,PDN,21.94,22.02,21.94,22.02,500,KBS,2026-10-09T04:35:15Z
2021-03-18,PDN,22.59,22.59,22.56,22.59,3400,KBS,2026-10-09T04:35:15Z
2021-03-19,PDN,22.81,22.81,22.73,22.73,5600,KBS,2026-10-09T04:35:15Z
2021-03-22,PDN,22.37,22.37,22.37,22.37,900,KBS,2026-10-09T04:35:15Z
2021-03-23,PDN,22.86,22.86,22.59,22.86,3000,KBS,2026-10-09T04:35:15Z
2021-03-24,PDN,22.86,22.86,22.59,22.59,3000,KBS,2026-10-09T04:35:15Z
2021-03-25,PDN,22.1,24.09,22.08,22.37,9500,KBS,2026-10-09T04:35:15Z
2021-03-26,PDN,22.08,22.08,22.08,22.08,100,KBS,2026-10-09T04:35:15Z
2021-03-29,PDN,22.08,22.08,22.08,22.08,100,KBS,2026-10-09T04:35:15Z
2021-03-31,PDN,23.27,23.27,23.27,23.27,100,KBS,2026-10-09T04:35:15Z
2021-04-01,PDN,23.27,23.27,23.27,23.27,100,KBS,2026-10-09T04:35:15Z
2021-04-05,PDN,22.08,22.08,22.08,22.08,100,KBS,2026-10-09T04:35:15Z
2021-04-06,PDN,21.94,21.94,21.94,21.94,100,KBS,2026-10-09T04:35:15Z
2021-04-08,PDN,23.24,23.24,23.24,23.24,100,KBS,2026-10-09T04:35:15Z
2021-04-09,PDN,23.24,23.24,23.22,23.22,200,KBS,2026-10-09T04:35:15Z
2021-04-12,PDN,24.42,24.42,22.86,22.86,2300,KBS,2026-10-09T04:35:15Z
2021-04-13,PDN,22.86,22.86,22.86,22.86,100,KBS,2026-10-09T04:35:15Z
2021-04-14,PDN,22.59,22.59,22.37,22.37,200,KBS,2026-10-09T04:35:15Z
2021-04-15,PDN,22.59,22.59,22.32,22.35,800,KBS,2026-10-09T04:35:15Z
2021-04-16,PDN,22.35,22.35,22.32,22.32,2000,KBS,2026-10-09T04:35:15Z
2021-04-19,PDN,22.46,22.46,22.46,22.46,100,KBS,2026-10-09T04:35:15Z
2021-04-20,PDN,23.9,23.93,23.9,23.93,1300,KBS,2026-10-09T04:35:15Z
2021-04-22,PDN,22.43,23.9,22.43,23.9,1000,KBS,2026-10-09T04:35:15Z
2021-04-26,PDN,22.4,23.49,22.4,23.38,500,KBS,2026-10-09T04:35:15Z
2021-04-27,PDN,22.4,22.4,22.4,22.4,100,KBS,2026-10-09T04:35:15Z
2021-04-28,PDN,22.4,23.19,22.4,23.19,700,KBS,2026-10-09T04:35:15Z
2021-04-29,PDN,22.62,22.62,22.62,22.62,500,KBS,2026-10-09T04:35:15Z
2021-05-04,PDN,22.65,22.65,22.65,22.65,1800,KBS,2026-10-09T04:35:15Z
2021-05-05,PDN,22.86,22.86,22.65,22.86,2000,KBS,2026-10-09T04:35:15Z
2021-05-07,PDN,22.59,22.59,22.59,22.59,1500,KBS,2026-10-09T04:35:15Z
2021-05-10,PDN,23.14,23.14,22.84,22.84,900,KBS,2026-10-09T04:35:15Z
2021-05-11,PDN,22.18,22.59,22.02,22.32,7200,KBS,2026-10-09T04:35:15Z
2021-05-12,PDN,22.32,22.32,22.29,22.32,4200,KBS,2026-10-09T04:35:15Z
2021-05-13,PDN,22.29,22.29,22.27,22.29,3000,KBS,2026-10-09T04:35:15Z
2021-05-14,PDN,22.46,22.46,22.46,22.46,900,KBS,2026-10-09T04:35:15Z
2021-05-17,PDN,22.86,22.86,22.32,22.32,1600,KBS,2026-10-09T04:35:15Z
2021-05-18,PDN,21.04,22.46,21.04,22.46,700,KBS,2026-10-09T04:35:15Z
2021-05-19,PDN,21.26,21.26,21.26,21.26,100,KBS,2026-10-09T04:35:15Z
2021-05-24,PDN,21.78,21.83,21.2,21.83,2800,KBS,2026-10-09T04:35:15Z
2021-05-25,PDN,22.43,22.46,22.43,22.46,2700,KBS,2026-10-09T04:35:15Z
2021-05-26,PDN,22.4,22.46,22.32,22.46,5300,KBS,2026-10-09T04:35:15Z
2021-05-27,PDN,22.32,22.32,22.32,22.32,900,KBS,2026-10-09T04:35:15Z
2021-05-28,PDN,21.83,22.32,21.83,22.32,600,KBS,2026-10-09T04:35:15Z
2021-05-31,PDN,22.32,22.32,22.32,22.32,200,KBS,2026-10-09T04:35:15Z
2021-06-01,PDN,21.26,22.46,21.26,22.46,300,KBS,2026-10-09T04:35:15Z
2021-06-02,PDN,22.46,22.46,22.46,22.46,300,KBS,2026-10-09T04:35:15Z
2021-06-03,PDN,22.46,22.46,22.46,22.46,1000,KBS,2026-10-09T04:35:15Z
2021-06-04,PDN,21.5,21.58,21.5,21.58,300,KBS,2026-10-09T04:35:15Z
2021-06-08,PDN,22.32,22.32,22.32,22.32,1100,KBS,2026-10-09T04:35:15Z
2021-06-09,PDN,22.32,22.4,22.32,22.4,7100,KBS,2026-10-09T04:35:15Z
2021-06-10,PDN,22.48,22.59,22.32,22.32,1100,KBS,2026-10-09T04:35:15Z
2021-06-11,PDN,22.32,22.46,22.32,22.32,800,KBS,2026-10-09T04:35:15Z
2021-06-14,PDN,22.32,22.32,22.32,22.32,1400,KBS,2026-10-09T04:35:15Z
2021-06-15,PDN,22.32,22.46,22.32,22.32,1800,KBS,2026-10-09T04:35:15Z
2021-06-16,PDN,22.59,22.86,22.59,22.86,1300,KBS,2026-10-09T04:35:15Z
2021-06-17,PDN,22.89,22.89,22.89,22.89,200,KBS,2026-10-09T04:35:15Z
2021-06-21,PDN,22.86,22.86,22.86,22.86,100,KBS,2026-10-09T04:35:15Z
2021-06-22,PDN,22.86,23.14,22.86,23.14,800,KBS,2026-10-09T04:35:15Z
2021-06-23,PDN,24.5,24.5,23.14,23.14,1500,KBS,2026-10-09T04:35:15Z
2021-06-24,PDN,23.14,23.14,23.14,23.14,600,KBS,2026-10-09T04:35:15Z
2021-06-25,PDN,23.14,23.95,23.14,23.95,1000,KBS,2026-10-09T04:35:15Z
2021-06-28,PDN,23.95,23.95,23.95,23.95,400,KBS,2026-10-09T04:35:15Z
2021-06-30,PDN,22.32,22.32,22.32,22.32,1000,KBS,2026-10-09T04:35:15Z
2021-07-01,PDN,23.14,23.14,22.46,22.46,4400,KBS,2026-10-09T04:35:15Z
2021-07-05,PDN,22.46,22.46,22.32,22.32,500,KBS,2026-10-09T04:35:15Z
2021-07-07,PDN,22.32,22.32,22.32,22.32,100,KBS,2026-10-09T04:35:15Z
2021-07-12,PDN,22.32,22.35,22.32,22.35,1900,KBS,2026-10-09T04:35:15Z
2021-07-13,PDN,22.18,22.18,22.18,22.18,100,KBS,2026-10-09T04:35:15Z
2021-07-14,PDN,22.35,22.35,22.35,22.35,300,KBS,2026-10-09T04:35:15Z
2021-07-16,PDN,22.59,22.59,22.59,22.59,200,KBS,2026-10-09T04:35:15Z
2021-07-19,PDN,21.01,23.08,21.01,23.08,1500,KBS,2026-10-09T04:35:15Z
2021-07-21,PDN,23.56,23.64,23.56,23.64,1200,KBS,2026-10-09T04:35:15Z
2021-07-22,PDN,22.86,24.73,22.86,24.73,500,KBS,2026-10-09T04:35:15Z
2021-07-26,PDN,24.67,24.67,24.67,24.67,100,KBS,2026-10-09T04:35:15Z
2021-07-29,PDN,23.7,24.5,23.03,23.03,900,KBS,2026-10-09T04:35:15Z
2021-07-30,PDN,23.03,24.25,23.03,24.25,2200,KBS,2026-10-09T04:35:15Z
2021-08-02,PDN,25.79,25.79,23.7,23.7,1600,KBS,2026-10-09T04:35:15Z
2021-08-03,PDN,23.84,23.84,23.84,23.84,100,KBS,2026-10-09T04:35:15Z
2021-08-05,PDN,25.09,25.09,25.09,25.09,100,KBS,2026-10-09T04:35:15Z
2021-08-06,PDN,25.09,25.09,24.81,25.09,500,KBS,2026-10-09T04:35:15Z
2021-08-09,PDN,25.65,25.65,25.65,25.65,100,KBS,2026-10-09T04:35:15Z
2021-08-10,PDN,26.76,26.76,25.09,25.09,5100,KBS,2026-10-09T04:35:15Z
2021-08-11,PDN,25.65,25.65,25.14,25.14,5100,KBS,2026-10-09T04:35:15Z
2021-08-12,PDN,25.59,25.62,24.56,24.56,5300,KBS,2026-10-09T04:35:15Z
2021-08-13,PDN,24.53,24.53,24.53,24.53,200,KBS,2026-10-09T04:35:15Z
2021-08-16,PDN,24.53,25.62,24.39,24.42,3200,KBS,2026-10-09T04:35:15Z
2021-08-17,PDN,24.81,24.81,24.81,24.81,100,KBS,2026-10-09T04:35:15Z
2021-08-18,PDN,25.65,25.65,25.65,25.65,100,KBS,2026-10-09T04:35:15Z
2021-08-19,PDN,25.09,25.09,25.09,25.09,100,KBS,2026-10-09T04:35:15Z
2021-08-23,PDN,24.53,24.53,24.53,24.53,500,KBS,2026-10-09T04:35:15Z
2021-08-24,PDN,23.72,23.72,23.72,23.72,100,KBS,2026-10-09T04:35:15Z
2021-08-25,PDN,23.97,25.37,23.97,24.14,2000,KBS,2026-10-09T04:35:15Z
2021-08-26,PDN,25.81,25.81,24.06,24.31,3000,KBS,2026-10-09T04:35:15Z
2021-08-30,PDN,26.01,26.01,26.01,26.01,400,KBS,2026-10-09T04:35:15Z
2021-08-31,PDN,24.56,24.56,24.56,24.56,300,KBS,2026-10-09T04:35:15Z
2021-09-01,PDN,25.93,25.93,25.93,25.93,100,KBS,2026-10-09T04:35:15Z
2021-09-06,PDN,25.93,25.93,25.93,25.93,1400,KBS,2026-10-09T04:35:15Z
2021-09-10,PDN,25.9,25.9,25.9,25.9,100,KBS,2026-10-09T04:35:15Z
2021-09-14,PDN,24.25,25.93,24.25,25.93,200,KBS,2026-10-09T04:35:15Z
2021-09-15,PDN,25.9,25.93,25.14,25.14,1200,KBS,2026-10-09T04:35:15Z
2021-09-16,PDN,25.14,25.14,25.14,25.14,100,KBS,2026-10-09T04:35:15Z
2021-09-21,PDN,25.09,26.9,23.97,26.9,12500,KBS,2026-10-09T04:35:15Z
2021-09-22,PDN,25.14,28.77,25.14,26.48,13700,KBS,2026-10-09T04:35:15Z
2021-09-23,PDN,26.82,26.82,26.48,26.48,2200,KBS,2026-10-09T04:35:15Z
2021-09-24,PDN,24.87,24.87,24.87,24.87,100,KBS,2026-10-09T04:35:15Z
2021-09-27,PDN,26.34,26.34,26.32,26.32,600,KBS,2026-10-09T04:35:15Z
2021-09-29,PDN,26.29,26.29,26.29,26.29,100,KBS,2026-10-09T04:35:15Z
2021-10-01,PDN,25.37,26.26,25.37,26.26,900,KBS,2026-10-09T04:35:15Z
2021-10-05,PDN,26.32,26.48,26.32,26.48,600,KBS,2026-10-09T04:35:15Z
2021-10-06,PDN,26.2,26.2,26.2,26.2,100,KBS,2026-10-09T04:35:15Z
2021-10-07,PDN,26.01,26.01,26.01,26.01,300,KBS,2026-10-09T04:35:15Z
2021-10-08,PDN,25.93,25.93,25.09,25.2,2600,KBS,2026-10-09T04:35:15Z
2021-10-11,PDN,25.09,25.23,25.09,25.23,200,KBS,2026-10-09T04:35:15Z
2021-10-12,PDN,26.48,26.93,25.4,25.81,4500,KBS,2026-10-09T04:35:15Z
2021-10-13,PDN,26.48,26.48,26.48,26.48,100,KBS,2026-10-09T04:35:15Z
2021-10-14,PDN,26.46,28.32,25.42,28.32,600,KBS,2026-10-09T04:35:15Z
2021-10-19,PDN,26.48,26.48,26.48,26.48,100,KBS,2026-10-09T04:35:15Z
2021-10-20,PDN,26.2,26.2,26.2,26.2,1300,KBS,2026-10-09T04:35:15Z
2021-10-26,PDN,27.79,27.79,27.79,27.79,100,KBS,2026-10-09T04:35:15Z
2021-10-29,PDN,25.95,27.6,25.93,27.6,1200,KBS,2026-10-09T04:35:15Z
2021-11-01,PDN,27.88,27.88,27.88,27.88,100,KBS,2026-10-09T04:35:15Z
2021-11-02,PDN,27.88,29.83,27.88,29.83,2800,KBS,2026-10-09T04:35:15Z
2021-11-05,PDN,27.76,27.79,27.76,27.79,200,KBS,2026-10-09T04:35:15Z
2021-11-09,PDN,26.51,29.72,26.51,26.85,1000,KBS,2026-10-09T04:35:15Z
2021-11-10,PDN,26.23,28.71,26.23,26.26,300,KBS,2026-10-09T04:35:15Z
2021-11-15,PDN,26.37,26.37,26.34,26.34,2500,KBS,2026-10-09T04:35:15Z
2021-11-18,PDN,26.34,28.13,26.34,28.13,1100,KBS,2026-10-09T04:35:15Z
2021-11-19,PDN,28.13,28.13,27.88,27.88,300,KBS,2026-10-09T04:35:15Z
2021-11-23,PDN,29.83,29.83,29.83,29.83,100,KBS,2026-10-09T04:35:15Z
2021-11-26,PDN,27.79,27.79,27.79,27.79,400,KBS,2026-10-09T04:35:15Z
2021-11-29,PDN,26.34,26.34,26.34,26.34,100,KBS,2026-10-09T04:35:15Z
2021-12-06,PDN,26.37,26.37,26.37,26.37,200,KBS,2026-10-09T04:35:15Z
2021-12-09,PDN,27.88,28.21,24.62,26.37,13200,KBS,2026-10-09T04:35:15Z
2021-12-10,PDN,26.48,26.48,25.95,25.95,8000,KBS,2026-10-09T04:35:15Z
2021-12-14,PDN,25.93,25.93,25.93,25.93,300,KBS,2026-10-09T04:35:15Z
2021-12-15,PDN,27.71,27.71,27.71,27.71,600,KBS,2026-10-09T04:35:15Z
2021-12-17,PDN,27.88,27.88,27.88,27.88,400,KBS,2026-10-09T04:35:15Z
2021-12-22,PDN,27.88,27.88,27.88,27.88,1000,KBS,2026-10-09T04:35:15Z
2021-12-28,PDN,25.95,25.95,25.95,25.95,200,KBS,2026-10-09T04:35:15Z
2021-12-29,PDN,25.95,25.95,25.95,25.95,100,KBS,2026-10-09T04:35:15Z
2022-01-04,PDN,25.95,26.87,25.93,26.87,1900,KBS,2026-10-09T04:35:15Z
2022-01-05,PDN,27.85,27.85,27.85,27.85,100,KBS,2026-10-09T04:35:15Z
2022-01-12,PDN,27.82,27.82,27.32,27.32,200,KBS,2026-10-09T04:35:15Z
2022-01-13,PDN,27.32,27.32,26.76,26.76,800,KBS,2026-10-09T04:35:15Z
2022-01-14,PDN,26.48,26.79,26.48,26.76,2300,KBS,2026-10-09T04:35:15Z
2022-01-18,PDN,27.32,27.32,26.76,26.76,2500,KBS,2026-10-09T04:35:15Z
2022-01-19,PDN,26.76,28.63,26.26,26.79,806700,KBS,2026-10-09T04:35:15Z
2022-01-20,PDN,27.04,27.6,26.23,27.6,29700,KBS,2026-10-09T04:35:15Z
2022-01-24,PDN,26.15,26.76,26.15,26.76,2600,KBS,2026-10-09T04:35:15Z
2022-01-25,PDN,27.32,27.32,27.32,27.32,4000,KBS,2026-10-09T04:35:15Z
2022-01-26,PDN,26.76,26.76,26.76,26.76,200,KBS,2026-10-09T04:35:15Z
2022-01-28,PDN,26.76,26.76,26.76,26.76,1000,KBS,2026-10-09T04:35:15Z
2022-02-08,PDN,27.88,28.63,26.79,26.79,4000,KBS,2026-10-09T04:35:15Z
2022-02-09,PDN,26.01,28.66,26.01,28.44,1700,KBS,2026-10-09T04:35:15Z
2022-02-10,PDN,28.16,30.36,26.68,30.36,1100,KBS,2026-10-09T04:35:15Z
2022-02-11,PDN,28.24,29.77,28.24,29.77,200,KBS,2026-10-09T04:35:15Z
2022-02-15,PDN,29.66,29.66,29.66,29.66,200,KBS,2026-10-09T04:35:15Z
2022-02-16,PDN,27.6,27.6,27.6,27.6,100,KBS,2026-10-09T04:35:15Z
2022-02-17,PDN,27.57,27.57,26.82,26.82,400,KBS,2026-10-09T04:35:15Z
2022-02-22,PDN,28.68,28.68,28.68,28.68,500,KBS,2026-10-09T04:35:15Z
2022-02-23,PDN,28.71,28.71,28.71,28.71,100,KBS,2026-10-09T04:35:15Z
2022-02-25,PDN,30.66,30.72,26.79,27.07,1000,KBS,2026-10-09T04:35:15Z
2022-03-01,PDN,28.94,28.94,28.94,28.94,800,KBS,2026-10-09T04:35:15Z
2022-03-02,PDN,26.98,26.98,26.98,26.98,100,KBS,2026-10-09T04:35:15Z
2022-03-04,PDN,28.71,28.71,28.71,28.71,1100,KBS,2026-10-09T04:35:15Z
2022-03-07,PDN,30.66,30.72,26.82,26.82,700,KBS,2026-10-09T04:35:15Z
2022-03-08,PDN,28.68,28.68,28.68,28.68,100,KBS,2026-10-09T04:35:15Z
2022-03-09,PDN,30.66,30.69,26.93,30.69,500,KBS,2026-10-09T04:35:15Z
2022-03-10,PDN,30.66,30.66,30.66,30.66,100,KBS,2026-10-09T04:35:15Z
2022-03-14,PDN,32.06,32.62,28.52,28.52,1100,KBS,2026-10-09T04:35:15Z
2022-03-18,PDN,30.5,30.5,28.94,28.94,400,KBS,2026-10-09T04:35:15Z
2022-03-21,PDN,30.84,30.84,30.84,30.84,200,KBS,2026-10-09T04:35:15Z
2022-03-22,PDN,32.99,32.99,28.69,28.77,60100,KBS,2026-10-09T04:35:15Z
2022-03-23,PDN,28.77,28.77,28.77,28.77,100,KBS,2026-10-09T04:35:15Z
2022-03-24,PDN,28.8,28.8,28.77,28.77,300,KBS,2026-10-09T04:35:15Z
2022-03-25,PDN,28.8,28.8,28.8,28.8,100,KBS,2026-10-09T04:35:15Z
2022-03-29,PDN,27.19,30.81,27.16,30.81,1100,KBS,2026-10-09T04:35:15Z
2022-03-30,PDN,28.74,28.74,28.74,28.74,100,KBS,2026-10-09T04:35:15Z
2022-03-31,PDN,30.75,30.75,30.75,30.75,200,KBS,2026-10-09T04:35:15Z
2022-04-01,PDN,29.71,32.9,28.91,28.91,4500,KBS,2026-10-09T04:35:15Z
2022-04-06,PDN,27.53,30.84,27.53,27.61,300,KBS,2026-10-09T04:35:15Z
2022-04-13,PDN,25.69,27.64,25.69,25.89,1100,KBS,2026-10-09T04:35:15Z
2022-04-18,PDN,27.7,27.7,27.7,27.7,7500,KBS,2026-10-09T04:35:15Z
2022-04-19,PDN,29.42,29.62,29.14,29.62,3900,KBS,2026-10-09T04:35:15Z
2022-04-20,PDN,31.69,31.69,31.12,31.69,1900,KBS,2026-10-09T04:35:15Z
2022-04-21,PDN,31.69,33.89,30.58,30.58,5400,KBS,2026-10-09T04:35:15Z
2022-04-22,PDN,32.7,32.7,28.46,31.69,700,KBS,2026-10-09T04:35:15Z
2022-04-25,PDN,33.89,33.89,29.74,29.74,10800,KBS,2026-10-09T04:35:15Z
2022-04-26,PDN,27.7,31.69,27.67,27.75,1000,KBS,2026-10-09T04:35:15Z
2022-04-27,PDN,29.68,29.68,29.68,29.68,4000,KBS,2026-10-09T04:35:15Z
2022-04-29,PDN,31.69,31.69,31.69,31.69,100,KBS,2026-10-09T04:35:15Z
2022-05-04,PDN,29.51,33.89,29.51,29.54,1600,KBS,2026-10-09T04:35:15Z
2022-05-06,PDN,31.6,31.6,27.78,27.78,200,KBS,2026-10-09T04:35:15Z
2022-05-10,PDN,29.71,29.71,29.71,29.71,200,KBS,2026-10-09T04:35:15Z
2022-05-11,PDN,27.73,31.77,27.73,31.77,1900,KBS,2026-10-09T04:35:15Z
2022-05-12,PDN,31.77,31.77,31.77,31.77,1000,KBS,2026-10-09T04:35:15Z
2022-05-13,PDN,31.69,33.98,31.69,31.77,2900,KBS,2026-10-09T04:35:15Z
2022-05-16,PDN,31.74,33.98,31.74,32.14,2100,KBS,2026-10-09T04:35:15Z
2022-05-17,PDN,32.14,34.38,31.86,31.86,4100,KBS,2026-10-09T04:35:15Z
2022-05-18,PDN,29.65,34.06,29.65,34.06,200,KBS,2026-10-09T04:35:15Z
2022-05-19,PDN,34.52,34.52,34.52,34.52,100,KBS,2026-10-09T04:35:15Z
2022-05-20,PDN,34.52,34.52,32.39,32.39,2300,KBS,2026-10-09T04:35:15Z
2022-05-25,PDN,34.66,34.66,30.3,30.36,1300,KBS,2026-10-09T04:35:15Z
2022-05-26,PDN,28.91,28.91,28.91,28.91,100,KBS,2026-10-09T04:35:15Z
2022-06-09,PDN,30.92,30.92,27.22,27.22,3100,KBS,2026-10-09T04:35:15Z
2022-06-13,PDN,29.11,29.11,29.11,29.11,100,KBS,2026-10-09T04:35:15Z
2022-06-14,PDN,31.15,31.15,31.15,31.15,100,KBS,2026-10-09T04:35:15Z
2022-06-16,PDN,33.24,33.24,33.24,33.24,200,KBS,2026-10-09T04:35:15Z
2022-06-17,PDN,35.51,35.51,31.15,31.15,300,KBS,2026-10-09T04:35:15Z
2022-06-20,PDN,33.33,33.33,32.82,33.33,1600,KBS,2026-10-09T04:35:15Z
2022-06-21,PDN,31.01,31.01,31.01,31.01,100,KBS,2026-10-09T04:35:15Z
2022-06-22,PDN,28.89,28.89,28.89,28.89,100,KBS,2026-10-09T04:35:15Z
2022-06-23,PDN,30.9,30.9,30.9,30.9,100,KBS,2026-10-09T04:35:15Z
2022-06-27,PDN,28.74,28.74,28.74,28.74,100,KBS,2026-10-09T04:35:15Z
2022-07-08,PDN,30.75,30.75,30.17,30.17,1400,KBS,2026-10-09T04:35:15Z
2022-07-15,PDN,32.25,32.25,32.25,32.25,100,KBS,2026-10-09T04:35:15Z
2022-07-28,PDN,30.02,30.02,30.02,30.02,100,KBS,2026-10-09T04:35:15Z
2022-08-02,PDN,30.17,30.17,30.17,30.17,100,KBS,2026-10-09T04:35:15Z
2022-08-04,PDN,28.16,32.25,28.16,32.25,1100,KBS,2026-10-09T04:35:15Z
2022-08-08,PDN,34.23,34.23,30.08,30.08,1100,KBS,2026-10-09T04:35:15Z
2022-08-10,PDN,32.17,32.17,32.17,32.17,700,KBS,2026-10-09T04:35:15Z
2022-08-11,PDN,34.4,34.4,34.4,34.4,1000,KBS,2026-10-09T04:35:15Z
2022-08-16,PDN,35.97,35.97,33.1,33.1,1100,KBS,2026-10-09T04:35:15Z
2022-08-17,PDN,35.39,35.39,30.8,30.8,1200,KBS,2026-10-09T04:35:15Z
2022-08-22,PDN,29.04,29.04,29.04,29.04,100,KBS,2026-10-09T04:35:15Z
2022-08-26,PDN,31.06,31.06,31.06,31.06,100,KBS,2026-10-09T04:35:15Z
2022-08-29,PDN,33.21,33.21,33.21,33.21,100,KBS,2026-10-09T04:35:15Z
2022-08-30,PDN,35.53,35.53,30.92,31.64,400,KBS,2026-10-09T04:35:15Z
2022-08-31,PDN,33.85,33.85,33.85,33.85,100,KBS,2026-10-09T04:35:15Z
2022-09-05,PDN,35.97,36.2,33.88,33.88,700,KBS,2026-10-09T04:35:15Z
2022-09-06,PDN,36.11,36.23,31.53,31.56,2300,KBS,2026-10-09T04:35:15Z
2022-09-07,PDN,33.76,33.76,33.76,33.76,100,KBS,2026-10-09T04:35:15Z
2022-09-08,PDN,36.11,36.11,36.11,36.11,900,KBS,2026-10-09T04:35:15Z
2022-09-09,PDN,38.64,38.64,33.97,33.97,3200,KBS,2026-10-09T04:35:15Z
2022-09-12,PDN,36.32,36.32,36.32,36.32,900,KBS,2026-10-09T04:35:15Z
2022-09-13,PDN,38.84,38.84,33.79,37.16,5200,KBS,2026-10-09T04:35:15Z
2022-09-14,PDN,39.74,39.74,34.6,35.56,6300,KBS,2026-10-09T04:35:15Z
2022-09-15,PDN,33.82,38.0,33.82,35.56,300,KBS,2026-10-09T04:35:15Z
2022-09-16,PDN,38.03,38.03,34.86,34.86,200,KBS,2026-10-09T04:35:15Z
2022-09-19,PDN,37.3,37.3,33.41,33.41,200,KBS,2026-10-09T04:35:15Z
2022-09-20,PDN,35.74,35.74,35.74,35.74,200,KBS,2026-10-09T04:35:15Z
2022-09-22,PDN,38.23,38.23,35.76,37.71,300,KBS,2026-10-09T04:35:15Z
2022-09-23,PDN,40.35,40.35,35.71,35.71,4000,KBS,2026-10-09T04:35:15Z
2022-09-26,PDN,38.2,38.2,38.2,38.2,600,KBS,2026-10-09T04:35:15Z
2022-09-27,PDN,40.87,40.87,35.53,36.29,900,KBS,2026-10-09T04:35:15Z
2022-09-28,PDN,38.81,38.81,33.97,34.05,400,KBS,2026-10-09T04:35:15Z
2022-09-30,PDN,31.91,31.91,31.91,31.91,100,KBS,2026-10-09T04:35:15Z
2022-10-03,PDN,34.14,34.14,34.14,34.14,100,KBS,2026-10-09T04:35:15Z
2022-10-04,PDN,36.26,36.52,36.26,36.52,200,KBS,2026-10-09T04:35:15Z
2022-10-06,PDN,33.99,33.99,33.99,33.99,100,KBS,2026-10-09T04:35:15Z
2022-10-07,PDN,32.22,32.22,32.22,32.22,100,KBS,2026-10-09T04:35:15Z
2022-10-10,PDN,29.99,29.99,29.99,29.99,100,KBS,2026-10-09T04:35:15Z
2022-10-12,PDN,32.08,32.08,32.08,32.08,100,KBS,2026-10-09T04:35:15Z
2022-10-13,PDN,31.06,31.06,31.06,31.06,100,KBS,2026-10-09T04:35:15Z
2022-10-17,PDN,33.21,33.21,33.21,33.21,300,KBS,2026-10-09T04:35:15Z
2022-10-18,PDN,35.53,35.53,33.24,33.67,1400,KBS,2026-10-09T04:35:15Z
2022-10-19,PDN,36.02,36.02,36.02,36.02,100,KBS,2026-10-09T04:35:15Z
2022-10-20,PDN,38.43,38.52,33.73,38.52,1200,KBS,2026-10-09T04:35:15Z
2022-10-21,PDN,41.19,41.19,35.88,35.88,1800,KBS,2026-10-09T04:35:15Z
2022-10-24,PDN,38.37,38.37,36.0,36.0,2800,KBS,2026-10-09T04:35:15Z
2022-10-25,PDN,38.49,38.49,36.02,36.02,700,KBS,2026-10-09T04:35:15Z
2022-10-26,PDN,38.49,38.52,33.53,33.56,700,KBS,2026-10-09T04:35:15Z
2022-10-27,PDN,31.38,31.38,31.38,31.38,100,KBS,2026-10-09T04:35:15Z
2022-10-31,PDN,33.56,33.56,33.56,33.56,200,KBS,2026-10-09T04:35:15Z
2022-11-02,PDN,35.88,35.88,35.88,35.88,100,KBS,2026-10-09T04:35:15Z
2022-11-03,PDN,35.97,38.37,35.97,38.37,1000,KBS,2026-10-09T04:35:15Z
2022-11-04,PDN,35.71,35.71,35.71,35.71,100,KBS,2026-10-09T04:35:15Z
2022-11-08,PDN,38.2,38.2,33.38,33.38,1600,KBS,2026-10-09T04:35:15Z
2022-11-10,PDN,35.71,35.71,35.71,35.71,100,KBS,2026-10-09T04:35:15Z
2022-11-11,PDN,38.2,38.2,36.29,36.84,1500,KBS,2026-10-09T04:35:15Z
2022-11-14,PDN,39.39,39.39,36.58,36.87,4600,KBS,2026-10-09T04:35:15Z
2022-11-15,PDN,39.42,39.42,34.31,36.9,5900,KBS,2026-10-09T04:35:15Z
2022-11-16,PDN,37.71,39.48,37.16,37.16,1200,KBS,2026-10-09T04:35:15Z
2022-11-18,PDN,39.75,39.75,38.04,38.04,400,KBS,2026-10-09T04:35:15Z
2022-11-22,PDN,40.66,40.69,38.04,38.04,3300,KBS,2026-10-09T04:35:15Z
2022-11-25,PDN,40.69,40.69,38.07,38.07,19700,KBS,2026-10-09T04:35:15Z
2022-11-28,PDN,40.72,40.72,35.42,35.42,500,KBS,2026-10-09T04:35:15Z
2022-11-29,PDN,33.03,33.03,33.03,33.03,100,KBS,2026-10-09T04:35:15Z
2022-12-05,PDN,35.33,35.33,35.33,35.33,100,KBS,2026-10-09T04:35:15Z
2022-12-06,PDN,37.78,37.78,37.78,37.78,100,KBS,2026-10-09T04:35:15Z
2022-12-07,PDN,38.01,40.4,38.01,38.04,800,KBS,2026-10-09T04:35:15Z
2022-12-08,PDN,40.69,40.69,40.69,40.69,200,KBS,2026-10-09T04:35:15Z
2022-12-09,PDN,40.69,40.69,40.69,40.69,100,KBS,2026-10-09T04:35:15Z
2022-12-16,PDN,38.04,43.52,38.04,40.99,2300,KBS,2026-10-09T04:35:15Z
2022-12-19,PDN,41.25,41.25,41.25,41.25,200,KBS,2026-10-09T04:35:15Z
2022-12-20,PDN,44.14,44.14,41.28,41.28,1000,KBS,2026-10-09T04:35:15Z
2022-12-21,PDN,44.17,44.17,41.31,41.31,300,KBS,2026-10-09T04:35:15Z
2022-12-22,PDN,38.42,44.2,38.42,38.45,300,KBS,2026-10-09T04:35:15Z
2022-12-23,PDN,41.13,41.13,41.13,41.13,100,KBS,2026-10-09T04:35:15Z
2022-12-27,PDN,43.99,43.99,41.16,41.16,200,KBS,2026-10-09T04:35:15Z
2022-12-29,PDN,43.99,44.02,41.19,41.19,800,KBS,2026-10-09T04:35:15Z
2023-01-03,PDN,38.34,41.22,38.34,41.19,300,KBS,2026-10-09T04:35:15Z
2023-01-11,PDN,44.02,44.05,41.22,41.22,300,KBS,2026-10-09T04:35:15Z
2023-01-12,PDN,44.08,44.08,41.25,41.25,1200,KBS,2026-10-09T04:35:15Z
2023-01-13,PDN,43.9,44.14,41.28,41.28,2200,KBS,2026-10-09T04:35:15Z
2023-01-17,PDN,44.17,44.17,38.45,38.45,300,KBS,2026-10-09T04:35:15Z
2023-01-18,PDN,35.98,41.13,35.98,41.13,3100,KBS,2026-10-09T04:35:15Z
2023-01-19,PDN,38.34,43.99,38.34,40.1,2700,KBS,2026-10-09T04:35:15Z
2023-01-30,PDN,41.25,42.9,41.25,42.9,1500,KBS,2026-10-09T04:35:15Z
2023-02-01,PDN,42.87,42.87,40.96,40.96,300,KBS,2026-10-09T04:35:15Z
2023-02-07,PDN,43.82,43.82,40.93,40.96,7000,KBS,2026-10-09T04:35:15Z
2023-02-10,PDN,41.69,41.69,41.69,41.69,400,KBS,2026-10-09T04:35:15Z
2023-02-13,PDN,39.81,39.81,39.81,39.81,100,KBS,2026-10-09T04:35:15Z
2023-02-14,PDN,42.58,42.58,42.58,42.58,300,KBS,2026-10-09T04:35:15Z
2023-02-15,PDN,39.6,39.6,39.6,39.6,100,KBS,2026-10-09T04:35:15Z
2023-02-17,PDN,42.37,42.37,37.16,37.16,200,KBS,2026-10-09T04:35:15Z
2023-02-20,PDN,39.75,39.75,39.75,39.75,300,KBS,2026-10-09T04:35:15Z
2023-02-21,PDN,42.52,42.52,40.1,41.25,500,KBS,2026-10-09T04:35:15Z
2023-02-22,PDN,44.14,44.14,41.25,41.25,1600,KBS,2026-10-09T04:35:15Z
2023-02-23,PDN,44.14,44.14,39.25,39.25,300,KBS,2026-10-09T04:35:15Z
2023-02-27,PDN,41.99,41.99,41.99,41.99,100,KBS,2026-10-09T04:35:15Z
2023-02-28,PDN,39.13,39.13,39.13,39.13,100,KBS,2026-10-09T04:35:15Z
2023-03-01,PDN,41.84,41.84,41.84,41.84,100,KBS,2026-10-09T04:35:15Z
2023-03-03,PDN,42.72,42.72,42.72,42.72,100,KBS,2026-10-09T04:35:15Z
2023-03-06,PDN,42.72,42.72,40.69,40.69,2100,KBS,2026-10-09T04:35:15Z
2023-03-08,PDN,42.72,42.72,37.89,37.89,2100,KBS,2026-10-09T04:35:15Z
2023-03-21,PDN,40.54,40.54,40.54,40.54,100,KBS,2026-10-09T04:35:15Z
2023-03-22,PDN,43.34,43.37,38.34,40.1,24200,KBS,2026-10-09T04:35:15Z
2023-03-23,PDN,42.9,42.9,42.9,42.9,100,KBS,2026-10-09T04:35:15Z
2023-03-24,PDN,39.98,39.98,39.98,39.98,100,KBS,2026-10-09T04:35:15Z
2023-03-27,PDN,42.76,42.76,42.76,42.76,200,KBS,2026-10-09T04:35:15Z
2023-03-29,PDN,45.41,45.41,45.41,45.41,100,KBS,2026-10-09T04:35:15Z
2023-04-03,PDN,44.79,44.79,44.2,44.2,200,KBS,2026-10-09T04:35:15Z
2023-04-04,PDN,44.2,44.2,44.2,44.2,500,KBS,2026-10-09T04:35:15Z
2023-04-21,PDN,46.56,46.56,41.1,41.1,200,KBS,2026-10-09T04:35:15Z
2023-04-24,PDN,43.96,43.96,43.05,43.05,4100,KBS,2026-10-09T04:35:15Z
2023-04-25,PDN,40.04,46.06,40.04,43.64,2700,KBS,2026-10-09T04:35:15Z
2023-05-10,PDN,46.62,46.67,40.69,40.69,500,KBS,2026-10-09T04:35:15Z
2023-05-12,PDN,43.31,43.31,43.31,43.31,100,KBS,2026-10-09T04:35:15Z
2023-05-16,PDN,46.26,46.26,46.26,46.26,100,KBS,2026-10-09T04:35:15Z
2023-05-18,PDN,46.26,46.26,46.26,46.26,100,KBS,2026-10-09T04:35:15Z
2023-05-22,PDN,47.14,47.14,47.14,47.14,100,KBS,2026-10-09T04:35:15Z
2023-05-25,PDN,46.56,46.56,43.9,43.9,300,KBS,2026-10-09T04:35:15Z
2023-05-26,PDN,46.85,46.85,46.85,46.85,100,KBS,2026-10-09T04:35:15Z
2023-05-30,PDN,44.23,44.23,44.23,44.23,100,KBS,2026-10-09T04:35:15Z
2023-06-02,PDN,46.56,46.56,46.56,46.56,100,KBS,2026-10-09T04:35:15Z
2023-06-06,PDN,49.5,49.5,49.5,49.5,100,KBS,2026-10-09T04:35:15Z
2023-06-12,PDN,52.95,52.95,52.95,52.95,100,KBS,2026-10-09T04:35:15Z
2023-06-15,PDN,53.01,56.6,53.01,56.6,600,KBS,2026-10-09T04:35:15Z
2023-06-16,PDN,56.72,56.72,56.72,56.72,100,KBS,2026-10-09T04:35:15Z
2023-06-20,PDN,60.68,60.68,60.68,60.68,400,KBS,2026-10-09T04:35:15Z
2023-06-21,PDN,64.87,64.87,64.87,64.87,500,KBS,2026-10-09T04:35:15Z
2023-06-22,PDN,69.36,69.36,69.36,69.36,2400,KBS,2026-10-09T04:35:15Z
2023-06-23,PDN,74.21,74.21,69.54,69.54,1100,KBS,2026-10-09T04:35:15Z
2023-06-26,PDN,71.88,74.39,71.88,74.39,200,KBS,2026-10-09T04:35:15Z
2023-06-27,PDN,77.87,79.54,77.87,79.54,900,KBS,2026-10-09T04:35:15Z
2023-06-28,PDN,79.54,79.54,79.54,79.54,100,KBS,2026-10-09T04:35:15Z
2023-06-29,PDN,79.06,79.06,79.06,79.06,100,KBS,2026-10-09T04:35:15Z
2023-06-30,PDN,73.67,73.67,73.67,73.67,700,KBS,2026-10-09T04:35:15Z
2023-07-03,PDN,68.88,76.07,68.52,76.07,800,KBS,2026-10-09T04:35:15Z
2023-07-04,PDN,80.26,81.34,71.88,72.0,3400,KBS,2026-10-09T04:35:15Z
2023-07-05,PDN,76.97,77.03,72.42,72.54,1400,KBS,2026-10-09T04:35:15Z
2023-07-06,PDN,74.87,77.57,73.19,74.87,700,KBS,2026-10-09T04:35:15Z
2023-07-07,PDN,77.27,77.27,77.27,77.27,500,KBS,2026-10-09T04:35:15Z
2023-07-10,PDN,79.06,79.06,79.06,79.06,100,KBS,2026-10-09T04:35:15Z
2023-07-13,PDN,79.06,84.46,74.63,75.23,1500,KBS,2026-10-09T04:35:15Z
2023-07-14,PDN,80.38,80.38,77.03,78.23,1200,KBS,2026-10-09T04:35:15Z
2023-07-17,PDN,83.26,83.68,77.03,77.03,700,KBS,2026-10-09T04:35:15Z
2023-07-18,PDN,77.27,82.42,76.73,76.73,400,KBS,2026-10-09T04:35:15Z
2023-07-19,PDN,81.76,82.06,77.03,77.93,1200,KBS,2026-10-09T04:35:15Z
2023-07-20,PDN,83.26,83.32,77.33,79.12,1200,KBS,2026-10-09T04:35:15Z
2023-07-21,PDN,84.46,84.64,77.93,80.86,500,KBS,2026-10-09T04:35:15Z
2023-07-24,PDN,79.66,79.96,79.36,79.36,2200,KBS,2026-10-09T04:35:15Z
2023-07-25,PDN,84.82,84.88,75.59,84.76,3200,KBS,2026-10-09T04:35:15Z
2023-07-26,PDN,79.72,90.68,79.06,80.02,7200,KBS,2026-10-09T04:35:15Z
2023-07-27,PDN,77.87,85.59,77.87,78.23,4300,KBS,2026-10-09T04:35:15Z
2023-07-28,PDN,83.68,83.68,83.68,83.68,300,KBS,2026-10-09T04:35:15Z
2023-08-01,PDN,83.26,83.68,81.52,81.52,10500,KBS,2026-10-09T04:35:15Z
2023-08-02,PDN,78.53,81.52,78.53,81.52,2300,KBS,2026-10-09T04:35:15Z
2023-08-03,PDN,81.52,81.52,78.53,78.53,5100,KBS,2026-10-09T04:35:15Z
2023-08-04,PDN,78.53,78.53,77.87,77.87,200,KBS,2026-10-09T04:35:15Z
2023-08-09,PDN,74.87,74.87,74.87,74.87,100,KBS,2026-10-09T04:35:15Z
2023-08-10,PDN,76.97,76.97,76.97,76.97,500,KBS,2026-10-09T04:35:15Z
2023-08-11,PDN,74.87,74.87,74.87,74.87,100,KBS,2026-10-09T04:35:15Z
2023-08-14,PDN,74.87,75.47,74.87,74.87,2000,KBS,2026-10-09T04:35:15Z
2023-08-15,PDN,74.87,74.87,74.87,74.87,500,KBS,2026-10-09T04:35:15Z
2023-08-21,PDN,72.48,72.48,72.48,72.48,100,KBS,2026-10-09T04:35:15Z
2023-08-22,PDN,71.88,71.88,71.88,71.88,100,KBS,2026-10-09T04:35:15Z
2023-08-23,PDN,71.88,71.88,71.88,71.88,200,KBS,2026-10-09T04:35:15Z
2023-08-24,PDN,71.76,71.76,71.76,71.76,100,KBS,2026-10-09T04:35:15Z
2023-08-25,PDN,69.54,69.54,69.54,69.54,100,KBS,2026-10-09T04:35:15Z
2023-08-28,PDN,66.49,70.02,66.49,70.02,600,KBS,2026-10-09T04:35:15Z
2023-08-29,PDN,70.68,70.68,70.68,70.68,100,KBS,2026-10-09T04:35:15Z
2023-09-05,PDN,70.68,70.68,70.68,70.68,100,KBS,2026-10-09T04:35:15Z
2023-09-06,PDN,70.68,70.68,70.68,70.68,100,KBS,2026-10-09T04:35:15Z
2023-09-07,PDN,68.88,68.88,68.28,68.28,200,KBS,2026-10-09T04:35:15Z
2023-09-08,PDN,70.32,70.32,70.32,70.32,100,KBS,2026-10-09T04:35:15Z
2023-09-12,PDN,68.88,68.88,68.88,68.88,300,KBS,2026-10-09T04:35:15Z
2023-09-13,PDN,68.88,68.88,68.88,68.88,100,KBS,2026-10-09T04:35:15Z
2023-09-14,PDN,68.88,68.88,68.88,68.88,300,KBS,2026-10-09T04:35:15Z
2023-09-15,PDN,68.88,68.88,68.88,68.88,300,KBS,2026-10-09T04:35:15Z
2023-09-22,PDN,65.89,68.82,65.89,68.82,300,KBS,2026-10-09T04:35:15Z
2023-09-27,PDN,66.49,66.49,66.49,66.49,100,KBS,2026-10-09T04:35:15Z
2023-09-28,PDN,67.09,67.09,67.09,67.09,100,KBS,2026-10-09T04:35:15Z
2023-09-29,PDN,66.19,66.19,66.19,66.19,700,KBS,2026-10-09T04:35:15Z
2023-10-03,PDN,66.19,66.19,61.7,66.13,300,KBS,2026-10-09T04:35:15Z
2023-10-05,PDN,65.29,65.83,65.29,65.29,500,KBS,2026-10-09T04:35:15Z
2023-10-09,PDN,65.29,65.29,65.29,65.29,300,KBS,2026-10-09T04:35:15Z
2023-10-10,PDN,65.29,65.29,65.29,65.29,100,KBS,2026-10-09T04:35:15Z
2023-10-12,PDN,65.29,65.29,65.29,65.29,500,KBS,2026-10-09T04:35:15Z
2023-10-16,PDN,65.29,65.29,65.29,65.29,200,KBS,2026-10-09T04:35:15Z
2023-10-17,PDN,65.29,65.29,65.29,65.29,300,KBS,2026-10-09T04:35:15Z
2023-10-18,PDN,65.89,65.89,61.1,61.1,200,KBS,2026-10-09T04:35:15Z
2023-10-20,PDN,59.9,59.9,59.9,59.9,100,KBS,2026-10-09T04:35:15Z
2023-10-24,PDN,56.2,56.2,56.2,56.2,100,KBS,2026-10-09T04:35:15Z
2023-10-26,PDN,52.8,52.8,52.8,52.8,100,KBS,2026-10-09T04:35:15Z
2023-10-27,PDN,56.44,56.44,56.44,56.44,100,KBS,2026-10-09T04:35:15Z
2023-10-30,PDN,56.44,56.44,56.44,56.44,200,KBS,2026-10-09T04:35:15Z
2023-10-31,PDN,60.32,60.32,60.32,60.32,100,KBS,2026-10-09T04:35:15Z
2023-11-02,PDN,64.44,64.44,64.44,64.44,100,KBS,2026-10-09T04:35:15Z
2023-11-06,PDN,68.93,68.93,68.93,68.93,200,KBS,2026-10-09T04:35:15Z
2023-11-07,PDN,64.14,64.14,64.14,64.14,500,KBS,2026-10-09T04:35:15Z
2023-11-14,PDN,66.39,66.39,66.39,66.39,100,KBS,2026-10-09T04:35:15Z
2023-11-16,PDN,61.9,61.9,61.9,61.9,200,KBS,2026-10-09T04:35:15Z
2023-11-17,PDN,61.84,64.26,61.84,64.26,300,KBS,2026-10-09T04:35:15Z
2023-11-20,PDN,65.17,65.47,65.17,65.47,900,KBS,2026-10-09T04:35:15Z
2023-11-21,PDN,65.47,65.47,65.47,65.47,500,KBS,2026-10-09T04:35:15Z
2023-11-22,PDN,60.93,61.84,60.93,61.84,700,KBS,2026-10-09T04:35:15Z
2023-11-23,PDN,63.96,63.96,63.66,63.66,800,KBS,2026-10-09T04:35:15Z
2023-11-24,PDN,63.66,63.66,63.66,63.66,100,KBS,2026-10-09T04:35:15Z
2023-11-29,PDN,63.66,63.66,59.72,59.72,1300,KBS,2026-10-09T04:35:15Z
2023-11-30,PDN,60.02,60.02,59.72,59.72,200,KBS,2026-10-09T04:35:15Z
2023-12-01,PDN,60.02,60.02,60.02,60.02,100,KBS,2026-10-09T04:35:15Z
2023-12-04,PDN,60.02,60.02,60.02,60.02,600,KBS,2026-10-09T04:35:15Z
2023-12-05,PDN,60.02,60.02,60.02,60.02,200,KBS,2026-10-09T04:35:15Z
2023-12-06,PDN,56.08,56.2,56.08,56.08,1200,KBS,2026-10-09T04:35:15Z
2023-12-07,PDN,56.08,56.08,54.56,56.08,4100,KBS,2026-10-09T04:35:15Z
2023-12-08,PDN,57.59,59.41,57.59,59.41,900,KBS,2026-10-09T04:35:15Z
2023-12-12,PDN,59.41,62.44,59.41,62.38,400,KBS,2026-10-09T04:35:15Z
2023-12-13,PDN,62.38,62.38,62.38,62.38,100,KBS,2026-10-09T04:35:15Z
2023-12-14,PDN,60.62,60.62,60.62,60.62,300,KBS,2026-10-09T04:35:15Z
2023-12-19,PDN,61.84,61.84,56.5,56.68,400,KBS,2026-10-09T04:35:15Z
2023-12-20,PDN,60.62,60.62,56.99,56.99,1500,KBS,2026-10-09T04:35:15Z
2023-12-22,PDN,54.87,57.53,53.65,57.53,300,KBS,2026-10-09T04:35:15Z
2023-12-25,PDN,57.66,57.66,56.44,57.59,5900,KBS,2026-10-09T04:35:15Z
2023-12-28,PDN,56.99,56.99,56.99,56.99,300,KBS,2026-10-09T04:35:15Z
2023-12-29,PDN,56.99,56.99,56.99,56.99,100,KBS,2026-10-09T04:35:15Z
2024-01-02,PDN,56.99,56.99,56.99,56.99,300,KBS,2026-10-09T04:35:15Z
2024-01-03,PDN,56.99,56.99,56.99,56.99,400,KBS,2026-10-09T04:35:15Z
2024-01-04,PDN,60.81,60.93,60.81,60.93,2900,KBS,2026-10-09T04:35:15Z
2024-01-05,PDN,64.57,65.17,62.44,65.17,7300,KBS,2026-10-09T04:35:15Z
2024-01-08,PDN,60.93,60.93,60.62,60.62,3400,KBS,2026-10-09T04:35:15Z
2024-01-09,PDN,60.62,60.62,60.62,60.62,100,KBS,2026-10-09T04:35:15Z
2024-01-10,PDN,60.02,60.02,60.02,60.02,100,KBS,2026-10-09T04:35:15Z
2024-01-11,PDN,57.59,60.62,57.59,57.66,700,KBS,2026-10-09T04:35:15Z
2024-01-12,PDN,60.62,61.66,60.62,61.66,1000,KBS,2026-10-09T04:35:15Z
2024-01-16,PDN,61.66,65.9,61.66,63.66,5700,KBS,2026-10-09T04:35:15Z
2024-01-17,PDN,65.84,65.84,60.69,60.69,1100,KBS,2026-10-09T04:35:15Z
2024-01-18,PDN,64.87,64.87,64.81,64.81,200,KBS,2026-10-09T04:35:15Z
2024-01-19,PDN,65.47,65.47,63.66,63.66,200,KBS,2026-10-09T04:35:15Z
2024-01-22,PDN,65.47,65.47,65.47,65.47,200,KBS,2026-10-09T04:35:15Z
2024-01-23,PDN,65.47,65.47,65.47,65.47,1800,KBS,2026-10-09T04:35:15Z
2024-01-24,PDN,60.99,61.29,60.99,61.29,300,KBS,2026-10-09T04:35:15Z
2024-01-26,PDN,57.72,61.29,57.72,61.29,200,KBS,2026-10-09T04:35:15Z
2024-01-29,PDN,62.99,63.66,62.99,63.05,400,KBS,2026-10-09T04:35:15Z
2024-01-30,PDN,58.93,64.2,58.93,59.6,2100,KBS,2026-10-09T04:35:15Z
2024-02-01,PDN,63.66,63.66,59.78,59.78,1400,KBS,2026-10-09T04:35:15Z
2024-02-02,PDN,63.6,63.96,60.99,61.54,1600,KBS,2026-10-09T04:35:15Z
2024-02-05,PDN,62.44,65.84,60.38,64.87,4700,KBS,2026-10-09T04:35:15Z
2024-02-06,PDN,60.75,60.75,60.75,60.75,100,KBS,2026-10-09T04:35:15Z
2024-02-07,PDN,61.23,64.99,61.23,61.66,4800,KBS,2026-10-09T04:35:15Z
2024-02-16,PDN,64.81,65.96,61.78,65.96,7600,KBS,2026-10-09T04:35:15Z
2024-02-19,PDN,70.08,70.08,64.26,69.72,800,KBS,2026-10-09T04:35:15Z
2024-02-20,PDN,66.69,66.69,66.69,66.69,2000,KBS,2026-10-09T04:35:15Z
2024-02-21,PDN,66.69,66.69,66.69,66.69,300,KBS,2026-10-09T04:35:15Z
2024-02-23,PDN,66.69,66.69,66.69,66.69,100,KBS,2026-10-09T04:35:15Z
2024-02-26,PDN,70.93,70.93,70.93,70.93,300,KBS,2026-10-09T04:35:15Z
2024-02-27,PDN,69.72,69.84,69.72,69.72,1800,KBS,2026-10-09T04:35:15Z
2024-02-29,PDN,68.2,68.2,68.2,68.2,300,KBS,2026-10-09T04:35:15Z
2024-03-01,PDN,68.14,68.2,68.14,68.2,2200,KBS,2026-10-09T04:35:15Z
2024-03-04,PDN,70.81,70.81,69.72,70.63,1900,KBS,2026-10-09T04:35:15Z
2024-03-05,PDN,70.02,71.24,67.96,68.08,10500,KBS,2026-10-09T04:35:15Z
2024-03-07,PDN,68.08,68.08,68.08,68.08,1000,KBS,2026-10-09T04:35:15Z
2024-03-08,PDN,68.51,68.51,67.42,67.42,400,KBS,2026-10-09T04:35:15Z
2024-03-11,PDN,62.75,69.72,62.75,69.72,700,KBS,2026-10-09T04:35:15Z
2024-03-12,PDN,72.75,72.75,66.08,66.08,10200,KBS,2026-10-09T04:35:15Z
2024-03-14,PDN,70.32,70.32,66.26,70.32,1600,KBS,2026-10-09T04:35:15Z
2024-03-15,PDN,65.42,66.69,65.42,66.69,200,KBS,2026-10-09T04:35:15Z
2024-03-18,PDN,67.9,71.36,67.42,67.48,11700,KBS,2026-10-09T04:35:15Z
2024-03-19,PDN,70.93,70.93,70.93,70.93,100,KBS,2026-10-09T04:35:15Z
2024-03-20,PDN,67.78,73.96,67.78,69.17,1500,KBS,2026-10-09T04:35:15Z
2024-03-21,PDN,73.78,73.78,69.23,69.72,4000,KBS,2026-10-09T04:35:15Z
2024-03-22,PDN,72.14,72.14,67.36,72.02,4200,KBS,2026-10-09T04:35:15Z
2024-03-25,PDN,72.69,72.69,68.57,68.57,200,KBS,2026-10-09T04:35:15Z
2024-03-26,PDN,68.75,68.75,68.75,68.75,300,KBS,2026-10-09T04:35:15Z
2024-04-01,PDN,70.93,71.54,68.81,68.81,2600,KBS,2026-10-09T04:35:15Z
2024-04-02,PDN,71.54,71.54,69.78,69.78,4900,KBS,2026-10-09T04:35:15Z
2024-04-03,PDN,70.93,70.93,69.84,69.84,400,KBS,2026-10-09T04:35:15Z
2024-04-04,PDN,70.32,70.32,69.84,69.84,300,KBS,2026-10-09T04:35:15Z
2024-04-05,PDN,71.54,71.54,67.36,67.36,3100,KBS,2026-10-09T04:35:15Z
2024-04-08,PDN,69.72,69.72,69.72,69.72,300,KBS,2026-10-09T04:35:15Z
2024-04-11,PDN,69.72,69.72,69.72,69.72,1000,KBS,2026-10-09T04:35:15Z
2024-04-16,PDN,69.72,69.72,68.51,69.42,4800,KBS,2026-10-09T04:35:15Z
2024-04-17,PDN,69.42,69.48,69.42,69.48,200,KBS,2026-10-09T04:35:15Z
2024-04-19,PDN,65.47,65.47,65.47,65.47,3500,KBS,2026-10-09T04:35:15Z
2024-04-22,PDN,70.02,70.02,70.02,70.02,3100,KBS,2026-10-09T04:35:15Z
2024-04-23,PDN,70.02,70.02,70.02,70.02,1000,KBS,2026-10-09T04:35:15Z
2024-04-24,PDN,71.24,71.24,68.51,70.93,2800,KBS,2026-10-09T04:35:15Z
2024-04-25,PDN,70.93,71.54,70.93,71.54,3500,KBS,2026-10-09T04:35:15Z
2024-04-26,PDN,71.54,71.54,71.24,71.24,2300,KBS,2026-10-09T04:35:15Z
2024-05-02,PDN,71.54,72.14,71.54,72.14,200,KBS,2026-10-09T04:35:15Z
2024-05-03,PDN,72.69,72.69,72.14,72.14,1800,KBS,2026-10-09T04:35:15Z
2024-05-06,PDN,72.14,72.14,72.08,72.14,5400,KBS,2026-10-09T04:35:15Z
2024-05-08,PDN,72.14,72.14,72.14,72.14,100,KBS,2026-10-09T04:35:15Z
2024-05-10,PDN,72.14,72.14,72.14,72.14,300,KBS,2026-10-09T04:35:15Z
2024-05-13,PDN,72.14,72.45,72.14,72.45,7500,KBS,2026-10-09T04:35:15Z
2024-05-14,PDN,72.45,72.45,72.45,72.45,100,KBS,2026-10-09T04:35:15Z
2024-05-15,PDN,69.72,69.72,69.72,69.72,9000,KBS,2026-10-09T04:35:15Z
2024-05-20,PDN,71.54,71.54,71.54,71.54,100,KBS,2026-10-09T04:35:15Z
2024-05-21,PDN,70.93,70.93,70.93,70.93,100,KBS,2026-10-09T04:35:15Z
2024-05-22,PDN,70.93,70.93,70.93,70.93,700,KBS,2026-10-09T04:35:15Z
2024-05-23,PDN,70.93,72.14,70.93,72.14,700,KBS,2026-10-09T04:35:15Z
2024-05-24,PDN,72.75,72.75,72.14,72.14,300,KBS,2026-10-09T04:35:15Z
2024-05-27,PDN,72.75,72.75,72.45,72.45,600,KBS,2026-10-09T04:35:15Z
2024-05-28,PDN,72.45,72.75,72.45,72.75,200,KBS,2026-10-09T04:35:15Z
2024-05-29,PDN,72.75,72.75,72.75,72.75,200,KBS,2026-10-09T04:35:15Z
2024-05-30,PDN,72.75,72.75,72.75,72.75,100,KBS,2026-10-09T04:35:15Z
2024-06-03,PDN,72.75,72.75,72.75,72.75,400,KBS,2026-10-09T04:35:15Z
2024-06-05,PDN,72.75,72.75,72.75,72.75,200,KBS,2026-10-09T04:35:15Z
2024-06-07,PDN,72.75,72.75,72.75,72.75,300,KBS,2026-10-09T04:35:15Z
2024-06-10,PDN,72.75,72.75,72.14,72.75,1000,KBS,2026-10-09T04:35:15Z
2024-06-13,PDN,74.17,74.17,72.94,72.94,400,KBS,2026-10-09T04:35:15Z
2024-06-14,PDN,72.94,72.94,72.94,72.94,1200,KBS,2026-10-09T04:35:15Z
2024-06-17,PDN,72.94,72.94,72.94,72.94,500,KBS,2026-10-09T04:35:15Z
2024-06-19,PDN,72.63,72.63,72.63,72.63,500,KBS,2026-10-09T04:35:15Z
2024-06-20,PDN,72.32,72.32,72.32,72.32,1200,KBS,2026-10-09T04:35:15Z
2024-06-21,PDN,72.94,72.94,72.94,72.94,600,KBS,2026-10-09T04:35:15Z
2024-06-25,PDN,72.94,72.94,68.05,68.05,2300,KBS,2026-10-09T04:35:15Z
2024-06-26,PDN,72.63,72.63,71.14,72.63,14500,KBS,2026-10-09T04:35:15Z
2024-06-28,PDN,72.63,72.63,72.63,72.63,500,KBS,2026-10-09T04:35:15Z
2024-07-01,PDN,72.63,72.63,72.63,72.63,4300,KBS,2026-10-09T04:35:15Z
2024-07-03,PDN,72.63,72.63,72.63,72.63,100,KBS,2026-10-09T04:35:15Z
2024-07-04,PDN,71.39,72.63,71.39,72.63,200,KBS,2026-10-09T04:35:15Z
2024-07-05,PDN,72.63,72.63,72.63,72.63,200,KBS,2026-10-09T04:35:15Z
2024-07-09,PDN,73.86,73.86,72.63,72.63,1100,KBS,2026-10-09T04:35:15Z
2024-07-12,PDN,72.63,74.17,72.63,72.63,1500,KBS,2026-10-09T04:35:15Z
2024-07-15,PDN,72.94,72.94,72.63,72.63,1000,KBS,2026-10-09T04:35:15Z
2024-07-16,PDN,74.17,76.03,73.55,74.79,6500,KBS,2026-10-09T04:35:15Z
2024-07-17,PDN,75.96,75.96,72.69,75.72,400,KBS,2026-10-09T04:35:15Z
2024-07-18,PDN,72.94,72.94,70.65,70.65,400,KBS,2026-10-09T04:35:15Z
2024-07-19,PDN,71.08,73.24,71.08,71.14,1000,KBS,2026-10-09T04:35:15Z
2024-07-22,PDN,71.08,71.76,71.08,71.76,1500,KBS,2026-10-09T04:35:15Z
2024-07-24,PDN,74.17,74.17,71.7,71.7,400,KBS,2026-10-09T04:35:15Z
2024-07-25,PDN,70.46,70.46,70.46,70.46,200,KBS,2026-10-09T04:35:15Z
2024-07-26,PDN,71.08,71.08,71.08,71.08,200,KBS,2026-10-09T04:35:15Z
2024-07-29,PDN,71.7,71.7,71.14,71.14,700,KBS,2026-10-09T04:35:15Z
2024-07-30,PDN,71.2,71.39,71.2,71.39,700,KBS,2026-10-09T04:35:15Z
2024-07-31,PDN,72.32,72.32,71.7,71.7,400,KBS,2026-10-09T04:35:15Z
2024-08-01,PDN,72.32,72.32,72.32,72.32,200,KBS,2026-10-09T04:35:15Z
2024-08-05,PDN,70.46,72.32,70.46,72.32,1200,KBS,2026-10-09T04:35:15Z
2024-08-06,PDN,72.32,72.32,72.32,72.32,1300,KBS,2026-10-09T04:35:15Z
2024-08-09,PDN,72.32,72.94,72.32,72.94,1200,KBS,2026-10-09T04:35:15Z
2024-08-14,PDN,71.08,72.94,71.08,72.94,600,KBS,2026-10-09T04:35:15Z
2024-08-15,PDN,72.94,72.94,70.53,70.53,2100,KBS,2026-10-09T04:35:15Z
2024-08-20,PDN,71.39,71.45,71.39,71.45,1400,KBS,2026-10-09T04:35:15Z
2024-08-21,PDN,72.94,72.94,72.94,72.94,200,KBS,2026-10-09T04:35:15Z
2024-08-22,PDN,71.08,71.08,71.08,71.08,400,KBS,2026-10-09T04:35:15Z
2024-08-28,PDN,71.7,71.7,71.7,71.7,2100,KBS,2026-10-09T04:35:15Z
2024-08-29,PDN,71.7,71.7,71.7,71.7,1600,KBS,2026-10-09T04:35:15Z
2024-08-30,PDN,71.08,71.7,71.08,71.08,8300,KBS,2026-10-09T04:35:15Z
2024-09-04,PDN,70.53,71.08,70.53,70.77,7900,KBS,2026-10-09T04:35:15Z
2024-09-05,PDN,70.46,70.77,70.15,70.15,12200,KBS,2026-10-09T04:35:15Z
2024-09-06,PDN,70.15,70.15,69.84,70.15,7100,KBS,2026-10-09T04:35:15Z
2024-09-09,PDN,69.23,69.54,69.23,69.54,2300,KBS,2026-10-09T04:35:15Z
2024-09-10,PDN,69.23,69.23,67.99,67.99,14300,KBS,2026-10-09T04:35:15Z
2024-09-11,PDN,68.61,68.67,68.61,68.67,1700,KBS,2026-10-09T04:35:15Z
2024-09-12,PDN,69.6,69.6,69.6,69.6,100,KBS,2026-10-09T04:35:15Z
2024-09-13,PDN,66.88,68.67,66.88,68.3,1800,KBS,2026-10-09T04:35:15Z
2024-09-16,PDN,66.45,67.99,66.45,67.99,1500,KBS,2026-10-09T04:35:15Z
2024-09-17,PDN,68.61,68.61,68.61,68.61,1500,KBS,2026-10-09T04:35:15Z
2024-09-18,PDN,66.82,68.61,66.82,68.61,1400,KBS,2026-10-09T04:35:15Z
2024-09-23,PDN,66.88,66.88,66.88,66.88,200,KBS,2026-10-09T04:35:15Z
2024-09-24,PDN,67.06,67.06,67.06,67.06,200,KBS,2026-10-09T04:35:15Z
2024-09-25,PDN,68.55,68.55,68.55,68.55,300,KBS,2026-10-09T04:35:15Z
2024-09-26,PDN,67.99,69.23,67.99,69.23,1800,KBS,2026-10-09T04:35:15Z
2024-09-27,PDN,69.17,69.17,67.74,67.74,500,KBS,2026-10-09T04:35:15Z
2024-09-30,PDN,67.68,67.68,66.14,66.14,1600,KBS,2026-10-09T04:35:15Z
2024-10-01,PDN,68.61,68.61,68.55,68.55,200,KBS,2026-10-09T04:35:15Z
2024-10-04,PDN,67.37,67.37,65.95,66.76,800,KBS,2026-10-09T04:35:15Z
2024-10-07,PDN,69.23,69.23,65.95,65.95,400,KBS,2026-10-09T04:35:15Z
2024-10-10,PDN,67.06,67.06,66.01,66.01,400,KBS,2026-10-09T04:35:15Z
2024-10-11,PDN,66.14,66.76,66.14,66.76,200,KBS,2026-10-09T04:35:15Z
2024-10-14,PDN,65.89,68.3,65.89,66.14,1100,KBS,2026-10-09T04:35:15Z
2024-10-15,PDN,66.14,66.14,66.14,66.14,500,KBS,2026-10-09T04:35:15Z
2024-10-16,PDN,65.89,65.89,65.52,65.52,5200,KBS,2026-10-09T04:35:15Z
2024-10-18,PDN,66.76,66.76,66.76,66.76,100,KBS,2026-10-09T04:35:15Z
2024-10-21,PDN,68.61,68.61,68.61,68.61,200,KBS,2026-10-09T04:35:15Z
2024-10-23,PDN,68.73,68.73,68.73,68.73,500,KBS,2026-10-09T04:35:15Z
2024-10-25,PDN,67.99,67.99,64.9,64.9,2200,KBS,2026-10-09T04:35:15Z
2024-10-29,PDN,65.52,65.52,64.9,64.9,3200,KBS,2026-10-09T04:35:15Z
2024-10-31,PDN,65.52,65.52,65.52,65.52,1000,KBS,2026-10-09T04:35:15Z
2024-11-04,PDN,65.52,65.52,65.52,65.52,500,KBS,2026-10-09T04:35:15Z
2024-11-05,PDN,65.21,65.52,64.9,65.52,2400,KBS,2026-10-09T04:35:15Z
2024-11-06,PDN,65.21,65.21,65.21,65.21,100,KBS,2026-10-09T04:35:15Z
2024-11-07,PDN,65.21,65.21,65.21,65.21,100,KBS,2026-10-09T04:35:15Z
2024-11-08,PDN,65.52,65.52,65.52,65.52,1100,KBS,2026-10-09T04:35:15Z
2024-11-11,PDN,66.76,66.76,66.76,66.76,1500,KBS,2026-10-09T04:35:15Z
2024-11-12,PDN,68.61,68.61,68.61,68.61,100,KBS,2026-10-09T04:35:15Z
2024-11-13,PDN,68.61,68.61,66.76,66.76,3200,KBS,2026-10-09T04:35:15Z
2024-11-14,PDN,66.82,68.48,66.14,68.48,1400,KBS,2026-10-09T04:35:15Z
2024-11-18,PDN,68.36,68.36,64.04,64.04,5000,KBS,2026-10-09T04:35:15Z
2024-11-19,PDN,68.3,68.3,68.3,68.3,100,KBS,2026-10-09T04:35:15Z
2024-11-20,PDN,68.61,68.61,68.61,68.61,900,KBS,2026-10-09T04:35:15Z
2024-11-21,PDN,69.04,69.04,69.04,69.04,100,KBS,2026-10-09T04:35:15Z
2024-11-25,PDN,64.9,68.61,64.28,68.55,17400,KBS,2026-10-09T04:35:15Z
2024-11-26,PDN,68.55,68.55,68.55,68.55,500,KBS,2026-10-09T04:35:15Z
2024-11-27,PDN,65.52,65.52,65.52,65.52,700,KBS,2026-10-09T04:35:15Z
2024-11-28,PDN,67.37,67.37,67.37,67.37,100,KBS,2026-10-09T04:35:15Z
2024-12-02,PDN,64.28,64.28,64.28,64.28,100,KBS,2026-10-09T04:35:15Z
2024-12-03,PDN,64.28,64.28,64.28,64.28,2800,KBS,2026-10-09T04:35:15Z
2024-12-04,PDN,63.66,67.31,63.66,66.88,6500,KBS,2026-10-09T04:35:15Z
2024-12-09,PDN,63.66,63.73,63.66,63.73,600,KBS,2026-10-09T04:35:15Z
2024-12-10,PDN,63.97,66.45,63.97,66.45,2300,KBS,2026-10-09T04:35:15Z
2024-12-12,PDN,62.43,66.14,62.43,66.14,2700,KBS,2026-10-09T04:35:15Z
2024-12-13,PDN,66.08,66.08,65.09,65.52,800,KBS,2026-10-09T04:35:15Z
2024-12-16,PDN,65.52,66.45,64.9,66.45,600,KBS,2026-10-09T04:35:15Z
2024-12-23,PDN,66.14,66.14,65.83,66.14,600,KBS,2026-10-09T04:35:15Z
2024-12-24,PDN,65.27,65.27,64.9,64.9,300,KBS,2026-10-09T04:35:15Z
2024-12-25,PDN,64.9,66.14,64.9,66.14,500,KBS,2026-10-09T04:35:15Z
2024-12-26,PDN,66.14,66.14,64.9,64.9,500,KBS,2026-10-09T04:35:15Z
2024-12-27,PDN,64.9,64.9,64.28,64.28,900,KBS,2026-10-09T04:35:15Z
2024-12-30,PDN,66.14,66.14,64.9,64.9,1500,KBS,2026-10-09T04:35:15Z
2024-12-31,PDN,66.14,66.14,64.9,64.9,1400,KBS,2026-10-09T04:35:15Z
2025-01-02,PDN,65.52,65.7,65.52,65.7,200,KBS,2026-10-09T04:35:15Z
2025-01-06,PDN,65.7,66.08,65.7,65.7,600,KBS,2026-10-09T04:35:15Z
2025-01-13,PDN,65.7,65.7,64.9,64.9,300,KBS,2026-10-09T04:35:15Z
2025-01-14,PDN,65.02,66.14,65.02,66.14,5700,KBS,2026-10-09T04:35:15Z
2025-01-15,PDN,65.52,65.52,65.52,65.52,300,KBS,2026-10-09T04:35:15Z
2025-01-16,PDN,65.52,65.52,65.52,65.52,300,KBS,2026-10-09T04:35:15Z
2025-01-17,PDN,65.52,67.99,65.52,66.45,1700,KBS,2026-10-09T04:35:15Z
2025-01-20,PDN,66.45,66.76,66.2,66.76,3900,KBS,2026-10-09T04:35:15Z
2025-01-21,PDN,67.99,67.99,67.37,67.37,2600,KBS,2026-10-09T04:35:15Z
2025-01-22,PDN,67.37,67.37,66.88,67.37,1300,KBS,2026-10-09T04:35:15Z
2025-01-23,PDN,66.76,67.37,66.76,67.37,1400,KBS,2026-10-09T04:35:15Z
2025-01-24,PDN,67.99,70.15,67.68,69.84,2100,KBS,2026-10-09T04:35:15Z
2025-02-03,PDN,70.28,71.08,70.28,71.08,600,KBS,2026-10-09T04:35:15Z
2025-02-04,PDN,70.46,70.46,70.46,70.46,500,KBS,2026-10-09T04:35:15Z
2025-02-05,PDN,70.46,70.46,70.46,70.46,1400,KBS,2026-10-09T04:35:15Z
2025-02-06,PDN,70.46,70.46,70.46,70.46,400,KBS,2026-10-09T04:35:15Z
2025-02-07,PDN,70.46,70.46,70.46,70.46,500,KBS,2026-10-09T04:35:15Z
2025-02-10,PDN,70.46,70.46,68.61,68.61,700,KBS,2026-10-09T04:35:15Z
2025-02-11,PDN,68.73,69.41,68.73,69.41,900,KBS,2026-10-09T04:35:15Z
2025-02-12,PDN,69.84,69.84,69.84,69.84,900,KBS,2026-10-09T04:35:15Z
2025-02-13,PDN,69.84,69.84,69.84,69.84,1100,KBS,2026-10-09T04:35:15Z
2025-02-14,PDN,69.84,69.84,69.84,69.84,4000,KBS,2026-10-09T04:35:15Z
2025-02-17,PDN,70.46,71.08,70.46,70.59,2900,KBS,2026-10-09T04:35:15Z
2025-02-18,PDN,71.08,75.47,71.08,71.2,9200,KBS,2026-10-09T04:35:15Z
2025-02-19,PDN,72.94,72.94,72.32,72.32,300,KBS,2026-10-09T04:35:15Z
2025-02-20,PDN,72.94,72.94,72.32,72.32,900,KBS,2026-10-09T04:35:15Z
2025-02-21,PDN,71.14,72.01,71.08,72.01,400,KBS,2026-10-09T04:35:15Z
2025-02-24,PDN,72.32,72.38,71.7,72.38,3900,KBS,2026-10-09T04:35:15Z
2025-02-25,PDN,71.51,72.94,71.51,72.94,1400,KBS,2026-10-09T04:35:15Z
2025-02-26,PDN,72.94,74.17,71.7,71.7,10500,KBS,2026-10-09T04:35:15Z
2025-02-27,PDN,71.7,73.43,71.7,72.01,3600,KBS,2026-10-09T04:35:15Z
2025-02-28,PDN,72.01,72.01,71.7,71.7,1100,KBS,2026-10-09T04:35:15Z
2025-03-03,PDN,71.76,74.17,71.76,71.82,4800,KBS,2026-10-09T04:35:15Z
2025-03-04,PDN,74.11,74.17,70.71,71.7,12900,KBS,2026-10-09T04:35:15Z
2025-03-05,PDN,74.17,74.17,71.7,71.7,4700,KBS,2026-10-09T04:35:15Z
2025-03-06,PDN,71.7,71.7,71.7,71.7,400,KBS,2026-10-09T04:35:15Z
2025-03-07,PDN,72.33,72.83,72.33,72.83,1600,KBS,2026-10-09T04:35:15Z
2025-03-10,PDN,72.83,72.83,72.52,72.77,46800,KBS,2026-10-09T04:35:15Z
2025-03-11,PDN,72.64,74.4,72.64,74.4,1500,KBS,2026-10-09T04:35:15Z
2025-03-12,PDN,73.02,73.02,72.58,72.58,700,KBS,2026-10-09T04:35:15Z
2025-03-13,PDN,72.96,72.96,71.7,72.96,8700,KBS,2026-10-09T04:35:15Z
2025-03-14,PDN,73.27,74.22,72.96,72.96,6600,KBS,2026-10-09T04:35:15Z
2025-03-17,PDN,74.22,77.99,74.22,77.36,16200,KBS,2026-10-09T04:35:15Z
2025-03-18,PDN,82.77,82.77,81.13,82.77,28900,KBS,2026-10-09T04:35:15Z
2025-03-19,PDN,88.56,88.56,84.59,88.56,23300,KBS,2026-10-09T04:35:15Z
2025-03-20,PDN,83.08,85.54,83.02,83.02,2500,KBS,2026-10-09T04:35:15Z
2025-03-21,PDN,86.67,88.68,85.85,85.85,900,KBS,2026-10-09T04:35:15Z
2025-03-24,PDN,86.42,86.42,81.39,85.54,2700,KBS,2026-10-09T04:35:15Z
2025-03-25,PDN,85.54,85.54,85.54,85.54,100,KBS,2026-10-09T04:35:15Z
2025-03-26,PDN,85.54,85.54,83.21,83.34,5300,KBS,2026-10-09T04:35:15Z
2025-03-27,PDN,82.39,84.28,82.39,84.28,500,KBS,2026-10-09T04:35:15Z
2025-03-28,PDN,82.46,83.02,82.46,83.02,200,KBS,2026-10-09T04:35:15Z
2025-03-31,PDN,83.02,84.91,83.02,84.91,1900,KBS,2026-10-09T04:35:15Z
2025-04-01,PDN,83.65,83.65,83.02,83.65,800,KBS,2026-10-09T04:35:15Z
2025-04-03,PDN,83.59,83.65,77.8,77.8,6300,KBS,2026-10-09T04:35:15Z
2025-04-04,PDN,75.47,75.47,72.39,75.41,2800,KBS,2026-10-09T04:35:15Z
2025-04-08,PDN,75.41,75.41,72.96,72.96,500,KBS,2026-10-09T04:35:15Z
2025-04-09,PDN,72.33,72.33,71.7,71.7,1200,KBS,2026-10-09T04:35:15Z
2025-04-10,PDN,74.84,75.47,74.84,75.47,400,KBS,2026-10-09T04:35:15Z
2025-04-11,PDN,75.47,80.76,75.47,80.76,300,KBS,2026-10-09T04:35:15Z
2025-04-14,PDN,85.85,85.85,85.85,85.85,100,KBS,2026-10-09T04:35:15Z
2025-04-16,PDN,85.79,85.79,85.79,85.79,100,KBS,2026-10-09T04:35:15Z
2025-04-21,PDN,82.39,82.39,79.81,81.76,800,KBS,2026-10-09T04:35:15Z
2025-04-22,PDN,79.88,79.88,76.73,76.73,700,KBS,2026-10-09T04:35:15Z
2025-04-23,PDN,78.62,78.93,77.99,78.3,1600,KBS,2026-10-09T04:35:15Z
2025-04-24,PDN,77.99,77.99,75.47,77.36,900,KBS,2026-10-09T04:35:15Z
2025-04-25,PDN,77.36,77.68,77.36,77.68,300,KBS,2026-10-09T04:35:15Z
2025-04-28,PDN,77.68,78.62,74.22,78.62,2700,KBS,2026-10-09T04:35:15Z
2025-04-29,PDN,78.62,78.62,78.62,78.62,200,KBS,2026-10-09T04:35:15Z
2025-05-05,PDN,78.62,78.62,78.62,78.62,200,KBS,2026-10-09T04:35:15Z
2025-05-06,PDN,78.62,78.62,78.62,78.62,200,KBS,2026-10-09T04:35:15Z
2025-05-07,PDN,74.91,78.62,74.91,78.62,700,KBS,2026-10-09T04:35:15Z
2025-05-09,PDN,78.62,79.88,78.62,78.93,1100,KBS,2026-10-09T04:35:15Z
2025-05-12,PDN,78.93,79.88,78.93,79.88,700,KBS,2026-10-09T04:35:15Z
2025-05-13,PDN,81.13,81.76,81.13,81.45,1000,KBS,2026-10-09T04:35:15Z
2025-05-14,PDN,83.96,83.96,83.96,83.96,100,KBS,2026-10-09T04:35:15Z
2025-05-15,PDN,83.65,83.65,83.65,83.65,1000,KBS,2026-10-09T04:35:15Z
2025-05-16,PDN,83.65,84.91,83.65,84.91,300,KBS,2026-10-09T04:35:15Z
2025-05-19,PDN,83.02,83.65,83.02,83.65,1000,KBS,2026-10-09T04:35:15Z
2025-05-20,PDN,83.65,84.28,83.65,83.65,700,KBS,2026-10-09T04:35:15Z
2025-05-21,PDN,82.58,82.58,82.39,82.39,1000,KBS,2026-10-09T04:35:15Z
2025-05-26,PDN,83.02,83.02,83.02,83.02,500,KBS,2026-10-09T04:35:15Z
2025-05-27,PDN,83.65,83.65,83.65,83.65,900,KBS,2026-10-09T04:35:15Z
2025-05-28,PDN,84.28,84.28,83.71,83.71,300,KBS,2026-10-09T04:35:15Z
2025-05-30,PDN,83.71,84.28,83.71,84.28,600,KBS,2026-10-09T04:35:15Z
2025-06-03,PDN,84.28,84.59,84.28,84.59,300,KBS,2026-10-09T04:35:15Z
2025-06-04,PDN,84.66,86.86,84.66,86.86,2600,KBS,2026-10-09T04:35:15Z
2025-06-05,PDN,87.74,87.8,87.42,87.42,1000,KBS,2026-10-09T04:35:15Z
2025-06-06,PDN,87.42,87.42,87.42,87.42,300,KBS,2026-10-09T04:35:15Z
2025-06-09,PDN,87.8,87.8,87.8,87.8,300,KBS,2026-10-09T04:35:15Z
2025-06-11,PDN,88.05,88.05,87.8,88.05,1500,KBS,2026-10-09T04:35:15Z
2025-06-12,PDN,88.56,88.56,88.05,88.18,1600,KBS,2026-10-09T04:35:15Z
2025-06-13,PDN,88.18,88.18,88.05,88.05,200,KBS,2026-10-09T04:35:15Z
2025-06-16,PDN,88.05,88.87,88.05,88.05,4800,KBS,2026-10-09T04:35:15Z
2025-06-17,PDN,89.88,89.88,88.56,88.68,2200,KBS,2026-10-09T04:35:15Z
2025-06-18,PDN,89.0,89.31,89.0,89.31,3800,KBS,2026-10-09T04:35:15Z
2025-06-19,PDN,89.5,90.25,89.31,89.94,3700,KBS,2026-10-09T04:35:15Z
2025-06-20,PDN,91.2,91.2,90.57,91.2,2900,KBS,2026-10-09T04:35:15Z
2025-06-23,PDN,93.02,96.23,92.58,93.08,12400,KBS,2026-10-09T04:35:15Z
2025-06-24,PDN,88.19,98.84,88.19,98.84,9400,KBS,2026-10-09T04:35:15Z
2025-06-25,PDN,98.84,101.24,98.84,100.95,1000,KBS,2026-10-09T04:35:15Z
2025-06-26,PDN,94.14,96.06,94.14,95.87,3900,KBS,2026-10-09T04:35:15Z
2025-06-27,PDN,95.96,95.96,95.48,95.87,1400,KBS,2026-10-09T04:35:15Z
2025-06-30,PDN,95.87,97.79,94.52,94.52,1000,KBS,2026-10-09T04:35:15Z
2025-07-01,PDN,91.64,91.93,91.16,91.93,1700,KBS,2026-10-09T04:35:15Z
2025-07-02,PDN,92.12,92.22,92.03,92.03,1900,KBS,2026-10-09T04:35:15Z
2025-07-03,PDN,92.12,92.12,90.4,90.4,2100,KBS,2026-10-09T04:35:15Z
2025-07-04,PDN,92.03,92.03,91.16,91.16,400,KBS,2026-10-09T04:35:15Z
2025-07-07,PDN,91.16,91.16,90.2,90.3,2900,KBS,2026-10-09T04:35:15Z
2025-07-08,PDN,93.28,93.28,93.28,93.28,100,KBS,2026-10-09T04:35:15Z
2025-07-09,PDN,92.99,93.08,91.36,91.36,1200,KBS,2026-10-09T04:35:15Z
2025-07-10,PDN,91.36,91.36,91.36,91.36,1000,KBS,2026-10-09T04:35:15Z
2025-07-11,PDN,91.16,91.36,91.16,91.16,1200,KBS,2026-10-09T04:35:15Z
2025-07-14,PDN,91.16,91.64,91.16,91.16,800,KBS,2026-10-09T04:35:15Z
2025-07-15,PDN,91.16,91.16,91.16,91.16,700,KBS,2026-10-09T04:35:15Z
2025-07-16,PDN,95.0,95.0,91.16,91.16,4000,KBS,2026-10-09T04:35:15Z
2025-07-17,PDN,91.16,91.16,90.68,90.68,2300,KBS,2026-10-09T04:35:15Z
2025-07-18,PDN,93.28,93.47,91.74,93.47,18000,KBS,2026-10-09T04:35:15Z
2025-07-21,PDN,93.56,94.52,93.56,94.24,22500,KBS,2026-10-09T04:35:15Z
2025-07-22,PDN,95.77,95.96,92.89,95.1,15000,KBS,2026-10-09T04:35:15Z
2025-07-23,PDN,95.77,95.77,94.04,94.24,1900,KBS,2026-10-09T04:35:15Z
2025-07-24,PDN,94.33,94.52,94.24,94.52,3000,KBS,2026-10-09T04:35:15Z
2025-07-25,PDN,94.91,95.48,94.52,94.62,4700,KBS,2026-10-09T04:35:15Z
2025-07-28,PDN,95.77,95.77,95.0,95.0,1400,KBS,2026-10-09T04:35:15Z
2025-07-29,PDN,95.0,95.0,93.18,93.28,6000,KBS,2026-10-09T04:35:15Z
2025-07-30,PDN,93.37,94.81,93.37,94.62,2700,KBS,2026-10-09T04:35:15Z
2025-07-31,PDN,93.37,94.81,93.37,94.81,1900,KBS,2026-10-09T04:35:15Z
2025-08-01,PDN,94.14,94.72,94.14,94.72,1500,KBS,2026-10-09T04:35:15Z
2025-08-04,PDN,94.04,94.04,92.7,92.7,5200,KBS,2026-10-09T04:35:15Z
2025-08-05,PDN,92.89,94.72,92.41,92.41,7600,KBS,2026-10-09T04:35:15Z
2025-08-06,PDN,92.41,93.08,91.45,93.08,4100,KBS,2026-10-09T04:35:15Z
2025-08-07,PDN,91.45,93.08,91.36,93.08,1700,KBS,2026-10-09T04:35:15Z
2025-08-08,PDN,92.22,92.6,92.22,92.6,1900,KBS,2026-10-09T04:35:15Z
2025-08-11,PDN,91.16,91.64,91.16,91.16,14700,KBS,2026-10-09T04:35:15Z
2025-08-12,PDN,89.24,91.84,89.24,91.16,9900,KBS,2026-10-09T04:35:15Z
2025-08-13,PDN,90.11,91.16,89.24,91.16,3000,KBS,2026-10-09T04:35:15Z
2025-08-14,PDN,91.16,91.16,90.01,91.16,900,KBS,2026-10-09T04:35:15Z
2025-08-15,PDN,91.16,91.16,89.72,90.2,2900,KBS,2026-10-09T04:35:15Z
2025-08-18,PDN,90.2,90.88,90.01,90.2,1300,KBS,2026-10-09T04:35:15Z
2025-08-20,PDN,90.68,90.68,89.24,90.68,2600,KBS,2026-10-09T04:35:15Z
2025-08-21,PDN,90.2,90.2,89.72,90.2,2200,KBS,2026-10-09T04:35:15Z
2025-08-22,PDN,88.48,89.24,88.48,89.15,1000,KBS,2026-10-09T04:35:15Z
2025-08-25,PDN,89.24,89.24,89.24,89.24,1100,KBS,2026-10-09T04:35:15Z
2025-08-26,PDN,90.2,90.2,90.2,90.2,700,KBS,2026-10-09T04:35:15Z
2025-08-27,PDN,90.2,90.3,90.2,90.2,1200,KBS,2026-10-09T04:35:15Z
2025-08-28,PDN,90.2,90.3,90.2,90.2,400,KBS,2026-10-09T04:35:15Z
2025-08-29,PDN,90.2,90.3,90.2,90.3,700,KBS,2026-10-09T04:35:15Z
2025-09-03,PDN,90.3,90.3,90.3,90.3,500,KBS,2026-10-09T04:35:15Z
2025-09-04,PDN,90.3,90.4,90.3,90.3,2700,KBS,2026-10-09T04:35:15Z
2025-09-05,PDN,90.4,90.4,90.2,90.4,2500,KBS,2026-10-09T04:35:15Z
2025-09-08,PDN,90.3,90.3,84.35,88.29,4500,KBS,2026-10-09T04:35:15Z
2025-09-09,PDN,88.29,88.76,88.29,88.76,9200,KBS,2026-10-09T04:35:15Z
2025-09-10,PDN,88.57,89.15,88.29,89.15,6400,KBS,2026-10-09T04:35:15Z
2025-09-11,PDN,89.05,89.15,88.29,88.29,3400,KBS,2026-10-09T04:35:15Z
2025-09-12,PDN,86.37,88.67,86.37,88.67,1100,KBS,2026-10-09T04:35:15Z
2025-09-15,PDN,86.94,88.48,86.94,88.48,1000,KBS,2026-10-09T04:35:15Z
2025-09-16,PDN,87.33,88.38,86.85,88.38,1500,KBS,2026-10-09T04:35:15Z
2025-09-17,PDN,88.38,88.38,88.29,88.29,4700,KBS,2026-10-09T04:35:15Z
2025-09-18,PDN,88.29,88.29,88.29,88.29,300,KBS,2026-10-09T04:35:15Z
2025-09-19,PDN,88.29,88.29,88.29,88.29,2700,KBS,2026-10-09T04:35:15Z
2025-09-22,PDN,88.29,89.15,86.46,87.04,8500,KBS,2026-10-09T04:35:15Z
2025-09-23,PDN,87.33,88.96,87.33,88.96,500,KBS,2026-10-09T04:35:15Z
2025-09-24,PDN,88.86,88.96,86.75,88.96,2500,KBS,2026-10-09T04:35:15Z
2025-09-25,PDN,85.89,90.68,85.89,88.29,4400,KBS,2026-10-09T04:35:15Z
2025-09-26,PDN,90.97,90.97,90.97,90.97,100,KBS,2026-10-09T04:35:15Z
2025-09-29,PDN,90.4,90.49,90.4,90.49,200,KBS,2026-10-09T04:35:15Z
2025-09-30,PDN,90.49,90.49,85.6,89.24,3900,KBS,2026-10-09T04:35:15Z
2025-10-01,PDN,89.24,89.24,89.24,89.24,2000,KBS,2026-10-09T04:35:15Z
2025-10-03,PDN,91.07,91.16,86.56,91.07,4900,KBS,2026-10-09T04:35:15Z
2025-10-06,PDN,90.2,90.97,90.2,90.97,300,KBS,2026-10-09T04:35:15Z
2025-10-07,PDN,87.13,90.97,87.13,90.97,3400,KBS,2026-10-09T04:35:15Z
2025-10-08,PDN,91.26,91.26,91.16,91.16,1100,KBS,2026-10-09T04:35:15Z
2025-10-09,PDN,88.76,90.59,88.76,90.59,1600,KBS,2026-10-09T04:35:15Z
2025-10-10,PDN,89.24,90.2,89.24,90.2,1300,KBS,2026-10-09T04:35:15Z
2025-10-13,PDN,86.85,88.38,86.85,88.29,2200,KBS,2026-10-09T04:35:15Z
2025-10-14,PDN,88.29,88.29,88.29,88.29,700,KBS,2026-10-09T04:35:15Z
2025-10-15,PDN,88.29,88.29,88.29,88.29,600,KBS,2026-10-09T04:35:15Z
2025-10-16,PDN,90.97,91.16,87.33,91.16,2000,KBS,2026-10-09T04:35:15Z
2025-10-17,PDN,87.61,90.88,87.42,90.88,700,KBS,2026-10-09T04:35:15Z
2025-10-20,PDN,89.24,90.68,89.24,90.68,2500,KBS,2026-10-09T04:35:15Z
2025-10-21,PDN,89.24,89.72,89.24,89.72,500,KBS,2026-10-09T04:35:15Z
2025-10-22,PDN,91.93,91.93,89.24,89.24,200,KBS,2026-10-09T04:35:15Z
2025-10-23,PDN,89.24,89.24,89.24,89.24,300,KBS,2026-10-09T04:35:15Z
2025-10-24,PDN,89.24,90.2,87.33,87.33,9000,KBS,2026-10-09T04:35:15Z
2025-10-27,PDN,88.29,88.67,88.29,88.57,3000,KBS,2026-10-09T04:35:15Z
2025-10-28,PDN,89.24,93.37,89.24,90.97,3500,KBS,2026-10-09T04:35:15Z
2025-10-29,PDN,90.2,93.08,90.2,92.12,1700,KBS,2026-10-09T04:35:15Z
2025-10-30,PDN,92.12,92.12,91.16,92.12,1700,KBS,2026-10-09T04:35:15Z
2025-10-31,PDN,92.12,92.12,91.16,92.12,2100,KBS,2026-10-09T04:35:15Z
2025-11-03,PDN,92.12,92.12,91.16,91.84,800,KBS,2026-10-09T04:35:15Z
2025-11-04,PDN,91.84,91.84,91.16,91.16,500,KBS,2026-10-09T04:35:15Z
2025-11-05,PDN,91.16,91.16,91.16,91.16,200,KBS,2026-10-09T04:35:15Z
2025-11-06,PDN,91.16,91.16,91.16,91.16,400,KBS,2026-10-09T04:35:15Z
2025-11-07,PDN,91.16,91.16,91.16,91.16,600,KBS,2026-10-09T04:35:15Z
2025-11-10,PDN,91.16,91.16,88.38,91.16,3000,KBS,2026-10-09T04:35:15Z
2025-11-11,PDN,91.16,91.16,89.44,89.44,1400,KBS,2026-10-09T04:35:15Z
2025-11-12,PDN,91.16,91.16,89.53,89.53,1100,KBS,2026-10-09T04:35:15Z
2025-11-14,PDN,90.2,90.2,90.2,90.2,500,KBS,2026-10-09T04:35:15Z
2025-11-18,PDN,90.2,90.2,90.2,90.2,2300,KBS,2026-10-09T04:35:15Z
2025-11-19,PDN,90.2,90.2,90.2,90.2,300,KBS,2026-10-09T04:35:15Z
2025-11-20,PDN,90.2,91.16,89.63,89.72,3800,KBS,2026-10-09T04:35:15Z
2025-11-21,PDN,91.16,91.64,91.16,91.64,5200,KBS,2026-10-09T04:35:15Z
2025-11-24,PDN,91.64,92.12,90.2,92.12,4900,KBS,2026-10-09T04:35:15Z
2025-11-25,PDN,92.12,92.32,92.12,92.32,4600,KBS,2026-10-09T04:35:15Z
2025-11-26,PDN,92.32,92.6,91.74,92.6,1400,KBS,2026-10-09T04:35:15Z
2025-11-27,PDN,92.7,95.96,92.7,94.52,17800,KBS,2026-10-09T04:35:15Z
2025-11-28,PDN,94.04,97.88,94.04,95.96,8100,KBS,2026-10-09T04:35:15Z
2025-12-01,PDN,95.96,97.88,95.96,97.88,800,KBS,2026-10-09T04:35:15Z
2025-12-02,PDN,96.92,97.79,96.92,97.59,300,KBS,2026-10-09T04:35:15Z
2025-12-03,PDN,96.44,96.44,96.44,96.44,100,KBS,2026-10-09T04:35:15Z
2025-12-04,PDN,95.48,96.44,95.48,96.44,400,KBS,2026-10-09T04:35:15Z
2025-12-05,PDN,96.44,96.44,96.44,96.44,300,KBS,2026-10-09T04:35:15Z
2025-12-08,PDN,91.64,95.0,91.64,95.0,1600,KBS,2026-10-09T04:35:15Z
2025-12-09,PDN,94.04,95.0,94.04,95.0,2100,KBS,2026-10-09T04:35:15Z
2025-12-10,PDN,93.08,93.08,93.08,93.08,100,KBS,2026-10-09T04:35:15Z
2025-12-11,PDN,93.08,93.08,93.08,93.08,100,KBS,2026-10-09T04:35:15Z
2025-12-12,PDN,95.68,95.68,94.91,94.91,700,KBS,2026-10-09T04:35:15Z
2025-12-15,PDN,95.0,95.96,95.0,95.96,700,KBS,2026-10-09T04:35:15Z
2025-12-16,PDN,95.0,95.96,95.0,95.96,3100,KBS,2026-10-09T04:35:15Z
2025-12-17,PDN,95.96,96.83,95.0,95.0,2700,KBS,2026-10-09T04:35:15Z
2025-12-18,PDN,95.96,95.96,95.0,95.0,2300,KBS,2026-10-09T04:35:15Z
2025-12-19,PDN,95.0,95.0,95.0,95.0,2500,KBS,2026-10-09T04:35:15Z
2025-12-22,PDN,95.0,101.62,95.0,101.62,18600,KBS,2026-10-09T04:35:15Z
2025-12-23,PDN,108.73,108.73,108.73,108.73,5700,KBS,2026-10-09T04:35:15Z
2025-12-24,PDN,115.16,115.16,102.2,105.56,2100,KBS,2026-10-09T04:35:15Z
2025-12-25,PDN,105.56,106.52,105.56,105.56,8300,KBS,2026-10-09T04:35:15Z
2025-12-26,PDN,105.66,109.4,105.56,105.75,8800,KBS,2026-10-09T04:35:15Z
2025-12-29,PDN,106.14,106.14,106.14,106.14,600,KBS,2026-10-09T04:35:15Z
2025-12-30,PDN,109.4,109.4,106.61,109.01,900,KBS,2026-10-09T04:35:15Z
2025-12-31,PDN,109.2,112.28,107.96,112.18,3500,KBS,2026-10-09T04:35:15Z
2026-01-05,PDN,111.32,111.32,106.52,108.53,4700,KBS,2026-10-09T04:35:15Z
2026-01-06,PDN,109.4,111.22,109.4,109.4,1500,KBS,2026-10-09T04:35:15Z
2026-01-07,PDN,109.4,112.28,109.4,109.78,6300,KBS,2026-10-09T04:35:15Z
2026-01-08,PDN,110.36,111.32,110.36,110.36,4900,KBS,2026-10-09T04:35:15Z
2026-01-09,PDN,110.36,111.03,110.36,110.45,500,KBS,2026-10-09T04:35:15Z
2026-01-12,PDN,111.12,111.22,110.64,111.12,3400,KBS,2026-10-09T04:35:15Z
2026-01-13,PDN,111.12,111.22,110.36,110.55,3800,KBS,2026-10-09T04:35:15Z
2026-01-14,PDN,110.45,111.12,110.45,110.93,1800,KBS,2026-10-09T04:35:15Z
2026-01-15,PDN,111.32,111.32,110.84,110.84,1800,KBS,2026-10-09T04:35:15Z
2026-01-16,PDN,111.32,111.6,110.84,110.84,9000,KBS,2026-10-09T04:35:15Z
2026-01-19,PDN,111.22,111.32,107.48,107.86,5800,KBS,2026-10-09T04:35:15Z
2026-01-20,PDN,107.09,109.88,107.09,108.25,8700,KBS,2026-10-09T04:35:15Z
2026-01-21,PDN,105.75,108.34,105.75,108.34,2500,KBS,2026-10-09T04:35:15Z
2026-01-22,PDN,109.4,109.4,107.67,107.77,1300,KBS,2026-10-09T04:35:15Z
2026-01-23,PDN,109.3,110.26,107.96,107.96,2600,KBS,2026-10-09T04:35:15Z
2026-01-26,PDN,107.96,107.96,107.96,107.96,900,KBS,2026-10-09T04:35:15Z
2026-01-27,PDN,107.48,108.44,106.14,106.14,2900,KBS,2026-10-09T04:35:15Z
2026-01-28,PDN,108.34,108.44,105.66,106.14,3800,KBS,2026-10-09T04:35:15Z
2026-01-29,PDN,109.4,109.4,106.14,106.14,2000,KBS,2026-10-09T04:35:15Z
2026-01-30,PDN,106.52,106.52,106.23,106.42,1400,KBS,2026-10-09T04:35:15Z
2026-02-02,PDN,106.42,107.48,106.42,106.42,4800,KBS,2026-10-09T04:35:15Z
2026-02-03,PDN,106.71,106.71,106.71,106.71,100,KBS,2026-10-09T04:35:15Z
2026-02-04,PDN,108.34,109.4,106.81,107.09,7900,KBS,2026-10-09T04:35:15Z
2026-02-05,PDN,107.48,110.26,107.48,107.86,1400,KBS,2026-10-09T04:35:15Z
2026-02-06,PDN,107.86,108.92,107.67,107.96,600,KBS,2026-10-09T04:35:15Z
2026-02-09,PDN,107.96,108.15,107.57,107.57,1400,KBS,2026-10-09T04:35:15Z
2026-02-10,PDN,108.92,109.4,108.05,108.05,4100,KBS,2026-10-09T04:35:15Z
2026-02-11,PDN,108.15,108.15,108.15,108.15,100,KBS,2026-10-09T04:35:15Z
2026-02-12,PDN,109.4,110.26,109.4,109.49,2500,KBS,2026-10-09T04:35:15Z
2026-02-13,PDN,110.36,110.36,109.59,109.59,3000,KBS,2026-10-09T04:35:15Z
2026-02-23,PDN,110.36,110.36,109.97,109.97,1300,KBS,2026-10-09T04:35:15Z
2026-02-24,PDN,113.14,113.72,112.95,113.14,5300,KBS,2026-10-09T04:35:15Z
2026-02-25,PDN,113.14,115.06,112.28,112.28,800,KBS,2026-10-09T04:35:15Z
2026-02-26,PDN,112.28,113.24,111.32,111.6,2300,KBS,2026-10-09T04:35:15Z
2026-02-27,PDN,113.72,113.72,111.99,111.99,700,KBS,2026-10-09T04:35:15Z
2026-03-02,PDN,113.24,113.91,112.28,112.37,7400,KBS,2026-10-09T04:35:15Z
2026-03-03,PDN,112.47,112.47,112.37,112.47,600,KBS,2026-10-09T04:35:15Z
2026-03-04,PDN,112.47,112.47,111.8,111.8,900,KBS,2026-10-09T04:35:15Z
2026-03-05,PDN,112.28,113.91,111.6,111.89,7900,KBS,2026-10-09T04:35:15Z
2026-03-06,PDN,110.36,112.28,109.97,110.45,3700,KBS,2026-10-09T04:35:15Z
2026-03-09,PDN,107.48,107.57,102.78,102.87,18400,KBS,2026-10-09T04:35:15Z
2026-03-10,PDN,109.4,109.49,107.77,107.77,7700,KBS,2026-10-09T04:35:15Z
2026-03-11,PDN,107.57,108.53,107.48,108.53,1500,KBS,2026-10-09T04:35:15Z
2026-03-12,PDN,109.3,109.3,107.48,107.48,300,KBS,2026-10-09T04:35:15Z
2026-03-13,PDN,107.86,108.44,107.77,107.77,900,KBS,2026-10-09T04:35:15Z
2026-03-16,PDN,107.77,107.77,105.56,107.77,2600,KBS,2026-10-09T04:35:15Z
2026-03-17,PDN,108.34,108.34,107.29,107.29,800,KBS,2026-10-09T04:35:15Z
2026-03-18,PDN,107.29,107.29,106.61,106.9,7400,KBS,2026-10-09T04:35:15Z
2026-03-20,PDN,108.95,110.42,102.99,104.56,6900,KBS,2026-10-09T04:35:15Z
2026-03-23,PDN,104.56,104.56,102.11,102.41,1000,KBS,2026-10-09T04:35:15Z
2026-03-24,PDN,102.41,109.34,102.11,103.58,1000,KBS,2026-10-09T04:35:15Z
2026-03-25,PDN,103.58,104.56,103.58,104.56,1300,KBS,2026-10-09T04:35:15Z
2026-03-26,PDN,109.44,109.44,104.85,105.63,3700,KBS,2026-10-09T04:35:15Z
2026-03-27,PDN,108.27,108.27,105.73,105.73,3100,KBS,2026-10-09T04:35:15Z
2026-03-30,PDN,106.51,106.51,105.53,105.63,2000,KBS,2026-10-09T04:35:15Z
2026-03-31,PDN,106.51,106.51,105.63,105.73,800,KBS,2026-10-09T04:35:15Z
2026-04-01,PDN,106.32,106.41,105.53,105.53,2400,KBS,2026-10-09T04:35:15Z
2026-04-02,PDN,105.53,105.53,104.66,104.66,300,KBS,2026-10-09T04:35:15Z
2026-04-03,PDN,105.53,105.53,104.56,104.85,800,KBS,2026-10-09T04:35:15Z
2026-04-06,PDN,104.85,104.85,104.56,104.56,1300,KBS,2026-10-09T04:35:15Z
2026-04-07,PDN,106.51,106.51,104.56,104.66,1000,KBS,2026-10-09T04:35:15Z
2026-04-08,PDN,106.51,106.51,105.53,106.22,2300,KBS,2026-10-09T04:35:15Z
2026-04-09,PDN,106.22,106.22,106.22,106.22,200,KBS,2026-10-09T04:35:15Z
2026-04-10,PDN,106.22,106.51,106.22,106.41,300,KBS,2026-10-09T04:35:15Z
2026-04-14,PDN,106.32,106.41,105.53,106.41,2100,KBS,2026-10-09T04:35:15Z
2026-04-15,PDN,106.41,107.49,105.53,105.53,6400,KBS,2026-10-09T04:35:15Z
2026-04-16,PDN,105.53,105.53,104.56,105.53,1200,KBS,2026-10-09T04:35:15Z
2026-04-17,PDN,105.53,106.02,105.53,106.02,1000,KBS,2026-10-09T04:35:15Z
2026-04-20,PDN,106.02,106.02,105.24,105.24,1200,KBS,2026-10-09T04:35:15Z
2026-04-21,PDN,105.24,105.24,104.56,105.14,2200,KBS,2026-10-09T04:35:15Z
2026-04-22,PDN,105.05,109.44,102.6,106.02,10200,KBS,2026-10-09T04:35:15Z
2026-04-23,PDN,103.68,105.53,103.68,103.68,1100,KBS,2026-10-09T04:35:15Z
2026-04-24,PDN,102.41,104.56,100.65,104.56,3500,KBS,2026-10-09T04:35:15Z
2026-04-28,PDN,101.24,102.6,100.84,102.6,700,KBS,2026-10-09T04:35:15Z
2026-04-29,PDN,101.04,103.09,100.84,103.09,700,KBS,2026-10-09T04:35:15Z
2026-05-04,PDN,102.6,105.05,102.6,103.09,2400,KBS,2026-10-09T04:35:15Z
2026-05-05,PDN,104.46,104.46,103.78,104.26,2500,KBS,2026-10-09T04:35:15Z
2026-05-06,PDN,101.14,104.17,101.14,101.82,3200,KBS,2026-10-09T04:35:15Z
2026-05-07,PDN,105.44,105.44,105.24,105.44,10500,KBS,2026-10-09T04:35:15Z
2026-05-08,PDN,103.68,106.41,103.68,103.68,1900,KBS,2026-10-09T04:35:15Z
2026-05-11,PDN,105.44,105.53,103.78,103.87,1400,KBS,2026-10-09T04:35:15Z
2026-05-13,PDN,103.38,103.38,102.31,102.31,1800,KBS,2026-10-09T04:35:15Z
2026-05-14,PDN,102.6,102.6,102.6,102.6,100,KBS,2026-10-09T04:35:15Z
2026-05-15,PDN,102.6,102.6,102.11,102.6,1700,KBS,2026-10-09T04:35:15Z
2026-05-18,PDN,102.6,102.6,102.6,102.6,2000,KBS,2026-10-09T04:35:15Z
2026-05-19,PDN,102.7,105.53,102.7,104.66,2100,KBS,2026-10-09T04:35:15Z
2026-05-20,PDN,105.53,105.53,104.66,104.66,2100,KBS,2026-10-09T04:35:15Z
2026-05-21,PDN,104.66,104.66,104.66,104.66,100,KBS,2026-10-09T04:35:15Z
2026-05-25,PDN,105.05,105.53,105.05,105.53,1000,KBS,2026-10-09T04:35:15Z
2026-05-26,PDN,104.17,105.05,103.58,105.05,1500,KBS,2026-10-09T04:35:15Z
2026-05-27,PDN,105.05,105.53,103.48,105.53,900,KBS,2026-10-09T04:35:15Z
2026-05-28,PDN,105.53,106.51,103.68,106.51,1200,KBS,2026-10-09T04:35:15Z
2026-05-29,PDN,103.87,103.87,103.48,103.48,14800,KBS,2026-10-09T04:35:15Z
2026-06-01,PDN,103.09,103.09,102.6,102.6,1100,KBS,2026-10-09T04:35:15Z
2026-06-02,PDN,108.27,108.27,102.11,102.11,2600,KBS,2026-10-09T04:35:15Z
2026-06-03,PDN,108.66,108.66,106.12,106.12,300,KBS,2026-10-09T04:35:15Z
2026-06-04,PDN,102.6,103.58,101.82,103.58,1300,KBS,2026-10-09T04:35:15Z
2026-06-05,PDN,101.72,101.82,101.63,101.72,1500,KBS,2026-10-09T04:35:15Z
2026-06-08,PDN,101.43,101.63,100.55,100.65,1800,KBS,2026-10-09T04:35:15Z
2026-06-09,PDN,99.18,99.18,97.52,97.52,26600,KBS,2026-10-09T04:35:15Z
2026-06-10,PDN,97.52,97.72,94.78,95.76,6600,KBS,2026-10-09T04:35:15Z
2026-06-11,PDN,97.62,97.62,95.76,96.45,900,KBS,2026-10-09T04:35:15Z
2026-06-12,PDN,96.74,96.74,95.96,96.74,4400,KBS,2026-10-09T04:35:15Z
2026-06-15,PDN,100.45,100.45,99.67,99.67,300,KBS,2026-10-09T04:35:15Z
2026-06-16,PDN,102.8,102.8,102.8,102.8,100,KBS,2026-10-09T04:35:15Z
2026-06-17,PDN,97.72,97.72,97.62,97.62,400,KBS,2026-10-09T04:35:15Z
2026-06-18,PDN,97.52,99.67,97.52,97.82,1000,KBS,2026-10-09T04:35:15Z
2026-06-19,PDN,97.82,97.82,95.86,97.72,1200,KBS,2026-10-09T04:35:15Z
2026-06-22,PDN,97.72,97.72,97.72,97.72,100,KBS,2026-10-09T04:35:15Z
2026-06-23,PDN,97.72,101.33,97.03,100.36,1000,KBS,2026-10-09T04:35:15Z
2026-06-24,PDN,98.2,99.18,93.91,99.18,2700,KBS,2026-10-09T04:35:15Z
2026-06-25,PDN,96.15,98.99,96.06,98.69,1200,KBS,2026-10-09T04:35:15Z
2026-06-26,PDN,96.94,97.62,96.45,96.45,4800,KBS,2026-10-09T04:35:15Z
2026-06-29,PDN,99.67,99.67,97.52,97.52,700,KBS,2026-10-09T04:35:15Z
2026-06-30,PDN,101.24,101.24,97.72,97.72,1000,KBS,2026-10-09T04:35:15Z
2026-07-01,PDN,99.77,99.77,98.2,98.2,200,KBS,2026-10-09T04:35:15Z
2026-07-02,PDN,99.48,99.48,99.28,99.28,200,KBS,2026-10-09T04:35:15Z
2026-07-06,PDN,98.4,98.4,97.82,97.82,300,KBS,2026-10-09T04:35:15Z
2026-07-07,PDN,97.82,97.82,97.72,97.72,500,KBS,2026-10-09T04:35:15Z
2026-07-08,PDN,97.91,97.91,97.91,97.91,100,KBS,2026-10-09T04:35:15Z
2026-07-09,PDN,99.08,99.08,99.08,99.08,100,KBS,2026-10-09T04:35:15Z
2026-07-13,PDN,94.1,97.72,94.1,97.72,4000,KBS,2026-10-09T04:35:15Z
2026-07-14,PDN,97.72,97.72,96.06,97.23,8300,KBS,2026-10-09T04:35:15Z
2026-07-15,PDN,98.4,98.4,96.06,97.33,3300,KBS,2026-10-09T04:35:15Z
2026-07-16,PDN,98.11,98.11,95.57,96.64,4800,KBS,2026-10-09T04:35:15Z
2026-07-17,PDN,95.86,96.54,95.86,96.54,400,KBS,2026-10-09T04:35:15Z
2026-07-20,PDN,98.79,98.79,96.25,97.03,12600,KBS,2026-10-09T04:35:15Z
2026-07-21,PDN,96.25,97.42,95.76,95.76,2700,KBS,2026-10-09T04:35:15Z
2026-07-22,PDN,95.27,95.96,95.27,95.96,1100,KBS,2026-10-09T04:35:15Z
2026-07-23,PDN,95.27,95.96,95.27,95.96,20900,KBS,2026-10-09T04:35:15Z
2026-07-24,PDN,94.88,94.88,93.91,93.91,2800,KBS,2026-10-09T04:35:15Z
2026-07-27,PDN,93.22,93.91,92.93,93.81,1600,KBS,2026-10-09T04:35:15Z
2026-07-28,PDN,92.83,92.83,92.15,92.15,1100,KBS,2026-10-09T04:35:15Z
2026-07-29,PDN,92.54,93.32,92.54,93.32,600,KBS,2026-10-09T04:35:15Z
2026-07-31,PDN,92.93,99.48,92.83,95.96,2200,KBS,2026-10-09T04:35:15Z
2026-08-03,PDN,93.81,94.0,93.12,94.0,11600,KBS,2026-10-09T04:35:15Z
2026-08-04,PDN,94.0,94.3,93.81,94.3,3300,KBS,2026-10-09T04:35:15Z
2026-08-05,PDN,93.81,93.81,93.61,93.81,8700,KBS,2026-10-09T04:35:15Z
2026-08-06,PDN,93.81,94.0,93.81,93.91,1900,KBS,2026-10-09T04:35:15Z
2026-08-07,PDN,93.12,94.78,93.12,93.32,6500,KBS,2026-10-09T04:35:15Z
2026-08-10,PDN,93.32,93.81,92.54,93.32,1200,KBS,2026-10-09T04:35:15Z
2026-08-11,PDN,93.42,93.42,93.32,93.32,200,KBS,2026-10-09T04:35:15Z
2026-08-12,PDN,93.32,93.32,92.54,92.83,2900,KBS,2026-10-09T04:35:15Z
2026-08-13,PDN,92.83,92.83,92.83,92.83,1400,KBS,2026-10-09T04:35:15Z
2026-08-14,PDN,91.95,91.95,90.97,91.07,5500,KBS,2026-10-09T04:35:15Z
2026-08-17,PDN,90.97,90.97,85.31,87.46,29200,KBS,2026-10-09T04:35:15Z
2026-08-18,PDN,87.55,87.55,86.38,86.77,400,KBS,2026-10-09T04:35:15Z
2026-08-19,PDN,87.46,87.46,86.97,87.46,2200,KBS,2026-10-09T04:35:15Z
2026-08-20,PDN,87.46,87.55,87.46,87.55,300,KBS,2026-10-09T04:35:15Z
2026-08-21,PDN,87.94,87.94,87.75,87.94,3700,KBS,2026-10-09T04:35:15Z
2026-08-24,PDN,87.94,93.81,87.94,93.81,10600,KBS,2026-10-09T04:35:15Z
2026-08-25,PDN,92.05,92.05,87.26,89.22,202500,KBS,2026-10-09T04:35:15Z
2026-08-26,PDN,89.22,89.22,88.92,88.92,700,KBS,2026-10-09T04:35:15Z
2026-08-27,PDN,89.41,89.41,85.99,86.68,9900,KBS,2026-10-09T04:35:15Z
2026-08-28,PDN,88.43,88.43,86.77,87.55,3700,KBS,2026-10-09T04:35:15Z
2026-09-03,PDN,87.65,87.65,85.01,85.31,7600,KBS,2026-10-09T04:35:15Z
2026-09-04,PDN,85.4,85.7,85.21,85.7,1800,KBS,2026-10-09T04:35:15Z
2026-09-07,PDN,85.8,86.97,85.8,85.89,3200,KBS,2026-10-09T04:35:15Z
2026-09-08,PDN,85.99,85.99,85.6,85.6,1600,KBS,2026-10-09T04:35:15Z
2026-09-09,PDN,85.6,87.0,85.6,85.8,3800,KBS,2026-10-09T04:35:15Z
2026-09-10,PDN,85.5,86.9,85.3,86.8,2000,KBS,2026-10-09T04:35:15Z
2026-09-11,PDN,86.8,86.8,85.7,85.7,1100,KBS,2026-10-09T04:35:15Z
2026-09-14,PDN,85.7,85.7,82.6,84.3,1300,KBS,2026-10-09T04:35:15Z
2026-09-15,PDN,84.2,84.7,84.0,84.7,800,KBS,2026-10-09T04:35:15Z
2026-09-16,PDN,82.3,85.4,82.3,85.4,600,KBS,2026-10-09T04:35:15Z
2026-09-17,PDN,83.1,84.0,83.0,84.0,6600,KBS,2026-10-09T04:35:15Z
2026-09-18,PDN,84.0,84.0,83.0,83.9,2400,KBS,2026-10-09T04:35:15Z
2026-09-21,PDN,83.0,83.8,82.6,83.8,3000,KBS,2026-10-09T04:35:15Z
2026-09-22,PDN,83.0,84.0,82.6,84.0,900,KBS,2026-10-09T04:35:15Z
2026-09-23,PDN,84.0,84.0,83.9,84.0,1900,KBS,2026-10-09T04:35:15Z
2026-09-24,PDN,82.8,84.0,82.8,84.0,1600,KBS,2026-10-09T04:35:15Z
2026-09-25,PDN,84.0,84.0,84.0,84.0,2300,KBS,2026-10-09T04:35:15Z
2026-09-28,PDN,84.0,84.0,82.9,84.0,700,KBS,2026-10-09T04:35:15Z
2026-09-29,PDN,84.0,85.0,84.0,84.9,2400,KBS,2026-10-09T04:35:15Z
2026-09-30,PDN,84.9,84.9,83.7,83.7,300,KBS,2026-10-09T04:35:15Z
2026-10-01,PDN,83.7,84.0,83.7,83.7,2300,KBS,2026-10-09T04:35:15Z
2026-10-02,PDN,83.7,83.7,82.7,82.7,1400,KBS,2026-10-09T04:35:15Z
2026-10-05,PDN,83.0,84.2,83.0,84.2,500,KBS,2026-10-09T04:35:15Z
2026-10-06,PDN,83.0,84.5,83.0,84.5,1000,KBS,2026-10-09T04:35:15Z
2026-10-07,PDN,88.9,88.9,86.9,86.9,300,KBS,2026-10-09T04:35:15Z
2026-10-08,PDN,85.0,85.0,83.2,83.2,2400,KBS,2026-10-09T04:35:15Z
2026-10-09,PDN,84.9,84.9,83.8,83.8,1200,KBS,2026-10-09T04:35:15Z
