date,symbol,open,high,low,close,volume,source,fetched_at
2018-10-11,PVG,6.55,6.55,6.39,6.47,227100,KBS,2026-10-09T04:17:03Z
2018-10-12,PVG,6.87,6.87,6.31,6.79,5500,KBS,2026-10-09T04:17:03Z
2018-10-15,PVG,6.47,6.47,6.23,6.23,22000,KBS,2026-10-09T04:17:03Z
2018-10-16,PVG,6.47,6.55,6.47,6.55,25000,KBS,2026-10-09T04:17:03Z
2018-10-17,PVG,6.71,6.71,6.71,6.71,700,KBS,2026-10-09T04:17:03Z
2018-10-18,PVG,6.55,6.63,6.55,6.63,300,KBS,2026-10-09T04:17:03Z
2018-10-19,PVG,6.47,6.71,6.47,6.71,10400,KBS,2026-10-09T04:17:03Z
2018-10-22,PVG,6.71,6.71,6.71,6.71,100,KBS,2026-10-09T04:17:03Z
2018-10-23,PVG,6.79,6.79,6.63,6.63,21000,KBS,2026-10-09T04:17:03Z
2018-10-24,PVG,6.63,6.63,6.63,6.63,100,KBS,2026-10-09T04:17:03Z
2018-10-25,PVG,6.47,6.63,6.47,6.63,57100,KBS,2026-10-09T04:17:03Z
2018-10-26,PVG,6.63,6.63,6.47,6.63,20300,KBS,2026-10-09T04:17:03Z
2018-10-29,PVG,6.47,6.55,6.47,6.55,59500,KBS,2026-10-09T04:17:03Z
2018-10-31,PVG,6.47,6.63,6.47,6.63,10200,KBS,2026-10-09T04:17:03Z
2018-11-01,PVG,6.47,6.63,6.47,6.63,4100,KBS,2026-10-09T04:17:03Z
2018-11-02,PVG,6.47,6.71,6.47,6.71,4200,KBS,2026-10-09T04:17:03Z
2018-11-05,PVG,6.71,6.71,6.55,6.55,51500,KBS,2026-10-09T04:17:03Z
2018-11-06,PVG,6.55,6.63,6.55,6.63,9600,KBS,2026-10-09T04:17:03Z
2018-11-07,PVG,6.63,6.71,6.63,6.71,35500,KBS,2026-10-09T04:17:03Z
2018-11-08,PVG,6.71,6.71,6.71,6.71,1900,KBS,2026-10-09T04:17:03Z
2018-11-09,PVG,6.63,6.71,6.63,6.71,7400,KBS,2026-10-09T04:17:03Z
2018-11-12,PVG,6.71,6.71,6.55,6.55,1500,KBS,2026-10-09T04:17:03Z
2018-11-13,PVG,6.55,6.71,6.47,6.71,19100,KBS,2026-10-09T04:17:03Z
2018-11-14,PVG,6.55,6.55,6.55,6.55,31000,KBS,2026-10-09T04:17:03Z
2018-11-15,PVG,6.47,6.55,6.47,6.55,2600,KBS,2026-10-09T04:17:03Z
2018-11-16,PVG,6.55,6.55,6.47,6.47,1500,KBS,2026-10-09T04:17:03Z
2018-11-19,PVG,6.55,6.71,6.47,6.55,41500,KBS,2026-10-09T04:17:03Z
2018-11-20,PVG,6.63,6.95,6.47,6.95,319900,KBS,2026-10-09T04:17:03Z
2018-11-21,PVG,6.71,6.71,6.71,6.71,7400,KBS,2026-10-09T04:17:03Z
2018-11-22,PVG,6.79,6.95,6.71,6.71,16400,KBS,2026-10-09T04:17:03Z
2018-11-23,PVG,6.63,6.63,6.55,6.63,43900,KBS,2026-10-09T04:17:03Z
2018-11-26,PVG,6.55,6.55,6.47,6.47,4900,KBS,2026-10-09T04:17:03Z
2018-11-27,PVG,6.47,6.55,6.39,6.47,45500,KBS,2026-10-09T04:17:03Z
2018-11-28,PVG,6.47,6.47,6.39,6.47,26500,KBS,2026-10-09T04:17:03Z
2018-11-29,PVG,6.39,6.47,6.39,6.47,4200,KBS,2026-10-09T04:17:03Z
2018-11-30,PVG,6.47,6.47,6.47,6.47,16000,KBS,2026-10-09T04:17:03Z
2018-12-03,PVG,6.23,6.47,6.23,6.47,3100,KBS,2026-10-09T04:17:03Z
2018-12-05,PVG,6.47,6.63,6.47,6.55,4300,KBS,2026-10-09T04:17:03Z
2018-12-11,PVG,6.47,6.47,6.39,6.47,6600,KBS,2026-10-09T04:17:03Z
2018-12-12,PVG,6.47,6.47,6.47,6.47,3700,KBS,2026-10-09T04:17:03Z
2018-12-13,PVG,6.63,6.63,6.47,6.63,24300,KBS,2026-10-09T04:17:03Z
2018-12-14,PVG,6.55,6.79,6.55,6.55,15512,KBS,2026-10-09T04:17:03Z
2018-12-17,PVG,6.23,6.55,6.23,6.55,30710,KBS,2026-10-09T04:17:03Z
2018-12-18,PVG,6.63,6.63,6.47,6.55,3100,KBS,2026-10-09T04:17:03Z
2018-12-19,PVG,6.47,6.63,6.31,6.63,1400,KBS,2026-10-09T04:17:03Z
2018-12-20,PVG,6.39,6.39,6.39,6.39,400,KBS,2026-10-09T04:17:03Z
2018-12-21,PVG,6.47,6.47,6.31,6.47,2100,KBS,2026-10-09T04:17:03Z
2018-12-24,PVG,6.47,6.55,6.47,6.55,26100,KBS,2026-10-09T04:17:03Z
2018-12-25,PVG,6.31,6.47,6.06,6.47,2200,KBS,2026-10-09T04:17:03Z
2018-12-26,PVG,6.63,6.63,6.63,6.63,100,KBS,2026-10-09T04:17:03Z
2018-12-27,PVG,6.55,6.87,6.55,6.87,49712,KBS,2026-10-09T04:17:03Z
2018-12-28,PVG,6.63,6.87,6.63,6.87,4300,KBS,2026-10-09T04:17:03Z
2019-01-02,PVG,6.63,6.63,6.23,6.55,5010,KBS,2026-10-09T04:17:03Z
2019-01-03,PVG,6.79,6.87,6.79,6.87,15400,KBS,2026-10-09T04:17:03Z
2019-01-04,PVG,6.71,6.71,6.71,6.71,1100,KBS,2026-10-09T04:17:03Z
2019-01-07,PVG,6.23,6.63,6.06,6.63,4100,KBS,2026-10-09T04:17:03Z
2019-01-08,PVG,6.47,6.55,6.47,6.55,13300,KBS,2026-10-09T04:17:03Z
2019-01-09,PVG,6.55,6.63,6.55,6.63,27700,KBS,2026-10-09T04:17:03Z
2019-01-10,PVG,6.55,6.63,6.55,6.63,10100,KBS,2026-10-09T04:17:03Z
2019-01-14,PVG,6.71,6.71,6.71,6.71,200,KBS,2026-10-09T04:17:03Z
2019-01-15,PVG,6.47,7.36,6.31,6.95,256192,KBS,2026-10-09T04:17:03Z
2019-01-16,PVG,7.03,7.2,6.95,7.03,152000,KBS,2026-10-09T04:17:03Z
2019-01-17,PVG,7.03,7.2,6.79,6.87,23700,KBS,2026-10-09T04:17:03Z
2019-01-18,PVG,6.79,6.79,6.63,6.63,13300,KBS,2026-10-09T04:17:03Z
2019-01-21,PVG,6.63,6.71,6.55,6.71,40800,KBS,2026-10-09T04:17:03Z
2019-01-22,PVG,6.63,6.63,6.47,6.63,38700,KBS,2026-10-09T04:17:03Z
2019-01-23,PVG,6.47,6.63,6.47,6.63,29500,KBS,2026-10-09T04:17:03Z
2019-01-24,PVG,6.55,6.63,6.55,6.55,17300,KBS,2026-10-09T04:17:03Z
2019-01-25,PVG,6.47,6.47,6.31,6.47,27400,KBS,2026-10-09T04:17:03Z
2019-01-28,PVG,6.47,6.47,6.39,6.47,40600,KBS,2026-10-09T04:17:03Z
2019-01-29,PVG,6.47,6.55,6.47,6.55,37000,KBS,2026-10-09T04:17:03Z
2019-01-30,PVG,6.47,6.55,6.47,6.55,3000,KBS,2026-10-09T04:17:03Z
2019-01-31,PVG,6.47,6.47,6.39,6.39,800,KBS,2026-10-09T04:17:03Z
2019-02-01,PVG,6.39,6.39,6.14,6.39,8500,KBS,2026-10-09T04:17:03Z
2019-02-11,PVG,6.23,6.39,6.14,6.23,25704,KBS,2026-10-09T04:17:03Z
2019-02-12,PVG,6.39,6.47,6.23,6.47,17100,KBS,2026-10-09T04:17:03Z
2019-02-13,PVG,6.47,6.87,6.47,6.87,64700,KBS,2026-10-09T04:17:03Z
2019-02-14,PVG,6.71,6.87,6.71,6.71,56500,KBS,2026-10-09T04:17:03Z
2019-02-15,PVG,6.63,6.71,6.55,6.63,8500,KBS,2026-10-09T04:17:03Z
2019-02-18,PVG,6.55,6.79,6.55,6.79,57000,KBS,2026-10-09T04:17:03Z
2019-02-19,PVG,6.55,6.71,6.55,6.71,21018,KBS,2026-10-09T04:17:03Z
2019-02-20,PVG,6.71,6.71,6.63,6.71,66200,KBS,2026-10-09T04:17:03Z
2019-02-21,PVG,6.55,6.55,6.47,6.47,24800,KBS,2026-10-09T04:17:03Z
2019-02-22,PVG,6.63,6.79,6.47,6.47,13000,KBS,2026-10-09T04:17:03Z
2019-02-25,PVG,6.55,6.55,6.47,6.47,29000,KBS,2026-10-09T04:17:03Z
2019-02-26,PVG,6.55,6.55,6.47,6.47,25000,KBS,2026-10-09T04:17:03Z
2019-02-27,PVG,6.55,6.71,6.55,6.55,13900,KBS,2026-10-09T04:17:03Z
2019-02-28,PVG,6.63,6.71,6.55,6.55,13554,KBS,2026-10-09T04:17:03Z
2019-03-01,PVG,6.63,6.63,6.55,6.55,9300,KBS,2026-10-09T04:17:03Z
2019-03-04,PVG,6.71,6.71,6.63,6.63,19200,KBS,2026-10-09T04:17:03Z
2019-03-05,PVG,6.55,6.55,6.47,6.55,3900,KBS,2026-10-09T04:17:03Z
2019-03-06,PVG,6.47,6.55,6.47,6.55,7000,KBS,2026-10-09T04:17:03Z
2019-03-07,PVG,6.63,6.63,6.47,6.47,8000,KBS,2026-10-09T04:17:03Z
2019-03-08,PVG,6.55,6.63,6.47,6.63,5800,KBS,2026-10-09T04:17:03Z
2019-03-11,PVG,6.55,6.55,6.55,6.55,900,KBS,2026-10-09T04:17:03Z
2019-03-12,PVG,6.63,6.63,6.47,6.47,5454,KBS,2026-10-09T04:17:03Z
2019-03-13,PVG,6.47,6.63,6.47,6.63,2000,KBS,2026-10-09T04:17:03Z
2019-03-14,PVG,6.47,6.63,6.47,6.63,21216,KBS,2026-10-09T04:17:03Z
2019-03-15,PVG,6.63,6.63,6.39,6.55,16800,KBS,2026-10-09T04:17:03Z
2019-03-18,PVG,6.47,6.63,6.47,6.55,21100,KBS,2026-10-09T04:17:03Z
2019-03-19,PVG,6.63,7.11,6.47,6.79,43300,KBS,2026-10-09T04:17:03Z
2019-03-20,PVG,6.71,6.79,6.63,6.63,16700,KBS,2026-10-09T04:17:03Z
2019-03-21,PVG,6.63,6.63,6.63,6.63,5300,KBS,2026-10-09T04:17:03Z
2019-03-22,PVG,6.55,6.55,6.47,6.47,11400,KBS,2026-10-09T04:17:03Z
2019-03-25,PVG,6.39,6.39,6.39,6.39,7100,KBS,2026-10-09T04:17:03Z
2019-03-26,PVG,6.47,6.47,6.47,6.47,1000,KBS,2026-10-09T04:17:03Z
2019-03-27,PVG,6.47,6.47,6.39,6.47,16500,KBS,2026-10-09T04:17:03Z
2019-03-28,PVG,6.47,6.47,6.47,6.47,18000,KBS,2026-10-09T04:17:03Z
2019-03-29,PVG,6.39,6.47,6.39,6.47,400,KBS,2026-10-09T04:17:03Z
2019-04-01,PVG,6.47,6.47,6.47,6.47,14620,KBS,2026-10-09T04:17:03Z
2019-04-02,PVG,6.47,6.55,6.47,6.55,2700,KBS,2026-10-09T04:17:03Z
2019-04-03,PVG,6.47,6.47,6.47,6.47,13300,KBS,2026-10-09T04:17:03Z
2019-04-04,PVG,6.55,6.63,6.55,6.55,5050,KBS,2026-10-09T04:17:03Z
2019-04-05,PVG,6.63,6.71,6.55,6.55,31700,KBS,2026-10-09T04:17:03Z
2019-04-08,PVG,6.63,6.87,6.63,6.71,100340,KBS,2026-10-09T04:17:03Z
2019-04-09,PVG,6.79,6.79,6.63,6.79,15800,KBS,2026-10-09T04:17:03Z
2019-04-10,PVG,6.71,6.71,6.55,6.63,10800,KBS,2026-10-09T04:17:03Z
2019-04-11,PVG,6.55,6.63,6.47,6.55,17200,KBS,2026-10-09T04:17:03Z
2019-04-12,PVG,6.63,6.71,6.47,6.71,22600,KBS,2026-10-09T04:17:03Z
2019-04-16,PVG,6.63,6.63,6.47,6.47,30800,KBS,2026-10-09T04:17:03Z
2019-04-17,PVG,6.55,6.55,6.39,6.47,30800,KBS,2026-10-09T04:17:03Z
2019-04-18,PVG,6.47,6.47,6.47,6.47,28100,KBS,2026-10-09T04:17:03Z
2019-04-19,PVG,6.55,6.55,6.47,6.55,43600,KBS,2026-10-09T04:17:03Z
2019-04-22,PVG,6.55,6.55,6.47,6.47,23700,KBS,2026-10-09T04:17:03Z
2019-04-23,PVG,6.47,6.47,6.47,6.47,19700,KBS,2026-10-09T04:17:03Z
2019-04-24,PVG,6.47,6.55,6.47,6.47,7600,KBS,2026-10-09T04:17:03Z
2019-04-25,PVG,6.47,6.47,6.39,6.39,15410,KBS,2026-10-09T04:17:03Z
2019-04-26,PVG,6.47,6.47,6.47,6.47,1300,KBS,2026-10-09T04:17:03Z
2019-05-02,PVG,6.47,6.47,6.47,6.47,5700,KBS,2026-10-09T04:17:03Z
2019-05-03,PVG,6.47,6.47,6.47,6.47,5700,KBS,2026-10-09T04:17:03Z
2019-05-06,PVG,6.47,6.55,6.47,6.47,4500,KBS,2026-10-09T04:17:03Z
2019-05-07,PVG,6.47,6.47,6.47,6.47,8400,KBS,2026-10-09T04:17:03Z
2019-05-08,PVG,6.47,6.55,6.47,6.55,57100,KBS,2026-10-09T04:17:03Z
2019-05-09,PVG,6.55,6.63,6.55,6.63,5600,KBS,2026-10-09T04:17:03Z
2019-05-10,PVG,6.55,6.63,6.47,6.63,15000,KBS,2026-10-09T04:17:03Z
2019-05-13,PVG,6.55,6.63,6.55,6.63,12700,KBS,2026-10-09T04:17:03Z
2019-05-14,PVG,6.63,6.71,6.63,6.63,67500,KBS,2026-10-09T04:17:03Z
2019-05-15,PVG,6.55,6.63,6.55,6.63,21110,KBS,2026-10-09T04:17:03Z
2019-05-16,PVG,6.63,6.71,6.55,6.71,101500,KBS,2026-10-09T04:17:03Z
2019-05-17,PVG,6.63,6.79,6.63,6.63,31790,KBS,2026-10-09T04:17:03Z
2019-05-20,PVG,6.71,6.71,6.63,6.63,57800,KBS,2026-10-09T04:17:03Z
2019-05-21,PVG,6.63,6.63,6.63,6.63,8000,KBS,2026-10-09T04:17:03Z
2019-05-22,PVG,6.63,6.63,6.47,6.55,65500,KBS,2026-10-09T04:17:03Z
2019-05-23,PVG,6.64,6.89,6.55,6.55,21170,KBS,2026-10-09T04:17:03Z
2019-05-24,PVG,6.64,6.81,6.64,6.81,20800,KBS,2026-10-09T04:17:03Z
2019-05-27,PVG,6.81,6.81,6.72,6.72,9000,KBS,2026-10-09T04:17:03Z
2019-05-28,PVG,6.72,6.72,6.64,6.72,16700,KBS,2026-10-09T04:17:03Z
2019-05-29,PVG,6.72,6.72,6.72,6.72,180,KBS,2026-10-09T04:17:03Z
2019-05-30,PVG,6.72,6.72,6.72,6.72,13700,KBS,2026-10-09T04:17:03Z
2019-05-31,PVG,6.72,6.72,6.64,6.64,9500,KBS,2026-10-09T04:17:03Z
2019-06-03,PVG,6.64,6.64,6.55,6.64,2400,KBS,2026-10-09T04:17:03Z
2019-06-04,PVG,6.55,6.55,6.46,6.55,4900,KBS,2026-10-09T04:17:03Z
2019-06-05,PVG,6.64,6.64,6.64,6.64,2200,KBS,2026-10-09T04:17:03Z
2019-06-06,PVG,6.46,6.46,6.46,6.46,2200,KBS,2026-10-09T04:17:03Z
2019-06-07,PVG,6.55,6.64,6.55,6.64,4550,KBS,2026-10-09T04:17:03Z
2019-06-10,PVG,6.64,6.64,6.55,6.64,1500,KBS,2026-10-09T04:17:03Z
2019-06-11,PVG,6.64,6.81,6.64,6.72,38350,KBS,2026-10-09T04:17:03Z
2019-06-12,PVG,6.64,6.72,6.64,6.72,2900,KBS,2026-10-09T04:17:03Z
2019-06-13,PVG,6.64,6.64,6.55,6.55,7100,KBS,2026-10-09T04:17:03Z
2019-06-14,PVG,6.55,6.64,6.55,6.64,19000,KBS,2026-10-09T04:17:03Z
2019-06-17,PVG,6.64,6.72,6.64,6.72,23100,KBS,2026-10-09T04:17:03Z
2019-06-18,PVG,6.64,6.72,6.64,6.72,90900,KBS,2026-10-09T04:17:03Z
2019-06-19,PVG,6.72,6.72,6.64,6.72,37000,KBS,2026-10-09T04:17:03Z
2019-06-20,PVG,6.72,6.72,6.64,6.72,2700,KBS,2026-10-09T04:17:03Z
2019-06-21,PVG,6.72,6.72,6.64,6.64,29000,KBS,2026-10-09T04:17:03Z
2019-06-24,PVG,6.64,6.64,6.55,6.55,3300,KBS,2026-10-09T04:17:03Z
2019-06-25,PVG,6.55,6.64,6.55,6.64,11400,KBS,2026-10-09T04:17:03Z
2019-06-26,PVG,6.64,6.89,6.64,6.64,42300,KBS,2026-10-09T04:17:03Z
2019-06-27,PVG,6.64,6.64,6.55,6.64,27100,KBS,2026-10-09T04:17:03Z
2019-06-28,PVG,6.55,6.64,6.55,6.64,5600,KBS,2026-10-09T04:17:03Z
2019-07-01,PVG,6.64,6.64,6.55,6.55,10000,KBS,2026-10-09T04:17:03Z
2019-07-02,PVG,6.55,6.55,6.55,6.55,5000,KBS,2026-10-09T04:17:03Z
2019-07-03,PVG,6.55,6.55,6.46,6.55,4600,KBS,2026-10-09T04:17:03Z
2019-07-04,PVG,6.55,6.55,6.38,6.55,2700,KBS,2026-10-09T04:17:03Z
2019-07-05,PVG,6.55,6.55,6.46,6.55,55200,KBS,2026-10-09T04:17:03Z
2019-07-08,PVG,6.55,6.55,6.38,6.38,7000,KBS,2026-10-09T04:17:03Z
2019-07-09,PVG,6.46,6.46,6.46,6.46,500,KBS,2026-10-09T04:17:03Z
2019-07-11,PVG,6.55,6.55,6.55,6.55,3150,KBS,2026-10-09T04:17:03Z
2019-07-12,PVG,6.46,6.46,6.38,6.46,11600,KBS,2026-10-09T04:17:03Z
2019-07-15,PVG,6.38,6.46,6.38,6.46,1500,KBS,2026-10-09T04:17:03Z
2019-07-16,PVG,6.46,6.46,6.38,6.46,9700,KBS,2026-10-09T04:17:03Z
2019-07-17,PVG,6.38,6.46,6.38,6.46,13200,KBS,2026-10-09T04:17:03Z
2019-07-18,PVG,6.38,6.46,6.38,6.46,39850,KBS,2026-10-09T04:17:03Z
2019-07-19,PVG,6.46,6.46,6.38,6.46,1400,KBS,2026-10-09T04:17:03Z
2019-07-22,PVG,6.46,6.46,6.38,6.38,20700,KBS,2026-10-09T04:17:03Z
2019-07-23,PVG,6.38,6.46,6.29,6.38,11100,KBS,2026-10-09T04:17:03Z
2019-07-24,PVG,6.29,6.38,6.29,6.38,14100,KBS,2026-10-09T04:17:03Z
2019-07-25,PVG,6.38,6.38,6.29,6.38,4100,KBS,2026-10-09T04:17:03Z
2019-07-26,PVG,6.38,6.38,6.29,6.38,700,KBS,2026-10-09T04:17:03Z
2019-07-29,PVG,6.29,6.29,6.12,6.29,44000,KBS,2026-10-09T04:17:03Z
2019-07-30,PVG,6.29,6.29,6.12,6.2,24300,KBS,2026-10-09T04:17:03Z
2019-07-31,PVG,6.12,6.2,6.12,6.12,3200,KBS,2026-10-09T04:17:03Z
2019-08-01,PVG,6.03,6.2,6.03,6.12,12000,KBS,2026-10-09T04:17:03Z
2019-08-02,PVG,6.12,6.12,6.03,6.12,1200,KBS,2026-10-09T04:17:03Z
2019-08-05,PVG,6.03,6.03,5.86,6.03,30840,KBS,2026-10-09T04:17:03Z
2019-08-06,PVG,5.86,5.95,5.86,5.95,8800,KBS,2026-10-09T04:17:03Z
2019-08-07,PVG,5.95,6.12,5.95,6.12,101418,KBS,2026-10-09T04:17:03Z
2019-08-08,PVG,6.03,6.12,5.95,6.12,23200,KBS,2026-10-09T04:17:03Z
2019-08-09,PVG,6.12,6.12,6.12,6.12,1030,KBS,2026-10-09T04:17:03Z
2019-08-12,PVG,6.03,6.12,5.95,6.12,16000,KBS,2026-10-09T04:17:03Z
2019-08-13,PVG,6.03,6.03,5.95,5.95,3400,KBS,2026-10-09T04:17:03Z
2019-08-14,PVG,5.86,6.03,5.86,6.03,6000,KBS,2026-10-09T04:17:03Z
2019-08-19,PVG,5.86,5.95,5.86,5.95,3000,KBS,2026-10-09T04:17:03Z
2019-08-20,PVG,5.95,5.95,5.95,5.95,1600,KBS,2026-10-09T04:17:03Z
2019-08-21,PVG,5.95,5.95,5.95,5.95,1610,KBS,2026-10-09T04:17:03Z
2019-08-22,PVG,6.03,6.03,5.95,5.95,1800,KBS,2026-10-09T04:17:03Z
2019-08-23,PVG,6.03,6.03,6.03,6.03,4600,KBS,2026-10-09T04:17:03Z
2019-08-26,PVG,6.03,6.03,5.95,5.95,1100,KBS,2026-10-09T04:17:03Z
2019-08-27,PVG,5.95,5.95,5.95,5.95,100,KBS,2026-10-09T04:17:03Z
2019-08-28,PVG,6.03,6.03,5.95,5.95,4600,KBS,2026-10-09T04:17:03Z
2019-08-29,PVG,5.86,5.86,5.86,5.86,2000,KBS,2026-10-09T04:17:03Z
2019-08-30,PVG,5.95,6.03,5.95,6.03,2200,KBS,2026-10-09T04:17:03Z
2019-09-04,PVG,6.03,6.03,6.03,6.03,21100,KBS,2026-10-09T04:17:03Z
2019-09-05,PVG,6.03,6.03,6.03,6.03,800,KBS,2026-10-09T04:17:03Z
2019-09-06,PVG,5.95,6.03,5.95,6.03,5100,KBS,2026-10-09T04:17:03Z
2019-09-09,PVG,5.95,5.95,5.95,5.95,2500,KBS,2026-10-09T04:17:03Z
2019-09-10,PVG,5.95,5.95,5.86,5.95,48300,KBS,2026-10-09T04:17:03Z
2019-09-11,PVG,5.86,5.86,5.86,5.86,6500,KBS,2026-10-09T04:17:03Z
2019-09-12,PVG,5.86,5.86,5.77,5.77,38200,KBS,2026-10-09T04:17:03Z
2019-09-13,PVG,5.77,5.77,5.69,5.77,46600,KBS,2026-10-09T04:17:03Z
2019-09-16,PVG,5.77,5.77,5.69,5.69,44200,KBS,2026-10-09T04:17:03Z
2019-09-17,PVG,5.6,5.69,5.6,5.6,66040,KBS,2026-10-09T04:17:03Z
2019-09-18,PVG,5.6,5.6,5.51,5.51,32840,KBS,2026-10-09T04:17:03Z
2019-09-20,PVG,5.51,5.51,5.43,5.51,39000,KBS,2026-10-09T04:17:03Z
2019-09-23,PVG,5.51,5.51,5.43,5.43,39500,KBS,2026-10-09T04:17:03Z
2019-09-24,PVG,5.43,5.43,5.26,5.34,121900,KBS,2026-10-09T04:17:03Z
2019-09-25,PVG,5.34,5.34,5.26,5.26,15900,KBS,2026-10-09T04:17:03Z
2019-09-26,PVG,5.26,5.26,5.26,5.26,45300,KBS,2026-10-09T04:17:03Z
2019-09-30,PVG,5.26,5.43,5.26,5.34,17300,KBS,2026-10-09T04:17:03Z
2019-10-01,PVG,5.26,5.34,5.26,5.34,1200,KBS,2026-10-09T04:17:03Z
2019-10-02,PVG,5.26,5.26,5.26,5.26,300,KBS,2026-10-09T04:17:03Z
2019-10-03,PVG,5.26,5.34,5.26,5.34,5100,KBS,2026-10-09T04:17:03Z
2019-10-04,PVG,5.26,5.43,5.26,5.34,1500,KBS,2026-10-09T04:17:03Z
2019-10-07,PVG,5.34,5.34,5.34,5.34,3200,KBS,2026-10-09T04:17:03Z
2019-10-08,PVG,5.43,5.43,5.43,5.43,12300,KBS,2026-10-09T04:17:03Z
2019-10-09,PVG,5.34,5.43,5.34,5.43,7800,KBS,2026-10-09T04:17:03Z
2019-10-10,PVG,5.43,5.51,5.43,5.51,200,KBS,2026-10-09T04:17:03Z
2019-10-11,PVG,5.51,5.51,5.51,5.51,4200,KBS,2026-10-09T04:17:03Z
2019-10-14,PVG,5.43,5.51,5.34,5.51,7400,KBS,2026-10-09T04:17:03Z
2019-10-15,PVG,5.34,5.43,5.34,5.34,23900,KBS,2026-10-09T04:17:03Z
2019-10-16,PVG,5.34,5.43,5.34,5.43,37200,KBS,2026-10-09T04:17:03Z
2019-10-17,PVG,5.34,5.34,5.34,5.34,23000,KBS,2026-10-09T04:17:03Z
2019-10-18,PVG,5.43,5.43,5.34,5.34,9500,KBS,2026-10-09T04:17:03Z
2019-10-21,PVG,5.34,5.34,5.34,5.34,17200,KBS,2026-10-09T04:17:03Z
2019-10-22,PVG,5.26,5.26,5.08,5.08,69400,KBS,2026-10-09T04:17:03Z
2019-10-23,PVG,5.0,5.0,5.0,5.0,47000,KBS,2026-10-09T04:17:03Z
2019-10-24,PVG,5.08,5.43,4.91,4.91,83000,KBS,2026-10-09T04:17:03Z
2019-10-25,PVG,4.91,4.91,4.65,4.74,170300,KBS,2026-10-09T04:17:03Z
2019-10-28,PVG,4.74,4.74,4.65,4.65,108200,KBS,2026-10-09T04:17:03Z
2019-10-29,PVG,4.65,4.65,4.31,4.57,31180,KBS,2026-10-09T04:17:03Z
2019-10-30,PVG,4.57,4.65,4.57,4.65,28500,KBS,2026-10-09T04:17:03Z
2019-10-31,PVG,4.74,5.08,4.74,5.08,77640,KBS,2026-10-09T04:17:03Z
2019-11-01,PVG,5.17,5.51,5.17,5.51,155000,KBS,2026-10-09T04:17:03Z
2019-11-04,PVG,6.03,6.03,5.17,5.17,47010,KBS,2026-10-09T04:17:03Z
2019-11-05,PVG,5.26,5.26,5.17,5.26,20950,KBS,2026-10-09T04:17:03Z
2019-11-06,PVG,5.26,5.43,4.83,5.34,9410,KBS,2026-10-09T04:17:03Z
2019-11-07,PVG,5.43,5.43,5.17,5.17,20700,KBS,2026-10-09T04:17:03Z
2019-11-08,PVG,5.08,5.34,5.08,5.26,4400,KBS,2026-10-09T04:17:03Z
2019-11-11,PVG,5.26,5.69,5.08,5.08,13050,KBS,2026-10-09T04:17:03Z
2019-11-12,PVG,5.08,5.08,5.08,5.08,67400,KBS,2026-10-09T04:17:03Z
2019-11-13,PVG,5.08,5.08,5.0,5.0,52800,KBS,2026-10-09T04:17:03Z
2019-11-14,PVG,5.08,5.08,4.65,5.0,65220,KBS,2026-10-09T04:17:03Z
2019-11-15,PVG,5.0,5.17,4.91,5.0,31000,KBS,2026-10-09T04:17:03Z
2019-11-18,PVG,5.0,5.08,4.91,4.91,41300,KBS,2026-10-09T04:17:03Z
2019-11-19,PVG,5.0,5.26,5.0,5.26,11400,KBS,2026-10-09T04:17:03Z
2019-11-20,PVG,5.17,5.26,5.17,5.26,510,KBS,2026-10-09T04:17:03Z
2019-11-21,PVG,5.17,5.26,5.08,5.26,33100,KBS,2026-10-09T04:17:03Z
2019-11-22,PVG,5.08,5.34,4.83,5.26,58900,KBS,2026-10-09T04:17:03Z
2019-11-25,PVG,5.26,5.43,5.26,5.43,34300,KBS,2026-10-09T04:17:03Z
2019-11-26,PVG,5.34,5.43,5.34,5.43,23000,KBS,2026-10-09T04:17:03Z
2019-11-27,PVG,5.43,5.51,5.43,5.51,31800,KBS,2026-10-09T04:17:03Z
2019-11-28,PVG,5.6,6.03,5.6,6.03,303640,KBS,2026-10-09T04:17:03Z
2019-11-29,PVG,6.03,6.38,5.95,6.29,159890,KBS,2026-10-09T04:17:03Z
2019-12-02,PVG,6.2,6.2,6.03,6.03,133000,KBS,2026-10-09T04:17:03Z
2019-12-03,PVG,6.38,6.64,5.43,6.64,123300,KBS,2026-10-09T04:17:03Z
2019-12-04,PVG,6.64,7.24,6.64,7.24,174030,KBS,2026-10-09T04:17:03Z
2019-12-05,PVG,7.24,7.84,7.15,7.15,92900,KBS,2026-10-09T04:17:03Z
2019-12-06,PVG,7.24,7.41,7.07,7.15,31050,KBS,2026-10-09T04:17:03Z
2019-12-09,PVG,7.15,7.24,6.72,6.89,36100,KBS,2026-10-09T04:17:03Z
2019-12-10,PVG,6.89,6.89,6.72,6.81,5500,KBS,2026-10-09T04:17:03Z
2019-12-11,PVG,6.81,7.15,6.64,6.81,12800,KBS,2026-10-09T04:17:03Z
2019-12-12,PVG,6.81,6.89,6.64,6.64,40100,KBS,2026-10-09T04:17:03Z
2019-12-13,PVG,6.72,6.81,6.72,6.72,10900,KBS,2026-10-09T04:17:03Z
2019-12-16,PVG,6.72,7.32,6.72,7.32,130100,KBS,2026-10-09T04:17:03Z
2019-12-17,PVG,7.41,7.84,7.24,7.24,137100,KBS,2026-10-09T04:17:03Z
2019-12-18,PVG,7.24,7.24,6.89,7.24,49500,KBS,2026-10-09T04:17:03Z
2019-12-19,PVG,7.15,7.15,6.89,7.07,11600,KBS,2026-10-09T04:17:03Z
2019-12-20,PVG,7.15,7.15,6.46,6.89,61100,KBS,2026-10-09T04:17:03Z
2019-12-23,PVG,6.89,6.89,6.55,6.81,16500,KBS,2026-10-09T04:17:03Z
2019-12-24,PVG,7.24,7.24,6.64,6.81,9700,KBS,2026-10-09T04:17:03Z
2019-12-25,PVG,6.81,6.89,6.64,6.81,60700,KBS,2026-10-09T04:17:03Z
2019-12-26,PVG,6.64,6.72,6.64,6.72,8800,KBS,2026-10-09T04:17:03Z
2019-12-27,PVG,6.72,6.72,6.55,6.72,57712,KBS,2026-10-09T04:17:03Z
2019-12-30,PVG,6.89,6.89,6.89,6.89,100,KBS,2026-10-09T04:17:03Z
2019-12-31,PVG,6.81,6.89,6.72,6.89,8110,KBS,2026-10-09T04:17:03Z
2020-01-02,PVG,6.89,6.89,6.89,6.89,3050,KBS,2026-10-09T04:17:03Z
2020-01-03,PVG,6.89,6.89,6.89,6.89,16500,KBS,2026-10-09T04:17:03Z
2020-01-06,PVG,6.89,6.89,6.89,6.89,33200,KBS,2026-10-09T04:17:03Z
2020-01-07,PVG,6.89,6.89,6.81,6.89,7401,KBS,2026-10-09T04:17:03Z
2020-01-08,PVG,6.72,6.81,6.64,6.81,27200,KBS,2026-10-09T04:17:03Z
2020-01-09,PVG,6.64,6.72,6.38,6.38,23900,KBS,2026-10-09T04:17:03Z
2020-01-10,PVG,6.46,6.46,6.38,6.38,44500,KBS,2026-10-09T04:17:03Z
2020-01-13,PVG,6.81,6.81,6.72,6.72,3500,KBS,2026-10-09T04:17:03Z
2020-01-14,PVG,6.72,6.72,6.72,6.72,6100,KBS,2026-10-09T04:17:03Z
2020-01-15,PVG,6.72,6.72,6.55,6.72,6100,KBS,2026-10-09T04:17:03Z
2020-01-16,PVG,6.72,6.81,6.72,6.81,10320,KBS,2026-10-09T04:17:03Z
2020-01-17,PVG,6.81,6.81,6.64,6.81,7600,KBS,2026-10-09T04:17:03Z
2020-01-20,PVG,6.81,6.81,6.72,6.72,9200,KBS,2026-10-09T04:17:03Z
2020-01-21,PVG,6.72,6.89,6.72,6.89,23300,KBS,2026-10-09T04:17:03Z
2020-01-22,PVG,6.98,7.32,6.98,7.32,39200,KBS,2026-10-09T04:17:03Z
2020-01-30,PVG,7.24,7.24,6.72,6.81,13700,KBS,2026-10-09T04:17:03Z
2020-01-31,PVG,6.89,6.89,6.81,6.81,9500,KBS,2026-10-09T04:17:03Z
2020-02-03,PVG,6.81,6.81,6.38,6.38,10900,KBS,2026-10-09T04:17:03Z
2020-02-04,PVG,6.29,6.81,6.29,6.72,23100,KBS,2026-10-09T04:17:03Z
2020-02-05,PVG,6.55,6.72,6.38,6.64,112300,KBS,2026-10-09T04:17:03Z
2020-02-06,PVG,6.46,6.64,6.46,6.64,12000,KBS,2026-10-09T04:17:03Z
2020-02-07,PVG,6.72,6.72,6.64,6.72,11000,KBS,2026-10-09T04:17:03Z
2020-02-10,PVG,6.38,6.46,6.29,6.38,11200,KBS,2026-10-09T04:17:03Z
2020-02-11,PVG,6.55,6.81,6.46,6.72,1300,KBS,2026-10-09T04:17:03Z
2020-02-12,PVG,6.72,6.81,6.72,6.81,800,KBS,2026-10-09T04:17:03Z
2020-02-13,PVG,6.81,6.81,6.81,6.81,4100,KBS,2026-10-09T04:17:03Z
2020-02-14,PVG,6.81,6.89,6.81,6.89,3300,KBS,2026-10-09T04:17:03Z
2020-02-17,PVG,6.89,6.89,6.89,6.89,10,KBS,2026-10-09T04:17:03Z
2020-02-18,PVG,6.89,7.07,6.89,6.98,5400,KBS,2026-10-09T04:17:03Z
2020-02-19,PVG,6.98,6.98,6.98,6.98,101,KBS,2026-10-09T04:17:03Z
2020-02-20,PVG,6.98,7.41,6.98,7.07,21000,KBS,2026-10-09T04:17:03Z
2020-02-24,PVG,6.64,6.64,6.55,6.55,15600,KBS,2026-10-09T04:17:03Z
2020-02-26,PVG,6.55,6.55,6.46,6.55,86100,KBS,2026-10-09T04:17:03Z
2020-02-27,PVG,6.46,6.81,6.46,6.81,11200,KBS,2026-10-09T04:17:03Z
2020-02-28,PVG,6.72,6.72,6.72,6.72,200,KBS,2026-10-09T04:17:03Z
2020-03-02,PVG,6.46,6.46,6.46,6.46,10300,KBS,2026-10-09T04:17:03Z
2020-03-03,PVG,6.72,6.72,6.46,6.64,7700,KBS,2026-10-09T04:17:03Z
2020-03-04,PVG,6.46,6.55,6.46,6.46,19900,KBS,2026-10-09T04:17:03Z
2020-03-05,PVG,6.46,6.46,6.46,6.46,5400,KBS,2026-10-09T04:17:03Z
2020-03-06,PVG,6.46,6.55,6.46,6.55,14500,KBS,2026-10-09T04:17:03Z
2020-03-10,PVG,5.95,6.46,5.95,6.46,7100,KBS,2026-10-09T04:17:03Z
2020-03-11,PVG,6.03,6.03,5.95,6.03,6400,KBS,2026-10-09T04:17:03Z
2020-03-12,PVG,5.43,6.03,5.43,5.95,48801,KBS,2026-10-09T04:17:03Z
2020-03-13,PVG,5.51,5.95,5.43,5.95,19300,KBS,2026-10-09T04:17:03Z
2020-03-16,PVG,5.6,5.77,5.43,5.6,1700,KBS,2026-10-09T04:17:03Z
2020-03-17,PVG,5.6,5.69,5.43,5.69,61600,KBS,2026-10-09T04:17:03Z
2020-03-18,PVG,5.51,5.69,5.51,5.6,20900,KBS,2026-10-09T04:17:03Z
2020-03-19,PVG,5.34,5.6,5.34,5.51,8500,KBS,2026-10-09T04:17:03Z
2020-03-20,PVG,5.6,5.69,5.51,5.51,8000,KBS,2026-10-09T04:17:03Z
2020-03-23,PVG,5.43,5.6,5.43,5.6,74500,KBS,2026-10-09T04:17:03Z
2020-03-24,PVG,5.6,5.6,5.43,5.51,8809,KBS,2026-10-09T04:17:03Z
2020-03-25,PVG,5.6,5.69,5.6,5.69,14020,KBS,2026-10-09T04:17:03Z
2020-03-26,PVG,5.6,5.69,5.51,5.69,16000,KBS,2026-10-09T04:17:03Z
2020-03-27,PVG,5.51,5.69,5.43,5.51,10200,KBS,2026-10-09T04:17:03Z
2020-03-30,PVG,5.17,5.17,5.0,5.17,20600,KBS,2026-10-09T04:17:03Z
2020-03-31,PVG,5.26,5.26,5.17,5.17,19350,KBS,2026-10-09T04:17:03Z
2020-04-01,PVG,5.26,5.34,5.17,5.17,1700,KBS,2026-10-09T04:17:03Z
2020-04-03,PVG,5.26,5.6,5.26,5.6,15600,KBS,2026-10-09T04:17:03Z
2020-04-06,PVG,5.43,5.77,5.43,5.77,1310,KBS,2026-10-09T04:17:03Z
2020-04-07,PVG,5.43,5.77,5.43,5.51,1800,KBS,2026-10-09T04:17:03Z
2020-04-08,PVG,5.43,5.69,5.43,5.51,4700,KBS,2026-10-09T04:17:03Z
2020-04-09,PVG,5.69,6.03,5.43,5.95,12720,KBS,2026-10-09T04:17:03Z
2020-04-10,PVG,5.86,5.95,5.77,5.77,4500,KBS,2026-10-09T04:17:03Z
2020-04-13,PVG,5.77,6.03,5.77,6.03,34300,KBS,2026-10-09T04:17:03Z
2020-04-14,PVG,6.03,6.03,5.95,6.03,11680,KBS,2026-10-09T04:17:03Z
2020-04-15,PVG,6.03,6.03,5.86,5.86,5120,KBS,2026-10-09T04:17:03Z
2020-04-16,PVG,5.95,5.95,5.86,5.86,5400,KBS,2026-10-09T04:17:03Z
2020-04-17,PVG,5.95,6.03,5.86,6.03,132600,KBS,2026-10-09T04:17:03Z
2020-04-20,PVG,5.95,6.03,5.95,5.95,93800,KBS,2026-10-09T04:17:03Z
2020-04-21,PVG,5.86,5.95,5.86,5.95,17300,KBS,2026-10-09T04:17:03Z
2020-04-22,PVG,5.77,5.95,5.77,5.95,43700,KBS,2026-10-09T04:17:03Z
2020-04-23,PVG,5.86,6.03,5.86,5.95,20200,KBS,2026-10-09T04:17:03Z
2020-04-24,PVG,5.95,5.95,5.95,5.95,8100,KBS,2026-10-09T04:17:03Z
2020-04-27,PVG,6.46,6.46,5.95,6.03,55320,KBS,2026-10-09T04:17:03Z
2020-04-28,PVG,5.95,6.03,5.86,6.03,6100,KBS,2026-10-09T04:17:03Z
2020-04-29,PVG,5.95,6.03,5.86,6.03,6500,KBS,2026-10-09T04:17:03Z
2020-05-04,PVG,5.95,6.03,5.86,6.03,19500,KBS,2026-10-09T04:17:03Z
2020-05-05,PVG,5.95,6.03,5.86,5.86,26600,KBS,2026-10-09T04:17:03Z
2020-05-06,PVG,5.95,6.03,5.95,6.03,6300,KBS,2026-10-09T04:17:03Z
2020-05-07,PVG,5.95,6.03,5.95,5.95,2700,KBS,2026-10-09T04:17:03Z
2020-05-08,PVG,5.95,6.03,5.95,5.95,11000,KBS,2026-10-09T04:17:03Z
2020-05-11,PVG,5.95,5.95,5.95,5.95,57230,KBS,2026-10-09T04:17:03Z
2020-05-12,PVG,5.95,6.03,5.95,6.03,31400,KBS,2026-10-09T04:17:03Z
2020-05-13,PVG,6.03,6.03,5.95,5.95,6100,KBS,2026-10-09T04:17:03Z
2020-05-14,PVG,5.95,6.03,5.86,5.86,22500,KBS,2026-10-09T04:17:03Z
2020-05-15,PVG,5.95,5.95,5.86,5.95,28110,KBS,2026-10-09T04:17:03Z
2020-05-18,PVG,5.95,5.95,5.95,5.95,500,KBS,2026-10-09T04:17:03Z
2020-05-19,PVG,6.03,6.03,5.95,5.95,13700,KBS,2026-10-09T04:17:03Z
2020-05-20,PVG,5.95,5.95,5.95,5.95,64200,KBS,2026-10-09T04:17:03Z
2020-05-21,PVG,5.95,5.95,5.86,5.95,34430,KBS,2026-10-09T04:17:03Z
2020-05-22,PVG,5.95,5.95,5.86,5.86,10600,KBS,2026-10-09T04:17:03Z
2020-05-25,PVG,5.95,5.95,5.86,5.95,10700,KBS,2026-10-09T04:17:03Z
2020-05-26,PVG,5.95,5.95,5.95,5.95,31500,KBS,2026-10-09T04:17:03Z
2020-05-27,PVG,5.95,6.03,5.95,6.03,13200,KBS,2026-10-09T04:17:03Z
2020-05-28,PVG,5.95,5.95,5.95,5.95,5030,KBS,2026-10-09T04:17:03Z
2020-05-29,PVG,5.95,5.95,5.95,5.95,13830,KBS,2026-10-09T04:17:03Z
2020-06-01,PVG,6.03,6.12,5.95,6.03,41950,KBS,2026-10-09T04:17:03Z
2020-06-02,PVG,6.03,6.03,5.95,6.03,61060,KBS,2026-10-09T04:17:03Z
2020-06-03,PVG,6.03,6.12,6.03,6.12,13430,KBS,2026-10-09T04:17:03Z
2020-06-04,PVG,6.12,6.2,6.12,6.2,2340,KBS,2026-10-09T04:17:03Z
2020-06-05,PVG,6.12,6.12,6.03,6.03,30830,KBS,2026-10-09T04:17:03Z
2020-06-08,PVG,6.12,6.12,6.03,6.12,62200,KBS,2026-10-09T04:17:03Z
2020-06-09,PVG,6.03,6.12,6.03,6.03,40800,KBS,2026-10-09T04:17:03Z
2020-06-10,PVG,6.03,6.12,6.03,6.03,60200,KBS,2026-10-09T04:17:03Z
2020-06-11,PVG,6.03,6.12,6.03,6.12,23000,KBS,2026-10-09T04:17:03Z
2020-06-12,PVG,6.03,6.03,5.95,6.03,118700,KBS,2026-10-09T04:17:03Z
2020-06-15,PVG,6.12,6.2,6.03,6.12,17920,KBS,2026-10-09T04:17:03Z
2020-06-16,PVG,6.12,6.12,6.03,6.12,4500,KBS,2026-10-09T04:17:03Z
2020-06-17,PVG,6.12,6.12,6.03,6.12,28400,KBS,2026-10-09T04:17:03Z
2020-06-18,PVG,6.2,6.2,6.03,6.03,3600,KBS,2026-10-09T04:17:03Z
2020-06-19,PVG,6.03,6.03,6.03,6.03,3400,KBS,2026-10-09T04:17:03Z
2020-06-22,PVG,6.12,6.2,6.12,6.12,2500,KBS,2026-10-09T04:17:03Z
2020-06-23,PVG,6.12,6.12,6.12,6.12,11900,KBS,2026-10-09T04:17:03Z
2020-06-24,PVG,6.12,6.12,6.03,6.03,20700,KBS,2026-10-09T04:17:03Z
2020-06-25,PVG,5.95,6.2,5.95,6.2,900,KBS,2026-10-09T04:17:03Z
2020-06-26,PVG,6.03,6.12,5.95,6.12,11000,KBS,2026-10-09T04:17:03Z
2020-06-29,PVG,6.03,6.12,5.95,6.12,46200,KBS,2026-10-09T04:17:03Z
2020-06-30,PVG,6.03,6.12,5.95,6.12,6200,KBS,2026-10-09T04:17:03Z
2020-07-01,PVG,6.03,6.03,6.03,6.03,21900,KBS,2026-10-09T04:17:03Z
2020-07-02,PVG,6.12,6.12,6.03,6.03,7200,KBS,2026-10-09T04:17:03Z
2020-07-03,PVG,6.03,6.03,6.03,6.03,18515,KBS,2026-10-09T04:17:03Z
2020-07-06,PVG,6.03,6.12,6.03,6.12,10100,KBS,2026-10-09T04:17:03Z
2020-07-07,PVG,5.95,6.03,5.95,6.03,7500,KBS,2026-10-09T04:17:03Z
2020-07-08,PVG,6.03,6.03,6.03,6.03,500,KBS,2026-10-09T04:17:03Z
2020-07-09,PVG,6.03,6.12,5.95,6.12,4900,KBS,2026-10-09T04:17:03Z
2020-07-10,PVG,6.12,6.12,6.03,6.12,8100,KBS,2026-10-09T04:17:03Z
2020-07-13,PVG,6.03,6.03,6.03,6.03,23000,KBS,2026-10-09T04:17:03Z
2020-07-14,PVG,5.95,5.95,5.95,5.95,20100,KBS,2026-10-09T04:17:03Z
2020-07-15,PVG,5.95,5.95,5.95,5.95,5200,KBS,2026-10-09T04:17:03Z
2020-07-20,PVG,5.95,6.03,5.95,6.03,5900,KBS,2026-10-09T04:17:03Z
2020-07-21,PVG,6.03,6.03,6.03,6.03,3000,KBS,2026-10-09T04:17:03Z
2020-07-22,PVG,6.03,6.03,5.95,6.03,26100,KBS,2026-10-09T04:17:03Z
2020-07-23,PVG,5.95,5.95,5.95,5.95,26500,KBS,2026-10-09T04:17:03Z
2020-07-24,PVG,5.95,6.03,5.86,5.95,19500,KBS,2026-10-09T04:17:03Z
2020-07-27,PVG,5.95,5.95,5.69,5.69,48700,KBS,2026-10-09T04:17:03Z
2020-07-28,PVG,5.86,6.03,5.86,6.03,310,KBS,2026-10-09T04:17:03Z
2020-07-29,PVG,5.86,5.95,5.69,5.95,21300,KBS,2026-10-09T04:17:03Z
2020-07-30,PVG,5.69,5.95,5.69,5.95,600,KBS,2026-10-09T04:17:03Z
2020-07-31,PVG,5.95,5.95,5.86,5.95,5000,KBS,2026-10-09T04:17:03Z
2020-08-03,PVG,5.95,5.95,5.95,5.95,2700,KBS,2026-10-09T04:17:03Z
2020-08-04,PVG,5.95,6.03,5.95,5.95,15700,KBS,2026-10-09T04:17:03Z
2020-08-05,PVG,5.95,5.95,5.95,5.95,3450,KBS,2026-10-09T04:17:03Z
2020-08-06,PVG,6.03,6.03,5.95,5.95,2800,KBS,2026-10-09T04:17:03Z
2020-08-07,PVG,5.95,5.95,5.95,5.95,13000,KBS,2026-10-09T04:17:03Z
2020-08-10,PVG,6.03,6.03,5.95,5.95,3710,KBS,2026-10-09T04:17:03Z
2020-08-11,PVG,6.12,6.12,6.12,6.12,600,KBS,2026-10-09T04:17:03Z
2020-08-12,PVG,6.03,6.03,6.03,6.03,1000,KBS,2026-10-09T04:17:03Z
2020-08-13,PVG,6.03,6.12,5.95,6.12,13300,KBS,2026-10-09T04:17:03Z
2020-08-14,PVG,6.03,6.12,5.95,5.95,17010,KBS,2026-10-09T04:17:03Z
2020-08-17,PVG,5.95,6.2,5.95,6.2,1200,KBS,2026-10-09T04:17:03Z
2020-08-19,PVG,6.03,6.12,6.03,6.12,10000,KBS,2026-10-09T04:17:03Z
2020-08-20,PVG,6.03,6.12,5.95,6.12,11900,KBS,2026-10-09T04:17:03Z
2020-08-21,PVG,6.03,6.12,5.95,5.95,48200,KBS,2026-10-09T04:17:03Z
2020-08-24,PVG,6.12,6.12,5.95,6.12,13000,KBS,2026-10-09T04:17:03Z
2020-08-25,PVG,6.03,6.03,6.03,6.03,8700,KBS,2026-10-09T04:17:03Z
2020-08-26,PVG,6.03,6.2,6.03,6.12,47151,KBS,2026-10-09T04:17:03Z
2020-08-27,PVG,6.03,6.03,6.03,6.03,400,KBS,2026-10-09T04:17:03Z
2020-08-28,PVG,6.12,6.2,6.12,6.2,75603,KBS,2026-10-09T04:17:03Z
2020-08-31,PVG,6.2,6.2,6.03,6.2,46600,KBS,2026-10-09T04:17:03Z
2020-09-01,PVG,6.12,6.2,6.03,6.2,4360,KBS,2026-10-09T04:17:03Z
2020-09-03,PVG,6.03,6.12,5.86,6.12,27000,KBS,2026-10-09T04:17:03Z
2020-09-04,PVG,6.03,6.2,6.03,6.2,15200,KBS,2026-10-09T04:17:03Z
2020-09-07,PVG,6.03,6.2,6.03,6.03,13515,KBS,2026-10-09T04:17:03Z
2020-09-08,PVG,5.95,6.12,5.95,6.12,58400,KBS,2026-10-09T04:17:03Z
2020-09-09,PVG,6.12,6.12,6.12,6.12,2107,KBS,2026-10-09T04:17:03Z
2020-09-10,PVG,6.12,6.12,6.12,6.12,15,KBS,2026-10-09T04:17:03Z
2020-09-11,PVG,6.03,6.12,6.03,6.03,7200,KBS,2026-10-09T04:17:03Z
2020-09-14,PVG,6.12,6.12,6.03,6.03,5200,KBS,2026-10-09T04:17:03Z
2020-09-15,PVG,5.95,6.03,5.95,6.03,31007,KBS,2026-10-09T04:17:03Z
2020-09-16,PVG,5.95,6.12,5.95,6.12,21000,KBS,2026-10-09T04:17:03Z
2020-09-17,PVG,6.12,6.12,6.12,6.12,100,KBS,2026-10-09T04:17:03Z
2020-09-18,PVG,5.95,6.12,5.95,6.03,19800,KBS,2026-10-09T04:17:03Z
2020-09-21,PVG,6.03,6.12,6.03,6.12,1428,KBS,2026-10-09T04:17:03Z
2020-09-22,PVG,6.03,6.03,5.95,6.03,14010,KBS,2026-10-09T04:17:03Z
2020-09-23,PVG,6.03,6.03,6.03,6.03,12207,KBS,2026-10-09T04:17:03Z
2020-09-24,PVG,5.95,6.03,5.95,5.95,10500,KBS,2026-10-09T04:17:03Z
2020-09-25,PVG,6.03,6.03,6.03,6.03,9000,KBS,2026-10-09T04:17:03Z
2020-09-28,PVG,6.03,6.03,6.03,6.03,3600,KBS,2026-10-09T04:17:03Z
2020-09-29,PVG,6.03,6.03,6.03,6.03,25700,KBS,2026-10-09T04:17:03Z
2020-09-30,PVG,6.03,6.03,5.95,6.03,4200,KBS,2026-10-09T04:17:03Z
2020-10-01,PVG,6.12,6.12,6.12,6.12,17700,KBS,2026-10-09T04:17:03Z
2020-10-02,PVG,6.12,6.12,6.12,6.12,10000,KBS,2026-10-09T04:17:03Z
2020-10-05,PVG,6.12,6.2,6.12,6.12,9050,KBS,2026-10-09T04:17:03Z
2020-10-06,PVG,6.12,6.12,6.03,6.03,3510,KBS,2026-10-09T04:17:03Z
2020-10-07,PVG,6.03,6.12,6.03,6.12,21800,KBS,2026-10-09T04:17:03Z
2020-10-08,PVG,6.12,6.12,6.12,6.12,80,KBS,2026-10-09T04:17:03Z
2020-10-09,PVG,6.03,6.12,6.03,6.12,5600,KBS,2026-10-09T04:17:03Z
2020-10-12,PVG,6.12,6.12,6.12,6.12,24000,KBS,2026-10-09T04:17:03Z
2020-10-13,PVG,6.12,6.2,6.12,6.2,32402,KBS,2026-10-09T04:17:03Z
2020-10-14,PVG,6.2,6.2,6.2,6.2,30600,KBS,2026-10-09T04:17:03Z
2020-10-15,PVG,6.2,6.2,6.12,6.12,19200,KBS,2026-10-09T04:17:03Z
2020-10-16,PVG,6.2,6.2,6.2,6.2,14900,KBS,2026-10-09T04:17:03Z
2020-10-19,PVG,6.2,6.81,6.2,6.64,26250,KBS,2026-10-09T04:17:03Z
2020-10-20,PVG,6.72,6.81,6.38,6.55,52390,KBS,2026-10-09T04:17:03Z
2020-10-21,PVG,6.38,6.55,6.38,6.55,27772,KBS,2026-10-09T04:17:03Z
2020-10-22,PVG,6.29,6.46,6.29,6.29,17730,KBS,2026-10-09T04:17:03Z
2020-10-23,PVG,6.46,6.46,6.38,6.46,24250,KBS,2026-10-09T04:17:03Z
2020-10-26,PVG,6.46,6.46,6.2,6.29,13720,KBS,2026-10-09T04:17:03Z
2020-10-27,PVG,6.38,6.38,6.29,6.29,4000,KBS,2026-10-09T04:17:03Z
2020-10-28,PVG,6.2,6.29,6.03,6.12,18330,KBS,2026-10-09T04:17:03Z
2020-10-29,PVG,6.12,6.12,6.12,6.12,5308,KBS,2026-10-09T04:17:03Z
2020-10-30,PVG,6.12,6.12,6.03,6.03,15302,KBS,2026-10-09T04:17:03Z
2020-11-02,PVG,6.03,6.12,6.03,6.12,48100,KBS,2026-10-09T04:17:03Z
2020-11-03,PVG,6.2,6.29,6.2,6.29,200,KBS,2026-10-09T04:17:03Z
2020-11-04,PVG,6.29,6.38,6.29,6.38,8200,KBS,2026-10-09T04:17:03Z
2020-11-05,PVG,6.29,6.29,6.2,6.2,1200,KBS,2026-10-09T04:17:03Z
2020-11-09,PVG,6.55,6.55,6.38,6.38,300,KBS,2026-10-09T04:17:03Z
2020-11-10,PVG,6.38,6.38,6.12,6.38,5400,KBS,2026-10-09T04:17:03Z
2020-11-11,PVG,6.03,6.55,6.03,6.46,42700,KBS,2026-10-09T04:17:03Z
2020-11-12,PVG,6.12,6.46,6.12,6.46,7700,KBS,2026-10-09T04:17:03Z
2020-11-13,PVG,6.12,6.46,6.12,6.46,24400,KBS,2026-10-09T04:17:03Z
2020-11-16,PVG,6.29,6.38,6.29,6.38,11900,KBS,2026-10-09T04:17:03Z
2020-11-17,PVG,6.29,6.38,6.29,6.38,12140,KBS,2026-10-09T04:17:03Z
2020-11-18,PVG,6.29,6.38,6.2,6.38,15800,KBS,2026-10-09T04:17:03Z
2020-11-19,PVG,6.38,6.64,6.38,6.55,53100,KBS,2026-10-09T04:17:03Z
2020-11-20,PVG,6.55,6.64,6.55,6.64,38200,KBS,2026-10-09T04:17:03Z
2020-11-23,PVG,6.72,6.89,6.64,6.81,89400,KBS,2026-10-09T04:17:03Z
2020-11-24,PVG,6.64,6.81,6.64,6.81,11600,KBS,2026-10-09T04:17:03Z
2020-11-25,PVG,6.81,6.89,6.72,6.89,55920,KBS,2026-10-09T04:17:03Z
2020-11-26,PVG,6.81,6.81,6.81,6.81,51540,KBS,2026-10-09T04:17:03Z
2020-11-27,PVG,6.64,6.72,6.64,6.72,2600,KBS,2026-10-09T04:17:03Z
2020-11-30,PVG,6.55,6.72,6.55,6.72,4700,KBS,2026-10-09T04:17:03Z
2020-12-01,PVG,6.72,6.81,6.72,6.81,800,KBS,2026-10-09T04:17:03Z
2020-12-02,PVG,6.81,6.89,6.64,6.81,26537,KBS,2026-10-09T04:17:03Z
2020-12-03,PVG,6.81,6.81,6.64,6.81,15700,KBS,2026-10-09T04:17:03Z
2020-12-04,PVG,6.81,6.81,6.81,6.81,27415,KBS,2026-10-09T04:17:03Z
2020-12-07,PVG,6.89,6.89,6.55,6.81,164700,KBS,2026-10-09T04:17:03Z
2020-12-08,PVG,6.81,6.81,6.81,6.81,200,KBS,2026-10-09T04:17:03Z
2020-12-09,PVG,6.64,6.81,6.64,6.81,4000,KBS,2026-10-09T04:17:03Z
2020-12-10,PVG,6.64,6.72,6.64,6.72,1300,KBS,2026-10-09T04:17:03Z
2020-12-11,PVG,6.72,6.72,6.64,6.64,2000,KBS,2026-10-09T04:17:03Z
2020-12-14,PVG,6.72,6.89,6.72,6.89,32600,KBS,2026-10-09T04:17:03Z
2020-12-15,PVG,6.89,6.89,6.72,6.72,12100,KBS,2026-10-09T04:17:03Z
2020-12-16,PVG,6.72,6.81,6.46,6.46,9300,KBS,2026-10-09T04:17:03Z
2020-12-17,PVG,6.46,6.89,6.46,6.81,46200,KBS,2026-10-09T04:17:03Z
2020-12-18,PVG,6.81,6.81,6.81,6.81,18500,KBS,2026-10-09T04:17:03Z
2020-12-21,PVG,6.81,6.81,6.64,6.64,32900,KBS,2026-10-09T04:17:03Z
2020-12-22,PVG,6.64,6.64,6.46,6.64,49252,KBS,2026-10-09T04:17:03Z
2020-12-23,PVG,6.55,6.64,6.38,6.64,111700,KBS,2026-10-09T04:17:03Z
2020-12-24,PVG,6.72,6.72,6.55,6.72,5000,KBS,2026-10-09T04:17:03Z
2020-12-25,PVG,6.55,6.81,6.55,6.81,10670,KBS,2026-10-09T04:17:03Z
2020-12-28,PVG,6.72,6.89,6.72,6.81,401200,KBS,2026-10-09T04:17:03Z
2020-12-29,PVG,6.81,7.41,6.81,7.41,597321,KBS,2026-10-09T04:17:03Z
2020-12-30,PVG,7.41,7.76,7.41,7.58,165400,KBS,2026-10-09T04:17:03Z
2020-12-31,PVG,7.58,7.58,7.41,7.58,58300,KBS,2026-10-09T04:17:03Z
2021-01-04,PVG,7.58,7.67,7.32,7.32,124600,KBS,2026-10-09T04:17:03Z
2021-01-05,PVG,7.58,7.58,7.07,7.15,61600,KBS,2026-10-09T04:17:03Z
2021-01-06,PVG,7.32,7.41,7.15,7.24,66300,KBS,2026-10-09T04:17:03Z
2021-01-07,PVG,7.24,7.5,7.15,7.41,119400,KBS,2026-10-09T04:17:03Z
2021-01-08,PVG,7.41,7.67,7.32,7.41,76500,KBS,2026-10-09T04:17:03Z
2021-01-11,PVG,7.76,7.76,7.5,7.76,115500,KBS,2026-10-09T04:17:03Z
2021-01-12,PVG,7.76,7.76,7.5,7.67,106500,KBS,2026-10-09T04:17:03Z
2021-01-13,PVG,7.76,7.84,7.67,7.76,329600,KBS,2026-10-09T04:17:03Z
2021-01-14,PVG,7.76,7.84,7.67,7.76,65900,KBS,2026-10-09T04:17:03Z
2021-01-15,PVG,7.76,7.84,7.67,7.84,115600,KBS,2026-10-09T04:17:03Z
2021-01-18,PVG,7.84,7.84,7.76,7.84,184800,KBS,2026-10-09T04:17:03Z
2021-01-19,PVG,7.76,7.93,7.5,7.76,187600,KBS,2026-10-09T04:17:03Z
2021-01-20,PVG,7.84,7.84,7.41,7.76,55400,KBS,2026-10-09T04:17:03Z
2021-01-21,PVG,7.76,7.76,7.5,7.76,105700,KBS,2026-10-09T04:17:03Z
2021-01-22,PVG,7.76,8.36,7.76,8.27,491600,KBS,2026-10-09T04:17:03Z
2021-01-25,PVG,8.36,8.44,8.1,8.27,110200,KBS,2026-10-09T04:17:03Z
2021-01-26,PVG,8.27,8.27,7.76,8.19,36100,KBS,2026-10-09T04:17:03Z
2021-01-27,PVG,8.1,8.1,7.5,7.58,223600,KBS,2026-10-09T04:17:03Z
2021-01-28,PVG,7.41,7.41,6.89,6.89,212100,KBS,2026-10-09T04:17:03Z
2021-01-29,PVG,6.2,7.41,6.2,7.32,72200,KBS,2026-10-09T04:17:03Z
2021-02-01,PVG,7.32,7.41,7.07,7.41,39100,KBS,2026-10-09T04:17:03Z
2021-02-02,PVG,7.15,7.58,7.15,7.58,32900,KBS,2026-10-09T04:17:03Z
2021-02-03,PVG,7.76,7.93,7.5,7.84,39900,KBS,2026-10-09T04:17:03Z
2021-02-04,PVG,7.84,7.84,7.67,7.76,38200,KBS,2026-10-09T04:17:03Z
2021-02-05,PVG,7.58,7.84,7.41,7.76,30300,KBS,2026-10-09T04:17:03Z
2021-02-08,PVG,7.76,7.76,7.5,7.58,30100,KBS,2026-10-09T04:17:03Z
2021-02-09,PVG,7.5,7.67,7.5,7.58,6200,KBS,2026-10-09T04:17:03Z
2021-02-17,PVG,7.93,8.1,7.84,8.01,95500,KBS,2026-10-09T04:17:03Z
2021-02-18,PVG,8.01,8.01,7.93,8.01,72910,KBS,2026-10-09T04:17:03Z
2021-02-19,PVG,8.01,8.19,7.93,8.1,87300,KBS,2026-10-09T04:17:03Z
2021-02-22,PVG,8.1,8.1,8.01,8.01,30300,KBS,2026-10-09T04:17:03Z
2021-02-23,PVG,8.01,8.1,7.93,7.93,55000,KBS,2026-10-09T04:17:03Z
2021-02-24,PVG,7.93,7.93,7.76,7.84,92400,KBS,2026-10-09T04:17:03Z
2021-02-25,PVG,7.76,7.93,7.76,7.84,45600,KBS,2026-10-09T04:17:03Z
2021-02-26,PVG,7.76,8.1,7.76,7.76,38300,KBS,2026-10-09T04:17:03Z
2021-03-01,PVG,7.84,7.93,7.76,7.84,113601,KBS,2026-10-09T04:17:03Z
2021-03-02,PVG,7.84,8.1,7.84,8.01,72300,KBS,2026-10-09T04:17:03Z
2021-03-03,PVG,8.01,8.19,8.01,8.1,131900,KBS,2026-10-09T04:17:03Z
2021-03-04,PVG,8.1,8.1,7.93,8.01,180200,KBS,2026-10-09T04:17:03Z
2021-03-05,PVG,8.1,8.79,8.1,8.79,1417400,KBS,2026-10-09T04:17:03Z
2021-03-08,PVG,9.48,9.65,9.13,9.65,1363410,KBS,2026-10-09T04:17:03Z
2021-03-09,PVG,9.65,9.91,9.65,9.82,366012,KBS,2026-10-09T04:17:03Z
2021-03-10,PVG,9.74,9.74,9.13,9.39,507800,KBS,2026-10-09T04:17:03Z
2021-03-11,PVG,9.31,9.39,8.96,9.22,343428,KBS,2026-10-09T04:17:03Z
2021-03-12,PVG,9.31,9.48,8.88,9.22,271260,KBS,2026-10-09T04:17:03Z
2021-03-15,PVG,9.22,9.22,8.88,8.88,330800,KBS,2026-10-09T04:17:03Z
2021-03-16,PVG,8.88,9.39,8.7,9.31,250900,KBS,2026-10-09T04:17:03Z
2021-03-17,PVG,9.39,9.57,9.13,9.22,396200,KBS,2026-10-09T04:17:03Z
2021-03-18,PVG,9.22,9.31,9.05,9.22,260400,KBS,2026-10-09T04:17:03Z
2021-03-19,PVG,9.05,9.22,8.96,9.13,241300,KBS,2026-10-09T04:17:03Z
2021-03-22,PVG,9.13,9.39,9.05,9.31,359215,KBS,2026-10-09T04:17:03Z
2021-03-23,PVG,9.48,9.48,9.13,9.22,220900,KBS,2026-10-09T04:17:03Z
2021-03-24,PVG,9.22,9.22,8.88,9.13,283581,KBS,2026-10-09T04:17:03Z
2021-03-25,PVG,9.13,9.13,8.88,8.96,119800,KBS,2026-10-09T04:17:03Z
2021-03-26,PVG,8.96,9.05,8.62,8.96,198300,KBS,2026-10-09T04:17:03Z
2021-03-29,PVG,9.13,9.13,8.79,8.96,120906,KBS,2026-10-09T04:17:03Z
2021-03-30,PVG,8.96,8.96,8.88,8.96,54010,KBS,2026-10-09T04:17:03Z
2021-03-31,PVG,9.05,9.13,8.19,8.79,315206,KBS,2026-10-09T04:17:03Z
2021-04-01,PVG,8.88,9.05,8.7,8.96,161964,KBS,2026-10-09T04:17:03Z
2021-04-02,PVG,8.96,9.39,8.88,9.13,216310,KBS,2026-10-09T04:17:03Z
2021-04-05,PVG,9.05,9.22,9.05,9.13,155302,KBS,2026-10-09T04:17:03Z
2021-04-06,PVG,9.05,9.13,8.96,9.13,79618,KBS,2026-10-09T04:17:03Z
2021-04-07,PVG,9.13,9.13,8.96,8.96,98200,KBS,2026-10-09T04:17:03Z
2021-04-08,PVG,8.96,9.05,8.79,8.79,143500,KBS,2026-10-09T04:17:03Z
2021-04-09,PVG,8.79,9.05,8.7,8.79,124500,KBS,2026-10-09T04:17:03Z
2021-04-12,PVG,8.88,9.05,8.79,8.88,142600,KBS,2026-10-09T04:17:03Z
2021-04-13,PVG,8.96,9.13,8.62,8.79,127800,KBS,2026-10-09T04:17:03Z
2021-04-14,PVG,8.79,8.79,8.62,8.79,167700,KBS,2026-10-09T04:17:03Z
2021-04-15,PVG,8.88,8.88,8.7,8.79,100600,KBS,2026-10-09T04:17:03Z
2021-04-16,PVG,8.7,8.7,8.44,8.53,190005,KBS,2026-10-09T04:17:03Z
2021-04-19,PVG,8.36,8.7,8.36,8.44,42200,KBS,2026-10-09T04:17:03Z
2021-04-20,PVG,8.44,8.62,8.36,8.44,83730,KBS,2026-10-09T04:17:03Z
2021-04-22,PVG,8.44,8.53,8.19,8.27,123100,KBS,2026-10-09T04:17:03Z
2021-04-23,PVG,8.19,8.36,8.19,8.36,94300,KBS,2026-10-09T04:17:03Z
2021-04-26,PVG,8.44,8.44,8.1,8.19,287510,KBS,2026-10-09T04:17:03Z
2021-04-27,PVG,8.36,8.36,7.93,8.1,80500,KBS,2026-10-09T04:17:03Z
2021-04-28,PVG,8.01,8.1,7.84,8.01,48900,KBS,2026-10-09T04:17:03Z
2021-04-29,PVG,7.93,8.19,7.84,7.84,37400,KBS,2026-10-09T04:17:03Z
2021-05-04,PVG,7.84,7.84,7.76,7.76,34800,KBS,2026-10-09T04:17:03Z
2021-05-05,PVG,7.76,8.1,7.58,7.84,110610,KBS,2026-10-09T04:17:03Z
2021-05-06,PVG,7.93,7.93,7.67,7.76,70500,KBS,2026-10-09T04:17:03Z
2021-05-07,PVG,7.76,7.76,7.5,7.76,49900,KBS,2026-10-09T04:17:03Z
2021-05-10,PVG,7.67,7.67,7.5,7.67,64200,KBS,2026-10-09T04:17:03Z
2021-05-11,PVG,7.67,7.84,7.67,7.67,21100,KBS,2026-10-09T04:17:03Z
2021-05-12,PVG,7.67,7.76,7.58,7.76,103500,KBS,2026-10-09T04:17:03Z
2021-05-13,PVG,7.76,7.84,7.67,7.67,83500,KBS,2026-10-09T04:17:03Z
2021-05-14,PVG,7.76,7.76,7.58,7.67,34200,KBS,2026-10-09T04:17:03Z
2021-05-17,PVG,7.67,7.76,7.5,7.67,35000,KBS,2026-10-09T04:17:03Z
2021-05-18,PVG,7.67,7.67,7.5,7.58,21500,KBS,2026-10-09T04:17:03Z
2021-05-19,PVG,7.58,7.58,7.41,7.5,33200,KBS,2026-10-09T04:17:03Z
2021-05-20,PVG,7.32,7.58,7.32,7.41,32400,KBS,2026-10-09T04:17:03Z
2021-05-21,PVG,7.41,7.5,7.32,7.5,27900,KBS,2026-10-09T04:17:03Z
2021-05-24,PVG,7.5,7.58,7.5,7.5,36300,KBS,2026-10-09T04:17:03Z
2021-05-25,PVG,7.58,7.58,7.41,7.41,60300,KBS,2026-10-09T04:17:03Z
2021-05-26,PVG,7.5,7.5,7.32,7.41,14700,KBS,2026-10-09T04:17:03Z
2021-05-27,PVG,7.41,7.5,7.32,7.32,59515,KBS,2026-10-09T04:17:03Z
2021-05-28,PVG,7.32,7.5,7.32,7.5,86115,KBS,2026-10-09T04:17:03Z
2021-05-31,PVG,7.41,7.67,7.24,7.67,92500,KBS,2026-10-09T04:17:03Z
2021-06-01,PVG,7.76,7.93,7.67,7.76,47000,KBS,2026-10-09T04:17:03Z
2021-06-02,PVG,7.76,7.93,7.76,7.93,100900,KBS,2026-10-09T04:17:03Z
2021-06-03,PVG,7.93,7.93,7.76,7.84,52510,KBS,2026-10-09T04:17:03Z
2021-06-04,PVG,7.84,8.62,7.76,8.44,231552,KBS,2026-10-09T04:17:03Z
2021-06-07,PVG,8.44,9.05,8.36,8.79,292308,KBS,2026-10-09T04:17:03Z
2021-06-08,PVG,8.79,8.79,8.19,8.53,104210,KBS,2026-10-09T04:17:03Z
2021-06-09,PVG,8.53,8.53,8.01,8.44,51630,KBS,2026-10-09T04:17:03Z
2021-06-10,PVG,8.27,8.36,7.84,7.93,116800,KBS,2026-10-09T04:17:03Z
2021-06-11,PVG,7.84,8.19,7.84,8.1,126100,KBS,2026-10-09T04:17:03Z
2021-06-14,PVG,8.19,8.19,7.84,8.01,91700,KBS,2026-10-09T04:17:03Z
2021-06-15,PVG,8.1,8.1,7.84,7.93,28300,KBS,2026-10-09T04:17:03Z
2021-06-16,PVG,8.01,8.19,7.93,8.01,52150,KBS,2026-10-09T04:17:03Z
2021-06-17,PVG,7.93,8.01,7.76,8.01,44400,KBS,2026-10-09T04:17:03Z
2021-06-18,PVG,8.01,8.1,8.01,8.1,62800,KBS,2026-10-09T04:17:03Z
2021-06-21,PVG,8.1,8.44,8.01,8.19,101500,KBS,2026-10-09T04:17:03Z
2021-06-22,PVG,8.44,8.44,8.19,8.27,94250,KBS,2026-10-09T04:17:03Z
2021-06-23,PVG,8.19,8.36,8.19,8.27,64470,KBS,2026-10-09T04:17:03Z
2021-06-24,PVG,8.19,8.27,7.93,8.01,39207,KBS,2026-10-09T04:17:03Z
2021-06-25,PVG,8.01,8.19,7.84,8.19,34700,KBS,2026-10-09T04:17:03Z
2021-06-28,PVG,8.19,8.19,7.93,8.19,52915,KBS,2026-10-09T04:17:03Z
2021-06-29,PVG,8.01,8.1,7.76,8.1,201300,KBS,2026-10-09T04:17:03Z
2021-06-30,PVG,7.93,8.1,7.76,7.84,71900,KBS,2026-10-09T04:17:03Z
2021-07-01,PVG,7.84,8.01,7.76,7.93,35008,KBS,2026-10-09T04:17:03Z
2021-07-02,PVG,7.93,7.93,7.67,7.84,127600,KBS,2026-10-09T04:17:03Z
2021-07-05,PVG,7.93,8.01,7.67,7.76,58600,KBS,2026-10-09T04:17:03Z
2021-07-06,PVG,7.76,7.84,7.58,7.58,79700,KBS,2026-10-09T04:17:03Z
2021-07-07,PVG,7.58,7.58,7.41,7.5,112500,KBS,2026-10-09T04:17:03Z
2021-07-08,PVG,7.76,7.76,7.5,7.58,28800,KBS,2026-10-09T04:17:03Z
2021-07-09,PVG,7.76,7.76,7.5,7.5,19300,KBS,2026-10-09T04:17:03Z
2021-07-12,PVG,7.5,7.5,7.24,7.24,84600,KBS,2026-10-09T04:17:03Z
2021-07-13,PVG,7.41,7.5,7.24,7.5,108100,KBS,2026-10-09T04:17:03Z
2021-07-14,PVG,7.5,7.58,7.41,7.5,13500,KBS,2026-10-09T04:17:03Z
2021-07-15,PVG,7.5,7.5,7.5,7.5,12900,KBS,2026-10-09T04:17:03Z
2021-07-16,PVG,7.5,7.58,7.32,7.5,27900,KBS,2026-10-09T04:17:03Z
2021-07-19,PVG,7.5,7.5,7.24,7.41,50200,KBS,2026-10-09T04:17:03Z
2021-07-20,PVG,7.32,7.32,7.15,7.32,49800,KBS,2026-10-09T04:17:03Z
2021-07-21,PVG,7.32,7.32,6.89,7.24,103300,KBS,2026-10-09T04:17:03Z
2021-07-22,PVG,7.15,7.15,7.07,7.15,52100,KBS,2026-10-09T04:17:03Z
2021-07-23,PVG,7.07,7.24,6.89,7.15,73100,KBS,2026-10-09T04:17:03Z
2021-07-26,PVG,6.98,7.15,6.98,7.15,6700,KBS,2026-10-09T04:17:03Z
2021-07-27,PVG,7.15,7.15,6.98,6.98,15200,KBS,2026-10-09T04:17:03Z
2021-07-28,PVG,6.98,6.98,6.89,6.98,52700,KBS,2026-10-09T04:17:03Z
2021-07-29,PVG,7.07,7.15,6.98,7.15,25600,KBS,2026-10-09T04:17:03Z
2021-07-30,PVG,7.15,7.15,7.07,7.15,19800,KBS,2026-10-09T04:17:03Z
2021-08-02,PVG,7.15,7.32,7.07,7.32,33500,KBS,2026-10-09T04:17:03Z
2021-08-03,PVG,7.41,7.41,7.15,7.32,45400,KBS,2026-10-09T04:17:03Z
2021-08-04,PVG,7.32,7.32,7.24,7.24,7600,KBS,2026-10-09T04:17:03Z
2021-08-05,PVG,7.24,7.24,7.07,7.24,33800,KBS,2026-10-09T04:17:03Z
2021-08-06,PVG,7.24,7.32,7.24,7.32,23600,KBS,2026-10-09T04:17:03Z
2021-08-09,PVG,7.32,7.32,7.24,7.24,21600,KBS,2026-10-09T04:17:03Z
2021-08-10,PVG,7.24,7.76,7.24,7.67,159400,KBS,2026-10-09T04:17:03Z
2021-08-11,PVG,7.76,7.93,7.67,7.84,127500,KBS,2026-10-09T04:17:03Z
2021-08-12,PVG,7.84,7.84,7.67,7.76,85600,KBS,2026-10-09T04:17:03Z
2021-08-13,PVG,7.67,7.76,7.58,7.67,81000,KBS,2026-10-09T04:17:03Z
2021-08-16,PVG,7.67,7.67,7.5,7.67,66900,KBS,2026-10-09T04:17:03Z
2021-08-17,PVG,7.58,7.67,7.5,7.58,32700,KBS,2026-10-09T04:17:03Z
2021-08-18,PVG,7.5,7.67,7.41,7.58,85300,KBS,2026-10-09T04:17:03Z
2021-08-19,PVG,7.58,7.67,7.5,7.67,65000,KBS,2026-10-09T04:17:03Z
2021-08-20,PVG,7.67,7.67,7.41,7.41,130300,KBS,2026-10-09T04:17:03Z
2021-08-23,PVG,7.41,7.41,7.32,7.32,45200,KBS,2026-10-09T04:17:03Z
2021-08-24,PVG,7.41,7.41,7.32,7.41,13800,KBS,2026-10-09T04:17:03Z
2021-08-25,PVG,7.41,7.41,7.32,7.41,5900,KBS,2026-10-09T04:17:03Z
2021-08-26,PVG,7.5,7.67,7.41,7.58,49200,KBS,2026-10-09T04:17:03Z
2021-08-27,PVG,7.32,7.58,7.32,7.58,59500,KBS,2026-10-09T04:17:03Z
2021-08-30,PVG,7.58,7.67,7.5,7.58,16900,KBS,2026-10-09T04:17:03Z
2021-08-31,PVG,7.58,7.76,7.5,7.58,139300,KBS,2026-10-09T04:17:03Z
2021-09-01,PVG,7.58,8.27,7.58,8.27,863618,KBS,2026-10-09T04:17:03Z
2021-09-06,PVG,8.53,8.96,8.44,8.88,694730,KBS,2026-10-09T04:17:03Z
2021-09-07,PVG,8.88,8.96,8.53,8.53,331210,KBS,2026-10-09T04:17:03Z
2021-09-08,PVG,8.36,8.53,8.19,8.19,415900,KBS,2026-10-09T04:17:03Z
2021-09-09,PVG,8.27,8.96,8.27,8.96,1234968,KBS,2026-10-09T04:17:03Z
2021-09-10,PVG,9.39,9.57,9.05,9.39,672800,KBS,2026-10-09T04:17:03Z
2021-09-13,PVG,9.31,9.82,9.31,9.39,617800,KBS,2026-10-09T04:17:03Z
2021-09-14,PVG,9.48,9.65,9.05,9.22,655750,KBS,2026-10-09T04:17:03Z
2021-09-15,PVG,9.39,10.08,9.05,10.08,927800,KBS,2026-10-09T04:17:03Z
2021-09-16,PVG,10.08,11.03,10.08,10.94,1337824,KBS,2026-10-09T04:17:03Z
2021-09-17,PVG,10.94,11.89,10.94,11.37,1916837,KBS,2026-10-09T04:17:03Z
2021-09-20,PVG,11.63,11.89,11.29,11.37,1207188,KBS,2026-10-09T04:17:03Z
2021-09-21,PVG,11.2,12.15,10.51,12.06,1445452,KBS,2026-10-09T04:17:03Z
2021-09-22,PVG,12.49,12.49,11.72,12.06,1205650,KBS,2026-10-09T04:17:03Z
2021-09-23,PVG,12.06,12.49,11.63,11.63,1117200,KBS,2026-10-09T04:17:03Z
2021-09-24,PVG,11.63,11.89,10.94,10.94,1325919,KBS,2026-10-09T04:17:03Z
2021-09-27,PVG,11.2,11.55,10.94,11.2,709460,KBS,2026-10-09T04:17:03Z
2021-09-28,PVG,11.29,12.32,11.29,12.32,2165790,KBS,2026-10-09T04:17:03Z
2021-09-29,PVG,12.84,13.53,12.75,13.53,3093845,KBS,2026-10-09T04:17:03Z
2021-09-30,PVG,14.65,14.65,13.18,13.27,1317249,KBS,2026-10-09T04:17:03Z
2021-10-01,PVG,13.36,14.56,13.18,14.56,2175911,KBS,2026-10-09T04:17:03Z
2021-10-04,PVG,15.17,15.94,14.91,15.17,2719949,KBS,2026-10-09T04:17:03Z
2021-10-05,PVG,16.54,16.54,14.82,15.86,2055088,KBS,2026-10-09T04:17:03Z
2021-10-06,PVG,15.86,16.37,15.17,15.94,1571119,KBS,2026-10-09T04:17:03Z
2021-10-07,PVG,15.94,15.94,14.99,15.17,1890448,KBS,2026-10-09T04:17:03Z
2021-10-08,PVG,15.17,16.29,14.82,15.6,1781250,KBS,2026-10-09T04:17:03Z
2021-10-11,PVG,15.68,16.8,14.91,15.08,938079,KBS,2026-10-09T04:17:03Z
2021-10-12,PVG,14.99,15.34,14.22,14.74,1607789,KBS,2026-10-09T04:17:03Z
2021-10-13,PVG,14.74,15.25,14.39,14.99,1341962,KBS,2026-10-09T04:17:03Z
2021-10-14,PVG,14.99,15.42,14.99,15.25,1058524,KBS,2026-10-09T04:17:03Z
2021-10-15,PVG,15.42,15.94,14.91,15.42,1500414,KBS,2026-10-09T04:17:03Z
2021-10-18,PVG,15.17,15.77,14.82,14.91,1696219,KBS,2026-10-09T04:17:03Z
2021-10-19,PVG,14.82,14.82,14.39,14.48,1077860,KBS,2026-10-09T04:17:03Z
2021-10-20,PVG,14.56,14.56,13.87,14.39,1249051,KBS,2026-10-09T04:17:03Z
2021-10-21,PVG,14.22,14.65,13.87,14.05,663000,KBS,2026-10-09T04:17:03Z
2021-10-22,PVG,13.96,14.3,13.1,14.13,1512039,KBS,2026-10-09T04:17:03Z
2021-10-25,PVG,14.39,15.17,14.39,14.48,916599,KBS,2026-10-09T04:17:03Z
2021-10-26,PVG,14.91,15.08,14.65,14.82,829451,KBS,2026-10-09T04:17:03Z
2021-10-27,PVG,14.91,14.91,14.39,14.56,988167,KBS,2026-10-09T04:17:03Z
2021-10-28,PVG,14.56,14.65,14.13,14.39,801309,KBS,2026-10-09T04:17:03Z
2021-10-29,PVG,14.3,14.3,13.96,13.96,1294500,KBS,2026-10-09T04:17:03Z
2021-11-01,PVG,14.05,14.3,13.87,13.87,804049,KBS,2026-10-09T04:17:03Z
2021-11-02,PVG,13.96,14.05,13.53,13.7,993245,KBS,2026-10-09T04:17:03Z
2021-11-03,PVG,13.79,14.05,13.36,13.36,916174,KBS,2026-10-09T04:17:03Z
2021-11-04,PVG,13.36,14.22,13.1,13.79,636381,KBS,2026-10-09T04:17:03Z
2021-11-05,PVG,13.79,13.96,13.62,13.62,532705,KBS,2026-10-09T04:17:03Z
2021-11-08,PVG,13.79,14.3,13.7,13.96,899549,KBS,2026-10-09T04:17:03Z
2021-11-09,PVG,14.05,14.13,13.7,13.87,536530,KBS,2026-10-09T04:17:03Z
2021-11-10,PVG,13.79,15.25,13.79,15.25,2052771,KBS,2026-10-09T04:17:03Z
2021-11-11,PVG,15.42,15.94,14.65,15.08,1284356,KBS,2026-10-09T04:17:03Z
2021-11-12,PVG,15.08,15.51,14.22,14.91,564212,KBS,2026-10-09T04:17:03Z
2021-11-15,PVG,14.91,14.99,13.79,14.13,1387016,KBS,2026-10-09T04:17:03Z
2021-11-16,PVG,14.13,14.99,14.13,14.65,844782,KBS,2026-10-09T04:17:03Z
2021-11-17,PVG,14.65,15.68,14.65,15.25,1258637,KBS,2026-10-09T04:17:03Z
2021-11-18,PVG,15.25,15.25,14.65,14.65,785862,KBS,2026-10-09T04:17:03Z
2021-11-19,PVG,14.91,14.91,13.36,13.79,1490550,KBS,2026-10-09T04:17:03Z
2021-11-22,PVG,13.79,13.79,12.41,12.49,1059328,KBS,2026-10-09T04:17:03Z
2021-11-23,PVG,12.58,13.27,12.49,13.01,308501,KBS,2026-10-09T04:17:03Z
2021-11-24,PVG,13.01,13.53,13.01,13.01,279918,KBS,2026-10-09T04:17:03Z
2021-11-25,PVG,13.01,13.36,12.75,13.01,453861,KBS,2026-10-09T04:17:03Z
2021-11-26,PVG,12.93,13.01,12.49,12.58,511810,KBS,2026-10-09T04:17:03Z
2021-11-29,PVG,12.58,13.1,12.15,12.84,370010,KBS,2026-10-09T04:17:03Z
2021-11-30,PVG,12.84,13.27,12.75,12.75,359700,KBS,2026-10-09T04:17:03Z
2021-12-01,PVG,12.67,12.93,12.58,12.93,185105,KBS,2026-10-09T04:17:03Z
2021-12-02,PVG,12.93,13.01,12.67,12.93,417032,KBS,2026-10-09T04:17:03Z
2021-12-03,PVG,13.01,13.18,12.49,12.49,333300,KBS,2026-10-09T04:17:03Z
2021-12-06,PVG,12.93,12.93,11.63,11.63,277550,KBS,2026-10-09T04:17:03Z
2021-12-07,PVG,11.63,12.49,11.63,12.32,466400,KBS,2026-10-09T04:17:03Z
2021-12-08,PVG,12.32,12.75,12.32,12.49,191201,KBS,2026-10-09T04:17:03Z
2021-12-09,PVG,12.67,12.67,12.32,12.49,137543,KBS,2026-10-09T04:17:03Z
2021-12-10,PVG,12.49,12.49,12.15,12.32,352662,KBS,2026-10-09T04:17:03Z
2021-12-13,PVG,12.32,12.67,12.24,12.32,186900,KBS,2026-10-09T04:17:03Z
2021-12-14,PVG,12.58,12.58,12.15,12.24,292800,KBS,2026-10-09T04:17:03Z
2021-12-15,PVG,12.15,12.41,11.98,12.41,311420,KBS,2026-10-09T04:17:03Z
2021-12-16,PVG,12.49,12.58,12.24,12.41,167800,KBS,2026-10-09T04:17:03Z
2021-12-17,PVG,12.32,12.58,12.24,12.32,222700,KBS,2026-10-09T04:17:03Z
2021-12-20,PVG,12.41,12.41,11.89,11.89,354583,KBS,2026-10-09T04:17:03Z
2021-12-21,PVG,11.89,12.58,11.81,12.32,480220,KBS,2026-10-09T04:17:03Z
2021-12-22,PVG,12.58,12.58,11.98,12.06,246420,KBS,2026-10-09T04:17:03Z
2021-12-23,PVG,12.06,13.18,11.98,13.1,989668,KBS,2026-10-09T04:17:03Z
2021-12-24,PVG,13.1,13.62,12.67,12.84,324510,KBS,2026-10-09T04:17:03Z
2021-12-27,PVG,12.58,13.01,11.63,12.75,143300,KBS,2026-10-09T04:17:03Z
2021-12-28,PVG,12.67,12.93,12.32,12.32,528200,KBS,2026-10-09T04:17:03Z
2021-12-29,PVG,12.32,12.67,12.24,12.32,249800,KBS,2026-10-09T04:17:03Z
2021-12-30,PVG,12.49,12.67,12.24,12.24,374528,KBS,2026-10-09T04:17:03Z
2021-12-31,PVG,12.24,12.41,12.06,12.24,291200,KBS,2026-10-09T04:17:03Z
2022-01-04,PVG,12.24,12.75,12.24,12.41,284241,KBS,2026-10-09T04:17:03Z
2022-01-05,PVG,12.58,12.93,12.41,12.41,400000,KBS,2026-10-09T04:17:03Z
2022-01-06,PVG,12.67,12.67,12.24,12.32,345000,KBS,2026-10-09T04:17:03Z
2022-01-07,PVG,12.49,12.58,12.24,12.49,575508,KBS,2026-10-09T04:17:03Z
2022-01-10,PVG,12.49,12.75,12.24,12.24,578449,KBS,2026-10-09T04:17:03Z
2022-01-11,PVG,12.24,12.49,11.89,11.98,457500,KBS,2026-10-09T04:17:03Z
2022-01-12,PVG,12.24,12.49,11.89,11.89,506926,KBS,2026-10-09T04:17:03Z
2022-01-13,PVG,12.41,12.49,11.89,11.89,349810,KBS,2026-10-09T04:17:03Z
2022-01-14,PVG,11.72,11.89,11.29,11.81,126550,KBS,2026-10-09T04:17:03Z
2022-01-17,PVG,12.15,12.15,10.69,10.69,325757,KBS,2026-10-09T04:17:03Z
2022-01-18,PVG,10.69,10.69,9.65,9.65,536510,KBS,2026-10-09T04:17:03Z
2022-01-19,PVG,10.17,10.6,9.48,10.17,358350,KBS,2026-10-09T04:17:03Z
2022-01-20,PVG,10.34,10.69,9.91,10.34,151700,KBS,2026-10-09T04:17:03Z
2022-01-21,PVG,10.34,10.6,10.17,10.51,250900,KBS,2026-10-09T04:17:03Z
2022-01-24,PVG,10.51,10.51,9.91,9.91,321300,KBS,2026-10-09T04:17:03Z
2022-01-25,PVG,9.91,10.0,9.48,9.91,188045,KBS,2026-10-09T04:17:03Z
2022-01-26,PVG,10.17,10.17,9.65,9.82,90250,KBS,2026-10-09T04:17:03Z
2022-01-27,PVG,10.0,10.0,9.74,9.74,163900,KBS,2026-10-09T04:17:03Z
2022-01-28,PVG,9.91,9.91,9.65,9.82,122400,KBS,2026-10-09T04:17:03Z
2022-02-07,PVG,10.0,10.77,10.0,10.77,185100,KBS,2026-10-09T04:17:03Z
2022-02-08,PVG,10.77,10.77,10.51,10.6,97179,KBS,2026-10-09T04:17:03Z
2022-02-09,PVG,10.77,11.03,10.6,10.69,246500,KBS,2026-10-09T04:17:03Z
2022-02-10,PVG,10.69,11.03,10.69,10.86,183741,KBS,2026-10-09T04:17:03Z
2022-02-11,PVG,11.12,11.12,10.77,11.03,113600,KBS,2026-10-09T04:17:03Z
2022-02-14,PVG,11.2,12.06,11.2,12.06,442180,KBS,2026-10-09T04:17:03Z
2022-02-15,PVG,12.49,12.93,11.63,11.98,431657,KBS,2026-10-09T04:17:03Z
2022-02-16,PVG,11.98,11.98,11.29,11.63,151800,KBS,2026-10-09T04:17:03Z
2022-02-17,PVG,11.72,11.89,11.29,11.63,280750,KBS,2026-10-09T04:17:03Z
2022-02-18,PVG,11.63,11.63,11.2,11.46,197200,KBS,2026-10-09T04:17:03Z
2022-02-21,PVG,11.46,11.89,11.46,11.81,219931,KBS,2026-10-09T04:17:03Z
2022-02-22,PVG,11.81,12.84,11.81,12.49,740450,KBS,2026-10-09T04:17:03Z
2022-02-23,PVG,12.49,13.27,12.49,13.18,1019134,KBS,2026-10-09T04:17:03Z
2022-02-24,PVG,13.18,13.96,12.84,13.7,1723529,KBS,2026-10-09T04:17:03Z
2022-02-25,PVG,13.62,13.87,12.93,13.01,709203,KBS,2026-10-09T04:17:03Z
2022-02-28,PVG,13.1,13.62,13.01,13.27,401230,KBS,2026-10-09T04:17:03Z
2022-03-01,PVG,13.36,13.87,13.27,13.44,681600,KBS,2026-10-09T04:17:03Z
2022-03-02,PVG,13.62,14.22,12.15,13.62,1224210,KBS,2026-10-09T04:17:03Z
2022-03-03,PVG,13.96,14.65,13.44,14.65,1684141,KBS,2026-10-09T04:17:03Z
2022-03-04,PVG,14.65,14.91,13.79,14.13,793100,KBS,2026-10-09T04:17:03Z
2022-03-07,PVG,13.96,15.51,13.96,15.51,2131472,KBS,2026-10-09T04:17:03Z
2022-03-08,PVG,15.51,15.94,14.65,15.08,1301340,KBS,2026-10-09T04:17:03Z
2022-03-09,PVG,15.08,16.54,14.65,16.54,2275866,KBS,2026-10-09T04:17:03Z
2022-03-10,PVG,16.54,16.63,14.91,15.94,1289534,KBS,2026-10-09T04:17:03Z
2022-03-11,PVG,15.94,15.94,14.65,15.08,1194128,KBS,2026-10-09T04:17:03Z
2022-03-14,PVG,13.62,14.74,13.62,13.62,1267981,KBS,2026-10-09T04:17:03Z
2022-03-15,PVG,12.93,13.79,12.32,13.44,1073309,KBS,2026-10-09T04:17:03Z
2022-03-16,PVG,14.74,14.74,12.49,13.27,374140,KBS,2026-10-09T04:17:03Z
2022-03-17,PVG,13.18,13.36,12.58,12.75,476911,KBS,2026-10-09T04:17:03Z
2022-03-18,PVG,13.01,13.27,13.01,13.01,506864,KBS,2026-10-09T04:17:03Z
2022-03-21,PVG,13.1,13.27,12.93,13.01,432400,KBS,2026-10-09T04:17:03Z
2022-03-22,PVG,13.01,13.7,13.01,13.36,471513,KBS,2026-10-09T04:17:03Z
2022-03-23,PVG,13.36,13.53,13.1,13.27,612409,KBS,2026-10-09T04:17:03Z
2022-03-24,PVG,13.36,13.7,13.27,13.36,548200,KBS,2026-10-09T04:17:03Z
2022-03-25,PVG,13.36,13.53,13.27,13.36,407820,KBS,2026-10-09T04:17:03Z
2022-03-28,PVG,13.44,13.53,13.01,13.27,527197,KBS,2026-10-09T04:17:03Z
2022-03-29,PVG,12.93,13.62,12.93,13.27,490025,KBS,2026-10-09T04:17:03Z
2022-03-30,PVG,13.27,13.27,12.67,12.93,423200,KBS,2026-10-09T04:17:03Z
2022-03-31,PVG,12.93,13.1,12.67,12.75,267509,KBS,2026-10-09T04:17:03Z
2022-04-01,PVG,12.75,12.75,12.06,12.41,622340,KBS,2026-10-09T04:17:03Z
2022-04-04,PVG,12.41,12.75,12.24,12.75,193029,KBS,2026-10-09T04:17:03Z
2022-04-05,PVG,12.75,13.27,12.75,13.18,354250,KBS,2026-10-09T04:17:03Z
2022-04-06,PVG,13.36,14.48,13.1,14.05,1446400,KBS,2026-10-09T04:17:03Z
2022-04-07,PVG,13.96,14.56,13.62,13.96,534050,KBS,2026-10-09T04:17:03Z
2022-04-08,PVG,13.87,13.87,13.27,13.27,310820,KBS,2026-10-09T04:17:03Z
2022-04-12,PVG,13.36,13.62,11.98,12.49,429100,KBS,2026-10-09T04:17:03Z
2022-04-13,PVG,12.32,13.18,12.15,12.58,397400,KBS,2026-10-09T04:17:03Z
2022-04-14,PVG,12.75,13.79,12.75,13.79,1009700,KBS,2026-10-09T04:17:03Z
2022-04-15,PVG,13.96,14.74,13.53,13.79,901700,KBS,2026-10-09T04:17:03Z
2022-04-18,PVG,13.79,14.65,13.53,14.22,825100,KBS,2026-10-09T04:17:03Z
2022-04-19,PVG,14.22,15.17,13.96,14.13,1071300,KBS,2026-10-09T04:17:03Z
2022-04-20,PVG,13.62,13.79,12.75,12.75,845300,KBS,2026-10-09T04:17:03Z
2022-04-21,PVG,12.15,12.58,11.55,11.55,1380601,KBS,2026-10-09T04:17:03Z
2022-04-22,PVG,10.94,11.63,10.43,10.43,1386108,KBS,2026-10-09T04:17:03Z
2022-04-25,PVG,10.43,10.43,9.39,9.39,826100,KBS,2026-10-09T04:17:03Z
2022-04-26,PVG,8.62,10.25,8.53,10.25,456400,KBS,2026-10-09T04:17:03Z
2022-04-27,PVG,10.25,10.6,10.0,10.6,244300,KBS,2026-10-09T04:17:03Z
2022-04-28,PVG,10.6,10.77,10.17,10.25,298347,KBS,2026-10-09T04:17:03Z
2022-04-29,PVG,10.0,10.6,10.0,10.43,239800,KBS,2026-10-09T04:17:03Z
2022-05-04,PVG,10.43,10.94,10.43,10.69,397600,KBS,2026-10-09T04:17:03Z
2022-05-05,PVG,10.94,11.12,10.43,10.51,353100,KBS,2026-10-09T04:17:03Z
2022-05-06,PVG,10.51,10.51,10.08,10.08,287100,KBS,2026-10-09T04:17:03Z
2022-05-09,PVG,10.08,10.08,9.13,9.13,444400,KBS,2026-10-09T04:17:03Z
2022-05-10,PVG,8.62,9.65,8.36,9.48,215300,KBS,2026-10-09T04:17:03Z
2022-05-11,PVG,9.57,9.82,9.05,9.05,138200,KBS,2026-10-09T04:17:03Z
2022-05-12,PVG,8.79,9.65,8.19,8.27,729200,KBS,2026-10-09T04:17:03Z
2022-05-13,PVG,8.27,8.53,7.5,7.5,640600,KBS,2026-10-09T04:17:03Z
2022-05-16,PVG,7.5,8.19,7.15,8.01,406000,KBS,2026-10-09T04:17:03Z
2022-05-17,PVG,8.01,8.79,8.01,8.79,177600,KBS,2026-10-09T04:17:03Z
2022-05-18,PVG,8.96,9.05,8.62,8.62,243400,KBS,2026-10-09T04:17:03Z
2022-05-19,PVG,8.62,9.05,8.27,8.88,470110,KBS,2026-10-09T04:17:03Z
2022-05-20,PVG,8.96,9.22,8.88,9.13,222753,KBS,2026-10-09T04:17:03Z
2022-05-23,PVG,9.22,9.39,8.88,9.05,215300,KBS,2026-10-09T04:17:03Z
2022-05-24,PVG,9.05,9.22,8.62,8.88,211600,KBS,2026-10-09T04:17:03Z
2022-05-25,PVG,9.05,9.57,8.88,9.39,307300,KBS,2026-10-09T04:17:03Z
2022-05-26,PVG,9.48,9.74,9.31,9.39,335000,KBS,2026-10-09T04:17:03Z
2022-05-27,PVG,9.48,9.91,9.39,9.82,381600,KBS,2026-10-09T04:17:03Z
2022-05-30,PVG,10.0,10.34,9.82,9.91,495310,KBS,2026-10-09T04:17:03Z
2022-05-31,PVG,10.0,10.69,9.91,10.51,668750,KBS,2026-10-09T04:17:03Z
2022-06-01,PVG,10.51,11.03,10.51,10.69,337829,KBS,2026-10-09T04:17:03Z
2022-06-02,PVG,10.95,10.95,10.24,10.24,348705,KBS,2026-10-09T04:17:03Z
2022-06-03,PVG,10.42,10.51,10.07,10.07,310020,KBS,2026-10-09T04:17:03Z
2022-06-06,PVG,10.07,10.86,10.07,10.42,343415,KBS,2026-10-09T04:17:03Z
2022-06-07,PVG,10.6,10.77,9.98,10.69,262916,KBS,2026-10-09T04:17:03Z
2022-06-08,PVG,10.77,11.74,10.69,11.74,1320050,KBS,2026-10-09T04:17:03Z
2022-06-09,PVG,11.74,12.45,11.48,11.74,392600,KBS,2026-10-09T04:17:03Z
2022-06-10,PVG,11.74,11.74,10.86,10.86,482800,KBS,2026-10-09T04:17:03Z
2022-06-13,PVG,10.86,10.86,9.8,9.8,773500,KBS,2026-10-09T04:17:03Z
2022-06-14,PVG,9.63,10.33,8.83,10.16,339500,KBS,2026-10-09T04:17:03Z
2022-06-15,PVG,10.24,10.24,9.45,9.63,224020,KBS,2026-10-09T04:17:03Z
2022-06-16,PVG,10.07,10.16,9.63,9.71,212500,KBS,2026-10-09T04:17:03Z
2022-06-17,PVG,9.27,9.63,8.83,9.1,523246,KBS,2026-10-09T04:17:03Z
2022-06-20,PVG,8.3,9.1,8.3,8.3,505656,KBS,2026-10-09T04:17:03Z
2022-06-21,PVG,7.95,8.48,7.68,8.48,374500,KBS,2026-10-09T04:17:03Z
2022-06-22,PVG,8.65,8.65,8.04,8.3,252400,KBS,2026-10-09T04:17:03Z
2022-06-23,PVG,8.3,8.92,8.3,8.92,182945,KBS,2026-10-09T04:17:03Z
2022-06-24,PVG,9.01,9.27,8.83,8.92,122300,KBS,2026-10-09T04:17:03Z
2022-06-27,PVG,9.18,9.18,8.48,8.92,78654,KBS,2026-10-09T04:17:03Z
2022-06-28,PVG,8.74,9.18,8.74,9.01,169700,KBS,2026-10-09T04:17:03Z
2022-06-29,PVG,9.1,9.1,8.83,8.83,113900,KBS,2026-10-09T04:17:03Z
2022-06-30,PVG,8.92,9.18,8.83,8.83,177654,KBS,2026-10-09T04:17:03Z
2022-07-01,PVG,8.83,8.92,8.48,8.92,95500,KBS,2026-10-09T04:17:03Z
2022-07-04,PVG,9.1,9.1,8.74,8.92,88500,KBS,2026-10-09T04:17:03Z
2022-07-05,PVG,8.92,8.92,8.65,8.83,140900,KBS,2026-10-09T04:17:03Z
2022-07-06,PVG,8.65,8.65,7.95,7.95,220903,KBS,2026-10-09T04:17:03Z
2022-07-07,PVG,8.65,8.65,7.86,8.12,108502,KBS,2026-10-09T04:17:03Z
2022-07-08,PVG,8.74,8.74,8.12,8.3,77399,KBS,2026-10-09T04:17:03Z
2022-07-11,PVG,8.39,8.48,8.3,8.39,152900,KBS,2026-10-09T04:17:03Z
2022-07-12,PVG,8.39,8.83,8.39,8.65,224200,KBS,2026-10-09T04:17:03Z
2022-07-13,PVG,8.65,8.83,8.48,8.74,112502,KBS,2026-10-09T04:17:03Z
2022-07-14,PVG,8.57,8.83,8.57,8.83,220500,KBS,2026-10-09T04:17:03Z
2022-07-15,PVG,8.83,9.01,8.65,8.74,356400,KBS,2026-10-09T04:17:03Z
2022-07-18,PVG,8.83,8.83,8.65,8.83,135900,KBS,2026-10-09T04:17:03Z
2022-07-19,PVG,8.74,9.01,8.74,8.92,235324,KBS,2026-10-09T04:17:03Z
2022-07-20,PVG,8.92,9.18,8.83,9.01,433700,KBS,2026-10-09T04:17:03Z
2022-07-21,PVG,8.92,9.01,8.83,8.92,105510,KBS,2026-10-09T04:17:03Z
2022-07-22,PVG,8.83,9.27,8.74,9.18,416200,KBS,2026-10-09T04:17:03Z
2022-07-25,PVG,9.1,9.18,8.74,8.74,194300,KBS,2026-10-09T04:17:03Z
2022-07-26,PVG,8.83,8.92,8.74,8.74,78075,KBS,2026-10-09T04:17:03Z
2022-07-27,PVG,8.74,8.83,8.65,8.83,101600,KBS,2026-10-09T04:17:03Z
2022-07-28,PVG,9.01,9.18,8.83,8.92,144300,KBS,2026-10-09T04:17:03Z
2022-07-29,PVG,9.01,9.01,8.83,8.83,71800,KBS,2026-10-09T04:17:03Z
2022-08-01,PVG,8.83,8.92,8.74,8.92,158023,KBS,2026-10-09T04:17:03Z
2022-08-02,PVG,8.92,9.01,8.74,8.92,242600,KBS,2026-10-09T04:17:03Z
2022-08-03,PVG,8.92,9.18,8.92,9.1,244627,KBS,2026-10-09T04:17:03Z
2022-08-04,PVG,9.1,9.18,8.92,9.01,200800,KBS,2026-10-09T04:17:03Z
2022-08-05,PVG,9.01,9.45,8.83,9.27,527400,KBS,2026-10-09T04:17:03Z
2022-08-08,PVG,9.36,9.54,9.27,9.36,218700,KBS,2026-10-09T04:17:03Z
2022-08-09,PVG,9.36,9.54,9.27,9.36,259500,KBS,2026-10-09T04:17:03Z
2022-08-10,PVG,9.36,9.45,9.18,9.36,310700,KBS,2026-10-09T04:17:03Z
2022-08-11,PVG,9.45,9.71,9.18,9.18,508800,KBS,2026-10-09T04:17:03Z
2022-08-12,PVG,9.18,9.36,9.1,9.18,143603,KBS,2026-10-09T04:17:03Z
2022-08-15,PVG,9.18,9.45,9.1,9.27,168013,KBS,2026-10-09T04:17:03Z
2022-08-16,PVG,9.18,9.27,9.1,9.18,188800,KBS,2026-10-09T04:17:03Z
2022-08-17,PVG,9.27,9.63,9.18,9.36,345400,KBS,2026-10-09T04:17:03Z
2022-08-18,PVG,9.36,9.36,9.1,9.27,110919,KBS,2026-10-09T04:17:03Z
2022-08-19,PVG,9.36,9.54,9.18,9.27,329200,KBS,2026-10-09T04:17:03Z
2022-08-22,PVG,9.27,9.54,9.18,9.36,398200,KBS,2026-10-09T04:17:03Z
2022-08-23,PVG,9.36,10.24,9.36,10.24,667756,KBS,2026-10-09T04:17:03Z
2022-08-24,PVG,10.6,10.69,10.33,10.51,834100,KBS,2026-10-09T04:17:03Z
2022-08-25,PVG,10.51,11.22,10.24,10.86,742417,KBS,2026-10-09T04:17:03Z
2022-08-26,PVG,10.86,11.04,10.42,10.51,492700,KBS,2026-10-09T04:17:03Z
2022-08-29,PVG,10.42,11.04,10.16,11.04,1105002,KBS,2026-10-09T04:17:03Z
2022-08-30,PVG,11.22,11.3,10.77,11.04,277027,KBS,2026-10-09T04:17:03Z
2022-08-31,PVG,10.86,10.95,10.51,10.51,363700,KBS,2026-10-09T04:17:03Z
2022-09-05,PVG,10.51,10.69,10.07,10.33,555400,KBS,2026-10-09T04:17:03Z
2022-09-06,PVG,10.51,10.77,10.42,10.69,565902,KBS,2026-10-09T04:17:03Z
2022-09-07,PVG,10.69,10.69,9.63,9.63,800900,KBS,2026-10-09T04:17:03Z
2022-09-08,PVG,9.27,9.98,9.27,9.45,289600,KBS,2026-10-09T04:17:03Z
2022-09-09,PVG,9.45,9.71,9.36,9.71,209000,KBS,2026-10-09T04:17:03Z
2022-09-12,PVG,9.98,10.42,9.89,9.89,217109,KBS,2026-10-09T04:17:03Z
2022-09-13,PVG,9.89,10.16,9.8,10.16,224820,KBS,2026-10-09T04:17:03Z
2022-09-14,PVG,9.71,10.24,9.71,10.07,280565,KBS,2026-10-09T04:17:03Z
2022-09-15,PVG,10.16,10.6,10.16,10.33,325005,KBS,2026-10-09T04:17:03Z
2022-09-16,PVG,10.24,10.33,9.8,9.8,240227,KBS,2026-10-09T04:17:03Z
2022-09-19,PVG,9.71,9.98,9.01,9.18,351293,KBS,2026-10-09T04:17:03Z
2022-09-20,PVG,9.18,9.45,9.01,9.45,222200,KBS,2026-10-09T04:17:03Z
2022-09-21,PVG,9.45,9.45,9.18,9.27,107600,KBS,2026-10-09T04:17:03Z
2022-09-22,PVG,9.27,9.45,9.01,9.45,141770,KBS,2026-10-09T04:17:03Z
2022-09-23,PVG,9.45,9.8,9.45,9.63,226552,KBS,2026-10-09T04:17:03Z
2022-09-26,PVG,9.63,9.98,9.27,9.54,397700,KBS,2026-10-09T04:17:03Z
2022-09-27,PVG,9.63,9.8,9.45,9.63,178948,KBS,2026-10-09T04:17:03Z
2022-09-28,PVG,9.63,9.71,8.83,9.27,352200,KBS,2026-10-09T04:17:03Z
2022-09-29,PVG,9.27,9.54,8.83,8.83,201909,KBS,2026-10-09T04:17:03Z
2022-09-30,PVG,8.92,8.92,8.48,8.92,380201,KBS,2026-10-09T04:17:03Z
2022-10-03,PVG,8.92,8.92,8.12,8.12,252000,KBS,2026-10-09T04:17:03Z
2022-10-04,PVG,8.57,8.57,8.12,8.12,252200,KBS,2026-10-09T04:17:03Z
2022-10-05,PVG,8.48,8.74,8.3,8.39,100520,KBS,2026-10-09T04:17:03Z
2022-10-06,PVG,8.65,8.65,8.04,8.12,209200,KBS,2026-10-09T04:17:03Z
2022-10-07,PVG,8.12,8.3,7.95,7.95,204810,KBS,2026-10-09T04:17:03Z
2022-10-10,PVG,8.04,8.21,7.86,8.12,201100,KBS,2026-10-09T04:17:03Z
2022-10-11,PVG,8.12,8.48,8.04,8.12,146800,KBS,2026-10-09T04:17:03Z
2022-10-12,PVG,8.12,8.39,7.95,8.3,79801,KBS,2026-10-09T04:17:03Z
2022-10-13,PVG,8.39,8.39,7.95,8.04,141312,KBS,2026-10-09T04:17:03Z
2022-10-14,PVG,8.21,8.3,7.95,7.95,417700,KBS,2026-10-09T04:17:03Z
2022-10-17,PVG,7.95,8.12,7.77,8.04,136800,KBS,2026-10-09T04:17:03Z
2022-10-18,PVG,8.12,8.3,8.04,8.12,135500,KBS,2026-10-09T04:17:03Z
2022-10-19,PVG,8.04,8.12,7.95,8.04,138400,KBS,2026-10-09T04:17:03Z
2022-10-20,PVG,8.04,8.12,7.95,7.95,73100,KBS,2026-10-09T04:17:03Z
2022-10-21,PVG,8.3,8.3,7.15,7.51,331501,KBS,2026-10-09T04:17:03Z
2022-10-24,PVG,7.51,7.51,6.8,6.8,387400,KBS,2026-10-09T04:17:03Z
2022-10-25,PVG,6.8,7.06,6.27,6.8,190506,KBS,2026-10-09T04:17:03Z
2022-10-26,PVG,6.89,6.89,6.45,6.45,65315,KBS,2026-10-09T04:17:03Z
2022-10-27,PVG,6.45,6.8,6.36,6.8,127200,KBS,2026-10-09T04:17:03Z
2022-10-28,PVG,7.24,7.24,6.62,6.8,108525,KBS,2026-10-09T04:17:03Z
2022-10-31,PVG,6.89,6.89,6.36,6.62,189206,KBS,2026-10-09T04:17:03Z
2022-11-01,PVG,6.45,6.8,6.45,6.62,102034,KBS,2026-10-09T04:17:03Z
2022-11-02,PVG,6.71,6.8,6.53,6.71,40501,KBS,2026-10-09T04:17:03Z
2022-11-03,PVG,6.71,6.71,6.53,6.62,42725,KBS,2026-10-09T04:17:03Z
2022-11-04,PVG,6.53,6.53,6.18,6.27,158200,KBS,2026-10-09T04:17:03Z
2022-11-07,PVG,6.27,6.62,6.0,6.0,120300,KBS,2026-10-09T04:17:03Z
2022-11-08,PVG,6.0,6.27,5.92,6.09,115000,KBS,2026-10-09T04:17:03Z
2022-11-09,PVG,6.27,6.45,6.09,6.18,79200,KBS,2026-10-09T04:17:03Z
2022-11-10,PVG,6.09,6.09,5.56,5.56,262600,KBS,2026-10-09T04:17:03Z
2022-11-11,PVG,5.65,5.74,5.39,5.48,159502,KBS,2026-10-09T04:17:03Z
2022-11-14,PVG,5.3,5.56,5.12,5.3,324500,KBS,2026-10-09T04:17:03Z
2022-11-15,PVG,5.12,5.48,4.86,4.86,305400,KBS,2026-10-09T04:17:03Z
2022-11-16,PVG,4.86,5.3,4.68,5.3,419300,KBS,2026-10-09T04:17:03Z
2022-11-17,PVG,5.48,5.83,5.48,5.83,189701,KBS,2026-10-09T04:17:03Z
2022-11-18,PVG,5.83,6.0,5.56,5.83,68501,KBS,2026-10-09T04:17:03Z
2022-11-21,PVG,5.83,6.0,5.74,5.92,66600,KBS,2026-10-09T04:17:03Z
2022-11-22,PVG,5.92,6.36,5.92,6.18,150061,KBS,2026-10-09T04:17:03Z
2022-11-23,PVG,6.45,6.45,6.09,6.18,47200,KBS,2026-10-09T04:17:03Z
2022-11-24,PVG,6.18,6.27,6.09,6.09,22900,KBS,2026-10-09T04:17:03Z
2022-11-25,PVG,6.09,6.27,6.09,6.27,52103,KBS,2026-10-09T04:17:03Z
2022-11-28,PVG,6.27,6.89,6.27,6.89,329425,KBS,2026-10-09T04:17:03Z
2022-11-29,PVG,7.24,7.24,6.8,6.89,94000,KBS,2026-10-09T04:17:03Z
2022-11-30,PVG,7.06,7.06,6.8,6.98,109429,KBS,2026-10-09T04:17:03Z
2022-12-01,PVG,7.06,7.33,6.89,6.89,112824,KBS,2026-10-09T04:17:03Z
2022-12-02,PVG,6.8,7.42,6.8,7.33,202910,KBS,2026-10-09T04:17:03Z
2022-12-05,PVG,7.33,7.51,7.24,7.24,222232,KBS,2026-10-09T04:17:03Z
2022-12-06,PVG,7.15,7.24,6.53,6.53,190500,KBS,2026-10-09T04:17:03Z
2022-12-07,PVG,6.53,6.89,6.45,6.45,58800,KBS,2026-10-09T04:17:03Z
2022-12-08,PVG,6.71,6.71,6.53,6.71,92029,KBS,2026-10-09T04:17:03Z
2022-12-09,PVG,6.71,6.71,6.53,6.53,37600,KBS,2026-10-09T04:17:03Z
2022-12-12,PVG,6.53,6.71,6.45,6.45,78300,KBS,2026-10-09T04:17:03Z
2022-12-13,PVG,6.45,6.53,6.36,6.45,59100,KBS,2026-10-09T04:17:03Z
2022-12-14,PVG,6.45,6.8,6.45,6.62,61712,KBS,2026-10-09T04:17:03Z
2022-12-15,PVG,6.71,6.8,6.62,6.71,29700,KBS,2026-10-09T04:17:03Z
2022-12-16,PVG,6.71,6.71,6.09,6.62,79100,KBS,2026-10-09T04:17:03Z
2022-12-19,PVG,6.71,6.71,6.45,6.62,100700,KBS,2026-10-09T04:17:03Z
2022-12-20,PVG,6.62,6.62,6.27,6.45,72500,KBS,2026-10-09T04:17:03Z
2022-12-21,PVG,6.53,6.53,6.18,6.45,151900,KBS,2026-10-09T04:17:03Z
2022-12-22,PVG,6.45,6.98,6.36,6.45,64532,KBS,2026-10-09T04:17:03Z
2022-12-23,PVG,6.18,6.45,6.18,6.36,15200,KBS,2026-10-09T04:17:03Z
2022-12-26,PVG,6.36,6.36,6.18,6.27,63900,KBS,2026-10-09T04:17:03Z
2022-12-27,PVG,6.09,6.45,6.0,6.36,49200,KBS,2026-10-09T04:17:03Z
2022-12-28,PVG,6.36,6.36,6.09,6.18,45100,KBS,2026-10-09T04:17:03Z
2022-12-29,PVG,6.18,6.18,6.0,6.09,41201,KBS,2026-10-09T04:17:03Z
2022-12-30,PVG,6.09,6.18,6.0,6.0,27000,KBS,2026-10-09T04:17:03Z
2023-01-03,PVG,6.0,6.36,6.0,6.18,44206,KBS,2026-10-09T04:17:03Z
2023-01-04,PVG,6.27,6.45,6.18,6.27,63900,KBS,2026-10-09T04:17:03Z
2023-01-05,PVG,6.53,6.53,6.27,6.27,24106,KBS,2026-10-09T04:17:03Z
2023-01-06,PVG,6.27,6.53,6.27,6.45,52610,KBS,2026-10-09T04:17:03Z
2023-01-09,PVG,6.36,6.36,6.27,6.27,17600,KBS,2026-10-09T04:17:03Z
2023-01-10,PVG,5.65,6.53,5.65,6.36,54600,KBS,2026-10-09T04:17:03Z
2023-01-11,PVG,6.36,6.71,6.36,6.36,72149,KBS,2026-10-09T04:17:03Z
2023-01-12,PVG,6.45,6.53,6.36,6.53,110800,KBS,2026-10-09T04:17:03Z
2023-01-13,PVG,6.62,6.62,6.45,6.53,45800,KBS,2026-10-09T04:17:03Z
2023-01-16,PVG,6.36,6.53,6.27,6.36,26827,KBS,2026-10-09T04:17:03Z
2023-01-17,PVG,6.36,6.53,6.27,6.45,62400,KBS,2026-10-09T04:17:03Z
2023-01-18,PVG,6.53,6.53,6.45,6.45,45100,KBS,2026-10-09T04:17:03Z
2023-01-19,PVG,6.45,6.53,6.36,6.53,58100,KBS,2026-10-09T04:17:03Z
2023-01-27,PVG,6.53,6.89,6.53,6.71,171000,KBS,2026-10-09T04:17:03Z
2023-01-30,PVG,6.8,7.33,6.8,7.06,199511,KBS,2026-10-09T04:17:03Z
2023-01-31,PVG,7.24,7.33,6.71,6.98,115505,KBS,2026-10-09T04:17:03Z
2023-02-01,PVG,6.98,7.33,6.98,6.98,328849,KBS,2026-10-09T04:17:03Z
2023-02-02,PVG,7.42,7.42,6.89,7.06,114000,KBS,2026-10-09T04:17:03Z
2023-02-03,PVG,7.77,7.77,6.89,6.98,92854,KBS,2026-10-09T04:17:03Z
2023-02-06,PVG,7.15,7.15,6.71,6.98,39800,KBS,2026-10-09T04:17:03Z
2023-02-07,PVG,7.06,7.06,6.8,6.8,97400,KBS,2026-10-09T04:17:03Z
2023-02-08,PVG,6.89,6.89,6.71,6.89,51600,KBS,2026-10-09T04:17:03Z
2023-02-09,PVG,6.98,7.06,6.89,7.06,85006,KBS,2026-10-09T04:17:03Z
2023-02-10,PVG,7.77,7.77,6.98,7.06,85334,KBS,2026-10-09T04:17:03Z
2023-02-13,PVG,7.06,7.06,6.89,6.89,52900,KBS,2026-10-09T04:17:03Z
2023-02-14,PVG,6.89,7.15,6.89,7.15,83601,KBS,2026-10-09T04:17:03Z
2023-02-15,PVG,7.24,7.24,6.98,6.98,25000,KBS,2026-10-09T04:17:03Z
2023-02-16,PVG,6.98,7.15,6.98,7.06,64800,KBS,2026-10-09T04:17:03Z
2023-02-17,PVG,7.06,7.06,6.98,6.98,23000,KBS,2026-10-09T04:17:03Z
2023-02-20,PVG,7.06,7.15,6.98,7.15,57210,KBS,2026-10-09T04:17:03Z
2023-02-21,PVG,7.24,7.51,7.24,7.33,237220,KBS,2026-10-09T04:17:03Z
2023-02-22,PVG,7.33,7.68,7.15,7.51,219341,KBS,2026-10-09T04:17:03Z
2023-02-23,PVG,7.59,7.59,7.15,7.33,87400,KBS,2026-10-09T04:17:03Z
2023-02-24,PVG,7.51,7.51,7.06,7.15,32100,KBS,2026-10-09T04:17:03Z
2023-02-27,PVG,6.98,7.06,6.89,6.89,56100,KBS,2026-10-09T04:17:03Z
2023-02-28,PVG,6.71,7.15,6.71,6.89,26000,KBS,2026-10-09T04:17:03Z
2023-03-01,PVG,6.71,7.06,6.62,7.06,140707,KBS,2026-10-09T04:17:03Z
2023-03-02,PVG,7.24,7.24,6.98,6.98,58300,KBS,2026-10-09T04:17:03Z
2023-03-03,PVG,7.06,7.15,6.98,6.98,73501,KBS,2026-10-09T04:17:03Z
2023-03-06,PVG,7.24,7.24,6.98,7.06,34100,KBS,2026-10-09T04:17:03Z
2023-03-07,PVG,7.06,7.06,6.89,6.98,59810,KBS,2026-10-09T04:17:03Z
2023-03-08,PVG,7.06,7.06,6.89,6.89,6800,KBS,2026-10-09T04:17:03Z
2023-03-09,PVG,6.98,7.15,6.98,6.98,75000,KBS,2026-10-09T04:17:03Z
2023-03-10,PVG,6.98,7.24,6.98,7.15,120810,KBS,2026-10-09T04:17:03Z
2023-03-13,PVG,7.06,7.15,6.89,6.98,43400,KBS,2026-10-09T04:17:03Z
2023-03-14,PVG,7.06,7.06,6.89,6.98,44400,KBS,2026-10-09T04:17:03Z
2023-03-15,PVG,7.06,7.15,6.89,7.06,35300,KBS,2026-10-09T04:17:03Z
2023-03-16,PVG,6.98,7.06,6.8,6.8,139900,KBS,2026-10-09T04:17:03Z
2023-03-17,PVG,6.98,6.98,6.62,6.8,25510,KBS,2026-10-09T04:17:03Z
2023-03-20,PVG,6.8,6.8,6.71,6.71,20031,KBS,2026-10-09T04:17:03Z
2023-03-21,PVG,6.71,6.89,6.71,6.71,16900,KBS,2026-10-09T04:17:03Z
2023-03-22,PVG,6.71,6.89,6.71,6.71,38810,KBS,2026-10-09T04:17:03Z
2023-03-23,PVG,6.8,6.8,6.71,6.8,14300,KBS,2026-10-09T04:17:03Z
2023-03-24,PVG,6.8,6.8,6.71,6.8,22800,KBS,2026-10-09T04:17:03Z
2023-03-27,PVG,6.8,6.8,6.71,6.8,34100,KBS,2026-10-09T04:17:03Z
2023-03-28,PVG,6.8,6.89,6.71,6.71,26611,KBS,2026-10-09T04:17:03Z
2023-03-29,PVG,6.71,6.89,6.62,6.71,43900,KBS,2026-10-09T04:17:03Z
2023-03-30,PVG,6.71,6.8,6.71,6.8,19470,KBS,2026-10-09T04:17:03Z
2023-03-31,PVG,6.8,6.8,6.62,6.71,30100,KBS,2026-10-09T04:17:03Z
2023-04-03,PVG,6.8,6.98,6.8,6.89,49809,KBS,2026-10-09T04:17:03Z
2023-04-04,PVG,6.89,6.98,6.8,6.89,12072,KBS,2026-10-09T04:17:03Z
2023-04-05,PVG,6.98,7.15,6.89,6.98,38208,KBS,2026-10-09T04:17:03Z
2023-04-06,PVG,6.89,7.06,6.89,6.89,66200,KBS,2026-10-09T04:17:03Z
2023-04-07,PVG,6.89,6.98,6.8,6.98,52909,KBS,2026-10-09T04:17:03Z
2023-04-10,PVG,7.06,7.06,6.8,6.89,197623,KBS,2026-10-09T04:17:03Z
2023-04-11,PVG,6.8,6.98,6.71,6.98,213580,KBS,2026-10-09T04:17:03Z
2023-04-12,PVG,6.98,7.24,6.89,7.06,185621,KBS,2026-10-09T04:17:03Z
2023-04-13,PVG,7.06,7.24,7.06,7.06,83441,KBS,2026-10-09T04:17:03Z
2023-04-14,PVG,7.06,7.15,6.89,6.89,80249,KBS,2026-10-09T04:17:03Z
2023-04-17,PVG,6.98,6.98,6.8,6.89,81800,KBS,2026-10-09T04:17:03Z
2023-04-18,PVG,6.98,6.98,6.8,6.89,34300,KBS,2026-10-09T04:17:03Z
2023-04-19,PVG,6.8,6.98,6.71,6.8,40400,KBS,2026-10-09T04:17:03Z
2023-04-20,PVG,6.8,6.89,6.71,6.89,45444,KBS,2026-10-09T04:17:03Z
2023-04-21,PVG,6.8,7.06,6.8,6.89,66106,KBS,2026-10-09T04:17:03Z
2023-04-24,PVG,6.89,6.89,6.8,6.89,85900,KBS,2026-10-09T04:17:03Z
2023-04-25,PVG,6.89,6.89,6.8,6.8,39919,KBS,2026-10-09T04:17:03Z
2023-04-26,PVG,6.89,6.89,6.62,6.8,145100,KBS,2026-10-09T04:17:03Z
2023-04-27,PVG,6.71,7.15,6.71,7.06,245762,KBS,2026-10-09T04:17:03Z
2023-04-28,PVG,7.06,7.15,6.89,7.15,18709,KBS,2026-10-09T04:17:03Z
2023-05-04,PVG,6.98,7.15,6.89,6.98,121016,KBS,2026-10-09T04:17:03Z
2023-05-05,PVG,6.98,7.06,6.89,7.06,56020,KBS,2026-10-09T04:17:03Z
2023-05-08,PVG,7.15,7.15,6.98,6.98,32800,KBS,2026-10-09T04:17:03Z
2023-05-09,PVG,7.06,7.15,6.98,7.06,82512,KBS,2026-10-09T04:17:03Z
2023-05-10,PVG,7.06,7.15,6.98,7.15,77200,KBS,2026-10-09T04:17:03Z
2023-05-11,PVG,7.15,7.15,6.89,6.98,73200,KBS,2026-10-09T04:17:03Z
2023-05-12,PVG,6.98,7.06,6.89,6.98,38114,KBS,2026-10-09T04:17:03Z
2023-05-15,PVG,7.06,7.15,6.98,7.06,131268,KBS,2026-10-09T04:17:03Z
2023-05-16,PVG,6.98,7.42,6.98,7.24,194107,KBS,2026-10-09T04:17:03Z
2023-05-17,PVG,7.33,7.51,7.24,7.33,212710,KBS,2026-10-09T04:17:03Z
2023-05-18,PVG,7.24,7.42,7.24,7.33,115300,KBS,2026-10-09T04:17:03Z
2023-05-19,PVG,7.33,7.68,7.33,7.42,407783,KBS,2026-10-09T04:17:03Z
2023-05-22,PVG,7.68,7.86,7.59,7.68,313223,KBS,2026-10-09T04:17:03Z
2023-05-23,PVG,7.77,7.86,7.59,7.77,268466,KBS,2026-10-09T04:17:03Z
2023-05-24,PVG,7.77,7.86,7.59,7.68,142210,KBS,2026-10-09T04:17:03Z
2023-05-25,PVG,7.68,7.68,7.42,7.59,162420,KBS,2026-10-09T04:17:03Z
2023-05-26,PVG,7.59,7.59,7.51,7.59,116100,KBS,2026-10-09T04:17:03Z
2023-05-29,PVG,7.68,8.3,7.68,8.12,564641,KBS,2026-10-09T04:17:03Z
2023-05-30,PVG,8.21,8.3,7.95,7.95,161588,KBS,2026-10-09T04:17:03Z
2023-05-31,PVG,7.95,8.3,7.95,7.95,239900,KBS,2026-10-09T04:17:03Z
2023-06-01,PVG,7.95,8.21,7.95,8.12,144600,KBS,2026-10-09T04:17:03Z
2023-06-02,PVG,8.12,8.21,7.95,8.04,161452,KBS,2026-10-09T04:17:03Z
2023-06-05,PVG,8.21,8.39,8.04,8.12,139378,KBS,2026-10-09T04:17:03Z
2023-06-06,PVG,8.21,8.21,7.95,7.95,209000,KBS,2026-10-09T04:17:03Z
2023-06-07,PVG,8.04,8.21,7.95,8.04,198565,KBS,2026-10-09T04:17:03Z
2023-06-08,PVG,8.21,8.3,7.86,7.95,257500,KBS,2026-10-09T04:17:03Z
2023-06-09,PVG,7.95,8.04,7.77,7.95,133800,KBS,2026-10-09T04:17:03Z
2023-06-12,PVG,7.95,8.12,7.77,7.95,63700,KBS,2026-10-09T04:17:03Z
2023-06-13,PVG,8.04,8.04,7.86,8.04,155006,KBS,2026-10-09T04:17:03Z
2023-06-14,PVG,8.04,8.39,8.04,8.21,475850,KBS,2026-10-09T04:17:03Z
2023-06-15,PVG,8.21,9.01,8.04,9.01,761081,KBS,2026-10-09T04:17:03Z
2023-06-16,PVG,9.54,9.89,8.74,8.92,796127,KBS,2026-10-09T04:17:03Z
2023-06-19,PVG,9.19,9.37,8.83,8.92,541048,KBS,2026-10-09T04:17:03Z
2023-06-20,PVG,8.92,9.74,8.65,9.74,853642,KBS,2026-10-09T04:17:03Z
2023-06-21,PVG,10.01,10.01,9.37,9.74,451155,KBS,2026-10-09T04:17:03Z
2023-06-22,PVG,9.74,9.74,9.37,9.56,414300,KBS,2026-10-09T04:17:03Z
2023-06-23,PVG,9.56,9.56,9.28,9.28,363651,KBS,2026-10-09T04:17:03Z
2023-06-26,PVG,9.19,9.47,8.83,9.28,314634,KBS,2026-10-09T04:17:03Z
2023-06-27,PVG,9.28,9.65,9.28,9.47,302537,KBS,2026-10-09T04:17:03Z
2023-06-28,PVG,9.47,9.65,9.28,9.28,141800,KBS,2026-10-09T04:17:03Z
2023-06-29,PVG,9.28,9.47,9.1,9.1,267500,KBS,2026-10-09T04:17:03Z
2023-06-30,PVG,8.92,9.1,8.46,8.83,237930,KBS,2026-10-09T04:17:03Z
2023-07-03,PVG,8.83,9.01,8.74,8.92,174800,KBS,2026-10-09T04:17:03Z
2023-07-04,PVG,9.01,9.28,8.92,9.28,286400,KBS,2026-10-09T04:17:03Z
2023-07-05,PVG,9.37,9.37,9.1,9.37,275713,KBS,2026-10-09T04:17:03Z
2023-07-06,PVG,9.28,9.47,8.92,9.01,168938,KBS,2026-10-09T04:17:03Z
2023-07-07,PVG,9.01,9.19,9.01,9.19,109900,KBS,2026-10-09T04:17:03Z
2023-07-10,PVG,9.19,9.47,9.19,9.47,351313,KBS,2026-10-09T04:17:03Z
2023-07-11,PVG,9.47,9.74,9.19,9.19,250114,KBS,2026-10-09T04:17:03Z
2023-07-12,PVG,9.47,9.47,9.1,9.1,162806,KBS,2026-10-09T04:17:03Z
2023-07-13,PVG,9.19,9.37,9.1,9.19,256300,KBS,2026-10-09T04:17:03Z
2023-07-14,PVG,9.28,9.37,9.19,9.28,293500,KBS,2026-10-09T04:17:03Z
2023-07-17,PVG,9.28,9.47,9.28,9.37,375271,KBS,2026-10-09T04:17:03Z
2023-07-18,PVG,9.37,9.56,9.19,9.28,167145,KBS,2026-10-09T04:17:03Z
2023-07-19,PVG,9.37,9.74,9.28,9.47,503907,KBS,2026-10-09T04:17:03Z
2023-07-20,PVG,9.47,9.56,9.28,9.47,174200,KBS,2026-10-09T04:17:03Z
2023-07-21,PVG,9.47,9.65,9.37,9.56,288300,KBS,2026-10-09T04:17:03Z
2023-07-24,PVG,9.56,9.56,9.19,9.37,491808,KBS,2026-10-09T04:17:03Z
2023-07-25,PVG,9.47,9.47,9.19,9.28,152830,KBS,2026-10-09T04:17:03Z
2023-07-26,PVG,9.47,9.56,9.19,9.19,183000,KBS,2026-10-09T04:17:03Z
2023-07-27,PVG,9.28,9.37,9.1,9.28,181400,KBS,2026-10-09T04:17:03Z
2023-07-28,PVG,9.37,9.37,9.1,9.37,240420,KBS,2026-10-09T04:17:03Z
2023-07-31,PVG,9.28,9.37,9.1,9.19,170200,KBS,2026-10-09T04:17:03Z
2023-08-01,PVG,9.19,9.28,9.1,9.1,206000,KBS,2026-10-09T04:17:03Z
2023-08-02,PVG,9.1,9.19,9.01,9.19,107602,KBS,2026-10-09T04:17:03Z
2023-08-03,PVG,9.01,9.19,8.92,9.01,225900,KBS,2026-10-09T04:17:03Z
2023-08-04,PVG,9.1,9.19,8.92,9.1,62200,KBS,2026-10-09T04:17:03Z
2023-08-07,PVG,9.28,9.37,9.1,9.19,251000,KBS,2026-10-09T04:17:03Z
2023-08-08,PVG,9.37,9.47,9.19,9.37,618500,KBS,2026-10-09T04:17:03Z
2023-08-09,PVG,9.47,9.47,9.28,9.37,179665,KBS,2026-10-09T04:17:03Z
2023-08-10,PVG,9.56,10.28,9.47,9.92,997873,KBS,2026-10-09T04:17:03Z
2023-08-11,PVG,10.01,10.1,9.56,9.83,380408,KBS,2026-10-09T04:17:03Z
2023-08-14,PVG,10.01,10.1,9.74,9.83,304340,KBS,2026-10-09T04:17:03Z
2023-08-15,PVG,9.83,9.92,9.65,9.83,286835,KBS,2026-10-09T04:17:03Z
2023-08-16,PVG,9.65,9.92,9.65,9.83,353620,KBS,2026-10-09T04:17:03Z
2023-08-17,PVG,9.92,9.92,9.56,9.56,411110,KBS,2026-10-09T04:17:03Z
2023-08-18,PVG,9.56,9.65,8.65,8.65,601479,KBS,2026-10-09T04:17:03Z
2023-08-21,PVG,8.65,8.92,8.46,8.92,318100,KBS,2026-10-09T04:17:03Z
2023-08-22,PVG,8.92,9.01,8.56,8.92,189912,KBS,2026-10-09T04:17:03Z
2023-08-23,PVG,8.92,9.1,8.74,8.92,78000,KBS,2026-10-09T04:17:03Z
2023-08-24,PVG,8.92,8.92,8.83,8.92,137404,KBS,2026-10-09T04:17:03Z
2023-08-25,PVG,8.92,9.1,8.83,8.92,86077,KBS,2026-10-09T04:17:03Z
2023-08-28,PVG,9.19,9.19,8.83,9.01,104801,KBS,2026-10-09T04:17:03Z
2023-08-29,PVG,9.01,9.1,8.83,8.92,134120,KBS,2026-10-09T04:17:03Z
2023-08-30,PVG,9.01,9.01,8.83,8.92,76900,KBS,2026-10-09T04:17:03Z
2023-08-31,PVG,9.1,9.1,8.83,9.1,121700,KBS,2026-10-09T04:17:03Z
2023-09-05,PVG,9.19,9.56,9.1,9.37,162803,KBS,2026-10-09T04:17:03Z
2023-09-06,PVG,9.56,9.56,9.28,9.37,122775,KBS,2026-10-09T04:17:03Z
2023-09-07,PVG,9.37,9.47,9.1,9.28,184203,KBS,2026-10-09T04:17:03Z
2023-09-08,PVG,9.28,9.37,9.19,9.28,173793,KBS,2026-10-09T04:17:03Z
2023-09-11,PVG,9.37,9.37,9.1,9.1,199350,KBS,2026-10-09T04:17:03Z
2023-09-12,PVG,9.28,9.28,9.1,9.1,74000,KBS,2026-10-09T04:17:03Z
2023-09-13,PVG,9.28,9.56,9.19,9.28,275303,KBS,2026-10-09T04:17:03Z
2023-09-14,PVG,9.28,9.47,9.28,9.37,140701,KBS,2026-10-09T04:17:03Z
2023-09-15,PVG,9.47,10.01,9.47,9.83,623823,KBS,2026-10-09T04:17:03Z
2023-09-18,PVG,10.01,10.01,9.47,9.47,330126,KBS,2026-10-09T04:17:03Z
2023-09-19,PVG,9.47,9.65,9.37,9.56,296800,KBS,2026-10-09T04:17:03Z
2023-09-20,PVG,9.47,9.56,9.28,9.37,178971,KBS,2026-10-09T04:17:03Z
2023-09-21,PVG,9.47,9.47,9.19,9.28,256800,KBS,2026-10-09T04:17:03Z
2023-09-22,PVG,9.28,9.37,9.01,9.19,290200,KBS,2026-10-09T04:17:03Z
2023-09-25,PVG,9.1,9.1,8.56,8.56,210505,KBS,2026-10-09T04:17:03Z
2023-09-26,PVG,8.83,8.83,8.56,8.56,234930,KBS,2026-10-09T04:17:03Z
2023-09-27,PVG,8.56,8.83,8.46,8.65,72312,KBS,2026-10-09T04:17:03Z
2023-09-28,PVG,8.83,9.01,8.65,8.83,47010,KBS,2026-10-09T04:17:03Z
2023-09-29,PVG,9.01,9.1,8.65,8.74,64000,KBS,2026-10-09T04:17:03Z
2023-10-02,PVG,8.83,8.83,8.83,8.83,36900,KBS,2026-10-09T04:17:03Z
2023-10-03,PVG,8.74,8.74,8.56,8.56,117500,KBS,2026-10-09T04:17:03Z
2023-10-04,PVG,8.56,8.83,8.56,8.83,65801,KBS,2026-10-09T04:17:03Z
2023-10-05,PVG,8.83,9.1,8.65,8.74,149600,KBS,2026-10-09T04:17:03Z
2023-10-06,PVG,8.92,9.1,8.83,8.92,96617,KBS,2026-10-09T04:17:03Z
2023-10-09,PVG,9.1,9.19,9.01,9.1,90110,KBS,2026-10-09T04:17:03Z
2023-10-10,PVG,9.1,9.1,9.01,9.01,41800,KBS,2026-10-09T04:17:03Z
2023-10-11,PVG,9.01,9.28,9.01,9.1,83878,KBS,2026-10-09T04:17:03Z
2023-10-12,PVG,9.1,9.19,8.83,9.01,44800,KBS,2026-10-09T04:17:03Z
2023-10-13,PVG,9.19,9.19,8.92,9.1,82612,KBS,2026-10-09T04:17:03Z
2023-10-16,PVG,9.19,9.28,9.01,9.1,48113,KBS,2026-10-09T04:17:03Z
2023-10-17,PVG,9.19,9.19,8.83,8.83,79052,KBS,2026-10-09T04:17:03Z
2023-10-18,PVG,8.83,8.83,8.46,8.56,116933,KBS,2026-10-09T04:17:03Z
2023-10-19,PVG,8.56,8.83,8.56,8.65,46600,KBS,2026-10-09T04:17:03Z
2023-10-20,PVG,8.74,8.74,8.46,8.65,35000,KBS,2026-10-09T04:17:03Z
2023-10-23,PVG,8.74,8.74,8.56,8.65,5500,KBS,2026-10-09T04:17:03Z
2023-10-24,PVG,8.65,8.83,8.56,8.83,47500,KBS,2026-10-09T04:17:03Z
2023-10-25,PVG,8.65,8.83,8.56,8.56,29600,KBS,2026-10-09T04:17:03Z
2023-10-26,PVG,8.56,8.56,7.83,8.01,125352,KBS,2026-10-09T04:17:03Z
2023-10-27,PVG,8.19,8.19,8.01,8.1,53319,KBS,2026-10-09T04:17:03Z
2023-10-30,PVG,8.1,8.19,8.1,8.1,17300,KBS,2026-10-09T04:17:03Z
2023-10-31,PVG,8.1,8.1,7.83,7.83,45200,KBS,2026-10-09T04:17:03Z
2023-11-01,PVG,7.46,7.83,7.46,7.83,31310,KBS,2026-10-09T04:17:03Z
2023-11-02,PVG,8.19,8.56,8.1,8.37,71088,KBS,2026-10-09T04:17:03Z
2023-11-03,PVG,8.56,8.65,8.19,8.46,12800,KBS,2026-10-09T04:17:03Z
2023-11-06,PVG,8.19,8.37,8.19,8.37,7410,KBS,2026-10-09T04:17:03Z
2023-11-07,PVG,8.46,8.56,8.19,8.19,56907,KBS,2026-10-09T04:17:03Z
2023-11-08,PVG,8.19,8.46,8.19,8.46,32800,KBS,2026-10-09T04:17:03Z
2023-11-09,PVG,8.37,8.56,8.28,8.28,34664,KBS,2026-10-09T04:17:03Z
2023-11-10,PVG,8.28,8.56,8.28,8.28,20900,KBS,2026-10-09T04:17:03Z
2023-11-13,PVG,8.28,8.37,8.28,8.28,13700,KBS,2026-10-09T04:17:03Z
2023-11-14,PVG,8.46,8.46,8.28,8.37,23818,KBS,2026-10-09T04:17:03Z
2023-11-15,PVG,8.46,8.56,8.37,8.46,43401,KBS,2026-10-09T04:17:03Z
2023-11-16,PVG,8.28,8.46,8.28,8.46,32700,KBS,2026-10-09T04:17:03Z
2023-11-17,PVG,8.37,8.65,8.28,8.28,32101,KBS,2026-10-09T04:17:03Z
2023-11-20,PVG,8.19,8.37,8.19,8.28,14901,KBS,2026-10-09T04:17:03Z
2023-11-21,PVG,8.28,8.46,8.28,8.28,29300,KBS,2026-10-09T04:17:03Z
2023-11-22,PVG,8.28,8.46,8.28,8.37,21507,KBS,2026-10-09T04:17:03Z
2023-11-23,PVG,8.37,8.46,8.19,8.19,39100,KBS,2026-10-09T04:17:03Z
2023-11-24,PVG,8.19,8.19,8.1,8.19,33800,KBS,2026-10-09T04:17:03Z
2023-11-27,PVG,8.28,8.28,8.1,8.19,2303,KBS,2026-10-09T04:17:03Z
2023-11-28,PVG,8.1,8.1,8.1,8.1,10900,KBS,2026-10-09T04:17:03Z
2023-11-29,PVG,8.28,8.37,8.19,8.19,18611,KBS,2026-10-09T04:17:03Z
2023-11-30,PVG,8.28,8.37,8.19,8.19,86500,KBS,2026-10-09T04:17:03Z
2023-12-01,PVG,8.37,8.37,8.19,8.19,10900,KBS,2026-10-09T04:17:03Z
2023-12-04,PVG,8.37,8.37,8.19,8.19,27400,KBS,2026-10-09T04:17:03Z
2023-12-05,PVG,8.28,8.37,8.28,8.37,33600,KBS,2026-10-09T04:17:03Z
2023-12-06,PVG,8.37,8.46,8.28,8.37,48800,KBS,2026-10-09T04:17:03Z
2023-12-07,PVG,8.37,8.37,8.19,8.28,26900,KBS,2026-10-09T04:17:03Z
2023-12-08,PVG,8.19,8.37,8.19,8.19,48400,KBS,2026-10-09T04:17:03Z
2023-12-11,PVG,8.1,8.37,8.1,8.28,46201,KBS,2026-10-09T04:17:03Z
2023-12-12,PVG,8.28,8.28,8.1,8.28,29100,KBS,2026-10-09T04:17:03Z
2023-12-13,PVG,8.28,8.28,8.01,8.19,50400,KBS,2026-10-09T04:17:03Z
2023-12-14,PVG,8.19,8.28,7.64,8.19,28300,KBS,2026-10-09T04:17:03Z
2023-12-15,PVG,8.19,8.19,7.92,8.19,19000,KBS,2026-10-09T04:17:03Z
2023-12-18,PVG,8.1,8.1,7.92,7.92,2400,KBS,2026-10-09T04:17:03Z
2023-12-19,PVG,8.28,8.28,7.92,8.19,81100,KBS,2026-10-09T04:17:03Z
2023-12-20,PVG,8.19,8.19,8.1,8.19,33002,KBS,2026-10-09T04:17:03Z
2023-12-21,PVG,8.19,8.28,8.19,8.19,1702,KBS,2026-10-09T04:17:03Z
2023-12-22,PVG,8.1,8.19,8.01,8.01,17725,KBS,2026-10-09T04:17:03Z
2023-12-25,PVG,8.19,8.19,8.1,8.1,5501,KBS,2026-10-09T04:17:03Z
2023-12-26,PVG,8.1,8.19,8.1,8.19,25533,KBS,2026-10-09T04:17:03Z
2023-12-27,PVG,8.19,8.19,8.1,8.19,7400,KBS,2026-10-09T04:17:03Z
2023-12-28,PVG,8.19,8.19,8.1,8.19,80600,KBS,2026-10-09T04:17:03Z
2023-12-29,PVG,8.19,8.19,8.1,8.19,41800,KBS,2026-10-09T04:17:03Z
2024-01-02,PVG,8.28,8.28,8.19,8.19,7600,KBS,2026-10-09T04:17:03Z
2024-01-03,PVG,8.19,8.28,8.1,8.19,26300,KBS,2026-10-09T04:17:03Z
2024-01-04,PVG,8.19,8.28,8.1,8.28,56300,KBS,2026-10-09T04:17:03Z
2024-01-05,PVG,8.28,8.37,8.19,8.28,35000,KBS,2026-10-09T04:17:03Z
2024-01-08,PVG,8.19,8.46,8.19,8.19,52700,KBS,2026-10-09T04:17:03Z
2024-01-09,PVG,8.28,8.28,8.19,8.19,30110,KBS,2026-10-09T04:17:03Z
2024-01-10,PVG,8.19,8.28,8.19,8.28,60810,KBS,2026-10-09T04:17:03Z
2024-01-11,PVG,8.28,8.28,8.28,8.28,1827,KBS,2026-10-09T04:17:03Z
2024-01-12,PVG,8.19,8.19,8.1,8.19,18401,KBS,2026-10-09T04:17:03Z
2024-01-15,PVG,8.1,8.1,8.1,8.1,3000,KBS,2026-10-09T04:17:03Z
2024-01-16,PVG,8.1,8.19,8.01,8.19,5600,KBS,2026-10-09T04:17:03Z
2024-01-17,PVG,8.19,8.19,8.1,8.1,14702,KBS,2026-10-09T04:17:03Z
2024-01-18,PVG,8.1,8.19,8.1,8.19,12300,KBS,2026-10-09T04:17:03Z
2024-01-19,PVG,8.19,8.19,8.1,8.19,3600,KBS,2026-10-09T04:17:03Z
2024-01-22,PVG,8.19,8.28,8.01,8.19,32370,KBS,2026-10-09T04:17:03Z
2024-01-23,PVG,8.1,8.19,8.01,8.19,50110,KBS,2026-10-09T04:17:03Z
2024-01-24,PVG,8.19,8.19,8.01,8.1,11225,KBS,2026-10-09T04:17:03Z
2024-01-25,PVG,8.1,8.19,8.01,8.01,3700,KBS,2026-10-09T04:17:03Z
2024-01-26,PVG,8.1,8.1,8.01,8.1,8750,KBS,2026-10-09T04:17:03Z
2024-01-29,PVG,8.1,8.19,8.1,8.1,10100,KBS,2026-10-09T04:17:03Z
2024-01-30,PVG,8.1,8.19,8.01,8.19,18100,KBS,2026-10-09T04:17:03Z
2024-01-31,PVG,8.01,8.01,8.01,8.01,4100,KBS,2026-10-09T04:17:03Z
2024-02-01,PVG,8.01,8.01,7.92,8.01,13900,KBS,2026-10-09T04:17:03Z
2024-02-02,PVG,8.01,8.1,7.92,7.92,20305,KBS,2026-10-09T04:17:03Z
2024-02-05,PVG,8.01,8.19,8.01,8.01,22500,KBS,2026-10-09T04:17:03Z
2024-02-06,PVG,7.74,8.1,7.55,8.1,21000,KBS,2026-10-09T04:17:03Z
2024-02-07,PVG,8.1,8.19,8.01,8.1,12000,KBS,2026-10-09T04:17:03Z
2024-02-15,PVG,8.19,8.19,8.1,8.1,15403,KBS,2026-10-09T04:17:03Z
2024-02-16,PVG,8.1,8.19,8.1,8.19,35113,KBS,2026-10-09T04:17:03Z
2024-02-19,PVG,8.19,8.28,8.1,8.28,90324,KBS,2026-10-09T04:17:03Z
2024-02-20,PVG,8.28,8.28,8.19,8.19,5614,KBS,2026-10-09T04:17:03Z
2024-02-21,PVG,8.19,8.28,8.1,8.28,59802,KBS,2026-10-09T04:17:03Z
2024-02-22,PVG,8.28,8.37,8.19,8.19,40300,KBS,2026-10-09T04:17:03Z
2024-02-23,PVG,8.19,8.37,8.19,8.28,75100,KBS,2026-10-09T04:17:03Z
2024-02-26,PVG,8.19,8.28,8.1,8.1,9205,KBS,2026-10-09T04:17:03Z
2024-02-27,PVG,8.46,8.46,8.1,8.19,32900,KBS,2026-10-09T04:17:03Z
2024-02-28,PVG,8.28,8.37,8.28,8.28,28600,KBS,2026-10-09T04:17:03Z
2024-02-29,PVG,8.37,8.37,8.19,8.37,2700,KBS,2026-10-09T04:17:03Z
2024-03-01,PVG,8.19,8.28,8.19,8.19,39700,KBS,2026-10-09T04:17:03Z
2024-03-04,PVG,8.37,8.37,8.19,8.19,31801,KBS,2026-10-09T04:17:03Z
2024-03-05,PVG,8.19,8.19,8.1,8.19,34305,KBS,2026-10-09T04:17:03Z
2024-03-06,PVG,8.19,8.56,8.1,8.37,99455,KBS,2026-10-09T04:17:03Z
2024-03-07,PVG,8.37,8.37,8.28,8.28,17501,KBS,2026-10-09T04:17:03Z
2024-03-08,PVG,8.19,8.28,8.19,8.19,21300,KBS,2026-10-09T04:17:03Z
2024-03-11,PVG,8.19,8.19,8.1,8.1,25710,KBS,2026-10-09T04:17:03Z
2024-03-12,PVG,8.19,8.19,8.1,8.19,12900,KBS,2026-10-09T04:17:03Z
2024-03-13,PVG,8.1,8.19,8.1,8.19,13300,KBS,2026-10-09T04:17:03Z
2024-03-14,PVG,8.19,8.28,8.19,8.28,15700,KBS,2026-10-09T04:17:03Z
2024-03-15,PVG,8.37,8.37,8.01,8.28,49200,KBS,2026-10-09T04:17:03Z
2024-03-18,PVG,8.28,8.28,8.1,8.19,16801,KBS,2026-10-09T04:17:03Z
2024-03-19,PVG,8.1,8.28,8.1,8.28,7100,KBS,2026-10-09T04:17:03Z
2024-03-20,PVG,8.28,8.28,8.1,8.28,10400,KBS,2026-10-09T04:17:03Z
2024-03-21,PVG,8.28,8.28,8.19,8.28,25006,KBS,2026-10-09T04:17:03Z
2024-03-22,PVG,8.37,8.37,8.1,8.19,20200,KBS,2026-10-09T04:17:03Z
2024-03-25,PVG,8.1,8.28,8.1,8.1,6402,KBS,2026-10-09T04:17:03Z
2024-03-26,PVG,8.19,8.19,8.1,8.1,13200,KBS,2026-10-09T04:17:03Z
2024-03-27,PVG,8.1,8.28,8.1,8.19,75100,KBS,2026-10-09T04:17:03Z
2024-03-28,PVG,8.19,8.19,8.1,8.19,34701,KBS,2026-10-09T04:17:03Z
2024-03-29,PVG,8.19,8.19,8.1,8.1,7300,KBS,2026-10-09T04:17:03Z
2024-04-01,PVG,8.19,8.19,8.1,8.19,56210,KBS,2026-10-09T04:17:03Z
2024-04-02,PVG,8.28,8.37,8.1,8.19,94414,KBS,2026-10-09T04:17:03Z
2024-04-03,PVG,8.19,8.83,8.19,8.65,345528,KBS,2026-10-09T04:17:03Z
2024-04-04,PVG,8.65,8.83,8.56,8.65,55502,KBS,2026-10-09T04:17:03Z
2024-04-05,PVG,8.74,8.74,8.37,8.37,73002,KBS,2026-10-09T04:17:03Z
2024-04-08,PVG,8.37,8.74,8.37,8.46,46702,KBS,2026-10-09T04:17:03Z
2024-04-09,PVG,8.46,8.65,8.37,8.56,43210,KBS,2026-10-09T04:17:03Z
2024-04-10,PVG,8.65,8.65,8.28,8.28,78000,KBS,2026-10-09T04:17:03Z
2024-04-11,PVG,8.28,8.37,8.19,8.28,55001,KBS,2026-10-09T04:17:03Z
2024-04-12,PVG,8.28,8.37,8.19,8.19,24510,KBS,2026-10-09T04:17:03Z
2024-04-15,PVG,8.28,8.37,7.74,7.74,60900,KBS,2026-10-09T04:17:03Z
2024-04-16,PVG,7.74,8.01,7.74,7.74,124400,KBS,2026-10-09T04:17:03Z
2024-04-17,PVG,7.83,8.01,7.55,7.55,125001,KBS,2026-10-09T04:17:03Z
2024-04-19,PVG,7.55,7.83,7.28,7.64,42525,KBS,2026-10-09T04:17:03Z
2024-04-22,PVG,7.64,7.92,7.64,7.83,15330,KBS,2026-10-09T04:17:03Z
2024-04-23,PVG,8.19,8.19,7.83,8.01,12802,KBS,2026-10-09T04:17:03Z
2024-04-24,PVG,8.1,8.1,7.83,8.1,21000,KBS,2026-10-09T04:17:03Z
2024-04-25,PVG,8.1,8.1,7.83,8.01,10000,KBS,2026-10-09T04:17:03Z
2024-04-26,PVG,7.92,8.01,7.83,7.92,16800,KBS,2026-10-09T04:17:03Z
2024-05-02,PVG,8.1,8.1,7.83,7.92,3509,KBS,2026-10-09T04:17:03Z
2024-05-03,PVG,7.92,8.01,7.83,8.01,4800,KBS,2026-10-09T04:17:03Z
2024-05-06,PVG,8.01,8.01,7.92,7.92,8400,KBS,2026-10-09T04:17:03Z
2024-05-07,PVG,8.1,8.1,7.64,7.92,28300,KBS,2026-10-09T04:17:03Z
2024-05-08,PVG,7.92,8.1,7.92,7.92,19554,KBS,2026-10-09T04:17:03Z
2024-05-09,PVG,8.1,8.1,7.83,7.83,37800,KBS,2026-10-09T04:17:03Z
2024-05-10,PVG,8.01,8.01,7.83,7.83,38701,KBS,2026-10-09T04:17:03Z
2024-05-13,PVG,8.01,8.1,7.83,7.83,12111,KBS,2026-10-09T04:17:03Z
2024-05-14,PVG,8.01,8.01,7.74,7.83,11411,KBS,2026-10-09T04:17:03Z
2024-05-15,PVG,7.92,7.92,7.74,7.92,45329,KBS,2026-10-09T04:17:03Z
2024-05-16,PVG,7.92,8.01,7.83,7.83,25076,KBS,2026-10-09T04:17:03Z
2024-05-17,PVG,7.83,8.01,7.83,7.83,10190,KBS,2026-10-09T04:17:03Z
2024-05-20,PVG,7.92,8.01,7.83,7.92,23668,KBS,2026-10-09T04:17:03Z
2024-05-21,PVG,7.92,7.92,7.83,7.83,6000,KBS,2026-10-09T04:17:03Z
2024-05-22,PVG,7.83,8.19,7.83,8.1,148800,KBS,2026-10-09T04:17:03Z
2024-05-23,PVG,8.1,8.74,8.01,8.37,205556,KBS,2026-10-09T04:17:03Z
2024-05-24,PVG,8.56,8.92,8.1,8.37,65000,KBS,2026-10-09T04:17:03Z
2024-05-27,PVG,8.37,8.56,8.19,8.46,49923,KBS,2026-10-09T04:17:03Z
2024-05-28,PVG,8.46,8.46,8.19,8.28,46200,KBS,2026-10-09T04:17:03Z
2024-05-29,PVG,8.28,8.46,8.19,8.28,114456,KBS,2026-10-09T04:17:03Z
2024-05-30,PVG,8.28,8.37,8.01,8.28,81863,KBS,2026-10-09T04:17:03Z
2024-05-31,PVG,8.46,8.46,8.1,8.19,72142,KBS,2026-10-09T04:17:03Z
2024-06-03,PVG,8.19,8.37,8.1,8.19,95060,KBS,2026-10-09T04:17:03Z
2024-06-04,PVG,8.28,8.28,8.1,8.19,104202,KBS,2026-10-09T04:17:03Z
2024-06-05,PVG,8.01,8.28,8.01,8.19,41874,KBS,2026-10-09T04:17:03Z
2024-06-06,PVG,8.28,8.28,8.01,8.01,69014,KBS,2026-10-09T04:17:03Z
2024-06-07,PVG,8.1,8.19,8.1,8.19,17720,KBS,2026-10-09T04:17:03Z
2024-06-10,PVG,8.19,8.28,8.01,8.28,52800,KBS,2026-10-09T04:17:03Z
2024-06-11,PVG,8.28,8.28,8.1,8.19,54301,KBS,2026-10-09T04:17:03Z
2024-06-12,PVG,8.19,8.28,8.1,8.19,93202,KBS,2026-10-09T04:17:03Z
2024-06-13,PVG,8.28,8.28,8.01,8.19,98587,KBS,2026-10-09T04:17:03Z
2024-06-14,PVG,8.19,8.19,7.92,8.01,174601,KBS,2026-10-09T04:17:03Z
2024-06-17,PVG,8.19,8.19,7.83,7.83,74805,KBS,2026-10-09T04:17:03Z
2024-06-18,PVG,7.92,8.28,7.83,8.01,96215,KBS,2026-10-09T04:17:03Z
2024-06-19,PVG,8.01,8.1,7.92,8.01,68843,KBS,2026-10-09T04:17:03Z
2024-06-20,PVG,8.1,8.1,7.83,8.01,128323,KBS,2026-10-09T04:17:03Z
2024-06-21,PVG,8.1,8.1,7.92,8.1,79503,KBS,2026-10-09T04:17:03Z
2024-06-24,PVG,8.1,8.28,8.01,8.19,87204,KBS,2026-10-09T04:17:03Z
2024-06-25,PVG,8.19,8.28,7.92,8.19,121552,KBS,2026-10-09T04:17:03Z
2024-06-26,PVG,8.1,8.1,7.83,8.1,264559,KBS,2026-10-09T04:17:03Z
2024-06-27,PVG,8.5,8.5,8.1,8.1,68128,KBS,2026-10-09T04:17:03Z
2024-06-28,PVG,8.1,8.1,7.8,7.8,68272,KBS,2026-10-09T04:17:03Z
2024-07-01,PVG,7.8,8.0,7.6,7.8,90328,KBS,2026-10-09T04:17:03Z
2024-07-02,PVG,7.8,7.8,7.6,7.7,233260,KBS,2026-10-09T04:17:03Z
2024-07-03,PVG,7.8,7.8,7.6,7.7,66710,KBS,2026-10-09T04:17:03Z
2024-07-04,PVG,7.7,7.7,7.6,7.7,82132,KBS,2026-10-09T04:17:03Z
2024-07-05,PVG,7.7,7.7,7.4,7.6,222111,KBS,2026-10-09T04:17:03Z
2024-07-08,PVG,7.6,7.8,7.6,7.6,114411,KBS,2026-10-09T04:17:03Z
2024-07-09,PVG,7.7,7.7,7.5,7.6,161284,KBS,2026-10-09T04:17:03Z
2024-07-10,PVG,7.6,7.7,7.4,7.5,113510,KBS,2026-10-09T04:17:03Z
2024-07-11,PVG,7.5,7.6,7.4,7.4,126911,KBS,2026-10-09T04:17:03Z
2024-07-12,PVG,7.4,7.5,7.3,7.4,179448,KBS,2026-10-09T04:17:03Z
2024-07-15,PVG,7.4,7.5,7.4,7.5,115836,KBS,2026-10-09T04:17:03Z
2024-07-16,PVG,7.5,7.6,7.4,7.4,71586,KBS,2026-10-09T04:17:03Z
2024-07-17,PVG,7.4,7.4,7.1,7.1,217990,KBS,2026-10-09T04:17:03Z
2024-07-18,PVG,7.2,7.3,7.0,7.2,115116,KBS,2026-10-09T04:17:03Z
2024-07-19,PVG,7.2,7.3,7.0,7.2,156005,KBS,2026-10-09T04:17:03Z
2024-07-22,PVG,7.1,7.2,6.9,7.0,93386,KBS,2026-10-09T04:17:03Z
2024-07-23,PVG,7.0,7.1,6.9,6.9,60001,KBS,2026-10-09T04:17:03Z
2024-07-24,PVG,6.9,7.0,6.9,7.0,66700,KBS,2026-10-09T04:17:03Z
2024-07-25,PVG,7.0,7.2,6.9,7.0,98216,KBS,2026-10-09T04:17:03Z
2024-07-26,PVG,7.1,7.2,7.0,7.2,54057,KBS,2026-10-09T04:17:03Z
2024-07-29,PVG,7.2,7.4,7.0,7.2,85384,KBS,2026-10-09T04:17:03Z
2024-07-30,PVG,7.1,7.2,7.0,7.1,58418,KBS,2026-10-09T04:17:03Z
2024-07-31,PVG,7.1,7.2,7.0,7.2,87700,KBS,2026-10-09T04:17:03Z
2024-08-01,PVG,7.2,7.2,6.9,7.0,65431,KBS,2026-10-09T04:17:03Z
2024-08-02,PVG,7.0,7.1,6.8,7.0,38300,KBS,2026-10-09T04:17:03Z
2024-08-05,PVG,6.9,7.0,6.6,6.7,115856,KBS,2026-10-09T04:17:03Z
2024-08-06,PVG,6.7,6.8,6.7,6.8,35600,KBS,2026-10-09T04:17:03Z
2024-08-07,PVG,6.9,7.0,6.7,6.9,39955,KBS,2026-10-09T04:17:03Z
2024-08-08,PVG,7.0,7.1,6.9,7.0,93874,KBS,2026-10-09T04:17:03Z
2024-08-09,PVG,7.1,7.1,6.8,7.0,98410,KBS,2026-10-09T04:17:03Z
2024-08-12,PVG,7.0,7.2,6.9,7.0,110423,KBS,2026-10-09T04:17:03Z
2024-08-13,PVG,7.0,7.1,6.9,7.1,89686,KBS,2026-10-09T04:17:03Z
2024-08-14,PVG,7.1,7.1,6.9,7.0,49286,KBS,2026-10-09T04:17:03Z
2024-08-15,PVG,7.0,7.0,6.9,7.0,11188,KBS,2026-10-09T04:17:03Z
2024-08-16,PVG,6.9,7.1,6.9,7.1,113504,KBS,2026-10-09T04:17:03Z
2024-08-19,PVG,7.1,7.2,7.0,7.1,63250,KBS,2026-10-09T04:17:03Z
2024-08-20,PVG,7.1,7.2,7.0,7.1,50620,KBS,2026-10-09T04:17:03Z
2024-08-21,PVG,7.0,7.2,7.0,7.1,23900,KBS,2026-10-09T04:17:03Z
2024-08-22,PVG,7.1,7.1,7.0,7.0,66720,KBS,2026-10-09T04:17:03Z
2024-08-23,PVG,7.0,7.0,6.9,6.9,11944,KBS,2026-10-09T04:17:03Z
2024-08-26,PVG,7.0,7.0,6.9,7.0,47732,KBS,2026-10-09T04:17:03Z
2024-08-27,PVG,7.0,7.0,6.9,6.9,8681,KBS,2026-10-09T04:17:03Z
2024-08-28,PVG,7.0,7.0,6.9,6.9,27291,KBS,2026-10-09T04:17:03Z
2024-08-29,PVG,7.0,7.3,6.9,7.3,197206,KBS,2026-10-09T04:17:03Z
2024-08-30,PVG,7.3,7.4,7.2,7.2,130045,KBS,2026-10-09T04:17:03Z
2024-09-04,PVG,7.1,7.2,6.9,7.2,162818,KBS,2026-10-09T04:17:03Z
2024-09-05,PVG,7.1,7.1,6.9,7.0,96043,KBS,2026-10-09T04:17:03Z
2024-09-06,PVG,7.0,7.2,7.0,7.2,39933,KBS,2026-10-09T04:17:03Z
2024-09-09,PVG,7.0,7.2,7.0,7.1,39629,KBS,2026-10-09T04:17:03Z
2024-09-10,PVG,7.1,7.2,6.9,7.1,35060,KBS,2026-10-09T04:17:03Z
2024-09-11,PVG,7.0,7.0,6.8,6.8,72233,KBS,2026-10-09T04:17:03Z
2024-09-12,PVG,7.0,7.0,6.8,6.9,45059,KBS,2026-10-09T04:17:03Z
2024-09-13,PVG,7.0,7.0,6.8,6.9,31198,KBS,2026-10-09T04:17:03Z
2024-09-16,PVG,6.7,7.0,6.7,6.9,27853,KBS,2026-10-09T04:17:03Z
2024-09-17,PVG,6.9,6.9,6.7,6.9,24560,KBS,2026-10-09T04:17:03Z
2024-09-18,PVG,6.9,7.0,6.8,7.0,39830,KBS,2026-10-09T04:17:03Z
2024-09-19,PVG,6.9,7.0,6.9,7.0,4296,KBS,2026-10-09T04:17:03Z
2024-09-20,PVG,7.0,7.0,6.9,6.9,37501,KBS,2026-10-09T04:17:03Z
2024-09-23,PVG,6.9,7.0,6.8,6.9,19197,KBS,2026-10-09T04:17:03Z
2024-09-24,PVG,6.9,6.9,6.8,6.9,9387,KBS,2026-10-09T04:17:03Z
2024-09-25,PVG,6.9,6.9,6.8,6.9,17899,KBS,2026-10-09T04:17:03Z
2024-09-26,PVG,7.0,7.0,6.8,6.8,34405,KBS,2026-10-09T04:17:03Z
2024-09-27,PVG,6.8,6.9,6.7,6.8,91130,KBS,2026-10-09T04:17:03Z
2024-09-30,PVG,6.8,6.9,6.7,6.8,49701,KBS,2026-10-09T04:17:03Z
2024-10-01,PVG,6.7,6.9,6.7,6.9,78915,KBS,2026-10-09T04:17:03Z
2024-10-02,PVG,6.8,6.9,6.8,6.9,17143,KBS,2026-10-09T04:17:03Z
2024-10-03,PVG,6.9,6.9,6.8,6.8,59324,KBS,2026-10-09T04:17:03Z
2024-10-04,PVG,6.8,6.9,6.8,6.8,17226,KBS,2026-10-09T04:17:03Z
2024-10-07,PVG,6.9,6.9,6.8,6.8,26550,KBS,2026-10-09T04:17:03Z
2024-10-08,PVG,6.7,6.8,6.7,6.7,32104,KBS,2026-10-09T04:17:03Z
2024-10-09,PVG,6.7,6.9,6.7,6.8,52080,KBS,2026-10-09T04:17:03Z
2024-10-10,PVG,6.7,6.9,6.7,6.8,19178,KBS,2026-10-09T04:17:03Z
2024-10-11,PVG,6.8,6.9,6.7,6.9,41750,KBS,2026-10-09T04:17:03Z
2024-10-14,PVG,6.8,6.9,6.8,6.9,35960,KBS,2026-10-09T04:17:03Z
2024-10-15,PVG,6.7,6.9,6.7,6.8,8269,KBS,2026-10-09T04:17:03Z
2024-10-16,PVG,6.7,6.8,6.7,6.7,11461,KBS,2026-10-09T04:17:03Z
2024-10-17,PVG,6.8,6.9,6.7,6.8,52198,KBS,2026-10-09T04:17:03Z
2024-10-18,PVG,6.9,6.9,6.7,6.7,20613,KBS,2026-10-09T04:17:03Z
2024-10-21,PVG,6.8,6.9,6.7,6.9,79415,KBS,2026-10-09T04:17:03Z
2024-10-22,PVG,6.9,6.9,6.7,6.8,20305,KBS,2026-10-09T04:17:03Z
2024-10-23,PVG,6.8,6.9,6.7,6.8,28757,KBS,2026-10-09T04:17:03Z
2024-10-24,PVG,6.8,6.9,6.7,6.8,92924,KBS,2026-10-09T04:17:03Z
2024-10-25,PVG,6.8,6.9,6.7,6.8,16308,KBS,2026-10-09T04:17:03Z
2024-10-28,PVG,6.7,6.8,6.7,6.8,7432,KBS,2026-10-09T04:17:03Z
2024-10-29,PVG,6.7,6.9,6.7,6.8,29790,KBS,2026-10-09T04:17:03Z
2024-10-30,PVG,6.7,6.9,6.7,6.9,39850,KBS,2026-10-09T04:17:03Z
2024-10-31,PVG,6.8,6.8,6.7,6.8,26266,KBS,2026-10-09T04:17:03Z
2024-11-01,PVG,6.8,6.8,6.5,6.8,46701,KBS,2026-10-09T04:17:03Z
2024-11-04,PVG,6.8,6.8,6.6,6.7,30178,KBS,2026-10-09T04:17:03Z
2024-11-05,PVG,6.7,6.7,6.7,6.7,45203,KBS,2026-10-09T04:17:03Z
2024-11-06,PVG,6.7,6.8,6.7,6.8,40867,KBS,2026-10-09T04:17:03Z
2024-11-07,PVG,6.8,6.8,6.7,6.7,18002,KBS,2026-10-09T04:17:03Z
2024-11-08,PVG,6.8,6.8,6.7,6.7,11021,KBS,2026-10-09T04:17:03Z
2024-11-11,PVG,6.8,6.8,6.6,6.7,34874,KBS,2026-10-09T04:17:03Z
2024-11-12,PVG,6.8,6.8,6.6,6.7,20690,KBS,2026-10-09T04:17:03Z
2024-11-13,PVG,6.7,6.8,6.5,6.6,79128,KBS,2026-10-09T04:17:03Z
2024-11-14,PVG,6.8,6.8,6.6,6.7,15144,KBS,2026-10-09T04:17:03Z
2024-11-15,PVG,6.7,6.8,6.5,6.7,24120,KBS,2026-10-09T04:17:03Z
2024-11-18,PVG,6.6,6.7,6.6,6.7,27529,KBS,2026-10-09T04:17:03Z
2024-11-19,PVG,6.7,6.8,6.6,6.7,72530,KBS,2026-10-09T04:17:03Z
2024-11-20,PVG,6.7,6.8,6.6,6.7,44900,KBS,2026-10-09T04:17:03Z
2024-11-21,PVG,6.7,6.8,6.6,6.8,10431,KBS,2026-10-09T04:17:03Z
2024-11-22,PVG,6.8,6.8,6.5,6.7,89551,KBS,2026-10-09T04:17:03Z
2024-11-25,PVG,6.7,6.8,6.6,6.8,28335,KBS,2026-10-09T04:17:03Z
2024-11-26,PVG,6.8,6.8,6.7,6.8,31510,KBS,2026-10-09T04:17:03Z
2024-11-27,PVG,6.7,6.8,6.6,6.7,24196,KBS,2026-10-09T04:17:03Z
2024-11-28,PVG,6.7,6.8,6.7,6.8,13584,KBS,2026-10-09T04:17:03Z
2024-11-29,PVG,6.8,6.8,6.6,6.8,40790,KBS,2026-10-09T04:17:03Z
2024-12-02,PVG,6.7,6.7,6.5,6.7,63657,KBS,2026-10-09T04:17:03Z
2024-12-03,PVG,6.6,6.7,6.6,6.6,7062,KBS,2026-10-09T04:17:03Z
2024-12-04,PVG,6.7,6.7,6.5,6.6,27710,KBS,2026-10-09T04:17:03Z
2024-12-05,PVG,6.6,6.7,6.5,6.6,37976,KBS,2026-10-09T04:17:03Z
2024-12-06,PVG,6.6,6.7,6.6,6.7,74380,KBS,2026-10-09T04:17:03Z
2024-12-09,PVG,6.7,6.8,6.7,6.8,86173,KBS,2026-10-09T04:17:03Z
2024-12-10,PVG,6.7,6.8,6.6,6.7,86303,KBS,2026-10-09T04:17:03Z
2024-12-11,PVG,6.7,6.8,6.7,6.7,37428,KBS,2026-10-09T04:17:03Z
2024-12-12,PVG,6.8,7.3,6.8,7.3,286354,KBS,2026-10-09T04:17:03Z
2024-12-13,PVG,7.3,7.3,7.1,7.2,110503,KBS,2026-10-09T04:17:03Z
2024-12-16,PVG,7.2,7.2,7.0,7.2,55594,KBS,2026-10-09T04:17:03Z
2024-12-17,PVG,7.1,7.2,6.9,7.2,42931,KBS,2026-10-09T04:17:03Z
2024-12-18,PVG,7.2,7.4,7.1,7.3,132163,KBS,2026-10-09T04:17:03Z
2024-12-19,PVG,7.1,7.3,7.1,7.2,132123,KBS,2026-10-09T04:17:03Z
2024-12-20,PVG,7.3,7.3,7.1,7.3,39359,KBS,2026-10-09T04:17:03Z
2024-12-23,PVG,7.3,7.6,7.3,7.6,99239,KBS,2026-10-09T04:17:03Z
2024-12-24,PVG,7.6,7.8,7.5,7.8,264232,KBS,2026-10-09T04:17:03Z
2024-12-25,PVG,7.8,8.0,7.6,8.0,165060,KBS,2026-10-09T04:17:03Z
2024-12-26,PVG,7.7,8.2,7.7,8.2,149262,KBS,2026-10-09T04:17:03Z
2024-12-27,PVG,8.0,8.2,7.9,8.1,43079,KBS,2026-10-09T04:17:03Z
2024-12-30,PVG,8.0,8.1,7.6,7.9,21731,KBS,2026-10-09T04:17:03Z
2024-12-31,PVG,8.0,8.0,7.4,7.7,70261,KBS,2026-10-09T04:17:03Z
2025-01-02,PVG,7.7,7.7,7.4,7.5,63507,KBS,2026-10-09T04:17:03Z
2025-01-03,PVG,7.5,7.7,7.5,7.7,62118,KBS,2026-10-09T04:17:03Z
2025-01-06,PVG,7.7,7.9,7.6,7.8,61302,KBS,2026-10-09T04:17:03Z
2025-01-07,PVG,7.6,7.8,7.5,7.7,82625,KBS,2026-10-09T04:17:03Z
2025-01-08,PVG,7.8,7.8,7.5,7.8,54142,KBS,2026-10-09T04:17:03Z
2025-01-09,PVG,7.8,7.9,7.6,7.8,21469,KBS,2026-10-09T04:17:03Z
2025-01-10,PVG,7.8,7.9,7.7,7.7,139300,KBS,2026-10-09T04:17:03Z
2025-01-13,PVG,7.6,7.8,7.6,7.8,38300,KBS,2026-10-09T04:17:03Z
2025-01-14,PVG,7.7,7.8,7.6,7.8,42865,KBS,2026-10-09T04:17:03Z
2025-01-15,PVG,7.7,7.8,7.6,7.8,16359,KBS,2026-10-09T04:17:03Z
2025-01-16,PVG,7.8,7.8,7.6,7.6,14415,KBS,2026-10-09T04:17:03Z
2025-01-17,PVG,7.6,7.6,7.4,7.4,183112,KBS,2026-10-09T04:17:03Z
2025-01-20,PVG,7.4,7.5,7.3,7.4,25952,KBS,2026-10-09T04:17:03Z
2025-01-21,PVG,7.4,7.5,7.3,7.5,23400,KBS,2026-10-09T04:17:03Z
2025-01-22,PVG,7.5,7.5,7.3,7.5,67300,KBS,2026-10-09T04:17:03Z
2025-01-23,PVG,7.5,7.6,7.4,7.6,39371,KBS,2026-10-09T04:17:03Z
2025-01-24,PVG,7.3,7.6,7.3,7.6,72506,KBS,2026-10-09T04:17:03Z
2025-02-03,PVG,7.6,7.6,7.3,7.5,10307,KBS,2026-10-09T04:17:03Z
2025-02-04,PVG,7.5,7.6,7.3,7.5,19244,KBS,2026-10-09T04:17:03Z
2025-02-05,PVG,7.5,7.6,7.4,7.5,7010,KBS,2026-10-09T04:17:03Z
2025-02-06,PVG,7.4,7.5,7.3,7.3,55820,KBS,2026-10-09T04:17:03Z
2025-02-07,PVG,7.3,7.5,7.3,7.5,144300,KBS,2026-10-09T04:17:03Z
2025-02-10,PVG,7.5,7.5,7.4,7.4,76500,KBS,2026-10-09T04:17:03Z
2025-02-11,PVG,7.4,8.1,7.4,8.0,613839,KBS,2026-10-09T04:17:03Z
2025-02-12,PVG,8.1,8.1,7.8,7.8,80109,KBS,2026-10-09T04:17:03Z
2025-02-13,PVG,7.8,7.9,7.6,7.6,218701,KBS,2026-10-09T04:17:03Z
2025-02-14,PVG,7.7,8.0,7.7,8.0,130217,KBS,2026-10-09T04:17:03Z
2025-02-17,PVG,7.9,7.9,7.7,7.8,184800,KBS,2026-10-09T04:17:03Z
2025-02-18,PVG,7.7,7.9,7.7,7.8,99390,KBS,2026-10-09T04:17:03Z
2025-02-19,PVG,7.7,7.9,7.7,7.8,69619,KBS,2026-10-09T04:17:03Z
2025-02-20,PVG,7.9,7.9,7.7,7.7,99969,KBS,2026-10-09T04:17:03Z
2025-02-21,PVG,7.7,7.8,7.6,7.6,44410,KBS,2026-10-09T04:17:03Z
2025-02-24,PVG,7.7,7.8,7.5,7.6,84923,KBS,2026-10-09T04:17:03Z
2025-02-25,PVG,7.6,7.9,7.6,7.8,111970,KBS,2026-10-09T04:17:03Z
2025-02-26,PVG,7.8,7.8,7.6,7.7,85155,KBS,2026-10-09T04:17:03Z
2025-02-27,PVG,7.7,7.8,7.6,7.7,41040,KBS,2026-10-09T04:17:03Z
2025-02-28,PVG,7.7,7.8,7.6,7.7,95879,KBS,2026-10-09T04:17:03Z
2025-03-03,PVG,7.8,7.8,7.7,7.7,54300,KBS,2026-10-09T04:17:03Z
2025-03-04,PVG,7.7,7.8,7.5,7.6,65012,KBS,2026-10-09T04:17:03Z
2025-03-05,PVG,7.6,7.6,7.4,7.6,76501,KBS,2026-10-09T04:17:03Z
2025-03-06,PVG,7.5,7.6,7.4,7.4,44800,KBS,2026-10-09T04:17:03Z
2025-03-07,PVG,7.4,7.6,7.4,7.5,63251,KBS,2026-10-09T04:17:03Z
2025-03-10,PVG,7.4,7.5,7.4,7.4,22200,KBS,2026-10-09T04:17:03Z
2025-03-11,PVG,7.3,7.5,7.3,7.5,49467,KBS,2026-10-09T04:17:03Z
2025-03-12,PVG,7.5,7.5,7.3,7.5,63227,KBS,2026-10-09T04:17:03Z
2025-03-13,PVG,7.3,7.5,7.3,7.3,103300,KBS,2026-10-09T04:17:03Z
2025-03-14,PVG,7.3,7.4,7.2,7.3,127016,KBS,2026-10-09T04:17:03Z
2025-03-17,PVG,7.3,7.5,7.3,7.5,103277,KBS,2026-10-09T04:17:03Z
2025-03-18,PVG,7.5,7.5,7.4,7.4,27036,KBS,2026-10-09T04:17:03Z
2025-03-19,PVG,7.4,7.4,7.3,7.4,25083,KBS,2026-10-09T04:17:03Z
2025-03-20,PVG,7.4,7.4,7.3,7.4,22700,KBS,2026-10-09T04:17:03Z
2025-03-21,PVG,7.3,7.4,7.3,7.3,21306,KBS,2026-10-09T04:17:03Z
2025-03-24,PVG,7.4,7.4,7.2,7.2,130605,KBS,2026-10-09T04:17:03Z
2025-03-25,PVG,7.2,7.3,7.2,7.2,33405,KBS,2026-10-09T04:17:03Z
2025-03-26,PVG,7.3,7.3,7.2,7.3,22236,KBS,2026-10-09T04:17:03Z
2025-03-27,PVG,7.3,7.3,7.2,7.3,21400,KBS,2026-10-09T04:17:03Z
2025-03-28,PVG,7.2,7.3,7.1,7.3,21686,KBS,2026-10-09T04:17:03Z
2025-03-31,PVG,7.2,7.2,7.1,7.2,21043,KBS,2026-10-09T04:17:03Z
2025-04-01,PVG,7.2,7.3,7.1,7.2,38387,KBS,2026-10-09T04:17:03Z
2025-04-02,PVG,7.2,7.3,7.2,7.2,26476,KBS,2026-10-09T04:17:03Z
2025-04-03,PVG,7.1,7.1,6.5,6.8,140499,KBS,2026-10-09T04:17:03Z
2025-04-04,PVG,6.4,6.6,6.2,6.6,289100,KBS,2026-10-09T04:17:03Z
2025-04-08,PVG,6.6,6.6,6.0,6.2,124826,KBS,2026-10-09T04:17:03Z
2025-04-09,PVG,6.0,6.1,5.6,6.1,190100,KBS,2026-10-09T04:17:03Z
2025-04-10,PVG,6.1,6.7,6.1,6.7,500442,KBS,2026-10-09T04:17:03Z
2025-04-11,PVG,6.9,6.9,6.3,6.7,63723,KBS,2026-10-09T04:17:03Z
2025-04-14,PVG,6.8,6.8,6.4,6.5,68905,KBS,2026-10-09T04:17:03Z
2025-04-15,PVG,6.5,6.5,6.3,6.5,90063,KBS,2026-10-09T04:17:03Z
2025-04-16,PVG,6.4,6.4,6.2,6.4,8025,KBS,2026-10-09T04:17:03Z
2025-04-17,PVG,6.3,6.4,6.3,6.4,14000,KBS,2026-10-09T04:17:03Z
2025-04-18,PVG,6.3,6.5,6.2,6.3,157226,KBS,2026-10-09T04:17:03Z
2025-04-21,PVG,6.4,6.4,6.2,6.4,65612,KBS,2026-10-09T04:17:03Z
2025-04-22,PVG,6.4,6.4,6.0,6.3,106709,KBS,2026-10-09T04:17:03Z
2025-04-23,PVG,6.2,6.4,6.2,6.4,15105,KBS,2026-10-09T04:17:03Z
2025-04-24,PVG,6.3,6.4,6.2,6.3,38620,KBS,2026-10-09T04:17:03Z
2025-04-25,PVG,6.4,6.4,6.2,6.4,51313,KBS,2026-10-09T04:17:03Z
2025-04-28,PVG,6.3,6.5,6.3,6.4,20151,KBS,2026-10-09T04:17:03Z
2025-04-29,PVG,6.4,6.4,6.2,6.3,10916,KBS,2026-10-09T04:17:03Z
2025-05-05,PVG,6.3,6.3,6.2,6.3,67500,KBS,2026-10-09T04:17:03Z
2025-05-06,PVG,6.4,6.4,6.2,6.3,33500,KBS,2026-10-09T04:17:03Z
2025-05-07,PVG,6.3,6.3,6.1,6.2,60500,KBS,2026-10-09T04:17:03Z
2025-05-08,PVG,6.2,6.3,6.1,6.2,26200,KBS,2026-10-09T04:17:03Z
2025-05-09,PVG,6.3,6.3,6.1,6.3,136300,KBS,2026-10-09T04:17:03Z
2025-05-12,PVG,6.3,6.3,6.2,6.2,36300,KBS,2026-10-09T04:17:03Z
2025-05-13,PVG,6.3,6.3,6.3,6.3,34300,KBS,2026-10-09T04:17:03Z
2025-05-14,PVG,6.3,6.3,6.2,6.2,43000,KBS,2026-10-09T04:17:03Z
2025-05-15,PVG,6.3,6.3,6.2,6.2,145200,KBS,2026-10-09T04:17:03Z
2025-05-16,PVG,6.2,6.3,6.2,6.3,28100,KBS,2026-10-09T04:17:03Z
2025-05-19,PVG,6.2,6.3,6.2,6.2,24000,KBS,2026-10-09T04:17:03Z
2025-05-20,PVG,6.2,6.3,6.1,6.3,71700,KBS,2026-10-09T04:17:03Z
2025-05-21,PVG,6.3,6.3,6.1,6.2,72800,KBS,2026-10-09T04:17:03Z
2025-05-22,PVG,6.2,6.3,6.1,6.2,173900,KBS,2026-10-09T04:17:03Z
2025-05-23,PVG,6.2,6.3,6.1,6.2,39900,KBS,2026-10-09T04:17:03Z
2025-05-26,PVG,6.2,6.3,6.2,6.2,30200,KBS,2026-10-09T04:17:03Z
2025-05-27,PVG,6.2,6.3,6.1,6.1,48600,KBS,2026-10-09T04:17:03Z
2025-05-28,PVG,6.2,6.3,6.1,6.3,100700,KBS,2026-10-09T04:17:03Z
2025-05-29,PVG,6.3,6.3,6.1,6.2,41700,KBS,2026-10-09T04:17:03Z
2025-05-30,PVG,6.1,6.3,6.1,6.3,25900,KBS,2026-10-09T04:17:03Z
2025-06-02,PVG,6.2,6.3,6.2,6.2,51300,KBS,2026-10-09T04:17:03Z
2025-06-03,PVG,6.3,6.7,6.3,6.5,201700,KBS,2026-10-09T04:17:03Z
2025-06-04,PVG,6.6,6.6,6.4,6.5,71200,KBS,2026-10-09T04:17:03Z
2025-06-05,PVG,6.4,6.6,6.4,6.5,45400,KBS,2026-10-09T04:17:03Z
2025-06-06,PVG,6.1,6.6,6.1,6.4,70000,KBS,2026-10-09T04:17:03Z
2025-06-09,PVG,6.3,6.4,6.2,6.3,71000,KBS,2026-10-09T04:17:03Z
2025-06-10,PVG,6.3,6.6,6.3,6.5,108700,KBS,2026-10-09T04:17:03Z
2025-06-11,PVG,6.5,6.5,6.4,6.5,14200,KBS,2026-10-09T04:17:03Z
2025-06-12,PVG,6.5,6.7,6.5,6.6,123700,KBS,2026-10-09T04:17:03Z
2025-06-13,PVG,6.7,6.8,6.5,6.7,85500,KBS,2026-10-09T04:17:03Z
2025-06-16,PVG,6.8,7.1,6.8,7.1,254000,KBS,2026-10-09T04:17:03Z
2025-06-17,PVG,7.1,7.2,6.8,7.0,99300,KBS,2026-10-09T04:17:03Z
2025-06-18,PVG,7.1,7.1,6.8,6.8,58400,KBS,2026-10-09T04:17:03Z
2025-06-19,PVG,6.7,6.9,6.7,6.8,66300,KBS,2026-10-09T04:17:03Z
2025-06-20,PVG,6.8,6.9,6.7,6.7,60000,KBS,2026-10-09T04:17:03Z
2025-06-23,PVG,6.7,7.3,6.7,7.1,210900,KBS,2026-10-09T04:17:03Z
2025-06-24,PVG,7.0,7.1,6.6,6.8,42000,KBS,2026-10-09T04:17:03Z
2025-06-25,PVG,6.8,6.9,6.7,6.8,33700,KBS,2026-10-09T04:17:03Z
2025-06-26,PVG,6.8,6.8,6.7,6.8,23800,KBS,2026-10-09T04:17:03Z
2025-06-27,PVG,6.8,6.8,6.7,6.8,37600,KBS,2026-10-09T04:17:03Z
2025-06-30,PVG,6.8,6.8,6.6,6.7,71600,KBS,2026-10-09T04:17:03Z
2025-07-01,PVG,6.7,6.7,6.5,6.7,57300,KBS,2026-10-09T04:17:03Z
2025-07-02,PVG,6.7,6.7,6.6,6.6,21600,KBS,2026-10-09T04:17:03Z
2025-07-03,PVG,6.7,6.8,6.6,6.6,44100,KBS,2026-10-09T04:17:03Z
2025-07-04,PVG,6.7,6.7,6.6,6.7,23200,KBS,2026-10-09T04:17:03Z
2025-07-07,PVG,6.7,6.7,6.6,6.7,21100,KBS,2026-10-09T04:17:03Z
2025-07-08,PVG,6.7,6.8,6.6,6.7,35200,KBS,2026-10-09T04:17:03Z
2025-07-09,PVG,6.7,6.8,6.7,6.7,32700,KBS,2026-10-09T04:17:03Z
2025-07-10,PVG,6.7,6.8,6.6,6.8,8500,KBS,2026-10-09T04:17:03Z
2025-07-11,PVG,6.8,6.8,6.6,6.7,153800,KBS,2026-10-09T04:17:03Z
2025-07-14,PVG,6.7,6.8,6.6,6.8,73100,KBS,2026-10-09T04:17:03Z
2025-07-15,PVG,6.8,6.8,6.6,6.7,63000,KBS,2026-10-09T04:17:03Z
2025-07-16,PVG,6.7,6.8,6.6,6.7,28200,KBS,2026-10-09T04:17:03Z
2025-07-17,PVG,6.8,6.8,6.6,6.7,153400,KBS,2026-10-09T04:17:03Z
2025-07-18,PVG,6.7,6.8,6.6,6.7,52300,KBS,2026-10-09T04:17:03Z
2025-07-21,PVG,6.8,6.8,6.6,6.7,119500,KBS,2026-10-09T04:17:03Z
2025-07-22,PVG,6.7,6.8,6.6,6.7,49900,KBS,2026-10-09T04:17:03Z
2025-07-23,PVG,6.7,6.9,6.7,6.8,144200,KBS,2026-10-09T04:17:03Z
2025-07-24,PVG,6.7,6.8,6.7,6.8,56600,KBS,2026-10-09T04:17:03Z
2025-07-25,PVG,6.8,7.0,6.7,6.9,273900,KBS,2026-10-09T04:17:03Z
2025-07-28,PVG,6.8,6.9,6.8,6.9,117200,KBS,2026-10-09T04:17:03Z
2025-07-29,PVG,6.9,7.0,6.7,6.7,123600,KBS,2026-10-09T04:17:03Z
2025-07-30,PVG,6.7,6.8,6.6,6.7,145200,KBS,2026-10-09T04:17:03Z
2025-07-31,PVG,6.8,6.8,6.7,6.8,34300,KBS,2026-10-09T04:17:03Z
2025-08-01,PVG,6.8,6.8,6.7,6.8,66800,KBS,2026-10-09T04:17:03Z
2025-08-04,PVG,6.8,6.8,6.7,6.8,56000,KBS,2026-10-09T04:17:03Z
2025-08-05,PVG,6.8,7.0,6.7,6.8,324300,KBS,2026-10-09T04:17:03Z
2025-08-06,PVG,6.8,7.0,6.7,7.0,254300,KBS,2026-10-09T04:17:03Z
2025-08-07,PVG,7.0,7.0,6.8,6.9,81100,KBS,2026-10-09T04:17:03Z
2025-08-08,PVG,7.0,7.1,6.9,7.1,255800,KBS,2026-10-09T04:17:03Z
2025-08-11,PVG,7.1,7.2,7.0,7.1,153000,KBS,2026-10-09T04:17:03Z
2025-08-12,PVG,7.0,7.1,7.0,7.1,149100,KBS,2026-10-09T04:17:03Z
2025-08-13,PVG,7.1,7.1,6.8,7.0,152400,KBS,2026-10-09T04:17:03Z
2025-08-14,PVG,7.0,7.0,6.9,7.0,116600,KBS,2026-10-09T04:17:03Z
2025-08-15,PVG,7.1,7.3,6.9,7.1,296400,KBS,2026-10-09T04:17:03Z
2025-08-18,PVG,7.1,7.3,7.1,7.1,125000,KBS,2026-10-09T04:17:03Z
2025-08-19,PVG,7.1,7.2,6.9,7.1,167900,KBS,2026-10-09T04:17:03Z
2025-08-20,PVG,7.0,7.0,6.8,7.0,172300,KBS,2026-10-09T04:17:03Z
2025-08-21,PVG,6.9,6.9,6.8,6.8,116900,KBS,2026-10-09T04:17:03Z
2025-08-22,PVG,6.8,6.8,6.6,6.7,164200,KBS,2026-10-09T04:17:03Z
2025-08-25,PVG,6.7,6.8,6.6,6.7,84700,KBS,2026-10-09T04:17:03Z
2025-08-26,PVG,6.7,6.9,6.6,6.9,76200,KBS,2026-10-09T04:17:03Z
2025-08-27,PVG,6.7,6.9,6.7,6.8,29500,KBS,2026-10-09T04:17:03Z
2025-08-28,PVG,6.8,6.8,6.7,6.7,57700,KBS,2026-10-09T04:17:03Z
2025-08-29,PVG,6.6,6.8,6.6,6.8,169600,KBS,2026-10-09T04:17:03Z
2025-09-03,PVG,6.8,7.0,6.8,7.0,60200,KBS,2026-10-09T04:17:03Z
2025-09-04,PVG,6.9,7.0,6.8,6.9,43600,KBS,2026-10-09T04:17:03Z
2025-09-05,PVG,6.9,7.0,6.8,6.9,181200,KBS,2026-10-09T04:17:03Z
2025-09-08,PVG,6.9,6.9,6.7,6.8,35500,KBS,2026-10-09T04:17:03Z
2025-09-09,PVG,6.8,6.8,6.6,6.8,60000,KBS,2026-10-09T04:17:03Z
2025-09-10,PVG,6.8,6.8,6.5,6.8,37000,KBS,2026-10-09T04:17:03Z
2025-09-11,PVG,6.7,6.8,6.6,6.8,17200,KBS,2026-10-09T04:17:03Z
2025-09-12,PVG,6.7,6.8,6.7,6.7,31800,KBS,2026-10-09T04:17:03Z
2025-09-15,PVG,6.8,6.8,6.7,6.8,20800,KBS,2026-10-09T04:17:03Z
2025-09-16,PVG,6.8,6.8,6.7,6.8,45400,KBS,2026-10-09T04:17:03Z
2025-09-17,PVG,6.8,6.8,6.7,6.7,67100,KBS,2026-10-09T04:17:03Z
2025-09-18,PVG,6.7,6.7,6.6,6.7,17800,KBS,2026-10-09T04:17:03Z
2025-09-19,PVG,6.7,6.7,6.6,6.7,30900,KBS,2026-10-09T04:17:03Z
2025-09-22,PVG,6.6,6.7,6.5,6.7,57300,KBS,2026-10-09T04:17:03Z
2025-09-23,PVG,6.6,6.7,6.6,6.7,20000,KBS,2026-10-09T04:17:03Z
2025-09-24,PVG,6.6,6.7,6.5,6.7,88600,KBS,2026-10-09T04:17:03Z
2025-09-25,PVG,6.7,6.7,6.5,6.6,67000,KBS,2026-10-09T04:17:03Z
2025-09-26,PVG,6.6,6.7,6.5,6.7,23000,KBS,2026-10-09T04:17:03Z
2025-09-29,PVG,6.7,6.7,6.6,6.6,13100,KBS,2026-10-09T04:17:03Z
2025-09-30,PVG,6.6,6.6,6.5,6.5,49900,KBS,2026-10-09T04:17:03Z
2025-10-01,PVG,6.6,6.6,6.5,6.6,19900,KBS,2026-10-09T04:17:03Z
2025-10-02,PVG,6.6,6.6,6.5,6.5,20000,KBS,2026-10-09T04:17:03Z
2025-10-03,PVG,6.4,6.5,6.4,6.4,50800,KBS,2026-10-09T04:17:03Z
2025-10-06,PVG,6.4,6.6,6.4,6.6,21400,KBS,2026-10-09T04:17:03Z
2025-10-07,PVG,6.4,6.5,6.4,6.4,18300,KBS,2026-10-09T04:17:03Z
2025-10-08,PVG,6.6,6.6,6.4,6.4,15100,KBS,2026-10-09T04:17:03Z
2025-10-09,PVG,6.5,6.5,6.4,6.5,80100,KBS,2026-10-09T04:17:03Z
2025-10-10,PVG,6.5,6.7,6.5,6.5,59800,KBS,2026-10-09T04:17:03Z
2025-10-13,PVG,6.6,6.6,6.5,6.6,11500,KBS,2026-10-09T04:17:03Z
2025-10-14,PVG,6.5,6.7,6.4,6.5,22000,KBS,2026-10-09T04:17:03Z
2025-10-15,PVG,6.4,6.4,6.4,6.4,41700,KBS,2026-10-09T04:17:03Z
2025-10-16,PVG,6.4,6.5,6.3,6.3,7300,KBS,2026-10-09T04:17:03Z
2025-10-17,PVG,6.3,6.4,6.2,6.4,43400,KBS,2026-10-09T04:17:03Z
2025-10-20,PVG,6.4,6.4,6.0,6.3,44800,KBS,2026-10-09T04:17:03Z
2025-10-21,PVG,6.3,6.3,6.1,6.2,37600,KBS,2026-10-09T04:17:03Z
2025-10-22,PVG,6.2,6.3,6.1,6.1,41700,KBS,2026-10-09T04:17:03Z
2025-10-23,PVG,6.0,6.4,5.5,6.3,16900,KBS,2026-10-09T04:17:03Z
2025-10-24,PVG,6.2,6.2,6.1,6.2,45500,KBS,2026-10-09T04:17:03Z
2025-10-27,PVG,6.2,6.5,6.2,6.2,25500,KBS,2026-10-09T04:17:03Z
2025-10-28,PVG,6.2,6.2,6.1,6.1,30600,KBS,2026-10-09T04:17:03Z
2025-10-29,PVG,6.2,6.2,6.0,6.2,76400,KBS,2026-10-09T04:17:03Z
2025-10-30,PVG,6.1,6.2,6.1,6.2,19500,KBS,2026-10-09T04:17:03Z
2025-10-31,PVG,6.2,6.3,6.1,6.2,101600,KBS,2026-10-09T04:17:03Z
2025-11-03,PVG,6.3,6.3,6.1,6.1,59300,KBS,2026-10-09T04:17:03Z
2025-11-04,PVG,6.2,6.2,6.0,6.1,33400,KBS,2026-10-09T04:17:03Z
2025-11-05,PVG,6.2,6.4,6.1,6.4,247000,KBS,2026-10-09T04:17:03Z
2025-11-06,PVG,6.4,6.4,6.2,6.3,6600,KBS,2026-10-09T04:17:03Z
2025-11-07,PVG,6.3,6.3,6.0,6.0,78400,KBS,2026-10-09T04:17:03Z
2025-11-10,PVG,6.1,6.2,6.0,6.1,59900,KBS,2026-10-09T04:17:03Z
2025-11-11,PVG,6.1,6.2,6.0,6.1,30700,KBS,2026-10-09T04:17:03Z
2025-11-12,PVG,6.2,6.2,6.1,6.1,11700,KBS,2026-10-09T04:17:03Z
2025-11-13,PVG,6.1,6.3,6.1,6.2,63500,KBS,2026-10-09T04:17:03Z
2025-11-14,PVG,6.2,6.3,6.1,6.2,11100,KBS,2026-10-09T04:17:03Z
2025-11-17,PVG,6.2,6.2,6.2,6.2,1300,KBS,2026-10-09T04:17:03Z
2025-11-18,PVG,6.2,6.2,6.1,6.1,5600,KBS,2026-10-09T04:17:03Z
2025-11-19,PVG,6.2,6.2,6.1,6.1,12100,KBS,2026-10-09T04:17:03Z
2025-11-20,PVG,6.1,6.2,6.1,6.1,18900,KBS,2026-10-09T04:17:03Z
2025-11-21,PVG,6.1,6.1,5.9,6.1,73900,KBS,2026-10-09T04:17:03Z
2025-11-24,PVG,6.1,6.1,6.0,6.1,67300,KBS,2026-10-09T04:17:03Z
2025-11-25,PVG,6.0,6.1,5.9,5.9,48900,KBS,2026-10-09T04:17:03Z
2025-11-26,PVG,6.0,6.0,5.9,5.9,104100,KBS,2026-10-09T04:17:03Z
2025-11-27,PVG,6.0,6.1,5.9,6.0,36000,KBS,2026-10-09T04:17:03Z
2025-11-28,PVG,6.0,6.1,6.0,6.0,93400,KBS,2026-10-09T04:17:03Z
2025-12-01,PVG,5.9,6.1,5.9,6.1,41400,KBS,2026-10-09T04:17:03Z
2025-12-02,PVG,6.1,6.1,5.9,6.1,113600,KBS,2026-10-09T04:17:03Z
2025-12-03,PVG,6.1,6.2,6.0,6.1,113900,KBS,2026-10-09T04:17:03Z
2025-12-04,PVG,6.1,6.2,6.1,6.1,26300,KBS,2026-10-09T04:17:03Z
2025-12-05,PVG,6.1,6.1,6.1,6.1,22000,KBS,2026-10-09T04:17:03Z
2025-12-08,PVG,6.1,6.2,6.1,6.1,37600,KBS,2026-10-09T04:17:03Z
2025-12-09,PVG,6.2,6.2,6.0,6.1,15300,KBS,2026-10-09T04:17:03Z
2025-12-10,PVG,6.1,6.1,6.0,6.0,4400,KBS,2026-10-09T04:17:03Z
2025-12-11,PVG,6.1,6.1,6.0,6.1,45400,KBS,2026-10-09T04:17:03Z
2025-12-12,PVG,6.0,6.1,5.9,6.1,32400,KBS,2026-10-09T04:17:03Z
2025-12-15,PVG,6.0,6.1,6.0,6.0,25000,KBS,2026-10-09T04:17:03Z
2025-12-16,PVG,6.0,6.1,5.9,6.1,9400,KBS,2026-10-09T04:17:03Z
2025-12-17,PVG,6.0,6.1,5.9,6.0,43500,KBS,2026-10-09T04:17:03Z
2025-12-18,PVG,6.0,6.0,5.9,6.0,3300,KBS,2026-10-09T04:17:03Z
2025-12-19,PVG,6.0,6.1,5.9,6.0,9700,KBS,2026-10-09T04:17:03Z
2025-12-22,PVG,6.0,6.1,6.0,6.1,9400,KBS,2026-10-09T04:17:03Z
2025-12-23,PVG,6.1,6.1,5.9,6.1,18400,KBS,2026-10-09T04:17:03Z
2025-12-24,PVG,6.0,6.0,5.9,6.0,20700,KBS,2026-10-09T04:17:03Z
2025-12-25,PVG,6.1,6.1,5.9,6.1,70600,KBS,2026-10-09T04:17:03Z
2025-12-26,PVG,6.1,6.1,5.9,6.0,23700,KBS,2026-10-09T04:17:03Z
2025-12-29,PVG,6.0,6.3,6.0,6.2,110800,KBS,2026-10-09T04:17:03Z
2025-12-30,PVG,6.2,6.3,6.0,6.2,55100,KBS,2026-10-09T04:17:03Z
2025-12-31,PVG,6.1,6.2,6.0,6.2,45000,KBS,2026-10-09T04:17:03Z
2026-01-05,PVG,6.1,6.5,6.1,6.3,240300,KBS,2026-10-09T04:17:03Z
2026-01-06,PVG,6.4,6.6,6.0,6.4,166300,KBS,2026-10-09T04:17:03Z
2026-01-07,PVG,6.5,7.0,6.5,7.0,634700,KBS,2026-10-09T04:17:03Z
2026-01-08,PVG,7.5,7.6,7.1,7.2,438300,KBS,2026-10-09T04:17:03Z
2026-01-09,PVG,7.0,7.5,6.9,7.3,588500,KBS,2026-10-09T04:17:03Z
2026-01-12,PVG,7.3,7.5,6.9,7.2,342400,KBS,2026-10-09T04:17:03Z
2026-01-13,PVG,7.4,7.6,7.0,7.4,364500,KBS,2026-10-09T04:17:03Z
2026-01-14,PVG,7.5,7.8,7.4,7.4,466400,KBS,2026-10-09T04:17:03Z
2026-01-15,PVG,7.5,7.5,7.0,7.3,199400,KBS,2026-10-09T04:17:03Z
2026-01-16,PVG,7.3,7.7,7.2,7.3,381400,KBS,2026-10-09T04:17:03Z
2026-01-19,PVG,7.3,7.6,7.1,7.3,72000,KBS,2026-10-09T04:17:03Z
2026-01-20,PVG,7.4,7.4,6.9,6.9,245400,KBS,2026-10-09T04:17:03Z
2026-01-21,PVG,6.9,7.0,6.7,7.0,209700,KBS,2026-10-09T04:17:03Z
2026-01-22,PVG,7.1,7.4,7.0,7.1,102400,KBS,2026-10-09T04:17:03Z
2026-01-23,PVG,7.2,7.2,6.7,6.7,57100,KBS,2026-10-09T04:17:03Z
2026-01-26,PVG,6.8,7.1,6.8,7.0,250500,KBS,2026-10-09T04:17:03Z
2026-01-27,PVG,7.2,7.2,7.0,7.1,107500,KBS,2026-10-09T04:17:03Z
2026-01-28,PVG,7.2,7.3,7.0,7.2,118900,KBS,2026-10-09T04:17:03Z
2026-01-29,PVG,7.2,7.2,6.9,7.2,115900,KBS,2026-10-09T04:17:03Z
2026-01-30,PVG,7.2,7.4,7.1,7.3,222500,KBS,2026-10-09T04:17:03Z
2026-02-02,PVG,7.2,7.4,6.9,7.4,308400,KBS,2026-10-09T04:17:03Z
2026-02-03,PVG,7.5,7.6,7.3,7.4,246900,KBS,2026-10-09T04:17:03Z
2026-02-04,PVG,7.4,7.4,7.1,7.2,160100,KBS,2026-10-09T04:17:03Z
2026-02-05,PVG,7.3,7.3,6.9,6.9,159400,KBS,2026-10-09T04:17:03Z
2026-02-06,PVG,6.9,7.0,6.7,6.7,237600,KBS,2026-10-09T04:17:03Z
2026-02-09,PVG,6.8,6.9,6.7,6.8,40000,KBS,2026-10-09T04:17:03Z
2026-02-10,PVG,6.8,6.9,6.4,6.5,87300,KBS,2026-10-09T04:17:03Z
2026-02-11,PVG,6.6,6.7,6.6,6.6,24400,KBS,2026-10-09T04:17:03Z
2026-02-12,PVG,6.7,6.7,6.6,6.6,19300,KBS,2026-10-09T04:17:03Z
2026-02-13,PVG,6.7,6.7,6.6,6.7,43500,KBS,2026-10-09T04:17:03Z
2026-02-23,PVG,6.8,7.1,6.8,7.0,100700,KBS,2026-10-09T04:17:03Z
2026-02-24,PVG,7.1,7.1,6.7,7.0,62600,KBS,2026-10-09T04:17:03Z
2026-02-25,PVG,7.0,7.1,6.8,6.9,148700,KBS,2026-10-09T04:17:03Z
2026-02-26,PVG,6.9,7.0,6.8,6.9,44900,KBS,2026-10-09T04:17:03Z
2026-02-27,PVG,7.0,7.4,7.0,7.2,283400,KBS,2026-10-09T04:17:03Z
2026-03-02,PVG,7.4,7.9,7.3,7.9,669800,KBS,2026-10-09T04:17:03Z
2026-03-03,PVG,8.5,8.6,8.2,8.6,1154900,KBS,2026-10-09T04:17:03Z
2026-03-04,PVG,9.3,9.4,8.6,9.3,1233900,KBS,2026-10-09T04:17:03Z
2026-03-05,PVG,9.4,9.6,8.5,8.6,471000,KBS,2026-10-09T04:17:03Z
2026-03-06,PVG,8.7,8.7,7.8,8.0,578500,KBS,2026-10-09T04:17:03Z
2026-03-09,PVG,8.0,8.8,7.2,7.2,757200,KBS,2026-10-09T04:17:03Z
2026-03-10,PVG,7.2,7.7,6.7,7.0,245700,KBS,2026-10-09T04:17:03Z
2026-03-11,PVG,7.0,7.6,7.0,7.4,190800,KBS,2026-10-09T04:17:03Z
2026-03-12,PVG,7.6,7.6,7.1,7.3,355600,KBS,2026-10-09T04:17:03Z
2026-03-13,PVG,7.5,7.6,6.9,7.0,550900,KBS,2026-10-09T04:17:03Z
2026-03-16,PVG,7.2,7.3,6.7,6.8,238900,KBS,2026-10-09T04:17:03Z
2026-03-17,PVG,6.8,7.0,6.7,6.7,111700,KBS,2026-10-09T04:17:03Z
2026-03-18,PVG,6.7,7.0,6.7,6.9,239800,KBS,2026-10-09T04:17:03Z
2026-03-19,PVG,6.9,7.1,6.8,6.9,121400,KBS,2026-10-09T04:17:03Z
2026-03-20,PVG,7.0,7.0,6.6,6.7,118800,KBS,2026-10-09T04:17:03Z
2026-03-23,PVG,6.7,6.7,6.5,6.5,183900,KBS,2026-10-09T04:17:03Z
2026-03-24,PVG,6.6,6.7,6.5,6.6,73800,KBS,2026-10-09T04:17:03Z
2026-03-25,PVG,6.6,6.8,6.6,6.7,109800,KBS,2026-10-09T04:17:03Z
2026-03-26,PVG,6.7,6.7,6.6,6.6,69400,KBS,2026-10-09T04:17:03Z
2026-03-27,PVG,6.7,6.7,6.5,6.6,198100,KBS,2026-10-09T04:17:03Z
2026-03-30,PVG,6.6,6.8,6.6,6.7,91900,KBS,2026-10-09T04:17:03Z
2026-03-31,PVG,6.7,6.8,6.7,6.7,90100,KBS,2026-10-09T04:17:03Z
2026-04-01,PVG,6.8,6.9,6.7,6.7,141800,KBS,2026-10-09T04:17:03Z
2026-04-02,PVG,6.7,6.8,6.6,6.7,58900,KBS,2026-10-09T04:17:03Z
2026-04-03,PVG,6.7,6.7,6.6,6.7,20500,KBS,2026-10-09T04:17:03Z
2026-04-06,PVG,6.6,6.7,6.5,6.6,72400,KBS,2026-10-09T04:17:03Z
2026-04-07,PVG,6.6,6.7,6.5,6.6,25700,KBS,2026-10-09T04:17:03Z
2026-04-08,PVG,6.6,6.7,6.6,6.7,118500,KBS,2026-10-09T04:17:03Z
2026-04-09,PVG,6.7,6.8,6.6,6.6,82400,KBS,2026-10-09T04:17:03Z
2026-04-10,PVG,6.6,6.8,6.4,6.7,156400,KBS,2026-10-09T04:17:03Z
2026-04-13,PVG,6.7,6.7,6.6,6.7,32000,KBS,2026-10-09T04:17:03Z
2026-04-14,PVG,6.7,6.8,6.5,6.7,42700,KBS,2026-10-09T04:17:03Z
2026-04-15,PVG,6.7,6.7,6.5,6.6,128800,KBS,2026-10-09T04:17:03Z
2026-04-16,PVG,6.6,6.6,6.5,6.5,63300,KBS,2026-10-09T04:17:03Z
2026-04-17,PVG,6.5,6.7,6.4,6.5,171100,KBS,2026-10-09T04:17:03Z
2026-04-20,PVG,6.5,6.6,6.5,6.6,55700,KBS,2026-10-09T04:17:03Z
2026-04-21,PVG,6.5,6.7,6.5,6.5,114500,KBS,2026-10-09T04:17:03Z
2026-04-22,PVG,6.5,6.6,6.5,6.5,35900,KBS,2026-10-09T04:17:03Z
2026-04-23,PVG,6.5,6.5,6.4,6.4,105400,KBS,2026-10-09T04:17:03Z
2026-04-24,PVG,6.5,6.5,6.4,6.5,53100,KBS,2026-10-09T04:17:03Z
2026-04-28,PVG,6.5,6.5,6.3,6.4,120700,KBS,2026-10-09T04:17:03Z
2026-04-29,PVG,6.4,6.4,6.2,6.4,51300,KBS,2026-10-09T04:17:03Z
2026-05-04,PVG,6.4,6.6,6.3,6.3,54700,KBS,2026-10-09T04:17:03Z
2026-05-05,PVG,6.3,6.4,6.2,6.4,165400,KBS,2026-10-09T04:17:03Z
2026-05-06,PVG,6.3,6.3,6.2,6.2,44800,KBS,2026-10-09T04:17:03Z
2026-05-07,PVG,6.2,6.3,6.1,6.2,59800,KBS,2026-10-09T04:17:03Z
2026-05-08,PVG,6.2,6.3,6.1,6.2,61200,KBS,2026-10-09T04:17:03Z
2026-05-11,PVG,6.3,6.3,6.1,6.2,41500,KBS,2026-10-09T04:17:03Z
2026-05-12,PVG,6.2,6.3,6.2,6.3,38300,KBS,2026-10-09T04:17:03Z
2026-05-13,PVG,6.2,6.5,6.2,6.4,129100,KBS,2026-10-09T04:17:03Z
2026-05-14,PVG,6.4,6.4,6.3,6.3,56500,KBS,2026-10-09T04:17:03Z
2026-05-15,PVG,6.4,6.4,6.2,6.3,69900,KBS,2026-10-09T04:17:03Z
2026-05-18,PVG,6.3,6.6,6.3,6.5,139500,KBS,2026-10-09T04:17:03Z
2026-05-19,PVG,6.5,6.6,6.2,6.2,138400,KBS,2026-10-09T04:17:03Z
2026-05-20,PVG,6.3,6.4,6.0,6.3,144900,KBS,2026-10-09T04:17:03Z
2026-05-21,PVG,6.3,6.3,6.0,6.1,64400,KBS,2026-10-09T04:17:03Z
2026-05-22,PVG,6.1,6.1,6.0,6.0,104800,KBS,2026-10-09T04:17:03Z
2026-05-25,PVG,6.1,6.1,6.0,6.0,23900,KBS,2026-10-09T04:17:03Z
2026-05-26,PVG,6.1,6.1,6.0,6.1,75700,KBS,2026-10-09T04:17:03Z
2026-05-27,PVG,6.1,6.2,6.0,6.2,38700,KBS,2026-10-09T04:17:03Z
2026-05-28,PVG,6.2,6.2,6.0,6.0,44800,KBS,2026-10-09T04:17:03Z
2026-05-29,PVG,6.1,6.2,6.0,6.2,65200,KBS,2026-10-09T04:17:03Z
2026-06-01,PVG,6.1,6.2,6.0,6.1,60900,KBS,2026-10-09T04:17:03Z
2026-06-02,PVG,6.2,6.2,6.0,6.1,57100,KBS,2026-10-09T04:17:03Z
2026-06-03,PVG,6.1,6.1,6.0,6.1,49800,KBS,2026-10-09T04:17:03Z
2026-06-04,PVG,6.1,6.1,6.0,6.1,54400,KBS,2026-10-09T04:17:03Z
2026-06-05,PVG,6.1,6.1,6.0,6.1,45600,KBS,2026-10-09T04:17:03Z
2026-06-08,PVG,6.1,6.1,6.0,6.1,68500,KBS,2026-10-09T04:17:03Z
2026-06-09,PVG,6.0,6.1,5.9,5.9,68100,KBS,2026-10-09T04:17:03Z
2026-06-10,PVG,6.0,6.0,5.9,6.0,101000,KBS,2026-10-09T04:17:03Z
2026-06-11,PVG,6.1,6.1,6.0,6.0,19300,KBS,2026-10-09T04:17:03Z
2026-06-12,PVG,6.0,6.0,5.9,6.0,16500,KBS,2026-10-09T04:17:03Z
2026-06-15,PVG,6.0,6.0,5.9,6.0,58200,KBS,2026-10-09T04:17:03Z
2026-06-16,PVG,6.0,6.0,5.9,6.0,32400,KBS,2026-10-09T04:17:03Z
2026-06-17,PVG,5.9,6.0,5.9,6.0,76900,KBS,2026-10-09T04:17:03Z
2026-06-18,PVG,6.0,6.1,6.0,6.0,64200,KBS,2026-10-09T04:17:03Z
2026-06-19,PVG,6.0,6.0,5.9,6.0,72600,KBS,2026-10-09T04:17:03Z
2026-06-22,PVG,5.9,6.0,5.9,5.9,94500,KBS,2026-10-09T04:17:03Z
2026-06-23,PVG,6.0,6.0,5.9,5.9,26000,KBS,2026-10-09T04:17:03Z
2026-06-24,PVG,6.0,6.0,5.9,5.9,21300,KBS,2026-10-09T04:17:03Z
2026-06-25,PVG,5.9,6.0,5.9,5.9,48300,KBS,2026-10-09T04:17:03Z
2026-06-26,PVG,5.9,5.9,5.8,5.8,57600,KBS,2026-10-09T04:17:03Z
2026-06-29,PVG,5.9,5.9,5.8,5.9,5500,KBS,2026-10-09T04:17:03Z
2026-06-30,PVG,5.9,5.9,5.8,5.9,13100,KBS,2026-10-09T04:17:03Z
2026-07-01,PVG,5.9,5.9,5.8,5.9,7600,KBS,2026-10-09T04:17:03Z
2026-07-02,PVG,5.8,5.9,5.8,5.9,16100,KBS,2026-10-09T04:17:03Z
2026-07-03,PVG,5.9,5.9,5.8,5.8,12100,KBS,2026-10-09T04:17:03Z
2026-07-06,PVG,5.8,5.8,5.8,5.8,49600,KBS,2026-10-09T04:17:03Z
2026-07-07,PVG,5.8,5.9,5.8,5.9,88200,KBS,2026-10-09T04:17:03Z
2026-07-08,PVG,5.9,5.9,5.8,5.8,54000,KBS,2026-10-09T04:17:03Z
2026-07-09,PVG,5.9,6.0,5.9,5.9,50400,KBS,2026-10-09T04:17:03Z
2026-07-10,PVG,5.9,5.9,5.9,5.9,3600,KBS,2026-10-09T04:17:03Z
2026-07-13,PVG,5.8,5.9,5.8,5.9,13900,KBS,2026-10-09T04:17:03Z
2026-07-14,PVG,5.9,6.0,5.8,5.9,77800,KBS,2026-10-09T04:17:03Z
2026-07-15,PVG,5.9,5.9,5.6,5.8,58700,KBS,2026-10-09T04:17:03Z
2026-07-16,PVG,5.9,5.9,5.6,5.6,76400,KBS,2026-10-09T04:17:03Z
2026-07-17,PVG,5.7,5.8,5.6,5.8,48300,KBS,2026-10-09T04:17:03Z
2026-07-20,PVG,5.8,5.9,5.6,5.6,114300,KBS,2026-10-09T04:17:03Z
2026-07-21,PVG,5.6,5.7,5.5,5.5,50700,KBS,2026-10-09T04:17:03Z
2026-07-22,PVG,5.6,5.7,5.5,5.6,55100,KBS,2026-10-09T04:17:03Z
2026-07-23,PVG,5.6,5.7,5.5,5.7,65100,KBS,2026-10-09T04:17:03Z
2026-07-24,PVG,5.7,5.7,5.6,5.6,65400,KBS,2026-10-09T04:17:03Z
2026-07-27,PVG,5.6,5.6,5.4,5.5,41100,KBS,2026-10-09T04:17:03Z
2026-07-28,PVG,5.5,5.7,5.5,5.6,19600,KBS,2026-10-09T04:17:03Z
2026-07-29,PVG,5.6,5.7,5.6,5.6,17500,KBS,2026-10-09T04:17:03Z
2026-07-30,PVG,5.7,5.7,5.6,5.7,17900,KBS,2026-10-09T04:17:03Z
2026-07-31,PVG,5.7,5.7,5.6,5.6,22300,KBS,2026-10-09T04:17:03Z
2026-08-03,PVG,5.6,5.6,5.5,5.6,27200,KBS,2026-10-09T04:17:03Z
2026-08-04,PVG,5.6,5.6,5.6,5.6,9400,KBS,2026-10-09T04:17:03Z
2026-08-05,PVG,5.6,5.6,5.5,5.6,84700,KBS,2026-10-09T04:17:03Z
2026-08-06,PVG,5.6,5.6,5.5,5.6,23600,KBS,2026-10-09T04:17:03Z
2026-08-07,PVG,5.6,5.7,5.6,5.6,61900,KBS,2026-10-09T04:17:03Z
2026-08-10,PVG,5.7,5.8,5.6,5.7,37300,KBS,2026-10-09T04:17:03Z
2026-08-11,PVG,5.8,5.8,5.6,5.6,23200,KBS,2026-10-09T04:17:03Z
2026-08-12,PVG,5.6,5.8,5.6,5.7,20900,KBS,2026-10-09T04:17:03Z
2026-08-13,PVG,5.7,5.8,5.6,5.7,18900,KBS,2026-10-09T04:17:03Z
2026-08-14,PVG,5.6,5.7,5.6,5.6,14900,KBS,2026-10-09T04:17:03Z
2026-08-17,PVG,5.6,5.7,5.6,5.6,20900,KBS,2026-10-09T04:17:03Z
2026-08-18,PVG,5.6,5.7,5.6,5.6,17700,KBS,2026-10-09T04:17:03Z
2026-08-19,PVG,5.6,5.7,5.6,5.6,7400,KBS,2026-10-09T04:17:03Z
2026-08-20,PVG,5.6,5.6,5.5,5.6,44500,KBS,2026-10-09T04:17:03Z
2026-08-21,PVG,5.6,5.6,5.5,5.6,53400,KBS,2026-10-09T04:17:03Z
2026-08-24,PVG,5.7,5.8,5.6,5.7,70200,KBS,2026-10-09T04:17:03Z
2026-08-25,PVG,5.7,5.7,5.6,5.6,18500,KBS,2026-10-09T04:17:03Z
2026-08-26,PVG,5.6,5.8,5.6,5.7,28300,KBS,2026-10-09T04:17:03Z
2026-08-27,PVG,5.7,5.8,5.7,5.8,81000,KBS,2026-10-09T04:17:03Z
2026-08-28,PVG,5.8,5.8,5.7,5.7,14600,KBS,2026-10-09T04:17:03Z
2026-09-03,PVG,5.7,5.7,5.6,5.7,36200,KBS,2026-10-09T04:17:03Z
2026-09-04,PVG,5.7,5.8,5.6,5.7,32300,KBS,2026-10-09T04:17:03Z
2026-09-07,PVG,5.6,5.7,5.6,5.7,22700,KBS,2026-10-09T04:17:03Z
2026-09-08,PVG,5.7,5.7,5.6,5.7,16500,KBS,2026-10-09T04:17:03Z
2026-09-09,PVG,5.7,5.8,5.7,5.7,20600,KBS,2026-10-09T04:17:03Z
2026-09-10,PVG,5.7,5.8,5.7,5.7,46600,KBS,2026-10-09T04:17:03Z
2026-09-11,PVG,5.8,6.2,5.8,6.2,438300,KBS,2026-10-09T04:17:03Z
2026-09-14,PVG,6.3,6.6,6.0,6.6,209700,KBS,2026-10-09T04:17:03Z
2026-09-15,PVG,6.7,6.7,6.1,6.3,212800,KBS,2026-10-09T04:17:03Z
2026-09-16,PVG,6.2,6.5,6.1,6.2,197100,KBS,2026-10-09T04:17:03Z
2026-09-17,PVG,6.2,6.3,6.0,6.1,125200,KBS,2026-10-09T04:17:03Z
2026-09-18,PVG,6.0,6.1,6.0,6.0,87300,KBS,2026-10-09T04:17:03Z
2026-09-21,PVG,6.1,6.2,6.0,6.0,94300,KBS,2026-10-09T04:17:03Z
2026-09-22,PVG,6.0,6.1,6.0,6.1,48100,KBS,2026-10-09T04:17:03Z
2026-09-23,PVG,6.1,6.1,6.0,6.1,42300,KBS,2026-10-09T04:17:03Z
2026-09-24,PVG,6.1,6.1,6.0,6.0,72500,KBS,2026-10-09T04:17:03Z
2026-09-25,PVG,5.9,6.1,5.9,6.0,4600,KBS,2026-10-09T04:17:03Z
2026-09-28,PVG,6.0,6.0,5.8,5.9,23600,KBS,2026-10-09T04:17:03Z
2026-09-29,PVG,5.9,6.2,5.9,6.0,35100,KBS,2026-10-09T04:17:03Z
2026-09-30,PVG,6.2,6.2,5.9,6.0,19100,KBS,2026-10-09T04:17:03Z
2026-10-01,PVG,6.0,6.0,5.9,6.0,26900,KBS,2026-10-09T04:17:03Z
2026-10-02,PVG,6.0,6.1,5.8,6.0,80900,KBS,2026-10-09T04:17:03Z
2026-10-05,PVG,5.9,6.0,5.9,6.0,113300,KBS,2026-10-09T04:17:03Z
2026-10-06,PVG,6.0,6.0,5.8,6.0,38100,KBS,2026-10-09T04:17:03Z
2026-10-07,PVG,6.0,6.0,5.8,5.9,48400,KBS,2026-10-09T04:17:03Z
2026-10-08,PVG,5.9,6.1,5.9,6.1,36400,KBS,2026-10-09T04:17:03Z
2026-10-09,PVG,6.1,6.1,5.9,5.9,30700,KBS,2026-10-09T04:17:03Z
