date,symbol,open,high,low,close,volume,source,fetched_at
2018-10-10,SD5,3.23,3.23,2.72,2.72,13300,KBS,2026-10-09T04:17:43Z
2018-10-11,SD5,2.92,2.92,2.53,2.65,31500,KBS,2026-10-09T04:17:43Z
2018-10-12,SD5,2.61,2.88,2.61,2.88,3400,KBS,2026-10-09T04:17:43Z
2018-10-15,SD5,2.72,2.88,2.72,2.88,6400,KBS,2026-10-09T04:17:43Z
2018-10-16,SD5,2.88,2.88,2.84,2.88,23500,KBS,2026-10-09T04:17:43Z
2018-10-17,SD5,2.69,2.84,2.61,2.72,41500,KBS,2026-10-09T04:17:43Z
2018-10-18,SD5,2.88,2.88,2.88,2.88,100,KBS,2026-10-09T04:17:43Z
2018-10-22,SD5,2.84,3.04,2.65,2.65,1400,KBS,2026-10-09T04:17:43Z
2018-10-23,SD5,2.8,2.88,2.8,2.88,300,KBS,2026-10-09T04:17:43Z
2018-10-24,SD5,2.88,3.04,2.88,3.04,1100,KBS,2026-10-09T04:17:43Z
2018-10-29,SD5,2.84,2.84,2.84,2.84,920,KBS,2026-10-09T04:17:43Z
2018-10-31,SD5,2.76,3.11,2.69,3.04,7400,KBS,2026-10-09T04:17:43Z
2018-11-01,SD5,2.92,2.92,2.8,2.92,3300,KBS,2026-10-09T04:17:43Z
2018-11-05,SD5,3.04,3.04,3.04,3.04,100,KBS,2026-10-09T04:17:43Z
2018-11-06,SD5,2.84,2.84,2.76,2.76,4800,KBS,2026-10-09T04:17:43Z
2018-11-07,SD5,3.04,3.04,3.04,3.04,100,KBS,2026-10-09T04:17:43Z
2018-11-12,SD5,2.8,2.8,2.8,2.8,1400,KBS,2026-10-09T04:17:43Z
2018-11-13,SD5,3.0,3.0,2.61,2.96,400,KBS,2026-10-09T04:17:43Z
2018-11-14,SD5,3.04,3.04,2.8,2.8,8100,KBS,2026-10-09T04:17:43Z
2018-11-15,SD5,3.04,3.04,3.04,3.04,100,KBS,2026-10-09T04:17:43Z
2018-11-16,SD5,3.0,3.0,2.84,3.0,800,KBS,2026-10-09T04:17:43Z
2018-11-21,SD5,2.84,2.84,2.8,2.8,2000,KBS,2026-10-09T04:17:43Z
2018-11-22,SD5,2.76,2.96,2.76,2.96,200,KBS,2026-10-09T04:17:43Z
2018-11-26,SD5,2.76,2.76,2.72,2.72,3700,KBS,2026-10-09T04:17:43Z
2018-11-27,SD5,2.96,2.96,2.69,2.69,300,KBS,2026-10-09T04:17:43Z
2018-11-28,SD5,2.92,2.92,2.69,2.76,1900,KBS,2026-10-09T04:17:43Z
2018-11-29,SD5,2.96,2.96,2.61,2.84,6800,KBS,2026-10-09T04:17:43Z
2018-11-30,SD5,2.8,3.0,2.8,3.0,8600,KBS,2026-10-09T04:17:43Z
2018-12-03,SD5,2.84,2.84,2.84,2.84,1500,KBS,2026-10-09T04:17:43Z
2018-12-04,SD5,2.84,2.84,2.72,2.84,10300,KBS,2026-10-09T04:17:43Z
2018-12-05,SD5,2.88,2.96,2.88,2.96,200,KBS,2026-10-09T04:17:43Z
2018-12-06,SD5,2.72,2.72,2.72,2.72,15400,KBS,2026-10-09T04:17:43Z
2018-12-07,SD5,2.69,2.72,2.69,2.72,868,KBS,2026-10-09T04:17:43Z
2018-12-10,SD5,2.88,2.88,2.72,2.8,2200,KBS,2026-10-09T04:17:43Z
2018-12-14,SD5,2.8,2.8,2.8,2.8,400,KBS,2026-10-09T04:17:43Z
2018-12-17,SD5,2.72,2.72,2.69,2.69,1500,KBS,2026-10-09T04:17:43Z
2018-12-18,SD5,2.76,2.76,2.76,2.76,100,KBS,2026-10-09T04:17:43Z
2018-12-19,SD5,2.8,2.88,2.61,2.76,700,KBS,2026-10-09T04:17:43Z
2018-12-20,SD5,2.88,2.88,2.57,2.76,3800,KBS,2026-10-09T04:17:43Z
2018-12-21,SD5,2.76,2.88,2.76,2.88,200,KBS,2026-10-09T04:17:43Z
2018-12-25,SD5,2.76,2.76,2.72,2.72,4268,KBS,2026-10-09T04:17:43Z
2018-12-26,SD5,2.88,2.88,2.88,2.88,100,KBS,2026-10-09T04:17:43Z
2018-12-27,SD5,2.72,2.76,2.65,2.65,1400,KBS,2026-10-09T04:17:43Z
2018-12-28,SD5,2.61,2.84,2.57,2.76,5800,KBS,2026-10-09T04:17:43Z
2019-01-02,SD5,2.88,2.88,2.65,2.65,1900,KBS,2026-10-09T04:17:43Z
2019-01-03,SD5,2.8,2.8,2.65,2.69,1200,KBS,2026-10-09T04:17:43Z
2019-01-04,SD5,2.88,2.88,2.88,2.88,100,KBS,2026-10-09T04:17:43Z
2019-01-07,SD5,3.04,3.04,2.72,2.84,3800,KBS,2026-10-09T04:17:43Z
2019-01-08,SD5,2.96,2.96,2.76,2.8,2000,KBS,2026-10-09T04:17:43Z
2019-01-09,SD5,2.88,2.88,2.72,2.72,6400,KBS,2026-10-09T04:17:43Z
2019-01-10,SD5,2.72,2.72,2.68,2.72,15035,KBS,2026-10-09T04:17:43Z
2019-01-11,SD5,3.0,3.0,2.82,2.82,1101,KBS,2026-10-09T04:17:43Z
2019-01-15,SD5,2.68,2.68,2.63,2.68,3800,KBS,2026-10-09T04:17:43Z
2019-01-16,SD5,2.77,2.77,2.68,2.68,19000,KBS,2026-10-09T04:17:43Z
2019-01-18,SD5,2.68,2.68,2.63,2.63,13600,KBS,2026-10-09T04:17:43Z
2019-01-21,SD5,2.77,2.77,2.63,2.63,18000,KBS,2026-10-09T04:17:43Z
2019-01-22,SD5,2.63,2.63,2.63,2.63,2500,KBS,2026-10-09T04:17:43Z
2019-01-23,SD5,2.77,2.77,2.77,2.77,100,KBS,2026-10-09T04:17:43Z
2019-01-24,SD5,2.72,2.72,2.72,2.72,300,KBS,2026-10-09T04:17:43Z
2019-01-25,SD5,2.72,2.72,2.72,2.72,100,KBS,2026-10-09T04:17:43Z
2019-01-28,SD5,2.68,2.68,2.68,2.68,5300,KBS,2026-10-09T04:17:43Z
2019-01-29,SD5,2.68,2.68,2.68,2.68,10000,KBS,2026-10-09T04:17:43Z
2019-01-30,SD5,2.63,2.63,2.63,2.63,2000,KBS,2026-10-09T04:17:43Z
2019-01-31,SD5,2.59,2.63,2.54,2.63,3600,KBS,2026-10-09T04:17:43Z
2019-02-01,SD5,2.86,2.86,2.72,2.72,1135,KBS,2026-10-09T04:17:43Z
2019-02-11,SD5,2.86,2.86,2.86,2.86,100,KBS,2026-10-09T04:17:43Z
2019-02-12,SD5,2.72,2.72,2.72,2.72,200,KBS,2026-10-09T04:17:43Z
2019-02-13,SD5,2.63,2.68,2.59,2.68,3000,KBS,2026-10-09T04:17:43Z
2019-02-14,SD5,2.68,2.68,2.68,2.68,1500,KBS,2026-10-09T04:17:43Z
2019-02-15,SD5,2.82,2.82,2.72,2.72,17500,KBS,2026-10-09T04:17:43Z
2019-02-18,SD5,2.68,2.82,2.68,2.82,800,KBS,2026-10-09T04:17:43Z
2019-02-20,SD5,2.72,2.72,2.68,2.68,3100,KBS,2026-10-09T04:17:43Z
2019-02-21,SD5,2.91,2.91,2.91,2.91,100,KBS,2026-10-09T04:17:43Z
2019-02-26,SD5,2.68,2.91,2.68,2.91,3700,KBS,2026-10-09T04:17:43Z
2019-02-28,SD5,2.68,2.82,2.68,2.82,5000,KBS,2026-10-09T04:17:43Z
2019-03-01,SD5,2.91,2.91,2.82,2.82,500,KBS,2026-10-09T04:17:43Z
2019-03-04,SD5,2.91,2.91,2.68,2.77,4000,KBS,2026-10-09T04:17:43Z
2019-03-05,SD5,2.72,2.82,2.72,2.82,1900,KBS,2026-10-09T04:17:43Z
2019-03-06,SD5,2.77,2.77,2.77,2.77,1000,KBS,2026-10-09T04:17:43Z
2019-03-07,SD5,2.72,2.72,2.68,2.72,5900,KBS,2026-10-09T04:17:43Z
2019-03-08,SD5,2.63,2.77,2.63,2.77,8200,KBS,2026-10-09T04:17:43Z
2019-03-11,SD5,2.91,2.91,2.72,2.72,4100,KBS,2026-10-09T04:17:43Z
2019-03-12,SD5,2.68,2.72,2.68,2.72,1200,KBS,2026-10-09T04:17:43Z
2019-03-13,SD5,2.63,2.77,2.63,2.77,4000,KBS,2026-10-09T04:17:43Z
2019-03-14,SD5,2.72,2.72,2.72,2.72,3500,KBS,2026-10-09T04:17:43Z
2019-03-15,SD5,2.72,2.72,2.72,2.72,6000,KBS,2026-10-09T04:17:43Z
2019-03-18,SD5,2.82,2.82,2.72,2.72,1900,KBS,2026-10-09T04:17:43Z
2019-03-19,SD5,2.77,2.82,2.68,2.68,700,KBS,2026-10-09T04:17:43Z
2019-03-20,SD5,2.77,2.77,2.68,2.68,2000,KBS,2026-10-09T04:17:43Z
2019-03-21,SD5,2.77,2.77,2.68,2.68,3400,KBS,2026-10-09T04:17:43Z
2019-03-22,SD5,2.77,2.91,2.72,2.91,1200,KBS,2026-10-09T04:17:43Z
2019-03-25,SD5,2.68,2.68,2.68,2.68,1200,KBS,2026-10-09T04:17:43Z
2019-03-26,SD5,2.68,2.68,2.68,2.68,1000,KBS,2026-10-09T04:17:43Z
2019-03-27,SD5,2.68,2.72,2.68,2.72,2500,KBS,2026-10-09T04:17:43Z
2019-03-28,SD5,2.68,2.68,2.68,2.68,51000,KBS,2026-10-09T04:17:43Z
2019-03-29,SD5,2.91,2.91,2.72,2.86,6200,KBS,2026-10-09T04:17:43Z
2019-04-01,SD5,2.77,2.77,2.77,2.77,500,KBS,2026-10-09T04:17:43Z
2019-04-02,SD5,2.77,2.82,2.77,2.82,25000,KBS,2026-10-09T04:17:43Z
2019-04-03,SD5,2.82,2.82,2.77,2.82,14500,KBS,2026-10-09T04:17:43Z
2019-04-04,SD5,2.77,2.82,2.77,2.82,22800,KBS,2026-10-09T04:17:43Z
2019-04-05,SD5,2.77,2.82,2.77,2.82,1600,KBS,2026-10-09T04:17:43Z
2019-04-08,SD5,2.77,2.77,2.59,2.77,10900,KBS,2026-10-09T04:17:43Z
2019-04-09,SD5,2.72,2.77,2.72,2.77,12500,KBS,2026-10-09T04:17:43Z
2019-04-10,SD5,2.72,2.77,2.72,2.77,7500,KBS,2026-10-09T04:17:43Z
2019-04-11,SD5,2.77,2.77,2.77,2.77,20000,KBS,2026-10-09T04:17:43Z
2019-04-12,SD5,2.77,2.77,2.77,2.77,1100,KBS,2026-10-09T04:17:43Z
2019-04-17,SD5,2.72,2.72,2.72,2.72,12300,KBS,2026-10-09T04:17:43Z
2019-04-18,SD5,2.77,2.82,2.77,2.82,14700,KBS,2026-10-09T04:17:43Z
2019-04-23,SD5,2.82,2.82,2.82,2.82,50,KBS,2026-10-09T04:17:43Z
2019-04-24,SD5,2.72,3.09,2.72,3.09,4400,KBS,2026-10-09T04:17:43Z
2019-04-25,SD5,3.09,3.18,2.82,2.91,6200,KBS,2026-10-09T04:17:43Z
2019-04-26,SD5,2.95,2.95,2.86,2.95,2760,KBS,2026-10-09T04:17:43Z
2019-05-02,SD5,2.82,2.91,2.82,2.86,800,KBS,2026-10-09T04:17:43Z
2019-05-03,SD5,2.95,2.95,2.82,2.82,500,KBS,2026-10-09T04:17:43Z
2019-05-06,SD5,2.91,2.91,2.72,2.72,5600,KBS,2026-10-09T04:17:43Z
2019-05-07,SD5,2.82,2.82,2.72,2.72,1348,KBS,2026-10-09T04:17:43Z
2019-05-08,SD5,2.86,2.86,2.72,2.72,1200,KBS,2026-10-09T04:17:43Z
2019-05-09,SD5,2.82,2.82,2.82,2.82,100,KBS,2026-10-09T04:17:43Z
2019-05-10,SD5,2.72,2.72,2.72,2.72,1000,KBS,2026-10-09T04:17:43Z
2019-05-13,SD5,2.82,2.82,2.72,2.72,1752,KBS,2026-10-09T04:17:43Z
2019-05-14,SD5,2.68,2.72,2.68,2.72,2322,KBS,2026-10-09T04:17:43Z
2019-05-15,SD5,2.72,2.77,2.72,2.77,2000,KBS,2026-10-09T04:17:43Z
2019-05-17,SD5,2.63,2.77,2.63,2.77,7700,KBS,2026-10-09T04:17:43Z
2019-05-21,SD5,2.63,2.77,2.63,2.77,10100,KBS,2026-10-09T04:17:43Z
2019-05-22,SD5,2.68,2.72,2.63,2.72,4100,KBS,2026-10-09T04:17:43Z
2019-05-23,SD5,2.68,2.72,2.63,2.68,14300,KBS,2026-10-09T04:17:43Z
2019-05-24,SD5,2.77,2.77,2.72,2.72,300,KBS,2026-10-09T04:17:43Z
2019-05-27,SD5,2.72,2.72,2.72,2.72,19610,KBS,2026-10-09T04:17:43Z
2019-05-28,SD5,2.68,2.72,2.68,2.72,4930,KBS,2026-10-09T04:17:43Z
2019-05-29,SD5,2.82,2.82,2.82,2.82,100,KBS,2026-10-09T04:17:43Z
2019-05-30,SD5,2.68,2.68,2.68,2.68,300,KBS,2026-10-09T04:17:43Z
2019-05-31,SD5,2.72,2.77,2.72,2.77,2100,KBS,2026-10-09T04:17:43Z
2019-06-03,SD5,2.82,3.04,2.82,3.04,400,KBS,2026-10-09T04:17:43Z
2019-06-06,SD5,2.82,2.82,2.82,2.82,100,KBS,2026-10-09T04:17:43Z
2019-06-13,SD5,2.72,2.72,2.72,2.72,6050,KBS,2026-10-09T04:17:43Z
2019-06-14,SD5,2.77,2.77,2.77,2.77,1000,KBS,2026-10-09T04:17:43Z
2019-06-17,SD5,3.04,3.04,2.59,2.59,500,KBS,2026-10-09T04:17:43Z
2019-06-18,SD5,2.82,2.82,2.82,2.82,100,KBS,2026-10-09T04:17:43Z
2019-06-19,SD5,2.77,2.77,2.77,2.77,400,KBS,2026-10-09T04:17:43Z
2019-06-20,SD5,2.77,2.77,2.77,2.77,50,KBS,2026-10-09T04:17:43Z
2019-06-25,SD5,2.68,2.77,2.68,2.77,12300,KBS,2026-10-09T04:17:43Z
2019-06-26,SD5,2.63,2.63,2.63,2.63,100,KBS,2026-10-09T04:17:43Z
2019-06-27,SD5,2.63,2.77,2.63,2.77,27600,KBS,2026-10-09T04:17:43Z
2019-06-28,SD5,2.63,3.04,2.63,3.0,17400,KBS,2026-10-09T04:17:43Z
2019-07-01,SD5,2.77,2.86,2.77,2.86,1500,KBS,2026-10-09T04:17:43Z
2019-07-03,SD5,2.68,2.82,2.68,2.82,1100,KBS,2026-10-09T04:17:43Z
2019-07-05,SD5,2.77,2.77,2.77,2.77,100,KBS,2026-10-09T04:17:43Z
2019-07-09,SD5,2.68,2.68,2.68,2.68,2000,KBS,2026-10-09T04:17:43Z
2019-07-10,SD5,2.77,2.77,2.77,2.77,100,KBS,2026-10-09T04:17:43Z
2019-07-12,SD5,2.72,2.72,2.72,2.72,1700,KBS,2026-10-09T04:17:43Z
2019-07-15,SD5,2.68,2.68,2.68,2.68,1200,KBS,2026-10-09T04:17:43Z
2019-07-16,SD5,2.68,2.72,2.68,2.72,600,KBS,2026-10-09T04:17:43Z
2019-07-17,SD5,2.72,2.72,2.72,2.72,3000,KBS,2026-10-09T04:17:43Z
2019-07-18,SD5,2.68,2.68,2.68,2.68,5000,KBS,2026-10-09T04:17:43Z
2019-07-19,SD5,2.68,2.68,2.68,2.68,1000,KBS,2026-10-09T04:17:43Z
2019-07-22,SD5,2.82,2.82,2.59,2.72,11700,KBS,2026-10-09T04:17:43Z
2019-07-25,SD5,2.68,2.68,2.68,2.68,1000,KBS,2026-10-09T04:17:43Z
2019-07-26,SD5,2.72,2.72,2.72,2.72,300,KBS,2026-10-09T04:17:43Z
2019-07-29,SD5,2.86,2.86,2.59,2.63,14400,KBS,2026-10-09T04:17:43Z
2019-07-30,SD5,2.82,2.82,2.82,2.82,100,KBS,2026-10-09T04:17:43Z
2019-07-31,SD5,2.59,2.59,2.59,2.59,300,KBS,2026-10-09T04:17:43Z
2019-08-01,SD5,2.77,2.77,2.77,2.77,108,KBS,2026-10-09T04:17:43Z
2019-08-05,SD5,2.63,2.72,2.63,2.72,6700,KBS,2026-10-09T04:17:43Z
2019-08-06,SD5,2.68,2.68,2.68,2.68,900,KBS,2026-10-09T04:17:43Z
2019-08-07,SD5,2.68,2.68,2.63,2.63,4600,KBS,2026-10-09T04:17:43Z
2019-08-08,SD5,2.63,2.63,2.63,2.63,2900,KBS,2026-10-09T04:17:43Z
2019-08-12,SD5,2.63,2.63,2.63,2.63,600,KBS,2026-10-09T04:17:43Z
2019-08-13,SD5,2.41,2.77,2.41,2.77,200,KBS,2026-10-09T04:17:43Z
2019-08-14,SD5,2.5,2.77,2.5,2.77,200,KBS,2026-10-09T04:17:43Z
2019-08-15,SD5,2.5,2.77,2.5,2.68,500,KBS,2026-10-09T04:17:43Z
2019-08-16,SD5,2.59,2.72,2.59,2.68,600,KBS,2026-10-09T04:17:43Z
2019-08-19,SD5,2.77,2.77,2.77,2.77,100,KBS,2026-10-09T04:17:43Z
2019-08-20,SD5,2.72,2.72,2.72,2.72,300,KBS,2026-10-09T04:17:43Z
2019-08-26,SD5,3.0,3.0,2.72,2.72,1100,KBS,2026-10-09T04:17:43Z
2019-08-27,SD5,2.72,3.0,2.72,3.0,500,KBS,2026-10-09T04:17:43Z
2019-08-29,SD5,2.72,2.86,2.72,2.86,4700,KBS,2026-10-09T04:17:43Z
2019-09-06,SD5,2.63,2.72,2.63,2.72,200,KBS,2026-10-09T04:17:43Z
2019-09-09,SD5,2.82,2.82,2.82,2.82,120,KBS,2026-10-09T04:17:43Z
2019-09-12,SD5,2.77,2.77,2.77,2.77,1130,KBS,2026-10-09T04:17:43Z
2019-09-16,SD5,2.63,2.77,2.63,2.77,300,KBS,2026-10-09T04:17:43Z
2019-09-17,SD5,2.68,2.68,2.68,2.68,1000,KBS,2026-10-09T04:17:43Z
2019-09-18,SD5,2.59,2.59,2.59,2.59,154,KBS,2026-10-09T04:17:43Z
2019-09-19,SD5,2.77,2.77,2.77,2.77,100,KBS,2026-10-09T04:17:43Z
2019-09-20,SD5,2.77,2.77,2.77,2.77,46,KBS,2026-10-09T04:17:43Z
2019-09-24,SD5,2.59,2.72,2.5,2.72,1510,KBS,2026-10-09T04:17:43Z
2019-09-25,SD5,2.54,2.59,2.54,2.59,1720,KBS,2026-10-09T04:17:43Z
2019-09-26,SD5,2.82,2.82,2.59,2.59,1000,KBS,2026-10-09T04:17:43Z
2019-09-27,SD5,2.68,2.68,2.59,2.68,2400,KBS,2026-10-09T04:17:43Z
2019-09-30,SD5,2.63,2.72,2.63,2.72,1800,KBS,2026-10-09T04:17:43Z
2019-10-01,SD5,2.72,2.72,2.72,2.72,100,KBS,2026-10-09T04:17:43Z
2019-10-02,SD5,2.63,2.68,2.63,2.68,200,KBS,2026-10-09T04:17:43Z
2019-10-03,SD5,2.63,2.63,2.63,2.63,1000,KBS,2026-10-09T04:17:43Z
2019-10-04,SD5,2.63,2.72,2.63,2.72,21100,KBS,2026-10-09T04:17:43Z
2019-10-07,SD5,2.72,2.72,2.72,2.72,20,KBS,2026-10-09T04:17:43Z
2019-10-08,SD5,2.59,2.68,2.59,2.68,500,KBS,2026-10-09T04:17:43Z
2019-10-14,SD5,2.59,2.63,2.59,2.63,24120,KBS,2026-10-09T04:17:43Z
2019-10-15,SD5,2.82,2.82,2.5,2.68,10200,KBS,2026-10-09T04:17:43Z
2019-10-16,SD5,2.59,2.63,2.59,2.63,14400,KBS,2026-10-09T04:17:43Z
2019-10-17,SD5,2.59,2.63,2.59,2.59,28900,KBS,2026-10-09T04:17:43Z
2019-10-18,SD5,2.72,2.72,2.59,2.63,12700,KBS,2026-10-09T04:17:43Z
2019-10-21,SD5,2.5,2.63,2.41,2.63,4200,KBS,2026-10-09T04:17:43Z
2019-10-22,SD5,2.72,2.72,2.45,2.45,500,KBS,2026-10-09T04:17:43Z
2019-10-23,SD5,2.68,2.68,2.68,2.68,100,KBS,2026-10-09T04:17:43Z
2019-10-24,SD5,2.54,2.68,2.54,2.68,2200,KBS,2026-10-09T04:17:43Z
2019-10-25,SD5,2.45,2.68,2.45,2.5,6000,KBS,2026-10-09T04:17:43Z
2019-10-28,SD5,2.5,2.54,2.45,2.54,800,KBS,2026-10-09T04:17:43Z
2019-10-29,SD5,2.5,2.5,2.32,2.32,15500,KBS,2026-10-09T04:17:43Z
2019-10-30,SD5,2.27,2.27,2.27,2.27,250,KBS,2026-10-09T04:17:43Z
2019-10-31,SD5,2.45,2.5,2.27,2.5,12600,KBS,2026-10-09T04:17:43Z
2019-11-01,SD5,2.36,2.36,2.36,2.36,23400,KBS,2026-10-09T04:17:43Z
2019-11-04,SD5,2.45,2.45,2.36,2.36,4900,KBS,2026-10-09T04:17:43Z
2019-11-05,SD5,2.45,2.45,2.27,2.36,3800,KBS,2026-10-09T04:17:43Z
2019-11-06,SD5,2.45,2.59,2.36,2.36,700,KBS,2026-10-09T04:17:43Z
2019-11-07,SD5,2.45,2.45,2.27,2.32,2900,KBS,2026-10-09T04:17:43Z
2019-11-08,SD5,2.27,2.36,2.27,2.36,4000,KBS,2026-10-09T04:17:43Z
2019-11-11,SD5,2.32,2.32,2.32,2.32,100,KBS,2026-10-09T04:17:43Z
2019-11-12,SD5,2.36,2.36,2.22,2.36,800,KBS,2026-10-09T04:17:43Z
2019-11-13,SD5,2.32,2.36,2.32,2.36,2500,KBS,2026-10-09T04:17:43Z
2019-11-14,SD5,2.36,2.36,2.27,2.36,9100,KBS,2026-10-09T04:17:43Z
2019-11-15,SD5,2.32,2.36,2.27,2.36,23800,KBS,2026-10-09T04:17:43Z
2019-11-18,SD5,2.32,2.45,2.32,2.41,35300,KBS,2026-10-09T04:17:43Z
2019-11-20,SD5,2.27,2.36,2.27,2.36,2100,KBS,2026-10-09T04:17:43Z
2019-11-22,SD5,2.41,2.5,2.27,2.41,1900,KBS,2026-10-09T04:17:43Z
2019-11-29,SD5,2.32,2.32,2.27,2.32,400,KBS,2026-10-09T04:17:43Z
2019-12-02,SD5,2.41,2.41,2.41,2.41,100,KBS,2026-10-09T04:17:43Z
2019-12-06,SD5,2.22,2.22,2.22,2.22,8500,KBS,2026-10-09T04:17:43Z
2019-12-09,SD5,2.36,2.36,2.36,2.36,100,KBS,2026-10-09T04:17:43Z
2019-12-10,SD5,2.32,2.36,2.32,2.36,22900,KBS,2026-10-09T04:17:43Z
2019-12-11,SD5,2.32,2.32,2.32,2.32,800,KBS,2026-10-09T04:17:43Z
2019-12-12,SD5,2.27,2.32,2.27,2.32,3000,KBS,2026-10-09T04:17:43Z
2019-12-13,SD5,2.32,2.32,2.22,2.22,1100,KBS,2026-10-09T04:17:43Z
2019-12-16,SD5,2.36,2.36,2.36,2.36,100,KBS,2026-10-09T04:17:43Z
2019-12-17,SD5,2.22,2.22,2.22,2.22,500,KBS,2026-10-09T04:17:43Z
2019-12-18,SD5,2.36,2.36,2.22,2.22,1800,KBS,2026-10-09T04:17:43Z
2019-12-19,SD5,2.32,2.32,2.32,2.32,100,KBS,2026-10-09T04:17:43Z
2019-12-24,SD5,2.36,2.36,2.36,2.36,100,KBS,2026-10-09T04:17:43Z
2019-12-25,SD5,2.13,2.36,2.13,2.36,1200,KBS,2026-10-09T04:17:43Z
2019-12-27,SD5,2.45,2.45,2.45,2.45,2600,KBS,2026-10-09T04:17:43Z
2019-12-30,SD5,2.27,2.41,2.27,2.36,2400,KBS,2026-10-09T04:17:43Z
2019-12-31,SD5,2.36,2.36,2.36,2.36,1700,KBS,2026-10-09T04:17:43Z
2020-01-06,SD5,2.36,2.36,2.36,2.36,200,KBS,2026-10-09T04:17:43Z
2020-01-07,SD5,2.45,2.45,2.41,2.41,408,KBS,2026-10-09T04:17:43Z
2020-01-08,SD5,2.27,2.27,2.27,2.27,900,KBS,2026-10-09T04:17:43Z
2020-01-09,SD5,2.41,2.41,2.22,2.27,500,KBS,2026-10-09T04:17:43Z
2020-01-10,SD5,2.18,2.18,2.18,2.18,100,KBS,2026-10-09T04:17:43Z
2020-01-13,SD5,2.0,2.36,2.0,2.36,200,KBS,2026-10-09T04:17:43Z
2020-01-14,SD5,2.45,2.45,2.22,2.22,200,KBS,2026-10-09T04:17:43Z
2020-01-15,SD5,2.41,2.41,2.18,2.22,6100,KBS,2026-10-09T04:17:43Z
2020-01-16,SD5,2.22,2.41,2.18,2.18,4600,KBS,2026-10-09T04:17:43Z
2020-01-17,SD5,2.36,2.36,2.18,2.32,7400,KBS,2026-10-09T04:17:43Z
2020-01-20,SD5,2.45,2.45,2.45,2.45,100,KBS,2026-10-09T04:17:43Z
2020-01-22,SD5,2.36,2.45,2.27,2.45,2600,KBS,2026-10-09T04:17:43Z
2020-01-30,SD5,2.45,2.68,2.45,2.5,1600,KBS,2026-10-09T04:17:43Z
2020-01-31,SD5,2.5,2.5,2.5,2.5,7700,KBS,2026-10-09T04:17:43Z
2020-02-04,SD5,2.32,2.5,2.32,2.5,400,KBS,2026-10-09T04:17:43Z
2020-02-05,SD5,2.5,2.5,2.5,2.5,2000,KBS,2026-10-09T04:17:43Z
2020-02-07,SD5,2.27,2.5,2.27,2.5,8100,KBS,2026-10-09T04:17:43Z
2020-02-13,SD5,2.5,2.54,2.5,2.5,76800,KBS,2026-10-09T04:17:43Z
2020-02-14,SD5,2.5,2.54,2.5,2.54,21100,KBS,2026-10-09T04:17:43Z
2020-02-17,SD5,2.54,2.54,2.54,2.54,1,KBS,2026-10-09T04:17:43Z
2020-02-20,SD5,2.54,2.54,2.54,2.54,18,KBS,2026-10-09T04:17:43Z
2020-02-21,SD5,2.32,2.5,2.32,2.5,6100,KBS,2026-10-09T04:17:43Z
2020-02-26,SD5,2.32,2.45,2.32,2.45,700,KBS,2026-10-09T04:17:43Z
2020-02-27,SD5,2.41,2.5,2.41,2.5,2200,KBS,2026-10-09T04:17:43Z
2020-02-28,SD5,2.54,2.68,2.54,2.68,1015,KBS,2026-10-09T04:17:43Z
2020-03-03,SD5,2.59,2.72,2.45,2.59,49270,KBS,2026-10-09T04:17:43Z
2020-03-04,SD5,2.59,2.59,2.59,2.59,200,KBS,2026-10-09T04:17:43Z
2020-03-05,SD5,2.59,2.59,2.59,2.59,19000,KBS,2026-10-09T04:17:43Z
2020-03-06,SD5,2.5,2.63,2.5,2.59,7500,KBS,2026-10-09T04:17:43Z
2020-03-09,SD5,2.36,2.54,2.36,2.54,10000,KBS,2026-10-09T04:17:43Z
2020-03-10,SD5,2.36,2.54,2.36,2.45,6200,KBS,2026-10-09T04:17:43Z
2020-03-11,SD5,2.54,2.54,2.54,2.54,100,KBS,2026-10-09T04:17:43Z
2020-03-13,SD5,2.32,2.45,2.32,2.45,1200,KBS,2026-10-09T04:17:43Z
2020-03-16,SD5,2.59,2.59,2.36,2.5,325,KBS,2026-10-09T04:17:43Z
2020-03-17,SD5,2.36,2.5,2.32,2.5,5000,KBS,2026-10-09T04:17:43Z
2020-03-18,SD5,2.45,2.45,2.32,2.32,3000,KBS,2026-10-09T04:17:43Z
2020-03-19,SD5,2.5,2.5,2.32,2.36,11800,KBS,2026-10-09T04:17:43Z
2020-03-20,SD5,2.5,2.5,2.32,2.32,1200,KBS,2026-10-09T04:17:43Z
2020-03-23,SD5,2.18,2.36,2.18,2.36,6400,KBS,2026-10-09T04:17:43Z
2020-03-24,SD5,2.32,2.32,2.32,2.32,200,KBS,2026-10-09T04:17:43Z
2020-03-25,SD5,2.27,2.36,2.09,2.36,22400,KBS,2026-10-09T04:17:43Z
2020-03-26,SD5,2.32,2.32,2.27,2.27,5920,KBS,2026-10-09T04:17:43Z
2020-03-27,SD5,2.36,2.36,2.09,2.27,5200,KBS,2026-10-09T04:17:43Z
2020-03-30,SD5,2.27,2.27,2.09,2.09,8600,KBS,2026-10-09T04:17:43Z
2020-03-31,SD5,2.27,2.27,2.09,2.09,26146,KBS,2026-10-09T04:17:43Z
2020-04-01,SD5,2.22,2.22,2.09,2.18,6400,KBS,2026-10-09T04:17:43Z
2020-04-03,SD5,2.18,2.27,2.18,2.27,9240,KBS,2026-10-09T04:17:43Z
2020-04-06,SD5,2.38,2.43,2.05,2.33,5700,KBS,2026-10-09T04:17:43Z
2020-04-07,SD5,2.33,2.54,2.33,2.33,5600,KBS,2026-10-09T04:17:43Z
2020-04-08,SD5,2.33,2.38,2.33,2.38,23500,KBS,2026-10-09T04:17:43Z
2020-04-09,SD5,2.54,2.54,2.43,2.49,3900,KBS,2026-10-09T04:17:43Z
2020-04-10,SD5,2.38,2.38,2.33,2.33,510,KBS,2026-10-09T04:17:43Z
2020-04-13,SD5,2.22,2.54,2.16,2.49,12400,KBS,2026-10-09T04:17:43Z
2020-04-14,SD5,2.27,2.54,2.27,2.43,7271,KBS,2026-10-09T04:17:43Z
2020-04-15,SD5,2.33,2.43,2.27,2.43,4100,KBS,2026-10-09T04:17:43Z
2020-04-16,SD5,2.27,2.43,2.27,2.43,200,KBS,2026-10-09T04:17:43Z
2020-04-17,SD5,2.38,2.38,2.33,2.38,8100,KBS,2026-10-09T04:17:43Z
2020-04-20,SD5,2.38,2.54,2.33,2.54,15210,KBS,2026-10-09T04:17:43Z
2020-04-21,SD5,2.43,2.49,2.43,2.49,1300,KBS,2026-10-09T04:17:43Z
2020-04-23,SD5,2.22,2.65,2.22,2.65,200,KBS,2026-10-09T04:17:43Z
2020-04-24,SD5,2.65,2.86,2.65,2.86,1250,KBS,2026-10-09T04:17:43Z
2020-04-27,SD5,2.7,2.92,2.6,2.65,5441,KBS,2026-10-09T04:17:43Z
2020-04-28,SD5,2.65,2.65,2.6,2.6,700,KBS,2026-10-09T04:17:43Z
2020-04-29,SD5,2.6,2.81,2.38,2.38,1100,KBS,2026-10-09T04:17:43Z
2020-05-04,SD5,2.6,2.6,2.38,2.38,12100,KBS,2026-10-09T04:17:43Z
2020-05-05,SD5,2.6,2.6,2.43,2.54,6300,KBS,2026-10-09T04:17:43Z
2020-05-06,SD5,2.7,2.7,2.7,2.7,100,KBS,2026-10-09T04:17:43Z
2020-05-07,SD5,2.7,2.97,2.65,2.65,2100,KBS,2026-10-09T04:17:43Z
2020-05-08,SD5,2.76,2.76,2.76,2.76,100,KBS,2026-10-09T04:17:43Z
2020-05-11,SD5,2.49,2.54,2.49,2.49,22541,KBS,2026-10-09T04:17:43Z
2020-05-12,SD5,2.65,2.7,2.65,2.7,300,KBS,2026-10-09T04:17:43Z
2020-05-13,SD5,2.49,2.49,2.49,2.49,3600,KBS,2026-10-09T04:17:43Z
2020-05-14,SD5,2.65,2.65,2.38,2.54,2000,KBS,2026-10-09T04:17:43Z
2020-05-15,SD5,2.65,2.65,2.49,2.49,18000,KBS,2026-10-09T04:17:43Z
2020-05-18,SD5,2.6,2.6,2.49,2.54,5900,KBS,2026-10-09T04:17:43Z
2020-05-19,SD5,2.7,2.7,2.38,2.6,31331,KBS,2026-10-09T04:17:43Z
2020-05-21,SD5,2.76,2.76,2.76,2.76,100,KBS,2026-10-09T04:17:43Z
2020-05-22,SD5,2.6,2.65,2.54,2.65,5800,KBS,2026-10-09T04:17:43Z
2020-05-26,SD5,2.54,2.6,2.54,2.6,5440,KBS,2026-10-09T04:17:43Z
2020-05-27,SD5,2.54,2.54,2.49,2.54,1100,KBS,2026-10-09T04:17:43Z
2020-05-28,SD5,2.49,2.54,2.38,2.49,2900,KBS,2026-10-09T04:17:43Z
2020-05-29,SD5,2.49,2.65,2.49,2.65,900,KBS,2026-10-09T04:17:43Z
2020-06-01,SD5,2.7,2.7,2.7,2.7,100,KBS,2026-10-09T04:17:43Z
2020-06-02,SD5,2.6,2.6,2.54,2.54,9400,KBS,2026-10-09T04:17:43Z
2020-06-03,SD5,2.65,2.65,2.54,2.54,31200,KBS,2026-10-09T04:17:43Z
2020-06-04,SD5,2.54,2.54,2.49,2.49,4600,KBS,2026-10-09T04:17:43Z
2020-06-05,SD5,2.49,2.6,2.43,2.6,54818,KBS,2026-10-09T04:17:43Z
2020-06-08,SD5,2.6,2.81,2.6,2.76,110100,KBS,2026-10-09T04:17:43Z
2020-06-09,SD5,2.76,2.81,2.76,2.76,20700,KBS,2026-10-09T04:17:43Z
2020-06-10,SD5,2.86,2.86,2.7,2.81,1600,KBS,2026-10-09T04:17:43Z
2020-06-11,SD5,2.86,2.97,2.81,2.81,101900,KBS,2026-10-09T04:17:43Z
2020-06-12,SD5,2.92,2.92,2.81,2.86,4400,KBS,2026-10-09T04:17:43Z
2020-06-15,SD5,2.81,2.81,2.6,2.7,5700,KBS,2026-10-09T04:17:43Z
2020-06-16,SD5,2.7,2.81,2.7,2.7,3800,KBS,2026-10-09T04:17:43Z
2020-06-17,SD5,2.92,2.92,2.54,2.7,34300,KBS,2026-10-09T04:17:43Z
2020-06-18,SD5,2.54,2.65,2.54,2.54,8300,KBS,2026-10-09T04:17:43Z
2020-06-19,SD5,2.7,2.7,2.7,2.7,2400,KBS,2026-10-09T04:17:43Z
2020-06-22,SD5,2.7,2.81,2.6,2.76,14600,KBS,2026-10-09T04:17:43Z
2020-06-23,SD5,2.65,2.7,2.6,2.65,4500,KBS,2026-10-09T04:17:43Z
2020-06-24,SD5,2.76,2.76,2.65,2.65,7300,KBS,2026-10-09T04:17:43Z
2020-06-25,SD5,2.6,2.65,2.6,2.6,8100,KBS,2026-10-09T04:17:43Z
2020-06-26,SD5,2.6,2.7,2.54,2.54,40100,KBS,2026-10-09T04:17:43Z
2020-06-29,SD5,2.54,2.54,2.43,2.49,34300,KBS,2026-10-09T04:17:43Z
2020-06-30,SD5,2.43,2.49,2.43,2.49,21500,KBS,2026-10-09T04:17:43Z
2020-07-01,SD5,2.54,2.7,2.54,2.54,28700,KBS,2026-10-09T04:17:43Z
2020-07-02,SD5,2.54,2.54,2.49,2.49,12000,KBS,2026-10-09T04:17:43Z
2020-07-03,SD5,2.49,2.49,2.43,2.49,10600,KBS,2026-10-09T04:17:43Z
2020-07-06,SD5,2.43,2.43,2.38,2.43,34540,KBS,2026-10-09T04:17:43Z
2020-07-07,SD5,2.43,2.49,2.43,2.49,16400,KBS,2026-10-09T04:17:43Z
2020-07-08,SD5,2.49,2.49,2.49,2.49,2218,KBS,2026-10-09T04:17:43Z
2020-07-09,SD5,2.54,2.54,2.49,2.54,23100,KBS,2026-10-09T04:17:43Z
2020-07-10,SD5,2.54,2.6,2.49,2.6,46220,KBS,2026-10-09T04:17:43Z
2020-07-13,SD5,2.43,2.54,2.43,2.54,1200,KBS,2026-10-09T04:17:43Z
2020-07-14,SD5,2.54,2.54,2.54,2.54,1340,KBS,2026-10-09T04:17:43Z
2020-07-15,SD5,2.49,2.54,2.43,2.54,5300,KBS,2026-10-09T04:17:43Z
2020-07-16,SD5,2.54,2.6,2.54,2.6,39000,KBS,2026-10-09T04:17:43Z
2020-07-17,SD5,2.49,2.54,2.49,2.54,2500,KBS,2026-10-09T04:17:43Z
2020-07-20,SD5,2.49,2.49,2.49,2.49,7000,KBS,2026-10-09T04:17:43Z
2020-07-21,SD5,2.54,2.54,2.49,2.49,4100,KBS,2026-10-09T04:17:43Z
2020-07-23,SD5,2.49,2.49,2.49,2.49,2000,KBS,2026-10-09T04:17:43Z
2020-07-24,SD5,2.54,2.54,2.49,2.49,39900,KBS,2026-10-09T04:17:43Z
2020-07-27,SD5,2.43,2.43,2.33,2.33,3000,KBS,2026-10-09T04:17:43Z
2020-07-28,SD5,2.49,2.49,2.38,2.43,2600,KBS,2026-10-09T04:17:43Z
2020-07-29,SD5,2.38,2.38,2.38,2.38,5000,KBS,2026-10-09T04:17:43Z
2020-07-30,SD5,2.49,2.49,2.38,2.49,22700,KBS,2026-10-09T04:17:43Z
2020-08-03,SD5,2.54,2.54,2.49,2.49,14100,KBS,2026-10-09T04:17:43Z
2020-08-04,SD5,2.49,2.54,2.43,2.54,8700,KBS,2026-10-09T04:17:43Z
2020-08-05,SD5,2.54,2.54,2.54,2.54,5420,KBS,2026-10-09T04:17:43Z
2020-08-06,SD5,2.54,2.54,2.54,2.54,300,KBS,2026-10-09T04:17:43Z
2020-08-10,SD5,2.54,2.54,2.54,2.54,9100,KBS,2026-10-09T04:17:43Z
2020-08-11,SD5,2.54,2.54,2.54,2.54,7600,KBS,2026-10-09T04:17:43Z
2020-08-12,SD5,2.49,2.54,2.49,2.49,6200,KBS,2026-10-09T04:17:43Z
2020-08-13,SD5,2.49,2.54,2.43,2.49,9500,KBS,2026-10-09T04:17:43Z
2020-08-14,SD5,2.49,2.54,2.49,2.49,66600,KBS,2026-10-09T04:17:43Z
2020-08-18,SD5,2.54,2.54,2.27,2.49,1080900,KBS,2026-10-09T04:17:43Z
2020-08-19,SD5,2.49,2.54,2.43,2.54,22935,KBS,2026-10-09T04:17:43Z
2020-08-20,SD5,2.49,2.54,2.49,2.49,46900,KBS,2026-10-09T04:17:43Z
2020-08-21,SD5,2.43,2.49,2.38,2.43,250618,KBS,2026-10-09T04:17:43Z
2020-08-24,SD5,2.43,2.65,2.38,2.65,558000,KBS,2026-10-09T04:17:43Z
2020-08-25,SD5,2.86,2.86,2.81,2.86,286395,KBS,2026-10-09T04:17:43Z
2020-08-26,SD5,3.03,3.14,2.86,2.97,192400,KBS,2026-10-09T04:17:43Z
2020-08-27,SD5,2.81,2.92,2.76,2.81,269400,KBS,2026-10-09T04:17:43Z
2020-08-28,SD5,2.76,3.03,2.7,2.92,228950,KBS,2026-10-09T04:17:43Z
2020-08-31,SD5,2.92,3.14,2.86,2.86,183110,KBS,2026-10-09T04:17:43Z
2020-09-01,SD5,2.86,2.97,2.81,2.97,128500,KBS,2026-10-09T04:17:43Z
2020-09-03,SD5,2.97,3.24,2.97,3.24,552378,KBS,2026-10-09T04:17:43Z
2020-09-04,SD5,3.24,3.57,3.19,3.35,241881,KBS,2026-10-09T04:17:43Z
2020-09-07,SD5,3.35,3.35,3.14,3.24,152070,KBS,2026-10-09T04:17:43Z
2020-09-08,SD5,3.19,3.24,2.97,3.14,290100,KBS,2026-10-09T04:17:43Z
2020-09-09,SD5,3.08,3.19,3.03,3.14,126000,KBS,2026-10-09T04:17:43Z
2020-09-10,SD5,3.14,3.41,3.14,3.3,234400,KBS,2026-10-09T04:17:43Z
2020-09-11,SD5,3.35,3.35,3.19,3.3,162700,KBS,2026-10-09T04:17:43Z
2020-09-14,SD5,3.41,3.62,3.41,3.62,390800,KBS,2026-10-09T04:17:43Z
2020-09-15,SD5,3.78,3.95,3.68,3.95,458828,KBS,2026-10-09T04:17:43Z
2020-09-16,SD5,4.0,4.06,3.78,3.84,154740,KBS,2026-10-09T04:17:43Z
2020-09-17,SD5,3.95,3.95,3.73,3.84,196100,KBS,2026-10-09T04:17:43Z
2020-09-18,SD5,3.78,3.89,3.68,3.84,148810,KBS,2026-10-09T04:17:43Z
2020-09-21,SD5,3.84,3.89,3.73,3.78,115800,KBS,2026-10-09T04:17:43Z
2020-09-22,SD5,3.68,3.84,3.62,3.84,136901,KBS,2026-10-09T04:17:43Z
2020-09-23,SD5,3.78,3.78,3.62,3.73,343619,KBS,2026-10-09T04:17:43Z
2020-09-24,SD5,4.03,4.03,3.61,3.67,188500,KBS,2026-10-09T04:17:43Z
2020-09-25,SD5,3.73,3.79,3.67,3.73,24300,KBS,2026-10-09T04:17:43Z
2020-09-28,SD5,3.73,3.73,3.61,3.73,90840,KBS,2026-10-09T04:17:43Z
2020-09-29,SD5,3.61,3.91,3.61,3.67,185200,KBS,2026-10-09T04:17:43Z
2020-09-30,SD5,3.73,3.79,3.61,3.73,115600,KBS,2026-10-09T04:17:43Z
2020-10-01,SD5,3.67,3.79,3.61,3.67,70843,KBS,2026-10-09T04:17:43Z
2020-10-02,SD5,3.67,3.73,3.55,3.61,181100,KBS,2026-10-09T04:17:43Z
2020-10-05,SD5,3.61,3.73,3.61,3.73,97700,KBS,2026-10-09T04:17:43Z
2020-10-06,SD5,3.73,3.79,3.67,3.79,62600,KBS,2026-10-09T04:17:43Z
2020-10-07,SD5,3.73,3.73,3.61,3.61,102005,KBS,2026-10-09T04:17:43Z
2020-10-08,SD5,3.67,3.67,3.61,3.67,31419,KBS,2026-10-09T04:17:43Z
2020-10-09,SD5,3.67,3.67,3.61,3.67,44100,KBS,2026-10-09T04:17:43Z
2020-10-12,SD5,3.67,3.67,3.61,3.67,44900,KBS,2026-10-09T04:17:43Z
2020-10-13,SD5,3.67,3.73,3.61,3.67,38000,KBS,2026-10-09T04:17:43Z
2020-10-14,SD5,3.67,3.73,3.67,3.73,207200,KBS,2026-10-09T04:17:43Z
2020-10-15,SD5,3.61,3.73,3.55,3.55,140000,KBS,2026-10-09T04:17:43Z
2020-10-16,SD5,3.55,3.55,3.55,3.55,36300,KBS,2026-10-09T04:17:43Z
2020-10-19,SD5,3.49,3.55,3.49,3.55,55500,KBS,2026-10-09T04:17:43Z
2020-10-20,SD5,3.55,3.55,3.49,3.49,23800,KBS,2026-10-09T04:17:43Z
2020-10-21,SD5,3.49,3.49,3.43,3.49,46405,KBS,2026-10-09T04:17:43Z
2020-10-22,SD5,3.49,3.49,3.37,3.43,160110,KBS,2026-10-09T04:17:43Z
2020-10-23,SD5,3.43,3.49,3.43,3.49,55609,KBS,2026-10-09T04:17:43Z
2020-10-26,SD5,3.55,3.79,3.55,3.67,249200,KBS,2026-10-09T04:17:43Z
2020-10-27,SD5,3.61,3.67,3.55,3.61,38705,KBS,2026-10-09T04:17:43Z
2020-10-28,SD5,3.67,3.73,3.43,3.43,157700,KBS,2026-10-09T04:17:43Z
2020-10-29,SD5,3.13,3.55,3.13,3.43,128000,KBS,2026-10-09T04:17:43Z
2020-10-30,SD5,3.55,3.55,3.43,3.43,43800,KBS,2026-10-09T04:17:43Z
2020-11-02,SD5,3.73,3.73,3.49,3.49,14800,KBS,2026-10-09T04:17:43Z
2020-11-03,SD5,3.55,3.61,3.49,3.49,26900,KBS,2026-10-09T04:17:43Z
2020-11-04,SD5,3.61,3.61,3.43,3.55,29500,KBS,2026-10-09T04:17:43Z
2020-11-05,SD5,3.49,3.55,3.49,3.55,27100,KBS,2026-10-09T04:17:43Z
2020-11-06,SD5,3.55,3.55,3.49,3.49,35300,KBS,2026-10-09T04:17:43Z
2020-11-09,SD5,3.43,3.55,3.43,3.55,71601,KBS,2026-10-09T04:17:43Z
2020-11-10,SD5,3.55,3.55,3.49,3.55,37100,KBS,2026-10-09T04:17:43Z
2020-11-11,SD5,3.49,3.55,3.49,3.55,63000,KBS,2026-10-09T04:17:43Z
2020-11-12,SD5,3.49,3.55,3.43,3.55,74000,KBS,2026-10-09T04:17:43Z
2020-11-13,SD5,3.49,3.55,3.49,3.55,76316,KBS,2026-10-09T04:17:43Z
2020-11-16,SD5,3.73,3.73,3.49,3.55,54739,KBS,2026-10-09T04:17:43Z
2020-11-17,SD5,3.49,3.55,3.49,3.55,135900,KBS,2026-10-09T04:17:43Z
2020-11-18,SD5,3.55,3.61,3.55,3.61,19400,KBS,2026-10-09T04:17:43Z
2020-11-19,SD5,3.55,3.61,3.55,3.55,4900,KBS,2026-10-09T04:17:43Z
2020-11-20,SD5,3.61,3.67,3.49,3.67,102810,KBS,2026-10-09T04:17:43Z
2020-11-23,SD5,3.61,3.67,3.55,3.61,27700,KBS,2026-10-09T04:17:43Z
2020-11-24,SD5,3.67,3.67,3.61,3.67,57800,KBS,2026-10-09T04:17:43Z
2020-11-25,SD5,3.67,3.73,3.61,3.67,86010,KBS,2026-10-09T04:17:43Z
2020-11-26,SD5,3.67,3.79,3.61,3.73,165100,KBS,2026-10-09T04:17:43Z
2020-11-27,SD5,3.73,4.09,3.73,3.97,444019,KBS,2026-10-09T04:17:43Z
2020-11-30,SD5,3.97,4.09,3.97,3.97,58210,KBS,2026-10-09T04:17:43Z
2020-12-01,SD5,3.97,4.03,3.85,4.03,86500,KBS,2026-10-09T04:17:43Z
2020-12-02,SD5,4.09,4.33,4.03,4.21,143910,KBS,2026-10-09T04:17:43Z
2020-12-03,SD5,4.21,4.33,4.15,4.15,121300,KBS,2026-10-09T04:17:43Z
2020-12-04,SD5,4.15,4.15,4.09,4.15,60308,KBS,2026-10-09T04:17:43Z
2020-12-07,SD5,4.15,4.15,4.03,4.15,62200,KBS,2026-10-09T04:17:43Z
2020-12-08,SD5,4.09,4.15,4.03,4.09,97000,KBS,2026-10-09T04:17:43Z
2020-12-09,SD5,4.09,4.09,3.91,4.09,73300,KBS,2026-10-09T04:17:43Z
2020-12-10,SD5,4.03,4.09,3.91,3.91,81300,KBS,2026-10-09T04:17:43Z
2020-12-11,SD5,3.91,4.03,3.91,3.97,22700,KBS,2026-10-09T04:17:43Z
2020-12-14,SD5,4.03,4.03,3.91,3.97,58500,KBS,2026-10-09T04:17:43Z
2020-12-15,SD5,3.97,3.97,3.85,3.85,120220,KBS,2026-10-09T04:17:43Z
2020-12-16,SD5,3.91,4.03,3.85,3.85,50100,KBS,2026-10-09T04:17:43Z
2020-12-17,SD5,3.91,4.03,3.85,3.97,231700,KBS,2026-10-09T04:17:43Z
2020-12-18,SD5,3.97,4.33,3.97,4.21,222450,KBS,2026-10-09T04:17:43Z
2020-12-21,SD5,4.21,4.39,4.21,4.27,147100,KBS,2026-10-09T04:17:43Z
2020-12-22,SD5,4.45,4.51,4.27,4.51,244290,KBS,2026-10-09T04:17:43Z
2020-12-23,SD5,4.63,4.87,4.57,4.75,210100,KBS,2026-10-09T04:17:43Z
2020-12-24,SD5,4.81,4.81,4.33,4.51,243819,KBS,2026-10-09T04:17:43Z
2020-12-25,SD5,4.51,4.75,4.51,4.63,111500,KBS,2026-10-09T04:17:43Z
2020-12-28,SD5,4.63,5.05,4.51,5.05,258331,KBS,2026-10-09T04:17:43Z
2020-12-29,SD5,5.05,5.11,4.87,4.93,170448,KBS,2026-10-09T04:17:43Z
2020-12-30,SD5,4.99,5.11,4.93,4.99,60919,KBS,2026-10-09T04:17:43Z
2020-12-31,SD5,4.93,5.11,4.87,5.05,198500,KBS,2026-10-09T04:17:43Z
2021-01-04,SD5,5.11,5.11,4.93,5.05,224500,KBS,2026-10-09T04:17:43Z
2021-01-05,SD5,5.3,5.3,4.99,5.23,617240,KBS,2026-10-09T04:17:43Z
2021-01-06,SD5,5.3,5.36,5.17,5.3,133611,KBS,2026-10-09T04:17:43Z
2021-01-07,SD5,5.3,5.36,5.17,5.36,92700,KBS,2026-10-09T04:17:43Z
2021-01-08,SD5,5.42,5.42,5.3,5.3,70740,KBS,2026-10-09T04:17:43Z
2021-01-11,SD5,5.36,5.36,5.17,5.3,114408,KBS,2026-10-09T04:17:43Z
2021-01-12,SD5,5.3,5.3,5.11,5.17,76831,KBS,2026-10-09T04:17:43Z
2021-01-13,SD5,5.17,5.23,5.17,5.17,110400,KBS,2026-10-09T04:17:43Z
2021-01-14,SD5,5.05,5.3,5.05,5.3,107000,KBS,2026-10-09T04:17:43Z
2021-01-15,SD5,5.23,5.3,5.17,5.3,41320,KBS,2026-10-09T04:17:43Z
2021-01-18,SD5,5.3,5.6,5.17,5.54,249898,KBS,2026-10-09T04:17:43Z
2021-01-19,SD5,5.54,5.78,5.05,5.42,201800,KBS,2026-10-09T04:17:43Z
2021-01-20,SD5,5.11,5.36,5.05,5.3,173900,KBS,2026-10-09T04:17:43Z
2021-01-21,SD5,5.36,5.42,5.23,5.36,28000,KBS,2026-10-09T04:17:43Z
2021-01-22,SD5,5.36,5.36,5.17,5.3,37400,KBS,2026-10-09T04:17:43Z
2021-01-25,SD5,5.17,5.36,5.17,5.36,57700,KBS,2026-10-09T04:17:43Z
2021-01-26,SD5,5.48,5.72,5.3,5.36,116900,KBS,2026-10-09T04:17:43Z
2021-01-27,SD5,5.42,5.42,5.11,5.36,33300,KBS,2026-10-09T04:17:43Z
2021-01-28,SD5,5.11,5.11,4.87,4.87,121900,KBS,2026-10-09T04:17:43Z
2021-01-29,SD5,4.51,4.87,4.39,4.81,52810,KBS,2026-10-09T04:17:43Z
2021-02-01,SD5,4.69,4.93,4.39,4.39,37800,KBS,2026-10-09T04:17:43Z
2021-02-02,SD5,4.75,4.75,4.21,4.45,119936,KBS,2026-10-09T04:17:43Z
2021-02-03,SD5,4.57,4.69,4.45,4.63,115700,KBS,2026-10-09T04:17:43Z
2021-02-04,SD5,4.75,4.75,4.51,4.63,28300,KBS,2026-10-09T04:17:43Z
2021-02-05,SD5,4.57,4.63,4.57,4.63,14900,KBS,2026-10-09T04:17:43Z
2021-02-08,SD5,4.63,4.63,4.45,4.45,22189,KBS,2026-10-09T04:17:43Z
2021-02-09,SD5,4.57,4.57,4.45,4.57,6800,KBS,2026-10-09T04:17:43Z
2021-02-17,SD5,4.75,4.75,4.57,4.63,24200,KBS,2026-10-09T04:17:43Z
2021-02-18,SD5,4.63,4.81,4.63,4.75,84600,KBS,2026-10-09T04:17:43Z
2021-02-19,SD5,4.75,4.75,4.51,4.63,140600,KBS,2026-10-09T04:17:43Z
2021-02-22,SD5,4.69,4.75,4.63,4.75,125669,KBS,2026-10-09T04:17:43Z
2021-02-23,SD5,4.75,4.81,4.69,4.81,100100,KBS,2026-10-09T04:17:43Z
2021-02-24,SD5,4.81,4.81,4.75,4.81,51400,KBS,2026-10-09T04:17:43Z
2021-02-25,SD5,4.81,4.81,4.69,4.75,74017,KBS,2026-10-09T04:17:43Z
2021-02-26,SD5,4.69,4.99,4.69,4.93,111589,KBS,2026-10-09T04:17:43Z
2021-03-01,SD5,5.11,5.11,4.93,5.05,83302,KBS,2026-10-09T04:17:43Z
2021-03-02,SD5,5.05,5.17,4.75,4.87,98620,KBS,2026-10-09T04:17:43Z
2021-03-03,SD5,4.87,5.05,4.87,4.99,47324,KBS,2026-10-09T04:17:43Z
2021-03-04,SD5,4.99,4.99,4.81,4.93,89800,KBS,2026-10-09T04:17:43Z
2021-03-05,SD5,4.81,5.23,4.81,5.17,122448,KBS,2026-10-09T04:17:43Z
2021-03-08,SD5,5.42,5.48,5.3,5.48,260539,KBS,2026-10-09T04:17:43Z
2021-03-09,SD5,5.48,5.48,5.3,5.36,57250,KBS,2026-10-09T04:17:43Z
2021-03-10,SD5,5.36,5.42,5.3,5.36,37100,KBS,2026-10-09T04:17:43Z
2021-03-11,SD5,5.36,5.42,5.23,5.36,57200,KBS,2026-10-09T04:17:43Z
2021-03-12,SD5,5.42,5.48,5.23,5.36,72513,KBS,2026-10-09T04:17:43Z
2021-03-15,SD5,5.3,5.36,5.23,5.36,48378,KBS,2026-10-09T04:17:43Z
2021-03-16,SD5,5.3,5.36,5.23,5.36,51750,KBS,2026-10-09T04:17:43Z
2021-03-17,SD5,5.36,5.36,5.23,5.3,197924,KBS,2026-10-09T04:17:43Z
2021-03-18,SD5,5.36,5.42,5.3,5.36,57163,KBS,2026-10-09T04:17:43Z
2021-03-19,SD5,5.36,5.36,5.17,5.36,44100,KBS,2026-10-09T04:17:43Z
2021-03-22,SD5,5.36,5.48,5.3,5.48,92600,KBS,2026-10-09T04:17:43Z
2021-03-23,SD5,5.23,5.48,5.23,5.42,109124,KBS,2026-10-09T04:17:43Z
2021-03-24,SD5,5.3,5.3,5.23,5.3,48176,KBS,2026-10-09T04:17:43Z
2021-03-25,SD5,5.3,5.3,5.17,5.23,29351,KBS,2026-10-09T04:17:43Z
2021-03-26,SD5,5.17,5.23,4.99,5.23,62930,KBS,2026-10-09T04:17:43Z
2021-03-29,SD5,5.36,5.36,5.11,5.3,66700,KBS,2026-10-09T04:17:43Z
2021-03-30,SD5,5.23,5.23,5.17,5.23,97100,KBS,2026-10-09T04:17:43Z
2021-03-31,SD5,5.23,5.3,5.11,5.3,54662,KBS,2026-10-09T04:17:43Z
2021-04-01,SD5,5.17,5.36,5.17,5.36,146451,KBS,2026-10-09T04:17:43Z
2021-04-02,SD5,5.36,5.72,5.3,5.6,248170,KBS,2026-10-09T04:17:43Z
2021-04-05,SD5,5.6,6.08,5.6,6.02,432110,KBS,2026-10-09T04:17:43Z
2021-04-06,SD5,6.02,6.02,5.84,5.9,133200,KBS,2026-10-09T04:17:43Z
2021-04-07,SD5,5.78,6.02,5.72,5.96,256900,KBS,2026-10-09T04:17:43Z
2021-04-08,SD5,5.9,6.02,5.78,5.9,123260,KBS,2026-10-09T04:17:43Z
2021-04-09,SD5,5.9,5.96,5.84,5.96,50600,KBS,2026-10-09T04:17:43Z
2021-04-12,SD5,5.96,6.44,5.9,6.26,280600,KBS,2026-10-09T04:17:43Z
2021-04-13,SD5,6.5,6.5,5.9,6.02,257000,KBS,2026-10-09T04:17:43Z
2021-04-14,SD5,5.9,6.02,5.9,6.02,161000,KBS,2026-10-09T04:17:43Z
2021-04-15,SD5,6.02,6.02,5.78,5.9,126500,KBS,2026-10-09T04:17:43Z
2021-04-16,SD5,5.9,5.96,5.36,5.66,314700,KBS,2026-10-09T04:17:43Z
2021-04-19,SD5,5.66,5.66,5.36,5.6,64200,KBS,2026-10-09T04:17:43Z
2021-04-20,SD5,5.6,5.6,5.36,5.42,114159,KBS,2026-10-09T04:17:43Z
2021-04-22,SD5,5.42,5.42,5.05,5.05,243600,KBS,2026-10-09T04:17:43Z
2021-04-23,SD5,5.17,5.3,4.99,5.3,101400,KBS,2026-10-09T04:17:43Z
2021-04-26,SD5,5.36,5.36,4.99,5.17,141600,KBS,2026-10-09T04:17:43Z
2021-04-27,SD5,5.05,5.17,5.05,5.17,61700,KBS,2026-10-09T04:17:43Z
2021-04-28,SD5,5.11,5.23,5.05,5.17,71900,KBS,2026-10-09T04:17:43Z
2021-04-29,SD5,5.05,5.54,5.05,5.36,150421,KBS,2026-10-09T04:17:43Z
2021-05-04,SD5,5.36,5.36,5.11,5.3,56200,KBS,2026-10-09T04:17:43Z
2021-05-05,SD5,5.3,5.54,5.17,5.48,226959,KBS,2026-10-09T04:17:43Z
2021-05-06,SD5,5.42,5.48,5.36,5.36,125300,KBS,2026-10-09T04:17:43Z
2021-05-07,SD5,5.23,5.36,5.23,5.36,162410,KBS,2026-10-09T04:17:43Z
2021-05-10,SD5,5.36,5.42,5.3,5.36,41500,KBS,2026-10-09T04:17:43Z
2021-05-11,SD5,5.23,5.36,5.23,5.3,52055,KBS,2026-10-09T04:17:43Z
2021-05-12,SD5,5.3,5.36,5.23,5.36,79248,KBS,2026-10-09T04:17:43Z
2021-05-13,SD5,5.36,5.36,5.23,5.3,63200,KBS,2026-10-09T04:17:43Z
2021-05-14,SD5,5.3,5.3,5.17,5.23,60300,KBS,2026-10-09T04:17:43Z
2021-05-17,SD5,5.23,5.36,5.17,5.23,67793,KBS,2026-10-09T04:17:43Z
2021-05-18,SD5,5.23,5.3,5.17,5.23,65700,KBS,2026-10-09T04:17:43Z
2021-05-19,SD5,5.23,5.23,5.11,5.23,61410,KBS,2026-10-09T04:17:43Z
2021-05-20,SD5,5.23,5.23,5.11,5.17,40900,KBS,2026-10-09T04:17:43Z
2021-05-21,SD5,5.17,5.23,5.17,5.23,77000,KBS,2026-10-09T04:17:43Z
2021-05-24,SD5,5.17,5.54,5.17,5.48,98200,KBS,2026-10-09T04:17:43Z
2021-05-25,SD5,5.48,5.54,5.36,5.42,58700,KBS,2026-10-09T04:17:43Z
2021-05-26,SD5,5.42,5.42,5.36,5.36,67800,KBS,2026-10-09T04:17:43Z
2021-05-27,SD5,5.3,5.36,5.3,5.36,41800,KBS,2026-10-09T04:17:43Z
2021-05-28,SD5,5.36,5.36,5.23,5.36,18400,KBS,2026-10-09T04:17:43Z
2021-05-31,SD5,5.23,5.42,5.23,5.42,53704,KBS,2026-10-09T04:17:43Z
2021-06-01,SD5,5.42,5.9,5.36,5.78,170771,KBS,2026-10-09T04:17:43Z
2021-06-02,SD5,5.78,5.9,5.72,5.78,202950,KBS,2026-10-09T04:17:43Z
2021-06-03,SD5,5.72,5.84,5.72,5.72,81600,KBS,2026-10-09T04:17:43Z
2021-06-04,SD5,5.66,5.78,5.48,5.78,56201,KBS,2026-10-09T04:17:43Z
2021-06-07,SD5,5.78,5.78,5.48,5.66,90300,KBS,2026-10-09T04:17:43Z
2021-06-08,SD5,5.72,5.72,5.48,5.48,115550,KBS,2026-10-09T04:17:43Z
2021-06-09,SD5,5.48,5.54,5.3,5.48,140200,KBS,2026-10-09T04:17:43Z
2021-06-10,SD5,5.42,5.54,5.36,5.36,50400,KBS,2026-10-09T04:17:43Z
2021-06-11,SD5,5.36,5.42,5.3,5.42,26500,KBS,2026-10-09T04:17:43Z
2021-06-14,SD5,5.42,5.54,5.36,5.54,20601,KBS,2026-10-09T04:17:43Z
2021-06-15,SD5,5.54,5.54,5.42,5.42,40100,KBS,2026-10-09T04:17:43Z
2021-06-16,SD5,5.36,5.48,5.36,5.48,21204,KBS,2026-10-09T04:17:43Z
2021-06-17,SD5,5.42,5.54,5.36,5.54,12200,KBS,2026-10-09T04:17:43Z
2021-06-18,SD5,5.48,5.54,5.42,5.54,56100,KBS,2026-10-09T04:17:43Z
2021-06-21,SD5,5.54,5.84,5.48,5.72,213501,KBS,2026-10-09T04:17:43Z
2021-06-22,SD5,5.78,5.84,5.66,5.78,94200,KBS,2026-10-09T04:17:43Z
2021-06-23,SD5,5.78,5.84,5.6,5.72,71600,KBS,2026-10-09T04:17:43Z
2021-06-24,SD5,5.72,5.72,5.6,5.66,45101,KBS,2026-10-09T04:17:43Z
2021-06-25,SD5,5.66,5.9,5.54,5.84,362600,KBS,2026-10-09T04:17:43Z
2021-06-28,SD5,5.84,6.02,5.84,6.02,229700,KBS,2026-10-09T04:17:43Z
2021-06-29,SD5,5.96,6.08,5.78,5.96,115915,KBS,2026-10-09T04:17:43Z
2021-06-30,SD5,5.9,5.9,5.72,5.72,90700,KBS,2026-10-09T04:17:43Z
2021-07-01,SD5,5.6,5.84,5.54,5.84,70200,KBS,2026-10-09T04:17:43Z
2021-07-02,SD5,5.84,5.84,5.6,5.66,47100,KBS,2026-10-09T04:17:43Z
2021-07-05,SD5,5.66,5.66,5.3,5.42,288400,KBS,2026-10-09T04:17:43Z
2021-07-06,SD5,5.48,5.54,5.36,5.42,320000,KBS,2026-10-09T04:17:43Z
2021-07-07,SD5,5.36,5.42,5.3,5.36,62600,KBS,2026-10-09T04:17:43Z
2021-07-08,SD5,5.54,5.54,5.3,5.42,34200,KBS,2026-10-09T04:17:43Z
2021-07-09,SD5,5.42,5.42,5.11,5.17,95000,KBS,2026-10-09T04:17:43Z
2021-07-12,SD5,5.3,5.3,4.93,5.11,74400,KBS,2026-10-09T04:17:43Z
2021-07-13,SD5,5.23,5.3,5.11,5.3,26200,KBS,2026-10-09T04:17:43Z
2021-07-14,SD5,5.36,5.36,5.23,5.23,18910,KBS,2026-10-09T04:17:43Z
2021-07-15,SD5,5.36,5.36,5.23,5.36,32300,KBS,2026-10-09T04:17:43Z
2021-07-16,SD5,5.42,5.42,5.3,5.36,14000,KBS,2026-10-09T04:17:43Z
2021-07-19,SD5,5.11,5.3,5.05,5.3,202420,KBS,2026-10-09T04:17:43Z
2021-07-20,SD5,5.23,5.23,5.23,5.23,2300,KBS,2026-10-09T04:17:43Z
2021-07-21,SD5,5.23,5.23,5.11,5.23,26000,KBS,2026-10-09T04:17:43Z
2021-07-22,SD5,5.17,5.3,5.17,5.3,12700,KBS,2026-10-09T04:17:43Z
2021-07-23,SD5,5.23,5.3,5.17,5.17,11300,KBS,2026-10-09T04:17:43Z
2021-07-26,SD5,5.3,5.3,5.11,5.17,11200,KBS,2026-10-09T04:17:43Z
2021-07-27,SD5,5.17,5.3,5.17,5.23,37100,KBS,2026-10-09T04:17:43Z
2021-07-28,SD5,5.23,5.3,5.23,5.23,17400,KBS,2026-10-09T04:17:43Z
2021-07-29,SD5,5.23,5.3,5.17,5.3,53100,KBS,2026-10-09T04:17:43Z
2021-07-30,SD5,5.3,5.36,5.17,5.36,48200,KBS,2026-10-09T04:17:43Z
2021-08-02,SD5,5.3,5.3,5.17,5.23,37500,KBS,2026-10-09T04:17:43Z
2021-08-03,SD5,5.23,5.3,5.17,5.23,80700,KBS,2026-10-09T04:17:43Z
2021-08-04,SD5,5.3,5.3,5.23,5.3,19600,KBS,2026-10-09T04:17:43Z
2021-08-05,SD5,5.23,5.36,5.23,5.36,15700,KBS,2026-10-09T04:17:43Z
2021-08-06,SD5,5.36,5.42,5.3,5.36,66860,KBS,2026-10-09T04:17:43Z
2021-08-09,SD5,5.3,5.36,5.3,5.36,51500,KBS,2026-10-09T04:17:43Z
2021-08-10,SD5,5.3,5.36,5.3,5.36,78700,KBS,2026-10-09T04:17:43Z
2021-08-11,SD5,5.36,5.42,5.36,5.36,43810,KBS,2026-10-09T04:17:43Z
2021-08-12,SD5,5.42,5.72,5.36,5.66,289247,KBS,2026-10-09T04:17:43Z
2021-08-13,SD5,5.66,5.66,5.48,5.54,275201,KBS,2026-10-09T04:17:43Z
2021-08-16,SD5,5.6,5.66,5.54,5.66,148313,KBS,2026-10-09T04:17:43Z
2021-08-17,SD5,5.6,5.66,5.54,5.66,115800,KBS,2026-10-09T04:17:43Z
2021-08-18,SD5,5.54,5.84,5.54,5.72,305400,KBS,2026-10-09T04:17:43Z
2021-08-19,SD5,5.72,5.96,5.72,5.84,354960,KBS,2026-10-09T04:17:43Z
2021-08-20,SD5,5.84,5.9,5.66,5.72,260600,KBS,2026-10-09T04:17:43Z
2021-08-23,SD5,5.96,5.96,5.54,5.54,143000,KBS,2026-10-09T04:17:43Z
2021-08-24,SD5,5.54,5.6,5.42,5.48,211000,KBS,2026-10-09T04:17:43Z
2021-08-25,SD5,5.42,5.54,5.36,5.54,186100,KBS,2026-10-09T04:17:43Z
2021-08-26,SD5,5.48,5.54,5.48,5.48,112500,KBS,2026-10-09T04:17:43Z
2021-08-27,SD5,5.48,5.66,5.48,5.66,117100,KBS,2026-10-09T04:17:43Z
2021-08-30,SD5,5.72,5.84,5.72,5.78,212410,KBS,2026-10-09T04:17:43Z
2021-08-31,SD5,5.78,5.84,5.66,5.66,227600,KBS,2026-10-09T04:17:43Z
2021-09-01,SD5,5.66,5.78,5.54,5.78,242000,KBS,2026-10-09T04:17:43Z
2021-09-06,SD5,5.84,6.32,5.78,6.32,1023350,KBS,2026-10-09T04:17:43Z
2021-09-07,SD5,6.5,6.68,6.02,6.14,479330,KBS,2026-10-09T04:17:43Z
2021-09-08,SD5,6.02,6.44,6.02,6.44,544745,KBS,2026-10-09T04:17:43Z
2021-09-09,SD5,6.44,6.98,6.14,6.92,986640,KBS,2026-10-09T04:17:43Z
2021-09-10,SD5,6.68,6.92,6.62,6.8,370400,KBS,2026-10-09T04:17:43Z
2021-09-13,SD5,6.74,6.8,6.5,6.62,454420,KBS,2026-10-09T04:17:43Z
2021-09-14,SD5,7.28,7.28,6.5,7.04,1106543,KBS,2026-10-09T04:17:43Z
2021-09-15,SD5,7.04,7.1,6.92,7.04,218620,KBS,2026-10-09T04:17:43Z
2021-09-16,SD5,7.1,7.28,6.8,7.16,278518,KBS,2026-10-09T04:17:43Z
2021-09-17,SD5,7.04,7.1,6.86,6.92,569302,KBS,2026-10-09T04:17:43Z
2021-09-20,SD5,6.92,7.22,6.86,6.86,386410,KBS,2026-10-09T04:17:43Z
2021-09-21,SD5,6.8,7.52,6.68,7.46,649700,KBS,2026-10-09T04:17:43Z
2021-09-22,SD5,7.52,8.06,7.46,7.82,622286,KBS,2026-10-09T04:17:43Z
2021-09-23,SD5,7.82,7.82,7.28,7.34,490124,KBS,2026-10-09T04:17:43Z
2021-09-24,SD5,7.34,7.34,7.1,7.22,267918,KBS,2026-10-09T04:17:43Z
2021-09-27,SD5,7.64,7.64,6.8,6.86,299500,KBS,2026-10-09T04:17:43Z
2021-09-28,SD5,6.74,6.86,6.62,6.86,165102,KBS,2026-10-09T04:17:43Z
2021-09-29,SD5,6.86,7.1,6.74,6.98,142600,KBS,2026-10-09T04:17:43Z
2021-09-30,SD5,6.92,7.16,6.92,6.98,184000,KBS,2026-10-09T04:17:43Z
2021-10-01,SD5,6.86,7.22,6.86,7.1,202500,KBS,2026-10-09T04:17:43Z
2021-10-04,SD5,7.1,7.16,6.92,7.1,209192,KBS,2026-10-09T04:17:43Z
2021-10-05,SD5,7.04,7.04,6.98,7.04,121400,KBS,2026-10-09T04:17:43Z
2021-10-06,SD5,7.04,7.16,7.04,7.1,161800,KBS,2026-10-09T04:17:43Z
2021-10-07,SD5,7.16,7.46,7.16,7.4,395400,KBS,2026-10-09T04:17:43Z
2021-10-08,SD5,7.4,7.64,7.22,7.22,305100,KBS,2026-10-09T04:17:43Z
2021-10-11,SD5,7.22,7.34,7.1,7.1,153500,KBS,2026-10-09T04:17:43Z
2021-10-12,SD5,7.1,7.34,7.04,7.1,160000,KBS,2026-10-09T04:17:43Z
2021-10-13,SD5,7.58,7.58,6.98,7.1,166200,KBS,2026-10-09T04:17:43Z
2021-10-14,SD5,7.04,7.1,6.92,7.04,303800,KBS,2026-10-09T04:17:43Z
2021-10-15,SD5,7.04,7.16,6.98,7.04,184800,KBS,2026-10-09T04:17:43Z
2021-10-18,SD5,7.04,7.16,6.98,7.1,181018,KBS,2026-10-09T04:17:43Z
2021-10-19,SD5,7.1,7.58,7.1,7.4,428914,KBS,2026-10-09T04:17:43Z
2021-10-20,SD5,7.4,7.58,7.34,7.4,298100,KBS,2026-10-09T04:17:43Z
2021-10-21,SD5,7.4,8.0,7.4,7.76,316100,KBS,2026-10-09T04:17:43Z
2021-10-22,SD5,7.76,8.24,7.7,8.24,786580,KBS,2026-10-09T04:17:43Z
2021-10-25,SD5,8.3,8.42,8.12,8.12,382204,KBS,2026-10-09T04:17:43Z
2021-10-26,SD5,8.06,8.12,7.76,7.94,534747,KBS,2026-10-09T04:17:43Z
2021-10-27,SD5,7.94,8.3,7.88,8.24,365350,KBS,2026-10-09T04:17:43Z
2021-10-28,SD5,8.24,8.72,8.24,8.42,351520,KBS,2026-10-09T04:17:43Z
2021-10-29,SD5,8.42,8.54,8.12,8.36,648004,KBS,2026-10-09T04:17:43Z
2021-11-01,SD5,8.36,8.36,7.82,8.06,593600,KBS,2026-10-09T04:17:43Z
2021-11-02,SD5,8.12,8.48,7.94,8.36,657121,KBS,2026-10-09T04:17:43Z
2021-11-03,SD5,8.36,8.54,7.88,8.12,589422,KBS,2026-10-09T04:17:43Z
2021-11-04,SD5,8.12,8.24,8.0,8.18,270611,KBS,2026-10-09T04:17:43Z
2021-11-05,SD5,8.44,8.57,8.18,8.44,361300,KBS,2026-10-09T04:17:43Z
2021-11-08,SD5,8.44,8.51,8.31,8.44,317054,KBS,2026-10-09T04:17:43Z
2021-11-09,SD5,8.44,9.03,8.44,8.77,334800,KBS,2026-10-09T04:17:43Z
2021-11-10,SD5,8.77,8.9,8.57,8.83,356178,KBS,2026-10-09T04:17:43Z
2021-11-11,SD5,8.9,9.16,8.83,8.83,373423,KBS,2026-10-09T04:17:43Z
2021-11-12,SD5,9.03,9.68,8.96,9.55,1075039,KBS,2026-10-09T04:17:43Z
2021-11-15,SD5,9.55,10.46,9.55,10.46,989323,KBS,2026-10-09T04:17:43Z
2021-11-16,SD5,10.46,10.84,9.74,9.81,331000,KBS,2026-10-09T04:17:43Z
2021-11-17,SD5,9.87,9.87,9.29,9.48,489633,KBS,2026-10-09T04:17:43Z
2021-11-18,SD5,9.55,10.0,9.48,9.87,430441,KBS,2026-10-09T04:17:43Z
2021-11-19,SD5,10.07,10.52,9.16,9.74,623900,KBS,2026-10-09T04:17:43Z
2021-11-22,SD5,9.74,9.81,8.77,8.77,325920,KBS,2026-10-09T04:17:43Z
2021-11-23,SD5,8.77,8.96,8.12,8.96,300613,KBS,2026-10-09T04:17:43Z
2021-11-24,SD5,8.96,9.03,8.57,8.64,225842,KBS,2026-10-09T04:17:43Z
2021-11-25,SD5,9.22,9.22,8.64,9.03,263900,KBS,2026-10-09T04:17:43Z
2021-11-26,SD5,9.03,9.03,8.7,8.77,182600,KBS,2026-10-09T04:17:43Z
2021-11-29,SD5,8.57,8.7,8.18,8.57,196700,KBS,2026-10-09T04:17:43Z
2021-11-30,SD5,8.7,8.9,8.64,8.64,279300,KBS,2026-10-09T04:17:43Z
2021-12-01,SD5,8.64,8.7,8.51,8.7,83930,KBS,2026-10-09T04:17:43Z
2021-12-02,SD5,8.7,9.35,8.57,9.03,255160,KBS,2026-10-09T04:17:43Z
2021-12-03,SD5,9.09,9.42,8.7,8.7,172738,KBS,2026-10-09T04:17:43Z
2021-12-06,SD5,8.7,8.7,8.12,8.44,292000,KBS,2026-10-09T04:17:43Z
2021-12-07,SD5,8.44,8.51,8.05,8.44,126601,KBS,2026-10-09T04:17:43Z
2021-12-08,SD5,8.57,8.57,7.99,7.99,286600,KBS,2026-10-09T04:17:43Z
2021-12-09,SD5,8.05,8.44,8.05,8.38,171900,KBS,2026-10-09T04:17:43Z
2021-12-10,SD5,8.38,8.38,8.18,8.38,136500,KBS,2026-10-09T04:17:43Z
2021-12-13,SD5,8.38,8.44,8.18,8.38,146500,KBS,2026-10-09T04:17:43Z
2021-12-14,SD5,8.38,8.38,8.12,8.25,116152,KBS,2026-10-09T04:17:43Z
2021-12-15,SD5,8.18,8.31,8.12,8.12,116149,KBS,2026-10-09T04:17:43Z
2021-12-16,SD5,8.18,8.18,7.79,8.12,145000,KBS,2026-10-09T04:17:43Z
2021-12-17,SD5,8.12,8.25,7.99,8.12,142485,KBS,2026-10-09T04:17:43Z
2021-12-20,SD5,8.18,8.18,7.99,8.12,81917,KBS,2026-10-09T04:17:43Z
2021-12-21,SD5,8.05,8.05,7.79,7.86,324700,KBS,2026-10-09T04:17:43Z
2021-12-22,SD5,7.86,8.31,7.86,8.31,281518,KBS,2026-10-09T04:17:43Z
2021-12-23,SD5,8.38,8.64,8.18,8.38,249003,KBS,2026-10-09T04:17:43Z
2021-12-24,SD5,8.38,8.64,8.25,8.25,174800,KBS,2026-10-09T04:17:43Z
2021-12-27,SD5,8.18,8.25,7.99,8.05,122574,KBS,2026-10-09T04:17:43Z
2021-12-28,SD5,8.05,8.12,7.99,8.05,287200,KBS,2026-10-09T04:17:43Z
2021-12-29,SD5,8.05,8.12,7.86,8.05,113220,KBS,2026-10-09T04:17:43Z
2021-12-30,SD5,7.92,8.05,7.92,7.99,87900,KBS,2026-10-09T04:17:43Z
2021-12-31,SD5,7.99,8.05,7.92,7.99,98058,KBS,2026-10-09T04:17:43Z
2022-01-04,SD5,7.99,8.25,7.99,8.18,102900,KBS,2026-10-09T04:17:43Z
2022-01-05,SD5,8.18,8.25,8.05,8.05,180110,KBS,2026-10-09T04:17:43Z
2022-01-06,SD5,8.12,8.31,7.99,8.25,259066,KBS,2026-10-09T04:17:43Z
2022-01-07,SD5,8.25,8.83,8.25,8.83,759326,KBS,2026-10-09T04:17:43Z
2022-01-10,SD5,8.96,9.22,8.96,9.03,577911,KBS,2026-10-09T04:17:43Z
2022-01-11,SD5,8.9,9.03,8.57,8.83,303421,KBS,2026-10-09T04:17:43Z
2022-01-12,SD5,8.57,8.7,7.99,8.12,398228,KBS,2026-10-09T04:17:43Z
2022-01-13,SD5,8.12,8.31,7.86,7.99,232610,KBS,2026-10-09T04:17:43Z
2022-01-14,SD5,7.92,8.12,7.73,7.86,184900,KBS,2026-10-09T04:17:43Z
2022-01-17,SD5,7.86,7.99,7.47,7.47,168400,KBS,2026-10-09T04:17:43Z
2022-01-18,SD5,7.47,7.47,7.01,7.08,175900,KBS,2026-10-09T04:17:43Z
2022-01-19,SD5,6.82,7.08,6.82,7.08,109701,KBS,2026-10-09T04:17:43Z
2022-01-20,SD5,7.01,7.6,7.01,7.6,125004,KBS,2026-10-09T04:17:43Z
2022-01-21,SD5,7.47,7.6,7.34,7.47,61910,KBS,2026-10-09T04:17:43Z
2022-01-24,SD5,7.4,7.4,7.08,7.14,49400,KBS,2026-10-09T04:17:43Z
2022-01-25,SD5,6.88,7.27,6.69,7.14,53900,KBS,2026-10-09T04:17:43Z
2022-01-26,SD5,7.14,7.27,7.01,7.14,59224,KBS,2026-10-09T04:17:43Z
2022-01-27,SD5,7.14,7.21,6.95,7.08,64000,KBS,2026-10-09T04:17:43Z
2022-01-28,SD5,7.08,7.27,7.08,7.14,68200,KBS,2026-10-09T04:17:43Z
2022-02-07,SD5,7.14,7.53,7.14,7.47,29900,KBS,2026-10-09T04:17:43Z
2022-02-08,SD5,7.53,7.73,7.47,7.53,76800,KBS,2026-10-09T04:17:43Z
2022-02-09,SD5,7.47,7.6,7.47,7.6,39000,KBS,2026-10-09T04:17:43Z
2022-02-10,SD5,7.53,8.12,7.53,8.12,210000,KBS,2026-10-09T04:17:43Z
2022-02-11,SD5,8.12,8.12,7.73,7.92,143801,KBS,2026-10-09T04:17:43Z
2022-02-14,SD5,7.79,7.99,7.53,7.79,59820,KBS,2026-10-09T04:17:43Z
2022-02-15,SD5,7.79,7.86,7.73,7.79,33382,KBS,2026-10-09T04:17:43Z
2022-02-16,SD5,7.86,7.92,7.73,7.86,52596,KBS,2026-10-09T04:17:43Z
2022-02-17,SD5,7.73,7.86,7.73,7.79,25900,KBS,2026-10-09T04:17:43Z
2022-02-18,SD5,7.79,7.79,7.66,7.79,57520,KBS,2026-10-09T04:17:43Z
2022-02-21,SD5,7.79,7.99,7.66,7.86,262400,KBS,2026-10-09T04:17:43Z
2022-02-22,SD5,7.86,7.86,7.66,7.73,114100,KBS,2026-10-09T04:17:43Z
2022-02-23,SD5,7.79,7.86,7.73,7.86,76900,KBS,2026-10-09T04:17:43Z
2022-02-24,SD5,7.79,7.79,7.27,7.6,95700,KBS,2026-10-09T04:17:43Z
2022-02-25,SD5,7.6,7.73,7.53,7.66,66300,KBS,2026-10-09T04:17:43Z
2022-02-28,SD5,7.73,7.73,7.53,7.66,34300,KBS,2026-10-09T04:17:43Z
2022-03-01,SD5,7.53,7.73,7.53,7.73,48900,KBS,2026-10-09T04:17:43Z
2022-03-02,SD5,7.73,7.73,7.47,7.53,98700,KBS,2026-10-09T04:17:43Z
2022-03-03,SD5,7.6,7.6,7.47,7.6,65500,KBS,2026-10-09T04:17:43Z
2022-03-04,SD5,7.6,8.31,7.6,8.12,313100,KBS,2026-10-09T04:17:43Z
2022-03-07,SD5,8.05,8.31,7.99,8.18,115640,KBS,2026-10-09T04:17:43Z
2022-03-08,SD5,8.12,8.18,7.79,7.79,60500,KBS,2026-10-09T04:17:43Z
2022-03-09,SD5,7.79,8.12,7.66,8.12,461300,KBS,2026-10-09T04:17:43Z
2022-03-10,SD5,8.25,8.9,8.18,8.9,1176507,KBS,2026-10-09T04:17:43Z
2022-03-11,SD5,8.9,9.16,8.77,8.77,350200,KBS,2026-10-09T04:17:43Z
2022-03-14,SD5,8.51,8.7,8.18,8.38,305000,KBS,2026-10-09T04:17:43Z
2022-03-15,SD5,8.18,8.9,7.79,8.64,464900,KBS,2026-10-09T04:17:43Z
2022-03-16,SD5,8.77,8.83,8.44,8.64,294575,KBS,2026-10-09T04:17:43Z
2022-03-17,SD5,8.57,8.77,8.57,8.57,144800,KBS,2026-10-09T04:17:43Z
2022-03-18,SD5,8.44,8.96,8.38,8.57,240200,KBS,2026-10-09T04:17:43Z
2022-03-21,SD5,8.57,8.7,8.51,8.57,167810,KBS,2026-10-09T04:17:43Z
2022-03-22,SD5,8.7,9.16,8.7,8.83,663900,KBS,2026-10-09T04:17:43Z
2022-03-23,SD5,8.83,8.96,8.7,8.77,266800,KBS,2026-10-09T04:17:43Z
2022-03-24,SD5,8.64,8.77,8.57,8.77,220400,KBS,2026-10-09T04:17:43Z
2022-03-25,SD5,8.77,9.03,8.7,8.77,282120,KBS,2026-10-09T04:17:43Z
2022-03-28,SD5,8.7,8.96,8.44,8.51,259100,KBS,2026-10-09T04:17:43Z
2022-03-29,SD5,8.51,8.7,8.51,8.64,81200,KBS,2026-10-09T04:17:43Z
2022-03-30,SD5,8.57,8.83,8.18,8.7,459638,KBS,2026-10-09T04:17:43Z
2022-03-31,SD5,8.7,8.7,8.31,8.38,155750,KBS,2026-10-09T04:17:43Z
2022-04-01,SD5,8.38,8.44,8.25,8.31,173430,KBS,2026-10-09T04:17:43Z
2022-04-04,SD5,8.18,8.44,8.18,8.25,127800,KBS,2026-10-09T04:17:43Z
2022-04-05,SD5,8.25,8.31,8.05,8.12,229400,KBS,2026-10-09T04:17:43Z
2022-04-06,SD5,8.12,8.25,8.05,8.12,196200,KBS,2026-10-09T04:17:43Z
2022-04-07,SD5,8.12,8.18,7.99,8.12,68250,KBS,2026-10-09T04:17:43Z
2022-04-08,SD5,7.99,8.12,7.92,7.92,54700,KBS,2026-10-09T04:17:43Z
2022-04-12,SD5,7.79,7.99,7.21,7.21,108500,KBS,2026-10-09T04:17:43Z
2022-04-13,SD5,7.47,7.53,6.49,7.27,157519,KBS,2026-10-09T04:17:43Z
2022-04-14,SD5,7.4,7.4,7.08,7.21,38710,KBS,2026-10-09T04:17:43Z
2022-04-15,SD5,7.01,7.27,7.01,7.14,37400,KBS,2026-10-09T04:17:43Z
2022-04-18,SD5,7.08,7.08,6.56,6.62,91200,KBS,2026-10-09T04:17:43Z
2022-04-19,SD5,6.62,7.01,6.62,6.62,83802,KBS,2026-10-09T04:17:43Z
2022-04-20,SD5,6.82,6.95,6.56,6.95,164200,KBS,2026-10-09T04:17:43Z
2022-04-21,SD5,6.62,7.08,6.3,7.01,275500,KBS,2026-10-09T04:17:43Z
2022-04-22,SD5,7.01,7.27,6.82,6.82,35800,KBS,2026-10-09T04:17:43Z
2022-04-25,SD5,6.82,6.95,6.3,6.62,347500,KBS,2026-10-09T04:17:43Z
2022-04-26,SD5,6.49,6.82,5.97,6.82,100601,KBS,2026-10-09T04:17:43Z
2022-04-27,SD5,6.75,6.82,6.69,6.82,37012,KBS,2026-10-09T04:17:43Z
2022-04-28,SD5,6.82,7.27,6.82,7.27,174900,KBS,2026-10-09T04:17:43Z
2022-04-29,SD5,7.27,7.34,7.14,7.34,42500,KBS,2026-10-09T04:17:43Z
2022-05-04,SD5,7.21,7.34,7.14,7.14,40000,KBS,2026-10-09T04:17:43Z
2022-05-05,SD5,7.21,7.27,7.01,7.14,34850,KBS,2026-10-09T04:17:43Z
2022-05-06,SD5,6.95,7.14,6.82,6.82,62600,KBS,2026-10-09T04:17:43Z
2022-05-09,SD5,6.69,6.69,6.17,6.17,100300,KBS,2026-10-09T04:17:43Z
2022-05-10,SD5,6.17,6.56,6.1,6.56,65100,KBS,2026-10-09T04:17:43Z
2022-05-11,SD5,6.56,6.82,6.56,6.82,40900,KBS,2026-10-09T04:17:43Z
2022-05-12,SD5,6.62,6.62,6.3,6.36,41400,KBS,2026-10-09T04:17:43Z
2022-05-13,SD5,6.36,6.36,5.84,5.97,48200,KBS,2026-10-09T04:17:43Z
2022-05-16,SD5,5.97,6.23,5.97,6.04,21000,KBS,2026-10-09T04:17:43Z
2022-05-17,SD5,6.04,6.49,5.97,6.49,29309,KBS,2026-10-09T04:17:43Z
2022-05-18,SD5,6.56,6.56,6.36,6.49,13200,KBS,2026-10-09T04:17:43Z
2022-05-19,SD5,6.23,6.43,6.17,6.36,25300,KBS,2026-10-09T04:17:43Z
2022-05-20,SD5,6.36,6.49,6.36,6.49,50800,KBS,2026-10-09T04:17:43Z
2022-05-23,SD5,6.49,6.49,6.23,6.43,4200,KBS,2026-10-09T04:17:43Z
2022-05-24,SD5,6.43,6.75,6.36,6.69,166200,KBS,2026-10-09T04:17:43Z
2022-05-25,SD5,6.69,6.75,6.69,6.69,49400,KBS,2026-10-09T04:17:43Z
2022-05-26,SD5,6.69,6.69,6.43,6.69,40100,KBS,2026-10-09T04:17:43Z
2022-05-27,SD5,6.62,6.69,6.62,6.69,20800,KBS,2026-10-09T04:17:43Z
2022-05-30,SD5,6.75,6.82,6.69,6.82,62100,KBS,2026-10-09T04:17:43Z
2022-05-31,SD5,6.82,6.88,6.69,6.69,20500,KBS,2026-10-09T04:17:43Z
2022-06-01,SD5,6.69,6.75,6.69,6.75,34100,KBS,2026-10-09T04:17:43Z
2022-06-02,SD5,6.56,6.62,6.43,6.43,68100,KBS,2026-10-09T04:17:43Z
2022-06-03,SD5,6.43,6.62,6.43,6.49,31005,KBS,2026-10-09T04:17:43Z
2022-06-06,SD5,6.49,6.56,6.49,6.49,66838,KBS,2026-10-09T04:17:43Z
2022-06-07,SD5,6.43,6.56,6.43,6.49,27410,KBS,2026-10-09T04:17:43Z
2022-06-08,SD5,6.43,6.62,6.43,6.56,76000,KBS,2026-10-09T04:17:43Z
2022-06-09,SD5,6.49,6.62,6.49,6.56,99962,KBS,2026-10-09T04:17:43Z
2022-06-10,SD5,6.36,6.56,5.91,6.56,14600,KBS,2026-10-09T04:17:43Z
2022-06-13,SD5,6.43,6.43,6.17,6.17,44400,KBS,2026-10-09T04:17:43Z
2022-06-14,SD5,6.3,6.43,6.17,6.23,6800,KBS,2026-10-09T04:17:43Z
2022-06-15,SD5,5.97,6.3,5.97,6.1,95400,KBS,2026-10-09T04:17:43Z
2022-06-16,SD5,6.17,6.23,6.04,6.17,30600,KBS,2026-10-09T04:17:43Z
2022-06-17,SD5,5.84,6.17,5.65,5.84,28700,KBS,2026-10-09T04:17:43Z
2022-06-20,SD5,5.84,5.84,5.46,5.46,63100,KBS,2026-10-09T04:17:43Z
2022-06-21,SD5,5.46,5.78,5.39,5.52,50600,KBS,2026-10-09T04:17:43Z
2022-06-22,SD5,5.39,5.65,5.39,5.65,28300,KBS,2026-10-09T04:17:43Z
2022-06-23,SD5,5.58,5.72,5.58,5.65,53000,KBS,2026-10-09T04:17:43Z
2022-06-24,SD5,5.72,5.84,5.65,5.78,65500,KBS,2026-10-09T04:17:43Z
2022-06-27,SD5,5.78,5.91,5.78,5.91,61000,KBS,2026-10-09T04:17:43Z
2022-06-28,SD5,5.91,5.97,5.78,5.91,92400,KBS,2026-10-09T04:17:43Z
2022-06-29,SD5,5.91,5.97,5.84,5.91,88200,KBS,2026-10-09T04:17:43Z
2022-06-30,SD5,5.84,5.91,5.84,5.84,115400,KBS,2026-10-09T04:17:43Z
2022-07-01,SD5,5.84,5.84,5.52,5.78,15400,KBS,2026-10-09T04:17:43Z
2022-07-04,SD5,5.84,5.84,5.72,5.84,22300,KBS,2026-10-09T04:17:43Z
2022-07-05,SD5,5.78,5.91,5.72,5.84,31900,KBS,2026-10-09T04:17:43Z
2022-07-06,SD5,5.72,5.91,5.72,5.78,16700,KBS,2026-10-09T04:17:43Z
2022-07-07,SD5,5.84,5.84,5.52,5.72,54400,KBS,2026-10-09T04:17:43Z
2022-07-08,SD5,5.78,5.91,5.78,5.84,71100,KBS,2026-10-09T04:17:43Z
2022-07-11,SD5,5.84,5.84,5.72,5.78,20800,KBS,2026-10-09T04:17:43Z
2022-07-12,SD5,5.78,5.97,5.78,5.91,59100,KBS,2026-10-09T04:17:43Z
2022-07-13,SD5,6.43,6.43,5.91,5.97,31300,KBS,2026-10-09T04:17:43Z
2022-07-14,SD5,6.04,6.04,5.97,5.97,22301,KBS,2026-10-09T04:17:43Z
2022-07-15,SD5,5.97,5.97,5.97,5.97,25851,KBS,2026-10-09T04:17:43Z
2022-07-18,SD5,5.91,6.04,5.91,6.04,26300,KBS,2026-10-09T04:17:43Z
2022-07-19,SD5,5.91,5.97,5.84,5.91,86500,KBS,2026-10-09T04:17:43Z
2022-07-20,SD5,5.97,6.1,5.91,6.04,50403,KBS,2026-10-09T04:17:43Z
2022-07-21,SD5,5.97,6.04,5.91,6.04,21500,KBS,2026-10-09T04:17:43Z
2022-07-22,SD5,6.04,6.1,6.04,6.04,44000,KBS,2026-10-09T04:17:43Z
2022-07-25,SD5,5.97,6.1,5.97,6.1,2000,KBS,2026-10-09T04:17:43Z
2022-07-26,SD5,6.1,6.3,6.1,6.17,71100,KBS,2026-10-09T04:17:43Z
2022-07-27,SD5,6.1,6.17,6.1,6.17,5500,KBS,2026-10-09T04:17:43Z
2022-07-28,SD5,6.1,6.23,6.1,6.23,14400,KBS,2026-10-09T04:17:43Z
2022-07-29,SD5,6.17,6.3,6.17,6.23,13600,KBS,2026-10-09T04:17:43Z
2022-08-01,SD5,6.3,6.36,6.3,6.36,15102,KBS,2026-10-09T04:17:43Z
2022-08-02,SD5,6.36,6.43,6.36,6.43,12000,KBS,2026-10-09T04:17:43Z
2022-08-03,SD5,6.36,6.49,6.3,6.49,36100,KBS,2026-10-09T04:17:43Z
2022-08-04,SD5,6.49,6.49,6.36,6.43,43000,KBS,2026-10-09T04:17:43Z
2022-08-05,SD5,6.36,6.49,6.3,6.43,11100,KBS,2026-10-09T04:17:43Z
2022-08-08,SD5,6.43,6.43,6.23,6.36,62313,KBS,2026-10-09T04:17:43Z
2022-08-09,SD5,6.3,6.36,6.23,6.36,24200,KBS,2026-10-09T04:17:43Z
2022-08-10,SD5,6.36,6.36,6.3,6.36,18600,KBS,2026-10-09T04:17:43Z
2022-08-11,SD5,6.43,6.49,6.3,6.3,17200,KBS,2026-10-09T04:17:43Z
2022-08-12,SD5,6.36,6.43,6.36,6.36,6000,KBS,2026-10-09T04:17:43Z
2022-08-15,SD5,6.36,6.36,6.23,6.36,19900,KBS,2026-10-09T04:17:43Z
2022-08-16,SD5,6.3,6.43,6.3,6.36,86105,KBS,2026-10-09T04:17:43Z
2022-08-17,SD5,6.36,6.43,6.3,6.36,41400,KBS,2026-10-09T04:17:43Z
2022-08-18,SD5,6.3,6.3,6.3,6.3,9707,KBS,2026-10-09T04:17:43Z
2022-08-19,SD5,6.23,6.43,6.23,6.3,6700,KBS,2026-10-09T04:17:43Z
2022-08-22,SD5,6.3,6.3,6.17,6.3,9900,KBS,2026-10-09T04:17:43Z
2022-08-23,SD5,6.23,6.3,6.17,6.23,48810,KBS,2026-10-09T04:17:43Z
2022-08-24,SD5,6.23,6.36,6.23,6.36,37300,KBS,2026-10-09T04:17:43Z
2022-08-25,SD5,6.36,6.36,6.3,6.3,136071,KBS,2026-10-09T04:17:43Z
2022-08-26,SD5,6.36,6.36,6.3,6.36,58100,KBS,2026-10-09T04:17:43Z
2022-08-29,SD5,6.36,6.36,6.1,6.3,31806,KBS,2026-10-09T04:17:43Z
2022-08-30,SD5,6.3,6.43,6.3,6.43,63205,KBS,2026-10-09T04:17:43Z
2022-08-31,SD5,6.3,6.36,6.23,6.36,10600,KBS,2026-10-09T04:17:43Z
2022-09-05,SD5,6.36,6.36,6.3,6.3,13000,KBS,2026-10-09T04:17:43Z
2022-09-06,SD5,6.23,6.36,6.23,6.3,32200,KBS,2026-10-09T04:17:43Z
2022-09-07,SD5,6.3,6.3,6.23,6.3,55100,KBS,2026-10-09T04:17:43Z
2022-09-08,SD5,6.3,6.3,6.17,6.23,5900,KBS,2026-10-09T04:17:43Z
2022-09-09,SD5,6.23,6.23,6.23,6.23,11100,KBS,2026-10-09T04:17:43Z
2022-09-12,SD5,6.23,6.82,6.23,6.75,270200,KBS,2026-10-09T04:17:43Z
2022-09-13,SD5,6.56,6.56,6.49,6.56,12800,KBS,2026-10-09T04:17:43Z
2022-09-14,SD5,6.56,6.56,6.3,6.3,24520,KBS,2026-10-09T04:17:43Z
2022-09-15,SD5,6.36,6.43,6.3,6.43,31019,KBS,2026-10-09T04:17:43Z
2022-09-16,SD5,6.43,6.43,6.3,6.43,26070,KBS,2026-10-09T04:17:43Z
2022-09-19,SD5,6.3,6.3,6.23,6.3,23000,KBS,2026-10-09T04:17:43Z
2022-09-20,SD5,6.17,6.3,6.17,6.3,2711,KBS,2026-10-09T04:17:43Z
2022-09-21,SD5,6.3,6.3,6.17,6.3,41050,KBS,2026-10-09T04:17:43Z
2022-09-22,SD5,6.3,6.36,6.3,6.36,7800,KBS,2026-10-09T04:17:43Z
2022-09-23,SD5,6.36,6.36,6.23,6.23,19900,KBS,2026-10-09T04:17:43Z
2022-09-26,SD5,6.17,6.23,6.1,6.23,65400,KBS,2026-10-09T04:17:43Z
2022-09-27,SD5,6.17,6.23,6.17,6.23,21201,KBS,2026-10-09T04:17:43Z
2022-09-28,SD5,5.97,6.23,5.97,6.23,7619,KBS,2026-10-09T04:17:43Z
2022-09-29,SD5,6.1,6.1,6.1,6.1,2300,KBS,2026-10-09T04:17:43Z
2022-09-30,SD5,5.84,6.1,5.84,6.04,9610,KBS,2026-10-09T04:17:43Z
2022-10-03,SD5,6.04,6.3,5.84,5.97,14301,KBS,2026-10-09T04:17:43Z
2022-10-04,SD5,5.97,6.1,5.84,6.04,10710,KBS,2026-10-09T04:17:43Z
2022-10-05,SD5,6.04,6.1,6.04,6.1,6066,KBS,2026-10-09T04:17:43Z
2022-10-06,SD5,6.1,6.1,5.84,5.84,5800,KBS,2026-10-09T04:17:43Z
2022-10-07,SD5,5.91,5.91,5.52,5.72,55120,KBS,2026-10-09T04:17:43Z
2022-10-10,SD5,5.84,5.84,5.52,5.78,5315,KBS,2026-10-09T04:17:43Z
2022-10-11,SD5,5.72,5.84,5.65,5.72,903,KBS,2026-10-09T04:17:43Z
2022-10-12,SD5,5.2,5.72,5.2,5.72,1100,KBS,2026-10-09T04:17:43Z
2022-10-13,SD5,5.26,5.72,5.26,5.58,27105,KBS,2026-10-09T04:17:43Z
2022-10-14,SD5,5.58,5.72,5.58,5.65,52700,KBS,2026-10-09T04:17:43Z
2022-10-17,SD5,5.52,5.58,5.46,5.58,49700,KBS,2026-10-09T04:17:43Z
2022-10-18,SD5,5.58,5.72,5.52,5.58,57809,KBS,2026-10-09T04:17:43Z
2022-10-19,SD5,5.52,5.65,5.46,5.58,10410,KBS,2026-10-09T04:17:43Z
2022-10-20,SD5,5.46,5.65,5.46,5.65,8400,KBS,2026-10-09T04:17:43Z
2022-10-21,SD5,5.58,5.58,5.39,5.58,21700,KBS,2026-10-09T04:17:43Z
2022-10-24,SD5,5.46,5.46,5.2,5.39,56805,KBS,2026-10-09T04:17:43Z
2022-10-25,SD5,5.2,5.46,5.2,5.32,31200,KBS,2026-10-09T04:17:43Z
2022-10-26,SD5,5.2,5.46,5.2,5.26,45150,KBS,2026-10-09T04:17:43Z
2022-10-27,SD5,5.26,5.39,5.26,5.39,5000,KBS,2026-10-09T04:17:43Z
2022-10-28,SD5,5.26,5.46,5.26,5.46,8090,KBS,2026-10-09T04:17:43Z
2022-10-31,SD5,5.2,5.39,5.2,5.32,18400,KBS,2026-10-09T04:17:43Z
2022-11-01,SD5,5.2,5.39,5.2,5.39,18701,KBS,2026-10-09T04:17:43Z
2022-11-02,SD5,5.2,5.39,5.13,5.39,31900,KBS,2026-10-09T04:17:43Z
2022-11-03,SD5,5.13,5.32,5.13,5.32,47900,KBS,2026-10-09T04:17:43Z
2022-11-04,SD5,5.13,5.26,4.87,5.2,40400,KBS,2026-10-09T04:17:43Z
2022-11-07,SD5,4.93,5.07,4.87,5.07,78601,KBS,2026-10-09T04:17:43Z
2022-11-08,SD5,4.87,5.07,4.81,5.07,3200,KBS,2026-10-09T04:17:43Z
2022-11-09,SD5,5.0,5.07,5.0,5.0,23400,KBS,2026-10-09T04:17:43Z
2022-11-10,SD5,5.0,5.0,4.68,4.74,19900,KBS,2026-10-09T04:17:43Z
2022-11-11,SD5,4.74,4.81,4.55,4.81,15500,KBS,2026-10-09T04:17:43Z
2022-11-14,SD5,4.48,4.68,4.42,4.68,36300,KBS,2026-10-09T04:17:43Z
2022-11-15,SD5,4.22,4.29,4.22,4.22,156400,KBS,2026-10-09T04:17:43Z
2022-11-16,SD5,3.9,4.29,3.83,4.29,152700,KBS,2026-10-09T04:17:43Z
2022-11-17,SD5,3.9,4.48,3.9,4.48,3800,KBS,2026-10-09T04:17:43Z
2022-11-18,SD5,4.48,4.48,4.29,4.48,21800,KBS,2026-10-09T04:17:43Z
2022-11-21,SD5,4.09,4.55,4.09,4.42,14100,KBS,2026-10-09T04:17:43Z
2022-11-22,SD5,4.48,4.74,4.42,4.42,88601,KBS,2026-10-09T04:17:43Z
2022-11-23,SD5,4.68,4.68,4.35,4.35,19400,KBS,2026-10-09T04:17:43Z
2022-11-24,SD5,4.48,4.48,4.16,4.29,52548,KBS,2026-10-09T04:17:43Z
2022-11-25,SD5,4.35,4.42,4.35,4.42,14000,KBS,2026-10-09T04:17:43Z
2022-11-28,SD5,4.48,4.68,4.48,4.68,61821,KBS,2026-10-09T04:17:43Z
2022-11-29,SD5,4.74,4.74,4.61,4.68,73100,KBS,2026-10-09T04:17:43Z
2022-11-30,SD5,4.68,4.87,4.68,4.81,43710,KBS,2026-10-09T04:17:43Z
2022-12-01,SD5,4.81,5.0,4.74,4.87,13390,KBS,2026-10-09T04:17:43Z
2022-12-02,SD5,5.07,5.32,4.74,4.93,4000,KBS,2026-10-09T04:17:43Z
2022-12-05,SD5,5.2,5.2,4.93,5.0,14000,KBS,2026-10-09T04:17:43Z
2022-12-06,SD5,5.0,5.0,4.81,4.87,39900,KBS,2026-10-09T04:17:43Z
2022-12-07,SD5,4.61,4.81,4.55,4.81,83300,KBS,2026-10-09T04:17:43Z
2022-12-08,SD5,4.87,4.93,4.81,4.87,24112,KBS,2026-10-09T04:17:43Z
2022-12-09,SD5,4.87,4.87,4.87,4.87,6907,KBS,2026-10-09T04:17:43Z
2022-12-12,SD5,4.87,4.93,4.81,4.93,4500,KBS,2026-10-09T04:17:43Z
2022-12-13,SD5,4.87,4.93,4.74,4.93,6600,KBS,2026-10-09T04:17:43Z
2022-12-14,SD5,4.93,4.93,4.87,4.87,7100,KBS,2026-10-09T04:17:43Z
2022-12-15,SD5,4.87,4.87,4.87,4.87,100,KBS,2026-10-09T04:17:43Z
2022-12-16,SD5,4.74,4.93,4.74,4.93,7900,KBS,2026-10-09T04:17:43Z
2022-12-19,SD5,4.93,5.0,4.93,5.0,5000,KBS,2026-10-09T04:17:43Z
2022-12-20,SD5,4.81,5.0,4.81,4.93,500,KBS,2026-10-09T04:17:43Z
2022-12-21,SD5,4.74,4.74,4.68,4.74,7700,KBS,2026-10-09T04:17:43Z
2022-12-22,SD5,4.81,4.81,4.81,4.81,100,KBS,2026-10-09T04:17:43Z
2022-12-23,SD5,4.68,4.81,4.61,4.81,1500,KBS,2026-10-09T04:17:43Z
2022-12-26,SD5,4.81,4.81,4.74,4.74,3000,KBS,2026-10-09T04:17:43Z
2022-12-29,SD5,4.61,4.74,4.61,4.74,700,KBS,2026-10-09T04:17:43Z
2022-12-30,SD5,4.74,4.74,4.61,4.74,4700,KBS,2026-10-09T04:17:43Z
2023-01-03,SD5,4.68,5.07,4.61,4.74,19900,KBS,2026-10-09T04:17:43Z
2023-01-04,SD5,4.74,4.87,4.74,4.81,11700,KBS,2026-10-09T04:17:43Z
2023-01-05,SD5,4.81,4.87,4.74,4.87,3600,KBS,2026-10-09T04:17:43Z
2023-01-06,SD5,4.74,4.87,4.74,4.87,1400,KBS,2026-10-09T04:17:43Z
2023-01-09,SD5,4.87,4.87,4.87,4.87,1000,KBS,2026-10-09T04:17:43Z
2023-01-10,SD5,4.74,4.87,4.74,4.87,7600,KBS,2026-10-09T04:17:43Z
2023-01-11,SD5,4.87,4.87,4.87,4.87,200,KBS,2026-10-09T04:17:43Z
2023-01-12,SD5,4.74,4.81,4.74,4.81,4710,KBS,2026-10-09T04:17:43Z
2023-01-13,SD5,4.87,4.87,4.74,4.81,1900,KBS,2026-10-09T04:17:43Z
2023-01-16,SD5,4.81,4.87,4.74,4.74,7000,KBS,2026-10-09T04:17:43Z
2023-01-17,SD5,4.81,4.81,4.61,4.81,8200,KBS,2026-10-09T04:17:43Z
2023-01-18,SD5,4.81,4.87,4.74,4.87,15810,KBS,2026-10-09T04:17:43Z
2023-01-19,SD5,4.81,5.13,4.81,5.07,31800,KBS,2026-10-09T04:17:43Z
2023-01-27,SD5,5.13,5.32,5.13,5.26,39700,KBS,2026-10-09T04:17:43Z
2023-01-30,SD5,5.13,5.32,5.07,5.26,46200,KBS,2026-10-09T04:17:43Z
2023-01-31,SD5,5.26,5.26,5.07,5.26,38210,KBS,2026-10-09T04:17:43Z
2023-02-01,SD5,5.13,5.2,5.07,5.2,55200,KBS,2026-10-09T04:17:43Z
2023-02-02,SD5,5.07,5.2,5.07,5.13,21100,KBS,2026-10-09T04:17:43Z
2023-02-03,SD5,5.07,5.2,5.07,5.2,62610,KBS,2026-10-09T04:17:43Z
2023-02-06,SD5,5.2,5.46,5.13,5.46,213932,KBS,2026-10-09T04:17:43Z
2023-02-07,SD5,5.32,5.65,5.32,5.39,105600,KBS,2026-10-09T04:17:43Z
2023-02-08,SD5,5.32,5.46,5.25,5.25,41416,KBS,2026-10-09T04:17:43Z
2023-02-09,SD5,5.25,5.32,5.25,5.25,1300,KBS,2026-10-09T04:17:43Z
2023-02-10,SD5,5.32,5.32,5.18,5.25,1100,KBS,2026-10-09T04:17:43Z
2023-02-13,SD5,5.04,5.11,4.82,5.11,4000,KBS,2026-10-09T04:17:43Z
2023-02-14,SD5,5.11,5.11,4.68,4.82,800,KBS,2026-10-09T04:17:43Z
2023-02-15,SD5,4.96,4.96,4.82,4.82,13000,KBS,2026-10-09T04:17:43Z
2023-02-16,SD5,4.89,4.96,4.82,4.82,14101,KBS,2026-10-09T04:17:43Z
2023-02-17,SD5,4.96,4.96,4.82,4.82,21907,KBS,2026-10-09T04:17:43Z
2023-02-20,SD5,4.89,4.96,4.82,4.96,28210,KBS,2026-10-09T04:17:43Z
2023-02-21,SD5,4.89,5.04,4.82,5.04,27200,KBS,2026-10-09T04:17:43Z
2023-02-22,SD5,4.82,5.04,4.82,5.04,4800,KBS,2026-10-09T04:17:43Z
2023-02-23,SD5,5.04,5.04,4.68,4.96,15600,KBS,2026-10-09T04:17:43Z
2023-02-24,SD5,5.04,5.04,4.82,4.96,8600,KBS,2026-10-09T04:17:43Z
2023-02-27,SD5,4.89,4.96,4.75,4.96,11207,KBS,2026-10-09T04:17:43Z
2023-02-28,SD5,4.75,4.96,4.75,4.89,12500,KBS,2026-10-09T04:17:43Z
2023-03-01,SD5,4.96,4.96,4.82,4.89,2200,KBS,2026-10-09T04:17:43Z
2023-03-02,SD5,4.89,4.96,4.82,4.82,3503,KBS,2026-10-09T04:17:43Z
2023-03-03,SD5,4.89,4.89,4.75,4.75,7300,KBS,2026-10-09T04:17:43Z
2023-03-06,SD5,4.89,4.96,4.89,4.96,1600,KBS,2026-10-09T04:17:43Z
2023-03-07,SD5,4.89,4.96,4.89,4.89,11213,KBS,2026-10-09T04:17:43Z
2023-03-08,SD5,4.96,4.96,4.96,4.96,700,KBS,2026-10-09T04:17:43Z
2023-03-09,SD5,4.96,4.96,4.96,4.96,3000,KBS,2026-10-09T04:17:43Z
2023-03-10,SD5,5.04,5.04,4.89,4.89,700,KBS,2026-10-09T04:17:43Z
2023-03-13,SD5,4.82,4.89,4.75,4.89,6300,KBS,2026-10-09T04:17:43Z
2023-03-14,SD5,4.75,4.82,4.68,4.75,10400,KBS,2026-10-09T04:17:43Z
2023-03-15,SD5,4.89,4.96,4.82,4.82,6000,KBS,2026-10-09T04:17:43Z
2023-03-16,SD5,4.82,4.82,4.82,4.82,10900,KBS,2026-10-09T04:17:43Z
2023-03-17,SD5,4.89,4.89,4.75,4.75,700,KBS,2026-10-09T04:17:43Z
2023-03-20,SD5,4.82,4.82,4.75,4.82,2200,KBS,2026-10-09T04:17:43Z
2023-03-21,SD5,4.75,4.89,4.75,4.82,2408,KBS,2026-10-09T04:17:43Z
2023-03-22,SD5,4.89,4.89,4.54,4.89,6000,KBS,2026-10-09T04:17:43Z
2023-03-23,SD5,4.75,4.89,4.75,4.89,200,KBS,2026-10-09T04:17:43Z
2023-03-24,SD5,4.75,4.89,4.47,4.82,109200,KBS,2026-10-09T04:17:43Z
2023-03-27,SD5,4.82,4.82,4.54,4.68,10600,KBS,2026-10-09T04:17:43Z
2023-03-28,SD5,4.68,4.75,4.61,4.61,3010,KBS,2026-10-09T04:17:43Z
2023-03-29,SD5,4.68,4.68,4.61,4.61,1800,KBS,2026-10-09T04:17:43Z
2023-03-30,SD5,4.68,4.75,4.68,4.68,2400,KBS,2026-10-09T04:17:43Z
2023-03-31,SD5,4.61,4.68,4.61,4.68,5800,KBS,2026-10-09T04:17:43Z
2023-04-03,SD5,4.75,4.75,4.61,4.68,9900,KBS,2026-10-09T04:17:43Z
2023-04-04,SD5,4.75,4.82,4.68,4.68,6700,KBS,2026-10-09T04:17:43Z
2023-04-05,SD5,4.68,4.75,4.68,4.75,6710,KBS,2026-10-09T04:17:43Z
2023-04-06,SD5,4.75,4.89,4.68,4.89,15400,KBS,2026-10-09T04:17:43Z
2023-04-10,SD5,4.75,4.82,4.75,4.82,600,KBS,2026-10-09T04:17:43Z
2023-04-11,SD5,4.75,4.82,4.68,4.68,6900,KBS,2026-10-09T04:17:43Z
2023-04-12,SD5,4.75,4.75,4.54,4.75,7300,KBS,2026-10-09T04:17:43Z
2023-04-13,SD5,4.75,4.82,4.75,4.82,5900,KBS,2026-10-09T04:17:43Z
2023-04-14,SD5,4.61,4.82,4.61,4.82,9300,KBS,2026-10-09T04:17:43Z
2023-04-17,SD5,4.75,4.75,4.68,4.75,2100,KBS,2026-10-09T04:17:43Z
2023-04-18,SD5,4.75,4.82,4.75,4.82,6400,KBS,2026-10-09T04:17:43Z
2023-04-20,SD5,4.68,4.75,4.54,4.75,14200,KBS,2026-10-09T04:17:43Z
2023-04-21,SD5,4.68,4.82,4.68,4.82,2700,KBS,2026-10-09T04:17:43Z
2023-04-24,SD5,4.61,4.75,4.61,4.75,3420,KBS,2026-10-09T04:17:43Z
2023-04-25,SD5,4.75,4.82,4.68,4.82,7000,KBS,2026-10-09T04:17:43Z
2023-04-27,SD5,4.75,4.82,4.75,4.82,5100,KBS,2026-10-09T04:17:43Z
2023-04-28,SD5,4.82,4.82,4.68,4.82,4500,KBS,2026-10-09T04:17:43Z
2023-05-04,SD5,4.68,4.82,4.68,4.82,7100,KBS,2026-10-09T04:17:43Z
2023-05-05,SD5,4.68,4.82,4.68,4.82,200,KBS,2026-10-09T04:17:43Z
2023-05-08,SD5,4.75,4.96,4.75,4.89,23000,KBS,2026-10-09T04:17:43Z
2023-05-09,SD5,4.89,4.89,4.89,4.89,100,KBS,2026-10-09T04:17:43Z
2023-05-10,SD5,4.82,4.96,4.82,4.89,11510,KBS,2026-10-09T04:17:43Z
2023-05-11,SD5,4.89,5.04,4.89,5.04,43718,KBS,2026-10-09T04:17:43Z
2023-05-12,SD5,5.11,5.18,5.04,5.04,16611,KBS,2026-10-09T04:17:43Z
2023-05-15,SD5,5.04,5.18,5.04,5.11,41906,KBS,2026-10-09T04:17:43Z
2023-05-16,SD5,5.11,5.25,5.11,5.25,45900,KBS,2026-10-09T04:17:43Z
2023-05-17,SD5,5.18,5.18,4.75,5.18,9700,KBS,2026-10-09T04:17:43Z
2023-05-18,SD5,5.18,5.18,5.11,5.11,6300,KBS,2026-10-09T04:17:43Z
2023-05-19,SD5,4.96,5.11,4.96,5.11,7300,KBS,2026-10-09T04:17:43Z
2023-05-22,SD5,5.04,5.11,5.04,5.11,20200,KBS,2026-10-09T04:17:43Z
2023-05-23,SD5,5.11,5.11,5.04,5.04,6302,KBS,2026-10-09T04:17:43Z
2023-05-24,SD5,5.04,5.04,4.96,5.04,24000,KBS,2026-10-09T04:17:43Z
2023-05-25,SD5,4.89,5.04,4.89,5.04,11400,KBS,2026-10-09T04:17:43Z
2023-05-26,SD5,5.11,5.11,4.89,5.11,7611,KBS,2026-10-09T04:17:43Z
2023-05-29,SD5,4.96,5.25,4.96,5.18,38300,KBS,2026-10-09T04:17:43Z
2023-05-30,SD5,5.18,5.18,5.04,5.18,33400,KBS,2026-10-09T04:17:43Z
2023-05-31,SD5,5.18,5.39,5.04,5.25,250400,KBS,2026-10-09T04:17:43Z
2023-06-01,SD5,5.32,5.74,5.32,5.74,448907,KBS,2026-10-09T04:17:43Z
2023-06-02,SD5,6.31,6.31,6.03,6.31,1091362,KBS,2026-10-09T04:17:43Z
2023-06-05,SD5,6.31,6.6,5.74,5.96,353403,KBS,2026-10-09T04:17:43Z
2023-06-06,SD5,6.1,6.1,5.74,5.89,429407,KBS,2026-10-09T04:17:43Z
2023-06-07,SD5,5.89,6.45,5.89,6.45,713200,KBS,2026-10-09T04:17:43Z
2023-06-08,SD5,6.45,6.6,6.17,6.24,428700,KBS,2026-10-09T04:17:43Z
2023-06-09,SD5,6.24,6.31,5.82,6.03,242900,KBS,2026-10-09T04:17:43Z
2023-06-12,SD5,5.89,6.1,5.53,5.89,223710,KBS,2026-10-09T04:17:43Z
2023-06-13,SD5,5.89,6.1,5.82,5.82,293382,KBS,2026-10-09T04:17:43Z
2023-06-14,SD5,6.03,6.03,5.74,5.74,166303,KBS,2026-10-09T04:17:43Z
2023-06-15,SD5,5.82,5.82,5.6,5.74,82200,KBS,2026-10-09T04:17:43Z
2023-06-16,SD5,5.82,5.82,5.67,5.82,140100,KBS,2026-10-09T04:17:43Z
2023-06-19,SD5,5.82,5.82,5.32,5.46,252100,KBS,2026-10-09T04:17:43Z
2023-06-20,SD5,5.46,5.53,5.39,5.46,111600,KBS,2026-10-09T04:17:43Z
2023-06-21,SD5,5.53,5.6,5.39,5.53,83000,KBS,2026-10-09T04:17:43Z
2023-06-22,SD5,5.6,5.67,5.53,5.53,76300,KBS,2026-10-09T04:17:43Z
2023-06-23,SD5,5.53,5.53,5.39,5.46,62300,KBS,2026-10-09T04:17:43Z
2023-06-26,SD5,5.46,5.46,5.18,5.32,197800,KBS,2026-10-09T04:17:43Z
2023-06-27,SD5,5.32,5.46,5.18,5.25,107500,KBS,2026-10-09T04:17:43Z
2023-06-28,SD5,5.25,5.39,5.18,5.32,69700,KBS,2026-10-09T04:17:43Z
2023-06-29,SD5,5.32,5.32,5.18,5.18,38300,KBS,2026-10-09T04:17:43Z
2023-06-30,SD5,5.11,5.25,5.11,5.11,105811,KBS,2026-10-09T04:17:43Z
2023-07-03,SD5,5.18,5.18,5.04,5.04,67500,KBS,2026-10-09T04:17:43Z
2023-07-04,SD5,5.04,5.25,4.96,5.18,141600,KBS,2026-10-09T04:17:43Z
2023-07-05,SD5,5.18,5.25,5.11,5.18,76300,KBS,2026-10-09T04:17:43Z
2023-07-06,SD5,5.18,5.18,4.96,5.04,66200,KBS,2026-10-09T04:17:43Z
2023-07-07,SD5,5.04,5.18,4.96,5.11,182705,KBS,2026-10-09T04:17:43Z
2023-07-10,SD5,5.18,5.25,5.18,5.25,66230,KBS,2026-10-09T04:17:43Z
2023-07-11,SD5,5.25,5.32,5.18,5.25,89253,KBS,2026-10-09T04:17:43Z
2023-07-12,SD5,5.25,5.32,5.18,5.25,40103,KBS,2026-10-09T04:17:43Z
2023-07-13,SD5,5.25,5.32,5.25,5.25,51300,KBS,2026-10-09T04:17:43Z
2023-07-14,SD5,5.25,5.32,5.18,5.25,59800,KBS,2026-10-09T04:17:43Z
2023-07-17,SD5,5.25,5.32,5.25,5.25,80728,KBS,2026-10-09T04:17:43Z
2023-07-18,SD5,5.25,5.32,5.04,5.32,205600,KBS,2026-10-09T04:17:43Z
2023-07-19,SD5,5.32,5.67,5.32,5.32,251810,KBS,2026-10-09T04:17:43Z
2023-07-20,SD5,5.39,5.53,5.25,5.39,137300,KBS,2026-10-09T04:17:43Z
2023-07-21,SD5,5.46,5.53,5.39,5.39,206605,KBS,2026-10-09T04:17:43Z
2023-07-24,SD5,5.53,5.6,5.39,5.46,107814,KBS,2026-10-09T04:17:43Z
2023-07-25,SD5,5.53,5.53,5.46,5.46,178100,KBS,2026-10-09T04:17:43Z
2023-07-26,SD5,5.46,5.46,5.25,5.39,190626,KBS,2026-10-09T04:17:43Z
2023-07-27,SD5,5.39,5.46,5.32,5.39,87007,KBS,2026-10-09T04:17:43Z
2023-07-28,SD5,5.39,5.53,5.39,5.53,142800,KBS,2026-10-09T04:17:43Z
2023-07-31,SD5,5.53,5.67,5.53,5.67,184700,KBS,2026-10-09T04:17:43Z
2023-08-01,SD5,5.67,5.74,5.46,5.46,147200,KBS,2026-10-09T04:17:43Z
2023-08-02,SD5,5.39,5.53,5.39,5.46,96800,KBS,2026-10-09T04:17:43Z
2023-08-03,SD5,5.53,5.53,5.32,5.46,103505,KBS,2026-10-09T04:17:43Z
2023-08-04,SD5,5.46,5.53,5.39,5.53,125518,KBS,2026-10-09T04:17:43Z
2023-08-07,SD5,5.53,5.53,5.39,5.53,80380,KBS,2026-10-09T04:17:43Z
2023-08-08,SD5,5.53,5.6,5.46,5.53,105200,KBS,2026-10-09T04:17:43Z
2023-08-09,SD5,5.53,5.6,5.46,5.6,162507,KBS,2026-10-09T04:17:43Z
2023-08-10,SD5,5.6,5.82,5.53,5.6,261750,KBS,2026-10-09T04:17:43Z
2023-08-11,SD5,5.6,5.67,5.46,5.53,99200,KBS,2026-10-09T04:17:43Z
2023-08-14,SD5,5.53,5.67,5.53,5.6,54921,KBS,2026-10-09T04:17:43Z
2023-08-15,SD5,5.6,5.67,5.53,5.67,106800,KBS,2026-10-09T04:17:43Z
2023-08-16,SD5,5.53,5.67,5.53,5.6,51582,KBS,2026-10-09T04:17:43Z
2023-08-17,SD5,5.6,5.6,5.46,5.46,87100,KBS,2026-10-09T04:17:43Z
2023-08-18,SD5,5.39,5.46,5.04,5.04,264700,KBS,2026-10-09T04:17:43Z
2023-08-21,SD5,5.11,5.18,5.11,5.18,57627,KBS,2026-10-09T04:17:43Z
2023-08-22,SD5,5.18,5.18,5.04,5.18,92900,KBS,2026-10-09T04:17:43Z
2023-08-23,SD5,5.18,5.25,5.11,5.18,10600,KBS,2026-10-09T04:17:43Z
2023-08-24,SD5,5.18,5.25,5.18,5.25,38228,KBS,2026-10-09T04:17:43Z
2023-08-25,SD5,5.18,5.32,5.18,5.18,7232,KBS,2026-10-09T04:17:43Z
2023-08-28,SD5,5.25,5.25,5.11,5.25,34300,KBS,2026-10-09T04:17:43Z
2023-08-29,SD5,5.18,5.39,5.18,5.32,31500,KBS,2026-10-09T04:17:43Z
2023-08-30,SD5,5.32,5.32,5.25,5.32,12400,KBS,2026-10-09T04:17:43Z
2023-08-31,SD5,5.32,5.32,5.25,5.32,36200,KBS,2026-10-09T04:17:43Z
2023-09-05,SD5,5.32,5.39,5.32,5.39,17401,KBS,2026-10-09T04:17:43Z
2023-09-06,SD5,5.32,5.39,5.25,5.32,54900,KBS,2026-10-09T04:17:43Z
2023-09-07,SD5,5.32,5.32,5.25,5.25,31200,KBS,2026-10-09T04:17:43Z
2023-09-08,SD5,5.32,5.32,5.25,5.32,74800,KBS,2026-10-09T04:17:43Z
2023-09-11,SD5,5.32,5.32,5.25,5.25,51400,KBS,2026-10-09T04:17:43Z
2023-09-12,SD5,5.18,5.25,5.18,5.25,31300,KBS,2026-10-09T04:17:43Z
2023-09-13,SD5,5.18,5.25,5.11,5.25,60520,KBS,2026-10-09T04:17:43Z
2023-09-14,SD5,5.25,5.25,5.04,5.18,57700,KBS,2026-10-09T04:17:43Z
2023-09-15,SD5,5.18,5.25,5.18,5.18,13474,KBS,2026-10-09T04:17:43Z
2023-09-18,SD5,5.18,5.18,5.11,5.18,47400,KBS,2026-10-09T04:17:43Z
2023-09-19,SD5,5.18,5.25,5.11,5.25,32400,KBS,2026-10-09T04:17:43Z
2023-09-20,SD5,5.25,5.25,5.04,5.25,107600,KBS,2026-10-09T04:17:43Z
2023-09-21,SD5,5.25,5.32,5.18,5.25,13125,KBS,2026-10-09T04:17:43Z
2023-09-22,SD5,5.18,5.18,5.04,5.18,104000,KBS,2026-10-09T04:17:43Z
2023-09-25,SD5,5.11,5.18,5.04,5.04,54240,KBS,2026-10-09T04:17:43Z
2023-09-26,SD5,5.11,5.11,4.96,5.11,38603,KBS,2026-10-09T04:17:43Z
2023-09-27,SD5,5.11,5.11,4.89,5.04,29500,KBS,2026-10-09T04:17:43Z
2023-09-28,SD5,5.11,5.11,4.96,5.11,38500,KBS,2026-10-09T04:17:43Z
2023-09-29,SD5,5.11,5.25,5.11,5.25,40100,KBS,2026-10-09T04:17:43Z
2023-10-02,SD5,5.25,5.25,5.18,5.25,16100,KBS,2026-10-09T04:17:43Z
2023-10-03,SD5,5.25,5.25,5.04,5.18,91400,KBS,2026-10-09T04:17:43Z
2023-10-04,SD5,5.11,5.18,5.11,5.18,11100,KBS,2026-10-09T04:17:43Z
2023-10-05,SD5,5.11,5.18,5.11,5.18,2300,KBS,2026-10-09T04:17:43Z
2023-10-06,SD5,5.11,5.18,5.11,5.18,11800,KBS,2026-10-09T04:17:43Z
2023-10-09,SD5,5.18,5.18,5.18,5.18,100,KBS,2026-10-09T04:17:43Z
2023-10-10,SD5,5.11,5.25,5.11,5.25,19201,KBS,2026-10-09T04:17:43Z
2023-10-11,SD5,5.18,5.25,5.18,5.25,900,KBS,2026-10-09T04:17:43Z
2023-10-12,SD5,5.25,5.39,5.18,5.39,144400,KBS,2026-10-09T04:17:43Z
2023-10-13,SD5,5.39,5.39,5.25,5.32,26910,KBS,2026-10-09T04:17:43Z
2023-10-16,SD5,5.32,5.32,5.18,5.32,23800,KBS,2026-10-09T04:17:43Z
2023-10-17,SD5,5.25,5.32,5.11,5.32,10700,KBS,2026-10-09T04:17:43Z
2023-10-18,SD5,5.18,5.32,5.11,5.18,26811,KBS,2026-10-09T04:17:43Z
2023-10-19,SD5,5.11,5.18,5.04,5.18,19800,KBS,2026-10-09T04:17:43Z
2023-10-20,SD5,5.11,5.18,5.11,5.18,10300,KBS,2026-10-09T04:17:43Z
2023-10-23,SD5,5.04,5.18,5.04,5.18,5300,KBS,2026-10-09T04:17:43Z
2023-10-24,SD5,5.11,5.18,5.11,5.18,3900,KBS,2026-10-09T04:17:43Z
2023-10-25,SD5,5.18,5.25,5.18,5.18,59500,KBS,2026-10-09T04:17:43Z
2023-10-26,SD5,5.11,5.25,5.04,5.18,101200,KBS,2026-10-09T04:17:43Z
2023-10-27,SD5,5.18,5.32,5.04,5.18,29900,KBS,2026-10-09T04:17:43Z
2023-10-30,SD5,5.11,5.25,5.04,5.25,32000,KBS,2026-10-09T04:17:43Z
2023-10-31,SD5,5.11,5.18,5.04,5.18,71200,KBS,2026-10-09T04:17:43Z
2023-11-01,SD5,5.11,5.18,5.04,5.18,35900,KBS,2026-10-09T04:17:43Z
2023-11-02,SD5,5.18,5.25,5.18,5.25,46100,KBS,2026-10-09T04:17:43Z
2023-11-03,SD5,5.18,5.25,5.18,5.25,3300,KBS,2026-10-09T04:17:43Z
2023-11-06,SD5,5.25,5.25,5.18,5.25,23800,KBS,2026-10-09T04:17:43Z
2023-11-07,SD5,5.11,5.25,5.11,5.25,6601,KBS,2026-10-09T04:17:43Z
2023-11-08,SD5,5.18,5.25,5.11,5.25,4800,KBS,2026-10-09T04:17:43Z
2023-11-09,SD5,5.18,5.32,5.18,5.25,50800,KBS,2026-10-09T04:17:43Z
2023-11-10,SD5,5.18,5.25,5.18,5.25,14500,KBS,2026-10-09T04:17:43Z
2023-11-13,SD5,5.18,5.25,5.18,5.25,2100,KBS,2026-10-09T04:17:43Z
2023-11-14,SD5,5.18,5.25,5.18,5.18,12700,KBS,2026-10-09T04:17:43Z
2023-11-15,SD5,5.18,5.25,5.18,5.18,76200,KBS,2026-10-09T04:17:43Z
2023-11-16,SD5,5.18,5.25,5.11,5.25,2900,KBS,2026-10-09T04:17:43Z
2023-11-17,SD5,5.25,5.25,5.18,5.25,30600,KBS,2026-10-09T04:17:43Z
2023-11-20,SD5,5.18,5.25,5.18,5.25,200,KBS,2026-10-09T04:17:43Z
2023-11-21,SD5,5.18,5.25,5.18,5.25,11400,KBS,2026-10-09T04:17:43Z
2023-11-22,SD5,5.25,5.25,5.18,5.25,5200,KBS,2026-10-09T04:17:43Z
2023-11-23,SD5,5.18,5.25,5.18,5.18,17304,KBS,2026-10-09T04:17:43Z
2023-11-24,SD5,5.18,5.25,5.11,5.18,23300,KBS,2026-10-09T04:17:43Z
2023-11-27,SD5,5.11,5.18,5.11,5.18,32300,KBS,2026-10-09T04:17:43Z
2023-11-28,SD5,5.11,5.18,5.11,5.18,28700,KBS,2026-10-09T04:17:43Z
2023-11-29,SD5,5.11,5.18,5.11,5.18,4103,KBS,2026-10-09T04:17:43Z
2023-11-30,SD5,5.11,5.18,5.11,5.18,12200,KBS,2026-10-09T04:17:43Z
2023-12-01,SD5,5.11,5.18,5.11,5.18,3100,KBS,2026-10-09T04:17:43Z
2023-12-04,SD5,5.18,5.25,5.18,5.25,16300,KBS,2026-10-09T04:17:43Z
2023-12-05,SD5,5.25,5.25,5.18,5.18,23000,KBS,2026-10-09T04:17:43Z
2023-12-06,SD5,5.18,5.25,5.11,5.25,35600,KBS,2026-10-09T04:17:43Z
2023-12-07,SD5,5.18,5.25,5.11,5.25,115900,KBS,2026-10-09T04:17:43Z
2023-12-08,SD5,5.18,5.25,5.11,5.18,15830,KBS,2026-10-09T04:17:43Z
2023-12-11,SD5,5.25,5.25,5.18,5.18,4301,KBS,2026-10-09T04:17:43Z
2023-12-12,SD5,5.11,5.25,5.11,5.18,28700,KBS,2026-10-09T04:17:43Z
2023-12-13,SD5,5.18,5.25,5.18,5.18,11000,KBS,2026-10-09T04:17:43Z
2023-12-14,SD5,5.11,5.25,5.11,5.18,27500,KBS,2026-10-09T04:17:43Z
2023-12-15,SD5,5.25,5.25,5.18,5.18,12500,KBS,2026-10-09T04:17:43Z
2023-12-18,SD5,5.18,5.18,5.11,5.18,16100,KBS,2026-10-09T04:17:43Z
2023-12-19,SD5,5.18,5.18,5.18,5.18,21300,KBS,2026-10-09T04:17:43Z
2023-12-20,SD5,5.25,5.25,5.18,5.25,2305,KBS,2026-10-09T04:17:43Z
2023-12-21,SD5,5.18,5.25,5.11,5.25,8501,KBS,2026-10-09T04:17:43Z
2023-12-22,SD5,5.11,5.25,5.11,5.18,7473,KBS,2026-10-09T04:17:43Z
2023-12-25,SD5,5.11,5.25,5.11,5.25,13700,KBS,2026-10-09T04:17:43Z
2023-12-26,SD5,5.18,5.25,5.18,5.25,2200,KBS,2026-10-09T04:17:43Z
2023-12-27,SD5,5.18,5.25,5.18,5.25,16954,KBS,2026-10-09T04:17:43Z
2023-12-28,SD5,5.25,5.32,5.25,5.32,14600,KBS,2026-10-09T04:17:43Z
2023-12-29,SD5,5.25,5.25,5.25,5.25,66200,KBS,2026-10-09T04:17:43Z
2024-01-02,SD5,5.25,5.32,5.25,5.32,21530,KBS,2026-10-09T04:17:43Z
2024-01-03,SD5,5.25,5.32,5.25,5.32,3100,KBS,2026-10-09T04:17:43Z
2024-01-04,SD5,5.25,5.39,5.25,5.32,26804,KBS,2026-10-09T04:17:43Z
2024-01-05,SD5,5.32,5.39,5.25,5.32,15600,KBS,2026-10-09T04:17:43Z
2024-01-08,SD5,5.32,5.39,5.25,5.39,21600,KBS,2026-10-09T04:17:43Z
2024-01-09,SD5,5.32,5.39,5.32,5.39,7500,KBS,2026-10-09T04:17:43Z
2024-01-10,SD5,5.32,5.39,5.32,5.39,2100,KBS,2026-10-09T04:17:43Z
2024-01-11,SD5,5.39,5.39,5.32,5.32,4000,KBS,2026-10-09T04:17:43Z
2024-01-12,SD5,5.25,5.32,5.18,5.32,29300,KBS,2026-10-09T04:17:43Z
2024-01-15,SD5,5.32,5.32,5.18,5.25,94800,KBS,2026-10-09T04:17:43Z
2024-01-16,SD5,5.25,5.32,5.18,5.32,800,KBS,2026-10-09T04:17:43Z
2024-01-17,SD5,5.32,5.39,5.32,5.39,19310,KBS,2026-10-09T04:17:43Z
2024-01-18,SD5,5.25,5.39,5.25,5.32,4500,KBS,2026-10-09T04:17:43Z
2024-01-19,SD5,5.25,5.32,5.25,5.32,14200,KBS,2026-10-09T04:17:43Z
2024-01-22,SD5,5.25,5.32,5.25,5.32,25500,KBS,2026-10-09T04:17:43Z
2024-01-23,SD5,5.18,5.32,5.18,5.32,8800,KBS,2026-10-09T04:17:43Z
2024-01-24,SD5,5.25,5.32,5.25,5.32,5100,KBS,2026-10-09T04:17:43Z
2024-01-25,SD5,5.32,5.39,5.25,5.39,29200,KBS,2026-10-09T04:17:43Z
2024-01-26,SD5,5.32,5.39,5.32,5.32,2700,KBS,2026-10-09T04:17:43Z
2024-01-29,SD5,5.32,5.46,5.32,5.39,54800,KBS,2026-10-09T04:17:43Z
2024-01-30,SD5,5.32,5.46,5.32,5.46,43600,KBS,2026-10-09T04:17:43Z
2024-01-31,SD5,5.46,5.53,5.46,5.46,103410,KBS,2026-10-09T04:17:43Z
2024-02-01,SD5,5.39,5.53,5.39,5.53,33300,KBS,2026-10-09T04:17:43Z
2024-02-02,SD5,5.53,5.6,5.46,5.53,48700,KBS,2026-10-09T04:17:43Z
2024-02-05,SD5,5.53,5.6,5.46,5.53,49400,KBS,2026-10-09T04:17:43Z
2024-02-06,SD5,5.53,5.6,5.46,5.46,27800,KBS,2026-10-09T04:17:43Z
2024-02-07,SD5,5.53,5.53,5.53,5.53,29710,KBS,2026-10-09T04:17:43Z
2024-02-15,SD5,5.53,5.6,5.53,5.6,47055,KBS,2026-10-09T04:17:43Z
2024-02-16,SD5,5.67,5.74,5.6,5.74,57500,KBS,2026-10-09T04:17:43Z
2024-02-19,SD5,5.82,5.96,5.82,5.89,130758,KBS,2026-10-09T04:17:43Z
2024-02-20,SD5,5.89,5.96,5.89,5.96,39100,KBS,2026-10-09T04:17:43Z
2024-02-21,SD5,5.96,5.96,5.74,5.96,56900,KBS,2026-10-09T04:17:43Z
2024-02-22,SD5,5.89,5.96,5.82,5.96,29010,KBS,2026-10-09T04:17:43Z
2024-02-23,SD5,5.96,5.96,5.82,5.89,140720,KBS,2026-10-09T04:17:43Z
2024-02-26,SD5,5.96,5.96,5.82,5.82,43705,KBS,2026-10-09T04:17:43Z
2024-02-27,SD5,5.89,5.96,5.82,5.89,49020,KBS,2026-10-09T04:17:43Z
2024-02-28,SD5,5.82,5.82,5.74,5.74,30870,KBS,2026-10-09T04:17:43Z
2024-02-29,SD5,5.74,5.89,5.74,5.74,36700,KBS,2026-10-09T04:17:43Z
2024-03-01,SD5,5.74,5.89,5.74,5.82,14200,KBS,2026-10-09T04:17:43Z
2024-03-04,SD5,5.82,5.96,5.82,5.82,465007,KBS,2026-10-09T04:17:43Z
2024-03-05,SD5,6.2,6.2,5.59,5.97,42830,KBS,2026-10-09T04:17:43Z
2024-03-06,SD5,5.89,5.89,5.82,5.89,14771,KBS,2026-10-09T04:17:43Z
2024-03-07,SD5,5.82,5.89,5.82,5.82,14020,KBS,2026-10-09T04:17:43Z
2024-03-08,SD5,5.74,5.82,5.74,5.82,37216,KBS,2026-10-09T04:17:43Z
2024-03-11,SD5,5.66,5.82,5.59,5.82,57114,KBS,2026-10-09T04:17:43Z
2024-03-12,SD5,5.74,5.82,5.74,5.82,6632,KBS,2026-10-09T04:17:43Z
2024-03-13,SD5,5.74,5.82,5.74,5.82,26301,KBS,2026-10-09T04:17:43Z
2024-03-14,SD5,5.74,5.89,5.74,5.89,25000,KBS,2026-10-09T04:17:43Z
2024-03-15,SD5,5.82,5.82,5.74,5.82,27401,KBS,2026-10-09T04:17:43Z
2024-03-18,SD5,5.82,5.82,5.66,5.82,26313,KBS,2026-10-09T04:17:43Z
2024-03-19,SD5,5.74,5.82,5.74,5.82,27602,KBS,2026-10-09T04:17:43Z
2024-03-20,SD5,5.74,5.82,5.74,5.82,26500,KBS,2026-10-09T04:17:43Z
2024-03-21,SD5,5.82,5.89,5.74,5.82,46745,KBS,2026-10-09T04:17:43Z
2024-03-22,SD5,5.82,5.89,5.82,5.82,40506,KBS,2026-10-09T04:17:43Z
2024-03-25,SD5,5.82,5.89,5.82,5.82,4100,KBS,2026-10-09T04:17:43Z
2024-03-26,SD5,5.82,5.89,5.74,5.89,3900,KBS,2026-10-09T04:17:43Z
2024-03-27,SD5,5.89,5.89,5.82,5.89,21519,KBS,2026-10-09T04:17:43Z
2024-03-28,SD5,5.82,5.89,5.74,5.89,64500,KBS,2026-10-09T04:17:43Z
2024-03-29,SD5,5.82,5.97,5.82,5.89,27322,KBS,2026-10-09T04:17:43Z
2024-04-01,SD5,5.89,5.97,5.82,5.89,48200,KBS,2026-10-09T04:17:43Z
2024-04-02,SD5,5.82,5.89,5.82,5.89,18418,KBS,2026-10-09T04:17:43Z
2024-04-03,SD5,5.82,5.89,5.82,5.89,39200,KBS,2026-10-09T04:17:43Z
2024-04-04,SD5,5.82,5.89,5.82,5.89,19300,KBS,2026-10-09T04:17:43Z
2024-04-05,SD5,5.82,5.82,5.74,5.82,70900,KBS,2026-10-09T04:17:43Z
2024-04-08,SD5,5.82,5.82,5.82,5.82,14002,KBS,2026-10-09T04:17:43Z
2024-04-09,SD5,5.82,5.82,5.74,5.82,27700,KBS,2026-10-09T04:17:43Z
2024-04-10,SD5,5.74,5.82,5.74,5.82,5500,KBS,2026-10-09T04:17:43Z
2024-04-11,SD5,5.74,5.82,5.74,5.82,9500,KBS,2026-10-09T04:17:43Z
2024-04-12,SD5,5.82,5.82,5.82,5.82,7000,KBS,2026-10-09T04:17:43Z
2024-04-15,SD5,5.82,5.82,5.74,5.74,16800,KBS,2026-10-09T04:17:43Z
2024-04-16,SD5,5.74,5.74,5.59,5.74,104900,KBS,2026-10-09T04:17:43Z
2024-04-17,SD5,5.66,5.66,5.59,5.59,17400,KBS,2026-10-09T04:17:43Z
2024-04-19,SD5,5.59,5.59,5.51,5.59,48235,KBS,2026-10-09T04:17:43Z
2024-04-22,SD5,5.59,5.66,5.59,5.66,11200,KBS,2026-10-09T04:17:43Z
2024-04-23,SD5,5.59,5.66,5.51,5.66,2500,KBS,2026-10-09T04:17:43Z
2024-04-24,SD5,5.59,5.66,5.59,5.66,4500,KBS,2026-10-09T04:17:43Z
2024-04-25,SD5,5.59,5.66,5.59,5.66,6303,KBS,2026-10-09T04:17:43Z
2024-04-26,SD5,5.59,5.66,5.59,5.66,17674,KBS,2026-10-09T04:17:43Z
2024-05-02,SD5,5.66,5.74,5.59,5.74,12500,KBS,2026-10-09T04:17:43Z
2024-05-03,SD5,5.66,5.74,5.66,5.74,9800,KBS,2026-10-09T04:17:43Z
2024-05-06,SD5,5.74,5.74,5.66,5.74,18600,KBS,2026-10-09T04:17:43Z
2024-05-07,SD5,5.66,5.74,5.66,5.74,6200,KBS,2026-10-09T04:17:43Z
2024-05-08,SD5,5.74,5.74,5.66,5.66,4105,KBS,2026-10-09T04:17:43Z
2024-05-09,SD5,5.66,5.74,5.66,5.74,29200,KBS,2026-10-09T04:17:43Z
2024-05-10,SD5,5.66,5.74,5.66,5.74,10305,KBS,2026-10-09T04:17:43Z
2024-05-13,SD5,5.66,5.97,5.66,5.89,89000,KBS,2026-10-09T04:17:43Z
2024-05-14,SD5,6.04,6.2,5.97,6.2,86100,KBS,2026-10-09T04:17:43Z
2024-05-15,SD5,6.2,6.28,6.12,6.28,109330,KBS,2026-10-09T04:17:43Z
2024-05-16,SD5,6.35,6.35,6.12,6.2,49500,KBS,2026-10-09T04:17:43Z
2024-05-17,SD5,6.12,6.12,5.89,6.12,33800,KBS,2026-10-09T04:17:43Z
2024-05-20,SD5,6.04,6.12,5.97,6.12,76700,KBS,2026-10-09T04:17:43Z
2024-05-21,SD5,6.04,6.04,6.04,6.04,7700,KBS,2026-10-09T04:17:43Z
2024-05-22,SD5,6.04,6.04,5.89,5.97,17700,KBS,2026-10-09T04:17:43Z
2024-05-23,SD5,5.97,6.04,5.97,5.97,22806,KBS,2026-10-09T04:17:43Z
2024-05-24,SD5,5.97,6.04,5.82,5.97,88700,KBS,2026-10-09T04:17:43Z
2024-05-27,SD5,5.89,5.97,5.89,5.97,7200,KBS,2026-10-09T04:17:43Z
2024-05-28,SD5,5.89,5.97,5.89,5.97,48500,KBS,2026-10-09T04:17:43Z
2024-05-29,SD5,5.97,6.12,5.97,6.04,14900,KBS,2026-10-09T04:17:43Z
2024-05-30,SD5,5.97,5.97,5.97,5.97,5300,KBS,2026-10-09T04:17:43Z
2024-05-31,SD5,5.97,5.97,5.97,5.97,3300,KBS,2026-10-09T04:17:43Z
2024-06-03,SD5,6.04,6.12,5.97,6.12,21400,KBS,2026-10-09T04:17:43Z
2024-06-04,SD5,5.97,6.12,5.97,6.12,7021,KBS,2026-10-09T04:17:43Z
2024-06-05,SD5,6.04,6.04,5.97,6.04,28400,KBS,2026-10-09T04:17:43Z
2024-06-06,SD5,6.04,6.04,5.97,6.04,20300,KBS,2026-10-09T04:17:43Z
2024-06-07,SD5,6.12,6.12,6.04,6.04,47700,KBS,2026-10-09T04:17:43Z
2024-06-10,SD5,6.04,6.12,5.97,6.04,14200,KBS,2026-10-09T04:17:43Z
2024-06-11,SD5,6.04,6.12,6.04,6.12,15906,KBS,2026-10-09T04:17:43Z
2024-06-12,SD5,6.12,6.12,6.04,6.12,3200,KBS,2026-10-09T04:17:43Z
2024-06-13,SD5,6.12,6.28,6.04,6.2,68301,KBS,2026-10-09T04:17:43Z
2024-06-14,SD5,6.12,6.2,6.04,6.12,31502,KBS,2026-10-09T04:17:43Z
2024-06-17,SD5,6.12,6.12,6.12,6.12,5100,KBS,2026-10-09T04:17:43Z
2024-06-18,SD5,6.12,6.2,6.04,6.04,27800,KBS,2026-10-09T04:17:43Z
2024-06-19,SD5,6.04,6.2,6.04,6.2,15400,KBS,2026-10-09T04:17:43Z
2024-06-20,SD5,6.12,6.2,6.04,6.12,42310,KBS,2026-10-09T04:17:43Z
2024-06-21,SD5,6.12,6.2,6.04,6.12,25300,KBS,2026-10-09T04:17:43Z
2024-06-24,SD5,6.2,6.28,6.04,6.04,34000,KBS,2026-10-09T04:17:43Z
2024-06-25,SD5,6.04,6.2,6.04,6.12,16701,KBS,2026-10-09T04:17:43Z
2024-06-26,SD5,6.12,6.12,6.04,6.12,15203,KBS,2026-10-09T04:17:43Z
2024-06-27,SD5,6.12,6.12,6.04,6.04,23200,KBS,2026-10-09T04:17:43Z
2024-06-28,SD5,6.04,6.04,5.89,5.89,41500,KBS,2026-10-09T04:17:43Z
2024-07-01,SD5,5.97,5.97,5.89,5.97,25700,KBS,2026-10-09T04:17:43Z
2024-07-02,SD5,5.89,5.97,5.74,5.97,60800,KBS,2026-10-09T04:17:43Z
2024-07-03,SD5,5.97,5.97,5.89,5.97,17783,KBS,2026-10-09T04:17:43Z
2024-07-04,SD5,5.82,5.97,5.82,5.97,15207,KBS,2026-10-09T04:17:43Z
2024-07-05,SD5,5.97,5.97,5.89,5.89,23405,KBS,2026-10-09T04:17:43Z
2024-07-08,SD5,5.97,6.04,5.89,6.04,5400,KBS,2026-10-09T04:17:43Z
2024-07-09,SD5,5.97,6.04,5.97,6.04,10100,KBS,2026-10-09T04:17:43Z
2024-07-10,SD5,6.04,6.04,5.97,5.97,200,KBS,2026-10-09T04:17:43Z
2024-07-11,SD5,6.04,6.04,5.97,5.97,29601,KBS,2026-10-09T04:17:43Z
2024-07-12,SD5,5.97,5.97,5.97,5.97,17300,KBS,2026-10-09T04:17:43Z
2024-07-15,SD5,5.97,6.04,5.97,6.04,6700,KBS,2026-10-09T04:17:43Z
2024-07-16,SD5,6.04,6.04,5.97,5.97,30500,KBS,2026-10-09T04:17:43Z
2024-07-17,SD5,6.04,6.04,5.89,5.97,21300,KBS,2026-10-09T04:17:43Z
2024-07-18,SD5,5.97,5.97,5.89,5.97,35300,KBS,2026-10-09T04:17:43Z
2024-07-19,SD5,5.97,5.97,5.82,5.89,20806,KBS,2026-10-09T04:17:43Z
2024-07-22,SD5,5.89,5.89,5.82,5.89,652810,KBS,2026-10-09T04:17:43Z
2024-07-23,SD5,5.89,5.97,5.82,5.82,14500,KBS,2026-10-09T04:17:43Z
2024-07-24,SD5,5.82,5.82,5.82,5.82,5800,KBS,2026-10-09T04:17:43Z
2024-07-25,SD5,5.82,5.89,5.82,5.89,4100,KBS,2026-10-09T04:17:43Z
2024-07-26,SD5,5.89,5.97,5.82,5.97,3300,KBS,2026-10-09T04:17:43Z
2024-07-29,SD5,5.97,5.97,5.97,5.97,13410,KBS,2026-10-09T04:17:43Z
2024-07-30,SD5,5.97,5.97,5.89,5.97,35600,KBS,2026-10-09T04:17:43Z
2024-07-31,SD5,5.97,5.97,5.97,5.97,5300,KBS,2026-10-09T04:17:43Z
2024-08-01,SD5,5.97,5.97,5.82,5.97,36000,KBS,2026-10-09T04:17:43Z
2024-08-02,SD5,5.89,5.89,5.82,5.89,23600,KBS,2026-10-09T04:17:43Z
2024-08-05,SD5,5.89,5.89,5.74,5.82,27900,KBS,2026-10-09T04:17:43Z
2024-08-06,SD5,5.82,5.89,5.74,5.89,73900,KBS,2026-10-09T04:17:43Z
2024-08-07,SD5,5.82,5.89,5.82,5.89,44700,KBS,2026-10-09T04:17:43Z
2024-08-08,SD5,5.82,5.89,5.82,5.82,46600,KBS,2026-10-09T04:17:43Z
2024-08-09,SD5,5.82,5.82,5.82,5.82,8025,KBS,2026-10-09T04:17:43Z
2024-08-12,SD5,5.89,5.89,5.82,5.82,14202,KBS,2026-10-09T04:17:43Z
2024-08-13,SD5,5.89,5.89,5.82,5.82,22420,KBS,2026-10-09T04:17:43Z
2024-08-14,SD5,5.82,5.89,5.82,5.89,8202,KBS,2026-10-09T04:17:43Z
2024-08-15,SD5,5.82,5.89,5.82,5.89,24920,KBS,2026-10-09T04:17:43Z
2024-08-16,SD5,5.89,5.97,5.89,5.97,11300,KBS,2026-10-09T04:17:43Z
2024-08-19,SD5,5.89,5.89,5.82,5.89,14700,KBS,2026-10-09T04:17:43Z
2024-08-20,SD5,5.89,5.89,5.82,5.89,13600,KBS,2026-10-09T04:17:43Z
2024-08-21,SD5,5.89,5.89,5.82,5.89,5100,KBS,2026-10-09T04:17:43Z
2024-08-22,SD5,5.89,5.89,5.82,5.89,1700,KBS,2026-10-09T04:17:43Z
2024-08-23,SD5,5.82,5.89,5.82,5.89,23010,KBS,2026-10-09T04:17:43Z
2024-08-26,SD5,5.82,5.82,5.82,5.82,1100,KBS,2026-10-09T04:17:43Z
2024-08-27,SD5,5.89,5.89,5.82,5.89,11210,KBS,2026-10-09T04:17:43Z
2024-08-28,SD5,5.89,5.89,5.82,5.82,14200,KBS,2026-10-09T04:17:43Z
2024-08-29,SD5,5.82,5.82,5.82,5.82,500,KBS,2026-10-09T04:17:43Z
2024-08-30,SD5,5.89,5.89,5.89,5.89,2600,KBS,2026-10-09T04:17:43Z
2024-09-04,SD5,5.82,5.89,5.82,5.89,15800,KBS,2026-10-09T04:17:43Z
2024-09-05,SD5,5.89,5.89,5.82,5.89,48200,KBS,2026-10-09T04:17:43Z
2024-09-06,SD5,5.82,5.82,5.82,5.82,13000,KBS,2026-10-09T04:17:43Z
2024-09-09,SD5,5.82,5.82,5.82,5.82,4400,KBS,2026-10-09T04:17:43Z
2024-09-10,SD5,5.82,5.89,5.82,5.89,16900,KBS,2026-10-09T04:17:43Z
2024-09-11,SD5,5.74,5.82,5.74,5.82,11800,KBS,2026-10-09T04:17:43Z
2024-09-12,SD5,5.82,5.82,5.82,5.82,3602,KBS,2026-10-09T04:17:43Z
2024-09-13,SD5,5.82,5.89,5.82,5.82,14900,KBS,2026-10-09T04:17:43Z
2024-09-16,SD5,5.82,5.82,5.74,5.82,13300,KBS,2026-10-09T04:17:43Z
2024-09-17,SD5,5.82,5.89,5.74,5.89,19700,KBS,2026-10-09T04:17:43Z
2024-09-18,SD5,5.82,5.82,5.82,5.82,100,KBS,2026-10-09T04:17:43Z
2024-09-19,SD5,5.82,5.82,5.82,5.82,3900,KBS,2026-10-09T04:17:43Z
2024-09-20,SD5,5.82,5.89,5.82,5.89,203,KBS,2026-10-09T04:17:43Z
2024-09-23,SD5,5.82,5.82,5.82,5.82,4057,KBS,2026-10-09T04:17:43Z
2024-09-24,SD5,5.82,5.82,5.82,5.82,7100,KBS,2026-10-09T04:17:43Z
2024-09-25,SD5,5.82,5.82,5.74,5.74,32400,KBS,2026-10-09T04:17:43Z
2024-09-26,SD5,5.74,5.82,5.74,5.82,26707,KBS,2026-10-09T04:17:43Z
2024-09-27,SD5,5.82,5.82,5.74,5.82,11201,KBS,2026-10-09T04:17:43Z
2024-09-30,SD5,5.82,5.82,5.82,5.82,2101,KBS,2026-10-09T04:17:43Z
2024-10-01,SD5,5.82,5.82,5.82,5.82,13609,KBS,2026-10-09T04:17:43Z
2024-10-02,SD5,5.82,5.82,5.82,5.82,5300,KBS,2026-10-09T04:17:43Z
2024-10-03,SD5,5.82,5.82,5.74,5.82,8958,KBS,2026-10-09T04:17:43Z
2024-10-04,SD5,5.82,5.82,5.82,5.82,7700,KBS,2026-10-09T04:17:43Z
2024-10-07,SD5,5.82,5.89,5.82,5.89,14800,KBS,2026-10-09T04:17:43Z
2024-10-08,SD5,5.89,5.89,5.89,5.89,2250,KBS,2026-10-09T04:17:43Z
2024-10-09,SD5,5.82,5.82,5.74,5.82,41600,KBS,2026-10-09T04:17:43Z
2024-10-10,SD5,5.89,5.89,5.82,5.82,10901,KBS,2026-10-09T04:17:43Z
2024-10-11,SD5,5.82,5.82,5.82,5.82,13994,KBS,2026-10-09T04:17:43Z
2024-10-14,SD5,5.82,5.82,5.74,5.74,13400,KBS,2026-10-09T04:17:43Z
2024-10-15,SD5,5.82,5.82,5.74,5.82,27000,KBS,2026-10-09T04:17:43Z
2024-10-16,SD5,5.82,5.82,5.82,5.82,500,KBS,2026-10-09T04:17:43Z
2024-10-17,SD5,5.82,5.82,5.82,5.82,13300,KBS,2026-10-09T04:17:43Z
2024-10-18,SD5,5.82,5.82,5.82,5.82,600,KBS,2026-10-09T04:17:43Z
2024-10-21,SD5,5.82,5.89,5.82,5.89,1800,KBS,2026-10-09T04:17:43Z
2024-10-22,SD5,5.82,5.89,5.82,5.89,1400,KBS,2026-10-09T04:17:43Z
2024-10-23,SD5,5.82,5.82,5.82,5.82,25100,KBS,2026-10-09T04:17:43Z
2024-10-24,SD5,5.89,5.97,5.82,5.97,27408,KBS,2026-10-09T04:17:43Z
2024-10-25,SD5,5.89,5.97,5.82,5.97,5100,KBS,2026-10-09T04:17:43Z
2024-10-28,SD5,5.89,5.97,5.89,5.97,43000,KBS,2026-10-09T04:17:43Z
2024-10-29,SD5,5.97,5.97,5.97,5.97,53100,KBS,2026-10-09T04:17:43Z
2024-10-30,SD5,5.89,5.97,5.89,5.97,62102,KBS,2026-10-09T04:17:43Z
2024-10-31,SD5,5.97,6.04,5.97,6.04,5407,KBS,2026-10-09T04:17:43Z
2024-11-01,SD5,6.04,6.04,5.97,5.97,16000,KBS,2026-10-09T04:17:43Z
2024-11-04,SD5,5.89,6.04,5.89,6.04,2505,KBS,2026-10-09T04:17:43Z
2024-11-05,SD5,5.97,5.97,5.97,5.97,5600,KBS,2026-10-09T04:17:43Z
2024-11-06,SD5,5.97,5.97,5.97,5.97,5000,KBS,2026-10-09T04:17:43Z
2024-11-07,SD5,5.97,6.04,5.89,6.04,18500,KBS,2026-10-09T04:17:43Z
2024-11-08,SD5,5.97,5.97,5.97,5.97,4700,KBS,2026-10-09T04:17:43Z
2024-11-11,SD5,6.04,6.12,5.97,6.04,17400,KBS,2026-10-09T04:17:43Z
2024-11-12,SD5,6.04,6.04,5.97,5.97,28647,KBS,2026-10-09T04:17:43Z
2024-11-13,SD5,6.04,6.04,5.97,5.97,15100,KBS,2026-10-09T04:17:43Z
2024-11-14,SD5,5.97,5.97,5.97,5.97,7500,KBS,2026-10-09T04:17:43Z
2024-11-15,SD5,5.97,5.97,5.97,5.97,37101,KBS,2026-10-09T04:17:43Z
2024-11-18,SD5,5.97,5.97,5.97,5.97,18000,KBS,2026-10-09T04:17:43Z
2024-11-19,SD5,5.97,6.04,5.97,6.04,2601,KBS,2026-10-09T04:17:43Z
2024-11-20,SD5,6.04,6.04,5.97,6.04,10200,KBS,2026-10-09T04:17:43Z
2024-11-21,SD5,5.97,5.97,5.97,5.97,3000,KBS,2026-10-09T04:17:43Z
2024-11-22,SD5,5.97,5.97,5.82,5.82,59900,KBS,2026-10-09T04:17:43Z
2024-11-25,SD5,5.89,5.97,5.89,5.97,2700,KBS,2026-10-09T04:17:43Z
2024-11-26,SD5,5.97,5.97,5.89,5.89,53100,KBS,2026-10-09T04:17:43Z
2024-11-27,SD5,5.82,5.89,5.82,5.89,1203,KBS,2026-10-09T04:17:43Z
2024-11-28,SD5,5.97,5.97,5.97,5.97,21000,KBS,2026-10-09T04:17:43Z
2024-11-29,SD5,5.97,5.97,5.89,5.89,7042,KBS,2026-10-09T04:17:43Z
2024-12-02,SD5,5.89,5.97,5.89,5.97,6580,KBS,2026-10-09T04:17:43Z
2024-12-03,SD5,5.89,6.04,5.89,6.04,32600,KBS,2026-10-09T04:17:43Z
2024-12-04,SD5,5.97,5.97,5.89,5.89,6102,KBS,2026-10-09T04:17:43Z
2024-12-05,SD5,5.97,6.04,5.97,6.04,60100,KBS,2026-10-09T04:17:43Z
2024-12-06,SD5,5.97,6.04,5.97,6.04,6300,KBS,2026-10-09T04:17:43Z
2024-12-09,SD5,5.97,5.97,5.89,5.97,2600,KBS,2026-10-09T04:17:43Z
2024-12-10,SD5,5.97,6.04,5.89,5.97,1500,KBS,2026-10-09T04:17:43Z
2024-12-11,SD5,5.97,5.97,5.89,5.97,8900,KBS,2026-10-09T04:17:43Z
2024-12-12,SD5,5.97,6.04,5.97,5.97,2202,KBS,2026-10-09T04:17:43Z
2024-12-13,SD5,5.97,6.04,5.97,6.04,2401,KBS,2026-10-09T04:17:43Z
2024-12-16,SD5,6.04,6.04,5.97,5.97,1401,KBS,2026-10-09T04:17:43Z
2024-12-17,SD5,6.04,6.04,5.97,6.04,853,KBS,2026-10-09T04:17:43Z
2024-12-18,SD5,5.97,6.04,5.97,6.04,5260,KBS,2026-10-09T04:17:43Z
2024-12-19,SD5,5.97,6.04,5.97,6.04,27255,KBS,2026-10-09T04:17:43Z
2024-12-20,SD5,5.97,6.04,5.97,5.97,6200,KBS,2026-10-09T04:17:43Z
2024-12-23,SD5,6.04,6.04,5.89,6.04,4300,KBS,2026-10-09T04:17:43Z
2024-12-24,SD5,5.97,6.04,5.97,5.97,1206,KBS,2026-10-09T04:17:43Z
2024-12-25,SD5,5.97,6.12,5.89,6.04,17622,KBS,2026-10-09T04:17:43Z
2024-12-26,SD5,6.04,6.04,5.97,6.04,5603,KBS,2026-10-09T04:17:43Z
2024-12-27,SD5,5.97,6.04,5.97,6.04,439,KBS,2026-10-09T04:17:43Z
2024-12-30,SD5,6.04,6.04,6.04,6.04,4000,KBS,2026-10-09T04:17:43Z
2024-12-31,SD5,5.97,6.12,5.97,6.12,300,KBS,2026-10-09T04:17:43Z
2025-01-02,SD5,5.97,5.97,5.97,5.97,7500,KBS,2026-10-09T04:17:43Z
2025-01-03,SD5,6.04,6.04,5.89,5.89,53000,KBS,2026-10-09T04:17:43Z
2025-01-06,SD5,5.89,5.89,5.82,5.82,19400,KBS,2026-10-09T04:17:43Z
2025-01-07,SD5,5.82,5.82,5.82,5.82,128301,KBS,2026-10-09T04:17:43Z
2025-01-08,SD5,5.82,5.89,5.82,5.82,6100,KBS,2026-10-09T04:17:43Z
2025-01-09,SD5,5.89,5.89,5.89,5.89,1002,KBS,2026-10-09T04:17:43Z
2025-01-10,SD5,5.89,5.89,5.82,5.82,2501,KBS,2026-10-09T04:17:43Z
2025-01-13,SD5,5.82,5.89,5.82,5.89,48600,KBS,2026-10-09T04:17:43Z
2025-01-14,SD5,5.89,5.89,5.89,5.89,2,KBS,2026-10-09T04:17:43Z
2025-01-15,SD5,5.89,5.97,5.82,5.89,13300,KBS,2026-10-09T04:17:43Z
2025-01-16,SD5,5.82,5.89,5.74,5.89,3700,KBS,2026-10-09T04:17:43Z
2025-01-17,SD5,5.97,5.97,5.97,5.97,200,KBS,2026-10-09T04:17:43Z
2025-01-20,SD5,5.97,5.97,5.89,5.89,4100,KBS,2026-10-09T04:17:43Z
2025-01-21,SD5,5.97,5.97,5.89,5.89,6800,KBS,2026-10-09T04:17:43Z
2025-01-22,SD5,5.89,5.89,5.89,5.89,2602,KBS,2026-10-09T04:17:43Z
2025-01-23,SD5,5.89,5.89,5.89,5.89,4200,KBS,2026-10-09T04:17:43Z
2025-01-24,SD5,5.89,5.89,5.89,5.89,55602,KBS,2026-10-09T04:17:43Z
2025-02-03,SD5,5.89,5.89,5.89,5.89,3000,KBS,2026-10-09T04:17:43Z
2025-02-04,SD5,5.89,5.89,5.89,5.89,4300,KBS,2026-10-09T04:17:43Z
2025-02-05,SD5,5.97,5.97,5.97,5.97,15800,KBS,2026-10-09T04:17:43Z
2025-02-06,SD5,5.97,6.12,5.97,6.12,35367,KBS,2026-10-09T04:17:43Z
2025-02-07,SD5,6.2,6.73,6.2,6.73,131103,KBS,2026-10-09T04:17:43Z
2025-02-10,SD5,7.35,7.35,6.73,6.81,210100,KBS,2026-10-09T04:17:43Z
2025-02-11,SD5,6.89,6.96,6.81,6.81,54300,KBS,2026-10-09T04:17:43Z
2025-02-12,SD5,6.81,6.89,6.73,6.73,29900,KBS,2026-10-09T04:17:43Z
2025-02-13,SD5,6.81,7.04,6.66,6.96,42959,KBS,2026-10-09T04:17:43Z
2025-02-14,SD5,6.89,6.89,6.81,6.89,15259,KBS,2026-10-09T04:17:43Z
2025-02-17,SD5,6.73,6.96,6.73,6.96,27850,KBS,2026-10-09T04:17:43Z
2025-02-18,SD5,6.89,6.96,6.66,6.66,36300,KBS,2026-10-09T04:17:43Z
2025-02-19,SD5,6.73,7.19,6.73,7.19,235583,KBS,2026-10-09T04:17:43Z
2025-02-20,SD5,7.19,7.42,7.12,7.42,270115,KBS,2026-10-09T04:17:43Z
2025-02-21,SD5,7.35,7.42,7.19,7.35,45400,KBS,2026-10-09T04:17:43Z
2025-02-24,SD5,7.5,7.5,6.96,7.35,75300,KBS,2026-10-09T04:17:43Z
2025-02-25,SD5,7.42,7.88,7.35,7.65,175039,KBS,2026-10-09T04:17:43Z
2025-02-26,SD5,7.73,7.88,7.58,7.58,87300,KBS,2026-10-09T04:17:43Z
2025-02-27,SD5,7.65,7.65,7.19,7.27,138001,KBS,2026-10-09T04:17:43Z
2025-02-28,SD5,7.5,7.58,7.35,7.42,71800,KBS,2026-10-09T04:17:43Z
2025-03-03,SD5,7.5,7.58,7.35,7.5,21400,KBS,2026-10-09T04:17:43Z
2025-03-04,SD5,7.5,7.96,7.35,7.65,186200,KBS,2026-10-09T04:17:43Z
2025-03-05,SD5,7.65,7.65,7.35,7.42,69311,KBS,2026-10-09T04:17:43Z
2025-03-06,SD5,7.5,7.5,7.19,7.27,27400,KBS,2026-10-09T04:17:43Z
2025-03-07,SD5,7.27,7.58,7.27,7.35,38700,KBS,2026-10-09T04:17:43Z
2025-03-10,SD5,7.35,7.65,7.35,7.5,79100,KBS,2026-10-09T04:17:43Z
2025-03-11,SD5,7.5,7.5,7.19,7.5,52500,KBS,2026-10-09T04:17:43Z
2025-03-12,SD5,7.35,7.42,7.35,7.42,51300,KBS,2026-10-09T04:17:43Z
2025-03-13,SD5,7.5,7.5,7.35,7.35,18700,KBS,2026-10-09T04:17:43Z
2025-03-14,SD5,7.42,7.5,7.42,7.42,39100,KBS,2026-10-09T04:17:43Z
2025-03-17,SD5,7.42,7.42,7.35,7.35,25000,KBS,2026-10-09T04:17:43Z
2025-03-18,SD5,7.42,7.5,7.35,7.35,86601,KBS,2026-10-09T04:17:43Z
2025-03-19,SD5,7.35,7.35,7.35,7.35,5503,KBS,2026-10-09T04:17:43Z
2025-03-20,SD5,7.35,7.35,7.27,7.27,77901,KBS,2026-10-09T04:17:43Z
2025-03-21,SD5,7.76,7.76,6.94,7.1,50500,KBS,2026-10-09T04:17:43Z
2025-03-24,SD5,7.02,7.02,6.94,7.02,13600,KBS,2026-10-09T04:17:43Z
2025-03-25,SD5,6.94,7.1,6.77,6.86,30500,KBS,2026-10-09T04:17:43Z
2025-03-26,SD5,6.94,7.02,6.86,6.86,29500,KBS,2026-10-09T04:17:43Z
2025-03-27,SD5,6.86,6.94,6.86,6.94,20200,KBS,2026-10-09T04:17:43Z
2025-03-28,SD5,6.86,6.94,6.86,6.94,24500,KBS,2026-10-09T04:17:43Z
2025-03-31,SD5,6.94,6.94,6.77,6.77,25100,KBS,2026-10-09T04:17:43Z
2025-04-01,SD5,6.77,7.02,6.77,7.02,10401,KBS,2026-10-09T04:17:43Z
2025-04-03,SD5,6.69,6.69,6.36,6.36,59800,KBS,2026-10-09T04:17:43Z
2025-04-04,SD5,6.11,6.94,5.78,6.44,59967,KBS,2026-10-09T04:17:43Z
2025-04-08,SD5,6.03,6.28,5.86,5.86,29100,KBS,2026-10-09T04:17:43Z
2025-04-09,SD5,5.95,6.2,5.95,6.03,9301,KBS,2026-10-09T04:17:43Z
2025-04-10,SD5,6.2,6.61,6.2,6.61,40268,KBS,2026-10-09T04:17:43Z
2025-04-11,SD5,6.86,6.86,6.53,6.61,13400,KBS,2026-10-09T04:17:43Z
2025-04-14,SD5,6.11,6.61,6.11,6.61,10001,KBS,2026-10-09T04:17:43Z
2025-04-15,SD5,6.61,6.61,6.44,6.53,5001,KBS,2026-10-09T04:17:43Z
2025-04-16,SD5,6.77,6.77,6.44,6.53,3773,KBS,2026-10-09T04:17:43Z
2025-04-17,SD5,6.53,6.53,6.53,6.53,128,KBS,2026-10-09T04:17:43Z
2025-04-18,SD5,6.53,6.69,6.44,6.69,8900,KBS,2026-10-09T04:17:43Z
2025-04-21,SD5,6.69,6.69,6.69,6.69,6401,KBS,2026-10-09T04:17:43Z
2025-04-22,SD5,6.53,6.53,6.11,6.53,15000,KBS,2026-10-09T04:17:43Z
2025-04-23,SD5,6.53,6.53,6.36,6.53,3200,KBS,2026-10-09T04:17:43Z
2025-04-24,SD5,6.53,6.53,6.44,6.53,300,KBS,2026-10-09T04:17:43Z
2025-04-25,SD5,6.44,6.44,6.36,6.44,2400,KBS,2026-10-09T04:17:43Z
2025-04-28,SD5,6.53,6.69,6.53,6.69,77000,KBS,2026-10-09T04:17:43Z
2025-04-29,SD5,6.69,6.77,6.61,6.69,40400,KBS,2026-10-09T04:17:43Z
2025-05-05,SD5,6.61,6.61,6.61,6.61,7800,KBS,2026-10-09T04:17:43Z
2025-05-06,SD5,6.77,6.77,6.61,6.61,4200,KBS,2026-10-09T04:17:43Z
2025-05-07,SD5,6.69,6.69,6.61,6.69,25700,KBS,2026-10-09T04:17:43Z
2025-05-08,SD5,6.69,6.69,6.61,6.61,19200,KBS,2026-10-09T04:17:43Z
2025-05-09,SD5,6.61,6.77,6.61,6.77,32600,KBS,2026-10-09T04:17:43Z
2025-05-12,SD5,6.77,6.94,6.77,6.86,27400,KBS,2026-10-09T04:17:43Z
2025-05-13,SD5,6.86,6.94,6.77,6.94,2500,KBS,2026-10-09T04:17:43Z
2025-05-14,SD5,7.1,7.1,6.86,6.86,18500,KBS,2026-10-09T04:17:43Z
2025-05-15,SD5,6.94,6.94,6.77,6.94,14300,KBS,2026-10-09T04:17:43Z
2025-05-16,SD5,7.02,7.02,6.86,6.94,6400,KBS,2026-10-09T04:17:43Z
2025-05-19,SD5,6.86,6.86,6.86,6.86,16000,KBS,2026-10-09T04:17:43Z
2025-05-20,SD5,6.86,6.94,6.86,6.94,33900,KBS,2026-10-09T04:17:43Z
2025-05-21,SD5,6.86,7.02,6.86,7.02,8600,KBS,2026-10-09T04:17:43Z
2025-05-22,SD5,6.94,6.94,6.77,6.94,14900,KBS,2026-10-09T04:17:43Z
2025-05-23,SD5,6.86,6.94,6.86,6.94,300,KBS,2026-10-09T04:17:43Z
2025-05-26,SD5,6.94,7.02,6.86,7.02,3600,KBS,2026-10-09T04:17:43Z
2025-05-27,SD5,6.86,7.1,6.86,7.02,11700,KBS,2026-10-09T04:17:43Z
2025-05-28,SD5,7.1,7.35,7.02,7.19,53200,KBS,2026-10-09T04:17:43Z
2025-05-29,SD5,7.19,7.27,7.02,7.19,1900,KBS,2026-10-09T04:17:43Z
2025-05-30,SD5,7.35,7.35,7.02,7.27,1200,KBS,2026-10-09T04:17:43Z
2025-06-02,SD5,6.94,7.27,6.86,7.02,13300,KBS,2026-10-09T04:17:43Z
2025-06-03,SD5,7.35,7.35,7.19,7.27,45700,KBS,2026-10-09T04:17:43Z
2025-06-04,SD5,7.27,7.27,7.27,7.27,200,KBS,2026-10-09T04:17:43Z
2025-06-06,SD5,7.27,7.44,7.27,7.44,900,KBS,2026-10-09T04:17:43Z
2025-06-09,SD5,7.27,7.27,7.27,7.27,1600,KBS,2026-10-09T04:17:43Z
2025-06-10,SD5,7.35,7.35,7.1,7.27,9500,KBS,2026-10-09T04:17:43Z
2025-06-13,SD5,7.1,7.27,6.94,7.27,14100,KBS,2026-10-09T04:17:43Z
2025-06-17,SD5,7.27,7.27,7.1,7.27,12000,KBS,2026-10-09T04:17:43Z
2025-06-19,SD5,7.1,7.1,7.1,7.1,20100,KBS,2026-10-09T04:17:43Z
2025-06-20,SD5,7.02,7.1,6.94,7.1,10100,KBS,2026-10-09T04:17:43Z
2025-06-23,SD5,6.94,7.1,6.94,7.1,4100,KBS,2026-10-09T04:17:43Z
2025-06-24,SD5,6.94,7.19,6.94,7.19,1000,KBS,2026-10-09T04:17:43Z
2025-06-25,SD5,7.1,7.1,7.1,7.1,300,KBS,2026-10-09T04:17:43Z
2025-06-26,SD5,7.19,7.19,7.02,7.02,2100,KBS,2026-10-09T04:17:43Z
2025-06-27,SD5,7.19,7.27,7.19,7.27,5100,KBS,2026-10-09T04:17:43Z
2025-07-01,SD5,7.19,7.19,7.1,7.19,16400,KBS,2026-10-09T04:17:43Z
2025-07-03,SD5,7.27,7.27,7.1,7.1,28000,KBS,2026-10-09T04:17:43Z
2025-07-04,SD5,7.27,7.44,7.27,7.27,16500,KBS,2026-10-09T04:17:43Z
2025-07-07,SD5,7.02,7.35,7.02,7.27,500,KBS,2026-10-09T04:17:43Z
2025-07-08,SD5,6.77,7.44,6.77,7.27,4600,KBS,2026-10-09T04:17:43Z
2025-07-09,SD5,7.27,7.27,7.19,7.27,11500,KBS,2026-10-09T04:17:43Z
2025-07-10,SD5,7.1,7.35,7.1,7.27,18300,KBS,2026-10-09T04:17:43Z
2025-07-11,SD5,7.35,7.35,7.27,7.35,55600,KBS,2026-10-09T04:17:43Z
2025-07-15,SD5,7.02,7.52,7.02,7.44,17900,KBS,2026-10-09T04:17:43Z
2025-07-16,SD5,7.44,7.44,7.19,7.44,5200,KBS,2026-10-09T04:17:43Z
2025-07-17,SD5,7.44,7.85,7.44,7.85,114600,KBS,2026-10-09T04:17:43Z
2025-07-18,SD5,7.93,7.93,7.6,7.76,4200,KBS,2026-10-09T04:17:43Z
2025-07-21,SD5,7.85,7.85,7.44,7.68,4100,KBS,2026-10-09T04:17:43Z
2025-07-22,SD5,7.52,7.6,7.44,7.6,15600,KBS,2026-10-09T04:17:43Z
2025-07-23,SD5,7.52,7.52,7.44,7.52,10600,KBS,2026-10-09T04:17:43Z
2025-07-24,SD5,7.52,7.6,7.44,7.52,9300,KBS,2026-10-09T04:17:43Z
2025-07-25,SD5,7.44,7.68,7.44,7.68,10000,KBS,2026-10-09T04:17:43Z
2025-07-28,SD5,7.68,8.43,7.68,8.43,72000,KBS,2026-10-09T04:17:43Z
2025-07-29,SD5,8.18,8.18,7.6,8.1,102700,KBS,2026-10-09T04:17:43Z
2025-07-30,SD5,7.68,7.93,7.6,7.93,9500,KBS,2026-10-09T04:17:43Z
2025-07-31,SD5,7.68,7.93,7.68,7.93,27200,KBS,2026-10-09T04:17:43Z
2025-08-01,SD5,7.68,8.01,7.6,7.93,8100,KBS,2026-10-09T04:17:43Z
2025-08-05,SD5,8.1,8.1,7.6,7.68,11500,KBS,2026-10-09T04:17:43Z
2025-08-06,SD5,7.68,7.85,7.68,7.85,9900,KBS,2026-10-09T04:17:43Z
2025-08-07,SD5,7.76,8.18,7.76,8.01,20000,KBS,2026-10-09T04:17:43Z
2025-08-08,SD5,8.01,8.26,7.85,8.01,48500,KBS,2026-10-09T04:17:43Z
2025-08-11,SD5,8.01,8.18,7.93,8.18,5200,KBS,2026-10-09T04:17:43Z
2025-08-12,SD5,7.93,8.01,7.93,8.01,6600,KBS,2026-10-09T04:17:43Z
2025-08-13,SD5,8.18,8.18,8.01,8.01,200,KBS,2026-10-09T04:17:43Z
2025-08-14,SD5,8.1,8.43,8.01,8.43,40500,KBS,2026-10-09T04:17:43Z
2025-08-15,SD5,8.43,8.43,8.43,8.43,1500,KBS,2026-10-09T04:17:43Z
2025-08-18,SD5,8.43,8.43,8.43,8.43,1000,KBS,2026-10-09T04:17:43Z
2025-08-19,SD5,8.18,8.43,8.18,8.43,1400,KBS,2026-10-09T04:17:43Z
2025-08-20,SD5,8.43,8.43,7.93,8.01,16800,KBS,2026-10-09T04:17:43Z
2025-08-21,SD5,7.93,8.26,7.93,8.26,4600,KBS,2026-10-09T04:17:43Z
2025-08-22,SD5,8.01,8.01,7.93,7.93,1600,KBS,2026-10-09T04:17:43Z
2025-08-25,SD5,7.85,7.93,7.76,7.85,46300,KBS,2026-10-09T04:17:43Z
2025-08-26,SD5,7.93,7.93,7.68,7.85,63800,KBS,2026-10-09T04:17:43Z
2025-08-27,SD5,7.93,7.93,7.76,7.85,10100,KBS,2026-10-09T04:17:43Z
2025-08-28,SD5,7.76,7.85,7.68,7.85,11500,KBS,2026-10-09T04:17:43Z
2025-08-29,SD5,7.76,7.85,7.76,7.85,5100,KBS,2026-10-09T04:17:43Z
2025-09-03,SD5,7.85,8.1,7.85,8.1,19000,KBS,2026-10-09T04:17:43Z
2025-09-04,SD5,8.1,8.1,8.1,8.1,21100,KBS,2026-10-09T04:17:43Z
2025-09-05,SD5,8.1,8.1,7.93,7.93,15100,KBS,2026-10-09T04:17:43Z
2025-09-08,SD5,7.93,8.1,7.76,8.1,16400,KBS,2026-10-09T04:17:43Z
2025-09-10,SD5,8.01,8.1,8.01,8.1,200,KBS,2026-10-09T04:17:43Z
2025-09-12,SD5,7.93,7.93,7.93,7.93,2000,KBS,2026-10-09T04:17:43Z
2025-09-15,SD5,8.1,8.1,7.85,7.93,24100,KBS,2026-10-09T04:17:43Z
2025-09-16,SD5,7.93,8.01,7.93,7.93,16000,KBS,2026-10-09T04:17:43Z
2025-09-17,SD5,7.93,8.1,7.76,8.1,2200,KBS,2026-10-09T04:17:43Z
2025-09-18,SD5,8.18,8.18,8.18,8.18,1000,KBS,2026-10-09T04:17:43Z
2025-09-19,SD5,7.93,8.1,7.93,8.1,6100,KBS,2026-10-09T04:17:43Z
2025-09-22,SD5,7.93,8.26,7.93,8.18,24300,KBS,2026-10-09T04:17:43Z
2025-09-23,SD5,8.1,8.1,8.1,8.1,2500,KBS,2026-10-09T04:17:43Z
2025-09-24,SD5,8.26,8.26,8.01,8.18,3300,KBS,2026-10-09T04:17:43Z
2025-09-25,SD5,7.93,8.18,7.93,8.18,1200,KBS,2026-10-09T04:17:43Z
2025-09-26,SD5,7.85,7.93,7.85,7.93,800,KBS,2026-10-09T04:17:43Z
2025-09-29,SD5,7.93,8.26,7.93,8.26,19000,KBS,2026-10-09T04:17:43Z
2025-09-30,SD5,8.18,8.18,8.18,8.18,100,KBS,2026-10-09T04:17:43Z
2025-10-01,SD5,8.26,8.43,8.01,8.01,20500,KBS,2026-10-09T04:17:43Z
2025-10-02,SD5,7.93,8.1,7.93,8.1,2100,KBS,2026-10-09T04:17:43Z
2025-10-06,SD5,8.1,8.1,8.1,8.1,6000,KBS,2026-10-09T04:17:43Z
2025-10-07,SD5,8.1,8.1,8.1,8.1,5100,KBS,2026-10-09T04:17:43Z
2025-10-08,SD5,7.93,8.01,7.93,8.01,900,KBS,2026-10-09T04:17:43Z
2025-10-09,SD5,8.01,8.1,8.01,8.1,10600,KBS,2026-10-09T04:17:43Z
2025-10-13,SD5,7.93,8.1,7.93,8.1,13700,KBS,2026-10-09T04:17:43Z
2025-10-14,SD5,7.85,8.1,7.68,7.93,2500,KBS,2026-10-09T04:17:43Z
2025-10-15,SD5,7.85,8.1,7.85,8.1,1500,KBS,2026-10-09T04:17:43Z
2025-10-17,SD5,7.85,8.1,7.85,8.1,200,KBS,2026-10-09T04:17:43Z
2025-10-21,SD5,8.1,8.1,8.1,8.1,1500,KBS,2026-10-09T04:17:43Z
2025-10-22,SD5,8.1,8.1,7.76,8.1,2200,KBS,2026-10-09T04:17:43Z
2025-10-23,SD5,7.93,7.93,7.68,7.93,6600,KBS,2026-10-09T04:17:43Z
2025-10-24,SD5,8.01,8.01,8.01,8.01,100,KBS,2026-10-09T04:17:43Z
2025-10-29,SD5,7.93,8.18,7.93,8.01,7300,KBS,2026-10-09T04:17:43Z
2025-10-30,SD5,8.01,8.01,7.85,8.01,15300,KBS,2026-10-09T04:17:43Z
2025-10-31,SD5,7.85,8.1,7.85,8.1,25000,KBS,2026-10-09T04:17:43Z
2025-11-03,SD5,7.85,8.01,7.76,8.01,11200,KBS,2026-10-09T04:17:43Z
2025-11-05,SD5,7.93,8.01,7.93,8.01,500,KBS,2026-10-09T04:17:43Z
2025-11-07,SD5,8.01,8.01,8.01,8.01,100,KBS,2026-10-09T04:17:43Z
2025-11-10,SD5,7.85,7.93,7.76,7.93,8200,KBS,2026-10-09T04:17:43Z
2025-11-11,SD5,7.68,7.68,7.6,7.6,2300,KBS,2026-10-09T04:17:43Z
2025-11-12,SD5,7.68,7.76,7.27,7.76,28600,KBS,2026-10-09T04:17:43Z
2025-11-13,SD5,7.52,7.68,7.27,7.68,110400,KBS,2026-10-09T04:17:43Z
2025-11-14,SD5,7.44,7.44,7.27,7.44,24400,KBS,2026-10-09T04:17:43Z
2025-11-17,SD5,7.44,7.44,7.35,7.44,31600,KBS,2026-10-09T04:17:43Z
2025-11-18,SD5,7.35,7.44,7.35,7.44,13700,KBS,2026-10-09T04:17:43Z
2025-11-19,SD5,7.44,7.44,7.44,7.44,8300,KBS,2026-10-09T04:17:43Z
2025-11-20,SD5,7.44,7.44,7.35,7.44,4000,KBS,2026-10-09T04:17:43Z
2025-11-21,SD5,7.44,7.52,7.44,7.52,6600,KBS,2026-10-09T04:17:43Z
2025-11-24,SD5,7.44,7.44,7.44,7.44,45900,KBS,2026-10-09T04:17:43Z
2025-11-25,SD5,7.44,7.52,7.35,7.52,6200,KBS,2026-10-09T04:17:43Z
2025-11-26,SD5,7.35,7.44,7.35,7.44,6000,KBS,2026-10-09T04:17:43Z
2025-11-27,SD5,7.6,7.68,7.52,7.68,8900,KBS,2026-10-09T04:17:43Z
2025-12-01,SD5,7.44,7.52,7.44,7.44,3100,KBS,2026-10-09T04:17:43Z
2025-12-02,SD5,7.35,7.52,7.35,7.52,8800,KBS,2026-10-09T04:17:43Z
2025-12-03,SD5,7.44,7.52,7.44,7.52,15200,KBS,2026-10-09T04:17:43Z
2025-12-04,SD5,7.44,7.52,7.27,7.44,27300,KBS,2026-10-09T04:17:43Z
2025-12-09,SD5,7.35,7.35,7.35,7.35,4200,KBS,2026-10-09T04:17:43Z
2025-12-10,SD5,7.35,7.35,7.35,7.35,5600,KBS,2026-10-09T04:17:43Z
2025-12-11,SD5,7.35,7.44,7.35,7.44,1900,KBS,2026-10-09T04:17:43Z
2025-12-12,SD5,7.44,7.44,7.44,7.44,4300,KBS,2026-10-09T04:17:43Z
2025-12-15,SD5,7.35,7.35,7.19,7.27,17000,KBS,2026-10-09T04:17:43Z
2025-12-16,SD5,7.27,7.35,7.27,7.35,3100,KBS,2026-10-09T04:17:43Z
2025-12-17,SD5,7.35,7.35,7.35,7.35,4500,KBS,2026-10-09T04:17:43Z
2025-12-18,SD5,7.35,7.35,7.35,7.35,1300,KBS,2026-10-09T04:17:43Z
2025-12-19,SD5,7.27,7.27,7.27,7.27,7400,KBS,2026-10-09T04:17:43Z
2025-12-22,SD5,7.27,7.27,7.19,7.19,5200,KBS,2026-10-09T04:17:43Z
2025-12-23,SD5,7.1,7.27,7.1,7.27,13000,KBS,2026-10-09T04:17:43Z
2025-12-24,SD5,7.27,7.27,7.19,7.19,26500,KBS,2026-10-09T04:17:43Z
2025-12-25,SD5,7.19,7.19,7.19,7.19,22500,KBS,2026-10-09T04:17:43Z
2025-12-26,SD5,7.19,7.19,7.1,7.19,3400,KBS,2026-10-09T04:17:43Z
2025-12-29,SD5,7.19,7.19,7.19,7.19,11300,KBS,2026-10-09T04:17:43Z
2025-12-30,SD5,7.19,7.68,7.19,7.27,7900,KBS,2026-10-09T04:17:43Z
2025-12-31,SD5,7.27,7.6,7.27,7.6,3000,KBS,2026-10-09T04:17:43Z
2026-01-05,SD5,7.19,7.52,7.19,7.35,63000,KBS,2026-10-09T04:17:43Z
2026-01-06,SD5,7.35,7.52,7.35,7.52,27000,KBS,2026-10-09T04:17:43Z
2026-01-07,SD5,7.35,7.52,7.35,7.52,9900,KBS,2026-10-09T04:17:43Z
2026-01-08,SD5,7.52,7.52,7.52,7.52,29800,KBS,2026-10-09T04:17:43Z
2026-01-09,SD5,7.52,7.6,7.52,7.6,6600,KBS,2026-10-09T04:17:43Z
2026-01-12,SD5,7.6,7.6,7.52,7.52,7200,KBS,2026-10-09T04:17:43Z
2026-01-13,SD5,7.52,7.52,7.44,7.52,25600,KBS,2026-10-09T04:17:43Z
2026-01-14,SD5,8.26,8.26,7.27,7.35,36500,KBS,2026-10-09T04:17:43Z
2026-01-15,SD5,7.35,7.52,7.35,7.44,54000,KBS,2026-10-09T04:17:43Z
2026-01-16,SD5,7.62,7.71,7.25,7.62,6100,KBS,2026-10-09T04:17:43Z
2026-01-19,SD5,7.52,7.62,7.52,7.62,13200,KBS,2026-10-09T04:17:43Z
2026-01-20,SD5,7.62,7.62,7.25,7.62,13800,KBS,2026-10-09T04:17:43Z
2026-01-21,SD5,7.62,7.62,7.34,7.34,1300,KBS,2026-10-09T04:17:43Z
2026-01-22,SD5,7.52,7.52,7.52,7.52,4700,KBS,2026-10-09T04:17:43Z
2026-01-23,SD5,7.34,7.44,7.25,7.44,5400,KBS,2026-10-09T04:17:43Z
2026-01-26,SD5,7.34,7.34,7.25,7.25,3600,KBS,2026-10-09T04:17:43Z
2026-01-27,SD5,7.25,7.25,7.25,7.25,13900,KBS,2026-10-09T04:17:43Z
2026-01-28,SD5,7.25,7.44,7.25,7.44,3300,KBS,2026-10-09T04:17:43Z
2026-01-29,SD5,7.44,7.52,7.44,7.52,5700,KBS,2026-10-09T04:17:43Z
2026-02-02,SD5,7.25,7.44,7.16,7.44,9700,KBS,2026-10-09T04:17:43Z
2026-02-03,SD5,7.25,7.34,7.07,7.34,13200,KBS,2026-10-09T04:17:43Z
2026-02-04,SD5,7.34,7.34,7.07,7.25,50600,KBS,2026-10-09T04:17:43Z
2026-02-05,SD5,7.16,7.25,7.07,7.25,6000,KBS,2026-10-09T04:17:43Z
2026-02-06,SD5,7.07,7.25,7.07,7.25,6800,KBS,2026-10-09T04:17:43Z
2026-02-09,SD5,7.25,7.34,7.25,7.34,1000,KBS,2026-10-09T04:17:43Z
2026-02-10,SD5,7.07,7.16,7.07,7.07,23300,KBS,2026-10-09T04:17:43Z
2026-02-11,SD5,7.07,7.07,6.98,7.07,7400,KBS,2026-10-09T04:17:43Z
2026-02-12,SD5,7.07,7.07,7.07,7.07,5300,KBS,2026-10-09T04:17:43Z
2026-02-13,SD5,7.25,7.25,7.16,7.16,500,KBS,2026-10-09T04:17:43Z
2026-02-23,SD5,7.07,7.07,7.07,7.07,39000,KBS,2026-10-09T04:17:43Z
2026-02-24,SD5,7.07,7.07,7.07,7.07,8000,KBS,2026-10-09T04:17:43Z
2026-02-25,SD5,7.07,7.16,7.07,7.16,500,KBS,2026-10-09T04:17:43Z
2026-02-26,SD5,6.98,7.25,6.98,7.07,8100,KBS,2026-10-09T04:17:43Z
2026-02-27,SD5,7.07,7.07,7.07,7.07,9000,KBS,2026-10-09T04:17:43Z
2026-03-02,SD5,6.98,6.98,6.89,6.98,24000,KBS,2026-10-09T04:17:43Z
2026-03-03,SD5,6.98,7.07,6.89,7.07,9000,KBS,2026-10-09T04:17:43Z
2026-03-04,SD5,6.89,6.98,6.8,6.8,36600,KBS,2026-10-09T04:17:43Z
2026-03-05,SD5,6.89,6.89,6.8,6.89,14700,KBS,2026-10-09T04:17:43Z
2026-03-06,SD5,6.89,6.89,6.71,6.71,9300,KBS,2026-10-09T04:17:43Z
2026-03-09,SD5,6.71,6.71,6.26,6.35,69000,KBS,2026-10-09T04:17:43Z
2026-03-10,SD5,6.35,6.98,6.35,6.8,11600,KBS,2026-10-09T04:17:43Z
2026-03-11,SD5,6.8,6.98,6.8,6.8,9900,KBS,2026-10-09T04:17:43Z
2026-03-12,SD5,6.8,6.8,6.8,6.8,2100,KBS,2026-10-09T04:17:43Z
2026-03-13,SD5,6.8,6.8,6.71,6.8,700,KBS,2026-10-09T04:17:43Z
2026-03-16,SD5,6.98,6.98,6.98,6.98,700,KBS,2026-10-09T04:17:43Z
2026-03-17,SD5,6.98,6.98,6.98,6.98,200,KBS,2026-10-09T04:17:43Z
2026-03-19,SD5,6.89,6.89,6.71,6.71,4500,KBS,2026-10-09T04:17:43Z
2026-03-20,SD5,6.71,6.98,6.71,6.98,500,KBS,2026-10-09T04:17:43Z
2026-03-23,SD5,6.8,6.8,6.8,6.8,100,KBS,2026-10-09T04:17:43Z
2026-03-24,SD5,6.8,6.8,6.8,6.8,300,KBS,2026-10-09T04:17:43Z
2026-03-25,SD5,6.8,6.8,6.8,6.8,5000,KBS,2026-10-09T04:17:43Z
2026-03-26,SD5,6.71,6.8,6.62,6.8,3500,KBS,2026-10-09T04:17:43Z
2026-03-27,SD5,6.8,6.89,6.8,6.89,25100,KBS,2026-10-09T04:17:43Z
2026-03-31,SD5,6.8,6.8,6.62,6.71,8100,KBS,2026-10-09T04:17:43Z
2026-04-01,SD5,6.71,6.71,6.53,6.71,35700,KBS,2026-10-09T04:17:43Z
2026-04-02,SD5,6.8,6.8,6.8,6.8,100,KBS,2026-10-09T04:17:43Z
2026-04-03,SD5,6.71,6.8,6.62,6.8,5100,KBS,2026-10-09T04:17:43Z
2026-04-06,SD5,7.07,7.07,6.71,6.71,1100,KBS,2026-10-09T04:17:43Z
2026-04-07,SD5,6.71,6.71,6.71,6.71,16200,KBS,2026-10-09T04:17:43Z
2026-04-08,SD5,6.71,6.89,6.71,6.89,6300,KBS,2026-10-09T04:17:43Z
2026-04-10,SD5,6.8,6.8,6.71,6.71,5400,KBS,2026-10-09T04:17:43Z
2026-04-13,SD5,6.62,6.8,6.62,6.8,200,KBS,2026-10-09T04:17:43Z
2026-04-14,SD5,6.71,6.8,6.62,6.8,7000,KBS,2026-10-09T04:17:43Z
2026-04-15,SD5,6.8,6.8,6.8,6.8,1000,KBS,2026-10-09T04:17:43Z
2026-04-16,SD5,6.8,6.8,6.8,6.8,200,KBS,2026-10-09T04:17:43Z
2026-04-17,SD5,6.8,6.8,6.8,6.8,5700,KBS,2026-10-09T04:17:43Z
2026-04-20,SD5,6.71,6.71,6.53,6.71,5100,KBS,2026-10-09T04:17:43Z
2026-04-21,SD5,6.62,6.71,6.53,6.71,7700,KBS,2026-10-09T04:17:43Z
2026-04-22,SD5,6.71,6.71,6.71,6.71,1000,KBS,2026-10-09T04:17:43Z
2026-04-23,SD5,6.8,6.8,6.71,6.8,12100,KBS,2026-10-09T04:17:43Z
2026-04-24,SD5,6.71,6.71,6.71,6.71,500,KBS,2026-10-09T04:17:43Z
2026-04-28,SD5,6.62,6.8,6.62,6.8,300,KBS,2026-10-09T04:17:43Z
2026-04-29,SD5,6.8,6.8,6.8,6.8,100,KBS,2026-10-09T04:17:43Z
2026-05-04,SD5,6.8,6.8,6.71,6.8,31000,KBS,2026-10-09T04:17:43Z
2026-05-05,SD5,6.71,6.8,6.71,6.8,9900,KBS,2026-10-09T04:17:43Z
2026-05-06,SD5,6.8,6.8,6.62,6.62,17500,KBS,2026-10-09T04:17:43Z
2026-05-07,SD5,6.62,6.62,6.53,6.62,8600,KBS,2026-10-09T04:17:43Z
2026-05-08,SD5,6.89,7.25,6.53,6.53,13000,KBS,2026-10-09T04:17:43Z
2026-05-11,SD5,6.53,6.62,6.53,6.62,5300,KBS,2026-10-09T04:17:43Z
2026-05-13,SD5,6.71,6.71,6.71,6.71,200,KBS,2026-10-09T04:17:43Z
2026-05-15,SD5,6.71,6.71,6.62,6.62,200,KBS,2026-10-09T04:17:43Z
2026-05-19,SD5,6.53,6.62,6.53,6.62,3000,KBS,2026-10-09T04:17:43Z
2026-05-20,SD5,6.62,6.62,6.53,6.53,1300,KBS,2026-10-09T04:17:43Z
2026-05-21,SD5,6.62,6.62,6.62,6.62,300,KBS,2026-10-09T04:17:43Z
2026-05-25,SD5,6.53,6.53,6.53,6.53,6500,KBS,2026-10-09T04:17:43Z
2026-05-26,SD5,6.89,6.89,6.89,6.89,1400,KBS,2026-10-09T04:17:43Z
2026-05-27,SD5,6.44,6.71,6.44,6.71,1700,KBS,2026-10-09T04:17:43Z
2026-06-01,SD5,6.53,6.62,6.53,6.62,1200,KBS,2026-10-09T04:17:43Z
2026-06-03,SD5,6.8,6.8,6.8,6.8,800,KBS,2026-10-09T04:17:43Z
2026-06-04,SD5,6.71,6.71,6.71,6.71,200,KBS,2026-10-09T04:17:43Z
2026-06-05,SD5,6.71,6.71,6.71,6.71,3000,KBS,2026-10-09T04:17:43Z
2026-06-08,SD5,6.71,6.71,6.71,6.71,2800,KBS,2026-10-09T04:17:43Z
2026-06-09,SD5,6.71,6.71,6.71,6.71,3000,KBS,2026-10-09T04:17:43Z
2026-06-10,SD5,6.53,6.53,6.53,6.53,6500,KBS,2026-10-09T04:17:43Z
2026-06-11,SD5,6.53,6.53,6.53,6.53,6500,KBS,2026-10-09T04:17:43Z
2026-06-12,SD5,6.53,6.53,6.53,6.53,4000,KBS,2026-10-09T04:17:43Z
2026-06-15,SD5,6.53,6.8,6.53,6.8,1500,KBS,2026-10-09T04:17:43Z
2026-06-18,SD5,6.44,6.62,6.44,6.62,700,KBS,2026-10-09T04:17:43Z
2026-06-19,SD5,6.62,6.62,6.62,6.62,100,KBS,2026-10-09T04:17:43Z
2026-06-22,SD5,6.53,6.53,6.53,6.53,500,KBS,2026-10-09T04:17:43Z
2026-06-23,SD5,6.53,6.53,6.53,6.53,17700,KBS,2026-10-09T04:17:43Z
2026-06-26,SD5,6.71,6.71,6.71,6.71,100,KBS,2026-10-09T04:17:43Z
2026-06-29,SD5,6.62,6.62,6.62,6.62,200,KBS,2026-10-09T04:17:43Z
2026-06-30,SD5,6.62,6.89,6.62,6.89,1300,KBS,2026-10-09T04:17:43Z
2026-07-06,SD5,6.89,6.89,6.44,6.44,2600,KBS,2026-10-09T04:17:43Z
2026-07-07,SD5,6.44,6.44,6.44,6.44,3400,KBS,2026-10-09T04:17:43Z
2026-07-08,SD5,6.71,6.71,6.71,6.71,100,KBS,2026-10-09T04:17:43Z
2026-07-09,SD5,6.62,6.62,6.62,6.62,500,KBS,2026-10-09T04:17:43Z
2026-07-13,SD5,6.44,6.62,6.35,6.62,2100,KBS,2026-10-09T04:17:43Z
2026-07-15,SD5,6.44,6.44,6.44,6.44,10200,KBS,2026-10-09T04:17:43Z
2026-07-20,SD5,6.35,6.35,6.26,6.26,2800,KBS,2026-10-09T04:17:43Z
2026-07-22,SD5,6.26,6.26,6.26,6.26,300,KBS,2026-10-09T04:17:43Z
2026-07-23,SD5,6.16,6.62,6.16,6.62,200,KBS,2026-10-09T04:17:43Z
2026-07-29,SD5,6.53,6.53,6.53,6.53,1300,KBS,2026-10-09T04:17:43Z
2026-07-30,SD5,6.35,6.35,6.35,6.35,3000,KBS,2026-10-09T04:17:43Z
2026-07-31,SD5,6.35,6.35,6.35,6.35,900,KBS,2026-10-09T04:17:43Z
2026-08-03,SD5,6.35,6.35,6.35,6.35,15100,KBS,2026-10-09T04:17:43Z
2026-08-04,SD5,6.35,6.35,6.35,6.35,4000,KBS,2026-10-09T04:17:43Z
2026-08-05,SD5,6.35,6.35,6.35,6.35,3000,KBS,2026-10-09T04:17:43Z
2026-08-06,SD5,6.35,6.35,6.35,6.35,3200,KBS,2026-10-09T04:17:43Z
2026-08-07,SD5,6.35,6.35,6.35,6.35,8200,KBS,2026-10-09T04:17:43Z
2026-08-10,SD5,6.35,6.35,6.35,6.35,11000,KBS,2026-10-09T04:17:43Z
2026-08-11,SD5,6.35,6.35,6.26,6.35,49600,KBS,2026-10-09T04:17:43Z
2026-08-12,SD5,6.35,6.35,6.35,6.35,1200,KBS,2026-10-09T04:17:43Z
2026-08-13,SD5,6.35,6.35,6.35,6.35,800,KBS,2026-10-09T04:17:43Z
2026-08-14,SD5,6.35,6.35,6.35,6.35,1100,KBS,2026-10-09T04:17:43Z
2026-08-17,SD5,6.35,6.35,6.35,6.35,2500,KBS,2026-10-09T04:17:43Z
2026-08-18,SD5,6.35,6.62,6.35,6.62,2300,KBS,2026-10-09T04:17:43Z
2026-08-21,SD5,6.44,6.44,6.44,6.44,200,KBS,2026-10-09T04:17:43Z
2026-08-24,SD5,6.44,6.44,6.44,6.44,400,KBS,2026-10-09T04:17:43Z
2026-08-25,SD5,6.44,6.44,6.44,6.44,500,KBS,2026-10-09T04:17:43Z
2026-08-27,SD5,6.44,6.44,6.44,6.44,1100,KBS,2026-10-09T04:17:43Z
2026-08-28,SD5,6.35,6.35,6.35,6.35,1500,KBS,2026-10-09T04:17:43Z
2026-09-03,SD5,6.35,6.35,6.35,6.35,400,KBS,2026-10-09T04:17:43Z
2026-09-04,SD5,6.35,6.35,6.35,6.35,100,KBS,2026-10-09T04:17:43Z
2026-09-09,SD5,6.35,6.35,6.35,6.35,3000,KBS,2026-10-09T04:17:43Z
2026-09-10,SD5,6.35,6.35,6.35,6.35,100,KBS,2026-10-09T04:17:43Z
2026-09-11,SD5,6.35,6.35,6.26,6.26,1700,KBS,2026-10-09T04:17:43Z
2026-09-14,SD5,5.89,6.26,5.89,6.26,1700,KBS,2026-10-09T04:17:43Z
2026-09-15,SD5,6.16,6.35,6.16,6.35,2300,KBS,2026-10-09T04:17:43Z
2026-09-16,SD5,6.35,6.35,6.35,6.35,3000,KBS,2026-10-09T04:17:43Z
2026-09-17,SD5,6.35,6.35,6.35,6.35,6300,KBS,2026-10-09T04:17:43Z
2026-09-18,SD5,6.35,6.35,6.35,6.35,1000,KBS,2026-10-09T04:17:43Z
2026-09-21,SD5,6.26,6.26,6.26,6.26,2000,KBS,2026-10-09T04:17:43Z
2026-09-22,SD5,6.26,6.35,6.26,6.35,6300,KBS,2026-10-09T04:17:43Z
2026-09-23,SD5,6.62,6.98,6.62,6.98,48800,KBS,2026-10-09T04:17:43Z
2026-09-24,SD5,7.07,7.07,7.07,7.07,10800,KBS,2026-10-09T04:17:43Z
2026-09-25,SD5,6.62,6.8,6.62,6.8,3700,KBS,2026-10-09T04:17:43Z
2026-09-28,SD5,6.98,6.98,6.62,6.8,98700,KBS,2026-10-09T04:17:43Z
2026-09-29,SD5,6.8,6.8,6.71,6.8,20400,KBS,2026-10-09T04:17:43Z
2026-09-30,SD5,6.8,6.8,6.8,6.8,25900,KBS,2026-10-09T04:17:43Z
2026-10-01,SD5,6.8,6.8,6.8,6.8,116400,KBS,2026-10-09T04:17:43Z
2026-10-02,SD5,6.8,6.8,6.8,6.8,16200,KBS,2026-10-09T04:17:43Z
2026-10-05,SD5,6.7,6.8,6.6,6.6,4200,KBS,2026-10-09T04:17:43Z
2026-10-06,SD5,6.8,6.8,6.8,6.8,1100,KBS,2026-10-09T04:17:43Z
2026-10-08,SD5,7.0,7.0,7.0,7.0,300,KBS,2026-10-09T04:17:43Z
