date,symbol,open,high,low,close,volume,source,fetched_at
2018-10-11,SFG,9.34,9.56,9.19,9.49,6990,KBS,2026-10-09T04:37:25Z
2018-10-12,SFG,9.42,9.64,9.34,9.64,5080,KBS,2026-10-09T04:37:25Z
2018-10-15,SFG,9.6,9.64,9.34,9.42,7200,KBS,2026-10-09T04:37:25Z
2018-10-16,SFG,9.42,9.94,9.42,9.86,1810,KBS,2026-10-09T04:37:25Z
2018-10-17,SFG,10.01,10.09,9.94,10.01,39710,KBS,2026-10-09T04:37:25Z
2018-10-18,SFG,9.94,10.01,9.79,10.01,520,KBS,2026-10-09T04:37:25Z
2018-10-19,SFG,10.01,10.01,10.01,10.01,10,KBS,2026-10-09T04:37:25Z
2018-10-23,SFG,9.94,9.94,9.42,9.72,16800,KBS,2026-10-09T04:37:25Z
2018-10-24,SFG,9.72,10.09,9.64,9.64,5060,KBS,2026-10-09T04:37:25Z
2018-10-25,SFG,9.49,9.72,9.42,9.72,2000,KBS,2026-10-09T04:37:25Z
2018-10-26,SFG,9.49,10.01,9.49,9.79,7920,KBS,2026-10-09T04:37:25Z
2018-10-29,SFG,10.01,10.01,9.49,9.9,47400,KBS,2026-10-09T04:37:25Z
2018-10-30,SFG,9.49,9.72,9.34,9.45,55530,KBS,2026-10-09T04:37:25Z
2018-10-31,SFG,9.49,9.49,9.19,9.49,23610,KBS,2026-10-09T04:37:25Z
2018-11-01,SFG,9.56,9.56,9.56,9.56,6940,KBS,2026-10-09T04:37:25Z
2018-11-02,SFG,9.72,10.09,9.72,9.94,69020,KBS,2026-10-09T04:37:25Z
2018-11-05,SFG,9.94,10.01,9.94,10.01,94180,KBS,2026-10-09T04:37:25Z
2018-11-06,SFG,10.01,10.65,9.94,10.65,101070,KBS,2026-10-09T04:37:25Z
2018-11-07,SFG,10.65,10.69,10.31,10.65,148940,KBS,2026-10-09T04:37:25Z
2018-11-08,SFG,10.54,10.61,10.39,10.39,96450,KBS,2026-10-09T04:37:25Z
2018-11-09,SFG,10.28,10.76,10.28,10.46,69410,KBS,2026-10-09T04:37:25Z
2018-11-12,SFG,10.46,10.46,10.13,10.16,5710,KBS,2026-10-09T04:37:25Z
2018-11-13,SFG,9.86,10.16,9.83,9.83,14050,KBS,2026-10-09T04:37:25Z
2018-11-14,SFG,10.39,10.39,9.79,9.79,5560,KBS,2026-10-09T04:37:25Z
2018-11-15,SFG,10.35,10.35,9.56,10.09,10060,KBS,2026-10-09T04:37:25Z
2018-11-16,SFG,9.72,10.09,9.72,10.09,1520,KBS,2026-10-09T04:37:25Z
2018-11-19,SFG,9.72,10.31,9.72,10.16,133620,KBS,2026-10-09T04:37:25Z
2018-11-20,SFG,9.86,10.16,9.86,10.09,286360,KBS,2026-10-09T04:37:25Z
2018-11-21,SFG,10.01,10.65,9.94,10.46,267690,KBS,2026-10-09T04:37:25Z
2018-11-22,SFG,10.5,10.61,10.46,10.57,91020,KBS,2026-10-09T04:37:25Z
2018-11-23,SFG,10.46,10.65,10.46,10.65,115250,KBS,2026-10-09T04:37:25Z
2018-11-26,SFG,10.46,10.5,10.2,10.35,111290,KBS,2026-10-09T04:37:25Z
2018-11-27,SFG,10.46,10.46,10.24,10.39,12030,KBS,2026-10-09T04:37:25Z
2018-11-28,SFG,10.46,10.5,10.39,10.5,333180,KBS,2026-10-09T04:37:25Z
2018-11-29,SFG,10.54,10.65,10.39,10.39,7050,KBS,2026-10-09T04:37:25Z
2018-11-30,SFG,10.39,10.39,10.16,10.31,3960,KBS,2026-10-09T04:37:25Z
2018-12-03,SFG,10.31,10.46,10.16,10.46,59870,KBS,2026-10-09T04:37:25Z
2018-12-04,SFG,10.66,10.66,10.46,10.66,21980,KBS,2026-10-09T04:37:25Z
2018-12-05,SFG,10.54,10.66,10.46,10.66,11840,KBS,2026-10-09T04:37:25Z
2018-12-06,SFG,10.54,10.66,10.46,10.66,64720,KBS,2026-10-09T04:37:25Z
2018-12-07,SFG,10.66,10.66,10.66,10.66,1000,KBS,2026-10-09T04:37:25Z
2018-12-10,SFG,10.62,10.78,10.54,10.78,223610,KBS,2026-10-09T04:37:25Z
2018-12-11,SFG,10.94,10.94,10.58,10.58,6940,KBS,2026-10-09T04:37:25Z
2018-12-12,SFG,10.62,10.82,10.62,10.82,35620,KBS,2026-10-09T04:37:25Z
2018-12-13,SFG,10.86,10.86,10.66,10.78,21100,KBS,2026-10-09T04:37:25Z
2018-12-14,SFG,10.66,10.78,10.66,10.7,63970,KBS,2026-10-09T04:37:25Z
2018-12-17,SFG,10.7,10.86,10.7,10.86,30000,KBS,2026-10-09T04:37:25Z
2018-12-18,SFG,10.62,10.7,10.54,10.62,64200,KBS,2026-10-09T04:37:25Z
2018-12-19,SFG,10.62,10.7,10.62,10.7,47810,KBS,2026-10-09T04:37:25Z
2018-12-20,SFG,10.86,10.86,10.86,10.86,10,KBS,2026-10-09T04:37:25Z
2018-12-21,SFG,10.62,10.86,10.62,10.86,1010,KBS,2026-10-09T04:37:25Z
2018-12-24,SFG,10.86,10.86,10.86,10.86,2250,KBS,2026-10-09T04:37:25Z
2018-12-26,SFG,11.26,11.26,10.46,10.46,139610,KBS,2026-10-09T04:37:25Z
2018-12-27,SFG,10.7,10.7,10.7,10.7,10,KBS,2026-10-09T04:37:25Z
2018-12-28,SFG,10.46,10.7,10.46,10.7,130,KBS,2026-10-09T04:37:25Z
2019-01-02,SFG,10.54,11.18,10.54,10.94,4150,KBS,2026-10-09T04:37:25Z
2019-01-03,SFG,10.86,10.86,10.46,10.74,18700,KBS,2026-10-09T04:37:25Z
2019-01-04,SFG,10.46,10.7,10.46,10.7,1010,KBS,2026-10-09T04:37:25Z
2019-01-07,SFG,10.07,10.78,10.07,10.78,870,KBS,2026-10-09T04:37:25Z
2019-01-08,SFG,10.78,10.78,10.78,10.78,10,KBS,2026-10-09T04:37:25Z
2019-01-09,SFG,11.1,11.1,10.78,10.78,3510,KBS,2026-10-09T04:37:25Z
2019-01-10,SFG,10.46,10.7,10.46,10.7,3500,KBS,2026-10-09T04:37:25Z
2019-01-11,SFG,10.62,10.7,10.38,10.7,10090,KBS,2026-10-09T04:37:25Z
2019-01-14,SFG,10.62,10.62,10.3,10.42,23500,KBS,2026-10-09T04:37:25Z
2019-01-15,SFG,10.38,10.62,10.38,10.62,13270,KBS,2026-10-09T04:37:25Z
2019-01-17,SFG,10.46,10.46,10.42,10.42,1000,KBS,2026-10-09T04:37:25Z
2019-01-18,SFG,10.46,10.78,10.38,10.58,17770,KBS,2026-10-09T04:37:25Z
2019-01-21,SFG,10.7,10.7,10.7,10.7,10,KBS,2026-10-09T04:37:25Z
2019-01-22,SFG,10.34,10.62,10.3,10.42,4000,KBS,2026-10-09T04:37:25Z
2019-01-23,SFG,10.54,10.54,10.54,10.54,10,KBS,2026-10-09T04:37:25Z
2019-01-24,SFG,10.3,10.3,10.3,10.3,8200,KBS,2026-10-09T04:37:25Z
2019-01-25,SFG,10.3,10.3,9.91,9.91,18330,KBS,2026-10-09T04:37:25Z
2019-01-28,SFG,10.14,10.14,9.99,10.07,21600,KBS,2026-10-09T04:37:25Z
2019-01-30,SFG,10.14,10.14,10.14,10.14,10,KBS,2026-10-09T04:37:25Z
2019-02-11,SFG,10.46,10.46,10.46,10.46,10010,KBS,2026-10-09T04:37:25Z
2019-02-12,SFG,10.46,10.7,10.3,10.7,1460,KBS,2026-10-09T04:37:25Z
2019-02-13,SFG,10.7,10.7,10.3,10.62,12510,KBS,2026-10-09T04:37:25Z
2019-02-14,SFG,10.54,10.54,10.38,10.38,4550,KBS,2026-10-09T04:37:25Z
2019-02-15,SFG,10.38,10.54,10.38,10.54,5380,KBS,2026-10-09T04:37:25Z
2019-02-18,SFG,10.38,10.54,10.3,10.54,16010,KBS,2026-10-09T04:37:25Z
2019-02-19,SFG,10.3,10.3,10.3,10.3,14500,KBS,2026-10-09T04:37:25Z
2019-02-20,SFG,10.38,10.38,10.38,10.38,10,KBS,2026-10-09T04:37:25Z
2019-02-22,SFG,10.38,10.38,10.3,10.3,110,KBS,2026-10-09T04:37:25Z
2019-02-25,SFG,10.3,10.38,10.3,10.38,1510,KBS,2026-10-09T04:37:25Z
2019-02-26,SFG,10.3,10.3,10.3,10.3,1500,KBS,2026-10-09T04:37:25Z
2019-02-27,SFG,10.14,10.3,10.14,10.3,900,KBS,2026-10-09T04:37:25Z
2019-02-28,SFG,10.22,10.22,9.99,10.22,2010,KBS,2026-10-09T04:37:25Z
2019-03-04,SFG,10.22,10.3,10.22,10.22,3640,KBS,2026-10-09T04:37:25Z
2019-03-05,SFG,10.38,10.38,10.3,10.3,5330,KBS,2026-10-09T04:37:25Z
2019-03-06,SFG,10.38,10.38,10.3,10.3,1210,KBS,2026-10-09T04:37:25Z
2019-03-07,SFG,10.07,10.07,10.07,10.07,1960,KBS,2026-10-09T04:37:25Z
2019-03-08,SFG,10.22,10.22,9.99,10.22,31120,KBS,2026-10-09T04:37:25Z
2019-03-12,SFG,10.3,10.3,10.3,10.3,10,KBS,2026-10-09T04:37:25Z
2019-03-13,SFG,10.22,10.22,10.22,10.22,60,KBS,2026-10-09T04:37:25Z
2019-03-14,SFG,10.14,10.22,9.95,10.22,8230,KBS,2026-10-09T04:37:25Z
2019-03-15,SFG,10.1,10.3,10.1,10.3,19090,KBS,2026-10-09T04:37:25Z
2019-03-18,SFG,10.22,11.02,10.22,10.78,124990,KBS,2026-10-09T04:37:25Z
2019-03-19,SFG,10.5,11.1,10.5,10.86,50590,KBS,2026-10-09T04:37:25Z
2019-03-20,SFG,10.74,10.86,10.7,10.7,89930,KBS,2026-10-09T04:37:25Z
2019-03-21,SFG,10.7,10.9,10.7,10.7,28590,KBS,2026-10-09T04:37:25Z
2019-03-22,SFG,10.7,10.86,10.7,10.7,35780,KBS,2026-10-09T04:37:25Z
2019-03-25,SFG,10.58,10.78,10.46,10.62,48470,KBS,2026-10-09T04:37:25Z
2019-03-26,SFG,10.46,10.78,10.46,10.58,41020,KBS,2026-10-09T04:37:25Z
2019-03-27,SFG,10.82,10.86,10.62,10.86,37350,KBS,2026-10-09T04:37:25Z
2019-03-28,SFG,10.5,11.02,10.5,10.86,14970,KBS,2026-10-09T04:37:25Z
2019-03-29,SFG,10.86,10.86,10.78,10.86,46400,KBS,2026-10-09T04:37:25Z
2019-04-01,SFG,10.86,10.94,10.86,10.86,56160,KBS,2026-10-09T04:37:25Z
2019-04-02,SFG,10.86,11.02,10.86,11.02,108630,KBS,2026-10-09T04:37:25Z
2019-04-03,SFG,11.02,11.77,11.02,11.77,200290,KBS,2026-10-09T04:37:25Z
2019-04-04,SFG,12.24,12.24,11.77,12.24,191210,KBS,2026-10-09T04:37:25Z
2019-04-05,SFG,12.24,12.24,11.81,12.05,76280,KBS,2026-10-09T04:37:25Z
2019-04-08,SFG,11.93,12.01,11.53,11.89,61590,KBS,2026-10-09T04:37:25Z
2019-04-09,SFG,12.17,12.17,11.33,11.65,104580,KBS,2026-10-09T04:37:25Z
2019-04-10,SFG,11.33,11.53,11.02,11.1,66840,KBS,2026-10-09T04:37:25Z
2019-04-11,SFG,10.9,11.81,10.9,11.49,84590,KBS,2026-10-09T04:37:25Z
2019-04-12,SFG,11.49,11.49,10.94,10.94,43030,KBS,2026-10-09T04:37:25Z
2019-04-16,SFG,10.86,10.94,10.54,10.94,16740,KBS,2026-10-09T04:37:25Z
2019-04-17,SFG,10.54,10.94,10.54,10.54,9790,KBS,2026-10-09T04:37:25Z
2019-04-18,SFG,11.06,11.06,10.38,10.46,66750,KBS,2026-10-09T04:37:25Z
2019-04-19,SFG,10.46,11.1,10.38,10.86,17420,KBS,2026-10-09T04:37:25Z
2019-04-22,SFG,10.98,11.02,10.7,10.98,28400,KBS,2026-10-09T04:37:25Z
2019-04-23,SFG,11.18,11.41,11.02,11.26,138880,KBS,2026-10-09T04:37:25Z
2019-04-24,SFG,11.81,11.81,11.18,11.49,152430,KBS,2026-10-09T04:37:25Z
2019-04-25,SFG,11.49,11.57,11.1,11.57,21420,KBS,2026-10-09T04:37:25Z
2019-04-26,SFG,11.49,12.36,11.49,12.32,392510,KBS,2026-10-09T04:37:25Z
2019-05-02,SFG,12.32,12.48,11.69,11.89,165110,KBS,2026-10-09T04:37:25Z
2019-05-03,SFG,11.33,11.89,11.33,11.73,152500,KBS,2026-10-09T04:37:25Z
2019-05-06,SFG,11.89,12.21,11.69,11.89,136930,KBS,2026-10-09T04:37:25Z
2019-05-07,SFG,11.89,12.05,11.73,11.81,43370,KBS,2026-10-09T04:37:25Z
2019-05-08,SFG,11.49,11.89,11.49,11.77,16340,KBS,2026-10-09T04:37:25Z
2019-05-09,SFG,11.73,11.89,11.49,11.89,20160,KBS,2026-10-09T04:37:25Z
2019-05-10,SFG,11.81,11.85,11.81,11.81,15910,KBS,2026-10-09T04:37:25Z
2019-05-13,SFG,11.26,11.81,11.22,11.81,29560,KBS,2026-10-09T04:37:25Z
2019-05-14,SFG,11.73,11.77,11.49,11.77,21590,KBS,2026-10-09T04:37:25Z
2019-05-15,SFG,11.53,11.85,11.53,11.77,6320,KBS,2026-10-09T04:37:25Z
2019-05-16,SFG,11.77,12.56,11.77,12.56,500570,KBS,2026-10-09T04:37:25Z
2019-05-17,SFG,13.08,13.43,12.84,13.4,414540,KBS,2026-10-09T04:37:25Z
2019-05-20,SFG,13.16,13.43,13.0,13.32,100730,KBS,2026-10-09T04:37:25Z
2019-05-21,SFG,13.0,14.19,13.0,13.79,384890,KBS,2026-10-09T04:37:25Z
2019-05-22,SFG,13.71,14.11,13.63,13.71,209780,KBS,2026-10-09T04:37:25Z
2019-05-23,SFG,13.71,14.62,13.71,14.11,370900,KBS,2026-10-09T04:37:25Z
2019-05-24,SFG,14.11,14.5,13.24,13.47,368440,KBS,2026-10-09T04:37:25Z
2019-05-27,SFG,13.24,13.63,13.16,13.43,81100,KBS,2026-10-09T04:37:25Z
2019-05-28,SFG,13.32,14.19,13.32,13.47,321050,KBS,2026-10-09T04:37:25Z
2019-05-29,SFG,13.75,13.75,13.32,13.32,214990,KBS,2026-10-09T04:37:25Z
2019-05-30,SFG,13.47,13.87,13.4,13.63,234100,KBS,2026-10-09T04:37:25Z
2019-05-31,SFG,13.55,13.63,12.84,12.84,240170,KBS,2026-10-09T04:37:25Z
2019-06-03,SFG,12.84,12.84,12.28,12.36,214370,KBS,2026-10-09T04:37:25Z
2019-06-04,SFG,12.36,13.2,12.28,13.2,167270,KBS,2026-10-09T04:37:25Z
2019-06-05,SFG,13.71,13.83,13.32,13.59,194750,KBS,2026-10-09T04:37:25Z
2019-06-06,SFG,13.59,13.59,13.24,13.47,208270,KBS,2026-10-09T04:37:25Z
2019-06-07,SFG,13.47,13.95,13.4,13.95,235940,KBS,2026-10-09T04:37:25Z
2019-06-10,SFG,13.95,14.74,13.95,14.27,404680,KBS,2026-10-09T04:37:25Z
2019-06-11,SFG,14.27,14.27,13.87,14.19,150070,KBS,2026-10-09T04:37:25Z
2019-06-12,SFG,14.19,14.66,14.03,14.19,340840,KBS,2026-10-09T04:37:25Z
2019-06-13,SFG,14.54,14.82,14.03,14.03,833740,KBS,2026-10-09T04:37:25Z
2019-06-14,SFG,14.11,14.23,13.4,13.4,289470,KBS,2026-10-09T04:37:25Z
2019-06-17,SFG,13.47,13.79,13.24,13.47,155520,KBS,2026-10-09T04:37:25Z
2019-06-18,SFG,13.24,13.47,13.0,13.08,147750,KBS,2026-10-09T04:37:25Z
2019-06-19,SFG,12.17,13.24,12.17,12.17,634990,KBS,2026-10-09T04:37:25Z
2019-06-20,SFG,11.73,12.28,11.33,11.33,693640,KBS,2026-10-09T04:37:25Z
2019-06-21,SFG,11.89,12.13,11.33,11.89,158560,KBS,2026-10-09T04:37:25Z
2019-06-24,SFG,12.22,12.22,11.48,11.56,110910,KBS,2026-10-09T04:37:25Z
2019-06-25,SFG,11.4,11.56,10.99,11.2,225280,KBS,2026-10-09T04:37:25Z
2019-06-26,SFG,11.2,11.4,10.83,11.03,134880,KBS,2026-10-09T04:37:25Z
2019-06-27,SFG,11.03,11.24,10.59,10.87,303130,KBS,2026-10-09T04:37:25Z
2019-06-28,SFG,10.87,10.87,10.38,10.42,304360,KBS,2026-10-09T04:37:25Z
2019-07-01,SFG,10.59,11.12,10.54,10.59,291380,KBS,2026-10-09T04:37:25Z
2019-07-02,SFG,10.67,10.75,10.54,10.54,116790,KBS,2026-10-09T04:37:25Z
2019-07-03,SFG,10.5,10.59,9.81,9.81,553410,KBS,2026-10-09T04:37:25Z
2019-07-04,SFG,9.36,9.85,9.16,9.81,484950,KBS,2026-10-09T04:37:25Z
2019-07-05,SFG,9.53,9.89,9.53,9.57,65910,KBS,2026-10-09T04:37:25Z
2019-07-08,SFG,9.4,9.77,9.28,9.28,95940,KBS,2026-10-09T04:37:25Z
2019-07-09,SFG,9.45,9.65,9.28,9.36,134470,KBS,2026-10-09T04:37:25Z
2019-07-10,SFG,9.36,9.57,9.36,9.36,122790,KBS,2026-10-09T04:37:25Z
2019-07-11,SFG,9.45,9.45,8.96,9.12,190070,KBS,2026-10-09T04:37:25Z
2019-07-12,SFG,9.12,9.24,8.71,8.71,148560,KBS,2026-10-09T04:37:25Z
2019-07-16,SFG,8.71,8.79,8.47,8.51,212560,KBS,2026-10-09T04:37:25Z
2019-07-17,SFG,8.47,8.63,8.39,8.51,109010,KBS,2026-10-09T04:37:25Z
2019-07-18,SFG,8.39,8.55,8.39,8.39,104480,KBS,2026-10-09T04:37:25Z
2019-07-19,SFG,8.39,8.55,8.39,8.55,95230,KBS,2026-10-09T04:37:25Z
2019-07-22,SFG,8.51,8.71,8.51,8.63,47470,KBS,2026-10-09T04:37:25Z
2019-07-23,SFG,8.79,8.79,8.47,8.63,39490,KBS,2026-10-09T04:37:25Z
2019-07-24,SFG,8.47,8.55,8.06,8.14,216810,KBS,2026-10-09T04:37:25Z
2019-07-25,SFG,8.14,8.14,7.82,7.82,136750,KBS,2026-10-09T04:37:25Z
2019-07-26,SFG,7.82,8.35,7.77,8.35,208850,KBS,2026-10-09T04:37:25Z
2019-07-29,SFG,8.39,8.43,8.14,8.14,43490,KBS,2026-10-09T04:37:25Z
2019-07-30,SFG,8.14,8.14,7.9,7.97,93670,KBS,2026-10-09T04:37:25Z
2019-07-31,SFG,7.9,7.9,7.74,7.82,90820,KBS,2026-10-09T04:37:25Z
2019-08-01,SFG,7.66,7.82,7.57,7.65,72850,KBS,2026-10-09T04:37:25Z
2019-08-02,SFG,7.44,7.65,7.33,7.33,131600,KBS,2026-10-09T04:37:25Z
2019-08-05,SFG,7.33,7.33,7.08,7.13,158160,KBS,2026-10-09T04:37:25Z
2019-08-06,SFG,7.0,7.62,6.83,7.14,244330,KBS,2026-10-09T04:37:25Z
2019-08-07,SFG,7.0,7.32,6.92,7.11,28850,KBS,2026-10-09T04:37:25Z
2019-08-08,SFG,7.25,7.57,6.95,7.21,153600,KBS,2026-10-09T04:37:25Z
2019-08-09,SFG,7.4,7.44,7.25,7.42,69330,KBS,2026-10-09T04:37:25Z
2019-08-12,SFG,7.41,7.47,7.17,7.33,34690,KBS,2026-10-09T04:37:25Z
2019-08-13,SFG,7.17,7.33,7.17,7.24,48180,KBS,2026-10-09T04:37:25Z
2019-08-14,SFG,7.32,7.32,7.18,7.23,15130,KBS,2026-10-09T04:37:25Z
2019-08-15,SFG,7.32,7.32,7.05,7.22,30530,KBS,2026-10-09T04:37:25Z
2019-08-16,SFG,7.12,7.41,7.08,7.4,31050,KBS,2026-10-09T04:37:25Z
2019-08-19,SFG,7.33,7.37,7.17,7.31,50880,KBS,2026-10-09T04:37:25Z
2019-08-20,SFG,7.08,7.3,7.08,7.17,40300,KBS,2026-10-09T04:37:25Z
2019-08-21,SFG,7.05,7.17,6.93,6.94,116610,KBS,2026-10-09T04:37:25Z
2019-08-22,SFG,6.92,7.17,6.92,7.04,65590,KBS,2026-10-09T04:37:25Z
2019-08-23,SFG,7.0,7.09,6.95,7.04,30330,KBS,2026-10-09T04:37:25Z
2019-08-26,SFG,6.94,7.03,6.92,6.98,28300,KBS,2026-10-09T04:37:25Z
2019-08-27,SFG,6.98,7.05,6.84,6.92,84970,KBS,2026-10-09T04:37:25Z
2019-08-28,SFG,6.92,6.98,6.85,6.85,39040,KBS,2026-10-09T04:37:25Z
2019-08-29,SFG,6.84,6.95,6.76,6.9,41600,KBS,2026-10-09T04:37:25Z
2019-08-30,SFG,6.84,6.87,6.51,6.6,70160,KBS,2026-10-09T04:37:25Z
2019-09-03,SFG,6.6,6.69,6.52,6.6,14690,KBS,2026-10-09T04:37:25Z
2019-09-04,SFG,6.51,6.65,6.51,6.64,48330,KBS,2026-10-09T04:37:25Z
2019-09-05,SFG,6.64,6.64,6.51,6.62,105000,KBS,2026-10-09T04:37:25Z
2019-09-06,SFG,6.52,6.62,6.52,6.62,18030,KBS,2026-10-09T04:37:25Z
2019-09-09,SFG,6.75,6.75,6.51,6.6,73420,KBS,2026-10-09T04:37:25Z
2019-09-10,SFG,6.51,6.6,6.14,6.51,43210,KBS,2026-10-09T04:37:25Z
2019-09-11,SFG,6.51,6.51,6.15,6.18,83850,KBS,2026-10-09T04:37:25Z
2019-09-12,SFG,6.15,6.3,6.15,6.18,13030,KBS,2026-10-09T04:37:25Z
2019-09-13,SFG,6.11,6.18,5.94,5.94,56430,KBS,2026-10-09T04:37:25Z
2019-09-16,SFG,5.94,5.94,5.7,5.86,95290,KBS,2026-10-09T04:37:25Z
2019-09-17,SFG,5.86,5.86,5.63,5.67,67660,KBS,2026-10-09T04:37:25Z
2019-09-18,SFG,5.37,5.81,5.37,5.7,66190,KBS,2026-10-09T04:37:25Z
2019-09-19,SFG,5.7,5.77,5.66,5.66,32110,KBS,2026-10-09T04:37:25Z
2019-09-20,SFG,5.66,5.78,5.59,5.59,14840,KBS,2026-10-09T04:37:25Z
2019-09-23,SFG,5.47,5.68,5.29,5.31,29580,KBS,2026-10-09T04:37:25Z
2019-09-24,SFG,5.31,5.68,5.31,5.66,49800,KBS,2026-10-09T04:37:25Z
2019-09-25,SFG,5.6,5.82,5.46,5.78,24890,KBS,2026-10-09T04:37:25Z
2019-09-26,SFG,5.85,5.86,5.78,5.82,7460,KBS,2026-10-09T04:37:25Z
2019-09-27,SFG,5.82,5.86,5.62,5.78,21410,KBS,2026-10-09T04:37:25Z
2019-09-30,SFG,5.54,5.82,5.54,5.74,30830,KBS,2026-10-09T04:37:25Z
2019-10-01,SFG,5.54,5.77,5.54,5.74,16900,KBS,2026-10-09T04:37:25Z
2019-10-02,SFG,5.7,5.74,5.56,5.7,26680,KBS,2026-10-09T04:37:25Z
2019-10-03,SFG,5.7,5.73,5.55,5.7,42470,KBS,2026-10-09T04:37:25Z
2019-10-04,SFG,5.7,5.77,5.54,5.7,42610,KBS,2026-10-09T04:37:25Z
2019-10-07,SFG,5.7,5.78,5.63,5.74,78170,KBS,2026-10-09T04:37:25Z
2019-10-08,SFG,5.63,5.78,5.63,5.75,4110,KBS,2026-10-09T04:37:25Z
2019-10-09,SFG,5.7,5.75,5.63,5.73,49470,KBS,2026-10-09T04:37:25Z
2019-10-10,SFG,5.7,5.73,5.62,5.65,12040,KBS,2026-10-09T04:37:25Z
2019-10-11,SFG,5.63,5.77,5.62,5.74,61350,KBS,2026-10-09T04:37:25Z
2019-10-14,SFG,5.76,5.76,5.6,5.73,44570,KBS,2026-10-09T04:37:25Z
2019-10-15,SFG,5.63,5.72,5.62,5.62,39240,KBS,2026-10-09T04:37:25Z
2019-10-16,SFG,5.62,5.7,5.56,5.7,8640,KBS,2026-10-09T04:37:25Z
2019-10-17,SFG,5.62,5.7,5.56,5.69,4610,KBS,2026-10-09T04:37:25Z
2019-10-18,SFG,5.58,5.68,5.55,5.58,12220,KBS,2026-10-09T04:37:25Z
2019-10-21,SFG,5.7,5.7,5.57,5.58,33190,KBS,2026-10-09T04:37:25Z
2019-10-22,SFG,5.62,5.67,5.58,5.67,11210,KBS,2026-10-09T04:37:25Z
2019-10-23,SFG,5.6,5.68,5.6,5.62,1480,KBS,2026-10-09T04:37:25Z
2019-10-24,SFG,5.7,5.74,5.66,5.72,10210,KBS,2026-10-09T04:37:25Z
2019-10-25,SFG,5.72,5.72,5.66,5.7,3130,KBS,2026-10-09T04:37:25Z
2019-10-28,SFG,5.58,5.71,5.54,5.69,27130,KBS,2026-10-09T04:37:25Z
2019-10-29,SFG,5.7,5.7,5.69,5.69,34250,KBS,2026-10-09T04:37:25Z
2019-10-30,SFG,5.59,5.69,5.54,5.62,48560,KBS,2026-10-09T04:37:25Z
2019-10-31,SFG,5.62,5.68,5.54,5.54,55400,KBS,2026-10-09T04:37:25Z
2019-11-01,SFG,5.68,5.7,5.56,5.7,23790,KBS,2026-10-09T04:37:25Z
2019-11-04,SFG,5.59,5.65,5.59,5.62,50630,KBS,2026-10-09T04:37:25Z
2019-11-05,SFG,5.69,5.69,5.56,5.65,2230,KBS,2026-10-09T04:37:25Z
2019-11-06,SFG,5.54,5.62,5.54,5.55,39490,KBS,2026-10-09T04:37:25Z
2019-11-07,SFG,5.55,5.61,5.52,5.54,6460,KBS,2026-10-09T04:37:25Z
2019-11-08,SFG,5.62,5.62,5.54,5.6,520,KBS,2026-10-09T04:37:25Z
2019-11-11,SFG,5.6,5.62,5.47,5.49,2930,KBS,2026-10-09T04:37:25Z
2019-11-12,SFG,5.5,5.57,5.47,5.51,23120,KBS,2026-10-09T04:37:25Z
2019-11-13,SFG,5.53,5.53,5.46,5.5,1590,KBS,2026-10-09T04:37:25Z
2019-11-14,SFG,5.5,5.57,5.46,5.5,11690,KBS,2026-10-09T04:37:25Z
2019-11-15,SFG,5.5,5.5,5.46,5.46,16150,KBS,2026-10-09T04:37:25Z
2019-11-18,SFG,5.46,5.54,5.46,5.54,1420,KBS,2026-10-09T04:37:25Z
2019-11-19,SFG,5.44,5.44,5.44,5.44,1540,KBS,2026-10-09T04:37:25Z
2019-11-20,SFG,5.43,5.46,5.37,5.37,25360,KBS,2026-10-09T04:37:25Z
2019-11-21,SFG,5.7,5.7,5.38,5.38,20220,KBS,2026-10-09T04:37:25Z
2019-11-22,SFG,5.57,5.57,5.34,5.46,13800,KBS,2026-10-09T04:37:25Z
2019-11-25,SFG,5.62,5.62,5.62,5.62,10,KBS,2026-10-09T04:37:25Z
2019-11-26,SFG,5.5,5.53,5.37,5.42,17170,KBS,2026-10-09T04:37:25Z
2019-11-27,SFG,5.43,5.43,5.42,5.42,7330,KBS,2026-10-09T04:37:25Z
2019-11-28,SFG,5.37,5.5,5.29,5.43,24340,KBS,2026-10-09T04:37:25Z
2019-11-29,SFG,5.62,5.62,5.37,5.42,25770,KBS,2026-10-09T04:37:25Z
2019-12-02,SFG,5.54,5.54,5.25,5.25,48490,KBS,2026-10-09T04:37:25Z
2019-12-03,SFG,5.52,5.52,4.89,5.21,34460,KBS,2026-10-09T04:37:25Z
2019-12-04,SFG,5.14,5.33,4.89,5.09,80870,KBS,2026-10-09T04:37:25Z
2019-12-05,SFG,5.07,5.26,4.89,5.1,35780,KBS,2026-10-09T04:37:25Z
2019-12-06,SFG,5.16,5.16,4.89,4.98,58820,KBS,2026-10-09T04:37:25Z
2019-12-09,SFG,5.07,5.07,4.97,5.0,21470,KBS,2026-10-09T04:37:25Z
2019-12-10,SFG,5.05,5.05,4.7,4.95,55770,KBS,2026-10-09T04:37:25Z
2019-12-11,SFG,4.97,4.97,4.82,4.92,44150,KBS,2026-10-09T04:37:25Z
2019-12-12,SFG,4.93,4.93,4.67,4.92,37570,KBS,2026-10-09T04:37:25Z
2019-12-13,SFG,4.65,4.97,4.65,4.93,58000,KBS,2026-10-09T04:37:25Z
2019-12-16,SFG,5.09,5.09,4.75,4.79,32750,KBS,2026-10-09T04:37:25Z
2019-12-17,SFG,4.79,5.12,4.79,5.0,40810,KBS,2026-10-09T04:37:25Z
2019-12-18,SFG,5.11,5.11,5.01,5.08,27750,KBS,2026-10-09T04:37:25Z
2019-12-19,SFG,5.11,5.11,4.97,5.07,36390,KBS,2026-10-09T04:37:25Z
2019-12-20,SFG,5.13,5.13,4.97,5.05,28380,KBS,2026-10-09T04:37:25Z
2019-12-23,SFG,5.08,5.09,4.89,4.9,97750,KBS,2026-10-09T04:37:25Z
2019-12-24,SFG,4.9,5.12,4.9,4.9,51120,KBS,2026-10-09T04:37:25Z
2019-12-25,SFG,5.05,5.05,4.9,4.9,81320,KBS,2026-10-09T04:37:25Z
2019-12-26,SFG,5.05,5.05,4.89,4.93,37020,KBS,2026-10-09T04:37:25Z
2019-12-27,SFG,5.04,5.04,4.89,4.93,148560,KBS,2026-10-09T04:37:25Z
2019-12-30,SFG,4.93,5.02,4.89,4.89,107410,KBS,2026-10-09T04:37:25Z
2019-12-31,SFG,5.02,5.02,4.8,4.96,80930,KBS,2026-10-09T04:37:25Z
2020-01-02,SFG,5.0,5.0,4.93,4.94,28380,KBS,2026-10-09T04:37:25Z
2020-01-03,SFG,4.96,4.96,4.89,4.89,37860,KBS,2026-10-09T04:37:25Z
2020-01-06,SFG,4.99,4.99,4.85,4.85,66940,KBS,2026-10-09T04:37:25Z
2020-01-07,SFG,4.97,4.97,4.85,4.93,53850,KBS,2026-10-09T04:37:25Z
2020-01-08,SFG,4.89,4.95,4.85,4.88,35400,KBS,2026-10-09T04:37:25Z
2020-01-09,SFG,4.88,4.92,4.88,4.9,14520,KBS,2026-10-09T04:37:25Z
2020-01-10,SFG,4.89,4.89,4.8,4.89,42260,KBS,2026-10-09T04:37:25Z
2020-01-13,SFG,4.93,4.93,4.88,4.93,35740,KBS,2026-10-09T04:37:25Z
2020-01-14,SFG,4.96,4.96,4.88,4.93,42280,KBS,2026-10-09T04:37:25Z
2020-01-15,SFG,4.89,4.89,4.8,4.87,70340,KBS,2026-10-09T04:37:25Z
2020-01-16,SFG,4.8,4.88,4.8,4.8,54140,KBS,2026-10-09T04:37:25Z
2020-01-17,SFG,4.91,4.91,4.89,4.89,12790,KBS,2026-10-09T04:37:25Z
2020-01-20,SFG,4.89,4.89,4.8,4.89,28950,KBS,2026-10-09T04:37:25Z
2020-01-21,SFG,4.89,4.93,4.8,4.8,38760,KBS,2026-10-09T04:37:25Z
2020-01-22,SFG,4.8,4.95,4.8,4.95,2010,KBS,2026-10-09T04:37:25Z
2020-01-30,SFG,4.97,4.97,4.89,4.96,16050,KBS,2026-10-09T04:37:25Z
2020-01-31,SFG,4.89,4.89,4.89,4.89,21320,KBS,2026-10-09T04:37:25Z
2020-02-03,SFG,4.89,4.89,4.55,4.78,46950,KBS,2026-10-09T04:37:25Z
2020-02-04,SFG,4.78,4.78,4.72,4.77,15900,KBS,2026-10-09T04:37:25Z
2020-02-05,SFG,4.88,4.88,4.72,4.8,32100,KBS,2026-10-09T04:37:25Z
2020-02-06,SFG,4.8,4.87,4.76,4.84,77870,KBS,2026-10-09T04:37:25Z
2020-02-07,SFG,4.8,4.84,4.77,4.84,70580,KBS,2026-10-09T04:37:25Z
2020-02-10,SFG,4.84,4.84,4.72,4.83,1330,KBS,2026-10-09T04:37:25Z
2020-02-11,SFG,4.81,4.84,4.81,4.84,23400,KBS,2026-10-09T04:37:25Z
2020-02-12,SFG,4.8,4.83,4.76,4.8,17950,KBS,2026-10-09T04:37:25Z
2020-02-13,SFG,4.76,4.8,4.72,4.79,43840,KBS,2026-10-09T04:37:25Z
2020-02-14,SFG,4.79,4.8,4.72,4.79,51430,KBS,2026-10-09T04:37:25Z
2020-02-17,SFG,4.78,4.78,4.52,4.52,38850,KBS,2026-10-09T04:37:25Z
2020-02-18,SFG,4.72,4.75,4.64,4.72,26280,KBS,2026-10-09T04:37:25Z
2020-02-19,SFG,4.61,4.64,4.61,4.64,950,KBS,2026-10-09T04:37:25Z
2020-02-20,SFG,4.68,4.79,4.64,4.79,133060,KBS,2026-10-09T04:37:25Z
2020-02-21,SFG,4.76,4.8,4.72,4.72,3680,KBS,2026-10-09T04:37:25Z
2020-02-24,SFG,4.72,4.88,4.58,4.58,4590,KBS,2026-10-09T04:37:25Z
2020-02-25,SFG,4.8,4.8,4.72,4.76,2810,KBS,2026-10-09T04:37:25Z
2020-02-26,SFG,4.84,4.84,4.72,4.72,36520,KBS,2026-10-09T04:37:25Z
2020-02-27,SFG,4.74,4.74,4.72,4.72,9420,KBS,2026-10-09T04:37:25Z
2020-02-28,SFG,4.72,4.89,4.52,4.52,31400,KBS,2026-10-09T04:37:25Z
2020-03-02,SFG,4.63,4.63,4.56,4.56,29100,KBS,2026-10-09T04:37:25Z
2020-03-03,SFG,4.6,4.72,4.52,4.63,27500,KBS,2026-10-09T04:37:25Z
2020-03-04,SFG,4.52,4.72,4.5,4.72,34150,KBS,2026-10-09T04:37:25Z
2020-03-05,SFG,4.53,4.72,4.53,4.71,37800,KBS,2026-10-09T04:37:25Z
2020-03-06,SFG,4.7,4.7,4.58,4.68,14010,KBS,2026-10-09T04:37:25Z
2020-03-09,SFG,4.52,4.63,4.4,4.61,41490,KBS,2026-10-09T04:37:25Z
2020-03-10,SFG,4.32,4.61,4.32,4.6,8410,KBS,2026-10-09T04:37:25Z
2020-03-11,SFG,4.56,4.63,4.4,4.58,52580,KBS,2026-10-09T04:37:25Z
2020-03-12,SFG,4.27,4.58,4.27,4.47,21180,KBS,2026-10-09T04:37:25Z
2020-03-13,SFG,4.19,4.46,4.16,4.45,30140,KBS,2026-10-09T04:37:25Z
2020-03-16,SFG,4.23,4.53,4.15,4.53,17010,KBS,2026-10-09T04:37:25Z
2020-03-17,SFG,4.4,4.4,4.22,4.22,33930,KBS,2026-10-09T04:37:25Z
2020-03-18,SFG,4.45,4.45,4.43,4.43,30,KBS,2026-10-09T04:37:25Z
2020-03-19,SFG,4.43,4.43,4.12,4.23,22380,KBS,2026-10-09T04:37:25Z
2020-03-20,SFG,4.15,4.15,3.94,4.14,14340,KBS,2026-10-09T04:37:25Z
2020-03-23,SFG,4.14,4.14,3.86,4.06,29950,KBS,2026-10-09T04:37:25Z
2020-03-24,SFG,3.84,4.06,3.79,4.06,12460,KBS,2026-10-09T04:37:25Z
2020-03-25,SFG,4.05,4.06,3.78,4.06,15900,KBS,2026-10-09T04:37:25Z
2020-03-26,SFG,3.91,4.06,3.91,4.03,2700,KBS,2026-10-09T04:37:25Z
2020-03-27,SFG,3.99,3.99,3.77,3.98,6590,KBS,2026-10-09T04:37:25Z
2020-03-30,SFG,3.77,3.91,3.76,3.83,34140,KBS,2026-10-09T04:37:25Z
2020-03-31,SFG,3.83,4.06,3.76,3.83,36480,KBS,2026-10-09T04:37:25Z
2020-04-01,SFG,4.06,4.06,3.84,3.99,8740,KBS,2026-10-09T04:37:25Z
2020-04-03,SFG,3.99,3.99,3.79,3.91,8070,KBS,2026-10-09T04:37:25Z
2020-04-06,SFG,3.99,4.18,3.99,4.14,3720,KBS,2026-10-09T04:37:25Z
2020-04-07,SFG,4.4,4.4,4.14,4.23,5830,KBS,2026-10-09T04:37:25Z
2020-04-08,SFG,4.4,4.4,3.93,3.93,40020,KBS,2026-10-09T04:37:25Z
2020-04-09,SFG,4.03,4.15,3.94,3.94,24770,KBS,2026-10-09T04:37:25Z
2020-04-10,SFG,3.94,4.21,3.94,4.19,25320,KBS,2026-10-09T04:37:25Z
2020-04-13,SFG,4.47,4.47,4.15,4.43,19950,KBS,2026-10-09T04:37:25Z
2020-04-14,SFG,4.24,4.42,4.12,4.39,29320,KBS,2026-10-09T04:37:25Z
2020-04-15,SFG,4.38,4.38,4.12,4.14,20490,KBS,2026-10-09T04:37:25Z
2020-04-16,SFG,4.28,4.42,4.23,4.42,84150,KBS,2026-10-09T04:37:25Z
2020-04-17,SFG,4.73,4.73,4.72,4.73,99690,KBS,2026-10-09T04:37:25Z
2020-04-20,SFG,5.05,5.06,4.74,4.89,116200,KBS,2026-10-09T04:37:25Z
2020-04-21,SFG,4.72,4.93,4.54,4.72,58910,KBS,2026-10-09T04:37:25Z
2020-04-22,SFG,4.44,4.56,4.4,4.44,67080,KBS,2026-10-09T04:37:25Z
2020-04-23,SFG,4.72,4.72,4.15,4.38,55990,KBS,2026-10-09T04:37:25Z
2020-04-24,SFG,4.4,4.44,4.3,4.44,19050,KBS,2026-10-09T04:37:25Z
2020-04-27,SFG,4.23,4.72,4.23,4.64,3390,KBS,2026-10-09T04:37:25Z
2020-04-28,SFG,4.48,4.64,4.4,4.62,52800,KBS,2026-10-09T04:37:25Z
2020-04-29,SFG,4.44,4.48,4.3,4.44,30990,KBS,2026-10-09T04:37:25Z
2020-05-04,SFG,4.52,4.52,4.26,4.48,9790,KBS,2026-10-09T04:37:25Z
2020-05-05,SFG,4.32,4.48,4.32,4.39,4600,KBS,2026-10-09T04:37:25Z
2020-05-06,SFG,4.36,4.47,4.32,4.47,6950,KBS,2026-10-09T04:37:25Z
2020-05-07,SFG,4.47,4.47,4.23,4.4,15890,KBS,2026-10-09T04:37:25Z
2020-05-08,SFG,4.39,4.4,4.15,4.4,8160,KBS,2026-10-09T04:37:25Z
2020-05-11,SFG,4.39,4.39,4.32,4.39,27080,KBS,2026-10-09T04:37:25Z
2020-05-12,SFG,4.36,4.56,4.23,4.56,34350,KBS,2026-10-09T04:37:25Z
2020-05-13,SFG,4.88,4.88,4.48,4.56,66740,KBS,2026-10-09T04:37:25Z
2020-05-14,SFG,4.72,4.72,4.32,4.56,26740,KBS,2026-10-09T04:37:25Z
2020-05-15,SFG,4.36,4.76,4.36,4.4,43120,KBS,2026-10-09T04:37:25Z
2020-05-18,SFG,4.62,4.62,4.33,4.48,3750,KBS,2026-10-09T04:37:25Z
2020-05-19,SFG,4.44,4.44,4.32,4.44,34470,KBS,2026-10-09T04:37:25Z
2020-05-20,SFG,4.44,4.66,4.32,4.66,66740,KBS,2026-10-09T04:37:25Z
2020-05-21,SFG,4.64,4.64,4.36,4.63,9520,KBS,2026-10-09T04:37:25Z
2020-05-22,SFG,4.55,4.55,4.35,4.36,15010,KBS,2026-10-09T04:37:25Z
2020-05-25,SFG,4.36,4.59,4.36,4.56,54090,KBS,2026-10-09T04:37:25Z
2020-05-26,SFG,4.56,4.59,4.4,4.48,34070,KBS,2026-10-09T04:37:25Z
2020-05-27,SFG,4.48,4.55,4.4,4.4,38650,KBS,2026-10-09T04:37:25Z
2020-05-28,SFG,4.55,4.55,4.4,4.48,3300,KBS,2026-10-09T04:37:25Z
2020-05-29,SFG,4.48,4.54,4.48,4.54,31490,KBS,2026-10-09T04:37:25Z
2020-06-01,SFG,4.56,4.86,4.52,4.86,133660,KBS,2026-10-09T04:37:25Z
2020-06-02,SFG,4.89,5.12,4.74,4.85,53890,KBS,2026-10-09T04:37:25Z
2020-06-03,SFG,4.85,4.85,4.68,4.78,3510,KBS,2026-10-09T04:37:25Z
2020-06-04,SFG,4.87,4.87,4.48,4.76,36400,KBS,2026-10-09T04:37:25Z
2020-06-05,SFG,4.76,4.76,4.6,4.76,20850,KBS,2026-10-09T04:37:25Z
2020-06-08,SFG,4.48,5.01,4.48,4.89,77420,KBS,2026-10-09T04:37:25Z
2020-06-09,SFG,4.97,5.09,4.89,4.89,32630,KBS,2026-10-09T04:37:25Z
2020-06-10,SFG,4.89,4.89,4.76,4.89,69340,KBS,2026-10-09T04:37:25Z
2020-06-11,SFG,4.8,4.97,4.8,4.8,54790,KBS,2026-10-09T04:37:25Z
2020-06-12,SFG,4.5,4.84,4.5,4.8,19300,KBS,2026-10-09T04:37:25Z
2020-06-15,SFG,4.8,4.8,4.5,4.76,11050,KBS,2026-10-09T04:37:25Z
2020-06-16,SFG,4.75,4.76,4.58,4.76,9020,KBS,2026-10-09T04:37:25Z
2020-06-17,SFG,4.75,4.76,4.52,4.73,16440,KBS,2026-10-09T04:37:25Z
2020-06-18,SFG,4.67,4.67,4.64,4.67,6880,KBS,2026-10-09T04:37:25Z
2020-06-19,SFG,4.6,4.64,4.6,4.64,42320,KBS,2026-10-09T04:37:25Z
2020-06-22,SFG,4.64,4.89,4.58,4.89,45640,KBS,2026-10-09T04:37:25Z
2020-06-23,SFG,5.05,5.05,4.77,4.85,39560,KBS,2026-10-09T04:37:25Z
2020-06-24,SFG,4.85,4.85,4.8,4.85,2390,KBS,2026-10-09T04:37:25Z
2020-06-25,SFG,4.8,4.89,4.71,4.87,31640,KBS,2026-10-09T04:37:25Z
2020-06-26,SFG,4.89,4.89,4.76,4.87,13370,KBS,2026-10-09T04:37:25Z
2020-06-29,SFG,4.67,4.8,4.67,4.8,15500,KBS,2026-10-09T04:37:25Z
2020-06-30,SFG,4.62,4.8,4.48,4.8,10000,KBS,2026-10-09T04:37:25Z
2020-07-01,SFG,4.6,4.72,4.6,4.72,160,KBS,2026-10-09T04:37:25Z
2020-07-02,SFG,4.64,4.68,4.61,4.67,18920,KBS,2026-10-09T04:37:25Z
2020-07-03,SFG,4.64,4.72,4.64,4.64,82070,KBS,2026-10-09T04:37:25Z
2020-07-06,SFG,4.7,4.96,4.7,4.93,85640,KBS,2026-10-09T04:37:25Z
2020-07-07,SFG,4.93,4.93,4.68,4.8,22210,KBS,2026-10-09T04:37:25Z
2020-07-08,SFG,4.64,4.88,4.61,4.88,8160,KBS,2026-10-09T04:37:25Z
2020-07-09,SFG,4.65,4.89,4.65,4.79,25950,KBS,2026-10-09T04:37:25Z
2020-07-10,SFG,4.79,4.79,4.72,4.72,6210,KBS,2026-10-09T04:37:25Z
2020-07-13,SFG,4.72,4.73,4.7,4.7,7370,KBS,2026-10-09T04:37:25Z
2020-07-14,SFG,4.7,4.72,4.7,4.7,14380,KBS,2026-10-09T04:37:25Z
2020-07-15,SFG,4.7,4.71,4.67,4.71,3260,KBS,2026-10-09T04:37:25Z
2020-07-16,SFG,4.63,4.64,4.61,4.63,10240,KBS,2026-10-09T04:37:25Z
2020-07-17,SFG,4.63,4.68,4.55,4.62,16200,KBS,2026-10-09T04:37:25Z
2020-07-20,SFG,4.49,4.72,4.49,4.64,6900,KBS,2026-10-09T04:37:25Z
2020-07-21,SFG,4.85,4.85,4.85,4.85,10,KBS,2026-10-09T04:37:25Z
2020-07-22,SFG,4.72,4.72,4.72,4.72,100,KBS,2026-10-09T04:37:25Z
2020-07-24,SFG,4.56,4.7,4.41,4.68,18130,KBS,2026-10-09T04:37:25Z
2020-07-27,SFG,4.64,4.64,4.36,4.36,7060,KBS,2026-10-09T04:37:25Z
2020-07-28,SFG,4.07,4.63,4.07,4.63,13390,KBS,2026-10-09T04:37:25Z
2020-07-29,SFG,4.63,4.63,4.36,4.62,350,KBS,2026-10-09T04:37:25Z
2020-07-30,SFG,4.58,4.58,4.32,4.54,5470,KBS,2026-10-09T04:37:25Z
2020-07-31,SFG,4.54,4.6,4.32,4.53,45270,KBS,2026-10-09T04:37:25Z
2020-08-03,SFG,4.52,4.64,4.24,4.4,1450,KBS,2026-10-09T04:37:25Z
2020-08-04,SFG,4.4,4.48,4.32,4.4,15010,KBS,2026-10-09T04:37:25Z
2020-08-05,SFG,4.36,4.36,4.25,4.32,5440,KBS,2026-10-09T04:37:25Z
2020-08-06,SFG,4.32,4.32,4.15,4.32,28710,KBS,2026-10-09T04:37:25Z
2020-08-07,SFG,4.23,4.39,4.15,4.39,33570,KBS,2026-10-09T04:37:25Z
2020-08-10,SFG,4.23,4.54,4.23,4.31,42620,KBS,2026-10-09T04:37:25Z
2020-08-11,SFG,4.3,4.5,4.3,4.48,43070,KBS,2026-10-09T04:37:25Z
2020-08-12,SFG,4.36,4.44,4.32,4.43,3220,KBS,2026-10-09T04:37:25Z
2020-08-13,SFG,4.23,4.39,4.23,4.38,24000,KBS,2026-10-09T04:37:25Z
2020-08-14,SFG,4.38,4.47,4.37,4.38,11870,KBS,2026-10-09T04:37:25Z
2020-08-17,SFG,4.32,4.48,4.32,4.35,16200,KBS,2026-10-09T04:37:25Z
2020-08-18,SFG,4.35,4.6,4.35,4.59,21980,KBS,2026-10-09T04:37:25Z
2020-08-19,SFG,4.67,4.67,4.56,4.64,14610,KBS,2026-10-09T04:37:25Z
2020-08-20,SFG,4.64,4.71,4.56,4.67,7690,KBS,2026-10-09T04:37:25Z
2020-08-21,SFG,4.68,4.76,4.6,4.76,14630,KBS,2026-10-09T04:37:25Z
2020-08-24,SFG,4.76,4.76,4.56,4.76,19990,KBS,2026-10-09T04:37:25Z
2020-08-25,SFG,4.74,4.74,4.56,4.72,40570,KBS,2026-10-09T04:37:25Z
2020-08-26,SFG,4.64,4.64,4.52,4.56,24540,KBS,2026-10-09T04:37:25Z
2020-08-27,SFG,4.76,4.8,4.56,4.64,21800,KBS,2026-10-09T04:37:25Z
2020-08-28,SFG,4.56,4.6,4.45,4.52,11770,KBS,2026-10-09T04:37:25Z
2020-08-31,SFG,4.52,4.66,4.52,4.66,11310,KBS,2026-10-09T04:37:25Z
2020-09-01,SFG,4.64,4.68,4.64,4.67,2710,KBS,2026-10-09T04:37:25Z
2020-09-03,SFG,4.64,4.72,4.52,4.67,11380,KBS,2026-10-09T04:37:25Z
2020-09-04,SFG,4.53,4.6,4.4,4.45,20950,KBS,2026-10-09T04:37:25Z
2020-09-07,SFG,4.48,4.56,4.45,4.56,38740,KBS,2026-10-09T04:37:25Z
2020-09-08,SFG,4.45,4.47,4.45,4.47,20640,KBS,2026-10-09T04:37:25Z
2020-09-09,SFG,4.47,4.55,4.47,4.54,21310,KBS,2026-10-09T04:37:25Z
2020-09-10,SFG,4.48,4.54,4.48,4.54,50120,KBS,2026-10-09T04:37:25Z
2020-09-11,SFG,4.48,4.54,4.47,4.52,52330,KBS,2026-10-09T04:37:25Z
2020-09-14,SFG,4.52,4.54,4.52,4.54,11750,KBS,2026-10-09T04:37:25Z
2020-09-15,SFG,4.56,4.86,4.56,4.86,108910,KBS,2026-10-09T04:37:25Z
2020-09-16,SFG,5.2,5.2,5.2,5.2,152540,KBS,2026-10-09T04:37:25Z
2020-09-17,SFG,5.55,5.55,5.55,5.55,172600,KBS,2026-10-09T04:37:25Z
2020-09-18,SFG,5.7,5.94,5.55,5.82,257010,KBS,2026-10-09T04:37:25Z
2020-09-21,SFG,5.72,5.72,5.42,5.54,97070,KBS,2026-10-09T04:37:25Z
2020-09-22,SFG,5.37,5.53,5.29,5.5,105830,KBS,2026-10-09T04:37:25Z
2020-09-23,SFG,5.38,5.41,5.29,5.33,131120,KBS,2026-10-09T04:37:25Z
2020-09-24,SFG,5.33,5.7,5.3,5.7,295110,KBS,2026-10-09T04:37:25Z
2020-09-25,SFG,5.82,5.82,5.42,5.76,72290,KBS,2026-10-09T04:37:25Z
2020-09-28,SFG,5.7,5.94,5.7,5.94,174410,KBS,2026-10-09T04:37:25Z
2020-09-29,SFG,5.94,5.94,5.76,5.76,126750,KBS,2026-10-09T04:37:25Z
2020-09-30,SFG,5.76,5.76,5.54,5.68,29680,KBS,2026-10-09T04:37:25Z
2020-10-01,SFG,5.68,5.68,5.56,5.62,49730,KBS,2026-10-09T04:37:25Z
2020-10-02,SFG,5.62,5.7,5.46,5.51,102970,KBS,2026-10-09T04:37:25Z
2020-10-05,SFG,5.54,5.61,5.52,5.61,26380,KBS,2026-10-09T04:37:25Z
2020-10-06,SFG,5.29,5.6,5.29,5.56,65630,KBS,2026-10-09T04:37:25Z
2020-10-07,SFG,5.56,5.94,5.33,5.93,167330,KBS,2026-10-09T04:37:25Z
2020-10-08,SFG,5.98,5.98,5.7,5.85,94030,KBS,2026-10-09T04:37:25Z
2020-10-09,SFG,5.92,5.92,5.72,5.72,45460,KBS,2026-10-09T04:37:25Z
2020-10-12,SFG,5.73,5.78,5.55,5.77,51270,KBS,2026-10-09T04:37:25Z
2020-10-13,SFG,5.62,5.78,5.49,5.7,75550,KBS,2026-10-09T04:37:25Z
2020-10-14,SFG,5.5,5.76,5.5,5.64,18390,KBS,2026-10-09T04:37:25Z
2020-10-15,SFG,5.62,5.69,5.55,5.62,40090,KBS,2026-10-09T04:37:25Z
2020-10-16,SFG,5.36,5.62,5.36,5.54,22940,KBS,2026-10-09T04:37:25Z
2020-10-19,SFG,5.54,5.69,5.54,5.65,32560,KBS,2026-10-09T04:37:25Z
2020-10-20,SFG,5.61,5.69,5.46,5.62,14020,KBS,2026-10-09T04:37:25Z
2020-10-21,SFG,5.54,5.62,5.54,5.62,9000,KBS,2026-10-09T04:37:25Z
2020-10-22,SFG,5.62,5.9,5.62,5.82,97100,KBS,2026-10-09T04:37:25Z
2020-10-23,SFG,6.07,6.23,6.06,6.23,291760,KBS,2026-10-09T04:37:25Z
2020-10-26,SFG,6.51,6.66,6.11,6.11,128390,KBS,2026-10-09T04:37:25Z
2020-10-27,SFG,6.11,6.43,5.7,6.26,142740,KBS,2026-10-09T04:37:25Z
2020-10-28,SFG,6.11,6.11,5.83,5.83,132430,KBS,2026-10-09T04:37:25Z
2020-10-29,SFG,5.43,5.74,5.43,5.74,83620,KBS,2026-10-09T04:37:25Z
2020-10-30,SFG,5.66,5.73,5.54,5.73,74760,KBS,2026-10-09T04:37:25Z
2020-11-02,SFG,6.03,6.03,5.73,5.84,66920,KBS,2026-10-09T04:37:25Z
2020-11-03,SFG,5.8,5.94,5.78,5.78,15950,KBS,2026-10-09T04:37:25Z
2020-11-04,SFG,5.78,5.78,5.62,5.68,64540,KBS,2026-10-09T04:37:25Z
2020-11-05,SFG,5.68,5.78,5.54,5.63,64380,KBS,2026-10-09T04:37:25Z
2020-11-06,SFG,5.69,5.69,5.46,5.51,59730,KBS,2026-10-09T04:37:25Z
2020-11-09,SFG,5.51,5.66,5.51,5.63,16600,KBS,2026-10-09T04:37:25Z
2020-11-10,SFG,5.54,5.68,5.52,5.62,74670,KBS,2026-10-09T04:37:25Z
2020-11-11,SFG,5.54,5.69,5.51,5.51,99290,KBS,2026-10-09T04:37:25Z
2020-11-12,SFG,5.5,5.7,5.46,5.7,95980,KBS,2026-10-09T04:37:25Z
2020-11-13,SFG,5.66,5.98,5.62,5.66,19390,KBS,2026-10-09T04:37:25Z
2020-11-16,SFG,5.54,5.64,5.5,5.54,14930,KBS,2026-10-09T04:37:25Z
2020-11-17,SFG,5.54,5.66,5.5,5.54,39340,KBS,2026-10-09T04:37:25Z
2020-11-18,SFG,5.46,5.58,5.37,5.42,64880,KBS,2026-10-09T04:37:25Z
2020-11-19,SFG,5.58,5.58,5.42,5.56,94070,KBS,2026-10-09T04:37:25Z
2020-11-20,SFG,5.57,5.94,5.54,5.94,200940,KBS,2026-10-09T04:37:25Z
2020-11-23,SFG,5.94,6.03,5.7,6.03,135410,KBS,2026-10-09T04:37:25Z
2020-11-24,SFG,5.8,6.03,5.8,5.94,52220,KBS,2026-10-09T04:37:25Z
2020-11-25,SFG,5.78,6.15,5.78,6.11,59810,KBS,2026-10-09T04:37:25Z
2020-11-26,SFG,6.11,6.27,6.11,6.11,37540,KBS,2026-10-09T04:37:25Z
2020-11-27,SFG,6.32,6.32,6.11,6.27,41450,KBS,2026-10-09T04:37:25Z
2020-11-30,SFG,6.43,6.43,6.15,6.2,410,KBS,2026-10-09T04:37:25Z
2020-12-01,SFG,6.15,6.15,5.9,5.9,11350,KBS,2026-10-09T04:37:25Z
2020-12-02,SFG,5.9,6.15,5.78,5.78,12490,KBS,2026-10-09T04:37:25Z
2020-12-03,SFG,5.86,6.11,5.79,5.9,44430,KBS,2026-10-09T04:37:25Z
2020-12-04,SFG,5.9,6.1,5.9,6.09,35150,KBS,2026-10-09T04:37:25Z
2020-12-07,SFG,6.09,6.11,5.99,6.09,24660,KBS,2026-10-09T04:37:25Z
2020-12-08,SFG,6.19,6.19,6.03,6.1,20090,KBS,2026-10-09T04:37:25Z
2020-12-09,SFG,6.1,6.18,6.03,6.1,33080,KBS,2026-10-09T04:37:25Z
2020-12-10,SFG,6.15,6.15,5.91,5.94,12000,KBS,2026-10-09T04:37:25Z
2020-12-11,SFG,5.94,6.01,5.94,6.01,1110,KBS,2026-10-09T04:37:25Z
2020-12-14,SFG,6.01,6.02,5.82,5.88,55020,KBS,2026-10-09T04:37:25Z
2020-12-15,SFG,5.88,6.07,5.88,5.9,23930,KBS,2026-10-09T04:37:25Z
2020-12-16,SFG,6.11,6.11,5.9,5.9,23450,KBS,2026-10-09T04:37:25Z
2020-12-17,SFG,5.9,5.9,5.82,5.9,770,KBS,2026-10-09T04:37:25Z
2020-12-18,SFG,5.86,5.98,5.86,5.98,8590,KBS,2026-10-09T04:37:25Z
2020-12-21,SFG,5.9,6.01,5.82,5.94,6520,KBS,2026-10-09T04:37:25Z
2020-12-22,SFG,5.81,6.19,5.81,6.19,36170,KBS,2026-10-09T04:37:25Z
2020-12-23,SFG,6.42,6.42,6.03,6.19,33250,KBS,2026-10-09T04:37:25Z
2020-12-24,SFG,6.11,6.19,5.86,6.19,33720,KBS,2026-10-09T04:37:25Z
2020-12-25,SFG,5.84,6.17,5.84,6.02,19880,KBS,2026-10-09T04:37:25Z
2020-12-28,SFG,5.98,5.98,5.83,5.85,47100,KBS,2026-10-09T04:37:25Z
2020-12-29,SFG,5.85,6.06,5.85,5.94,11990,KBS,2026-10-09T04:37:25Z
2020-12-30,SFG,5.94,6.08,5.94,5.95,18470,KBS,2026-10-09T04:37:25Z
2020-12-31,SFG,5.98,6.06,5.95,6.06,23340,KBS,2026-10-09T04:37:25Z
2021-01-04,SFG,6.06,6.06,5.94,6.03,39500,KBS,2026-10-09T04:37:25Z
2021-01-05,SFG,6.03,6.15,5.98,6.11,26800,KBS,2026-10-09T04:37:25Z
2021-01-06,SFG,6.11,6.15,5.98,6.15,33300,KBS,2026-10-09T04:37:25Z
2021-01-07,SFG,6.15,6.19,6.03,6.16,42800,KBS,2026-10-09T04:37:25Z
2021-01-08,SFG,6.16,6.59,6.16,6.59,110300,KBS,2026-10-09T04:37:25Z
2021-01-11,SFG,6.92,7.04,6.92,7.04,35100,KBS,2026-10-09T04:37:25Z
2021-01-12,SFG,7.48,7.48,7.0,7.17,74400,KBS,2026-10-09T04:37:25Z
2021-01-13,SFG,6.85,7.17,6.85,6.88,39600,KBS,2026-10-09T04:37:25Z
2021-01-14,SFG,6.88,6.92,6.51,6.84,31800,KBS,2026-10-09T04:37:25Z
2021-01-15,SFG,6.92,6.92,6.51,6.68,20700,KBS,2026-10-09T04:37:25Z
2021-01-18,SFG,6.68,6.84,6.68,6.76,23000,KBS,2026-10-09T04:37:25Z
2021-01-19,SFG,6.79,6.84,6.29,6.29,42100,KBS,2026-10-09T04:37:25Z
2021-01-20,SFG,6.35,6.73,6.27,6.35,62800,KBS,2026-10-09T04:37:25Z
2021-01-21,SFG,6.68,6.76,6.35,6.76,39100,KBS,2026-10-09T04:37:25Z
2021-01-22,SFG,6.76,7.17,6.76,7.17,67200,KBS,2026-10-09T04:37:25Z
2021-01-25,SFG,7.17,7.17,7.02,7.02,15400,KBS,2026-10-09T04:37:25Z
2021-01-26,SFG,6.82,7.02,6.68,6.84,33900,KBS,2026-10-09T04:37:25Z
2021-01-27,SFG,7.21,7.21,6.68,6.99,47500,KBS,2026-10-09T04:37:25Z
2021-01-28,SFG,6.68,6.68,6.5,6.5,32900,KBS,2026-10-09T04:37:25Z
2021-01-29,SFG,6.06,6.5,6.06,6.43,6800,KBS,2026-10-09T04:37:25Z
2021-02-01,SFG,6.51,6.51,6.03,6.04,9700,KBS,2026-10-09T04:37:25Z
2021-02-02,SFG,6.04,6.43,6.03,6.43,18300,KBS,2026-10-09T04:37:25Z
2021-02-03,SFG,6.51,6.6,6.51,6.51,35800,KBS,2026-10-09T04:37:25Z
2021-02-04,SFG,6.68,6.68,6.12,6.2,6900,KBS,2026-10-09T04:37:25Z
2021-02-05,SFG,6.51,6.6,6.15,6.24,23000,KBS,2026-10-09T04:37:25Z
2021-02-08,SFG,6.2,6.67,6.2,6.25,33800,KBS,2026-10-09T04:37:25Z
2021-02-09,SFG,6.25,6.63,6.24,6.43,21100,KBS,2026-10-09T04:37:25Z
2021-02-17,SFG,6.43,6.63,6.43,6.54,2100,KBS,2026-10-09T04:37:25Z
2021-02-18,SFG,6.49,6.76,6.49,6.55,3200,KBS,2026-10-09T04:37:25Z
2021-02-19,SFG,6.55,6.68,6.51,6.56,15900,KBS,2026-10-09T04:37:25Z
2021-02-22,SFG,6.6,6.92,6.56,6.6,26800,KBS,2026-10-09T04:37:25Z
2021-02-23,SFG,6.86,6.86,6.6,6.76,13000,KBS,2026-10-09T04:37:25Z
2021-02-24,SFG,6.76,6.91,6.76,6.76,61800,KBS,2026-10-09T04:37:25Z
2021-02-25,SFG,6.6,6.76,6.6,6.6,95000,KBS,2026-10-09T04:37:25Z
2021-02-26,SFG,6.68,6.89,6.6,6.84,17200,KBS,2026-10-09T04:37:25Z
2021-03-01,SFG,6.92,7.08,6.92,7.04,41300,KBS,2026-10-09T04:37:25Z
2021-03-02,SFG,7.04,7.49,7.0,7.48,52800,KBS,2026-10-09T04:37:25Z
2021-03-03,SFG,7.48,7.56,7.41,7.56,27500,KBS,2026-10-09T04:37:25Z
2021-03-04,SFG,7.65,8.09,7.65,8.06,159600,KBS,2026-10-09T04:37:25Z
2021-03-05,SFG,8.59,8.59,8.06,8.39,87200,KBS,2026-10-09T04:37:25Z
2021-03-08,SFG,8.55,8.88,7.9,8.07,73000,KBS,2026-10-09T04:37:25Z
2021-03-09,SFG,8.07,8.55,7.95,8.14,14200,KBS,2026-10-09T04:37:25Z
2021-03-10,SFG,8.14,8.71,8.14,8.39,13600,KBS,2026-10-09T04:37:25Z
2021-03-11,SFG,8.31,8.55,8.22,8.26,109900,KBS,2026-10-09T04:37:25Z
2021-03-12,SFG,8.26,8.55,8.26,8.31,13500,KBS,2026-10-09T04:37:25Z
2021-03-15,SFG,8.31,8.39,7.91,7.91,55400,KBS,2026-10-09T04:37:25Z
2021-03-16,SFG,7.91,8.07,7.9,8.06,26300,KBS,2026-10-09T04:37:25Z
2021-03-17,SFG,8.51,8.51,7.98,8.31,13800,KBS,2026-10-09T04:37:25Z
2021-03-18,SFG,8.39,8.39,8.06,8.22,15000,KBS,2026-10-09T04:37:25Z
2021-03-19,SFG,8.14,8.14,8.14,8.14,13500,KBS,2026-10-09T04:37:25Z
2021-03-22,SFG,8.14,8.14,7.82,8.12,22100,KBS,2026-10-09T04:37:25Z
2021-03-23,SFG,8.12,8.12,7.9,7.9,1700,KBS,2026-10-09T04:37:25Z
2021-03-24,SFG,7.49,7.9,7.49,7.82,23000,KBS,2026-10-09T04:37:25Z
2021-03-25,SFG,7.9,7.9,7.55,7.61,13100,KBS,2026-10-09T04:37:25Z
2021-03-26,SFG,7.61,7.89,7.33,7.88,12900,KBS,2026-10-09T04:37:25Z
2021-03-29,SFG,7.82,7.88,7.74,7.88,7900,KBS,2026-10-09T04:37:25Z
2021-03-30,SFG,7.34,8.14,7.34,8.04,8700,KBS,2026-10-09T04:37:25Z
2021-03-31,SFG,7.57,8.03,7.57,7.74,1600,KBS,2026-10-09T04:37:25Z
2021-04-01,SFG,7.98,7.98,7.74,7.74,4700,KBS,2026-10-09T04:37:25Z
2021-04-02,SFG,7.82,7.82,7.74,7.76,14100,KBS,2026-10-09T04:37:25Z
2021-04-05,SFG,7.76,7.82,7.76,7.82,4500,KBS,2026-10-09T04:37:25Z
2021-04-06,SFG,7.82,7.85,7.65,7.84,11000,KBS,2026-10-09T04:37:25Z
2021-04-07,SFG,7.82,7.97,7.78,7.97,7200,KBS,2026-10-09T04:37:25Z
2021-04-08,SFG,8.26,8.26,7.82,7.96,6400,KBS,2026-10-09T04:37:25Z
2021-04-09,SFG,7.52,7.96,7.52,7.8,8500,KBS,2026-10-09T04:37:25Z
2021-04-12,SFG,7.8,7.86,7.74,7.85,26500,KBS,2026-10-09T04:37:25Z
2021-04-13,SFG,8.14,8.14,7.85,7.85,8400,KBS,2026-10-09T04:37:25Z
2021-04-14,SFG,7.85,7.85,7.78,7.82,5400,KBS,2026-10-09T04:37:25Z
2021-04-15,SFG,8.02,8.06,7.65,7.74,33000,KBS,2026-10-09T04:37:25Z
2021-04-16,SFG,7.74,7.74,7.45,7.69,10500,KBS,2026-10-09T04:37:25Z
2021-04-19,SFG,7.97,7.97,7.48,7.69,19000,KBS,2026-10-09T04:37:25Z
2021-04-20,SFG,7.25,7.89,7.25,7.61,14400,KBS,2026-10-09T04:37:25Z
2021-04-22,SFG,7.61,7.61,7.17,7.17,14000,KBS,2026-10-09T04:37:25Z
2021-04-23,SFG,7.18,7.25,7.17,7.21,38900,KBS,2026-10-09T04:37:25Z
2021-04-26,SFG,7.21,7.21,6.72,7.15,12300,KBS,2026-10-09T04:37:25Z
2021-04-27,SFG,6.8,7.08,6.8,7.05,4800,KBS,2026-10-09T04:37:25Z
2021-04-28,SFG,7.05,7.05,7.05,7.05,7400,KBS,2026-10-09T04:37:25Z
2021-04-29,SFG,7.06,7.06,7.02,7.04,16300,KBS,2026-10-09T04:37:25Z
2021-05-04,SFG,7.01,7.16,7.01,7.02,18900,KBS,2026-10-09T04:37:25Z
2021-05-05,SFG,7.01,7.12,6.97,7.12,14100,KBS,2026-10-09T04:37:25Z
2021-05-06,SFG,6.97,7.0,6.9,6.94,17000,KBS,2026-10-09T04:37:25Z
2021-05-07,SFG,6.92,7.08,6.91,6.93,12500,KBS,2026-10-09T04:37:25Z
2021-05-10,SFG,7.41,7.41,6.97,7.0,27300,KBS,2026-10-09T04:37:25Z
2021-05-11,SFG,6.94,7.33,6.94,7.08,17600,KBS,2026-10-09T04:37:25Z
2021-05-12,SFG,7.0,7.08,6.93,7.08,7200,KBS,2026-10-09T04:37:25Z
2021-05-13,SFG,6.92,7.08,6.9,7.08,9400,KBS,2026-10-09T04:37:25Z
2021-05-14,SFG,7.17,7.24,7.0,7.17,16200,KBS,2026-10-09T04:37:25Z
2021-05-17,SFG,6.68,7.17,6.68,6.9,8700,KBS,2026-10-09T04:37:25Z
2021-05-18,SFG,6.9,6.92,6.86,6.92,24200,KBS,2026-10-09T04:37:25Z
2021-05-19,SFG,7.36,7.36,6.64,6.91,35700,KBS,2026-10-09T04:37:25Z
2021-05-20,SFG,6.91,6.91,6.51,6.51,62900,KBS,2026-10-09T04:37:25Z
2021-05-21,SFG,6.52,6.92,6.52,6.87,9300,KBS,2026-10-09T04:37:25Z
2021-05-24,SFG,6.68,6.87,6.68,6.87,5600,KBS,2026-10-09T04:37:25Z
2021-05-25,SFG,6.87,6.92,6.81,6.91,10400,KBS,2026-10-09T04:37:25Z
2021-05-26,SFG,6.81,7.0,6.65,7.0,15800,KBS,2026-10-09T04:37:25Z
2021-05-27,SFG,6.84,6.84,6.77,6.78,1600,KBS,2026-10-09T04:37:25Z
2021-05-28,SFG,6.6,6.76,6.52,6.76,19400,KBS,2026-10-09T04:37:25Z
2021-05-31,SFG,6.52,6.76,6.52,6.76,2400,KBS,2026-10-09T04:37:25Z
2021-06-01,SFG,6.76,6.76,6.6,6.72,2200,KBS,2026-10-09T04:37:25Z
2021-06-02,SFG,6.92,6.92,6.6,6.76,19700,KBS,2026-10-09T04:37:25Z
2021-06-03,SFG,6.76,6.84,6.76,6.84,11600,KBS,2026-10-09T04:37:25Z
2021-06-04,SFG,6.84,6.92,6.76,6.92,57500,KBS,2026-10-09T04:37:25Z
2021-06-07,SFG,6.92,6.92,6.73,6.92,18900,KBS,2026-10-09T04:37:25Z
2021-06-08,SFG,6.84,6.84,6.76,6.84,32000,KBS,2026-10-09T04:37:25Z
2021-06-09,SFG,6.76,6.92,6.76,6.92,5900,KBS,2026-10-09T04:37:25Z
2021-06-10,SFG,6.92,7.4,6.88,7.4,112500,KBS,2026-10-09T04:37:25Z
2021-06-11,SFG,7.49,7.49,7.37,7.38,39900,KBS,2026-10-09T04:37:25Z
2021-06-14,SFG,7.38,7.38,7.17,7.17,4900,KBS,2026-10-09T04:37:25Z
2021-06-15,SFG,6.76,7.25,6.76,6.92,22200,KBS,2026-10-09T04:37:25Z
2021-06-16,SFG,6.84,7.32,6.84,7.12,6800,KBS,2026-10-09T04:37:25Z
2021-06-17,SFG,7.26,7.26,7.08,7.24,22100,KBS,2026-10-09T04:37:25Z
2021-06-18,SFG,7.25,7.74,7.25,7.74,88300,KBS,2026-10-09T04:37:25Z
2021-06-21,SFG,8.14,8.26,8.14,8.26,125700,KBS,2026-10-09T04:37:25Z
2021-06-22,SFG,8.71,8.84,8.31,8.84,220100,KBS,2026-10-09T04:37:25Z
2021-06-23,SFG,9.45,9.45,8.35,8.88,116800,KBS,2026-10-09T04:37:25Z
2021-06-24,SFG,8.33,9.46,8.33,8.42,56200,KBS,2026-10-09T04:37:25Z
2021-06-25,SFG,8.09,8.58,8.09,8.5,37900,KBS,2026-10-09T04:37:25Z
2021-06-28,SFG,8.5,8.5,7.92,8.29,44900,KBS,2026-10-09T04:37:25Z
2021-06-29,SFG,8.25,8.25,7.96,7.96,49200,KBS,2026-10-09T04:37:25Z
2021-06-30,SFG,7.96,8.33,7.79,8.33,26600,KBS,2026-10-09T04:37:25Z
2021-07-01,SFG,8.33,8.33,8.08,8.17,20800,KBS,2026-10-09T04:37:25Z
2021-07-02,SFG,8.33,8.33,8.17,8.21,32800,KBS,2026-10-09T04:37:25Z
2021-07-05,SFG,7.92,8.1,7.92,8.0,14000,KBS,2026-10-09T04:37:25Z
2021-07-06,SFG,7.84,8.24,7.83,7.92,24600,KBS,2026-10-09T04:37:25Z
2021-07-07,SFG,7.51,7.67,7.37,7.38,40900,KBS,2026-10-09T04:37:25Z
2021-07-08,SFG,7.38,7.5,7.33,7.5,900,KBS,2026-10-09T04:37:25Z
2021-07-09,SFG,7.5,7.53,7.42,7.53,4100,KBS,2026-10-09T04:37:25Z
2021-07-12,SFG,7.17,7.33,7.08,7.18,19900,KBS,2026-10-09T04:37:25Z
2021-07-13,SFG,7.33,7.33,7.33,7.33,1600,KBS,2026-10-09T04:37:25Z
2021-07-14,SFG,7.0,7.33,7.0,7.33,5500,KBS,2026-10-09T04:37:25Z
2021-07-15,SFG,7.08,7.33,7.08,7.33,2500,KBS,2026-10-09T04:37:25Z
2021-07-16,SFG,7.33,7.5,7.33,7.5,20700,KBS,2026-10-09T04:37:25Z
2021-07-19,SFG,7.42,7.42,7.33,7.33,12700,KBS,2026-10-09T04:37:25Z
2021-07-20,SFG,7.1,7.5,7.1,7.5,4500,KBS,2026-10-09T04:37:25Z
2021-07-21,SFG,7.5,7.5,7.42,7.42,9100,KBS,2026-10-09T04:37:25Z
2021-07-22,SFG,7.58,7.83,7.5,7.83,5400,KBS,2026-10-09T04:37:25Z
2021-07-23,SFG,7.79,7.79,7.79,7.79,400,KBS,2026-10-09T04:37:25Z
2021-07-26,SFG,7.75,7.8,7.75,7.8,8200,KBS,2026-10-09T04:37:25Z
2021-07-27,SFG,7.83,7.83,7.8,7.8,1600,KBS,2026-10-09T04:37:25Z
2021-07-28,SFG,7.5,7.8,7.29,7.74,3100,KBS,2026-10-09T04:37:25Z
2021-07-29,SFG,7.58,7.73,7.22,7.73,28500,KBS,2026-10-09T04:37:25Z
2021-07-30,SFG,7.34,7.72,7.33,7.72,9400,KBS,2026-10-09T04:37:25Z
2021-08-02,SFG,7.58,8.0,7.5,8.0,72500,KBS,2026-10-09T04:37:25Z
2021-08-03,SFG,8.0,8.08,7.92,7.99,8000,KBS,2026-10-09T04:37:25Z
2021-08-04,SFG,8.0,8.17,7.45,7.99,20200,KBS,2026-10-09T04:37:25Z
2021-08-05,SFG,7.98,7.99,7.54,7.99,15900,KBS,2026-10-09T04:37:25Z
2021-08-06,SFG,7.99,8.17,7.99,8.0,8100,KBS,2026-10-09T04:37:25Z
2021-08-09,SFG,8.21,8.54,8.16,8.54,98100,KBS,2026-10-09T04:37:25Z
2021-08-10,SFG,9.13,9.13,9.13,9.13,46900,KBS,2026-10-09T04:37:25Z
2021-08-11,SFG,9.75,9.75,9.67,9.75,194700,KBS,2026-10-09T04:37:25Z
2021-08-12,SFG,10.42,10.42,9.92,10.04,336600,KBS,2026-10-09T04:37:25Z
2021-08-13,SFG,9.79,10.08,9.38,10.08,210500,KBS,2026-10-09T04:37:25Z
2021-08-16,SFG,10.67,10.67,10.08,10.38,50000,KBS,2026-10-09T04:37:25Z
2021-08-17,SFG,10.0,10.33,9.67,9.88,100700,KBS,2026-10-09T04:37:25Z
2021-08-18,SFG,9.83,9.88,9.42,9.5,52700,KBS,2026-10-09T04:37:25Z
2021-08-19,SFG,9.5,9.58,9.25,9.5,46400,KBS,2026-10-09T04:37:25Z
2021-08-20,SFG,9.5,9.75,9.08,9.17,57700,KBS,2026-10-09T04:37:25Z
2021-08-23,SFG,9.33,9.42,8.75,8.75,65300,KBS,2026-10-09T04:37:25Z
2021-08-24,SFG,8.33,9.17,8.33,8.63,70200,KBS,2026-10-09T04:37:25Z
2021-08-25,SFG,8.63,8.67,8.38,8.58,33600,KBS,2026-10-09T04:37:25Z
2021-08-26,SFG,8.42,9.17,8.42,9.17,59700,KBS,2026-10-09T04:37:25Z
2021-08-27,SFG,9.67,9.67,9.42,9.58,71300,KBS,2026-10-09T04:37:25Z
2021-08-30,SFG,9.58,9.58,9.0,9.42,74200,KBS,2026-10-09T04:37:25Z
2021-08-31,SFG,9.79,9.79,9.21,9.21,49100,KBS,2026-10-09T04:37:25Z
2021-09-01,SFG,9.17,9.58,9.17,9.38,54800,KBS,2026-10-09T04:37:25Z
2021-09-06,SFG,9.42,9.63,9.42,9.58,59200,KBS,2026-10-09T04:37:25Z
2021-09-07,SFG,9.92,9.92,9.42,9.5,61700,KBS,2026-10-09T04:37:25Z
2021-09-08,SFG,9.71,9.71,9.17,9.54,160700,KBS,2026-10-09T04:37:25Z
2021-09-09,SFG,9.58,9.63,9.38,9.58,21200,KBS,2026-10-09T04:37:25Z
2021-09-10,SFG,9.5,10.25,9.42,10.25,272500,KBS,2026-10-09T04:37:25Z
2021-09-13,SFG,10.96,10.96,10.67,10.75,114900,KBS,2026-10-09T04:37:25Z
2021-09-14,SFG,11.08,11.08,10.46,10.54,48300,KBS,2026-10-09T04:37:25Z
2021-09-15,SFG,10.13,10.38,9.83,10.21,112300,KBS,2026-10-09T04:37:25Z
2021-09-16,SFG,9.83,10.0,9.67,10.0,77700,KBS,2026-10-09T04:37:25Z
2021-09-17,SFG,9.67,10.0,9.67,9.92,105100,KBS,2026-10-09T04:37:25Z
2021-09-20,SFG,10.17,10.25,9.75,10.0,57900,KBS,2026-10-09T04:37:25Z
2021-09-21,SFG,9.67,10.0,9.67,10.0,34900,KBS,2026-10-09T04:37:25Z
2021-09-22,SFG,10.0,10.17,9.79,10.17,85500,KBS,2026-10-09T04:37:25Z
2021-09-23,SFG,10.17,10.42,10.04,10.04,38200,KBS,2026-10-09T04:37:25Z
2021-09-24,SFG,9.96,9.96,9.75,9.92,21800,KBS,2026-10-09T04:37:25Z
2021-09-27,SFG,9.92,9.96,9.58,9.83,16300,KBS,2026-10-09T04:37:25Z
2021-09-28,SFG,9.5,9.75,9.5,9.75,34500,KBS,2026-10-09T04:37:25Z
2021-09-29,SFG,9.83,10.29,9.79,10.25,23300,KBS,2026-10-09T04:37:25Z
2021-09-30,SFG,10.29,10.54,10.08,10.42,47600,KBS,2026-10-09T04:37:25Z
2021-10-01,SFG,10.42,11.08,10.0,11.0,173700,KBS,2026-10-09T04:37:25Z
2021-10-04,SFG,11.42,11.75,11.33,11.33,132200,KBS,2026-10-09T04:37:25Z
2021-10-05,SFG,11.33,11.58,11.17,11.38,85300,KBS,2026-10-09T04:37:25Z
2021-10-06,SFG,11.33,11.5,11.25,11.25,132300,KBS,2026-10-09T04:37:25Z
2021-10-07,SFG,11.25,11.84,11.25,11.67,103100,KBS,2026-10-09T04:37:25Z
2021-10-08,SFG,11.67,11.67,11.25,11.38,26400,KBS,2026-10-09T04:37:25Z
2021-10-11,SFG,10.92,11.63,10.92,11.25,336600,KBS,2026-10-09T04:37:25Z
2021-10-12,SFG,11.17,11.58,11.17,11.58,27300,KBS,2026-10-09T04:37:25Z
2021-10-13,SFG,11.67,12.38,11.42,12.38,226800,KBS,2026-10-09T04:37:25Z
2021-10-14,SFG,13.21,13.21,13.21,13.21,246600,KBS,2026-10-09T04:37:25Z
2021-10-15,SFG,14.13,14.13,13.75,13.96,480600,KBS,2026-10-09T04:37:25Z
2021-10-18,SFG,14.0,14.58,13.84,13.84,172600,KBS,2026-10-09T04:37:25Z
2021-10-19,SFG,14.0,14.0,13.34,13.75,127900,KBS,2026-10-09T04:37:25Z
2021-10-20,SFG,13.79,14.08,13.42,13.67,156100,KBS,2026-10-09T04:37:25Z
2021-10-21,SFG,12.96,13.75,12.96,13.67,129300,KBS,2026-10-09T04:37:25Z
2021-10-22,SFG,14.13,14.13,13.34,13.58,59500,KBS,2026-10-09T04:37:25Z
2021-10-25,SFG,13.88,13.88,13.21,13.25,106200,KBS,2026-10-09T04:37:25Z
2021-10-26,SFG,13.17,13.17,12.75,13.04,98400,KBS,2026-10-09T04:37:25Z
2021-10-27,SFG,12.75,13.21,12.75,12.92,124700,KBS,2026-10-09T04:37:25Z
2021-10-28,SFG,13.08,13.79,12.92,13.79,131300,KBS,2026-10-09T04:37:25Z
2021-10-29,SFG,13.84,14.17,13.84,13.84,110200,KBS,2026-10-09T04:37:25Z
2021-11-01,SFG,13.08,13.84,13.08,13.67,47900,KBS,2026-10-09T04:37:25Z
2021-11-02,SFG,13.63,13.63,13.17,13.25,141700,KBS,2026-10-09T04:37:25Z
2021-11-03,SFG,13.04,13.29,12.92,12.96,116500,KBS,2026-10-09T04:37:25Z
2021-11-04,SFG,12.96,13.08,12.84,13.08,71000,KBS,2026-10-09T04:37:25Z
2021-11-05,SFG,12.92,13.96,12.88,13.96,202300,KBS,2026-10-09T04:37:25Z
2021-11-08,SFG,14.92,14.92,14.25,14.63,175300,KBS,2026-10-09T04:37:25Z
2021-11-09,SFG,14.63,14.63,13.92,14.25,93800,KBS,2026-10-09T04:37:25Z
2021-11-10,SFG,14.0,14.25,13.92,13.92,129900,KBS,2026-10-09T04:37:25Z
2021-11-11,SFG,13.75,13.92,13.5,13.5,127500,KBS,2026-10-09T04:37:25Z
2021-11-12,SFG,13.54,13.92,13.54,13.75,42200,KBS,2026-10-09T04:37:25Z
2021-11-15,SFG,14.0,14.08,13.5,13.75,103300,KBS,2026-10-09T04:37:25Z
2021-11-16,SFG,13.79,14.25,13.75,14.08,134700,KBS,2026-10-09T04:37:25Z
2021-11-17,SFG,14.34,14.63,14.08,14.21,97300,KBS,2026-10-09T04:37:25Z
2021-11-18,SFG,14.21,14.21,13.75,13.75,89800,KBS,2026-10-09T04:37:25Z
2021-11-19,SFG,13.67,13.75,13.25,13.29,189600,KBS,2026-10-09T04:37:25Z
2021-11-22,SFG,12.79,13.34,12.79,13.0,49400,KBS,2026-10-09T04:37:25Z
2021-11-23,SFG,13.0,13.46,12.58,13.46,21500,KBS,2026-10-09T04:37:25Z
2021-11-24,SFG,13.5,13.58,13.17,13.54,26300,KBS,2026-10-09T04:37:25Z
2021-11-25,SFG,13.71,13.75,13.38,13.5,33900,KBS,2026-10-09T04:37:25Z
2021-11-26,SFG,13.58,13.67,13.34,13.5,54300,KBS,2026-10-09T04:37:25Z
2021-11-29,SFG,12.67,13.34,12.67,13.21,51000,KBS,2026-10-09T04:37:25Z
2021-11-30,SFG,13.25,13.34,13.21,13.21,138400,KBS,2026-10-09T04:37:25Z
2021-12-01,SFG,13.17,13.5,13.17,13.46,28900,KBS,2026-10-09T04:37:25Z
2021-12-02,SFG,13.21,13.46,13.21,13.42,30000,KBS,2026-10-09T04:37:25Z
2021-12-03,SFG,13.34,13.42,13.34,13.34,89200,KBS,2026-10-09T04:37:25Z
2021-12-06,SFG,13.17,13.25,12.92,12.92,76600,KBS,2026-10-09T04:37:25Z
2021-12-07,SFG,12.96,13.34,12.92,13.25,23800,KBS,2026-10-09T04:37:25Z
2021-12-08,SFG,13.25,13.34,13.08,13.17,17600,KBS,2026-10-09T04:37:25Z
2021-12-09,SFG,13.17,13.42,13.17,13.42,52100,KBS,2026-10-09T04:37:25Z
2021-12-10,SFG,13.58,13.67,13.42,13.58,52900,KBS,2026-10-09T04:37:25Z
2021-12-13,SFG,13.42,13.67,13.42,13.58,30200,KBS,2026-10-09T04:37:25Z
2021-12-14,SFG,13.58,13.58,13.42,13.58,21200,KBS,2026-10-09T04:37:25Z
2021-12-15,SFG,13.58,13.75,13.42,13.58,21800,KBS,2026-10-09T04:37:25Z
2021-12-16,SFG,13.13,13.38,13.04,13.34,20200,KBS,2026-10-09T04:37:25Z
2021-12-17,SFG,13.5,14.25,13.42,14.25,195300,KBS,2026-10-09T04:37:25Z
2021-12-20,SFG,15.0,15.17,14.34,15.0,205400,KBS,2026-10-09T04:37:25Z
2021-12-21,SFG,15.75,15.75,15.0,15.67,501200,KBS,2026-10-09T04:37:25Z
2021-12-22,SFG,15.67,15.67,14.84,14.92,40300,KBS,2026-10-09T04:37:25Z
2021-12-23,SFG,14.84,14.84,14.25,14.63,70400,KBS,2026-10-09T04:37:25Z
2021-12-24,SFG,14.5,14.58,13.63,14.58,76700,KBS,2026-10-09T04:37:25Z
2021-12-27,SFG,14.17,15.0,14.17,14.75,16400,KBS,2026-10-09T04:37:25Z
2021-12-28,SFG,14.96,14.96,14.17,14.75,27800,KBS,2026-10-09T04:37:25Z
2021-12-29,SFG,14.0,14.75,14.0,14.75,14600,KBS,2026-10-09T04:37:25Z
2021-12-30,SFG,14.67,14.67,14.17,14.5,21100,KBS,2026-10-09T04:37:25Z
2021-12-31,SFG,15.0,15.5,14.92,15.5,286600,KBS,2026-10-09T04:37:25Z
2022-01-04,SFG,16.58,16.58,15.84,16.25,301600,KBS,2026-10-09T04:37:25Z
2022-01-05,SFG,16.17,16.17,15.5,16.0,19100,KBS,2026-10-09T04:37:25Z
2022-01-06,SFG,15.08,16.67,15.08,16.5,118700,KBS,2026-10-09T04:37:25Z
2022-01-07,SFG,16.5,16.5,15.42,16.0,62000,KBS,2026-10-09T04:37:25Z
2022-01-10,SFG,14.96,16.25,14.96,16.0,107100,KBS,2026-10-09T04:37:25Z
2022-01-11,SFG,15.67,16.67,15.04,15.04,18600,KBS,2026-10-09T04:37:25Z
2022-01-12,SFG,15.13,16.08,15.13,15.84,34300,KBS,2026-10-09T04:37:25Z
2022-01-13,SFG,15.5,16.67,15.5,16.5,46200,KBS,2026-10-09T04:37:25Z
2022-01-14,SFG,15.38,16.21,15.38,16.13,35900,KBS,2026-10-09T04:37:25Z
2022-01-17,SFG,16.04,16.04,15.04,15.71,5800,KBS,2026-10-09T04:37:25Z
2022-01-18,SFG,14.63,15.71,14.63,15.71,104300,KBS,2026-10-09T04:37:25Z
2022-01-19,SFG,14.63,15.71,14.63,15.67,3000,KBS,2026-10-09T04:37:25Z
2022-01-20,SFG,15.58,15.58,15.58,15.58,100,KBS,2026-10-09T04:37:25Z
2022-01-21,SFG,14.54,16.25,14.5,14.75,23100,KBS,2026-10-09T04:37:25Z
2022-01-24,SFG,15.54,15.54,15.46,15.46,200,KBS,2026-10-09T04:37:25Z
2022-01-25,SFG,15.46,15.63,14.46,15.46,1500,KBS,2026-10-09T04:37:25Z
2022-01-26,SFG,15.42,15.42,14.46,15.42,4000,KBS,2026-10-09T04:37:25Z
2022-01-27,SFG,15.0,15.0,15.0,15.0,200,KBS,2026-10-09T04:37:25Z
2022-01-28,SFG,14.96,15.13,14.04,14.04,5500,KBS,2026-10-09T04:37:25Z
2022-02-07,SFG,14.04,15.0,14.04,14.96,7600,KBS,2026-10-09T04:37:25Z
2022-02-08,SFG,15.84,15.84,15.5,15.58,127600,KBS,2026-10-09T04:37:25Z
2022-02-09,SFG,15.92,16.17,15.0,15.84,106500,KBS,2026-10-09T04:37:25Z
2022-02-10,SFG,15.0,15.84,14.79,15.58,71900,KBS,2026-10-09T04:37:25Z
2022-02-11,SFG,14.54,15.58,14.54,15.42,20800,KBS,2026-10-09T04:37:25Z
2022-02-14,SFG,15.42,15.84,14.63,15.71,42100,KBS,2026-10-09T04:37:25Z
2022-02-15,SFG,15.38,15.75,14.71,15.67,150700,KBS,2026-10-09T04:37:25Z
2022-02-16,SFG,15.42,15.75,15.0,15.67,52300,KBS,2026-10-09T04:37:25Z
2022-02-17,SFG,15.0,15.58,14.67,15.54,2900,KBS,2026-10-09T04:37:25Z
2022-02-18,SFG,15.29,15.46,15.17,15.46,5000,KBS,2026-10-09T04:37:25Z
2022-02-22,SFG,15.38,15.38,14.67,15.29,3600,KBS,2026-10-09T04:37:25Z
2022-02-23,SFG,15.67,15.67,14.63,15.63,18400,KBS,2026-10-09T04:37:25Z
2022-02-24,SFG,15.63,15.63,15.08,15.08,12000,KBS,2026-10-09T04:37:25Z
2022-02-25,SFG,15.42,15.67,15.17,15.58,51600,KBS,2026-10-09T04:37:25Z
2022-02-28,SFG,15.54,16.67,15.42,16.67,324600,KBS,2026-10-09T04:37:25Z
2022-03-01,SFG,17.84,17.84,17.84,17.84,130700,KBS,2026-10-09T04:37:25Z
2022-03-02,SFG,19.04,19.04,18.71,19.04,312600,KBS,2026-10-09T04:37:25Z
2022-03-03,SFG,18.5,19.84,17.92,18.92,336600,KBS,2026-10-09T04:37:25Z
2022-03-04,SFG,18.92,19.08,18.34,18.58,192400,KBS,2026-10-09T04:37:25Z
2022-03-07,SFG,18.58,19.58,17.67,19.17,598100,KBS,2026-10-09T04:37:25Z
2022-03-08,SFG,19.84,20.0,19.0,19.08,272400,KBS,2026-10-09T04:37:25Z
2022-03-09,SFG,18.71,19.17,17.96,19.13,108700,KBS,2026-10-09T04:37:25Z
2022-03-10,SFG,17.84,18.92,17.79,18.34,244600,KBS,2026-10-09T04:37:25Z
2022-03-11,SFG,18.34,18.71,18.17,18.58,93900,KBS,2026-10-09T04:37:25Z
2022-03-14,SFG,17.84,18.84,17.29,17.29,110700,KBS,2026-10-09T04:37:25Z
2022-03-15,SFG,17.21,17.21,16.08,16.08,159100,KBS,2026-10-09T04:37:25Z
2022-03-16,SFG,16.84,16.84,15.46,16.67,89700,KBS,2026-10-09T04:37:25Z
2022-03-17,SFG,17.08,17.08,15.5,16.0,52200,KBS,2026-10-09T04:37:25Z
2022-03-18,SFG,15.67,16.17,15.67,16.08,35600,KBS,2026-10-09T04:37:25Z
2022-03-21,SFG,16.08,16.08,15.63,15.84,129300,KBS,2026-10-09T04:37:25Z
2022-03-22,SFG,15.88,16.25,15.84,16.25,40400,KBS,2026-10-09T04:37:25Z
2022-03-23,SFG,17.08,17.08,16.25,17.0,94300,KBS,2026-10-09T04:37:25Z
2022-03-24,SFG,17.0,17.0,16.25,16.25,96900,KBS,2026-10-09T04:37:25Z
2022-03-25,SFG,16.34,17.38,16.25,17.38,122900,KBS,2026-10-09T04:37:25Z
2022-03-28,SFG,18.58,18.58,17.92,18.58,509900,KBS,2026-10-09T04:37:25Z
2022-03-29,SFG,19.0,19.88,18.67,18.67,245800,KBS,2026-10-09T04:37:25Z
2022-03-30,SFG,18.5,18.5,17.38,17.38,72800,KBS,2026-10-09T04:37:25Z
2022-03-31,SFG,16.75,17.17,16.67,16.67,173200,KBS,2026-10-09T04:37:25Z
2022-04-01,SFG,15.88,17.5,15.88,17.29,76400,KBS,2026-10-09T04:37:25Z
2022-04-04,SFG,16.67,17.29,16.25,16.75,56900,KBS,2026-10-09T04:37:25Z
2022-04-05,SFG,16.75,17.25,16.75,16.84,19800,KBS,2026-10-09T04:37:25Z
2022-04-06,SFG,16.67,16.84,16.21,16.21,93800,KBS,2026-10-09T04:37:25Z
2022-04-07,SFG,16.21,16.84,16.21,16.63,251400,KBS,2026-10-09T04:37:25Z
2022-04-08,SFG,16.29,16.34,16.0,16.13,60600,KBS,2026-10-09T04:37:25Z
2022-04-12,SFG,16.13,16.21,15.42,16.21,65100,KBS,2026-10-09T04:37:25Z
2022-04-13,SFG,15.08,16.21,15.08,16.08,13300,KBS,2026-10-09T04:37:25Z
2022-04-14,SFG,16.08,16.67,16.08,16.42,41200,KBS,2026-10-09T04:37:25Z
2022-04-15,SFG,16.42,16.67,15.88,15.88,28500,KBS,2026-10-09T04:37:25Z
2022-04-18,SFG,15.88,16.25,15.42,15.84,26100,KBS,2026-10-09T04:37:25Z
2022-04-19,SFG,15.42,16.25,14.84,16.0,25300,KBS,2026-10-09T04:37:25Z
2022-04-20,SFG,15.63,16.04,15.04,15.84,6000,KBS,2026-10-09T04:37:25Z
2022-04-21,SFG,15.84,15.84,14.75,15.34,22700,KBS,2026-10-09T04:37:25Z
2022-04-22,SFG,15.34,15.34,14.29,15.13,50600,KBS,2026-10-09T04:37:25Z
2022-04-25,SFG,14.13,15.0,14.08,14.08,64100,KBS,2026-10-09T04:37:25Z
2022-04-26,SFG,13.21,14.08,13.13,14.0,29100,KBS,2026-10-09T04:37:25Z
2022-04-27,SFG,13.34,14.0,13.34,14.0,9100,KBS,2026-10-09T04:37:25Z
2022-04-28,SFG,13.84,14.58,13.34,14.58,46800,KBS,2026-10-09T04:37:25Z
2022-04-29,SFG,14.58,14.75,14.34,14.71,40800,KBS,2026-10-09T04:37:25Z
2022-05-04,SFG,13.75,14.17,13.75,13.79,24800,KBS,2026-10-09T04:37:25Z
2022-05-05,SFG,13.84,14.42,13.84,14.29,35400,KBS,2026-10-09T04:37:25Z
2022-05-06,SFG,13.34,14.5,13.34,14.21,7900,KBS,2026-10-09T04:37:25Z
2022-05-09,SFG,13.75,13.75,13.25,13.25,49400,KBS,2026-10-09T04:37:25Z
2022-05-10,SFG,12.42,13.17,12.34,13.17,18100,KBS,2026-10-09T04:37:25Z
2022-05-11,SFG,13.13,13.25,12.34,12.58,12200,KBS,2026-10-09T04:37:25Z
2022-05-12,SFG,13.13,13.13,12.0,12.46,31400,KBS,2026-10-09T04:37:25Z
2022-05-13,SFG,11.67,13.0,11.63,12.46,25900,KBS,2026-10-09T04:37:25Z
2022-05-16,SFG,12.42,13.25,11.67,12.5,6200,KBS,2026-10-09T04:37:25Z
2022-05-17,SFG,11.67,13.08,11.63,13.08,68500,KBS,2026-10-09T04:37:25Z
2022-05-18,SFG,13.38,13.38,12.25,13.08,10600,KBS,2026-10-09T04:37:25Z
2022-05-19,SFG,12.21,13.0,12.21,13.0,7000,KBS,2026-10-09T04:37:25Z
2022-05-20,SFG,12.42,12.88,12.17,12.88,43100,KBS,2026-10-09T04:37:25Z
2022-05-23,SFG,12.84,12.88,12.08,12.67,27200,KBS,2026-10-09T04:37:25Z
2022-05-24,SFG,11.88,12.84,11.88,12.75,1100,KBS,2026-10-09T04:37:25Z
2022-05-25,SFG,12.0,13.0,12.0,12.92,56700,KBS,2026-10-09T04:37:25Z
2022-05-26,SFG,12.88,13.71,12.29,13.17,56700,KBS,2026-10-09T04:37:25Z
2022-05-27,SFG,12.42,13.79,12.42,13.58,10400,KBS,2026-10-09T04:37:25Z
2022-05-30,SFG,13.58,13.58,13.34,13.34,2800,KBS,2026-10-09T04:37:25Z
2022-05-31,SFG,13.88,13.88,12.54,13.67,16600,KBS,2026-10-09T04:37:25Z
2022-06-01,SFG,12.75,13.71,12.75,13.67,5000,KBS,2026-10-09T04:37:25Z
2022-06-02,SFG,13.08,13.71,13.08,13.67,600,KBS,2026-10-09T04:37:25Z
2022-06-03,SFG,12.99,13.58,12.99,13.58,4300,KBS,2026-10-09T04:37:25Z
2022-06-06,SFG,12.82,13.58,12.66,13.5,23300,KBS,2026-10-09T04:37:25Z
2022-06-07,SFG,13.5,13.5,12.78,13.42,1800,KBS,2026-10-09T04:37:25Z
2022-06-08,SFG,12.82,13.42,12.82,13.42,8000,KBS,2026-10-09T04:37:25Z
2022-06-09,SFG,13.42,13.42,12.82,13.33,1600,KBS,2026-10-09T04:37:25Z
2022-06-10,SFG,13.08,13.16,12.66,13.08,3200,KBS,2026-10-09T04:37:25Z
2022-06-13,SFG,12.74,12.95,12.23,12.82,3300,KBS,2026-10-09T04:37:25Z
2022-06-14,SFG,12.66,12.66,12.02,12.66,4600,KBS,2026-10-09T04:37:25Z
2022-06-15,SFG,11.98,12.57,11.81,12.57,5500,KBS,2026-10-09T04:37:25Z
2022-06-16,SFG,11.98,12.57,11.94,12.4,5000,KBS,2026-10-09T04:37:25Z
2022-06-17,SFG,11.56,12.49,11.56,11.9,8000,KBS,2026-10-09T04:37:25Z
2022-06-20,SFG,11.39,11.81,11.1,11.73,28800,KBS,2026-10-09T04:37:25Z
2022-06-21,SFG,11.64,11.64,10.97,11.56,7700,KBS,2026-10-09T04:37:25Z
2022-06-22,SFG,10.97,11.47,10.8,11.14,17600,KBS,2026-10-09T04:37:25Z
2022-06-23,SFG,11.64,11.64,10.38,11.56,1100,KBS,2026-10-09T04:37:25Z
2022-06-24,SFG,11.64,11.64,11.56,11.56,400,KBS,2026-10-09T04:37:25Z
2022-06-27,SFG,11.35,11.35,11.22,11.22,3300,KBS,2026-10-09T04:37:25Z
2022-06-28,SFG,10.55,11.47,10.5,11.47,9000,KBS,2026-10-09T04:37:25Z
2022-06-29,SFG,11.9,11.9,11.39,11.39,1200,KBS,2026-10-09T04:37:25Z
2022-06-30,SFG,11.9,11.9,11.9,11.9,100,KBS,2026-10-09T04:37:25Z
2022-07-01,SFG,11.1,11.77,11.1,11.39,1900,KBS,2026-10-09T04:37:25Z
2022-07-04,SFG,11.26,11.26,11.26,11.26,100,KBS,2026-10-09T04:37:25Z
2022-07-05,SFG,10.76,11.6,10.5,11.47,8900,KBS,2026-10-09T04:37:25Z
2022-07-06,SFG,10.67,12.06,10.67,12.06,5300,KBS,2026-10-09T04:37:25Z
2022-07-07,SFG,11.73,11.73,11.22,11.73,900,KBS,2026-10-09T04:37:25Z
2022-07-08,SFG,11.01,11.81,10.97,11.47,11900,KBS,2026-10-09T04:37:25Z
2022-07-11,SFG,11.64,11.64,10.67,11.43,22700,KBS,2026-10-09T04:37:25Z
2022-07-12,SFG,10.76,11.31,10.76,11.31,1700,KBS,2026-10-09T04:37:25Z
2022-07-13,SFG,10.55,11.22,10.55,11.14,19600,KBS,2026-10-09T04:37:25Z
2022-07-14,SFG,10.88,11.05,10.46,11.05,1600,KBS,2026-10-09T04:37:25Z
2022-07-15,SFG,10.55,11.05,10.55,10.93,6100,KBS,2026-10-09T04:37:25Z
2022-07-18,SFG,10.55,11.01,10.55,10.97,10300,KBS,2026-10-09T04:37:25Z
2022-07-19,SFG,10.55,10.97,10.21,10.97,5900,KBS,2026-10-09T04:37:25Z
2022-07-20,SFG,10.38,10.55,10.38,10.55,3200,KBS,2026-10-09T04:37:25Z
2022-07-21,SFG,10.59,10.8,10.55,10.8,9700,KBS,2026-10-09T04:37:25Z
2022-07-22,SFG,10.8,10.88,10.17,10.84,10700,KBS,2026-10-09T04:37:25Z
2022-07-25,SFG,10.8,10.84,10.46,10.84,1800,KBS,2026-10-09T04:37:25Z
2022-07-26,SFG,10.88,10.88,10.88,10.88,200,KBS,2026-10-09T04:37:25Z
2022-07-27,SFG,10.55,10.84,10.12,10.72,10200,KBS,2026-10-09T04:37:25Z
2022-07-28,SFG,10.76,10.76,10.21,10.76,2400,KBS,2026-10-09T04:37:25Z
2022-07-29,SFG,10.29,10.72,10.21,10.72,2200,KBS,2026-10-09T04:37:25Z
2022-08-01,SFG,10.59,10.72,10.42,10.72,4000,KBS,2026-10-09T04:37:25Z
2022-08-02,SFG,10.25,10.8,10.25,10.8,7200,KBS,2026-10-09T04:37:25Z
2022-08-03,SFG,10.72,10.97,10.5,10.97,12700,KBS,2026-10-09T04:37:25Z
2022-08-04,SFG,10.97,11.05,10.93,10.97,4500,KBS,2026-10-09T04:37:25Z
2022-08-05,SFG,10.72,10.97,10.5,10.97,5700,KBS,2026-10-09T04:37:25Z
2022-08-08,SFG,11.05,11.05,10.55,11.05,8800,KBS,2026-10-09T04:37:25Z
2022-08-09,SFG,11.1,11.14,10.97,11.1,8400,KBS,2026-10-09T04:37:25Z
2022-08-10,SFG,11.1,11.1,10.93,11.05,1200,KBS,2026-10-09T04:37:25Z
2022-08-11,SFG,11.05,11.05,10.67,10.97,7900,KBS,2026-10-09T04:37:25Z
2022-08-12,SFG,10.72,10.93,10.63,10.93,4300,KBS,2026-10-09T04:37:25Z
2022-08-15,SFG,10.8,10.97,10.8,10.97,14000,KBS,2026-10-09T04:37:25Z
2022-08-16,SFG,10.72,10.88,10.67,10.88,2700,KBS,2026-10-09T04:37:25Z
2022-08-17,SFG,10.84,10.88,10.67,10.84,6700,KBS,2026-10-09T04:37:25Z
2022-08-18,SFG,10.67,10.84,10.67,10.72,3800,KBS,2026-10-09T04:37:25Z
2022-08-19,SFG,10.63,10.8,10.63,10.8,1100,KBS,2026-10-09T04:37:25Z
2022-08-22,SFG,10.72,10.76,10.63,10.76,1300,KBS,2026-10-09T04:37:25Z
2022-08-23,SFG,10.55,10.76,10.55,10.76,2400,KBS,2026-10-09T04:37:25Z
2022-08-24,SFG,10.76,10.84,10.76,10.8,8000,KBS,2026-10-09T04:37:25Z
2022-08-25,SFG,10.8,11.52,10.8,11.52,66500,KBS,2026-10-09T04:37:25Z
2022-08-26,SFG,11.56,12.32,11.56,11.98,42000,KBS,2026-10-09T04:37:25Z
2022-08-29,SFG,12.57,12.57,11.22,11.73,29400,KBS,2026-10-09T04:37:25Z
2022-08-30,SFG,11.73,12.15,11.47,11.47,26600,KBS,2026-10-09T04:37:25Z
2022-08-31,SFG,10.97,11.39,10.97,11.31,12600,KBS,2026-10-09T04:37:25Z
2022-09-05,SFG,11.14,11.39,10.97,10.97,11700,KBS,2026-10-09T04:37:25Z
2022-09-06,SFG,11.01,11.01,10.84,10.97,9600,KBS,2026-10-09T04:37:25Z
2022-09-07,SFG,10.84,11.31,10.63,11.31,11800,KBS,2026-10-09T04:37:25Z
2022-09-08,SFG,11.05,11.05,10.76,10.76,3900,KBS,2026-10-09T04:37:25Z
2022-09-09,SFG,10.72,10.76,10.59,10.63,3300,KBS,2026-10-09T04:37:25Z
2022-09-12,SFG,10.59,10.72,10.55,10.63,6100,KBS,2026-10-09T04:37:25Z
2022-09-13,SFG,10.55,10.63,10.55,10.63,1800,KBS,2026-10-09T04:37:25Z
2022-09-14,SFG,10.63,10.63,10.55,10.63,1000,KBS,2026-10-09T04:37:25Z
2022-09-15,SFG,10.63,10.67,10.55,10.67,2300,KBS,2026-10-09T04:37:25Z
2022-09-16,SFG,10.55,10.97,10.5,10.93,18700,KBS,2026-10-09T04:37:25Z
2022-09-19,SFG,10.42,10.72,10.25,10.72,12700,KBS,2026-10-09T04:37:25Z
2022-09-20,SFG,10.34,10.72,10.21,10.72,3900,KBS,2026-10-09T04:37:25Z
2022-09-21,SFG,10.63,10.63,10.12,10.55,1400,KBS,2026-10-09T04:37:25Z
2022-09-22,SFG,10.17,10.5,9.87,10.34,6400,KBS,2026-10-09T04:37:25Z
2022-09-23,SFG,10.34,10.72,9.79,10.55,1900,KBS,2026-10-09T04:37:25Z
2022-09-26,SFG,10.5,11.22,9.83,11.22,7900,KBS,2026-10-09T04:37:25Z
2022-09-27,SFG,11.14,11.14,10.46,10.46,12900,KBS,2026-10-09T04:37:25Z
2022-09-28,SFG,10.84,10.84,10.21,10.21,1900,KBS,2026-10-09T04:37:25Z
2022-09-29,SFG,10.12,10.12,10.08,10.12,6500,KBS,2026-10-09T04:37:25Z
2022-09-30,SFG,10.12,10.46,9.62,10.46,10900,KBS,2026-10-09T04:37:25Z
2022-10-04,SFG,10.38,10.38,9.74,10.25,900,KBS,2026-10-09T04:37:25Z
2022-10-05,SFG,9.62,10.17,9.62,10.17,6400,KBS,2026-10-09T04:37:25Z
2022-10-06,SFG,9.66,10.12,9.66,10.12,7300,KBS,2026-10-09T04:37:25Z
2022-10-07,SFG,10.12,10.12,9.96,9.96,31500,KBS,2026-10-09T04:37:25Z
2022-10-10,SFG,9.87,9.96,9.83,9.96,2800,KBS,2026-10-09T04:37:25Z
2022-10-11,SFG,9.7,9.7,9.28,9.58,2000,KBS,2026-10-09T04:37:25Z
2022-10-12,SFG,8.94,9.66,8.94,9.62,2700,KBS,2026-10-09T04:37:25Z
2022-10-13,SFG,9.62,9.7,9.62,9.62,1200,KBS,2026-10-09T04:37:25Z
2022-10-14,SFG,9.58,9.62,9.11,9.62,9100,KBS,2026-10-09T04:37:25Z
2022-10-17,SFG,9.07,9.62,9.07,9.62,1500,KBS,2026-10-09T04:37:25Z
2022-10-18,SFG,9.2,9.28,8.98,9.28,53200,KBS,2026-10-09T04:37:25Z
2022-10-19,SFG,8.86,9.15,8.86,9.15,5300,KBS,2026-10-09T04:37:25Z
2022-10-20,SFG,8.56,9.15,8.56,9.15,1900,KBS,2026-10-09T04:37:25Z
2022-10-21,SFG,8.61,8.98,8.61,8.86,9800,KBS,2026-10-09T04:37:25Z
2022-10-24,SFG,8.44,8.73,8.24,8.73,5300,KBS,2026-10-09T04:37:25Z
2022-10-25,SFG,8.19,8.43,8.18,8.42,9900,KBS,2026-10-09T04:37:25Z
2022-10-26,SFG,7.93,8.27,7.85,8.27,8800,KBS,2026-10-09T04:37:25Z
2022-10-27,SFG,7.77,8.52,7.71,8.44,32100,KBS,2026-10-09T04:37:25Z
2022-10-28,SFG,8.02,8.44,7.86,8.44,7300,KBS,2026-10-09T04:37:25Z
2022-10-31,SFG,8.44,8.44,7.89,8.41,2600,KBS,2026-10-09T04:37:25Z
2022-11-01,SFG,7.89,8.4,7.83,8.4,5100,KBS,2026-10-09T04:37:25Z
2022-11-02,SFG,8.43,8.43,8.4,8.4,200,KBS,2026-10-09T04:37:25Z
2022-11-03,SFG,8.02,8.39,7.83,8.38,6000,KBS,2026-10-09T04:37:25Z
2022-11-04,SFG,7.81,8.34,7.8,8.34,9400,KBS,2026-10-09T04:37:25Z
2022-11-07,SFG,7.77,8.23,7.76,8.23,15700,KBS,2026-10-09T04:37:25Z
2022-11-08,SFG,7.68,8.22,7.68,8.18,9400,KBS,2026-10-09T04:37:25Z
2022-11-09,SFG,7.76,8.09,7.68,8.09,2900,KBS,2026-10-09T04:37:25Z
2022-11-10,SFG,7.53,7.99,7.53,7.53,5600,KBS,2026-10-09T04:37:25Z
2022-11-11,SFG,7.53,7.53,7.34,7.34,3200,KBS,2026-10-09T04:37:25Z
2022-11-14,SFG,6.83,7.17,6.83,7.17,16300,KBS,2026-10-09T04:37:25Z
2022-11-15,SFG,6.75,7.0,6.74,7.0,6700,KBS,2026-10-09T04:37:25Z
2022-11-16,SFG,6.54,7.16,6.54,7.16,5300,KBS,2026-10-09T04:37:25Z
2022-11-17,SFG,7.42,7.42,6.66,6.66,16500,KBS,2026-10-09T04:37:25Z
2022-11-18,SFG,7.06,7.06,6.66,6.88,5800,KBS,2026-10-09T04:37:25Z
2022-11-21,SFG,7.16,7.16,6.5,6.75,11700,KBS,2026-10-09T04:37:25Z
2022-11-22,SFG,6.75,7.16,6.75,7.09,13500,KBS,2026-10-09T04:37:25Z
2022-11-23,SFG,6.82,7.06,6.82,7.06,400,KBS,2026-10-09T04:37:25Z
2022-11-24,SFG,6.58,7.04,6.58,7.0,800,KBS,2026-10-09T04:37:25Z
2022-11-25,SFG,6.75,7.0,6.75,6.99,16500,KBS,2026-10-09T04:37:25Z
2022-11-28,SFG,6.77,7.46,6.75,7.17,6200,KBS,2026-10-09T04:37:25Z
2022-11-29,SFG,7.51,7.51,7.26,7.26,400,KBS,2026-10-09T04:37:25Z
2022-11-30,SFG,7.17,7.29,7.17,7.29,3500,KBS,2026-10-09T04:37:25Z
2022-12-01,SFG,7.26,7.29,7.26,7.29,3800,KBS,2026-10-09T04:37:25Z
2022-12-02,SFG,7.67,7.68,7.58,7.58,1300,KBS,2026-10-09T04:37:25Z
2022-12-05,SFG,7.58,7.93,7.58,7.93,10000,KBS,2026-10-09T04:37:25Z
2022-12-06,SFG,7.92,7.92,7.92,7.92,800,KBS,2026-10-09T04:37:25Z
2022-12-07,SFG,7.38,7.59,7.37,7.59,3000,KBS,2026-10-09T04:37:25Z
2022-12-08,SFG,7.59,7.59,7.59,7.59,500,KBS,2026-10-09T04:37:25Z
2022-12-09,SFG,7.07,7.59,7.06,7.59,4200,KBS,2026-10-09T04:37:25Z
2022-12-12,SFG,7.59,8.0,7.59,7.99,1200,KBS,2026-10-09T04:37:25Z
2022-12-13,SFG,7.59,7.98,7.5,7.98,1200,KBS,2026-10-09T04:37:25Z
2022-12-14,SFG,7.5,8.02,7.5,8.02,500,KBS,2026-10-09T04:37:25Z
2022-12-15,SFG,7.48,8.02,7.48,8.02,300,KBS,2026-10-09T04:37:25Z
2022-12-16,SFG,7.52,8.01,7.51,8.01,600,KBS,2026-10-09T04:37:25Z
2022-12-19,SFG,8.01,8.02,8.01,8.02,1300,KBS,2026-10-09T04:37:25Z
2022-12-20,SFG,7.46,7.93,7.46,7.92,8300,KBS,2026-10-09T04:37:25Z
2022-12-21,SFG,7.92,7.92,7.6,7.91,300,KBS,2026-10-09T04:37:25Z
2022-12-22,SFG,7.91,7.93,7.89,7.93,21200,KBS,2026-10-09T04:37:25Z
2022-12-23,SFG,8.02,8.02,7.59,7.99,11900,KBS,2026-10-09T04:37:25Z
2022-12-26,SFG,7.59,8.0,7.59,8.0,16200,KBS,2026-10-09T04:37:25Z
2022-12-27,SFG,7.44,8.0,7.44,8.0,6400,KBS,2026-10-09T04:37:25Z
2022-12-28,SFG,7.59,8.0,7.59,8.0,1000,KBS,2026-10-09T04:37:25Z
2023-01-04,SFG,7.47,7.91,7.47,7.91,2600,KBS,2026-10-09T04:37:25Z
2023-01-05,SFG,7.43,7.91,7.42,7.91,800,KBS,2026-10-09T04:37:25Z
2023-01-06,SFG,7.68,7.91,7.68,7.91,1000,KBS,2026-10-09T04:37:25Z
2023-01-09,SFG,7.91,7.91,7.91,7.91,1800,KBS,2026-10-09T04:37:25Z
2023-01-11,SFG,7.37,8.44,7.37,8.42,8500,KBS,2026-10-09T04:37:25Z
2023-01-12,SFG,8.44,8.44,7.84,8.4,6300,KBS,2026-10-09T04:37:25Z
2023-01-13,SFG,8.4,8.4,7.83,8.37,1400,KBS,2026-10-09T04:37:25Z
2023-01-16,SFG,7.8,8.09,7.79,8.09,1800,KBS,2026-10-09T04:37:25Z
2023-01-17,SFG,8.1,8.14,7.53,8.13,7800,KBS,2026-10-09T04:37:25Z
2023-01-18,SFG,7.64,8.12,7.59,8.12,1500,KBS,2026-10-09T04:37:25Z
2023-01-19,SFG,7.59,8.08,7.55,7.56,21700,KBS,2026-10-09T04:37:25Z
2023-01-27,SFG,7.58,7.91,7.58,7.91,3900,KBS,2026-10-09T04:37:25Z
2023-01-30,SFG,7.68,7.68,7.52,7.67,7300,KBS,2026-10-09T04:37:25Z
2023-01-31,SFG,7.42,7.59,7.24,7.59,4000,KBS,2026-10-09T04:37:25Z
2023-02-01,SFG,7.34,7.58,7.06,7.57,9800,KBS,2026-10-09T04:37:25Z
2023-02-02,SFG,7.52,7.54,7.21,7.53,6100,KBS,2026-10-09T04:37:25Z
2023-02-03,SFG,7.26,7.53,7.23,7.53,2400,KBS,2026-10-09T04:37:25Z
2023-02-06,SFG,7.5,7.57,7.5,7.57,800,KBS,2026-10-09T04:37:25Z
2023-02-07,SFG,7.59,7.59,7.21,7.57,9200,KBS,2026-10-09T04:37:25Z
2023-02-09,SFG,7.56,7.57,7.56,7.57,300,KBS,2026-10-09T04:37:25Z
2023-02-10,SFG,7.54,7.57,7.05,7.57,3200,KBS,2026-10-09T04:37:25Z
2023-02-13,SFG,7.17,7.56,7.17,7.56,200,KBS,2026-10-09T04:37:25Z
2023-02-14,SFG,7.19,7.53,7.19,7.53,400,KBS,2026-10-09T04:37:25Z
2023-02-15,SFG,7.53,7.53,7.17,7.51,1000,KBS,2026-10-09T04:37:25Z
2023-02-16,SFG,7.5,7.51,7.5,7.51,1100,KBS,2026-10-09T04:37:25Z
2023-02-17,SFG,7.2,7.5,7.2,7.5,300,KBS,2026-10-09T04:37:25Z
2023-02-20,SFG,7.5,7.51,7.02,7.51,4300,KBS,2026-10-09T04:37:25Z
2023-02-21,SFG,7.49,7.49,7.42,7.42,1200,KBS,2026-10-09T04:37:25Z
2023-02-22,SFG,7.51,7.51,7.2,7.26,7200,KBS,2026-10-09T04:37:25Z
2023-02-23,SFG,7.18,7.37,7.09,7.37,7100,KBS,2026-10-09T04:37:25Z
2023-02-24,SFG,7.42,7.42,7.42,7.42,400,KBS,2026-10-09T04:37:25Z
2023-02-27,SFG,7.0,7.39,7.0,7.39,2400,KBS,2026-10-09T04:37:25Z
2023-02-28,SFG,6.96,6.96,6.94,6.94,4800,KBS,2026-10-09T04:37:25Z
2023-03-01,SFG,6.99,6.99,6.99,6.99,100,KBS,2026-10-09T04:37:25Z
2023-03-02,SFG,6.64,7.1,6.63,7.1,600,KBS,2026-10-09T04:37:25Z
2023-03-03,SFG,6.83,6.83,6.83,6.83,100,KBS,2026-10-09T04:37:25Z
2023-03-06,SFG,6.83,7.22,6.83,7.22,200,KBS,2026-10-09T04:37:25Z
2023-03-07,SFG,7.16,7.16,7.16,7.16,300,KBS,2026-10-09T04:37:25Z
2023-03-08,SFG,7.12,7.12,7.12,7.12,500,KBS,2026-10-09T04:37:25Z
2023-03-09,SFG,7.12,7.12,7.08,7.11,1400,KBS,2026-10-09T04:37:25Z
2023-03-10,SFG,7.11,7.13,7.11,7.11,700,KBS,2026-10-09T04:37:25Z
2023-03-13,SFG,7.12,7.12,6.62,7.11,5700,KBS,2026-10-09T04:37:25Z
2023-03-14,SFG,7.38,7.59,7.1,7.1,6400,KBS,2026-10-09T04:37:25Z
2023-03-15,SFG,6.79,7.13,6.76,7.11,10800,KBS,2026-10-09T04:37:25Z
2023-03-16,SFG,6.7,7.08,6.7,7.08,400,KBS,2026-10-09T04:37:25Z
2023-03-17,SFG,6.76,7.16,6.75,7.05,7500,KBS,2026-10-09T04:37:25Z
2023-03-20,SFG,6.99,6.99,6.99,6.99,400,KBS,2026-10-09T04:37:25Z
2023-03-21,SFG,6.67,6.75,6.51,6.75,1800,KBS,2026-10-09T04:37:25Z
2023-03-22,SFG,6.59,6.75,6.58,6.75,2900,KBS,2026-10-09T04:37:25Z
2023-03-23,SFG,6.72,6.75,6.58,6.75,4600,KBS,2026-10-09T04:37:25Z
2023-03-24,SFG,6.71,6.74,6.58,6.74,500,KBS,2026-10-09T04:37:25Z
2023-03-27,SFG,6.66,6.74,6.66,6.74,5100,KBS,2026-10-09T04:37:25Z
2023-03-28,SFG,6.74,6.83,6.74,6.83,2700,KBS,2026-10-09T04:37:25Z
2023-03-29,SFG,6.83,6.83,6.83,6.83,500,KBS,2026-10-09T04:37:25Z
2023-03-30,SFG,6.83,6.83,6.83,6.83,200,KBS,2026-10-09T04:37:25Z
2023-03-31,SFG,6.45,6.83,6.45,6.83,700,KBS,2026-10-09T04:37:25Z
2023-04-03,SFG,6.75,6.75,6.68,6.68,4900,KBS,2026-10-09T04:37:25Z
2023-04-04,SFG,6.66,7.04,6.66,7.04,3100,KBS,2026-10-09T04:37:25Z
2023-04-05,SFG,6.61,7.15,6.6,7.04,5900,KBS,2026-10-09T04:37:25Z
2023-04-06,SFG,7.04,7.07,6.83,6.83,3500,KBS,2026-10-09T04:37:25Z
2023-04-07,SFG,6.83,7.0,6.83,7.0,1300,KBS,2026-10-09T04:37:25Z
2023-04-10,SFG,7.17,7.19,7.17,7.17,11000,KBS,2026-10-09T04:37:25Z
2023-04-11,SFG,7.14,7.14,7.14,7.14,100,KBS,2026-10-09T04:37:25Z
2023-04-12,SFG,7.12,7.12,7.09,7.09,300,KBS,2026-10-09T04:37:25Z
2023-04-13,SFG,6.66,7.51,6.65,7.08,15300,KBS,2026-10-09T04:37:25Z
2023-04-14,SFG,7.0,7.0,6.83,6.83,3000,KBS,2026-10-09T04:37:25Z
2023-04-17,SFG,6.59,7.16,6.59,7.16,200,KBS,2026-10-09T04:37:25Z
2023-04-18,SFG,7.16,7.16,7.13,7.14,300,KBS,2026-10-09T04:37:25Z
2023-04-19,SFG,6.92,7.04,6.92,7.04,300,KBS,2026-10-09T04:37:25Z
2023-04-21,SFG,7.0,7.0,6.79,7.0,500,KBS,2026-10-09T04:37:25Z
2023-04-24,SFG,6.84,6.99,6.83,6.99,1100,KBS,2026-10-09T04:37:25Z
2023-04-25,SFG,6.96,6.96,6.76,6.76,200,KBS,2026-10-09T04:37:25Z
2023-04-26,SFG,6.75,7.16,6.56,7.08,1300,KBS,2026-10-09T04:37:25Z
2023-04-27,SFG,7.06,7.17,7.06,7.07,1600,KBS,2026-10-09T04:37:25Z
2023-04-28,SFG,6.92,7.06,6.92,7.06,200,KBS,2026-10-09T04:37:25Z
2023-05-04,SFG,7.04,7.04,6.92,7.04,900,KBS,2026-10-09T04:37:25Z
2023-05-05,SFG,6.85,7.03,6.85,7.03,1200,KBS,2026-10-09T04:37:25Z
2023-05-08,SFG,7.0,7.0,7.0,7.0,100,KBS,2026-10-09T04:37:25Z
2023-05-09,SFG,6.99,7.17,6.83,7.17,9600,KBS,2026-10-09T04:37:25Z
2023-05-10,SFG,7.17,7.18,7.17,7.18,7300,KBS,2026-10-09T04:37:25Z
2023-05-11,SFG,7.18,7.21,7.18,7.2,7700,KBS,2026-10-09T04:37:25Z
2023-05-12,SFG,7.16,7.17,6.92,7.17,4600,KBS,2026-10-09T04:37:25Z
2023-05-15,SFG,7.09,7.18,7.09,7.18,4600,KBS,2026-10-09T04:37:25Z
2023-05-16,SFG,6.92,7.42,6.92,7.42,11400,KBS,2026-10-09T04:37:25Z
2023-05-17,SFG,7.42,7.42,7.42,7.42,1000,KBS,2026-10-09T04:37:25Z
2023-05-18,SFG,7.26,7.26,6.94,6.94,1000,KBS,2026-10-09T04:37:25Z
2023-05-19,SFG,7.16,7.16,6.92,7.09,5200,KBS,2026-10-09T04:37:25Z
2023-05-22,SFG,7.09,7.16,6.97,7.16,6500,KBS,2026-10-09T04:37:25Z
2023-05-23,SFG,7.17,7.21,7.01,7.17,2400,KBS,2026-10-09T04:37:25Z
2023-05-25,SFG,7.38,7.38,7.2,7.21,800,KBS,2026-10-09T04:37:25Z
2023-05-26,SFG,7.21,7.38,7.21,7.21,2400,KBS,2026-10-09T04:37:25Z
2023-05-29,SFG,7.26,7.26,7.0,7.17,1500,KBS,2026-10-09T04:37:25Z
2023-05-30,SFG,7.17,7.26,7.17,7.26,6500,KBS,2026-10-09T04:37:25Z
2023-05-31,SFG,7.26,7.34,7.26,7.33,4900,KBS,2026-10-09T04:37:25Z
2023-06-01,SFG,7.33,7.34,7.29,7.3,6200,KBS,2026-10-09T04:37:25Z
2023-06-02,SFG,7.26,7.34,7.26,7.34,6700,KBS,2026-10-09T04:37:25Z
2023-06-05,SFG,7.42,7.85,7.34,7.85,20700,KBS,2026-10-09T04:37:25Z
2023-06-06,SFG,8.17,8.17,7.85,7.85,10900,KBS,2026-10-09T04:37:25Z
2023-06-07,SFG,8.18,8.23,7.86,7.86,3500,KBS,2026-10-09T04:37:25Z
2023-06-08,SFG,7.93,7.93,7.93,7.93,500,KBS,2026-10-09T04:37:25Z
2023-06-09,SFG,7.51,7.92,7.51,7.92,4100,KBS,2026-10-09T04:37:25Z
2023-06-12,SFG,7.92,7.92,7.42,7.76,300,KBS,2026-10-09T04:37:25Z
2023-06-13,SFG,7.85,8.02,7.85,8.02,6300,KBS,2026-10-09T04:37:25Z
2023-06-14,SFG,8.02,8.02,8.02,8.02,100,KBS,2026-10-09T04:37:25Z
2023-06-15,SFG,8.02,8.02,7.59,8.02,1700,KBS,2026-10-09T04:37:25Z
2023-06-16,SFG,8.02,8.35,7.68,8.02,9700,KBS,2026-10-09T04:37:25Z
2023-06-20,SFG,8.02,8.09,7.59,8.09,4400,KBS,2026-10-09T04:37:25Z
2023-06-21,SFG,7.59,8.09,7.59,7.8,10100,KBS,2026-10-09T04:37:25Z
2023-06-22,SFG,8.02,8.34,8.02,8.34,15000,KBS,2026-10-09T04:37:25Z
2023-06-23,SFG,8.78,8.78,7.94,8.69,2300,KBS,2026-10-09T04:37:25Z
2023-06-26,SFG,8.66,8.66,8.11,8.11,1000,KBS,2026-10-09T04:37:25Z
2023-06-27,SFG,8.38,8.38,8.16,8.37,5700,KBS,2026-10-09T04:37:25Z
2023-06-28,SFG,8.51,8.51,8.36,8.36,13100,KBS,2026-10-09T04:37:25Z
2023-06-29,SFG,8.5,8.51,8.27,8.27,5500,KBS,2026-10-09T04:37:25Z
2023-06-30,SFG,8.4,8.51,7.79,7.79,2800,KBS,2026-10-09T04:37:25Z
2023-07-03,SFG,8.29,8.29,8.29,8.29,1300,KBS,2026-10-09T04:37:25Z
2023-07-04,SFG,8.38,8.38,8.29,8.29,2000,KBS,2026-10-09T04:37:25Z
2023-07-05,SFG,8.29,8.38,8.02,8.04,1400,KBS,2026-10-09T04:37:25Z
2023-07-06,SFG,8.04,8.04,8.04,8.04,100,KBS,2026-10-09T04:37:25Z
2023-07-07,SFG,7.95,8.35,7.94,7.95,400,KBS,2026-10-09T04:37:25Z
2023-07-10,SFG,8.02,8.02,7.84,7.94,4600,KBS,2026-10-09T04:37:25Z
2023-07-11,SFG,7.95,8.02,7.95,8.02,1200,KBS,2026-10-09T04:37:25Z
2023-07-12,SFG,8.02,8.02,7.98,8.02,2600,KBS,2026-10-09T04:37:25Z
2023-07-13,SFG,7.78,7.98,7.78,7.98,7100,KBS,2026-10-09T04:37:25Z
2023-07-14,SFG,7.98,7.98,7.76,7.82,4900,KBS,2026-10-09T04:37:25Z
2023-07-17,SFG,7.83,7.94,7.83,7.94,10200,KBS,2026-10-09T04:37:25Z
2023-07-18,SFG,7.94,8.02,7.63,8.02,10000,KBS,2026-10-09T04:37:25Z
2023-07-19,SFG,7.76,8.02,7.58,7.58,22900,KBS,2026-10-09T04:37:25Z
2023-07-20,SFG,7.76,7.76,7.5,7.5,2000,KBS,2026-10-09T04:37:25Z
2023-07-21,SFG,7.76,7.76,7.5,7.65,7400,KBS,2026-10-09T04:37:25Z
2023-07-24,SFG,7.63,7.65,7.5,7.65,11700,KBS,2026-10-09T04:37:25Z
2023-07-25,SFG,7.65,8.18,7.5,8.1,3700,KBS,2026-10-09T04:37:25Z
2023-07-26,SFG,8.1,8.1,7.94,8.02,6400,KBS,2026-10-09T04:37:25Z
2023-07-27,SFG,7.88,7.88,7.58,7.58,1500,KBS,2026-10-09T04:37:25Z
2023-07-28,SFG,7.63,7.89,7.63,7.89,4400,KBS,2026-10-09T04:37:25Z
2023-07-31,SFG,7.65,8.02,7.65,8.02,20000,KBS,2026-10-09T04:37:25Z
2023-08-01,SFG,7.94,7.94,7.85,7.85,6500,KBS,2026-10-09T04:37:25Z
2023-08-02,SFG,7.85,8.04,7.85,7.94,3200,KBS,2026-10-09T04:37:25Z
2023-08-03,SFG,7.94,7.94,7.9,7.9,5600,KBS,2026-10-09T04:37:25Z
2023-08-04,SFG,7.59,8.02,7.58,7.94,13200,KBS,2026-10-09T04:37:25Z
2023-08-07,SFG,7.94,7.94,7.94,7.94,10800,KBS,2026-10-09T04:37:25Z
2023-08-08,SFG,7.94,8.02,7.94,7.94,19100,KBS,2026-10-09T04:37:25Z
2023-08-09,SFG,7.94,7.94,7.83,7.94,2600,KBS,2026-10-09T04:37:25Z
2023-08-10,SFG,7.94,8.02,7.67,7.67,8200,KBS,2026-10-09T04:37:25Z
2023-08-11,SFG,8.02,8.02,7.69,7.99,4300,KBS,2026-10-09T04:37:25Z
2023-08-14,SFG,8.02,8.02,7.98,7.98,5500,KBS,2026-10-09T04:37:25Z
2023-08-15,SFG,7.98,7.98,7.85,7.98,2900,KBS,2026-10-09T04:37:25Z
2023-08-16,SFG,7.98,7.98,7.98,7.98,100,KBS,2026-10-09T04:37:25Z
2023-08-17,SFG,8.11,8.11,8.02,8.02,2800,KBS,2026-10-09T04:37:25Z
2023-08-18,SFG,7.94,7.94,7.94,7.94,200,KBS,2026-10-09T04:37:25Z
2023-08-21,SFG,7.85,7.85,7.85,7.85,900,KBS,2026-10-09T04:37:25Z
2023-08-22,SFG,7.5,7.94,7.5,7.76,3400,KBS,2026-10-09T04:37:25Z
2023-08-23,SFG,7.93,7.93,7.93,7.93,900,KBS,2026-10-09T04:37:25Z
2023-08-24,SFG,7.93,7.94,7.51,7.91,4000,KBS,2026-10-09T04:37:25Z
2023-08-25,SFG,7.51,7.93,7.51,7.89,4600,KBS,2026-10-09T04:37:25Z
2023-08-28,SFG,7.58,7.58,7.58,7.58,2400,KBS,2026-10-09T04:37:25Z
2023-08-29,SFG,7.64,7.92,7.55,7.92,1500,KBS,2026-10-09T04:37:25Z
2023-08-30,SFG,7.58,7.91,7.58,7.87,600,KBS,2026-10-09T04:37:25Z
2023-08-31,SFG,7.87,7.87,7.58,7.6,5700,KBS,2026-10-09T04:37:25Z
2023-09-05,SFG,7.83,7.89,7.6,7.89,26700,KBS,2026-10-09T04:37:25Z
2023-09-06,SFG,7.93,7.93,7.85,7.85,900,KBS,2026-10-09T04:37:25Z
2023-09-07,SFG,7.85,7.93,7.66,7.76,2600,KBS,2026-10-09T04:37:25Z
2023-09-08,SFG,8.11,8.3,8.11,8.3,90700,KBS,2026-10-09T04:37:25Z
2023-09-11,SFG,8.86,8.86,8.86,8.86,28900,KBS,2026-10-09T04:37:25Z
2023-09-12,SFG,9.48,9.48,9.08,9.3,156500,KBS,2026-10-09T04:37:25Z
2023-09-13,SFG,9.3,9.3,8.91,8.95,40900,KBS,2026-10-09T04:37:25Z
2023-09-14,SFG,8.82,8.82,8.38,8.81,43000,KBS,2026-10-09T04:37:25Z
2023-09-15,SFG,8.73,8.73,8.4,8.72,7500,KBS,2026-10-09T04:37:25Z
2023-09-18,SFG,8.39,8.39,8.34,8.34,8000,KBS,2026-10-09T04:37:25Z
2023-09-19,SFG,8.1,8.91,7.94,8.86,43200,KBS,2026-10-09T04:37:25Z
2023-09-20,SFG,8.86,8.99,8.47,8.82,9700,KBS,2026-10-09T04:37:25Z
2023-09-21,SFG,8.4,8.6,8.4,8.42,3000,KBS,2026-10-09T04:37:25Z
2023-09-22,SFG,7.94,8.51,7.92,8.38,25800,KBS,2026-10-09T04:37:25Z
2023-09-25,SFG,8.38,8.46,7.86,8.33,5700,KBS,2026-10-09T04:37:25Z
2023-09-26,SFG,8.41,8.41,7.79,8.31,4800,KBS,2026-10-09T04:37:25Z
2023-09-27,SFG,7.83,8.24,7.83,8.24,11100,KBS,2026-10-09T04:37:25Z
2023-09-28,SFG,8.24,8.37,7.9,8.2,4800,KBS,2026-10-09T04:37:25Z
2023-09-29,SFG,8.18,8.19,8.17,8.19,6600,KBS,2026-10-09T04:37:25Z
2023-10-02,SFG,8.02,8.02,7.93,8.02,8900,KBS,2026-10-09T04:37:25Z
2023-10-03,SFG,7.9,7.94,7.55,7.86,38600,KBS,2026-10-09T04:37:25Z
2023-10-04,SFG,8.02,8.06,7.67,7.98,3300,KBS,2026-10-09T04:37:25Z
2023-10-05,SFG,8.02,8.02,8.02,8.02,200,KBS,2026-10-09T04:37:25Z
2023-10-06,SFG,8.15,8.15,7.72,7.78,5400,KBS,2026-10-09T04:37:25Z
2023-10-09,SFG,7.85,8.08,7.78,7.86,1800,KBS,2026-10-09T04:37:25Z
2023-10-10,SFG,7.87,8.02,7.87,7.94,10800,KBS,2026-10-09T04:37:25Z
2023-10-11,SFG,7.94,7.94,7.94,7.94,300,KBS,2026-10-09T04:37:25Z
2023-10-12,SFG,7.94,7.97,7.89,7.97,7300,KBS,2026-10-09T04:37:25Z
2023-10-13,SFG,8.02,8.02,8.02,8.02,100,KBS,2026-10-09T04:37:25Z
2023-10-16,SFG,8.29,8.29,8.11,8.12,2800,KBS,2026-10-09T04:37:25Z
2023-10-18,SFG,7.67,8.1,7.67,7.94,1000,KBS,2026-10-09T04:37:25Z
2023-10-19,SFG,8.1,8.1,7.59,7.89,3400,KBS,2026-10-09T04:37:25Z
2023-10-20,SFG,7.94,7.94,7.92,7.92,8200,KBS,2026-10-09T04:37:25Z
2023-10-23,SFG,7.85,7.85,7.58,7.58,1900,KBS,2026-10-09T04:37:25Z
2023-10-24,SFG,7.93,7.93,7.85,7.85,4400,KBS,2026-10-09T04:37:25Z
2023-10-25,SFG,7.81,7.83,7.76,7.82,1700,KBS,2026-10-09T04:37:25Z
2023-10-26,SFG,7.5,7.5,7.28,7.5,6900,KBS,2026-10-09T04:37:25Z
2023-10-27,SFG,7.5,7.5,7.23,7.49,2600,KBS,2026-10-09T04:37:25Z
2023-10-30,SFG,7.41,7.46,7.14,7.46,1100,KBS,2026-10-09T04:37:25Z
2023-10-31,SFG,7.58,7.58,7.49,7.5,600,KBS,2026-10-09T04:37:25Z
2023-11-01,SFG,7.49,7.49,6.98,6.98,6100,KBS,2026-10-09T04:37:25Z
2023-11-02,SFG,7.14,7.23,7.14,7.23,7800,KBS,2026-10-09T04:37:25Z
2023-11-03,SFG,7.16,7.23,7.15,7.23,4900,KBS,2026-10-09T04:37:25Z
2023-11-06,SFG,7.23,7.32,7.2,7.32,6800,KBS,2026-10-09T04:37:25Z
2023-11-07,SFG,7.15,7.63,7.14,7.5,7000,KBS,2026-10-09T04:37:25Z
2023-11-08,SFG,7.46,7.66,7.46,7.66,1100,KBS,2026-10-09T04:37:25Z
2023-11-09,SFG,7.67,7.67,7.66,7.66,3100,KBS,2026-10-09T04:37:25Z
2023-11-10,SFG,7.66,7.66,7.32,7.5,1200,KBS,2026-10-09T04:37:25Z
2023-11-13,SFG,7.5,7.5,7.23,7.23,5000,KBS,2026-10-09T04:37:25Z
2023-11-14,SFG,7.53,7.53,7.53,7.53,100,KBS,2026-10-09T04:37:25Z
2023-11-15,SFG,7.53,7.58,7.24,7.36,5900,KBS,2026-10-09T04:37:25Z
2023-11-16,SFG,7.36,7.49,7.36,7.49,200,KBS,2026-10-09T04:37:25Z
2023-11-17,SFG,7.49,7.49,7.2,7.42,9900,KBS,2026-10-09T04:37:25Z
2023-11-20,SFG,7.42,7.49,7.41,7.41,300,KBS,2026-10-09T04:37:25Z
2023-11-21,SFG,7.33,7.34,7.33,7.34,200,KBS,2026-10-09T04:37:25Z
2023-11-22,SFG,7.49,7.5,7.41,7.5,4900,KBS,2026-10-09T04:37:25Z
2023-11-23,SFG,7.5,7.58,7.5,7.58,3600,KBS,2026-10-09T04:37:25Z
2023-11-24,SFG,7.5,7.5,7.23,7.23,400,KBS,2026-10-09T04:37:25Z
2023-11-27,SFG,7.25,7.41,7.25,7.41,700,KBS,2026-10-09T04:37:25Z
2023-11-28,SFG,7.32,7.49,6.97,7.49,7100,KBS,2026-10-09T04:37:25Z
2023-11-30,SFG,7.16,7.41,7.16,7.36,6100,KBS,2026-10-09T04:37:25Z
2023-12-01,SFG,7.28,7.32,7.23,7.32,3500,KBS,2026-10-09T04:37:25Z
2023-12-04,SFG,7.32,7.4,7.32,7.4,4000,KBS,2026-10-09T04:37:25Z
2023-12-05,SFG,7.4,7.4,7.23,7.4,400,KBS,2026-10-09T04:37:25Z
2023-12-06,SFG,7.07,7.36,7.07,7.36,3100,KBS,2026-10-09T04:37:25Z
2023-12-07,SFG,7.36,7.36,7.32,7.32,2200,KBS,2026-10-09T04:37:25Z
2023-12-08,SFG,7.15,7.5,7.06,7.33,2600,KBS,2026-10-09T04:37:25Z
2023-12-11,SFG,7.07,7.45,7.06,7.41,3300,KBS,2026-10-09T04:37:25Z
2023-12-12,SFG,7.43,7.43,7.15,7.38,2600,KBS,2026-10-09T04:37:25Z
2023-12-13,SFG,7.23,7.47,7.23,7.47,200,KBS,2026-10-09T04:37:25Z
2023-12-14,SFG,7.41,7.5,7.41,7.5,1200,KBS,2026-10-09T04:37:25Z
2023-12-18,SFG,7.4,7.41,7.2,7.2,1300,KBS,2026-10-09T04:37:25Z
2023-12-19,SFG,7.2,7.32,7.2,7.32,9200,KBS,2026-10-09T04:37:25Z
2023-12-20,SFG,7.32,7.32,7.32,7.32,3500,KBS,2026-10-09T04:37:25Z
2023-12-21,SFG,7.5,7.5,7.34,7.34,1300,KBS,2026-10-09T04:37:25Z
2023-12-22,SFG,7.58,7.58,6.82,7.39,7600,KBS,2026-10-09T04:37:25Z
2023-12-25,SFG,7.38,7.38,7.38,7.38,200,KBS,2026-10-09T04:37:25Z
2023-12-26,SFG,7.32,7.32,7.23,7.23,3300,KBS,2026-10-09T04:37:25Z
2023-12-28,SFG,7.23,7.23,7.23,7.23,600,KBS,2026-10-09T04:37:25Z
2023-12-29,SFG,7.22,7.32,7.22,7.25,6600,KBS,2026-10-09T04:37:25Z
2024-01-02,SFG,7.41,7.41,7.3,7.4,4900,KBS,2026-10-09T04:37:25Z
2024-01-03,SFG,7.34,7.36,7.32,7.34,7400,KBS,2026-10-09T04:37:25Z
2024-01-04,SFG,7.48,7.48,7.32,7.48,3300,KBS,2026-10-09T04:37:25Z
2024-01-05,SFG,7.36,7.48,7.36,7.48,200,KBS,2026-10-09T04:37:25Z
2024-01-08,SFG,7.35,7.35,7.34,7.34,1000,KBS,2026-10-09T04:37:25Z
2024-01-09,SFG,7.33,7.72,7.32,7.72,12200,KBS,2026-10-09T04:37:25Z
2024-01-10,SFG,7.67,7.67,7.54,7.58,1600,KBS,2026-10-09T04:37:25Z
2024-01-11,SFG,7.58,7.67,7.5,7.58,2500,KBS,2026-10-09T04:37:25Z
2024-01-12,SFG,7.67,7.85,7.6,7.6,8300,KBS,2026-10-09T04:37:25Z
2024-01-15,SFG,7.6,7.76,7.6,7.63,2600,KBS,2026-10-09T04:37:25Z
2024-01-16,SFG,7.58,7.67,7.58,7.67,3200,KBS,2026-10-09T04:37:25Z
2024-01-17,SFG,7.8,8.07,7.72,7.76,5100,KBS,2026-10-09T04:37:25Z
2024-01-18,SFG,7.67,7.93,7.61,7.93,2700,KBS,2026-10-09T04:37:25Z
2024-01-19,SFG,7.85,7.85,7.85,7.85,1300,KBS,2026-10-09T04:37:25Z
2024-01-22,SFG,7.85,7.85,7.85,7.85,200,KBS,2026-10-09T04:37:25Z
2024-01-23,SFG,7.94,7.98,7.94,7.94,3900,KBS,2026-10-09T04:37:25Z
2024-01-24,SFG,7.94,7.98,7.94,7.98,2200,KBS,2026-10-09T04:37:25Z
2024-01-25,SFG,8.02,8.02,7.98,8.02,7200,KBS,2026-10-09T04:37:25Z
2024-01-26,SFG,8.02,8.07,7.98,8.02,2800,KBS,2026-10-09T04:37:25Z
2024-01-29,SFG,8.02,8.29,8.02,8.29,6800,KBS,2026-10-09T04:37:25Z
2024-01-30,SFG,8.3,8.64,8.29,8.47,21500,KBS,2026-10-09T04:37:25Z
2024-01-31,SFG,8.64,8.73,8.47,8.51,18800,KBS,2026-10-09T04:37:25Z
2024-02-01,SFG,8.51,8.51,8.47,8.51,8400,KBS,2026-10-09T04:37:25Z
2024-02-02,SFG,8.17,8.51,8.17,8.51,1200,KBS,2026-10-09T04:37:25Z
2024-02-05,SFG,8.51,8.55,8.5,8.51,5800,KBS,2026-10-09T04:37:25Z
2024-02-06,SFG,8.38,8.51,8.38,8.51,14500,KBS,2026-10-09T04:37:25Z
2024-02-07,SFG,8.42,8.51,8.38,8.51,3700,KBS,2026-10-09T04:37:25Z
2024-02-15,SFG,8.55,8.6,8.55,8.55,4700,KBS,2026-10-09T04:37:25Z
2024-02-16,SFG,8.6,9.13,8.6,9.13,87300,KBS,2026-10-09T04:37:25Z
2024-02-19,SFG,9.22,9.74,9.22,9.74,188800,KBS,2026-10-09T04:37:25Z
2024-02-20,SFG,10.27,10.36,9.74,10.05,61300,KBS,2026-10-09T04:37:25Z
2024-02-21,SFG,10.27,10.27,9.7,9.74,87600,KBS,2026-10-09T04:37:25Z
2024-02-22,SFG,10.14,10.36,9.79,9.92,63200,KBS,2026-10-09T04:37:25Z
2024-02-23,SFG,10.58,10.58,9.57,9.92,18200,KBS,2026-10-09T04:37:25Z
2024-02-26,SFG,9.92,10.23,9.92,10.23,8600,KBS,2026-10-09T04:37:25Z
2024-02-27,SFG,10.1,10.94,9.79,10.94,92500,KBS,2026-10-09T04:37:25Z
2024-02-28,SFG,11.07,11.68,11.07,11.68,69700,KBS,2026-10-09T04:37:25Z
2024-02-29,SFG,12.48,12.48,12.43,12.43,96200,KBS,2026-10-09T04:37:25Z
2024-03-01,SFG,12.88,13.27,12.21,13.27,183100,KBS,2026-10-09T04:37:25Z
2024-03-04,SFG,13.27,14.15,12.35,13.18,62800,KBS,2026-10-09T04:37:25Z
2024-03-05,SFG,12.79,13.18,12.52,12.52,84300,KBS,2026-10-09T04:37:25Z
2024-03-06,SFG,12.52,13.05,12.3,12.35,21700,KBS,2026-10-09T04:37:25Z
2024-03-07,SFG,12.35,12.88,11.51,12.7,35800,KBS,2026-10-09T04:37:25Z
2024-03-08,SFG,12.7,13.32,12.35,13.05,59100,KBS,2026-10-09T04:37:25Z
2024-03-11,SFG,13.23,13.23,12.35,13.01,13200,KBS,2026-10-09T04:37:25Z
2024-03-12,SFG,12.39,12.79,12.3,12.74,6700,KBS,2026-10-09T04:37:25Z
2024-03-13,SFG,12.21,12.74,12.17,12.17,38600,KBS,2026-10-09T04:37:25Z
2024-03-14,SFG,12.35,12.35,12.08,12.17,19500,KBS,2026-10-09T04:37:25Z
2024-03-15,SFG,12.08,12.08,11.82,11.82,5700,KBS,2026-10-09T04:37:25Z
2024-03-18,SFG,11.82,11.82,11.02,11.64,24800,KBS,2026-10-09T04:37:25Z
2024-03-19,SFG,11.55,11.55,11.16,11.42,8200,KBS,2026-10-09T04:37:25Z
2024-03-20,SFG,11.38,11.38,11.02,11.38,14900,KBS,2026-10-09T04:37:25Z
2024-03-21,SFG,11.33,11.33,11.07,11.16,17100,KBS,2026-10-09T04:37:25Z
2024-03-22,SFG,11.16,11.82,11.16,11.38,13600,KBS,2026-10-09T04:37:25Z
2024-03-25,SFG,11.11,11.2,11.11,11.11,6300,KBS,2026-10-09T04:37:25Z
2024-03-26,SFG,11.29,11.29,11.11,11.2,4300,KBS,2026-10-09T04:37:25Z
2024-03-27,SFG,11.2,11.95,11.16,11.16,6300,KBS,2026-10-09T04:37:25Z
2024-03-28,SFG,11.38,11.38,11.16,11.24,1000,KBS,2026-10-09T04:37:25Z
2024-03-29,SFG,11.2,11.55,11.2,11.55,15800,KBS,2026-10-09T04:37:25Z
2024-04-01,SFG,12.35,12.35,11.99,12.17,35900,KBS,2026-10-09T04:37:25Z
2024-04-02,SFG,12.43,12.92,11.82,12.79,101800,KBS,2026-10-09T04:37:25Z
2024-04-03,SFG,12.79,13.32,12.39,12.39,3900,KBS,2026-10-09T04:37:25Z
2024-04-04,SFG,12.17,12.17,11.55,11.55,22100,KBS,2026-10-09T04:37:25Z
2024-04-05,SFG,12.35,12.35,11.16,12.08,15200,KBS,2026-10-09T04:37:25Z
2024-04-08,SFG,12.12,12.12,12.12,12.12,100,KBS,2026-10-09T04:37:25Z
2024-04-09,SFG,12.04,12.04,11.38,11.38,7300,KBS,2026-10-09T04:37:25Z
2024-04-10,SFG,11.11,11.86,11.11,11.86,2200,KBS,2026-10-09T04:37:25Z
2024-04-11,SFG,11.9,11.9,11.64,11.64,5100,KBS,2026-10-09T04:37:25Z
2024-04-12,SFG,11.64,11.82,11.42,11.42,7900,KBS,2026-10-09T04:37:25Z
2024-04-15,SFG,11.82,12.21,11.42,11.42,54200,KBS,2026-10-09T04:37:25Z
2024-04-16,SFG,11.64,11.64,10.89,11.46,3800,KBS,2026-10-09T04:37:25Z
2024-04-17,SFG,11.99,11.99,11.02,11.02,3500,KBS,2026-10-09T04:37:25Z
2024-04-19,SFG,10.58,11.73,10.58,11.64,2200,KBS,2026-10-09T04:37:25Z
2024-04-23,SFG,11.51,11.51,10.89,11.46,2300,KBS,2026-10-09T04:37:25Z
2024-04-24,SFG,11.46,11.99,11.02,11.68,1400,KBS,2026-10-09T04:37:25Z
2024-04-25,SFG,11.46,11.64,11.2,11.64,1900,KBS,2026-10-09T04:37:25Z
2024-04-26,SFG,11.11,11.9,11.11,11.9,9600,KBS,2026-10-09T04:37:25Z
2024-05-02,SFG,11.77,11.77,11.77,11.77,1000,KBS,2026-10-09T04:37:25Z
2024-05-06,SFG,11.77,11.77,11.11,11.55,3500,KBS,2026-10-09T04:37:25Z
2024-05-07,SFG,11.11,11.46,11.11,11.46,3100,KBS,2026-10-09T04:37:25Z
2024-05-08,SFG,10.85,11.46,10.85,11.02,9200,KBS,2026-10-09T04:37:25Z
2024-05-09,SFG,11.29,11.29,11.02,11.02,6300,KBS,2026-10-09T04:37:25Z
2024-05-10,SFG,10.89,11.33,10.89,11.33,6200,KBS,2026-10-09T04:37:25Z
2024-05-13,SFG,11.29,11.55,11.29,11.55,1900,KBS,2026-10-09T04:37:25Z
2024-05-14,SFG,11.11,11.51,11.11,11.46,6800,KBS,2026-10-09T04:37:25Z
2024-05-15,SFG,11.38,11.38,11.2,11.38,6400,KBS,2026-10-09T04:37:25Z
2024-05-16,SFG,11.38,11.38,11.16,11.38,3600,KBS,2026-10-09T04:37:25Z
2024-05-17,SFG,11.38,11.46,11.29,11.29,18600,KBS,2026-10-09T04:37:25Z
2024-05-20,SFG,11.6,11.6,11.29,11.29,7600,KBS,2026-10-09T04:37:25Z
2024-05-21,SFG,11.11,11.51,11.11,11.38,5500,KBS,2026-10-09T04:37:25Z
2024-05-22,SFG,11.38,12.17,11.29,12.17,65800,KBS,2026-10-09T04:37:25Z
2024-05-23,SFG,12.48,12.74,12.35,12.7,58300,KBS,2026-10-09T04:37:25Z
2024-05-24,SFG,12.7,12.7,11.82,12.43,9200,KBS,2026-10-09T04:37:25Z
2024-05-27,SFG,11.64,12.35,11.6,12.35,3100,KBS,2026-10-09T04:37:25Z
2024-05-28,SFG,12.3,12.3,11.6,12.3,20200,KBS,2026-10-09T04:37:25Z
2024-05-29,SFG,11.9,12.83,11.86,12.61,86300,KBS,2026-10-09T04:37:25Z
2024-05-30,SFG,11.99,12.52,11.99,12.52,2300,KBS,2026-10-09T04:37:25Z
2024-05-31,SFG,12.12,12.48,12.12,12.48,62200,KBS,2026-10-09T04:37:25Z
2024-06-03,SFG,12.48,12.83,12.3,12.7,26500,KBS,2026-10-09T04:37:25Z
2024-06-04,SFG,12.7,12.7,12.57,12.61,4500,KBS,2026-10-09T04:37:25Z
2024-06-05,SFG,12.61,12.7,12.26,12.26,7000,KBS,2026-10-09T04:37:25Z
2024-06-06,SFG,12.26,12.79,12.08,12.08,6800,KBS,2026-10-09T04:37:25Z
2024-06-07,SFG,12.08,12.7,12.08,12.43,32700,KBS,2026-10-09T04:37:25Z
2024-06-10,SFG,12.7,12.7,12.3,12.35,10400,KBS,2026-10-09T04:37:25Z
2024-06-11,SFG,12.39,12.76,12.39,12.53,3300,KBS,2026-10-09T04:37:25Z
2024-06-12,SFG,12.53,12.53,12.35,12.44,16300,KBS,2026-10-09T04:37:25Z
2024-06-13,SFG,12.44,12.62,12.44,12.62,3700,KBS,2026-10-09T04:37:25Z
2024-06-14,SFG,12.71,12.71,11.89,12.44,1800,KBS,2026-10-09T04:37:25Z
2024-06-17,SFG,12.44,12.44,12.44,12.44,200,KBS,2026-10-09T04:37:25Z
2024-06-18,SFG,12.44,12.53,11.89,12.53,1600,KBS,2026-10-09T04:37:25Z
2024-06-19,SFG,12.53,12.8,12.53,12.8,24100,KBS,2026-10-09T04:37:25Z
2024-06-20,SFG,12.89,12.89,11.98,11.98,5200,KBS,2026-10-09T04:37:25Z
2024-06-21,SFG,12.8,12.8,12.16,12.48,6400,KBS,2026-10-09T04:37:25Z
2024-06-24,SFG,11.98,12.25,11.93,11.93,1300,KBS,2026-10-09T04:37:25Z
2024-06-26,SFG,11.89,11.89,11.89,11.89,1800,KBS,2026-10-09T04:37:25Z
2024-06-27,SFG,11.89,11.89,11.89,11.89,3100,KBS,2026-10-09T04:37:25Z
2024-06-28,SFG,11.89,11.89,11.34,11.89,12600,KBS,2026-10-09T04:37:25Z
2024-07-02,SFG,11.89,11.89,11.39,11.8,2200,KBS,2026-10-09T04:37:25Z
2024-07-03,SFG,11.52,11.8,11.16,11.8,1500,KBS,2026-10-09T04:37:25Z
2024-07-04,SFG,11.25,11.84,11.25,11.52,19900,KBS,2026-10-09T04:37:25Z
2024-07-05,SFG,10.79,11.71,10.79,11.61,41200,KBS,2026-10-09T04:37:25Z
2024-07-08,SFG,11.84,12.39,11.8,12.39,57700,KBS,2026-10-09T04:37:25Z
2024-07-09,SFG,13.22,13.22,13.22,13.22,107100,KBS,2026-10-09T04:37:25Z
2024-07-10,SFG,14.13,14.13,13.17,13.35,111900,KBS,2026-10-09T04:37:25Z
2024-07-11,SFG,12.8,14.08,12.44,14.08,284100,KBS,2026-10-09T04:37:25Z
2024-07-12,SFG,14.08,14.72,13.12,13.99,191600,KBS,2026-10-09T04:37:25Z
2024-07-15,SFG,13.03,13.03,13.03,13.03,48600,KBS,2026-10-09T04:37:25Z
2024-07-16,SFG,12.21,12.99,12.16,12.71,154000,KBS,2026-10-09T04:37:25Z
2024-07-17,SFG,11.93,12.39,11.84,12.39,30300,KBS,2026-10-09T04:37:25Z
2024-07-18,SFG,11.61,11.75,11.57,11.57,105200,KBS,2026-10-09T04:37:25Z
2024-07-19,SFG,11.06,12.21,11.06,11.89,38300,KBS,2026-10-09T04:37:25Z
2024-07-22,SFG,11.89,11.89,11.06,11.06,155200,KBS,2026-10-09T04:37:25Z
2024-07-23,SFG,11.06,11.06,10.38,10.88,17800,KBS,2026-10-09T04:37:25Z
2024-07-24,SFG,10.29,10.65,10.24,10.61,16600,KBS,2026-10-09T04:37:25Z
2024-07-25,SFG,10.61,10.88,10.47,10.47,3800,KBS,2026-10-09T04:37:25Z
2024-07-26,SFG,10.52,10.52,10.47,10.47,8800,KBS,2026-10-09T04:37:25Z
2024-07-29,SFG,10.2,10.93,10.2,10.74,11600,KBS,2026-10-09T04:37:25Z
2024-07-30,SFG,10.74,10.84,10.7,10.7,3700,KBS,2026-10-09T04:37:25Z
2024-07-31,SFG,10.7,10.7,10.29,10.38,4400,KBS,2026-10-09T04:37:25Z
2024-08-01,SFG,10.33,10.38,9.69,9.88,26100,KBS,2026-10-09T04:37:25Z
2024-08-02,SFG,9.65,9.88,9.42,9.88,13400,KBS,2026-10-09T04:37:25Z
2024-08-05,SFG,10.38,10.38,9.24,9.24,14300,KBS,2026-10-09T04:37:25Z
2024-08-06,SFG,9.74,9.74,9.28,9.51,6600,KBS,2026-10-09T04:37:25Z
2024-08-07,SFG,9.78,9.78,9.28,9.56,13400,KBS,2026-10-09T04:37:25Z
2024-08-08,SFG,9.56,9.65,9.37,9.6,8400,KBS,2026-10-09T04:37:25Z
2024-08-09,SFG,9.6,9.92,9.56,9.92,900,KBS,2026-10-09T04:37:25Z
2024-08-12,SFG,10.15,10.15,9.69,9.78,2700,KBS,2026-10-09T04:37:25Z
2024-08-13,SFG,9.78,9.78,9.51,9.78,3500,KBS,2026-10-09T04:37:25Z
2024-08-14,SFG,9.37,9.74,9.33,9.69,6800,KBS,2026-10-09T04:37:25Z
2024-08-15,SFG,9.37,9.6,9.28,9.6,5500,KBS,2026-10-09T04:37:25Z
2024-08-16,SFG,9.6,9.78,9.42,9.69,8100,KBS,2026-10-09T04:37:25Z
2024-08-19,SFG,9.69,9.74,9.65,9.74,8300,KBS,2026-10-09T04:37:25Z
2024-08-20,SFG,9.6,9.83,9.46,9.74,18200,KBS,2026-10-09T04:37:25Z
2024-08-21,SFG,9.56,9.74,9.51,9.74,2300,KBS,2026-10-09T04:37:25Z
2024-08-22,SFG,9.78,9.78,9.6,9.74,2500,KBS,2026-10-09T04:37:25Z
2024-08-23,SFG,9.74,9.74,9.69,9.74,2800,KBS,2026-10-09T04:37:25Z
2024-08-26,SFG,9.69,9.74,9.65,9.74,4300,KBS,2026-10-09T04:37:25Z
2024-08-27,SFG,9.74,9.78,9.69,9.74,6700,KBS,2026-10-09T04:37:25Z
2024-08-28,SFG,9.74,10.1,9.65,10.1,8100,KBS,2026-10-09T04:37:25Z
2024-08-29,SFG,10.06,10.06,9.88,9.88,2300,KBS,2026-10-09T04:37:25Z
2024-08-30,SFG,9.83,9.88,9.83,9.88,1700,KBS,2026-10-09T04:37:25Z
2024-09-04,SFG,9.69,9.83,9.65,9.83,3200,KBS,2026-10-09T04:37:25Z
2024-09-05,SFG,9.83,9.83,9.78,9.78,1300,KBS,2026-10-09T04:37:25Z
2024-09-06,SFG,9.78,9.78,9.78,9.78,300,KBS,2026-10-09T04:37:25Z
2024-09-09,SFG,9.78,9.88,9.78,9.78,1800,KBS,2026-10-09T04:37:25Z
2024-09-10,SFG,9.46,9.65,9.37,9.51,4100,KBS,2026-10-09T04:37:25Z
2024-09-11,SFG,9.51,9.6,9.46,9.6,1100,KBS,2026-10-09T04:37:25Z
2024-09-12,SFG,9.6,9.74,9.6,9.74,3000,KBS,2026-10-09T04:37:25Z
2024-09-13,SFG,9.74,9.74,9.6,9.69,1600,KBS,2026-10-09T04:37:25Z
2024-09-16,SFG,9.65,9.69,9.42,9.69,2000,KBS,2026-10-09T04:37:25Z
2024-09-18,SFG,9.42,9.69,9.42,9.69,3100,KBS,2026-10-09T04:37:25Z
2024-09-19,SFG,9.69,9.78,9.6,9.69,1700,KBS,2026-10-09T04:37:25Z
2024-09-20,SFG,9.69,9.78,9.6,9.78,6800,KBS,2026-10-09T04:37:25Z
2024-09-23,SFG,9.42,9.69,9.42,9.69,300,KBS,2026-10-09T04:37:25Z
2024-09-24,SFG,9.28,9.69,9.24,9.65,3000,KBS,2026-10-09T04:37:25Z
2024-09-25,SFG,9.65,9.65,9.65,9.65,1600,KBS,2026-10-09T04:37:25Z
2024-09-26,SFG,9.65,9.69,9.51,9.69,2400,KBS,2026-10-09T04:37:25Z
2024-09-27,SFG,9.51,9.69,9.51,9.69,400,KBS,2026-10-09T04:37:25Z
2024-09-30,SFG,9.65,9.69,9.65,9.65,400,KBS,2026-10-09T04:37:25Z
2024-10-01,SFG,9.65,9.78,9.46,9.78,9500,KBS,2026-10-09T04:37:25Z
2024-10-02,SFG,9.78,9.78,9.74,9.78,900,KBS,2026-10-09T04:37:25Z
2024-10-03,SFG,10.06,10.06,9.88,9.88,1900,KBS,2026-10-09T04:37:25Z
2024-10-04,SFG,9.88,9.88,9.88,9.88,200,KBS,2026-10-09T04:37:25Z
2024-10-07,SFG,9.88,9.97,9.88,9.97,2100,KBS,2026-10-09T04:37:25Z
2024-10-08,SFG,9.97,9.97,9.97,9.97,400,KBS,2026-10-09T04:37:25Z
2024-10-09,SFG,10.47,10.47,9.69,10.06,2200,KBS,2026-10-09T04:37:25Z
2024-10-10,SFG,10.33,10.33,9.97,10.15,2100,KBS,2026-10-09T04:37:25Z
2024-10-11,SFG,10.38,10.38,10.38,10.38,100,KBS,2026-10-09T04:37:25Z
2024-10-14,SFG,9.74,10.1,9.69,10.1,4900,KBS,2026-10-09T04:37:25Z
2024-10-15,SFG,9.74,10.06,9.74,10.06,500,KBS,2026-10-09T04:37:25Z
2024-10-16,SFG,9.78,10.01,9.78,10.01,900,KBS,2026-10-09T04:37:25Z
2024-10-17,SFG,10.2,10.2,10.01,10.01,1600,KBS,2026-10-09T04:37:25Z
2024-10-18,SFG,10.01,10.01,10.01,10.01,100,KBS,2026-10-09T04:37:25Z
2024-10-21,SFG,9.88,9.88,9.56,9.88,900,KBS,2026-10-09T04:37:25Z
2024-10-22,SFG,9.88,9.97,9.56,9.78,4900,KBS,2026-10-09T04:37:25Z
2024-10-23,SFG,9.74,9.78,9.6,9.78,2100,KBS,2026-10-09T04:37:25Z
2024-10-24,SFG,9.78,9.78,9.78,9.78,200,KBS,2026-10-09T04:37:25Z
2024-10-25,SFG,9.74,9.78,9.74,9.78,300,KBS,2026-10-09T04:37:25Z
2024-10-28,SFG,9.24,9.78,9.24,9.78,2900,KBS,2026-10-09T04:37:25Z
2024-10-29,SFG,9.78,9.78,9.42,9.74,1300,KBS,2026-10-09T04:37:25Z
2024-10-30,SFG,9.74,9.78,9.46,9.74,3400,KBS,2026-10-09T04:37:25Z
2024-10-31,SFG,9.69,9.74,9.46,9.69,2000,KBS,2026-10-09T04:37:25Z
2024-11-01,SFG,9.92,9.92,9.42,9.69,2700,KBS,2026-10-09T04:37:25Z
2024-11-04,SFG,9.65,9.69,9.6,9.69,2400,KBS,2026-10-09T04:37:25Z
2024-11-05,SFG,9.69,9.78,9.42,9.78,2800,KBS,2026-10-09T04:37:25Z
2024-11-06,SFG,10.29,10.29,9.14,9.78,1300,KBS,2026-10-09T04:37:25Z
2024-11-07,SFG,9.83,9.92,9.65,9.88,1000,KBS,2026-10-09T04:37:25Z
2024-11-08,SFG,9.56,9.78,9.46,9.78,5500,KBS,2026-10-09T04:37:25Z
2024-11-11,SFG,9.46,9.83,9.46,9.74,1000,KBS,2026-10-09T04:37:25Z
2024-11-12,SFG,9.92,9.92,9.83,9.83,300,KBS,2026-10-09T04:37:25Z
2024-11-13,SFG,9.51,9.78,9.46,9.74,1300,KBS,2026-10-09T04:37:25Z
2024-11-14,SFG,9.92,9.92,9.6,9.78,64300,KBS,2026-10-09T04:37:25Z
2024-11-15,SFG,9.6,9.74,9.28,9.28,4300,KBS,2026-10-09T04:37:25Z
2024-11-18,SFG,9.33,9.83,9.28,9.65,1500,KBS,2026-10-09T04:37:25Z
2024-11-19,SFG,9.78,9.78,9.37,9.37,3300,KBS,2026-10-09T04:37:25Z
2024-11-20,SFG,9.6,9.69,9.6,9.69,2300,KBS,2026-10-09T04:37:25Z
2024-11-21,SFG,9.33,9.74,9.28,9.69,18400,KBS,2026-10-09T04:37:25Z
2024-11-22,SFG,9.69,10.01,9.69,9.92,21000,KBS,2026-10-09T04:37:25Z
2024-11-25,SFG,10.01,10.01,9.78,9.92,37500,KBS,2026-10-09T04:37:25Z
2024-11-26,SFG,9.88,10.1,9.88,10.01,9200,KBS,2026-10-09T04:37:25Z
2024-11-27,SFG,10.06,10.06,9.65,9.83,1200,KBS,2026-10-09T04:37:25Z
2024-11-28,SFG,9.83,9.83,9.28,9.33,40000,KBS,2026-10-09T04:37:25Z
2024-11-29,SFG,9.56,9.56,9.33,9.51,9900,KBS,2026-10-09T04:37:25Z
2024-12-02,SFG,9.51,9.51,9.14,9.51,15500,KBS,2026-10-09T04:37:25Z
2024-12-03,SFG,9.51,9.51,9.24,9.24,1000,KBS,2026-10-09T04:37:25Z
2024-12-04,SFG,9.24,9.33,9.24,9.33,600,KBS,2026-10-09T04:37:25Z
2024-12-05,SFG,9.37,9.37,9.12,9.28,19100,KBS,2026-10-09T04:37:25Z
2024-12-06,SFG,9.28,9.37,9.19,9.19,3300,KBS,2026-10-09T04:37:25Z
2024-12-09,SFG,9.19,9.51,9.19,9.24,900,KBS,2026-10-09T04:37:25Z
2024-12-10,SFG,9.28,9.28,9.24,9.24,4300,KBS,2026-10-09T04:37:25Z
2024-12-11,SFG,9.14,9.33,9.14,9.33,1000,KBS,2026-10-09T04:37:25Z
2024-12-12,SFG,9.19,9.33,9.14,9.28,2200,KBS,2026-10-09T04:37:25Z
2024-12-13,SFG,9.14,9.14,9.14,9.14,1900,KBS,2026-10-09T04:37:25Z
2024-12-16,SFG,9.14,9.33,9.1,9.33,13200,KBS,2026-10-09T04:37:25Z
2024-12-17,SFG,9.14,9.37,9.14,9.37,2500,KBS,2026-10-09T04:37:25Z
2024-12-18,SFG,9.14,9.37,9.14,9.33,7800,KBS,2026-10-09T04:37:25Z
2024-12-19,SFG,9.33,9.33,9.14,9.24,2000,KBS,2026-10-09T04:37:25Z
2024-12-20,SFG,9.33,9.33,9.14,9.33,1800,KBS,2026-10-09T04:37:25Z
2024-12-23,SFG,9.28,9.28,9.14,9.19,8000,KBS,2026-10-09T04:37:25Z
2024-12-24,SFG,9.33,9.33,9.19,9.28,6200,KBS,2026-10-09T04:37:25Z
2024-12-25,SFG,9.6,9.6,9.28,9.28,2900,KBS,2026-10-09T04:37:25Z
2024-12-26,SFG,9.28,9.33,9.28,9.28,9900,KBS,2026-10-09T04:37:25Z
2024-12-27,SFG,9.28,9.28,9.28,9.28,3400,KBS,2026-10-09T04:37:25Z
2024-12-31,SFG,9.14,9.14,9.14,9.14,200,KBS,2026-10-09T04:37:25Z
2025-01-02,SFG,9.33,9.46,9.28,9.46,1100,KBS,2026-10-09T04:37:25Z
2025-01-03,SFG,9.19,9.19,9.19,9.19,500,KBS,2026-10-09T04:37:25Z
2025-01-06,SFG,9.19,9.19,9.14,9.14,1300,KBS,2026-10-09T04:37:25Z
2025-01-07,SFG,9.19,9.19,9.19,9.19,100,KBS,2026-10-09T04:37:25Z
2025-01-08,SFG,9.19,9.19,8.96,8.98,8900,KBS,2026-10-09T04:37:25Z
2025-01-09,SFG,8.96,9.14,8.96,9.14,400,KBS,2026-10-09T04:37:25Z
2025-01-10,SFG,9.14,9.14,8.96,9.05,900,KBS,2026-10-09T04:37:25Z
2025-01-13,SFG,9.14,9.14,8.87,9.12,2000,KBS,2026-10-09T04:37:25Z
2025-01-14,SFG,9.05,9.14,9.05,9.12,800,KBS,2026-10-09T04:37:25Z
2025-01-15,SFG,9.05,9.05,8.69,8.78,500,KBS,2026-10-09T04:37:25Z
2025-01-16,SFG,8.79,9.07,8.79,9.07,1200,KBS,2026-10-09T04:37:25Z
2025-01-17,SFG,8.81,9.04,8.79,9.04,1600,KBS,2026-10-09T04:37:25Z
2025-01-20,SFG,9.14,9.24,9.04,9.04,900,KBS,2026-10-09T04:37:25Z
2025-01-21,SFG,9.05,9.05,8.87,8.87,2500,KBS,2026-10-09T04:37:25Z
2025-01-23,SFG,8.87,9.05,8.87,8.87,1200,KBS,2026-10-09T04:37:25Z
2025-01-24,SFG,9.01,9.04,8.87,8.87,1200,KBS,2026-10-09T04:37:25Z
2025-02-03,SFG,8.87,9.04,8.87,8.87,1600,KBS,2026-10-09T04:37:25Z
2025-02-04,SFG,8.88,8.88,8.87,8.87,600,KBS,2026-10-09T04:37:25Z
2025-02-05,SFG,9.04,9.04,8.96,8.96,1700,KBS,2026-10-09T04:37:25Z
2025-02-06,SFG,9.04,9.14,9.04,9.06,3000,KBS,2026-10-09T04:37:25Z
2025-02-07,SFG,9.14,9.14,9.06,9.11,1700,KBS,2026-10-09T04:37:25Z
2025-02-10,SFG,9.24,9.51,9.14,9.37,17000,KBS,2026-10-09T04:37:25Z
2025-02-11,SFG,9.46,9.46,9.46,9.46,7600,KBS,2026-10-09T04:37:25Z
2025-02-12,SFG,9.46,9.46,9.33,9.33,3600,KBS,2026-10-09T04:37:25Z
2025-02-13,SFG,9.33,9.97,9.33,9.97,37000,KBS,2026-10-09T04:37:25Z
2025-02-14,SFG,10.06,10.65,10.06,10.52,37300,KBS,2026-10-09T04:37:25Z
2025-02-17,SFG,10.52,10.7,10.42,10.42,35800,KBS,2026-10-09T04:37:25Z
2025-02-18,SFG,10.42,10.42,10.1,10.33,24100,KBS,2026-10-09T04:37:25Z
2025-02-19,SFG,10.33,10.33,10.24,10.29,3900,KBS,2026-10-09T04:37:25Z
2025-02-20,SFG,10.88,10.88,10.52,10.74,19100,KBS,2026-10-09T04:37:25Z
2025-02-21,SFG,10.79,10.79,10.52,10.61,10200,KBS,2026-10-09T04:37:25Z
2025-02-24,SFG,10.2,10.2,10.15,10.15,1800,KBS,2026-10-09T04:37:25Z
2025-02-25,SFG,10.15,10.42,10.15,10.2,3500,KBS,2026-10-09T04:37:25Z
2025-02-26,SFG,10.38,10.79,10.2,10.24,7400,KBS,2026-10-09T04:37:25Z
2025-02-27,SFG,10.24,10.29,10.2,10.24,3900,KBS,2026-10-09T04:37:25Z
2025-02-28,SFG,10.24,10.24,10.24,10.24,200,KBS,2026-10-09T04:37:25Z
2025-03-03,SFG,10.2,10.24,10.06,10.2,3100,KBS,2026-10-09T04:37:25Z
2025-03-05,SFG,10.2,10.2,10.06,10.06,5800,KBS,2026-10-09T04:37:25Z
2025-03-06,SFG,9.97,9.97,9.78,9.88,1800,KBS,2026-10-09T04:37:25Z
2025-03-07,SFG,9.92,9.92,9.92,9.92,6100,KBS,2026-10-09T04:37:25Z
2025-03-10,SFG,10.15,10.15,10.06,10.15,800,KBS,2026-10-09T04:37:25Z
2025-03-11,SFG,10.06,10.15,10.06,10.1,1800,KBS,2026-10-09T04:37:25Z
2025-03-12,SFG,10.06,10.1,10.06,10.06,400,KBS,2026-10-09T04:37:25Z
2025-03-13,SFG,9.69,10.15,9.69,9.78,8000,KBS,2026-10-09T04:37:25Z
2025-03-14,SFG,9.78,9.78,9.6,9.6,2700,KBS,2026-10-09T04:37:25Z
2025-03-17,SFG,9.6,9.78,9.6,9.78,1000,KBS,2026-10-09T04:37:25Z
2025-03-18,SFG,10.24,10.24,10.1,10.1,300,KBS,2026-10-09T04:37:25Z
2025-03-19,SFG,10.1,10.1,10.06,10.06,700,KBS,2026-10-09T04:37:25Z
2025-03-20,SFG,9.88,10.15,9.78,10.15,600,KBS,2026-10-09T04:37:25Z
2025-03-25,SFG,10.06,10.1,10.06,10.1,200,KBS,2026-10-09T04:37:25Z
2025-03-26,SFG,9.65,9.69,9.65,9.69,700,KBS,2026-10-09T04:37:25Z
2025-03-27,SFG,9.56,9.6,9.56,9.6,900,KBS,2026-10-09T04:37:25Z
2025-03-28,SFG,9.97,9.97,9.97,9.97,100,KBS,2026-10-09T04:37:25Z
2025-03-31,SFG,9.6,9.74,9.6,9.74,600,KBS,2026-10-09T04:37:25Z
2025-04-01,SFG,10.06,10.06,10.06,10.06,500,KBS,2026-10-09T04:37:25Z
2025-04-02,SFG,9.78,10.06,9.78,10.06,300,KBS,2026-10-09T04:37:25Z
2025-04-03,SFG,9.42,9.46,9.37,9.37,3700,KBS,2026-10-09T04:37:25Z
2025-04-04,SFG,9.33,9.37,8.72,9.33,12700,KBS,2026-10-09T04:37:25Z
2025-04-08,SFG,8.68,9.28,8.68,9.24,10800,KBS,2026-10-09T04:37:25Z
2025-04-09,SFG,8.6,8.6,8.6,8.6,2000,KBS,2026-10-09T04:37:25Z
2025-04-10,SFG,8.62,9.19,8.62,9.19,5500,KBS,2026-10-09T04:37:25Z
2025-04-11,SFG,9.6,9.6,9.19,9.28,1600,KBS,2026-10-09T04:37:25Z
2025-04-14,SFG,9.19,9.42,9.19,9.42,1300,KBS,2026-10-09T04:37:25Z
2025-04-15,SFG,9.42,9.42,9.14,9.24,500,KBS,2026-10-09T04:37:25Z
2025-04-16,SFG,9.14,9.33,8.87,8.87,600,KBS,2026-10-09T04:37:25Z
2025-04-17,SFG,9.24,9.24,8.87,9.12,2000,KBS,2026-10-09T04:37:25Z
2025-04-18,SFG,9.24,9.24,9.14,9.14,500,KBS,2026-10-09T04:37:25Z
2025-04-21,SFG,9.11,9.11,9.11,9.11,100,KBS,2026-10-09T04:37:25Z
2025-04-22,SFG,9.14,9.74,9.14,9.74,44600,KBS,2026-10-09T04:37:25Z
2025-04-23,SFG,9.74,9.97,9.74,9.97,2500,KBS,2026-10-09T04:37:25Z
2025-04-24,SFG,9.97,9.97,9.33,9.88,4600,KBS,2026-10-09T04:37:25Z
2025-04-25,SFG,9.97,9.97,9.33,9.88,4100,KBS,2026-10-09T04:37:25Z
2025-04-28,SFG,9.88,9.88,9.37,9.83,1800,KBS,2026-10-09T04:37:25Z
2025-04-29,SFG,9.37,9.42,9.37,9.42,900,KBS,2026-10-09T04:37:25Z
2025-05-05,SFG,9.88,9.88,9.42,9.83,15600,KBS,2026-10-09T04:37:25Z
2025-05-06,SFG,9.83,10.01,9.46,9.83,29400,KBS,2026-10-09T04:37:25Z
2025-05-07,SFG,10.06,10.06,9.97,10.01,2400,KBS,2026-10-09T04:37:25Z
2025-05-08,SFG,9.97,9.97,9.6,9.6,1300,KBS,2026-10-09T04:37:25Z
2025-05-09,SFG,9.6,10.1,9.56,9.6,7500,KBS,2026-10-09T04:37:25Z
2025-05-12,SFG,9.6,9.6,9.6,9.6,3700,KBS,2026-10-09T04:37:25Z
2025-05-13,SFG,9.6,9.6,9.51,9.51,7600,KBS,2026-10-09T04:37:25Z
2025-05-14,SFG,9.51,9.51,9.51,9.51,8400,KBS,2026-10-09T04:37:25Z
2025-05-15,SFG,9.97,9.97,9.88,9.88,2200,KBS,2026-10-09T04:37:25Z
2025-05-16,SFG,9.88,9.97,9.69,9.69,5600,KBS,2026-10-09T04:37:25Z
2025-05-19,SFG,9.42,10.01,9.42,10.01,300,KBS,2026-10-09T04:37:25Z
2025-05-20,SFG,9.51,9.51,9.42,9.51,1600,KBS,2026-10-09T04:37:25Z
2025-05-21,SFG,9.37,9.51,9.14,9.24,9300,KBS,2026-10-09T04:37:25Z
2025-05-22,SFG,9.24,9.88,9.24,9.65,7600,KBS,2026-10-09T04:37:25Z
2025-05-26,SFG,9.65,9.65,9.33,9.42,2000,KBS,2026-10-09T04:37:25Z
2025-05-27,SFG,9.46,9.88,9.46,9.74,11600,KBS,2026-10-09T04:37:25Z
2025-05-28,SFG,9.69,9.69,9.69,9.69,1000,KBS,2026-10-09T04:37:25Z
2025-05-29,SFG,9.69,9.69,9.69,9.69,600,KBS,2026-10-09T04:37:25Z
2025-05-30,SFG,10.01,10.06,9.69,9.97,3300,KBS,2026-10-09T04:37:25Z
2025-06-02,SFG,9.6,9.6,9.6,9.6,700,KBS,2026-10-09T04:37:25Z
2025-06-03,SFG,9.97,9.97,9.74,9.74,18800,KBS,2026-10-09T04:37:25Z
2025-06-04,SFG,9.74,9.78,9.74,9.78,9300,KBS,2026-10-09T04:37:25Z
2025-06-05,SFG,9.78,9.78,9.78,9.78,2000,KBS,2026-10-09T04:37:25Z
2025-06-06,SFG,9.78,9.78,9.78,9.78,8700,KBS,2026-10-09T04:37:25Z
2025-06-09,SFG,9.78,9.78,9.78,9.78,6100,KBS,2026-10-09T04:37:25Z
2025-06-10,SFG,10.06,10.15,10.06,10.15,5900,KBS,2026-10-09T04:37:25Z
2025-06-11,SFG,10.15,10.61,10.15,10.33,4800,KBS,2026-10-09T04:37:25Z
2025-06-12,SFG,10.33,10.79,10.33,10.74,9200,KBS,2026-10-09T04:37:25Z
2025-06-13,SFG,10.52,10.88,10.52,10.88,7700,KBS,2026-10-09T04:37:25Z
2025-06-16,SFG,11.06,11.61,10.97,11.61,47000,KBS,2026-10-09T04:37:25Z
2025-06-17,SFG,12.07,12.39,10.84,11.89,41800,KBS,2026-10-09T04:37:25Z
2025-06-18,SFG,11.25,11.25,11.06,11.06,28700,KBS,2026-10-09T04:37:25Z
2025-06-19,SFG,10.64,11.45,10.64,10.97,1500,KBS,2026-10-09T04:37:25Z
2025-06-20,SFG,10.59,10.78,10.4,10.78,11200,KBS,2026-10-09T04:37:25Z
2025-06-23,SFG,10.78,10.78,10.54,10.68,2100,KBS,2026-10-09T04:37:25Z
2025-06-24,SFG,10.49,10.68,10.49,10.49,5000,KBS,2026-10-09T04:37:25Z
2025-06-25,SFG,10.49,10.49,10.4,10.4,2300,KBS,2026-10-09T04:37:25Z
2025-06-26,SFG,10.44,10.44,10.4,10.4,2900,KBS,2026-10-09T04:37:25Z
2025-06-27,SFG,10.3,10.35,10.3,10.35,900,KBS,2026-10-09T04:37:25Z
2025-06-30,SFG,10.4,10.4,10.35,10.35,200,KBS,2026-10-09T04:37:25Z
2025-07-01,SFG,10.35,10.35,10.3,10.3,600,KBS,2026-10-09T04:37:25Z
2025-07-02,SFG,10.4,10.4,10.02,10.02,1400,KBS,2026-10-09T04:37:25Z
2025-07-03,SFG,10.68,10.68,10.49,10.49,600,KBS,2026-10-09T04:37:25Z
2025-07-04,SFG,10.26,10.4,10.26,10.4,400,KBS,2026-10-09T04:37:25Z
2025-07-07,SFG,10.16,10.4,10.16,10.4,3500,KBS,2026-10-09T04:37:25Z
2025-07-08,SFG,10.11,10.4,10.11,10.4,10300,KBS,2026-10-09T04:37:25Z
2025-07-09,SFG,10.16,10.97,10.16,10.97,7700,KBS,2026-10-09T04:37:25Z
2025-07-10,SFG,10.88,11.11,10.4,10.49,5400,KBS,2026-10-09T04:37:25Z
2025-07-11,SFG,10.68,10.78,10.49,10.78,2300,KBS,2026-10-09T04:37:25Z
2025-07-14,SFG,10.68,10.68,10.3,10.4,1200,KBS,2026-10-09T04:37:25Z
2025-07-15,SFG,10.97,10.97,10.59,10.64,1500,KBS,2026-10-09T04:37:25Z
2025-07-16,SFG,11.21,11.21,10.49,10.64,8300,KBS,2026-10-09T04:37:25Z
2025-07-17,SFG,10.64,10.64,10.3,10.59,14200,KBS,2026-10-09T04:37:25Z
2025-07-18,SFG,10.59,10.92,10.59,10.83,500,KBS,2026-10-09T04:37:25Z
2025-07-21,SFG,10.78,11.02,10.49,10.54,14500,KBS,2026-10-09T04:37:25Z
2025-07-22,SFG,11.02,11.02,10.59,10.78,3000,KBS,2026-10-09T04:37:25Z
2025-07-23,SFG,10.78,11.16,10.73,10.73,1400,KBS,2026-10-09T04:37:25Z
2025-07-24,SFG,10.73,10.88,10.49,10.73,3400,KBS,2026-10-09T04:37:25Z
2025-07-25,SFG,10.35,10.64,10.3,10.54,12800,KBS,2026-10-09T04:37:25Z
2025-07-28,SFG,10.54,11.06,10.4,10.49,22000,KBS,2026-10-09T04:37:25Z
2025-07-29,SFG,10.4,10.49,10.3,10.3,7300,KBS,2026-10-09T04:37:25Z
2025-07-30,SFG,10.3,10.73,10.3,10.49,2600,KBS,2026-10-09T04:37:25Z
2025-07-31,SFG,10.49,10.49,10.49,10.49,700,KBS,2026-10-09T04:37:25Z
2025-08-01,SFG,10.4,10.4,10.4,10.4,1500,KBS,2026-10-09T04:37:25Z
2025-08-04,SFG,10.4,10.4,10.06,10.06,10200,KBS,2026-10-09T04:37:25Z
2025-08-05,SFG,10.73,10.73,10.3,10.3,8100,KBS,2026-10-09T04:37:25Z
2025-08-06,SFG,10.3,10.4,10.3,10.4,1400,KBS,2026-10-09T04:37:25Z
2025-08-07,SFG,10.4,10.44,10.4,10.4,7600,KBS,2026-10-09T04:37:25Z
2025-08-08,SFG,10.3,10.49,10.3,10.49,1900,KBS,2026-10-09T04:37:25Z
2025-08-11,SFG,10.4,10.49,10.16,10.49,6300,KBS,2026-10-09T04:37:25Z
2025-08-12,SFG,10.49,10.49,10.49,10.49,500,KBS,2026-10-09T04:37:25Z
2025-08-13,SFG,10.49,10.49,10.3,10.49,6700,KBS,2026-10-09T04:37:25Z
2025-08-14,SFG,10.3,10.3,10.21,10.3,10700,KBS,2026-10-09T04:37:25Z
2025-08-15,SFG,10.21,10.21,10.11,10.21,2400,KBS,2026-10-09T04:37:25Z
2025-08-18,SFG,10.21,10.21,10.11,10.16,10100,KBS,2026-10-09T04:37:25Z
2025-08-19,SFG,10.21,10.4,10.21,10.3,7500,KBS,2026-10-09T04:37:25Z
2025-08-20,SFG,10.3,10.3,10.11,10.3,3400,KBS,2026-10-09T04:37:25Z
2025-08-21,SFG,10.06,10.44,10.06,10.11,1500,KBS,2026-10-09T04:37:25Z
2025-08-22,SFG,10.16,10.16,10.11,10.11,23700,KBS,2026-10-09T04:37:25Z
2025-08-25,SFG,9.82,10.11,9.43,9.59,18300,KBS,2026-10-09T04:37:25Z
2025-08-26,SFG,9.68,10.21,9.68,10.11,1300,KBS,2026-10-09T04:37:25Z
2025-08-27,SFG,9.64,10.26,9.64,10.06,18900,KBS,2026-10-09T04:37:25Z
2025-08-28,SFG,10.06,10.06,10.02,10.02,6300,KBS,2026-10-09T04:37:25Z
2025-08-29,SFG,9.87,10.02,9.73,10.02,400,KBS,2026-10-09T04:37:25Z
2025-09-03,SFG,9.97,10.26,9.97,10.11,8200,KBS,2026-10-09T04:37:25Z
2025-09-04,SFG,10.02,10.11,9.44,10.11,14600,KBS,2026-10-09T04:37:25Z
2025-09-05,SFG,10.21,10.26,10.21,10.26,9800,KBS,2026-10-09T04:37:25Z
2025-09-08,SFG,10.26,10.4,10.26,10.26,7500,KBS,2026-10-09T04:37:25Z
2025-09-09,SFG,10.21,10.21,10.21,10.21,100,KBS,2026-10-09T04:37:25Z
2025-09-11,SFG,10.21,10.21,9.73,9.92,9100,KBS,2026-10-09T04:37:25Z
2025-09-12,SFG,9.92,10.3,9.92,10.3,2100,KBS,2026-10-09T04:37:25Z
2025-09-15,SFG,10.3,10.3,10.3,10.3,1800,KBS,2026-10-09T04:37:25Z
2025-09-16,SFG,10.3,10.3,10.3,10.3,1300,KBS,2026-10-09T04:37:25Z
2025-09-17,SFG,10.3,10.3,10.3,10.3,100,KBS,2026-10-09T04:37:25Z
2025-09-19,SFG,9.82,10.16,9.82,10.16,200,KBS,2026-10-09T04:37:25Z
2025-09-22,SFG,10.16,10.16,9.87,10.16,300,KBS,2026-10-09T04:37:25Z
2025-09-23,SFG,10.16,10.16,10.16,10.16,200,KBS,2026-10-09T04:37:25Z
2025-09-25,SFG,10.16,10.16,10.16,10.16,200,KBS,2026-10-09T04:37:25Z
2025-09-26,SFG,9.73,10.16,9.73,10.16,800,KBS,2026-10-09T04:37:25Z
2025-09-29,SFG,10.11,10.11,10.11,10.11,200,KBS,2026-10-09T04:37:25Z
2025-09-30,SFG,9.73,9.82,9.64,9.82,3000,KBS,2026-10-09T04:37:25Z
2025-10-01,SFG,9.73,10.16,9.73,10.16,2300,KBS,2026-10-09T04:37:25Z
2025-10-02,SFG,9.87,10.02,9.87,10.02,600,KBS,2026-10-09T04:37:25Z
2025-10-03,SFG,10.11,10.11,10.02,10.06,800,KBS,2026-10-09T04:37:25Z
2025-10-08,SFG,9.68,10.06,9.68,10.06,2200,KBS,2026-10-09T04:37:25Z
2025-10-10,SFG,10.21,10.21,10.21,10.21,100,KBS,2026-10-09T04:37:25Z
2025-10-13,SFG,9.59,10.02,9.59,10.02,1500,KBS,2026-10-09T04:37:25Z
2025-10-14,SFG,9.68,9.73,9.68,9.73,1700,KBS,2026-10-09T04:37:25Z
2025-10-15,SFG,9.73,9.73,9.68,9.73,2400,KBS,2026-10-09T04:37:25Z
2025-10-16,SFG,9.73,9.82,9.73,9.73,3400,KBS,2026-10-09T04:37:25Z
2025-10-17,SFG,9.68,9.68,9.64,9.64,1100,KBS,2026-10-09T04:37:25Z
2025-10-20,SFG,9.54,9.54,9.25,9.54,2100,KBS,2026-10-09T04:37:25Z
2025-10-21,SFG,9.54,9.82,9.26,9.82,7100,KBS,2026-10-09T04:37:25Z
2025-10-22,SFG,9.82,9.82,9.54,9.64,5500,KBS,2026-10-09T04:37:25Z
2025-10-23,SFG,9.64,9.68,9.54,9.54,2400,KBS,2026-10-09T04:37:25Z
2025-10-24,SFG,9.54,9.68,9.54,9.54,7600,KBS,2026-10-09T04:37:25Z
2025-10-28,SFG,9.68,9.68,9.54,9.64,500,KBS,2026-10-09T04:37:25Z
2025-10-30,SFG,9.59,9.64,9.54,9.64,2600,KBS,2026-10-09T04:37:25Z
2025-10-31,SFG,9.54,10.21,9.54,10.21,130700,KBS,2026-10-09T04:37:25Z
2025-11-03,SFG,9.73,9.73,9.73,9.73,300,KBS,2026-10-09T04:37:25Z
2025-11-04,SFG,9.54,9.73,9.54,9.73,1100,KBS,2026-10-09T04:37:25Z
2025-11-05,SFG,9.82,9.82,9.78,9.78,200,KBS,2026-10-09T04:37:25Z
2025-11-06,SFG,9.64,9.68,9.64,9.64,1000,KBS,2026-10-09T04:37:25Z
2025-11-07,SFG,9.68,9.68,9.54,9.54,2500,KBS,2026-10-09T04:37:25Z
2025-11-10,SFG,9.54,9.97,9.54,9.54,9200,KBS,2026-10-09T04:37:25Z
2025-11-11,SFG,9.87,9.87,9.87,9.87,100,KBS,2026-10-09T04:37:25Z
2025-11-12,SFG,10.02,10.02,9.92,10.02,3700,KBS,2026-10-09T04:37:25Z
2025-11-13,SFG,9.59,9.97,9.59,9.97,400,KBS,2026-10-09T04:37:25Z
2025-11-14,SFG,10.02,10.11,10.02,10.11,2100,KBS,2026-10-09T04:37:25Z
2025-11-17,SFG,9.92,9.92,9.82,9.82,600,KBS,2026-10-09T04:37:25Z
2025-11-18,SFG,9.82,10.06,9.68,9.97,900,KBS,2026-10-09T04:37:25Z
2025-11-19,SFG,9.68,9.97,9.54,9.97,2600,KBS,2026-10-09T04:37:25Z
2025-11-20,SFG,9.54,9.97,9.54,9.97,1200,KBS,2026-10-09T04:37:25Z
2025-11-21,SFG,9.64,9.87,9.54,9.87,1400,KBS,2026-10-09T04:37:25Z
2025-11-25,SFG,9.54,9.82,9.54,9.82,300,KBS,2026-10-09T04:37:25Z
2025-11-26,SFG,9.97,9.97,9.54,9.87,2100,KBS,2026-10-09T04:37:25Z
2025-11-27,SFG,9.54,9.87,9.54,9.87,200,KBS,2026-10-09T04:37:25Z
2025-11-28,SFG,9.68,9.68,9.54,9.68,3700,KBS,2026-10-09T04:37:25Z
2025-12-01,SFG,9.59,9.97,9.59,9.87,500,KBS,2026-10-09T04:37:25Z
2025-12-03,SFG,9.82,9.82,9.54,9.54,2900,KBS,2026-10-09T04:37:25Z
2025-12-04,SFG,9.82,9.82,9.82,9.82,100,KBS,2026-10-09T04:37:25Z
2025-12-05,SFG,9.82,9.82,9.82,9.82,100,KBS,2026-10-09T04:37:25Z
2025-12-08,SFG,9.78,9.78,9.54,9.73,2700,KBS,2026-10-09T04:37:25Z
2025-12-09,SFG,9.54,9.68,9.54,9.68,200,KBS,2026-10-09T04:37:25Z
2025-12-10,SFG,9.78,9.78,9.54,9.68,2900,KBS,2026-10-09T04:37:25Z
2025-12-11,SFG,9.54,9.68,9.54,9.68,2400,KBS,2026-10-09T04:37:25Z
2025-12-15,SFG,9.54,9.54,9.54,9.54,4300,KBS,2026-10-09T04:37:25Z
2025-12-16,SFG,9.54,9.59,9.54,9.54,2800,KBS,2026-10-09T04:37:25Z
2025-12-17,SFG,9.92,9.92,9.92,9.92,100,KBS,2026-10-09T04:37:25Z
2025-12-19,SFG,9.54,9.78,9.54,9.78,2000,KBS,2026-10-09T04:37:25Z
2025-12-22,SFG,9.78,9.82,9.78,9.82,300,KBS,2026-10-09T04:37:25Z
2025-12-24,SFG,9.59,9.68,9.59,9.68,300,KBS,2026-10-09T04:37:25Z
2025-12-25,SFG,9.54,9.73,9.54,9.73,200,KBS,2026-10-09T04:37:25Z
2025-12-26,SFG,9.73,9.73,9.54,9.54,300,KBS,2026-10-09T04:37:25Z
2025-12-29,SFG,9.82,9.82,9.82,9.82,100,KBS,2026-10-09T04:37:25Z
2025-12-30,SFG,9.73,9.92,9.73,9.92,10600,KBS,2026-10-09T04:37:25Z
2026-01-06,SFG,9.46,9.78,9.46,9.78,400,KBS,2026-10-09T04:37:25Z
2026-01-08,SFG,9.87,9.87,9.54,9.73,800,KBS,2026-10-09T04:37:25Z
2026-01-09,SFG,9.82,9.82,9.54,9.68,2300,KBS,2026-10-09T04:37:25Z
2026-01-12,SFG,9.68,9.73,9.68,9.68,2100,KBS,2026-10-09T04:37:25Z
2026-01-13,SFG,9.68,9.87,9.68,9.87,800,KBS,2026-10-09T04:37:25Z
2026-01-14,SFG,9.68,9.87,9.5,9.87,3200,KBS,2026-10-09T04:37:25Z
2026-01-15,SFG,9.59,9.92,9.59,9.92,3900,KBS,2026-10-09T04:37:25Z
2026-01-16,SFG,9.97,9.97,9.64,9.64,700,KBS,2026-10-09T04:37:25Z
2026-01-19,SFG,9.54,9.87,9.54,9.87,200,KBS,2026-10-09T04:37:25Z
2026-01-20,SFG,9.59,9.87,9.19,9.87,2300,KBS,2026-10-09T04:37:25Z
2026-01-21,SFG,9.54,9.64,9.25,9.49,12100,KBS,2026-10-09T04:37:25Z
2026-01-22,SFG,9.54,9.68,9.54,9.54,9200,KBS,2026-10-09T04:37:25Z
2026-01-23,SFG,9.82,9.87,9.78,9.87,1700,KBS,2026-10-09T04:37:25Z
2026-01-29,SFG,9.73,9.73,9.68,9.73,700,KBS,2026-10-09T04:37:25Z
2026-01-30,SFG,9.64,9.64,9.64,9.64,100,KBS,2026-10-09T04:37:25Z
2026-02-02,SFG,9.64,9.64,9.54,9.54,1400,KBS,2026-10-09T04:37:25Z
2026-02-03,SFG,9.78,9.78,9.78,9.78,200,KBS,2026-10-09T04:37:25Z
2026-02-05,SFG,9.54,9.54,9.54,9.54,1100,KBS,2026-10-09T04:37:25Z
2026-02-06,SFG,9.54,9.54,9.54,9.54,2200,KBS,2026-10-09T04:37:25Z
2026-02-09,SFG,9.87,9.87,9.87,9.87,100,KBS,2026-10-09T04:37:25Z
2026-02-11,SFG,9.36,9.82,9.36,9.82,400,KBS,2026-10-09T04:37:25Z
2026-02-13,SFG,10.02,10.02,9.82,9.92,700,KBS,2026-10-09T04:37:25Z
2026-02-23,SFG,9.97,9.97,9.97,9.97,100,KBS,2026-10-09T04:37:25Z
2026-02-25,SFG,9.87,9.87,9.87,9.87,100,KBS,2026-10-09T04:37:25Z
2026-02-26,SFG,9.97,9.97,9.97,9.97,5800,KBS,2026-10-09T04:37:25Z
2026-02-27,SFG,10.02,10.06,9.97,10.06,5600,KBS,2026-10-09T04:37:25Z
2026-03-02,SFG,10.49,10.73,10.06,10.73,56500,KBS,2026-10-09T04:37:25Z
2026-03-03,SFG,11.45,11.45,11.06,11.45,96700,KBS,2026-10-09T04:37:25Z
2026-03-04,SFG,12.12,12.12,10.73,11.21,33900,KBS,2026-10-09T04:37:25Z
2026-03-05,SFG,11.16,11.45,10.78,11.45,7600,KBS,2026-10-09T04:37:25Z
2026-03-06,SFG,11.35,11.35,10.78,10.83,5600,KBS,2026-10-09T04:37:25Z
2026-03-09,SFG,11.16,11.16,10.21,10.4,14200,KBS,2026-10-09T04:37:25Z
2026-03-10,SFG,10.88,10.88,9.82,10.68,1300,KBS,2026-10-09T04:37:25Z
2026-03-11,SFG,10.59,10.64,10.06,10.64,4300,KBS,2026-10-09T04:37:25Z
2026-03-12,SFG,10.49,10.83,10.21,10.83,6000,KBS,2026-10-09T04:37:25Z
2026-03-13,SFG,10.97,10.97,10.83,10.92,3900,KBS,2026-10-09T04:37:25Z
2026-03-16,SFG,10.73,10.73,10.16,10.73,6000,KBS,2026-10-09T04:37:25Z
2026-03-17,SFG,10.4,10.49,10.11,10.16,1800,KBS,2026-10-09T04:37:25Z
2026-03-18,SFG,10.16,10.68,10.16,10.49,2600,KBS,2026-10-09T04:37:25Z
2026-03-19,SFG,10.49,10.49,10.49,10.49,700,KBS,2026-10-09T04:37:25Z
2026-03-20,SFG,10.4,10.4,10.21,10.3,2100,KBS,2026-10-09T04:37:25Z
2026-03-23,SFG,10.02,10.35,10.02,10.02,2700,KBS,2026-10-09T04:37:25Z
2026-03-24,SFG,10.3,10.3,10.02,10.02,6000,KBS,2026-10-09T04:37:25Z
2026-03-25,SFG,10.02,10.11,9.54,10.11,15100,KBS,2026-10-09T04:37:25Z
2026-03-26,SFG,10.11,10.11,10.11,10.11,200,KBS,2026-10-09T04:37:25Z
2026-03-27,SFG,10.11,10.3,10.11,10.3,4200,KBS,2026-10-09T04:37:25Z
2026-03-30,SFG,10.97,10.97,10.3,10.3,5700,KBS,2026-10-09T04:37:25Z
2026-03-31,SFG,10.44,10.44,10.02,10.02,2000,KBS,2026-10-09T04:37:25Z
2026-04-01,SFG,10.49,10.49,10.02,10.16,5400,KBS,2026-10-09T04:37:25Z
2026-04-02,SFG,10.21,10.21,10.21,10.21,600,KBS,2026-10-09T04:37:25Z
2026-04-03,SFG,9.82,10.3,9.82,10.02,800,KBS,2026-10-09T04:37:25Z
2026-04-06,SFG,10.64,10.64,9.54,10.02,2300,KBS,2026-10-09T04:37:25Z
2026-04-07,SFG,10.02,10.02,10.02,10.02,500,KBS,2026-10-09T04:37:25Z
2026-04-08,SFG,10.02,10.02,10.02,10.02,5100,KBS,2026-10-09T04:37:25Z
2026-04-09,SFG,10.02,10.11,9.82,9.82,2700,KBS,2026-10-09T04:37:25Z
2026-04-10,SFG,10.44,10.44,9.92,10.4,5800,KBS,2026-10-09T04:37:25Z
2026-04-13,SFG,10.3,10.3,9.82,10.3,2900,KBS,2026-10-09T04:37:25Z
2026-04-14,SFG,10.4,10.4,10.35,10.4,2900,KBS,2026-10-09T04:37:25Z
2026-04-16,SFG,10.4,10.78,10.4,10.49,6000,KBS,2026-10-09T04:37:25Z
2026-04-17,SFG,10.49,10.49,10.11,10.11,2000,KBS,2026-10-09T04:37:25Z
2026-04-20,SFG,10.11,10.59,10.11,10.49,12800,KBS,2026-10-09T04:37:25Z
2026-04-21,SFG,10.49,10.49,10.11,10.11,3500,KBS,2026-10-09T04:37:25Z
2026-04-22,SFG,10.73,10.73,10.3,10.44,7400,KBS,2026-10-09T04:37:25Z
2026-04-23,SFG,10.44,10.44,10.44,10.44,100,KBS,2026-10-09T04:37:25Z
2026-04-24,SFG,10.44,10.49,10.06,10.44,15000,KBS,2026-10-09T04:37:25Z
2026-04-28,SFG,10.11,10.49,10.11,10.49,13600,KBS,2026-10-09T04:37:25Z
2026-04-29,SFG,10.44,10.44,10.11,10.44,600,KBS,2026-10-09T04:37:25Z
2026-05-04,SFG,10.49,10.59,9.92,10.35,4500,KBS,2026-10-09T04:37:25Z
2026-05-05,SFG,10.35,10.49,10.35,10.49,2800,KBS,2026-10-09T04:37:25Z
2026-05-06,SFG,10.49,10.49,10.49,10.49,1800,KBS,2026-10-09T04:37:25Z
2026-05-07,SFG,10.02,10.54,10.02,10.54,3900,KBS,2026-10-09T04:37:25Z
2026-05-08,SFG,10.49,10.49,10.49,10.49,4200,KBS,2026-10-09T04:37:25Z
2026-05-11,SFG,10.49,10.49,10.49,10.49,10000,KBS,2026-10-09T04:37:25Z
2026-05-12,SFG,10.49,10.49,10.49,10.49,15800,KBS,2026-10-09T04:37:25Z
2026-05-13,SFG,10.3,10.49,10.21,10.49,1300,KBS,2026-10-09T04:37:25Z
2026-05-14,SFG,10.21,10.49,10.21,10.49,3300,KBS,2026-10-09T04:37:25Z
2026-05-15,SFG,10.49,10.49,10.11,10.21,6000,KBS,2026-10-09T04:37:25Z
2026-05-18,SFG,10.21,10.21,10.02,10.21,3300,KBS,2026-10-09T04:37:25Z
2026-05-19,SFG,10.11,10.11,10.11,10.11,100,KBS,2026-10-09T04:37:25Z
2026-05-20,SFG,10.11,10.35,10.02,10.35,1800,KBS,2026-10-09T04:37:25Z
2026-05-21,SFG,10.4,10.4,10.02,10.35,3400,KBS,2026-10-09T04:37:25Z
2026-05-22,SFG,9.82,10.3,9.82,10.26,3300,KBS,2026-10-09T04:37:25Z
2026-05-25,SFG,10.35,10.35,10.35,10.35,100,KBS,2026-10-09T04:37:25Z
2026-05-26,SFG,10.02,10.02,9.87,10.02,1400,KBS,2026-10-09T04:37:25Z
2026-05-27,SFG,10.02,10.06,10.02,10.06,600,KBS,2026-10-09T04:37:25Z
2026-05-29,SFG,10.21,10.21,10.21,10.21,100,KBS,2026-10-09T04:37:25Z
2026-06-02,SFG,10.21,10.21,10.21,10.21,100,KBS,2026-10-09T04:37:25Z
2026-06-03,SFG,9.92,9.92,9.82,9.82,1000,KBS,2026-10-09T04:37:25Z
2026-06-04,SFG,9.87,9.87,9.87,9.87,700,KBS,2026-10-09T04:37:25Z
2026-06-05,SFG,9.92,9.97,9.92,9.97,2400,KBS,2026-10-09T04:37:25Z
2026-06-08,SFG,9.97,9.97,9.92,9.92,200,KBS,2026-10-09T04:37:25Z
2026-06-09,SFG,10.21,10.21,10.21,10.21,200,KBS,2026-10-09T04:37:25Z
2026-06-10,SFG,10.44,10.44,10.35,10.4,20800,KBS,2026-10-09T04:37:25Z
2026-06-11,SFG,10.4,10.4,10.3,10.3,2900,KBS,2026-10-09T04:37:25Z
2026-06-12,SFG,10.44,10.44,10.3,10.44,5500,KBS,2026-10-09T04:37:25Z
2026-06-15,SFG,10.4,10.44,10.4,10.44,500,KBS,2026-10-09T04:37:25Z
2026-06-16,SFG,10.3,10.44,10.3,10.44,1400,KBS,2026-10-09T04:37:25Z
2026-06-17,SFG,10.44,10.44,10.44,10.44,400,KBS,2026-10-09T04:37:25Z
2026-06-18,SFG,9.82,9.82,9.82,9.82,400,KBS,2026-10-09T04:37:25Z
2026-06-19,SFG,10.26,10.35,10.26,10.35,1000,KBS,2026-10-09T04:37:25Z
2026-06-22,SFG,9.92,10.35,9.92,10.3,700,KBS,2026-10-09T04:37:25Z
2026-06-23,SFG,10.3,10.3,10.3,10.3,500,KBS,2026-10-09T04:37:25Z
2026-06-25,SFG,10.21,10.21,10.21,10.21,400,KBS,2026-10-09T04:37:25Z
2026-06-26,SFG,10.21,10.21,10.21,10.21,600,KBS,2026-10-09T04:37:25Z
2026-06-29,SFG,10.4,10.4,10.4,10.4,100,KBS,2026-10-09T04:37:25Z
2026-07-01,SFG,10.4,10.4,10.4,10.4,300,KBS,2026-10-09T04:37:25Z
2026-07-06,SFG,9.92,9.92,9.78,9.78,1100,KBS,2026-10-09T04:37:25Z
2026-07-07,SFG,10.35,10.35,10.35,10.35,100,KBS,2026-10-09T04:37:25Z
2026-07-08,SFG,10.21,10.21,10.21,10.21,200,KBS,2026-10-09T04:37:25Z
2026-07-10,SFG,10.16,10.21,10.16,10.21,500,KBS,2026-10-09T04:37:25Z
2026-07-15,SFG,9.78,10.21,9.78,10.21,300,KBS,2026-10-09T04:37:25Z
2026-07-16,SFG,10.02,10.02,10.02,10.02,6300,KBS,2026-10-09T04:37:25Z
2026-07-17,SFG,10.4,10.4,10.26,10.26,200,KBS,2026-10-09T04:37:25Z
2026-07-20,SFG,10.26,10.26,9.78,9.78,600,KBS,2026-10-09T04:37:25Z
2026-07-21,SFG,10.4,10.4,10.35,10.35,500,KBS,2026-10-09T04:37:25Z
2026-07-22,SFG,10.35,10.4,10.3,10.35,1000,KBS,2026-10-09T04:37:25Z
2026-07-23,SFG,10.25,11.05,10.25,10.95,900,KBS,2026-10-09T04:37:25Z
2026-07-27,SFG,10.5,10.5,10.5,10.5,100,KBS,2026-10-09T04:37:25Z
2026-07-28,SFG,10.5,10.85,10.5,10.85,200,KBS,2026-10-09T04:37:25Z
2026-07-30,SFG,10.7,10.7,10.7,10.7,100,KBS,2026-10-09T04:37:25Z
2026-07-31,SFG,10.9,10.9,10.9,10.9,100,KBS,2026-10-09T04:37:25Z
2026-08-03,SFG,10.3,10.85,10.25,10.85,1500,KBS,2026-10-09T04:37:25Z
2026-08-05,SFG,10.5,10.85,10.15,10.8,1800,KBS,2026-10-09T04:37:25Z
2026-08-10,SFG,10.75,10.8,10.75,10.8,600,KBS,2026-10-09T04:37:25Z
2026-08-13,SFG,10.15,10.15,10.15,10.15,100,KBS,2026-10-09T04:37:25Z
2026-08-14,SFG,10.8,10.8,10.8,10.8,100,KBS,2026-10-09T04:37:25Z
2026-08-17,SFG,10.3,10.3,10.3,10.3,100,KBS,2026-10-09T04:37:25Z
2026-08-18,SFG,10.75,10.75,10.75,10.75,100,KBS,2026-10-09T04:37:25Z
2026-08-19,SFG,10.6,10.6,10.2,10.2,600,KBS,2026-10-09T04:37:25Z
2026-08-20,SFG,10.65,10.65,10.65,10.65,100,KBS,2026-10-09T04:37:25Z
2026-08-21,SFG,10.05,10.6,10.05,10.6,900,KBS,2026-10-09T04:37:25Z
2026-08-24,SFG,10.3,10.55,10.3,10.5,1500,KBS,2026-10-09T04:37:25Z
2026-08-26,SFG,9.86,10.6,9.86,10.6,400,KBS,2026-10-09T04:37:25Z
2026-08-27,SFG,10.55,10.55,10.55,10.55,100,KBS,2026-10-09T04:37:25Z
2026-09-03,SFG,10.15,10.3,10.15,10.3,500,KBS,2026-10-09T04:37:25Z
2026-09-04,SFG,10.3,10.3,10.3,10.3,4200,KBS,2026-10-09T04:37:25Z
2026-09-08,SFG,10.45,11.0,10.45,10.75,300,KBS,2026-10-09T04:37:25Z
2026-09-11,SFG,10.5,10.5,10.5,10.5,100,KBS,2026-10-09T04:37:25Z
2026-09-14,SFG,10.9,10.9,10.05,10.05,2300,KBS,2026-10-09T04:37:25Z
2026-09-15,SFG,10.65,10.65,9.9,10.35,1200,KBS,2026-10-09T04:37:25Z
2026-09-16,SFG,10.7,10.7,10.0,10.0,4600,KBS,2026-10-09T04:37:25Z
2026-09-17,SFG,10.6,10.6,10.5,10.5,300,KBS,2026-10-09T04:37:25Z
2026-09-21,SFG,9.95,10.4,9.95,10.4,8500,KBS,2026-10-09T04:37:25Z
2026-09-22,SFG,10.4,10.4,10.4,10.4,100,KBS,2026-10-09T04:37:25Z
2026-09-24,SFG,10.95,10.95,9.69,10.5,2600,KBS,2026-10-09T04:37:25Z
2026-09-25,SFG,10.45,10.45,10.45,10.45,200,KBS,2026-10-09T04:37:25Z
2026-09-28,SFG,10.0,10.0,10.0,10.0,1000,KBS,2026-10-09T04:37:25Z
2026-09-29,SFG,10.6,10.6,9.9,10.45,2100,KBS,2026-10-09T04:37:25Z
2026-10-08,SFG,10.35,10.35,10.35,10.35,900,KBS,2026-10-09T04:37:25Z
2026-10-09,SFG,10.3,10.3,10.3,10.3,100,KBS,2026-10-09T04:37:25Z
