date,symbol,open,high,low,close,volume,source,fetched_at
2018-10-10,SFI,8.4,8.88,8.29,8.29,3220,KBS,2026-10-09T04:37:28Z
2018-10-11,SFI,8.8,8.8,8.8,8.8,760,KBS,2026-10-09T04:37:28Z
2018-10-12,SFI,8.4,8.83,8.26,8.67,3250,KBS,2026-10-09T04:37:28Z
2018-10-15,SFI,8.84,8.84,8.46,8.65,3260,KBS,2026-10-09T04:37:28Z
2018-10-16,SFI,9.16,9.16,8.3,8.65,1150,KBS,2026-10-09T04:37:28Z
2018-10-17,SFI,8.38,8.65,8.13,8.37,1590,KBS,2026-10-09T04:37:28Z
2018-10-18,SFI,8.16,8.56,8.16,8.24,3460,KBS,2026-10-09T04:37:28Z
2018-10-19,SFI,7.67,8.4,7.67,8.29,600,KBS,2026-10-09T04:37:28Z
2018-10-22,SFI,8.43,8.43,7.84,8.08,1890,KBS,2026-10-09T04:37:28Z
2018-10-23,SFI,8.43,8.43,8.08,8.35,1540,KBS,2026-10-09T04:37:28Z
2018-10-24,SFI,8.53,8.53,8.53,8.53,2000,KBS,2026-10-09T04:37:28Z
2018-10-25,SFI,8.43,8.46,8.11,8.11,600,KBS,2026-10-09T04:37:28Z
2018-10-26,SFI,8.24,8.24,8.24,8.24,510,KBS,2026-10-09T04:37:28Z
2018-10-29,SFI,8.22,8.24,8.22,8.24,510,KBS,2026-10-09T04:37:28Z
2018-10-30,SFI,8.3,8.56,8.3,8.53,2800,KBS,2026-10-09T04:37:28Z
2018-10-31,SFI,8.7,9.02,8.7,8.89,1680,KBS,2026-10-09T04:37:28Z
2018-11-01,SFI,9.08,9.08,8.34,8.89,1070,KBS,2026-10-09T04:37:28Z
2018-11-02,SFI,9.0,9.0,9.0,9.0,20,KBS,2026-10-09T04:37:28Z
2018-11-05,SFI,9.24,9.24,9.0,9.0,70,KBS,2026-10-09T04:37:28Z
2018-11-06,SFI,9.0,9.0,9.0,9.0,200,KBS,2026-10-09T04:37:28Z
2018-11-07,SFI,9.0,9.0,8.45,8.97,180,KBS,2026-10-09T04:37:28Z
2018-11-08,SFI,9.11,9.51,8.94,8.94,360,KBS,2026-10-09T04:37:28Z
2018-11-09,SFI,9.13,9.13,8.41,8.92,2190,KBS,2026-10-09T04:37:28Z
2018-11-12,SFI,8.43,8.43,8.43,8.43,430,KBS,2026-10-09T04:37:28Z
2018-11-13,SFI,8.97,8.97,8.35,8.84,700,KBS,2026-10-09T04:37:28Z
2018-11-14,SFI,8.34,8.81,8.32,8.76,5860,KBS,2026-10-09T04:37:28Z
2018-11-15,SFI,8.84,9.0,8.84,9.0,600,KBS,2026-10-09T04:37:28Z
2018-11-16,SFI,8.68,8.68,8.68,8.68,210,KBS,2026-10-09T04:37:28Z
2018-11-19,SFI,8.88,8.88,8.38,8.81,1340,KBS,2026-10-09T04:37:28Z
2018-11-20,SFI,8.81,8.81,8.81,8.81,300,KBS,2026-10-09T04:37:28Z
2018-11-21,SFI,8.59,9.03,8.59,9.03,1230,KBS,2026-10-09T04:37:28Z
2018-11-22,SFI,8.72,8.78,8.56,8.56,2510,KBS,2026-10-09T04:37:28Z
2018-11-23,SFI,8.56,9.03,8.32,9.02,7250,KBS,2026-10-09T04:37:28Z
2018-11-26,SFI,8.72,8.72,8.72,8.72,360,KBS,2026-10-09T04:37:28Z
2018-11-27,SFI,8.81,8.81,8.81,8.81,1010,KBS,2026-10-09T04:37:28Z
2018-11-28,SFI,8.81,9.03,8.81,9.03,1340,KBS,2026-10-09T04:37:28Z
2018-11-29,SFI,9.03,9.03,8.49,8.95,8710,KBS,2026-10-09T04:37:28Z
2018-11-30,SFI,8.57,9.03,8.56,9.03,6870,KBS,2026-10-09T04:37:28Z
2018-12-03,SFI,9.03,9.03,9.03,9.03,50,KBS,2026-10-09T04:37:28Z
2018-12-04,SFI,9.03,9.03,9.03,9.03,500,KBS,2026-10-09T04:37:28Z
2018-12-05,SFI,8.76,8.97,8.51,8.97,26130,KBS,2026-10-09T04:37:28Z
2018-12-06,SFI,8.97,8.97,8.97,8.97,450,KBS,2026-10-09T04:37:28Z
2018-12-07,SFI,8.73,8.97,8.72,8.97,5640,KBS,2026-10-09T04:37:28Z
2018-12-10,SFI,8.97,8.97,8.97,8.97,400,KBS,2026-10-09T04:37:28Z
2018-12-11,SFI,8.97,8.97,8.97,8.97,100,KBS,2026-10-09T04:37:28Z
2018-12-12,SFI,8.88,8.88,8.56,8.88,3790,KBS,2026-10-09T04:37:28Z
2018-12-13,SFI,8.56,8.86,8.56,8.86,1690,KBS,2026-10-09T04:37:28Z
2018-12-14,SFI,8.97,8.97,8.97,8.97,110,KBS,2026-10-09T04:37:28Z
2018-12-17,SFI,8.51,8.86,8.37,8.84,2970,KBS,2026-10-09T04:37:28Z
2018-12-18,SFI,8.56,8.56,8.56,8.56,30000,KBS,2026-10-09T04:37:28Z
2018-12-19,SFI,8.88,8.88,8.24,8.24,3350,KBS,2026-10-09T04:37:28Z
2018-12-20,SFI,8.56,8.56,8.56,8.56,240,KBS,2026-10-09T04:37:28Z
2018-12-21,SFI,8.68,8.68,8.3,8.3,890,KBS,2026-10-09T04:37:28Z
2018-12-24,SFI,8.54,8.54,8.27,8.49,1530,KBS,2026-10-09T04:37:28Z
2018-12-25,SFI,8.49,8.49,8.49,8.49,400,KBS,2026-10-09T04:37:28Z
2018-12-26,SFI,8.53,8.53,8.53,8.53,90,KBS,2026-10-09T04:37:28Z
2018-12-27,SFI,8.4,8.49,8.1,8.49,2170,KBS,2026-10-09T04:37:28Z
2018-12-28,SFI,8.49,8.49,8.49,8.49,530,KBS,2026-10-09T04:37:28Z
2019-01-02,SFI,8.26,8.46,8.24,8.46,7390,KBS,2026-10-09T04:37:28Z
2019-01-03,SFI,8.75,8.75,8.75,8.75,410,KBS,2026-10-09T04:37:28Z
2019-01-04,SFI,8.27,8.49,8.27,8.49,2030,KBS,2026-10-09T04:37:28Z
2019-01-07,SFI,8.08,8.46,8.08,8.4,100,KBS,2026-10-09T04:37:28Z
2019-01-08,SFI,8.62,8.62,8.62,8.62,110,KBS,2026-10-09T04:37:28Z
2019-01-09,SFI,8.48,8.62,8.48,8.62,4650,KBS,2026-10-09T04:37:28Z
2019-01-10,SFI,8.68,8.75,8.68,8.75,480,KBS,2026-10-09T04:37:28Z
2019-01-11,SFI,8.75,8.75,8.75,8.75,500,KBS,2026-10-09T04:37:28Z
2019-01-14,SFI,8.75,8.88,8.75,8.88,820,KBS,2026-10-09T04:37:28Z
2019-01-15,SFI,9.13,9.13,9.13,9.13,640,KBS,2026-10-09T04:37:28Z
2019-01-16,SFI,8.56,9.0,8.56,9.0,710,KBS,2026-10-09T04:37:28Z
2019-01-17,SFI,8.51,8.99,8.38,8.38,3130,KBS,2026-10-09T04:37:28Z
2019-01-18,SFI,8.81,8.81,8.81,8.81,310,KBS,2026-10-09T04:37:28Z
2019-01-21,SFI,8.21,8.21,8.21,8.21,2060,KBS,2026-10-09T04:37:28Z
2019-01-22,SFI,8.45,8.49,8.24,8.24,420,KBS,2026-10-09T04:37:28Z
2019-01-23,SFI,8.45,8.45,8.45,8.45,320,KBS,2026-10-09T04:37:28Z
2019-01-24,SFI,8.54,8.68,8.1,8.48,370,KBS,2026-10-09T04:37:28Z
2019-01-25,SFI,8.48,8.48,8.48,8.48,300,KBS,2026-10-09T04:37:28Z
2019-01-28,SFI,8.38,8.38,8.38,8.38,300,KBS,2026-10-09T04:37:28Z
2019-01-29,SFI,8.4,8.7,8.4,8.56,2510,KBS,2026-10-09T04:37:28Z
2019-01-30,SFI,8.81,9.03,8.81,8.88,1390,KBS,2026-10-09T04:37:28Z
2019-01-31,SFI,8.53,9.06,8.53,9.06,20,KBS,2026-10-09T04:37:28Z
2019-02-01,SFI,9.06,9.06,9.06,9.06,50,KBS,2026-10-09T04:37:28Z
2019-02-11,SFI,9.06,9.06,9.06,9.06,50,KBS,2026-10-09T04:37:28Z
2019-02-12,SFI,9.06,9.06,9.06,9.06,50,KBS,2026-10-09T04:37:28Z
2019-02-13,SFI,8.88,8.88,8.88,8.88,1200,KBS,2026-10-09T04:37:28Z
2019-02-14,SFI,8.88,8.97,8.88,8.97,2190,KBS,2026-10-09T04:37:28Z
2019-02-15,SFI,8.97,9.03,8.97,9.03,1730,KBS,2026-10-09T04:37:28Z
2019-02-18,SFI,9.03,9.35,9.03,9.35,3820,KBS,2026-10-09T04:37:28Z
2019-02-19,SFI,9.35,9.35,9.35,9.35,150,KBS,2026-10-09T04:37:28Z
2019-02-20,SFI,9.35,9.35,9.35,9.35,1600,KBS,2026-10-09T04:37:28Z
2019-02-21,SFI,8.88,9.13,8.88,9.13,3020,KBS,2026-10-09T04:37:28Z
2019-02-22,SFI,8.88,9.02,8.88,9.02,3140,KBS,2026-10-09T04:37:28Z
2019-02-25,SFI,8.88,9.02,8.88,9.02,330,KBS,2026-10-09T04:37:28Z
2019-02-26,SFI,8.75,8.88,8.72,8.88,1270,KBS,2026-10-09T04:37:28Z
2019-02-27,SFI,9.13,9.13,9.13,9.13,80,KBS,2026-10-09T04:37:28Z
2019-02-28,SFI,9.19,9.19,9.08,9.14,350,KBS,2026-10-09T04:37:28Z
2019-03-01,SFI,8.72,8.72,8.72,8.72,4510,KBS,2026-10-09T04:37:28Z
2019-03-04,SFI,8.7,8.72,8.7,8.72,70,KBS,2026-10-09T04:37:28Z
2019-03-05,SFI,8.49,8.49,8.49,8.49,10,KBS,2026-10-09T04:37:28Z
2019-03-06,SFI,8.7,8.7,8.7,8.7,20,KBS,2026-10-09T04:37:28Z
2019-03-07,SFI,8.86,9.11,8.56,8.7,5450,KBS,2026-10-09T04:37:28Z
2019-03-08,SFI,8.7,8.7,8.7,8.7,100,KBS,2026-10-09T04:37:28Z
2019-03-11,SFI,8.56,8.64,8.56,8.64,15030,KBS,2026-10-09T04:37:28Z
2019-03-12,SFI,8.54,8.54,8.54,8.54,300,KBS,2026-10-09T04:37:28Z
2019-03-13,SFI,8.59,8.81,8.49,8.68,43340,KBS,2026-10-09T04:37:28Z
2019-03-14,SFI,8.78,8.78,8.78,8.78,380,KBS,2026-10-09T04:37:28Z
2019-03-15,SFI,8.88,8.88,8.56,8.59,2890,KBS,2026-10-09T04:37:28Z
2019-03-18,SFI,9.16,9.16,8.81,8.81,380,KBS,2026-10-09T04:37:28Z
2019-03-19,SFI,8.56,8.86,8.56,8.86,2130,KBS,2026-10-09T04:37:28Z
2019-03-20,SFI,8.59,8.86,8.56,8.68,6790,KBS,2026-10-09T04:37:28Z
2019-03-21,SFI,8.56,8.86,8.53,8.86,8120,KBS,2026-10-09T04:37:28Z
2019-03-22,SFI,8.56,8.86,8.56,8.86,13400,KBS,2026-10-09T04:37:28Z
2019-03-25,SFI,8.86,8.86,8.86,8.86,110,KBS,2026-10-09T04:37:28Z
2019-03-26,SFI,8.53,8.7,8.49,8.59,1050,KBS,2026-10-09T04:37:28Z
2019-03-27,SFI,8.7,8.7,8.7,8.7,430,KBS,2026-10-09T04:37:28Z
2019-03-28,SFI,8.46,8.68,8.24,8.68,5660,KBS,2026-10-09T04:37:28Z
2019-03-29,SFI,8.53,8.64,8.53,8.64,2530,KBS,2026-10-09T04:37:28Z
2019-04-01,SFI,8.49,8.49,8.49,8.49,10,KBS,2026-10-09T04:37:28Z
2019-04-02,SFI,8.72,8.8,8.54,8.54,160,KBS,2026-10-09T04:37:28Z
2019-04-03,SFI,8.54,8.56,8.49,8.49,18020,KBS,2026-10-09T04:37:28Z
2019-04-04,SFI,8.62,8.62,8.49,8.62,540,KBS,2026-10-09T04:37:28Z
2019-04-05,SFI,8.62,8.62,8.62,8.62,40,KBS,2026-10-09T04:37:28Z
2019-04-08,SFI,8.72,8.72,8.72,8.72,210,KBS,2026-10-09T04:37:28Z
2019-04-09,SFI,8.78,9.03,8.78,9.03,590,KBS,2026-10-09T04:37:28Z
2019-04-10,SFI,8.54,8.72,8.53,8.72,700,KBS,2026-10-09T04:37:28Z
2019-04-11,SFI,8.72,8.72,8.72,8.72,100,KBS,2026-10-09T04:37:28Z
2019-04-12,SFI,8.56,8.72,8.56,8.72,690,KBS,2026-10-09T04:37:28Z
2019-04-16,SFI,8.72,8.78,8.72,8.78,160,KBS,2026-10-09T04:37:28Z
2019-04-17,SFI,8.78,8.78,8.78,8.78,120,KBS,2026-10-09T04:37:28Z
2019-04-18,SFI,8.49,8.76,8.49,8.76,5110,KBS,2026-10-09T04:37:28Z
2019-04-19,SFI,8.51,8.62,8.51,8.62,5000,KBS,2026-10-09T04:37:28Z
2019-04-22,SFI,8.62,8.62,8.62,8.62,90,KBS,2026-10-09T04:37:28Z
2019-04-23,SFI,8.62,8.62,8.62,8.62,130,KBS,2026-10-09T04:37:28Z
2019-04-24,SFI,8.4,8.62,8.02,8.62,7170,KBS,2026-10-09T04:37:28Z
2019-04-25,SFI,8.62,8.62,8.62,8.62,170,KBS,2026-10-09T04:37:28Z
2019-04-26,SFI,8.59,8.59,8.59,8.59,280,KBS,2026-10-09T04:37:28Z
2019-05-02,SFI,8.59,8.84,8.24,8.84,3220,KBS,2026-10-09T04:37:28Z
2019-05-03,SFI,8.81,8.81,8.56,8.62,370,KBS,2026-10-09T04:37:28Z
2019-05-06,SFI,8.65,8.78,8.65,8.78,470,KBS,2026-10-09T04:37:28Z
2019-05-07,SFI,8.3,8.3,8.3,8.3,260,KBS,2026-10-09T04:37:28Z
2019-05-08,SFI,8.48,8.72,8.48,8.54,280,KBS,2026-10-09T04:37:28Z
2019-05-09,SFI,8.67,8.67,8.24,8.37,2250,KBS,2026-10-09T04:37:28Z
2019-05-10,SFI,8.53,8.53,8.53,8.53,240,KBS,2026-10-09T04:37:28Z
2019-05-13,SFI,8.53,8.53,8.53,8.53,180,KBS,2026-10-09T04:37:28Z
2019-05-14,SFI,8.27,8.45,8.24,8.37,940,KBS,2026-10-09T04:37:28Z
2019-05-15,SFI,8.83,8.83,8.4,8.78,7080,KBS,2026-10-09T04:37:28Z
2019-05-16,SFI,8.78,8.78,8.78,8.78,50,KBS,2026-10-09T04:37:28Z
2019-05-17,SFI,8.78,8.78,8.78,8.78,550,KBS,2026-10-09T04:37:28Z
2019-05-20,SFI,8.26,8.65,8.24,8.65,7790,KBS,2026-10-09T04:37:28Z
2019-05-21,SFI,8.65,8.65,8.65,8.65,110,KBS,2026-10-09T04:37:28Z
2019-05-22,SFI,8.6,8.6,8.24,8.6,590,KBS,2026-10-09T04:37:28Z
2019-05-23,SFI,8.37,8.48,8.34,8.34,220,KBS,2026-10-09T04:37:28Z
2019-05-24,SFI,8.37,8.51,8.24,8.48,5510,KBS,2026-10-09T04:37:28Z
2019-05-27,SFI,7.99,8.53,7.99,8.4,690,KBS,2026-10-09T04:37:28Z
2019-05-28,SFI,8.51,8.51,8.34,8.45,190,KBS,2026-10-09T04:37:28Z
2019-05-29,SFI,8.34,8.37,8.34,8.37,750,KBS,2026-10-09T04:37:28Z
2019-05-30,SFI,8.32,8.35,8.24,8.35,1790,KBS,2026-10-09T04:37:28Z
2019-05-31,SFI,8.05,8.48,8.05,8.38,930,KBS,2026-10-09T04:37:28Z
2019-06-03,SFI,8.43,8.56,8.43,8.56,33500,KBS,2026-10-09T04:37:28Z
2019-06-04,SFI,8.56,8.56,8.56,8.56,390,KBS,2026-10-09T04:37:28Z
2019-06-05,SFI,8.08,8.56,8.08,8.56,2480,KBS,2026-10-09T04:37:28Z
2019-06-06,SFI,8.88,8.88,8.72,8.72,200,KBS,2026-10-09T04:37:28Z
2019-06-07,SFI,8.88,8.88,8.72,8.72,390,KBS,2026-10-09T04:37:28Z
2019-06-11,SFI,8.56,8.68,8.56,8.68,4320,KBS,2026-10-09T04:37:28Z
2019-06-12,SFI,8.88,8.88,8.88,8.88,80,KBS,2026-10-09T04:37:28Z
2019-06-13,SFI,8.72,8.72,8.72,8.72,230,KBS,2026-10-09T04:37:28Z
2019-06-14,SFI,8.72,8.84,8.72,8.84,330,KBS,2026-10-09T04:37:28Z
2019-06-17,SFI,8.41,8.84,8.41,8.56,410,KBS,2026-10-09T04:37:28Z
2019-06-18,SFI,8.83,8.83,8.83,8.83,80,KBS,2026-10-09T04:37:28Z
2019-06-19,SFI,8.83,8.83,8.83,8.83,50,KBS,2026-10-09T04:37:28Z
2019-06-20,SFI,8.72,8.72,8.72,8.72,1100,KBS,2026-10-09T04:37:28Z
2019-06-21,SFI,8.72,8.72,8.72,8.72,70,KBS,2026-10-09T04:37:28Z
2019-06-24,SFI,8.72,8.72,8.72,8.72,80,KBS,2026-10-09T04:37:28Z
2019-06-25,SFI,8.15,8.72,8.15,8.72,3970,KBS,2026-10-09T04:37:28Z
2019-06-26,SFI,8.27,8.27,8.27,8.27,270,KBS,2026-10-09T04:37:28Z
2019-06-27,SFI,8.83,8.83,8.81,8.81,40,KBS,2026-10-09T04:37:28Z
2019-06-28,SFI,8.81,8.81,8.35,8.81,2060,KBS,2026-10-09T04:37:28Z
2019-07-01,SFI,8.37,8.72,8.35,8.72,700,KBS,2026-10-09T04:37:28Z
2019-07-02,SFI,8.83,8.83,8.72,8.72,200,KBS,2026-10-09T04:37:28Z
2019-07-03,SFI,8.8,8.8,8.72,8.72,170,KBS,2026-10-09T04:37:28Z
2019-07-04,SFI,8.7,8.72,8.57,8.72,4850,KBS,2026-10-09T04:37:28Z
2019-07-05,SFI,8.59,8.72,8.57,8.72,150,KBS,2026-10-09T04:37:28Z
2019-07-08,SFI,8.72,8.78,8.72,8.75,150,KBS,2026-10-09T04:37:28Z
2019-07-09,SFI,8.72,8.72,8.72,8.72,110,KBS,2026-10-09T04:37:28Z
2019-07-10,SFI,8.7,8.7,8.68,8.68,20,KBS,2026-10-09T04:37:28Z
2019-07-11,SFI,9.1,9.1,8.74,8.74,2110,KBS,2026-10-09T04:37:28Z
2019-07-12,SFI,9.32,9.32,8.92,9.1,1340,KBS,2026-10-09T04:37:28Z
2019-07-16,SFI,9.1,9.1,9.1,9.1,50,KBS,2026-10-09T04:37:28Z
2019-07-17,SFI,9.1,9.1,9.1,9.1,720,KBS,2026-10-09T04:37:28Z
2019-07-18,SFI,9.1,9.1,9.1,9.1,60,KBS,2026-10-09T04:37:28Z
2019-07-19,SFI,9.1,9.1,9.1,9.1,50,KBS,2026-10-09T04:37:28Z
2019-07-22,SFI,8.78,9.09,8.47,9.09,1010,KBS,2026-10-09T04:37:28Z
2019-07-23,SFI,8.54,9.1,8.54,9.09,4280,KBS,2026-10-09T04:37:28Z
2019-07-24,SFI,9.09,9.09,9.09,9.09,70,KBS,2026-10-09T04:37:28Z
2019-07-25,SFI,9.1,9.1,9.1,9.1,270,KBS,2026-10-09T04:37:28Z
2019-07-26,SFI,8.74,9.01,8.74,9.01,180,KBS,2026-10-09T04:37:28Z
2019-07-29,SFI,8.74,9.01,8.74,8.98,180,KBS,2026-10-09T04:37:28Z
2019-07-30,SFI,9.09,9.09,8.56,8.56,6960,KBS,2026-10-09T04:37:28Z
2019-07-31,SFI,9.05,9.05,9.05,9.05,310,KBS,2026-10-09T04:37:28Z
2019-08-01,SFI,8.98,8.98,8.5,8.96,1090,KBS,2026-10-09T04:37:28Z
2019-08-02,SFI,8.96,9.1,8.63,8.63,870,KBS,2026-10-09T04:37:28Z
2019-08-05,SFI,9.03,9.03,8.03,8.28,8860,KBS,2026-10-09T04:37:28Z
2019-08-06,SFI,8.74,8.74,8.74,8.74,130,KBS,2026-10-09T04:37:28Z
2019-08-07,SFI,8.74,9.07,8.28,8.28,720,KBS,2026-10-09T04:37:28Z
2019-08-08,SFI,8.74,8.85,8.06,8.79,2120,KBS,2026-10-09T04:37:28Z
2019-08-09,SFI,9.07,9.07,9.03,9.03,280,KBS,2026-10-09T04:37:28Z
2019-08-12,SFI,9.03,9.03,9.03,9.03,670,KBS,2026-10-09T04:37:28Z
2019-08-13,SFI,8.56,8.87,8.56,8.87,630,KBS,2026-10-09T04:37:28Z
2019-08-14,SFI,8.59,8.85,8.59,8.85,120,KBS,2026-10-09T04:37:28Z
2019-08-15,SFI,8.81,8.81,8.81,8.81,4820,KBS,2026-10-09T04:37:28Z
2019-08-16,SFI,8.56,8.92,8.56,8.88,5840,KBS,2026-10-09T04:37:28Z
2019-08-19,SFI,8.34,8.34,8.34,8.34,1690,KBS,2026-10-09T04:37:28Z
2019-08-20,SFI,8.88,8.88,7.76,8.78,4410,KBS,2026-10-09T04:37:28Z
2019-08-21,SFI,8.67,8.67,8.67,8.67,800,KBS,2026-10-09T04:37:28Z
2019-08-22,SFI,8.85,8.88,8.56,8.83,6050,KBS,2026-10-09T04:37:28Z
2019-08-23,SFI,8.56,8.83,8.56,8.56,57580,KBS,2026-10-09T04:37:28Z
2019-08-26,SFI,8.85,8.85,8.41,8.56,37870,KBS,2026-10-09T04:37:28Z
2019-08-27,SFI,8.74,8.74,8.74,8.74,140,KBS,2026-10-09T04:37:28Z
2019-08-28,SFI,8.72,8.74,8.56,8.74,2190,KBS,2026-10-09T04:37:28Z
2019-08-29,SFI,8.56,8.74,8.56,8.74,1550,KBS,2026-10-09T04:37:28Z
2019-08-30,SFI,8.56,9.21,8.45,9.12,7410,KBS,2026-10-09T04:37:28Z
2019-09-03,SFI,8.79,8.88,8.74,8.74,36610,KBS,2026-10-09T04:37:28Z
2019-09-04,SFI,8.67,8.67,8.67,8.67,4930,KBS,2026-10-09T04:37:28Z
2019-09-05,SFI,8.45,8.74,8.38,8.74,10050,KBS,2026-10-09T04:37:28Z
2019-09-06,SFI,8.56,8.88,8.56,8.59,870,KBS,2026-10-09T04:37:28Z
2019-09-09,SFI,8.85,8.85,8.85,8.85,180,KBS,2026-10-09T04:37:28Z
2019-09-10,SFI,8.56,8.67,8.56,8.56,580,KBS,2026-10-09T04:37:28Z
2019-09-11,SFI,8.85,8.85,8.56,8.85,4660,KBS,2026-10-09T04:37:28Z
2019-09-12,SFI,8.56,8.85,8.56,8.81,18260,KBS,2026-10-09T04:37:28Z
2019-09-13,SFI,8.57,8.74,8.57,8.74,860,KBS,2026-10-09T04:37:28Z
2019-09-16,SFI,8.88,8.88,8.56,8.76,20850,KBS,2026-10-09T04:37:28Z
2019-09-17,SFI,8.47,8.74,8.47,8.74,520,KBS,2026-10-09T04:37:28Z
2019-09-18,SFI,8.43,8.74,8.43,8.7,9090,KBS,2026-10-09T04:37:28Z
2019-09-19,SFI,8.56,8.56,8.56,8.56,30,KBS,2026-10-09T04:37:28Z
2019-09-20,SFI,8.5,8.5,8.38,8.5,4030,KBS,2026-10-09T04:37:28Z
2019-09-23,SFI,8.74,8.74,8.38,8.38,2630,KBS,2026-10-09T04:37:28Z
2019-09-24,SFI,8.68,8.7,8.1,8.7,5160,KBS,2026-10-09T04:37:28Z
2019-09-25,SFI,8.39,8.57,8.38,8.57,5310,KBS,2026-10-09T04:37:28Z
2019-09-26,SFI,8.57,8.65,8.38,8.56,11210,KBS,2026-10-09T04:37:28Z
2019-09-27,SFI,8.38,8.56,8.38,8.56,5130,KBS,2026-10-09T04:37:28Z
2019-09-30,SFI,8.57,8.7,8.38,8.7,16340,KBS,2026-10-09T04:37:28Z
2019-10-01,SFI,8.7,8.7,8.7,8.7,60,KBS,2026-10-09T04:37:28Z
2019-10-02,SFI,8.39,8.7,8.38,8.7,2060,KBS,2026-10-09T04:37:28Z
2019-10-03,SFI,8.39,8.63,8.38,8.63,890,KBS,2026-10-09T04:37:28Z
2019-10-04,SFI,8.7,8.7,8.7,8.7,560,KBS,2026-10-09T04:37:28Z
2019-10-07,SFI,8.38,8.38,8.38,8.38,8090,KBS,2026-10-09T04:37:28Z
2019-10-08,SFI,8.68,8.68,8.68,8.68,950,KBS,2026-10-09T04:37:28Z
2019-10-09,SFI,8.21,8.67,8.21,8.67,810,KBS,2026-10-09T04:37:28Z
2019-10-10,SFI,8.67,8.67,8.67,8.67,910,KBS,2026-10-09T04:37:28Z
2019-10-11,SFI,8.38,8.38,8.38,8.38,620,KBS,2026-10-09T04:37:28Z
2019-10-14,SFI,8.7,8.7,8.16,8.7,800,KBS,2026-10-09T04:37:28Z
2019-10-15,SFI,8.7,8.7,8.7,8.7,500,KBS,2026-10-09T04:37:28Z
2019-10-16,SFI,8.39,8.61,8.39,8.61,320,KBS,2026-10-09T04:37:28Z
2019-10-17,SFI,8.61,8.61,8.61,8.61,50,KBS,2026-10-09T04:37:28Z
2019-10-18,SFI,8.68,8.68,8.68,8.68,260,KBS,2026-10-09T04:37:28Z
2019-10-21,SFI,8.68,8.68,8.68,8.68,70,KBS,2026-10-09T04:37:28Z
2019-10-22,SFI,8.68,8.68,8.68,8.68,60,KBS,2026-10-09T04:37:28Z
2019-10-23,SFI,8.67,8.7,8.67,8.7,2170,KBS,2026-10-09T04:37:28Z
2019-10-24,SFI,8.56,8.7,8.56,8.56,850,KBS,2026-10-09T04:37:28Z
2019-10-25,SFI,8.67,8.67,8.56,8.56,3190,KBS,2026-10-09T04:37:28Z
2019-10-28,SFI,8.39,8.52,8.38,8.52,460,KBS,2026-10-09T04:37:28Z
2019-10-29,SFI,8.39,8.52,8.39,8.52,50,KBS,2026-10-09T04:37:28Z
2019-10-31,SFI,8.5,8.5,8.5,8.5,30,KBS,2026-10-09T04:37:28Z
2019-11-01,SFI,8.38,8.38,8.38,8.38,2120,KBS,2026-10-09T04:37:28Z
2019-11-04,SFI,8.38,8.38,8.38,8.38,2010,KBS,2026-10-09T04:37:28Z
2019-11-05,SFI,8.38,8.41,8.38,8.41,1700,KBS,2026-10-09T04:37:28Z
2019-11-06,SFI,8.67,8.67,8.67,8.67,10,KBS,2026-10-09T04:37:28Z
2019-11-07,SFI,8.41,8.56,8.41,8.56,1610,KBS,2026-10-09T04:37:28Z
2019-11-08,SFI,8.38,8.65,8.38,8.65,1350,KBS,2026-10-09T04:37:28Z
2019-11-11,SFI,8.65,8.65,8.65,8.65,50,KBS,2026-10-09T04:37:28Z
2019-11-12,SFI,8.68,8.7,8.68,8.68,880,KBS,2026-10-09T04:37:28Z
2019-11-14,SFI,8.41,8.56,8.38,8.56,1290,KBS,2026-10-09T04:37:28Z
2019-11-15,SFI,8.67,8.67,8.67,8.67,300,KBS,2026-10-09T04:37:28Z
2019-11-18,SFI,8.38,8.68,8.38,8.56,1000,KBS,2026-10-09T04:37:28Z
2019-11-19,SFI,8.56,8.56,8.56,8.56,120,KBS,2026-10-09T04:37:28Z
2019-11-20,SFI,8.65,8.65,8.65,8.65,390,KBS,2026-10-09T04:37:28Z
2019-11-21,SFI,8.45,8.45,8.45,8.45,290,KBS,2026-10-09T04:37:28Z
2019-11-22,SFI,8.54,8.56,8.54,8.56,130,KBS,2026-10-09T04:37:28Z
2019-11-25,SFI,8.68,8.68,7.97,8.56,5560,KBS,2026-10-09T04:37:28Z
2019-11-26,SFI,8.67,8.67,8.12,8.56,2770,KBS,2026-10-09T04:37:28Z
2019-11-27,SFI,8.68,8.68,8.1,8.56,11650,KBS,2026-10-09T04:37:28Z
2019-11-28,SFI,8.56,8.56,8.56,8.56,750,KBS,2026-10-09T04:37:28Z
2019-11-29,SFI,8.23,8.23,8.23,8.23,3750,KBS,2026-10-09T04:37:28Z
2019-12-02,SFI,8.38,8.5,8.38,8.5,300,KBS,2026-10-09T04:37:28Z
2019-12-03,SFI,8.19,8.38,8.19,8.23,5260,KBS,2026-10-09T04:37:28Z
2019-12-04,SFI,8.38,8.38,8.12,8.19,250,KBS,2026-10-09T04:37:28Z
2019-12-05,SFI,8.38,8.52,8.21,8.52,710,KBS,2026-10-09T04:37:28Z
2019-12-06,SFI,8.56,8.56,8.56,8.56,1030,KBS,2026-10-09T04:37:28Z
2019-12-09,SFI,8.56,8.56,8.56,8.56,200,KBS,2026-10-09T04:37:28Z
2019-12-10,SFI,8.23,8.52,8.19,8.23,5070,KBS,2026-10-09T04:37:28Z
2019-12-11,SFI,8.19,8.56,8.19,8.56,1430,KBS,2026-10-09T04:37:28Z
2019-12-12,SFI,8.56,8.56,8.56,8.56,250,KBS,2026-10-09T04:37:28Z
2019-12-13,SFI,8.47,8.52,8.16,8.38,570,KBS,2026-10-09T04:37:28Z
2019-12-16,SFI,8.38,8.59,8.19,8.36,2170,KBS,2026-10-09T04:37:28Z
2019-12-17,SFI,8.3,8.72,8.27,8.72,1960,KBS,2026-10-09T04:37:28Z
2019-12-18,SFI,8.72,8.72,8.72,8.72,1840,KBS,2026-10-09T04:37:28Z
2019-12-19,SFI,8.72,8.72,8.72,8.72,720,KBS,2026-10-09T04:37:28Z
2019-12-20,SFI,8.21,8.63,8.21,8.38,2980,KBS,2026-10-09T04:37:28Z
2019-12-23,SFI,8.67,8.67,8.38,8.63,2320,KBS,2026-10-09T04:37:28Z
2019-12-24,SFI,8.08,8.59,8.08,8.25,740,KBS,2026-10-09T04:37:28Z
2019-12-25,SFI,8.59,8.61,8.25,8.61,940,KBS,2026-10-09T04:37:28Z
2019-12-26,SFI,8.56,8.61,8.25,8.61,780,KBS,2026-10-09T04:37:28Z
2019-12-27,SFI,8.23,8.56,8.21,8.56,2010,KBS,2026-10-09T04:37:28Z
2019-12-30,SFI,8.23,8.65,8.23,8.56,6180,KBS,2026-10-09T04:37:28Z
2019-12-31,SFI,8.23,8.54,8.23,8.54,2250,KBS,2026-10-09T04:37:28Z
2020-01-02,SFI,8.21,8.48,8.19,8.48,2780,KBS,2026-10-09T04:37:28Z
2020-01-03,SFI,8.19,8.45,8.08,8.08,1020,KBS,2026-10-09T04:37:28Z
2020-01-06,SFI,8.08,8.27,7.94,8.27,42530,KBS,2026-10-09T04:37:28Z
2020-01-07,SFI,8.36,8.45,8.19,8.19,5800,KBS,2026-10-09T04:37:28Z
2020-01-08,SFI,8.36,8.36,8.05,8.08,6190,KBS,2026-10-09T04:37:28Z
2020-01-09,SFI,8.05,8.14,8.05,8.14,17010,KBS,2026-10-09T04:37:28Z
2020-01-10,SFI,8.28,8.28,8.05,8.05,20,KBS,2026-10-09T04:37:28Z
2020-01-13,SFI,8.3,8.32,8.06,8.06,570,KBS,2026-10-09T04:37:28Z
2020-01-14,SFI,8.28,8.28,8.03,8.03,11570,KBS,2026-10-09T04:37:28Z
2020-01-15,SFI,8.3,8.3,8.27,8.27,540,KBS,2026-10-09T04:37:28Z
2020-01-17,SFI,8.14,8.27,8.14,8.19,1050,KBS,2026-10-09T04:37:28Z
2020-01-20,SFI,8.19,8.19,7.83,7.83,280,KBS,2026-10-09T04:37:28Z
2020-01-21,SFI,8.27,8.27,7.9,7.9,30,KBS,2026-10-09T04:37:28Z
2020-01-22,SFI,8.27,8.27,7.9,8.19,1590,KBS,2026-10-09T04:37:28Z
2020-01-30,SFI,8.18,8.34,7.92,8.34,1430,KBS,2026-10-09T04:37:28Z
2020-01-31,SFI,8.34,8.34,8.25,8.34,3330,KBS,2026-10-09T04:37:28Z
2020-02-03,SFI,7.79,8.19,7.79,8.19,340,KBS,2026-10-09T04:37:28Z
2020-02-04,SFI,7.83,8.19,7.68,8.19,1250,KBS,2026-10-09T04:37:28Z
2020-02-05,SFI,8.19,8.59,8.19,8.59,330,KBS,2026-10-09T04:37:28Z
2020-02-06,SFI,8.59,8.59,8.59,8.59,820,KBS,2026-10-09T04:37:28Z
2020-02-07,SFI,8.59,8.59,8.59,8.59,100,KBS,2026-10-09T04:37:28Z
2020-02-10,SFI,8.1,8.1,8.1,8.1,400,KBS,2026-10-09T04:37:28Z
2020-02-11,SFI,8.34,8.34,8.3,8.3,980,KBS,2026-10-09T04:37:28Z
2020-02-12,SFI,8.38,8.38,8.34,8.34,1060,KBS,2026-10-09T04:37:28Z
2020-02-13,SFI,8.34,8.34,8.34,8.34,1080,KBS,2026-10-09T04:37:28Z
2020-02-14,SFI,8.34,8.34,8.34,8.34,200,KBS,2026-10-09T04:37:28Z
2020-02-17,SFI,8.34,8.34,8.34,8.34,370,KBS,2026-10-09T04:37:28Z
2020-02-18,SFI,8.38,8.38,8.12,8.12,1360,KBS,2026-10-09T04:37:28Z
2020-02-19,SFI,8.19,8.19,7.88,8.19,100,KBS,2026-10-09T04:37:28Z
2020-02-20,SFI,8.28,8.28,8.28,8.28,10,KBS,2026-10-09T04:37:28Z
2020-02-21,SFI,8.28,8.28,8.28,8.28,210,KBS,2026-10-09T04:37:28Z
2020-02-24,SFI,8.03,8.23,8.01,8.23,2250,KBS,2026-10-09T04:37:28Z
2020-02-25,SFI,8.01,8.01,7.86,7.86,1890,KBS,2026-10-09T04:37:28Z
2020-02-26,SFI,8.28,8.28,8.28,8.28,650,KBS,2026-10-09T04:37:28Z
2020-02-27,SFI,8.28,8.28,8.28,8.28,520,KBS,2026-10-09T04:37:28Z
2020-02-28,SFI,8.32,8.36,8.32,8.36,2120,KBS,2026-10-09T04:37:28Z
2020-03-02,SFI,7.94,8.36,7.86,8.3,410,KBS,2026-10-09T04:37:28Z
2020-03-03,SFI,8.3,8.3,8.3,8.3,350,KBS,2026-10-09T04:37:28Z
2020-03-04,SFI,8.3,8.3,8.3,8.3,300,KBS,2026-10-09T04:37:28Z
2020-03-05,SFI,8.3,8.3,8.3,8.3,410,KBS,2026-10-09T04:37:28Z
2020-03-06,SFI,8.27,8.27,8.27,8.27,380,KBS,2026-10-09T04:37:28Z
2020-03-09,SFI,7.83,8.18,7.7,8.18,5220,KBS,2026-10-09T04:37:28Z
2020-03-10,SFI,7.72,8.3,7.72,8.01,2400,KBS,2026-10-09T04:37:28Z
2020-03-11,SFI,8.01,8.01,8.01,8.01,350,KBS,2026-10-09T04:37:28Z
2020-03-12,SFI,7.65,7.79,7.46,7.46,44590,KBS,2026-10-09T04:37:28Z
2020-03-13,SFI,6.97,7.45,6.96,7.45,3880,KBS,2026-10-09T04:37:28Z
2020-03-16,SFI,7.83,7.83,7.45,7.79,740,KBS,2026-10-09T04:37:28Z
2020-03-17,SFI,7.9,7.9,7.28,7.28,460,KBS,2026-10-09T04:37:28Z
2020-03-18,SFI,7.01,7.77,7.01,7.03,920,KBS,2026-10-09T04:37:28Z
2020-03-19,SFI,6.54,7.34,6.54,7.34,540,KBS,2026-10-09T04:37:28Z
2020-03-20,SFI,7.32,7.65,7.1,7.1,1070,KBS,2026-10-09T04:37:28Z
2020-03-23,SFI,6.61,7.28,6.61,7.26,330,KBS,2026-10-09T04:37:28Z
2020-03-24,SFI,6.92,6.92,6.92,6.92,2290,KBS,2026-10-09T04:37:28Z
2020-03-25,SFI,7.28,7.34,7.28,7.34,810,KBS,2026-10-09T04:37:28Z
2020-03-26,SFI,6.85,7.39,6.85,6.85,590,KBS,2026-10-09T04:37:28Z
2020-03-27,SFI,7.28,7.28,6.44,6.59,540,KBS,2026-10-09T04:37:28Z
2020-03-30,SFI,7.05,7.05,6.14,7.05,560,KBS,2026-10-09T04:37:28Z
2020-03-31,SFI,7.45,7.45,6.55,7.37,1990,KBS,2026-10-09T04:37:28Z
2020-04-01,SFI,7.37,7.37,6.86,6.86,500,KBS,2026-10-09T04:37:28Z
2020-04-03,SFI,6.86,7.28,6.86,7.28,590,KBS,2026-10-09T04:37:28Z
2020-04-06,SFI,7.76,7.76,6.96,6.96,750,KBS,2026-10-09T04:37:28Z
2020-04-07,SFI,7.26,7.26,7.26,7.26,310,KBS,2026-10-09T04:37:28Z
2020-04-08,SFI,6.79,7.25,6.79,7.25,330,KBS,2026-10-09T04:37:28Z
2020-04-09,SFI,7.26,7.26,6.76,6.76,60,KBS,2026-10-09T04:37:28Z
2020-04-10,SFI,7.17,7.19,6.32,7.19,1640,KBS,2026-10-09T04:37:28Z
2020-04-13,SFI,7.19,7.19,7.19,7.19,310,KBS,2026-10-09T04:37:28Z
2020-04-14,SFI,6.74,7.19,6.74,7.19,1760,KBS,2026-10-09T04:37:28Z
2020-04-15,SFI,6.74,7.25,6.74,6.92,680,KBS,2026-10-09T04:37:28Z
2020-04-16,SFI,6.92,7.21,6.92,7.21,440,KBS,2026-10-09T04:37:28Z
2020-04-17,SFI,6.99,7.57,6.99,7.57,480,KBS,2026-10-09T04:37:28Z
2020-04-20,SFI,7.05,7.56,7.05,7.06,1280,KBS,2026-10-09T04:37:28Z
2020-04-21,SFI,7.48,7.48,6.74,6.74,390,KBS,2026-10-09T04:37:28Z
2020-04-22,SFI,6.74,7.08,6.3,7.08,340,KBS,2026-10-09T04:37:28Z
2020-04-23,SFI,7.08,7.08,7.03,7.03,50,KBS,2026-10-09T04:37:28Z
2020-04-24,SFI,7.03,7.03,6.92,6.92,510,KBS,2026-10-09T04:37:28Z
2020-04-27,SFI,6.74,6.96,6.74,6.96,70,KBS,2026-10-09T04:37:28Z
2020-04-28,SFI,6.96,6.96,6.96,6.96,10,KBS,2026-10-09T04:37:28Z
2020-04-29,SFI,6.59,7.25,6.59,6.59,1790,KBS,2026-10-09T04:37:28Z
2020-05-04,SFI,7.03,7.03,6.52,6.52,5290,KBS,2026-10-09T04:37:28Z
2020-05-05,SFI,6.97,6.97,6.59,6.59,730,KBS,2026-10-09T04:37:28Z
2020-05-06,SFI,6.92,6.92,6.44,6.81,130,KBS,2026-10-09T04:37:28Z
2020-05-07,SFI,6.88,6.88,6.55,6.83,660,KBS,2026-10-09T04:37:28Z
2020-05-08,SFI,7.19,7.19,6.88,6.88,1140,KBS,2026-10-09T04:37:28Z
2020-05-11,SFI,6.63,7.19,6.5,6.63,1350,KBS,2026-10-09T04:37:28Z
2020-05-12,SFI,6.96,6.96,6.63,6.64,3000,KBS,2026-10-09T04:37:28Z
2020-05-13,SFI,6.92,6.92,6.92,6.92,70,KBS,2026-10-09T04:37:28Z
2020-05-14,SFI,6.92,6.92,6.74,6.74,1020,KBS,2026-10-09T04:37:28Z
2020-05-15,SFI,7.06,7.06,6.74,6.74,370,KBS,2026-10-09T04:37:28Z
2020-05-18,SFI,6.64,6.64,6.64,6.64,30,KBS,2026-10-09T04:37:28Z
2020-05-19,SFI,6.24,6.85,6.24,6.85,60,KBS,2026-10-09T04:37:28Z
2020-05-20,SFI,6.92,7.3,6.92,7.3,7950,KBS,2026-10-09T04:37:28Z
2020-05-21,SFI,7.1,7.65,7.06,7.1,1580,KBS,2026-10-09T04:37:28Z
2020-05-22,SFI,7.43,7.43,7.28,7.43,3550,KBS,2026-10-09T04:37:28Z
2020-05-26,SFI,7.36,7.36,6.96,6.99,9660,KBS,2026-10-09T04:37:28Z
2020-05-27,SFI,6.92,6.92,6.92,6.92,690,KBS,2026-10-09T04:37:28Z
2020-05-28,SFI,6.92,7.21,6.92,7.21,230,KBS,2026-10-09T04:37:28Z
2020-05-29,SFI,7.21,7.21,7.21,7.21,20,KBS,2026-10-09T04:37:28Z
2020-06-01,SFI,7.03,7.16,7.03,7.16,300,KBS,2026-10-09T04:37:28Z
2020-06-02,SFI,6.7,7.1,6.7,7.1,1140,KBS,2026-10-09T04:37:28Z
2020-06-03,SFI,6.86,6.86,6.86,6.86,20,KBS,2026-10-09T04:37:28Z
2020-06-04,SFI,6.76,7.17,6.76,6.83,600,KBS,2026-10-09T04:37:28Z
2020-06-05,SFI,7.14,7.14,6.55,7.03,5610,KBS,2026-10-09T04:37:28Z
2020-06-08,SFI,6.88,7.03,6.88,6.99,550,KBS,2026-10-09T04:37:28Z
2020-06-09,SFI,7.25,7.25,7.06,7.1,110,KBS,2026-10-09T04:37:28Z
2020-06-10,SFI,6.86,6.86,6.86,6.86,40,KBS,2026-10-09T04:37:28Z
2020-06-11,SFI,6.86,6.88,6.66,6.66,5470,KBS,2026-10-09T04:37:28Z
2020-06-12,SFI,6.63,6.88,6.57,6.85,560,KBS,2026-10-09T04:37:28Z
2020-06-15,SFI,6.85,6.85,6.66,6.74,1490,KBS,2026-10-09T04:37:28Z
2020-06-16,SFI,6.66,6.81,6.63,6.63,3940,KBS,2026-10-09T04:37:28Z
2020-06-17,SFI,6.59,6.79,6.59,6.61,6280,KBS,2026-10-09T04:37:28Z
2020-06-18,SFI,6.48,6.77,6.43,6.77,2300,KBS,2026-10-09T04:37:28Z
2020-06-19,SFI,6.59,6.59,6.59,6.59,4560,KBS,2026-10-09T04:37:28Z
2020-06-22,SFI,6.63,6.74,6.61,6.74,4260,KBS,2026-10-09T04:37:28Z
2020-06-23,SFI,6.76,6.92,6.74,6.92,6920,KBS,2026-10-09T04:37:28Z
2020-06-24,SFI,6.92,6.92,6.92,6.92,5000,KBS,2026-10-09T04:37:28Z
2020-06-25,SFI,6.79,6.79,6.74,6.74,230,KBS,2026-10-09T04:37:28Z
2020-06-26,SFI,7.08,7.08,7.08,7.08,60,KBS,2026-10-09T04:37:28Z
2020-06-29,SFI,7.52,7.52,7.25,7.25,600,KBS,2026-10-09T04:37:28Z
2020-06-30,SFI,7.28,7.28,6.79,7.19,5750,KBS,2026-10-09T04:37:28Z
2020-07-01,SFI,6.77,6.77,6.77,6.77,480,KBS,2026-10-09T04:37:28Z
2020-07-02,SFI,6.85,7.25,6.85,7.25,440,KBS,2026-10-09T04:37:28Z
2020-07-03,SFI,7.25,7.25,7.25,7.25,350,KBS,2026-10-09T04:37:28Z
2020-07-06,SFI,7.28,7.52,6.81,7.52,840,KBS,2026-10-09T04:37:28Z
2020-07-07,SFI,7.57,7.57,7.01,7.46,350,KBS,2026-10-09T04:37:28Z
2020-07-08,SFI,7.59,7.59,6.96,7.46,870,KBS,2026-10-09T04:37:28Z
2020-07-09,SFI,6.97,7.46,6.96,7.46,2350,KBS,2026-10-09T04:37:28Z
2020-07-10,SFI,7.28,7.43,6.97,7.43,480,KBS,2026-10-09T04:37:28Z
2020-07-13,SFI,7.43,7.43,6.94,6.94,1080,KBS,2026-10-09T04:37:28Z
2020-07-14,SFI,7.36,7.36,7.36,7.36,110,KBS,2026-10-09T04:37:28Z
2020-07-15,SFI,6.85,6.85,6.85,6.85,340,KBS,2026-10-09T04:37:28Z
2020-07-16,SFI,7.17,7.17,7.17,7.17,510,KBS,2026-10-09T04:37:28Z
2020-07-17,SFI,7.65,7.65,6.74,7.25,840,KBS,2026-10-09T04:37:28Z
2020-07-20,SFI,6.92,7.16,6.92,7.16,1620,KBS,2026-10-09T04:37:28Z
2020-07-21,SFI,7.16,7.16,7.16,7.16,30,KBS,2026-10-09T04:37:28Z
2020-07-22,SFI,7.14,7.23,6.94,6.94,140,KBS,2026-10-09T04:37:28Z
2020-07-23,SFI,6.92,7.3,6.92,7.3,9510,KBS,2026-10-09T04:37:28Z
2020-07-24,SFI,6.94,7.1,6.81,6.81,7980,KBS,2026-10-09T04:37:28Z
2020-07-27,SFI,6.39,7.16,6.39,7.06,720,KBS,2026-10-09T04:37:28Z
2020-07-28,SFI,7.28,7.28,6.92,7.21,390,KBS,2026-10-09T04:37:28Z
2020-07-29,SFI,6.74,6.74,6.74,6.74,160,KBS,2026-10-09T04:37:28Z
2020-07-30,SFI,6.92,7.14,6.92,6.92,1440,KBS,2026-10-09T04:37:28Z
2020-07-31,SFI,6.74,7.21,6.74,7.21,480,KBS,2026-10-09T04:37:28Z
2020-08-03,SFI,6.92,6.92,6.92,6.92,3750,KBS,2026-10-09T04:37:28Z
2020-08-04,SFI,6.92,7.17,6.92,7.17,1240,KBS,2026-10-09T04:37:28Z
2020-08-05,SFI,7.25,7.28,6.99,7.19,142880,KBS,2026-10-09T04:37:28Z
2020-08-06,SFI,7.19,7.28,7.1,7.14,143410,KBS,2026-10-09T04:37:28Z
2020-08-07,SFI,7.28,7.28,7.1,7.28,148140,KBS,2026-10-09T04:37:28Z
2020-08-10,SFI,7.28,7.28,7.1,7.28,164090,KBS,2026-10-09T04:37:28Z
2020-08-11,SFI,7.26,7.28,7.21,7.28,157550,KBS,2026-10-09T04:37:28Z
2020-08-12,SFI,7.28,7.28,7.12,7.12,158960,KBS,2026-10-09T04:37:28Z
2020-08-13,SFI,7.26,7.26,7.14,7.16,152160,KBS,2026-10-09T04:37:28Z
2020-08-14,SFI,7.26,7.28,7.16,7.28,152380,KBS,2026-10-09T04:37:28Z
2020-08-17,SFI,7.21,7.25,7.1,7.25,6310,KBS,2026-10-09T04:37:28Z
2020-08-18,SFI,7.03,7.17,6.96,7.17,3020,KBS,2026-10-09T04:37:28Z
2020-08-19,SFI,6.99,7.12,6.96,6.99,22200,KBS,2026-10-09T04:37:28Z
2020-08-20,SFI,6.99,7.1,6.99,6.99,8620,KBS,2026-10-09T04:37:28Z
2020-08-21,SFI,7.21,7.32,7.14,7.14,22070,KBS,2026-10-09T04:37:28Z
2020-08-24,SFI,7.21,7.46,7.21,7.46,15800,KBS,2026-10-09T04:37:28Z
2020-08-25,SFI,7.46,7.92,7.34,7.92,18170,KBS,2026-10-09T04:37:28Z
2020-08-26,SFI,8.08,8.23,7.9,8.08,54400,KBS,2026-10-09T04:37:28Z
2020-08-27,SFI,8.01,8.48,8.01,8.19,3700,KBS,2026-10-09T04:37:28Z
2020-08-28,SFI,8.19,8.23,8.1,8.14,10710,KBS,2026-10-09T04:37:28Z
2020-08-31,SFI,8.19,8.19,7.83,8.01,3990,KBS,2026-10-09T04:37:28Z
2020-09-01,SFI,8.16,8.16,7.83,7.97,12400,KBS,2026-10-09T04:37:28Z
2020-09-03,SFI,8.52,8.52,8.16,8.34,11740,KBS,2026-10-09T04:37:28Z
2020-09-04,SFI,7.83,8.3,7.83,8.3,3740,KBS,2026-10-09T04:37:28Z
2020-09-07,SFI,8.3,8.3,8.01,8.25,23880,KBS,2026-10-09T04:37:28Z
2020-09-08,SFI,7.7,8.21,7.7,8.19,2350,KBS,2026-10-09T04:37:28Z
2020-09-09,SFI,8.19,8.19,7.99,7.99,260,KBS,2026-10-09T04:37:28Z
2020-09-10,SFI,7.72,8.03,7.72,7.74,10450,KBS,2026-10-09T04:37:28Z
2020-09-11,SFI,7.53,7.94,7.45,7.76,6360,KBS,2026-10-09T04:37:28Z
2020-09-14,SFI,7.8,7.99,7.8,7.99,2340,KBS,2026-10-09T04:37:28Z
2020-09-15,SFI,7.99,8.07,7.98,7.99,70,KBS,2026-10-09T04:37:28Z
2020-09-16,SFI,7.76,7.96,7.64,7.94,2010,KBS,2026-10-09T04:37:28Z
2020-09-17,SFI,7.6,7.92,7.6,7.92,2180,KBS,2026-10-09T04:37:28Z
2020-09-18,SFI,7.88,7.99,7.8,7.92,4120,KBS,2026-10-09T04:37:28Z
2020-09-21,SFI,7.72,7.84,7.72,7.84,130,KBS,2026-10-09T04:37:28Z
2020-09-22,SFI,7.84,7.99,7.74,7.74,2300,KBS,2026-10-09T04:37:28Z
2020-09-23,SFI,7.8,7.84,7.72,7.76,10850,KBS,2026-10-09T04:37:28Z
2020-09-24,SFI,7.76,7.76,7.62,7.76,3770,KBS,2026-10-09T04:37:28Z
2020-09-25,SFI,7.72,7.72,7.72,7.72,12260,KBS,2026-10-09T04:37:28Z
2020-09-28,SFI,7.8,7.8,7.64,7.64,1060,KBS,2026-10-09T04:37:28Z
2020-09-29,SFI,7.68,7.72,7.51,7.72,1020,KBS,2026-10-09T04:37:28Z
2020-09-30,SFI,7.76,7.76,7.64,7.76,4910,KBS,2026-10-09T04:37:28Z
2020-10-01,SFI,7.76,8.19,7.72,8.19,40570,KBS,2026-10-09T04:37:28Z
2020-10-02,SFI,7.98,8.38,7.92,8.25,18990,KBS,2026-10-09T04:37:28Z
2020-10-05,SFI,8.66,8.66,8.25,8.56,4310,KBS,2026-10-09T04:37:28Z
2020-10-06,SFI,8.42,8.42,8.03,8.27,11000,KBS,2026-10-09T04:37:28Z
2020-10-07,SFI,8.19,8.42,8.11,8.35,18440,KBS,2026-10-09T04:37:28Z
2020-10-08,SFI,8.27,8.52,8.27,8.52,5290,KBS,2026-10-09T04:37:28Z
2020-10-09,SFI,8.58,8.77,8.58,8.58,21600,KBS,2026-10-09T04:37:28Z
2020-10-12,SFI,8.58,8.7,8.58,8.7,2140,KBS,2026-10-09T04:37:28Z
2020-10-13,SFI,8.7,8.77,8.7,8.77,8860,KBS,2026-10-09T04:37:28Z
2020-10-14,SFI,8.77,8.77,8.77,8.77,3360,KBS,2026-10-09T04:37:28Z
2020-10-15,SFI,8.79,8.79,8.58,8.68,3650,KBS,2026-10-09T04:37:28Z
2020-10-16,SFI,8.7,8.77,8.68,8.7,14200,KBS,2026-10-09T04:37:28Z
2020-10-19,SFI,8.77,8.97,8.77,8.89,1680,KBS,2026-10-09T04:37:28Z
2020-10-20,SFI,8.93,9.36,8.77,8.97,9870,KBS,2026-10-09T04:37:28Z
2020-10-21,SFI,9.32,9.32,8.97,8.97,1380,KBS,2026-10-09T04:37:28Z
2020-10-22,SFI,8.99,9.05,8.89,8.97,14730,KBS,2026-10-09T04:37:28Z
2020-10-23,SFI,9.28,9.55,9.05,9.36,1380,KBS,2026-10-09T04:37:28Z
2020-10-26,SFI,9.55,9.55,9.01,9.32,1320,KBS,2026-10-09T04:37:28Z
2020-10-27,SFI,9.48,9.48,9.05,9.34,1670,KBS,2026-10-09T04:37:28Z
2020-10-28,SFI,9.48,9.48,8.97,9.3,19500,KBS,2026-10-09T04:37:28Z
2020-10-29,SFI,9.16,9.16,8.93,9.09,26910,KBS,2026-10-09T04:37:28Z
2020-10-30,SFI,9.48,9.55,9.36,9.36,10070,KBS,2026-10-09T04:37:28Z
2020-11-02,SFI,9.55,9.75,9.55,9.57,9060,KBS,2026-10-09T04:37:28Z
2020-11-03,SFI,9.75,10.14,9.59,10.14,8500,KBS,2026-10-09T04:37:28Z
2020-11-04,SFI,10.14,10.14,9.55,9.57,6540,KBS,2026-10-09T04:37:28Z
2020-11-05,SFI,10.22,10.22,10.22,10.22,110,KBS,2026-10-09T04:37:28Z
2020-11-06,SFI,9.55,10.22,9.55,10.22,2590,KBS,2026-10-09T04:37:28Z
2020-11-09,SFI,10.18,10.18,10.18,10.18,20,KBS,2026-10-09T04:37:28Z
2020-11-10,SFI,9.52,10.14,9.52,10.14,620,KBS,2026-10-09T04:37:28Z
2020-11-11,SFI,9.75,10.14,9.44,9.44,19850,KBS,2026-10-09T04:37:28Z
2020-11-12,SFI,9.34,10.04,9.34,9.98,4620,KBS,2026-10-09T04:37:28Z
2020-11-13,SFI,9.55,10.06,9.55,10.06,10150,KBS,2026-10-09T04:37:28Z
2020-11-16,SFI,9.83,10.02,9.75,9.75,1150,KBS,2026-10-09T04:37:28Z
2020-11-17,SFI,9.98,9.98,9.59,9.88,7730,KBS,2026-10-09T04:37:28Z
2020-11-18,SFI,9.75,9.9,9.71,9.75,4690,KBS,2026-10-09T04:37:28Z
2020-11-19,SFI,9.55,9.9,9.55,9.79,1630,KBS,2026-10-09T04:37:28Z
2020-11-20,SFI,9.71,9.75,9.55,9.75,6290,KBS,2026-10-09T04:37:28Z
2020-11-23,SFI,9.94,9.94,9.75,9.9,5270,KBS,2026-10-09T04:37:28Z
2020-11-24,SFI,9.61,9.88,9.61,9.79,13760,KBS,2026-10-09T04:37:28Z
2020-11-25,SFI,9.65,9.9,9.65,9.9,2670,KBS,2026-10-09T04:37:28Z
2020-11-26,SFI,9.92,9.94,9.77,9.94,7640,KBS,2026-10-09T04:37:28Z
2020-11-27,SFI,9.9,10.1,9.9,10.04,4150,KBS,2026-10-09T04:37:28Z
2020-11-30,SFI,9.94,10.74,9.94,10.74,19940,KBS,2026-10-09T04:37:28Z
2020-12-01,SFI,10.92,11.48,10.92,11.48,22270,KBS,2026-10-09T04:37:28Z
2020-12-02,SFI,12.09,12.28,12.09,12.28,19490,KBS,2026-10-09T04:37:28Z
2020-12-03,SFI,12.48,12.87,12.09,12.09,22420,KBS,2026-10-09T04:37:28Z
2020-12-04,SFI,11.78,12.24,11.66,12.05,13980,KBS,2026-10-09T04:37:28Z
2020-12-07,SFI,11.7,12.03,11.66,11.89,8340,KBS,2026-10-09T04:37:28Z
2020-12-08,SFI,11.6,11.95,11.6,11.93,3900,KBS,2026-10-09T04:37:28Z
2020-12-09,SFI,11.86,12.36,11.86,12.28,14730,KBS,2026-10-09T04:37:28Z
2020-12-10,SFI,12.09,12.42,12.09,12.34,9520,KBS,2026-10-09T04:37:28Z
2020-12-11,SFI,12.13,12.36,11.74,11.93,18490,KBS,2026-10-09T04:37:28Z
2020-12-14,SFI,11.89,12.05,11.74,11.89,10170,KBS,2026-10-09T04:37:28Z
2020-12-15,SFI,11.89,12.28,11.89,11.97,10670,KBS,2026-10-09T04:37:28Z
2020-12-16,SFI,12.09,12.48,11.93,12.42,28830,KBS,2026-10-09T04:37:28Z
2020-12-17,SFI,12.48,12.48,12.09,12.09,13490,KBS,2026-10-09T04:37:28Z
2020-12-18,SFI,12.28,12.48,11.86,12.48,117700,KBS,2026-10-09T04:37:28Z
2020-12-21,SFI,12.73,13.34,12.67,13.34,34640,KBS,2026-10-09T04:37:28Z
2020-12-22,SFI,13.65,13.65,13.34,13.41,7010,KBS,2026-10-09T04:37:28Z
2020-12-23,SFI,13.41,13.41,13.18,13.22,2520,KBS,2026-10-09T04:37:28Z
2020-12-24,SFI,13.22,13.22,12.34,12.75,14480,KBS,2026-10-09T04:37:28Z
2020-12-25,SFI,12.3,12.79,12.3,12.36,16850,KBS,2026-10-09T04:37:28Z
2020-12-28,SFI,12.79,12.79,12.36,12.4,4580,KBS,2026-10-09T04:37:28Z
2020-12-29,SFI,12.32,12.62,12.09,12.17,9270,KBS,2026-10-09T04:37:28Z
2020-12-30,SFI,12.36,12.65,12.17,12.4,27860,KBS,2026-10-09T04:37:28Z
2020-12-31,SFI,12.13,12.69,12.13,12.44,6290,KBS,2026-10-09T04:37:28Z
2021-01-04,SFI,12.44,12.65,12.11,12.65,17700,KBS,2026-10-09T04:37:28Z
2021-01-05,SFI,12.19,12.62,12.19,12.28,5800,KBS,2026-10-09T04:37:28Z
2021-01-06,SFI,12.95,12.95,12.13,12.65,17500,KBS,2026-10-09T04:37:28Z
2021-01-07,SFI,12.65,12.67,12.28,12.67,25500,KBS,2026-10-09T04:37:28Z
2021-01-08,SFI,12.56,12.56,12.32,12.52,24900,KBS,2026-10-09T04:37:28Z
2021-01-11,SFI,12.52,12.52,12.4,12.48,7900,KBS,2026-10-09T04:37:28Z
2021-01-12,SFI,12.48,13.26,12.28,13.26,38200,KBS,2026-10-09T04:37:28Z
2021-01-13,SFI,14.04,14.18,14.04,14.18,40900,KBS,2026-10-09T04:37:28Z
2021-01-14,SFI,15.01,15.15,14.62,15.15,65400,KBS,2026-10-09T04:37:28Z
2021-01-15,SFI,15.15,15.21,14.82,14.82,41200,KBS,2026-10-09T04:37:28Z
2021-01-18,SFI,14.94,15.13,14.86,15.09,14400,KBS,2026-10-09T04:37:28Z
2021-01-19,SFI,15.6,15.6,14.04,14.43,31100,KBS,2026-10-09T04:37:28Z
2021-01-20,SFI,14.43,14.43,13.65,14.04,18000,KBS,2026-10-09T04:37:28Z
2021-01-21,SFI,14.23,14.76,14.08,14.76,20300,KBS,2026-10-09T04:37:28Z
2021-01-22,SFI,14.43,14.76,14.43,14.76,17700,KBS,2026-10-09T04:37:28Z
2021-01-25,SFI,14.12,14.43,14.12,14.43,5800,KBS,2026-10-09T04:37:28Z
2021-01-26,SFI,14.23,14.23,14.12,14.23,3800,KBS,2026-10-09T04:37:28Z
2021-01-27,SFI,14.04,14.12,13.26,13.65,12400,KBS,2026-10-09T04:37:28Z
2021-01-28,SFI,12.77,14.04,12.69,12.69,21100,KBS,2026-10-09T04:37:28Z
2021-01-29,SFI,11.82,13.34,11.82,13.34,69000,KBS,2026-10-09T04:37:28Z
2021-02-01,SFI,13.61,13.8,12.91,13.26,32000,KBS,2026-10-09T04:37:28Z
2021-02-02,SFI,13.45,13.45,12.67,13.26,14300,KBS,2026-10-09T04:37:28Z
2021-02-03,SFI,13.8,14.04,13.34,14.04,30200,KBS,2026-10-09T04:37:28Z
2021-02-04,SFI,14.23,14.23,13.45,14.04,17200,KBS,2026-10-09T04:37:28Z
2021-02-05,SFI,13.65,14.0,13.65,13.96,25400,KBS,2026-10-09T04:37:28Z
2021-02-08,SFI,13.69,14.04,13.65,14.04,17200,KBS,2026-10-09T04:37:28Z
2021-02-09,SFI,13.65,14.0,13.65,14.0,5100,KBS,2026-10-09T04:37:28Z
2021-02-17,SFI,14.04,14.04,13.96,14.0,57800,KBS,2026-10-09T04:37:28Z
2021-02-18,SFI,14.0,14.54,13.92,14.54,89500,KBS,2026-10-09T04:37:28Z
2021-02-19,SFI,14.54,15.56,14.51,15.56,95900,KBS,2026-10-09T04:37:28Z
2021-02-22,SFI,15.6,16.01,15.56,15.99,51400,KBS,2026-10-09T04:37:28Z
2021-02-23,SFI,16.1,16.1,15.6,15.64,32100,KBS,2026-10-09T04:37:28Z
2021-02-24,SFI,15.72,15.72,15.17,15.44,23200,KBS,2026-10-09T04:37:28Z
2021-02-25,SFI,15.6,15.6,15.09,15.4,10800,KBS,2026-10-09T04:37:28Z
2021-02-26,SFI,14.94,15.48,14.94,15.48,26200,KBS,2026-10-09T04:37:28Z
2021-03-01,SFI,15.6,15.6,15.25,15.44,14900,KBS,2026-10-09T04:37:28Z
2021-03-02,SFI,15.44,15.44,15.21,15.44,42700,KBS,2026-10-09T04:37:28Z
2021-03-03,SFI,15.44,16.38,15.44,16.38,44800,KBS,2026-10-09T04:37:28Z
2021-03-04,SFI,15.79,16.03,15.72,15.75,28800,KBS,2026-10-09T04:37:28Z
2021-03-05,SFI,15.6,15.75,15.48,15.48,17300,KBS,2026-10-09T04:37:28Z
2021-03-08,SFI,15.6,15.79,15.36,15.56,32700,KBS,2026-10-09T04:37:28Z
2021-03-09,SFI,15.25,15.6,15.21,15.6,46700,KBS,2026-10-09T04:37:28Z
2021-03-10,SFI,15.87,15.87,15.32,15.6,15900,KBS,2026-10-09T04:37:28Z
2021-03-11,SFI,15.6,15.6,15.36,15.52,5400,KBS,2026-10-09T04:37:28Z
2021-03-12,SFI,15.52,15.52,15.4,15.44,54000,KBS,2026-10-09T04:37:28Z
2021-03-15,SFI,15.44,15.44,15.21,15.44,149000,KBS,2026-10-09T04:37:28Z
2021-03-16,SFI,15.52,15.52,15.32,15.44,18000,KBS,2026-10-09T04:37:28Z
2021-03-17,SFI,15.21,15.4,15.21,15.4,20900,KBS,2026-10-09T04:37:28Z
2021-03-18,SFI,15.4,15.85,15.4,15.85,64600,KBS,2026-10-09T04:37:28Z
2021-03-19,SFI,15.72,15.95,15.72,15.95,18900,KBS,2026-10-09T04:37:28Z
2021-03-22,SFI,15.95,16.34,15.79,16.34,14800,KBS,2026-10-09T04:37:28Z
2021-03-23,SFI,16.34,16.34,15.6,16.01,35800,KBS,2026-10-09T04:37:28Z
2021-03-24,SFI,16.41,16.41,15.39,15.79,22500,KBS,2026-10-09T04:37:28Z
2021-03-25,SFI,15.99,15.99,15.51,15.91,5800,KBS,2026-10-09T04:37:28Z
2021-03-26,SFI,15.87,15.87,14.99,15.69,40300,KBS,2026-10-09T04:37:28Z
2021-03-29,SFI,15.69,15.69,15.39,15.65,12300,KBS,2026-10-09T04:37:28Z
2021-03-30,SFI,15.39,15.75,15.39,15.73,25300,KBS,2026-10-09T04:37:28Z
2021-03-31,SFI,15.39,15.73,15.39,15.73,16400,KBS,2026-10-09T04:37:28Z
2021-04-01,SFI,15.79,15.79,15.51,15.79,8100,KBS,2026-10-09T04:37:28Z
2021-04-02,SFI,15.79,15.79,15.59,15.79,20700,KBS,2026-10-09T04:37:28Z
2021-04-05,SFI,16.79,16.79,15.99,16.47,30400,KBS,2026-10-09T04:37:28Z
2021-04-06,SFI,15.99,16.39,15.83,16.39,6200,KBS,2026-10-09T04:37:28Z
2021-04-07,SFI,15.83,16.39,15.83,16.39,5400,KBS,2026-10-09T04:37:28Z
2021-04-08,SFI,15.71,16.31,15.71,16.19,3400,KBS,2026-10-09T04:37:28Z
2021-04-09,SFI,15.99,15.99,15.63,15.87,6500,KBS,2026-10-09T04:37:28Z
2021-04-12,SFI,15.59,15.59,15.19,15.29,36200,KBS,2026-10-09T04:37:28Z
2021-04-13,SFI,15.31,15.35,14.95,15.19,20500,KBS,2026-10-09T04:37:28Z
2021-04-14,SFI,14.99,15.19,14.99,15.19,9800,KBS,2026-10-09T04:37:28Z
2021-04-15,SFI,15.19,15.19,15.19,15.19,900,KBS,2026-10-09T04:37:28Z
2021-04-16,SFI,14.55,15.39,14.41,15.13,13600,KBS,2026-10-09T04:37:28Z
2021-04-19,SFI,14.43,15.11,14.43,15.07,1800,KBS,2026-10-09T04:37:28Z
2021-04-20,SFI,15.19,15.19,15.11,15.11,3600,KBS,2026-10-09T04:37:28Z
2021-04-22,SFI,15.11,15.11,14.35,14.93,10500,KBS,2026-10-09T04:37:28Z
2021-04-23,SFI,14.11,14.71,14.11,14.69,2500,KBS,2026-10-09T04:37:28Z
2021-04-26,SFI,14.91,14.91,14.39,14.59,20600,KBS,2026-10-09T04:37:28Z
2021-04-27,SFI,14.83,14.83,14.39,14.79,9300,KBS,2026-10-09T04:37:28Z
2021-04-28,SFI,14.71,14.99,14.59,14.99,15400,KBS,2026-10-09T04:37:28Z
2021-04-29,SFI,14.59,15.37,14.59,15.37,15300,KBS,2026-10-09T04:37:28Z
2021-05-04,SFI,14.63,15.35,14.59,15.33,3800,KBS,2026-10-09T04:37:28Z
2021-05-05,SFI,14.63,15.27,14.63,15.27,14000,KBS,2026-10-09T04:37:28Z
2021-05-06,SFI,14.79,15.27,14.79,15.27,4300,KBS,2026-10-09T04:37:28Z
2021-05-07,SFI,14.79,15.15,14.79,15.13,10300,KBS,2026-10-09T04:37:28Z
2021-05-10,SFI,15.13,15.13,14.41,15.03,2900,KBS,2026-10-09T04:37:28Z
2021-05-11,SFI,15.03,15.03,14.59,15.03,5500,KBS,2026-10-09T04:37:28Z
2021-05-12,SFI,14.99,14.99,14.63,14.91,8400,KBS,2026-10-09T04:37:28Z
2021-05-13,SFI,14.79,15.11,14.67,15.11,4300,KBS,2026-10-09T04:37:28Z
2021-05-14,SFI,15.11,15.11,15.07,15.07,1200,KBS,2026-10-09T04:37:28Z
2021-05-17,SFI,15.07,15.07,14.75,15.01,16700,KBS,2026-10-09T04:37:28Z
2021-05-18,SFI,14.85,15.01,14.79,15.01,8700,KBS,2026-10-09T04:37:28Z
2021-05-19,SFI,14.79,15.11,14.79,15.11,6800,KBS,2026-10-09T04:37:28Z
2021-05-20,SFI,15.11,15.11,14.79,14.79,8300,KBS,2026-10-09T04:37:28Z
2021-05-21,SFI,14.79,14.79,14.59,14.63,20200,KBS,2026-10-09T04:37:28Z
2021-05-24,SFI,14.63,14.71,14.63,14.63,49100,KBS,2026-10-09T04:37:28Z
2021-05-25,SFI,14.59,14.71,14.59,14.71,24800,KBS,2026-10-09T04:37:28Z
2021-05-26,SFI,14.59,14.71,14.59,14.71,11200,KBS,2026-10-09T04:37:28Z
2021-05-27,SFI,14.59,14.75,14.39,14.39,55900,KBS,2026-10-09T04:37:28Z
2021-05-28,SFI,14.51,14.59,14.51,14.55,5100,KBS,2026-10-09T04:37:28Z
2021-05-31,SFI,14.55,14.55,14.47,14.55,10000,KBS,2026-10-09T04:37:28Z
2021-06-01,SFI,14.63,14.63,14.55,14.55,3300,KBS,2026-10-09T04:37:28Z
2021-06-02,SFI,14.39,14.55,14.39,14.39,15700,KBS,2026-10-09T04:37:28Z
2021-06-03,SFI,14.39,15.39,14.39,15.39,35400,KBS,2026-10-09T04:37:28Z
2021-06-04,SFI,15.75,15.75,15.31,15.51,29500,KBS,2026-10-09T04:37:28Z
2021-06-07,SFI,15.51,15.51,15.19,15.31,5400,KBS,2026-10-09T04:37:28Z
2021-06-08,SFI,15.55,15.55,15.19,15.31,13400,KBS,2026-10-09T04:37:28Z
2021-06-09,SFI,15.39,15.39,15.19,15.35,8200,KBS,2026-10-09T04:37:28Z
2021-06-10,SFI,15.39,15.59,15.31,15.55,9500,KBS,2026-10-09T04:37:28Z
2021-06-11,SFI,15.55,15.59,15.51,15.59,10600,KBS,2026-10-09T04:37:28Z
2021-06-14,SFI,15.83,16.11,15.59,15.99,84400,KBS,2026-10-09T04:37:28Z
2021-06-15,SFI,15.99,16.27,15.79,16.07,35300,KBS,2026-10-09T04:37:28Z
2021-06-16,SFI,16.07,16.31,15.63,15.99,17100,KBS,2026-10-09T04:37:28Z
2021-06-17,SFI,15.99,15.99,15.19,15.75,12000,KBS,2026-10-09T04:37:28Z
2021-06-18,SFI,15.79,15.95,15.67,15.87,53900,KBS,2026-10-09T04:37:28Z
2021-06-21,SFI,16.91,16.91,15.83,16.12,27500,KBS,2026-10-09T04:37:28Z
2021-06-22,SFI,16.12,16.12,15.78,15.95,15800,KBS,2026-10-09T04:37:28Z
2021-06-23,SFI,16.16,16.16,15.37,15.76,12300,KBS,2026-10-09T04:37:28Z
2021-06-24,SFI,15.76,15.76,14.98,15.66,34200,KBS,2026-10-09T04:37:28Z
2021-06-25,SFI,16.03,16.03,15.41,15.72,3900,KBS,2026-10-09T04:37:28Z
2021-06-28,SFI,15.7,15.8,15.49,15.8,8400,KBS,2026-10-09T04:37:28Z
2021-06-29,SFI,15.78,15.78,15.54,15.7,4500,KBS,2026-10-09T04:37:28Z
2021-06-30,SFI,15.41,15.66,15.41,15.66,7200,KBS,2026-10-09T04:37:28Z
2021-07-01,SFI,15.78,15.78,15.45,15.49,11700,KBS,2026-10-09T04:37:28Z
2021-07-02,SFI,15.41,15.91,15.41,15.91,25500,KBS,2026-10-09T04:37:28Z
2021-07-05,SFI,16.16,16.16,15.37,15.7,34300,KBS,2026-10-09T04:37:28Z
2021-07-06,SFI,15.7,15.91,15.37,15.41,16200,KBS,2026-10-09T04:37:28Z
2021-07-07,SFI,15.39,15.39,15.29,15.37,11300,KBS,2026-10-09T04:37:28Z
2021-07-08,SFI,15.56,15.74,15.37,15.54,20300,KBS,2026-10-09T04:37:28Z
2021-07-09,SFI,15.37,15.72,15.37,15.72,23500,KBS,2026-10-09T04:37:28Z
2021-07-12,SFI,15.16,15.16,14.95,14.95,5300,KBS,2026-10-09T04:37:28Z
2021-07-13,SFI,15.78,15.78,14.95,15.58,3800,KBS,2026-10-09T04:37:28Z
2021-07-15,SFI,15.2,15.54,15.16,15.54,14700,KBS,2026-10-09T04:37:28Z
2021-07-19,SFI,15.16,15.37,14.95,15.37,16600,KBS,2026-10-09T04:37:28Z
2021-07-20,SFI,15.58,15.58,15.58,15.58,1500,KBS,2026-10-09T04:37:28Z
2021-07-21,SFI,15.08,15.49,15.0,15.49,600,KBS,2026-10-09T04:37:28Z
2021-07-22,SFI,15.37,15.58,15.37,15.58,10000,KBS,2026-10-09T04:37:28Z
2021-07-23,SFI,15.12,15.58,15.12,15.58,4800,KBS,2026-10-09T04:37:28Z
2021-07-26,SFI,15.58,15.58,15.16,15.54,600,KBS,2026-10-09T04:37:28Z
2021-07-27,SFI,15.37,15.58,15.37,15.58,600,KBS,2026-10-09T04:37:28Z
2021-07-28,SFI,15.58,15.58,15.58,15.58,5300,KBS,2026-10-09T04:37:28Z
2021-07-29,SFI,15.58,16.6,15.58,16.6,42300,KBS,2026-10-09T04:37:28Z
2021-07-30,SFI,16.61,16.66,16.41,16.6,22900,KBS,2026-10-09T04:37:28Z
2021-08-02,SFI,16.99,17.03,16.66,17.03,31400,KBS,2026-10-09T04:37:28Z
2021-08-03,SFI,17.36,17.4,16.74,17.03,30000,KBS,2026-10-09T04:37:28Z
2021-08-04,SFI,16.86,17.45,16.82,17.32,41100,KBS,2026-10-09T04:37:28Z
2021-08-05,SFI,17.4,17.4,16.86,17.05,10800,KBS,2026-10-09T04:37:28Z
2021-08-06,SFI,17.05,17.16,17.03,17.16,30200,KBS,2026-10-09T04:37:28Z
2021-08-09,SFI,17.65,18.34,17.18,18.32,43900,KBS,2026-10-09T04:37:28Z
2021-08-10,SFI,18.69,19.15,18.69,19.02,61600,KBS,2026-10-09T04:37:28Z
2021-08-11,SFI,19.52,20.35,19.32,20.35,133700,KBS,2026-10-09T04:37:28Z
2021-08-12,SFI,21.6,21.6,19.61,19.65,60800,KBS,2026-10-09T04:37:28Z
2021-08-13,SFI,19.02,19.48,18.57,19.48,70300,KBS,2026-10-09T04:37:28Z
2021-08-16,SFI,19.9,19.9,18.69,19.44,57300,KBS,2026-10-09T04:37:28Z
2021-08-17,SFI,19.15,19.46,18.86,19.11,29900,KBS,2026-10-09T04:37:28Z
2021-08-18,SFI,18.73,19.23,18.73,19.11,17500,KBS,2026-10-09T04:37:28Z
2021-08-19,SFI,18.98,19.32,18.77,19.32,41700,KBS,2026-10-09T04:37:28Z
2021-08-20,SFI,19.23,19.94,18.9,19.32,40200,KBS,2026-10-09T04:37:28Z
2021-08-23,SFI,19.11,19.65,19.11,19.44,40000,KBS,2026-10-09T04:37:28Z
2021-08-24,SFI,18.61,19.52,18.61,19.44,15400,KBS,2026-10-09T04:37:28Z
2021-08-25,SFI,19.9,19.9,19.11,19.36,33800,KBS,2026-10-09T04:37:28Z
2021-08-26,SFI,19.36,20.52,19.36,19.65,62800,KBS,2026-10-09T04:37:28Z
2021-08-27,SFI,19.48,20.1,19.48,20.02,74500,KBS,2026-10-09T04:37:28Z
2021-08-30,SFI,21.06,21.06,20.58,20.94,32400,KBS,2026-10-09T04:37:28Z
2021-08-31,SFI,21.18,21.18,20.48,20.56,23400,KBS,2026-10-09T04:37:28Z
2021-09-01,SFI,20.35,20.56,20.1,20.52,44000,KBS,2026-10-09T04:37:28Z
2021-09-06,SFI,20.5,21.18,20.35,20.94,39300,KBS,2026-10-09T04:37:28Z
2021-09-07,SFI,20.98,21.18,20.56,20.94,26100,KBS,2026-10-09T04:37:28Z
2021-09-08,SFI,20.94,22.39,20.77,22.02,46200,KBS,2026-10-09T04:37:28Z
2021-09-09,SFI,22.18,22.18,21.72,21.81,18600,KBS,2026-10-09T04:37:28Z
2021-09-10,SFI,21.81,22.43,21.6,22.22,31200,KBS,2026-10-09T04:37:28Z
2021-09-13,SFI,22.22,22.43,21.6,22.39,13500,KBS,2026-10-09T04:37:28Z
2021-09-14,SFI,22.35,22.35,21.48,21.97,24200,KBS,2026-10-09T04:37:28Z
2021-09-15,SFI,22.35,22.35,21.23,21.72,21000,KBS,2026-10-09T04:37:28Z
2021-09-16,SFI,20.98,21.68,20.98,21.56,25800,KBS,2026-10-09T04:37:28Z
2021-09-17,SFI,21.14,21.97,21.02,21.6,21800,KBS,2026-10-09T04:37:28Z
2021-09-20,SFI,21.39,21.64,21.23,21.43,13000,KBS,2026-10-09T04:37:28Z
2021-09-21,SFI,21.02,21.43,20.98,21.43,36800,KBS,2026-10-09T04:37:28Z
2021-09-22,SFI,21.18,21.43,21.18,21.43,6600,KBS,2026-10-09T04:37:28Z
2021-09-23,SFI,21.06,21.43,20.98,21.18,41000,KBS,2026-10-09T04:37:28Z
2021-09-24,SFI,20.81,21.18,20.77,20.77,21100,KBS,2026-10-09T04:37:28Z
2021-09-27,SFI,20.6,20.81,20.6,20.6,25600,KBS,2026-10-09T04:37:28Z
2021-09-28,SFI,20.56,20.56,20.52,20.56,2300,KBS,2026-10-09T04:37:28Z
2021-09-29,SFI,20.85,20.85,20.85,20.85,1200,KBS,2026-10-09T04:37:28Z
2021-09-30,SFI,20.73,20.85,20.56,20.56,12700,KBS,2026-10-09T04:37:28Z
2021-10-01,SFI,20.56,20.56,20.56,20.56,1200,KBS,2026-10-09T04:37:28Z
2021-10-04,SFI,20.77,20.77,20.56,20.56,14500,KBS,2026-10-09T04:37:28Z
2021-10-05,SFI,20.44,20.75,20.4,20.69,19000,KBS,2026-10-09T04:37:28Z
2021-10-06,SFI,20.73,21.39,20.73,21.31,8600,KBS,2026-10-09T04:37:28Z
2021-10-07,SFI,21.77,21.77,21.31,21.31,6400,KBS,2026-10-09T04:37:28Z
2021-10-08,SFI,21.35,21.35,21.14,21.14,10300,KBS,2026-10-09T04:37:28Z
2021-10-11,SFI,21.14,21.52,21.14,21.48,13600,KBS,2026-10-09T04:37:28Z
2021-10-12,SFI,21.56,22.85,21.56,22.64,54400,KBS,2026-10-09T04:37:28Z
2021-10-13,SFI,22.68,22.76,22.64,22.64,5300,KBS,2026-10-09T04:37:28Z
2021-10-14,SFI,22.43,22.85,22.02,22.02,10800,KBS,2026-10-09T04:37:28Z
2021-10-15,SFI,21.6,22.02,21.6,21.81,16500,KBS,2026-10-09T04:37:28Z
2021-10-18,SFI,21.81,23.05,21.81,22.85,15000,KBS,2026-10-09T04:37:28Z
2021-10-19,SFI,23.39,23.39,22.43,22.85,12400,KBS,2026-10-09T04:37:28Z
2021-10-20,SFI,22.47,22.85,22.47,22.85,25600,KBS,2026-10-09T04:37:28Z
2021-10-21,SFI,22.85,23.26,22.85,23.26,9800,KBS,2026-10-09T04:37:28Z
2021-10-22,SFI,23.47,23.68,23.26,23.34,8400,KBS,2026-10-09T04:37:28Z
2021-10-25,SFI,23.39,23.68,23.34,23.39,3900,KBS,2026-10-09T04:37:28Z
2021-10-26,SFI,23.76,24.09,23.39,24.09,12300,KBS,2026-10-09T04:37:28Z
2021-10-27,SFI,25.34,25.75,24.92,25.75,32400,KBS,2026-10-09T04:37:28Z
2021-10-28,SFI,26.92,27.54,26.63,27.54,30700,KBS,2026-10-09T04:37:28Z
2021-10-29,SFI,28.25,29.37,27.0,27.54,59000,KBS,2026-10-09T04:37:28Z
2021-11-01,SFI,28.25,28.25,26.21,27.0,25900,KBS,2026-10-09T04:37:28Z
2021-11-02,SFI,26.58,27.0,26.25,27.0,37000,KBS,2026-10-09T04:37:28Z
2021-11-03,SFI,27.0,27.0,26.67,27.0,9100,KBS,2026-10-09T04:37:28Z
2021-11-04,SFI,26.0,27.0,26.0,27.0,14300,KBS,2026-10-09T04:37:28Z
2021-11-05,SFI,25.88,27.0,25.88,26.92,27900,KBS,2026-10-09T04:37:28Z
2021-11-08,SFI,28.79,28.79,28.79,28.79,27700,KBS,2026-10-09T04:37:28Z
2021-11-09,SFI,30.28,30.28,28.66,28.91,7300,KBS,2026-10-09T04:37:28Z
2021-11-10,SFI,30.45,30.45,29.49,30.36,17800,KBS,2026-10-09T04:37:28Z
2021-11-11,SFI,31.11,32.48,30.74,32.48,45600,KBS,2026-10-09T04:37:28Z
2021-11-12,SFI,34.02,34.27,33.02,34.02,39600,KBS,2026-10-09T04:37:28Z
2021-11-15,SFI,33.85,33.85,32.94,33.06,5900,KBS,2026-10-09T04:37:28Z
2021-11-16,SFI,33.02,33.02,31.15,32.28,12900,KBS,2026-10-09T04:37:28Z
2021-11-17,SFI,31.57,31.9,31.4,31.9,11400,KBS,2026-10-09T04:37:28Z
2021-11-18,SFI,31.9,31.9,30.32,31.36,17400,KBS,2026-10-09T04:37:28Z
2021-11-19,SFI,31.36,31.36,30.52,30.61,8800,KBS,2026-10-09T04:37:28Z
2021-11-22,SFI,29.36,30.27,29.36,30.27,3200,KBS,2026-10-09T04:37:28Z
2021-11-23,SFI,29.31,29.73,29.31,29.69,4400,KBS,2026-10-09T04:37:28Z
2021-11-24,SFI,30.69,31.11,30.32,30.32,7300,KBS,2026-10-09T04:37:28Z
2021-11-25,SFI,30.32,30.4,30.02,30.02,23600,KBS,2026-10-09T04:37:28Z
2021-11-26,SFI,30.73,30.73,29.48,30.32,1100,KBS,2026-10-09T04:37:28Z
2021-11-29,SFI,29.69,31.36,29.69,30.52,46400,KBS,2026-10-09T04:37:28Z
2021-11-30,SFI,30.94,30.94,30.57,30.94,26500,KBS,2026-10-09T04:37:28Z
2021-12-01,SFI,30.94,31.11,30.4,30.52,4300,KBS,2026-10-09T04:37:28Z
2021-12-02,SFI,30.52,30.52,30.11,30.52,3800,KBS,2026-10-09T04:37:28Z
2021-12-03,SFI,30.65,30.65,29.9,30.52,3100,KBS,2026-10-09T04:37:28Z
2021-12-06,SFI,29.48,30.44,29.27,30.44,1500,KBS,2026-10-09T04:37:28Z
2021-12-07,SFI,30.44,30.44,29.9,30.4,5700,KBS,2026-10-09T04:37:28Z
2021-12-08,SFI,29.9,30.36,29.9,30.36,1800,KBS,2026-10-09T04:37:28Z
2021-12-09,SFI,30.32,30.32,29.69,30.02,3600,KBS,2026-10-09T04:37:28Z
2021-12-10,SFI,29.9,30.11,29.9,30.11,2900,KBS,2026-10-09T04:37:28Z
2021-12-13,SFI,30.32,31.36,29.52,30.52,6800,KBS,2026-10-09T04:37:28Z
2021-12-14,SFI,30.94,31.15,30.32,30.9,32500,KBS,2026-10-09T04:37:28Z
2021-12-15,SFI,31.36,31.36,30.94,31.24,23200,KBS,2026-10-09T04:37:28Z
2021-12-16,SFI,31.15,31.36,31.15,31.32,10500,KBS,2026-10-09T04:37:28Z
2021-12-17,SFI,30.57,31.28,30.57,31.28,1300,KBS,2026-10-09T04:37:28Z
2021-12-20,SFI,30.73,31.07,30.73,31.07,1000,KBS,2026-10-09T04:37:28Z
2021-12-21,SFI,30.86,30.86,29.73,30.52,9400,KBS,2026-10-09T04:37:28Z
2021-12-22,SFI,30.52,30.52,30.11,30.11,4000,KBS,2026-10-09T04:37:28Z
2021-12-23,SFI,29.73,29.73,28.02,29.65,9500,KBS,2026-10-09T04:37:28Z
2021-12-24,SFI,29.86,29.9,29.86,29.9,500,KBS,2026-10-09T04:37:28Z
2021-12-27,SFI,29.48,29.9,29.06,29.9,9700,KBS,2026-10-09T04:37:28Z
2021-12-28,SFI,29.9,30.32,29.9,30.11,5800,KBS,2026-10-09T04:37:28Z
2021-12-29,SFI,30.11,30.27,30.11,30.27,300,KBS,2026-10-09T04:37:28Z
2021-12-30,SFI,28.9,30.19,28.9,29.9,11800,KBS,2026-10-09T04:37:28Z
2021-12-31,SFI,29.48,29.82,28.9,29.82,12000,KBS,2026-10-09T04:37:28Z
2022-01-04,SFI,29.77,29.82,29.31,29.4,7300,KBS,2026-10-09T04:37:28Z
2022-01-05,SFI,30.36,30.36,29.27,29.27,15800,KBS,2026-10-09T04:37:28Z
2022-01-06,SFI,29.27,29.69,28.85,28.85,7600,KBS,2026-10-09T04:37:28Z
2022-01-07,SFI,29.02,29.19,28.44,29.06,9800,KBS,2026-10-09T04:37:28Z
2022-01-10,SFI,28.31,28.9,28.27,28.9,11200,KBS,2026-10-09T04:37:28Z
2022-01-11,SFI,28.23,29.19,28.23,29.06,5900,KBS,2026-10-09T04:37:28Z
2022-01-12,SFI,28.85,28.85,28.14,28.23,4700,KBS,2026-10-09T04:37:28Z
2022-01-13,SFI,28.31,28.31,27.52,28.02,1400,KBS,2026-10-09T04:37:28Z
2022-01-14,SFI,28.18,28.23,28.18,28.23,4100,KBS,2026-10-09T04:37:28Z
2022-01-17,SFI,28.18,28.18,27.72,27.72,1100,KBS,2026-10-09T04:37:28Z
2022-01-18,SFI,29.06,29.06,25.97,27.56,1700,KBS,2026-10-09T04:37:28Z
2022-01-19,SFI,27.52,27.52,26.34,27.18,7700,KBS,2026-10-09T04:37:28Z
2022-01-20,SFI,25.59,28.77,25.59,27.18,3800,KBS,2026-10-09T04:37:28Z
2022-01-21,SFI,27.56,27.6,26.76,26.8,26200,KBS,2026-10-09T04:37:28Z
2022-01-24,SFI,28.39,28.39,27.18,28.02,30800,KBS,2026-10-09T04:37:28Z
2022-01-25,SFI,27.18,28.02,27.18,28.02,300,KBS,2026-10-09T04:37:28Z
2022-01-26,SFI,27.22,28.64,27.18,28.35,15100,KBS,2026-10-09T04:37:28Z
2022-01-27,SFI,30.02,30.02,28.35,29.44,6500,KBS,2026-10-09T04:37:28Z
2022-01-28,SFI,29.44,30.94,29.44,30.06,3800,KBS,2026-10-09T04:37:28Z
2022-02-07,SFI,29.52,29.86,29.52,29.86,2800,KBS,2026-10-09T04:37:28Z
2022-02-08,SFI,29.98,29.98,29.86,29.86,4000,KBS,2026-10-09T04:37:28Z
2022-02-09,SFI,29.9,30.73,29.9,30.32,20100,KBS,2026-10-09T04:37:28Z
2022-02-10,SFI,30.32,30.32,30.32,30.32,400,KBS,2026-10-09T04:37:28Z
2022-02-11,SFI,30.69,30.69,30.27,30.27,500,KBS,2026-10-09T04:37:28Z
2022-02-14,SFI,30.32,30.32,29.69,30.19,23700,KBS,2026-10-09T04:37:28Z
2022-02-15,SFI,29.9,30.06,29.27,30.06,600,KBS,2026-10-09T04:37:28Z
2022-02-16,SFI,30.06,30.06,30.06,30.06,600,KBS,2026-10-09T04:37:28Z
2022-02-17,SFI,30.02,30.32,29.69,30.32,8400,KBS,2026-10-09T04:37:28Z
2022-02-18,SFI,29.69,30.32,29.69,30.11,2500,KBS,2026-10-09T04:37:28Z
2022-02-21,SFI,29.69,30.02,28.9,29.69,20500,KBS,2026-10-09T04:37:28Z
2022-02-22,SFI,29.6,29.6,29.06,29.6,1900,KBS,2026-10-09T04:37:28Z
2022-02-23,SFI,29.56,30.11,29.56,30.11,15900,KBS,2026-10-09T04:37:28Z
2022-02-24,SFI,28.9,29.69,28.44,28.44,1500,KBS,2026-10-09T04:37:28Z
2022-02-25,SFI,29.27,29.69,28.52,29.69,3100,KBS,2026-10-09T04:37:28Z
2022-02-28,SFI,29.56,29.56,29.52,29.52,2600,KBS,2026-10-09T04:37:28Z
2022-03-01,SFI,29.27,29.52,29.27,29.48,4000,KBS,2026-10-09T04:37:28Z
2022-03-02,SFI,29.27,29.52,28.85,29.52,7900,KBS,2026-10-09T04:37:28Z
2022-03-03,SFI,29.6,31.28,29.6,30.48,6800,KBS,2026-10-09T04:37:28Z
2022-03-04,SFI,30.48,31.15,30.48,31.15,1600,KBS,2026-10-09T04:37:28Z
2022-03-07,SFI,30.52,30.52,29.4,30.52,3300,KBS,2026-10-09T04:37:28Z
2022-03-08,SFI,29.69,30.4,29.4,30.4,16000,KBS,2026-10-09T04:37:28Z
2022-03-09,SFI,30.11,31.36,29.98,30.94,37500,KBS,2026-10-09T04:37:28Z
2022-03-10,SFI,31.07,31.07,30.73,30.94,4400,KBS,2026-10-09T04:37:28Z
2022-03-11,SFI,30.61,30.86,30.52,30.57,13000,KBS,2026-10-09T04:37:28Z
2022-03-14,SFI,30.52,30.57,30.11,30.52,24800,KBS,2026-10-09T04:37:28Z
2022-03-15,SFI,30.48,30.52,30.23,30.23,4800,KBS,2026-10-09T04:37:28Z
2022-03-16,SFI,31.15,31.15,30.32,30.32,5800,KBS,2026-10-09T04:37:28Z
2022-03-17,SFI,30.11,30.27,30.11,30.27,8600,KBS,2026-10-09T04:37:28Z
2022-03-18,SFI,30.61,32.36,30.61,32.36,44300,KBS,2026-10-09T04:37:28Z
2022-03-21,SFI,33.49,34.2,33.45,33.49,16000,KBS,2026-10-09T04:37:28Z
2022-03-22,SFI,34.5,34.5,33.08,33.66,3900,KBS,2026-10-09T04:37:28Z
2022-03-23,SFI,33.33,33.33,32.83,33.33,11000,KBS,2026-10-09T04:37:28Z
2022-03-24,SFI,33.45,33.45,33.03,33.08,11800,KBS,2026-10-09T04:37:28Z
2022-03-25,SFI,33.41,35.38,33.24,35.38,36600,KBS,2026-10-09T04:37:28Z
2022-03-28,SFI,34.71,37.63,34.71,35.54,6100,KBS,2026-10-09T04:37:28Z
2022-03-29,SFI,37.09,37.09,35.96,36.38,8600,KBS,2026-10-09T04:37:28Z
2022-03-30,SFI,36.76,36.76,34.08,35.79,4600,KBS,2026-10-09T04:37:28Z
2022-03-31,SFI,35.79,35.79,34.79,34.79,7900,KBS,2026-10-09T04:37:28Z
2022-04-01,SFI,32.91,34.92,32.91,34.92,6200,KBS,2026-10-09T04:37:28Z
2022-04-04,SFI,34.41,35.04,33.91,34.16,15200,KBS,2026-10-09T04:37:28Z
2022-04-05,SFI,33.58,35.12,33.58,35.12,9600,KBS,2026-10-09T04:37:28Z
2022-04-06,SFI,34.71,35.54,34.29,35.12,2200,KBS,2026-10-09T04:37:28Z
2022-04-07,SFI,34.16,34.66,34.16,34.62,2100,KBS,2026-10-09T04:37:28Z
2022-04-08,SFI,34.16,34.62,33.7,33.7,2800,KBS,2026-10-09T04:37:28Z
2022-04-12,SFI,33.08,34.66,33.08,33.24,6000,KBS,2026-10-09T04:37:28Z
2022-04-13,SFI,33.24,34.2,33.08,34.2,8400,KBS,2026-10-09T04:37:28Z
2022-04-14,SFI,34.2,34.29,33.45,34.29,1100,KBS,2026-10-09T04:37:28Z
2022-04-15,SFI,34.25,34.25,33.28,33.87,4100,KBS,2026-10-09T04:37:28Z
2022-04-18,SFI,33.03,33.24,32.36,33.12,7900,KBS,2026-10-09T04:37:28Z
2022-04-19,SFI,32.87,33.24,32.83,32.83,2300,KBS,2026-10-09T04:37:28Z
2022-04-20,SFI,31.99,32.91,31.99,32.91,3100,KBS,2026-10-09T04:37:28Z
2022-04-21,SFI,32.41,32.62,32.36,32.62,1200,KBS,2026-10-09T04:37:28Z
2022-04-22,SFI,33.03,33.03,32.62,32.62,4700,KBS,2026-10-09T04:37:28Z
2022-04-25,SFI,32.66,33.03,30.44,31.32,8100,KBS,2026-10-09T04:37:28Z
2022-04-26,SFI,32.62,32.62,32.45,32.45,2200,KBS,2026-10-09T04:37:28Z
2022-04-27,SFI,32.45,32.45,31.78,32.36,5200,KBS,2026-10-09T04:37:28Z
2022-04-28,SFI,32.41,32.54,32.41,32.54,1000,KBS,2026-10-09T04:37:28Z
2022-04-29,SFI,32.54,34.54,32.54,34.5,26400,KBS,2026-10-09T04:37:28Z
2022-05-04,SFI,34.54,35.35,33.94,34.5,25200,KBS,2026-10-09T04:37:28Z
2022-05-05,SFI,34.33,34.54,33.69,34.03,15900,KBS,2026-10-09T04:37:28Z
2022-05-06,SFI,34.03,34.03,33.86,34.03,10200,KBS,2026-10-09T04:37:28Z
2022-05-09,SFI,33.26,33.26,31.68,32.79,15500,KBS,2026-10-09T04:37:28Z
2022-05-10,SFI,32.41,32.41,32.41,32.41,2100,KBS,2026-10-09T04:37:28Z
2022-05-11,SFI,32.45,32.45,31.98,32.41,2400,KBS,2026-10-09T04:37:28Z
2022-05-12,SFI,31.98,32.41,31.56,32.36,6500,KBS,2026-10-09T04:37:28Z
2022-05-13,SFI,32.02,32.02,30.1,30.1,35600,KBS,2026-10-09T04:37:28Z
2022-05-16,SFI,29.21,31.98,29.21,29.85,2100,KBS,2026-10-09T04:37:28Z
2022-05-17,SFI,29.85,29.85,29.85,29.85,3900,KBS,2026-10-09T04:37:28Z
2022-05-18,SFI,29.85,30.66,29.85,30.66,18100,KBS,2026-10-09T04:37:28Z
2022-05-19,SFI,29.17,30.28,29.17,30.28,4100,KBS,2026-10-09T04:37:28Z
2022-05-20,SFI,30.28,30.28,29.89,29.89,1400,KBS,2026-10-09T04:37:28Z
2022-05-23,SFI,29.51,29.51,29.0,29.0,14100,KBS,2026-10-09T04:37:28Z
2022-05-24,SFI,29.0,29.42,29.0,29.0,20000,KBS,2026-10-09T04:37:28Z
2022-05-25,SFI,29.0,30.06,28.14,30.06,4300,KBS,2026-10-09T04:37:28Z
2022-05-26,SFI,29.85,30.19,29.64,30.19,700,KBS,2026-10-09T04:37:28Z
2022-05-27,SFI,28.78,29.76,28.78,29.76,1400,KBS,2026-10-09T04:37:28Z
2022-05-30,SFI,30.02,30.02,29.42,29.51,1500,KBS,2026-10-09T04:37:28Z
2022-05-31,SFI,29.0,29.85,28.87,28.87,2400,KBS,2026-10-09T04:37:28Z
2022-06-01,SFI,28.87,29.25,27.97,29.25,57300,KBS,2026-10-09T04:37:28Z
2022-06-02,SFI,28.57,29.81,28.27,29.76,24900,KBS,2026-10-09T04:37:28Z
2022-06-03,SFI,27.84,28.36,27.84,28.36,5000,KBS,2026-10-09T04:37:28Z
2022-06-06,SFI,28.78,28.78,28.14,28.19,8800,KBS,2026-10-09T04:37:28Z
2022-06-07,SFI,28.57,29.38,26.91,29.38,5100,KBS,2026-10-09T04:37:28Z
2022-06-08,SFI,28.19,29.0,27.93,28.7,13100,KBS,2026-10-09T04:37:28Z
2022-06-09,SFI,28.7,28.95,28.36,28.95,6700,KBS,2026-10-09T04:37:28Z
2022-06-10,SFI,28.36,29.0,28.14,28.14,3900,KBS,2026-10-09T04:37:28Z
2022-06-13,SFI,27.93,27.93,26.52,27.84,7900,KBS,2026-10-09T04:37:28Z
2022-06-14,SFI,26.86,27.5,26.86,27.5,2000,KBS,2026-10-09T04:37:28Z
2022-06-15,SFI,26.86,28.4,25.58,25.58,25400,KBS,2026-10-09T04:37:28Z
2022-06-16,SFI,25.58,26.86,25.58,26.48,5300,KBS,2026-10-09T04:37:28Z
2022-06-17,SFI,26.86,26.86,26.44,26.44,10000,KBS,2026-10-09T04:37:28Z
2022-06-20,SFI,25.63,26.1,24.73,26.1,15900,KBS,2026-10-09T04:37:28Z
2022-06-21,SFI,26.65,26.65,25.58,25.58,37400,KBS,2026-10-09T04:37:28Z
2022-06-22,SFI,26.86,26.86,25.58,25.58,34000,KBS,2026-10-09T04:37:28Z
2022-06-23,SFI,25.58,26.01,25.58,26.01,1900,KBS,2026-10-09T04:37:28Z
2022-06-24,SFI,26.65,26.65,25.58,25.58,800,KBS,2026-10-09T04:37:28Z
2022-06-27,SFI,25.58,26.44,25.58,26.44,3000,KBS,2026-10-09T04:37:28Z
2022-06-28,SFI,26.44,26.78,25.58,26.78,5100,KBS,2026-10-09T04:37:28Z
2022-06-29,SFI,25.71,26.4,24.99,26.4,900,KBS,2026-10-09T04:37:28Z
2022-06-30,SFI,26.65,26.65,26.65,26.65,100,KBS,2026-10-09T04:37:28Z
2022-07-01,SFI,26.4,26.4,24.99,24.99,2100,KBS,2026-10-09T04:37:28Z
2022-07-04,SFI,25.42,26.18,25.42,25.97,2400,KBS,2026-10-09T04:37:28Z
2022-07-05,SFI,25.97,25.97,25.2,25.58,4200,KBS,2026-10-09T04:37:28Z
2022-07-06,SFI,25.46,26.1,24.73,25.58,2800,KBS,2026-10-09T04:37:28Z
2022-07-07,SFI,24.78,25.16,24.78,25.16,1100,KBS,2026-10-09T04:37:28Z
2022-07-08,SFI,25.54,25.58,25.54,25.58,13000,KBS,2026-10-09T04:37:28Z
2022-07-11,SFI,25.54,25.58,25.46,25.58,7300,KBS,2026-10-09T04:37:28Z
2022-07-12,SFI,25.54,25.54,25.54,25.54,800,KBS,2026-10-09T04:37:28Z
2022-07-13,SFI,26.69,26.69,26.69,26.69,100,KBS,2026-10-09T04:37:28Z
2022-07-14,SFI,25.58,26.4,25.58,25.58,9400,KBS,2026-10-09T04:37:28Z
2022-07-15,SFI,25.58,25.58,25.58,25.58,4500,KBS,2026-10-09T04:37:28Z
2022-07-18,SFI,25.63,25.63,25.58,25.58,11300,KBS,2026-10-09T04:37:28Z
2022-07-19,SFI,25.58,26.18,25.58,26.18,600,KBS,2026-10-09T04:37:28Z
2022-07-20,SFI,26.18,26.18,26.18,26.18,400,KBS,2026-10-09T04:37:28Z
2022-07-21,SFI,26.18,26.18,26.18,26.18,400,KBS,2026-10-09T04:37:28Z
2022-07-22,SFI,27.21,27.72,26.44,26.95,11500,KBS,2026-10-09T04:37:28Z
2022-07-25,SFI,27.29,27.29,26.44,26.44,5700,KBS,2026-10-09T04:37:28Z
2022-07-26,SFI,26.86,26.86,26.35,26.86,2200,KBS,2026-10-09T04:37:28Z
2022-07-27,SFI,26.27,26.95,26.22,26.95,4100,KBS,2026-10-09T04:37:28Z
2022-07-28,SFI,26.99,28.06,26.99,27.97,2000,KBS,2026-10-09T04:37:28Z
2022-07-29,SFI,28.57,28.74,28.14,28.48,10200,KBS,2026-10-09T04:37:28Z
2022-08-01,SFI,28.61,29.21,28.61,28.66,17300,KBS,2026-10-09T04:37:28Z
2022-08-02,SFI,28.31,29.38,28.23,28.66,14600,KBS,2026-10-09T04:37:28Z
2022-08-03,SFI,28.66,28.66,27.84,28.14,8000,KBS,2026-10-09T04:37:28Z
2022-08-04,SFI,27.84,28.53,27.76,28.53,3200,KBS,2026-10-09T04:37:28Z
2022-08-05,SFI,29.04,29.04,28.78,28.91,9200,KBS,2026-10-09T04:37:28Z
2022-08-08,SFI,29.25,29.42,29.0,29.34,58400,KBS,2026-10-09T04:37:28Z
2022-08-09,SFI,31.22,31.22,29.95,30.07,27700,KBS,2026-10-09T04:37:28Z
2022-08-10,SFI,30.07,30.07,29.75,30.07,10200,KBS,2026-10-09T04:37:28Z
2022-08-11,SFI,30.36,30.36,29.31,29.98,10700,KBS,2026-10-09T04:37:28Z
2022-08-12,SFI,29.43,29.43,28.15,29.43,12600,KBS,2026-10-09T04:37:28Z
2022-08-15,SFI,29.75,29.75,28.92,28.92,8900,KBS,2026-10-09T04:37:28Z
2022-08-16,SFI,29.43,29.43,28.79,28.79,7200,KBS,2026-10-09T04:37:28Z
2022-08-17,SFI,28.73,28.79,28.19,28.73,6700,KBS,2026-10-09T04:37:28Z
2022-08-18,SFI,28.73,28.73,28.15,28.19,5800,KBS,2026-10-09T04:37:28Z
2022-08-19,SFI,28.15,28.19,28.03,28.03,13200,KBS,2026-10-09T04:37:28Z
2022-08-22,SFI,28.03,28.03,27.51,27.51,15400,KBS,2026-10-09T04:37:28Z
2022-08-23,SFI,27.51,28.92,27.45,28.92,10900,KBS,2026-10-09T04:37:28Z
2022-08-24,SFI,29.43,29.43,28.15,29.08,2000,KBS,2026-10-09T04:37:28Z
2022-08-25,SFI,29.11,29.75,29.11,29.34,15600,KBS,2026-10-09T04:37:28Z
2022-08-26,SFI,29.24,29.43,28.99,28.99,4100,KBS,2026-10-09T04:37:28Z
2022-08-29,SFI,28.47,29.37,28.15,29.31,14300,KBS,2026-10-09T04:37:28Z
2022-08-30,SFI,29.47,29.5,28.79,28.79,3300,KBS,2026-10-09T04:37:28Z
2022-08-31,SFI,29.34,29.34,28.54,28.79,5700,KBS,2026-10-09T04:37:28Z
2022-09-05,SFI,29.4,29.4,28.6,28.79,5400,KBS,2026-10-09T04:37:28Z
2022-09-06,SFI,28.63,28.79,28.6,28.6,9600,KBS,2026-10-09T04:37:28Z
2022-09-07,SFI,28.57,28.57,27.96,27.96,12100,KBS,2026-10-09T04:37:28Z
2022-09-08,SFI,27.83,29.27,27.83,28.67,7600,KBS,2026-10-09T04:37:28Z
2022-09-09,SFI,28.67,28.73,28.67,28.7,600,KBS,2026-10-09T04:37:28Z
2022-09-12,SFI,28.41,28.47,28.41,28.41,9100,KBS,2026-10-09T04:37:28Z
2022-09-13,SFI,28.47,28.79,28.47,28.51,5200,KBS,2026-10-09T04:37:28Z
2022-09-14,SFI,28.51,28.51,27.71,28.51,3500,KBS,2026-10-09T04:37:28Z
2022-09-15,SFI,28.15,30.07,28.15,30.07,13700,KBS,2026-10-09T04:37:28Z
2022-09-16,SFI,29.63,30.07,29.11,29.82,26000,KBS,2026-10-09T04:37:28Z
2022-09-19,SFI,29.43,29.98,28.79,29.31,7500,KBS,2026-10-09T04:37:28Z
2022-09-20,SFI,28.63,29.21,27.87,28.6,14600,KBS,2026-10-09T04:37:28Z
2022-09-21,SFI,28.47,29.02,26.62,28.6,15600,KBS,2026-10-09T04:37:28Z
2022-09-22,SFI,28.57,28.57,28.15,28.25,3300,KBS,2026-10-09T04:37:28Z
2022-09-23,SFI,28.09,28.6,27.51,28.06,25900,KBS,2026-10-09T04:37:28Z
2022-09-26,SFI,27.87,28.79,26.87,27.48,18200,KBS,2026-10-09T04:37:28Z
2022-09-27,SFI,27.9,27.9,26.65,26.87,22300,KBS,2026-10-09T04:37:28Z
2022-09-28,SFI,27.48,27.48,25.59,26.68,13600,KBS,2026-10-09T04:37:28Z
2022-09-29,SFI,27.13,27.13,26.33,26.84,3400,KBS,2026-10-09T04:37:28Z
2022-09-30,SFI,26.55,26.84,25.12,26.84,14800,KBS,2026-10-09T04:37:28Z
2022-10-04,SFI,27.55,27.55,26.2,26.2,1500,KBS,2026-10-09T04:37:28Z
2022-10-05,SFI,26.17,26.2,25.53,25.6,9300,KBS,2026-10-09T04:37:28Z
2022-10-06,SFI,25.67,25.67,25.2,25.2,3200,KBS,2026-10-09T04:37:28Z
2022-10-07,SFI,25.06,25.06,23.45,24.12,11300,KBS,2026-10-09T04:37:28Z
2022-10-10,SFI,24.12,24.79,23.38,24.12,2700,KBS,2026-10-09T04:37:28Z
2022-10-11,SFI,23.58,23.58,22.44,22.84,4200,KBS,2026-10-09T04:37:28Z
2022-10-12,SFI,22.84,24.16,21.3,22.48,11400,KBS,2026-10-09T04:37:28Z
2022-10-13,SFI,22.84,22.84,21.37,22.41,19400,KBS,2026-10-09T04:37:28Z
2022-10-14,SFI,22.58,23.18,22.44,22.51,3900,KBS,2026-10-09T04:37:28Z
2022-10-17,SFI,22.51,22.84,22.51,22.84,8600,KBS,2026-10-09T04:37:28Z
2022-10-18,SFI,22.84,24.19,22.84,24.19,10100,KBS,2026-10-09T04:37:28Z
2022-10-19,SFI,24.83,24.83,23.62,23.62,1900,KBS,2026-10-09T04:37:28Z
2022-10-20,SFI,22.91,24.99,22.91,24.99,5500,KBS,2026-10-09T04:37:28Z
2022-10-21,SFI,23.45,24.52,23.25,23.52,8600,KBS,2026-10-09T04:37:28Z
2022-10-24,SFI,23.52,24.99,22.17,24.59,5300,KBS,2026-10-09T04:37:28Z
2022-10-25,SFI,23.52,23.52,22.98,22.98,1900,KBS,2026-10-09T04:37:28Z
2022-10-26,SFI,22.17,22.31,22.17,22.17,2200,KBS,2026-10-09T04:37:28Z
2022-10-27,SFI,21.5,23.42,21.5,23.42,1400,KBS,2026-10-09T04:37:28Z
2022-10-28,SFI,24.29,24.32,23.58,23.58,3100,KBS,2026-10-09T04:37:28Z
2022-10-31,SFI,23.95,23.95,22.91,23.92,3200,KBS,2026-10-09T04:37:28Z
2022-11-01,SFI,22.68,24.12,22.27,24.12,1100,KBS,2026-10-09T04:37:28Z
2022-11-02,SFI,22.84,22.88,22.64,22.68,26900,KBS,2026-10-09T04:37:28Z
2022-11-03,SFI,22.68,22.68,22.68,22.68,1600,KBS,2026-10-09T04:37:28Z
2022-11-04,SFI,21.84,22.51,21.26,22.44,14300,KBS,2026-10-09T04:37:28Z
2022-11-07,SFI,22.41,22.41,21.57,22.1,2700,KBS,2026-10-09T04:37:28Z
2022-11-08,SFI,21.5,21.5,20.96,21.37,6600,KBS,2026-10-09T04:37:28Z
2022-11-09,SFI,21.97,21.97,21.2,21.7,3800,KBS,2026-10-09T04:37:28Z
2022-11-10,SFI,20.83,21.03,20.19,20.19,15200,KBS,2026-10-09T04:37:28Z
2022-11-11,SFI,20.83,20.83,20.16,20.49,42700,KBS,2026-10-09T04:37:28Z
2022-11-14,SFI,20.16,20.16,19.48,19.55,3700,KBS,2026-10-09T04:37:28Z
2022-11-15,SFI,18.81,18.88,18.21,18.21,15700,KBS,2026-10-09T04:37:28Z
2022-11-16,SFI,17.47,19.45,16.96,19.45,6600,KBS,2026-10-09T04:37:28Z
2022-11-17,SFI,20.73,20.73,20.46,20.69,1400,KBS,2026-10-09T04:37:28Z
2022-11-18,SFI,20.69,21.4,19.69,21.4,3800,KBS,2026-10-09T04:37:28Z
2022-11-21,SFI,21.37,22.78,21.37,22.78,16100,KBS,2026-10-09T04:37:28Z
2022-11-22,SFI,22.78,22.78,22.17,22.17,300,KBS,2026-10-09T04:37:28Z
2022-11-23,SFI,23.42,23.42,22.78,22.78,200,KBS,2026-10-09T04:37:28Z
2022-11-25,SFI,22.64,22.64,21.23,22.54,500,KBS,2026-10-09T04:37:28Z
2022-11-28,SFI,22.54,22.78,22.54,22.78,5500,KBS,2026-10-09T04:37:28Z
2022-11-29,SFI,23.65,23.65,21.2,22.84,2900,KBS,2026-10-09T04:37:28Z
2022-11-30,SFI,23.18,23.18,21.6,21.6,3900,KBS,2026-10-09T04:37:28Z
2022-12-01,SFI,23.01,23.01,21.87,22.64,300,KBS,2026-10-09T04:37:28Z
2022-12-02,SFI,21.4,22.44,21.4,22.44,500,KBS,2026-10-09T04:37:28Z
2022-12-05,SFI,22.91,22.91,22.04,22.07,11100,KBS,2026-10-09T04:37:28Z
2022-12-06,SFI,22.37,22.37,22.17,22.31,1600,KBS,2026-10-09T04:37:28Z
2022-12-07,SFI,22.37,22.44,21.06,22.24,9100,KBS,2026-10-09T04:37:28Z
2022-12-08,SFI,22.31,22.31,22.24,22.24,2200,KBS,2026-10-09T04:37:28Z
2022-12-09,SFI,21.53,22.14,21.53,22.14,200,KBS,2026-10-09T04:37:28Z
2022-12-12,SFI,22.14,22.88,22.14,22.88,11400,KBS,2026-10-09T04:37:28Z
2022-12-13,SFI,22.17,22.17,22.17,22.17,400,KBS,2026-10-09T04:37:28Z
2022-12-14,SFI,23.18,23.18,22.17,22.17,900,KBS,2026-10-09T04:37:28Z
2022-12-15,SFI,22.17,22.51,22.17,22.17,3900,KBS,2026-10-09T04:37:28Z
2022-12-16,SFI,22.84,22.84,21.67,22.17,16000,KBS,2026-10-09T04:37:28Z
2022-12-19,SFI,22.58,22.58,22.17,22.17,33700,KBS,2026-10-09T04:37:28Z
2022-12-20,SFI,21.5,22.37,21.5,21.5,4600,KBS,2026-10-09T04:37:28Z
2022-12-21,SFI,22.48,22.48,21.03,21.03,10800,KBS,2026-10-09T04:37:28Z
2022-12-22,SFI,22.37,22.37,20.9,22.17,5200,KBS,2026-10-09T04:37:28Z
2022-12-26,SFI,21.2,21.2,21.16,21.16,4700,KBS,2026-10-09T04:37:28Z
2022-12-27,SFI,22.41,22.41,21.16,21.77,700,KBS,2026-10-09T04:37:28Z
2022-12-28,SFI,21.74,22.14,21.74,22.14,500,KBS,2026-10-09T04:37:28Z
2022-12-29,SFI,22.1,22.17,22.0,22.0,1300,KBS,2026-10-09T04:37:28Z
2022-12-30,SFI,22.21,22.21,22.21,22.21,100,KBS,2026-10-09T04:37:28Z
2023-01-03,SFI,22.21,22.24,22.04,22.24,1000,KBS,2026-10-09T04:37:28Z
2023-01-04,SFI,22.17,22.17,21.7,21.7,2700,KBS,2026-10-09T04:37:28Z
2023-01-05,SFI,21.7,22.64,21.7,22.64,14500,KBS,2026-10-09T04:37:28Z
2023-01-06,SFI,23.11,23.11,22.1,22.17,24800,KBS,2026-10-09T04:37:28Z
2023-01-09,SFI,22.14,22.14,21.97,22.1,1100,KBS,2026-10-09T04:37:28Z
2023-01-10,SFI,22.0,22.17,21.67,22.17,6500,KBS,2026-10-09T04:37:28Z
2023-01-11,SFI,22.17,22.17,22.17,22.17,11200,KBS,2026-10-09T04:37:28Z
2023-01-12,SFI,22.78,23.18,22.17,23.18,22500,KBS,2026-10-09T04:37:28Z
2023-01-13,SFI,22.54,23.48,22.51,23.38,10600,KBS,2026-10-09T04:37:28Z
2023-01-16,SFI,24.32,24.32,22.98,23.38,2600,KBS,2026-10-09T04:37:28Z
2023-01-17,SFI,23.52,23.75,23.38,23.75,13100,KBS,2026-10-09T04:37:28Z
2023-01-18,SFI,23.78,23.99,23.72,23.99,27800,KBS,2026-10-09T04:37:28Z
2023-01-19,SFI,24.02,24.73,24.02,24.73,13200,KBS,2026-10-09T04:37:28Z
2023-01-27,SFI,26.07,26.07,24.73,25.13,22000,KBS,2026-10-09T04:37:28Z
2023-01-30,SFI,25.53,25.94,25.26,25.67,16700,KBS,2026-10-09T04:37:28Z
2023-01-31,SFI,25.7,25.73,25.6,25.73,12100,KBS,2026-10-09T04:37:28Z
2023-02-01,SFI,26.14,27.51,25.9,27.35,13300,KBS,2026-10-09T04:37:28Z
2023-02-02,SFI,28.05,28.05,26.44,26.47,18400,KBS,2026-10-09T04:37:28Z
2023-02-03,SFI,26.47,27.55,26.47,27.28,9600,KBS,2026-10-09T04:37:28Z
2023-02-06,SFI,27.28,27.48,26.88,27.24,20800,KBS,2026-10-09T04:37:28Z
2023-02-07,SFI,27.21,27.24,26.57,27.01,17000,KBS,2026-10-09T04:37:28Z
2023-02-08,SFI,27.58,27.58,25.17,25.84,19800,KBS,2026-10-09T04:37:28Z
2023-02-09,SFI,25.46,26.37,25.46,26.37,3100,KBS,2026-10-09T04:37:28Z
2023-02-10,SFI,26.37,26.37,25.81,25.81,1500,KBS,2026-10-09T04:37:28Z
2023-02-13,SFI,25.84,25.84,25.03,25.74,4100,KBS,2026-10-09T04:37:28Z
2023-02-14,SFI,24.89,26.3,24.89,26.3,3600,KBS,2026-10-09T04:37:28Z
2023-02-15,SFI,25.31,26.48,25.1,26.48,9300,KBS,2026-10-09T04:37:28Z
2023-02-16,SFI,26.23,26.23,26.16,26.16,3600,KBS,2026-10-09T04:37:28Z
2023-02-17,SFI,26.2,26.27,26.16,26.27,1100,KBS,2026-10-09T04:37:28Z
2023-02-20,SFI,26.3,26.76,26.2,26.66,8100,KBS,2026-10-09T04:37:28Z
2023-02-21,SFI,26.66,26.69,26.66,26.69,7700,KBS,2026-10-09T04:37:28Z
2023-02-22,SFI,26.66,26.66,26.66,26.66,100,KBS,2026-10-09T04:37:28Z
2023-02-23,SFI,25.84,25.91,25.84,25.84,2500,KBS,2026-10-09T04:37:28Z
2023-02-24,SFI,26.13,26.16,25.81,25.95,3700,KBS,2026-10-09T04:37:28Z
2023-02-27,SFI,25.91,26.13,25.88,26.13,1400,KBS,2026-10-09T04:37:28Z
2023-02-28,SFI,26.13,26.13,25.52,25.81,700,KBS,2026-10-09T04:37:28Z
2023-03-01,SFI,25.95,25.95,25.1,25.1,1400,KBS,2026-10-09T04:37:28Z
2023-03-02,SFI,25.17,25.77,25.17,25.77,200,KBS,2026-10-09T04:37:28Z
2023-03-03,SFI,25.38,25.38,25.38,25.38,200,KBS,2026-10-09T04:37:28Z
2023-03-06,SFI,25.42,25.77,25.17,25.46,4700,KBS,2026-10-09T04:37:28Z
2023-03-07,SFI,25.46,25.74,25.17,25.17,3400,KBS,2026-10-09T04:37:28Z
2023-03-08,SFI,25.7,25.7,25.21,25.21,4200,KBS,2026-10-09T04:37:28Z
2023-03-09,SFI,25.21,25.31,25.1,25.31,20300,KBS,2026-10-09T04:37:28Z
2023-03-10,SFI,25.38,25.46,25.31,25.31,12900,KBS,2026-10-09T04:37:28Z
2023-03-13,SFI,25.46,25.46,25.46,25.46,100,KBS,2026-10-09T04:37:28Z
2023-03-14,SFI,25.46,25.7,24.75,25.7,7000,KBS,2026-10-09T04:37:28Z
2023-03-15,SFI,25.6,25.74,25.6,25.74,2400,KBS,2026-10-09T04:37:28Z
2023-03-16,SFI,25.7,25.74,24.92,24.96,23500,KBS,2026-10-09T04:37:28Z
2023-03-17,SFI,25.56,25.56,24.75,25.38,1600,KBS,2026-10-09T04:37:28Z
2023-03-20,SFI,24.78,25.38,24.75,24.75,11800,KBS,2026-10-09T04:37:28Z
2023-03-21,SFI,25.03,25.21,24.75,25.21,4200,KBS,2026-10-09T04:37:28Z
2023-03-22,SFI,25.35,25.35,25.21,25.21,400,KBS,2026-10-09T04:37:28Z
2023-03-23,SFI,25.24,25.38,25.24,25.38,2900,KBS,2026-10-09T04:37:28Z
2023-03-24,SFI,25.38,25.56,25.38,25.42,8500,KBS,2026-10-09T04:37:28Z
2023-03-27,SFI,25.46,25.46,25.42,25.42,5100,KBS,2026-10-09T04:37:28Z
2023-03-28,SFI,25.6,25.6,25.49,25.49,300,KBS,2026-10-09T04:37:28Z
2023-03-29,SFI,25.49,25.49,25.38,25.38,1700,KBS,2026-10-09T04:37:28Z
2023-03-30,SFI,25.56,25.56,25.17,25.17,700,KBS,2026-10-09T04:37:28Z
2023-03-31,SFI,25.6,25.84,25.46,25.46,4400,KBS,2026-10-09T04:37:28Z
2023-04-03,SFI,25.98,25.98,25.24,25.56,2200,KBS,2026-10-09T04:37:28Z
2023-04-04,SFI,25.35,25.74,25.31,25.52,5300,KBS,2026-10-09T04:37:28Z
2023-04-05,SFI,25.81,26.66,25.81,26.16,29500,KBS,2026-10-09T04:37:28Z
2023-04-06,SFI,26.16,26.55,26.16,26.16,2000,KBS,2026-10-09T04:37:28Z
2023-04-07,SFI,26.02,26.02,25.46,25.98,3000,KBS,2026-10-09T04:37:28Z
2023-04-10,SFI,25.46,25.46,25.46,25.46,200,KBS,2026-10-09T04:37:28Z
2023-04-11,SFI,25.17,25.46,24.75,24.82,22600,KBS,2026-10-09T04:37:28Z
2023-04-12,SFI,24.89,25.07,24.75,24.82,4400,KBS,2026-10-09T04:37:28Z
2023-04-13,SFI,25.46,25.46,24.82,24.85,9400,KBS,2026-10-09T04:37:28Z
2023-04-14,SFI,25.28,25.84,25.24,25.81,14000,KBS,2026-10-09T04:37:28Z
2023-04-17,SFI,27.43,27.43,26.52,26.8,42300,KBS,2026-10-09T04:37:28Z
2023-04-18,SFI,26.62,26.8,25.81,26.44,17800,KBS,2026-10-09T04:37:28Z
2023-04-19,SFI,26.69,27.01,26.52,27.01,29200,KBS,2026-10-09T04:37:28Z
2023-04-20,SFI,27.01,27.93,27.01,27.65,31300,KBS,2026-10-09T04:37:28Z
2023-04-21,SFI,27.93,27.93,27.58,27.68,39800,KBS,2026-10-09T04:37:28Z
2023-04-24,SFI,27.93,27.93,27.65,27.72,68200,KBS,2026-10-09T04:37:28Z
2023-04-25,SFI,28.98,28.98,27.17,27.17,16500,KBS,2026-10-09T04:37:28Z
2023-04-26,SFI,27.17,27.17,25.63,27.09,14800,KBS,2026-10-09T04:37:28Z
2023-04-27,SFI,26.14,27.48,26.14,26.38,3600,KBS,2026-10-09T04:37:28Z
2023-04-28,SFI,26.3,26.3,25.75,25.75,17900,KBS,2026-10-09T04:37:28Z
2023-05-04,SFI,25.75,25.75,25.36,25.75,12100,KBS,2026-10-09T04:37:28Z
2023-05-05,SFI,25.36,25.75,25.32,25.75,9500,KBS,2026-10-09T04:37:28Z
2023-05-08,SFI,25.28,25.63,25.2,25.55,9200,KBS,2026-10-09T04:37:28Z
2023-05-09,SFI,25.67,25.67,25.36,25.59,14800,KBS,2026-10-09T04:37:28Z
2023-05-10,SFI,25.59,25.79,25.59,25.79,15200,KBS,2026-10-09T04:37:28Z
2023-05-11,SFI,25.95,26.18,25.95,26.1,11800,KBS,2026-10-09T04:37:28Z
2023-05-12,SFI,26.38,26.73,26.38,26.69,8200,KBS,2026-10-09T04:37:28Z
2023-05-15,SFI,26.85,26.85,26.38,26.85,6000,KBS,2026-10-09T04:37:28Z
2023-05-16,SFI,26.89,26.93,26.38,26.46,15900,KBS,2026-10-09T04:37:28Z
2023-05-17,SFI,26.42,26.42,26.38,26.42,12700,KBS,2026-10-09T04:37:28Z
2023-05-18,SFI,26.38,26.46,26.34,26.42,7800,KBS,2026-10-09T04:37:28Z
2023-05-19,SFI,26.38,26.46,26.38,26.38,3300,KBS,2026-10-09T04:37:28Z
2023-05-22,SFI,26.46,26.69,26.38,26.65,1800,KBS,2026-10-09T04:37:28Z
2023-05-23,SFI,26.65,26.89,26.65,26.81,2100,KBS,2026-10-09T04:37:28Z
2023-05-24,SFI,26.93,26.93,26.77,26.77,800,KBS,2026-10-09T04:37:28Z
2023-05-25,SFI,26.97,27.05,26.77,26.77,600,KBS,2026-10-09T04:37:28Z
2023-05-26,SFI,26.81,26.81,26.38,26.69,17700,KBS,2026-10-09T04:37:28Z
2023-05-29,SFI,26.69,26.69,25.67,26.62,27900,KBS,2026-10-09T04:37:28Z
2023-05-30,SFI,26.46,26.5,26.3,26.42,36200,KBS,2026-10-09T04:37:28Z
2023-05-31,SFI,26.73,26.73,26.5,26.5,9900,KBS,2026-10-09T04:37:28Z
2023-06-01,SFI,26.69,26.69,26.38,26.46,12200,KBS,2026-10-09T04:37:28Z
2023-06-02,SFI,26.5,26.54,26.42,26.46,11300,KBS,2026-10-09T04:37:28Z
2023-06-05,SFI,26.73,26.73,26.5,26.5,6800,KBS,2026-10-09T04:37:28Z
2023-06-06,SFI,26.69,26.69,26.38,26.62,26600,KBS,2026-10-09T04:37:28Z
2023-06-07,SFI,26.62,26.62,26.5,26.58,9800,KBS,2026-10-09T04:37:28Z
2023-06-08,SFI,26.54,26.54,26.54,26.54,9900,KBS,2026-10-09T04:37:28Z
2023-06-09,SFI,26.46,26.54,26.38,26.54,15200,KBS,2026-10-09T04:37:28Z
2023-06-12,SFI,26.54,26.54,26.38,26.54,1200,KBS,2026-10-09T04:37:28Z
2023-06-13,SFI,26.54,26.54,25.98,26.5,14200,KBS,2026-10-09T04:37:28Z
2023-06-14,SFI,26.58,26.58,26.46,26.46,2300,KBS,2026-10-09T04:37:28Z
2023-06-15,SFI,26.46,26.62,26.46,26.46,2700,KBS,2026-10-09T04:37:28Z
2023-06-16,SFI,26.62,26.93,26.62,26.62,7600,KBS,2026-10-09T04:37:28Z
2023-06-19,SFI,26.62,26.62,26.62,26.62,700,KBS,2026-10-09T04:37:28Z
2023-06-20,SFI,26.62,26.62,26.54,26.54,2600,KBS,2026-10-09T04:37:28Z
2023-06-21,SFI,26.46,26.62,26.38,26.62,3200,KBS,2026-10-09T04:37:28Z
2023-06-22,SFI,26.62,26.65,26.46,26.54,5700,KBS,2026-10-09T04:37:28Z
2023-06-23,SFI,26.85,26.85,26.54,26.73,6400,KBS,2026-10-09T04:37:28Z
2023-06-26,SFI,26.73,26.73,26.58,26.69,3000,KBS,2026-10-09T04:37:28Z
2023-06-27,SFI,26.69,26.85,26.69,26.69,27700,KBS,2026-10-09T04:37:28Z
2023-06-28,SFI,26.69,26.73,26.62,26.73,11400,KBS,2026-10-09T04:37:28Z
2023-06-29,SFI,26.77,26.85,26.62,26.62,2100,KBS,2026-10-09T04:37:28Z
2023-06-30,SFI,26.81,26.81,26.42,26.5,6300,KBS,2026-10-09T04:37:28Z
2023-07-03,SFI,26.5,26.54,26.38,26.46,9400,KBS,2026-10-09T04:37:28Z
2023-07-04,SFI,26.77,26.77,26.5,26.5,2500,KBS,2026-10-09T04:37:28Z
2023-07-05,SFI,26.42,26.69,26.38,26.65,5200,KBS,2026-10-09T04:37:28Z
2023-07-06,SFI,26.46,26.46,26.22,26.38,2600,KBS,2026-10-09T04:37:28Z
2023-07-07,SFI,26.46,26.46,25.98,25.98,10200,KBS,2026-10-09T04:37:28Z
2023-07-10,SFI,26.06,26.58,26.06,26.46,3300,KBS,2026-10-09T04:37:28Z
2023-07-11,SFI,26.06,26.46,26.06,26.46,3600,KBS,2026-10-09T04:37:28Z
2023-07-12,SFI,26.5,26.73,26.46,26.46,10100,KBS,2026-10-09T04:37:28Z
2023-07-13,SFI,26.5,26.5,26.46,26.46,8600,KBS,2026-10-09T04:37:28Z
2023-07-14,SFI,26.54,26.54,26.46,26.46,12000,KBS,2026-10-09T04:37:28Z
2023-07-17,SFI,26.46,26.62,26.38,26.38,900,KBS,2026-10-09T04:37:28Z
2023-07-18,SFI,26.46,26.46,26.46,26.46,1800,KBS,2026-10-09T04:37:28Z
2023-07-19,SFI,26.42,26.69,26.42,26.46,3700,KBS,2026-10-09T04:37:28Z
2023-07-20,SFI,26.46,26.58,26.46,26.58,400,KBS,2026-10-09T04:37:28Z
2023-07-21,SFI,26.58,26.62,26.3,26.58,6600,KBS,2026-10-09T04:37:28Z
2023-07-24,SFI,26.38,26.58,26.38,26.42,5700,KBS,2026-10-09T04:37:28Z
2023-07-25,SFI,26.58,26.58,26.54,26.58,1100,KBS,2026-10-09T04:37:28Z
2023-07-26,SFI,26.62,26.62,26.58,26.58,1800,KBS,2026-10-09T04:37:28Z
2023-07-27,SFI,26.14,26.54,26.14,26.14,19900,KBS,2026-10-09T04:37:28Z
2023-07-28,SFI,26.5,26.5,26.14,26.5,2900,KBS,2026-10-09T04:37:28Z
2023-07-31,SFI,26.14,26.3,26.06,26.3,7800,KBS,2026-10-09T04:37:28Z
2023-08-01,SFI,25.95,26.3,25.79,26.26,15700,KBS,2026-10-09T04:37:28Z
2023-08-02,SFI,25.83,26.26,25.75,26.26,4200,KBS,2026-10-09T04:37:28Z
2023-08-03,SFI,26.22,26.22,25.79,25.79,4000,KBS,2026-10-09T04:37:28Z
2023-08-04,SFI,25.83,25.98,25.75,25.98,2300,KBS,2026-10-09T04:37:28Z
2023-08-07,SFI,25.98,25.98,25.67,25.95,7000,KBS,2026-10-09T04:37:28Z
2023-08-08,SFI,25.59,25.87,25.59,25.67,13400,KBS,2026-10-09T04:37:28Z
2023-08-09,SFI,25.67,25.75,25.59,25.67,5000,KBS,2026-10-09T04:37:28Z
2023-08-10,SFI,25.79,25.98,25.63,25.63,7200,KBS,2026-10-09T04:37:28Z
2023-08-11,SFI,25.55,25.63,25.28,25.51,3700,KBS,2026-10-09T04:37:28Z
2023-08-14,SFI,25.43,25.95,25.43,25.87,10700,KBS,2026-10-09T04:37:28Z
2023-08-15,SFI,25.59,25.63,25.51,25.63,1200,KBS,2026-10-09T04:37:28Z
2023-08-16,SFI,25.63,25.79,25.59,25.79,11600,KBS,2026-10-09T04:37:28Z
2023-08-17,SFI,25.75,25.75,25.59,25.59,25900,KBS,2026-10-09T04:37:28Z
2023-08-18,SFI,25.59,25.59,23.82,23.82,28300,KBS,2026-10-09T04:37:28Z
2023-08-21,SFI,23.82,24.41,23.82,23.86,6700,KBS,2026-10-09T04:37:28Z
2023-08-22,SFI,23.74,23.82,23.74,23.82,2600,KBS,2026-10-09T04:37:28Z
2023-08-23,SFI,23.7,24.33,23.7,23.94,3600,KBS,2026-10-09T04:37:28Z
2023-08-24,SFI,24.21,25.28,23.86,25.28,12100,KBS,2026-10-09T04:37:28Z
2023-08-25,SFI,25.28,25.28,23.78,25.16,1100,KBS,2026-10-09T04:37:28Z
2023-08-28,SFI,25.12,25.16,24.8,25.16,5400,KBS,2026-10-09T04:37:28Z
2023-08-29,SFI,25.59,26.89,25.12,26.22,23000,KBS,2026-10-09T04:37:28Z
2023-08-30,SFI,26.3,26.3,25.98,25.98,3900,KBS,2026-10-09T04:37:28Z
2023-08-31,SFI,25.98,26.1,24.88,26.02,2000,KBS,2026-10-09T04:37:28Z
2023-09-05,SFI,25.98,26.06,25.98,26.06,2600,KBS,2026-10-09T04:37:28Z
2023-09-06,SFI,26.06,26.06,25.75,25.91,5900,KBS,2026-10-09T04:37:28Z
2023-09-07,SFI,25.95,25.98,25.83,25.83,7800,KBS,2026-10-09T04:37:28Z
2023-09-08,SFI,25.87,25.87,25.83,25.83,300,KBS,2026-10-09T04:37:28Z
2023-09-11,SFI,26.54,26.54,25.75,25.75,11100,KBS,2026-10-09T04:37:28Z
2023-09-12,SFI,26.14,26.14,25.75,25.91,3100,KBS,2026-10-09T04:37:28Z
2023-09-13,SFI,25.98,26.22,25.98,26.06,12200,KBS,2026-10-09T04:37:28Z
2023-09-14,SFI,25.59,26.06,25.59,25.91,5600,KBS,2026-10-09T04:37:28Z
2023-09-15,SFI,25.98,26.18,25.87,26.18,9800,KBS,2026-10-09T04:37:28Z
2023-09-18,SFI,26.38,26.38,25.91,25.91,8700,KBS,2026-10-09T04:37:28Z
2023-09-19,SFI,26.18,26.22,25.83,25.98,3300,KBS,2026-10-09T04:37:28Z
2023-09-20,SFI,25.83,26.14,25.83,26.02,3600,KBS,2026-10-09T04:37:28Z
2023-09-21,SFI,26.06,26.06,25.98,25.98,1700,KBS,2026-10-09T04:37:28Z
2023-09-22,SFI,26.1,27.56,25.98,26.06,44400,KBS,2026-10-09T04:37:28Z
2023-09-25,SFI,26.06,26.06,25.98,25.98,4000,KBS,2026-10-09T04:37:28Z
2023-09-26,SFI,25.98,25.98,25.2,25.32,7000,KBS,2026-10-09T04:37:28Z
2023-09-27,SFI,25.59,25.59,25.2,25.36,7000,KBS,2026-10-09T04:37:28Z
2023-09-28,SFI,25.2,25.55,24.88,25.55,5400,KBS,2026-10-09T04:37:28Z
2023-09-29,SFI,25.51,25.55,25.51,25.55,2600,KBS,2026-10-09T04:37:28Z
2023-10-02,SFI,25.55,25.59,25.47,25.47,7100,KBS,2026-10-09T04:37:28Z
2023-10-03,SFI,25.2,25.2,25.04,25.04,4400,KBS,2026-10-09T04:37:28Z
2023-10-04,SFI,25.04,25.04,24.57,25.04,5900,KBS,2026-10-09T04:37:28Z
2023-10-05,SFI,25.2,25.2,25.04,25.04,3900,KBS,2026-10-09T04:37:28Z
2023-10-06,SFI,25.2,25.2,24.72,24.96,3100,KBS,2026-10-09T04:37:28Z
2023-10-09,SFI,25.16,25.28,25.16,25.2,14200,KBS,2026-10-09T04:37:28Z
2023-10-10,SFI,25.36,25.36,25.28,25.36,2900,KBS,2026-10-09T04:37:28Z
2023-10-11,SFI,25.36,25.36,25.08,25.08,1300,KBS,2026-10-09T04:37:28Z
2023-10-12,SFI,25.2,25.2,25.12,25.2,600,KBS,2026-10-09T04:37:28Z
2023-10-13,SFI,25.04,25.2,25.04,25.2,500,KBS,2026-10-09T04:37:28Z
2023-10-16,SFI,25.2,25.2,25.2,25.2,700,KBS,2026-10-09T04:37:28Z
2023-10-17,SFI,25.2,25.2,24.88,25.2,2500,KBS,2026-10-09T04:37:28Z
2023-10-18,SFI,25.2,25.2,25.16,25.16,1300,KBS,2026-10-09T04:37:28Z
2023-10-19,SFI,25.16,25.16,25.16,25.16,100,KBS,2026-10-09T04:37:28Z
2023-10-20,SFI,24.41,25.2,24.41,25.2,500,KBS,2026-10-09T04:37:28Z
2023-10-23,SFI,25.28,25.28,25.28,25.28,800,KBS,2026-10-09T04:37:28Z
2023-10-24,SFI,25.28,25.28,25.28,25.28,1000,KBS,2026-10-09T04:37:28Z
2023-10-26,SFI,24.72,25.24,24.72,25.24,300,KBS,2026-10-09T04:37:28Z
2023-10-27,SFI,25.2,25.2,25.2,25.2,300,KBS,2026-10-09T04:37:28Z
2023-10-31,SFI,25.2,25.2,24.41,24.88,1300,KBS,2026-10-09T04:37:28Z
2023-11-01,SFI,24.17,25.12,24.17,24.88,900,KBS,2026-10-09T04:37:28Z
2023-11-02,SFI,24.88,25.12,24.8,25.12,800,KBS,2026-10-09T04:37:28Z
2023-11-03,SFI,25.12,25.12,25.08,25.08,200,KBS,2026-10-09T04:37:28Z
2023-11-06,SFI,25.16,25.51,25.12,25.28,3200,KBS,2026-10-09T04:37:28Z
2023-11-07,SFI,25.2,25.28,25.12,25.12,4500,KBS,2026-10-09T04:37:28Z
2023-11-08,SFI,25.12,25.16,24.69,25.16,3000,KBS,2026-10-09T04:37:28Z
2023-11-09,SFI,25.16,25.2,25.16,25.16,1800,KBS,2026-10-09T04:37:28Z
2023-11-10,SFI,25.2,25.2,25.16,25.16,2000,KBS,2026-10-09T04:37:28Z
2023-11-14,SFI,25.2,25.2,25.0,25.2,600,KBS,2026-10-09T04:37:28Z
2023-11-15,SFI,24.65,25.2,24.65,25.16,3100,KBS,2026-10-09T04:37:28Z
2023-11-16,SFI,25.12,25.12,25.12,25.12,1500,KBS,2026-10-09T04:37:28Z
2023-11-17,SFI,25.12,25.12,25.12,25.12,200,KBS,2026-10-09T04:37:28Z
2023-11-20,SFI,25.08,25.08,25.08,25.08,500,KBS,2026-10-09T04:37:28Z
2023-11-21,SFI,24.8,25.0,23.54,25.0,1200,KBS,2026-10-09T04:37:28Z
2023-11-22,SFI,25.0,25.0,24.61,24.96,1900,KBS,2026-10-09T04:37:28Z
2023-11-23,SFI,24.92,25.04,24.8,25.04,8000,KBS,2026-10-09T04:37:28Z
2023-11-24,SFI,25.04,25.04,24.8,24.8,1400,KBS,2026-10-09T04:37:28Z
2023-11-27,SFI,25.12,25.12,24.69,24.72,7500,KBS,2026-10-09T04:37:28Z
2023-11-28,SFI,24.72,24.72,24.57,24.69,1300,KBS,2026-10-09T04:37:28Z
2023-11-29,SFI,24.61,24.61,22.99,24.49,4000,KBS,2026-10-09T04:37:28Z
2023-11-30,SFI,24.33,24.33,23.62,23.74,6300,KBS,2026-10-09T04:37:28Z
2023-12-01,SFI,24.72,24.76,23.86,24.1,1700,KBS,2026-10-09T04:37:28Z
2023-12-04,SFI,24.41,24.45,24.41,24.45,500,KBS,2026-10-09T04:37:28Z
2023-12-05,SFI,24.45,24.45,24.45,24.45,800,KBS,2026-10-09T04:37:28Z
2023-12-06,SFI,24.41,24.76,24.1,24.76,300,KBS,2026-10-09T04:37:28Z
2023-12-07,SFI,24.49,24.76,23.9,24.76,900,KBS,2026-10-09T04:37:28Z
2023-12-08,SFI,24.72,24.88,24.72,24.84,11500,KBS,2026-10-09T04:37:28Z
2023-12-11,SFI,24.92,24.96,24.21,24.92,1200,KBS,2026-10-09T04:37:28Z
2023-12-12,SFI,24.92,24.92,24.17,24.33,1100,KBS,2026-10-09T04:37:28Z
2023-12-13,SFI,24.41,24.41,24.33,24.33,2300,KBS,2026-10-09T04:37:28Z
2023-12-14,SFI,24.33,24.96,24.33,24.96,6800,KBS,2026-10-09T04:37:28Z
2023-12-15,SFI,25.08,25.08,24.96,25.04,1500,KBS,2026-10-09T04:37:28Z
2023-12-18,SFI,24.17,24.49,24.17,24.49,1200,KBS,2026-10-09T04:37:28Z
2023-12-19,SFI,24.76,24.76,23.74,24.61,3500,KBS,2026-10-09T04:37:28Z
2023-12-20,SFI,24.49,24.49,24.41,24.49,900,KBS,2026-10-09T04:37:28Z
2023-12-22,SFI,24.65,24.76,24.49,24.72,8900,KBS,2026-10-09T04:37:28Z
2023-12-25,SFI,24.65,24.8,24.65,24.72,5900,KBS,2026-10-09T04:37:28Z
2023-12-26,SFI,24.72,24.72,24.72,24.72,3600,KBS,2026-10-09T04:37:28Z
2023-12-27,SFI,24.72,24.96,24.72,24.96,24000,KBS,2026-10-09T04:37:28Z
2023-12-28,SFI,24.8,24.92,24.8,24.8,1100,KBS,2026-10-09T04:37:28Z
2023-12-29,SFI,24.84,24.96,24.84,24.92,1600,KBS,2026-10-09T04:37:28Z
2024-01-02,SFI,24.96,25.08,24.96,25.08,9500,KBS,2026-10-09T04:37:28Z
2024-01-03,SFI,25.2,25.2,24.92,24.96,8400,KBS,2026-10-09T04:37:28Z
2024-01-04,SFI,25.55,25.55,24.96,24.96,4600,KBS,2026-10-09T04:37:28Z
2024-01-05,SFI,24.96,24.96,24.49,24.96,37900,KBS,2026-10-09T04:37:28Z
2024-01-08,SFI,24.96,24.96,24.57,24.8,500,KBS,2026-10-09T04:37:28Z
2024-01-09,SFI,24.57,24.57,24.57,24.57,1100,KBS,2026-10-09T04:37:28Z
2024-01-10,SFI,24.8,25.2,24.8,25.08,5700,KBS,2026-10-09T04:37:28Z
2024-01-11,SFI,25.04,25.04,25.04,25.04,3100,KBS,2026-10-09T04:37:28Z
2024-01-12,SFI,25.0,25.0,24.88,24.88,2900,KBS,2026-10-09T04:37:28Z
2024-01-15,SFI,24.96,25.12,24.88,24.88,1300,KBS,2026-10-09T04:37:28Z
2024-01-16,SFI,24.88,24.88,24.88,24.88,4600,KBS,2026-10-09T04:37:28Z
2024-01-17,SFI,25.04,25.12,25.04,25.08,2400,KBS,2026-10-09T04:37:28Z
2024-01-18,SFI,25.59,25.59,25.2,25.2,400,KBS,2026-10-09T04:37:28Z
2024-01-19,SFI,25.2,25.2,25.2,25.2,100,KBS,2026-10-09T04:37:28Z
2024-01-22,SFI,24.8,24.8,24.8,24.8,1800,KBS,2026-10-09T04:37:28Z
2024-01-23,SFI,25.51,25.55,25.04,25.28,4300,KBS,2026-10-09T04:37:28Z
2024-01-24,SFI,25.2,25.2,25.2,25.2,9900,KBS,2026-10-09T04:37:28Z
2024-01-25,SFI,25.16,25.16,25.08,25.08,400,KBS,2026-10-09T04:37:28Z
2024-01-26,SFI,24.88,25.16,24.88,25.16,1600,KBS,2026-10-09T04:37:28Z
2024-01-29,SFI,25.2,25.51,25.2,25.2,29900,KBS,2026-10-09T04:37:28Z
2024-01-30,SFI,25.2,25.47,25.2,25.47,16400,KBS,2026-10-09T04:37:28Z
2024-01-31,SFI,25.47,25.47,25.0,25.04,1300,KBS,2026-10-09T04:37:28Z
2024-02-01,SFI,24.88,24.88,24.65,24.8,10400,KBS,2026-10-09T04:37:28Z
2024-02-02,SFI,24.8,25.28,24.8,25.28,3800,KBS,2026-10-09T04:37:28Z
2024-02-05,SFI,25.2,25.2,25.04,25.2,7600,KBS,2026-10-09T04:37:28Z
2024-02-06,SFI,25.04,25.28,25.04,25.2,5000,KBS,2026-10-09T04:37:28Z
2024-02-07,SFI,25.12,25.2,25.12,25.2,12700,KBS,2026-10-09T04:37:28Z
2024-02-15,SFI,25.2,25.2,25.04,25.16,19900,KBS,2026-10-09T04:37:28Z
2024-02-16,SFI,25.12,25.2,25.12,25.12,18400,KBS,2026-10-09T04:37:28Z
2024-02-19,SFI,25.12,25.12,25.12,25.12,9200,KBS,2026-10-09T04:37:28Z
2024-02-20,SFI,25.16,25.16,25.04,25.16,6000,KBS,2026-10-09T04:37:28Z
2024-02-21,SFI,24.96,25.24,24.96,25.08,5200,KBS,2026-10-09T04:37:28Z
2024-02-22,SFI,25.24,25.59,25.24,25.51,25500,KBS,2026-10-09T04:37:28Z
2024-02-23,SFI,25.79,25.79,25.59,25.75,25900,KBS,2026-10-09T04:37:28Z
2024-02-26,SFI,25.75,25.91,25.67,25.91,15500,KBS,2026-10-09T04:37:28Z
2024-02-27,SFI,25.98,26.1,25.98,26.1,17700,KBS,2026-10-09T04:37:28Z
2024-02-28,SFI,26.3,26.77,26.3,26.77,25000,KBS,2026-10-09T04:37:28Z
2024-02-29,SFI,26.97,27.44,26.97,27.4,30300,KBS,2026-10-09T04:37:28Z
2024-03-01,SFI,27.56,27.8,27.4,27.72,18900,KBS,2026-10-09T04:37:28Z
2024-03-04,SFI,27.72,27.72,27.48,27.48,25700,KBS,2026-10-09T04:37:28Z
2024-03-05,SFI,27.48,27.72,27.48,27.68,31200,KBS,2026-10-09T04:37:28Z
2024-03-06,SFI,27.68,27.76,27.68,27.68,6400,KBS,2026-10-09T04:37:28Z
2024-03-07,SFI,27.8,27.8,27.68,27.68,12800,KBS,2026-10-09T04:37:28Z
2024-03-08,SFI,27.72,29.61,27.72,29.61,84600,KBS,2026-10-09T04:37:28Z
2024-03-11,SFI,29.61,29.61,29.14,29.14,16300,KBS,2026-10-09T04:37:28Z
2024-03-12,SFI,29.14,29.21,29.14,29.14,63200,KBS,2026-10-09T04:37:28Z
2024-03-13,SFI,29.53,29.61,29.21,29.53,37200,KBS,2026-10-09T04:37:28Z
2024-03-14,SFI,27.76,29.45,27.56,29.14,30900,KBS,2026-10-09T04:37:28Z
2024-03-15,SFI,29.14,29.14,28.98,28.98,31600,KBS,2026-10-09T04:37:28Z
2024-03-18,SFI,28.98,28.98,27.88,28.7,15800,KBS,2026-10-09T04:37:28Z
2024-03-19,SFI,28.66,28.66,28.66,28.66,100,KBS,2026-10-09T04:37:28Z
2024-03-20,SFI,28.46,28.66,27.6,28.66,12900,KBS,2026-10-09T04:37:28Z
2024-03-21,SFI,28.03,29.14,28.03,29.1,18300,KBS,2026-10-09T04:37:28Z
2024-03-22,SFI,29.29,29.29,29.1,29.1,5400,KBS,2026-10-09T04:37:28Z
2024-03-25,SFI,29.1,29.1,28.19,28.43,5800,KBS,2026-10-09T04:37:28Z
2024-03-27,SFI,28.43,28.43,27.56,28.19,600,KBS,2026-10-09T04:37:28Z
2024-03-28,SFI,28.19,28.58,28.19,28.35,1500,KBS,2026-10-09T04:37:28Z
2024-03-29,SFI,28.03,28.03,28.03,28.03,200,KBS,2026-10-09T04:37:28Z
2024-04-01,SFI,27.95,28.35,27.95,27.95,2000,KBS,2026-10-09T04:37:28Z
2024-04-02,SFI,27.95,28.27,27.6,28.27,6900,KBS,2026-10-09T04:37:28Z
2024-04-03,SFI,28.27,28.35,28.07,28.07,28700,KBS,2026-10-09T04:37:28Z
2024-04-04,SFI,28.74,29.14,28.15,28.74,20700,KBS,2026-10-09T04:37:28Z
2024-04-05,SFI,28.74,28.74,28.74,28.74,6100,KBS,2026-10-09T04:37:28Z
2024-04-08,SFI,28.74,28.82,27.95,28.66,18100,KBS,2026-10-09T04:37:28Z
2024-04-09,SFI,28.66,28.66,28.66,28.66,200,KBS,2026-10-09T04:37:28Z
2024-04-10,SFI,28.66,28.98,28.54,28.98,32100,KBS,2026-10-09T04:37:28Z
2024-04-11,SFI,27.68,27.68,27.68,27.68,100,KBS,2026-10-09T04:37:28Z
2024-04-12,SFI,28.9,28.98,28.86,28.98,4100,KBS,2026-10-09T04:37:28Z
2024-04-15,SFI,27.76,28.82,27.76,27.99,900,KBS,2026-10-09T04:37:28Z
2024-04-16,SFI,27.99,28.03,27.8,27.95,700,KBS,2026-10-09T04:37:28Z
2024-04-17,SFI,27.8,27.95,27.8,27.95,300,KBS,2026-10-09T04:37:28Z
2024-04-19,SFI,27.95,27.95,27.6,27.95,1300,KBS,2026-10-09T04:37:28Z
2024-04-22,SFI,27.95,28.27,27.95,28.27,2000,KBS,2026-10-09T04:37:28Z
2024-04-23,SFI,28.11,28.19,28.11,28.11,2700,KBS,2026-10-09T04:37:28Z
2024-04-24,SFI,27.95,28.03,27.95,27.99,2100,KBS,2026-10-09T04:37:28Z
2024-04-25,SFI,27.88,28.11,26.22,28.11,5100,KBS,2026-10-09T04:37:28Z
2024-05-02,SFI,27.8,27.8,27.64,27.72,6600,KBS,2026-10-09T04:37:28Z
2024-05-03,SFI,27.72,27.72,26.3,26.3,4400,KBS,2026-10-09T04:37:28Z
2024-05-06,SFI,27.72,27.72,26.54,26.54,3200,KBS,2026-10-09T04:37:28Z
2024-05-07,SFI,27.17,27.17,26.85,26.85,300,KBS,2026-10-09T04:37:28Z
2024-05-08,SFI,27.8,27.8,26.62,26.62,1700,KBS,2026-10-09T04:37:28Z
2024-05-09,SFI,27.32,27.32,27.32,27.32,300,KBS,2026-10-09T04:37:28Z
2024-05-10,SFI,27.48,27.48,26.77,26.89,2000,KBS,2026-10-09T04:37:28Z
2024-05-13,SFI,27.24,27.28,26.85,27.17,3400,KBS,2026-10-09T04:37:28Z
2024-05-14,SFI,27.17,27.17,26.85,26.85,1400,KBS,2026-10-09T04:37:28Z
2024-05-15,SFI,26.81,26.81,26.81,26.81,100,KBS,2026-10-09T04:37:28Z
2024-05-16,SFI,27.56,27.56,26.77,26.77,1900,KBS,2026-10-09T04:37:28Z
2024-05-17,SFI,26.77,26.77,26.58,26.69,5100,KBS,2026-10-09T04:37:28Z
2024-05-20,SFI,26.46,26.54,26.42,26.46,14100,KBS,2026-10-09T04:37:28Z
2024-05-21,SFI,26.38,26.38,26.3,26.3,4600,KBS,2026-10-09T04:37:28Z
2024-05-22,SFI,26.38,26.38,25.98,26.34,8400,KBS,2026-10-09T04:37:28Z
2024-05-23,SFI,26.34,26.34,25.91,25.98,9800,KBS,2026-10-09T04:37:28Z
2024-05-24,SFI,26.06,26.3,25.91,25.91,20000,KBS,2026-10-09T04:37:28Z
2024-05-27,SFI,25.39,25.71,25.39,25.67,4700,KBS,2026-10-09T04:37:28Z
2024-05-28,SFI,25.67,25.67,25.43,25.59,5300,KBS,2026-10-09T04:37:28Z
2024-05-29,SFI,25.51,25.59,25.36,25.59,16500,KBS,2026-10-09T04:37:28Z
2024-05-30,SFI,25.43,25.59,25.08,25.08,12200,KBS,2026-10-09T04:37:28Z
2024-05-31,SFI,25.59,26.81,25.55,26.73,10500,KBS,2026-10-09T04:37:28Z
2024-06-03,SFI,26.54,26.62,26.46,26.58,10700,KBS,2026-10-09T04:37:28Z
2024-06-04,SFI,26.5,26.62,26.22,26.58,28900,KBS,2026-10-09T04:37:28Z
2024-06-05,SFI,27.84,27.84,27.4,27.56,30900,KBS,2026-10-09T04:37:28Z
2024-06-06,SFI,27.8,27.84,27.48,27.8,23600,KBS,2026-10-09T04:37:28Z
2024-06-07,SFI,27.8,27.88,27.52,27.72,47800,KBS,2026-10-09T04:37:28Z
2024-06-10,SFI,27.88,29.53,27.88,29.25,40100,KBS,2026-10-09T04:37:28Z
2024-06-11,SFI,29.25,29.25,28.35,28.74,17400,KBS,2026-10-09T04:37:28Z
2024-06-12,SFI,28.82,28.82,27.91,28.66,18500,KBS,2026-10-09T04:37:28Z
2024-06-13,SFI,27.64,28.94,27.64,28.43,28400,KBS,2026-10-09T04:37:28Z
2024-06-14,SFI,28.59,29.18,28.59,28.59,21300,KBS,2026-10-09T04:37:28Z
2024-06-17,SFI,28.63,29.88,27.93,28.26,14100,KBS,2026-10-09T04:37:28Z
2024-06-18,SFI,27.93,28.88,27.93,28.34,6200,KBS,2026-10-09T04:37:28Z
2024-06-19,SFI,27.97,28.01,27.93,28.01,4100,KBS,2026-10-09T04:37:28Z
2024-06-20,SFI,28.01,28.26,27.59,28.22,4100,KBS,2026-10-09T04:37:28Z
2024-06-21,SFI,28.22,28.76,27.93,28.72,15600,KBS,2026-10-09T04:37:28Z
2024-06-24,SFI,29.09,29.09,28.84,28.84,4700,KBS,2026-10-09T04:37:28Z
2024-06-26,SFI,28.8,28.8,28.34,28.34,1600,KBS,2026-10-09T04:37:28Z
2024-06-27,SFI,28.76,28.93,27.63,27.88,5000,KBS,2026-10-09T04:37:28Z
2024-06-28,SFI,27.88,28.09,27.51,27.51,6800,KBS,2026-10-09T04:37:28Z
2024-07-01,SFI,27.51,27.93,27.51,27.55,1900,KBS,2026-10-09T04:37:28Z
2024-07-02,SFI,27.55,27.72,27.55,27.72,4600,KBS,2026-10-09T04:37:28Z
2024-07-03,SFI,27.93,28.22,27.93,28.22,600,KBS,2026-10-09T04:37:28Z
2024-07-04,SFI,28.43,28.76,28.22,28.22,3800,KBS,2026-10-09T04:37:28Z
2024-07-05,SFI,28.38,28.38,28.34,28.34,500,KBS,2026-10-09T04:37:28Z
2024-07-08,SFI,28.34,28.34,27.34,27.59,17100,KBS,2026-10-09T04:37:28Z
2024-07-09,SFI,27.59,27.76,27.59,27.59,3800,KBS,2026-10-09T04:37:28Z
2024-07-10,SFI,27.63,27.63,27.51,27.51,3900,KBS,2026-10-09T04:37:28Z
2024-07-11,SFI,27.93,28.09,27.51,27.51,2500,KBS,2026-10-09T04:37:28Z
2024-07-12,SFI,27.43,27.68,27.3,27.68,5200,KBS,2026-10-09T04:37:28Z
2024-07-15,SFI,27.68,27.68,27.59,27.59,6500,KBS,2026-10-09T04:37:28Z
2024-07-16,SFI,27.93,27.93,27.93,27.93,6700,KBS,2026-10-09T04:37:28Z
2024-07-17,SFI,27.93,27.93,27.93,27.93,300,KBS,2026-10-09T04:37:28Z
2024-07-18,SFI,28.22,28.22,27.38,27.38,3400,KBS,2026-10-09T04:37:28Z
2024-07-19,SFI,27.43,27.43,25.84,27.01,12700,KBS,2026-10-09T04:37:28Z
2024-07-22,SFI,26.68,27.01,26.68,27.01,1400,KBS,2026-10-09T04:37:28Z
2024-07-24,SFI,26.55,27.01,26.55,27.01,600,KBS,2026-10-09T04:37:28Z
2024-07-25,SFI,26.84,26.84,26.84,26.84,1900,KBS,2026-10-09T04:37:28Z
2024-07-26,SFI,26.84,26.84,26.84,26.84,1000,KBS,2026-10-09T04:37:28Z
2024-07-29,SFI,26.84,26.84,26.68,26.84,600,KBS,2026-10-09T04:37:28Z
2024-07-30,SFI,26.84,26.84,26.84,26.84,100,KBS,2026-10-09T04:37:28Z
2024-07-31,SFI,26.84,27.43,26.84,27.34,1900,KBS,2026-10-09T04:37:28Z
2024-08-01,SFI,26.13,26.76,26.13,26.42,3100,KBS,2026-10-09T04:37:28Z
2024-08-02,SFI,26.42,27.09,26.26,27.09,700,KBS,2026-10-09T04:37:28Z
2024-08-05,SFI,26.13,26.22,25.76,25.84,4400,KBS,2026-10-09T04:37:28Z
2024-08-06,SFI,26.18,26.18,25.68,25.76,3200,KBS,2026-10-09T04:37:28Z
2024-08-07,SFI,25.76,26.51,25.76,25.84,800,KBS,2026-10-09T04:37:28Z
2024-08-08,SFI,25.68,26.18,25.68,26.18,1400,KBS,2026-10-09T04:37:28Z
2024-08-13,SFI,26.18,26.18,26.18,26.18,2200,KBS,2026-10-09T04:37:28Z
2024-08-14,SFI,26.18,26.18,25.84,25.84,1400,KBS,2026-10-09T04:37:28Z
2024-08-15,SFI,26.13,26.51,26.13,26.47,10200,KBS,2026-10-09T04:37:28Z
2024-08-16,SFI,26.51,26.51,26.01,26.01,700,KBS,2026-10-09T04:37:28Z
2024-08-19,SFI,26.01,26.68,25.84,26.68,6400,KBS,2026-10-09T04:37:28Z
2024-08-20,SFI,26.68,27.05,26.68,26.68,7000,KBS,2026-10-09T04:37:28Z
2024-08-21,SFI,26.68,26.84,26.26,26.84,6100,KBS,2026-10-09T04:37:28Z
2024-08-22,SFI,26.68,26.68,26.68,26.68,1800,KBS,2026-10-09T04:37:28Z
2024-08-23,SFI,26.92,26.92,26.68,26.68,1200,KBS,2026-10-09T04:37:28Z
2024-08-26,SFI,26.68,26.68,26.01,26.01,1600,KBS,2026-10-09T04:37:28Z
2024-08-27,SFI,26.68,26.68,26.68,26.68,1200,KBS,2026-10-09T04:37:28Z
2024-08-28,SFI,26.68,26.68,26.68,26.68,600,KBS,2026-10-09T04:37:28Z
2024-08-29,SFI,26.68,26.68,26.68,26.68,4600,KBS,2026-10-09T04:37:28Z
2024-08-30,SFI,26.68,27.01,26.68,27.01,10100,KBS,2026-10-09T04:37:28Z
2024-09-04,SFI,26.68,27.38,26.68,27.38,1200,KBS,2026-10-09T04:37:28Z
2024-09-05,SFI,26.72,26.76,26.72,26.76,1400,KBS,2026-10-09T04:37:28Z
2024-09-06,SFI,27.05,27.3,27.05,27.3,2100,KBS,2026-10-09T04:37:28Z
2024-09-09,SFI,27.18,27.18,27.18,27.18,400,KBS,2026-10-09T04:37:28Z
2024-09-10,SFI,27.18,27.18,27.18,27.18,1500,KBS,2026-10-09T04:37:28Z
2024-09-12,SFI,27.18,27.18,25.42,27.18,1700,KBS,2026-10-09T04:37:28Z
2024-09-13,SFI,27.18,27.18,27.18,27.18,100,KBS,2026-10-09T04:37:28Z
2024-09-16,SFI,27.09,27.09,27.09,27.09,100,KBS,2026-10-09T04:37:28Z
2024-09-17,SFI,27.09,27.09,27.09,27.09,100,KBS,2026-10-09T04:37:28Z
2024-09-18,SFI,27.09,27.09,26.68,26.68,5900,KBS,2026-10-09T04:37:28Z
2024-09-19,SFI,26.68,26.68,26.68,26.68,8200,KBS,2026-10-09T04:37:28Z
2024-09-20,SFI,26.26,26.84,26.26,26.84,900,KBS,2026-10-09T04:37:28Z
2024-09-23,SFI,27.26,27.26,27.26,27.26,700,KBS,2026-10-09T04:37:28Z
2024-09-24,SFI,25.68,25.68,25.68,25.68,1000,KBS,2026-10-09T04:37:28Z
2024-09-25,SFI,25.84,25.84,25.84,25.84,300,KBS,2026-10-09T04:37:28Z
2024-09-26,SFI,26.26,26.68,26.26,26.68,400,KBS,2026-10-09T04:37:28Z
2024-09-30,SFI,25.84,26.26,25.84,26.26,600,KBS,2026-10-09T04:37:28Z
2024-10-01,SFI,27.09,27.09,27.09,27.09,100,KBS,2026-10-09T04:37:28Z
2024-10-02,SFI,25.84,25.84,25.68,25.84,1800,KBS,2026-10-09T04:37:28Z
2024-10-03,SFI,25.84,25.88,25.84,25.88,800,KBS,2026-10-09T04:37:28Z
2024-10-04,SFI,26.09,26.34,26.09,26.34,300,KBS,2026-10-09T04:37:28Z
2024-10-07,SFI,26.3,26.8,26.3,26.76,1300,KBS,2026-10-09T04:37:28Z
2024-10-09,SFI,26.55,26.59,26.55,26.59,500,KBS,2026-10-09T04:37:28Z
2024-10-11,SFI,26.8,26.8,26.8,26.8,100,KBS,2026-10-09T04:37:28Z
2024-10-15,SFI,25.92,26.8,25.92,26.8,900,KBS,2026-10-09T04:37:28Z
2024-10-16,SFI,25.92,26.68,25.92,26.68,600,KBS,2026-10-09T04:37:28Z
2024-10-21,SFI,25.84,25.84,25.42,25.42,2400,KBS,2026-10-09T04:37:28Z
2024-10-22,SFI,25.47,25.84,25.47,25.84,5700,KBS,2026-10-09T04:37:28Z
2024-10-24,SFI,25.84,26.68,25.84,26.68,1200,KBS,2026-10-09T04:37:28Z
2024-10-25,SFI,26.68,27.09,26.68,27.09,1000,KBS,2026-10-09T04:37:28Z
2024-10-28,SFI,25.72,27.01,25.72,27.01,2100,KBS,2026-10-09T04:37:28Z
2024-10-30,SFI,26.8,26.8,26.8,26.8,100,KBS,2026-10-09T04:37:28Z
2024-10-31,SFI,25.84,26.01,25.84,26.01,1500,KBS,2026-10-09T04:37:28Z
2024-11-01,SFI,26.18,26.18,25.84,25.84,1400,KBS,2026-10-09T04:37:28Z
2024-11-04,SFI,25.84,25.84,25.84,25.84,800,KBS,2026-10-09T04:37:28Z
2024-11-05,SFI,25.84,25.84,25.84,25.84,1200,KBS,2026-10-09T04:37:28Z
2024-11-06,SFI,25.51,26.68,25.51,26.68,2600,KBS,2026-10-09T04:37:28Z
2024-11-07,SFI,25.84,25.84,25.84,25.84,100,KBS,2026-10-09T04:37:28Z
2024-11-08,SFI,25.84,25.84,25.84,25.84,200,KBS,2026-10-09T04:37:28Z
2024-11-11,SFI,25.84,25.84,25.84,25.84,100,KBS,2026-10-09T04:37:28Z
2024-11-12,SFI,25.84,25.84,25.84,25.84,1600,KBS,2026-10-09T04:37:28Z
2024-11-13,SFI,25.55,25.88,25.13,25.88,13400,KBS,2026-10-09T04:37:28Z
2024-11-14,SFI,25.92,25.97,25.92,25.97,4100,KBS,2026-10-09T04:37:28Z
2024-11-15,SFI,25.84,25.92,25.84,25.84,4100,KBS,2026-10-09T04:37:28Z
2024-11-18,SFI,25.84,25.84,25.8,25.84,5500,KBS,2026-10-09T04:37:28Z
2024-11-20,SFI,25.76,25.8,25.01,25.8,1200,KBS,2026-10-09T04:37:28Z
2024-11-21,SFI,25.13,25.13,25.13,25.13,300,KBS,2026-10-09T04:37:28Z
2024-11-22,SFI,25.18,25.22,25.18,25.18,500,KBS,2026-10-09T04:37:28Z
2024-11-25,SFI,25.92,25.92,25.18,25.18,300,KBS,2026-10-09T04:37:28Z
2024-11-26,SFI,25.01,25.42,25.01,25.42,1500,KBS,2026-10-09T04:37:28Z
2024-11-27,SFI,25.01,25.01,25.01,25.01,2000,KBS,2026-10-09T04:37:28Z
2024-11-28,SFI,25.63,25.97,25.63,25.97,300,KBS,2026-10-09T04:37:28Z
2024-11-29,SFI,25.84,25.84,25.84,25.84,300,KBS,2026-10-09T04:37:28Z
2024-12-02,SFI,25.84,26.26,25.84,25.84,11200,KBS,2026-10-09T04:37:28Z
2024-12-03,SFI,25.84,25.84,25.01,25.01,1300,KBS,2026-10-09T04:37:28Z
2024-12-04,SFI,25.84,25.84,25.84,25.84,100,KBS,2026-10-09T04:37:28Z
2024-12-05,SFI,25.84,25.84,25.84,25.84,200,KBS,2026-10-09T04:37:28Z
2024-12-06,SFI,25.84,25.84,25.01,25.84,21200,KBS,2026-10-09T04:37:28Z
2024-12-09,SFI,25.84,25.84,25.84,25.84,11200,KBS,2026-10-09T04:37:28Z
2024-12-10,SFI,26.22,26.22,25.09,25.09,600,KBS,2026-10-09T04:37:28Z
2024-12-11,SFI,26.13,26.84,25.68,25.68,3700,KBS,2026-10-09T04:37:28Z
2024-12-12,SFI,26.09,26.59,26.09,26.59,500,KBS,2026-10-09T04:37:28Z
2024-12-13,SFI,26.26,26.26,26.26,26.26,100,KBS,2026-10-09T04:37:28Z
2024-12-16,SFI,26.22,26.26,26.22,26.26,400,KBS,2026-10-09T04:37:28Z
2024-12-19,SFI,26.26,26.26,25.01,25.97,3200,KBS,2026-10-09T04:37:28Z
2024-12-20,SFI,26.05,26.05,25.18,25.18,300,KBS,2026-10-09T04:37:28Z
2024-12-23,SFI,25.01,25.13,25.01,25.05,12800,KBS,2026-10-09T04:37:28Z
2024-12-24,SFI,25.09,25.09,25.09,25.09,200,KBS,2026-10-09T04:37:28Z
2024-12-25,SFI,25.09,25.18,25.01,25.01,12600,KBS,2026-10-09T04:37:28Z
2024-12-26,SFI,25.68,25.68,25.01,25.01,2300,KBS,2026-10-09T04:37:28Z
2024-12-27,SFI,25.42,25.42,25.01,25.01,400,KBS,2026-10-09T04:37:28Z
2024-12-30,SFI,25.01,25.01,24.84,24.84,2000,KBS,2026-10-09T04:37:28Z
2024-12-31,SFI,25.42,25.42,25.42,25.42,200,KBS,2026-10-09T04:37:28Z
2025-01-02,SFI,25.38,25.42,25.38,25.42,6800,KBS,2026-10-09T04:37:28Z
2025-01-03,SFI,25.42,25.42,25.01,25.42,8700,KBS,2026-10-09T04:37:28Z
2025-01-06,SFI,25.42,25.42,25.34,25.42,9600,KBS,2026-10-09T04:37:28Z
2025-01-07,SFI,25.8,25.8,25.09,25.18,6000,KBS,2026-10-09T04:37:28Z
2025-01-08,SFI,25.42,25.42,25.13,25.42,10300,KBS,2026-10-09T04:37:28Z
2025-01-09,SFI,25.42,25.42,25.42,25.42,100,KBS,2026-10-09T04:37:28Z
2025-01-10,SFI,25.42,26.09,25.42,25.68,10000,KBS,2026-10-09T04:37:28Z
2025-01-13,SFI,25.68,25.68,25.05,25.3,1500,KBS,2026-10-09T04:37:28Z
2025-01-14,SFI,25.3,25.3,25.3,25.3,1700,KBS,2026-10-09T04:37:28Z
2025-01-15,SFI,25.47,25.76,25.47,25.76,5800,KBS,2026-10-09T04:37:28Z
2025-01-16,SFI,25.34,25.42,25.34,25.42,5000,KBS,2026-10-09T04:37:28Z
2025-01-17,SFI,25.42,25.72,25.42,25.42,4600,KBS,2026-10-09T04:37:28Z
2025-01-20,SFI,26.18,26.18,25.13,25.26,900,KBS,2026-10-09T04:37:28Z
2025-01-21,SFI,25.34,25.34,25.34,25.34,400,KBS,2026-10-09T04:37:28Z
2025-01-22,SFI,25.42,25.42,25.42,25.42,1100,KBS,2026-10-09T04:37:28Z
2025-01-23,SFI,25.42,25.68,25.42,25.68,7600,KBS,2026-10-09T04:37:28Z
2025-01-24,SFI,26.34,26.34,25.55,25.97,9000,KBS,2026-10-09T04:37:28Z
2025-02-03,SFI,26.4,26.4,26.22,26.22,1700,KBS,2026-10-09T04:37:28Z
2025-02-04,SFI,26.22,26.27,25.84,26.14,15100,KBS,2026-10-09T04:37:28Z
2025-02-05,SFI,24.98,26.14,24.98,25.62,1600,KBS,2026-10-09T04:37:28Z
2025-02-06,SFI,26.31,27.13,25.84,27.13,14000,KBS,2026-10-09T04:37:28Z
2025-02-07,SFI,27.13,27.34,26.35,27.22,17500,KBS,2026-10-09T04:37:28Z
2025-02-10,SFI,26.87,26.87,26.7,26.7,1300,KBS,2026-10-09T04:37:28Z
2025-02-11,SFI,26.7,26.83,25.84,25.84,16800,KBS,2026-10-09T04:37:28Z
2025-02-12,SFI,25.88,26.44,25.84,26.44,20700,KBS,2026-10-09T04:37:28Z
2025-02-13,SFI,26.4,26.4,26.4,26.4,300,KBS,2026-10-09T04:37:28Z
2025-02-14,SFI,26.4,26.4,25.84,26.4,15100,KBS,2026-10-09T04:37:28Z
2025-02-17,SFI,26.27,26.27,25.02,25.02,3400,KBS,2026-10-09T04:37:28Z
2025-02-18,SFI,25.06,25.11,24.98,24.98,21400,KBS,2026-10-09T04:37:28Z
2025-02-19,SFI,26.27,26.7,26.14,26.22,900,KBS,2026-10-09T04:37:28Z
2025-02-20,SFI,25.84,25.84,25.84,25.84,200,KBS,2026-10-09T04:37:28Z
2025-02-21,SFI,25.92,25.97,25.32,25.32,10200,KBS,2026-10-09T04:37:28Z
2025-02-24,SFI,25.32,25.32,24.89,25.32,30800,KBS,2026-10-09T04:37:28Z
2025-02-25,SFI,25.32,25.41,25.02,25.15,2000,KBS,2026-10-09T04:37:28Z
2025-02-26,SFI,25.19,25.24,25.15,25.15,7000,KBS,2026-10-09T04:37:28Z
2025-02-27,SFI,25.24,25.24,25.19,25.19,2200,KBS,2026-10-09T04:37:28Z
2025-02-28,SFI,25.71,25.71,25.24,25.24,1000,KBS,2026-10-09T04:37:28Z
2025-03-03,SFI,25.28,25.41,25.28,25.41,1400,KBS,2026-10-09T04:37:28Z
2025-03-04,SFI,25.58,25.58,25.45,25.58,500,KBS,2026-10-09T04:37:28Z
2025-03-05,SFI,25.41,25.41,25.41,25.41,800,KBS,2026-10-09T04:37:28Z
2025-03-06,SFI,25.41,25.84,25.41,25.84,12400,KBS,2026-10-09T04:37:28Z
2025-03-07,SFI,25.49,25.75,25.49,25.49,4900,KBS,2026-10-09T04:37:28Z
2025-03-10,SFI,25.49,25.54,25.49,25.49,35200,KBS,2026-10-09T04:37:28Z
2025-03-11,SFI,25.41,25.49,25.41,25.41,6500,KBS,2026-10-09T04:37:28Z
2025-03-12,SFI,25.41,25.41,25.36,25.36,10400,KBS,2026-10-09T04:37:28Z
2025-03-13,SFI,25.41,25.41,25.28,25.41,2200,KBS,2026-10-09T04:37:28Z
2025-03-14,SFI,25.32,25.32,25.32,25.32,200,KBS,2026-10-09T04:37:28Z
2025-03-17,SFI,25.28,25.36,25.28,25.36,600,KBS,2026-10-09T04:37:28Z
2025-03-18,SFI,25.41,25.49,25.41,25.49,200,KBS,2026-10-09T04:37:28Z
2025-03-19,SFI,25.49,25.62,25.32,25.62,800,KBS,2026-10-09T04:37:28Z
2025-03-20,SFI,25.66,25.84,25.41,25.41,2600,KBS,2026-10-09T04:37:28Z
2025-03-21,SFI,25.15,25.15,25.15,25.15,100,KBS,2026-10-09T04:37:28Z
2025-03-24,SFI,25.28,25.28,24.8,25.28,1800,KBS,2026-10-09T04:37:28Z
2025-03-25,SFI,25.02,25.28,25.02,25.28,400,KBS,2026-10-09T04:37:28Z
2025-03-26,SFI,25.32,25.32,25.24,25.24,2500,KBS,2026-10-09T04:37:28Z
2025-03-27,SFI,25.06,25.66,24.98,25.66,1000,KBS,2026-10-09T04:37:28Z
2025-03-28,SFI,25.58,25.58,25.41,25.41,1200,KBS,2026-10-09T04:37:28Z
2025-04-01,SFI,25.41,25.41,25.15,25.41,1200,KBS,2026-10-09T04:37:28Z
2025-04-02,SFI,25.41,25.41,25.41,25.41,300,KBS,2026-10-09T04:37:28Z
2025-04-03,SFI,24.24,24.37,23.64,23.64,71900,KBS,2026-10-09T04:37:28Z
2025-04-04,SFI,23.25,23.25,22.05,23.25,24000,KBS,2026-10-09T04:37:28Z
2025-04-08,SFI,23.25,23.25,21.66,21.66,29400,KBS,2026-10-09T04:37:28Z
2025-04-09,SFI,20.76,20.76,20.67,20.67,3100,KBS,2026-10-09T04:37:28Z
2025-04-10,SFI,22.09,22.09,22.09,22.09,400,KBS,2026-10-09T04:37:28Z
2025-04-11,SFI,22.09,23.25,22.09,23.25,5400,KBS,2026-10-09T04:37:28Z
2025-04-14,SFI,23.21,23.34,23.21,23.25,900,KBS,2026-10-09T04:37:28Z
2025-04-15,SFI,22.87,23.25,22.82,22.82,4000,KBS,2026-10-09T04:37:28Z
2025-04-16,SFI,22.87,22.87,22.82,22.82,400,KBS,2026-10-09T04:37:28Z
2025-04-17,SFI,22.82,22.82,22.82,22.82,100,KBS,2026-10-09T04:37:28Z
2025-04-18,SFI,22.87,22.87,22.82,22.82,6100,KBS,2026-10-09T04:37:28Z
2025-04-21,SFI,22.82,22.82,22.82,22.82,1500,KBS,2026-10-09T04:37:28Z
2025-04-22,SFI,23.21,23.25,22.82,22.91,13100,KBS,2026-10-09T04:37:28Z
2025-04-24,SFI,23.56,23.56,23.21,23.25,15600,KBS,2026-10-09T04:37:28Z
2025-04-25,SFI,24.12,24.63,23.25,23.25,9000,KBS,2026-10-09T04:37:28Z
2025-04-28,SFI,23.3,23.3,23.25,23.25,4900,KBS,2026-10-09T04:37:28Z
2025-04-29,SFI,23.25,23.68,23.25,23.6,5200,KBS,2026-10-09T04:37:28Z
2025-05-05,SFI,23.51,24.12,23.51,24.12,6600,KBS,2026-10-09T04:37:28Z
2025-05-06,SFI,24.12,24.12,23.68,23.68,600,KBS,2026-10-09T04:37:28Z
2025-05-07,SFI,23.68,23.68,23.68,23.68,2800,KBS,2026-10-09T04:37:28Z
2025-05-08,SFI,23.86,23.86,23.86,23.86,500,KBS,2026-10-09T04:37:28Z
2025-05-09,SFI,23.77,23.77,23.77,23.77,800,KBS,2026-10-09T04:37:28Z
2025-05-12,SFI,23.68,23.68,23.68,23.68,100,KBS,2026-10-09T04:37:28Z
2025-05-13,SFI,24.12,24.12,23.77,23.77,5300,KBS,2026-10-09T04:37:28Z
2025-05-14,SFI,24.12,24.55,24.12,24.12,900,KBS,2026-10-09T04:37:28Z
2025-05-15,SFI,24.03,24.03,24.03,24.03,500,KBS,2026-10-09T04:37:28Z
2025-05-19,SFI,24.03,24.2,24.03,24.2,600,KBS,2026-10-09T04:37:28Z
2025-05-20,SFI,24.29,24.55,24.12,24.55,13400,KBS,2026-10-09T04:37:28Z
2025-05-21,SFI,24.03,24.03,24.03,24.03,12100,KBS,2026-10-09T04:37:28Z
2025-05-22,SFI,24.74,24.74,24.74,24.74,800,KBS,2026-10-09T04:37:28Z
2025-05-26,SFI,23.76,25.01,23.76,25.01,3400,KBS,2026-10-09T04:37:28Z
2025-05-28,SFI,25.1,25.1,25.1,25.1,100,KBS,2026-10-09T04:37:28Z
2025-05-29,SFI,25.46,25.46,25.28,25.28,2000,KBS,2026-10-09T04:37:28Z
2025-05-30,SFI,25.01,25.01,25.01,25.01,3000,KBS,2026-10-09T04:37:28Z
2025-06-02,SFI,25.01,25.01,25.01,25.01,300,KBS,2026-10-09T04:37:28Z
2025-06-03,SFI,25.01,25.28,25.01,25.01,5300,KBS,2026-10-09T04:37:28Z
2025-06-04,SFI,25.19,25.46,25.19,25.46,1300,KBS,2026-10-09T04:37:28Z
2025-06-06,SFI,25.32,25.32,25.32,25.32,100,KBS,2026-10-09T04:37:28Z
2025-06-09,SFI,25.32,25.32,25.32,25.32,100,KBS,2026-10-09T04:37:28Z
2025-06-10,SFI,25.32,25.32,24.92,24.92,300,KBS,2026-10-09T04:37:28Z
2025-06-13,SFI,24.83,24.83,24.65,24.65,3400,KBS,2026-10-09T04:37:28Z
2025-06-16,SFI,24.83,24.83,24.65,24.65,400,KBS,2026-10-09T04:37:28Z
2025-06-17,SFI,24.21,24.21,24.21,24.21,1200,KBS,2026-10-09T04:37:28Z
2025-06-18,SFI,24.3,24.3,24.12,24.12,2300,KBS,2026-10-09T04:37:28Z
2025-06-19,SFI,24.12,24.12,24.12,24.12,100,KBS,2026-10-09T04:37:28Z
2025-06-23,SFI,24.12,24.12,23.22,23.22,6300,KBS,2026-10-09T04:37:28Z
2025-06-24,SFI,24.74,24.74,24.74,24.74,1500,KBS,2026-10-09T04:37:28Z
2025-06-25,SFI,24.83,24.83,24.83,24.83,100,KBS,2026-10-09T04:37:28Z
2025-06-26,SFI,24.74,24.74,24.74,24.74,100,KBS,2026-10-09T04:37:28Z
2025-07-01,SFI,24.92,25.46,24.74,24.74,1400,KBS,2026-10-09T04:37:28Z
2025-07-02,SFI,24.65,24.65,24.65,24.65,100,KBS,2026-10-09T04:37:28Z
2025-07-03,SFI,24.65,24.65,24.65,24.65,14000,KBS,2026-10-09T04:37:28Z
2025-07-04,SFI,25.01,25.99,25.01,25.99,1500,KBS,2026-10-09T04:37:28Z
2025-07-07,SFI,24.65,24.65,24.65,24.65,100,KBS,2026-10-09T04:37:28Z
2025-07-08,SFI,24.65,24.65,24.65,24.65,4000,KBS,2026-10-09T04:37:28Z
2025-07-09,SFI,24.65,24.65,24.56,24.56,3100,KBS,2026-10-09T04:37:28Z
2025-07-11,SFI,25.28,25.46,24.65,24.65,600,KBS,2026-10-09T04:37:28Z
2025-07-14,SFI,24.48,24.48,24.48,24.48,300,KBS,2026-10-09T04:37:28Z
2025-07-15,SFI,23.76,24.39,23.76,24.39,1400,KBS,2026-10-09T04:37:28Z
2025-07-16,SFI,24.39,24.39,24.3,24.3,1000,KBS,2026-10-09T04:37:28Z
2025-07-17,SFI,24.74,24.74,24.3,24.3,800,KBS,2026-10-09T04:37:28Z
2025-07-18,SFI,23.49,24.74,23.49,23.94,13800,KBS,2026-10-09T04:37:28Z
2025-07-21,SFI,24.12,24.21,23.94,23.94,1000,KBS,2026-10-09T04:37:28Z
2025-07-22,SFI,24.03,24.21,23.94,24.12,16200,KBS,2026-10-09T04:37:28Z
2025-07-23,SFI,24.12,24.39,24.12,24.12,2000,KBS,2026-10-09T04:37:28Z
2025-07-24,SFI,24.21,24.21,24.03,24.03,4100,KBS,2026-10-09T04:37:28Z
2025-07-25,SFI,23.9,24.12,23.9,24.07,400,KBS,2026-10-09T04:37:28Z
2025-07-28,SFI,24.12,24.12,24.03,24.03,2800,KBS,2026-10-09T04:37:28Z
2025-07-29,SFI,24.12,24.12,23.76,23.76,4800,KBS,2026-10-09T04:37:28Z
2025-07-30,SFI,23.76,23.76,23.54,23.72,5100,KBS,2026-10-09T04:37:28Z
2025-07-31,SFI,24.12,24.12,24.12,24.12,100,KBS,2026-10-09T04:37:28Z
2025-08-01,SFI,24.07,24.07,23.85,23.85,2900,KBS,2026-10-09T04:37:28Z
2025-08-06,SFI,24.12,25.5,23.94,23.94,2000,KBS,2026-10-09T04:37:28Z
2025-08-07,SFI,24.03,24.92,24.03,24.65,1400,KBS,2026-10-09T04:37:28Z
2025-08-08,SFI,25.1,25.1,24.65,24.65,8400,KBS,2026-10-09T04:37:28Z
2025-08-11,SFI,24.65,24.97,24.12,24.56,19300,KBS,2026-10-09T04:37:28Z
2025-08-12,SFI,24.56,25.28,24.48,25.01,27500,KBS,2026-10-09T04:37:28Z
2025-08-13,SFI,25.01,25.01,25.01,25.01,7000,KBS,2026-10-09T04:37:28Z
2025-08-14,SFI,25.01,25.01,23.9,25.01,4200,KBS,2026-10-09T04:37:28Z
2025-08-15,SFI,25.01,25.01,24.32,24.32,4700,KBS,2026-10-09T04:37:28Z
2025-08-18,SFI,25.29,25.29,24.92,24.92,5800,KBS,2026-10-09T04:37:28Z
2025-08-19,SFI,24.92,24.92,24.08,24.83,4300,KBS,2026-10-09T04:37:28Z
2025-08-20,SFI,24.83,24.83,24.36,24.36,1900,KBS,2026-10-09T04:37:28Z
2025-08-21,SFI,24.08,24.22,24.08,24.18,2000,KBS,2026-10-09T04:37:28Z
2025-08-22,SFI,24.18,24.18,23.99,23.99,14000,KBS,2026-10-09T04:37:28Z
2025-08-25,SFI,23.72,24.92,22.7,24.92,13300,KBS,2026-10-09T04:37:28Z
2025-08-26,SFI,24.55,24.87,24.08,24.08,2900,KBS,2026-10-09T04:37:28Z
2025-08-27,SFI,24.08,24.64,24.08,24.64,200,KBS,2026-10-09T04:37:28Z
2025-08-28,SFI,24.08,24.55,24.08,24.08,4200,KBS,2026-10-09T04:37:28Z
2025-08-29,SFI,24.18,24.46,24.18,24.46,4400,KBS,2026-10-09T04:37:28Z
2025-09-03,SFI,24.46,24.55,24.18,24.36,4000,KBS,2026-10-09T04:37:28Z
2025-09-04,SFI,24.32,24.32,24.22,24.32,1500,KBS,2026-10-09T04:37:28Z
2025-09-05,SFI,24.32,24.32,24.32,24.32,800,KBS,2026-10-09T04:37:28Z
2025-09-08,SFI,24.32,24.32,24.08,24.08,2700,KBS,2026-10-09T04:37:28Z
2025-09-09,SFI,24.08,24.46,23.9,24.46,8100,KBS,2026-10-09T04:37:28Z
2025-09-10,SFI,24.27,24.41,23.99,24.13,5200,KBS,2026-10-09T04:37:28Z
2025-09-11,SFI,24.46,24.46,24.08,24.08,4200,KBS,2026-10-09T04:37:28Z
2025-09-12,SFI,24.08,24.27,24.08,24.08,2700,KBS,2026-10-09T04:37:28Z
2025-09-15,SFI,24.18,24.83,24.18,24.32,5200,KBS,2026-10-09T04:37:28Z
2025-09-16,SFI,24.18,24.32,24.08,24.08,2700,KBS,2026-10-09T04:37:28Z
2025-09-17,SFI,24.08,24.41,23.99,24.08,13700,KBS,2026-10-09T04:37:28Z
2025-09-18,SFI,24.08,24.08,23.99,24.08,13500,KBS,2026-10-09T04:37:28Z
2025-09-19,SFI,24.08,24.08,23.99,24.08,4100,KBS,2026-10-09T04:37:28Z
2025-09-22,SFI,24.08,24.08,23.99,23.99,1100,KBS,2026-10-09T04:37:28Z
2025-09-23,SFI,23.99,24.08,23.95,24.08,5200,KBS,2026-10-09T04:37:28Z
2025-09-24,SFI,23.99,23.99,23.95,23.99,1400,KBS,2026-10-09T04:37:28Z
2025-09-25,SFI,24.08,24.08,23.95,23.99,2800,KBS,2026-10-09T04:37:28Z
2025-09-26,SFI,23.99,23.99,23.9,23.99,1000,KBS,2026-10-09T04:37:28Z
2025-09-29,SFI,24.08,24.08,23.99,23.99,2600,KBS,2026-10-09T04:37:28Z
2025-09-30,SFI,23.9,23.9,23.62,23.62,400,KBS,2026-10-09T04:37:28Z
2025-10-01,SFI,23.72,23.72,23.72,23.72,2900,KBS,2026-10-09T04:37:28Z
2025-10-02,SFI,23.67,23.67,23.62,23.67,700,KBS,2026-10-09T04:37:28Z
2025-10-03,SFI,23.67,23.67,23.67,23.67,700,KBS,2026-10-09T04:37:28Z
2025-10-06,SFI,23.72,23.72,23.62,23.62,2100,KBS,2026-10-09T04:37:28Z
2025-10-07,SFI,23.72,24.08,23.72,24.08,800,KBS,2026-10-09T04:37:28Z
2025-10-08,SFI,24.27,24.27,24.27,24.27,100,KBS,2026-10-09T04:37:28Z
2025-10-10,SFI,24.27,24.27,24.27,24.27,800,KBS,2026-10-09T04:37:28Z
2025-10-13,SFI,24.08,24.08,23.9,23.9,2200,KBS,2026-10-09T04:37:28Z
2025-10-14,SFI,23.72,24.08,23.72,24.08,600,KBS,2026-10-09T04:37:28Z
2025-10-16,SFI,23.81,23.81,23.81,23.81,200,KBS,2026-10-09T04:37:28Z
2025-10-17,SFI,23.81,23.81,23.72,23.72,700,KBS,2026-10-09T04:37:28Z
2025-10-20,SFI,23.72,23.72,23.72,23.72,1000,KBS,2026-10-09T04:37:28Z
2025-10-21,SFI,23.76,24.18,23.76,23.99,6100,KBS,2026-10-09T04:37:28Z
2025-10-22,SFI,23.99,23.99,23.62,23.62,6100,KBS,2026-10-09T04:37:28Z
2025-10-23,SFI,23.81,23.81,23.25,23.25,12300,KBS,2026-10-09T04:37:28Z
2025-10-24,SFI,23.67,24.08,23.67,24.08,400,KBS,2026-10-09T04:37:28Z
2025-10-27,SFI,24.08,24.08,24.08,24.08,100,KBS,2026-10-09T04:37:28Z
2025-10-28,SFI,23.9,23.9,23.81,23.81,8900,KBS,2026-10-09T04:37:28Z
2025-10-30,SFI,23.81,23.81,23.81,23.81,500,KBS,2026-10-09T04:37:28Z
2025-10-31,SFI,23.81,24.22,23.81,24.22,800,KBS,2026-10-09T04:37:28Z
2025-11-03,SFI,24.22,24.22,24.18,24.18,400,KBS,2026-10-09T04:37:28Z
2025-11-05,SFI,23.62,23.72,23.62,23.72,1000,KBS,2026-10-09T04:37:28Z
2025-11-06,SFI,23.81,23.81,23.81,23.81,100,KBS,2026-10-09T04:37:28Z
2025-11-10,SFI,24.08,24.08,24.08,24.08,200,KBS,2026-10-09T04:37:28Z
2025-11-11,SFI,23.9,23.99,23.67,23.99,2600,KBS,2026-10-09T04:37:28Z
2025-11-12,SFI,23.99,23.99,23.99,23.99,400,KBS,2026-10-09T04:37:28Z
2025-11-13,SFI,23.81,24.08,23.81,23.99,600,KBS,2026-10-09T04:37:28Z
2025-11-14,SFI,23.81,23.99,23.81,23.99,300,KBS,2026-10-09T04:37:28Z
2025-11-17,SFI,24.18,24.18,24.18,24.18,1100,KBS,2026-10-09T04:37:28Z
2025-11-19,SFI,24.27,24.27,23.72,23.72,800,KBS,2026-10-09T04:37:28Z
2025-11-20,SFI,23.99,23.99,23.99,23.99,300,KBS,2026-10-09T04:37:28Z
2025-11-24,SFI,23.62,24.13,23.25,24.08,800,KBS,2026-10-09T04:37:28Z
2025-11-25,SFI,23.62,23.62,23.62,23.62,200,KBS,2026-10-09T04:37:28Z
2025-11-28,SFI,23.62,23.62,23.62,23.62,2000,KBS,2026-10-09T04:37:28Z
2025-12-01,SFI,24.55,24.55,23.9,23.9,2100,KBS,2026-10-09T04:37:28Z
2025-12-02,SFI,24.36,24.36,23.9,23.95,6200,KBS,2026-10-09T04:37:28Z
2025-12-03,SFI,24.55,24.64,23.81,24.6,4600,KBS,2026-10-09T04:37:28Z
2025-12-04,SFI,24.64,24.69,24.46,24.46,4500,KBS,2026-10-09T04:37:28Z
2025-12-05,SFI,24.73,24.73,24.46,24.46,2600,KBS,2026-10-09T04:37:28Z
2025-12-08,SFI,23.88,24.89,23.88,24.79,1300,KBS,2026-10-09T04:37:28Z
2025-12-09,SFI,24.79,24.79,24.07,24.07,500,KBS,2026-10-09T04:37:28Z
2025-12-10,SFI,24.89,24.89,24.89,24.89,400,KBS,2026-10-09T04:37:28Z
2025-12-11,SFI,24.79,24.79,24.65,24.74,1200,KBS,2026-10-09T04:37:28Z
2025-12-12,SFI,24.74,24.89,24.55,24.65,4600,KBS,2026-10-09T04:37:28Z
2025-12-15,SFI,24.65,24.65,24.46,24.46,3200,KBS,2026-10-09T04:37:28Z
2025-12-16,SFI,24.41,24.41,23.44,23.44,3400,KBS,2026-10-09T04:37:28Z
2025-12-17,SFI,24.84,24.84,24.55,24.55,800,KBS,2026-10-09T04:37:28Z
2025-12-18,SFI,24.41,24.41,24.41,24.41,100,KBS,2026-10-09T04:37:28Z
2025-12-19,SFI,24.79,24.79,24.79,24.79,100,KBS,2026-10-09T04:37:28Z
2025-12-22,SFI,24.55,24.65,24.55,24.65,900,KBS,2026-10-09T04:37:28Z
2025-12-23,SFI,24.07,24.6,24.07,24.6,4100,KBS,2026-10-09T04:37:28Z
2025-12-26,SFI,23.97,23.97,23.97,23.97,200,KBS,2026-10-09T04:37:28Z
2025-12-30,SFI,24.07,24.07,24.07,24.07,500,KBS,2026-10-09T04:37:28Z
2026-01-05,SFI,22.92,24.07,22.92,24.07,1300,KBS,2026-10-09T04:37:28Z
2026-01-06,SFI,24.07,24.07,24.07,24.07,100,KBS,2026-10-09T04:37:28Z
2026-01-07,SFI,24.07,24.07,22.92,22.92,900,KBS,2026-10-09T04:37:28Z
2026-01-08,SFI,23.49,24.07,23.49,23.59,1100,KBS,2026-10-09T04:37:28Z
2026-01-09,SFI,24.07,24.07,24.07,24.07,2600,KBS,2026-10-09T04:37:28Z
2026-01-12,SFI,24.07,24.07,24.07,24.07,1000,KBS,2026-10-09T04:37:28Z
2026-01-13,SFI,24.41,24.41,24.41,24.41,100,KBS,2026-10-09T04:37:28Z
2026-01-14,SFI,24.46,25.37,24.46,25.03,16400,KBS,2026-10-09T04:37:28Z
2026-01-15,SFI,24.55,25.03,24.55,25.03,10300,KBS,2026-10-09T04:37:28Z
2026-01-16,SFI,25.52,26.48,25.03,26.48,23300,KBS,2026-10-09T04:37:28Z
2026-01-19,SFI,25.03,25.71,25.03,25.52,1800,KBS,2026-10-09T04:37:28Z
2026-01-20,SFI,25.52,26.09,25.52,26.0,26200,KBS,2026-10-09T04:37:28Z
2026-01-21,SFI,26.0,26.0,26.0,26.0,20400,KBS,2026-10-09T04:37:28Z
2026-01-23,SFI,25.52,26.0,25.52,25.9,2700,KBS,2026-10-09T04:37:28Z
2026-01-26,SFI,25.85,25.85,25.52,25.52,5100,KBS,2026-10-09T04:37:28Z
2026-01-27,SFI,25.47,26.04,25.47,26.0,300,KBS,2026-10-09T04:37:28Z
2026-01-28,SFI,25.85,26.0,25.85,26.0,14200,KBS,2026-10-09T04:37:28Z
2026-01-30,SFI,25.95,26.38,25.95,26.0,13800,KBS,2026-10-09T04:37:28Z
2026-02-02,SFI,25.61,25.71,25.61,25.71,2500,KBS,2026-10-09T04:37:28Z
2026-02-03,SFI,24.26,25.71,24.26,25.71,1900,KBS,2026-10-09T04:37:28Z
2026-02-04,SFI,24.94,26.48,24.94,26.48,18900,KBS,2026-10-09T04:37:28Z
2026-02-05,SFI,26.48,26.48,26.48,26.48,7900,KBS,2026-10-09T04:37:28Z
2026-02-06,SFI,26.48,26.53,26.38,26.53,22800,KBS,2026-10-09T04:37:28Z
2026-02-09,SFI,26.48,26.48,26.04,26.48,21500,KBS,2026-10-09T04:37:28Z
2026-02-10,SFI,26.67,26.67,26.48,26.48,9500,KBS,2026-10-09T04:37:28Z
2026-02-11,SFI,26.77,26.96,26.77,26.96,9600,KBS,2026-10-09T04:37:28Z
2026-02-12,SFI,26.96,27.25,26.96,26.96,2400,KBS,2026-10-09T04:37:28Z
2026-02-13,SFI,27.01,27.01,27.01,27.01,6800,KBS,2026-10-09T04:37:28Z
2026-02-23,SFI,27.63,27.63,27.06,27.06,4300,KBS,2026-10-09T04:37:28Z
2026-02-24,SFI,27.06,27.44,27.06,27.44,2400,KBS,2026-10-09T04:37:28Z
2026-02-25,SFI,27.44,27.44,27.34,27.34,1100,KBS,2026-10-09T04:37:28Z
2026-02-26,SFI,27.44,27.92,27.44,27.92,1400,KBS,2026-10-09T04:37:28Z
2026-02-27,SFI,27.44,27.54,27.44,27.44,3800,KBS,2026-10-09T04:37:28Z
2026-03-02,SFI,27.92,28.4,27.92,28.4,5500,KBS,2026-10-09T04:37:28Z
2026-03-03,SFI,27.92,27.92,27.92,27.92,6200,KBS,2026-10-09T04:37:28Z
2026-03-04,SFI,26.96,26.96,26.96,26.96,1500,KBS,2026-10-09T04:37:28Z
2026-03-05,SFI,28.84,28.84,27.92,27.92,7200,KBS,2026-10-09T04:37:28Z
2026-03-09,SFI,26.96,26.96,26.48,26.96,14800,KBS,2026-10-09T04:37:28Z
2026-03-10,SFI,28.79,28.79,26.48,26.67,1900,KBS,2026-10-09T04:37:28Z
2026-03-11,SFI,26.67,26.67,26.48,26.48,1500,KBS,2026-10-09T04:37:28Z
2026-03-12,SFI,26.48,26.96,26.48,26.96,1200,KBS,2026-10-09T04:37:28Z
2026-03-13,SFI,25.32,26.96,25.32,26.96,6500,KBS,2026-10-09T04:37:28Z
2026-03-16,SFI,27.92,27.92,26.82,26.82,300,KBS,2026-10-09T04:37:28Z
2026-03-17,SFI,26.96,26.96,26.48,26.96,5500,KBS,2026-10-09T04:37:28Z
2026-03-18,SFI,26.48,26.48,26.48,26.48,700,KBS,2026-10-09T04:37:28Z
2026-03-19,SFI,26.48,26.48,26.48,26.48,700,KBS,2026-10-09T04:37:28Z
2026-03-20,SFI,26.96,27.34,26.96,27.34,18100,KBS,2026-10-09T04:37:28Z
2026-03-23,SFI,27.25,27.25,26.48,26.57,500,KBS,2026-10-09T04:37:28Z
2026-03-24,SFI,26.96,26.96,26.96,26.96,2600,KBS,2026-10-09T04:37:28Z
2026-03-25,SFI,26.48,26.48,26.48,26.48,1000,KBS,2026-10-09T04:37:28Z
2026-03-30,SFI,26.09,26.48,26.09,26.48,1500,KBS,2026-10-09T04:37:28Z
2026-03-31,SFI,26.48,26.48,26.48,26.48,1000,KBS,2026-10-09T04:37:28Z
2026-04-01,SFI,26.96,26.96,26.0,26.0,1300,KBS,2026-10-09T04:37:28Z
2026-04-02,SFI,26.0,26.0,26.0,26.0,900,KBS,2026-10-09T04:37:28Z
2026-04-06,SFI,26.28,26.28,24.94,24.94,2000,KBS,2026-10-09T04:37:28Z
2026-04-07,SFI,24.55,25.8,24.55,25.8,1600,KBS,2026-10-09T04:37:28Z
2026-04-08,SFI,26.96,26.96,26.96,26.96,3800,KBS,2026-10-09T04:37:28Z
2026-04-09,SFI,27.58,27.58,27.58,27.58,100,KBS,2026-10-09T04:37:28Z
2026-04-10,SFI,27.54,27.54,27.34,27.39,15100,KBS,2026-10-09T04:37:28Z
2026-04-14,SFI,26.96,26.96,26.57,26.57,900,KBS,2026-10-09T04:37:28Z
2026-04-15,SFI,26.67,27.25,26.67,27.25,700,KBS,2026-10-09T04:37:28Z
2026-04-16,SFI,27.44,27.44,27.15,27.15,5500,KBS,2026-10-09T04:37:28Z
2026-04-17,SFI,27.15,27.15,27.15,27.15,100,KBS,2026-10-09T04:37:28Z
2026-04-20,SFI,27.87,27.92,27.83,27.92,12200,KBS,2026-10-09T04:37:28Z
2026-05-04,SFI,26.48,26.48,26.48,26.48,15000,KBS,2026-10-09T04:37:28Z
2026-05-05,SFI,25.23,26.96,25.23,26.96,2000,KBS,2026-10-09T04:37:28Z
2026-05-06,SFI,25.23,26.96,25.23,26.96,600,KBS,2026-10-09T04:37:28Z
2026-05-07,SFI,26.96,26.96,26.0,26.96,3000,KBS,2026-10-09T04:37:28Z
2026-05-08,SFI,26.96,26.96,26.96,26.96,100,KBS,2026-10-09T04:37:28Z
2026-05-12,SFI,26.96,26.96,26.96,26.96,1900,KBS,2026-10-09T04:37:28Z
2026-05-13,SFI,27.44,27.44,27.44,27.44,500,KBS,2026-10-09T04:37:28Z
2026-05-15,SFI,26.67,26.96,26.67,26.96,1700,KBS,2026-10-09T04:37:28Z
2026-05-18,SFI,26.14,26.14,26.14,26.14,100,KBS,2026-10-09T04:37:28Z
2026-05-20,SFI,26.43,26.43,26.43,26.43,100,KBS,2026-10-09T04:37:28Z
2026-05-21,SFI,25.18,25.27,25.18,25.27,1200,KBS,2026-10-09T04:37:28Z
2026-05-25,SFI,25.27,26.77,25.27,26.77,6500,KBS,2026-10-09T04:37:28Z
2026-05-27,SFI,27.44,27.44,27.44,27.44,200,KBS,2026-10-09T04:37:28Z
2026-05-28,SFI,26.19,26.19,26.09,26.09,1100,KBS,2026-10-09T04:37:28Z
2026-05-29,SFI,27.54,27.54,27.54,27.54,400,KBS,2026-10-09T04:37:28Z
2026-06-02,SFI,27.54,27.54,27.54,27.54,500,KBS,2026-10-09T04:37:28Z
2026-06-04,SFI,27.54,27.83,27.54,27.83,400,KBS,2026-10-09T04:37:28Z
2026-06-05,SFI,27.49,27.49,27.49,27.49,100,KBS,2026-10-09T04:37:28Z
2026-06-08,SFI,27.49,27.49,25.9,25.9,600,KBS,2026-10-09T04:37:28Z
2026-06-09,SFI,26.0,26.5,26.0,26.5,6000,KBS,2026-10-09T04:37:28Z
2026-06-10,SFI,27.7,27.7,27.7,27.7,100,KBS,2026-10-09T04:37:28Z
2026-06-11,SFI,28.0,28.0,28.0,28.0,100,KBS,2026-10-09T04:37:28Z
2026-06-15,SFI,28.0,28.0,28.0,28.0,1600,KBS,2026-10-09T04:37:28Z
2026-06-16,SFI,29.0,29.0,29.0,29.0,100,KBS,2026-10-09T04:37:28Z
2026-06-26,SFI,28.7,28.7,28.6,28.6,900,KBS,2026-10-09T04:37:28Z
2026-07-01,SFI,28.5,28.5,28.5,28.5,100,KBS,2026-10-09T04:37:28Z
2026-07-02,SFI,28.5,28.5,28.5,28.5,100,KBS,2026-10-09T04:37:28Z
2026-07-09,SFI,28.45,28.5,28.45,28.5,2100,KBS,2026-10-09T04:37:28Z
2026-07-15,SFI,27.8,27.8,27.3,27.3,700,KBS,2026-10-09T04:37:28Z
2026-07-16,SFI,25.6,27.0,25.6,27.0,2800,KBS,2026-10-09T04:37:28Z
2026-07-17,SFI,27.0,27.0,27.0,27.0,200,KBS,2026-10-09T04:37:28Z
2026-07-20,SFI,27.0,27.0,26.0,26.0,1800,KBS,2026-10-09T04:37:28Z
2026-07-21,SFI,26.0,26.0,25.5,26.0,7300,KBS,2026-10-09T04:37:28Z
2026-07-22,SFI,27.5,27.5,26.0,26.0,300,KBS,2026-10-09T04:37:28Z
2026-07-24,SFI,26.0,27.4,26.0,27.4,2400,KBS,2026-10-09T04:37:28Z
2026-07-28,SFI,27.25,27.3,27.25,27.3,800,KBS,2026-10-09T04:37:28Z
2026-07-29,SFI,27.3,27.4,27.3,27.4,6000,KBS,2026-10-09T04:37:28Z
2026-07-30,SFI,27.5,27.5,27.5,27.5,3000,KBS,2026-10-09T04:37:28Z
2026-07-31,SFI,27.5,27.5,27.0,27.0,5100,KBS,2026-10-09T04:37:28Z
2026-08-05,SFI,27.9,28.3,27.9,28.3,1000,KBS,2026-10-09T04:37:28Z
2026-08-10,SFI,28.0,28.0,28.0,28.0,5000,KBS,2026-10-09T04:37:28Z
2026-08-12,SFI,28.0,28.0,28.0,28.0,100,KBS,2026-10-09T04:37:28Z
2026-08-14,SFI,26.15,26.5,26.15,26.5,200,KBS,2026-10-09T04:37:28Z
2026-08-17,SFI,26.25,26.25,26.15,26.15,200,KBS,2026-10-09T04:37:28Z
2026-08-20,SFI,26.5,26.5,26.15,26.15,1000,KBS,2026-10-09T04:37:28Z
2026-08-21,SFI,26.3,26.3,26.3,26.3,100,KBS,2026-10-09T04:37:28Z
2026-08-26,SFI,26.3,26.3,26.3,26.3,600,KBS,2026-10-09T04:37:28Z
2026-08-27,SFI,26.5,26.5,26.5,26.5,700,KBS,2026-10-09T04:37:28Z
2026-08-28,SFI,26.5,26.5,26.4,26.4,1700,KBS,2026-10-09T04:37:28Z
2026-09-07,SFI,26.4,27.6,25.5,27.6,400,KBS,2026-10-09T04:37:28Z
2026-09-08,SFI,26.0,27.4,26.0,27.4,3800,KBS,2026-10-09T04:37:28Z
2026-09-16,SFI,26.0,26.0,26.0,26.0,200,KBS,2026-10-09T04:37:28Z
2026-09-17,SFI,26.1,26.1,26.1,26.1,300,KBS,2026-10-09T04:37:28Z
2026-09-18,SFI,26.1,27.1,26.1,26.2,4800,KBS,2026-10-09T04:37:28Z
2026-09-21,SFI,26.2,26.2,26.0,26.0,400,KBS,2026-10-09T04:37:28Z
2026-09-23,SFI,25.5,25.5,25.5,25.5,100,KBS,2026-10-09T04:37:28Z
2026-09-29,SFI,25.5,25.5,25.5,25.5,300,KBS,2026-10-09T04:37:28Z
2026-10-01,SFI,25.5,25.5,25.5,25.5,200,KBS,2026-10-09T04:37:28Z
2026-10-02,SFI,25.5,25.5,25.3,25.3,2300,KBS,2026-10-09T04:37:28Z
2026-10-05,SFI,25.35,25.35,25.35,25.35,300,KBS,2026-10-09T04:37:28Z
2026-10-07,SFI,25.3,26.45,25.3,26.45,300,KBS,2026-10-09T04:37:28Z
2026-10-08,SFI,26.45,26.45,26.45,26.45,1700,KBS,2026-10-09T04:37:28Z
