date,symbol,open,high,low,close,volume,source,fetched_at
2018-10-11,SHS,2.98,3.0,2.77,2.77,3519352,KBS,2026-10-09T04:18:26Z
2018-10-12,SHS,2.77,2.88,2.65,2.83,1603145,KBS,2026-10-09T04:18:26Z
2018-10-15,SHS,2.83,2.84,2.75,2.75,1170737,KBS,2026-10-09T04:18:26Z
2018-10-16,SHS,2.69,2.81,2.63,2.79,1185001,KBS,2026-10-09T04:18:26Z
2018-10-17,SHS,2.83,2.86,2.81,2.84,1025653,KBS,2026-10-09T04:18:26Z
2018-10-18,SHS,2.83,2.84,2.77,2.79,918129,KBS,2026-10-09T04:18:26Z
2018-10-19,SHS,2.77,2.81,2.69,2.81,1058687,KBS,2026-10-09T04:18:26Z
2018-10-22,SHS,2.83,2.84,2.77,2.81,1380540,KBS,2026-10-09T04:18:26Z
2018-10-23,SHS,2.81,2.84,2.65,2.71,3665501,KBS,2026-10-09T04:18:26Z
2018-10-24,SHS,2.71,2.73,2.63,2.63,984180,KBS,2026-10-09T04:18:26Z
2018-10-25,SHS,2.53,2.63,2.44,2.63,1085540,KBS,2026-10-09T04:18:26Z
2018-10-26,SHS,2.63,2.71,2.61,2.61,1222022,KBS,2026-10-09T04:18:26Z
2018-10-29,SHS,2.59,2.61,2.55,2.61,953910,KBS,2026-10-09T04:18:26Z
2018-10-30,SHS,2.59,2.65,2.59,2.63,994207,KBS,2026-10-09T04:18:26Z
2018-10-31,SHS,2.67,2.79,2.65,2.77,1365511,KBS,2026-10-09T04:18:26Z
2018-11-01,SHS,2.79,2.81,2.67,2.67,1064420,KBS,2026-10-09T04:18:26Z
2018-11-02,SHS,2.69,2.77,2.67,2.77,1350530,KBS,2026-10-09T04:18:26Z
2018-11-05,SHS,2.81,2.81,2.69,2.79,1013560,KBS,2026-10-09T04:18:26Z
2018-11-06,SHS,2.79,2.81,2.75,2.75,1103260,KBS,2026-10-09T04:18:26Z
2018-11-07,SHS,2.77,2.79,2.69,2.75,848240,KBS,2026-10-09T04:18:26Z
2018-11-08,SHS,2.75,2.79,2.75,2.77,876011,KBS,2026-10-09T04:18:26Z
2018-11-09,SHS,2.73,2.77,2.67,2.67,832181,KBS,2026-10-09T04:18:26Z
2018-11-12,SHS,2.67,2.71,2.63,2.71,917539,KBS,2026-10-09T04:18:26Z
2018-11-13,SHS,2.65,2.69,2.61,2.69,874158,KBS,2026-10-09T04:18:26Z
2018-11-14,SHS,2.65,2.73,2.63,2.69,817254,KBS,2026-10-09T04:18:26Z
2018-11-15,SHS,2.69,2.69,2.63,2.63,825318,KBS,2026-10-09T04:18:26Z
2018-11-16,SHS,2.65,2.71,2.61,2.65,781500,KBS,2026-10-09T04:18:26Z
2018-11-19,SHS,2.65,2.73,2.65,2.73,932080,KBS,2026-10-09T04:18:26Z
2018-11-20,SHS,2.71,2.75,2.46,2.67,794058,KBS,2026-10-09T04:18:26Z
2018-11-21,SHS,2.65,2.71,2.63,2.69,471900,KBS,2026-10-09T04:18:26Z
2018-11-22,SHS,2.71,2.75,2.69,2.71,837620,KBS,2026-10-09T04:18:26Z
2018-11-23,SHS,2.71,2.73,2.65,2.69,617740,KBS,2026-10-09T04:18:26Z
2018-11-26,SHS,2.69,2.69,2.65,2.67,615910,KBS,2026-10-09T04:18:26Z
2018-11-27,SHS,2.69,2.71,2.63,2.65,823440,KBS,2026-10-09T04:18:26Z
2018-11-28,SHS,2.67,2.67,2.61,2.67,830110,KBS,2026-10-09T04:18:26Z
2018-11-29,SHS,2.69,2.71,2.63,2.63,774770,KBS,2026-10-09T04:18:26Z
2018-11-30,SHS,2.65,2.65,2.61,2.65,555325,KBS,2026-10-09T04:18:26Z
2018-12-03,SHS,2.67,2.75,2.67,2.73,1006710,KBS,2026-10-09T04:18:26Z
2018-12-04,SHS,2.73,2.75,2.69,2.73,1166218,KBS,2026-10-09T04:18:26Z
2018-12-05,SHS,2.69,2.75,2.67,2.73,1029004,KBS,2026-10-09T04:18:26Z
2018-12-06,SHS,2.73,2.75,2.69,2.73,863260,KBS,2026-10-09T04:18:26Z
2018-12-07,SHS,2.73,2.88,2.71,2.84,1970770,KBS,2026-10-09T04:18:26Z
2018-12-10,SHS,2.84,2.84,2.79,2.81,1781910,KBS,2026-10-09T04:18:26Z
2018-12-11,SHS,2.83,2.84,2.75,2.79,882980,KBS,2026-10-09T04:18:26Z
2018-12-12,SHS,2.79,2.83,2.79,2.83,899713,KBS,2026-10-09T04:18:26Z
2018-12-13,SHS,2.81,2.84,2.81,2.84,1122660,KBS,2026-10-09T04:18:26Z
2018-12-14,SHS,2.84,2.84,2.81,2.81,935535,KBS,2026-10-09T04:18:26Z
2018-12-17,SHS,2.79,2.79,2.69,2.69,1188215,KBS,2026-10-09T04:18:26Z
2018-12-18,SHS,2.65,2.67,2.61,2.67,1134040,KBS,2026-10-09T04:18:26Z
2018-12-19,SHS,2.69,2.69,2.59,2.61,808170,KBS,2026-10-09T04:18:26Z
2018-12-20,SHS,2.59,2.63,2.57,2.63,730530,KBS,2026-10-09T04:18:26Z
2018-12-21,SHS,2.61,2.65,2.57,2.65,603710,KBS,2026-10-09T04:18:26Z
2018-12-24,SHS,2.65,2.65,2.57,2.57,943891,KBS,2026-10-09T04:18:26Z
2018-12-25,SHS,2.53,2.53,2.38,2.44,970510,KBS,2026-10-09T04:18:26Z
2018-12-26,SHS,2.5,2.5,2.4,2.46,675760,KBS,2026-10-09T04:18:26Z
2018-12-27,SHS,2.5,2.55,2.5,2.51,2187962,KBS,2026-10-09T04:18:26Z
2018-12-28,SHS,2.51,2.53,2.5,2.5,622630,KBS,2026-10-09T04:18:26Z
2019-01-02,SHS,2.51,2.51,2.46,2.46,695390,KBS,2026-10-09T04:18:26Z
2019-01-03,SHS,2.46,2.46,2.38,2.4,538218,KBS,2026-10-09T04:18:26Z
2019-01-04,SHS,2.38,2.4,2.32,2.4,376220,KBS,2026-10-09T04:18:26Z
2019-01-07,SHS,2.42,2.44,2.4,2.42,303750,KBS,2026-10-09T04:18:26Z
2019-01-08,SHS,2.42,2.44,2.4,2.42,427940,KBS,2026-10-09T04:18:26Z
2019-01-09,SHS,2.42,2.48,2.42,2.42,888940,KBS,2026-10-09T04:18:26Z
2019-01-10,SHS,2.44,2.44,2.4,2.4,661966,KBS,2026-10-09T04:18:26Z
2019-01-11,SHS,2.4,2.42,2.36,2.36,584267,KBS,2026-10-09T04:18:26Z
2019-01-14,SHS,2.46,2.58,2.43,2.58,718420,KBS,2026-10-09T04:18:26Z
2019-01-15,SHS,2.67,2.67,2.5,2.5,322646,KBS,2026-10-09T04:18:26Z
2019-01-16,SHS,2.53,2.55,2.5,2.53,201928,KBS,2026-10-09T04:18:26Z
2019-01-17,SHS,2.5,2.55,2.5,2.53,241202,KBS,2026-10-09T04:18:26Z
2019-01-18,SHS,2.53,2.55,2.48,2.53,273820,KBS,2026-10-09T04:18:26Z
2019-01-21,SHS,2.5,2.6,2.5,2.6,568423,KBS,2026-10-09T04:18:26Z
2019-01-22,SHS,2.55,2.58,2.55,2.55,187300,KBS,2026-10-09T04:18:26Z
2019-01-23,SHS,2.55,2.55,2.53,2.55,206054,KBS,2026-10-09T04:18:26Z
2019-01-24,SHS,2.55,2.6,2.53,2.53,160810,KBS,2026-10-09T04:18:26Z
2019-01-25,SHS,2.58,2.6,2.53,2.55,271840,KBS,2026-10-09T04:18:26Z
2019-01-28,SHS,2.55,2.55,2.53,2.53,255730,KBS,2026-10-09T04:18:26Z
2019-01-29,SHS,2.53,2.53,2.5,2.53,272740,KBS,2026-10-09T04:18:26Z
2019-01-30,SHS,2.53,2.55,2.5,2.5,460951,KBS,2026-10-09T04:18:26Z
2019-01-31,SHS,2.53,2.53,2.48,2.53,211720,KBS,2026-10-09T04:18:26Z
2019-02-01,SHS,2.5,2.53,2.48,2.53,151800,KBS,2026-10-09T04:18:26Z
2019-02-11,SHS,2.55,2.67,2.5,2.67,496061,KBS,2026-10-09T04:18:26Z
2019-02-12,SHS,2.67,2.75,2.67,2.72,613370,KBS,2026-10-09T04:18:26Z
2019-02-13,SHS,2.75,2.75,2.72,2.72,418740,KBS,2026-10-09T04:18:26Z
2019-02-14,SHS,2.72,2.72,2.65,2.7,440502,KBS,2026-10-09T04:18:26Z
2019-02-15,SHS,2.7,2.75,2.65,2.7,485690,KBS,2026-10-09T04:18:26Z
2019-02-18,SHS,2.72,2.8,2.7,2.8,1082468,KBS,2026-10-09T04:18:26Z
2019-02-19,SHS,2.8,2.92,2.77,2.87,1593228,KBS,2026-10-09T04:18:26Z
2019-02-20,SHS,2.87,2.97,2.87,2.94,1699740,KBS,2026-10-09T04:18:26Z
2019-02-21,SHS,2.94,2.97,2.89,2.92,1177448,KBS,2026-10-09T04:18:26Z
2019-02-22,SHS,2.89,2.97,2.84,2.94,1463272,KBS,2026-10-09T04:18:26Z
2019-02-25,SHS,2.65,3.02,2.65,2.94,1828423,KBS,2026-10-09T04:18:26Z
2019-02-26,SHS,2.94,2.99,2.87,2.94,895348,KBS,2026-10-09T04:18:26Z
2019-02-27,SHS,2.94,2.94,2.87,2.92,733020,KBS,2026-10-09T04:18:26Z
2019-02-28,SHS,2.89,2.89,2.77,2.77,945822,KBS,2026-10-09T04:18:26Z
2019-03-01,SHS,2.82,2.89,2.82,2.87,550580,KBS,2026-10-09T04:18:26Z
2019-03-04,SHS,2.92,2.92,2.87,2.92,864930,KBS,2026-10-09T04:18:26Z
2019-03-05,SHS,2.94,2.97,2.87,2.87,685793,KBS,2026-10-09T04:18:26Z
2019-03-06,SHS,2.87,2.92,2.82,2.84,1088800,KBS,2026-10-09T04:18:26Z
2019-03-07,SHS,2.82,2.87,2.82,2.82,920058,KBS,2026-10-09T04:18:26Z
2019-03-08,SHS,2.84,2.87,2.77,2.77,628230,KBS,2026-10-09T04:18:26Z
2019-03-11,SHS,2.8,2.8,2.75,2.77,391103,KBS,2026-10-09T04:18:26Z
2019-03-12,SHS,2.8,2.84,2.75,2.82,643690,KBS,2026-10-09T04:18:26Z
2019-03-13,SHS,2.84,2.94,2.84,2.92,2224692,KBS,2026-10-09T04:18:26Z
2019-03-14,SHS,2.94,2.97,2.89,2.94,625242,KBS,2026-10-09T04:18:26Z
2019-03-15,SHS,2.94,2.97,2.87,2.89,464095,KBS,2026-10-09T04:18:26Z
2019-03-18,SHS,2.92,2.92,2.87,2.89,693155,KBS,2026-10-09T04:18:26Z
2019-03-19,SHS,2.89,2.92,2.84,2.87,1011351,KBS,2026-10-09T04:18:26Z
2019-03-20,SHS,2.87,2.87,2.8,2.84,614678,KBS,2026-10-09T04:18:26Z
2019-03-21,SHS,2.84,2.84,2.75,2.75,728414,KBS,2026-10-09T04:18:26Z
2019-03-22,SHS,2.75,2.77,2.72,2.77,567200,KBS,2026-10-09T04:18:26Z
2019-03-25,SHS,2.75,2.75,2.67,2.67,851073,KBS,2026-10-09T04:18:26Z
2019-03-26,SHS,2.7,2.75,2.67,2.72,408914,KBS,2026-10-09T04:18:26Z
2019-03-27,SHS,2.72,2.77,2.7,2.75,501015,KBS,2026-10-09T04:18:26Z
2019-03-28,SHS,2.75,2.75,2.67,2.75,385760,KBS,2026-10-09T04:18:26Z
2019-03-29,SHS,2.77,2.77,2.67,2.75,452198,KBS,2026-10-09T04:18:26Z
2019-04-01,SHS,2.75,2.77,2.72,2.75,345610,KBS,2026-10-09T04:18:26Z
2019-04-02,SHS,2.75,2.8,2.75,2.77,405100,KBS,2026-10-09T04:18:26Z
2019-04-03,SHS,2.77,2.8,2.75,2.77,272500,KBS,2026-10-09T04:18:26Z
2019-04-04,SHS,2.8,2.8,2.75,2.77,372400,KBS,2026-10-09T04:18:26Z
2019-04-05,SHS,2.77,2.77,2.75,2.77,323650,KBS,2026-10-09T04:18:26Z
2019-04-08,SHS,2.77,2.89,2.77,2.87,864993,KBS,2026-10-09T04:18:26Z
2019-04-09,SHS,2.87,2.89,2.82,2.82,845446,KBS,2026-10-09T04:18:26Z
2019-04-10,SHS,2.82,2.87,2.8,2.84,399761,KBS,2026-10-09T04:18:26Z
2019-04-11,SHS,2.84,2.87,2.82,2.82,384970,KBS,2026-10-09T04:18:26Z
2019-04-12,SHS,2.84,2.84,2.8,2.82,265900,KBS,2026-10-09T04:18:26Z
2019-04-16,SHS,2.8,2.82,2.75,2.77,456610,KBS,2026-10-09T04:18:26Z
2019-04-17,SHS,2.8,2.8,2.75,2.75,303800,KBS,2026-10-09T04:18:26Z
2019-04-18,SHS,2.77,2.82,2.72,2.77,469494,KBS,2026-10-09T04:18:26Z
2019-04-19,SHS,2.77,2.8,2.77,2.8,539214,KBS,2026-10-09T04:18:26Z
2019-04-22,SHS,2.77,2.82,2.75,2.75,662725,KBS,2026-10-09T04:18:26Z
2019-04-23,SHS,2.75,2.82,2.75,2.8,744324,KBS,2026-10-09T04:18:26Z
2019-04-24,SHS,2.82,2.84,2.75,2.77,795900,KBS,2026-10-09T04:18:26Z
2019-04-25,SHS,2.77,2.8,2.7,2.72,897096,KBS,2026-10-09T04:18:26Z
2019-04-26,SHS,2.75,2.8,2.72,2.8,477800,KBS,2026-10-09T04:18:26Z
2019-05-02,SHS,2.8,2.82,2.75,2.8,514601,KBS,2026-10-09T04:18:26Z
2019-05-03,SHS,2.8,2.8,2.75,2.75,236800,KBS,2026-10-09T04:18:26Z
2019-05-06,SHS,2.75,2.77,2.72,2.75,665541,KBS,2026-10-09T04:18:26Z
2019-05-07,SHS,2.77,2.8,2.75,2.8,462800,KBS,2026-10-09T04:18:26Z
2019-05-08,SHS,2.77,2.8,2.72,2.8,658249,KBS,2026-10-09T04:18:26Z
2019-05-09,SHS,2.8,2.8,2.75,2.77,257630,KBS,2026-10-09T04:18:26Z
2019-05-10,SHS,2.77,2.84,2.77,2.82,801640,KBS,2026-10-09T04:18:26Z
2019-05-13,SHS,2.82,2.92,2.82,2.89,1441626,KBS,2026-10-09T04:18:26Z
2019-05-14,SHS,2.84,2.97,2.82,2.94,1399460,KBS,2026-10-09T04:18:26Z
2019-05-15,SHS,2.97,2.99,2.92,2.97,1152730,KBS,2026-10-09T04:18:26Z
2019-05-16,SHS,2.94,2.99,2.92,2.94,737301,KBS,2026-10-09T04:18:26Z
2019-05-17,SHS,2.94,2.99,2.92,2.94,586450,KBS,2026-10-09T04:18:26Z
2019-05-20,SHS,2.92,2.99,2.92,2.97,894015,KBS,2026-10-09T04:18:26Z
2019-05-21,SHS,2.97,2.99,2.84,2.89,1006920,KBS,2026-10-09T04:18:26Z
2019-05-22,SHS,2.87,2.87,2.82,2.84,2067356,KBS,2026-10-09T04:18:26Z
2019-05-23,SHS,2.82,2.84,2.77,2.82,1350931,KBS,2026-10-09T04:18:26Z
2019-05-24,SHS,2.8,2.82,2.77,2.8,405456,KBS,2026-10-09T04:18:26Z
2019-05-27,SHS,2.77,2.82,2.77,2.82,436780,KBS,2026-10-09T04:18:26Z
2019-05-28,SHS,2.82,2.82,2.8,2.82,398193,KBS,2026-10-09T04:18:26Z
2019-05-29,SHS,2.82,2.82,2.77,2.8,812516,KBS,2026-10-09T04:18:26Z
2019-05-30,SHS,2.8,2.8,2.75,2.77,540683,KBS,2026-10-09T04:18:26Z
2019-05-31,SHS,2.75,2.8,2.75,2.75,722344,KBS,2026-10-09T04:18:26Z
2019-06-03,SHS,2.75,2.75,2.7,2.7,523201,KBS,2026-10-09T04:18:26Z
2019-06-04,SHS,2.7,2.75,2.67,2.72,1157789,KBS,2026-10-09T04:18:26Z
2019-06-05,SHS,2.75,2.77,2.72,2.72,1035455,KBS,2026-10-09T04:18:26Z
2019-06-06,SHS,2.72,2.75,2.7,2.75,635845,KBS,2026-10-09T04:18:26Z
2019-06-07,SHS,2.77,2.89,2.77,2.89,1303047,KBS,2026-10-09T04:18:26Z
2019-06-10,SHS,2.89,2.92,2.82,2.87,798590,KBS,2026-10-09T04:18:26Z
2019-06-11,SHS,2.87,2.89,2.84,2.89,658459,KBS,2026-10-09T04:18:26Z
2019-06-12,SHS,2.89,2.89,2.84,2.89,609271,KBS,2026-10-09T04:18:26Z
2019-06-13,SHS,2.89,2.89,2.84,2.87,352320,KBS,2026-10-09T04:18:26Z
2019-06-14,SHS,2.87,2.87,2.82,2.82,851789,KBS,2026-10-09T04:18:26Z
2019-06-17,SHS,2.84,2.87,2.8,2.84,653538,KBS,2026-10-09T04:18:26Z
2019-06-18,SHS,2.84,2.87,2.82,2.84,540710,KBS,2026-10-09T04:18:26Z
2019-06-19,SHS,2.87,2.9,2.84,2.9,534826,KBS,2026-10-09T04:18:26Z
2019-06-20,SHS,2.9,2.9,2.84,2.87,306040,KBS,2026-10-09T04:18:26Z
2019-06-21,SHS,2.84,2.9,2.82,2.84,647055,KBS,2026-10-09T04:18:26Z
2019-06-24,SHS,2.87,2.87,2.82,2.82,400630,KBS,2026-10-09T04:18:26Z
2019-06-25,SHS,2.84,2.87,2.76,2.76,545850,KBS,2026-10-09T04:18:26Z
2019-06-26,SHS,2.76,2.82,2.7,2.79,459563,KBS,2026-10-09T04:18:26Z
2019-06-27,SHS,2.79,2.79,2.7,2.7,615394,KBS,2026-10-09T04:18:26Z
2019-06-28,SHS,2.73,2.76,2.68,2.76,402705,KBS,2026-10-09T04:18:26Z
2019-07-01,SHS,2.76,2.76,2.7,2.76,366860,KBS,2026-10-09T04:18:26Z
2019-07-02,SHS,2.76,2.76,2.7,2.73,408491,KBS,2026-10-09T04:18:26Z
2019-07-03,SHS,2.73,2.76,2.68,2.7,350670,KBS,2026-10-09T04:18:26Z
2019-07-04,SHS,2.7,2.73,2.68,2.73,503515,KBS,2026-10-09T04:18:26Z
2019-07-05,SHS,2.73,2.79,2.7,2.76,375895,KBS,2026-10-09T04:18:26Z
2019-07-08,SHS,2.73,2.76,2.7,2.7,198540,KBS,2026-10-09T04:18:26Z
2019-07-09,SHS,2.73,2.73,2.68,2.68,437365,KBS,2026-10-09T04:18:26Z
2019-07-10,SHS,2.7,2.7,2.68,2.7,360555,KBS,2026-10-09T04:18:26Z
2019-07-11,SHS,2.7,2.73,2.68,2.7,386816,KBS,2026-10-09T04:18:26Z
2019-07-12,SHS,2.73,2.73,2.68,2.68,316895,KBS,2026-10-09T04:18:26Z
2019-07-15,SHS,2.7,2.73,2.68,2.68,352905,KBS,2026-10-09T04:18:26Z
2019-07-16,SHS,2.7,2.73,2.68,2.73,949608,KBS,2026-10-09T04:18:26Z
2019-07-17,SHS,2.73,2.82,2.7,2.79,2050775,KBS,2026-10-09T04:18:26Z
2019-07-18,SHS,2.79,2.79,2.73,2.79,284035,KBS,2026-10-09T04:18:26Z
2019-07-19,SHS,2.79,2.79,2.73,2.79,422430,KBS,2026-10-09T04:18:26Z
2019-07-22,SHS,2.79,2.79,2.7,2.7,810282,KBS,2026-10-09T04:18:26Z
2019-07-23,SHS,2.7,2.7,2.65,2.68,508306,KBS,2026-10-09T04:18:26Z
2019-07-24,SHS,2.68,2.68,2.59,2.59,954168,KBS,2026-10-09T04:18:26Z
2019-07-25,SHS,2.59,2.59,2.54,2.57,607289,KBS,2026-10-09T04:18:26Z
2019-07-26,SHS,2.57,2.62,2.54,2.59,229583,KBS,2026-10-09T04:18:26Z
2019-07-29,SHS,2.62,2.62,2.48,2.54,604651,KBS,2026-10-09T04:18:26Z
2019-07-30,SHS,2.51,2.54,2.45,2.45,265577,KBS,2026-10-09T04:18:26Z
2019-07-31,SHS,2.45,2.51,2.4,2.51,359565,KBS,2026-10-09T04:18:26Z
2019-08-01,SHS,2.51,2.51,2.4,2.4,705880,KBS,2026-10-09T04:18:26Z
2019-08-02,SHS,2.4,2.43,2.37,2.37,394535,KBS,2026-10-09T04:18:26Z
2019-08-05,SHS,2.37,2.4,2.34,2.37,363849,KBS,2026-10-09T04:18:26Z
2019-08-06,SHS,2.34,2.37,2.32,2.34,535682,KBS,2026-10-09T04:18:26Z
2019-08-07,SHS,2.37,2.4,2.32,2.34,288120,KBS,2026-10-09T04:18:26Z
2019-08-08,SHS,2.32,2.4,2.32,2.37,528290,KBS,2026-10-09T04:18:26Z
2019-08-09,SHS,2.37,2.43,2.37,2.43,583477,KBS,2026-10-09T04:18:26Z
2019-08-12,SHS,2.43,2.45,2.4,2.4,223620,KBS,2026-10-09T04:18:26Z
2019-08-13,SHS,2.4,2.4,2.34,2.37,304651,KBS,2026-10-09T04:18:26Z
2019-08-14,SHS,2.37,2.4,2.34,2.37,222590,KBS,2026-10-09T04:18:26Z
2019-08-15,SHS,2.34,2.34,2.29,2.32,282150,KBS,2026-10-09T04:18:26Z
2019-08-16,SHS,2.32,2.43,2.32,2.37,593551,KBS,2026-10-09T04:18:26Z
2019-08-19,SHS,2.4,2.4,2.34,2.37,257228,KBS,2026-10-09T04:18:26Z
2019-08-20,SHS,2.37,2.4,2.34,2.37,307010,KBS,2026-10-09T04:18:26Z
2019-08-21,SHS,2.37,2.4,2.34,2.34,480960,KBS,2026-10-09T04:18:26Z
2019-08-22,SHS,2.34,2.34,2.26,2.29,922820,KBS,2026-10-09T04:18:26Z
2019-08-23,SHS,2.26,2.29,2.2,2.26,932235,KBS,2026-10-09T04:18:26Z
2019-08-26,SHS,2.23,2.26,2.2,2.23,711675,KBS,2026-10-09T04:18:26Z
2019-08-27,SHS,2.23,2.26,2.2,2.2,394472,KBS,2026-10-09T04:18:26Z
2019-08-28,SHS,2.2,2.2,2.15,2.15,1090400,KBS,2026-10-09T04:18:26Z
2019-08-29,SHS,2.17,2.2,2.12,2.15,271061,KBS,2026-10-09T04:18:26Z
2019-08-30,SHS,2.15,2.2,2.15,2.15,388695,KBS,2026-10-09T04:18:26Z
2019-09-03,SHS,2.17,2.2,2.09,2.12,1159276,KBS,2026-10-09T04:18:26Z
2019-09-04,SHS,2.12,2.15,2.06,2.06,819196,KBS,2026-10-09T04:18:26Z
2019-09-05,SHS,2.09,2.09,2.01,2.06,636988,KBS,2026-10-09T04:18:26Z
2019-09-06,SHS,2.06,2.09,2.01,2.04,426207,KBS,2026-10-09T04:18:26Z
2019-09-09,SHS,2.04,2.04,1.98,1.98,362100,KBS,2026-10-09T04:18:26Z
2019-09-10,SHS,1.98,1.98,1.87,1.9,1087093,KBS,2026-10-09T04:18:26Z
2019-09-11,SHS,1.92,1.92,1.81,1.9,1064060,KBS,2026-10-09T04:18:26Z
2019-09-12,SHS,1.9,1.9,1.84,1.87,557988,KBS,2026-10-09T04:18:26Z
2019-09-13,SHS,1.87,2.04,1.84,2.04,1302218,KBS,2026-10-09T04:18:26Z
2019-09-16,SHS,2.04,2.09,2.01,2.06,964034,KBS,2026-10-09T04:18:26Z
2019-09-17,SHS,2.06,2.06,2.01,2.06,400680,KBS,2026-10-09T04:18:26Z
2019-09-18,SHS,1.87,2.06,1.87,2.04,400150,KBS,2026-10-09T04:18:26Z
2019-09-19,SHS,2.04,2.12,2.01,2.12,759228,KBS,2026-10-09T04:18:26Z
2019-09-20,SHS,2.12,2.15,2.09,2.09,302580,KBS,2026-10-09T04:18:26Z
2019-09-23,SHS,2.09,2.15,2.06,2.15,626630,KBS,2026-10-09T04:18:26Z
2019-09-24,SHS,2.12,2.15,2.09,2.15,417100,KBS,2026-10-09T04:18:26Z
2019-09-25,SHS,2.12,2.15,1.95,2.12,487535,KBS,2026-10-09T04:18:26Z
2019-09-26,SHS,2.12,2.32,2.12,2.29,1684577,KBS,2026-10-09T04:18:26Z
2019-09-27,SHS,2.32,2.4,2.29,2.34,1817997,KBS,2026-10-09T04:18:26Z
2019-09-30,SHS,2.34,2.4,2.34,2.34,799475,KBS,2026-10-09T04:18:26Z
2019-10-01,SHS,2.34,2.4,2.32,2.4,617724,KBS,2026-10-09T04:18:26Z
2019-10-02,SHS,2.32,2.45,2.32,2.43,1021395,KBS,2026-10-09T04:18:26Z
2019-10-03,SHS,2.43,2.43,2.37,2.43,418816,KBS,2026-10-09T04:18:26Z
2019-10-04,SHS,2.43,2.45,2.37,2.4,703897,KBS,2026-10-09T04:18:26Z
2019-10-07,SHS,2.37,2.4,2.29,2.29,747699,KBS,2026-10-09T04:18:26Z
2019-10-08,SHS,2.29,2.34,2.26,2.32,388771,KBS,2026-10-09T04:18:26Z
2019-10-09,SHS,2.32,2.32,2.26,2.32,197734,KBS,2026-10-09T04:18:26Z
2019-10-10,SHS,2.29,2.32,2.26,2.32,228870,KBS,2026-10-09T04:18:26Z
2019-10-11,SHS,2.32,2.32,2.26,2.29,160089,KBS,2026-10-09T04:18:26Z
2019-10-14,SHS,2.37,2.4,2.32,2.37,486366,KBS,2026-10-09T04:18:26Z
2019-10-15,SHS,2.37,2.37,2.32,2.37,233057,KBS,2026-10-09T04:18:26Z
2019-10-16,SHS,2.37,2.37,2.32,2.34,309484,KBS,2026-10-09T04:18:26Z
2019-10-17,SHS,2.34,2.34,2.29,2.29,229524,KBS,2026-10-09T04:18:26Z
2019-10-18,SHS,2.32,2.37,2.23,2.23,580615,KBS,2026-10-09T04:18:26Z
2019-10-21,SHS,2.23,2.32,2.23,2.29,179877,KBS,2026-10-09T04:18:26Z
2019-10-22,SHS,2.29,2.32,2.23,2.29,353662,KBS,2026-10-09T04:18:26Z
2019-10-23,SHS,2.29,2.29,2.23,2.23,239509,KBS,2026-10-09T04:18:26Z
2019-10-24,SHS,2.23,2.26,2.2,2.26,162960,KBS,2026-10-09T04:18:26Z
2019-10-25,SHS,2.26,2.29,2.23,2.29,333669,KBS,2026-10-09T04:18:26Z
2019-10-28,SHS,2.29,2.32,2.29,2.29,239300,KBS,2026-10-09T04:18:26Z
2019-10-29,SHS,2.29,2.32,2.26,2.26,221602,KBS,2026-10-09T04:18:26Z
2019-10-30,SHS,2.23,2.29,2.23,2.26,304153,KBS,2026-10-09T04:18:26Z
2019-10-31,SHS,2.26,2.29,2.26,2.29,603157,KBS,2026-10-09T04:18:26Z
2019-11-01,SHS,2.29,2.37,2.26,2.37,790077,KBS,2026-10-09T04:18:26Z
2019-11-04,SHS,2.37,2.4,2.34,2.37,409893,KBS,2026-10-09T04:18:26Z
2019-11-05,SHS,2.37,2.43,2.37,2.4,598580,KBS,2026-10-09T04:18:26Z
2019-11-06,SHS,2.37,2.4,2.34,2.37,345715,KBS,2026-10-09T04:18:26Z
2019-11-07,SHS,2.34,2.4,2.32,2.37,472417,KBS,2026-10-09T04:18:26Z
2019-11-08,SHS,2.4,2.48,2.34,2.43,1101823,KBS,2026-10-09T04:18:26Z
2019-11-11,SHS,2.43,2.45,2.37,2.4,418859,KBS,2026-10-09T04:18:26Z
2019-11-12,SHS,2.37,2.43,2.37,2.43,324795,KBS,2026-10-09T04:18:26Z
2019-11-13,SHS,2.45,2.45,2.37,2.4,702882,KBS,2026-10-09T04:18:26Z
2019-11-14,SHS,2.4,2.43,2.34,2.37,315349,KBS,2026-10-09T04:18:26Z
2019-11-15,SHS,2.37,2.4,2.32,2.37,307063,KBS,2026-10-09T04:18:26Z
2019-11-18,SHS,2.37,2.37,2.29,2.29,360486,KBS,2026-10-09T04:18:26Z
2019-11-19,SHS,2.32,2.34,2.29,2.32,365300,KBS,2026-10-09T04:18:26Z
2019-11-20,SHS,2.32,2.32,2.29,2.32,197110,KBS,2026-10-09T04:18:26Z
2019-11-21,SHS,2.32,2.32,2.26,2.32,284001,KBS,2026-10-09T04:18:26Z
2019-11-22,SHS,2.32,2.34,2.23,2.23,520805,KBS,2026-10-09T04:18:26Z
2019-11-25,SHS,2.23,2.26,2.2,2.23,389200,KBS,2026-10-09T04:18:26Z
2019-11-26,SHS,2.23,2.26,2.23,2.26,156110,KBS,2026-10-09T04:18:26Z
2019-11-27,SHS,2.26,2.45,2.2,2.26,335214,KBS,2026-10-09T04:18:26Z
2019-11-28,SHS,2.23,2.32,2.2,2.23,436900,KBS,2026-10-09T04:18:26Z
2019-11-29,SHS,2.23,2.23,2.2,2.23,134220,KBS,2026-10-09T04:18:26Z
2019-12-02,SHS,2.23,2.23,2.01,2.17,388990,KBS,2026-10-09T04:18:26Z
2019-12-03,SHS,2.17,2.17,2.12,2.12,232665,KBS,2026-10-09T04:18:26Z
2019-12-04,SHS,2.12,2.17,2.09,2.17,181991,KBS,2026-10-09T04:18:26Z
2019-12-05,SHS,2.17,2.37,2.15,2.15,191490,KBS,2026-10-09T04:18:26Z
2019-12-06,SHS,2.15,2.17,2.15,2.15,151072,KBS,2026-10-09T04:18:26Z
2019-12-09,SHS,2.15,2.17,2.12,2.17,263480,KBS,2026-10-09T04:18:26Z
2019-12-10,SHS,2.15,2.17,1.98,2.12,230741,KBS,2026-10-09T04:18:26Z
2019-12-11,SHS,2.15,2.15,2.12,2.12,124730,KBS,2026-10-09T04:18:26Z
2019-12-12,SHS,2.12,2.17,2.12,2.17,882393,KBS,2026-10-09T04:18:26Z
2019-12-13,SHS,2.17,2.37,2.15,2.17,162995,KBS,2026-10-09T04:18:26Z
2019-12-16,SHS,2.17,2.2,2.17,2.17,247618,KBS,2026-10-09T04:18:26Z
2019-12-17,SHS,2.17,2.17,2.15,2.17,135825,KBS,2026-10-09T04:18:26Z
2019-12-18,SHS,2.15,2.2,1.98,2.17,238910,KBS,2026-10-09T04:18:26Z
2019-12-19,SHS,2.17,2.17,2.15,2.17,127278,KBS,2026-10-09T04:18:26Z
2019-12-20,SHS,2.17,2.17,2.12,2.15,208017,KBS,2026-10-09T04:18:26Z
2019-12-23,SHS,2.12,2.34,2.12,2.15,73063,KBS,2026-10-09T04:18:26Z
2019-12-24,SHS,2.15,2.15,2.12,2.15,136519,KBS,2026-10-09T04:18:26Z
2019-12-25,SHS,2.15,2.17,2.12,2.17,149350,KBS,2026-10-09T04:18:26Z
2019-12-26,SHS,2.15,2.15,1.98,2.15,212415,KBS,2026-10-09T04:18:26Z
2019-12-27,SHS,2.15,2.15,2.09,2.15,237975,KBS,2026-10-09T04:18:26Z
2019-12-30,SHS,2.15,2.17,2.12,2.15,445100,KBS,2026-10-09T04:18:26Z
2019-12-31,SHS,2.15,2.15,2.12,2.15,171525,KBS,2026-10-09T04:18:26Z
2020-01-02,SHS,2.12,2.17,2.12,2.17,220907,KBS,2026-10-09T04:18:26Z
2020-01-03,SHS,2.17,2.17,2.15,2.15,267930,KBS,2026-10-09T04:18:26Z
2020-01-06,SHS,2.15,2.15,2.06,2.12,342710,KBS,2026-10-09T04:18:26Z
2020-01-07,SHS,2.12,2.15,2.06,2.12,353799,KBS,2026-10-09T04:18:26Z
2020-01-08,SHS,2.09,2.09,2.04,2.04,201158,KBS,2026-10-09T04:18:26Z
2020-01-09,SHS,2.06,2.09,2.04,2.06,260625,KBS,2026-10-09T04:18:26Z
2020-01-10,SHS,2.06,2.15,2.06,2.12,578163,KBS,2026-10-09T04:18:26Z
2020-01-13,SHS,2.12,2.15,2.06,2.12,275701,KBS,2026-10-09T04:18:26Z
2020-01-14,SHS,2.12,2.12,2.06,2.09,283950,KBS,2026-10-09T04:18:26Z
2020-01-15,SHS,2.09,2.09,2.06,2.09,165877,KBS,2026-10-09T04:18:26Z
2020-01-16,SHS,2.09,2.12,2.06,2.12,614700,KBS,2026-10-09T04:18:26Z
2020-01-17,SHS,2.12,2.12,2.06,2.09,262030,KBS,2026-10-09T04:18:26Z
2020-01-20,SHS,2.09,2.09,2.06,2.09,308935,KBS,2026-10-09T04:18:26Z
2020-01-21,SHS,2.06,2.12,2.06,2.06,544700,KBS,2026-10-09T04:18:26Z
2020-01-22,SHS,2.09,2.12,2.06,2.09,365600,KBS,2026-10-09T04:18:26Z
2020-01-30,SHS,2.09,2.09,2.01,2.04,332532,KBS,2026-10-09T04:18:26Z
2020-01-31,SHS,2.04,2.04,1.95,1.98,435525,KBS,2026-10-09T04:18:26Z
2020-02-03,SHS,1.92,1.95,1.78,1.9,1216612,KBS,2026-10-09T04:18:26Z
2020-02-04,SHS,1.92,1.95,1.81,1.81,564130,KBS,2026-10-09T04:18:26Z
2020-02-05,SHS,1.84,1.9,1.81,1.84,932570,KBS,2026-10-09T04:18:26Z
2020-02-06,SHS,1.87,2.01,1.84,2.01,1095250,KBS,2026-10-09T04:18:26Z
2020-02-07,SHS,2.01,2.01,1.95,1.98,672134,KBS,2026-10-09T04:18:26Z
2020-02-10,SHS,1.95,1.98,1.95,1.98,884600,KBS,2026-10-09T04:18:26Z
2020-02-11,SHS,1.78,2.01,1.78,1.98,403549,KBS,2026-10-09T04:18:26Z
2020-02-12,SHS,2.01,2.04,1.98,2.04,414875,KBS,2026-10-09T04:18:26Z
2020-02-13,SHS,2.04,2.04,1.95,2.01,427410,KBS,2026-10-09T04:18:26Z
2020-02-14,SHS,2.01,2.01,1.95,2.01,218388,KBS,2026-10-09T04:18:26Z
2020-02-17,SHS,1.98,2.01,1.98,2.01,131747,KBS,2026-10-09T04:18:26Z
2020-02-18,SHS,2.01,2.01,1.95,1.98,272810,KBS,2026-10-09T04:18:26Z
2020-02-19,SHS,1.98,1.98,1.95,1.98,402979,KBS,2026-10-09T04:18:26Z
2020-02-20,SHS,1.98,2.01,1.95,2.01,258190,KBS,2026-10-09T04:18:26Z
2020-02-21,SHS,2.01,2.01,1.95,2.01,541060,KBS,2026-10-09T04:18:26Z
2020-02-24,SHS,1.98,1.98,1.81,1.81,580899,KBS,2026-10-09T04:18:26Z
2020-02-25,SHS,1.81,1.87,1.81,1.87,1344925,KBS,2026-10-09T04:18:26Z
2020-02-26,SHS,1.84,1.95,1.7,1.92,939484,KBS,2026-10-09T04:18:26Z
2020-02-27,SHS,1.92,2.01,1.9,2.01,581729,KBS,2026-10-09T04:18:26Z
2020-02-28,SHS,1.98,2.2,1.92,2.2,2391691,KBS,2026-10-09T04:18:26Z
2020-03-02,SHS,2.26,2.4,2.23,2.29,2083975,KBS,2026-10-09T04:18:26Z
2020-03-03,SHS,2.4,2.43,2.32,2.37,1878568,KBS,2026-10-09T04:18:26Z
2020-03-04,SHS,2.32,2.34,2.23,2.34,1292165,KBS,2026-10-09T04:18:26Z
2020-03-05,SHS,2.34,2.51,2.32,2.37,3266095,KBS,2026-10-09T04:18:26Z
2020-03-06,SHS,2.37,2.43,2.29,2.37,1178796,KBS,2026-10-09T04:18:26Z
2020-03-09,SHS,2.29,2.29,2.15,2.15,969721,KBS,2026-10-09T04:18:26Z
2020-03-10,SHS,1.98,2.12,1.95,1.95,3736132,KBS,2026-10-09T04:18:26Z
2020-03-11,SHS,1.95,2.06,1.76,1.95,1524642,KBS,2026-10-09T04:18:26Z
2020-03-12,SHS,1.9,1.9,1.76,1.84,2409365,KBS,2026-10-09T04:18:26Z
2020-03-13,SHS,1.7,1.87,1.67,1.84,2741255,KBS,2026-10-09T04:18:26Z
2020-03-16,SHS,1.84,1.87,1.73,1.81,1192362,KBS,2026-10-09T04:18:26Z
2020-03-17,SHS,1.78,1.95,1.7,1.95,1417098,KBS,2026-10-09T04:18:26Z
2020-03-18,SHS,1.81,2.01,1.81,1.9,1051446,KBS,2026-10-09T04:18:26Z
2020-03-19,SHS,1.87,1.9,1.73,1.87,1492440,KBS,2026-10-09T04:18:26Z
2020-03-20,SHS,1.78,1.87,1.78,1.87,1032785,KBS,2026-10-09T04:18:26Z
2020-03-23,SHS,1.81,1.81,1.7,1.7,1842531,KBS,2026-10-09T04:18:26Z
2020-03-24,SHS,1.62,1.73,1.62,1.7,738401,KBS,2026-10-09T04:18:26Z
2020-03-25,SHS,1.73,1.84,1.73,1.84,1091673,KBS,2026-10-09T04:18:26Z
2020-03-26,SHS,1.84,1.84,1.76,1.78,851909,KBS,2026-10-09T04:18:26Z
2020-03-27,SHS,1.76,1.76,1.7,1.73,675626,KBS,2026-10-09T04:18:26Z
2020-03-30,SHS,1.7,1.73,1.56,1.56,1228550,KBS,2026-10-09T04:18:26Z
2020-03-31,SHS,1.59,1.64,1.51,1.59,937446,KBS,2026-10-09T04:18:26Z
2020-04-01,SHS,1.53,1.73,1.53,1.7,1090562,KBS,2026-10-09T04:18:26Z
2020-04-03,SHS,1.7,1.81,1.7,1.81,1221274,KBS,2026-10-09T04:18:26Z
2020-04-06,SHS,1.81,1.92,1.81,1.92,1644665,KBS,2026-10-09T04:18:26Z
2020-04-07,SHS,1.95,1.98,1.84,1.92,1591173,KBS,2026-10-09T04:18:26Z
2020-04-08,SHS,1.9,1.92,1.81,1.92,1200015,KBS,2026-10-09T04:18:26Z
2020-04-09,SHS,1.95,2.09,1.95,2.09,2979432,KBS,2026-10-09T04:18:26Z
2020-04-10,SHS,2.15,2.29,2.15,2.29,3898740,KBS,2026-10-09T04:18:26Z
2020-04-13,SHS,2.34,2.51,2.32,2.51,2961793,KBS,2026-10-09T04:18:26Z
2020-04-14,SHS,2.68,2.76,2.37,2.57,4487276,KBS,2026-10-09T04:18:26Z
2020-04-15,SHS,2.57,2.68,2.51,2.57,2642486,KBS,2026-10-09T04:18:26Z
2020-04-16,SHS,2.57,2.57,2.48,2.48,1743869,KBS,2026-10-09T04:18:26Z
2020-04-17,SHS,2.51,2.57,2.48,2.48,2352910,KBS,2026-10-09T04:18:26Z
2020-04-20,SHS,2.48,2.62,2.26,2.48,3708333,KBS,2026-10-09T04:18:26Z
2020-04-21,SHS,2.48,2.48,2.26,2.26,3438266,KBS,2026-10-09T04:18:26Z
2020-04-22,SHS,2.12,2.43,2.09,2.34,2436013,KBS,2026-10-09T04:18:26Z
2020-04-23,SHS,2.4,2.43,2.26,2.26,1365187,KBS,2026-10-09T04:18:26Z
2020-04-24,SHS,2.26,2.32,2.2,2.26,883765,KBS,2026-10-09T04:18:26Z
2020-04-27,SHS,2.26,2.29,2.17,2.17,1320424,KBS,2026-10-09T04:18:26Z
2020-04-28,SHS,2.2,2.2,2.09,2.17,956681,KBS,2026-10-09T04:18:26Z
2020-04-29,SHS,2.2,2.23,2.15,2.23,614600,KBS,2026-10-09T04:18:26Z
2020-05-04,SHS,2.23,2.45,2.17,2.2,647090,KBS,2026-10-09T04:18:26Z
2020-05-05,SHS,2.2,2.23,2.17,2.2,737510,KBS,2026-10-09T04:18:26Z
2020-05-06,SHS,2.23,2.26,2.17,2.26,1323172,KBS,2026-10-09T04:18:26Z
2020-05-07,SHS,2.23,2.4,2.23,2.4,1644398,KBS,2026-10-09T04:18:26Z
2020-05-08,SHS,2.37,2.51,2.37,2.45,1830317,KBS,2026-10-09T04:18:26Z
2020-05-11,SHS,2.45,2.51,2.43,2.45,1322730,KBS,2026-10-09T04:18:26Z
2020-05-12,SHS,2.45,2.45,2.37,2.43,1098197,KBS,2026-10-09T04:18:26Z
2020-05-13,SHS,2.45,2.62,2.37,2.57,2838012,KBS,2026-10-09T04:18:26Z
2020-05-14,SHS,2.57,2.65,2.51,2.59,1996641,KBS,2026-10-09T04:18:26Z
2020-05-15,SHS,2.65,2.65,2.48,2.51,2421293,KBS,2026-10-09T04:18:26Z
2020-05-18,SHS,2.51,2.57,2.37,2.51,2557985,KBS,2026-10-09T04:18:26Z
2020-05-19,SHS,2.48,2.59,2.45,2.45,2556800,KBS,2026-10-09T04:18:26Z
2020-05-20,SHS,2.45,2.48,2.4,2.45,1713327,KBS,2026-10-09T04:18:26Z
2020-05-21,SHS,2.45,2.48,2.37,2.43,2602360,KBS,2026-10-09T04:18:26Z
2020-05-22,SHS,2.43,2.54,2.4,2.45,1567130,KBS,2026-10-09T04:18:26Z
2020-05-25,SHS,2.48,2.51,2.45,2.51,1422144,KBS,2026-10-09T04:18:26Z
2020-05-26,SHS,2.51,2.62,2.48,2.59,3239464,KBS,2026-10-09T04:18:26Z
2020-05-27,SHS,2.62,2.62,2.51,2.51,2253236,KBS,2026-10-09T04:18:26Z
2020-05-28,SHS,2.51,2.54,2.48,2.48,1254790,KBS,2026-10-09T04:18:26Z
2020-05-29,SHS,2.48,2.51,2.4,2.45,2017501,KBS,2026-10-09T04:18:26Z
2020-06-01,SHS,2.45,2.54,2.45,2.48,2254082,KBS,2026-10-09T04:18:26Z
2020-06-02,SHS,2.54,2.57,2.48,2.51,3210787,KBS,2026-10-09T04:18:26Z
2020-06-03,SHS,2.51,2.73,2.51,2.7,3888471,KBS,2026-10-09T04:18:26Z
2020-06-04,SHS,2.76,2.96,2.73,2.96,5346944,KBS,2026-10-09T04:18:26Z
2020-06-05,SHS,3.12,3.24,3.04,3.24,8884319,KBS,2026-10-09T04:18:26Z
2020-06-08,SHS,3.35,3.54,3.29,3.54,6306167,KBS,2026-10-09T04:18:26Z
2020-06-09,SHS,3.62,3.88,3.37,3.79,4561366,KBS,2026-10-09T04:18:26Z
2020-06-10,SHS,3.79,3.79,3.54,3.62,3071667,KBS,2026-10-09T04:18:26Z
2020-06-11,SHS,3.62,3.74,3.26,3.26,4918267,KBS,2026-10-09T04:18:26Z
2020-06-12,SHS,3.07,3.57,2.98,3.57,4320140,KBS,2026-10-09T04:18:26Z
2020-06-15,SHS,3.62,3.74,3.37,3.43,2891536,KBS,2026-10-09T04:18:26Z
2020-06-16,SHS,3.49,3.62,3.49,3.51,2419970,KBS,2026-10-09T04:18:26Z
2020-06-17,SHS,3.51,3.76,3.51,3.54,3474910,KBS,2026-10-09T04:18:26Z
2020-06-18,SHS,3.54,3.57,3.43,3.49,1697638,KBS,2026-10-09T04:18:26Z
2020-06-19,SHS,3.51,3.62,3.51,3.57,1898846,KBS,2026-10-09T04:18:26Z
2020-06-22,SHS,3.6,3.74,3.6,3.62,3408413,KBS,2026-10-09T04:18:26Z
2020-06-23,SHS,3.51,3.99,3.51,3.85,5140305,KBS,2026-10-09T04:18:26Z
2020-06-24,SHS,3.85,3.88,3.62,3.65,2340365,KBS,2026-10-09T04:18:26Z
2020-06-25,SHS,3.57,3.68,3.51,3.68,2369175,KBS,2026-10-09T04:18:26Z
2020-06-26,SHS,3.71,3.74,3.54,3.57,2456046,KBS,2026-10-09T04:18:26Z
2020-06-29,SHS,3.54,3.54,3.24,3.29,3554815,KBS,2026-10-09T04:18:26Z
2020-06-30,SHS,3.37,3.43,3.15,3.29,2945980,KBS,2026-10-09T04:18:26Z
2020-07-01,SHS,3.32,3.54,3.26,3.54,2080656,KBS,2026-10-09T04:18:26Z
2020-07-02,SHS,3.54,3.57,3.49,3.51,1510085,KBS,2026-10-09T04:18:26Z
2020-07-03,SHS,3.51,3.57,3.46,3.49,1102947,KBS,2026-10-09T04:18:26Z
2020-07-06,SHS,3.51,3.57,3.46,3.54,1622939,KBS,2026-10-09T04:18:26Z
2020-07-07,SHS,3.54,3.62,3.54,3.57,1787349,KBS,2026-10-09T04:18:26Z
2020-07-08,SHS,3.57,3.57,3.51,3.57,1017567,KBS,2026-10-09T04:18:26Z
2020-07-09,SHS,3.57,3.62,3.54,3.62,1582498,KBS,2026-10-09T04:18:26Z
2020-07-10,SHS,3.62,3.76,3.6,3.68,2683542,KBS,2026-10-09T04:18:26Z
2020-07-13,SHS,3.68,3.74,3.62,3.68,1179418,KBS,2026-10-09T04:18:26Z
2020-07-14,SHS,3.68,3.82,3.62,3.79,3175311,KBS,2026-10-09T04:18:26Z
2020-07-15,SHS,3.88,3.88,3.76,3.76,1906121,KBS,2026-10-09T04:18:26Z
2020-07-16,SHS,3.76,3.82,3.76,3.82,1898061,KBS,2026-10-09T04:18:26Z
2020-07-17,SHS,3.82,3.88,3.79,3.85,1943238,KBS,2026-10-09T04:18:26Z
2020-07-20,SHS,3.85,3.85,3.71,3.74,3084260,KBS,2026-10-09T04:18:26Z
2020-07-21,SHS,3.76,3.82,3.71,3.76,2312239,KBS,2026-10-09T04:18:26Z
2020-07-22,SHS,3.86,3.89,3.61,3.64,2041076,KBS,2026-10-09T04:18:26Z
2020-07-23,SHS,3.67,3.67,3.46,3.52,1857373,KBS,2026-10-09T04:18:26Z
2020-07-24,SHS,3.52,3.52,3.18,3.18,6145452,KBS,2026-10-09T04:18:26Z
2020-07-27,SHS,2.94,3.06,2.88,2.88,5515757,KBS,2026-10-09T04:18:26Z
2020-07-28,SHS,2.82,3.15,2.82,3.15,2994731,KBS,2026-10-09T04:18:26Z
2020-07-29,SHS,3.15,3.15,2.85,3.12,3475307,KBS,2026-10-09T04:18:26Z
2020-07-30,SHS,3.12,3.15,3.03,3.09,1604987,KBS,2026-10-09T04:18:26Z
2020-07-31,SHS,3.03,3.09,2.97,3.0,1781310,KBS,2026-10-09T04:18:26Z
2020-08-03,SHS,2.94,3.12,2.94,3.09,2163269,KBS,2026-10-09T04:18:26Z
2020-08-04,SHS,3.12,3.24,3.12,3.18,2247435,KBS,2026-10-09T04:18:26Z
2020-08-05,SHS,3.21,3.24,3.12,3.21,1741374,KBS,2026-10-09T04:18:26Z
2020-08-06,SHS,3.21,3.21,3.12,3.15,1643260,KBS,2026-10-09T04:18:26Z
2020-08-07,SHS,3.15,3.21,3.12,3.15,1477492,KBS,2026-10-09T04:18:26Z
2020-08-10,SHS,3.18,3.31,3.18,3.21,2104110,KBS,2026-10-09T04:18:26Z
2020-08-11,SHS,3.21,3.31,3.18,3.28,2459509,KBS,2026-10-09T04:18:26Z
2020-08-12,SHS,3.28,3.34,3.21,3.24,1744070,KBS,2026-10-09T04:18:26Z
2020-08-13,SHS,3.24,3.34,3.24,3.28,2104337,KBS,2026-10-09T04:18:26Z
2020-08-14,SHS,3.31,3.37,3.24,3.28,2628266,KBS,2026-10-09T04:18:26Z
2020-08-17,SHS,3.28,3.28,3.21,3.28,1967937,KBS,2026-10-09T04:18:26Z
2020-08-18,SHS,3.28,3.31,3.24,3.24,816144,KBS,2026-10-09T04:18:26Z
2020-08-19,SHS,3.24,3.49,3.24,3.43,4481588,KBS,2026-10-09T04:18:26Z
2020-08-20,SHS,3.43,3.43,3.34,3.34,1431518,KBS,2026-10-09T04:18:26Z
2020-08-21,SHS,3.34,3.43,3.34,3.4,1648164,KBS,2026-10-09T04:18:26Z
2020-08-24,SHS,3.43,3.49,3.43,3.46,2235971,KBS,2026-10-09T04:18:26Z
2020-08-25,SHS,3.46,3.52,3.43,3.46,2840894,KBS,2026-10-09T04:18:26Z
2020-08-26,SHS,3.46,3.61,3.46,3.52,3445103,KBS,2026-10-09T04:18:26Z
2020-08-27,SHS,3.52,3.55,3.49,3.55,1329713,KBS,2026-10-09T04:18:26Z
2020-08-28,SHS,3.55,3.64,3.52,3.52,3319986,KBS,2026-10-09T04:18:26Z
2020-08-31,SHS,3.52,3.55,3.37,3.43,2505119,KBS,2026-10-09T04:18:26Z
2020-09-01,SHS,3.4,3.49,3.4,3.46,1079127,KBS,2026-10-09T04:18:26Z
2020-09-03,SHS,3.46,3.52,3.34,3.46,2107025,KBS,2026-10-09T04:18:26Z
2020-09-04,SHS,3.46,3.58,3.37,3.55,4543084,KBS,2026-10-09T04:18:26Z
2020-09-07,SHS,3.55,3.61,3.49,3.49,2371548,KBS,2026-10-09T04:18:26Z
2020-09-08,SHS,3.49,3.52,3.43,3.49,2272121,KBS,2026-10-09T04:18:26Z
2020-09-09,SHS,3.46,3.49,3.4,3.49,2858998,KBS,2026-10-09T04:18:26Z
2020-09-10,SHS,3.52,3.55,3.46,3.49,1566980,KBS,2026-10-09T04:18:26Z
2020-09-11,SHS,3.49,3.58,3.43,3.55,4315728,KBS,2026-10-09T04:18:26Z
2020-09-14,SHS,3.55,3.55,3.49,3.52,2669368,KBS,2026-10-09T04:18:26Z
2020-09-15,SHS,3.55,3.73,3.52,3.67,6718580,KBS,2026-10-09T04:18:26Z
2020-09-16,SHS,3.67,3.7,3.61,3.61,2988871,KBS,2026-10-09T04:18:26Z
2020-09-17,SHS,3.61,3.64,3.58,3.61,1782827,KBS,2026-10-09T04:18:26Z
2020-09-18,SHS,3.64,3.67,3.58,3.64,2720334,KBS,2026-10-09T04:18:26Z
2020-09-21,SHS,3.67,3.76,3.64,3.64,4247078,KBS,2026-10-09T04:18:26Z
2020-09-22,SHS,3.7,3.7,3.61,3.67,2394103,KBS,2026-10-09T04:18:26Z
2020-09-23,SHS,3.67,3.73,3.67,3.7,3087684,KBS,2026-10-09T04:18:26Z
2020-09-24,SHS,3.67,3.7,3.61,3.64,2518960,KBS,2026-10-09T04:18:26Z
2020-09-25,SHS,3.64,3.67,3.55,3.64,2531251,KBS,2026-10-09T04:18:26Z
2020-09-28,SHS,3.64,3.76,3.64,3.73,3361173,KBS,2026-10-09T04:18:26Z
2020-09-29,SHS,3.73,3.8,3.64,3.64,2811934,KBS,2026-10-09T04:18:26Z
2020-09-30,SHS,3.64,3.7,3.61,3.67,1718781,KBS,2026-10-09T04:18:26Z
2020-10-01,SHS,3.67,4.01,3.67,3.92,7761398,KBS,2026-10-09T04:18:26Z
2020-10-02,SHS,3.92,4.04,3.76,3.89,5668965,KBS,2026-10-09T04:18:26Z
2020-10-05,SHS,3.89,4.04,3.89,3.98,3896823,KBS,2026-10-09T04:18:26Z
2020-10-06,SHS,4.01,4.07,3.92,3.95,3878256,KBS,2026-10-09T04:18:26Z
2020-10-07,SHS,3.95,3.98,3.86,3.86,3818433,KBS,2026-10-09T04:18:26Z
2020-10-08,SHS,3.89,3.95,3.86,3.92,3687479,KBS,2026-10-09T04:18:26Z
2020-10-09,SHS,3.92,4.04,3.92,4.04,4124252,KBS,2026-10-09T04:18:26Z
2020-10-12,SHS,4.04,4.19,4.04,4.1,5534604,KBS,2026-10-09T04:18:26Z
2020-10-13,SHS,4.1,4.1,4.01,4.04,2051981,KBS,2026-10-09T04:18:26Z
2020-10-14,SHS,4.04,4.13,4.04,4.1,2917707,KBS,2026-10-09T04:18:26Z
2020-10-15,SHS,4.1,4.22,4.1,4.16,3796280,KBS,2026-10-09T04:18:26Z
2020-10-16,SHS,4.16,4.22,4.1,4.16,2416114,KBS,2026-10-09T04:18:26Z
2020-10-19,SHS,4.16,4.25,4.13,4.16,2422742,KBS,2026-10-09T04:18:26Z
2020-10-20,SHS,4.13,4.19,4.1,4.19,2403740,KBS,2026-10-09T04:18:26Z
2020-10-21,SHS,4.22,4.35,4.1,4.1,6714024,KBS,2026-10-09T04:18:26Z
2020-10-22,SHS,4.1,4.13,4.04,4.13,3344722,KBS,2026-10-09T04:18:26Z
2020-10-23,SHS,4.13,4.19,4.1,4.13,1706073,KBS,2026-10-09T04:18:26Z
2020-10-26,SHS,4.13,4.19,4.04,4.04,2730010,KBS,2026-10-09T04:18:26Z
2020-10-27,SHS,4.04,4.07,3.89,3.92,3628588,KBS,2026-10-09T04:18:26Z
2020-10-28,SHS,3.89,3.95,3.73,3.73,4057557,KBS,2026-10-09T04:18:26Z
2020-10-29,SHS,3.67,3.83,3.64,3.8,3025275,KBS,2026-10-09T04:18:26Z
2020-10-30,SHS,3.8,3.86,3.7,3.76,1870965,KBS,2026-10-09T04:18:26Z
2020-11-02,SHS,3.8,3.8,3.73,3.8,1195517,KBS,2026-10-09T04:18:26Z
2020-11-03,SHS,3.83,3.92,3.83,3.92,2175311,KBS,2026-10-09T04:18:26Z
2020-11-04,SHS,3.92,4.04,3.89,4.04,2357949,KBS,2026-10-09T04:18:26Z
2020-11-05,SHS,4.04,4.04,3.95,3.95,1689200,KBS,2026-10-09T04:18:26Z
2020-11-06,SHS,3.95,4.01,3.92,3.98,1779646,KBS,2026-10-09T04:18:26Z
2020-11-09,SHS,3.98,4.07,3.98,4.07,2141314,KBS,2026-10-09T04:18:26Z
2020-11-10,SHS,4.13,4.25,4.07,4.16,4451976,KBS,2026-10-09T04:18:26Z
2020-11-11,SHS,4.16,4.22,4.07,4.1,1944131,KBS,2026-10-09T04:18:26Z
2020-11-12,SHS,4.13,4.16,4.07,4.13,1459776,KBS,2026-10-09T04:18:26Z
2020-11-13,SHS,4.13,4.19,4.13,4.16,2293885,KBS,2026-10-09T04:18:26Z
2020-11-16,SHS,4.19,4.28,4.13,4.13,3495443,KBS,2026-10-09T04:18:26Z
2020-11-17,SHS,4.13,4.22,4.13,4.22,2489475,KBS,2026-10-09T04:18:26Z
2020-11-18,SHS,4.22,4.44,4.22,4.38,9540781,KBS,2026-10-09T04:18:26Z
2020-11-19,SHS,4.38,4.38,4.32,4.38,2351782,KBS,2026-10-09T04:18:26Z
2020-11-20,SHS,4.38,4.44,4.32,4.35,2378470,KBS,2026-10-09T04:18:26Z
2020-11-23,SHS,4.38,4.44,4.28,4.41,4206103,KBS,2026-10-09T04:18:26Z
2020-11-24,SHS,4.41,4.44,4.25,4.38,3724935,KBS,2026-10-09T04:18:26Z
2020-11-25,SHS,4.35,4.41,4.32,4.38,2357838,KBS,2026-10-09T04:18:26Z
2020-11-26,SHS,4.38,4.38,4.22,4.38,2180191,KBS,2026-10-09T04:18:26Z
2020-11-27,SHS,4.41,4.44,4.35,4.41,3577328,KBS,2026-10-09T04:18:26Z
2020-11-30,SHS,4.44,4.5,4.38,4.38,3843074,KBS,2026-10-09T04:18:26Z
2020-12-01,SHS,4.35,4.44,4.25,4.44,3458745,KBS,2026-10-09T04:18:26Z
2020-12-02,SHS,4.44,4.62,4.38,4.53,6469306,KBS,2026-10-09T04:18:26Z
2020-12-03,SHS,4.56,4.59,4.5,4.56,3719322,KBS,2026-10-09T04:18:26Z
2020-12-04,SHS,4.56,4.59,4.5,4.5,2765717,KBS,2026-10-09T04:18:26Z
2020-12-07,SHS,4.5,4.56,4.5,4.56,2681483,KBS,2026-10-09T04:18:26Z
2020-12-08,SHS,4.59,4.84,4.56,4.74,5003949,KBS,2026-10-09T04:18:26Z
2020-12-09,SHS,4.84,4.84,4.74,4.8,5187415,KBS,2026-10-09T04:18:26Z
2020-12-10,SHS,4.84,4.84,4.65,4.65,5025841,KBS,2026-10-09T04:18:26Z
2020-12-11,SHS,4.65,4.71,4.59,4.65,3350613,KBS,2026-10-09T04:18:26Z
2020-12-14,SHS,4.68,5.08,4.68,4.99,6221062,KBS,2026-10-09T04:18:26Z
2020-12-15,SHS,4.93,5.11,4.9,4.99,5341176,KBS,2026-10-09T04:18:26Z
2020-12-16,SHS,4.99,5.08,4.99,5.05,3820924,KBS,2026-10-09T04:18:26Z
2020-12-17,SHS,5.02,5.08,4.96,4.96,5060545,KBS,2026-10-09T04:18:26Z
2020-12-18,SHS,4.96,5.36,4.96,5.3,6702468,KBS,2026-10-09T04:18:26Z
2020-12-21,SHS,5.36,5.82,5.33,5.82,8213390,KBS,2026-10-09T04:18:26Z
2020-12-22,SHS,5.82,6.06,5.72,5.88,5854572,KBS,2026-10-09T04:18:26Z
2020-12-23,SHS,5.88,5.94,5.69,5.82,7599327,KBS,2026-10-09T04:18:26Z
2020-12-24,SHS,5.82,5.82,5.33,5.75,9564758,KBS,2026-10-09T04:18:26Z
2020-12-25,SHS,5.75,6.3,5.72,6.3,8346189,KBS,2026-10-09T04:18:26Z
2020-12-28,SHS,6.43,6.92,6.43,6.92,6463958,KBS,2026-10-09T04:18:26Z
2020-12-29,SHS,6.92,7.41,6.92,7.28,4931923,KBS,2026-10-09T04:18:26Z
2020-12-30,SHS,7.19,7.25,7.01,7.07,4557004,KBS,2026-10-09T04:18:26Z
2020-12-31,SHS,7.07,7.77,7.04,7.65,8105097,KBS,2026-10-09T04:18:26Z
2021-01-04,SHS,7.65,8.23,7.65,8.02,3812379,KBS,2026-10-09T04:18:26Z
2021-01-05,SHS,8.02,8.11,7.87,8.05,3566640,KBS,2026-10-09T04:18:26Z
2021-01-06,SHS,8.08,8.2,7.74,8.05,4794331,KBS,2026-10-09T04:18:26Z
2021-01-07,SHS,8.05,8.36,7.96,8.17,3540445,KBS,2026-10-09T04:18:26Z
2021-01-08,SHS,8.17,8.26,8.05,8.17,3892965,KBS,2026-10-09T04:18:26Z
2021-01-11,SHS,8.2,8.3,7.99,8.02,4108307,KBS,2026-10-09T04:18:26Z
2021-01-12,SHS,7.99,8.23,7.71,8.17,8138772,KBS,2026-10-09T04:18:26Z
2021-01-13,SHS,8.17,8.39,8.14,8.2,3684371,KBS,2026-10-09T04:18:26Z
2021-01-14,SHS,8.23,9.0,8.2,9.0,7498326,KBS,2026-10-09T04:18:26Z
2021-01-15,SHS,9.06,9.7,9.06,9.49,4906463,KBS,2026-10-09T04:18:26Z
2021-01-18,SHS,9.49,9.79,9.18,9.27,4307944,KBS,2026-10-09T04:18:26Z
2021-01-19,SHS,9.18,9.34,8.36,9.15,11087746,KBS,2026-10-09T04:18:26Z
2021-01-20,SHS,9.18,9.21,8.6,9.21,5078107,KBS,2026-10-09T04:18:26Z
2021-01-21,SHS,9.43,9.64,9.09,9.15,7725288,KBS,2026-10-09T04:18:26Z
2021-01-22,SHS,9.34,9.34,9.0,9.0,4517633,KBS,2026-10-09T04:18:26Z
2021-01-25,SHS,9.0,9.06,8.48,8.48,8276177,KBS,2026-10-09T04:18:26Z
2021-01-26,SHS,8.48,8.48,7.65,7.65,10097855,KBS,2026-10-09T04:18:26Z
2021-01-27,SHS,7.68,7.68,6.89,6.92,8381421,KBS,2026-10-09T04:18:26Z
2021-01-28,SHS,6.58,6.8,6.24,6.24,6970232,KBS,2026-10-09T04:18:26Z
2021-01-29,SHS,5.63,6.86,5.63,6.86,6621802,KBS,2026-10-09T04:18:26Z
2021-02-01,SHS,6.89,7.16,6.34,6.46,6204330,KBS,2026-10-09T04:18:26Z
2021-02-02,SHS,6.46,6.95,6.3,6.95,4733443,KBS,2026-10-09T04:18:26Z
2021-02-03,SHS,7.1,7.62,7.01,7.59,8010534,KBS,2026-10-09T04:18:26Z
2021-02-04,SHS,7.65,7.93,7.38,7.59,4389883,KBS,2026-10-09T04:18:26Z
2021-02-05,SHS,7.59,7.84,7.53,7.74,5007011,KBS,2026-10-09T04:18:26Z
2021-02-08,SHS,7.74,8.11,6.98,7.35,8851621,KBS,2026-10-09T04:18:26Z
2021-02-09,SHS,7.16,7.77,6.73,7.74,4240864,KBS,2026-10-09T04:18:26Z
2021-02-17,SHS,7.8,8.08,7.71,7.99,5567326,KBS,2026-10-09T04:18:26Z
2021-02-18,SHS,7.99,8.08,7.65,7.9,6780889,KBS,2026-10-09T04:18:26Z
2021-02-19,SHS,7.9,7.99,7.68,7.87,4892502,KBS,2026-10-09T04:18:26Z
2021-02-22,SHS,7.87,8.08,7.8,7.87,6552134,KBS,2026-10-09T04:18:26Z
2021-02-23,SHS,7.9,8.17,7.77,7.99,9045862,KBS,2026-10-09T04:18:26Z
2021-02-24,SHS,8.17,8.42,7.96,8.17,11917772,KBS,2026-10-09T04:18:26Z
2021-02-25,SHS,8.26,8.48,8.14,8.3,5172586,KBS,2026-10-09T04:18:26Z
2021-02-26,SHS,8.23,8.23,7.99,8.23,6939065,KBS,2026-10-09T04:18:26Z
2021-03-01,SHS,8.39,8.63,8.2,8.57,10541419,KBS,2026-10-09T04:18:26Z
2021-03-02,SHS,8.6,8.75,8.45,8.57,6505836,KBS,2026-10-09T04:18:26Z
2021-03-03,SHS,8.57,8.57,8.39,8.48,5136873,KBS,2026-10-09T04:18:26Z
2021-03-04,SHS,8.42,8.51,7.87,8.26,11123497,KBS,2026-10-09T04:18:26Z
2021-03-05,SHS,8.26,8.57,7.93,8.42,8627577,KBS,2026-10-09T04:18:26Z
2021-03-08,SHS,8.42,8.72,8.42,8.45,8265035,KBS,2026-10-09T04:18:26Z
2021-03-09,SHS,8.45,8.48,8.23,8.23,5654436,KBS,2026-10-09T04:18:26Z
2021-03-10,SHS,8.23,8.39,8.17,8.39,5273785,KBS,2026-10-09T04:18:26Z
2021-03-11,SHS,8.57,8.72,8.42,8.63,12407432,KBS,2026-10-09T04:18:26Z
2021-03-12,SHS,8.42,8.72,8.42,8.54,5848179,KBS,2026-10-09T04:18:26Z
2021-03-15,SHS,8.51,8.6,8.45,8.51,4020727,KBS,2026-10-09T04:18:26Z
2021-03-16,SHS,8.51,8.51,8.3,8.42,7434568,KBS,2026-10-09T04:18:26Z
2021-03-17,SHS,8.45,8.63,8.36,8.57,6388719,KBS,2026-10-09T04:18:26Z
2021-03-18,SHS,8.6,8.82,8.6,8.82,10968006,KBS,2026-10-09T04:18:26Z
2021-03-19,SHS,8.88,9.06,8.82,8.97,9389769,KBS,2026-10-09T04:18:26Z
2021-03-22,SHS,9.0,9.03,8.75,8.82,6202476,KBS,2026-10-09T04:18:26Z
2021-03-23,SHS,8.82,8.82,8.51,8.63,10147916,KBS,2026-10-09T04:18:26Z
2021-03-24,SHS,8.57,8.57,8.08,8.48,10455831,KBS,2026-10-09T04:18:26Z
2021-03-25,SHS,8.48,8.57,8.3,8.36,4633887,KBS,2026-10-09T04:18:26Z
2021-03-26,SHS,8.36,8.72,7.84,8.57,9926029,KBS,2026-10-09T04:18:26Z
2021-03-29,SHS,8.57,8.72,8.42,8.63,6951242,KBS,2026-10-09T04:18:26Z
2021-03-30,SHS,8.63,8.88,8.63,8.72,9904963,KBS,2026-10-09T04:18:26Z
2021-03-31,SHS,8.75,8.85,8.57,8.66,8662532,KBS,2026-10-09T04:18:26Z
2021-04-01,SHS,8.66,9.52,8.63,9.52,23709894,KBS,2026-10-09T04:18:26Z
2021-04-02,SHS,9.61,10.1,9.55,9.61,11833415,KBS,2026-10-09T04:18:26Z
2021-04-05,SHS,9.73,9.92,9.61,9.61,11581403,KBS,2026-10-09T04:18:26Z
2021-04-06,SHS,9.55,9.64,9.37,9.46,14999396,KBS,2026-10-09T04:18:26Z
2021-04-07,SHS,9.46,9.64,9.4,9.55,7979347,KBS,2026-10-09T04:18:26Z
2021-04-08,SHS,9.55,9.95,9.52,9.67,9508307,KBS,2026-10-09T04:18:26Z
2021-04-09,SHS,9.67,9.79,9.61,9.67,7316422,KBS,2026-10-09T04:18:26Z
2021-04-12,SHS,9.73,9.95,9.67,9.92,11562225,KBS,2026-10-09T04:18:26Z
2021-04-13,SHS,9.95,10.07,9.49,9.55,15678330,KBS,2026-10-09T04:18:26Z
2021-04-14,SHS,9.55,9.73,9.43,9.73,7497113,KBS,2026-10-09T04:18:26Z
2021-04-15,SHS,9.73,9.86,9.37,9.4,10826131,KBS,2026-10-09T04:18:26Z
2021-04-16,SHS,9.4,9.46,8.91,9.18,14465324,KBS,2026-10-09T04:18:26Z
2021-04-19,SHS,9.24,9.4,9.12,9.37,5504079,KBS,2026-10-09T04:18:26Z
2021-04-20,SHS,9.43,9.52,9.12,9.12,6935028,KBS,2026-10-09T04:18:26Z
2021-04-22,SHS,9.12,9.18,8.23,8.23,14892845,KBS,2026-10-09T04:18:26Z
2021-04-23,SHS,8.72,8.88,8.02,8.66,8519316,KBS,2026-10-09T04:18:26Z
2021-04-26,SHS,8.66,8.88,8.26,8.26,5697714,KBS,2026-10-09T04:18:26Z
2021-04-27,SHS,8.23,8.36,8.11,8.23,4020723,KBS,2026-10-09T04:18:26Z
2021-04-28,SHS,8.23,8.54,8.17,8.36,4763896,KBS,2026-10-09T04:18:26Z
2021-04-29,SHS,8.39,8.51,8.32,8.39,4550766,KBS,2026-10-09T04:18:26Z
2021-05-04,SHS,8.26,8.45,7.99,8.45,6313234,KBS,2026-10-09T04:18:26Z
2021-05-05,SHS,8.45,8.88,8.42,8.72,6722263,KBS,2026-10-09T04:18:26Z
2021-05-06,SHS,8.72,8.85,8.48,8.51,5120033,KBS,2026-10-09T04:18:26Z
2021-05-07,SHS,8.48,8.69,8.3,8.45,6428809,KBS,2026-10-09T04:18:26Z
2021-05-10,SHS,8.48,9.09,8.26,8.94,10590306,KBS,2026-10-09T04:18:26Z
2021-05-11,SHS,8.94,9.34,8.88,8.94,10376172,KBS,2026-10-09T04:18:26Z
2021-05-12,SHS,8.97,9.15,8.78,9.15,4746490,KBS,2026-10-09T04:18:26Z
2021-05-13,SHS,9.12,9.43,9.03,9.12,9479464,KBS,2026-10-09T04:18:26Z
2021-05-14,SHS,9.12,9.4,9.12,9.21,7382770,KBS,2026-10-09T04:18:26Z
2021-05-17,SHS,9.24,9.49,9.12,9.24,8295459,KBS,2026-10-09T04:18:26Z
2021-05-18,SHS,9.24,9.43,9.15,9.21,7331514,KBS,2026-10-09T04:18:26Z
2021-05-19,SHS,9.18,9.7,9.18,9.61,12213287,KBS,2026-10-09T04:18:26Z
2021-05-20,SHS,9.67,10.25,9.52,10.16,16095357,KBS,2026-10-09T04:18:26Z
2021-05-21,SHS,10.16,10.41,9.98,10.07,12435059,KBS,2026-10-09T04:18:26Z
2021-05-24,SHS,10.1,10.34,9.98,10.25,9821817,KBS,2026-10-09T04:18:26Z
2021-05-25,SHS,10.25,10.56,10.19,10.44,8916409,KBS,2026-10-09T04:18:26Z
2021-05-26,SHS,10.44,10.59,10.34,10.5,7498044,KBS,2026-10-09T04:18:26Z
2021-05-27,SHS,10.5,10.56,9.95,10.25,11268969,KBS,2026-10-09T04:18:26Z
2021-05-28,SHS,10.07,10.71,10.07,10.71,11056770,KBS,2026-10-09T04:18:26Z
2021-05-31,SHS,10.68,11.63,10.65,11.63,11942315,KBS,2026-10-09T04:18:26Z
2021-06-01,SHS,11.66,11.88,11.2,11.48,14640475,KBS,2026-10-09T04:18:26Z
2021-06-02,SHS,11.48,12.09,11.29,12.03,13524198,KBS,2026-10-09T04:18:26Z
2021-06-03,SHS,12.09,13.19,12.06,12.64,9997825,KBS,2026-10-09T04:18:26Z
2021-06-04,SHS,12.67,12.82,12.27,12.64,8686134,KBS,2026-10-09T04:18:26Z
2021-06-07,SHS,12.64,12.82,11.39,11.48,20594964,KBS,2026-10-09T04:18:26Z
2021-06-08,SHS,11.48,11.78,10.34,10.44,16633009,KBS,2026-10-09T04:18:26Z
2021-06-09,SHS,10.28,11.45,10.28,11.26,10733916,KBS,2026-10-09T04:18:26Z
2021-06-10,SHS,11.26,11.48,11.08,11.26,10952479,KBS,2026-10-09T04:18:26Z
2021-06-11,SHS,11.26,12.06,11.14,11.75,10870897,KBS,2026-10-09T04:18:26Z
2021-06-14,SHS,11.75,12.79,11.75,12.52,14086144,KBS,2026-10-09T04:18:26Z
2021-06-15,SHS,12.55,13.65,12.3,13.22,17425094,KBS,2026-10-09T04:18:26Z
2021-06-16,SHS,13.22,13.28,12.49,12.7,12835654,KBS,2026-10-09T04:18:26Z
2021-06-17,SHS,12.7,12.98,11.45,12.92,7499586,KBS,2026-10-09T04:18:26Z
2021-06-18,SHS,12.92,13.13,12.76,12.95,6632710,KBS,2026-10-09T04:18:26Z
2021-06-21,SHS,12.95,12.98,12.49,12.49,7085690,KBS,2026-10-09T04:18:26Z
2021-06-22,SHS,12.52,12.86,12.46,12.61,4623756,KBS,2026-10-09T04:18:26Z
2021-06-23,SHS,12.61,13.04,12.61,12.76,5764650,KBS,2026-10-09T04:18:26Z
2021-06-24,SHS,12.76,12.98,12.64,12.7,4147877,KBS,2026-10-09T04:18:26Z
2021-06-25,SHS,12.7,13.31,12.7,13.28,9345898,KBS,2026-10-09T04:18:26Z
2021-06-28,SHS,13.31,13.62,13.31,13.41,4807788,KBS,2026-10-09T04:18:26Z
2021-06-29,SHS,13.59,13.77,13.31,13.47,7036161,KBS,2026-10-09T04:18:26Z
2021-06-30,SHS,13.47,13.53,13.34,13.47,4231830,KBS,2026-10-09T04:18:26Z
2021-07-01,SHS,13.47,14.38,13.34,14.36,10191698,KBS,2026-10-09T04:18:26Z
2021-07-02,SHS,14.32,14.91,14.26,14.48,5661296,KBS,2026-10-09T04:18:26Z
2021-07-05,SHS,14.51,14.63,13.77,14.05,8109173,KBS,2026-10-09T04:18:26Z
2021-07-06,SHS,14.02,14.32,12.67,12.67,9976899,KBS,2026-10-09T04:18:26Z
2021-07-07,SHS,12.67,13.47,12.52,13.47,11257724,KBS,2026-10-09T04:18:26Z
2021-07-08,SHS,13.53,13.8,13.28,13.47,5626222,KBS,2026-10-09T04:18:26Z
2021-07-09,SHS,13.41,13.59,12.7,12.86,7741404,KBS,2026-10-09T04:18:26Z
2021-07-12,SHS,13.16,13.16,11.57,11.81,15141816,KBS,2026-10-09T04:18:26Z
2021-07-13,SHS,11.48,12.15,11.32,12.15,5254933,KBS,2026-10-09T04:18:26Z
2021-07-14,SHS,12.15,12.3,11.32,11.84,6024753,KBS,2026-10-09T04:18:26Z
2021-07-15,SHS,11.84,12.52,11.63,12.4,5235640,KBS,2026-10-09T04:18:26Z
2021-07-16,SHS,12.4,12.49,12.21,12.21,4024149,KBS,2026-10-09T04:18:26Z
2021-07-19,SHS,12.03,12.03,11.11,11.14,9737717,KBS,2026-10-09T04:18:26Z
2021-07-20,SHS,11.05,12.12,10.71,12.12,8558044,KBS,2026-10-09T04:18:26Z
2021-07-21,SHS,12.3,12.46,11.91,12.06,3283877,KBS,2026-10-09T04:18:26Z
2021-07-22,SHS,12.06,12.36,11.94,12.24,4392210,KBS,2026-10-09T04:18:26Z
2021-07-23,SHS,12.24,12.27,11.78,11.81,3988733,KBS,2026-10-09T04:18:26Z
2021-07-26,SHS,11.69,11.94,11.32,11.91,2761400,KBS,2026-10-09T04:18:26Z
2021-07-27,SHS,11.97,12.46,11.97,12.3,6075655,KBS,2026-10-09T04:18:26Z
2021-07-28,SHS,12.24,12.4,12.21,12.21,4129006,KBS,2026-10-09T04:18:26Z
2021-07-29,SHS,12.21,12.67,12.21,12.67,5437511,KBS,2026-10-09T04:18:26Z
2021-07-30,SHS,12.67,13.01,12.58,12.92,6006714,KBS,2026-10-09T04:18:26Z
2021-08-02,SHS,12.92,13.01,12.76,12.82,6501478,KBS,2026-10-09T04:18:26Z
2021-08-03,SHS,12.79,13.13,12.61,13.13,8301023,KBS,2026-10-09T04:18:26Z
2021-08-04,SHS,13.16,13.44,13.1,13.28,5871951,KBS,2026-10-09T04:18:26Z
2021-08-05,SHS,13.22,13.44,13.1,13.38,5654464,KBS,2026-10-09T04:18:26Z
2021-08-06,SHS,13.41,13.44,12.95,12.95,6388332,KBS,2026-10-09T04:18:26Z
2021-08-09,SHS,12.86,13.65,12.79,13.62,10728571,KBS,2026-10-09T04:18:26Z
2021-08-10,SHS,13.77,14.14,13.62,13.83,8124288,KBS,2026-10-09T04:18:26Z
2021-08-11,SHS,14.14,14.42,13.96,14.02,8167971,KBS,2026-10-09T04:18:26Z
2021-08-12,SHS,14.08,14.36,14.02,14.08,6474828,KBS,2026-10-09T04:18:26Z
2021-08-13,SHS,14.14,15.15,14.08,15.15,10745218,KBS,2026-10-09T04:18:26Z
2021-08-16,SHS,15.3,16.38,15.18,16.34,8188029,KBS,2026-10-09T04:18:26Z
2021-08-17,SHS,16.34,16.47,15.82,15.98,10422262,KBS,2026-10-09T04:18:26Z
2021-08-18,SHS,15.95,16.4,15.76,16.25,9540839,KBS,2026-10-09T04:18:26Z
2021-08-19,SHS,15.98,16.34,15.95,16.16,7204131,KBS,2026-10-09T04:18:26Z
2021-08-20,SHS,16.16,16.34,15.0,15.46,16480457,KBS,2026-10-09T04:18:26Z
2021-08-23,SHS,16.31,16.99,16.31,16.99,5044467,KBS,2026-10-09T04:18:26Z
2021-08-24,SHS,18.15,18.15,16.23,17.08,11293463,KBS,2026-10-09T04:18:26Z
2021-08-25,SHS,16.57,17.29,15.37,17.16,4904381,KBS,2026-10-09T04:18:26Z
2021-08-26,SHS,17.16,17.16,16.57,16.74,4001326,KBS,2026-10-09T04:18:26Z
2021-08-27,SHS,16.74,16.91,16.14,16.91,4700666,KBS,2026-10-09T04:18:26Z
2021-08-30,SHS,16.95,17.16,16.74,17.16,5894964,KBS,2026-10-09T04:18:26Z
2021-08-31,SHS,17.08,17.25,16.82,16.82,4893159,KBS,2026-10-09T04:18:26Z
2021-09-01,SHS,16.82,16.99,16.4,16.82,5554472,KBS,2026-10-09T04:18:26Z
2021-09-06,SHS,16.82,17.08,16.52,16.7,6237058,KBS,2026-10-09T04:18:26Z
2021-09-07,SHS,16.74,17.51,16.52,17.21,11943357,KBS,2026-10-09T04:18:26Z
2021-09-08,SHS,17.29,17.46,16.99,17.12,5570213,KBS,2026-10-09T04:18:26Z
2021-09-09,SHS,17.21,17.21,16.99,17.21,3496785,KBS,2026-10-09T04:18:26Z
2021-09-10,SHS,17.25,17.51,17.08,17.25,6992123,KBS,2026-10-09T04:18:26Z
2021-09-13,SHS,17.25,17.38,16.82,17.08,5975098,KBS,2026-10-09T04:18:26Z
2021-09-14,SHS,17.08,17.12,16.7,16.7,3658779,KBS,2026-10-09T04:18:26Z
2021-09-15,SHS,16.65,16.82,16.31,16.7,5637639,KBS,2026-10-09T04:18:26Z
2021-09-16,SHS,16.7,16.78,16.35,16.48,3290583,KBS,2026-10-09T04:18:26Z
2021-09-17,SHS,16.48,17.21,16.44,17.08,6353987,KBS,2026-10-09T04:18:26Z
2021-09-20,SHS,17.21,17.29,16.74,16.78,4476985,KBS,2026-10-09T04:18:26Z
2021-09-21,SHS,16.78,16.87,16.23,16.52,4522009,KBS,2026-10-09T04:18:26Z
2021-09-22,SHS,16.52,16.74,16.31,16.52,2976626,KBS,2026-10-09T04:18:26Z
2021-09-23,SHS,16.57,16.7,16.44,16.48,4272810,KBS,2026-10-09T04:18:26Z
2021-09-24,SHS,16.65,16.65,16.27,16.4,2805678,KBS,2026-10-09T04:18:26Z
2021-09-27,SHS,16.4,16.52,15.33,15.37,6086991,KBS,2026-10-09T04:18:26Z
2021-09-28,SHS,15.16,15.88,15.12,15.8,3934459,KBS,2026-10-09T04:18:26Z
2021-09-29,SHS,15.8,15.84,15.37,15.46,2800504,KBS,2026-10-09T04:18:26Z
2021-09-30,SHS,15.46,15.63,15.46,15.5,1793633,KBS,2026-10-09T04:18:26Z
2021-10-01,SHS,15.5,15.67,15.16,15.2,3672748,KBS,2026-10-09T04:18:26Z
2021-10-04,SHS,15.2,15.33,14.52,14.73,5625768,KBS,2026-10-09T04:18:26Z
2021-10-05,SHS,14.73,15.8,14.52,15.71,4127794,KBS,2026-10-09T04:18:26Z
2021-10-06,SHS,15.76,15.8,15.46,15.63,2742317,KBS,2026-10-09T04:18:26Z
2021-10-07,SHS,15.58,15.97,15.5,15.88,3466775,KBS,2026-10-09T04:18:26Z
2021-10-08,SHS,15.93,16.1,15.76,15.97,3416747,KBS,2026-10-09T04:18:26Z
2021-10-11,SHS,16.01,16.31,15.97,16.31,3754095,KBS,2026-10-09T04:18:26Z
2021-10-12,SHS,16.31,16.44,16.01,16.01,3794486,KBS,2026-10-09T04:18:26Z
2021-10-13,SHS,16.01,16.18,15.97,16.01,1905535,KBS,2026-10-09T04:18:26Z
2021-10-14,SHS,16.05,16.44,16.01,16.14,4636513,KBS,2026-10-09T04:18:26Z
2021-10-15,SHS,16.14,16.44,16.14,16.18,3496103,KBS,2026-10-09T04:18:26Z
2021-10-18,SHS,16.18,16.61,16.1,16.31,4656074,KBS,2026-10-09T04:18:26Z
2021-10-19,SHS,16.31,16.57,16.23,16.31,4186197,KBS,2026-10-09T04:18:26Z
2021-10-20,SHS,16.31,16.57,15.93,16.4,5604835,KBS,2026-10-09T04:18:26Z
2021-10-21,SHS,16.48,16.57,16.14,16.18,2645703,KBS,2026-10-09T04:18:26Z
2021-10-22,SHS,16.23,16.27,15.88,16.01,3971441,KBS,2026-10-09T04:18:26Z
2021-10-25,SHS,15.88,16.05,15.58,15.63,4293660,KBS,2026-10-09T04:18:26Z
2021-10-26,SHS,15.63,15.88,15.37,15.8,2819317,KBS,2026-10-09T04:18:26Z
2021-10-27,SHS,15.8,16.1,15.76,16.1,3855838,KBS,2026-10-09T04:18:26Z
2021-10-28,SHS,16.14,16.74,16.1,16.44,8686829,KBS,2026-10-09T04:18:26Z
2021-10-29,SHS,16.48,16.65,16.18,16.44,4400628,KBS,2026-10-09T04:18:26Z
2021-11-01,SHS,16.44,17.34,16.44,17.25,12126398,KBS,2026-10-09T04:18:26Z
2021-11-02,SHS,17.25,17.72,17.16,17.72,9968470,KBS,2026-10-09T04:18:26Z
2021-11-03,SHS,17.8,17.93,17.29,17.51,9031750,KBS,2026-10-09T04:18:26Z
2021-11-04,SHS,17.51,18.74,17.42,18.49,11447111,KBS,2026-10-09T04:18:26Z
2021-11-05,SHS,18.49,18.79,18.32,18.44,8049453,KBS,2026-10-09T04:18:26Z
2021-11-08,SHS,18.53,19.13,18.4,18.79,10218934,KBS,2026-10-09T04:18:26Z
2021-11-09,SHS,18.79,19.0,18.19,18.7,7908877,KBS,2026-10-09T04:18:26Z
2021-11-10,SHS,18.74,19.09,18.57,18.66,6537543,KBS,2026-10-09T04:18:26Z
2021-11-11,SHS,18.66,19.21,17.98,18.66,9421040,KBS,2026-10-09T04:18:26Z
2021-11-12,SHS,18.66,19.0,18.49,19.0,6266528,KBS,2026-10-09T04:18:26Z
2021-11-15,SHS,19.26,20.71,19.09,20.45,8784393,KBS,2026-10-09T04:18:26Z
2021-11-16,SHS,20.5,20.71,19.73,20.45,7008798,KBS,2026-10-09T04:18:26Z
2021-11-17,SHS,20.28,21.26,19.21,20.75,7957607,KBS,2026-10-09T04:18:26Z
2021-11-18,SHS,20.75,22.29,20.71,21.99,9731138,KBS,2026-10-09T04:18:26Z
2021-11-19,SHS,21.99,21.99,19.81,21.14,18520319,KBS,2026-10-09T04:18:26Z
2021-11-22,SHS,21.14,21.56,20.5,21.09,11739074,KBS,2026-10-09T04:18:26Z
2021-11-23,SHS,21.14,22.2,20.5,22.2,12209445,KBS,2026-10-09T04:18:26Z
2021-11-24,SHS,22.63,23.06,21.9,22.72,11047854,KBS,2026-10-09T04:18:26Z
2021-11-25,SHS,22.76,23.91,22.54,23.7,12023921,KBS,2026-10-09T04:18:26Z
2021-11-26,SHS,23.7,23.82,22.84,23.14,11444737,KBS,2026-10-09T04:18:26Z
2021-11-29,SHS,22.63,23.57,22.42,23.31,10674890,KBS,2026-10-09T04:18:26Z
2021-11-30,SHS,23.31,24.12,22.63,23.31,12261278,KBS,2026-10-09T04:18:26Z
2021-12-01,SHS,23.48,23.48,22.42,22.76,11006307,KBS,2026-10-09T04:18:26Z
2021-12-02,SHS,22.76,23.01,22.25,22.25,8375181,KBS,2026-10-09T04:18:26Z
2021-12-03,SHS,22.25,22.42,20.37,20.37,17734634,KBS,2026-10-09T04:18:26Z
2021-12-06,SHS,20.28,20.79,18.79,19.64,13766867,KBS,2026-10-09T04:18:26Z
2021-12-07,SHS,19.64,20.28,19.6,20.28,7324723,KBS,2026-10-09T04:18:26Z
2021-12-08,SHS,20.28,21.35,20.28,21.14,11411321,KBS,2026-10-09T04:18:26Z
2021-12-09,SHS,21.14,22.03,20.88,21.99,7136833,KBS,2026-10-09T04:18:26Z
2021-12-10,SHS,21.99,22.42,21.69,21.86,7628827,KBS,2026-10-09T04:18:26Z
2021-12-13,SHS,21.86,22.42,21.6,22.2,6087831,KBS,2026-10-09T04:18:26Z
2021-12-14,SHS,22.2,22.59,21.86,21.95,6567318,KBS,2026-10-09T04:18:26Z
2021-12-15,SHS,21.9,21.99,21.14,21.14,7404855,KBS,2026-10-09T04:18:26Z
2021-12-16,SHS,21.14,21.35,20.58,20.75,8943297,KBS,2026-10-09T04:18:26Z
2021-12-17,SHS,20.71,21.78,20.71,21.78,6456317,KBS,2026-10-09T04:18:26Z
2021-12-20,SHS,21.78,22.63,21.69,22.2,8014044,KBS,2026-10-09T04:18:26Z
2021-12-21,SHS,22.2,22.2,21.65,21.73,5908067,KBS,2026-10-09T04:18:26Z
2021-12-22,SHS,21.73,22.08,21.01,21.05,6744846,KBS,2026-10-09T04:18:26Z
2021-12-23,SHS,21.05,21.18,19.68,20.15,9764153,KBS,2026-10-09T04:18:26Z
2021-12-24,SHS,20.2,20.92,20.02,20.5,3788734,KBS,2026-10-09T04:18:26Z
2021-12-27,SHS,20.5,20.84,20.45,20.67,3094230,KBS,2026-10-09T04:18:26Z
2021-12-28,SHS,20.67,20.92,20.37,20.5,4394740,KBS,2026-10-09T04:18:26Z
2021-12-29,SHS,20.5,21.09,20.32,20.75,4864702,KBS,2026-10-09T04:18:26Z
2021-12-30,SHS,20.62,21.95,20.62,21.82,5518211,KBS,2026-10-09T04:18:26Z
2021-12-31,SHS,21.9,22.16,21.43,21.6,3907158,KBS,2026-10-09T04:18:26Z
2022-01-04,SHS,21.6,22.16,21.6,22.03,5949442,KBS,2026-10-09T04:18:26Z
2022-01-05,SHS,22.03,22.84,21.99,22.29,10685295,KBS,2026-10-09T04:18:26Z
2022-01-06,SHS,22.37,22.42,21.69,21.78,5832920,KBS,2026-10-09T04:18:26Z
2022-01-07,SHS,21.78,22.42,21.48,21.99,6591152,KBS,2026-10-09T04:18:26Z
2022-01-10,SHS,21.99,22.2,20.92,20.96,10725986,KBS,2026-10-09T04:18:26Z
2022-01-11,SHS,20.92,21.26,20.07,20.11,8183626,KBS,2026-10-09T04:18:26Z
2022-01-12,SHS,20.11,21.26,19.9,21.05,8179940,KBS,2026-10-09T04:18:26Z
2022-01-13,SHS,21.14,21.43,20.32,20.32,5009252,KBS,2026-10-09T04:18:26Z
2022-01-14,SHS,20.37,20.71,19.85,20.28,3971779,KBS,2026-10-09T04:18:26Z
2022-01-17,SHS,20.28,20.5,18.27,18.27,15131557,KBS,2026-10-09T04:18:26Z
2022-01-18,SHS,18.27,18.27,16.48,16.82,7249106,KBS,2026-10-09T04:18:26Z
2022-01-19,SHS,16.65,17.8,16.57,17.72,4688721,KBS,2026-10-09T04:18:26Z
2022-01-20,SHS,17.8,18.36,17.51,18.15,4705511,KBS,2026-10-09T04:18:26Z
2022-01-21,SHS,18.15,18.23,17.51,17.51,3898978,KBS,2026-10-09T04:18:26Z
2022-01-24,SHS,17.42,17.51,15.76,15.76,9210023,KBS,2026-10-09T04:18:26Z
2022-01-25,SHS,15.76,16.57,15.37,16.4,4687763,KBS,2026-10-09T04:18:26Z
2022-01-26,SHS,16.44,16.65,16.23,16.23,2543583,KBS,2026-10-09T04:18:26Z
2022-01-27,SHS,16.23,17.04,16.14,16.65,3503548,KBS,2026-10-09T04:18:26Z
2022-01-28,SHS,16.65,17.25,16.61,17.04,3181003,KBS,2026-10-09T04:18:26Z
2022-02-07,SHS,17.04,17.85,17.04,17.51,2874730,KBS,2026-10-09T04:18:26Z
2022-02-08,SHS,17.68,17.93,17.16,17.72,3301289,KBS,2026-10-09T04:18:26Z
2022-02-09,SHS,17.68,18.36,17.59,17.93,4640288,KBS,2026-10-09T04:18:26Z
2022-02-10,SHS,17.93,18.15,17.72,17.8,3455402,KBS,2026-10-09T04:18:26Z
2022-02-11,SHS,17.8,18.15,17.72,18.02,2616836,KBS,2026-10-09T04:18:26Z
2022-02-14,SHS,18.02,18.02,16.65,17.12,3672367,KBS,2026-10-09T04:18:26Z
2022-02-15,SHS,17.16,17.68,16.95,17.55,2469045,KBS,2026-10-09T04:18:26Z
2022-02-16,SHS,17.59,18.1,17.55,17.72,3172101,KBS,2026-10-09T04:18:26Z
2022-02-17,SHS,17.76,17.8,17.46,17.59,4402140,KBS,2026-10-09T04:18:26Z
2022-02-18,SHS,17.55,18.27,17.29,18.1,4781866,KBS,2026-10-09T04:18:26Z
2022-02-21,SHS,18.1,18.96,18.06,18.66,6114135,KBS,2026-10-09T04:18:26Z
2022-02-22,SHS,18.57,18.66,17.98,18.32,5548560,KBS,2026-10-09T04:18:26Z
2022-02-23,SHS,18.32,18.66,18.27,18.49,3578005,KBS,2026-10-09T04:18:26Z
2022-02-24,SHS,18.44,18.87,17.51,18.15,9421313,KBS,2026-10-09T04:18:26Z
2022-02-25,SHS,18.15,19.04,18.15,18.79,8244672,KBS,2026-10-09T04:18:26Z
2022-02-28,SHS,18.92,19.09,18.74,18.83,4031714,KBS,2026-10-09T04:18:26Z
2022-03-01,SHS,18.83,19.13,18.7,19.0,4580616,KBS,2026-10-09T04:18:26Z
2022-03-02,SHS,19.81,19.81,18.32,18.49,6621023,KBS,2026-10-09T04:18:26Z
2022-03-03,SHS,18.49,18.79,18.44,18.79,3543885,KBS,2026-10-09T04:18:26Z
2022-03-04,SHS,18.74,19.43,18.74,19.0,6202620,KBS,2026-10-09T04:18:26Z
2022-03-07,SHS,19.0,19.0,18.57,18.74,4437212,KBS,2026-10-09T04:18:26Z
2022-03-08,SHS,18.74,19.0,18.27,18.44,7695265,KBS,2026-10-09T04:18:26Z
2022-03-09,SHS,16.61,18.62,16.61,18.15,5804029,KBS,2026-10-09T04:18:26Z
2022-03-10,SHS,18.36,18.7,18.19,18.27,3174705,KBS,2026-10-09T04:18:26Z
2022-03-11,SHS,18.27,18.27,17.55,17.63,5507897,KBS,2026-10-09T04:18:26Z
2022-03-14,SHS,17.63,17.72,16.87,17.16,4721640,KBS,2026-10-09T04:18:26Z
2022-03-15,SHS,17.51,17.51,17.04,17.25,3233130,KBS,2026-10-09T04:18:26Z
2022-03-16,SHS,17.29,17.59,17.29,17.38,3070030,KBS,2026-10-09T04:18:26Z
2022-03-17,SHS,17.51,18.19,17.42,17.63,2507844,KBS,2026-10-09T04:18:26Z
2022-03-18,SHS,17.63,17.93,17.38,17.68,5649801,KBS,2026-10-09T04:18:26Z
2022-03-21,SHS,17.72,17.89,17.55,17.8,3715626,KBS,2026-10-09T04:18:26Z
2022-03-22,SHS,17.85,18.15,17.8,18.06,4812648,KBS,2026-10-09T04:18:26Z
2022-03-23,SHS,18.15,18.49,17.98,18.4,6214384,KBS,2026-10-09T04:18:26Z
2022-03-24,SHS,18.62,18.66,18.36,18.36,4356094,KBS,2026-10-09T04:18:26Z
2022-03-25,SHS,18.4,18.49,17.08,18.02,3497732,KBS,2026-10-09T04:18:26Z
2022-03-28,SHS,17.93,18.02,17.16,17.42,5512924,KBS,2026-10-09T04:18:26Z
2022-03-29,SHS,17.46,17.85,17.38,17.59,3161910,KBS,2026-10-09T04:18:26Z
2022-03-30,SHS,17.42,17.8,15.88,17.29,3957107,KBS,2026-10-09T04:18:26Z
2022-03-31,SHS,17.51,17.68,17.25,17.29,2686601,KBS,2026-10-09T04:18:26Z
2022-04-01,SHS,17.29,17.63,17.04,17.63,3681494,KBS,2026-10-09T04:18:26Z
2022-04-04,SHS,17.59,18.87,17.59,18.49,7859574,KBS,2026-10-09T04:18:26Z
2022-04-05,SHS,18.44,18.66,18.15,18.15,3888076,KBS,2026-10-09T04:18:26Z
2022-04-06,SHS,18.1,18.36,17.72,18.02,4299773,KBS,2026-10-09T04:18:26Z
2022-04-07,SHS,18.02,18.15,17.29,17.29,6259204,KBS,2026-10-09T04:18:26Z
2022-04-08,SHS,17.29,17.29,16.27,16.4,8545744,KBS,2026-10-09T04:18:26Z
2022-04-12,SHS,16.44,16.61,14.99,16.23,9325568,KBS,2026-10-09T04:18:26Z
2022-04-13,SHS,16.23,16.48,15.88,16.23,8542254,KBS,2026-10-09T04:18:26Z
2022-04-14,SHS,17.85,17.85,16.36,16.61,5044962,KBS,2026-10-09T04:18:26Z
2022-04-15,SHS,16.48,16.87,15.06,15.84,3066021,KBS,2026-10-09T04:18:26Z
2022-04-18,SHS,15.58,15.84,14.28,14.34,4520078,KBS,2026-10-09T04:18:26Z
2022-04-19,SHS,13.3,14.93,13.3,13.56,3516483,KBS,2026-10-09T04:18:26Z
2022-04-20,SHS,13.56,14.02,12.27,13.37,3833782,KBS,2026-10-09T04:18:26Z
2022-04-21,SHS,13.04,14.02,12.46,13.3,5924065,KBS,2026-10-09T04:18:26Z
2022-04-22,SHS,13.37,13.89,13.04,13.3,4474764,KBS,2026-10-09T04:18:26Z
2022-04-25,SHS,13.3,13.69,12.01,12.01,6348382,KBS,2026-10-09T04:18:26Z
2022-04-26,SHS,10.84,12.53,10.84,12.53,5435086,KBS,2026-10-09T04:18:26Z
2022-04-27,SHS,12.53,12.72,12.2,12.59,2670708,KBS,2026-10-09T04:18:26Z
2022-04-28,SHS,12.59,12.78,12.4,12.4,3242639,KBS,2026-10-09T04:18:26Z
2022-04-29,SHS,12.4,12.92,12.2,12.59,4193924,KBS,2026-10-09T04:18:26Z
2022-05-04,SHS,11.36,12.72,11.36,12.14,2271245,KBS,2026-10-09T04:18:26Z
2022-05-05,SHS,10.97,12.53,10.97,11.94,4124962,KBS,2026-10-09T04:18:26Z
2022-05-06,SHS,11.49,11.94,10.77,10.77,5032242,KBS,2026-10-09T04:18:26Z
2022-05-09,SHS,9.74,11.36,9.74,9.74,7402755,KBS,2026-10-09T04:18:26Z
2022-05-10,SHS,8.76,10.38,8.76,10.38,6564471,KBS,2026-10-09T04:18:26Z
2022-05-11,SHS,10.38,10.71,10.19,10.58,3080170,KBS,2026-10-09T04:18:26Z
2022-05-12,SHS,10.58,10.58,9.6,9.8,6783008,KBS,2026-10-09T04:18:26Z
2022-05-13,SHS,8.83,9.99,8.83,9.15,12423743,KBS,2026-10-09T04:18:26Z
2022-05-16,SHS,9.15,9.99,9.15,9.93,17136549,KBS,2026-10-09T04:18:26Z
2022-05-17,SHS,8.96,10.9,8.96,10.9,8189026,KBS,2026-10-09T04:18:26Z
2022-05-18,SHS,10.9,11.68,10.71,10.71,12252125,KBS,2026-10-09T04:18:26Z
2022-05-19,SHS,10.45,11.49,9.99,11.23,13706930,KBS,2026-10-09T04:18:26Z
2022-05-20,SHS,11.03,11.68,10.9,11.29,8594754,KBS,2026-10-09T04:18:26Z
2022-05-23,SHS,11.29,11.49,10.19,10.45,13169921,KBS,2026-10-09T04:18:26Z
2022-05-24,SHS,10.45,11.03,9.8,11.03,12857572,KBS,2026-10-09T04:18:26Z
2022-05-25,SHS,11.1,12.01,11.03,11.81,12467395,KBS,2026-10-09T04:18:26Z
2022-05-26,SHS,11.88,12.14,11.49,11.68,8914708,KBS,2026-10-09T04:18:26Z
2022-05-27,SHS,11.68,12.01,11.42,11.62,9031687,KBS,2026-10-09T04:18:26Z
2022-05-30,SHS,11.62,12.14,11.49,11.68,7587492,KBS,2026-10-09T04:18:26Z
2022-05-31,SHS,11.88,11.88,11.42,11.81,8407620,KBS,2026-10-09T04:18:26Z
2022-06-01,SHS,11.81,12.01,11.49,11.94,8661081,KBS,2026-10-09T04:18:26Z
2022-06-02,SHS,12.01,12.66,11.88,12.01,15287426,KBS,2026-10-09T04:18:26Z
2022-06-03,SHS,12.01,12.27,11.55,11.81,6862897,KBS,2026-10-09T04:18:26Z
2022-06-06,SHS,11.81,12.27,11.62,11.62,8095522,KBS,2026-10-09T04:18:26Z
2022-06-07,SHS,11.62,11.81,10.58,11.42,15590133,KBS,2026-10-09T04:18:26Z
2022-06-08,SHS,11.49,12.2,11.49,11.88,8160489,KBS,2026-10-09T04:18:26Z
2022-06-09,SHS,11.88,12.27,11.81,12.01,6584625,KBS,2026-10-09T04:18:26Z
2022-06-10,SHS,11.81,11.94,11.36,11.36,8578586,KBS,2026-10-09T04:18:26Z
2022-06-13,SHS,11.23,11.36,10.25,10.25,11138179,KBS,2026-10-09T04:18:26Z
2022-06-14,SHS,10.12,10.51,9.74,10.12,6262983,KBS,2026-10-09T04:18:26Z
2022-06-15,SHS,10.12,10.38,9.22,9.41,7862749,KBS,2026-10-09T04:18:26Z
2022-06-16,SHS,9.48,9.99,9.35,9.41,5066804,KBS,2026-10-09T04:18:26Z
2022-06-17,SHS,9.28,9.41,8.63,8.63,9606785,KBS,2026-10-09T04:18:26Z
2022-06-20,SHS,8.63,9.02,7.92,7.92,8595774,KBS,2026-10-09T04:18:26Z
2022-06-21,SHS,7.85,8.7,7.79,8.63,8126979,KBS,2026-10-09T04:18:26Z
2022-06-22,SHS,7.85,9.41,7.79,9.09,6909637,KBS,2026-10-09T04:18:26Z
2022-06-23,SHS,9.09,9.28,8.89,9.22,5468448,KBS,2026-10-09T04:18:26Z
2022-06-24,SHS,9.22,9.54,9.09,9.22,6545565,KBS,2026-10-09T04:18:26Z
2022-06-27,SHS,9.22,9.86,9.22,9.74,6316628,KBS,2026-10-09T04:18:26Z
2022-06-28,SHS,8.76,9.86,8.76,9.54,7173508,KBS,2026-10-09T04:18:26Z
2022-06-29,SHS,9.6,9.99,9.41,9.6,6556057,KBS,2026-10-09T04:18:26Z
2022-06-30,SHS,9.67,9.74,8.83,8.83,7113840,KBS,2026-10-09T04:18:26Z
2022-07-01,SHS,8.83,9.48,8.7,9.41,9507509,KBS,2026-10-09T04:18:26Z
2022-07-04,SHS,9.54,10.06,9.41,9.74,6436982,KBS,2026-10-09T04:18:26Z
2022-07-05,SHS,9.93,9.93,9.41,9.41,5200768,KBS,2026-10-09T04:18:26Z
2022-07-06,SHS,9.41,9.54,8.89,9.02,7487279,KBS,2026-10-09T04:18:26Z
2022-07-07,SHS,9.02,9.15,8.83,8.96,5458837,KBS,2026-10-09T04:18:26Z
2022-07-08,SHS,9.09,9.48,8.89,9.35,12213956,KBS,2026-10-09T04:18:26Z
2022-07-11,SHS,8.44,9.54,8.44,9.09,8774185,KBS,2026-10-09T04:18:26Z
2022-07-12,SHS,8.89,9.35,8.89,9.28,6430163,KBS,2026-10-09T04:18:26Z
2022-07-13,SHS,9.54,9.8,9.28,9.48,12045446,KBS,2026-10-09T04:18:26Z
2022-07-14,SHS,9.48,10.32,9.28,10.19,18434609,KBS,2026-10-09T04:18:26Z
2022-07-15,SHS,10.32,10.58,9.93,9.93,9167545,KBS,2026-10-09T04:18:26Z
2022-07-18,SHS,10.12,10.25,9.93,9.99,9954140,KBS,2026-10-09T04:18:26Z
2022-07-19,SHS,10.97,10.97,9.6,9.74,13118580,KBS,2026-10-09T04:18:26Z
2022-07-20,SHS,10.32,10.32,9.93,10.06,12924387,KBS,2026-10-09T04:18:26Z
2022-07-21,SHS,10.19,10.19,9.74,9.99,17462442,KBS,2026-10-09T04:18:26Z
2022-07-22,SHS,10.73,10.73,10.24,10.24,13060524,KBS,2026-10-09T04:18:26Z
2022-07-25,SHS,10.24,10.32,9.91,10.08,8570451,KBS,2026-10-09T04:18:26Z
2022-07-26,SHS,10.08,10.16,9.91,9.91,6493031,KBS,2026-10-09T04:18:26Z
2022-07-27,SHS,9.91,10.08,9.67,9.99,9565659,KBS,2026-10-09T04:18:26Z
2022-07-28,SHS,10.16,10.81,10.08,10.56,17226263,KBS,2026-10-09T04:18:26Z
2022-07-29,SHS,10.56,10.89,10.56,10.64,11319475,KBS,2026-10-09T04:18:26Z
2022-08-01,SHS,10.64,11.62,10.56,11.54,20380286,KBS,2026-10-09T04:18:26Z
2022-08-02,SHS,11.7,11.78,11.21,11.38,19520537,KBS,2026-10-09T04:18:26Z
2022-08-03,SHS,11.38,11.7,11.05,11.62,13962660,KBS,2026-10-09T04:18:26Z
2022-08-04,SHS,11.7,12.11,11.46,11.62,18225646,KBS,2026-10-09T04:18:26Z
2022-08-05,SHS,11.54,12.11,11.46,11.86,15622325,KBS,2026-10-09T04:18:26Z
2022-08-08,SHS,11.86,12.11,11.62,12.03,13635250,KBS,2026-10-09T04:18:26Z
2022-08-09,SHS,12.03,12.19,11.7,11.94,12466914,KBS,2026-10-09T04:18:26Z
2022-08-10,SHS,12.11,12.11,11.78,11.78,11029123,KBS,2026-10-09T04:18:26Z
2022-08-11,SHS,11.94,12.35,11.54,11.7,23159672,KBS,2026-10-09T04:18:26Z
2022-08-12,SHS,11.7,12.11,11.62,12.03,11048154,KBS,2026-10-09T04:18:26Z
2022-08-15,SHS,13.16,13.16,12.11,12.11,16913863,KBS,2026-10-09T04:18:26Z
2022-08-16,SHS,12.43,12.43,11.94,12.03,7766855,KBS,2026-10-09T04:18:26Z
2022-08-17,SHS,13.16,13.16,11.86,11.86,12277968,KBS,2026-10-09T04:18:26Z
2022-08-18,SHS,11.86,12.27,11.7,11.94,17637541,KBS,2026-10-09T04:18:26Z
2022-08-19,SHS,11.94,12.19,11.78,11.94,10691463,KBS,2026-10-09T04:18:26Z
2022-08-22,SHS,10.97,11.78,10.81,11.05,35081700,KBS,2026-10-09T04:18:26Z
2022-08-23,SHS,10.97,11.62,10.64,11.62,13638250,KBS,2026-10-09T04:18:26Z
2022-08-24,SHS,11.62,11.7,11.38,11.46,7168193,KBS,2026-10-09T04:18:26Z
2022-08-25,SHS,11.46,11.62,11.21,11.21,13202196,KBS,2026-10-09T04:18:26Z
2022-08-26,SHS,11.21,11.38,10.97,10.97,12542648,KBS,2026-10-09T04:18:26Z
2022-08-29,SHS,10.81,10.97,10.24,10.89,15523261,KBS,2026-10-09T04:18:26Z
2022-08-30,SHS,10.89,11.13,10.64,10.64,7323907,KBS,2026-10-09T04:18:26Z
2022-08-31,SHS,10.64,10.89,10.56,10.73,5768464,KBS,2026-10-09T04:18:26Z
2022-09-05,SHS,10.64,10.81,9.67,10.48,4541922,KBS,2026-10-09T04:18:26Z
2022-09-06,SHS,10.48,10.89,10.48,10.64,7265156,KBS,2026-10-09T04:18:26Z
2022-09-07,SHS,10.56,10.73,10.08,10.08,9042635,KBS,2026-10-09T04:18:26Z
2022-09-08,SHS,9.1,10.24,9.1,9.83,11363249,KBS,2026-10-09T04:18:26Z
2022-09-09,SHS,9.91,9.99,9.43,9.91,7941924,KBS,2026-10-09T04:18:26Z
2022-09-12,SHS,9.91,10.16,9.67,9.75,5004179,KBS,2026-10-09T04:18:26Z
2022-09-13,SHS,9.75,9.91,9.59,9.83,4730271,KBS,2026-10-09T04:18:26Z
2022-09-14,SHS,9.59,9.99,9.43,9.91,9489387,KBS,2026-10-09T04:18:26Z
2022-09-15,SHS,8.94,10.08,8.94,9.75,3316356,KBS,2026-10-09T04:18:26Z
2022-09-16,SHS,8.78,9.75,8.78,9.26,10366329,KBS,2026-10-09T04:18:26Z
2022-09-19,SHS,9.26,9.43,8.7,8.78,9891928,KBS,2026-10-09T04:18:26Z
2022-09-20,SHS,8.78,9.1,8.7,9.02,7541863,KBS,2026-10-09T04:18:26Z
2022-09-21,SHS,9.02,9.02,8.86,8.94,3632204,KBS,2026-10-09T04:18:26Z
2022-09-22,SHS,8.94,9.35,8.7,9.26,11368148,KBS,2026-10-09T04:18:26Z
2022-09-23,SHS,9.26,9.43,9.1,9.1,5555159,KBS,2026-10-09T04:18:26Z
2022-09-26,SHS,9.1,9.1,8.29,8.45,11119862,KBS,2026-10-09T04:18:26Z
2022-09-27,SHS,8.37,8.61,8.37,8.37,5649243,KBS,2026-10-09T04:18:26Z
2022-09-28,SHS,8.37,8.7,8.21,8.45,12999136,KBS,2026-10-09T04:18:26Z
2022-09-29,SHS,8.61,8.7,8.37,8.37,7914493,KBS,2026-10-09T04:18:26Z
2022-09-30,SHS,8.21,8.53,7.88,8.53,11498796,KBS,2026-10-09T04:18:26Z
2022-10-03,SHS,7.72,8.53,7.72,7.72,10663215,KBS,2026-10-09T04:18:26Z
2022-10-04,SHS,7.64,8.04,7.39,7.39,8864307,KBS,2026-10-09T04:18:26Z
2022-10-05,SHS,7.48,7.88,7.39,7.64,6062104,KBS,2026-10-09T04:18:26Z
2022-10-06,SHS,7.56,7.8,6.99,7.07,7786749,KBS,2026-10-09T04:18:26Z
2022-10-07,SHS,6.91,7.07,6.5,6.83,12654277,KBS,2026-10-09T04:18:26Z
2022-10-10,SHS,6.74,7.23,6.42,6.99,10080551,KBS,2026-10-09T04:18:26Z
2022-10-11,SHS,6.83,7.07,6.34,6.34,12009358,KBS,2026-10-09T04:18:26Z
2022-10-12,SHS,6.26,6.91,6.18,6.74,9284534,KBS,2026-10-09T04:18:26Z
2022-10-13,SHS,6.83,6.99,6.66,6.83,4866089,KBS,2026-10-09T04:18:26Z
2022-10-14,SHS,6.91,7.39,6.91,7.15,14076483,KBS,2026-10-09T04:18:26Z
2022-10-17,SHS,7.15,7.15,6.74,6.91,6622441,KBS,2026-10-09T04:18:26Z
2022-10-18,SHS,6.99,7.23,6.91,6.99,8629425,KBS,2026-10-09T04:18:26Z
2022-10-19,SHS,7.07,7.15,6.91,6.91,5250718,KBS,2026-10-09T04:18:26Z
2022-10-20,SHS,6.91,6.91,6.74,6.83,3767257,KBS,2026-10-09T04:18:26Z
2022-10-21,SHS,6.74,6.83,6.18,6.18,16408288,KBS,2026-10-09T04:18:26Z
2022-10-24,SHS,5.61,6.42,5.61,5.61,11260353,KBS,2026-10-09T04:18:26Z
2022-10-25,SHS,5.44,6.09,5.2,5.77,13287001,KBS,2026-10-09T04:18:26Z
2022-10-26,SHS,5.69,6.01,5.61,5.69,3777610,KBS,2026-10-09T04:18:26Z
2022-10-27,SHS,5.12,6.26,5.12,6.26,12442385,KBS,2026-10-09T04:18:26Z
2022-10-28,SHS,6.42,6.58,6.26,6.26,8246704,KBS,2026-10-09T04:18:26Z
2022-10-31,SHS,6.26,6.5,5.85,6.26,12029087,KBS,2026-10-09T04:18:26Z
2022-11-01,SHS,6.26,6.83,6.26,6.66,18195328,KBS,2026-10-09T04:18:26Z
2022-11-02,SHS,6.66,6.91,6.58,6.66,10278040,KBS,2026-10-09T04:18:26Z
2022-11-03,SHS,6.66,6.83,6.5,6.66,10464710,KBS,2026-10-09T04:18:26Z
2022-11-04,SHS,6.66,6.74,6.26,6.42,16885056,KBS,2026-10-09T04:18:26Z
2022-11-07,SHS,5.85,6.5,5.85,5.85,14893775,KBS,2026-10-09T04:18:26Z
2022-11-08,SHS,5.85,6.18,5.61,6.09,10464565,KBS,2026-10-09T04:18:26Z
2022-11-09,SHS,6.09,6.34,6.01,6.09,7758929,KBS,2026-10-09T04:18:26Z
2022-11-10,SHS,5.93,6.09,5.53,5.53,12616264,KBS,2026-10-09T04:18:26Z
2022-11-11,SHS,5.04,5.85,5.04,5.2,11697038,KBS,2026-10-09T04:18:26Z
2022-11-14,SHS,5.04,5.36,4.71,4.88,12708010,KBS,2026-10-09T04:18:26Z
2022-11-15,SHS,4.79,4.96,4.39,4.39,11885834,KBS,2026-10-09T04:18:26Z
2022-11-16,SHS,4.31,4.79,3.98,4.79,14924952,KBS,2026-10-09T04:18:26Z
2022-11-17,SHS,4.79,5.2,4.55,5.2,15760760,KBS,2026-10-09T04:18:26Z
2022-11-18,SHS,5.12,5.69,4.88,5.69,23580434,KBS,2026-10-09T04:18:26Z
2022-11-21,SHS,5.44,5.93,5.44,5.85,9019318,KBS,2026-10-09T04:18:26Z
2022-11-22,SHS,5.85,6.34,5.69,5.85,19286839,KBS,2026-10-09T04:18:26Z
2022-11-23,SHS,5.93,5.93,5.53,5.53,9048784,KBS,2026-10-09T04:18:26Z
2022-11-24,SHS,5.44,5.77,5.28,5.77,11134554,KBS,2026-10-09T04:18:26Z
2022-11-25,SHS,5.53,6.34,5.53,6.34,16452274,KBS,2026-10-09T04:18:26Z
2022-11-28,SHS,6.58,6.91,6.01,6.91,24442184,KBS,2026-10-09T04:18:26Z
2022-11-29,SHS,6.99,7.48,6.66,7.15,25533521,KBS,2026-10-09T04:18:26Z
2022-11-30,SHS,6.74,7.31,6.74,7.15,25255061,KBS,2026-10-09T04:18:26Z
2022-12-01,SHS,7.23,7.56,6.74,6.91,32906310,KBS,2026-10-09T04:18:26Z
2022-12-02,SHS,6.91,7.56,6.66,7.56,34398038,KBS,2026-10-09T04:18:26Z
2022-12-05,SHS,8.04,8.29,7.8,8.04,37379432,KBS,2026-10-09T04:18:26Z
2022-12-06,SHS,8.13,8.21,7.31,7.31,49679023,KBS,2026-10-09T04:18:26Z
2022-12-07,SHS,7.31,7.56,6.83,6.99,24925731,KBS,2026-10-09T04:18:26Z
2022-12-08,SHS,6.83,7.64,6.74,7.64,33670691,KBS,2026-10-09T04:18:26Z
2022-12-09,SHS,7.72,7.88,7.39,7.56,18095650,KBS,2026-10-09T04:18:26Z
2022-12-12,SHS,7.56,8.04,6.99,6.99,36694180,KBS,2026-10-09T04:18:26Z
2022-12-13,SHS,6.99,7.64,6.91,7.64,24911086,KBS,2026-10-09T04:18:26Z
2022-12-14,SHS,7.56,8.13,7.56,7.64,21987168,KBS,2026-10-09T04:18:26Z
2022-12-15,SHS,7.64,7.88,7.48,7.72,17600909,KBS,2026-10-09T04:18:26Z
2022-12-16,SHS,7.64,8.13,7.48,8.04,35073361,KBS,2026-10-09T04:18:26Z
2022-12-19,SHS,7.8,8.61,7.8,7.96,32062877,KBS,2026-10-09T04:18:26Z
2022-12-20,SHS,7.23,8.04,7.23,7.72,36728851,KBS,2026-10-09T04:18:26Z
2022-12-21,SHS,7.64,7.88,7.07,7.39,22237838,KBS,2026-10-09T04:18:26Z
2022-12-22,SHS,6.66,7.64,6.66,7.23,16135561,KBS,2026-10-09T04:18:26Z
2022-12-23,SHS,7.23,7.31,7.07,7.15,11690652,KBS,2026-10-09T04:18:26Z
2022-12-26,SHS,7.15,7.23,6.5,6.5,26740931,KBS,2026-10-09T04:18:26Z
2022-12-27,SHS,6.42,7.15,6.26,7.15,16691215,KBS,2026-10-09T04:18:26Z
2022-12-28,SHS,7.15,7.31,6.99,7.07,9948222,KBS,2026-10-09T04:18:26Z
2022-12-29,SHS,7.07,7.15,6.83,6.91,8025647,KBS,2026-10-09T04:18:26Z
2022-12-30,SHS,6.91,7.07,6.83,6.83,7070356,KBS,2026-10-09T04:18:26Z
2023-01-03,SHS,6.66,7.48,6.66,7.48,23729640,KBS,2026-10-09T04:18:26Z
2023-01-04,SHS,7.48,7.72,7.31,7.31,13458730,KBS,2026-10-09T04:18:26Z
2023-01-05,SHS,7.31,7.48,7.15,7.31,11921636,KBS,2026-10-09T04:18:26Z
2023-01-06,SHS,6.58,7.56,6.58,7.23,16013553,KBS,2026-10-09T04:18:26Z
2023-01-09,SHS,7.23,7.48,7.15,7.23,7698521,KBS,2026-10-09T04:18:26Z
2023-01-10,SHS,7.23,7.39,6.99,7.23,10440421,KBS,2026-10-09T04:18:26Z
2023-01-11,SHS,7.23,7.64,7.23,7.39,16664950,KBS,2026-10-09T04:18:26Z
2023-01-12,SHS,7.39,7.48,7.15,7.31,8686022,KBS,2026-10-09T04:18:26Z
2023-01-13,SHS,7.31,7.64,7.31,7.39,18869467,KBS,2026-10-09T04:18:26Z
2023-01-16,SHS,7.39,7.56,7.23,7.39,9531047,KBS,2026-10-09T04:18:26Z
2023-01-17,SHS,7.39,7.8,7.39,7.8,22117180,KBS,2026-10-09T04:18:26Z
2023-01-18,SHS,7.8,7.88,7.64,7.72,15856347,KBS,2026-10-09T04:18:26Z
2023-01-19,SHS,7.8,8.13,7.64,8.04,18472266,KBS,2026-10-09T04:18:26Z
2023-01-27,SHS,8.04,8.29,7.8,7.88,16809342,KBS,2026-10-09T04:18:26Z
2023-01-30,SHS,7.72,8.29,7.72,7.88,25255730,KBS,2026-10-09T04:18:26Z
2023-01-31,SHS,7.96,8.13,7.8,8.13,18269114,KBS,2026-10-09T04:18:26Z
2023-02-01,SHS,8.29,8.37,7.39,7.56,34263819,KBS,2026-10-09T04:18:26Z
2023-02-02,SHS,7.56,7.72,7.31,7.39,22021454,KBS,2026-10-09T04:18:26Z
2023-02-03,SHS,7.48,7.56,7.15,7.31,12500865,KBS,2026-10-09T04:18:26Z
2023-02-06,SHS,7.31,7.39,7.15,7.31,10358905,KBS,2026-10-09T04:18:26Z
2023-02-07,SHS,7.31,7.48,6.99,6.99,15183456,KBS,2026-10-09T04:18:26Z
2023-02-08,SHS,6.99,7.23,6.83,7.07,14753675,KBS,2026-10-09T04:18:26Z
2023-02-09,SHS,7.15,7.15,6.99,6.99,6105330,KBS,2026-10-09T04:18:26Z
2023-02-10,SHS,6.99,7.07,6.83,6.91,8234854,KBS,2026-10-09T04:18:26Z
2023-02-13,SHS,6.91,6.91,6.34,6.5,19189489,KBS,2026-10-09T04:18:26Z
2023-02-14,SHS,6.5,6.74,6.5,6.58,5862145,KBS,2026-10-09T04:18:26Z
2023-02-15,SHS,6.58,6.91,6.5,6.83,10168075,KBS,2026-10-09T04:18:26Z
2023-02-16,SHS,6.91,6.99,6.74,6.99,7978055,KBS,2026-10-09T04:18:26Z
2023-02-17,SHS,6.99,7.07,6.83,6.83,6581333,KBS,2026-10-09T04:18:26Z
2023-02-20,SHS,6.91,7.39,6.83,7.39,16045089,KBS,2026-10-09T04:18:26Z
2023-02-21,SHS,7.39,7.56,7.23,7.23,10565118,KBS,2026-10-09T04:18:26Z
2023-02-22,SHS,7.23,7.23,6.91,6.91,16069441,KBS,2026-10-09T04:18:26Z
2023-02-23,SHS,6.91,6.99,6.66,6.99,12495627,KBS,2026-10-09T04:18:26Z
2023-02-24,SHS,6.99,7.07,6.74,6.74,5918090,KBS,2026-10-09T04:18:26Z
2023-02-27,SHS,6.74,6.83,6.5,6.58,11508403,KBS,2026-10-09T04:18:26Z
2023-02-28,SHS,6.58,6.74,6.58,6.58,5579366,KBS,2026-10-09T04:18:26Z
2023-03-01,SHS,6.58,6.91,6.5,6.91,7689845,KBS,2026-10-09T04:18:26Z
2023-03-02,SHS,6.91,6.99,6.74,6.74,3768956,KBS,2026-10-09T04:18:26Z
2023-03-03,SHS,6.83,6.91,6.58,6.58,6023490,KBS,2026-10-09T04:18:26Z
2023-03-06,SHS,6.66,6.99,6.66,6.74,8948856,KBS,2026-10-09T04:18:26Z
2023-03-07,SHS,6.09,6.91,6.09,6.91,7055715,KBS,2026-10-09T04:18:26Z
2023-03-08,SHS,6.83,7.15,6.74,7.07,15017869,KBS,2026-10-09T04:18:26Z
2023-03-09,SHS,6.42,7.15,6.42,7.07,11477906,KBS,2026-10-09T04:18:26Z
2023-03-10,SHS,7.07,7.15,6.91,7.07,13146973,KBS,2026-10-09T04:18:26Z
2023-03-13,SHS,6.91,7.07,6.83,6.91,8726446,KBS,2026-10-09T04:18:26Z
2023-03-14,SHS,6.99,6.99,6.58,6.66,14828765,KBS,2026-10-09T04:18:26Z
2023-03-15,SHS,6.74,7.31,6.74,7.31,29685914,KBS,2026-10-09T04:18:26Z
2023-03-16,SHS,7.23,7.39,6.99,7.07,12240850,KBS,2026-10-09T04:18:26Z
2023-03-17,SHS,7.07,7.31,6.99,7.15,11243077,KBS,2026-10-09T04:18:26Z
2023-03-20,SHS,7.07,7.15,6.83,6.83,11828828,KBS,2026-10-09T04:18:26Z
2023-03-21,SHS,6.58,6.99,6.58,6.91,8161695,KBS,2026-10-09T04:18:26Z
2023-03-22,SHS,6.99,7.07,6.91,6.91,5969395,KBS,2026-10-09T04:18:26Z
2023-03-23,SHS,6.91,7.15,6.83,7.15,12346231,KBS,2026-10-09T04:18:26Z
2023-03-24,SHS,7.15,7.39,7.15,7.23,20864989,KBS,2026-10-09T04:18:26Z
2023-03-27,SHS,7.31,7.48,7.15,7.39,22869437,KBS,2026-10-09T04:18:26Z
2023-03-28,SHS,7.39,7.48,7.15,7.23,17162678,KBS,2026-10-09T04:18:26Z
2023-03-29,SHS,7.23,7.31,7.07,7.23,15325815,KBS,2026-10-09T04:18:26Z
2023-03-30,SHS,7.31,7.56,7.23,7.31,23471417,KBS,2026-10-09T04:18:26Z
2023-03-31,SHS,7.31,7.56,7.23,7.48,26601877,KBS,2026-10-09T04:18:26Z
2023-04-03,SHS,7.64,7.88,7.56,7.72,22497876,KBS,2026-10-09T04:18:26Z
2023-04-04,SHS,7.8,7.88,7.64,7.8,24838395,KBS,2026-10-09T04:18:26Z
2023-04-05,SHS,7.8,7.88,7.72,7.88,17868663,KBS,2026-10-09T04:18:26Z
2023-04-06,SHS,8.13,8.13,7.56,7.56,30228463,KBS,2026-10-09T04:18:26Z
2023-04-07,SHS,7.56,7.8,7.48,7.72,26711893,KBS,2026-10-09T04:18:26Z
2023-04-10,SHS,7.8,8.45,7.72,8.45,69745219,KBS,2026-10-09T04:18:26Z
2023-04-11,SHS,8.45,8.61,8.21,8.61,30408259,KBS,2026-10-09T04:18:26Z
2023-04-12,SHS,8.61,8.94,8.45,8.53,35843298,KBS,2026-10-09T04:18:26Z
2023-04-13,SHS,8.61,8.61,8.37,8.37,21603293,KBS,2026-10-09T04:18:26Z
2023-04-14,SHS,8.37,8.61,8.21,8.21,35068820,KBS,2026-10-09T04:18:26Z
2023-04-17,SHS,8.21,8.29,8.13,8.21,17090001,KBS,2026-10-09T04:18:26Z
2023-04-18,SHS,8.13,8.45,8.13,8.45,22844938,KBS,2026-10-09T04:18:26Z
2023-04-19,SHS,8.53,8.53,8.21,8.21,16412975,KBS,2026-10-09T04:18:26Z
2023-04-20,SHS,8.29,8.29,8.13,8.29,11246558,KBS,2026-10-09T04:18:26Z
2023-04-21,SHS,8.29,8.61,8.21,8.29,26895852,KBS,2026-10-09T04:18:26Z
2023-04-24,SHS,8.29,8.45,8.21,8.29,12317372,KBS,2026-10-09T04:18:26Z
2023-04-25,SHS,8.29,8.37,7.96,7.96,24805238,KBS,2026-10-09T04:18:26Z
2023-04-26,SHS,7.96,8.04,7.8,8.04,16924621,KBS,2026-10-09T04:18:26Z
2023-04-27,SHS,8.13,8.13,7.96,8.04,8412841,KBS,2026-10-09T04:18:26Z
2023-04-28,SHS,8.13,8.29,7.96,8.21,14960012,KBS,2026-10-09T04:18:26Z
2023-05-04,SHS,8.21,8.45,8.13,8.29,17373091,KBS,2026-10-09T04:18:26Z
2023-05-05,SHS,8.37,8.45,8.21,8.29,13461135,KBS,2026-10-09T04:18:26Z
2023-05-08,SHS,8.29,8.78,8.29,8.78,38471527,KBS,2026-10-09T04:18:26Z
2023-05-09,SHS,8.86,8.86,8.61,8.78,12368777,KBS,2026-10-09T04:18:26Z
2023-05-10,SHS,8.78,9.18,8.7,9.02,30964177,KBS,2026-10-09T04:18:26Z
2023-05-11,SHS,9.1,9.1,8.94,8.94,17587653,KBS,2026-10-09T04:18:26Z
2023-05-12,SHS,8.86,9.26,8.7,9.18,24660161,KBS,2026-10-09T04:18:26Z
2023-05-15,SHS,9.26,9.43,8.86,8.86,20208886,KBS,2026-10-09T04:18:26Z
2023-05-16,SHS,8.86,9.02,8.78,8.94,16794877,KBS,2026-10-09T04:18:26Z
2023-05-17,SHS,8.94,9.02,8.7,8.7,28274650,KBS,2026-10-09T04:18:26Z
2023-05-18,SHS,8.78,9.1,8.61,8.78,25791087,KBS,2026-10-09T04:18:26Z
2023-05-19,SHS,8.78,9.02,8.78,8.94,13870916,KBS,2026-10-09T04:18:26Z
2023-05-22,SHS,9.02,9.1,8.94,9.02,13145306,KBS,2026-10-09T04:18:26Z
2023-05-23,SHS,9.02,9.26,8.94,9.02,24798552,KBS,2026-10-09T04:18:26Z
2023-05-24,SHS,9.02,9.26,9.02,9.02,14577546,KBS,2026-10-09T04:18:26Z
2023-05-25,SHS,9.1,9.1,8.86,8.94,11540259,KBS,2026-10-09T04:18:26Z
2023-05-26,SHS,8.94,9.1,8.86,9.02,9902686,KBS,2026-10-09T04:18:26Z
2023-05-29,SHS,9.02,9.59,9.02,9.59,32213336,KBS,2026-10-09T04:18:26Z
2023-05-30,SHS,9.59,9.67,9.43,9.59,15239674,KBS,2026-10-09T04:18:26Z
2023-05-31,SHS,9.59,9.67,9.26,9.43,22383835,KBS,2026-10-09T04:18:26Z
2023-06-01,SHS,9.51,9.75,9.35,9.59,20962332,KBS,2026-10-09T04:18:26Z
2023-06-02,SHS,9.59,9.91,9.59,9.75,22750494,KBS,2026-10-09T04:18:26Z
2023-06-05,SHS,9.75,9.99,9.59,9.75,20143460,KBS,2026-10-09T04:18:26Z
2023-06-06,SHS,9.67,10.32,9.59,10.32,41409882,KBS,2026-10-09T04:18:26Z
2023-06-07,SHS,10.4,10.48,10.16,10.32,17457009,KBS,2026-10-09T04:18:26Z
2023-06-08,SHS,10.32,10.4,9.99,9.99,32412496,KBS,2026-10-09T04:18:26Z
2023-06-09,SHS,9.99,10.32,9.91,10.32,24391025,KBS,2026-10-09T04:18:26Z
2023-06-12,SHS,10.32,10.56,10.16,10.56,23706893,KBS,2026-10-09T04:18:26Z
2023-06-13,SHS,10.56,11.05,10.56,10.97,32489235,KBS,2026-10-09T04:18:26Z
2023-06-14,SHS,11.05,11.05,10.81,10.81,24788847,KBS,2026-10-09T04:18:26Z
2023-06-15,SHS,10.73,10.97,10.64,10.89,16990615,KBS,2026-10-09T04:18:26Z
2023-06-16,SHS,10.89,11.54,10.89,10.97,44396972,KBS,2026-10-09T04:18:26Z
2023-06-19,SHS,10.97,11.21,10.81,10.97,26609415,KBS,2026-10-09T04:18:26Z
2023-06-20,SHS,10.97,11.21,10.89,11.21,19284592,KBS,2026-10-09T04:18:26Z
2023-06-21,SHS,11.3,11.46,11.13,11.38,20943809,KBS,2026-10-09T04:18:26Z
2023-06-22,SHS,11.38,11.46,11.21,11.3,19944281,KBS,2026-10-09T04:18:26Z
2023-06-23,SHS,11.38,11.54,11.13,11.21,23500319,KBS,2026-10-09T04:18:26Z
2023-06-26,SHS,11.21,11.21,10.73,11.13,33192032,KBS,2026-10-09T04:18:26Z
2023-06-27,SHS,11.13,11.3,10.97,11.13,14281992,KBS,2026-10-09T04:18:26Z
2023-06-28,SHS,11.21,11.3,10.97,10.97,19368868,KBS,2026-10-09T04:18:26Z
2023-06-29,SHS,11.05,11.05,10.56,10.56,33175627,KBS,2026-10-09T04:18:26Z
2023-06-30,SHS,9.51,10.89,9.51,10.73,14519079,KBS,2026-10-09T04:18:26Z
2023-07-03,SHS,10.73,10.97,10.73,10.89,10455994,KBS,2026-10-09T04:18:26Z
2023-07-04,SHS,10.89,11.21,10.81,11.13,25961602,KBS,2026-10-09T04:18:26Z
2023-07-05,SHS,11.21,11.3,11.05,11.05,16905222,KBS,2026-10-09T04:18:26Z
2023-07-06,SHS,11.05,11.21,10.73,11.05,24484141,KBS,2026-10-09T04:18:26Z
2023-07-07,SHS,11.05,11.13,10.73,11.13,17137810,KBS,2026-10-09T04:18:26Z
2023-07-10,SHS,11.13,11.7,11.13,11.62,36671561,KBS,2026-10-09T04:18:26Z
2023-07-11,SHS,11.62,11.78,11.46,11.54,18024014,KBS,2026-10-09T04:18:26Z
2023-07-12,SHS,11.54,11.78,11.54,11.62,16772920,KBS,2026-10-09T04:18:26Z
2023-07-13,SHS,11.62,11.78,11.05,11.78,14623668,KBS,2026-10-09T04:18:26Z
2023-07-14,SHS,11.78,11.86,11.46,11.86,21526020,KBS,2026-10-09T04:18:26Z
2023-07-17,SHS,11.86,12.11,11.78,11.94,17430145,KBS,2026-10-09T04:18:26Z
2023-07-18,SHS,11.94,12.03,11.7,11.78,12919921,KBS,2026-10-09T04:18:26Z
2023-07-19,SHS,11.78,11.94,11.7,11.78,16783226,KBS,2026-10-09T04:18:26Z
2023-07-20,SHS,11.78,11.86,11.54,11.7,13665410,KBS,2026-10-09T04:18:26Z
2023-07-21,SHS,11.78,11.94,11.62,11.94,22432739,KBS,2026-10-09T04:18:26Z
2023-07-24,SHS,11.94,12.35,11.94,12.35,23470100,KBS,2026-10-09T04:18:26Z
2023-07-25,SHS,11.86,12.51,11.86,12.27,15923799,KBS,2026-10-09T04:18:26Z
2023-07-26,SHS,12.27,12.43,12.11,12.35,12183953,KBS,2026-10-09T04:18:26Z
2023-07-27,SHS,12.35,12.51,12.19,12.35,15768289,KBS,2026-10-09T04:18:26Z
2023-07-28,SHS,12.35,12.6,12.27,12.6,21642085,KBS,2026-10-09T04:18:26Z
2023-07-31,SHS,12.6,12.76,12.35,12.68,13847675,KBS,2026-10-09T04:18:26Z
2023-08-01,SHS,12.76,12.76,12.19,12.19,17091009,KBS,2026-10-09T04:18:26Z
2023-08-02,SHS,12.19,12.51,12.11,12.35,12638729,KBS,2026-10-09T04:18:26Z
2023-08-03,SHS,12.35,12.6,12.27,12.43,14969468,KBS,2026-10-09T04:18:26Z
2023-08-04,SHS,12.43,12.76,12.35,12.6,17333318,KBS,2026-10-09T04:18:26Z
2023-08-07,SHS,12.68,13.24,12.68,13.08,25398063,KBS,2026-10-09T04:18:26Z
2023-08-08,SHS,13.24,13.33,12.92,13.08,17249132,KBS,2026-10-09T04:18:26Z
2023-08-09,SHS,13.08,13.24,12.84,12.84,18753251,KBS,2026-10-09T04:18:26Z
2023-08-10,SHS,12.84,12.92,12.51,12.51,19226402,KBS,2026-10-09T04:18:26Z
2023-08-11,SHS,12.51,13.0,12.35,13.0,16875708,KBS,2026-10-09T04:18:26Z
2023-08-14,SHS,13.0,13.9,12.92,13.65,32174959,KBS,2026-10-09T04:18:26Z
2023-08-15,SHS,13.65,13.81,13.41,13.49,11842364,KBS,2026-10-09T04:18:26Z
2023-08-16,SHS,13.41,13.57,13.24,13.57,14712840,KBS,2026-10-09T04:18:26Z
2023-08-17,SHS,13.57,14.14,13.49,13.57,25806175,KBS,2026-10-09T04:18:26Z
2023-08-18,SHS,13.57,13.57,12.27,12.27,45197426,KBS,2026-10-09T04:18:26Z
2023-08-21,SHS,12.27,13.0,12.11,12.68,25522746,KBS,2026-10-09T04:18:26Z
2023-08-22,SHS,12.76,13.33,12.19,13.33,33407902,KBS,2026-10-09T04:18:26Z
2023-08-23,SHS,13.33,13.57,13.0,13.0,17258252,KBS,2026-10-09T04:18:26Z
2023-08-24,SHS,13.0,13.73,12.92,13.73,30421805,KBS,2026-10-09T04:18:26Z
2023-08-25,SHS,13.81,14.06,13.57,13.73,22886395,KBS,2026-10-09T04:18:26Z
2023-08-28,SHS,13.73,14.06,13.73,14.06,22863191,KBS,2026-10-09T04:18:26Z
2023-08-29,SHS,14.06,14.46,13.98,14.38,24446419,KBS,2026-10-09T04:18:26Z
2023-08-30,SHS,14.38,15.11,14.22,15.03,22724693,KBS,2026-10-09T04:18:26Z
2023-08-31,SHS,15.03,15.2,14.95,15.11,16553147,KBS,2026-10-09T04:18:26Z
2023-09-05,SHS,15.28,15.28,14.46,14.95,18169741,KBS,2026-10-09T04:18:26Z
2023-09-06,SHS,14.87,15.76,14.79,15.52,17401465,KBS,2026-10-09T04:18:26Z
2023-09-07,SHS,15.52,15.68,15.36,15.36,13285522,KBS,2026-10-09T04:18:26Z
2023-09-08,SHS,15.44,15.52,15.28,15.28,11893255,KBS,2026-10-09T04:18:26Z
2023-09-11,SHS,15.44,15.84,15.2,15.28,22373183,KBS,2026-10-09T04:18:26Z
2023-09-12,SHS,15.11,16.66,15.11,16.66,27208077,KBS,2026-10-09T04:18:26Z
2023-09-13,SHS,16.66,16.82,16.09,16.5,18944376,KBS,2026-10-09T04:18:26Z
2023-09-14,SHS,16.58,16.58,15.76,15.93,26748401,KBS,2026-10-09T04:18:26Z
2023-09-15,SHS,15.93,16.17,15.68,15.93,15943381,KBS,2026-10-09T04:18:26Z
2023-09-18,SHS,15.93,16.25,15.52,15.84,18867666,KBS,2026-10-09T04:18:26Z
2023-09-19,SHS,15.84,16.09,15.36,15.93,20039515,KBS,2026-10-09T04:18:26Z
2023-09-20,SHS,16.01,16.5,15.93,16.41,13758129,KBS,2026-10-09T04:18:26Z
2023-09-21,SHS,16.41,16.58,15.52,15.6,31980179,KBS,2026-10-09T04:18:26Z
2023-09-22,SHS,15.44,15.6,14.14,14.46,53071128,KBS,2026-10-09T04:18:26Z
2023-09-25,SHS,14.22,14.63,13.08,13.08,38692472,KBS,2026-10-09T04:18:26Z
2023-09-26,SHS,12.6,14.22,12.6,13.33,33079168,KBS,2026-10-09T04:18:26Z
2023-09-27,SHS,13.41,14.38,13.24,14.38,31573673,KBS,2026-10-09T04:18:26Z
2023-09-28,SHS,14.54,14.54,13.65,14.14,24779275,KBS,2026-10-09T04:18:26Z
2023-09-29,SHS,14.22,14.54,13.9,13.98,21508904,KBS,2026-10-09T04:18:26Z
2023-10-02,SHS,13.98,14.38,13.98,14.14,16069763,KBS,2026-10-09T04:18:26Z
2023-10-03,SHS,14.14,14.14,12.92,12.92,40338674,KBS,2026-10-09T04:18:26Z
2023-10-04,SHS,12.76,14.06,12.27,13.73,33973051,KBS,2026-10-09T04:18:26Z
2023-10-05,SHS,13.81,14.06,13.41,13.49,18812622,KBS,2026-10-09T04:18:26Z
2023-10-06,SHS,13.41,14.14,13.16,14.06,24169014,KBS,2026-10-09T04:18:26Z
2023-10-09,SHS,14.06,14.46,13.9,14.3,23395312,KBS,2026-10-09T04:18:26Z
2023-10-10,SHS,14.3,14.71,14.06,14.06,24511764,KBS,2026-10-09T04:18:26Z
2023-10-11,SHS,14.14,14.87,13.98,14.79,29895972,KBS,2026-10-09T04:18:26Z
2023-10-12,SHS,14.79,15.03,14.3,14.71,24528720,KBS,2026-10-09T04:18:26Z
2023-10-13,SHS,14.63,14.95,14.3,14.79,22187238,KBS,2026-10-09T04:18:26Z
2023-10-16,SHS,14.79,14.87,14.3,14.38,20752115,KBS,2026-10-09T04:18:26Z
2023-10-17,SHS,14.38,14.63,13.16,13.16,27620360,KBS,2026-10-09T04:18:26Z
2023-10-18,SHS,13.24,13.81,12.43,13.41,38260703,KBS,2026-10-09T04:18:26Z
2023-10-19,SHS,13.41,13.57,12.84,12.84,19739679,KBS,2026-10-09T04:18:26Z
2023-10-20,SHS,12.84,13.57,12.27,13.57,29017008,KBS,2026-10-09T04:18:26Z
2023-10-23,SHS,13.65,13.65,13.08,13.24,17653797,KBS,2026-10-09T04:18:26Z
2023-10-24,SHS,11.94,13.57,11.94,13.41,19326762,KBS,2026-10-09T04:18:26Z
2023-10-25,SHS,13.41,13.81,13.08,13.16,24660999,KBS,2026-10-09T04:18:26Z
2023-10-26,SHS,13.0,13.16,11.86,11.94,63141573,KBS,2026-10-09T04:18:26Z
2023-10-27,SHS,11.46,12.43,11.46,12.27,25604285,KBS,2026-10-09T04:18:26Z
2023-10-30,SHS,12.27,12.27,11.21,11.21,19534894,KBS,2026-10-09T04:18:26Z
2023-10-31,SHS,11.38,11.46,10.4,10.48,34571425,KBS,2026-10-09T04:18:26Z
2023-11-01,SHS,10.32,11.46,9.91,11.46,47367812,KBS,2026-10-09T04:18:26Z
2023-11-02,SHS,11.62,12.6,11.38,12.51,37509188,KBS,2026-10-09T04:18:26Z
2023-11-03,SHS,12.6,12.76,12.11,12.43,28951640,KBS,2026-10-09T04:18:26Z
2023-11-06,SHS,12.43,13.0,11.54,13.0,33884165,KBS,2026-10-09T04:18:26Z
2023-11-07,SHS,11.7,13.41,11.7,12.92,32997067,KBS,2026-10-09T04:18:26Z
2023-11-08,SHS,11.86,14.14,11.86,14.14,43403550,KBS,2026-10-09T04:18:26Z
2023-11-09,SHS,14.3,14.71,14.06,14.06,36449787,KBS,2026-10-09T04:18:26Z
2023-11-10,SHS,14.06,14.54,13.81,14.14,35874188,KBS,2026-10-09T04:18:26Z
2023-11-13,SHS,14.14,14.38,13.81,14.22,33880691,KBS,2026-10-09T04:18:26Z
2023-11-14,SHS,14.3,14.95,14.14,14.3,27676750,KBS,2026-10-09T04:18:26Z
2023-11-15,SHS,12.92,15.2,12.92,14.38,34084931,KBS,2026-10-09T04:18:26Z
2023-11-16,SHS,14.22,14.71,14.22,14.71,16036955,KBS,2026-10-09T04:18:26Z
2023-11-17,SHS,14.71,14.95,14.06,14.14,38121066,KBS,2026-10-09T04:18:26Z
2023-11-20,SHS,13.98,14.87,13.24,14.63,32135791,KBS,2026-10-09T04:18:26Z
2023-11-21,SHS,14.63,14.95,14.54,14.63,20971349,KBS,2026-10-09T04:18:26Z
2023-11-22,SHS,14.63,14.95,14.54,14.95,29182745,KBS,2026-10-09T04:18:26Z
2023-11-23,SHS,14.95,15.11,13.81,13.81,28552032,KBS,2026-10-09T04:18:26Z
2023-11-24,SHS,13.81,14.46,13.57,14.46,38198427,KBS,2026-10-09T04:18:26Z
2023-11-27,SHS,14.46,14.63,14.06,14.14,12652657,KBS,2026-10-09T04:18:26Z
2023-11-28,SHS,13.41,14.46,13.41,14.3,19877096,KBS,2026-10-09T04:18:26Z
2023-11-29,SHS,14.3,14.79,14.3,14.71,23793094,KBS,2026-10-09T04:18:26Z
2023-11-30,SHS,14.71,15.11,14.63,14.71,40036591,KBS,2026-10-09T04:18:26Z
2023-12-01,SHS,14.79,15.11,14.54,14.95,24574596,KBS,2026-10-09T04:18:26Z
2023-12-04,SHS,15.03,16.17,15.03,15.84,44494448,KBS,2026-10-09T04:18:26Z
2023-12-05,SHS,15.28,16.01,15.28,15.76,20832000,KBS,2026-10-09T04:18:26Z
2023-12-06,SHS,15.76,16.01,15.6,16.01,17675431,KBS,2026-10-09T04:18:26Z
2023-12-07,SHS,16.01,16.09,14.95,15.36,65432346,KBS,2026-10-09T04:18:26Z
2023-12-08,SHS,15.36,15.52,14.95,15.03,19222195,KBS,2026-10-09T04:18:26Z
2023-12-11,SHS,15.03,15.36,14.79,15.2,21472872,KBS,2026-10-09T04:18:26Z
2023-12-12,SHS,15.03,15.36,13.73,15.11,10070933,KBS,2026-10-09T04:18:26Z
2023-12-13,SHS,15.11,15.36,14.63,14.79,20500628,KBS,2026-10-09T04:18:26Z
2023-12-14,SHS,14.87,15.11,14.71,14.79,18356995,KBS,2026-10-09T04:18:26Z
2023-12-15,SHS,14.79,15.2,14.71,15.03,17653305,KBS,2026-10-09T04:18:26Z
2023-12-18,SHS,14.87,15.11,14.79,14.87,11270715,KBS,2026-10-09T04:18:26Z
2023-12-19,SHS,14.87,15.28,14.79,15.28,19144415,KBS,2026-10-09T04:18:26Z
2023-12-20,SHS,15.11,15.44,15.11,15.28,12433200,KBS,2026-10-09T04:18:26Z
2023-12-21,SHS,15.28,15.28,15.03,15.28,9338663,KBS,2026-10-09T04:18:26Z
2023-12-22,SHS,15.11,15.52,14.87,15.03,31971907,KBS,2026-10-09T04:18:26Z
2023-12-25,SHS,15.11,15.28,14.87,15.11,11255761,KBS,2026-10-09T04:18:26Z
2023-12-26,SHS,13.65,15.36,13.65,15.2,11906653,KBS,2026-10-09T04:18:26Z
2023-12-27,SHS,15.28,15.52,15.2,15.28,14868378,KBS,2026-10-09T04:18:26Z
2023-12-28,SHS,15.36,15.44,15.2,15.28,10740792,KBS,2026-10-09T04:18:26Z
2023-12-29,SHS,13.81,15.44,13.81,15.36,14182609,KBS,2026-10-09T04:18:26Z
2024-01-02,SHS,15.11,15.52,14.95,15.03,17224299,KBS,2026-10-09T04:18:26Z
2024-01-03,SHS,15.03,15.2,14.95,15.2,10524622,KBS,2026-10-09T04:18:26Z
2024-01-04,SHS,15.28,15.6,15.2,15.2,30042250,KBS,2026-10-09T04:18:26Z
2024-01-05,SHS,15.36,15.36,15.11,15.2,12333616,KBS,2026-10-09T04:18:26Z
2024-01-08,SHS,15.2,15.52,15.2,15.28,17980886,KBS,2026-10-09T04:18:26Z
2024-01-09,SHS,15.36,15.44,15.2,15.2,14393834,KBS,2026-10-09T04:18:26Z
2024-01-10,SHS,15.28,15.28,14.87,14.95,20897561,KBS,2026-10-09T04:18:26Z
2024-01-11,SHS,14.95,15.36,14.87,15.11,20058538,KBS,2026-10-09T04:18:26Z
2024-01-12,SHS,15.03,15.2,14.79,14.95,20697105,KBS,2026-10-09T04:18:26Z
2024-01-15,SHS,15.03,15.11,14.71,14.71,14676506,KBS,2026-10-09T04:18:26Z
2024-01-16,SHS,14.71,14.95,14.54,14.95,15633351,KBS,2026-10-09T04:18:26Z
2024-01-17,SHS,14.79,15.52,14.71,15.11,25438344,KBS,2026-10-09T04:18:26Z
2024-01-18,SHS,15.11,15.28,15.03,15.11,10669801,KBS,2026-10-09T04:18:26Z
2024-01-19,SHS,15.11,15.36,14.95,14.95,12750062,KBS,2026-10-09T04:18:26Z
2024-01-22,SHS,15.03,15.36,14.95,15.11,19062802,KBS,2026-10-09T04:18:26Z
2024-01-23,SHS,15.03,15.11,14.87,14.95,17884820,KBS,2026-10-09T04:18:26Z
2024-01-24,SHS,13.49,15.2,13.49,14.95,14155797,KBS,2026-10-09T04:18:26Z
2024-01-25,SHS,14.95,15.03,14.87,14.95,6000044,KBS,2026-10-09T04:18:26Z
2024-01-26,SHS,15.03,15.11,14.87,14.95,8806679,KBS,2026-10-09T04:18:26Z
2024-01-29,SHS,14.95,15.03,14.79,14.87,7967661,KBS,2026-10-09T04:18:26Z
2024-01-30,SHS,14.79,14.95,14.79,14.95,5880664,KBS,2026-10-09T04:18:26Z
2024-01-31,SHS,14.95,15.36,14.79,14.87,32213254,KBS,2026-10-09T04:18:26Z
2024-02-01,SHS,14.95,15.03,14.79,14.87,8153697,KBS,2026-10-09T04:18:26Z
2024-02-02,SHS,14.87,15.11,14.79,14.87,20796276,KBS,2026-10-09T04:18:26Z
2024-02-05,SHS,14.87,15.03,14.63,14.71,27073755,KBS,2026-10-09T04:18:26Z
2024-02-06,SHS,13.24,14.95,13.24,14.22,40074873,KBS,2026-10-09T04:18:26Z
2024-02-07,SHS,14.22,14.46,14.14,14.3,17812305,KBS,2026-10-09T04:18:26Z
2024-02-15,SHS,14.38,14.63,14.3,14.54,11202017,KBS,2026-10-09T04:18:26Z
2024-02-16,SHS,14.38,14.71,13.41,14.54,11784915,KBS,2026-10-09T04:18:26Z
2024-02-19,SHS,14.54,14.63,14.3,14.54,14338696,KBS,2026-10-09T04:18:26Z
2024-02-20,SHS,13.49,14.87,13.49,14.63,23392593,KBS,2026-10-09T04:18:26Z
2024-02-21,SHS,14.71,14.79,14.46,14.54,10168906,KBS,2026-10-09T04:18:26Z
2024-02-22,SHS,14.54,14.71,14.38,14.38,11779116,KBS,2026-10-09T04:18:26Z
2024-02-23,SHS,13.57,14.46,13.08,14.06,25805239,KBS,2026-10-09T04:18:26Z
2024-02-26,SHS,13.98,14.46,13.65,14.46,20440176,KBS,2026-10-09T04:18:26Z
2024-02-27,SHS,14.22,14.71,14.22,14.54,14094220,KBS,2026-10-09T04:18:26Z
2024-02-28,SHS,14.14,14.63,14.14,14.3,15216941,KBS,2026-10-09T04:18:26Z
2024-02-29,SHS,14.3,14.71,14.3,14.38,27899376,KBS,2026-10-09T04:18:26Z
2024-03-01,SHS,14.46,14.79,14.38,14.63,34231535,KBS,2026-10-09T04:18:26Z
2024-03-04,SHS,14.54,15.03,14.22,14.71,22089528,KBS,2026-10-09T04:18:26Z
2024-03-05,SHS,13.65,14.79,13.65,14.79,17984970,KBS,2026-10-09T04:18:26Z
2024-03-06,SHS,14.79,14.87,14.38,14.46,21556286,KBS,2026-10-09T04:18:26Z
2024-03-07,SHS,13.08,15.36,13.08,15.2,62656749,KBS,2026-10-09T04:18:26Z
2024-03-08,SHS,15.2,15.52,14.95,15.03,39577826,KBS,2026-10-09T04:18:26Z
2024-03-11,SHS,15.03,15.11,14.46,14.63,25532536,KBS,2026-10-09T04:18:26Z
2024-03-12,SHS,14.63,14.71,14.3,14.38,18900315,KBS,2026-10-09T04:18:26Z
2024-03-13,SHS,14.06,15.11,14.06,15.03,32528200,KBS,2026-10-09T04:18:26Z
2024-03-14,SHS,14.79,15.76,14.79,15.52,63372543,KBS,2026-10-09T04:18:26Z
2024-03-15,SHS,15.52,15.68,15.2,15.52,29220309,KBS,2026-10-09T04:18:26Z
2024-03-18,SHS,15.36,16.01,14.71,15.36,49574580,KBS,2026-10-09T04:18:26Z
2024-03-19,SHS,15.44,15.76,15.2,15.28,31059601,KBS,2026-10-09T04:18:26Z
2024-03-20,SHS,15.28,15.6,15.2,15.6,25392000,KBS,2026-10-09T04:18:26Z
2024-03-21,SHS,15.68,16.41,15.68,16.17,58075662,KBS,2026-10-09T04:18:26Z
2024-03-22,SHS,16.25,16.58,16.09,16.25,30711453,KBS,2026-10-09T04:18:26Z
2024-03-25,SHS,16.25,16.82,16.17,16.33,39879054,KBS,2026-10-09T04:18:26Z
2024-03-26,SHS,16.09,16.58,16.09,16.58,22543685,KBS,2026-10-09T04:18:26Z
2024-03-27,SHS,16.58,16.9,16.5,16.66,16856877,KBS,2026-10-09T04:18:26Z
2024-03-28,SHS,16.74,16.82,16.5,16.74,18639693,KBS,2026-10-09T04:18:26Z
2024-03-29,SHS,16.74,16.82,16.33,16.33,18355814,KBS,2026-10-09T04:18:26Z
2024-04-01,SHS,16.33,16.66,16.01,16.5,23819742,KBS,2026-10-09T04:18:26Z
2024-04-02,SHS,16.5,17.39,16.17,17.23,32148622,KBS,2026-10-09T04:18:26Z
2024-04-03,SHS,17.31,17.47,16.58,16.9,23464149,KBS,2026-10-09T04:18:26Z
2024-04-04,SHS,16.5,16.98,16.5,16.58,20892897,KBS,2026-10-09T04:18:26Z
2024-04-05,SHS,16.5,16.58,16.09,16.09,27480207,KBS,2026-10-09T04:18:26Z
2024-04-08,SHS,16.09,16.25,15.84,15.84,15242040,KBS,2026-10-09T04:18:26Z
2024-04-09,SHS,15.84,16.41,15.76,16.41,19822622,KBS,2026-10-09T04:18:26Z
2024-04-10,SHS,16.33,16.5,16.01,16.09,11612702,KBS,2026-10-09T04:18:26Z
2024-04-11,SHS,16.01,16.5,15.76,16.33,19549798,KBS,2026-10-09T04:18:26Z
2024-04-12,SHS,16.33,16.98,16.09,16.9,29052672,KBS,2026-10-09T04:18:26Z
2024-04-15,SHS,16.9,17.39,15.44,15.44,50495135,KBS,2026-10-09T04:18:26Z
2024-04-16,SHS,15.44,15.76,15.11,15.68,38201121,KBS,2026-10-09T04:18:26Z
2024-04-17,SHS,15.52,15.93,15.11,15.11,20102153,KBS,2026-10-09T04:18:26Z
2024-04-19,SHS,13.65,15.11,13.65,14.14,44790623,KBS,2026-10-09T04:18:26Z
2024-04-22,SHS,14.63,15.36,14.3,14.95,24252185,KBS,2026-10-09T04:18:26Z
2024-04-23,SHS,14.95,15.11,14.22,14.54,17849311,KBS,2026-10-09T04:18:26Z
2024-04-24,SHS,14.22,15.28,13.16,15.11,23529347,KBS,2026-10-09T04:18:26Z
2024-04-25,SHS,15.11,15.2,14.79,15.2,15203995,KBS,2026-10-09T04:18:26Z
2024-04-26,SHS,14.79,15.2,14.71,14.87,15190042,KBS,2026-10-09T04:18:26Z
2024-05-02,SHS,14.87,15.03,14.63,14.79,10885550,KBS,2026-10-09T04:18:26Z
2024-05-03,SHS,14.79,15.2,14.71,14.79,12955428,KBS,2026-10-09T04:18:26Z
2024-05-06,SHS,14.87,15.44,14.79,15.28,24460632,KBS,2026-10-09T04:18:26Z
2024-05-07,SHS,15.44,15.44,15.11,15.28,13398211,KBS,2026-10-09T04:18:26Z
2024-05-08,SHS,15.28,15.68,15.03,15.44,24629605,KBS,2026-10-09T04:18:26Z
2024-05-09,SHS,15.52,15.68,15.2,15.28,15600868,KBS,2026-10-09T04:18:26Z
2024-05-10,SHS,15.44,15.6,15.11,15.44,19328553,KBS,2026-10-09T04:18:26Z
2024-05-13,SHS,15.6,15.6,15.28,15.44,11067444,KBS,2026-10-09T04:18:26Z
2024-05-14,SHS,15.44,15.76,15.28,15.6,18773535,KBS,2026-10-09T04:18:26Z
2024-05-15,SHS,15.6,16.01,15.52,15.76,22611868,KBS,2026-10-09T04:18:26Z
2024-05-16,SHS,15.84,16.17,15.68,15.76,20071168,KBS,2026-10-09T04:18:26Z
2024-05-17,SHS,15.76,16.09,15.68,15.93,18311145,KBS,2026-10-09T04:18:26Z
2024-05-20,SHS,16.01,16.25,15.93,15.93,19644746,KBS,2026-10-09T04:18:26Z
2024-05-21,SHS,14.38,16.01,14.38,15.84,18397598,KBS,2026-10-09T04:18:26Z
2024-05-22,SHS,14.3,16.17,14.3,15.68,28434226,KBS,2026-10-09T04:18:26Z
2024-05-23,SHS,15.52,15.76,15.36,15.76,21248924,KBS,2026-10-09T04:18:26Z
2024-05-24,SHS,15.76,15.76,14.87,15.11,30502358,KBS,2026-10-09T04:18:26Z
2024-05-27,SHS,13.65,15.2,13.65,15.03,9030299,KBS,2026-10-09T04:18:26Z
2024-05-28,SHS,15.11,15.36,15.03,15.28,9420066,KBS,2026-10-09T04:18:26Z
2024-05-29,SHS,15.03,15.44,15.03,15.03,9779051,KBS,2026-10-09T04:18:26Z
2024-05-30,SHS,15.03,15.03,14.63,14.87,20830090,KBS,2026-10-09T04:18:26Z
2024-05-31,SHS,14.87,15.03,14.79,14.79,6665773,KBS,2026-10-09T04:18:26Z
2024-06-03,SHS,14.79,15.28,14.79,15.2,10628723,KBS,2026-10-09T04:18:26Z
2024-06-04,SHS,15.2,15.44,15.11,15.11,9014780,KBS,2026-10-09T04:18:26Z
2024-06-05,SHS,15.03,15.44,14.95,15.03,11719462,KBS,2026-10-09T04:18:26Z
2024-06-06,SHS,15.03,15.28,15.03,15.11,8862364,KBS,2026-10-09T04:18:26Z
2024-06-07,SHS,15.11,15.36,15.03,15.11,6800678,KBS,2026-10-09T04:18:26Z
2024-06-10,SHS,15.11,15.52,14.87,15.2,15256192,KBS,2026-10-09T04:18:26Z
2024-06-11,SHS,15.2,15.6,15.2,15.6,17182118,KBS,2026-10-09T04:18:26Z
2024-06-12,SHS,14.63,15.93,14.3,15.84,18429021,KBS,2026-10-09T04:18:26Z
2024-06-13,SHS,15.84,16.09,15.76,15.76,14146823,KBS,2026-10-09T04:18:26Z
2024-06-14,SHS,15.28,16.01,15.2,15.2,19216020,KBS,2026-10-09T04:18:26Z
2024-06-17,SHS,13.98,15.28,13.98,15.03,12704188,KBS,2026-10-09T04:18:26Z
2024-06-18,SHS,13.57,15.2,13.57,15.03,7069500,KBS,2026-10-09T04:18:26Z
2024-06-19,SHS,15.03,15.2,14.87,14.95,10267017,KBS,2026-10-09T04:18:26Z
2024-06-20,SHS,14.79,15.11,14.63,14.79,11663359,KBS,2026-10-09T04:18:26Z
2024-06-21,SHS,14.71,14.95,14.63,14.79,7303695,KBS,2026-10-09T04:18:26Z
2024-06-24,SHS,13.33,14.87,13.33,14.14,27198979,KBS,2026-10-09T04:18:26Z
2024-06-25,SHS,13.0,14.38,12.76,14.22,7335273,KBS,2026-10-09T04:18:26Z
2024-06-26,SHS,14.06,14.38,13.9,14.06,7786838,KBS,2026-10-09T04:18:26Z
2024-06-27,SHS,14.06,14.14,13.9,14.06,6506400,KBS,2026-10-09T04:18:26Z
2024-06-28,SHS,12.68,14.14,12.68,13.65,15762987,KBS,2026-10-09T04:18:26Z
2024-07-01,SHS,13.41,13.9,12.68,13.9,4831669,KBS,2026-10-09T04:18:26Z
2024-07-02,SHS,13.81,14.14,13.57,14.06,3814767,KBS,2026-10-09T04:18:26Z
2024-07-03,SHS,12.68,14.46,12.68,14.3,11593598,KBS,2026-10-09T04:18:26Z
2024-07-04,SHS,14.22,14.71,14.14,14.38,8422474,KBS,2026-10-09T04:18:26Z
2024-07-05,SHS,14.38,14.46,14.14,14.3,6715827,KBS,2026-10-09T04:18:26Z
2024-07-08,SHS,14.38,14.46,14.14,14.14,8753767,KBS,2026-10-09T04:18:26Z
2024-07-09,SHS,14.14,14.46,14.06,14.38,10817509,KBS,2026-10-09T04:18:26Z
2024-07-10,SHS,13.41,14.46,13.24,14.22,6062043,KBS,2026-10-09T04:18:26Z
2024-07-11,SHS,12.84,14.46,12.84,14.3,7446943,KBS,2026-10-09T04:18:26Z
2024-07-12,SHS,14.38,14.46,14.14,14.22,3931265,KBS,2026-10-09T04:18:26Z
2024-07-15,SHS,14.06,14.38,14.06,14.22,4722380,KBS,2026-10-09T04:18:26Z
2024-07-16,SHS,13.24,14.38,12.84,14.14,7383534,KBS,2026-10-09T04:18:26Z
2024-07-17,SHS,14.22,14.38,13.65,13.9,11664026,KBS,2026-10-09T04:18:26Z
2024-07-18,SHS,13.9,14.06,13.65,13.98,6119164,KBS,2026-10-09T04:18:26Z
2024-07-19,SHS,12.6,14.22,12.6,14.06,13787005,KBS,2026-10-09T04:18:26Z
2024-07-22,SHS,14.14,14.54,14.06,14.46,19933975,KBS,2026-10-09T04:18:26Z
2024-07-23,SHS,14.46,14.46,13.9,13.9,7129678,KBS,2026-10-09T04:18:26Z
2024-07-24,SHS,13.73,13.9,13.49,13.81,11586513,KBS,2026-10-09T04:18:26Z
2024-07-25,SHS,12.92,13.73,12.92,13.49,8149365,KBS,2026-10-09T04:18:26Z
2024-07-26,SHS,13.49,13.73,13.49,13.65,4692326,KBS,2026-10-09T04:18:26Z
2024-07-29,SHS,13.65,13.9,13.57,13.57,3776688,KBS,2026-10-09T04:18:26Z
2024-07-30,SHS,13.33,13.65,12.6,13.33,7427057,KBS,2026-10-09T04:18:26Z
2024-07-31,SHS,13.33,13.57,13.16,13.16,6022964,KBS,2026-10-09T04:18:26Z
2024-08-01,SHS,13.16,13.33,12.11,12.27,27172434,KBS,2026-10-09T04:18:26Z
2024-08-02,SHS,11.94,12.84,11.38,12.51,11175734,KBS,2026-10-09T04:18:26Z
2024-08-05,SHS,12.51,12.51,11.46,11.46,14251853,KBS,2026-10-09T04:18:26Z
2024-08-06,SHS,11.46,12.03,11.21,11.86,11128710,KBS,2026-10-09T04:18:26Z
2024-08-07,SHS,11.86,12.03,11.7,11.86,6606592,KBS,2026-10-09T04:18:26Z
2024-08-08,SHS,10.81,12.27,10.81,11.86,9928723,KBS,2026-10-09T04:18:26Z
2024-08-09,SHS,11.86,12.51,11.86,12.43,13797224,KBS,2026-10-09T04:18:26Z
2024-08-12,SHS,11.46,12.68,11.46,12.68,5479036,KBS,2026-10-09T04:18:26Z
2024-08-13,SHS,12.35,12.76,12.19,12.51,6986563,KBS,2026-10-09T04:18:26Z
2024-08-14,SHS,11.7,12.92,11.7,12.6,10001878,KBS,2026-10-09T04:18:26Z
2024-08-15,SHS,12.6,12.68,12.35,12.35,4331890,KBS,2026-10-09T04:18:26Z
2024-08-16,SHS,12.35,13.24,12.35,13.16,18160423,KBS,2026-10-09T04:18:26Z
2024-08-19,SHS,13.16,13.33,12.27,12.92,9406811,KBS,2026-10-09T04:18:26Z
2024-08-20,SHS,12.92,13.24,12.76,13.08,9379449,KBS,2026-10-09T04:18:26Z
2024-08-21,SHS,13.16,13.41,13.0,13.41,9951200,KBS,2026-10-09T04:18:26Z
2024-08-22,SHS,12.11,13.57,12.11,13.57,11021875,KBS,2026-10-09T04:18:26Z
2024-08-23,SHS,14.87,14.87,13.41,13.65,10203040,KBS,2026-10-09T04:18:26Z
2024-08-26,SHS,13.81,13.98,13.49,13.57,11232078,KBS,2026-10-09T04:18:26Z
2024-08-27,SHS,12.27,13.65,12.27,13.33,5109883,KBS,2026-10-09T04:18:26Z
2024-08-28,SHS,13.41,13.41,13.08,13.33,10257143,KBS,2026-10-09T04:18:26Z
2024-08-29,SHS,12.03,13.41,12.03,13.33,3734608,KBS,2026-10-09T04:18:26Z
2024-08-30,SHS,13.24,13.41,13.08,13.33,9759992,KBS,2026-10-09T04:18:26Z
2024-09-04,SHS,13.16,13.24,13.0,13.0,8525803,KBS,2026-10-09T04:18:26Z
2024-09-05,SHS,13.0,13.24,12.84,13.0,5476356,KBS,2026-10-09T04:18:26Z
2024-09-06,SHS,12.84,13.0,12.27,12.68,9800768,KBS,2026-10-09T04:18:26Z
2024-09-09,SHS,12.68,12.84,12.03,12.35,24049782,KBS,2026-10-09T04:18:26Z
2024-09-10,SHS,11.13,12.51,11.13,12.03,12305385,KBS,2026-10-09T04:18:26Z
2024-09-11,SHS,12.11,12.19,11.86,12.03,5442923,KBS,2026-10-09T04:18:26Z
2024-09-12,SHS,11.78,12.27,10.97,11.94,5411625,KBS,2026-10-09T04:18:26Z
2024-09-13,SHS,11.86,12.27,11.38,12.03,7262571,KBS,2026-10-09T04:18:26Z
2024-09-16,SHS,11.13,12.19,11.13,11.86,4113961,KBS,2026-10-09T04:18:26Z
2024-09-17,SHS,10.97,12.27,10.97,12.19,6085933,KBS,2026-10-09T04:18:26Z
2024-09-18,SHS,12.11,12.68,12.11,12.43,11463230,KBS,2026-10-09T04:18:26Z
2024-09-19,SHS,11.21,12.6,11.21,12.43,6277709,KBS,2026-10-09T04:18:26Z
2024-09-20,SHS,12.51,12.76,12.35,12.43,7846870,KBS,2026-10-09T04:18:26Z
2024-09-23,SHS,12.35,12.51,12.11,12.27,5627904,KBS,2026-10-09T04:18:26Z
2024-09-24,SHS,12.35,12.43,12.19,12.43,5532363,KBS,2026-10-09T04:18:26Z
2024-09-25,SHS,11.21,12.84,11.21,12.68,12602650,KBS,2026-10-09T04:18:26Z
2024-09-26,SHS,11.7,12.92,11.7,12.76,8812115,KBS,2026-10-09T04:18:26Z
2024-09-27,SHS,12.76,12.92,12.6,12.68,7464201,KBS,2026-10-09T04:18:26Z
2024-09-30,SHS,12.68,12.92,12.6,12.68,8480190,KBS,2026-10-09T04:18:26Z
2024-10-01,SHS,12.68,13.49,12.68,13.16,22375568,KBS,2026-10-09T04:18:26Z
2024-10-02,SHS,13.16,13.33,13.0,13.16,9438502,KBS,2026-10-09T04:18:26Z
2024-10-03,SHS,13.16,13.33,12.84,12.92,15628097,KBS,2026-10-09T04:18:26Z
2024-10-04,SHS,12.92,13.0,12.84,12.84,5098924,KBS,2026-10-09T04:18:26Z
2024-10-07,SHS,12.84,13.0,12.6,12.76,11057622,KBS,2026-10-09T04:18:26Z
2024-10-08,SHS,12.68,12.92,12.51,12.51,11435527,KBS,2026-10-09T04:18:26Z
2024-10-09,SHS,12.43,12.84,12.43,12.76,8906974,KBS,2026-10-09T04:18:26Z
2024-10-10,SHS,12.76,12.92,12.6,12.6,4703365,KBS,2026-10-09T04:18:26Z
2024-10-11,SHS,12.6,12.68,12.51,12.6,4335039,KBS,2026-10-09T04:18:26Z
2024-10-14,SHS,12.6,12.92,12.6,12.76,6706236,KBS,2026-10-09T04:18:26Z
2024-10-15,SHS,12.76,12.92,12.51,12.51,8983446,KBS,2026-10-09T04:18:26Z
2024-10-16,SHS,12.51,12.6,12.27,12.35,6279973,KBS,2026-10-09T04:18:26Z
2024-10-17,SHS,12.43,12.51,12.11,12.51,8368499,KBS,2026-10-09T04:18:26Z
2024-10-18,SHS,11.3,12.68,11.3,12.43,3273947,KBS,2026-10-09T04:18:26Z
2024-10-21,SHS,12.19,12.43,11.54,12.11,10524599,KBS,2026-10-09T04:18:26Z
2024-10-22,SHS,12.11,12.19,11.78,11.86,12827095,KBS,2026-10-09T04:18:26Z
2024-10-23,SHS,11.7,11.94,11.62,11.78,9260677,KBS,2026-10-09T04:18:26Z
2024-10-24,SHS,11.7,11.86,11.46,11.46,9282463,KBS,2026-10-09T04:18:26Z
2024-10-25,SHS,11.46,11.62,11.38,11.54,5588764,KBS,2026-10-09T04:18:26Z
2024-10-28,SHS,11.05,11.62,11.05,11.38,12259022,KBS,2026-10-09T04:18:26Z
2024-10-29,SHS,11.38,11.62,11.21,11.54,4151973,KBS,2026-10-09T04:18:26Z
2024-10-30,SHS,11.46,11.62,11.3,11.46,5447446,KBS,2026-10-09T04:18:26Z
2024-10-31,SHS,11.54,11.7,10.56,11.54,5481127,KBS,2026-10-09T04:18:26Z
2024-11-01,SHS,11.46,11.62,11.38,11.38,4735307,KBS,2026-10-09T04:18:26Z
2024-11-04,SHS,11.38,11.54,11.21,11.38,6023042,KBS,2026-10-09T04:18:26Z
2024-11-05,SHS,11.38,11.54,11.38,11.38,2634571,KBS,2026-10-09T04:18:26Z
2024-11-06,SHS,10.56,11.62,10.56,11.54,5040337,KBS,2026-10-09T04:18:26Z
2024-11-07,SHS,11.62,11.78,11.54,11.54,4450958,KBS,2026-10-09T04:18:26Z
2024-11-08,SHS,11.54,11.7,11.46,11.46,4155673,KBS,2026-10-09T04:18:26Z
2024-11-11,SHS,11.46,11.54,11.21,11.38,6288932,KBS,2026-10-09T04:18:26Z
2024-11-12,SHS,11.38,11.54,11.38,11.38,4076978,KBS,2026-10-09T04:18:26Z
2024-11-13,SHS,11.21,11.38,11.21,11.3,4517088,KBS,2026-10-09T04:18:26Z
2024-11-14,SHS,11.21,11.38,10.97,11.05,6207130,KBS,2026-10-09T04:18:26Z
2024-11-15,SHS,11.05,11.13,10.64,10.73,9284727,KBS,2026-10-09T04:18:26Z
2024-11-18,SHS,9.91,10.97,9.91,10.73,8790635,KBS,2026-10-09T04:18:26Z
2024-11-19,SHS,10.64,10.89,10.48,10.48,5366907,KBS,2026-10-09T04:18:26Z
2024-11-20,SHS,9.75,10.97,9.75,10.64,7798372,KBS,2026-10-09T04:18:26Z
2024-11-21,SHS,10.64,10.89,10.64,10.73,2603942,KBS,2026-10-09T04:18:26Z
2024-11-22,SHS,10.64,10.81,10.56,10.56,4057974,KBS,2026-10-09T04:18:26Z
2024-11-25,SHS,10.48,10.64,10.48,10.64,3001199,KBS,2026-10-09T04:18:26Z
2024-11-26,SHS,10.56,11.05,10.48,10.89,7631736,KBS,2026-10-09T04:18:26Z
2024-11-27,SHS,9.83,10.97,9.83,10.89,3880227,KBS,2026-10-09T04:18:26Z
2024-11-28,SHS,9.83,10.97,9.83,10.73,3564112,KBS,2026-10-09T04:18:26Z
2024-11-29,SHS,10.73,10.81,10.64,10.73,3263016,KBS,2026-10-09T04:18:26Z
2024-12-02,SHS,10.73,10.97,10.73,10.73,2353717,KBS,2026-10-09T04:18:26Z
2024-12-03,SHS,10.73,10.81,10.64,10.64,3842821,KBS,2026-10-09T04:18:26Z
2024-12-04,SHS,10.56,10.64,10.4,10.48,6242540,KBS,2026-10-09T04:18:26Z
2024-12-05,SHS,10.4,11.38,10.32,11.3,17358352,KBS,2026-10-09T04:18:26Z
2024-12-06,SHS,11.38,11.46,11.05,11.05,8256269,KBS,2026-10-09T04:18:26Z
2024-12-09,SHS,10.97,11.3,10.89,11.05,5484760,KBS,2026-10-09T04:18:26Z
2024-12-10,SHS,10.97,11.21,10.89,10.97,4593050,KBS,2026-10-09T04:18:26Z
2024-12-11,SHS,11.05,11.13,10.81,10.97,8687158,KBS,2026-10-09T04:18:26Z
2024-12-12,SHS,10.56,11.05,10.56,10.89,5108514,KBS,2026-10-09T04:18:26Z
2024-12-13,SHS,10.89,10.89,10.73,10.73,3541441,KBS,2026-10-09T04:18:26Z
2024-12-16,SHS,10.73,10.89,10.73,10.81,3826978,KBS,2026-10-09T04:18:26Z
2024-12-17,SHS,10.81,10.89,10.73,10.81,2505294,KBS,2026-10-09T04:18:26Z
2024-12-18,SHS,10.56,10.89,10.56,10.81,5298772,KBS,2026-10-09T04:18:26Z
2024-12-19,SHS,10.81,10.81,10.48,10.64,7025717,KBS,2026-10-09T04:18:26Z
2024-12-20,SHS,10.56,10.73,10.48,10.56,4560162,KBS,2026-10-09T04:18:26Z
2024-12-23,SHS,10.56,10.73,10.48,10.56,3992304,KBS,2026-10-09T04:18:26Z
2024-12-24,SHS,9.75,10.64,9.75,10.48,3503486,KBS,2026-10-09T04:18:26Z
2024-12-25,SHS,9.75,10.89,9.75,10.64,8551815,KBS,2026-10-09T04:18:26Z
2024-12-26,SHS,10.64,10.81,10.56,10.56,1990955,KBS,2026-10-09T04:18:26Z
2024-12-27,SHS,10.48,10.73,10.48,10.56,4099049,KBS,2026-10-09T04:18:26Z
2024-12-30,SHS,10.4,10.64,10.4,10.56,4635312,KBS,2026-10-09T04:18:26Z
2024-12-31,SHS,10.48,10.56,10.4,10.4,4484129,KBS,2026-10-09T04:18:26Z
2025-01-02,SHS,9.67,10.56,9.67,10.4,3701067,KBS,2026-10-09T04:18:26Z
2025-01-03,SHS,10.32,10.48,9.67,10.16,5583633,KBS,2026-10-09T04:18:26Z
2025-01-06,SHS,10.16,10.24,9.91,9.91,6299758,KBS,2026-10-09T04:18:26Z
2025-01-07,SHS,9.83,10.08,8.94,9.75,4943671,KBS,2026-10-09T04:18:26Z
2025-01-08,SHS,9.75,9.83,9.18,9.75,4736814,KBS,2026-10-09T04:18:26Z
2025-01-09,SHS,8.78,9.83,8.78,9.59,3652061,KBS,2026-10-09T04:18:26Z
2025-01-10,SHS,9.43,9.67,8.78,9.26,7515865,KBS,2026-10-09T04:18:26Z
2025-01-13,SHS,8.61,9.43,8.37,9.26,7702756,KBS,2026-10-09T04:18:26Z
2025-01-14,SHS,9.18,9.35,8.86,9.1,4381745,KBS,2026-10-09T04:18:26Z
2025-01-15,SHS,8.21,9.51,8.21,9.43,8881350,KBS,2026-10-09T04:18:26Z
2025-01-16,SHS,8.78,9.99,8.78,9.67,9398989,KBS,2026-10-09T04:18:26Z
2025-01-17,SHS,9.59,9.91,9.59,9.91,4890344,KBS,2026-10-09T04:18:26Z
2025-01-20,SHS,9.18,10.08,9.18,9.75,6370137,KBS,2026-10-09T04:18:26Z
2025-01-21,SHS,9.67,10.32,9.18,10.08,15147082,KBS,2026-10-09T04:18:26Z
2025-01-22,SHS,10.08,10.24,10.08,10.08,8846609,KBS,2026-10-09T04:18:26Z
2025-01-23,SHS,10.08,10.48,9.99,10.4,10407000,KBS,2026-10-09T04:18:26Z
2025-01-24,SHS,9.43,10.48,9.43,10.4,5764540,KBS,2026-10-09T04:18:26Z
2025-02-03,SHS,10.24,10.64,10.24,10.48,14638670,KBS,2026-10-09T04:18:26Z
2025-02-04,SHS,9.91,11.3,9.51,11.21,25304055,KBS,2026-10-09T04:18:26Z
2025-02-05,SHS,10.64,11.3,10.24,11.13,6781706,KBS,2026-10-09T04:18:26Z
2025-02-06,SHS,10.08,11.38,10.08,11.13,10602630,KBS,2026-10-09T04:18:26Z
2025-02-07,SHS,11.13,11.21,10.89,11.05,13254976,KBS,2026-10-09T04:18:26Z
2025-02-10,SHS,10.97,11.13,10.81,10.89,12907207,KBS,2026-10-09T04:18:26Z
2025-02-11,SHS,10.81,11.05,10.64,10.97,7797751,KBS,2026-10-09T04:18:26Z
2025-02-12,SHS,9.91,11.21,9.91,10.97,6740441,KBS,2026-10-09T04:18:26Z
2025-02-13,SHS,10.4,11.05,10.32,10.97,4474482,KBS,2026-10-09T04:18:26Z
2025-02-14,SHS,10.97,11.3,10.97,11.13,16039761,KBS,2026-10-09T04:18:26Z
2025-02-17,SHS,11.05,11.62,11.05,11.38,16217927,KBS,2026-10-09T04:18:26Z
2025-02-18,SHS,11.3,11.62,11.13,11.54,14376506,KBS,2026-10-09T04:18:26Z
2025-02-19,SHS,11.46,11.78,11.46,11.62,8307659,KBS,2026-10-09T04:18:26Z
2025-02-20,SHS,11.54,11.78,11.54,11.7,7714176,KBS,2026-10-09T04:18:26Z
2025-02-21,SHS,11.62,11.7,11.46,11.54,8191228,KBS,2026-10-09T04:18:26Z
2025-02-24,SHS,10.4,11.78,10.4,11.78,9737371,KBS,2026-10-09T04:18:26Z
2025-02-25,SHS,10.73,12.03,10.73,11.7,12620895,KBS,2026-10-09T04:18:26Z
2025-02-26,SHS,11.62,11.86,11.54,11.62,11240493,KBS,2026-10-09T04:18:26Z
2025-02-27,SHS,11.7,11.78,11.38,11.62,11784197,KBS,2026-10-09T04:18:26Z
2025-02-28,SHS,11.7,11.86,11.54,11.62,8858028,KBS,2026-10-09T04:18:26Z
2025-03-03,SHS,11.54,11.62,11.05,11.3,28903276,KBS,2026-10-09T04:18:26Z
2025-03-04,SHS,11.13,11.38,10.97,11.21,7515823,KBS,2026-10-09T04:18:26Z
2025-03-05,SHS,11.13,11.46,11.13,11.13,7713921,KBS,2026-10-09T04:18:26Z
2025-03-06,SHS,11.13,11.62,11.13,11.62,18267608,KBS,2026-10-09T04:18:26Z
2025-03-07,SHS,11.62,11.7,11.54,11.7,13382116,KBS,2026-10-09T04:18:26Z
2025-03-10,SHS,11.7,11.94,11.62,11.78,11659960,KBS,2026-10-09T04:18:26Z
2025-03-11,SHS,11.46,11.86,11.46,11.86,10141323,KBS,2026-10-09T04:18:26Z
2025-03-12,SHS,11.86,12.35,11.78,12.19,22982167,KBS,2026-10-09T04:18:26Z
2025-03-13,SHS,10.97,12.27,10.97,11.94,12730329,KBS,2026-10-09T04:18:26Z
2025-03-14,SHS,11.62,12.43,10.97,12.11,16543031,KBS,2026-10-09T04:18:26Z
2025-03-17,SHS,12.03,12.51,11.94,12.19,9882512,KBS,2026-10-09T04:18:26Z
2025-03-18,SHS,12.27,12.35,12.03,12.11,9617191,KBS,2026-10-09T04:18:26Z
2025-03-19,SHS,11.94,12.11,11.86,11.94,8269741,KBS,2026-10-09T04:18:26Z
2025-03-20,SHS,11.94,12.35,11.94,12.11,16352853,KBS,2026-10-09T04:18:26Z
2025-03-21,SHS,10.97,12.19,10.97,11.94,7188996,KBS,2026-10-09T04:18:26Z
2025-03-24,SHS,12.03,12.27,11.86,12.27,11712245,KBS,2026-10-09T04:18:26Z
2025-03-25,SHS,11.05,12.43,11.05,12.19,10391465,KBS,2026-10-09T04:18:26Z
2025-03-26,SHS,12.27,12.27,11.86,11.86,13006506,KBS,2026-10-09T04:18:26Z
2025-03-27,SHS,11.62,12.03,11.62,11.94,7247379,KBS,2026-10-09T04:18:26Z
2025-03-28,SHS,11.94,12.03,11.78,11.94,8044708,KBS,2026-10-09T04:18:26Z
2025-03-31,SHS,11.86,11.94,11.7,11.7,10172887,KBS,2026-10-09T04:18:26Z
2025-04-01,SHS,11.7,12.11,11.7,12.11,11534743,KBS,2026-10-09T04:18:26Z
2025-04-02,SHS,12.11,12.27,12.03,12.11,12082852,KBS,2026-10-09T04:18:26Z
2025-04-03,SHS,11.62,11.94,10.97,10.97,30358160,KBS,2026-10-09T04:18:26Z
2025-04-04,SHS,10.64,10.89,10.08,10.81,25269993,KBS,2026-10-09T04:18:26Z
2025-04-08,SHS,10.56,10.81,9.75,9.75,17486830,KBS,2026-10-09T04:18:26Z
2025-04-09,SHS,8.78,10.16,8.78,9.51,28649985,KBS,2026-10-09T04:18:26Z
2025-04-10,SHS,10.24,10.4,10.24,10.4,1946740,KBS,2026-10-09T04:18:26Z
2025-04-11,SHS,11.38,11.38,10.64,11.13,23896542,KBS,2026-10-09T04:18:26Z
2025-04-14,SHS,11.21,11.7,10.97,11.46,19493699,KBS,2026-10-09T04:18:26Z
2025-04-15,SHS,10.89,11.62,10.89,11.3,14808584,KBS,2026-10-09T04:18:26Z
2025-04-16,SHS,10.73,11.54,10.73,11.38,9501291,KBS,2026-10-09T04:18:26Z
2025-04-17,SHS,11.38,11.46,11.21,11.46,8936827,KBS,2026-10-09T04:18:26Z
2025-04-18,SHS,11.46,12.27,11.38,11.94,29717823,KBS,2026-10-09T04:18:26Z
2025-04-21,SHS,10.89,12.11,10.89,11.78,16753563,KBS,2026-10-09T04:18:26Z
2025-04-22,SHS,11.13,11.86,10.64,11.54,32994002,KBS,2026-10-09T04:18:26Z
2025-04-23,SHS,11.38,12.03,11.38,11.62,13566343,KBS,2026-10-09T04:18:26Z
2025-04-24,SHS,12.68,12.77,11.72,11.81,18106694,KBS,2026-10-09T04:18:26Z
2025-04-25,SHS,11.91,12.0,11.62,11.81,10311617,KBS,2026-10-09T04:18:26Z
2025-04-28,SHS,11.81,12.0,11.72,11.81,10012603,KBS,2026-10-09T04:18:26Z
2025-04-29,SHS,11.81,11.91,11.72,11.81,5793415,KBS,2026-10-09T04:18:26Z
2025-05-05,SHS,11.91,12.1,11.62,11.81,9192500,KBS,2026-10-09T04:18:26Z
2025-05-06,SHS,11.72,12.2,11.72,11.91,16843500,KBS,2026-10-09T04:18:26Z
2025-05-07,SHS,11.91,12.0,11.72,11.81,7216900,KBS,2026-10-09T04:18:26Z
2025-05-08,SHS,11.91,12.1,11.81,12.0,15357300,KBS,2026-10-09T04:18:26Z
2025-05-09,SHS,12.0,12.1,11.81,11.81,7300500,KBS,2026-10-09T04:18:26Z
2025-05-12,SHS,11.81,12.0,11.72,11.91,11722300,KBS,2026-10-09T04:18:26Z
2025-05-13,SHS,11.91,12.29,11.91,12.0,17202700,KBS,2026-10-09T04:18:26Z
2025-05-14,SHS,12.0,12.48,12.0,12.29,27600600,KBS,2026-10-09T04:18:26Z
2025-05-15,SHS,12.29,12.77,12.29,12.58,20882200,KBS,2026-10-09T04:18:26Z
2025-05-16,SHS,12.58,12.87,12.29,12.29,15066100,KBS,2026-10-09T04:18:26Z
2025-05-19,SHS,12.48,12.48,12.1,12.2,11665700,KBS,2026-10-09T04:18:26Z
2025-05-20,SHS,12.2,12.48,12.1,12.39,10787500,KBS,2026-10-09T04:18:26Z
2025-05-21,SHS,12.39,12.58,12.2,12.39,15204900,KBS,2026-10-09T04:18:26Z
2025-05-22,SHS,12.39,13.06,12.29,12.48,32160800,KBS,2026-10-09T04:18:26Z
2025-05-23,SHS,12.48,12.77,12.39,12.58,11093600,KBS,2026-10-09T04:18:26Z
2025-05-26,SHS,12.58,12.77,12.39,12.77,14933800,KBS,2026-10-09T04:18:26Z
2025-05-27,SHS,12.87,13.16,12.77,12.87,21260700,KBS,2026-10-09T04:18:26Z
2025-05-28,SHS,12.96,13.25,12.77,12.87,14306600,KBS,2026-10-09T04:18:26Z
2025-05-29,SHS,12.96,13.06,12.68,12.77,11611100,KBS,2026-10-09T04:18:26Z
2025-05-30,SHS,12.87,13.06,12.58,12.58,16895900,KBS,2026-10-09T04:18:26Z
2025-06-02,SHS,12.48,12.87,12.48,12.87,13358600,KBS,2026-10-09T04:18:26Z
2025-06-03,SHS,12.87,13.73,12.87,13.25,42722800,KBS,2026-10-09T04:18:26Z
2025-06-04,SHS,13.35,13.54,13.06,13.25,14806900,KBS,2026-10-09T04:18:26Z
2025-06-05,SHS,13.25,13.35,12.87,12.96,19806800,KBS,2026-10-09T04:18:26Z
2025-06-06,SHS,12.96,13.06,12.77,12.96,13072000,KBS,2026-10-09T04:18:26Z
2025-06-09,SHS,12.96,13.06,12.68,12.77,13068800,KBS,2026-10-09T04:18:26Z
2025-06-10,SHS,12.77,12.96,12.58,12.68,12564200,KBS,2026-10-09T04:18:26Z
2025-06-11,SHS,11.72,12.77,11.72,12.58,9585200,KBS,2026-10-09T04:18:26Z
2025-06-12,SHS,12.96,13.44,12.58,12.77,9299400,KBS,2026-10-09T04:18:26Z
2025-06-13,SHS,12.77,12.77,12.1,12.29,36069800,KBS,2026-10-09T04:18:26Z
2025-06-16,SHS,12.29,12.68,12.2,12.58,10862600,KBS,2026-10-09T04:18:26Z
2025-06-17,SHS,12.58,12.68,12.39,12.48,10232500,KBS,2026-10-09T04:18:26Z
2025-06-18,SHS,12.39,12.58,12.39,12.48,9551400,KBS,2026-10-09T04:18:26Z
2025-06-19,SHS,12.48,12.58,11.81,12.29,8369700,KBS,2026-10-09T04:18:26Z
2025-06-20,SHS,12.39,12.58,12.29,12.39,8181600,KBS,2026-10-09T04:18:26Z
2025-06-23,SHS,12.29,12.39,12.2,12.2,8443400,KBS,2026-10-09T04:18:26Z
2025-06-24,SHS,12.39,12.68,12.1,12.48,17362700,KBS,2026-10-09T04:18:26Z
2025-06-25,SHS,12.48,12.58,12.39,12.39,8931800,KBS,2026-10-09T04:18:26Z
2025-06-26,SHS,12.2,12.48,12.1,12.39,14499600,KBS,2026-10-09T04:18:26Z
2025-06-27,SHS,11.81,12.48,11.81,12.39,9724000,KBS,2026-10-09T04:18:26Z
2025-06-30,SHS,12.48,12.68,12.39,12.39,9933700,KBS,2026-10-09T04:18:26Z
2025-07-01,SHS,11.43,12.48,11.43,12.29,7136200,KBS,2026-10-09T04:18:26Z
2025-07-02,SHS,11.14,13.06,11.14,12.87,30898500,KBS,2026-10-09T04:18:26Z
2025-07-03,SHS,12.87,13.25,12.68,12.87,37177900,KBS,2026-10-09T04:18:26Z
2025-07-04,SHS,12.96,13.16,12.77,12.96,17149600,KBS,2026-10-09T04:18:26Z
2025-07-07,SHS,12.96,13.73,12.96,13.54,39281900,KBS,2026-10-09T04:18:26Z
2025-07-08,SHS,13.54,13.83,13.44,13.64,25748700,KBS,2026-10-09T04:18:26Z
2025-07-09,SHS,13.54,14.31,13.54,13.83,47776200,KBS,2026-10-09T04:18:26Z
2025-07-10,SHS,13.92,14.02,13.64,13.83,18629600,KBS,2026-10-09T04:18:26Z
2025-07-11,SHS,13.83,14.31,13.64,14.02,40197500,KBS,2026-10-09T04:18:26Z
2025-07-14,SHS,14.12,14.6,13.83,14.12,31850700,KBS,2026-10-09T04:18:26Z
2025-07-15,SHS,14.21,15.08,14.21,14.4,50635000,KBS,2026-10-09T04:18:26Z
2025-07-16,SHS,14.5,15.56,14.4,15.56,59298600,KBS,2026-10-09T04:18:26Z
2025-07-17,SHS,15.56,16.52,15.56,15.84,48655800,KBS,2026-10-09T04:18:26Z
2025-07-18,SHS,15.84,16.81,15.75,16.13,39058100,KBS,2026-10-09T04:18:26Z
2025-07-21,SHS,16.13,16.32,15.46,15.75,46604000,KBS,2026-10-09T04:18:26Z
2025-07-22,SHS,15.75,16.81,15.46,16.71,48627700,KBS,2026-10-09T04:18:26Z
2025-07-23,SHS,16.81,17.77,16.71,17.09,41389100,KBS,2026-10-09T04:18:26Z
2025-07-24,SHS,17.09,17.38,16.71,17.09,33213400,KBS,2026-10-09T04:18:26Z
2025-07-25,SHS,17.09,18.15,17.0,17.86,45729700,KBS,2026-10-09T04:18:26Z
2025-07-28,SHS,17.96,19.59,17.96,19.59,43611100,KBS,2026-10-09T04:18:26Z
2025-07-29,SHS,19.59,21.22,19.01,19.01,91757500,KBS,2026-10-09T04:18:26Z
2025-07-30,SHS,18.92,20.84,18.82,20.84,60012700,KBS,2026-10-09T04:18:26Z
2025-07-31,SHS,21.03,22.86,20.84,22.09,51747400,KBS,2026-10-09T04:18:26Z
2025-08-01,SHS,22.09,22.38,20.17,20.65,71746800,KBS,2026-10-09T04:18:26Z
2025-08-04,SHS,20.65,22.66,19.69,22.66,58496800,KBS,2026-10-09T04:18:26Z
2025-08-05,SHS,22.66,24.2,20.55,22.28,80318600,KBS,2026-10-09T04:18:26Z
2025-08-06,SHS,22.38,23.43,22.09,23.24,44736600,KBS,2026-10-09T04:18:26Z
2025-08-07,SHS,24.01,24.01,22.57,23.14,30051100,KBS,2026-10-09T04:18:26Z
2025-08-08,SHS,23.14,23.34,22.09,22.47,52210400,KBS,2026-10-09T04:18:26Z
2025-08-11,SHS,22.47,23.53,22.09,23.43,47430700,KBS,2026-10-09T04:18:26Z
2025-08-12,SHS,23.05,23.72,22.66,22.95,20558900,KBS,2026-10-09T04:18:26Z
2025-08-13,SHS,23.05,24.2,22.86,23.91,60722300,KBS,2026-10-09T04:18:26Z
2025-08-14,SHS,24.01,25.64,23.82,24.58,34428600,KBS,2026-10-09T04:18:26Z
2025-08-15,SHS,24.68,25.26,23.72,24.3,43536500,KBS,2026-10-09T04:18:26Z
2025-08-18,SHS,24.49,24.78,23.62,24.3,34903900,KBS,2026-10-09T04:18:26Z
2025-08-19,SHS,24.39,26.02,24.01,24.97,44978200,KBS,2026-10-09T04:18:26Z
2025-08-20,SHS,24.97,25.93,22.57,25.54,61348000,KBS,2026-10-09T04:18:26Z
2025-08-21,SHS,25.26,26.22,24.87,25.54,32501600,KBS,2026-10-09T04:18:26Z
2025-08-22,SHS,25.54,25.54,23.53,24.1,46412100,KBS,2026-10-09T04:18:26Z
2025-08-25,SHS,24.1,24.78,22.09,23.05,35734700,KBS,2026-10-09T04:18:26Z
2025-08-26,SHS,22.66,25.35,21.32,25.26,35521400,KBS,2026-10-09T04:18:26Z
2025-08-27,SHS,25.26,26.41,25.26,25.35,39019500,KBS,2026-10-09T04:18:26Z
2025-08-28,SHS,25.45,26.31,24.78,26.22,36086300,KBS,2026-10-09T04:18:26Z
2025-08-29,SHS,26.22,28.33,26.22,28.04,44137500,KBS,2026-10-09T04:18:26Z
2025-09-03,SHS,28.52,28.81,26.89,27.46,35051100,KBS,2026-10-09T04:18:26Z
2025-09-04,SHS,27.46,28.23,27.37,27.94,20442600,KBS,2026-10-09T04:18:26Z
2025-09-05,SHS,28.04,28.52,25.93,25.93,33622800,KBS,2026-10-09T04:18:26Z
2025-09-08,SHS,25.93,26.41,24.1,24.3,57663000,KBS,2026-10-09T04:18:26Z
2025-09-09,SHS,24.1,25.74,23.82,25.74,27910600,KBS,2026-10-09T04:18:26Z
2025-09-10,SHS,26.02,26.31,25.16,25.54,19057100,KBS,2026-10-09T04:18:26Z
2025-09-11,SHS,25.54,25.74,23.62,24.97,37440300,KBS,2026-10-09T04:18:26Z
2025-09-12,SHS,24.97,25.45,24.87,24.97,13493500,KBS,2026-10-09T04:18:26Z
2025-09-15,SHS,24.97,25.93,24.78,25.54,19407200,KBS,2026-10-09T04:18:26Z
2025-09-16,SHS,25.74,26.31,25.26,25.35,25734500,KBS,2026-10-09T04:18:26Z
2025-09-17,SHS,25.35,25.45,24.58,24.58,16791400,KBS,2026-10-09T04:18:26Z
2025-09-18,SHS,24.39,24.87,24.01,24.3,18162900,KBS,2026-10-09T04:18:26Z
2025-09-19,SHS,24.3,24.68,24.1,24.1,15065200,KBS,2026-10-09T04:18:26Z
2025-09-22,SHS,24.1,24.39,23.05,23.24,24518100,KBS,2026-10-09T04:18:26Z
2025-09-23,SHS,23.53,24.01,23.24,23.53,10938700,KBS,2026-10-09T04:18:26Z
2025-09-24,SHS,23.72,24.87,23.14,24.87,17764600,KBS,2026-10-09T04:18:26Z
2025-09-25,SHS,24.87,25.26,24.39,24.49,19046000,KBS,2026-10-09T04:18:26Z
2025-09-26,SHS,24.49,24.68,23.53,23.72,22066700,KBS,2026-10-09T04:18:26Z
2025-09-29,SHS,24.2,25.45,23.62,24.3,16792900,KBS,2026-10-09T04:18:26Z
2025-09-30,SHS,24.39,24.87,23.62,24.68,20548700,KBS,2026-10-09T04:18:26Z
2025-10-01,SHS,24.58,25.54,24.58,24.78,21434000,KBS,2026-10-09T04:18:26Z
2025-10-02,SHS,25.06,25.16,24.01,24.01,17179900,KBS,2026-10-09T04:18:26Z
2025-10-03,SHS,24.1,24.1,23.34,23.34,17500700,KBS,2026-10-09T04:18:26Z
2025-10-06,SHS,23.34,25.64,23.34,25.64,33015700,KBS,2026-10-09T04:18:26Z
2025-10-07,SHS,25.93,26.31,25.16,25.26,23687900,KBS,2026-10-09T04:18:26Z
2025-10-08,SHS,25.93,27.08,25.06,25.54,37991400,KBS,2026-10-09T04:18:26Z
2025-10-09,SHS,25.54,26.12,25.45,25.64,16476200,KBS,2026-10-09T04:18:26Z
2025-10-10,SHS,25.74,26.02,25.26,25.45,21471300,KBS,2026-10-09T04:18:26Z
2025-10-13,SHS,25.45,25.74,24.68,25.74,27743300,KBS,2026-10-09T04:18:26Z
2025-10-14,SHS,26.02,26.98,25.74,25.83,46769300,KBS,2026-10-09T04:18:26Z
2025-10-15,SHS,25.83,26.31,25.64,25.93,22879400,KBS,2026-10-09T04:18:26Z
2025-10-16,SHS,26.02,26.7,25.93,26.22,25918800,KBS,2026-10-09T04:18:26Z
2025-10-17,SHS,26.22,27.08,26.02,26.31,31139000,KBS,2026-10-09T04:18:26Z
2025-10-20,SHS,26.5,26.89,23.72,23.72,49358400,KBS,2026-10-09T04:18:26Z
2025-10-21,SHS,23.72,24.58,22.66,23.82,34701100,KBS,2026-10-09T04:18:26Z
2025-10-22,SHS,24.01,24.39,22.66,23.91,27540900,KBS,2026-10-09T04:18:26Z
2025-10-23,SHS,24.01,24.2,23.05,23.05,17022500,KBS,2026-10-09T04:18:26Z
2025-10-24,SHS,23.05,23.05,21.8,22.18,34391300,KBS,2026-10-09T04:18:26Z
2025-10-27,SHS,22.28,23.24,21.9,22.09,25077500,KBS,2026-10-09T04:18:26Z
2025-10-28,SHS,22.09,22.95,21.9,22.95,16347100,KBS,2026-10-09T04:18:26Z
2025-10-29,SHS,23.05,23.53,22.86,23.05,12267800,KBS,2026-10-09T04:18:26Z
2025-10-30,SHS,22.95,23.14,21.9,22.18,20367600,KBS,2026-10-09T04:18:26Z
2025-10-31,SHS,22.18,22.47,21.99,22.09,15495600,KBS,2026-10-09T04:18:26Z
2025-11-03,SHS,22.09,22.28,19.98,19.98,42867600,KBS,2026-10-09T04:18:26Z
2025-11-04,SHS,19.88,21.9,19.4,21.9,35928800,KBS,2026-10-09T04:18:26Z
2025-11-05,SHS,22.09,22.28,21.61,21.7,19017700,KBS,2026-10-09T04:18:26Z
2025-11-06,SHS,21.61,22.18,21.13,21.7,19963500,KBS,2026-10-09T04:18:26Z
2025-11-07,SHS,21.61,21.9,20.45,20.55,22396400,KBS,2026-10-09T04:18:26Z
2025-11-10,SHS,20.55,21.42,18.92,20.55,24707100,KBS,2026-10-09T04:18:26Z
2025-11-11,SHS,20.74,21.51,20.55,21.32,14402700,KBS,2026-10-09T04:18:26Z
2025-11-12,SHS,21.42,21.99,21.42,21.8,15153400,KBS,2026-10-09T04:18:26Z
2025-11-13,SHS,21.8,22.09,21.13,21.51,12635600,KBS,2026-10-09T04:18:26Z
2025-11-14,SHS,21.42,21.99,21.22,21.7,11981300,KBS,2026-10-09T04:18:26Z
2025-11-17,SHS,21.7,22.18,21.51,21.99,14237600,KBS,2026-10-09T04:18:26Z
2025-11-18,SHS,22.09,22.57,21.9,21.99,13873200,KBS,2026-10-09T04:18:26Z
2025-11-19,SHS,21.99,22.09,21.03,21.32,16579500,KBS,2026-10-09T04:18:26Z
2025-11-20,SHS,21.13,21.51,20.84,21.13,10692400,KBS,2026-10-09T04:18:26Z
2025-11-21,SHS,20.94,21.13,20.55,20.74,12814100,KBS,2026-10-09T04:18:26Z
2025-11-24,SHS,20.74,21.22,20.65,20.65,7279100,KBS,2026-10-09T04:18:26Z
2025-11-25,SHS,18.82,20.74,18.82,19.78,19483700,KBS,2026-10-09T04:18:26Z
2025-11-26,SHS,20.17,21.22,19.88,20.84,17340500,KBS,2026-10-09T04:18:26Z
2025-11-27,SHS,20.94,21.13,20.55,20.55,9490400,KBS,2026-10-09T04:18:26Z
2025-11-28,SHS,20.74,20.74,19.98,20.17,11487500,KBS,2026-10-09T04:18:26Z
2025-12-01,SHS,20.17,20.45,19.69,19.69,15659400,KBS,2026-10-09T04:18:26Z
2025-12-02,SHS,19.98,20.45,19.59,20.45,15950400,KBS,2026-10-09T04:18:26Z
2025-12-03,SHS,20.45,20.74,20.26,20.55,16171000,KBS,2026-10-09T04:18:26Z
2025-12-04,SHS,20.74,21.32,20.36,21.13,23061300,KBS,2026-10-09T04:18:26Z
2025-12-05,SHS,20.74,21.32,19.11,20.74,15596900,KBS,2026-10-09T04:18:26Z
2025-12-08,SHS,20.74,20.84,20.17,20.17,14511800,KBS,2026-10-09T04:18:26Z
2025-12-09,SHS,20.26,20.74,19.69,20.36,23894700,KBS,2026-10-09T04:18:26Z
2025-12-10,SHS,20.36,20.84,20.07,20.45,8461600,KBS,2026-10-09T04:18:26Z
2025-12-11,SHS,20.45,20.84,20.17,20.36,11720100,KBS,2026-10-09T04:18:26Z
2025-12-12,SHS,20.45,20.65,19.4,19.49,22414100,KBS,2026-10-09T04:18:26Z
2025-12-15,SHS,18.73,19.98,17.86,19.49,17923700,KBS,2026-10-09T04:18:26Z
2025-12-16,SHS,19.49,21.03,19.21,20.55,21259100,KBS,2026-10-09T04:18:26Z
2025-12-17,SHS,20.55,20.74,19.69,20.17,7533800,KBS,2026-10-09T04:18:26Z
2025-12-18,SHS,20.17,20.45,19.69,20.17,9420900,KBS,2026-10-09T04:18:26Z
2025-12-19,SHS,20.17,20.55,19.98,20.45,12815300,KBS,2026-10-09T04:18:26Z
2025-12-22,SHS,20.36,21.32,20.36,21.03,17527600,KBS,2026-10-09T04:18:26Z
2025-12-23,SHS,21.03,21.42,20.36,20.55,13919500,KBS,2026-10-09T04:18:26Z
2025-12-24,SHS,20.55,21.13,20.36,20.84,12521200,KBS,2026-10-09T04:18:26Z
2025-12-25,SHS,20.84,21.32,20.36,20.45,18872000,KBS,2026-10-09T04:18:26Z
2025-12-26,SHS,20.36,20.65,19.69,20.26,23718800,KBS,2026-10-09T04:18:26Z
2025-12-29,SHS,20.26,20.36,19.88,19.98,9517300,KBS,2026-10-09T04:18:26Z
2025-12-30,SHS,19.98,21.03,19.88,20.07,7398800,KBS,2026-10-09T04:18:26Z
2025-12-31,SHS,20.07,20.26,19.78,19.78,8020700,KBS,2026-10-09T04:18:26Z
2026-01-05,SHS,19.88,19.88,18.25,18.63,23244600,KBS,2026-10-09T04:18:26Z
2026-01-06,SHS,18.63,18.92,17.67,18.05,25776000,KBS,2026-10-09T04:18:26Z
2026-01-07,SHS,17.67,18.82,17.67,18.63,11956700,KBS,2026-10-09T04:18:26Z
2026-01-08,SHS,18.63,19.3,18.44,18.92,26794100,KBS,2026-10-09T04:18:26Z
2026-01-09,SHS,18.92,19.11,17.96,18.05,18677300,KBS,2026-10-09T04:18:26Z
2026-01-12,SHS,18.05,19.78,18.05,19.78,27350700,KBS,2026-10-09T04:18:26Z
2026-01-13,SHS,19.98,21.13,19.98,19.98,28713800,KBS,2026-10-09T04:18:26Z
2026-01-14,SHS,20.07,20.45,19.3,19.98,22393000,KBS,2026-10-09T04:18:26Z
2026-01-15,SHS,20.07,20.26,19.49,19.69,17772200,KBS,2026-10-09T04:18:26Z
2026-01-16,SHS,19.69,19.98,19.11,19.4,18108300,KBS,2026-10-09T04:18:26Z
2026-01-19,SHS,19.4,19.88,19.21,19.4,11095900,KBS,2026-10-09T04:18:26Z
2026-01-20,SHS,19.21,19.69,19.01,19.01,14611300,KBS,2026-10-09T04:18:26Z
2026-01-21,SHS,19.11,19.11,18.05,18.34,23090700,KBS,2026-10-09T04:18:26Z
2026-01-22,SHS,18.44,19.01,18.34,18.63,13907700,KBS,2026-10-09T04:18:26Z
2026-01-23,SHS,18.63,19.21,18.63,18.73,16102500,KBS,2026-10-09T04:18:26Z
2026-01-26,SHS,18.73,19.01,17.86,18.25,21003400,KBS,2026-10-09T04:18:26Z
2026-01-27,SHS,17.86,18.44,16.61,18.25,7523700,KBS,2026-10-09T04:18:26Z
2026-01-28,SHS,18.25,18.44,17.86,17.96,11283600,KBS,2026-10-09T04:18:26Z
2026-01-29,SHS,17.96,18.34,17.77,17.86,16603000,KBS,2026-10-09T04:18:26Z
2026-01-30,SHS,17.77,18.25,17.77,17.96,14024700,KBS,2026-10-09T04:18:26Z
2026-02-02,SHS,16.81,18.25,16.42,18.05,15568800,KBS,2026-10-09T04:18:26Z
2026-02-03,SHS,18.15,18.34,17.96,17.96,15816800,KBS,2026-10-09T04:18:26Z
2026-02-04,SHS,18.15,18.73,18.05,18.15,15457100,KBS,2026-10-09T04:18:26Z
2026-02-05,SHS,18.44,18.53,17.86,18.05,7716200,KBS,2026-10-09T04:18:26Z
2026-02-06,SHS,17.96,18.05,17.19,17.19,18724800,KBS,2026-10-09T04:18:26Z
2026-02-09,SHS,17.67,17.67,17.0,17.0,8063300,KBS,2026-10-09T04:18:26Z
2026-02-10,SHS,17.09,17.29,16.61,16.9,6859000,KBS,2026-10-09T04:18:26Z
2026-02-11,SHS,16.9,17.67,16.81,17.57,7871600,KBS,2026-10-09T04:18:26Z
2026-02-12,SHS,17.67,17.77,17.38,17.57,4544900,KBS,2026-10-09T04:18:26Z
2026-02-13,SHS,17.57,17.86,17.38,17.77,8232500,KBS,2026-10-09T04:18:26Z
2026-02-23,SHS,17.96,18.05,17.67,18.05,7336400,KBS,2026-10-09T04:18:26Z
2026-02-24,SHS,17.96,18.73,17.86,18.34,22118000,KBS,2026-10-09T04:18:26Z
2026-02-25,SHS,18.34,18.53,18.05,18.05,12351900,KBS,2026-10-09T04:18:26Z
2026-02-26,SHS,18.15,18.34,17.96,18.25,7064800,KBS,2026-10-09T04:18:26Z
2026-02-27,SHS,18.25,18.53,18.05,18.15,13602600,KBS,2026-10-09T04:18:26Z
2026-03-02,SHS,18.15,18.15,16.81,17.38,19607000,KBS,2026-10-09T04:18:26Z
2026-03-03,SHS,17.38,18.34,17.29,17.57,13292600,KBS,2026-10-09T04:18:26Z
2026-03-04,SHS,17.48,18.05,17.0,18.05,23964400,KBS,2026-10-09T04:18:26Z
2026-03-05,SHS,18.05,19.78,18.05,18.92,46292500,KBS,2026-10-09T04:18:26Z
2026-03-06,SHS,18.92,19.01,17.57,17.67,28098300,KBS,2026-10-09T04:18:26Z
2026-03-09,SHS,17.29,17.29,15.94,15.94,22527100,KBS,2026-10-09T04:18:26Z
2026-03-10,SHS,15.84,17.38,15.46,15.94,34412900,KBS,2026-10-09T04:18:26Z
2026-03-11,SHS,16.04,17.0,15.56,16.71,14671300,KBS,2026-10-09T04:18:26Z
2026-03-12,SHS,17.29,17.38,16.04,16.04,15539400,KBS,2026-10-09T04:18:26Z
2026-03-13,SHS,16.04,16.32,15.65,15.75,15754300,KBS,2026-10-09T04:18:26Z
2026-03-16,SHS,15.75,16.23,15.56,15.75,14192600,KBS,2026-10-09T04:18:26Z
2026-03-17,SHS,15.84,16.52,15.84,15.94,14525300,KBS,2026-10-09T04:18:26Z
2026-03-18,SHS,16.04,16.23,15.36,15.56,13893700,KBS,2026-10-09T04:18:26Z
2026-03-19,SHS,15.27,15.56,14.79,15.08,21030900,KBS,2026-10-09T04:18:26Z
2026-03-20,SHS,14.4,15.65,13.92,15.36,17057000,KBS,2026-10-09T04:18:26Z
2026-03-23,SHS,15.36,15.36,14.21,14.21,18999700,KBS,2026-10-09T04:18:26Z
2026-03-24,SHS,14.98,15.17,14.6,14.79,9864700,KBS,2026-10-09T04:18:26Z
2026-03-25,SHS,14.79,15.65,14.79,15.36,17691500,KBS,2026-10-09T04:18:26Z
2026-03-26,SHS,15.36,15.56,14.02,15.27,13001400,KBS,2026-10-09T04:18:26Z
2026-03-27,SHS,15.27,16.42,15.17,16.42,27286600,KBS,2026-10-09T04:18:26Z
2026-03-30,SHS,15.84,16.23,15.17,16.04,11768500,KBS,2026-10-09T04:18:26Z
2026-03-31,SHS,15.94,16.52,15.94,16.04,16486800,KBS,2026-10-09T04:18:26Z
2026-04-01,SHS,16.42,17.09,16.32,16.81,23775000,KBS,2026-10-09T04:18:26Z
2026-04-02,SHS,16.81,17.0,16.13,16.42,15791300,KBS,2026-10-09T04:18:26Z
2026-04-03,SHS,16.32,16.71,16.23,16.23,8204800,KBS,2026-10-09T04:18:26Z
2026-04-06,SHS,16.23,16.42,15.84,15.84,9889900,KBS,2026-10-09T04:18:26Z
2026-04-07,SHS,15.84,16.52,15.75,16.52,11287900,KBS,2026-10-09T04:18:26Z
2026-04-08,SHS,17.09,18.05,17.09,17.86,32378300,KBS,2026-10-09T04:18:26Z
2026-04-09,SHS,17.86,17.96,17.29,17.29,22323000,KBS,2026-10-09T04:18:26Z
2026-04-10,SHS,17.77,17.86,17.09,17.19,29125700,KBS,2026-10-09T04:18:26Z
2026-04-13,SHS,17.19,17.48,16.81,17.19,24550600,KBS,2026-10-09T04:18:26Z
2026-04-14,SHS,17.19,17.67,17.19,17.38,12452300,KBS,2026-10-09T04:18:26Z
2026-04-15,SHS,17.38,17.96,17.38,17.48,24890100,KBS,2026-10-09T04:18:26Z
2026-04-16,SHS,17.57,17.96,17.29,17.67,19021400,KBS,2026-10-09T04:18:26Z
2026-04-17,SHS,17.86,18.15,17.38,17.38,12131200,KBS,2026-10-09T04:18:26Z
2026-04-20,SHS,16.42,17.57,16.42,17.38,8811200,KBS,2026-10-09T04:18:26Z
2026-04-21,SHS,17.29,17.48,16.71,16.71,21479000,KBS,2026-10-09T04:18:26Z
2026-04-22,SHS,16.81,16.9,16.61,16.61,8067500,KBS,2026-10-09T04:18:26Z
2026-04-23,SHS,16.32,16.81,16.13,16.32,12989700,KBS,2026-10-09T04:18:26Z
2026-04-24,SHS,16.23,16.52,16.13,16.23,6510000,KBS,2026-10-09T04:18:26Z
2026-04-28,SHS,16.23,16.42,16.04,16.04,3928300,KBS,2026-10-09T04:18:26Z
2026-04-29,SHS,16.04,16.32,15.94,16.23,5464300,KBS,2026-10-09T04:18:26Z
2026-05-04,SHS,16.42,16.61,16.23,16.23,7359200,KBS,2026-10-09T04:18:26Z
2026-05-05,SHS,16.23,16.42,16.04,16.04,5458100,KBS,2026-10-09T04:18:26Z
2026-05-06,SHS,16.04,17.0,15.94,16.81,15998400,KBS,2026-10-09T04:18:26Z
2026-05-07,SHS,16.71,17.09,16.52,16.52,7977300,KBS,2026-10-09T04:18:26Z
2026-05-08,SHS,16.61,16.9,16.32,16.71,9142500,KBS,2026-10-09T04:18:26Z
2026-05-11,SHS,16.71,17.38,16.61,17.0,21225600,KBS,2026-10-09T04:18:26Z
2026-05-12,SHS,17.09,17.19,16.9,17.09,5939200,KBS,2026-10-09T04:18:26Z
2026-05-13,SHS,17.09,17.48,16.81,17.0,16742700,KBS,2026-10-09T04:18:26Z
2026-05-14,SHS,17.0,17.19,16.81,17.0,6632100,KBS,2026-10-09T04:18:26Z
2026-05-15,SHS,17.0,17.29,16.9,17.0,6131400,KBS,2026-10-09T04:18:26Z
2026-05-18,SHS,16.9,17.29,16.71,17.29,18875700,KBS,2026-10-09T04:18:26Z
2026-05-19,SHS,17.29,17.67,17.09,17.09,21939600,KBS,2026-10-09T04:18:26Z
2026-05-20,SHS,17.09,17.09,15.94,16.52,16894900,KBS,2026-10-09T04:18:26Z
2026-05-21,SHS,16.71,16.81,16.32,16.42,6433300,KBS,2026-10-09T04:18:26Z
2026-05-22,SHS,16.42,17.38,16.23,17.0,17698700,KBS,2026-10-09T04:18:26Z
2026-05-25,SHS,17.09,17.29,17.0,17.0,5507000,KBS,2026-10-09T04:18:26Z
2026-05-26,SHS,17.0,17.96,17.0,17.67,31133800,KBS,2026-10-09T04:18:26Z
2026-05-27,SHS,17.67,17.86,17.48,17.57,9205400,KBS,2026-10-09T04:18:26Z
2026-05-28,SHS,17.48,17.96,17.29,17.29,16785200,KBS,2026-10-09T04:18:26Z
2026-05-29,SHS,17.29,17.57,17.0,17.29,11117000,KBS,2026-10-09T04:18:26Z
2026-06-01,SHS,17.29,17.86,17.19,17.48,11885500,KBS,2026-10-09T04:18:26Z
2026-06-02,SHS,17.38,17.67,16.81,17.0,13567800,KBS,2026-10-09T04:18:26Z
2026-06-03,SHS,17.0,17.77,16.42,17.67,18804100,KBS,2026-10-09T04:18:26Z
2026-06-04,SHS,17.67,17.77,16.81,17.48,6573500,KBS,2026-10-09T04:18:26Z
2026-06-05,SHS,17.48,17.67,17.29,17.29,9040600,KBS,2026-10-09T04:18:26Z
2026-06-08,SHS,17.29,17.29,16.9,17.29,15744400,KBS,2026-10-09T04:18:26Z
2026-06-09,SHS,17.29,17.38,17.0,17.29,6961700,KBS,2026-10-09T04:18:26Z
2026-06-10,SHS,17.29,17.77,17.09,17.57,10986900,KBS,2026-10-09T04:18:26Z
2026-06-11,SHS,17.57,17.96,17.38,17.57,16936600,KBS,2026-10-09T04:18:26Z
2026-06-12,SHS,17.67,18.05,17.38,17.48,17952200,KBS,2026-10-09T04:18:26Z
2026-06-15,SHS,17.67,18.73,17.57,18.15,33037700,KBS,2026-10-09T04:18:26Z
2026-06-16,SHS,18.15,18.63,18.05,18.44,17578500,KBS,2026-10-09T04:18:26Z
2026-06-17,SHS,18.15,18.82,18.15,18.53,15265500,KBS,2026-10-09T04:18:26Z
2026-06-18,SHS,18.53,18.63,18.25,18.34,8930300,KBS,2026-10-09T04:18:26Z
2026-06-19,SHS,18.34,18.63,17.96,18.05,13965300,KBS,2026-10-09T04:18:26Z
2026-06-22,SHS,17.86,18.44,17.86,18.34,9144100,KBS,2026-10-09T04:18:26Z
2026-06-23,SHS,18.25,18.53,17.48,17.67,21678200,KBS,2026-10-09T04:18:26Z
2026-06-24,SHS,17.67,18.05,17.38,17.57,9938400,KBS,2026-10-09T04:18:26Z
2026-06-25,SHS,17.48,17.77,17.38,17.48,4432800,KBS,2026-10-09T04:18:26Z
2026-06-26,SHS,17.48,17.57,17.29,17.48,6207500,KBS,2026-10-09T04:18:26Z
2026-06-29,SHS,17.48,17.86,17.38,17.67,4341700,KBS,2026-10-09T04:18:26Z
2026-06-30,SHS,17.67,18.25,17.48,17.77,7662100,KBS,2026-10-09T04:18:26Z
2026-07-01,SHS,17.77,18.15,17.77,18.05,7136100,KBS,2026-10-09T04:18:26Z
2026-07-02,SHS,18.15,18.34,17.96,18.05,9886100,KBS,2026-10-09T04:18:26Z
2026-07-03,SHS,18.15,18.82,17.96,18.53,25616500,KBS,2026-10-09T04:18:26Z
2026-07-06,SHS,18.63,18.73,17.48,17.96,16314100,KBS,2026-10-09T04:18:26Z
2026-07-07,SHS,17.96,18.53,17.67,18.53,10094500,KBS,2026-10-09T04:18:26Z
2026-07-08,SHS,18.53,19.21,18.44,18.63,28331300,KBS,2026-10-09T04:18:26Z
2026-07-09,SHS,18.63,18.73,18.25,18.34,11836000,KBS,2026-10-09T04:18:26Z
2026-07-10,SHS,18.25,18.44,17.77,17.77,17576900,KBS,2026-10-09T04:18:26Z
2026-07-13,SHS,17.77,17.77,16.42,16.81,30048600,KBS,2026-10-09T04:18:26Z
2026-07-14,SHS,16.81,17.0,16.42,16.9,12675500,KBS,2026-10-09T04:18:26Z
2026-07-15,SHS,16.9,17.0,16.04,16.13,13221700,KBS,2026-10-09T04:18:26Z
2026-07-16,SHS,16.13,16.32,15.36,16.23,23079600,KBS,2026-10-09T04:18:26Z
2026-07-17,SHS,16.13,16.42,15.75,15.75,6254100,KBS,2026-10-09T04:18:26Z
2026-07-20,SHS,15.65,15.75,14.31,14.4,25730400,KBS,2026-10-09T04:18:26Z
2026-07-21,SHS,14.4,14.98,14.02,14.4,13082900,KBS,2026-10-09T04:18:26Z
2026-07-22,SHS,14.4,15.17,14.4,14.79,16202600,KBS,2026-10-09T04:18:26Z
2026-07-23,SHS,14.6,15.84,13.35,15.46,15983400,KBS,2026-10-09T04:18:26Z
2026-07-24,SHS,15.46,15.56,14.5,14.6,10692900,KBS,2026-10-09T04:18:26Z
2026-07-27,SHS,14.5,14.88,13.73,13.73,12145300,KBS,2026-10-09T04:18:26Z
2026-07-28,SHS,12.58,14.79,12.48,14.4,16042100,KBS,2026-10-09T04:18:26Z
2026-07-29,SHS,13.73,14.6,13.73,14.4,5142200,KBS,2026-10-09T04:18:26Z
2026-07-30,SHS,14.5,15.36,14.31,14.98,12309300,KBS,2026-10-09T04:18:26Z
2026-07-31,SHS,15.08,15.27,14.6,14.6,8583400,KBS,2026-10-09T04:18:26Z
2026-08-03,SHS,14.69,15.27,14.69,14.98,9607900,KBS,2026-10-09T04:18:26Z
2026-08-04,SHS,15.17,15.27,14.88,15.17,8518000,KBS,2026-10-09T04:18:26Z
2026-08-05,SHS,15.27,15.65,15.17,15.36,11122600,KBS,2026-10-09T04:18:26Z
2026-08-06,SHS,15.36,15.46,15.08,15.08,7384500,KBS,2026-10-09T04:18:26Z
2026-08-07,SHS,15.08,15.36,14.98,14.98,6005300,KBS,2026-10-09T04:18:26Z
2026-08-10,SHS,14.98,15.46,14.98,15.36,9342600,KBS,2026-10-09T04:18:26Z
2026-08-11,SHS,15.36,15.65,15.27,15.27,12823600,KBS,2026-10-09T04:18:26Z
2026-08-12,SHS,15.36,15.46,15.17,15.27,6152500,KBS,2026-10-09T04:18:26Z
2026-08-13,SHS,15.27,15.65,15.08,15.17,15948200,KBS,2026-10-09T04:18:26Z
2026-08-14,SHS,15.17,15.17,14.5,14.69,20060800,KBS,2026-10-09T04:18:26Z
2026-08-17,SHS,14.69,14.79,14.4,14.6,8009000,KBS,2026-10-09T04:18:26Z
2026-08-18,SHS,14.6,14.69,14.02,14.12,14724000,KBS,2026-10-09T04:18:26Z
2026-08-19,SHS,14.12,14.31,13.92,14.21,6235700,KBS,2026-10-09T04:18:26Z
2026-08-20,SHS,13.92,14.5,13.92,14.12,4587400,KBS,2026-10-09T04:18:26Z
2026-08-21,SHS,14.21,15.27,13.92,15.27,23528600,KBS,2026-10-09T04:18:26Z
2026-08-24,SHS,15.27,15.56,14.98,14.98,15873500,KBS,2026-10-09T04:18:26Z
2026-08-25,SHS,14.98,15.27,14.88,14.98,14073100,KBS,2026-10-09T04:18:26Z
2026-08-26,SHS,14.98,15.17,14.79,15.08,8887700,KBS,2026-10-09T04:18:26Z
2026-08-27,SHS,15.08,15.27,14.98,15.08,6397600,KBS,2026-10-09T04:18:26Z
2026-08-28,SHS,15.08,15.56,14.79,15.17,14353900,KBS,2026-10-09T04:18:26Z
2026-09-03,SHS,15.17,15.17,14.79,14.79,10257900,KBS,2026-10-09T04:18:26Z
2026-09-04,SHS,14.88,14.98,14.69,14.69,9383000,KBS,2026-10-09T04:18:26Z
2026-09-07,SHS,14.69,14.88,14.4,14.4,8048800,KBS,2026-10-09T04:18:26Z
2026-09-08,SHS,14.4,14.69,14.02,14.5,5005200,KBS,2026-10-09T04:18:26Z
2026-09-09,SHS,14.6,14.6,14.21,14.31,6441600,KBS,2026-10-09T04:18:26Z
2026-09-10,SHS,14.4,14.5,14.12,14.31,6099100,KBS,2026-10-09T04:18:26Z
2026-09-11,SHS,14.31,14.31,13.64,13.73,13436500,KBS,2026-10-09T04:18:26Z
2026-09-14,SHS,13.64,13.92,13.16,13.44,10651000,KBS,2026-10-09T04:18:26Z
2026-09-15,SHS,13.44,13.83,13.25,13.64,5766400,KBS,2026-10-09T04:18:26Z
2026-09-16,SHS,13.64,13.73,13.35,13.44,4066600,KBS,2026-10-09T04:18:26Z
2026-09-17,SHS,13.25,14.21,13.16,13.73,11920800,KBS,2026-10-09T04:18:26Z
2026-09-18,SHS,13.73,14.12,13.54,13.83,6546700,KBS,2026-10-09T04:18:26Z
2026-09-21,SHS,13.83,14.12,13.54,13.54,5115400,KBS,2026-10-09T04:18:26Z
2026-09-22,SHS,13.54,13.83,13.54,13.64,4246900,KBS,2026-10-09T04:18:26Z
2026-09-23,SHS,13.73,13.83,13.54,13.54,3411900,KBS,2026-10-09T04:18:26Z
2026-09-24,SHS,13.54,13.64,13.25,13.35,6145600,KBS,2026-10-09T04:18:26Z
2026-09-25,SHS,13.35,13.44,13.16,13.16,5224600,KBS,2026-10-09T04:18:26Z
2026-09-28,SHS,13.16,13.25,12.58,12.68,13695200,KBS,2026-10-09T04:18:26Z
2026-09-29,SHS,12.68,12.87,12.2,12.58,6261500,KBS,2026-10-09T04:18:26Z
2026-09-30,SHS,12.48,12.87,12.48,12.48,7739800,KBS,2026-10-09T04:18:26Z
2026-10-01,SHS,12.39,12.96,12.39,12.77,9839500,KBS,2026-10-09T04:18:26Z
2026-10-02,SHS,12.87,12.96,12.48,12.48,6193900,KBS,2026-10-09T04:18:26Z
2026-10-05,SHS,12.48,12.77,12.1,12.2,8584000,KBS,2026-10-09T04:18:26Z
2026-10-06,SHS,12.2,12.48,11.62,12.39,18948200,KBS,2026-10-09T04:18:26Z
2026-10-07,SHS,12.29,12.58,12.1,12.1,5411900,KBS,2026-10-09T04:18:26Z
2026-10-08,SHS,12.3,12.4,11.3,11.6,7834700,KBS,2026-10-09T04:18:26Z
2026-10-09,SHS,11.6,11.6,10.8,11.4,10918200,KBS,2026-10-09T04:18:26Z
