date,symbol,open,high,low,close,volume,source,fetched_at
2017-07-05,SJF,11.6,11.6,11.6,11.6,250340,KBS,2026-10-09T05:26:59Z
2017-07-06,SJF,12.39,12.39,12.35,12.39,267030,KBS,2026-10-09T05:26:59Z
2017-07-07,SJF,13.22,13.22,13.18,13.18,260810,KBS,2026-10-09T05:26:59Z
2017-07-10,SJF,13.18,13.18,12.26,12.26,172350,KBS,2026-10-09T05:26:59Z
2017-07-11,SJF,11.43,11.51,11.43,11.43,135340,KBS,2026-10-09T05:26:59Z
2017-07-12,SJF,10.64,11.51,10.64,11.51,177080,KBS,2026-10-09T05:26:59Z
2017-07-13,SJF,10.93,11.64,10.93,11.64,149000,KBS,2026-10-09T05:26:59Z
2017-07-14,SJF,11.64,11.64,11.22,11.43,163200,KBS,2026-10-09T05:26:59Z
2017-07-17,SJF,11.26,11.3,11.01,11.3,107930,KBS,2026-10-09T05:26:59Z
2017-07-18,SJF,10.84,11.3,10.68,11.3,85190,KBS,2026-10-09T05:26:59Z
2017-07-19,SJF,11.3,11.47,11.1,11.47,129460,KBS,2026-10-09T05:26:59Z
2017-07-20,SJF,11.43,11.51,11.26,11.3,96570,KBS,2026-10-09T05:26:59Z
2017-07-21,SJF,11.3,11.39,11.1,11.39,78820,KBS,2026-10-09T05:26:59Z
2017-07-24,SJF,10.89,11.14,10.89,11.1,78140,KBS,2026-10-09T05:26:59Z
2017-07-25,SJF,11.1,11.47,11.01,11.43,135820,KBS,2026-10-09T05:26:59Z
2017-07-26,SJF,11.35,11.55,11.1,11.55,101500,KBS,2026-10-09T05:26:59Z
2017-07-27,SJF,11.55,11.55,11.43,11.43,131150,KBS,2026-10-09T05:26:59Z
2017-07-28,SJF,11.43,11.64,11.43,11.64,108150,KBS,2026-10-09T05:26:59Z
2017-07-31,SJF,11.64,12.26,11.55,11.8,153380,KBS,2026-10-09T05:26:59Z
2017-08-01,SJF,11.64,11.72,11.64,11.68,105930,KBS,2026-10-09T05:26:59Z
2017-08-02,SJF,11.64,11.64,11.47,11.47,109650,KBS,2026-10-09T05:26:59Z
2017-08-03,SJF,11.26,11.51,11.26,11.47,110880,KBS,2026-10-09T05:26:59Z
2017-08-04,SJF,11.35,11.47,11.3,11.47,102350,KBS,2026-10-09T05:26:59Z
2017-08-07,SJF,11.43,11.6,11.39,11.6,107750,KBS,2026-10-09T05:26:59Z
2017-08-08,SJF,11.51,11.6,11.47,11.6,86990,KBS,2026-10-09T05:26:59Z
2017-08-09,SJF,11.43,11.51,11.26,11.51,105940,KBS,2026-10-09T05:26:59Z
2017-08-10,SJF,11.43,11.64,11.43,11.55,103440,KBS,2026-10-09T05:26:59Z
2017-08-11,SJF,11.55,11.68,11.47,11.6,118330,KBS,2026-10-09T05:26:59Z
2017-08-14,SJF,11.43,11.64,11.39,11.55,113600,KBS,2026-10-09T05:26:59Z
2017-08-15,SJF,11.55,11.55,11.39,11.47,106190,KBS,2026-10-09T05:26:59Z
2017-08-16,SJF,11.43,11.55,11.35,11.51,110850,KBS,2026-10-09T05:26:59Z
2017-08-17,SJF,11.43,11.51,11.43,11.47,99920,KBS,2026-10-09T05:26:59Z
2017-08-18,SJF,11.39,11.55,11.35,11.55,112280,KBS,2026-10-09T05:26:59Z
2017-08-21,SJF,11.47,11.6,11.47,11.55,118130,KBS,2026-10-09T05:26:59Z
2017-08-22,SJF,11.47,11.6,11.43,11.43,103560,KBS,2026-10-09T05:26:59Z
2017-08-23,SJF,11.35,11.6,11.3,11.6,105940,KBS,2026-10-09T05:26:59Z
2017-08-24,SJF,11.51,11.6,11.47,11.6,103320,KBS,2026-10-09T05:26:59Z
2017-08-25,SJF,11.6,11.68,11.51,11.6,101550,KBS,2026-10-09T05:26:59Z
2017-08-28,SJF,11.55,11.68,11.51,11.6,114860,KBS,2026-10-09T05:26:59Z
2017-08-29,SJF,11.47,11.6,11.47,11.51,114720,KBS,2026-10-09T05:26:59Z
2017-08-30,SJF,11.51,11.6,11.43,11.55,101110,KBS,2026-10-09T05:26:59Z
2017-08-31,SJF,11.55,11.64,11.51,11.55,112520,KBS,2026-10-09T05:26:59Z
2017-09-01,SJF,11.6,11.68,11.47,11.68,100060,KBS,2026-10-09T05:26:59Z
2017-09-05,SJF,11.51,11.55,11.47,11.51,116640,KBS,2026-10-09T05:26:59Z
2017-09-06,SJF,11.51,11.6,11.43,11.55,106020,KBS,2026-10-09T05:26:59Z
2017-09-07,SJF,11.55,11.64,11.51,11.55,91200,KBS,2026-10-09T05:26:59Z
2017-09-08,SJF,11.47,11.6,10.76,11.26,146540,KBS,2026-10-09T05:26:59Z
2017-09-11,SJF,11.26,11.43,11.26,11.39,104330,KBS,2026-10-09T05:26:59Z
2017-09-12,SJF,11.35,11.55,11.35,11.43,88190,KBS,2026-10-09T05:26:59Z
2017-09-13,SJF,11.35,11.47,11.26,11.47,89120,KBS,2026-10-09T05:26:59Z
2017-09-14,SJF,11.39,11.51,11.3,11.47,90090,KBS,2026-10-09T05:26:59Z
2017-09-15,SJF,11.35,11.51,11.26,11.43,102210,KBS,2026-10-09T05:26:59Z
2017-09-18,SJF,11.3,11.51,11.3,11.43,103170,KBS,2026-10-09T05:26:59Z
2017-09-19,SJF,11.35,11.51,11.35,11.47,107900,KBS,2026-10-09T05:26:59Z
2017-09-20,SJF,11.43,11.51,11.35,11.47,106700,KBS,2026-10-09T05:26:59Z
2017-09-21,SJF,11.47,11.6,11.39,11.51,110450,KBS,2026-10-09T05:26:59Z
2017-09-22,SJF,11.39,11.6,11.39,11.51,96430,KBS,2026-10-09T05:26:59Z
2017-09-25,SJF,11.35,11.51,11.3,11.43,102250,KBS,2026-10-09T05:26:59Z
2017-09-26,SJF,11.39,11.47,11.3,11.47,110390,KBS,2026-10-09T05:26:59Z
2017-09-27,SJF,11.3,11.47,11.26,11.43,93560,KBS,2026-10-09T05:26:59Z
2017-09-28,SJF,11.39,11.51,11.35,11.35,99110,KBS,2026-10-09T05:26:59Z
2017-09-29,SJF,11.35,11.51,11.35,11.51,94000,KBS,2026-10-09T05:26:59Z
2017-10-02,SJF,11.35,11.43,11.3,11.35,107220,KBS,2026-10-09T05:26:59Z
2017-10-03,SJF,11.39,11.43,11.3,11.35,100010,KBS,2026-10-09T05:26:59Z
2017-10-04,SJF,11.26,11.39,11.26,11.35,96730,KBS,2026-10-09T05:26:59Z
2017-10-05,SJF,11.35,11.43,11.3,11.43,102730,KBS,2026-10-09T05:26:59Z
2017-10-06,SJF,11.43,11.43,11.26,11.35,95680,KBS,2026-10-09T05:26:59Z
2017-10-09,SJF,11.35,11.43,11.35,11.39,126620,KBS,2026-10-09T05:26:59Z
2017-10-10,SJF,11.39,11.47,11.35,11.43,123780,KBS,2026-10-09T05:26:59Z
2017-10-11,SJF,11.43,11.51,11.39,11.47,119460,KBS,2026-10-09T05:26:59Z
2017-10-12,SJF,11.43,11.51,11.43,11.51,134540,KBS,2026-10-09T05:26:59Z
2017-10-13,SJF,11.51,11.6,11.43,11.6,119370,KBS,2026-10-09T05:26:59Z
2017-10-16,SJF,11.6,11.68,11.51,11.55,132530,KBS,2026-10-09T05:26:59Z
2017-10-17,SJF,11.51,11.64,11.47,11.55,146410,KBS,2026-10-09T05:26:59Z
2017-10-18,SJF,11.47,11.55,11.35,11.51,127810,KBS,2026-10-09T05:26:59Z
2017-10-19,SJF,11.51,11.64,11.43,11.6,115680,KBS,2026-10-09T05:26:59Z
2017-10-20,SJF,11.6,11.68,11.51,11.6,98620,KBS,2026-10-09T05:26:59Z
2017-10-23,SJF,11.6,11.68,11.51,11.64,91060,KBS,2026-10-09T05:26:59Z
2017-10-24,SJF,11.6,11.76,11.55,11.76,118650,KBS,2026-10-09T05:26:59Z
2017-10-25,SJF,11.85,12.3,11.85,12.1,173330,KBS,2026-10-09T05:26:59Z
2017-10-26,SJF,12.1,12.3,12.01,12.14,130260,KBS,2026-10-09T05:26:59Z
2017-10-27,SJF,12.01,12.26,11.85,12.18,171730,KBS,2026-10-09T05:26:59Z
2017-10-30,SJF,12.1,12.22,11.97,12.18,121890,KBS,2026-10-09T05:26:59Z
2017-10-31,SJF,12.01,12.18,11.89,12.01,122310,KBS,2026-10-09T05:26:59Z
2017-11-01,SJF,11.93,12.18,11.93,12.1,136640,KBS,2026-10-09T05:26:59Z
2017-11-02,SJF,12.1,12.26,12.01,12.01,170900,KBS,2026-10-09T05:26:59Z
2017-11-03,SJF,11.93,12.18,11.85,12.18,139430,KBS,2026-10-09T05:26:59Z
2017-11-06,SJF,12.35,12.64,12.26,12.51,136880,KBS,2026-10-09T05:26:59Z
2017-11-07,SJF,12.51,12.56,12.35,12.35,128000,KBS,2026-10-09T05:26:59Z
2017-11-08,SJF,12.26,12.43,12.18,12.35,127920,KBS,2026-10-09T05:26:59Z
2017-11-09,SJF,12.35,12.6,12.35,12.43,136520,KBS,2026-10-09T05:26:59Z
2017-11-10,SJF,12.43,12.51,12.39,12.47,121150,KBS,2026-10-09T05:26:59Z
2017-11-13,SJF,12.39,12.47,12.26,12.3,105630,KBS,2026-10-09T05:26:59Z
2017-11-14,SJF,12.26,12.35,12.18,12.3,121480,KBS,2026-10-09T05:26:59Z
2017-11-15,SJF,12.26,12.35,12.18,12.3,130600,KBS,2026-10-09T05:26:59Z
2017-11-16,SJF,12.3,12.43,12.3,12.35,110710,KBS,2026-10-09T05:26:59Z
2017-11-17,SJF,12.35,12.47,12.35,12.35,128960,KBS,2026-10-09T05:26:59Z
2017-11-20,SJF,12.3,12.47,12.26,12.43,136160,KBS,2026-10-09T05:26:59Z
2017-11-21,SJF,12.35,12.47,12.3,12.43,143480,KBS,2026-10-09T05:26:59Z
2017-11-22,SJF,12.43,12.76,12.43,12.76,210530,KBS,2026-10-09T05:26:59Z
2017-11-23,SJF,12.85,13.06,12.85,13.06,190290,KBS,2026-10-09T05:26:59Z
2017-11-24,SJF,13.31,13.35,13.1,13.18,223590,KBS,2026-10-09T05:26:59Z
2017-11-27,SJF,13.14,13.39,13.06,13.22,207590,KBS,2026-10-09T05:26:59Z
2017-11-28,SJF,13.18,13.26,13.1,13.14,183460,KBS,2026-10-09T05:26:59Z
2017-11-29,SJF,13.14,13.18,13.01,13.06,205660,KBS,2026-10-09T05:26:59Z
2017-11-30,SJF,13.01,13.43,12.97,13.43,238490,KBS,2026-10-09T05:26:59Z
2017-12-01,SJF,13.51,13.76,13.47,13.68,225900,KBS,2026-10-09T05:26:59Z
2017-12-04,SJF,13.76,13.97,13.72,13.89,212550,KBS,2026-10-09T05:26:59Z
2017-12-05,SJF,14.01,14.18,13.85,14.01,207460,KBS,2026-10-09T05:26:59Z
2017-12-06,SJF,14.01,14.01,13.76,13.76,214810,KBS,2026-10-09T05:26:59Z
2017-12-07,SJF,13.64,13.76,13.51,13.6,207410,KBS,2026-10-09T05:26:59Z
2017-12-08,SJF,13.47,13.64,13.43,13.51,212110,KBS,2026-10-09T05:26:59Z
2017-12-11,SJF,13.43,13.51,13.31,13.43,168110,KBS,2026-10-09T05:26:59Z
2017-12-12,SJF,13.35,13.51,13.18,13.51,214610,KBS,2026-10-09T05:26:59Z
2017-12-13,SJF,13.56,13.6,13.35,13.51,175980,KBS,2026-10-09T05:26:59Z
2017-12-14,SJF,13.43,13.51,13.22,13.51,144300,KBS,2026-10-09T05:26:59Z
2017-12-15,SJF,13.51,13.64,13.39,13.64,166010,KBS,2026-10-09T05:26:59Z
2017-12-18,SJF,13.64,13.81,13.6,13.76,170160,KBS,2026-10-09T05:26:59Z
2017-12-19,SJF,13.76,13.89,13.68,13.72,159830,KBS,2026-10-09T05:26:59Z
2017-12-20,SJF,13.68,13.89,13.64,13.85,175840,KBS,2026-10-09T05:26:59Z
2017-12-21,SJF,13.85,13.97,13.76,13.89,164800,KBS,2026-10-09T05:26:59Z
2017-12-22,SJF,13.85,14.06,13.85,14.01,173810,KBS,2026-10-09T05:26:59Z
2017-12-25,SJF,13.85,14.01,13.72,13.93,147290,KBS,2026-10-09T05:26:59Z
2017-12-26,SJF,13.93,14.01,13.85,13.85,128360,KBS,2026-10-09T05:26:59Z
2017-12-27,SJF,13.85,13.89,13.64,13.68,120350,KBS,2026-10-09T05:26:59Z
2017-12-28,SJF,13.64,13.68,13.51,13.64,107040,KBS,2026-10-09T05:26:59Z
2017-12-29,SJF,13.68,13.68,13.6,13.64,112510,KBS,2026-10-09T05:26:59Z
2018-01-02,SJF,13.64,13.76,13.64,13.76,150560,KBS,2026-10-09T05:26:59Z
2018-01-03,SJF,13.81,13.93,13.76,13.85,143960,KBS,2026-10-09T05:26:59Z
2018-01-04,SJF,13.81,13.85,13.72,13.76,132250,KBS,2026-10-09T05:26:59Z
2018-01-05,SJF,13.72,13.89,13.72,13.85,115790,KBS,2026-10-09T05:26:59Z
2018-01-08,SJF,13.76,13.89,13.68,13.89,223870,KBS,2026-10-09T05:26:59Z
2018-01-09,SJF,13.89,14.1,13.85,14.01,205740,KBS,2026-10-09T05:26:59Z
2018-01-10,SJF,14.06,14.22,14.06,14.14,225690,KBS,2026-10-09T05:26:59Z
2018-01-11,SJF,14.18,14.22,13.97,14.1,206920,KBS,2026-10-09T05:26:59Z
2018-01-12,SJF,13.97,14.1,13.89,13.97,190580,KBS,2026-10-09T05:26:59Z
2018-01-15,SJF,13.93,14.01,13.76,13.97,170500,KBS,2026-10-09T05:26:59Z
2018-01-16,SJF,13.93,14.01,13.76,13.93,170620,KBS,2026-10-09T05:26:59Z
2018-01-17,SJF,13.85,13.97,13.85,13.85,161960,KBS,2026-10-09T05:26:59Z
2018-01-18,SJF,13.76,13.76,13.6,13.72,142530,KBS,2026-10-09T05:26:59Z
2018-01-19,SJF,13.68,13.76,13.64,13.72,156010,KBS,2026-10-09T05:26:59Z
2018-01-22,SJF,13.72,14.01,13.72,13.97,178400,KBS,2026-10-09T05:26:59Z
2018-01-25,SJF,14.01,14.14,14.01,14.06,166930,KBS,2026-10-09T05:26:59Z
2018-01-26,SJF,14.1,14.14,13.93,14.06,161450,KBS,2026-10-09T05:26:59Z
2018-01-29,SJF,13.97,14.14,13.93,13.93,174650,KBS,2026-10-09T05:26:59Z
2018-01-30,SJF,13.81,13.93,13.76,13.85,177240,KBS,2026-10-09T05:26:59Z
2018-01-31,SJF,13.85,13.85,13.47,13.47,159070,KBS,2026-10-09T05:26:59Z
2018-02-01,SJF,13.47,13.51,13.26,13.26,167220,KBS,2026-10-09T05:26:59Z
2018-02-02,SJF,13.18,13.26,13.06,13.14,169420,KBS,2026-10-09T05:26:59Z
2018-02-05,SJF,13.1,13.1,12.89,12.93,142390,KBS,2026-10-09T05:26:59Z
2018-02-06,SJF,12.76,12.81,12.6,12.76,132290,KBS,2026-10-09T05:26:59Z
2018-02-07,SJF,12.76,12.85,12.72,12.85,140890,KBS,2026-10-09T05:26:59Z
2018-02-08,SJF,12.81,12.89,12.76,12.76,132910,KBS,2026-10-09T05:26:59Z
2018-02-09,SJF,12.72,12.81,12.6,12.76,147270,KBS,2026-10-09T05:26:59Z
2018-02-12,SJF,12.76,12.85,12.72,12.85,134210,KBS,2026-10-09T05:26:59Z
2018-02-13,SJF,12.85,12.97,12.81,12.93,146500,KBS,2026-10-09T05:26:59Z
2018-02-21,SJF,12.93,13.01,12.89,12.97,131350,KBS,2026-10-09T05:26:59Z
2018-02-22,SJF,12.93,13.06,12.93,13.01,133700,KBS,2026-10-09T05:26:59Z
2018-02-23,SJF,12.93,13.06,12.93,13.06,132760,KBS,2026-10-09T05:26:59Z
2018-02-26,SJF,12.93,13.06,12.93,12.93,126570,KBS,2026-10-09T05:26:59Z
2018-02-27,SJF,12.93,13.01,12.89,12.93,125250,KBS,2026-10-09T05:26:59Z
2018-02-28,SJF,12.85,12.97,12.85,12.93,121050,KBS,2026-10-09T05:26:59Z
2018-03-01,SJF,12.93,12.93,12.81,12.85,123010,KBS,2026-10-09T05:26:59Z
2018-03-02,SJF,12.89,12.89,12.76,12.89,128300,KBS,2026-10-09T05:26:59Z
2018-03-05,SJF,12.85,12.93,12.85,12.85,121570,KBS,2026-10-09T05:26:59Z
2018-03-06,SJF,12.85,12.93,12.81,12.93,125080,KBS,2026-10-09T05:26:59Z
2018-03-07,SJF,12.93,13.06,12.89,12.97,153870,KBS,2026-10-09T05:26:59Z
2018-03-08,SJF,12.93,13.06,12.93,13.01,126940,KBS,2026-10-09T05:26:59Z
2018-03-09,SJF,13.01,13.06,12.93,12.93,125690,KBS,2026-10-09T05:26:59Z
2018-03-12,SJF,12.85,12.93,12.81,12.81,125940,KBS,2026-10-09T05:26:59Z
2018-03-13,SJF,12.76,12.85,12.68,12.72,115540,KBS,2026-10-09T05:26:59Z
2018-03-14,SJF,12.68,12.76,12.68,12.72,102090,KBS,2026-10-09T05:26:59Z
2018-03-15,SJF,12.72,12.76,12.64,12.76,102790,KBS,2026-10-09T05:26:59Z
2018-03-16,SJF,12.76,12.81,12.72,12.81,103830,KBS,2026-10-09T05:26:59Z
2018-03-19,SJF,12.81,12.85,12.72,12.76,109440,KBS,2026-10-09T05:26:59Z
2018-03-20,SJF,12.72,12.81,12.68,12.76,101980,KBS,2026-10-09T05:26:59Z
2018-03-21,SJF,12.76,12.81,12.72,12.76,100670,KBS,2026-10-09T05:26:59Z
2018-03-22,SJF,12.68,12.76,12.6,12.68,117060,KBS,2026-10-09T05:26:59Z
2018-03-23,SJF,12.6,12.68,12.56,12.64,98190,KBS,2026-10-09T05:26:59Z
2018-03-26,SJF,12.64,12.72,12.6,12.68,110630,KBS,2026-10-09T05:26:59Z
2018-03-27,SJF,12.68,12.72,12.64,12.68,108330,KBS,2026-10-09T05:26:59Z
2018-03-28,SJF,12.68,12.72,12.64,12.64,102280,KBS,2026-10-09T05:26:59Z
2018-03-29,SJF,12.64,12.68,12.6,12.64,99340,KBS,2026-10-09T05:26:59Z
2018-03-30,SJF,12.64,12.68,12.56,12.64,98930,KBS,2026-10-09T05:26:59Z
2018-04-02,SJF,12.68,12.68,12.6,12.68,96420,KBS,2026-10-09T05:26:59Z
2018-04-03,SJF,12.6,12.72,12.56,12.64,101040,KBS,2026-10-09T05:26:59Z
2018-04-04,SJF,12.64,12.68,12.51,12.6,97340,KBS,2026-10-09T05:26:59Z
2018-04-05,SJF,12.64,12.64,12.51,12.6,96530,KBS,2026-10-09T05:26:59Z
2018-04-06,SJF,12.6,12.68,12.56,12.6,96160,KBS,2026-10-09T05:26:59Z
2018-04-09,SJF,12.6,12.68,12.56,12.68,99730,KBS,2026-10-09T05:26:59Z
2018-04-10,SJF,12.68,12.68,12.6,12.64,97050,KBS,2026-10-09T05:26:59Z
2018-04-11,SJF,12.6,12.68,12.51,12.56,94380,KBS,2026-10-09T05:26:59Z
2018-04-12,SJF,12.56,12.56,12.47,12.56,94170,KBS,2026-10-09T05:26:59Z
2018-04-13,SJF,12.56,12.6,12.39,12.39,92560,KBS,2026-10-09T05:26:59Z
2018-04-16,SJF,12.39,12.39,12.26,12.39,92800,KBS,2026-10-09T05:26:59Z
2018-04-17,SJF,12.39,12.39,12.26,12.39,96860,KBS,2026-10-09T05:26:59Z
2018-04-18,SJF,12.35,12.43,12.3,12.3,92480,KBS,2026-10-09T05:26:59Z
2018-04-19,SJF,12.3,12.35,12.26,12.35,96580,KBS,2026-10-09T05:26:59Z
2018-04-20,SJF,12.3,12.39,12.26,12.39,94000,KBS,2026-10-09T05:26:59Z
2018-04-23,SJF,12.39,12.43,12.3,12.43,101710,KBS,2026-10-09T05:26:59Z
2018-04-24,SJF,12.47,12.51,12.39,12.43,93030,KBS,2026-10-09T05:26:59Z
2018-04-26,SJF,12.43,12.43,12.35,12.39,92190,KBS,2026-10-09T05:26:59Z
2018-04-27,SJF,12.35,12.43,12.3,12.43,94850,KBS,2026-10-09T05:26:59Z
2018-05-02,SJF,12.43,12.43,12.35,12.39,90890,KBS,2026-10-09T05:26:59Z
2018-05-03,SJF,12.35,12.39,12.3,12.39,91310,KBS,2026-10-09T05:26:59Z
2018-05-04,SJF,12.39,12.43,12.3,12.39,92680,KBS,2026-10-09T05:26:59Z
2018-05-07,SJF,12.39,12.43,12.39,12.43,94890,KBS,2026-10-09T05:26:59Z
2018-05-08,SJF,12.35,12.47,12.35,12.43,91420,KBS,2026-10-09T05:26:59Z
2018-05-09,SJF,12.43,12.47,12.39,12.39,92330,KBS,2026-10-09T05:26:59Z
2018-05-10,SJF,12.39,12.43,12.3,12.3,152090,KBS,2026-10-09T05:26:59Z
2018-05-11,SJF,12.3,12.39,12.26,12.35,150790,KBS,2026-10-09T05:26:59Z
2018-05-14,SJF,12.1,12.93,12.1,12.72,390770,KBS,2026-10-09T05:26:59Z
2018-05-15,SJF,12.76,13.18,12.72,13.01,459550,KBS,2026-10-09T05:26:59Z
2018-05-16,SJF,13.06,13.22,13.01,13.18,494930,KBS,2026-10-09T05:26:59Z
2018-05-17,SJF,13.18,13.68,13.06,13.51,507180,KBS,2026-10-09T05:26:59Z
2018-05-18,SJF,13.51,14.35,13.51,14.35,425120,KBS,2026-10-09T05:26:59Z
2018-05-21,SJF,14.35,14.93,13.93,13.93,581390,KBS,2026-10-09T05:26:59Z
2018-05-22,SJF,13.81,14.01,13.1,13.1,173550,KBS,2026-10-09T05:26:59Z
2018-05-23,SJF,13.1,13.1,12.72,12.93,326830,KBS,2026-10-09T05:26:59Z
2018-05-24,SJF,12.89,12.97,12.64,12.76,315520,KBS,2026-10-09T05:26:59Z
2018-05-25,SJF,12.72,13.64,12.39,13.51,479750,KBS,2026-10-09T05:26:59Z
2018-05-28,SJF,13.51,14.35,13.47,14.18,407530,KBS,2026-10-09T05:26:59Z
2018-05-29,SJF,14.27,15.14,14.22,15.14,705800,KBS,2026-10-09T05:26:59Z
2018-05-30,SJF,15.14,15.6,15.02,15.52,868890,KBS,2026-10-09T05:26:59Z
2018-05-31,SJF,15.6,15.98,15.31,15.43,461740,KBS,2026-10-09T05:26:59Z
2018-06-01,SJF,15.43,16.43,14.72,16.43,883900,KBS,2026-10-09T05:26:59Z
2018-06-04,SJF,16.43,17.56,16.43,17.27,783090,KBS,2026-10-09T05:26:59Z
2018-06-05,SJF,17.27,17.69,17.23,17.69,467220,KBS,2026-10-09T05:26:59Z
2018-06-06,SJF,17.69,18.27,16.52,16.52,494220,KBS,2026-10-09T05:26:59Z
2018-06-07,SJF,16.43,16.43,15.85,16.14,412760,KBS,2026-10-09T05:26:59Z
2018-06-08,SJF,15.85,16.35,15.52,15.52,402260,KBS,2026-10-09T05:26:59Z
2018-06-11,SJF,15.43,15.85,15.35,15.6,446220,KBS,2026-10-09T05:26:59Z
2018-06-12,SJF,15.56,15.56,15.02,15.27,443350,KBS,2026-10-09T05:26:59Z
2018-06-13,SJF,15.27,15.6,15.1,15.31,510000,KBS,2026-10-09T05:26:59Z
2018-06-14,SJF,15.31,15.43,15.02,15.1,608560,KBS,2026-10-09T05:26:59Z
2018-06-15,SJF,15.1,15.52,14.93,14.97,534610,KBS,2026-10-09T05:26:59Z
2018-06-18,SJF,15.18,15.35,14.56,14.68,524410,KBS,2026-10-09T05:26:59Z
2018-06-19,SJF,14.64,14.77,14.47,14.77,419730,KBS,2026-10-09T05:26:59Z
2018-06-20,SJF,14.81,15.77,14.72,15.77,971730,KBS,2026-10-09T05:26:59Z
2018-06-21,SJF,15.81,16.85,15.81,16.85,1357280,KBS,2026-10-09T05:26:59Z
2018-06-22,SJF,16.89,18.02,16.89,18.02,1064060,KBS,2026-10-09T05:26:59Z
2018-06-25,SJF,17.94,19.19,17.35,19.19,952980,KBS,2026-10-09T05:26:59Z
2018-06-26,SJF,18.94,20.1,18.19,19.94,838260,KBS,2026-10-09T05:26:59Z
2018-06-27,SJF,19.44,20.1,18.77,19.85,488730,KBS,2026-10-09T05:26:59Z
2018-06-28,SJF,19.77,19.94,19.19,19.94,377610,KBS,2026-10-09T05:26:59Z
2018-06-29,SJF,19.81,20.69,19.19,20.69,418130,KBS,2026-10-09T05:26:59Z
2018-07-02,SJF,20.73,20.86,19.27,19.27,274450,KBS,2026-10-09T05:26:59Z
2018-07-03,SJF,19.1,19.1,17.94,17.94,98120,KBS,2026-10-09T05:26:59Z
2018-07-04,SJF,16.77,17.1,16.68,16.68,45990,KBS,2026-10-09T05:26:59Z
2018-07-05,SJF,15.85,15.85,15.52,15.6,271310,KBS,2026-10-09T05:26:59Z
2018-07-06,SJF,15.6,15.81,14.64,15.68,326760,KBS,2026-10-09T05:26:59Z
2018-07-09,SJF,15.52,16.18,15.52,15.85,309360,KBS,2026-10-09T05:26:59Z
2018-07-10,SJF,15.85,15.93,15.52,15.77,222660,KBS,2026-10-09T05:26:59Z
2018-07-11,SJF,15.68,15.77,15.1,15.52,207730,KBS,2026-10-09T05:26:59Z
2018-07-12,SJF,15.27,15.35,14.77,14.93,199480,KBS,2026-10-09T05:26:59Z
2018-07-13,SJF,14.93,15.27,14.85,15.27,359680,KBS,2026-10-09T05:26:59Z
2018-07-16,SJF,15.27,16.27,15.27,16.02,580510,KBS,2026-10-09T05:26:59Z
2018-07-17,SJF,16.1,16.6,15.77,16.6,422920,KBS,2026-10-09T05:26:59Z
2018-07-18,SJF,16.68,17.27,16.6,16.77,413140,KBS,2026-10-09T05:26:59Z
2018-07-19,SJF,16.52,16.52,15.6,15.6,418590,KBS,2026-10-09T05:26:59Z
2018-07-20,SJF,15.8,16.0,15.15,15.4,115180,KBS,2026-10-09T05:26:59Z
2018-07-23,SJF,15.4,15.7,15.2,15.4,217260,KBS,2026-10-09T05:26:59Z
2018-07-24,SJF,15.4,16.45,15.3,16.45,291870,KBS,2026-10-09T05:26:59Z
2018-07-25,SJF,16.8,17.6,16.45,17.6,159090,KBS,2026-10-09T05:26:59Z
2018-07-26,SJF,18.8,18.8,18.7,18.8,280480,KBS,2026-10-09T05:26:59Z
2018-07-27,SJF,19.3,20.1,18.8,18.8,361700,KBS,2026-10-09T05:26:59Z
2018-07-30,SJF,20.1,20.1,20.0,20.1,470340,KBS,2026-10-09T05:26:59Z
2018-07-31,SJF,20.6,21.4,19.2,21.4,605370,KBS,2026-10-09T05:26:59Z
2018-08-01,SJF,21.2,21.7,19.95,20.2,441540,KBS,2026-10-09T05:26:59Z
2018-08-02,SJF,20.1,20.9,19.8,20.9,380840,KBS,2026-10-09T05:26:59Z
2018-08-03,SJF,20.9,22.0,20.9,22.0,457720,KBS,2026-10-09T05:26:59Z
2018-08-06,SJF,22.5,22.7,22.1,22.3,470090,KBS,2026-10-09T05:26:59Z
2018-08-07,SJF,22.1,22.7,21.8,22.7,351500,KBS,2026-10-09T05:26:59Z
2018-08-08,SJF,22.8,23.8,22.8,23.4,705240,KBS,2026-10-09T05:26:59Z
2018-08-09,SJF,23.5,24.0,23.3,24.0,364870,KBS,2026-10-09T05:26:59Z
2018-08-10,SJF,24.1,25.1,23.6,25.1,610810,KBS,2026-10-09T05:26:59Z
2018-08-13,SJF,24.8,26.0,24.4,26.0,196550,KBS,2026-10-09T05:26:59Z
2018-08-14,SJF,26.3,26.4,25.0,26.4,489950,KBS,2026-10-09T05:26:59Z
2018-08-15,SJF,26.6,26.6,25.0,25.0,229830,KBS,2026-10-09T05:26:59Z
2018-08-16,SJF,24.8,25.2,23.9,25.2,265130,KBS,2026-10-09T05:26:59Z
2018-08-17,SJF,25.2,25.4,24.1,24.8,208420,KBS,2026-10-09T05:26:59Z
2018-08-20,SJF,24.5,24.6,23.1,23.6,324670,KBS,2026-10-09T05:26:59Z
2018-08-21,SJF,23.6,25.0,23.0,25.0,208190,KBS,2026-10-09T05:26:59Z
2018-08-22,SJF,25.0,26.2,24.9,25.9,182100,KBS,2026-10-09T05:26:59Z
2018-08-23,SJF,26.1,27.7,26.1,27.7,203070,KBS,2026-10-09T05:26:59Z
2018-08-24,SJF,28.0,28.3,27.5,28.0,117240,KBS,2026-10-09T05:26:59Z
2018-08-27,SJF,28.1,28.8,27.4,27.5,100010,KBS,2026-10-09T05:26:59Z
2018-08-28,SJF,27.6,27.9,25.6,25.6,406880,KBS,2026-10-09T05:26:59Z
2018-08-29,SJF,23.85,23.85,23.85,23.85,150840,KBS,2026-10-09T05:26:59Z
2018-08-30,SJF,22.2,23.85,22.2,23.85,161610,KBS,2026-10-09T05:26:59Z
2018-08-31,SJF,23.6,24.4,23.5,24.0,174880,KBS,2026-10-09T05:26:59Z
2018-09-04,SJF,23.7,24.4,23.5,23.6,134380,KBS,2026-10-09T05:26:59Z
2018-09-05,SJF,23.1,23.7,22.5,22.5,122160,KBS,2026-10-09T05:26:59Z
2018-09-06,SJF,21.2,21.9,20.95,20.95,121130,KBS,2026-10-09T05:26:59Z
2018-09-07,SJF,19.5,21.0,19.5,20.9,559120,KBS,2026-10-09T05:26:59Z
2018-09-10,SJF,19.7,20.0,19.45,19.45,465040,KBS,2026-10-09T05:26:59Z
2018-09-11,SJF,18.1,19.6,18.1,19.6,706950,KBS,2026-10-09T05:26:59Z
2018-09-12,SJF,19.6,20.95,19.3,20.95,1074080,KBS,2026-10-09T05:26:59Z
2018-09-13,SJF,21.2,21.5,20.5,21.15,1064330,KBS,2026-10-09T05:26:59Z
2018-09-14,SJF,20.8,22.6,20.8,22.6,1574320,KBS,2026-10-09T05:26:59Z
2018-09-17,SJF,22.8,23.0,21.9,22.8,1765590,KBS,2026-10-09T05:26:59Z
2018-09-18,SJF,23.05,23.05,21.3,23.0,1782090,KBS,2026-10-09T05:26:59Z
2018-09-19,SJF,23.2,23.45,22.0,23.2,1888070,KBS,2026-10-09T05:26:59Z
2018-09-20,SJF,22.9,23.2,22.15,22.7,1587990,KBS,2026-10-09T05:26:59Z
2018-09-21,SJF,22.45,22.5,21.15,21.15,1923680,KBS,2026-10-09T05:26:59Z
2018-09-24,SJF,20.3,21.9,19.8,21.8,2392590,KBS,2026-10-09T05:26:59Z
2018-09-25,SJF,22.1,23.3,21.7,23.3,1481820,KBS,2026-10-09T05:26:59Z
2018-09-26,SJF,23.5,24.9,22.9,24.9,1843080,KBS,2026-10-09T05:26:59Z
2018-09-27,SJF,24.9,24.95,23.5,23.5,1462750,KBS,2026-10-09T05:26:59Z
2018-09-28,SJF,21.9,23.5,21.9,21.9,2553590,KBS,2026-10-09T05:26:59Z
2018-10-01,SJF,21.3,22.0,20.95,21.9,1550900,KBS,2026-10-09T05:26:59Z
2018-10-02,SJF,21.9,22.1,20.95,21.6,1226410,KBS,2026-10-09T05:26:59Z
2018-10-03,SJF,21.65,21.75,20.1,20.5,2918600,KBS,2026-10-09T05:26:59Z
2018-10-04,SJF,20.5,20.6,19.1,19.1,2601470,KBS,2026-10-09T05:26:59Z
2018-10-05,SJF,17.8,18.3,17.8,17.8,2489860,KBS,2026-10-09T05:26:59Z
2018-10-08,SJF,16.6,18.4,16.6,18.4,2107860,KBS,2026-10-09T05:26:59Z
2018-10-09,SJF,18.5,19.0,18.45,18.75,1235710,KBS,2026-10-09T05:26:59Z
2018-10-10,SJF,18.6,18.6,17.45,17.45,1308480,KBS,2026-10-09T05:26:59Z
2018-10-11,SJF,16.25,16.25,16.25,16.25,408280,KBS,2026-10-09T05:26:59Z
2018-10-12,SJF,15.15,15.8,15.15,15.15,2742540,KBS,2026-10-09T05:26:59Z
2018-10-15,SJF,14.1,14.1,14.1,14.1,659600,KBS,2026-10-09T05:26:59Z
2018-10-16,SJF,13.15,13.5,13.15,13.15,1875990,KBS,2026-10-09T05:26:59Z
2018-10-17,SJF,12.25,13.5,12.25,13.15,675180,KBS,2026-10-09T05:26:59Z
2018-10-18,SJF,13.2,13.3,12.25,12.5,536900,KBS,2026-10-09T05:26:59Z
2018-10-19,SJF,12.1,12.2,11.65,11.9,691370,KBS,2026-10-09T05:26:59Z
2018-10-22,SJF,12.0,12.0,11.1,11.3,404740,KBS,2026-10-09T05:26:59Z
2018-10-23,SJF,11.2,11.2,10.55,10.6,642580,KBS,2026-10-09T05:26:59Z
2018-10-24,SJF,10.3,10.6,9.91,10.6,597160,KBS,2026-10-09T05:26:59Z
2018-10-25,SJF,10.0,10.9,9.86,10.9,451320,KBS,2026-10-09T05:26:59Z
2018-10-26,SJF,10.4,10.6,10.15,10.5,1092230,KBS,2026-10-09T05:26:59Z
2018-10-29,SJF,10.4,10.5,10.1,10.5,570170,KBS,2026-10-09T05:26:59Z
2018-10-30,SJF,10.5,10.8,10.35,10.4,458240,KBS,2026-10-09T05:26:59Z
2018-10-31,SJF,10.2,10.7,10.1,10.5,182040,KBS,2026-10-09T05:26:59Z
2018-11-01,SJF,10.3,10.5,10.1,10.3,246290,KBS,2026-10-09T05:26:59Z
2018-11-02,SJF,10.3,11.0,10.0,11.0,854580,KBS,2026-10-09T05:26:59Z
2018-11-05,SJF,11.1,11.4,10.9,11.0,402690,KBS,2026-10-09T05:26:59Z
2018-11-06,SJF,11.0,11.75,10.7,11.75,417170,KBS,2026-10-09T05:26:59Z
2018-11-07,SJF,11.8,12.55,11.75,12.55,718000,KBS,2026-10-09T05:26:59Z
2018-11-08,SJF,12.6,13.0,12.0,12.1,600980,KBS,2026-10-09T05:26:59Z
2018-11-09,SJF,11.9,12.1,11.6,11.9,436210,KBS,2026-10-09T05:26:59Z
2018-11-12,SJF,11.7,12.0,11.1,12.0,424240,KBS,2026-10-09T05:26:59Z
2018-11-13,SJF,11.8,12.7,11.25,12.55,678400,KBS,2026-10-09T05:26:59Z
2018-11-14,SJF,12.4,13.0,12.4,12.6,522000,KBS,2026-10-09T05:26:59Z
2018-11-15,SJF,12.6,12.8,12.45,12.5,395150,KBS,2026-10-09T05:26:59Z
2018-11-16,SJF,12.6,12.8,12.4,12.6,433050,KBS,2026-10-09T05:26:59Z
2018-11-19,SJF,12.6,12.85,12.5,12.7,407380,KBS,2026-10-09T05:26:59Z
2018-11-20,SJF,12.7,12.85,12.45,12.6,331040,KBS,2026-10-09T05:26:59Z
2018-11-21,SJF,12.5,12.6,12.3,12.4,341470,KBS,2026-10-09T05:26:59Z
2018-11-22,SJF,12.4,12.5,12.2,12.4,373980,KBS,2026-10-09T05:26:59Z
2018-11-23,SJF,12.4,12.5,12.1,12.1,331490,KBS,2026-10-09T05:26:59Z
2018-11-26,SJF,12.1,12.2,11.7,11.9,306510,KBS,2026-10-09T05:26:59Z
2018-11-27,SJF,11.75,12.0,11.75,11.9,262020,KBS,2026-10-09T05:26:59Z
2018-11-28,SJF,11.9,11.9,11.7,11.8,213490,KBS,2026-10-09T05:26:59Z
2018-11-29,SJF,11.8,11.95,11.4,11.4,219570,KBS,2026-10-09T05:26:59Z
2018-11-30,SJF,11.45,11.55,11.2,11.5,219340,KBS,2026-10-09T05:26:59Z
2018-12-03,SJF,11.5,11.6,11.2,11.4,202110,KBS,2026-10-09T05:26:59Z
2018-12-04,SJF,11.4,11.4,11.1,11.15,215850,KBS,2026-10-09T05:26:59Z
2018-12-05,SJF,11.05,11.15,10.9,11.0,194290,KBS,2026-10-09T05:26:59Z
2018-12-06,SJF,11.0,11.4,11.0,11.2,194630,KBS,2026-10-09T05:26:59Z
2018-12-07,SJF,11.25,11.4,11.1,11.25,196590,KBS,2026-10-09T05:26:59Z
2018-12-10,SJF,11.25,11.3,11.15,11.2,197310,KBS,2026-10-09T05:26:59Z
2018-12-11,SJF,11.2,11.25,11.0,11.0,196690,KBS,2026-10-09T05:26:59Z
2018-12-12,SJF,11.1,11.3,11.0,11.3,184010,KBS,2026-10-09T05:26:59Z
2018-12-13,SJF,11.3,11.5,11.0,11.3,192030,KBS,2026-10-09T05:26:59Z
2018-12-14,SJF,11.35,11.35,11.0,11.2,220620,KBS,2026-10-09T05:26:59Z
2018-12-17,SJF,11.15,11.2,10.45,10.45,214540,KBS,2026-10-09T05:26:59Z
2018-12-18,SJF,10.2,10.35,9.8,9.89,173780,KBS,2026-10-09T05:26:59Z
2018-12-19,SJF,9.95,10.0,9.2,9.2,297070,KBS,2026-10-09T05:26:59Z
2018-12-20,SJF,8.56,9.4,8.56,9.2,586720,KBS,2026-10-09T05:26:59Z
2018-12-21,SJF,9.15,9.2,9.0,9.2,120760,KBS,2026-10-09T05:26:59Z
2018-12-24,SJF,9.2,9.3,9.15,9.2,109660,KBS,2026-10-09T05:26:59Z
2018-12-25,SJF,9.2,9.2,8.7,9.15,190520,KBS,2026-10-09T05:26:59Z
2018-12-26,SJF,9.1,9.15,8.51,9.05,179420,KBS,2026-10-09T05:26:59Z
2018-12-27,SJF,8.5,8.9,8.42,8.65,536560,KBS,2026-10-09T05:26:59Z
2018-12-28,SJF,8.7,8.8,8.06,8.65,181720,KBS,2026-10-09T05:26:59Z
2019-01-02,SJF,8.05,8.66,8.05,8.05,54630,KBS,2026-10-09T05:26:59Z
2019-01-03,SJF,7.49,7.49,7.49,7.49,47230,KBS,2026-10-09T05:26:59Z
2019-01-04,SJF,6.97,6.97,6.97,6.97,156180,KBS,2026-10-09T05:26:59Z
2019-01-07,SJF,6.49,6.49,6.49,6.49,118030,KBS,2026-10-09T05:26:59Z
2019-01-08,SJF,6.04,6.04,6.04,6.04,69940,KBS,2026-10-09T05:26:59Z
2019-01-09,SJF,5.62,5.62,5.62,5.62,28090,KBS,2026-10-09T05:26:59Z
2019-01-10,SJF,5.23,6.01,5.23,6.01,3876010,KBS,2026-10-09T05:26:59Z
2019-01-11,SJF,6.43,6.43,6.42,6.43,2155830,KBS,2026-10-09T05:26:59Z
2019-01-14,SJF,6.5,6.88,6.43,6.88,1743720,KBS,2026-10-09T05:26:59Z
2019-01-15,SJF,6.4,6.44,6.4,6.4,3162540,KBS,2026-10-09T05:26:59Z
2019-01-16,SJF,5.96,5.96,5.96,5.96,479550,KBS,2026-10-09T05:26:59Z
2019-01-17,SJF,5.55,5.55,5.55,5.55,784710,KBS,2026-10-09T05:26:59Z
2019-01-18,SJF,5.17,5.75,5.17,5.4,4606240,KBS,2026-10-09T05:26:59Z
2019-01-21,SJF,5.45,5.63,5.2,5.39,2662310,KBS,2026-10-09T05:26:59Z
2019-01-22,SJF,5.4,5.4,5.02,5.1,1479630,KBS,2026-10-09T05:26:59Z
2019-01-23,SJF,4.8,5.17,4.75,5.17,2156310,KBS,2026-10-09T05:26:59Z
2019-01-24,SJF,5.17,5.19,4.9,4.9,815140,KBS,2026-10-09T05:26:59Z
2019-01-25,SJF,4.8,4.97,4.6,4.6,432230,KBS,2026-10-09T05:26:59Z
2019-01-28,SJF,4.37,4.6,4.28,4.28,802690,KBS,2026-10-09T05:26:59Z
2019-01-29,SJF,4.03,4.29,3.99,4.11,1226270,KBS,2026-10-09T05:26:59Z
2019-01-30,SJF,4.1,4.33,4.0,4.3,520320,KBS,2026-10-09T05:26:59Z
2019-01-31,SJF,4.3,4.5,4.2,4.25,513060,KBS,2026-10-09T05:26:59Z
2019-02-01,SJF,4.16,4.48,4.11,4.48,238530,KBS,2026-10-09T05:26:59Z
2019-02-11,SJF,4.48,4.48,4.17,4.4,333930,KBS,2026-10-09T05:26:59Z
2019-02-12,SJF,4.4,4.47,4.25,4.4,339500,KBS,2026-10-09T05:26:59Z
2019-02-13,SJF,4.27,4.38,4.2,4.24,287720,KBS,2026-10-09T05:26:59Z
2019-02-14,SJF,4.24,4.29,4.15,4.17,349370,KBS,2026-10-09T05:26:59Z
2019-02-15,SJF,4.15,4.4,4.15,4.27,228260,KBS,2026-10-09T05:26:59Z
2019-02-18,SJF,4.3,4.38,4.27,4.3,441990,KBS,2026-10-09T05:26:59Z
2019-02-19,SJF,4.36,4.36,4.16,4.16,365390,KBS,2026-10-09T05:26:59Z
2019-02-20,SJF,4.14,4.23,4.14,4.15,292530,KBS,2026-10-09T05:26:59Z
2019-02-21,SJF,4.2,4.2,4.06,4.07,337950,KBS,2026-10-09T05:26:59Z
2019-02-22,SJF,4.05,4.11,3.95,3.95,707060,KBS,2026-10-09T05:26:59Z
2019-02-25,SJF,3.98,4.09,3.96,4.0,319150,KBS,2026-10-09T05:26:59Z
2019-02-26,SJF,4.07,4.07,4.0,4.0,381300,KBS,2026-10-09T05:26:59Z
2019-02-27,SJF,4.06,4.06,4.0,4.0,222300,KBS,2026-10-09T05:26:59Z
2019-02-28,SJF,4.0,4.05,3.97,3.97,572550,KBS,2026-10-09T05:26:59Z
2019-03-01,SJF,3.98,4.02,3.98,4.01,286720,KBS,2026-10-09T05:26:59Z
2019-03-04,SJF,4.02,4.18,4.0,4.11,479980,KBS,2026-10-09T05:26:59Z
2019-03-05,SJF,4.16,4.39,4.16,4.39,1284520,KBS,2026-10-09T05:26:59Z
2019-03-06,SJF,4.69,4.69,4.45,4.59,846760,KBS,2026-10-09T05:26:59Z
2019-03-07,SJF,4.59,4.6,4.38,4.41,572940,KBS,2026-10-09T05:26:59Z
2019-03-08,SJF,4.23,4.48,4.23,4.48,520520,KBS,2026-10-09T05:26:59Z
2019-03-11,SJF,4.48,4.48,4.3,4.4,197900,KBS,2026-10-09T05:26:59Z
2019-03-12,SJF,4.5,4.5,4.25,4.26,297450,KBS,2026-10-09T05:26:59Z
2019-03-13,SJF,4.26,4.26,4.1,4.12,436440,KBS,2026-10-09T05:26:59Z
2019-03-14,SJF,4.12,4.12,4.0,4.06,653290,KBS,2026-10-09T05:26:59Z
2019-03-15,SJF,4.06,4.2,4.03,4.13,233880,KBS,2026-10-09T05:26:59Z
2019-03-18,SJF,4.18,4.2,4.07,4.08,208150,KBS,2026-10-09T05:26:59Z
2019-03-19,SJF,4.08,4.12,4.05,4.06,473800,KBS,2026-10-09T05:26:59Z
2019-03-20,SJF,4.07,4.1,4.01,4.04,267950,KBS,2026-10-09T05:26:59Z
2019-03-21,SJF,4.07,4.13,4.0,4.1,774990,KBS,2026-10-09T05:26:59Z
2019-03-22,SJF,4.12,4.12,4.03,4.07,134110,KBS,2026-10-09T05:26:59Z
2019-03-25,SJF,4.01,4.08,4.01,4.03,243900,KBS,2026-10-09T05:26:59Z
2019-03-26,SJF,4.01,4.07,4.0,4.03,176150,KBS,2026-10-09T05:26:59Z
2019-03-27,SJF,4.05,4.05,4.0,4.03,138080,KBS,2026-10-09T05:26:59Z
2019-03-28,SJF,4.03,4.04,4.01,4.02,168330,KBS,2026-10-09T05:26:59Z
2019-03-29,SJF,4.06,4.06,4.01,4.01,131740,KBS,2026-10-09T05:26:59Z
2019-04-01,SJF,4.05,4.06,4.0,4.0,326990,KBS,2026-10-09T05:26:59Z
2019-04-02,SJF,4.0,4.02,4.0,4.01,305620,KBS,2026-10-09T05:26:59Z
2019-04-03,SJF,4.01,4.2,4.01,4.19,625150,KBS,2026-10-09T05:26:59Z
2019-04-04,SJF,4.17,4.25,4.11,4.17,296300,KBS,2026-10-09T05:26:59Z
2019-04-05,SJF,4.18,4.2,4.05,4.11,279540,KBS,2026-10-09T05:26:59Z
2019-04-08,SJF,4.1,4.1,4.0,4.04,432210,KBS,2026-10-09T05:26:59Z
2019-04-09,SJF,4.05,4.19,4.02,4.16,1695050,KBS,2026-10-09T05:26:59Z
2019-04-10,SJF,4.17,4.18,4.08,4.13,900040,KBS,2026-10-09T05:26:59Z
2019-04-11,SJF,4.15,4.17,4.09,4.12,433450,KBS,2026-10-09T05:26:59Z
2019-04-12,SJF,4.18,4.18,4.07,4.14,597320,KBS,2026-10-09T05:26:59Z
2019-04-16,SJF,4.13,4.13,4.02,4.11,555170,KBS,2026-10-09T05:26:59Z
2019-04-17,SJF,4.13,4.13,4.04,4.04,454010,KBS,2026-10-09T05:26:59Z
2019-04-18,SJF,4.03,4.12,4.02,4.05,408440,KBS,2026-10-09T05:26:59Z
2019-04-19,SJF,4.05,4.07,4.03,4.06,324870,KBS,2026-10-09T05:26:59Z
2019-04-22,SJF,4.02,4.05,4.0,4.0,370080,KBS,2026-10-09T05:26:59Z
2019-04-23,SJF,4.02,4.06,3.98,4.06,608270,KBS,2026-10-09T05:26:59Z
2019-04-24,SJF,4.07,4.07,4.02,4.06,271890,KBS,2026-10-09T05:26:59Z
2019-04-25,SJF,4.0,4.06,4.0,4.03,130780,KBS,2026-10-09T05:26:59Z
2019-04-26,SJF,4.01,4.06,4.01,4.04,305930,KBS,2026-10-09T05:26:59Z
2019-05-02,SJF,4.06,4.32,4.06,4.32,2483250,KBS,2026-10-09T05:26:59Z
2019-05-03,SJF,4.36,4.42,4.16,4.16,2368410,KBS,2026-10-09T05:26:59Z
2019-05-06,SJF,4.16,4.18,4.06,4.14,950700,KBS,2026-10-09T05:26:59Z
2019-05-07,SJF,4.21,4.21,4.05,4.14,619800,KBS,2026-10-09T05:26:59Z
2019-05-08,SJF,4.02,4.1,4.0,4.04,771690,KBS,2026-10-09T05:26:59Z
2019-05-09,SJF,4.1,4.1,4.04,4.08,378740,KBS,2026-10-09T05:26:59Z
2019-05-10,SJF,4.03,4.1,4.03,4.04,395340,KBS,2026-10-09T05:26:59Z
2019-05-13,SJF,4.04,4.09,4.0,4.05,1127260,KBS,2026-10-09T05:26:59Z
2019-05-14,SJF,4.05,4.07,4.0,4.05,1077890,KBS,2026-10-09T05:26:59Z
2019-05-15,SJF,4.08,4.08,4.01,4.06,355770,KBS,2026-10-09T05:26:59Z
2019-05-16,SJF,4.06,4.08,4.01,4.01,688600,KBS,2026-10-09T05:26:59Z
2019-05-17,SJF,4.05,4.08,4.02,4.04,969640,KBS,2026-10-09T05:26:59Z
2019-05-20,SJF,4.04,4.1,4.02,4.05,717100,KBS,2026-10-09T05:26:59Z
2019-05-21,SJF,4.05,4.08,4.02,4.05,491360,KBS,2026-10-09T05:26:59Z
2019-05-22,SJF,4.05,4.06,4.01,4.05,868060,KBS,2026-10-09T05:26:59Z
2019-05-23,SJF,4.05,4.05,4.0,4.0,648740,KBS,2026-10-09T05:26:59Z
2019-05-24,SJF,4.0,4.03,3.81,3.81,578410,KBS,2026-10-09T05:26:59Z
2019-05-27,SJF,3.81,3.89,3.61,3.83,797700,KBS,2026-10-09T05:26:59Z
2019-05-28,SJF,3.83,3.86,3.65,3.65,831220,KBS,2026-10-09T05:26:59Z
2019-05-29,SJF,3.7,3.7,3.5,3.5,668510,KBS,2026-10-09T05:26:59Z
2019-05-30,SJF,3.4,3.5,3.29,3.29,1181320,KBS,2026-10-09T05:26:59Z
2019-05-31,SJF,3.22,3.3,3.1,3.17,710320,KBS,2026-10-09T05:26:59Z
2019-06-03,SJF,3.25,3.26,3.14,3.18,368670,KBS,2026-10-09T05:26:59Z
2019-06-04,SJF,3.2,3.3,3.2,3.23,153750,KBS,2026-10-09T05:26:59Z
2019-06-05,SJF,3.3,3.3,3.19,3.19,270890,KBS,2026-10-09T05:26:59Z
2019-06-06,SJF,3.19,3.22,3.08,3.09,271070,KBS,2026-10-09T05:26:59Z
2019-06-07,SJF,3.13,3.13,3.05,3.09,218690,KBS,2026-10-09T05:26:59Z
2019-06-10,SJF,3.06,3.2,3.06,3.09,208910,KBS,2026-10-09T05:26:59Z
2019-06-11,SJF,3.08,3.11,2.99,3.0,327220,KBS,2026-10-09T05:26:59Z
2019-06-12,SJF,2.91,3.0,2.84,2.91,668460,KBS,2026-10-09T05:26:59Z
2019-06-13,SJF,2.91,2.91,2.85,2.91,377940,KBS,2026-10-09T05:26:59Z
2019-06-14,SJF,2.9,2.99,2.84,2.95,273170,KBS,2026-10-09T05:26:59Z
2019-06-17,SJF,2.95,3.15,2.95,3.13,862460,KBS,2026-10-09T05:26:59Z
2019-06-18,SJF,3.1,3.2,3.1,3.14,585130,KBS,2026-10-09T05:26:59Z
2019-06-19,SJF,3.02,3.15,3.0,3.02,192640,KBS,2026-10-09T05:26:59Z
2019-06-20,SJF,3.02,3.1,3.0,3.0,135640,KBS,2026-10-09T05:26:59Z
2019-06-21,SJF,2.92,2.99,2.88,2.92,627730,KBS,2026-10-09T05:26:59Z
2019-06-24,SJF,2.9,2.95,2.8,2.86,850620,KBS,2026-10-09T05:26:59Z
2019-06-25,SJF,2.8,2.95,2.8,2.95,551980,KBS,2026-10-09T05:26:59Z
2019-06-26,SJF,2.75,2.95,2.75,2.85,304820,KBS,2026-10-09T05:26:59Z
2019-06-27,SJF,2.82,2.88,2.8,2.81,488440,KBS,2026-10-09T05:26:59Z
2019-06-28,SJF,2.81,2.85,2.68,2.68,362070,KBS,2026-10-09T05:26:59Z
2019-07-01,SJF,2.73,2.86,2.7,2.86,959430,KBS,2026-10-09T05:26:59Z
2019-07-02,SJF,2.89,3.06,2.87,3.06,2673680,KBS,2026-10-09T05:26:59Z
2019-07-03,SJF,3.22,3.27,3.2,3.27,2703600,KBS,2026-10-09T05:26:59Z
2019-07-04,SJF,3.4,3.49,3.38,3.49,1202420,KBS,2026-10-09T05:26:59Z
2019-07-05,SJF,3.71,3.73,3.65,3.73,2480830,KBS,2026-10-09T05:26:59Z
2019-07-08,SJF,3.99,3.99,3.97,3.99,1334980,KBS,2026-10-09T05:26:59Z
2019-07-09,SJF,4.26,4.26,3.99,4.04,5361980,KBS,2026-10-09T05:26:59Z
2019-07-10,SJF,3.77,3.98,3.76,3.76,1087720,KBS,2026-10-09T05:26:59Z
2019-07-11,SJF,3.5,3.95,3.5,3.8,2690300,KBS,2026-10-09T05:26:59Z
2019-07-12,SJF,3.6,3.79,3.54,3.54,2113920,KBS,2026-10-09T05:26:59Z
2019-07-16,SJF,3.3,3.3,3.14,3.18,1835710,KBS,2026-10-09T05:26:59Z
2019-07-17,SJF,3.15,3.4,3.05,3.4,1681770,KBS,2026-10-09T05:26:59Z
2019-07-18,SJF,3.58,3.63,3.42,3.63,2231500,KBS,2026-10-09T05:26:59Z
2019-07-19,SJF,3.46,3.6,3.38,3.38,866410,KBS,2026-10-09T05:26:59Z
2019-07-22,SJF,3.25,3.36,3.16,3.17,995990,KBS,2026-10-09T05:26:59Z
2019-07-23,SJF,3.17,3.35,3.06,3.22,472520,KBS,2026-10-09T05:26:59Z
2019-07-24,SJF,3.22,3.27,3.2,3.2,271660,KBS,2026-10-09T05:26:59Z
2019-07-25,SJF,3.2,3.2,3.14,3.17,290600,KBS,2026-10-09T05:26:59Z
2019-07-26,SJF,3.17,3.19,3.07,3.08,660770,KBS,2026-10-09T05:26:59Z
2019-07-29,SJF,3.1,3.2,3.07,3.1,231060,KBS,2026-10-09T05:26:59Z
2019-07-30,SJF,3.08,3.13,3.0,3.02,555480,KBS,2026-10-09T05:26:59Z
2019-07-31,SJF,3.02,3.07,2.9,2.94,524710,KBS,2026-10-09T05:26:59Z
2019-08-01,SJF,2.85,3.1,2.85,3.04,351730,KBS,2026-10-09T05:26:59Z
2019-08-02,SJF,3.05,3.05,2.94,2.95,481970,KBS,2026-10-09T05:26:59Z
2019-08-05,SJF,2.91,3.01,2.91,2.96,374070,KBS,2026-10-09T05:26:59Z
2019-08-06,SJF,2.92,2.95,2.89,2.89,869180,KBS,2026-10-09T05:26:59Z
2019-08-07,SJF,2.92,2.94,2.88,2.88,750900,KBS,2026-10-09T05:26:59Z
2019-08-08,SJF,2.9,2.9,2.86,2.87,309650,KBS,2026-10-09T05:26:59Z
2019-08-09,SJF,2.87,3.05,2.86,2.9,462030,KBS,2026-10-09T05:26:59Z
2019-08-12,SJF,2.95,2.99,2.88,2.92,206870,KBS,2026-10-09T05:26:59Z
2019-08-13,SJF,2.92,2.97,2.89,2.97,450620,KBS,2026-10-09T05:26:59Z
2019-08-14,SJF,2.97,3.0,2.93,2.93,340440,KBS,2026-10-09T05:26:59Z
2019-08-15,SJF,2.92,2.93,2.89,2.89,465630,KBS,2026-10-09T05:26:59Z
2019-08-16,SJF,2.89,3.0,2.89,2.95,544190,KBS,2026-10-09T05:26:59Z
2019-08-19,SJF,2.98,2.98,2.92,2.94,218960,KBS,2026-10-09T05:26:59Z
2019-08-20,SJF,2.94,2.96,2.91,2.91,567320,KBS,2026-10-09T05:26:59Z
2019-08-21,SJF,2.9,2.93,2.85,2.85,694780,KBS,2026-10-09T05:26:59Z
2019-08-22,SJF,2.87,2.89,2.84,2.85,293660,KBS,2026-10-09T05:26:59Z
2019-08-23,SJF,2.83,2.9,2.83,2.85,128540,KBS,2026-10-09T05:26:59Z
2019-08-26,SJF,2.82,2.85,2.8,2.82,290490,KBS,2026-10-09T05:26:59Z
2019-08-27,SJF,2.84,2.84,2.75,2.77,548180,KBS,2026-10-09T05:26:59Z
2019-08-28,SJF,2.74,2.77,2.7,2.71,828260,KBS,2026-10-09T05:26:59Z
2019-08-29,SJF,2.72,2.79,2.7,2.71,340580,KBS,2026-10-09T05:26:59Z
2019-08-30,SJF,2.72,2.74,2.71,2.71,336280,KBS,2026-10-09T05:26:59Z
2019-09-03,SJF,2.71,2.84,2.69,2.69,459590,KBS,2026-10-09T05:26:59Z
2019-09-04,SJF,2.69,2.75,2.69,2.69,173380,KBS,2026-10-09T05:26:59Z
2019-09-05,SJF,2.72,2.74,2.65,2.65,354750,KBS,2026-10-09T05:26:59Z
2019-09-06,SJF,2.65,2.69,2.62,2.63,356760,KBS,2026-10-09T05:26:59Z
2019-09-09,SJF,2.65,2.65,2.53,2.53,362250,KBS,2026-10-09T05:26:59Z
2019-09-10,SJF,2.58,2.58,2.4,2.44,804410,KBS,2026-10-09T05:26:59Z
2019-09-11,SJF,2.44,2.47,2.37,2.45,494060,KBS,2026-10-09T05:26:59Z
2019-09-12,SJF,2.45,2.53,2.45,2.48,190820,KBS,2026-10-09T05:26:59Z
2019-09-13,SJF,2.44,2.52,2.42,2.42,177830,KBS,2026-10-09T05:26:59Z
2019-09-16,SJF,2.44,2.44,2.35,2.37,297800,KBS,2026-10-09T05:26:59Z
2019-09-17,SJF,2.37,2.41,2.35,2.38,355000,KBS,2026-10-09T05:26:59Z
2019-09-18,SJF,2.38,2.4,2.37,2.39,70450,KBS,2026-10-09T05:26:59Z
2019-09-19,SJF,2.38,2.55,2.38,2.55,405820,KBS,2026-10-09T05:26:59Z
2019-09-20,SJF,2.72,2.72,2.72,2.72,170300,KBS,2026-10-09T05:26:59Z
2019-09-23,SJF,2.91,2.91,2.55,2.56,3128550,KBS,2026-10-09T05:26:59Z
2019-09-24,SJF,2.56,2.58,2.5,2.53,344870,KBS,2026-10-09T05:26:59Z
2019-09-25,SJF,2.55,2.7,2.53,2.68,535880,KBS,2026-10-09T05:26:59Z
2019-09-26,SJF,2.69,2.69,2.58,2.58,298890,KBS,2026-10-09T05:26:59Z
2019-09-27,SJF,2.58,2.66,2.58,2.58,332280,KBS,2026-10-09T05:26:59Z
2019-09-30,SJF,2.58,2.65,2.58,2.58,440510,KBS,2026-10-09T05:26:59Z
2019-10-01,SJF,2.57,2.62,2.53,2.53,286320,KBS,2026-10-09T05:26:59Z
2019-10-02,SJF,2.51,2.6,2.5,2.5,329260,KBS,2026-10-09T05:26:59Z
2019-10-03,SJF,2.47,2.5,2.38,2.39,756520,KBS,2026-10-09T05:26:59Z
2019-10-04,SJF,2.4,2.45,2.4,2.43,276720,KBS,2026-10-09T05:26:59Z
2019-10-07,SJF,2.46,2.51,2.42,2.42,269120,KBS,2026-10-09T05:26:59Z
2019-10-08,SJF,2.42,2.46,2.39,2.39,333270,KBS,2026-10-09T05:26:59Z
2019-10-09,SJF,2.39,2.43,2.37,2.4,357750,KBS,2026-10-09T05:26:59Z
2019-10-10,SJF,2.4,2.43,2.38,2.41,332100,KBS,2026-10-09T05:26:59Z
2019-10-11,SJF,2.4,2.42,2.4,2.42,90870,KBS,2026-10-09T05:26:59Z
2019-10-14,SJF,2.43,2.45,2.4,2.43,288020,KBS,2026-10-09T05:26:59Z
2019-10-15,SJF,2.49,2.49,2.4,2.41,215000,KBS,2026-10-09T05:26:59Z
2019-10-16,SJF,2.41,2.43,2.39,2.39,116690,KBS,2026-10-09T05:26:59Z
2019-10-17,SJF,2.42,2.42,2.39,2.41,187520,KBS,2026-10-09T05:26:59Z
2019-10-18,SJF,2.4,2.43,2.37,2.37,537830,KBS,2026-10-09T05:26:59Z
2019-10-21,SJF,2.36,2.42,2.36,2.41,297120,KBS,2026-10-09T05:26:59Z
2019-10-22,SJF,2.4,2.42,2.38,2.42,260680,KBS,2026-10-09T05:26:59Z
2019-10-23,SJF,2.42,2.42,2.37,2.38,286570,KBS,2026-10-09T05:26:59Z
2019-10-24,SJF,2.4,2.4,2.37,2.4,180140,KBS,2026-10-09T05:26:59Z
2019-10-25,SJF,2.4,2.41,2.37,2.37,1295650,KBS,2026-10-09T05:26:59Z
2019-10-28,SJF,2.42,2.42,2.37,2.38,286840,KBS,2026-10-09T05:26:59Z
2019-10-29,SJF,2.39,2.4,2.38,2.38,395650,KBS,2026-10-09T05:26:59Z
2019-10-30,SJF,2.39,2.39,2.26,2.34,272570,KBS,2026-10-09T05:26:59Z
2019-10-31,SJF,2.33,2.37,2.19,2.25,1162520,KBS,2026-10-09T05:26:59Z
2019-11-01,SJF,2.18,2.21,2.16,2.2,653980,KBS,2026-10-09T05:26:59Z
2019-11-04,SJF,2.19,2.19,2.13,2.14,1031480,KBS,2026-10-09T05:26:59Z
2019-11-05,SJF,2.12,2.25,2.12,2.22,298920,KBS,2026-10-09T05:26:59Z
2019-11-06,SJF,2.22,2.28,2.22,2.25,406790,KBS,2026-10-09T05:26:59Z
2019-11-07,SJF,2.26,2.26,2.15,2.2,186970,KBS,2026-10-09T05:26:59Z
2019-11-08,SJF,2.2,2.23,2.18,2.22,204580,KBS,2026-10-09T05:26:59Z
2019-11-11,SJF,2.23,2.23,2.19,2.21,873430,KBS,2026-10-09T05:26:59Z
2019-11-12,SJF,2.21,2.24,2.2,2.21,457650,KBS,2026-10-09T05:26:59Z
2019-11-13,SJF,2.23,2.23,2.19,2.22,652210,KBS,2026-10-09T05:26:59Z
2019-11-14,SJF,2.23,2.23,2.19,2.2,475680,KBS,2026-10-09T05:26:59Z
2019-11-15,SJF,2.21,2.35,2.18,2.35,913460,KBS,2026-10-09T05:26:59Z
2019-11-18,SJF,2.49,2.51,2.41,2.51,1058690,KBS,2026-10-09T05:26:59Z
2019-11-19,SJF,2.67,2.67,2.35,2.42,1036780,KBS,2026-10-09T05:26:59Z
2019-11-20,SJF,2.4,2.46,2.36,2.41,657200,KBS,2026-10-09T05:26:59Z
2019-11-21,SJF,2.34,2.4,2.3,2.3,789070,KBS,2026-10-09T05:26:59Z
2019-11-22,SJF,2.28,2.3,2.2,2.2,629780,KBS,2026-10-09T05:26:59Z
2019-11-25,SJF,2.33,2.33,2.24,2.24,306240,KBS,2026-10-09T05:26:59Z
2019-11-26,SJF,2.3,2.3,2.23,2.23,245850,KBS,2026-10-09T05:26:59Z
2019-11-27,SJF,2.25,2.27,2.2,2.23,299690,KBS,2026-10-09T05:26:59Z
2019-11-28,SJF,2.23,2.24,2.2,2.21,189060,KBS,2026-10-09T05:26:59Z
2019-11-29,SJF,2.23,2.24,2.18,2.19,606890,KBS,2026-10-09T05:26:59Z
2019-12-02,SJF,2.18,2.34,2.18,2.24,265940,KBS,2026-10-09T05:26:59Z
2019-12-03,SJF,2.29,2.29,2.19,2.2,439030,KBS,2026-10-09T05:26:59Z
2019-12-04,SJF,2.19,2.25,2.19,2.2,69100,KBS,2026-10-09T05:26:59Z
2019-12-05,SJF,2.23,2.23,2.15,2.18,462950,KBS,2026-10-09T05:26:59Z
2019-12-06,SJF,2.21,2.21,2.16,2.17,298310,KBS,2026-10-09T05:26:59Z
2019-12-09,SJF,2.17,2.2,2.15,2.2,159600,KBS,2026-10-09T05:26:59Z
2019-12-10,SJF,2.18,2.28,2.18,2.23,414380,KBS,2026-10-09T05:26:59Z
2019-12-11,SJF,2.25,2.25,2.21,2.25,173190,KBS,2026-10-09T05:26:59Z
2019-12-12,SJF,2.25,2.26,2.21,2.23,124850,KBS,2026-10-09T05:26:59Z
2019-12-13,SJF,2.23,2.25,2.19,2.22,296690,KBS,2026-10-09T05:26:59Z
2019-12-16,SJF,2.22,2.23,2.19,2.19,245500,KBS,2026-10-09T05:26:59Z
2019-12-17,SJF,2.19,2.34,2.19,2.34,1324190,KBS,2026-10-09T05:26:59Z
2019-12-18,SJF,2.29,2.33,2.22,2.26,232170,KBS,2026-10-09T05:26:59Z
2019-12-19,SJF,2.26,2.27,2.22,2.24,201570,KBS,2026-10-09T05:26:59Z
2019-12-20,SJF,2.22,2.24,2.2,2.24,508070,KBS,2026-10-09T05:26:59Z
2019-12-23,SJF,2.25,2.27,2.21,2.24,284370,KBS,2026-10-09T05:26:59Z
2019-12-24,SJF,2.24,2.25,2.2,2.23,204210,KBS,2026-10-09T05:26:59Z
2019-12-25,SJF,2.23,2.24,2.2,2.2,292570,KBS,2026-10-09T05:26:59Z
2019-12-26,SJF,2.21,2.27,2.2,2.25,404120,KBS,2026-10-09T05:26:59Z
2019-12-27,SJF,2.26,2.26,2.21,2.22,191360,KBS,2026-10-09T05:26:59Z
2019-12-30,SJF,2.22,2.24,2.19,2.22,276450,KBS,2026-10-09T05:26:59Z
2019-12-31,SJF,2.22,2.22,2.12,2.18,933130,KBS,2026-10-09T05:26:59Z
2020-01-02,SJF,2.19,2.21,2.1,2.15,646120,KBS,2026-10-09T05:26:59Z
2020-01-03,SJF,2.18,2.18,2.1,2.15,581300,KBS,2026-10-09T05:26:59Z
2020-01-06,SJF,2.1,2.14,2.08,2.1,225640,KBS,2026-10-09T05:26:59Z
2020-01-07,SJF,2.08,2.14,2.07,2.1,1570280,KBS,2026-10-09T05:26:59Z
2020-01-08,SJF,2.1,2.1,1.96,1.96,868860,KBS,2026-10-09T05:26:59Z
2020-01-09,SJF,2.0,2.0,1.9,1.9,428570,KBS,2026-10-09T05:26:59Z
2020-01-10,SJF,1.88,1.95,1.8,1.81,549590,KBS,2026-10-09T05:26:59Z
2020-01-13,SJF,1.81,1.84,1.8,1.8,161930,KBS,2026-10-09T05:26:59Z
2020-01-14,SJF,1.8,1.82,1.78,1.78,285760,KBS,2026-10-09T05:26:59Z
2020-01-15,SJF,1.77,1.78,1.66,1.67,670380,KBS,2026-10-09T05:26:59Z
2020-01-16,SJF,1.67,1.67,1.56,1.57,1358540,KBS,2026-10-09T05:26:59Z
2020-01-17,SJF,1.63,1.64,1.58,1.59,189450,KBS,2026-10-09T05:26:59Z
2020-01-20,SJF,1.6,1.64,1.57,1.58,157980,KBS,2026-10-09T05:26:59Z
2020-01-21,SJF,1.56,1.61,1.53,1.56,291110,KBS,2026-10-09T05:26:59Z
2020-01-22,SJF,1.6,1.66,1.58,1.66,660160,KBS,2026-10-09T05:26:59Z
2020-01-30,SJF,1.72,1.77,1.7,1.77,843070,KBS,2026-10-09T05:26:59Z
2020-01-31,SJF,1.86,1.89,1.85,1.89,1611390,KBS,2026-10-09T05:26:59Z
2020-02-03,SJF,1.95,1.98,1.76,1.76,1174900,KBS,2026-10-09T05:26:59Z
2020-02-04,SJF,1.69,1.75,1.64,1.64,649340,KBS,2026-10-09T05:26:59Z
2020-02-05,SJF,1.56,1.7,1.54,1.7,900870,KBS,2026-10-09T05:26:59Z
2020-02-06,SJF,1.66,1.81,1.65,1.79,740030,KBS,2026-10-09T05:26:59Z
2020-02-07,SJF,1.79,1.8,1.67,1.76,199000,KBS,2026-10-09T05:26:59Z
2020-02-10,SJF,1.7,1.78,1.65,1.65,474720,KBS,2026-10-09T05:26:59Z
2020-02-11,SJF,1.65,1.73,1.65,1.68,240490,KBS,2026-10-09T05:26:59Z
2020-02-12,SJF,1.68,1.73,1.67,1.72,301450,KBS,2026-10-09T05:26:59Z
2020-02-13,SJF,1.7,1.73,1.69,1.72,195230,KBS,2026-10-09T05:26:59Z
2020-02-14,SJF,1.7,1.73,1.69,1.72,193260,KBS,2026-10-09T05:26:59Z
2020-02-17,SJF,1.72,1.8,1.72,1.8,336990,KBS,2026-10-09T05:26:59Z
2020-02-18,SJF,1.8,1.83,1.72,1.73,266780,KBS,2026-10-09T05:26:59Z
2020-02-19,SJF,1.72,1.79,1.72,1.76,85560,KBS,2026-10-09T05:26:59Z
2020-02-20,SJF,1.77,1.8,1.72,1.78,637090,KBS,2026-10-09T05:26:59Z
2020-02-21,SJF,1.78,1.79,1.73,1.75,72760,KBS,2026-10-09T05:26:59Z
2020-02-24,SJF,1.75,1.75,1.63,1.63,780640,KBS,2026-10-09T05:26:59Z
2020-02-25,SJF,1.53,1.64,1.53,1.64,387230,KBS,2026-10-09T05:26:59Z
2020-02-26,SJF,1.59,1.66,1.59,1.6,189630,KBS,2026-10-09T05:26:59Z
2020-02-27,SJF,1.62,1.62,1.59,1.61,166110,KBS,2026-10-09T05:26:59Z
2020-02-28,SJF,1.59,1.61,1.55,1.6,448830,KBS,2026-10-09T05:26:59Z
2020-03-02,SJF,1.59,1.6,1.55,1.56,157870,KBS,2026-10-09T05:26:59Z
2020-03-03,SJF,1.56,1.65,1.56,1.63,217140,KBS,2026-10-09T05:26:59Z
2020-03-04,SJF,1.64,1.65,1.58,1.65,540600,KBS,2026-10-09T05:26:59Z
2020-03-05,SJF,1.67,1.67,1.61,1.61,303860,KBS,2026-10-09T05:26:59Z
2020-03-06,SJF,1.62,1.65,1.59,1.62,352430,KBS,2026-10-09T05:26:59Z
2020-03-09,SJF,1.56,1.56,1.51,1.51,743350,KBS,2026-10-09T05:26:59Z
2020-03-10,SJF,1.45,1.54,1.42,1.52,659230,KBS,2026-10-09T05:26:59Z
2020-03-11,SJF,1.54,1.54,1.42,1.45,403280,KBS,2026-10-09T05:26:59Z
2020-03-12,SJF,1.4,1.4,1.35,1.35,808450,KBS,2026-10-09T05:26:59Z
2020-03-13,SJF,1.29,1.3,1.26,1.29,611240,KBS,2026-10-09T05:26:59Z
2020-03-16,SJF,1.3,1.38,1.3,1.32,727190,KBS,2026-10-09T05:26:59Z
2020-03-17,SJF,1.32,1.41,1.32,1.41,521440,KBS,2026-10-09T05:26:59Z
2020-03-18,SJF,1.48,1.5,1.47,1.5,901850,KBS,2026-10-09T05:26:59Z
2020-03-19,SJF,1.55,1.55,1.4,1.4,954720,KBS,2026-10-09T05:26:59Z
2020-03-20,SJF,1.4,1.48,1.35,1.36,212930,KBS,2026-10-09T05:26:59Z
2020-03-23,SJF,1.28,1.34,1.27,1.27,907580,KBS,2026-10-09T05:26:59Z
2020-03-24,SJF,1.26,1.29,1.24,1.26,351430,KBS,2026-10-09T05:26:59Z
2020-03-25,SJF,1.29,1.34,1.26,1.33,507640,KBS,2026-10-09T05:26:59Z
2020-03-26,SJF,1.26,1.33,1.25,1.25,275620,KBS,2026-10-09T05:26:59Z
2020-03-27,SJF,1.25,1.26,1.2,1.24,155430,KBS,2026-10-09T05:26:59Z
2020-03-30,SJF,1.2,1.2,1.16,1.17,699790,KBS,2026-10-09T05:26:59Z
2020-03-31,SJF,1.17,1.24,1.14,1.16,410740,KBS,2026-10-09T05:26:59Z
2020-04-01,SJF,1.2,1.24,1.15,1.23,327200,KBS,2026-10-09T05:26:59Z
2020-04-03,SJF,1.23,1.3,1.22,1.29,262880,KBS,2026-10-09T05:26:59Z
2020-04-06,SJF,1.27,1.31,1.25,1.27,264980,KBS,2026-10-09T05:26:59Z
2020-04-07,SJF,1.28,1.29,1.22,1.27,373410,KBS,2026-10-09T05:26:59Z
2020-04-08,SJF,1.27,1.29,1.25,1.29,420710,KBS,2026-10-09T05:26:59Z
2020-04-09,SJF,1.27,1.31,1.27,1.28,368170,KBS,2026-10-09T05:26:59Z
2020-04-10,SJF,1.26,1.3,1.25,1.29,199820,KBS,2026-10-09T05:26:59Z
2020-04-13,SJF,1.29,1.3,1.22,1.29,316840,KBS,2026-10-09T05:26:59Z
2020-04-14,SJF,1.29,1.29,1.23,1.27,532900,KBS,2026-10-09T05:26:59Z
2020-04-15,SJF,1.29,1.29,1.24,1.27,495280,KBS,2026-10-09T05:26:59Z
2020-04-16,SJF,1.27,1.29,1.24,1.27,478030,KBS,2026-10-09T05:26:59Z
2020-04-17,SJF,1.28,1.35,1.28,1.35,463030,KBS,2026-10-09T05:26:59Z
2020-04-20,SJF,1.44,1.44,1.44,1.44,179580,KBS,2026-10-09T05:26:59Z
2020-04-21,SJF,1.54,1.54,1.47,1.54,2832280,KBS,2026-10-09T05:26:59Z
2020-04-22,SJF,1.63,1.64,1.54,1.64,1942160,KBS,2026-10-09T05:26:59Z
2020-04-23,SJF,1.73,1.75,1.66,1.66,1213760,KBS,2026-10-09T05:26:59Z
2020-04-24,SJF,1.56,1.64,1.55,1.55,1042560,KBS,2026-10-09T05:26:59Z
2020-04-27,SJF,1.55,1.65,1.52,1.58,900370,KBS,2026-10-09T05:26:59Z
2020-04-28,SJF,1.58,1.62,1.55,1.62,771500,KBS,2026-10-09T05:26:59Z
2020-04-29,SJF,1.73,1.73,1.61,1.73,2260210,KBS,2026-10-09T05:26:59Z
2020-05-04,SJF,1.8,1.85,1.73,1.85,2350680,KBS,2026-10-09T05:26:59Z
2020-05-05,SJF,1.87,1.9,1.8,1.86,759790,KBS,2026-10-09T05:26:59Z
2020-05-06,SJF,1.81,1.83,1.76,1.82,985600,KBS,2026-10-09T05:26:59Z
2020-05-07,SJF,1.77,1.84,1.77,1.81,413290,KBS,2026-10-09T05:26:59Z
2020-05-08,SJF,1.85,1.85,1.8,1.83,595210,KBS,2026-10-09T05:26:59Z
2020-05-11,SJF,1.94,1.95,1.84,1.94,838640,KBS,2026-10-09T05:26:59Z
2020-05-12,SJF,1.95,2.06,1.92,2.0,1005330,KBS,2026-10-09T05:26:59Z
2020-05-13,SJF,1.95,2.1,1.93,2.03,433630,KBS,2026-10-09T05:26:59Z
2020-05-14,SJF,2.0,2.08,1.96,1.96,1244460,KBS,2026-10-09T05:26:59Z
2020-05-15,SJF,1.96,1.97,1.83,1.83,1562690,KBS,2026-10-09T05:26:59Z
2020-05-18,SJF,1.77,1.95,1.77,1.95,699000,KBS,2026-10-09T05:26:59Z
2020-05-19,SJF,2.04,2.04,1.91,1.95,216480,KBS,2026-10-09T05:26:59Z
2020-05-20,SJF,1.92,1.94,1.88,1.9,326610,KBS,2026-10-09T05:26:59Z
2020-05-21,SJF,1.89,1.96,1.85,1.86,432540,KBS,2026-10-09T05:26:59Z
2020-05-22,SJF,1.91,1.91,1.82,1.83,173490,KBS,2026-10-09T05:26:59Z
2020-05-25,SJF,1.83,1.93,1.77,1.91,784300,KBS,2026-10-09T05:26:59Z
2020-05-26,SJF,1.93,1.93,1.88,1.88,356120,KBS,2026-10-09T05:26:59Z
2020-05-27,SJF,1.9,1.93,1.87,1.87,850270,KBS,2026-10-09T05:26:59Z
2020-05-28,SJF,1.87,1.91,1.87,1.91,394840,KBS,2026-10-09T05:26:59Z
2020-05-29,SJF,1.91,1.92,1.86,1.92,495860,KBS,2026-10-09T05:26:59Z
2020-06-01,SJF,1.99,2.05,1.99,2.05,2788380,KBS,2026-10-09T05:26:59Z
2020-06-02,SJF,2.17,2.18,1.97,2.0,954160,KBS,2026-10-09T05:26:59Z
2020-06-03,SJF,2.0,2.14,1.93,2.1,1705610,KBS,2026-10-09T05:26:59Z
2020-06-04,SJF,2.13,2.22,2.06,2.2,2023400,KBS,2026-10-09T05:26:59Z
2020-06-05,SJF,2.2,2.35,2.19,2.35,3747300,KBS,2026-10-09T05:26:59Z
2020-06-08,SJF,2.51,2.51,2.51,2.51,536690,KBS,2026-10-09T05:26:59Z
2020-06-09,SJF,2.68,2.68,2.68,2.68,285240,KBS,2026-10-09T05:26:59Z
2020-06-10,SJF,2.86,2.86,2.86,2.86,202070,KBS,2026-10-09T05:26:59Z
2020-06-11,SJF,3.06,3.06,2.68,2.98,10278910,KBS,2026-10-09T05:26:59Z
2020-06-12,SJF,2.78,3.18,2.78,3.18,4047290,KBS,2026-10-09T05:26:59Z
2020-06-15,SJF,3.4,3.4,3.39,3.4,1780020,KBS,2026-10-09T05:26:59Z
2020-06-16,SJF,3.63,3.63,3.34,3.51,7578580,KBS,2026-10-09T05:26:59Z
2020-06-17,SJF,3.27,3.4,3.27,3.27,1419160,KBS,2026-10-09T05:26:59Z
2020-06-18,SJF,3.05,3.05,3.05,3.05,468970,KBS,2026-10-09T05:26:59Z
2020-06-19,SJF,2.84,3.26,2.84,3.11,8766940,KBS,2026-10-09T05:26:59Z
2020-06-22,SJF,3.24,3.32,2.9,3.32,7237170,KBS,2026-10-09T05:26:59Z
2020-06-23,SJF,3.52,3.52,3.09,3.18,3824110,KBS,2026-10-09T05:26:59Z
2020-06-24,SJF,3.03,3.1,2.96,2.96,3423680,KBS,2026-10-09T05:26:59Z
2020-06-25,SJF,2.76,2.94,2.76,2.94,3841360,KBS,2026-10-09T05:26:59Z
2020-06-26,SJF,2.95,2.98,2.74,2.78,5176280,KBS,2026-10-09T05:26:59Z
2020-06-29,SJF,2.73,2.73,2.59,2.59,2485280,KBS,2026-10-09T05:26:59Z
2020-06-30,SJF,2.41,2.5,2.41,2.41,2567080,KBS,2026-10-09T05:26:59Z
2020-07-01,SJF,2.25,2.43,2.25,2.3,5975750,KBS,2026-10-09T05:26:59Z
2020-07-02,SJF,2.31,2.36,2.27,2.3,1990430,KBS,2026-10-09T05:26:59Z
2020-07-03,SJF,2.28,2.28,2.14,2.16,4044930,KBS,2026-10-09T05:26:59Z
2020-07-06,SJF,2.14,2.2,2.05,2.15,1664350,KBS,2026-10-09T05:26:59Z
2020-07-07,SJF,2.19,2.3,2.16,2.3,1334990,KBS,2026-10-09T05:26:59Z
2020-07-08,SJF,2.46,2.46,2.46,2.46,980610,KBS,2026-10-09T05:26:59Z
2020-07-09,SJF,2.63,2.63,2.46,2.63,4611350,KBS,2026-10-09T05:26:59Z
2020-07-10,SJF,2.63,2.78,2.61,2.69,4212730,KBS,2026-10-09T05:26:59Z
2020-07-13,SJF,2.68,2.7,2.51,2.51,4392010,KBS,2026-10-09T05:26:59Z
2020-07-14,SJF,2.45,2.45,2.34,2.38,4321850,KBS,2026-10-09T05:26:59Z
2020-07-15,SJF,2.47,2.54,2.37,2.42,7775390,KBS,2026-10-09T05:26:59Z
2020-07-16,SJF,2.43,2.43,2.3,2.42,3797390,KBS,2026-10-09T05:26:59Z
2020-07-17,SJF,2.41,2.43,2.32,2.4,3567890,KBS,2026-10-09T05:26:59Z
2020-07-20,SJF,2.38,2.38,2.24,2.24,6323900,KBS,2026-10-09T05:26:59Z
2020-07-21,SJF,2.3,2.3,2.13,2.13,2310990,KBS,2026-10-09T05:26:59Z
2020-07-22,SJF,2.13,2.22,2.08,2.11,2657200,KBS,2026-10-09T05:26:59Z
2020-07-23,SJF,2.11,2.13,2.07,2.09,1205200,KBS,2026-10-09T05:26:59Z
2020-07-24,SJF,2.09,2.09,1.95,1.95,3981030,KBS,2026-10-09T05:26:59Z
2020-07-27,SJF,1.82,1.82,1.82,1.82,537720,KBS,2026-10-09T05:26:59Z
2020-07-28,SJF,1.7,1.88,1.7,1.79,3884970,KBS,2026-10-09T05:26:59Z
2020-07-29,SJF,1.71,1.71,1.67,1.67,2301530,KBS,2026-10-09T05:26:59Z
2020-07-30,SJF,1.65,1.72,1.61,1.62,1454090,KBS,2026-10-09T05:26:59Z
2020-07-31,SJF,1.51,1.59,1.51,1.52,3166430,KBS,2026-10-09T05:26:59Z
2020-08-03,SJF,1.46,1.62,1.46,1.62,1233660,KBS,2026-10-09T05:26:59Z
2020-08-04,SJF,1.73,1.73,1.72,1.73,1041400,KBS,2026-10-09T05:26:59Z
2020-08-05,SJF,1.82,1.85,1.73,1.85,3895440,KBS,2026-10-09T05:26:59Z
2020-08-06,SJF,1.8,1.96,1.8,1.89,1836910,KBS,2026-10-09T05:26:59Z
2020-08-07,SJF,1.85,1.91,1.8,1.85,1352060,KBS,2026-10-09T05:26:59Z
2020-08-10,SJF,1.88,1.97,1.83,1.96,2435880,KBS,2026-10-09T05:26:59Z
2020-08-11,SJF,1.98,2.04,1.95,1.96,1582270,KBS,2026-10-09T05:26:59Z
2020-08-12,SJF,1.96,2.02,1.94,1.98,1066370,KBS,2026-10-09T05:26:59Z
2020-08-13,SJF,1.98,2.0,1.95,1.98,1038110,KBS,2026-10-09T05:26:59Z
2020-08-14,SJF,1.98,1.98,1.85,1.85,2858670,KBS,2026-10-09T05:26:59Z
2020-08-17,SJF,1.85,1.87,1.75,1.86,1520870,KBS,2026-10-09T05:26:59Z
2020-08-18,SJF,1.86,1.87,1.84,1.87,481870,KBS,2026-10-09T05:26:59Z
2020-08-19,SJF,1.86,1.92,1.85,1.91,1020930,KBS,2026-10-09T05:26:59Z
2020-08-20,SJF,1.92,1.93,1.86,1.88,1023520,KBS,2026-10-09T05:26:59Z
2020-08-21,SJF,1.88,1.92,1.86,1.88,1704150,KBS,2026-10-09T05:26:59Z
2020-08-24,SJF,1.88,1.96,1.88,1.94,1402630,KBS,2026-10-09T05:26:59Z
2020-08-25,SJF,1.99,1.99,1.93,1.94,889020,KBS,2026-10-09T05:26:59Z
2020-08-26,SJF,1.91,1.94,1.88,1.89,1285510,KBS,2026-10-09T05:26:59Z
2020-08-27,SJF,1.87,1.92,1.83,1.9,1201030,KBS,2026-10-09T05:26:59Z
2020-08-28,SJF,1.92,2.03,1.9,2.03,2718510,KBS,2026-10-09T05:26:59Z
2020-08-31,SJF,2.17,2.17,2.03,2.12,2937540,KBS,2026-10-09T05:26:59Z
2020-09-01,SJF,2.1,2.14,2.0,2.08,1492230,KBS,2026-10-09T05:26:59Z
2020-09-03,SJF,2.05,2.22,2.03,2.22,3109260,KBS,2026-10-09T05:26:59Z
2020-09-04,SJF,2.28,2.37,2.22,2.37,4750790,KBS,2026-10-09T05:26:59Z
2020-09-07,SJF,2.51,2.53,2.46,2.53,3853340,KBS,2026-10-09T05:26:59Z
2020-09-08,SJF,2.54,2.54,2.36,2.4,3384690,KBS,2026-10-09T05:26:59Z
2020-09-09,SJF,2.25,2.4,2.25,2.39,2375950,KBS,2026-10-09T05:26:59Z
2020-09-10,SJF,2.39,2.55,2.37,2.55,2162030,KBS,2026-10-09T05:26:59Z
2020-09-11,SJF,2.56,2.7,2.5,2.55,2523480,KBS,2026-10-09T05:26:59Z
2020-09-14,SJF,2.55,2.63,2.45,2.49,2128780,KBS,2026-10-09T05:26:59Z
2020-09-15,SJF,2.51,2.52,2.36,2.4,2998720,KBS,2026-10-09T05:26:59Z
2020-09-16,SJF,2.35,2.47,2.35,2.42,1175040,KBS,2026-10-09T05:26:59Z
2020-09-17,SJF,2.4,2.46,2.26,2.32,2354120,KBS,2026-10-09T05:26:59Z
2020-09-18,SJF,2.35,2.44,2.25,2.43,1872190,KBS,2026-10-09T05:26:59Z
2020-09-21,SJF,2.5,2.55,2.43,2.47,2069090,KBS,2026-10-09T05:26:59Z
2020-09-22,SJF,2.45,2.46,2.32,2.43,2004150,KBS,2026-10-09T05:26:59Z
2020-09-23,SJF,2.43,2.46,2.36,2.39,1654200,KBS,2026-10-09T05:26:59Z
2020-09-24,SJF,2.39,2.49,2.35,2.4,1675070,KBS,2026-10-09T05:26:59Z
2020-09-25,SJF,2.4,2.44,2.36,2.4,1241570,KBS,2026-10-09T05:26:59Z
2020-09-28,SJF,2.36,2.41,2.36,2.37,838520,KBS,2026-10-09T05:26:59Z
2020-09-29,SJF,2.35,2.38,2.26,2.27,2189300,KBS,2026-10-09T05:26:59Z
2020-09-30,SJF,2.27,2.35,2.22,2.3,1840880,KBS,2026-10-09T05:26:59Z
2020-10-01,SJF,2.35,2.36,2.28,2.3,764240,KBS,2026-10-09T05:26:59Z
2020-10-02,SJF,2.3,2.33,2.21,2.28,1751520,KBS,2026-10-09T05:26:59Z
2020-10-05,SJF,2.26,2.39,2.26,2.34,1583210,KBS,2026-10-09T05:26:59Z
2020-10-06,SJF,2.38,2.38,2.3,2.36,1712840,KBS,2026-10-09T05:26:59Z
2020-10-07,SJF,2.36,2.45,2.33,2.44,3026640,KBS,2026-10-09T05:26:59Z
2020-10-08,SJF,2.47,2.48,2.4,2.43,1724330,KBS,2026-10-09T05:26:59Z
2020-10-09,SJF,2.45,2.45,2.37,2.37,998350,KBS,2026-10-09T05:26:59Z
2020-10-12,SJF,2.35,2.37,2.3,2.3,1684440,KBS,2026-10-09T05:26:59Z
2020-10-13,SJF,2.3,2.35,2.28,2.29,824060,KBS,2026-10-09T05:26:59Z
2020-10-14,SJF,2.29,2.32,2.28,2.3,921340,KBS,2026-10-09T05:26:59Z
2020-10-15,SJF,2.32,2.32,2.24,2.24,1412840,KBS,2026-10-09T05:26:59Z
2020-10-16,SJF,2.24,2.26,2.16,2.19,1953730,KBS,2026-10-09T05:26:59Z
2020-10-19,SJF,2.16,2.2,2.14,2.14,1433960,KBS,2026-10-09T05:26:59Z
2020-10-20,SJF,2.14,2.24,2.14,2.16,963730,KBS,2026-10-09T05:26:59Z
2020-10-21,SJF,2.14,2.2,2.13,2.13,859750,KBS,2026-10-09T05:26:59Z
2020-10-22,SJF,2.13,2.15,2.05,2.09,1497660,KBS,2026-10-09T05:26:59Z
2020-10-23,SJF,2.1,2.19,2.09,2.14,861660,KBS,2026-10-09T05:26:59Z
2020-10-26,SJF,2.19,2.19,2.1,2.1,677670,KBS,2026-10-09T05:26:59Z
2020-10-27,SJF,2.1,2.14,2.06,2.06,607360,KBS,2026-10-09T05:26:59Z
2020-10-28,SJF,2.06,2.07,1.95,1.95,1573560,KBS,2026-10-09T05:26:59Z
2020-10-29,SJF,1.93,1.98,1.91,1.98,790300,KBS,2026-10-09T05:26:59Z
2020-10-30,SJF,1.98,2.0,1.96,1.97,479140,KBS,2026-10-09T05:26:59Z
2020-11-02,SJF,1.97,2.1,1.96,2.1,804260,KBS,2026-10-09T05:26:59Z
2020-11-03,SJF,2.2,2.2,2.12,2.14,590500,KBS,2026-10-09T05:26:59Z
2020-11-04,SJF,2.11,2.17,2.1,2.15,424360,KBS,2026-10-09T05:26:59Z
2020-11-05,SJF,2.05,2.14,2.05,2.06,491350,KBS,2026-10-09T05:26:59Z
2020-11-06,SJF,2.1,2.1,2.0,2.03,948770,KBS,2026-10-09T05:26:59Z
2020-11-09,SJF,2.04,2.11,2.04,2.04,788050,KBS,2026-10-09T05:26:59Z
2020-11-10,SJF,2.04,2.09,2.04,2.06,464980,KBS,2026-10-09T05:26:59Z
2020-11-11,SJF,2.08,2.08,2.0,2.02,812590,KBS,2026-10-09T05:26:59Z
2020-11-12,SJF,2.06,2.06,1.99,1.99,614350,KBS,2026-10-09T05:26:59Z
2020-11-13,SJF,2.0,2.09,1.99,2.06,865310,KBS,2026-10-09T05:26:59Z
2020-11-16,SJF,2.0,2.07,2.0,2.03,390960,KBS,2026-10-09T05:26:59Z
2020-11-17,SJF,2.02,2.04,2.01,2.02,548990,KBS,2026-10-09T05:26:59Z
2020-11-18,SJF,2.02,2.04,2.0,2.0,726700,KBS,2026-10-09T05:26:59Z
2020-11-19,SJF,1.99,2.05,1.99,2.02,782520,KBS,2026-10-09T05:26:59Z
2020-11-20,SJF,2.04,2.15,2.01,2.12,1488190,KBS,2026-10-09T05:26:59Z
2020-11-23,SJF,2.15,2.16,2.07,2.07,520910,KBS,2026-10-09T05:26:59Z
2020-11-24,SJF,2.07,2.13,2.05,2.09,711130,KBS,2026-10-09T05:26:59Z
2020-11-25,SJF,2.09,2.1,2.05,2.07,674490,KBS,2026-10-09T05:26:59Z
2020-11-26,SJF,2.1,2.1,2.05,2.07,397550,KBS,2026-10-09T05:26:59Z
2020-11-27,SJF,2.06,2.09,2.05,2.05,505710,KBS,2026-10-09T05:26:59Z
2020-11-30,SJF,2.08,2.08,2.03,2.04,447520,KBS,2026-10-09T05:26:59Z
2020-12-01,SJF,1.98,2.04,1.98,2.02,874720,KBS,2026-10-09T05:26:59Z
2020-12-02,SJF,2.02,2.06,2.02,2.02,263250,KBS,2026-10-09T05:26:59Z
2020-12-03,SJF,2.05,2.13,2.02,2.1,1195070,KBS,2026-10-09T05:26:59Z
2020-12-04,SJF,2.12,2.12,2.06,2.07,832480,KBS,2026-10-09T05:26:59Z
2020-12-07,SJF,2.08,2.21,2.08,2.21,4862460,KBS,2026-10-09T05:26:59Z
2020-12-08,SJF,2.34,2.36,2.2,2.29,4243410,KBS,2026-10-09T05:26:59Z
2020-12-09,SJF,2.34,2.34,2.2,2.27,2270550,KBS,2026-10-09T05:26:59Z
2020-12-10,SJF,2.21,2.24,2.16,2.18,2135150,KBS,2026-10-09T05:26:59Z
2020-12-11,SJF,2.15,2.19,2.11,2.14,1535540,KBS,2026-10-09T05:26:59Z
2020-12-14,SJF,2.15,2.18,2.12,2.15,1086640,KBS,2026-10-09T05:26:59Z
2020-12-15,SJF,2.15,2.24,2.13,2.16,1619640,KBS,2026-10-09T05:26:59Z
2020-12-16,SJF,2.21,2.25,2.17,2.22,2678270,KBS,2026-10-09T05:26:59Z
2020-12-17,SJF,2.25,2.37,2.25,2.37,6587980,KBS,2026-10-09T05:26:59Z
2020-12-18,SJF,2.48,2.48,2.37,2.37,3711140,KBS,2026-10-09T05:26:59Z
2020-12-21,SJF,2.37,2.5,2.31,2.43,2757310,KBS,2026-10-09T05:26:59Z
2020-12-22,SJF,2.4,2.6,2.39,2.6,4930880,KBS,2026-10-09T05:26:59Z
2020-12-23,SJF,2.68,2.78,2.58,2.58,3913140,KBS,2026-10-09T05:26:59Z
2020-12-24,SJF,2.58,2.61,2.4,2.47,3499750,KBS,2026-10-09T05:26:59Z
2020-12-25,SJF,2.47,2.5,2.31,2.4,3115100,KBS,2026-10-09T05:26:59Z
2020-12-28,SJF,2.49,2.49,2.38,2.47,1933870,KBS,2026-10-09T05:26:59Z
2020-12-29,SJF,2.47,2.47,2.39,2.46,1962740,KBS,2026-10-09T05:26:59Z
2020-12-30,SJF,2.45,2.63,2.43,2.52,3265920,KBS,2026-10-09T05:26:59Z
2020-12-31,SJF,2.59,2.6,2.5,2.5,1755480,KBS,2026-10-09T05:26:59Z
2021-01-04,SJF,2.53,2.55,2.42,2.5,2361600,KBS,2026-10-09T05:26:59Z
2021-01-05,SJF,2.5,2.6,2.48,2.52,2211100,KBS,2026-10-09T05:26:59Z
2021-01-06,SJF,2.56,2.59,2.51,2.52,1486300,KBS,2026-10-09T05:26:59Z
2021-01-07,SJF,2.52,2.6,2.5,2.59,2922600,KBS,2026-10-09T05:26:59Z
2021-01-08,SJF,2.64,2.77,2.63,2.74,6361900,KBS,2026-10-09T05:26:59Z
2021-01-11,SJF,2.74,2.85,2.65,2.7,3801200,KBS,2026-10-09T05:26:59Z
2021-01-12,SJF,2.7,2.74,2.64,2.7,3629400,KBS,2026-10-09T05:26:59Z
2021-01-13,SJF,2.71,2.88,2.7,2.86,7401800,KBS,2026-10-09T05:26:59Z
2021-01-14,SJF,2.92,2.97,2.84,2.9,2947000,KBS,2026-10-09T05:26:59Z
2021-01-15,SJF,2.95,3.1,2.93,3.09,3679200,KBS,2026-10-09T05:26:59Z
2021-01-18,SJF,3.1,3.3,2.9,3.29,6146800,KBS,2026-10-09T05:26:59Z
2021-01-19,SJF,3.29,3.3,3.06,3.06,3885200,KBS,2026-10-09T05:26:59Z
2021-01-20,SJF,2.85,3.02,2.85,2.91,5417200,KBS,2026-10-09T05:26:59Z
2021-01-21,SJF,3.0,3.05,2.83,3.0,3106000,KBS,2026-10-09T05:26:59Z
2021-01-22,SJF,3.0,3.05,2.91,3.0,4197700,KBS,2026-10-09T05:26:59Z
2021-01-25,SJF,2.98,3.02,2.9,3.0,3079500,KBS,2026-10-09T05:26:59Z
2021-01-26,SJF,2.96,2.98,2.79,2.79,3108700,KBS,2026-10-09T05:26:59Z
2021-01-27,SJF,2.7,2.79,2.6,2.6,4199200,KBS,2026-10-09T05:26:59Z
2021-01-28,SJF,2.42,2.5,2.42,2.42,1223700,KBS,2026-10-09T05:26:59Z
2021-01-29,SJF,2.26,2.41,2.26,2.3,3028200,KBS,2026-10-09T05:26:59Z
2021-02-01,SJF,2.14,2.35,2.14,2.14,1970800,KBS,2026-10-09T05:26:59Z
2021-02-02,SJF,2.06,2.28,2.01,2.28,1999500,KBS,2026-10-09T05:26:59Z
2021-02-03,SJF,2.3,2.43,2.2,2.43,1489300,KBS,2026-10-09T05:26:59Z
2021-02-04,SJF,2.49,2.49,2.3,2.38,927900,KBS,2026-10-09T05:26:59Z
2021-02-05,SJF,2.35,2.47,2.33,2.44,1431300,KBS,2026-10-09T05:26:59Z
2021-02-08,SJF,2.44,2.48,2.3,2.35,883600,KBS,2026-10-09T05:26:59Z
2021-02-09,SJF,2.35,2.46,2.28,2.39,914900,KBS,2026-10-09T05:26:59Z
2021-02-17,SJF,2.4,2.55,2.4,2.54,1286500,KBS,2026-10-09T05:26:59Z
2021-02-18,SJF,2.55,2.55,2.46,2.52,664600,KBS,2026-10-09T05:26:59Z
2021-02-19,SJF,2.5,2.5,2.46,2.49,701400,KBS,2026-10-09T05:26:59Z
2021-02-22,SJF,2.49,2.51,2.45,2.45,940100,KBS,2026-10-09T05:26:59Z
2021-02-23,SJF,2.45,2.55,2.42,2.55,1284700,KBS,2026-10-09T05:26:59Z
2021-02-24,SJF,2.6,2.61,2.47,2.49,1740500,KBS,2026-10-09T05:26:59Z
2021-02-25,SJF,2.54,2.55,2.48,2.55,1219700,KBS,2026-10-09T05:26:59Z
2021-02-26,SJF,2.52,2.56,2.51,2.55,625500,KBS,2026-10-09T05:26:59Z
2021-03-01,SJF,2.56,2.65,2.55,2.6,926500,KBS,2026-10-09T05:26:59Z
2021-03-02,SJF,2.65,2.65,2.54,2.6,782600,KBS,2026-10-09T05:26:59Z
2021-03-03,SJF,2.6,2.78,2.59,2.78,4369000,KBS,2026-10-09T05:26:59Z
2021-03-04,SJF,2.8,2.85,2.65,2.8,1612600,KBS,2026-10-09T05:26:59Z
2021-03-05,SJF,2.75,2.8,2.65,2.77,1095100,KBS,2026-10-09T05:26:59Z
2021-03-08,SJF,2.79,2.81,2.7,2.79,1902100,KBS,2026-10-09T05:26:59Z
2021-03-09,SJF,2.82,2.9,2.73,2.84,1975100,KBS,2026-10-09T05:26:59Z
2021-03-10,SJF,2.85,2.87,2.78,2.78,1026100,KBS,2026-10-09T05:26:59Z
2021-03-11,SJF,2.77,2.81,2.76,2.8,1368800,KBS,2026-10-09T05:26:59Z
2021-03-12,SJF,2.8,2.86,2.79,2.85,1838700,KBS,2026-10-09T05:26:59Z
2021-03-15,SJF,2.82,2.99,2.82,2.99,2759700,KBS,2026-10-09T05:26:59Z
2021-03-16,SJF,3.0,3.0,2.88,2.97,2016100,KBS,2026-10-09T05:26:59Z
2021-03-17,SJF,2.92,2.96,2.89,2.89,1633700,KBS,2026-10-09T05:26:59Z
2021-03-18,SJF,2.9,2.92,2.88,2.91,1464500,KBS,2026-10-09T05:26:59Z
2021-03-19,SJF,2.89,2.91,2.82,2.84,959500,KBS,2026-10-09T05:26:59Z
2021-03-22,SJF,2.85,2.86,2.81,2.85,1271000,KBS,2026-10-09T05:26:59Z
2021-03-23,SJF,2.85,2.99,2.84,2.94,1779200,KBS,2026-10-09T05:26:59Z
2021-03-24,SJF,2.9,2.96,2.74,2.88,2132200,KBS,2026-10-09T05:26:59Z
2021-03-25,SJF,2.88,2.9,2.81,2.87,1056600,KBS,2026-10-09T05:26:59Z
2021-03-26,SJF,2.82,2.88,2.7,2.81,1223200,KBS,2026-10-09T05:26:59Z
2021-03-29,SJF,2.86,3.0,2.86,3.0,4871700,KBS,2026-10-09T05:26:59Z
2021-03-30,SJF,3.15,3.15,3.02,3.09,2560600,KBS,2026-10-09T05:26:59Z
2021-03-31,SJF,3.13,3.2,3.05,3.12,3198800,KBS,2026-10-09T05:26:59Z
2021-04-01,SJF,3.13,3.15,3.06,3.13,1595300,KBS,2026-10-09T05:26:59Z
2021-04-02,SJF,3.16,3.3,3.15,3.19,2379200,KBS,2026-10-09T05:26:59Z
2021-04-05,SJF,3.22,3.41,3.17,3.41,4968800,KBS,2026-10-09T05:26:59Z
2021-04-06,SJF,3.41,3.64,3.41,3.64,3959100,KBS,2026-10-09T05:26:59Z
2021-04-07,SJF,3.64,3.89,3.64,3.88,3581800,KBS,2026-10-09T05:26:59Z
2021-04-08,SJF,3.79,3.87,3.61,3.7,4862900,KBS,2026-10-09T05:26:59Z
2021-04-09,SJF,3.65,3.95,3.5,3.86,4767500,KBS,2026-10-09T05:26:59Z
2021-04-12,SJF,4.0,4.13,3.9,4.13,3979800,KBS,2026-10-09T05:26:59Z
2021-04-13,SJF,4.41,4.41,4.13,4.3,7883500,KBS,2026-10-09T05:26:59Z
2021-04-14,SJF,4.15,4.6,4.01,4.58,5762500,KBS,2026-10-09T05:26:59Z
2021-04-15,SJF,4.86,4.9,4.6,4.9,5051900,KBS,2026-10-09T05:26:59Z
2021-04-16,SJF,5.0,5.1,4.56,4.6,4505400,KBS,2026-10-09T05:26:59Z
2021-04-19,SJF,4.3,4.5,4.28,4.28,5648500,KBS,2026-10-09T05:26:59Z
2021-04-20,SJF,3.99,4.14,3.99,4.0,5147900,KBS,2026-10-09T05:26:59Z
2021-04-22,SJF,3.86,4.2,3.72,3.84,3255300,KBS,2026-10-09T05:26:59Z
2021-04-23,SJF,3.7,4.1,3.7,4.1,2323600,KBS,2026-10-09T05:26:59Z
2021-04-26,SJF,4.1,4.3,4.06,4.14,2798900,KBS,2026-10-09T05:26:59Z
2021-04-27,SJF,4.05,4.12,3.9,4.0,1473400,KBS,2026-10-09T05:26:59Z
2021-04-28,SJF,3.9,4.2,3.9,4.03,1254600,KBS,2026-10-09T05:26:59Z
2021-04-29,SJF,4.0,4.14,3.91,3.92,1636800,KBS,2026-10-09T05:26:59Z
2021-05-04,SJF,3.65,3.76,3.65,3.65,2864400,KBS,2026-10-09T05:26:59Z
2021-05-05,SJF,3.46,3.89,3.46,3.78,1619100,KBS,2026-10-09T05:26:59Z
2021-05-06,SJF,3.7,3.84,3.65,3.65,1260400,KBS,2026-10-09T05:26:59Z
2021-05-07,SJF,3.65,3.65,3.4,3.4,1965600,KBS,2026-10-09T05:26:59Z
2021-05-10,SJF,3.39,3.57,3.24,3.48,1782700,KBS,2026-10-09T05:26:59Z
2021-05-11,SJF,3.5,3.5,3.44,3.44,1079200,KBS,2026-10-09T05:26:59Z
2021-05-12,SJF,3.44,3.67,3.41,3.66,971200,KBS,2026-10-09T05:26:59Z
2021-05-13,SJF,3.61,3.64,3.55,3.56,1240500,KBS,2026-10-09T05:26:59Z
2021-05-14,SJF,3.56,3.63,3.5,3.55,1132200,KBS,2026-10-09T05:26:59Z
2021-05-17,SJF,3.55,3.59,3.51,3.57,676800,KBS,2026-10-09T05:26:59Z
2021-05-18,SJF,3.57,3.79,3.57,3.7,1852100,KBS,2026-10-09T05:26:59Z
2021-05-19,SJF,3.7,3.9,3.5,3.66,1273400,KBS,2026-10-09T05:26:59Z
2021-05-20,SJF,3.67,3.82,3.55,3.7,2591600,KBS,2026-10-09T05:26:59Z
2021-05-21,SJF,3.7,3.86,3.62,3.74,2001300,KBS,2026-10-09T05:26:59Z
2021-05-24,SJF,3.89,3.89,3.76,3.83,1043700,KBS,2026-10-09T05:26:59Z
2021-05-25,SJF,3.81,3.87,3.75,3.8,1482200,KBS,2026-10-09T05:26:59Z
2021-05-26,SJF,3.72,3.79,3.68,3.69,1616500,KBS,2026-10-09T05:26:59Z
2021-05-27,SJF,3.63,3.81,3.63,3.68,1838900,KBS,2026-10-09T05:26:59Z
2021-05-28,SJF,3.65,3.82,3.65,3.79,1466500,KBS,2026-10-09T05:26:59Z
2021-05-31,SJF,3.8,3.82,3.7,3.75,1571900,KBS,2026-10-09T05:26:59Z
2021-06-01,SJF,3.7,3.74,3.66,3.7,849100,KBS,2026-10-09T05:26:59Z
2021-06-02,SJF,3.63,3.69,3.63,3.69,1205500,KBS,2026-10-09T05:26:59Z
2021-06-03,SJF,3.79,3.94,3.71,3.94,1706000,KBS,2026-10-09T05:26:59Z
2021-06-04,SJF,4.2,4.2,3.94,4.03,1495600,KBS,2026-10-09T05:26:59Z
2021-06-07,SJF,4.1,4.1,3.85,3.9,1221000,KBS,2026-10-09T05:26:59Z
2021-06-08,SJF,3.8,4.1,3.8,3.85,2027000,KBS,2026-10-09T05:26:59Z
2021-06-09,SJF,3.9,3.95,3.8,3.88,1177100,KBS,2026-10-09T05:26:59Z
2021-06-10,SJF,3.88,3.99,3.84,3.9,898500,KBS,2026-10-09T05:26:59Z
2021-06-11,SJF,3.9,4.08,3.82,3.98,1483200,KBS,2026-10-09T05:26:59Z
2021-06-14,SJF,3.98,4.25,3.98,4.2,4163600,KBS,2026-10-09T05:26:59Z
2021-06-15,SJF,4.2,4.4,4.2,4.2,1732100,KBS,2026-10-09T05:26:59Z
2021-06-16,SJF,4.2,4.35,4.2,4.25,1970300,KBS,2026-10-09T05:26:59Z
2021-06-17,SJF,4.16,4.32,4.1,4.3,1438500,KBS,2026-10-09T05:26:59Z
2021-06-18,SJF,4.4,4.45,4.28,4.3,1240900,KBS,2026-10-09T05:26:59Z
2021-06-21,SJF,4.28,4.28,4.13,4.15,1356600,KBS,2026-10-09T05:26:59Z
2021-06-22,SJF,4.15,4.25,4.14,4.16,1148100,KBS,2026-10-09T05:26:59Z
2021-06-23,SJF,4.16,4.18,3.99,4.0,1690200,KBS,2026-10-09T05:26:59Z
2021-06-24,SJF,4.0,4.01,3.93,3.95,1003000,KBS,2026-10-09T05:26:59Z
2021-06-25,SJF,3.95,4.07,3.92,3.94,916500,KBS,2026-10-09T05:26:59Z
2021-06-28,SJF,3.94,4.0,3.91,3.91,1016400,KBS,2026-10-09T05:26:59Z
2021-06-29,SJF,3.9,3.93,3.81,3.83,1858000,KBS,2026-10-09T05:26:59Z
2021-06-30,SJF,3.83,3.83,3.65,3.67,1866300,KBS,2026-10-09T05:26:59Z
2021-07-01,SJF,3.67,3.76,3.66,3.74,1139400,KBS,2026-10-09T05:26:59Z
2021-07-02,SJF,3.74,3.89,3.74,3.74,814700,KBS,2026-10-09T05:26:59Z
2021-07-05,SJF,3.76,3.77,3.64,3.67,1109900,KBS,2026-10-09T05:26:59Z
2021-07-06,SJF,3.67,3.7,3.63,3.63,920800,KBS,2026-10-09T05:26:59Z
2021-07-07,SJF,3.6,3.62,3.45,3.54,822100,KBS,2026-10-09T05:26:59Z
2021-07-08,SJF,3.65,3.65,3.53,3.6,979300,KBS,2026-10-09T05:26:59Z
2021-07-09,SJF,3.6,3.65,3.35,3.5,996100,KBS,2026-10-09T05:26:59Z
2021-07-12,SJF,3.49,3.49,3.26,3.26,929100,KBS,2026-10-09T05:26:59Z
2021-07-13,SJF,3.26,3.45,3.04,3.45,1136800,KBS,2026-10-09T05:26:59Z
2021-07-14,SJF,3.56,3.56,3.21,3.25,841000,KBS,2026-10-09T05:26:59Z
2021-07-15,SJF,3.3,3.35,3.22,3.35,270500,KBS,2026-10-09T05:26:59Z
2021-07-16,SJF,3.29,3.31,3.2,3.2,326500,KBS,2026-10-09T05:26:59Z
2021-07-19,SJF,3.03,3.19,2.98,2.98,1132300,KBS,2026-10-09T05:26:59Z
2021-07-20,SJF,3.0,3.08,2.9,3.08,449000,KBS,2026-10-09T05:26:59Z
2021-07-21,SJF,3.08,3.1,3.01,3.07,238400,KBS,2026-10-09T05:26:59Z
2021-07-22,SJF,3.07,3.22,3.04,3.19,534900,KBS,2026-10-09T05:26:59Z
2021-07-23,SJF,3.1,3.2,3.1,3.11,298900,KBS,2026-10-09T05:26:59Z
2021-07-26,SJF,3.15,3.27,3.15,3.18,801000,KBS,2026-10-09T05:26:59Z
2021-07-27,SJF,3.4,3.4,3.4,3.4,471700,KBS,2026-10-09T05:26:59Z
2021-07-28,SJF,3.63,3.63,3.63,3.63,422000,KBS,2026-10-09T05:26:59Z
2021-07-29,SJF,3.88,3.88,3.63,3.65,4250400,KBS,2026-10-09T05:26:59Z
2021-07-30,SJF,3.5,3.65,3.5,3.58,796900,KBS,2026-10-09T05:26:59Z
2021-08-02,SJF,3.68,3.68,3.58,3.59,628200,KBS,2026-10-09T05:26:59Z
2021-08-03,SJF,3.54,3.78,3.44,3.73,2071700,KBS,2026-10-09T05:26:59Z
2021-08-04,SJF,3.8,3.8,3.65,3.68,811300,KBS,2026-10-09T05:26:59Z
2021-08-05,SJF,3.68,3.93,3.5,3.93,2618400,KBS,2026-10-09T05:26:59Z
2021-08-06,SJF,3.97,4.17,3.89,3.9,1493900,KBS,2026-10-09T05:26:59Z
2021-08-09,SJF,3.88,3.93,3.76,3.85,961700,KBS,2026-10-09T05:26:59Z
2021-08-10,SJF,3.85,4.11,3.81,4.11,3265300,KBS,2026-10-09T05:26:59Z
2021-08-11,SJF,4.39,4.39,4.3,4.32,4642900,KBS,2026-10-09T05:26:59Z
2021-08-12,SJF,4.44,4.44,4.18,4.35,1590500,KBS,2026-10-09T05:26:59Z
2021-08-13,SJF,4.29,4.45,4.06,4.22,2600300,KBS,2026-10-09T05:26:59Z
2021-08-16,SJF,4.2,4.42,4.2,4.29,1575400,KBS,2026-10-09T05:26:59Z
2021-08-17,SJF,4.3,4.33,4.2,4.29,866300,KBS,2026-10-09T05:26:59Z
2021-08-18,SJF,4.29,4.29,4.16,4.18,1477100,KBS,2026-10-09T05:26:59Z
2021-08-19,SJF,4.17,4.2,4.0,4.06,1586500,KBS,2026-10-09T05:26:59Z
2021-08-20,SJF,4.1,4.27,3.85,4.14,3269700,KBS,2026-10-09T05:26:59Z
2021-08-23,SJF,4.14,4.14,3.86,4.0,2877300,KBS,2026-10-09T05:26:59Z
2021-08-24,SJF,4.0,4.08,3.77,3.85,1092500,KBS,2026-10-09T05:26:59Z
2021-08-25,SJF,3.7,3.85,3.68,3.8,1199800,KBS,2026-10-09T05:26:59Z
2021-08-26,SJF,3.86,3.87,3.75,3.75,898400,KBS,2026-10-09T05:26:59Z
2021-08-27,SJF,3.75,3.95,3.75,3.94,1362000,KBS,2026-10-09T05:26:59Z
2021-08-30,SJF,3.95,4.21,3.9,4.21,2092700,KBS,2026-10-09T05:26:59Z
2021-08-31,SJF,4.45,4.5,4.28,4.5,5275800,KBS,2026-10-09T05:26:59Z
2021-09-01,SJF,4.65,4.8,4.5,4.67,2680100,KBS,2026-10-09T05:26:59Z
2021-09-06,SJF,4.49,4.99,4.42,4.87,4256400,KBS,2026-10-09T05:26:59Z
2021-09-07,SJF,4.8,4.9,4.53,4.53,2980600,KBS,2026-10-09T05:26:59Z
2021-09-08,SJF,4.5,4.84,4.46,4.84,4220400,KBS,2026-10-09T05:26:59Z
2021-09-09,SJF,5.17,5.17,4.9,5.17,5295400,KBS,2026-10-09T05:26:59Z
2021-09-10,SJF,5.53,5.53,5.52,5.53,2609400,KBS,2026-10-09T05:26:59Z
2021-09-13,SJF,5.91,5.91,5.6,5.91,14500800,KBS,2026-10-09T05:26:59Z
2021-09-14,SJF,6.32,6.32,6.32,6.32,3390400,KBS,2026-10-09T05:26:59Z
2021-09-15,SJF,6.76,6.76,6.76,6.76,1768200,KBS,2026-10-09T05:26:59Z
2021-09-16,SJF,7.23,7.23,6.29,6.77,13908000,KBS,2026-10-09T05:26:59Z
2021-09-17,SJF,6.3,6.77,6.3,6.41,6671700,KBS,2026-10-09T05:26:59Z
2021-09-20,SJF,6.85,6.85,6.8,6.85,3694200,KBS,2026-10-09T05:26:59Z
2021-09-21,SJF,6.9,7.32,6.8,7.32,8965100,KBS,2026-10-09T05:26:59Z
2021-09-22,SJF,7.83,7.83,7.83,7.83,1673300,KBS,2026-10-09T05:26:59Z
2021-09-23,SJF,8.37,8.37,7.3,8.0,11408300,KBS,2026-10-09T05:26:59Z
2021-09-24,SJF,7.47,8.0,7.44,7.44,8470800,KBS,2026-10-09T05:26:59Z
2021-09-27,SJF,6.92,7.75,6.92,6.93,4340900,KBS,2026-10-09T05:26:59Z
2021-09-28,SJF,6.45,7.41,6.45,7.41,6218500,KBS,2026-10-09T05:26:59Z
2021-09-29,SJF,7.45,7.6,7.3,7.35,2585300,KBS,2026-10-09T05:26:59Z
2021-09-30,SJF,7.35,7.7,7.0,7.45,2097500,KBS,2026-10-09T05:26:59Z
2021-10-01,SJF,7.35,7.56,7.35,7.44,2599700,KBS,2026-10-09T05:26:59Z
2021-10-04,SJF,7.54,7.9,7.38,7.63,3734200,KBS,2026-10-09T05:26:59Z
2021-10-05,SJF,7.9,8.16,7.73,8.16,2593600,KBS,2026-10-09T05:26:59Z
2021-10-06,SJF,8.73,8.73,8.73,8.73,1246200,KBS,2026-10-09T05:26:59Z
2021-10-07,SJF,9.34,9.34,8.73,8.98,8435300,KBS,2026-10-09T05:26:59Z
2021-10-08,SJF,8.4,8.96,8.4,8.6,4496300,KBS,2026-10-09T05:26:59Z
2021-10-11,SJF,8.79,8.9,8.58,8.6,2579700,KBS,2026-10-09T05:26:59Z
2021-10-12,SJF,8.6,9.2,8.3,8.95,3783100,KBS,2026-10-09T05:26:59Z
2021-10-13,SJF,8.95,9.19,8.95,9.04,1718000,KBS,2026-10-09T05:26:59Z
2021-10-14,SJF,9.0,9.16,9.0,9.05,1681300,KBS,2026-10-09T05:26:59Z
2021-10-15,SJF,9.0,9.1,8.89,9.0,2417300,KBS,2026-10-09T05:26:59Z
2021-10-18,SJF,9.3,9.3,8.95,8.96,2278600,KBS,2026-10-09T05:26:59Z
2021-10-19,SJF,8.8,9.2,8.8,8.98,2147200,KBS,2026-10-09T05:26:59Z
2021-10-20,SJF,9.0,9.25,8.8,9.0,3506200,KBS,2026-10-09T05:26:59Z
2021-10-21,SJF,8.98,8.99,8.89,8.95,2607800,KBS,2026-10-09T05:26:59Z
2021-10-22,SJF,8.99,8.99,8.69,8.75,2710200,KBS,2026-10-09T05:26:59Z
2021-10-25,SJF,8.62,8.68,8.3,8.3,4663900,KBS,2026-10-09T05:26:59Z
2021-10-26,SJF,8.0,8.7,8.0,8.61,2257400,KBS,2026-10-09T05:26:59Z
2021-10-27,SJF,8.88,9.21,8.8,9.03,4085200,KBS,2026-10-09T05:26:59Z
2021-10-28,SJF,9.02,9.02,8.85,8.95,1751800,KBS,2026-10-09T05:26:59Z
2021-10-29,SJF,8.95,9.3,8.8,9.2,3918900,KBS,2026-10-09T05:26:59Z
2021-11-01,SJF,9.84,9.84,9.57,9.84,3984100,KBS,2026-10-09T05:26:59Z
2021-11-02,SJF,10.5,10.5,10.1,10.5,4801800,KBS,2026-10-09T05:26:59Z
2021-11-03,SJF,11.1,11.2,10.1,10.45,7814000,KBS,2026-10-09T05:26:59Z
2021-11-04,SJF,10.4,10.8,10.0,10.6,2953000,KBS,2026-10-09T05:26:59Z
2021-11-05,SJF,10.6,11.05,10.6,10.9,2200500,KBS,2026-10-09T05:26:59Z
2021-11-08,SJF,10.9,11.3,10.5,11.0,4295600,KBS,2026-10-09T05:26:59Z
2021-11-09,SJF,11.0,11.0,10.7,10.8,2383000,KBS,2026-10-09T05:26:59Z
2021-11-10,SJF,10.9,11.55,10.6,11.55,3871200,KBS,2026-10-09T05:26:59Z
2021-11-11,SJF,12.3,12.35,11.55,12.35,4370400,KBS,2026-10-09T05:26:59Z
2021-11-12,SJF,13.2,13.2,13.0,13.2,3266900,KBS,2026-10-09T05:26:59Z
2021-11-15,SJF,14.1,14.1,13.7,14.1,3661500,KBS,2026-10-09T05:26:59Z
2021-11-16,SJF,14.2,15.05,13.5,15.05,6678300,KBS,2026-10-09T05:26:59Z
2021-11-17,SJF,15.6,16.1,15.5,16.1,3358000,KBS,2026-10-09T05:26:59Z
2021-11-18,SJF,17.2,17.2,17.2,17.2,1051800,KBS,2026-10-09T05:26:59Z
2021-11-19,SJF,18.4,18.4,17.2,18.4,7563100,KBS,2026-10-09T05:26:59Z
2021-11-22,SJF,19.65,19.65,17.2,18.5,5981800,KBS,2026-10-09T05:26:59Z
2021-11-23,SJF,18.1,19.75,17.25,19.75,4624600,KBS,2026-10-09T05:26:59Z
2021-11-24,SJF,21.1,21.1,20.5,21.1,2573900,KBS,2026-10-09T05:26:59Z
2021-11-25,SJF,22.55,22.55,22.5,22.55,2702100,KBS,2026-10-09T05:26:59Z
2021-11-26,SJF,24.1,24.1,22.6,24.1,10803300,KBS,2026-10-09T05:26:59Z
2021-11-29,SJF,22.45,24.6,22.45,22.45,7798600,KBS,2026-10-09T05:26:59Z
2021-11-30,SJF,20.9,20.9,20.9,20.9,495000,KBS,2026-10-09T05:26:59Z
2021-12-01,SJF,19.45,19.45,19.45,19.45,149700,KBS,2026-10-09T05:26:59Z
2021-12-02,SJF,18.1,18.1,18.1,18.1,129300,KBS,2026-10-09T05:26:59Z
2021-12-03,SJF,16.85,16.85,16.85,16.85,362000,KBS,2026-10-09T05:26:59Z
2021-12-06,SJF,15.7,15.7,15.7,15.7,109400,KBS,2026-10-09T05:26:59Z
2021-12-07,SJF,14.65,14.65,14.65,14.65,86200,KBS,2026-10-09T05:26:59Z
2021-12-08,SJF,13.65,13.65,13.65,13.65,114400,KBS,2026-10-09T05:26:59Z
2021-12-09,SJF,12.7,12.7,12.7,12.7,263000,KBS,2026-10-09T05:26:59Z
2021-12-10,SJF,11.85,13.35,11.85,11.85,23716700,KBS,2026-10-09T05:26:59Z
2021-12-13,SJF,12.2,12.65,12.05,12.65,1363300,KBS,2026-10-09T05:26:59Z
2021-12-14,SJF,13.5,13.5,13.5,13.5,948200,KBS,2026-10-09T05:26:59Z
2021-12-15,SJF,13.0,14.2,12.6,13.0,13697700,KBS,2026-10-09T05:26:59Z
2021-12-16,SJF,12.1,12.8,12.1,12.2,5619900,KBS,2026-10-09T05:26:59Z
2021-12-17,SJF,12.2,12.7,12.15,12.3,2148500,KBS,2026-10-09T05:26:59Z
2021-12-20,SJF,13.15,13.15,12.3,12.7,3490700,KBS,2026-10-09T05:26:59Z
2021-12-21,SJF,12.2,12.6,11.85,12.0,4445200,KBS,2026-10-09T05:26:59Z
2021-12-22,SJF,11.7,12.0,11.2,11.2,6731300,KBS,2026-10-09T05:26:59Z
2021-12-23,SJF,11.0,11.95,11.0,11.95,3162100,KBS,2026-10-09T05:26:59Z
2021-12-24,SJF,12.5,12.5,11.4,11.8,2059400,KBS,2026-10-09T05:26:59Z
2021-12-27,SJF,11.7,11.8,11.3,11.45,1538600,KBS,2026-10-09T05:26:59Z
2021-12-28,SJF,11.4,12.0,11.05,11.55,2952200,KBS,2026-10-09T05:26:59Z
2021-12-29,SJF,11.6,11.8,11.3,11.5,1624100,KBS,2026-10-09T05:26:59Z
2021-12-30,SJF,11.4,12.3,11.4,12.3,3472700,KBS,2026-10-09T05:26:59Z
2021-12-31,SJF,12.8,12.8,11.85,12.05,2954200,KBS,2026-10-09T05:26:59Z
2022-01-04,SJF,12.1,12.25,11.8,11.9,1620600,KBS,2026-10-09T05:26:59Z
2022-01-05,SJF,11.9,12.5,11.7,11.95,2291400,KBS,2026-10-09T05:26:59Z
2022-01-06,SJF,12.0,12.75,11.95,12.5,4412500,KBS,2026-10-09T05:26:59Z
2022-01-07,SJF,12.8,12.8,12.4,12.65,3182400,KBS,2026-10-09T05:26:59Z
2022-01-10,SJF,12.65,13.5,12.65,13.5,5564800,KBS,2026-10-09T05:26:59Z
2022-01-11,SJF,13.5,14.0,13.0,13.15,3751400,KBS,2026-10-09T05:26:59Z
2022-01-12,SJF,13.0,13.15,12.25,12.25,3778900,KBS,2026-10-09T05:26:59Z
2022-01-13,SJF,12.3,12.6,11.4,11.45,2435400,KBS,2026-10-09T05:26:59Z
2022-01-14,SJF,11.2,12.25,10.7,12.25,1596200,KBS,2026-10-09T05:26:59Z
2022-01-17,SJF,13.1,13.1,12.25,12.75,4192100,KBS,2026-10-09T05:26:59Z
2022-01-18,SJF,12.7,13.3,12.25,12.5,1458500,KBS,2026-10-09T05:26:59Z
2022-01-19,SJF,12.3,12.75,11.65,11.65,1540300,KBS,2026-10-09T05:26:59Z
2022-01-20,SJF,11.05,12.4,11.05,11.9,969100,KBS,2026-10-09T05:26:59Z
2022-01-21,SJF,11.9,12.4,11.7,11.9,896300,KBS,2026-10-09T05:26:59Z
2022-01-24,SJF,11.9,12.0,11.1,11.1,967900,KBS,2026-10-09T05:26:59Z
2022-01-25,SJF,10.4,11.0,10.35,10.5,1018100,KBS,2026-10-09T05:26:59Z
2022-01-26,SJF,10.7,11.0,9.9,10.7,1363500,KBS,2026-10-09T05:26:59Z
2022-01-27,SJF,10.95,11.25,10.7,10.9,496400,KBS,2026-10-09T05:26:59Z
2022-01-28,SJF,11.65,11.65,11.6,11.65,961000,KBS,2026-10-09T05:26:59Z
2022-02-07,SJF,12.45,12.45,12.45,12.45,455900,KBS,2026-10-09T05:26:59Z
2022-02-08,SJF,13.3,13.3,12.5,12.55,2737100,KBS,2026-10-09T05:26:59Z
2022-02-09,SJF,12.55,12.55,12.0,12.25,1129900,KBS,2026-10-09T05:26:59Z
2022-02-10,SJF,12.3,12.85,12.25,12.4,936900,KBS,2026-10-09T05:26:59Z
2022-02-11,SJF,12.6,12.6,12.15,12.2,962600,KBS,2026-10-09T05:26:59Z
2022-02-14,SJF,12.0,12.4,11.9,11.9,1062800,KBS,2026-10-09T05:26:59Z
2022-02-15,SJF,11.7,12.0,11.6,11.95,983000,KBS,2026-10-09T05:26:59Z
2022-02-16,SJF,12.05,12.25,11.6,11.95,1640700,KBS,2026-10-09T05:26:59Z
2022-02-17,SJF,11.95,12.0,11.8,11.9,1187900,KBS,2026-10-09T05:26:59Z
2022-02-18,SJF,11.95,12.45,11.85,12.05,1678800,KBS,2026-10-09T05:26:59Z
2022-02-21,SJF,12.05,12.65,11.95,12.5,2352600,KBS,2026-10-09T05:26:59Z
2022-02-22,SJF,12.2,12.5,12.1,12.2,1441600,KBS,2026-10-09T05:26:59Z
2022-02-23,SJF,12.4,12.8,12.3,12.45,1813400,KBS,2026-10-09T05:26:59Z
2022-02-24,SJF,12.4,12.6,11.6,12.0,2179400,KBS,2026-10-09T05:26:59Z
2022-02-25,SJF,12.1,12.3,12.0,12.0,887100,KBS,2026-10-09T05:26:59Z
2022-02-28,SJF,11.9,12.2,11.8,12.05,1120500,KBS,2026-10-09T05:26:59Z
2022-03-01,SJF,12.45,12.45,12.05,12.35,1701200,KBS,2026-10-09T05:26:59Z
2022-03-02,SJF,12.4,12.45,12.25,12.4,1782400,KBS,2026-10-09T05:26:59Z
2022-03-03,SJF,12.45,13.25,12.4,13.25,2832100,KBS,2026-10-09T05:26:59Z
2022-03-04,SJF,14.15,14.15,14.15,14.15,2554300,KBS,2026-10-09T05:26:59Z
2022-03-07,SJF,14.65,15.0,13.5,14.1,6254600,KBS,2026-10-09T05:26:59Z
2022-03-08,SJF,13.8,15.05,13.65,15.05,5773800,KBS,2026-10-09T05:26:59Z
2022-03-09,SJF,15.3,15.95,14.2,15.45,3668000,KBS,2026-10-09T05:26:59Z
2022-03-10,SJF,15.45,16.5,15.2,16.5,4508700,KBS,2026-10-09T05:26:59Z
2022-03-11,SJF,16.5,17.2,15.35,15.35,7204400,KBS,2026-10-09T05:26:59Z
2022-03-14,SJF,15.35,15.35,14.3,14.3,4872700,KBS,2026-10-09T05:26:59Z
2022-03-15,SJF,14.0,14.35,13.3,14.35,3283500,KBS,2026-10-09T05:26:59Z
2022-03-16,SJF,14.55,15.35,14.4,15.35,2085700,KBS,2026-10-09T05:26:59Z
2022-03-17,SJF,15.7,16.0,14.85,15.0,2743100,KBS,2026-10-09T05:26:59Z
2022-03-18,SJF,14.75,15.2,14.75,14.9,2007600,KBS,2026-10-09T05:26:59Z
2022-03-21,SJF,15.0,15.7,14.75,15.4,2061900,KBS,2026-10-09T05:26:59Z
2022-03-22,SJF,15.35,15.75,15.1,15.2,2027100,KBS,2026-10-09T05:26:59Z
2022-03-23,SJF,15.2,15.7,15.0,15.25,1872100,KBS,2026-10-09T05:26:59Z
2022-03-24,SJF,15.25,16.0,15.1,15.7,3433000,KBS,2026-10-09T05:26:59Z
2022-03-25,SJF,15.7,16.75,15.7,16.75,4836600,KBS,2026-10-09T05:26:59Z
2022-03-28,SJF,16.3,17.8,15.95,17.4,4934000,KBS,2026-10-09T05:26:59Z
2022-03-29,SJF,17.5,18.0,17.0,17.4,2824600,KBS,2026-10-09T05:26:59Z
2022-03-30,SJF,16.45,17.2,16.2,16.2,5298200,KBS,2026-10-09T05:26:59Z
2022-03-31,SJF,16.2,17.0,15.8,15.8,3808900,KBS,2026-10-09T05:26:59Z
2022-04-01,SJF,15.7,16.9,15.55,16.7,2617400,KBS,2026-10-09T05:26:59Z
2022-04-04,SJF,17.0,17.3,16.6,16.6,2038100,KBS,2026-10-09T05:26:59Z
2022-04-05,SJF,16.45,16.85,16.4,16.6,1418400,KBS,2026-10-09T05:26:59Z
2022-04-06,SJF,16.6,17.3,16.5,16.75,2506100,KBS,2026-10-09T05:26:59Z
2022-04-07,SJF,16.8,16.8,16.2,16.2,1510600,KBS,2026-10-09T05:26:59Z
2022-04-08,SJF,15.95,16.5,15.95,16.0,1388100,KBS,2026-10-09T05:26:59Z
2022-04-12,SJF,16.5,16.5,14.9,14.9,2050000,KBS,2026-10-09T05:26:59Z
2022-04-13,SJF,14.95,15.4,14.05,15.3,1790200,KBS,2026-10-09T05:26:59Z
2022-04-14,SJF,15.5,15.7,15.2,15.3,1023600,KBS,2026-10-09T05:26:59Z
2022-04-15,SJF,15.3,15.8,15.1,15.1,1169300,KBS,2026-10-09T05:26:59Z
2022-04-18,SJF,15.1,15.1,14.05,14.05,2139700,KBS,2026-10-09T05:26:59Z
2022-04-19,SJF,13.85,14.35,13.1,13.1,1930800,KBS,2026-10-09T05:26:59Z
2022-04-20,SJF,12.7,13.0,12.2,12.2,1882600,KBS,2026-10-09T05:26:59Z
2022-04-21,SJF,11.35,11.5,11.35,11.35,1969200,KBS,2026-10-09T05:26:59Z
2022-04-22,SJF,10.7,11.8,10.6,11.0,1568700,KBS,2026-10-09T05:26:59Z
2022-04-25,SJF,10.8,11.75,10.75,11.75,1666200,KBS,2026-10-09T05:26:59Z
2022-04-26,SJF,11.85,12.55,11.5,12.55,1556400,KBS,2026-10-09T05:26:59Z
2022-04-27,SJF,13.1,13.4,12.4,13.35,1451900,KBS,2026-10-09T05:26:59Z
2022-04-28,SJF,13.4,14.1,13.35,13.4,1170400,KBS,2026-10-09T05:26:59Z
2022-04-29,SJF,13.2,13.95,12.8,13.45,1162600,KBS,2026-10-09T05:26:59Z
2022-05-04,SJF,13.3,13.7,13.1,13.2,742300,KBS,2026-10-09T05:26:59Z
2022-05-05,SJF,13.2,13.4,12.3,12.7,1141100,KBS,2026-10-09T05:26:59Z
2022-05-06,SJF,12.15,12.65,12.1,12.1,594900,KBS,2026-10-09T05:26:59Z
2022-05-09,SJF,11.6,12.05,11.3,11.3,1176500,KBS,2026-10-09T05:26:59Z
2022-05-10,SJF,10.8,12.0,10.7,12.0,958600,KBS,2026-10-09T05:26:59Z
2022-05-11,SJF,12.5,12.5,12.0,12.2,753700,KBS,2026-10-09T05:26:59Z
2022-05-12,SJF,11.95,12.15,11.35,11.35,949700,KBS,2026-10-09T05:26:59Z
2022-05-13,SJF,10.95,11.35,10.6,10.6,1236500,KBS,2026-10-09T05:26:59Z
2022-05-16,SJF,11.0,11.3,10.5,10.55,656700,KBS,2026-10-09T05:26:59Z
2022-05-17,SJF,10.3,11.25,10.3,11.25,712200,KBS,2026-10-09T05:26:59Z
2022-05-18,SJF,11.6,11.6,11.1,11.1,922500,KBS,2026-10-09T05:26:59Z
2022-05-19,SJF,11.2,11.2,10.8,10.9,538600,KBS,2026-10-09T05:26:59Z
2022-05-20,SJF,10.95,11.25,10.9,11.0,610400,KBS,2026-10-09T05:26:59Z
2022-05-23,SJF,11.0,11.35,10.55,10.65,735300,KBS,2026-10-09T05:26:59Z
2022-05-24,SJF,10.65,10.75,10.1,10.45,784900,KBS,2026-10-09T05:26:59Z
2022-05-25,SJF,10.5,10.95,10.35,10.9,825500,KBS,2026-10-09T05:26:59Z
2022-05-26,SJF,10.9,11.2,10.8,10.85,664800,KBS,2026-10-09T05:26:59Z
2022-05-27,SJF,10.85,11.2,10.75,11.1,828900,KBS,2026-10-09T05:26:59Z
2022-05-30,SJF,11.2,11.35,10.9,11.15,762400,KBS,2026-10-09T05:26:59Z
2022-05-31,SJF,10.9,11.2,10.9,10.9,524700,KBS,2026-10-09T05:26:59Z
2022-06-01,SJF,10.75,11.0,10.6,10.95,689800,KBS,2026-10-09T05:26:59Z
2022-06-02,SJF,11.0,11.0,10.45,10.6,971200,KBS,2026-10-09T05:26:59Z
2022-06-03,SJF,10.65,10.65,10.2,10.3,555000,KBS,2026-10-09T05:26:59Z
2022-06-06,SJF,10.2,10.4,9.58,9.58,1679600,KBS,2026-10-09T05:26:59Z
2022-06-07,SJF,9.25,9.44,8.91,9.11,2146300,KBS,2026-10-09T05:26:59Z
2022-06-08,SJF,9.11,9.73,9.11,9.69,626500,KBS,2026-10-09T05:26:59Z
2022-06-09,SJF,9.5,9.85,9.5,9.69,361400,KBS,2026-10-09T05:26:59Z
2022-06-10,SJF,9.5,9.6,9.05,9.1,589900,KBS,2026-10-09T05:26:59Z
2022-06-13,SJF,8.8,8.8,8.47,8.47,968500,KBS,2026-10-09T05:26:59Z
2022-06-14,SJF,7.88,8.0,7.88,7.88,1999000,KBS,2026-10-09T05:26:59Z
2022-06-15,SJF,8.0,8.0,7.33,7.33,667900,KBS,2026-10-09T05:26:59Z
2022-06-16,SJF,7.05,7.5,6.82,6.82,3040300,KBS,2026-10-09T05:26:59Z
2022-06-17,SJF,6.35,6.36,6.35,6.35,260300,KBS,2026-10-09T05:26:59Z
2022-06-20,SJF,5.91,6.06,5.91,5.91,1625300,KBS,2026-10-09T05:26:59Z
2022-06-21,SJF,5.51,5.71,5.5,5.5,1599600,KBS,2026-10-09T05:26:59Z
2022-06-22,SJF,5.21,5.88,5.21,5.88,1215000,KBS,2026-10-09T05:26:59Z
2022-06-23,SJF,6.18,6.18,5.9,6.0,641200,KBS,2026-10-09T05:26:59Z
2022-06-24,SJF,6.0,6.22,5.81,6.1,753600,KBS,2026-10-09T05:26:59Z
2022-06-27,SJF,6.15,6.25,6.01,6.19,459500,KBS,2026-10-09T05:26:59Z
2022-06-28,SJF,6.23,6.62,6.22,6.62,277000,KBS,2026-10-09T05:26:59Z
2022-06-29,SJF,7.08,7.08,6.45,6.75,1701700,KBS,2026-10-09T05:26:59Z
2022-06-30,SJF,6.99,6.99,6.39,6.4,787000,KBS,2026-10-09T05:26:59Z
2022-07-01,SJF,6.4,6.4,5.96,5.96,1009600,KBS,2026-10-09T05:26:59Z
2022-07-04,SJF,6.01,6.2,5.96,6.09,698700,KBS,2026-10-09T05:26:59Z
2022-07-05,SJF,6.1,6.15,5.67,5.9,720900,KBS,2026-10-09T05:26:59Z
2022-07-06,SJF,5.65,5.9,5.54,5.54,442800,KBS,2026-10-09T05:26:59Z
2022-07-07,SJF,5.35,5.7,5.35,5.54,561800,KBS,2026-10-09T05:26:59Z
2022-07-08,SJF,5.54,5.78,5.54,5.63,514200,KBS,2026-10-09T05:26:59Z
2022-07-11,SJF,5.63,5.95,5.63,5.76,550500,KBS,2026-10-09T05:26:59Z
2022-07-12,SJF,5.76,6.15,5.75,6.13,793700,KBS,2026-10-09T05:26:59Z
2022-07-13,SJF,6.3,6.38,6.13,6.25,763300,KBS,2026-10-09T05:26:59Z
2022-07-14,SJF,6.18,6.25,6.01,6.12,568900,KBS,2026-10-09T05:26:59Z
2022-07-15,SJF,6.2,6.54,6.15,6.4,1234100,KBS,2026-10-09T05:26:59Z
2022-07-18,SJF,6.5,6.55,6.21,6.21,401800,KBS,2026-10-09T05:26:59Z
2022-07-19,SJF,6.23,6.5,6.15,6.42,635600,KBS,2026-10-09T05:26:59Z
2022-07-20,SJF,6.5,6.86,6.5,6.86,1405100,KBS,2026-10-09T05:26:59Z
2022-07-21,SJF,6.91,7.2,6.65,6.73,892700,KBS,2026-10-09T05:26:59Z
2022-07-22,SJF,6.72,7.03,6.68,6.7,1441000,KBS,2026-10-09T05:26:59Z
2022-07-25,SJF,6.71,6.71,6.4,6.46,634200,KBS,2026-10-09T05:26:59Z
2022-07-26,SJF,6.42,6.58,6.24,6.25,570200,KBS,2026-10-09T05:26:59Z
2022-07-27,SJF,6.16,6.19,5.82,5.97,1166300,KBS,2026-10-09T05:26:59Z
2022-07-28,SJF,6.15,6.29,6.15,6.25,687700,KBS,2026-10-09T05:26:59Z
2022-07-29,SJF,6.4,6.45,6.28,6.32,540500,KBS,2026-10-09T05:26:59Z
2022-08-01,SJF,6.4,6.48,6.3,6.42,816300,KBS,2026-10-09T05:26:59Z
2022-08-02,SJF,6.42,6.86,6.42,6.86,1619500,KBS,2026-10-09T05:26:59Z
2022-08-03,SJF,6.66,7.15,6.66,6.96,1516200,KBS,2026-10-09T05:26:59Z
2022-08-04,SJF,7.1,7.2,6.95,6.99,1173300,KBS,2026-10-09T05:26:59Z
2022-08-05,SJF,6.99,7.35,6.96,7.22,1367100,KBS,2026-10-09T05:26:59Z
2022-08-08,SJF,7.38,7.5,7.08,7.45,1376300,KBS,2026-10-09T05:26:59Z
2022-08-09,SJF,7.6,7.62,7.42,7.46,1160900,KBS,2026-10-09T05:26:59Z
2022-08-10,SJF,7.5,7.5,7.38,7.39,991400,KBS,2026-10-09T05:26:59Z
2022-08-11,SJF,7.42,7.62,7.1,7.25,1505200,KBS,2026-10-09T05:26:59Z
2022-08-12,SJF,7.23,7.4,7.23,7.3,503800,KBS,2026-10-09T05:26:59Z
2022-08-15,SJF,7.5,7.5,7.26,7.31,473600,KBS,2026-10-09T05:26:59Z
2022-08-16,SJF,7.3,7.38,7.3,7.35,518900,KBS,2026-10-09T05:26:59Z
2022-08-17,SJF,7.39,7.61,7.05,7.3,822600,KBS,2026-10-09T05:26:59Z
2022-08-18,SJF,7.26,7.32,7.05,7.2,537900,KBS,2026-10-09T05:26:59Z
2022-08-19,SJF,7.21,7.3,6.95,7.0,683900,KBS,2026-10-09T05:26:59Z
2022-08-22,SJF,6.9,6.9,6.62,6.74,735400,KBS,2026-10-09T05:26:59Z
2022-08-23,SJF,6.51,6.94,6.51,6.93,455800,KBS,2026-10-09T05:26:59Z
2022-08-24,SJF,7.12,7.12,6.93,6.98,474100,KBS,2026-10-09T05:26:59Z
2022-08-25,SJF,7.09,7.12,6.93,6.98,472900,KBS,2026-10-09T05:26:59Z
2022-08-26,SJF,6.96,7.04,6.75,6.81,536900,KBS,2026-10-09T05:26:59Z
2022-08-29,SJF,6.51,6.72,6.5,6.6,725600,KBS,2026-10-09T05:26:59Z
2022-08-30,SJF,6.82,6.82,6.6,6.64,410900,KBS,2026-10-09T05:26:59Z
2022-08-31,SJF,6.51,6.75,6.51,6.74,339200,KBS,2026-10-09T05:26:59Z
2022-09-05,SJF,6.77,6.77,6.56,6.6,303700,KBS,2026-10-09T05:26:59Z
2022-09-06,SJF,6.54,6.74,6.54,6.58,369700,KBS,2026-10-09T05:26:59Z
2022-09-07,SJF,6.37,6.51,6.12,6.12,801900,KBS,2026-10-09T05:26:59Z
2022-09-08,SJF,6.2,6.23,5.75,5.81,699900,KBS,2026-10-09T05:26:59Z
2022-09-09,SJF,5.95,5.95,5.75,5.81,479700,KBS,2026-10-09T05:26:59Z
2022-09-12,SJF,6.05,6.08,5.85,5.88,695500,KBS,2026-10-09T05:26:59Z
2022-09-13,SJF,5.9,5.95,5.84,5.89,641800,KBS,2026-10-09T05:26:59Z
2022-09-14,SJF,5.8,5.87,5.7,5.85,512800,KBS,2026-10-09T05:26:59Z
2022-09-15,SJF,5.84,5.88,5.75,5.76,789300,KBS,2026-10-09T05:26:59Z
2022-09-16,SJF,5.7,5.8,5.46,5.48,1479900,KBS,2026-10-09T05:26:59Z
2022-09-19,SJF,5.48,5.62,5.1,5.1,908200,KBS,2026-10-09T05:26:59Z
2022-09-20,SJF,5.21,5.21,4.75,5.09,761800,KBS,2026-10-09T05:26:59Z
2022-09-21,SJF,5.0,5.44,5.0,5.44,777500,KBS,2026-10-09T05:26:59Z
2022-09-22,SJF,5.45,5.82,5.45,5.82,1295000,KBS,2026-10-09T05:26:59Z
2022-09-23,SJF,5.9,6.21,5.89,6.06,1308600,KBS,2026-10-09T05:26:59Z
2022-09-26,SJF,6.05,6.05,5.64,5.64,705700,KBS,2026-10-09T05:26:59Z
2022-09-27,SJF,5.43,5.65,5.26,5.27,644800,KBS,2026-10-09T05:26:59Z
2022-09-28,SJF,5.13,5.52,5.13,5.29,531600,KBS,2026-10-09T05:26:59Z
2022-09-29,SJF,5.49,5.54,5.25,5.29,403100,KBS,2026-10-09T05:26:59Z
2022-09-30,SJF,5.27,5.4,4.93,5.4,1175200,KBS,2026-10-09T05:26:59Z
2022-10-03,SJF,5.4,5.4,5.03,5.03,454100,KBS,2026-10-09T05:26:59Z
2022-10-04,SJF,5.04,5.25,4.89,4.89,449200,KBS,2026-10-09T05:26:59Z
2022-10-05,SJF,4.93,5.14,4.93,5.13,310000,KBS,2026-10-09T05:26:59Z
2022-10-06,SJF,5.13,5.13,4.9,4.9,479400,KBS,2026-10-09T05:26:59Z
2022-10-07,SJF,4.85,4.85,4.56,4.56,870700,KBS,2026-10-09T05:26:59Z
2022-10-10,SJF,4.55,4.69,4.33,4.66,322600,KBS,2026-10-09T05:26:59Z
2022-10-11,SJF,4.7,4.7,4.34,4.34,559400,KBS,2026-10-09T05:26:59Z
2022-10-12,SJF,4.35,4.55,4.31,4.45,267100,KBS,2026-10-09T05:26:59Z
2022-10-13,SJF,4.35,4.56,4.35,4.53,115600,KBS,2026-10-09T05:26:59Z
2022-10-14,SJF,4.7,4.73,4.62,4.68,282700,KBS,2026-10-09T05:26:59Z
2022-10-17,SJF,4.65,4.82,4.51,4.7,201400,KBS,2026-10-09T05:26:59Z
2022-10-18,SJF,4.75,4.9,4.74,4.74,334600,KBS,2026-10-09T05:26:59Z
2022-10-19,SJF,4.89,4.89,4.73,4.75,198300,KBS,2026-10-09T05:26:59Z
2022-10-20,SJF,4.76,4.88,4.58,4.7,130700,KBS,2026-10-09T05:26:59Z
2022-10-21,SJF,4.75,4.75,4.38,4.38,324700,KBS,2026-10-09T05:26:59Z
2022-10-24,SJF,4.48,4.48,4.08,4.08,570500,KBS,2026-10-09T05:26:59Z
2022-10-25,SJF,4.08,4.25,3.8,4.03,555600,KBS,2026-10-09T05:26:59Z
2022-10-26,SJF,4.08,4.08,3.75,3.85,221400,KBS,2026-10-09T05:26:59Z
2022-10-27,SJF,4.0,4.11,3.63,4.11,398500,KBS,2026-10-09T05:26:59Z
2022-10-28,SJF,4.3,4.3,4.09,4.09,194900,KBS,2026-10-09T05:26:59Z
2022-10-31,SJF,4.1,4.13,3.86,4.03,195500,KBS,2026-10-09T05:26:59Z
2022-11-01,SJF,4.13,4.13,3.95,3.96,141500,KBS,2026-10-09T05:26:59Z
2022-11-02,SJF,3.91,4.05,3.91,3.96,145600,KBS,2026-10-09T05:26:59Z
2022-11-03,SJF,3.88,3.96,3.84,3.85,244900,KBS,2026-10-09T05:26:59Z
2022-11-04,SJF,3.85,3.85,3.59,3.6,483800,KBS,2026-10-09T05:26:59Z
2022-11-07,SJF,3.6,3.65,3.35,3.35,565600,KBS,2026-10-09T05:26:59Z
2022-11-08,SJF,3.12,3.35,3.12,3.16,284900,KBS,2026-10-09T05:26:59Z
2022-11-09,SJF,3.2,3.3,3.15,3.16,164300,KBS,2026-10-09T05:26:59Z
2022-11-10,SJF,2.97,3.1,2.94,2.94,365700,KBS,2026-10-09T05:26:59Z
2022-11-11,SJF,2.85,2.99,2.74,2.74,481400,KBS,2026-10-09T05:26:59Z
2022-11-14,SJF,2.6,2.7,2.55,2.55,638700,KBS,2026-10-09T05:26:59Z
2022-11-15,SJF,2.54,2.54,2.38,2.38,267200,KBS,2026-10-09T05:26:59Z
2022-11-16,SJF,2.22,2.54,2.22,2.54,700200,KBS,2026-10-09T05:26:59Z
2022-11-17,SJF,2.7,2.71,2.69,2.71,347300,KBS,2026-10-09T05:26:59Z
2022-11-18,SJF,2.89,2.89,2.71,2.89,946300,KBS,2026-10-09T05:26:59Z
2022-11-21,SJF,3.09,3.09,3.07,3.09,481200,KBS,2026-10-09T05:26:59Z
2022-11-22,SJF,3.3,3.3,3.25,3.3,1088600,KBS,2026-10-09T05:26:59Z
2022-11-23,SJF,3.53,3.53,3.1,3.1,787700,KBS,2026-10-09T05:26:59Z
2022-11-24,SJF,3.01,3.27,2.94,3.11,304600,KBS,2026-10-09T05:26:59Z
2022-11-25,SJF,3.19,3.32,3.15,3.32,421200,KBS,2026-10-09T05:26:59Z
2022-11-28,SJF,3.3,3.55,3.3,3.55,829400,KBS,2026-10-09T05:26:59Z
2022-11-29,SJF,3.69,3.78,3.4,3.62,876300,KBS,2026-10-09T05:26:59Z
2022-11-30,SJF,3.64,3.72,3.53,3.63,516400,KBS,2026-10-09T05:26:59Z
2022-12-01,SJF,3.75,3.88,3.61,3.78,2075100,KBS,2026-10-09T05:26:59Z
2022-12-02,SJF,3.79,4.0,3.58,4.0,679700,KBS,2026-10-09T05:26:59Z
2022-12-05,SJF,4.23,4.28,3.9,4.28,1847700,KBS,2026-10-09T05:26:59Z
2022-12-06,SJF,4.35,4.57,3.99,4.0,1556200,KBS,2026-10-09T05:26:59Z
2022-12-07,SJF,4.0,4.05,3.72,3.72,1073300,KBS,2026-10-09T05:26:59Z
2022-12-08,SJF,3.8,3.91,3.7,3.72,833300,KBS,2026-10-09T05:26:59Z
2022-12-09,SJF,3.72,3.8,3.53,3.67,465000,KBS,2026-10-09T05:26:59Z
2022-12-12,SJF,3.88,3.92,3.71,3.8,992100,KBS,2026-10-09T05:26:59Z
2022-12-13,SJF,3.94,3.94,3.65,3.88,347700,KBS,2026-10-09T05:26:59Z
2022-12-14,SJF,3.99,4.05,3.8,3.83,634900,KBS,2026-10-09T05:26:59Z
2022-12-15,SJF,3.89,3.95,3.8,3.85,287500,KBS,2026-10-09T05:26:59Z
2022-12-16,SJF,3.83,3.93,3.76,3.82,417000,KBS,2026-10-09T05:26:59Z
2022-12-19,SJF,3.82,3.9,3.72,3.72,342500,KBS,2026-10-09T05:26:59Z
2022-12-20,SJF,3.7,3.72,3.46,3.48,857800,KBS,2026-10-09T05:26:59Z
2022-12-21,SJF,3.48,3.5,3.24,3.25,414300,KBS,2026-10-09T05:26:59Z
2022-12-22,SJF,3.3,3.38,3.16,3.26,225800,KBS,2026-10-09T05:26:59Z
2022-12-23,SJF,3.26,3.32,3.2,3.25,195800,KBS,2026-10-09T05:26:59Z
2022-12-26,SJF,3.25,3.28,3.1,3.1,280100,KBS,2026-10-09T05:26:59Z
2022-12-27,SJF,3.05,3.23,3.05,3.23,159100,KBS,2026-10-09T05:26:59Z
2022-12-28,SJF,3.3,3.38,3.2,3.34,245100,KBS,2026-10-09T05:26:59Z
2022-12-29,SJF,3.35,3.37,3.2,3.34,185400,KBS,2026-10-09T05:26:59Z
2022-12-30,SJF,3.29,3.36,3.25,3.25,258700,KBS,2026-10-09T05:26:59Z
2023-01-03,SJF,3.25,3.46,3.25,3.44,255700,KBS,2026-10-09T05:26:59Z
2023-01-04,SJF,3.44,3.6,3.2,3.44,407400,KBS,2026-10-09T05:26:59Z
2023-01-05,SJF,3.49,3.49,3.27,3.44,355000,KBS,2026-10-09T05:26:59Z
2023-01-06,SJF,3.33,3.49,3.31,3.35,309100,KBS,2026-10-09T05:26:59Z
2023-01-09,SJF,3.36,3.55,3.34,3.36,175100,KBS,2026-10-09T05:26:59Z
2023-01-10,SJF,3.3,3.39,3.3,3.37,349300,KBS,2026-10-09T05:26:59Z
2023-01-11,SJF,3.37,3.45,3.37,3.37,247600,KBS,2026-10-09T05:26:59Z
2023-01-12,SJF,3.36,3.42,3.31,3.34,138600,KBS,2026-10-09T05:26:59Z
2023-01-13,SJF,3.31,3.37,3.31,3.31,197500,KBS,2026-10-09T05:26:59Z
2023-01-16,SJF,3.25,3.31,3.23,3.23,93700,KBS,2026-10-09T05:26:59Z
2023-01-17,SJF,3.24,3.27,3.23,3.26,261100,KBS,2026-10-09T05:26:59Z
2023-01-18,SJF,3.28,3.38,3.25,3.31,399900,KBS,2026-10-09T05:26:59Z
2023-01-19,SJF,3.31,3.54,3.3,3.54,436200,KBS,2026-10-09T05:26:59Z
2023-01-27,SJF,3.7,3.73,3.6,3.64,363900,KBS,2026-10-09T05:26:59Z
2023-01-30,SJF,3.7,3.82,3.64,3.76,534700,KBS,2026-10-09T05:26:59Z
2023-01-31,SJF,3.76,3.76,3.65,3.7,340400,KBS,2026-10-09T05:26:59Z
2023-02-01,SJF,3.76,3.77,3.5,3.5,372700,KBS,2026-10-09T05:26:59Z
2023-02-02,SJF,3.5,3.55,3.41,3.42,229700,KBS,2026-10-09T05:26:59Z
2023-02-03,SJF,3.42,3.45,3.39,3.43,186500,KBS,2026-10-09T05:26:59Z
2023-02-06,SJF,3.45,3.46,3.4,3.45,117700,KBS,2026-10-09T05:26:59Z
2023-02-07,SJF,3.43,3.53,3.35,3.44,267700,KBS,2026-10-09T05:26:59Z
2023-02-08,SJF,3.44,3.51,3.35,3.44,165300,KBS,2026-10-09T05:26:59Z
2023-02-09,SJF,3.5,3.5,3.41,3.43,234000,KBS,2026-10-09T05:26:59Z
2023-02-10,SJF,3.41,3.48,3.39,3.39,213500,KBS,2026-10-09T05:26:59Z
2023-02-13,SJF,3.21,3.38,3.18,3.18,285800,KBS,2026-10-09T05:26:59Z
2023-02-14,SJF,3.29,3.29,3.16,3.16,326500,KBS,2026-10-09T05:26:59Z
2023-02-15,SJF,3.2,3.25,3.13,3.18,159000,KBS,2026-10-09T05:26:59Z
2023-02-16,SJF,3.18,3.26,3.18,3.25,255800,KBS,2026-10-09T05:26:59Z
2023-02-17,SJF,3.22,3.26,3.18,3.25,176600,KBS,2026-10-09T05:26:59Z
2023-02-20,SJF,3.2,3.39,3.2,3.39,266700,KBS,2026-10-09T05:26:59Z
2023-02-21,SJF,3.39,3.49,3.39,3.4,314600,KBS,2026-10-09T05:26:59Z
2023-02-22,SJF,3.32,3.38,3.18,3.29,295200,KBS,2026-10-09T05:26:59Z
2023-02-23,SJF,3.21,3.33,3.16,3.2,333100,KBS,2026-10-09T05:26:59Z
2023-02-24,SJF,3.25,3.28,3.19,3.2,359700,KBS,2026-10-09T05:26:59Z
2023-02-27,SJF,3.24,3.24,3.15,3.15,403600,KBS,2026-10-09T05:26:59Z
2023-02-28,SJF,3.16,3.22,3.14,3.17,367000,KBS,2026-10-09T05:26:59Z
2023-03-01,SJF,3.21,3.21,3.14,3.18,214400,KBS,2026-10-09T05:26:59Z
2023-03-02,SJF,3.2,3.25,3.16,3.16,190400,KBS,2026-10-09T05:26:59Z
2023-03-03,SJF,3.18,3.2,3.13,3.14,179800,KBS,2026-10-09T05:26:59Z
2023-03-06,SJF,3.22,3.22,3.14,3.16,126900,KBS,2026-10-09T05:26:59Z
2023-03-07,SJF,3.17,3.2,3.12,3.16,216700,KBS,2026-10-09T05:26:59Z
2023-03-08,SJF,3.13,3.18,3.1,3.16,168300,KBS,2026-10-09T05:26:59Z
2023-03-09,SJF,3.17,3.24,3.17,3.24,415400,KBS,2026-10-09T05:26:59Z
2023-03-10,SJF,3.21,3.25,3.18,3.22,279400,KBS,2026-10-09T05:26:59Z
2023-03-13,SJF,3.15,3.19,3.13,3.13,212500,KBS,2026-10-09T05:26:59Z
2023-03-14,SJF,3.14,3.15,2.97,3.01,650300,KBS,2026-10-09T05:26:59Z
2023-03-15,SJF,3.07,3.12,3.04,3.06,228600,KBS,2026-10-09T05:26:59Z
2023-03-16,SJF,2.91,3.08,2.91,3.04,164300,KBS,2026-10-09T05:26:59Z
2023-03-17,SJF,3.06,3.07,2.99,3.01,239800,KBS,2026-10-09T05:26:59Z
2023-03-20,SJF,3.01,3.04,2.95,2.97,320800,KBS,2026-10-09T05:26:59Z
2023-03-21,SJF,2.98,3.04,2.94,3.0,203200,KBS,2026-10-09T05:26:59Z
2023-03-22,SJF,3.0,3.02,2.99,3.0,177500,KBS,2026-10-09T05:26:59Z
2023-03-23,SJF,3.0,3.0,2.94,2.97,92700,KBS,2026-10-09T05:26:59Z
2023-03-24,SJF,2.97,3.01,2.95,2.97,118300,KBS,2026-10-09T05:26:59Z
2023-03-27,SJF,2.98,3.01,2.96,2.98,268700,KBS,2026-10-09T05:26:59Z
2023-03-28,SJF,2.98,3.01,2.97,2.98,394100,KBS,2026-10-09T05:26:59Z
2023-03-29,SJF,3.0,3.0,2.96,2.97,201500,KBS,2026-10-09T05:26:59Z
2023-03-30,SJF,3.0,3.01,2.97,3.0,254800,KBS,2026-10-09T05:26:59Z
2023-03-31,SJF,2.99,3.01,2.99,3.01,156400,KBS,2026-10-09T05:26:59Z
2023-04-03,SJF,3.03,3.06,3.0,3.02,335500,KBS,2026-10-09T05:26:59Z
2023-04-04,SJF,3.02,3.05,2.96,3.02,371900,KBS,2026-10-09T05:26:59Z
2023-04-05,SJF,3.01,3.2,3.01,3.2,753800,KBS,2026-10-09T05:26:59Z
2023-04-06,SJF,3.3,3.3,3.18,3.18,513000,KBS,2026-10-09T05:26:59Z
2023-04-07,SJF,3.15,3.17,3.05,3.07,575500,KBS,2026-10-09T05:26:59Z
2023-04-10,SJF,3.11,3.16,3.03,3.03,353500,KBS,2026-10-09T05:26:59Z
2023-04-11,SJF,3.03,3.09,3.01,3.03,336800,KBS,2026-10-09T05:26:59Z
2023-04-12,SJF,3.06,3.06,3.03,3.05,365600,KBS,2026-10-09T05:26:59Z
2023-04-13,SJF,3.06,3.06,3.01,3.05,392300,KBS,2026-10-09T05:26:59Z
2023-04-14,SJF,3.06,3.06,2.98,2.98,469000,KBS,2026-10-09T05:26:59Z
2023-04-17,SJF,2.98,2.99,2.94,2.98,321600,KBS,2026-10-09T05:26:59Z
2023-04-18,SJF,3.0,3.03,2.96,3.01,481400,KBS,2026-10-09T05:26:59Z
2023-04-19,SJF,3.04,3.04,2.97,2.97,204700,KBS,2026-10-09T05:26:59Z
2023-04-20,SJF,2.97,3.0,2.9,2.98,175500,KBS,2026-10-09T05:26:59Z
2023-04-21,SJF,3.0,3.0,2.85,2.9,383000,KBS,2026-10-09T05:26:59Z
2023-04-24,SJF,2.9,2.92,2.85,2.85,297400,KBS,2026-10-09T05:26:59Z
2023-04-25,SJF,2.93,2.93,2.83,2.84,393400,KBS,2026-10-09T05:26:59Z
2023-04-26,SJF,2.84,2.9,2.81,2.84,243700,KBS,2026-10-09T05:26:59Z
2023-04-27,SJF,2.9,2.9,2.79,2.84,361500,KBS,2026-10-09T05:26:59Z
2023-04-28,SJF,2.89,2.89,2.78,2.86,555100,KBS,2026-10-09T05:26:59Z
2023-05-04,SJF,2.83,2.87,2.82,2.85,247900,KBS,2026-10-09T05:26:59Z
2023-05-05,SJF,2.87,2.87,2.8,2.81,228000,KBS,2026-10-09T05:26:59Z
2023-05-08,SJF,2.83,3.0,2.82,3.0,914100,KBS,2026-10-09T05:26:59Z
2023-05-09,SJF,3.1,3.1,2.96,3.02,594700,KBS,2026-10-09T05:26:59Z
2023-05-10,SJF,3.05,3.1,2.9,3.09,973600,KBS,2026-10-09T05:26:59Z
2023-05-11,SJF,3.19,3.19,3.11,3.13,623000,KBS,2026-10-09T05:26:59Z
2023-05-12,SJF,3.12,3.14,3.0,3.09,800100,KBS,2026-10-09T05:26:59Z
2023-05-15,SJF,3.09,3.3,3.09,3.24,1363300,KBS,2026-10-09T05:26:59Z
2023-05-16,SJF,3.27,3.27,3.16,3.19,462700,KBS,2026-10-09T05:26:59Z
2023-05-17,SJF,3.16,3.37,3.16,3.26,1390800,KBS,2026-10-09T05:26:59Z
2023-05-18,SJF,3.36,3.36,3.22,3.25,481700,KBS,2026-10-09T05:26:59Z
2023-05-19,SJF,3.25,3.26,3.03,3.13,1030600,KBS,2026-10-09T05:26:59Z
2023-05-22,SJF,3.18,3.18,3.12,3.14,200100,KBS,2026-10-09T05:26:59Z
2023-05-23,SJF,3.14,3.14,3.1,3.12,496100,KBS,2026-10-09T05:26:59Z
2023-05-24,SJF,3.11,3.18,3.11,3.12,522000,KBS,2026-10-09T05:26:59Z
2023-05-25,SJF,3.13,3.2,3.11,3.18,537300,KBS,2026-10-09T05:26:59Z
2023-05-26,SJF,3.18,3.4,3.18,3.4,1779900,KBS,2026-10-09T05:26:59Z
2023-05-29,SJF,3.63,3.63,3.51,3.63,1401900,KBS,2026-10-09T05:26:59Z
2023-05-30,SJF,3.88,3.88,3.68,3.8,2426700,KBS,2026-10-09T05:26:59Z
2023-05-31,SJF,3.8,3.99,3.71,3.79,1543300,KBS,2026-10-09T05:26:59Z
2023-06-01,SJF,3.85,4.05,3.85,4.05,1918400,KBS,2026-10-09T05:26:59Z
2023-06-02,SJF,4.29,4.32,3.99,4.07,1777900,KBS,2026-10-09T05:26:59Z
2023-06-05,SJF,4.1,4.17,3.94,3.94,1134200,KBS,2026-10-09T05:26:59Z
2023-06-06,SJF,3.95,4.2,3.93,4.12,855600,KBS,2026-10-09T05:26:59Z
2023-06-07,SJF,4.13,4.35,4.12,4.2,906700,KBS,2026-10-09T05:26:59Z
2023-06-08,SJF,4.29,4.38,4.17,4.17,1130100,KBS,2026-10-09T05:26:59Z
2023-06-09,SJF,4.17,4.2,3.95,4.0,1035300,KBS,2026-10-09T05:26:59Z
2023-06-12,SJF,4.06,4.19,4.0,4.18,854300,KBS,2026-10-09T05:26:59Z
2023-06-13,SJF,4.35,4.47,4.34,4.47,940700,KBS,2026-10-09T05:26:59Z
2023-06-14,SJF,4.78,4.78,4.51,4.51,3484800,KBS,2026-10-09T05:26:59Z
2023-06-15,SJF,4.5,4.68,4.48,4.65,1497100,KBS,2026-10-09T05:26:59Z
2023-06-16,SJF,4.6,4.84,4.33,4.33,1984300,KBS,2026-10-09T05:26:59Z
2023-06-19,SJF,4.29,4.29,4.03,4.03,1726600,KBS,2026-10-09T05:26:59Z
2023-06-20,SJF,4.03,4.2,4.0,4.16,610000,KBS,2026-10-09T05:26:59Z
2023-06-21,SJF,4.16,4.21,4.09,4.15,559000,KBS,2026-10-09T05:26:59Z
2023-06-22,SJF,4.16,4.26,4.08,4.2,987100,KBS,2026-10-09T05:26:59Z
2023-06-23,SJF,4.15,4.32,4.15,4.2,605200,KBS,2026-10-09T05:26:59Z
2023-06-26,SJF,4.19,4.2,3.99,3.99,1568800,KBS,2026-10-09T05:26:59Z
2023-06-27,SJF,4.0,4.1,3.99,4.0,520900,KBS,2026-10-09T05:26:59Z
2023-06-28,SJF,4.02,4.08,3.96,4.0,484600,KBS,2026-10-09T05:26:59Z
2023-06-29,SJF,3.97,4.0,3.81,3.81,832400,KBS,2026-10-09T05:26:59Z
2023-06-30,SJF,3.81,3.87,3.77,3.8,566700,KBS,2026-10-09T05:26:59Z
2023-07-03,SJF,3.82,3.86,3.78,3.83,279300,KBS,2026-10-09T05:26:59Z
2023-07-04,SJF,3.81,4.0,3.81,3.98,446500,KBS,2026-10-09T05:26:59Z
2023-07-05,SJF,3.98,4.05,3.97,3.98,416900,KBS,2026-10-09T05:26:59Z
2023-07-06,SJF,4.0,4.06,3.8,3.87,403600,KBS,2026-10-09T05:26:59Z
2023-07-07,SJF,3.85,3.95,3.82,3.95,388000,KBS,2026-10-09T05:26:59Z
2023-07-10,SJF,4.0,4.05,3.95,4.0,513800,KBS,2026-10-09T05:26:59Z
2023-07-11,SJF,4.0,4.04,3.91,4.0,844500,KBS,2026-10-09T05:26:59Z
2023-07-12,SJF,4.03,4.03,3.93,3.97,384100,KBS,2026-10-09T05:26:59Z
2023-07-13,SJF,3.95,4.03,3.92,3.92,412700,KBS,2026-10-09T05:26:59Z
2023-07-14,SJF,3.98,4.02,3.93,3.97,651200,KBS,2026-10-09T05:26:59Z
2023-07-17,SJF,4.05,4.15,4.0,4.15,1033500,KBS,2026-10-09T05:26:59Z
2023-07-18,SJF,4.15,4.2,4.06,4.11,960300,KBS,2026-10-09T05:26:59Z
2023-07-19,SJF,4.1,4.1,3.94,4.01,869300,KBS,2026-10-09T05:26:59Z
2023-07-20,SJF,4.04,4.04,3.95,4.0,335300,KBS,2026-10-09T05:26:59Z
2023-07-21,SJF,4.05,4.06,3.99,4.06,554100,KBS,2026-10-09T05:26:59Z
2023-07-24,SJF,4.1,4.3,4.04,4.27,1321400,KBS,2026-10-09T05:26:59Z
2023-07-25,SJF,4.27,4.3,4.11,4.13,744400,KBS,2026-10-09T05:26:59Z
2023-07-26,SJF,4.17,4.36,4.12,4.29,2008200,KBS,2026-10-09T05:26:59Z
2023-07-27,SJF,4.39,4.39,4.2,4.25,865000,KBS,2026-10-09T05:26:59Z
2023-07-28,SJF,4.25,4.4,4.25,4.31,1453500,KBS,2026-10-09T05:26:59Z
2023-07-31,SJF,4.31,4.4,4.26,4.3,980900,KBS,2026-10-09T05:26:59Z
2023-08-01,SJF,4.3,4.38,4.1,4.1,1210600,KBS,2026-10-09T05:26:59Z
2023-08-02,SJF,4.06,4.19,4.06,4.17,877800,KBS,2026-10-09T05:26:59Z
2023-08-03,SJF,4.16,4.34,4.15,4.24,546500,KBS,2026-10-09T05:26:59Z
2023-08-04,SJF,4.3,4.31,4.16,4.16,1012400,KBS,2026-10-09T05:26:59Z
2023-08-07,SJF,4.18,4.32,4.18,4.27,990100,KBS,2026-10-09T05:26:59Z
2023-08-08,SJF,4.37,4.56,4.3,4.56,1493400,KBS,2026-10-09T05:26:59Z
2023-08-09,SJF,4.87,4.87,4.62,4.64,3065300,KBS,2026-10-09T05:26:59Z
2023-08-10,SJF,4.64,4.7,4.45,4.47,1467900,KBS,2026-10-09T05:26:59Z
2023-08-11,SJF,4.53,4.53,4.35,4.45,1001300,KBS,2026-10-09T05:26:59Z
2023-08-14,SJF,4.46,4.6,4.45,4.5,814300,KBS,2026-10-09T05:26:59Z
2023-08-15,SJF,4.58,4.6,4.47,4.49,731900,KBS,2026-10-09T05:26:59Z
2023-08-16,SJF,4.49,4.49,4.4,4.42,886200,KBS,2026-10-09T05:26:59Z
2023-08-17,SJF,4.43,4.48,4.38,4.42,718000,KBS,2026-10-09T05:26:59Z
2023-08-18,SJF,4.3,4.42,4.12,4.12,2184800,KBS,2026-10-09T05:26:59Z
2023-08-21,SJF,4.0,4.12,3.92,3.99,601400,KBS,2026-10-09T05:26:59Z
2023-08-22,SJF,4.0,4.07,3.9,3.99,542100,KBS,2026-10-09T05:26:59Z
2023-08-23,SJF,4.0,4.12,3.98,3.99,476300,KBS,2026-10-09T05:26:59Z
2023-08-24,SJF,4.0,4.24,4.0,4.24,297700,KBS,2026-10-09T05:26:59Z
2023-08-25,SJF,4.08,4.45,4.08,4.45,410800,KBS,2026-10-09T05:26:59Z
2023-08-28,SJF,4.39,4.39,4.18,4.3,1434200,KBS,2026-10-09T05:26:59Z
2023-08-29,SJF,4.29,4.3,4.16,4.17,462900,KBS,2026-10-09T05:26:59Z
2023-08-30,SJF,4.17,4.22,4.11,4.19,301300,KBS,2026-10-09T05:26:59Z
2023-08-31,SJF,4.24,4.29,4.19,4.23,357600,KBS,2026-10-09T05:26:59Z
2023-09-05,SJF,4.35,4.35,4.23,4.24,336500,KBS,2026-10-09T05:26:59Z
2023-09-06,SJF,4.25,4.27,4.22,4.26,490200,KBS,2026-10-09T05:26:59Z
2023-09-07,SJF,4.28,4.42,4.25,4.26,917100,KBS,2026-10-09T05:26:59Z
2023-09-08,SJF,4.28,4.55,4.22,4.55,3071000,KBS,2026-10-09T05:26:59Z
2023-09-11,SJF,4.61,4.7,4.36,4.36,1281600,KBS,2026-10-09T05:26:59Z
2023-09-12,SJF,4.36,4.43,4.25,4.34,808400,KBS,2026-10-09T05:26:59Z
2023-09-13,SJF,4.34,4.35,4.04,4.07,1423700,KBS,2026-10-09T05:26:59Z
2023-09-14,SJF,4.04,4.19,4.04,4.1,762400,KBS,2026-10-09T05:26:59Z
2023-09-15,SJF,4.1,4.18,4.04,4.04,545000,KBS,2026-10-09T05:26:59Z
2023-09-18,SJF,3.76,3.9,3.76,3.82,1474300,KBS,2026-10-09T05:26:59Z
2023-09-19,SJF,3.8,3.95,3.8,3.94,371300,KBS,2026-10-09T05:26:59Z
2023-09-20,SJF,3.94,3.99,3.88,3.97,334100,KBS,2026-10-09T05:26:59Z
2023-09-21,SJF,4.0,4.04,3.92,3.96,361100,KBS,2026-10-09T05:26:59Z
2023-09-22,SJF,3.8,3.95,3.78,3.89,516400,KBS,2026-10-09T05:26:59Z
2023-09-25,SJF,3.99,3.99,3.68,3.69,403600,KBS,2026-10-09T05:26:59Z
2023-09-26,SJF,3.63,3.76,3.57,3.61,488700,KBS,2026-10-09T05:26:59Z
2023-09-27,SJF,3.6,3.64,3.36,3.5,560300,KBS,2026-10-09T05:26:59Z
2023-09-28,SJF,3.59,3.59,3.48,3.55,174800,KBS,2026-10-09T05:26:59Z
2023-09-29,SJF,3.55,3.63,3.53,3.56,147700,KBS,2026-10-09T05:26:59Z
2023-10-02,SJF,3.58,3.58,3.48,3.54,216900,KBS,2026-10-09T05:26:59Z
2023-10-03,SJF,3.48,3.59,3.43,3.43,173300,KBS,2026-10-09T05:26:59Z
2023-10-04,SJF,3.43,3.53,3.4,3.53,110200,KBS,2026-10-09T05:26:59Z
2023-10-05,SJF,3.45,3.5,3.29,3.29,1184500,KBS,2026-10-09T05:26:59Z
2023-10-06,SJF,3.3,3.3,3.06,3.09,993100,KBS,2026-10-09T05:26:59Z
2023-10-09,SJF,2.95,3.08,2.95,3.0,555600,KBS,2026-10-09T05:26:59Z
2023-10-10,SJF,3.15,3.21,3.15,3.21,215700,KBS,2026-10-09T05:26:59Z
2023-10-11,SJF,3.29,3.4,3.19,3.28,420200,KBS,2026-10-09T05:26:59Z
2023-10-12,SJF,3.33,3.34,3.22,3.3,344300,KBS,2026-10-09T05:26:59Z
2023-10-13,SJF,3.21,3.28,3.18,3.2,139900,KBS,2026-10-09T05:26:59Z
2023-10-16,SJF,3.26,3.26,3.15,3.16,183400,KBS,2026-10-09T05:26:59Z
2023-10-17,SJF,3.25,3.25,2.95,3.06,291500,KBS,2026-10-09T05:26:59Z
2023-10-18,SJF,3.06,3.06,2.86,2.98,664100,KBS,2026-10-09T05:26:59Z
2023-10-19,SJF,2.98,2.98,2.91,2.91,383500,KBS,2026-10-09T05:26:59Z
2023-10-20,SJF,2.91,2.99,2.81,2.99,342700,KBS,2026-10-09T05:26:59Z
2023-10-23,SJF,2.99,2.99,2.79,2.79,1376600,KBS,2026-10-09T05:26:59Z
2023-10-24,SJF,2.6,2.8,2.6,2.72,404000,KBS,2026-10-09T05:26:59Z
2023-10-25,SJF,2.72,2.79,2.68,2.71,178500,KBS,2026-10-09T05:26:59Z
2023-10-26,SJF,2.71,2.71,2.53,2.53,413100,KBS,2026-10-09T05:26:59Z
2023-10-27,SJF,2.6,2.6,2.4,2.44,168200,KBS,2026-10-09T05:26:59Z
2023-10-30,SJF,2.4,2.5,2.37,2.42,150500,KBS,2026-10-09T05:26:59Z
2023-10-31,SJF,2.41,2.41,2.35,2.35,128800,KBS,2026-10-09T05:26:59Z
2023-11-01,SJF,2.32,2.35,2.19,2.24,360000,KBS,2026-10-09T05:26:59Z
2023-11-02,SJF,2.24,2.39,2.24,2.39,274900,KBS,2026-10-09T05:26:59Z
2023-11-03,SJF,2.39,2.39,2.23,2.23,351900,KBS,2026-10-09T05:26:59Z
2023-11-06,SJF,2.2,2.2,2.08,2.08,421800,KBS,2026-10-09T05:26:59Z
2023-11-07,SJF,2.05,2.05,1.94,1.94,361900,KBS,2026-10-09T05:26:59Z
2023-11-08,SJF,1.81,1.94,1.81,1.81,310300,KBS,2026-10-09T05:26:59Z
2023-11-09,SJF,1.69,1.93,1.69,1.9,3136000,KBS,2026-10-09T05:26:59Z
2023-11-10,SJF,1.9,1.93,1.77,1.79,1796100,KBS,2026-10-09T05:26:59Z
