date,symbol,open,high,low,close,volume,source,fetched_at
2018-10-11,SKG,12.94,13.17,12.7,12.7,632510,KBS,2026-10-09T04:38:02Z
2018-10-12,SKG,12.52,12.82,12.34,12.79,323170,KBS,2026-10-09T04:38:02Z
2018-10-15,SKG,12.9,12.9,12.64,12.76,49780,KBS,2026-10-09T04:38:02Z
2018-10-16,SKG,12.76,12.82,12.7,12.79,114090,KBS,2026-10-09T04:38:02Z
2018-10-17,SKG,12.88,13.08,11.89,11.89,819330,KBS,2026-10-09T04:38:02Z
2018-10-18,SKG,11.09,11.09,11.09,11.09,223810,KBS,2026-10-09T04:38:02Z
2018-10-19,SKG,10.31,10.31,10.31,10.31,380150,KBS,2026-10-09T04:38:02Z
2018-10-22,SKG,9.95,10.85,9.95,10.61,785770,KBS,2026-10-09T04:38:02Z
2018-10-23,SKG,10.61,10.61,10.25,10.4,203820,KBS,2026-10-09T04:38:02Z
2018-10-24,SKG,10.4,10.43,10.13,10.25,161620,KBS,2026-10-09T04:38:02Z
2018-10-25,SKG,9.75,10.07,9.6,10.07,351550,KBS,2026-10-09T04:38:02Z
2018-10-26,SKG,10.13,10.13,9.9,10.01,88870,KBS,2026-10-09T04:38:02Z
2018-10-29,SKG,9.84,9.95,9.69,9.69,86440,KBS,2026-10-09T04:38:02Z
2018-10-30,SKG,9.69,10.01,9.69,9.9,182560,KBS,2026-10-09T04:38:02Z
2018-10-31,SKG,9.9,10.13,9.9,10.13,119280,KBS,2026-10-09T04:38:02Z
2018-11-01,SKG,10.13,10.13,9.78,9.86,141920,KBS,2026-10-09T04:38:02Z
2018-11-02,SKG,9.78,10.01,9.78,9.9,159820,KBS,2026-10-09T04:38:02Z
2018-11-05,SKG,9.9,9.98,9.72,9.9,85370,KBS,2026-10-09T04:38:02Z
2018-11-06,SKG,9.9,9.9,9.63,9.8,306440,KBS,2026-10-09T04:38:02Z
2018-11-07,SKG,9.8,9.8,9.6,9.69,86790,KBS,2026-10-09T04:38:02Z
2018-11-08,SKG,9.69,9.84,9.69,9.72,47630,KBS,2026-10-09T04:38:02Z
2018-11-09,SKG,9.78,9.84,9.69,9.78,101860,KBS,2026-10-09T04:38:02Z
2018-11-12,SKG,9.78,9.78,9.66,9.72,38650,KBS,2026-10-09T04:38:02Z
2018-11-13,SKG,9.69,9.78,9.54,9.72,171500,KBS,2026-10-09T04:38:02Z
2018-11-14,SKG,9.75,9.8,9.69,9.72,139530,KBS,2026-10-09T04:38:02Z
2018-11-15,SKG,9.72,9.72,9.54,9.54,93160,KBS,2026-10-09T04:38:02Z
2018-11-16,SKG,9.54,9.72,9.36,9.6,136690,KBS,2026-10-09T04:38:02Z
2018-11-19,SKG,9.63,9.69,9.54,9.63,26160,KBS,2026-10-09T04:38:02Z
2018-11-20,SKG,9.72,9.72,9.54,9.54,121770,KBS,2026-10-09T04:38:02Z
2018-11-21,SKG,9.54,10.19,9.54,10.19,343540,KBS,2026-10-09T04:38:02Z
2018-11-22,SKG,10.37,10.43,10.13,10.22,120610,KBS,2026-10-09T04:38:02Z
2018-11-23,SKG,10.19,10.19,9.78,9.98,136330,KBS,2026-10-09T04:38:02Z
2018-11-26,SKG,9.84,9.98,9.69,9.69,93510,KBS,2026-10-09T04:38:02Z
2018-11-27,SKG,9.84,9.95,9.66,9.66,216300,KBS,2026-10-09T04:38:02Z
2018-11-28,SKG,9.78,9.86,9.69,9.8,195890,KBS,2026-10-09T04:38:02Z
2018-11-29,SKG,9.8,10.01,9.78,9.84,185930,KBS,2026-10-09T04:38:02Z
2018-11-30,SKG,9.84,9.95,9.8,9.84,79100,KBS,2026-10-09T04:38:02Z
2018-12-03,SKG,9.84,10.19,9.84,10.19,269090,KBS,2026-10-09T04:38:02Z
2018-12-04,SKG,10.25,10.25,10.01,10.07,187070,KBS,2026-10-09T04:38:02Z
2018-12-05,SKG,10.07,10.07,9.86,9.9,102390,KBS,2026-10-09T04:38:02Z
2018-12-06,SKG,9.93,10.13,9.84,10.13,185230,KBS,2026-10-09T04:38:02Z
2018-12-07,SKG,10.13,10.13,9.95,10.04,126660,KBS,2026-10-09T04:38:02Z
2018-12-10,SKG,9.9,10.07,9.86,10.01,30210,KBS,2026-10-09T04:38:02Z
2018-12-11,SKG,10.01,10.04,9.93,9.93,119650,KBS,2026-10-09T04:38:02Z
2018-12-12,SKG,9.95,10.01,9.93,10.01,189170,KBS,2026-10-09T04:38:02Z
2018-12-13,SKG,10.01,10.28,9.95,10.19,355480,KBS,2026-10-09T04:38:02Z
2018-12-14,SKG,10.19,10.67,10.07,10.31,646670,KBS,2026-10-09T04:38:02Z
2018-12-17,SKG,10.34,10.55,10.34,10.4,326510,KBS,2026-10-09T04:38:02Z
2018-12-18,SKG,10.22,10.34,10.07,10.13,316220,KBS,2026-10-09T04:38:02Z
2018-12-19,SKG,10.25,10.28,10.07,10.13,283600,KBS,2026-10-09T04:38:02Z
2018-12-20,SKG,10.13,10.82,10.1,10.82,654580,KBS,2026-10-09T04:38:02Z
2018-12-21,SKG,10.82,11.32,10.61,10.97,491280,KBS,2026-10-09T04:38:02Z
2018-12-24,SKG,11.15,11.15,10.73,10.88,461900,KBS,2026-10-09T04:38:02Z
2018-12-25,SKG,10.61,10.85,10.34,10.85,509800,KBS,2026-10-09T04:38:02Z
2018-12-26,SKG,10.85,10.97,10.55,10.64,76120,KBS,2026-10-09T04:38:02Z
2018-12-27,SKG,10.97,11.0,10.37,10.7,198000,KBS,2026-10-09T04:38:02Z
2018-12-28,SKG,10.49,10.85,10.43,10.43,137470,KBS,2026-10-09T04:38:02Z
2019-01-02,SKG,10.43,10.67,10.4,10.4,178290,KBS,2026-10-09T04:38:02Z
2019-01-03,SKG,10.37,10.43,10.31,10.34,332440,KBS,2026-10-09T04:38:02Z
2019-01-04,SKG,10.31,10.31,9.63,10.13,184960,KBS,2026-10-09T04:38:02Z
2019-01-07,SKG,10.13,10.13,9.84,10.07,162310,KBS,2026-10-09T04:38:02Z
2019-01-08,SKG,10.07,10.13,9.84,10.13,81630,KBS,2026-10-09T04:38:02Z
2019-01-09,SKG,10.13,10.16,9.93,10.07,130180,KBS,2026-10-09T04:38:02Z
2019-01-10,SKG,10.01,10.07,9.8,9.86,271840,KBS,2026-10-09T04:38:02Z
2019-01-11,SKG,9.86,10.04,9.8,10.01,58890,KBS,2026-10-09T04:38:02Z
2019-01-14,SKG,10.01,10.07,9.98,9.98,85730,KBS,2026-10-09T04:38:02Z
2019-01-15,SKG,9.9,10.13,9.9,10.07,91520,KBS,2026-10-09T04:38:02Z
2019-01-16,SKG,10.07,10.1,9.95,9.95,68260,KBS,2026-10-09T04:38:02Z
2019-01-17,SKG,10.01,10.04,9.95,10.04,130580,KBS,2026-10-09T04:38:02Z
2019-01-18,SKG,10.07,10.07,9.84,9.95,96360,KBS,2026-10-09T04:38:02Z
2019-01-21,SKG,9.27,9.54,9.27,9.27,344680,KBS,2026-10-09T04:38:02Z
2019-01-22,SKG,8.64,8.94,8.64,8.64,833850,KBS,2026-10-09T04:38:02Z
2019-01-23,SKG,8.76,8.91,8.61,8.76,150150,KBS,2026-10-09T04:38:02Z
2019-01-24,SKG,8.64,8.76,8.61,8.64,118100,KBS,2026-10-09T04:38:02Z
2019-01-25,SKG,8.67,8.88,8.61,8.76,268490,KBS,2026-10-09T04:38:02Z
2019-01-28,SKG,8.76,8.94,8.61,8.73,100650,KBS,2026-10-09T04:38:02Z
2019-01-29,SKG,8.7,8.76,8.64,8.67,53180,KBS,2026-10-09T04:38:02Z
2019-01-30,SKG,8.67,8.79,8.67,8.73,188160,KBS,2026-10-09T04:38:02Z
2019-01-31,SKG,8.73,8.76,8.7,8.73,79930,KBS,2026-10-09T04:38:02Z
2019-02-01,SKG,8.76,8.76,8.7,8.73,90780,KBS,2026-10-09T04:38:02Z
2019-02-11,SKG,8.76,8.85,8.7,8.76,95260,KBS,2026-10-09T04:38:02Z
2019-02-12,SKG,8.76,8.76,8.67,8.76,205490,KBS,2026-10-09T04:38:02Z
2019-02-13,SKG,8.76,9.12,8.7,9.06,412430,KBS,2026-10-09T04:38:02Z
2019-02-14,SKG,9.09,9.15,9.03,9.06,153090,KBS,2026-10-09T04:38:02Z
2019-02-15,SKG,9.06,9.12,8.94,9.06,73180,KBS,2026-10-09T04:38:02Z
2019-02-18,SKG,9.06,9.09,8.82,8.94,213180,KBS,2026-10-09T04:38:02Z
2019-02-19,SKG,8.82,9.06,8.76,8.85,220950,KBS,2026-10-09T04:38:02Z
2019-02-20,SKG,8.94,8.94,8.73,8.88,126700,KBS,2026-10-09T04:38:02Z
2019-02-21,SKG,8.88,8.94,8.76,8.88,146020,KBS,2026-10-09T04:38:02Z
2019-02-22,SKG,8.88,8.91,8.82,8.85,87430,KBS,2026-10-09T04:38:02Z
2019-02-25,SKG,8.85,8.91,8.76,8.88,102980,KBS,2026-10-09T04:38:02Z
2019-02-26,SKG,8.88,8.88,8.79,8.85,27010,KBS,2026-10-09T04:38:02Z
2019-02-27,SKG,8.82,8.85,8.82,8.85,110020,KBS,2026-10-09T04:38:02Z
2019-02-28,SKG,8.85,8.88,8.76,8.76,194470,KBS,2026-10-09T04:38:02Z
2019-03-01,SKG,8.88,8.88,8.76,8.85,116580,KBS,2026-10-09T04:38:02Z
2019-03-04,SKG,8.85,9.27,8.85,9.18,468140,KBS,2026-10-09T04:38:02Z
2019-03-05,SKG,9.18,9.18,9.06,9.12,222230,KBS,2026-10-09T04:38:02Z
2019-03-06,SKG,9.12,9.12,8.97,9.0,58310,KBS,2026-10-09T04:38:02Z
2019-03-07,SKG,9.0,9.39,9.0,9.27,370880,KBS,2026-10-09T04:38:02Z
2019-03-08,SKG,9.24,9.24,8.97,9.06,83890,KBS,2026-10-09T04:38:02Z
2019-03-11,SKG,9.06,9.12,8.97,9.09,70560,KBS,2026-10-09T04:38:02Z
2019-03-12,SKG,9.09,9.15,9.03,9.15,84350,KBS,2026-10-09T04:38:02Z
2019-03-13,SKG,9.15,9.27,9.12,9.12,123420,KBS,2026-10-09T04:38:02Z
2019-03-14,SKG,9.12,9.3,9.03,9.03,320460,KBS,2026-10-09T04:38:02Z
2019-03-15,SKG,9.03,9.24,9.03,9.21,110340,KBS,2026-10-09T04:38:02Z
2019-03-18,SKG,9.24,9.24,9.18,9.21,129040,KBS,2026-10-09T04:38:02Z
2019-03-19,SKG,9.24,9.24,9.09,9.18,320440,KBS,2026-10-09T04:38:02Z
2019-03-20,SKG,9.18,9.18,9.09,9.09,115250,KBS,2026-10-09T04:38:02Z
2019-03-21,SKG,9.09,9.15,9.06,9.06,134930,KBS,2026-10-09T04:38:02Z
2019-03-22,SKG,9.06,9.12,9.03,9.06,69670,KBS,2026-10-09T04:38:02Z
2019-03-25,SKG,9.03,9.03,8.76,8.76,428990,KBS,2026-10-09T04:38:02Z
2019-03-26,SKG,8.76,8.94,8.76,8.88,71670,KBS,2026-10-09T04:38:02Z
2019-03-27,SKG,8.94,9.09,8.76,9.0,174660,KBS,2026-10-09T04:38:02Z
2019-03-28,SKG,8.91,9.0,8.85,8.88,93040,KBS,2026-10-09T04:38:02Z
2019-03-29,SKG,8.85,9.0,8.85,8.85,112000,KBS,2026-10-09T04:38:02Z
2019-04-01,SKG,8.85,9.0,8.79,8.94,412490,KBS,2026-10-09T04:38:02Z
2019-04-02,SKG,9.09,9.09,8.79,8.94,222240,KBS,2026-10-09T04:38:02Z
2019-04-03,SKG,8.94,8.94,8.76,8.82,364760,KBS,2026-10-09T04:38:02Z
2019-04-04,SKG,8.79,8.88,8.76,8.79,106070,KBS,2026-10-09T04:38:02Z
2019-04-05,SKG,8.79,8.82,8.76,8.79,96040,KBS,2026-10-09T04:38:02Z
2019-04-08,SKG,8.79,8.82,8.7,8.76,142640,KBS,2026-10-09T04:38:02Z
2019-04-09,SKG,8.76,8.79,8.64,8.67,284140,KBS,2026-10-09T04:38:02Z
2019-04-10,SKG,8.67,8.7,8.55,8.58,170330,KBS,2026-10-09T04:38:02Z
2019-04-11,SKG,8.64,8.67,8.49,8.55,140710,KBS,2026-10-09T04:38:02Z
2019-04-12,SKG,8.82,8.82,8.61,8.7,240010,KBS,2026-10-09T04:38:02Z
2019-04-16,SKG,8.67,8.67,8.52,8.61,43010,KBS,2026-10-09T04:38:02Z
2019-04-17,SKG,8.67,8.67,8.58,8.58,100640,KBS,2026-10-09T04:38:02Z
2019-04-18,SKG,8.52,8.61,8.4,8.46,184680,KBS,2026-10-09T04:38:02Z
2019-04-19,SKG,8.35,8.46,8.2,8.23,314910,KBS,2026-10-09T04:38:02Z
2019-04-22,SKG,8.23,8.23,8.11,8.2,146380,KBS,2026-10-09T04:38:02Z
2019-04-23,SKG,8.2,8.23,8.17,8.2,63450,KBS,2026-10-09T04:38:02Z
2019-04-24,SKG,8.2,8.23,8.17,8.23,95460,KBS,2026-10-09T04:38:02Z
2019-04-25,SKG,8.32,8.32,8.2,8.2,73980,KBS,2026-10-09T04:38:02Z
2019-04-26,SKG,8.2,8.2,8.05,8.17,131870,KBS,2026-10-09T04:38:02Z
2019-05-02,SKG,8.2,8.26,8.17,8.17,287360,KBS,2026-10-09T04:38:02Z
2019-05-03,SKG,8.17,8.23,8.14,8.14,106350,KBS,2026-10-09T04:38:02Z
2019-05-06,SKG,8.11,8.14,8.05,8.05,125540,KBS,2026-10-09T04:38:02Z
2019-05-07,SKG,8.05,8.14,7.99,7.99,101210,KBS,2026-10-09T04:38:02Z
2019-05-08,SKG,7.87,7.99,7.87,7.93,136690,KBS,2026-10-09T04:38:02Z
2019-05-09,SKG,7.93,7.93,7.75,7.87,219390,KBS,2026-10-09T04:38:02Z
2019-05-10,SKG,7.96,7.96,7.87,7.93,45720,KBS,2026-10-09T04:38:02Z
2019-05-13,SKG,7.93,8.14,7.93,8.02,66950,KBS,2026-10-09T04:38:02Z
2019-05-14,SKG,7.48,8.02,7.48,8.02,77120,KBS,2026-10-09T04:38:02Z
2019-05-15,SKG,7.96,8.35,7.96,8.32,113350,KBS,2026-10-09T04:38:02Z
2019-05-16,SKG,8.28,8.35,8.2,8.35,85760,KBS,2026-10-09T04:38:02Z
2019-05-17,SKG,8.28,8.58,8.28,8.46,121020,KBS,2026-10-09T04:38:02Z
2019-05-20,SKG,8.46,8.52,8.4,8.52,58930,KBS,2026-10-09T04:38:02Z
2019-05-21,SKG,8.58,8.58,8.43,8.49,51680,KBS,2026-10-09T04:38:02Z
2019-05-22,SKG,8.49,8.49,8.4,8.49,124650,KBS,2026-10-09T04:38:02Z
2019-05-23,SKG,8.4,8.49,8.38,8.38,149360,KBS,2026-10-09T04:38:02Z
2019-05-24,SKG,8.38,8.46,8.32,8.38,90200,KBS,2026-10-09T04:38:02Z
2019-05-27,SKG,8.4,8.49,8.35,8.46,23010,KBS,2026-10-09T04:38:02Z
2019-05-28,SKG,8.52,8.52,8.32,8.35,68620,KBS,2026-10-09T04:38:02Z
2019-05-29,SKG,8.43,8.49,8.28,8.4,73010,KBS,2026-10-09T04:38:02Z
2019-05-30,SKG,8.46,8.46,8.23,8.28,110500,KBS,2026-10-09T04:38:02Z
2019-05-31,SKG,8.46,8.46,8.23,8.28,167650,KBS,2026-10-09T04:38:02Z
2019-06-03,SKG,8.26,8.35,8.23,8.23,78590,KBS,2026-10-09T04:38:02Z
2019-06-04,SKG,8.28,8.4,8.23,8.35,76510,KBS,2026-10-09T04:38:02Z
2019-06-05,SKG,8.35,8.4,8.23,8.35,15440,KBS,2026-10-09T04:38:02Z
2019-06-06,SKG,8.35,8.35,8.23,8.23,32470,KBS,2026-10-09T04:38:02Z
2019-06-07,SKG,8.23,8.28,8.23,8.23,40730,KBS,2026-10-09T04:38:02Z
2019-06-10,SKG,8.35,8.67,8.35,8.64,265310,KBS,2026-10-09T04:38:02Z
2019-06-11,SKG,8.76,8.79,8.67,8.67,197920,KBS,2026-10-09T04:38:02Z
2019-06-12,SKG,8.64,8.67,8.58,8.67,61100,KBS,2026-10-09T04:38:02Z
2019-06-13,SKG,8.64,8.64,8.52,8.52,118600,KBS,2026-10-09T04:38:02Z
2019-06-14,SKG,8.61,8.64,8.55,8.58,110150,KBS,2026-10-09T04:38:02Z
2019-06-17,SKG,8.67,8.67,8.52,8.58,93250,KBS,2026-10-09T04:38:02Z
2019-06-18,SKG,8.58,8.64,8.55,8.55,91040,KBS,2026-10-09T04:38:02Z
2019-06-19,SKG,8.55,8.61,8.49,8.55,73640,KBS,2026-10-09T04:38:02Z
2019-06-20,SKG,8.55,8.58,8.52,8.55,38160,KBS,2026-10-09T04:38:02Z
2019-06-21,SKG,8.46,8.58,8.46,8.46,90610,KBS,2026-10-09T04:38:02Z
2019-06-24,SKG,8.58,8.61,8.52,8.61,134070,KBS,2026-10-09T04:38:02Z
2019-06-25,SKG,8.61,8.85,8.61,8.67,299210,KBS,2026-10-09T04:38:02Z
2019-06-26,SKG,8.76,9.06,8.73,8.88,352130,KBS,2026-10-09T04:38:02Z
2019-06-27,SKG,8.88,8.91,8.76,8.76,179060,KBS,2026-10-09T04:38:02Z
2019-06-28,SKG,8.87,8.87,8.59,8.76,164910,KBS,2026-10-09T04:38:02Z
2019-07-01,SKG,8.76,8.76,8.55,8.59,97770,KBS,2026-10-09T04:38:02Z
2019-07-02,SKG,8.59,8.62,8.45,8.45,82160,KBS,2026-10-09T04:38:02Z
2019-07-03,SKG,8.45,8.66,8.45,8.48,63210,KBS,2026-10-09T04:38:02Z
2019-07-04,SKG,8.66,8.66,8.45,8.55,69150,KBS,2026-10-09T04:38:02Z
2019-07-05,SKG,8.55,8.59,8.48,8.59,85710,KBS,2026-10-09T04:38:02Z
2019-07-08,SKG,8.59,8.66,8.48,8.55,71170,KBS,2026-10-09T04:38:02Z
2019-07-09,SKG,8.48,8.55,8.45,8.45,72730,KBS,2026-10-09T04:38:02Z
2019-07-10,SKG,8.45,8.55,8.41,8.41,63560,KBS,2026-10-09T04:38:02Z
2019-07-11,SKG,8.41,8.52,8.34,8.34,64730,KBS,2026-10-09T04:38:02Z
2019-07-12,SKG,8.45,8.45,8.34,8.38,94960,KBS,2026-10-09T04:38:02Z
2019-07-15,SKG,8.45,8.59,8.34,8.45,79790,KBS,2026-10-09T04:38:02Z
2019-07-16,SKG,8.45,8.45,8.34,8.38,72920,KBS,2026-10-09T04:38:02Z
2019-07-17,SKG,8.41,8.41,8.34,8.38,46510,KBS,2026-10-09T04:38:02Z
2019-07-18,SKG,8.3,8.38,8.3,8.38,41490,KBS,2026-10-09T04:38:02Z
2019-07-19,SKG,8.38,8.38,8.3,8.38,25150,KBS,2026-10-09T04:38:02Z
2019-07-22,SKG,8.38,8.38,8.27,8.27,146920,KBS,2026-10-09T04:38:02Z
2019-07-23,SKG,8.27,8.41,8.27,8.38,121360,KBS,2026-10-09T04:38:02Z
2019-07-24,SKG,8.38,8.41,8.23,8.34,134970,KBS,2026-10-09T04:38:02Z
2019-07-25,SKG,8.23,8.34,8.23,8.27,33700,KBS,2026-10-09T04:38:02Z
2019-07-26,SKG,8.27,8.38,8.23,8.3,128610,KBS,2026-10-09T04:38:02Z
2019-07-29,SKG,8.38,8.38,8.27,8.27,79200,KBS,2026-10-09T04:38:02Z
2019-07-30,SKG,8.38,8.38,8.09,8.23,83580,KBS,2026-10-09T04:38:02Z
2019-07-31,SKG,8.16,8.16,7.74,8.02,195900,KBS,2026-10-09T04:38:02Z
2019-08-01,SKG,8.02,8.02,7.85,7.88,91230,KBS,2026-10-09T04:38:02Z
2019-08-02,SKG,7.88,8.02,7.88,8.02,110150,KBS,2026-10-09T04:38:02Z
2019-08-05,SKG,8.23,8.23,7.99,7.99,100230,KBS,2026-10-09T04:38:02Z
2019-08-06,SKG,7.95,8.13,7.95,8.09,74520,KBS,2026-10-09T04:38:02Z
2019-08-07,SKG,7.95,8.09,7.95,8.06,53550,KBS,2026-10-09T04:38:02Z
2019-08-08,SKG,8.02,8.09,7.99,8.02,28910,KBS,2026-10-09T04:38:02Z
2019-08-09,SKG,8.02,8.16,7.99,8.06,45340,KBS,2026-10-09T04:38:02Z
2019-08-12,SKG,8.02,8.09,8.02,8.06,23110,KBS,2026-10-09T04:38:02Z
2019-08-13,SKG,8.16,8.16,8.06,8.06,75870,KBS,2026-10-09T04:38:02Z
2019-08-14,SKG,8.13,8.27,8.13,8.23,49130,KBS,2026-10-09T04:38:02Z
2019-08-15,SKG,8.2,8.2,8.09,8.09,35950,KBS,2026-10-09T04:38:02Z
2019-08-16,SKG,8.23,8.3,8.09,8.09,298550,KBS,2026-10-09T04:38:02Z
2019-08-19,SKG,8.13,8.16,8.06,8.06,35500,KBS,2026-10-09T04:38:02Z
2019-08-20,SKG,7.92,8.06,7.92,8.06,94680,KBS,2026-10-09T04:38:02Z
2019-08-21,SKG,8.02,8.02,7.99,7.99,42280,KBS,2026-10-09T04:38:02Z
2019-08-22,SKG,7.99,8.06,7.99,8.06,107810,KBS,2026-10-09T04:38:02Z
2019-08-23,SKG,8.06,8.06,7.95,7.99,37290,KBS,2026-10-09T04:38:02Z
2019-08-26,SKG,7.99,7.99,7.88,7.92,88410,KBS,2026-10-09T04:38:02Z
2019-08-27,SKG,7.99,7.99,7.88,7.88,50020,KBS,2026-10-09T04:38:02Z
2019-08-28,SKG,7.95,8.16,7.88,8.13,136280,KBS,2026-10-09T04:38:02Z
2019-08-29,SKG,8.13,8.3,8.06,8.06,105610,KBS,2026-10-09T04:38:02Z
2019-08-30,SKG,8.13,8.13,8.02,8.09,70110,KBS,2026-10-09T04:38:02Z
2019-09-03,SKG,8.09,8.09,7.95,7.95,92810,KBS,2026-10-09T04:38:02Z
2019-09-05,SKG,7.92,7.99,7.88,7.99,34370,KBS,2026-10-09T04:38:02Z
2019-09-06,SKG,7.99,8.02,7.92,7.92,48620,KBS,2026-10-09T04:38:02Z
2019-09-09,SKG,7.88,7.95,7.85,7.95,72410,KBS,2026-10-09T04:38:02Z
2019-09-10,SKG,7.95,7.95,7.81,7.81,47500,KBS,2026-10-09T04:38:02Z
2019-09-11,SKG,7.81,7.92,7.67,7.81,48450,KBS,2026-10-09T04:38:02Z
2019-09-12,SKG,7.81,7.92,7.81,7.85,66820,KBS,2026-10-09T04:38:02Z
2019-09-13,SKG,7.88,7.95,7.78,7.92,79800,KBS,2026-10-09T04:38:02Z
2019-09-16,SKG,7.99,7.99,7.81,7.85,110720,KBS,2026-10-09T04:38:02Z
2019-09-17,SKG,7.88,7.99,7.81,7.92,101170,KBS,2026-10-09T04:38:02Z
2019-09-18,SKG,7.92,7.95,7.85,7.95,46870,KBS,2026-10-09T04:38:02Z
2019-09-19,SKG,7.92,7.95,7.85,7.88,42560,KBS,2026-10-09T04:38:02Z
2019-09-20,SKG,7.88,7.92,7.85,7.88,36140,KBS,2026-10-09T04:38:02Z
2019-09-23,SKG,7.85,7.95,7.85,7.88,36540,KBS,2026-10-09T04:38:02Z
2019-09-24,SKG,7.85,7.95,7.81,7.88,102190,KBS,2026-10-09T04:38:02Z
2019-09-25,SKG,7.88,7.95,7.88,7.88,27680,KBS,2026-10-09T04:38:02Z
2019-09-26,SKG,7.88,7.92,7.85,7.88,48340,KBS,2026-10-09T04:38:02Z
2019-09-27,SKG,7.88,7.92,7.81,7.88,122880,KBS,2026-10-09T04:38:02Z
2019-09-30,SKG,7.85,7.92,7.74,7.78,251470,KBS,2026-10-09T04:38:02Z
2019-10-01,SKG,7.88,7.88,7.74,7.78,61030,KBS,2026-10-09T04:38:02Z
2019-10-02,SKG,7.78,7.81,7.71,7.78,80280,KBS,2026-10-09T04:38:02Z
2019-10-03,SKG,7.74,7.81,7.74,7.74,23090,KBS,2026-10-09T04:38:02Z
2019-10-04,SKG,7.74,7.74,7.53,7.6,159240,KBS,2026-10-09T04:38:02Z
2019-10-07,SKG,7.39,7.74,7.39,7.53,159080,KBS,2026-10-09T04:38:02Z
2019-10-08,SKG,7.6,7.6,7.42,7.53,56850,KBS,2026-10-09T04:38:02Z
2019-10-09,SKG,7.53,7.67,7.53,7.6,32780,KBS,2026-10-09T04:38:02Z
2019-10-10,SKG,7.6,7.64,7.53,7.53,51200,KBS,2026-10-09T04:38:02Z
2019-10-11,SKG,7.53,7.6,7.53,7.53,55320,KBS,2026-10-09T04:38:02Z
2019-10-14,SKG,7.6,7.74,7.57,7.57,37520,KBS,2026-10-09T04:38:02Z
2019-10-15,SKG,7.67,7.71,7.57,7.64,92230,KBS,2026-10-09T04:38:02Z
2019-10-16,SKG,7.64,7.67,7.6,7.67,82880,KBS,2026-10-09T04:38:02Z
2019-10-17,SKG,7.67,7.71,7.6,7.6,35240,KBS,2026-10-09T04:38:02Z
2019-10-18,SKG,7.67,7.67,7.6,7.64,52630,KBS,2026-10-09T04:38:02Z
2019-10-21,SKG,7.71,8.16,7.71,8.16,264670,KBS,2026-10-09T04:38:02Z
2019-10-22,SKG,8.62,8.62,8.16,8.16,211940,KBS,2026-10-09T04:38:02Z
2019-10-23,SKG,8.09,8.16,7.88,7.95,34060,KBS,2026-10-09T04:38:02Z
2019-10-24,SKG,7.95,8.13,7.85,7.92,135520,KBS,2026-10-09T04:38:02Z
2019-10-25,SKG,7.92,8.02,7.81,7.81,141290,KBS,2026-10-09T04:38:02Z
2019-10-28,SKG,7.88,8.09,7.81,7.88,68850,KBS,2026-10-09T04:38:02Z
2019-10-29,SKG,7.92,8.06,7.88,7.88,102050,KBS,2026-10-09T04:38:02Z
2019-10-30,SKG,7.88,7.99,7.85,7.92,45980,KBS,2026-10-09T04:38:02Z
2019-10-31,SKG,7.99,7.99,7.78,7.81,89250,KBS,2026-10-09T04:38:02Z
2019-11-01,SKG,7.92,7.92,7.74,7.74,74280,KBS,2026-10-09T04:38:02Z
2019-11-04,SKG,7.81,7.92,7.71,7.88,85640,KBS,2026-10-09T04:38:02Z
2019-11-05,SKG,7.88,7.92,7.71,7.92,175200,KBS,2026-10-09T04:38:02Z
2019-11-06,SKG,7.92,7.95,7.81,7.92,37560,KBS,2026-10-09T04:38:02Z
2019-11-07,SKG,7.92,7.92,7.74,7.88,46750,KBS,2026-10-09T04:38:02Z
2019-11-08,SKG,7.78,7.92,7.74,7.85,22340,KBS,2026-10-09T04:38:02Z
2019-11-11,SKG,7.78,7.85,7.74,7.74,30780,KBS,2026-10-09T04:38:02Z
2019-11-12,SKG,7.74,7.85,7.74,7.85,20680,KBS,2026-10-09T04:38:02Z
2019-11-13,SKG,7.85,7.88,7.81,7.88,16940,KBS,2026-10-09T04:38:02Z
2019-11-14,SKG,7.88,7.88,7.81,7.88,51530,KBS,2026-10-09T04:38:02Z
2019-11-15,SKG,7.78,7.88,7.74,7.78,33000,KBS,2026-10-09T04:38:02Z
2019-11-18,SKG,7.81,7.88,7.78,7.88,35530,KBS,2026-10-09T04:38:02Z
2019-11-19,SKG,7.88,7.88,7.71,7.88,56830,KBS,2026-10-09T04:38:02Z
2019-11-20,SKG,7.88,7.88,7.81,7.88,84480,KBS,2026-10-09T04:38:02Z
2019-11-21,SKG,7.81,7.88,7.78,7.81,44250,KBS,2026-10-09T04:38:02Z
2019-11-22,SKG,7.81,7.85,7.74,7.74,105730,KBS,2026-10-09T04:38:02Z
2019-11-25,SKG,7.74,7.74,7.67,7.74,92730,KBS,2026-10-09T04:38:02Z
2019-11-26,SKG,7.74,7.81,7.71,7.74,35060,KBS,2026-10-09T04:38:02Z
2019-11-27,SKG,7.88,7.88,7.74,7.81,96610,KBS,2026-10-09T04:38:02Z
2019-11-28,SKG,7.81,7.85,7.78,7.81,20660,KBS,2026-10-09T04:38:02Z
2019-11-29,SKG,7.85,7.85,7.78,7.85,34020,KBS,2026-10-09T04:38:02Z
2019-12-02,SKG,7.85,7.88,7.78,7.78,83870,KBS,2026-10-09T04:38:02Z
2019-12-03,SKG,7.74,7.81,7.71,7.78,18260,KBS,2026-10-09T04:38:02Z
2019-12-04,SKG,7.78,7.78,7.67,7.78,39890,KBS,2026-10-09T04:38:02Z
2019-12-05,SKG,7.78,7.85,7.74,7.81,8030,KBS,2026-10-09T04:38:02Z
2019-12-06,SKG,7.85,7.85,7.78,7.78,5530,KBS,2026-10-09T04:38:02Z
2019-12-09,SKG,7.78,7.78,7.71,7.78,44580,KBS,2026-10-09T04:38:02Z
2019-12-10,SKG,7.81,7.81,7.71,7.74,58360,KBS,2026-10-09T04:38:02Z
2019-12-11,SKG,7.74,7.81,7.71,7.81,159290,KBS,2026-10-09T04:38:02Z
2019-12-12,SKG,7.85,7.85,7.74,7.81,15240,KBS,2026-10-09T04:38:02Z
2019-12-13,SKG,7.88,7.88,7.78,7.81,52940,KBS,2026-10-09T04:38:02Z
2019-12-16,SKG,7.81,7.88,7.78,7.88,79780,KBS,2026-10-09T04:38:02Z
2019-12-17,SKG,7.95,8.34,7.95,8.16,156290,KBS,2026-10-09T04:38:02Z
2019-12-18,SKG,8.23,8.23,7.95,8.13,130040,KBS,2026-10-09T04:38:02Z
2019-12-19,SKG,8.09,8.09,7.99,8.06,98710,KBS,2026-10-09T04:38:02Z
2019-12-20,SKG,8.06,8.16,7.99,8.02,107460,KBS,2026-10-09T04:38:02Z
2019-12-23,SKG,8.06,8.41,8.06,8.41,386600,KBS,2026-10-09T04:38:02Z
2019-12-24,SKG,8.41,8.8,8.34,8.76,470890,KBS,2026-10-09T04:38:02Z
2019-12-25,SKG,8.76,8.8,8.66,8.8,153060,KBS,2026-10-09T04:38:02Z
2019-12-26,SKG,8.8,8.87,8.45,8.45,248040,KBS,2026-10-09T04:38:02Z
2019-12-27,SKG,8.45,8.69,8.45,8.66,145230,KBS,2026-10-09T04:38:02Z
2019-12-30,SKG,8.66,9.08,8.66,9.04,318530,KBS,2026-10-09T04:38:02Z
2019-12-31,SKG,8.97,9.08,8.9,9.01,160650,KBS,2026-10-09T04:38:02Z
2020-01-02,SKG,9.01,9.36,8.9,9.22,249100,KBS,2026-10-09T04:38:02Z
2020-01-03,SKG,9.26,9.29,9.01,9.11,120880,KBS,2026-10-09T04:38:02Z
2020-01-06,SKG,9.04,9.04,8.62,8.69,287620,KBS,2026-10-09T04:38:02Z
2020-01-07,SKG,8.69,8.87,8.62,8.66,130870,KBS,2026-10-09T04:38:02Z
2020-01-08,SKG,8.76,8.76,8.09,8.27,403360,KBS,2026-10-09T04:38:02Z
2020-01-09,SKG,8.41,8.73,8.38,8.45,133330,KBS,2026-10-09T04:38:02Z
2020-01-10,SKG,8.45,8.62,8.45,8.55,199790,KBS,2026-10-09T04:38:02Z
2020-01-13,SKG,8.59,8.62,8.34,8.34,174830,KBS,2026-10-09T04:38:02Z
2020-01-14,SKG,8.38,8.55,8.38,8.55,45280,KBS,2026-10-09T04:38:02Z
2020-01-15,SKG,8.55,8.59,8.16,8.38,364110,KBS,2026-10-09T04:38:02Z
2020-01-16,SKG,8.23,8.3,8.2,8.23,73310,KBS,2026-10-09T04:38:02Z
2020-01-17,SKG,8.38,8.41,8.27,8.41,39300,KBS,2026-10-09T04:38:02Z
2020-01-20,SKG,8.38,8.73,8.38,8.62,152420,KBS,2026-10-09T04:38:02Z
2020-01-21,SKG,8.55,8.62,8.38,8.52,284650,KBS,2026-10-09T04:38:02Z
2020-01-22,SKG,8.52,8.66,8.45,8.66,42340,KBS,2026-10-09T04:38:02Z
2020-01-30,SKG,8.52,8.52,8.2,8.3,252160,KBS,2026-10-09T04:38:02Z
2020-01-31,SKG,8.2,8.23,8.09,8.09,144930,KBS,2026-10-09T04:38:02Z
2020-02-03,SKG,8.06,8.06,7.53,7.67,337840,KBS,2026-10-09T04:38:02Z
2020-02-04,SKG,7.46,7.74,7.46,7.74,208060,KBS,2026-10-09T04:38:02Z
2020-02-05,SKG,7.74,7.74,7.6,7.74,87950,KBS,2026-10-09T04:38:02Z
2020-02-06,SKG,7.81,8.16,7.67,8.16,220430,KBS,2026-10-09T04:38:02Z
2020-02-07,SKG,8.09,8.13,7.95,8.13,87020,KBS,2026-10-09T04:38:02Z
2020-02-10,SKG,7.95,8.13,7.74,8.09,55550,KBS,2026-10-09T04:38:02Z
2020-02-11,SKG,8.09,8.13,7.95,8.09,76650,KBS,2026-10-09T04:38:02Z
2020-02-12,SKG,8.09,8.09,7.92,7.99,134950,KBS,2026-10-09T04:38:02Z
2020-02-13,SKG,7.88,8.16,7.88,8.13,147780,KBS,2026-10-09T04:38:02Z
2020-02-14,SKG,7.99,8.16,7.99,8.13,19570,KBS,2026-10-09T04:38:02Z
2020-02-17,SKG,8.13,8.13,7.95,7.99,27240,KBS,2026-10-09T04:38:02Z
2020-02-18,SKG,7.99,8.13,7.92,8.09,34810,KBS,2026-10-09T04:38:02Z
2020-02-19,SKG,8.09,8.09,7.99,8.06,73270,KBS,2026-10-09T04:38:02Z
2020-02-20,SKG,7.99,8.09,7.99,8.06,169670,KBS,2026-10-09T04:38:02Z
2020-02-21,SKG,7.99,8.06,7.92,7.99,51620,KBS,2026-10-09T04:38:02Z
2020-02-24,SKG,7.81,7.81,7.57,7.6,179440,KBS,2026-10-09T04:38:02Z
2020-02-25,SKG,7.6,7.6,7.14,7.32,99860,KBS,2026-10-09T04:38:02Z
2020-02-26,SKG,7.39,7.39,7.21,7.32,30470,KBS,2026-10-09T04:38:02Z
2020-02-27,SKG,7.32,7.39,7.21,7.39,6470,KBS,2026-10-09T04:38:02Z
2020-02-28,SKG,7.39,7.42,7.28,7.32,27980,KBS,2026-10-09T04:38:02Z
2020-03-02,SKG,7.28,7.46,7.11,7.32,130410,KBS,2026-10-09T04:38:02Z
2020-03-03,SKG,7.39,7.57,7.39,7.5,127780,KBS,2026-10-09T04:38:02Z
2020-03-04,SKG,7.57,7.6,7.42,7.57,60960,KBS,2026-10-09T04:38:02Z
2020-03-05,SKG,7.71,8.09,7.71,7.88,180260,KBS,2026-10-09T04:38:02Z
2020-03-06,SKG,8.09,8.09,7.67,7.67,602180,KBS,2026-10-09T04:38:02Z
2020-03-09,SKG,7.28,7.46,7.18,7.21,328970,KBS,2026-10-09T04:38:02Z
2020-03-10,SKG,7.18,7.36,7.11,7.32,192370,KBS,2026-10-09T04:38:02Z
2020-03-11,SKG,7.32,7.46,7.25,7.25,143090,KBS,2026-10-09T04:38:02Z
2020-03-12,SKG,7.18,7.21,6.83,7.0,333360,KBS,2026-10-09T04:38:02Z
2020-03-13,SKG,6.52,6.69,6.52,6.54,338780,KBS,2026-10-09T04:38:02Z
2020-03-16,SKG,6.51,6.76,6.48,6.58,99310,KBS,2026-10-09T04:38:02Z
2020-03-17,SKG,6.35,6.68,6.35,6.67,48790,KBS,2026-10-09T04:38:02Z
2020-03-18,SKG,6.67,6.86,6.65,6.65,67700,KBS,2026-10-09T04:38:02Z
2020-03-19,SKG,6.72,6.72,6.54,6.64,81740,KBS,2026-10-09T04:38:02Z
2020-03-20,SKG,6.64,6.65,6.26,6.44,399980,KBS,2026-10-09T04:38:02Z
2020-03-23,SKG,6.12,6.19,5.99,5.99,312040,KBS,2026-10-09T04:38:02Z
2020-03-24,SKG,5.6,6.19,5.57,5.63,222110,KBS,2026-10-09T04:38:02Z
2020-03-25,SKG,5.84,5.84,5.7,5.72,194980,KBS,2026-10-09T04:38:02Z
2020-03-26,SKG,5.7,5.74,5.63,5.63,71840,KBS,2026-10-09T04:38:02Z
2020-03-27,SKG,5.53,5.53,5.27,5.29,754290,KBS,2026-10-09T04:38:02Z
2020-03-30,SKG,5.07,5.21,4.92,4.92,891950,KBS,2026-10-09T04:38:02Z
2020-03-31,SKG,4.92,5.06,4.72,5.0,60270,KBS,2026-10-09T04:38:02Z
2020-04-01,SKG,5.0,5.24,5.0,5.2,44600,KBS,2026-10-09T04:38:02Z
2020-04-03,SKG,5.49,5.56,5.22,5.56,250380,KBS,2026-10-09T04:38:02Z
2020-04-06,SKG,5.95,5.95,5.63,5.95,393970,KBS,2026-10-09T04:38:02Z
2020-04-07,SKG,6.19,6.19,5.91,5.95,91430,KBS,2026-10-09T04:38:02Z
2020-04-08,SKG,5.95,6.08,5.95,6.08,80640,KBS,2026-10-09T04:38:02Z
2020-04-09,SKG,6.12,6.26,6.05,6.1,135810,KBS,2026-10-09T04:38:02Z
2020-04-10,SKG,6.1,6.22,5.95,6.21,503630,KBS,2026-10-09T04:38:02Z
2020-04-13,SKG,6.23,6.51,6.21,6.48,383910,KBS,2026-10-09T04:38:02Z
2020-04-14,SKG,6.48,6.5,6.23,6.4,172050,KBS,2026-10-09T04:38:02Z
2020-04-15,SKG,6.4,6.44,6.3,6.4,285520,KBS,2026-10-09T04:38:02Z
2020-04-16,SKG,6.26,6.33,6.19,6.26,252390,KBS,2026-10-09T04:38:02Z
2020-04-17,SKG,6.24,6.48,6.19,6.47,200250,KBS,2026-10-09T04:38:02Z
2020-04-20,SKG,6.47,6.48,6.19,6.46,222580,KBS,2026-10-09T04:38:02Z
2020-04-21,SKG,6.48,6.48,6.26,6.39,252130,KBS,2026-10-09T04:38:02Z
2020-04-22,SKG,6.19,6.39,6.19,6.39,145250,KBS,2026-10-09T04:38:02Z
2020-04-23,SKG,6.54,6.8,6.39,6.69,1560560,KBS,2026-10-09T04:38:02Z
2020-04-24,SKG,6.78,7.04,6.76,7.02,310330,KBS,2026-10-09T04:38:02Z
2020-04-27,SKG,7.18,7.32,7.04,7.11,416040,KBS,2026-10-09T04:38:02Z
2020-04-28,SKG,6.9,7.0,6.69,6.92,231990,KBS,2026-10-09T04:38:02Z
2020-04-29,SKG,7.04,7.18,6.69,7.04,432200,KBS,2026-10-09T04:38:02Z
2020-05-04,SKG,7.25,7.25,6.9,6.9,163430,KBS,2026-10-09T04:38:02Z
2020-05-05,SKG,6.77,6.9,6.77,6.87,171370,KBS,2026-10-09T04:38:02Z
2020-05-06,SKG,6.92,7.07,6.76,6.86,196250,KBS,2026-10-09T04:38:02Z
2020-05-07,SKG,6.93,7.02,6.9,7.0,191010,KBS,2026-10-09T04:38:02Z
2020-05-08,SKG,7.07,7.11,6.99,7.01,311480,KBS,2026-10-09T04:38:02Z
2020-05-11,SKG,7.0,7.11,6.91,7.0,151930,KBS,2026-10-09T04:38:02Z
2020-05-12,SKG,6.97,7.04,6.93,6.98,175470,KBS,2026-10-09T04:38:02Z
2020-05-13,SKG,6.97,7.04,6.93,7.02,230170,KBS,2026-10-09T04:38:02Z
2020-05-14,SKG,6.95,7.02,6.95,7.0,89800,KBS,2026-10-09T04:38:02Z
2020-05-15,SKG,7.0,7.02,6.95,7.0,115070,KBS,2026-10-09T04:38:02Z
2020-05-18,SKG,6.98,7.02,6.97,6.98,46920,KBS,2026-10-09T04:38:02Z
2020-05-19,SKG,7.03,7.14,7.03,7.11,383220,KBS,2026-10-09T04:38:02Z
2020-05-20,SKG,7.11,7.39,7.07,7.32,542160,KBS,2026-10-09T04:38:02Z
2020-05-21,SKG,7.32,7.46,7.18,7.32,199020,KBS,2026-10-09T04:38:02Z
2020-05-22,SKG,7.32,7.36,7.21,7.21,171840,KBS,2026-10-09T04:38:02Z
2020-05-25,SKG,7.21,7.21,7.04,7.18,286400,KBS,2026-10-09T04:38:02Z
2020-05-26,SKG,7.18,7.25,7.11,7.21,167530,KBS,2026-10-09T04:38:02Z
2020-05-27,SKG,7.25,7.39,7.18,7.21,337350,KBS,2026-10-09T04:38:02Z
2020-05-28,SKG,7.28,7.28,7.14,7.18,135320,KBS,2026-10-09T04:38:02Z
2020-05-29,SKG,7.25,7.25,7.14,7.21,125000,KBS,2026-10-09T04:38:02Z
2020-06-01,SKG,7.21,7.28,7.18,7.25,251030,KBS,2026-10-09T04:38:02Z
2020-06-02,SKG,7.28,7.28,7.18,7.18,197520,KBS,2026-10-09T04:38:02Z
2020-06-03,SKG,7.14,7.25,7.14,7.18,113250,KBS,2026-10-09T04:38:02Z
2020-06-04,SKG,7.18,7.25,7.14,7.25,254290,KBS,2026-10-09T04:38:02Z
2020-06-05,SKG,7.25,7.6,7.18,7.6,366640,KBS,2026-10-09T04:38:02Z
2020-06-08,SKG,7.32,7.6,7.32,7.6,352780,KBS,2026-10-09T04:38:02Z
2020-06-09,SKG,7.6,7.74,7.46,7.5,164160,KBS,2026-10-09T04:38:02Z
2020-06-10,SKG,7.5,7.99,7.42,7.99,694760,KBS,2026-10-09T04:38:02Z
2020-06-11,SKG,8.02,8.23,7.46,7.46,471640,KBS,2026-10-09T04:38:02Z
2020-06-12,SKG,7.25,7.6,7.04,7.46,231320,KBS,2026-10-09T04:38:02Z
2020-06-15,SKG,7.42,7.46,7.07,7.18,317170,KBS,2026-10-09T04:38:02Z
2020-06-16,SKG,7.32,7.36,7.18,7.36,139590,KBS,2026-10-09T04:38:02Z
2020-06-17,SKG,7.39,7.39,7.18,7.28,176060,KBS,2026-10-09T04:38:02Z
2020-06-18,SKG,7.14,7.32,7.14,7.25,83890,KBS,2026-10-09T04:38:02Z
2020-06-19,SKG,7.28,7.39,7.21,7.36,143050,KBS,2026-10-09T04:38:02Z
2020-06-22,SKG,7.39,7.39,7.18,7.21,122240,KBS,2026-10-09T04:38:02Z
2020-06-23,SKG,7.18,7.32,7.18,7.21,87910,KBS,2026-10-09T04:38:02Z
2020-06-24,SKG,7.21,7.36,7.21,7.25,144490,KBS,2026-10-09T04:38:02Z
2020-06-25,SKG,7.18,7.28,7.11,7.18,156970,KBS,2026-10-09T04:38:02Z
2020-06-26,SKG,7.25,7.28,7.18,7.21,72210,KBS,2026-10-09T04:38:02Z
2020-06-29,SKG,7.14,7.25,7.04,7.14,273060,KBS,2026-10-09T04:38:02Z
2020-06-30,SKG,7.18,7.25,6.97,6.97,100120,KBS,2026-10-09T04:38:02Z
2020-07-01,SKG,7.11,7.14,6.9,7.14,60390,KBS,2026-10-09T04:38:02Z
2020-07-02,SKG,7.18,7.18,7.02,7.04,70190,KBS,2026-10-09T04:38:02Z
2020-07-03,SKG,7.25,7.32,7.18,7.25,60230,KBS,2026-10-09T04:38:02Z
2020-07-06,SKG,7.18,7.46,7.18,7.32,206160,KBS,2026-10-09T04:38:02Z
2020-07-07,SKG,7.39,7.39,7.28,7.32,172400,KBS,2026-10-09T04:38:02Z
2020-07-08,SKG,7.39,7.53,7.36,7.53,206650,KBS,2026-10-09T04:38:02Z
2020-07-09,SKG,7.57,7.74,7.53,7.64,217290,KBS,2026-10-09T04:38:02Z
2020-07-10,SKG,7.67,7.67,7.5,7.6,102520,KBS,2026-10-09T04:38:02Z
2020-07-13,SKG,7.6,7.6,7.46,7.53,224950,KBS,2026-10-09T04:38:02Z
2020-07-14,SKG,7.5,7.57,7.42,7.5,177750,KBS,2026-10-09T04:38:02Z
2020-07-15,SKG,7.46,7.74,7.46,7.7,168490,KBS,2026-10-09T04:38:02Z
2020-07-16,SKG,7.67,7.74,7.62,7.69,70100,KBS,2026-10-09T04:38:02Z
2020-07-17,SKG,7.62,7.65,7.42,7.54,153420,KBS,2026-10-09T04:38:02Z
2020-07-20,SKG,7.25,7.31,7.13,7.18,236650,KBS,2026-10-09T04:38:02Z
2020-07-21,SKG,7.18,7.27,7.15,7.18,99390,KBS,2026-10-09T04:38:02Z
2020-07-22,SKG,7.16,7.27,7.16,7.2,95900,KBS,2026-10-09T04:38:02Z
2020-07-23,SKG,7.2,7.2,7.04,7.08,82310,KBS,2026-10-09T04:38:02Z
2020-07-24,SKG,7.08,7.08,6.59,6.59,684960,KBS,2026-10-09T04:38:02Z
2020-07-27,SKG,6.22,6.22,6.14,6.14,498130,KBS,2026-10-09T04:38:02Z
2020-07-28,SKG,6.14,6.26,6.14,6.26,135670,KBS,2026-10-09T04:38:02Z
2020-07-29,SKG,6.22,6.22,5.82,5.83,386900,KBS,2026-10-09T04:38:02Z
2020-07-30,SKG,5.91,5.95,5.83,5.88,107460,KBS,2026-10-09T04:38:02Z
2020-07-31,SKG,5.9,6.14,5.86,6.06,159940,KBS,2026-10-09T04:38:02Z
2020-08-03,SKG,6.06,6.18,5.99,6.14,113520,KBS,2026-10-09T04:38:02Z
2020-08-04,SKG,6.18,6.3,6.18,6.22,124590,KBS,2026-10-09T04:38:02Z
2020-08-05,SKG,6.26,6.47,6.26,6.45,70980,KBS,2026-10-09T04:38:02Z
2020-08-06,SKG,6.52,6.52,6.3,6.36,189420,KBS,2026-10-09T04:38:02Z
2020-08-07,SKG,6.36,6.38,6.26,6.36,93540,KBS,2026-10-09T04:38:02Z
2020-08-10,SKG,6.45,6.45,6.32,6.39,153770,KBS,2026-10-09T04:38:02Z
2020-08-11,SKG,6.39,6.55,6.39,6.52,129010,KBS,2026-10-09T04:38:02Z
2020-08-12,SKG,6.61,6.92,6.61,6.84,287840,KBS,2026-10-09T04:38:02Z
2020-08-13,SKG,7.0,7.22,7.0,7.11,238200,KBS,2026-10-09T04:38:02Z
2020-08-14,SKG,7.11,7.11,6.84,6.9,59170,KBS,2026-10-09T04:38:02Z
2020-08-17,SKG,6.85,6.85,6.69,6.76,109130,KBS,2026-10-09T04:38:02Z
2020-08-18,SKG,6.69,6.76,6.67,6.69,84960,KBS,2026-10-09T04:38:02Z
2020-08-19,SKG,6.66,6.84,6.66,6.69,45590,KBS,2026-10-09T04:38:02Z
2020-08-20,SKG,6.69,6.73,6.67,6.67,42900,KBS,2026-10-09T04:38:02Z
2020-08-21,SKG,6.67,6.73,6.67,6.7,124010,KBS,2026-10-09T04:38:02Z
2020-08-24,SKG,6.7,6.74,6.7,6.74,187370,KBS,2026-10-09T04:38:02Z
2020-08-25,SKG,6.74,6.75,6.73,6.75,84230,KBS,2026-10-09T04:38:02Z
2020-08-26,SKG,6.75,6.76,6.71,6.74,126000,KBS,2026-10-09T04:38:02Z
2020-08-27,SKG,6.74,6.74,6.71,6.74,64400,KBS,2026-10-09T04:38:02Z
2020-08-28,SKG,6.73,6.75,6.71,6.73,160030,KBS,2026-10-09T04:38:02Z
2020-08-31,SKG,6.72,6.73,6.7,6.72,110340,KBS,2026-10-09T04:38:02Z
2020-09-01,SKG,6.72,6.73,6.7,6.72,110030,KBS,2026-10-09T04:38:02Z
2020-09-03,SKG,7.18,7.18,6.76,6.94,174260,KBS,2026-10-09T04:38:02Z
2020-09-04,SKG,6.73,6.93,6.73,6.81,88040,KBS,2026-10-09T04:38:02Z
2020-09-07,SKG,6.91,6.91,6.81,6.84,162720,KBS,2026-10-09T04:38:02Z
2020-09-08,SKG,6.82,6.92,6.8,6.9,80340,KBS,2026-10-09T04:38:02Z
2020-09-09,SKG,6.88,6.9,6.78,6.89,55500,KBS,2026-10-09T04:38:02Z
2020-09-10,SKG,6.92,6.92,6.86,6.89,75270,KBS,2026-10-09T04:38:02Z
2020-09-11,SKG,6.84,7.0,6.84,6.96,174310,KBS,2026-10-09T04:38:02Z
2020-09-14,SKG,6.96,7.19,6.96,7.15,372300,KBS,2026-10-09T04:38:02Z
2020-09-15,SKG,7.15,7.31,7.15,7.23,333640,KBS,2026-10-09T04:38:02Z
2020-09-16,SKG,7.23,7.25,7.17,7.23,242210,KBS,2026-10-09T04:38:02Z
2020-09-17,SKG,7.23,7.25,7.18,7.23,167360,KBS,2026-10-09T04:38:02Z
2020-09-18,SKG,7.28,7.29,7.23,7.23,126420,KBS,2026-10-09T04:38:02Z
2020-09-21,SKG,7.21,7.5,7.21,7.42,301910,KBS,2026-10-09T04:38:02Z
2020-09-22,SKG,7.16,7.62,7.16,7.62,335790,KBS,2026-10-09T04:38:02Z
2020-09-23,SKG,7.62,7.64,7.39,7.6,68330,KBS,2026-10-09T04:38:02Z
2020-09-24,SKG,7.54,7.58,7.31,7.39,210980,KBS,2026-10-09T04:38:02Z
2020-09-25,SKG,7.39,7.58,7.39,7.58,212340,KBS,2026-10-09T04:38:02Z
2020-09-28,SKG,7.58,7.75,7.54,7.74,345850,KBS,2026-10-09T04:38:02Z
2020-09-29,SKG,7.74,7.74,7.23,7.54,241420,KBS,2026-10-09T04:38:02Z
2020-09-30,SKG,7.54,7.56,7.39,7.46,222500,KBS,2026-10-09T04:38:02Z
2020-10-01,SKG,7.46,7.62,7.46,7.46,145500,KBS,2026-10-09T04:38:02Z
2020-10-02,SKG,7.46,7.58,7.39,7.47,354550,KBS,2026-10-09T04:38:02Z
2020-10-05,SKG,7.47,7.58,7.46,7.54,107390,KBS,2026-10-09T04:38:02Z
2020-10-06,SKG,7.54,7.62,7.5,7.54,280970,KBS,2026-10-09T04:38:02Z
2020-10-07,SKG,7.54,7.62,7.46,7.61,206310,KBS,2026-10-09T04:38:02Z
2020-10-08,SKG,7.61,7.61,7.56,7.58,51630,KBS,2026-10-09T04:38:02Z
2020-10-09,SKG,7.58,7.58,7.53,7.54,59300,KBS,2026-10-09T04:38:02Z
2020-10-12,SKG,7.54,7.55,7.42,7.44,66320,KBS,2026-10-09T04:38:02Z
2020-10-13,SKG,7.42,7.5,7.42,7.46,44770,KBS,2026-10-09T04:38:02Z
2020-10-14,SKG,7.46,7.54,7.42,7.47,79900,KBS,2026-10-09T04:38:02Z
2020-10-15,SKG,7.47,7.5,7.4,7.42,139600,KBS,2026-10-09T04:38:02Z
2020-10-16,SKG,7.42,7.5,7.42,7.42,66230,KBS,2026-10-09T04:38:02Z
2020-10-19,SKG,7.42,7.49,7.39,7.41,198110,KBS,2026-10-09T04:38:02Z
2020-10-20,SKG,7.41,7.47,7.23,7.42,269010,KBS,2026-10-09T04:38:02Z
2020-10-21,SKG,7.42,7.45,7.4,7.4,110530,KBS,2026-10-09T04:38:02Z
2020-10-22,SKG,7.4,7.44,7.4,7.44,116130,KBS,2026-10-09T04:38:02Z
2020-10-23,SKG,7.43,7.44,7.39,7.42,194450,KBS,2026-10-09T04:38:02Z
2020-10-26,SKG,7.42,7.42,7.36,7.39,115110,KBS,2026-10-09T04:38:02Z
2020-10-27,SKG,7.39,7.39,7.27,7.35,81850,KBS,2026-10-09T04:38:02Z
2020-10-28,SKG,7.28,7.35,7.23,7.25,117370,KBS,2026-10-09T04:38:02Z
2020-10-29,SKG,7.25,7.25,7.0,7.25,38220,KBS,2026-10-09T04:38:02Z
2020-10-30,SKG,7.23,7.25,7.15,7.22,77260,KBS,2026-10-09T04:38:02Z
2020-11-02,SKG,7.22,7.22,7.2,7.22,58890,KBS,2026-10-09T04:38:02Z
2020-11-03,SKG,7.22,7.22,7.15,7.22,54260,KBS,2026-10-09T04:38:02Z
2020-11-04,SKG,7.21,7.42,7.15,7.37,169910,KBS,2026-10-09T04:38:02Z
2020-11-05,SKG,7.37,7.37,7.23,7.34,17510,KBS,2026-10-09T04:38:02Z
2020-11-06,SKG,7.34,7.34,7.25,7.32,13980,KBS,2026-10-09T04:38:02Z
2020-11-09,SKG,7.32,7.39,7.31,7.34,77000,KBS,2026-10-09T04:38:02Z
2020-11-10,SKG,7.7,7.7,7.43,7.56,409620,KBS,2026-10-09T04:38:02Z
2020-11-11,SKG,7.58,7.58,7.47,7.55,73540,KBS,2026-10-09T04:38:02Z
2020-11-12,SKG,7.54,7.54,7.46,7.47,61080,KBS,2026-10-09T04:38:02Z
2020-11-13,SKG,7.47,7.53,7.42,7.46,197830,KBS,2026-10-09T04:38:02Z
2020-11-16,SKG,7.46,7.48,7.41,7.41,171790,KBS,2026-10-09T04:38:02Z
2020-11-17,SKG,7.41,7.42,7.39,7.42,260250,KBS,2026-10-09T04:38:02Z
2020-11-18,SKG,7.42,7.93,7.39,7.93,1106070,KBS,2026-10-09T04:38:02Z
2020-11-19,SKG,8.48,8.48,8.4,8.48,675670,KBS,2026-10-09T04:38:02Z
2020-11-20,SKG,8.86,8.9,8.44,8.44,378070,KBS,2026-10-09T04:38:02Z
2020-11-23,SKG,8.09,8.44,8.01,8.09,469880,KBS,2026-10-09T04:38:02Z
2020-11-24,SKG,8.09,8.44,7.93,8.24,423200,KBS,2026-10-09T04:38:02Z
2020-11-25,SKG,8.24,8.32,8.01,8.05,304880,KBS,2026-10-09T04:38:02Z
2020-11-26,SKG,8.05,8.12,7.93,8.12,203010,KBS,2026-10-09T04:38:02Z
2020-11-27,SKG,8.12,8.12,8.05,8.05,150840,KBS,2026-10-09T04:38:02Z
2020-11-30,SKG,8.12,8.12,7.93,7.93,164820,KBS,2026-10-09T04:38:02Z
2020-12-01,SKG,7.54,7.97,7.54,7.93,220490,KBS,2026-10-09T04:38:02Z
2020-12-02,SKG,7.93,8.05,7.81,7.93,329640,KBS,2026-10-09T04:38:02Z
2020-12-03,SKG,7.85,7.97,7.85,7.93,147270,KBS,2026-10-09T04:38:02Z
2020-12-04,SKG,8.01,8.24,8.01,8.24,241850,KBS,2026-10-09T04:38:02Z
2020-12-07,SKG,8.32,8.63,8.28,8.32,468200,KBS,2026-10-09T04:38:02Z
2020-12-08,SKG,8.24,8.32,8.2,8.24,199210,KBS,2026-10-09T04:38:02Z
2020-12-09,SKG,8.24,8.36,8.2,8.24,290910,KBS,2026-10-09T04:38:02Z
2020-12-10,SKG,8.32,8.75,8.24,8.67,1036400,KBS,2026-10-09T04:38:02Z
2020-12-11,SKG,9.18,9.18,8.55,8.71,410980,KBS,2026-10-09T04:38:02Z
2020-12-14,SKG,8.71,8.75,8.51,8.67,417280,KBS,2026-10-09T04:38:02Z
2020-12-15,SKG,8.71,8.71,8.44,8.51,313140,KBS,2026-10-09T04:38:02Z
2020-12-16,SKG,8.44,8.63,8.44,8.51,340180,KBS,2026-10-09T04:38:02Z
2020-12-17,SKG,8.51,8.63,8.4,8.48,489220,KBS,2026-10-09T04:38:02Z
2020-12-18,SKG,8.44,8.48,8.4,8.4,233990,KBS,2026-10-09T04:38:02Z
2020-12-21,SKG,8.48,8.48,8.36,8.44,372450,KBS,2026-10-09T04:38:02Z
2020-12-22,SKG,8.51,8.94,8.4,8.82,493210,KBS,2026-10-09T04:38:02Z
2020-12-23,SKG,8.82,9.25,8.82,9.18,879710,KBS,2026-10-09T04:38:02Z
2020-12-24,SKG,9.18,9.18,8.59,8.71,297580,KBS,2026-10-09T04:38:02Z
2020-12-25,SKG,8.71,9.18,8.67,9.06,371410,KBS,2026-10-09T04:38:02Z
2020-12-28,SKG,9.06,9.64,9.02,9.49,995710,KBS,2026-10-09T04:38:02Z
2020-12-29,SKG,9.49,9.76,9.45,9.6,694590,KBS,2026-10-09T04:38:02Z
2020-12-30,SKG,9.56,9.68,9.37,9.37,361510,KBS,2026-10-09T04:38:02Z
2020-12-31,SKG,9.33,9.52,9.25,9.49,457300,KBS,2026-10-09T04:38:02Z
2021-01-04,SKG,9.72,9.72,9.45,9.52,350900,KBS,2026-10-09T04:38:02Z
2021-01-05,SKG,9.45,9.68,9.33,9.45,454700,KBS,2026-10-09T04:38:02Z
2021-01-06,SKG,9.45,9.49,9.33,9.45,284700,KBS,2026-10-09T04:38:02Z
2021-01-07,SKG,9.45,9.49,9.37,9.45,327300,KBS,2026-10-09T04:38:02Z
2021-01-08,SKG,9.45,9.95,9.45,9.72,631800,KBS,2026-10-09T04:38:02Z
2021-01-11,SKG,10.11,10.38,10.03,10.34,824700,KBS,2026-10-09T04:38:02Z
2021-01-12,SKG,10.34,10.34,10.11,10.3,420900,KBS,2026-10-09T04:38:02Z
2021-01-13,SKG,10.3,10.61,10.3,10.46,597100,KBS,2026-10-09T04:38:02Z
2021-01-14,SKG,10.61,10.61,10.11,10.26,380900,KBS,2026-10-09T04:38:02Z
2021-01-15,SKG,10.26,10.42,10.15,10.38,457800,KBS,2026-10-09T04:38:02Z
2021-01-18,SKG,10.5,10.5,10.3,10.34,391200,KBS,2026-10-09T04:38:02Z
2021-01-19,SKG,10.34,10.34,9.64,9.64,534500,KBS,2026-10-09T04:38:02Z
2021-01-20,SKG,9.49,9.8,8.98,9.33,610200,KBS,2026-10-09T04:38:02Z
2021-01-21,SKG,9.33,9.64,9.25,9.52,455400,KBS,2026-10-09T04:38:02Z
2021-01-22,SKG,9.72,9.72,9.25,9.33,433500,KBS,2026-10-09T04:38:02Z
2021-01-25,SKG,9.33,9.33,9.02,9.33,253000,KBS,2026-10-09T04:38:02Z
2021-01-26,SKG,9.25,9.25,8.94,8.94,321700,KBS,2026-10-09T04:38:02Z
2021-01-27,SKG,8.94,8.94,8.36,8.51,422100,KBS,2026-10-09T04:38:02Z
2021-01-28,SKG,7.97,8.16,7.93,7.93,945900,KBS,2026-10-09T04:38:02Z
2021-01-29,SKG,7.42,8.24,7.42,8.16,267100,KBS,2026-10-09T04:38:02Z
2021-02-01,SKG,8.16,8.24,7.78,7.78,212000,KBS,2026-10-09T04:38:02Z
2021-02-02,SKG,7.54,7.78,7.54,7.74,147700,KBS,2026-10-09T04:38:02Z
2021-02-03,SKG,7.74,8.28,7.74,8.28,269800,KBS,2026-10-09T04:38:02Z
2021-02-04,SKG,8.28,8.4,8.16,8.28,225700,KBS,2026-10-09T04:38:02Z
2021-02-05,SKG,8.48,8.51,8.28,8.4,233400,KBS,2026-10-09T04:38:02Z
2021-02-08,SKG,8.24,8.48,7.93,8.01,176400,KBS,2026-10-09T04:38:02Z
2021-02-09,SKG,7.93,8.09,7.89,8.09,138200,KBS,2026-10-09T04:38:02Z
2021-02-17,SKG,8.09,8.4,8.09,8.4,116900,KBS,2026-10-09T04:38:02Z
2021-02-18,SKG,8.4,8.71,8.28,8.55,249700,KBS,2026-10-09T04:38:02Z
2021-02-19,SKG,8.55,8.98,8.55,8.86,236100,KBS,2026-10-09T04:38:02Z
2021-02-22,SKG,8.86,9.02,8.71,8.98,446900,KBS,2026-10-09T04:38:02Z
2021-02-23,SKG,8.98,9.06,8.86,8.86,303900,KBS,2026-10-09T04:38:02Z
2021-02-24,SKG,8.9,8.94,8.67,8.75,262300,KBS,2026-10-09T04:38:02Z
2021-02-25,SKG,8.9,8.9,8.63,8.71,168500,KBS,2026-10-09T04:38:02Z
2021-02-26,SKG,8.71,8.75,8.55,8.71,129700,KBS,2026-10-09T04:38:02Z
2021-03-01,SKG,8.71,8.86,8.55,8.82,324700,KBS,2026-10-09T04:38:02Z
2021-03-02,SKG,8.94,8.98,8.82,8.9,358800,KBS,2026-10-09T04:38:02Z
2021-03-03,SKG,8.9,8.94,8.82,8.9,162400,KBS,2026-10-09T04:38:02Z
2021-03-04,SKG,8.9,8.94,8.63,8.75,187800,KBS,2026-10-09T04:38:02Z
2021-03-05,SKG,8.75,8.79,8.63,8.79,119000,KBS,2026-10-09T04:38:02Z
2021-03-08,SKG,9.33,9.37,9.25,9.37,802200,KBS,2026-10-09T04:38:02Z
2021-03-09,SKG,9.84,9.88,9.56,9.6,729300,KBS,2026-10-09T04:38:02Z
2021-03-10,SKG,9.6,9.6,9.29,9.49,282600,KBS,2026-10-09T04:38:02Z
2021-03-11,SKG,9.45,9.56,9.33,9.49,512500,KBS,2026-10-09T04:38:02Z
2021-03-12,SKG,9.49,9.64,9.33,9.45,364500,KBS,2026-10-09T04:38:02Z
2021-03-15,SKG,9.56,9.84,9.49,9.76,522700,KBS,2026-10-09T04:38:02Z
2021-03-16,SKG,9.88,9.91,9.68,9.8,436500,KBS,2026-10-09T04:38:02Z
2021-03-17,SKG,9.8,9.88,9.64,9.8,429500,KBS,2026-10-09T04:38:02Z
2021-03-18,SKG,9.88,9.95,9.68,9.88,387000,KBS,2026-10-09T04:38:02Z
2021-03-19,SKG,9.8,10.42,9.8,10.22,933200,KBS,2026-10-09T04:38:02Z
2021-03-22,SKG,10.38,10.54,10.22,10.54,957600,KBS,2026-10-09T04:38:02Z
2021-03-23,SKG,10.65,10.89,10.54,10.77,881400,KBS,2026-10-09T04:38:02Z
2021-03-24,SKG,10.73,10.73,10.11,10.65,585400,KBS,2026-10-09T04:38:02Z
2021-03-25,SKG,10.65,10.65,10.15,10.26,504900,KBS,2026-10-09T04:38:02Z
2021-03-26,SKG,9.88,10.22,9.56,9.76,704200,KBS,2026-10-09T04:38:02Z
2021-03-29,SKG,10.03,10.42,9.88,10.42,422000,KBS,2026-10-09T04:38:02Z
2021-03-30,SKG,10.65,10.77,10.42,10.58,456000,KBS,2026-10-09T04:38:02Z
2021-03-31,SKG,10.73,10.73,10.42,10.58,449000,KBS,2026-10-09T04:38:02Z
2021-04-01,SKG,10.58,10.65,10.42,10.5,380700,KBS,2026-10-09T04:38:02Z
2021-04-02,SKG,10.58,10.73,10.5,10.65,749200,KBS,2026-10-09T04:38:02Z
2021-04-05,SKG,10.73,10.77,10.42,10.65,483000,KBS,2026-10-09T04:38:02Z
2021-04-06,SKG,10.58,10.73,10.5,10.58,326000,KBS,2026-10-09T04:38:02Z
2021-04-07,SKG,10.54,11.04,10.54,11.04,733000,KBS,2026-10-09T04:38:02Z
2021-04-08,SKG,11.2,11.27,10.89,10.96,485000,KBS,2026-10-09T04:38:02Z
2021-04-09,SKG,10.89,11.0,10.81,10.89,409800,KBS,2026-10-09T04:38:02Z
2021-04-12,SKG,10.85,10.89,10.65,10.81,639300,KBS,2026-10-09T04:38:02Z
2021-04-13,SKG,10.81,10.81,10.5,10.54,736700,KBS,2026-10-09T04:38:02Z
2021-04-14,SKG,10.5,10.73,10.34,10.65,573000,KBS,2026-10-09T04:38:02Z
2021-04-15,SKG,10.73,10.73,10.22,10.22,548600,KBS,2026-10-09T04:38:02Z
2021-04-16,SKG,10.22,10.34,9.76,9.95,449400,KBS,2026-10-09T04:38:02Z
2021-04-19,SKG,9.95,10.5,9.8,10.3,228300,KBS,2026-10-09T04:38:02Z
2021-04-20,SKG,10.3,10.5,9.91,10.3,419100,KBS,2026-10-09T04:38:02Z
2021-04-22,SKG,9.95,10.26,9.95,9.95,378000,KBS,2026-10-09T04:38:02Z
2021-04-23,SKG,9.88,10.11,9.76,10.03,296200,KBS,2026-10-09T04:38:02Z
2021-04-26,SKG,10.03,10.26,9.88,9.95,178000,KBS,2026-10-09T04:38:02Z
2021-04-27,SKG,9.88,9.95,9.72,9.72,314400,KBS,2026-10-09T04:38:02Z
2021-04-28,SKG,9.72,9.95,9.6,9.72,158500,KBS,2026-10-09T04:38:02Z
2021-04-29,SKG,9.6,9.72,9.56,9.72,198000,KBS,2026-10-09T04:38:02Z
2021-05-04,SKG,9.33,9.72,9.33,9.41,201600,KBS,2026-10-09T04:38:02Z
2021-05-05,SKG,9.33,9.56,9.21,9.52,381900,KBS,2026-10-09T04:38:02Z
2021-05-06,SKG,9.56,9.56,9.25,9.25,122600,KBS,2026-10-09T04:38:02Z
2021-05-07,SKG,9.25,9.33,8.71,9.02,368100,KBS,2026-10-09T04:38:02Z
2021-05-10,SKG,8.63,8.9,8.55,8.82,372200,KBS,2026-10-09T04:38:02Z
2021-05-11,SKG,8.75,8.86,8.59,8.86,193900,KBS,2026-10-09T04:38:02Z
2021-05-12,SKG,8.86,9.18,8.86,9.18,109300,KBS,2026-10-09T04:38:02Z
2021-05-13,SKG,9.18,9.18,9.02,9.02,92100,KBS,2026-10-09T04:38:02Z
2021-05-14,SKG,9.02,9.02,8.82,8.82,209300,KBS,2026-10-09T04:38:02Z
2021-05-17,SKG,8.86,8.98,8.79,8.86,93400,KBS,2026-10-09T04:38:02Z
2021-05-18,SKG,8.71,8.86,8.63,8.67,128000,KBS,2026-10-09T04:38:02Z
2021-05-19,SKG,8.55,8.82,8.55,8.63,321600,KBS,2026-10-09T04:38:02Z
2021-05-20,SKG,8.48,8.63,8.44,8.44,332800,KBS,2026-10-09T04:38:02Z
2021-05-21,SKG,8.55,8.82,8.32,8.55,384400,KBS,2026-10-09T04:38:02Z
2021-05-24,SKG,8.55,8.86,8.55,8.63,174300,KBS,2026-10-09T04:38:02Z
2021-05-25,SKG,8.67,8.94,8.59,8.82,277300,KBS,2026-10-09T04:38:02Z
2021-05-26,SKG,8.82,8.9,8.63,8.75,201400,KBS,2026-10-09T04:38:02Z
2021-05-27,SKG,8.86,8.86,8.63,8.63,130600,KBS,2026-10-09T04:38:02Z
2021-05-28,SKG,8.63,8.71,8.63,8.67,148300,KBS,2026-10-09T04:38:02Z
2021-05-31,SKG,8.51,8.63,8.51,8.59,124800,KBS,2026-10-09T04:38:02Z
2021-06-01,SKG,8.71,8.71,8.55,8.55,278900,KBS,2026-10-09T04:38:02Z
2021-06-02,SKG,8.59,8.67,8.55,8.63,125900,KBS,2026-10-09T04:38:02Z
2021-06-03,SKG,8.71,8.98,8.67,8.9,339000,KBS,2026-10-09T04:38:02Z
2021-06-04,SKG,8.9,9.02,8.9,8.94,201900,KBS,2026-10-09T04:38:02Z
2021-06-07,SKG,8.86,8.98,8.71,8.79,202400,KBS,2026-10-09T04:38:02Z
2021-06-08,SKG,8.94,8.94,8.55,8.75,342500,KBS,2026-10-09T04:38:02Z
2021-06-09,SKG,8.75,8.79,8.63,8.79,174100,KBS,2026-10-09T04:38:02Z
2021-06-10,SKG,8.86,8.86,8.71,8.79,208800,KBS,2026-10-09T04:38:02Z
2021-06-11,SKG,8.86,9.1,8.79,9.1,229300,KBS,2026-10-09T04:38:02Z
2021-06-14,SKG,9.21,9.72,9.21,9.72,989600,KBS,2026-10-09T04:38:02Z
2021-06-15,SKG,10.11,10.19,9.6,9.64,406000,KBS,2026-10-09T04:38:02Z
2021-06-16,SKG,9.56,9.64,9.33,9.52,229000,KBS,2026-10-09T04:38:02Z
2021-06-17,SKG,9.48,9.81,9.4,9.73,538000,KBS,2026-10-09T04:38:02Z
2021-06-18,SKG,9.81,9.81,9.48,9.81,307200,KBS,2026-10-09T04:38:02Z
2021-06-21,SKG,9.81,9.81,9.48,9.56,335300,KBS,2026-10-09T04:38:02Z
2021-06-22,SKG,9.56,9.73,9.52,9.52,232200,KBS,2026-10-09T04:38:02Z
2021-06-23,SKG,9.65,9.65,9.4,9.44,253200,KBS,2026-10-09T04:38:02Z
2021-06-24,SKG,9.4,9.48,9.2,9.32,235900,KBS,2026-10-09T04:38:02Z
2021-06-25,SKG,9.32,9.48,9.2,9.32,92700,KBS,2026-10-09T04:38:02Z
2021-06-28,SKG,9.32,9.36,9.08,9.32,231600,KBS,2026-10-09T04:38:02Z
2021-06-29,SKG,9.32,9.65,9.24,9.44,214500,KBS,2026-10-09T04:38:02Z
2021-06-30,SKG,9.44,9.48,9.2,9.28,126500,KBS,2026-10-09T04:38:02Z
2021-07-01,SKG,9.2,9.32,9.12,9.2,191200,KBS,2026-10-09T04:38:02Z
2021-07-02,SKG,9.32,9.32,9.08,9.2,238900,KBS,2026-10-09T04:38:02Z
2021-07-05,SKG,9.2,9.2,8.92,8.96,135700,KBS,2026-10-09T04:38:02Z
2021-07-06,SKG,8.92,9.0,8.76,8.76,225500,KBS,2026-10-09T04:38:02Z
2021-07-07,SKG,8.67,8.67,8.43,8.63,236200,KBS,2026-10-09T04:38:02Z
2021-07-08,SKG,8.51,8.84,8.51,8.59,127800,KBS,2026-10-09T04:38:02Z
2021-07-09,SKG,8.59,8.8,8.43,8.51,178300,KBS,2026-10-09T04:38:02Z
2021-07-12,SKG,8.43,8.51,7.98,8.11,574600,KBS,2026-10-09T04:38:02Z
2021-07-13,SKG,8.11,8.35,8.11,8.23,241300,KBS,2026-10-09T04:38:02Z
2021-07-14,SKG,8.23,8.31,8.15,8.23,117600,KBS,2026-10-09T04:38:02Z
2021-07-15,SKG,8.23,8.43,8.15,8.27,202800,KBS,2026-10-09T04:38:02Z
2021-07-16,SKG,8.19,8.35,8.19,8.27,197700,KBS,2026-10-09T04:38:02Z
2021-07-19,SKG,8.19,8.27,8.02,8.1,243400,KBS,2026-10-09T04:38:02Z
2021-07-20,SKG,7.94,8.23,7.94,8.15,197800,KBS,2026-10-09T04:38:02Z
2021-07-21,SKG,8.15,8.27,8.11,8.23,129200,KBS,2026-10-09T04:38:02Z
2021-07-22,SKG,8.27,8.59,8.23,8.55,199400,KBS,2026-10-09T04:38:02Z
2021-07-23,SKG,8.55,8.59,8.35,8.59,86900,KBS,2026-10-09T04:38:02Z
2021-07-26,SKG,8.39,8.51,8.27,8.51,128400,KBS,2026-10-09T04:38:02Z
2021-07-27,SKG,8.51,8.59,8.31,8.43,134400,KBS,2026-10-09T04:38:02Z
2021-07-28,SKG,8.35,8.51,8.35,8.43,53500,KBS,2026-10-09T04:38:02Z
2021-07-29,SKG,8.51,8.51,8.35,8.47,67500,KBS,2026-10-09T04:38:02Z
2021-07-30,SKG,8.47,8.51,8.43,8.51,128300,KBS,2026-10-09T04:38:02Z
2021-08-02,SKG,8.51,9.08,8.35,9.08,482500,KBS,2026-10-09T04:38:02Z
2021-08-03,SKG,9.12,9.32,8.92,8.96,174500,KBS,2026-10-09T04:38:02Z
2021-08-04,SKG,8.96,9.08,8.92,9.04,95200,KBS,2026-10-09T04:38:02Z
2021-08-05,SKG,9.0,9.04,8.84,8.92,89500,KBS,2026-10-09T04:38:02Z
2021-08-06,SKG,8.88,9.04,8.88,8.92,102100,KBS,2026-10-09T04:38:02Z
2021-08-09,SKG,8.84,9.08,8.71,9.08,124600,KBS,2026-10-09T04:38:02Z
2021-08-10,SKG,9.04,9.2,9.04,9.08,119300,KBS,2026-10-09T04:38:02Z
2021-08-11,SKG,9.08,9.52,9.0,9.28,514200,KBS,2026-10-09T04:38:02Z
2021-08-12,SKG,9.2,9.73,9.16,9.52,703900,KBS,2026-10-09T04:38:02Z
2021-08-13,SKG,9.52,9.69,9.36,9.56,212400,KBS,2026-10-09T04:38:02Z
2021-08-16,SKG,9.65,9.77,9.2,9.73,703300,KBS,2026-10-09T04:38:02Z
2021-08-17,SKG,9.81,10.13,9.56,9.73,576600,KBS,2026-10-09T04:38:02Z
2021-08-18,SKG,9.65,9.77,9.61,9.69,185700,KBS,2026-10-09T04:38:02Z
2021-08-19,SKG,9.69,9.69,9.56,9.61,189800,KBS,2026-10-09T04:38:02Z
2021-08-20,SKG,9.61,9.61,9.24,9.28,498300,KBS,2026-10-09T04:38:02Z
2021-08-23,SKG,9.2,9.32,9.16,9.24,192200,KBS,2026-10-09T04:38:02Z
2021-08-24,SKG,9.24,9.48,9.12,9.48,366400,KBS,2026-10-09T04:38:02Z
2021-08-25,SKG,9.48,9.52,9.28,9.4,197000,KBS,2026-10-09T04:38:02Z
2021-08-26,SKG,9.48,10.05,9.48,9.77,714800,KBS,2026-10-09T04:38:02Z
2021-08-27,SKG,9.73,10.05,9.69,10.05,831400,KBS,2026-10-09T04:38:02Z
2021-08-30,SKG,10.21,10.38,10.09,10.09,651600,KBS,2026-10-09T04:38:02Z
2021-08-31,SKG,9.89,10.05,9.81,9.81,495500,KBS,2026-10-09T04:38:02Z
2021-09-01,SKG,9.81,9.93,9.65,9.77,358900,KBS,2026-10-09T04:38:02Z
2021-09-06,SKG,9.77,10.21,9.77,10.17,634600,KBS,2026-10-09T04:38:02Z
2021-09-07,SKG,10.54,10.54,10.3,10.34,1133000,KBS,2026-10-09T04:38:02Z
2021-09-08,SKG,10.21,10.38,10.21,10.21,469600,KBS,2026-10-09T04:38:02Z
2021-09-09,SKG,10.21,10.9,10.21,10.9,1659900,KBS,2026-10-09T04:38:02Z
2021-09-10,SKG,11.19,11.31,10.78,10.9,1322900,KBS,2026-10-09T04:38:02Z
2021-09-13,SKG,10.9,11.63,10.9,11.63,1484400,KBS,2026-10-09T04:38:02Z
2021-09-14,SKG,12.0,12.44,11.75,12.44,2894300,KBS,2026-10-09T04:38:02Z
2021-09-15,SKG,12.48,12.48,11.92,12.32,1418800,KBS,2026-10-09T04:38:02Z
2021-09-16,SKG,12.0,12.4,11.84,12.4,896800,KBS,2026-10-09T04:38:02Z
2021-09-17,SKG,12.24,12.85,12.2,12.6,1216100,KBS,2026-10-09T04:38:02Z
2021-09-20,SKG,12.89,12.89,12.16,12.44,1776100,KBS,2026-10-09T04:38:02Z
2021-09-21,SKG,11.75,12.32,11.75,12.16,1527200,KBS,2026-10-09T04:38:02Z
2021-09-22,SKG,12.16,12.85,12.0,12.36,1204300,KBS,2026-10-09T04:38:02Z
2021-09-23,SKG,12.36,12.6,12.0,12.12,926500,KBS,2026-10-09T04:38:02Z
2021-09-24,SKG,12.08,12.2,11.92,11.96,745000,KBS,2026-10-09T04:38:02Z
2021-09-27,SKG,11.96,12.12,11.75,11.75,689400,KBS,2026-10-09T04:38:02Z
2021-09-28,SKG,11.75,12.16,11.35,12.16,457600,KBS,2026-10-09T04:38:02Z
2021-09-29,SKG,11.88,12.16,11.88,11.92,218100,KBS,2026-10-09T04:38:02Z
2021-09-30,SKG,11.92,12.16,11.92,12.0,448300,KBS,2026-10-09T04:38:02Z
2021-10-01,SKG,11.92,12.4,11.92,12.04,397000,KBS,2026-10-09T04:38:02Z
2021-10-04,SKG,12.24,12.56,12.12,12.36,531300,KBS,2026-10-09T04:38:02Z
2021-10-05,SKG,12.4,12.6,12.36,12.44,555600,KBS,2026-10-09T04:38:02Z
2021-10-06,SKG,12.44,12.48,12.16,12.44,356100,KBS,2026-10-09T04:38:02Z
2021-10-07,SKG,12.6,13.29,12.48,13.09,2206400,KBS,2026-10-09T04:38:02Z
2021-10-08,SKG,12.97,13.82,12.97,13.7,686900,KBS,2026-10-09T04:38:02Z
2021-10-11,SKG,13.7,14.63,13.38,14.63,2179500,KBS,2026-10-09T04:38:02Z
2021-10-12,SKG,14.19,14.51,14.1,14.43,1177300,KBS,2026-10-09T04:38:02Z
2021-10-13,SKG,14.02,15.24,14.02,14.79,918800,KBS,2026-10-09T04:38:02Z
2021-10-14,SKG,14.79,15.12,14.51,14.79,372400,KBS,2026-10-09T04:38:02Z
2021-10-15,SKG,14.83,15.04,14.55,14.79,485700,KBS,2026-10-09T04:38:02Z
2021-10-18,SKG,14.79,15.81,14.67,15.81,1327800,KBS,2026-10-09T04:38:02Z
2021-10-19,SKG,16.17,16.9,15.6,15.97,876800,KBS,2026-10-09T04:38:02Z
2021-10-20,SKG,15.81,16.13,15.24,15.64,640700,KBS,2026-10-09T04:38:02Z
2021-10-21,SKG,15.4,15.89,15.24,15.73,442400,KBS,2026-10-09T04:38:02Z
2021-10-22,SKG,15.64,16.62,15.64,16.17,505800,KBS,2026-10-09T04:38:02Z
2021-10-25,SKG,16.21,16.62,16.21,16.25,333400,KBS,2026-10-09T04:38:02Z
2021-10-26,SKG,16.05,16.29,15.81,16.13,215100,KBS,2026-10-09T04:38:02Z
2021-10-27,SKG,16.09,16.46,15.08,15.08,1214300,KBS,2026-10-09T04:38:02Z
2021-10-28,SKG,15.24,15.97,14.75,15.81,633700,KBS,2026-10-09T04:38:02Z
2021-10-29,SKG,15.56,16.21,15.56,16.13,245500,KBS,2026-10-09T04:38:02Z
2021-11-01,SKG,16.05,16.05,15.56,15.69,416200,KBS,2026-10-09T04:38:02Z
2021-11-02,SKG,15.48,15.73,15.2,15.4,452700,KBS,2026-10-09T04:38:02Z
2021-11-03,SKG,15.4,16.09,15.16,15.64,1046200,KBS,2026-10-09T04:38:02Z
2021-11-04,SKG,15.56,16.7,15.48,16.7,736200,KBS,2026-10-09T04:38:02Z
2021-11-05,SKG,16.7,16.7,16.21,16.38,375800,KBS,2026-10-09T04:38:02Z
2021-11-08,SKG,16.46,16.46,15.89,15.93,519300,KBS,2026-10-09T04:38:02Z
2021-11-09,SKG,15.48,16.21,15.48,15.93,348500,KBS,2026-10-09T04:38:02Z
2021-11-10,SKG,15.93,16.38,15.73,16.13,641800,KBS,2026-10-09T04:38:02Z
2021-11-11,SKG,16.21,16.5,16.05,16.21,1272900,KBS,2026-10-09T04:38:02Z
2021-11-12,SKG,16.29,16.29,15.69,16.17,502500,KBS,2026-10-09T04:38:02Z
2021-11-15,SKG,16.21,16.29,15.64,15.64,607200,KBS,2026-10-09T04:38:02Z
2021-11-16,SKG,15.48,15.52,15.12,15.24,516200,KBS,2026-10-09T04:38:02Z
2021-11-17,SKG,15.08,15.56,15.08,15.24,334400,KBS,2026-10-09T04:38:02Z
2021-11-18,SKG,15.24,15.36,15.08,15.08,454700,KBS,2026-10-09T04:38:02Z
2021-11-19,SKG,15.0,15.08,14.02,14.14,878800,KBS,2026-10-09T04:38:02Z
2021-11-22,SKG,13.86,14.14,13.17,13.38,745200,KBS,2026-10-09T04:38:02Z
2021-11-23,SKG,13.38,13.94,13.21,13.94,181400,KBS,2026-10-09T04:38:02Z
2021-11-24,SKG,14.19,14.27,13.54,13.62,219000,KBS,2026-10-09T04:38:02Z
2021-11-25,SKG,13.54,13.86,13.46,13.7,131600,KBS,2026-10-09T04:38:02Z
2021-11-26,SKG,13.94,14.02,13.5,13.66,271300,KBS,2026-10-09T04:38:02Z
2021-11-29,SKG,13.21,13.62,13.21,13.54,159400,KBS,2026-10-09T04:38:02Z
2021-11-30,SKG,13.54,14.47,13.46,13.94,354100,KBS,2026-10-09T04:38:02Z
2021-12-01,SKG,13.98,14.35,13.86,14.27,210200,KBS,2026-10-09T04:38:02Z
2021-12-02,SKG,14.27,14.39,14.19,14.31,184900,KBS,2026-10-09T04:38:02Z
2021-12-03,SKG,14.35,14.35,13.94,13.98,426900,KBS,2026-10-09T04:38:02Z
2021-12-06,SKG,13.21,13.78,13.01,13.13,235200,KBS,2026-10-09T04:38:02Z
2021-12-07,SKG,13.29,13.54,13.17,13.54,50700,KBS,2026-10-09T04:38:02Z
2021-12-08,SKG,13.21,13.7,13.21,13.58,81300,KBS,2026-10-09T04:38:02Z
2021-12-09,SKG,13.38,13.66,13.29,13.5,72400,KBS,2026-10-09T04:38:02Z
2021-12-10,SKG,13.46,14.43,13.46,14.43,489700,KBS,2026-10-09T04:38:02Z
2021-12-13,SKG,15.0,15.0,14.39,14.67,201300,KBS,2026-10-09T04:38:02Z
2021-12-14,SKG,14.71,14.71,14.19,14.19,175100,KBS,2026-10-09T04:38:02Z
2021-12-15,SKG,13.78,14.23,13.7,14.1,342800,KBS,2026-10-09T04:38:02Z
2021-12-16,SKG,14.02,14.1,13.98,14.1,220200,KBS,2026-10-09T04:38:02Z
2021-12-17,SKG,14.35,14.35,14.02,14.02,191800,KBS,2026-10-09T04:38:02Z
2021-12-20,SKG,14.02,14.02,13.7,13.78,221100,KBS,2026-10-09T04:38:02Z
2021-12-21,SKG,13.74,14.31,13.74,14.19,430100,KBS,2026-10-09T04:38:02Z
2021-12-22,SKG,14.23,14.35,14.1,14.19,292100,KBS,2026-10-09T04:38:02Z
2021-12-23,SKG,14.27,15.16,14.27,15.16,1236100,KBS,2026-10-09T04:38:02Z
2021-12-24,SKG,15.97,15.97,15.04,15.04,344900,KBS,2026-10-09T04:38:02Z
2021-12-27,SKG,15.08,15.08,14.59,14.67,259000,KBS,2026-10-09T04:38:02Z
2021-12-28,SKG,14.67,14.67,14.02,14.27,535100,KBS,2026-10-09T04:38:02Z
2021-12-29,SKG,14.23,14.39,14.19,14.27,166200,KBS,2026-10-09T04:38:02Z
2021-12-30,SKG,14.27,14.51,14.23,14.27,116200,KBS,2026-10-09T04:38:02Z
2021-12-31,SKG,14.31,14.31,14.14,14.14,247800,KBS,2026-10-09T04:38:02Z
2022-01-04,SKG,14.14,14.43,14.02,14.31,194800,KBS,2026-10-09T04:38:02Z
2022-01-05,SKG,14.31,14.47,14.14,14.43,289800,KBS,2026-10-09T04:38:02Z
2022-01-06,SKG,14.43,14.43,14.06,14.19,335000,KBS,2026-10-09T04:38:02Z
2022-01-07,SKG,14.19,14.19,13.7,13.86,725200,KBS,2026-10-09T04:38:02Z
2022-01-10,SKG,13.86,14.51,13.38,14.02,299900,KBS,2026-10-09T04:38:02Z
2022-01-11,SKG,13.78,14.23,13.78,13.86,245500,KBS,2026-10-09T04:38:02Z
2022-01-12,SKG,14.23,14.23,13.13,13.86,322200,KBS,2026-10-09T04:38:02Z
2022-01-13,SKG,13.82,13.82,13.13,13.17,229100,KBS,2026-10-09T04:38:02Z
2022-01-14,SKG,13.17,13.66,12.89,13.34,118100,KBS,2026-10-09T04:38:02Z
2022-01-17,SKG,13.17,13.34,12.81,12.81,104300,KBS,2026-10-09T04:38:02Z
2022-01-18,SKG,12.73,12.73,12.24,12.36,124300,KBS,2026-10-09T04:38:02Z
2022-01-19,SKG,12.24,12.56,12.24,12.36,81300,KBS,2026-10-09T04:38:02Z
2022-01-20,SKG,12.36,13.21,12.36,13.21,249000,KBS,2026-10-09T04:38:02Z
2022-01-21,SKG,13.34,13.34,12.65,13.05,70000,KBS,2026-10-09T04:38:02Z
2022-01-24,SKG,13.38,13.38,12.73,12.81,144100,KBS,2026-10-09T04:38:02Z
2022-01-25,SKG,12.89,13.7,12.65,13.7,140400,KBS,2026-10-09T04:38:02Z
2022-01-26,SKG,13.7,13.78,12.97,13.78,160000,KBS,2026-10-09T04:38:02Z
2022-01-27,SKG,13.78,13.78,13.46,13.46,21500,KBS,2026-10-09T04:38:02Z
2022-01-28,SKG,13.46,14.1,13.29,14.1,109900,KBS,2026-10-09T04:38:02Z
2022-02-07,SKG,15.08,15.08,14.59,15.08,905400,KBS,2026-10-09T04:38:02Z
2022-02-08,SKG,15.81,15.81,15.08,15.08,831300,KBS,2026-10-09T04:38:02Z
2022-02-09,SKG,15.08,15.56,15.0,15.36,256000,KBS,2026-10-09T04:38:02Z
2022-02-10,SKG,15.16,15.48,15.16,15.32,534300,KBS,2026-10-09T04:38:02Z
2022-02-11,SKG,15.08,15.52,15.08,15.32,375500,KBS,2026-10-09T04:38:02Z
2022-02-14,SKG,15.32,16.29,15.32,15.81,494300,KBS,2026-10-09T04:38:02Z
2022-02-15,SKG,15.81,16.62,15.52,16.62,561400,KBS,2026-10-09T04:38:02Z
2022-02-16,SKG,17.02,17.14,16.66,16.94,882400,KBS,2026-10-09T04:38:02Z
2022-02-17,SKG,16.94,17.71,16.66,17.39,760900,KBS,2026-10-09T04:38:02Z
2022-02-18,SKG,17.43,18.16,17.43,17.59,821700,KBS,2026-10-09T04:38:02Z
2022-02-21,SKG,17.51,17.67,17.1,17.31,587700,KBS,2026-10-09T04:38:02Z
2022-02-22,SKG,17.02,18.24,17.02,18.0,926100,KBS,2026-10-09T04:38:02Z
2022-02-23,SKG,18.0,18.48,17.51,17.92,662200,KBS,2026-10-09T04:38:02Z
2022-02-24,SKG,17.75,17.87,16.7,16.86,841400,KBS,2026-10-09T04:38:02Z
2022-02-25,SKG,17.43,17.67,16.94,17.02,638200,KBS,2026-10-09T04:38:02Z
2022-02-28,SKG,16.9,17.47,16.38,17.35,670600,KBS,2026-10-09T04:38:02Z
2022-03-01,SKG,17.55,17.67,17.1,17.35,328200,KBS,2026-10-09T04:38:02Z
2022-03-02,SKG,17.39,17.39,16.86,16.98,526000,KBS,2026-10-09T04:38:02Z
2022-03-03,SKG,16.7,17.02,15.97,16.29,799800,KBS,2026-10-09T04:38:02Z
2022-03-04,SKG,16.29,16.66,16.01,16.62,782400,KBS,2026-10-09T04:38:02Z
2022-03-07,SKG,16.46,16.78,16.21,16.29,513600,KBS,2026-10-09T04:38:02Z
2022-03-08,SKG,16.05,17.02,15.89,16.7,1107400,KBS,2026-10-09T04:38:02Z
2022-03-09,SKG,16.66,16.94,16.13,16.38,487900,KBS,2026-10-09T04:38:02Z
2022-03-10,SKG,16.66,17.51,16.58,17.51,2124700,KBS,2026-10-09T04:38:02Z
2022-03-11,SKG,18.68,18.73,17.92,18.32,2309500,KBS,2026-10-09T04:38:02Z
2022-03-14,SKG,18.32,19.33,17.95,19.05,1331800,KBS,2026-10-09T04:38:02Z
2022-03-15,SKG,18.97,19.45,18.77,18.81,1004900,KBS,2026-10-09T04:38:02Z
2022-03-16,SKG,18.81,19.86,18.64,19.37,1631700,KBS,2026-10-09T04:38:02Z
2022-03-17,SKG,19.5,19.7,18.81,19.45,1484000,KBS,2026-10-09T04:38:02Z
2022-03-18,SKG,19.37,19.7,18.97,19.05,1009600,KBS,2026-10-09T04:38:02Z
2022-03-21,SKG,18.97,19.33,18.81,19.17,966000,KBS,2026-10-09T04:38:02Z
2022-03-22,SKG,19.13,19.21,18.85,18.97,1081900,KBS,2026-10-09T04:38:02Z
2022-03-23,SKG,19.05,19.66,18.81,19.21,1130800,KBS,2026-10-09T04:38:02Z
2022-03-24,SKG,19.41,19.41,19.05,19.09,617000,KBS,2026-10-09T04:38:02Z
2022-03-25,SKG,19.09,20.27,18.97,20.27,3949300,KBS,2026-10-09T04:38:02Z
2022-03-28,SKG,20.27,21.08,19.78,20.27,1711900,KBS,2026-10-09T04:38:02Z
2022-03-29,SKG,20.59,21.0,20.23,20.27,762000,KBS,2026-10-09T04:38:02Z
2022-03-30,SKG,19.86,20.18,19.29,19.29,1815000,KBS,2026-10-09T04:38:02Z
2022-03-31,SKG,19.05,19.82,19.05,19.13,944200,KBS,2026-10-09T04:38:02Z
2022-04-01,SKG,18.89,19.29,18.08,18.32,1659700,KBS,2026-10-09T04:38:02Z
2022-04-04,SKG,18.32,18.81,18.24,18.48,465100,KBS,2026-10-09T04:38:02Z
2022-04-05,SKG,18.32,18.56,18.0,18.0,572600,KBS,2026-10-09T04:38:02Z
2022-04-06,SKG,17.43,17.83,17.27,17.35,1071500,KBS,2026-10-09T04:38:02Z
2022-04-07,SKG,17.75,17.75,17.02,17.67,595200,KBS,2026-10-09T04:38:02Z
2022-04-08,SKG,17.67,17.83,16.46,16.46,631400,KBS,2026-10-09T04:38:02Z
2022-04-12,SKG,16.7,16.7,15.32,15.32,984700,KBS,2026-10-09T04:38:02Z
2022-04-13,SKG,15.56,15.56,14.47,15.28,704800,KBS,2026-10-09T04:38:02Z
2022-04-14,SKG,15.16,15.48,15.08,15.08,345900,KBS,2026-10-09T04:38:02Z
2022-04-15,SKG,14.88,15.97,14.71,15.56,574000,KBS,2026-10-09T04:38:02Z
2022-04-18,SKG,15.56,15.97,14.63,15.08,584600,KBS,2026-10-09T04:38:02Z
2022-04-19,SKG,15.16,16.01,14.63,15.32,1032400,KBS,2026-10-09T04:38:02Z
2022-04-20,SKG,15.73,16.38,15.52,16.38,1306700,KBS,2026-10-09T04:38:02Z
2022-04-21,SKG,16.62,17.27,15.85,16.38,1118200,KBS,2026-10-09T04:38:02Z
2022-04-22,SKG,16.21,16.62,15.24,15.81,1380300,KBS,2026-10-09T04:38:02Z
2022-04-25,SKG,15.08,15.56,14.71,14.71,1039800,KBS,2026-10-09T04:38:02Z
2022-04-26,SKG,13.7,15.08,13.7,15.08,1368600,KBS,2026-10-09T04:38:02Z
2022-04-27,SKG,15.08,15.16,14.39,14.92,590800,KBS,2026-10-09T04:38:02Z
2022-04-28,SKG,15.0,15.48,14.92,15.0,447500,KBS,2026-10-09T04:38:02Z
2022-04-29,SKG,14.75,15.73,14.75,15.73,711900,KBS,2026-10-09T04:38:02Z
2022-05-04,SKG,14.75,15.69,14.75,15.24,345100,KBS,2026-10-09T04:38:02Z
2022-05-05,SKG,15.32,15.56,14.59,14.75,474700,KBS,2026-10-09T04:38:02Z
2022-05-06,SKG,14.19,14.71,13.78,13.78,464400,KBS,2026-10-09T04:38:02Z
2022-05-09,SKG,13.01,13.62,12.85,12.85,657500,KBS,2026-10-09T04:38:02Z
2022-05-10,SKG,12.0,13.13,12.0,12.89,352500,KBS,2026-10-09T04:38:02Z
2022-05-11,SKG,12.97,13.17,12.69,13.13,390300,KBS,2026-10-09T04:38:02Z
2022-05-12,SKG,12.56,12.97,12.24,12.24,516400,KBS,2026-10-09T04:38:02Z
2022-05-13,SKG,12.12,12.12,11.39,11.39,573400,KBS,2026-10-09T04:38:02Z
2022-05-16,SKG,11.39,12.0,10.62,10.62,577400,KBS,2026-10-09T04:38:02Z
2022-05-17,SKG,10.7,11.35,10.3,11.35,474200,KBS,2026-10-09T04:38:02Z
2022-05-18,SKG,11.75,11.75,11.31,11.39,340800,KBS,2026-10-09T04:38:02Z
2022-05-19,SKG,10.7,11.51,10.7,11.35,232500,KBS,2026-10-09T04:38:02Z
2022-05-20,SKG,11.19,11.8,11.19,11.67,415400,KBS,2026-10-09T04:38:02Z
2022-05-23,SKG,11.71,11.84,11.19,11.43,212200,KBS,2026-10-09T04:38:02Z
2022-05-24,SKG,11.43,11.59,11.11,11.51,195000,KBS,2026-10-09T04:38:02Z
2022-05-25,SKG,11.59,12.0,11.23,12.0,359500,KBS,2026-10-09T04:38:02Z
2022-05-26,SKG,12.16,12.24,11.84,11.84,250800,KBS,2026-10-09T04:38:02Z
2022-05-27,SKG,11.84,12.65,11.84,12.6,638700,KBS,2026-10-09T04:38:02Z
2022-05-30,SKG,12.65,12.89,12.4,12.89,289300,KBS,2026-10-09T04:38:02Z
2022-05-31,SKG,12.97,12.97,12.4,12.73,360900,KBS,2026-10-09T04:38:02Z
2022-06-01,SKG,12.77,12.77,12.24,12.56,274500,KBS,2026-10-09T04:38:02Z
2022-06-02,SKG,12.89,12.89,12.08,12.32,304300,KBS,2026-10-09T04:38:02Z
2022-06-03,SKG,12.24,12.36,11.71,12.0,323800,KBS,2026-10-09T04:38:02Z
2022-06-06,SKG,11.96,12.16,11.67,11.75,286600,KBS,2026-10-09T04:38:02Z
2022-06-07,SKG,11.75,11.75,10.98,11.75,299500,KBS,2026-10-09T04:38:02Z
2022-06-08,SKG,11.92,12.4,11.92,12.2,189700,KBS,2026-10-09T04:38:02Z
2022-06-09,SKG,11.75,12.4,11.75,12.32,198500,KBS,2026-10-09T04:38:02Z
2022-06-10,SKG,12.32,12.32,11.75,11.75,252300,KBS,2026-10-09T04:38:02Z
2022-06-13,SKG,11.43,11.59,10.94,10.94,566900,KBS,2026-10-09T04:38:02Z
2022-06-14,SKG,10.86,11.35,10.7,10.94,212000,KBS,2026-10-09T04:38:02Z
2022-06-15,SKG,11.11,11.67,10.82,11.67,449300,KBS,2026-10-09T04:38:02Z
2022-06-16,SKG,12.0,12.08,11.55,11.67,308800,KBS,2026-10-09T04:38:02Z
2022-06-17,SKG,11.35,11.51,11.02,11.47,256600,KBS,2026-10-09T04:38:02Z
2022-06-20,SKG,11.11,11.51,10.94,10.94,377000,KBS,2026-10-09T04:38:02Z
2022-06-21,SKG,10.94,11.35,10.7,10.7,144900,KBS,2026-10-09T04:38:02Z
2022-06-22,SKG,11.19,11.19,10.78,11.06,100600,KBS,2026-10-09T04:38:02Z
2022-06-23,SKG,10.94,11.67,10.94,11.43,123700,KBS,2026-10-09T04:38:02Z
2022-06-24,SKG,11.47,11.51,11.31,11.35,95100,KBS,2026-10-09T04:38:02Z
2022-06-27,SKG,11.39,12.12,11.39,12.12,1318200,KBS,2026-10-09T04:38:02Z
2022-06-28,SKG,12.77,12.77,12.2,12.32,389800,KBS,2026-10-09T04:38:02Z
2022-06-29,SKG,12.16,12.65,12.16,12.4,333100,KBS,2026-10-09T04:38:02Z
2022-06-30,SKG,12.24,12.48,12.08,12.16,665600,KBS,2026-10-09T04:38:02Z
2022-07-01,SKG,11.96,12.12,11.59,12.12,439500,KBS,2026-10-09T04:38:02Z
2022-07-04,SKG,12.2,12.73,12.12,12.24,512000,KBS,2026-10-09T04:38:02Z
2022-07-05,SKG,12.16,13.09,11.88,12.81,3181800,KBS,2026-10-09T04:38:02Z
2022-07-06,SKG,12.81,13.54,12.44,12.56,734400,KBS,2026-10-09T04:38:02Z
2022-07-07,SKG,12.56,12.89,12.48,12.69,330300,KBS,2026-10-09T04:38:02Z
2022-07-08,SKG,12.73,13.21,12.69,12.97,445400,KBS,2026-10-09T04:38:02Z
2022-07-11,SKG,12.89,13.7,12.89,13.46,881800,KBS,2026-10-09T04:38:02Z
2022-07-12,SKG,13.54,14.02,13.46,13.86,1026100,KBS,2026-10-09T04:38:02Z
2022-07-13,SKG,14.02,14.02,13.62,13.82,760200,KBS,2026-10-09T04:38:02Z
2022-07-14,SKG,13.74,14.19,13.74,14.02,976400,KBS,2026-10-09T04:38:02Z
2022-07-15,SKG,14.27,14.27,13.54,13.78,1084800,KBS,2026-10-09T04:38:02Z
2022-07-18,SKG,13.78,13.94,13.78,13.82,397900,KBS,2026-10-09T04:38:02Z
2022-07-19,SKG,13.9,13.98,13.54,13.98,353900,KBS,2026-10-09T04:38:02Z
2022-07-20,SKG,14.02,14.96,13.78,14.96,1619700,KBS,2026-10-09T04:38:02Z
2022-07-21,SKG,14.96,15.08,14.59,14.88,444000,KBS,2026-10-09T04:38:02Z
2022-07-22,SKG,15.0,15.48,14.67,15.0,627600,KBS,2026-10-09T04:38:02Z
2022-07-25,SKG,14.92,15.0,14.27,14.55,490500,KBS,2026-10-09T04:38:02Z
2022-07-26,SKG,14.59,14.75,14.35,14.43,316000,KBS,2026-10-09T04:38:02Z
2022-07-27,SKG,14.31,14.88,14.02,14.88,246900,KBS,2026-10-09T04:38:02Z
2022-07-28,SKG,15.08,15.16,14.47,14.47,527300,KBS,2026-10-09T04:38:02Z
2022-07-29,SKG,14.51,15.08,14.43,14.59,657900,KBS,2026-10-09T04:38:02Z
2022-08-01,SKG,14.59,15.0,14.59,14.83,621100,KBS,2026-10-09T04:38:02Z
2022-08-02,SKG,14.88,14.96,14.43,14.59,871900,KBS,2026-10-09T04:38:02Z
2022-08-03,SKG,14.59,15.24,14.59,15.2,979400,KBS,2026-10-09T04:38:02Z
2022-08-04,SKG,15.4,15.97,15.0,15.97,1258800,KBS,2026-10-09T04:38:02Z
2022-08-05,SKG,15.81,16.25,15.73,16.01,1161200,KBS,2026-10-09T04:38:02Z
2022-08-08,SKG,16.01,16.21,15.81,15.97,610300,KBS,2026-10-09T04:38:02Z
2022-08-09,SKG,16.09,16.09,15.64,15.81,631600,KBS,2026-10-09T04:38:02Z
2022-08-10,SKG,15.56,16.38,15.44,15.89,555800,KBS,2026-10-09T04:38:02Z
2022-08-11,SKG,16.21,16.21,15.44,15.64,392700,KBS,2026-10-09T04:38:02Z
2022-08-12,SKG,15.64,15.97,15.56,15.89,237100,KBS,2026-10-09T04:38:02Z
2022-08-15,SKG,16.05,16.05,15.81,15.97,447100,KBS,2026-10-09T04:38:02Z
2022-08-16,SKG,15.89,16.05,15.81,15.89,381300,KBS,2026-10-09T04:38:02Z
2022-08-17,SKG,15.97,16.01,15.6,15.64,472800,KBS,2026-10-09T04:38:02Z
2022-08-18,SKG,15.64,15.64,15.24,15.32,614900,KBS,2026-10-09T04:38:02Z
2022-08-19,SKG,15.08,15.36,14.75,14.75,628900,KBS,2026-10-09T04:38:02Z
2022-08-22,SKG,14.75,15.24,14.67,15.24,788500,KBS,2026-10-09T04:38:02Z
2022-08-23,SKG,15.0,15.4,15.0,15.32,291200,KBS,2026-10-09T04:38:02Z
2022-08-24,SKG,15.32,15.4,15.0,15.24,488300,KBS,2026-10-09T04:38:02Z
2022-08-25,SKG,15.28,15.28,14.83,14.92,548500,KBS,2026-10-09T04:38:02Z
2022-08-26,SKG,14.75,15.93,14.75,15.64,1573800,KBS,2026-10-09T04:38:02Z
2022-08-29,SKG,15.48,16.74,15.4,16.74,1829100,KBS,2026-10-09T04:38:02Z
2022-08-30,SKG,16.94,17.02,16.33,16.78,664000,KBS,2026-10-09T04:38:02Z
2022-08-31,SKG,16.54,16.86,16.33,16.78,494600,KBS,2026-10-09T04:38:02Z
2022-09-05,SKG,16.78,17.43,16.38,16.38,477100,KBS,2026-10-09T04:38:02Z
2022-09-06,SKG,17.02,17.02,15.93,16.13,729000,KBS,2026-10-09T04:38:02Z
2022-09-07,SKG,16.13,16.17,15.04,15.04,996500,KBS,2026-10-09T04:38:02Z
2022-09-08,SKG,15.32,15.56,14.88,15.08,692700,KBS,2026-10-09T04:38:02Z
2022-09-09,SKG,15.28,15.32,14.83,15.32,395700,KBS,2026-10-09T04:38:02Z
2022-09-12,SKG,15.81,15.81,15.32,15.32,460600,KBS,2026-10-09T04:38:02Z
2022-09-13,SKG,15.32,15.64,15.08,15.64,312700,KBS,2026-10-09T04:38:02Z
2022-09-14,SKG,15.16,15.64,15.16,15.48,283700,KBS,2026-10-09T04:38:02Z
2022-09-15,SKG,15.44,15.69,15.32,15.4,203200,KBS,2026-10-09T04:38:02Z
2022-09-16,SKG,15.4,15.52,15.12,15.12,474300,KBS,2026-10-09T04:38:02Z
2022-09-19,SKG,15.0,15.08,14.1,14.19,1103100,KBS,2026-10-09T04:38:02Z
2022-09-20,SKG,14.23,14.51,13.86,14.35,346400,KBS,2026-10-09T04:38:02Z
2022-09-21,SKG,14.35,14.59,14.19,14.43,100000,KBS,2026-10-09T04:38:02Z
2022-09-22,SKG,14.19,14.51,13.62,14.47,201900,KBS,2026-10-09T04:38:02Z
2022-09-23,SKG,14.35,14.75,14.14,14.19,254000,KBS,2026-10-09T04:38:02Z
2022-09-26,SKG,14.1,14.23,13.62,14.23,462500,KBS,2026-10-09T04:38:02Z
2022-09-27,SKG,14.23,14.75,14.23,14.59,178100,KBS,2026-10-09T04:38:02Z
2022-09-28,SKG,14.39,14.55,14.02,14.19,216800,KBS,2026-10-09T04:38:02Z
2022-09-29,SKG,14.55,14.55,13.62,13.62,158800,KBS,2026-10-09T04:38:02Z
2022-09-30,SKG,13.78,14.23,13.25,14.23,3051800,KBS,2026-10-09T04:38:02Z
2022-10-03,SKG,14.39,14.39,13.25,13.25,337800,KBS,2026-10-09T04:38:02Z
2022-10-04,SKG,13.78,13.78,12.73,12.73,226100,KBS,2026-10-09T04:38:02Z
2022-10-05,SKG,13.01,13.54,12.97,13.21,149100,KBS,2026-10-09T04:38:02Z
2022-10-06,SKG,13.46,13.46,12.56,12.69,453500,KBS,2026-10-09T04:38:02Z
2022-10-07,SKG,12.16,12.69,12.16,12.48,241600,KBS,2026-10-09T04:38:02Z
2022-10-10,SKG,12.4,12.89,12.2,12.52,340700,KBS,2026-10-09T04:38:02Z
2022-10-11,SKG,12.56,12.6,12.2,12.24,293900,KBS,2026-10-09T04:38:02Z
2022-10-12,SKG,12.16,12.6,12.16,12.48,152300,KBS,2026-10-09T04:38:02Z
2022-10-13,SKG,12.32,13.17,12.32,12.85,374800,KBS,2026-10-09T04:38:02Z
2022-10-14,SKG,13.29,13.58,13.17,13.42,441700,KBS,2026-10-09T04:38:02Z
2022-10-17,SKG,13.17,13.78,13.01,13.62,293100,KBS,2026-10-09T04:38:02Z
2022-10-18,SKG,13.78,13.78,13.34,13.42,100100,KBS,2026-10-09T04:38:02Z
2022-10-19,SKG,13.42,13.66,13.34,13.42,94600,KBS,2026-10-09T04:38:02Z
2022-10-20,SKG,13.21,13.42,13.01,13.01,114000,KBS,2026-10-09T04:38:02Z
2022-10-21,SKG,13.01,13.09,12.16,12.24,535600,KBS,2026-10-09T04:38:02Z
2022-10-24,SKG,12.24,12.56,11.39,11.39,368500,KBS,2026-10-09T04:38:02Z
2022-10-25,SKG,11.39,11.84,10.62,11.27,260900,KBS,2026-10-09T04:38:02Z
2022-10-26,SKG,11.27,11.92,10.94,11.11,58700,KBS,2026-10-09T04:38:02Z
2022-10-27,SKG,11.11,11.75,10.94,11.75,143900,KBS,2026-10-09T04:38:02Z
2022-10-28,SKG,11.75,12.12,11.35,11.51,58000,KBS,2026-10-09T04:38:02Z
2022-10-31,SKG,11.84,11.84,10.94,11.35,134400,KBS,2026-10-09T04:38:02Z
2022-11-01,SKG,11.19,11.75,11.19,11.47,177700,KBS,2026-10-09T04:38:02Z
2022-11-02,SKG,11.35,12.24,11.35,12.24,802900,KBS,2026-10-09T04:38:02Z
2022-11-03,SKG,12.24,13.09,12.24,12.81,638400,KBS,2026-10-09T04:38:02Z
2022-11-04,SKG,12.81,12.81,12.16,12.56,440600,KBS,2026-10-09T04:38:02Z
2022-11-07,SKG,12.73,12.73,12.08,12.36,433100,KBS,2026-10-09T04:38:02Z
2022-11-08,SKG,12.16,12.44,12.08,12.4,127300,KBS,2026-10-09T04:38:02Z
2022-11-09,SKG,12.89,12.89,12.4,12.56,148000,KBS,2026-10-09T04:38:02Z
2022-11-10,SKG,12.52,12.52,11.71,12.2,618400,KBS,2026-10-09T04:38:02Z
2022-11-11,SKG,12.2,12.32,11.59,11.67,325000,KBS,2026-10-09T04:38:02Z
2022-11-14,SKG,11.67,11.67,10.86,10.86,1033700,KBS,2026-10-09T04:38:02Z
2022-11-15,SKG,10.54,10.54,10.13,10.13,185100,KBS,2026-10-09T04:38:02Z
2022-11-16,SKG,9.44,10.82,9.44,10.82,350100,KBS,2026-10-09T04:38:02Z
2022-11-17,SKG,10.82,11.15,10.46,10.78,200900,KBS,2026-10-09T04:38:02Z
2022-11-18,SKG,10.78,10.94,10.3,10.78,150300,KBS,2026-10-09T04:38:02Z
2022-11-21,SKG,10.86,10.9,10.5,10.9,146900,KBS,2026-10-09T04:38:02Z
2022-11-22,SKG,10.86,11.47,10.7,10.86,203200,KBS,2026-10-09T04:38:02Z
2022-11-23,SKG,11.11,11.11,10.54,10.54,116100,KBS,2026-10-09T04:38:02Z
2022-11-24,SKG,10.46,10.54,10.05,10.21,248200,KBS,2026-10-09T04:38:02Z
2022-11-25,SKG,10.54,10.78,10.38,10.74,64700,KBS,2026-10-09T04:38:02Z
2022-11-28,SKG,10.74,11.47,10.74,11.43,316000,KBS,2026-10-09T04:38:02Z
2022-11-29,SKG,11.71,11.75,11.11,11.43,392600,KBS,2026-10-09T04:38:02Z
2022-11-30,SKG,11.63,11.63,11.11,11.35,228200,KBS,2026-10-09T04:38:02Z
2022-12-01,SKG,11.67,12.12,11.39,12.04,936100,KBS,2026-10-09T04:38:02Z
2022-12-02,SKG,12.0,12.04,11.75,12.04,411100,KBS,2026-10-09T04:38:02Z
2022-12-05,SKG,12.08,12.85,12.08,12.16,581900,KBS,2026-10-09T04:38:02Z
2022-12-06,SKG,12.0,12.56,11.31,11.31,644200,KBS,2026-10-09T04:38:02Z
2022-12-07,SKG,11.27,11.59,10.78,11.19,348000,KBS,2026-10-09T04:38:02Z
2022-12-08,SKG,11.67,11.92,11.19,11.55,355100,KBS,2026-10-09T04:38:02Z
2022-12-09,SKG,11.59,12.28,11.55,12.24,664800,KBS,2026-10-09T04:38:02Z
2022-12-12,SKG,12.52,12.52,11.84,11.84,364600,KBS,2026-10-09T04:38:02Z
2022-12-13,SKG,12.0,12.32,11.75,12.0,332900,KBS,2026-10-09T04:38:02Z
2022-12-14,SKG,12.08,12.32,12.0,12.0,361600,KBS,2026-10-09T04:38:02Z
2022-12-15,SKG,12.0,12.16,11.84,12.04,192400,KBS,2026-10-09T04:38:02Z
2022-12-16,SKG,11.63,12.32,11.63,12.08,233000,KBS,2026-10-09T04:38:02Z
2022-12-19,SKG,12.08,12.56,12.0,12.08,588200,KBS,2026-10-09T04:38:02Z
2022-12-20,SKG,12.12,12.12,11.71,11.84,402000,KBS,2026-10-09T04:38:02Z
2022-12-21,SKG,11.84,12.08,11.27,11.67,353200,KBS,2026-10-09T04:38:02Z
2022-12-22,SKG,11.55,11.84,11.35,11.63,200700,KBS,2026-10-09T04:38:02Z
2022-12-23,SKG,11.75,11.8,11.35,11.35,136300,KBS,2026-10-09T04:38:02Z
2022-12-26,SKG,11.31,11.55,10.7,10.7,139600,KBS,2026-10-09T04:38:02Z
2022-12-27,SKG,10.7,11.43,10.7,11.43,286400,KBS,2026-10-09T04:38:02Z
2022-12-28,SKG,11.55,11.71,11.43,11.71,88600,KBS,2026-10-09T04:38:02Z
2022-12-29,SKG,11.71,11.8,11.43,11.75,125300,KBS,2026-10-09T04:38:02Z
2022-12-30,SKG,12.0,12.0,11.47,11.67,128300,KBS,2026-10-09T04:38:02Z
2023-01-03,SKG,11.71,12.36,11.63,12.36,309100,KBS,2026-10-09T04:38:02Z
2023-01-04,SKG,12.4,12.4,11.75,12.08,230900,KBS,2026-10-09T04:38:02Z
2023-01-05,SKG,12.08,12.16,11.88,12.08,91200,KBS,2026-10-09T04:38:02Z
2023-01-06,SKG,12.08,12.12,11.92,12.04,167000,KBS,2026-10-09T04:38:02Z
2023-01-09,SKG,12.16,12.4,11.92,12.04,153400,KBS,2026-10-09T04:38:02Z
2023-01-10,SKG,12.0,12.12,11.75,12.08,138700,KBS,2026-10-09T04:38:02Z
2023-01-11,SKG,12.16,12.24,12.0,12.0,166000,KBS,2026-10-09T04:38:02Z
2023-01-12,SKG,12.0,12.16,11.92,12.0,113800,KBS,2026-10-09T04:38:02Z
2023-01-13,SKG,12.04,12.24,12.0,12.08,108000,KBS,2026-10-09T04:38:02Z
2023-01-16,SKG,12.08,12.16,11.92,11.92,95300,KBS,2026-10-09T04:38:02Z
2023-01-17,SKG,12.0,12.73,11.92,12.73,802300,KBS,2026-10-09T04:38:02Z
2023-01-18,SKG,13.01,13.21,12.81,12.89,288700,KBS,2026-10-09T04:38:02Z
2023-01-19,SKG,12.85,12.85,12.56,12.73,424900,KBS,2026-10-09T04:38:02Z
2023-01-27,SKG,12.81,13.38,12.77,13.13,1362000,KBS,2026-10-09T04:38:02Z
2023-01-30,SKG,13.13,13.29,12.81,12.89,304000,KBS,2026-10-09T04:38:02Z
2023-01-31,SKG,12.85,13.09,12.69,12.93,364700,KBS,2026-10-09T04:38:02Z
2023-02-01,SKG,13.05,13.05,12.04,12.08,923500,KBS,2026-10-09T04:38:02Z
2023-02-02,SKG,12.12,12.2,11.8,11.92,420900,KBS,2026-10-09T04:38:02Z
2023-02-03,SKG,11.88,12.0,11.75,11.84,204200,KBS,2026-10-09T04:38:02Z
2023-02-06,SKG,11.63,12.04,11.43,11.92,207400,KBS,2026-10-09T04:38:02Z
2023-02-07,SKG,12.0,12.04,11.67,11.84,188800,KBS,2026-10-09T04:38:02Z
2023-02-08,SKG,11.84,11.84,11.43,11.8,221500,KBS,2026-10-09T04:38:02Z
2023-02-09,SKG,11.67,11.92,11.67,11.75,195300,KBS,2026-10-09T04:38:02Z
2023-02-10,SKG,11.75,11.88,11.51,11.51,147100,KBS,2026-10-09T04:38:02Z
2023-02-13,SKG,11.35,11.59,11.02,11.35,215400,KBS,2026-10-09T04:38:02Z
2023-02-14,SKG,11.35,11.39,11.11,11.23,50500,KBS,2026-10-09T04:38:02Z
2023-02-15,SKG,11.35,11.67,10.7,11.55,244500,KBS,2026-10-09T04:38:02Z
2023-02-16,SKG,11.59,12.0,11.51,11.96,257500,KBS,2026-10-09T04:38:02Z
2023-02-17,SKG,11.71,11.92,11.67,11.75,92400,KBS,2026-10-09T04:38:02Z
2023-02-20,SKG,11.75,12.24,11.75,12.0,288900,KBS,2026-10-09T04:38:02Z
2023-02-21,SKG,12.0,12.04,11.84,11.92,189600,KBS,2026-10-09T04:38:02Z
2023-02-22,SKG,11.67,11.75,11.51,11.51,220000,KBS,2026-10-09T04:38:02Z
2023-02-23,SKG,11.51,11.67,11.43,11.67,145800,KBS,2026-10-09T04:38:02Z
2023-02-24,SKG,11.84,11.92,11.59,11.75,134300,KBS,2026-10-09T04:38:02Z
2023-02-27,SKG,11.43,11.67,11.43,11.51,86200,KBS,2026-10-09T04:38:02Z
2023-02-28,SKG,11.75,11.75,11.47,11.55,53600,KBS,2026-10-09T04:38:02Z
2023-03-01,SKG,11.35,11.67,11.35,11.67,64800,KBS,2026-10-09T04:38:02Z
2023-03-02,SKG,11.71,11.71,11.51,11.63,66600,KBS,2026-10-09T04:38:02Z
2023-03-03,SKG,11.67,11.67,11.51,11.63,73600,KBS,2026-10-09T04:38:02Z
2023-03-06,SKG,11.63,11.8,11.51,11.55,142400,KBS,2026-10-09T04:38:02Z
2023-03-07,SKG,11.59,11.71,11.51,11.55,46300,KBS,2026-10-09T04:38:02Z
2023-03-08,SKG,11.55,11.71,11.51,11.71,74800,KBS,2026-10-09T04:38:02Z
2023-03-09,SKG,12.52,12.52,12.52,12.52,485400,KBS,2026-10-09T04:38:02Z
2023-03-10,SKG,12.85,12.89,12.16,12.4,712700,KBS,2026-10-09T04:38:02Z
2023-03-13,SKG,12.24,12.44,12.08,12.12,234800,KBS,2026-10-09T04:38:02Z
2023-03-14,SKG,12.16,12.16,11.59,11.88,290300,KBS,2026-10-09T04:38:02Z
2023-03-15,SKG,12.08,12.36,11.96,12.36,310500,KBS,2026-10-09T04:38:02Z
2023-03-16,SKG,11.92,12.16,11.92,12.08,233900,KBS,2026-10-09T04:38:02Z
2023-03-17,SKG,12.24,12.24,11.88,12.0,115500,KBS,2026-10-09T04:38:02Z
2023-03-20,SKG,11.92,12.0,11.43,11.55,188400,KBS,2026-10-09T04:38:02Z
2023-03-21,SKG,11.75,11.75,11.51,11.67,120900,KBS,2026-10-09T04:38:02Z
2023-03-22,SKG,11.92,11.92,11.63,11.63,119900,KBS,2026-10-09T04:38:02Z
2023-03-23,SKG,11.63,11.71,11.55,11.67,66100,KBS,2026-10-09T04:38:02Z
2023-03-24,SKG,11.67,11.92,11.67,11.8,125100,KBS,2026-10-09T04:38:02Z
2023-03-27,SKG,11.92,12.16,11.88,12.12,226800,KBS,2026-10-09T04:38:02Z
2023-03-28,SKG,12.12,12.24,12.04,12.04,198100,KBS,2026-10-09T04:38:02Z
2023-03-29,SKG,12.16,12.16,11.92,12.08,76800,KBS,2026-10-09T04:38:02Z
2023-03-30,SKG,12.24,12.28,12.04,12.08,234400,KBS,2026-10-09T04:38:02Z
2023-03-31,SKG,12.08,12.08,11.96,12.0,87700,KBS,2026-10-09T04:38:02Z
2023-04-03,SKG,12.08,12.56,12.04,12.52,466700,KBS,2026-10-09T04:38:02Z
2023-04-04,SKG,12.52,12.52,12.32,12.44,138100,KBS,2026-10-09T04:38:02Z
2023-04-05,SKG,12.48,12.48,12.24,12.44,248200,KBS,2026-10-09T04:38:02Z
2023-04-06,SKG,12.65,12.77,12.24,12.24,446800,KBS,2026-10-09T04:38:02Z
2023-04-07,SKG,12.32,12.56,12.2,12.52,234800,KBS,2026-10-09T04:38:02Z
2023-04-10,SKG,12.65,12.77,12.24,12.36,276800,KBS,2026-10-09T04:38:02Z
2023-04-11,SKG,12.36,12.52,12.28,12.52,153600,KBS,2026-10-09T04:38:02Z
2023-04-12,SKG,12.52,12.89,12.48,12.81,634100,KBS,2026-10-09T04:38:02Z
2023-04-13,SKG,12.81,12.81,12.48,12.73,330800,KBS,2026-10-09T04:38:02Z
2023-04-14,SKG,12.65,12.73,12.4,12.4,310800,KBS,2026-10-09T04:38:02Z
2023-04-17,SKG,12.4,12.65,12.28,12.65,134200,KBS,2026-10-09T04:38:02Z
2023-04-18,SKG,12.77,13.5,12.44,13.5,1341600,KBS,2026-10-09T04:38:02Z
2023-04-19,SKG,14.19,14.23,13.82,13.9,1788600,KBS,2026-10-09T04:38:02Z
2023-04-20,SKG,14.14,14.88,14.06,14.59,1649600,KBS,2026-10-09T04:38:02Z
2023-04-21,SKG,14.67,14.75,14.27,14.51,909700,KBS,2026-10-09T04:38:02Z
2023-04-24,SKG,14.79,15.32,14.55,14.75,1065700,KBS,2026-10-09T04:38:02Z
2023-04-25,SKG,14.88,14.88,14.39,14.59,955800,KBS,2026-10-09T04:38:02Z
2023-04-26,SKG,14.43,15.6,14.43,15.16,1054900,KBS,2026-10-09T04:38:02Z
2023-04-27,SKG,15.4,15.4,14.83,14.96,530000,KBS,2026-10-09T04:38:02Z
2023-04-28,SKG,14.96,15.12,14.83,15.08,459200,KBS,2026-10-09T04:38:02Z
2023-05-04,SKG,15.16,15.4,14.92,15.36,760100,KBS,2026-10-09T04:38:02Z
2023-05-05,SKG,15.32,16.42,15.12,16.21,1553900,KBS,2026-10-09T04:38:02Z
2023-05-08,SKG,16.13,16.42,15.93,16.05,720200,KBS,2026-10-09T04:38:02Z
2023-05-09,SKG,16.05,16.05,15.56,15.56,851900,KBS,2026-10-09T04:38:02Z
2023-05-10,SKG,15.73,15.85,15.48,15.52,847800,KBS,2026-10-09T04:38:02Z
2023-05-11,SKG,15.69,16.09,15.52,15.69,684500,KBS,2026-10-09T04:38:02Z
2023-05-12,SKG,15.73,15.81,15.48,15.52,558300,KBS,2026-10-09T04:38:02Z
2023-05-15,SKG,15.6,15.93,15.44,15.56,851100,KBS,2026-10-09T04:38:02Z
2023-05-16,SKG,15.56,15.93,15.56,15.6,742000,KBS,2026-10-09T04:38:02Z
2023-05-17,SKG,15.6,15.69,15.04,15.08,811100,KBS,2026-10-09T04:38:02Z
2023-05-18,SKG,15.24,15.36,15.04,15.12,489000,KBS,2026-10-09T04:38:02Z
2023-05-19,SKG,15.24,15.6,15.08,15.6,738700,KBS,2026-10-09T04:38:02Z
2023-05-22,SKG,15.6,15.97,15.6,15.73,1628100,KBS,2026-10-09T04:38:02Z
2023-05-23,SKG,15.81,15.97,15.56,15.69,756800,KBS,2026-10-09T04:38:02Z
2023-05-24,SKG,15.69,15.89,15.48,15.52,653700,KBS,2026-10-09T04:38:02Z
2023-05-25,SKG,15.52,15.77,15.44,15.52,358000,KBS,2026-10-09T04:38:02Z
2023-05-26,SKG,15.56,16.61,15.56,16.48,1953400,KBS,2026-10-09T04:38:02Z
2023-05-29,SKG,16.73,16.9,16.27,16.4,606300,KBS,2026-10-09T04:38:02Z
2023-05-30,SKG,16.31,17.15,16.31,16.48,1322900,KBS,2026-10-09T04:38:02Z
2023-05-31,SKG,16.65,16.77,16.36,16.52,1273200,KBS,2026-10-09T04:38:02Z
2023-06-01,SKG,16.56,16.86,16.44,16.44,601500,KBS,2026-10-09T04:38:02Z
2023-06-02,SKG,16.65,16.98,16.4,16.4,1466700,KBS,2026-10-09T04:38:02Z
2023-06-05,SKG,16.44,16.56,15.65,16.11,1345300,KBS,2026-10-09T04:38:02Z
2023-06-06,SKG,15.98,16.23,15.94,15.98,766500,KBS,2026-10-09T04:38:02Z
2023-06-07,SKG,15.98,16.48,15.94,16.02,578100,KBS,2026-10-09T04:38:02Z
2023-06-08,SKG,16.06,16.61,16.06,16.19,1093600,KBS,2026-10-09T04:38:02Z
2023-06-09,SKG,16.19,17.31,16.06,16.98,1229000,KBS,2026-10-09T04:38:02Z
2023-06-12,SKG,17.06,17.15,16.56,16.81,837600,KBS,2026-10-09T04:38:02Z
2023-06-13,SKG,16.86,17.02,16.48,16.52,731500,KBS,2026-10-09T04:38:02Z
2023-06-14,SKG,16.48,16.61,16.23,16.23,889900,KBS,2026-10-09T04:38:02Z
2023-06-15,SKG,16.23,16.44,16.19,16.4,380100,KBS,2026-10-09T04:38:02Z
2023-06-16,SKG,16.48,16.48,16.06,16.23,781100,KBS,2026-10-09T04:38:02Z
2023-06-19,SKG,16.4,16.48,16.23,16.36,385000,KBS,2026-10-09T04:38:02Z
2023-06-20,SKG,16.48,16.94,16.4,16.56,792700,KBS,2026-10-09T04:38:02Z
2023-06-21,SKG,16.65,17.27,16.52,17.06,1830000,KBS,2026-10-09T04:38:02Z
2023-06-22,SKG,17.23,17.27,16.9,16.9,1006000,KBS,2026-10-09T04:38:02Z
2023-06-23,SKG,17.02,17.36,16.9,16.98,1176300,KBS,2026-10-09T04:38:02Z
2023-06-26,SKG,17.15,17.81,17.15,17.4,2279500,KBS,2026-10-09T04:38:02Z
2023-06-27,SKG,17.48,17.9,17.23,17.4,909900,KBS,2026-10-09T04:38:02Z
2023-06-28,SKG,17.69,18.06,17.36,17.9,1703000,KBS,2026-10-09T04:38:02Z
2023-06-29,SKG,17.81,17.9,17.23,17.23,1267100,KBS,2026-10-09T04:38:02Z
2023-06-30,SKG,17.19,17.4,17.15,17.31,537700,KBS,2026-10-09T04:38:02Z
2023-07-03,SKG,17.48,17.73,17.44,17.48,556500,KBS,2026-10-09T04:38:02Z
2023-07-04,SKG,17.65,18.14,17.52,17.9,706100,KBS,2026-10-09T04:38:02Z
2023-07-05,SKG,17.9,18.19,17.52,17.6,980400,KBS,2026-10-09T04:38:02Z
2023-07-06,SKG,17.6,17.73,17.31,17.69,811800,KBS,2026-10-09T04:38:02Z
2023-07-07,SKG,17.6,17.85,17.4,17.77,811200,KBS,2026-10-09T04:38:02Z
2023-07-10,SKG,17.9,18.14,17.73,17.73,965800,KBS,2026-10-09T04:38:02Z
2023-07-11,SKG,17.98,17.98,17.15,17.31,1761400,KBS,2026-10-09T04:38:02Z
2023-07-12,SKG,17.4,17.4,17.15,17.36,765800,KBS,2026-10-09T04:38:02Z
2023-07-13,SKG,17.56,17.56,17.27,17.36,621500,KBS,2026-10-09T04:38:02Z
2023-07-14,SKG,17.52,17.81,17.23,17.48,817400,KBS,2026-10-09T04:38:02Z
2023-07-17,SKG,17.48,17.56,17.27,17.31,776100,KBS,2026-10-09T04:38:02Z
2023-07-18,SKG,17.31,17.65,17.27,17.44,704500,KBS,2026-10-09T04:38:02Z
2023-07-19,SKG,17.4,18.23,17.4,17.98,3003000,KBS,2026-10-09T04:38:02Z
2023-07-20,SKG,18.14,18.14,16.73,16.73,4460100,KBS,2026-10-09T04:38:02Z
2023-07-21,SKG,16.77,16.77,15.65,15.9,3375400,KBS,2026-10-09T04:38:02Z
2023-07-24,SKG,16.06,16.36,15.61,16.31,2262800,KBS,2026-10-09T04:38:02Z
2023-07-25,SKG,16.31,16.4,15.94,16.06,930900,KBS,2026-10-09T04:38:02Z
2023-07-26,SKG,16.02,16.06,15.48,15.65,1899100,KBS,2026-10-09T04:38:02Z
2023-07-27,SKG,15.73,16.02,15.61,15.82,1129300,KBS,2026-10-09T04:38:02Z
2023-07-28,SKG,15.9,15.9,15.52,15.65,1370400,KBS,2026-10-09T04:38:02Z
2023-07-31,SKG,15.69,15.9,15.48,15.56,1005300,KBS,2026-10-09T04:38:02Z
2023-08-01,SKG,15.65,15.82,15.52,15.52,1105600,KBS,2026-10-09T04:38:02Z
2023-08-02,SKG,15.56,15.56,15.27,15.36,1325000,KBS,2026-10-09T04:38:02Z
2023-08-03,SKG,15.36,15.73,15.23,15.44,1117100,KBS,2026-10-09T04:38:02Z
2023-08-04,SKG,15.52,15.56,15.36,15.48,700000,KBS,2026-10-09T04:38:02Z
2023-08-07,SKG,15.52,15.65,15.32,15.4,897500,KBS,2026-10-09T04:38:02Z
2023-08-08,SKG,15.4,16.15,15.4,15.82,2511800,KBS,2026-10-09T04:38:02Z
2023-08-09,SKG,15.9,15.94,15.65,15.73,886400,KBS,2026-10-09T04:38:02Z
2023-08-10,SKG,15.73,15.82,15.44,15.44,1031100,KBS,2026-10-09T04:38:02Z
2023-08-11,SKG,15.44,15.61,15.23,15.52,1038500,KBS,2026-10-09T04:38:02Z
2023-08-14,SKG,15.73,15.73,15.44,15.48,875500,KBS,2026-10-09T04:38:02Z
2023-08-15,SKG,15.61,15.73,15.4,15.73,1146200,KBS,2026-10-09T04:38:02Z
2023-08-16,SKG,15.73,15.82,15.61,15.61,786900,KBS,2026-10-09T04:38:02Z
2023-08-17,SKG,15.44,15.65,15.36,15.36,741200,KBS,2026-10-09T04:38:02Z
2023-08-18,SKG,15.32,15.32,14.32,14.32,2190900,KBS,2026-10-09T04:38:02Z
2023-08-21,SKG,14.15,14.32,13.4,13.65,1172300,KBS,2026-10-09T04:38:02Z
2023-08-22,SKG,13.94,13.94,12.98,13.9,832700,KBS,2026-10-09T04:38:02Z
2023-08-23,SKG,13.98,13.98,13.57,13.78,436900,KBS,2026-10-09T04:38:02Z
2023-08-24,SKG,13.82,14.44,13.69,14.15,1025600,KBS,2026-10-09T04:38:02Z
2023-08-25,SKG,14.28,14.4,14.19,14.23,538400,KBS,2026-10-09T04:38:02Z
2023-08-28,SKG,14.32,14.32,13.94,14.07,482700,KBS,2026-10-09T04:38:02Z
2023-08-29,SKG,14.15,14.23,13.98,14.02,609700,KBS,2026-10-09T04:38:02Z
2023-08-30,SKG,14.15,14.32,14.07,14.32,691700,KBS,2026-10-09T04:38:02Z
2023-08-31,SKG,14.36,14.82,14.36,14.82,934600,KBS,2026-10-09T04:38:02Z
2023-09-05,SKG,14.9,14.9,14.48,14.73,728300,KBS,2026-10-09T04:38:02Z
2023-09-06,SKG,14.65,14.65,14.32,14.4,953200,KBS,2026-10-09T04:38:02Z
2023-09-07,SKG,14.48,14.65,14.32,14.57,1152700,KBS,2026-10-09T04:38:02Z
2023-09-08,SKG,14.65,14.94,14.61,14.69,946900,KBS,2026-10-09T04:38:02Z
2023-09-11,SKG,14.69,14.82,14.23,14.23,790900,KBS,2026-10-09T04:38:02Z
2023-09-12,SKG,14.19,14.48,14.15,14.48,483600,KBS,2026-10-09T04:38:02Z
2023-09-13,SKG,14.52,14.52,14.28,14.32,615300,KBS,2026-10-09T04:38:02Z
2023-09-14,SKG,14.32,14.36,14.02,14.23,629800,KBS,2026-10-09T04:38:02Z
2023-09-15,SKG,14.11,14.28,13.9,14.15,650500,KBS,2026-10-09T04:38:02Z
2023-09-18,SKG,14.11,14.15,13.73,13.73,462600,KBS,2026-10-09T04:38:02Z
2023-09-19,SKG,13.86,13.86,13.53,13.82,440000,KBS,2026-10-09T04:38:02Z
2023-09-20,SKG,13.86,14.02,13.69,13.9,667000,KBS,2026-10-09T04:38:02Z
2023-09-21,SKG,13.9,14.44,13.86,14.28,916700,KBS,2026-10-09T04:38:02Z
2023-09-22,SKG,14.15,14.15,13.73,13.9,691300,KBS,2026-10-09T04:38:02Z
2023-09-25,SKG,13.82,13.86,13.03,13.03,928000,KBS,2026-10-09T04:38:02Z
2023-09-26,SKG,13.32,13.44,12.9,13.11,508900,KBS,2026-10-09T04:38:02Z
2023-09-27,SKG,13.15,13.28,12.98,13.15,295100,KBS,2026-10-09T04:38:02Z
2023-09-28,SKG,13.19,13.28,13.07,13.19,178700,KBS,2026-10-09T04:38:02Z
2023-09-29,SKG,13.4,13.4,13.19,13.19,171200,KBS,2026-10-09T04:38:02Z
2023-10-02,SKG,13.19,13.28,13.15,13.15,248900,KBS,2026-10-09T04:38:02Z
2023-10-03,SKG,13.15,13.15,12.44,12.44,409800,KBS,2026-10-09T04:38:02Z
2023-10-04,SKG,12.07,12.82,11.99,12.48,401700,KBS,2026-10-09T04:38:02Z
2023-10-05,SKG,12.65,12.65,12.4,12.44,176900,KBS,2026-10-09T04:38:02Z
2023-10-06,SKG,12.44,13.03,12.44,12.82,377800,KBS,2026-10-09T04:38:02Z
2023-10-09,SKG,12.82,13.07,12.74,12.98,210800,KBS,2026-10-09T04:38:02Z
2023-10-10,SKG,12.98,13.23,12.98,13.11,356600,KBS,2026-10-09T04:38:02Z
2023-10-11,SKG,13.32,13.32,13.15,13.23,273100,KBS,2026-10-09T04:38:02Z
2023-10-12,SKG,13.36,13.36,13.19,13.28,222200,KBS,2026-10-09T04:38:02Z
2023-10-13,SKG,13.23,13.28,12.9,13.28,275800,KBS,2026-10-09T04:38:02Z
2023-10-16,SKG,13.28,13.28,12.78,12.9,476200,KBS,2026-10-09T04:38:02Z
2023-10-17,SKG,12.9,12.9,12.57,12.57,260100,KBS,2026-10-09T04:38:02Z
2023-10-18,SKG,12.57,12.61,12.07,12.48,437300,KBS,2026-10-09T04:38:02Z
2023-10-19,SKG,12.48,12.53,12.15,12.32,156400,KBS,2026-10-09T04:38:02Z
2023-10-20,SKG,12.19,12.32,11.74,12.19,490800,KBS,2026-10-09T04:38:02Z
2023-10-23,SKG,12.19,12.19,11.4,11.4,440500,KBS,2026-10-09T04:38:02Z
2023-10-24,SKG,11.49,11.65,11.44,11.61,226900,KBS,2026-10-09T04:38:02Z
2023-10-25,SKG,11.61,11.74,11.53,11.57,440200,KBS,2026-10-09T04:38:02Z
2023-10-26,SKG,11.53,11.53,10.78,10.78,832800,KBS,2026-10-09T04:38:02Z
2023-10-27,SKG,10.82,10.99,10.57,10.86,381000,KBS,2026-10-09T04:38:02Z
2023-10-30,SKG,10.86,11.2,10.82,10.82,286300,KBS,2026-10-09T04:38:02Z
2023-10-31,SKG,10.86,10.94,10.4,10.4,269400,KBS,2026-10-09T04:38:02Z
2023-11-01,SKG,10.4,10.82,10.36,10.82,188700,KBS,2026-10-09T04:38:02Z
2023-11-02,SKG,10.82,11.49,10.82,11.4,340900,KBS,2026-10-09T04:38:02Z
2023-11-03,SKG,11.53,11.53,11.15,11.24,188600,KBS,2026-10-09T04:38:02Z
2023-11-06,SKG,11.24,11.4,11.07,11.24,273300,KBS,2026-10-09T04:38:02Z
2023-11-07,SKG,11.24,11.32,11.15,11.24,160100,KBS,2026-10-09T04:38:02Z
2023-11-08,SKG,11.24,11.65,11.24,11.61,307400,KBS,2026-10-09T04:38:02Z
2023-11-09,SKG,11.65,11.9,11.61,11.78,311600,KBS,2026-10-09T04:38:02Z
2023-11-10,SKG,11.57,11.74,11.4,11.7,192300,KBS,2026-10-09T04:38:02Z
2023-11-13,SKG,11.78,12.11,11.7,11.74,355500,KBS,2026-10-09T04:38:02Z
2023-11-14,SKG,11.94,11.94,11.74,11.82,194500,KBS,2026-10-09T04:38:02Z
2023-11-15,SKG,11.99,12.03,11.82,11.9,266100,KBS,2026-10-09T04:38:02Z
2023-11-16,SKG,11.78,11.94,11.78,11.94,78900,KBS,2026-10-09T04:38:02Z
2023-11-17,SKG,11.94,12.07,11.65,11.74,547200,KBS,2026-10-09T04:38:02Z
2023-11-20,SKG,11.65,12.03,11.57,12.03,158800,KBS,2026-10-09T04:38:02Z
2023-11-21,SKG,11.99,12.11,11.9,12.11,236400,KBS,2026-10-09T04:38:02Z
2023-11-22,SKG,12.03,12.15,11.94,12.11,90000,KBS,2026-10-09T04:38:02Z
2023-11-23,SKG,12.11,12.11,11.86,11.86,284800,KBS,2026-10-09T04:38:02Z
2023-11-24,SKG,11.82,11.86,11.4,11.57,304800,KBS,2026-10-09T04:38:02Z
2023-11-27,SKG,11.57,11.78,11.4,11.65,136700,KBS,2026-10-09T04:38:02Z
2023-11-28,SKG,11.61,11.74,11.44,11.74,177100,KBS,2026-10-09T04:38:02Z
2023-11-29,SKG,11.78,11.78,11.57,11.65,148900,KBS,2026-10-09T04:38:02Z
2023-11-30,SKG,11.65,11.65,11.49,11.49,150100,KBS,2026-10-09T04:38:02Z
2023-12-01,SKG,11.57,11.61,11.53,11.61,115600,KBS,2026-10-09T04:38:02Z
2023-12-04,SKG,11.65,12.07,11.61,11.99,600400,KBS,2026-10-09T04:38:02Z
2023-12-05,SKG,11.99,11.99,11.86,11.86,140800,KBS,2026-10-09T04:38:02Z
2023-12-06,SKG,11.9,11.99,11.86,11.99,312700,KBS,2026-10-09T04:38:02Z
2023-12-07,SKG,12.11,12.82,12.07,12.65,2366000,KBS,2026-10-09T04:38:02Z
2023-12-08,SKG,12.65,12.82,12.48,12.61,303300,KBS,2026-10-09T04:38:02Z
2023-12-11,SKG,12.74,12.82,12.24,12.36,555600,KBS,2026-10-09T04:38:02Z
2023-12-12,SKG,12.28,12.48,12.28,12.44,322100,KBS,2026-10-09T04:38:02Z
2023-12-13,SKG,12.61,12.61,12.15,12.24,382300,KBS,2026-10-09T04:38:02Z
2023-12-14,SKG,12.36,12.48,12.24,12.28,389500,KBS,2026-10-09T04:38:02Z
2023-12-15,SKG,12.36,12.36,12.11,12.28,194400,KBS,2026-10-09T04:38:02Z
2023-12-18,SKG,12.28,12.28,11.94,11.94,285200,KBS,2026-10-09T04:38:02Z
2023-12-19,SKG,11.94,12.03,11.7,12.03,250700,KBS,2026-10-09T04:38:02Z
2023-12-20,SKG,11.99,11.99,11.78,11.94,117000,KBS,2026-10-09T04:38:02Z
2023-12-21,SKG,11.9,12.24,11.74,12.15,194500,KBS,2026-10-09T04:38:02Z
2023-12-22,SKG,12.19,12.28,12.03,12.24,195200,KBS,2026-10-09T04:38:02Z
2023-12-25,SKG,12.24,12.36,12.19,12.36,339300,KBS,2026-10-09T04:38:02Z
2023-12-26,SKG,12.4,12.57,12.36,12.36,246800,KBS,2026-10-09T04:38:02Z
2023-12-27,SKG,12.32,12.48,12.32,12.36,268700,KBS,2026-10-09T04:38:02Z
2023-12-28,SKG,12.36,12.44,12.32,12.4,153200,KBS,2026-10-09T04:38:02Z
2023-12-29,SKG,12.4,12.44,12.32,12.32,174400,KBS,2026-10-09T04:38:02Z
2024-01-02,SKG,12.32,12.48,12.24,12.24,238600,KBS,2026-10-09T04:38:02Z
2024-01-03,SKG,12.36,12.4,12.15,12.28,283000,KBS,2026-10-09T04:38:02Z
2024-01-04,SKG,12.32,12.53,12.32,12.36,663800,KBS,2026-10-09T04:38:02Z
2024-01-05,SKG,12.4,12.44,12.28,12.36,295500,KBS,2026-10-09T04:38:02Z
2024-01-08,SKG,12.36,12.44,12.32,12.44,207300,KBS,2026-10-09T04:38:02Z
2024-01-09,SKG,12.48,12.48,12.24,12.36,275700,KBS,2026-10-09T04:38:02Z
2024-01-10,SKG,12.32,12.32,12.15,12.15,239800,KBS,2026-10-09T04:38:02Z
2024-01-11,SKG,12.15,12.24,12.11,12.15,180600,KBS,2026-10-09T04:38:02Z
2024-01-12,SKG,12.15,12.15,11.78,11.82,492700,KBS,2026-10-09T04:38:02Z
2024-01-15,SKG,11.82,12.03,11.82,11.86,140500,KBS,2026-10-09T04:38:02Z
2024-01-16,SKG,11.82,11.9,11.82,11.9,58400,KBS,2026-10-09T04:38:02Z
2024-01-17,SKG,11.9,12.07,11.86,11.99,106800,KBS,2026-10-09T04:38:02Z
2024-01-18,SKG,12.15,12.15,11.99,12.11,127000,KBS,2026-10-09T04:38:02Z
2024-01-19,SKG,12.15,12.19,11.94,12.11,136900,KBS,2026-10-09T04:38:02Z
2024-01-22,SKG,11.9,11.9,11.57,11.7,898700,KBS,2026-10-09T04:38:02Z
2024-01-23,SKG,11.82,11.82,11.61,11.74,127400,KBS,2026-10-09T04:38:02Z
2024-01-24,SKG,11.74,11.86,11.65,11.82,183900,KBS,2026-10-09T04:38:02Z
2024-01-25,SKG,11.78,11.82,11.61,11.7,123700,KBS,2026-10-09T04:38:02Z
2024-01-26,SKG,11.7,11.74,11.57,11.7,248000,KBS,2026-10-09T04:38:02Z
2024-01-29,SKG,11.7,11.74,11.61,11.7,139200,KBS,2026-10-09T04:38:02Z
2024-01-30,SKG,11.7,11.74,11.61,11.61,194300,KBS,2026-10-09T04:38:02Z
2024-01-31,SKG,11.65,11.65,11.57,11.61,181000,KBS,2026-10-09T04:38:02Z
2024-02-01,SKG,11.61,11.74,11.57,11.74,134700,KBS,2026-10-09T04:38:02Z
2024-02-02,SKG,11.74,11.78,11.61,11.61,180100,KBS,2026-10-09T04:38:02Z
2024-02-05,SKG,11.65,11.78,11.61,11.65,227600,KBS,2026-10-09T04:38:02Z
2024-02-06,SKG,11.78,12.07,11.65,11.94,296300,KBS,2026-10-09T04:38:02Z
2024-02-07,SKG,11.94,12.03,11.82,11.9,160600,KBS,2026-10-09T04:38:02Z
2024-02-15,SKG,11.94,12.11,11.9,12.03,225200,KBS,2026-10-09T04:38:02Z
2024-02-16,SKG,12.03,12.11,11.99,12.11,287700,KBS,2026-10-09T04:38:02Z
2024-02-19,SKG,12.11,12.15,11.99,12.07,212800,KBS,2026-10-09T04:38:02Z
2024-02-20,SKG,12.07,12.15,12.03,12.15,227900,KBS,2026-10-09T04:38:02Z
2024-02-21,SKG,12.15,12.15,11.99,12.07,178400,KBS,2026-10-09T04:38:02Z
2024-02-22,SKG,12.11,12.48,12.03,12.4,507300,KBS,2026-10-09T04:38:02Z
2024-02-23,SKG,12.32,12.44,12.07,12.11,363300,KBS,2026-10-09T04:38:02Z
2024-02-26,SKG,12.15,12.24,12.07,12.19,249300,KBS,2026-10-09T04:38:02Z
2024-02-27,SKG,12.19,12.32,12.19,12.32,263600,KBS,2026-10-09T04:38:02Z
2024-02-28,SKG,12.44,12.44,12.24,12.28,263900,KBS,2026-10-09T04:38:02Z
2024-02-29,SKG,12.36,12.36,12.19,12.28,249900,KBS,2026-10-09T04:38:02Z
2024-03-01,SKG,12.24,12.69,12.19,12.61,877600,KBS,2026-10-09T04:38:02Z
2024-03-04,SKG,12.82,12.82,12.57,12.74,367000,KBS,2026-10-09T04:38:02Z
2024-03-05,SKG,12.74,12.74,12.53,12.65,347800,KBS,2026-10-09T04:38:02Z
2024-03-06,SKG,12.61,12.74,12.24,12.24,465900,KBS,2026-10-09T04:38:02Z
2024-03-07,SKG,12.32,12.65,12.28,12.65,370600,KBS,2026-10-09T04:38:02Z
2024-03-08,SKG,12.65,12.74,12.4,12.57,387600,KBS,2026-10-09T04:38:02Z
2024-03-11,SKG,12.57,12.65,12.36,12.4,236100,KBS,2026-10-09T04:38:02Z
2024-03-12,SKG,12.4,12.57,12.32,12.36,238800,KBS,2026-10-09T04:38:02Z
2024-03-13,SKG,12.4,12.53,12.32,12.53,381200,KBS,2026-10-09T04:38:02Z
2024-03-14,SKG,12.57,12.82,12.44,12.57,901500,KBS,2026-10-09T04:38:02Z
2024-03-15,SKG,12.57,12.94,12.57,12.74,1422300,KBS,2026-10-09T04:38:02Z
2024-03-18,SKG,13.03,13.15,12.65,12.82,1129100,KBS,2026-10-09T04:38:02Z
2024-03-19,SKG,12.82,12.86,12.69,12.82,356000,KBS,2026-10-09T04:38:02Z
2024-03-20,SKG,12.74,12.82,12.61,12.74,462700,KBS,2026-10-09T04:38:02Z
2024-03-21,SKG,12.78,12.9,12.69,12.82,837700,KBS,2026-10-09T04:38:02Z
2024-03-22,SKG,12.82,12.98,12.61,12.61,851900,KBS,2026-10-09T04:38:02Z
2024-03-25,SKG,12.57,12.74,12.48,12.57,694900,KBS,2026-10-09T04:38:02Z
2024-03-26,SKG,12.48,12.57,12.4,12.48,689100,KBS,2026-10-09T04:38:02Z
2024-03-27,SKG,12.48,12.61,12.4,12.44,616200,KBS,2026-10-09T04:38:02Z
2024-03-28,SKG,12.48,12.53,12.36,12.36,551900,KBS,2026-10-09T04:38:02Z
2024-03-29,SKG,12.4,12.74,12.4,12.57,1221000,KBS,2026-10-09T04:38:02Z
2024-04-01,SKG,12.65,13.44,12.57,13.44,2585400,KBS,2026-10-09T04:38:02Z
2024-04-02,SKG,13.73,13.9,13.53,13.73,1819200,KBS,2026-10-09T04:38:02Z
2024-04-03,SKG,13.73,13.78,13.4,13.4,1510100,KBS,2026-10-09T04:38:02Z
2024-04-04,SKG,13.48,13.98,13.36,13.69,1864900,KBS,2026-10-09T04:38:02Z
2024-04-05,SKG,13.65,13.65,13.36,13.53,1283400,KBS,2026-10-09T04:38:02Z
2024-04-08,SKG,13.57,13.82,13.4,13.44,1099400,KBS,2026-10-09T04:38:02Z
2024-04-09,SKG,13.44,13.57,13.36,13.53,475700,KBS,2026-10-09T04:38:02Z
2024-04-10,SKG,13.69,13.78,13.48,13.48,810300,KBS,2026-10-09T04:38:02Z
2024-04-11,SKG,13.4,14.23,13.28,14.19,2172200,KBS,2026-10-09T04:38:02Z
2024-04-12,SKG,14.28,14.32,13.86,13.98,745300,KBS,2026-10-09T04:38:02Z
2024-04-15,SKG,14.11,14.28,13.03,13.07,2144200,KBS,2026-10-09T04:38:02Z
2024-04-16,SKG,13.07,13.15,12.61,13.07,1853200,KBS,2026-10-09T04:38:02Z
2024-04-17,SKG,13.07,13.23,12.74,12.74,1184400,KBS,2026-10-09T04:38:02Z
2024-04-19,SKG,12.57,12.61,11.86,11.9,2019500,KBS,2026-10-09T04:38:02Z
2024-04-22,SKG,11.86,12.15,11.65,11.82,810700,KBS,2026-10-09T04:38:02Z
2024-04-23,SKG,11.86,11.94,11.32,11.4,739200,KBS,2026-10-09T04:38:02Z
2024-04-24,SKG,11.4,11.74,11.36,11.74,875900,KBS,2026-10-09T04:38:02Z
2024-04-25,SKG,11.65,11.82,11.49,11.61,309400,KBS,2026-10-09T04:38:02Z
2024-04-26,SKG,11.44,11.65,11.36,11.44,599300,KBS,2026-10-09T04:38:02Z
2024-05-02,SKG,11.44,11.9,11.44,11.9,473200,KBS,2026-10-09T04:38:02Z
2024-05-03,SKG,11.9,12.03,11.7,11.78,354400,KBS,2026-10-09T04:38:02Z
2024-05-06,SKG,11.94,12.19,11.78,12.15,843200,KBS,2026-10-09T04:38:02Z
2024-05-07,SKG,12.24,12.28,11.9,11.99,513900,KBS,2026-10-09T04:38:02Z
2024-05-08,SKG,11.99,12.03,11.78,11.94,578600,KBS,2026-10-09T04:38:02Z
2024-05-09,SKG,11.9,12.03,11.82,11.99,376100,KBS,2026-10-09T04:38:02Z
2024-05-10,SKG,11.99,12.03,11.78,11.78,513300,KBS,2026-10-09T04:38:02Z
2024-05-13,SKG,11.82,11.9,11.74,11.86,360800,KBS,2026-10-09T04:38:02Z
2024-05-14,SKG,11.86,12.03,11.86,11.94,225000,KBS,2026-10-09T04:38:02Z
2024-05-15,SKG,11.99,12.44,11.94,12.15,866000,KBS,2026-10-09T04:38:02Z
2024-05-16,SKG,12.36,12.36,12.15,12.24,379200,KBS,2026-10-09T04:38:02Z
2024-05-17,SKG,12.24,12.32,12.11,12.24,380900,KBS,2026-10-09T04:38:02Z
2024-05-20,SKG,12.36,12.57,12.24,12.32,724000,KBS,2026-10-09T04:38:02Z
2024-05-21,SKG,12.32,12.32,12.07,12.24,552400,KBS,2026-10-09T04:38:02Z
2024-05-22,SKG,12.24,12.69,12.24,12.53,1182600,KBS,2026-10-09T04:38:02Z
2024-05-23,SKG,12.53,13.11,12.4,12.86,1418800,KBS,2026-10-09T04:38:02Z
2024-05-24,SKG,12.9,13.03,12.24,12.57,1037900,KBS,2026-10-09T04:38:02Z
2024-05-27,SKG,12.57,12.57,12.32,12.44,495200,KBS,2026-10-09T04:38:02Z
2024-05-28,SKG,12.48,12.86,12.48,12.78,838900,KBS,2026-10-09T04:38:02Z
2024-05-29,SKG,12.9,12.9,12.53,12.57,982800,KBS,2026-10-09T04:38:02Z
2024-05-30,SKG,12.48,12.61,12.36,12.61,652100,KBS,2026-10-09T04:38:02Z
2024-05-31,SKG,12.65,12.82,12.48,12.65,456700,KBS,2026-10-09T04:38:02Z
2024-06-03,SKG,12.86,12.9,12.65,12.78,751200,KBS,2026-10-09T04:38:02Z
2024-06-04,SKG,12.82,13.28,12.74,13.03,1858600,KBS,2026-10-09T04:38:02Z
2024-06-05,SKG,13.03,13.11,12.9,12.98,859400,KBS,2026-10-09T04:38:02Z
2024-06-06,SKG,13.2,13.2,12.81,12.81,813300,KBS,2026-10-09T04:38:02Z
2024-06-07,SKG,12.81,12.94,12.68,12.77,395900,KBS,2026-10-09T04:38:02Z
2024-06-10,SKG,12.77,12.86,12.56,12.68,773000,KBS,2026-10-09T04:38:02Z
2024-06-11,SKG,12.81,13.2,12.64,12.98,1386600,KBS,2026-10-09T04:38:02Z
2024-06-12,SKG,12.98,13.07,12.9,13.03,516600,KBS,2026-10-09T04:38:02Z
2024-06-13,SKG,13.07,13.11,12.9,12.94,528000,KBS,2026-10-09T04:38:02Z
2024-06-14,SKG,12.9,12.98,12.47,12.47,1293600,KBS,2026-10-09T04:38:02Z
2024-06-17,SKG,12.47,12.6,12.34,12.38,611500,KBS,2026-10-09T04:38:02Z
2024-06-18,SKG,12.38,12.6,12.38,12.51,354500,KBS,2026-10-09T04:38:02Z
2024-06-19,SKG,12.56,12.56,12.43,12.47,203300,KBS,2026-10-09T04:38:02Z
2024-06-20,SKG,12.56,12.64,12.34,12.47,324800,KBS,2026-10-09T04:38:02Z
2024-06-21,SKG,12.56,12.6,12.38,12.47,255800,KBS,2026-10-09T04:38:02Z
2024-06-24,SKG,12.51,12.51,11.87,12.04,910800,KBS,2026-10-09T04:38:02Z
2024-06-25,SKG,12.04,12.21,11.95,12.21,392500,KBS,2026-10-09T04:38:02Z
2024-06-26,SKG,12.12,12.25,12.0,12.08,310800,KBS,2026-10-09T04:38:02Z
2024-06-27,SKG,12.08,12.12,12.0,12.04,259500,KBS,2026-10-09T04:38:02Z
2024-06-28,SKG,12.22,12.31,12.04,12.17,247600,KBS,2026-10-09T04:38:02Z
2024-07-01,SKG,12.22,12.22,11.99,12.17,99300,KBS,2026-10-09T04:38:02Z
2024-07-02,SKG,12.22,12.22,11.95,12.08,326200,KBS,2026-10-09T04:38:02Z
2024-07-03,SKG,12.17,12.17,11.99,12.17,314000,KBS,2026-10-09T04:38:02Z
2024-07-04,SKG,12.04,12.54,12.04,12.35,588500,KBS,2026-10-09T04:38:02Z
2024-07-05,SKG,12.35,12.35,12.04,12.13,237900,KBS,2026-10-09T04:38:02Z
2024-07-08,SKG,12.13,12.22,11.9,12.08,392900,KBS,2026-10-09T04:38:02Z
2024-07-09,SKG,12.08,12.13,11.95,11.99,394500,KBS,2026-10-09T04:38:02Z
2024-07-10,SKG,11.99,12.08,11.72,11.9,705800,KBS,2026-10-09T04:38:02Z
2024-07-11,SKG,11.9,11.99,11.68,11.81,531100,KBS,2026-10-09T04:38:02Z
2024-07-12,SKG,11.72,11.81,11.63,11.72,391300,KBS,2026-10-09T04:38:02Z
2024-07-15,SKG,11.72,11.81,11.68,11.68,172900,KBS,2026-10-09T04:38:02Z
2024-07-16,SKG,11.77,11.81,11.63,11.68,276600,KBS,2026-10-09T04:38:02Z
2024-07-17,SKG,11.72,11.72,11.27,11.27,436200,KBS,2026-10-09T04:38:02Z
2024-07-18,SKG,11.36,11.54,11.23,11.45,276800,KBS,2026-10-09T04:38:02Z
2024-07-19,SKG,11.45,11.54,11.32,11.54,123600,KBS,2026-10-09T04:38:02Z
2024-07-22,SKG,11.54,11.54,11.14,11.27,266600,KBS,2026-10-09T04:38:02Z
2024-07-23,SKG,11.23,11.27,10.82,10.82,426100,KBS,2026-10-09T04:38:02Z
2024-07-24,SKG,10.82,10.82,10.55,10.78,335800,KBS,2026-10-09T04:38:02Z
2024-07-25,SKG,10.73,10.82,10.37,10.69,185900,KBS,2026-10-09T04:38:02Z
2024-07-26,SKG,10.73,10.82,10.64,10.78,121900,KBS,2026-10-09T04:38:02Z
2024-07-29,SKG,10.78,10.87,10.73,10.78,301000,KBS,2026-10-09T04:38:02Z
2024-07-30,SKG,10.78,10.87,10.73,10.82,225600,KBS,2026-10-09T04:38:02Z
2024-07-31,SKG,10.78,10.82,10.78,10.78,112300,KBS,2026-10-09T04:38:02Z
2024-08-01,SKG,10.78,10.82,10.64,10.69,347800,KBS,2026-10-09T04:38:02Z
2024-08-02,SKG,10.6,10.82,10.51,10.82,415500,KBS,2026-10-09T04:38:02Z
2024-08-05,SKG,10.82,11.18,10.78,10.87,901800,KBS,2026-10-09T04:38:02Z
2024-08-06,SKG,11.0,11.18,10.87,11.18,352800,KBS,2026-10-09T04:38:02Z
2024-08-07,SKG,11.27,11.36,11.05,11.36,279100,KBS,2026-10-09T04:38:02Z
2024-08-08,SKG,11.18,11.5,11.14,11.5,519100,KBS,2026-10-09T04:38:02Z
2024-08-09,SKG,11.41,11.63,11.41,11.59,321800,KBS,2026-10-09T04:38:02Z
2024-08-12,SKG,11.45,11.99,11.36,11.9,1142900,KBS,2026-10-09T04:38:02Z
2024-08-13,SKG,11.77,11.9,11.54,11.59,166500,KBS,2026-10-09T04:38:02Z
2024-08-14,SKG,11.59,11.9,11.45,11.63,164600,KBS,2026-10-09T04:38:02Z
2024-08-15,SKG,11.72,11.72,11.27,11.36,214100,KBS,2026-10-09T04:38:02Z
2024-08-16,SKG,11.54,11.68,11.36,11.63,249700,KBS,2026-10-09T04:38:02Z
2024-08-19,SKG,11.63,11.72,11.5,11.54,161400,KBS,2026-10-09T04:38:02Z
2024-08-20,SKG,11.54,11.63,11.45,11.59,201000,KBS,2026-10-09T04:38:02Z
2024-08-21,SKG,11.59,11.59,11.32,11.5,384100,KBS,2026-10-09T04:38:02Z
2024-08-22,SKG,11.5,11.5,11.32,11.36,220100,KBS,2026-10-09T04:38:02Z
2024-08-23,SKG,11.36,11.45,11.27,11.27,246600,KBS,2026-10-09T04:38:02Z
2024-08-26,SKG,11.36,11.45,11.27,11.32,154800,KBS,2026-10-09T04:38:02Z
2024-08-27,SKG,11.32,11.32,11.09,11.09,350100,KBS,2026-10-09T04:38:02Z
2024-08-28,SKG,11.05,11.18,10.96,10.96,169100,KBS,2026-10-09T04:38:02Z
2024-08-29,SKG,10.96,11.18,10.96,11.09,131600,KBS,2026-10-09T04:38:02Z
2024-08-30,SKG,11.18,11.23,10.96,11.0,74800,KBS,2026-10-09T04:38:02Z
2024-09-04,SKG,11.0,11.14,10.96,11.05,93100,KBS,2026-10-09T04:38:02Z
2024-09-05,SKG,10.96,11.14,10.96,11.09,230200,KBS,2026-10-09T04:38:02Z
2024-09-06,SKG,11.0,11.63,11.0,11.41,555500,KBS,2026-10-09T04:38:02Z
2024-09-09,SKG,11.5,11.5,11.32,11.41,131100,KBS,2026-10-09T04:38:02Z
2024-09-10,SKG,11.36,11.54,11.18,11.41,376600,KBS,2026-10-09T04:38:02Z
2024-09-11,SKG,11.27,11.41,11.09,11.36,232000,KBS,2026-10-09T04:38:02Z
2024-09-12,SKG,11.45,11.5,11.27,11.36,81300,KBS,2026-10-09T04:38:02Z
2024-09-13,SKG,11.36,11.5,11.18,11.41,273400,KBS,2026-10-09T04:38:02Z
2024-09-16,SKG,11.41,11.45,11.14,11.32,270700,KBS,2026-10-09T04:38:02Z
2024-09-17,SKG,11.18,11.32,10.82,11.18,164400,KBS,2026-10-09T04:38:02Z
2024-09-18,SKG,11.18,11.18,11.09,11.14,208800,KBS,2026-10-09T04:38:02Z
2024-09-19,SKG,11.09,11.27,11.09,11.27,118800,KBS,2026-10-09T04:38:02Z
2024-09-20,SKG,11.27,11.41,11.18,11.36,220900,KBS,2026-10-09T04:38:02Z
2024-09-23,SKG,11.27,11.41,11.09,11.32,115900,KBS,2026-10-09T04:38:02Z
2024-09-24,SKG,11.27,11.32,11.18,11.23,129200,KBS,2026-10-09T04:38:02Z
2024-09-25,SKG,11.23,11.63,11.18,11.59,517100,KBS,2026-10-09T04:38:02Z
2024-09-26,SKG,11.41,11.68,11.41,11.68,346900,KBS,2026-10-09T04:38:02Z
2024-09-27,SKG,11.77,11.77,11.5,11.68,308100,KBS,2026-10-09T04:38:02Z
2024-09-30,SKG,11.5,11.68,11.5,11.59,143100,KBS,2026-10-09T04:38:02Z
2024-10-01,SKG,11.59,11.77,11.5,11.63,525300,KBS,2026-10-09T04:38:02Z
2024-10-02,SKG,11.54,11.59,11.36,11.36,105600,KBS,2026-10-09T04:38:02Z
2024-10-03,SKG,11.36,11.45,11.09,11.14,253100,KBS,2026-10-09T04:38:02Z
2024-10-04,SKG,11.14,11.23,11.09,11.09,123400,KBS,2026-10-09T04:38:02Z
2024-10-07,SKG,11.09,11.18,11.05,11.05,108800,KBS,2026-10-09T04:38:02Z
2024-10-08,SKG,11.14,11.14,10.96,10.96,190800,KBS,2026-10-09T04:38:02Z
2024-10-09,SKG,10.96,11.23,10.96,11.18,84600,KBS,2026-10-09T04:38:02Z
2024-10-10,SKG,11.18,11.32,11.09,11.09,47400,KBS,2026-10-09T04:38:02Z
2024-10-11,SKG,11.0,11.23,11.0,11.05,69900,KBS,2026-10-09T04:38:02Z
2024-10-14,SKG,11.09,11.14,10.96,11.09,186800,KBS,2026-10-09T04:38:02Z
2024-10-15,SKG,11.09,11.14,10.91,11.0,138100,KBS,2026-10-09T04:38:02Z
2024-10-16,SKG,11.0,11.0,10.78,10.96,210000,KBS,2026-10-09T04:38:02Z
2024-10-17,SKG,10.87,10.87,10.6,10.73,443700,KBS,2026-10-09T04:38:02Z
2024-10-18,SKG,10.73,10.73,10.55,10.55,164800,KBS,2026-10-09T04:38:02Z
2024-10-21,SKG,10.55,10.64,10.46,10.51,165400,KBS,2026-10-09T04:38:02Z
2024-10-22,SKG,10.46,10.6,10.37,10.42,204600,KBS,2026-10-09T04:38:02Z
2024-10-23,SKG,10.42,10.55,10.37,10.51,107100,KBS,2026-10-09T04:38:02Z
2024-10-24,SKG,10.6,10.6,10.42,10.46,76500,KBS,2026-10-09T04:38:02Z
2024-10-25,SKG,10.55,10.55,10.32,10.32,102500,KBS,2026-10-09T04:38:02Z
2024-10-28,SKG,10.32,10.46,10.01,10.1,216100,KBS,2026-10-09T04:38:02Z
2024-10-29,SKG,10.28,10.28,9.74,9.83,296300,KBS,2026-10-09T04:38:02Z
2024-10-30,SKG,9.88,9.92,9.65,9.65,165200,KBS,2026-10-09T04:38:02Z
2024-10-31,SKG,9.65,9.65,9.51,9.56,154600,KBS,2026-10-09T04:38:02Z
2024-11-01,SKG,9.56,9.56,9.51,9.56,89400,KBS,2026-10-09T04:38:02Z
2024-11-04,SKG,9.6,9.69,9.47,9.47,123300,KBS,2026-10-09T04:38:02Z
2024-11-05,SKG,9.51,9.56,9.42,9.51,66000,KBS,2026-10-09T04:38:02Z
2024-11-06,SKG,9.51,9.6,9.47,9.56,164000,KBS,2026-10-09T04:38:02Z
2024-11-07,SKG,9.65,10.06,9.65,9.65,179400,KBS,2026-10-09T04:38:02Z
2024-11-08,SKG,9.69,9.69,9.51,9.51,80000,KBS,2026-10-09T04:38:02Z
2024-11-11,SKG,9.51,9.83,9.51,9.74,167500,KBS,2026-10-09T04:38:02Z
2024-11-12,SKG,9.78,9.78,9.6,9.74,79100,KBS,2026-10-09T04:38:02Z
2024-11-13,SKG,9.69,9.78,9.65,9.69,44600,KBS,2026-10-09T04:38:02Z
2024-11-14,SKG,9.69,9.74,9.6,9.65,96500,KBS,2026-10-09T04:38:02Z
2024-11-15,SKG,9.65,9.65,9.47,9.56,95400,KBS,2026-10-09T04:38:02Z
2024-11-18,SKG,9.56,9.56,9.33,9.56,118800,KBS,2026-10-09T04:38:02Z
2024-11-19,SKG,9.51,9.51,9.38,9.38,48800,KBS,2026-10-09T04:38:02Z
2024-11-20,SKG,9.38,9.69,9.29,9.47,135000,KBS,2026-10-09T04:38:02Z
2024-11-21,SKG,9.47,9.6,9.42,9.56,65900,KBS,2026-10-09T04:38:02Z
2024-11-22,SKG,9.56,9.65,9.42,9.51,73900,KBS,2026-10-09T04:38:02Z
2024-11-25,SKG,9.56,9.56,9.38,9.38,98200,KBS,2026-10-09T04:38:02Z
2024-11-26,SKG,9.47,9.56,9.47,9.47,56700,KBS,2026-10-09T04:38:02Z
2024-11-27,SKG,9.47,9.96,9.47,9.83,285600,KBS,2026-10-09T04:38:02Z
2024-11-28,SKG,9.83,9.96,9.74,9.83,111600,KBS,2026-10-09T04:38:02Z
2024-11-29,SKG,9.83,9.88,9.74,9.88,72000,KBS,2026-10-09T04:38:02Z
2024-12-02,SKG,9.92,10.01,9.74,9.78,62700,KBS,2026-10-09T04:38:02Z
2024-12-03,SKG,9.65,9.83,9.65,9.74,52300,KBS,2026-10-09T04:38:02Z
2024-12-04,SKG,9.74,9.83,9.6,9.6,99300,KBS,2026-10-09T04:38:02Z
2024-12-05,SKG,9.56,9.78,9.56,9.78,96500,KBS,2026-10-09T04:38:02Z
2024-12-06,SKG,9.83,9.88,9.69,9.69,110300,KBS,2026-10-09T04:38:02Z
2024-12-09,SKG,9.83,9.83,9.65,9.78,59100,KBS,2026-10-09T04:38:02Z
2024-12-10,SKG,9.78,10.06,9.74,10.06,301700,KBS,2026-10-09T04:38:02Z
2024-12-11,SKG,10.32,10.32,10.1,10.14,119600,KBS,2026-10-09T04:38:02Z
2024-12-12,SKG,10.19,10.37,10.14,10.14,284700,KBS,2026-10-09T04:38:02Z
2024-12-13,SKG,10.28,10.28,10.01,10.14,64300,KBS,2026-10-09T04:38:02Z
2024-12-16,SKG,10.1,10.19,9.92,10.06,87700,KBS,2026-10-09T04:38:02Z
2024-12-17,SKG,10.14,10.14,9.88,9.88,55400,KBS,2026-10-09T04:38:02Z
2024-12-18,SKG,9.92,10.06,9.88,9.92,70600,KBS,2026-10-09T04:38:02Z
2024-12-19,SKG,9.83,9.92,9.78,9.88,69600,KBS,2026-10-09T04:38:02Z
2024-12-20,SKG,9.83,10.06,9.78,9.96,44200,KBS,2026-10-09T04:38:02Z
2024-12-23,SKG,10.01,10.06,9.88,10.01,54300,KBS,2026-10-09T04:38:02Z
2024-12-24,SKG,9.96,10.01,9.74,9.92,163800,KBS,2026-10-09T04:38:02Z
2024-12-25,SKG,9.92,10.1,9.78,9.96,97600,KBS,2026-10-09T04:38:02Z
2024-12-26,SKG,9.96,10.46,9.96,10.42,693400,KBS,2026-10-09T04:38:02Z
2024-12-27,SKG,10.37,10.46,10.24,10.42,82700,KBS,2026-10-09T04:38:02Z
2024-12-30,SKG,10.37,10.42,10.19,10.42,57500,KBS,2026-10-09T04:38:02Z
2024-12-31,SKG,10.24,10.42,10.19,10.28,90200,KBS,2026-10-09T04:38:02Z
2025-01-02,SKG,10.24,10.37,10.19,10.32,49700,KBS,2026-10-09T04:38:02Z
2025-01-03,SKG,10.28,10.32,10.19,10.24,74800,KBS,2026-10-09T04:38:02Z
2025-01-06,SKG,10.24,10.28,10.1,10.28,113500,KBS,2026-10-09T04:38:02Z
2025-01-07,SKG,10.1,10.19,10.01,10.01,147600,KBS,2026-10-09T04:38:02Z
2025-01-08,SKG,10.01,10.06,9.83,10.06,93300,KBS,2026-10-09T04:38:02Z
2025-01-09,SKG,10.1,10.1,9.96,10.01,32200,KBS,2026-10-09T04:38:02Z
2025-01-10,SKG,10.01,10.1,9.92,9.92,110700,KBS,2026-10-09T04:38:02Z
2025-01-13,SKG,9.92,10.01,9.83,10.01,71300,KBS,2026-10-09T04:38:02Z
2025-01-14,SKG,10.01,10.06,9.83,10.06,59200,KBS,2026-10-09T04:38:02Z
2025-01-15,SKG,10.24,10.24,10.01,10.1,31500,KBS,2026-10-09T04:38:02Z
2025-01-16,SKG,10.1,10.19,10.01,10.1,63200,KBS,2026-10-09T04:38:02Z
2025-01-17,SKG,10.01,10.19,10.01,10.14,69900,KBS,2026-10-09T04:38:02Z
2025-01-20,SKG,10.19,10.19,10.1,10.14,45100,KBS,2026-10-09T04:38:02Z
2025-01-21,SKG,9.69,10.1,9.69,10.01,186400,KBS,2026-10-09T04:38:02Z
2025-01-22,SKG,9.92,10.01,9.83,9.92,50600,KBS,2026-10-09T04:38:02Z
2025-01-23,SKG,9.78,10.1,9.78,9.92,36200,KBS,2026-10-09T04:38:02Z
2025-01-24,SKG,9.88,10.06,9.83,10.06,86100,KBS,2026-10-09T04:38:02Z
2025-02-03,SKG,9.96,10.19,9.92,10.06,103400,KBS,2026-10-09T04:38:02Z
2025-02-04,SKG,10.06,10.14,9.96,10.1,62500,KBS,2026-10-09T04:38:02Z
2025-02-05,SKG,10.24,10.24,9.92,10.06,78800,KBS,2026-10-09T04:38:02Z
2025-02-06,SKG,10.01,10.1,9.96,10.06,53900,KBS,2026-10-09T04:38:02Z
2025-02-07,SKG,10.06,10.37,10.06,10.24,356400,KBS,2026-10-09T04:38:02Z
2025-02-10,SKG,10.1,10.24,10.06,10.14,117000,KBS,2026-10-09T04:38:02Z
2025-02-11,SKG,10.14,10.14,10.06,10.14,94700,KBS,2026-10-09T04:38:02Z
2025-02-12,SKG,10.14,10.51,10.14,10.46,809800,KBS,2026-10-09T04:38:02Z
2025-02-13,SKG,10.51,10.51,10.32,10.46,174500,KBS,2026-10-09T04:38:02Z
2025-02-14,SKG,10.51,10.55,10.37,10.55,151200,KBS,2026-10-09T04:38:02Z
2025-02-17,SKG,10.55,10.87,10.55,10.69,389100,KBS,2026-10-09T04:38:02Z
2025-02-18,SKG,10.82,10.82,10.51,10.55,178300,KBS,2026-10-09T04:38:02Z
2025-02-19,SKG,10.55,10.64,10.42,10.51,342000,KBS,2026-10-09T04:38:02Z
2025-02-20,SKG,10.51,10.55,10.1,10.51,954600,KBS,2026-10-09T04:38:02Z
2025-02-21,SKG,10.32,10.55,10.28,10.46,145400,KBS,2026-10-09T04:38:02Z
2025-02-24,SKG,10.46,10.46,10.28,10.32,234400,KBS,2026-10-09T04:38:02Z
2025-02-25,SKG,10.64,10.64,10.37,10.46,172800,KBS,2026-10-09T04:38:02Z
2025-02-26,SKG,10.46,10.55,10.32,10.42,123000,KBS,2026-10-09T04:38:02Z
2025-02-27,SKG,10.42,10.69,10.28,10.69,677300,KBS,2026-10-09T04:38:02Z
2025-02-28,SKG,10.78,11.0,10.73,11.0,1089300,KBS,2026-10-09T04:38:02Z
2025-03-03,SKG,11.18,11.45,11.05,11.45,712100,KBS,2026-10-09T04:38:02Z
2025-03-04,SKG,11.45,11.68,11.36,11.59,843900,KBS,2026-10-09T04:38:02Z
2025-03-05,SKG,11.68,11.68,11.23,11.23,757000,KBS,2026-10-09T04:38:02Z
2025-03-06,SKG,11.18,11.41,11.18,11.41,339400,KBS,2026-10-09T04:38:02Z
2025-03-07,SKG,11.45,11.5,11.23,11.41,464300,KBS,2026-10-09T04:38:02Z
2025-03-10,SKG,11.41,11.54,11.09,11.45,574300,KBS,2026-10-09T04:38:02Z
2025-03-11,SKG,11.14,11.41,11.14,11.36,328900,KBS,2026-10-09T04:38:02Z
2025-03-12,SKG,11.36,11.36,11.0,11.23,585200,KBS,2026-10-09T04:38:02Z
2025-03-13,SKG,11.27,11.27,10.78,10.78,684500,KBS,2026-10-09T04:38:02Z
2025-03-14,SKG,10.82,11.09,10.37,10.69,497700,KBS,2026-10-09T04:38:02Z
2025-03-17,SKG,10.87,10.87,10.6,10.73,273900,KBS,2026-10-09T04:38:02Z
2025-03-18,SKG,10.82,10.82,10.6,10.64,234700,KBS,2026-10-09T04:38:02Z
2025-03-19,SKG,10.82,10.82,10.55,10.64,110300,KBS,2026-10-09T04:38:02Z
2025-03-20,SKG,10.73,10.73,10.46,10.51,394900,KBS,2026-10-09T04:38:02Z
2025-03-21,SKG,10.51,10.64,10.42,10.64,281000,KBS,2026-10-09T04:38:02Z
2025-03-24,SKG,10.64,10.78,10.55,10.73,139000,KBS,2026-10-09T04:38:02Z
2025-03-25,SKG,10.73,10.82,10.64,10.73,171500,KBS,2026-10-09T04:38:02Z
2025-03-26,SKG,10.82,11.14,10.73,11.05,631400,KBS,2026-10-09T04:38:02Z
2025-03-27,SKG,11.18,11.18,10.91,11.05,127900,KBS,2026-10-09T04:38:02Z
2025-03-28,SKG,11.0,11.09,10.87,10.91,312200,KBS,2026-10-09T04:38:02Z
2025-03-31,SKG,10.78,10.96,10.64,10.82,256000,KBS,2026-10-09T04:38:02Z
2025-04-01,SKG,10.82,10.87,10.64,10.82,134400,KBS,2026-10-09T04:38:02Z
2025-04-02,SKG,10.78,10.87,10.69,10.73,127600,KBS,2026-10-09T04:38:02Z
2025-04-03,SKG,10.42,10.46,10.01,10.01,896600,KBS,2026-10-09T04:38:02Z
2025-04-04,SKG,9.33,9.92,9.33,9.33,892100,KBS,2026-10-09T04:38:02Z
2025-04-08,SKG,8.78,9.11,8.68,8.68,476800,KBS,2026-10-09T04:38:02Z
2025-04-09,SKG,8.08,8.3,8.08,8.08,947700,KBS,2026-10-09T04:38:02Z
2025-04-10,SKG,8.64,8.64,8.64,8.64,71800,KBS,2026-10-09T04:38:02Z
2025-04-11,SKG,8.64,9.02,8.64,8.96,584800,KBS,2026-10-09T04:38:02Z
2025-04-14,SKG,8.96,9.11,8.94,9.11,259600,KBS,2026-10-09T04:38:02Z
2025-04-15,SKG,9.11,9.11,8.96,9.02,173800,KBS,2026-10-09T04:38:02Z
2025-04-16,SKG,8.95,9.38,8.95,9.15,377000,KBS,2026-10-09T04:38:02Z
2025-04-17,SKG,8.98,9.15,8.98,9.15,92400,KBS,2026-10-09T04:38:02Z
2025-04-18,SKG,9.24,9.42,9.06,9.38,263100,KBS,2026-10-09T04:38:02Z
2025-04-21,SKG,9.38,9.38,9.15,9.29,110800,KBS,2026-10-09T04:38:02Z
2025-04-22,SKG,9.29,9.29,8.64,8.94,528300,KBS,2026-10-09T04:38:02Z
2025-04-23,SKG,9.2,9.2,8.96,9.11,181400,KBS,2026-10-09T04:38:02Z
2025-04-24,SKG,9.15,9.2,9.02,9.02,309400,KBS,2026-10-09T04:38:02Z
2025-04-25,SKG,9.2,9.2,9.06,9.11,152700,KBS,2026-10-09T04:38:02Z
2025-04-28,SKG,9.11,9.2,9.02,9.2,102500,KBS,2026-10-09T04:38:02Z
2025-04-29,SKG,9.2,9.29,9.06,9.24,237300,KBS,2026-10-09T04:38:02Z
2025-05-05,SKG,9.24,9.38,9.2,9.24,215200,KBS,2026-10-09T04:38:02Z
2025-05-06,SKG,9.29,9.42,9.29,9.33,178700,KBS,2026-10-09T04:38:02Z
2025-05-07,SKG,9.29,9.38,9.2,9.33,146500,KBS,2026-10-09T04:38:02Z
2025-05-08,SKG,9.38,9.38,9.24,9.33,106400,KBS,2026-10-09T04:38:02Z
2025-05-09,SKG,9.33,9.88,8.95,9.74,791300,KBS,2026-10-09T04:38:02Z
2025-05-12,SKG,9.92,9.92,9.65,9.74,234600,KBS,2026-10-09T04:38:02Z
2025-05-13,SKG,9.83,9.88,9.74,9.78,195700,KBS,2026-10-09T04:38:02Z
2025-05-14,SKG,9.88,10.01,9.78,9.88,314200,KBS,2026-10-09T04:38:02Z
2025-05-15,SKG,9.96,10.01,9.74,9.83,184900,KBS,2026-10-09T04:38:02Z
2025-05-16,SKG,9.83,9.92,9.65,9.65,205400,KBS,2026-10-09T04:38:02Z
2025-05-19,SKG,9.65,9.92,9.65,9.88,259200,KBS,2026-10-09T04:38:02Z
2025-05-20,SKG,9.92,10.19,9.83,9.83,370100,KBS,2026-10-09T04:38:02Z
2025-05-21,SKG,9.83,9.96,9.65,9.74,312600,KBS,2026-10-09T04:38:02Z
2025-05-22,SKG,9.74,9.78,9.65,9.69,174500,KBS,2026-10-09T04:38:02Z
2025-05-23,SKG,9.74,9.74,9.69,9.74,108300,KBS,2026-10-09T04:38:02Z
2025-05-26,SKG,9.83,9.92,9.29,9.88,270700,KBS,2026-10-09T04:38:02Z
2025-05-27,SKG,10.02,10.02,9.83,9.88,325500,KBS,2026-10-09T04:38:02Z
2025-05-28,SKG,9.92,9.92,9.83,9.88,246300,KBS,2026-10-09T04:38:02Z
2025-05-29,SKG,9.83,9.88,9.73,9.83,185300,KBS,2026-10-09T04:38:02Z
2025-05-30,SKG,9.69,9.83,9.64,9.78,179900,KBS,2026-10-09T04:38:02Z
2025-06-02,SKG,9.73,9.78,9.59,9.78,143800,KBS,2026-10-09T04:38:02Z
2025-06-03,SKG,9.83,10.16,9.83,9.97,436400,KBS,2026-10-09T04:38:02Z
2025-06-04,SKG,10.11,10.11,9.83,10.02,135400,KBS,2026-10-09T04:38:02Z
2025-06-05,SKG,9.92,10.02,9.83,10.02,167000,KBS,2026-10-09T04:38:02Z
2025-06-06,SKG,10.06,10.39,10.02,10.2,499800,KBS,2026-10-09T04:38:02Z
2025-06-09,SKG,10.02,10.3,9.92,9.97,210300,KBS,2026-10-09T04:38:02Z
2025-06-10,SKG,10.11,10.2,9.97,10.06,267800,KBS,2026-10-09T04:38:02Z
2025-06-11,SKG,10.06,10.11,9.92,9.97,127300,KBS,2026-10-09T04:38:02Z
2025-06-12,SKG,9.97,10.06,9.88,9.97,117700,KBS,2026-10-09T04:38:02Z
2025-06-13,SKG,9.88,10.02,9.69,9.83,323200,KBS,2026-10-09T04:38:02Z
2025-06-16,SKG,9.78,9.92,9.73,9.83,129900,KBS,2026-10-09T04:38:02Z
2025-06-17,SKG,9.88,9.92,9.78,9.78,136300,KBS,2026-10-09T04:38:02Z
2025-06-18,SKG,9.78,9.88,9.73,9.83,263500,KBS,2026-10-09T04:38:02Z
2025-06-19,SKG,9.83,9.83,9.73,9.83,90900,KBS,2026-10-09T04:38:02Z
2025-06-20,SKG,9.73,9.83,9.69,9.83,159300,KBS,2026-10-09T04:38:02Z
2025-06-23,SKG,9.73,9.83,9.59,9.69,338700,KBS,2026-10-09T04:38:02Z
2025-06-24,SKG,9.73,9.78,9.69,9.73,260200,KBS,2026-10-09T04:38:02Z
2025-06-25,SKG,9.73,9.73,9.64,9.64,200300,KBS,2026-10-09T04:38:02Z
2025-06-26,SKG,9.54,9.73,9.54,9.69,117100,KBS,2026-10-09T04:38:02Z
2025-06-27,SKG,9.64,9.69,9.59,9.69,94300,KBS,2026-10-09T04:38:02Z
2025-06-30,SKG,9.73,9.73,9.59,9.69,176200,KBS,2026-10-09T04:38:02Z
2025-07-01,SKG,9.64,9.64,9.54,9.64,115300,KBS,2026-10-09T04:38:02Z
2025-07-02,SKG,9.59,9.64,9.54,9.64,101200,KBS,2026-10-09T04:38:02Z
2025-07-03,SKG,9.64,9.83,9.54,9.73,306700,KBS,2026-10-09T04:38:02Z
2025-07-04,SKG,9.69,9.83,9.69,9.73,146000,KBS,2026-10-09T04:38:02Z
2025-07-07,SKG,9.83,9.88,9.73,9.78,120800,KBS,2026-10-09T04:38:02Z
2025-07-08,SKG,9.88,9.88,9.73,9.83,164200,KBS,2026-10-09T04:38:02Z
2025-07-09,SKG,9.88,9.88,9.78,9.78,349700,KBS,2026-10-09T04:38:02Z
2025-07-10,SKG,9.78,9.88,9.73,9.88,293700,KBS,2026-10-09T04:38:02Z
2025-07-11,SKG,9.88,10.16,9.88,9.97,340300,KBS,2026-10-09T04:38:02Z
2025-07-14,SKG,10.06,10.11,9.88,10.11,329100,KBS,2026-10-09T04:38:02Z
2025-07-15,SKG,10.11,10.49,10.02,10.2,616300,KBS,2026-10-09T04:38:02Z
2025-07-16,SKG,10.39,10.39,10.16,10.25,215200,KBS,2026-10-09T04:38:02Z
2025-07-17,SKG,10.35,10.35,10.16,10.25,307700,KBS,2026-10-09T04:38:02Z
2025-07-18,SKG,10.3,10.3,9.92,10.11,372800,KBS,2026-10-09T04:38:02Z
2025-07-21,SKG,10.35,10.35,10.06,10.11,350100,KBS,2026-10-09T04:38:02Z
2025-07-22,SKG,10.06,10.25,10.06,10.06,481700,KBS,2026-10-09T04:38:02Z
2025-07-23,SKG,10.2,10.35,10.16,10.25,469300,KBS,2026-10-09T04:38:02Z
2025-07-24,SKG,10.3,10.49,10.3,10.49,645800,KBS,2026-10-09T04:38:02Z
2025-07-25,SKG,10.77,10.77,10.49,10.54,471600,KBS,2026-10-09T04:38:02Z
2025-07-28,SKG,10.87,11.2,10.77,11.01,989500,KBS,2026-10-09T04:38:02Z
2025-07-29,SKG,11.24,11.24,10.44,10.44,858300,KBS,2026-10-09T04:38:02Z
2025-07-30,SKG,10.49,10.72,10.39,10.54,312700,KBS,2026-10-09T04:38:02Z
2025-07-31,SKG,10.54,10.72,10.44,10.63,360000,KBS,2026-10-09T04:38:02Z
2025-08-01,SKG,10.63,10.63,10.39,10.44,439600,KBS,2026-10-09T04:38:02Z
2025-08-04,SKG,10.49,11.01,10.49,10.87,665700,KBS,2026-10-09T04:38:02Z
2025-08-05,SKG,10.96,11.01,10.44,10.87,830200,KBS,2026-10-09T04:38:02Z
2025-08-06,SKG,10.87,10.87,10.72,10.77,326200,KBS,2026-10-09T04:38:02Z
2025-08-07,SKG,10.68,10.87,10.68,10.87,345700,KBS,2026-10-09T04:38:02Z
2025-08-08,SKG,10.87,10.87,10.68,10.87,291500,KBS,2026-10-09T04:38:02Z
2025-08-11,SKG,10.96,11.24,10.82,11.1,823300,KBS,2026-10-09T04:38:02Z
2025-08-12,SKG,11.2,11.2,10.87,11.01,701800,KBS,2026-10-09T04:38:02Z
2025-08-13,SKG,11.01,11.1,10.77,10.96,471600,KBS,2026-10-09T04:38:02Z
2025-08-14,SKG,11.01,11.06,10.82,10.96,661200,KBS,2026-10-09T04:38:02Z
2025-08-15,SKG,10.96,10.96,10.72,10.72,468800,KBS,2026-10-09T04:38:02Z
2025-08-18,SKG,10.68,10.77,10.63,10.77,370200,KBS,2026-10-09T04:38:02Z
2025-08-19,SKG,10.91,11.24,10.77,11.2,881200,KBS,2026-10-09T04:38:02Z
2025-08-20,SKG,11.2,11.2,10.68,11.01,479300,KBS,2026-10-09T04:38:02Z
2025-08-21,SKG,11.01,11.01,10.63,10.77,374900,KBS,2026-10-09T04:38:02Z
2025-08-22,SKG,10.72,10.72,10.2,10.49,855700,KBS,2026-10-09T04:38:02Z
2025-08-25,SKG,10.49,10.58,10.25,10.3,120300,KBS,2026-10-09T04:38:02Z
2025-08-26,SKG,10.3,10.49,10.25,10.49,138700,KBS,2026-10-09T04:38:02Z
2025-08-27,SKG,10.49,10.77,10.35,10.49,215300,KBS,2026-10-09T04:38:02Z
2025-08-28,SKG,10.63,10.63,10.44,10.58,86400,KBS,2026-10-09T04:38:02Z
2025-08-29,SKG,10.68,10.68,10.49,10.63,112000,KBS,2026-10-09T04:38:02Z
2025-09-03,SKG,10.63,10.63,10.49,10.58,162000,KBS,2026-10-09T04:38:02Z
2025-09-04,SKG,10.58,10.72,10.58,10.63,198100,KBS,2026-10-09T04:38:02Z
2025-09-05,SKG,10.63,10.77,10.49,10.54,270200,KBS,2026-10-09T04:38:02Z
2025-09-08,SKG,10.58,10.58,10.3,10.39,356200,KBS,2026-10-09T04:38:02Z
2025-09-09,SKG,10.49,10.49,10.25,10.35,183600,KBS,2026-10-09T04:38:02Z
2025-09-10,SKG,10.49,10.49,10.2,10.39,197000,KBS,2026-10-09T04:38:02Z
2025-09-11,SKG,10.3,10.39,10.11,10.39,204900,KBS,2026-10-09T04:38:02Z
2025-09-12,SKG,10.35,10.49,10.3,10.44,157200,KBS,2026-10-09T04:38:02Z
2025-09-15,SKG,10.54,10.54,10.3,10.44,113500,KBS,2026-10-09T04:38:02Z
2025-09-16,SKG,10.39,10.49,10.3,10.39,198900,KBS,2026-10-09T04:38:02Z
2025-09-17,SKG,10.39,10.44,10.3,10.39,92700,KBS,2026-10-09T04:38:02Z
2025-09-18,SKG,10.39,10.39,10.2,10.35,120100,KBS,2026-10-09T04:38:02Z
2025-09-19,SKG,10.35,10.87,10.35,10.58,256000,KBS,2026-10-09T04:38:02Z
2025-09-22,SKG,10.68,10.68,10.35,10.44,114000,KBS,2026-10-09T04:38:02Z
2025-09-23,SKG,10.35,10.54,10.3,10.44,79900,KBS,2026-10-09T04:38:02Z
2025-09-24,SKG,10.39,10.44,10.25,10.39,118600,KBS,2026-10-09T04:38:02Z
2025-09-25,SKG,10.49,10.49,10.25,10.39,139300,KBS,2026-10-09T04:38:02Z
2025-09-26,SKG,10.39,10.44,10.2,10.39,150500,KBS,2026-10-09T04:38:02Z
2025-09-29,SKG,10.39,10.39,10.11,10.3,188900,KBS,2026-10-09T04:38:02Z
2025-09-30,SKG,10.25,10.3,10.11,10.25,165700,KBS,2026-10-09T04:38:02Z
2025-10-01,SKG,10.2,10.25,10.16,10.25,59900,KBS,2026-10-09T04:38:02Z
2025-10-02,SKG,10.25,10.3,10.11,10.2,105000,KBS,2026-10-09T04:38:02Z
2025-10-03,SKG,10.16,10.25,10.02,10.02,269700,KBS,2026-10-09T04:38:02Z
2025-10-06,SKG,10.11,10.35,10.11,10.25,72400,KBS,2026-10-09T04:38:02Z
2025-10-07,SKG,10.25,10.25,10.11,10.2,72800,KBS,2026-10-09T04:38:02Z
2025-10-08,SKG,10.3,10.3,10.16,10.25,58000,KBS,2026-10-09T04:38:02Z
2025-10-09,SKG,10.16,10.3,10.11,10.25,35100,KBS,2026-10-09T04:38:02Z
2025-10-10,SKG,10.25,10.3,10.16,10.25,98400,KBS,2026-10-09T04:38:02Z
2025-10-13,SKG,10.16,10.2,10.16,10.2,50300,KBS,2026-10-09T04:38:02Z
2025-10-14,SKG,10.11,10.25,9.97,10.02,251900,KBS,2026-10-09T04:38:02Z
2025-10-15,SKG,10.02,10.02,9.88,10.02,79200,KBS,2026-10-09T04:38:02Z
2025-10-16,SKG,9.88,9.97,9.83,9.92,72700,KBS,2026-10-09T04:38:02Z
2025-10-17,SKG,10.06,10.06,9.78,9.83,71000,KBS,2026-10-09T04:38:02Z
2025-10-20,SKG,9.97,10.06,9.45,9.45,143300,KBS,2026-10-09T04:38:02Z
2025-10-21,SKG,9.59,9.64,9.44,9.54,146300,KBS,2026-10-09T04:38:02Z
2025-10-22,SKG,9.69,9.69,9.45,9.64,86500,KBS,2026-10-09T04:38:02Z
2025-10-23,SKG,9.64,9.92,9.54,9.54,51400,KBS,2026-10-09T04:38:02Z
2025-10-24,SKG,9.73,9.73,9.5,9.54,48500,KBS,2026-10-09T04:38:02Z
2025-10-27,SKG,9.54,9.92,9.54,9.73,113800,KBS,2026-10-09T04:38:02Z
2025-10-28,SKG,9.64,9.73,9.5,9.73,29900,KBS,2026-10-09T04:38:02Z
2025-10-29,SKG,9.64,9.88,9.59,9.83,105500,KBS,2026-10-09T04:38:02Z
2025-10-30,SKG,9.83,9.88,9.78,9.83,46500,KBS,2026-10-09T04:38:02Z
2025-10-31,SKG,9.83,9.83,9.69,9.83,67400,KBS,2026-10-09T04:38:02Z
2025-11-03,SKG,9.73,9.73,9.59,9.59,87300,KBS,2026-10-09T04:38:02Z
2025-11-04,SKG,9.59,9.69,9.45,9.64,152500,KBS,2026-10-09T04:38:02Z
2025-11-05,SKG,9.64,9.69,9.45,9.45,117300,KBS,2026-10-09T04:38:02Z
2025-11-06,SKG,9.5,9.78,9.45,9.54,192700,KBS,2026-10-09T04:38:02Z
2025-11-07,SKG,9.64,9.64,9.5,9.59,16600,KBS,2026-10-09T04:38:02Z
2025-11-10,SKG,9.64,9.69,9.45,9.5,45700,KBS,2026-10-09T04:38:02Z
2025-11-11,SKG,9.54,9.64,9.4,9.64,54500,KBS,2026-10-09T04:38:02Z
2025-11-12,SKG,9.59,9.64,9.54,9.64,17000,KBS,2026-10-09T04:38:02Z
2025-11-13,SKG,9.64,9.69,9.54,9.64,26000,KBS,2026-10-09T04:38:02Z
2025-11-14,SKG,9.64,9.69,9.64,9.69,33800,KBS,2026-10-09T04:38:02Z
2025-11-17,SKG,9.73,9.73,9.64,9.69,47700,KBS,2026-10-09T04:38:02Z
2025-11-18,SKG,9.69,9.69,9.59,9.69,38900,KBS,2026-10-09T04:38:02Z
2025-11-19,SKG,9.64,9.69,9.38,9.59,81100,KBS,2026-10-09T04:38:02Z
2025-11-20,SKG,9.59,9.59,9.4,9.59,40400,KBS,2026-10-09T04:38:02Z
2025-11-21,SKG,9.54,9.59,9.45,9.54,28900,KBS,2026-10-09T04:38:02Z
2025-11-24,SKG,9.54,9.59,9.45,9.54,60400,KBS,2026-10-09T04:38:02Z
2025-11-25,SKG,9.5,9.54,9.45,9.54,45800,KBS,2026-10-09T04:38:02Z
2025-11-26,SKG,9.54,9.54,9.43,9.54,93700,KBS,2026-10-09T04:38:02Z
2025-11-27,SKG,9.54,9.54,9.43,9.5,47400,KBS,2026-10-09T04:38:02Z
2025-11-28,SKG,9.44,9.54,9.44,9.5,18900,KBS,2026-10-09T04:38:02Z
2025-12-01,SKG,9.54,9.54,9.44,9.45,46800,KBS,2026-10-09T04:38:02Z
2025-12-02,SKG,9.54,9.59,9.36,9.54,53700,KBS,2026-10-09T04:38:02Z
2025-12-03,SKG,9.64,9.69,9.5,9.54,86700,KBS,2026-10-09T04:38:02Z
2025-12-04,SKG,9.54,9.78,9.45,9.78,312500,KBS,2026-10-09T04:38:02Z
2025-12-05,SKG,9.83,9.88,9.59,9.83,294300,KBS,2026-10-09T04:38:02Z
2025-12-08,SKG,9.83,9.83,9.59,9.78,86800,KBS,2026-10-09T04:38:02Z
2025-12-09,SKG,9.78,9.78,9.54,9.73,77200,KBS,2026-10-09T04:38:02Z
2025-12-10,SKG,9.73,9.73,9.59,9.59,57700,KBS,2026-10-09T04:38:02Z
2025-12-11,SKG,9.69,9.69,9.54,9.64,40700,KBS,2026-10-09T04:38:02Z
2025-12-12,SKG,9.64,9.69,9.45,9.45,95100,KBS,2026-10-09T04:38:02Z
2025-12-15,SKG,9.45,9.54,9.45,9.54,47500,KBS,2026-10-09T04:38:02Z
2025-12-16,SKG,9.64,9.64,9.45,9.45,34500,KBS,2026-10-09T04:38:02Z
2025-12-17,SKG,9.54,9.54,9.45,9.54,115800,KBS,2026-10-09T04:38:02Z
2025-12-18,SKG,9.54,9.54,9.45,9.54,25700,KBS,2026-10-09T04:38:02Z
2025-12-19,SKG,9.54,9.54,9.45,9.54,41900,KBS,2026-10-09T04:38:02Z
2025-12-22,SKG,9.54,9.59,9.5,9.54,27000,KBS,2026-10-09T04:38:02Z
2025-12-23,SKG,9.54,9.54,9.45,9.54,68300,KBS,2026-10-09T04:38:02Z
2025-12-24,SKG,9.45,9.54,9.45,9.45,48000,KBS,2026-10-09T04:38:02Z
2025-12-25,SKG,9.45,9.5,9.44,9.44,40900,KBS,2026-10-09T04:38:02Z
2025-12-26,SKG,9.44,9.45,9.39,9.44,107800,KBS,2026-10-09T04:38:02Z
2025-12-29,SKG,9.44,9.45,9.43,9.45,53200,KBS,2026-10-09T04:38:02Z
2025-12-30,SKG,9.45,9.45,9.45,9.45,22400,KBS,2026-10-09T04:38:02Z
2025-12-31,SKG,9.54,9.54,9.4,9.45,56500,KBS,2026-10-09T04:38:02Z
2026-01-05,SKG,9.45,9.5,9.4,9.45,63200,KBS,2026-10-09T04:38:02Z
2026-01-06,SKG,9.45,9.45,9.41,9.45,41200,KBS,2026-10-09T04:38:02Z
2026-01-07,SKG,9.45,9.54,9.43,9.5,222600,KBS,2026-10-09T04:38:02Z
2026-01-08,SKG,9.5,9.54,9.41,9.5,79600,KBS,2026-10-09T04:38:02Z
2026-01-09,SKG,9.5,9.5,9.41,9.45,115600,KBS,2026-10-09T04:38:02Z
2026-01-12,SKG,9.45,9.54,9.45,9.54,213400,KBS,2026-10-09T04:38:02Z
2026-01-13,SKG,9.54,10.2,9.5,10.2,699000,KBS,2026-10-09T04:38:02Z
2026-01-14,SKG,10.63,10.63,10.2,10.3,264300,KBS,2026-10-09T04:38:02Z
2026-01-15,SKG,10.3,10.3,10.06,10.25,291600,KBS,2026-10-09T04:38:02Z
2026-01-16,SKG,10.25,10.3,10.11,10.16,90000,KBS,2026-10-09T04:38:02Z
2026-01-19,SKG,10.16,10.3,10.16,10.25,114200,KBS,2026-10-09T04:38:02Z
2026-01-20,SKG,10.25,10.3,9.54,9.54,656900,KBS,2026-10-09T04:38:02Z
2026-01-21,SKG,9.54,9.54,9.43,9.54,242200,KBS,2026-10-09T04:38:02Z
2026-01-22,SKG,9.54,9.83,9.54,9.69,293200,KBS,2026-10-09T04:38:02Z
2026-01-23,SKG,9.69,9.78,9.59,9.59,90600,KBS,2026-10-09T04:38:02Z
2026-01-26,SKG,9.73,9.73,9.45,9.54,89900,KBS,2026-10-09T04:38:02Z
2026-01-27,SKG,9.54,9.64,9.45,9.54,30700,KBS,2026-10-09T04:38:02Z
2026-01-28,SKG,9.54,9.54,9.43,9.45,100900,KBS,2026-10-09T04:38:02Z
2026-01-29,SKG,9.45,9.54,9.45,9.54,56500,KBS,2026-10-09T04:38:02Z
2026-01-30,SKG,9.54,9.92,9.45,9.64,527000,KBS,2026-10-09T04:38:02Z
2026-02-02,SKG,9.59,9.73,9.54,9.64,19300,KBS,2026-10-09T04:38:02Z
2026-02-03,SKG,9.64,9.64,9.45,9.54,137600,KBS,2026-10-09T04:38:02Z
2026-02-04,SKG,9.54,9.54,9.45,9.54,69400,KBS,2026-10-09T04:38:02Z
2026-02-05,SKG,9.54,9.64,9.45,9.54,79300,KBS,2026-10-09T04:38:02Z
2026-02-06,SKG,9.45,9.54,9.43,9.5,78600,KBS,2026-10-09T04:38:02Z
2026-02-09,SKG,9.5,9.59,9.45,9.5,84400,KBS,2026-10-09T04:38:02Z
2026-02-10,SKG,9.5,9.54,9.45,9.5,88300,KBS,2026-10-09T04:38:02Z
2026-02-11,SKG,9.5,9.54,9.45,9.5,33300,KBS,2026-10-09T04:38:02Z
2026-02-12,SKG,9.5,9.5,9.45,9.45,53400,KBS,2026-10-09T04:38:02Z
2026-02-13,SKG,9.44,9.59,9.44,9.59,37800,KBS,2026-10-09T04:38:02Z
2026-02-23,SKG,9.59,9.64,9.54,9.59,77100,KBS,2026-10-09T04:38:02Z
2026-02-24,SKG,9.64,9.73,9.59,9.64,201400,KBS,2026-10-09T04:38:02Z
2026-02-25,SKG,9.59,9.69,9.5,9.54,128100,KBS,2026-10-09T04:38:02Z
2026-02-26,SKG,9.59,9.64,9.5,9.59,208900,KBS,2026-10-09T04:38:02Z
2026-02-27,SKG,9.64,9.69,9.54,9.64,78100,KBS,2026-10-09T04:38:02Z
2026-03-02,SKG,9.45,9.54,9.36,9.45,195400,KBS,2026-10-09T04:38:02Z
2026-03-03,SKG,9.45,9.54,9.43,9.45,147800,KBS,2026-10-09T04:38:02Z
2026-03-04,SKG,9.45,9.45,9.39,9.45,116700,KBS,2026-10-09T04:38:02Z
2026-03-05,SKG,9.36,9.59,9.36,9.44,120900,KBS,2026-10-09T04:38:02Z
2026-03-06,SKG,9.41,9.44,9.34,9.42,132600,KBS,2026-10-09T04:38:02Z
2026-03-09,SKG,8.77,9.07,8.77,8.77,341800,KBS,2026-10-09T04:38:02Z
2026-03-10,SKG,8.79,8.93,8.6,8.77,364400,KBS,2026-10-09T04:38:02Z
2026-03-11,SKG,8.79,8.97,8.77,8.94,128400,KBS,2026-10-09T04:38:02Z
2026-03-12,SKG,8.89,9.05,8.79,8.98,49300,KBS,2026-10-09T04:38:02Z
2026-03-13,SKG,8.93,9.02,8.8,8.95,40000,KBS,2026-10-09T04:38:02Z
2026-03-16,SKG,8.95,8.95,8.79,8.88,171400,KBS,2026-10-09T04:38:02Z
2026-03-17,SKG,8.88,8.98,8.87,8.96,89600,KBS,2026-10-09T04:38:02Z
2026-03-18,SKG,9.02,9.02,8.85,8.88,40000,KBS,2026-10-09T04:38:02Z
2026-03-19,SKG,8.79,8.8,8.65,8.74,110400,KBS,2026-10-09T04:38:02Z
2026-03-20,SKG,8.62,8.83,8.62,8.69,67400,KBS,2026-10-09T04:38:02Z
2026-03-23,SKG,8.69,8.79,8.5,8.54,185200,KBS,2026-10-09T04:38:02Z
2026-03-24,SKG,8.54,8.69,8.5,8.58,71900,KBS,2026-10-09T04:38:02Z
2026-03-25,SKG,8.6,8.65,8.57,8.63,46400,KBS,2026-10-09T04:38:02Z
2026-03-26,SKG,8.63,8.86,8.63,8.74,37100,KBS,2026-10-09T04:38:02Z
2026-03-27,SKG,8.63,8.77,8.63,8.75,21700,KBS,2026-10-09T04:38:02Z
2026-03-30,SKG,8.65,8.68,8.5,8.66,130100,KBS,2026-10-09T04:38:02Z
2026-03-31,SKG,8.61,8.74,8.59,8.73,125900,KBS,2026-10-09T04:38:02Z
2026-04-01,SKG,8.73,8.92,8.69,8.71,29400,KBS,2026-10-09T04:38:02Z
2026-04-02,SKG,8.79,8.79,8.57,8.65,28500,KBS,2026-10-09T04:38:02Z
2026-04-03,SKG,8.65,8.69,8.55,8.65,49000,KBS,2026-10-09T04:38:02Z
2026-04-06,SKG,8.78,8.78,8.58,8.63,16100,KBS,2026-10-09T04:38:02Z
2026-04-07,SKG,8.57,8.76,8.5,8.63,46300,KBS,2026-10-09T04:38:02Z
2026-04-08,SKG,8.74,8.79,8.66,8.76,115300,KBS,2026-10-09T04:38:02Z
2026-04-09,SKG,8.56,8.83,8.55,8.74,53500,KBS,2026-10-09T04:38:02Z
2026-04-10,SKG,8.74,8.83,8.71,8.83,90400,KBS,2026-10-09T04:38:02Z
2026-04-13,SKG,8.69,8.85,8.69,8.83,20300,KBS,2026-10-09T04:38:02Z
2026-04-14,SKG,8.85,8.85,8.74,8.81,27900,KBS,2026-10-09T04:38:02Z
2026-04-15,SKG,8.81,8.83,8.73,8.78,45700,KBS,2026-10-09T04:38:02Z
2026-04-16,SKG,8.78,8.78,8.7,8.75,18600,KBS,2026-10-09T04:38:02Z
2026-04-17,SKG,8.73,8.79,8.54,8.79,153700,KBS,2026-10-09T04:38:02Z
2026-04-20,SKG,8.79,9.06,8.79,8.93,118100,KBS,2026-10-09T04:38:02Z
2026-04-21,SKG,8.93,8.93,8.82,8.9,29000,KBS,2026-10-09T04:38:02Z
2026-04-22,SKG,8.9,8.93,8.79,8.88,100700,KBS,2026-10-09T04:38:02Z
2026-04-23,SKG,8.93,9.11,8.92,9.09,115800,KBS,2026-10-09T04:38:02Z
2026-04-24,SKG,9.08,9.11,9.0,9.07,105800,KBS,2026-10-09T04:38:02Z
2026-04-28,SKG,9.07,9.07,8.94,9.03,102100,KBS,2026-10-09T04:38:02Z
2026-04-29,SKG,8.94,9.03,8.79,9.02,61100,KBS,2026-10-09T04:38:02Z
2026-05-04,SKG,9.02,9.11,9.0,9.11,67200,KBS,2026-10-09T04:38:02Z
2026-05-05,SKG,9.07,9.17,9.02,9.17,151900,KBS,2026-10-09T04:38:02Z
2026-05-06,SKG,9.16,9.16,9.09,9.15,63700,KBS,2026-10-09T04:38:02Z
2026-05-07,SKG,9.14,9.14,9.1,9.13,176700,KBS,2026-10-09T04:38:02Z
2026-05-08,SKG,9.14,9.14,8.98,9.07,39600,KBS,2026-10-09T04:38:02Z
2026-05-11,SKG,9.12,9.12,8.92,8.98,72300,KBS,2026-10-09T04:38:02Z
2026-05-12,SKG,8.88,8.99,8.68,8.88,101500,KBS,2026-10-09T04:38:02Z
2026-05-13,SKG,8.88,8.89,8.81,8.81,53100,KBS,2026-10-09T04:38:02Z
2026-05-14,SKG,8.79,8.86,8.79,8.81,14500,KBS,2026-10-09T04:38:02Z
2026-05-15,SKG,8.82,8.88,8.79,8.84,32900,KBS,2026-10-09T04:38:02Z
2026-05-18,SKG,8.79,8.88,8.79,8.88,29100,KBS,2026-10-09T04:38:02Z
2026-05-19,SKG,8.84,8.88,8.69,8.81,41300,KBS,2026-10-09T04:38:02Z
2026-05-20,SKG,8.72,8.84,8.6,8.72,47800,KBS,2026-10-09T04:38:02Z
2026-05-21,SKG,8.73,8.78,8.55,8.72,118300,KBS,2026-10-09T04:38:02Z
2026-05-22,SKG,8.61,8.69,8.55,8.69,139800,KBS,2026-10-09T04:38:02Z
2026-05-25,SKG,8.97,8.97,8.7,8.75,20000,KBS,2026-10-09T04:38:02Z
2026-05-26,SKG,8.75,8.8,8.66,8.66,46700,KBS,2026-10-09T04:38:02Z
2026-05-27,SKG,8.6,8.76,8.6,8.67,58700,KBS,2026-10-09T04:38:02Z
2026-05-28,SKG,8.82,8.82,8.65,8.74,26300,KBS,2026-10-09T04:38:02Z
2026-05-29,SKG,8.84,8.84,8.58,8.68,27200,KBS,2026-10-09T04:38:02Z
2026-06-01,SKG,8.79,8.79,8.68,8.75,34100,KBS,2026-10-09T04:38:02Z
2026-06-02,SKG,8.78,8.78,8.55,8.68,23700,KBS,2026-10-09T04:38:02Z
2026-06-03,SKG,8.67,8.67,8.5,8.64,160700,KBS,2026-10-09T04:38:02Z
2026-06-04,SKG,8.64,8.64,8.39,8.63,198200,KBS,2026-10-09T04:38:02Z
2026-06-05,SKG,8.55,8.63,8.32,8.52,153500,KBS,2026-10-09T04:38:02Z
2026-06-08,SKG,8.41,8.54,8.32,8.49,39700,KBS,2026-10-09T04:38:02Z
2026-06-09,SKG,8.61,8.63,8.46,8.51,52300,KBS,2026-10-09T04:38:02Z
2026-06-10,SKG,8.51,8.64,8.5,8.6,40100,KBS,2026-10-09T04:38:02Z
2026-06-11,SKG,8.6,8.63,8.49,8.62,47200,KBS,2026-10-09T04:38:02Z
2026-06-12,SKG,8.62,8.64,8.5,8.58,65700,KBS,2026-10-09T04:38:02Z
2026-06-15,SKG,8.61,8.79,8.61,8.7,116900,KBS,2026-10-09T04:38:02Z
2026-06-16,SKG,8.7,8.7,8.65,8.67,23200,KBS,2026-10-09T04:38:02Z
2026-06-17,SKG,8.65,8.74,8.65,8.7,19800,KBS,2026-10-09T04:38:02Z
2026-06-18,SKG,8.68,8.8,8.68,8.7,26700,KBS,2026-10-09T04:38:02Z
2026-06-19,SKG,8.69,8.75,8.66,8.66,15100,KBS,2026-10-09T04:38:02Z
2026-06-22,SKG,8.63,8.69,8.6,8.64,23800,KBS,2026-10-09T04:38:02Z
2026-06-23,SKG,8.73,8.73,8.25,8.44,193700,KBS,2026-10-09T04:38:02Z
2026-06-24,SKG,8.44,8.44,8.36,8.4,29400,KBS,2026-10-09T04:38:02Z
2026-06-25,SKG,8.4,8.4,8.32,8.38,38500,KBS,2026-10-09T04:38:02Z
2026-06-26,SKG,8.38,8.4,8.3,8.34,16200,KBS,2026-10-09T04:38:02Z
2026-06-29,SKG,8.34,8.37,8.27,8.37,14300,KBS,2026-10-09T04:38:02Z
2026-06-30,SKG,8.39,8.39,8.33,8.36,15500,KBS,2026-10-09T04:38:02Z
2026-07-01,SKG,8.33,8.42,8.29,8.32,28100,KBS,2026-10-09T04:38:02Z
2026-07-02,SKG,8.25,8.37,8.0,8.3,114500,KBS,2026-10-09T04:38:02Z
2026-07-03,SKG,8.15,8.31,8.15,8.31,26500,KBS,2026-10-09T04:38:02Z
2026-07-06,SKG,8.3,8.45,8.3,8.31,48000,KBS,2026-10-09T04:38:02Z
2026-07-07,SKG,8.31,8.34,8.3,8.32,32600,KBS,2026-10-09T04:38:02Z
2026-07-08,SKG,8.3,8.4,8.3,8.33,27400,KBS,2026-10-09T04:38:02Z
2026-07-09,SKG,8.36,8.4,8.32,8.35,10100,KBS,2026-10-09T04:38:02Z
2026-07-10,SKG,8.3,8.39,8.29,8.39,42600,KBS,2026-10-09T04:38:02Z
2026-07-13,SKG,8.38,8.38,8.2,8.31,26700,KBS,2026-10-09T04:38:02Z
2026-07-14,SKG,8.23,8.29,8.2,8.29,6800,KBS,2026-10-09T04:38:02Z
2026-07-15,SKG,8.3,8.3,8.05,8.05,22400,KBS,2026-10-09T04:38:02Z
2026-07-16,SKG,8.05,8.31,8.03,8.19,22600,KBS,2026-10-09T04:38:02Z
2026-07-17,SKG,8.25,8.25,8.05,8.05,13000,KBS,2026-10-09T04:38:02Z
2026-07-20,SKG,8.15,8.15,7.98,8.05,56000,KBS,2026-10-09T04:38:02Z
2026-07-21,SKG,8.05,8.16,7.99,7.99,46300,KBS,2026-10-09T04:38:02Z
2026-07-22,SKG,8.0,8.01,7.85,7.95,81100,KBS,2026-10-09T04:38:02Z
2026-07-23,SKG,7.95,8.0,7.75,7.95,24700,KBS,2026-10-09T04:38:02Z
2026-07-24,SKG,7.94,7.94,7.82,7.84,11700,KBS,2026-10-09T04:38:02Z
2026-07-27,SKG,7.84,7.89,7.6,7.6,50100,KBS,2026-10-09T04:38:02Z
2026-07-28,SKG,7.51,7.6,7.5,7.58,48400,KBS,2026-10-09T04:38:02Z
2026-07-29,SKG,7.55,7.78,7.55,7.57,40200,KBS,2026-10-09T04:38:02Z
2026-07-30,SKG,7.75,7.8,7.46,7.79,49100,KBS,2026-10-09T04:38:02Z
2026-07-31,SKG,7.79,7.79,7.59,7.59,23100,KBS,2026-10-09T04:38:02Z
2026-08-03,SKG,7.59,7.7,7.57,7.6,91700,KBS,2026-10-09T04:38:02Z
2026-08-04,SKG,7.6,7.73,7.58,7.59,96600,KBS,2026-10-09T04:38:02Z
2026-08-05,SKG,7.7,7.7,7.55,7.67,70200,KBS,2026-10-09T04:38:02Z
2026-08-06,SKG,7.6,7.69,7.5,7.61,129000,KBS,2026-10-09T04:38:02Z
2026-08-07,SKG,7.58,7.66,7.55,7.55,59900,KBS,2026-10-09T04:38:02Z
2026-08-10,SKG,7.55,7.63,7.55,7.59,96500,KBS,2026-10-09T04:38:02Z
2026-08-11,SKG,7.6,7.74,7.6,7.66,106900,KBS,2026-10-09T04:38:02Z
2026-08-12,SKG,7.66,7.68,7.6,7.67,69600,KBS,2026-10-09T04:38:02Z
2026-08-13,SKG,7.69,7.7,7.55,7.61,67400,KBS,2026-10-09T04:38:02Z
2026-08-14,SKG,7.61,7.62,7.5,7.55,44500,KBS,2026-10-09T04:38:02Z
2026-08-17,SKG,7.62,7.68,7.5,7.59,87500,KBS,2026-10-09T04:38:02Z
2026-08-18,SKG,7.6,7.62,7.5,7.55,24200,KBS,2026-10-09T04:38:02Z
2026-08-19,SKG,7.52,7.6,7.52,7.57,16100,KBS,2026-10-09T04:38:02Z
2026-08-20,SKG,7.6,7.6,7.44,7.57,77700,KBS,2026-10-09T04:38:02Z
2026-08-21,SKG,7.55,7.8,7.47,7.8,69600,KBS,2026-10-09T04:38:02Z
2026-08-24,SKG,7.8,7.86,7.65,7.74,70400,KBS,2026-10-09T04:38:02Z
2026-08-25,SKG,7.69,7.75,7.67,7.74,30900,KBS,2026-10-09T04:38:02Z
2026-08-26,SKG,7.71,7.75,7.68,7.74,80600,KBS,2026-10-09T04:38:02Z
2026-08-27,SKG,7.73,7.74,7.68,7.74,25300,KBS,2026-10-09T04:38:02Z
2026-08-28,SKG,7.74,7.77,7.6,7.74,22900,KBS,2026-10-09T04:38:02Z
2026-09-03,SKG,7.55,7.7,7.55,7.68,17300,KBS,2026-10-09T04:38:02Z
2026-09-04,SKG,7.63,7.68,7.57,7.65,28000,KBS,2026-10-09T04:38:02Z
2026-09-07,SKG,7.6,7.77,7.53,7.77,41100,KBS,2026-10-09T04:38:02Z
2026-09-08,SKG,7.7,7.7,7.55,7.7,49400,KBS,2026-10-09T04:38:02Z
2026-09-09,SKG,7.54,7.63,7.54,7.6,9500,KBS,2026-10-09T04:38:02Z
2026-09-10,SKG,7.6,7.61,7.55,7.59,22000,KBS,2026-10-09T04:38:02Z
2026-09-11,SKG,7.61,7.65,7.42,7.42,104500,KBS,2026-10-09T04:38:02Z
2026-09-14,SKG,7.43,7.55,7.34,7.39,28800,KBS,2026-10-09T04:38:02Z
2026-09-15,SKG,7.42,7.44,7.32,7.36,10100,KBS,2026-10-09T04:38:02Z
2026-09-16,SKG,7.4,7.42,7.35,7.36,22100,KBS,2026-10-09T04:38:02Z
2026-09-17,SKG,7.32,7.42,7.32,7.36,11300,KBS,2026-10-09T04:38:02Z
2026-09-18,SKG,7.32,7.4,7.31,7.31,23000,KBS,2026-10-09T04:38:02Z
2026-09-21,SKG,7.31,7.4,7.3,7.3,40400,KBS,2026-10-09T04:38:02Z
2026-09-22,SKG,7.3,7.36,7.01,7.36,90900,KBS,2026-10-09T04:38:02Z
2026-09-23,SKG,7.3,7.3,7.21,7.29,25300,KBS,2026-10-09T04:38:02Z
2026-09-24,SKG,7.3,7.4,7.15,7.15,100900,KBS,2026-10-09T04:38:02Z
2026-09-25,SKG,7.34,7.34,7.23,7.29,8700,KBS,2026-10-09T04:38:02Z
2026-09-28,SKG,7.29,7.3,7.18,7.22,34300,KBS,2026-10-09T04:38:02Z
2026-09-29,SKG,7.2,7.28,7.2,7.22,7800,KBS,2026-10-09T04:38:02Z
2026-09-30,SKG,7.22,7.28,7.19,7.2,27100,KBS,2026-10-09T04:38:02Z
2026-10-01,SKG,7.2,7.27,7.11,7.12,22600,KBS,2026-10-09T04:38:02Z
2026-10-02,SKG,7.13,7.2,7.1,7.16,18000,KBS,2026-10-09T04:38:02Z
2026-10-05,SKG,7.1,7.3,7.1,7.28,40700,KBS,2026-10-09T04:38:02Z
2026-10-06,SKG,7.3,7.34,7.21,7.24,30800,KBS,2026-10-09T04:38:02Z
2026-10-07,SKG,7.3,7.32,7.17,7.24,43100,KBS,2026-10-09T04:38:02Z
2026-10-08,SKG,7.22,7.4,7.22,7.3,55700,KBS,2026-10-09T04:38:02Z
2026-10-09,SKG,7.5,7.5,7.24,7.35,29800,KBS,2026-10-09T04:38:02Z
