date,symbol,open,high,low,close,volume,source,fetched_at
2018-10-11,SNZ,7.93,9.32,7.93,9.32,1900,KBS,2026-10-09T05:27:24Z
2018-10-16,SNZ,8.01,8.01,8.01,8.01,1000,KBS,2026-10-09T05:27:24Z
2018-10-17,SNZ,8.81,8.81,8.81,8.81,100,KBS,2026-10-09T05:27:24Z
2018-10-22,SNZ,8.81,8.81,8.81,8.81,50,KBS,2026-10-09T05:27:24Z
2018-10-29,SNZ,8.15,8.15,8.01,8.01,1000,KBS,2026-10-09T05:27:24Z
2018-10-30,SNZ,8.01,8.01,8.01,8.01,2500,KBS,2026-10-09T05:27:24Z
2018-11-01,SNZ,8.81,8.81,8.81,8.81,400,KBS,2026-10-09T05:27:24Z
2018-11-05,SNZ,8.73,8.73,8.73,8.73,200,KBS,2026-10-09T05:27:24Z
2018-11-06,SNZ,8.01,8.01,8.01,8.01,500,KBS,2026-10-09T05:27:24Z
2018-11-09,SNZ,8.73,8.73,8.73,8.73,200,KBS,2026-10-09T05:27:24Z
2018-11-15,SNZ,8.08,8.08,8.08,8.08,500,KBS,2026-10-09T05:27:24Z
2018-11-29,SNZ,8.23,8.23,8.23,8.23,3000,KBS,2026-10-09T05:27:24Z
2018-11-30,SNZ,8.3,8.3,8.3,8.3,2000,KBS,2026-10-09T05:27:24Z
2018-12-06,SNZ,8.3,8.3,8.23,8.23,2000,KBS,2026-10-09T05:27:24Z
2018-12-07,SNZ,8.23,8.23,8.23,8.23,3000,KBS,2026-10-09T05:27:24Z
2018-12-10,SNZ,8.23,8.23,8.23,8.23,1500,KBS,2026-10-09T05:27:24Z
2018-12-17,SNZ,8.23,8.23,8.23,8.23,1000,KBS,2026-10-09T05:27:24Z
2018-12-18,SNZ,8.23,8.23,7.93,7.93,2400,KBS,2026-10-09T05:27:24Z
2018-12-19,SNZ,8.23,8.23,8.23,8.23,1100,KBS,2026-10-09T05:27:24Z
2018-12-20,SNZ,8.6,8.6,8.6,8.6,400,KBS,2026-10-09T05:27:24Z
2019-01-07,SNZ,8.6,8.6,8.6,8.6,200,KBS,2026-10-09T05:27:24Z
2019-01-11,SNZ,7.85,8.6,7.85,8.6,2500,KBS,2026-10-09T05:27:24Z
2019-01-14,SNZ,8.6,8.6,8.6,8.6,4800,KBS,2026-10-09T05:27:24Z
2019-01-15,SNZ,8.6,8.98,8.6,8.98,1500,KBS,2026-10-09T05:27:24Z
2019-01-17,SNZ,8.23,8.98,8.15,8.98,900,KBS,2026-10-09T05:27:24Z
2019-01-23,SNZ,8.98,8.98,8.98,8.98,1200,KBS,2026-10-09T05:27:24Z
2019-01-24,SNZ,8.98,8.98,8.83,8.83,2000,KBS,2026-10-09T05:27:24Z
2019-01-25,SNZ,8.83,8.83,8.83,8.83,1300,KBS,2026-10-09T05:27:24Z
2019-02-13,SNZ,8.23,8.83,8.23,8.83,2200,KBS,2026-10-09T05:27:24Z
2019-02-15,SNZ,8.98,8.98,8.98,8.98,1110,KBS,2026-10-09T05:27:24Z
2019-02-19,SNZ,8.98,8.98,8.98,8.98,10,KBS,2026-10-09T05:27:24Z
2019-02-20,SNZ,8.98,8.98,8.98,8.98,40,KBS,2026-10-09T05:27:24Z
2019-02-27,SNZ,8.98,8.98,8.98,8.98,1100,KBS,2026-10-09T05:27:24Z
2019-02-28,SNZ,8.75,8.75,8.75,8.75,100,KBS,2026-10-09T05:27:24Z
2019-03-04,SNZ,8.98,9.35,8.98,9.35,9100,KBS,2026-10-09T05:27:24Z
2019-03-05,SNZ,9.43,10.1,9.43,10.1,5100,KBS,2026-10-09T05:27:24Z
2019-03-06,SNZ,10.47,10.47,10.47,10.47,1000,KBS,2026-10-09T05:27:24Z
2019-03-07,SNZ,11.14,11.97,10.85,11.97,35100,KBS,2026-10-09T05:27:24Z
2019-03-08,SNZ,11.37,11.37,11.22,11.22,1500,KBS,2026-10-09T05:27:24Z
2019-03-11,SNZ,11.67,12.64,11.67,12.64,9400,KBS,2026-10-09T05:27:24Z
2019-03-12,SNZ,13.39,13.91,12.72,13.91,84940,KBS,2026-10-09T05:27:24Z
2019-03-13,SNZ,14.44,14.44,13.61,13.61,56400,KBS,2026-10-09T05:27:24Z
2019-03-14,SNZ,14.21,14.21,12.34,12.34,12900,KBS,2026-10-09T05:27:24Z
2019-03-15,SNZ,13.46,14.36,13.39,14.21,103700,KBS,2026-10-09T05:27:24Z
2019-03-18,SNZ,13.46,13.46,13.46,13.46,100,KBS,2026-10-09T05:27:24Z
2019-03-20,SNZ,11.97,11.97,11.97,11.97,100,KBS,2026-10-09T05:27:24Z
2019-03-21,SNZ,13.69,13.69,12.72,12.72,16500,KBS,2026-10-09T05:27:24Z
2019-03-22,SNZ,13.46,13.46,13.46,13.46,110,KBS,2026-10-09T05:27:24Z
2019-03-26,SNZ,11.97,11.97,11.97,11.97,6000,KBS,2026-10-09T05:27:24Z
2019-03-27,SNZ,13.39,13.39,13.39,13.39,32200,KBS,2026-10-09T05:27:24Z
2019-03-29,SNZ,12.72,12.72,12.72,12.72,10010,KBS,2026-10-09T05:27:24Z
2019-04-02,SNZ,12.34,13.09,11.97,13.09,34500,KBS,2026-10-09T05:27:24Z
2019-04-04,SNZ,12.34,12.34,12.34,12.34,1000,KBS,2026-10-09T05:27:24Z
2019-04-05,SNZ,11.22,11.22,11.22,11.22,500,KBS,2026-10-09T05:27:24Z
2019-04-08,SNZ,11.67,12.72,11.67,12.72,14006,KBS,2026-10-09T05:27:24Z
2019-04-09,SNZ,11.97,13.09,10.1,13.09,20200,KBS,2026-10-09T05:27:24Z
2019-04-10,SNZ,11.89,11.89,11.22,11.22,3800,KBS,2026-10-09T05:27:24Z
2019-04-11,SNZ,10.47,12.34,10.47,12.34,13500,KBS,2026-10-09T05:27:24Z
2019-04-12,SNZ,11.97,11.97,11.97,11.97,33000,KBS,2026-10-09T05:27:24Z
2019-04-16,SNZ,10.55,10.55,10.55,10.55,100,KBS,2026-10-09T05:27:24Z
2019-04-17,SNZ,9.87,10.1,9.87,10.1,300,KBS,2026-10-09T05:27:24Z
2019-04-19,SNZ,11.44,11.52,11.44,11.52,5100,KBS,2026-10-09T05:27:24Z
2019-04-23,SNZ,10.1,12.49,10.1,12.49,47500,KBS,2026-10-09T05:27:24Z
2019-04-24,SNZ,11.97,11.97,11.97,11.97,100,KBS,2026-10-09T05:27:24Z
2019-04-25,SNZ,11.97,11.97,10.55,10.55,31000,KBS,2026-10-09T05:27:24Z
2019-04-26,SNZ,11.89,11.89,11.89,11.89,200,KBS,2026-10-09T05:27:24Z
2019-05-02,SNZ,11.89,11.89,11.22,11.22,4500,KBS,2026-10-09T05:27:24Z
2019-05-03,SNZ,11.97,11.97,11.59,11.59,2200,KBS,2026-10-09T05:27:24Z
2019-05-06,SNZ,11.0,11.0,11.0,11.0,100,KBS,2026-10-09T05:27:24Z
2019-05-07,SNZ,10.47,11.82,9.43,11.82,2300,KBS,2026-10-09T05:27:24Z
2019-05-08,SNZ,11.52,11.52,11.52,11.52,200,KBS,2026-10-09T05:27:24Z
2019-05-09,SNZ,11.22,11.22,10.47,11.0,800,KBS,2026-10-09T05:27:24Z
2019-05-10,SNZ,10.55,11.52,10.4,11.52,2100,KBS,2026-10-09T05:27:24Z
2019-05-14,SNZ,11.22,11.22,11.22,11.22,11500,KBS,2026-10-09T05:27:24Z
2019-05-15,SNZ,11.22,11.59,11.22,11.52,3410,KBS,2026-10-09T05:27:24Z
2019-05-16,SNZ,11.52,11.52,11.22,11.44,3800,KBS,2026-10-09T05:27:24Z
2019-05-17,SNZ,11.44,12.64,11.44,11.59,69400,KBS,2026-10-09T05:27:24Z
2019-05-20,SNZ,12.27,12.27,11.82,11.82,1100,KBS,2026-10-09T05:27:24Z
2019-05-21,SNZ,11.59,11.74,11.22,11.22,2300,KBS,2026-10-09T05:27:24Z
2019-05-22,SNZ,12.27,12.72,11.74,12.49,23700,KBS,2026-10-09T05:27:24Z
2019-05-23,SNZ,12.27,12.34,12.27,12.34,800,KBS,2026-10-09T05:27:24Z
2019-05-24,SNZ,12.34,13.46,11.82,12.72,22600,KBS,2026-10-09T05:27:24Z
2019-05-27,SNZ,13.84,13.84,12.72,13.61,25400,KBS,2026-10-09T05:27:24Z
2019-05-28,SNZ,14.21,14.44,13.84,14.14,49500,KBS,2026-10-09T05:27:24Z
2019-05-29,SNZ,14.14,14.21,13.46,13.84,18200,KBS,2026-10-09T05:27:24Z
2019-05-30,SNZ,14.21,14.96,13.31,14.14,21200,KBS,2026-10-09T05:27:24Z
2019-05-31,SNZ,13.99,14.21,13.31,13.31,12500,KBS,2026-10-09T05:27:24Z
2019-06-03,SNZ,13.39,13.84,12.72,12.72,8300,KBS,2026-10-09T05:27:24Z
2019-06-04,SNZ,12.87,13.99,12.87,13.99,3100,KBS,2026-10-09T05:27:24Z
2019-06-05,SNZ,14.14,14.14,13.39,13.61,7300,KBS,2026-10-09T05:27:24Z
2019-06-06,SNZ,14.06,14.06,12.79,13.16,15300,KBS,2026-10-09T05:27:24Z
2019-06-07,SNZ,14.59,15.18,13.09,14.96,240040,KBS,2026-10-09T05:27:24Z
2019-06-10,SNZ,16.46,16.76,16.38,16.76,109600,KBS,2026-10-09T05:27:24Z
2019-06-11,SNZ,19.07,19.15,17.58,18.7,72400,KBS,2026-10-09T05:27:24Z
2019-06-12,SNZ,17.95,18.77,16.08,17.95,123120,KBS,2026-10-09T05:27:24Z
2019-06-13,SNZ,17.2,19.07,17.2,18.48,61900,KBS,2026-10-09T05:27:24Z
2019-06-14,SNZ,18.4,18.4,16.46,16.53,74120,KBS,2026-10-09T05:27:24Z
2019-06-17,SNZ,16.46,17.28,16.31,16.31,50600,KBS,2026-10-09T05:27:24Z
2019-06-18,SNZ,16.83,17.2,16.53,17.2,41100,KBS,2026-10-09T05:27:24Z
2019-06-19,SNZ,17.2,17.58,16.46,17.05,31700,KBS,2026-10-09T05:27:24Z
2019-06-20,SNZ,17.05,17.58,16.46,16.53,46800,KBS,2026-10-09T05:27:24Z
2019-06-21,SNZ,16.53,17.13,16.08,16.61,39700,KBS,2026-10-09T05:27:24Z
2019-06-24,SNZ,16.16,16.61,14.96,14.96,43100,KBS,2026-10-09T05:27:24Z
2019-06-25,SNZ,15.71,15.86,14.96,14.96,32200,KBS,2026-10-09T05:27:24Z
2019-06-26,SNZ,14.51,15.18,14.51,14.96,14400,KBS,2026-10-09T05:27:24Z
2019-06-27,SNZ,14.81,16.46,14.66,15.56,24900,KBS,2026-10-09T05:27:24Z
2019-06-28,SNZ,16.23,16.23,15.04,15.26,3000,KBS,2026-10-09T05:27:24Z
2019-07-01,SNZ,15.41,15.78,15.18,15.41,20500,KBS,2026-10-09T05:27:24Z
2019-07-02,SNZ,13.61,15.63,13.61,15.11,12050,KBS,2026-10-09T05:27:24Z
2019-07-03,SNZ,14.44,14.96,14.29,14.66,8700,KBS,2026-10-09T05:27:24Z
2019-07-04,SNZ,14.66,16.16,14.66,16.08,44600,KBS,2026-10-09T05:27:24Z
2019-07-05,SNZ,16.31,16.46,15.71,16.01,18300,KBS,2026-10-09T05:27:24Z
2019-07-08,SNZ,15.93,16.46,15.71,15.71,17100,KBS,2026-10-09T05:27:24Z
2019-07-09,SNZ,15.78,15.78,15.18,15.33,26500,KBS,2026-10-09T05:27:24Z
2019-07-10,SNZ,15.48,16.38,15.48,16.38,44710,KBS,2026-10-09T05:27:24Z
2019-07-11,SNZ,16.46,17.5,16.46,16.83,67440,KBS,2026-10-09T05:27:24Z
2019-07-12,SNZ,16.68,17.2,16.68,17.13,25000,KBS,2026-10-09T05:27:24Z
2019-07-15,SNZ,17.05,17.05,15.93,16.46,19500,KBS,2026-10-09T05:27:24Z
2019-07-16,SNZ,16.46,16.53,15.93,16.01,40301,KBS,2026-10-09T05:27:24Z
2019-07-17,SNZ,15.93,16.46,15.93,16.46,37420,KBS,2026-10-09T05:27:24Z
2019-07-18,SNZ,16.08,16.46,15.93,16.16,7200,KBS,2026-10-09T05:27:24Z
2019-07-19,SNZ,16.16,16.98,16.08,16.61,29000,KBS,2026-10-09T05:27:24Z
2019-07-22,SNZ,16.83,17.95,16.83,17.73,61310,KBS,2026-10-09T05:27:24Z
2019-07-23,SNZ,17.8,18.03,17.35,17.73,31100,KBS,2026-10-09T05:27:24Z
2019-07-24,SNZ,17.65,17.65,16.76,16.98,55800,KBS,2026-10-09T05:27:24Z
2019-07-25,SNZ,16.83,17.65,16.23,17.2,100500,KBS,2026-10-09T05:27:24Z
2019-07-26,SNZ,17.05,17.58,16.83,17.58,16825,KBS,2026-10-09T05:27:24Z
2019-07-29,SNZ,17.28,17.8,17.2,17.58,57375,KBS,2026-10-09T05:27:24Z
2019-07-30,SNZ,17.65,18.03,17.13,17.58,55700,KBS,2026-10-09T05:27:24Z
2019-07-31,SNZ,17.58,17.58,16.83,16.83,18200,KBS,2026-10-09T05:27:24Z
2019-08-01,SNZ,17.13,18.62,16.46,18.55,100730,KBS,2026-10-09T05:27:24Z
2019-08-02,SNZ,18.33,20.2,18.33,20.12,93630,KBS,2026-10-09T05:27:24Z
2019-08-05,SNZ,20.12,22.44,19.52,22.44,163270,KBS,2026-10-09T05:27:24Z
2019-08-06,SNZ,22.44,24.24,21.47,24.24,162635,KBS,2026-10-09T05:27:24Z
2019-08-07,SNZ,24.24,26.18,21.69,22.66,151355,KBS,2026-10-09T05:27:24Z
2019-08-08,SNZ,23.34,23.41,22.44,22.59,76720,KBS,2026-10-09T05:27:24Z
2019-08-09,SNZ,22.59,24.61,22.07,23.34,60655,KBS,2026-10-09T05:27:24Z
2019-08-12,SNZ,23.19,25.36,23.19,24.98,95225,KBS,2026-10-09T05:27:24Z
2019-08-13,SNZ,24.76,24.76,21.92,23.19,88110,KBS,2026-10-09T05:27:24Z
2019-08-14,SNZ,22.96,23.19,22.14,22.74,24100,KBS,2026-10-09T05:27:24Z
2019-08-15,SNZ,20.35,23.94,20.35,23.19,51330,KBS,2026-10-09T05:27:24Z
2019-08-16,SNZ,22.52,24.38,22.52,23.49,40492,KBS,2026-10-09T05:27:24Z
2019-08-19,SNZ,23.49,23.94,22.96,23.94,33830,KBS,2026-10-09T05:27:24Z
2019-08-20,SNZ,23.79,26.55,23.49,26.18,150200,KBS,2026-10-09T05:27:24Z
2019-08-21,SNZ,26.18,27.08,24.98,25.28,65103,KBS,2026-10-09T05:27:24Z
2019-08-22,SNZ,25.43,26.55,23.71,26.55,46080,KBS,2026-10-09T05:27:24Z
2019-08-23,SNZ,25.43,25.66,24.83,24.91,37222,KBS,2026-10-09T05:27:24Z
2019-08-26,SNZ,25.21,26.55,25.21,25.81,39070,KBS,2026-10-09T05:27:24Z
2019-08-27,SNZ,25.81,25.81,24.16,25.21,34620,KBS,2026-10-09T05:27:24Z
2019-08-28,SNZ,24.76,25.36,24.61,24.68,13930,KBS,2026-10-09T05:27:24Z
2019-08-29,SNZ,26.03,26.03,23.86,24.24,36440,KBS,2026-10-09T05:27:24Z
2019-08-30,SNZ,23.86,23.86,22.44,22.44,53200,KBS,2026-10-09T05:27:24Z
2019-09-03,SNZ,22.59,22.59,20.94,20.94,46100,KBS,2026-10-09T05:27:24Z
2019-09-04,SNZ,20.35,20.35,18.62,19.97,52050,KBS,2026-10-09T05:27:24Z
2019-09-05,SNZ,19.97,21.47,19.97,20.94,23300,KBS,2026-10-09T05:27:24Z
2019-09-06,SNZ,20.64,21.17,20.27,20.5,10410,KBS,2026-10-09T05:27:24Z
2019-09-09,SNZ,20.27,20.57,19.07,19.45,16695,KBS,2026-10-09T05:27:24Z
2019-09-10,SNZ,19.3,19.3,17.13,17.43,62889,KBS,2026-10-09T05:27:24Z
2019-09-11,SNZ,17.58,18.62,17.2,18.62,16660,KBS,2026-10-09T05:27:24Z
2019-09-12,SNZ,18.77,19.3,18.33,18.33,25540,KBS,2026-10-09T05:27:24Z
2019-09-13,SNZ,18.33,18.7,17.95,18.1,20400,KBS,2026-10-09T05:27:24Z
2019-09-16,SNZ,18.33,18.4,17.35,17.43,9660,KBS,2026-10-09T05:27:24Z
2019-09-17,SNZ,17.5,19.22,16.46,18.33,71340,KBS,2026-10-09T05:27:24Z
2019-09-18,SNZ,18.33,18.33,17.5,17.88,10000,KBS,2026-10-09T05:27:24Z
2019-09-19,SNZ,17.88,17.88,17.2,17.2,1800,KBS,2026-10-09T05:27:24Z
2019-09-20,SNZ,17.58,17.58,16.53,16.83,25550,KBS,2026-10-09T05:27:24Z
2019-09-23,SNZ,17.05,17.05,16.08,16.31,10500,KBS,2026-10-09T05:27:24Z
2019-09-24,SNZ,16.01,16.01,14.96,14.96,35700,KBS,2026-10-09T05:27:24Z
2019-09-25,SNZ,15.56,17.05,15.56,16.76,17046,KBS,2026-10-09T05:27:24Z
2019-09-26,SNZ,16.83,16.98,16.16,16.83,8800,KBS,2026-10-09T05:27:24Z
2019-09-27,SNZ,16.76,16.83,16.46,16.53,17900,KBS,2026-10-09T05:27:24Z
2019-09-30,SNZ,16.53,16.53,15.71,16.16,9100,KBS,2026-10-09T05:27:24Z
2019-10-01,SNZ,16.46,16.53,16.46,16.46,9360,KBS,2026-10-09T05:27:24Z
2019-10-02,SNZ,16.46,16.46,15.71,15.93,10084,KBS,2026-10-09T05:27:24Z
2019-10-03,SNZ,16.08,16.38,15.93,15.93,7010,KBS,2026-10-09T05:27:24Z
2019-10-04,SNZ,16.46,16.46,15.56,15.71,12920,KBS,2026-10-09T05:27:24Z
2019-10-07,SNZ,15.48,15.86,14.88,15.56,20100,KBS,2026-10-09T05:27:24Z
2019-10-08,SNZ,15.26,15.26,14.88,15.04,21000,KBS,2026-10-09T05:27:24Z
2019-10-09,SNZ,15.04,15.04,14.81,15.04,12740,KBS,2026-10-09T05:27:24Z
2019-10-10,SNZ,14.96,15.56,14.96,15.56,19640,KBS,2026-10-09T05:27:24Z
2019-10-11,SNZ,15.44,15.44,15.05,15.36,3700,KBS,2026-10-09T05:27:24Z
2019-10-15,SNZ,14.44,14.74,14.05,14.59,9240,KBS,2026-10-09T05:27:24Z
2019-10-16,SNZ,14.36,14.67,13.98,14.05,10590,KBS,2026-10-09T05:27:24Z
2019-10-17,SNZ,14.05,14.05,13.44,13.59,24574,KBS,2026-10-09T05:27:24Z
2019-10-18,SNZ,13.9,15.36,13.9,15.36,20753,KBS,2026-10-09T05:27:24Z
2019-10-22,SNZ,14.67,15.36,14.67,15.36,38401,KBS,2026-10-09T05:27:24Z
2019-10-23,SNZ,15.05,15.67,15.05,15.67,19220,KBS,2026-10-09T05:27:24Z
2019-10-24,SNZ,15.74,15.9,15.28,15.28,7000,KBS,2026-10-09T05:27:24Z
2019-10-25,SNZ,15.59,16.05,15.21,15.51,25500,KBS,2026-10-09T05:27:24Z
2019-10-28,SNZ,15.67,15.97,15.13,15.67,5010,KBS,2026-10-09T05:27:24Z
2019-10-29,SNZ,15.74,15.74,14.9,15.36,19100,KBS,2026-10-09T05:27:24Z
2019-10-30,SNZ,15.74,17.51,15.44,16.97,52660,KBS,2026-10-09T05:27:24Z
2019-10-31,SNZ,16.97,17.51,16.59,17.2,17720,KBS,2026-10-09T05:27:24Z
2019-11-01,SNZ,16.97,16.97,16.36,16.66,10500,KBS,2026-10-09T05:27:24Z
2019-11-04,SNZ,16.28,16.28,15.51,15.74,16210,KBS,2026-10-09T05:27:24Z
2019-11-05,SNZ,15.67,15.74,15.28,15.36,22800,KBS,2026-10-09T05:27:24Z
2019-11-06,SNZ,15.28,16.05,13.98,15.9,18830,KBS,2026-10-09T05:27:24Z
2019-11-07,SNZ,15.97,16.05,15.51,15.82,6950,KBS,2026-10-09T05:27:24Z
2019-11-08,SNZ,16.05,16.9,15.97,16.13,16450,KBS,2026-10-09T05:27:24Z
2019-11-11,SNZ,15.74,16.13,15.74,16.13,3300,KBS,2026-10-09T05:27:24Z
2019-11-12,SNZ,15.36,15.74,15.36,15.59,9150,KBS,2026-10-09T05:27:24Z
2019-11-13,SNZ,15.51,15.74,15.28,15.28,5900,KBS,2026-10-09T05:27:24Z
2019-11-14,SNZ,15.36,15.82,15.28,15.82,10820,KBS,2026-10-09T05:27:24Z
2019-11-15,SNZ,15.59,15.82,15.44,15.74,5200,KBS,2026-10-09T05:27:24Z
2019-11-18,SNZ,15.9,15.97,15.74,15.74,10200,KBS,2026-10-09T05:27:24Z
2019-11-19,SNZ,15.51,15.9,15.51,15.74,4100,KBS,2026-10-09T05:27:24Z
2019-11-20,SNZ,15.82,16.36,15.74,16.13,18220,KBS,2026-10-09T05:27:24Z
2019-11-21,SNZ,16.43,17.05,16.28,16.43,38010,KBS,2026-10-09T05:27:24Z
2019-11-22,SNZ,16.59,16.59,16.13,16.51,18300,KBS,2026-10-09T05:27:24Z
2019-11-25,SNZ,16.2,16.2,15.82,15.82,4502,KBS,2026-10-09T05:27:24Z
2019-11-26,SNZ,15.74,15.74,15.36,15.67,21091,KBS,2026-10-09T05:27:24Z
2019-11-27,SNZ,15.67,16.05,15.67,15.67,5630,KBS,2026-10-09T05:27:24Z
2019-11-28,SNZ,15.36,15.51,15.36,15.44,2701,KBS,2026-10-09T05:27:24Z
2019-11-29,SNZ,15.48,15.63,15.48,15.56,3962,KBS,2026-10-09T05:27:24Z
2019-12-02,SNZ,15.63,15.63,14.85,14.85,5820,KBS,2026-10-09T05:27:24Z
2019-12-03,SNZ,14.85,15.4,14.85,15.24,12050,KBS,2026-10-09T05:27:24Z
2019-12-04,SNZ,15.01,15.01,14.85,14.85,2500,KBS,2026-10-09T05:27:24Z
2019-12-05,SNZ,15.01,15.01,14.93,14.93,5421,KBS,2026-10-09T05:27:24Z
2019-12-09,SNZ,14.85,14.93,14.46,14.93,8400,KBS,2026-10-09T05:27:24Z
2019-12-10,SNZ,14.85,14.85,14.54,14.54,9400,KBS,2026-10-09T05:27:24Z
2019-12-11,SNZ,14.46,14.62,14.46,14.54,6650,KBS,2026-10-09T05:27:24Z
2019-12-12,SNZ,14.85,15.48,14.85,14.85,1700,KBS,2026-10-09T05:27:24Z
2019-12-13,SNZ,14.7,14.85,14.62,14.62,7100,KBS,2026-10-09T05:27:24Z
2019-12-16,SNZ,14.54,14.54,14.38,14.46,3100,KBS,2026-10-09T05:27:24Z
2019-12-17,SNZ,14.46,14.46,14.46,14.46,830,KBS,2026-10-09T05:27:24Z
2019-12-18,SNZ,14.38,14.46,14.23,14.23,6400,KBS,2026-10-09T05:27:24Z
2019-12-19,SNZ,14.15,14.3,14.15,14.3,700,KBS,2026-10-09T05:27:24Z
2019-12-20,SNZ,14.07,14.07,13.91,14.07,9100,KBS,2026-10-09T05:27:24Z
2019-12-23,SNZ,13.84,13.84,13.44,13.44,10100,KBS,2026-10-09T05:27:24Z
2019-12-24,SNZ,13.37,14.23,12.98,14.23,23280,KBS,2026-10-09T05:27:24Z
2019-12-25,SNZ,13.29,14.07,13.29,13.44,2110,KBS,2026-10-09T05:27:24Z
2019-12-26,SNZ,14.07,14.07,13.99,13.99,6300,KBS,2026-10-09T05:27:24Z
2019-12-27,SNZ,14.07,14.07,13.84,13.91,6200,KBS,2026-10-09T05:27:24Z
2019-12-31,SNZ,13.99,13.99,13.76,13.99,7700,KBS,2026-10-09T05:27:24Z
2020-01-06,SNZ,13.91,13.91,13.68,13.68,3300,KBS,2026-10-09T05:27:24Z
2020-01-09,SNZ,13.52,13.52,13.52,13.52,462,KBS,2026-10-09T05:27:24Z
2020-01-10,SNZ,13.13,13.29,12.59,12.59,3700,KBS,2026-10-09T05:27:24Z
2020-01-13,SNZ,12.51,13.13,11.65,12.59,15900,KBS,2026-10-09T05:27:24Z
2020-01-14,SNZ,12.51,12.51,12.51,12.51,2275,KBS,2026-10-09T05:27:24Z
2020-01-15,SNZ,12.51,12.51,11.8,11.8,4900,KBS,2026-10-09T05:27:24Z
2020-01-16,SNZ,12.04,12.04,11.96,12.04,2100,KBS,2026-10-09T05:27:24Z
2020-01-17,SNZ,12.51,12.74,12.51,12.51,4200,KBS,2026-10-09T05:27:24Z
2020-01-20,SNZ,12.74,12.74,12.74,12.74,600,KBS,2026-10-09T05:27:24Z
2020-01-21,SNZ,12.51,12.66,12.51,12.66,1900,KBS,2026-10-09T05:27:24Z
2020-01-22,SNZ,12.74,12.74,12.2,12.27,4300,KBS,2026-10-09T05:27:24Z
2020-01-30,SNZ,12.2,12.59,12.12,12.59,4400,KBS,2026-10-09T05:27:24Z
2020-01-31,SNZ,12.51,12.59,12.35,12.51,7400,KBS,2026-10-09T05:27:24Z
2020-02-03,SNZ,12.43,12.43,11.49,11.8,3710,KBS,2026-10-09T05:27:24Z
2020-02-04,SNZ,11.8,11.8,10.94,11.57,18700,KBS,2026-10-09T05:27:24Z
2020-02-05,SNZ,11.26,11.96,11.26,11.73,5900,KBS,2026-10-09T05:27:24Z
2020-02-06,SNZ,12.04,12.35,12.04,12.27,9700,KBS,2026-10-09T05:27:24Z
2020-02-07,SNZ,12.12,12.59,12.04,12.59,6200,KBS,2026-10-09T05:27:24Z
2020-02-10,SNZ,12.66,12.74,12.2,12.2,6100,KBS,2026-10-09T05:27:24Z
2020-02-11,SNZ,12.51,12.51,12.43,12.43,1200,KBS,2026-10-09T05:27:24Z
2020-02-12,SNZ,12.51,13.68,12.51,13.44,23610,KBS,2026-10-09T05:27:24Z
2020-02-13,SNZ,12.74,13.21,12.59,13.21,4000,KBS,2026-10-09T05:27:24Z
2020-02-14,SNZ,12.98,13.21,12.66,12.98,4020,KBS,2026-10-09T05:27:24Z
2020-02-17,SNZ,12.98,13.84,12.9,13.68,10600,KBS,2026-10-09T05:27:24Z
2020-02-19,SNZ,14.62,15.87,14.62,15.48,45770,KBS,2026-10-09T05:27:24Z
2020-02-20,SNZ,15.95,16.18,15.32,16.1,20210,KBS,2026-10-09T05:27:24Z
2020-02-21,SNZ,15.71,15.95,15.01,15.32,15530,KBS,2026-10-09T05:27:24Z
2020-02-24,SNZ,14.85,14.85,13.76,13.76,34100,KBS,2026-10-09T05:27:24Z
2020-02-25,SNZ,12.9,14.23,12.59,14.15,12320,KBS,2026-10-09T05:27:24Z
2020-02-26,SNZ,14.07,15.24,13.68,13.84,1500,KBS,2026-10-09T05:27:24Z
2020-02-27,SNZ,13.84,14.77,13.76,14.77,8400,KBS,2026-10-09T05:27:24Z
2020-02-28,SNZ,14.07,14.46,13.99,14.46,8410,KBS,2026-10-09T05:27:24Z
2020-03-02,SNZ,14.46,15.01,14.23,14.23,9100,KBS,2026-10-09T05:27:24Z
2020-03-03,SNZ,14.54,14.85,14.46,14.54,16400,KBS,2026-10-09T05:27:24Z
2020-03-04,SNZ,14.38,14.54,14.3,14.54,6110,KBS,2026-10-09T05:27:24Z
2020-03-05,SNZ,14.46,14.46,14.07,14.3,10730,KBS,2026-10-09T05:27:24Z
2020-03-06,SNZ,13.99,14.3,13.99,14.3,3400,KBS,2026-10-09T05:27:24Z
2020-03-09,SNZ,13.99,13.99,12.2,12.51,19910,KBS,2026-10-09T05:27:24Z
2020-03-10,SNZ,12.82,13.76,12.82,13.68,3800,KBS,2026-10-09T05:27:24Z
2020-03-11,SNZ,13.29,13.29,12.9,13.21,5120,KBS,2026-10-09T05:27:24Z
2020-03-12,SNZ,11.88,12.82,11.88,11.88,4560,KBS,2026-10-09T05:27:24Z
2020-03-13,SNZ,11.88,12.2,11.73,12.2,6900,KBS,2026-10-09T05:27:24Z
2020-03-16,SNZ,12.12,12.2,12.12,12.2,4100,KBS,2026-10-09T05:27:24Z
2020-03-17,SNZ,11.73,12.51,11.73,12.35,11410,KBS,2026-10-09T05:27:24Z
2020-03-18,SNZ,12.74,12.74,12.2,12.2,650,KBS,2026-10-09T05:27:24Z
2020-03-19,SNZ,12.27,12.51,11.96,11.96,3300,KBS,2026-10-09T05:27:24Z
2020-03-20,SNZ,12.51,12.51,11.8,11.8,11510,KBS,2026-10-09T05:27:24Z
2020-03-23,SNZ,11.96,12.2,11.96,12.2,200,KBS,2026-10-09T05:27:24Z
2020-03-24,SNZ,12.2,12.2,12.2,12.2,1120,KBS,2026-10-09T05:27:24Z
2020-03-25,SNZ,12.2,12.2,12.2,12.2,6400,KBS,2026-10-09T05:27:24Z
2020-03-26,SNZ,12.12,12.12,12.12,12.12,400,KBS,2026-10-09T05:27:24Z
2020-03-27,SNZ,12.35,12.35,11.96,11.96,5200,KBS,2026-10-09T05:27:24Z
2020-03-30,SNZ,12.12,12.12,12.12,12.12,30,KBS,2026-10-09T05:27:24Z
2020-03-31,SNZ,12.12,12.12,12.12,12.12,20,KBS,2026-10-09T05:27:24Z
2020-04-01,SNZ,12.12,12.12,12.12,12.12,6100,KBS,2026-10-09T05:27:24Z
2020-04-03,SNZ,12.12,12.74,12.12,12.59,18400,KBS,2026-10-09T05:27:24Z
2020-04-06,SNZ,12.59,13.21,12.59,13.13,23000,KBS,2026-10-09T05:27:24Z
2020-04-07,SNZ,13.21,13.44,12.82,12.82,11500,KBS,2026-10-09T05:27:24Z
2020-04-08,SNZ,13.13,13.13,13.13,13.13,4,KBS,2026-10-09T05:27:24Z
2020-04-09,SNZ,12.66,13.37,12.66,13.29,35400,KBS,2026-10-09T05:27:24Z
2020-04-10,SNZ,13.37,13.37,12.66,12.66,9200,KBS,2026-10-09T05:27:24Z
2020-04-13,SNZ,12.9,12.98,12.66,12.9,4300,KBS,2026-10-09T05:27:24Z
2020-04-14,SNZ,12.74,12.74,12.66,12.66,7210,KBS,2026-10-09T05:27:24Z
2020-04-15,SNZ,13.06,13.06,12.51,12.9,27100,KBS,2026-10-09T05:27:24Z
2020-04-16,SNZ,12.98,13.84,12.66,13.44,47000,KBS,2026-10-09T05:27:24Z
2020-04-17,SNZ,13.29,13.91,13.29,13.76,39700,KBS,2026-10-09T05:27:24Z
2020-04-20,SNZ,13.91,15.48,13.91,15.32,97790,KBS,2026-10-09T05:27:24Z
2020-04-21,SNZ,15.24,15.32,13.84,14.62,30200,KBS,2026-10-09T05:27:24Z
2020-04-22,SNZ,14.15,14.62,13.91,14.62,28900,KBS,2026-10-09T05:27:24Z
2020-04-23,SNZ,14.7,15.16,14.3,14.3,35200,KBS,2026-10-09T05:27:24Z
2020-04-24,SNZ,14.85,14.93,14.23,14.3,13400,KBS,2026-10-09T05:27:24Z
2020-04-27,SNZ,14.46,16.65,14.46,16.65,162020,KBS,2026-10-09T05:27:24Z
2020-04-28,SNZ,16.42,16.96,16.18,16.42,43000,KBS,2026-10-09T05:27:24Z
2020-04-29,SNZ,16.73,18.14,16.73,17.82,48411,KBS,2026-10-09T05:27:24Z
2020-05-04,SNZ,17.67,17.67,16.42,16.73,71013,KBS,2026-10-09T05:27:24Z
2020-05-05,SNZ,16.73,17.28,16.42,17.12,25650,KBS,2026-10-09T05:27:24Z
2020-05-06,SNZ,17.04,18.45,17.04,17.9,35502,KBS,2026-10-09T05:27:24Z
2020-05-07,SNZ,17.98,17.98,17.28,17.74,38238,KBS,2026-10-09T05:27:24Z
2020-05-08,SNZ,17.51,17.9,17.2,17.2,56210,KBS,2026-10-09T05:27:24Z
2020-05-11,SNZ,17.51,17.67,16.89,17.51,37722,KBS,2026-10-09T05:27:24Z
2020-05-12,SNZ,17.35,18.76,17.2,18.68,73156,KBS,2026-10-09T05:27:24Z
2020-05-13,SNZ,18.29,18.6,18.06,18.37,39460,KBS,2026-10-09T05:27:24Z
2020-05-14,SNZ,18.06,18.45,17.9,18.06,42773,KBS,2026-10-09T05:27:24Z
2020-05-15,SNZ,18.21,18.21,17.28,17.59,29510,KBS,2026-10-09T05:27:24Z
2020-05-18,SNZ,17.2,17.74,17.2,17.67,16770,KBS,2026-10-09T05:27:24Z
2020-05-19,SNZ,17.82,17.98,17.67,17.67,16773,KBS,2026-10-09T05:27:24Z
2020-05-20,SNZ,17.74,17.74,17.43,17.59,7016,KBS,2026-10-09T05:27:24Z
2020-05-21,SNZ,17.59,17.67,17.43,17.51,12130,KBS,2026-10-09T05:27:24Z
2020-05-22,SNZ,17.35,17.74,17.28,17.74,14420,KBS,2026-10-09T05:27:24Z
2020-05-25,SNZ,17.98,20.09,17.98,20.09,189817,KBS,2026-10-09T05:27:24Z
2020-05-26,SNZ,20.32,22.36,20.09,21.81,100130,KBS,2026-10-09T05:27:24Z
2020-05-27,SNZ,22.67,23.3,20.48,21.11,81368,KBS,2026-10-09T05:27:24Z
2020-05-28,SNZ,20.95,21.89,19.93,21.34,62760,KBS,2026-10-09T05:27:24Z
2020-05-29,SNZ,20.72,21.26,20.72,21.03,26850,KBS,2026-10-09T05:27:24Z
2020-06-01,SNZ,21.89,22.51,21.5,21.81,33293,KBS,2026-10-09T05:27:24Z
2020-06-02,SNZ,21.73,21.73,20.72,20.79,58450,KBS,2026-10-09T05:27:24Z
2020-06-03,SNZ,20.79,21.58,20.64,21.11,26303,KBS,2026-10-09T05:27:24Z
2020-06-04,SNZ,21.11,21.11,19.93,20.25,54635,KBS,2026-10-09T05:27:24Z
2020-06-05,SNZ,20.32,21.11,19.93,20.48,28310,KBS,2026-10-09T05:27:24Z
2020-06-08,SNZ,20.25,21.11,20.25,20.72,75087,KBS,2026-10-09T05:27:24Z
2020-06-09,SNZ,20.72,21.11,20.32,21.11,69300,KBS,2026-10-09T05:27:24Z
2020-06-10,SNZ,20.4,21.5,20.4,21.03,29530,KBS,2026-10-09T05:27:24Z
2020-06-11,SNZ,21.34,21.34,18.76,19.39,71791,KBS,2026-10-09T05:27:24Z
2020-06-12,SNZ,18.29,19.15,18.21,18.68,59529,KBS,2026-10-09T05:27:24Z
2020-06-15,SNZ,18.68,18.68,17.82,17.98,51702,KBS,2026-10-09T05:27:24Z
2020-06-16,SNZ,18.37,18.6,17.98,18.6,46600,KBS,2026-10-09T05:27:24Z
2020-06-17,SNZ,18.6,18.6,18.29,18.37,18350,KBS,2026-10-09T05:27:24Z
2020-06-18,SNZ,18.21,19.23,17.9,19.0,35709,KBS,2026-10-09T05:27:24Z
2020-06-19,SNZ,18.92,19.15,18.92,19.07,11250,KBS,2026-10-09T05:27:24Z
2020-06-22,SNZ,19.0,19.07,18.84,19.0,13430,KBS,2026-10-09T05:27:24Z
2020-06-23,SNZ,19.0,19.0,17.98,18.76,41950,KBS,2026-10-09T05:27:24Z
2020-06-24,SNZ,18.76,18.76,18.06,18.21,14340,KBS,2026-10-09T05:27:24Z
2020-06-25,SNZ,17.98,18.37,17.98,18.37,15419,KBS,2026-10-09T05:27:24Z
2020-06-26,SNZ,18.53,18.92,18.21,18.21,8401,KBS,2026-10-09T05:27:24Z
2020-06-29,SNZ,17.9,17.9,16.42,17.2,31710,KBS,2026-10-09T05:27:24Z
2020-06-30,SNZ,17.28,17.67,16.57,16.73,30440,KBS,2026-10-09T05:27:24Z
2020-07-01,SNZ,16.81,17.59,16.57,17.59,12500,KBS,2026-10-09T05:27:24Z
2020-07-02,SNZ,17.12,18.14,17.12,17.98,13000,KBS,2026-10-09T05:27:24Z
2020-07-03,SNZ,17.98,18.06,17.74,17.74,1200,KBS,2026-10-09T05:27:24Z
2020-07-06,SNZ,17.74,17.98,17.74,17.98,3650,KBS,2026-10-09T05:27:24Z
2020-07-07,SNZ,17.98,17.98,17.67,17.98,13310,KBS,2026-10-09T05:27:24Z
2020-07-08,SNZ,17.51,18.21,17.51,17.9,13100,KBS,2026-10-09T05:27:24Z
2020-07-09,SNZ,17.98,19.07,17.98,18.76,40620,KBS,2026-10-09T05:27:24Z
2020-07-10,SNZ,18.76,18.84,18.6,18.6,2600,KBS,2026-10-09T05:27:24Z
2020-07-13,SNZ,18.76,18.76,18.14,18.14,8170,KBS,2026-10-09T05:27:24Z
2020-07-14,SNZ,17.98,18.45,17.98,18.45,8110,KBS,2026-10-09T05:27:24Z
2020-07-15,SNZ,18.29,18.6,18.21,18.6,7320,KBS,2026-10-09T05:27:24Z
2020-07-16,SNZ,18.45,18.45,18.37,18.37,11500,KBS,2026-10-09T05:27:24Z
2020-07-17,SNZ,18.45,19.39,18.37,19.39,43243,KBS,2026-10-09T05:27:24Z
2020-07-20,SNZ,19.46,20.25,19.46,20.17,68360,KBS,2026-10-09T05:27:24Z
2020-07-21,SNZ,19.62,20.09,19.62,19.93,15710,KBS,2026-10-09T05:27:24Z
2020-07-22,SNZ,19.78,20.09,19.39,19.39,12000,KBS,2026-10-09T05:27:24Z
2020-07-23,SNZ,19.7,19.7,19.23,19.62,10950,KBS,2026-10-09T05:27:24Z
2020-07-24,SNZ,19.7,20.4,18.29,19.62,111118,KBS,2026-10-09T05:27:24Z
2020-07-27,SNZ,19.39,19.54,17.04,17.2,49790,KBS,2026-10-09T05:27:24Z
2020-07-28,SNZ,17.98,18.53,17.98,18.37,12500,KBS,2026-10-09T05:27:24Z
2020-07-29,SNZ,17.98,17.98,16.26,17.2,39610,KBS,2026-10-09T05:27:24Z
2020-07-30,SNZ,18.06,19.39,18.06,19.39,54940,KBS,2026-10-09T05:27:24Z
2020-07-31,SNZ,19.31,21.81,19.31,19.54,76091,KBS,2026-10-09T05:27:24Z
2020-08-03,SNZ,19.39,21.03,19.23,20.56,36170,KBS,2026-10-09T05:27:24Z
2020-08-04,SNZ,20.64,21.11,20.32,20.32,33715,KBS,2026-10-09T05:27:24Z
2020-08-05,SNZ,20.32,20.72,20.17,20.32,35550,KBS,2026-10-09T05:27:24Z
2020-08-06,SNZ,20.72,21.81,20.32,21.65,210460,KBS,2026-10-09T05:27:24Z
2020-08-07,SNZ,21.65,24.31,21.65,24.23,183643,KBS,2026-10-09T05:27:24Z
2020-08-10,SNZ,24.23,25.8,23.84,25.33,80313,KBS,2026-10-09T05:27:24Z
2020-08-11,SNZ,25.02,25.33,23.45,23.84,125871,KBS,2026-10-09T05:27:24Z
2020-08-12,SNZ,24.0,24.16,22.9,23.45,166003,KBS,2026-10-09T05:27:24Z
2020-08-13,SNZ,23.53,25.8,23.45,25.64,60693,KBS,2026-10-09T05:27:24Z
2020-08-14,SNZ,25.41,25.41,24.0,24.7,48517,KBS,2026-10-09T05:27:24Z
2020-08-17,SNZ,24.55,24.7,23.69,24.16,39396,KBS,2026-10-09T05:27:24Z
2020-08-18,SNZ,24.08,25.33,24.08,25.09,57183,KBS,2026-10-09T05:27:24Z
2020-08-19,SNZ,24.78,26.19,24.55,25.56,105466,KBS,2026-10-09T05:27:24Z
2020-08-20,SNZ,25.64,26.97,25.64,25.8,53990,KBS,2026-10-09T05:27:24Z
2020-08-21,SNZ,26.11,26.42,25.64,26.11,58507,KBS,2026-10-09T05:27:24Z
2020-08-24,SNZ,26.03,26.19,24.86,26.11,66847,KBS,2026-10-09T05:27:24Z
2020-08-25,SNZ,25.72,25.8,25.41,25.56,54796,KBS,2026-10-09T05:27:24Z
2020-08-26,SNZ,25.48,27.28,25.02,26.73,86616,KBS,2026-10-09T05:27:24Z
2020-08-27,SNZ,26.5,27.28,26.19,26.81,56734,KBS,2026-10-09T05:27:24Z
2020-08-28,SNZ,26.5,26.81,25.88,26.26,27172,KBS,2026-10-09T05:27:24Z
2020-08-31,SNZ,26.19,26.19,25.09,25.41,78980,KBS,2026-10-09T05:27:24Z
2020-09-01,SNZ,25.41,25.41,25.09,25.33,26410,KBS,2026-10-09T05:27:24Z
2020-09-03,SNZ,26.42,26.42,25.25,25.33,14940,KBS,2026-10-09T05:27:24Z
2020-09-04,SNZ,25.41,26.19,25.33,25.8,21595,KBS,2026-10-09T05:27:24Z
2020-09-07,SNZ,25.88,25.88,25.17,25.17,24588,KBS,2026-10-09T05:27:24Z
2020-09-08,SNZ,25.64,25.64,25.02,25.02,11427,KBS,2026-10-09T05:27:24Z
2020-09-09,SNZ,24.94,25.02,22.67,24.55,73182,KBS,2026-10-09T05:27:24Z
2020-09-10,SNZ,25.02,25.64,25.02,25.48,26292,KBS,2026-10-09T05:27:24Z
2020-09-11,SNZ,25.48,25.8,25.48,25.48,19105,KBS,2026-10-09T05:27:24Z
2020-09-14,SNZ,25.48,25.56,24.31,25.02,40720,KBS,2026-10-09T05:27:24Z
2020-09-15,SNZ,25.02,25.48,24.78,24.94,41105,KBS,2026-10-09T05:27:24Z
2020-09-16,SNZ,24.94,25.09,24.39,24.86,25890,KBS,2026-10-09T05:27:24Z
2020-09-17,SNZ,24.62,25.02,24.31,24.62,37733,KBS,2026-10-09T05:27:24Z
2020-09-18,SNZ,24.62,25.02,24.39,24.47,23390,KBS,2026-10-09T05:27:24Z
2020-09-21,SNZ,25.02,25.02,24.39,24.39,42420,KBS,2026-10-09T05:27:24Z
2020-09-22,SNZ,24.55,24.7,24.31,24.62,29273,KBS,2026-10-09T05:27:24Z
2020-09-23,SNZ,24.62,24.94,24.31,24.94,28931,KBS,2026-10-09T05:27:24Z
2020-09-24,SNZ,24.62,24.94,24.62,24.86,15730,KBS,2026-10-09T05:27:24Z
2020-09-25,SNZ,24.7,24.7,24.39,24.55,33070,KBS,2026-10-09T05:27:24Z
2020-09-28,SNZ,24.7,24.7,24.23,24.31,19200,KBS,2026-10-09T05:27:24Z
2020-09-29,SNZ,24.31,24.62,23.37,23.69,24910,KBS,2026-10-09T05:27:24Z
2020-09-30,SNZ,23.14,24.62,23.14,24.62,45170,KBS,2026-10-09T05:27:24Z
2020-10-01,SNZ,24.23,24.86,24.23,24.23,30870,KBS,2026-10-09T05:27:24Z
2020-10-02,SNZ,24.47,24.47,22.9,23.84,43160,KBS,2026-10-09T05:27:24Z
2020-10-05,SNZ,23.92,24.7,23.69,24.7,37960,KBS,2026-10-09T05:27:24Z
2020-10-06,SNZ,24.94,24.94,24.23,24.23,17500,KBS,2026-10-09T05:27:24Z
2020-10-07,SNZ,24.39,24.55,24.16,24.23,35900,KBS,2026-10-09T05:27:24Z
2020-10-08,SNZ,24.26,24.58,23.86,24.26,14016,KBS,2026-10-09T05:27:24Z
2020-10-09,SNZ,24.1,24.58,24.1,24.26,15504,KBS,2026-10-09T05:27:24Z
2020-10-12,SNZ,24.26,24.42,24.26,24.26,25230,KBS,2026-10-09T05:27:24Z
2020-10-13,SNZ,23.86,24.1,23.14,23.86,12190,KBS,2026-10-09T05:27:24Z
2020-10-14,SNZ,23.86,24.26,23.06,23.62,19234,KBS,2026-10-09T05:27:24Z
2020-10-15,SNZ,23.62,23.62,23.06,23.46,14172,KBS,2026-10-09T05:27:24Z
2020-10-16,SNZ,23.3,23.46,21.47,22.43,25570,KBS,2026-10-09T05:27:24Z
2020-10-19,SNZ,21.71,22.27,21.71,22.03,31026,KBS,2026-10-09T05:27:24Z
2020-10-20,SNZ,21.47,21.47,18.61,21.08,54929,KBS,2026-10-09T05:27:24Z
2020-10-21,SNZ,20.6,21.79,20.6,21.79,20600,KBS,2026-10-09T05:27:24Z
2020-10-22,SNZ,21.47,21.87,21.47,21.87,16340,KBS,2026-10-09T05:27:24Z
2020-10-23,SNZ,21.63,21.63,20.84,21.47,8743,KBS,2026-10-09T05:27:24Z
2020-10-26,SNZ,20.68,21.39,20.44,21.08,23390,KBS,2026-10-09T05:27:24Z
2020-10-27,SNZ,20.68,20.92,20.28,20.28,1800,KBS,2026-10-09T05:27:24Z
2020-10-28,SNZ,20.68,22.11,20.68,20.76,62540,KBS,2026-10-09T05:27:24Z
2020-10-29,SNZ,21.08,21.87,21.0,21.39,15517,KBS,2026-10-09T05:27:24Z
2020-10-30,SNZ,21.47,22.67,21.47,22.51,16490,KBS,2026-10-09T05:27:24Z
2020-11-02,SNZ,22.51,22.51,21.47,21.87,9425,KBS,2026-10-09T05:27:24Z
2020-11-03,SNZ,21.87,22.27,21.47,21.87,16050,KBS,2026-10-09T05:27:24Z
2020-11-04,SNZ,21.79,23.14,21.79,23.14,47055,KBS,2026-10-09T05:27:24Z
2020-11-05,SNZ,23.46,24.26,22.59,22.67,16700,KBS,2026-10-09T05:27:24Z
2020-11-06,SNZ,22.35,22.98,21.87,22.11,3900,KBS,2026-10-09T05:27:24Z
2020-11-09,SNZ,22.83,22.83,21.95,22.75,15030,KBS,2026-10-09T05:27:24Z
2020-11-10,SNZ,22.43,23.22,22.35,22.83,49432,KBS,2026-10-09T05:27:24Z
2020-11-11,SNZ,22.59,23.06,22.03,22.03,12365,KBS,2026-10-09T05:27:24Z
2020-11-12,SNZ,22.83,22.83,22.11,22.27,3260,KBS,2026-10-09T05:27:24Z
2020-11-13,SNZ,22.67,22.67,22.19,22.67,15420,KBS,2026-10-09T05:27:24Z
2020-11-16,SNZ,22.43,23.06,22.35,22.67,6110,KBS,2026-10-09T05:27:24Z
2020-11-17,SNZ,22.43,23.54,22.43,23.22,66882,KBS,2026-10-09T05:27:24Z
2020-11-18,SNZ,23.22,24.26,23.06,24.18,27995,KBS,2026-10-09T05:27:24Z
2020-11-19,SNZ,24.26,24.5,23.46,24.26,59370,KBS,2026-10-09T05:27:24Z
2020-11-20,SNZ,24.02,24.26,23.78,24.18,31611,KBS,2026-10-09T05:27:24Z
2020-11-23,SNZ,24.18,24.18,23.14,23.54,27640,KBS,2026-10-09T05:27:24Z
2020-11-24,SNZ,23.86,24.02,23.22,23.54,29968,KBS,2026-10-09T05:27:24Z
2020-11-25,SNZ,23.22,24.58,23.06,24.02,66003,KBS,2026-10-09T05:27:24Z
2020-11-26,SNZ,24.1,25.29,24.02,24.73,59430,KBS,2026-10-09T05:27:24Z
2020-11-27,SNZ,24.73,25.29,24.34,24.97,16531,KBS,2026-10-09T05:27:24Z
2020-11-30,SNZ,24.97,24.97,24.02,24.02,24887,KBS,2026-10-09T05:27:24Z
2020-12-01,SNZ,22.83,24.66,22.83,24.66,48450,KBS,2026-10-09T05:27:24Z
2020-12-02,SNZ,24.18,25.05,24.18,24.81,22730,KBS,2026-10-09T05:27:24Z
2020-12-03,SNZ,24.81,25.29,24.66,24.73,33233,KBS,2026-10-09T05:27:24Z
2020-12-04,SNZ,24.66,24.97,24.34,24.5,35052,KBS,2026-10-09T05:27:24Z
2020-12-07,SNZ,24.58,24.73,24.34,24.73,34690,KBS,2026-10-09T05:27:24Z
2020-12-08,SNZ,24.66,24.73,24.18,24.5,23974,KBS,2026-10-09T05:27:24Z
2020-12-09,SNZ,24.58,24.58,24.18,24.18,49694,KBS,2026-10-09T05:27:24Z
2020-12-10,SNZ,24.1,24.18,23.78,23.86,22442,KBS,2026-10-09T05:27:24Z
2020-12-11,SNZ,23.94,23.94,23.62,23.62,16970,KBS,2026-10-09T05:27:24Z
2020-12-14,SNZ,23.78,24.42,23.62,24.34,47692,KBS,2026-10-09T05:27:24Z
2020-12-15,SNZ,24.34,25.93,24.34,25.37,119977,KBS,2026-10-09T05:27:24Z
2020-12-16,SNZ,26.01,26.17,25.37,25.37,57810,KBS,2026-10-09T05:27:24Z
2020-12-17,SNZ,26.25,26.25,25.21,25.45,60979,KBS,2026-10-09T05:27:24Z
2020-12-18,SNZ,25.05,25.61,24.97,25.45,27012,KBS,2026-10-09T05:27:24Z
2020-12-21,SNZ,25.45,26.48,25.45,26.48,78995,KBS,2026-10-09T05:27:24Z
2020-12-22,SNZ,26.25,28.63,25.93,27.84,76150,KBS,2026-10-09T05:27:24Z
2020-12-23,SNZ,27.84,28.23,26.64,26.72,47433,KBS,2026-10-09T05:27:24Z
2020-12-24,SNZ,27.04,27.52,25.45,25.93,38680,KBS,2026-10-09T05:27:24Z
2020-12-25,SNZ,25.93,27.2,25.93,26.88,41754,KBS,2026-10-09T05:27:24Z
2020-12-28,SNZ,26.88,27.68,26.72,27.6,51849,KBS,2026-10-09T05:27:24Z
2020-12-29,SNZ,27.44,27.44,26.32,26.56,31390,KBS,2026-10-09T05:27:24Z
2020-12-30,SNZ,26.32,26.56,26.25,26.32,27820,KBS,2026-10-09T05:27:24Z
2020-12-31,SNZ,26.4,26.88,25.45,26.88,48161,KBS,2026-10-09T05:27:24Z
2021-01-04,SNZ,26.88,29.59,26.25,28.63,71580,KBS,2026-10-09T05:27:24Z
2021-01-05,SNZ,28.63,29.82,28.0,28.15,60280,KBS,2026-10-09T05:27:24Z
2021-01-06,SNZ,28.55,28.63,28.15,28.39,47835,KBS,2026-10-09T05:27:24Z
2021-01-07,SNZ,28.39,28.39,27.84,27.92,19300,KBS,2026-10-09T05:27:24Z
2021-01-08,SNZ,28.08,29.43,27.76,29.43,72610,KBS,2026-10-09T05:27:24Z
2021-01-11,SNZ,29.43,29.43,27.92,29.19,31900,KBS,2026-10-09T05:27:24Z
2021-01-12,SNZ,28.63,28.95,28.63,28.87,20910,KBS,2026-10-09T05:27:24Z
2021-01-13,SNZ,29.03,29.03,28.31,28.39,51100,KBS,2026-10-09T05:27:24Z
2021-01-14,SNZ,28.31,28.47,27.84,28.23,34500,KBS,2026-10-09T05:27:24Z
2021-01-15,SNZ,28.08,29.74,28.08,29.11,52200,KBS,2026-10-09T05:27:24Z
2021-01-18,SNZ,29.43,31.1,29.27,30.86,92534,KBS,2026-10-09T05:27:24Z
2021-01-19,SNZ,31.02,31.02,25.85,28.63,60780,KBS,2026-10-09T05:27:24Z
2021-01-20,SNZ,28.63,28.71,27.2,28.55,45878,KBS,2026-10-09T05:27:24Z
2021-01-21,SNZ,28.23,29.27,28.23,28.23,44809,KBS,2026-10-09T05:27:24Z
2021-01-22,SNZ,29.11,29.35,28.31,28.47,24422,KBS,2026-10-09T05:27:24Z
2021-01-25,SNZ,29.11,29.11,28.23,28.31,25800,KBS,2026-10-09T05:27:24Z
2021-01-26,SNZ,28.23,28.39,26.8,26.8,39400,KBS,2026-10-09T05:27:24Z
2021-01-27,SNZ,27.04,28.95,26.25,26.8,65515,KBS,2026-10-09T05:27:24Z
2021-01-28,SNZ,25.69,28.15,23.3,23.62,55030,KBS,2026-10-09T05:27:24Z
2021-01-29,SNZ,23.86,26.96,23.86,26.17,20200,KBS,2026-10-09T05:27:24Z
2021-02-01,SNZ,24.89,24.97,23.54,24.89,10520,KBS,2026-10-09T05:27:24Z
2021-02-02,SNZ,24.66,24.89,23.7,24.89,9301,KBS,2026-10-09T05:27:24Z
2021-02-03,SNZ,24.89,25.85,24.26,25.45,9610,KBS,2026-10-09T05:27:24Z
2021-02-04,SNZ,25.45,26.17,24.97,26.01,12700,KBS,2026-10-09T05:27:24Z
2021-02-05,SNZ,25.45,25.53,25.45,25.45,13701,KBS,2026-10-09T05:27:24Z
2021-02-08,SNZ,25.45,25.45,24.66,25.45,24800,KBS,2026-10-09T05:27:24Z
2021-02-09,SNZ,25.13,25.85,25.13,25.85,10500,KBS,2026-10-09T05:27:24Z
2021-02-17,SNZ,27.04,27.04,25.85,26.64,17200,KBS,2026-10-09T05:27:24Z
2021-02-18,SNZ,26.01,26.48,26.01,26.25,22400,KBS,2026-10-09T05:27:24Z
2021-02-19,SNZ,25.45,26.48,25.45,26.48,23000,KBS,2026-10-09T05:27:24Z
2021-02-22,SNZ,26.09,26.64,25.85,26.25,19200,KBS,2026-10-09T05:27:24Z
2021-02-23,SNZ,26.25,26.64,26.25,26.64,16400,KBS,2026-10-09T05:27:24Z
2021-02-24,SNZ,26.25,26.4,25.93,26.17,16018,KBS,2026-10-09T05:27:24Z
2021-02-25,SNZ,25.93,26.64,25.85,26.25,15450,KBS,2026-10-09T05:27:24Z
2021-02-26,SNZ,25.93,27.44,25.45,27.44,79526,KBS,2026-10-09T05:27:24Z
2021-03-01,SNZ,27.04,28.63,27.04,28.39,52712,KBS,2026-10-09T05:27:24Z
2021-03-02,SNZ,28.15,28.15,27.68,27.68,46700,KBS,2026-10-09T05:27:24Z
2021-03-03,SNZ,27.6,29.03,27.6,28.63,58900,KBS,2026-10-09T05:27:24Z
2021-03-04,SNZ,29.35,29.35,27.52,28.39,26500,KBS,2026-10-09T05:27:24Z
2021-03-05,SNZ,27.52,27.92,27.52,27.92,13700,KBS,2026-10-09T05:27:24Z
2021-03-08,SNZ,28.63,28.63,27.84,28.23,20700,KBS,2026-10-09T05:27:24Z
2021-03-09,SNZ,29.43,29.43,27.84,28.23,30500,KBS,2026-10-09T05:27:24Z
2021-03-10,SNZ,27.84,28.23,27.84,27.84,16409,KBS,2026-10-09T05:27:24Z
2021-03-11,SNZ,28.55,28.55,26.96,28.15,23500,KBS,2026-10-09T05:27:24Z
2021-03-12,SNZ,27.52,28.47,27.52,28.47,42509,KBS,2026-10-09T05:27:24Z
2021-03-15,SNZ,28.31,28.31,27.68,28.31,2600,KBS,2026-10-09T05:27:24Z
2021-03-16,SNZ,28.08,29.03,27.84,28.63,52709,KBS,2026-10-09T05:27:24Z
2021-03-17,SNZ,28.31,29.03,28.31,28.71,13909,KBS,2026-10-09T05:27:24Z
2021-03-18,SNZ,28.55,29.03,28.47,28.71,22502,KBS,2026-10-09T05:27:24Z
2021-03-19,SNZ,28.63,28.71,27.84,28.71,18800,KBS,2026-10-09T05:27:24Z
2021-03-22,SNZ,28.31,28.55,27.92,28.55,17700,KBS,2026-10-09T05:27:24Z
2021-03-23,SNZ,25.93,28.47,25.93,28.23,16302,KBS,2026-10-09T05:27:24Z
2021-03-24,SNZ,28.0,28.15,26.72,28.15,11930,KBS,2026-10-09T05:27:24Z
2021-03-25,SNZ,26.32,27.76,26.32,27.76,16500,KBS,2026-10-09T05:27:24Z
2021-03-26,SNZ,26.64,27.76,26.32,27.52,18500,KBS,2026-10-09T05:27:24Z
2021-03-29,SNZ,27.44,27.84,27.44,27.84,10975,KBS,2026-10-09T05:27:24Z
2021-03-30,SNZ,26.64,27.92,25.45,27.92,13100,KBS,2026-10-09T05:27:24Z
2021-03-31,SNZ,26.56,28.0,26.56,28.0,3816,KBS,2026-10-09T05:27:24Z
2021-04-01,SNZ,27.28,28.47,26.8,28.08,4900,KBS,2026-10-09T05:27:24Z
2021-04-02,SNZ,27.2,27.68,27.04,27.6,16700,KBS,2026-10-09T05:27:24Z
2021-04-05,SNZ,27.44,27.44,26.4,27.28,18900,KBS,2026-10-09T05:27:24Z
2021-04-06,SNZ,26.64,26.72,26.4,26.4,50300,KBS,2026-10-09T05:27:24Z
2021-04-07,SNZ,26.56,26.72,26.25,26.48,22500,KBS,2026-10-09T05:27:24Z
2021-04-08,SNZ,26.4,26.4,25.85,26.4,32500,KBS,2026-10-09T05:27:24Z
2021-04-09,SNZ,26.32,26.96,26.32,26.96,6500,KBS,2026-10-09T05:27:24Z
2021-04-12,SNZ,25.45,26.48,25.37,26.25,22600,KBS,2026-10-09T05:27:24Z
2021-04-13,SNZ,25.93,27.84,25.93,27.04,23530,KBS,2026-10-09T05:27:24Z
2021-04-14,SNZ,27.04,27.04,26.72,26.96,4400,KBS,2026-10-09T05:27:24Z
2021-04-15,SNZ,26.72,26.72,25.45,25.61,13271,KBS,2026-10-09T05:27:24Z
2021-04-16,SNZ,25.53,25.53,25.29,25.29,7100,KBS,2026-10-09T05:27:24Z
2021-04-19,SNZ,25.45,26.25,25.45,26.25,4100,KBS,2026-10-09T05:27:24Z
2021-04-20,SNZ,25.45,25.45,25.45,25.45,8200,KBS,2026-10-09T05:27:24Z
2021-04-22,SNZ,25.45,25.61,24.34,25.45,7601,KBS,2026-10-09T05:27:24Z
2021-04-23,SNZ,24.02,24.89,23.06,24.66,22700,KBS,2026-10-09T05:27:24Z
2021-04-26,SNZ,23.86,23.94,23.3,23.46,19900,KBS,2026-10-09T05:27:24Z
2021-04-27,SNZ,23.46,23.54,23.46,23.54,2700,KBS,2026-10-09T05:27:24Z
2021-04-28,SNZ,24.18,24.66,24.1,24.42,8000,KBS,2026-10-09T05:27:24Z
2021-04-29,SNZ,24.66,24.66,24.26,24.34,3200,KBS,2026-10-09T05:27:24Z
2021-05-04,SNZ,24.18,24.18,23.86,24.1,5005,KBS,2026-10-09T05:27:24Z
2021-05-05,SNZ,24.18,24.18,23.38,23.86,9700,KBS,2026-10-09T05:27:24Z
2021-05-06,SNZ,24.02,24.1,23.54,23.7,5800,KBS,2026-10-09T05:27:24Z
2021-05-07,SNZ,23.7,23.7,23.14,23.46,8400,KBS,2026-10-09T05:27:24Z
2021-05-10,SNZ,23.38,23.78,22.67,23.7,6200,KBS,2026-10-09T05:27:24Z
2021-05-11,SNZ,23.7,23.7,22.9,23.46,15300,KBS,2026-10-09T05:27:24Z
2021-05-12,SNZ,23.38,24.66,23.38,24.26,21000,KBS,2026-10-09T05:27:24Z
2021-05-13,SNZ,23.94,24.58,23.78,24.58,14400,KBS,2026-10-09T05:27:24Z
2021-05-14,SNZ,23.46,24.5,23.38,23.38,7600,KBS,2026-10-09T05:27:24Z
2021-05-17,SNZ,23.54,23.54,23.54,23.54,300,KBS,2026-10-09T05:27:24Z
2021-05-18,SNZ,24.5,24.5,23.06,23.06,400,KBS,2026-10-09T05:27:24Z
2021-05-19,SNZ,23.14,23.14,22.27,22.59,3315,KBS,2026-10-09T05:27:24Z
2021-05-20,SNZ,22.51,23.06,20.68,22.27,13980,KBS,2026-10-09T05:27:24Z
2021-05-21,SNZ,23.06,23.78,22.98,23.78,5300,KBS,2026-10-09T05:27:24Z
2021-05-24,SNZ,22.43,23.78,22.43,23.38,8800,KBS,2026-10-09T05:27:24Z
2021-05-25,SNZ,23.14,23.3,22.9,23.06,6000,KBS,2026-10-09T05:27:24Z
2021-05-26,SNZ,22.83,23.38,22.83,23.38,9201,KBS,2026-10-09T05:27:24Z
2021-05-27,SNZ,23.38,23.38,22.67,22.67,1926,KBS,2026-10-09T05:27:24Z
2021-05-28,SNZ,22.51,22.9,22.27,22.9,8200,KBS,2026-10-09T05:27:24Z
2021-05-31,SNZ,22.43,22.9,22.19,22.67,3300,KBS,2026-10-09T05:27:24Z
2021-06-01,SNZ,22.43,22.43,21.87,22.19,6601,KBS,2026-10-09T05:27:24Z
2021-06-02,SNZ,22.19,22.67,22.11,22.19,4420,KBS,2026-10-09T05:27:24Z
2021-06-03,SNZ,22.27,22.9,22.27,22.67,18614,KBS,2026-10-09T05:27:24Z
2021-06-04,SNZ,22.67,22.9,22.51,22.59,11446,KBS,2026-10-09T05:27:24Z
2021-06-07,SNZ,22.75,23.3,22.67,23.22,4125,KBS,2026-10-09T05:27:24Z
2021-06-08,SNZ,23.22,23.7,22.75,22.9,15800,KBS,2026-10-09T05:27:24Z
2021-06-09,SNZ,21.47,23.22,19.8,22.98,7100,KBS,2026-10-09T05:27:24Z
2021-06-10,SNZ,22.35,22.83,22.27,22.83,8700,KBS,2026-10-09T05:27:24Z
2021-06-11,SNZ,22.67,22.67,22.43,22.43,3200,KBS,2026-10-09T05:27:24Z
2021-06-14,SNZ,22.43,22.9,22.43,22.9,11100,KBS,2026-10-09T05:27:24Z
2021-06-15,SNZ,22.83,24.5,22.43,23.54,22500,KBS,2026-10-09T05:27:24Z
2021-06-16,SNZ,22.98,23.3,22.98,23.3,7100,KBS,2026-10-09T05:27:24Z
2021-06-17,SNZ,22.75,23.14,22.75,23.14,7501,KBS,2026-10-09T05:27:24Z
2021-06-18,SNZ,23.78,23.78,22.67,23.06,6739,KBS,2026-10-09T05:27:24Z
2021-06-21,SNZ,22.83,23.46,22.83,22.83,8201,KBS,2026-10-09T05:27:24Z
2021-06-22,SNZ,23.06,23.22,22.83,22.9,7200,KBS,2026-10-09T05:27:24Z
2021-06-23,SNZ,23.06,23.22,22.83,22.83,14060,KBS,2026-10-09T05:27:24Z
2021-06-24,SNZ,22.83,22.9,22.59,22.83,4300,KBS,2026-10-09T05:27:24Z
2021-06-25,SNZ,23.22,23.22,22.83,23.06,9400,KBS,2026-10-09T05:27:24Z
2021-06-28,SNZ,22.98,23.22,22.98,23.22,10800,KBS,2026-10-09T05:27:24Z
2021-06-29,SNZ,23.06,23.22,22.75,23.14,9440,KBS,2026-10-09T05:27:24Z
2021-06-30,SNZ,23.14,23.14,22.75,22.9,8500,KBS,2026-10-09T05:27:24Z
2021-07-01,SNZ,22.9,23.14,22.9,22.9,12700,KBS,2026-10-09T05:27:24Z
2021-07-02,SNZ,22.83,22.9,22.27,22.27,26202,KBS,2026-10-09T05:27:24Z
2021-07-05,SNZ,22.35,22.35,22.03,22.03,10600,KBS,2026-10-09T05:27:24Z
2021-07-06,SNZ,21.95,22.59,21.55,21.63,17400,KBS,2026-10-09T05:27:24Z
2021-07-07,SNZ,20.28,22.27,20.28,21.95,5321,KBS,2026-10-09T05:27:24Z
2021-07-08,SNZ,22.27,22.27,21.79,22.03,3500,KBS,2026-10-09T05:27:24Z
2021-07-09,SNZ,21.71,21.71,21.71,21.71,1500,KBS,2026-10-09T05:27:24Z
2021-07-12,SNZ,20.68,20.68,19.88,20.04,10700,KBS,2026-10-09T05:27:24Z
2021-07-13,SNZ,20.68,22.27,20.68,20.76,3400,KBS,2026-10-09T05:27:24Z
2021-07-14,SNZ,21.08,21.16,21.08,21.16,1510,KBS,2026-10-09T05:27:24Z
2021-07-15,SNZ,21.0,21.24,21.0,21.24,1200,KBS,2026-10-09T05:27:24Z
2021-07-16,SNZ,21.79,21.79,20.92,20.92,5300,KBS,2026-10-09T05:27:24Z
2021-07-19,SNZ,21.08,21.63,21.08,21.08,2300,KBS,2026-10-09T05:27:24Z
2021-07-20,SNZ,21.24,21.47,21.24,21.47,740,KBS,2026-10-09T05:27:24Z
2021-07-21,SNZ,21.16,21.47,21.16,21.47,2400,KBS,2026-10-09T05:27:24Z
2021-07-22,SNZ,21.87,21.95,21.63,21.95,6200,KBS,2026-10-09T05:27:24Z
2021-07-23,SNZ,22.11,22.11,21.87,21.87,3300,KBS,2026-10-09T05:27:24Z
2021-07-26,SNZ,21.47,21.47,21.08,21.47,1600,KBS,2026-10-09T05:27:24Z
2021-07-27,SNZ,22.27,22.27,22.11,22.11,600,KBS,2026-10-09T05:27:24Z
2021-07-29,SNZ,22.11,22.11,21.87,21.87,700,KBS,2026-10-09T05:27:24Z
2021-07-30,SNZ,21.47,21.87,21.47,21.87,820,KBS,2026-10-09T05:27:24Z
2021-08-02,SNZ,22.11,22.11,22.11,22.11,6100,KBS,2026-10-09T05:27:24Z
2021-08-03,SNZ,22.11,22.43,22.11,22.43,10100,KBS,2026-10-09T05:27:24Z
2021-08-04,SNZ,25.45,25.45,21.39,22.27,6500,KBS,2026-10-09T05:27:24Z
2021-08-05,SNZ,22.27,22.27,22.19,22.19,3300,KBS,2026-10-09T05:27:24Z
2021-08-06,SNZ,22.27,22.27,21.47,22.19,14100,KBS,2026-10-09T05:27:24Z
2021-08-09,SNZ,22.27,22.35,22.19,22.27,6710,KBS,2026-10-09T05:27:24Z
2021-08-10,SNZ,22.27,22.43,22.19,22.27,3610,KBS,2026-10-09T05:27:24Z
2021-08-11,SNZ,21.95,22.19,21.95,22.03,6700,KBS,2026-10-09T05:27:24Z
2021-08-12,SNZ,22.11,22.59,22.11,22.51,12660,KBS,2026-10-09T05:27:24Z
2021-08-13,SNZ,22.35,22.43,22.11,22.11,10000,KBS,2026-10-09T05:27:24Z
2021-08-16,SNZ,22.67,22.67,22.27,22.43,8700,KBS,2026-10-09T05:27:24Z
2021-08-17,SNZ,22.35,22.67,22.35,22.35,21600,KBS,2026-10-09T05:27:24Z
2021-08-18,SNZ,22.43,22.67,22.27,22.35,25800,KBS,2026-10-09T05:27:24Z
2021-08-19,SNZ,22.27,22.83,22.27,22.75,11000,KBS,2026-10-09T05:27:24Z
2021-08-20,SNZ,22.9,22.9,22.27,22.43,12200,KBS,2026-10-09T05:27:24Z
2021-08-23,SNZ,21.87,22.27,21.87,21.87,5400,KBS,2026-10-09T05:27:24Z
2021-08-24,SNZ,21.95,21.95,21.47,21.47,11600,KBS,2026-10-09T05:27:24Z
2021-08-25,SNZ,21.63,21.63,21.63,21.63,300,KBS,2026-10-09T05:27:24Z
2021-08-26,SNZ,21.71,22.11,21.71,21.71,6500,KBS,2026-10-09T05:27:24Z
2021-08-27,SNZ,22.11,22.19,22.11,22.19,5600,KBS,2026-10-09T05:27:24Z
2021-08-30,SNZ,22.67,22.67,21.95,22.43,8200,KBS,2026-10-09T05:27:24Z
2021-08-31,SNZ,22.27,23.86,22.27,23.62,28640,KBS,2026-10-09T05:27:24Z
2021-09-01,SNZ,23.62,23.7,23.14,23.46,9800,KBS,2026-10-09T05:27:24Z
2021-09-06,SNZ,23.54,24.1,23.54,23.94,10113,KBS,2026-10-09T05:27:24Z
2021-09-07,SNZ,23.22,23.3,22.75,23.06,6200,KBS,2026-10-09T05:27:24Z
2021-09-08,SNZ,23.14,23.14,22.75,23.06,6200,KBS,2026-10-09T05:27:24Z
2021-09-09,SNZ,23.86,23.86,22.83,23.38,3900,KBS,2026-10-09T05:27:24Z
2021-09-10,SNZ,23.3,23.46,23.14,23.22,16800,KBS,2026-10-09T05:27:24Z
2021-09-13,SNZ,23.14,23.46,23.14,23.3,11400,KBS,2026-10-09T05:27:24Z
2021-09-14,SNZ,23.3,23.46,23.3,23.3,13900,KBS,2026-10-09T05:27:24Z
2021-09-15,SNZ,23.3,23.7,23.22,23.7,13400,KBS,2026-10-09T05:27:24Z
2021-09-16,SNZ,23.54,23.62,23.46,23.46,6625,KBS,2026-10-09T05:27:24Z
2021-09-17,SNZ,23.14,23.62,23.14,23.54,4600,KBS,2026-10-09T05:27:24Z
2021-09-20,SNZ,23.46,23.54,23.38,23.46,11400,KBS,2026-10-09T05:27:24Z
2021-09-21,SNZ,23.46,23.86,23.22,23.86,19400,KBS,2026-10-09T05:27:24Z
2021-09-22,SNZ,23.86,24.02,23.14,23.86,7100,KBS,2026-10-09T05:27:24Z
2021-09-23,SNZ,23.86,25.13,23.54,25.05,22800,KBS,2026-10-09T05:27:24Z
2021-09-24,SNZ,24.66,25.05,24.66,24.81,8210,KBS,2026-10-09T05:27:24Z
2021-09-27,SNZ,25.13,25.13,23.46,23.46,25100,KBS,2026-10-09T05:27:24Z
2021-09-28,SNZ,23.46,24.18,23.46,23.7,6600,KBS,2026-10-09T05:27:24Z
2021-09-29,SNZ,23.7,23.7,23.14,23.14,7011,KBS,2026-10-09T05:27:24Z
2021-09-30,SNZ,23.22,23.86,23.14,23.78,6600,KBS,2026-10-09T05:27:24Z
2021-10-01,SNZ,23.9,24.31,23.9,23.9,5110,KBS,2026-10-09T05:27:24Z
2021-10-04,SNZ,24.31,24.31,24.23,24.31,7700,KBS,2026-10-09T05:27:24Z
2021-10-05,SNZ,24.23,24.23,24.23,24.23,6600,KBS,2026-10-09T05:27:24Z
2021-10-06,SNZ,24.31,24.31,23.98,23.98,2000,KBS,2026-10-09T05:27:24Z
2021-10-07,SNZ,23.9,24.39,23.9,24.39,12100,KBS,2026-10-09T05:27:24Z
2021-10-08,SNZ,24.39,24.56,24.39,24.48,10000,KBS,2026-10-09T05:27:24Z
2021-10-11,SNZ,25.55,25.55,24.89,24.89,1010,KBS,2026-10-09T05:27:24Z
2021-10-12,SNZ,24.89,24.89,24.15,24.15,9700,KBS,2026-10-09T05:27:24Z
2021-10-13,SNZ,24.15,24.23,23.9,23.98,4600,KBS,2026-10-09T05:27:24Z
2021-10-14,SNZ,23.98,24.15,23.98,24.15,1920,KBS,2026-10-09T05:27:24Z
2021-10-15,SNZ,23.98,24.31,23.9,23.98,16900,KBS,2026-10-09T05:27:24Z
2021-10-18,SNZ,23.98,24.64,23.98,24.15,6450,KBS,2026-10-09T05:27:24Z
2021-10-19,SNZ,25.05,25.14,24.48,24.56,4100,KBS,2026-10-09T05:27:24Z
2021-10-20,SNZ,24.89,24.89,24.56,24.56,10800,KBS,2026-10-09T05:27:24Z
2021-10-21,SNZ,25.14,25.38,24.97,25.38,19800,KBS,2026-10-09T05:27:24Z
2021-10-22,SNZ,25.14,25.55,25.05,25.55,11400,KBS,2026-10-09T05:27:24Z
2021-10-25,SNZ,25.3,25.88,24.89,24.89,6100,KBS,2026-10-09T05:27:24Z
2021-10-26,SNZ,24.72,24.72,24.72,24.72,1410,KBS,2026-10-09T05:27:24Z
2021-10-27,SNZ,24.8,26.78,24.8,26.37,68484,KBS,2026-10-09T05:27:24Z
2021-10-28,SNZ,27.2,28.43,26.37,27.2,24930,KBS,2026-10-09T05:27:24Z
2021-10-29,SNZ,27.44,27.52,27.2,27.36,15210,KBS,2026-10-09T05:27:24Z
2021-11-01,SNZ,27.44,28.76,27.36,28.18,63497,KBS,2026-10-09T05:27:24Z
2021-11-02,SNZ,28.02,30.49,28.02,30.33,42749,KBS,2026-10-09T05:27:24Z
2021-11-03,SNZ,30.08,30.49,28.43,29.01,31900,KBS,2026-10-09T05:27:24Z
2021-11-04,SNZ,29.17,29.58,28.18,29.26,15400,KBS,2026-10-09T05:27:24Z
2021-11-05,SNZ,28.84,28.84,28.1,28.84,28176,KBS,2026-10-09T05:27:24Z
2021-11-08,SNZ,28.84,29.91,28.84,29.17,26000,KBS,2026-10-09T05:27:24Z
2021-11-09,SNZ,29.34,29.67,29.26,29.26,12600,KBS,2026-10-09T05:27:24Z
2021-11-10,SNZ,29.34,29.67,29.17,29.26,23300,KBS,2026-10-09T05:27:24Z
2021-11-11,SNZ,29.26,29.67,29.26,29.67,22700,KBS,2026-10-09T05:27:24Z
2021-11-12,SNZ,30.49,30.49,29.5,30.41,7220,KBS,2026-10-09T05:27:24Z
2021-11-15,SNZ,30.08,30.99,29.91,30.41,14300,KBS,2026-10-09T05:27:24Z
2021-11-16,SNZ,30.33,30.33,29.83,30.16,18200,KBS,2026-10-09T05:27:24Z
2021-11-17,SNZ,30.16,30.9,30.16,30.9,9400,KBS,2026-10-09T05:27:24Z
2021-11-18,SNZ,31.15,31.32,30.49,30.82,11000,KBS,2026-10-09T05:27:24Z
2021-11-19,SNZ,31.32,31.32,27.2,30.49,7000,KBS,2026-10-09T05:27:24Z
2021-11-22,SNZ,30.9,30.9,28.76,30.33,17900,KBS,2026-10-09T05:27:24Z
2021-11-23,SNZ,29.42,29.5,28.84,29.42,12050,KBS,2026-10-09T05:27:24Z
2021-11-24,SNZ,29.17,29.17,28.43,28.84,2600,KBS,2026-10-09T05:27:24Z
2021-11-25,SNZ,28.84,28.84,28.18,28.76,8600,KBS,2026-10-09T05:27:24Z
2021-11-26,SNZ,28.51,29.67,28.51,29.67,2010,KBS,2026-10-09T05:27:24Z
2021-11-29,SNZ,29.5,29.5,28.68,29.34,6549,KBS,2026-10-09T05:27:24Z
2021-11-30,SNZ,30.33,30.33,28.84,29.67,5800,KBS,2026-10-09T05:27:24Z
2021-12-01,SNZ,29.01,29.67,29.01,29.67,2500,KBS,2026-10-09T05:27:24Z
2021-12-02,SNZ,29.5,29.5,29.5,29.5,400,KBS,2026-10-09T05:27:24Z
2021-12-03,SNZ,29.5,29.5,28.35,28.35,5900,KBS,2026-10-09T05:27:24Z
2021-12-06,SNZ,28.1,28.35,27.2,27.2,5100,KBS,2026-10-09T05:27:24Z
2021-12-07,SNZ,27.2,28.76,27.2,28.76,510,KBS,2026-10-09T05:27:24Z
2021-12-08,SNZ,27.2,28.02,27.2,28.02,3759,KBS,2026-10-09T05:27:24Z
2021-12-09,SNZ,27.28,27.94,27.28,27.94,900,KBS,2026-10-09T05:27:24Z
2021-12-10,SNZ,28.02,28.51,27.61,27.61,1500,KBS,2026-10-09T05:27:24Z
2021-12-13,SNZ,28.76,30.08,28.76,29.58,21940,KBS,2026-10-09T05:27:24Z
2021-12-14,SNZ,29.09,29.09,29.01,29.01,700,KBS,2026-10-09T05:27:24Z
2021-12-15,SNZ,29.01,29.26,25.63,28.84,10040,KBS,2026-10-09T05:27:24Z
2021-12-16,SNZ,28.43,29.26,28.18,29.01,19200,KBS,2026-10-09T05:27:24Z
2021-12-17,SNZ,29.5,29.5,28.68,28.76,5800,KBS,2026-10-09T05:27:24Z
2021-12-20,SNZ,29.26,29.5,28.02,29.09,9275,KBS,2026-10-09T05:27:24Z
2021-12-21,SNZ,28.92,28.92,28.1,28.92,3879,KBS,2026-10-09T05:27:24Z
2021-12-22,SNZ,28.68,28.84,28.02,28.02,12900,KBS,2026-10-09T05:27:24Z
2021-12-23,SNZ,28.68,28.68,28.02,28.43,15621,KBS,2026-10-09T05:27:24Z
2021-12-24,SNZ,25.14,28.18,24.72,28.02,8600,KBS,2026-10-09T05:27:24Z
2021-12-27,SNZ,28.6,28.6,27.94,28.02,12400,KBS,2026-10-09T05:27:24Z
2021-12-28,SNZ,28.02,29.26,28.02,29.26,35300,KBS,2026-10-09T05:27:24Z
2021-12-29,SNZ,28.84,32.72,28.84,32.72,76958,KBS,2026-10-09T05:27:24Z
2021-12-30,SNZ,35.44,35.76,35.44,35.76,38503,KBS,2026-10-09T05:27:24Z
2021-12-31,SNZ,37.08,41.12,37.08,40.13,95400,KBS,2026-10-09T05:27:24Z
2022-01-04,SNZ,40.38,40.38,37.99,40.3,58461,KBS,2026-10-09T05:27:24Z
2022-01-05,SNZ,40.96,41.37,40.38,41.37,72000,KBS,2026-10-09T05:27:24Z
2022-01-06,SNZ,41.53,46.89,41.53,46.89,75507,KBS,2026-10-09T05:27:24Z
2022-01-07,SNZ,52.58,52.74,46.97,52.74,99101,KBS,2026-10-09T05:27:24Z
2022-01-10,SNZ,57.69,60.24,56.04,60.24,89545,KBS,2026-10-09T05:27:24Z
2022-01-11,SNZ,57.69,67.58,57.69,64.2,115846,KBS,2026-10-09T05:27:24Z
2022-01-12,SNZ,61.81,62.63,56.86,57.69,73211,KBS,2026-10-09T05:27:24Z
2022-01-13,SNZ,60.16,64.11,49.78,51.92,46544,KBS,2026-10-09T05:27:24Z
2022-01-14,SNZ,46.15,52.74,46.15,49.44,34000,KBS,2026-10-09T05:27:24Z
2022-01-17,SNZ,50.27,51.92,44.42,44.5,48650,KBS,2026-10-09T05:27:24Z
2022-01-18,SNZ,42.85,45.9,40.22,41.12,50104,KBS,2026-10-09T05:27:24Z
2022-01-19,SNZ,42.03,46.15,41.2,44.91,20501,KBS,2026-10-09T05:27:24Z
2022-01-20,SNZ,47.63,49.44,45.98,49.44,47150,KBS,2026-10-09T05:27:24Z
2022-01-21,SNZ,52.58,53.56,51.09,53.07,38350,KBS,2026-10-09T05:27:24Z
2022-01-24,SNZ,57.69,59.33,45.32,50.19,32400,KBS,2026-10-09T05:27:24Z
2022-01-25,SNZ,50.19,52.58,47.38,52.58,21222,KBS,2026-10-09T05:27:24Z
2022-01-26,SNZ,54.97,54.97,49.44,51.42,21500,KBS,2026-10-09T05:27:24Z
2022-01-27,SNZ,51.01,52.33,46.15,50.68,10200,KBS,2026-10-09T05:27:24Z
2022-01-28,SNZ,51.84,51.84,44.5,48.7,29329,KBS,2026-10-09T05:27:24Z
2022-02-07,SNZ,49.44,51.92,49.44,49.86,14700,KBS,2026-10-09T05:27:24Z
2022-02-08,SNZ,50.93,50.93,46.56,50.27,19400,KBS,2026-10-09T05:27:24Z
2022-02-09,SNZ,49.44,49.44,45.49,48.21,8600,KBS,2026-10-09T05:27:24Z
2022-02-10,SNZ,48.62,48.87,46.23,48.21,10700,KBS,2026-10-09T05:27:24Z
2022-02-11,SNZ,47.71,47.71,45.98,47.38,19300,KBS,2026-10-09T05:27:24Z
2022-02-14,SNZ,47.38,49.28,45.82,46.97,15500,KBS,2026-10-09T05:27:24Z
2022-02-15,SNZ,49.44,51.01,46.15,46.56,15600,KBS,2026-10-09T05:27:24Z
2022-02-16,SNZ,47.71,48.13,46.56,46.56,7400,KBS,2026-10-09T05:27:24Z
2022-02-17,SNZ,46.56,46.81,45.74,46.48,20722,KBS,2026-10-09T05:27:24Z
2022-02-18,SNZ,46.73,49.36,46.15,47.3,9400,KBS,2026-10-09T05:27:24Z
2022-02-21,SNZ,48.29,48.54,46.31,46.89,18240,KBS,2026-10-09T05:27:24Z
2022-02-22,SNZ,47.38,47.38,45.32,46.81,8400,KBS,2026-10-09T05:27:24Z
2022-02-23,SNZ,46.97,47.63,45.32,46.97,42060,KBS,2026-10-09T05:27:24Z
2022-02-24,SNZ,47.14,47.14,44.5,46.15,26200,KBS,2026-10-09T05:27:24Z
2022-02-25,SNZ,46.97,46.97,45.32,45.82,8600,KBS,2026-10-09T05:27:24Z
2022-02-28,SNZ,46.15,46.97,43.02,45.32,16100,KBS,2026-10-09T05:27:24Z
2022-03-01,SNZ,45.24,45.24,43.26,44.91,27145,KBS,2026-10-09T05:27:24Z
2022-03-02,SNZ,44.5,45.16,42.69,44.5,33200,KBS,2026-10-09T05:27:24Z
2022-03-03,SNZ,43.68,43.68,42.69,43.51,24600,KBS,2026-10-09T05:27:24Z
2022-03-04,SNZ,42.85,44.75,42.85,44.25,18035,KBS,2026-10-09T05:27:24Z
2022-03-07,SNZ,43.92,44.91,43.92,44.09,20200,KBS,2026-10-09T05:27:24Z
2022-03-08,SNZ,44.34,46.15,44.09,44.09,36620,KBS,2026-10-09T05:27:24Z
2022-03-09,SNZ,42.94,44.34,42.85,44.09,17300,KBS,2026-10-09T05:27:24Z
2022-03-10,SNZ,45.65,45.65,43.51,43.68,5900,KBS,2026-10-09T05:27:24Z
2022-03-11,SNZ,44.5,44.5,42.03,42.85,25400,KBS,2026-10-09T05:27:24Z
2022-03-14,SNZ,42.77,42.77,41.2,41.95,8400,KBS,2026-10-09T05:27:24Z
2022-03-15,SNZ,42.85,44.5,41.29,43.43,13100,KBS,2026-10-09T05:27:24Z
2022-03-16,SNZ,43.26,44.01,43.1,43.1,23300,KBS,2026-10-09T05:27:24Z
2022-03-17,SNZ,43.59,43.59,42.69,42.69,4300,KBS,2026-10-09T05:27:24Z
2022-03-18,SNZ,42.85,43.02,42.6,43.02,4000,KBS,2026-10-09T05:27:24Z
2022-03-21,SNZ,43.18,43.18,42.03,42.85,12500,KBS,2026-10-09T05:27:24Z
2022-03-22,SNZ,42.85,43.18,42.85,43.02,2500,KBS,2026-10-09T05:27:24Z
2022-03-23,SNZ,43.02,43.18,42.6,42.6,7800,KBS,2026-10-09T05:27:24Z
2022-03-24,SNZ,42.85,42.94,42.44,42.44,1900,KBS,2026-10-09T05:27:24Z
2022-03-25,SNZ,43.43,43.51,43.18,43.18,6700,KBS,2026-10-09T05:27:24Z
2022-03-28,SNZ,44.42,44.42,42.85,42.85,10200,KBS,2026-10-09T05:27:24Z
2022-03-29,SNZ,43.59,43.59,42.85,43.26,5400,KBS,2026-10-09T05:27:24Z
2022-03-30,SNZ,43.59,43.59,42.44,43.43,2600,KBS,2026-10-09T05:27:24Z
2022-03-31,SNZ,43.35,43.35,41.2,42.85,16500,KBS,2026-10-09T05:27:24Z
2022-04-01,SNZ,43.68,43.84,42.03,43.02,10800,KBS,2026-10-09T05:27:24Z
2022-04-04,SNZ,43.51,43.51,42.44,42.52,16500,KBS,2026-10-09T05:27:24Z
2022-04-05,SNZ,42.6,43.1,42.03,42.28,6700,KBS,2026-10-09T05:27:24Z
2022-04-06,SNZ,43.18,43.18,41.62,41.7,5802,KBS,2026-10-09T05:27:24Z
2022-04-07,SNZ,41.78,42.44,40.79,42.19,17803,KBS,2026-10-09T05:27:24Z
2022-04-08,SNZ,42.69,42.69,40.88,42.19,7700,KBS,2026-10-09T05:27:24Z
2022-04-12,SNZ,42.85,43.18,39.8,39.97,10300,KBS,2026-10-09T05:27:24Z
2022-04-13,SNZ,41.2,41.2,41.2,41.2,202,KBS,2026-10-09T05:27:24Z
2022-04-14,SNZ,42.85,42.85,41.95,41.95,900,KBS,2026-10-09T05:27:24Z
2022-04-15,SNZ,40.38,41.78,40.38,40.71,5800,KBS,2026-10-09T05:27:24Z
2022-04-18,SNZ,42.44,42.44,38.9,38.9,7100,KBS,2026-10-09T05:27:24Z
2022-04-19,SNZ,41.53,41.53,35.93,39.64,5100,KBS,2026-10-09T05:27:24Z
2022-04-20,SNZ,39.39,39.47,34.61,37.5,2900,KBS,2026-10-09T05:27:24Z
2022-04-21,SNZ,39.14,39.14,32.8,37.0,9000,KBS,2026-10-09T05:27:24Z
2022-04-22,SNZ,36.75,39.14,32.96,36.67,11500,KBS,2026-10-09T05:27:24Z
2022-04-25,SNZ,36.84,36.84,33.46,35.35,7200,KBS,2026-10-09T05:27:24Z
2022-04-26,SNZ,32.96,34.86,31.81,34.53,8302,KBS,2026-10-09T05:27:24Z
2022-04-27,SNZ,34.12,38.65,34.12,38.48,3600,KBS,2026-10-09T05:27:24Z
2022-04-28,SNZ,38.16,38.16,35.02,36.34,9900,KBS,2026-10-09T05:27:24Z
2022-04-29,SNZ,36.34,38.65,36.34,37.08,4900,KBS,2026-10-09T05:27:24Z
2022-05-04,SNZ,37.41,37.41,34.36,36.59,6900,KBS,2026-10-09T05:27:24Z
2022-05-05,SNZ,36.26,36.59,34.36,36.18,8200,KBS,2026-10-09T05:27:24Z
2022-05-06,SNZ,36.59,36.59,32.63,32.63,6300,KBS,2026-10-09T05:27:24Z
2022-05-09,SNZ,35.44,36.51,31.81,31.81,7400,KBS,2026-10-09T05:27:24Z
2022-05-10,SNZ,34.36,35.11,30.66,33.7,15016,KBS,2026-10-09T05:27:24Z
2022-05-11,SNZ,33.7,34.94,33.7,33.7,5800,KBS,2026-10-09T05:27:24Z
2022-05-12,SNZ,34.45,34.53,31.4,31.48,8000,KBS,2026-10-09T05:27:24Z
2022-05-13,SNZ,33.29,33.29,28.92,29.01,17000,KBS,2026-10-09T05:27:24Z
2022-05-16,SNZ,31.23,31.23,30.49,31.15,3300,KBS,2026-10-09T05:27:24Z
2022-05-17,SNZ,30.82,31.23,29.17,31.07,9600,KBS,2026-10-09T05:27:24Z
2022-05-18,SNZ,30.49,31.97,30.49,31.89,2600,KBS,2026-10-09T05:27:24Z
2022-05-19,SNZ,31.73,31.81,30.0,30.24,4700,KBS,2026-10-09T05:27:24Z
2022-05-20,SNZ,30.82,32.88,30.82,32.72,3900,KBS,2026-10-09T05:27:24Z
2022-05-23,SNZ,32.88,32.88,29.83,30.0,3500,KBS,2026-10-09T05:27:24Z
2022-05-25,SNZ,30.9,32.06,29.67,31.97,7500,KBS,2026-10-09T05:27:24Z
2022-05-26,SNZ,31.97,31.97,30.74,31.56,4403,KBS,2026-10-09T05:27:24Z
2022-05-27,SNZ,31.15,31.15,31.07,31.15,700,KBS,2026-10-09T05:27:24Z
2022-05-30,SNZ,32.8,32.8,32.06,32.06,1200,KBS,2026-10-09T05:27:24Z
2022-05-31,SNZ,32.3,32.3,31.32,31.32,800,KBS,2026-10-09T05:27:24Z
2022-06-01,SNZ,34.53,34.53,33.21,33.21,1900,KBS,2026-10-09T05:27:24Z
2022-06-02,SNZ,30.49,32.88,30.49,32.88,700,KBS,2026-10-09T05:27:24Z
2022-06-03,SNZ,32.88,32.88,30.08,30.16,1400,KBS,2026-10-09T05:27:24Z
2022-06-06,SNZ,30.9,32.72,30.49,32.06,3100,KBS,2026-10-09T05:27:24Z
2022-06-07,SNZ,31.97,31.97,28.92,31.73,1000,KBS,2026-10-09T05:27:24Z
2022-06-08,SNZ,31.15,31.81,30.99,31.73,7100,KBS,2026-10-09T05:27:24Z
2022-06-09,SNZ,32.96,32.96,31.32,32.39,6000,KBS,2026-10-09T05:27:24Z
2022-06-10,SNZ,31.97,32.06,31.97,32.06,200,KBS,2026-10-09T05:27:24Z
2022-06-14,SNZ,31.97,31.97,31.97,31.97,100,KBS,2026-10-09T05:27:24Z
2022-06-16,SNZ,30.9,30.9,30.82,30.82,900,KBS,2026-10-09T05:27:24Z
2022-06-17,SNZ,30.82,30.82,30.82,30.82,200,KBS,2026-10-09T05:27:24Z
2022-06-20,SNZ,28.92,28.92,28.92,28.92,1600,KBS,2026-10-09T05:27:24Z
2022-06-21,SNZ,31.32,31.32,26.78,31.32,500,KBS,2026-10-09T05:27:24Z
2022-06-22,SNZ,31.15,31.15,31.07,31.07,400,KBS,2026-10-09T05:27:24Z
2022-06-23,SNZ,28.84,29.67,28.84,29.67,501,KBS,2026-10-09T05:27:24Z
2022-06-24,SNZ,30.08,30.57,28.84,29.75,3500,KBS,2026-10-09T05:27:24Z
2022-06-27,SNZ,29.83,30.49,29.83,30.41,1610,KBS,2026-10-09T05:27:24Z
2022-06-28,SNZ,31.15,31.15,30.66,30.74,700,KBS,2026-10-09T05:27:24Z
2022-06-29,SNZ,30.99,31.15,28.02,30.41,3310,KBS,2026-10-09T05:27:24Z
2022-06-30,SNZ,29.67,29.67,28.84,28.84,2100,KBS,2026-10-09T05:27:24Z
2022-07-01,SNZ,32.47,32.47,26.62,30.33,2600,KBS,2026-10-09T05:27:24Z
2022-07-04,SNZ,32.06,32.06,26.95,30.57,2100,KBS,2026-10-09T05:27:24Z
2022-07-05,SNZ,30.57,30.82,25.3,30.33,3300,KBS,2026-10-09T05:27:24Z
2022-07-06,SNZ,27.61,28.76,26.45,28.76,4100,KBS,2026-10-09T05:27:24Z
2022-07-07,SNZ,28.35,28.35,28.35,28.35,1200,KBS,2026-10-09T05:27:24Z
2022-07-08,SNZ,25.88,30.0,25.88,30.0,20302,KBS,2026-10-09T05:27:24Z
2022-07-11,SNZ,28.84,29.09,26.37,28.02,7900,KBS,2026-10-09T05:27:24Z
2022-07-12,SNZ,28.35,28.76,28.27,28.76,6400,KBS,2026-10-09T05:27:24Z
2022-07-13,SNZ,30.16,30.16,30.16,30.16,600,KBS,2026-10-09T05:27:24Z
2022-07-14,SNZ,29.91,29.91,28.02,29.67,1038,KBS,2026-10-09T05:27:24Z
2022-07-15,SNZ,28.84,28.84,28.43,28.43,600,KBS,2026-10-09T05:27:24Z
2022-07-18,SNZ,28.43,30.08,27.69,29.67,5200,KBS,2026-10-09T05:27:24Z
2022-07-19,SNZ,29.67,30.08,27.69,30.0,2010,KBS,2026-10-09T05:27:24Z
2022-07-20,SNZ,29.91,29.91,28.1,29.5,8100,KBS,2026-10-09T05:27:24Z
2022-07-21,SNZ,29.5,29.5,27.2,29.17,3400,KBS,2026-10-09T05:27:24Z
2022-07-22,SNZ,29.58,29.67,29.34,29.67,5600,KBS,2026-10-09T05:27:24Z
2022-07-26,SNZ,28.84,28.84,28.51,28.51,4000,KBS,2026-10-09T05:27:24Z
2022-07-27,SNZ,28.51,28.84,28.51,28.84,3100,KBS,2026-10-09T05:27:24Z
2022-07-28,SNZ,31.4,31.73,29.67,31.32,20000,KBS,2026-10-09T05:27:24Z
2022-07-29,SNZ,32.47,32.47,31.15,31.23,7619,KBS,2026-10-09T05:27:24Z
2022-08-01,SNZ,31.97,32.06,31.97,32.06,1500,KBS,2026-10-09T05:27:24Z
2022-08-02,SNZ,31.81,31.81,29.67,31.48,3900,KBS,2026-10-09T05:27:24Z
2022-08-03,SNZ,31.73,31.73,29.75,31.32,10600,KBS,2026-10-09T05:27:24Z
2022-08-04,SNZ,32.06,32.06,30.16,31.32,7000,KBS,2026-10-09T05:27:24Z
2022-08-05,SNZ,31.81,31.81,30.49,30.9,3800,KBS,2026-10-09T05:27:24Z
2022-08-08,SNZ,30.82,32.14,30.49,32.06,15700,KBS,2026-10-09T05:27:24Z
2022-08-09,SNZ,31.81,32.8,31.81,32.3,20400,KBS,2026-10-09T05:27:24Z
2022-08-10,SNZ,32.55,34.61,32.14,34.2,21625,KBS,2026-10-09T05:27:24Z
2022-08-11,SNZ,32.55,34.61,32.55,33.29,26300,KBS,2026-10-09T05:27:24Z
2022-08-12,SNZ,33.62,35.93,31.81,35.85,53000,KBS,2026-10-09T05:27:24Z
2022-08-15,SNZ,36.1,36.26,35.19,35.85,9400,KBS,2026-10-09T05:27:24Z
2022-08-16,SNZ,35.02,35.68,34.94,35.44,10200,KBS,2026-10-09T05:27:24Z
2022-08-17,SNZ,34.69,36.1,34.36,34.36,16500,KBS,2026-10-09T05:27:24Z
2022-08-18,SNZ,34.36,35.02,34.28,34.94,9900,KBS,2026-10-09T05:27:24Z
2022-08-19,SNZ,33.79,37.91,33.79,35.44,10900,KBS,2026-10-09T05:27:24Z
2022-08-22,SNZ,35.02,35.35,33.87,35.11,6500,KBS,2026-10-09T05:27:24Z
2022-08-23,SNZ,31.48,35.44,31.48,35.44,7400,KBS,2026-10-09T05:27:24Z
2022-08-24,SNZ,35.44,35.44,34.61,35.44,7300,KBS,2026-10-09T05:27:24Z
2022-08-25,SNZ,35.19,37.08,35.19,37.0,33100,KBS,2026-10-09T05:27:24Z
2022-08-26,SNZ,36.67,36.67,35.85,36.42,9100,KBS,2026-10-09T05:27:24Z
2022-08-29,SNZ,36.1,36.1,34.61,35.44,4100,KBS,2026-10-09T05:27:24Z
2022-08-30,SNZ,35.85,35.85,35.19,35.44,4800,KBS,2026-10-09T05:27:24Z
2022-08-31,SNZ,35.02,35.35,34.2,35.27,4400,KBS,2026-10-09T05:27:24Z
2022-09-05,SNZ,34.2,35.27,34.2,34.28,4700,KBS,2026-10-09T05:27:24Z
2022-09-06,SNZ,35.02,35.02,33.87,34.86,5100,KBS,2026-10-09T05:27:24Z
2022-09-07,SNZ,34.53,34.61,32.3,32.39,5200,KBS,2026-10-09T05:27:24Z
2022-09-08,SNZ,33.21,34.28,31.73,31.73,10100,KBS,2026-10-09T05:27:24Z
2022-09-09,SNZ,30.08,33.05,30.08,33.05,3500,KBS,2026-10-09T05:27:24Z
2022-09-12,SNZ,33.38,33.38,29.34,33.38,6330,KBS,2026-10-09T05:27:24Z
2022-09-13,SNZ,32.88,33.13,32.14,33.13,2000,KBS,2026-10-09T05:27:24Z
2022-09-14,SNZ,30.24,32.63,30.24,32.55,1300,KBS,2026-10-09T05:27:24Z
2022-09-15,SNZ,32.39,32.63,30.99,32.63,1216,KBS,2026-10-09T05:27:24Z
2022-09-16,SNZ,31.23,32.8,31.23,32.8,2400,KBS,2026-10-09T05:27:24Z
2022-09-19,SNZ,30.66,30.9,29.67,29.67,5110,KBS,2026-10-09T05:27:24Z
2022-09-20,SNZ,30.08,32.14,29.83,31.23,2710,KBS,2026-10-09T05:27:24Z
2022-09-21,SNZ,30.57,31.56,30.57,31.56,1000,KBS,2026-10-09T05:27:24Z
2022-09-22,SNZ,30.99,31.73,30.99,31.73,520,KBS,2026-10-09T05:27:24Z
2022-09-23,SNZ,31.23,32.22,31.23,32.14,300,KBS,2026-10-09T05:27:24Z
2022-09-26,SNZ,31.89,31.89,28.43,31.23,6800,KBS,2026-10-09T05:27:24Z
2022-09-27,SNZ,29.67,31.73,29.67,31.15,11803,KBS,2026-10-09T05:27:24Z
2022-09-28,SNZ,30.0,30.16,30.0,30.0,2900,KBS,2026-10-09T05:27:24Z
2022-09-29,SNZ,30.49,30.49,29.42,29.42,1602,KBS,2026-10-09T05:27:24Z
2022-09-30,SNZ,28.84,28.92,28.84,28.92,9015,KBS,2026-10-09T05:27:24Z
2022-10-03,SNZ,30.33,30.33,28.84,28.84,300,KBS,2026-10-09T05:27:24Z
2022-10-04,SNZ,28.9,28.9,27.12,27.12,2700,KBS,2026-10-09T05:27:24Z
2022-10-05,SNZ,29.75,29.75,29.75,29.75,100,KBS,2026-10-09T05:27:24Z
2022-10-06,SNZ,27.29,28.73,25.51,28.31,4400,KBS,2026-10-09T05:27:24Z
2022-10-07,SNZ,23.98,26.19,23.9,24.49,4800,KBS,2026-10-09T05:27:24Z
2022-10-10,SNZ,25.26,25.26,24.58,25.17,2300,KBS,2026-10-09T05:27:24Z
2022-10-11,SNZ,24.41,24.49,22.04,22.88,9800,KBS,2026-10-09T05:27:24Z
2022-10-12,SNZ,20.42,23.9,20.42,23.73,5200,KBS,2026-10-09T05:27:24Z
2022-10-13,SNZ,23.64,23.64,22.46,23.56,1100,KBS,2026-10-09T05:27:24Z
2022-10-14,SNZ,24.83,24.83,23.73,24.15,4300,KBS,2026-10-09T05:27:24Z
2022-10-17,SNZ,24.07,24.07,22.88,23.9,1600,KBS,2026-10-09T05:27:24Z
2022-10-18,SNZ,24.83,24.83,24.32,24.32,200,KBS,2026-10-09T05:27:24Z
2022-10-19,SNZ,24.24,24.58,24.24,24.24,10800,KBS,2026-10-09T05:27:24Z
2022-10-20,SNZ,26.53,26.53,26.02,26.02,1100,KBS,2026-10-09T05:27:24Z
2022-10-21,SNZ,24.58,24.58,22.88,22.88,2600,KBS,2026-10-09T05:27:24Z
2022-10-24,SNZ,22.04,23.48,20.51,20.76,4700,KBS,2026-10-09T05:27:24Z
2022-10-25,SNZ,21.27,22.88,20.76,22.88,2000,KBS,2026-10-09T05:27:24Z
2022-10-26,SNZ,23.31,23.31,23.22,23.22,200,KBS,2026-10-09T05:27:24Z
2022-10-27,SNZ,20.68,22.8,20.59,22.8,4000,KBS,2026-10-09T05:27:24Z
2022-10-28,SNZ,22.04,22.97,22.04,22.04,3100,KBS,2026-10-09T05:27:24Z
2022-10-31,SNZ,22.97,22.97,20.76,21.44,1000,KBS,2026-10-09T05:27:24Z
2022-11-01,SNZ,23.64,23.64,21.19,21.19,300,KBS,2026-10-09T05:27:24Z
2022-11-02,SNZ,22.97,22.97,21.61,21.61,1200,KBS,2026-10-09T05:27:24Z
2022-11-03,SNZ,22.04,22.04,21.95,21.95,400,KBS,2026-10-09T05:27:24Z
2022-11-04,SNZ,22.04,22.04,20.34,21.36,4900,KBS,2026-10-09T05:27:24Z
2022-11-07,SNZ,21.61,21.78,21.19,21.19,1130,KBS,2026-10-09T05:27:24Z
2022-11-08,SNZ,21.36,21.36,21.36,21.36,800,KBS,2026-10-09T05:27:24Z
2022-11-09,SNZ,21.1,21.36,21.1,21.36,1400,KBS,2026-10-09T05:27:24Z
2022-11-10,SNZ,21.86,21.86,18.64,18.64,20600,KBS,2026-10-09T05:27:24Z
2022-11-11,SNZ,18.64,20.68,18.64,18.64,1300,KBS,2026-10-09T05:27:24Z
2022-11-14,SNZ,17.8,22.37,17.8,21.19,11700,KBS,2026-10-09T05:27:24Z
2022-11-15,SNZ,18.64,18.64,18.31,18.64,24900,KBS,2026-10-09T05:27:24Z
2022-11-16,SNZ,17.8,18.31,15.59,18.31,15508,KBS,2026-10-09T05:27:24Z
2022-11-17,SNZ,17.37,17.8,17.37,17.46,2800,KBS,2026-10-09T05:27:24Z
2022-11-18,SNZ,17.04,17.71,17.04,17.71,2900,KBS,2026-10-09T05:27:24Z
2022-11-21,SNZ,19.49,19.49,18.64,19.07,1800,KBS,2026-10-09T05:27:24Z
2022-11-22,SNZ,18.98,19.32,18.64,19.32,2200,KBS,2026-10-09T05:27:24Z
2022-11-23,SNZ,19.07,19.07,17.8,18.9,900,KBS,2026-10-09T05:27:24Z
2022-11-24,SNZ,19.41,19.41,17.04,19.15,400,KBS,2026-10-09T05:27:24Z
2022-11-25,SNZ,19.41,19.41,17.8,19.07,1000,KBS,2026-10-09T05:27:24Z
2022-11-28,SNZ,18.64,19.32,18.64,19.32,5500,KBS,2026-10-09T05:27:24Z
2022-11-29,SNZ,21.53,21.53,21.53,21.53,100,KBS,2026-10-09T05:27:24Z
2022-11-30,SNZ,20.93,20.93,20.93,20.93,100,KBS,2026-10-09T05:27:24Z
2022-12-01,SNZ,20.34,20.76,19.15,19.15,5300,KBS,2026-10-09T05:27:24Z
2022-12-02,SNZ,19.58,20.76,19.41,20.76,2900,KBS,2026-10-09T05:27:24Z
2022-12-05,SNZ,20.68,21.19,20.51,20.59,4700,KBS,2026-10-09T05:27:24Z
2022-12-06,SNZ,18.64,18.64,17.8,17.88,3300,KBS,2026-10-09T05:27:24Z
2022-12-07,SNZ,18.05,18.14,17.97,18.05,4000,KBS,2026-10-09T05:27:24Z
2022-12-08,SNZ,19.07,19.07,18.64,18.64,8100,KBS,2026-10-09T05:27:24Z
2022-12-09,SNZ,19.07,19.07,18.9,18.9,1600,KBS,2026-10-09T05:27:24Z
2022-12-12,SNZ,18.98,19.49,18.73,18.98,7300,KBS,2026-10-09T05:27:24Z
2022-12-13,SNZ,18.98,19.49,18.98,19.49,7000,KBS,2026-10-09T05:27:24Z
2022-12-14,SNZ,19.49,19.92,19.49,19.92,2308,KBS,2026-10-09T05:27:24Z
2022-12-15,SNZ,19.49,20.68,19.49,20.68,7800,KBS,2026-10-09T05:27:24Z
2022-12-16,SNZ,20.09,20.09,19.75,19.75,3200,KBS,2026-10-09T05:27:24Z
2022-12-19,SNZ,20.34,20.34,19.41,19.41,3600,KBS,2026-10-09T05:27:24Z
2022-12-20,SNZ,19.66,19.66,18.73,18.73,8000,KBS,2026-10-09T05:27:24Z
2022-12-21,SNZ,18.56,19.32,18.56,18.64,22100,KBS,2026-10-09T05:27:24Z
2022-12-22,SNZ,19.07,19.07,19.07,19.07,300,KBS,2026-10-09T05:27:24Z
2022-12-23,SNZ,17.2,19.24,17.2,19.24,1800,KBS,2026-10-09T05:27:24Z
2022-12-26,SNZ,17.71,17.71,17.71,17.71,200,KBS,2026-10-09T05:27:24Z
2022-12-27,SNZ,17.71,18.64,17.71,17.71,1000,KBS,2026-10-09T05:27:24Z
2022-12-28,SNZ,19.49,19.49,19.49,19.49,100,KBS,2026-10-09T05:27:24Z
2022-12-29,SNZ,19.49,19.49,19.49,19.49,100,KBS,2026-10-09T05:27:24Z
2022-12-30,SNZ,19.32,19.41,19.32,19.41,1101,KBS,2026-10-09T05:27:24Z
2023-01-03,SNZ,19.32,19.32,19.32,19.32,1200,KBS,2026-10-09T05:27:24Z
2023-01-04,SNZ,19.32,19.32,19.24,19.32,8100,KBS,2026-10-09T05:27:24Z
2023-01-05,SNZ,19.32,19.32,18.56,18.56,1100,KBS,2026-10-09T05:27:24Z
2023-01-06,SNZ,19.24,19.24,19.07,19.24,3800,KBS,2026-10-09T05:27:24Z
2023-01-09,SNZ,18.98,18.98,18.98,18.98,1000,KBS,2026-10-09T05:27:24Z
2023-01-10,SNZ,18.81,18.98,18.64,18.98,2200,KBS,2026-10-09T05:27:24Z
2023-01-11,SNZ,19.07,19.07,19.07,19.07,200,KBS,2026-10-09T05:27:24Z
2023-01-12,SNZ,19.07,19.07,19.07,19.07,100,KBS,2026-10-09T05:27:24Z
2023-01-13,SNZ,19.07,19.83,18.64,19.83,3100,KBS,2026-10-09T05:27:24Z
2023-01-17,SNZ,19.92,20.09,19.92,20.09,200,KBS,2026-10-09T05:27:24Z
2023-01-18,SNZ,20.09,22.88,20.09,22.88,2610,KBS,2026-10-09T05:27:24Z
2023-01-19,SNZ,19.07,21.19,19.07,21.19,600,KBS,2026-10-09T05:27:24Z
2023-01-27,SNZ,20.85,20.85,20.76,20.76,200,KBS,2026-10-09T05:27:24Z
2023-01-30,SNZ,20.85,20.85,20.85,20.85,500,KBS,2026-10-09T05:27:24Z
2023-01-31,SNZ,20.76,20.76,20.76,20.76,200,KBS,2026-10-09T05:27:24Z
2023-02-01,SNZ,20.76,21.19,20.76,20.76,8000,KBS,2026-10-09T05:27:24Z
2023-02-03,SNZ,19.15,19.49,19.15,19.15,3200,KBS,2026-10-09T05:27:24Z
2023-02-06,SNZ,19.24,19.49,19.24,19.49,600,KBS,2026-10-09T05:27:24Z
2023-02-07,SNZ,19.07,19.07,18.81,18.81,500,KBS,2026-10-09T05:27:24Z
2023-02-08,SNZ,19.92,19.92,18.64,19.49,2500,KBS,2026-10-09T05:27:24Z
2023-02-09,SNZ,19.24,19.32,19.24,19.32,1900,KBS,2026-10-09T05:27:24Z
2023-02-10,SNZ,19.58,19.58,19.58,19.58,500,KBS,2026-10-09T05:27:24Z
2023-02-15,SNZ,19.32,19.32,19.15,19.32,9100,KBS,2026-10-09T05:27:24Z
2023-02-16,SNZ,19.32,19.32,19.32,19.32,2000,KBS,2026-10-09T05:27:24Z
2023-02-17,SNZ,19.49,19.49,19.32,19.49,800,KBS,2026-10-09T05:27:24Z
2023-02-20,SNZ,19.32,19.32,19.15,19.32,2200,KBS,2026-10-09T05:27:24Z
2023-02-21,SNZ,19.49,20.0,19.07,19.07,5400,KBS,2026-10-09T05:27:24Z
2023-02-22,SNZ,19.15,19.15,18.48,19.15,15400,KBS,2026-10-09T05:27:24Z
2023-02-23,SNZ,21.02,21.02,18.48,18.48,1600,KBS,2026-10-09T05:27:24Z
2023-02-24,SNZ,19.07,19.66,19.07,19.58,2200,KBS,2026-10-09T05:27:24Z
2023-02-27,SNZ,18.22,18.22,17.8,17.97,2800,KBS,2026-10-09T05:27:24Z
2023-02-28,SNZ,17.88,19.07,17.88,19.07,400,KBS,2026-10-09T05:27:24Z
2023-03-01,SNZ,19.49,19.49,17.46,17.46,700,KBS,2026-10-09T05:27:24Z
2023-03-02,SNZ,18.56,18.56,17.37,17.37,6300,KBS,2026-10-09T05:27:24Z
2023-03-03,SNZ,18.56,18.56,18.56,18.56,1000,KBS,2026-10-09T05:27:24Z
2023-03-06,SNZ,19.24,19.24,17.2,18.56,2630,KBS,2026-10-09T05:27:24Z
2023-03-07,SNZ,17.8,18.22,17.63,18.22,6200,KBS,2026-10-09T05:27:24Z
2023-03-08,SNZ,17.8,17.8,17.8,17.8,900,KBS,2026-10-09T05:27:24Z
2023-03-09,SNZ,17.97,17.97,17.97,17.97,1100,KBS,2026-10-09T05:27:24Z
2023-03-10,SNZ,18.22,18.22,18.22,18.22,100,KBS,2026-10-09T05:27:24Z
2023-03-13,SNZ,17.97,17.97,17.97,17.97,200,KBS,2026-10-09T05:27:24Z
2023-03-14,SNZ,18.14,18.56,17.97,18.56,28400,KBS,2026-10-09T05:27:24Z
2023-03-15,SNZ,17.97,19.32,17.29,17.8,3500,KBS,2026-10-09T05:27:24Z
2023-03-16,SNZ,17.8,17.8,17.8,17.8,4000,KBS,2026-10-09T05:27:24Z
2023-03-17,SNZ,17.8,17.8,17.8,17.8,2000,KBS,2026-10-09T05:27:24Z
2023-03-20,SNZ,17.8,17.8,17.8,17.8,200,KBS,2026-10-09T05:27:24Z
2023-03-21,SNZ,17.8,18.39,17.2,18.14,5400,KBS,2026-10-09T05:27:24Z
2023-03-22,SNZ,18.31,18.31,18.14,18.14,900,KBS,2026-10-09T05:27:24Z
2023-03-24,SNZ,17.29,18.48,17.29,18.48,600,KBS,2026-10-09T05:27:24Z
2023-03-27,SNZ,17.46,17.46,17.37,17.46,1100,KBS,2026-10-09T05:27:24Z
2023-03-28,SNZ,17.37,17.46,17.12,17.12,3600,KBS,2026-10-09T05:27:24Z
2023-03-29,SNZ,18.56,18.56,18.56,18.56,100,KBS,2026-10-09T05:27:24Z
2023-03-30,SNZ,17.12,17.12,17.12,17.12,200,KBS,2026-10-09T05:27:24Z
2023-03-31,SNZ,17.29,17.97,17.2,17.97,3300,KBS,2026-10-09T05:27:24Z
2023-04-03,SNZ,17.63,18.22,17.63,17.88,3630,KBS,2026-10-09T05:27:24Z
2023-04-04,SNZ,17.8,18.05,17.71,18.05,2400,KBS,2026-10-09T05:27:24Z
2023-04-05,SNZ,18.22,18.48,17.88,18.31,4600,KBS,2026-10-09T05:27:24Z
2023-04-06,SNZ,18.48,18.48,18.31,18.31,10600,KBS,2026-10-09T05:27:24Z
2023-04-07,SNZ,18.39,18.39,18.22,18.22,2300,KBS,2026-10-09T05:27:24Z
2023-04-10,SNZ,17.63,18.39,17.37,18.39,11300,KBS,2026-10-09T05:27:24Z
2023-04-11,SNZ,18.39,18.39,17.63,18.14,16200,KBS,2026-10-09T05:27:24Z
2023-04-12,SNZ,18.22,18.9,18.22,18.9,14700,KBS,2026-10-09T05:27:24Z
2023-04-13,SNZ,20.76,20.76,18.05,18.05,2102,KBS,2026-10-09T05:27:24Z
2023-04-14,SNZ,18.64,18.64,18.05,18.22,3300,KBS,2026-10-09T05:27:24Z
2023-04-17,SNZ,18.14,18.14,18.05,18.05,1600,KBS,2026-10-09T05:27:24Z
2023-04-18,SNZ,18.31,19.83,18.22,19.83,802,KBS,2026-10-09T05:27:24Z
2023-04-19,SNZ,18.81,19.15,17.8,19.15,15512,KBS,2026-10-09T05:27:24Z
2023-04-20,SNZ,18.05,18.64,18.05,18.64,5600,KBS,2026-10-09T05:27:24Z
2023-04-21,SNZ,20.68,20.68,18.48,18.48,3200,KBS,2026-10-09T05:27:24Z
2023-04-25,SNZ,19.41,22.8,18.22,22.8,29500,KBS,2026-10-09T05:27:24Z
2023-04-26,SNZ,21.1,21.1,18.64,20.93,2806,KBS,2026-10-09T05:27:24Z
2023-04-27,SNZ,21.02,21.02,18.9,19.92,11702,KBS,2026-10-09T05:27:24Z
2023-04-28,SNZ,19.83,21.53,19.49,20.85,3909,KBS,2026-10-09T05:27:24Z
2023-05-04,SNZ,20.76,20.76,20.17,20.34,3510,KBS,2026-10-09T05:27:24Z
2023-05-05,SNZ,21.95,21.95,20.34,20.42,11656,KBS,2026-10-09T05:27:24Z
2023-05-08,SNZ,19.66,22.37,19.66,21.86,24300,KBS,2026-10-09T05:27:24Z
2023-05-09,SNZ,20.42,21.1,20.42,21.1,610,KBS,2026-10-09T05:27:24Z
2023-05-10,SNZ,21.19,21.95,20.42,21.36,4400,KBS,2026-10-09T05:27:24Z
2023-05-11,SNZ,20.68,21.36,20.59,21.36,3500,KBS,2026-10-09T05:27:24Z
2023-05-12,SNZ,19.32,22.12,19.32,21.86,2800,KBS,2026-10-09T05:27:24Z
2023-05-15,SNZ,20.59,20.59,20.34,20.59,2130,KBS,2026-10-09T05:27:24Z
2023-05-16,SNZ,21.86,21.86,20.0,20.76,4200,KBS,2026-10-09T05:27:24Z
2023-05-17,SNZ,20.42,21.78,20.42,20.68,3100,KBS,2026-10-09T05:27:24Z
2023-05-19,SNZ,20.34,20.68,20.17,20.68,3100,KBS,2026-10-09T05:27:24Z
2023-05-22,SNZ,20.68,22.71,20.68,21.36,32410,KBS,2026-10-09T05:27:24Z
2023-05-23,SNZ,21.36,21.36,21.27,21.27,1800,KBS,2026-10-09T05:27:24Z
2023-05-24,SNZ,20.51,21.1,20.51,21.1,37106,KBS,2026-10-09T05:27:24Z
2023-05-25,SNZ,21.19,22.04,21.19,21.19,4815,KBS,2026-10-09T05:27:24Z
2023-05-26,SNZ,21.19,21.44,21.19,21.36,2600,KBS,2026-10-09T05:27:24Z
2023-05-29,SNZ,21.27,21.44,21.27,21.44,5600,KBS,2026-10-09T05:27:24Z
2023-05-30,SNZ,21.44,21.86,21.19,21.19,10300,KBS,2026-10-09T05:27:24Z
2023-05-31,SNZ,19.83,21.27,19.83,21.27,5400,KBS,2026-10-09T05:27:24Z
2023-06-01,SNZ,21.19,21.19,21.19,21.19,3700,KBS,2026-10-09T05:27:24Z
2023-06-02,SNZ,21.19,21.19,21.19,21.19,1100,KBS,2026-10-09T05:27:24Z
2023-06-05,SNZ,21.19,21.36,21.19,21.36,13700,KBS,2026-10-09T05:27:24Z
2023-06-06,SNZ,21.78,21.78,21.36,21.61,2201,KBS,2026-10-09T05:27:24Z
2023-06-07,SNZ,21.44,21.44,21.1,21.27,9009,KBS,2026-10-09T05:27:24Z
2023-06-08,SNZ,21.61,21.78,21.19,21.27,12000,KBS,2026-10-09T05:27:24Z
2023-06-09,SNZ,21.19,21.27,21.19,21.19,10500,KBS,2026-10-09T05:27:24Z
2023-06-12,SNZ,21.1,21.7,21.1,21.19,7800,KBS,2026-10-09T05:27:24Z
2023-06-13,SNZ,21.19,21.19,21.02,21.02,5000,KBS,2026-10-09T05:27:24Z
2023-06-14,SNZ,21.19,21.27,21.02,21.02,6100,KBS,2026-10-09T05:27:24Z
2023-06-15,SNZ,21.1,21.19,21.1,21.19,4400,KBS,2026-10-09T05:27:24Z
2023-06-16,SNZ,21.19,21.19,21.19,21.19,100,KBS,2026-10-09T05:27:24Z
2023-06-19,SNZ,21.19,21.19,21.19,21.19,3,KBS,2026-10-09T05:27:24Z
2023-06-20,SNZ,22.04,22.04,20.34,20.34,5800,KBS,2026-10-09T05:27:24Z
2023-06-21,SNZ,20.42,21.27,20.26,21.19,16317,KBS,2026-10-09T05:27:24Z
2023-06-22,SNZ,20.42,20.42,20.34,20.42,10100,KBS,2026-10-09T05:27:24Z
2023-06-23,SNZ,20.42,20.68,20.42,20.51,11200,KBS,2026-10-09T05:27:24Z
2023-06-26,SNZ,20.42,20.76,20.34,20.34,5100,KBS,2026-10-09T05:27:24Z
2023-06-27,SNZ,20.51,21.19,20.42,21.19,4600,KBS,2026-10-09T05:27:24Z
2023-06-28,SNZ,20.85,20.85,20.34,20.34,9800,KBS,2026-10-09T05:27:24Z
2023-06-29,SNZ,20.34,20.68,19.92,20.34,4800,KBS,2026-10-09T05:27:24Z
2023-06-30,SNZ,20.51,20.59,20.0,20.17,5300,KBS,2026-10-09T05:27:24Z
2023-07-03,SNZ,20.51,20.68,20.17,20.17,3100,KBS,2026-10-09T05:27:24Z
2023-07-04,SNZ,20.34,20.59,20.09,20.59,1100,KBS,2026-10-09T05:27:24Z
2023-07-05,SNZ,20.93,20.93,20.26,20.51,8303,KBS,2026-10-09T05:27:24Z
2023-07-07,SNZ,20.0,20.17,19.92,20.17,1400,KBS,2026-10-09T05:27:24Z
2023-07-10,SNZ,20.26,20.85,20.26,20.85,5900,KBS,2026-10-09T05:27:24Z
2023-07-11,SNZ,20.68,20.93,20.68,20.85,6400,KBS,2026-10-09T05:27:24Z
2023-07-12,SNZ,20.76,20.93,20.59,20.93,404,KBS,2026-10-09T05:27:24Z
2023-07-13,SNZ,21.02,21.36,21.02,21.36,4200,KBS,2026-10-09T05:27:24Z
2023-07-14,SNZ,21.61,21.78,21.19,21.19,1600,KBS,2026-10-09T05:27:24Z
2023-07-17,SNZ,21.53,21.78,21.53,21.78,7300,KBS,2026-10-09T05:27:24Z
2023-07-18,SNZ,21.78,22.71,21.78,22.04,13200,KBS,2026-10-09T05:27:24Z
2023-07-19,SNZ,22.88,24.24,22.88,24.15,37500,KBS,2026-10-09T05:27:24Z
2023-07-20,SNZ,23.73,23.82,22.88,23.82,5200,KBS,2026-10-09T05:27:24Z
2023-07-21,SNZ,23.22,23.22,22.97,23.22,3400,KBS,2026-10-09T05:27:24Z
2023-07-24,SNZ,23.22,23.31,23.22,23.31,3400,KBS,2026-10-09T05:27:24Z
2023-07-25,SNZ,23.73,23.73,23.31,23.64,7500,KBS,2026-10-09T05:27:24Z
2023-07-26,SNZ,23.48,23.73,23.39,23.39,6300,KBS,2026-10-09T05:27:24Z
2023-07-27,SNZ,23.56,23.56,21.7,22.71,14400,KBS,2026-10-09T05:27:24Z
2023-07-28,SNZ,22.8,22.8,22.29,22.71,1006,KBS,2026-10-09T05:27:24Z
2023-07-31,SNZ,22.71,22.71,22.46,22.46,2100,KBS,2026-10-09T05:27:24Z
2023-08-01,SNZ,22.04,22.8,22.04,22.63,9500,KBS,2026-10-09T05:27:24Z
2023-08-02,SNZ,22.46,22.71,22.12,22.71,3200,KBS,2026-10-09T05:27:24Z
2023-08-03,SNZ,22.04,22.12,22.04,22.04,2000,KBS,2026-10-09T05:27:24Z
2023-08-04,SNZ,22.04,22.63,22.04,22.54,3700,KBS,2026-10-09T05:27:24Z
2023-08-07,SNZ,22.37,22.88,22.37,22.46,7500,KBS,2026-10-09T05:27:24Z
2023-08-08,SNZ,22.37,23.31,22.37,22.88,12500,KBS,2026-10-09T05:27:24Z
2023-08-09,SNZ,22.88,23.39,22.88,22.88,6360,KBS,2026-10-09T05:27:24Z
2023-08-10,SNZ,22.97,22.97,22.88,22.88,1411,KBS,2026-10-09T05:27:24Z
2023-08-11,SNZ,22.46,22.88,22.46,22.88,2210,KBS,2026-10-09T05:27:24Z
2023-08-14,SNZ,23.56,23.56,22.88,23.31,10715,KBS,2026-10-09T05:27:24Z
2023-08-15,SNZ,23.31,23.31,22.71,22.71,3144,KBS,2026-10-09T05:27:24Z
2023-08-16,SNZ,23.22,23.22,23.22,23.22,1500,KBS,2026-10-09T05:27:24Z
2023-08-17,SNZ,23.22,23.48,23.14,23.22,3300,KBS,2026-10-09T05:27:24Z
2023-08-18,SNZ,22.46,22.88,21.02,21.02,22000,KBS,2026-10-09T05:27:24Z
2023-08-21,SNZ,21.1,22.2,21.1,21.95,2900,KBS,2026-10-09T05:27:24Z
2023-08-22,SNZ,21.44,21.44,21.19,21.44,2000,KBS,2026-10-09T05:27:24Z
2023-08-23,SNZ,22.04,22.04,21.36,21.36,8100,KBS,2026-10-09T05:27:24Z
2023-08-24,SNZ,21.27,21.44,21.19,21.19,3200,KBS,2026-10-09T05:27:24Z
2023-08-25,SNZ,21.27,21.36,21.27,21.36,1000,KBS,2026-10-09T05:27:24Z
2023-08-28,SNZ,21.61,21.7,21.61,21.7,1500,KBS,2026-10-09T05:27:24Z
2023-08-29,SNZ,22.04,23.31,22.04,22.88,9601,KBS,2026-10-09T05:27:24Z
2023-08-30,SNZ,22.37,23.31,22.37,23.31,11400,KBS,2026-10-09T05:27:24Z
2023-08-31,SNZ,23.05,23.82,21.7,23.73,40300,KBS,2026-10-09T05:27:24Z
2023-09-05,SNZ,22.97,24.41,22.97,24.41,11200,KBS,2026-10-09T05:27:24Z
2023-09-06,SNZ,23.9,24.41,23.9,24.07,8913,KBS,2026-10-09T05:27:24Z
2023-09-07,SNZ,24.41,26.27,24.41,25.17,52071,KBS,2026-10-09T05:27:24Z
2023-09-08,SNZ,25.42,27.12,25.42,27.12,26149,KBS,2026-10-09T05:27:24Z
2023-09-11,SNZ,27.12,27.12,25.09,26.7,7905,KBS,2026-10-09T05:27:24Z
2023-09-12,SNZ,26.53,26.7,23.82,25.85,19110,KBS,2026-10-09T05:27:24Z
2023-09-13,SNZ,25.85,25.85,24.66,25.34,28828,KBS,2026-10-09T05:27:24Z
2023-09-14,SNZ,24.92,26.27,24.41,26.27,15200,KBS,2026-10-09T05:27:24Z
2023-09-15,SNZ,24.83,24.83,24.49,24.58,7100,KBS,2026-10-09T05:27:24Z
2023-09-18,SNZ,24.92,24.92,24.83,24.83,5900,KBS,2026-10-09T05:27:24Z
2023-09-19,SNZ,24.83,25.42,24.58,24.83,15000,KBS,2026-10-09T05:27:24Z
2023-09-20,SNZ,25.0,25.26,24.83,25.26,9523,KBS,2026-10-09T05:27:24Z
2023-09-21,SNZ,26.21,26.21,24.27,25.86,6100,KBS,2026-10-09T05:27:24Z
2023-09-22,SNZ,23.83,25.42,23.83,25.33,1900,KBS,2026-10-09T05:27:24Z
2023-09-25,SNZ,24.8,25.06,24.8,24.8,7300,KBS,2026-10-09T05:27:24Z
2023-09-26,SNZ,23.31,23.75,23.31,23.48,7700,KBS,2026-10-09T05:27:24Z
2023-09-27,SNZ,23.48,24.19,23.48,24.19,9000,KBS,2026-10-09T05:27:24Z
2023-09-28,SNZ,23.48,24.19,23.48,24.19,1200,KBS,2026-10-09T05:27:24Z
2023-09-29,SNZ,24.36,24.62,24.36,24.62,800,KBS,2026-10-09T05:27:24Z
2023-10-02,SNZ,24.45,24.89,23.31,24.89,600,KBS,2026-10-09T05:27:24Z
2023-10-03,SNZ,23.48,23.48,23.48,23.48,4100,KBS,2026-10-09T05:27:24Z
2023-10-04,SNZ,23.48,23.75,23.48,23.75,2300,KBS,2026-10-09T05:27:24Z
2023-10-05,SNZ,23.57,23.57,23.57,23.57,100,KBS,2026-10-09T05:27:24Z
2023-10-06,SNZ,23.92,23.92,23.92,23.92,4000,KBS,2026-10-09T05:27:24Z
2023-10-09,SNZ,23.48,24.1,23.48,24.1,300,KBS,2026-10-09T05:27:24Z
2023-10-10,SNZ,23.75,24.27,23.75,24.19,9100,KBS,2026-10-09T05:27:24Z
2023-10-11,SNZ,23.92,23.92,23.75,23.75,5215,KBS,2026-10-09T05:27:24Z
2023-10-12,SNZ,23.83,23.83,23.75,23.75,3800,KBS,2026-10-09T05:27:24Z
2023-10-13,SNZ,23.75,23.75,23.75,23.75,6800,KBS,2026-10-09T05:27:24Z
2023-10-16,SNZ,23.75,23.75,23.39,23.75,9600,KBS,2026-10-09T05:27:24Z
2023-10-17,SNZ,23.31,24.19,23.31,24.19,10800,KBS,2026-10-09T05:27:24Z
2023-10-18,SNZ,23.39,23.39,23.39,23.39,2500,KBS,2026-10-09T05:27:24Z
2023-10-19,SNZ,23.22,23.75,23.22,23.75,1800,KBS,2026-10-09T05:27:24Z
2023-10-20,SNZ,23.39,23.39,23.31,23.39,3450,KBS,2026-10-09T05:27:24Z
2023-10-23,SNZ,23.75,23.75,23.75,23.75,4600,KBS,2026-10-09T05:27:24Z
2023-10-24,SNZ,23.75,24.45,23.75,24.45,2600,KBS,2026-10-09T05:27:24Z
2023-10-25,SNZ,23.75,23.75,23.75,23.75,1600,KBS,2026-10-09T05:27:24Z
2023-10-26,SNZ,23.75,23.75,23.31,23.75,7800,KBS,2026-10-09T05:27:24Z
2023-10-30,SNZ,23.13,23.75,23.13,23.75,1201,KBS,2026-10-09T05:27:24Z
2023-10-31,SNZ,23.31,23.31,21.99,22.87,6003,KBS,2026-10-09T05:27:24Z
2023-11-01,SNZ,22.87,23.31,22.87,23.31,1012,KBS,2026-10-09T05:27:24Z
2023-11-02,SNZ,23.75,23.75,23.31,23.75,1400,KBS,2026-10-09T05:27:24Z
2023-11-03,SNZ,23.66,23.66,23.66,23.66,300,KBS,2026-10-09T05:27:24Z
2023-11-06,SNZ,24.45,24.45,23.75,23.75,2100,KBS,2026-10-09T05:27:24Z
2023-11-07,SNZ,23.75,23.75,23.75,23.75,500,KBS,2026-10-09T05:27:24Z
2023-11-08,SNZ,24.01,24.19,24.01,24.19,3401,KBS,2026-10-09T05:27:24Z
2023-11-09,SNZ,24.62,25.06,24.54,24.98,19725,KBS,2026-10-09T05:27:24Z
2023-11-10,SNZ,24.54,25.06,24.45,25.06,9000,KBS,2026-10-09T05:27:24Z
2023-11-13,SNZ,25.15,25.15,24.62,24.98,11210,KBS,2026-10-09T05:27:24Z
2023-11-14,SNZ,24.71,24.89,24.62,24.89,2201,KBS,2026-10-09T05:27:24Z
2023-11-15,SNZ,24.62,24.8,24.45,24.8,13100,KBS,2026-10-09T05:27:24Z
2023-11-16,SNZ,25.15,25.15,24.45,24.62,6500,KBS,2026-10-09T05:27:24Z
2023-11-17,SNZ,23.83,24.98,23.75,24.98,701,KBS,2026-10-09T05:27:24Z
2023-11-20,SNZ,24.62,24.62,24.62,24.62,2636,KBS,2026-10-09T05:27:24Z
2023-11-21,SNZ,24.89,24.89,24.8,24.89,1516,KBS,2026-10-09T05:27:24Z
2023-11-22,SNZ,24.8,24.89,24.8,24.89,4900,KBS,2026-10-09T05:27:24Z
2023-11-23,SNZ,24.89,24.89,24.27,24.27,1500,KBS,2026-10-09T05:27:24Z
2023-11-24,SNZ,22.87,24.8,22.87,24.27,13510,KBS,2026-10-09T05:27:24Z
2023-11-27,SNZ,23.75,24.54,23.31,24.54,2110,KBS,2026-10-09T05:27:24Z
2023-11-28,SNZ,22.34,24.62,22.34,24.54,7106,KBS,2026-10-09T05:27:24Z
2023-11-29,SNZ,24.62,24.62,23.83,24.27,2205,KBS,2026-10-09T05:27:24Z
2023-11-30,SNZ,24.45,24.54,23.83,24.54,3300,KBS,2026-10-09T05:27:24Z
2023-12-01,SNZ,24.45,24.45,23.83,23.83,300,KBS,2026-10-09T05:27:24Z
2023-12-04,SNZ,24.19,24.19,23.83,24.19,1402,KBS,2026-10-09T05:27:24Z
2023-12-05,SNZ,23.92,24.71,23.92,24.71,2700,KBS,2026-10-09T05:27:24Z
2023-12-06,SNZ,24.27,24.27,24.27,24.27,800,KBS,2026-10-09T05:27:24Z
2023-12-07,SNZ,24.27,24.54,24.27,24.54,8600,KBS,2026-10-09T05:27:24Z
2023-12-08,SNZ,24.54,24.54,24.19,24.54,6400,KBS,2026-10-09T05:27:24Z
2023-12-11,SNZ,24.1,24.27,23.13,24.19,2100,KBS,2026-10-09T05:27:24Z
2023-12-12,SNZ,24.36,24.36,23.66,24.36,3000,KBS,2026-10-09T05:27:24Z
2023-12-13,SNZ,23.66,24.36,23.66,24.36,1200,KBS,2026-10-09T05:27:24Z
2023-12-14,SNZ,23.75,24.36,23.57,24.36,2700,KBS,2026-10-09T05:27:24Z
2023-12-15,SNZ,23.66,24.19,23.66,24.19,300,KBS,2026-10-09T05:27:24Z
2023-12-18,SNZ,22.95,24.1,22.95,23.48,4400,KBS,2026-10-09T05:27:24Z
2023-12-19,SNZ,23.57,24.1,23.57,24.1,900,KBS,2026-10-09T05:27:24Z
2023-12-20,SNZ,23.75,24.19,23.75,24.19,2203,KBS,2026-10-09T05:27:24Z
2023-12-21,SNZ,24.19,24.19,24.19,24.19,103,KBS,2026-10-09T05:27:24Z
2023-12-25,SNZ,24.19,24.19,24.19,24.19,2100,KBS,2026-10-09T05:27:24Z
2023-12-26,SNZ,24.01,24.19,24.01,24.19,1100,KBS,2026-10-09T05:27:24Z
2023-12-27,SNZ,24.1,24.19,24.01,24.1,3600,KBS,2026-10-09T05:27:24Z
2023-12-29,SNZ,24.01,24.71,24.01,24.54,14001,KBS,2026-10-09T05:27:24Z
2024-01-02,SNZ,24.62,24.62,24.45,24.45,7000,KBS,2026-10-09T05:27:24Z
2024-01-03,SNZ,24.01,24.71,24.01,24.62,5001,KBS,2026-10-09T05:27:24Z
2024-01-04,SNZ,24.62,24.62,24.45,24.45,4300,KBS,2026-10-09T05:27:24Z
2024-01-05,SNZ,24.62,25.33,24.62,25.06,4412,KBS,2026-10-09T05:27:24Z
2024-01-08,SNZ,24.71,24.71,24.62,24.62,4702,KBS,2026-10-09T05:27:24Z
2024-01-09,SNZ,24.62,24.8,24.62,24.8,5000,KBS,2026-10-09T05:27:24Z
2024-01-10,SNZ,24.62,25.06,24.62,24.62,2016,KBS,2026-10-09T05:27:24Z
2024-01-11,SNZ,24.71,24.71,24.62,24.62,1215,KBS,2026-10-09T05:27:24Z
2024-01-12,SNZ,24.71,24.89,24.27,24.89,3500,KBS,2026-10-09T05:27:24Z
2024-01-15,SNZ,24.62,24.89,24.62,24.89,4000,KBS,2026-10-09T05:27:24Z
2024-01-16,SNZ,24.62,24.62,24.62,24.62,1013,KBS,2026-10-09T05:27:24Z
2024-01-17,SNZ,24.62,24.62,24.62,24.62,1100,KBS,2026-10-09T05:27:24Z
2024-01-18,SNZ,24.71,25.06,24.62,24.98,6501,KBS,2026-10-09T05:27:24Z
2024-01-19,SNZ,25.06,25.06,24.8,24.89,3524,KBS,2026-10-09T05:27:24Z
2024-01-22,SNZ,24.89,24.89,24.8,24.8,1600,KBS,2026-10-09T05:27:24Z
2024-01-23,SNZ,24.62,24.8,24.19,24.8,2500,KBS,2026-10-09T05:27:24Z
2024-01-24,SNZ,24.45,24.71,24.1,24.62,12650,KBS,2026-10-09T05:27:24Z
2024-01-25,SNZ,24.71,24.8,24.62,24.62,1501,KBS,2026-10-09T05:27:24Z
2024-01-26,SNZ,24.62,24.62,24.36,24.36,2000,KBS,2026-10-09T05:27:24Z
2024-01-29,SNZ,24.36,27.7,24.36,27.53,48560,KBS,2026-10-09T05:27:24Z
2024-01-30,SNZ,27.7,30.52,27.7,29.02,26318,KBS,2026-10-09T05:27:24Z
2024-01-31,SNZ,29.9,30.52,29.29,29.9,34648,KBS,2026-10-09T05:27:24Z
2024-02-01,SNZ,29.9,31.57,29.9,30.52,65808,KBS,2026-10-09T05:27:24Z
2024-02-02,SNZ,29.99,30.25,29.46,29.9,16850,KBS,2026-10-09T05:27:24Z
2024-02-05,SNZ,29.29,30.08,29.11,30.08,31900,KBS,2026-10-09T05:27:24Z
2024-02-06,SNZ,29.2,33.33,29.2,30.43,13207,KBS,2026-10-09T05:27:24Z
2024-02-07,SNZ,30.87,30.96,30.43,30.61,9979,KBS,2026-10-09T05:27:24Z
2024-02-15,SNZ,30.61,30.61,29.29,29.46,27501,KBS,2026-10-09T05:27:24Z
2024-02-16,SNZ,29.55,29.9,29.37,29.46,6342,KBS,2026-10-09T05:27:24Z
2024-02-19,SNZ,29.02,29.55,28.58,28.94,21875,KBS,2026-10-09T05:27:24Z
2024-02-20,SNZ,28.58,29.02,28.23,29.02,2125,KBS,2026-10-09T05:27:24Z
2024-02-21,SNZ,28.41,29.37,28.41,29.37,5811,KBS,2026-10-09T05:27:24Z
2024-02-22,SNZ,28.94,28.94,28.85,28.85,1412,KBS,2026-10-09T05:27:24Z
2024-02-23,SNZ,28.85,29.9,28.67,28.85,21100,KBS,2026-10-09T05:27:24Z
2024-02-26,SNZ,29.11,29.55,29.11,29.55,1900,KBS,2026-10-09T05:27:24Z
2024-02-27,SNZ,29.81,29.81,28.41,29.64,8912,KBS,2026-10-09T05:27:24Z
2024-02-28,SNZ,29.29,29.29,28.94,29.2,3709,KBS,2026-10-09T05:27:24Z
2024-02-29,SNZ,29.02,29.02,28.76,28.94,23000,KBS,2026-10-09T05:27:24Z
2024-03-01,SNZ,28.94,29.2,28.76,29.2,7000,KBS,2026-10-09T05:27:24Z
2024-03-04,SNZ,28.94,30.17,28.94,29.73,10800,KBS,2026-10-09T05:27:24Z
2024-03-05,SNZ,29.99,29.99,29.99,29.99,121,KBS,2026-10-09T05:27:24Z
2024-03-06,SNZ,29.02,29.9,28.67,29.46,6401,KBS,2026-10-09T05:27:24Z
2024-03-07,SNZ,29.9,29.99,29.02,29.02,5720,KBS,2026-10-09T05:27:24Z
2024-03-08,SNZ,28.67,29.46,28.58,29.2,7122,KBS,2026-10-09T05:27:24Z
2024-03-11,SNZ,29.02,29.2,28.94,29.2,3000,KBS,2026-10-09T05:27:24Z
2024-03-12,SNZ,29.02,29.64,28.94,29.29,4801,KBS,2026-10-09T05:27:24Z
2024-03-13,SNZ,29.46,29.81,29.46,29.64,8047,KBS,2026-10-09T05:27:24Z
2024-03-14,SNZ,29.81,29.9,29.37,29.37,7400,KBS,2026-10-09T05:27:24Z
2024-03-15,SNZ,29.64,32.45,29.64,32.1,24601,KBS,2026-10-09T05:27:24Z
2024-03-18,SNZ,32.36,32.36,30.17,31.31,1311,KBS,2026-10-09T05:27:24Z
2024-03-19,SNZ,30.34,31.48,30.34,31.48,2500,KBS,2026-10-09T05:27:24Z
2024-03-20,SNZ,30.43,31.05,30.25,31.05,6016,KBS,2026-10-09T05:27:24Z
2024-03-21,SNZ,30.17,31.13,30.17,31.13,6300,KBS,2026-10-09T05:27:24Z
2024-03-22,SNZ,30.61,31.4,30.08,31.05,3500,KBS,2026-10-09T05:27:24Z
2024-03-25,SNZ,30.61,31.05,29.9,29.9,4400,KBS,2026-10-09T05:27:24Z
2024-03-26,SNZ,31.31,31.31,29.99,29.99,1500,KBS,2026-10-09T05:27:24Z
2024-03-27,SNZ,30.34,30.52,29.99,30.52,6900,KBS,2026-10-09T05:27:24Z
2024-03-28,SNZ,30.34,31.13,30.08,31.13,7300,KBS,2026-10-09T05:27:24Z
2024-03-29,SNZ,30.78,30.78,29.99,30.34,2700,KBS,2026-10-09T05:27:24Z
2024-04-01,SNZ,30.08,33.95,29.9,30.08,14600,KBS,2026-10-09T05:27:24Z
2024-04-02,SNZ,31.31,31.31,30.08,30.08,1500,KBS,2026-10-09T05:27:24Z
2024-04-03,SNZ,29.9,29.9,29.81,29.81,2000,KBS,2026-10-09T05:27:24Z
2024-04-04,SNZ,29.11,29.46,27.79,29.02,23500,KBS,2026-10-09T05:27:24Z
2024-04-05,SNZ,29.02,29.02,28.41,28.41,4401,KBS,2026-10-09T05:27:24Z
2024-04-09,SNZ,28.41,29.9,28.23,29.9,5400,KBS,2026-10-09T05:27:24Z
2024-04-11,SNZ,28.94,28.94,28.94,28.94,100,KBS,2026-10-09T05:27:24Z
2024-04-12,SNZ,27.79,29.37,27.79,29.37,1535,KBS,2026-10-09T05:27:24Z
2024-04-16,SNZ,28.23,28.23,28.14,28.14,2300,KBS,2026-10-09T05:27:24Z
2024-04-17,SNZ,26.56,28.85,26.38,28.67,14030,KBS,2026-10-09T05:27:24Z
2024-04-19,SNZ,27.09,27.26,24.89,27.26,18100,KBS,2026-10-09T05:27:24Z
2024-04-22,SNZ,26.82,26.82,26.82,26.82,100,KBS,2026-10-09T05:27:24Z
2024-04-24,SNZ,27.53,27.53,27.53,27.53,100,KBS,2026-10-09T05:27:24Z
2024-04-25,SNZ,27.97,27.97,26.65,27.79,2803,KBS,2026-10-09T05:27:24Z
2024-04-26,SNZ,27.88,28.23,27.88,28.23,1800,KBS,2026-10-09T05:27:24Z
2024-05-02,SNZ,28.58,28.94,28.58,28.76,4803,KBS,2026-10-09T05:27:24Z
2024-05-03,SNZ,28.58,28.58,28.5,28.5,9200,KBS,2026-10-09T05:27:24Z
2024-05-06,SNZ,28.32,29.29,28.32,29.02,3603,KBS,2026-10-09T05:27:24Z
2024-05-07,SNZ,29.02,29.64,29.02,29.64,5200,KBS,2026-10-09T05:27:24Z
2024-05-08,SNZ,29.02,29.02,28.58,28.58,5300,KBS,2026-10-09T05:27:24Z
2024-05-09,SNZ,28.67,28.94,28.14,28.94,10106,KBS,2026-10-09T05:27:24Z
2024-05-10,SNZ,28.41,28.67,28.32,28.67,5800,KBS,2026-10-09T05:27:24Z
2024-05-14,SNZ,28.41,28.5,28.14,28.5,14500,KBS,2026-10-09T05:27:24Z
2024-05-15,SNZ,28.85,29.55,28.14,29.46,13900,KBS,2026-10-09T05:27:24Z
2024-05-16,SNZ,28.58,30.17,28.58,29.73,12100,KBS,2026-10-09T05:27:24Z
2024-05-17,SNZ,29.64,29.99,29.02,29.81,2600,KBS,2026-10-09T05:27:24Z
2024-05-20,SNZ,29.81,30.78,29.81,30.52,18861,KBS,2026-10-09T05:27:24Z
2024-05-21,SNZ,30.87,30.87,29.9,30.61,15000,KBS,2026-10-09T05:27:24Z
2024-05-22,SNZ,31.05,31.05,30.08,30.78,10900,KBS,2026-10-09T05:27:24Z
2024-05-23,SNZ,30.69,30.87,30.43,30.78,9005,KBS,2026-10-09T05:27:24Z
2024-05-24,SNZ,31.05,31.05,29.99,30.78,8600,KBS,2026-10-09T05:27:24Z
2024-05-27,SNZ,30.34,30.78,30.34,30.78,1800,KBS,2026-10-09T05:27:24Z
2024-05-28,SNZ,30.78,31.22,30.69,31.05,15530,KBS,2026-10-09T05:27:24Z
2024-05-29,SNZ,30.87,31.05,29.9,31.05,16700,KBS,2026-10-09T05:27:24Z
2024-05-30,SNZ,31.22,32.45,30.78,31.31,3730,KBS,2026-10-09T05:27:24Z
2024-05-31,SNZ,31.48,32.45,30.61,31.66,2500,KBS,2026-10-09T05:27:24Z
2024-06-03,SNZ,32.1,32.1,30.96,31.84,1700,KBS,2026-10-09T05:27:24Z
2024-06-04,SNZ,31.92,32.1,31.66,32.01,2102,KBS,2026-10-09T05:27:24Z
2024-06-05,SNZ,31.13,31.92,30.87,31.92,3600,KBS,2026-10-09T05:27:24Z
2024-06-06,SNZ,31.92,32.01,31.75,31.92,7200,KBS,2026-10-09T05:27:24Z
2024-06-07,SNZ,32.1,36.06,32.1,33.77,64020,KBS,2026-10-09T05:27:24Z
2024-06-10,SNZ,34.04,34.56,32.72,33.42,1101,KBS,2026-10-09T05:27:24Z
2024-06-11,SNZ,33.42,33.42,32.1,33.42,50400,KBS,2026-10-09T05:27:24Z
2024-06-12,SNZ,31.84,32.98,31.84,32.54,3300,KBS,2026-10-09T05:27:24Z
2024-06-13,SNZ,32.1,32.54,31.75,32.54,7780,KBS,2026-10-09T05:27:24Z
2024-06-14,SNZ,32.01,32.01,30.78,30.78,12500,KBS,2026-10-09T05:27:24Z
2024-06-17,SNZ,30.78,30.78,30.34,30.61,10900,KBS,2026-10-09T05:27:24Z
2024-06-18,SNZ,30.69,31.75,29.99,31.66,8240,KBS,2026-10-09T05:27:24Z
2024-06-19,SNZ,31.66,31.75,31.31,31.75,4700,KBS,2026-10-09T05:27:24Z
2024-06-20,SNZ,32.01,35.97,31.57,34.56,83679,KBS,2026-10-09T05:27:24Z
2024-06-21,SNZ,34.12,35.27,32.36,35.18,37130,KBS,2026-10-09T05:27:24Z
2024-06-24,SNZ,35.35,36.06,33.51,34.65,37713,KBS,2026-10-09T05:27:24Z
2024-06-25,SNZ,34.12,34.12,33.51,34.04,4563,KBS,2026-10-09T05:27:24Z
2024-06-26,SNZ,34.04,34.3,31.66,34.3,22802,KBS,2026-10-09T05:27:24Z
2024-06-27,SNZ,33.33,34.21,32.8,33.95,5200,KBS,2026-10-09T05:27:24Z
2024-06-28,SNZ,33.86,34.04,32.28,33.86,6700,KBS,2026-10-09T05:27:24Z
2024-07-01,SNZ,33.07,33.68,32.72,32.98,3501,KBS,2026-10-09T05:27:24Z
2024-07-02,SNZ,33.68,33.68,32.1,32.1,7800,KBS,2026-10-09T05:27:24Z
2024-07-03,SNZ,32.98,33.24,32.19,33.24,2100,KBS,2026-10-09T05:27:24Z
2024-07-04,SNZ,32.8,33.77,32.1,33.33,24014,KBS,2026-10-09T05:27:24Z
2024-07-05,SNZ,32.98,33.42,32.98,33.42,1600,KBS,2026-10-09T05:27:24Z
2024-07-08,SNZ,33.16,33.16,32.19,32.98,18400,KBS,2026-10-09T05:27:24Z
2024-07-09,SNZ,32.45,32.54,32.28,32.54,2201,KBS,2026-10-09T05:27:24Z
2024-07-10,SNZ,32.1,32.45,31.92,32.45,5300,KBS,2026-10-09T05:27:24Z
2024-07-11,SNZ,32.1,36.41,32.1,36.41,48506,KBS,2026-10-09T05:27:24Z
2024-07-12,SNZ,32.8,34.56,32.8,32.89,2590,KBS,2026-10-09T05:27:24Z
2024-07-15,SNZ,33.6,33.95,32.8,32.8,4905,KBS,2026-10-09T05:27:24Z
2024-07-16,SNZ,33.33,34.3,33.33,34.3,10500,KBS,2026-10-09T05:27:24Z
2024-07-17,SNZ,34.48,34.92,33.16,34.56,7211,KBS,2026-10-09T05:27:24Z
2024-07-18,SNZ,33.42,34.83,33.42,34.21,905,KBS,2026-10-09T05:27:24Z
2024-07-22,SNZ,34.12,34.12,34.12,34.12,200,KBS,2026-10-09T05:27:24Z
2024-07-23,SNZ,30.87,38.43,30.87,32.8,50900,KBS,2026-10-09T05:27:24Z
2024-07-24,SNZ,32.1,34.83,32.01,32.98,6934,KBS,2026-10-09T05:27:24Z
2024-07-25,SNZ,32.54,33.68,32.54,33.68,300,KBS,2026-10-09T05:27:24Z
2024-07-26,SNZ,32.54,33.33,32.54,33.16,1700,KBS,2026-10-09T05:27:24Z
2024-07-29,SNZ,33.07,33.86,32.89,33.68,4100,KBS,2026-10-09T05:27:24Z
2024-07-30,SNZ,33.24,33.86,32.89,33.42,4003,KBS,2026-10-09T05:27:24Z
2024-07-31,SNZ,33.07,33.07,32.89,32.89,311,KBS,2026-10-09T05:27:24Z
2024-08-01,SNZ,32.72,32.72,32.45,32.45,1700,KBS,2026-10-09T05:27:24Z
2024-08-02,SNZ,32.1,32.1,31.92,32.1,2121,KBS,2026-10-09T05:27:24Z
2024-08-05,SNZ,31.66,31.66,29.99,31.22,6820,KBS,2026-10-09T05:27:24Z
2024-08-06,SNZ,32.01,32.89,30.78,32.36,12500,KBS,2026-10-09T05:27:24Z
2024-08-07,SNZ,33.95,33.95,29.9,29.9,34323,KBS,2026-10-09T05:27:24Z
2024-08-08,SNZ,31.66,31.66,29.99,29.99,4303,KBS,2026-10-09T05:27:24Z
2024-08-09,SNZ,30.34,31.13,29.99,29.99,1908,KBS,2026-10-09T05:27:24Z
2024-08-12,SNZ,30.78,30.78,30.78,30.78,616,KBS,2026-10-09T05:27:24Z
2024-08-13,SNZ,30.17,30.69,30.08,30.08,900,KBS,2026-10-09T05:27:24Z
2024-08-14,SNZ,30.78,30.78,30.78,30.78,1600,KBS,2026-10-09T05:27:24Z
2024-08-16,SNZ,30.87,30.87,30.87,30.87,3601,KBS,2026-10-09T05:27:24Z
2024-08-19,SNZ,31.13,31.22,30.78,30.78,5500,KBS,2026-10-09T05:27:24Z
2024-08-20,SNZ,30.96,31.13,30.96,31.05,4214,KBS,2026-10-09T05:27:24Z
2024-08-21,SNZ,30.96,31.31,30.78,31.13,6800,KBS,2026-10-09T05:27:24Z
2024-08-22,SNZ,31.31,31.31,29.9,30.52,14400,KBS,2026-10-09T05:27:24Z
2024-08-23,SNZ,30.34,30.34,30.25,30.25,5000,KBS,2026-10-09T05:27:24Z
2024-08-26,SNZ,30.34,30.78,30.34,30.78,8600,KBS,2026-10-09T05:27:24Z
2024-08-27,SNZ,30.17,30.43,29.99,30.34,7910,KBS,2026-10-09T05:27:24Z
2024-08-28,SNZ,30.17,30.34,29.99,29.99,5900,KBS,2026-10-09T05:27:24Z
2024-08-29,SNZ,30.34,30.34,30.08,30.08,9400,KBS,2026-10-09T05:27:24Z
2024-08-30,SNZ,30.34,30.34,30.17,30.25,8800,KBS,2026-10-09T05:27:24Z
2024-09-04,SNZ,29.99,29.99,29.9,29.99,4631,KBS,2026-10-09T05:27:24Z
2024-09-06,SNZ,29.99,29.99,29.99,29.99,2,KBS,2026-10-09T05:27:24Z
2024-09-09,SNZ,29.46,29.46,29.46,29.46,3300,KBS,2026-10-09T05:27:24Z
2024-09-10,SNZ,29.2,29.2,28.5,28.5,5002,KBS,2026-10-09T05:27:24Z
2024-09-11,SNZ,28.5,28.67,28.5,28.58,1300,KBS,2026-10-09T05:27:24Z
2024-09-12,SNZ,29.11,29.29,29.11,29.29,1600,KBS,2026-10-09T05:27:24Z
2024-09-17,SNZ,29.9,29.9,29.9,29.9,501,KBS,2026-10-09T05:27:24Z
2024-09-18,SNZ,29.2,29.64,29.2,29.64,3821,KBS,2026-10-09T05:27:24Z
2024-09-19,SNZ,29.55,29.64,29.55,29.55,2447,KBS,2026-10-09T05:27:24Z
2024-09-20,SNZ,29.64,29.73,29.46,29.64,5410,KBS,2026-10-09T05:27:24Z
2024-09-23,SNZ,29.73,29.73,29.55,29.55,3304,KBS,2026-10-09T05:27:24Z
2024-09-24,SNZ,29.64,29.73,29.64,29.73,1700,KBS,2026-10-09T05:27:24Z
2024-09-25,SNZ,29.73,29.81,29.64,29.64,5601,KBS,2026-10-09T05:27:24Z
2024-09-26,SNZ,29.81,30.17,29.81,30.08,1200,KBS,2026-10-09T05:27:24Z
2024-09-27,SNZ,30.99,30.99,30.08,30.53,5900,KBS,2026-10-09T05:27:24Z
2024-09-30,SNZ,30.53,30.53,30.53,30.53,700,KBS,2026-10-09T05:27:24Z
2024-10-01,SNZ,30.53,30.53,30.17,30.53,4800,KBS,2026-10-09T05:27:24Z
2024-10-02,SNZ,30.08,30.62,30.08,30.53,2200,KBS,2026-10-09T05:27:24Z
2024-10-03,SNZ,29.62,30.35,29.62,30.35,300,KBS,2026-10-09T05:27:24Z
2024-10-04,SNZ,29.71,29.9,29.26,29.9,14400,KBS,2026-10-09T05:27:24Z
2024-10-07,SNZ,29.35,30.08,29.17,30.08,9000,KBS,2026-10-09T05:27:24Z
2024-10-08,SNZ,30.08,30.08,30.08,30.08,100,KBS,2026-10-09T05:27:24Z
2024-10-09,SNZ,30.35,30.35,30.26,30.26,1700,KBS,2026-10-09T05:27:24Z
2024-10-10,SNZ,30.35,30.35,30.35,30.35,400,KBS,2026-10-09T05:27:24Z
2024-10-11,SNZ,30.35,30.35,30.35,30.35,200,KBS,2026-10-09T05:27:24Z
2024-10-14,SNZ,30.08,30.08,29.26,30.08,2500,KBS,2026-10-09T05:27:24Z
2024-10-15,SNZ,29.99,29.99,29.99,29.99,500,KBS,2026-10-09T05:27:24Z
2024-10-16,SNZ,29.9,29.9,29.9,29.9,100,KBS,2026-10-09T05:27:24Z
2024-10-17,SNZ,30.53,30.53,30.53,30.53,122,KBS,2026-10-09T05:27:24Z
2024-10-18,SNZ,29.62,30.35,29.26,29.26,2600,KBS,2026-10-09T05:27:24Z
2024-10-21,SNZ,29.17,29.26,28.98,28.98,2501,KBS,2026-10-09T05:27:24Z
2024-10-22,SNZ,28.98,29.17,28.71,29.17,9900,KBS,2026-10-09T05:27:24Z
2024-10-23,SNZ,28.71,30.81,28.53,30.72,8601,KBS,2026-10-09T05:27:24Z
2024-10-24,SNZ,30.53,31.63,29.26,30.99,12300,KBS,2026-10-09T05:27:24Z
2024-10-29,SNZ,30.08,30.17,30.08,30.17,4701,KBS,2026-10-09T05:27:24Z
2024-10-30,SNZ,30.08,30.08,30.08,30.08,100,KBS,2026-10-09T05:27:24Z
2024-10-31,SNZ,30.08,30.99,30.08,30.99,6600,KBS,2026-10-09T05:27:24Z
2024-11-01,SNZ,30.9,31.63,27.43,30.9,31202,KBS,2026-10-09T05:27:24Z
2024-11-04,SNZ,29.17,29.17,29.17,29.17,4004,KBS,2026-10-09T05:27:24Z
2024-11-05,SNZ,29.26,31.63,29.26,30.62,11900,KBS,2026-10-09T05:27:24Z
2024-11-06,SNZ,31.44,32.08,30.35,31.81,35250,KBS,2026-10-09T05:27:24Z
2024-11-07,SNZ,31.63,31.63,30.99,30.99,2615,KBS,2026-10-09T05:27:24Z
2024-11-08,SNZ,30.44,30.72,30.35,30.53,2800,KBS,2026-10-09T05:27:24Z
2024-11-11,SNZ,30.99,30.99,30.62,30.62,8403,KBS,2026-10-09T05:27:24Z
2024-11-12,SNZ,30.62,30.62,30.62,30.62,12600,KBS,2026-10-09T05:27:24Z
2024-11-13,SNZ,30.62,30.99,30.62,30.99,10100,KBS,2026-10-09T05:27:24Z
2024-11-14,SNZ,31.44,31.99,30.9,31.17,30400,KBS,2026-10-09T05:27:24Z
2024-11-15,SNZ,31.81,31.81,30.35,30.72,22501,KBS,2026-10-09T05:27:24Z
2024-11-18,SNZ,30.17,30.17,30.08,30.08,6704,KBS,2026-10-09T05:27:24Z
2024-11-19,SNZ,31.44,31.44,30.99,30.99,23303,KBS,2026-10-09T05:27:24Z
2024-11-20,SNZ,31.63,31.63,31.54,31.54,9541,KBS,2026-10-09T05:27:24Z
2024-11-22,SNZ,30.35,30.53,30.35,30.53,1000,KBS,2026-10-09T05:27:24Z
2024-11-27,SNZ,30.81,30.81,30.81,30.81,102,KBS,2026-10-09T05:27:24Z
2024-11-28,SNZ,30.81,30.99,30.81,30.99,2700,KBS,2026-10-09T05:27:24Z
2024-12-02,SNZ,30.9,31.08,30.9,31.08,8804,KBS,2026-10-09T05:27:24Z
2024-12-03,SNZ,31.35,31.72,31.35,31.72,17400,KBS,2026-10-09T05:27:24Z
2024-12-04,SNZ,31.72,31.72,31.72,31.72,11900,KBS,2026-10-09T05:27:24Z
2024-12-05,SNZ,31.72,31.72,31.72,31.72,100,KBS,2026-10-09T05:27:24Z
2024-12-06,SNZ,31.72,31.72,31.72,31.72,3500,KBS,2026-10-09T05:27:24Z
2024-12-10,SNZ,30.35,30.9,29.99,30.9,2400,KBS,2026-10-09T05:27:24Z
2024-12-11,SNZ,30.44,30.44,30.44,30.44,100,KBS,2026-10-09T05:27:24Z
2024-12-12,SNZ,30.44,30.44,30.44,30.44,2,KBS,2026-10-09T05:27:24Z
2024-12-13,SNZ,30.44,30.99,30.44,30.99,40400,KBS,2026-10-09T05:27:24Z
2024-12-16,SNZ,30.99,31.35,30.99,31.35,1702,KBS,2026-10-09T05:27:24Z
2024-12-17,SNZ,31.44,31.72,31.44,31.63,7100,KBS,2026-10-09T05:27:24Z
2024-12-18,SNZ,31.54,31.54,31.54,31.54,400,KBS,2026-10-09T05:27:24Z
2024-12-19,SNZ,30.99,30.99,30.99,30.99,800,KBS,2026-10-09T05:27:24Z
2024-12-20,SNZ,30.26,30.26,30.26,30.26,101,KBS,2026-10-09T05:27:24Z
2024-12-23,SNZ,30.53,30.62,30.26,30.62,2300,KBS,2026-10-09T05:27:24Z
2024-12-24,SNZ,30.62,30.99,30.53,30.99,8101,KBS,2026-10-09T05:27:24Z
2024-12-25,SNZ,30.62,30.99,30.53,30.99,6100,KBS,2026-10-09T05:27:24Z
2024-12-26,SNZ,31.44,32.08,31.44,31.9,23547,KBS,2026-10-09T05:27:24Z
2024-12-27,SNZ,30.99,31.72,28.44,31.08,20801,KBS,2026-10-09T05:27:24Z
2024-12-30,SNZ,31.08,31.63,30.72,30.72,1710,KBS,2026-10-09T05:27:24Z
2025-01-02,SNZ,30.9,31.44,30.9,30.99,2102,KBS,2026-10-09T05:27:24Z
2025-01-03,SNZ,30.53,31.17,30.53,31.17,2100,KBS,2026-10-09T05:27:24Z
2025-01-06,SNZ,31.17,31.35,31.17,31.35,900,KBS,2026-10-09T05:27:24Z
2025-01-09,SNZ,30.99,30.99,30.99,30.99,500,KBS,2026-10-09T05:27:24Z
2025-01-10,SNZ,31.35,31.35,31.35,31.35,2200,KBS,2026-10-09T05:27:24Z
2025-01-13,SNZ,31.35,31.35,31.26,31.26,400,KBS,2026-10-09T05:27:24Z
2025-01-14,SNZ,29.62,30.81,29.62,30.17,4400,KBS,2026-10-09T05:27:24Z
2025-01-15,SNZ,27.8,31.35,27.8,31.35,13900,KBS,2026-10-09T05:27:24Z
2025-01-16,SNZ,29.17,30.99,27.52,30.99,17900,KBS,2026-10-09T05:27:24Z
2025-01-17,SNZ,30.99,31.81,30.99,31.44,11700,KBS,2026-10-09T05:27:24Z
2025-01-20,SNZ,31.08,32.36,31.08,31.44,16500,KBS,2026-10-09T05:27:24Z
2025-01-21,SNZ,31.81,31.9,30.53,30.53,4500,KBS,2026-10-09T05:27:24Z
2025-01-22,SNZ,30.53,31.72,30.08,30.72,6400,KBS,2026-10-09T05:27:24Z
2025-01-23,SNZ,30.17,30.53,30.17,30.53,2400,KBS,2026-10-09T05:27:24Z
2025-01-24,SNZ,31.17,31.17,30.26,30.26,1520,KBS,2026-10-09T05:27:24Z
2025-02-03,SNZ,30.99,30.99,30.62,30.99,2300,KBS,2026-10-09T05:27:24Z
2025-02-04,SNZ,30.53,30.99,30.53,30.72,1700,KBS,2026-10-09T05:27:24Z
2025-02-05,SNZ,30.53,30.72,30.53,30.72,261,KBS,2026-10-09T05:27:24Z
2025-02-06,SNZ,30.26,31.17,30.26,31.17,7100,KBS,2026-10-09T05:27:24Z
2025-02-07,SNZ,31.9,35.27,31.44,31.54,9000,KBS,2026-10-09T05:27:24Z
2025-02-10,SNZ,31.72,31.72,31.72,31.72,1102,KBS,2026-10-09T05:27:24Z
2025-02-11,SNZ,31.81,31.81,30.62,30.62,3001,KBS,2026-10-09T05:27:24Z
2025-02-12,SNZ,31.08,31.08,31.08,31.08,110,KBS,2026-10-09T05:27:24Z
2025-02-13,SNZ,31.08,31.17,30.99,31.17,1503,KBS,2026-10-09T05:27:24Z
2025-02-14,SNZ,31.44,35.0,31.44,32.26,8001,KBS,2026-10-09T05:27:24Z
2025-02-17,SNZ,33.9,33.9,33.9,33.9,400,KBS,2026-10-09T05:27:24Z
2025-02-18,SNZ,33.63,33.63,33.08,33.08,800,KBS,2026-10-09T05:27:24Z
2025-02-19,SNZ,32.81,33.36,31.9,33.18,11109,KBS,2026-10-09T05:27:24Z
2025-02-21,SNZ,33.63,33.63,32.36,32.72,6220,KBS,2026-10-09T05:27:24Z
2025-02-24,SNZ,32.9,33.18,32.45,32.45,4008,KBS,2026-10-09T05:27:24Z
2025-02-25,SNZ,32.36,32.36,32.26,32.36,2309,KBS,2026-10-09T05:27:24Z
2025-02-26,SNZ,32.26,33.63,32.26,33.45,9000,KBS,2026-10-09T05:27:24Z
2025-02-28,SNZ,32.9,32.9,32.81,32.81,1135,KBS,2026-10-09T05:27:24Z
2025-03-03,SNZ,32.54,32.99,32.54,32.9,4100,KBS,2026-10-09T05:27:24Z
2025-03-04,SNZ,33.54,33.54,32.08,32.08,6200,KBS,2026-10-09T05:27:24Z
2025-03-05,SNZ,32.45,32.45,32.45,32.45,201,KBS,2026-10-09T05:27:24Z
2025-03-06,SNZ,32.45,32.45,32.45,32.45,1900,KBS,2026-10-09T05:27:24Z
2025-03-07,SNZ,32.26,32.26,31.9,31.99,3800,KBS,2026-10-09T05:27:24Z
2025-03-10,SNZ,32.81,32.81,32.26,32.81,3900,KBS,2026-10-09T05:27:24Z
2025-03-11,SNZ,32.72,32.72,32.72,32.72,1000,KBS,2026-10-09T05:27:24Z
2025-03-12,SNZ,32.72,32.72,32.72,32.72,300,KBS,2026-10-09T05:27:24Z
2025-03-13,SNZ,32.81,32.81,32.54,32.54,2814,KBS,2026-10-09T05:27:24Z
2025-03-17,SNZ,32.72,32.72,32.26,32.26,1400,KBS,2026-10-09T05:27:24Z
2025-03-18,SNZ,32.72,32.72,32.26,32.72,1700,KBS,2026-10-09T05:27:24Z
2025-03-19,SNZ,32.45,32.72,32.45,32.54,1800,KBS,2026-10-09T05:27:24Z
2025-03-20,SNZ,32.26,32.26,32.26,32.26,1010,KBS,2026-10-09T05:27:24Z
2025-03-21,SNZ,32.72,32.72,31.9,32.17,1300,KBS,2026-10-09T05:27:24Z
2025-03-24,SNZ,32.54,32.54,32.54,32.54,2000,KBS,2026-10-09T05:27:24Z
2025-03-25,SNZ,31.26,32.36,31.26,32.26,300,KBS,2026-10-09T05:27:24Z
2025-03-26,SNZ,32.36,32.36,32.36,32.36,1209,KBS,2026-10-09T05:27:24Z
2025-03-27,SNZ,32.72,34.45,32.45,32.45,17500,KBS,2026-10-09T05:27:24Z
2025-03-28,SNZ,33.18,33.18,31.9,31.9,1400,KBS,2026-10-09T05:27:24Z
2025-03-31,SNZ,31.9,31.9,31.9,31.9,700,KBS,2026-10-09T05:27:24Z
2025-04-01,SNZ,31.9,31.9,31.9,31.9,2,KBS,2026-10-09T05:27:24Z
2025-04-02,SNZ,31.9,31.9,31.54,31.54,2800,KBS,2026-10-09T05:27:24Z
2025-04-03,SNZ,30.08,30.08,27.71,27.8,4500,KBS,2026-10-09T05:27:24Z
2025-04-04,SNZ,28.26,28.26,26.43,28.16,5502,KBS,2026-10-09T05:27:24Z
2025-04-08,SNZ,24.61,24.88,23.24,23.24,4400,KBS,2026-10-09T05:27:24Z
2025-04-09,SNZ,23.7,23.7,20.96,20.96,3008,KBS,2026-10-09T05:27:24Z
2025-04-10,SNZ,25.7,25.7,25.7,25.7,5100,KBS,2026-10-09T05:27:24Z
2025-04-11,SNZ,26.43,28.07,26.43,27.71,3500,KBS,2026-10-09T05:27:24Z
2025-04-14,SNZ,26.8,29.35,26.8,27.52,1200,KBS,2026-10-09T05:27:24Z
2025-04-16,SNZ,25.79,29.17,25.79,29.08,700,KBS,2026-10-09T05:27:24Z
2025-04-18,SNZ,25.16,29.9,25.16,29.8,400,KBS,2026-10-09T05:27:24Z
2025-04-22,SNZ,28.44,28.98,28.44,28.98,7600,KBS,2026-10-09T05:27:24Z
2025-04-24,SNZ,28.26,28.53,28.26,28.53,400,KBS,2026-10-09T05:27:24Z
2025-05-08,SNZ,28.26,28.26,28.26,28.26,100,KBS,2026-10-09T05:27:24Z
2025-05-12,SNZ,27.34,27.34,27.34,27.34,200,KBS,2026-10-09T05:27:24Z
2025-05-13,SNZ,30.08,30.08,30.08,30.08,100,KBS,2026-10-09T05:27:24Z
2025-05-14,SNZ,30.08,30.26,30.08,30.26,300,KBS,2026-10-09T05:27:24Z
2025-05-15,SNZ,30.17,30.17,30.17,30.17,300,KBS,2026-10-09T05:27:24Z
2025-05-20,SNZ,29.53,29.53,29.53,29.53,1000,KBS,2026-10-09T05:27:24Z
2025-05-21,SNZ,29.44,29.44,29.17,29.17,500,KBS,2026-10-09T05:27:24Z
2025-05-22,SNZ,29.17,29.35,29.17,29.35,400,KBS,2026-10-09T05:27:24Z
2025-05-26,SNZ,27.62,29.17,27.62,29.17,400,KBS,2026-10-09T05:27:24Z
2025-05-27,SNZ,27.8,28.98,26.89,28.98,900,KBS,2026-10-09T05:27:24Z
2025-05-28,SNZ,28.07,28.07,27.8,27.8,1800,KBS,2026-10-09T05:27:24Z
2025-05-29,SNZ,27.89,27.89,27.8,27.8,1700,KBS,2026-10-09T05:27:24Z
2025-05-30,SNZ,28.53,28.53,28.53,28.53,100,KBS,2026-10-09T05:27:24Z
2025-06-03,SNZ,28.53,28.71,28.26,28.26,1900,KBS,2026-10-09T05:27:24Z
2025-06-04,SNZ,28.8,28.8,27.71,27.71,5600,KBS,2026-10-09T05:27:24Z
2025-06-05,SNZ,29.17,29.17,28.98,28.98,700,KBS,2026-10-09T05:27:24Z
2025-06-06,SNZ,29.08,29.08,29.08,29.08,100,KBS,2026-10-09T05:27:24Z
2025-06-12,SNZ,28.26,28.26,27.8,27.8,2700,KBS,2026-10-09T05:27:24Z
2025-06-13,SNZ,27.34,28.26,27.25,28.26,300,KBS,2026-10-09T05:27:24Z
2025-06-16,SNZ,27.52,27.52,27.34,27.34,1400,KBS,2026-10-09T05:27:24Z
2025-06-19,SNZ,27.43,27.8,26.61,27.25,800,KBS,2026-10-09T05:27:24Z
2025-06-20,SNZ,27.25,27.34,27.07,27.07,6400,KBS,2026-10-09T05:27:24Z
2025-06-23,SNZ,27.16,27.25,27.16,27.25,3700,KBS,2026-10-09T05:27:24Z
2025-06-24,SNZ,27.52,27.8,27.52,27.71,1400,KBS,2026-10-09T05:27:24Z
2025-06-25,SNZ,28.26,28.26,27.8,27.8,5000,KBS,2026-10-09T05:27:24Z
2025-06-26,SNZ,28.16,28.16,28.07,28.07,3200,KBS,2026-10-09T05:27:24Z
2025-06-27,SNZ,28.07,28.16,28.07,28.16,900,KBS,2026-10-09T05:27:24Z
2025-06-30,SNZ,28.53,28.53,27.07,27.07,3100,KBS,2026-10-09T05:27:24Z
2025-07-01,SNZ,27.71,27.71,27.71,27.71,900,KBS,2026-10-09T05:27:24Z
2025-07-02,SNZ,28.44,28.44,28.26,28.26,2300,KBS,2026-10-09T05:27:24Z
2025-07-03,SNZ,28.26,28.26,28.26,28.26,200,KBS,2026-10-09T05:27:24Z
2025-07-04,SNZ,28.26,28.26,28.26,28.26,800,KBS,2026-10-09T05:27:24Z
2025-07-07,SNZ,28.26,28.26,28.26,28.26,100,KBS,2026-10-09T05:27:24Z
2025-07-08,SNZ,28.26,28.44,28.26,28.44,2700,KBS,2026-10-09T05:27:24Z
2025-07-09,SNZ,28.35,28.53,28.26,28.53,6300,KBS,2026-10-09T05:27:24Z
2025-07-10,SNZ,28.53,28.53,28.53,28.53,1500,KBS,2026-10-09T05:27:24Z
2025-07-11,SNZ,28.53,28.53,28.26,28.26,500,KBS,2026-10-09T05:27:24Z
2025-07-15,SNZ,28.35,28.35,28.26,28.26,1200,KBS,2026-10-09T05:27:24Z
2025-07-16,SNZ,28.26,28.26,28.26,28.26,3100,KBS,2026-10-09T05:27:24Z
2025-07-17,SNZ,28.35,29.17,28.35,28.35,4800,KBS,2026-10-09T05:27:24Z
2025-07-18,SNZ,28.53,28.62,28.53,28.53,2100,KBS,2026-10-09T05:27:24Z
2025-07-21,SNZ,28.53,28.53,28.44,28.44,2900,KBS,2026-10-09T05:27:24Z
2025-07-22,SNZ,28.53,28.62,28.53,28.62,3500,KBS,2026-10-09T05:27:24Z
2025-07-23,SNZ,29.26,29.26,28.35,28.35,6300,KBS,2026-10-09T05:27:24Z
2025-07-24,SNZ,29.17,32.63,29.17,31.72,32200,KBS,2026-10-09T05:27:24Z
2025-07-25,SNZ,31.9,32.72,31.44,32.45,34800,KBS,2026-10-09T05:27:24Z
2025-07-28,SNZ,32.72,33.27,32.63,32.63,24600,KBS,2026-10-09T05:27:24Z
2025-07-29,SNZ,32.81,32.81,31.26,31.54,11300,KBS,2026-10-09T05:27:24Z
2025-07-30,SNZ,31.99,33.27,31.9,32.9,18100,KBS,2026-10-09T05:27:24Z
2025-07-31,SNZ,33.27,35.64,33.18,35.09,51700,KBS,2026-10-09T05:27:24Z
2025-08-01,SNZ,34.54,35.55,34.54,35.09,12000,KBS,2026-10-09T05:27:24Z
2025-08-04,SNZ,37.37,37.37,33.27,34.64,22100,KBS,2026-10-09T05:27:24Z
2025-08-05,SNZ,35.46,35.46,34.36,34.36,20200,KBS,2026-10-09T05:27:24Z
2025-08-06,SNZ,34.18,34.82,33.72,34.36,13000,KBS,2026-10-09T05:27:24Z
2025-08-07,SNZ,35.09,35.09,34.18,34.18,16300,KBS,2026-10-09T05:27:24Z
2025-08-08,SNZ,33.54,34.54,33.54,33.9,23600,KBS,2026-10-09T05:27:24Z
2025-08-11,SNZ,33.72,34.91,33.72,33.9,15400,KBS,2026-10-09T05:27:24Z
2025-08-12,SNZ,34.45,34.45,33.63,33.72,13700,KBS,2026-10-09T05:27:24Z
2025-08-13,SNZ,33.81,34.18,33.45,34.18,20500,KBS,2026-10-09T05:27:24Z
2025-08-14,SNZ,33.72,33.72,33.45,33.54,36600,KBS,2026-10-09T05:27:24Z
2025-08-15,SNZ,33.54,33.54,33.36,33.45,13500,KBS,2026-10-09T05:27:24Z
2025-08-18,SNZ,33.54,37.92,33.45,35.36,19000,KBS,2026-10-09T05:27:24Z
2025-08-19,SNZ,35.18,35.18,34.64,34.82,8200,KBS,2026-10-09T05:27:24Z
2025-08-20,SNZ,34.91,34.91,33.27,33.36,10000,KBS,2026-10-09T05:27:24Z
2025-08-21,SNZ,33.72,33.81,33.63,33.81,4600,KBS,2026-10-09T05:27:24Z
2025-08-22,SNZ,33.9,33.9,33.81,33.81,2700,KBS,2026-10-09T05:27:24Z
2025-08-25,SNZ,33.81,33.81,33.45,33.45,700,KBS,2026-10-09T05:27:24Z
2025-08-26,SNZ,33.72,33.72,33.63,33.72,2100,KBS,2026-10-09T05:27:24Z
2025-08-28,SNZ,33.72,33.72,33.72,33.72,1400,KBS,2026-10-09T05:27:24Z
2025-08-29,SNZ,33.81,33.81,33.72,33.72,900,KBS,2026-10-09T05:27:24Z
2025-09-03,SNZ,33.81,33.81,33.36,33.36,7200,KBS,2026-10-09T05:27:24Z
2025-09-04,SNZ,33.63,33.72,32.9,33.72,7100,KBS,2026-10-09T05:27:24Z
2025-09-05,SNZ,33.63,33.72,33.36,33.72,9100,KBS,2026-10-09T05:27:24Z
2025-09-08,SNZ,33.27,33.45,33.27,33.36,1000,KBS,2026-10-09T05:27:24Z
2025-09-09,SNZ,33.45,33.45,33.27,33.36,4400,KBS,2026-10-09T05:27:24Z
2025-09-10,SNZ,33.45,33.45,33.36,33.45,2200,KBS,2026-10-09T05:27:24Z
2025-09-11,SNZ,32.9,33.45,32.81,33.36,5100,KBS,2026-10-09T05:27:24Z
2025-09-12,SNZ,33.18,33.18,33.18,33.18,100,KBS,2026-10-09T05:27:24Z
2025-09-15,SNZ,32.36,33.27,32.26,33.27,1800,KBS,2026-10-09T05:27:24Z
2025-09-16,SNZ,33.18,33.63,33.18,33.18,3900,KBS,2026-10-09T05:27:24Z
2025-09-17,SNZ,32.9,33.36,32.9,33.36,400,KBS,2026-10-09T05:27:24Z
2025-09-18,SNZ,32.99,32.99,32.9,32.99,1000,KBS,2026-10-09T05:27:24Z
2025-09-19,SNZ,32.99,33.54,32.99,33.54,300,KBS,2026-10-09T05:27:24Z
2025-09-22,SNZ,32.81,32.81,32.81,32.81,5200,KBS,2026-10-09T05:27:24Z
2025-09-23,SNZ,32.81,32.9,32.81,32.81,3600,KBS,2026-10-09T05:27:24Z
2025-09-24,SNZ,32.54,32.81,32.45,32.81,6700,KBS,2026-10-09T05:27:24Z
2025-09-25,SNZ,33.18,33.18,32.45,32.81,3900,KBS,2026-10-09T05:27:24Z
2025-09-26,SNZ,32.72,33.36,32.72,33.08,2300,KBS,2026-10-09T05:27:24Z
2025-09-29,SNZ,32.9,33.08,32.81,33.08,4500,KBS,2026-10-09T05:27:24Z
2025-09-30,SNZ,32.63,32.99,31.72,32.81,4700,KBS,2026-10-09T05:27:24Z
2025-10-01,SNZ,32.54,33.18,32.54,33.18,200,KBS,2026-10-09T05:27:24Z
2025-10-02,SNZ,32.81,32.81,32.45,32.54,9800,KBS,2026-10-09T05:27:24Z
2025-10-03,SNZ,32.72,32.72,32.36,32.36,10800,KBS,2026-10-09T05:27:24Z
2025-10-06,SNZ,32.54,33.72,32.45,33.72,8600,KBS,2026-10-09T05:27:24Z
2025-10-07,SNZ,33.08,33.84,33.08,33.46,7800,KBS,2026-10-09T05:27:24Z
2025-10-08,SNZ,33.65,33.65,33.36,33.55,5800,KBS,2026-10-09T05:27:24Z
2025-10-09,SNZ,32.98,33.08,32.98,33.08,700,KBS,2026-10-09T05:27:24Z
2025-10-10,SNZ,32.61,32.7,32.13,32.13,10000,KBS,2026-10-09T05:27:24Z
2025-10-13,SNZ,32.13,32.13,32.13,32.13,100,KBS,2026-10-09T05:27:24Z
2025-10-14,SNZ,32.23,32.61,32.04,32.61,4500,KBS,2026-10-09T05:27:24Z
2025-10-15,SNZ,31.76,31.85,31.66,31.66,12700,KBS,2026-10-09T05:27:24Z
2025-10-16,SNZ,32.61,32.61,30.9,30.9,200,KBS,2026-10-09T05:27:24Z
2025-10-17,SNZ,30.9,31.66,30.72,30.72,6200,KBS,2026-10-09T05:27:24Z
2025-10-20,SNZ,30.9,30.9,30.24,30.24,800,KBS,2026-10-09T05:27:24Z
2025-10-21,SNZ,30.53,30.53,30.53,30.53,900,KBS,2026-10-09T05:27:24Z
2025-10-22,SNZ,31.85,31.85,31.85,31.85,100,KBS,2026-10-09T05:27:24Z
2025-10-24,SNZ,32.13,32.13,31.66,31.66,600,KBS,2026-10-09T05:27:24Z
2025-10-27,SNZ,31.66,31.76,31.66,31.66,2500,KBS,2026-10-09T05:27:24Z
2025-10-28,SNZ,31.66,32.89,31.66,32.89,1000,KBS,2026-10-09T05:27:24Z
2025-10-30,SNZ,32.42,32.42,31.19,31.19,1600,KBS,2026-10-09T05:27:24Z
2025-10-31,SNZ,31.47,31.57,31.47,31.57,900,KBS,2026-10-09T05:27:24Z
2025-11-03,SNZ,31.57,31.57,29.3,31.57,5100,KBS,2026-10-09T05:27:24Z
2025-11-04,SNZ,31.66,31.66,31.66,31.66,100,KBS,2026-10-09T05:27:24Z
2025-11-05,SNZ,31.57,31.57,30.34,31.19,1000,KBS,2026-10-09T05:27:24Z
2025-11-06,SNZ,31.19,31.28,30.24,31.28,1700,KBS,2026-10-09T05:27:24Z
2025-11-07,SNZ,31.47,31.47,30.43,31.47,3400,KBS,2026-10-09T05:27:24Z
2025-11-10,SNZ,31.09,31.19,31.09,31.19,400,KBS,2026-10-09T05:27:24Z
2025-11-11,SNZ,29.96,31.09,29.96,31.09,2500,KBS,2026-10-09T05:27:24Z
2025-11-12,SNZ,31.09,31.09,31.0,31.09,300,KBS,2026-10-09T05:27:24Z
2025-11-13,SNZ,31.09,31.09,31.09,31.09,100,KBS,2026-10-09T05:27:24Z
2025-11-14,SNZ,31.09,31.09,31.0,31.0,300,KBS,2026-10-09T05:27:24Z
2025-11-17,SNZ,30.24,30.9,29.3,30.15,4100,KBS,2026-10-09T05:27:24Z
2025-11-18,SNZ,30.15,30.24,30.15,30.24,1800,KBS,2026-10-09T05:27:24Z
2025-11-19,SNZ,31.09,31.09,30.15,30.15,2300,KBS,2026-10-09T05:27:24Z
2025-11-20,SNZ,30.72,30.72,30.72,30.72,100,KBS,2026-10-09T05:27:24Z
2025-11-21,SNZ,30.62,30.62,30.24,30.24,1800,KBS,2026-10-09T05:27:24Z
2025-11-24,SNZ,30.24,30.53,30.24,30.53,1200,KBS,2026-10-09T05:27:24Z
2025-11-25,SNZ,30.24,30.24,26.08,30.24,12500,KBS,2026-10-09T05:27:24Z
2025-11-26,SNZ,28.45,29.77,28.45,29.77,300,KBS,2026-10-09T05:27:24Z
2025-11-27,SNZ,29.49,29.77,28.92,29.77,1800,KBS,2026-10-09T05:27:24Z
2025-11-28,SNZ,29.2,29.68,29.11,29.3,1700,KBS,2026-10-09T05:27:24Z
2025-12-01,SNZ,29.68,29.68,29.49,29.49,900,KBS,2026-10-09T05:27:24Z
2025-12-02,SNZ,29.58,29.58,29.58,29.58,300,KBS,2026-10-09T05:27:24Z
2025-12-03,SNZ,29.39,29.49,28.73,28.82,4300,KBS,2026-10-09T05:27:24Z
2025-12-04,SNZ,29.68,29.68,29.11,29.3,700,KBS,2026-10-09T05:27:24Z
2025-12-05,SNZ,29.68,29.68,29.68,29.68,100,KBS,2026-10-09T05:27:24Z
2025-12-09,SNZ,29.68,29.68,29.68,29.68,100,KBS,2026-10-09T05:27:24Z
2025-12-11,SNZ,29.68,29.68,29.68,29.68,100,KBS,2026-10-09T05:27:24Z
2025-12-12,SNZ,29.58,29.58,28.07,28.92,800,KBS,2026-10-09T05:27:24Z
2025-12-15,SNZ,28.73,29.49,28.73,29.49,300,KBS,2026-10-09T05:27:24Z
2025-12-16,SNZ,28.64,29.02,28.64,29.02,4400,KBS,2026-10-09T05:27:24Z
2025-12-18,SNZ,28.82,28.82,28.82,28.82,200,KBS,2026-10-09T05:27:24Z
2025-12-19,SNZ,26.94,29.39,26.94,29.39,1000,KBS,2026-10-09T05:27:24Z
2025-12-22,SNZ,28.35,28.82,28.35,28.82,900,KBS,2026-10-09T05:27:24Z
2025-12-23,SNZ,28.92,29.86,28.92,29.3,8200,KBS,2026-10-09T05:27:24Z
2025-12-24,SNZ,29.68,29.77,29.3,29.3,700,KBS,2026-10-09T05:27:24Z
2025-12-25,SNZ,29.68,29.68,29.68,29.68,500,KBS,2026-10-09T05:27:24Z
2025-12-26,SNZ,29.58,29.58,28.35,29.58,4500,KBS,2026-10-09T05:27:24Z
2025-12-31,SNZ,28.82,28.82,28.35,28.35,2200,KBS,2026-10-09T05:27:24Z
2026-01-05,SNZ,29.3,29.3,29.2,29.3,500,KBS,2026-10-09T05:27:24Z
2026-01-06,SNZ,29.58,29.68,29.58,29.58,2000,KBS,2026-10-09T05:27:24Z
2026-01-07,SNZ,29.58,31.0,29.58,31.0,8100,KBS,2026-10-09T05:27:24Z
2026-01-08,SNZ,31.19,31.76,31.09,31.09,27400,KBS,2026-10-09T05:27:24Z
2026-01-09,SNZ,31.19,31.38,30.43,31.19,4900,KBS,2026-10-09T05:27:24Z
2026-01-12,SNZ,31.19,31.28,30.72,31.19,9300,KBS,2026-10-09T05:27:24Z
2026-01-13,SNZ,30.81,30.81,30.24,30.81,7400,KBS,2026-10-09T05:27:24Z
2026-01-14,SNZ,30.34,34.59,30.24,33.84,57800,KBS,2026-10-09T05:27:24Z
2026-01-15,SNZ,34.21,36.86,34.21,35.82,33500,KBS,2026-10-09T05:27:24Z
2026-01-16,SNZ,36.1,36.1,34.4,34.5,27900,KBS,2026-10-09T05:27:24Z
2026-01-19,SNZ,36.1,36.1,34.02,34.02,20400,KBS,2026-10-09T05:27:24Z
2026-01-20,SNZ,34.02,34.78,33.55,34.78,18000,KBS,2026-10-09T05:27:24Z
2026-01-21,SNZ,34.5,34.5,33.65,34.02,11100,KBS,2026-10-09T05:27:24Z
2026-01-22,SNZ,34.5,34.5,33.55,33.55,10000,KBS,2026-10-09T05:27:24Z
2026-01-23,SNZ,33.27,34.5,33.27,34.31,3300,KBS,2026-10-09T05:27:24Z
2026-01-26,SNZ,34.12,34.59,32.98,33.55,7900,KBS,2026-10-09T05:27:24Z
2026-01-27,SNZ,33.55,33.55,32.04,32.61,5400,KBS,2026-10-09T05:27:24Z
2026-01-28,SNZ,32.42,32.42,32.32,32.32,400,KBS,2026-10-09T05:27:24Z
2026-01-29,SNZ,32.32,32.89,32.23,32.8,6900,KBS,2026-10-09T05:27:24Z
2026-01-30,SNZ,32.8,32.8,31.57,32.8,7700,KBS,2026-10-09T05:27:24Z
2026-02-02,SNZ,31.85,32.51,31.57,32.51,1800,KBS,2026-10-09T05:27:24Z
2026-02-03,SNZ,32.13,33.46,31.85,33.08,22800,KBS,2026-10-09T05:27:24Z
2026-02-04,SNZ,33.08,34.21,33.08,33.46,19700,KBS,2026-10-09T05:27:24Z
2026-02-05,SNZ,33.08,33.65,32.23,32.8,9700,KBS,2026-10-09T05:27:24Z
2026-02-06,SNZ,33.36,33.36,31.38,32.51,5300,KBS,2026-10-09T05:27:24Z
2026-02-09,SNZ,32.23,32.89,32.23,32.89,1800,KBS,2026-10-09T05:27:24Z
2026-02-10,SNZ,32.04,32.61,31.47,32.51,7800,KBS,2026-10-09T05:27:24Z
2026-02-11,SNZ,32.23,32.32,31.19,32.13,3400,KBS,2026-10-09T05:27:24Z
2026-02-12,SNZ,32.13,32.13,31.28,31.66,2200,KBS,2026-10-09T05:27:24Z
2026-02-13,SNZ,31.66,32.13,31.66,31.85,600,KBS,2026-10-09T05:27:24Z
2026-02-23,SNZ,31.85,32.04,31.85,31.94,3800,KBS,2026-10-09T05:27:24Z
2026-02-24,SNZ,31.85,31.85,31.19,31.66,4500,KBS,2026-10-09T05:27:24Z
2026-02-25,SNZ,31.19,32.8,31.19,32.7,14300,KBS,2026-10-09T05:27:24Z
2026-02-26,SNZ,31.76,31.76,31.76,31.76,100,KBS,2026-10-09T05:27:24Z
2026-02-27,SNZ,31.76,31.76,31.19,31.57,3600,KBS,2026-10-09T05:27:24Z
2026-03-02,SNZ,31.57,32.13,30.9,32.13,6400,KBS,2026-10-09T05:27:24Z
2026-03-03,SNZ,31.09,31.76,30.9,31.76,4500,KBS,2026-10-09T05:27:24Z
2026-03-04,SNZ,31.19,31.66,30.05,31.19,9500,KBS,2026-10-09T05:27:24Z
2026-03-05,SNZ,30.62,30.72,29.86,30.62,4200,KBS,2026-10-09T05:27:24Z
2026-03-06,SNZ,30.24,30.9,30.15,30.9,2700,KBS,2026-10-09T05:27:24Z
2026-03-09,SNZ,28.45,28.82,27.98,28.82,8300,KBS,2026-10-09T05:27:24Z
2026-03-10,SNZ,28.35,31.09,28.35,30.15,1300,KBS,2026-10-09T05:27:24Z
2026-03-11,SNZ,30.15,31.28,30.15,31.09,1700,KBS,2026-10-09T05:27:24Z
2026-03-12,SNZ,29.86,30.15,29.2,30.15,5500,KBS,2026-10-09T05:27:24Z
2026-03-13,SNZ,28.82,30.15,28.82,30.15,300,KBS,2026-10-09T05:27:24Z
2026-03-16,SNZ,30.15,30.15,28.82,29.3,3400,KBS,2026-10-09T05:27:24Z
2026-03-17,SNZ,29.3,29.77,29.3,29.77,2900,KBS,2026-10-09T05:27:24Z
2026-03-18,SNZ,29.3,29.86,29.3,29.39,1700,KBS,2026-10-09T05:27:24Z
2026-03-19,SNZ,29.86,29.96,29.58,29.58,400,KBS,2026-10-09T05:27:24Z
2026-03-20,SNZ,29.96,29.96,29.96,29.96,100,KBS,2026-10-09T05:27:24Z
2026-03-23,SNZ,29.3,29.49,28.35,29.49,5100,KBS,2026-10-09T05:27:24Z
2026-03-24,SNZ,29.68,29.68,29.68,29.68,100,KBS,2026-10-09T05:27:24Z
2026-03-25,SNZ,29.77,29.77,29.77,29.77,100,KBS,2026-10-09T05:27:24Z
2026-03-26,SNZ,29.58,29.68,28.82,29.68,500,KBS,2026-10-09T05:27:24Z
2026-03-27,SNZ,28.92,29.68,28.92,29.68,11500,KBS,2026-10-09T05:27:24Z
2026-03-30,SNZ,29.58,29.68,29.02,29.68,8700,KBS,2026-10-09T05:27:24Z
2026-03-31,SNZ,30.05,30.05,29.11,29.86,1300,KBS,2026-10-09T05:27:24Z
2026-04-01,SNZ,29.39,29.96,29.02,29.96,2900,KBS,2026-10-09T05:27:24Z
2026-04-02,SNZ,29.2,29.49,28.82,29.49,700,KBS,2026-10-09T05:27:24Z
2026-04-03,SNZ,29.11,29.11,27.41,28.73,3600,KBS,2026-10-09T05:27:24Z
2026-04-06,SNZ,28.35,29.2,28.35,29.11,900,KBS,2026-10-09T05:27:24Z
2026-04-07,SNZ,29.02,29.02,29.02,29.02,100,KBS,2026-10-09T05:27:24Z
2026-04-08,SNZ,29.02,29.3,29.02,29.3,7100,KBS,2026-10-09T05:27:24Z
2026-04-09,SNZ,29.02,29.02,28.64,28.64,1200,KBS,2026-10-09T05:27:24Z
2026-04-10,SNZ,28.54,28.73,28.35,28.73,1600,KBS,2026-10-09T05:27:24Z
2026-04-13,SNZ,28.54,29.02,28.45,29.02,1200,KBS,2026-10-09T05:27:24Z
2026-04-14,SNZ,28.64,28.92,28.64,28.92,200,KBS,2026-10-09T05:27:24Z
2026-04-15,SNZ,29.11,29.11,28.64,29.11,1000,KBS,2026-10-09T05:27:24Z
2026-04-16,SNZ,29.11,29.3,29.11,29.3,4200,KBS,2026-10-09T05:27:24Z
2026-04-17,SNZ,28.92,29.2,28.54,29.2,1600,KBS,2026-10-09T05:27:24Z
2026-04-20,SNZ,29.2,29.2,28.64,29.2,2400,KBS,2026-10-09T05:27:24Z
2026-04-21,SNZ,28.73,28.92,28.45,28.92,2800,KBS,2026-10-09T05:27:24Z
2026-04-22,SNZ,29.02,29.02,29.02,29.02,200,KBS,2026-10-09T05:27:24Z
2026-04-23,SNZ,29.02,29.02,28.54,28.82,3500,KBS,2026-10-09T05:27:24Z
2026-04-24,SNZ,28.54,28.92,28.07,28.92,1300,KBS,2026-10-09T05:27:24Z
2026-04-28,SNZ,28.92,28.92,28.35,28.82,1300,KBS,2026-10-09T05:27:24Z
2026-04-29,SNZ,28.64,28.82,28.35,28.82,2300,KBS,2026-10-09T05:27:24Z
2026-05-04,SNZ,28.54,28.73,28.35,28.73,1000,KBS,2026-10-09T05:27:24Z
2026-05-05,SNZ,28.54,28.54,28.35,28.54,700,KBS,2026-10-09T05:27:24Z
2026-05-06,SNZ,28.73,28.73,28.35,28.35,1200,KBS,2026-10-09T05:27:24Z
2026-05-07,SNZ,28.35,28.45,27.88,28.35,5500,KBS,2026-10-09T05:27:24Z
2026-05-08,SNZ,28.35,28.35,27.98,28.35,6400,KBS,2026-10-09T05:27:24Z
2026-05-11,SNZ,28.26,28.26,28.26,28.26,500,KBS,2026-10-09T05:27:24Z
2026-05-12,SNZ,28.26,28.26,28.16,28.16,2500,KBS,2026-10-09T05:27:24Z
2026-05-13,SNZ,28.16,28.16,27.88,28.16,1800,KBS,2026-10-09T05:27:24Z
2026-05-14,SNZ,28.64,28.64,28.07,28.26,1200,KBS,2026-10-09T05:27:24Z
2026-05-15,SNZ,27.98,28.16,27.88,28.16,1700,KBS,2026-10-09T05:27:24Z
2026-05-18,SNZ,28.16,28.54,28.16,28.54,10600,KBS,2026-10-09T05:27:24Z
2026-05-19,SNZ,28.54,28.54,28.26,28.26,1600,KBS,2026-10-09T05:27:24Z
2026-05-20,SNZ,28.16,28.16,27.41,27.69,4600,KBS,2026-10-09T05:27:24Z
2026-05-21,SNZ,27.98,28.26,27.88,28.26,3100,KBS,2026-10-09T05:27:24Z
2026-05-22,SNZ,28.16,28.16,28.16,28.16,300,KBS,2026-10-09T05:27:24Z
2026-05-25,SNZ,28.16,29.2,27.41,28.16,9100,KBS,2026-10-09T05:27:24Z
2026-05-26,SNZ,27.79,27.79,27.69,27.69,1700,KBS,2026-10-09T05:27:24Z
2026-05-27,SNZ,28.07,28.35,28.07,28.35,6100,KBS,2026-10-09T05:27:24Z
2026-05-28,SNZ,27.69,28.16,27.69,28.16,400,KBS,2026-10-09T05:27:24Z
2026-05-29,SNZ,27.69,28.26,27.5,28.26,1500,KBS,2026-10-09T05:27:24Z
2026-06-01,SNZ,27.6,27.6,27.41,27.41,2100,KBS,2026-10-09T05:27:24Z
2026-06-02,SNZ,27.88,28.07,27.88,28.07,500,KBS,2026-10-09T05:27:24Z
2026-06-03,SNZ,27.5,27.5,27.41,27.5,900,KBS,2026-10-09T05:27:24Z
2026-06-04,SNZ,27.41,27.98,27.41,27.6,3100,KBS,2026-10-09T05:27:24Z
2026-06-05,SNZ,27.5,27.88,27.03,27.88,700,KBS,2026-10-09T05:27:24Z
2026-06-08,SNZ,27.31,27.31,25.99,27.03,6000,KBS,2026-10-09T05:27:24Z
2026-06-09,SNZ,26.94,26.94,25.71,25.99,2600,KBS,2026-10-09T05:27:24Z
2026-06-10,SNZ,26.46,27.12,26.08,27.12,1100,KBS,2026-10-09T05:27:24Z
2026-06-11,SNZ,26.56,26.94,26.56,26.84,800,KBS,2026-10-09T05:27:24Z
2026-06-12,SNZ,26.56,26.56,26.56,26.56,300,KBS,2026-10-09T05:27:24Z
2026-06-15,SNZ,25.99,25.99,25.99,25.99,100,KBS,2026-10-09T05:27:24Z
2026-06-16,SNZ,26.46,26.46,26.46,26.46,2000,KBS,2026-10-09T05:27:24Z
2026-06-17,SNZ,26.46,26.75,26.46,26.75,600,KBS,2026-10-09T05:27:24Z
2026-06-18,SNZ,26.46,26.84,26.46,26.84,300,KBS,2026-10-09T05:27:24Z
2026-06-22,SNZ,26.18,26.56,26.18,26.56,200,KBS,2026-10-09T05:27:24Z
2026-06-23,SNZ,26.37,26.46,26.27,26.37,3000,KBS,2026-10-09T05:27:24Z
2026-06-24,SNZ,26.46,26.46,25.99,26.46,800,KBS,2026-10-09T05:27:24Z
2026-06-25,SNZ,26.37,26.37,26.37,26.37,100,KBS,2026-10-09T05:27:24Z
2026-06-26,SNZ,26.46,26.46,26.37,26.37,300,KBS,2026-10-09T05:27:24Z
2026-06-29,SNZ,26.37,26.37,25.99,25.99,3300,KBS,2026-10-09T05:27:24Z
2026-06-30,SNZ,26.46,26.46,25.52,25.99,2200,KBS,2026-10-09T05:27:24Z
2026-07-01,SNZ,25.99,25.99,25.99,25.99,500,KBS,2026-10-09T05:27:24Z
2026-07-02,SNZ,26.18,26.18,26.18,26.18,300,KBS,2026-10-09T05:27:24Z
2026-07-03,SNZ,26.18,26.18,26.08,26.18,700,KBS,2026-10-09T05:27:24Z
2026-07-06,SNZ,25.61,25.9,25.61,25.9,1800,KBS,2026-10-09T05:27:24Z
2026-07-07,SNZ,25.9,26.37,25.04,26.37,6500,KBS,2026-10-09T05:27:24Z
2026-07-08,SNZ,25.71,26.37,25.04,26.37,4300,KBS,2026-10-09T05:27:24Z
2026-07-09,SNZ,25.52,25.52,25.52,25.52,1000,KBS,2026-10-09T05:27:24Z
2026-07-10,SNZ,25.33,25.33,25.33,25.33,500,KBS,2026-10-09T05:27:24Z
2026-07-13,SNZ,25.14,25.23,23.91,23.91,3700,KBS,2026-10-09T05:27:24Z
2026-07-14,SNZ,24.38,24.57,24.38,24.57,1900,KBS,2026-10-09T05:27:24Z
2026-07-16,SNZ,24.57,24.57,23.63,23.63,1100,KBS,2026-10-09T05:27:24Z
2026-07-20,SNZ,24.95,24.95,24.95,24.95,500,KBS,2026-10-09T05:27:24Z
2026-07-22,SNZ,23.53,24.1,23.53,23.63,1200,KBS,2026-10-09T05:27:24Z
2026-07-23,SNZ,23.91,23.91,23.91,23.91,200,KBS,2026-10-09T05:27:24Z
2026-07-24,SNZ,23.91,23.91,23.91,23.91,100,KBS,2026-10-09T05:27:24Z
2026-07-27,SNZ,23.91,23.91,23.25,23.25,2000,KBS,2026-10-09T05:27:24Z
2026-07-28,SNZ,22.78,22.78,22.78,22.78,500,KBS,2026-10-09T05:27:24Z
2026-07-29,SNZ,22.87,22.97,22.87,22.97,600,KBS,2026-10-09T05:27:24Z
2026-07-30,SNZ,23.34,23.34,23.34,23.34,100,KBS,2026-10-09T05:27:24Z
2026-07-31,SNZ,22.78,22.97,21.74,22.97,32400,KBS,2026-10-09T05:27:24Z
2026-08-03,SNZ,22.21,22.59,22.02,22.59,2100,KBS,2026-10-09T05:27:24Z
2026-08-04,SNZ,22.59,22.59,21.83,21.83,2600,KBS,2026-10-09T05:27:24Z
2026-08-05,SNZ,22.02,22.02,21.74,21.74,4900,KBS,2026-10-09T05:27:24Z
2026-08-07,SNZ,22.68,23.53,22.59,23.16,6900,KBS,2026-10-09T05:27:24Z
2026-08-10,SNZ,23.63,23.63,23.34,23.34,2000,KBS,2026-10-09T05:27:24Z
2026-08-11,SNZ,23.44,23.44,23.06,23.06,900,KBS,2026-10-09T05:27:24Z
2026-08-12,SNZ,23.25,23.25,23.25,23.25,500,KBS,2026-10-09T05:27:24Z
2026-08-13,SNZ,23.16,23.25,22.87,23.16,1400,KBS,2026-10-09T05:27:24Z
2026-08-14,SNZ,22.68,22.68,22.68,22.68,500,KBS,2026-10-09T05:27:24Z
2026-08-17,SNZ,23.53,23.53,22.59,22.68,1400,KBS,2026-10-09T05:27:24Z
2026-08-18,SNZ,23.16,23.16,23.16,23.16,300,KBS,2026-10-09T05:27:24Z
2026-08-19,SNZ,23.16,23.16,21.74,22.97,2200,KBS,2026-10-09T05:27:24Z
2026-08-20,SNZ,22.12,22.12,21.93,21.93,5500,KBS,2026-10-09T05:27:24Z
2026-08-21,SNZ,22.02,22.4,22.02,22.4,300,KBS,2026-10-09T05:27:24Z
2026-08-24,SNZ,22.59,22.59,22.12,22.21,4000,KBS,2026-10-09T05:27:24Z
2026-08-25,SNZ,23.06,23.06,23.06,23.06,2800,KBS,2026-10-09T05:27:24Z
2026-08-26,SNZ,23.16,23.16,23.06,23.06,200,KBS,2026-10-09T05:27:24Z
2026-09-03,SNZ,23.16,23.16,22.87,22.87,500,KBS,2026-10-09T05:27:24Z
2026-09-04,SNZ,22.68,22.68,22.68,22.68,200,KBS,2026-10-09T05:27:24Z
2026-09-07,SNZ,22.68,22.78,22.68,22.78,800,KBS,2026-10-09T05:27:24Z
2026-09-09,SNZ,23.16,23.16,22.87,22.87,1100,KBS,2026-10-09T05:27:24Z
2026-09-10,SNZ,22.87,22.87,22.78,22.78,1000,KBS,2026-10-09T05:27:24Z
2026-09-11,SNZ,22.4,22.4,22.4,22.4,1000,KBS,2026-10-09T05:27:24Z
2026-09-16,SNZ,22.68,22.68,22.68,22.68,100,KBS,2026-10-09T05:27:24Z
2026-09-17,SNZ,22.59,22.59,22.59,22.59,1000,KBS,2026-10-09T05:27:24Z
2026-09-18,SNZ,24.38,24.38,23.53,23.53,900,KBS,2026-10-09T05:27:24Z
2026-09-21,SNZ,22.49,22.49,22.49,22.49,100,KBS,2026-10-09T05:27:24Z
2026-09-22,SNZ,23.25,23.25,23.25,23.25,100,KBS,2026-10-09T05:27:24Z
2026-09-23,SNZ,23.25,23.25,23.25,23.25,500,KBS,2026-10-09T05:27:24Z
2026-09-25,SNZ,23.16,23.16,23.16,23.16,100,KBS,2026-10-09T05:27:24Z
2026-09-28,SNZ,23.16,23.16,23.06,23.06,500,KBS,2026-10-09T05:27:24Z
2026-09-29,SNZ,23.06,23.06,23.06,23.06,1000,KBS,2026-10-09T05:27:24Z
2026-09-30,SNZ,23.16,23.16,22.97,23.06,700,KBS,2026-10-09T05:27:24Z
2026-10-01,SNZ,22.97,23.06,22.68,22.68,1300,KBS,2026-10-09T05:27:24Z
2026-10-02,SNZ,23.63,24.2,23.63,24.2,400,KBS,2026-10-09T05:27:24Z
2026-10-05,SNZ,24.0,24.0,23.0,23.0,5300,KBS,2026-10-09T05:27:24Z
2026-10-06,SNZ,22.8,22.9,22.8,22.9,200,KBS,2026-10-09T05:27:24Z
2026-10-08,SNZ,22.8,22.9,22.8,22.9,1000,KBS,2026-10-09T05:27:24Z
2026-10-09,SNZ,22.6,22.6,22.6,22.6,300,KBS,2026-10-09T05:27:24Z
