date,symbol,open,high,low,close,volume,source,fetched_at
2018-10-11,SZL,7.94,7.94,7.6,7.81,2150,KBS,2026-10-09T04:39:00Z
2018-10-12,SZL,7.79,7.81,7.72,7.81,1160,KBS,2026-10-09T04:39:00Z
2018-10-16,SZL,8.29,8.29,7.72,8.05,1050,KBS,2026-10-09T04:39:00Z
2018-10-17,SZL,8.05,8.05,8.03,8.03,1400,KBS,2026-10-09T04:39:00Z
2018-10-18,SZL,8.03,8.03,7.84,8.03,18290,KBS,2026-10-09T04:39:00Z
2018-10-19,SZL,8.06,8.53,8.06,8.53,180,KBS,2026-10-09T04:39:00Z
2018-10-23,SZL,7.96,8.43,7.93,8.31,150,KBS,2026-10-09T04:39:00Z
2018-10-26,SZL,7.74,8.29,7.73,8.29,810,KBS,2026-10-09T04:39:00Z
2018-10-29,SZL,7.74,8.19,7.72,8.19,3390,KBS,2026-10-09T04:39:00Z
2018-10-30,SZL,8.07,8.07,8.07,8.07,1040,KBS,2026-10-09T04:39:00Z
2018-10-31,SZL,8.07,8.07,8.07,8.07,320,KBS,2026-10-09T04:39:00Z
2018-11-01,SZL,7.61,7.92,7.61,7.92,230,KBS,2026-10-09T04:39:00Z
2018-11-02,SZL,8.05,8.05,7.72,8.05,2740,KBS,2026-10-09T04:39:00Z
2018-11-05,SZL,8.05,8.17,7.6,7.61,70,KBS,2026-10-09T04:39:00Z
2018-11-06,SZL,8.07,8.07,8.07,8.07,10,KBS,2026-10-09T04:39:00Z
2018-11-07,SZL,8.07,8.07,8.05,8.05,1080,KBS,2026-10-09T04:39:00Z
2018-11-08,SZL,8.05,8.05,8.05,8.05,30,KBS,2026-10-09T04:39:00Z
2018-11-09,SZL,8.05,8.05,8.05,8.05,100,KBS,2026-10-09T04:39:00Z
2018-11-12,SZL,7.96,8.05,7.6,8.05,2630,KBS,2026-10-09T04:39:00Z
2018-11-14,SZL,8.03,8.03,8.03,8.03,100,KBS,2026-10-09T04:39:00Z
2018-11-15,SZL,8.03,8.03,8.03,8.03,20,KBS,2026-10-09T04:39:00Z
2018-11-16,SZL,7.94,7.96,7.47,7.96,5110,KBS,2026-10-09T04:39:00Z
2018-11-19,SZL,7.48,8.03,7.48,7.96,200,KBS,2026-10-09T04:39:00Z
2018-11-21,SZL,7.6,7.6,7.6,7.6,1710,KBS,2026-10-09T04:39:00Z
2018-11-22,SZL,7.6,7.84,7.6,7.6,11240,KBS,2026-10-09T04:39:00Z
2018-11-23,SZL,7.59,7.59,7.59,7.59,640,KBS,2026-10-09T04:39:00Z
2018-11-26,SZL,7.83,7.83,7.6,7.71,6870,KBS,2026-10-09T04:39:00Z
2018-11-27,SZL,7.79,7.79,7.6,7.72,2070,KBS,2026-10-09T04:39:00Z
2018-11-28,SZL,7.6,8.24,7.5,8.22,3760,KBS,2026-10-09T04:39:00Z
2018-11-30,SZL,8.57,8.57,7.68,8.26,5500,KBS,2026-10-09T04:39:00Z
2018-12-03,SZL,7.77,8.26,7.74,8.26,120,KBS,2026-10-09T04:39:00Z
2018-12-04,SZL,7.81,8.26,7.81,8.26,140,KBS,2026-10-09T04:39:00Z
2018-12-05,SZL,8.04,8.5,8.04,8.5,1120,KBS,2026-10-09T04:39:00Z
2018-12-06,SZL,8.5,8.5,7.94,7.94,2340,KBS,2026-10-09T04:39:00Z
2018-12-07,SZL,8.15,8.15,8.12,8.12,1220,KBS,2026-10-09T04:39:00Z
2018-12-10,SZL,7.75,8.09,7.63,7.63,2120,KBS,2026-10-09T04:39:00Z
2018-12-11,SZL,8.03,8.03,7.7,7.7,4550,KBS,2026-10-09T04:39:00Z
2018-12-12,SZL,7.95,7.95,7.87,7.87,40,KBS,2026-10-09T04:39:00Z
2018-12-13,SZL,7.89,7.89,7.73,7.87,280,KBS,2026-10-09T04:39:00Z
2018-12-14,SZL,8.01,8.01,7.68,7.82,1800,KBS,2026-10-09T04:39:00Z
2018-12-17,SZL,8.01,8.01,7.46,7.78,2810,KBS,2026-10-09T04:39:00Z
2018-12-18,SZL,8.17,8.17,7.48,7.89,3670,KBS,2026-10-09T04:39:00Z
2018-12-19,SZL,8.04,8.04,7.58,7.96,5030,KBS,2026-10-09T04:39:00Z
2018-12-20,SZL,7.58,7.58,7.46,7.46,22820,KBS,2026-10-09T04:39:00Z
2018-12-21,SZL,7.46,7.8,7.45,7.8,14040,KBS,2026-10-09T04:39:00Z
2018-12-24,SZL,7.78,7.78,7.63,7.63,20380,KBS,2026-10-09T04:39:00Z
2018-12-25,SZL,7.78,8.04,7.37,7.81,7370,KBS,2026-10-09T04:39:00Z
2018-12-26,SZL,7.92,7.92,7.8,7.92,10040,KBS,2026-10-09T04:39:00Z
2018-12-27,SZL,7.82,7.82,7.46,7.46,2260,KBS,2026-10-09T04:39:00Z
2018-12-28,SZL,7.81,7.82,7.42,7.53,2190,KBS,2026-10-09T04:39:00Z
2019-01-02,SZL,7.53,7.81,7.38,7.58,2550,KBS,2026-10-09T04:39:00Z
2019-01-03,SZL,7.58,7.58,7.2,7.53,1770,KBS,2026-10-09T04:39:00Z
2019-01-04,SZL,7.51,7.51,7.51,7.51,330,KBS,2026-10-09T04:39:00Z
2019-01-07,SZL,7.48,7.58,7.46,7.58,2120,KBS,2026-10-09T04:39:00Z
2019-01-08,SZL,7.57,7.57,7.34,7.34,9380,KBS,2026-10-09T04:39:00Z
2019-01-09,SZL,7.56,7.56,7.34,7.34,670,KBS,2026-10-09T04:39:00Z
2019-01-10,SZL,7.48,7.57,7.34,7.37,1220,KBS,2026-10-09T04:39:00Z
2019-01-11,SZL,7.48,7.51,7.34,7.51,3230,KBS,2026-10-09T04:39:00Z
2019-01-14,SZL,7.51,7.58,7.43,7.56,24520,KBS,2026-10-09T04:39:00Z
2019-01-15,SZL,7.56,7.56,7.34,7.54,5720,KBS,2026-10-09T04:39:00Z
2019-01-16,SZL,7.54,7.54,7.54,7.54,720,KBS,2026-10-09T04:39:00Z
2019-01-17,SZL,7.54,7.79,7.36,7.75,1100,KBS,2026-10-09T04:39:00Z
2019-01-18,SZL,7.58,7.72,7.58,7.72,1030,KBS,2026-10-09T04:39:00Z
2019-01-21,SZL,7.58,7.76,7.46,7.76,1600,KBS,2026-10-09T04:39:00Z
2019-01-22,SZL,7.76,7.76,7.76,7.76,300,KBS,2026-10-09T04:39:00Z
2019-01-23,SZL,7.72,7.73,7.72,7.73,1000,KBS,2026-10-09T04:39:00Z
2019-01-24,SZL,7.7,7.72,7.7,7.72,100,KBS,2026-10-09T04:39:00Z
2019-01-25,SZL,7.7,7.7,7.7,7.7,1010,KBS,2026-10-09T04:39:00Z
2019-01-28,SZL,7.58,7.58,7.58,7.58,4730,KBS,2026-10-09T04:39:00Z
2019-01-29,SZL,7.7,7.7,7.58,7.7,2910,KBS,2026-10-09T04:39:00Z
2019-01-30,SZL,7.58,7.7,7.46,7.58,10270,KBS,2026-10-09T04:39:00Z
2019-01-31,SZL,7.73,7.73,7.72,7.72,40,KBS,2026-10-09T04:39:00Z
2019-02-01,SZL,7.58,7.72,7.58,7.72,12040,KBS,2026-10-09T04:39:00Z
2019-02-11,SZL,7.7,7.7,7.51,7.51,4100,KBS,2026-10-09T04:39:00Z
2019-02-12,SZL,7.8,7.8,7.53,7.74,80,KBS,2026-10-09T04:39:00Z
2019-02-13,SZL,7.58,7.78,7.34,7.34,1840,KBS,2026-10-09T04:39:00Z
2019-02-14,SZL,7.58,7.73,7.43,7.72,680,KBS,2026-10-09T04:39:00Z
2019-02-15,SZL,7.46,7.92,7.46,7.92,4920,KBS,2026-10-09T04:39:00Z
2019-02-18,SZL,7.95,8.18,7.6,8.06,250,KBS,2026-10-09T04:39:00Z
2019-02-19,SZL,8.13,8.13,7.5,7.8,14180,KBS,2026-10-09T04:39:00Z
2019-02-20,SZL,8.07,8.24,7.48,7.91,1060,KBS,2026-10-09T04:39:00Z
2019-02-21,SZL,8.04,8.17,7.36,7.9,2640,KBS,2026-10-09T04:39:00Z
2019-02-22,SZL,7.38,7.84,7.38,7.84,120,KBS,2026-10-09T04:39:00Z
2019-02-25,SZL,7.68,7.94,7.53,7.53,90,KBS,2026-10-09T04:39:00Z
2019-02-26,SZL,7.53,7.68,7.53,7.62,2570,KBS,2026-10-09T04:39:00Z
2019-02-27,SZL,7.47,7.79,7.47,7.79,2720,KBS,2026-10-09T04:39:00Z
2019-02-28,SZL,7.5,7.79,7.5,7.78,890,KBS,2026-10-09T04:39:00Z
2019-03-01,SZL,7.78,7.8,7.75,7.75,270,KBS,2026-10-09T04:39:00Z
2019-03-04,SZL,7.58,7.78,7.58,7.76,5640,KBS,2026-10-09T04:39:00Z
2019-03-05,SZL,7.76,8.07,7.75,7.95,8990,KBS,2026-10-09T04:39:00Z
2019-03-06,SZL,8.15,8.15,7.95,8.07,5190,KBS,2026-10-09T04:39:00Z
2019-03-07,SZL,7.95,8.63,7.95,8.63,197940,KBS,2026-10-09T04:39:00Z
2019-03-08,SZL,8.63,9.22,8.63,9.0,83680,KBS,2026-10-09T04:39:00Z
2019-03-11,SZL,9.29,9.54,9.0,9.29,93140,KBS,2026-10-09T04:39:00Z
2019-03-12,SZL,9.54,9.94,9.44,9.94,244590,KBS,2026-10-09T04:39:00Z
2019-03-13,SZL,10.39,10.39,9.93,10.03,58440,KBS,2026-10-09T04:39:00Z
2019-03-14,SZL,10.21,10.21,9.59,9.95,35210,KBS,2026-10-09T04:39:00Z
2019-03-15,SZL,9.78,10.52,9.73,9.99,112490,KBS,2026-10-09T04:39:00Z
2019-03-18,SZL,9.99,10.52,9.99,10.15,62000,KBS,2026-10-09T04:39:00Z
2019-03-19,SZL,10.15,10.44,9.76,9.78,82750,KBS,2026-10-09T04:39:00Z
2019-03-20,SZL,9.98,10.27,9.78,10.27,58920,KBS,2026-10-09T04:39:00Z
2019-03-21,SZL,10.27,10.98,10.27,10.71,151010,KBS,2026-10-09T04:39:00Z
2019-03-22,SZL,10.76,11.0,10.05,10.78,23790,KBS,2026-10-09T04:39:00Z
2019-03-25,SZL,10.78,10.78,10.04,10.04,62440,KBS,2026-10-09T04:39:00Z
2019-03-26,SZL,9.59,10.39,9.49,9.76,36910,KBS,2026-10-09T04:39:00Z
2019-03-27,SZL,9.76,10.17,9.59,9.81,22790,KBS,2026-10-09T04:39:00Z
2019-03-28,SZL,10.07,10.07,9.66,9.67,22060,KBS,2026-10-09T04:39:00Z
2019-03-29,SZL,9.76,9.77,9.45,9.77,28740,KBS,2026-10-09T04:39:00Z
2019-04-01,SZL,9.77,10.12,9.77,9.83,26380,KBS,2026-10-09T04:39:00Z
2019-04-02,SZL,9.83,10.1,9.81,9.81,43420,KBS,2026-10-09T04:39:00Z
2019-04-03,SZL,10.03,10.03,9.71,9.78,13440,KBS,2026-10-09T04:39:00Z
2019-04-04,SZL,10.47,10.47,9.76,10.47,96180,KBS,2026-10-09T04:39:00Z
2019-04-05,SZL,10.52,10.76,10.47,10.58,17830,KBS,2026-10-09T04:39:00Z
2019-04-08,SZL,10.58,10.71,10.16,10.16,43060,KBS,2026-10-09T04:39:00Z
2019-04-09,SZL,10.05,10.26,9.82,9.82,63000,KBS,2026-10-09T04:39:00Z
2019-04-10,SZL,9.78,10.03,9.56,9.7,27460,KBS,2026-10-09T04:39:00Z
2019-04-11,SZL,9.71,10.0,9.66,9.66,27380,KBS,2026-10-09T04:39:00Z
2019-04-12,SZL,9.66,9.78,9.66,9.78,10290,KBS,2026-10-09T04:39:00Z
2019-04-16,SZL,9.66,9.87,9.66,9.83,21010,KBS,2026-10-09T04:39:00Z
2019-04-17,SZL,10.12,10.12,9.68,9.78,26460,KBS,2026-10-09T04:39:00Z
2019-04-18,SZL,9.66,9.66,9.17,9.17,72330,KBS,2026-10-09T04:39:00Z
2019-04-19,SZL,9.19,9.29,9.15,9.15,13300,KBS,2026-10-09T04:39:00Z
2019-04-22,SZL,9.15,9.29,8.58,9.05,29300,KBS,2026-10-09T04:39:00Z
2019-04-23,SZL,8.7,9.1,8.7,9.02,27400,KBS,2026-10-09T04:39:00Z
2019-04-24,SZL,9.02,9.02,8.73,8.97,4540,KBS,2026-10-09T04:39:00Z
2019-04-25,SZL,9.22,9.22,8.8,8.97,10500,KBS,2026-10-09T04:39:00Z
2019-04-26,SZL,8.85,8.97,8.73,8.9,70820,KBS,2026-10-09T04:39:00Z
2019-05-02,SZL,8.83,9.51,8.78,9.51,116250,KBS,2026-10-09T04:39:00Z
2019-05-03,SZL,9.86,9.86,9.29,9.71,1850,KBS,2026-10-09T04:39:00Z
2019-05-06,SZL,9.07,9.51,9.07,9.32,3530,KBS,2026-10-09T04:39:00Z
2019-05-07,SZL,9.46,9.46,9.19,9.19,9770,KBS,2026-10-09T04:39:00Z
2019-05-08,SZL,9.17,9.29,8.97,8.97,9320,KBS,2026-10-09T04:39:00Z
2019-05-09,SZL,9.07,9.54,8.97,9.37,20880,KBS,2026-10-09T04:39:00Z
2019-05-10,SZL,9.54,9.54,9.19,9.19,7560,KBS,2026-10-09T04:39:00Z
2019-05-13,SZL,9.54,9.54,9.29,9.32,36860,KBS,2026-10-09T04:39:00Z
2019-05-14,SZL,9.51,9.73,9.51,9.71,36580,KBS,2026-10-09T04:39:00Z
2019-05-15,SZL,9.78,10.03,9.78,9.98,28730,KBS,2026-10-09T04:39:00Z
2019-05-16,SZL,10.15,10.15,9.73,9.9,26450,KBS,2026-10-09T04:39:00Z
2019-05-17,SZL,9.83,10.15,9.76,9.88,17220,KBS,2026-10-09T04:39:00Z
2019-05-20,SZL,9.88,10.15,9.88,10.01,34910,KBS,2026-10-09T04:39:00Z
2019-05-21,SZL,10.15,10.34,9.93,10.03,66030,KBS,2026-10-09T04:39:00Z
2019-05-22,SZL,10.03,10.27,9.9,10.03,22500,KBS,2026-10-09T04:39:00Z
2019-05-23,SZL,9.9,10.03,9.78,10.0,14640,KBS,2026-10-09T04:39:00Z
2019-05-24,SZL,10.03,10.23,9.66,9.66,29910,KBS,2026-10-09T04:39:00Z
2019-05-27,SZL,9.54,9.93,9.54,9.93,21860,KBS,2026-10-09T04:39:00Z
2019-05-28,SZL,10.07,10.61,9.98,10.61,105010,KBS,2026-10-09T04:39:00Z
2019-05-29,SZL,11.0,11.35,10.91,11.1,88970,KBS,2026-10-09T04:39:00Z
2019-05-30,SZL,11.1,11.42,10.88,11.4,58790,KBS,2026-10-09T04:39:00Z
2019-05-31,SZL,11.4,11.4,10.76,10.76,55640,KBS,2026-10-09T04:39:00Z
2019-06-03,SZL,10.66,11.0,10.01,10.01,160550,KBS,2026-10-09T04:39:00Z
2019-06-04,SZL,10.25,10.49,10.01,10.27,55740,KBS,2026-10-09T04:39:00Z
2019-06-05,SZL,10.7,10.76,10.42,10.64,31850,KBS,2026-10-09T04:39:00Z
2019-06-06,SZL,10.42,10.88,10.42,10.76,64860,KBS,2026-10-09T04:39:00Z
2019-06-07,SZL,10.76,11.5,10.76,11.5,197740,KBS,2026-10-09T04:39:00Z
2019-06-10,SZL,11.71,11.93,11.62,11.74,50820,KBS,2026-10-09T04:39:00Z
2019-06-11,SZL,11.69,11.86,11.37,11.37,64270,KBS,2026-10-09T04:39:00Z
2019-06-12,SZL,11.28,11.49,11.13,11.13,59450,KBS,2026-10-09T04:39:00Z
2019-06-13,SZL,11.25,11.76,11.25,11.37,54180,KBS,2026-10-09T04:39:00Z
2019-06-14,SZL,11.37,11.64,10.78,11.33,99960,KBS,2026-10-09T04:39:00Z
2019-06-17,SZL,11.47,11.47,10.88,11.03,23070,KBS,2026-10-09T04:39:00Z
2019-06-18,SZL,11.13,11.2,10.91,11.2,26560,KBS,2026-10-09T04:39:00Z
2019-06-19,SZL,11.05,11.3,11.0,11.05,38600,KBS,2026-10-09T04:39:00Z
2019-06-20,SZL,11.22,11.27,11.05,11.08,29890,KBS,2026-10-09T04:39:00Z
2019-06-21,SZL,11.2,11.2,11.0,11.2,29750,KBS,2026-10-09T04:39:00Z
2019-06-24,SZL,11.22,11.22,10.96,11.0,28190,KBS,2026-10-09T04:39:00Z
2019-06-25,SZL,10.89,11.0,10.76,10.91,19910,KBS,2026-10-09T04:39:00Z
2019-06-26,SZL,10.77,10.92,10.66,10.66,24070,KBS,2026-10-09T04:39:00Z
2019-06-27,SZL,10.74,10.78,10.39,10.64,12740,KBS,2026-10-09T04:39:00Z
2019-06-28,SZL,10.76,11.0,10.64,10.86,30440,KBS,2026-10-09T04:39:00Z
2019-07-01,SZL,11.08,11.08,10.93,11.0,19740,KBS,2026-10-09T04:39:00Z
2019-07-02,SZL,10.81,10.98,10.74,10.76,62590,KBS,2026-10-09T04:39:00Z
2019-07-03,SZL,10.76,10.91,10.61,10.83,22780,KBS,2026-10-09T04:39:00Z
2019-07-04,SZL,10.98,11.44,10.83,11.15,27340,KBS,2026-10-09T04:39:00Z
2019-07-05,SZL,11.08,11.49,11.08,11.25,37350,KBS,2026-10-09T04:39:00Z
2019-07-08,SZL,11.25,11.37,11.18,11.27,21530,KBS,2026-10-09T04:39:00Z
2019-07-09,SZL,11.27,11.27,10.98,11.08,30340,KBS,2026-10-09T04:39:00Z
2019-07-10,SZL,11.08,11.57,11.08,11.54,57430,KBS,2026-10-09T04:39:00Z
2019-07-11,SZL,11.82,11.82,11.49,11.62,52850,KBS,2026-10-09T04:39:00Z
2019-07-12,SZL,11.62,11.9,11.49,11.67,26600,KBS,2026-10-09T04:39:00Z
2019-07-15,SZL,11.62,11.87,11.6,11.6,31010,KBS,2026-10-09T04:39:00Z
2019-07-16,SZL,11.67,12.4,11.52,11.72,212650,KBS,2026-10-09T04:39:00Z
2019-07-17,SZL,11.72,12.2,11.66,11.66,46210,KBS,2026-10-09T04:39:00Z
2019-07-18,SZL,11.66,11.66,11.24,11.36,67560,KBS,2026-10-09T04:39:00Z
2019-07-19,SZL,11.38,11.76,11.25,11.36,130350,KBS,2026-10-09T04:39:00Z
2019-07-22,SZL,11.49,11.72,11.32,11.32,158790,KBS,2026-10-09T04:39:00Z
2019-07-23,SZL,11.32,11.62,11.32,11.39,56280,KBS,2026-10-09T04:39:00Z
2019-07-24,SZL,11.62,11.72,11.36,11.72,93520,KBS,2026-10-09T04:39:00Z
2019-07-25,SZL,11.84,11.95,11.72,11.72,106740,KBS,2026-10-09T04:39:00Z
2019-07-26,SZL,11.63,12.21,11.63,12.2,136510,KBS,2026-10-09T04:39:00Z
2019-07-29,SZL,12.34,13.03,12.25,13.03,302350,KBS,2026-10-09T04:39:00Z
2019-07-30,SZL,13.11,13.94,13.11,13.84,187240,KBS,2026-10-09T04:39:00Z
2019-07-31,SZL,13.84,13.84,13.11,13.18,87520,KBS,2026-10-09T04:39:00Z
2019-08-01,SZL,13.18,14.09,13.03,14.09,161210,KBS,2026-10-09T04:39:00Z
2019-08-02,SZL,14.32,15.03,14.22,14.65,167760,KBS,2026-10-09T04:39:00Z
2019-08-05,SZL,14.85,15.23,14.24,15.08,214310,KBS,2026-10-09T04:39:00Z
2019-08-06,SZL,14.82,15.66,14.65,15.08,257580,KBS,2026-10-09T04:39:00Z
2019-08-07,SZL,14.82,15.53,14.4,14.9,129700,KBS,2026-10-09T04:39:00Z
2019-08-08,SZL,14.52,15.15,14.52,14.9,142740,KBS,2026-10-09T04:39:00Z
2019-08-09,SZL,14.9,15.28,14.8,14.9,114380,KBS,2026-10-09T04:39:00Z
2019-08-12,SZL,14.9,15.05,14.4,14.4,67950,KBS,2026-10-09T04:39:00Z
2019-08-13,SZL,14.3,14.3,13.41,13.41,219190,KBS,2026-10-09T04:39:00Z
2019-08-14,SZL,13.41,13.56,12.8,13.56,129250,KBS,2026-10-09T04:39:00Z
2019-08-15,SZL,13.11,14.12,13.08,14.07,175530,KBS,2026-10-09T04:39:00Z
2019-08-16,SZL,14.37,14.52,13.92,14.4,147680,KBS,2026-10-09T04:39:00Z
2019-08-19,SZL,14.4,14.6,14.14,14.42,122360,KBS,2026-10-09T04:39:00Z
2019-08-20,SZL,14.42,15.28,14.42,15.13,203400,KBS,2026-10-09T04:39:00Z
2019-08-21,SZL,15.38,15.48,14.67,14.67,137650,KBS,2026-10-09T04:39:00Z
2019-08-22,SZL,14.9,15.66,14.88,15.56,267070,KBS,2026-10-09T04:39:00Z
2019-08-23,SZL,15.56,15.76,15.41,15.46,116750,KBS,2026-10-09T04:39:00Z
2019-08-26,SZL,15.51,16.14,15.48,15.91,185980,KBS,2026-10-09T04:39:00Z
2019-08-27,SZL,15.91,16.54,15.48,15.63,209740,KBS,2026-10-09T04:39:00Z
2019-08-28,SZL,15.91,16.04,15.56,15.56,101070,KBS,2026-10-09T04:39:00Z
2019-08-29,SZL,15.81,15.81,14.82,15.58,158490,KBS,2026-10-09T04:39:00Z
2019-08-30,SZL,15.81,15.89,15.15,15.28,104120,KBS,2026-10-09T04:39:00Z
2019-09-03,SZL,15.53,15.53,14.22,14.22,162010,KBS,2026-10-09T04:39:00Z
2019-09-05,SZL,13.39,13.74,13.26,13.26,60240,KBS,2026-10-09T04:39:00Z
2019-09-06,SZL,13.64,13.74,13.18,13.74,115540,KBS,2026-10-09T04:39:00Z
2019-09-09,SZL,13.39,13.61,12.78,12.78,72530,KBS,2026-10-09T04:39:00Z
2019-09-10,SZL,12.63,12.98,11.9,11.9,186480,KBS,2026-10-09T04:39:00Z
2019-09-11,SZL,11.74,12.15,11.49,12.12,156460,KBS,2026-10-09T04:39:00Z
2019-09-12,SZL,12.38,12.65,12.25,12.63,113450,KBS,2026-10-09T04:39:00Z
2019-09-13,SZL,12.63,12.63,12.12,12.6,94660,KBS,2026-10-09T04:39:00Z
2019-09-16,SZL,12.51,12.51,12.0,12.32,154690,KBS,2026-10-09T04:39:00Z
2019-09-17,SZL,12.32,13.01,12.07,12.96,186500,KBS,2026-10-09T04:39:00Z
2019-09-18,SZL,12.96,13.11,12.63,12.78,83690,KBS,2026-10-09T04:39:00Z
2019-09-19,SZL,12.78,12.86,12.25,12.48,86940,KBS,2026-10-09T04:39:00Z
2019-09-20,SZL,12.48,12.5,12.07,12.3,99560,KBS,2026-10-09T04:39:00Z
2019-09-23,SZL,12.3,12.3,11.74,11.74,83290,KBS,2026-10-09T04:39:00Z
2019-09-24,SZL,11.74,12.0,11.36,11.76,36270,KBS,2026-10-09T04:39:00Z
2019-09-25,SZL,11.76,11.84,11.74,11.77,44730,KBS,2026-10-09T04:39:00Z
2019-09-26,SZL,11.84,12.38,11.84,12.15,83160,KBS,2026-10-09T04:39:00Z
2019-09-27,SZL,12.22,12.48,12.05,12.22,103010,KBS,2026-10-09T04:39:00Z
2019-09-30,SZL,12.35,12.38,11.87,12.12,102790,KBS,2026-10-09T04:39:00Z
2019-10-01,SZL,11.96,12.35,11.96,12.35,132430,KBS,2026-10-09T04:39:00Z
2019-10-02,SZL,12.3,12.3,12.07,12.2,71190,KBS,2026-10-09T04:39:00Z
2019-10-03,SZL,12.12,12.26,11.97,12.17,58210,KBS,2026-10-09T04:39:00Z
2019-10-04,SZL,12.22,12.31,11.82,12.07,126910,KBS,2026-10-09T04:39:00Z
2019-10-07,SZL,12.07,12.07,11.36,11.36,110250,KBS,2026-10-09T04:39:00Z
2019-10-08,SZL,11.57,11.74,11.32,11.57,89130,KBS,2026-10-09T04:39:00Z
2019-10-09,SZL,11.39,11.59,11.36,11.49,28660,KBS,2026-10-09T04:39:00Z
2019-10-10,SZL,11.49,11.52,11.36,11.49,49970,KBS,2026-10-09T04:39:00Z
2019-10-11,SZL,11.39,11.47,11.06,11.21,63860,KBS,2026-10-09T04:39:00Z
2019-10-14,SZL,11.11,11.19,10.43,10.58,265720,KBS,2026-10-09T04:39:00Z
2019-10-15,SZL,10.58,10.91,10.13,10.78,101240,KBS,2026-10-09T04:39:00Z
2019-10-16,SZL,10.84,10.85,10.66,10.78,35460,KBS,2026-10-09T04:39:00Z
2019-10-17,SZL,10.71,10.84,10.62,10.63,29450,KBS,2026-10-09T04:39:00Z
2019-10-18,SZL,10.71,10.99,10.48,10.73,92340,KBS,2026-10-09T04:39:00Z
2019-10-21,SZL,10.91,11.33,10.91,11.16,142540,KBS,2026-10-09T04:39:00Z
2019-10-22,SZL,11.16,11.44,11.16,11.39,98730,KBS,2026-10-09T04:39:00Z
2019-10-23,SZL,11.36,11.82,11.18,11.57,116590,KBS,2026-10-09T04:39:00Z
2019-10-24,SZL,11.67,11.67,11.36,11.57,47080,KBS,2026-10-09T04:39:00Z
2019-10-25,SZL,11.59,11.92,11.36,11.87,62620,KBS,2026-10-09T04:39:00Z
2019-10-28,SZL,11.67,12.0,11.62,11.74,105890,KBS,2026-10-09T04:39:00Z
2019-10-29,SZL,11.62,11.95,11.42,11.49,88230,KBS,2026-10-09T04:39:00Z
2019-10-30,SZL,11.44,11.62,11.44,11.57,38560,KBS,2026-10-09T04:39:00Z
2019-10-31,SZL,11.77,12.0,11.63,11.66,92390,KBS,2026-10-09T04:39:00Z
2019-11-01,SZL,11.52,11.67,11.35,11.49,37710,KBS,2026-10-09T04:39:00Z
2019-11-04,SZL,11.26,11.49,11.26,11.47,42080,KBS,2026-10-09T04:39:00Z
2019-11-05,SZL,11.36,11.47,11.28,11.44,40340,KBS,2026-10-09T04:39:00Z
2019-11-06,SZL,11.36,11.77,11.29,11.69,91710,KBS,2026-10-09T04:39:00Z
2019-11-07,SZL,11.64,12.17,11.64,12.02,269070,KBS,2026-10-09T04:39:00Z
2019-11-08,SZL,12.02,12.25,12.02,12.02,82820,KBS,2026-10-09T04:39:00Z
2019-11-11,SZL,12.02,12.2,11.72,12.1,113200,KBS,2026-10-09T04:39:00Z
2019-11-12,SZL,12.07,12.21,11.84,12.05,104460,KBS,2026-10-09T04:39:00Z
2019-11-13,SZL,11.92,12.05,11.72,11.87,56140,KBS,2026-10-09T04:39:00Z
2019-11-14,SZL,11.74,11.84,11.67,11.67,28950,KBS,2026-10-09T04:39:00Z
2019-11-15,SZL,11.81,11.81,11.62,11.67,32640,KBS,2026-10-09T04:39:00Z
2019-11-18,SZL,11.49,11.83,11.49,11.52,52830,KBS,2026-10-09T04:39:00Z
2019-11-19,SZL,11.52,11.95,11.36,11.87,179840,KBS,2026-10-09T04:39:00Z
2019-11-20,SZL,11.87,12.63,11.87,12.63,379010,KBS,2026-10-09T04:39:00Z
2019-11-21,SZL,12.63,12.86,12.4,12.63,210340,KBS,2026-10-09T04:39:00Z
2019-11-22,SZL,12.63,12.8,12.07,12.12,202020,KBS,2026-10-09T04:39:00Z
2019-11-25,SZL,12.12,12.25,11.8,12.05,144670,KBS,2026-10-09T04:39:00Z
2019-11-26,SZL,11.92,12.12,11.88,12.05,99500,KBS,2026-10-09T04:39:00Z
2019-11-27,SZL,11.92,12.34,11.92,12.17,264900,KBS,2026-10-09T04:39:00Z
2019-11-28,SZL,12.22,12.27,11.97,11.97,101790,KBS,2026-10-09T04:39:00Z
2019-11-29,SZL,11.98,12.07,11.67,11.71,101440,KBS,2026-10-09T04:39:00Z
2019-12-02,SZL,11.49,11.64,10.9,10.91,273350,KBS,2026-10-09T04:39:00Z
2019-12-03,SZL,10.68,11.21,10.63,11.11,74130,KBS,2026-10-09T04:39:00Z
2019-12-04,SZL,10.86,11.21,10.86,10.91,38690,KBS,2026-10-09T04:39:00Z
2019-12-05,SZL,10.91,11.15,10.91,10.99,74590,KBS,2026-10-09T04:39:00Z
2019-12-06,SZL,10.88,11.01,10.86,10.92,24570,KBS,2026-10-09T04:39:00Z
2019-12-09,SZL,10.94,11.11,10.92,10.99,46610,KBS,2026-10-09T04:39:00Z
2019-12-10,SZL,11.09,11.18,10.96,11.09,70930,KBS,2026-10-09T04:39:00Z
2019-12-11,SZL,11.16,11.32,11.04,11.3,70680,KBS,2026-10-09T04:39:00Z
2019-12-12,SZL,11.3,11.52,11.3,11.52,83030,KBS,2026-10-09T04:39:00Z
2019-12-13,SZL,11.42,11.53,11.39,11.48,39560,KBS,2026-10-09T04:39:00Z
2019-12-16,SZL,11.47,11.47,11.16,11.24,158640,KBS,2026-10-09T04:39:00Z
2019-12-17,SZL,11.11,11.3,11.11,11.15,42700,KBS,2026-10-09T04:39:00Z
2019-12-18,SZL,11.15,11.26,11.14,11.14,36560,KBS,2026-10-09T04:39:00Z
2019-12-19,SZL,11.14,11.24,11.14,11.14,21500,KBS,2026-10-09T04:39:00Z
2019-12-20,SZL,11.14,11.24,11.06,11.2,49050,KBS,2026-10-09T04:39:00Z
2019-12-23,SZL,11.2,11.21,10.73,10.86,71680,KBS,2026-10-09T04:39:00Z
2019-12-24,SZL,10.62,11.02,10.62,10.88,42890,KBS,2026-10-09T04:39:00Z
2019-12-25,SZL,10.88,11.09,10.88,11.01,35990,KBS,2026-10-09T04:39:00Z
2019-12-26,SZL,11.08,11.09,10.99,11.01,11300,KBS,2026-10-09T04:39:00Z
2019-12-27,SZL,11.01,11.05,10.76,11.01,19840,KBS,2026-10-09T04:39:00Z
2019-12-30,SZL,11.05,11.05,10.86,10.86,9920,KBS,2026-10-09T04:39:00Z
2019-12-31,SZL,10.86,10.91,10.73,10.91,6540,KBS,2026-10-09T04:39:00Z
2020-01-02,SZL,10.91,10.91,10.76,10.91,20870,KBS,2026-10-09T04:39:00Z
2020-01-03,SZL,10.91,11.32,10.88,11.06,134480,KBS,2026-10-09T04:39:00Z
2020-01-06,SZL,11.01,11.01,10.81,10.81,24320,KBS,2026-10-09T04:39:00Z
2020-01-07,SZL,10.91,11.08,10.82,11.08,65530,KBS,2026-10-09T04:39:00Z
2020-01-08,SZL,11.01,11.05,10.61,10.66,47560,KBS,2026-10-09T04:39:00Z
2020-01-09,SZL,10.66,10.86,10.43,10.61,82730,KBS,2026-10-09T04:39:00Z
2020-01-10,SZL,10.66,10.66,10.23,10.23,32910,KBS,2026-10-09T04:39:00Z
2020-01-13,SZL,10.23,10.36,9.98,10.23,44700,KBS,2026-10-09T04:39:00Z
2020-01-14,SZL,10.23,10.23,9.72,10.14,57370,KBS,2026-10-09T04:39:00Z
2020-01-15,SZL,10.13,10.14,9.98,9.98,27820,KBS,2026-10-09T04:39:00Z
2020-01-16,SZL,10.1,10.1,9.72,10.05,29400,KBS,2026-10-09T04:39:00Z
2020-01-17,SZL,10.05,10.37,9.95,10.1,67960,KBS,2026-10-09T04:39:00Z
2020-01-20,SZL,10.34,10.34,10.03,10.03,48350,KBS,2026-10-09T04:39:00Z
2020-01-21,SZL,10.03,10.2,9.98,10.2,13670,KBS,2026-10-09T04:39:00Z
2020-01-22,SZL,10.08,10.25,10.03,10.18,30390,KBS,2026-10-09T04:39:00Z
2020-01-30,SZL,10.13,10.13,9.5,9.5,41620,KBS,2026-10-09T04:39:00Z
2020-01-31,SZL,9.37,9.7,8.84,8.88,110010,KBS,2026-10-09T04:39:00Z
2020-02-03,SZL,8.37,8.79,8.26,8.38,117090,KBS,2026-10-09T04:39:00Z
2020-02-04,SZL,8.56,8.56,8.38,8.54,31740,KBS,2026-10-09T04:39:00Z
2020-02-05,SZL,8.56,9.13,8.46,8.97,44870,KBS,2026-10-09T04:39:00Z
2020-02-06,SZL,8.97,9.22,8.94,9.22,38060,KBS,2026-10-09T04:39:00Z
2020-02-07,SZL,9.22,9.22,9.07,9.17,28220,KBS,2026-10-09T04:39:00Z
2020-02-10,SZL,9.09,9.09,8.89,8.97,16150,KBS,2026-10-09T04:39:00Z
2020-02-11,SZL,9.03,9.22,8.84,9.22,75250,KBS,2026-10-09T04:39:00Z
2020-02-12,SZL,9.22,9.8,9.19,9.72,42230,KBS,2026-10-09T04:39:00Z
2020-02-13,SZL,9.72,9.72,9.37,9.6,13140,KBS,2026-10-09T04:39:00Z
2020-02-14,SZL,9.6,9.66,9.52,9.65,26140,KBS,2026-10-09T04:39:00Z
2020-02-17,SZL,9.59,9.6,9.35,9.57,14680,KBS,2026-10-09T04:39:00Z
2020-02-18,SZL,9.57,9.77,9.57,9.67,27930,KBS,2026-10-09T04:39:00Z
2020-02-19,SZL,9.5,10.34,9.5,10.25,57900,KBS,2026-10-09T04:39:00Z
2020-02-20,SZL,10.25,10.61,9.98,10.2,79630,KBS,2026-10-09T04:39:00Z
2020-02-21,SZL,10.23,10.33,9.88,9.95,27920,KBS,2026-10-09T04:39:00Z
2020-02-24,SZL,9.72,9.72,9.26,9.26,117690,KBS,2026-10-09T04:39:00Z
2020-02-25,SZL,8.84,9.85,8.84,9.85,42830,KBS,2026-10-09T04:39:00Z
2020-02-26,SZL,9.35,9.6,9.27,9.57,23370,KBS,2026-10-09T04:39:00Z
2020-02-27,SZL,9.29,9.57,9.29,9.5,34320,KBS,2026-10-09T04:39:00Z
2020-02-28,SZL,9.22,9.47,9.22,9.35,29060,KBS,2026-10-09T04:39:00Z
2020-03-02,SZL,9.35,9.47,9.27,9.27,14220,KBS,2026-10-09T04:39:00Z
2020-03-03,SZL,9.35,9.47,9.27,9.29,16350,KBS,2026-10-09T04:39:00Z
2020-03-04,SZL,9.32,9.45,9.27,9.45,17430,KBS,2026-10-09T04:39:00Z
2020-03-05,SZL,9.62,9.62,9.43,9.45,44940,KBS,2026-10-09T04:39:00Z
2020-03-06,SZL,9.29,9.45,9.29,9.37,9530,KBS,2026-10-09T04:39:00Z
2020-03-09,SZL,8.74,9.22,8.73,8.73,95670,KBS,2026-10-09T04:39:00Z
2020-03-10,SZL,8.41,9.07,8.41,8.84,48850,KBS,2026-10-09T04:39:00Z
2020-03-11,SZL,9.14,9.14,8.47,8.71,31140,KBS,2026-10-09T04:39:00Z
2020-03-12,SZL,8.46,8.46,8.11,8.11,167740,KBS,2026-10-09T04:39:00Z
2020-03-13,SZL,7.58,8.04,7.55,8.03,115430,KBS,2026-10-09T04:39:00Z
2020-03-16,SZL,7.83,8.08,7.83,8.04,39140,KBS,2026-10-09T04:39:00Z
2020-03-17,SZL,7.96,8.33,7.58,8.33,51340,KBS,2026-10-09T04:39:00Z
2020-03-18,SZL,8.33,8.49,8.06,8.26,23960,KBS,2026-10-09T04:39:00Z
2020-03-19,SZL,8.01,8.01,7.77,7.83,35300,KBS,2026-10-09T04:39:00Z
2020-03-20,SZL,8.08,8.08,7.78,7.9,59250,KBS,2026-10-09T04:39:00Z
2020-03-23,SZL,7.83,7.83,7.36,7.36,84710,KBS,2026-10-09T04:39:00Z
2020-03-24,SZL,7.7,7.7,7.36,7.45,15630,KBS,2026-10-09T04:39:00Z
2020-03-25,SZL,7.83,7.83,7.48,7.83,48200,KBS,2026-10-09T04:39:00Z
2020-03-26,SZL,7.65,7.75,7.64,7.66,11820,KBS,2026-10-09T04:39:00Z
2020-03-27,SZL,7.68,7.72,7.38,7.38,33380,KBS,2026-10-09T04:39:00Z
2020-03-30,SZL,6.93,7.53,6.92,6.97,50160,KBS,2026-10-09T04:39:00Z
2020-03-31,SZL,6.97,7.44,6.9,7.12,34970,KBS,2026-10-09T04:39:00Z
2020-04-01,SZL,7.2,7.35,7.12,7.31,27080,KBS,2026-10-09T04:39:00Z
2020-04-03,SZL,7.31,7.68,7.31,7.48,13580,KBS,2026-10-09T04:39:00Z
2020-04-06,SZL,7.48,7.94,7.48,7.88,67590,KBS,2026-10-09T04:39:00Z
2020-04-07,SZL,7.38,7.98,7.38,7.8,14150,KBS,2026-10-09T04:39:00Z
2020-04-08,SZL,7.87,7.87,7.58,7.83,19090,KBS,2026-10-09T04:39:00Z
2020-04-09,SZL,8.26,8.26,7.92,7.98,68470,KBS,2026-10-09T04:39:00Z
2020-04-10,SZL,7.99,8.33,7.99,8.28,77970,KBS,2026-10-09T04:39:00Z
2020-04-13,SZL,8.33,8.71,8.23,8.44,52480,KBS,2026-10-09T04:39:00Z
2020-04-14,SZL,8.35,8.44,8.18,8.26,47340,KBS,2026-10-09T04:39:00Z
2020-04-15,SZL,8.26,8.56,8.21,8.49,45860,KBS,2026-10-09T04:39:00Z
2020-04-16,SZL,8.41,8.56,8.38,8.49,43980,KBS,2026-10-09T04:39:00Z
2020-04-17,SZL,8.59,9.08,8.49,9.08,132520,KBS,2026-10-09T04:39:00Z
2020-04-20,SZL,9.47,9.71,9.4,9.65,107120,KBS,2026-10-09T04:39:00Z
2020-04-21,SZL,9.47,9.6,8.98,8.98,111750,KBS,2026-10-09T04:39:00Z
2020-04-22,SZL,8.59,9.19,8.59,9.17,84970,KBS,2026-10-09T04:39:00Z
2020-04-23,SZL,9.47,9.47,8.84,9.09,83300,KBS,2026-10-09T04:39:00Z
2020-04-24,SZL,9.04,9.17,8.84,9.12,18660,KBS,2026-10-09T04:39:00Z
2020-04-27,SZL,9.35,9.75,9.14,9.75,210820,KBS,2026-10-09T04:39:00Z
2020-04-28,SZL,9.85,9.98,9.62,9.79,46690,KBS,2026-10-09T04:39:00Z
2020-04-29,SZL,9.7,9.8,9.69,9.7,28080,KBS,2026-10-09T04:39:00Z
2020-05-04,SZL,9.52,9.65,9.38,9.47,122350,KBS,2026-10-09T04:39:00Z
2020-05-05,SZL,9.82,9.82,9.48,9.56,16700,KBS,2026-10-09T04:39:00Z
2020-05-06,SZL,9.77,10.13,9.5,10.13,122810,KBS,2026-10-09T04:39:00Z
2020-05-07,SZL,10.13,10.2,10.03,10.05,86550,KBS,2026-10-09T04:39:00Z
2020-05-08,SZL,10.61,10.61,9.93,9.93,76910,KBS,2026-10-09T04:39:00Z
2020-05-11,SZL,9.98,10.28,9.85,9.98,92300,KBS,2026-10-09T04:39:00Z
2020-05-12,SZL,9.98,10.48,9.9,10.22,52800,KBS,2026-10-09T04:39:00Z
2020-05-13,SZL,10.23,10.48,10.1,10.33,62500,KBS,2026-10-09T04:39:00Z
2020-05-14,SZL,10.33,10.33,9.89,9.89,139340,KBS,2026-10-09T04:39:00Z
2020-05-15,SZL,9.88,9.93,9.74,9.76,74160,KBS,2026-10-09T04:39:00Z
2020-05-18,SZL,9.6,9.85,9.55,9.8,45170,KBS,2026-10-09T04:39:00Z
2020-05-19,SZL,10.1,10.1,9.77,9.8,42280,KBS,2026-10-09T04:39:00Z
2020-05-20,SZL,9.8,9.98,9.77,9.98,40140,KBS,2026-10-09T04:39:00Z
2020-05-21,SZL,10.08,10.1,9.98,9.98,39480,KBS,2026-10-09T04:39:00Z
2020-05-22,SZL,9.98,10.03,9.85,9.85,55070,KBS,2026-10-09T04:39:00Z
2020-05-25,SZL,9.85,10.36,9.75,10.33,202270,KBS,2026-10-09T04:39:00Z
2020-05-26,SZL,10.4,10.82,10.33,10.61,211380,KBS,2026-10-09T04:39:00Z
2020-05-27,SZL,10.73,10.73,10.23,10.23,68310,KBS,2026-10-09T04:39:00Z
2020-05-28,SZL,10.23,10.3,10.0,10.2,82110,KBS,2026-10-09T04:39:00Z
2020-05-29,SZL,10.2,10.38,10.06,10.36,58470,KBS,2026-10-09T04:39:00Z
2020-06-01,SZL,10.36,10.61,10.36,10.61,118130,KBS,2026-10-09T04:39:00Z
2020-06-02,SZL,10.73,10.73,10.38,10.38,104280,KBS,2026-10-09T04:39:00Z
2020-06-03,SZL,10.46,10.48,10.33,10.36,92890,KBS,2026-10-09T04:39:00Z
2020-06-04,SZL,10.36,10.48,10.32,10.32,84890,KBS,2026-10-09T04:39:00Z
2020-06-05,SZL,10.32,10.38,10.32,10.36,37700,KBS,2026-10-09T04:39:00Z
2020-06-08,SZL,10.37,10.58,10.36,10.37,127530,KBS,2026-10-09T04:39:00Z
2020-06-09,SZL,10.58,10.58,10.38,10.48,82630,KBS,2026-10-09T04:39:00Z
2020-06-10,SZL,10.61,11.11,10.47,10.86,161620,KBS,2026-10-09T04:39:00Z
2020-06-11,SZL,10.86,11.24,10.47,10.47,217030,KBS,2026-10-09T04:39:00Z
2020-06-12,SZL,10.4,10.42,10.0,10.36,125050,KBS,2026-10-09T04:39:00Z
2020-06-15,SZL,10.32,10.34,9.93,9.93,140330,KBS,2026-10-09T04:39:00Z
2020-06-16,SZL,9.93,10.36,9.93,10.23,66140,KBS,2026-10-09T04:39:00Z
2020-06-17,SZL,10.34,10.36,10.18,10.36,63450,KBS,2026-10-09T04:39:00Z
2020-06-18,SZL,10.36,11.08,10.33,10.66,111670,KBS,2026-10-09T04:39:00Z
2020-06-19,SZL,10.66,10.87,10.66,10.76,45320,KBS,2026-10-09T04:39:00Z
2020-06-22,SZL,10.88,10.96,10.71,10.86,40530,KBS,2026-10-09T04:39:00Z
2020-06-23,SZL,10.73,10.84,10.4,10.7,85630,KBS,2026-10-09T04:39:00Z
2020-06-24,SZL,10.62,10.73,10.36,10.42,87360,KBS,2026-10-09T04:39:00Z
2020-06-25,SZL,10.36,10.48,10.34,10.36,32900,KBS,2026-10-09T04:39:00Z
2020-06-26,SZL,10.6,10.6,10.34,10.4,44870,KBS,2026-10-09T04:39:00Z
2020-06-29,SZL,10.39,10.39,10.22,10.22,100050,KBS,2026-10-09T04:39:00Z
2020-06-30,SZL,10.47,10.47,10.08,10.08,52940,KBS,2026-10-09T04:39:00Z
2020-07-01,SZL,10.08,10.48,10.08,10.3,39320,KBS,2026-10-09T04:39:00Z
2020-07-02,SZL,10.48,10.48,10.3,10.4,30700,KBS,2026-10-09T04:39:00Z
2020-07-03,SZL,10.4,10.66,10.4,10.6,46100,KBS,2026-10-09T04:39:00Z
2020-07-06,SZL,10.6,10.68,10.53,10.53,29490,KBS,2026-10-09T04:39:00Z
2020-07-07,SZL,10.53,10.61,10.51,10.56,27310,KBS,2026-10-09T04:39:00Z
2020-07-08,SZL,10.56,10.63,10.56,10.56,36730,KBS,2026-10-09T04:39:00Z
2020-07-09,SZL,10.71,10.73,10.54,10.56,112010,KBS,2026-10-09T04:39:00Z
2020-07-10,SZL,10.56,10.66,10.51,10.51,28670,KBS,2026-10-09T04:39:00Z
2020-07-13,SZL,10.68,10.68,10.49,10.57,39740,KBS,2026-10-09T04:39:00Z
2020-07-14,SZL,10.57,10.61,10.53,10.61,31000,KBS,2026-10-09T04:39:00Z
2020-07-15,SZL,10.61,11.34,10.61,11.34,198170,KBS,2026-10-09T04:39:00Z
2020-07-16,SZL,11.34,11.42,11.14,11.14,80540,KBS,2026-10-09T04:39:00Z
2020-07-17,SZL,11.14,11.34,11.12,11.21,32970,KBS,2026-10-09T04:39:00Z
2020-07-20,SZL,11.36,11.62,11.25,11.36,98150,KBS,2026-10-09T04:39:00Z
2020-07-21,SZL,11.58,11.58,11.24,11.25,138750,KBS,2026-10-09T04:39:00Z
2020-07-22,SZL,11.25,11.36,11.15,11.15,75550,KBS,2026-10-09T04:39:00Z
2020-07-23,SZL,11.26,11.26,11.14,11.16,44600,KBS,2026-10-09T04:39:00Z
2020-07-24,SZL,11.24,11.36,10.39,10.78,164520,KBS,2026-10-09T04:39:00Z
2020-07-27,SZL,10.62,10.73,10.12,10.17,138850,KBS,2026-10-09T04:39:00Z
2020-07-28,SZL,10.17,10.63,10.17,10.63,51770,KBS,2026-10-09T04:39:00Z
2020-07-29,SZL,10.58,10.58,9.98,10.44,129070,KBS,2026-10-09T04:39:00Z
2020-07-30,SZL,10.71,10.71,10.36,10.63,34850,KBS,2026-10-09T04:39:00Z
2020-07-31,SZL,10.56,10.84,10.46,10.46,36920,KBS,2026-10-09T04:39:00Z
2020-08-03,SZL,10.46,10.73,10.46,10.7,20320,KBS,2026-10-09T04:39:00Z
2020-08-04,SZL,10.7,11.11,10.7,10.84,30640,KBS,2026-10-09T04:39:00Z
2020-08-05,SZL,10.84,11.11,10.76,10.99,50710,KBS,2026-10-09T04:39:00Z
2020-08-06,SZL,10.99,11.14,10.92,10.99,51380,KBS,2026-10-09T04:39:00Z
2020-08-07,SZL,10.99,11.24,10.95,11.24,61490,KBS,2026-10-09T04:39:00Z
2020-08-10,SZL,11.34,12.02,11.29,12.02,228460,KBS,2026-10-09T04:39:00Z
2020-08-11,SZL,12.12,12.4,11.97,12.0,103750,KBS,2026-10-09T04:39:00Z
2020-08-12,SZL,11.98,12.38,11.97,12.12,66830,KBS,2026-10-09T04:39:00Z
2020-08-13,SZL,12.11,12.38,12.07,12.2,116250,KBS,2026-10-09T04:39:00Z
2020-08-14,SZL,12.27,12.3,12.02,12.12,110380,KBS,2026-10-09T04:39:00Z
2020-08-17,SZL,12.06,12.24,12.0,12.12,83270,KBS,2026-10-09T04:39:00Z
2020-08-18,SZL,12.2,12.93,12.2,12.88,160130,KBS,2026-10-09T04:39:00Z
2020-08-19,SZL,12.91,13.76,12.91,13.51,184100,KBS,2026-10-09T04:39:00Z
2020-08-20,SZL,13.71,13.71,13.18,13.39,108330,KBS,2026-10-09T04:39:00Z
2020-08-21,SZL,13.46,13.46,13.16,13.39,75250,KBS,2026-10-09T04:39:00Z
2020-08-24,SZL,13.39,13.64,13.26,13.64,109910,KBS,2026-10-09T04:39:00Z
2020-08-25,SZL,13.64,13.76,13.39,13.46,69550,KBS,2026-10-09T04:39:00Z
2020-08-26,SZL,13.39,13.92,13.39,13.71,146170,KBS,2026-10-09T04:39:00Z
2020-08-27,SZL,14.09,14.09,13.66,13.82,81640,KBS,2026-10-09T04:39:00Z
2020-08-28,SZL,13.76,13.97,13.74,13.79,53630,KBS,2026-10-09T04:39:00Z
2020-08-31,SZL,13.76,13.76,13.21,13.26,221580,KBS,2026-10-09T04:39:00Z
2020-09-01,SZL,13.28,13.64,13.23,13.51,68250,KBS,2026-10-09T04:39:00Z
2020-09-03,SZL,13.84,13.84,13.54,13.56,55370,KBS,2026-10-09T04:39:00Z
2020-09-04,SZL,13.39,13.84,13.39,13.84,168840,KBS,2026-10-09T04:39:00Z
2020-09-07,SZL,13.92,14.05,13.76,13.76,114270,KBS,2026-10-09T04:39:00Z
2020-09-08,SZL,13.76,13.87,13.63,13.79,46990,KBS,2026-10-09T04:39:00Z
2020-09-09,SZL,13.68,13.79,13.47,13.79,78100,KBS,2026-10-09T04:39:00Z
2020-09-10,SZL,13.81,14.08,13.76,14.05,127170,KBS,2026-10-09T04:39:00Z
2020-09-11,SZL,14.05,14.11,13.84,13.89,50740,KBS,2026-10-09T04:39:00Z
2020-09-14,SZL,13.89,13.92,13.79,13.79,39530,KBS,2026-10-09T04:39:00Z
2020-09-15,SZL,13.79,13.79,13.63,13.71,57860,KBS,2026-10-09T04:39:00Z
2020-09-16,SZL,13.73,13.73,13.6,13.65,41510,KBS,2026-10-09T04:39:00Z
2020-09-17,SZL,13.65,13.76,13.57,13.71,42730,KBS,2026-10-09T04:39:00Z
2020-09-18,SZL,13.63,13.81,13.63,13.73,31230,KBS,2026-10-09T04:39:00Z
2020-09-21,SZL,13.87,13.87,13.71,13.71,42030,KBS,2026-10-09T04:39:00Z
2020-09-22,SZL,13.68,13.76,13.57,13.57,33320,KBS,2026-10-09T04:39:00Z
2020-09-23,SZL,13.76,13.76,13.49,13.57,42850,KBS,2026-10-09T04:39:00Z
2020-09-24,SZL,13.49,13.68,13.49,13.52,18620,KBS,2026-10-09T04:39:00Z
2020-09-25,SZL,13.65,13.65,12.96,13.06,122340,KBS,2026-10-09T04:39:00Z
2020-09-28,SZL,13.09,13.23,12.74,12.8,98290,KBS,2026-10-09T04:39:00Z
2020-09-29,SZL,12.82,12.85,12.72,12.72,78770,KBS,2026-10-09T04:39:00Z
2020-09-30,SZL,12.72,13.09,12.72,13.09,38480,KBS,2026-10-09T04:39:00Z
2020-10-01,SZL,13.09,13.15,13.04,13.09,21150,KBS,2026-10-09T04:39:00Z
2020-10-02,SZL,13.09,13.09,12.81,12.96,34090,KBS,2026-10-09T04:39:00Z
2020-10-05,SZL,12.94,13.36,12.94,13.33,78430,KBS,2026-10-09T04:39:00Z
2020-10-06,SZL,13.49,13.6,13.28,13.31,18540,KBS,2026-10-09T04:39:00Z
2020-10-07,SZL,13.31,13.39,13.29,13.31,31840,KBS,2026-10-09T04:39:00Z
2020-10-08,SZL,13.31,13.33,13.09,13.23,40620,KBS,2026-10-09T04:39:00Z
2020-10-09,SZL,13.13,13.29,13.13,13.19,16450,KBS,2026-10-09T04:39:00Z
2020-10-12,SZL,13.15,13.17,12.8,12.86,67330,KBS,2026-10-09T04:39:00Z
2020-10-13,SZL,12.86,12.93,12.85,12.89,14970,KBS,2026-10-09T04:39:00Z
2020-10-14,SZL,12.86,12.89,12.82,12.85,21260,KBS,2026-10-09T04:39:00Z
2020-10-15,SZL,12.85,12.85,12.8,12.8,30630,KBS,2026-10-09T04:39:00Z
2020-10-16,SZL,12.8,12.8,12.69,12.69,31790,KBS,2026-10-09T04:39:00Z
2020-10-19,SZL,12.69,12.76,12.34,12.36,54560,KBS,2026-10-09T04:39:00Z
2020-10-20,SZL,12.36,12.42,12.34,12.36,11790,KBS,2026-10-09T04:39:00Z
2020-10-21,SZL,12.69,12.69,12.36,12.53,17040,KBS,2026-10-09T04:39:00Z
2020-10-22,SZL,12.42,12.56,12.42,12.54,5740,KBS,2026-10-09T04:39:00Z
2020-10-23,SZL,12.53,12.58,12.44,12.58,15840,KBS,2026-10-09T04:39:00Z
2020-10-26,SZL,12.58,12.64,12.45,12.45,27430,KBS,2026-10-09T04:39:00Z
2020-10-27,SZL,12.45,12.45,12.42,12.42,20780,KBS,2026-10-09T04:39:00Z
2020-10-28,SZL,12.42,12.42,12.16,12.16,23020,KBS,2026-10-09T04:39:00Z
2020-10-29,SZL,12.05,12.16,11.92,12.16,21620,KBS,2026-10-09T04:39:00Z
2020-10-30,SZL,12.24,12.24,12.02,12.21,6480,KBS,2026-10-09T04:39:00Z
2020-11-02,SZL,12.2,12.53,12.2,12.48,12050,KBS,2026-10-09T04:39:00Z
2020-11-03,SZL,12.45,12.56,12.29,12.5,8330,KBS,2026-10-09T04:39:00Z
2020-11-04,SZL,12.66,13.01,12.56,12.9,36080,KBS,2026-10-09T04:39:00Z
2020-11-05,SZL,12.82,12.82,12.66,12.66,9500,KBS,2026-10-09T04:39:00Z
2020-11-06,SZL,12.93,12.93,12.69,12.81,3910,KBS,2026-10-09T04:39:00Z
2020-11-09,SZL,12.81,12.81,12.61,12.64,38380,KBS,2026-10-09T04:39:00Z
2020-11-10,SZL,12.82,12.82,12.6,12.8,22040,KBS,2026-10-09T04:39:00Z
2020-11-11,SZL,12.82,12.84,12.69,12.72,19260,KBS,2026-10-09T04:39:00Z
2020-11-12,SZL,12.72,12.78,12.7,12.78,9490,KBS,2026-10-09T04:39:00Z
2020-11-13,SZL,12.85,13.44,12.85,13.44,119140,KBS,2026-10-09T04:39:00Z
2020-11-16,SZL,13.49,13.55,13.23,13.44,34690,KBS,2026-10-09T04:39:00Z
2020-11-17,SZL,13.47,13.63,13.36,13.63,56200,KBS,2026-10-09T04:39:00Z
2020-11-18,SZL,13.79,13.89,13.65,13.89,95140,KBS,2026-10-09T04:39:00Z
2020-11-19,SZL,13.84,14.0,13.76,13.89,38990,KBS,2026-10-09T04:39:00Z
2020-11-20,SZL,13.89,13.95,13.76,13.89,24770,KBS,2026-10-09T04:39:00Z
2020-11-23,SZL,14.13,14.13,13.87,13.95,63490,KBS,2026-10-09T04:39:00Z
2020-11-24,SZL,13.95,13.97,13.68,13.68,72950,KBS,2026-10-09T04:39:00Z
2020-11-25,SZL,13.76,14.3,13.68,14.16,139850,KBS,2026-10-09T04:39:00Z
2020-11-26,SZL,14.16,14.19,13.89,14.19,50140,KBS,2026-10-09T04:39:00Z
2020-11-27,SZL,14.19,14.24,14.08,14.24,30950,KBS,2026-10-09T04:39:00Z
2020-11-30,SZL,14.21,14.48,14.08,14.08,80600,KBS,2026-10-09T04:39:00Z
2020-12-01,SZL,14.03,14.54,13.97,14.32,88180,KBS,2026-10-09T04:39:00Z
2020-12-02,SZL,14.32,14.46,14.19,14.4,43690,KBS,2026-10-09T04:39:00Z
2020-12-03,SZL,14.4,14.46,14.3,14.38,32800,KBS,2026-10-09T04:39:00Z
2020-12-04,SZL,14.51,14.51,14.19,14.27,69140,KBS,2026-10-09T04:39:00Z
2020-12-07,SZL,14.21,14.38,14.16,14.32,33470,KBS,2026-10-09T04:39:00Z
2020-12-08,SZL,14.24,14.32,14.19,14.27,17810,KBS,2026-10-09T04:39:00Z
2020-12-09,SZL,14.27,14.54,14.24,14.43,54680,KBS,2026-10-09T04:39:00Z
2020-12-10,SZL,14.43,14.51,14.21,14.21,36500,KBS,2026-10-09T04:39:00Z
2020-12-11,SZL,14.24,14.24,14.16,14.21,43440,KBS,2026-10-09T04:39:00Z
2020-12-14,SZL,14.21,14.4,14.21,14.27,34500,KBS,2026-10-09T04:39:00Z
2020-12-15,SZL,14.3,15.1,14.3,14.78,111480,KBS,2026-10-09T04:39:00Z
2020-12-16,SZL,14.8,15.23,14.8,15.02,38300,KBS,2026-10-09T04:39:00Z
2020-12-17,SZL,14.99,15.2,14.91,15.04,64750,KBS,2026-10-09T04:39:00Z
2020-12-18,SZL,15.04,15.12,14.99,15.07,22560,KBS,2026-10-09T04:39:00Z
2020-12-21,SZL,15.1,15.31,15.1,15.1,21530,KBS,2026-10-09T04:39:00Z
2020-12-22,SZL,15.1,15.31,14.99,15.2,56070,KBS,2026-10-09T04:39:00Z
2020-12-23,SZL,15.23,15.23,15.02,15.1,35390,KBS,2026-10-09T04:39:00Z
2020-12-24,SZL,15.1,15.1,14.16,14.64,53520,KBS,2026-10-09T04:39:00Z
2020-12-25,SZL,14.62,14.91,14.56,14.8,28520,KBS,2026-10-09T04:39:00Z
2020-12-28,SZL,14.8,14.96,14.7,14.83,10160,KBS,2026-10-09T04:39:00Z
2020-12-29,SZL,14.72,14.72,14.54,14.54,44460,KBS,2026-10-09T04:39:00Z
2020-12-30,SZL,14.54,14.8,14.54,14.56,26830,KBS,2026-10-09T04:39:00Z
2020-12-31,SZL,14.56,14.75,14.48,14.56,24520,KBS,2026-10-09T04:39:00Z
2021-01-04,SZL,14.59,15.5,14.59,15.26,39600,KBS,2026-10-09T04:39:00Z
2021-01-05,SZL,15.12,15.36,15.12,15.26,24800,KBS,2026-10-09T04:39:00Z
2021-01-06,SZL,15.2,15.36,15.1,15.1,32100,KBS,2026-10-09T04:39:00Z
2021-01-07,SZL,15.31,15.31,15.1,15.18,30200,KBS,2026-10-09T04:39:00Z
2021-01-08,SZL,15.28,15.31,15.12,15.2,43700,KBS,2026-10-09T04:39:00Z
2021-01-11,SZL,15.23,15.76,15.12,15.71,66100,KBS,2026-10-09T04:39:00Z
2021-01-12,SZL,15.71,15.71,15.58,15.63,13800,KBS,2026-10-09T04:39:00Z
2021-01-13,SZL,15.63,15.71,15.5,15.52,31900,KBS,2026-10-09T04:39:00Z
2021-01-14,SZL,15.52,15.52,15.39,15.5,28700,KBS,2026-10-09T04:39:00Z
2021-01-15,SZL,15.52,15.71,15.5,15.63,35600,KBS,2026-10-09T04:39:00Z
2021-01-18,SZL,15.66,15.9,15.66,15.71,55200,KBS,2026-10-09T04:39:00Z
2021-01-19,SZL,15.68,15.9,14.62,14.64,77800,KBS,2026-10-09T04:39:00Z
2021-01-20,SZL,14.62,14.67,14.35,14.54,52800,KBS,2026-10-09T04:39:00Z
2021-01-21,SZL,14.54,14.96,14.48,14.7,50900,KBS,2026-10-09T04:39:00Z
2021-01-22,SZL,14.78,14.78,14.48,14.64,34100,KBS,2026-10-09T04:39:00Z
2021-01-25,SZL,14.64,15.02,14.51,14.64,17600,KBS,2026-10-09T04:39:00Z
2021-01-26,SZL,14.54,14.54,14.16,14.19,47200,KBS,2026-10-09T04:39:00Z
2021-01-27,SZL,14.21,14.56,14.16,14.16,63300,KBS,2026-10-09T04:39:00Z
2021-01-28,SZL,14.03,14.03,13.17,13.17,114900,KBS,2026-10-09T04:39:00Z
2021-01-29,SZL,13.12,14.08,13.12,14.08,16100,KBS,2026-10-09T04:39:00Z
2021-02-01,SZL,14.08,14.16,13.49,14.03,36000,KBS,2026-10-09T04:39:00Z
2021-02-02,SZL,13.49,13.68,13.49,13.68,11500,KBS,2026-10-09T04:39:00Z
2021-02-03,SZL,13.89,13.95,13.63,13.95,11200,KBS,2026-10-09T04:39:00Z
2021-02-04,SZL,13.89,14.05,13.76,14.05,5300,KBS,2026-10-09T04:39:00Z
2021-02-05,SZL,13.89,14.03,13.89,13.95,3300,KBS,2026-10-09T04:39:00Z
2021-02-08,SZL,13.95,13.95,13.39,13.76,15000,KBS,2026-10-09T04:39:00Z
2021-02-09,SZL,13.41,14.03,13.41,14.03,10900,KBS,2026-10-09T04:39:00Z
2021-02-17,SZL,14.08,14.46,14.08,14.46,12200,KBS,2026-10-09T04:39:00Z
2021-02-18,SZL,14.46,14.56,14.24,14.46,28800,KBS,2026-10-09T04:39:00Z
2021-02-19,SZL,14.38,14.46,14.32,14.46,12300,KBS,2026-10-09T04:39:00Z
2021-02-22,SZL,14.32,14.46,14.3,14.35,15300,KBS,2026-10-09T04:39:00Z
2021-02-23,SZL,14.38,14.38,14.21,14.3,19200,KBS,2026-10-09T04:39:00Z
2021-02-24,SZL,14.3,14.3,14.08,14.27,30000,KBS,2026-10-09T04:39:00Z
2021-02-25,SZL,15.2,15.2,14.35,14.51,38300,KBS,2026-10-09T04:39:00Z
2021-02-26,SZL,14.43,14.54,14.35,14.54,15700,KBS,2026-10-09T04:39:00Z
2021-03-01,SZL,14.32,14.59,14.32,14.59,24500,KBS,2026-10-09T04:39:00Z
2021-03-02,SZL,14.64,14.7,14.56,14.67,25600,KBS,2026-10-09T04:39:00Z
2021-03-03,SZL,14.75,14.75,14.59,14.67,19300,KBS,2026-10-09T04:39:00Z
2021-03-04,SZL,14.7,14.7,14.48,14.56,20500,KBS,2026-10-09T04:39:00Z
2021-03-05,SZL,14.56,14.56,14.16,14.51,5600,KBS,2026-10-09T04:39:00Z
2021-03-08,SZL,14.51,14.51,14.4,14.51,14700,KBS,2026-10-09T04:39:00Z
2021-03-09,SZL,14.43,14.64,14.4,14.64,8500,KBS,2026-10-09T04:39:00Z
2021-03-10,SZL,14.75,14.75,14.43,14.7,17800,KBS,2026-10-09T04:39:00Z
2021-03-11,SZL,14.7,15.5,14.7,15.07,14400,KBS,2026-10-09T04:39:00Z
2021-03-12,SZL,15.07,15.1,14.72,14.96,11300,KBS,2026-10-09T04:39:00Z
2021-03-15,SZL,14.91,14.91,14.64,14.83,45400,KBS,2026-10-09T04:39:00Z
2021-03-16,SZL,14.83,14.83,14.54,14.56,22300,KBS,2026-10-09T04:39:00Z
2021-03-17,SZL,14.56,14.56,14.48,14.56,21100,KBS,2026-10-09T04:39:00Z
2021-03-18,SZL,14.56,14.56,14.46,14.56,19500,KBS,2026-10-09T04:39:00Z
2021-03-19,SZL,14.67,14.67,14.48,14.51,7300,KBS,2026-10-09T04:39:00Z
2021-03-22,SZL,14.7,15.04,14.43,14.7,25100,KBS,2026-10-09T04:39:00Z
2021-03-23,SZL,14.8,14.8,14.4,14.4,13700,KBS,2026-10-09T04:39:00Z
2021-03-24,SZL,14.4,14.4,13.89,13.89,32400,KBS,2026-10-09T04:39:00Z
2021-03-25,SZL,13.89,14.27,13.6,14.13,22300,KBS,2026-10-09T04:39:00Z
2021-03-26,SZL,13.65,14.11,13.15,13.89,69800,KBS,2026-10-09T04:39:00Z
2021-03-29,SZL,14.16,14.19,13.63,13.87,20500,KBS,2026-10-09T04:39:00Z
2021-03-30,SZL,13.63,13.87,13.63,13.87,9700,KBS,2026-10-09T04:39:00Z
2021-03-31,SZL,14.13,14.13,13.63,13.84,15500,KBS,2026-10-09T04:39:00Z
2021-04-01,SZL,13.65,13.97,13.63,13.97,5700,KBS,2026-10-09T04:39:00Z
2021-04-02,SZL,13.97,14.08,13.76,14.05,16700,KBS,2026-10-09T04:39:00Z
2021-04-05,SZL,13.92,14.03,13.87,13.97,14000,KBS,2026-10-09T04:39:00Z
2021-04-06,SZL,13.97,14.03,13.92,13.95,16300,KBS,2026-10-09T04:39:00Z
2021-04-07,SZL,13.89,13.97,13.89,13.97,8300,KBS,2026-10-09T04:39:00Z
2021-04-08,SZL,13.97,13.97,13.84,13.97,16600,KBS,2026-10-09T04:39:00Z
2021-04-09,SZL,13.95,13.97,13.79,13.97,16600,KBS,2026-10-09T04:39:00Z
2021-04-12,SZL,13.89,13.97,13.81,13.97,13100,KBS,2026-10-09T04:39:00Z
2021-04-13,SZL,13.97,14.11,13.81,13.97,17200,KBS,2026-10-09T04:39:00Z
2021-04-14,SZL,13.95,13.97,13.79,13.87,5200,KBS,2026-10-09T04:39:00Z
2021-04-15,SZL,13.87,13.92,13.73,13.76,13200,KBS,2026-10-09T04:39:00Z
2021-04-16,SZL,13.73,13.73,13.49,13.55,15800,KBS,2026-10-09T04:39:00Z
2021-04-19,SZL,13.49,13.71,13.17,13.71,16400,KBS,2026-10-09T04:39:00Z
2021-04-20,SZL,13.36,13.71,13.25,13.49,15000,KBS,2026-10-09T04:39:00Z
2021-04-22,SZL,13.55,13.55,13.31,13.36,22700,KBS,2026-10-09T04:39:00Z
2021-04-23,SZL,13.16,13.33,13.16,13.33,8800,KBS,2026-10-09T04:39:00Z
2021-04-26,SZL,13.2,13.89,13.17,13.63,2400,KBS,2026-10-09T04:39:00Z
2021-04-27,SZL,13.17,13.57,13.17,13.52,1600,KBS,2026-10-09T04:39:00Z
2021-04-28,SZL,13.2,13.49,13.17,13.49,5300,KBS,2026-10-09T04:39:00Z
2021-04-29,SZL,13.49,13.49,13.25,13.47,3200,KBS,2026-10-09T04:39:00Z
2021-05-04,SZL,13.28,13.39,13.27,13.39,3300,KBS,2026-10-09T04:39:00Z
2021-05-05,SZL,13.28,13.44,13.27,13.28,3300,KBS,2026-10-09T04:39:00Z
2021-05-06,SZL,13.36,13.63,13.28,13.28,10100,KBS,2026-10-09T04:39:00Z
2021-05-07,SZL,13.81,13.81,13.17,13.25,15300,KBS,2026-10-09T04:39:00Z
2021-05-10,SZL,13.23,13.47,13.09,13.47,17500,KBS,2026-10-09T04:39:00Z
2021-05-11,SZL,13.25,13.6,13.24,13.6,5300,KBS,2026-10-09T04:39:00Z
2021-05-12,SZL,13.6,13.87,13.57,13.87,13400,KBS,2026-10-09T04:39:00Z
2021-05-13,SZL,13.84,13.87,13.65,13.68,4400,KBS,2026-10-09T04:39:00Z
2021-05-14,SZL,13.84,13.84,13.49,13.63,10200,KBS,2026-10-09T04:39:00Z
2021-05-17,SZL,13.47,13.6,13.47,13.57,10000,KBS,2026-10-09T04:39:00Z
2021-05-18,SZL,13.47,13.47,13.0,13.44,7400,KBS,2026-10-09T04:39:00Z
2021-05-19,SZL,13.44,13.44,13.23,13.39,6200,KBS,2026-10-09T04:39:00Z
2021-05-20,SZL,13.36,13.36,13.23,13.36,14100,KBS,2026-10-09T04:39:00Z
2021-05-21,SZL,13.36,13.36,13.23,13.36,11300,KBS,2026-10-09T04:39:00Z
2021-05-24,SZL,13.36,13.55,13.36,13.55,2500,KBS,2026-10-09T04:39:00Z
2021-05-25,SZL,13.55,13.6,13.36,13.6,9700,KBS,2026-10-09T04:39:00Z
2021-05-26,SZL,13.47,13.57,13.36,13.57,13900,KBS,2026-10-09T04:39:00Z
2021-05-27,SZL,13.41,13.55,13.28,13.49,21300,KBS,2026-10-09T04:39:00Z
2021-05-28,SZL,13.41,13.41,13.28,13.36,11600,KBS,2026-10-09T04:39:00Z
2021-05-31,SZL,13.28,13.28,13.23,13.23,20700,KBS,2026-10-09T04:39:00Z
2021-06-01,SZL,13.2,13.24,13.2,13.24,5100,KBS,2026-10-09T04:39:00Z
2021-06-02,SZL,13.25,13.41,13.24,13.41,2000,KBS,2026-10-09T04:39:00Z
2021-06-03,SZL,13.6,13.6,13.24,13.36,9600,KBS,2026-10-09T04:39:00Z
2021-06-04,SZL,13.33,13.52,13.33,13.49,15400,KBS,2026-10-09T04:39:00Z
2021-06-07,SZL,13.92,13.92,13.87,13.87,7200,KBS,2026-10-09T04:39:00Z
2021-06-08,SZL,14.16,14.16,13.36,13.87,23600,KBS,2026-10-09T04:39:00Z
2021-06-09,SZL,13.49,13.81,13.36,13.39,12200,KBS,2026-10-09T04:39:00Z
2021-06-10,SZL,13.39,13.63,13.39,13.52,4900,KBS,2026-10-09T04:39:00Z
2021-06-11,SZL,13.55,13.55,13.55,13.55,1200,KBS,2026-10-09T04:39:00Z
2021-06-14,SZL,13.55,13.73,13.55,13.73,7900,KBS,2026-10-09T04:39:00Z
2021-06-15,SZL,13.73,14.67,13.41,14.43,30100,KBS,2026-10-09T04:39:00Z
2021-06-16,SZL,13.81,14.35,13.81,14.16,16800,KBS,2026-10-09T04:39:00Z
2021-06-17,SZL,13.71,14.16,13.71,14.16,5800,KBS,2026-10-09T04:39:00Z
2021-06-18,SZL,14.19,14.43,14.16,14.24,9200,KBS,2026-10-09T04:39:00Z
2021-06-21,SZL,14.24,14.7,14.19,14.43,16600,KBS,2026-10-09T04:39:00Z
2021-06-22,SZL,14.19,14.56,14.16,14.38,13300,KBS,2026-10-09T04:39:00Z
2021-06-23,SZL,14.05,14.3,14.03,14.3,15700,KBS,2026-10-09T04:39:00Z
2021-06-24,SZL,14.03,14.16,14.03,14.16,1600,KBS,2026-10-09T04:39:00Z
2021-06-25,SZL,14.08,14.27,14.05,14.21,7700,KBS,2026-10-09T04:39:00Z
2021-06-28,SZL,14.21,14.27,14.16,14.27,6000,KBS,2026-10-09T04:39:00Z
2021-06-29,SZL,14.16,14.24,14.13,14.16,17700,KBS,2026-10-09T04:39:00Z
2021-06-30,SZL,14.16,14.19,14.16,14.19,6900,KBS,2026-10-09T04:39:00Z
2021-07-01,SZL,14.05,14.19,14.05,14.19,2100,KBS,2026-10-09T04:39:00Z
2021-07-02,SZL,14.19,14.19,14.0,14.16,15100,KBS,2026-10-09T04:39:00Z
2021-07-05,SZL,14.16,14.16,14.0,14.0,1800,KBS,2026-10-09T04:39:00Z
2021-07-06,SZL,14.03,14.03,13.89,13.89,17500,KBS,2026-10-09T04:39:00Z
2021-07-07,SZL,13.81,13.81,13.79,13.79,700,KBS,2026-10-09T04:39:00Z
2021-07-08,SZL,13.79,13.79,13.39,13.71,1100,KBS,2026-10-09T04:39:00Z
2021-07-09,SZL,13.41,13.63,13.41,13.63,3900,KBS,2026-10-09T04:39:00Z
2021-07-12,SZL,13.63,13.63,13.25,13.36,13400,KBS,2026-10-09T04:39:00Z
2021-07-13,SZL,13.41,13.41,13.09,13.28,1300,KBS,2026-10-09T04:39:00Z
2021-07-14,SZL,13.6,13.6,13.11,13.41,4200,KBS,2026-10-09T04:39:00Z
2021-07-15,SZL,13.49,13.49,13.49,13.49,200,KBS,2026-10-09T04:39:00Z
2021-07-16,SZL,13.6,13.6,13.39,13.55,1800,KBS,2026-10-09T04:39:00Z
2021-07-19,SZL,13.09,13.76,13.09,13.55,2400,KBS,2026-10-09T04:39:00Z
2021-07-20,SZL,13.49,13.84,13.49,13.71,600,KBS,2026-10-09T04:39:00Z
2021-07-21,SZL,14.0,14.0,13.81,13.89,2300,KBS,2026-10-09T04:39:00Z
2021-07-22,SZL,13.76,13.81,13.55,13.55,1200,KBS,2026-10-09T04:39:00Z
2021-07-23,SZL,13.55,13.84,13.17,13.41,1400,KBS,2026-10-09T04:39:00Z
2021-07-26,SZL,14.11,14.11,13.41,13.63,1700,KBS,2026-10-09T04:39:00Z
2021-07-27,SZL,13.84,13.84,13.63,13.63,2100,KBS,2026-10-09T04:39:00Z
2021-07-28,SZL,13.65,13.65,13.63,13.65,1200,KBS,2026-10-09T04:39:00Z
2021-07-29,SZL,13.68,14.0,13.68,13.89,4200,KBS,2026-10-09T04:39:00Z
2021-07-30,SZL,14.0,14.0,13.36,13.73,9300,KBS,2026-10-09T04:39:00Z
2021-08-02,SZL,13.84,13.84,13.73,13.73,800,KBS,2026-10-09T04:39:00Z
2021-08-03,SZL,13.63,13.68,13.63,13.68,3500,KBS,2026-10-09T04:39:00Z
2021-08-04,SZL,13.68,13.76,13.57,13.71,2400,KBS,2026-10-09T04:39:00Z
2021-08-05,SZL,13.52,13.84,13.52,13.81,1200,KBS,2026-10-09T04:39:00Z
2021-08-06,SZL,13.79,13.81,13.79,13.81,1700,KBS,2026-10-09T04:39:00Z
2021-08-09,SZL,14.03,14.03,13.68,13.89,11600,KBS,2026-10-09T04:39:00Z
2021-08-10,SZL,13.89,14.03,13.79,14.03,15000,KBS,2026-10-09T04:39:00Z
2021-08-11,SZL,13.79,14.08,13.76,13.89,9000,KBS,2026-10-09T04:39:00Z
2021-08-12,SZL,13.89,14.51,13.89,14.43,20200,KBS,2026-10-09T04:39:00Z
2021-08-13,SZL,14.67,14.72,14.32,14.56,60800,KBS,2026-10-09T04:39:00Z
2021-08-16,SZL,14.56,14.83,14.56,14.64,25000,KBS,2026-10-09T04:39:00Z
2021-08-17,SZL,14.83,14.83,14.62,14.62,4600,KBS,2026-10-09T04:39:00Z
2021-08-18,SZL,14.75,14.75,14.32,14.7,20700,KBS,2026-10-09T04:39:00Z
2021-08-19,SZL,14.67,14.7,14.4,14.7,9300,KBS,2026-10-09T04:39:00Z
2021-08-20,SZL,15.44,15.44,14.7,14.96,57300,KBS,2026-10-09T04:39:00Z
2021-08-23,SZL,15.18,15.18,14.46,14.51,17400,KBS,2026-10-09T04:39:00Z
2021-08-24,SZL,14.7,14.83,14.54,14.54,28100,KBS,2026-10-09T04:39:00Z
2021-08-25,SZL,14.46,14.67,14.43,14.56,16800,KBS,2026-10-09T04:39:00Z
2021-08-26,SZL,14.64,14.72,14.16,14.72,16300,KBS,2026-10-09T04:39:00Z
2021-08-27,SZL,14.72,14.72,14.43,14.7,7300,KBS,2026-10-09T04:39:00Z
2021-08-30,SZL,14.83,15.07,14.72,14.99,38200,KBS,2026-10-09T04:39:00Z
2021-08-31,SZL,14.83,14.99,14.75,14.96,40900,KBS,2026-10-09T04:39:00Z
2021-09-01,SZL,15.2,15.28,14.96,15.23,28700,KBS,2026-10-09T04:39:00Z
2021-09-06,SZL,15.47,15.58,15.42,15.5,53300,KBS,2026-10-09T04:39:00Z
2021-09-07,SZL,15.63,15.63,15.23,15.36,44700,KBS,2026-10-09T04:39:00Z
2021-09-08,SZL,15.36,15.36,14.96,15.2,25900,KBS,2026-10-09T04:39:00Z
2021-09-09,SZL,15.15,15.5,15.15,15.47,69200,KBS,2026-10-09T04:39:00Z
2021-09-10,SZL,15.5,15.5,15.24,15.27,16000,KBS,2026-10-09T04:39:00Z
2021-09-13,SZL,14.77,15.22,14.77,15.13,29200,KBS,2026-10-09T04:39:00Z
2021-09-14,SZL,14.79,14.82,14.74,14.82,32200,KBS,2026-10-09T04:39:00Z
2021-09-15,SZL,14.74,14.94,14.74,14.88,27300,KBS,2026-10-09T04:39:00Z
2021-09-16,SZL,15.16,15.16,14.88,14.91,4300,KBS,2026-10-09T04:39:00Z
2021-09-17,SZL,14.91,14.91,14.82,14.82,1600,KBS,2026-10-09T04:39:00Z
2021-09-20,SZL,14.46,14.94,14.46,14.65,6700,KBS,2026-10-09T04:39:00Z
2021-09-21,SZL,14.65,14.65,14.48,14.51,17500,KBS,2026-10-09T04:39:00Z
2021-09-22,SZL,14.26,14.65,14.23,14.57,14100,KBS,2026-10-09T04:39:00Z
2021-09-23,SZL,14.74,14.74,14.57,14.57,1600,KBS,2026-10-09T04:39:00Z
2021-09-24,SZL,14.4,14.65,14.4,14.51,5100,KBS,2026-10-09T04:39:00Z
2021-09-27,SZL,14.51,14.62,14.23,14.37,15100,KBS,2026-10-09T04:39:00Z
2021-09-28,SZL,14.37,14.6,14.23,14.6,18300,KBS,2026-10-09T04:39:00Z
2021-09-29,SZL,14.51,14.6,14.51,14.54,16800,KBS,2026-10-09T04:39:00Z
2021-09-30,SZL,14.46,14.62,14.46,14.51,2500,KBS,2026-10-09T04:39:00Z
2021-10-01,SZL,14.51,14.65,14.37,14.51,8500,KBS,2026-10-09T04:39:00Z
2021-10-04,SZL,14.51,14.65,14.43,14.62,13800,KBS,2026-10-09T04:39:00Z
2021-10-05,SZL,14.71,14.71,14.57,14.65,4000,KBS,2026-10-09T04:39:00Z
2021-10-06,SZL,14.65,14.65,14.6,14.62,4500,KBS,2026-10-09T04:39:00Z
2021-10-07,SZL,14.4,14.94,14.37,14.91,17300,KBS,2026-10-09T04:39:00Z
2021-10-08,SZL,14.77,15.19,14.77,14.94,7600,KBS,2026-10-09T04:39:00Z
2021-10-11,SZL,14.79,15.05,14.79,15.05,3300,KBS,2026-10-09T04:39:00Z
2021-10-12,SZL,14.99,15.08,14.96,15.08,7500,KBS,2026-10-09T04:39:00Z
2021-10-13,SZL,15.08,15.22,14.99,14.99,8900,KBS,2026-10-09T04:39:00Z
2021-10-14,SZL,14.99,15.3,14.94,14.99,5400,KBS,2026-10-09T04:39:00Z
2021-10-15,SZL,14.96,15.13,14.96,14.99,12000,KBS,2026-10-09T04:39:00Z
2021-10-18,SZL,14.79,15.05,14.79,14.94,8600,KBS,2026-10-09T04:39:00Z
2021-10-19,SZL,15.27,15.92,15.22,15.81,78000,KBS,2026-10-09T04:39:00Z
2021-10-20,SZL,16.09,16.77,16.09,16.65,45200,KBS,2026-10-09T04:39:00Z
2021-10-21,SZL,16.85,17.47,16.85,17.3,50100,KBS,2026-10-09T04:39:00Z
2021-10-22,SZL,17.24,17.24,16.99,17.05,58200,KBS,2026-10-09T04:39:00Z
2021-10-25,SZL,16.68,17.08,16.65,16.96,33700,KBS,2026-10-09T04:39:00Z
2021-10-26,SZL,16.91,16.91,16.62,16.91,19300,KBS,2026-10-09T04:39:00Z
2021-10-27,SZL,16.91,16.91,16.71,16.85,19000,KBS,2026-10-09T04:39:00Z
2021-10-28,SZL,16.71,17.02,16.71,16.93,12100,KBS,2026-10-09T04:39:00Z
2021-10-29,SZL,16.93,17.47,16.68,17.33,49400,KBS,2026-10-09T04:39:00Z
2021-11-01,SZL,17.33,17.33,16.82,16.82,26800,KBS,2026-10-09T04:39:00Z
2021-11-02,SZL,16.82,17.44,16.82,17.44,22400,KBS,2026-10-09T04:39:00Z
2021-11-03,SZL,17.7,18.65,17.47,17.75,82000,KBS,2026-10-09T04:39:00Z
2021-11-04,SZL,17.75,18.82,16.93,18.82,20700,KBS,2026-10-09T04:39:00Z
2021-11-05,SZL,18.85,18.85,18.18,18.46,8000,KBS,2026-10-09T04:39:00Z
2021-11-08,SZL,18.46,18.46,17.47,18.32,33900,KBS,2026-10-09T04:39:00Z
2021-11-09,SZL,18.06,18.29,18.06,18.26,15000,KBS,2026-10-09T04:39:00Z
2021-11-10,SZL,18.43,18.6,18.32,18.6,18100,KBS,2026-10-09T04:39:00Z
2021-11-11,SZL,18.6,18.85,18.54,18.85,18300,KBS,2026-10-09T04:39:00Z
2021-11-12,SZL,18.63,18.85,18.6,18.71,12300,KBS,2026-10-09T04:39:00Z
2021-11-15,SZL,18.32,18.6,17.78,18.6,24600,KBS,2026-10-09T04:39:00Z
2021-11-16,SZL,18.6,18.6,18.34,18.37,8100,KBS,2026-10-09T04:39:00Z
2021-11-17,SZL,18.57,18.57,18.15,18.54,13200,KBS,2026-10-09T04:39:00Z
2021-11-18,SZL,18.34,18.54,18.32,18.54,4500,KBS,2026-10-09T04:39:00Z
2021-11-19,SZL,18.03,18.32,17.84,18.26,23800,KBS,2026-10-09T04:39:00Z
2021-11-22,SZL,18.26,18.26,17.56,18.18,15500,KBS,2026-10-09T04:39:00Z
2021-11-23,SZL,18.43,18.43,18.03,18.32,7700,KBS,2026-10-09T04:39:00Z
2021-11-24,SZL,18.32,18.32,18.03,18.03,5300,KBS,2026-10-09T04:39:00Z
2021-11-25,SZL,17.78,18.12,17.78,18.09,7000,KBS,2026-10-09T04:39:00Z
2021-11-26,SZL,18.29,18.29,17.75,18.18,5800,KBS,2026-10-09T04:39:00Z
2021-11-30,SZL,18.03,18.26,18.03,18.26,15700,KBS,2026-10-09T04:39:00Z
2021-12-01,SZL,18.26,18.26,17.75,18.09,5000,KBS,2026-10-09T04:39:00Z
2021-12-02,SZL,18.09,18.09,18.09,18.09,1400,KBS,2026-10-09T04:39:00Z
2021-12-03,SZL,18.01,18.18,17.61,17.61,11800,KBS,2026-10-09T04:39:00Z
2021-12-06,SZL,17.61,17.75,17.47,17.75,7100,KBS,2026-10-09T04:39:00Z
2021-12-07,SZL,17.75,17.75,16.88,17.3,17500,KBS,2026-10-09T04:39:00Z
2021-12-08,SZL,16.99,17.72,16.99,17.24,7700,KBS,2026-10-09T04:39:00Z
2021-12-09,SZL,17.19,17.58,17.08,17.58,6100,KBS,2026-10-09T04:39:00Z
2021-12-10,SZL,17.24,17.53,17.24,17.53,1500,KBS,2026-10-09T04:39:00Z
2021-12-13,SZL,17.75,18.74,17.75,18.57,28300,KBS,2026-10-09T04:39:00Z
2021-12-14,SZL,18.46,18.6,18.32,18.51,21100,KBS,2026-10-09T04:39:00Z
2021-12-15,SZL,18.32,18.46,18.32,18.46,8900,KBS,2026-10-09T04:39:00Z
2021-12-16,SZL,18.18,18.54,18.18,18.54,7900,KBS,2026-10-09T04:39:00Z
2021-12-17,SZL,18.23,18.48,18.23,18.48,6900,KBS,2026-10-09T04:39:00Z
2021-12-20,SZL,17.75,18.37,17.75,18.37,6500,KBS,2026-10-09T04:39:00Z
2021-12-21,SZL,18.6,18.88,18.26,18.57,4700,KBS,2026-10-09T04:39:00Z
2021-12-22,SZL,18.54,18.54,18.46,18.46,1200,KBS,2026-10-09T04:39:00Z
2021-12-23,SZL,17.95,18.23,17.19,18.23,13100,KBS,2026-10-09T04:39:00Z
2021-12-24,SZL,17.75,18.23,17.7,18.15,9900,KBS,2026-10-09T04:39:00Z
2021-12-27,SZL,17.53,18.32,17.53,18.32,4400,KBS,2026-10-09T04:39:00Z
2021-12-28,SZL,18.4,18.4,17.64,17.75,4800,KBS,2026-10-09T04:39:00Z
2021-12-29,SZL,17.75,17.75,16.91,17.75,10900,KBS,2026-10-09T04:39:00Z
2021-12-30,SZL,17.75,17.75,17.7,17.7,5400,KBS,2026-10-09T04:39:00Z
2021-12-31,SZL,18.01,18.46,17.78,18.34,17700,KBS,2026-10-09T04:39:00Z
2022-01-04,SZL,18.15,18.74,18.03,18.63,28200,KBS,2026-10-09T04:39:00Z
2022-01-05,SZL,18.65,18.65,18.43,18.6,31000,KBS,2026-10-09T04:39:00Z
2022-01-06,SZL,18.6,18.74,17.78,18.54,4300,KBS,2026-10-09T04:39:00Z
2022-01-07,SZL,18.54,18.6,18.54,18.6,4900,KBS,2026-10-09T04:39:00Z
2022-01-10,SZL,18.82,18.82,18.32,18.77,99300,KBS,2026-10-09T04:39:00Z
2022-01-11,SZL,18.54,18.74,18.54,18.6,10300,KBS,2026-10-09T04:39:00Z
2022-01-12,SZL,18.57,18.57,17.92,18.43,27400,KBS,2026-10-09T04:39:00Z
2022-01-13,SZL,17.89,18.43,17.89,18.4,24900,KBS,2026-10-09T04:39:00Z
2022-01-14,SZL,18.09,18.2,17.92,17.92,1700,KBS,2026-10-09T04:39:00Z
2022-01-17,SZL,18.15,18.18,17.19,17.58,13600,KBS,2026-10-09T04:39:00Z
2022-01-18,SZL,16.96,16.99,16.37,16.48,31600,KBS,2026-10-09T04:39:00Z
2022-01-19,SZL,15.84,17.19,15.81,17.19,12300,KBS,2026-10-09T04:39:00Z
2022-01-20,SZL,17.72,17.72,17.33,17.41,8200,KBS,2026-10-09T04:39:00Z
2022-01-21,SZL,17.98,18.01,17.27,17.7,14800,KBS,2026-10-09T04:39:00Z
2022-01-24,SZL,17.19,17.19,16.74,17.05,7000,KBS,2026-10-09T04:39:00Z
2022-01-25,SZL,17.02,17.56,16.93,17.08,7100,KBS,2026-10-09T04:39:00Z
2022-01-26,SZL,17.05,17.19,16.91,17.16,15800,KBS,2026-10-09T04:39:00Z
2022-01-27,SZL,17.13,17.13,16.91,17.02,5900,KBS,2026-10-09T04:39:00Z
2022-01-28,SZL,16.91,16.91,16.54,16.77,7700,KBS,2026-10-09T04:39:00Z
2022-02-07,SZL,17.72,17.72,17.19,17.3,5100,KBS,2026-10-09T04:39:00Z
2022-02-08,SZL,17.39,17.39,17.08,17.33,2700,KBS,2026-10-09T04:39:00Z
2022-02-09,SZL,16.93,17.33,16.91,17.3,11100,KBS,2026-10-09T04:39:00Z
2022-02-10,SZL,17.22,17.3,17.05,17.3,1700,KBS,2026-10-09T04:39:00Z
2022-02-11,SZL,17.53,17.61,17.3,17.61,5500,KBS,2026-10-09T04:39:00Z
2022-02-14,SZL,16.91,17.36,16.8,17.33,8400,KBS,2026-10-09T04:39:00Z
2022-02-15,SZL,17.08,17.33,17.08,17.33,2300,KBS,2026-10-09T04:39:00Z
2022-02-16,SZL,17.19,17.33,17.05,17.3,12200,KBS,2026-10-09T04:39:00Z
2022-02-17,SZL,17.36,17.41,17.3,17.36,15300,KBS,2026-10-09T04:39:00Z
2022-02-18,SZL,17.3,17.39,17.3,17.36,14800,KBS,2026-10-09T04:39:00Z
2022-02-21,SZL,17.3,17.58,17.3,17.58,7300,KBS,2026-10-09T04:39:00Z
2022-02-22,SZL,17.58,17.89,17.58,17.64,15200,KBS,2026-10-09T04:39:00Z
2022-02-23,SZL,17.22,18.71,17.22,18.4,44500,KBS,2026-10-09T04:39:00Z
2022-02-24,SZL,18.03,18.4,18.03,18.32,17500,KBS,2026-10-09T04:39:00Z
2022-02-25,SZL,18.32,18.46,18.32,18.34,6700,KBS,2026-10-09T04:39:00Z
2022-02-28,SZL,18.34,18.6,18.34,18.46,13500,KBS,2026-10-09T04:39:00Z
2022-03-01,SZL,18.46,18.6,18.32,18.51,9600,KBS,2026-10-09T04:39:00Z
2022-03-02,SZL,18.65,19.78,18.65,19.78,70000,KBS,2026-10-09T04:39:00Z
2022-03-03,SZL,20.85,20.99,20.32,20.99,57600,KBS,2026-10-09T04:39:00Z
2022-03-04,SZL,21.13,21.39,19.73,20.29,14900,KBS,2026-10-09T04:39:00Z
2022-03-07,SZL,20.29,20.29,19.78,20.29,23200,KBS,2026-10-09T04:39:00Z
2022-03-08,SZL,20.01,20.29,19.47,19.47,23200,KBS,2026-10-09T04:39:00Z
2022-03-09,SZL,19.44,19.7,19.22,19.7,20800,KBS,2026-10-09T04:39:00Z
2022-03-10,SZL,19.47,19.95,19.44,19.95,7900,KBS,2026-10-09T04:39:00Z
2022-03-11,SZL,19.73,20.57,19.16,19.73,5000,KBS,2026-10-09T04:39:00Z
2022-03-14,SZL,19.73,19.73,19.44,19.7,6300,KBS,2026-10-09T04:39:00Z
2022-03-15,SZL,19.44,19.73,19.16,19.73,3100,KBS,2026-10-09T04:39:00Z
2022-03-16,SZL,19.44,19.7,19.39,19.67,1800,KBS,2026-10-09T04:39:00Z
2022-03-17,SZL,19.44,19.67,19.16,19.47,7200,KBS,2026-10-09T04:39:00Z
2022-03-18,SZL,19.44,19.47,19.16,19.42,4500,KBS,2026-10-09T04:39:00Z
2022-03-21,SZL,18.96,18.96,18.06,18.94,12400,KBS,2026-10-09T04:39:00Z
2022-03-22,SZL,19.44,19.44,18.48,19.39,37700,KBS,2026-10-09T04:39:00Z
2022-03-23,SZL,19.3,19.39,19.3,19.39,25100,KBS,2026-10-09T04:39:00Z
2022-03-24,SZL,19.42,19.98,19.3,19.89,13600,KBS,2026-10-09T04:39:00Z
2022-03-25,SZL,19.87,20.57,19.87,20.43,14400,KBS,2026-10-09T04:39:00Z
2022-03-28,SZL,20.43,20.43,20.12,20.12,1100,KBS,2026-10-09T04:39:00Z
2022-03-29,SZL,20.12,20.29,20.01,20.29,2100,KBS,2026-10-09T04:39:00Z
2022-03-30,SZL,20.29,20.29,19.58,20.29,18400,KBS,2026-10-09T04:39:00Z
2022-03-31,SZL,19.73,20.26,19.7,20.26,6700,KBS,2026-10-09T04:39:00Z
2022-04-01,SZL,20.23,20.23,20.23,20.23,100,KBS,2026-10-09T04:39:00Z
2022-04-04,SZL,19.84,20.23,19.73,20.23,5300,KBS,2026-10-09T04:39:00Z
2022-04-05,SZL,19.22,20.09,19.22,20.06,4100,KBS,2026-10-09T04:39:00Z
2022-04-06,SZL,20.12,20.12,19.22,19.44,4100,KBS,2026-10-09T04:39:00Z
2022-04-07,SZL,19.44,19.64,19.16,19.64,9100,KBS,2026-10-09T04:39:00Z
2022-04-08,SZL,19.19,19.73,18.94,19.44,2900,KBS,2026-10-09T04:39:00Z
2022-04-12,SZL,19.53,19.58,19.44,19.58,3400,KBS,2026-10-09T04:39:00Z
2022-04-13,SZL,19.53,19.53,18.88,19.42,4000,KBS,2026-10-09T04:39:00Z
2022-04-14,SZL,19.16,19.39,19.02,19.39,1700,KBS,2026-10-09T04:39:00Z
2022-04-15,SZL,19.42,19.42,19.16,19.39,21500,KBS,2026-10-09T04:39:00Z
2022-04-18,SZL,19.16,19.39,18.6,19.39,31500,KBS,2026-10-09T04:39:00Z
2022-04-19,SZL,18.91,19.25,18.6,19.25,13000,KBS,2026-10-09T04:39:00Z
2022-04-20,SZL,18.63,18.88,18.6,18.88,14900,KBS,2026-10-09T04:39:00Z
2022-04-21,SZL,17.67,18.74,17.67,18.74,8800,KBS,2026-10-09T04:39:00Z
2022-04-22,SZL,17.53,18.6,17.53,18.51,24400,KBS,2026-10-09T04:39:00Z
2022-04-25,SZL,17.89,17.89,17.24,17.89,19600,KBS,2026-10-09T04:39:00Z
2022-04-26,SZL,17.75,17.75,16.77,17.7,23600,KBS,2026-10-09T04:39:00Z
2022-04-27,SZL,16.93,18.43,16.93,17.7,900,KBS,2026-10-09T04:39:00Z
2022-04-28,SZL,17.7,17.7,17.36,17.67,2000,KBS,2026-10-09T04:39:00Z
2022-04-29,SZL,17.84,17.86,17.47,17.67,5100,KBS,2026-10-09T04:39:00Z
2022-05-04,SZL,17.67,17.81,17.67,17.75,15100,KBS,2026-10-09T04:39:00Z
2022-05-05,SZL,17.75,17.75,17.72,17.75,3100,KBS,2026-10-09T04:39:00Z
2022-05-06,SZL,17.72,17.72,16.96,17.05,1000,KBS,2026-10-09T04:39:00Z
2022-05-09,SZL,17.05,17.41,16.43,17.05,18300,KBS,2026-10-09T04:39:00Z
2022-05-10,SZL,16.91,17.41,15.86,17.16,7000,KBS,2026-10-09T04:39:00Z
2022-05-11,SZL,17.16,17.16,16.99,17.02,300,KBS,2026-10-09T04:39:00Z
2022-05-12,SZL,17.02,17.61,16.15,17.41,1300,KBS,2026-10-09T04:39:00Z
2022-05-13,SZL,16.51,17.19,16.2,16.2,15900,KBS,2026-10-09T04:39:00Z
2022-05-16,SZL,16.23,16.77,16.15,16.15,7600,KBS,2026-10-09T04:39:00Z
2022-05-17,SZL,16.2,16.23,16.06,16.23,12000,KBS,2026-10-09T04:39:00Z
2022-05-18,SZL,16.06,16.37,16.06,16.34,15600,KBS,2026-10-09T04:39:00Z
2022-05-19,SZL,16.06,16.34,16.06,16.34,3200,KBS,2026-10-09T04:39:00Z
2022-05-20,SZL,16.06,16.91,16.06,16.91,27200,KBS,2026-10-09T04:39:00Z
2022-05-23,SZL,16.91,16.91,16.15,16.88,6500,KBS,2026-10-09T04:39:00Z
2022-05-24,SZL,16.34,16.85,16.34,16.85,2600,KBS,2026-10-09T04:39:00Z
2022-05-25,SZL,16.77,17.33,16.62,17.33,1000,KBS,2026-10-09T04:39:00Z
2022-05-26,SZL,16.91,17.27,16.62,17.27,12400,KBS,2026-10-09T04:39:00Z
2022-05-27,SZL,17.22,17.24,16.85,17.16,1700,KBS,2026-10-09T04:39:00Z
2022-05-30,SZL,16.91,16.91,16.62,16.91,1500,KBS,2026-10-09T04:39:00Z
2022-05-31,SZL,16.91,16.91,16.06,16.62,19800,KBS,2026-10-09T04:39:00Z
2022-06-01,SZL,16.48,16.57,16.15,16.57,8900,KBS,2026-10-09T04:39:00Z
2022-06-02,SZL,16.23,16.54,16.15,16.51,5400,KBS,2026-10-09T04:39:00Z
2022-06-03,SZL,16.09,16.43,16.06,16.43,3800,KBS,2026-10-09T04:39:00Z
2022-06-06,SZL,16.06,16.43,15.95,16.4,5300,KBS,2026-10-09T04:39:00Z
2022-06-07,SZL,16.01,16.29,16.01,16.29,300,KBS,2026-10-09T04:39:00Z
2022-06-08,SZL,16.26,16.57,16.26,16.51,3900,KBS,2026-10-09T04:39:00Z
2022-06-09,SZL,16.18,16.91,16.15,16.15,6500,KBS,2026-10-09T04:39:00Z
2022-06-10,SZL,16.15,16.74,15.56,16.62,500,KBS,2026-10-09T04:39:00Z
2022-06-13,SZL,16.03,16.2,16.03,16.03,2800,KBS,2026-10-09T04:39:00Z
2022-06-14,SZL,16.03,16.18,15.53,16.18,10700,KBS,2026-10-09T04:39:00Z
2022-06-15,SZL,16.18,16.18,15.39,16.18,4400,KBS,2026-10-09T04:39:00Z
2022-06-16,SZL,16.18,16.18,16.18,16.18,100,KBS,2026-10-09T04:39:00Z
2022-06-17,SZL,15.36,16.03,15.36,16.03,400,KBS,2026-10-09T04:39:00Z
2022-06-20,SZL,16.01,16.01,15.75,15.92,2100,KBS,2026-10-09T04:39:00Z
2022-06-22,SZL,15.08,15.78,15.08,15.78,10000,KBS,2026-10-09T04:39:00Z
2022-06-23,SZL,14.94,15.5,14.94,15.5,1700,KBS,2026-10-09T04:39:00Z
2022-06-24,SZL,15.5,15.53,15.5,15.5,5200,KBS,2026-10-09T04:39:00Z
2022-06-27,SZL,15.5,16.18,15.5,16.18,3000,KBS,2026-10-09T04:39:00Z
2022-06-30,SZL,16.2,16.32,15.1,16.18,1700,KBS,2026-10-09T04:39:00Z
2022-07-01,SZL,16.06,16.06,16.06,16.06,200,KBS,2026-10-09T04:39:00Z
2022-07-04,SZL,15.5,15.5,15.5,15.5,200,KBS,2026-10-09T04:39:00Z
2022-07-05,SZL,14.85,15.98,14.82,15.72,1600,KBS,2026-10-09T04:39:00Z
2022-07-06,SZL,15.36,16.03,15.22,15.92,2300,KBS,2026-10-09T04:39:00Z
2022-07-07,SZL,15.24,16.32,15.24,15.27,500,KBS,2026-10-09T04:39:00Z
2022-07-08,SZL,16.03,16.03,15.24,15.89,9700,KBS,2026-10-09T04:39:00Z
2022-07-11,SZL,16.82,16.82,15.5,16.57,800,KBS,2026-10-09T04:39:00Z
2022-07-12,SZL,15.53,16.32,15.53,15.56,1200,KBS,2026-10-09T04:39:00Z
2022-07-13,SZL,16.12,16.12,15.36,15.84,1400,KBS,2026-10-09T04:39:00Z
2022-07-14,SZL,15.08,16.03,15.08,15.78,3900,KBS,2026-10-09T04:39:00Z
2022-07-15,SZL,15.95,15.95,15.5,15.81,2800,KBS,2026-10-09T04:39:00Z
2022-07-18,SZL,15.81,16.26,15.81,15.84,300,KBS,2026-10-09T04:39:00Z
2022-07-19,SZL,15.5,15.75,15.08,15.75,800,KBS,2026-10-09T04:39:00Z
2022-07-20,SZL,16.2,16.2,16.2,16.2,100,KBS,2026-10-09T04:39:00Z
2022-07-21,SZL,15.89,15.89,15.64,15.86,500,KBS,2026-10-09T04:39:00Z
2022-07-22,SZL,16.03,16.06,15.89,15.89,700,KBS,2026-10-09T04:39:00Z
2022-07-25,SZL,15.67,15.89,15.08,15.86,2200,KBS,2026-10-09T04:39:00Z
2022-07-26,SZL,15.81,15.86,15.64,15.64,800,KBS,2026-10-09T04:39:00Z
2022-07-27,SZL,15.89,15.89,15.22,15.22,600,KBS,2026-10-09T04:39:00Z
2022-07-28,SZL,15.98,15.98,15.5,15.86,3800,KBS,2026-10-09T04:39:00Z
2022-07-29,SZL,15.5,15.81,15.5,15.81,8700,KBS,2026-10-09T04:39:00Z
2022-08-01,SZL,15.67,15.75,15.5,15.5,5000,KBS,2026-10-09T04:39:00Z
2022-08-02,SZL,16.46,16.46,15.44,15.44,500,KBS,2026-10-09T04:39:00Z
2022-08-03,SZL,15.95,15.95,15.44,15.95,5200,KBS,2026-10-09T04:39:00Z
2022-08-04,SZL,15.36,15.86,15.33,15.86,900,KBS,2026-10-09T04:39:00Z
2022-08-05,SZL,15.5,15.78,15.5,15.78,2100,KBS,2026-10-09T04:39:00Z
2022-08-08,SZL,15.81,15.81,15.27,15.7,900,KBS,2026-10-09T04:39:00Z
2022-08-09,SZL,15.75,15.75,15.5,15.7,4500,KBS,2026-10-09T04:39:00Z
2022-08-10,SZL,15.5,15.78,15.5,15.75,1800,KBS,2026-10-09T04:39:00Z
2022-08-11,SZL,15.75,15.98,15.58,15.58,1800,KBS,2026-10-09T04:39:00Z
2022-08-12,SZL,15.58,16.4,15.58,15.98,6000,KBS,2026-10-09T04:39:00Z
2022-08-15,SZL,15.95,16.2,15.81,16.18,400,KBS,2026-10-09T04:39:00Z
2022-08-17,SZL,15.92,15.92,15.5,15.53,12200,KBS,2026-10-09T04:39:00Z
2022-08-18,SZL,15.53,15.89,15.5,15.64,3000,KBS,2026-10-09T04:39:00Z
2022-08-19,SZL,15.78,15.78,15.78,15.78,100,KBS,2026-10-09T04:39:00Z
2022-08-22,SZL,15.95,15.95,15.78,15.78,300,KBS,2026-10-09T04:39:00Z
2022-08-23,SZL,15.78,16.29,15.78,16.29,2200,KBS,2026-10-09T04:39:00Z
2022-08-24,SZL,16.29,16.6,16.15,16.34,25700,KBS,2026-10-09T04:39:00Z
2022-08-25,SZL,16.62,17.19,16.57,17.13,45600,KBS,2026-10-09T04:39:00Z
2022-08-26,SZL,17.16,17.19,17.08,17.16,18500,KBS,2026-10-09T04:39:00Z
2022-08-29,SZL,17.16,17.33,17.08,17.16,33200,KBS,2026-10-09T04:39:00Z
2022-08-30,SZL,17.24,17.27,16.93,17.19,8500,KBS,2026-10-09T04:39:00Z
2022-08-31,SZL,17.19,17.19,16.99,17.05,9600,KBS,2026-10-09T04:39:00Z
2022-09-05,SZL,17.44,17.44,17.16,17.41,19400,KBS,2026-10-09T04:39:00Z
2022-09-06,SZL,17.41,17.44,17.19,17.44,7300,KBS,2026-10-09T04:39:00Z
2022-09-07,SZL,17.44,17.44,16.93,16.93,9600,KBS,2026-10-09T04:39:00Z
2022-09-08,SZL,17.44,17.44,16.93,17.24,12600,KBS,2026-10-09T04:39:00Z
2022-09-09,SZL,16.99,17.33,16.91,17.33,8500,KBS,2026-10-09T04:39:00Z
2022-09-12,SZL,17.33,17.33,16.12,17.15,13800,KBS,2026-10-09T04:39:00Z
2022-09-13,SZL,17.12,17.12,17.0,17.0,600,KBS,2026-10-09T04:39:00Z
2022-09-14,SZL,16.09,16.97,15.82,16.4,7300,KBS,2026-10-09T04:39:00Z
2022-09-15,SZL,16.4,16.4,15.82,16.27,9100,KBS,2026-10-09T04:39:00Z
2022-09-16,SZL,16.12,16.12,15.97,15.97,3100,KBS,2026-10-09T04:39:00Z
2022-09-19,SZL,15.97,16.03,15.67,15.97,10000,KBS,2026-10-09T04:39:00Z
2022-09-20,SZL,15.97,16.03,15.97,16.03,4700,KBS,2026-10-09T04:39:00Z
2022-09-21,SZL,15.97,15.97,15.97,15.97,1400,KBS,2026-10-09T04:39:00Z
2022-09-22,SZL,15.97,16.16,15.97,16.16,7200,KBS,2026-10-09T04:39:00Z
2022-09-23,SZL,16.16,16.16,15.13,16.0,8300,KBS,2026-10-09T04:39:00Z
2022-09-26,SZL,15.97,16.0,15.37,15.37,5200,KBS,2026-10-09T04:39:00Z
2022-09-27,SZL,15.37,15.67,15.37,15.37,5100,KBS,2026-10-09T04:39:00Z
2022-09-28,SZL,15.25,15.52,15.25,15.52,3700,KBS,2026-10-09T04:39:00Z
2022-09-29,SZL,15.43,15.43,15.37,15.37,2800,KBS,2026-10-09T04:39:00Z
2022-09-30,SZL,15.37,15.55,15.1,15.52,3500,KBS,2026-10-09T04:39:00Z
2022-10-04,SZL,15.22,15.49,15.07,15.07,5500,KBS,2026-10-09T04:39:00Z
2022-10-05,SZL,15.1,15.79,15.1,15.79,900,KBS,2026-10-09T04:39:00Z
2022-10-06,SZL,15.52,15.52,15.52,15.52,100,KBS,2026-10-09T04:39:00Z
2022-10-07,SZL,15.07,15.34,14.62,15.34,2900,KBS,2026-10-09T04:39:00Z
2022-10-11,SZL,15.07,15.07,14.66,14.66,11000,KBS,2026-10-09T04:39:00Z
2022-10-12,SZL,14.65,15.25,14.65,14.66,2600,KBS,2026-10-09T04:39:00Z
2022-10-13,SZL,14.68,14.78,14.68,14.77,5700,KBS,2026-10-09T04:39:00Z
2022-10-14,SZL,15.19,15.19,15.19,15.19,100,KBS,2026-10-09T04:39:00Z
2022-10-17,SZL,15.16,15.16,15.16,15.16,100,KBS,2026-10-09T04:39:00Z
2022-10-18,SZL,16.03,16.03,15.37,15.37,2200,KBS,2026-10-09T04:39:00Z
2022-10-19,SZL,15.31,15.31,15.31,15.31,700,KBS,2026-10-09T04:39:00Z
2022-10-20,SZL,15.31,15.37,15.31,15.31,500,KBS,2026-10-09T04:39:00Z
2022-10-21,SZL,15.07,15.07,14.68,14.68,5900,KBS,2026-10-09T04:39:00Z
2022-10-24,SZL,14.68,14.71,14.24,14.71,4800,KBS,2026-10-09T04:39:00Z
2022-10-25,SZL,14.18,14.18,13.86,14.16,12400,KBS,2026-10-09T04:39:00Z
2022-10-26,SZL,14.16,14.16,13.86,14.14,10100,KBS,2026-10-09T04:39:00Z
2022-10-27,SZL,14.1,14.16,13.91,13.91,1200,KBS,2026-10-09T04:39:00Z
2022-10-28,SZL,14.14,14.77,13.92,13.92,8600,KBS,2026-10-09T04:39:00Z
2022-10-31,SZL,14.02,14.02,13.86,13.86,400,KBS,2026-10-09T04:39:00Z
2022-11-01,SZL,13.86,14.68,13.86,14.68,5000,KBS,2026-10-09T04:39:00Z
2022-11-02,SZL,14.68,14.68,14.68,14.68,200,KBS,2026-10-09T04:39:00Z
2022-11-03,SZL,13.86,13.86,13.86,13.86,1400,KBS,2026-10-09T04:39:00Z
2022-11-04,SZL,13.56,13.86,13.26,13.86,600,KBS,2026-10-09T04:39:00Z
2022-11-07,SZL,13.56,13.56,13.05,13.56,800,KBS,2026-10-09T04:39:00Z
2022-11-08,SZL,13.56,14.47,13.56,14.47,400,KBS,2026-10-09T04:39:00Z
2022-11-10,SZL,14.77,14.77,14.77,14.77,200,KBS,2026-10-09T04:39:00Z
2022-11-11,SZL,13.85,13.85,13.85,13.85,500,KBS,2026-10-09T04:39:00Z
2022-11-14,SZL,13.54,13.79,12.93,13.79,3400,KBS,2026-10-09T04:39:00Z
2022-11-15,SZL,12.93,13.54,12.93,13.54,4900,KBS,2026-10-09T04:39:00Z
2022-11-16,SZL,12.65,14.22,12.65,14.22,5800,KBS,2026-10-09T04:39:00Z
2022-11-18,SZL,13.7,14.25,13.67,14.25,7800,KBS,2026-10-09T04:39:00Z
2022-11-21,SZL,13.6,14.25,13.54,14.25,400,KBS,2026-10-09T04:39:00Z
2022-11-22,SZL,13.54,14.16,13.54,14.16,1200,KBS,2026-10-09T04:39:00Z
2022-11-23,SZL,13.54,14.31,13.54,14.31,5800,KBS,2026-10-09T04:39:00Z
2022-11-24,SZL,13.57,13.57,13.57,13.57,100,KBS,2026-10-09T04:39:00Z
2022-11-25,SZL,13.85,14.16,13.85,14.16,3400,KBS,2026-10-09T04:39:00Z
2022-11-28,SZL,14.16,14.44,14.16,14.44,900,KBS,2026-10-09T04:39:00Z
2022-11-29,SZL,14.44,14.47,14.31,14.47,400,KBS,2026-10-09T04:39:00Z
2022-11-30,SZL,14.47,14.47,14.37,14.37,600,KBS,2026-10-09T04:39:00Z
2022-12-01,SZL,14.37,14.77,14.37,14.37,5100,KBS,2026-10-09T04:39:00Z
2022-12-02,SZL,14.74,14.74,14.74,14.74,100,KBS,2026-10-09T04:39:00Z
2022-12-05,SZL,14.31,14.87,14.31,14.87,1100,KBS,2026-10-09T04:39:00Z
2022-12-06,SZL,14.04,14.77,14.04,14.77,9000,KBS,2026-10-09T04:39:00Z
2022-12-07,SZL,14.16,14.47,14.16,14.47,15900,KBS,2026-10-09T04:39:00Z
2022-12-08,SZL,14.04,14.47,14.04,14.4,6500,KBS,2026-10-09T04:39:00Z
2022-12-09,SZL,14.16,14.16,14.16,14.16,2000,KBS,2026-10-09T04:39:00Z
2022-12-12,SZL,14.16,14.77,14.16,14.62,2900,KBS,2026-10-09T04:39:00Z
2022-12-13,SZL,14.74,14.77,14.74,14.77,1000,KBS,2026-10-09T04:39:00Z
2022-12-14,SZL,14.47,15.08,14.47,15.08,200,KBS,2026-10-09T04:39:00Z
2022-12-15,SZL,14.62,14.62,14.62,14.62,200,KBS,2026-10-09T04:39:00Z
2022-12-16,SZL,14.62,14.8,14.62,14.8,2300,KBS,2026-10-09T04:39:00Z
2022-12-19,SZL,14.47,15.73,14.47,15.73,11100,KBS,2026-10-09T04:39:00Z
2022-12-20,SZL,14.68,14.68,14.68,14.68,1000,KBS,2026-10-09T04:39:00Z
2022-12-21,SZL,14.68,15.39,14.68,15.39,800,KBS,2026-10-09T04:39:00Z
2022-12-26,SZL,14.51,15.24,14.51,15.24,5400,KBS,2026-10-09T04:39:00Z
2022-12-28,SZL,14.31,15.18,14.31,15.08,400,KBS,2026-10-09T04:39:00Z
2022-12-29,SZL,14.56,14.56,14.56,14.56,100,KBS,2026-10-09T04:39:00Z
2022-12-30,SZL,14.62,14.62,14.62,14.62,500,KBS,2026-10-09T04:39:00Z
2023-01-03,SZL,14.77,14.77,14.77,14.77,4200,KBS,2026-10-09T04:39:00Z
2023-01-04,SZL,14.77,14.77,14.77,14.77,2800,KBS,2026-10-09T04:39:00Z
2023-01-05,SZL,14.77,14.77,14.77,14.77,800,KBS,2026-10-09T04:39:00Z
2023-01-06,SZL,14.77,14.77,14.47,14.47,1300,KBS,2026-10-09T04:39:00Z
2023-01-09,SZL,14.47,14.77,14.16,14.77,300,KBS,2026-10-09T04:39:00Z
2023-01-11,SZL,14.16,14.16,14.16,14.16,100,KBS,2026-10-09T04:39:00Z
2023-01-16,SZL,13.48,13.48,13.48,13.48,3000,KBS,2026-10-09T04:39:00Z
2023-01-17,SZL,13.54,14.42,13.54,14.42,9000,KBS,2026-10-09T04:39:00Z
2023-01-18,SZL,14.47,14.47,14.16,14.16,4900,KBS,2026-10-09T04:39:00Z
2023-01-27,SZL,14.77,14.77,14.77,14.77,300,KBS,2026-10-09T04:39:00Z
2023-01-30,SZL,14.77,14.77,14.77,14.77,3100,KBS,2026-10-09T04:39:00Z
2023-01-31,SZL,14.77,14.93,14.77,14.77,2400,KBS,2026-10-09T04:39:00Z
2023-02-01,SZL,14.77,14.77,14.47,14.47,2700,KBS,2026-10-09T04:39:00Z
2023-02-02,SZL,14.77,14.93,14.77,14.77,800,KBS,2026-10-09T04:39:00Z
2023-02-03,SZL,14.77,14.93,14.77,14.79,19300,KBS,2026-10-09T04:39:00Z
2023-02-06,SZL,14.77,14.93,14.77,14.93,400,KBS,2026-10-09T04:39:00Z
2023-02-07,SZL,14.93,14.93,14.93,14.93,1900,KBS,2026-10-09T04:39:00Z
2023-02-08,SZL,14.93,14.93,14.77,14.77,1000,KBS,2026-10-09T04:39:00Z
2023-02-09,SZL,14.96,15.08,14.96,15.08,1200,KBS,2026-10-09T04:39:00Z
2023-02-10,SZL,14.8,14.8,14.8,14.8,100,KBS,2026-10-09T04:39:00Z
2023-02-13,SZL,15.08,15.08,14.8,14.8,700,KBS,2026-10-09T04:39:00Z
2023-02-14,SZL,14.8,14.8,14.8,14.8,200,KBS,2026-10-09T04:39:00Z
2023-02-16,SZL,14.8,14.8,14.8,14.8,100,KBS,2026-10-09T04:39:00Z
2023-02-17,SZL,14.93,14.93,14.93,14.93,500,KBS,2026-10-09T04:39:00Z
2023-02-20,SZL,15.08,15.08,15.08,15.08,14300,KBS,2026-10-09T04:39:00Z
2023-02-21,SZL,15.08,15.11,15.08,15.11,300,KBS,2026-10-09T04:39:00Z
2023-02-22,SZL,15.1,15.1,15.1,15.1,3200,KBS,2026-10-09T04:39:00Z
2023-02-24,SZL,15.24,15.24,15.1,15.1,1500,KBS,2026-10-09T04:39:00Z
2023-02-27,SZL,15.1,15.11,14.93,15.11,1400,KBS,2026-10-09T04:39:00Z
2023-02-28,SZL,15.11,15.11,15.11,15.11,1300,KBS,2026-10-09T04:39:00Z
2023-03-01,SZL,15.11,15.11,15.11,15.11,500,KBS,2026-10-09T04:39:00Z
2023-03-02,SZL,15.11,15.11,15.11,15.11,1000,KBS,2026-10-09T04:39:00Z
2023-03-06,SZL,14.47,15.11,14.47,15.11,500,KBS,2026-10-09T04:39:00Z
2023-03-08,SZL,15.11,15.11,15.11,15.11,100,KBS,2026-10-09T04:39:00Z
2023-03-09,SZL,15.11,15.11,15.11,15.11,300,KBS,2026-10-09T04:39:00Z
2023-03-10,SZL,15.08,15.11,15.08,15.11,200,KBS,2026-10-09T04:39:00Z
2023-03-20,SZL,15.08,15.08,15.08,15.08,5000,KBS,2026-10-09T04:39:00Z
2023-03-21,SZL,15.08,15.08,14.77,15.08,7400,KBS,2026-10-09T04:39:00Z
2023-03-22,SZL,15.39,15.7,15.39,15.39,1100,KBS,2026-10-09T04:39:00Z
2023-03-23,SZL,15.39,15.39,15.39,15.39,1100,KBS,2026-10-09T04:39:00Z
2023-03-27,SZL,15.39,15.39,15.39,15.39,2600,KBS,2026-10-09T04:39:00Z
2023-03-28,SZL,15.39,15.39,15.39,15.39,3400,KBS,2026-10-09T04:39:00Z
2023-03-29,SZL,15.7,16.44,15.7,16.44,900,KBS,2026-10-09T04:39:00Z
2023-03-31,SZL,15.42,16.31,15.42,16.31,300,KBS,2026-10-09T04:39:00Z
2023-04-03,SZL,15.45,16.13,15.45,16.13,1200,KBS,2026-10-09T04:39:00Z
2023-04-04,SZL,15.61,15.61,15.61,15.61,800,KBS,2026-10-09T04:39:00Z
2023-04-05,SZL,15.7,15.7,15.54,15.54,1500,KBS,2026-10-09T04:39:00Z
2023-04-06,SZL,16.01,16.01,16.01,16.01,500,KBS,2026-10-09T04:39:00Z
2023-04-07,SZL,16.28,16.28,16.28,16.28,100,KBS,2026-10-09T04:39:00Z
2023-04-11,SZL,16.25,16.25,15.7,16.1,1400,KBS,2026-10-09T04:39:00Z
2023-04-12,SZL,16.1,16.1,16.1,16.1,300,KBS,2026-10-09T04:39:00Z
2023-04-14,SZL,16.04,16.38,15.91,16.38,2700,KBS,2026-10-09T04:39:00Z
2023-04-17,SZL,16.01,16.74,16.01,16.74,1800,KBS,2026-10-09T04:39:00Z
2023-04-18,SZL,16.34,16.34,16.01,16.31,900,KBS,2026-10-09T04:39:00Z
2023-04-19,SZL,16.04,16.28,16.04,16.28,1100,KBS,2026-10-09T04:39:00Z
2023-04-20,SZL,16.01,16.31,16.01,16.31,800,KBS,2026-10-09T04:39:00Z
2023-04-21,SZL,16.25,16.25,16.25,16.25,500,KBS,2026-10-09T04:39:00Z
2023-04-24,SZL,16.04,16.16,16.01,16.01,25100,KBS,2026-10-09T04:39:00Z
2023-04-25,SZL,16.31,16.31,16.31,16.31,100,KBS,2026-10-09T04:39:00Z
2023-04-26,SZL,16.01,16.62,16.01,16.62,1200,KBS,2026-10-09T04:39:00Z
2023-04-28,SZL,16.07,16.53,16.07,16.53,700,KBS,2026-10-09T04:39:00Z
2023-05-04,SZL,16.16,16.31,16.07,16.07,6900,KBS,2026-10-09T04:39:00Z
2023-05-05,SZL,16.07,16.62,16.07,16.62,700,KBS,2026-10-09T04:39:00Z
2023-05-08,SZL,16.71,16.71,16.16,16.5,4500,KBS,2026-10-09T04:39:00Z
2023-05-09,SZL,16.71,16.71,16.16,16.16,2200,KBS,2026-10-09T04:39:00Z
2023-05-11,SZL,16.31,17.27,16.16,17.27,8900,KBS,2026-10-09T04:39:00Z
2023-05-12,SZL,16.62,16.62,16.59,16.59,2000,KBS,2026-10-09T04:39:00Z
2023-05-15,SZL,16.62,16.62,16.47,16.62,4500,KBS,2026-10-09T04:39:00Z
2023-05-17,SZL,16.62,16.93,16.62,16.62,3900,KBS,2026-10-09T04:39:00Z
2023-05-18,SZL,17.21,17.21,16.93,17.08,6500,KBS,2026-10-09T04:39:00Z
2023-05-19,SZL,17.18,17.18,16.47,16.93,1800,KBS,2026-10-09T04:39:00Z
2023-05-22,SZL,17.64,17.64,16.62,16.93,2500,KBS,2026-10-09T04:39:00Z
2023-05-23,SZL,17.48,17.55,17.05,17.05,1100,KBS,2026-10-09T04:39:00Z
2023-05-24,SZL,17.24,17.24,17.24,17.24,100,KBS,2026-10-09T04:39:00Z
2023-05-25,SZL,17.24,17.24,17.24,17.24,500,KBS,2026-10-09T04:39:00Z
2023-05-26,SZL,17.55,17.55,16.84,17.51,1800,KBS,2026-10-09T04:39:00Z
2023-05-29,SZL,17.55,18.01,17.39,17.7,25400,KBS,2026-10-09T04:39:00Z
2023-05-30,SZL,17.33,17.55,17.3,17.55,3800,KBS,2026-10-09T04:39:00Z
2023-05-31,SZL,16.73,17.55,16.73,17.55,6000,KBS,2026-10-09T04:39:00Z
2023-06-01,SZL,17.55,17.55,17.55,17.55,1000,KBS,2026-10-09T04:39:00Z
2023-06-02,SZL,16.9,17.84,16.9,17.84,8800,KBS,2026-10-09T04:39:00Z
2023-06-05,SZL,17.09,17.71,17.09,17.71,300,KBS,2026-10-09T04:39:00Z
2023-06-06,SZL,17.68,17.68,16.64,17.51,1800,KBS,2026-10-09T04:39:00Z
2023-06-07,SZL,17.48,17.48,17.06,17.06,3100,KBS,2026-10-09T04:39:00Z
2023-06-08,SZL,17.12,17.12,16.8,16.8,3700,KBS,2026-10-09T04:39:00Z
2023-06-09,SZL,16.8,16.8,16.8,16.8,1000,KBS,2026-10-09T04:39:00Z
2023-06-12,SZL,16.47,16.47,16.44,16.47,8800,KBS,2026-10-09T04:39:00Z
2023-06-13,SZL,16.47,17.06,16.47,17.06,4700,KBS,2026-10-09T04:39:00Z
2023-06-16,SZL,16.47,17.02,16.47,17.02,500,KBS,2026-10-09T04:39:00Z
2023-06-19,SZL,16.9,16.9,16.9,16.9,200,KBS,2026-10-09T04:39:00Z
2023-06-20,SZL,16.9,16.9,16.9,16.9,12000,KBS,2026-10-09T04:39:00Z
2023-06-21,SZL,17.06,17.06,17.06,17.06,500,KBS,2026-10-09T04:39:00Z
2023-06-22,SZL,17.06,17.22,17.06,17.22,1600,KBS,2026-10-09T04:39:00Z
2023-06-23,SZL,17.22,17.84,17.22,17.84,6300,KBS,2026-10-09T04:39:00Z
2023-06-26,SZL,17.84,18.03,17.84,18.03,2500,KBS,2026-10-09T04:39:00Z
2023-06-27,SZL,17.55,17.97,17.55,17.97,1100,KBS,2026-10-09T04:39:00Z
2023-06-28,SZL,18.29,18.32,17.87,18.26,5700,KBS,2026-10-09T04:39:00Z
2023-06-29,SZL,17.93,17.93,17.93,17.93,1000,KBS,2026-10-09T04:39:00Z
2023-06-30,SZL,18.03,18.03,17.93,17.93,2200,KBS,2026-10-09T04:39:00Z
2023-07-03,SZL,17.87,17.87,17.87,17.87,2700,KBS,2026-10-09T04:39:00Z
2023-07-05,SZL,17.87,18.16,17.87,18.13,800,KBS,2026-10-09T04:39:00Z
2023-07-06,SZL,18.16,18.16,18.16,18.16,100,KBS,2026-10-09T04:39:00Z
2023-07-07,SZL,18.13,18.13,18.13,18.13,200,KBS,2026-10-09T04:39:00Z
2023-07-11,SZL,18.03,18.03,17.55,17.55,1700,KBS,2026-10-09T04:39:00Z
2023-07-12,SZL,17.71,17.71,17.58,17.71,1400,KBS,2026-10-09T04:39:00Z
2023-07-13,SZL,17.71,18.13,17.58,18.13,2100,KBS,2026-10-09T04:39:00Z
2023-07-14,SZL,18.03,18.13,17.87,17.87,3000,KBS,2026-10-09T04:39:00Z
2023-07-17,SZL,17.87,18.03,17.61,18.03,800,KBS,2026-10-09T04:39:00Z
2023-07-18,SZL,17.64,18.1,17.64,18.1,900,KBS,2026-10-09T04:39:00Z
2023-07-19,SZL,18.03,18.03,18.03,18.03,100,KBS,2026-10-09T04:39:00Z
2023-07-20,SZL,17.87,17.87,17.71,17.71,300,KBS,2026-10-09T04:39:00Z
2023-07-21,SZL,17.71,17.87,17.64,17.87,1300,KBS,2026-10-09T04:39:00Z
2023-07-24,SZL,17.77,17.77,17.74,17.77,1200,KBS,2026-10-09T04:39:00Z
2023-07-25,SZL,17.8,18.07,17.8,18.07,300,KBS,2026-10-09T04:39:00Z
2023-07-26,SZL,18.03,18.03,18.03,18.03,100,KBS,2026-10-09T04:39:00Z
2023-07-27,SZL,17.97,17.97,17.97,17.97,300,KBS,2026-10-09T04:39:00Z
2023-07-31,SZL,17.9,17.9,17.9,17.9,1100,KBS,2026-10-09T04:39:00Z
2023-08-01,SZL,17.93,18.1,17.9,18.1,400,KBS,2026-10-09T04:39:00Z
2023-08-02,SZL,18.07,18.07,18.07,18.07,1000,KBS,2026-10-09T04:39:00Z
2023-08-03,SZL,17.87,17.87,17.77,17.87,4600,KBS,2026-10-09T04:39:00Z
2023-08-04,SZL,17.84,17.84,17.84,17.84,200,KBS,2026-10-09T04:39:00Z
2023-08-07,SZL,17.74,17.74,17.58,17.58,1600,KBS,2026-10-09T04:39:00Z
2023-08-08,SZL,17.77,18.03,17.74,17.84,1800,KBS,2026-10-09T04:39:00Z
2023-08-09,SZL,17.74,18.03,17.74,18.03,500,KBS,2026-10-09T04:39:00Z
2023-08-10,SZL,18.03,18.03,18.03,18.03,400,KBS,2026-10-09T04:39:00Z
2023-08-11,SZL,18.03,18.03,17.87,18.03,1400,KBS,2026-10-09T04:39:00Z
2023-08-15,SZL,18.03,18.03,17.8,17.8,2000,KBS,2026-10-09T04:39:00Z
2023-08-16,SZL,17.77,17.8,17.71,17.8,4200,KBS,2026-10-09T04:39:00Z
2023-08-17,SZL,17.8,17.84,17.8,17.84,1000,KBS,2026-10-09T04:39:00Z
2023-08-18,SZL,17.84,17.84,17.58,17.58,2900,KBS,2026-10-09T04:39:00Z
2023-08-21,SZL,17.61,17.71,17.58,17.71,1200,KBS,2026-10-09T04:39:00Z
2023-08-23,SZL,17.42,17.87,17.42,17.68,2900,KBS,2026-10-09T04:39:00Z
2023-08-24,SZL,17.71,18.0,17.71,18.0,2300,KBS,2026-10-09T04:39:00Z
2023-08-25,SZL,17.55,17.97,17.51,17.97,5200,KBS,2026-10-09T04:39:00Z
2023-08-28,SZL,17.74,17.74,17.71,17.71,2000,KBS,2026-10-09T04:39:00Z
2023-08-29,SZL,17.71,17.97,17.71,17.97,1600,KBS,2026-10-09T04:39:00Z
2023-08-30,SZL,17.97,18.36,17.97,18.36,200,KBS,2026-10-09T04:39:00Z
2023-08-31,SZL,17.55,17.74,17.55,17.64,3700,KBS,2026-10-09T04:39:00Z
2023-09-05,SZL,17.45,17.55,17.38,17.55,5900,KBS,2026-10-09T04:39:00Z
2023-09-06,SZL,17.55,17.55,17.25,17.25,2300,KBS,2026-10-09T04:39:00Z
2023-09-07,SZL,17.25,17.45,17.22,17.45,3100,KBS,2026-10-09T04:39:00Z
2023-09-08,SZL,17.25,17.25,17.22,17.25,3200,KBS,2026-10-09T04:39:00Z
2023-09-11,SZL,17.25,17.32,17.25,17.32,3600,KBS,2026-10-09T04:39:00Z
2023-09-12,SZL,16.96,17.22,16.96,17.22,3800,KBS,2026-10-09T04:39:00Z
2023-09-13,SZL,17.02,17.42,17.02,17.06,2700,KBS,2026-10-09T04:39:00Z
2023-09-14,SZL,17.06,17.06,17.06,17.06,2200,KBS,2026-10-09T04:39:00Z
2023-09-15,SZL,17.06,17.22,16.9,17.06,2500,KBS,2026-10-09T04:39:00Z
2023-09-18,SZL,17.06,17.06,17.06,17.06,1500,KBS,2026-10-09T04:39:00Z
2023-09-19,SZL,16.99,16.99,16.9,16.9,2000,KBS,2026-10-09T04:39:00Z
2023-09-20,SZL,16.9,17.28,16.9,17.28,6100,KBS,2026-10-09T04:39:00Z
2023-09-21,SZL,16.93,17.45,16.9,17.45,14800,KBS,2026-10-09T04:39:00Z
2023-09-22,SZL,17.16,17.16,17.16,17.16,200,KBS,2026-10-09T04:39:00Z
2023-09-25,SZL,16.7,16.76,16.7,16.7,3100,KBS,2026-10-09T04:39:00Z
2023-09-26,SZL,16.57,16.6,16.28,16.47,3100,KBS,2026-10-09T04:39:00Z
2023-09-27,SZL,16.47,16.47,16.47,16.47,300,KBS,2026-10-09T04:39:00Z
2023-09-28,SZL,16.41,16.41,16.41,16.41,4900,KBS,2026-10-09T04:39:00Z
2023-09-29,SZL,16.24,16.9,16.24,16.9,200,KBS,2026-10-09T04:39:00Z
2023-10-03,SZL,16.57,16.57,16.57,16.57,1700,KBS,2026-10-09T04:39:00Z
2023-10-05,SZL,16.54,16.54,16.54,16.54,600,KBS,2026-10-09T04:39:00Z
2023-10-09,SZL,16.54,16.54,16.54,16.54,4600,KBS,2026-10-09T04:39:00Z
2023-10-10,SZL,16.54,16.54,16.54,16.54,700,KBS,2026-10-09T04:39:00Z
2023-10-11,SZL,16.57,16.57,16.57,16.57,100,KBS,2026-10-09T04:39:00Z
2023-10-12,SZL,16.57,16.73,16.57,16.57,7000,KBS,2026-10-09T04:39:00Z
2023-10-13,SZL,16.57,17.16,16.57,17.16,2500,KBS,2026-10-09T04:39:00Z
2023-10-16,SZL,17.16,17.38,17.06,17.28,52800,KBS,2026-10-09T04:39:00Z
2023-10-17,SZL,17.28,17.35,17.19,17.22,15700,KBS,2026-10-09T04:39:00Z
2023-10-18,SZL,17.22,17.22,16.57,16.57,6400,KBS,2026-10-09T04:39:00Z
2023-10-19,SZL,17.22,17.22,16.73,17.02,6800,KBS,2026-10-09T04:39:00Z
2023-10-20,SZL,17.02,17.06,16.57,17.06,700,KBS,2026-10-09T04:39:00Z
2023-10-23,SZL,17.06,17.45,16.96,17.45,1500,KBS,2026-10-09T04:39:00Z
2023-10-24,SZL,16.93,17.19,16.93,17.19,2500,KBS,2026-10-09T04:39:00Z
2023-10-25,SZL,17.06,17.32,16.96,17.32,1100,KBS,2026-10-09T04:39:00Z
2023-10-26,SZL,16.93,17.22,16.57,16.6,8200,KBS,2026-10-09T04:39:00Z
2023-10-27,SZL,16.8,17.1,16.64,17.1,3200,KBS,2026-10-09T04:39:00Z
2023-10-31,SZL,17.07,17.07,16.64,16.64,2600,KBS,2026-10-09T04:39:00Z
2023-11-01,SZL,17.14,17.14,16.67,17.14,2300,KBS,2026-10-09T04:39:00Z
2023-11-02,SZL,17.14,17.47,17.14,17.47,1200,KBS,2026-10-09T04:39:00Z
2023-11-03,SZL,17.3,17.47,17.3,17.4,16700,KBS,2026-10-09T04:39:00Z
2023-11-06,SZL,16.97,17.63,16.97,17.4,3200,KBS,2026-10-09T04:39:00Z
2023-11-07,SZL,16.97,17.37,16.97,17.37,400,KBS,2026-10-09T04:39:00Z
2023-11-08,SZL,17.34,17.47,17.3,17.47,10200,KBS,2026-10-09T04:39:00Z
2023-11-09,SZL,17.73,18.2,17.63,18.2,19700,KBS,2026-10-09T04:39:00Z
2023-11-10,SZL,17.97,17.97,17.97,17.97,6300,KBS,2026-10-09T04:39:00Z
2023-11-13,SZL,18.5,18.93,18.47,18.73,24100,KBS,2026-10-09T04:39:00Z
2023-11-14,SZL,19.16,19.16,18.47,18.47,15900,KBS,2026-10-09T04:39:00Z
2023-11-15,SZL,18.5,19.07,18.47,18.57,29600,KBS,2026-10-09T04:39:00Z
2023-11-16,SZL,18.57,18.96,18.22,18.86,11200,KBS,2026-10-09T04:39:00Z
2023-11-17,SZL,18.92,18.92,18.47,18.66,25400,KBS,2026-10-09T04:39:00Z
2023-11-20,SZL,18.49,19.46,18.47,19.21,17200,KBS,2026-10-09T04:39:00Z
2023-11-21,SZL,18.96,19.19,18.61,18.94,4800,KBS,2026-10-09T04:39:00Z
2023-11-22,SZL,18.92,18.92,18.57,18.92,5000,KBS,2026-10-09T04:39:00Z
2023-11-23,SZL,18.72,18.94,18.61,18.94,7800,KBS,2026-10-09T04:39:00Z
2023-11-24,SZL,18.47,18.72,18.42,18.47,12400,KBS,2026-10-09T04:39:00Z
2023-11-27,SZL,19.21,19.21,18.27,18.37,1900,KBS,2026-10-09T04:39:00Z
2023-11-28,SZL,18.72,18.72,18.72,18.72,3100,KBS,2026-10-09T04:39:00Z
2023-11-29,SZL,18.22,18.72,18.22,18.72,4700,KBS,2026-10-09T04:39:00Z
2023-11-30,SZL,18.61,18.61,18.47,18.61,900,KBS,2026-10-09T04:39:00Z
2023-12-01,SZL,18.61,18.61,18.32,18.59,1700,KBS,2026-10-09T04:39:00Z
2023-12-04,SZL,18.59,18.61,18.32,18.61,3900,KBS,2026-10-09T04:39:00Z
2023-12-05,SZL,18.52,18.61,18.37,18.61,2000,KBS,2026-10-09T04:39:00Z
2023-12-06,SZL,18.61,18.61,18.42,18.47,3700,KBS,2026-10-09T04:39:00Z
2023-12-07,SZL,18.47,18.61,17.19,18.61,11700,KBS,2026-10-09T04:39:00Z
2023-12-08,SZL,18.61,18.61,18.22,18.59,4400,KBS,2026-10-09T04:39:00Z
2023-12-11,SZL,18.47,18.59,18.47,18.47,3100,KBS,2026-10-09T04:39:00Z
2023-12-12,SZL,18.02,18.61,17.97,18.61,1500,KBS,2026-10-09T04:39:00Z
2023-12-13,SZL,18.61,18.61,18.37,18.57,4900,KBS,2026-10-09T04:39:00Z
2023-12-14,SZL,18.34,18.57,18.34,18.57,2200,KBS,2026-10-09T04:39:00Z
2023-12-15,SZL,18.57,18.57,18.27,18.47,2100,KBS,2026-10-09T04:39:00Z
2023-12-18,SZL,18.42,18.44,18.34,18.34,2200,KBS,2026-10-09T04:39:00Z
2023-12-19,SZL,18.37,18.47,18.27,18.47,4600,KBS,2026-10-09T04:39:00Z
2023-12-20,SZL,18.82,18.82,18.82,18.82,200,KBS,2026-10-09T04:39:00Z
2023-12-21,SZL,18.22,18.22,18.22,18.22,900,KBS,2026-10-09T04:39:00Z
2023-12-22,SZL,18.47,18.54,18.22,18.37,1100,KBS,2026-10-09T04:39:00Z
2023-12-25,SZL,18.42,18.47,18.32,18.32,2700,KBS,2026-10-09T04:39:00Z
2023-12-26,SZL,18.32,18.34,18.22,18.34,5200,KBS,2026-10-09T04:39:00Z
2023-12-27,SZL,18.34,18.37,18.34,18.37,5200,KBS,2026-10-09T04:39:00Z
2023-12-28,SZL,18.34,18.37,18.22,18.37,6900,KBS,2026-10-09T04:39:00Z
2023-12-29,SZL,17.99,18.39,17.99,18.17,3600,KBS,2026-10-09T04:39:00Z
2024-01-02,SZL,18.19,18.19,18.14,18.19,8200,KBS,2026-10-09T04:39:00Z
2024-01-03,SZL,18.32,18.61,18.32,18.57,9300,KBS,2026-10-09T04:39:00Z
2024-01-04,SZL,18.57,18.72,18.57,18.66,12100,KBS,2026-10-09T04:39:00Z
2024-01-05,SZL,18.66,18.82,18.66,18.82,11100,KBS,2026-10-09T04:39:00Z
2024-01-08,SZL,18.82,18.89,18.82,18.86,3700,KBS,2026-10-09T04:39:00Z
2024-01-09,SZL,18.92,19.07,18.92,19.07,12700,KBS,2026-10-09T04:39:00Z
2024-01-10,SZL,19.07,19.14,18.96,19.14,20500,KBS,2026-10-09T04:39:00Z
2024-01-11,SZL,19.07,19.11,18.96,19.11,7400,KBS,2026-10-09T04:39:00Z
2024-01-12,SZL,18.99,19.07,18.89,18.89,7000,KBS,2026-10-09T04:39:00Z
2024-01-15,SZL,19.09,19.09,18.89,18.92,6000,KBS,2026-10-09T04:39:00Z
2024-01-16,SZL,18.94,18.96,18.89,18.96,5300,KBS,2026-10-09T04:39:00Z
2024-01-17,SZL,19.21,19.71,19.21,19.46,32500,KBS,2026-10-09T04:39:00Z
2024-01-18,SZL,19.46,19.81,19.44,19.46,12600,KBS,2026-10-09T04:39:00Z
2024-01-19,SZL,19.49,19.51,19.46,19.46,19900,KBS,2026-10-09T04:39:00Z
2024-01-22,SZL,19.51,19.51,19.46,19.46,10600,KBS,2026-10-09T04:39:00Z
2024-01-23,SZL,19.51,19.51,19.46,19.46,6300,KBS,2026-10-09T04:39:00Z
2024-01-24,SZL,19.46,19.46,19.36,19.46,25800,KBS,2026-10-09T04:39:00Z
2024-01-25,SZL,19.46,19.46,19.41,19.46,5800,KBS,2026-10-09T04:39:00Z
2024-01-26,SZL,19.49,19.49,19.46,19.46,4000,KBS,2026-10-09T04:39:00Z
2024-01-29,SZL,19.31,19.46,19.24,19.46,12500,KBS,2026-10-09T04:39:00Z
2024-01-30,SZL,19.46,19.46,19.41,19.46,11000,KBS,2026-10-09T04:39:00Z
2024-01-31,SZL,19.46,19.66,19.36,19.46,6500,KBS,2026-10-09T04:39:00Z
2024-02-01,SZL,19.46,20.21,19.46,20.21,14600,KBS,2026-10-09T04:39:00Z
2024-02-02,SZL,20.36,20.36,19.66,19.81,7900,KBS,2026-10-09T04:39:00Z
2024-02-05,SZL,19.96,20.06,19.81,19.81,4100,KBS,2026-10-09T04:39:00Z
2024-02-06,SZL,19.81,19.81,19.81,19.81,200,KBS,2026-10-09T04:39:00Z
2024-02-07,SZL,19.96,20.31,19.96,20.31,3300,KBS,2026-10-09T04:39:00Z
2024-02-15,SZL,20.66,20.66,20.31,20.31,1400,KBS,2026-10-09T04:39:00Z
2024-02-16,SZL,20.31,20.31,20.31,20.31,100,KBS,2026-10-09T04:39:00Z
2024-02-19,SZL,20.31,20.76,20.31,20.71,2300,KBS,2026-10-09T04:39:00Z
2024-02-20,SZL,20.71,20.71,20.21,20.36,7500,KBS,2026-10-09T04:39:00Z
2024-02-21,SZL,20.36,20.41,20.11,20.41,4400,KBS,2026-10-09T04:39:00Z
2024-02-22,SZL,20.36,20.46,20.36,20.46,2500,KBS,2026-10-09T04:39:00Z
2024-02-23,SZL,20.46,20.51,20.41,20.41,4000,KBS,2026-10-09T04:39:00Z
2024-02-26,SZL,20.36,20.46,20.36,20.46,2600,KBS,2026-10-09T04:39:00Z
2024-02-27,SZL,20.46,20.71,20.46,20.71,2000,KBS,2026-10-09T04:39:00Z
2024-02-28,SZL,20.46,20.76,20.21,20.71,2200,KBS,2026-10-09T04:39:00Z
2024-02-29,SZL,20.71,20.76,20.56,20.56,5900,KBS,2026-10-09T04:39:00Z
2024-03-01,SZL,20.46,20.56,20.46,20.56,1900,KBS,2026-10-09T04:39:00Z
2024-03-04,SZL,20.56,20.56,19.96,20.24,11400,KBS,2026-10-09T04:39:00Z
2024-03-05,SZL,20.24,20.56,19.46,20.56,5400,KBS,2026-10-09T04:39:00Z
2024-03-06,SZL,20.51,20.71,20.51,20.71,1800,KBS,2026-10-09T04:39:00Z
2024-03-07,SZL,20.51,20.64,20.06,20.64,9500,KBS,2026-10-09T04:39:00Z
2024-03-08,SZL,20.61,20.61,19.96,20.46,8600,KBS,2026-10-09T04:39:00Z
2024-03-11,SZL,20.46,20.46,19.96,20.01,2300,KBS,2026-10-09T04:39:00Z
2024-03-12,SZL,19.66,20.71,19.66,20.46,6100,KBS,2026-10-09T04:39:00Z
2024-03-13,SZL,20.11,21.21,20.11,20.46,7400,KBS,2026-10-09T04:39:00Z
2024-03-14,SZL,20.46,20.66,20.46,20.61,12700,KBS,2026-10-09T04:39:00Z
2024-03-15,SZL,20.96,20.96,20.46,20.71,11400,KBS,2026-10-09T04:39:00Z
2024-03-18,SZL,20.46,20.71,20.26,20.71,27300,KBS,2026-10-09T04:39:00Z
2024-03-19,SZL,20.66,20.66,20.26,20.26,2300,KBS,2026-10-09T04:39:00Z
2024-03-20,SZL,20.26,20.41,20.26,20.41,20000,KBS,2026-10-09T04:39:00Z
2024-03-21,SZL,20.96,20.96,20.46,20.96,2200,KBS,2026-10-09T04:39:00Z
2024-03-22,SZL,20.71,20.71,20.46,20.46,4600,KBS,2026-10-09T04:39:00Z
2024-03-25,SZL,20.81,20.91,20.46,20.86,9400,KBS,2026-10-09T04:39:00Z
2024-03-26,SZL,20.91,20.91,20.46,20.51,8300,KBS,2026-10-09T04:39:00Z
2024-03-27,SZL,20.56,20.81,20.51,20.56,9400,KBS,2026-10-09T04:39:00Z
2024-03-28,SZL,21.06,21.06,20.56,20.56,6100,KBS,2026-10-09T04:39:00Z
2024-03-29,SZL,20.66,20.76,20.56,20.56,3800,KBS,2026-10-09T04:39:00Z
2024-04-01,SZL,20.56,20.96,20.56,20.96,8700,KBS,2026-10-09T04:39:00Z
2024-04-02,SZL,20.61,20.86,20.56,20.86,800,KBS,2026-10-09T04:39:00Z
2024-04-03,SZL,20.86,20.86,20.71,20.71,600,KBS,2026-10-09T04:39:00Z
2024-04-04,SZL,20.86,21.11,20.86,21.11,500,KBS,2026-10-09T04:39:00Z
2024-04-05,SZL,20.61,20.61,20.49,20.49,3500,KBS,2026-10-09T04:39:00Z
2024-04-08,SZL,20.51,20.64,20.46,20.64,19400,KBS,2026-10-09T04:39:00Z
2024-04-09,SZL,20.46,20.46,20.36,20.44,2100,KBS,2026-10-09T04:39:00Z
2024-04-10,SZL,20.41,20.46,20.41,20.46,58700,KBS,2026-10-09T04:39:00Z
2024-04-11,SZL,20.26,20.46,20.11,20.34,13600,KBS,2026-10-09T04:39:00Z
2024-04-12,SZL,20.36,20.36,20.16,20.34,19700,KBS,2026-10-09T04:39:00Z
2024-04-15,SZL,20.31,20.31,20.01,20.01,9700,KBS,2026-10-09T04:39:00Z
2024-04-16,SZL,20.04,20.04,19.51,19.51,21100,KBS,2026-10-09T04:39:00Z
2024-04-17,SZL,19.66,19.66,19.46,19.61,8400,KBS,2026-10-09T04:39:00Z
2024-04-19,SZL,19.61,19.61,19.02,19.36,17600,KBS,2026-10-09T04:39:00Z
2024-04-22,SZL,19.36,19.46,19.21,19.46,8400,KBS,2026-10-09T04:39:00Z
2024-04-23,SZL,19.21,19.46,19.21,19.21,16200,KBS,2026-10-09T04:39:00Z
2024-04-24,SZL,19.46,19.46,19.46,19.46,10000,KBS,2026-10-09T04:39:00Z
2024-04-25,SZL,19.31,19.46,19.21,19.46,22300,KBS,2026-10-09T04:39:00Z
2024-04-26,SZL,19.26,19.46,19.21,19.24,25400,KBS,2026-10-09T04:39:00Z
2024-05-02,SZL,19.46,19.76,19.26,19.76,5600,KBS,2026-10-09T04:39:00Z
2024-05-03,SZL,19.76,19.76,19.61,19.61,3400,KBS,2026-10-09T04:39:00Z
2024-05-06,SZL,19.64,19.96,19.64,19.96,4100,KBS,2026-10-09T04:39:00Z
2024-05-07,SZL,19.99,20.11,19.96,19.96,11300,KBS,2026-10-09T04:39:00Z
2024-05-08,SZL,19.76,19.96,19.76,19.96,7800,KBS,2026-10-09T04:39:00Z
2024-05-09,SZL,19.96,20.06,19.96,20.06,4800,KBS,2026-10-09T04:39:00Z
2024-05-10,SZL,19.86,20.14,19.71,20.14,6800,KBS,2026-10-09T04:39:00Z
2024-05-13,SZL,20.21,20.46,20.11,20.46,2500,KBS,2026-10-09T04:39:00Z
2024-05-14,SZL,20.46,20.46,20.46,20.46,4300,KBS,2026-10-09T04:39:00Z
2024-05-15,SZL,20.46,20.46,20.46,20.46,2600,KBS,2026-10-09T04:39:00Z
2024-05-16,SZL,20.46,20.46,20.46,20.46,1700,KBS,2026-10-09T04:39:00Z
2024-05-17,SZL,20.46,20.61,20.46,20.61,3500,KBS,2026-10-09T04:39:00Z
2024-05-20,SZL,20.36,20.96,20.31,20.96,4700,KBS,2026-10-09T04:39:00Z
2024-05-21,SZL,20.46,20.76,20.26,20.36,8400,KBS,2026-10-09T04:39:00Z
2024-05-22,SZL,20.41,20.41,20.36,20.36,8000,KBS,2026-10-09T04:39:00Z
2024-05-23,SZL,20.41,20.41,20.31,20.41,9900,KBS,2026-10-09T04:39:00Z
2024-05-24,SZL,20.71,20.71,20.36,20.46,11200,KBS,2026-10-09T04:39:00Z
2024-05-27,SZL,20.41,20.71,20.41,20.46,4100,KBS,2026-10-09T04:39:00Z
2024-05-28,SZL,20.46,20.51,20.46,20.51,12300,KBS,2026-10-09T04:39:00Z
2024-05-29,SZL,20.51,20.71,20.51,20.71,6900,KBS,2026-10-09T04:39:00Z
2024-05-30,SZL,20.46,20.71,20.46,20.46,4600,KBS,2026-10-09T04:39:00Z
2024-05-31,SZL,20.46,20.66,20.46,20.46,7200,KBS,2026-10-09T04:39:00Z
2024-06-03,SZL,20.46,20.49,20.46,20.49,300,KBS,2026-10-09T04:39:00Z
2024-06-04,SZL,20.46,20.86,20.21,20.46,9200,KBS,2026-10-09T04:39:00Z
2024-06-05,SZL,20.46,20.81,20.46,20.81,3100,KBS,2026-10-09T04:39:00Z
2024-06-06,SZL,20.66,20.76,20.66,20.71,7200,KBS,2026-10-09T04:39:00Z
2024-06-07,SZL,20.66,20.76,20.56,20.56,7600,KBS,2026-10-09T04:39:00Z
2024-06-10,SZL,20.56,20.56,20.56,20.56,4600,KBS,2026-10-09T04:39:00Z
2024-06-11,SZL,20.54,20.56,20.46,20.56,9900,KBS,2026-10-09T04:39:00Z
2024-06-12,SZL,20.56,20.86,20.56,20.86,59500,KBS,2026-10-09T04:39:00Z
2024-06-13,SZL,20.94,21.46,20.94,21.11,4000,KBS,2026-10-09T04:39:00Z
2024-06-14,SZL,20.96,20.96,20.74,20.74,5900,KBS,2026-10-09T04:39:00Z
2024-06-17,SZL,20.74,20.76,20.74,20.74,5600,KBS,2026-10-09T04:39:00Z
2024-06-18,SZL,20.74,21.26,20.74,21.06,3300,KBS,2026-10-09T04:39:00Z
2024-06-19,SZL,21.06,21.21,20.86,20.86,7600,KBS,2026-10-09T04:39:00Z
2024-06-20,SZL,20.81,21.16,20.76,21.06,6200,KBS,2026-10-09T04:39:00Z
2024-06-21,SZL,20.96,21.16,20.96,21.06,6600,KBS,2026-10-09T04:39:00Z
2024-06-24,SZL,21.21,21.58,21.06,21.11,17300,KBS,2026-10-09T04:39:00Z
2024-06-25,SZL,21.16,21.21,21.16,21.19,6700,KBS,2026-10-09T04:39:00Z
2024-06-26,SZL,21.19,21.41,21.11,21.41,12100,KBS,2026-10-09T04:39:00Z
2024-06-27,SZL,21.41,21.56,21.16,21.16,4800,KBS,2026-10-09T04:39:00Z
2024-06-28,SZL,21.16,21.34,21.01,21.34,13100,KBS,2026-10-09T04:39:00Z
2024-07-01,SZL,21.34,21.46,21.31,21.46,5200,KBS,2026-10-09T04:39:00Z
2024-07-02,SZL,21.41,21.56,21.36,21.46,11900,KBS,2026-10-09T04:39:00Z
2024-07-03,SZL,21.56,21.96,21.56,21.81,5500,KBS,2026-10-09T04:39:00Z
2024-07-04,SZL,21.86,21.86,21.56,21.81,4100,KBS,2026-10-09T04:39:00Z
2024-07-05,SZL,21.81,21.91,21.71,21.83,8900,KBS,2026-10-09T04:39:00Z
2024-07-08,SZL,21.86,21.86,21.68,21.86,12000,KBS,2026-10-09T04:39:00Z
2024-07-09,SZL,21.81,21.86,21.71,21.86,5100,KBS,2026-10-09T04:39:00Z
2024-07-10,SZL,22.21,22.26,21.16,21.96,17100,KBS,2026-10-09T04:39:00Z
2024-07-11,SZL,21.96,21.96,21.96,21.96,5500,KBS,2026-10-09T04:39:00Z
2024-07-12,SZL,21.96,21.96,21.81,21.96,6300,KBS,2026-10-09T04:39:00Z
2024-07-15,SZL,21.96,21.96,21.81,21.86,1200,KBS,2026-10-09T04:39:00Z
2024-07-16,SZL,21.86,21.96,21.86,21.96,3400,KBS,2026-10-09T04:39:00Z
2024-07-17,SZL,22.01,22.61,22.01,22.36,7300,KBS,2026-10-09T04:39:00Z
2024-07-18,SZL,22.36,22.46,22.26,22.41,11300,KBS,2026-10-09T04:39:00Z
2024-07-19,SZL,22.26,22.41,22.11,22.41,3300,KBS,2026-10-09T04:39:00Z
2024-07-22,SZL,22.41,22.41,21.96,22.21,11900,KBS,2026-10-09T04:39:00Z
2024-07-23,SZL,21.46,21.64,21.46,21.46,3100,KBS,2026-10-09T04:39:00Z
2024-07-24,SZL,21.46,21.83,21.26,21.83,2500,KBS,2026-10-09T04:39:00Z
2024-07-25,SZL,21.71,21.96,21.01,21.96,4300,KBS,2026-10-09T04:39:00Z
2024-07-26,SZL,21.96,22.11,21.96,22.11,2600,KBS,2026-10-09T04:39:00Z
2024-07-29,SZL,22.16,22.16,21.46,21.96,10900,KBS,2026-10-09T04:39:00Z
2024-07-30,SZL,21.71,21.71,21.46,21.46,3800,KBS,2026-10-09T04:39:00Z
2024-07-31,SZL,21.96,21.96,21.91,21.91,1600,KBS,2026-10-09T04:39:00Z
2024-08-01,SZL,21.88,21.88,21.46,21.86,9200,KBS,2026-10-09T04:39:00Z
2024-08-02,SZL,21.31,21.46,20.96,21.36,18700,KBS,2026-10-09T04:39:00Z
2024-08-05,SZL,21.31,21.31,20.96,21.31,6700,KBS,2026-10-09T04:39:00Z
2024-08-06,SZL,21.31,21.31,20.96,21.31,4000,KBS,2026-10-09T04:39:00Z
2024-08-07,SZL,21.31,21.31,21.31,21.31,1100,KBS,2026-10-09T04:39:00Z
2024-08-08,SZL,21.31,21.41,21.26,21.31,9500,KBS,2026-10-09T04:39:00Z
2024-08-09,SZL,21.01,21.11,21.01,21.11,800,KBS,2026-10-09T04:39:00Z
2024-08-12,SZL,21.26,21.41,21.21,21.41,2900,KBS,2026-10-09T04:39:00Z
2024-08-13,SZL,21.26,21.46,21.21,21.46,4100,KBS,2026-10-09T04:39:00Z
2024-08-14,SZL,21.46,21.46,21.44,21.44,1500,KBS,2026-10-09T04:39:00Z
2024-08-15,SZL,21.44,21.44,21.44,21.44,400,KBS,2026-10-09T04:39:00Z
2024-08-16,SZL,21.44,21.61,21.28,21.61,13400,KBS,2026-10-09T04:39:00Z
2024-08-19,SZL,21.56,21.61,21.56,21.56,4300,KBS,2026-10-09T04:39:00Z
2024-08-20,SZL,21.46,21.56,21.46,21.56,5700,KBS,2026-10-09T04:39:00Z
2024-08-21,SZL,21.54,21.54,21.46,21.46,1600,KBS,2026-10-09T04:39:00Z
2024-08-22,SZL,21.36,21.36,21.06,21.36,14300,KBS,2026-10-09T04:39:00Z
2024-08-23,SZL,21.36,21.36,21.26,21.36,4800,KBS,2026-10-09T04:39:00Z
2024-08-26,SZL,21.83,21.83,21.21,21.44,5100,KBS,2026-10-09T04:39:00Z
2024-08-27,SZL,21.26,21.26,21.01,21.11,8100,KBS,2026-10-09T04:39:00Z
2024-08-28,SZL,21.11,21.36,20.96,21.36,4900,KBS,2026-10-09T04:39:00Z
2024-08-29,SZL,21.11,21.34,20.96,21.31,5900,KBS,2026-10-09T04:39:00Z
2024-08-30,SZL,21.11,21.26,20.96,21.26,3600,KBS,2026-10-09T04:39:00Z
2024-09-04,SZL,21.41,21.46,21.01,21.26,5300,KBS,2026-10-09T04:39:00Z
2024-09-05,SZL,21.36,21.86,21.26,21.41,26300,KBS,2026-10-09T04:39:00Z
2024-09-06,SZL,21.41,21.41,21.21,21.41,9700,KBS,2026-10-09T04:39:00Z
2024-09-10,SZL,21.11,21.38,20.96,21.21,13600,KBS,2026-10-09T04:39:00Z
2024-09-11,SZL,20.96,21.34,20.96,21.28,14300,KBS,2026-10-09T04:39:00Z
2024-09-12,SZL,21.14,21.34,21.09,21.28,2400,KBS,2026-10-09T04:39:00Z
2024-09-13,SZL,21.28,21.28,21.21,21.28,1000,KBS,2026-10-09T04:39:00Z
2024-09-16,SZL,21.31,21.36,21.16,21.31,11500,KBS,2026-10-09T04:39:00Z
2024-09-17,SZL,21.36,21.36,20.96,21.14,6500,KBS,2026-10-09T04:39:00Z
2024-09-18,SZL,21.14,21.21,21.14,21.21,6200,KBS,2026-10-09T04:39:00Z
2024-09-19,SZL,21.21,21.26,21.11,21.11,2600,KBS,2026-10-09T04:39:00Z
2024-09-20,SZL,21.22,21.53,21.11,21.37,4200,KBS,2026-10-09T04:39:00Z
2024-09-23,SZL,21.16,21.37,21.16,21.37,7400,KBS,2026-10-09T04:39:00Z
2024-09-24,SZL,21.22,21.22,21.11,21.11,4200,KBS,2026-10-09T04:39:00Z
2024-09-25,SZL,21.14,21.27,21.14,21.22,1100,KBS,2026-10-09T04:39:00Z
2024-09-26,SZL,21.22,21.22,21.11,21.16,7600,KBS,2026-10-09T04:39:00Z
2024-09-27,SZL,21.16,21.16,21.14,21.14,1300,KBS,2026-10-09T04:39:00Z
2024-09-30,SZL,21.01,21.69,21.01,21.53,4300,KBS,2026-10-09T04:39:00Z
2024-10-01,SZL,21.48,21.53,21.45,21.48,1300,KBS,2026-10-09T04:39:00Z
2024-10-02,SZL,21.45,21.64,21.45,21.48,11600,KBS,2026-10-09T04:39:00Z
2024-10-03,SZL,21.53,21.64,21.48,21.48,4200,KBS,2026-10-09T04:39:00Z
2024-10-04,SZL,21.5,21.66,21.48,21.5,3400,KBS,2026-10-09T04:39:00Z
2024-10-07,SZL,21.61,21.61,21.53,21.58,4800,KBS,2026-10-09T04:39:00Z
2024-10-08,SZL,21.58,22.24,21.58,22.24,5000,KBS,2026-10-09T04:39:00Z
2024-10-09,SZL,22.21,22.21,22.21,22.21,1100,KBS,2026-10-09T04:39:00Z
2024-10-10,SZL,22.21,22.26,22.16,22.16,4100,KBS,2026-10-09T04:39:00Z
2024-10-11,SZL,22.29,22.52,22.29,22.47,1700,KBS,2026-10-09T04:39:00Z
2024-10-14,SZL,22.89,22.89,22.16,22.68,6700,KBS,2026-10-09T04:39:00Z
2024-10-15,SZL,22.26,22.32,22.26,22.32,6000,KBS,2026-10-09T04:39:00Z
2024-10-16,SZL,22.32,22.42,22.32,22.42,200,KBS,2026-10-09T04:39:00Z
2024-10-17,SZL,22.42,22.42,22.42,22.42,1800,KBS,2026-10-09T04:39:00Z
2024-10-18,SZL,22.42,22.42,22.26,22.26,9300,KBS,2026-10-09T04:39:00Z
2024-10-21,SZL,22.26,22.32,22.16,22.16,2900,KBS,2026-10-09T04:39:00Z
2024-10-22,SZL,22.13,22.13,22.0,22.0,1200,KBS,2026-10-09T04:39:00Z
2024-10-23,SZL,22.0,22.0,22.0,22.0,300,KBS,2026-10-09T04:39:00Z
2024-10-24,SZL,22.0,22.26,21.79,21.79,1500,KBS,2026-10-09T04:39:00Z
2024-10-25,SZL,21.84,22.0,21.84,22.0,500,KBS,2026-10-09T04:39:00Z
2024-10-28,SZL,21.79,21.98,21.74,21.98,8200,KBS,2026-10-09T04:39:00Z
2024-10-29,SZL,21.74,21.74,21.74,21.74,200,KBS,2026-10-09T04:39:00Z
2024-10-30,SZL,21.74,21.74,21.69,21.69,700,KBS,2026-10-09T04:39:00Z
2024-10-31,SZL,22.16,22.16,21.69,21.69,3300,KBS,2026-10-09T04:39:00Z
2024-11-01,SZL,21.69,21.69,21.56,21.56,500,KBS,2026-10-09T04:39:00Z
2024-11-04,SZL,21.56,22.0,21.53,21.58,2800,KBS,2026-10-09T04:39:00Z
2024-11-05,SZL,21.32,21.58,21.32,21.58,6400,KBS,2026-10-09T04:39:00Z
2024-11-06,SZL,21.95,22.0,21.95,22.0,5600,KBS,2026-10-09T04:39:00Z
2024-11-07,SZL,22.0,22.0,22.0,22.0,400,KBS,2026-10-09T04:39:00Z
2024-11-08,SZL,22.0,22.18,22.0,22.18,3600,KBS,2026-10-09T04:39:00Z
2024-11-11,SZL,21.74,22.0,21.74,22.0,700,KBS,2026-10-09T04:39:00Z
2024-11-12,SZL,22.0,22.18,21.79,22.18,6200,KBS,2026-10-09T04:39:00Z
2024-11-13,SZL,22.18,22.18,22.0,22.0,4200,KBS,2026-10-09T04:39:00Z
2024-11-14,SZL,21.84,22.0,21.82,22.0,6600,KBS,2026-10-09T04:39:00Z
2024-11-15,SZL,22.0,22.0,21.84,22.0,10100,KBS,2026-10-09T04:39:00Z
2024-11-18,SZL,21.98,21.98,21.98,21.98,2000,KBS,2026-10-09T04:39:00Z
2024-11-19,SZL,21.66,22.0,21.58,22.0,3200,KBS,2026-10-09T04:39:00Z
2024-11-20,SZL,21.71,22.0,21.48,22.0,2400,KBS,2026-10-09T04:39:00Z
2024-11-21,SZL,21.98,21.98,21.98,21.98,300,KBS,2026-10-09T04:39:00Z
2024-11-22,SZL,21.58,21.95,21.58,21.84,900,KBS,2026-10-09T04:39:00Z
2024-11-25,SZL,21.64,21.64,21.48,21.64,2800,KBS,2026-10-09T04:39:00Z
2024-11-26,SZL,21.53,21.79,21.22,21.64,9900,KBS,2026-10-09T04:39:00Z
2024-11-27,SZL,21.22,21.69,20.95,21.69,4400,KBS,2026-10-09T04:39:00Z
2024-11-28,SZL,21.69,21.69,21.48,21.69,3200,KBS,2026-10-09T04:39:00Z
2024-11-29,SZL,21.74,21.74,21.22,21.58,2600,KBS,2026-10-09T04:39:00Z
2024-12-02,SZL,21.53,21.53,21.53,21.53,100,KBS,2026-10-09T04:39:00Z
2024-12-03,SZL,21.53,21.53,21.27,21.53,5200,KBS,2026-10-09T04:39:00Z
2024-12-04,SZL,21.53,21.53,21.27,21.29,6400,KBS,2026-10-09T04:39:00Z
2024-12-05,SZL,21.29,21.53,21.29,21.53,1100,KBS,2026-10-09T04:39:00Z
2024-12-06,SZL,21.53,22.11,21.53,21.74,3500,KBS,2026-10-09T04:39:00Z
2024-12-09,SZL,21.74,21.74,21.74,21.74,2000,KBS,2026-10-09T04:39:00Z
2024-12-10,SZL,21.74,21.74,21.48,21.69,5400,KBS,2026-10-09T04:39:00Z
2024-12-11,SZL,21.48,21.69,21.4,21.69,2100,KBS,2026-10-09T04:39:00Z
2024-12-12,SZL,21.69,22.11,21.64,21.64,5600,KBS,2026-10-09T04:39:00Z
2024-12-13,SZL,21.69,21.9,21.69,21.74,1500,KBS,2026-10-09T04:39:00Z
2024-12-16,SZL,21.84,21.84,21.74,21.77,3600,KBS,2026-10-09T04:39:00Z
2024-12-17,SZL,21.79,22.0,21.79,21.82,6200,KBS,2026-10-09T04:39:00Z
2024-12-18,SZL,21.82,22.0,21.82,22.0,4100,KBS,2026-10-09T04:39:00Z
2024-12-19,SZL,21.84,21.87,21.84,21.87,3000,KBS,2026-10-09T04:39:00Z
2024-12-20,SZL,21.9,23.0,21.9,22.97,34100,KBS,2026-10-09T04:39:00Z
2024-12-23,SZL,22.79,23.57,22.79,22.79,900,KBS,2026-10-09T04:39:00Z
2024-12-24,SZL,22.79,22.94,22.45,22.5,22400,KBS,2026-10-09T04:39:00Z
2024-12-25,SZL,22.76,22.79,22.37,22.68,3300,KBS,2026-10-09T04:39:00Z
2024-12-26,SZL,22.16,22.52,21.95,22.52,14900,KBS,2026-10-09T04:39:00Z
2024-12-27,SZL,22.68,22.68,22.32,22.52,2700,KBS,2026-10-09T04:39:00Z
2024-12-30,SZL,22.52,22.52,22.08,22.08,800,KBS,2026-10-09T04:39:00Z
2024-12-31,SZL,22.13,22.26,22.11,22.16,2800,KBS,2026-10-09T04:39:00Z
2025-01-02,SZL,22.16,22.16,22.13,22.13,3600,KBS,2026-10-09T04:39:00Z
2025-01-03,SZL,22.16,22.18,22.16,22.18,600,KBS,2026-10-09T04:39:00Z
2025-01-06,SZL,22.11,22.26,22.0,22.26,3800,KBS,2026-10-09T04:39:00Z
2025-01-07,SZL,22.11,22.21,21.95,22.21,7200,KBS,2026-10-09T04:39:00Z
2025-01-08,SZL,22.21,22.21,21.9,21.95,6800,KBS,2026-10-09T04:39:00Z
2025-01-09,SZL,21.95,21.95,21.95,21.95,2500,KBS,2026-10-09T04:39:00Z
2025-01-10,SZL,21.95,21.95,21.74,21.74,3200,KBS,2026-10-09T04:39:00Z
2025-01-13,SZL,21.95,21.95,21.69,21.95,7900,KBS,2026-10-09T04:39:00Z
2025-01-14,SZL,21.95,21.95,21.74,21.74,2500,KBS,2026-10-09T04:39:00Z
2025-01-15,SZL,21.84,21.84,21.74,21.79,1200,KBS,2026-10-09T04:39:00Z
2025-01-16,SZL,21.79,21.95,21.48,21.48,7100,KBS,2026-10-09T04:39:00Z
2025-01-17,SZL,21.48,21.9,21.48,21.9,4100,KBS,2026-10-09T04:39:00Z
2025-01-20,SZL,21.56,21.98,21.56,21.64,9100,KBS,2026-10-09T04:39:00Z
2025-01-21,SZL,21.42,21.64,21.37,21.61,4900,KBS,2026-10-09T04:39:00Z
2025-01-22,SZL,21.48,21.48,21.37,21.37,5000,KBS,2026-10-09T04:39:00Z
2025-01-23,SZL,21.64,21.74,21.42,21.74,3200,KBS,2026-10-09T04:39:00Z
2025-01-24,SZL,21.84,21.84,21.58,21.58,3900,KBS,2026-10-09T04:39:00Z
2025-02-03,SZL,21.84,21.84,21.48,21.48,4500,KBS,2026-10-09T04:39:00Z
2025-02-04,SZL,21.48,21.48,21.37,21.48,1700,KBS,2026-10-09T04:39:00Z
2025-02-05,SZL,21.64,21.79,21.56,21.79,7200,KBS,2026-10-09T04:39:00Z
2025-02-06,SZL,21.9,22.0,21.66,21.98,2500,KBS,2026-10-09T04:39:00Z
2025-02-07,SZL,22.26,22.42,22.0,22.34,3700,KBS,2026-10-09T04:39:00Z
2025-02-10,SZL,22.0,22.32,22.0,22.32,3200,KBS,2026-10-09T04:39:00Z
2025-02-11,SZL,22.0,22.52,22.0,22.32,14400,KBS,2026-10-09T04:39:00Z
2025-02-12,SZL,22.52,22.52,22.32,22.47,2200,KBS,2026-10-09T04:39:00Z
2025-02-13,SZL,22.42,22.42,22.11,22.26,4700,KBS,2026-10-09T04:39:00Z
2025-02-14,SZL,22.52,23.15,22.52,23.15,39400,KBS,2026-10-09T04:39:00Z
2025-02-17,SZL,23.21,23.36,23.05,23.18,14500,KBS,2026-10-09T04:39:00Z
2025-02-18,SZL,23.05,23.31,22.84,23.31,7900,KBS,2026-10-09T04:39:00Z
2025-02-19,SZL,23.84,23.84,23.47,23.62,14500,KBS,2026-10-09T04:39:00Z
2025-02-20,SZL,24.1,24.62,23.57,24.2,69500,KBS,2026-10-09T04:39:00Z
2025-02-21,SZL,24.2,24.23,24.1,24.23,10200,KBS,2026-10-09T04:39:00Z
2025-02-24,SZL,25.14,25.14,24.1,24.25,16400,KBS,2026-10-09T04:39:00Z
2025-02-25,SZL,24.15,24.25,24.15,24.25,23700,KBS,2026-10-09T04:39:00Z
2025-02-26,SZL,24.25,25.93,24.12,25.14,45400,KBS,2026-10-09T04:39:00Z
2025-02-27,SZL,24.88,25.14,24.72,25.14,12400,KBS,2026-10-09T04:39:00Z
2025-02-28,SZL,24.99,25.51,24.78,25.09,28500,KBS,2026-10-09T04:39:00Z
2025-03-03,SZL,25.14,25.56,25.09,25.33,18100,KBS,2026-10-09T04:39:00Z
2025-03-04,SZL,25.41,25.41,25.35,25.41,14000,KBS,2026-10-09T04:39:00Z
2025-03-05,SZL,25.41,25.62,25.3,25.56,13900,KBS,2026-10-09T04:39:00Z
2025-03-06,SZL,25.46,25.67,25.41,25.67,4700,KBS,2026-10-09T04:39:00Z
2025-03-07,SZL,25.75,25.93,25.46,25.82,9400,KBS,2026-10-09T04:39:00Z
2025-03-10,SZL,25.82,26.14,25.51,25.88,7700,KBS,2026-10-09T04:39:00Z
2025-03-11,SZL,25.69,25.85,25.14,25.85,8900,KBS,2026-10-09T04:39:00Z
2025-03-12,SZL,25.51,25.67,24.67,24.99,12500,KBS,2026-10-09T04:39:00Z
2025-03-13,SZL,24.62,24.94,24.62,24.83,21700,KBS,2026-10-09T04:39:00Z
2025-03-14,SZL,24.67,24.86,24.25,24.86,25100,KBS,2026-10-09T04:39:00Z
2025-03-17,SZL,24.31,24.83,23.57,24.1,25300,KBS,2026-10-09T04:39:00Z
2025-03-18,SZL,24.78,24.78,23.84,24.1,7400,KBS,2026-10-09T04:39:00Z
2025-03-19,SZL,23.6,24.41,23.57,24.41,14600,KBS,2026-10-09T04:39:00Z
2025-03-20,SZL,24.46,24.46,23.89,24.1,5800,KBS,2026-10-09T04:39:00Z
2025-03-21,SZL,24.1,24.1,24.1,24.1,5800,KBS,2026-10-09T04:39:00Z
2025-03-24,SZL,24.1,24.1,23.89,23.89,600,KBS,2026-10-09T04:39:00Z
2025-03-25,SZL,24.1,24.57,24.1,24.36,12700,KBS,2026-10-09T04:39:00Z
2025-03-26,SZL,24.62,24.62,24.2,24.25,8100,KBS,2026-10-09T04:39:00Z
2025-03-27,SZL,24.33,24.33,24.31,24.33,3400,KBS,2026-10-09T04:39:00Z
2025-03-28,SZL,24.33,25.51,24.33,24.33,20600,KBS,2026-10-09T04:39:00Z
2025-03-31,SZL,24.44,24.59,24.1,24.49,13300,KBS,2026-10-09T04:39:00Z
2025-04-01,SZL,24.1,24.33,23.84,24.1,19700,KBS,2026-10-09T04:39:00Z
2025-04-02,SZL,24.1,24.1,23.86,24.1,12200,KBS,2026-10-09T04:39:00Z
2025-04-03,SZL,23.05,23.05,22.42,22.42,44600,KBS,2026-10-09T04:39:00Z
2025-04-04,SZL,21.48,21.53,20.88,21.48,31800,KBS,2026-10-09T04:39:00Z
2025-04-08,SZL,19.98,20.06,19.98,19.98,77200,KBS,2026-10-09T04:39:00Z
2025-04-09,SZL,18.68,20.48,18.6,19.91,34900,KBS,2026-10-09T04:39:00Z
2025-04-10,SZL,21.29,21.29,21.08,21.29,48900,KBS,2026-10-09T04:39:00Z
2025-04-11,SZL,21.98,21.98,20.74,20.95,28500,KBS,2026-10-09T04:39:00Z
2025-04-14,SZL,20.98,21.48,20.95,21.03,5500,KBS,2026-10-09T04:39:00Z
2025-04-15,SZL,20.98,21.01,20.38,20.43,15500,KBS,2026-10-09T04:39:00Z
2025-04-16,SZL,20.43,20.85,20.4,20.85,7000,KBS,2026-10-09T04:39:00Z
2025-04-17,SZL,20.85,20.85,20.8,20.8,7700,KBS,2026-10-09T04:39:00Z
2025-04-18,SZL,20.8,21.06,20.69,20.9,14700,KBS,2026-10-09T04:39:00Z
2025-04-21,SZL,20.64,20.72,20.64,20.69,28800,KBS,2026-10-09T04:39:00Z
2025-04-22,SZL,20.27,20.43,19.7,20.3,16800,KBS,2026-10-09T04:39:00Z
2025-04-23,SZL,20.3,20.4,19.98,20.32,6500,KBS,2026-10-09T04:39:00Z
2025-04-24,SZL,20.8,20.8,20.32,20.32,9500,KBS,2026-10-09T04:39:00Z
2025-04-25,SZL,20.35,20.69,20.22,20.32,15300,KBS,2026-10-09T04:39:00Z
2025-04-28,SZL,20.32,20.32,20.17,20.17,8200,KBS,2026-10-09T04:39:00Z
2025-04-29,SZL,20.17,20.4,20.06,20.06,20500,KBS,2026-10-09T04:39:00Z
2025-05-05,SZL,20.19,20.19,20.09,20.09,29300,KBS,2026-10-09T04:39:00Z
2025-05-06,SZL,20.19,20.22,20.19,20.19,3400,KBS,2026-10-09T04:39:00Z
2025-05-07,SZL,20.19,20.25,20.19,20.25,11900,KBS,2026-10-09T04:39:00Z
2025-05-08,SZL,20.25,20.64,20.25,20.64,24200,KBS,2026-10-09T04:39:00Z
2025-05-09,SZL,20.69,20.69,20.43,20.48,21700,KBS,2026-10-09T04:39:00Z
2025-05-12,SZL,20.48,20.95,20.48,20.95,4100,KBS,2026-10-09T04:39:00Z
2025-05-13,SZL,21.19,21.19,20.82,20.85,5200,KBS,2026-10-09T04:39:00Z
2025-05-14,SZL,20.85,20.95,20.85,20.95,3700,KBS,2026-10-09T04:39:00Z
2025-05-15,SZL,20.95,21.08,20.95,21.01,2100,KBS,2026-10-09T04:39:00Z
2025-05-16,SZL,21.01,21.19,21.01,21.19,1700,KBS,2026-10-09T04:39:00Z
2025-05-19,SZL,20.95,21.14,20.69,21.14,9600,KBS,2026-10-09T04:39:00Z
2025-05-20,SZL,21.14,21.16,20.95,21.16,3100,KBS,2026-10-09T04:39:00Z
2025-05-21,SZL,21.16,21.16,20.95,20.95,4500,KBS,2026-10-09T04:39:00Z
2025-05-22,SZL,21.06,21.06,21.06,21.06,100,KBS,2026-10-09T04:39:00Z
2025-05-23,SZL,20.95,20.98,20.95,20.95,2100,KBS,2026-10-09T04:39:00Z
2025-05-26,SZL,20.95,21.58,20.95,21.58,10000,KBS,2026-10-09T04:39:00Z
2025-05-27,SZL,21.42,21.71,21.42,21.56,11400,KBS,2026-10-09T04:39:00Z
2025-05-28,SZL,21.53,21.53,21.32,21.32,800,KBS,2026-10-09T04:39:00Z
2025-05-29,SZL,21.37,21.48,21.32,21.37,5600,KBS,2026-10-09T04:39:00Z
2025-05-30,SZL,21.37,21.4,21.27,21.27,2800,KBS,2026-10-09T04:39:00Z
2025-06-02,SZL,21.27,21.27,21.27,21.27,2800,KBS,2026-10-09T04:39:00Z
2025-06-03,SZL,21.29,21.42,21.27,21.42,2000,KBS,2026-10-09T04:39:00Z
2025-06-04,SZL,21.42,21.42,21.29,21.37,5900,KBS,2026-10-09T04:39:00Z
2025-06-05,SZL,22.0,22.0,21.37,21.48,14400,KBS,2026-10-09T04:39:00Z
2025-06-06,SZL,21.48,21.53,21.37,21.42,12300,KBS,2026-10-09T04:39:00Z
2025-06-09,SZL,21.4,21.4,21.22,21.22,3100,KBS,2026-10-09T04:39:00Z
2025-06-10,SZL,21.22,21.27,21.22,21.22,9200,KBS,2026-10-09T04:39:00Z
2025-06-11,SZL,21.69,21.69,21.69,21.69,3800,KBS,2026-10-09T04:39:00Z
2025-06-13,SZL,21.01,21.48,21.01,21.48,400,KBS,2026-10-09T04:39:00Z
2025-06-17,SZL,21.32,21.32,21.22,21.22,26800,KBS,2026-10-09T04:39:00Z
2025-06-18,SZL,21.22,21.45,21.22,21.45,48000,KBS,2026-10-09T04:39:00Z
2025-06-19,SZL,21.06,21.45,21.06,21.45,300,KBS,2026-10-09T04:39:00Z
2025-06-20,SZL,21.22,21.22,21.22,21.22,4600,KBS,2026-10-09T04:39:00Z
2025-06-23,SZL,21.22,21.48,21.16,21.48,6700,KBS,2026-10-09T04:39:00Z
2025-06-24,SZL,21.48,21.48,21.37,21.37,15100,KBS,2026-10-09T04:39:00Z
2025-06-25,SZL,21.22,21.48,21.22,21.48,6000,KBS,2026-10-09T04:39:00Z
2025-06-26,SZL,21.48,21.69,21.48,21.69,17700,KBS,2026-10-09T04:39:00Z
2025-06-27,SZL,21.69,21.69,21.66,21.69,11000,KBS,2026-10-09T04:39:00Z
2025-06-30,SZL,21.69,21.69,21.69,21.69,10800,KBS,2026-10-09T04:39:00Z
2025-07-01,SZL,21.9,21.9,21.53,21.53,2900,KBS,2026-10-09T04:39:00Z
2025-07-02,SZL,21.58,21.74,21.58,21.74,3200,KBS,2026-10-09T04:39:00Z
2025-07-03,SZL,21.95,21.95,21.71,21.71,7700,KBS,2026-10-09T04:39:00Z
2025-07-04,SZL,21.48,21.71,21.48,21.71,6200,KBS,2026-10-09T04:39:00Z
2025-07-07,SZL,21.71,21.87,21.71,21.82,10200,KBS,2026-10-09T04:39:00Z
2025-07-08,SZL,23.34,23.34,22.52,22.52,10900,KBS,2026-10-09T04:39:00Z
2025-07-09,SZL,22.47,22.55,22.47,22.52,8100,KBS,2026-10-09T04:39:00Z
2025-07-10,SZL,22.52,22.74,22.52,22.71,15500,KBS,2026-10-09T04:39:00Z
2025-07-11,SZL,22.58,22.74,22.52,22.74,19600,KBS,2026-10-09T04:39:00Z
2025-07-14,SZL,22.79,22.84,22.68,22.79,16300,KBS,2026-10-09T04:39:00Z
2025-07-15,SZL,22.79,23.31,22.79,22.97,8100,KBS,2026-10-09T04:39:00Z
2025-07-16,SZL,22.97,23.26,22.97,23.05,5900,KBS,2026-10-09T04:39:00Z
2025-07-17,SZL,23.05,23.05,22.79,23.05,21200,KBS,2026-10-09T04:39:00Z
2025-07-18,SZL,23.05,23.15,23.02,23.1,7500,KBS,2026-10-09T04:39:00Z
2025-07-21,SZL,23.1,23.52,23.1,23.36,14100,KBS,2026-10-09T04:39:00Z
2025-07-22,SZL,23.15,23.15,23.08,23.08,3700,KBS,2026-10-09T04:39:00Z
2025-07-23,SZL,23.13,23.57,23.13,23.57,10000,KBS,2026-10-09T04:39:00Z
2025-07-24,SZL,23.57,23.57,23.36,23.44,2400,KBS,2026-10-09T04:39:00Z
2025-07-25,SZL,23.44,23.44,23.05,23.08,2100,KBS,2026-10-09T04:39:00Z
2025-07-28,SZL,23.08,23.49,23.08,23.49,1000,KBS,2026-10-09T04:39:00Z
2025-07-29,SZL,23.49,23.49,22.84,22.84,7100,KBS,2026-10-09T04:39:00Z
2025-07-30,SZL,22.87,23.05,22.87,23.05,1500,KBS,2026-10-09T04:39:00Z
2025-07-31,SZL,23.05,23.1,23.05,23.1,7900,KBS,2026-10-09T04:39:00Z
2025-08-01,SZL,23.15,23.31,23.15,23.31,9400,KBS,2026-10-09T04:39:00Z
2025-08-04,SZL,23.42,23.52,23.42,23.52,500,KBS,2026-10-09T04:39:00Z
2025-08-05,SZL,23.36,23.55,23.15,23.31,37300,KBS,2026-10-09T04:39:00Z
2025-08-06,SZL,23.31,23.55,23.31,23.55,800,KBS,2026-10-09T04:39:00Z
2025-08-07,SZL,23.26,23.73,23.26,23.7,35800,KBS,2026-10-09T04:39:00Z
2025-08-08,SZL,23.7,23.84,23.68,23.73,10500,KBS,2026-10-09T04:39:00Z
2025-08-11,SZL,24.54,25.22,23.94,25.14,55300,KBS,2026-10-09T04:39:00Z
2025-08-12,SZL,25.25,25.67,25.14,25.25,64200,KBS,2026-10-09T04:39:00Z
2025-08-13,SZL,25.64,25.88,25.46,25.56,61000,KBS,2026-10-09T04:39:00Z
2025-08-14,SZL,26.35,26.35,25.62,25.93,48800,KBS,2026-10-09T04:39:00Z
2025-08-15,SZL,26.14,26.19,25.67,25.67,80100,KBS,2026-10-09T04:39:00Z
2025-08-18,SZL,25.88,25.88,25.56,25.67,12000,KBS,2026-10-09T04:39:00Z
2025-08-19,SZL,25.88,25.88,25.51,25.67,10800,KBS,2026-10-09T04:39:00Z
2025-08-20,SZL,25.67,25.67,24.62,25.54,17700,KBS,2026-10-09T04:39:00Z
2025-08-21,SZL,25.54,25.56,23.76,23.76,16100,KBS,2026-10-09T04:39:00Z
2025-08-22,SZL,24.15,24.62,24.1,24.38,42100,KBS,2026-10-09T04:39:00Z
2025-08-25,SZL,24.86,25.98,24.8,25.09,19200,KBS,2026-10-09T04:39:00Z
2025-08-26,SZL,25.82,25.82,25.12,25.43,19000,KBS,2026-10-09T04:39:00Z
2025-08-27,SZL,25.43,25.51,25.17,25.22,23300,KBS,2026-10-09T04:39:00Z
2025-08-28,SZL,24.64,25.14,24.5,24.52,24900,KBS,2026-10-09T04:39:00Z
2025-08-29,SZL,24.55,24.64,24.08,24.58,10600,KBS,2026-10-09T04:39:00Z
2025-09-03,SZL,24.3,24.3,23.8,24.02,16100,KBS,2026-10-09T04:39:00Z
2025-09-04,SZL,24.02,24.02,23.91,23.91,9300,KBS,2026-10-09T04:39:00Z
2025-09-05,SZL,23.85,24.19,23.74,23.88,15400,KBS,2026-10-09T04:39:00Z
2025-09-08,SZL,23.85,24.02,23.49,24.02,12800,KBS,2026-10-09T04:39:00Z
2025-09-09,SZL,23.74,23.74,23.74,23.74,1100,KBS,2026-10-09T04:39:00Z
2025-09-10,SZL,23.74,23.85,23.74,23.83,6600,KBS,2026-10-09T04:39:00Z
2025-09-11,SZL,23.83,23.83,23.46,23.74,13100,KBS,2026-10-09T04:39:00Z
2025-09-12,SZL,23.97,23.97,23.74,23.74,5200,KBS,2026-10-09T04:39:00Z
2025-09-15,SZL,23.74,23.97,23.46,23.58,5300,KBS,2026-10-09T04:39:00Z
2025-09-16,SZL,23.74,23.85,23.69,23.8,1800,KBS,2026-10-09T04:39:00Z
2025-09-17,SZL,23.8,23.85,23.69,23.85,6100,KBS,2026-10-09T04:39:00Z
2025-09-18,SZL,23.85,23.97,23.85,23.97,13900,KBS,2026-10-09T04:39:00Z
2025-09-19,SZL,24.13,24.19,24.02,24.02,1900,KBS,2026-10-09T04:39:00Z
2025-09-22,SZL,24.02,24.24,24.02,24.24,9000,KBS,2026-10-09T04:39:00Z
2025-09-23,SZL,24.24,24.24,24.08,24.24,7000,KBS,2026-10-09T04:39:00Z
2025-09-24,SZL,24.41,24.47,24.24,24.44,8300,KBS,2026-10-09T04:39:00Z
2025-09-25,SZL,24.44,24.58,24.44,24.47,4700,KBS,2026-10-09T04:39:00Z
2025-09-26,SZL,24.5,24.69,24.5,24.58,6800,KBS,2026-10-09T04:39:00Z
2025-09-29,SZL,24.75,24.92,24.75,24.75,9500,KBS,2026-10-09T04:39:00Z
2025-09-30,SZL,24.75,24.92,24.75,24.86,17200,KBS,2026-10-09T04:39:00Z
2025-10-01,SZL,24.75,25.06,24.75,25.06,6100,KBS,2026-10-09T04:39:00Z
2025-10-02,SZL,25.06,25.08,24.97,24.97,12200,KBS,2026-10-09T04:39:00Z
2025-10-03,SZL,24.97,25.0,24.38,25.0,2300,KBS,2026-10-09T04:39:00Z
2025-10-06,SZL,25.0,25.06,24.58,25.0,2000,KBS,2026-10-09T04:39:00Z
2025-10-07,SZL,24.94,24.94,24.94,24.94,2600,KBS,2026-10-09T04:39:00Z
2025-10-08,SZL,24.94,24.94,24.69,24.92,12100,KBS,2026-10-09T04:39:00Z
2025-10-09,SZL,24.92,24.92,24.92,24.92,600,KBS,2026-10-09T04:39:00Z
2025-10-10,SZL,24.92,25.08,24.92,25.08,7400,KBS,2026-10-09T04:39:00Z
2025-10-13,SZL,24.02,24.97,24.02,24.97,7800,KBS,2026-10-09T04:39:00Z
2025-10-14,SZL,24.97,24.97,24.97,24.97,1000,KBS,2026-10-09T04:39:00Z
2025-10-15,SZL,24.47,24.47,24.47,24.47,1000,KBS,2026-10-09T04:39:00Z
2025-10-20,SZL,23.85,23.85,23.85,23.85,600,KBS,2026-10-09T04:39:00Z
2025-10-21,SZL,23.88,24.58,23.88,24.58,5900,KBS,2026-10-09T04:39:00Z
2025-10-22,SZL,24.05,24.19,24.02,24.19,2100,KBS,2026-10-09T04:39:00Z
2025-10-23,SZL,25.0,25.0,24.19,24.24,3900,KBS,2026-10-09T04:39:00Z
2025-10-24,SZL,24.24,24.24,24.19,24.24,1300,KBS,2026-10-09T04:39:00Z
2025-10-27,SZL,24.27,24.27,24.13,24.24,4900,KBS,2026-10-09T04:39:00Z
2025-10-28,SZL,24.24,24.24,24.24,24.24,1200,KBS,2026-10-09T04:39:00Z
2025-10-29,SZL,24.24,24.3,24.24,24.3,1600,KBS,2026-10-09T04:39:00Z
2025-10-30,SZL,24.33,25.08,24.33,24.97,3900,KBS,2026-10-09T04:39:00Z
2025-10-31,SZL,24.58,24.72,24.24,24.3,4100,KBS,2026-10-09T04:39:00Z
2025-11-03,SZL,24.47,24.69,24.47,24.5,11500,KBS,2026-10-09T04:39:00Z
2025-11-04,SZL,24.5,24.69,24.5,24.69,900,KBS,2026-10-09T04:39:00Z
2025-11-05,SZL,24.58,24.86,24.58,24.58,4400,KBS,2026-10-09T04:39:00Z
2025-11-06,SZL,24.58,24.58,24.58,24.58,2300,KBS,2026-10-09T04:39:00Z
2025-11-07,SZL,24.58,24.58,24.47,24.47,1400,KBS,2026-10-09T04:39:00Z
2025-11-10,SZL,24.47,24.47,24.3,24.47,6900,KBS,2026-10-09T04:39:00Z
2025-11-11,SZL,24.47,24.78,24.47,24.78,2200,KBS,2026-10-09T04:39:00Z
2025-11-12,SZL,24.58,24.86,24.58,24.86,6500,KBS,2026-10-09T04:39:00Z
2025-11-13,SZL,24.86,24.86,24.86,24.86,100,KBS,2026-10-09T04:39:00Z
2025-11-14,SZL,24.61,25.14,24.61,25.14,3600,KBS,2026-10-09T04:39:00Z
2025-11-17,SZL,25.14,25.14,25.14,25.14,10100,KBS,2026-10-09T04:39:00Z
2025-11-18,SZL,25.14,25.31,25.14,25.22,2300,KBS,2026-10-09T04:39:00Z
2025-11-19,SZL,25.25,25.34,25.22,25.22,8500,KBS,2026-10-09T04:39:00Z
2025-11-20,SZL,25.14,25.22,25.14,25.14,7100,KBS,2026-10-09T04:39:00Z
2025-11-21,SZL,25.14,25.36,25.14,25.36,7500,KBS,2026-10-09T04:39:00Z
2025-11-24,SZL,25.14,25.36,25.14,25.36,3700,KBS,2026-10-09T04:39:00Z
2025-11-25,SZL,25.2,25.36,25.14,25.25,5400,KBS,2026-10-09T04:39:00Z
2025-11-26,SZL,25.17,25.42,25.14,25.39,26300,KBS,2026-10-09T04:39:00Z
2025-11-27,SZL,25.47,25.98,25.47,25.7,5800,KBS,2026-10-09T04:39:00Z
2025-11-28,SZL,25.73,25.73,25.7,25.7,3100,KBS,2026-10-09T04:39:00Z
2025-12-01,SZL,25.7,25.86,25.7,25.86,2800,KBS,2026-10-09T04:39:00Z
2025-12-02,SZL,25.7,25.86,25.7,25.86,5600,KBS,2026-10-09T04:39:00Z
2025-12-03,SZL,25.86,25.92,25.75,25.92,13900,KBS,2026-10-09T04:39:00Z
2025-12-04,SZL,25.92,26.54,25.86,26.54,5400,KBS,2026-10-09T04:39:00Z
2025-12-05,SZL,26.82,26.82,26.51,26.51,500,KBS,2026-10-09T04:39:00Z
2025-12-08,SZL,26.42,26.42,26.26,26.26,600,KBS,2026-10-09T04:39:00Z
2025-12-09,SZL,26.26,26.45,26.26,26.45,6600,KBS,2026-10-09T04:39:00Z
2025-12-10,SZL,26.48,26.48,26.48,26.48,2000,KBS,2026-10-09T04:39:00Z
2025-12-11,SZL,26.48,26.48,26.48,26.48,200,KBS,2026-10-09T04:39:00Z
2025-12-12,SZL,26.48,26.48,25.98,25.98,1500,KBS,2026-10-09T04:39:00Z
2025-12-15,SZL,26.06,26.82,26.03,26.76,29600,KBS,2026-10-09T04:39:00Z
2025-12-17,SZL,26.65,26.65,26.65,26.65,200,KBS,2026-10-09T04:39:00Z
2025-12-19,SZL,26.54,26.54,25.78,25.78,3300,KBS,2026-10-09T04:39:00Z
2025-12-22,SZL,25.47,25.75,25.31,25.75,11600,KBS,2026-10-09T04:39:00Z
2025-12-23,SZL,25.75,26.2,25.75,26.03,9300,KBS,2026-10-09T04:39:00Z
2025-12-24,SZL,26.03,26.09,25.7,25.86,5200,KBS,2026-10-09T04:39:00Z
2025-12-25,SZL,26.03,26.03,25.98,25.98,200,KBS,2026-10-09T04:39:00Z
2025-12-26,SZL,25.53,26.03,25.47,25.98,15300,KBS,2026-10-09T04:39:00Z
2025-12-29,SZL,25.98,25.98,25.98,25.98,100,KBS,2026-10-09T04:39:00Z
2025-12-31,SZL,26.0,26.31,26.0,26.26,14400,KBS,2026-10-09T04:39:00Z
2026-01-05,SZL,26.26,26.82,26.26,26.82,2500,KBS,2026-10-09T04:39:00Z
2026-01-06,SZL,26.76,26.87,26.28,26.87,8200,KBS,2026-10-09T04:39:00Z
2026-01-07,SZL,26.87,26.87,26.59,26.59,2600,KBS,2026-10-09T04:39:00Z
2026-01-08,SZL,26.59,26.7,26.59,26.65,4300,KBS,2026-10-09T04:39:00Z
2026-01-09,SZL,26.59,26.93,26.26,26.93,9500,KBS,2026-10-09T04:39:00Z
2026-01-12,SZL,26.87,26.93,26.87,26.93,2000,KBS,2026-10-09T04:39:00Z
2026-01-13,SZL,26.87,26.93,26.82,26.87,4600,KBS,2026-10-09T04:39:00Z
2026-01-14,SZL,26.87,26.87,26.82,26.82,600,KBS,2026-10-09T04:39:00Z
2026-01-15,SZL,27.09,27.09,26.79,26.82,7700,KBS,2026-10-09T04:39:00Z
2026-01-16,SZL,26.82,26.82,26.82,26.82,2400,KBS,2026-10-09T04:39:00Z
2026-01-19,SZL,26.82,26.93,26.82,26.82,2300,KBS,2026-10-09T04:39:00Z
2026-01-20,SZL,26.34,28.49,26.34,27.93,22100,KBS,2026-10-09T04:39:00Z
2026-01-21,SZL,28.32,28.32,27.65,27.79,12900,KBS,2026-10-09T04:39:00Z
2026-01-22,SZL,27.65,28.1,27.37,27.37,5200,KBS,2026-10-09T04:39:00Z
2026-01-23,SZL,27.9,27.9,27.37,27.65,7100,KBS,2026-10-09T04:39:00Z
2026-01-26,SZL,27.65,27.65,27.12,27.37,4100,KBS,2026-10-09T04:39:00Z
2026-01-27,SZL,26.93,27.37,26.82,27.09,2700,KBS,2026-10-09T04:39:00Z
2026-01-29,SZL,26.87,27.37,26.82,27.37,2400,KBS,2026-10-09T04:39:00Z
2026-01-30,SZL,26.93,27.54,26.82,27.54,4100,KBS,2026-10-09T04:39:00Z
2026-02-03,SZL,26.93,27.48,26.82,27.15,16700,KBS,2026-10-09T04:39:00Z
2026-02-04,SZL,27.43,27.54,27.15,27.54,1500,KBS,2026-10-09T04:39:00Z
2026-02-05,SZL,27.54,27.54,27.09,27.09,900,KBS,2026-10-09T04:39:00Z
2026-02-06,SZL,27.09,27.09,26.65,26.82,4800,KBS,2026-10-09T04:39:00Z
2026-02-09,SZL,26.87,26.87,26.82,26.82,1100,KBS,2026-10-09T04:39:00Z
2026-02-10,SZL,26.54,26.54,25.98,26.26,22100,KBS,2026-10-09T04:39:00Z
2026-02-11,SZL,26.26,26.54,26.14,26.4,57500,KBS,2026-10-09T04:39:00Z
2026-02-12,SZL,26.48,26.48,26.26,26.28,5000,KBS,2026-10-09T04:39:00Z
2026-02-13,SZL,26.28,27.37,26.26,27.04,17100,KBS,2026-10-09T04:39:00Z
2026-02-23,SZL,27.15,27.37,27.15,27.15,5300,KBS,2026-10-09T04:39:00Z
2026-02-24,SZL,27.18,27.37,27.09,27.37,12300,KBS,2026-10-09T04:39:00Z
2026-02-25,SZL,27.37,27.37,27.15,27.37,2200,KBS,2026-10-09T04:39:00Z
2026-02-26,SZL,27.37,27.82,27.04,27.32,16400,KBS,2026-10-09T04:39:00Z
2026-02-27,SZL,27.32,27.37,27.04,27.32,6400,KBS,2026-10-09T04:39:00Z
2026-03-02,SZL,26.34,27.29,26.34,26.82,9600,KBS,2026-10-09T04:39:00Z
2026-03-03,SZL,26.87,27.37,26.87,27.37,2400,KBS,2026-10-09T04:39:00Z
2026-03-04,SZL,26.54,27.37,26.26,27.21,8500,KBS,2026-10-09T04:39:00Z
2026-03-05,SZL,26.87,27.07,26.54,27.07,23800,KBS,2026-10-09T04:39:00Z
2026-03-06,SZL,27.07,27.07,26.26,26.73,11500,KBS,2026-10-09T04:39:00Z
2026-03-09,SZL,25.98,26.26,24.89,25.78,31500,KBS,2026-10-09T04:39:00Z
2026-03-10,SZL,27.23,27.23,25.84,26.79,11700,KBS,2026-10-09T04:39:00Z
2026-03-11,SZL,27.26,27.26,26.59,26.93,11100,KBS,2026-10-09T04:39:00Z
2026-03-12,SZL,27.15,27.15,26.82,27.04,24100,KBS,2026-10-09T04:39:00Z
2026-03-13,SZL,27.04,27.09,26.9,26.9,7100,KBS,2026-10-09T04:39:00Z
2026-03-16,SZL,26.9,26.96,26.84,26.96,1800,KBS,2026-10-09T04:39:00Z
2026-03-17,SZL,26.37,26.96,26.28,26.96,11200,KBS,2026-10-09T04:39:00Z
2026-03-18,SZL,26.37,26.9,26.31,26.9,1400,KBS,2026-10-09T04:39:00Z
2026-03-19,SZL,26.45,26.87,26.37,26.87,4400,KBS,2026-10-09T04:39:00Z
2026-03-20,SZL,26.84,26.93,26.82,26.93,9600,KBS,2026-10-09T04:39:00Z
2026-03-23,SZL,26.87,26.87,26.12,26.26,6900,KBS,2026-10-09T04:39:00Z
2026-03-24,SZL,26.26,26.26,26.09,26.26,19800,KBS,2026-10-09T04:39:00Z
2026-03-25,SZL,26.65,26.82,26.65,26.82,2000,KBS,2026-10-09T04:39:00Z
2026-03-26,SZL,26.7,26.82,26.65,26.82,2300,KBS,2026-10-09T04:39:00Z
2026-03-27,SZL,27.37,28.49,27.09,28.49,73000,KBS,2026-10-09T04:39:00Z
2026-03-30,SZL,28.49,29.05,28.32,28.38,37900,KBS,2026-10-09T04:39:00Z
2026-03-31,SZL,28.38,28.38,28.1,28.1,32800,KBS,2026-10-09T04:39:00Z
2026-04-01,SZL,28.1,28.44,28.1,28.1,28400,KBS,2026-10-09T04:39:00Z
2026-04-02,SZL,28.1,28.16,27.99,28.1,18100,KBS,2026-10-09T04:39:00Z
2026-04-03,SZL,28.04,28.04,27.65,27.93,20300,KBS,2026-10-09T04:39:00Z
2026-04-06,SZL,27.93,27.93,27.37,27.37,13700,KBS,2026-10-09T04:39:00Z
2026-04-07,SZL,27.15,27.32,26.93,27.01,27700,KBS,2026-10-09T04:39:00Z
2026-04-08,SZL,28.1,28.1,27.01,27.15,32800,KBS,2026-10-09T04:39:00Z
2026-04-09,SZL,27.15,27.35,27.09,27.15,12900,KBS,2026-10-09T04:39:00Z
2026-04-10,SZL,27.09,27.23,27.09,27.15,65600,KBS,2026-10-09T04:39:00Z
2026-04-13,SZL,27.48,27.48,27.15,27.15,31000,KBS,2026-10-09T04:39:00Z
2026-04-14,SZL,27.21,27.57,27.15,27.15,49600,KBS,2026-10-09T04:39:00Z
2026-04-15,SZL,27.26,27.37,27.15,27.15,110900,KBS,2026-10-09T04:39:00Z
2026-04-16,SZL,27.15,27.37,27.15,27.37,39600,KBS,2026-10-09T04:39:00Z
2026-04-17,SZL,27.37,27.82,27.37,27.68,72100,KBS,2026-10-09T04:39:00Z
2026-04-20,SZL,28.38,29.61,28.04,29.05,58000,KBS,2026-10-09T04:39:00Z
2026-04-21,SZL,29.61,29.61,28.66,28.66,20900,KBS,2026-10-09T04:39:00Z
2026-04-22,SZL,28.55,28.77,28.27,28.44,10400,KBS,2026-10-09T04:39:00Z
2026-04-23,SZL,28.49,28.83,28.16,28.44,50100,KBS,2026-10-09T04:39:00Z
2026-04-24,SZL,28.21,28.49,28.1,28.49,30000,KBS,2026-10-09T04:39:00Z
2026-04-28,SZL,28.55,28.83,28.49,28.66,8400,KBS,2026-10-09T04:39:00Z
2026-04-29,SZL,28.77,28.94,28.66,28.94,3900,KBS,2026-10-09T04:39:00Z
2026-05-04,SZL,29.33,29.38,28.94,29.27,12100,KBS,2026-10-09T04:39:00Z
2026-05-05,SZL,29.55,29.78,29.38,29.61,20500,KBS,2026-10-09T04:39:00Z
2026-05-06,SZL,30.06,30.06,29.78,30.0,11500,KBS,2026-10-09T04:39:00Z
2026-05-07,SZL,30.34,30.61,30.0,30.11,6200,KBS,2026-10-09T04:39:00Z
2026-05-08,SZL,30.39,30.39,30.0,30.0,7400,KBS,2026-10-09T04:39:00Z
2026-05-11,SZL,30.34,30.34,29.61,29.61,10800,KBS,2026-10-09T04:39:00Z
2026-05-12,SZL,29.38,29.94,29.38,29.89,6400,KBS,2026-10-09T04:39:00Z
2026-05-13,SZL,29.27,29.94,29.22,29.94,17100,KBS,2026-10-09T04:39:00Z
2026-05-14,SZL,29.44,30.06,29.38,30.06,6000,KBS,2026-10-09T04:39:00Z
2026-05-15,SZL,29.44,30.11,29.44,30.06,8400,KBS,2026-10-09T04:39:00Z
2026-05-18,SZL,29.72,30.45,29.72,29.83,3800,KBS,2026-10-09T04:39:00Z
2026-05-19,SZL,29.83,30.06,29.55,29.61,13400,KBS,2026-10-09T04:39:00Z
2026-05-20,SZL,29.61,29.61,28.72,29.5,16000,KBS,2026-10-09T04:39:00Z
2026-05-21,SZL,29.05,29.66,29.05,29.5,7600,KBS,2026-10-09T04:39:00Z
2026-05-22,SZL,29.05,29.83,28.99,29.05,8900,KBS,2026-10-09T04:39:00Z
2026-05-25,SZL,28.83,29.55,28.83,29.16,3900,KBS,2026-10-09T04:39:00Z
2026-05-26,SZL,29.16,30.0,29.16,29.61,10700,KBS,2026-10-09T04:39:00Z
2026-05-27,SZL,29.61,29.61,28.88,29.44,30600,KBS,2026-10-09T04:39:00Z
2026-05-28,SZL,28.88,29.22,28.72,28.77,9500,KBS,2026-10-09T04:39:00Z
2026-05-29,SZL,28.49,28.66,27.93,27.93,24700,KBS,2026-10-09T04:39:00Z
2026-06-01,SZL,27.76,28.38,27.76,28.04,8700,KBS,2026-10-09T04:39:00Z
2026-06-02,SZL,27.76,28.38,27.76,28.1,15200,KBS,2026-10-09T04:39:00Z
2026-06-03,SZL,27.76,27.93,27.54,27.54,8100,KBS,2026-10-09T04:39:00Z
2026-06-04,SZL,27.65,28.16,27.54,28.16,7700,KBS,2026-10-09T04:39:00Z
2026-06-05,SZL,27.76,28.27,27.76,28.21,5900,KBS,2026-10-09T04:39:00Z
2026-06-08,SZL,28.21,28.21,27.6,28.16,2300,KBS,2026-10-09T04:39:00Z
2026-06-09,SZL,27.93,27.93,27.26,27.29,27700,KBS,2026-10-09T04:39:00Z
2026-06-10,SZL,27.29,27.6,27.21,27.6,300,KBS,2026-10-09T04:39:00Z
2026-06-11,SZL,27.57,27.57,27.26,27.29,10100,KBS,2026-10-09T04:39:00Z
2026-06-12,SZL,27.29,28.77,27.21,27.21,15500,KBS,2026-10-09T04:39:00Z
2026-06-15,SZL,27.23,27.48,27.18,27.48,1800,KBS,2026-10-09T04:39:00Z
2026-06-16,SZL,27.37,27.62,27.26,27.62,1400,KBS,2026-10-09T04:39:00Z
2026-06-17,SZL,27.37,27.37,27.21,27.23,6900,KBS,2026-10-09T04:39:00Z
2026-06-18,SZL,27.23,27.37,27.21,27.37,15800,KBS,2026-10-09T04:39:00Z
2026-06-19,SZL,27.26,27.32,27.23,27.32,3100,KBS,2026-10-09T04:39:00Z
2026-06-22,SZL,27.32,27.37,27.32,27.37,4200,KBS,2026-10-09T04:39:00Z
2026-06-23,SZL,27.37,27.62,27.09,27.62,14800,KBS,2026-10-09T04:39:00Z
2026-06-24,SZL,27.4,27.4,26.9,26.9,46800,KBS,2026-10-09T04:39:00Z
2026-06-25,SZL,26.98,26.98,26.79,26.79,48100,KBS,2026-10-09T04:39:00Z
2026-06-26,SZL,26.79,27.01,26.73,27.01,13600,KBS,2026-10-09T04:39:00Z
2026-06-29,SZL,26.82,26.82,26.7,26.76,32700,KBS,2026-10-09T04:39:00Z
2026-06-30,SZL,26.76,26.82,26.65,26.82,35300,KBS,2026-10-09T04:39:00Z
2026-07-01,SZL,26.7,26.82,26.59,26.65,24300,KBS,2026-10-09T04:39:00Z
2026-07-02,SZL,26.7,26.87,26.65,26.68,93700,KBS,2026-10-09T04:39:00Z
2026-07-03,SZL,26.7,26.82,26.56,26.82,68700,KBS,2026-10-09T04:39:00Z
2026-07-06,SZL,26.82,26.82,26.37,26.45,37000,KBS,2026-10-09T04:39:00Z
2026-07-07,SZL,26.45,26.65,26.31,26.65,22400,KBS,2026-10-09T04:39:00Z
2026-07-08,SZL,26.37,26.68,26.34,26.54,18400,KBS,2026-10-09T04:39:00Z
2026-07-09,SZL,26.37,26.42,26.31,26.31,22900,KBS,2026-10-09T04:39:00Z
2026-07-10,SZL,26.65,26.65,26.28,26.28,3700,KBS,2026-10-09T04:39:00Z
2026-07-13,SZL,27.09,27.09,26.06,26.59,20100,KBS,2026-10-09T04:39:00Z
2026-07-14,SZL,27.26,27.26,26.2,26.2,2300,KBS,2026-10-09T04:39:00Z
2026-07-15,SZL,26.48,26.54,26.26,26.51,10700,KBS,2026-10-09T04:39:00Z
2026-07-16,SZL,26.2,26.79,26.14,26.76,13200,KBS,2026-10-09T04:39:00Z
2026-07-17,SZL,26.28,26.68,26.26,26.68,59400,KBS,2026-10-09T04:39:00Z
2026-07-20,SZL,26.26,26.37,26.14,26.37,43700,KBS,2026-10-09T04:39:00Z
2026-07-21,SZL,26.37,26.4,26.09,26.37,32300,KBS,2026-10-09T04:39:00Z
2026-07-22,SZL,26.09,26.23,25.7,26.23,32600,KBS,2026-10-09T04:39:00Z
2026-07-23,SZL,25.81,26.26,25.67,26.26,10100,KBS,2026-10-09T04:39:00Z
2026-07-24,SZL,26.09,26.42,26.09,26.42,2300,KBS,2026-10-09T04:39:00Z
2026-07-27,SZL,26.42,26.42,25.84,25.98,20200,KBS,2026-10-09T04:39:00Z
2026-07-28,SZL,25.7,26.09,25.7,25.98,10100,KBS,2026-10-09T04:39:00Z
2026-07-29,SZL,26.2,26.26,25.98,26.03,11800,KBS,2026-10-09T04:39:00Z
2026-07-30,SZL,26.09,26.68,26.03,26.54,10400,KBS,2026-10-09T04:39:00Z
2026-07-31,SZL,26.56,26.56,26.26,26.26,7700,KBS,2026-10-09T04:39:00Z
2026-08-03,SZL,26.31,26.59,26.26,26.56,4100,KBS,2026-10-09T04:39:00Z
2026-08-04,SZL,26.54,26.65,26.26,26.65,12200,KBS,2026-10-09T04:39:00Z
2026-08-06,SZL,26.31,26.59,26.03,26.59,2700,KBS,2026-10-09T04:39:00Z
2026-08-07,SZL,26.42,26.82,26.42,26.82,30500,KBS,2026-10-09T04:39:00Z
2026-08-10,SZL,26.82,27.32,26.82,27.32,5100,KBS,2026-10-09T04:39:00Z
2026-08-11,SZL,27.37,28.21,27.37,27.93,61400,KBS,2026-10-09T04:39:00Z
2026-08-12,SZL,28.21,28.49,27.93,28.38,25800,KBS,2026-10-09T04:39:00Z
2026-08-13,SZL,28.77,29.33,28.49,28.94,34400,KBS,2026-10-09T04:39:00Z
2026-08-14,SZL,28.77,28.77,28.1,28.27,54800,KBS,2026-10-09T04:39:00Z
2026-08-17,SZL,28.49,28.49,28.27,28.49,7700,KBS,2026-10-09T04:39:00Z
2026-08-18,SZL,28.16,28.49,28.16,28.49,21400,KBS,2026-10-09T04:39:00Z
2026-08-19,SZL,28.1,28.1,27.99,28.04,21900,KBS,2026-10-09T04:39:00Z
2026-08-20,SZL,28.21,28.32,27.93,28.32,4900,KBS,2026-10-09T04:39:00Z
2026-08-21,SZL,28.21,28.44,28.16,28.44,14000,KBS,2026-10-09T04:39:00Z
2026-08-24,SZL,28.55,29.11,28.55,28.99,86200,KBS,2026-10-09T04:39:00Z
2026-08-25,SZL,29.05,29.05,28.44,28.72,56300,KBS,2026-10-09T04:39:00Z
2026-08-26,SZL,28.88,28.94,28.72,28.94,7700,KBS,2026-10-09T04:39:00Z
2026-08-27,SZL,28.94,29.33,28.6,29.27,32700,KBS,2026-10-09T04:39:00Z
2026-08-28,SZL,29.22,30.0,29.16,29.38,44600,KBS,2026-10-09T04:39:00Z
2026-09-03,SZL,29.33,29.44,29.05,29.44,58600,KBS,2026-10-09T04:39:00Z
2026-09-04,SZL,29.61,29.61,29.05,29.33,26100,KBS,2026-10-09T04:39:00Z
2026-09-07,SZL,29.55,29.55,29.11,29.33,42700,KBS,2026-10-09T04:39:00Z
2026-09-08,SZL,29.38,29.38,28.99,29.27,38600,KBS,2026-10-09T04:39:00Z
2026-09-09,SZL,29.33,29.33,28.66,28.66,35400,KBS,2026-10-09T04:39:00Z
2026-09-10,SZL,28.66,28.77,28.27,28.66,24200,KBS,2026-10-09T04:39:00Z
2026-09-11,SZL,28.55,28.55,28.04,28.27,44000,KBS,2026-10-09T04:39:00Z
2026-09-14,SZL,28.44,28.94,28.21,28.21,66000,KBS,2026-10-09T04:39:00Z
2026-09-15,SZL,27.21,28.49,27.21,28.1,42800,KBS,2026-10-09T04:39:00Z
2026-09-16,SZL,28.2,28.55,27.15,28.55,59900,KBS,2026-10-09T04:39:00Z
2026-09-17,SZL,28.4,28.55,28.0,28.0,62500,KBS,2026-10-09T04:39:00Z
2026-09-18,SZL,28.0,28.1,27.95,28.1,57600,KBS,2026-10-09T04:39:00Z
2026-09-21,SZL,28.2,28.2,27.65,27.9,24000,KBS,2026-10-09T04:39:00Z
2026-09-22,SZL,27.7,27.8,27.6,27.7,10700,KBS,2026-10-09T04:39:00Z
2026-09-23,SZL,27.7,27.7,27.45,27.55,11000,KBS,2026-10-09T04:39:00Z
2026-09-24,SZL,27.5,27.5,27.0,27.25,46700,KBS,2026-10-09T04:39:00Z
2026-09-25,SZL,27.35,27.35,27.1,27.2,7200,KBS,2026-10-09T04:39:00Z
2026-09-28,SZL,27.05,27.1,26.6,26.9,11700,KBS,2026-10-09T04:39:00Z
2026-09-29,SZL,27.0,27.0,26.7,26.8,9900,KBS,2026-10-09T04:39:00Z
2026-09-30,SZL,27.0,27.1,26.8,26.85,33800,KBS,2026-10-09T04:39:00Z
2026-10-01,SZL,27.0,27.0,26.8,26.8,17000,KBS,2026-10-09T04:39:00Z
2026-10-02,SZL,25.7,27.0,25.7,26.2,30400,KBS,2026-10-09T04:39:00Z
2026-10-05,SZL,26.1,26.7,26.1,26.7,7600,KBS,2026-10-09T04:39:00Z
2026-10-06,SZL,27.0,27.25,26.85,27.2,10100,KBS,2026-10-09T04:39:00Z
2026-10-07,SZL,27.2,27.7,27.1,27.7,6600,KBS,2026-10-09T04:39:00Z
2026-10-08,SZL,28.0,28.9,28.0,28.6,46900,KBS,2026-10-09T04:39:00Z
2026-10-09,SZL,29.3,29.3,28.0,28.0,6200,KBS,2026-10-09T04:39:00Z
