date,symbol,open,high,low,close,volume,source,fetched_at
2018-10-11,TCI,4.23,4.23,4.23,4.23,1200,KBS,2026-10-09T04:39:16Z
2018-10-12,TCI,4.23,4.23,4.23,4.23,15000,KBS,2026-10-09T04:39:16Z
2018-10-15,TCI,4.23,4.23,4.23,4.23,31000,KBS,2026-10-09T04:39:16Z
2018-10-16,TCI,4.23,4.37,4.23,4.37,39000,KBS,2026-10-09T04:39:16Z
2018-10-17,TCI,4.23,4.3,4.23,4.3,16000,KBS,2026-10-09T04:39:16Z
2018-10-18,TCI,4.37,4.37,4.3,4.3,12000,KBS,2026-10-09T04:39:16Z
2018-10-22,TCI,4.23,4.23,4.23,4.23,6000,KBS,2026-10-09T04:39:16Z
2018-10-23,TCI,4.23,4.23,4.23,4.23,5000,KBS,2026-10-09T04:39:16Z
2018-10-24,TCI,4.23,4.23,4.23,4.23,500,KBS,2026-10-09T04:39:16Z
2018-10-25,TCI,4.23,4.23,4.23,4.23,500,KBS,2026-10-09T04:39:16Z
2018-10-26,TCI,4.23,4.23,4.23,4.23,5000,KBS,2026-10-09T04:39:16Z
2018-10-30,TCI,4.23,4.23,4.23,4.23,4000,KBS,2026-10-09T04:39:16Z
2018-10-31,TCI,4.23,4.37,4.23,4.37,3000,KBS,2026-10-09T04:39:16Z
2018-11-01,TCI,4.23,4.23,4.23,4.23,6000,KBS,2026-10-09T04:39:16Z
2018-11-06,TCI,4.17,4.17,4.17,4.17,1000,KBS,2026-10-09T04:39:16Z
2018-11-07,TCI,4.23,4.23,4.23,4.23,2000,KBS,2026-10-09T04:39:16Z
2018-11-09,TCI,4.23,4.23,4.23,4.23,6000,KBS,2026-10-09T04:39:16Z
2018-11-13,TCI,4.23,4.23,4.23,4.23,12500,KBS,2026-10-09T04:39:16Z
2018-11-14,TCI,4.23,4.23,4.23,4.23,5000,KBS,2026-10-09T04:39:16Z
2018-11-16,TCI,4.23,4.23,4.23,4.23,5200,KBS,2026-10-09T04:39:16Z
2018-11-19,TCI,4.23,4.23,4.23,4.23,17000,KBS,2026-10-09T04:39:16Z
2018-11-22,TCI,4.23,4.23,4.23,4.23,5000,KBS,2026-10-09T04:39:16Z
2018-11-26,TCI,4.23,4.23,4.23,4.23,11500,KBS,2026-10-09T04:39:16Z
2018-11-27,TCI,4.23,4.23,4.23,4.23,1000,KBS,2026-10-09T04:39:16Z
2018-11-28,TCI,4.3,4.37,4.3,4.37,3000,KBS,2026-10-09T04:39:16Z
2018-11-30,TCI,4.23,4.23,4.23,4.23,5700,KBS,2026-10-09T04:39:16Z
2018-12-03,TCI,4.23,4.23,4.23,4.23,7300,KBS,2026-10-09T04:39:16Z
2018-12-04,TCI,4.23,4.23,4.23,4.23,5000,KBS,2026-10-09T04:39:16Z
2018-12-05,TCI,4.23,4.23,4.23,4.23,9000,KBS,2026-10-09T04:39:16Z
2018-12-06,TCI,4.23,4.23,4.23,4.23,12000,KBS,2026-10-09T04:39:16Z
2018-12-07,TCI,4.23,4.23,4.23,4.23,5000,KBS,2026-10-09T04:39:16Z
2018-12-11,TCI,4.23,4.23,4.23,4.23,9400,KBS,2026-10-09T04:39:16Z
2018-12-12,TCI,4.23,4.23,4.23,4.23,10600,KBS,2026-10-09T04:39:16Z
2018-12-13,TCI,4.23,4.23,4.23,4.23,6000,KBS,2026-10-09T04:39:16Z
2018-12-14,TCI,4.82,4.82,4.23,4.82,41600,KBS,2026-10-09T04:39:16Z
2018-12-17,TCI,5.34,5.34,4.69,4.69,53100,KBS,2026-10-09T04:39:16Z
2018-12-18,TCI,6.06,6.06,5.54,5.54,55500,KBS,2026-10-09T04:39:16Z
2018-12-19,TCI,5.99,6.58,5.99,6.58,50000,KBS,2026-10-09T04:39:16Z
2018-12-20,TCI,5.86,5.86,5.86,5.86,100,KBS,2026-10-09T04:39:16Z
2018-12-21,TCI,6.25,6.25,5.54,5.54,52000,KBS,2026-10-09T04:39:16Z
2018-12-25,TCI,5.34,5.34,5.34,5.34,1500,KBS,2026-10-09T04:39:16Z
2018-12-26,TCI,4.56,5.28,4.56,5.28,17600,KBS,2026-10-09T04:39:16Z
2019-01-03,TCI,3.91,3.91,3.91,3.91,14300,KBS,2026-10-09T04:39:16Z
2019-01-07,TCI,3.91,3.91,3.91,3.91,3000,KBS,2026-10-09T04:39:16Z
2019-01-21,TCI,3.32,3.32,3.32,3.32,2000,KBS,2026-10-09T04:39:16Z
2019-01-23,TCI,3.32,3.32,3.32,3.32,3000,KBS,2026-10-09T04:39:16Z
2019-01-24,TCI,3.78,3.78,2.93,3.78,510,KBS,2026-10-09T04:39:16Z
2019-01-25,TCI,3.06,3.06,3.0,3.0,151201,KBS,2026-10-09T04:39:16Z
2019-01-31,TCI,3.39,3.39,2.61,2.61,489,KBS,2026-10-09T04:39:16Z
2019-02-11,TCI,3.19,3.19,3.19,3.19,100,KBS,2026-10-09T04:39:16Z
2019-02-12,TCI,2.74,3.65,2.74,3.65,220800,KBS,2026-10-09T04:39:16Z
2019-02-13,TCI,3.65,3.65,3.65,3.65,7500,KBS,2026-10-09T04:39:16Z
2019-02-14,TCI,3.65,3.65,3.65,3.65,2500,KBS,2026-10-09T04:39:16Z
2019-02-15,TCI,3.71,3.91,3.71,3.91,3200,KBS,2026-10-09T04:39:16Z
2019-02-18,TCI,3.91,3.91,3.91,3.91,4000,KBS,2026-10-09T04:39:16Z
2019-02-25,TCI,4.23,4.5,4.23,4.5,3000,KBS,2026-10-09T04:39:16Z
2019-02-26,TCI,4.23,4.23,4.04,4.04,15000,KBS,2026-10-09T04:39:16Z
2019-02-28,TCI,4.04,4.04,4.04,4.04,18000,KBS,2026-10-09T04:39:16Z
2019-03-01,TCI,4.04,4.04,4.04,4.04,10000,KBS,2026-10-09T04:39:16Z
2019-03-04,TCI,4.23,4.63,4.23,4.63,2000,KBS,2026-10-09T04:39:16Z
2019-03-05,TCI,4.56,5.15,4.56,5.15,10000,KBS,2026-10-09T04:39:16Z
2019-03-06,TCI,5.28,5.54,4.89,4.89,51200,KBS,2026-10-09T04:39:16Z
2019-03-07,TCI,5.47,6.19,5.47,5.86,126922,KBS,2026-10-09T04:39:16Z
2019-03-08,TCI,5.21,5.21,5.21,5.21,100,KBS,2026-10-09T04:39:16Z
2019-03-11,TCI,4.95,5.6,4.95,5.21,121600,KBS,2026-10-09T04:39:16Z
2019-03-19,TCI,5.21,5.21,5.21,5.21,6,KBS,2026-10-09T04:39:16Z
2019-03-20,TCI,5.21,5.21,5.21,5.21,10,KBS,2026-10-09T04:39:16Z
2019-03-25,TCI,5.21,5.21,5.21,5.21,10,KBS,2026-10-09T04:39:16Z
2019-03-26,TCI,5.21,5.21,5.21,5.21,6,KBS,2026-10-09T04:39:16Z
2019-03-28,TCI,4.43,4.43,4.43,4.43,3100,KBS,2026-10-09T04:39:16Z
2019-04-10,TCI,4.43,4.43,4.43,4.43,10,KBS,2026-10-09T04:39:16Z
2019-04-16,TCI,5.08,5.08,5.08,5.08,100,KBS,2026-10-09T04:39:16Z
2019-04-19,TCI,4.56,4.56,4.56,4.56,500,KBS,2026-10-09T04:39:16Z
2019-05-09,TCI,4.56,4.56,4.56,4.56,10,KBS,2026-10-09T04:39:16Z
2019-05-14,TCI,3.91,3.97,3.91,3.97,4700,KBS,2026-10-09T04:39:16Z
2019-05-15,TCI,3.97,3.97,3.39,3.91,10000,KBS,2026-10-09T04:39:16Z
2019-05-17,TCI,3.91,3.91,3.06,3.06,90100,KBS,2026-10-09T04:39:16Z
2019-05-22,TCI,3.58,3.58,2.74,2.74,200,KBS,2026-10-09T04:39:16Z
2019-05-23,TCI,3.65,3.65,3.65,3.65,100,KBS,2026-10-09T04:39:16Z
2019-06-05,TCI,3.26,3.26,3.26,3.26,100,KBS,2026-10-09T04:39:16Z
2019-06-06,TCI,3.26,3.26,3.26,3.26,200,KBS,2026-10-09T04:39:16Z
2019-06-10,TCI,3.26,3.26,3.26,3.26,9700,KBS,2026-10-09T04:39:16Z
2019-06-12,TCI,3.65,3.65,3.65,3.65,100,KBS,2026-10-09T04:39:16Z
2019-06-13,TCI,3.91,3.91,3.91,3.91,100,KBS,2026-10-09T04:39:16Z
2019-06-14,TCI,4.17,4.5,4.17,4.5,92900,KBS,2026-10-09T04:39:16Z
2019-06-18,TCI,3.84,3.84,3.84,3.84,1200,KBS,2026-10-09T04:39:16Z
2019-06-24,TCI,3.84,3.84,3.84,3.84,100,KBS,2026-10-09T04:39:16Z
2019-06-28,TCI,3.84,3.91,3.84,3.91,3000,KBS,2026-10-09T04:39:16Z
2019-07-31,TCI,4.1,4.1,4.1,4.1,1900,KBS,2026-10-09T04:39:16Z
2019-08-01,TCI,4.5,4.5,4.5,4.5,100,KBS,2026-10-09T04:39:16Z
2019-08-05,TCI,5.15,5.15,5.15,5.15,100,KBS,2026-10-09T04:39:16Z
2019-09-30,TCI,3.13,4.89,3.13,4.89,4100,KBS,2026-10-09T04:39:16Z
2019-10-01,TCI,3.19,3.19,3.19,3.19,10000,KBS,2026-10-09T04:39:16Z
2019-10-08,TCI,3.65,3.65,3.65,3.65,4000,KBS,2026-10-09T04:39:16Z
2019-10-23,TCI,3.65,3.65,3.65,3.65,2000,KBS,2026-10-09T04:39:16Z
2019-10-28,TCI,3.78,3.78,3.78,3.78,2300,KBS,2026-10-09T04:39:16Z
2019-10-31,TCI,3.78,3.91,3.78,3.91,729,KBS,2026-10-09T04:39:16Z
2019-12-23,TCI,5.21,5.21,5.21,5.21,100,KBS,2026-10-09T04:39:16Z
2020-03-20,TCI,3.13,3.13,3.13,3.13,100,KBS,2026-10-09T04:39:16Z
2020-03-23,TCI,3.13,3.13,3.13,3.13,6,KBS,2026-10-09T04:39:16Z
2020-03-26,TCI,3.13,3.13,3.13,3.13,100,KBS,2026-10-09T04:39:16Z
2020-05-22,TCI,2.61,2.61,2.61,2.61,73900,KBS,2026-10-09T04:39:16Z
2020-06-26,TCI,2.61,2.61,2.61,2.61,600,KBS,2026-10-09T04:39:16Z
2020-08-11,TCI,1.63,1.63,1.63,1.63,11000,KBS,2026-10-09T04:39:16Z
2020-08-14,TCI,1.82,1.82,1.82,1.82,500,KBS,2026-10-09T04:39:16Z
2020-08-19,TCI,2.08,2.08,2.08,2.08,100,KBS,2026-10-09T04:39:16Z
2020-08-20,TCI,2.35,2.35,2.35,2.35,100,KBS,2026-10-09T04:39:16Z
2020-08-21,TCI,2.67,2.67,2.67,2.67,100,KBS,2026-10-09T04:39:16Z
2020-08-24,TCI,3.06,3.06,3.06,3.06,100,KBS,2026-10-09T04:39:16Z
2020-08-25,TCI,3.52,3.52,2.61,2.61,400,KBS,2026-10-09T04:39:16Z
2020-08-27,TCI,3.78,3.78,3.71,3.78,8100,KBS,2026-10-09T04:39:16Z
2020-08-28,TCI,3.97,4.23,3.97,4.23,6200,KBS,2026-10-09T04:39:16Z
2020-08-31,TCI,4.23,4.82,4.23,4.82,19100,KBS,2026-10-09T04:39:16Z
2020-09-01,TCI,4.82,5.15,4.5,4.5,6300,KBS,2026-10-09T04:39:16Z
2020-09-04,TCI,5.21,5.67,5.21,5.67,3000,KBS,2026-10-09T04:39:16Z
2020-09-07,TCI,5.21,6.25,4.69,4.69,10800,KBS,2026-10-09T04:39:16Z
2020-09-08,TCI,6.78,6.78,5.08,5.08,2500,KBS,2026-10-09T04:39:16Z
2020-09-09,TCI,6.19,7.36,5.54,5.54,14500,KBS,2026-10-09T04:39:16Z
2020-09-17,TCI,5.6,5.6,5.6,5.6,1600,KBS,2026-10-09T04:39:16Z
2020-09-18,TCI,4.82,4.82,4.82,4.82,1000,KBS,2026-10-09T04:39:16Z
2020-09-23,TCI,5.54,5.54,5.54,5.54,1000,KBS,2026-10-09T04:39:16Z
2020-09-24,TCI,5.99,6.32,5.54,5.54,1100,KBS,2026-10-09T04:39:16Z
2020-10-13,TCI,5.34,5.34,5.34,5.34,100,KBS,2026-10-09T04:39:16Z
2020-10-15,TCI,5.15,5.21,5.15,5.21,5000,KBS,2026-10-09T04:39:16Z
2020-10-28,TCI,4.43,5.15,4.43,4.82,11600,KBS,2026-10-09T04:39:16Z
2020-10-29,TCI,4.76,4.76,4.76,4.76,17300,KBS,2026-10-09T04:39:16Z
2020-10-30,TCI,4.76,4.76,4.76,4.76,11400,KBS,2026-10-09T04:39:16Z
2020-11-04,TCI,4.76,4.76,4.76,4.76,10000,KBS,2026-10-09T04:39:16Z
2020-11-05,TCI,4.76,4.76,4.76,4.76,7000,KBS,2026-10-09T04:39:16Z
2020-11-09,TCI,4.76,4.76,4.76,4.76,30000,KBS,2026-10-09T04:39:16Z
2020-11-11,TCI,4.76,4.76,4.76,4.76,3500,KBS,2026-10-09T04:39:16Z
2020-11-13,TCI,4.76,4.76,4.76,4.76,30000,KBS,2026-10-09T04:39:16Z
2020-11-26,TCI,4.1,4.1,4.1,4.1,100,KBS,2026-10-09T04:39:16Z
2020-11-27,TCI,4.37,4.69,4.37,4.69,700,KBS,2026-10-09T04:39:16Z
2020-11-30,TCI,5.08,5.08,5.08,5.08,200,KBS,2026-10-09T04:39:16Z
2020-12-01,TCI,5.21,5.21,4.43,4.43,12500,KBS,2026-10-09T04:39:16Z
2020-12-07,TCI,4.56,4.56,4.56,4.56,1000,KBS,2026-10-09T04:39:16Z
2020-12-08,TCI,4.56,4.56,4.56,4.56,2000,KBS,2026-10-09T04:39:16Z
2020-12-11,TCI,4.56,4.56,4.56,4.56,600,KBS,2026-10-09T04:39:16Z
2020-12-14,TCI,3.97,3.97,3.91,3.91,400,KBS,2026-10-09T04:39:16Z
2020-12-16,TCI,4.5,4.5,4.5,4.5,2000,KBS,2026-10-09T04:39:16Z
2020-12-17,TCI,5.15,5.15,5.02,5.02,5300,KBS,2026-10-09T04:39:16Z
2020-12-18,TCI,5.34,5.54,4.37,4.37,3500,KBS,2026-10-09T04:39:16Z
2020-12-21,TCI,4.95,4.95,4.95,4.95,1000,KBS,2026-10-09T04:39:16Z
2020-12-23,TCI,4.89,5.21,4.89,5.21,17800,KBS,2026-10-09T04:39:16Z
2020-12-24,TCI,4.43,4.43,4.43,4.43,5000,KBS,2026-10-09T04:39:16Z
2020-12-28,TCI,5.08,5.08,5.08,5.08,100,KBS,2026-10-09T04:39:16Z
2020-12-29,TCI,5.08,5.08,4.89,5.08,4300,KBS,2026-10-09T04:39:16Z
2020-12-30,TCI,5.8,5.8,4.89,4.89,2200,KBS,2026-10-09T04:39:16Z
2020-12-31,TCI,4.95,4.95,4.95,4.95,200,KBS,2026-10-09T04:39:16Z
2021-01-04,TCI,5.08,5.67,5.08,5.47,2300,KBS,2026-10-09T04:39:16Z
2021-01-05,TCI,4.69,5.54,4.69,5.54,2100,KBS,2026-10-09T04:39:16Z
2021-01-06,TCI,5.47,6.12,5.47,5.6,7000,KBS,2026-10-09T04:39:16Z
2021-01-07,TCI,5.54,5.6,5.54,5.6,4000,KBS,2026-10-09T04:39:16Z
2021-01-08,TCI,5.86,5.86,5.54,5.54,6300,KBS,2026-10-09T04:39:16Z
2021-01-11,TCI,5.67,5.86,5.54,5.6,36300,KBS,2026-10-09T04:39:16Z
2021-01-12,TCI,5.6,6.12,5.54,5.73,14900,KBS,2026-10-09T04:39:16Z
2021-01-13,TCI,6.19,6.19,5.86,5.86,1100,KBS,2026-10-09T04:39:16Z
2021-01-14,TCI,6.19,6.19,5.86,6.12,6400,KBS,2026-10-09T04:39:16Z
2021-01-15,TCI,6.19,6.19,5.8,5.86,14800,KBS,2026-10-09T04:39:16Z
2021-01-18,TCI,6.19,6.19,5.86,6.12,89100,KBS,2026-10-09T04:39:16Z
2021-01-19,TCI,6.12,6.12,5.8,6.12,2900,KBS,2026-10-09T04:39:16Z
2021-01-20,TCI,6.06,6.12,5.54,5.99,4300,KBS,2026-10-09T04:39:16Z
2021-01-21,TCI,5.86,5.86,5.54,5.8,6200,KBS,2026-10-09T04:39:16Z
2021-01-22,TCI,5.54,5.54,5.54,5.54,1800,KBS,2026-10-09T04:39:16Z
2021-01-25,TCI,5.67,5.73,5.54,5.67,9800,KBS,2026-10-09T04:39:16Z
2021-01-26,TCI,5.67,5.67,4.76,5.02,3400,KBS,2026-10-09T04:39:16Z
2021-01-27,TCI,4.76,4.76,4.56,4.69,29500,KBS,2026-10-09T04:39:16Z
2021-01-28,TCI,4.04,5.15,3.97,3.97,17900,KBS,2026-10-09T04:39:16Z
2021-01-29,TCI,4.82,5.02,4.82,5.02,15800,KBS,2026-10-09T04:39:16Z
2021-02-01,TCI,5.21,5.67,5.21,5.67,20100,KBS,2026-10-09T04:39:16Z
2021-02-02,TCI,5.54,5.67,5.54,5.67,3000,KBS,2026-10-09T04:39:16Z
2021-02-05,TCI,4.82,5.6,4.82,5.6,11100,KBS,2026-10-09T04:39:16Z
2021-02-08,TCI,4.76,5.6,4.63,5.6,62400,KBS,2026-10-09T04:39:16Z
2021-02-09,TCI,5.28,5.28,5.28,5.28,100,KBS,2026-10-09T04:39:16Z
2021-02-17,TCI,5.54,5.54,5.54,5.54,1100,KBS,2026-10-09T04:39:16Z
2021-02-18,TCI,4.89,5.28,4.76,5.28,125200,KBS,2026-10-09T04:39:16Z
2021-02-19,TCI,5.34,5.34,5.28,5.34,500,KBS,2026-10-09T04:39:16Z
2021-02-22,TCI,4.95,5.21,4.89,5.21,61600,KBS,2026-10-09T04:39:16Z
2021-02-23,TCI,5.15,5.15,4.89,4.89,10500,KBS,2026-10-09T04:39:16Z
2021-02-24,TCI,5.08,5.08,4.89,4.89,9600,KBS,2026-10-09T04:39:16Z
2021-02-25,TCI,4.89,4.89,4.89,4.89,3100,KBS,2026-10-09T04:39:16Z
2021-02-26,TCI,4.89,4.89,4.89,4.89,600,KBS,2026-10-09T04:39:16Z
2021-03-01,TCI,4.89,5.02,4.89,5.02,2800,KBS,2026-10-09T04:39:16Z
2021-03-02,TCI,4.89,5.47,4.89,5.47,37600,KBS,2026-10-09T04:39:16Z
2021-03-03,TCI,5.47,5.47,5.21,5.21,4200,KBS,2026-10-09T04:39:16Z
2021-03-04,TCI,5.21,5.28,5.21,5.21,600,KBS,2026-10-09T04:39:16Z
2021-03-05,TCI,5.21,5.21,4.89,4.95,4000,KBS,2026-10-09T04:39:16Z
2021-03-08,TCI,4.95,4.95,4.95,4.95,9900,KBS,2026-10-09T04:39:16Z
2021-03-09,TCI,5.08,5.08,4.89,4.89,23000,KBS,2026-10-09T04:39:16Z
2021-03-11,TCI,4.95,4.95,4.95,4.95,900,KBS,2026-10-09T04:39:16Z
2021-03-15,TCI,4.95,4.95,4.95,4.95,300,KBS,2026-10-09T04:39:16Z
2021-03-17,TCI,4.95,5.34,4.95,5.21,19400,KBS,2026-10-09T04:39:16Z
2021-03-18,TCI,5.28,5.28,5.21,5.21,1100,KBS,2026-10-09T04:39:16Z
2021-03-22,TCI,4.95,5.02,4.95,5.02,6800,KBS,2026-10-09T04:39:16Z
2021-03-23,TCI,5.02,5.02,5.02,5.02,1600,KBS,2026-10-09T04:39:16Z
2021-03-24,TCI,5.02,5.02,4.95,4.95,1200,KBS,2026-10-09T04:39:16Z
2021-03-25,TCI,5.02,5.02,4.95,4.95,1500,KBS,2026-10-09T04:39:16Z
2021-03-29,TCI,4.89,4.95,4.89,4.95,7500,KBS,2026-10-09T04:39:16Z
2021-03-31,TCI,4.89,5.21,4.89,5.21,51700,KBS,2026-10-09T04:39:16Z
2021-04-01,TCI,5.21,5.6,5.21,5.6,50500,KBS,2026-10-09T04:39:16Z
2021-04-02,TCI,5.41,5.6,5.21,5.34,36700,KBS,2026-10-09T04:39:16Z
2021-04-05,TCI,5.34,5.34,5.02,5.21,23900,KBS,2026-10-09T04:39:16Z
2021-04-06,TCI,5.21,5.28,5.15,5.21,38300,KBS,2026-10-09T04:39:16Z
2021-04-07,TCI,5.21,5.99,5.21,5.99,284000,KBS,2026-10-09T04:39:16Z
2021-04-08,TCI,6.19,6.38,5.54,6.19,190800,KBS,2026-10-09T04:39:16Z
2021-04-09,TCI,5.86,6.19,5.8,6.06,19300,KBS,2026-10-09T04:39:16Z
2021-04-12,TCI,6.06,6.91,6.06,6.91,360500,KBS,2026-10-09T04:39:16Z
2021-04-13,TCI,7.04,7.1,6.52,6.65,294400,KBS,2026-10-09T04:39:16Z
2021-04-14,TCI,6.71,6.71,6.45,6.58,90200,KBS,2026-10-09T04:39:16Z
2021-04-15,TCI,6.52,6.52,5.86,6.32,180000,KBS,2026-10-09T04:39:16Z
2021-04-16,TCI,6.12,6.25,5.86,6.12,303100,KBS,2026-10-09T04:39:16Z
2021-04-19,TCI,6.12,6.38,5.99,6.38,95200,KBS,2026-10-09T04:39:16Z
2021-04-20,TCI,6.45,6.84,6.32,6.71,148800,KBS,2026-10-09T04:39:16Z
2021-04-22,TCI,7.04,7.3,6.52,6.58,162600,KBS,2026-10-09T04:39:16Z
2021-04-23,TCI,6.19,6.78,6.19,6.65,109800,KBS,2026-10-09T04:39:16Z
2021-04-26,TCI,6.65,6.71,6.25,6.32,146500,KBS,2026-10-09T04:39:16Z
2021-04-27,TCI,6.32,6.52,6.12,6.32,57800,KBS,2026-10-09T04:39:16Z
2021-04-28,TCI,6.38,6.65,6.38,6.52,146000,KBS,2026-10-09T04:39:16Z
2021-04-29,TCI,6.65,6.71,6.52,6.52,108400,KBS,2026-10-09T04:39:16Z
2021-05-04,TCI,6.45,6.58,6.19,6.58,111600,KBS,2026-10-09T04:39:16Z
2021-05-05,TCI,6.58,6.97,6.45,6.65,162800,KBS,2026-10-09T04:39:16Z
2021-05-06,TCI,6.71,6.78,6.52,6.52,152000,KBS,2026-10-09T04:39:16Z
2021-05-07,TCI,6.58,6.84,6.52,6.78,179200,KBS,2026-10-09T04:39:16Z
2021-05-10,TCI,6.84,7.36,6.65,7.36,372300,KBS,2026-10-09T04:39:16Z
2021-05-11,TCI,7.43,7.43,7.04,7.23,96500,KBS,2026-10-09T04:39:16Z
2021-05-12,TCI,7.1,7.1,6.91,7.1,86900,KBS,2026-10-09T04:39:16Z
2021-05-13,TCI,6.97,7.04,6.71,6.71,240700,KBS,2026-10-09T04:39:16Z
2021-05-14,TCI,6.71,6.84,6.65,6.78,82000,KBS,2026-10-09T04:39:16Z
2021-05-17,TCI,6.78,6.78,6.58,6.71,64400,KBS,2026-10-09T04:39:16Z
2021-05-18,TCI,6.78,6.78,6.52,6.58,244800,KBS,2026-10-09T04:39:16Z
2021-05-19,TCI,6.52,6.65,6.52,6.58,59900,KBS,2026-10-09T04:39:16Z
2021-05-20,TCI,6.58,7.1,6.58,7.04,183300,KBS,2026-10-09T04:39:16Z
2021-05-21,TCI,6.91,7.04,6.78,6.78,61900,KBS,2026-10-09T04:39:16Z
2021-05-24,TCI,6.78,6.84,6.65,6.84,53109,KBS,2026-10-09T04:39:16Z
2021-05-25,TCI,6.78,7.17,6.78,6.97,165200,KBS,2026-10-09T04:39:16Z
2021-05-26,TCI,6.97,7.17,6.84,6.97,167600,KBS,2026-10-09T04:39:16Z
2021-05-27,TCI,7.04,7.43,7.04,7.23,373000,KBS,2026-10-09T04:39:16Z
2021-05-28,TCI,7.23,8.27,7.1,8.27,647700,KBS,2026-10-09T04:39:16Z
2021-05-31,TCI,8.08,8.8,8.08,8.8,544739,KBS,2026-10-09T04:39:16Z
2021-06-01,TCI,9.45,9.77,8.8,8.99,640382,KBS,2026-10-09T04:39:16Z
2021-06-02,TCI,8.99,9.19,8.14,8.8,674000,KBS,2026-10-09T04:39:16Z
2021-06-03,TCI,9.12,9.58,8.8,9.38,531900,KBS,2026-10-09T04:39:16Z
2021-06-04,TCI,9.32,9.45,8.73,8.93,181400,KBS,2026-10-09T04:39:16Z
2021-06-07,TCI,8.93,8.99,8.01,8.34,386800,KBS,2026-10-09T04:39:16Z
2021-06-08,TCI,8.14,8.47,7.82,7.82,299700,KBS,2026-10-09T04:39:16Z
2021-06-09,TCI,7.82,8.73,7.82,8.53,176509,KBS,2026-10-09T04:39:16Z
2021-06-10,TCI,8.4,8.47,8.27,8.4,100200,KBS,2026-10-09T04:39:16Z
2021-06-11,TCI,8.34,9.32,8.34,9.12,479100,KBS,2026-10-09T04:39:16Z
2021-06-14,TCI,9.19,10.1,9.12,9.9,847848,KBS,2026-10-09T04:39:16Z
2021-06-15,TCI,9.9,10.16,9.71,9.71,305550,KBS,2026-10-09T04:39:16Z
2021-06-16,TCI,9.71,9.77,9.12,9.45,315000,KBS,2026-10-09T04:39:16Z
2021-06-17,TCI,9.45,9.64,9.19,9.51,237600,KBS,2026-10-09T04:39:16Z
2021-06-18,TCI,9.58,10.29,9.58,9.97,306100,KBS,2026-10-09T04:39:16Z
2021-06-21,TCI,9.97,9.97,9.45,9.51,204800,KBS,2026-10-09T04:39:16Z
2021-06-22,TCI,9.58,9.77,9.45,9.71,219900,KBS,2026-10-09T04:39:16Z
2021-06-23,TCI,9.58,10.49,9.58,10.03,521200,KBS,2026-10-09T04:39:16Z
2021-06-24,TCI,10.16,10.29,9.97,10.1,218936,KBS,2026-10-09T04:39:16Z
2021-06-25,TCI,10.16,10.42,9.9,10.42,283500,KBS,2026-10-09T04:39:16Z
2021-06-28,TCI,10.49,10.75,10.23,10.42,251250,KBS,2026-10-09T04:39:16Z
2021-06-29,TCI,10.42,10.81,10.42,10.49,286185,KBS,2026-10-09T04:39:16Z
2021-06-30,TCI,10.49,10.75,10.1,10.75,308500,KBS,2026-10-09T04:39:16Z
2021-07-01,TCI,10.42,10.88,10.36,10.81,661100,KBS,2026-10-09T04:39:16Z
2021-07-02,TCI,10.88,11.21,10.68,11.14,503150,KBS,2026-10-09T04:39:16Z
2021-07-05,TCI,11.01,11.34,10.81,11.08,270200,KBS,2026-10-09T04:39:16Z
2021-07-06,TCI,11.01,11.08,9.45,10.16,320831,KBS,2026-10-09T04:39:16Z
2021-07-07,TCI,10.23,10.42,9.45,10.42,421390,KBS,2026-10-09T04:39:16Z
2021-07-08,TCI,9.97,10.42,9.97,10.1,80818,KBS,2026-10-09T04:39:16Z
2021-07-09,TCI,9.97,10.03,9.32,9.45,210432,KBS,2026-10-09T04:39:16Z
2021-07-12,TCI,9.32,9.32,8.21,8.8,359500,KBS,2026-10-09T04:39:16Z
2021-07-13,TCI,8.53,8.8,8.47,8.67,185300,KBS,2026-10-09T04:39:16Z
2021-07-14,TCI,8.67,8.8,8.4,8.6,109600,KBS,2026-10-09T04:39:16Z
2021-07-15,TCI,8.6,8.86,8.34,8.8,104100,KBS,2026-10-09T04:39:16Z
2021-07-16,TCI,8.99,8.99,8.67,8.73,62450,KBS,2026-10-09T04:39:16Z
2021-07-19,TCI,8.67,8.67,7.82,7.95,236700,KBS,2026-10-09T04:39:16Z
2021-07-20,TCI,8.08,8.73,8.01,8.53,161200,KBS,2026-10-09T04:39:16Z
2021-07-21,TCI,8.53,8.8,8.4,8.6,148800,KBS,2026-10-09T04:39:16Z
2021-07-22,TCI,8.67,8.73,8.27,8.73,186600,KBS,2026-10-09T04:39:16Z
2021-07-23,TCI,8.6,8.73,8.47,8.53,74800,KBS,2026-10-09T04:39:16Z
2021-07-26,TCI,8.53,8.6,8.21,8.53,66700,KBS,2026-10-09T04:39:16Z
2021-07-27,TCI,8.47,8.73,8.47,8.53,71700,KBS,2026-10-09T04:39:16Z
2021-07-28,TCI,8.6,8.67,8.34,8.47,32200,KBS,2026-10-09T04:39:16Z
2021-07-29,TCI,8.53,8.67,8.4,8.67,56500,KBS,2026-10-09T04:39:16Z
2021-07-30,TCI,8.6,8.86,8.47,8.8,187100,KBS,2026-10-09T04:39:16Z
2021-08-02,TCI,8.8,8.99,8.67,8.8,121400,KBS,2026-10-09T04:39:16Z
2021-08-03,TCI,8.86,8.86,8.53,8.8,128600,KBS,2026-10-09T04:39:16Z
2021-08-04,TCI,8.86,9.06,8.86,8.99,233000,KBS,2026-10-09T04:39:16Z
2021-08-05,TCI,8.99,9.06,8.86,8.99,54400,KBS,2026-10-09T04:39:16Z
2021-08-06,TCI,8.93,8.99,8.93,8.93,127100,KBS,2026-10-09T04:39:16Z
2021-08-09,TCI,8.86,9.45,8.8,9.32,377000,KBS,2026-10-09T04:39:16Z
2021-08-10,TCI,9.32,9.77,9.32,9.58,115500,KBS,2026-10-09T04:39:16Z
2021-08-11,TCI,9.51,10.03,9.51,9.64,338418,KBS,2026-10-09T04:39:16Z
2021-08-12,TCI,9.58,9.58,9.32,9.38,170600,KBS,2026-10-09T04:39:16Z
2021-08-13,TCI,9.12,9.45,9.06,9.45,130100,KBS,2026-10-09T04:39:16Z
2021-08-16,TCI,9.45,10.42,9.45,10.42,536002,KBS,2026-10-09T04:39:16Z
2021-08-17,TCI,10.42,10.49,10.1,10.29,381377,KBS,2026-10-09T04:39:16Z
2021-08-18,TCI,10.29,11.08,10.16,10.81,518602,KBS,2026-10-09T04:39:16Z
2021-08-19,TCI,10.68,11.6,10.42,11.4,794043,KBS,2026-10-09T04:39:16Z
2021-08-20,TCI,11.4,11.73,10.81,11.4,799119,KBS,2026-10-09T04:39:16Z
2021-08-23,TCI,11.4,13.1,11.4,13.1,1147200,KBS,2026-10-09T04:39:16Z
2021-08-24,TCI,14.01,14.59,11.08,13.36,1124661,KBS,2026-10-09T04:39:16Z
2021-08-25,TCI,13.42,13.42,12.12,12.7,292700,KBS,2026-10-09T04:39:16Z
2021-08-26,TCI,12.44,13.62,12.12,12.96,739900,KBS,2026-10-09T04:39:16Z
2021-08-27,TCI,12.83,13.36,12.7,13.36,474500,KBS,2026-10-09T04:39:16Z
2021-08-30,TCI,12.96,13.36,12.9,13.23,377524,KBS,2026-10-09T04:39:16Z
2021-08-31,TCI,13.23,14.33,13.23,13.68,1110512,KBS,2026-10-09T04:39:16Z
2021-09-01,TCI,13.75,14.01,13.36,13.68,656541,KBS,2026-10-09T04:39:16Z
2021-09-06,TCI,13.62,13.75,13.1,13.49,766910,KBS,2026-10-09T04:39:16Z
2021-09-07,TCI,13.55,13.55,13.03,13.29,1000609,KBS,2026-10-09T04:39:16Z
2021-09-08,TCI,13.23,13.68,12.96,13.29,647700,KBS,2026-10-09T04:39:16Z
2021-09-09,TCI,13.03,14.07,13.03,13.68,841555,KBS,2026-10-09T04:39:16Z
2021-09-10,TCI,14.01,14.2,13.75,13.94,870120,KBS,2026-10-09T04:39:16Z
2021-09-13,TCI,14.33,14.33,13.42,13.68,543700,KBS,2026-10-09T04:39:16Z
2021-09-14,TCI,13.68,13.68,13.03,13.1,520055,KBS,2026-10-09T04:39:16Z
2021-09-15,TCI,13.16,13.29,12.44,13.1,772520,KBS,2026-10-09T04:39:16Z
2021-09-16,TCI,13.23,13.29,12.83,13.1,248100,KBS,2026-10-09T04:39:16Z
2021-09-17,TCI,13.23,13.62,13.23,13.55,599337,KBS,2026-10-09T04:39:16Z
2021-09-20,TCI,13.62,14.33,13.16,13.42,827800,KBS,2026-10-09T04:39:16Z
2021-09-21,TCI,13.03,13.29,12.83,13.1,519051,KBS,2026-10-09T04:39:16Z
2021-09-22,TCI,13.1,13.1,12.77,13.03,647829,KBS,2026-10-09T04:39:16Z
2021-09-23,TCI,13.29,13.42,12.83,13.03,357530,KBS,2026-10-09T04:39:16Z
2021-09-24,TCI,13.03,13.16,12.7,12.77,373100,KBS,2026-10-09T04:39:16Z
2021-09-27,TCI,12.83,12.83,11.73,11.79,807239,KBS,2026-10-09T04:39:16Z
2021-09-28,TCI,11.79,12.57,11.21,12.44,523450,KBS,2026-10-09T04:39:16Z
2021-09-29,TCI,12.38,12.64,11.99,12.25,310120,KBS,2026-10-09T04:39:16Z
2021-09-30,TCI,12.64,12.7,12.25,12.44,293330,KBS,2026-10-09T04:39:16Z
2021-10-01,TCI,12.51,12.51,12.25,12.51,341100,KBS,2026-10-09T04:39:16Z
2021-10-04,TCI,12.51,12.64,12.05,12.12,247600,KBS,2026-10-09T04:39:16Z
2021-10-05,TCI,12.38,12.83,12.12,12.57,448400,KBS,2026-10-09T04:39:16Z
2021-10-06,TCI,12.9,13.03,12.38,12.38,573510,KBS,2026-10-09T04:39:16Z
2021-10-07,TCI,13.95,14.38,13.51,13.77,653850,KBS,2026-10-09T04:39:16Z
2021-10-08,TCI,13.95,14.38,13.43,13.69,429618,KBS,2026-10-09T04:39:16Z
2021-10-11,TCI,13.77,13.77,13.43,13.6,336409,KBS,2026-10-09T04:39:16Z
2021-10-12,TCI,13.6,13.6,13.16,13.51,526901,KBS,2026-10-09T04:39:16Z
2021-10-13,TCI,13.34,13.77,13.16,13.6,354128,KBS,2026-10-09T04:39:16Z
2021-10-14,TCI,13.95,13.95,13.51,13.69,356228,KBS,2026-10-09T04:39:16Z
2021-10-15,TCI,13.69,13.86,13.6,13.77,721200,KBS,2026-10-09T04:39:16Z
2021-10-18,TCI,13.95,15.52,13.95,15.26,1396416,KBS,2026-10-09T04:39:16Z
2021-10-19,TCI,15.69,16.48,15.17,16.13,1163032,KBS,2026-10-09T04:39:16Z
2021-10-20,TCI,16.13,16.3,14.99,15.78,597351,KBS,2026-10-09T04:39:16Z
2021-10-21,TCI,15.61,15.78,14.73,15.61,684600,KBS,2026-10-09T04:39:16Z
2021-10-22,TCI,15.61,15.78,15.26,15.52,478030,KBS,2026-10-09T04:39:16Z
2021-10-25,TCI,15.43,15.61,15.17,15.34,718428,KBS,2026-10-09T04:39:16Z
2021-10-26,TCI,15.26,15.61,14.91,15.34,390246,KBS,2026-10-09T04:39:16Z
2021-10-27,TCI,15.52,15.52,15.17,15.52,466700,KBS,2026-10-09T04:39:16Z
2021-10-28,TCI,15.52,16.48,15.52,16.3,976334,KBS,2026-10-09T04:39:16Z
2021-10-29,TCI,16.3,16.3,15.69,15.95,545700,KBS,2026-10-09T04:39:16Z
2021-11-01,TCI,15.95,17.17,15.78,16.74,966140,KBS,2026-10-09T04:39:16Z
2021-11-02,TCI,16.74,17.87,16.74,17.61,847528,KBS,2026-10-09T04:39:16Z
2021-11-03,TCI,17.44,18.66,17.44,18.13,1092296,KBS,2026-10-09T04:39:16Z
2021-11-04,TCI,18.05,20.05,17.61,19.44,1154012,KBS,2026-10-09T04:39:16Z
2021-11-05,TCI,19.18,20.05,19.18,19.7,835746,KBS,2026-10-09T04:39:16Z
2021-11-08,TCI,19.88,20.23,19.44,19.7,905939,KBS,2026-10-09T04:39:16Z
2021-11-09,TCI,19.7,19.88,19.35,19.62,814230,KBS,2026-10-09T04:39:16Z
2021-11-10,TCI,19.62,20.4,19.53,20.14,620641,KBS,2026-10-09T04:39:16Z
2021-11-11,TCI,20.23,21.01,19.79,20.49,578140,KBS,2026-10-09T04:39:16Z
2021-11-12,TCI,20.49,20.92,20.31,20.84,711500,KBS,2026-10-09T04:39:16Z
2021-11-15,TCI,20.84,23.1,20.84,22.58,777278,KBS,2026-10-09T04:39:16Z
2021-11-16,TCI,22.58,23.1,22.06,22.67,538261,KBS,2026-10-09T04:39:16Z
2021-11-17,TCI,22.93,23.54,22.06,23.28,650200,KBS,2026-10-09T04:39:16Z
2021-11-18,TCI,23.36,26.5,23.19,25.89,778681,KBS,2026-10-09T04:39:16Z
2021-11-19,TCI,26.24,27.9,22.23,25.81,876562,KBS,2026-10-09T04:39:16Z
2021-11-22,TCI,25.72,27.03,23.54,23.97,1013800,KBS,2026-10-09T04:39:16Z
2021-11-23,TCI,24.41,25.19,23.1,24.5,1328636,KBS,2026-10-09T04:39:16Z
2021-11-24,TCI,25.28,25.63,24.06,24.67,602249,KBS,2026-10-09T04:39:16Z
2021-11-25,TCI,24.76,26.15,24.41,25.63,641655,KBS,2026-10-09T04:39:16Z
2021-11-26,TCI,25.63,25.98,24.41,24.67,756825,KBS,2026-10-09T04:39:16Z
2021-11-29,TCI,24.41,24.76,23.54,24.58,804000,KBS,2026-10-09T04:39:16Z
2021-11-30,TCI,24.67,25.19,24.06,24.32,662012,KBS,2026-10-09T04:39:16Z
2021-12-01,TCI,24.5,24.5,23.36,23.63,645636,KBS,2026-10-09T04:39:16Z
2021-12-02,TCI,23.54,23.97,22.84,22.93,647400,KBS,2026-10-09T04:39:16Z
2021-12-03,TCI,23.1,23.19,21.1,21.36,1194384,KBS,2026-10-09T04:39:16Z
2021-12-06,TCI,21.1,21.36,18.83,19.18,702701,KBS,2026-10-09T04:39:16Z
2021-12-07,TCI,20.05,21.1,19.7,21.1,485820,KBS,2026-10-09T04:39:16Z
2021-12-08,TCI,21.62,21.62,20.23,20.92,238530,KBS,2026-10-09T04:39:16Z
2021-12-09,TCI,20.49,20.57,19.96,20.49,565100,KBS,2026-10-09T04:39:16Z
2021-12-10,TCI,20.49,20.49,19.88,19.96,417646,KBS,2026-10-09T04:39:16Z
2021-12-13,TCI,20.31,20.31,19.62,19.88,650022,KBS,2026-10-09T04:39:16Z
2021-12-14,TCI,19.88,20.57,19.53,19.62,623800,KBS,2026-10-09T04:39:16Z
2021-12-15,TCI,19.88,19.88,19.18,19.44,397401,KBS,2026-10-09T04:39:16Z
2021-12-16,TCI,19.44,19.7,19.18,19.35,318788,KBS,2026-10-09T04:39:16Z
2021-12-17,TCI,19.27,20.05,19.18,19.96,710500,KBS,2026-10-09T04:39:16Z
2021-12-20,TCI,19.18,20.4,19.18,19.88,635800,KBS,2026-10-09T04:39:16Z
2021-12-21,TCI,19.96,19.96,19.44,19.62,244060,KBS,2026-10-09T04:39:16Z
2021-12-22,TCI,19.62,19.62,17.87,18.74,724000,KBS,2026-10-09T04:39:16Z
2021-12-23,TCI,18.22,18.74,17.17,17.35,925516,KBS,2026-10-09T04:39:16Z
2021-12-24,TCI,17.52,17.52,16.39,16.74,1311271,KBS,2026-10-09T04:39:16Z
2021-12-27,TCI,16.91,17.7,16.74,17.44,1466949,KBS,2026-10-09T04:39:16Z
2021-12-28,TCI,17.7,17.78,16.91,17.09,1035815,KBS,2026-10-09T04:39:16Z
2021-12-29,TCI,17.17,18.05,16.91,17.87,1944037,KBS,2026-10-09T04:39:16Z
2021-12-30,TCI,17.87,19.88,17.78,19.88,1420630,KBS,2026-10-09T04:39:16Z
2021-12-31,TCI,21.79,21.79,20.23,20.57,1716937,KBS,2026-10-09T04:39:16Z
2022-01-04,TCI,20.75,21.71,19.96,20.92,1639431,KBS,2026-10-09T04:39:16Z
2022-01-05,TCI,20.92,21.62,20.57,20.92,1517252,KBS,2026-10-09T04:39:16Z
2022-01-06,TCI,20.92,20.92,20.31,20.57,983713,KBS,2026-10-09T04:39:16Z
2022-01-07,TCI,20.66,21.1,20.14,20.66,1321607,KBS,2026-10-09T04:39:16Z
2022-01-10,TCI,20.66,21.18,19.53,19.53,1688635,KBS,2026-10-09T04:39:16Z
2022-01-11,TCI,19.44,20.31,18.74,19.09,1161258,KBS,2026-10-09T04:39:16Z
2022-01-12,TCI,19.09,19.88,18.31,19.35,1152926,KBS,2026-10-09T04:39:16Z
2022-01-13,TCI,19.35,19.62,17.52,17.87,922532,KBS,2026-10-09T04:39:16Z
2022-01-14,TCI,18.22,18.22,17.44,17.78,659633,KBS,2026-10-09T04:39:16Z
2022-01-17,TCI,17.78,17.78,15.08,15.34,1656857,KBS,2026-10-09T04:39:16Z
2022-01-18,TCI,15.69,15.69,14.38,14.65,906256,KBS,2026-10-09T04:39:16Z
2022-01-19,TCI,14.65,16.04,14.65,15.78,562248,KBS,2026-10-09T04:39:16Z
2022-01-20,TCI,15.87,16.39,15.43,16.22,585656,KBS,2026-10-09T04:39:16Z
2022-01-21,TCI,16.22,16.3,15.43,15.52,715355,KBS,2026-10-09T04:39:16Z
2022-01-24,TCI,15.52,15.52,13.95,14.3,677397,KBS,2026-10-09T04:39:16Z
2022-01-25,TCI,14.3,14.47,13.51,14.12,595261,KBS,2026-10-09T04:39:16Z
2022-01-26,TCI,14.12,14.47,13.77,14.21,418820,KBS,2026-10-09T04:39:16Z
2022-01-27,TCI,14.21,14.73,13.95,13.95,555320,KBS,2026-10-09T04:39:16Z
2022-01-28,TCI,13.95,14.65,13.95,14.65,302352,KBS,2026-10-09T04:39:16Z
2022-02-07,TCI,14.82,15.34,14.65,15.26,327828,KBS,2026-10-09T04:39:16Z
2022-02-08,TCI,15.26,15.26,14.82,15.17,296280,KBS,2026-10-09T04:39:16Z
2022-02-09,TCI,15.08,15.95,14.91,15.69,632319,KBS,2026-10-09T04:39:16Z
2022-02-10,TCI,15.69,16.3,15.69,16.04,854305,KBS,2026-10-09T04:39:16Z
2022-02-11,TCI,16.04,16.04,15.69,16.04,451233,KBS,2026-10-09T04:39:16Z
2022-02-14,TCI,16.04,16.04,14.82,14.91,1004553,KBS,2026-10-09T04:39:16Z
2022-02-15,TCI,14.91,15.52,14.82,15.17,485615,KBS,2026-10-09T04:39:16Z
2022-02-16,TCI,15.08,15.69,15.08,15.52,398131,KBS,2026-10-09T04:39:16Z
2022-02-17,TCI,15.43,15.52,15.17,15.52,299387,KBS,2026-10-09T04:39:16Z
2022-02-18,TCI,15.43,16.83,15.17,16.56,1343325,KBS,2026-10-09T04:39:16Z
2022-02-21,TCI,16.48,17.26,16.48,17.17,990233,KBS,2026-10-09T04:39:16Z
2022-02-22,TCI,17.0,17.0,16.13,16.65,787194,KBS,2026-10-09T04:39:16Z
2022-02-23,TCI,16.48,16.91,16.48,16.74,488221,KBS,2026-10-09T04:39:16Z
2022-02-24,TCI,16.65,17.0,15.17,16.3,1269207,KBS,2026-10-09T04:39:16Z
2022-02-25,TCI,16.13,17.0,16.13,16.74,857398,KBS,2026-10-09T04:39:16Z
2022-02-28,TCI,16.74,17.0,16.56,16.65,385955,KBS,2026-10-09T04:39:16Z
2022-03-01,TCI,17.0,17.96,16.83,17.61,1372494,KBS,2026-10-09T04:39:16Z
2022-03-02,TCI,17.61,17.78,17.0,17.26,886157,KBS,2026-10-09T04:39:16Z
2022-03-03,TCI,17.26,17.44,17.09,17.35,656072,KBS,2026-10-09T04:39:16Z
2022-03-04,TCI,17.35,17.96,17.26,17.52,1096364,KBS,2026-10-09T04:39:16Z
2022-03-07,TCI,17.7,17.7,17.26,17.44,788196,KBS,2026-10-09T04:39:16Z
2022-03-08,TCI,17.26,17.7,16.91,17.17,987150,KBS,2026-10-09T04:39:16Z
2022-03-09,TCI,17.17,17.17,16.22,16.74,1274552,KBS,2026-10-09T04:39:16Z
2022-03-10,TCI,16.74,17.26,16.65,16.74,559098,KBS,2026-10-09T04:39:16Z
2022-03-11,TCI,16.74,16.83,16.22,16.48,652667,KBS,2026-10-09T04:39:16Z
2022-03-14,TCI,16.13,16.13,15.26,15.69,840234,KBS,2026-10-09T04:39:16Z
2022-03-15,TCI,15.69,16.13,15.34,16.04,422972,KBS,2026-10-09T04:39:16Z
2022-03-16,TCI,16.04,16.22,15.78,15.87,384340,KBS,2026-10-09T04:39:16Z
2022-03-17,TCI,15.95,16.22,15.87,16.04,896239,KBS,2026-10-09T04:39:16Z
2022-03-18,TCI,16.65,16.65,15.95,16.13,502579,KBS,2026-10-09T04:39:16Z
2022-03-21,TCI,16.39,16.39,16.22,16.22,680570,KBS,2026-10-09T04:39:16Z
2022-03-22,TCI,16.39,16.65,16.3,16.39,1152640,KBS,2026-10-09T04:39:16Z
2022-03-23,TCI,16.48,16.65,16.22,16.3,961943,KBS,2026-10-09T04:39:16Z
2022-03-24,TCI,16.3,16.3,15.78,16.13,847639,KBS,2026-10-09T04:39:16Z
2022-03-25,TCI,16.13,16.13,15.87,16.13,994446,KBS,2026-10-09T04:39:16Z
2022-03-28,TCI,15.95,16.13,15.43,15.69,1013929,KBS,2026-10-09T04:39:16Z
2022-03-29,TCI,15.69,15.78,15.61,15.69,826942,KBS,2026-10-09T04:39:16Z
2022-03-30,TCI,15.61,15.87,15.26,15.43,771168,KBS,2026-10-09T04:39:16Z
2022-03-31,TCI,15.52,15.52,15.08,15.17,798154,KBS,2026-10-09T04:39:16Z
2022-04-01,TCI,15.17,15.34,14.65,15.26,725616,KBS,2026-10-09T04:39:16Z
2022-04-04,TCI,15.26,16.22,15.26,15.87,2164526,KBS,2026-10-09T04:39:16Z
2022-04-05,TCI,15.87,15.95,15.61,15.69,500196,KBS,2026-10-09T04:39:16Z
2022-04-06,TCI,15.61,15.78,15.26,15.61,487332,KBS,2026-10-09T04:39:16Z
2022-04-07,TCI,15.34,15.61,15.08,15.34,696245,KBS,2026-10-09T04:39:16Z
2022-04-08,TCI,15.26,15.34,14.73,14.82,588873,KBS,2026-10-09T04:39:16Z
2022-04-12,TCI,14.91,15.08,14.3,14.47,555404,KBS,2026-10-09T04:39:16Z
2022-04-13,TCI,14.47,14.56,13.69,14.56,480231,KBS,2026-10-09T04:39:16Z
2022-04-14,TCI,14.56,14.56,13.95,14.12,282790,KBS,2026-10-09T04:39:16Z
2022-04-15,TCI,14.21,14.3,13.77,13.86,546424,KBS,2026-10-09T04:39:16Z
2022-04-18,TCI,13.95,13.95,12.03,12.47,851424,KBS,2026-10-09T04:39:16Z
2022-04-19,TCI,12.64,12.9,11.86,11.94,698451,KBS,2026-10-09T04:39:16Z
2022-04-20,TCI,12.21,12.21,11.42,11.77,841828,KBS,2026-10-09T04:39:16Z
2022-04-21,TCI,10.55,11.77,10.11,11.25,1554040,KBS,2026-10-09T04:39:16Z
2022-04-22,TCI,10.46,11.68,10.46,11.68,804840,KBS,2026-10-09T04:39:16Z
2022-04-25,TCI,11.77,11.77,10.46,10.64,664930,KBS,2026-10-09T04:39:16Z
2022-04-26,TCI,11.07,11.16,10.2,11.07,1093055,KBS,2026-10-09T04:39:16Z
2022-04-27,TCI,10.64,11.07,10.55,11.07,344956,KBS,2026-10-09T04:39:16Z
2022-04-28,TCI,11.07,11.51,10.9,11.16,396980,KBS,2026-10-09T04:39:16Z
2022-04-29,TCI,11.16,11.33,10.98,11.33,412537,KBS,2026-10-09T04:39:16Z
2022-05-04,TCI,11.33,11.33,10.9,10.98,225972,KBS,2026-10-09T04:39:16Z
2022-05-05,TCI,10.98,11.07,10.46,10.72,565640,KBS,2026-10-09T04:39:16Z
2022-05-06,TCI,10.64,10.64,9.85,9.94,730391,KBS,2026-10-09T04:39:16Z
2022-05-09,TCI,9.94,9.94,8.63,8.63,867607,KBS,2026-10-09T04:39:16Z
2022-05-10,TCI,8.37,9.15,8.19,8.98,362052,KBS,2026-10-09T04:39:16Z
2022-05-11,TCI,8.98,9.07,8.63,8.81,426520,KBS,2026-10-09T04:39:16Z
2022-05-12,TCI,8.54,8.81,7.85,8.02,383281,KBS,2026-10-09T04:39:16Z
2022-05-13,TCI,7.85,8.28,7.5,7.76,746120,KBS,2026-10-09T04:39:16Z
2022-05-16,TCI,7.85,8.72,7.85,8.37,660310,KBS,2026-10-09T04:39:16Z
2022-05-17,TCI,8.37,9.42,8.19,9.33,486202,KBS,2026-10-09T04:39:16Z
2022-05-18,TCI,9.33,9.33,8.98,9.07,488675,KBS,2026-10-09T04:39:16Z
2022-05-19,TCI,8.63,9.07,8.63,8.98,297328,KBS,2026-10-09T04:39:16Z
2022-05-20,TCI,8.98,9.07,8.89,8.98,224788,KBS,2026-10-09T04:39:16Z
2022-05-23,TCI,9.07,9.15,8.46,8.63,276723,KBS,2026-10-09T04:39:16Z
2022-05-24,TCI,8.72,8.89,8.37,8.81,294800,KBS,2026-10-09T04:39:16Z
2022-05-25,TCI,8.89,9.15,8.81,9.15,488330,KBS,2026-10-09T04:39:16Z
2022-05-26,TCI,9.15,10.03,8.89,9.68,1218027,KBS,2026-10-09T04:39:16Z
2022-05-27,TCI,9.68,9.94,9.5,9.94,341000,KBS,2026-10-09T04:39:16Z
2022-05-30,TCI,9.94,9.94,9.59,9.76,189918,KBS,2026-10-09T04:39:16Z
2022-05-31,TCI,9.85,9.85,9.33,9.5,556382,KBS,2026-10-09T04:39:16Z
2022-06-01,TCI,9.59,9.59,9.15,9.24,302859,KBS,2026-10-09T04:39:16Z
2022-06-02,TCI,9.24,9.42,8.81,8.89,419128,KBS,2026-10-09T04:39:16Z
2022-06-03,TCI,8.98,8.98,8.72,8.89,238000,KBS,2026-10-09T04:39:16Z
2022-06-06,TCI,8.81,9.15,8.63,8.89,267448,KBS,2026-10-09T04:39:16Z
2022-06-07,TCI,8.89,8.89,8.46,8.81,223239,KBS,2026-10-09T04:39:16Z
2022-06-08,TCI,8.63,9.07,8.63,8.98,333700,KBS,2026-10-09T04:39:16Z
2022-06-09,TCI,9.07,9.15,8.81,9.07,174700,KBS,2026-10-09T04:39:16Z
2022-06-10,TCI,8.98,8.98,8.72,8.81,176400,KBS,2026-10-09T04:39:16Z
2022-06-13,TCI,8.72,8.72,8.02,8.11,491188,KBS,2026-10-09T04:39:16Z
2022-06-14,TCI,8.11,8.19,7.85,8.02,313640,KBS,2026-10-09T04:39:16Z
2022-06-15,TCI,7.93,8.11,7.32,7.58,308999,KBS,2026-10-09T04:39:16Z
2022-06-16,TCI,7.67,7.85,7.41,7.41,166641,KBS,2026-10-09T04:39:16Z
2022-06-17,TCI,7.41,7.58,7.06,7.24,677100,KBS,2026-10-09T04:39:16Z
2022-06-20,TCI,7.41,7.58,7.06,7.06,414416,KBS,2026-10-09T04:39:16Z
2022-06-21,TCI,7.15,7.32,6.8,6.97,285208,KBS,2026-10-09T04:39:16Z
2022-06-22,TCI,6.97,7.32,6.97,7.24,144600,KBS,2026-10-09T04:39:16Z
2022-06-23,TCI,7.24,7.32,6.97,7.24,131700,KBS,2026-10-09T04:39:16Z
2022-06-24,TCI,7.32,7.41,7.24,7.32,166592,KBS,2026-10-09T04:39:16Z
2022-06-27,TCI,7.41,7.76,7.24,7.67,199343,KBS,2026-10-09T04:39:16Z
2022-06-28,TCI,7.67,7.76,7.5,7.67,124156,KBS,2026-10-09T04:39:16Z
2022-06-29,TCI,7.76,7.85,7.5,7.67,218244,KBS,2026-10-09T04:39:16Z
2022-06-30,TCI,7.76,7.85,7.41,7.85,336736,KBS,2026-10-09T04:39:16Z
2022-07-01,TCI,7.58,7.67,7.24,7.58,161000,KBS,2026-10-09T04:39:16Z
2022-07-04,TCI,7.67,8.02,7.67,7.76,183565,KBS,2026-10-09T04:39:16Z
2022-07-05,TCI,7.76,7.76,7.58,7.58,120168,KBS,2026-10-09T04:39:16Z
2022-07-06,TCI,7.41,7.58,7.24,7.24,151500,KBS,2026-10-09T04:39:16Z
2022-07-07,TCI,7.24,7.41,6.97,7.24,139800,KBS,2026-10-09T04:39:16Z
2022-07-08,TCI,7.32,7.58,7.24,7.41,193814,KBS,2026-10-09T04:39:16Z
2022-07-11,TCI,7.41,7.5,7.24,7.41,79100,KBS,2026-10-09T04:39:16Z
2022-07-12,TCI,7.32,7.76,7.24,7.67,353600,KBS,2026-10-09T04:39:16Z
2022-07-13,TCI,7.67,7.93,7.67,7.85,300767,KBS,2026-10-09T04:39:16Z
2022-07-14,TCI,7.76,8.54,7.76,8.37,598246,KBS,2026-10-09T04:39:16Z
2022-07-15,TCI,8.11,8.46,8.02,8.11,395605,KBS,2026-10-09T04:39:16Z
2022-07-18,TCI,8.11,8.37,8.02,8.28,166820,KBS,2026-10-09T04:39:16Z
2022-07-19,TCI,8.11,8.11,7.93,8.02,200715,KBS,2026-10-09T04:39:16Z
2022-07-20,TCI,8.19,8.54,8.02,8.46,609590,KBS,2026-10-09T04:39:16Z
2022-07-21,TCI,8.37,8.46,8.19,8.28,226215,KBS,2026-10-09T04:39:16Z
2022-07-22,TCI,8.37,8.54,8.02,8.11,230024,KBS,2026-10-09T04:39:16Z
2022-07-25,TCI,8.02,8.11,7.76,7.93,275356,KBS,2026-10-09T04:39:16Z
2022-07-26,TCI,7.85,8.02,7.85,7.85,155214,KBS,2026-10-09T04:39:16Z
2022-07-27,TCI,7.76,8.02,7.67,8.02,71021,KBS,2026-10-09T04:39:16Z
2022-07-28,TCI,8.02,8.19,7.93,7.93,343100,KBS,2026-10-09T04:39:16Z
2022-07-29,TCI,8.02,8.11,7.93,8.02,243303,KBS,2026-10-09T04:39:16Z
2022-08-01,TCI,8.02,8.72,8.02,8.54,1266597,KBS,2026-10-09T04:39:16Z
2022-08-02,TCI,8.54,8.81,8.54,8.63,597600,KBS,2026-10-09T04:39:16Z
2022-08-03,TCI,8.54,9.15,8.46,8.98,722602,KBS,2026-10-09T04:39:16Z
2022-08-04,TCI,8.98,9.15,8.72,8.89,742000,KBS,2026-10-09T04:39:16Z
2022-08-05,TCI,8.89,9.24,8.81,9.07,661267,KBS,2026-10-09T04:39:16Z
2022-08-08,TCI,9.07,9.33,8.98,9.07,713700,KBS,2026-10-09T04:39:16Z
2022-08-09,TCI,9.15,9.24,8.89,9.07,484888,KBS,2026-10-09T04:39:16Z
2022-08-10,TCI,8.98,9.15,8.98,9.07,341124,KBS,2026-10-09T04:39:16Z
2022-08-11,TCI,9.15,9.76,9.07,9.33,1218250,KBS,2026-10-09T04:39:16Z
2022-08-12,TCI,9.33,9.59,9.24,9.59,427596,KBS,2026-10-09T04:39:16Z
2022-08-15,TCI,9.59,9.94,9.59,9.85,807500,KBS,2026-10-09T04:39:16Z
2022-08-16,TCI,9.94,9.94,9.59,9.68,396405,KBS,2026-10-09T04:39:16Z
2022-08-17,TCI,9.59,9.94,9.33,9.5,412033,KBS,2026-10-09T04:39:16Z
2022-08-18,TCI,9.5,9.76,9.33,9.5,531760,KBS,2026-10-09T04:39:16Z
2022-08-19,TCI,9.59,9.85,9.5,9.76,589000,KBS,2026-10-09T04:39:16Z
2022-08-22,TCI,9.85,9.85,9.5,9.5,282380,KBS,2026-10-09T04:39:16Z
2022-08-23,TCI,9.42,9.76,9.33,9.68,397263,KBS,2026-10-09T04:39:16Z
2022-08-24,TCI,9.76,10.03,9.68,9.94,693222,KBS,2026-10-09T04:39:16Z
2022-08-25,TCI,9.94,10.11,9.94,10.11,451802,KBS,2026-10-09T04:39:16Z
2022-08-26,TCI,10.11,10.11,9.68,9.68,368291,KBS,2026-10-09T04:39:16Z
2022-08-29,TCI,9.42,9.59,9.07,9.42,752290,KBS,2026-10-09T04:39:16Z
2022-08-30,TCI,9.5,9.5,9.15,9.24,163300,KBS,2026-10-09T04:39:16Z
2022-08-31,TCI,9.15,9.33,9.07,9.33,230848,KBS,2026-10-09T04:39:16Z
2022-09-05,TCI,9.33,9.33,8.98,8.98,339135,KBS,2026-10-09T04:39:16Z
2022-09-06,TCI,9.15,9.24,9.07,9.24,209986,KBS,2026-10-09T04:39:16Z
2022-09-07,TCI,9.15,9.15,8.72,8.81,305895,KBS,2026-10-09T04:39:16Z
2022-09-08,TCI,8.98,8.98,8.54,8.63,216000,KBS,2026-10-09T04:39:16Z
2022-09-09,TCI,8.72,8.81,8.46,8.81,245825,KBS,2026-10-09T04:39:16Z
2022-09-12,TCI,8.81,8.81,8.63,8.63,181359,KBS,2026-10-09T04:39:16Z
2022-09-13,TCI,8.72,8.72,8.54,8.63,90629,KBS,2026-10-09T04:39:16Z
2022-09-14,TCI,8.54,8.54,8.28,8.46,285427,KBS,2026-10-09T04:39:16Z
2022-09-15,TCI,8.46,8.54,8.28,8.46,140868,KBS,2026-10-09T04:39:16Z
2022-09-16,TCI,8.28,8.37,7.93,8.11,223611,KBS,2026-10-09T04:39:16Z
2022-09-19,TCI,8.11,8.11,7.67,7.76,242742,KBS,2026-10-09T04:39:16Z
2022-09-20,TCI,7.93,9.07,7.76,8.89,518945,KBS,2026-10-09T04:39:16Z
2022-09-21,TCI,8.63,8.63,8.28,8.46,291742,KBS,2026-10-09T04:39:16Z
2022-09-22,TCI,8.37,8.72,8.19,8.54,227557,KBS,2026-10-09T04:39:16Z
2022-09-23,TCI,8.63,8.63,8.28,8.54,174101,KBS,2026-10-09T04:39:16Z
2022-09-26,TCI,8.19,8.28,7.85,8.02,201128,KBS,2026-10-09T04:39:16Z
2022-09-27,TCI,8.02,8.37,7.93,8.02,253803,KBS,2026-10-09T04:39:16Z
2022-09-28,TCI,7.85,8.11,7.85,7.93,81904,KBS,2026-10-09T04:39:16Z
2022-09-29,TCI,8.19,8.28,7.76,7.76,79336,KBS,2026-10-09T04:39:16Z
2022-09-30,TCI,7.93,7.93,7.06,7.67,293035,KBS,2026-10-09T04:39:16Z
2022-10-03,TCI,7.76,7.76,7.06,7.24,222051,KBS,2026-10-09T04:39:16Z
2022-10-04,TCI,7.32,7.5,7.06,7.24,210279,KBS,2026-10-09T04:39:16Z
2022-10-05,TCI,7.24,7.85,7.24,7.58,208319,KBS,2026-10-09T04:39:16Z
2022-10-06,TCI,7.58,7.85,7.15,7.5,168224,KBS,2026-10-09T04:39:16Z
2022-10-07,TCI,7.15,7.67,6.71,6.97,397160,KBS,2026-10-09T04:39:16Z
2022-10-10,TCI,6.89,7.15,6.36,6.97,234348,KBS,2026-10-09T04:39:16Z
2022-10-11,TCI,6.8,6.89,6.02,6.02,246810,KBS,2026-10-09T04:39:16Z
2022-10-12,TCI,6.97,6.97,5.93,6.54,221180,KBS,2026-10-09T04:39:16Z
2022-10-13,TCI,6.97,7.24,6.54,6.8,194410,KBS,2026-10-09T04:39:16Z
2022-10-14,TCI,6.97,7.32,6.63,7.06,262900,KBS,2026-10-09T04:39:16Z
2022-10-17,TCI,7.15,7.32,6.8,6.97,143306,KBS,2026-10-09T04:39:16Z
2022-10-18,TCI,7.06,7.24,7.06,7.15,96128,KBS,2026-10-09T04:39:16Z
2022-10-19,TCI,7.24,7.24,6.89,6.89,139776,KBS,2026-10-09T04:39:16Z
2022-10-20,TCI,6.89,6.97,6.71,6.71,70821,KBS,2026-10-09T04:39:16Z
2022-10-21,TCI,6.8,6.8,6.1,6.19,243999,KBS,2026-10-09T04:39:16Z
2022-10-24,TCI,6.28,6.36,5.67,5.75,401760,KBS,2026-10-09T04:39:16Z
2022-10-25,TCI,5.84,6.54,5.58,6.02,665001,KBS,2026-10-09T04:39:16Z
2022-10-26,TCI,6.45,6.54,6.1,6.19,339500,KBS,2026-10-09T04:39:16Z
2022-10-27,TCI,6.45,6.71,6.28,6.63,435972,KBS,2026-10-09T04:39:16Z
2022-10-28,TCI,6.8,6.97,6.63,6.71,683909,KBS,2026-10-09T04:39:16Z
2022-10-31,TCI,6.8,6.89,6.28,6.63,157632,KBS,2026-10-09T04:39:16Z
2022-11-01,TCI,6.71,6.71,6.54,6.63,188378,KBS,2026-10-09T04:39:16Z
2022-11-02,TCI,6.63,6.63,6.36,6.63,129505,KBS,2026-10-09T04:39:16Z
2022-11-03,TCI,6.36,6.54,6.28,6.36,47758,KBS,2026-10-09T04:39:16Z
2022-11-04,TCI,6.36,6.36,5.75,5.84,247602,KBS,2026-10-09T04:39:16Z
2022-11-07,TCI,5.93,5.93,5.41,5.41,133998,KBS,2026-10-09T04:39:16Z
2022-11-08,TCI,5.84,5.84,5.49,5.67,194500,KBS,2026-10-09T04:39:16Z
2022-11-09,TCI,5.84,5.93,5.67,5.75,127400,KBS,2026-10-09T04:39:16Z
2022-11-10,TCI,5.93,5.93,4.97,4.97,272526,KBS,2026-10-09T04:39:16Z
2022-11-11,TCI,5.23,5.75,4.97,5.23,233628,KBS,2026-10-09T04:39:16Z
2022-11-14,TCI,5.41,5.49,4.79,4.79,282601,KBS,2026-10-09T04:39:16Z
2022-11-15,TCI,5.23,5.23,4.36,4.36,1684047,KBS,2026-10-09T04:39:16Z
2022-11-16,TCI,4.45,5.06,3.84,4.71,1559450,KBS,2026-10-09T04:39:16Z
2022-11-17,TCI,5.06,5.23,4.36,5.14,403612,KBS,2026-10-09T04:39:16Z
2022-11-18,TCI,5.32,5.67,4.88,5.58,728461,KBS,2026-10-09T04:39:16Z
2022-11-21,TCI,5.67,5.93,5.41,5.58,305869,KBS,2026-10-09T04:39:16Z
2022-11-22,TCI,5.75,6.19,5.58,5.75,457188,KBS,2026-10-09T04:39:16Z
2022-11-23,TCI,5.75,5.75,5.41,5.49,101305,KBS,2026-10-09T04:39:16Z
2022-11-24,TCI,5.75,5.84,5.32,5.58,79300,KBS,2026-10-09T04:39:16Z
2022-11-25,TCI,5.67,5.84,5.41,5.75,368044,KBS,2026-10-09T04:39:16Z
2022-11-28,TCI,5.67,6.19,5.67,6.02,504200,KBS,2026-10-09T04:39:16Z
2022-11-29,TCI,6.1,6.19,5.75,6.1,556330,KBS,2026-10-09T04:39:16Z
2022-11-30,TCI,6.19,6.19,5.93,6.02,353670,KBS,2026-10-09T04:39:16Z
2022-12-01,TCI,6.02,6.45,6.02,6.1,828475,KBS,2026-10-09T04:39:16Z
2022-12-02,TCI,6.1,6.54,5.93,6.54,581039,KBS,2026-10-09T04:39:16Z
2022-12-05,TCI,6.54,6.8,6.36,6.63,719516,KBS,2026-10-09T04:39:16Z
2022-12-06,TCI,6.45,6.54,5.75,5.84,522665,KBS,2026-10-09T04:39:16Z
2022-12-07,TCI,5.84,6.02,5.58,5.58,669526,KBS,2026-10-09T04:39:16Z
2022-12-08,TCI,5.67,6.19,5.67,6.1,353286,KBS,2026-10-09T04:39:16Z
2022-12-09,TCI,6.02,6.02,5.75,5.93,230111,KBS,2026-10-09T04:39:16Z
2022-12-12,TCI,6.02,6.19,5.75,5.75,364301,KBS,2026-10-09T04:39:16Z
2022-12-13,TCI,5.84,6.1,5.75,6.02,175220,KBS,2026-10-09T04:39:16Z
2022-12-14,TCI,6.1,6.19,6.02,6.1,266000,KBS,2026-10-09T04:39:16Z
2022-12-15,TCI,6.02,6.1,5.84,6.02,220200,KBS,2026-10-09T04:39:16Z
2022-12-16,TCI,5.93,6.54,5.93,6.54,1171645,KBS,2026-10-09T04:39:16Z
2022-12-19,TCI,6.36,6.89,6.36,6.54,698214,KBS,2026-10-09T04:39:16Z
2022-12-20,TCI,6.54,6.63,6.19,6.28,364684,KBS,2026-10-09T04:39:16Z
2022-12-21,TCI,6.45,6.45,5.93,6.02,474012,KBS,2026-10-09T04:39:16Z
2022-12-22,TCI,6.1,6.28,5.84,6.02,233000,KBS,2026-10-09T04:39:16Z
2022-12-23,TCI,5.93,6.02,5.93,6.02,105300,KBS,2026-10-09T04:39:16Z
2022-12-26,TCI,6.02,6.02,5.49,5.58,198359,KBS,2026-10-09T04:39:16Z
2022-12-27,TCI,5.58,6.1,5.58,6.1,195100,KBS,2026-10-09T04:39:16Z
2022-12-28,TCI,6.1,6.1,5.84,5.93,150400,KBS,2026-10-09T04:39:16Z
2022-12-29,TCI,5.93,6.02,5.84,6.02,81355,KBS,2026-10-09T04:39:16Z
2022-12-30,TCI,5.93,6.1,5.93,6.1,120688,KBS,2026-10-09T04:39:16Z
2023-01-03,TCI,6.02,6.45,6.02,6.28,314993,KBS,2026-10-09T04:39:16Z
2023-01-04,TCI,6.36,6.54,6.28,6.36,402799,KBS,2026-10-09T04:39:16Z
2023-01-05,TCI,6.45,6.54,6.28,6.45,297400,KBS,2026-10-09T04:39:16Z
2023-01-06,TCI,6.54,6.89,6.54,6.71,879790,KBS,2026-10-09T04:39:16Z
2023-01-09,TCI,6.8,6.89,6.63,6.63,391934,KBS,2026-10-09T04:39:16Z
2023-01-10,TCI,6.63,6.71,6.54,6.71,248120,KBS,2026-10-09T04:39:16Z
2023-01-11,TCI,6.8,6.89,6.63,6.8,290921,KBS,2026-10-09T04:39:16Z
2023-01-12,TCI,6.8,6.97,6.71,6.8,175400,KBS,2026-10-09T04:39:16Z
2023-01-13,TCI,6.8,7.5,6.8,7.06,211101,KBS,2026-10-09T04:39:16Z
2023-01-16,TCI,7.06,7.32,6.97,7.24,324901,KBS,2026-10-09T04:39:16Z
2023-01-17,TCI,7.24,7.41,7.15,7.41,142912,KBS,2026-10-09T04:39:16Z
2023-01-18,TCI,7.5,7.76,7.32,7.32,119140,KBS,2026-10-09T04:39:16Z
2023-01-19,TCI,7.41,7.76,7.32,7.5,601912,KBS,2026-10-09T04:39:16Z
2023-01-27,TCI,7.5,7.67,7.41,7.5,25260,KBS,2026-10-09T04:39:16Z
2023-01-30,TCI,7.41,7.5,7.15,7.15,355500,KBS,2026-10-09T04:39:16Z
2023-01-31,TCI,7.06,7.41,7.06,7.41,176620,KBS,2026-10-09T04:39:16Z
2023-02-01,TCI,7.58,7.76,7.06,7.15,264008,KBS,2026-10-09T04:39:16Z
2023-02-02,TCI,7.24,7.24,6.97,7.24,424572,KBS,2026-10-09T04:39:16Z
2023-02-03,TCI,7.15,7.15,7.06,7.06,44836,KBS,2026-10-09T04:39:16Z
2023-02-06,TCI,6.97,7.15,6.8,7.06,273278,KBS,2026-10-09T04:39:16Z
2023-02-07,TCI,7.06,7.06,6.71,6.71,115207,KBS,2026-10-09T04:39:16Z
2023-02-08,TCI,6.8,6.8,6.54,6.71,98768,KBS,2026-10-09T04:39:16Z
2023-02-09,TCI,6.71,6.71,6.63,6.63,51000,KBS,2026-10-09T04:39:16Z
2023-02-10,TCI,6.54,6.63,6.28,6.28,164508,KBS,2026-10-09T04:39:16Z
2023-02-13,TCI,6.28,6.8,5.84,6.02,385420,KBS,2026-10-09T04:39:16Z
2023-02-14,TCI,6.02,6.1,5.93,6.02,55209,KBS,2026-10-09T04:39:16Z
2023-02-15,TCI,6.02,6.19,6.02,6.1,65559,KBS,2026-10-09T04:39:16Z
2023-02-16,TCI,6.1,6.19,6.1,6.19,47300,KBS,2026-10-09T04:39:16Z
2023-02-17,TCI,6.1,6.19,6.02,6.1,66432,KBS,2026-10-09T04:39:16Z
2023-02-20,TCI,6.19,6.54,6.19,6.54,332018,KBS,2026-10-09T04:39:16Z
2023-02-21,TCI,6.63,6.63,6.45,6.45,213220,KBS,2026-10-09T04:39:16Z
2023-02-22,TCI,6.36,6.45,6.28,6.28,276182,KBS,2026-10-09T04:39:16Z
2023-02-23,TCI,6.28,6.36,6.1,6.28,187700,KBS,2026-10-09T04:39:16Z
2023-02-24,TCI,6.36,6.36,6.1,6.19,159260,KBS,2026-10-09T04:39:16Z
2023-02-27,TCI,6.1,6.19,6.02,6.02,126950,KBS,2026-10-09T04:39:16Z
2023-02-28,TCI,6.1,6.28,6.1,6.19,54344,KBS,2026-10-09T04:39:16Z
2023-03-01,TCI,6.19,6.45,6.1,6.45,238160,KBS,2026-10-09T04:39:16Z
2023-03-02,TCI,6.28,6.45,6.28,6.36,55404,KBS,2026-10-09T04:39:16Z
2023-03-03,TCI,6.36,6.45,6.28,6.28,27704,KBS,2026-10-09T04:39:16Z
2023-03-06,TCI,6.36,6.54,6.28,6.36,313309,KBS,2026-10-09T04:39:16Z
2023-03-07,TCI,6.45,6.54,6.28,6.36,179253,KBS,2026-10-09T04:39:16Z
2023-03-08,TCI,6.36,6.63,6.28,6.54,383700,KBS,2026-10-09T04:39:16Z
2023-03-09,TCI,6.45,6.71,6.45,6.54,255020,KBS,2026-10-09T04:39:16Z
2023-03-10,TCI,6.54,6.63,6.45,6.54,179050,KBS,2026-10-09T04:39:16Z
2023-03-13,TCI,6.54,6.54,6.28,6.45,154699,KBS,2026-10-09T04:39:16Z
2023-03-14,TCI,6.54,6.54,6.28,6.36,143900,KBS,2026-10-09T04:39:16Z
2023-03-15,TCI,6.45,6.97,6.45,6.8,450951,KBS,2026-10-09T04:39:16Z
2023-03-16,TCI,6.63,6.71,6.54,6.54,141402,KBS,2026-10-09T04:39:16Z
2023-03-17,TCI,6.63,6.71,6.54,6.71,162240,KBS,2026-10-09T04:39:16Z
2023-03-20,TCI,6.71,6.71,6.45,6.45,93438,KBS,2026-10-09T04:39:16Z
2023-03-21,TCI,6.54,6.63,6.45,6.63,132934,KBS,2026-10-09T04:39:16Z
2023-03-22,TCI,6.63,6.63,6.54,6.63,162158,KBS,2026-10-09T04:39:16Z
2023-03-23,TCI,6.54,6.8,6.54,6.8,201454,KBS,2026-10-09T04:39:16Z
2023-03-24,TCI,6.89,6.89,6.71,6.8,88522,KBS,2026-10-09T04:39:16Z
2023-03-27,TCI,6.89,7.06,6.71,6.89,169634,KBS,2026-10-09T04:39:16Z
2023-03-28,TCI,6.89,6.97,6.71,6.89,395700,KBS,2026-10-09T04:39:16Z
2023-03-29,TCI,6.71,6.8,6.71,6.8,86727,KBS,2026-10-09T04:39:16Z
2023-03-30,TCI,6.89,6.97,6.71,6.71,88422,KBS,2026-10-09T04:39:16Z
2023-03-31,TCI,6.8,6.89,6.54,6.89,348600,KBS,2026-10-09T04:39:16Z
2023-04-03,TCI,6.97,7.06,6.8,6.97,309700,KBS,2026-10-09T04:39:16Z
2023-04-04,TCI,6.97,7.24,6.97,7.15,306331,KBS,2026-10-09T04:39:16Z
2023-04-05,TCI,7.06,7.32,7.06,7.32,224600,KBS,2026-10-09T04:39:16Z
2023-04-06,TCI,7.24,7.5,7.06,7.24,345481,KBS,2026-10-09T04:39:16Z
2023-04-07,TCI,7.24,7.32,7.06,7.32,157041,KBS,2026-10-09T04:39:16Z
2023-04-10,TCI,7.32,7.58,7.24,7.24,295554,KBS,2026-10-09T04:39:16Z
2023-04-11,TCI,7.32,7.32,7.06,7.32,148713,KBS,2026-10-09T04:39:16Z
2023-04-12,TCI,7.41,7.5,7.15,7.24,157601,KBS,2026-10-09T04:39:16Z
2023-04-13,TCI,7.24,7.32,7.06,7.06,131617,KBS,2026-10-09T04:39:16Z
2023-04-14,TCI,7.15,7.24,6.97,7.06,119201,KBS,2026-10-09T04:39:16Z
2023-04-17,TCI,7.06,7.06,6.89,7.06,139120,KBS,2026-10-09T04:39:16Z
2023-04-18,TCI,7.06,7.15,7.06,7.15,61515,KBS,2026-10-09T04:39:16Z
2023-04-19,TCI,7.24,7.24,6.97,7.06,95500,KBS,2026-10-09T04:39:16Z
2023-04-20,TCI,7.06,7.15,6.8,6.97,75401,KBS,2026-10-09T04:39:16Z
2023-04-21,TCI,6.97,7.24,6.89,7.06,101304,KBS,2026-10-09T04:39:16Z
2023-04-24,TCI,7.15,7.24,6.97,7.15,169700,KBS,2026-10-09T04:39:16Z
2023-04-25,TCI,7.06,7.15,6.89,6.97,106190,KBS,2026-10-09T04:39:16Z
2023-04-26,TCI,6.89,6.97,6.8,6.97,59836,KBS,2026-10-09T04:39:16Z
2023-04-27,TCI,6.97,6.97,6.89,6.97,94600,KBS,2026-10-09T04:39:16Z
2023-04-28,TCI,6.97,7.06,6.89,7.06,109137,KBS,2026-10-09T04:39:16Z
2023-05-04,TCI,6.97,7.15,6.97,7.06,138270,KBS,2026-10-09T04:39:16Z
2023-05-05,TCI,7.06,7.24,7.06,7.24,174281,KBS,2026-10-09T04:39:16Z
2023-05-08,TCI,7.24,8.11,7.24,7.93,950823,KBS,2026-10-09T04:39:16Z
2023-05-09,TCI,7.93,8.11,7.58,7.85,240467,KBS,2026-10-09T04:39:16Z
2023-05-10,TCI,7.85,8.02,7.76,7.93,358914,KBS,2026-10-09T04:39:16Z
2023-05-11,TCI,7.85,8.02,7.67,7.76,234716,KBS,2026-10-09T04:39:16Z
2023-05-12,TCI,7.85,8.02,7.67,8.02,323141,KBS,2026-10-09T04:39:16Z
2023-05-15,TCI,8.02,8.37,7.85,7.93,271330,KBS,2026-10-09T04:39:16Z
2023-05-16,TCI,7.93,8.11,7.85,7.85,219900,KBS,2026-10-09T04:39:16Z
2023-05-17,TCI,8.02,8.02,7.76,7.76,360300,KBS,2026-10-09T04:39:16Z
2023-05-18,TCI,7.85,8.11,7.76,8.02,492470,KBS,2026-10-09T04:39:16Z
2023-05-19,TCI,8.02,8.11,7.85,8.02,203534,KBS,2026-10-09T04:39:16Z
2023-05-22,TCI,8.02,8.28,8.02,8.19,246158,KBS,2026-10-09T04:39:16Z
2023-05-23,TCI,8.19,8.46,8.11,8.37,414832,KBS,2026-10-09T04:39:16Z
2023-05-24,TCI,8.37,8.46,8.19,8.28,213970,KBS,2026-10-09T04:39:16Z
2023-05-25,TCI,8.28,8.28,7.93,8.11,187169,KBS,2026-10-09T04:39:16Z
2023-05-26,TCI,8.11,8.19,7.93,8.11,131655,KBS,2026-10-09T04:39:16Z
2023-05-29,TCI,8.02,8.28,8.02,8.28,325869,KBS,2026-10-09T04:39:16Z
2023-05-30,TCI,8.28,8.37,8.02,8.28,303700,KBS,2026-10-09T04:39:16Z
2023-05-31,TCI,8.28,8.89,8.28,8.63,923088,KBS,2026-10-09T04:39:16Z
2023-06-01,TCI,8.63,8.72,8.46,8.63,273905,KBS,2026-10-09T04:39:16Z
2023-06-02,TCI,8.63,8.89,8.46,8.72,339738,KBS,2026-10-09T04:39:16Z
2023-06-05,TCI,8.81,8.89,8.63,8.72,415439,KBS,2026-10-09T04:39:16Z
2023-06-06,TCI,8.72,8.89,8.54,8.89,447986,KBS,2026-10-09T04:39:16Z
2023-06-07,TCI,8.81,9.07,8.72,8.98,302141,KBS,2026-10-09T04:39:16Z
2023-06-08,TCI,9.07,9.42,9.07,9.15,588980,KBS,2026-10-09T04:39:16Z
2023-06-09,TCI,9.15,9.24,8.98,9.24,422709,KBS,2026-10-09T04:39:16Z
2023-06-12,TCI,9.24,9.42,9.07,9.15,287109,KBS,2026-10-09T04:39:16Z
2023-06-13,TCI,9.24,9.33,9.15,9.33,293035,KBS,2026-10-09T04:39:16Z
2023-06-14,TCI,9.24,9.33,8.89,8.89,345294,KBS,2026-10-09T04:39:16Z
2023-06-15,TCI,8.98,8.98,8.81,8.98,229114,KBS,2026-10-09T04:39:16Z
2023-06-16,TCI,8.98,9.33,8.89,9.07,403910,KBS,2026-10-09T04:39:16Z
2023-06-19,TCI,8.98,9.07,8.89,9.07,300610,KBS,2026-10-09T04:39:16Z
2023-06-20,TCI,9.07,9.24,8.98,9.24,394637,KBS,2026-10-09T04:39:16Z
2023-06-21,TCI,9.24,9.5,9.24,9.5,437600,KBS,2026-10-09T04:39:16Z
2023-06-22,TCI,9.5,9.59,9.42,9.59,262256,KBS,2026-10-09T04:39:16Z
2023-06-23,TCI,9.59,9.68,9.24,9.42,311328,KBS,2026-10-09T04:39:16Z
2023-06-26,TCI,9.33,9.33,8.98,9.15,336857,KBS,2026-10-09T04:39:16Z
2023-06-27,TCI,9.15,9.24,9.07,9.15,174121,KBS,2026-10-09T04:39:16Z
2023-06-28,TCI,9.15,9.24,9.07,9.15,166184,KBS,2026-10-09T04:39:16Z
2023-06-29,TCI,9.15,9.15,8.89,8.98,104924,KBS,2026-10-09T04:39:16Z
2023-06-30,TCI,8.89,8.98,8.81,8.89,118143,KBS,2026-10-09T04:39:16Z
2023-07-03,TCI,8.89,9.07,8.81,8.89,121749,KBS,2026-10-09T04:39:16Z
2023-07-04,TCI,8.81,9.33,8.81,9.33,337600,KBS,2026-10-09T04:39:16Z
2023-07-05,TCI,9.15,9.24,9.15,9.15,252160,KBS,2026-10-09T04:39:16Z
2023-07-06,TCI,9.15,9.24,8.89,9.07,306192,KBS,2026-10-09T04:39:16Z
2023-07-07,TCI,8.98,9.07,8.89,9.07,129226,KBS,2026-10-09T04:39:16Z
2023-07-10,TCI,8.98,9.24,8.98,9.24,216690,KBS,2026-10-09T04:39:16Z
2023-07-11,TCI,9.24,9.5,9.24,9.33,511266,KBS,2026-10-09T04:39:16Z
2023-07-12,TCI,9.33,9.42,9.15,9.24,249634,KBS,2026-10-09T04:39:16Z
2023-07-13,TCI,9.24,9.5,9.15,9.33,457389,KBS,2026-10-09T04:39:16Z
2023-07-14,TCI,9.33,9.68,9.33,9.68,1337632,KBS,2026-10-09T04:39:16Z
2023-07-17,TCI,9.68,9.94,9.59,9.76,639133,KBS,2026-10-09T04:39:16Z
2023-07-18,TCI,9.76,9.76,9.42,9.5,764219,KBS,2026-10-09T04:39:16Z
2023-07-19,TCI,9.59,9.59,9.33,9.42,510901,KBS,2026-10-09T04:39:16Z
2023-07-20,TCI,9.33,9.42,9.24,9.42,231368,KBS,2026-10-09T04:39:16Z
2023-07-21,TCI,9.33,9.5,9.24,9.5,323830,KBS,2026-10-09T04:39:16Z
2023-07-24,TCI,9.42,9.5,9.33,9.5,402470,KBS,2026-10-09T04:39:16Z
2023-07-25,TCI,9.5,9.59,9.33,9.42,412911,KBS,2026-10-09T04:39:16Z
2023-07-26,TCI,9.33,9.33,9.24,9.33,279127,KBS,2026-10-09T04:39:16Z
2023-07-27,TCI,9.33,9.42,8.89,9.15,529291,KBS,2026-10-09T04:39:16Z
2023-07-28,TCI,9.15,9.5,9.07,9.42,479030,KBS,2026-10-09T04:39:16Z
2023-07-31,TCI,9.5,9.5,9.33,9.42,504908,KBS,2026-10-09T04:39:16Z
2023-08-01,TCI,9.42,9.42,9.15,9.24,419118,KBS,2026-10-09T04:39:16Z
2023-08-02,TCI,9.15,9.33,9.07,9.33,236080,KBS,2026-10-09T04:39:16Z
2023-08-03,TCI,9.33,9.33,9.15,9.15,195131,KBS,2026-10-09T04:39:16Z
2023-08-04,TCI,9.15,9.42,9.15,9.42,281921,KBS,2026-10-09T04:39:16Z
2023-08-07,TCI,9.24,10.2,9.24,10.2,1881848,KBS,2026-10-09T04:39:16Z
2023-08-08,TCI,10.29,10.55,9.94,10.03,1456135,KBS,2026-10-09T04:39:16Z
2023-08-09,TCI,10.11,10.55,10.03,10.29,1088642,KBS,2026-10-09T04:39:16Z
2023-08-10,TCI,10.29,10.37,10.11,10.11,976821,KBS,2026-10-09T04:39:16Z
2023-08-11,TCI,10.2,10.46,10.03,10.46,1096917,KBS,2026-10-09T04:39:16Z
2023-08-14,TCI,10.64,11.16,10.55,11.07,2548591,KBS,2026-10-09T04:39:16Z
2023-08-15,TCI,11.07,11.16,10.64,10.81,1446402,KBS,2026-10-09T04:39:16Z
2023-08-16,TCI,10.81,10.9,10.55,10.81,1452371,KBS,2026-10-09T04:39:16Z
2023-08-17,TCI,10.98,11.25,10.81,10.9,1931180,KBS,2026-10-09T04:39:16Z
2023-08-18,TCI,10.9,10.9,9.76,9.94,2097640,KBS,2026-10-09T04:39:16Z
2023-08-21,TCI,9.94,10.37,9.85,10.2,1020221,KBS,2026-10-09T04:39:16Z
2023-08-22,TCI,10.03,10.29,9.5,10.29,1089613,KBS,2026-10-09T04:39:16Z
2023-08-23,TCI,10.29,10.55,10.11,10.29,1744549,KBS,2026-10-09T04:39:16Z
2023-08-24,TCI,10.37,10.55,10.11,10.55,1077784,KBS,2026-10-09T04:39:16Z
2023-08-25,TCI,10.46,10.55,10.2,10.29,996235,KBS,2026-10-09T04:39:16Z
2023-08-28,TCI,10.46,10.55,10.29,10.46,824359,KBS,2026-10-09T04:39:16Z
2023-08-29,TCI,10.46,10.9,10.46,10.81,1140758,KBS,2026-10-09T04:39:16Z
2023-08-30,TCI,10.81,11.07,10.46,11.07,1683001,KBS,2026-10-09T04:39:16Z
2023-08-31,TCI,11.16,11.25,10.9,11.07,1192791,KBS,2026-10-09T04:39:16Z
2023-09-05,TCI,11.16,11.33,10.81,10.98,1477882,KBS,2026-10-09T04:39:16Z
2023-09-06,TCI,10.98,11.59,10.72,11.42,1650371,KBS,2026-10-09T04:39:16Z
2023-09-07,TCI,11.33,11.51,11.16,11.33,1232853,KBS,2026-10-09T04:39:16Z
2023-09-08,TCI,11.33,11.51,11.25,11.33,1249847,KBS,2026-10-09T04:39:16Z
2023-09-11,TCI,11.42,11.68,10.9,11.07,1681485,KBS,2026-10-09T04:39:16Z
2023-09-12,TCI,11.16,11.68,10.98,11.59,2022052,KBS,2026-10-09T04:39:16Z
2023-09-13,TCI,11.59,12.21,11.59,11.94,1961681,KBS,2026-10-09T04:39:16Z
2023-09-14,TCI,11.86,12.03,11.68,11.77,1441224,KBS,2026-10-09T04:39:16Z
2023-09-15,TCI,11.94,11.94,11.42,11.59,925942,KBS,2026-10-09T04:39:16Z
2023-09-18,TCI,11.68,11.68,11.25,11.33,839800,KBS,2026-10-09T04:39:16Z
2023-09-19,TCI,11.33,11.42,10.98,11.33,848536,KBS,2026-10-09T04:39:16Z
2023-09-20,TCI,11.33,11.77,11.33,11.77,874524,KBS,2026-10-09T04:39:16Z
2023-09-21,TCI,11.77,11.94,11.16,11.25,1786082,KBS,2026-10-09T04:39:16Z
2023-09-22,TCI,10.98,11.07,10.11,10.55,2103503,KBS,2026-10-09T04:39:16Z
2023-09-25,TCI,10.37,10.46,9.15,9.33,1690780,KBS,2026-10-09T04:39:16Z
2023-09-26,TCI,9.24,10.11,9.15,9.42,1080517,KBS,2026-10-09T04:39:16Z
2023-09-27,TCI,9.5,10.03,9.24,9.94,882963,KBS,2026-10-09T04:39:16Z
2023-09-28,TCI,9.76,9.85,9.5,9.68,452593,KBS,2026-10-09T04:39:16Z
2023-09-29,TCI,9.85,10.03,9.59,9.68,457314,KBS,2026-10-09T04:39:16Z
2023-10-02,TCI,9.59,9.85,9.59,9.76,299405,KBS,2026-10-09T04:39:16Z
2023-10-03,TCI,9.76,9.76,8.89,8.98,1051144,KBS,2026-10-09T04:39:16Z
2023-10-04,TCI,8.81,9.33,8.63,9.15,931552,KBS,2026-10-09T04:39:16Z
2023-10-05,TCI,9.15,9.15,8.81,8.81,343502,KBS,2026-10-09T04:39:16Z
2023-10-06,TCI,8.72,9.15,8.63,9.07,904404,KBS,2026-10-09T04:39:16Z
2023-10-09,TCI,8.98,9.24,8.98,9.24,344341,KBS,2026-10-09T04:39:16Z
2023-10-10,TCI,9.33,9.42,9.24,9.24,470491,KBS,2026-10-09T04:39:16Z
2023-10-11,TCI,9.33,9.68,9.24,9.68,523426,KBS,2026-10-09T04:39:16Z
2023-10-12,TCI,9.59,9.76,9.5,9.5,306630,KBS,2026-10-09T04:39:16Z
2023-10-13,TCI,9.42,9.76,9.42,9.76,533740,KBS,2026-10-09T04:39:16Z
2023-10-16,TCI,9.68,9.85,9.5,9.5,304405,KBS,2026-10-09T04:39:16Z
2023-10-17,TCI,9.59,9.76,9.15,9.24,550399,KBS,2026-10-09T04:39:16Z
2023-10-18,TCI,9.24,9.33,8.81,9.07,724435,KBS,2026-10-09T04:39:16Z
2023-10-19,TCI,9.07,9.07,8.72,8.89,442671,KBS,2026-10-09T04:39:16Z
2023-10-20,TCI,8.89,9.15,8.72,9.15,254266,KBS,2026-10-09T04:39:16Z
2023-10-23,TCI,8.98,9.24,8.98,9.07,302355,KBS,2026-10-09T04:39:16Z
2023-10-24,TCI,9.07,9.24,9.07,9.15,183807,KBS,2026-10-09T04:39:16Z
2023-10-25,TCI,9.15,9.15,8.98,9.07,197215,KBS,2026-10-09T04:39:16Z
2023-10-26,TCI,9.07,9.07,8.11,8.37,1049230,KBS,2026-10-09T04:39:16Z
2023-10-27,TCI,8.28,8.63,8.28,8.54,418237,KBS,2026-10-09T04:39:16Z
2023-10-30,TCI,8.46,8.46,8.11,8.19,192926,KBS,2026-10-09T04:39:16Z
2023-10-31,TCI,8.37,8.37,7.76,7.93,291070,KBS,2026-10-09T04:39:16Z
2023-11-01,TCI,8.11,8.46,7.93,8.28,236970,KBS,2026-10-09T04:39:16Z
2023-11-02,TCI,8.37,9.07,8.37,8.81,542749,KBS,2026-10-09T04:39:16Z
2023-11-03,TCI,8.81,8.89,8.63,8.72,136300,KBS,2026-10-09T04:39:16Z
2023-11-06,TCI,8.89,8.89,8.63,8.72,128145,KBS,2026-10-09T04:39:16Z
2023-11-07,TCI,8.72,8.89,8.63,8.72,211947,KBS,2026-10-09T04:39:16Z
2023-11-08,TCI,8.63,9.33,8.63,9.24,660292,KBS,2026-10-09T04:39:16Z
2023-11-09,TCI,9.33,9.5,9.15,9.15,836568,KBS,2026-10-09T04:39:16Z
2023-11-10,TCI,9.15,9.42,8.89,9.07,652790,KBS,2026-10-09T04:39:16Z
2023-11-13,TCI,9.07,9.24,9.07,9.07,287849,KBS,2026-10-09T04:39:16Z
2023-11-14,TCI,9.15,9.42,9.15,9.33,766749,KBS,2026-10-09T04:39:16Z
2023-11-15,TCI,9.33,9.59,9.24,9.33,626169,KBS,2026-10-09T04:39:16Z
2023-11-16,TCI,9.33,9.33,9.15,9.33,305250,KBS,2026-10-09T04:39:16Z
2023-11-17,TCI,9.24,10.46,9.24,9.76,2715052,KBS,2026-10-09T04:39:16Z
2023-11-20,TCI,9.59,10.03,9.24,10.03,545628,KBS,2026-10-09T04:39:16Z
2023-11-21,TCI,10.03,10.2,9.76,9.94,504566,KBS,2026-10-09T04:39:16Z
2023-11-22,TCI,10.03,10.29,9.94,10.29,629203,KBS,2026-10-09T04:39:16Z
2023-11-23,TCI,10.2,10.29,9.59,9.85,828531,KBS,2026-10-09T04:39:16Z
2023-11-24,TCI,9.85,10.2,9.68,10.2,1249081,KBS,2026-10-09T04:39:16Z
2023-11-27,TCI,9.94,10.29,9.94,10.29,642773,KBS,2026-10-09T04:39:16Z
2023-11-28,TCI,10.2,11.07,10.2,10.98,2440542,KBS,2026-10-09T04:39:16Z
2023-11-29,TCI,11.16,11.59,11.07,11.33,2277700,KBS,2026-10-09T04:39:16Z
2023-11-30,TCI,11.33,11.33,10.9,10.98,675006,KBS,2026-10-09T04:39:16Z
2023-12-01,TCI,11.07,11.16,10.72,10.9,614846,KBS,2026-10-09T04:39:16Z
2023-12-04,TCI,10.9,12.03,10.9,12.03,3359218,KBS,2026-10-09T04:39:16Z
2023-12-05,TCI,12.03,12.12,11.77,11.86,1076198,KBS,2026-10-09T04:39:16Z
2023-12-06,TCI,11.94,11.94,11.59,11.86,1022852,KBS,2026-10-09T04:39:16Z
2023-12-07,TCI,11.77,11.86,11.16,11.42,1553667,KBS,2026-10-09T04:39:16Z
2023-12-08,TCI,11.51,11.51,11.07,11.25,884129,KBS,2026-10-09T04:39:16Z
2023-12-11,TCI,11.25,11.33,10.9,11.07,585661,KBS,2026-10-09T04:39:16Z
2023-12-12,TCI,11.07,11.16,10.98,11.07,310596,KBS,2026-10-09T04:39:16Z
2023-12-13,TCI,11.16,11.16,10.72,10.81,698508,KBS,2026-10-09T04:39:16Z
2023-12-14,TCI,10.9,10.98,10.55,10.72,830020,KBS,2026-10-09T04:39:16Z
2023-12-15,TCI,10.72,10.9,10.46,10.72,469880,KBS,2026-10-09T04:39:16Z
2023-12-18,TCI,10.64,10.72,10.46,10.64,280729,KBS,2026-10-09T04:39:16Z
2023-12-19,TCI,10.72,10.81,10.55,10.81,249100,KBS,2026-10-09T04:39:16Z
2023-12-20,TCI,10.72,10.9,10.64,10.81,288266,KBS,2026-10-09T04:39:16Z
2023-12-21,TCI,10.81,10.81,10.64,10.72,123905,KBS,2026-10-09T04:39:16Z
2023-12-22,TCI,10.81,11.51,10.81,11.25,900449,KBS,2026-10-09T04:39:16Z
2023-12-25,TCI,11.25,11.51,10.98,11.42,670659,KBS,2026-10-09T04:39:16Z
2023-12-26,TCI,11.42,11.51,11.25,11.33,475983,KBS,2026-10-09T04:39:16Z
2023-12-27,TCI,11.33,11.59,11.33,11.51,649020,KBS,2026-10-09T04:39:16Z
2023-12-28,TCI,11.51,11.68,11.33,11.68,619805,KBS,2026-10-09T04:39:16Z
2023-12-29,TCI,11.94,12.29,11.86,11.94,1638144,KBS,2026-10-09T04:39:16Z
2024-01-02,TCI,12.03,12.12,11.68,11.86,711122,KBS,2026-10-09T04:39:16Z
2024-01-03,TCI,11.86,11.94,11.59,11.77,704225,KBS,2026-10-09T04:39:16Z
2024-01-04,TCI,11.77,12.03,11.68,11.77,852747,KBS,2026-10-09T04:39:16Z
2024-01-05,TCI,11.86,11.86,11.68,11.77,429796,KBS,2026-10-09T04:39:16Z
2024-01-08,TCI,11.86,12.29,11.86,12.12,1300188,KBS,2026-10-09T04:39:16Z
2024-01-09,TCI,12.12,12.73,12.12,12.64,1830164,KBS,2026-10-09T04:39:16Z
2024-01-10,TCI,12.64,12.64,12.38,12.47,1063457,KBS,2026-10-09T04:39:16Z
2024-01-11,TCI,12.38,12.55,12.03,12.21,1488489,KBS,2026-10-09T04:39:16Z
2024-01-12,TCI,12.21,12.21,11.77,11.77,1287185,KBS,2026-10-09T04:39:16Z
2024-01-26,TCI,11.94,12.12,11.73,11.77,607100,KBS,2026-10-09T04:39:16Z
2024-01-29,TCI,11.81,11.94,11.16,11.16,1058500,KBS,2026-10-09T04:39:16Z
2024-01-30,TCI,11.12,11.12,10.68,10.85,1101000,KBS,2026-10-09T04:39:16Z
2024-01-31,TCI,10.72,11.25,10.72,10.85,444600,KBS,2026-10-09T04:39:16Z
2024-02-01,TCI,10.72,11.03,10.72,10.94,194600,KBS,2026-10-09T04:39:16Z
2024-02-02,TCI,10.94,11.29,10.94,11.2,409200,KBS,2026-10-09T04:39:16Z
2024-02-05,TCI,11.29,11.59,11.25,11.51,586800,KBS,2026-10-09T04:39:16Z
2024-02-06,TCI,11.68,11.68,11.46,11.51,469300,KBS,2026-10-09T04:39:16Z
2024-02-07,TCI,11.64,11.64,11.33,11.33,657800,KBS,2026-10-09T04:39:16Z
2024-02-15,TCI,11.29,11.51,11.29,11.51,407600,KBS,2026-10-09T04:39:16Z
2024-02-16,TCI,11.51,11.51,11.33,11.38,371600,KBS,2026-10-09T04:39:16Z
2024-02-19,TCI,11.42,11.46,11.16,11.16,440100,KBS,2026-10-09T04:39:16Z
2024-02-20,TCI,11.2,11.38,11.16,11.2,606400,KBS,2026-10-09T04:39:16Z
2024-02-21,TCI,11.2,11.29,11.07,11.16,245000,KBS,2026-10-09T04:39:16Z
2024-02-22,TCI,11.16,11.68,11.07,11.42,667200,KBS,2026-10-09T04:39:16Z
2024-02-23,TCI,11.51,11.51,11.03,11.12,420200,KBS,2026-10-09T04:39:16Z
2024-02-26,TCI,11.12,11.51,11.07,11.42,544400,KBS,2026-10-09T04:39:16Z
2024-02-27,TCI,11.46,11.55,11.29,11.51,571200,KBS,2026-10-09T04:39:16Z
2024-02-28,TCI,11.59,11.59,11.42,11.51,520100,KBS,2026-10-09T04:39:16Z
2024-02-29,TCI,11.51,11.68,11.33,11.42,688600,KBS,2026-10-09T04:39:16Z
2024-03-01,TCI,11.51,11.68,11.46,11.46,350500,KBS,2026-10-09T04:39:16Z
2024-03-04,TCI,11.77,11.77,11.38,11.38,654100,KBS,2026-10-09T04:39:16Z
2024-03-05,TCI,11.51,11.51,11.16,11.46,743500,KBS,2026-10-09T04:39:16Z
2024-03-06,TCI,11.51,11.51,11.07,11.16,675500,KBS,2026-10-09T04:39:16Z
2024-03-07,TCI,11.2,11.77,11.2,11.68,1861300,KBS,2026-10-09T04:39:16Z
2024-03-08,TCI,11.77,12.12,11.59,11.77,1672200,KBS,2026-10-09T04:39:16Z
2024-03-11,TCI,11.81,11.81,11.42,11.51,725200,KBS,2026-10-09T04:39:16Z
2024-03-12,TCI,11.64,11.64,11.29,11.33,754800,KBS,2026-10-09T04:39:16Z
2024-03-13,TCI,11.33,11.94,11.29,11.94,1208000,KBS,2026-10-09T04:39:16Z
2024-03-14,TCI,11.81,12.12,11.59,11.77,1077700,KBS,2026-10-09T04:39:16Z
2024-03-15,TCI,11.77,11.77,11.51,11.59,583900,KBS,2026-10-09T04:39:16Z
2024-03-18,TCI,11.77,11.77,10.85,11.2,1533700,KBS,2026-10-09T04:39:16Z
2024-03-19,TCI,11.2,11.29,10.94,11.03,453100,KBS,2026-10-09T04:39:16Z
2024-03-20,TCI,11.03,11.25,10.98,11.25,948600,KBS,2026-10-09T04:39:16Z
2024-03-21,TCI,11.42,11.46,11.2,11.33,491900,KBS,2026-10-09T04:39:16Z
2024-03-22,TCI,11.33,11.42,11.25,11.33,686000,KBS,2026-10-09T04:39:16Z
2024-03-25,TCI,11.46,11.46,11.25,11.25,512100,KBS,2026-10-09T04:39:16Z
2024-03-26,TCI,11.16,11.29,11.07,11.2,391900,KBS,2026-10-09T04:39:16Z
2024-03-27,TCI,11.2,11.38,11.2,11.33,158100,KBS,2026-10-09T04:39:16Z
2024-03-28,TCI,11.42,11.42,11.29,11.38,345200,KBS,2026-10-09T04:39:16Z
2024-03-29,TCI,11.42,11.42,11.25,11.25,175400,KBS,2026-10-09T04:39:16Z
2024-04-01,TCI,11.25,11.29,11.2,11.25,195300,KBS,2026-10-09T04:39:16Z
2024-04-02,TCI,11.29,11.29,11.12,11.25,317800,KBS,2026-10-09T04:39:16Z
2024-04-03,TCI,11.25,11.33,11.16,11.16,243200,KBS,2026-10-09T04:39:16Z
2024-04-04,TCI,11.16,11.16,11.03,11.07,428400,KBS,2026-10-09T04:39:16Z
2024-04-05,TCI,11.16,11.16,10.9,11.07,327700,KBS,2026-10-09T04:39:16Z
2024-04-08,TCI,11.07,11.12,10.94,10.98,112300,KBS,2026-10-09T04:39:16Z
2024-04-09,TCI,10.9,11.07,10.9,11.07,316400,KBS,2026-10-09T04:39:16Z
2024-04-10,TCI,11.07,11.07,10.94,10.94,120500,KBS,2026-10-09T04:39:16Z
2024-04-11,TCI,10.9,10.98,10.81,10.94,309400,KBS,2026-10-09T04:39:16Z
2024-04-12,TCI,11.12,11.12,10.94,11.03,128200,KBS,2026-10-09T04:39:16Z
2024-04-15,TCI,10.9,11.03,10.29,10.33,463400,KBS,2026-10-09T04:39:16Z
2024-04-16,TCI,9.94,10.2,9.68,9.72,569000,KBS,2026-10-09T04:39:16Z
2024-04-17,TCI,9.72,9.85,9.5,9.59,269200,KBS,2026-10-09T04:39:16Z
2024-04-19,TCI,9.46,9.63,9.11,9.46,287100,KBS,2026-10-09T04:39:16Z
2024-04-22,TCI,9.55,9.85,9.55,9.72,288500,KBS,2026-10-09T04:39:16Z
2024-04-23,TCI,9.98,9.98,9.42,9.5,249000,KBS,2026-10-09T04:39:16Z
2024-04-24,TCI,9.63,9.85,9.63,9.85,124100,KBS,2026-10-09T04:39:16Z
2024-04-25,TCI,9.89,9.89,9.59,9.72,98600,KBS,2026-10-09T04:39:16Z
2024-04-26,TCI,9.72,9.81,9.59,9.68,118900,KBS,2026-10-09T04:39:16Z
2024-05-02,TCI,9.63,9.85,9.63,9.76,75000,KBS,2026-10-09T04:39:16Z
2024-05-03,TCI,9.89,9.89,9.81,9.85,209900,KBS,2026-10-09T04:39:16Z
2024-05-06,TCI,9.85,10.42,9.85,10.42,337600,KBS,2026-10-09T04:39:16Z
2024-05-07,TCI,10.68,10.9,10.46,10.81,274900,KBS,2026-10-09T04:39:16Z
2024-05-08,TCI,10.9,10.9,10.55,10.72,208800,KBS,2026-10-09T04:39:16Z
2024-05-09,TCI,10.72,10.72,10.2,10.2,345300,KBS,2026-10-09T04:39:16Z
2024-05-10,TCI,10.7,10.7,10.3,10.55,212000,KBS,2026-10-09T04:39:16Z
2024-05-13,TCI,10.6,10.6,10.2,10.35,193100,KBS,2026-10-09T04:39:16Z
2024-05-14,TCI,10.3,10.4,10.3,10.3,98900,KBS,2026-10-09T04:39:16Z
2024-05-15,TCI,10.4,10.55,10.35,10.5,202400,KBS,2026-10-09T04:39:16Z
2024-05-16,TCI,10.7,10.75,10.5,10.6,125500,KBS,2026-10-09T04:39:16Z
2024-05-17,TCI,10.6,10.7,10.45,10.55,124900,KBS,2026-10-09T04:39:16Z
2024-05-20,TCI,10.6,10.65,10.5,10.55,125000,KBS,2026-10-09T04:39:16Z
2024-05-21,TCI,10.55,10.55,10.35,10.4,163700,KBS,2026-10-09T04:39:16Z
2024-05-22,TCI,10.5,10.65,10.45,10.55,288200,KBS,2026-10-09T04:39:16Z
2024-05-23,TCI,10.5,10.9,10.35,10.9,223800,KBS,2026-10-09T04:39:16Z
2024-05-24,TCI,10.8,11.35,10.7,10.9,408400,KBS,2026-10-09T04:39:16Z
2024-05-27,TCI,11.0,11.0,10.7,10.8,127900,KBS,2026-10-09T04:39:16Z
2024-05-28,TCI,10.95,11.35,10.7,11.3,412900,KBS,2026-10-09T04:39:16Z
2024-05-29,TCI,11.3,11.3,11.0,11.2,295500,KBS,2026-10-09T04:39:16Z
2024-05-30,TCI,10.8,11.15,10.8,11.1,156400,KBS,2026-10-09T04:39:16Z
2024-05-31,TCI,11.0,11.3,11.0,11.2,202900,KBS,2026-10-09T04:39:16Z
2024-06-03,TCI,11.2,11.5,11.2,11.3,416700,KBS,2026-10-09T04:39:16Z
2024-06-04,TCI,11.3,11.4,11.2,11.25,292300,KBS,2026-10-09T04:39:16Z
2024-06-05,TCI,11.25,12.0,11.2,11.95,1388400,KBS,2026-10-09T04:39:16Z
2024-06-06,TCI,12.0,12.5,11.6,11.85,552300,KBS,2026-10-09T04:39:16Z
2024-06-07,TCI,11.85,12.0,11.45,11.45,278100,KBS,2026-10-09T04:39:16Z
2024-06-10,TCI,11.5,11.75,11.0,11.55,334600,KBS,2026-10-09T04:39:16Z
2024-06-11,TCI,11.55,11.8,11.5,11.55,220400,KBS,2026-10-09T04:39:16Z
2024-06-12,TCI,11.6,12.0,11.5,11.75,433900,KBS,2026-10-09T04:39:16Z
2024-06-13,TCI,11.8,11.8,11.5,11.5,216800,KBS,2026-10-09T04:39:16Z
2024-06-14,TCI,11.6,11.65,11.4,11.45,316600,KBS,2026-10-09T04:39:16Z
2024-06-17,TCI,11.4,11.6,11.35,11.6,278500,KBS,2026-10-09T04:39:16Z
2024-06-18,TCI,11.6,11.65,11.5,11.55,186900,KBS,2026-10-09T04:39:16Z
2024-06-19,TCI,11.5,11.5,11.2,11.5,362500,KBS,2026-10-09T04:39:16Z
2024-06-20,TCI,11.5,11.6,11.3,11.6,298800,KBS,2026-10-09T04:39:16Z
2024-06-21,TCI,11.65,11.65,11.4,11.5,154700,KBS,2026-10-09T04:39:16Z
2024-06-24,TCI,11.55,11.55,10.7,10.9,539000,KBS,2026-10-09T04:39:16Z
2024-06-25,TCI,10.9,11.05,10.85,10.9,170100,KBS,2026-10-09T04:39:16Z
2024-06-26,TCI,10.8,10.9,10.6,10.65,187700,KBS,2026-10-09T04:39:16Z
2024-06-27,TCI,10.65,11.15,10.6,11.1,196000,KBS,2026-10-09T04:39:16Z
2024-06-28,TCI,11.25,11.25,10.7,10.7,31100,KBS,2026-10-09T04:39:16Z
2024-07-01,TCI,10.7,10.9,10.5,10.9,118200,KBS,2026-10-09T04:39:16Z
2024-07-02,TCI,10.9,10.9,10.7,10.8,53900,KBS,2026-10-09T04:39:16Z
2024-07-03,TCI,10.7,10.85,10.65,10.85,40300,KBS,2026-10-09T04:39:16Z
2024-07-04,TCI,10.85,11.0,10.8,10.85,90400,KBS,2026-10-09T04:39:16Z
2024-07-05,TCI,10.95,10.95,10.6,10.85,70500,KBS,2026-10-09T04:39:16Z
2024-07-08,TCI,10.8,10.8,10.6,10.6,200500,KBS,2026-10-09T04:39:16Z
2024-07-09,TCI,10.6,10.7,10.4,10.7,236900,KBS,2026-10-09T04:39:16Z
2024-07-10,TCI,10.6,10.75,10.5,10.5,87500,KBS,2026-10-09T04:39:16Z
2024-07-11,TCI,10.55,10.8,10.55,10.7,149400,KBS,2026-10-09T04:39:16Z
2024-07-12,TCI,10.9,10.9,10.5,10.6,51600,KBS,2026-10-09T04:39:16Z
2024-07-15,TCI,10.6,10.75,10.5,10.5,51500,KBS,2026-10-09T04:39:16Z
2024-07-16,TCI,10.55,10.6,10.45,10.5,125500,KBS,2026-10-09T04:39:16Z
2024-07-17,TCI,10.5,10.5,10.1,10.2,163500,KBS,2026-10-09T04:39:16Z
2024-07-18,TCI,10.3,10.3,9.7,10.15,197300,KBS,2026-10-09T04:39:16Z
2024-07-19,TCI,10.15,10.25,9.93,9.94,84900,KBS,2026-10-09T04:39:16Z
2024-07-22,TCI,9.84,9.95,9.25,9.8,469500,KBS,2026-10-09T04:39:16Z
2024-07-23,TCI,9.89,9.96,9.4,9.7,120500,KBS,2026-10-09T04:39:16Z
2024-07-24,TCI,9.25,9.7,9.25,9.7,47800,KBS,2026-10-09T04:39:16Z
2024-07-25,TCI,9.7,9.7,9.31,9.65,35700,KBS,2026-10-09T04:39:16Z
2024-07-26,TCI,9.58,9.6,9.41,9.5,111500,KBS,2026-10-09T04:39:16Z
2024-07-29,TCI,9.5,9.6,9.42,9.5,45300,KBS,2026-10-09T04:39:16Z
2024-07-30,TCI,9.42,9.5,9.4,9.43,78700,KBS,2026-10-09T04:39:16Z
2024-07-31,TCI,9.43,9.75,9.41,9.46,126400,KBS,2026-10-09T04:39:16Z
2024-08-01,TCI,9.42,9.46,9.29,9.4,81400,KBS,2026-10-09T04:39:16Z
2024-08-02,TCI,8.91,9.47,8.86,9.45,107700,KBS,2026-10-09T04:39:16Z
2024-08-05,TCI,9.0,9.4,8.79,8.79,446400,KBS,2026-10-09T04:39:16Z
2024-08-06,TCI,9.1,9.1,8.98,9.0,293900,KBS,2026-10-09T04:39:16Z
2024-08-07,TCI,9.1,9.1,8.98,9.0,40700,KBS,2026-10-09T04:39:16Z
2024-08-08,TCI,9.0,9.0,8.84,9.0,143400,KBS,2026-10-09T04:39:16Z
2024-08-09,TCI,9.1,9.1,9.0,9.0,344000,KBS,2026-10-09T04:39:16Z
2024-08-12,TCI,9.0,9.0,8.9,9.0,15400,KBS,2026-10-09T04:39:16Z
2024-08-13,TCI,9.0,9.0,8.85,8.87,85700,KBS,2026-10-09T04:39:16Z
2024-08-14,TCI,8.84,9.0,8.84,8.88,43100,KBS,2026-10-09T04:39:16Z
2024-08-15,TCI,8.84,8.89,8.75,8.76,71900,KBS,2026-10-09T04:39:16Z
2024-08-16,TCI,8.91,9.01,8.71,9.0,507500,KBS,2026-10-09T04:39:16Z
2024-08-19,TCI,9.0,9.1,9.0,9.1,44000,KBS,2026-10-09T04:39:16Z
2024-08-20,TCI,9.1,9.2,9.06,9.1,97200,KBS,2026-10-09T04:39:16Z
2024-08-21,TCI,9.1,9.39,9.1,9.29,90800,KBS,2026-10-09T04:39:16Z
2024-08-22,TCI,9.35,9.45,9.26,9.45,156400,KBS,2026-10-09T04:39:16Z
2024-08-23,TCI,9.5,9.5,9.35,9.44,108000,KBS,2026-10-09T04:39:16Z
2024-08-26,TCI,9.49,9.5,9.4,9.41,65100,KBS,2026-10-09T04:39:16Z
2024-08-27,TCI,9.47,9.47,9.31,9.31,46800,KBS,2026-10-09T04:39:16Z
2024-08-28,TCI,9.3,9.31,9.2,9.2,80100,KBS,2026-10-09T04:39:16Z
2024-08-29,TCI,9.44,9.44,9.11,9.17,50400,KBS,2026-10-09T04:39:16Z
2024-08-30,TCI,9.11,9.14,9.02,9.09,89000,KBS,2026-10-09T04:39:16Z
2024-09-04,TCI,9.09,9.09,8.88,8.88,50800,KBS,2026-10-09T04:39:16Z
2024-09-05,TCI,8.88,9.02,8.8,8.83,75100,KBS,2026-10-09T04:39:16Z
2024-09-06,TCI,8.83,8.83,8.74,8.8,38300,KBS,2026-10-09T04:39:16Z
2024-09-09,TCI,8.8,8.9,8.77,8.77,55300,KBS,2026-10-09T04:39:16Z
2024-09-10,TCI,8.78,8.95,8.37,8.8,170300,KBS,2026-10-09T04:39:16Z
2024-09-11,TCI,8.9,8.94,8.8,8.94,121000,KBS,2026-10-09T04:39:16Z
2024-09-12,TCI,8.81,9.0,8.81,8.9,15900,KBS,2026-10-09T04:39:16Z
2024-09-13,TCI,8.9,9.09,8.9,8.95,107000,KBS,2026-10-09T04:39:16Z
2024-09-16,TCI,8.95,8.95,8.9,8.9,41700,KBS,2026-10-09T04:39:16Z
2024-09-17,TCI,8.9,8.91,8.7,8.91,48100,KBS,2026-10-09T04:39:16Z
2024-09-18,TCI,8.87,9.05,8.87,9.0,173600,KBS,2026-10-09T04:39:16Z
2024-09-19,TCI,9.05,9.1,8.96,9.0,215800,KBS,2026-10-09T04:39:16Z
2024-09-20,TCI,9.15,9.15,8.94,9.0,165700,KBS,2026-10-09T04:39:16Z
2024-09-23,TCI,8.9,9.08,8.81,9.0,64600,KBS,2026-10-09T04:39:16Z
2024-09-24,TCI,8.9,9.0,8.89,9.0,43400,KBS,2026-10-09T04:39:16Z
2024-09-25,TCI,9.0,9.05,8.99,9.0,184900,KBS,2026-10-09T04:39:16Z
2024-09-26,TCI,8.99,9.0,8.97,9.0,133200,KBS,2026-10-09T04:39:16Z
2024-09-27,TCI,8.92,9.0,8.89,9.0,138900,KBS,2026-10-09T04:39:16Z
2024-09-30,TCI,9.0,9.0,8.85,8.96,43300,KBS,2026-10-09T04:39:16Z
2024-10-01,TCI,8.9,9.18,8.9,9.1,519300,KBS,2026-10-09T04:39:16Z
2024-10-02,TCI,9.04,9.05,8.96,9.0,193300,KBS,2026-10-09T04:39:16Z
2024-10-03,TCI,9.0,9.1,8.9,8.9,150500,KBS,2026-10-09T04:39:16Z
2024-10-04,TCI,8.9,8.92,8.81,8.83,81300,KBS,2026-10-09T04:39:16Z
2024-10-07,TCI,8.84,8.84,8.6,8.78,117500,KBS,2026-10-09T04:39:16Z
2024-10-08,TCI,8.78,8.78,8.57,8.57,126300,KBS,2026-10-09T04:39:16Z
2024-10-09,TCI,8.57,8.58,8.29,8.57,349200,KBS,2026-10-09T04:39:16Z
2024-10-10,TCI,8.7,8.7,8.52,8.57,93700,KBS,2026-10-09T04:39:16Z
2024-10-11,TCI,8.57,8.57,8.48,8.5,42400,KBS,2026-10-09T04:39:16Z
2024-10-14,TCI,8.51,8.51,8.1,8.41,186800,KBS,2026-10-09T04:39:16Z
2024-10-15,TCI,8.41,8.52,8.2,8.4,89900,KBS,2026-10-09T04:39:16Z
2024-10-16,TCI,8.3,8.3,8.25,8.3,75700,KBS,2026-10-09T04:39:16Z
2024-10-17,TCI,8.3,8.31,8.25,8.3,40500,KBS,2026-10-09T04:39:16Z
2024-10-18,TCI,8.34,8.35,8.2,8.3,48600,KBS,2026-10-09T04:39:16Z
2024-10-21,TCI,8.3,8.3,8.11,8.3,48300,KBS,2026-10-09T04:39:16Z
2024-10-22,TCI,8.3,8.3,8.09,8.3,96200,KBS,2026-10-09T04:39:16Z
2024-10-23,TCI,8.2,8.49,8.17,8.39,179000,KBS,2026-10-09T04:39:16Z
2024-10-24,TCI,8.49,8.5,8.17,8.35,52300,KBS,2026-10-09T04:39:16Z
2024-10-25,TCI,8.19,8.34,8.16,8.33,150200,KBS,2026-10-09T04:39:16Z
2024-10-28,TCI,8.18,8.33,8.18,8.33,74900,KBS,2026-10-09T04:39:16Z
2024-10-29,TCI,8.2,8.31,8.18,8.31,72600,KBS,2026-10-09T04:39:16Z
2024-10-30,TCI,8.31,8.31,8.16,8.3,74100,KBS,2026-10-09T04:39:16Z
2024-10-31,TCI,8.19,8.39,8.11,8.39,215000,KBS,2026-10-09T04:39:16Z
2024-11-01,TCI,8.29,8.3,8.18,8.2,78900,KBS,2026-10-09T04:39:16Z
2024-11-04,TCI,8.2,8.25,8.1,8.25,80600,KBS,2026-10-09T04:39:16Z
2024-11-05,TCI,8.25,8.25,8.15,8.23,11700,KBS,2026-10-09T04:39:16Z
2024-11-06,TCI,8.23,8.24,8.15,8.24,17600,KBS,2026-10-09T04:39:16Z
2024-11-07,TCI,8.16,8.25,8.16,8.2,68400,KBS,2026-10-09T04:39:16Z
2024-11-08,TCI,8.25,8.25,8.16,8.17,25900,KBS,2026-10-09T04:39:16Z
2024-11-11,TCI,8.17,8.17,7.99,8.0,288600,KBS,2026-10-09T04:39:16Z
2024-11-12,TCI,8.0,8.17,8.0,8.04,92400,KBS,2026-10-09T04:39:16Z
2024-11-13,TCI,8.05,8.1,8.0,8.05,47900,KBS,2026-10-09T04:39:16Z
2024-11-14,TCI,8.03,8.03,7.97,7.98,44100,KBS,2026-10-09T04:39:16Z
2024-11-15,TCI,7.56,7.97,7.56,7.97,104900,KBS,2026-10-09T04:39:16Z
2024-11-18,TCI,7.97,7.98,7.82,7.84,152800,KBS,2026-10-09T04:39:16Z
2024-11-19,TCI,7.82,7.83,7.75,7.8,81200,KBS,2026-10-09T04:39:16Z
2024-11-20,TCI,7.97,7.97,7.75,7.82,117800,KBS,2026-10-09T04:39:16Z
2024-11-21,TCI,7.82,7.84,7.8,7.84,6200,KBS,2026-10-09T04:39:16Z
2024-11-22,TCI,7.96,7.96,7.75,7.84,42100,KBS,2026-10-09T04:39:16Z
2024-11-25,TCI,7.7,8.0,7.7,8.0,80100,KBS,2026-10-09T04:39:16Z
2024-11-26,TCI,8.0,8.1,7.9,8.07,43800,KBS,2026-10-09T04:39:16Z
2024-11-27,TCI,7.87,8.06,7.51,8.0,81800,KBS,2026-10-09T04:39:16Z
2024-11-28,TCI,8.0,8.0,7.9,7.95,21100,KBS,2026-10-09T04:39:16Z
2024-11-29,TCI,7.95,7.95,7.8,7.9,34100,KBS,2026-10-09T04:39:16Z
2024-12-02,TCI,7.91,7.91,7.8,7.9,58800,KBS,2026-10-09T04:39:16Z
2024-12-03,TCI,7.81,7.9,7.8,7.9,26500,KBS,2026-10-09T04:39:16Z
2024-12-04,TCI,7.8,7.9,7.8,7.9,24500,KBS,2026-10-09T04:39:16Z
2024-12-05,TCI,7.81,8.19,7.81,8.13,100300,KBS,2026-10-09T04:39:16Z
2024-12-06,TCI,8.13,8.13,8.02,8.13,58600,KBS,2026-10-09T04:39:16Z
2024-12-09,TCI,8.13,8.13,8.04,8.12,35600,KBS,2026-10-09T04:39:16Z
2024-12-10,TCI,8.14,8.15,8.05,8.13,74500,KBS,2026-10-09T04:39:16Z
2024-12-11,TCI,8.13,8.13,8.03,8.12,55800,KBS,2026-10-09T04:39:16Z
2024-12-12,TCI,8.12,8.12,8.04,8.08,101200,KBS,2026-10-09T04:39:16Z
2024-12-13,TCI,8.07,8.2,8.05,8.15,71500,KBS,2026-10-09T04:39:16Z
2024-12-16,TCI,8.15,8.42,8.15,8.4,189300,KBS,2026-10-09T04:39:16Z
2024-12-17,TCI,8.43,8.5,8.4,8.49,101400,KBS,2026-10-09T04:39:16Z
2024-12-18,TCI,8.5,9.08,8.5,9.0,334000,KBS,2026-10-09T04:39:16Z
2024-12-19,TCI,9.0,9.0,8.72,8.99,153500,KBS,2026-10-09T04:39:16Z
2024-12-20,TCI,8.99,9.05,8.72,8.8,110400,KBS,2026-10-09T04:39:16Z
2024-12-23,TCI,8.9,8.97,8.9,8.9,99700,KBS,2026-10-09T04:39:16Z
2024-12-24,TCI,8.82,8.9,8.81,8.85,112400,KBS,2026-10-09T04:39:16Z
2024-12-25,TCI,8.86,9.06,8.86,9.04,182700,KBS,2026-10-09T04:39:16Z
2024-12-26,TCI,9.04,9.04,8.96,8.96,19700,KBS,2026-10-09T04:39:16Z
2024-12-27,TCI,8.87,8.87,8.72,8.8,39400,KBS,2026-10-09T04:39:16Z
2024-12-30,TCI,8.8,8.88,8.6,8.6,55600,KBS,2026-10-09T04:39:16Z
2024-12-31,TCI,8.61,8.9,8.55,8.9,71700,KBS,2026-10-09T04:39:16Z
2025-01-02,TCI,8.9,8.9,8.62,8.62,3300,KBS,2026-10-09T04:39:16Z
2025-01-03,TCI,8.7,8.95,8.65,8.72,298100,KBS,2026-10-09T04:39:16Z
2025-01-06,TCI,8.75,8.84,8.7,8.7,29500,KBS,2026-10-09T04:39:16Z
2025-01-07,TCI,8.7,8.75,8.7,8.75,49500,KBS,2026-10-09T04:39:16Z
2025-01-08,TCI,8.56,8.9,8.56,8.7,291700,KBS,2026-10-09T04:39:16Z
2025-01-09,TCI,8.7,8.8,8.6,8.8,32800,KBS,2026-10-09T04:39:16Z
2025-01-10,TCI,8.6,8.82,8.6,8.6,13600,KBS,2026-10-09T04:39:16Z
2025-01-13,TCI,8.6,8.7,8.48,8.6,27000,KBS,2026-10-09T04:39:16Z
2025-01-14,TCI,8.7,8.7,8.3,8.69,22700,KBS,2026-10-09T04:39:16Z
2025-01-15,TCI,8.32,8.8,8.32,8.6,43000,KBS,2026-10-09T04:39:16Z
2025-01-16,TCI,8.6,8.95,8.6,8.8,184500,KBS,2026-10-09T04:39:16Z
2025-01-17,TCI,8.7,8.8,8.7,8.77,26100,KBS,2026-10-09T04:39:16Z
2025-01-20,TCI,8.8,8.8,8.7,8.77,43000,KBS,2026-10-09T04:39:16Z
2025-01-21,TCI,8.99,8.99,8.7,8.7,38200,KBS,2026-10-09T04:39:16Z
2025-01-22,TCI,8.8,9.02,8.8,9.0,355000,KBS,2026-10-09T04:39:16Z
2025-01-23,TCI,9.05,9.15,9.05,9.13,120200,KBS,2026-10-09T04:39:16Z
2025-01-24,TCI,9.1,9.2,9.1,9.13,108000,KBS,2026-10-09T04:39:16Z
2025-02-03,TCI,9.13,9.13,9.0,9.05,140700,KBS,2026-10-09T04:39:16Z
2025-02-04,TCI,8.9,9.3,8.9,9.2,121700,KBS,2026-10-09T04:39:16Z
2025-02-05,TCI,9.3,9.3,9.15,9.24,66000,KBS,2026-10-09T04:39:16Z
2025-02-06,TCI,9.24,9.3,9.23,9.24,39200,KBS,2026-10-09T04:39:16Z
2025-02-07,TCI,9.24,9.24,9.11,9.23,37900,KBS,2026-10-09T04:39:16Z
2025-02-10,TCI,9.18,9.22,9.1,9.18,42500,KBS,2026-10-09T04:39:16Z
2025-02-11,TCI,9.18,9.8,9.18,9.77,646100,KBS,2026-10-09T04:39:16Z
2025-02-12,TCI,10.4,10.45,9.9,10.05,791600,KBS,2026-10-09T04:39:16Z
2025-02-13,TCI,10.1,10.35,9.95,10.0,323600,KBS,2026-10-09T04:39:16Z
2025-02-14,TCI,10.0,10.05,9.91,9.91,215700,KBS,2026-10-09T04:39:16Z
2025-02-17,TCI,10.4,10.5,10.0,10.3,539900,KBS,2026-10-09T04:39:16Z
2025-02-18,TCI,10.3,10.7,10.0,10.3,444100,KBS,2026-10-09T04:39:16Z
2025-02-19,TCI,10.3,10.6,10.05,10.15,346300,KBS,2026-10-09T04:39:16Z
2025-02-20,TCI,10.5,10.5,10.0,10.0,370300,KBS,2026-10-09T04:39:16Z
2025-02-21,TCI,10.0,10.35,9.96,9.96,324800,KBS,2026-10-09T04:39:16Z
2025-02-24,TCI,9.96,10.15,9.96,9.96,267400,KBS,2026-10-09T04:39:16Z
2025-02-25,TCI,9.98,10.1,9.96,9.98,171300,KBS,2026-10-09T04:39:16Z
2025-02-26,TCI,10.0,10.0,9.8,9.98,151400,KBS,2026-10-09T04:39:16Z
2025-02-27,TCI,9.97,9.98,9.75,9.76,331600,KBS,2026-10-09T04:39:16Z
2025-02-28,TCI,9.78,9.87,9.76,9.81,272900,KBS,2026-10-09T04:39:16Z
2025-03-03,TCI,9.81,10.0,9.74,9.86,459600,KBS,2026-10-09T04:39:16Z
2025-03-04,TCI,9.86,9.96,9.77,9.96,228400,KBS,2026-10-09T04:39:16Z
2025-03-05,TCI,9.98,9.98,9.4,9.7,727400,KBS,2026-10-09T04:39:16Z
2025-03-06,TCI,9.5,9.67,9.28,9.45,615700,KBS,2026-10-09T04:39:16Z
2025-03-07,TCI,9.55,9.59,9.41,9.45,288300,KBS,2026-10-09T04:39:16Z
2025-03-10,TCI,9.45,9.61,9.43,9.46,334400,KBS,2026-10-09T04:39:16Z
2025-03-11,TCI,9.42,9.56,9.41,9.47,119600,KBS,2026-10-09T04:39:16Z
2025-03-12,TCI,9.47,9.6,9.47,9.55,282600,KBS,2026-10-09T04:39:16Z
2025-03-13,TCI,9.6,9.6,9.0,9.35,230600,KBS,2026-10-09T04:39:16Z
2025-03-14,TCI,9.35,9.4,9.17,9.17,199000,KBS,2026-10-09T04:39:16Z
2025-03-17,TCI,9.19,9.34,9.17,9.34,83800,KBS,2026-10-09T04:39:16Z
2025-03-18,TCI,9.34,9.34,9.1,9.1,121700,KBS,2026-10-09T04:39:16Z
2025-03-19,TCI,9.1,9.1,8.96,8.96,250300,KBS,2026-10-09T04:39:16Z
2025-03-20,TCI,8.97,9.0,8.88,8.96,171400,KBS,2026-10-09T04:39:16Z
2025-03-21,TCI,8.96,8.96,8.9,8.9,45200,KBS,2026-10-09T04:39:16Z
2025-03-24,TCI,8.9,8.9,8.73,8.8,205000,KBS,2026-10-09T04:39:16Z
2025-03-25,TCI,8.79,8.88,8.74,8.88,84100,KBS,2026-10-09T04:39:16Z
2025-03-26,TCI,8.88,8.9,8.82,8.88,63800,KBS,2026-10-09T04:39:16Z
2025-03-27,TCI,8.88,8.88,8.77,8.79,51300,KBS,2026-10-09T04:39:16Z
2025-03-28,TCI,8.8,8.8,8.77,8.79,21400,KBS,2026-10-09T04:39:16Z
2025-03-31,TCI,8.79,8.8,8.68,8.78,112200,KBS,2026-10-09T04:39:16Z
2025-04-01,TCI,8.79,8.79,8.7,8.79,113400,KBS,2026-10-09T04:39:16Z
2025-04-02,TCI,8.79,8.8,8.71,8.72,75800,KBS,2026-10-09T04:39:16Z
2025-04-03,TCI,8.56,8.6,8.11,8.11,370300,KBS,2026-10-09T04:39:16Z
2025-04-04,TCI,7.55,8.65,7.55,8.65,709700,KBS,2026-10-09T04:39:16Z
2025-04-08,TCI,8.1,8.58,8.05,8.05,144500,KBS,2026-10-09T04:39:16Z
2025-04-09,TCI,7.49,7.6,7.49,7.49,229300,KBS,2026-10-09T04:39:16Z
2025-04-10,TCI,8.01,8.01,8.01,8.01,327000,KBS,2026-10-09T04:39:16Z
2025-04-11,TCI,7.83,8.08,7.83,8.07,226600,KBS,2026-10-09T04:39:16Z
2025-04-14,TCI,7.51,8.19,7.51,7.91,101700,KBS,2026-10-09T04:39:16Z
2025-04-15,TCI,8.05,8.05,7.8,7.93,64900,KBS,2026-10-09T04:39:16Z
2025-04-16,TCI,7.93,7.93,7.75,7.93,57100,KBS,2026-10-09T04:39:16Z
2025-04-17,TCI,7.92,7.93,7.84,7.93,73200,KBS,2026-10-09T04:39:16Z
2025-04-18,TCI,7.95,8.3,7.95,8.12,275200,KBS,2026-10-09T04:39:16Z
2025-04-21,TCI,8.19,8.3,8.05,8.24,123000,KBS,2026-10-09T04:39:16Z
2025-04-22,TCI,8.19,8.2,7.67,7.8,229600,KBS,2026-10-09T04:39:16Z
2025-04-23,TCI,8.18,8.18,7.94,7.97,54300,KBS,2026-10-09T04:39:16Z
2025-04-24,TCI,8.03,8.07,7.94,7.98,56600,KBS,2026-10-09T04:39:16Z
2025-04-25,TCI,7.99,8.05,7.98,8.05,102800,KBS,2026-10-09T04:39:16Z
2025-04-28,TCI,8.05,8.12,8.0,8.06,92200,KBS,2026-10-09T04:39:16Z
2025-04-29,TCI,8.06,8.17,8.06,8.08,71400,KBS,2026-10-09T04:39:16Z
2025-05-05,TCI,8.35,8.36,8.06,8.1,56600,KBS,2026-10-09T04:39:16Z
2025-05-06,TCI,8.09,8.19,8.06,8.1,57200,KBS,2026-10-09T04:39:16Z
2025-05-07,TCI,8.03,8.09,8.02,8.02,115900,KBS,2026-10-09T04:39:16Z
2025-05-08,TCI,8.03,8.08,8.01,8.05,53000,KBS,2026-10-09T04:39:16Z
2025-05-09,TCI,8.07,8.08,8.04,8.05,93600,KBS,2026-10-09T04:39:16Z
2025-05-12,TCI,8.05,8.06,8.0,8.05,82400,KBS,2026-10-09T04:39:16Z
2025-05-13,TCI,8.1,8.2,8.1,8.11,154600,KBS,2026-10-09T04:39:16Z
2025-05-14,TCI,8.11,8.16,8.08,8.14,123200,KBS,2026-10-09T04:39:16Z
2025-05-15,TCI,8.15,8.27,8.12,8.27,259600,KBS,2026-10-09T04:39:16Z
2025-05-16,TCI,8.29,8.46,8.29,8.41,306100,KBS,2026-10-09T04:39:16Z
2025-05-19,TCI,8.4,8.41,8.25,8.38,109800,KBS,2026-10-09T04:39:16Z
2025-05-20,TCI,8.41,8.47,8.3,8.33,266400,KBS,2026-10-09T04:39:16Z
2025-05-21,TCI,8.33,8.4,8.25,8.26,91900,KBS,2026-10-09T04:39:16Z
2025-05-22,TCI,8.3,8.35,8.24,8.26,156200,KBS,2026-10-09T04:39:16Z
2025-05-23,TCI,8.26,8.26,8.2,8.2,86500,KBS,2026-10-09T04:39:16Z
2025-05-26,TCI,8.16,8.5,8.16,8.45,177400,KBS,2026-10-09T04:39:16Z
2025-05-27,TCI,8.48,8.51,8.45,8.46,156000,KBS,2026-10-09T04:39:16Z
2025-05-28,TCI,8.47,8.55,8.41,8.41,204300,KBS,2026-10-09T04:39:16Z
2025-05-29,TCI,8.41,8.49,8.39,8.39,79900,KBS,2026-10-09T04:39:16Z
2025-05-30,TCI,8.4,8.5,8.34,8.35,171600,KBS,2026-10-09T04:39:16Z
2025-06-02,TCI,8.49,8.49,8.36,8.44,17900,KBS,2026-10-09T04:39:16Z
2025-06-03,TCI,8.55,8.65,8.48,8.57,279300,KBS,2026-10-09T04:39:16Z
2025-06-04,TCI,8.56,8.56,8.47,8.47,178400,KBS,2026-10-09T04:39:16Z
2025-06-05,TCI,8.42,8.5,8.42,8.47,80600,KBS,2026-10-09T04:39:16Z
2025-06-06,TCI,8.47,8.47,8.41,8.42,82000,KBS,2026-10-09T04:39:16Z
2025-06-09,TCI,8.4,8.4,8.29,8.3,115300,KBS,2026-10-09T04:39:16Z
2025-06-10,TCI,8.13,8.43,8.13,8.3,45900,KBS,2026-10-09T04:39:16Z
2025-06-11,TCI,8.3,8.31,8.17,8.29,44200,KBS,2026-10-09T04:39:16Z
2025-06-12,TCI,8.23,8.54,8.23,8.29,73400,KBS,2026-10-09T04:39:16Z
2025-06-13,TCI,8.29,8.29,8.11,8.16,158400,KBS,2026-10-09T04:39:16Z
2025-06-16,TCI,8.3,8.3,8.17,8.25,99700,KBS,2026-10-09T04:39:16Z
2025-06-17,TCI,8.25,8.29,8.24,8.25,43700,KBS,2026-10-09T04:39:16Z
2025-06-18,TCI,8.17,8.25,8.17,8.22,48300,KBS,2026-10-09T04:39:16Z
2025-06-19,TCI,8.15,8.2,8.01,8.15,145000,KBS,2026-10-09T04:39:16Z
2025-06-20,TCI,8.19,8.2,8.11,8.12,48400,KBS,2026-10-09T04:39:16Z
2025-06-23,TCI,7.92,8.12,7.92,8.11,111300,KBS,2026-10-09T04:39:16Z
2025-06-24,TCI,8.14,8.2,8.1,8.15,168900,KBS,2026-10-09T04:39:16Z
2025-06-25,TCI,8.1,8.16,8.1,8.15,7000,KBS,2026-10-09T04:39:16Z
2025-06-26,TCI,8.18,8.18,8.02,8.05,88100,KBS,2026-10-09T04:39:16Z
2025-06-27,TCI,8.1,8.1,8.04,8.05,78200,KBS,2026-10-09T04:39:16Z
2025-06-30,TCI,8.18,8.18,8.06,8.11,140800,KBS,2026-10-09T04:39:16Z
2025-07-01,TCI,8.11,8.12,8.01,8.1,94200,KBS,2026-10-09T04:39:16Z
2025-07-02,TCI,8.03,8.37,8.0,8.14,620300,KBS,2026-10-09T04:39:16Z
2025-07-03,TCI,8.15,8.29,8.11,8.17,276700,KBS,2026-10-09T04:39:16Z
2025-07-04,TCI,8.17,8.19,8.1,8.17,120700,KBS,2026-10-09T04:39:16Z
2025-07-07,TCI,8.2,8.52,8.16,8.4,852500,KBS,2026-10-09T04:39:16Z
2025-07-08,TCI,8.4,8.53,8.4,8.42,226500,KBS,2026-10-09T04:39:16Z
2025-07-09,TCI,8.43,9.0,8.43,8.75,1129900,KBS,2026-10-09T04:39:16Z
2025-07-10,TCI,8.75,8.8,8.6,8.76,226500,KBS,2026-10-09T04:39:16Z
2025-07-11,TCI,8.76,8.8,8.63,8.73,335300,KBS,2026-10-09T04:39:16Z
2025-07-14,TCI,8.73,8.79,8.6,8.63,404900,KBS,2026-10-09T04:39:16Z
2025-07-15,TCI,8.68,9.0,8.68,8.68,594900,KBS,2026-10-09T04:39:16Z
2025-07-16,TCI,8.74,8.95,8.64,8.95,334500,KBS,2026-10-09T04:39:16Z
2025-07-17,TCI,9.09,9.09,8.92,9.02,674600,KBS,2026-10-09T04:39:16Z
2025-07-18,TCI,9.1,9.24,9.09,9.2,407600,KBS,2026-10-09T04:39:16Z
2025-07-21,TCI,9.3,9.35,8.92,9.0,466900,KBS,2026-10-09T04:39:16Z
2025-07-22,TCI,9.0,9.07,8.79,9.05,589800,KBS,2026-10-09T04:39:16Z
2025-07-23,TCI,9.1,9.25,8.94,9.1,552900,KBS,2026-10-09T04:39:16Z
2025-07-24,TCI,9.1,9.34,9.1,9.21,452700,KBS,2026-10-09T04:39:16Z
2025-07-25,TCI,9.22,9.45,9.16,9.39,583700,KBS,2026-10-09T04:39:16Z
2025-07-28,TCI,9.55,9.88,9.5,9.85,802100,KBS,2026-10-09T04:39:16Z
2025-07-29,TCI,9.9,9.97,9.17,9.17,935600,KBS,2026-10-09T04:39:16Z
2025-07-30,TCI,9.1,9.21,9.01,9.17,386100,KBS,2026-10-09T04:39:16Z
2025-07-31,TCI,9.47,9.47,9.04,9.2,344000,KBS,2026-10-09T04:39:16Z
2025-08-01,TCI,9.21,9.21,9.03,9.04,542800,KBS,2026-10-09T04:39:16Z
2025-08-04,TCI,9.02,9.19,8.94,9.17,346500,KBS,2026-10-09T04:39:16Z
2025-08-05,TCI,9.29,9.65,9.1,9.12,815700,KBS,2026-10-09T04:39:16Z
2025-08-06,TCI,9.16,9.34,9.16,9.3,160500,KBS,2026-10-09T04:39:16Z
2025-08-07,TCI,9.32,9.65,9.32,9.65,599700,KBS,2026-10-09T04:39:16Z
2025-08-08,TCI,9.7,9.76,9.5,9.58,379200,KBS,2026-10-09T04:39:16Z
2025-08-11,TCI,9.56,9.7,9.56,9.7,406200,KBS,2026-10-09T04:39:16Z
2025-08-12,TCI,9.8,9.8,9.52,9.68,249400,KBS,2026-10-09T04:39:16Z
2025-08-13,TCI,9.69,9.71,9.4,9.65,576200,KBS,2026-10-09T04:39:16Z
2025-08-14,TCI,9.8,10.05,9.66,9.75,899000,KBS,2026-10-09T04:39:16Z
2025-08-15,TCI,9.79,9.9,9.6,9.68,440200,KBS,2026-10-09T04:39:16Z
2025-08-18,TCI,9.86,10.35,9.86,10.35,1128200,KBS,2026-10-09T04:39:16Z
2025-08-19,TCI,11.0,11.0,10.5,10.9,1175200,KBS,2026-10-09T04:39:16Z
2025-08-20,TCI,10.9,10.95,10.25,10.6,1658800,KBS,2026-10-09T04:39:16Z
2025-08-21,TCI,10.9,11.05,10.7,10.8,1230200,KBS,2026-10-09T04:39:16Z
2025-08-22,TCI,10.8,10.85,10.15,10.5,1014600,KBS,2026-10-09T04:39:16Z
2025-08-25,TCI,10.4,10.65,10.0,10.3,641000,KBS,2026-10-09T04:39:16Z
2025-08-26,TCI,10.0,11.0,10.0,11.0,588500,KBS,2026-10-09T04:39:16Z
2025-08-27,TCI,11.1,11.55,11.1,11.2,1382500,KBS,2026-10-09T04:39:16Z
2025-08-28,TCI,11.45,11.95,11.4,11.95,2379100,KBS,2026-10-09T04:39:16Z
2025-08-29,TCI,12.6,12.75,12.5,12.75,2264400,KBS,2026-10-09T04:39:16Z
2025-09-03,TCI,12.8,13.0,12.3,12.5,946400,KBS,2026-10-09T04:39:16Z
2025-09-04,TCI,12.6,12.7,12.4,12.7,1011200,KBS,2026-10-09T04:39:16Z
2025-09-05,TCI,13.0,13.55,12.9,13.4,2768300,KBS,2026-10-09T04:39:16Z
2025-09-08,TCI,13.35,13.5,12.8,12.8,1613000,KBS,2026-10-09T04:39:16Z
2025-09-09,TCI,12.9,12.95,11.95,12.5,1859200,KBS,2026-10-09T04:39:16Z
2025-09-10,TCI,12.45,12.5,11.95,12.0,542500,KBS,2026-10-09T04:39:16Z
2025-09-11,TCI,11.95,11.95,11.2,11.8,2833500,KBS,2026-10-09T04:39:16Z
2025-09-12,TCI,12.1,12.1,11.65,11.9,379500,KBS,2026-10-09T04:39:16Z
2025-09-15,TCI,11.95,12.15,11.6,11.8,685800,KBS,2026-10-09T04:39:16Z
2025-09-16,TCI,11.85,12.15,11.5,11.5,688500,KBS,2026-10-09T04:39:16Z
2025-09-17,TCI,11.5,11.55,11.0,11.05,1796600,KBS,2026-10-09T04:39:16Z
2025-09-18,TCI,11.3,11.3,10.7,11.1,678400,KBS,2026-10-09T04:39:16Z
2025-09-19,TCI,11.1,11.25,10.9,11.15,341200,KBS,2026-10-09T04:39:16Z
2025-09-22,TCI,11.0,11.0,10.65,10.65,753800,KBS,2026-10-09T04:39:16Z
2025-09-23,TCI,10.5,10.85,10.5,10.65,433400,KBS,2026-10-09T04:39:16Z
2025-09-24,TCI,10.8,11.2,10.55,11.2,428800,KBS,2026-10-09T04:39:16Z
2025-09-25,TCI,10.95,11.2,10.95,11.0,428600,KBS,2026-10-09T04:39:16Z
2025-09-26,TCI,10.95,11.1,10.85,10.85,299200,KBS,2026-10-09T04:39:16Z
2025-09-29,TCI,10.9,10.9,10.7,10.75,182200,KBS,2026-10-09T04:39:16Z
2025-09-30,TCI,10.75,11.3,10.75,11.25,1121300,KBS,2026-10-09T04:39:16Z
2025-10-01,TCI,11.25,12.0,11.25,12.0,1365000,KBS,2026-10-09T04:39:16Z
2025-10-02,TCI,12.0,12.6,11.95,12.1,1244400,KBS,2026-10-09T04:39:16Z
2025-10-03,TCI,12.3,12.3,11.35,11.5,799100,KBS,2026-10-09T04:39:16Z
2025-10-06,TCI,11.5,12.3,11.5,12.3,946100,KBS,2026-10-09T04:39:16Z
2025-10-07,TCI,12.3,12.3,11.9,11.95,706200,KBS,2026-10-09T04:39:16Z
2025-10-08,TCI,12.3,12.3,12.0,12.15,707600,KBS,2026-10-09T04:39:16Z
2025-10-09,TCI,12.2,12.2,11.7,11.85,865200,KBS,2026-10-09T04:39:16Z
2025-10-10,TCI,11.85,11.9,11.65,11.7,577600,KBS,2026-10-09T04:39:16Z
2025-10-13,TCI,11.5,11.7,11.25,11.35,678800,KBS,2026-10-09T04:39:16Z
2025-10-14,TCI,11.55,11.7,11.15,11.25,638000,KBS,2026-10-09T04:39:16Z
2025-10-15,TCI,11.15,11.5,11.15,11.25,237500,KBS,2026-10-09T04:39:16Z
2025-10-16,TCI,11.25,11.4,11.05,11.05,359400,KBS,2026-10-09T04:39:16Z
2025-10-17,TCI,11.05,11.25,10.75,10.75,618400,KBS,2026-10-09T04:39:16Z
2025-10-20,TCI,10.85,11.35,10.0,10.0,898400,KBS,2026-10-09T04:39:16Z
2025-10-21,TCI,10.2,10.5,10.05,10.45,689800,KBS,2026-10-09T04:39:16Z
2025-10-22,TCI,10.65,10.65,10.15,10.25,209100,KBS,2026-10-09T04:39:16Z
2025-10-23,TCI,10.55,10.55,10.2,10.2,225600,KBS,2026-10-09T04:39:16Z
2025-10-24,TCI,10.25,10.3,10.0,10.2,332700,KBS,2026-10-09T04:39:16Z
2025-10-27,TCI,10.25,10.5,9.99,10.0,415500,KBS,2026-10-09T04:39:16Z
2025-10-28,TCI,10.15,10.3,9.98,10.3,176000,KBS,2026-10-09T04:39:16Z
2025-10-29,TCI,10.3,10.4,10.2,10.35,266100,KBS,2026-10-09T04:39:16Z
2025-10-30,TCI,10.3,10.35,10.1,10.2,249800,KBS,2026-10-09T04:39:16Z
2025-10-31,TCI,10.25,10.35,10.15,10.35,228000,KBS,2026-10-09T04:39:16Z
2025-11-03,TCI,10.3,10.3,10.0,10.0,194400,KBS,2026-10-09T04:39:16Z
2025-11-04,TCI,9.9,10.4,9.3,10.35,786200,KBS,2026-10-09T04:39:16Z
2025-11-05,TCI,10.45,10.45,10.1,10.25,159500,KBS,2026-10-09T04:39:16Z
2025-11-06,TCI,10.2,10.3,10.0,10.15,138700,KBS,2026-10-09T04:39:16Z
2025-11-07,TCI,10.1,10.3,9.92,10.1,224300,KBS,2026-10-09T04:39:16Z
2025-11-10,TCI,10.1,10.2,9.99,10.1,199000,KBS,2026-10-09T04:39:16Z
2025-11-11,TCI,10.1,10.2,10.0,10.1,293300,KBS,2026-10-09T04:39:16Z
2025-11-12,TCI,10.15,10.2,10.0,10.1,292800,KBS,2026-10-09T04:39:16Z
2025-11-13,TCI,10.2,10.2,10.05,10.15,181400,KBS,2026-10-09T04:39:16Z
2025-11-14,TCI,10.15,10.2,10.05,10.05,246600,KBS,2026-10-09T04:39:16Z
2025-11-17,TCI,10.3,10.3,10.1,10.15,174500,KBS,2026-10-09T04:39:16Z
2025-11-18,TCI,10.15,10.25,10.05,10.1,263000,KBS,2026-10-09T04:39:16Z
2025-11-19,TCI,10.1,10.2,10.0,10.1,162200,KBS,2026-10-09T04:39:16Z
2025-11-20,TCI,10.1,10.1,10.0,10.1,123600,KBS,2026-10-09T04:39:16Z
2025-11-21,TCI,10.0,10.05,9.96,10.05,67000,KBS,2026-10-09T04:39:16Z
2025-11-24,TCI,9.99,10.15,9.99,10.0,94300,KBS,2026-10-09T04:39:16Z
2025-11-25,TCI,9.98,10.0,9.88,9.88,239900,KBS,2026-10-09T04:39:16Z
2025-11-26,TCI,10.0,10.1,9.87,9.97,126400,KBS,2026-10-09T04:39:16Z
2025-11-27,TCI,9.97,10.05,9.93,9.99,126400,KBS,2026-10-09T04:39:16Z
2025-11-28,TCI,9.99,10.0,9.9,9.96,182700,KBS,2026-10-09T04:39:16Z
2025-12-01,TCI,9.95,9.99,9.9,9.97,412000,KBS,2026-10-09T04:39:16Z
2025-12-02,TCI,9.99,9.99,9.88,9.96,127000,KBS,2026-10-09T04:39:16Z
2025-12-03,TCI,9.96,10.0,9.95,10.0,183800,KBS,2026-10-09T04:39:16Z
2025-12-04,TCI,10.0,10.1,9.98,10.0,235900,KBS,2026-10-09T04:39:16Z
2025-12-05,TCI,10.0,10.1,9.9,9.95,133300,KBS,2026-10-09T04:39:16Z
2025-12-08,TCI,9.98,9.98,9.87,9.9,100800,KBS,2026-10-09T04:39:16Z
2025-12-09,TCI,9.9,9.9,9.51,9.6,239800,KBS,2026-10-09T04:39:16Z
2025-12-10,TCI,9.6,9.73,9.6,9.62,180000,KBS,2026-10-09T04:39:16Z
2025-12-11,TCI,9.75,9.75,9.6,9.62,63700,KBS,2026-10-09T04:39:16Z
2025-12-12,TCI,9.7,9.7,9.33,9.33,215700,KBS,2026-10-09T04:39:16Z
2025-12-15,TCI,9.11,9.33,9.11,9.29,357700,KBS,2026-10-09T04:39:16Z
2025-12-16,TCI,9.29,9.64,9.11,9.46,209000,KBS,2026-10-09T04:39:16Z
2025-12-17,TCI,9.46,9.46,9.2,9.31,100900,KBS,2026-10-09T04:39:16Z
2025-12-18,TCI,9.3,9.49,9.3,9.3,156300,KBS,2026-10-09T04:39:16Z
2025-12-19,TCI,9.3,9.4,9.3,9.4,70100,KBS,2026-10-09T04:39:16Z
2025-12-22,TCI,9.28,9.45,9.28,9.4,106700,KBS,2026-10-09T04:39:16Z
2025-12-23,TCI,9.39,9.45,9.27,9.27,210300,KBS,2026-10-09T04:39:16Z
2025-12-24,TCI,9.3,9.49,9.3,9.35,104700,KBS,2026-10-09T04:39:16Z
2025-12-25,TCI,9.46,9.46,9.2,9.25,225300,KBS,2026-10-09T04:39:16Z
2025-12-26,TCI,9.2,9.27,9.11,9.2,144400,KBS,2026-10-09T04:39:16Z
2025-12-29,TCI,9.2,9.4,9.19,9.33,458000,KBS,2026-10-09T04:39:16Z
2025-12-30,TCI,9.33,9.33,9.2,9.27,115500,KBS,2026-10-09T04:39:16Z
2025-12-31,TCI,9.27,9.79,9.21,9.79,617100,KBS,2026-10-09T04:39:16Z
2026-01-05,TCI,9.79,9.79,9.4,9.42,43900,KBS,2026-10-09T04:39:16Z
2026-01-06,TCI,9.42,9.42,9.26,9.37,118900,KBS,2026-10-09T04:39:16Z
2026-01-07,TCI,9.36,9.67,9.3,9.5,58300,KBS,2026-10-09T04:39:16Z
2026-01-08,TCI,9.4,9.5,9.4,9.49,152300,KBS,2026-10-09T04:39:16Z
2026-01-09,TCI,9.5,9.5,9.3,9.3,135000,KBS,2026-10-09T04:39:16Z
2026-01-12,TCI,9.3,9.68,9.29,9.64,406100,KBS,2026-10-09T04:39:16Z
2026-01-13,TCI,9.7,9.84,9.6,9.7,184900,KBS,2026-10-09T04:39:16Z
2026-01-14,TCI,9.75,9.75,9.52,9.63,244300,KBS,2026-10-09T04:39:16Z
2026-01-15,TCI,9.63,9.63,9.43,9.45,114800,KBS,2026-10-09T04:39:16Z
2026-01-16,TCI,9.48,9.5,9.38,9.4,115700,KBS,2026-10-09T04:39:16Z
2026-01-19,TCI,9.2,9.3,9.0,9.3,439600,KBS,2026-10-09T04:39:16Z
2026-01-20,TCI,9.25,9.25,9.1,9.1,173500,KBS,2026-10-09T04:39:16Z
2026-01-21,TCI,9.1,9.15,8.95,8.99,206700,KBS,2026-10-09T04:39:16Z
2026-01-22,TCI,9.0,9.25,9.0,9.1,100400,KBS,2026-10-09T04:39:16Z
2026-01-23,TCI,9.13,9.2,9.09,9.15,92400,KBS,2026-10-09T04:39:16Z
2026-01-26,TCI,9.2,9.2,8.99,8.99,74100,KBS,2026-10-09T04:39:16Z
2026-01-27,TCI,8.99,9.05,8.99,9.0,34100,KBS,2026-10-09T04:39:16Z
2026-01-28,TCI,8.98,9.1,8.96,9.05,64100,KBS,2026-10-09T04:39:16Z
2026-01-29,TCI,9.05,9.05,8.97,8.97,56700,KBS,2026-10-09T04:39:16Z
2026-01-30,TCI,8.97,9.15,8.93,9.15,171500,KBS,2026-10-09T04:39:16Z
2026-02-02,TCI,9.14,9.14,9.0,9.1,36400,KBS,2026-10-09T04:39:16Z
2026-02-03,TCI,9.1,9.1,8.98,9.0,50300,KBS,2026-10-09T04:39:16Z
2026-02-04,TCI,9.01,9.15,8.96,9.0,73800,KBS,2026-10-09T04:39:16Z
2026-02-05,TCI,9.0,9.0,8.97,8.99,79700,KBS,2026-10-09T04:39:16Z
2026-02-06,TCI,8.95,8.99,8.9,8.9,43200,KBS,2026-10-09T04:39:16Z
2026-02-09,TCI,8.97,8.97,8.28,8.88,158100,KBS,2026-10-09T04:39:16Z
2026-02-10,TCI,8.88,8.88,8.59,8.8,50300,KBS,2026-10-09T04:39:16Z
2026-02-11,TCI,8.8,8.88,8.65,8.81,41000,KBS,2026-10-09T04:39:16Z
2026-02-12,TCI,8.84,8.84,8.78,8.84,89300,KBS,2026-10-09T04:39:16Z
2026-02-13,TCI,8.84,8.89,8.6,8.85,11400,KBS,2026-10-09T04:39:16Z
2026-02-23,TCI,8.81,8.98,8.81,8.98,78400,KBS,2026-10-09T04:39:16Z
2026-02-24,TCI,9.0,9.0,8.65,8.99,91100,KBS,2026-10-09T04:39:16Z
2026-02-25,TCI,8.99,8.99,8.8,8.98,106900,KBS,2026-10-09T04:39:16Z
2026-02-26,TCI,8.95,9.0,8.9,8.91,55500,KBS,2026-10-09T04:39:16Z
2026-02-27,TCI,8.9,9.2,8.9,9.2,110100,KBS,2026-10-09T04:39:16Z
2026-03-02,TCI,9.2,9.2,8.61,8.8,56100,KBS,2026-10-09T04:39:16Z
2026-03-03,TCI,8.8,8.89,8.77,8.89,83800,KBS,2026-10-09T04:39:16Z
2026-03-04,TCI,8.7,8.85,8.69,8.85,217200,KBS,2026-10-09T04:39:16Z
2026-03-05,TCI,8.87,9.2,8.87,8.99,50000,KBS,2026-10-09T04:39:16Z
2026-03-06,TCI,8.89,8.89,8.69,8.8,60500,KBS,2026-10-09T04:39:16Z
2026-03-09,TCI,8.19,8.21,8.19,8.19,385000,KBS,2026-10-09T04:39:16Z
2026-03-10,TCI,7.78,8.75,7.78,8.29,39800,KBS,2026-10-09T04:39:16Z
2026-03-11,TCI,8.3,8.86,8.3,8.76,136600,KBS,2026-10-09T04:39:16Z
2026-03-12,TCI,8.79,8.79,8.45,8.52,30400,KBS,2026-10-09T04:39:16Z
2026-03-13,TCI,8.52,8.6,8.5,8.6,56500,KBS,2026-10-09T04:39:16Z
2026-03-16,TCI,8.6,8.8,8.51,8.75,100900,KBS,2026-10-09T04:39:16Z
2026-03-17,TCI,8.75,9.0,8.75,8.78,144100,KBS,2026-10-09T04:39:16Z
2026-03-18,TCI,9.0,9.0,8.69,8.69,29900,KBS,2026-10-09T04:39:16Z
2026-03-19,TCI,8.66,8.96,8.45,8.8,97500,KBS,2026-10-09T04:39:16Z
2026-03-20,TCI,8.5,8.8,8.5,8.8,62600,KBS,2026-10-09T04:39:16Z
2026-03-23,TCI,8.5,8.68,8.3,8.4,134700,KBS,2026-10-09T04:39:16Z
2026-03-24,TCI,8.41,8.55,8.4,8.55,40700,KBS,2026-10-09T04:39:16Z
2026-03-25,TCI,8.32,8.75,8.32,8.75,81800,KBS,2026-10-09T04:39:16Z
2026-03-26,TCI,8.75,8.8,8.65,8.74,21600,KBS,2026-10-09T04:39:16Z
2026-03-27,TCI,8.8,8.99,8.8,8.9,125000,KBS,2026-10-09T04:39:16Z
2026-03-30,TCI,8.9,8.9,8.82,8.88,75800,KBS,2026-10-09T04:39:16Z
2026-03-31,TCI,8.9,9.0,8.9,9.0,144100,KBS,2026-10-09T04:39:16Z
2026-04-01,TCI,9.1,9.2,9.0,9.1,112900,KBS,2026-10-09T04:39:16Z
2026-04-02,TCI,8.9,9.19,8.9,9.1,165900,KBS,2026-10-09T04:39:16Z
2026-04-03,TCI,9.1,9.25,9.1,9.22,227900,KBS,2026-10-09T04:39:16Z
2026-04-06,TCI,9.22,9.86,9.22,9.86,600300,KBS,2026-10-09T04:39:16Z
2026-04-07,TCI,10.2,10.2,9.86,9.92,217400,KBS,2026-10-09T04:39:16Z
2026-04-08,TCI,9.9,10.55,9.9,10.45,385900,KBS,2026-10-09T04:39:16Z
2026-04-09,TCI,9.95,10.45,9.95,10.25,264700,KBS,2026-10-09T04:39:16Z
2026-04-10,TCI,10.4,10.5,10.15,10.2,233900,KBS,2026-10-09T04:39:16Z
2026-04-13,TCI,10.55,10.55,10.2,10.35,158600,KBS,2026-10-09T04:39:16Z
2026-04-14,TCI,10.4,10.4,10.2,10.25,171800,KBS,2026-10-09T04:39:16Z
2026-04-15,TCI,10.35,10.35,10.05,10.1,76300,KBS,2026-10-09T04:39:16Z
2026-04-16,TCI,10.15,10.15,9.95,10.1,173600,KBS,2026-10-09T04:39:16Z
2026-04-17,TCI,10.2,10.4,10.0,10.35,155400,KBS,2026-10-09T04:39:16Z
2026-04-20,TCI,10.15,10.35,10.15,10.35,161800,KBS,2026-10-09T04:39:16Z
2026-04-21,TCI,10.3,10.8,10.25,10.7,335400,KBS,2026-10-09T04:39:16Z
2026-04-22,TCI,10.7,10.8,10.6,10.8,222100,KBS,2026-10-09T04:39:16Z
2026-04-23,TCI,10.8,11.0,10.6,10.6,220600,KBS,2026-10-09T04:39:16Z
2026-04-24,TCI,10.5,10.8,10.5,10.65,252200,KBS,2026-10-09T04:39:16Z
2026-04-28,TCI,10.65,10.8,10.45,10.45,314300,KBS,2026-10-09T04:39:16Z
2026-04-29,TCI,10.5,10.6,10.4,10.45,153900,KBS,2026-10-09T04:39:16Z
2026-05-04,TCI,10.4,10.6,10.4,10.6,101200,KBS,2026-10-09T04:39:16Z
2026-05-05,TCI,10.9,10.9,10.45,10.6,159300,KBS,2026-10-09T04:39:16Z
2026-05-06,TCI,10.6,11.05,10.6,11.05,474100,KBS,2026-10-09T04:39:16Z
2026-05-07,TCI,11.05,11.15,10.9,11.15,279000,KBS,2026-10-09T04:39:16Z
2026-05-08,TCI,11.35,11.35,11.05,11.1,163600,KBS,2026-10-09T04:39:16Z
2026-05-11,TCI,11.1,11.2,11.0,11.1,139200,KBS,2026-10-09T04:39:16Z
2026-05-12,TCI,11.1,11.45,11.1,11.15,191100,KBS,2026-10-09T04:39:16Z
2026-05-13,TCI,11.15,11.35,11.1,11.25,211100,KBS,2026-10-09T04:39:16Z
2026-05-14,TCI,11.3,11.55,11.25,11.5,555200,KBS,2026-10-09T04:39:16Z
2026-05-15,TCI,11.5,11.55,11.4,11.55,136400,KBS,2026-10-09T04:39:16Z
2026-05-18,TCI,11.5,11.65,11.45,11.45,850300,KBS,2026-10-09T04:39:16Z
2026-05-19,TCI,11.45,11.5,11.35,11.4,312900,KBS,2026-10-09T04:39:16Z
2026-05-20,TCI,11.5,11.55,11.15,11.35,375200,KBS,2026-10-09T04:39:16Z
2026-05-21,TCI,11.5,11.5,11.2,11.35,45200,KBS,2026-10-09T04:39:16Z
2026-05-22,TCI,11.1,11.5,11.1,11.5,100200,KBS,2026-10-09T04:39:16Z
2026-05-25,TCI,11.3,11.5,11.3,11.45,99200,KBS,2026-10-09T04:39:16Z
2026-05-26,TCI,11.65,11.7,11.4,11.5,98500,KBS,2026-10-09T04:39:16Z
2026-05-27,TCI,11.5,11.6,11.4,11.4,133600,KBS,2026-10-09T04:39:16Z
2026-05-28,TCI,11.6,11.6,11.4,11.45,107000,KBS,2026-10-09T04:39:16Z
2026-05-29,TCI,11.25,11.5,11.25,11.4,89600,KBS,2026-10-09T04:39:16Z
2026-06-01,TCI,11.45,11.55,11.4,11.55,211700,KBS,2026-10-09T04:39:16Z
2026-06-02,TCI,11.4,11.55,11.4,11.5,204800,KBS,2026-10-09T04:39:16Z
2026-06-03,TCI,11.5,12.3,11.5,12.3,955200,KBS,2026-10-09T04:39:16Z
2026-06-04,TCI,12.3,12.45,12.0,12.3,234800,KBS,2026-10-09T04:39:16Z
2026-06-05,TCI,12.3,12.3,12.1,12.1,134600,KBS,2026-10-09T04:39:16Z
2026-06-08,TCI,11.9,12.15,11.35,12.15,292400,KBS,2026-10-09T04:39:16Z
2026-06-09,TCI,12.2,12.5,12.15,12.35,243700,KBS,2026-10-09T04:39:16Z
2026-06-10,TCI,12.35,12.8,12.0,12.0,852200,KBS,2026-10-09T04:39:16Z
2026-06-11,TCI,12.3,12.55,12.0,12.45,850800,KBS,2026-10-09T04:39:16Z
2026-06-12,TCI,12.45,12.45,12.0,12.25,779500,KBS,2026-10-09T04:39:16Z
2026-06-15,TCI,12.3,12.35,11.9,12.2,855300,KBS,2026-10-09T04:39:16Z
2026-06-16,TCI,12.0,12.0,11.35,11.35,682700,KBS,2026-10-09T04:39:16Z
2026-06-17,TCI,11.2,11.5,10.9,10.9,127200,KBS,2026-10-09T04:39:16Z
2026-06-18,TCI,10.7,11.2,10.3,10.8,357900,KBS,2026-10-09T04:39:16Z
2026-06-19,TCI,10.8,10.95,10.55,10.6,69100,KBS,2026-10-09T04:39:16Z
2026-06-22,TCI,10.6,10.95,10.4,10.7,93500,KBS,2026-10-09T04:39:16Z
2026-06-23,TCI,10.9,10.95,10.4,10.4,117200,KBS,2026-10-09T04:39:16Z
2026-06-24,TCI,10.3,10.75,10.3,10.45,26800,KBS,2026-10-09T04:39:16Z
2026-06-25,TCI,10.7,10.7,10.4,10.4,31100,KBS,2026-10-09T04:39:16Z
2026-06-26,TCI,10.4,10.6,10.3,10.5,31000,KBS,2026-10-09T04:39:16Z
2026-06-29,TCI,10.5,10.55,10.3,10.3,40300,KBS,2026-10-09T04:39:16Z
2026-06-30,TCI,10.3,10.7,9.99,10.7,218700,KBS,2026-10-09T04:39:16Z
2026-07-01,TCI,10.5,10.55,10.45,10.55,46700,KBS,2026-10-09T04:39:16Z
2026-07-02,TCI,10.7,10.7,10.45,10.45,30000,KBS,2026-10-09T04:39:16Z
2026-07-03,TCI,10.45,11.1,10.3,10.45,136600,KBS,2026-10-09T04:39:16Z
2026-07-06,TCI,10.4,10.55,10.35,10.45,28100,KBS,2026-10-09T04:39:16Z
2026-07-07,TCI,10.15,10.5,10.15,10.3,32400,KBS,2026-10-09T04:39:16Z
2026-07-08,TCI,10.3,10.6,10.1,10.4,49700,KBS,2026-10-09T04:39:16Z
2026-07-09,TCI,10.4,10.5,10.35,10.35,14300,KBS,2026-10-09T04:39:16Z
2026-07-10,TCI,10.55,10.55,10.15,10.4,27000,KBS,2026-10-09T04:39:16Z
2026-07-13,TCI,10.0,10.5,10.0,10.35,41600,KBS,2026-10-09T04:39:16Z
2026-07-14,TCI,10.05,10.5,10.0,10.5,49500,KBS,2026-10-09T04:39:16Z
2026-07-15,TCI,10.45,10.45,10.1,10.4,14100,KBS,2026-10-09T04:39:16Z
2026-07-16,TCI,10.25,10.4,10.1,10.4,28000,KBS,2026-10-09T04:39:16Z
2026-07-17,TCI,10.2,10.3,10.0,10.2,17100,KBS,2026-10-09T04:39:16Z
2026-07-20,TCI,10.1,10.1,9.49,9.9,56700,KBS,2026-10-09T04:39:16Z
2026-07-21,TCI,9.9,9.9,9.51,9.51,4600,KBS,2026-10-09T04:39:16Z
2026-07-22,TCI,9.2,10.1,8.9,10.0,319800,KBS,2026-10-09T04:39:16Z
2026-07-23,TCI,9.31,10.15,9.3,10.0,22400,KBS,2026-10-09T04:39:16Z
2026-07-24,TCI,10.1,10.1,9.85,10.0,43600,KBS,2026-10-09T04:39:16Z
2026-07-27,TCI,9.9,9.98,9.6,9.98,132300,KBS,2026-10-09T04:39:16Z
2026-07-28,TCI,9.98,10.2,9.9,9.9,28100,KBS,2026-10-09T04:39:16Z
2026-07-29,TCI,9.9,10.1,9.5,9.97,13500,KBS,2026-10-09T04:39:16Z
2026-07-30,TCI,9.62,10.1,9.62,9.7,30500,KBS,2026-10-09T04:39:16Z
2026-07-31,TCI,9.7,10.1,9.6,10.1,50800,KBS,2026-10-09T04:39:16Z
2026-08-03,TCI,10.1,10.1,9.8,9.81,22700,KBS,2026-10-09T04:39:16Z
2026-08-04,TCI,10.1,10.1,9.7,9.99,7300,KBS,2026-10-09T04:39:16Z
2026-08-05,TCI,9.99,9.99,9.89,9.94,8200,KBS,2026-10-09T04:39:16Z
2026-08-06,TCI,9.7,9.82,9.7,9.75,7200,KBS,2026-10-09T04:39:16Z
2026-08-07,TCI,9.75,9.91,9.75,9.9,2700,KBS,2026-10-09T04:39:16Z
2026-08-10,TCI,9.9,9.9,9.7,9.7,9200,KBS,2026-10-09T04:39:16Z
2026-08-11,TCI,9.7,9.8,9.7,9.8,8100,KBS,2026-10-09T04:39:16Z
2026-08-12,TCI,9.8,9.8,9.6,9.79,12900,KBS,2026-10-09T04:39:16Z
2026-08-13,TCI,9.73,9.73,9.7,9.7,5400,KBS,2026-10-09T04:39:16Z
2026-08-14,TCI,9.62,9.62,9.57,9.57,5500,KBS,2026-10-09T04:39:16Z
2026-08-17,TCI,9.57,9.8,9.51,9.8,11800,KBS,2026-10-09T04:39:16Z
2026-08-18,TCI,9.79,9.79,9.6,9.6,5000,KBS,2026-10-09T04:39:16Z
2026-08-19,TCI,9.6,9.6,9.38,9.38,1700,KBS,2026-10-09T04:39:16Z
2026-08-20,TCI,9.2,9.75,9.2,9.72,52900,KBS,2026-10-09T04:39:16Z
2026-08-21,TCI,9.97,10.1,9.97,10.0,193800,KBS,2026-10-09T04:39:16Z
2026-08-24,TCI,10.1,10.1,9.8,9.99,10900,KBS,2026-10-09T04:39:16Z
2026-08-25,TCI,9.62,9.8,9.55,9.8,12100,KBS,2026-10-09T04:39:16Z
2026-08-26,TCI,9.89,9.9,9.32,9.79,26100,KBS,2026-10-09T04:39:16Z
2026-08-27,TCI,9.78,9.79,9.35,9.35,34700,KBS,2026-10-09T04:39:16Z
2026-08-28,TCI,9.11,9.79,9.11,9.75,54400,KBS,2026-10-09T04:39:16Z
2026-09-03,TCI,9.6,9.6,9.4,9.4,25700,KBS,2026-10-09T04:39:16Z
2026-09-04,TCI,9.4,9.7,9.4,9.65,30100,KBS,2026-10-09T04:39:16Z
2026-09-07,TCI,9.65,9.65,9.0,9.29,21300,KBS,2026-10-09T04:39:16Z
2026-09-08,TCI,9.29,9.5,9.15,9.44,67800,KBS,2026-10-09T04:39:16Z
2026-09-09,TCI,9.3,9.75,9.3,9.75,111600,KBS,2026-10-09T04:39:16Z
2026-09-10,TCI,9.6,9.98,9.5,9.6,22200,KBS,2026-10-09T04:39:16Z
2026-09-11,TCI,9.0,9.64,9.0,9.6,99000,KBS,2026-10-09T04:39:16Z
2026-09-14,TCI,9.6,9.6,9.4,9.4,13500,KBS,2026-10-09T04:39:16Z
2026-09-15,TCI,9.45,9.8,9.3,9.8,73400,KBS,2026-10-09T04:39:16Z
2026-09-16,TCI,9.56,9.79,9.4,9.7,31800,KBS,2026-10-09T04:39:16Z
2026-09-17,TCI,9.4,9.75,9.4,9.6,91900,KBS,2026-10-09T04:39:16Z
2026-09-18,TCI,9.38,9.8,9.36,9.7,17500,KBS,2026-10-09T04:39:16Z
2026-09-21,TCI,9.7,9.75,9.37,9.66,178100,KBS,2026-10-09T04:39:16Z
2026-09-22,TCI,9.69,9.8,9.66,9.8,69100,KBS,2026-10-09T04:39:16Z
2026-09-23,TCI,10.0,10.0,9.82,9.88,56100,KBS,2026-10-09T04:39:16Z
2026-09-24,TCI,9.95,9.95,9.85,9.9,140900,KBS,2026-10-09T04:39:16Z
2026-09-25,TCI,9.9,9.91,9.87,9.91,76200,KBS,2026-10-09T04:39:16Z
2026-09-28,TCI,9.8,9.91,9.75,9.91,74100,KBS,2026-10-09T04:39:16Z
2026-09-29,TCI,9.91,9.91,9.8,9.89,130900,KBS,2026-10-09T04:39:16Z
2026-09-30,TCI,9.91,9.91,9.7,9.89,107500,KBS,2026-10-09T04:39:16Z
2026-10-01,TCI,9.88,9.89,9.67,9.86,87500,KBS,2026-10-09T04:39:16Z
2026-10-02,TCI,9.89,10.0,9.7,9.89,332700,KBS,2026-10-09T04:39:16Z
2026-10-05,TCI,9.99,10.35,9.71,10.2,398300,KBS,2026-10-09T04:39:16Z
2026-10-06,TCI,10.2,10.2,9.88,10.0,117800,KBS,2026-10-09T04:39:16Z
2026-10-07,TCI,9.85,9.95,9.7,9.7,43900,KBS,2026-10-09T04:39:16Z
2026-10-08,TCI,9.65,9.89,9.65,9.68,186300,KBS,2026-10-09T04:39:16Z
2026-10-09,TCI,9.7,9.7,9.58,9.67,21900,KBS,2026-10-09T04:39:16Z
