date,symbol,open,high,low,close,volume,source,fetched_at
2018-10-11,TDM,14.66,14.66,13.95,13.95,3500,KBS,2026-10-09T04:39:47Z
2018-10-12,TDM,13.95,14.23,13.95,14.23,2500,KBS,2026-10-09T04:39:47Z
2018-10-15,TDM,14.3,14.3,14.3,14.3,13000,KBS,2026-10-09T04:39:47Z
2018-10-24,TDM,16.09,16.09,14.16,15.02,20030,KBS,2026-10-09T04:39:47Z
2018-10-25,TDM,14.02,14.45,14.02,14.3,3400,KBS,2026-10-09T04:39:47Z
2018-10-26,TDM,14.38,14.38,14.38,14.38,10,KBS,2026-10-09T04:39:47Z
2018-10-29,TDM,14.38,14.38,14.09,14.09,1960,KBS,2026-10-09T04:39:47Z
2018-10-30,TDM,14.09,14.09,13.3,13.37,360,KBS,2026-10-09T04:39:47Z
2018-10-31,TDM,14.02,14.02,13.37,13.37,2100,KBS,2026-10-09T04:39:47Z
2018-11-01,TDM,13.52,13.87,13.52,13.8,4050,KBS,2026-10-09T04:39:47Z
2018-11-02,TDM,13.8,13.8,13.77,13.77,1800,KBS,2026-10-09T04:39:47Z
2018-11-05,TDM,13.8,13.8,13.59,13.59,12400,KBS,2026-10-09T04:39:47Z
2018-11-06,TDM,13.8,13.87,13.59,13.62,46470,KBS,2026-10-09T04:39:47Z
2018-11-07,TDM,13.66,13.95,13.66,13.95,600,KBS,2026-10-09T04:39:47Z
2018-11-08,TDM,13.66,14.09,13.66,13.95,22460,KBS,2026-10-09T04:39:47Z
2018-11-09,TDM,13.66,13.66,13.66,13.66,1500,KBS,2026-10-09T04:39:47Z
2018-11-12,TDM,13.66,13.87,13.66,13.84,3430,KBS,2026-10-09T04:39:47Z
2018-11-13,TDM,13.66,13.7,13.66,13.66,14840,KBS,2026-10-09T04:39:47Z
2018-11-14,TDM,13.66,13.95,13.66,13.84,5190,KBS,2026-10-09T04:39:47Z
2018-11-15,TDM,13.8,13.8,13.73,13.77,8140,KBS,2026-10-09T04:39:47Z
2018-11-16,TDM,13.87,13.87,13.66,13.66,3970,KBS,2026-10-09T04:39:47Z
2018-11-19,TDM,13.66,13.66,13.59,13.59,11800,KBS,2026-10-09T04:39:47Z
2018-11-20,TDM,13.3,13.8,13.3,13.8,3100,KBS,2026-10-09T04:39:47Z
2018-11-21,TDM,13.8,13.8,13.66,13.66,10330,KBS,2026-10-09T04:39:47Z
2018-11-22,TDM,13.8,13.95,13.73,13.73,41420,KBS,2026-10-09T04:39:47Z
2018-11-23,TDM,13.91,13.91,13.66,13.66,9540,KBS,2026-10-09T04:39:47Z
2018-11-26,TDM,14.02,14.02,13.66,13.87,13120,KBS,2026-10-09T04:39:47Z
2018-11-27,TDM,13.73,13.8,13.59,13.59,19590,KBS,2026-10-09T04:39:47Z
2018-11-28,TDM,13.59,13.66,13.52,13.66,9610,KBS,2026-10-09T04:39:47Z
2018-11-29,TDM,14.02,14.02,12.94,13.3,8950,KBS,2026-10-09T04:39:47Z
2018-11-30,TDM,14.23,14.23,12.94,13.09,13390,KBS,2026-10-09T04:39:47Z
2018-12-03,TDM,13.59,13.95,13.23,13.95,2860,KBS,2026-10-09T04:39:47Z
2018-12-04,TDM,13.37,13.95,13.37,13.8,34230,KBS,2026-10-09T04:39:47Z
2018-12-05,TDM,13.8,13.95,13.8,13.8,2440,KBS,2026-10-09T04:39:47Z
2018-12-06,TDM,13.59,13.8,13.59,13.66,19630,KBS,2026-10-09T04:39:47Z
2018-12-07,TDM,13.66,13.73,13.66,13.66,10190,KBS,2026-10-09T04:39:47Z
2018-12-10,TDM,13.73,13.73,13.73,13.73,20080,KBS,2026-10-09T04:39:47Z
2018-12-11,TDM,13.8,13.8,13.8,13.8,720,KBS,2026-10-09T04:39:47Z
2018-12-12,TDM,13.8,13.8,13.73,13.73,1430,KBS,2026-10-09T04:39:47Z
2018-12-13,TDM,13.95,13.95,13.73,13.87,21250,KBS,2026-10-09T04:39:47Z
2018-12-14,TDM,13.8,13.8,13.73,13.73,11480,KBS,2026-10-09T04:39:47Z
2018-12-17,TDM,13.8,13.8,13.73,13.73,870,KBS,2026-10-09T04:39:47Z
2018-12-18,TDM,13.95,13.95,13.73,13.73,710,KBS,2026-10-09T04:39:47Z
2018-12-19,TDM,13.73,13.73,13.59,13.59,4780,KBS,2026-10-09T04:39:47Z
2018-12-20,TDM,13.8,13.8,13.66,13.66,3320,KBS,2026-10-09T04:39:47Z
2018-12-21,TDM,13.87,13.87,13.87,13.87,10,KBS,2026-10-09T04:39:47Z
2018-12-24,TDM,13.62,13.91,13.62,13.62,21660,KBS,2026-10-09T04:39:47Z
2018-12-25,TDM,13.87,13.87,13.87,13.87,1500,KBS,2026-10-09T04:39:47Z
2018-12-26,TDM,13.73,14.73,13.73,14.73,15100,KBS,2026-10-09T04:39:47Z
2018-12-27,TDM,14.23,15.02,13.95,15.02,59440,KBS,2026-10-09T04:39:47Z
2018-12-28,TDM,15.32,15.32,14.64,15.02,15560,KBS,2026-10-09T04:39:47Z
2019-01-02,TDM,14.94,14.94,14.27,14.87,1060,KBS,2026-10-09T04:39:47Z
2019-01-04,TDM,14.2,14.2,14.2,14.2,1000,KBS,2026-10-09T04:39:47Z
2019-01-07,TDM,14.2,14.8,14.2,14.8,1010,KBS,2026-10-09T04:39:47Z
2019-01-08,TDM,14.27,14.72,14.23,14.72,15290,KBS,2026-10-09T04:39:47Z
2019-01-09,TDM,14.72,14.72,14.31,14.57,2060,KBS,2026-10-09T04:39:47Z
2019-01-10,TDM,14.64,14.64,14.35,14.35,1030,KBS,2026-10-09T04:39:47Z
2019-01-11,TDM,14.35,14.35,14.35,14.35,4230,KBS,2026-10-09T04:39:47Z
2019-01-14,TDM,14.35,14.35,14.35,14.35,10,KBS,2026-10-09T04:39:47Z
2019-01-15,TDM,14.27,14.31,14.12,14.31,12610,KBS,2026-10-09T04:39:47Z
2019-01-16,TDM,14.31,14.31,14.31,14.31,10,KBS,2026-10-09T04:39:47Z
2019-01-17,TDM,14.31,14.38,14.31,14.38,9590,KBS,2026-10-09T04:39:47Z
2019-01-18,TDM,14.42,14.42,14.27,14.27,2810,KBS,2026-10-09T04:39:47Z
2019-01-21,TDM,14.27,14.27,14.27,14.27,810,KBS,2026-10-09T04:39:47Z
2019-01-22,TDM,14.27,14.27,13.82,14.27,2810,KBS,2026-10-09T04:39:47Z
2019-01-23,TDM,14.2,14.2,14.2,14.2,10,KBS,2026-10-09T04:39:47Z
2019-01-24,TDM,14.57,14.72,14.12,14.12,9630,KBS,2026-10-09T04:39:47Z
2019-01-25,TDM,14.2,14.2,14.05,14.05,6320,KBS,2026-10-09T04:39:47Z
2019-01-28,TDM,14.27,14.57,14.27,14.57,48200,KBS,2026-10-09T04:39:47Z
2019-01-29,TDM,14.5,14.57,14.42,14.57,57850,KBS,2026-10-09T04:39:47Z
2019-01-30,TDM,14.57,14.64,14.57,14.57,37520,KBS,2026-10-09T04:39:47Z
2019-01-31,TDM,14.57,14.72,14.57,14.64,13110,KBS,2026-10-09T04:39:47Z
2019-02-01,TDM,14.64,14.64,14.64,14.64,3000,KBS,2026-10-09T04:39:47Z
2019-02-11,TDM,14.64,14.8,14.64,14.64,28250,KBS,2026-10-09T04:39:47Z
2019-02-12,TDM,14.64,14.72,14.64,14.64,12790,KBS,2026-10-09T04:39:47Z
2019-02-13,TDM,14.83,15.62,14.83,15.54,241730,KBS,2026-10-09T04:39:47Z
2019-02-14,TDM,15.62,16.03,15.62,15.99,473140,KBS,2026-10-09T04:39:47Z
2019-02-15,TDM,16.29,16.44,16.07,16.29,182490,KBS,2026-10-09T04:39:47Z
2019-02-18,TDM,16.29,16.29,16.07,16.1,233000,KBS,2026-10-09T04:39:47Z
2019-02-19,TDM,16.14,17.22,16.07,17.0,1154360,KBS,2026-10-09T04:39:47Z
2019-02-20,TDM,17.19,17.9,17.11,17.37,280530,KBS,2026-10-09T04:39:47Z
2019-02-21,TDM,17.48,17.56,17.04,17.19,302790,KBS,2026-10-09T04:39:47Z
2019-02-22,TDM,17.19,17.78,16.96,17.56,554260,KBS,2026-10-09T04:39:47Z
2019-02-25,TDM,17.56,17.9,17.56,17.9,322870,KBS,2026-10-09T04:39:47Z
2019-02-26,TDM,17.93,18.19,17.71,18.16,343280,KBS,2026-10-09T04:39:47Z
2019-02-27,TDM,18.16,19.24,18.01,19.05,1008260,KBS,2026-10-09T04:39:47Z
2019-02-28,TDM,19.43,19.65,18.76,18.94,425230,KBS,2026-10-09T04:39:47Z
2019-03-01,TDM,18.94,19.28,18.68,19.05,551910,KBS,2026-10-09T04:39:47Z
2019-03-04,TDM,19.39,19.39,18.68,18.79,421780,KBS,2026-10-09T04:39:47Z
2019-03-05,TDM,18.83,19.65,18.79,19.35,437420,KBS,2026-10-09T04:39:47Z
2019-03-06,TDM,19.43,19.61,19.28,19.43,244820,KBS,2026-10-09T04:39:47Z
2019-03-07,TDM,19.2,19.88,19.2,19.43,342560,KBS,2026-10-09T04:39:47Z
2019-03-08,TDM,19.05,19.5,18.9,19.5,179650,KBS,2026-10-09T04:39:47Z
2019-03-11,TDM,19.8,19.8,19.43,19.5,282200,KBS,2026-10-09T04:39:47Z
2019-03-12,TDM,19.5,19.54,19.43,19.43,249190,KBS,2026-10-09T04:39:47Z
2019-03-13,TDM,19.43,19.58,19.43,19.43,577960,KBS,2026-10-09T04:39:47Z
2019-03-14,TDM,19.43,20.77,19.2,20.4,526650,KBS,2026-10-09T04:39:47Z
2019-03-15,TDM,20.55,21.15,20.36,20.92,754640,KBS,2026-10-09T04:39:47Z
2019-03-18,TDM,20.92,21.22,20.92,21.15,673870,KBS,2026-10-09T04:39:47Z
2019-03-19,TDM,21.15,21.52,20.92,21.37,640310,KBS,2026-10-09T04:39:47Z
2019-03-20,TDM,21.3,21.44,20.92,21.37,505790,KBS,2026-10-09T04:39:47Z
2019-03-21,TDM,21.37,21.82,21.37,21.37,370520,KBS,2026-10-09T04:39:47Z
2019-03-22,TDM,21.37,21.67,20.92,21.52,204210,KBS,2026-10-09T04:39:47Z
2019-03-25,TDM,21.37,21.37,20.55,21.07,626490,KBS,2026-10-09T04:39:47Z
2019-03-26,TDM,20.92,21.3,20.92,21.3,475210,KBS,2026-10-09T04:39:47Z
2019-03-27,TDM,21.33,21.37,21.22,21.3,682630,KBS,2026-10-09T04:39:47Z
2019-03-28,TDM,21.0,22.75,21.0,22.42,631340,KBS,2026-10-09T04:39:47Z
2019-03-29,TDM,22.42,22.49,21.89,22.34,403230,KBS,2026-10-09T04:39:47Z
2019-04-01,TDM,22.38,22.38,21.89,22.04,170760,KBS,2026-10-09T04:39:47Z
2019-04-02,TDM,21.78,22.42,21.78,22.27,302760,KBS,2026-10-09T04:39:47Z
2019-04-03,TDM,22.34,22.6,22.12,22.57,479270,KBS,2026-10-09T04:39:47Z
2019-04-04,TDM,22.86,22.94,22.42,22.86,295930,KBS,2026-10-09T04:39:47Z
2019-04-05,TDM,22.86,22.86,21.97,22.04,533010,KBS,2026-10-09T04:39:47Z
2019-04-08,TDM,22.04,22.42,21.67,22.3,394410,KBS,2026-10-09T04:39:47Z
2019-04-09,TDM,22.64,22.64,21.0,21.44,166550,KBS,2026-10-09T04:39:47Z
2019-04-10,TDM,21.0,21.67,21.0,21.59,354640,KBS,2026-10-09T04:39:47Z
2019-04-11,TDM,21.59,21.82,21.0,21.52,283920,KBS,2026-10-09T04:39:47Z
2019-04-12,TDM,21.44,21.52,20.02,21.3,395870,KBS,2026-10-09T04:39:47Z
2019-04-16,TDM,20.77,21.37,20.62,21.37,84130,KBS,2026-10-09T04:39:47Z
2019-04-17,TDM,21.37,21.52,21.07,21.07,87470,KBS,2026-10-09T04:39:47Z
2019-04-18,TDM,21.07,21.22,21.0,21.0,202350,KBS,2026-10-09T04:39:47Z
2019-04-19,TDM,21.0,21.3,20.92,21.22,40060,KBS,2026-10-09T04:39:47Z
2019-04-22,TDM,21.22,21.22,20.92,21.18,32530,KBS,2026-10-09T04:39:47Z
2019-04-23,TDM,21.22,21.22,20.77,21.15,43910,KBS,2026-10-09T04:39:47Z
2019-04-24,TDM,21.15,22.04,21.0,21.52,234570,KBS,2026-10-09T04:39:47Z
2019-04-25,TDM,21.74,21.74,21.37,21.52,23420,KBS,2026-10-09T04:39:47Z
2019-04-26,TDM,21.67,22.27,21.52,22.12,192940,KBS,2026-10-09T04:39:47Z
2019-05-02,TDM,22.12,22.57,22.12,22.38,87180,KBS,2026-10-09T04:39:47Z
2019-05-03,TDM,22.42,22.42,21.59,21.67,26860,KBS,2026-10-09T04:39:47Z
2019-05-06,TDM,21.67,22.04,21.44,21.89,28750,KBS,2026-10-09T04:39:47Z
2019-05-07,TDM,22.04,22.04,21.3,21.41,48140,KBS,2026-10-09T04:39:47Z
2019-05-08,TDM,21.3,21.63,21.3,21.41,34790,KBS,2026-10-09T04:39:47Z
2019-05-09,TDM,21.41,21.59,21.33,21.44,15960,KBS,2026-10-09T04:39:47Z
2019-05-10,TDM,21.44,21.67,21.3,21.48,11010,KBS,2026-10-09T04:39:47Z
2019-05-13,TDM,21.82,21.82,21.3,21.33,48920,KBS,2026-10-09T04:39:47Z
2019-05-14,TDM,21.3,21.48,20.96,21.33,220300,KBS,2026-10-09T04:39:47Z
2019-05-15,TDM,21.67,21.67,21.22,21.3,100450,KBS,2026-10-09T04:39:47Z
2019-05-16,TDM,21.3,21.33,20.77,20.77,251220,KBS,2026-10-09T04:39:47Z
2019-05-17,TDM,21.07,21.07,20.32,20.36,198650,KBS,2026-10-09T04:39:47Z
2019-05-20,TDM,20.36,20.92,20.29,20.7,39140,KBS,2026-10-09T04:39:47Z
2019-05-21,TDM,20.7,20.7,20.25,20.4,27350,KBS,2026-10-09T04:39:47Z
2019-05-22,TDM,20.58,20.92,20.29,20.58,167050,KBS,2026-10-09T04:39:47Z
2019-05-23,TDM,20.62,20.7,20.55,20.62,13600,KBS,2026-10-09T04:39:47Z
2019-05-24,TDM,20.55,20.7,20.51,20.58,113950,KBS,2026-10-09T04:39:47Z
2019-05-27,TDM,20.58,20.88,20.51,20.62,21680,KBS,2026-10-09T04:39:47Z
2019-05-28,TDM,20.62,21.0,20.55,20.85,250340,KBS,2026-10-09T04:39:47Z
2019-05-29,TDM,21.07,22.04,20.85,21.67,388580,KBS,2026-10-09T04:39:47Z
2019-05-30,TDM,22.04,22.04,21.67,21.82,148610,KBS,2026-10-09T04:39:47Z
2019-05-31,TDM,21.67,21.82,21.37,21.37,83970,KBS,2026-10-09T04:39:47Z
2019-06-03,TDM,21.3,21.3,20.77,20.92,143130,KBS,2026-10-09T04:39:47Z
2019-06-04,TDM,20.92,21.67,20.92,21.22,41550,KBS,2026-10-09T04:39:47Z
2019-06-05,TDM,21.22,21.3,20.92,21.07,65520,KBS,2026-10-09T04:39:47Z
2019-06-06,TDM,21.3,21.44,21.03,21.44,65040,KBS,2026-10-09T04:39:47Z
2019-06-07,TDM,21.44,22.94,21.44,22.94,926500,KBS,2026-10-09T04:39:47Z
2019-06-10,TDM,23.31,23.39,22.94,23.16,349600,KBS,2026-10-09T04:39:47Z
2019-06-11,TDM,23.16,24.17,23.01,23.91,387290,KBS,2026-10-09T04:39:47Z
2019-06-12,TDM,23.91,23.91,23.54,23.91,229490,KBS,2026-10-09T04:39:47Z
2019-06-13,TDM,23.91,23.91,23.61,23.61,185920,KBS,2026-10-09T04:39:47Z
2019-06-14,TDM,23.61,23.87,23.24,23.24,189820,KBS,2026-10-09T04:39:47Z
2019-06-17,TDM,23.24,23.61,23.16,23.57,185180,KBS,2026-10-09T04:39:47Z
2019-06-18,TDM,23.91,23.91,23.31,23.69,89610,KBS,2026-10-09T04:39:47Z
2019-06-19,TDM,23.84,24.66,23.84,23.84,466570,KBS,2026-10-09T04:39:47Z
2019-06-20,TDM,23.84,24.06,23.31,23.8,180790,KBS,2026-10-09T04:39:47Z
2019-06-21,TDM,23.69,23.84,23.46,23.69,83450,KBS,2026-10-09T04:39:47Z
2019-06-24,TDM,23.69,24.51,23.54,24.28,255010,KBS,2026-10-09T04:39:47Z
2019-06-25,TDM,24.28,24.66,23.76,23.87,184790,KBS,2026-10-09T04:39:47Z
2019-06-26,TDM,23.87,24.21,23.76,23.98,99870,KBS,2026-10-09T04:39:47Z
2019-06-27,TDM,23.95,24.62,23.69,24.06,187010,KBS,2026-10-09T04:39:47Z
2019-06-28,TDM,23.91,24.14,23.69,23.87,169830,KBS,2026-10-09T04:39:47Z
2019-07-01,TDM,23.91,24.28,23.91,24.14,83060,KBS,2026-10-09T04:39:47Z
2019-07-02,TDM,24.21,25.29,24.21,24.88,379610,KBS,2026-10-09T04:39:47Z
2019-07-03,TDM,25.03,25.03,24.66,24.73,139490,KBS,2026-10-09T04:39:47Z
2019-07-04,TDM,24.73,25.03,24.73,24.99,155710,KBS,2026-10-09T04:39:47Z
2019-07-05,TDM,24.96,24.99,23.54,23.54,650590,KBS,2026-10-09T04:39:47Z
2019-07-08,TDM,23.31,23.84,22.79,23.84,301910,KBS,2026-10-09T04:39:47Z
2019-07-09,TDM,23.54,23.76,23.2,23.31,100330,KBS,2026-10-09T04:39:47Z
2019-07-10,TDM,23.31,23.72,22.94,23.31,136900,KBS,2026-10-09T04:39:47Z
2019-07-11,TDM,23.69,23.69,23.16,23.16,176430,KBS,2026-10-09T04:39:47Z
2019-07-12,TDM,23.16,23.39,23.09,23.09,116670,KBS,2026-10-09T04:39:47Z
2019-07-15,TDM,23.16,23.31,23.01,23.09,97160,KBS,2026-10-09T04:39:47Z
2019-07-16,TDM,23.09,23.65,23.09,23.54,120290,KBS,2026-10-09T04:39:47Z
2019-07-17,TDM,23.61,23.61,23.16,23.16,107680,KBS,2026-10-09T04:39:47Z
2019-07-19,TDM,23.61,24.55,23.54,24.36,528640,KBS,2026-10-09T04:39:47Z
2019-07-22,TDM,24.58,24.66,24.1,24.36,107330,KBS,2026-10-09T04:39:47Z
2019-07-23,TDM,24.43,24.43,24.06,24.36,101130,KBS,2026-10-09T04:39:47Z
2019-07-24,TDM,24.36,24.36,24.14,24.25,112520,KBS,2026-10-09T04:39:47Z
2019-07-25,TDM,24.28,24.96,24.28,24.28,255990,KBS,2026-10-09T04:39:47Z
2019-07-26,TDM,23.95,24.17,23.09,23.84,137820,KBS,2026-10-09T04:39:47Z
2019-07-29,TDM,23.84,23.84,23.09,23.35,127160,KBS,2026-10-09T04:39:47Z
2019-07-30,TDM,23.24,23.28,22.04,22.42,425930,KBS,2026-10-09T04:39:47Z
2019-07-31,TDM,21.82,23.09,21.82,22.86,143620,KBS,2026-10-09T04:39:47Z
2019-08-01,TDM,22.79,23.54,22.64,23.54,106920,KBS,2026-10-09T04:39:47Z
2019-08-02,TDM,23.16,23.39,23.01,23.09,193960,KBS,2026-10-09T04:39:47Z
2019-08-05,TDM,22.79,23.09,22.45,23.01,242490,KBS,2026-10-09T04:39:47Z
2019-08-06,TDM,22.42,23.46,22.42,23.16,247950,KBS,2026-10-09T04:39:47Z
2019-08-08,TDM,24.62,24.62,24.02,24.21,164610,KBS,2026-10-09T04:39:47Z
2019-08-09,TDM,24.28,25.4,24.28,24.66,242750,KBS,2026-10-09T04:39:47Z
2019-08-12,TDM,24.66,24.66,24.14,24.17,91840,KBS,2026-10-09T04:39:47Z
2019-08-13,TDM,23.98,24.73,23.54,24.17,181290,KBS,2026-10-09T04:39:47Z
2019-08-14,TDM,24.17,24.66,24.14,24.17,150480,KBS,2026-10-09T04:39:47Z
2019-08-15,TDM,23.57,24.28,23.57,24.17,78810,KBS,2026-10-09T04:39:47Z
2019-08-16,TDM,24.17,24.17,23.72,23.76,162930,KBS,2026-10-09T04:39:47Z
2019-08-19,TDM,23.72,23.98,23.61,23.76,105960,KBS,2026-10-09T04:39:47Z
2019-08-20,TDM,24.21,24.21,23.09,23.16,256300,KBS,2026-10-09T04:39:47Z
2019-08-21,TDM,23.16,23.46,23.01,23.31,96690,KBS,2026-10-09T04:39:47Z
2019-08-22,TDM,23.16,23.46,23.13,23.16,91730,KBS,2026-10-09T04:39:47Z
2019-08-23,TDM,23.16,23.24,23.01,23.16,34880,KBS,2026-10-09T04:39:47Z
2019-08-26,TDM,22.86,23.46,22.86,23.46,81490,KBS,2026-10-09T04:39:47Z
2019-08-27,TDM,23.46,24.02,23.13,23.16,75100,KBS,2026-10-09T04:39:47Z
2019-08-28,TDM,23.42,23.42,22.86,22.86,124370,KBS,2026-10-09T04:39:47Z
2019-08-29,TDM,22.86,23.13,22.57,22.86,71130,KBS,2026-10-09T04:39:47Z
2019-08-30,TDM,22.79,23.09,22.79,23.01,121970,KBS,2026-10-09T04:39:47Z
2019-09-03,TDM,22.94,23.05,22.72,23.01,31390,KBS,2026-10-09T04:39:47Z
2019-09-04,TDM,22.94,23.16,22.79,23.01,45620,KBS,2026-10-09T04:39:47Z
2019-09-05,TDM,22.86,23.09,22.86,23.01,61570,KBS,2026-10-09T04:39:47Z
2019-09-06,TDM,23.39,23.39,22.9,22.9,64610,KBS,2026-10-09T04:39:47Z
2019-09-09,TDM,23.01,23.01,22.83,22.94,22600,KBS,2026-10-09T04:39:47Z
2019-09-10,TDM,22.94,23.05,22.83,22.94,83130,KBS,2026-10-09T04:39:47Z
2019-09-11,TDM,23.01,23.13,22.64,22.94,55590,KBS,2026-10-09T04:39:47Z
2019-09-12,TDM,22.64,22.9,21.82,21.82,246990,KBS,2026-10-09T04:39:47Z
2019-09-13,TDM,22.64,22.64,21.82,21.82,139420,KBS,2026-10-09T04:39:47Z
2019-09-16,TDM,21.82,22.04,21.52,21.52,212980,KBS,2026-10-09T04:39:47Z
2019-09-17,TDM,21.52,21.67,21.33,21.56,63440,KBS,2026-10-09T04:39:47Z
2019-09-18,TDM,21.56,21.59,21.37,21.44,26420,KBS,2026-10-09T04:39:47Z
2019-09-19,TDM,21.33,21.63,21.3,21.59,72660,KBS,2026-10-09T04:39:47Z
2019-09-20,TDM,21.33,21.63,21.22,21.52,95050,KBS,2026-10-09T04:39:47Z
2019-09-23,TDM,21.11,21.48,21.11,21.26,57800,KBS,2026-10-09T04:39:47Z
2019-09-24,TDM,21.3,21.3,21.11,21.22,51160,KBS,2026-10-09T04:39:47Z
2019-09-25,TDM,21.15,21.52,21.11,21.52,41560,KBS,2026-10-09T04:39:47Z
2019-09-26,TDM,22.12,22.12,21.33,21.59,58390,KBS,2026-10-09T04:39:47Z
2019-09-27,TDM,21.37,21.37,21.07,21.18,95140,KBS,2026-10-09T04:39:47Z
2019-09-30,TDM,21.07,21.44,20.92,21.22,81540,KBS,2026-10-09T04:39:47Z
2019-10-01,TDM,21.52,21.52,21.15,21.3,38160,KBS,2026-10-09T04:39:47Z
2019-10-02,TDM,21.26,21.52,21.15,21.3,76820,KBS,2026-10-09T04:39:47Z
2019-10-03,TDM,21.15,21.3,21.11,21.26,49960,KBS,2026-10-09T04:39:47Z
2019-10-04,TDM,21.48,21.48,21.15,21.44,47540,KBS,2026-10-09T04:39:47Z
2019-10-07,TDM,21.18,21.37,21.07,21.15,36610,KBS,2026-10-09T04:39:47Z
2019-10-08,TDM,21.48,21.48,20.81,20.85,395390,KBS,2026-10-09T04:39:47Z
2019-10-09,TDM,21.11,21.11,20.77,20.92,12800,KBS,2026-10-09T04:39:47Z
2019-10-10,TDM,20.92,20.92,20.7,20.81,21460,KBS,2026-10-09T04:39:47Z
2019-10-11,TDM,20.77,20.85,20.55,20.85,41540,KBS,2026-10-09T04:39:47Z
2019-10-14,TDM,20.62,20.85,20.4,20.4,72800,KBS,2026-10-09T04:39:47Z
2019-10-15,TDM,20.4,20.88,20.32,20.55,36860,KBS,2026-10-09T04:39:47Z
2019-10-16,TDM,21.0,21.0,20.7,20.88,8140,KBS,2026-10-09T04:39:47Z
2019-10-17,TDM,20.92,20.92,20.55,20.55,92880,KBS,2026-10-09T04:39:47Z
2019-10-18,TDM,20.47,20.7,20.4,20.7,34420,KBS,2026-10-09T04:39:47Z
2019-10-21,TDM,20.7,20.7,20.36,20.55,30840,KBS,2026-10-09T04:39:47Z
2019-10-22,TDM,20.55,20.55,19.5,20.17,55220,KBS,2026-10-09T04:39:47Z
2019-10-23,TDM,19.5,20.4,19.5,20.4,89390,KBS,2026-10-09T04:39:47Z
2019-10-24,TDM,20.17,20.4,19.95,20.36,16380,KBS,2026-10-09T04:39:47Z
2019-10-25,TDM,20.32,20.32,20.02,20.17,27980,KBS,2026-10-09T04:39:47Z
2019-10-28,TDM,20.17,20.25,20.1,20.17,8500,KBS,2026-10-09T04:39:47Z
2019-10-29,TDM,20.17,20.25,20.14,20.14,20060,KBS,2026-10-09T04:39:47Z
2019-10-30,TDM,20.47,20.47,20.1,20.17,4660,KBS,2026-10-09T04:39:47Z
2019-10-31,TDM,20.17,20.4,20.06,20.1,17780,KBS,2026-10-09T04:39:47Z
2019-11-01,TDM,20.1,20.1,19.73,19.73,19800,KBS,2026-10-09T04:39:47Z
2019-11-04,TDM,19.73,20.17,19.32,19.32,131280,KBS,2026-10-09T04:39:47Z
2019-11-05,TDM,19.32,19.43,19.05,19.35,79850,KBS,2026-10-09T04:39:47Z
2019-11-06,TDM,19.35,19.65,19.28,19.32,26340,KBS,2026-10-09T04:39:47Z
2019-11-07,TDM,19.35,20.29,19.32,20.17,68920,KBS,2026-10-09T04:39:47Z
2019-11-08,TDM,20.17,20.21,19.58,19.84,23100,KBS,2026-10-09T04:39:47Z
2019-11-11,TDM,20.02,20.02,19.65,19.65,34160,KBS,2026-10-09T04:39:47Z
2019-11-12,TDM,19.99,19.99,19.43,19.95,13670,KBS,2026-10-09T04:39:47Z
2019-11-13,TDM,19.95,19.95,19.69,19.88,4320,KBS,2026-10-09T04:39:47Z
2019-11-14,TDM,19.58,19.91,19.43,19.8,15390,KBS,2026-10-09T04:39:47Z
2019-11-15,TDM,19.8,20.02,19.73,19.8,12230,KBS,2026-10-09T04:39:47Z
2019-11-18,TDM,19.8,19.99,19.13,19.13,121140,KBS,2026-10-09T04:39:47Z
2019-11-19,TDM,19.13,19.43,19.13,19.43,23550,KBS,2026-10-09T04:39:47Z
2019-11-20,TDM,19.73,19.73,19.43,19.43,58390,KBS,2026-10-09T04:39:47Z
2019-11-21,TDM,19.43,19.43,19.17,19.28,22490,KBS,2026-10-09T04:39:47Z
2019-11-22,TDM,18.83,19.58,18.83,18.83,59530,KBS,2026-10-09T04:39:47Z
2019-11-25,TDM,18.98,18.98,18.72,18.72,41480,KBS,2026-10-09T04:39:47Z
2019-11-26,TDM,18.79,18.98,18.68,18.68,67970,KBS,2026-10-09T04:39:47Z
2019-11-27,TDM,18.68,19.28,18.53,18.83,380390,KBS,2026-10-09T04:39:47Z
2019-11-28,TDM,18.68,19.17,18.68,19.17,16040,KBS,2026-10-09T04:39:47Z
2019-11-29,TDM,19.24,20.1,19.17,20.1,27960,KBS,2026-10-09T04:39:47Z
2019-12-02,TDM,20.1,20.1,19.43,19.8,62420,KBS,2026-10-09T04:39:47Z
2019-12-03,TDM,19.84,19.88,19.58,19.8,48490,KBS,2026-10-09T04:39:47Z
2019-12-04,TDM,20.02,20.17,19.43,19.8,74170,KBS,2026-10-09T04:39:47Z
2019-12-05,TDM,19.8,19.8,19.46,19.76,16680,KBS,2026-10-09T04:39:47Z
2019-12-06,TDM,19.46,19.8,19.43,19.76,25500,KBS,2026-10-09T04:39:47Z
2019-12-09,TDM,19.8,19.8,19.5,19.65,57690,KBS,2026-10-09T04:39:47Z
2019-12-10,TDM,19.43,19.88,19.43,19.88,18730,KBS,2026-10-09T04:39:47Z
2019-12-11,TDM,19.5,19.88,19.46,19.88,48720,KBS,2026-10-09T04:39:47Z
2019-12-12,TDM,20.55,20.55,19.8,19.88,37160,KBS,2026-10-09T04:39:47Z
2019-12-13,TDM,20.51,20.51,19.61,19.84,71790,KBS,2026-10-09T04:39:47Z
2019-12-16,TDM,19.84,19.84,19.58,19.84,41610,KBS,2026-10-09T04:39:47Z
2019-12-17,TDM,19.73,19.95,19.43,19.76,44330,KBS,2026-10-09T04:39:47Z
2019-12-18,TDM,19.73,19.76,19.5,19.76,43050,KBS,2026-10-09T04:39:47Z
2019-12-19,TDM,19.73,19.8,19.73,19.8,29150,KBS,2026-10-09T04:39:47Z
2019-12-20,TDM,19.8,19.8,19.43,19.73,120170,KBS,2026-10-09T04:39:47Z
2019-12-23,TDM,19.73,19.73,19.2,19.28,62430,KBS,2026-10-09T04:39:47Z
2019-12-24,TDM,19.35,19.35,19.13,19.2,52570,KBS,2026-10-09T04:39:47Z
2019-12-25,TDM,19.2,19.28,18.68,19.28,34970,KBS,2026-10-09T04:39:47Z
2019-12-26,TDM,19.28,19.28,18.9,19.2,80800,KBS,2026-10-09T04:39:47Z
2019-12-27,TDM,19.2,19.61,19.05,19.35,58410,KBS,2026-10-09T04:39:47Z
2019-12-30,TDM,19.89,19.89,19.51,19.89,9610,KBS,2026-10-09T04:39:47Z
2019-12-31,TDM,19.89,20.13,19.55,19.89,65290,KBS,2026-10-09T04:39:47Z
2020-01-02,TDM,20.13,20.13,19.58,19.97,2320,KBS,2026-10-09T04:39:47Z
2020-01-03,TDM,19.74,19.97,19.58,19.62,16870,KBS,2026-10-09T04:39:47Z
2020-01-06,TDM,20.13,20.13,19.51,19.51,35540,KBS,2026-10-09T04:39:47Z
2020-01-07,TDM,19.51,20.05,19.35,19.82,59620,KBS,2026-10-09T04:39:47Z
2020-01-08,TDM,19.89,19.89,19.35,19.74,41060,KBS,2026-10-09T04:39:47Z
2020-01-09,TDM,20.05,20.05,19.58,19.82,52960,KBS,2026-10-09T04:39:47Z
2020-01-10,TDM,19.62,19.93,19.62,19.82,990,KBS,2026-10-09T04:39:47Z
2020-01-13,TDM,19.82,19.82,19.51,19.66,28900,KBS,2026-10-09T04:39:47Z
2020-01-14,TDM,19.58,19.66,19.58,19.66,46320,KBS,2026-10-09T04:39:47Z
2020-01-15,TDM,19.51,19.86,19.27,19.35,105630,KBS,2026-10-09T04:39:47Z
2020-01-16,TDM,19.35,19.55,19.35,19.55,86780,KBS,2026-10-09T04:39:47Z
2020-01-17,TDM,19.55,19.58,19.31,19.35,115280,KBS,2026-10-09T04:39:47Z
2020-01-20,TDM,19.35,19.43,18.46,18.96,55860,KBS,2026-10-09T04:39:47Z
2020-01-21,TDM,18.81,19.27,18.58,18.89,19870,KBS,2026-10-09T04:39:47Z
2020-01-22,TDM,18.81,19.12,18.58,18.58,34530,KBS,2026-10-09T04:39:47Z
2020-01-30,TDM,19.12,19.12,18.27,18.58,27700,KBS,2026-10-09T04:39:47Z
2020-01-31,TDM,18.58,18.73,18.31,18.31,11670,KBS,2026-10-09T04:39:47Z
2020-02-03,TDM,17.18,17.57,17.03,17.03,234740,KBS,2026-10-09T04:39:47Z
2020-02-04,TDM,17.18,17.42,16.41,16.49,48130,KBS,2026-10-09T04:39:47Z
2020-02-05,TDM,17.11,17.11,16.18,16.26,87620,KBS,2026-10-09T04:39:47Z
2020-02-06,TDM,16.33,16.64,16.1,16.33,823210,KBS,2026-10-09T04:39:47Z
2020-02-07,TDM,16.33,17.03,16.33,16.45,418700,KBS,2026-10-09T04:39:47Z
2020-02-10,TDM,16.95,17.42,16.53,16.95,352550,KBS,2026-10-09T04:39:47Z
2020-02-11,TDM,17.18,17.8,17.03,17.8,472100,KBS,2026-10-09T04:39:47Z
2020-02-12,TDM,18.04,18.35,17.8,17.88,485180,KBS,2026-10-09T04:39:47Z
2020-02-13,TDM,17.88,17.88,17.42,17.57,244180,KBS,2026-10-09T04:39:47Z
2020-02-14,TDM,17.46,17.57,17.11,17.15,430680,KBS,2026-10-09T04:39:47Z
2020-02-17,TDM,17.42,17.57,17.11,17.15,280500,KBS,2026-10-09T04:39:47Z
2020-02-18,TDM,17.26,17.73,17.22,17.53,334060,KBS,2026-10-09T04:39:47Z
2020-02-19,TDM,17.8,18.19,17.8,17.92,327650,KBS,2026-10-09T04:39:47Z
2020-02-20,TDM,17.96,18.0,17.5,17.57,297540,KBS,2026-10-09T04:39:47Z
2020-02-21,TDM,17.57,17.57,17.3,17.38,230500,KBS,2026-10-09T04:39:47Z
2020-02-24,TDM,17.03,17.18,16.88,17.15,235130,KBS,2026-10-09T04:39:47Z
2020-02-25,TDM,17.03,17.46,16.99,17.42,87270,KBS,2026-10-09T04:39:47Z
2020-02-26,TDM,17.07,17.46,17.07,17.18,69070,KBS,2026-10-09T04:39:47Z
2020-02-27,TDM,17.38,17.53,17.22,17.5,142570,KBS,2026-10-09T04:39:47Z
2020-02-28,TDM,17.42,17.61,17.03,17.5,137190,KBS,2026-10-09T04:39:47Z
2020-03-02,TDM,17.5,18.19,17.5,18.15,264450,KBS,2026-10-09T04:39:47Z
2020-03-03,TDM,18.19,18.35,17.8,17.92,123740,KBS,2026-10-09T04:39:47Z
2020-03-04,TDM,17.88,18.04,17.61,17.65,145310,KBS,2026-10-09T04:39:47Z
2020-03-05,TDM,17.57,17.65,17.26,17.26,230460,KBS,2026-10-09T04:39:47Z
2020-03-06,TDM,17.26,17.42,17.07,17.42,180680,KBS,2026-10-09T04:39:47Z
2020-03-09,TDM,16.95,16.95,16.22,16.22,562450,KBS,2026-10-09T04:39:47Z
2020-03-10,TDM,15.68,16.57,15.68,16.57,86780,KBS,2026-10-09T04:39:47Z
2020-03-11,TDM,16.76,16.8,15.56,16.1,126590,KBS,2026-10-09T04:39:47Z
2020-03-12,TDM,15.33,15.48,14.98,15.17,368360,KBS,2026-10-09T04:39:47Z
2020-03-13,TDM,14.55,15.25,14.24,15.1,266680,KBS,2026-10-09T04:39:47Z
2020-03-16,TDM,15.1,15.13,14.67,14.71,197920,KBS,2026-10-09T04:39:47Z
2020-03-17,TDM,14.63,14.9,14.48,14.78,172370,KBS,2026-10-09T04:39:47Z
2020-03-18,TDM,15.02,15.1,14.82,14.94,110020,KBS,2026-10-09T04:39:47Z
2020-03-19,TDM,14.71,14.86,14.48,14.48,157300,KBS,2026-10-09T04:39:47Z
2020-03-20,TDM,14.78,14.78,14.01,14.09,216970,KBS,2026-10-09T04:39:47Z
2020-03-23,TDM,14.17,14.17,13.12,13.12,340230,KBS,2026-10-09T04:39:47Z
2020-03-24,TDM,12.62,13.16,12.23,12.23,1095710,KBS,2026-10-09T04:39:47Z
2020-03-25,TDM,12.93,12.93,11.68,12.7,1155220,KBS,2026-10-09T04:39:47Z
2020-03-26,TDM,12.89,12.93,12.39,12.46,379110,KBS,2026-10-09T04:39:47Z
2020-03-27,TDM,12.46,12.7,12.46,12.5,450090,KBS,2026-10-09T04:39:47Z
2020-03-30,TDM,12.43,12.7,12.0,12.46,352030,KBS,2026-10-09T04:39:47Z
2020-03-31,TDM,12.62,13.01,12.11,12.23,359410,KBS,2026-10-09T04:39:47Z
2020-04-01,TDM,12.11,12.74,12.11,12.74,135820,KBS,2026-10-09T04:39:47Z
2020-04-03,TDM,12.54,13.59,12.54,13.44,236630,KBS,2026-10-09T04:39:47Z
2020-04-06,TDM,13.83,14.22,13.48,14.1,208810,KBS,2026-10-09T04:39:47Z
2020-04-07,TDM,14.1,14.18,13.48,13.56,345580,KBS,2026-10-09T04:39:47Z
2020-04-08,TDM,13.32,13.63,13.28,13.63,224540,KBS,2026-10-09T04:39:47Z
2020-04-09,TDM,13.71,14.1,13.67,13.98,338470,KBS,2026-10-09T04:39:47Z
2020-04-10,TDM,13.98,14.02,13.83,14.02,95830,KBS,2026-10-09T04:39:47Z
2020-04-13,TDM,14.02,14.41,14.02,14.18,122820,KBS,2026-10-09T04:39:47Z
2020-04-14,TDM,14.18,14.26,13.83,14.02,193450,KBS,2026-10-09T04:39:47Z
2020-04-15,TDM,14.37,14.53,13.98,14.33,247250,KBS,2026-10-09T04:39:47Z
2020-04-16,TDM,14.18,14.8,14.18,14.8,258820,KBS,2026-10-09T04:39:47Z
2020-04-17,TDM,14.8,15.5,14.8,15.15,353890,KBS,2026-10-09T04:39:47Z
2020-04-20,TDM,15.04,15.42,14.72,15.15,267990,KBS,2026-10-09T04:39:47Z
2020-04-21,TDM,14.8,15.04,14.41,14.49,368090,KBS,2026-10-09T04:39:47Z
2020-04-22,TDM,14.18,14.8,14.18,14.65,135070,KBS,2026-10-09T04:39:47Z
2020-04-23,TDM,15.19,15.19,14.65,14.8,167070,KBS,2026-10-09T04:39:47Z
2020-04-24,TDM,14.8,15.58,14.65,15.58,311420,KBS,2026-10-09T04:39:47Z
2020-04-27,TDM,15.97,16.36,15.97,16.2,462450,KBS,2026-10-09T04:39:47Z
2020-04-28,TDM,16.36,16.36,15.81,16.2,217750,KBS,2026-10-09T04:39:47Z
2020-04-29,TDM,16.16,16.28,15.81,16.16,122380,KBS,2026-10-09T04:39:47Z
2020-05-04,TDM,15.81,16.16,15.66,15.74,229310,KBS,2026-10-09T04:39:47Z
2020-05-05,TDM,16.13,16.13,15.66,15.81,151990,KBS,2026-10-09T04:39:47Z
2020-05-06,TDM,15.97,16.28,15.81,15.89,138160,KBS,2026-10-09T04:39:47Z
2020-05-07,TDM,16.2,16.24,15.97,16.05,201010,KBS,2026-10-09T04:39:47Z
2020-05-08,TDM,16.28,16.28,15.97,16.05,139420,KBS,2026-10-09T04:39:47Z
2020-05-11,TDM,16.13,16.28,16.05,16.13,124960,KBS,2026-10-09T04:39:47Z
2020-05-12,TDM,16.13,16.36,16.13,16.28,199720,KBS,2026-10-09T04:39:47Z
2020-05-13,TDM,16.55,16.79,16.36,16.44,191140,KBS,2026-10-09T04:39:47Z
2020-05-14,TDM,16.2,16.59,16.2,16.4,122300,KBS,2026-10-09T04:39:47Z
2020-05-15,TDM,16.36,16.36,16.05,16.09,329840,KBS,2026-10-09T04:39:47Z
2020-05-18,TDM,16.05,16.05,15.81,15.97,134260,KBS,2026-10-09T04:39:47Z
2020-05-19,TDM,16.13,16.36,16.05,16.2,141320,KBS,2026-10-09T04:39:47Z
2020-05-20,TDM,16.05,16.24,16.05,16.16,91480,KBS,2026-10-09T04:39:47Z
2020-05-21,TDM,16.16,16.2,15.89,16.09,276820,KBS,2026-10-09T04:39:47Z
2020-05-22,TDM,16.13,16.24,15.97,16.24,261510,KBS,2026-10-09T04:39:47Z
2020-05-25,TDM,16.24,17.1,16.24,17.1,602810,KBS,2026-10-09T04:39:47Z
2020-05-26,TDM,17.22,17.76,17.22,17.33,216300,KBS,2026-10-09T04:39:47Z
2020-05-27,TDM,17.33,17.37,16.83,17.06,193220,KBS,2026-10-09T04:39:47Z
2020-05-28,TDM,16.9,17.02,16.55,16.87,249210,KBS,2026-10-09T04:39:47Z
2020-05-29,TDM,16.75,16.83,16.59,16.75,108500,KBS,2026-10-09T04:39:47Z
2020-06-01,TDM,16.75,17.06,16.75,16.94,89010,KBS,2026-10-09T04:39:47Z
2020-06-02,TDM,17.06,17.06,16.71,16.71,126610,KBS,2026-10-09T04:39:47Z
2020-06-03,TDM,16.83,16.83,16.71,16.79,92880,KBS,2026-10-09T04:39:47Z
2020-06-04,TDM,16.98,17.06,16.83,17.06,163180,KBS,2026-10-09T04:39:47Z
2020-06-05,TDM,17.37,18.23,17.06,17.84,354590,KBS,2026-10-09T04:39:47Z
2020-06-08,TDM,18.0,18.58,18.0,18.39,429090,KBS,2026-10-09T04:39:47Z
2020-06-09,TDM,18.39,18.46,18.07,18.15,143030,KBS,2026-10-09T04:39:47Z
2020-06-10,TDM,18.0,18.7,17.8,18.42,255290,KBS,2026-10-09T04:39:47Z
2020-06-11,TDM,18.62,18.89,18.31,18.31,351760,KBS,2026-10-09T04:39:47Z
2020-06-12,TDM,17.53,18.39,17.45,18.11,301750,KBS,2026-10-09T04:39:47Z
2020-06-15,TDM,18.11,18.46,17.76,18.0,288860,KBS,2026-10-09T04:39:47Z
2020-06-16,TDM,18.0,18.46,18.0,18.39,247660,KBS,2026-10-09T04:39:47Z
2020-06-17,TDM,18.39,19.09,18.35,18.62,308600,KBS,2026-10-09T04:39:47Z
2020-06-18,TDM,18.62,19.05,18.54,18.7,231110,KBS,2026-10-09T04:39:47Z
2020-06-19,TDM,18.7,18.85,18.7,18.74,176140,KBS,2026-10-09T04:39:47Z
2020-06-22,TDM,18.54,18.77,18.5,18.54,193380,KBS,2026-10-09T04:39:47Z
2020-06-23,TDM,18.54,18.7,18.46,18.46,100520,KBS,2026-10-09T04:39:47Z
2020-06-24,TDM,18.39,18.62,18.27,18.46,123190,KBS,2026-10-09T04:39:47Z
2020-06-25,TDM,18.31,18.7,18.27,18.5,76390,KBS,2026-10-09T04:39:47Z
2020-06-26,TDM,18.54,18.7,18.46,18.54,44850,KBS,2026-10-09T04:39:47Z
2020-06-29,TDM,18.46,18.54,17.53,17.61,97820,KBS,2026-10-09T04:39:47Z
2020-06-30,TDM,17.84,17.92,17.61,17.68,164780,KBS,2026-10-09T04:39:47Z
2020-07-01,TDM,17.64,18.23,17.61,18.23,49590,KBS,2026-10-09T04:39:47Z
2020-07-02,TDM,18.23,18.27,18.07,18.15,37650,KBS,2026-10-09T04:39:47Z
2020-07-03,TDM,18.54,18.54,17.92,18.46,85240,KBS,2026-10-09T04:39:47Z
2020-07-06,TDM,18.54,18.7,18.31,18.54,141320,KBS,2026-10-09T04:39:47Z
2020-07-07,TDM,18.66,18.74,18.42,18.7,119580,KBS,2026-10-09T04:39:47Z
2020-07-08,TDM,18.7,18.77,18.54,18.77,138230,KBS,2026-10-09T04:39:47Z
2020-07-09,TDM,18.81,18.81,18.66,18.7,118410,KBS,2026-10-09T04:39:47Z
2020-07-10,TDM,18.7,18.7,18.54,18.7,66670,KBS,2026-10-09T04:39:47Z
2020-07-13,TDM,18.85,18.85,18.62,18.7,116840,KBS,2026-10-09T04:39:47Z
2020-07-14,TDM,18.7,18.7,18.39,18.54,62040,KBS,2026-10-09T04:39:47Z
2020-07-15,TDM,18.54,18.58,18.5,18.54,27380,KBS,2026-10-09T04:39:47Z
2020-07-16,TDM,18.66,18.7,18.62,18.7,98280,KBS,2026-10-09T04:39:47Z
2020-07-17,TDM,18.7,18.97,18.7,18.97,110050,KBS,2026-10-09T04:39:47Z
2020-07-20,TDM,19.09,19.16,18.89,19.01,81160,KBS,2026-10-09T04:39:47Z
2020-07-21,TDM,19.01,19.32,18.62,19.32,91670,KBS,2026-10-09T04:39:47Z
2020-07-22,TDM,19.32,20.02,19.28,19.79,227290,KBS,2026-10-09T04:39:47Z
2020-07-23,TDM,19.94,19.94,19.48,19.71,59180,KBS,2026-10-09T04:39:47Z
2020-07-24,TDM,19.48,19.59,18.35,18.74,129670,KBS,2026-10-09T04:39:47Z
2020-07-27,TDM,17.61,18.54,17.45,17.45,297850,KBS,2026-10-09T04:39:47Z
2020-07-28,TDM,17.3,18.54,17.3,18.31,72000,KBS,2026-10-09T04:39:47Z
2020-07-29,TDM,18.31,18.31,17.53,18.31,239500,KBS,2026-10-09T04:39:47Z
2020-07-30,TDM,18.31,19.24,18.31,19.16,196040,KBS,2026-10-09T04:39:47Z
2020-07-31,TDM,19.09,19.71,18.77,19.32,222400,KBS,2026-10-09T04:39:47Z
2020-08-03,TDM,19.16,19.48,19.16,19.48,71780,KBS,2026-10-09T04:39:47Z
2020-08-04,TDM,19.86,19.86,19.32,19.44,170310,KBS,2026-10-09T04:39:47Z
2020-08-05,TDM,19.44,19.71,19.32,19.48,292600,KBS,2026-10-09T04:39:47Z
2020-08-06,TDM,19.48,19.55,19.32,19.32,199800,KBS,2026-10-09T04:39:47Z
2020-08-07,TDM,19.09,19.4,19.09,19.24,128760,KBS,2026-10-09T04:39:47Z
2020-08-10,TDM,19.16,19.44,18.7,18.7,423970,KBS,2026-10-09T04:39:47Z
2020-08-11,TDM,18.7,18.7,18.5,18.54,434480,KBS,2026-10-09T04:39:47Z
2020-08-12,TDM,18.54,18.62,18.35,18.39,420910,KBS,2026-10-09T04:39:47Z
2020-08-13,TDM,18.39,18.85,18.31,18.85,381920,KBS,2026-10-09T04:39:47Z
2020-08-14,TDM,18.93,18.93,18.39,18.58,155950,KBS,2026-10-09T04:39:47Z
2020-08-17,TDM,18.58,18.62,18.27,18.27,214330,KBS,2026-10-09T04:39:47Z
2020-08-18,TDM,18.7,18.7,18.39,18.46,306760,KBS,2026-10-09T04:39:47Z
2020-08-19,TDM,18.66,18.7,18.5,18.7,278930,KBS,2026-10-09T04:39:47Z
2020-08-20,TDM,18.85,19.09,18.54,18.54,190560,KBS,2026-10-09T04:39:47Z
2020-08-21,TDM,18.42,18.7,18.42,18.66,141560,KBS,2026-10-09T04:39:47Z
2020-08-24,TDM,18.93,18.93,18.7,18.77,254990,KBS,2026-10-09T04:39:47Z
2020-08-25,TDM,18.85,18.93,18.77,18.85,257290,KBS,2026-10-09T04:39:47Z
2020-08-26,TDM,19.01,19.24,18.85,18.89,286070,KBS,2026-10-09T04:39:47Z
2020-08-27,TDM,18.77,19.75,18.66,19.48,862320,KBS,2026-10-09T04:39:47Z
2020-08-28,TDM,19.79,20.1,19.4,19.4,734300,KBS,2026-10-09T04:39:47Z
2020-08-31,TDM,19.32,19.48,18.89,19.01,319450,KBS,2026-10-09T04:39:47Z
2020-09-01,TDM,19.01,19.01,18.77,18.93,271590,KBS,2026-10-09T04:39:47Z
2020-09-03,TDM,19.05,19.24,18.7,18.93,459300,KBS,2026-10-09T04:39:47Z
2020-09-04,TDM,18.7,18.85,18.62,18.74,379140,KBS,2026-10-09T04:39:47Z
2020-09-07,TDM,18.74,18.77,18.27,18.27,600470,KBS,2026-10-09T04:39:47Z
2020-09-08,TDM,18.27,18.7,18.23,18.46,287300,KBS,2026-10-09T04:39:47Z
2020-09-09,TDM,18.58,18.58,18.35,18.46,205580,KBS,2026-10-09T04:39:47Z
2020-09-10,TDM,18.7,19.24,18.62,18.97,357820,KBS,2026-10-09T04:39:47Z
2020-09-11,TDM,19.01,19.05,18.85,18.89,192950,KBS,2026-10-09T04:39:47Z
2020-09-14,TDM,18.93,19.01,18.77,18.77,158980,KBS,2026-10-09T04:39:47Z
2020-09-15,TDM,18.7,18.77,18.62,18.77,406240,KBS,2026-10-09T04:39:47Z
2020-09-16,TDM,18.81,18.81,18.62,18.62,268030,KBS,2026-10-09T04:39:47Z
2020-09-17,TDM,18.62,18.81,18.5,18.58,219620,KBS,2026-10-09T04:39:47Z
2020-09-18,TDM,18.46,19.09,18.46,18.58,176700,KBS,2026-10-09T04:39:47Z
2020-09-21,TDM,18.7,18.81,18.5,18.58,226810,KBS,2026-10-09T04:39:47Z
2020-09-22,TDM,18.54,18.58,18.46,18.54,229780,KBS,2026-10-09T04:39:47Z
2020-09-23,TDM,18.5,18.58,18.39,18.39,313340,KBS,2026-10-09T04:39:47Z
2020-09-24,TDM,18.39,18.42,18.19,18.27,331060,KBS,2026-10-09T04:39:47Z
2020-09-25,TDM,18.23,18.35,18.23,18.27,243000,KBS,2026-10-09T04:39:47Z
2020-09-28,TDM,18.39,18.39,18.19,18.31,201770,KBS,2026-10-09T04:39:47Z
2020-09-29,TDM,18.31,18.85,18.19,18.46,401850,KBS,2026-10-09T04:39:47Z
2020-09-30,TDM,18.5,18.58,18.35,18.39,143620,KBS,2026-10-09T04:39:47Z
2020-10-01,TDM,18.39,18.62,18.39,18.54,209710,KBS,2026-10-09T04:39:47Z
2020-10-02,TDM,18.5,18.58,17.26,18.35,280430,KBS,2026-10-09T04:39:47Z
2020-10-05,TDM,18.35,18.42,18.31,18.35,141660,KBS,2026-10-09T04:39:47Z
2020-10-06,TDM,18.42,18.66,18.39,18.58,322610,KBS,2026-10-09T04:39:47Z
2020-10-07,TDM,18.58,18.7,18.5,18.5,161240,KBS,2026-10-09T04:39:47Z
2020-10-08,TDM,18.54,18.54,18.15,18.31,302060,KBS,2026-10-09T04:39:47Z
2020-10-09,TDM,18.31,18.39,18.15,18.23,104830,KBS,2026-10-09T04:39:47Z
2020-10-12,TDM,18.23,18.54,18.19,18.19,112610,KBS,2026-10-09T04:39:47Z
2020-10-13,TDM,18.27,18.39,18.23,18.23,198930,KBS,2026-10-09T04:39:47Z
2020-10-14,TDM,18.39,18.39,18.15,18.23,154910,KBS,2026-10-09T04:39:47Z
2020-10-15,TDM,18.23,18.31,18.11,18.23,157520,KBS,2026-10-09T04:39:47Z
2020-10-16,TDM,18.23,18.23,18.07,18.11,180260,KBS,2026-10-09T04:39:47Z
2020-10-19,TDM,18.11,18.11,17.96,17.96,182960,KBS,2026-10-09T04:39:47Z
2020-10-20,TDM,17.92,17.92,17.68,17.72,472130,KBS,2026-10-09T04:39:47Z
2020-10-21,TDM,17.68,17.72,17.41,17.41,649030,KBS,2026-10-09T04:39:47Z
2020-10-22,TDM,17.37,18.0,17.37,17.96,179280,KBS,2026-10-09T04:39:47Z
2020-10-23,TDM,18.04,18.04,17.76,17.76,62500,KBS,2026-10-09T04:39:47Z
2020-10-26,TDM,17.8,18.07,17.53,17.76,163030,KBS,2026-10-09T04:39:47Z
2020-10-27,TDM,17.76,17.92,17.64,17.72,248800,KBS,2026-10-09T04:39:47Z
2020-10-28,TDM,17.72,18.11,17.72,17.72,196660,KBS,2026-10-09T04:39:47Z
2020-10-29,TDM,17.68,17.92,17.61,17.88,93660,KBS,2026-10-09T04:39:47Z
2020-10-30,TDM,17.72,17.92,17.68,17.76,123900,KBS,2026-10-09T04:39:47Z
2020-11-02,TDM,17.76,17.92,17.76,17.88,63900,KBS,2026-10-09T04:39:47Z
2020-11-03,TDM,17.92,18.07,17.92,18.04,77150,KBS,2026-10-09T04:39:47Z
2020-11-04,TDM,18.0,18.39,18.0,18.31,149670,KBS,2026-10-09T04:39:47Z
2020-11-05,TDM,18.58,18.58,18.27,18.27,89630,KBS,2026-10-09T04:39:47Z
2020-11-06,TDM,18.27,18.42,18.15,18.27,53500,KBS,2026-10-09T04:39:47Z
2020-11-09,TDM,18.54,18.54,18.07,18.27,24170,KBS,2026-10-09T04:39:47Z
2020-11-10,TDM,18.27,18.35,18.15,18.23,85640,KBS,2026-10-09T04:39:47Z
2020-11-11,TDM,18.15,18.27,18.15,18.27,53490,KBS,2026-10-09T04:39:47Z
2020-11-12,TDM,18.27,18.7,18.27,18.46,149240,KBS,2026-10-09T04:39:47Z
2020-11-13,TDM,18.62,19.44,18.54,19.44,915010,KBS,2026-10-09T04:39:47Z
2020-11-16,TDM,19.55,20.02,18.11,19.09,1031970,KBS,2026-10-09T04:39:47Z
2020-11-17,TDM,19.4,19.55,19.32,19.48,360650,KBS,2026-10-09T04:39:47Z
2020-11-18,TDM,19.48,19.63,19.09,19.28,263400,KBS,2026-10-09T04:39:47Z
2020-11-19,TDM,19.44,19.98,19.16,19.75,636080,KBS,2026-10-09T04:39:47Z
2020-11-20,TDM,19.79,19.86,19.4,19.48,325760,KBS,2026-10-09T04:39:47Z
2020-11-23,TDM,19.48,20.33,19.32,20.33,1355170,KBS,2026-10-09T04:39:47Z
2020-11-24,TDM,20.68,21.19,20.49,21.19,695430,KBS,2026-10-09T04:39:47Z
2020-11-25,TDM,21.03,21.42,20.8,21.0,619420,KBS,2026-10-09T04:39:47Z
2020-11-26,TDM,20.96,20.96,20.68,20.68,522340,KBS,2026-10-09T04:39:47Z
2020-11-27,TDM,20.72,21.03,20.68,20.92,318380,KBS,2026-10-09T04:39:47Z
2020-11-30,TDM,21.03,21.58,20.96,21.19,887250,KBS,2026-10-09T04:39:47Z
2020-12-01,TDM,20.88,21.42,20.76,21.15,445870,KBS,2026-10-09T04:39:47Z
2020-12-02,TDM,21.34,21.38,21.11,21.15,650330,KBS,2026-10-09T04:39:47Z
2020-12-03,TDM,21.31,21.58,21.15,21.5,460040,KBS,2026-10-09T04:39:47Z
2020-12-04,TDM,21.5,21.74,21.19,21.19,623070,KBS,2026-10-09T04:39:47Z
2020-12-07,TDM,21.19,21.62,21.11,21.58,665030,KBS,2026-10-09T04:39:47Z
2020-12-08,TDM,21.34,21.54,21.31,21.31,419800,KBS,2026-10-09T04:39:47Z
2020-12-09,TDM,21.42,21.42,21.11,21.23,640600,KBS,2026-10-09T04:39:47Z
2020-12-10,TDM,21.31,21.42,20.72,20.72,837830,KBS,2026-10-09T04:39:47Z
2020-12-11,TDM,20.72,20.96,20.29,20.84,652060,KBS,2026-10-09T04:39:47Z
2020-12-14,TDM,20.92,21.19,20.88,21.11,301030,KBS,2026-10-09T04:39:47Z
2020-12-15,TDM,21.15,21.27,20.92,21.03,591360,KBS,2026-10-09T04:39:47Z
2020-12-16,TDM,21.19,21.19,20.88,21.03,943530,KBS,2026-10-09T04:39:47Z
2020-12-17,TDM,21.03,21.03,20.64,20.8,612850,KBS,2026-10-09T04:39:47Z
2020-12-18,TDM,20.8,20.8,20.41,20.49,699810,KBS,2026-10-09T04:39:47Z
2020-12-21,TDM,20.49,20.88,20.49,20.49,735860,KBS,2026-10-09T04:39:47Z
2020-12-22,TDM,20.6,20.6,20.45,20.49,580620,KBS,2026-10-09T04:39:47Z
2020-12-23,TDM,20.49,21.03,20.49,20.92,643080,KBS,2026-10-09T04:39:47Z
2020-12-24,TDM,20.92,20.92,20.41,20.6,351200,KBS,2026-10-09T04:39:47Z
2020-12-25,TDM,20.72,21.19,20.57,21.19,556620,KBS,2026-10-09T04:39:47Z
2020-12-28,TDM,21.5,21.5,21.03,21.11,549460,KBS,2026-10-09T04:39:47Z
2020-12-29,TDM,21.11,21.42,21.11,21.27,705630,KBS,2026-10-09T04:39:47Z
2020-12-30,TDM,21.84,22.73,21.55,22.33,1001210,KBS,2026-10-09T04:39:47Z
2020-12-31,TDM,22.33,22.57,22.04,22.29,334440,KBS,2026-10-09T04:39:47Z
2021-01-04,TDM,22.33,22.33,22.12,22.2,427600,KBS,2026-10-09T04:39:47Z
2021-01-05,TDM,22.2,22.2,21.84,21.92,678500,KBS,2026-10-09T04:39:47Z
2021-01-06,TDM,21.92,22.08,21.76,21.88,429100,KBS,2026-10-09T04:39:47Z
2021-01-07,TDM,21.76,21.84,21.68,21.76,471400,KBS,2026-10-09T04:39:47Z
2021-01-08,TDM,21.76,22.0,21.76,21.92,404700,KBS,2026-10-09T04:39:47Z
2021-01-11,TDM,22.0,22.0,21.84,21.88,409400,KBS,2026-10-09T04:39:47Z
2021-01-12,TDM,21.76,21.88,21.59,21.84,393200,KBS,2026-10-09T04:39:47Z
2021-01-13,TDM,21.84,22.9,21.84,22.41,1089100,KBS,2026-10-09T04:39:47Z
2021-01-14,TDM,22.78,22.94,22.33,22.78,472900,KBS,2026-10-09T04:39:47Z
2021-01-15,TDM,22.78,22.82,22.41,22.61,267500,KBS,2026-10-09T04:39:47Z
2021-01-18,TDM,22.65,22.65,21.06,22.0,837100,KBS,2026-10-09T04:39:47Z
2021-01-19,TDM,22.0,22.0,20.53,21.23,561700,KBS,2026-10-09T04:39:47Z
2021-01-20,TDM,21.23,21.35,20.37,21.35,443400,KBS,2026-10-09T04:39:47Z
2021-01-21,TDM,21.35,21.72,21.31,21.72,383800,KBS,2026-10-09T04:39:47Z
2021-01-22,TDM,21.72,21.92,21.72,21.88,285100,KBS,2026-10-09T04:39:47Z
2021-01-25,TDM,21.72,22.82,21.72,22.41,348900,KBS,2026-10-09T04:39:47Z
2021-01-26,TDM,22.41,22.41,21.43,21.59,314800,KBS,2026-10-09T04:39:47Z
2021-01-27,TDM,21.59,22.08,21.19,21.27,272300,KBS,2026-10-09T04:39:47Z
2021-01-28,TDM,20.37,21.19,19.8,19.8,1006700,KBS,2026-10-09T04:39:47Z
2021-01-29,TDM,19.56,20.74,19.15,20.7,344400,KBS,2026-10-09T04:39:47Z
2021-02-01,TDM,20.7,20.74,19.96,20.09,193000,KBS,2026-10-09T04:39:47Z
2021-02-02,TDM,20.09,20.62,19.96,20.62,157400,KBS,2026-10-09T04:39:47Z
2021-02-03,TDM,20.62,21.76,20.49,21.76,451700,KBS,2026-10-09T04:39:47Z
2021-02-04,TDM,21.51,21.55,21.19,21.51,143100,KBS,2026-10-09T04:39:47Z
2021-02-05,TDM,21.51,21.68,21.27,21.51,241900,KBS,2026-10-09T04:39:47Z
2021-02-08,TDM,21.51,21.55,20.86,21.51,277000,KBS,2026-10-09T04:39:47Z
2021-02-09,TDM,21.51,21.51,21.19,21.51,205800,KBS,2026-10-09T04:39:47Z
2021-02-17,TDM,21.59,21.92,21.59,21.88,210000,KBS,2026-10-09T04:39:47Z
2021-02-18,TDM,22.0,22.0,21.68,21.92,159700,KBS,2026-10-09T04:39:47Z
2021-02-19,TDM,21.8,23.06,21.76,23.06,995400,KBS,2026-10-09T04:39:47Z
2021-02-22,TDM,23.1,23.22,22.65,23.02,847600,KBS,2026-10-09T04:39:47Z
2021-02-23,TDM,23.02,23.02,22.82,22.94,391000,KBS,2026-10-09T04:39:47Z
2021-02-24,TDM,23.06,23.06,22.61,22.94,549100,KBS,2026-10-09T04:39:47Z
2021-02-25,TDM,22.94,22.94,22.41,22.82,370400,KBS,2026-10-09T04:39:47Z
2021-02-26,TDM,22.49,22.82,22.24,22.82,539300,KBS,2026-10-09T04:39:47Z
2021-03-01,TDM,22.98,22.98,22.61,22.82,245200,KBS,2026-10-09T04:39:47Z
2021-03-02,TDM,22.86,23.06,22.49,22.86,501100,KBS,2026-10-09T04:39:47Z
2021-03-03,TDM,22.82,24.45,22.82,24.0,782400,KBS,2026-10-09T04:39:47Z
2021-03-04,TDM,24.12,24.12,22.82,23.14,307300,KBS,2026-10-09T04:39:47Z
2021-03-05,TDM,23.14,23.3,22.82,23.14,417600,KBS,2026-10-09T04:39:47Z
2021-03-08,TDM,23.14,23.63,23.14,23.39,361900,KBS,2026-10-09T04:39:47Z
2021-03-09,TDM,23.63,24.61,23.39,24.36,1119900,KBS,2026-10-09T04:39:47Z
2021-03-10,TDM,24.45,24.45,23.96,24.36,660100,KBS,2026-10-09T04:39:47Z
2021-03-11,TDM,24.36,24.45,23.96,24.45,585800,KBS,2026-10-09T04:39:47Z
2021-03-12,TDM,24.45,24.45,24.0,24.36,260000,KBS,2026-10-09T04:39:47Z
2021-03-15,TDM,24.36,24.4,23.92,24.28,578700,KBS,2026-10-09T04:39:47Z
2021-03-16,TDM,24.04,24.36,22.61,24.28,591300,KBS,2026-10-09T04:39:47Z
2021-03-17,TDM,24.2,24.36,23.79,24.36,675800,KBS,2026-10-09T04:39:47Z
2021-03-18,TDM,24.08,24.36,24.08,24.28,241300,KBS,2026-10-09T04:39:47Z
2021-03-19,TDM,24.04,24.2,23.96,24.2,251800,KBS,2026-10-09T04:39:47Z
2021-03-22,TDM,24.2,24.93,24.04,24.53,522100,KBS,2026-10-09T04:39:47Z
2021-03-23,TDM,24.61,24.61,24.04,24.4,277400,KBS,2026-10-09T04:39:47Z
2021-03-24,TDM,24.04,24.12,23.26,23.88,510800,KBS,2026-10-09T04:39:47Z
2021-03-25,TDM,23.47,24.12,23.39,24.12,424500,KBS,2026-10-09T04:39:47Z
2021-03-26,TDM,23.67,23.92,23.06,23.88,421600,KBS,2026-10-09T04:39:47Z
2021-03-29,TDM,23.88,24.04,23.22,23.71,323100,KBS,2026-10-09T04:39:47Z
2021-03-30,TDM,23.71,23.71,23.18,23.51,410300,KBS,2026-10-09T04:39:47Z
2021-03-31,TDM,23.51,23.63,23.3,23.55,194100,KBS,2026-10-09T04:39:47Z
2021-04-01,TDM,23.63,23.63,23.3,23.51,307100,KBS,2026-10-09T04:39:47Z
2021-04-02,TDM,23.71,23.92,23.39,23.47,334400,KBS,2026-10-09T04:39:47Z
2021-04-05,TDM,23.47,23.63,23.3,23.63,309900,KBS,2026-10-09T04:39:47Z
2021-04-06,TDM,23.55,23.55,23.22,23.3,404600,KBS,2026-10-09T04:39:47Z
2021-04-07,TDM,23.22,23.59,23.18,23.59,194800,KBS,2026-10-09T04:39:47Z
2021-04-08,TDM,23.59,23.59,23.3,23.47,111200,KBS,2026-10-09T04:39:47Z
2021-04-09,TDM,23.26,23.47,23.18,23.3,117300,KBS,2026-10-09T04:39:47Z
2021-04-12,TDM,23.26,23.59,23.14,23.55,219200,KBS,2026-10-09T04:39:47Z
2021-04-13,TDM,23.55,23.55,23.18,23.26,300800,KBS,2026-10-09T04:39:47Z
2021-04-14,TDM,22.98,23.26,22.98,23.14,259200,KBS,2026-10-09T04:39:47Z
2021-04-15,TDM,23.06,23.14,22.73,22.73,524000,KBS,2026-10-09T04:39:47Z
2021-04-16,TDM,22.65,22.69,22.33,22.37,349000,KBS,2026-10-09T04:39:47Z
2021-04-19,TDM,22.41,22.49,21.96,22.49,446400,KBS,2026-10-09T04:39:47Z
2021-04-20,TDM,22.65,22.98,22.0,22.82,434400,KBS,2026-10-09T04:39:47Z
2021-04-22,TDM,22.82,22.82,22.29,22.33,336600,KBS,2026-10-09T04:39:47Z
2021-04-23,TDM,22.33,22.45,22.08,22.41,241500,KBS,2026-10-09T04:39:47Z
2021-04-26,TDM,22.41,22.49,22.12,22.24,272500,KBS,2026-10-09T04:39:47Z
2021-04-27,TDM,22.08,22.41,22.08,22.41,278800,KBS,2026-10-09T04:39:47Z
2021-04-28,TDM,22.41,22.41,22.24,22.33,143900,KBS,2026-10-09T04:39:47Z
2021-04-29,TDM,22.33,22.41,22.0,22.24,334600,KBS,2026-10-09T04:39:47Z
2021-05-04,TDM,22.0,22.24,21.84,22.24,257000,KBS,2026-10-09T04:39:47Z
2021-05-05,TDM,22.24,22.45,22.24,22.37,210500,KBS,2026-10-09T04:39:47Z
2021-05-06,TDM,22.37,22.57,22.24,22.29,126200,KBS,2026-10-09T04:39:47Z
2021-05-07,TDM,22.29,22.29,21.84,21.92,193600,KBS,2026-10-09T04:39:47Z
2021-05-10,TDM,21.92,21.92,21.35,21.59,248600,KBS,2026-10-09T04:39:47Z
2021-05-11,TDM,22.0,22.0,21.19,21.23,215400,KBS,2026-10-09T04:39:47Z
2021-05-12,TDM,21.59,21.63,21.23,21.59,190000,KBS,2026-10-09T04:39:47Z
2021-05-13,TDM,21.59,21.84,21.55,21.59,151700,KBS,2026-10-09T04:39:47Z
2021-05-14,TDM,21.63,21.84,21.59,21.76,145700,KBS,2026-10-09T04:39:47Z
2021-05-17,TDM,21.76,22.16,21.76,22.0,199300,KBS,2026-10-09T04:39:47Z
2021-05-18,TDM,22.08,22.08,21.72,21.84,89800,KBS,2026-10-09T04:39:47Z
2021-05-19,TDM,21.84,21.84,21.47,21.63,75200,KBS,2026-10-09T04:39:47Z
2021-05-20,TDM,21.59,21.72,21.51,21.59,119500,KBS,2026-10-09T04:39:47Z
2021-05-21,TDM,21.51,22.16,21.51,22.0,280400,KBS,2026-10-09T04:39:47Z
2021-05-24,TDM,22.0,22.16,21.88,22.16,214400,KBS,2026-10-09T04:39:47Z
2021-05-25,TDM,22.33,22.53,22.16,22.41,147500,KBS,2026-10-09T04:39:47Z
2021-05-26,TDM,22.41,22.49,22.0,22.16,111400,KBS,2026-10-09T04:39:47Z
2021-05-27,TDM,22.24,22.29,21.84,21.96,181000,KBS,2026-10-09T04:39:47Z
2021-05-28,TDM,21.84,22.08,21.84,22.0,173600,KBS,2026-10-09T04:39:47Z
2021-05-31,TDM,21.84,22.0,21.27,21.68,167000,KBS,2026-10-09T04:39:47Z
2021-06-01,TDM,21.55,21.84,21.51,21.76,395300,KBS,2026-10-09T04:39:47Z
2021-06-02,TDM,21.76,22.0,21.47,21.76,260600,KBS,2026-10-09T04:39:47Z
2021-06-03,TDM,22.16,22.16,21.76,21.88,241100,KBS,2026-10-09T04:39:47Z
2021-06-04,TDM,21.92,21.92,21.68,21.88,142400,KBS,2026-10-09T04:39:47Z
2021-06-07,TDM,21.88,21.96,21.63,21.84,276900,KBS,2026-10-09T04:39:47Z
2021-06-08,TDM,21.84,22.94,21.84,22.49,776900,KBS,2026-10-09T04:39:47Z
2021-06-09,TDM,22.73,22.78,22.0,22.49,393900,KBS,2026-10-09T04:39:47Z
2021-06-10,TDM,22.57,23.22,22.57,22.98,515000,KBS,2026-10-09T04:39:47Z
2021-06-11,TDM,23.06,23.22,22.73,22.98,544900,KBS,2026-10-09T04:39:47Z
2021-06-14,TDM,22.82,22.98,22.73,22.9,241000,KBS,2026-10-09T04:39:47Z
2021-06-15,TDM,22.98,23.88,22.86,23.71,730000,KBS,2026-10-09T04:39:47Z
2021-06-16,TDM,23.47,23.71,23.22,23.3,577800,KBS,2026-10-09T04:39:47Z
2021-06-17,TDM,23.3,24.0,23.22,23.79,529300,KBS,2026-10-09T04:39:47Z
2021-06-18,TDM,24.0,24.04,23.63,24.0,353200,KBS,2026-10-09T04:39:47Z
2021-06-21,TDM,24.0,24.0,23.3,23.63,394100,KBS,2026-10-09T04:39:47Z
2021-06-22,TDM,23.79,23.79,22.98,23.22,524800,KBS,2026-10-09T04:39:47Z
2021-06-23,TDM,23.3,23.3,22.65,22.86,626900,KBS,2026-10-09T04:39:47Z
2021-06-24,TDM,22.82,23.14,22.57,22.65,270400,KBS,2026-10-09T04:39:47Z
2021-06-25,TDM,22.57,22.98,22.57,22.98,289200,KBS,2026-10-09T04:39:47Z
2021-06-28,TDM,22.98,23.06,22.78,22.9,207800,KBS,2026-10-09T04:39:47Z
2021-06-29,TDM,22.9,22.98,22.73,22.73,264700,KBS,2026-10-09T04:39:47Z
2021-06-30,TDM,22.82,22.9,22.65,22.82,216100,KBS,2026-10-09T04:39:47Z
2021-07-01,TDM,22.82,23.39,22.82,23.3,658800,KBS,2026-10-09T04:39:47Z
2021-07-02,TDM,23.47,23.47,23.14,23.3,375000,KBS,2026-10-09T04:39:47Z
2021-07-05,TDM,23.3,23.3,22.73,23.14,296000,KBS,2026-10-09T04:39:47Z
2021-07-06,TDM,22.86,23.47,22.86,23.02,403800,KBS,2026-10-09T04:39:47Z
2021-07-07,TDM,22.82,22.86,21.84,22.78,469300,KBS,2026-10-09T04:39:47Z
2021-07-08,TDM,22.82,23.06,22.61,22.73,153600,KBS,2026-10-09T04:39:47Z
2021-07-09,TDM,22.65,22.73,22.12,22.41,232700,KBS,2026-10-09T04:39:47Z
2021-07-12,TDM,22.33,22.33,21.43,22.0,649100,KBS,2026-10-09T04:39:47Z
2021-07-13,TDM,22.33,22.33,21.68,22.33,119600,KBS,2026-10-09T04:39:47Z
2021-07-14,TDM,22.0,22.33,21.88,22.12,246700,KBS,2026-10-09T04:39:47Z
2021-07-15,TDM,22.12,22.37,22.0,22.37,97600,KBS,2026-10-09T04:39:47Z
2021-07-16,TDM,22.37,23.47,22.08,23.02,337200,KBS,2026-10-09T04:39:47Z
2021-07-19,TDM,22.82,22.86,22.41,22.73,324600,KBS,2026-10-09T04:39:47Z
2021-07-20,TDM,22.73,22.78,22.33,22.73,176400,KBS,2026-10-09T04:39:47Z
2021-07-21,TDM,22.73,24.32,22.65,24.28,2379200,KBS,2026-10-09T04:39:47Z
2021-07-22,TDM,24.45,25.22,24.45,24.85,926200,KBS,2026-10-09T04:39:47Z
2021-07-23,TDM,24.77,24.85,24.36,24.36,616500,KBS,2026-10-09T04:39:47Z
2021-07-26,TDM,24.08,25.63,23.71,25.42,1837800,KBS,2026-10-09T04:39:47Z
2021-07-27,TDM,25.59,25.91,24.85,24.85,1048200,KBS,2026-10-09T04:39:47Z
2021-07-28,TDM,24.85,25.1,24.49,24.49,780200,KBS,2026-10-09T04:39:47Z
2021-07-29,TDM,24.45,24.89,24.04,24.61,1015600,KBS,2026-10-09T04:39:47Z
2021-07-30,TDM,24.61,24.85,24.28,24.49,932000,KBS,2026-10-09T04:39:47Z
2021-08-02,TDM,24.28,25.42,24.24,25.1,1595600,KBS,2026-10-09T04:39:47Z
2021-08-03,TDM,25.1,25.59,25.02,25.22,902600,KBS,2026-10-09T04:39:47Z
2021-08-04,TDM,25.34,25.42,24.73,25.1,953300,KBS,2026-10-09T04:39:47Z
2021-08-05,TDM,24.85,25.83,24.65,25.59,1663000,KBS,2026-10-09T04:39:47Z
2021-08-06,TDM,25.99,26.08,25.18,25.18,901300,KBS,2026-10-09T04:39:47Z
2021-08-09,TDM,24.93,25.42,24.69,25.22,920500,KBS,2026-10-09T04:39:47Z
2021-08-10,TDM,24.98,25.26,24.89,25.18,964200,KBS,2026-10-09T04:39:47Z
2021-08-11,TDM,25.26,25.5,24.85,24.85,1271200,KBS,2026-10-09T04:39:47Z
2021-08-12,TDM,24.77,25.02,24.12,24.12,1472900,KBS,2026-10-09T04:39:47Z
2021-08-13,TDM,23.96,24.04,23.26,23.88,1184800,KBS,2026-10-09T04:39:47Z
2021-08-16,TDM,23.83,24.69,23.67,24.28,937700,KBS,2026-10-09T04:39:47Z
2021-08-17,TDM,24.28,24.28,23.63,23.83,628900,KBS,2026-10-09T04:39:47Z
2021-08-18,TDM,23.83,24.28,23.71,23.88,563000,KBS,2026-10-09T04:39:47Z
2021-08-19,TDM,23.71,24.45,23.71,24.36,788200,KBS,2026-10-09T04:39:47Z
2021-08-20,TDM,24.53,24.57,23.47,24.04,1054900,KBS,2026-10-09T04:39:47Z
2021-08-23,TDM,23.96,23.96,23.14,23.63,714900,KBS,2026-10-09T04:39:47Z
2021-08-24,TDM,23.55,23.63,22.82,23.06,555000,KBS,2026-10-09T04:39:47Z
2021-08-25,TDM,23.06,23.47,22.98,23.39,248300,KBS,2026-10-09T04:39:47Z
2021-08-26,TDM,23.63,24.81,23.47,24.28,947400,KBS,2026-10-09T04:39:47Z
2021-08-27,TDM,24.45,24.85,24.08,24.77,1165400,KBS,2026-10-09T04:39:47Z
2021-08-30,TDM,24.85,25.67,24.85,25.14,1305700,KBS,2026-10-09T04:39:47Z
2021-08-31,TDM,25.26,25.26,24.53,24.53,1307700,KBS,2026-10-09T04:39:47Z
2021-09-01,TDM,24.45,24.85,24.28,24.57,1016300,KBS,2026-10-09T04:39:47Z
2021-09-06,TDM,25.1,26.08,24.93,25.91,1784200,KBS,2026-10-09T04:39:47Z
2021-09-07,TDM,26.08,26.08,25.1,25.1,973100,KBS,2026-10-09T04:39:47Z
2021-09-08,TDM,24.93,25.42,24.69,24.85,587700,KBS,2026-10-09T04:39:47Z
2021-09-09,TDM,24.69,25.42,24.49,25.42,574600,KBS,2026-10-09T04:39:47Z
2021-09-10,TDM,25.46,25.46,24.85,25.02,356800,KBS,2026-10-09T04:39:47Z
2021-09-13,TDM,25.02,25.1,24.45,24.61,780300,KBS,2026-10-09T04:39:47Z
2021-09-14,TDM,24.61,24.69,24.2,24.53,548500,KBS,2026-10-09T04:39:47Z
2021-09-15,TDM,24.53,24.85,24.28,24.77,234800,KBS,2026-10-09T04:39:47Z
2021-09-16,TDM,25.1,25.1,24.69,24.77,482700,KBS,2026-10-09T04:39:47Z
2021-09-17,TDM,24.65,25.34,24.65,25.18,517700,KBS,2026-10-09T04:39:47Z
2021-09-20,TDM,25.18,25.18,24.53,24.73,588400,KBS,2026-10-09T04:39:47Z
2021-09-21,TDM,24.45,24.69,24.36,24.45,522500,KBS,2026-10-09T04:39:47Z
2021-09-22,TDM,24.45,24.77,24.45,24.69,530000,KBS,2026-10-09T04:39:47Z
2021-09-23,TDM,24.85,25.22,24.57,24.73,409500,KBS,2026-10-09T04:39:47Z
2021-09-24,TDM,24.85,24.93,24.53,24.53,315500,KBS,2026-10-09T04:39:47Z
2021-09-27,TDM,24.53,24.69,23.71,23.88,598400,KBS,2026-10-09T04:39:47Z
2021-09-28,TDM,23.63,24.04,23.63,23.92,366900,KBS,2026-10-09T04:39:47Z
2021-09-29,TDM,23.92,24.04,23.83,23.92,276100,KBS,2026-10-09T04:39:47Z
2021-09-30,TDM,24.16,24.2,23.92,24.16,319900,KBS,2026-10-09T04:39:47Z
2021-10-01,TDM,24.16,24.16,23.79,24.12,278900,KBS,2026-10-09T04:39:47Z
2021-10-04,TDM,24.04,24.69,24.04,24.28,514700,KBS,2026-10-09T04:39:47Z
2021-10-05,TDM,24.28,24.61,24.16,24.32,443100,KBS,2026-10-09T04:39:47Z
2021-10-06,TDM,24.45,25.91,24.4,25.87,1522800,KBS,2026-10-09T04:39:47Z
2021-10-07,TDM,25.67,26.48,25.67,26.16,837900,KBS,2026-10-09T04:39:47Z
2021-10-08,TDM,25.87,26.08,25.71,25.75,538900,KBS,2026-10-09T04:39:47Z
2021-10-11,TDM,25.67,25.99,25.59,25.71,617200,KBS,2026-10-09T04:39:47Z
2021-10-12,TDM,25.75,25.75,25.42,25.46,504400,KBS,2026-10-09T04:39:47Z
2021-10-13,TDM,25.46,25.79,25.46,25.67,169700,KBS,2026-10-09T04:39:47Z
2021-10-14,TDM,25.83,26.28,25.5,25.99,698300,KBS,2026-10-09T04:39:47Z
2021-10-15,TDM,25.99,25.99,25.26,25.63,382700,KBS,2026-10-09T04:39:47Z
2021-10-18,TDM,25.46,25.79,25.46,25.46,305300,KBS,2026-10-09T04:39:47Z
2021-10-19,TDM,25.46,25.83,25.34,25.83,244000,KBS,2026-10-09T04:39:47Z
2021-10-20,TDM,25.5,25.83,25.46,25.75,339100,KBS,2026-10-09T04:39:47Z
2021-10-21,TDM,25.59,26.08,25.59,26.08,489200,KBS,2026-10-09T04:39:47Z
2021-10-22,TDM,26.2,27.34,26.2,27.14,1051700,KBS,2026-10-09T04:39:47Z
2021-10-25,TDM,27.46,27.46,26.81,26.81,355100,KBS,2026-10-09T04:39:47Z
2021-10-26,TDM,26.4,26.97,26.4,26.77,213400,KBS,2026-10-09T04:39:47Z
2021-10-27,TDM,26.56,27.22,26.56,27.05,531500,KBS,2026-10-09T04:39:47Z
2021-10-28,TDM,27.05,27.7,27.05,27.34,503000,KBS,2026-10-09T04:39:47Z
2021-10-29,TDM,27.34,28.11,27.3,28.07,522600,KBS,2026-10-09T04:39:47Z
2021-11-01,TDM,27.83,28.6,27.83,28.44,608100,KBS,2026-10-09T04:39:47Z
2021-11-02,TDM,28.11,28.68,28.11,28.68,318400,KBS,2026-10-09T04:39:47Z
2021-11-03,TDM,28.68,28.85,27.7,27.7,654500,KBS,2026-10-09T04:39:47Z
2021-11-04,TDM,27.87,28.52,27.7,28.36,291300,KBS,2026-10-09T04:39:47Z
2021-11-05,TDM,28.52,28.93,28.19,28.93,374800,KBS,2026-10-09T04:39:47Z
2021-11-08,TDM,28.93,30.8,28.93,30.8,725300,KBS,2026-10-09T04:39:47Z
2021-11-09,TDM,30.64,31.37,30.15,30.8,517200,KBS,2026-10-09T04:39:47Z
2021-11-10,TDM,30.84,31.78,30.48,31.7,389100,KBS,2026-10-09T04:39:47Z
2021-11-11,TDM,31.7,32.1,31.13,32.02,313000,KBS,2026-10-09T04:39:47Z
2021-11-12,TDM,32.02,32.02,31.13,32.02,299400,KBS,2026-10-09T04:39:47Z
2021-11-15,TDM,32.02,32.02,31.37,31.94,510000,KBS,2026-10-09T04:39:47Z
2021-11-16,TDM,31.78,32.67,31.29,32.43,805100,KBS,2026-10-09T04:39:47Z
2021-11-17,TDM,32.43,32.76,32.19,32.51,642900,KBS,2026-10-09T04:39:47Z
2021-11-18,TDM,32.51,32.55,31.94,31.94,1044600,KBS,2026-10-09T04:39:47Z
2021-11-19,TDM,31.94,32.02,30.31,30.72,1219700,KBS,2026-10-09T04:39:47Z
2021-11-22,TDM,30.68,30.68,29.34,29.34,948400,KBS,2026-10-09T04:39:47Z
2021-11-23,TDM,29.34,30.88,29.34,30.88,148800,KBS,2026-10-09T04:39:47Z
2021-11-24,TDM,30.96,31.37,30.52,30.88,323800,KBS,2026-10-09T04:39:47Z
2021-11-25,TDM,31.29,31.29,30.56,30.96,480700,KBS,2026-10-09T04:39:47Z
2021-11-26,TDM,30.96,30.96,30.35,30.88,307200,KBS,2026-10-09T04:39:47Z
2021-11-29,TDM,30.31,31.21,30.31,30.96,375600,KBS,2026-10-09T04:39:47Z
2021-11-30,TDM,30.96,31.17,30.8,31.09,598500,KBS,2026-10-09T04:39:47Z
2021-12-01,TDM,31.21,31.62,31.0,31.37,194800,KBS,2026-10-09T04:39:47Z
2021-12-02,TDM,31.7,31.78,31.29,31.41,289300,KBS,2026-10-09T04:39:47Z
2021-12-03,TDM,31.7,31.7,30.15,30.31,308300,KBS,2026-10-09T04:39:47Z
2021-12-06,TDM,30.31,30.31,28.6,29.34,274100,KBS,2026-10-09T04:39:47Z
2021-12-07,TDM,29.34,29.42,28.52,29.34,180600,KBS,2026-10-09T04:39:47Z
2021-12-08,TDM,29.42,29.42,28.36,28.8,465500,KBS,2026-10-09T04:39:47Z
2021-12-09,TDM,28.52,28.64,28.44,28.6,346800,KBS,2026-10-09T04:39:47Z
2021-12-10,TDM,28.85,28.89,28.52,28.6,797500,KBS,2026-10-09T04:39:47Z
2021-12-13,TDM,29.13,29.13,28.52,28.76,685500,KBS,2026-10-09T04:39:47Z
2021-12-14,TDM,28.85,28.85,28.68,28.85,210600,KBS,2026-10-09T04:39:47Z
2021-12-15,TDM,28.76,28.76,28.11,28.56,409900,KBS,2026-10-09T04:39:47Z
2021-12-16,TDM,28.56,28.72,28.28,28.48,494900,KBS,2026-10-09T04:39:47Z
2021-12-17,TDM,28.19,28.52,27.95,28.28,332600,KBS,2026-10-09T04:39:47Z
2021-12-20,TDM,28.15,28.15,26.89,27.46,413700,KBS,2026-10-09T04:39:47Z
2021-12-21,TDM,27.38,28.19,27.38,28.19,426200,KBS,2026-10-09T04:39:47Z
2021-12-22,TDM,28.19,28.85,28.19,28.52,186100,KBS,2026-10-09T04:39:47Z
2021-12-23,TDM,28.52,28.68,27.75,28.36,199000,KBS,2026-10-09T04:39:47Z
2021-12-24,TDM,28.36,28.4,28.11,28.28,307800,KBS,2026-10-09T04:39:47Z
2021-12-27,TDM,28.28,28.52,28.11,28.52,279600,KBS,2026-10-09T04:39:47Z
2021-12-28,TDM,28.76,29.7,28.76,29.38,567700,KBS,2026-10-09T04:39:47Z
2021-12-29,TDM,29.42,29.42,28.93,28.93,163000,KBS,2026-10-09T04:39:47Z
2021-12-30,TDM,29.48,29.48,28.67,29.1,95100,KBS,2026-10-09T04:39:47Z
2021-12-31,TDM,28.88,29.52,28.5,29.52,343200,KBS,2026-10-09T04:39:47Z
2022-01-04,TDM,29.43,29.86,28.59,29.52,203400,KBS,2026-10-09T04:39:47Z
2022-01-05,TDM,29.52,29.52,29.1,29.1,230400,KBS,2026-10-09T04:39:47Z
2022-01-06,TDM,28.84,28.88,28.63,28.63,160300,KBS,2026-10-09T04:39:47Z
2022-01-07,TDM,28.67,29.1,28.5,28.84,295900,KBS,2026-10-09T04:39:47Z
2022-01-10,TDM,28.93,29.1,28.63,28.8,282900,KBS,2026-10-09T04:39:47Z
2022-01-11,TDM,28.72,28.84,28.5,28.76,405300,KBS,2026-10-09T04:39:47Z
2022-01-12,TDM,28.59,29.01,28.42,29.01,306500,KBS,2026-10-09T04:39:47Z
2022-01-13,TDM,29.18,29.26,28.55,28.55,213100,KBS,2026-10-09T04:39:47Z
2022-01-14,TDM,28.5,28.59,28.34,28.55,321700,KBS,2026-10-09T04:39:47Z
2022-01-17,TDM,28.55,28.67,28.25,28.55,394500,KBS,2026-10-09T04:39:47Z
2022-01-18,TDM,28.34,28.34,28.17,28.3,113800,KBS,2026-10-09T04:39:47Z
2022-01-19,TDM,28.17,28.63,28.17,28.63,86900,KBS,2026-10-09T04:39:47Z
2022-01-20,TDM,28.34,28.5,28.34,28.42,123400,KBS,2026-10-09T04:39:47Z
2022-01-21,TDM,28.42,28.5,28.17,28.17,278100,KBS,2026-10-09T04:39:47Z
2022-01-24,TDM,28.25,28.38,27.58,27.83,277400,KBS,2026-10-09T04:39:47Z
2022-01-25,TDM,27.83,28.0,27.41,27.96,110900,KBS,2026-10-09T04:39:47Z
2022-01-26,TDM,27.92,27.96,27.45,27.79,148000,KBS,2026-10-09T04:39:47Z
2022-01-27,TDM,27.79,27.92,27.49,27.58,158000,KBS,2026-10-09T04:39:47Z
2022-01-28,TDM,27.58,28.25,27.58,27.92,95200,KBS,2026-10-09T04:39:47Z
2022-02-07,TDM,27.92,28.13,27.49,28.0,94400,KBS,2026-10-09T04:39:47Z
2022-02-08,TDM,28.25,28.25,27.96,28.21,132000,KBS,2026-10-09T04:39:47Z
2022-02-09,TDM,28.08,29.6,28.08,29.52,899600,KBS,2026-10-09T04:39:47Z
2022-02-10,TDM,29.73,29.73,29.43,29.43,257000,KBS,2026-10-09T04:39:47Z
2022-02-11,TDM,29.39,29.52,29.35,29.52,238500,KBS,2026-10-09T04:39:47Z
2022-02-14,TDM,29.26,30.36,29.1,29.86,445900,KBS,2026-10-09T04:39:47Z
2022-02-15,TDM,29.86,29.9,29.52,29.9,227700,KBS,2026-10-09T04:39:47Z
2022-02-16,TDM,29.9,30.19,29.43,29.69,352700,KBS,2026-10-09T04:39:47Z
2022-02-17,TDM,29.69,29.81,29.43,29.81,645000,KBS,2026-10-09T04:39:47Z
2022-02-18,TDM,29.81,30.23,29.77,30.07,864500,KBS,2026-10-09T04:39:47Z
2022-02-21,TDM,30.19,31.5,29.94,31.16,2162100,KBS,2026-10-09T04:39:47Z
2022-02-22,TDM,31.12,31.54,30.7,31.5,1278400,KBS,2026-10-09T04:39:47Z
2022-02-23,TDM,31.5,31.63,31.16,31.37,574600,KBS,2026-10-09T04:39:47Z
2022-02-24,TDM,31.37,31.37,29.69,31.2,947400,KBS,2026-10-09T04:39:47Z
2022-02-25,TDM,31.04,31.96,30.87,31.37,1231700,KBS,2026-10-09T04:39:47Z
2022-02-28,TDM,31.37,31.46,30.91,31.29,411800,KBS,2026-10-09T04:39:47Z
2022-03-01,TDM,31.08,31.37,31.08,31.37,665200,KBS,2026-10-09T04:39:47Z
2022-03-02,TDM,31.46,31.46,30.53,30.53,686100,KBS,2026-10-09T04:39:47Z
2022-03-03,TDM,30.53,31.04,29.94,30.87,890700,KBS,2026-10-09T04:39:47Z
2022-03-04,TDM,30.87,31.37,30.4,31.2,793500,KBS,2026-10-09T04:39:47Z
2022-03-07,TDM,31.2,32.3,30.78,32.05,1314500,KBS,2026-10-09T04:39:47Z
2022-03-08,TDM,32.01,32.3,31.71,32.05,1042500,KBS,2026-10-09T04:39:47Z
2022-03-09,TDM,32.05,32.05,31.37,31.46,501000,KBS,2026-10-09T04:39:47Z
2022-03-10,TDM,31.88,31.88,29.26,31.5,478500,KBS,2026-10-09T04:39:47Z
2022-03-11,TDM,31.71,31.71,30.53,31.04,634400,KBS,2026-10-09T04:39:47Z
2022-03-14,TDM,30.57,31.04,30.36,30.78,448100,KBS,2026-10-09T04:39:47Z
2022-03-15,TDM,30.78,31.12,30.19,31.04,206600,KBS,2026-10-09T04:39:47Z
2022-03-16,TDM,31.37,31.37,30.44,31.04,271600,KBS,2026-10-09T04:39:47Z
2022-03-17,TDM,31.37,31.37,30.95,31.08,328200,KBS,2026-10-09T04:39:47Z
2022-03-18,TDM,31.12,31.25,30.87,31.25,236800,KBS,2026-10-09T04:39:47Z
2022-03-21,TDM,31.2,31.71,30.91,31.42,469700,KBS,2026-10-09T04:39:47Z
2022-03-22,TDM,31.46,31.5,31.12,31.33,318600,KBS,2026-10-09T04:39:47Z
2022-03-23,TDM,31.33,31.42,30.95,31.08,365100,KBS,2026-10-09T04:39:47Z
2022-03-24,TDM,30.95,31.54,30.78,30.95,345500,KBS,2026-10-09T04:39:47Z
2022-03-25,TDM,31.37,32.72,31.04,32.72,1215500,KBS,2026-10-09T04:39:47Z
2022-03-28,TDM,32.72,33.48,32.3,33.31,1111000,KBS,2026-10-09T04:39:47Z
2022-03-29,TDM,33.14,33.73,33.02,33.48,588900,KBS,2026-10-09T04:39:47Z
2022-03-30,TDM,33.31,33.4,32.55,33.06,432900,KBS,2026-10-09T04:39:47Z
2022-03-31,TDM,33.06,33.69,32.72,33.65,829100,KBS,2026-10-09T04:39:47Z
2022-04-01,TDM,33.52,33.73,32.98,33.65,477900,KBS,2026-10-09T04:39:47Z
2022-04-04,TDM,33.65,34.24,33.14,34.07,665800,KBS,2026-10-09T04:39:47Z
2022-04-05,TDM,34.07,34.49,33.82,34.28,910100,KBS,2026-10-09T04:39:47Z
2022-04-06,TDM,33.9,34.28,33.73,33.9,729500,KBS,2026-10-09T04:39:47Z
2022-04-07,TDM,33.82,34.11,33.57,33.78,657100,KBS,2026-10-09T04:39:47Z
2022-04-08,TDM,33.57,33.9,32.89,33.06,768800,KBS,2026-10-09T04:39:47Z
2022-04-12,TDM,33.14,33.14,32.26,32.43,575500,KBS,2026-10-09T04:39:47Z
2022-04-13,TDM,32.38,33.44,32.38,33.44,199500,KBS,2026-10-09T04:39:47Z
2022-04-14,TDM,33.23,35.08,33.23,34.83,666000,KBS,2026-10-09T04:39:47Z
2022-04-15,TDM,34.83,35.0,34.33,34.58,285500,KBS,2026-10-09T04:39:47Z
2022-04-18,TDM,34.58,35.76,33.99,35.59,1381600,KBS,2026-10-09T04:39:47Z
2022-04-19,TDM,35.51,35.67,34.83,35.67,592200,KBS,2026-10-09T04:39:47Z
2022-04-20,TDM,35.51,35.51,34.58,34.58,361700,KBS,2026-10-09T04:39:47Z
2022-04-21,TDM,34.41,35.0,34.16,34.41,514200,KBS,2026-10-09T04:39:47Z
2022-04-22,TDM,34.75,34.75,32.09,33.73,1110500,KBS,2026-10-09T04:39:47Z
2022-04-25,TDM,32.72,33.4,31.63,31.71,607500,KBS,2026-10-09T04:39:47Z
2022-04-26,TDM,30.78,33.73,30.78,33.73,415400,KBS,2026-10-09T04:39:47Z
2022-04-27,TDM,33.61,33.61,32.22,33.57,113600,KBS,2026-10-09T04:39:47Z
2022-04-28,TDM,32.38,33.73,32.38,33.61,331100,KBS,2026-10-09T04:39:47Z
2022-04-29,TDM,33.61,33.61,32.89,33.4,139000,KBS,2026-10-09T04:39:47Z
2022-05-04,TDM,33.23,33.73,32.93,33.48,227000,KBS,2026-10-09T04:39:47Z
2022-05-05,TDM,33.48,33.73,33.02,33.48,195700,KBS,2026-10-09T04:39:47Z
2022-05-06,TDM,33.27,33.73,32.98,33.14,283000,KBS,2026-10-09T04:39:47Z
2022-05-09,TDM,32.47,32.47,30.82,30.82,440100,KBS,2026-10-09T04:39:47Z
2022-05-10,TDM,30.7,31.63,29.6,31.46,120100,KBS,2026-10-09T04:39:47Z
2022-05-11,TDM,31.46,32.01,30.53,31.88,74300,KBS,2026-10-09T04:39:47Z
2022-05-12,TDM,31.84,31.84,29.69,29.69,216700,KBS,2026-10-09T04:39:47Z
2022-05-13,TDM,29.69,29.94,27.66,27.66,273400,KBS,2026-10-09T04:39:47Z
2022-05-16,TDM,27.66,29.56,27.66,29.52,563900,KBS,2026-10-09T04:39:47Z
2022-05-17,TDM,29.52,31.58,28.34,30.78,182800,KBS,2026-10-09T04:39:47Z
2022-05-18,TDM,29.52,30.74,29.52,30.74,98200,KBS,2026-10-09T04:39:47Z
2022-05-19,TDM,29.6,30.32,29.6,29.86,58600,KBS,2026-10-09T04:39:47Z
2022-05-20,TDM,29.6,30.19,29.6,30.19,46100,KBS,2026-10-09T04:39:47Z
2022-05-23,TDM,30.19,30.53,29.77,29.86,60300,KBS,2026-10-09T04:39:47Z
2022-05-24,TDM,29.86,30.36,29.73,30.11,76000,KBS,2026-10-09T04:39:47Z
2022-05-25,TDM,30.11,30.87,29.52,30.78,138800,KBS,2026-10-09T04:39:47Z
2022-05-26,TDM,30.78,31.04,30.19,30.19,40000,KBS,2026-10-09T04:39:47Z
2022-05-27,TDM,30.19,30.36,29.94,30.19,47800,KBS,2026-10-09T04:39:47Z
2022-05-30,TDM,30.28,31.8,30.19,31.29,129900,KBS,2026-10-09T04:39:47Z
2022-05-31,TDM,31.8,31.88,31.29,31.37,258700,KBS,2026-10-09T04:39:47Z
2022-06-01,TDM,31.2,32.05,31.2,31.96,268000,KBS,2026-10-09T04:39:47Z
2022-06-02,TDM,31.96,33.31,31.63,32.81,358300,KBS,2026-10-09T04:39:47Z
2022-06-03,TDM,32.93,32.93,32.13,32.89,120400,KBS,2026-10-09T04:39:47Z
2022-06-06,TDM,32.38,33.52,32.38,33.14,251200,KBS,2026-10-09T04:39:47Z
2022-06-07,TDM,33.1,33.9,32.76,33.82,512000,KBS,2026-10-09T04:39:47Z
2022-06-08,TDM,33.82,34.33,33.4,33.9,341700,KBS,2026-10-09T04:39:47Z
2022-06-09,TDM,33.9,34.58,33.23,33.57,58200,KBS,2026-10-09T04:39:47Z
2022-06-10,TDM,33.31,33.57,32.47,32.47,89200,KBS,2026-10-09T04:39:47Z
2022-06-13,TDM,31.37,32.89,31.37,32.89,252700,KBS,2026-10-09T04:39:47Z
2022-06-14,TDM,31.71,33.57,31.71,33.48,624000,KBS,2026-10-09T04:39:47Z
2022-06-15,TDM,33.48,33.73,33.14,33.69,309700,KBS,2026-10-09T04:39:47Z
2022-06-16,TDM,34.58,35.0,33.73,33.99,350300,KBS,2026-10-09T04:39:47Z
2022-06-17,TDM,33.4,34.75,32.98,34.16,147800,KBS,2026-10-09T04:39:47Z
2022-06-20,TDM,34.16,34.75,32.89,32.89,113800,KBS,2026-10-09T04:39:47Z
2022-06-21,TDM,32.64,33.57,32.05,32.05,365200,KBS,2026-10-09T04:39:47Z
2022-06-22,TDM,32.47,32.47,31.75,31.75,447800,KBS,2026-10-09T04:39:47Z
2022-06-23,TDM,31.75,32.89,31.75,32.72,156100,KBS,2026-10-09T04:39:47Z
2022-06-24,TDM,33.27,33.31,32.09,32.89,206300,KBS,2026-10-09T04:39:47Z
2022-06-27,TDM,33.1,34.16,32.55,33.57,115400,KBS,2026-10-09T04:39:47Z
2022-06-28,TDM,33.86,33.86,33.44,33.57,212600,KBS,2026-10-09T04:39:47Z
2022-06-29,TDM,32.98,33.73,32.98,33.65,176000,KBS,2026-10-09T04:39:47Z
2022-06-30,TDM,33.73,34.92,33.65,34.58,719100,KBS,2026-10-09T04:39:47Z
2022-07-01,TDM,35.0,35.0,33.73,34.33,141700,KBS,2026-10-09T04:39:47Z
2022-07-04,TDM,34.92,34.92,34.16,34.49,95900,KBS,2026-10-09T04:39:47Z
2022-07-05,TDM,34.41,34.41,32.09,33.19,450100,KBS,2026-10-09T04:39:47Z
2022-07-06,TDM,32.98,33.65,32.55,33.14,585600,KBS,2026-10-09T04:39:47Z
2022-07-07,TDM,33.31,33.31,32.6,33.27,83800,KBS,2026-10-09T04:39:47Z
2022-07-08,TDM,34.24,34.24,33.1,33.4,60600,KBS,2026-10-09T04:39:47Z
2022-07-11,TDM,33.73,33.73,32.47,33.31,119300,KBS,2026-10-09T04:39:47Z
2022-07-12,TDM,32.64,33.69,32.64,33.57,240600,KBS,2026-10-09T04:39:47Z
2022-07-13,TDM,33.57,33.65,33.19,33.65,26700,KBS,2026-10-09T04:39:47Z
2022-07-14,TDM,33.65,33.65,33.23,33.31,31800,KBS,2026-10-09T04:39:47Z
2022-07-15,TDM,33.31,33.4,33.06,33.06,52900,KBS,2026-10-09T04:39:47Z
2022-07-18,TDM,33.31,33.65,32.98,33.65,263200,KBS,2026-10-09T04:39:47Z
2022-07-19,TDM,33.57,33.9,33.4,33.65,160700,KBS,2026-10-09T04:39:47Z
2022-07-20,TDM,33.99,33.99,33.44,33.65,203500,KBS,2026-10-09T04:39:47Z
2022-07-21,TDM,33.73,33.73,33.4,33.4,68500,KBS,2026-10-09T04:39:47Z
2022-07-22,TDM,33.52,33.52,32.98,32.98,99500,KBS,2026-10-09T04:39:47Z
2022-07-25,TDM,32.93,33.65,32.89,33.52,106700,KBS,2026-10-09T04:39:47Z
2022-07-26,TDM,33.65,33.73,33.35,33.61,302000,KBS,2026-10-09T04:39:47Z
2022-07-27,TDM,33.52,33.73,33.35,33.57,117600,KBS,2026-10-09T04:39:47Z
2022-07-28,TDM,33.65,33.73,33.48,33.57,153200,KBS,2026-10-09T04:39:47Z
2022-07-29,TDM,33.57,33.65,33.23,33.65,50600,KBS,2026-10-09T04:39:47Z
2022-08-01,TDM,33.65,33.73,33.48,33.65,200300,KBS,2026-10-09T04:39:47Z
2022-08-02,TDM,33.61,33.61,33.35,33.48,69800,KBS,2026-10-09T04:39:47Z
2022-08-03,TDM,33.48,33.65,33.31,33.57,265200,KBS,2026-10-09T04:39:47Z
2022-08-04,TDM,33.4,33.69,33.4,33.65,54900,KBS,2026-10-09T04:39:47Z
2022-08-05,TDM,33.57,35.42,33.57,34.41,504500,KBS,2026-10-09T04:39:47Z
2022-08-08,TDM,34.41,34.41,33.9,33.99,135900,KBS,2026-10-09T04:39:47Z
2022-08-09,TDM,33.82,34.16,33.82,34.11,239200,KBS,2026-10-09T04:39:47Z
2022-08-10,TDM,33.9,34.41,33.57,34.07,382100,KBS,2026-10-09T04:39:47Z
2022-08-11,TDM,33.99,34.16,33.78,34.07,190100,KBS,2026-10-09T04:39:47Z
2022-08-12,TDM,33.73,34.07,33.73,34.07,65100,KBS,2026-10-09T04:39:47Z
2022-08-15,TDM,34.07,34.07,33.69,33.82,183800,KBS,2026-10-09T04:39:47Z
2022-08-16,TDM,33.69,33.82,33.31,33.35,486400,KBS,2026-10-09T04:39:47Z
2022-08-17,TDM,33.35,33.65,33.27,33.61,216500,KBS,2026-10-09T04:39:47Z
2022-08-18,TDM,33.65,33.65,33.1,33.65,222300,KBS,2026-10-09T04:39:47Z
2022-08-19,TDM,33.27,33.4,32.98,33.27,147100,KBS,2026-10-09T04:39:47Z
2022-08-22,TDM,33.35,33.35,32.55,33.27,161500,KBS,2026-10-09T04:39:47Z
2022-08-23,TDM,32.89,33.31,32.85,33.27,276900,KBS,2026-10-09T04:39:47Z
2022-08-24,TDM,33.27,33.69,33.23,33.65,299000,KBS,2026-10-09T04:39:47Z
2022-08-25,TDM,33.57,33.73,33.23,33.69,491600,KBS,2026-10-09T04:39:47Z
2022-08-26,TDM,33.69,33.73,33.4,33.69,155600,KBS,2026-10-09T04:39:47Z
2022-08-29,TDM,32.93,33.69,32.89,33.4,82900,KBS,2026-10-09T04:39:47Z
2022-08-30,TDM,33.4,33.4,32.93,32.93,94500,KBS,2026-10-09T04:39:47Z
2022-08-31,TDM,32.93,33.57,32.72,33.4,169800,KBS,2026-10-09T04:39:47Z
2022-09-05,TDM,32.98,33.4,32.98,33.4,32200,KBS,2026-10-09T04:39:47Z
2022-09-06,TDM,33.4,33.65,32.98,33.06,74600,KBS,2026-10-09T04:39:47Z
2022-09-07,TDM,33.06,33.57,32.89,32.93,167700,KBS,2026-10-09T04:39:47Z
2022-09-08,TDM,32.93,33.27,32.64,32.89,123000,KBS,2026-10-09T04:39:47Z
2022-09-09,TDM,32.72,33.48,32.55,33.4,567100,KBS,2026-10-09T04:39:47Z
2022-09-12,TDM,33.4,33.48,33.06,33.35,148900,KBS,2026-10-09T04:39:47Z
2022-09-13,TDM,33.52,33.52,33.14,33.23,269300,KBS,2026-10-09T04:39:47Z
2022-09-14,TDM,32.89,33.14,32.76,33.1,51300,KBS,2026-10-09T04:39:47Z
2022-09-15,TDM,33.23,33.27,32.72,32.81,112300,KBS,2026-10-09T04:39:47Z
2022-09-16,TDM,33.23,33.23,32.64,32.76,151700,KBS,2026-10-09T04:39:47Z
2022-09-19,TDM,32.81,33.31,32.64,32.89,239200,KBS,2026-10-09T04:39:47Z
2022-09-20,TDM,32.98,33.65,32.98,33.65,510300,KBS,2026-10-09T04:39:47Z
2022-09-21,TDM,33.65,33.65,33.31,33.57,40100,KBS,2026-10-09T04:39:47Z
2022-09-22,TDM,32.98,33.61,32.93,33.31,367600,KBS,2026-10-09T04:39:47Z
2022-09-23,TDM,32.98,33.65,32.98,33.23,133800,KBS,2026-10-09T04:39:47Z
2022-09-26,TDM,33.06,33.57,32.17,33.06,774200,KBS,2026-10-09T04:39:47Z
2022-09-27,TDM,33.52,33.52,32.72,33.02,82800,KBS,2026-10-09T04:39:47Z
2022-09-28,TDM,32.98,33.48,32.76,33.27,110600,KBS,2026-10-09T04:39:47Z
2022-09-29,TDM,33.27,33.27,32.64,32.64,63400,KBS,2026-10-09T04:39:47Z
2022-09-30,TDM,32.47,33.48,32.05,32.51,521800,KBS,2026-10-09T04:39:47Z
2022-10-03,TDM,32.6,33.48,32.38,32.6,513800,KBS,2026-10-09T04:39:47Z
2022-10-04,TDM,32.55,33.35,32.51,32.51,174100,KBS,2026-10-09T04:39:47Z
2022-10-05,TDM,33.23,33.27,31.04,31.04,222000,KBS,2026-10-09T04:39:47Z
2022-10-06,TDM,31.54,31.54,28.88,28.93,210000,KBS,2026-10-09T04:39:47Z
2022-10-07,TDM,28.76,28.76,26.9,26.9,248600,KBS,2026-10-09T04:39:47Z
2022-10-10,TDM,26.9,28.59,26.69,28.0,23700,KBS,2026-10-09T04:39:47Z
2022-10-11,TDM,28.67,28.67,26.06,26.57,99500,KBS,2026-10-09T04:39:47Z
2022-10-12,TDM,26.57,27.58,26.1,26.9,30400,KBS,2026-10-09T04:39:47Z
2022-10-13,TDM,26.19,27.16,26.1,26.65,42200,KBS,2026-10-09T04:39:47Z
2022-10-14,TDM,26.99,27.24,26.78,27.24,52100,KBS,2026-10-09T04:39:47Z
2022-10-17,TDM,27.83,27.83,26.99,27.2,46600,KBS,2026-10-09T04:39:47Z
2022-10-18,TDM,27.49,28.08,27.41,27.58,73500,KBS,2026-10-09T04:39:47Z
2022-10-19,TDM,27.58,28.0,27.41,27.62,159000,KBS,2026-10-09T04:39:47Z
2022-10-20,TDM,28.08,28.17,27.41,28.08,44200,KBS,2026-10-09T04:39:47Z
2022-10-21,TDM,28.08,28.08,27.58,27.58,78000,KBS,2026-10-09T04:39:47Z
2022-10-24,TDM,27.49,27.49,26.4,26.65,110800,KBS,2026-10-09T04:39:47Z
2022-10-25,TDM,26.65,28.0,25.89,27.62,32600,KBS,2026-10-09T04:39:47Z
2022-10-26,TDM,27.66,27.79,26.94,26.99,25100,KBS,2026-10-09T04:39:47Z
2022-10-27,TDM,26.31,27.49,26.31,26.99,106000,KBS,2026-10-09T04:39:47Z
2022-10-28,TDM,26.99,27.45,26.82,26.82,48700,KBS,2026-10-09T04:39:47Z
2022-10-31,TDM,26.65,27.41,26.65,27.24,11500,KBS,2026-10-09T04:39:47Z
2022-11-01,TDM,27.45,27.45,26.94,27.24,7700,KBS,2026-10-09T04:39:47Z
2022-11-02,TDM,27.24,27.24,26.78,26.78,7300,KBS,2026-10-09T04:39:47Z
2022-11-03,TDM,26.78,26.78,26.52,26.57,18200,KBS,2026-10-09T04:39:47Z
2022-11-04,TDM,26.57,26.94,25.81,26.14,34200,KBS,2026-10-09T04:39:47Z
2022-11-07,TDM,25.3,26.1,25.26,25.3,56400,KBS,2026-10-09T04:39:47Z
2022-11-08,TDM,25.38,26.14,24.63,25.72,78800,KBS,2026-10-09T04:39:47Z
2022-11-09,TDM,25.55,26.14,25.51,25.68,48700,KBS,2026-10-09T04:39:47Z
2022-11-10,TDM,25.72,25.72,24.08,24.42,63500,KBS,2026-10-09T04:39:47Z
2022-11-11,TDM,24.46,24.88,24.29,24.5,6400,KBS,2026-10-09T04:39:47Z
2022-11-14,TDM,22.81,24.46,22.81,24.46,72400,KBS,2026-10-09T04:39:47Z
2022-11-15,TDM,22.94,24.46,22.77,22.77,161200,KBS,2026-10-09T04:39:47Z
2022-11-16,TDM,21.21,23.61,21.21,22.86,49100,KBS,2026-10-09T04:39:47Z
2022-11-17,TDM,24.04,24.04,22.86,23.87,25500,KBS,2026-10-09T04:39:47Z
2022-11-18,TDM,23.87,25.3,23.87,25.22,27000,KBS,2026-10-09T04:39:47Z
2022-11-21,TDM,24.75,26.48,24.75,25.81,99100,KBS,2026-10-09T04:39:47Z
2022-11-22,TDM,24.96,25.98,24.29,25.89,112600,KBS,2026-10-09T04:39:47Z
2022-11-23,TDM,24.58,27.41,24.54,27.28,115100,KBS,2026-10-09T04:39:47Z
2022-11-24,TDM,27.28,27.41,26.65,26.69,25400,KBS,2026-10-09T04:39:47Z
2022-11-25,TDM,27.24,28.55,26.4,28.5,172500,KBS,2026-10-09T04:39:47Z
2022-11-28,TDM,28.42,29.56,28.42,29.43,148400,KBS,2026-10-09T04:39:47Z
2022-11-29,TDM,29.52,29.52,27.66,29.22,16500,KBS,2026-10-09T04:39:47Z
2022-11-30,TDM,29.52,30.36,28.5,30.36,94300,KBS,2026-10-09T04:39:47Z
2022-12-01,TDM,30.36,30.78,29.26,30.28,28700,KBS,2026-10-09T04:39:47Z
2022-12-02,TDM,29.73,30.23,28.93,29.52,29100,KBS,2026-10-09T04:39:47Z
2022-12-05,TDM,29.6,30.02,28.25,28.25,36300,KBS,2026-10-09T04:39:47Z
2022-12-06,TDM,28.25,29.35,27.16,27.16,19200,KBS,2026-10-09T04:39:47Z
2022-12-07,TDM,26.65,28.67,26.65,27.75,7000,KBS,2026-10-09T04:39:47Z
2022-12-08,TDM,28.42,28.42,27.75,28.08,10500,KBS,2026-10-09T04:39:47Z
2022-12-09,TDM,28.34,28.8,28.08,28.67,11900,KBS,2026-10-09T04:39:47Z
2022-12-12,TDM,28.67,29.14,28.5,28.59,52600,KBS,2026-10-09T04:39:47Z
2022-12-13,TDM,28.84,28.84,28.17,28.59,5600,KBS,2026-10-09T04:39:47Z
2022-12-14,TDM,29.05,29.05,28.25,28.67,57200,KBS,2026-10-09T04:39:47Z
2022-12-15,TDM,28.67,30.19,28.67,29.81,71300,KBS,2026-10-09T04:39:47Z
2022-12-16,TDM,29.81,30.28,29.73,30.28,36500,KBS,2026-10-09T04:39:47Z
2022-12-19,TDM,30.49,31.37,30.28,30.57,44300,KBS,2026-10-09T04:39:47Z
2022-12-20,TDM,30.7,30.7,28.46,30.19,79900,KBS,2026-10-09T04:39:47Z
2022-12-21,TDM,30.02,30.28,29.56,30.28,47400,KBS,2026-10-09T04:39:47Z
2022-12-22,TDM,29.98,30.36,29.98,30.36,45400,KBS,2026-10-09T04:39:47Z
2022-12-23,TDM,30.36,30.36,29.94,30.36,41100,KBS,2026-10-09T04:39:47Z
2022-12-26,TDM,30.19,30.78,29.98,30.49,50100,KBS,2026-10-09T04:39:47Z
2022-12-27,TDM,30.28,30.32,30.11,30.32,114700,KBS,2026-10-09T04:39:47Z
2022-12-28,TDM,31.2,31.2,29.94,30.36,33300,KBS,2026-10-09T04:39:47Z
2022-12-29,TDM,30.19,30.36,29.48,30.36,5200,KBS,2026-10-09T04:39:47Z
2022-12-30,TDM,30.78,31.2,30.32,31.2,78300,KBS,2026-10-09T04:39:47Z
2023-01-03,TDM,31.2,31.2,30.74,31.2,11800,KBS,2026-10-09T04:39:47Z
2023-01-04,TDM,31.12,31.29,30.78,31.2,139200,KBS,2026-10-09T04:39:47Z
2023-01-05,TDM,31.2,31.25,30.95,31.2,556900,KBS,2026-10-09T04:39:47Z
2023-01-06,TDM,31.16,31.2,30.99,31.2,525700,KBS,2026-10-09T04:39:47Z
2023-01-09,TDM,31.25,31.33,31.12,31.2,158300,KBS,2026-10-09T04:39:47Z
2023-01-10,TDM,32.38,32.38,31.2,31.5,156400,KBS,2026-10-09T04:39:47Z
2023-01-11,TDM,32.05,32.05,31.46,31.46,276900,KBS,2026-10-09T04:39:47Z
2023-01-12,TDM,31.46,31.8,31.42,31.42,58100,KBS,2026-10-09T04:39:47Z
2023-01-13,TDM,31.46,31.84,31.2,31.37,49600,KBS,2026-10-09T04:39:47Z
2023-01-16,TDM,31.88,31.88,31.46,31.88,330700,KBS,2026-10-09T04:39:47Z
2023-01-17,TDM,32.47,32.47,31.8,32.05,43700,KBS,2026-10-09T04:39:47Z
2023-01-18,TDM,32.05,32.05,31.67,31.88,12800,KBS,2026-10-09T04:39:47Z
2023-01-19,TDM,31.88,32.05,29.94,31.71,53600,KBS,2026-10-09T04:39:47Z
2023-01-27,TDM,31.88,31.88,31.12,31.12,6800,KBS,2026-10-09T04:39:47Z
2023-01-30,TDM,31.84,31.88,30.99,31.46,185000,KBS,2026-10-09T04:39:47Z
2023-01-31,TDM,30.7,31.63,30.7,31.54,16000,KBS,2026-10-09T04:39:47Z
2023-02-01,TDM,31.54,31.92,31.54,31.54,16600,KBS,2026-10-09T04:39:47Z
2023-02-02,TDM,31.54,31.75,31.12,31.75,18700,KBS,2026-10-09T04:39:47Z
2023-02-03,TDM,31.88,32.05,31.54,31.63,27800,KBS,2026-10-09T04:39:47Z
2023-02-06,TDM,32.24,32.24,31.45,31.71,69900,KBS,2026-10-09T04:39:47Z
2023-02-07,TDM,32.15,32.15,31.54,31.71,68500,KBS,2026-10-09T04:39:47Z
2023-02-08,TDM,31.63,31.89,31.63,31.8,11200,KBS,2026-10-09T04:39:47Z
2023-02-09,TDM,31.63,31.98,31.63,31.93,46800,KBS,2026-10-09T04:39:47Z
2023-02-10,TDM,31.93,32.24,31.89,31.89,142600,KBS,2026-10-09T04:39:47Z
2023-02-13,TDM,31.1,32.06,31.1,31.45,87100,KBS,2026-10-09T04:39:47Z
2023-02-14,TDM,31.45,32.28,31.45,32.15,128900,KBS,2026-10-09T04:39:47Z
2023-02-15,TDM,32.15,32.33,32.15,32.19,184200,KBS,2026-10-09T04:39:47Z
2023-02-16,TDM,32.19,32.37,31.54,32.19,648500,KBS,2026-10-09T04:39:47Z
2023-02-17,TDM,32.19,32.24,32.11,32.11,206600,KBS,2026-10-09T04:39:47Z
2023-02-20,TDM,32.06,32.33,32.06,32.24,216900,KBS,2026-10-09T04:39:47Z
2023-02-21,TDM,32.24,32.76,32.24,32.41,211500,KBS,2026-10-09T04:39:47Z
2023-02-22,TDM,32.41,32.63,32.41,32.54,155000,KBS,2026-10-09T04:39:47Z
2023-02-23,TDM,31.28,32.67,31.28,32.33,253900,KBS,2026-10-09T04:39:47Z
2023-02-24,TDM,32.41,32.67,32.33,32.59,30300,KBS,2026-10-09T04:39:47Z
2023-02-27,TDM,32.59,32.63,32.28,32.33,229300,KBS,2026-10-09T04:39:47Z
2023-02-28,TDM,32.59,32.67,32.06,32.15,356900,KBS,2026-10-09T04:39:47Z
2023-03-01,TDM,32.15,32.59,32.06,32.33,102800,KBS,2026-10-09T04:39:47Z
2023-03-02,TDM,32.33,32.59,32.11,32.59,93300,KBS,2026-10-09T04:39:47Z
2023-03-03,TDM,32.67,32.67,32.24,32.5,35300,KBS,2026-10-09T04:39:47Z
2023-03-06,TDM,32.59,32.67,32.24,32.5,62400,KBS,2026-10-09T04:39:47Z
2023-03-07,TDM,32.41,32.63,32.24,32.46,65800,KBS,2026-10-09T04:39:47Z
2023-03-08,TDM,32.41,32.54,32.33,32.54,3700,KBS,2026-10-09T04:39:47Z
2023-03-09,TDM,32.5,32.76,32.5,32.72,110600,KBS,2026-10-09T04:39:47Z
2023-03-10,TDM,32.72,32.76,32.67,32.76,6700,KBS,2026-10-09T04:39:47Z
2023-03-13,TDM,32.76,32.76,32.33,32.33,168300,KBS,2026-10-09T04:39:47Z
2023-03-14,TDM,32.37,32.37,32.02,32.06,108900,KBS,2026-10-09T04:39:47Z
2023-03-15,TDM,32.59,32.72,31.89,32.06,206000,KBS,2026-10-09T04:39:47Z
2023-03-16,TDM,32.72,32.72,31.93,31.93,153300,KBS,2026-10-09T04:39:47Z
2023-03-17,TDM,32.5,32.67,31.93,31.93,276900,KBS,2026-10-09T04:39:47Z
2023-03-20,TDM,31.93,32.59,31.45,31.89,228700,KBS,2026-10-09T04:39:47Z
2023-03-21,TDM,32.5,32.5,31.45,32.33,211100,KBS,2026-10-09T04:39:47Z
2023-03-22,TDM,32.28,32.5,32.19,32.5,11000,KBS,2026-10-09T04:39:47Z
2023-03-23,TDM,32.5,32.67,32.37,32.5,14000,KBS,2026-10-09T04:39:47Z
2023-03-24,TDM,32.5,32.5,32.02,32.02,4500,KBS,2026-10-09T04:39:47Z
2023-03-27,TDM,32.33,32.33,32.02,32.11,171200,KBS,2026-10-09T04:39:47Z
2023-03-28,TDM,31.45,32.33,31.45,32.02,15700,KBS,2026-10-09T04:39:47Z
2023-03-29,TDM,32.24,32.24,31.71,31.71,40000,KBS,2026-10-09T04:39:47Z
2023-03-30,TDM,32.02,32.02,31.54,31.54,48500,KBS,2026-10-09T04:39:47Z
2023-03-31,TDM,31.19,32.28,31.19,31.54,4400,KBS,2026-10-09T04:39:47Z
2023-04-03,TDM,31.54,31.76,31.54,31.54,5000,KBS,2026-10-09T04:39:47Z
2023-04-04,TDM,31.54,32.33,31.54,32.06,30400,KBS,2026-10-09T04:39:47Z
2023-04-05,TDM,32.11,32.67,32.11,32.54,357300,KBS,2026-10-09T04:39:47Z
2023-04-06,TDM,32.54,32.94,32.54,32.76,373100,KBS,2026-10-09T04:39:47Z
2023-04-07,TDM,32.85,33.2,32.85,33.11,112900,KBS,2026-10-09T04:39:47Z
2023-04-10,TDM,32.67,33.11,32.67,33.02,9400,KBS,2026-10-09T04:39:47Z
2023-04-11,TDM,33.02,33.16,32.76,33.16,599300,KBS,2026-10-09T04:39:47Z
2023-04-12,TDM,33.16,33.2,32.89,32.89,13300,KBS,2026-10-09T04:39:47Z
2023-04-13,TDM,33.11,33.2,32.89,32.89,108100,KBS,2026-10-09T04:39:47Z
2023-04-14,TDM,33.16,33.16,32.89,32.89,39300,KBS,2026-10-09T04:39:47Z
2023-04-17,TDM,32.41,33.11,32.33,33.02,46800,KBS,2026-10-09T04:39:47Z
2023-04-18,TDM,33.02,33.11,33.02,33.11,11900,KBS,2026-10-09T04:39:47Z
2023-04-19,TDM,34.86,34.86,32.98,33.2,47300,KBS,2026-10-09T04:39:47Z
2023-04-20,TDM,33.37,33.59,32.85,33.07,11100,KBS,2026-10-09T04:39:47Z
2023-04-21,TDM,33.72,33.9,32.89,33.85,157500,KBS,2026-10-09T04:39:47Z
2023-04-24,TDM,33.85,34.07,33.81,33.81,26900,KBS,2026-10-09T04:39:47Z
2023-04-25,TDM,34.07,34.07,33.37,33.98,75500,KBS,2026-10-09T04:39:47Z
2023-04-26,TDM,33.64,34.03,33.37,34.03,34300,KBS,2026-10-09T04:39:47Z
2023-04-27,TDM,34.03,34.07,33.98,34.07,92900,KBS,2026-10-09T04:39:47Z
2023-04-28,TDM,33.94,34.03,33.29,33.29,8600,KBS,2026-10-09T04:39:47Z
2023-05-04,TDM,33.2,34.03,33.2,34.03,173500,KBS,2026-10-09T04:39:47Z
2023-05-05,TDM,33.98,34.47,33.72,34.47,101200,KBS,2026-10-09T04:39:47Z
2023-05-08,TDM,34.42,34.95,33.98,34.95,352200,KBS,2026-10-09T04:39:47Z
2023-05-09,TDM,34.95,34.95,34.68,34.95,50300,KBS,2026-10-09T04:39:47Z
2023-05-10,TDM,34.82,34.95,34.73,34.95,173900,KBS,2026-10-09T04:39:47Z
2023-05-11,TDM,34.07,34.95,34.07,34.9,38200,KBS,2026-10-09T04:39:47Z
2023-05-12,TDM,34.73,34.77,34.55,34.55,7900,KBS,2026-10-09T04:39:47Z
2023-05-15,TDM,34.55,34.86,34.42,34.51,4300,KBS,2026-10-09T04:39:47Z
2023-05-16,TDM,34.51,34.95,34.51,34.95,38600,KBS,2026-10-09T04:39:47Z
2023-05-17,TDM,34.68,34.95,34.64,34.95,21700,KBS,2026-10-09T04:39:47Z
2023-05-18,TDM,34.55,34.95,34.07,34.07,76400,KBS,2026-10-09T04:39:47Z
2023-05-19,TDM,34.07,34.95,34.07,34.95,31600,KBS,2026-10-09T04:39:47Z
2023-05-22,TDM,34.6,34.86,34.51,34.77,6500,KBS,2026-10-09T04:39:47Z
2023-05-23,TDM,34.16,34.73,34.16,34.16,18400,KBS,2026-10-09T04:39:47Z
2023-05-24,TDM,34.2,34.2,34.07,34.07,7800,KBS,2026-10-09T04:39:47Z
2023-05-25,TDM,34.2,34.68,33.9,33.98,26100,KBS,2026-10-09T04:39:47Z
2023-05-26,TDM,34.51,34.51,33.81,33.81,15200,KBS,2026-10-09T04:39:47Z
2023-05-29,TDM,33.81,34.07,33.81,33.81,3300,KBS,2026-10-09T04:39:47Z
2023-05-30,TDM,33.81,33.81,33.29,33.46,8000,KBS,2026-10-09T04:39:47Z
2023-05-31,TDM,33.46,34.33,33.46,34.33,50700,KBS,2026-10-09T04:39:47Z
2023-06-01,TDM,34.33,34.33,33.81,33.9,6300,KBS,2026-10-09T04:39:47Z
2023-06-02,TDM,33.9,34.07,33.9,34.03,5300,KBS,2026-10-09T04:39:47Z
2023-06-05,TDM,33.24,33.72,33.24,33.37,43800,KBS,2026-10-09T04:39:47Z
2023-06-06,TDM,33.37,33.64,33.37,33.64,208600,KBS,2026-10-09T04:39:47Z
2023-06-07,TDM,33.55,34.03,33.42,33.64,4600,KBS,2026-10-09T04:39:47Z
2023-06-08,TDM,33.55,33.64,33.46,33.59,17100,KBS,2026-10-09T04:39:47Z
2023-06-09,TDM,33.29,33.9,31.84,33.64,9900,KBS,2026-10-09T04:39:47Z
2023-06-12,TDM,33.55,33.64,33.11,33.11,4200,KBS,2026-10-09T04:39:47Z
2023-06-13,TDM,33.11,33.29,32.85,33.11,111400,KBS,2026-10-09T04:39:47Z
2023-06-14,TDM,32.94,33.02,32.85,32.85,8500,KBS,2026-10-09T04:39:47Z
2023-06-15,TDM,32.94,33.16,32.85,32.85,4800,KBS,2026-10-09T04:39:47Z
2023-06-16,TDM,33.02,33.37,32.76,32.76,8100,KBS,2026-10-09T04:39:47Z
2023-06-19,TDM,32.76,33.07,32.76,32.8,3500,KBS,2026-10-09T04:39:47Z
2023-06-20,TDM,33.64,33.64,32.41,32.8,53100,KBS,2026-10-09T04:39:47Z
2023-06-21,TDM,33.11,33.11,32.46,32.67,12300,KBS,2026-10-09T04:39:47Z
2023-06-22,TDM,32.76,32.94,32.63,32.94,37300,KBS,2026-10-09T04:39:47Z
2023-06-23,TDM,32.76,33.2,32.59,33.2,7000,KBS,2026-10-09T04:39:47Z
2023-06-26,TDM,32.59,32.59,32.24,32.54,27100,KBS,2026-10-09T04:39:47Z
2023-06-27,TDM,32.5,33.16,32.37,33.11,10800,KBS,2026-10-09T04:39:47Z
2023-06-28,TDM,33.11,33.5,33.11,33.11,21600,KBS,2026-10-09T04:39:47Z
2023-06-29,TDM,33.11,33.46,32.76,33.11,32800,KBS,2026-10-09T04:39:47Z
2023-06-30,TDM,33.11,33.16,32.76,32.76,62600,KBS,2026-10-09T04:39:47Z
2023-07-03,TDM,32.41,33.37,32.33,33.37,36100,KBS,2026-10-09T04:39:47Z
2023-07-04,TDM,33.37,33.46,32.76,32.76,37400,KBS,2026-10-09T04:39:47Z
2023-07-05,TDM,32.76,33.2,32.76,32.76,3800,KBS,2026-10-09T04:39:47Z
2023-07-06,TDM,33.2,33.33,32.76,33.2,29600,KBS,2026-10-09T04:39:47Z
2023-07-07,TDM,33.2,33.33,32.94,33.2,130700,KBS,2026-10-09T04:39:47Z
2023-07-10,TDM,33.2,33.55,33.02,33.55,35400,KBS,2026-10-09T04:39:47Z
2023-07-11,TDM,33.55,34.51,33.5,34.51,86700,KBS,2026-10-09T04:39:47Z
2023-07-12,TDM,34.07,34.95,33.85,34.95,1042600,KBS,2026-10-09T04:39:47Z
2023-07-13,TDM,34.95,34.95,34.77,34.95,81900,KBS,2026-10-09T04:39:47Z
2023-07-14,TDM,34.95,34.95,33.9,34.77,148300,KBS,2026-10-09T04:39:47Z
2023-07-17,TDM,35.3,35.3,34.82,34.86,158100,KBS,2026-10-09T04:39:47Z
2023-07-18,TDM,34.86,34.95,34.82,34.95,128700,KBS,2026-10-09T04:39:47Z
2023-07-19,TDM,34.95,35.03,34.82,34.95,174000,KBS,2026-10-09T04:39:47Z
2023-07-20,TDM,34.95,35.03,34.86,34.95,628800,KBS,2026-10-09T04:39:47Z
2023-07-21,TDM,34.95,34.99,34.68,34.68,43300,KBS,2026-10-09T04:39:47Z
2023-07-24,TDM,34.86,34.99,34.68,34.68,123300,KBS,2026-10-09T04:39:47Z
2023-07-25,TDM,34.68,35.03,34.68,35.03,52600,KBS,2026-10-09T04:39:47Z
2023-07-26,TDM,34.77,35.03,34.07,35.03,463400,KBS,2026-10-09T04:39:47Z
2023-07-27,TDM,35.03,35.03,34.77,34.95,41000,KBS,2026-10-09T04:39:47Z
2023-07-28,TDM,34.95,34.99,34.68,34.68,23600,KBS,2026-10-09T04:39:47Z
2023-07-31,TDM,34.33,34.99,34.33,34.68,46000,KBS,2026-10-09T04:39:47Z
2023-08-01,TDM,34.68,34.95,34.64,34.64,55800,KBS,2026-10-09T04:39:47Z
2023-08-02,TDM,34.95,34.99,34.68,34.95,48500,KBS,2026-10-09T04:39:47Z
2023-08-03,TDM,34.86,35.03,34.77,34.86,33200,KBS,2026-10-09T04:39:47Z
2023-08-04,TDM,34.25,34.95,34.25,34.95,24200,KBS,2026-10-09T04:39:47Z
2023-08-07,TDM,34.07,34.99,34.07,34.99,25400,KBS,2026-10-09T04:39:47Z
2023-08-08,TDM,34.95,34.95,34.73,34.95,24700,KBS,2026-10-09T04:39:47Z
2023-08-09,TDM,34.68,34.99,34.68,34.95,81900,KBS,2026-10-09T04:39:47Z
2023-08-10,TDM,34.73,34.95,34.68,34.68,35800,KBS,2026-10-09T04:39:47Z
2023-08-11,TDM,34.68,34.95,34.55,34.6,1000,KBS,2026-10-09T04:39:47Z
2023-08-14,TDM,34.25,34.95,34.25,34.95,102600,KBS,2026-10-09T04:39:47Z
2023-08-15,TDM,34.95,34.95,34.73,34.73,22600,KBS,2026-10-09T04:39:47Z
2023-08-16,TDM,34.68,35.16,34.68,34.95,121600,KBS,2026-10-09T04:39:47Z
2023-08-17,TDM,34.95,35.03,34.77,34.95,6200,KBS,2026-10-09T04:39:47Z
2023-08-18,TDM,34.95,34.95,34.64,34.64,15200,KBS,2026-10-09T04:39:47Z
2023-08-21,TDM,34.07,34.9,34.07,34.9,8800,KBS,2026-10-09T04:39:47Z
2023-08-22,TDM,34.16,34.95,34.16,34.95,40000,KBS,2026-10-09T04:39:47Z
2023-08-23,TDM,34.12,35.03,34.12,34.95,6600,KBS,2026-10-09T04:39:47Z
2023-08-24,TDM,34.25,34.99,34.25,34.95,53900,KBS,2026-10-09T04:39:47Z
2023-08-25,TDM,34.9,34.9,34.9,34.9,1000,KBS,2026-10-09T04:39:47Z
2023-08-28,TDM,34.64,34.73,34.64,34.68,15900,KBS,2026-10-09T04:39:47Z
2023-08-29,TDM,34.68,34.68,34.68,34.68,12100,KBS,2026-10-09T04:39:47Z
2023-08-30,TDM,34.77,35.82,34.77,34.95,22400,KBS,2026-10-09T04:39:47Z
2023-08-31,TDM,34.42,37.39,34.42,37.39,27000,KBS,2026-10-09T04:39:47Z
2023-09-05,TDM,37.35,37.35,35.21,35.99,3900,KBS,2026-10-09T04:39:47Z
2023-09-06,TDM,35.82,35.82,34.95,34.95,53400,KBS,2026-10-09T04:39:47Z
2023-09-07,TDM,34.99,34.99,34.51,34.6,37700,KBS,2026-10-09T04:39:47Z
2023-09-08,TDM,34.6,34.77,33.9,34.77,62500,KBS,2026-10-09T04:39:47Z
2023-09-11,TDM,34.16,34.95,34.12,34.25,586400,KBS,2026-10-09T04:39:47Z
2023-09-12,TDM,34.51,34.51,34.25,34.51,15600,KBS,2026-10-09T04:39:47Z
2023-09-13,TDM,34.9,34.95,34.25,34.33,47900,KBS,2026-10-09T04:39:47Z
2023-09-14,TDM,34.33,34.33,34.33,34.33,500,KBS,2026-10-09T04:39:47Z
2023-09-15,TDM,34.16,34.95,34.07,34.38,139400,KBS,2026-10-09T04:39:47Z
2023-09-18,TDM,34.9,35.82,34.9,35.12,776900,KBS,2026-10-09T04:39:47Z
2023-09-19,TDM,35.12,35.21,34.95,34.95,5400,KBS,2026-10-09T04:39:47Z
2023-09-20,TDM,34.95,35.12,34.95,35.03,118100,KBS,2026-10-09T04:39:47Z
2023-09-21,TDM,34.95,35.12,34.95,35.12,5400,KBS,2026-10-09T04:39:47Z
2023-09-22,TDM,35.12,35.12,34.95,34.95,32500,KBS,2026-10-09T04:39:47Z
2023-09-25,TDM,34.95,35.12,34.95,34.95,15600,KBS,2026-10-09T04:39:47Z
2023-09-26,TDM,34.86,35.78,34.86,34.95,91700,KBS,2026-10-09T04:39:47Z
2023-09-27,TDM,34.95,35.3,34.77,35.3,4000,KBS,2026-10-09T04:39:47Z
2023-09-28,TDM,35.3,35.82,34.77,35.3,469800,KBS,2026-10-09T04:39:47Z
2023-09-29,TDM,35.38,36.61,35.3,36.52,8600,KBS,2026-10-09T04:39:47Z
2023-10-02,TDM,36.52,36.52,34.99,36.26,3800,KBS,2026-10-09T04:39:47Z
2023-10-03,TDM,35.21,35.82,35.12,35.38,506400,KBS,2026-10-09T04:39:47Z
2023-10-04,TDM,35.38,35.82,35.12,35.82,291800,KBS,2026-10-09T04:39:47Z
2023-10-05,TDM,35.82,35.82,35.73,35.73,1100,KBS,2026-10-09T04:39:47Z
2023-10-06,TDM,35.73,35.73,35.16,35.38,54100,KBS,2026-10-09T04:39:47Z
2023-10-09,TDM,35.38,35.82,35.12,35.38,2600,KBS,2026-10-09T04:39:47Z
2023-10-10,TDM,35.82,36.26,35.73,36.26,80300,KBS,2026-10-09T04:39:47Z
2023-10-11,TDM,36.26,36.26,35.82,35.82,56700,KBS,2026-10-09T04:39:47Z
2023-10-12,TDM,36.26,36.69,35.82,36.69,152600,KBS,2026-10-09T04:39:47Z
2023-10-13,TDM,35.91,36.69,35.91,36.69,7700,KBS,2026-10-09T04:39:47Z
2023-10-16,TDM,36.69,37.57,36.26,37.0,4200,KBS,2026-10-09T04:39:47Z
2023-10-17,TDM,35.91,36.69,35.91,36.69,19100,KBS,2026-10-09T04:39:47Z
2023-10-18,TDM,35.82,36.69,35.82,36.69,10200,KBS,2026-10-09T04:39:47Z
2023-10-19,TDM,36.78,36.78,35.91,36.26,19800,KBS,2026-10-09T04:39:47Z
2023-10-20,TDM,36.21,36.21,36.12,36.12,300,KBS,2026-10-09T04:39:47Z
2023-10-23,TDM,36.52,36.69,35.91,36.61,1500,KBS,2026-10-09T04:39:47Z
2023-10-24,TDM,35.99,35.99,35.99,35.99,800,KBS,2026-10-09T04:39:47Z
2023-10-25,TDM,35.91,35.99,35.82,35.99,20100,KBS,2026-10-09T04:39:47Z
2023-10-26,TDM,35.82,35.82,34.95,35.12,265600,KBS,2026-10-09T04:39:47Z
2023-10-27,TDM,35.82,35.82,35.03,35.82,110600,KBS,2026-10-09T04:39:47Z
2023-10-30,TDM,35.82,36.61,35.38,35.82,13500,KBS,2026-10-09T04:39:47Z
2023-10-31,TDM,35.82,36.61,35.65,36.61,10800,KBS,2026-10-09T04:39:47Z
2023-11-01,TDM,36.61,36.61,35.91,35.91,4600,KBS,2026-10-09T04:39:47Z
2023-11-02,TDM,35.38,35.91,35.38,35.91,2700,KBS,2026-10-09T04:39:47Z
2023-11-03,TDM,35.43,35.91,34.38,35.91,33100,KBS,2026-10-09T04:39:47Z
2023-11-06,TDM,34.95,35.91,34.95,35.82,133900,KBS,2026-10-09T04:39:47Z
2023-11-07,TDM,35.03,35.82,35.03,35.16,530900,KBS,2026-10-09T04:39:47Z
2023-11-08,TDM,35.16,35.82,35.16,35.51,5200,KBS,2026-10-09T04:39:47Z
2023-11-09,TDM,35.51,35.51,35.16,35.16,1200,KBS,2026-10-09T04:39:47Z
2023-11-10,TDM,35.16,35.82,34.95,35.16,188600,KBS,2026-10-09T04:39:47Z
2023-11-13,TDM,35.16,35.16,35.16,35.16,10500,KBS,2026-10-09T04:39:47Z
2023-11-14,TDM,35.12,35.38,34.95,34.95,31600,KBS,2026-10-09T04:39:47Z
2023-11-15,TDM,35.38,35.82,35.38,35.82,50200,KBS,2026-10-09T04:39:47Z
2023-11-16,TDM,35.78,36.69,35.03,35.82,71600,KBS,2026-10-09T04:39:47Z
2023-11-17,TDM,35.82,36.69,35.82,35.82,3500,KBS,2026-10-09T04:39:47Z
2023-11-20,TDM,35.82,35.82,35.82,35.82,58100,KBS,2026-10-09T04:39:47Z
2023-11-21,TDM,36.17,36.17,36.17,36.17,400,KBS,2026-10-09T04:39:47Z
2023-11-22,TDM,35.56,35.99,35.03,35.99,8000,KBS,2026-10-09T04:39:47Z
2023-11-23,TDM,36.26,36.26,35.47,36.17,43500,KBS,2026-10-09T04:39:47Z
2023-11-24,TDM,35.78,36.08,35.65,36.08,4300,KBS,2026-10-09T04:39:47Z
2023-11-27,TDM,36.69,36.69,35.16,35.16,3600,KBS,2026-10-09T04:39:47Z
2023-11-28,TDM,35.16,35.16,35.16,35.16,2500,KBS,2026-10-09T04:39:47Z
2023-11-29,TDM,35.38,35.38,35.38,35.38,5400,KBS,2026-10-09T04:39:47Z
2023-11-30,TDM,35.38,35.65,34.95,34.95,34900,KBS,2026-10-09T04:39:47Z
2023-12-01,TDM,35.38,35.82,35.38,35.82,2100,KBS,2026-10-09T04:39:47Z
2023-12-04,TDM,35.82,36.08,35.21,35.21,22600,KBS,2026-10-09T04:39:47Z
2023-12-05,TDM,35.21,35.82,35.21,35.21,105800,KBS,2026-10-09T04:39:47Z
2023-12-06,TDM,35.21,35.82,35.21,35.82,126800,KBS,2026-10-09T04:39:47Z
2023-12-07,TDM,35.3,35.82,35.3,35.82,50300,KBS,2026-10-09T04:39:47Z
2023-12-08,TDM,35.82,35.82,35.38,35.73,5100,KBS,2026-10-09T04:39:47Z
2023-12-11,TDM,35.73,36.26,35.3,35.3,2100,KBS,2026-10-09T04:39:47Z
2023-12-12,TDM,35.73,36.26,35.73,36.26,208600,KBS,2026-10-09T04:39:47Z
2023-12-13,TDM,35.38,35.43,35.3,35.43,21500,KBS,2026-10-09T04:39:47Z
2023-12-14,TDM,35.38,35.82,35.38,35.38,1600,KBS,2026-10-09T04:39:47Z
2023-12-15,TDM,35.38,36.26,35.3,35.43,631900,KBS,2026-10-09T04:39:47Z
2023-12-18,TDM,35.43,36.34,35.43,35.78,662400,KBS,2026-10-09T04:39:47Z
2023-12-19,TDM,35.73,35.73,35.38,35.65,7200,KBS,2026-10-09T04:39:47Z
2023-12-20,TDM,36.17,36.26,35.65,36.26,11000,KBS,2026-10-09T04:39:47Z
2023-12-21,TDM,35.65,36.26,35.65,35.99,90400,KBS,2026-10-09T04:39:47Z
2023-12-22,TDM,35.73,36.26,35.73,35.99,50400,KBS,2026-10-09T04:39:47Z
2023-12-25,TDM,35.99,36.34,35.99,36.34,5700,KBS,2026-10-09T04:39:47Z
2023-12-26,TDM,35.65,36.52,35.65,36.17,18300,KBS,2026-10-09T04:39:47Z
2023-12-27,TDM,36.17,36.52,36.12,36.17,199200,KBS,2026-10-09T04:39:47Z
2023-12-28,TDM,36.17,37.83,36.17,37.46,3300,KBS,2026-10-09T04:39:47Z
2023-12-29,TDM,37.46,37.7,36.82,37.51,24700,KBS,2026-10-09T04:39:47Z
2024-01-02,TDM,37.74,37.74,37.0,37.05,4200,KBS,2026-10-09T04:39:47Z
2024-01-03,TDM,37.88,37.88,37.05,37.09,1700,KBS,2026-10-09T04:39:47Z
2024-01-04,TDM,37.09,37.83,36.82,37.0,20700,KBS,2026-10-09T04:39:47Z
2024-01-05,TDM,37.0,37.0,36.91,36.91,1700,KBS,2026-10-09T04:39:47Z
2024-01-08,TDM,36.91,37.0,36.91,37.0,184500,KBS,2026-10-09T04:39:47Z
2024-01-09,TDM,36.91,37.05,36.91,37.05,445000,KBS,2026-10-09T04:39:47Z
2024-01-10,TDM,37.05,37.09,36.91,36.91,148300,KBS,2026-10-09T04:39:47Z
2024-01-11,TDM,37.0,37.0,37.0,37.0,93900,KBS,2026-10-09T04:39:47Z
2024-01-12,TDM,37.0,37.0,37.0,37.0,10200,KBS,2026-10-09T04:39:47Z
2024-01-15,TDM,37.09,37.09,36.91,36.91,21800,KBS,2026-10-09T04:39:47Z
2024-01-16,TDM,37.0,37.19,37.0,37.0,31100,KBS,2026-10-09T04:39:47Z
2024-01-17,TDM,37.0,37.46,37.0,37.05,21200,KBS,2026-10-09T04:39:47Z
2024-01-18,TDM,37.09,38.3,37.09,37.93,511500,KBS,2026-10-09T04:39:47Z
2024-01-19,TDM,37.46,38.44,37.46,38.44,23700,KBS,2026-10-09T04:39:47Z
2024-01-22,TDM,38.85,39.5,38.44,38.44,3500,KBS,2026-10-09T04:39:47Z
2024-01-23,TDM,38.44,38.44,37.46,38.3,3300,KBS,2026-10-09T04:39:47Z
2024-01-24,TDM,37.93,38.39,37.93,38.39,23100,KBS,2026-10-09T04:39:47Z
2024-01-25,TDM,38.48,38.48,38.02,38.02,1500,KBS,2026-10-09T04:39:47Z
2024-01-26,TDM,38.02,38.34,37.93,38.34,35200,KBS,2026-10-09T04:39:47Z
2024-01-29,TDM,37.46,38.3,37.46,37.93,19100,KBS,2026-10-09T04:39:47Z
2024-01-30,TDM,37.93,38.39,37.93,38.39,37400,KBS,2026-10-09T04:39:47Z
2024-01-31,TDM,38.39,38.39,38.39,38.39,100000,KBS,2026-10-09T04:39:47Z
2024-02-01,TDM,37.83,38.39,37.83,37.93,20400,KBS,2026-10-09T04:39:47Z
2024-02-02,TDM,37.46,38.85,37.46,38.06,9700,KBS,2026-10-09T04:39:47Z
2024-02-05,TDM,38.85,38.85,38.11,38.8,400700,KBS,2026-10-09T04:39:47Z
2024-02-06,TDM,39.78,39.78,38.39,38.39,23000,KBS,2026-10-09T04:39:47Z
2024-02-07,TDM,38.44,38.44,38.39,38.39,10200,KBS,2026-10-09T04:39:47Z
2024-02-15,TDM,38.57,39.68,38.57,39.59,11900,KBS,2026-10-09T04:39:47Z
2024-02-16,TDM,40.24,40.24,39.22,39.22,3800,KBS,2026-10-09T04:39:47Z
2024-02-19,TDM,39.22,39.22,38.39,39.22,2200,KBS,2026-10-09T04:39:47Z
2024-02-20,TDM,38.48,39.13,38.48,39.13,800,KBS,2026-10-09T04:39:47Z
2024-02-21,TDM,38.48,39.78,37.46,39.68,400200,KBS,2026-10-09T04:39:47Z
2024-02-22,TDM,38.57,39.78,38.57,39.68,15100,KBS,2026-10-09T04:39:47Z
2024-02-23,TDM,39.64,39.78,39.64,39.78,6800,KBS,2026-10-09T04:39:47Z
2024-02-26,TDM,39.78,39.78,39.78,39.78,11400,KBS,2026-10-09T04:39:47Z
2024-02-27,TDM,40.56,40.56,38.71,40.15,2000,KBS,2026-10-09T04:39:47Z
2024-02-28,TDM,40.05,40.05,40.05,40.05,2000,KBS,2026-10-09T04:39:47Z
2024-02-29,TDM,40.05,40.05,39.78,40.05,11000,KBS,2026-10-09T04:39:47Z
2024-03-01,TDM,39.78,40.47,38.99,38.99,4700,KBS,2026-10-09T04:39:47Z
2024-03-04,TDM,39.13,39.17,39.13,39.17,300,KBS,2026-10-09T04:39:47Z
2024-03-05,TDM,39.17,40.19,39.17,40.15,17500,KBS,2026-10-09T04:39:47Z
2024-03-06,TDM,40.15,40.24,39.78,40.24,4100,KBS,2026-10-09T04:39:47Z
2024-03-07,TDM,40.52,40.61,40.15,40.15,8800,KBS,2026-10-09T04:39:47Z
2024-03-08,TDM,40.15,40.24,40.15,40.24,10400,KBS,2026-10-09T04:39:47Z
2024-03-11,TDM,39.13,40.61,39.13,40.61,1300,KBS,2026-10-09T04:39:47Z
2024-03-12,TDM,39.92,40.56,39.92,40.56,1900,KBS,2026-10-09T04:39:47Z
2024-03-13,TDM,40.56,40.56,40.24,40.56,130400,KBS,2026-10-09T04:39:47Z
2024-03-14,TDM,40.24,40.7,40.24,40.7,5700,KBS,2026-10-09T04:39:47Z
2024-03-15,TDM,41.86,41.86,40.7,40.7,1100,KBS,2026-10-09T04:39:47Z
2024-03-18,TDM,40.42,40.7,39.41,40.7,13600,KBS,2026-10-09T04:39:47Z
2024-03-19,TDM,40.42,41.53,39.78,41.49,1100,KBS,2026-10-09T04:39:47Z
2024-03-20,TDM,41.49,41.49,39.78,41.07,21100,KBS,2026-10-09T04:39:47Z
2024-03-21,TDM,40.7,40.7,40.52,40.52,300,KBS,2026-10-09T04:39:47Z
2024-03-22,TDM,40.24,40.7,40.24,40.7,57400,KBS,2026-10-09T04:39:47Z
2024-03-25,TDM,41.53,41.53,39.78,40.75,500,KBS,2026-10-09T04:39:47Z
2024-03-26,TDM,39.87,40.7,39.87,40.7,6000,KBS,2026-10-09T04:39:47Z
2024-03-27,TDM,39.96,40.56,39.96,40.56,4500,KBS,2026-10-09T04:39:47Z
2024-03-28,TDM,43.29,43.29,40.7,41.63,9700,KBS,2026-10-09T04:39:47Z
2024-03-29,TDM,40.7,43.38,40.42,43.38,13600,KBS,2026-10-09T04:39:47Z
2024-04-01,TDM,41.81,42.37,40.7,42.37,5900,KBS,2026-10-09T04:39:47Z
2024-04-03,TDM,43.85,43.85,41.16,41.16,6500,KBS,2026-10-09T04:39:47Z
2024-04-04,TDM,41.49,41.49,40.79,41.16,500,KBS,2026-10-09T04:39:47Z
2024-04-05,TDM,41.12,41.58,41.12,41.49,7300,KBS,2026-10-09T04:39:47Z
2024-04-08,TDM,41.53,41.53,40.38,40.42,1300,KBS,2026-10-09T04:39:47Z
2024-04-09,TDM,40.98,40.98,40.05,40.05,700,KBS,2026-10-09T04:39:47Z
2024-04-10,TDM,40.05,41.16,40.05,41.16,4900,KBS,2026-10-09T04:39:47Z
2024-04-11,TDM,41.26,42.09,41.16,41.63,17300,KBS,2026-10-09T04:39:47Z
2024-04-12,TDM,42.09,44.54,42.09,44.54,2173700,KBS,2026-10-09T04:39:47Z
2024-04-15,TDM,47.55,47.64,41.44,41.9,12700,KBS,2026-10-09T04:39:47Z
2024-04-16,TDM,42.0,44.77,41.53,41.9,16500,KBS,2026-10-09T04:39:47Z
2024-04-17,TDM,41.9,43.01,41.9,42.92,4000,KBS,2026-10-09T04:39:47Z
2024-04-19,TDM,42.88,44.4,40.98,41.72,95400,KBS,2026-10-09T04:39:47Z
2024-04-22,TDM,41.72,41.72,40.15,40.42,6900,KBS,2026-10-09T04:39:47Z
2024-04-23,TDM,42.37,42.37,41.63,41.63,1700,KBS,2026-10-09T04:39:47Z
2024-04-24,TDM,41.63,44.54,41.63,44.54,512900,KBS,2026-10-09T04:39:47Z
2024-04-25,TDM,45.42,47.64,44.4,44.86,51600,KBS,2026-10-09T04:39:47Z
2024-04-26,TDM,45.33,47.45,43.48,47.45,22500,KBS,2026-10-09T04:39:47Z
2024-05-02,TDM,46.25,46.25,44.26,46.25,22500,KBS,2026-10-09T04:39:47Z
2024-05-03,TDM,45.7,46.25,43.01,43.24,23600,KBS,2026-10-09T04:39:47Z
2024-05-06,TDM,43.48,44.4,43.24,44.08,17700,KBS,2026-10-09T04:39:47Z
2024-05-07,TDM,44.08,44.12,43.29,43.29,1600,KBS,2026-10-09T04:39:47Z
2024-05-08,TDM,43.29,44.03,43.29,43.34,8200,KBS,2026-10-09T04:39:47Z
2024-05-09,TDM,43.01,43.75,42.74,43.01,19500,KBS,2026-10-09T04:39:47Z
2024-05-10,TDM,43.01,43.94,43.01,43.48,27800,KBS,2026-10-09T04:39:47Z
2024-05-13,TDM,43.94,45.33,43.11,44.86,31300,KBS,2026-10-09T04:39:47Z
2024-05-14,TDM,44.96,44.96,44.4,44.4,2200,KBS,2026-10-09T04:39:47Z
2024-05-15,TDM,44.4,45.33,43.66,44.82,31600,KBS,2026-10-09T04:39:47Z
2024-05-16,TDM,44.82,44.86,43.75,44.82,8900,KBS,2026-10-09T04:39:47Z
2024-05-17,TDM,46.25,47.64,43.94,44.86,8900,KBS,2026-10-09T04:39:47Z
2024-05-20,TDM,44.03,45.1,43.98,44.17,3800,KBS,2026-10-09T04:39:47Z
2024-05-21,TDM,43.52,44.36,43.52,44.26,9000,KBS,2026-10-09T04:39:47Z
2024-05-22,TDM,43.71,44.96,43.71,44.68,11600,KBS,2026-10-09T04:39:47Z
2024-05-23,TDM,44.68,44.86,43.85,43.85,38500,KBS,2026-10-09T04:39:47Z
2024-05-24,TDM,43.85,44.96,43.75,44.86,12000,KBS,2026-10-09T04:39:47Z
2024-05-27,TDM,44.86,46.53,44.4,44.59,4800,KBS,2026-10-09T04:39:47Z
2024-05-28,TDM,45.79,47.64,43.57,43.57,122900,KBS,2026-10-09T04:39:47Z
2024-05-29,TDM,45.33,45.33,45.14,45.14,7400,KBS,2026-10-09T04:39:47Z
2024-05-30,TDM,46.16,46.16,43.94,45.1,7000,KBS,2026-10-09T04:39:47Z
2024-05-31,TDM,44.86,46.25,44.4,46.25,401200,KBS,2026-10-09T04:39:47Z
2024-06-03,TDM,46.25,46.25,44.68,46.07,12300,KBS,2026-10-09T04:39:47Z
2024-06-04,TDM,46.07,46.25,44.72,44.86,6700,KBS,2026-10-09T04:39:47Z
2024-06-05,TDM,44.91,46.2,44.59,44.59,2500,KBS,2026-10-09T04:39:47Z
2024-06-06,TDM,46.07,46.07,44.59,45.23,4400,KBS,2026-10-09T04:39:47Z
2024-06-07,TDM,45.33,45.33,44.68,45.23,3400,KBS,2026-10-09T04:39:47Z
2024-06-10,TDM,45.28,45.33,44.72,44.72,1700,KBS,2026-10-09T04:39:47Z
2024-06-11,TDM,45.33,45.74,44.72,44.72,52500,KBS,2026-10-09T04:39:47Z
2024-06-12,TDM,44.77,46.11,44.77,44.82,14700,KBS,2026-10-09T04:39:47Z
2024-06-13,TDM,44.82,45.79,44.82,45.33,11600,KBS,2026-10-09T04:39:47Z
2024-06-14,TDM,44.63,44.86,44.63,44.86,2200,KBS,2026-10-09T04:39:47Z
2024-06-17,TDM,44.86,45.6,44.86,45.6,500,KBS,2026-10-09T04:39:47Z
2024-06-18,TDM,45.6,45.88,44.86,44.86,4300,KBS,2026-10-09T04:39:47Z
2024-06-19,TDM,45.79,46.25,44.86,44.86,25100,KBS,2026-10-09T04:39:47Z
2024-06-20,TDM,45.42,45.42,44.86,44.86,14300,KBS,2026-10-09T04:39:47Z
2024-06-21,TDM,45.42,45.42,44.91,44.91,23300,KBS,2026-10-09T04:39:47Z
2024-06-24,TDM,44.86,45.33,44.86,44.86,900,KBS,2026-10-09T04:39:47Z
2024-06-25,TDM,45.33,45.42,45.33,45.42,15900,KBS,2026-10-09T04:39:47Z
2024-06-26,TDM,45.79,45.79,45.33,45.37,1300,KBS,2026-10-09T04:39:47Z
2024-06-27,TDM,45.37,45.37,45.33,45.37,12700,KBS,2026-10-09T04:39:47Z
2024-06-28,TDM,45.37,45.37,44.86,45.33,3100,KBS,2026-10-09T04:39:47Z
2024-07-01,TDM,45.33,45.56,45.33,45.56,200,KBS,2026-10-09T04:39:47Z
2024-07-02,TDM,45.56,45.6,45.56,45.6,800,KBS,2026-10-09T04:39:47Z
2024-07-03,TDM,44.96,45.28,44.96,45.28,500,KBS,2026-10-09T04:39:47Z
2024-07-04,TDM,45.1,45.33,44.86,45.33,11400,KBS,2026-10-09T04:39:47Z
2024-07-05,TDM,45.28,45.28,45.05,45.05,2200,KBS,2026-10-09T04:39:47Z
2024-07-08,TDM,45.19,45.79,45.19,45.33,11000,KBS,2026-10-09T04:39:47Z
2024-07-09,TDM,45.33,45.33,45.0,45.33,900,KBS,2026-10-09T04:39:47Z
2024-07-10,TDM,45.33,45.33,45.33,45.33,500,KBS,2026-10-09T04:39:47Z
2024-07-11,TDM,45.33,45.33,44.22,45.1,1200,KBS,2026-10-09T04:39:47Z
2024-07-12,TDM,45.14,45.14,44.49,44.49,1900,KBS,2026-10-09T04:39:47Z
2024-07-15,TDM,44.49,45.33,44.4,45.33,40900,KBS,2026-10-09T04:39:47Z
2024-07-16,TDM,45.33,46.25,45.33,46.07,56900,KBS,2026-10-09T04:39:47Z
2024-07-17,TDM,45.33,45.33,45.33,45.33,1300,KBS,2026-10-09T04:39:47Z
2024-07-18,TDM,45.33,45.33,45.23,45.33,4000,KBS,2026-10-09T04:39:47Z
2024-07-19,TDM,44.77,44.77,44.77,44.77,1600,KBS,2026-10-09T04:39:47Z
2024-07-22,TDM,44.77,45.23,44.68,44.77,1200,KBS,2026-10-09T04:39:47Z
2024-07-23,TDM,46.25,46.25,46.07,46.25,15300,KBS,2026-10-09T04:39:47Z
2024-07-24,TDM,46.25,46.25,46.16,46.25,8000,KBS,2026-10-09T04:39:47Z
2024-07-26,TDM,45.6,46.25,44.86,45.14,600,KBS,2026-10-09T04:39:47Z
2024-07-29,TDM,45.14,45.14,44.86,45.1,500400,KBS,2026-10-09T04:39:47Z
2024-07-30,TDM,45.33,45.33,45.33,45.33,9000,KBS,2026-10-09T04:39:47Z
2024-07-31,TDM,44.96,44.96,44.86,44.86,1000,KBS,2026-10-09T04:39:47Z
2024-08-01,TDM,45.0,45.0,44.96,44.96,4500,KBS,2026-10-09T04:39:47Z
2024-08-02,TDM,45.1,46.25,45.1,46.25,25700,KBS,2026-10-09T04:39:47Z
2024-08-05,TDM,45.6,46.25,45.6,46.25,800,KBS,2026-10-09T04:39:47Z
2024-08-06,TDM,46.25,46.25,45.6,46.25,15900,KBS,2026-10-09T04:39:47Z
2024-08-07,TDM,46.71,46.71,46.25,46.25,203700,KBS,2026-10-09T04:39:47Z
2024-08-08,TDM,46.99,46.99,46.25,46.25,1200,KBS,2026-10-09T04:39:47Z
2024-08-09,TDM,46.34,46.34,45.51,46.25,17400,KBS,2026-10-09T04:39:47Z
2024-08-12,TDM,46.53,46.53,46.25,46.25,400,KBS,2026-10-09T04:39:47Z
2024-08-13,TDM,46.25,46.44,45.33,46.2,6000,KBS,2026-10-09T04:39:47Z
2024-08-14,TDM,45.33,45.79,45.33,45.56,1600,KBS,2026-10-09T04:39:47Z
2024-08-15,TDM,45.42,45.56,45.42,45.56,1200,KBS,2026-10-09T04:39:47Z
2024-08-16,TDM,45.56,45.56,45.23,45.33,1700,KBS,2026-10-09T04:39:47Z
2024-08-19,TDM,45.33,45.33,45.14,45.33,29000,KBS,2026-10-09T04:39:47Z
2024-08-20,TDM,45.1,45.46,45.1,45.28,1500,KBS,2026-10-09T04:39:47Z
2024-08-21,TDM,45.14,48.38,45.05,46.11,12900,KBS,2026-10-09T04:39:47Z
2024-08-22,TDM,45.23,46.11,45.23,46.11,200,KBS,2026-10-09T04:39:47Z
2024-08-23,TDM,46.11,46.11,45.33,45.33,1500,KBS,2026-10-09T04:39:47Z
2024-08-26,TDM,46.16,46.16,44.96,45.56,12800,KBS,2026-10-09T04:39:47Z
2024-08-27,TDM,45.33,45.33,45.33,45.33,500,KBS,2026-10-09T04:39:47Z
2024-08-28,TDM,45.33,45.33,45.33,45.33,1400,KBS,2026-10-09T04:39:47Z
2024-08-29,TDM,45.7,45.74,45.33,45.33,6400,KBS,2026-10-09T04:39:47Z
2024-08-30,TDM,45.33,47.18,45.33,47.18,10900,KBS,2026-10-09T04:39:47Z
2024-09-04,TDM,47.18,47.18,45.33,46.9,1400,KBS,2026-10-09T04:39:47Z
2024-09-05,TDM,45.88,45.88,45.88,45.88,20400,KBS,2026-10-09T04:39:47Z
2024-09-06,TDM,45.51,45.88,45.51,45.51,1800,KBS,2026-10-09T04:39:47Z
2024-09-09,TDM,45.51,45.51,45.51,45.51,100,KBS,2026-10-09T04:39:47Z
2024-09-10,TDM,45.51,45.51,44.4,44.82,13000,KBS,2026-10-09T04:39:47Z
2024-09-11,TDM,44.49,45.33,44.49,45.33,3400,KBS,2026-10-09T04:39:47Z
2024-09-13,TDM,45.51,45.51,45.51,45.51,1300,KBS,2026-10-09T04:39:47Z
2024-09-16,TDM,45.51,45.51,45.51,45.51,400,KBS,2026-10-09T04:39:47Z
2024-09-17,TDM,45.79,45.79,45.33,45.33,25400,KBS,2026-10-09T04:39:47Z
2024-09-18,TDM,45.33,45.33,45.33,45.33,400,KBS,2026-10-09T04:39:47Z
2024-09-19,TDM,45.33,45.33,44.68,44.77,4000,KBS,2026-10-09T04:39:47Z
2024-09-20,TDM,45.33,45.33,45.33,45.33,2900,KBS,2026-10-09T04:39:47Z
2024-09-23,TDM,45.33,45.33,45.05,45.05,4300,KBS,2026-10-09T04:39:47Z
2024-09-24,TDM,45.05,45.33,45.05,45.33,400,KBS,2026-10-09T04:39:47Z
2024-09-25,TDM,45.33,45.74,45.33,45.7,5000,KBS,2026-10-09T04:39:47Z
2024-09-26,TDM,45.05,45.14,44.86,44.96,12600,KBS,2026-10-09T04:39:47Z
2024-09-27,TDM,45.0,45.97,45.0,45.51,1800,KBS,2026-10-09T04:39:47Z
2024-09-30,TDM,44.86,46.25,44.82,46.25,21600,KBS,2026-10-09T04:39:47Z
2024-10-01,TDM,44.96,45.33,44.96,45.33,2400,KBS,2026-10-09T04:39:47Z
2024-10-02,TDM,45.33,45.37,45.33,45.37,2600,KBS,2026-10-09T04:39:47Z
2024-10-03,TDM,45.79,48.1,45.79,45.79,5200,KBS,2026-10-09T04:39:47Z
2024-10-04,TDM,45.14,45.33,45.14,45.33,4000,KBS,2026-10-09T04:39:47Z
2024-10-07,TDM,45.0,45.0,45.0,45.0,100,KBS,2026-10-09T04:39:47Z
2024-10-08,TDM,45.79,46.25,45.33,46.25,208500,KBS,2026-10-09T04:39:47Z
2024-10-09,TDM,45.97,46.25,45.97,46.25,4700,KBS,2026-10-09T04:39:47Z
2024-10-10,TDM,46.25,46.25,45.0,46.25,207400,KBS,2026-10-09T04:39:47Z
2024-10-11,TDM,45.1,46.25,45.1,46.25,202400,KBS,2026-10-09T04:39:47Z
2024-10-14,TDM,46.25,46.25,45.1,45.14,15200,KBS,2026-10-09T04:39:47Z
2024-10-15,TDM,45.19,45.19,45.14,45.14,1200,KBS,2026-10-09T04:39:47Z
2024-10-16,TDM,46.07,46.25,45.28,45.33,311100,KBS,2026-10-09T04:39:47Z
2024-10-17,TDM,45.33,46.11,42.27,46.11,5100,KBS,2026-10-09T04:39:47Z
2024-10-18,TDM,46.07,46.11,46.07,46.11,1000,KBS,2026-10-09T04:39:47Z
2024-10-21,TDM,46.07,46.07,43.48,45.1,7300,KBS,2026-10-09T04:39:47Z
2024-10-22,TDM,44.03,45.7,44.03,45.7,900,KBS,2026-10-09T04:39:47Z
2024-10-23,TDM,45.7,46.81,45.33,46.34,523800,KBS,2026-10-09T04:39:47Z
2024-10-24,TDM,46.34,46.71,46.34,46.34,158100,KBS,2026-10-09T04:39:47Z
2024-10-25,TDM,46.34,46.34,45.88,46.34,3100,KBS,2026-10-09T04:39:47Z
2024-10-28,TDM,46.25,46.25,46.25,46.25,500,KBS,2026-10-09T04:39:47Z
2024-10-29,TDM,46.25,46.25,46.25,46.25,600,KBS,2026-10-09T04:39:47Z
2024-10-30,TDM,46.25,46.25,46.25,46.25,100,KBS,2026-10-09T04:39:47Z
2024-10-31,TDM,46.34,46.71,46.25,46.71,300,KBS,2026-10-09T04:39:47Z
2024-11-01,TDM,46.44,46.44,46.25,46.25,200,KBS,2026-10-09T04:39:47Z
2024-11-04,TDM,46.71,46.71,45.33,46.2,6100,KBS,2026-10-09T04:39:47Z
2024-11-05,TDM,46.2,46.71,46.2,46.53,2300,KBS,2026-10-09T04:39:47Z
2024-11-06,TDM,45.05,46.62,45.05,46.62,45700,KBS,2026-10-09T04:39:47Z
2024-11-07,TDM,45.33,46.62,45.33,46.62,5800,KBS,2026-10-09T04:39:47Z
2024-11-08,TDM,46.44,46.44,46.44,46.44,100,KBS,2026-10-09T04:39:47Z
2024-11-11,TDM,45.14,45.51,45.14,45.37,100300,KBS,2026-10-09T04:39:47Z
2024-11-12,TDM,45.79,45.79,45.79,45.79,200,KBS,2026-10-09T04:39:47Z
2024-11-13,TDM,45.74,45.74,45.74,45.74,100,KBS,2026-10-09T04:39:47Z
2024-11-14,TDM,45.7,45.79,45.7,45.79,1100,KBS,2026-10-09T04:39:47Z
2024-11-15,TDM,46.25,46.25,46.25,46.25,100,KBS,2026-10-09T04:39:47Z
2024-11-18,TDM,46.25,46.25,46.25,46.25,1000,KBS,2026-10-09T04:39:47Z
2024-11-19,TDM,47.18,47.18,45.79,45.79,400,KBS,2026-10-09T04:39:47Z
2024-11-20,TDM,46.25,46.25,45.33,45.79,6200,KBS,2026-10-09T04:39:47Z
2024-11-22,TDM,45.79,45.79,45.79,45.79,100,KBS,2026-10-09T04:39:47Z
2024-11-25,TDM,45.42,45.51,45.42,45.51,6500,KBS,2026-10-09T04:39:47Z
2024-11-26,TDM,45.33,45.6,45.33,45.6,600,KBS,2026-10-09T04:39:47Z
2024-11-27,TDM,45.33,45.33,45.33,45.33,400,KBS,2026-10-09T04:39:47Z
2024-11-28,TDM,45.79,45.79,45.42,45.51,500,KBS,2026-10-09T04:39:47Z
2024-11-29,TDM,46.25,46.25,46.25,46.25,600,KBS,2026-10-09T04:39:47Z
2024-12-03,TDM,46.25,46.25,46.25,46.25,800,KBS,2026-10-09T04:39:47Z
2024-12-04,TDM,46.44,46.71,46.44,46.71,300,KBS,2026-10-09T04:39:47Z
2024-12-05,TDM,45.88,45.88,45.88,45.88,2000,KBS,2026-10-09T04:39:47Z
2024-12-06,TDM,46.25,46.25,45.93,45.93,1100,KBS,2026-10-09T04:39:47Z
2024-12-09,TDM,46.25,47.18,45.79,47.18,2900,KBS,2026-10-09T04:39:47Z
2024-12-10,TDM,47.27,47.27,44.36,47.08,4500,KBS,2026-10-09T04:39:47Z
2024-12-12,TDM,45.88,45.88,45.84,45.84,4100,KBS,2026-10-09T04:39:47Z
2024-12-13,TDM,46.25,46.9,46.25,46.9,600,KBS,2026-10-09T04:39:47Z
2024-12-16,TDM,46.9,46.9,46.25,46.9,4900,KBS,2026-10-09T04:39:47Z
2024-12-18,TDM,46.25,46.9,45.88,46.25,23300,KBS,2026-10-09T04:39:47Z
2024-12-19,TDM,46.25,47.08,45.33,47.08,2600,KBS,2026-10-09T04:39:47Z
2024-12-20,TDM,46.99,47.08,44.03,44.03,13300,KBS,2026-10-09T04:39:47Z
2024-12-23,TDM,47.08,47.08,45.37,46.53,7800,KBS,2026-10-09T04:39:47Z
2024-12-24,TDM,46.25,46.34,45.42,46.25,5300,KBS,2026-10-09T04:39:47Z
2024-12-25,TDM,46.25,46.62,46.25,46.62,1100,KBS,2026-10-09T04:39:47Z
2024-12-26,TDM,46.53,46.71,46.25,46.71,3000,KBS,2026-10-09T04:39:47Z
2024-12-27,TDM,47.08,47.18,46.07,46.07,1700,KBS,2026-10-09T04:39:47Z
2024-12-30,TDM,46.07,46.07,46.07,46.07,100,KBS,2026-10-09T04:39:47Z
2024-12-31,TDM,46.07,46.07,46.07,46.07,2500,KBS,2026-10-09T04:39:47Z
2025-01-03,TDM,46.07,46.9,46.07,46.9,7600,KBS,2026-10-09T04:39:47Z
2025-01-06,TDM,46.9,46.9,46.34,46.34,2000,KBS,2026-10-09T04:39:47Z
2025-01-07,TDM,46.99,47.18,45.51,45.51,7400,KBS,2026-10-09T04:39:47Z
2025-01-08,TDM,45.51,46.25,45.51,45.51,33100,KBS,2026-10-09T04:39:47Z
2025-01-09,TDM,46.25,46.81,45.6,46.71,119500,KBS,2026-10-09T04:39:47Z
2025-01-10,TDM,47.08,47.18,46.71,46.71,47500,KBS,2026-10-09T04:39:47Z
2025-01-13,TDM,46.71,47.18,46.71,47.18,3800,KBS,2026-10-09T04:39:47Z
2025-01-14,TDM,47.18,47.45,47.18,47.18,700,KBS,2026-10-09T04:39:47Z
2025-01-15,TDM,47.45,47.64,46.81,47.64,16500,KBS,2026-10-09T04:39:47Z
2025-01-16,TDM,47.64,47.64,47.64,47.64,1000,KBS,2026-10-09T04:39:47Z
2025-01-17,TDM,47.64,47.64,47.64,47.64,400,KBS,2026-10-09T04:39:47Z
2025-01-20,TDM,47.64,47.64,46.53,47.18,1100,KBS,2026-10-09T04:39:47Z
2025-01-21,TDM,46.71,47.64,46.71,47.36,4400,KBS,2026-10-09T04:39:47Z
2025-01-22,TDM,46.25,47.27,46.25,47.27,200,KBS,2026-10-09T04:39:47Z
2025-01-23,TDM,48.38,48.38,47.64,47.64,3100,KBS,2026-10-09T04:39:47Z
2025-01-24,TDM,47.82,47.82,47.27,47.82,1500,KBS,2026-10-09T04:39:47Z
2025-02-03,TDM,48.47,48.56,47.82,48.47,13200,KBS,2026-10-09T04:39:47Z
2025-02-04,TDM,47.73,48.47,47.73,47.82,2300,KBS,2026-10-09T04:39:47Z
2025-02-05,TDM,48.56,50.78,48.19,48.38,2000,KBS,2026-10-09T04:39:47Z
2025-02-06,TDM,48.1,48.56,48.1,48.56,1100,KBS,2026-10-09T04:39:47Z
2025-02-07,TDM,48.56,49.49,47.92,49.49,1700,KBS,2026-10-09T04:39:47Z
2025-02-10,TDM,50.88,50.88,48.1,49.95,800,KBS,2026-10-09T04:39:47Z
2025-02-11,TDM,52.14,52.14,49.38,49.38,8100,KBS,2026-10-09T04:39:47Z
2025-02-17,TDM,49.38,49.38,48.24,49.29,136300,KBS,2026-10-09T04:39:47Z
2025-02-18,TDM,49.29,51.19,49.29,50.33,6600,KBS,2026-10-09T04:39:47Z
2025-02-19,TDM,50.33,50.33,50.14,50.14,1000,KBS,2026-10-09T04:39:47Z
2025-02-20,TDM,52.14,52.14,51.85,51.85,600,KBS,2026-10-09T04:39:47Z
2025-02-21,TDM,49.76,51.57,49.67,49.67,7200,KBS,2026-10-09T04:39:47Z
2025-02-24,TDM,49.67,50.33,49.48,49.48,5400,KBS,2026-10-09T04:39:47Z
2025-02-25,TDM,49.48,50.33,48.91,48.91,6700,KBS,2026-10-09T04:39:47Z
2025-02-26,TDM,51.19,51.19,49.48,49.57,5800,KBS,2026-10-09T04:39:47Z
2025-02-27,TDM,49.29,49.38,49.29,49.38,2500,KBS,2026-10-09T04:39:47Z
2025-02-28,TDM,52.8,52.8,49.29,51.95,3600,KBS,2026-10-09T04:39:47Z
2025-03-03,TDM,52.23,52.23,49.86,52.04,1700,KBS,2026-10-09T04:39:47Z
2025-03-04,TDM,49.29,52.99,49.29,50.33,1800,KBS,2026-10-09T04:39:47Z
2025-03-05,TDM,49.76,49.86,49.67,49.86,1900,KBS,2026-10-09T04:39:47Z
2025-03-06,TDM,51.28,51.28,49.95,51.28,6200,KBS,2026-10-09T04:39:47Z
2025-03-07,TDM,49.95,50.9,49.95,50.14,3600,KBS,2026-10-09T04:39:47Z
2025-03-10,TDM,49.48,50.33,46.72,50.33,10200,KBS,2026-10-09T04:39:47Z
2025-03-11,TDM,49.67,50.33,49.67,50.33,2200,KBS,2026-10-09T04:39:47Z
2025-03-12,TDM,49.38,50.33,47.01,50.33,7500,KBS,2026-10-09T04:39:47Z
2025-03-13,TDM,50.33,50.33,49.19,49.38,3000,KBS,2026-10-09T04:39:47Z
2025-03-14,TDM,48.62,48.62,48.62,48.62,2000,KBS,2026-10-09T04:39:47Z
2025-03-17,TDM,48.43,50.33,48.43,50.33,9800,KBS,2026-10-09T04:39:47Z
2025-03-18,TDM,50.33,50.33,50.24,50.24,5200,KBS,2026-10-09T04:39:47Z
2025-03-19,TDM,49.38,49.38,48.91,49.38,29700,KBS,2026-10-09T04:39:47Z
2025-03-20,TDM,49.48,49.48,49.0,49.38,3400,KBS,2026-10-09T04:39:47Z
2025-03-21,TDM,49.0,51.76,49.0,51.28,5200,KBS,2026-10-09T04:39:47Z
2025-03-24,TDM,51.19,51.19,50.33,50.9,1500,KBS,2026-10-09T04:39:47Z
2025-03-25,TDM,50.05,50.33,50.05,50.33,400,KBS,2026-10-09T04:39:47Z
2025-03-26,TDM,50.33,50.33,50.33,50.33,700,KBS,2026-10-09T04:39:47Z
2025-03-27,TDM,49.48,51.47,49.38,51.47,600,KBS,2026-10-09T04:39:47Z
2025-03-28,TDM,51.28,51.28,48.43,50.33,13800,KBS,2026-10-09T04:39:47Z
2025-03-31,TDM,49.86,51.28,49.38,51.28,11000,KBS,2026-10-09T04:39:47Z
2025-04-01,TDM,49.48,51.19,49.38,51.19,13700,KBS,2026-10-09T04:39:47Z
2025-04-02,TDM,51.28,51.28,51.28,51.28,2900,KBS,2026-10-09T04:39:47Z
2025-04-03,TDM,49.48,50.33,47.96,50.33,123100,KBS,2026-10-09T04:39:47Z
2025-04-04,TDM,52.42,52.42,48.53,51.28,18900,KBS,2026-10-09T04:39:47Z
2025-04-08,TDM,50.33,51.28,50.14,50.33,6000,KBS,2026-10-09T04:39:47Z
2025-04-09,TDM,51.0,52.23,50.81,50.81,33400,KBS,2026-10-09T04:39:47Z
2025-04-10,TDM,51.28,52.23,51.28,51.76,86900,KBS,2026-10-09T04:39:47Z
2025-04-11,TDM,51.76,51.76,51.76,51.76,600,KBS,2026-10-09T04:39:47Z
2025-04-14,TDM,51.76,52.23,50.14,50.71,77400,KBS,2026-10-09T04:39:47Z
2025-04-15,TDM,50.71,50.71,50.71,50.71,700,KBS,2026-10-09T04:39:47Z
2025-04-16,TDM,50.52,50.52,50.52,50.52,1300,KBS,2026-10-09T04:39:47Z
2025-04-17,TDM,50.52,50.52,49.29,50.33,140300,KBS,2026-10-09T04:39:47Z
2025-04-18,TDM,50.33,50.33,49.38,50.33,15500,KBS,2026-10-09T04:39:47Z
2025-04-21,TDM,50.62,51.0,50.33,51.0,43300,KBS,2026-10-09T04:39:47Z
2025-04-22,TDM,50.62,50.62,49.48,50.33,206000,KBS,2026-10-09T04:39:47Z
2025-04-23,TDM,50.33,50.33,49.95,50.14,158300,KBS,2026-10-09T04:39:47Z
2025-04-24,TDM,49.76,49.86,49.76,49.86,300,KBS,2026-10-09T04:39:47Z
2025-04-25,TDM,49.86,50.33,49.86,49.95,63600,KBS,2026-10-09T04:39:47Z
2025-04-28,TDM,49.95,49.95,49.95,49.95,11000,KBS,2026-10-09T04:39:47Z
2025-04-29,TDM,49.38,50.14,49.38,50.05,16200,KBS,2026-10-09T04:39:47Z
2025-05-05,TDM,50.05,52.23,50.05,52.23,5400,KBS,2026-10-09T04:39:47Z
2025-05-06,TDM,53.18,53.18,52.23,52.42,8200,KBS,2026-10-09T04:39:47Z
2025-05-07,TDM,50.43,52.42,50.43,52.42,43700,KBS,2026-10-09T04:39:47Z
2025-05-08,TDM,52.61,54.04,52.42,52.42,57900,KBS,2026-10-09T04:39:47Z
2025-05-09,TDM,52.71,54.13,51.28,53.18,171000,KBS,2026-10-09T04:39:47Z
2025-05-12,TDM,53.56,53.56,52.71,52.9,34200,KBS,2026-10-09T04:39:47Z
2025-05-13,TDM,51.28,53.18,51.28,52.71,2900,KBS,2026-10-09T04:39:47Z
2025-05-14,TDM,52.71,53.66,52.71,53.66,11400,KBS,2026-10-09T04:39:47Z
2025-05-15,TDM,51.57,53.37,51.57,51.85,1400,KBS,2026-10-09T04:39:47Z
2025-05-16,TDM,53.18,53.18,51.66,51.66,600,KBS,2026-10-09T04:39:47Z
2025-05-19,TDM,52.52,53.66,51.57,52.14,7300,KBS,2026-10-09T04:39:47Z
2025-05-20,TDM,53.56,53.66,52.04,52.71,15400,KBS,2026-10-09T04:39:47Z
2025-05-21,TDM,52.71,52.71,52.14,52.33,4100,KBS,2026-10-09T04:39:47Z
2025-05-22,TDM,51.0,51.57,51.0,51.57,200,KBS,2026-10-09T04:39:47Z
2025-05-23,TDM,52.9,53.66,51.19,51.19,5100,KBS,2026-10-09T04:39:47Z
2025-05-26,TDM,48.53,54.13,48.53,52.8,8400,KBS,2026-10-09T04:39:47Z
2025-05-27,TDM,53.84,54.13,52.52,52.52,5100,KBS,2026-10-09T04:39:47Z
2025-05-28,TDM,54.13,54.13,51.47,52.8,6300,KBS,2026-10-09T04:39:47Z
2025-05-29,TDM,53.09,53.09,52.9,52.9,600,KBS,2026-10-09T04:39:47Z
2025-05-30,TDM,53.75,53.75,50.52,50.52,1200,KBS,2026-10-09T04:39:47Z
2025-06-02,TDM,49.48,52.33,49.48,52.33,200,KBS,2026-10-09T04:39:47Z
2025-06-03,TDM,50.71,52.52,50.71,51.95,3200,KBS,2026-10-09T04:39:47Z
2025-06-04,TDM,51.0,51.85,51.0,51.38,1700,KBS,2026-10-09T04:39:47Z
2025-06-05,TDM,51.09,51.76,51.09,51.76,9100,KBS,2026-10-09T04:39:47Z
2025-06-06,TDM,51.0,53.66,51.0,51.76,18800,KBS,2026-10-09T04:39:47Z
2025-06-09,TDM,53.37,54.6,51.19,53.18,24700,KBS,2026-10-09T04:39:47Z
2025-06-10,TDM,51.47,54.13,51.47,54.13,1100,KBS,2026-10-09T04:39:47Z
2025-06-11,TDM,53.66,53.66,53.66,53.66,300,KBS,2026-10-09T04:39:47Z
2025-06-12,TDM,53.18,53.66,51.85,53.66,6000,KBS,2026-10-09T04:39:47Z
2025-06-13,TDM,53.18,53.18,53.18,53.18,200,KBS,2026-10-09T04:39:47Z
2025-06-16,TDM,52.33,53.18,52.33,52.52,500,KBS,2026-10-09T04:39:47Z
2025-06-17,TDM,55.36,56.12,53.66,53.66,51500,KBS,2026-10-09T04:39:47Z
2025-06-18,TDM,53.66,53.66,51.66,53.66,600,KBS,2026-10-09T04:39:47Z
2025-06-19,TDM,53.66,53.75,53.66,53.75,78000,KBS,2026-10-09T04:39:47Z
2025-06-20,TDM,52.33,56.03,52.33,52.71,900,KBS,2026-10-09T04:39:47Z
2025-06-23,TDM,52.71,53.28,52.71,52.71,12900,KBS,2026-10-09T04:39:47Z
2025-06-24,TDM,52.23,52.42,52.23,52.42,600,KBS,2026-10-09T04:39:47Z
2025-06-25,TDM,51.38,54.6,51.38,52.42,700,KBS,2026-10-09T04:39:47Z
2025-06-26,TDM,52.71,54.6,52.71,52.71,1400,KBS,2026-10-09T04:39:47Z
2025-06-27,TDM,54.98,54.98,53.18,53.18,200,KBS,2026-10-09T04:39:47Z
2025-06-30,TDM,56.69,56.69,52.23,52.23,200,KBS,2026-10-09T04:39:47Z
2025-07-01,TDM,52.71,54.98,52.71,54.98,4800,KBS,2026-10-09T04:39:47Z
2025-07-02,TDM,51.76,54.51,51.76,53.75,500,KBS,2026-10-09T04:39:47Z
2025-07-03,TDM,54.98,55.84,53.84,53.84,17400,KBS,2026-10-09T04:39:47Z
2025-07-04,TDM,55.46,55.94,53.75,55.18,11300,KBS,2026-10-09T04:39:47Z
2025-07-07,TDM,55.46,55.46,52.33,54.42,2900,KBS,2026-10-09T04:39:47Z
2025-07-08,TDM,52.33,55.08,51.57,53.75,5600,KBS,2026-10-09T04:39:47Z
2025-07-09,TDM,54.13,54.13,53.66,54.13,1900,KBS,2026-10-09T04:39:47Z
2025-07-10,TDM,55.08,55.08,52.71,54.13,3300,KBS,2026-10-09T04:39:47Z
2025-07-11,TDM,54.13,54.51,53.75,53.94,1300,KBS,2026-10-09T04:39:47Z
2025-07-14,TDM,55.18,55.18,54.98,54.98,2600,KBS,2026-10-09T04:39:47Z
2025-07-15,TDM,55.36,55.56,55.08,55.08,1400,KBS,2026-10-09T04:39:47Z
2025-07-16,TDM,56.98,56.98,53.66,53.66,11500,KBS,2026-10-09T04:39:47Z
2025-07-17,TDM,53.66,56.12,53.66,56.12,4100,KBS,2026-10-09T04:39:47Z
2025-07-18,TDM,54.13,56.88,54.13,54.22,17400,KBS,2026-10-09T04:39:47Z
2025-07-21,TDM,52.8,56.98,52.71,54.6,14800,KBS,2026-10-09T04:39:47Z
2025-07-22,TDM,56.79,56.79,54.13,54.13,1800,KBS,2026-10-09T04:39:47Z
2025-07-23,TDM,55.08,57.45,54.22,54.42,11000,KBS,2026-10-09T04:39:47Z
2025-07-24,TDM,56.03,56.03,54.6,54.89,1100,KBS,2026-10-09T04:39:47Z
2025-07-25,TDM,53.37,56.5,53.37,54.7,17500,KBS,2026-10-09T04:39:47Z
2025-07-28,TDM,53.94,56.41,53.84,54.32,13700,KBS,2026-10-09T04:39:47Z
2025-07-30,TDM,54.6,54.89,54.6,54.89,500,KBS,2026-10-09T04:39:47Z
2025-07-31,TDM,54.89,56.03,54.7,54.89,32900,KBS,2026-10-09T04:39:47Z
2025-08-01,TDM,54.98,57.93,54.6,54.7,11200,KBS,2026-10-09T04:39:47Z
2025-08-04,TDM,54.7,55.08,54.7,55.08,200,KBS,2026-10-09T04:39:47Z
2025-08-05,TDM,56.88,56.88,55.18,55.18,1400,KBS,2026-10-09T04:39:47Z
2025-08-06,TDM,55.18,55.18,55.08,55.08,1500,KBS,2026-10-09T04:39:47Z
2025-08-07,TDM,55.08,56.5,53.94,54.7,15500,KBS,2026-10-09T04:39:47Z
2025-08-08,TDM,55.94,56.98,55.18,55.18,3100,KBS,2026-10-09T04:39:47Z
2025-08-11,TDM,56.98,57.93,55.27,55.36,9200,KBS,2026-10-09T04:39:47Z
2025-08-12,TDM,55.56,55.56,55.27,55.27,4700,KBS,2026-10-09T04:39:47Z
2025-08-13,TDM,56.32,56.32,55.36,55.65,1500,KBS,2026-10-09T04:39:47Z
2025-08-14,TDM,57.64,57.64,55.65,55.65,1500,KBS,2026-10-09T04:39:47Z
2025-08-15,TDM,56.03,56.03,55.74,55.74,200,KBS,2026-10-09T04:39:47Z
2025-08-18,TDM,55.74,56.88,55.74,56.03,3000,KBS,2026-10-09T04:39:47Z
2025-08-19,TDM,56.88,56.98,55.74,55.74,1100,KBS,2026-10-09T04:39:47Z
2025-08-20,TDM,55.74,55.74,55.74,55.74,200,KBS,2026-10-09T04:39:47Z
2025-08-21,TDM,56.03,56.79,56.03,56.79,1900,KBS,2026-10-09T04:39:47Z
2025-08-22,TDM,57.93,57.93,56.12,56.12,1100,KBS,2026-10-09T04:39:47Z
2025-08-25,TDM,56.03,56.03,56.03,56.03,100,KBS,2026-10-09T04:39:47Z
2025-08-26,TDM,55.36,55.36,55.36,55.36,100,KBS,2026-10-09T04:39:47Z
2025-08-27,TDM,55.36,56.03,55.36,56.03,500,KBS,2026-10-09T04:39:47Z
2025-08-28,TDM,56.03,56.98,56.03,56.03,50500,KBS,2026-10-09T04:39:47Z
2025-08-29,TDM,56.03,56.03,55.65,55.65,200,KBS,2026-10-09T04:39:47Z
2025-09-03,TDM,56.79,56.98,56.03,56.03,12800,KBS,2026-10-09T04:39:47Z
2025-09-04,TDM,56.88,56.88,56.03,56.03,4200,KBS,2026-10-09T04:39:47Z
2025-09-05,TDM,56.5,56.88,56.5,56.5,400,KBS,2026-10-09T04:39:47Z
2025-09-08,TDM,56.12,56.5,56.12,56.5,110900,KBS,2026-10-09T04:39:47Z
2025-09-09,TDM,57.93,57.93,56.12,56.12,300,KBS,2026-10-09T04:39:47Z
2025-09-10,TDM,56.12,56.98,56.12,56.12,1400,KBS,2026-10-09T04:39:47Z
2025-09-11,TDM,56.12,56.98,55.08,56.98,1000,KBS,2026-10-09T04:39:47Z
2025-09-12,TDM,55.36,56.98,55.36,56.98,500,KBS,2026-10-09T04:39:47Z
2025-09-15,TDM,56.6,56.6,56.6,56.6,100,KBS,2026-10-09T04:39:47Z
2025-09-16,TDM,56.03,56.6,56.03,56.6,200,KBS,2026-10-09T04:39:47Z
2025-09-17,TDM,56.03,56.6,56.03,56.03,4000,KBS,2026-10-09T04:39:47Z
2025-09-18,TDM,56.03,56.03,56.03,56.03,5000,KBS,2026-10-09T04:39:47Z
2025-09-19,TDM,56.88,56.98,56.03,56.03,5600,KBS,2026-10-09T04:39:47Z
2025-09-22,TDM,56.03,56.03,56.03,56.03,500,KBS,2026-10-09T04:39:47Z
2025-09-23,TDM,56.03,56.03,56.03,56.03,500,KBS,2026-10-09T04:39:47Z
2025-09-24,TDM,56.03,56.03,56.03,56.03,200,KBS,2026-10-09T04:39:47Z
2025-09-25,TDM,56.03,56.03,56.03,56.03,1300,KBS,2026-10-09T04:39:47Z
2025-09-29,TDM,56.03,56.03,56.03,56.03,500,KBS,2026-10-09T04:39:47Z
2025-09-30,TDM,56.03,56.03,56.03,56.03,400,KBS,2026-10-09T04:39:47Z
2025-10-01,TDM,56.03,56.03,56.03,56.03,4700,KBS,2026-10-09T04:39:47Z
2025-10-02,TDM,55.65,55.65,55.18,55.27,600,KBS,2026-10-09T04:39:47Z
2025-10-03,TDM,54.22,56.03,54.22,56.03,9000,KBS,2026-10-09T04:39:47Z
2025-10-06,TDM,56.03,56.03,55.08,55.08,2500,KBS,2026-10-09T04:39:47Z
2025-10-07,TDM,55.08,55.08,55.08,55.08,20100,KBS,2026-10-09T04:39:47Z
2025-10-08,TDM,55.27,55.27,55.08,55.08,600,KBS,2026-10-09T04:39:47Z
2025-10-09,TDM,55.08,55.08,55.08,55.08,2000,KBS,2026-10-09T04:39:47Z
2025-10-10,TDM,55.08,55.08,54.32,55.08,11300,KBS,2026-10-09T04:39:47Z
2025-10-14,TDM,53.75,54.98,53.47,54.98,2500,KBS,2026-10-09T04:39:47Z
2025-10-15,TDM,55.08,55.08,55.08,55.08,8000,KBS,2026-10-09T04:39:47Z
2025-10-16,TDM,54.13,55.08,54.13,55.08,11300,KBS,2026-10-09T04:39:47Z
2025-10-17,TDM,53.66,55.08,53.66,55.08,151900,KBS,2026-10-09T04:39:47Z
2025-10-20,TDM,53.37,53.66,53.18,53.18,49500,KBS,2026-10-09T04:39:47Z
2025-10-21,TDM,54.6,54.6,54.6,54.6,2200,KBS,2026-10-09T04:39:47Z
2025-10-22,TDM,54.6,54.6,54.6,54.6,7300,KBS,2026-10-09T04:39:47Z
2025-10-23,TDM,54.13,54.13,52.8,53.37,10400,KBS,2026-10-09T04:39:47Z
2025-10-24,TDM,50.52,54.6,50.52,54.13,7800,KBS,2026-10-09T04:39:47Z
2025-10-28,TDM,53.18,53.94,51.38,53.75,17000,KBS,2026-10-09T04:39:47Z
2025-10-29,TDM,52.23,54.32,52.23,54.32,700,KBS,2026-10-09T04:39:47Z
2025-10-30,TDM,53.84,54.13,53.84,54.13,6300,KBS,2026-10-09T04:39:47Z
2025-10-31,TDM,54.04,54.13,52.23,54.13,50600,KBS,2026-10-09T04:39:47Z
2025-11-03,TDM,54.04,54.04,52.33,52.33,200,KBS,2026-10-09T04:39:47Z
2025-11-04,TDM,51.95,53.75,51.85,53.75,30300,KBS,2026-10-09T04:39:47Z
2025-11-05,TDM,51.76,53.66,51.76,53.66,300,KBS,2026-10-09T04:39:47Z
2025-11-06,TDM,51.09,53.56,51.09,53.56,300,KBS,2026-10-09T04:39:47Z
2025-11-10,TDM,53.47,53.47,53.47,53.47,100,KBS,2026-10-09T04:39:47Z
2025-11-11,TDM,53.18,53.18,53.18,53.18,100,KBS,2026-10-09T04:39:47Z
2025-11-12,TDM,53.18,53.18,53.18,53.18,200,KBS,2026-10-09T04:39:47Z
2025-11-13,TDM,53.18,53.18,53.18,53.18,1100,KBS,2026-10-09T04:39:47Z
2025-11-14,TDM,53.66,53.66,53.66,53.66,300,KBS,2026-10-09T04:39:47Z
2025-11-18,TDM,55.56,55.56,55.56,55.56,100,KBS,2026-10-09T04:39:47Z
2025-11-19,TDM,55.56,55.56,55.56,55.56,11000,KBS,2026-10-09T04:39:47Z
2025-11-21,TDM,52.23,56.03,52.23,56.03,1100,KBS,2026-10-09T04:39:47Z
2025-11-28,TDM,52.71,55.94,52.71,55.56,500,KBS,2026-10-09T04:39:47Z
2025-12-01,TDM,55.08,55.08,55.08,55.08,100,KBS,2026-10-09T04:39:47Z
2025-12-02,TDM,56.79,56.79,56.79,56.79,100,KBS,2026-10-09T04:39:47Z
2025-12-04,TDM,56.5,56.5,56.5,56.5,5000,KBS,2026-10-09T04:39:47Z
2025-12-08,TDM,56.12,56.12,55.08,55.08,3500,KBS,2026-10-09T04:39:47Z
2025-12-10,TDM,52.42,55.08,52.42,55.08,2100,KBS,2026-10-09T04:39:47Z
2025-12-11,TDM,52.52,55.36,52.52,55.36,6800,KBS,2026-10-09T04:39:47Z
2025-12-12,TDM,55.08,55.27,55.08,55.27,19700,KBS,2026-10-09T04:39:47Z
2025-12-15,TDM,55.08,55.18,55.08,55.18,4000,KBS,2026-10-09T04:39:47Z
2025-12-16,TDM,52.8,55.27,52.8,55.27,14600,KBS,2026-10-09T04:39:47Z
2025-12-17,TDM,55.08,55.27,55.08,55.27,9100,KBS,2026-10-09T04:39:47Z
2025-12-19,TDM,52.61,54.98,52.61,54.98,900,KBS,2026-10-09T04:39:47Z
2025-12-22,TDM,53.28,54.98,53.18,54.98,700,KBS,2026-10-09T04:39:47Z
2025-12-25,TDM,54.6,54.6,54.6,54.6,100,KBS,2026-10-09T04:39:47Z
2025-12-26,TDM,54.32,55.08,52.71,52.8,15400,KBS,2026-10-09T04:39:47Z
2025-12-29,TDM,53.28,53.28,53.28,53.28,8100,KBS,2026-10-09T04:39:47Z
2025-12-30,TDM,54.98,56.98,53.84,53.84,10700,KBS,2026-10-09T04:39:47Z
2025-12-31,TDM,54.13,54.13,54.13,54.13,100,KBS,2026-10-09T04:39:47Z
2026-01-05,TDM,54.22,55.08,54.22,55.08,9100,KBS,2026-10-09T04:39:47Z
2026-01-06,TDM,55.08,55.08,54.13,55.08,47900,KBS,2026-10-09T04:39:47Z
2026-01-07,TDM,55.08,55.08,54.13,54.13,6900,KBS,2026-10-09T04:39:47Z
2026-01-08,TDM,54.13,56.03,54.13,56.03,1100,KBS,2026-10-09T04:39:47Z
2026-01-09,TDM,54.13,55.56,54.13,55.56,54500,KBS,2026-10-09T04:39:47Z
2026-01-12,TDM,54.6,54.6,54.6,54.6,1100,KBS,2026-10-09T04:39:47Z
2026-01-14,TDM,55.56,55.56,55.56,55.56,2100,KBS,2026-10-09T04:39:47Z
2026-01-15,TDM,54.22,55.46,54.22,55.46,1200,KBS,2026-10-09T04:39:47Z
2026-01-16,TDM,55.08,55.36,54.6,54.6,19000,KBS,2026-10-09T04:39:47Z
2026-01-19,TDM,54.6,54.6,54.6,54.6,8200,KBS,2026-10-09T04:39:47Z
2026-01-20,TDM,52.23,54.6,52.23,52.71,13800,KBS,2026-10-09T04:39:47Z
2026-01-21,TDM,54.13,54.13,54.13,54.13,1000,KBS,2026-10-09T04:39:47Z
2026-01-22,TDM,54.13,54.13,53.47,53.47,700,KBS,2026-10-09T04:39:47Z
2026-01-23,TDM,54.04,54.04,53.94,53.94,1000,KBS,2026-10-09T04:39:47Z
2026-01-26,TDM,53.94,54.13,53.94,53.94,900,KBS,2026-10-09T04:39:47Z
2026-01-27,TDM,52.23,54.04,52.04,54.04,1100,KBS,2026-10-09T04:39:47Z
2026-01-28,TDM,53.47,53.94,52.23,53.94,300,KBS,2026-10-09T04:39:47Z
2026-01-29,TDM,53.94,53.94,53.18,53.84,300,KBS,2026-10-09T04:39:47Z
2026-01-30,TDM,53.84,53.94,53.84,53.94,700,KBS,2026-10-09T04:39:47Z
2026-02-02,TDM,53.84,53.84,53.84,53.84,100,KBS,2026-10-09T04:39:47Z
2026-02-03,TDM,53.84,53.84,53.84,53.84,3200,KBS,2026-10-09T04:39:47Z
2026-02-04,TDM,53.94,53.94,53.94,53.94,1200,KBS,2026-10-09T04:39:47Z
2026-02-05,TDM,53.94,54.98,53.94,54.98,10300,KBS,2026-10-09T04:39:47Z
2026-02-06,TDM,54.13,54.98,54.13,54.98,200,KBS,2026-10-09T04:39:47Z
2026-02-09,TDM,54.98,54.98,54.89,54.89,200,KBS,2026-10-09T04:39:47Z
2026-02-10,TDM,54.8,54.8,54.8,54.8,100,KBS,2026-10-09T04:39:47Z
2026-02-11,TDM,57.36,57.36,56.03,56.69,14800,KBS,2026-10-09T04:39:47Z
2026-02-12,TDM,56.98,60.59,56.88,56.88,8600,KBS,2026-10-09T04:39:47Z
2026-02-13,TDM,55.94,55.94,55.94,55.94,100,KBS,2026-10-09T04:39:47Z
2026-02-23,TDM,54.13,55.56,54.13,55.56,600,KBS,2026-10-09T04:39:47Z
2026-02-24,TDM,54.22,55.18,54.22,55.08,47200,KBS,2026-10-09T04:39:47Z
2026-02-25,TDM,54.32,55.08,54.32,55.08,53800,KBS,2026-10-09T04:39:47Z
2026-02-26,TDM,55.08,55.08,54.51,55.08,32700,KBS,2026-10-09T04:39:47Z
2026-02-27,TDM,55.08,55.08,55.08,55.08,48300,KBS,2026-10-09T04:39:47Z
2026-03-02,TDM,55.08,55.08,54.13,55.08,1200,KBS,2026-10-09T04:39:47Z
2026-03-03,TDM,54.98,54.98,54.98,54.98,100,KBS,2026-10-09T04:39:47Z
2026-03-04,TDM,55.08,55.08,54.98,54.98,400,KBS,2026-10-09T04:39:47Z
2026-03-05,TDM,54.89,54.89,54.8,54.8,200,KBS,2026-10-09T04:39:47Z
2026-03-06,TDM,55.08,55.08,54.98,54.98,300,KBS,2026-10-09T04:39:47Z
2026-03-09,TDM,52.33,54.98,51.19,54.89,16700,KBS,2026-10-09T04:39:47Z
2026-03-10,TDM,54.6,54.6,52.23,54.51,9800,KBS,2026-10-09T04:39:47Z
2026-03-11,TDM,55.08,55.08,54.32,54.32,200,KBS,2026-10-09T04:39:47Z
2026-03-12,TDM,51.47,54.13,51.47,54.13,400,KBS,2026-10-09T04:39:47Z
2026-03-13,TDM,54.04,54.04,54.04,54.04,1000,KBS,2026-10-09T04:39:47Z
2026-03-16,TDM,55.08,55.08,53.94,53.94,400,KBS,2026-10-09T04:39:47Z
2026-03-17,TDM,55.94,55.94,53.18,53.18,2300,KBS,2026-10-09T04:39:47Z
2026-03-18,TDM,54.13,54.13,51.47,51.47,2600,KBS,2026-10-09T04:39:47Z
2026-03-19,TDM,52.23,52.23,52.23,52.23,1900,KBS,2026-10-09T04:39:47Z
2026-03-20,TDM,51.47,51.47,51.47,51.47,100,KBS,2026-10-09T04:39:47Z
2026-03-23,TDM,51.47,51.47,51.47,51.47,700,KBS,2026-10-09T04:39:47Z
2026-03-24,TDM,51.47,51.76,51.47,51.76,400,KBS,2026-10-09T04:39:47Z
2026-03-25,TDM,53.18,53.18,52.71,52.71,400,KBS,2026-10-09T04:39:47Z
2026-03-26,TDM,52.61,52.61,52.61,52.61,100,KBS,2026-10-09T04:39:47Z
2026-03-27,TDM,53.18,53.18,50.33,50.52,9300,KBS,2026-10-09T04:39:47Z
2026-03-30,TDM,51.28,51.76,50.52,51.76,33700,KBS,2026-10-09T04:39:47Z
2026-03-31,TDM,51.76,52.23,51.76,52.23,238900,KBS,2026-10-09T04:39:47Z
2026-04-01,TDM,52.33,53.18,52.33,53.18,101000,KBS,2026-10-09T04:39:47Z
2026-04-02,TDM,53.18,54.04,53.18,54.04,5200,KBS,2026-10-09T04:39:47Z
2026-04-03,TDM,54.6,54.6,54.42,54.42,300,KBS,2026-10-09T04:39:47Z
2026-04-07,TDM,55.56,55.56,54.32,54.32,600,KBS,2026-10-09T04:39:47Z
2026-04-08,TDM,54.51,54.51,53.84,54.32,1900,KBS,2026-10-09T04:39:47Z
2026-04-09,TDM,54.6,54.6,54.04,54.04,4200,KBS,2026-10-09T04:39:47Z
2026-04-10,TDM,52.8,54.51,52.8,54.51,7900,KBS,2026-10-09T04:39:47Z
2026-04-13,TDM,54.51,55.18,54.51,55.08,17300,KBS,2026-10-09T04:39:47Z
2026-04-14,TDM,53.14,56.34,53.14,54.4,4000,KBS,2026-10-09T04:39:47Z
2026-04-15,TDM,55.37,55.37,54.5,55.08,8900,KBS,2026-10-09T04:39:47Z
2026-04-16,TDM,54.98,55.27,54.98,55.27,3400,KBS,2026-10-09T04:39:47Z
2026-04-17,TDM,55.37,55.37,55.37,55.37,100,KBS,2026-10-09T04:39:47Z
2026-04-20,TDM,54.98,59.06,52.46,55.95,9700,KBS,2026-10-09T04:39:47Z
2026-04-21,TDM,55.57,55.76,55.57,55.76,1200,KBS,2026-10-09T04:39:47Z
2026-04-22,TDM,55.76,55.76,55.57,55.57,200,KBS,2026-10-09T04:39:47Z
2026-04-23,TDM,56.15,56.15,55.86,56.05,5100,KBS,2026-10-09T04:39:47Z
2026-04-24,TDM,59.94,59.94,55.86,55.86,2200,KBS,2026-10-09T04:39:47Z
2026-04-28,TDM,55.86,55.86,55.66,55.66,5100,KBS,2026-10-09T04:39:47Z
2026-04-29,TDM,55.86,55.95,55.86,55.95,1200,KBS,2026-10-09T04:39:47Z
2026-05-04,TDM,54.5,56.25,54.5,56.25,400,KBS,2026-10-09T04:39:47Z
2026-05-05,TDM,55.37,56.25,55.37,55.37,5100,KBS,2026-10-09T04:39:47Z
2026-05-06,TDM,55.37,55.37,55.37,55.37,1200,KBS,2026-10-09T04:39:47Z
2026-05-07,TDM,52.55,55.57,52.55,55.57,94500,KBS,2026-10-09T04:39:47Z
2026-05-08,TDM,52.36,55.76,52.36,55.76,12400,KBS,2026-10-09T04:39:47Z
2026-05-11,TDM,55.76,55.76,52.65,55.57,11400,KBS,2026-10-09T04:39:47Z
2026-05-12,TDM,54.5,55.37,54.5,55.37,9400,KBS,2026-10-09T04:39:47Z
2026-05-13,TDM,55.37,55.37,55.37,55.37,31000,KBS,2026-10-09T04:39:47Z
2026-05-14,TDM,55.37,55.37,55.37,55.37,71700,KBS,2026-10-09T04:39:47Z
2026-05-15,TDM,55.37,55.86,55.37,55.37,9300,KBS,2026-10-09T04:39:47Z
2026-05-18,TDM,55.37,56.25,52.36,56.25,17800,KBS,2026-10-09T04:39:47Z
2026-05-19,TDM,55.37,56.25,55.37,56.25,2100,KBS,2026-10-09T04:39:47Z
2026-05-20,TDM,55.37,55.95,52.94,54.4,18800,KBS,2026-10-09T04:39:47Z
2026-05-21,TDM,53.43,56.25,51.78,54.4,18800,KBS,2026-10-09T04:39:47Z
2026-05-22,TDM,58.19,58.19,54.5,55.76,43600,KBS,2026-10-09T04:39:47Z
2026-05-25,TDM,55.47,55.66,55.37,55.57,10400,KBS,2026-10-09T04:39:47Z
2026-05-26,TDM,55.37,55.57,55.37,55.37,2000,KBS,2026-10-09T04:39:47Z
2026-05-27,TDM,55.47,55.57,55.47,55.57,2300,KBS,2026-10-09T04:39:47Z
2026-05-28,TDM,55.57,55.57,55.47,55.57,600,KBS,2026-10-09T04:39:47Z
2026-05-29,TDM,55.37,55.86,55.37,55.86,600,KBS,2026-10-09T04:39:47Z
2026-06-01,TDM,56.25,58.77,55.37,58.77,1200,KBS,2026-10-09T04:39:47Z
2026-06-02,TDM,57.22,57.22,56.25,56.25,5300,KBS,2026-10-09T04:39:47Z
2026-06-03,TDM,57.02,59.74,57.02,58.19,400,KBS,2026-10-09T04:39:47Z
2026-06-04,TDM,61.69,61.69,54.5,59.65,300,KBS,2026-10-09T04:39:47Z
2026-06-05,TDM,58.29,58.29,55.57,57.31,500,KBS,2026-10-09T04:39:47Z
2026-06-08,TDM,57.31,57.31,57.31,57.31,100,KBS,2026-10-09T04:39:47Z
2026-06-09,TDM,54.98,56.34,54.89,56.34,800,KBS,2026-10-09T04:39:47Z
2026-06-10,TDM,56.34,56.34,55.37,55.37,400,KBS,2026-10-09T04:39:47Z
2026-06-11,TDM,55.86,55.86,55.86,55.86,100,KBS,2026-10-09T04:39:47Z
2026-06-15,TDM,55.37,56.15,55.37,56.15,200,KBS,2026-10-09T04:39:47Z
2026-06-16,TDM,55.47,55.47,55.47,55.47,13100,KBS,2026-10-09T04:39:47Z
2026-06-17,TDM,56.93,56.93,55.37,55.37,800,KBS,2026-10-09T04:39:47Z
2026-06-18,TDM,56.15,56.34,56.15,56.34,6200,KBS,2026-10-09T04:39:47Z
2026-06-19,TDM,53.91,58.09,53.91,57.02,1000,KBS,2026-10-09T04:39:47Z
2026-06-22,TDM,55.66,56.83,55.37,56.83,2500,KBS,2026-10-09T04:39:47Z
2026-06-23,TDM,55.47,56.83,55.37,56.83,1300,KBS,2026-10-09T04:39:47Z
2026-06-24,TDM,56.15,56.15,55.37,55.37,2200,KBS,2026-10-09T04:39:47Z
2026-06-25,TDM,55.47,55.86,55.37,55.37,42300,KBS,2026-10-09T04:39:47Z
2026-06-26,TDM,56.34,56.34,55.86,56.34,5200,KBS,2026-10-09T04:39:47Z
2026-06-29,TDM,55.27,56.25,55.27,56.25,1200,KBS,2026-10-09T04:39:47Z
2026-06-30,TDM,55.37,55.37,55.37,55.37,2400,KBS,2026-10-09T04:39:47Z
2026-07-01,TDM,57.31,58.29,55.66,58.29,42300,KBS,2026-10-09T04:39:47Z
2026-07-02,TDM,55.47,57.31,55.47,57.31,5800,KBS,2026-10-09T04:39:47Z
2026-07-03,TDM,56.34,57.31,56.34,57.31,5100,KBS,2026-10-09T04:39:47Z
2026-07-06,TDM,56.73,58.67,56.73,58.67,162400,KBS,2026-10-09T04:39:47Z
2026-07-07,TDM,57.31,58.29,55.86,58.29,12500,KBS,2026-10-09T04:39:47Z
2026-07-08,TDM,58.29,58.77,58.29,58.77,36200,KBS,2026-10-09T04:39:47Z
2026-07-09,TDM,58.77,58.77,58.29,58.29,4500,KBS,2026-10-09T04:39:47Z
2026-07-10,TDM,58.77,60.13,58.29,59.26,94600,KBS,2026-10-09T04:39:47Z
2026-07-13,TDM,58.29,58.29,58.29,58.29,30300,KBS,2026-10-09T04:39:47Z
2026-07-14,TDM,56.83,61.2,56.83,61.2,28700,KBS,2026-10-09T04:39:47Z
2026-07-15,TDM,57.9,62.5,57.9,58.0,203300,KBS,2026-10-09T04:39:47Z
2026-07-16,TDM,61.4,61.5,58.1,58.3,642200,KBS,2026-10-09T04:39:47Z
2026-07-17,TDM,61.3,62.2,58.0,61.0,44700,KBS,2026-10-09T04:39:47Z
2026-07-20,TDM,60.0,61.0,58.1,61.0,18100,KBS,2026-10-09T04:39:47Z
2026-07-21,TDM,62.0,62.0,57.9,57.9,3500,KBS,2026-10-09T04:39:47Z
2026-07-22,TDM,60.0,60.0,60.0,60.0,2000,KBS,2026-10-09T04:39:47Z
2026-07-23,TDM,60.0,60.0,58.1,59.7,1500,KBS,2026-10-09T04:39:47Z
2026-07-24,TDM,59.0,59.0,58.0,58.5,5600,KBS,2026-10-09T04:39:47Z
2026-07-27,TDM,58.0,59.9,58.0,59.0,3200,KBS,2026-10-09T04:39:47Z
2026-07-28,TDM,59.0,59.0,59.0,59.0,47300,KBS,2026-10-09T04:39:47Z
2026-07-29,TDM,60.9,60.9,59.0,59.0,300,KBS,2026-10-09T04:39:47Z
2026-07-30,TDM,60.9,60.9,59.0,59.1,48900,KBS,2026-10-09T04:39:47Z
2026-07-31,TDM,59.1,59.2,59.1,59.2,1600,KBS,2026-10-09T04:39:47Z
2026-08-03,TDM,59.2,59.5,59.2,59.5,1300,KBS,2026-10-09T04:39:47Z
2026-08-04,TDM,59.2,59.7,59.2,59.3,500,KBS,2026-10-09T04:39:47Z
2026-08-05,TDM,58.2,60.3,58.2,60.3,33900,KBS,2026-10-09T04:39:47Z
2026-08-06,TDM,60.3,60.3,59.9,60.3,17200,KBS,2026-10-09T04:39:47Z
2026-08-07,TDM,60.3,60.3,60.3,60.3,1400,KBS,2026-10-09T04:39:47Z
2026-08-10,TDM,60.0,62.0,59.0,62.0,224500,KBS,2026-10-09T04:39:47Z
2026-08-11,TDM,60.0,62.0,59.0,62.0,101900,KBS,2026-10-09T04:39:47Z
2026-08-12,TDM,60.0,61.0,58.1,58.1,35100,KBS,2026-10-09T04:39:47Z
2026-08-13,TDM,59.5,59.5,59.0,59.0,2100,KBS,2026-10-09T04:39:47Z
2026-08-14,TDM,59.1,59.7,59.0,59.0,5600,KBS,2026-10-09T04:39:47Z
2026-08-17,TDM,57.0,59.4,57.0,58.8,2300,KBS,2026-10-09T04:39:47Z
2026-08-18,TDM,58.8,60.9,57.3,57.4,41100,KBS,2026-10-09T04:39:47Z
2026-08-19,TDM,60.9,60.9,55.6,55.6,9300,KBS,2026-10-09T04:39:47Z
2026-08-20,TDM,56.7,57.1,56.7,57.1,1300,KBS,2026-10-09T04:39:47Z
2026-08-21,TDM,59.0,59.0,57.7,57.7,5100,KBS,2026-10-09T04:39:47Z
2026-08-24,TDM,59.8,60.0,58.3,58.3,10100,KBS,2026-10-09T04:39:47Z
2026-08-25,TDM,58.3,58.4,58.3,58.4,2300,KBS,2026-10-09T04:39:47Z
2026-08-26,TDM,58.6,58.6,58.6,58.6,2100,KBS,2026-10-09T04:39:47Z
2026-08-28,TDM,59.6,59.6,59.3,59.3,200,KBS,2026-10-09T04:39:47Z
2026-09-03,TDM,59.2,59.3,58.0,59.3,7100,KBS,2026-10-09T04:39:47Z
2026-09-04,TDM,59.6,59.6,59.6,59.6,500,KBS,2026-10-09T04:39:47Z
2026-09-07,TDM,59.4,59.9,58.1,59.9,1700,KBS,2026-10-09T04:39:47Z
2026-09-08,TDM,59.8,60.2,57.6,60.2,4300,KBS,2026-10-09T04:39:47Z
2026-09-09,TDM,60.2,60.2,57.5,58.1,26700,KBS,2026-10-09T04:39:47Z
2026-09-10,TDM,60.0,60.0,60.0,60.0,100,KBS,2026-10-09T04:39:47Z
2026-09-11,TDM,58.6,59.0,58.6,59.0,5000,KBS,2026-10-09T04:39:47Z
2026-09-14,TDM,58.1,59.0,58.0,59.0,800,KBS,2026-10-09T04:39:47Z
2026-09-15,TDM,57.1,59.9,57.1,59.0,1300,KBS,2026-10-09T04:39:47Z
2026-09-16,TDM,57.5,60.0,57.5,59.9,26200,KBS,2026-10-09T04:39:47Z
2026-09-17,TDM,60.0,60.0,59.7,59.8,1900,KBS,2026-10-09T04:39:47Z
2026-09-21,TDM,59.0,61.9,59.0,59.1,34600,KBS,2026-10-09T04:39:47Z
2026-09-23,TDM,58.7,59.0,58.7,59.0,1000,KBS,2026-10-09T04:39:47Z
2026-09-28,TDM,58.5,61.0,58.5,61.0,500,KBS,2026-10-09T04:39:47Z
2026-09-29,TDM,58.6,58.6,58.6,58.6,400,KBS,2026-10-09T04:39:47Z
2026-10-05,TDM,58.7,59.8,58.6,59.8,300,KBS,2026-10-09T04:39:47Z
2026-10-06,TDM,59.8,59.8,59.8,59.8,1000,KBS,2026-10-09T04:39:47Z
2026-10-07,TDM,58.5,58.5,58.5,58.5,500,KBS,2026-10-09T04:39:47Z
2026-10-09,TDM,58.5,58.5,58.5,58.5,100,KBS,2026-10-09T04:39:47Z
