date,symbol,open,high,low,close,volume,source,fetched_at
2018-10-11,TIS,13.0,13.2,13.0,13.2,610,KBS,2026-10-09T05:29:53Z
2018-10-12,TIS,13.4,13.5,13.4,13.5,65300,KBS,2026-10-09T05:29:53Z
2018-10-15,TIS,13.4,13.5,13.4,13.5,60100,KBS,2026-10-09T05:29:53Z
2018-10-16,TIS,13.4,13.5,13.4,13.5,77600,KBS,2026-10-09T05:29:53Z
2018-10-17,TIS,13.5,13.7,13.5,13.7,184000,KBS,2026-10-09T05:29:53Z
2018-10-18,TIS,13.2,13.4,13.2,13.4,9800,KBS,2026-10-09T05:29:53Z
2018-10-19,TIS,13.1,13.1,13.1,13.1,2400,KBS,2026-10-09T05:29:53Z
2018-10-22,TIS,13.7,13.7,13.4,13.4,7000,KBS,2026-10-09T05:29:53Z
2018-10-23,TIS,13.4,13.5,13.3,13.5,29700,KBS,2026-10-09T05:29:53Z
2018-10-25,TIS,13.3,13.3,13.2,13.3,16100,KBS,2026-10-09T05:29:53Z
2018-10-26,TIS,13.1,13.3,13.1,13.3,2900,KBS,2026-10-09T05:29:53Z
2018-10-29,TIS,13.3,13.3,13.3,13.3,10000,KBS,2026-10-09T05:29:53Z
2018-10-30,TIS,13.2,13.2,13.2,13.2,1700,KBS,2026-10-09T05:29:53Z
2018-10-31,TIS,13.3,13.3,13.3,13.3,400,KBS,2026-10-09T05:29:53Z
2018-11-01,TIS,13.2,13.2,13.2,13.2,3000,KBS,2026-10-09T05:29:53Z
2018-11-02,TIS,13.3,13.3,13.3,13.3,13500,KBS,2026-10-09T05:29:53Z
2018-11-05,TIS,13.1,13.5,13.1,13.5,36200,KBS,2026-10-09T05:29:53Z
2018-11-06,TIS,13.4,13.5,13.3,13.4,38400,KBS,2026-10-09T05:29:53Z
2018-11-07,TIS,13.2,13.5,13.2,13.5,15000,KBS,2026-10-09T05:29:53Z
2018-11-08,TIS,13.2,13.6,13.0,13.0,69000,KBS,2026-10-09T05:29:53Z
2018-11-09,TIS,13.0,13.0,13.0,13.0,19200,KBS,2026-10-09T05:29:53Z
2018-11-12,TIS,13.0,13.0,13.0,13.0,2100,KBS,2026-10-09T05:29:53Z
2018-11-13,TIS,13.0,13.0,12.9,13.0,2400,KBS,2026-10-09T05:29:53Z
2018-11-14,TIS,13.0,13.0,13.0,13.0,27200,KBS,2026-10-09T05:29:53Z
2018-11-15,TIS,13.0,13.0,13.0,13.0,14600,KBS,2026-10-09T05:29:53Z
2018-11-16,TIS,13.5,13.5,13.5,13.5,100,KBS,2026-10-09T05:29:53Z
2018-11-19,TIS,12.8,12.9,12.7,12.9,14800,KBS,2026-10-09T05:29:53Z
2018-11-20,TIS,12.7,12.9,12.7,12.9,19400,KBS,2026-10-09T05:29:53Z
2018-11-21,TIS,12.6,12.6,12.6,12.6,5000,KBS,2026-10-09T05:29:53Z
2018-11-22,TIS,12.7,12.7,12.7,12.7,100,KBS,2026-10-09T05:29:53Z
2018-11-23,TIS,12.6,12.6,12.6,12.6,300,KBS,2026-10-09T05:29:53Z
2018-11-26,TIS,12.6,12.6,12.6,12.6,3000,KBS,2026-10-09T05:29:53Z
2018-11-27,TIS,12.6,12.6,12.6,12.6,1500,KBS,2026-10-09T05:29:53Z
2018-11-28,TIS,12.6,12.6,11.1,11.1,22400,KBS,2026-10-09T05:29:53Z
2018-11-29,TIS,11.5,11.5,11.5,11.5,5080,KBS,2026-10-09T05:29:53Z
2018-11-30,TIS,11.6,11.6,11.6,11.6,2000,KBS,2026-10-09T05:29:53Z
2018-12-03,TIS,11.6,13.3,11.6,11.8,5900,KBS,2026-10-09T05:29:53Z
2018-12-04,TIS,10.9,10.9,10.5,10.9,5100,KBS,2026-10-09T05:29:53Z
2018-12-05,TIS,10.9,11.3,10.9,11.3,6900,KBS,2026-10-09T05:29:53Z
2018-12-06,TIS,10.5,10.9,10.5,10.9,12200,KBS,2026-10-09T05:29:53Z
2018-12-07,TIS,10.7,10.9,10.7,10.7,11100,KBS,2026-10-09T05:29:53Z
2018-12-10,TIS,10.5,10.5,10.5,10.5,5120,KBS,2026-10-09T05:29:53Z
2018-12-11,TIS,10.5,10.5,10.5,10.5,2400,KBS,2026-10-09T05:29:53Z
2018-12-12,TIS,11.0,11.0,10.7,10.7,3500,KBS,2026-10-09T05:29:53Z
2018-12-13,TIS,12.0,12.0,10.6,10.6,3100,KBS,2026-10-09T05:29:53Z
2018-12-14,TIS,10.7,10.7,10.7,10.7,1200,KBS,2026-10-09T05:29:53Z
2018-12-18,TIS,10.7,10.7,10.7,10.7,5400,KBS,2026-10-09T05:29:53Z
2018-12-20,TIS,11.5,12.3,10.4,10.4,6700,KBS,2026-10-09T05:29:53Z
2018-12-21,TIS,10.7,10.7,10.6,10.6,5000,KBS,2026-10-09T05:29:53Z
2018-12-24,TIS,10.7,10.7,10.7,10.7,1000,KBS,2026-10-09T05:29:53Z
2018-12-25,TIS,10.5,10.6,10.5,10.6,1700,KBS,2026-10-09T05:29:53Z
2018-12-26,TIS,10.5,10.6,10.5,10.6,14300,KBS,2026-10-09T05:29:53Z
2018-12-28,TIS,10.5,10.5,9.5,10.0,5400,KBS,2026-10-09T05:29:53Z
2019-01-03,TIS,10.1,10.1,9.7,9.7,2000,KBS,2026-10-09T05:29:53Z
2019-01-04,TIS,10.5,10.7,9.9,10.0,53300,KBS,2026-10-09T05:29:53Z
2019-01-07,TIS,10.2,11.0,10.2,10.3,26800,KBS,2026-10-09T05:29:53Z
2019-01-08,TIS,10.0,11.0,10.0,10.4,42400,KBS,2026-10-09T05:29:53Z
2019-01-09,TIS,10.4,10.5,10.4,10.5,15600,KBS,2026-10-09T05:29:53Z
2019-01-10,TIS,10.4,10.8,10.4,10.4,115000,KBS,2026-10-09T05:29:53Z
2019-01-11,TIS,10.4,10.4,10.4,10.4,13000,KBS,2026-10-09T05:29:53Z
2019-01-14,TIS,10.4,10.6,10.4,10.5,21400,KBS,2026-10-09T05:29:53Z
2019-01-15,TIS,10.5,10.5,10.5,10.5,4700,KBS,2026-10-09T05:29:53Z
2019-01-16,TIS,10.4,10.7,10.4,10.5,28100,KBS,2026-10-09T05:29:53Z
2019-01-17,TIS,10.6,10.7,10.5,10.6,22000,KBS,2026-10-09T05:29:53Z
2019-01-18,TIS,10.7,11.0,10.6,10.6,14500,KBS,2026-10-09T05:29:53Z
2019-01-21,TIS,10.0,10.5,10.0,10.4,8500,KBS,2026-10-09T05:29:53Z
2019-01-22,TIS,10.5,10.5,10.5,10.5,100,KBS,2026-10-09T05:29:53Z
2019-01-23,TIS,10.5,10.5,10.4,10.5,11800,KBS,2026-10-09T05:29:53Z
2019-01-24,TIS,10.5,10.6,10.5,10.6,16800,KBS,2026-10-09T05:29:53Z
2019-01-25,TIS,10.3,10.5,10.3,10.5,1800,KBS,2026-10-09T05:29:53Z
2019-01-29,TIS,10.6,10.7,10.6,10.7,10000,KBS,2026-10-09T05:29:53Z
2019-01-30,TIS,10.7,10.7,10.3,10.7,43600,KBS,2026-10-09T05:29:53Z
2019-01-31,TIS,10.6,10.9,10.6,10.9,2300,KBS,2026-10-09T05:29:53Z
2019-02-01,TIS,10.9,10.9,10.6,10.6,3500,KBS,2026-10-09T05:29:53Z
2019-02-11,TIS,10.6,10.7,10.6,10.7,8100,KBS,2026-10-09T05:29:53Z
2019-02-12,TIS,10.6,10.6,10.6,10.6,5000,KBS,2026-10-09T05:29:53Z
2019-02-13,TIS,10.8,10.8,10.3,10.3,2300,KBS,2026-10-09T05:29:53Z
2019-02-14,TIS,10.5,10.5,10.5,10.5,5000,KBS,2026-10-09T05:29:53Z
2019-02-15,TIS,10.0,10.0,10.0,10.0,2000,KBS,2026-10-09T05:29:53Z
2019-02-18,TIS,10.7,10.7,10.1,10.1,20000,KBS,2026-10-09T05:29:53Z
2019-02-19,TIS,10.5,10.8,10.5,10.6,7100,KBS,2026-10-09T05:29:53Z
2019-02-22,TIS,10.6,10.6,10.6,10.6,15000,KBS,2026-10-09T05:29:53Z
2019-02-25,TIS,10.7,10.8,10.6,10.6,41500,KBS,2026-10-09T05:29:53Z
2019-02-26,TIS,10.8,10.8,10.7,10.7,300,KBS,2026-10-09T05:29:53Z
2019-02-27,TIS,10.7,10.7,10.7,10.7,13000,KBS,2026-10-09T05:29:53Z
2019-02-28,TIS,10.8,10.8,10.6,10.6,600,KBS,2026-10-09T05:29:53Z
2019-03-04,TIS,10.6,10.9,10.6,10.9,81200,KBS,2026-10-09T05:29:53Z
2019-03-05,TIS,10.8,10.9,10.8,10.9,25900,KBS,2026-10-09T05:29:53Z
2019-03-06,TIS,10.9,10.9,10.9,10.9,28700,KBS,2026-10-09T05:29:53Z
2019-03-07,TIS,10.9,10.9,10.9,10.9,45100,KBS,2026-10-09T05:29:53Z
2019-03-08,TIS,11.0,11.0,10.8,10.8,600,KBS,2026-10-09T05:29:53Z
2019-03-11,TIS,10.6,10.6,10.6,10.6,100,KBS,2026-10-09T05:29:53Z
2019-03-12,TIS,10.7,10.9,10.7,10.9,10100,KBS,2026-10-09T05:29:53Z
2019-03-13,TIS,10.5,10.5,10.5,10.5,50500,KBS,2026-10-09T05:29:53Z
2019-03-14,TIS,10.7,10.7,10.6,10.6,29500,KBS,2026-10-09T05:29:53Z
2019-03-19,TIS,10.5,10.7,10.5,10.7,39000,KBS,2026-10-09T05:29:53Z
2019-03-20,TIS,10.4,10.4,10.4,10.4,200,KBS,2026-10-09T05:29:53Z
2019-03-21,TIS,10.6,10.7,10.6,10.7,26100,KBS,2026-10-09T05:29:53Z
2019-03-22,TIS,10.4,10.4,10.4,10.4,400,KBS,2026-10-09T05:29:53Z
2019-03-26,TIS,10.7,10.7,10.7,10.7,37000,KBS,2026-10-09T05:29:53Z
2019-03-28,TIS,10.4,10.4,10.4,10.4,3700,KBS,2026-10-09T05:29:53Z
2019-03-29,TIS,10.2,10.2,10.2,10.2,8300,KBS,2026-10-09T05:29:53Z
2019-04-02,TIS,10.3,10.3,10.3,10.3,1400,KBS,2026-10-09T05:29:53Z
2019-04-04,TIS,10.9,10.9,10.3,10.3,15700,KBS,2026-10-09T05:29:53Z
2019-04-05,TIS,10.5,10.5,10.5,10.5,1000,KBS,2026-10-09T05:29:53Z
2019-04-08,TIS,10.2,10.2,10.2,10.2,600,KBS,2026-10-09T05:29:53Z
2019-04-11,TIS,10.2,10.2,10.2,10.2,10,KBS,2026-10-09T05:29:53Z
2019-04-16,TIS,10.2,10.5,10.2,10.5,20300,KBS,2026-10-09T05:29:53Z
2019-04-17,TIS,10.5,10.5,10.5,10.5,18800,KBS,2026-10-09T05:29:53Z
2019-04-19,TIS,10.5,10.6,10.3,10.3,26200,KBS,2026-10-09T05:29:53Z
2019-04-22,TIS,10.5,10.5,10.5,10.5,2900,KBS,2026-10-09T05:29:53Z
2019-04-23,TIS,10.5,10.5,10.5,10.5,186700,KBS,2026-10-09T05:29:53Z
2019-04-24,TIS,9.5,9.5,9.5,9.5,17000,KBS,2026-10-09T05:29:53Z
2019-04-25,TIS,9.5,9.5,9.5,9.5,2200,KBS,2026-10-09T05:29:53Z
2019-05-03,TIS,10.0,10.1,10.0,10.1,2500,KBS,2026-10-09T05:29:53Z
2019-05-06,TIS,9.0,10.0,9.0,10.0,1100,KBS,2026-10-09T05:29:53Z
2019-05-27,TIS,10.0,10.0,10.0,10.0,100,KBS,2026-10-09T05:29:53Z
2019-05-28,TIS,10.2,10.3,10.2,10.2,24200,KBS,2026-10-09T05:29:53Z
2019-05-29,TIS,10.5,10.6,10.5,10.6,23710,KBS,2026-10-09T05:29:53Z
2019-05-30,TIS,10.6,11.2,10.0,11.2,48000,KBS,2026-10-09T05:29:53Z
2019-05-31,TIS,10.2,10.2,10.2,10.2,1000,KBS,2026-10-09T05:29:53Z
2019-06-06,TIS,11.0,11.0,11.0,11.0,100,KBS,2026-10-09T05:29:53Z
2019-06-10,TIS,10.8,11.0,10.8,11.0,300,KBS,2026-10-09T05:29:53Z
2019-06-14,TIS,10.0,10.0,10.0,10.0,100,KBS,2026-10-09T05:29:53Z
2019-06-25,TIS,11.0,11.0,11.0,11.0,100,KBS,2026-10-09T05:29:53Z
2019-06-26,TIS,10.1,10.1,10.1,10.1,400,KBS,2026-10-09T05:29:53Z
2019-07-08,TIS,10.1,10.1,10.1,10.1,2100,KBS,2026-10-09T05:29:53Z
2019-07-09,TIS,10.1,10.1,10.1,10.1,6000,KBS,2026-10-09T05:29:53Z
2019-07-10,TIS,10.5,10.5,10.5,10.5,2000,KBS,2026-10-09T05:29:53Z
2019-07-19,TIS,10.5,10.5,10.5,10.5,2600,KBS,2026-10-09T05:29:53Z
2019-07-23,TIS,10.5,10.5,10.5,10.5,13500,KBS,2026-10-09T05:29:53Z
2019-07-24,TIS,10.5,10.5,10.5,10.5,79200,KBS,2026-10-09T05:29:53Z
2019-07-25,TIS,10.0,10.5,10.0,10.5,41000,KBS,2026-10-09T05:29:53Z
2019-07-29,TIS,10.5,10.5,10.5,10.5,15000,KBS,2026-10-09T05:29:53Z
2019-08-02,TIS,10.5,10.5,10.5,10.5,10000,KBS,2026-10-09T05:29:53Z
2019-08-05,TIS,10.5,10.5,10.5,10.5,9700,KBS,2026-10-09T05:29:53Z
2019-08-06,TIS,10.7,10.7,10.6,10.6,10800,KBS,2026-10-09T05:29:53Z
2019-08-07,TIS,10.6,10.6,10.6,10.6,1100,KBS,2026-10-09T05:29:53Z
2019-08-08,TIS,10.8,10.8,10.8,10.8,1000,KBS,2026-10-09T05:29:53Z
2019-08-09,TIS,10.8,11.0,10.8,11.0,17700,KBS,2026-10-09T05:29:53Z
2019-08-16,TIS,10.9,11.0,10.9,11.0,1500,KBS,2026-10-09T05:29:53Z
2019-08-19,TIS,11.0,11.0,11.0,11.0,3600,KBS,2026-10-09T05:29:53Z
2019-08-20,TIS,11.0,11.0,11.0,11.0,30000,KBS,2026-10-09T05:29:53Z
2019-08-21,TIS,10.5,11.0,10.5,11.0,4600,KBS,2026-10-09T05:29:53Z
2019-08-27,TIS,9.6,9.6,9.6,9.6,330,KBS,2026-10-09T05:29:53Z
2019-08-30,TIS,10.0,10.0,10.0,10.0,100,KBS,2026-10-09T05:29:53Z
2019-09-04,TIS,10.0,10.0,10.0,10.0,2530,KBS,2026-10-09T05:29:53Z
2019-09-17,TIS,10.2,10.2,10.2,10.2,3000,KBS,2026-10-09T05:29:53Z
2019-09-23,TIS,10.2,10.2,10.2,10.2,600,KBS,2026-10-09T05:29:53Z
2019-09-26,TIS,10.2,10.2,10.2,10.2,8000,KBS,2026-10-09T05:29:53Z
2019-09-27,TIS,10.2,10.2,10.2,10.2,8000,KBS,2026-10-09T05:29:53Z
2019-09-30,TIS,10.2,10.2,10.2,10.2,1000,KBS,2026-10-09T05:29:53Z
2019-10-01,TIS,10.2,10.2,10.2,10.2,2000,KBS,2026-10-09T05:29:53Z
2019-10-11,TIS,10.0,10.0,10.0,10.0,100,KBS,2026-10-09T05:29:53Z
2019-10-14,TIS,8.6,8.6,8.6,8.6,100,KBS,2026-10-09T05:29:53Z
2019-10-23,TIS,8.6,8.6,8.6,8.6,30,KBS,2026-10-09T05:29:53Z
2019-11-11,TIS,8.0,8.0,8.0,8.0,7800,KBS,2026-10-09T05:29:53Z
2019-11-13,TIS,7.5,7.5,7.5,7.5,3500,KBS,2026-10-09T05:29:53Z
2019-11-14,TIS,8.0,8.0,8.0,8.0,200,KBS,2026-10-09T05:29:53Z
2019-11-15,TIS,9.0,9.0,9.0,9.0,7600,KBS,2026-10-09T05:29:53Z
2019-11-18,TIS,10.0,10.0,10.0,10.0,200,KBS,2026-10-09T05:29:53Z
2019-11-26,TIS,10.0,10.0,10.0,10.0,900,KBS,2026-10-09T05:29:53Z
2019-12-19,TIS,10.5,10.5,10.5,10.5,5300,KBS,2026-10-09T05:29:53Z
2019-12-23,TIS,9.0,9.0,9.0,9.0,3300,KBS,2026-10-09T05:29:53Z
2019-12-26,TIS,10.3,10.3,10.3,10.3,100,KBS,2026-10-09T05:29:53Z
2019-12-27,TIS,11.8,11.8,11.8,11.8,100,KBS,2026-10-09T05:29:53Z
2019-12-31,TIS,13.5,13.5,13.5,13.5,100,KBS,2026-10-09T05:29:53Z
2020-01-02,TIS,15.5,15.5,15.5,15.5,100,KBS,2026-10-09T05:29:53Z
2020-01-08,TIS,13.2,13.2,13.2,13.2,100,KBS,2026-10-09T05:29:53Z
2020-01-09,TIS,15.1,15.1,11.3,11.3,1300,KBS,2026-10-09T05:29:53Z
2020-01-10,TIS,13.3,13.3,9.9,9.9,500,KBS,2026-10-09T05:29:53Z
2020-01-13,TIS,12.1,12.1,12.1,12.1,100,KBS,2026-10-09T05:29:53Z
2020-01-15,TIS,10.3,10.3,10.3,10.3,100,KBS,2026-10-09T05:29:53Z
2020-01-16,TIS,11.7,11.7,11.7,11.7,100,KBS,2026-10-09T05:29:53Z
2020-01-17,TIS,13.4,13.4,10.1,10.1,200,KBS,2026-10-09T05:29:53Z
2020-01-21,TIS,10.1,10.1,10.1,10.1,1300,KBS,2026-10-09T05:29:53Z
2020-01-22,TIS,10.1,10.1,10.1,10.1,20,KBS,2026-10-09T05:29:53Z
2020-01-30,TIS,10.1,10.1,10.1,10.1,100,KBS,2026-10-09T05:29:53Z
2020-02-04,TIS,10.1,10.1,10.1,10.1,40,KBS,2026-10-09T05:29:53Z
2020-02-12,TIS,10.9,10.9,10.9,10.9,100,KBS,2026-10-09T05:29:53Z
2020-02-17,TIS,9.4,10.1,9.4,10.1,700,KBS,2026-10-09T05:29:53Z
2020-02-20,TIS,8.6,8.6,8.6,8.6,100,KBS,2026-10-09T05:29:53Z
2020-02-21,TIS,9.5,9.5,9.5,9.5,3700,KBS,2026-10-09T05:29:53Z
2020-02-24,TIS,9.9,9.9,9.9,9.9,100,KBS,2026-10-09T05:29:53Z
2020-02-26,TIS,11.3,11.3,8.5,8.5,200,KBS,2026-10-09T05:29:53Z
2020-03-03,TIS,10.0,10.0,10.0,10.0,100,KBS,2026-10-09T05:29:53Z
2020-03-04,TIS,9.5,9.5,9.5,9.5,8700,KBS,2026-10-09T05:29:53Z
2020-03-06,TIS,8.1,8.1,8.1,8.1,100,KBS,2026-10-09T05:29:53Z
2020-03-09,TIS,6.9,6.9,6.9,6.9,100,KBS,2026-10-09T05:29:53Z
2020-03-11,TIS,5.9,5.9,5.9,5.9,100,KBS,2026-10-09T05:29:53Z
2020-03-13,TIS,5.2,5.2,5.2,5.2,100,KBS,2026-10-09T05:29:53Z
2020-03-19,TIS,5.9,5.9,5.9,5.9,100,KBS,2026-10-09T05:29:53Z
2020-03-20,TIS,6.7,6.7,6.7,6.7,100,KBS,2026-10-09T05:29:53Z
2020-03-23,TIS,7.7,7.7,7.7,7.7,1000,KBS,2026-10-09T05:29:53Z
2020-03-26,TIS,8.8,8.8,8.8,8.8,100,KBS,2026-10-09T05:29:53Z
2020-03-27,TIS,10.0,10.0,10.0,10.0,100,KBS,2026-10-09T05:29:53Z
2020-03-30,TIS,11.5,11.5,8.5,8.5,300,KBS,2026-10-09T05:29:53Z
2020-03-31,TIS,10.9,10.9,10.9,10.9,100,KBS,2026-10-09T05:29:53Z
2020-04-01,TIS,12.5,12.5,12.5,12.5,100,KBS,2026-10-09T05:29:53Z
2020-04-03,TIS,10.7,10.7,10.7,10.7,100,KBS,2026-10-09T05:29:53Z
2020-04-06,TIS,9.1,9.1,9.1,9.1,150,KBS,2026-10-09T05:29:53Z
2020-04-07,TIS,10.4,10.4,7.8,7.8,300,KBS,2026-10-09T05:29:53Z
2020-04-08,TIS,10.0,10.0,10.0,10.0,100,KBS,2026-10-09T05:29:53Z
2020-04-10,TIS,8.5,11.5,8.5,8.5,300,KBS,2026-10-09T05:29:53Z
2020-04-13,TIS,8.1,8.1,8.1,8.1,300,KBS,2026-10-09T05:29:53Z
2020-04-14,TIS,9.3,9.3,7.3,7.3,700,KBS,2026-10-09T05:29:53Z
2020-04-15,TIS,8.5,8.5,7.3,7.3,7100,KBS,2026-10-09T05:29:53Z
2020-04-16,TIS,7.2,7.2,7.2,7.2,300,KBS,2026-10-09T05:29:53Z
2020-04-17,TIS,8.2,8.2,7.3,7.3,250,KBS,2026-10-09T05:29:53Z
2020-04-20,TIS,7.4,7.4,7.4,7.4,400,KBS,2026-10-09T05:29:53Z
2020-04-21,TIS,7.4,7.4,7.4,7.4,200,KBS,2026-10-09T05:29:53Z
2020-04-23,TIS,7.1,7.1,7.1,7.1,100,KBS,2026-10-09T05:29:53Z
2020-04-27,TIS,8.1,8.1,8.1,8.1,500,KBS,2026-10-09T05:29:53Z
2020-04-28,TIS,9.2,9.2,9.2,9.2,3000,KBS,2026-10-09T05:29:53Z
2020-05-04,TIS,9.2,10.4,9.2,10.4,6000,KBS,2026-10-09T05:29:53Z
2020-05-06,TIS,10.0,11.6,9.0,9.0,6700,KBS,2026-10-09T05:29:53Z
2020-05-11,TIS,12.6,12.6,9.5,10.5,5600,KBS,2026-10-09T05:29:53Z
2020-05-12,TIS,12.1,12.1,10.5,10.5,300,KBS,2026-10-09T05:29:53Z
2020-05-26,TIS,9.8,13.0,9.8,13.0,10700,KBS,2026-10-09T05:29:53Z
2020-05-27,TIS,11.1,11.1,11.1,11.1,100,KBS,2026-10-09T05:29:53Z
2020-05-28,TIS,11.1,11.1,11.1,11.1,50,KBS,2026-10-09T05:29:53Z
2020-06-02,TIS,11.1,12.6,9.5,9.5,6100,KBS,2026-10-09T05:29:53Z
2020-06-04,TIS,10.1,10.1,10.1,10.1,200,KBS,2026-10-09T05:29:53Z
2020-06-05,TIS,10.0,10.0,10.0,10.0,400,KBS,2026-10-09T05:29:53Z
2020-06-09,TIS,8.7,10.0,8.7,10.0,2300,KBS,2026-10-09T05:29:53Z
2020-06-11,TIS,10.0,11.2,10.0,11.2,3100,KBS,2026-10-09T05:29:53Z
2020-06-16,TIS,9.6,12.8,9.6,12.8,7400,KBS,2026-10-09T05:29:53Z
2020-06-19,TIS,11.6,14.0,10.5,10.5,63700,KBS,2026-10-09T05:29:53Z
2020-06-30,TIS,15.1,15.1,11.4,11.4,3100,KBS,2026-10-09T05:29:53Z
2020-07-01,TIS,11.1,11.1,11.1,11.1,18700,KBS,2026-10-09T05:29:53Z
2020-07-02,TIS,9.6,9.6,9.6,9.6,500,KBS,2026-10-09T05:29:53Z
2020-07-03,TIS,8.5,10.0,8.5,10.0,2100,KBS,2026-10-09T05:29:53Z
2020-07-10,TIS,9.9,9.9,9.9,9.9,200,KBS,2026-10-09T05:29:53Z
2020-07-13,TIS,9.9,9.9,9.9,9.9,1000,KBS,2026-10-09T05:29:53Z
2020-07-16,TIS,9.9,9.9,9.9,9.9,500,KBS,2026-10-09T05:29:53Z
2020-07-21,TIS,9.8,9.8,9.8,9.8,100,KBS,2026-10-09T05:29:53Z
2020-08-24,TIS,8.5,8.5,8.5,8.5,1000,KBS,2026-10-09T05:29:53Z
2020-08-25,TIS,8.5,8.5,7.5,7.5,2900,KBS,2026-10-09T05:29:53Z
2020-08-26,TIS,8.0,8.0,8.0,8.0,2200,KBS,2026-10-09T05:29:53Z
2020-08-27,TIS,9.1,9.1,9.1,9.1,700,KBS,2026-10-09T05:29:53Z
2020-08-31,TIS,8.2,8.2,8.2,8.2,900,KBS,2026-10-09T05:29:53Z
2020-09-01,TIS,8.8,8.8,8.8,8.8,100,KBS,2026-10-09T05:29:53Z
2020-09-04,TIS,8.8,8.8,8.8,8.8,100,KBS,2026-10-09T05:29:53Z
2020-09-09,TIS,8.8,8.8,8.8,8.8,200,KBS,2026-10-09T05:29:53Z
2020-09-10,TIS,8.8,8.8,8.8,8.8,200,KBS,2026-10-09T05:29:53Z
2020-09-15,TIS,7.8,7.8,7.8,7.8,100,KBS,2026-10-09T05:29:53Z
2020-09-16,TIS,7.8,7.8,7.8,7.8,200,KBS,2026-10-09T05:29:53Z
2020-09-17,TIS,7.8,7.8,7.8,7.8,100,KBS,2026-10-09T05:29:53Z
2020-09-21,TIS,8.9,8.9,8.9,8.9,100,KBS,2026-10-09T05:29:53Z
2020-09-22,TIS,10.2,10.2,10.2,10.2,100,KBS,2026-10-09T05:29:53Z
2020-09-23,TIS,8.7,8.7,8.7,8.7,200,KBS,2026-10-09T05:29:53Z
2020-09-24,TIS,8.7,8.7,8.7,8.7,100,KBS,2026-10-09T05:29:53Z
2020-09-25,TIS,8.7,8.7,8.7,8.7,100,KBS,2026-10-09T05:29:53Z
2020-09-30,TIS,8.6,8.6,8.6,8.6,100,KBS,2026-10-09T05:29:53Z
2020-10-13,TIS,7.7,7.7,7.7,7.7,100,KBS,2026-10-09T05:29:53Z
2020-10-15,TIS,8.0,8.0,8.0,8.0,100,KBS,2026-10-09T05:29:53Z
2020-10-20,TIS,8.5,8.5,8.5,8.5,100,KBS,2026-10-09T05:29:53Z
2020-10-21,TIS,8.8,8.8,8.8,8.8,3700,KBS,2026-10-09T05:29:53Z
2020-10-22,TIS,8.8,8.8,8.8,8.8,100,KBS,2026-10-09T05:29:53Z
2020-10-23,TIS,8.8,10.1,8.8,8.9,700,KBS,2026-10-09T05:29:53Z
2020-11-09,TIS,9.5,9.5,9.5,9.5,100,KBS,2026-10-09T05:29:53Z
2020-11-16,TIS,9.5,9.5,9.5,9.5,500,KBS,2026-10-09T05:29:53Z
2020-11-18,TIS,10.9,10.9,10.9,10.9,500,KBS,2026-10-09T05:29:53Z
2020-11-19,TIS,10.5,11.0,10.5,11.0,6400,KBS,2026-10-09T05:29:53Z
2020-11-25,TIS,9.1,9.1,9.1,9.1,100,KBS,2026-10-09T05:29:53Z
2020-11-30,TIS,10.3,10.3,10.3,10.3,100,KBS,2026-10-09T05:29:53Z
2020-12-03,TIS,11.8,11.8,11.8,11.8,500,KBS,2026-10-09T05:29:53Z
2020-12-04,TIS,13.3,13.3,11.8,11.8,600,KBS,2026-10-09T05:29:53Z
2020-12-07,TIS,11.7,11.7,11.2,11.2,1600,KBS,2026-10-09T05:29:53Z
2020-12-09,TIS,9.7,9.7,9.7,9.7,1200,KBS,2026-10-09T05:29:53Z
2020-12-14,TIS,9.0,9.0,9.0,9.0,3000,KBS,2026-10-09T05:29:53Z
2020-12-15,TIS,10.3,10.3,10.2,10.2,620,KBS,2026-10-09T05:29:53Z
2020-12-16,TIS,9.0,9.0,9.0,9.0,5600,KBS,2026-10-09T05:29:53Z
2020-12-17,TIS,10.2,10.2,10.2,10.2,3000,KBS,2026-10-09T05:29:53Z
2020-12-18,TIS,10.2,11.7,10.2,10.7,4500,KBS,2026-10-09T05:29:53Z
2020-12-21,TIS,13.0,13.0,10.5,10.5,10000,KBS,2026-10-09T05:29:53Z
2020-12-22,TIS,11.3,12.8,11.0,11.0,34800,KBS,2026-10-09T05:29:53Z
2020-12-23,TIS,13.5,13.5,12.7,12.8,67920,KBS,2026-10-09T05:29:53Z
2020-12-24,TIS,13.0,13.4,11.2,11.2,48400,KBS,2026-10-09T05:29:53Z
2020-12-25,TIS,12.9,12.9,11.5,11.5,35800,KBS,2026-10-09T05:29:53Z
2020-12-28,TIS,13.7,13.7,11.8,11.9,24500,KBS,2026-10-09T05:29:53Z
2020-12-29,TIS,13.0,13.0,11.8,11.8,34800,KBS,2026-10-09T05:29:53Z
2020-12-30,TIS,11.8,11.8,11.4,11.4,21000,KBS,2026-10-09T05:29:53Z
2020-12-31,TIS,12.2,13.1,11.0,11.0,26701,KBS,2026-10-09T05:29:53Z
2021-01-04,TIS,10.9,11.1,10.9,10.9,9919,KBS,2026-10-09T05:29:53Z
2021-01-05,TIS,10.9,11.9,10.9,11.5,13400,KBS,2026-10-09T05:29:53Z
2021-01-06,TIS,11.0,11.0,10.6,10.6,9700,KBS,2026-10-09T05:29:53Z
2021-01-07,TIS,11.0,11.0,11.0,11.0,2900,KBS,2026-10-09T05:29:53Z
2021-01-08,TIS,11.0,11.0,11.0,11.0,1400,KBS,2026-10-09T05:29:53Z
2021-01-11,TIS,11.4,11.4,11.2,11.2,3409,KBS,2026-10-09T05:29:53Z
2021-01-12,TIS,11.0,11.0,11.0,11.0,300,KBS,2026-10-09T05:29:53Z
2021-01-13,TIS,10.5,10.5,10.5,10.5,6000,KBS,2026-10-09T05:29:53Z
2021-01-14,TIS,10.9,10.9,10.9,10.9,800,KBS,2026-10-09T05:29:53Z
2021-01-15,TIS,10.9,10.9,10.0,10.5,5800,KBS,2026-10-09T05:29:53Z
2021-01-18,TIS,10.0,10.6,10.0,10.6,4400,KBS,2026-10-09T05:29:53Z
2021-01-19,TIS,10.5,10.5,10.3,10.3,6100,KBS,2026-10-09T05:29:53Z
2021-01-21,TIS,11.0,11.0,10.5,10.5,1300,KBS,2026-10-09T05:29:53Z
2021-01-22,TIS,10.5,10.5,10.5,10.5,300,KBS,2026-10-09T05:29:53Z
2021-01-25,TIS,10.0,10.0,10.0,10.0,6000,KBS,2026-10-09T05:29:53Z
2021-01-26,TIS,9.3,9.3,9.3,9.3,300,KBS,2026-10-09T05:29:53Z
2021-01-27,TIS,10.0,10.0,10.0,10.0,1900,KBS,2026-10-09T05:29:53Z
2021-01-28,TIS,9.0,9.0,9.0,9.0,5600,KBS,2026-10-09T05:29:53Z
2021-01-29,TIS,10.2,10.2,10.2,10.2,2600,KBS,2026-10-09T05:29:53Z
2021-02-09,TIS,10.2,10.2,10.2,10.2,300,KBS,2026-10-09T05:29:53Z
2021-02-18,TIS,10.2,10.2,10.2,10.2,500,KBS,2026-10-09T05:29:53Z
2021-02-19,TIS,10.1,10.1,9.8,10.0,6300,KBS,2026-10-09T05:29:53Z
2021-02-22,TIS,9.9,10.0,9.8,10.0,2000,KBS,2026-10-09T05:29:53Z
2021-02-23,TIS,10.0,10.0,9.9,9.9,1300,KBS,2026-10-09T05:29:53Z
2021-02-24,TIS,10.0,10.0,10.0,10.0,4100,KBS,2026-10-09T05:29:53Z
2021-02-25,TIS,9.5,9.5,9.5,9.5,1000,KBS,2026-10-09T05:29:53Z
2021-02-26,TIS,9.5,10.0,9.5,10.0,3700,KBS,2026-10-09T05:29:53Z
2021-03-01,TIS,10.0,10.0,10.0,10.0,5900,KBS,2026-10-09T05:29:53Z
2021-03-03,TIS,10.5,10.5,10.5,10.5,100,KBS,2026-10-09T05:29:53Z
2021-03-04,TIS,10.6,10.6,10.0,10.5,6400,KBS,2026-10-09T05:29:53Z
2021-03-05,TIS,10.5,10.5,10.5,10.5,8300,KBS,2026-10-09T05:29:53Z
2021-03-08,TIS,10.5,10.5,10.5,10.5,1000,KBS,2026-10-09T05:29:53Z
2021-03-09,TIS,9.2,10.4,9.2,10.4,1000,KBS,2026-10-09T05:29:53Z
2021-03-10,TIS,10.5,10.5,10.4,10.5,18200,KBS,2026-10-09T05:29:53Z
2021-03-11,TIS,10.4,10.4,9.3,9.3,2900,KBS,2026-10-09T05:29:53Z
2021-03-12,TIS,10.0,10.0,10.0,10.0,3100,KBS,2026-10-09T05:29:53Z
2021-03-15,TIS,10.3,10.3,10.3,10.3,200,KBS,2026-10-09T05:29:53Z
2021-03-17,TIS,9.1,9.8,9.1,9.8,10800,KBS,2026-10-09T05:29:53Z
2021-03-18,TIS,10.5,10.5,10.5,10.5,100,KBS,2026-10-09T05:29:53Z
2021-03-22,TIS,10.2,10.2,9.5,9.5,400,KBS,2026-10-09T05:29:53Z
2021-03-23,TIS,9.9,9.9,9.2,9.7,6100,KBS,2026-10-09T05:29:53Z
2021-03-24,TIS,9.8,9.8,9.8,9.8,2500,KBS,2026-10-09T05:29:53Z
2021-03-25,TIS,9.8,9.8,9.8,9.8,400,KBS,2026-10-09T05:29:53Z
2021-03-26,TIS,9.5,9.5,9.5,9.5,200,KBS,2026-10-09T05:29:53Z
2021-03-29,TIS,10.4,10.4,10.3,10.4,5300,KBS,2026-10-09T05:29:53Z
2021-03-30,TIS,10.8,10.8,10.8,10.8,100,KBS,2026-10-09T05:29:53Z
2021-03-31,TIS,10.8,10.8,10.4,10.4,4400,KBS,2026-10-09T05:29:53Z
2021-04-01,TIS,10.7,10.7,10.0,10.3,6100,KBS,2026-10-09T05:29:53Z
2021-04-02,TIS,9.3,9.3,9.3,9.3,3900,KBS,2026-10-09T05:29:53Z
2021-04-05,TIS,10.5,10.5,10.5,10.5,200,KBS,2026-10-09T05:29:53Z
2021-04-06,TIS,10.5,10.5,10.4,10.4,200,KBS,2026-10-09T05:29:53Z
2021-04-07,TIS,10.3,10.3,9.9,9.9,1400,KBS,2026-10-09T05:29:53Z
2021-04-08,TIS,9.8,9.8,9.8,9.8,3600,KBS,2026-10-09T05:29:53Z
2021-04-09,TIS,9.8,10.4,9.8,10.4,300,KBS,2026-10-09T05:29:53Z
2021-04-12,TIS,10.4,10.9,10.4,10.6,10600,KBS,2026-10-09T05:29:53Z
2021-04-13,TIS,10.6,10.8,10.6,10.8,9100,KBS,2026-10-09T05:29:53Z
2021-04-14,TIS,10.3,10.3,10.2,10.3,8400,KBS,2026-10-09T05:29:53Z
2021-04-15,TIS,10.3,10.5,10.2,10.5,5400,KBS,2026-10-09T05:29:53Z
2021-04-16,TIS,10.5,11.7,10.5,11.7,27700,KBS,2026-10-09T05:29:53Z
2021-04-19,TIS,12.0,13.2,12.0,13.2,247710,KBS,2026-10-09T05:29:53Z
2021-04-20,TIS,14.8,15.1,13.8,13.9,228000,KBS,2026-10-09T05:29:53Z
2021-04-22,TIS,14.0,14.8,12.7,12.8,39100,KBS,2026-10-09T05:29:53Z
2021-04-23,TIS,12.0,13.2,11.9,12.8,57410,KBS,2026-10-09T05:29:53Z
2021-04-26,TIS,12.5,12.5,10.9,10.9,61300,KBS,2026-10-09T05:29:53Z
2021-04-27,TIS,10.1,11.0,9.8,10.4,32600,KBS,2026-10-09T05:29:53Z
2021-04-28,TIS,10.8,11.5,10.8,11.5,19700,KBS,2026-10-09T05:29:53Z
2021-04-29,TIS,12.9,12.9,11.9,12.2,31200,KBS,2026-10-09T05:29:53Z
2021-05-04,TIS,12.3,12.3,11.5,11.8,41200,KBS,2026-10-09T05:29:53Z
2021-05-05,TIS,11.9,13.1,11.9,12.4,39210,KBS,2026-10-09T05:29:53Z
2021-05-06,TIS,12.3,12.3,11.9,12.0,51400,KBS,2026-10-09T05:29:53Z
2021-05-07,TIS,12.0,13.0,11.4,12.3,58300,KBS,2026-10-09T05:29:53Z
2021-05-10,TIS,12.3,13.8,12.1,13.2,205905,KBS,2026-10-09T05:29:53Z
2021-05-11,TIS,13.3,14.2,13.2,13.4,206905,KBS,2026-10-09T05:29:53Z
2021-05-12,TIS,13.6,13.6,13.0,13.4,57100,KBS,2026-10-09T05:29:53Z
2021-05-13,TIS,13.2,13.4,12.8,13.1,61101,KBS,2026-10-09T05:29:53Z
2021-05-14,TIS,13.0,13.1,12.5,13.0,86404,KBS,2026-10-09T05:29:53Z
2021-05-17,TIS,13.0,13.0,11.4,12.0,46400,KBS,2026-10-09T05:29:53Z
2021-05-18,TIS,11.9,12.5,11.6,12.4,44001,KBS,2026-10-09T05:29:53Z
2021-05-19,TIS,12.3,12.9,12.1,12.4,46700,KBS,2026-10-09T05:29:53Z
2021-05-20,TIS,12.2,12.2,11.5,11.7,14300,KBS,2026-10-09T05:29:53Z
2021-05-21,TIS,11.7,12.0,10.4,11.4,27000,KBS,2026-10-09T05:29:53Z
2021-05-24,TIS,11.5,12.1,11.0,11.6,58609,KBS,2026-10-09T05:29:53Z
2021-05-25,TIS,11.2,11.6,11.0,11.6,16400,KBS,2026-10-09T05:29:53Z
2021-05-26,TIS,11.4,11.4,11.1,11.2,15700,KBS,2026-10-09T05:29:53Z
2021-05-27,TIS,11.2,11.3,10.5,11.2,34500,KBS,2026-10-09T05:29:53Z
2021-05-28,TIS,10.9,11.8,10.6,10.9,12800,KBS,2026-10-09T05:29:53Z
2021-05-31,TIS,10.9,11.2,10.6,11.1,36100,KBS,2026-10-09T05:29:53Z
2021-06-01,TIS,11.1,11.1,10.6,11.0,28709,KBS,2026-10-09T05:29:53Z
2021-06-02,TIS,11.2,11.2,10.9,10.9,18730,KBS,2026-10-09T05:29:53Z
2021-06-03,TIS,11.1,11.4,11.0,11.1,101600,KBS,2026-10-09T05:29:53Z
2021-06-04,TIS,11.3,11.4,11.0,11.0,28100,KBS,2026-10-09T05:29:53Z
2021-06-07,TIS,11.1,11.2,10.9,10.9,35800,KBS,2026-10-09T05:29:53Z
2021-06-08,TIS,11.0,11.0,10.7,10.7,24530,KBS,2026-10-09T05:29:53Z
2021-06-09,TIS,10.6,10.9,10.5,10.6,42600,KBS,2026-10-09T05:29:53Z
2021-06-10,TIS,10.7,10.7,10.6,10.7,11600,KBS,2026-10-09T05:29:53Z
2021-06-11,TIS,10.8,11.0,10.7,10.7,23900,KBS,2026-10-09T05:29:53Z
2021-06-14,TIS,11.2,11.4,10.7,10.7,54430,KBS,2026-10-09T05:29:53Z
2021-06-15,TIS,10.8,10.8,10.7,10.8,30800,KBS,2026-10-09T05:29:53Z
2021-06-16,TIS,10.8,10.8,10.6,10.7,19600,KBS,2026-10-09T05:29:53Z
2021-06-17,TIS,10.8,10.8,10.6,10.7,40800,KBS,2026-10-09T05:29:53Z
2021-06-18,TIS,10.7,11.1,10.6,11.1,58300,KBS,2026-10-09T05:29:53Z
2021-06-21,TIS,11.3,12.5,11.3,11.5,54700,KBS,2026-10-09T05:29:53Z
2021-06-22,TIS,11.5,11.6,11.2,11.3,23500,KBS,2026-10-09T05:29:53Z
2021-06-23,TIS,11.2,11.2,10.9,11.0,37600,KBS,2026-10-09T05:29:53Z
2021-06-24,TIS,11.7,11.7,11.0,11.4,5400,KBS,2026-10-09T05:29:53Z
2021-06-25,TIS,11.1,11.2,11.0,11.0,14200,KBS,2026-10-09T05:29:53Z
2021-06-28,TIS,11.1,11.1,10.8,10.8,52500,KBS,2026-10-09T05:29:53Z
2021-06-29,TIS,10.9,11.0,10.8,10.8,14000,KBS,2026-10-09T05:29:53Z
2021-06-30,TIS,10.9,10.9,10.0,10.7,14100,KBS,2026-10-09T05:29:53Z
2021-07-01,TIS,10.8,11.0,10.4,10.9,19600,KBS,2026-10-09T05:29:53Z
2021-07-02,TIS,10.8,10.9,10.3,10.9,20300,KBS,2026-10-09T05:29:53Z
2021-07-05,TIS,10.3,11.0,10.3,10.7,20101,KBS,2026-10-09T05:29:53Z
2021-07-06,TIS,10.7,10.9,10.5,10.5,12119,KBS,2026-10-09T05:29:53Z
2021-07-07,TIS,10.0,10.8,10.0,10.4,16100,KBS,2026-10-09T05:29:53Z
2021-07-08,TIS,10.8,10.8,9.5,9.5,15700,KBS,2026-10-09T05:29:53Z
2021-07-09,TIS,9.5,10.2,9.5,9.5,19200,KBS,2026-10-09T05:29:53Z
2021-07-12,TIS,9.0,9.2,8.7,9.0,24500,KBS,2026-10-09T05:29:53Z
2021-07-13,TIS,8.8,9.2,8.8,9.2,12600,KBS,2026-10-09T05:29:53Z
2021-07-14,TIS,9.5,10.0,9.5,9.5,24500,KBS,2026-10-09T05:29:53Z
2021-07-15,TIS,9.6,10.2,9.6,9.8,19800,KBS,2026-10-09T05:29:53Z
2021-07-16,TIS,10.0,10.2,9.8,10.2,19500,KBS,2026-10-09T05:29:53Z
2021-07-19,TIS,10.1,10.1,9.8,9.9,25400,KBS,2026-10-09T05:29:53Z
2021-07-20,TIS,9.9,10.1,9.6,10.1,13700,KBS,2026-10-09T05:29:53Z
2021-07-21,TIS,9.8,10.0,9.8,9.8,4900,KBS,2026-10-09T05:29:53Z
2021-07-22,TIS,10.0,10.8,10.0,10.5,43805,KBS,2026-10-09T05:29:53Z
2021-07-23,TIS,10.3,10.3,10.0,10.0,6115,KBS,2026-10-09T05:29:53Z
2021-07-26,TIS,8.6,10.1,8.6,10.1,10500,KBS,2026-10-09T05:29:53Z
2021-07-27,TIS,10.0,10.1,9.7,9.8,13300,KBS,2026-10-09T05:29:53Z
2021-07-28,TIS,9.9,9.9,9.9,9.9,2800,KBS,2026-10-09T05:29:53Z
2021-07-29,TIS,9.9,9.9,9.7,9.9,19605,KBS,2026-10-09T05:29:53Z
2021-07-30,TIS,9.9,10.0,9.9,10.0,8000,KBS,2026-10-09T05:29:53Z
2021-08-02,TIS,10.0,10.5,9.7,9.7,21100,KBS,2026-10-09T05:29:53Z
2021-08-03,TIS,10.0,10.0,9.7,9.9,14400,KBS,2026-10-09T05:29:53Z
2021-08-04,TIS,9.9,10.0,9.8,10.0,2000,KBS,2026-10-09T05:29:53Z
2021-08-05,TIS,9.6,10.0,9.5,9.5,16500,KBS,2026-10-09T05:29:53Z
2021-08-06,TIS,10.0,10.0,9.7,9.8,10000,KBS,2026-10-09T05:29:53Z
2021-08-09,TIS,9.8,9.8,9.6,9.7,8800,KBS,2026-10-09T05:29:53Z
2021-08-10,TIS,9.8,10.0,9.8,9.8,18800,KBS,2026-10-09T05:29:53Z
2021-08-11,TIS,9.8,9.9,9.7,9.7,13000,KBS,2026-10-09T05:29:53Z
2021-08-12,TIS,9.9,10.0,9.9,9.9,14700,KBS,2026-10-09T05:29:53Z
2021-08-13,TIS,10.0,10.0,9.5,9.8,10800,KBS,2026-10-09T05:29:53Z
2021-08-16,TIS,9.8,10.0,9.8,10.0,21600,KBS,2026-10-09T05:29:53Z
2021-08-17,TIS,10.0,10.7,9.9,10.4,37400,KBS,2026-10-09T05:29:53Z
2021-08-18,TIS,10.4,11.0,10.4,10.8,30301,KBS,2026-10-09T05:29:53Z
2021-08-19,TIS,10.7,10.7,10.1,10.6,10110,KBS,2026-10-09T05:29:53Z
2021-08-20,TIS,10.6,10.8,10.0,10.0,36200,KBS,2026-10-09T05:29:53Z
2021-08-23,TIS,10.0,10.4,9.6,10.4,18100,KBS,2026-10-09T05:29:53Z
2021-08-24,TIS,10.3,10.3,9.8,9.8,2800,KBS,2026-10-09T05:29:53Z
2021-08-25,TIS,9.8,10.0,9.7,10.0,10200,KBS,2026-10-09T05:29:53Z
2021-08-26,TIS,9.9,10.0,9.6,9.6,7400,KBS,2026-10-09T05:29:53Z
2021-08-27,TIS,9.8,9.8,9.8,9.8,3600,KBS,2026-10-09T05:29:53Z
2021-08-30,TIS,9.9,10.3,9.9,10.3,16300,KBS,2026-10-09T05:29:53Z
2021-08-31,TIS,10.3,10.3,10.1,10.2,28500,KBS,2026-10-09T05:29:53Z
2021-09-01,TIS,10.1,10.1,10.0,10.1,19600,KBS,2026-10-09T05:29:53Z
2021-09-06,TIS,10.0,11.0,10.0,10.9,182409,KBS,2026-10-09T05:29:53Z
2021-09-07,TIS,11.1,11.8,11.0,11.3,60210,KBS,2026-10-09T05:29:53Z
2021-09-08,TIS,11.0,11.0,10.5,10.6,18700,KBS,2026-10-09T05:29:53Z
2021-09-09,TIS,11.0,11.5,10.6,11.5,95600,KBS,2026-10-09T05:29:53Z
2021-09-10,TIS,11.2,11.7,11.2,11.6,227400,KBS,2026-10-09T05:29:53Z
2021-09-13,TIS,12.4,13.3,11.6,13.1,259500,KBS,2026-10-09T05:29:53Z
2021-09-14,TIS,13.0,13.1,11.6,12.3,84300,KBS,2026-10-09T05:29:53Z
2021-09-15,TIS,11.9,13.7,11.6,13.7,1085709,KBS,2026-10-09T05:29:53Z
2021-09-16,TIS,13.8,14.6,13.8,14.6,1563200,KBS,2026-10-09T05:29:53Z
2021-09-17,TIS,16.2,16.7,15.3,15.6,718700,KBS,2026-10-09T05:29:53Z
2021-09-20,TIS,14.9,15.7,14.1,14.3,1053509,KBS,2026-10-09T05:29:53Z
2021-09-21,TIS,14.3,14.7,13.3,14.5,640200,KBS,2026-10-09T05:29:53Z
2021-09-22,TIS,14.5,14.9,13.9,14.6,478300,KBS,2026-10-09T05:29:53Z
2021-09-23,TIS,14.5,15.4,14.5,14.9,845067,KBS,2026-10-09T05:29:53Z
2021-09-24,TIS,14.9,14.9,13.6,13.8,404700,KBS,2026-10-09T05:29:53Z
2021-09-27,TIS,13.8,13.8,13.0,13.1,362000,KBS,2026-10-09T05:29:53Z
2021-09-28,TIS,13.1,13.8,11.6,13.1,513300,KBS,2026-10-09T05:29:53Z
2021-09-29,TIS,13.2,13.8,13.1,13.2,260400,KBS,2026-10-09T05:29:53Z
2021-09-30,TIS,13.2,13.5,13.0,13.1,245600,KBS,2026-10-09T05:29:53Z
2021-10-01,TIS,13.1,13.7,12.6,13.5,539300,KBS,2026-10-09T05:29:53Z
2021-10-04,TIS,13.5,15.1,13.5,15.1,1934510,KBS,2026-10-09T05:29:53Z
2021-10-05,TIS,15.1,16.0,14.5,14.7,631300,KBS,2026-10-09T05:29:53Z
2021-10-06,TIS,14.9,14.9,14.3,14.6,839742,KBS,2026-10-09T05:29:53Z
2021-10-07,TIS,14.6,15.2,14.5,14.8,1133570,KBS,2026-10-09T05:29:53Z
2021-10-08,TIS,14.7,15.2,14.3,14.9,815330,KBS,2026-10-09T05:29:53Z
2021-10-11,TIS,15.0,15.2,14.7,14.7,893442,KBS,2026-10-09T05:29:53Z
2021-10-12,TIS,14.9,14.9,14.3,14.4,570570,KBS,2026-10-09T05:29:53Z
2021-10-13,TIS,14.9,14.9,14.2,14.7,417500,KBS,2026-10-09T05:29:53Z
2021-10-14,TIS,14.7,15.1,14.5,14.9,601210,KBS,2026-10-09T05:29:53Z
2021-10-15,TIS,14.9,15.6,14.6,15.4,1866240,KBS,2026-10-09T05:29:53Z
2021-10-18,TIS,15.5,17.3,15.4,17.0,4346950,KBS,2026-10-09T05:29:53Z
2021-10-19,TIS,17.1,17.5,16.4,16.7,1278100,KBS,2026-10-09T05:29:53Z
2021-10-20,TIS,16.9,16.9,16.0,16.5,1096100,KBS,2026-10-09T05:29:53Z
2021-10-21,TIS,16.4,16.7,16.0,16.4,1199278,KBS,2026-10-09T05:29:53Z
2021-10-22,TIS,16.4,17.5,16.4,16.8,923502,KBS,2026-10-09T05:29:53Z
2021-10-25,TIS,16.8,16.8,16.0,16.1,1066766,KBS,2026-10-09T05:29:53Z
2021-10-26,TIS,16.1,16.6,15.5,16.6,899235,KBS,2026-10-09T05:29:53Z
2021-10-27,TIS,16.6,17.1,16.3,16.4,588805,KBS,2026-10-09T05:29:53Z
2021-10-28,TIS,16.4,16.8,16.0,16.5,823863,KBS,2026-10-09T05:29:53Z
2021-10-29,TIS,16.5,16.6,16.0,16.2,829974,KBS,2026-10-09T05:29:53Z
2021-11-01,TIS,16.2,16.2,15.6,15.7,1498422,KBS,2026-10-09T05:29:53Z
2021-11-02,TIS,15.7,15.8,15.4,15.7,859342,KBS,2026-10-09T05:29:53Z
2021-11-03,TIS,15.7,16.2,15.3,15.4,841100,KBS,2026-10-09T05:29:53Z
2021-11-04,TIS,15.4,16.0,15.2,15.6,450930,KBS,2026-10-09T05:29:53Z
2021-11-05,TIS,15.6,16.0,15.3,15.7,562755,KBS,2026-10-09T05:29:53Z
2021-11-08,TIS,15.8,15.8,15.4,15.5,453100,KBS,2026-10-09T05:29:53Z
2021-11-09,TIS,15.6,15.8,15.3,15.6,489150,KBS,2026-10-09T05:29:53Z
2021-11-10,TIS,15.5,15.6,15.2,15.3,638130,KBS,2026-10-09T05:29:53Z
2021-11-11,TIS,15.3,15.4,14.7,14.9,974872,KBS,2026-10-09T05:29:53Z
2021-11-12,TIS,14.9,15.4,14.9,15.3,638900,KBS,2026-10-09T05:29:53Z
2021-11-15,TIS,15.3,15.6,15.0,15.3,679378,KBS,2026-10-09T05:29:53Z
2021-11-16,TIS,15.5,15.5,15.0,15.1,400751,KBS,2026-10-09T05:29:53Z
2021-11-17,TIS,15.1,15.1,14.8,14.9,501700,KBS,2026-10-09T05:29:53Z
2021-11-18,TIS,14.9,14.9,14.2,14.2,1018725,KBS,2026-10-09T05:29:53Z
2021-11-19,TIS,14.2,14.3,13.5,13.7,829345,KBS,2026-10-09T05:29:53Z
2021-11-22,TIS,13.8,14.4,13.3,13.7,527200,KBS,2026-10-09T05:29:53Z
2021-11-23,TIS,13.7,14.5,13.5,14.3,537962,KBS,2026-10-09T05:29:53Z
2021-11-24,TIS,14.4,15.0,14.2,14.2,403600,KBS,2026-10-09T05:29:53Z
2021-11-25,TIS,14.2,15.0,14.2,14.3,229728,KBS,2026-10-09T05:29:53Z
2021-11-26,TIS,14.4,14.9,14.1,14.5,631665,KBS,2026-10-09T05:29:53Z
2021-11-29,TIS,14.5,14.5,13.9,14.2,367400,KBS,2026-10-09T05:29:53Z
2021-11-30,TIS,14.2,14.4,13.9,14.1,303030,KBS,2026-10-09T05:29:53Z
2021-12-01,TIS,13.9,14.3,13.5,13.6,555401,KBS,2026-10-09T05:29:53Z
2021-12-02,TIS,13.8,14.1,13.5,13.8,689838,KBS,2026-10-09T05:29:53Z
2021-12-03,TIS,13.7,14.1,13.4,13.8,418412,KBS,2026-10-09T05:29:53Z
2021-12-06,TIS,13.7,13.8,12.8,13.2,249200,KBS,2026-10-09T05:29:53Z
2021-12-07,TIS,13.2,13.5,12.9,13.4,214038,KBS,2026-10-09T05:29:53Z
2021-12-08,TIS,13.4,13.6,13.1,13.3,355022,KBS,2026-10-09T05:29:53Z
2021-12-09,TIS,13.3,13.4,13.1,13.2,144200,KBS,2026-10-09T05:29:53Z
2021-12-10,TIS,13.4,13.4,13.0,13.3,154900,KBS,2026-10-09T05:29:53Z
2021-12-13,TIS,13.3,13.3,13.0,13.3,292500,KBS,2026-10-09T05:29:53Z
2021-12-14,TIS,13.3,14.5,13.1,14.1,786510,KBS,2026-10-09T05:29:53Z
2021-12-15,TIS,14.1,14.3,13.8,13.8,116700,KBS,2026-10-09T05:29:53Z
2021-12-16,TIS,13.9,14.1,13.5,13.8,223700,KBS,2026-10-09T05:29:53Z
2021-12-17,TIS,13.6,13.8,13.0,13.6,450425,KBS,2026-10-09T05:29:53Z
2021-12-20,TIS,13.6,13.7,13.2,13.4,140010,KBS,2026-10-09T05:29:53Z
2021-12-21,TIS,13.5,13.5,13.0,13.4,210438,KBS,2026-10-09T05:29:53Z
2021-12-22,TIS,13.4,13.4,13.0,13.1,213020,KBS,2026-10-09T05:29:53Z
2021-12-23,TIS,13.1,13.1,12.5,12.8,280400,KBS,2026-10-09T05:29:53Z
2021-12-24,TIS,12.8,13.2,12.8,12.9,159500,KBS,2026-10-09T05:29:53Z
2021-12-27,TIS,13.0,13.1,12.8,13.0,107400,KBS,2026-10-09T05:29:53Z
2021-12-28,TIS,13.0,13.0,12.7,12.8,157508,KBS,2026-10-09T05:29:53Z
2021-12-29,TIS,12.8,13.3,12.7,13.0,282300,KBS,2026-10-09T05:29:53Z
2021-12-30,TIS,13.0,13.2,12.8,13.0,85500,KBS,2026-10-09T05:29:53Z
2021-12-31,TIS,12.8,13.1,12.7,13.0,219300,KBS,2026-10-09T05:29:53Z
2022-01-04,TIS,13.8,13.8,12.9,13.0,180600,KBS,2026-10-09T05:29:53Z
2022-01-05,TIS,13.0,13.5,12.9,13.3,467830,KBS,2026-10-09T05:29:53Z
2022-01-06,TIS,13.3,13.4,12.9,13.2,416500,KBS,2026-10-09T05:29:53Z
2022-01-07,TIS,13.2,13.2,12.9,13.1,307125,KBS,2026-10-09T05:29:53Z
2022-01-10,TIS,13.0,13.0,12.8,12.9,257340,KBS,2026-10-09T05:29:53Z
2022-01-11,TIS,12.9,13.0,12.7,12.7,193904,KBS,2026-10-09T05:29:53Z
2022-01-12,TIS,12.8,12.8,12.1,12.6,310058,KBS,2026-10-09T05:29:53Z
2022-01-13,TIS,12.4,12.6,12.2,12.4,124900,KBS,2026-10-09T05:29:53Z
2022-01-14,TIS,12.3,12.6,12.1,12.5,142630,KBS,2026-10-09T05:29:53Z
2022-01-17,TIS,12.3,12.5,11.0,11.1,264500,KBS,2026-10-09T05:29:53Z
2022-01-18,TIS,11.5,11.7,10.5,10.8,98000,KBS,2026-10-09T05:29:53Z
2022-01-19,TIS,11.0,11.0,10.5,10.7,48900,KBS,2026-10-09T05:29:53Z
2022-01-20,TIS,10.5,11.0,10.3,10.9,72218,KBS,2026-10-09T05:29:53Z
2022-01-21,TIS,10.9,12.0,10.7,11.7,238600,KBS,2026-10-09T05:29:53Z
2022-01-24,TIS,11.6,11.6,10.2,11.2,73500,KBS,2026-10-09T05:29:53Z
2022-01-25,TIS,10.6,11.2,10.5,10.9,43000,KBS,2026-10-09T05:29:53Z
2022-01-26,TIS,11.0,11.6,10.5,10.7,82510,KBS,2026-10-09T05:29:53Z
2022-01-27,TIS,10.7,10.9,9.2,10.6,145004,KBS,2026-10-09T05:29:53Z
2022-01-28,TIS,10.0,11.0,10.0,10.8,50600,KBS,2026-10-09T05:29:53Z
2022-02-07,TIS,10.8,11.2,10.7,11.1,44100,KBS,2026-10-09T05:29:53Z
2022-02-08,TIS,11.1,12.6,11.1,12.6,422077,KBS,2026-10-09T05:29:53Z
2022-02-09,TIS,12.5,13.7,12.5,13.5,526085,KBS,2026-10-09T05:29:53Z
2022-02-10,TIS,13.7,13.7,12.8,13.1,216100,KBS,2026-10-09T05:29:53Z
2022-02-11,TIS,13.1,13.3,12.1,13.1,254272,KBS,2026-10-09T05:29:53Z
2022-02-14,TIS,13.0,13.4,12.5,13.0,137500,KBS,2026-10-09T05:29:53Z
2022-02-15,TIS,13.0,13.0,12.4,12.5,190000,KBS,2026-10-09T05:29:53Z
2022-02-16,TIS,12.5,12.9,12.4,12.7,100000,KBS,2026-10-09T05:29:53Z
2022-02-17,TIS,12.6,13.0,12.5,12.8,161300,KBS,2026-10-09T05:29:53Z
2022-02-18,TIS,12.8,13.0,12.7,12.8,123000,KBS,2026-10-09T05:29:53Z
2022-02-21,TIS,12.9,13.0,12.7,13.0,201230,KBS,2026-10-09T05:29:53Z
2022-02-22,TIS,12.7,12.9,12.5,12.8,114100,KBS,2026-10-09T05:29:53Z
2022-02-23,TIS,12.6,13.0,12.6,12.9,113001,KBS,2026-10-09T05:29:53Z
2022-02-24,TIS,12.9,13.0,12.0,12.5,229100,KBS,2026-10-09T05:29:53Z
2022-02-25,TIS,12.7,12.9,12.6,12.6,34300,KBS,2026-10-09T05:29:53Z
2022-02-28,TIS,12.7,13.9,12.7,13.6,712904,KBS,2026-10-09T05:29:53Z
2022-03-01,TIS,13.5,14.1,13.3,13.4,381338,KBS,2026-10-09T05:29:53Z
2022-03-02,TIS,13.6,13.7,13.0,13.3,229555,KBS,2026-10-09T05:29:53Z
2022-03-03,TIS,13.3,14.0,12.5,13.7,1328888,KBS,2026-10-09T05:29:53Z
2022-03-04,TIS,13.7,14.0,13.2,13.3,393450,KBS,2026-10-09T05:29:53Z
2022-03-07,TIS,13.5,14.1,13.4,13.8,1002601,KBS,2026-10-09T05:29:53Z
2022-03-08,TIS,13.8,13.9,13.0,13.1,703000,KBS,2026-10-09T05:29:53Z
2022-03-09,TIS,13.3,13.6,12.8,13.2,428320,KBS,2026-10-09T05:29:53Z
2022-03-10,TIS,13.3,13.4,13.0,13.2,365100,KBS,2026-10-09T05:29:53Z
2022-03-11,TIS,13.2,13.3,12.6,12.9,394321,KBS,2026-10-09T05:29:53Z
2022-03-14,TIS,12.7,13.0,11.8,12.1,455739,KBS,2026-10-09T05:29:53Z
2022-03-15,TIS,12.1,12.5,12.0,12.3,156500,KBS,2026-10-09T05:29:53Z
2022-03-16,TIS,12.3,12.6,12.2,12.4,118700,KBS,2026-10-09T05:29:53Z
2022-03-17,TIS,12.4,12.7,12.2,12.5,134100,KBS,2026-10-09T05:29:53Z
2022-03-18,TIS,12.4,12.6,12.3,12.6,190600,KBS,2026-10-09T05:29:53Z
2022-03-21,TIS,12.5,12.7,12.3,12.6,140300,KBS,2026-10-09T05:29:53Z
2022-03-22,TIS,12.5,12.7,12.3,12.6,195900,KBS,2026-10-09T05:29:53Z
2022-03-23,TIS,12.6,12.7,12.4,12.5,151700,KBS,2026-10-09T05:29:53Z
2022-03-24,TIS,12.5,12.5,12.3,12.4,152600,KBS,2026-10-09T05:29:53Z
2022-03-25,TIS,12.5,12.5,12.3,12.4,161950,KBS,2026-10-09T05:29:53Z
2022-03-28,TIS,12.4,12.4,12.0,12.4,240550,KBS,2026-10-09T05:29:53Z
2022-03-29,TIS,12.2,12.4,12.2,12.3,98700,KBS,2026-10-09T05:29:53Z
2022-03-30,TIS,12.2,12.3,12.0,12.1,137422,KBS,2026-10-09T05:29:53Z
2022-03-31,TIS,12.1,12.2,11.8,11.9,175400,KBS,2026-10-09T05:29:53Z
2022-04-01,TIS,11.8,12.1,11.7,12.1,197500,KBS,2026-10-09T05:29:53Z
2022-04-04,TIS,12.1,12.2,12.0,12.1,88417,KBS,2026-10-09T05:29:53Z
2022-04-05,TIS,12.1,12.2,11.9,12.1,96300,KBS,2026-10-09T05:29:53Z
2022-04-06,TIS,12.0,12.2,11.9,11.9,130400,KBS,2026-10-09T05:29:53Z
2022-04-07,TIS,12.0,12.0,11.8,11.8,75629,KBS,2026-10-09T05:29:53Z
2022-04-08,TIS,11.9,11.9,11.7,11.7,116700,KBS,2026-10-09T05:29:53Z
2022-04-12,TIS,11.6,11.7,11.1,11.2,116200,KBS,2026-10-09T05:29:53Z
2022-04-13,TIS,11.3,11.3,10.9,11.2,189900,KBS,2026-10-09T05:29:53Z
2022-04-14,TIS,11.1,12.0,11.0,11.2,33248,KBS,2026-10-09T05:29:53Z
2022-04-15,TIS,11.2,11.6,11.0,11.0,26834,KBS,2026-10-09T05:29:53Z
2022-04-18,TIS,10.8,11.2,9.7,10.2,79526,KBS,2026-10-09T05:29:53Z
2022-04-19,TIS,10.4,10.5,9.7,10.0,83700,KBS,2026-10-09T05:29:53Z
2022-04-20,TIS,10.1,10.3,10.0,10.1,128900,KBS,2026-10-09T05:29:53Z
2022-04-21,TIS,9.8,11.7,9.1,10.8,461500,KBS,2026-10-09T05:29:53Z
2022-04-22,TIS,10.5,11.0,10.5,10.9,94100,KBS,2026-10-09T05:29:53Z
2022-04-25,TIS,11.0,11.0,9.5,10.7,42500,KBS,2026-10-09T05:29:53Z
2022-04-26,TIS,10.4,10.5,9.7,10.2,52000,KBS,2026-10-09T05:29:53Z
2022-04-27,TIS,10.2,10.8,10.2,10.7,93826,KBS,2026-10-09T05:29:53Z
2022-04-28,TIS,10.5,10.5,10.1,10.4,66200,KBS,2026-10-09T05:29:53Z
2022-04-29,TIS,10.4,10.9,10.3,10.8,107600,KBS,2026-10-09T05:29:53Z
2022-05-04,TIS,10.8,10.8,10.2,10.7,90300,KBS,2026-10-09T05:29:53Z
2022-05-05,TIS,10.7,10.7,10.4,10.6,38800,KBS,2026-10-09T05:29:53Z
2022-05-06,TIS,10.6,10.7,10.2,10.5,45800,KBS,2026-10-09T05:29:53Z
2022-05-09,TIS,10.5,10.5,9.6,9.6,43500,KBS,2026-10-09T05:29:53Z
2022-05-10,TIS,9.6,10.0,9.4,10.0,109500,KBS,2026-10-09T05:29:53Z
2022-05-11,TIS,10.0,10.0,9.8,9.9,49707,KBS,2026-10-09T05:29:53Z
2022-05-12,TIS,9.8,10.1,9.2,9.4,79600,KBS,2026-10-09T05:29:53Z
2022-05-13,TIS,9.4,9.5,8.6,9.3,116200,KBS,2026-10-09T05:29:53Z
2022-05-16,TIS,9.2,9.5,8.8,9.3,58100,KBS,2026-10-09T05:29:53Z
2022-05-17,TIS,9.4,9.9,8.6,9.9,95400,KBS,2026-10-09T05:29:53Z
2022-05-18,TIS,9.8,9.9,9.5,9.9,89200,KBS,2026-10-09T05:29:53Z
2022-05-19,TIS,9.3,9.9,9.3,9.8,28000,KBS,2026-10-09T05:29:53Z
2022-05-20,TIS,9.4,9.8,9.4,9.5,23900,KBS,2026-10-09T05:29:53Z
2022-05-23,TIS,9.5,9.9,9.1,9.6,35700,KBS,2026-10-09T05:29:53Z
2022-05-24,TIS,9.6,9.6,8.8,9.4,90200,KBS,2026-10-09T05:29:53Z
2022-05-25,TIS,9.4,9.6,8.9,9.5,27100,KBS,2026-10-09T05:29:53Z
2022-05-26,TIS,9.3,9.7,9.2,9.3,302400,KBS,2026-10-09T05:29:53Z
2022-05-27,TIS,9.4,9.5,9.3,9.5,31100,KBS,2026-10-09T05:29:53Z
2022-05-30,TIS,9.4,9.4,9.4,9.4,6100,KBS,2026-10-09T05:29:53Z
2022-05-31,TIS,9.4,9.5,9.2,9.3,53500,KBS,2026-10-09T05:29:53Z
2022-06-01,TIS,9.3,9.3,9.1,9.3,23300,KBS,2026-10-09T05:29:53Z
2022-06-02,TIS,9.2,9.3,9.1,9.1,25400,KBS,2026-10-09T05:29:53Z
2022-06-03,TIS,9.0,9.2,9.0,9.2,15100,KBS,2026-10-09T05:29:53Z
2022-06-06,TIS,9.3,9.3,9.0,9.0,23500,KBS,2026-10-09T05:29:53Z
2022-06-07,TIS,9.0,9.1,8.6,9.1,53500,KBS,2026-10-09T05:29:53Z
2022-06-08,TIS,8.9,9.3,8.8,9.2,75528,KBS,2026-10-09T05:29:53Z
2022-06-09,TIS,9.2,9.5,9.1,9.3,103724,KBS,2026-10-09T05:29:53Z
2022-06-10,TIS,9.3,9.3,9.2,9.3,19500,KBS,2026-10-09T05:29:53Z
2022-06-13,TIS,9.0,9.0,8.8,8.8,21600,KBS,2026-10-09T05:29:53Z
2022-06-14,TIS,8.6,9.1,8.4,8.7,78024,KBS,2026-10-09T05:29:53Z
2022-06-15,TIS,8.7,8.7,8.0,8.4,62900,KBS,2026-10-09T05:29:53Z
2022-06-16,TIS,8.4,8.6,8.3,8.5,31500,KBS,2026-10-09T05:29:53Z
2022-06-17,TIS,8.3,8.3,7.5,7.8,93100,KBS,2026-10-09T05:29:53Z
2022-06-20,TIS,7.9,7.9,7.0,7.0,44100,KBS,2026-10-09T05:29:53Z
2022-06-21,TIS,7.6,7.6,7.1,7.3,22600,KBS,2026-10-09T05:29:53Z
2022-06-22,TIS,7.1,7.4,7.1,7.4,10300,KBS,2026-10-09T05:29:53Z
2022-06-23,TIS,7.7,7.7,7.2,7.6,9524,KBS,2026-10-09T05:29:53Z
2022-06-24,TIS,7.5,7.8,7.5,7.7,16900,KBS,2026-10-09T05:29:53Z
2022-06-27,TIS,7.5,7.6,7.1,7.5,34000,KBS,2026-10-09T05:29:53Z
2022-06-28,TIS,7.3,8.3,7.3,8.3,133200,KBS,2026-10-09T05:29:53Z
2022-06-29,TIS,7.8,8.2,7.8,7.8,6300,KBS,2026-10-09T05:29:53Z
2022-06-30,TIS,8.2,8.2,7.6,7.7,5400,KBS,2026-10-09T05:29:53Z
2022-07-01,TIS,7.6,7.6,7.2,7.6,28900,KBS,2026-10-09T05:29:53Z
2022-07-04,TIS,8.0,8.0,7.6,7.6,3500,KBS,2026-10-09T05:29:53Z
2022-07-05,TIS,7.9,8.8,7.9,8.0,314900,KBS,2026-10-09T05:29:53Z
2022-07-06,TIS,8.0,8.0,7.7,7.9,2444,KBS,2026-10-09T05:29:53Z
2022-07-07,TIS,8.0,9.0,7.9,8.1,225500,KBS,2026-10-09T05:29:53Z
2022-07-08,TIS,9.0,10.1,8.8,9.2,309500,KBS,2026-10-09T05:29:53Z
2022-07-11,TIS,9.4,9.4,8.6,8.7,114020,KBS,2026-10-09T05:29:53Z
2022-07-12,TIS,8.4,8.7,8.4,8.5,31200,KBS,2026-10-09T05:29:53Z
2022-07-13,TIS,8.3,8.5,8.0,8.4,35000,KBS,2026-10-09T05:29:53Z
2022-07-14,TIS,8.1,9.0,8.1,8.6,126400,KBS,2026-10-09T05:29:53Z
2022-07-15,TIS,8.6,9.4,8.4,9.2,156900,KBS,2026-10-09T05:29:53Z
2022-07-18,TIS,9.2,9.8,8.9,9.0,161401,KBS,2026-10-09T05:29:53Z
2022-07-19,TIS,9.6,10.3,9.2,9.3,309100,KBS,2026-10-09T05:29:53Z
2022-07-20,TIS,9.7,10.5,9.4,9.6,333500,KBS,2026-10-09T05:29:53Z
2022-07-21,TIS,9.5,9.5,9.4,9.5,20400,KBS,2026-10-09T05:29:53Z
2022-07-22,TIS,9.3,9.3,8.8,9.0,57300,KBS,2026-10-09T05:29:53Z
2022-07-25,TIS,8.7,8.8,8.2,8.8,133900,KBS,2026-10-09T05:29:53Z
2022-07-26,TIS,8.5,8.5,7.5,8.0,302300,KBS,2026-10-09T05:29:53Z
2022-07-27,TIS,8.0,8.0,7.8,8.0,6800,KBS,2026-10-09T05:29:53Z
2022-07-28,TIS,8.0,8.3,8.0,8.1,23300,KBS,2026-10-09T05:29:53Z
2022-07-29,TIS,8.1,8.2,7.9,8.1,27400,KBS,2026-10-09T05:29:53Z
2022-08-01,TIS,8.1,8.3,8.0,8.2,54600,KBS,2026-10-09T05:29:53Z
2022-08-02,TIS,8.2,8.3,8.2,8.2,18615,KBS,2026-10-09T05:29:53Z
2022-08-03,TIS,8.2,8.5,8.2,8.4,126700,KBS,2026-10-09T05:29:53Z
2022-08-04,TIS,8.5,8.5,8.4,8.4,43000,KBS,2026-10-09T05:29:53Z
2022-08-05,TIS,8.4,8.5,8.3,8.4,31000,KBS,2026-10-09T05:29:53Z
2022-08-08,TIS,8.4,8.5,8.3,8.4,105000,KBS,2026-10-09T05:29:53Z
2022-08-09,TIS,8.4,8.6,8.3,8.3,111800,KBS,2026-10-09T05:29:53Z
2022-08-10,TIS,8.5,8.5,8.3,8.4,22400,KBS,2026-10-09T05:29:53Z
2022-08-11,TIS,8.4,8.4,8.2,8.2,49000,KBS,2026-10-09T05:29:53Z
2022-08-12,TIS,8.3,8.3,8.0,8.3,34700,KBS,2026-10-09T05:29:53Z
2022-08-15,TIS,8.3,8.3,8.0,8.2,35600,KBS,2026-10-09T05:29:53Z
2022-08-16,TIS,8.1,8.2,7.9,8.1,32800,KBS,2026-10-09T05:29:53Z
2022-08-17,TIS,8.1,8.2,8.1,8.1,13800,KBS,2026-10-09T05:29:53Z
2022-08-18,TIS,8.0,8.1,8.0,8.0,12500,KBS,2026-10-09T05:29:53Z
2022-08-19,TIS,7.9,8.0,7.9,8.0,14500,KBS,2026-10-09T05:29:53Z
2022-08-22,TIS,8.0,8.0,7.8,7.9,20600,KBS,2026-10-09T05:29:53Z
2022-08-23,TIS,7.9,8.0,7.8,8.0,22100,KBS,2026-10-09T05:29:53Z
2022-08-24,TIS,8.0,8.0,7.8,7.9,45400,KBS,2026-10-09T05:29:53Z
2022-08-25,TIS,8.0,8.0,7.8,8.0,84800,KBS,2026-10-09T05:29:53Z
2022-08-26,TIS,8.0,8.0,7.9,8.0,15000,KBS,2026-10-09T05:29:53Z
2022-08-29,TIS,7.8,7.9,7.6,7.6,28300,KBS,2026-10-09T05:29:53Z
2022-08-30,TIS,7.7,7.9,7.7,7.8,38000,KBS,2026-10-09T05:29:53Z
2022-08-31,TIS,7.7,7.8,7.6,7.8,30400,KBS,2026-10-09T05:29:53Z
2022-09-05,TIS,7.8,8.1,7.7,8.1,119200,KBS,2026-10-09T05:29:53Z
2022-09-06,TIS,8.0,8.0,7.8,7.9,5800,KBS,2026-10-09T05:29:53Z
2022-09-07,TIS,8.0,8.0,7.7,7.8,17700,KBS,2026-10-09T05:29:53Z
2022-09-08,TIS,7.8,7.8,7.6,7.6,24100,KBS,2026-10-09T05:29:53Z
2022-09-09,TIS,7.6,7.8,7.5,7.8,47400,KBS,2026-10-09T05:29:53Z
2022-09-12,TIS,7.9,7.9,7.6,7.6,11500,KBS,2026-10-09T05:29:53Z
2022-09-13,TIS,7.5,7.6,7.5,7.6,6700,KBS,2026-10-09T05:29:53Z
2022-09-14,TIS,7.5,7.7,7.3,7.7,31610,KBS,2026-10-09T05:29:53Z
2022-09-15,TIS,7.6,7.7,7.6,7.6,7106,KBS,2026-10-09T05:29:53Z
2022-09-16,TIS,7.5,7.5,7.2,7.3,64300,KBS,2026-10-09T05:29:53Z
2022-09-19,TIS,7.3,7.4,7.1,7.1,33300,KBS,2026-10-09T05:29:53Z
2022-09-20,TIS,7.3,7.4,7.3,7.4,21400,KBS,2026-10-09T05:29:53Z
2022-09-21,TIS,7.2,7.3,7.2,7.3,8400,KBS,2026-10-09T05:29:53Z
2022-09-22,TIS,7.2,7.3,7.1,7.2,55505,KBS,2026-10-09T05:29:53Z
2022-09-23,TIS,7.2,7.3,7.2,7.2,22706,KBS,2026-10-09T05:29:53Z
2022-09-26,TIS,7.1,7.1,6.9,6.9,36728,KBS,2026-10-09T05:29:53Z
2022-09-27,TIS,7.0,7.1,6.9,7.0,24600,KBS,2026-10-09T05:29:53Z
2022-09-28,TIS,6.9,7.0,6.8,7.0,5600,KBS,2026-10-09T05:29:53Z
2022-09-29,TIS,7.0,7.1,6.9,6.9,22700,KBS,2026-10-09T05:29:53Z
2022-09-30,TIS,7.0,7.0,6.6,6.9,51400,KBS,2026-10-09T05:29:53Z
2022-10-03,TIS,6.0,6.8,6.0,6.6,34327,KBS,2026-10-09T05:29:53Z
2022-10-04,TIS,6.6,6.8,6.3,6.4,4700,KBS,2026-10-09T05:29:53Z
2022-10-05,TIS,6.6,6.6,6.0,6.5,12509,KBS,2026-10-09T05:29:53Z
2022-10-06,TIS,6.5,6.5,6.4,6.4,11500,KBS,2026-10-09T05:29:53Z
2022-10-07,TIS,6.1,6.4,6.0,6.3,26900,KBS,2026-10-09T05:29:53Z
2022-10-10,TIS,6.1,6.3,5.8,6.0,27800,KBS,2026-10-09T05:29:53Z
2022-10-11,TIS,6.0,6.0,5.8,5.9,18800,KBS,2026-10-09T05:29:53Z
2022-10-12,TIS,5.9,6.4,5.9,6.2,2100,KBS,2026-10-09T05:29:53Z
2022-10-13,TIS,6.2,6.2,6.0,6.2,3600,KBS,2026-10-09T05:29:53Z
2022-10-14,TIS,6.4,6.5,6.0,6.2,13000,KBS,2026-10-09T05:29:53Z
2022-10-17,TIS,6.0,6.1,6.0,6.0,14200,KBS,2026-10-09T05:29:53Z
2022-10-18,TIS,6.4,6.4,6.0,6.3,6300,KBS,2026-10-09T05:29:53Z
2022-10-19,TIS,6.0,6.0,5.9,5.9,20500,KBS,2026-10-09T05:29:53Z
2022-10-20,TIS,6.1,6.1,5.9,5.9,3300,KBS,2026-10-09T05:29:53Z
2022-10-21,TIS,6.0,6.0,5.5,5.7,30200,KBS,2026-10-09T05:29:53Z
2022-10-24,TIS,5.9,5.9,5.2,5.4,17150,KBS,2026-10-09T05:29:53Z
2022-10-25,TIS,5.2,5.4,4.9,5.4,49500,KBS,2026-10-09T05:29:53Z
2022-10-26,TIS,5.2,5.2,4.8,5.0,11406,KBS,2026-10-09T05:29:53Z
2022-10-27,TIS,5.0,5.2,5.0,5.2,16100,KBS,2026-10-09T05:29:53Z
2022-10-28,TIS,5.1,5.1,4.9,5.0,44300,KBS,2026-10-09T05:29:53Z
2022-10-31,TIS,5.1,5.1,4.6,4.9,27400,KBS,2026-10-09T05:29:53Z
2022-11-01,TIS,5.0,5.0,4.7,4.7,7401,KBS,2026-10-09T05:29:53Z
2022-11-02,TIS,4.9,5.0,4.8,4.8,3700,KBS,2026-10-09T05:29:53Z
2022-11-03,TIS,4.8,4.9,4.7,4.9,5600,KBS,2026-10-09T05:29:53Z
2022-11-04,TIS,4.8,4.8,4.6,4.7,7300,KBS,2026-10-09T05:29:53Z
2022-11-07,TIS,4.6,4.7,4.2,4.3,30608,KBS,2026-10-09T05:29:53Z
2022-11-08,TIS,4.4,4.4,4.0,4.0,27700,KBS,2026-10-09T05:29:53Z
2022-11-09,TIS,4.5,4.5,3.6,4.1,6400,KBS,2026-10-09T05:29:53Z
2022-11-10,TIS,4.1,4.1,3.5,3.5,152600,KBS,2026-10-09T05:29:53Z
2022-11-11,TIS,3.7,3.7,3.3,3.3,54800,KBS,2026-10-09T05:29:53Z
2022-11-14,TIS,3.5,3.5,3.0,3.3,29700,KBS,2026-10-09T05:29:53Z
2022-11-15,TIS,2.7,3.3,2.7,3.1,76400,KBS,2026-10-09T05:29:53Z
2022-11-16,TIS,2.6,3.3,2.6,3.0,129000,KBS,2026-10-09T05:29:53Z
2022-11-17,TIS,3.1,3.2,3.1,3.2,32450,KBS,2026-10-09T05:29:53Z
2022-11-18,TIS,3.3,3.6,3.3,3.6,99900,KBS,2026-10-09T05:29:53Z
2022-11-21,TIS,3.6,4.0,3.6,4.0,23800,KBS,2026-10-09T05:29:53Z
2022-11-22,TIS,3.9,4.2,3.9,4.0,27846,KBS,2026-10-09T05:29:53Z
2022-11-23,TIS,3.9,4.0,3.7,4.0,19600,KBS,2026-10-09T05:29:53Z
2022-11-24,TIS,3.9,3.9,3.7,3.8,11700,KBS,2026-10-09T05:29:53Z
2022-11-25,TIS,3.9,4.2,3.8,4.2,126600,KBS,2026-10-09T05:29:53Z
2022-11-28,TIS,4.5,4.6,4.5,4.5,37300,KBS,2026-10-09T05:29:53Z
2022-11-29,TIS,4.9,5.0,4.5,4.9,73800,KBS,2026-10-09T05:29:53Z
2022-11-30,TIS,4.9,4.9,4.7,4.7,17900,KBS,2026-10-09T05:29:53Z
2022-12-01,TIS,5.0,5.3,4.9,5.1,142227,KBS,2026-10-09T05:29:53Z
2022-12-02,TIS,5.0,5.3,4.8,5.2,79700,KBS,2026-10-09T05:29:53Z
2022-12-05,TIS,5.3,5.5,5.0,5.1,50605,KBS,2026-10-09T05:29:53Z
2022-12-06,TIS,5.1,5.1,4.7,5.0,26900,KBS,2026-10-09T05:29:53Z
2022-12-07,TIS,4.9,4.9,4.5,4.8,38315,KBS,2026-10-09T05:29:53Z
2022-12-08,TIS,4.9,4.9,4.7,4.8,24400,KBS,2026-10-09T05:29:53Z
2022-12-09,TIS,4.9,4.9,4.7,4.8,11000,KBS,2026-10-09T05:29:53Z
2022-12-12,TIS,4.9,5.0,4.5,4.8,34000,KBS,2026-10-09T05:29:53Z
2022-12-13,TIS,4.8,4.8,4.6,4.7,7400,KBS,2026-10-09T05:29:53Z
2022-12-14,TIS,4.9,5.1,4.9,4.9,64112,KBS,2026-10-09T05:29:53Z
2022-12-15,TIS,4.8,5.0,4.6,5.0,13700,KBS,2026-10-09T05:29:53Z
2022-12-16,TIS,5.1,5.2,5.0,5.2,123300,KBS,2026-10-09T05:29:53Z
2022-12-19,TIS,5.2,5.6,5.1,5.3,103000,KBS,2026-10-09T05:29:53Z
2022-12-20,TIS,5.4,5.4,5.0,5.1,113100,KBS,2026-10-09T05:29:53Z
2022-12-21,TIS,5.3,5.3,4.9,4.9,75000,KBS,2026-10-09T05:29:53Z
2022-12-22,TIS,5.0,5.1,5.0,5.1,123900,KBS,2026-10-09T05:29:53Z
2022-12-23,TIS,5.1,5.2,5.1,5.1,106301,KBS,2026-10-09T05:29:53Z
2022-12-26,TIS,5.1,5.1,5.0,5.0,89000,KBS,2026-10-09T05:29:53Z
2022-12-27,TIS,5.0,5.1,4.8,4.9,47250,KBS,2026-10-09T05:29:53Z
2022-12-28,TIS,5.3,5.3,4.9,4.9,9200,KBS,2026-10-09T05:29:53Z
2022-12-29,TIS,4.9,5.0,4.7,4.8,30400,KBS,2026-10-09T05:29:53Z
2022-12-30,TIS,5.0,5.1,4.7,4.9,373705,KBS,2026-10-09T05:29:53Z
2023-01-03,TIS,4.9,5.2,4.9,5.1,44140,KBS,2026-10-09T05:29:53Z
2023-01-04,TIS,5.1,5.1,5.0,5.1,76300,KBS,2026-10-09T05:29:53Z
2023-01-05,TIS,5.1,5.1,4.9,5.0,26600,KBS,2026-10-09T05:29:53Z
2023-01-06,TIS,4.9,5.0,4.9,5.0,2500,KBS,2026-10-09T05:29:53Z
2023-01-09,TIS,5.0,5.0,4.8,5.0,7400,KBS,2026-10-09T05:29:53Z
2023-01-10,TIS,4.9,5.0,4.8,5.0,6600,KBS,2026-10-09T05:29:53Z
2023-01-11,TIS,4.9,5.0,4.8,5.0,6500,KBS,2026-10-09T05:29:53Z
2023-01-12,TIS,4.9,5.0,4.9,4.9,3300,KBS,2026-10-09T05:29:53Z
2023-01-13,TIS,5.1,5.1,4.8,4.9,8700,KBS,2026-10-09T05:29:53Z
2023-01-16,TIS,5.0,5.0,5.0,5.0,6000,KBS,2026-10-09T05:29:53Z
2023-01-17,TIS,5.0,5.1,5.0,5.1,3700,KBS,2026-10-09T05:29:53Z
2023-01-18,TIS,5.0,5.1,4.8,4.9,14900,KBS,2026-10-09T05:29:53Z
2023-01-19,TIS,5.0,5.0,4.8,4.9,14900,KBS,2026-10-09T05:29:53Z
2023-01-27,TIS,5.0,5.0,4.9,4.9,8600,KBS,2026-10-09T05:29:53Z
2023-01-30,TIS,4.9,5.1,4.9,4.9,17900,KBS,2026-10-09T05:29:53Z
2023-01-31,TIS,5.0,5.1,4.9,5.1,6000,KBS,2026-10-09T05:29:53Z
2023-02-01,TIS,5.0,5.1,4.9,4.9,26610,KBS,2026-10-09T05:29:53Z
2023-02-02,TIS,4.9,5.0,4.9,5.0,2000,KBS,2026-10-09T05:29:53Z
2023-02-03,TIS,5.0,5.0,4.8,4.8,9400,KBS,2026-10-09T05:29:53Z
2023-02-06,TIS,4.9,4.9,4.8,4.9,2600,KBS,2026-10-09T05:29:53Z
2023-02-07,TIS,4.8,4.9,4.8,4.8,7100,KBS,2026-10-09T05:29:53Z
2023-02-08,TIS,4.8,5.0,4.8,5.0,4001,KBS,2026-10-09T05:29:53Z
2023-02-09,TIS,4.8,5.0,4.8,5.0,10800,KBS,2026-10-09T05:29:53Z
2023-02-10,TIS,4.8,5.0,4.7,4.8,11300,KBS,2026-10-09T05:29:53Z
2023-02-13,TIS,4.8,4.8,4.7,4.8,10600,KBS,2026-10-09T05:29:53Z
2023-02-14,TIS,4.6,4.9,4.6,4.9,10600,KBS,2026-10-09T05:29:53Z
2023-02-15,TIS,4.8,4.8,4.8,4.8,1400,KBS,2026-10-09T05:29:53Z
2023-02-16,TIS,4.9,4.9,4.7,4.9,10300,KBS,2026-10-09T05:29:53Z
2023-02-17,TIS,5.0,5.0,4.8,4.8,1001,KBS,2026-10-09T05:29:53Z
2023-02-20,TIS,5.0,5.0,4.8,5.0,23100,KBS,2026-10-09T05:29:53Z
2023-02-21,TIS,5.0,5.0,4.8,4.9,13704,KBS,2026-10-09T05:29:53Z
2023-02-22,TIS,4.9,4.9,4.8,4.9,9800,KBS,2026-10-09T05:29:53Z
2023-02-23,TIS,5.0,5.0,4.8,4.8,20200,KBS,2026-10-09T05:29:53Z
2023-02-24,TIS,4.9,4.9,4.8,4.8,6300,KBS,2026-10-09T05:29:53Z
2023-02-27,TIS,4.9,4.9,4.7,4.7,3000,KBS,2026-10-09T05:29:53Z
2023-02-28,TIS,4.8,4.9,4.8,4.9,14700,KBS,2026-10-09T05:29:53Z
2023-03-01,TIS,5.0,5.0,4.7,4.8,6200,KBS,2026-10-09T05:29:53Z
2023-03-02,TIS,4.8,4.9,4.8,4.8,10600,KBS,2026-10-09T05:29:53Z
2023-03-03,TIS,4.8,4.8,4.8,4.8,2000,KBS,2026-10-09T05:29:53Z
2023-03-06,TIS,4.8,4.8,4.8,4.8,7600,KBS,2026-10-09T05:29:53Z
2023-03-07,TIS,4.8,4.8,4.8,4.8,23600,KBS,2026-10-09T05:29:53Z
2023-03-08,TIS,4.8,4.9,4.8,4.8,13800,KBS,2026-10-09T05:29:53Z
2023-03-09,TIS,4.8,4.8,4.8,4.8,6700,KBS,2026-10-09T05:29:53Z
2023-03-10,TIS,4.8,4.8,4.7,4.7,7200,KBS,2026-10-09T05:29:53Z
2023-03-13,TIS,4.7,4.8,4.7,4.8,11300,KBS,2026-10-09T05:29:53Z
2023-03-14,TIS,4.7,4.7,4.6,4.6,12300,KBS,2026-10-09T05:29:53Z
2023-03-15,TIS,4.6,4.8,4.6,4.8,10600,KBS,2026-10-09T05:29:53Z
2023-03-16,TIS,4.8,4.8,4.8,4.8,1000,KBS,2026-10-09T05:29:53Z
2023-03-17,TIS,4.8,4.8,4.7,4.7,17000,KBS,2026-10-09T05:29:53Z
2023-03-20,TIS,4.7,4.7,4.7,4.7,8300,KBS,2026-10-09T05:29:53Z
2023-03-21,TIS,4.7,4.7,4.6,4.7,9200,KBS,2026-10-09T05:29:53Z
2023-03-22,TIS,4.8,4.8,4.6,4.6,2000,KBS,2026-10-09T05:29:53Z
2023-03-23,TIS,4.7,4.7,4.6,4.6,10300,KBS,2026-10-09T05:29:53Z
2023-03-24,TIS,4.8,4.8,4.6,4.6,2600,KBS,2026-10-09T05:29:53Z
2023-03-27,TIS,4.8,4.8,4.6,4.7,10600,KBS,2026-10-09T05:29:53Z
2023-03-28,TIS,4.6,4.7,4.6,4.7,25516,KBS,2026-10-09T05:29:53Z
2023-03-29,TIS,4.6,4.6,4.6,4.6,18900,KBS,2026-10-09T05:29:53Z
2023-03-30,TIS,4.7,4.7,4.6,4.6,10050,KBS,2026-10-09T05:29:53Z
2023-03-31,TIS,4.6,4.6,4.6,4.6,34600,KBS,2026-10-09T05:29:53Z
2023-04-03,TIS,4.6,4.6,4.5,4.5,15952,KBS,2026-10-09T05:29:53Z
2023-04-04,TIS,4.6,4.6,4.5,4.5,19200,KBS,2026-10-09T05:29:53Z
2023-04-05,TIS,4.6,4.7,4.5,4.6,17800,KBS,2026-10-09T05:29:53Z
2023-04-06,TIS,4.6,4.7,4.5,4.6,60419,KBS,2026-10-09T05:29:53Z
2023-04-07,TIS,4.5,4.5,4.4,4.5,33100,KBS,2026-10-09T05:29:53Z
2023-04-10,TIS,4.5,4.5,4.5,4.5,19702,KBS,2026-10-09T05:29:53Z
2023-04-11,TIS,4.5,4.5,4.4,4.4,15700,KBS,2026-10-09T05:29:53Z
2023-04-12,TIS,4.4,4.5,4.4,4.4,14100,KBS,2026-10-09T05:29:53Z
2023-04-13,TIS,4.4,4.5,4.4,4.5,16600,KBS,2026-10-09T05:29:53Z
2023-04-14,TIS,4.4,4.4,4.4,4.4,35500,KBS,2026-10-09T05:29:53Z
2023-04-17,TIS,4.4,4.4,4.3,4.4,31902,KBS,2026-10-09T05:29:53Z
2023-04-18,TIS,4.3,4.4,4.3,4.4,18400,KBS,2026-10-09T05:29:53Z
2023-04-19,TIS,4.4,4.4,4.3,4.4,32100,KBS,2026-10-09T05:29:53Z
2023-04-20,TIS,4.3,4.4,4.3,4.4,3500,KBS,2026-10-09T05:29:53Z
2023-04-21,TIS,4.3,4.3,4.2,4.2,17400,KBS,2026-10-09T05:29:53Z
2023-04-24,TIS,4.3,4.3,4.2,4.3,7600,KBS,2026-10-09T05:29:53Z
2023-04-25,TIS,4.2,4.3,4.2,4.2,27900,KBS,2026-10-09T05:29:53Z
2023-04-26,TIS,4.3,4.4,4.3,4.4,32402,KBS,2026-10-09T05:29:53Z
2023-04-27,TIS,4.3,4.3,4.3,4.3,1500,KBS,2026-10-09T05:29:53Z
2023-04-28,TIS,4.2,4.3,4.2,4.3,41400,KBS,2026-10-09T05:29:53Z
2023-05-04,TIS,4.2,4.3,4.2,4.3,1300,KBS,2026-10-09T05:29:53Z
2023-05-05,TIS,4.2,4.3,4.2,4.3,25000,KBS,2026-10-09T05:29:53Z
2023-05-08,TIS,4.3,4.4,4.3,4.3,4200,KBS,2026-10-09T05:29:53Z
2023-05-09,TIS,4.2,4.3,4.2,4.3,3925,KBS,2026-10-09T05:29:53Z
2023-05-10,TIS,4.3,4.3,4.2,4.3,35000,KBS,2026-10-09T05:29:53Z
2023-05-11,TIS,4.3,4.3,4.2,4.2,30700,KBS,2026-10-09T05:29:53Z
2023-05-12,TIS,4.3,4.6,4.3,4.5,109923,KBS,2026-10-09T05:29:53Z
2023-05-15,TIS,4.6,4.6,4.5,4.5,3900,KBS,2026-10-09T05:29:53Z
2023-05-16,TIS,4.5,4.5,4.3,4.5,47500,KBS,2026-10-09T05:29:53Z
2023-05-17,TIS,4.3,4.3,4.3,4.3,9100,KBS,2026-10-09T05:29:53Z
2023-05-18,TIS,4.3,4.4,4.2,4.3,41600,KBS,2026-10-09T05:29:53Z
2023-05-19,TIS,4.4,4.4,4.4,4.4,700,KBS,2026-10-09T05:29:53Z
2023-05-22,TIS,4.4,4.4,4.2,4.3,26705,KBS,2026-10-09T05:29:53Z
2023-05-23,TIS,4.3,4.3,4.2,4.3,15400,KBS,2026-10-09T05:29:53Z
2023-05-24,TIS,4.3,4.3,4.2,4.2,12400,KBS,2026-10-09T05:29:53Z
2023-05-25,TIS,4.3,4.3,4.2,4.2,70500,KBS,2026-10-09T05:29:53Z
2023-05-26,TIS,4.3,4.3,4.2,4.2,2400,KBS,2026-10-09T05:29:53Z
2023-05-29,TIS,4.2,4.4,4.2,4.3,57500,KBS,2026-10-09T05:29:53Z
2023-05-30,TIS,4.4,4.5,4.3,4.5,142700,KBS,2026-10-09T05:29:53Z
2023-05-31,TIS,4.4,4.5,4.4,4.5,54600,KBS,2026-10-09T05:29:53Z
2023-06-01,TIS,4.5,4.7,4.5,4.7,152305,KBS,2026-10-09T05:29:53Z
2023-06-02,TIS,4.7,4.8,4.5,4.6,151026,KBS,2026-10-09T05:29:53Z
2023-06-05,TIS,4.6,5.1,4.6,4.9,193417,KBS,2026-10-09T05:29:53Z
2023-06-06,TIS,4.9,5.3,4.7,5.1,214205,KBS,2026-10-09T05:29:53Z
2023-06-07,TIS,5.1,5.4,5.1,5.1,131010,KBS,2026-10-09T05:29:53Z
2023-06-08,TIS,5.2,5.3,4.9,5.1,253500,KBS,2026-10-09T05:29:53Z
2023-06-09,TIS,5.1,5.1,4.8,4.9,62200,KBS,2026-10-09T05:29:53Z
2023-06-12,TIS,5.0,5.2,4.9,5.1,85400,KBS,2026-10-09T05:29:53Z
2023-06-13,TIS,5.1,5.7,5.1,5.7,323256,KBS,2026-10-09T05:29:53Z
2023-06-14,TIS,5.8,6.3,5.8,6.0,390000,KBS,2026-10-09T05:29:53Z
2023-06-15,TIS,6.1,6.1,5.5,5.7,186215,KBS,2026-10-09T05:29:53Z
2023-06-16,TIS,5.6,5.8,5.2,5.4,224209,KBS,2026-10-09T05:29:53Z
2023-06-19,TIS,5.4,5.4,5.2,5.2,93700,KBS,2026-10-09T05:29:53Z
2023-06-20,TIS,5.1,5.4,5.1,5.3,65701,KBS,2026-10-09T05:29:53Z
2023-06-21,TIS,5.3,5.6,5.2,5.6,184200,KBS,2026-10-09T05:29:53Z
2023-06-22,TIS,5.5,5.6,5.4,5.5,63800,KBS,2026-10-09T05:29:53Z
2023-06-23,TIS,5.5,5.5,5.2,5.4,101900,KBS,2026-10-09T05:29:53Z
2023-06-26,TIS,5.4,5.4,5.1,5.3,128000,KBS,2026-10-09T05:29:53Z
2023-06-27,TIS,5.3,5.3,5.1,5.3,42300,KBS,2026-10-09T05:29:53Z
2023-06-28,TIS,5.2,5.3,5.1,5.2,55200,KBS,2026-10-09T05:29:53Z
2023-06-29,TIS,5.1,5.1,5.0,5.0,48900,KBS,2026-10-09T05:29:53Z
2023-06-30,TIS,5.1,5.1,5.0,5.1,25500,KBS,2026-10-09T05:29:53Z
2023-07-03,TIS,5.0,5.2,5.0,5.1,25700,KBS,2026-10-09T05:29:53Z
2023-07-04,TIS,5.1,5.2,5.1,5.2,41500,KBS,2026-10-09T05:29:53Z
2023-07-05,TIS,5.2,5.2,5.1,5.2,75300,KBS,2026-10-09T05:29:53Z
2023-07-06,TIS,5.2,5.2,5.1,5.2,28400,KBS,2026-10-09T05:29:53Z
2023-07-07,TIS,5.1,5.8,5.1,5.6,227701,KBS,2026-10-09T05:29:53Z
2023-07-10,TIS,5.6,5.8,5.5,5.6,112600,KBS,2026-10-09T05:29:53Z
2023-07-11,TIS,5.6,5.7,5.2,5.2,180400,KBS,2026-10-09T05:29:53Z
2023-07-12,TIS,5.3,5.7,5.2,5.4,281300,KBS,2026-10-09T05:29:53Z
2023-07-13,TIS,5.5,5.5,5.2,5.5,337500,KBS,2026-10-09T05:29:53Z
2023-07-14,TIS,5.5,5.5,5.2,5.3,182700,KBS,2026-10-09T05:29:53Z
2023-07-17,TIS,5.3,5.5,5.3,5.3,232470,KBS,2026-10-09T05:29:53Z
2023-07-18,TIS,5.3,5.3,5.2,5.2,132100,KBS,2026-10-09T05:29:53Z
2023-07-19,TIS,5.3,5.3,5.1,5.2,152097,KBS,2026-10-09T05:29:53Z
2023-07-20,TIS,5.2,5.2,5.0,5.2,157263,KBS,2026-10-09T05:29:53Z
2023-07-21,TIS,5.2,5.2,5.1,5.2,71300,KBS,2026-10-09T05:29:53Z
2023-07-24,TIS,5.2,5.2,5.1,5.2,92300,KBS,2026-10-09T05:29:53Z
2023-07-25,TIS,5.2,5.3,5.1,5.2,98500,KBS,2026-10-09T05:29:53Z
2023-07-26,TIS,5.2,5.3,5.2,5.2,51100,KBS,2026-10-09T05:29:53Z
2023-07-27,TIS,5.1,5.2,5.1,5.2,99300,KBS,2026-10-09T05:29:53Z
2023-07-28,TIS,5.2,5.2,5.1,5.1,50330,KBS,2026-10-09T05:29:53Z
2023-07-31,TIS,5.1,5.2,5.1,5.2,43400,KBS,2026-10-09T05:29:53Z
2023-08-01,TIS,5.1,5.2,5.1,5.1,43452,KBS,2026-10-09T05:29:53Z
2023-08-02,TIS,5.1,5.1,5.0,5.1,59440,KBS,2026-10-09T05:29:53Z
2023-08-03,TIS,5.0,5.1,5.0,5.0,70800,KBS,2026-10-09T05:29:53Z
2023-08-04,TIS,5.1,5.1,5.0,5.1,29700,KBS,2026-10-09T05:29:53Z
2023-08-07,TIS,5.1,5.3,5.1,5.2,205861,KBS,2026-10-09T05:29:53Z
2023-08-08,TIS,5.3,5.4,5.2,5.3,124000,KBS,2026-10-09T05:29:53Z
2023-08-09,TIS,5.3,5.5,5.2,5.4,394906,KBS,2026-10-09T05:29:53Z
2023-08-10,TIS,5.5,5.6,5.3,5.4,139018,KBS,2026-10-09T05:29:53Z
2023-08-11,TIS,5.5,5.5,5.2,5.4,104650,KBS,2026-10-09T05:29:53Z
2023-08-14,TIS,5.3,5.5,5.3,5.3,207718,KBS,2026-10-09T05:29:53Z
2023-08-15,TIS,5.3,5.5,5.3,5.4,221300,KBS,2026-10-09T05:29:53Z
2023-08-16,TIS,5.4,5.4,5.3,5.4,59600,KBS,2026-10-09T05:29:53Z
2023-08-17,TIS,5.4,5.4,5.2,5.3,163100,KBS,2026-10-09T05:29:53Z
2023-08-18,TIS,5.2,5.2,4.8,5.0,259800,KBS,2026-10-09T05:29:53Z
2023-08-21,TIS,5.0,5.0,4.8,4.8,117000,KBS,2026-10-09T05:29:53Z
2023-08-22,TIS,4.9,4.9,4.6,4.9,96900,KBS,2026-10-09T05:29:53Z
2023-08-23,TIS,4.8,5.0,4.8,4.8,35400,KBS,2026-10-09T05:29:53Z
2023-08-24,TIS,4.8,5.0,4.8,4.9,42200,KBS,2026-10-09T05:29:53Z
2023-08-25,TIS,4.9,4.9,4.8,4.8,57700,KBS,2026-10-09T05:29:53Z
2023-08-28,TIS,4.7,4.9,4.7,4.8,27700,KBS,2026-10-09T05:29:53Z
2023-08-29,TIS,4.9,4.9,4.8,4.8,31400,KBS,2026-10-09T05:29:53Z
2023-08-30,TIS,4.7,4.8,4.7,4.8,32100,KBS,2026-10-09T05:29:53Z
2023-08-31,TIS,4.7,4.9,4.7,4.8,40500,KBS,2026-10-09T05:29:53Z
2023-09-05,TIS,4.8,5.0,4.8,4.9,36300,KBS,2026-10-09T05:29:53Z
2023-09-06,TIS,4.9,5.2,4.9,5.1,166500,KBS,2026-10-09T05:29:53Z
2023-09-07,TIS,5.2,5.3,5.0,5.0,67332,KBS,2026-10-09T05:29:53Z
2023-09-08,TIS,5.1,5.1,4.8,4.9,218900,KBS,2026-10-09T05:29:53Z
2023-09-11,TIS,4.9,5.0,4.8,4.8,87900,KBS,2026-10-09T05:29:53Z
2023-09-12,TIS,4.8,4.9,4.8,4.9,75248,KBS,2026-10-09T05:29:53Z
2023-09-13,TIS,4.9,5.0,4.9,4.9,88000,KBS,2026-10-09T05:29:53Z
2023-09-14,TIS,4.9,4.9,4.8,4.8,60200,KBS,2026-10-09T05:29:53Z
2023-09-15,TIS,4.8,4.9,4.8,4.8,52000,KBS,2026-10-09T05:29:53Z
2023-09-18,TIS,4.8,4.8,4.7,4.8,39200,KBS,2026-10-09T05:29:53Z
2023-09-19,TIS,4.8,4.9,4.7,4.9,31502,KBS,2026-10-09T05:29:53Z
2023-09-20,TIS,4.9,5.1,4.9,4.9,90100,KBS,2026-10-09T05:29:53Z
2023-09-21,TIS,4.9,5.5,4.8,5.1,261921,KBS,2026-10-09T05:29:53Z
2023-09-22,TIS,5.1,5.1,4.8,4.9,219200,KBS,2026-10-09T05:29:53Z
2023-09-25,TIS,5.0,5.0,4.5,4.6,89300,KBS,2026-10-09T05:29:53Z
2023-09-26,TIS,4.7,4.7,4.1,4.2,198400,KBS,2026-10-09T05:29:53Z
2023-09-27,TIS,4.4,4.5,4.2,4.4,53901,KBS,2026-10-09T05:29:53Z
2023-09-28,TIS,4.4,4.5,4.3,4.4,34400,KBS,2026-10-09T05:29:53Z
2023-09-29,TIS,4.4,4.5,4.3,4.4,26800,KBS,2026-10-09T05:29:53Z
2023-10-02,TIS,4.5,4.5,4.4,4.5,6602,KBS,2026-10-09T05:29:53Z
2023-10-03,TIS,4.4,4.4,4.2,4.2,32600,KBS,2026-10-09T05:29:53Z
2023-10-04,TIS,4.3,4.4,4.2,4.3,16000,KBS,2026-10-09T05:29:53Z
2023-10-05,TIS,4.3,4.3,4.3,4.3,13600,KBS,2026-10-09T05:29:53Z
2023-10-06,TIS,4.4,4.4,4.3,4.3,3100,KBS,2026-10-09T05:29:53Z
2023-10-09,TIS,4.4,4.4,4.4,4.4,3500,KBS,2026-10-09T05:29:53Z
2023-10-10,TIS,4.4,4.5,4.4,4.4,31000,KBS,2026-10-09T05:29:53Z
2023-10-11,TIS,4.4,4.4,4.3,4.4,34400,KBS,2026-10-09T05:29:53Z
2023-10-12,TIS,4.4,4.5,4.3,4.3,30100,KBS,2026-10-09T05:29:53Z
2023-10-13,TIS,4.4,4.4,4.4,4.4,17150,KBS,2026-10-09T05:29:53Z
2023-10-16,TIS,4.4,4.4,4.3,4.3,14200,KBS,2026-10-09T05:29:53Z
2023-10-17,TIS,4.3,4.4,4.0,4.3,36700,KBS,2026-10-09T05:29:53Z
2023-10-18,TIS,4.2,4.3,4.1,4.2,22800,KBS,2026-10-09T05:29:53Z
2023-10-19,TIS,4.2,4.3,4.2,4.2,10700,KBS,2026-10-09T05:29:53Z
2023-10-20,TIS,4.2,4.4,4.1,4.4,63710,KBS,2026-10-09T05:29:53Z
2023-10-23,TIS,4.2,4.3,4.2,4.3,20106,KBS,2026-10-09T05:29:53Z
2023-10-24,TIS,4.3,4.3,4.3,4.3,24900,KBS,2026-10-09T05:29:53Z
2023-10-25,TIS,4.3,4.4,4.2,4.3,9365,KBS,2026-10-09T05:29:53Z
2023-10-26,TIS,4.2,4.2,4.0,4.0,66000,KBS,2026-10-09T05:29:53Z
2023-10-27,TIS,4.1,4.2,4.1,4.1,32350,KBS,2026-10-09T05:29:53Z
2023-10-30,TIS,4.1,4.2,4.0,4.1,38006,KBS,2026-10-09T05:29:53Z
2023-10-31,TIS,4.0,4.1,4.0,4.1,25410,KBS,2026-10-09T05:29:53Z
2023-11-01,TIS,4.0,4.1,3.9,4.1,26700,KBS,2026-10-09T05:29:53Z
2023-11-02,TIS,4.2,4.3,4.1,4.3,11475,KBS,2026-10-09T05:29:53Z
2023-11-03,TIS,4.2,4.4,4.2,4.3,44800,KBS,2026-10-09T05:29:53Z
2023-11-06,TIS,4.2,4.3,4.2,4.3,13601,KBS,2026-10-09T05:29:53Z
2023-11-07,TIS,4.2,4.3,4.2,4.2,8851,KBS,2026-10-09T05:29:53Z
2023-11-08,TIS,4.3,4.3,4.2,4.3,18900,KBS,2026-10-09T05:29:53Z
2023-11-09,TIS,4.3,4.4,4.2,4.2,42896,KBS,2026-10-09T05:29:53Z
2023-11-10,TIS,4.2,4.3,4.1,4.2,20600,KBS,2026-10-09T05:29:53Z
2023-11-13,TIS,4.2,4.4,4.2,4.4,137626,KBS,2026-10-09T05:29:53Z
2023-11-14,TIS,4.4,4.4,4.2,4.3,12457,KBS,2026-10-09T05:29:53Z
2023-11-15,TIS,4.3,4.4,4.2,4.2,29600,KBS,2026-10-09T05:29:53Z
2023-11-16,TIS,4.2,4.2,4.2,4.2,45200,KBS,2026-10-09T05:29:53Z
2023-11-17,TIS,4.2,4.2,4.1,4.1,45700,KBS,2026-10-09T05:29:53Z
2023-11-20,TIS,4.1,4.2,4.1,4.1,13600,KBS,2026-10-09T05:29:53Z
2023-11-21,TIS,4.2,4.3,4.2,4.2,9615,KBS,2026-10-09T05:29:53Z
2023-11-22,TIS,4.2,4.2,4.2,4.2,78800,KBS,2026-10-09T05:29:53Z
2023-11-23,TIS,4.2,4.4,4.2,4.3,55550,KBS,2026-10-09T05:29:53Z
2023-11-24,TIS,4.2,4.3,4.1,4.2,23300,KBS,2026-10-09T05:29:53Z
2023-11-27,TIS,4.2,4.3,4.2,4.3,12720,KBS,2026-10-09T05:29:53Z
2023-11-28,TIS,4.1,4.2,4.1,4.2,18500,KBS,2026-10-09T05:29:53Z
2023-11-29,TIS,4.2,4.3,4.1,4.2,16707,KBS,2026-10-09T05:29:53Z
2023-11-30,TIS,4.2,4.2,4.1,4.2,10600,KBS,2026-10-09T05:29:53Z
2023-12-01,TIS,4.2,4.2,4.1,4.2,16104,KBS,2026-10-09T05:29:53Z
2023-12-04,TIS,4.2,4.3,4.1,4.3,40010,KBS,2026-10-09T05:29:53Z
2023-12-05,TIS,4.2,4.2,4.1,4.2,25500,KBS,2026-10-09T05:29:53Z
2023-12-06,TIS,4.3,4.3,4.1,4.2,26300,KBS,2026-10-09T05:29:53Z
2023-12-07,TIS,4.2,4.2,4.1,4.1,25107,KBS,2026-10-09T05:29:53Z
2023-12-08,TIS,4.2,4.4,4.1,4.3,130714,KBS,2026-10-09T05:29:53Z
2023-12-11,TIS,4.3,4.3,4.2,4.2,15200,KBS,2026-10-09T05:29:53Z
2023-12-12,TIS,4.2,4.3,4.2,4.2,29000,KBS,2026-10-09T05:29:53Z
2023-12-13,TIS,4.3,4.3,4.2,4.2,44200,KBS,2026-10-09T05:29:53Z
2023-12-14,TIS,4.2,4.3,4.2,4.2,24300,KBS,2026-10-09T05:29:53Z
2023-12-15,TIS,4.2,4.3,4.1,4.3,10000,KBS,2026-10-09T05:29:53Z
2023-12-18,TIS,4.2,4.3,4.1,4.2,8414,KBS,2026-10-09T05:29:53Z
2023-12-19,TIS,4.2,4.3,4.1,4.2,44000,KBS,2026-10-09T05:29:53Z
2023-12-20,TIS,4.2,4.2,4.1,4.2,10214,KBS,2026-10-09T05:29:53Z
2023-12-21,TIS,4.1,4.2,4.1,4.2,35400,KBS,2026-10-09T05:29:53Z
2023-12-22,TIS,4.2,4.3,4.1,4.2,15200,KBS,2026-10-09T05:29:53Z
2023-12-25,TIS,4.1,4.3,4.1,4.2,70300,KBS,2026-10-09T05:29:53Z
2023-12-26,TIS,4.2,4.2,4.1,4.2,37700,KBS,2026-10-09T05:29:53Z
2023-12-27,TIS,4.1,4.1,4.1,4.1,9700,KBS,2026-10-09T05:29:53Z
2023-12-28,TIS,4.2,4.2,4.1,4.1,62400,KBS,2026-10-09T05:29:53Z
2023-12-29,TIS,4.1,4.2,4.1,4.1,24300,KBS,2026-10-09T05:29:53Z
2024-01-02,TIS,4.2,4.2,4.1,4.2,17250,KBS,2026-10-09T05:29:53Z
2024-01-03,TIS,4.2,4.2,4.1,4.2,44700,KBS,2026-10-09T05:29:53Z
2024-01-04,TIS,4.1,4.2,4.1,4.1,29900,KBS,2026-10-09T05:29:53Z
2024-01-05,TIS,4.1,4.2,4.1,4.2,50200,KBS,2026-10-09T05:29:53Z
2024-01-08,TIS,4.2,4.2,4.1,4.2,27550,KBS,2026-10-09T05:29:53Z
2024-01-09,TIS,4.2,4.2,4.1,4.1,10500,KBS,2026-10-09T05:29:53Z
2024-01-10,TIS,4.1,4.1,4.1,4.1,55200,KBS,2026-10-09T05:29:53Z
2024-01-11,TIS,4.1,4.2,4.1,4.1,9300,KBS,2026-10-09T05:29:53Z
2024-01-12,TIS,4.1,4.2,4.1,4.1,49000,KBS,2026-10-09T05:29:53Z
2024-01-15,TIS,4.1,4.2,4.1,4.2,10700,KBS,2026-10-09T05:29:53Z
2024-01-16,TIS,4.1,4.2,4.1,4.1,19600,KBS,2026-10-09T05:29:53Z
2024-01-17,TIS,4.2,4.7,4.2,4.7,338610,KBS,2026-10-09T05:29:53Z
2024-01-18,TIS,4.6,4.6,4.5,4.5,77615,KBS,2026-10-09T05:29:53Z
2024-01-19,TIS,4.4,4.4,4.2,4.3,139700,KBS,2026-10-09T05:29:53Z
2024-01-22,TIS,4.3,4.4,4.2,4.3,66918,KBS,2026-10-09T05:29:53Z
2024-01-23,TIS,4.4,4.4,4.2,4.2,30900,KBS,2026-10-09T05:29:53Z
2024-01-24,TIS,4.2,4.3,4.2,4.3,24618,KBS,2026-10-09T05:29:53Z
2024-01-25,TIS,4.3,4.3,4.2,4.2,59200,KBS,2026-10-09T05:29:53Z
2024-01-26,TIS,4.3,4.3,4.2,4.3,44800,KBS,2026-10-09T05:29:53Z
2024-01-29,TIS,4.3,4.3,4.2,4.2,30600,KBS,2026-10-09T05:29:53Z
2024-01-30,TIS,4.2,4.3,4.2,4.2,22200,KBS,2026-10-09T05:29:53Z
2024-01-31,TIS,4.3,4.3,4.2,4.3,62030,KBS,2026-10-09T05:29:53Z
2024-02-01,TIS,4.3,4.3,4.3,4.3,3200,KBS,2026-10-09T05:29:53Z
2024-02-02,TIS,4.3,4.3,4.2,4.2,3720,KBS,2026-10-09T05:29:53Z
2024-02-05,TIS,4.2,4.2,4.1,4.2,105927,KBS,2026-10-09T05:29:53Z
2024-02-06,TIS,4.1,4.2,4.1,4.2,39203,KBS,2026-10-09T05:29:53Z
2024-02-07,TIS,4.1,4.2,4.1,4.1,19904,KBS,2026-10-09T05:29:53Z
2024-02-15,TIS,4.1,4.3,4.1,4.3,30200,KBS,2026-10-09T05:29:53Z
2024-02-16,TIS,4.3,4.3,4.2,4.2,29147,KBS,2026-10-09T05:29:53Z
2024-02-19,TIS,4.3,4.3,4.2,4.3,37361,KBS,2026-10-09T05:29:53Z
2024-02-20,TIS,4.3,4.3,4.2,4.3,29432,KBS,2026-10-09T05:29:53Z
2024-02-21,TIS,4.2,4.3,4.2,4.3,63401,KBS,2026-10-09T05:29:53Z
2024-02-22,TIS,4.3,4.3,4.3,4.3,16069,KBS,2026-10-09T05:29:53Z
2024-02-23,TIS,4.3,4.4,4.2,4.3,57554,KBS,2026-10-09T05:29:53Z
2024-02-26,TIS,4.3,4.4,4.3,4.3,64000,KBS,2026-10-09T05:29:53Z
2024-02-27,TIS,4.3,4.5,4.3,4.4,34400,KBS,2026-10-09T05:29:53Z
2024-02-28,TIS,4.4,4.5,4.3,4.4,52800,KBS,2026-10-09T05:29:53Z
2024-02-29,TIS,4.4,4.5,4.4,4.4,52700,KBS,2026-10-09T05:29:53Z
2024-03-01,TIS,4.3,4.4,4.3,4.4,94200,KBS,2026-10-09T05:29:53Z
2024-03-04,TIS,4.5,4.5,4.3,4.4,28101,KBS,2026-10-09T05:29:53Z
2024-03-05,TIS,4.4,4.4,4.3,4.4,18168,KBS,2026-10-09T05:29:53Z
2024-03-06,TIS,4.4,4.4,4.3,4.3,41000,KBS,2026-10-09T05:29:53Z
2024-03-07,TIS,4.4,4.4,4.2,4.3,11800,KBS,2026-10-09T05:29:53Z
2024-03-08,TIS,4.4,4.4,4.2,4.2,39400,KBS,2026-10-09T05:29:53Z
2024-03-11,TIS,4.2,4.2,4.1,4.1,140200,KBS,2026-10-09T05:29:53Z
2024-03-12,TIS,4.2,4.2,4.1,4.2,24723,KBS,2026-10-09T05:29:53Z
2024-03-13,TIS,4.2,4.3,4.1,4.2,123705,KBS,2026-10-09T05:29:53Z
2024-03-14,TIS,4.2,4.2,4.1,4.2,33643,KBS,2026-10-09T05:29:53Z
2024-03-15,TIS,4.3,4.3,4.1,4.1,173003,KBS,2026-10-09T05:29:53Z
2024-03-18,TIS,4.1,4.1,4.0,4.1,90550,KBS,2026-10-09T05:29:53Z
2024-03-19,TIS,4.1,4.2,4.0,4.1,252440,KBS,2026-10-09T05:29:53Z
2024-03-20,TIS,4.1,4.2,4.0,4.2,175532,KBS,2026-10-09T05:29:53Z
2024-03-21,TIS,4.1,4.2,4.1,4.1,46148,KBS,2026-10-09T05:29:53Z
2024-03-22,TIS,4.2,4.2,4.1,4.1,41308,KBS,2026-10-09T05:29:53Z
2024-03-25,TIS,4.1,4.2,4.1,4.2,108710,KBS,2026-10-09T05:29:53Z
2024-03-26,TIS,4.2,4.2,4.1,4.2,45200,KBS,2026-10-09T05:29:53Z
2024-03-27,TIS,4.2,4.2,4.1,4.2,136105,KBS,2026-10-09T05:29:53Z
2024-03-28,TIS,4.2,4.2,4.1,4.2,34719,KBS,2026-10-09T05:29:53Z
2024-03-29,TIS,4.2,4.2,4.2,4.2,55300,KBS,2026-10-09T05:29:53Z
2024-04-01,TIS,4.2,4.3,4.1,4.3,38000,KBS,2026-10-09T05:29:53Z
2024-04-02,TIS,4.1,4.2,4.1,4.2,45710,KBS,2026-10-09T05:29:53Z
2024-04-03,TIS,4.1,4.2,4.1,4.2,48600,KBS,2026-10-09T05:29:53Z
2024-04-04,TIS,4.1,4.2,4.1,4.1,5400,KBS,2026-10-09T05:29:53Z
2024-04-05,TIS,4.1,4.2,4.1,4.1,53900,KBS,2026-10-09T05:29:53Z
2024-04-08,TIS,4.1,4.1,4.1,4.1,64056,KBS,2026-10-09T05:29:53Z
2024-04-09,TIS,4.1,4.1,4.1,4.1,13800,KBS,2026-10-09T05:29:53Z
2024-04-10,TIS,4.1,4.2,4.1,4.2,43575,KBS,2026-10-09T05:29:53Z
2024-04-11,TIS,4.2,4.2,4.1,4.2,34400,KBS,2026-10-09T05:29:53Z
2024-04-12,TIS,4.1,4.1,4.1,4.1,21300,KBS,2026-10-09T05:29:53Z
2024-04-15,TIS,4.1,4.4,4.1,4.2,216400,KBS,2026-10-09T05:29:53Z
2024-04-16,TIS,4.3,4.3,4.0,4.2,84100,KBS,2026-10-09T05:29:53Z
2024-04-17,TIS,4.2,4.3,4.1,4.1,79900,KBS,2026-10-09T05:29:53Z
2024-04-19,TIS,4.2,4.2,4.1,4.1,80600,KBS,2026-10-09T05:29:53Z
2024-04-22,TIS,4.1,4.2,4.1,4.1,34605,KBS,2026-10-09T05:29:53Z
2024-04-23,TIS,4.1,4.2,4.1,4.2,5800,KBS,2026-10-09T05:29:53Z
2024-04-24,TIS,4.2,4.2,4.1,4.1,29100,KBS,2026-10-09T05:29:53Z
2024-04-25,TIS,4.2,4.2,4.1,4.1,13500,KBS,2026-10-09T05:29:53Z
2024-04-26,TIS,4.1,4.2,4.1,4.1,19800,KBS,2026-10-09T05:29:53Z
2024-05-02,TIS,4.1,4.1,4.1,4.1,20700,KBS,2026-10-09T05:29:53Z
2024-05-03,TIS,4.2,4.2,4.2,4.2,10500,KBS,2026-10-09T05:29:53Z
2024-05-06,TIS,4.1,4.2,4.1,4.2,45200,KBS,2026-10-09T05:29:53Z
2024-05-07,TIS,4.2,4.3,4.2,4.3,80200,KBS,2026-10-09T05:29:53Z
2024-05-08,TIS,4.3,4.4,4.2,4.4,136082,KBS,2026-10-09T05:29:53Z
2024-05-09,TIS,4.3,4.5,4.3,4.5,74803,KBS,2026-10-09T05:29:53Z
2024-05-10,TIS,4.4,4.5,4.3,4.4,81225,KBS,2026-10-09T05:29:53Z
2024-05-13,TIS,4.4,4.5,4.3,4.4,50403,KBS,2026-10-09T05:29:53Z
2024-05-14,TIS,4.5,4.5,4.4,4.5,21637,KBS,2026-10-09T05:29:53Z
2024-05-15,TIS,4.5,4.5,4.4,4.5,40700,KBS,2026-10-09T05:29:53Z
2024-05-16,TIS,4.5,4.5,4.4,4.5,25300,KBS,2026-10-09T05:29:53Z
2024-05-17,TIS,4.4,4.5,4.3,4.4,85701,KBS,2026-10-09T05:29:53Z
2024-05-20,TIS,4.4,4.4,4.3,4.4,25062,KBS,2026-10-09T05:29:53Z
2024-05-21,TIS,4.4,4.4,4.3,4.3,43113,KBS,2026-10-09T05:29:53Z
2024-05-22,TIS,4.3,4.4,4.2,4.3,44500,KBS,2026-10-09T05:29:53Z
2024-05-23,TIS,4.3,4.4,4.3,4.4,80400,KBS,2026-10-09T05:29:53Z
2024-05-24,TIS,4.4,4.4,4.3,4.4,63900,KBS,2026-10-09T05:29:53Z
2024-05-27,TIS,4.4,4.4,4.3,4.3,42003,KBS,2026-10-09T05:29:53Z
2024-05-28,TIS,4.4,4.4,4.3,4.3,26600,KBS,2026-10-09T05:29:53Z
2024-05-29,TIS,4.4,4.5,4.3,4.5,116000,KBS,2026-10-09T05:29:53Z
2024-05-30,TIS,4.4,4.5,4.3,4.4,63710,KBS,2026-10-09T05:29:53Z
2024-05-31,TIS,4.4,4.5,4.4,4.4,23157,KBS,2026-10-09T05:29:53Z
2024-06-03,TIS,4.4,4.4,4.3,4.3,19904,KBS,2026-10-09T05:29:53Z
2024-06-04,TIS,4.3,4.6,4.3,4.4,143001,KBS,2026-10-09T05:29:53Z
2024-06-05,TIS,4.5,4.5,4.3,4.4,85403,KBS,2026-10-09T05:29:53Z
2024-06-06,TIS,4.4,4.5,4.4,4.4,64100,KBS,2026-10-09T05:29:53Z
2024-06-07,TIS,4.4,4.4,4.4,4.4,22239,KBS,2026-10-09T05:29:53Z
2024-06-10,TIS,4.4,4.5,4.4,4.5,55810,KBS,2026-10-09T05:29:53Z
2024-06-11,TIS,4.5,5.0,4.5,5.0,670860,KBS,2026-10-09T05:29:53Z
2024-06-12,TIS,5.1,5.5,5.1,5.5,236907,KBS,2026-10-09T05:29:53Z
2024-06-13,TIS,6.0,6.0,5.0,5.1,398248,KBS,2026-10-09T05:29:53Z
2024-06-14,TIS,5.1,5.2,4.8,4.8,262839,KBS,2026-10-09T05:29:53Z
2024-06-17,TIS,5.0,5.7,4.9,5.6,458303,KBS,2026-10-09T05:29:53Z
2024-06-18,TIS,5.6,5.8,5.4,5.5,198589,KBS,2026-10-09T05:29:53Z
2024-06-19,TIS,5.5,5.6,5.2,5.4,181847,KBS,2026-10-09T05:29:53Z
2024-06-20,TIS,5.4,5.9,5.2,5.8,175253,KBS,2026-10-09T05:29:53Z
2024-06-21,TIS,5.8,6.2,5.8,6.2,608727,KBS,2026-10-09T05:29:53Z
2024-06-24,TIS,7.1,7.1,6.4,6.9,806483,KBS,2026-10-09T05:29:53Z
2024-06-25,TIS,7.4,7.4,5.9,6.1,328657,KBS,2026-10-09T05:29:53Z
2024-06-26,TIS,6.3,6.6,5.8,6.4,270100,KBS,2026-10-09T05:29:53Z
2024-06-27,TIS,6.4,6.4,6.0,6.2,157087,KBS,2026-10-09T05:29:53Z
2024-06-28,TIS,6.1,6.2,5.7,5.9,145104,KBS,2026-10-09T05:29:53Z
2024-07-01,TIS,6.0,6.0,5.2,5.7,159215,KBS,2026-10-09T05:29:53Z
2024-07-02,TIS,5.7,5.7,5.5,5.6,89456,KBS,2026-10-09T05:29:53Z
2024-07-03,TIS,5.9,6.2,5.5,6.2,99206,KBS,2026-10-09T05:29:53Z
2024-07-04,TIS,6.0,6.7,6.0,6.7,445434,KBS,2026-10-09T05:29:53Z
2024-07-05,TIS,7.0,7.2,6.3,6.7,329301,KBS,2026-10-09T05:29:53Z
2024-07-08,TIS,7.0,7.0,6.1,6.3,297596,KBS,2026-10-09T05:29:53Z
2024-07-09,TIS,6.3,6.5,6.1,6.3,217942,KBS,2026-10-09T05:29:53Z
2024-07-10,TIS,6.3,6.8,6.3,6.5,237725,KBS,2026-10-09T05:29:53Z
2024-07-11,TIS,6.6,6.8,6.3,6.4,112588,KBS,2026-10-09T05:29:53Z
2024-07-12,TIS,6.5,6.5,6.2,6.3,140402,KBS,2026-10-09T05:29:53Z
2024-07-15,TIS,6.3,6.4,6.2,6.4,89527,KBS,2026-10-09T05:29:53Z
2024-07-16,TIS,6.4,6.9,6.4,6.6,423907,KBS,2026-10-09T05:29:53Z
2024-07-17,TIS,6.7,6.8,6.0,6.1,359642,KBS,2026-10-09T05:29:53Z
2024-07-18,TIS,6.3,6.4,5.7,6.3,210700,KBS,2026-10-09T05:29:53Z
2024-07-19,TIS,6.5,6.5,6.0,6.0,155250,KBS,2026-10-09T05:29:53Z
2024-07-22,TIS,6.1,6.1,5.7,6.0,176344,KBS,2026-10-09T05:29:53Z
2024-07-23,TIS,5.8,6.0,5.8,5.9,59337,KBS,2026-10-09T05:29:53Z
2024-07-24,TIS,5.8,5.9,5.3,5.9,126910,KBS,2026-10-09T05:29:53Z
2024-07-25,TIS,6.0,6.1,5.8,6.0,94517,KBS,2026-10-09T05:29:53Z
2024-07-26,TIS,6.0,6.2,6.0,6.1,50600,KBS,2026-10-09T05:29:53Z
2024-07-29,TIS,6.1,6.6,6.1,6.5,335261,KBS,2026-10-09T05:29:53Z
2024-07-30,TIS,6.6,6.7,6.2,6.2,155816,KBS,2026-10-09T05:29:53Z
2024-07-31,TIS,6.1,6.4,6.0,6.2,62924,KBS,2026-10-09T05:29:53Z
2024-08-01,TIS,6.2,6.2,5.5,6.0,113301,KBS,2026-10-09T05:29:53Z
2024-08-02,TIS,6.0,6.3,6.0,6.3,158224,KBS,2026-10-09T05:29:53Z
2024-08-05,TIS,6.1,6.1,5.7,5.9,58613,KBS,2026-10-09T05:29:53Z
2024-08-06,TIS,5.9,6.0,5.9,5.9,50813,KBS,2026-10-09T05:29:53Z
2024-08-07,TIS,5.9,5.9,5.8,5.9,36871,KBS,2026-10-09T05:29:53Z
2024-08-08,TIS,5.9,6.0,5.8,6.0,13363,KBS,2026-10-09T05:29:53Z
2024-08-09,TIS,6.0,6.0,5.9,5.9,26240,KBS,2026-10-09T05:29:53Z
2024-08-12,TIS,6.0,6.0,5.7,5.9,44500,KBS,2026-10-09T05:29:53Z
2024-08-13,TIS,5.9,5.9,5.7,5.8,19706,KBS,2026-10-09T05:29:53Z
2024-08-14,TIS,5.7,5.8,5.6,5.7,21163,KBS,2026-10-09T05:29:53Z
2024-08-15,TIS,5.8,5.8,5.6,5.7,30700,KBS,2026-10-09T05:29:53Z
2024-08-16,TIS,5.7,6.0,5.7,5.9,36825,KBS,2026-10-09T05:29:53Z
2024-08-19,TIS,6.0,6.1,5.9,5.9,115841,KBS,2026-10-09T05:29:53Z
2024-08-20,TIS,6.0,6.0,5.9,6.0,61300,KBS,2026-10-09T05:29:53Z
2024-08-21,TIS,6.1,6.1,5.6,5.9,81538,KBS,2026-10-09T05:29:53Z
2024-08-22,TIS,6.1,6.1,5.8,5.9,34701,KBS,2026-10-09T05:29:53Z
2024-08-23,TIS,6.0,6.4,5.7,6.2,389024,KBS,2026-10-09T05:29:53Z
2024-08-26,TIS,6.3,6.4,6.1,6.3,381003,KBS,2026-10-09T05:29:53Z
2024-08-27,TIS,6.2,6.4,6.1,6.4,296929,KBS,2026-10-09T05:29:53Z
2024-08-28,TIS,6.2,6.6,6.2,6.6,462527,KBS,2026-10-09T05:29:53Z
2024-08-29,TIS,6.5,6.6,6.4,6.6,311921,KBS,2026-10-09T05:29:53Z
2024-08-30,TIS,6.6,6.6,6.4,6.6,322450,KBS,2026-10-09T05:29:53Z
2024-09-04,TIS,6.5,6.5,6.2,6.4,356900,KBS,2026-10-09T05:29:53Z
2024-09-05,TIS,6.3,6.4,6.2,6.3,255530,KBS,2026-10-09T05:29:53Z
2024-09-06,TIS,6.3,6.4,6.2,6.4,252050,KBS,2026-10-09T05:29:53Z
2024-09-09,TIS,6.4,7.0,6.4,6.7,540312,KBS,2026-10-09T05:29:53Z
2024-09-10,TIS,6.7,6.9,6.6,6.7,373848,KBS,2026-10-09T05:29:53Z
2024-09-11,TIS,6.9,6.9,6.6,6.7,270138,KBS,2026-10-09T05:29:53Z
2024-09-12,TIS,6.7,6.7,6.4,6.7,274113,KBS,2026-10-09T05:29:53Z
2024-09-13,TIS,6.5,6.7,6.4,6.7,282172,KBS,2026-10-09T05:29:53Z
2024-09-16,TIS,6.6,6.8,6.5,6.6,364611,KBS,2026-10-09T05:29:53Z
2024-09-17,TIS,6.6,6.9,6.5,6.9,401519,KBS,2026-10-09T05:29:53Z
2024-09-18,TIS,6.9,6.9,6.7,6.8,386461,KBS,2026-10-09T05:29:53Z
2024-09-19,TIS,6.8,6.9,6.7,6.9,354810,KBS,2026-10-09T05:29:53Z
2024-09-20,TIS,7.0,7.0,6.6,6.9,379100,KBS,2026-10-09T05:29:53Z
2024-09-23,TIS,6.8,6.9,6.7,6.9,319328,KBS,2026-10-09T05:29:53Z
2024-09-24,TIS,6.9,6.9,6.7,6.8,223578,KBS,2026-10-09T05:29:53Z
2024-09-25,TIS,6.7,7.5,6.7,7.2,905942,KBS,2026-10-09T05:29:53Z
2024-09-26,TIS,7.0,7.3,6.9,7.3,519759,KBS,2026-10-09T05:29:53Z
2024-09-27,TIS,7.3,7.3,6.9,7.1,260200,KBS,2026-10-09T05:29:53Z
2024-09-30,TIS,7.0,7.3,7.0,7.2,291453,KBS,2026-10-09T05:29:53Z
2024-10-01,TIS,7.2,7.5,7.0,7.4,840832,KBS,2026-10-09T05:29:53Z
2024-10-02,TIS,7.3,7.5,7.1,7.3,354890,KBS,2026-10-09T05:29:53Z
2024-10-03,TIS,7.4,7.4,7.1,7.2,358469,KBS,2026-10-09T05:29:53Z
2024-10-04,TIS,7.2,7.4,7.0,7.3,510340,KBS,2026-10-09T05:29:53Z
2024-10-07,TIS,7.1,7.4,7.1,7.3,273089,KBS,2026-10-09T05:29:53Z
2024-10-08,TIS,7.3,7.4,7.1,7.4,371300,KBS,2026-10-09T05:29:53Z
2024-10-09,TIS,7.4,7.7,7.1,7.6,691302,KBS,2026-10-09T05:29:53Z
2024-10-10,TIS,7.5,7.5,7.3,7.5,161922,KBS,2026-10-09T05:29:53Z
2024-10-11,TIS,7.5,7.5,7.2,7.3,240523,KBS,2026-10-09T05:29:53Z
2024-10-14,TIS,7.4,7.4,7.0,7.2,301140,KBS,2026-10-09T05:29:53Z
2024-10-15,TIS,7.2,7.4,7.1,7.4,314205,KBS,2026-10-09T05:29:53Z
2024-10-16,TIS,7.4,7.4,7.0,7.2,213707,KBS,2026-10-09T05:29:53Z
2024-10-17,TIS,7.3,7.3,7.1,7.3,162659,KBS,2026-10-09T05:29:53Z
2024-10-18,TIS,7.3,7.3,7.0,7.2,353100,KBS,2026-10-09T05:29:53Z
2024-10-21,TIS,7.1,7.1,6.8,7.0,262900,KBS,2026-10-09T05:29:53Z
2024-10-22,TIS,6.9,7.0,6.6,6.9,271200,KBS,2026-10-09T05:29:53Z
2024-10-23,TIS,6.9,6.9,6.4,6.6,364338,KBS,2026-10-09T05:29:53Z
2024-10-24,TIS,6.5,6.6,6.3,6.4,292568,KBS,2026-10-09T05:29:53Z
2024-10-25,TIS,6.4,6.7,6.3,6.6,343048,KBS,2026-10-09T05:29:53Z
2024-10-28,TIS,6.6,6.7,6.5,6.7,207104,KBS,2026-10-09T05:29:53Z
2024-10-29,TIS,6.6,6.7,6.5,6.6,186940,KBS,2026-10-09T05:29:53Z
2024-10-30,TIS,6.6,6.6,6.3,6.5,315312,KBS,2026-10-09T05:29:53Z
2024-10-31,TIS,6.5,6.5,6.1,6.3,188008,KBS,2026-10-09T05:29:53Z
2024-11-01,TIS,6.4,6.4,6.1,6.3,329599,KBS,2026-10-09T05:29:53Z
2024-11-04,TIS,5.4,6.4,5.4,6.2,140800,KBS,2026-10-09T05:29:53Z
2024-11-05,TIS,6.3,6.5,6.1,6.5,222600,KBS,2026-10-09T05:29:53Z
2024-11-06,TIS,6.4,6.5,6.3,6.5,59725,KBS,2026-10-09T05:29:53Z
2024-11-07,TIS,6.4,6.5,6.3,6.4,38900,KBS,2026-10-09T05:29:53Z
2024-11-08,TIS,6.5,6.5,6.2,6.4,83006,KBS,2026-10-09T05:29:53Z
2024-11-11,TIS,6.4,6.4,6.2,6.4,59400,KBS,2026-10-09T05:29:53Z
2024-11-12,TIS,6.5,6.6,6.3,6.4,139600,KBS,2026-10-09T05:29:53Z
2024-11-13,TIS,6.3,6.4,6.2,6.4,109200,KBS,2026-10-09T05:29:53Z
2024-11-14,TIS,6.3,6.4,6.1,6.3,115700,KBS,2026-10-09T05:29:53Z
2024-11-15,TIS,6.4,6.4,6.2,6.3,51400,KBS,2026-10-09T05:29:53Z
2024-11-18,TIS,6.2,6.3,5.8,6.1,184200,KBS,2026-10-09T05:29:53Z
2024-11-19,TIS,6.1,6.1,6.0,6.1,82100,KBS,2026-10-09T05:29:53Z
2024-11-20,TIS,6.1,6.2,5.9,6.2,28901,KBS,2026-10-09T05:29:53Z
2024-11-21,TIS,6.1,6.1,6.0,6.0,20601,KBS,2026-10-09T05:29:53Z
2024-11-22,TIS,6.0,6.1,6.0,6.1,36700,KBS,2026-10-09T05:29:53Z
2024-11-25,TIS,6.0,6.1,5.9,6.1,88961,KBS,2026-10-09T05:29:53Z
2024-11-26,TIS,6.0,6.1,6.0,6.1,70301,KBS,2026-10-09T05:29:53Z
2024-11-27,TIS,6.1,6.1,6.0,6.1,23100,KBS,2026-10-09T05:29:53Z
2024-11-28,TIS,6.1,6.2,6.0,6.1,50000,KBS,2026-10-09T05:29:53Z
2024-11-29,TIS,6.1,6.4,6.0,6.3,303428,KBS,2026-10-09T05:29:53Z
2024-12-02,TIS,6.4,6.4,6.1,6.3,216234,KBS,2026-10-09T05:29:53Z
2024-12-03,TIS,6.4,6.5,6.2,6.3,141500,KBS,2026-10-09T05:29:53Z
2024-12-04,TIS,6.3,6.4,6.1,6.3,165301,KBS,2026-10-09T05:29:53Z
2024-12-05,TIS,6.3,6.3,6.0,6.3,70604,KBS,2026-10-09T05:29:53Z
2024-12-06,TIS,6.3,6.3,6.2,6.3,119515,KBS,2026-10-09T05:29:53Z
2024-12-09,TIS,6.2,6.3,6.1,6.3,85548,KBS,2026-10-09T05:29:53Z
2024-12-10,TIS,6.3,6.3,6.0,6.3,182300,KBS,2026-10-09T05:29:53Z
2024-12-11,TIS,6.4,6.5,6.2,6.3,304652,KBS,2026-10-09T05:29:53Z
2024-12-12,TIS,6.2,6.3,6.2,6.3,80802,KBS,2026-10-09T05:29:53Z
2024-12-13,TIS,6.2,6.3,6.1,6.2,159600,KBS,2026-10-09T05:29:53Z
2024-12-16,TIS,6.0,6.1,6.0,6.1,80608,KBS,2026-10-09T05:29:53Z
2024-12-17,TIS,6.0,6.1,5.9,6.1,36893,KBS,2026-10-09T05:29:53Z
2024-12-18,TIS,6.1,6.2,6.0,6.2,74100,KBS,2026-10-09T05:29:53Z
2024-12-19,TIS,6.2,6.2,6.0,6.2,157700,KBS,2026-10-09T05:29:53Z
2024-12-20,TIS,6.0,6.3,6.0,6.2,123603,KBS,2026-10-09T05:29:53Z
2024-12-23,TIS,6.2,6.3,6.1,6.2,109701,KBS,2026-10-09T05:29:53Z
2024-12-24,TIS,6.2,6.2,6.0,6.2,116948,KBS,2026-10-09T05:29:53Z
2024-12-25,TIS,6.2,6.2,6.0,6.1,121248,KBS,2026-10-09T05:29:53Z
2024-12-26,TIS,6.1,6.1,6.0,6.1,24100,KBS,2026-10-09T05:29:53Z
2024-12-27,TIS,6.0,6.1,6.0,6.1,160948,KBS,2026-10-09T05:29:53Z
2024-12-30,TIS,6.0,6.1,6.0,6.1,152600,KBS,2026-10-09T05:29:53Z
2024-12-31,TIS,6.0,6.1,6.0,6.1,99311,KBS,2026-10-09T05:29:53Z
2025-01-02,TIS,6.1,6.2,6.0,6.2,192400,KBS,2026-10-09T05:29:53Z
2025-01-03,TIS,6.2,6.2,6.1,6.1,102600,KBS,2026-10-09T05:29:53Z
2025-01-06,TIS,6.0,6.2,6.0,6.1,109100,KBS,2026-10-09T05:29:53Z
2025-01-07,TIS,6.1,6.2,6.0,6.1,97300,KBS,2026-10-09T05:29:53Z
2025-01-08,TIS,6.0,6.2,6.0,6.2,136506,KBS,2026-10-09T05:29:53Z
2025-01-09,TIS,6.1,6.3,6.1,6.2,139173,KBS,2026-10-09T05:29:53Z
2025-01-10,TIS,6.1,6.2,6.0,6.2,202800,KBS,2026-10-09T05:29:53Z
2025-01-13,TIS,6.1,6.2,6.0,6.2,115300,KBS,2026-10-09T05:29:53Z
2025-01-14,TIS,6.0,6.1,6.0,6.1,29500,KBS,2026-10-09T05:29:53Z
2025-01-15,TIS,6.1,6.1,6.0,6.0,43300,KBS,2026-10-09T05:29:53Z
2025-01-16,TIS,6.1,6.3,6.0,6.2,209804,KBS,2026-10-09T05:29:53Z
2025-01-17,TIS,6.1,6.3,6.0,6.2,34500,KBS,2026-10-09T05:29:53Z
2025-01-20,TIS,6.3,6.3,6.2,6.3,145600,KBS,2026-10-09T05:29:53Z
2025-01-21,TIS,6.2,6.3,6.1,6.2,32700,KBS,2026-10-09T05:29:53Z
2025-01-22,TIS,6.1,6.2,6.1,6.2,8300,KBS,2026-10-09T05:29:53Z
2025-01-23,TIS,6.2,6.7,6.2,6.4,249772,KBS,2026-10-09T05:29:53Z
2025-01-24,TIS,6.3,6.5,6.3,6.4,160500,KBS,2026-10-09T05:29:53Z
2025-02-03,TIS,6.4,6.6,6.4,6.5,91301,KBS,2026-10-09T05:29:53Z
2025-02-04,TIS,6.4,6.7,6.3,6.7,273800,KBS,2026-10-09T05:29:53Z
2025-02-05,TIS,6.7,6.7,6.4,6.6,226870,KBS,2026-10-09T05:29:53Z
2025-02-06,TIS,6.5,6.6,6.4,6.6,151100,KBS,2026-10-09T05:29:53Z
2025-02-07,TIS,6.5,7.4,6.4,7.0,476106,KBS,2026-10-09T05:29:53Z
2025-02-10,TIS,6.8,7.0,6.5,6.7,106640,KBS,2026-10-09T05:29:53Z
2025-02-11,TIS,6.5,6.7,6.4,6.6,141411,KBS,2026-10-09T05:29:53Z
2025-02-12,TIS,6.4,6.6,6.4,6.6,167200,KBS,2026-10-09T05:29:53Z
2025-02-13,TIS,6.7,7.0,6.4,6.6,277704,KBS,2026-10-09T05:29:53Z
2025-02-14,TIS,6.6,6.8,6.4,6.6,158000,KBS,2026-10-09T05:29:53Z
2025-02-17,TIS,6.6,6.8,6.5,6.8,273572,KBS,2026-10-09T05:29:53Z
2025-02-18,TIS,6.8,6.9,6.7,6.8,89953,KBS,2026-10-09T05:29:53Z
2025-02-19,TIS,6.8,7.0,6.7,6.9,166423,KBS,2026-10-09T05:29:53Z
2025-02-20,TIS,6.9,6.9,6.5,6.6,381041,KBS,2026-10-09T05:29:53Z
2025-02-21,TIS,6.5,6.8,6.4,6.6,282115,KBS,2026-10-09T05:29:53Z
2025-02-24,TIS,6.7,7.2,6.6,7.0,606006,KBS,2026-10-09T05:29:53Z
2025-02-25,TIS,7.0,7.2,6.6,6.8,367760,KBS,2026-10-09T05:29:53Z
2025-02-26,TIS,6.9,6.9,6.5,6.7,264734,KBS,2026-10-09T05:29:53Z
2025-02-27,TIS,6.6,6.9,6.5,6.8,501460,KBS,2026-10-09T05:29:53Z
2025-02-28,TIS,6.8,6.8,6.6,6.7,108505,KBS,2026-10-09T05:29:53Z
2025-03-03,TIS,6.7,6.7,6.6,6.7,139902,KBS,2026-10-09T05:29:53Z
2025-03-04,TIS,6.5,6.6,6.5,6.6,109668,KBS,2026-10-09T05:29:53Z
2025-03-05,TIS,6.6,6.6,6.4,6.5,49801,KBS,2026-10-09T05:29:53Z
2025-03-06,TIS,6.5,6.5,6.4,6.5,38700,KBS,2026-10-09T05:29:53Z
2025-03-07,TIS,6.5,6.5,6.4,6.4,49400,KBS,2026-10-09T05:29:53Z
2025-03-10,TIS,6.4,6.4,6.3,6.4,50802,KBS,2026-10-09T05:29:53Z
2025-03-11,TIS,6.2,6.5,6.2,6.5,161500,KBS,2026-10-09T05:29:53Z
2025-03-12,TIS,6.4,6.4,6.3,6.3,61321,KBS,2026-10-09T05:29:53Z
2025-03-13,TIS,6.3,6.3,6.1,6.2,107004,KBS,2026-10-09T05:29:53Z
2025-03-14,TIS,6.2,6.2,6.1,6.2,85600,KBS,2026-10-09T05:29:53Z
2025-03-17,TIS,6.2,6.3,6.1,6.2,55400,KBS,2026-10-09T05:29:53Z
2025-03-18,TIS,6.3,6.3,6.1,6.2,105510,KBS,2026-10-09T05:29:53Z
2025-03-19,TIS,6.3,6.4,6.2,6.2,19228,KBS,2026-10-09T05:29:53Z
2025-03-20,TIS,6.3,6.3,6.1,6.2,66918,KBS,2026-10-09T05:29:53Z
2025-03-21,TIS,6.1,6.2,6.1,6.2,21300,KBS,2026-10-09T05:29:53Z
2025-03-24,TIS,6.1,6.2,6.1,6.2,34900,KBS,2026-10-09T05:29:53Z
2025-03-25,TIS,6.2,6.3,6.1,6.2,26100,KBS,2026-10-09T05:29:53Z
2025-03-26,TIS,6.3,6.4,6.2,6.3,63200,KBS,2026-10-09T05:29:53Z
2025-03-27,TIS,6.3,6.4,6.2,6.3,50200,KBS,2026-10-09T05:29:53Z
2025-03-28,TIS,6.4,6.4,6.2,6.2,35800,KBS,2026-10-09T05:29:53Z
2025-03-31,TIS,6.2,6.2,6.1,6.1,32800,KBS,2026-10-09T05:29:53Z
2025-04-01,TIS,6.1,6.2,6.0,6.1,71800,KBS,2026-10-09T05:29:53Z
2025-04-02,TIS,6.2,6.2,6.1,6.2,28500,KBS,2026-10-09T05:29:53Z
2025-04-03,TIS,6.1,6.1,5.2,5.5,383600,KBS,2026-10-09T05:29:53Z
2025-04-04,TIS,5.4,5.9,5.0,5.5,85927,KBS,2026-10-09T05:29:53Z
2025-04-08,TIS,5.2,5.5,4.8,4.8,537700,KBS,2026-10-09T05:29:53Z
2025-04-09,TIS,5.2,5.5,5.2,5.2,183400,KBS,2026-10-09T05:29:53Z
2025-04-10,TIS,6.0,6.0,5.8,6.0,161700,KBS,2026-10-09T05:29:53Z
2025-04-11,TIS,6.2,6.2,5.8,6.0,82200,KBS,2026-10-09T05:29:53Z
2025-04-14,TIS,6.0,6.0,5.8,6.0,9100,KBS,2026-10-09T05:29:53Z
2025-04-15,TIS,6.1,6.1,5.8,6.1,42224,KBS,2026-10-09T05:29:53Z
2025-04-16,TIS,5.9,5.9,5.8,5.8,37900,KBS,2026-10-09T05:29:53Z
2025-04-17,TIS,5.8,5.9,5.8,5.9,18217,KBS,2026-10-09T05:29:53Z
2025-04-18,TIS,6.0,6.0,5.7,5.7,116871,KBS,2026-10-09T05:29:53Z
2025-04-21,TIS,5.8,5.9,5.8,5.9,24309,KBS,2026-10-09T05:29:53Z
2025-04-22,TIS,5.9,5.9,5.5,5.8,43700,KBS,2026-10-09T05:29:53Z
2025-04-23,TIS,5.9,5.9,5.7,5.9,32509,KBS,2026-10-09T05:29:53Z
2025-04-24,TIS,6.0,6.2,5.8,5.8,60900,KBS,2026-10-09T05:29:53Z
2025-04-25,TIS,5.8,5.8,5.7,5.7,120320,KBS,2026-10-09T05:29:53Z
2025-04-28,TIS,5.8,5.9,5.7,5.7,35000,KBS,2026-10-09T05:29:53Z
2025-04-29,TIS,5.8,5.9,5.7,5.9,49406,KBS,2026-10-09T05:29:53Z
2025-05-05,TIS,5.7,5.8,5.7,5.8,69700,KBS,2026-10-09T05:29:53Z
2025-05-06,TIS,5.7,5.9,5.7,5.9,30600,KBS,2026-10-09T05:29:53Z
2025-05-07,TIS,5.8,5.9,5.7,5.7,101900,KBS,2026-10-09T05:29:53Z
2025-05-08,TIS,5.9,5.9,5.8,5.9,37200,KBS,2026-10-09T05:29:53Z
2025-05-09,TIS,5.9,6.0,5.7,5.9,177700,KBS,2026-10-09T05:29:53Z
2025-05-12,TIS,5.9,6.0,5.8,5.8,24100,KBS,2026-10-09T05:29:53Z
2025-05-13,TIS,6.0,6.0,5.8,5.9,23800,KBS,2026-10-09T05:29:53Z
2025-05-14,TIS,5.9,5.9,5.8,5.9,27400,KBS,2026-10-09T05:29:53Z
2025-05-15,TIS,6.0,6.0,5.8,5.9,64300,KBS,2026-10-09T05:29:53Z
2025-05-16,TIS,5.8,5.9,5.8,5.8,40600,KBS,2026-10-09T05:29:53Z
2025-05-19,TIS,5.7,5.9,5.7,5.8,63300,KBS,2026-10-09T05:29:53Z
2025-05-20,TIS,5.8,5.8,5.7,5.7,2800,KBS,2026-10-09T05:29:53Z
2025-05-21,TIS,5.7,5.8,5.6,5.8,38800,KBS,2026-10-09T05:29:53Z
2025-05-22,TIS,5.6,5.7,5.6,5.6,36900,KBS,2026-10-09T05:29:53Z
2025-05-23,TIS,5.6,5.6,5.5,5.6,64900,KBS,2026-10-09T05:29:53Z
2025-05-26,TIS,5.6,5.6,5.4,5.5,55400,KBS,2026-10-09T05:29:53Z
2025-05-27,TIS,5.5,5.8,5.5,5.7,56200,KBS,2026-10-09T05:29:53Z
2025-05-28,TIS,5.7,5.8,5.7,5.8,13200,KBS,2026-10-09T05:29:53Z
2025-05-29,TIS,5.8,5.8,5.7,5.7,15300,KBS,2026-10-09T05:29:53Z
2025-05-30,TIS,5.8,6.1,5.5,5.8,221400,KBS,2026-10-09T05:29:53Z
2025-06-02,TIS,5.9,5.9,5.6,5.8,7800,KBS,2026-10-09T05:29:53Z
2025-06-03,TIS,5.6,5.8,5.5,5.6,56500,KBS,2026-10-09T05:29:53Z
2025-06-04,TIS,5.5,5.6,5.5,5.6,27800,KBS,2026-10-09T05:29:53Z
2025-06-05,TIS,5.6,5.6,5.6,5.6,13400,KBS,2026-10-09T05:29:53Z
2025-06-06,TIS,5.6,5.6,5.5,5.6,9400,KBS,2026-10-09T05:29:53Z
2025-06-09,TIS,5.5,5.6,5.5,5.5,7600,KBS,2026-10-09T05:29:53Z
2025-06-10,TIS,5.5,5.6,5.5,5.6,5400,KBS,2026-10-09T05:29:53Z
2025-06-11,TIS,5.6,5.6,5.5,5.5,11000,KBS,2026-10-09T05:29:53Z
2025-06-12,TIS,5.6,5.6,5.5,5.5,18300,KBS,2026-10-09T05:29:53Z
2025-06-13,TIS,5.6,5.6,5.4,5.5,9100,KBS,2026-10-09T05:29:53Z
2025-06-16,TIS,5.5,5.5,5.3,5.5,46800,KBS,2026-10-09T05:29:53Z
2025-06-17,TIS,5.5,5.7,5.5,5.7,76600,KBS,2026-10-09T05:29:53Z
2025-06-18,TIS,5.7,5.7,5.5,5.6,46900,KBS,2026-10-09T05:29:53Z
2025-06-19,TIS,5.6,5.7,5.5,5.6,43500,KBS,2026-10-09T05:29:53Z
2025-06-20,TIS,5.5,5.6,5.5,5.6,13800,KBS,2026-10-09T05:29:53Z
2025-06-23,TIS,5.6,5.6,5.4,5.4,31300,KBS,2026-10-09T05:29:53Z
2025-06-24,TIS,5.5,5.5,5.3,5.5,82800,KBS,2026-10-09T05:29:53Z
2025-06-25,TIS,5.5,5.6,5.3,5.4,30300,KBS,2026-10-09T05:29:53Z
2025-06-26,TIS,5.4,5.4,5.4,5.4,11100,KBS,2026-10-09T05:29:53Z
2025-06-27,TIS,5.5,5.5,5.3,5.4,20800,KBS,2026-10-09T05:29:53Z
2025-06-30,TIS,5.4,5.5,5.2,5.2,248500,KBS,2026-10-09T05:29:53Z
2025-07-01,TIS,5.4,5.4,5.3,5.3,44800,KBS,2026-10-09T05:29:53Z
2025-07-02,TIS,5.3,5.4,5.3,5.3,34200,KBS,2026-10-09T05:29:53Z
2025-07-03,TIS,5.3,5.4,5.2,5.3,171100,KBS,2026-10-09T05:29:53Z
2025-07-04,TIS,5.3,5.4,5.2,5.3,10900,KBS,2026-10-09T05:29:53Z
2025-07-07,TIS,5.3,5.4,5.3,5.4,57400,KBS,2026-10-09T05:29:53Z
2025-07-08,TIS,5.4,5.5,5.2,5.4,172200,KBS,2026-10-09T05:29:53Z
2025-07-09,TIS,5.5,5.6,5.4,5.4,56700,KBS,2026-10-09T05:29:53Z
2025-07-10,TIS,5.5,5.5,5.4,5.4,46200,KBS,2026-10-09T05:29:53Z
2025-07-11,TIS,5.5,5.5,5.4,5.4,30000,KBS,2026-10-09T05:29:53Z
2025-07-14,TIS,5.5,5.6,5.4,5.4,50500,KBS,2026-10-09T05:29:53Z
2025-07-15,TIS,5.3,5.5,5.3,5.4,60900,KBS,2026-10-09T05:29:53Z
2025-07-16,TIS,5.4,5.4,5.3,5.4,30900,KBS,2026-10-09T05:29:53Z
2025-07-17,TIS,5.4,5.5,5.3,5.5,50100,KBS,2026-10-09T05:29:53Z
2025-07-18,TIS,5.3,5.5,5.3,5.5,40900,KBS,2026-10-09T05:29:53Z
2025-07-21,TIS,5.5,5.6,5.4,5.5,71200,KBS,2026-10-09T05:29:53Z
2025-07-22,TIS,5.5,5.5,5.3,5.5,37700,KBS,2026-10-09T05:29:53Z
2025-07-23,TIS,5.5,5.6,5.4,5.5,88400,KBS,2026-10-09T05:29:53Z
2025-07-24,TIS,5.5,5.6,5.4,5.4,48100,KBS,2026-10-09T05:29:53Z
2025-07-25,TIS,5.5,5.5,5.4,5.5,135400,KBS,2026-10-09T05:29:53Z
2025-07-28,TIS,5.5,5.6,5.4,5.5,186000,KBS,2026-10-09T05:29:53Z
2025-07-29,TIS,5.5,5.6,5.4,5.4,111100,KBS,2026-10-09T05:29:53Z
2025-07-30,TIS,5.5,5.5,5.3,5.4,28200,KBS,2026-10-09T05:29:53Z
2025-07-31,TIS,5.4,5.5,5.4,5.5,40900,KBS,2026-10-09T05:29:53Z
2025-08-01,TIS,5.5,5.5,5.4,5.5,44200,KBS,2026-10-09T05:29:53Z
2025-08-04,TIS,5.5,5.5,5.5,5.5,26100,KBS,2026-10-09T05:29:53Z
2025-08-05,TIS,5.5,5.7,5.4,5.5,122400,KBS,2026-10-09T05:29:53Z
2025-08-06,TIS,5.5,5.6,5.5,5.6,9300,KBS,2026-10-09T05:29:53Z
2025-08-07,TIS,5.5,5.9,5.5,5.8,119600,KBS,2026-10-09T05:29:53Z
2025-08-08,TIS,5.8,5.9,5.7,5.7,22700,KBS,2026-10-09T05:29:53Z
2025-08-11,TIS,5.8,5.8,5.7,5.7,10300,KBS,2026-10-09T05:29:53Z
2025-08-12,TIS,5.7,5.8,5.7,5.7,60500,KBS,2026-10-09T05:29:53Z
2025-08-13,TIS,5.6,5.7,5.6,5.7,34300,KBS,2026-10-09T05:29:53Z
2025-08-14,TIS,5.7,5.7,5.6,5.7,26500,KBS,2026-10-09T05:29:53Z
2025-08-15,TIS,5.7,5.8,5.6,5.6,79700,KBS,2026-10-09T05:29:53Z
2025-08-18,TIS,5.8,6.0,5.6,5.7,42600,KBS,2026-10-09T05:29:53Z
2025-08-19,TIS,5.8,5.8,5.6,5.7,26700,KBS,2026-10-09T05:29:53Z
2025-08-20,TIS,5.6,5.6,5.5,5.5,36500,KBS,2026-10-09T05:29:53Z
2025-08-21,TIS,5.5,5.7,5.4,5.6,12300,KBS,2026-10-09T05:29:53Z
2025-08-22,TIS,5.5,5.5,5.4,5.4,15700,KBS,2026-10-09T05:29:53Z
2025-08-25,TIS,5.5,5.5,5.4,5.4,18200,KBS,2026-10-09T05:29:53Z
2025-08-26,TIS,5.4,5.6,5.4,5.6,19500,KBS,2026-10-09T05:29:53Z
2025-08-27,TIS,5.4,5.4,5.3,5.3,5400,KBS,2026-10-09T05:29:53Z
2025-08-28,TIS,5.5,5.5,5.0,5.4,60800,KBS,2026-10-09T05:29:53Z
2025-08-29,TIS,5.3,5.5,5.1,5.4,61600,KBS,2026-10-09T05:29:53Z
2025-09-03,TIS,5.2,5.5,5.2,5.3,48400,KBS,2026-10-09T05:29:53Z
2025-09-04,TIS,5.3,5.5,5.3,5.5,63300,KBS,2026-10-09T05:29:53Z
2025-09-05,TIS,5.5,5.6,5.4,5.4,44000,KBS,2026-10-09T05:29:53Z
2025-09-08,TIS,5.4,5.5,5.2,5.3,68500,KBS,2026-10-09T05:29:53Z
2025-09-09,TIS,5.3,5.4,5.2,5.3,21200,KBS,2026-10-09T05:29:53Z
2025-09-10,TIS,5.3,5.3,5.3,5.3,9000,KBS,2026-10-09T05:29:53Z
2025-09-11,TIS,5.3,5.3,5.3,5.3,14500,KBS,2026-10-09T05:29:53Z
2025-09-12,TIS,5.4,5.4,5.3,5.4,22500,KBS,2026-10-09T05:29:53Z
2025-09-15,TIS,5.4,5.5,5.3,5.4,40300,KBS,2026-10-09T05:29:53Z
2025-09-16,TIS,5.4,5.5,5.3,5.3,45200,KBS,2026-10-09T05:29:53Z
2025-09-17,TIS,5.5,5.5,5.4,5.4,12300,KBS,2026-10-09T05:29:53Z
2025-09-18,TIS,5.4,5.5,5.3,5.4,7000,KBS,2026-10-09T05:29:53Z
2025-09-19,TIS,5.4,5.4,5.3,5.3,14800,KBS,2026-10-09T05:29:53Z
2025-09-22,TIS,5.2,5.3,5.2,5.2,12800,KBS,2026-10-09T05:29:53Z
2025-09-23,TIS,5.3,5.4,5.3,5.3,10600,KBS,2026-10-09T05:29:53Z
2025-09-24,TIS,5.3,5.3,5.1,5.2,21800,KBS,2026-10-09T05:29:53Z
2025-09-25,TIS,5.2,5.4,5.2,5.3,7000,KBS,2026-10-09T05:29:53Z
2025-09-26,TIS,5.3,5.3,5.3,5.3,1200,KBS,2026-10-09T05:29:53Z
2025-09-29,TIS,5.2,5.3,5.0,5.3,24300,KBS,2026-10-09T05:29:53Z
2025-09-30,TIS,5.3,5.3,5.2,5.2,8500,KBS,2026-10-09T05:29:53Z
2025-10-01,TIS,5.1,5.2,5.1,5.2,4600,KBS,2026-10-09T05:29:53Z
2025-10-02,TIS,5.3,5.3,5.1,5.1,4100,KBS,2026-10-09T05:29:53Z
2025-10-03,TIS,5.2,5.2,5.1,5.1,6300,KBS,2026-10-09T05:29:53Z
2025-10-06,TIS,5.2,5.2,5.2,5.2,9000,KBS,2026-10-09T05:29:53Z
2025-10-07,TIS,5.2,5.2,5.1,5.1,37900,KBS,2026-10-09T05:29:53Z
2025-10-08,TIS,5.1,5.2,4.9,5.2,16600,KBS,2026-10-09T05:29:53Z
2025-10-09,TIS,5.0,5.2,5.0,5.2,8400,KBS,2026-10-09T05:29:53Z
2025-10-10,TIS,5.1,5.2,5.0,5.2,60300,KBS,2026-10-09T05:29:53Z
2025-10-13,TIS,5.1,5.2,5.1,5.2,108600,KBS,2026-10-09T05:29:53Z
2025-10-14,TIS,5.2,5.2,5.1,5.1,7000,KBS,2026-10-09T05:29:53Z
2025-10-15,TIS,5.1,5.1,5.0,5.1,2500,KBS,2026-10-09T05:29:53Z
2025-10-16,TIS,5.1,5.3,5.0,5.0,22100,KBS,2026-10-09T05:29:53Z
2025-10-17,TIS,5.1,5.3,5.0,5.0,3800,KBS,2026-10-09T05:29:53Z
2025-10-20,TIS,5.1,5.1,4.9,4.9,12900,KBS,2026-10-09T05:29:53Z
2025-10-21,TIS,4.9,5.0,4.8,4.9,8800,KBS,2026-10-09T05:29:53Z
2025-10-22,TIS,5.1,5.1,4.9,4.9,11200,KBS,2026-10-09T05:29:53Z
2025-10-23,TIS,5.0,5.0,5.0,5.0,5500,KBS,2026-10-09T05:29:53Z
2025-10-24,TIS,5.0,5.1,4.9,4.9,16300,KBS,2026-10-09T05:29:53Z
2025-10-27,TIS,4.9,4.9,4.8,4.8,7200,KBS,2026-10-09T05:29:53Z
2025-10-28,TIS,4.9,4.9,4.9,4.9,1100,KBS,2026-10-09T05:29:53Z
2025-10-29,TIS,4.9,4.9,4.9,4.9,8800,KBS,2026-10-09T05:29:53Z
2025-10-30,TIS,4.9,4.9,4.9,4.9,9500,KBS,2026-10-09T05:29:53Z
2025-10-31,TIS,5.2,5.2,4.9,4.9,1900,KBS,2026-10-09T05:29:53Z
2025-11-03,TIS,4.8,4.9,4.8,4.9,6100,KBS,2026-10-09T05:29:53Z
2025-11-04,TIS,4.8,4.8,4.8,4.8,300,KBS,2026-10-09T05:29:53Z
2025-11-05,TIS,4.8,5.1,4.8,4.9,6100,KBS,2026-10-09T05:29:53Z
2025-11-06,TIS,4.9,5.0,4.9,5.0,400,KBS,2026-10-09T05:29:53Z
2025-11-07,TIS,5.0,5.0,4.9,4.9,13600,KBS,2026-10-09T05:29:53Z
2025-11-10,TIS,4.5,5.0,4.5,5.0,1100,KBS,2026-10-09T05:29:53Z
2025-11-11,TIS,4.8,4.8,4.8,4.8,900,KBS,2026-10-09T05:29:53Z
2025-11-12,TIS,4.7,5.0,4.7,4.9,10700,KBS,2026-10-09T05:29:53Z
2025-11-13,TIS,4.9,4.9,4.9,4.9,600,KBS,2026-10-09T05:29:53Z
2025-11-14,TIS,4.9,4.9,4.9,4.9,300,KBS,2026-10-09T05:29:53Z
2025-11-17,TIS,4.9,4.9,4.9,4.9,500,KBS,2026-10-09T05:29:53Z
2025-11-18,TIS,4.7,4.9,4.7,4.9,6400,KBS,2026-10-09T05:29:53Z
2025-11-19,TIS,4.9,4.9,4.9,4.9,10200,KBS,2026-10-09T05:29:53Z
2025-11-20,TIS,4.9,4.9,4.9,4.9,200,KBS,2026-10-09T05:29:53Z
2025-11-21,TIS,4.9,4.9,4.9,4.9,500,KBS,2026-10-09T05:29:53Z
2025-11-24,TIS,5.1,5.1,4.9,4.9,900,KBS,2026-10-09T05:29:53Z
2025-11-25,TIS,4.8,4.8,4.8,4.8,4200,KBS,2026-10-09T05:29:53Z
2025-11-26,TIS,4.8,4.8,4.8,4.8,10200,KBS,2026-10-09T05:29:53Z
2025-11-27,TIS,4.9,4.9,4.8,4.8,14600,KBS,2026-10-09T05:29:53Z
2025-11-28,TIS,4.9,4.9,4.5,4.8,11100,KBS,2026-10-09T05:29:53Z
2025-12-01,TIS,4.7,4.9,4.7,4.8,3000,KBS,2026-10-09T05:29:53Z
2025-12-02,TIS,4.8,4.8,4.7,4.8,1800,KBS,2026-10-09T05:29:53Z
2025-12-03,TIS,4.8,4.8,4.8,4.8,2100,KBS,2026-10-09T05:29:53Z
2025-12-04,TIS,4.9,4.9,4.8,4.8,11400,KBS,2026-10-09T05:29:53Z
2025-12-05,TIS,4.7,4.9,4.7,4.9,400,KBS,2026-10-09T05:29:53Z
2025-12-08,TIS,4.8,4.8,4.8,4.8,7400,KBS,2026-10-09T05:29:53Z
2025-12-09,TIS,4.8,4.8,4.8,4.8,800,KBS,2026-10-09T05:29:53Z
2025-12-10,TIS,4.8,4.8,4.8,4.8,5000,KBS,2026-10-09T05:29:53Z
2025-12-11,TIS,4.6,5.0,4.6,5.0,2100,KBS,2026-10-09T05:29:53Z
2025-12-12,TIS,4.7,4.8,4.7,4.8,800,KBS,2026-10-09T05:29:53Z
2025-12-15,TIS,4.7,4.7,4.7,4.7,1500,KBS,2026-10-09T05:29:53Z
2025-12-16,TIS,4.7,4.7,4.7,4.7,1300,KBS,2026-10-09T05:29:53Z
2025-12-17,TIS,4.7,4.9,4.7,4.8,17400,KBS,2026-10-09T05:29:53Z
2025-12-18,TIS,4.8,4.8,4.8,4.8,400,KBS,2026-10-09T05:29:53Z
2025-12-19,TIS,4.3,4.9,4.3,4.7,7400,KBS,2026-10-09T05:29:53Z
2025-12-22,TIS,4.6,4.7,4.6,4.7,1600,KBS,2026-10-09T05:29:53Z
2025-12-23,TIS,4.7,4.8,4.6,4.6,4900,KBS,2026-10-09T05:29:53Z
2025-12-24,TIS,4.6,4.6,4.6,4.6,24500,KBS,2026-10-09T05:29:53Z
2025-12-25,TIS,4.5,5.2,4.3,4.5,60900,KBS,2026-10-09T05:29:53Z
2025-12-26,TIS,4.5,4.6,4.4,4.6,6500,KBS,2026-10-09T05:29:53Z
2025-12-29,TIS,4.6,4.6,4.5,4.6,4100,KBS,2026-10-09T05:29:53Z
2025-12-30,TIS,4.8,5.1,4.6,4.9,157600,KBS,2026-10-09T05:29:53Z
2025-12-31,TIS,5.0,5.4,4.9,5.1,120900,KBS,2026-10-09T05:29:53Z
2026-01-05,TIS,5.1,5.1,4.9,5.0,900,KBS,2026-10-09T05:29:53Z
2026-01-06,TIS,5.0,5.0,4.8,4.8,12100,KBS,2026-10-09T05:29:53Z
2026-01-07,TIS,5.3,5.3,4.8,5.0,3000,KBS,2026-10-09T05:29:53Z
2026-01-08,TIS,4.9,5.0,4.9,4.9,19000,KBS,2026-10-09T05:29:53Z
2026-01-09,TIS,5.0,5.0,4.9,4.9,7900,KBS,2026-10-09T05:29:53Z
2026-01-12,TIS,5.1,5.1,4.9,5.0,26300,KBS,2026-10-09T05:29:53Z
2026-01-13,TIS,5.0,5.0,4.7,4.7,8400,KBS,2026-10-09T05:29:53Z
2026-01-14,TIS,4.8,5.0,4.8,4.9,17300,KBS,2026-10-09T05:29:53Z
2026-01-15,TIS,5.0,5.6,5.0,5.4,140300,KBS,2026-10-09T05:29:53Z
2026-01-16,TIS,5.4,5.7,5.3,5.4,140000,KBS,2026-10-09T05:29:53Z
2026-01-19,TIS,5.5,5.6,5.2,5.4,67800,KBS,2026-10-09T05:29:53Z
2026-01-20,TIS,5.5,5.5,5.3,5.4,11200,KBS,2026-10-09T05:29:53Z
2026-01-21,TIS,5.4,5.4,5.1,5.1,19000,KBS,2026-10-09T05:29:53Z
2026-01-22,TIS,5.4,5.4,5.1,5.2,11100,KBS,2026-10-09T05:29:53Z
2026-01-23,TIS,5.4,5.4,5.0,5.3,20600,KBS,2026-10-09T05:29:53Z
2026-01-26,TIS,5.3,5.3,5.2,5.2,22800,KBS,2026-10-09T05:29:53Z
2026-01-27,TIS,5.3,5.3,5.0,5.2,7200,KBS,2026-10-09T05:29:53Z
2026-01-28,TIS,5.4,5.4,5.0,5.0,6800,KBS,2026-10-09T05:29:53Z
2026-01-29,TIS,5.1,5.3,5.0,5.1,19800,KBS,2026-10-09T05:29:53Z
2026-01-30,TIS,5.4,5.4,5.1,5.1,6600,KBS,2026-10-09T05:29:53Z
2026-02-02,TIS,5.1,5.4,5.1,5.1,3500,KBS,2026-10-09T05:29:53Z
2026-02-03,TIS,5.2,5.4,5.1,5.1,6200,KBS,2026-10-09T05:29:53Z
2026-02-04,TIS,5.3,5.6,5.0,5.2,56700,KBS,2026-10-09T05:29:53Z
2026-02-05,TIS,5.4,5.4,5.0,5.3,17200,KBS,2026-10-09T05:29:53Z
2026-02-06,TIS,5.3,5.3,5.0,5.1,20900,KBS,2026-10-09T05:29:53Z
2026-02-09,TIS,5.1,5.1,5.0,5.1,6300,KBS,2026-10-09T05:29:53Z
2026-02-10,TIS,5.0,5.0,5.0,5.0,7800,KBS,2026-10-09T05:29:53Z
2026-02-11,TIS,5.0,5.1,5.0,5.1,800,KBS,2026-10-09T05:29:53Z
2026-02-12,TIS,5.0,5.2,4.8,5.1,40100,KBS,2026-10-09T05:29:53Z
2026-02-13,TIS,4.9,5.3,4.9,5.3,8200,KBS,2026-10-09T05:29:53Z
2026-02-23,TIS,5.3,5.3,5.1,5.1,13200,KBS,2026-10-09T05:29:53Z
2026-02-24,TIS,5.2,5.3,5.2,5.2,13100,KBS,2026-10-09T05:29:53Z
2026-02-25,TIS,5.3,5.4,5.2,5.3,102900,KBS,2026-10-09T05:29:53Z
2026-02-26,TIS,5.3,5.3,5.2,5.3,12400,KBS,2026-10-09T05:29:53Z
2026-02-27,TIS,5.3,5.3,5.0,5.0,72600,KBS,2026-10-09T05:29:53Z
2026-03-02,TIS,5.4,5.4,5.0,5.1,26000,KBS,2026-10-09T05:29:53Z
2026-03-03,TIS,5.2,5.2,5.0,5.0,67800,KBS,2026-10-09T05:29:53Z
2026-03-04,TIS,5.0,5.1,4.8,4.9,77600,KBS,2026-10-09T05:29:53Z
2026-03-05,TIS,5.0,5.0,5.0,5.0,600,KBS,2026-10-09T05:29:53Z
2026-03-06,TIS,5.0,5.0,4.9,4.9,22400,KBS,2026-10-09T05:29:53Z
2026-03-09,TIS,4.9,4.9,4.4,4.4,35300,KBS,2026-10-09T05:29:53Z
2026-03-10,TIS,4.8,5.0,4.5,4.5,32300,KBS,2026-10-09T05:29:53Z
2026-03-11,TIS,4.4,5.0,4.4,4.9,4500,KBS,2026-10-09T05:29:53Z
2026-03-12,TIS,4.9,4.9,4.8,4.8,1500,KBS,2026-10-09T05:29:53Z
2026-03-13,TIS,4.8,4.8,4.8,4.8,4300,KBS,2026-10-09T05:29:53Z
2026-03-16,TIS,4.8,4.8,4.6,4.8,6600,KBS,2026-10-09T05:29:53Z
2026-03-17,TIS,4.8,5.0,4.8,4.9,209900,KBS,2026-10-09T05:29:53Z
2026-03-18,TIS,4.8,4.9,4.8,4.9,14100,KBS,2026-10-09T05:29:53Z
2026-03-19,TIS,4.9,4.9,4.8,4.8,60100,KBS,2026-10-09T05:29:53Z
2026-03-20,TIS,4.8,4.9,4.7,4.8,53200,KBS,2026-10-09T05:29:53Z
2026-03-23,TIS,4.3,4.8,4.3,4.8,45800,KBS,2026-10-09T05:29:53Z
2026-03-24,TIS,5.0,5.0,4.8,4.8,36800,KBS,2026-10-09T05:29:53Z
2026-03-25,TIS,5.0,5.0,4.8,4.8,118000,KBS,2026-10-09T05:29:53Z
2026-03-26,TIS,5.0,5.0,4.8,4.8,1700,KBS,2026-10-09T05:29:53Z
2026-03-27,TIS,4.8,4.9,4.8,4.9,4800,KBS,2026-10-09T05:29:53Z
2026-03-30,TIS,4.9,4.9,4.8,4.8,22900,KBS,2026-10-09T05:29:53Z
2026-03-31,TIS,4.9,5.2,4.7,5.0,46200,KBS,2026-10-09T05:29:53Z
2026-04-01,TIS,5.0,5.1,4.9,5.1,42100,KBS,2026-10-09T05:29:53Z
2026-04-02,TIS,5.0,5.0,4.8,4.9,13200,KBS,2026-10-09T05:29:53Z
2026-04-03,TIS,5.0,5.0,4.9,4.9,8300,KBS,2026-10-09T05:29:53Z
2026-04-06,TIS,5.1,5.2,5.0,5.0,157300,KBS,2026-10-09T05:29:53Z
2026-04-07,TIS,4.9,5.1,4.9,5.1,500,KBS,2026-10-09T05:29:53Z
2026-04-08,TIS,5.1,5.1,4.8,4.9,35900,KBS,2026-10-09T05:29:53Z
2026-04-09,TIS,4.9,5.1,4.8,4.8,10000,KBS,2026-10-09T05:29:53Z
2026-04-10,TIS,4.9,4.9,4.8,4.9,22000,KBS,2026-10-09T05:29:53Z
2026-04-13,TIS,5.0,5.0,4.9,4.9,3300,KBS,2026-10-09T05:29:53Z
2026-04-14,TIS,5.0,5.1,4.9,5.1,56700,KBS,2026-10-09T05:29:53Z
2026-04-15,TIS,5.2,5.2,4.8,4.8,13300,KBS,2026-10-09T05:29:53Z
2026-04-16,TIS,4.9,5.0,4.8,5.0,10600,KBS,2026-10-09T05:29:53Z
2026-04-17,TIS,4.9,5.0,4.9,5.0,19500,KBS,2026-10-09T05:29:53Z
2026-04-20,TIS,5.0,5.1,4.9,5.1,22600,KBS,2026-10-09T05:29:53Z
2026-04-21,TIS,5.0,5.0,5.0,5.0,8800,KBS,2026-10-09T05:29:53Z
2026-04-22,TIS,4.9,5.0,4.9,4.9,11300,KBS,2026-10-09T05:29:53Z
2026-04-23,TIS,4.9,4.9,4.8,4.9,63300,KBS,2026-10-09T05:29:53Z
2026-04-24,TIS,4.9,4.9,4.9,4.9,3700,KBS,2026-10-09T05:29:53Z
2026-04-28,TIS,4.9,4.9,4.8,4.9,6400,KBS,2026-10-09T05:29:53Z
2026-04-29,TIS,4.8,4.9,4.8,4.9,3600,KBS,2026-10-09T05:29:53Z
2026-05-04,TIS,4.9,4.9,4.8,4.8,2400,KBS,2026-10-09T05:29:53Z
2026-05-06,TIS,4.9,4.9,4.8,4.8,700,KBS,2026-10-09T05:29:53Z
2026-05-07,TIS,4.8,4.9,4.7,4.9,3000,KBS,2026-10-09T05:29:53Z
2026-05-08,TIS,4.8,4.9,4.8,4.9,4000,KBS,2026-10-09T05:29:53Z
2026-05-11,TIS,4.8,4.8,4.8,4.8,500,KBS,2026-10-09T05:29:53Z
2026-05-12,TIS,4.8,4.8,4.8,4.8,7700,KBS,2026-10-09T05:29:53Z
2026-05-13,TIS,4.9,5.0,4.9,5.0,1000,KBS,2026-10-09T05:29:53Z
2026-05-14,TIS,4.9,4.9,4.9,4.9,21000,KBS,2026-10-09T05:29:53Z
2026-05-15,TIS,4.9,4.9,4.9,4.9,100,KBS,2026-10-09T05:29:53Z
2026-05-18,TIS,4.5,4.8,4.5,4.7,8700,KBS,2026-10-09T05:29:53Z
2026-05-19,TIS,4.9,4.9,4.7,4.7,3100,KBS,2026-10-09T05:29:53Z
2026-05-20,TIS,4.9,4.9,4.9,4.9,200,KBS,2026-10-09T05:29:53Z
2026-05-21,TIS,4.8,4.9,4.8,4.8,2100,KBS,2026-10-09T05:29:53Z
2026-05-22,TIS,4.7,5.0,4.7,4.9,62200,KBS,2026-10-09T05:29:53Z
2026-05-25,TIS,4.8,4.9,4.7,4.9,16900,KBS,2026-10-09T05:29:53Z
2026-05-26,TIS,4.8,5.0,4.8,5.0,46900,KBS,2026-10-09T05:29:53Z
2026-05-27,TIS,5.0,5.0,4.7,4.9,34500,KBS,2026-10-09T05:29:53Z
2026-05-28,TIS,4.8,4.9,4.8,4.8,7300,KBS,2026-10-09T05:29:53Z
2026-05-29,TIS,4.7,4.8,4.7,4.7,5200,KBS,2026-10-09T05:29:53Z
2026-06-01,TIS,4.7,4.8,4.7,4.8,1300,KBS,2026-10-09T05:29:53Z
2026-06-02,TIS,4.7,4.9,4.6,4.7,32800,KBS,2026-10-09T05:29:53Z
2026-06-03,TIS,4.8,4.8,4.6,4.8,1800,KBS,2026-10-09T05:29:53Z
2026-06-04,TIS,4.6,4.6,4.6,4.6,2500,KBS,2026-10-09T05:29:53Z
2026-06-05,TIS,4.6,4.7,4.6,4.6,3500,KBS,2026-10-09T05:29:53Z
2026-06-08,TIS,4.6,4.8,4.6,4.8,5800,KBS,2026-10-09T05:29:53Z
2026-06-09,TIS,4.8,4.8,4.8,4.8,100,KBS,2026-10-09T05:29:53Z
2026-06-10,TIS,4.8,4.8,4.8,4.8,100,KBS,2026-10-09T05:29:53Z
2026-06-11,TIS,4.8,4.8,4.7,4.7,11500,KBS,2026-10-09T05:29:53Z
2026-06-12,TIS,4.7,4.8,4.6,4.7,10000,KBS,2026-10-09T05:29:53Z
2026-06-15,TIS,4.7,4.7,4.7,4.7,3400,KBS,2026-10-09T05:29:53Z
2026-06-16,TIS,4.7,4.7,4.7,4.7,7400,KBS,2026-10-09T05:29:53Z
2026-06-17,TIS,4.7,4.7,4.6,4.7,17200,KBS,2026-10-09T05:29:53Z
2026-06-18,TIS,4.8,4.8,4.7,4.7,3600,KBS,2026-10-09T05:29:53Z
2026-06-19,TIS,4.8,4.8,4.6,4.6,28600,KBS,2026-10-09T05:29:53Z
2026-06-22,TIS,4.6,4.6,4.6,4.6,800,KBS,2026-10-09T05:29:53Z
2026-06-23,TIS,4.7,4.7,4.6,4.6,400,KBS,2026-10-09T05:29:53Z
2026-06-24,TIS,4.6,4.6,4.6,4.6,6100,KBS,2026-10-09T05:29:53Z
2026-06-25,TIS,4.6,4.7,4.5,4.7,13800,KBS,2026-10-09T05:29:53Z
2026-06-26,TIS,4.5,4.7,4.5,4.7,11300,KBS,2026-10-09T05:29:53Z
2026-06-29,TIS,4.7,4.7,4.5,4.6,1700,KBS,2026-10-09T05:29:53Z
2026-06-30,TIS,4.6,4.6,4.4,4.4,9300,KBS,2026-10-09T05:29:53Z
2026-07-01,TIS,4.4,4.5,4.4,4.5,3100,KBS,2026-10-09T05:29:53Z
2026-07-02,TIS,4.5,4.7,4.5,4.7,4300,KBS,2026-10-09T05:29:53Z
2026-07-03,TIS,4.6,4.6,4.5,4.5,19400,KBS,2026-10-09T05:29:53Z
2026-07-06,TIS,4.5,4.5,4.5,4.5,300,KBS,2026-10-09T05:29:53Z
2026-07-07,TIS,4.4,4.5,3.9,4.5,3100,KBS,2026-10-09T05:29:53Z
2026-07-08,TIS,4.5,4.5,4.4,4.4,3400,KBS,2026-10-09T05:29:53Z
2026-07-09,TIS,4.5,4.5,4.5,4.5,3100,KBS,2026-10-09T05:29:53Z
2026-07-10,TIS,4.5,4.5,4.4,4.4,5600,KBS,2026-10-09T05:29:53Z
2026-07-13,TIS,4.4,4.4,4.3,4.3,5500,KBS,2026-10-09T05:29:53Z
2026-07-14,TIS,4.4,4.4,4.3,4.3,16800,KBS,2026-10-09T05:29:53Z
2026-07-15,TIS,4.3,4.4,4.3,4.4,3000,KBS,2026-10-09T05:29:53Z
2026-07-16,TIS,4.4,4.4,4.3,4.4,14100,KBS,2026-10-09T05:29:53Z
2026-07-17,TIS,3.8,4.3,3.8,4.2,32400,KBS,2026-10-09T05:29:53Z
2026-07-20,TIS,4.2,4.3,4.0,4.0,14600,KBS,2026-10-09T05:29:53Z
2026-07-21,TIS,4.1,4.1,3.9,4.0,12400,KBS,2026-10-09T05:29:53Z
2026-07-22,TIS,4.0,4.0,4.0,4.0,12500,KBS,2026-10-09T05:29:53Z
2026-07-23,TIS,4.0,4.0,3.8,3.8,7900,KBS,2026-10-09T05:29:53Z
2026-07-24,TIS,4.0,4.0,3.9,3.9,7100,KBS,2026-10-09T05:29:53Z
2026-07-27,TIS,4.0,4.0,3.9,3.9,1700,KBS,2026-10-09T05:29:53Z
2026-07-28,TIS,4.0,4.0,4.0,4.0,2300,KBS,2026-10-09T05:29:53Z
2026-07-29,TIS,3.8,4.0,3.8,3.9,7000,KBS,2026-10-09T05:29:53Z
2026-07-30,TIS,3.9,4.0,3.9,4.0,34400,KBS,2026-10-09T05:29:53Z
2026-07-31,TIS,3.9,4.1,3.9,4.0,23000,KBS,2026-10-09T05:29:53Z
2026-08-03,TIS,4.6,4.6,4.0,4.3,14200,KBS,2026-10-09T05:29:53Z
2026-08-04,TIS,4.1,4.1,4.1,4.1,1200,KBS,2026-10-09T05:29:53Z
2026-08-05,TIS,4.3,4.3,4.3,4.3,1700,KBS,2026-10-09T05:29:53Z
2026-08-06,TIS,4.3,4.3,4.1,4.2,1700,KBS,2026-10-09T05:29:53Z
2026-08-07,TIS,4.0,4.2,4.0,4.2,1100,KBS,2026-10-09T05:29:53Z
2026-08-10,TIS,4.3,4.3,4.0,4.2,4800,KBS,2026-10-09T05:29:53Z
2026-08-11,TIS,4.7,4.7,4.4,4.4,200,KBS,2026-10-09T05:29:53Z
2026-08-12,TIS,4.3,4.3,4.3,4.3,11600,KBS,2026-10-09T05:29:53Z
2026-08-13,TIS,4.2,4.2,4.2,4.2,400,KBS,2026-10-09T05:29:53Z
2026-08-14,TIS,4.3,4.7,4.3,4.3,3200,KBS,2026-10-09T05:29:53Z
2026-08-17,TIS,4.4,4.4,4.1,4.2,7200,KBS,2026-10-09T05:29:53Z
2026-08-18,TIS,4.3,4.3,4.2,4.2,2700,KBS,2026-10-09T05:29:53Z
2026-08-19,TIS,4.2,4.2,4.1,4.1,9800,KBS,2026-10-09T05:29:53Z
2026-08-20,TIS,4.1,4.1,4.1,4.1,2000,KBS,2026-10-09T05:29:53Z
2026-08-21,TIS,4.1,4.1,4.0,4.0,6600,KBS,2026-10-09T05:29:53Z
2026-08-24,TIS,4.5,4.5,4.3,4.3,20000,KBS,2026-10-09T05:29:53Z
2026-08-25,TIS,4.4,4.5,4.1,4.5,600,KBS,2026-10-09T05:29:53Z
2026-08-26,TIS,4.5,4.5,4.1,4.1,8300,KBS,2026-10-09T05:29:53Z
2026-08-27,TIS,4.1,4.2,4.1,4.2,3200,KBS,2026-10-09T05:29:53Z
2026-08-28,TIS,4.2,4.2,4.1,4.1,3100,KBS,2026-10-09T05:29:53Z
2026-09-03,TIS,4.4,4.4,4.3,4.4,700,KBS,2026-10-09T05:29:53Z
2026-09-04,TIS,4.1,4.3,4.1,4.3,1000,KBS,2026-10-09T05:29:53Z
2026-09-07,TIS,4.3,4.3,4.1,4.1,1700,KBS,2026-10-09T05:29:53Z
2026-09-08,TIS,4.2,4.2,4.1,4.1,3400,KBS,2026-10-09T05:29:53Z
2026-09-09,TIS,4.0,4.2,4.0,4.2,4000,KBS,2026-10-09T05:29:53Z
2026-09-10,TIS,4.4,4.4,4.2,4.2,1600,KBS,2026-10-09T05:29:53Z
2026-09-11,TIS,4.2,4.2,4.2,4.2,200,KBS,2026-10-09T05:29:53Z
2026-09-14,TIS,4.3,4.3,4.0,4.0,5100,KBS,2026-10-09T05:29:53Z
2026-09-15,TIS,4.3,4.3,4.3,4.3,100,KBS,2026-10-09T05:29:53Z
2026-09-16,TIS,4.3,4.3,4.3,4.3,300,KBS,2026-10-09T05:29:53Z
2026-09-17,TIS,4.2,4.4,4.0,4.1,14100,KBS,2026-10-09T05:29:53Z
2026-09-18,TIS,4.3,4.5,4.1,4.5,9900,KBS,2026-10-09T05:29:53Z
2026-09-22,TIS,4.1,4.3,4.0,4.3,2800,KBS,2026-10-09T05:29:53Z
2026-09-23,TIS,4.3,4.3,4.2,4.2,1400,KBS,2026-10-09T05:29:53Z
2026-09-24,TIS,4.2,4.2,4.2,4.2,200,KBS,2026-10-09T05:29:53Z
2026-09-25,TIS,4.0,4.3,4.0,4.0,13000,KBS,2026-10-09T05:29:53Z
2026-09-28,TIS,4.1,4.1,4.0,4.0,2100,KBS,2026-10-09T05:29:53Z
2026-09-29,TIS,4.1,4.1,4.0,4.0,1100,KBS,2026-10-09T05:29:53Z
2026-09-30,TIS,4.1,4.1,4.0,4.1,6300,KBS,2026-10-09T05:29:53Z
2026-10-01,TIS,4.1,4.2,4.1,4.2,1600,KBS,2026-10-09T05:29:53Z
2026-10-02,TIS,4.2,4.2,4.0,4.0,1100,KBS,2026-10-09T05:29:53Z
2026-10-05,TIS,4.3,4.3,4.2,4.2,300,KBS,2026-10-09T05:29:53Z
2026-10-06,TIS,4.3,4.3,4.0,4.0,1400,KBS,2026-10-09T05:29:53Z
2026-10-07,TIS,4.1,4.2,4.1,4.1,3900,KBS,2026-10-09T05:29:53Z
2026-10-08,TIS,4.1,4.1,4.1,4.1,700,KBS,2026-10-09T05:29:53Z
2026-10-09,TIS,4.1,4.1,3.9,3.9,9000,KBS,2026-10-09T05:29:53Z
