date,symbol,open,high,low,close,volume,source,fetched_at
2015-09-28,TTZ,5.63,5.72,5.54,5.72,6600,KBS,2026-10-09T05:31:32Z
2015-09-29,TTZ,5.54,5.63,5.54,5.63,20200,KBS,2026-10-09T05:31:32Z
2015-09-30,TTZ,5.54,5.72,5.54,5.72,3800,KBS,2026-10-09T05:31:32Z
2015-10-01,TTZ,5.72,5.81,5.72,5.72,1700,KBS,2026-10-09T05:31:32Z
2015-10-02,TTZ,5.63,5.63,5.63,5.63,18500,KBS,2026-10-09T05:31:32Z
2015-10-05,TTZ,5.54,5.99,5.54,5.99,20400,KBS,2026-10-09T05:31:32Z
2015-10-06,TTZ,5.99,6.08,5.99,5.99,33400,KBS,2026-10-09T05:31:32Z
2015-10-07,TTZ,5.81,5.99,5.81,5.99,35100,KBS,2026-10-09T05:31:32Z
2015-10-08,TTZ,5.99,5.99,5.9,5.99,30200,KBS,2026-10-09T05:31:32Z
2015-10-09,TTZ,5.99,5.99,5.9,5.9,7000,KBS,2026-10-09T05:31:32Z
2015-10-12,TTZ,5.99,6.35,5.99,6.26,110500,KBS,2026-10-09T05:31:32Z
2015-10-13,TTZ,6.26,6.35,6.17,6.35,33200,KBS,2026-10-09T05:31:32Z
2015-10-14,TTZ,6.44,6.88,6.44,6.88,133100,KBS,2026-10-09T05:31:32Z
2015-10-15,TTZ,6.88,6.97,6.44,6.71,46900,KBS,2026-10-09T05:31:32Z
2015-10-16,TTZ,6.71,6.71,6.53,6.53,39400,KBS,2026-10-09T05:31:32Z
2015-10-19,TTZ,6.62,7.15,6.62,6.97,201200,KBS,2026-10-09T05:31:32Z
2015-10-20,TTZ,7.15,7.24,6.8,6.88,68600,KBS,2026-10-09T05:31:32Z
2015-10-21,TTZ,6.88,6.97,6.8,6.97,53500,KBS,2026-10-09T05:31:32Z
2015-10-22,TTZ,6.97,7.06,6.88,6.97,21000,KBS,2026-10-09T05:31:32Z
2015-10-23,TTZ,7.06,7.06,6.62,6.71,37200,KBS,2026-10-09T05:31:32Z
2015-10-26,TTZ,6.71,6.71,6.44,6.44,33300,KBS,2026-10-09T05:31:32Z
2015-10-27,TTZ,6.26,6.88,6.26,6.71,80800,KBS,2026-10-09T05:31:32Z
2015-10-28,TTZ,6.88,7.06,6.62,7.06,52800,KBS,2026-10-09T05:31:32Z
2015-10-29,TTZ,7.06,7.06,6.97,6.97,15300,KBS,2026-10-09T05:31:32Z
2015-10-30,TTZ,6.88,6.97,6.8,6.8,8200,KBS,2026-10-09T05:31:32Z
2015-11-02,TTZ,6.71,6.8,6.17,6.8,121200,KBS,2026-10-09T05:31:32Z
2015-11-03,TTZ,6.53,6.71,6.44,6.71,4000,KBS,2026-10-09T05:31:32Z
2015-11-04,TTZ,6.8,6.88,6.62,6.62,2800,KBS,2026-10-09T05:31:32Z
2015-11-05,TTZ,6.62,6.88,6.44,6.88,38300,KBS,2026-10-09T05:31:32Z
2015-11-06,TTZ,6.8,6.8,6.71,6.8,9700,KBS,2026-10-09T05:31:32Z
2015-11-09,TTZ,6.53,6.71,6.53,6.53,2200,KBS,2026-10-09T05:31:32Z
2015-11-10,TTZ,6.53,6.53,6.35,6.53,37100,KBS,2026-10-09T05:31:32Z
2015-11-11,TTZ,6.44,6.44,5.9,5.9,211900,KBS,2026-10-09T05:31:32Z
2015-11-12,TTZ,5.9,5.9,5.63,5.72,52100,KBS,2026-10-09T05:31:32Z
2015-11-13,TTZ,5.99,6.17,5.81,5.81,52900,KBS,2026-10-09T05:31:32Z
2015-11-16,TTZ,5.72,5.81,5.54,5.63,75000,KBS,2026-10-09T05:31:32Z
2015-11-17,TTZ,5.63,5.72,5.63,5.72,44400,KBS,2026-10-09T05:31:32Z
2015-11-18,TTZ,5.81,5.81,5.63,5.72,6100,KBS,2026-10-09T05:31:32Z
2015-11-19,TTZ,5.72,5.81,5.54,5.72,53600,KBS,2026-10-09T05:31:32Z
2015-11-20,TTZ,5.72,5.81,5.63,5.72,26400,KBS,2026-10-09T05:31:32Z
2015-11-23,TTZ,5.81,5.81,5.72,5.72,35700,KBS,2026-10-09T05:31:32Z
2015-11-24,TTZ,5.63,5.72,5.63,5.63,50600,KBS,2026-10-09T05:31:32Z
2015-11-25,TTZ,5.54,6.08,5.54,5.99,46700,KBS,2026-10-09T05:31:32Z
2015-11-26,TTZ,5.72,5.81,5.72,5.81,19500,KBS,2026-10-09T05:31:32Z
2015-11-27,TTZ,5.72,5.72,5.63,5.72,28300,KBS,2026-10-09T05:31:32Z
2015-11-30,TTZ,5.63,5.72,5.63,5.63,30700,KBS,2026-10-09T05:31:32Z
2015-12-01,TTZ,5.63,5.72,5.63,5.63,12500,KBS,2026-10-09T05:31:32Z
2015-12-02,TTZ,5.63,5.72,5.54,5.72,9500,KBS,2026-10-09T05:31:32Z
2015-12-03,TTZ,5.63,5.63,5.63,5.63,16900,KBS,2026-10-09T05:31:32Z
2015-12-04,TTZ,5.54,5.63,5.45,5.45,21700,KBS,2026-10-09T05:31:32Z
2015-12-07,TTZ,5.63,5.63,5.63,5.63,200,KBS,2026-10-09T05:31:32Z
2015-12-08,TTZ,5.54,5.63,5.45,5.63,13000,KBS,2026-10-09T05:31:32Z
2015-12-09,TTZ,5.54,5.72,5.54,5.72,4700,KBS,2026-10-09T05:31:32Z
2015-12-10,TTZ,5.63,5.63,5.36,5.63,40000,KBS,2026-10-09T05:31:32Z
2015-12-11,TTZ,5.54,5.54,5.45,5.54,21200,KBS,2026-10-09T05:31:32Z
2015-12-14,TTZ,5.54,5.63,5.54,5.63,9200,KBS,2026-10-09T05:31:32Z
2015-12-15,TTZ,5.63,5.63,5.54,5.54,700,KBS,2026-10-09T05:31:32Z
2015-12-16,TTZ,5.54,5.54,5.54,5.54,7500,KBS,2026-10-09T05:31:32Z
2015-12-17,TTZ,5.54,5.54,5.54,5.54,23600,KBS,2026-10-09T05:31:32Z
2015-12-18,TTZ,5.54,5.54,5.45,5.45,16300,KBS,2026-10-09T05:31:32Z
2015-12-21,TTZ,5.54,5.54,5.36,5.45,30300,KBS,2026-10-09T05:31:32Z
2015-12-22,TTZ,5.45,5.81,5.45,5.54,118200,KBS,2026-10-09T05:31:32Z
2015-12-23,TTZ,5.54,5.72,5.54,5.72,29700,KBS,2026-10-09T05:31:32Z
2015-12-24,TTZ,5.63,5.9,5.54,5.72,60300,KBS,2026-10-09T05:31:32Z
2015-12-25,TTZ,5.63,5.63,5.54,5.54,42000,KBS,2026-10-09T05:31:32Z
2015-12-28,TTZ,5.54,5.63,5.54,5.63,21700,KBS,2026-10-09T05:31:32Z
2015-12-29,TTZ,5.63,5.72,5.63,5.72,21500,KBS,2026-10-09T05:31:32Z
2015-12-30,TTZ,5.63,5.72,5.54,5.72,79700,KBS,2026-10-09T05:31:32Z
2015-12-31,TTZ,5.45,5.72,5.45,5.72,98400,KBS,2026-10-09T05:31:32Z
2016-01-04,TTZ,5.63,5.63,5.54,5.54,23700,KBS,2026-10-09T05:31:32Z
2016-01-05,TTZ,5.54,5.63,5.36,5.36,36900,KBS,2026-10-09T05:31:32Z
2016-01-06,TTZ,5.36,5.54,5.36,5.54,86600,KBS,2026-10-09T05:31:32Z
2016-01-07,TTZ,5.45,5.54,5.28,5.28,41400,KBS,2026-10-09T05:31:32Z
2016-01-08,TTZ,5.1,5.28,4.92,5.28,83100,KBS,2026-10-09T05:31:32Z
2016-01-11,TTZ,5.28,5.28,4.92,4.92,26800,KBS,2026-10-09T05:31:32Z
2016-01-12,TTZ,4.92,5.19,4.92,5.19,29100,KBS,2026-10-09T05:31:32Z
2016-01-13,TTZ,5.28,5.28,4.83,4.83,40900,KBS,2026-10-09T05:31:32Z
2016-01-14,TTZ,4.83,5.01,4.83,5.01,89800,KBS,2026-10-09T05:31:32Z
2016-01-15,TTZ,4.92,4.92,4.83,4.83,85100,KBS,2026-10-09T05:31:32Z
2016-01-18,TTZ,4.83,4.83,4.56,4.56,143600,KBS,2026-10-09T05:31:32Z
2016-01-19,TTZ,4.56,4.65,4.47,4.47,66700,KBS,2026-10-09T05:31:32Z
2016-01-20,TTZ,4.47,4.56,4.29,4.29,36700,KBS,2026-10-09T05:31:32Z
2016-01-21,TTZ,4.29,4.65,4.29,4.56,236700,KBS,2026-10-09T05:31:32Z
2016-01-22,TTZ,4.56,4.56,4.29,4.47,30000,KBS,2026-10-09T05:31:32Z
2016-01-25,TTZ,4.47,4.56,4.47,4.56,91300,KBS,2026-10-09T05:31:32Z
2016-01-26,TTZ,4.47,4.56,4.47,4.47,30000,KBS,2026-10-09T05:31:32Z
2016-01-27,TTZ,4.47,4.47,4.38,4.38,24200,KBS,2026-10-09T05:31:32Z
2016-01-28,TTZ,4.38,4.74,4.38,4.74,77200,KBS,2026-10-09T05:31:32Z
2016-01-29,TTZ,4.56,4.65,4.56,4.56,33500,KBS,2026-10-09T05:31:32Z
2016-02-01,TTZ,4.56,4.74,4.47,4.74,171400,KBS,2026-10-09T05:31:32Z
2016-02-02,TTZ,4.65,4.74,4.56,4.65,32800,KBS,2026-10-09T05:31:32Z
2016-02-03,TTZ,4.65,4.65,4.38,4.47,42800,KBS,2026-10-09T05:31:32Z
2016-02-04,TTZ,4.47,4.47,4.38,4.47,24800,KBS,2026-10-09T05:31:32Z
2016-02-05,TTZ,4.47,4.47,4.02,4.02,79100,KBS,2026-10-09T05:31:32Z
2016-02-15,TTZ,3.67,3.93,3.67,3.67,26000,KBS,2026-10-09T05:31:32Z
2016-02-16,TTZ,3.31,3.58,3.31,3.58,249800,KBS,2026-10-09T05:31:32Z
2016-02-17,TTZ,3.49,3.67,3.49,3.67,27800,KBS,2026-10-09T05:31:32Z
2016-02-18,TTZ,3.58,3.67,3.58,3.67,48900,KBS,2026-10-09T05:31:32Z
2016-02-19,TTZ,3.58,3.67,3.58,3.67,93700,KBS,2026-10-09T05:31:32Z
2016-02-22,TTZ,3.67,3.67,3.4,3.58,54100,KBS,2026-10-09T05:31:32Z
2016-02-23,TTZ,3.58,3.58,3.58,3.58,66100,KBS,2026-10-09T05:31:32Z
2016-02-24,TTZ,3.58,3.67,3.49,3.58,17700,KBS,2026-10-09T05:31:32Z
2016-02-25,TTZ,3.58,3.58,3.49,3.58,23000,KBS,2026-10-09T05:31:32Z
2016-02-26,TTZ,3.58,3.58,3.49,3.58,9900,KBS,2026-10-09T05:31:32Z
2016-02-29,TTZ,3.49,3.84,3.49,3.84,151300,KBS,2026-10-09T05:31:32Z
2016-03-01,TTZ,3.84,4.2,3.84,4.11,236400,KBS,2026-10-09T05:31:32Z
2016-03-02,TTZ,4.29,4.29,4.02,4.2,19300,KBS,2026-10-09T05:31:32Z
2016-03-03,TTZ,4.2,4.2,3.93,4.02,35500,KBS,2026-10-09T05:31:32Z
2016-03-04,TTZ,3.93,4.2,3.84,3.84,46800,KBS,2026-10-09T05:31:32Z
2016-03-07,TTZ,3.93,3.93,3.84,3.93,63900,KBS,2026-10-09T05:31:32Z
2016-03-08,TTZ,3.84,3.84,3.76,3.84,46200,KBS,2026-10-09T05:31:32Z
2016-03-09,TTZ,3.84,4.02,3.84,3.93,58300,KBS,2026-10-09T05:31:32Z
2016-03-10,TTZ,3.93,4.11,3.93,3.93,32600,KBS,2026-10-09T05:31:32Z
2016-03-11,TTZ,4.02,4.02,3.93,3.93,48200,KBS,2026-10-09T05:31:32Z
2016-03-14,TTZ,4.02,4.2,3.93,4.2,115800,KBS,2026-10-09T05:31:32Z
2016-03-15,TTZ,4.11,4.2,4.02,4.2,79200,KBS,2026-10-09T05:31:32Z
2016-03-16,TTZ,4.11,4.11,4.02,4.02,56300,KBS,2026-10-09T05:31:32Z
2016-03-17,TTZ,4.02,4.02,3.93,3.93,43300,KBS,2026-10-09T05:31:32Z
2016-03-18,TTZ,4.02,4.02,3.84,3.84,65600,KBS,2026-10-09T05:31:32Z
2016-03-21,TTZ,3.93,3.93,3.84,3.93,106900,KBS,2026-10-09T05:31:32Z
2016-03-22,TTZ,3.84,3.93,3.84,3.93,40800,KBS,2026-10-09T05:31:32Z
2016-03-23,TTZ,3.84,3.93,3.84,3.93,41400,KBS,2026-10-09T05:31:32Z
2016-03-24,TTZ,3.93,3.93,3.84,3.93,18200,KBS,2026-10-09T05:31:32Z
2016-03-25,TTZ,3.93,4.02,3.76,3.84,62400,KBS,2026-10-09T05:31:32Z
2016-03-28,TTZ,3.84,3.84,3.84,3.84,2600,KBS,2026-10-09T05:31:32Z
2016-03-29,TTZ,3.84,3.84,3.84,3.84,25400,KBS,2026-10-09T05:31:32Z
2016-03-30,TTZ,3.84,3.84,3.58,3.58,66400,KBS,2026-10-09T05:31:32Z
2016-03-31,TTZ,3.84,3.93,3.76,3.93,131300,KBS,2026-10-09T05:31:32Z
2016-04-01,TTZ,3.93,3.93,3.84,3.84,15000,KBS,2026-10-09T05:31:32Z
2016-04-04,TTZ,3.84,3.84,3.76,3.84,62000,KBS,2026-10-09T05:31:32Z
2016-04-05,TTZ,3.76,3.76,3.67,3.76,42000,KBS,2026-10-09T05:31:32Z
2016-04-06,TTZ,3.67,3.84,3.67,3.76,13400,KBS,2026-10-09T05:31:32Z
2016-04-07,TTZ,3.84,3.84,3.76,3.76,46600,KBS,2026-10-09T05:31:32Z
2016-04-08,TTZ,3.84,3.93,3.76,3.76,15200,KBS,2026-10-09T05:31:32Z
2016-04-11,TTZ,3.84,4.11,3.84,4.02,82100,KBS,2026-10-09T05:31:32Z
2016-04-12,TTZ,4.11,4.2,3.93,3.93,28500,KBS,2026-10-09T05:31:32Z
2016-04-13,TTZ,3.93,4.02,3.84,4.02,36100,KBS,2026-10-09T05:31:32Z
2016-04-14,TTZ,3.93,4.02,3.93,3.93,36400,KBS,2026-10-09T05:31:32Z
2016-04-15,TTZ,3.93,4.02,3.84,4.02,13500,KBS,2026-10-09T05:31:32Z
2016-04-19,TTZ,3.93,3.93,3.76,3.76,40600,KBS,2026-10-09T05:31:32Z
2016-04-20,TTZ,3.84,3.84,3.76,3.84,22100,KBS,2026-10-09T05:31:32Z
2016-04-21,TTZ,4.02,4.02,3.93,3.93,23200,KBS,2026-10-09T05:31:32Z
2016-04-22,TTZ,3.84,3.93,3.58,3.58,67900,KBS,2026-10-09T05:31:32Z
2016-04-25,TTZ,3.84,3.93,3.84,3.93,33800,KBS,2026-10-09T05:31:32Z
2016-04-26,TTZ,4.02,4.29,3.93,4.11,201600,KBS,2026-10-09T05:31:32Z
2016-04-27,TTZ,4.2,4.29,4.2,4.2,38600,KBS,2026-10-09T05:31:32Z
2016-04-28,TTZ,4.29,4.29,4.11,4.2,36000,KBS,2026-10-09T05:31:32Z
2016-04-29,TTZ,4.38,4.56,4.29,4.47,58400,KBS,2026-10-09T05:31:32Z
2016-05-04,TTZ,4.47,4.65,4.38,4.65,33800,KBS,2026-10-09T05:31:32Z
2016-05-05,TTZ,4.92,5.1,4.74,4.92,117900,KBS,2026-10-09T05:31:32Z
2016-05-06,TTZ,4.92,5.1,4.65,4.65,55500,KBS,2026-10-09T05:31:32Z
2016-05-09,TTZ,4.65,4.83,4.65,4.74,42200,KBS,2026-10-09T05:31:32Z
2016-05-10,TTZ,4.74,4.74,4.47,4.65,9600,KBS,2026-10-09T05:31:32Z
2016-05-11,TTZ,4.38,4.65,4.29,4.65,27100,KBS,2026-10-09T05:31:32Z
2016-05-12,TTZ,4.65,4.65,4.29,4.38,25200,KBS,2026-10-09T05:31:32Z
2016-05-13,TTZ,4.38,4.38,4.11,4.2,16000,KBS,2026-10-09T05:31:32Z
2016-05-16,TTZ,4.38,4.56,4.38,4.38,52700,KBS,2026-10-09T05:31:32Z
2016-05-17,TTZ,4.47,4.47,4.2,4.38,4700,KBS,2026-10-09T05:31:32Z
2016-05-18,TTZ,4.29,4.38,4.2,4.29,24700,KBS,2026-10-09T05:31:32Z
2016-05-19,TTZ,4.38,4.38,4.29,4.38,1800,KBS,2026-10-09T05:31:32Z
2016-05-20,TTZ,4.38,4.38,4.2,4.38,15000,KBS,2026-10-09T05:31:32Z
2016-05-23,TTZ,4.38,4.38,4.29,4.29,19800,KBS,2026-10-09T05:31:32Z
2016-05-24,TTZ,4.47,4.47,4.2,4.47,9700,KBS,2026-10-09T05:31:32Z
2016-05-25,TTZ,4.38,4.47,4.38,4.47,8200,KBS,2026-10-09T05:31:32Z
2016-05-26,TTZ,4.38,4.56,4.38,4.47,37800,KBS,2026-10-09T05:31:32Z
2016-05-27,TTZ,4.38,4.56,4.38,4.56,11500,KBS,2026-10-09T05:31:32Z
2016-05-30,TTZ,4.56,4.56,4.56,4.56,6000,KBS,2026-10-09T05:31:32Z
2016-05-31,TTZ,4.47,4.65,4.38,4.65,32500,KBS,2026-10-09T05:31:32Z
2016-06-01,TTZ,4.65,4.65,4.47,4.56,14700,KBS,2026-10-09T05:31:32Z
2016-06-02,TTZ,4.47,4.47,4.38,4.47,27200,KBS,2026-10-09T05:31:32Z
2016-06-03,TTZ,4.38,4.47,4.29,4.38,37400,KBS,2026-10-09T05:31:32Z
2016-06-06,TTZ,4.56,4.56,4.29,4.38,3300,KBS,2026-10-09T05:31:32Z
2016-06-07,TTZ,4.29,4.29,4.11,4.2,20300,KBS,2026-10-09T05:31:32Z
2016-06-08,TTZ,4.11,4.29,4.02,4.29,7700,KBS,2026-10-09T05:31:32Z
2016-06-09,TTZ,4.2,4.29,4.11,4.29,14300,KBS,2026-10-09T05:31:32Z
2016-06-10,TTZ,4.2,4.65,4.2,4.65,7600,KBS,2026-10-09T05:31:32Z
2016-06-13,TTZ,4.38,4.47,4.29,4.38,4600,KBS,2026-10-09T05:31:32Z
2016-06-14,TTZ,4.38,4.38,4.29,4.38,48500,KBS,2026-10-09T05:31:32Z
2016-06-15,TTZ,4.47,4.47,4.2,4.38,2200,KBS,2026-10-09T05:31:32Z
2016-06-16,TTZ,4.38,4.47,4.29,4.47,18700,KBS,2026-10-09T05:31:32Z
2016-06-17,TTZ,4.47,4.47,4.29,4.29,107900,KBS,2026-10-09T05:31:32Z
2016-06-20,TTZ,4.38,4.38,4.29,4.29,22700,KBS,2026-10-09T05:31:32Z
2016-06-21,TTZ,4.38,4.65,4.29,4.47,76400,KBS,2026-10-09T05:31:32Z
2016-06-22,TTZ,4.47,4.47,4.38,4.47,41800,KBS,2026-10-09T05:31:32Z
2016-06-23,TTZ,4.38,4.38,4.29,4.29,5200,KBS,2026-10-09T05:31:32Z
2016-06-24,TTZ,4.29,4.38,3.93,4.29,116700,KBS,2026-10-09T05:31:32Z
2016-06-27,TTZ,4.02,4.2,4.02,4.02,24600,KBS,2026-10-09T05:31:32Z
2016-06-28,TTZ,4.2,4.2,4.11,4.2,101800,KBS,2026-10-09T05:31:32Z
2016-06-29,TTZ,4.29,4.29,4.2,4.29,73100,KBS,2026-10-09T05:31:32Z
2016-06-30,TTZ,4.2,4.29,4.11,4.29,16300,KBS,2026-10-09T05:31:32Z
2016-07-01,TTZ,4.38,4.56,4.29,4.56,60400,KBS,2026-10-09T05:31:32Z
2016-07-04,TTZ,4.38,4.56,4.38,4.56,43800,KBS,2026-10-09T05:31:32Z
2016-07-05,TTZ,4.47,4.47,4.38,4.47,41300,KBS,2026-10-09T05:31:32Z
2016-07-06,TTZ,4.38,4.47,4.2,4.47,48200,KBS,2026-10-09T05:31:32Z
2016-07-07,TTZ,4.29,4.47,4.29,4.47,41500,KBS,2026-10-09T05:31:32Z
2016-07-08,TTZ,4.2,4.47,4.2,4.47,127800,KBS,2026-10-09T05:31:32Z
2016-07-11,TTZ,4.65,4.65,4.29,4.29,98100,KBS,2026-10-09T05:31:32Z
2016-07-12,TTZ,4.38,4.38,4.2,4.29,119800,KBS,2026-10-09T05:31:32Z
2016-07-13,TTZ,4.2,4.38,4.2,4.38,1700,KBS,2026-10-09T05:31:32Z
2016-07-14,TTZ,4.29,4.38,4.29,4.29,45100,KBS,2026-10-09T05:31:32Z
2016-07-15,TTZ,4.38,4.38,4.38,4.38,100,KBS,2026-10-09T05:31:32Z
2016-07-18,TTZ,4.47,4.65,4.47,4.65,60700,KBS,2026-10-09T05:31:32Z
2016-07-19,TTZ,4.65,4.65,4.56,4.56,25400,KBS,2026-10-09T05:31:32Z
2016-07-20,TTZ,4.47,4.47,4.29,4.47,9900,KBS,2026-10-09T05:31:32Z
2016-07-21,TTZ,4.2,4.47,4.2,4.38,12000,KBS,2026-10-09T05:31:32Z
2016-07-22,TTZ,4.29,4.38,4.29,4.38,38300,KBS,2026-10-09T05:31:32Z
2016-07-25,TTZ,4.29,4.47,4.29,4.47,2000,KBS,2026-10-09T05:31:32Z
2016-07-26,TTZ,4.38,4.47,4.29,4.47,65800,KBS,2026-10-09T05:31:32Z
2016-07-27,TTZ,4.38,4.47,4.29,4.38,68300,KBS,2026-10-09T05:31:32Z
2016-07-28,TTZ,4.47,4.47,4.29,4.47,17000,KBS,2026-10-09T05:31:32Z
2016-07-29,TTZ,4.47,4.56,4.38,4.47,19900,KBS,2026-10-09T05:31:32Z
2016-08-01,TTZ,4.92,4.92,4.92,4.92,86400,KBS,2026-10-09T05:31:32Z
2016-08-02,TTZ,5.36,5.36,4.83,4.92,97700,KBS,2026-10-09T05:31:32Z
2016-08-03,TTZ,4.83,5.01,4.74,4.92,31400,KBS,2026-10-09T05:31:32Z
2016-08-04,TTZ,4.83,4.83,4.65,4.83,27900,KBS,2026-10-09T05:31:32Z
2016-08-05,TTZ,4.65,4.65,4.47,4.65,42200,KBS,2026-10-09T05:31:32Z
2016-08-08,TTZ,4.65,4.65,4.47,4.47,39300,KBS,2026-10-09T05:31:32Z
2016-08-09,TTZ,4.38,4.47,4.29,4.47,56800,KBS,2026-10-09T05:31:32Z
2016-08-10,TTZ,4.47,4.47,4.38,4.38,18000,KBS,2026-10-09T05:31:32Z
2016-08-11,TTZ,4.38,4.47,4.38,4.38,27100,KBS,2026-10-09T05:31:32Z
2016-08-12,TTZ,4.29,4.47,4.29,4.47,116900,KBS,2026-10-09T05:31:32Z
2016-08-15,TTZ,4.47,4.47,4.38,4.47,68000,KBS,2026-10-09T05:31:32Z
2016-08-16,TTZ,4.47,4.56,4.47,4.56,117500,KBS,2026-10-09T05:31:32Z
2016-08-17,TTZ,4.38,4.56,4.38,4.47,86000,KBS,2026-10-09T05:31:32Z
2016-08-18,TTZ,4.38,4.38,4.29,4.29,81300,KBS,2026-10-09T05:31:32Z
2016-08-19,TTZ,4.2,4.29,4.2,4.29,169700,KBS,2026-10-09T05:31:32Z
2016-08-22,TTZ,4.29,4.56,4.29,4.47,50200,KBS,2026-10-09T05:31:32Z
2016-08-23,TTZ,4.38,4.65,4.38,4.56,162500,KBS,2026-10-09T05:31:32Z
2016-08-24,TTZ,4.56,4.74,4.56,4.65,79500,KBS,2026-10-09T05:31:32Z
2016-08-25,TTZ,4.65,4.74,4.65,4.74,13600,KBS,2026-10-09T05:31:32Z
2016-08-26,TTZ,4.65,4.65,4.65,4.65,10300,KBS,2026-10-09T05:31:32Z
2016-08-29,TTZ,4.56,4.56,4.29,4.47,77200,KBS,2026-10-09T05:31:32Z
2016-08-30,TTZ,4.38,4.56,4.38,4.47,15700,KBS,2026-10-09T05:31:32Z
2016-08-31,TTZ,4.56,4.56,4.38,4.47,22800,KBS,2026-10-09T05:31:32Z
2016-09-01,TTZ,4.38,4.38,4.29,4.38,55600,KBS,2026-10-09T05:31:32Z
2016-09-05,TTZ,4.38,4.38,4.38,4.38,10700,KBS,2026-10-09T05:31:32Z
2016-09-06,TTZ,4.38,4.47,4.38,4.47,6200,KBS,2026-10-09T05:31:32Z
2016-09-07,TTZ,4.38,4.38,4.38,4.38,7800,KBS,2026-10-09T05:31:32Z
2016-09-08,TTZ,4.38,4.47,4.38,4.47,11900,KBS,2026-10-09T05:31:32Z
2016-09-09,TTZ,4.38,4.47,4.38,4.47,5100,KBS,2026-10-09T05:31:32Z
2016-09-12,TTZ,4.29,4.47,4.2,4.38,50200,KBS,2026-10-09T05:31:32Z
2016-09-13,TTZ,4.29,4.38,4.2,4.38,38300,KBS,2026-10-09T05:31:32Z
2016-09-14,TTZ,4.29,4.29,4.29,4.29,2300,KBS,2026-10-09T05:31:32Z
2016-09-15,TTZ,4.38,4.47,4.2,4.47,8000,KBS,2026-10-09T05:31:32Z
2016-09-16,TTZ,4.29,4.29,4.2,4.29,6600,KBS,2026-10-09T05:31:32Z
2016-09-19,TTZ,4.2,4.2,4.02,4.11,34400,KBS,2026-10-09T05:31:32Z
2016-09-20,TTZ,4.11,4.2,4.02,4.2,5700,KBS,2026-10-09T05:31:32Z
2016-09-21,TTZ,4.2,4.2,4.11,4.2,47200,KBS,2026-10-09T05:31:32Z
2016-09-22,TTZ,4.29,4.29,4.29,4.29,4400,KBS,2026-10-09T05:31:32Z
2016-09-23,TTZ,4.29,4.29,4.29,4.29,10500,KBS,2026-10-09T05:31:32Z
2016-09-26,TTZ,4.29,4.29,4.2,4.29,55900,KBS,2026-10-09T05:31:32Z
2016-09-27,TTZ,4.2,4.29,4.11,4.29,77700,KBS,2026-10-09T05:31:32Z
2016-09-28,TTZ,4.29,4.29,4.11,4.2,87600,KBS,2026-10-09T05:31:32Z
2016-09-29,TTZ,4.2,4.29,4.02,4.29,72700,KBS,2026-10-09T05:31:32Z
2016-09-30,TTZ,4.2,4.29,4.02,4.29,136900,KBS,2026-10-09T05:31:32Z
2016-10-03,TTZ,4.29,4.29,4.02,4.11,156900,KBS,2026-10-09T05:31:32Z
2016-10-04,TTZ,4.11,4.2,4.11,4.2,337700,KBS,2026-10-09T05:31:32Z
2016-10-05,TTZ,4.11,4.29,3.93,4.11,271200,KBS,2026-10-09T05:31:32Z
2016-10-06,TTZ,4.02,4.2,4.02,4.2,114600,KBS,2026-10-09T05:31:32Z
2016-10-07,TTZ,4.11,4.2,3.93,4.11,189500,KBS,2026-10-09T05:31:32Z
2016-10-10,TTZ,4.02,4.11,3.84,3.84,232500,KBS,2026-10-09T05:31:32Z
2016-10-11,TTZ,3.84,3.93,3.58,3.84,106200,KBS,2026-10-09T05:31:32Z
2016-10-12,TTZ,3.67,3.84,3.49,3.84,173000,KBS,2026-10-09T05:31:32Z
2016-10-13,TTZ,3.67,3.93,3.58,3.84,122900,KBS,2026-10-09T05:31:32Z
2016-10-14,TTZ,3.84,3.84,3.58,3.76,139900,KBS,2026-10-09T05:31:32Z
2016-10-17,TTZ,3.67,3.76,3.58,3.76,157800,KBS,2026-10-09T05:31:32Z
2016-10-18,TTZ,3.67,3.76,3.49,3.49,122000,KBS,2026-10-09T05:31:32Z
2016-10-19,TTZ,3.49,3.76,3.49,3.76,136900,KBS,2026-10-09T05:31:32Z
2016-10-20,TTZ,3.84,4.11,3.67,3.76,85600,KBS,2026-10-09T05:31:32Z
2016-10-21,TTZ,3.76,3.84,3.67,3.67,92100,KBS,2026-10-09T05:31:32Z
2016-10-24,TTZ,3.67,3.76,3.58,3.76,99100,KBS,2026-10-09T05:31:32Z
2016-10-25,TTZ,3.67,3.76,3.58,3.58,110500,KBS,2026-10-09T05:31:32Z
2016-10-26,TTZ,3.49,3.67,3.49,3.58,128500,KBS,2026-10-09T05:31:32Z
2016-10-27,TTZ,3.49,3.58,3.4,3.49,231400,KBS,2026-10-09T05:31:32Z
2016-10-28,TTZ,3.4,3.58,3.4,3.58,85800,KBS,2026-10-09T05:31:32Z
2016-10-31,TTZ,3.49,3.49,3.22,3.22,94100,KBS,2026-10-09T05:31:32Z
2016-11-01,TTZ,2.95,3.04,2.95,2.95,275300,KBS,2026-10-09T05:31:32Z
2016-11-02,TTZ,2.95,3.22,2.95,3.04,178500,KBS,2026-10-09T05:31:32Z
2016-11-03,TTZ,3.04,3.13,3.04,3.13,66300,KBS,2026-10-09T05:31:32Z
2016-11-04,TTZ,3.04,3.04,2.95,3.04,69500,KBS,2026-10-09T05:31:32Z
2016-11-07,TTZ,2.86,2.95,2.86,2.95,66500,KBS,2026-10-09T05:31:32Z
2016-11-08,TTZ,2.77,2.86,2.77,2.86,45800,KBS,2026-10-09T05:31:32Z
2016-11-09,TTZ,2.68,2.77,2.59,2.68,159800,KBS,2026-10-09T05:31:32Z
2016-11-10,TTZ,2.68,2.86,2.68,2.77,57600,KBS,2026-10-09T05:31:32Z
2016-11-11,TTZ,2.77,2.77,2.59,2.77,120200,KBS,2026-10-09T05:31:32Z
2016-11-14,TTZ,2.68,2.77,2.5,2.68,69300,KBS,2026-10-09T05:31:32Z
2016-11-15,TTZ,2.68,2.68,2.5,2.5,97200,KBS,2026-10-09T05:31:32Z
2016-11-16,TTZ,2.5,2.68,2.5,2.68,144800,KBS,2026-10-09T05:31:32Z
2016-11-17,TTZ,2.59,2.68,2.5,2.59,213600,KBS,2026-10-09T05:31:32Z
2016-11-18,TTZ,2.5,2.59,2.5,2.59,82400,KBS,2026-10-09T05:31:32Z
2016-11-21,TTZ,2.5,2.59,2.5,2.5,113700,KBS,2026-10-09T05:31:32Z
2016-11-22,TTZ,2.5,2.59,2.41,2.59,72000,KBS,2026-10-09T05:31:32Z
2016-11-23,TTZ,2.5,2.59,2.5,2.5,74900,KBS,2026-10-09T05:31:32Z
2016-11-24,TTZ,2.5,2.68,2.5,2.68,121600,KBS,2026-10-09T05:31:32Z
2016-11-25,TTZ,2.68,2.77,2.59,2.77,71600,KBS,2026-10-09T05:31:32Z
2016-11-28,TTZ,2.68,2.68,2.59,2.68,70600,KBS,2026-10-09T05:31:32Z
2016-11-29,TTZ,2.59,2.68,2.59,2.68,82900,KBS,2026-10-09T05:31:32Z
2016-11-30,TTZ,2.68,2.68,2.59,2.68,72300,KBS,2026-10-09T05:31:32Z
2016-12-01,TTZ,2.59,2.68,2.59,2.59,89100,KBS,2026-10-09T05:31:32Z
2016-12-02,TTZ,2.59,2.68,2.5,2.68,85500,KBS,2026-10-09T05:31:32Z
2016-12-05,TTZ,2.68,2.68,2.59,2.68,63500,KBS,2026-10-09T05:31:32Z
2016-12-06,TTZ,2.68,2.77,2.68,2.68,74400,KBS,2026-10-09T05:31:32Z
2016-12-07,TTZ,2.68,2.68,2.41,2.68,94600,KBS,2026-10-09T05:31:32Z
2016-12-08,TTZ,2.59,2.68,2.59,2.68,53600,KBS,2026-10-09T05:31:32Z
2016-12-09,TTZ,2.68,2.68,2.59,2.68,79000,KBS,2026-10-09T05:31:32Z
2016-12-12,TTZ,2.59,2.68,2.59,2.59,91700,KBS,2026-10-09T05:31:32Z
2016-12-13,TTZ,2.59,2.59,2.5,2.59,77700,KBS,2026-10-09T05:31:32Z
2016-12-14,TTZ,2.59,2.59,2.5,2.5,87800,KBS,2026-10-09T05:31:32Z
2016-12-15,TTZ,2.5,2.59,2.5,2.59,1100,KBS,2026-10-09T05:31:32Z
2016-12-16,TTZ,2.5,2.59,2.5,2.59,98100,KBS,2026-10-09T05:31:32Z
2016-12-19,TTZ,2.59,2.68,2.5,2.59,51700,KBS,2026-10-09T05:31:32Z
2016-12-20,TTZ,2.59,2.68,2.5,2.5,60500,KBS,2026-10-09T05:31:32Z
2016-12-21,TTZ,2.59,2.59,2.5,2.5,59100,KBS,2026-10-09T05:31:32Z
2016-12-22,TTZ,2.59,2.59,2.5,2.5,53200,KBS,2026-10-09T05:31:32Z
2016-12-23,TTZ,2.5,2.59,2.5,2.5,49200,KBS,2026-10-09T05:31:32Z
2016-12-26,TTZ,2.59,2.59,2.41,2.5,48900,KBS,2026-10-09T05:31:32Z
2016-12-27,TTZ,2.5,2.5,2.41,2.5,22400,KBS,2026-10-09T05:31:32Z
2016-12-28,TTZ,2.41,2.5,2.41,2.5,21201,KBS,2026-10-09T05:31:32Z
2016-12-29,TTZ,2.41,2.5,2.32,2.41,62500,KBS,2026-10-09T05:31:32Z
2016-12-30,TTZ,2.41,2.5,2.41,2.5,7600,KBS,2026-10-09T05:31:32Z
2017-01-03,TTZ,2.5,2.5,2.41,2.5,62600,KBS,2026-10-09T05:31:32Z
2017-01-04,TTZ,2.41,2.59,2.41,2.5,85300,KBS,2026-10-09T05:31:32Z
2017-01-05,TTZ,2.41,2.5,2.41,2.41,37800,KBS,2026-10-09T05:31:32Z
2017-01-06,TTZ,2.41,2.5,2.41,2.5,46500,KBS,2026-10-09T05:31:32Z
2017-01-09,TTZ,2.41,2.59,2.41,2.59,57400,KBS,2026-10-09T05:31:32Z
2017-01-10,TTZ,2.5,2.59,2.41,2.5,21600,KBS,2026-10-09T05:31:32Z
2017-01-11,TTZ,2.5,2.59,2.5,2.59,66700,KBS,2026-10-09T05:31:32Z
2017-01-12,TTZ,2.5,2.59,2.41,2.59,41800,KBS,2026-10-09T05:31:32Z
2017-01-13,TTZ,2.59,2.68,2.59,2.68,31000,KBS,2026-10-09T05:31:32Z
2017-01-16,TTZ,2.59,2.68,2.59,2.68,44600,KBS,2026-10-09T05:31:32Z
2017-01-17,TTZ,2.59,2.68,2.5,2.68,38000,KBS,2026-10-09T05:31:32Z
2017-01-18,TTZ,2.68,2.68,2.5,2.68,69000,KBS,2026-10-09T05:31:32Z
2017-01-19,TTZ,2.68,2.68,2.5,2.5,22300,KBS,2026-10-09T05:31:32Z
2017-01-20,TTZ,2.5,2.59,2.32,2.41,169400,KBS,2026-10-09T05:31:32Z
2017-01-23,TTZ,2.41,2.41,2.32,2.32,62600,KBS,2026-10-09T05:31:32Z
2017-01-24,TTZ,2.32,2.5,2.32,2.41,45000,KBS,2026-10-09T05:31:32Z
2017-01-25,TTZ,2.5,2.59,2.41,2.59,108700,KBS,2026-10-09T05:31:32Z
2017-02-02,TTZ,2.5,2.59,2.5,2.59,36300,KBS,2026-10-09T05:31:32Z
2017-02-03,TTZ,2.5,2.77,2.5,2.68,123500,KBS,2026-10-09T05:31:32Z
2017-02-06,TTZ,2.68,2.77,2.68,2.68,26500,KBS,2026-10-09T05:31:32Z
2017-02-07,TTZ,2.68,2.77,2.5,2.5,81700,KBS,2026-10-09T05:31:32Z
2017-02-08,TTZ,2.5,2.68,2.5,2.68,138600,KBS,2026-10-09T05:31:32Z
2017-02-09,TTZ,2.77,2.95,2.77,2.86,76100,KBS,2026-10-09T05:31:32Z
2017-02-10,TTZ,2.95,2.95,2.77,2.86,73600,KBS,2026-10-09T05:31:32Z
2017-02-13,TTZ,2.77,2.77,2.59,2.77,88600,KBS,2026-10-09T05:31:32Z
2017-02-14,TTZ,2.68,2.77,2.59,2.68,64500,KBS,2026-10-09T05:31:32Z
2017-02-15,TTZ,2.59,2.68,2.59,2.59,141200,KBS,2026-10-09T05:31:32Z
2017-02-16,TTZ,2.59,2.68,2.59,2.68,77300,KBS,2026-10-09T05:31:32Z
2017-02-17,TTZ,2.59,2.59,2.5,2.5,99700,KBS,2026-10-09T05:31:32Z
2017-02-20,TTZ,2.5,2.68,2.5,2.68,180400,KBS,2026-10-09T05:31:32Z
2017-02-21,TTZ,2.77,2.95,2.77,2.86,129300,KBS,2026-10-09T05:31:32Z
2017-02-22,TTZ,2.77,2.77,2.68,2.68,114500,KBS,2026-10-09T05:31:32Z
2017-02-23,TTZ,2.68,2.68,2.59,2.59,68500,KBS,2026-10-09T05:31:32Z
2017-02-24,TTZ,2.59,2.68,2.59,2.68,145500,KBS,2026-10-09T05:31:32Z
2017-02-27,TTZ,2.68,2.77,2.59,2.59,64500,KBS,2026-10-09T05:31:32Z
2017-02-28,TTZ,2.68,2.68,2.59,2.59,134600,KBS,2026-10-09T05:31:32Z
2017-03-01,TTZ,2.68,2.68,2.59,2.59,69500,KBS,2026-10-09T05:31:32Z
2017-03-02,TTZ,2.68,2.68,2.59,2.68,73600,KBS,2026-10-09T05:31:32Z
2017-03-03,TTZ,2.59,2.77,2.59,2.68,130900,KBS,2026-10-09T05:31:32Z
2017-03-06,TTZ,2.59,2.68,2.59,2.59,107800,KBS,2026-10-09T05:31:32Z
2017-03-07,TTZ,2.59,2.68,2.59,2.59,169700,KBS,2026-10-09T05:31:32Z
2017-03-08,TTZ,2.59,2.68,2.59,2.59,115700,KBS,2026-10-09T05:31:32Z
2017-03-09,TTZ,2.68,2.68,2.59,2.68,148700,KBS,2026-10-09T05:31:32Z
2017-03-10,TTZ,2.59,2.77,2.59,2.77,131400,KBS,2026-10-09T05:31:32Z
2017-03-13,TTZ,2.68,2.77,2.59,2.59,53400,KBS,2026-10-09T05:31:32Z
2017-03-14,TTZ,2.59,2.77,2.59,2.68,19100,KBS,2026-10-09T05:31:32Z
2017-03-15,TTZ,2.68,2.77,2.59,2.59,21300,KBS,2026-10-09T05:31:32Z
2017-03-16,TTZ,2.77,2.77,2.68,2.68,17200,KBS,2026-10-09T05:31:32Z
2017-03-17,TTZ,2.68,2.77,2.68,2.68,239500,KBS,2026-10-09T05:31:32Z
2017-03-20,TTZ,2.68,2.68,2.68,2.68,163700,KBS,2026-10-09T05:31:32Z
2017-03-21,TTZ,2.68,2.77,2.68,2.68,210200,KBS,2026-10-09T05:31:32Z
2017-03-22,TTZ,2.77,2.77,2.59,2.77,254200,KBS,2026-10-09T05:31:32Z
2017-03-23,TTZ,2.68,2.77,2.68,2.68,146500,KBS,2026-10-09T05:31:32Z
2017-03-24,TTZ,2.77,2.77,2.68,2.77,126200,KBS,2026-10-09T05:31:32Z
2017-03-27,TTZ,2.77,2.86,2.68,2.77,129100,KBS,2026-10-09T05:31:32Z
2017-03-28,TTZ,2.77,2.95,2.77,2.86,142000,KBS,2026-10-09T05:31:32Z
2017-03-29,TTZ,2.86,2.95,2.77,2.86,218300,KBS,2026-10-09T05:31:32Z
2017-03-30,TTZ,2.86,2.95,2.86,2.86,50500,KBS,2026-10-09T05:31:32Z
2017-03-31,TTZ,2.86,2.86,2.68,2.77,188700,KBS,2026-10-09T05:31:32Z
2017-04-03,TTZ,2.77,2.77,2.68,2.77,1600,KBS,2026-10-09T05:31:32Z
2017-04-04,TTZ,2.68,2.68,2.68,2.68,63100,KBS,2026-10-09T05:31:32Z
2017-04-05,TTZ,2.68,2.68,2.68,2.68,13800,KBS,2026-10-09T05:31:32Z
2017-04-07,TTZ,2.68,2.68,2.59,2.68,69500,KBS,2026-10-09T05:31:32Z
2017-04-10,TTZ,2.59,2.68,2.59,2.68,200,KBS,2026-10-09T05:31:32Z
2017-04-11,TTZ,2.77,2.77,2.59,2.68,2800,KBS,2026-10-09T05:31:32Z
2017-04-12,TTZ,2.59,2.59,2.59,2.59,19600,KBS,2026-10-09T05:31:32Z
2017-04-13,TTZ,2.59,2.59,2.5,2.5,3800,KBS,2026-10-09T05:31:32Z
2017-04-14,TTZ,2.5,2.5,2.5,2.5,39300,KBS,2026-10-09T05:31:32Z
2017-04-17,TTZ,2.59,2.59,2.5,2.5,20200,KBS,2026-10-09T05:31:32Z
2017-04-18,TTZ,2.59,2.59,2.59,2.59,11000,KBS,2026-10-09T05:31:32Z
2017-04-19,TTZ,2.59,2.59,2.59,2.59,12700,KBS,2026-10-09T05:31:32Z
2017-04-20,TTZ,2.68,2.68,2.59,2.59,3100,KBS,2026-10-09T05:31:32Z
2017-04-21,TTZ,2.68,2.68,2.59,2.59,7500,KBS,2026-10-09T05:31:32Z
2017-04-24,TTZ,2.68,2.68,2.59,2.68,29500,KBS,2026-10-09T05:31:32Z
2017-04-25,TTZ,2.68,2.68,2.59,2.68,17800,KBS,2026-10-09T05:31:32Z
2017-04-26,TTZ,2.68,2.95,2.68,2.95,316200,KBS,2026-10-09T05:31:32Z
2017-04-27,TTZ,3.13,3.22,3.13,3.13,270100,KBS,2026-10-09T05:31:32Z
2017-04-28,TTZ,3.04,3.13,2.95,2.95,206800,KBS,2026-10-09T05:31:32Z
2017-05-03,TTZ,3.04,3.04,2.86,2.95,158600,KBS,2026-10-09T05:31:32Z
2017-05-04,TTZ,2.86,2.86,2.68,2.77,125100,KBS,2026-10-09T05:31:32Z
2017-05-05,TTZ,2.77,2.86,2.77,2.86,39500,KBS,2026-10-09T05:31:32Z
2017-05-08,TTZ,2.77,2.86,2.68,2.68,168800,KBS,2026-10-09T05:31:32Z
2017-05-09,TTZ,2.68,2.86,2.59,2.77,72400,KBS,2026-10-09T05:31:32Z
2017-05-10,TTZ,2.86,2.95,2.77,2.77,138300,KBS,2026-10-09T05:31:32Z
2017-05-11,TTZ,2.86,2.86,2.77,2.77,24100,KBS,2026-10-09T05:31:32Z
2017-05-12,TTZ,2.86,2.86,2.86,2.86,86500,KBS,2026-10-09T05:31:32Z
2017-05-15,TTZ,2.86,3.13,2.86,3.13,274800,KBS,2026-10-09T05:31:32Z
2017-05-16,TTZ,3.13,3.13,2.86,2.95,243100,KBS,2026-10-09T05:31:32Z
2017-05-17,TTZ,2.95,3.04,2.86,2.86,207700,KBS,2026-10-09T05:31:32Z
2017-05-18,TTZ,2.86,2.95,2.86,2.86,175600,KBS,2026-10-09T05:31:32Z
2017-05-19,TTZ,2.86,3.04,2.86,2.95,253600,KBS,2026-10-09T05:31:32Z
2017-05-22,TTZ,2.95,3.13,2.95,2.95,232000,KBS,2026-10-09T05:31:32Z
2017-05-23,TTZ,2.95,2.95,2.86,2.95,142400,KBS,2026-10-09T05:31:32Z
2017-05-24,TTZ,2.95,3.13,2.95,2.95,190400,KBS,2026-10-09T05:31:32Z
2017-05-25,TTZ,2.95,3.04,2.95,3.04,118300,KBS,2026-10-09T05:31:32Z
2017-05-26,TTZ,3.04,3.13,3.04,3.13,120000,KBS,2026-10-09T05:31:32Z
2017-05-29,TTZ,3.04,3.13,3.04,3.04,72700,KBS,2026-10-09T05:31:32Z
2017-05-30,TTZ,3.04,3.13,2.95,2.95,144700,KBS,2026-10-09T05:31:32Z
2017-05-31,TTZ,2.95,3.13,2.95,3.04,233400,KBS,2026-10-09T05:31:32Z
2017-06-01,TTZ,2.95,3.13,2.95,3.04,229400,KBS,2026-10-09T05:31:32Z
2017-06-02,TTZ,3.04,3.13,3.04,3.13,162200,KBS,2026-10-09T05:31:32Z
2017-06-05,TTZ,3.04,3.22,3.04,3.22,132700,KBS,2026-10-09T05:31:32Z
2017-06-06,TTZ,3.13,3.22,3.13,3.22,83700,KBS,2026-10-09T05:31:32Z
2017-06-07,TTZ,3.22,3.22,3.13,3.13,191600,KBS,2026-10-09T05:31:32Z
2017-06-08,TTZ,3.04,3.22,3.04,3.04,94300,KBS,2026-10-09T05:31:32Z
2017-06-09,TTZ,3.04,3.31,3.04,3.31,192400,KBS,2026-10-09T05:31:32Z
2017-06-12,TTZ,3.4,3.58,3.4,3.58,210600,KBS,2026-10-09T05:31:32Z
2017-06-13,TTZ,3.58,3.58,3.4,3.49,183100,KBS,2026-10-09T05:31:32Z
2017-06-14,TTZ,3.4,3.4,3.31,3.31,172200,KBS,2026-10-09T05:31:32Z
2017-06-15,TTZ,3.31,3.49,3.22,3.31,206800,KBS,2026-10-09T05:31:32Z
2017-06-16,TTZ,3.31,3.31,3.22,3.31,137700,KBS,2026-10-09T05:31:32Z
2017-06-19,TTZ,3.31,3.49,3.04,3.31,349700,KBS,2026-10-09T05:31:32Z
2017-06-20,TTZ,3.22,3.58,3.22,3.58,230500,KBS,2026-10-09T05:31:32Z
2017-06-21,TTZ,3.58,3.84,3.49,3.76,133600,KBS,2026-10-09T05:31:32Z
2017-06-22,TTZ,3.76,3.76,3.58,3.67,172100,KBS,2026-10-09T05:31:32Z
2017-06-23,TTZ,3.58,3.67,3.4,3.49,508600,KBS,2026-10-09T05:31:32Z
2017-06-26,TTZ,3.4,3.4,3.31,3.4,227800,KBS,2026-10-09T05:31:32Z
2017-06-27,TTZ,3.31,3.49,3.31,3.31,204900,KBS,2026-10-09T05:31:32Z
2017-06-28,TTZ,3.4,3.49,3.31,3.4,250800,KBS,2026-10-09T05:31:32Z
2017-06-29,TTZ,3.4,3.4,3.31,3.31,184100,KBS,2026-10-09T05:31:32Z
2017-06-30,TTZ,3.31,3.4,3.31,3.4,5900,KBS,2026-10-09T05:31:32Z
2017-07-03,TTZ,3.4,3.49,3.31,3.4,219200,KBS,2026-10-09T05:31:32Z
2017-07-04,TTZ,3.4,3.49,3.4,3.49,41000,KBS,2026-10-09T05:31:32Z
2017-07-05,TTZ,3.4,3.49,3.4,3.49,27400,KBS,2026-10-09T05:31:32Z
2017-07-06,TTZ,3.4,3.49,3.31,3.4,48400,KBS,2026-10-09T05:31:32Z
2017-07-07,TTZ,3.4,3.58,3.4,3.49,106600,KBS,2026-10-09T05:31:32Z
2017-07-10,TTZ,3.49,3.49,3.31,3.31,111800,KBS,2026-10-09T05:31:32Z
2017-07-11,TTZ,3.4,3.49,3.4,3.4,70200,KBS,2026-10-09T05:31:32Z
2017-07-12,TTZ,3.4,3.49,3.4,3.49,56800,KBS,2026-10-09T05:31:32Z
2017-07-13,TTZ,3.49,3.49,3.31,3.31,49000,KBS,2026-10-09T05:31:32Z
2017-07-14,TTZ,3.31,3.49,3.31,3.4,164400,KBS,2026-10-09T05:31:32Z
2017-07-17,TTZ,3.4,3.4,3.31,3.31,37500,KBS,2026-10-09T05:31:32Z
2017-07-18,TTZ,3.31,3.31,3.22,3.22,202900,KBS,2026-10-09T05:31:32Z
2017-07-19,TTZ,3.22,3.22,3.13,3.13,57900,KBS,2026-10-09T05:31:32Z
2017-07-20,TTZ,3.22,3.22,3.13,3.13,9900,KBS,2026-10-09T05:31:32Z
2017-07-21,TTZ,3.04,3.22,3.04,3.13,137600,KBS,2026-10-09T05:31:32Z
2017-07-24,TTZ,3.13,3.13,3.04,3.13,43300,KBS,2026-10-09T05:31:32Z
2017-07-25,TTZ,3.13,3.13,3.04,3.04,73900,KBS,2026-10-09T05:31:32Z
2017-07-26,TTZ,3.13,3.13,3.04,3.04,116600,KBS,2026-10-09T05:31:32Z
2017-07-27,TTZ,3.04,3.13,3.04,3.13,79200,KBS,2026-10-09T05:31:32Z
2017-07-28,TTZ,3.04,3.22,3.04,3.13,36000,KBS,2026-10-09T05:31:32Z
2017-07-31,TTZ,3.04,3.04,2.86,2.95,252200,KBS,2026-10-09T05:31:32Z
2017-08-01,TTZ,2.95,3.04,2.86,2.86,99800,KBS,2026-10-09T05:31:32Z
2017-08-02,TTZ,2.77,2.86,2.68,2.68,214100,KBS,2026-10-09T05:31:32Z
2017-08-03,TTZ,2.68,2.77,2.68,2.77,16200,KBS,2026-10-09T05:31:32Z
2017-08-04,TTZ,2.86,3.04,2.86,3.04,196400,KBS,2026-10-09T05:31:32Z
2017-08-07,TTZ,3.13,3.22,2.86,3.13,201300,KBS,2026-10-09T05:31:32Z
2017-08-08,TTZ,3.22,3.22,3.04,3.04,146700,KBS,2026-10-09T05:31:32Z
2017-08-09,TTZ,3.04,3.22,3.04,3.22,363900,KBS,2026-10-09T05:31:32Z
2017-08-10,TTZ,3.13,3.4,3.13,3.4,227400,KBS,2026-10-09T05:31:32Z
2017-08-11,TTZ,3.4,3.4,3.31,3.4,43100,KBS,2026-10-09T05:31:32Z
2017-08-14,TTZ,3.31,3.4,3.13,3.22,65500,KBS,2026-10-09T05:31:32Z
2017-08-15,TTZ,3.22,3.4,3.22,3.4,105700,KBS,2026-10-09T05:31:32Z
2017-08-16,TTZ,3.31,3.4,3.13,3.4,123000,KBS,2026-10-09T05:31:32Z
2017-08-17,TTZ,3.31,3.31,3.22,3.22,43500,KBS,2026-10-09T05:31:32Z
2017-08-18,TTZ,3.13,3.22,3.13,3.22,68800,KBS,2026-10-09T05:31:32Z
2017-08-21,TTZ,3.04,3.4,3.04,3.4,345400,KBS,2026-10-09T05:31:32Z
2017-08-22,TTZ,3.4,3.4,3.13,3.13,14600,KBS,2026-10-09T05:31:32Z
2017-08-23,TTZ,3.04,3.13,3.04,3.13,6200,KBS,2026-10-09T05:31:32Z
2017-08-24,TTZ,3.13,3.13,3.13,3.13,7000,KBS,2026-10-09T05:31:32Z
2017-08-25,TTZ,3.04,3.04,2.95,2.95,11500,KBS,2026-10-09T05:31:32Z
2017-08-28,TTZ,2.95,3.22,2.95,3.04,349200,KBS,2026-10-09T05:31:32Z
2017-08-29,TTZ,3.04,3.22,2.95,3.22,246500,KBS,2026-10-09T05:31:32Z
2017-08-30,TTZ,3.13,3.22,3.04,3.04,82000,KBS,2026-10-09T05:31:32Z
2017-08-31,TTZ,3.04,3.13,3.04,3.13,9100,KBS,2026-10-09T05:31:32Z
2017-09-01,TTZ,3.04,3.13,3.04,3.04,12400,KBS,2026-10-09T05:31:32Z
2017-09-05,TTZ,3.04,3.13,3.04,3.13,118400,KBS,2026-10-09T05:31:32Z
2017-09-06,TTZ,3.04,3.13,3.04,3.13,46200,KBS,2026-10-09T05:31:32Z
2017-09-07,TTZ,3.04,3.04,2.86,2.86,181100,KBS,2026-10-09T05:31:32Z
2017-09-08,TTZ,2.77,3.04,2.77,3.04,157800,KBS,2026-10-09T05:31:32Z
2017-09-11,TTZ,2.86,3.13,2.86,3.04,174900,KBS,2026-10-09T05:31:32Z
2017-09-12,TTZ,2.95,3.04,2.86,3.04,45500,KBS,2026-10-09T05:31:32Z
2017-09-13,TTZ,2.95,2.95,2.86,2.86,8500,KBS,2026-10-09T05:31:32Z
2017-09-14,TTZ,2.86,2.95,2.77,2.95,39100,KBS,2026-10-09T05:31:32Z
2017-09-15,TTZ,2.86,2.95,2.86,2.86,161100,KBS,2026-10-09T05:31:32Z
2017-09-18,TTZ,2.86,3.04,2.86,3.04,116000,KBS,2026-10-09T05:31:32Z
2017-09-19,TTZ,2.86,3.04,2.86,3.04,138600,KBS,2026-10-09T05:31:32Z
2017-09-20,TTZ,2.95,2.95,2.86,2.86,5000,KBS,2026-10-09T05:31:32Z
2017-09-21,TTZ,2.86,3.04,2.86,3.04,221800,KBS,2026-10-09T05:31:32Z
2017-09-22,TTZ,2.95,2.95,2.86,2.95,20700,KBS,2026-10-09T05:31:32Z
2017-09-25,TTZ,2.86,3.04,2.86,2.95,107300,KBS,2026-10-09T05:31:32Z
2017-09-26,TTZ,2.86,3.04,2.86,3.04,131700,KBS,2026-10-09T05:31:32Z
2017-09-27,TTZ,2.95,2.95,2.86,2.86,23200,KBS,2026-10-09T05:31:32Z
2017-09-28,TTZ,2.86,3.04,2.86,3.04,142600,KBS,2026-10-09T05:31:32Z
2017-09-29,TTZ,2.86,2.95,2.86,2.86,59300,KBS,2026-10-09T05:31:32Z
2017-10-02,TTZ,2.86,3.04,2.77,2.86,292300,KBS,2026-10-09T05:31:32Z
2017-10-03,TTZ,2.86,3.04,2.77,2.95,121200,KBS,2026-10-09T05:31:32Z
2017-10-04,TTZ,2.86,2.95,2.77,2.95,72800,KBS,2026-10-09T05:31:32Z
2017-10-05,TTZ,2.95,2.95,2.77,2.95,223600,KBS,2026-10-09T05:31:32Z
2017-10-06,TTZ,2.86,2.95,2.77,2.86,125700,KBS,2026-10-09T05:31:32Z
2017-10-09,TTZ,2.95,2.95,2.77,2.95,121000,KBS,2026-10-09T05:31:32Z
2017-10-10,TTZ,2.95,2.95,2.77,2.77,168800,KBS,2026-10-09T05:31:32Z
2017-10-11,TTZ,2.77,2.86,2.68,2.86,120200,KBS,2026-10-09T05:31:32Z
2017-10-12,TTZ,2.86,2.95,2.86,2.95,89000,KBS,2026-10-09T05:31:32Z
2017-10-13,TTZ,2.86,2.95,2.77,2.77,210900,KBS,2026-10-09T05:31:32Z
2017-10-16,TTZ,2.77,2.86,2.68,2.86,323800,KBS,2026-10-09T05:31:32Z
2017-10-17,TTZ,2.86,2.95,2.77,2.86,130500,KBS,2026-10-09T05:31:32Z
2017-10-18,TTZ,2.95,2.95,2.77,2.86,124000,KBS,2026-10-09T05:31:32Z
2017-10-19,TTZ,2.77,2.95,2.77,2.86,284900,KBS,2026-10-09T05:31:32Z
2017-10-20,TTZ,2.95,2.95,2.77,2.77,59300,KBS,2026-10-09T05:31:32Z
2017-10-23,TTZ,2.77,2.86,2.77,2.86,226100,KBS,2026-10-09T05:31:32Z
2017-10-24,TTZ,2.77,2.86,2.68,2.86,254600,KBS,2026-10-09T05:31:32Z
2017-10-25,TTZ,2.77,2.86,2.77,2.86,3100,KBS,2026-10-09T05:31:32Z
2017-10-26,TTZ,2.77,2.86,2.68,2.77,125400,KBS,2026-10-09T05:31:32Z
2017-10-27,TTZ,2.77,2.77,2.68,2.77,2000,KBS,2026-10-09T05:31:32Z
2017-10-30,TTZ,2.59,2.86,2.59,2.77,240400,KBS,2026-10-09T05:31:32Z
2017-10-31,TTZ,2.77,2.77,2.59,2.68,106600,KBS,2026-10-09T05:31:32Z
2017-11-01,TTZ,2.68,2.77,2.68,2.68,10500,KBS,2026-10-09T05:31:32Z
2017-11-02,TTZ,2.59,2.77,2.59,2.77,333400,KBS,2026-10-09T05:31:32Z
2017-11-03,TTZ,2.59,2.86,2.59,2.77,208600,KBS,2026-10-09T05:31:32Z
2017-11-06,TTZ,2.68,2.86,2.68,2.86,124300,KBS,2026-10-09T05:31:32Z
2017-11-07,TTZ,2.68,2.68,2.68,2.68,100,KBS,2026-10-09T05:31:32Z
2017-11-08,TTZ,2.68,2.86,2.59,2.86,640800,KBS,2026-10-09T05:31:32Z
2017-11-09,TTZ,2.77,2.86,2.68,2.86,120300,KBS,2026-10-09T05:31:32Z
2017-11-10,TTZ,2.77,2.86,2.77,2.86,78000,KBS,2026-10-09T05:31:32Z
2017-11-13,TTZ,2.77,2.86,2.68,2.77,251900,KBS,2026-10-09T05:31:32Z
2017-11-14,TTZ,2.77,2.77,2.59,2.77,113600,KBS,2026-10-09T05:31:32Z
2017-11-15,TTZ,2.68,2.77,2.59,2.77,249400,KBS,2026-10-09T05:31:32Z
2017-11-16,TTZ,2.68,2.77,2.59,2.77,460100,KBS,2026-10-09T05:31:32Z
2017-11-17,TTZ,2.77,2.77,2.59,2.77,178300,KBS,2026-10-09T05:31:32Z
2017-11-20,TTZ,2.68,2.86,2.59,2.86,234100,KBS,2026-10-09T05:31:32Z
2017-11-21,TTZ,2.77,3.04,2.77,3.04,286300,KBS,2026-10-09T05:31:32Z
2017-11-22,TTZ,2.95,3.13,2.86,3.13,301400,KBS,2026-10-09T05:31:32Z
2017-11-23,TTZ,3.13,3.22,3.04,3.04,139900,KBS,2026-10-09T05:31:32Z
2017-11-24,TTZ,2.86,3.04,2.86,2.95,191100,KBS,2026-10-09T05:31:32Z
2017-11-27,TTZ,3.13,3.22,2.86,3.22,136100,KBS,2026-10-09T05:31:32Z
2017-11-28,TTZ,3.22,3.49,3.22,3.49,249000,KBS,2026-10-09T05:31:32Z
2017-11-29,TTZ,3.49,3.76,3.22,3.76,271100,KBS,2026-10-09T05:31:32Z
2017-11-30,TTZ,3.76,3.84,3.58,3.58,92900,KBS,2026-10-09T05:31:32Z
2017-12-01,TTZ,3.31,3.76,3.31,3.58,37200,KBS,2026-10-09T05:31:32Z
2017-12-04,TTZ,3.76,3.84,3.58,3.84,137600,KBS,2026-10-09T05:31:32Z
2017-12-05,TTZ,3.93,4.2,3.93,4.11,726900,KBS,2026-10-09T05:31:32Z
2017-12-06,TTZ,4.11,4.2,4.02,4.02,18900,KBS,2026-10-09T05:31:32Z
2017-12-07,TTZ,3.93,4.11,3.67,3.93,77300,KBS,2026-10-09T05:31:32Z
2017-12-08,TTZ,3.76,3.93,3.58,3.76,260900,KBS,2026-10-09T05:31:32Z
2017-12-11,TTZ,3.49,3.76,3.4,3.49,82300,KBS,2026-10-09T05:31:32Z
2017-12-12,TTZ,3.67,3.67,3.49,3.58,78900,KBS,2026-10-09T05:31:32Z
2017-12-13,TTZ,3.67,3.67,3.31,3.58,26400,KBS,2026-10-09T05:31:32Z
2017-12-14,TTZ,3.58,3.58,3.4,3.4,9000,KBS,2026-10-09T05:31:32Z
2017-12-15,TTZ,3.4,3.58,3.4,3.58,9700,KBS,2026-10-09T05:31:32Z
2017-12-18,TTZ,3.58,3.93,3.49,3.93,508500,KBS,2026-10-09T05:31:32Z
2017-12-19,TTZ,4.11,4.11,3.67,3.84,30100,KBS,2026-10-09T05:31:32Z
2017-12-20,TTZ,3.84,4.2,3.67,4.2,246300,KBS,2026-10-09T05:31:32Z
2017-12-21,TTZ,4.2,4.47,4.11,4.11,164300,KBS,2026-10-09T05:31:32Z
2017-12-22,TTZ,4.38,4.38,4.11,4.11,13700,KBS,2026-10-09T05:31:32Z
2017-12-25,TTZ,4.11,4.11,3.76,3.76,7300,KBS,2026-10-09T05:31:32Z
2017-12-26,TTZ,3.67,4.11,3.67,4.11,55600,KBS,2026-10-09T05:31:32Z
2017-12-27,TTZ,4.02,4.2,4.02,4.2,44000,KBS,2026-10-09T05:31:32Z
2017-12-28,TTZ,4.02,4.2,3.84,3.84,45100,KBS,2026-10-09T05:31:32Z
2017-12-29,TTZ,3.84,4.2,3.84,4.2,33800,KBS,2026-10-09T05:31:32Z
2018-01-02,TTZ,3.93,4.2,3.93,4.2,8000,KBS,2026-10-09T05:31:32Z
2018-01-03,TTZ,4.2,4.2,3.93,4.02,114500,KBS,2026-10-09T05:31:32Z
2018-01-04,TTZ,3.93,4.11,3.93,4.11,200,KBS,2026-10-09T05:31:32Z
2018-01-05,TTZ,4.2,4.2,3.84,4.02,17800,KBS,2026-10-09T05:31:32Z
2018-01-08,TTZ,3.84,3.93,3.84,3.84,4100,KBS,2026-10-09T05:31:32Z
2018-01-09,TTZ,3.93,4.02,3.93,4.02,57100,KBS,2026-10-09T05:31:32Z
2018-01-10,TTZ,3.84,4.02,3.84,4.02,500,KBS,2026-10-09T05:31:32Z
2018-01-11,TTZ,3.93,4.11,3.93,4.11,52300,KBS,2026-10-09T05:31:32Z
2018-01-12,TTZ,4.02,4.11,4.02,4.11,219600,KBS,2026-10-09T05:31:32Z
2018-01-15,TTZ,3.93,4.11,3.93,4.11,176500,KBS,2026-10-09T05:31:32Z
2018-01-16,TTZ,4.11,4.2,4.11,4.2,82800,KBS,2026-10-09T05:31:32Z
2018-01-17,TTZ,4.2,4.2,4.2,4.2,100,KBS,2026-10-09T05:31:32Z
2018-01-18,TTZ,4.02,4.02,4.02,4.02,1000,KBS,2026-10-09T05:31:32Z
2018-01-19,TTZ,4.02,4.02,4.02,4.02,7100,KBS,2026-10-09T05:31:32Z
2018-01-22,TTZ,3.93,3.93,3.93,3.93,5000,KBS,2026-10-09T05:31:32Z
2018-01-23,TTZ,4.02,4.2,4.02,4.11,365400,KBS,2026-10-09T05:31:32Z
2018-01-24,TTZ,4.11,4.11,4.02,4.11,10600,KBS,2026-10-09T05:31:32Z
2018-01-25,TTZ,3.93,4.02,3.93,3.93,10900,KBS,2026-10-09T05:31:32Z
2018-01-26,TTZ,3.84,3.93,3.58,3.93,30400,KBS,2026-10-09T05:31:32Z
2018-01-29,TTZ,4.02,4.2,3.76,4.2,82500,KBS,2026-10-09T05:31:32Z
2018-01-30,TTZ,4.2,4.2,4.2,4.2,187700,KBS,2026-10-09T05:31:32Z
2018-01-31,TTZ,4.2,4.47,4.2,4.2,83000,KBS,2026-10-09T05:31:32Z
2018-02-01,TTZ,4.2,4.2,4.2,4.2,329800,KBS,2026-10-09T05:31:32Z
2018-02-02,TTZ,4.47,4.47,4.47,4.47,400,KBS,2026-10-09T05:31:32Z
2018-02-05,TTZ,4.02,4.29,4.02,4.2,40900,KBS,2026-10-09T05:31:32Z
2018-02-06,TTZ,3.84,4.11,3.84,4.11,9400,KBS,2026-10-09T05:31:32Z
2018-02-07,TTZ,4.02,4.29,4.02,4.29,1100,KBS,2026-10-09T05:31:32Z
2018-02-08,TTZ,4.2,4.29,3.93,4.2,50900,KBS,2026-10-09T05:31:32Z
2018-02-09,TTZ,4.2,4.2,3.84,4.2,7400,KBS,2026-10-09T05:31:32Z
2018-02-13,TTZ,4.2,4.2,4.2,4.2,2000,KBS,2026-10-09T05:31:32Z
2018-02-21,TTZ,4.56,4.56,4.56,4.56,1000,KBS,2026-10-09T05:31:32Z
2018-02-22,TTZ,4.38,4.38,4.11,4.11,2900,KBS,2026-10-09T05:31:32Z
2018-02-23,TTZ,4.02,4.2,4.02,4.2,8800,KBS,2026-10-09T05:31:32Z
2018-02-26,TTZ,4.11,4.11,4.11,4.11,2800,KBS,2026-10-09T05:31:32Z
2018-02-27,TTZ,4.4,4.5,4.4,4.5,9000,KBS,2026-10-09T05:31:32Z
2018-02-28,TTZ,4.5,4.59,4.5,4.59,65500,KBS,2026-10-09T05:31:32Z
2018-03-01,TTZ,4.3,4.69,4.3,4.69,11700,KBS,2026-10-09T05:31:32Z
2018-03-02,TTZ,4.5,4.78,4.5,4.78,600,KBS,2026-10-09T05:31:32Z
2018-03-05,TTZ,4.78,4.88,4.3,4.5,59600,KBS,2026-10-09T05:31:32Z
2018-03-06,TTZ,4.3,4.4,4.3,4.4,2300,KBS,2026-10-09T05:31:32Z
2018-03-07,TTZ,4.59,4.59,4.5,4.5,3500,KBS,2026-10-09T05:31:32Z
2018-03-09,TTZ,4.5,4.5,4.4,4.5,6100,KBS,2026-10-09T05:31:32Z
2018-03-13,TTZ,4.5,4.59,4.5,4.59,20000,KBS,2026-10-09T05:31:32Z
2018-03-14,TTZ,4.4,4.5,4.4,4.5,18000,KBS,2026-10-09T05:31:32Z
2018-03-15,TTZ,4.59,4.88,4.4,4.88,16000,KBS,2026-10-09T05:31:32Z
2018-03-16,TTZ,4.59,5.17,4.59,4.97,31200,KBS,2026-10-09T05:31:32Z
2018-03-19,TTZ,5.07,5.07,5.07,5.07,5100,KBS,2026-10-09T05:31:32Z
2018-03-20,TTZ,5.17,5.17,4.59,4.59,4200,KBS,2026-10-09T05:31:32Z
2018-03-21,TTZ,4.88,4.97,4.59,4.97,31500,KBS,2026-10-09T05:31:32Z
2018-03-22,TTZ,5.26,5.36,4.59,5.36,24600,KBS,2026-10-09T05:31:32Z
2018-03-23,TTZ,5.26,5.36,5.26,5.26,95500,KBS,2026-10-09T05:31:32Z
2018-03-27,TTZ,5.55,5.55,4.88,5.55,21300,KBS,2026-10-09T05:31:32Z
2018-03-29,TTZ,5.55,5.93,5.55,5.93,49500,KBS,2026-10-09T05:31:32Z
2018-03-30,TTZ,5.74,5.93,5.36,5.64,79400,KBS,2026-10-09T05:31:32Z
2018-04-02,TTZ,5.17,5.17,5.17,5.17,500,KBS,2026-10-09T05:31:32Z
2018-04-03,TTZ,5.07,5.64,4.97,5.64,52000,KBS,2026-10-09T05:31:32Z
2018-04-04,TTZ,5.64,5.83,5.64,5.64,8000,KBS,2026-10-09T05:31:32Z
2018-04-05,TTZ,5.17,5.17,5.17,5.17,1500,KBS,2026-10-09T05:31:32Z
2018-04-06,TTZ,4.97,4.97,4.78,4.78,150000,KBS,2026-10-09T05:31:32Z
2018-04-09,TTZ,5.26,5.26,5.26,5.26,20000,KBS,2026-10-09T05:31:32Z
2018-04-10,TTZ,4.88,4.88,4.88,4.88,500,KBS,2026-10-09T05:31:32Z
2018-04-11,TTZ,5.17,5.36,4.88,4.88,20000,KBS,2026-10-09T05:31:32Z
2018-04-13,TTZ,4.88,5.26,4.78,5.26,7400,KBS,2026-10-09T05:31:32Z
2018-04-16,TTZ,5.07,5.64,4.88,4.88,29600,KBS,2026-10-09T05:31:32Z
2018-04-17,TTZ,4.78,5.26,4.78,5.26,6210,KBS,2026-10-09T05:31:32Z
2018-04-19,TTZ,4.88,5.64,4.88,5.64,116885,KBS,2026-10-09T05:31:32Z
2018-04-20,TTZ,5.64,5.64,5.64,5.64,200,KBS,2026-10-09T05:31:32Z
2018-04-23,TTZ,5.45,5.64,5.45,5.64,60800,KBS,2026-10-09T05:31:32Z
2018-04-24,TTZ,5.26,5.45,5.17,5.36,24448,KBS,2026-10-09T05:31:32Z
2018-04-26,TTZ,5.07,5.36,4.88,5.36,60203,KBS,2026-10-09T05:31:32Z
2018-05-02,TTZ,5.36,5.36,5.36,5.36,400,KBS,2026-10-09T05:31:32Z
2018-05-03,TTZ,5.36,5.36,5.26,5.36,54000,KBS,2026-10-09T05:31:32Z
2018-05-04,TTZ,5.36,5.36,5.36,5.36,11700,KBS,2026-10-09T05:31:32Z
2018-05-07,TTZ,5.36,5.36,4.97,4.97,5200,KBS,2026-10-09T05:31:32Z
2018-05-08,TTZ,5.26,5.26,5.26,5.26,5000,KBS,2026-10-09T05:31:32Z
2018-05-09,TTZ,5.36,5.36,5.26,5.26,19000,KBS,2026-10-09T05:31:32Z
2018-05-10,TTZ,5.36,5.36,5.36,5.36,7000,KBS,2026-10-09T05:31:32Z
2018-05-11,TTZ,5.36,5.36,5.26,5.26,61200,KBS,2026-10-09T05:31:32Z
2018-05-14,TTZ,5.45,5.64,4.97,5.55,116510,KBS,2026-10-09T05:31:32Z
2018-05-15,TTZ,5.74,5.83,5.55,5.83,73104,KBS,2026-10-09T05:31:32Z
2018-05-16,TTZ,5.74,6.31,5.55,6.31,142000,KBS,2026-10-09T05:31:32Z
2018-05-17,TTZ,6.31,6.5,6.12,6.12,53700,KBS,2026-10-09T05:31:32Z
2018-05-18,TTZ,6.12,6.12,6.12,6.12,100,KBS,2026-10-09T05:31:32Z
2018-05-21,TTZ,5.93,6.12,5.93,6.03,11240,KBS,2026-10-09T05:31:32Z
2018-05-22,TTZ,5.93,6.12,5.83,6.12,38500,KBS,2026-10-09T05:31:32Z
2018-05-23,TTZ,6.12,6.22,6.12,6.12,39000,KBS,2026-10-09T05:31:32Z
2018-05-24,TTZ,5.93,6.22,5.83,5.83,48450,KBS,2026-10-09T05:31:32Z
2018-05-25,TTZ,5.93,5.93,5.26,5.26,8100,KBS,2026-10-09T05:31:32Z
2018-05-28,TTZ,5.74,5.74,5.74,5.74,95206,KBS,2026-10-09T05:31:32Z
2018-05-29,TTZ,6.22,6.22,6.22,6.22,11100,KBS,2026-10-09T05:31:32Z
2018-05-30,TTZ,6.31,6.31,6.22,6.22,12800,KBS,2026-10-09T05:31:32Z
2018-05-31,TTZ,6.12,6.5,6.12,6.5,14330,KBS,2026-10-09T05:31:32Z
2018-06-01,TTZ,6.6,6.98,6.6,6.98,25900,KBS,2026-10-09T05:31:32Z
2018-06-04,TTZ,6.98,7.37,6.98,7.37,89300,KBS,2026-10-09T05:31:32Z
2018-06-05,TTZ,7.56,7.56,7.37,7.46,47329,KBS,2026-10-09T05:31:32Z
2018-06-06,TTZ,7.37,7.56,7.37,7.56,45910,KBS,2026-10-09T05:31:32Z
2018-06-07,TTZ,7.46,7.65,7.46,7.56,9230,KBS,2026-10-09T05:31:32Z
2018-06-08,TTZ,7.56,7.56,6.89,7.46,298810,KBS,2026-10-09T05:31:32Z
2018-06-11,TTZ,6.79,7.17,6.79,6.79,26540,KBS,2026-10-09T05:31:32Z
2018-06-12,TTZ,6.22,7.37,6.12,7.37,63908,KBS,2026-10-09T05:31:32Z
2018-06-13,TTZ,6.79,6.89,6.7,6.89,26200,KBS,2026-10-09T05:31:32Z
2018-06-14,TTZ,6.7,7.37,6.7,6.7,88000,KBS,2026-10-09T05:31:32Z
2018-06-15,TTZ,7.37,7.37,7.37,7.37,10050,KBS,2026-10-09T05:31:32Z
2018-06-18,TTZ,7.17,8.03,7.17,8.03,6300,KBS,2026-10-09T05:31:32Z
2018-06-19,TTZ,7.27,8.13,7.27,7.27,131850,KBS,2026-10-09T05:31:32Z
2018-06-20,TTZ,7.65,7.65,7.37,7.56,30400,KBS,2026-10-09T05:31:32Z
2018-06-21,TTZ,7.56,7.56,7.56,7.56,40,KBS,2026-10-09T05:31:32Z
2018-06-22,TTZ,7.17,8.03,7.17,7.94,29400,KBS,2026-10-09T05:31:32Z
2018-06-25,TTZ,7.94,7.94,7.94,7.94,700,KBS,2026-10-09T05:31:32Z
2018-06-26,TTZ,7.94,7.94,7.94,7.94,400,KBS,2026-10-09T05:31:32Z
2018-06-27,TTZ,7.27,8.13,7.27,7.65,1357,KBS,2026-10-09T05:31:32Z
2018-06-28,TTZ,7.65,7.65,7.65,7.65,10000,KBS,2026-10-09T05:31:32Z
2018-07-02,TTZ,7.65,7.65,7.08,7.56,13510,KBS,2026-10-09T05:31:32Z
2018-07-03,TTZ,7.56,8.13,7.46,7.56,24526,KBS,2026-10-09T05:31:32Z
2018-07-04,TTZ,7.84,8.13,7.46,8.13,22070,KBS,2026-10-09T05:31:32Z
2018-07-05,TTZ,8.13,8.9,8.13,8.61,31600,KBS,2026-10-09T05:31:32Z
2018-07-06,TTZ,8.03,8.9,8.03,8.32,34493,KBS,2026-10-09T05:31:32Z
2018-07-09,TTZ,8.61,8.61,8.03,8.03,3300,KBS,2026-10-09T05:31:32Z
2018-07-10,TTZ,7.94,8.61,7.56,8.61,2294,KBS,2026-10-09T05:31:32Z
2018-07-11,TTZ,8.42,9.28,7.75,9.28,8706,KBS,2026-10-09T05:31:32Z
2018-07-12,TTZ,9.28,9.28,8.42,8.42,4600,KBS,2026-10-09T05:31:32Z
2018-07-13,TTZ,7.75,7.75,7.75,7.75,400,KBS,2026-10-09T05:31:32Z
2018-07-16,TTZ,8.42,8.51,8.42,8.51,9500,KBS,2026-10-09T05:31:32Z
2018-07-17,TTZ,8.61,9.28,8.61,9.28,11600,KBS,2026-10-09T05:31:32Z
2018-07-18,TTZ,10.14,10.14,8.51,10.04,3734,KBS,2026-10-09T05:31:32Z
2018-07-19,TTZ,9.95,9.95,9.09,9.09,6400,KBS,2026-10-09T05:31:32Z
2018-07-23,TTZ,8.23,9.18,8.23,9.18,5805,KBS,2026-10-09T05:31:32Z
2018-07-24,TTZ,8.61,9.09,8.32,9.09,360700,KBS,2026-10-09T05:31:32Z
2018-07-26,TTZ,8.32,8.32,8.32,8.32,7000,KBS,2026-10-09T05:31:32Z
2018-07-27,TTZ,8.13,9.09,7.56,7.56,10510,KBS,2026-10-09T05:31:32Z
2018-07-30,TTZ,8.13,8.13,7.08,7.08,5600,KBS,2026-10-09T05:31:32Z
2018-07-31,TTZ,7.65,7.65,7.65,7.65,2300,KBS,2026-10-09T05:31:32Z
2018-08-01,TTZ,7.94,8.03,7.56,7.94,6000,KBS,2026-10-09T05:31:32Z
2018-08-02,TTZ,7.65,8.51,7.27,8.03,39800,KBS,2026-10-09T05:31:32Z
2018-08-03,TTZ,7.37,7.37,7.27,7.27,600,KBS,2026-10-09T05:31:32Z
2018-08-06,TTZ,7.27,7.27,6.7,6.7,33800,KBS,2026-10-09T05:31:32Z
2018-08-07,TTZ,6.7,6.7,6.7,6.7,28600,KBS,2026-10-09T05:31:32Z
2018-08-08,TTZ,6.7,6.7,6.7,6.7,34900,KBS,2026-10-09T05:31:32Z
2018-08-09,TTZ,6.7,6.7,6.7,6.7,40000,KBS,2026-10-09T05:31:32Z
2018-08-13,TTZ,6.5,7.27,6.5,6.7,39350,KBS,2026-10-09T05:31:32Z
2018-08-14,TTZ,7.27,7.27,7.27,7.27,100,KBS,2026-10-09T05:31:32Z
2018-08-15,TTZ,7.27,7.94,7.27,7.94,24800,KBS,2026-10-09T05:31:32Z
2018-08-16,TTZ,7.65,8.51,7.65,8.51,33000,KBS,2026-10-09T05:31:32Z
2018-08-17,TTZ,8.13,8.8,8.13,8.8,800,KBS,2026-10-09T05:31:32Z
2018-08-20,TTZ,8.9,8.9,8.8,8.8,3000,KBS,2026-10-09T05:31:32Z
2018-08-21,TTZ,8.8,8.8,8.6,8.6,6400,KBS,2026-10-09T05:31:32Z
2018-08-22,TTZ,8.4,8.4,7.8,7.8,800,KBS,2026-10-09T05:31:32Z
2018-08-23,TTZ,8.0,8.0,8.0,8.0,7200,KBS,2026-10-09T05:31:32Z
2018-08-24,TTZ,8.0,8.0,7.5,7.9,10220,KBS,2026-10-09T05:31:32Z
2018-08-27,TTZ,8.6,8.6,8.6,8.6,100,KBS,2026-10-09T05:31:32Z
2018-08-28,TTZ,8.0,8.0,7.8,7.8,5900,KBS,2026-10-09T05:31:32Z
2018-08-29,TTZ,7.1,7.3,7.1,7.1,17100,KBS,2026-10-09T05:31:32Z
2018-08-30,TTZ,7.1,7.1,7.0,7.0,13823,KBS,2026-10-09T05:31:32Z
2018-08-31,TTZ,7.0,7.0,6.8,7.0,8700,KBS,2026-10-09T05:31:32Z
2018-09-04,TTZ,7.0,7.0,6.9,6.9,1000,KBS,2026-10-09T05:31:32Z
2018-09-05,TTZ,6.8,6.8,6.8,6.8,500,KBS,2026-10-09T05:31:32Z
2018-09-06,TTZ,6.5,6.5,6.3,6.3,2300,KBS,2026-10-09T05:31:32Z
2018-09-07,TTZ,6.3,6.9,6.3,6.9,60700,KBS,2026-10-09T05:31:32Z
2018-09-10,TTZ,6.9,6.9,6.9,6.9,910,KBS,2026-10-09T05:31:32Z
2018-09-12,TTZ,6.3,6.3,6.3,6.3,4705,KBS,2026-10-09T05:31:32Z
2018-09-13,TTZ,6.3,6.3,6.3,6.3,10,KBS,2026-10-09T05:31:32Z
2018-09-17,TTZ,5.8,6.6,5.8,6.6,60400,KBS,2026-10-09T05:31:32Z
2018-09-18,TTZ,6.9,6.9,6.9,6.9,4100,KBS,2026-10-09T05:31:32Z
2018-09-19,TTZ,6.3,7.2,6.3,7.2,142000,KBS,2026-10-09T05:31:32Z
2018-09-20,TTZ,7.2,7.9,7.2,7.9,610,KBS,2026-10-09T05:31:32Z
2018-09-21,TTZ,7.6,7.8,7.5,7.8,15200,KBS,2026-10-09T05:31:32Z
2018-09-24,TTZ,7.5,7.9,7.5,7.9,200,KBS,2026-10-09T05:31:32Z
2018-09-25,TTZ,7.5,8.5,7.5,8.5,20400,KBS,2026-10-09T05:31:32Z
2018-09-26,TTZ,7.8,8.1,7.7,7.7,1700,KBS,2026-10-09T05:31:32Z
2018-09-27,TTZ,7.0,7.2,7.0,7.2,3000,KBS,2026-10-09T05:31:32Z
2018-09-28,TTZ,6.6,7.8,6.6,7.8,22210,KBS,2026-10-09T05:31:32Z
2018-10-01,TTZ,7.6,8.2,7.1,7.4,9227,KBS,2026-10-09T05:31:32Z
2018-10-02,TTZ,7.3,7.4,6.9,7.1,9600,KBS,2026-10-09T05:31:32Z
2018-10-03,TTZ,6.9,7.2,6.9,7.2,15000,KBS,2026-10-09T05:31:32Z
2018-10-04,TTZ,7.2,7.2,7.2,7.2,10036,KBS,2026-10-09T05:31:32Z
2018-10-08,TTZ,7.2,7.3,6.8,7.3,14200,KBS,2026-10-09T05:31:32Z
2018-10-09,TTZ,7.9,7.9,7.3,7.8,3301,KBS,2026-10-09T05:31:32Z
2018-10-10,TTZ,7.8,7.8,7.1,7.1,4400,KBS,2026-10-09T05:31:32Z
2018-10-11,TTZ,6.5,6.5,6.5,6.5,10200,KBS,2026-10-09T05:31:32Z
2018-10-12,TTZ,6.0,7.1,6.0,6.5,7400,KBS,2026-10-09T05:31:32Z
2018-10-16,TTZ,7.1,7.1,7.1,7.1,3300,KBS,2026-10-09T05:31:32Z
2018-10-17,TTZ,6.4,7.6,6.4,7.6,9000,KBS,2026-10-09T05:31:32Z
2018-10-18,TTZ,6.9,7.0,6.9,7.0,2500,KBS,2026-10-09T05:31:32Z
2018-10-19,TTZ,7.4,7.4,7.4,7.4,100,KBS,2026-10-09T05:31:32Z
2018-10-22,TTZ,7.3,8.0,7.3,7.4,26100,KBS,2026-10-09T05:31:32Z
2018-10-23,TTZ,8.1,8.1,8.1,8.1,100,KBS,2026-10-09T05:31:32Z
2018-10-24,TTZ,8.1,8.9,8.1,8.3,50800,KBS,2026-10-09T05:31:32Z
2018-10-25,TTZ,8.1,8.3,8.1,8.3,21400,KBS,2026-10-09T05:31:32Z
2018-10-26,TTZ,8.3,8.9,7.5,7.5,10700,KBS,2026-10-09T05:31:32Z
2018-10-29,TTZ,8.2,8.2,8.1,8.1,205,KBS,2026-10-09T05:31:32Z
2018-10-30,TTZ,8.9,8.9,8.9,8.9,100,KBS,2026-10-09T05:31:32Z
2018-10-31,TTZ,8.1,8.8,8.1,8.7,34500,KBS,2026-10-09T05:31:32Z
2018-11-01,TTZ,8.7,8.7,7.9,8.4,1200,KBS,2026-10-09T05:31:32Z
2018-11-02,TTZ,8.2,8.4,7.6,7.6,21400,KBS,2026-10-09T05:31:32Z
2018-11-05,TTZ,6.9,7.8,6.9,6.9,6905,KBS,2026-10-09T05:31:32Z
2018-11-06,TTZ,7.4,7.4,7.1,7.2,100275,KBS,2026-10-09T05:31:32Z
2018-11-07,TTZ,7.2,7.3,6.6,6.6,11200,KBS,2026-10-09T05:31:32Z
2018-11-08,TTZ,7.2,7.2,7.0,7.0,19900,KBS,2026-10-09T05:31:32Z
2018-11-09,TTZ,6.4,7.4,6.4,7.4,405,KBS,2026-10-09T05:31:32Z
2018-11-12,TTZ,7.2,7.5,7.2,7.5,16905,KBS,2026-10-09T05:31:32Z
2018-11-13,TTZ,7.4,7.5,7.4,7.5,25800,KBS,2026-10-09T05:31:32Z
2018-11-14,TTZ,7.4,7.6,6.8,7.6,15300,KBS,2026-10-09T05:31:32Z
2018-11-15,TTZ,7.6,7.6,6.9,6.9,4200,KBS,2026-10-09T05:31:32Z
2018-11-16,TTZ,7.5,7.5,7.5,7.5,115,KBS,2026-10-09T05:31:32Z
2018-11-19,TTZ,7.7,7.7,7.6,7.6,804,KBS,2026-10-09T05:31:32Z
2018-11-20,TTZ,8.3,8.3,8.3,8.3,6110,KBS,2026-10-09T05:31:32Z
2018-11-21,TTZ,9.1,9.1,7.5,7.9,400,KBS,2026-10-09T05:31:32Z
2018-11-22,TTZ,7.2,7.9,7.2,7.8,59700,KBS,2026-10-09T05:31:32Z
2018-11-23,TTZ,7.1,7.6,7.1,7.6,200,KBS,2026-10-09T05:31:32Z
2018-11-26,TTZ,6.9,7.5,6.9,6.9,21800,KBS,2026-10-09T05:31:32Z
2018-11-27,TTZ,7.2,7.2,6.5,6.5,35000,KBS,2026-10-09T05:31:32Z
2018-11-28,TTZ,6.4,6.8,6.4,6.8,1300,KBS,2026-10-09T05:31:32Z
2018-11-29,TTZ,6.7,7.4,6.4,6.4,4100,KBS,2026-10-09T05:31:32Z
2018-11-30,TTZ,6.9,6.9,6.5,6.5,1300,KBS,2026-10-09T05:31:32Z
2018-12-03,TTZ,6.3,7.0,6.3,6.3,760,KBS,2026-10-09T05:31:32Z
2018-12-04,TTZ,6.3,6.9,5.7,6.9,115315,KBS,2026-10-09T05:31:32Z
2018-12-05,TTZ,7.5,7.5,6.6,7.5,133314,KBS,2026-10-09T05:31:32Z
2018-12-06,TTZ,7.1,8.1,7.0,8.0,239136,KBS,2026-10-09T05:31:32Z
2018-12-07,TTZ,8.6,8.6,7.6,8.1,55100,KBS,2026-10-09T05:31:32Z
2018-12-10,TTZ,8.7,8.7,8.0,8.0,5424,KBS,2026-10-09T05:31:32Z
2018-12-11,TTZ,7.9,8.0,7.9,8.0,2100,KBS,2026-10-09T05:31:32Z
2018-12-12,TTZ,7.9,8.3,7.9,8.3,18200,KBS,2026-10-09T05:31:32Z
2018-12-13,TTZ,8.3,8.5,8.1,8.5,25700,KBS,2026-10-09T05:31:32Z
2018-12-14,TTZ,8.4,8.5,8.0,8.5,6200,KBS,2026-10-09T05:31:32Z
2018-12-17,TTZ,8.4,8.5,8.3,8.5,20000,KBS,2026-10-09T05:31:32Z
2018-12-19,TTZ,8.0,8.4,8.0,8.4,56010,KBS,2026-10-09T05:31:32Z
2018-12-20,TTZ,7.8,8.5,7.8,8.5,6700,KBS,2026-10-09T05:31:32Z
2018-12-21,TTZ,7.9,8.5,7.9,8.5,6000,KBS,2026-10-09T05:31:32Z
2018-12-24,TTZ,8.2,8.6,8.2,8.6,17100,KBS,2026-10-09T05:31:32Z
2018-12-26,TTZ,8.5,8.5,8.0,8.5,3200,KBS,2026-10-09T05:31:32Z
2018-12-27,TTZ,8.4,8.5,8.4,8.5,200,KBS,2026-10-09T05:31:32Z
2019-01-02,TTZ,8.9,9.3,8.5,8.5,7400,KBS,2026-10-09T05:31:32Z
2019-01-03,TTZ,9.0,9.0,8.1,8.1,2900,KBS,2026-10-09T05:31:32Z
2019-01-04,TTZ,8.5,8.5,8.5,8.5,500,KBS,2026-10-09T05:31:32Z
2019-01-07,TTZ,9.3,9.3,7.8,8.5,39750,KBS,2026-10-09T05:31:32Z
2019-01-09,TTZ,8.3,8.4,8.3,8.4,5100,KBS,2026-10-09T05:31:32Z
2019-01-10,TTZ,8.0,8.5,7.7,8.0,5400,KBS,2026-10-09T05:31:32Z
2019-01-11,TTZ,8.4,8.5,8.4,8.5,200,KBS,2026-10-09T05:31:32Z
2019-01-14,TTZ,9.3,9.3,8.0,8.4,4000,KBS,2026-10-09T05:31:32Z
2019-01-15,TTZ,8.4,8.4,7.9,8.4,20300,KBS,2026-10-09T05:31:32Z
2019-01-16,TTZ,8.3,8.4,8.3,8.4,10400,KBS,2026-10-09T05:31:32Z
2019-01-17,TTZ,8.2,8.2,8.1,8.2,36100,KBS,2026-10-09T05:31:32Z
2019-01-18,TTZ,8.2,8.5,7.6,8.5,30600,KBS,2026-10-09T05:31:32Z
2019-01-21,TTZ,8.0,8.0,7.7,8.0,30300,KBS,2026-10-09T05:31:32Z
2019-01-22,TTZ,8.0,8.0,7.9,8.0,54700,KBS,2026-10-09T05:31:32Z
2019-01-23,TTZ,8.0,8.0,7.7,8.0,46100,KBS,2026-10-09T05:31:32Z
2019-01-24,TTZ,7.9,8.0,7.9,7.9,10100,KBS,2026-10-09T05:31:32Z
2019-01-28,TTZ,7.9,7.9,7.9,7.9,29800,KBS,2026-10-09T05:31:32Z
2019-01-30,TTZ,8.0,8.4,8.0,8.4,20400,KBS,2026-10-09T05:31:32Z
2019-01-31,TTZ,8.4,8.9,8.3,8.9,11300,KBS,2026-10-09T05:31:32Z
2019-02-01,TTZ,9.7,9.7,8.1,8.5,9600,KBS,2026-10-09T05:31:32Z
2019-02-11,TTZ,8.1,9.0,8.1,9.0,48400,KBS,2026-10-09T05:31:32Z
2019-02-12,TTZ,8.7,9.4,8.7,9.4,8000,KBS,2026-10-09T05:31:32Z
2019-02-13,TTZ,9.2,9.8,9.2,9.8,9300,KBS,2026-10-09T05:31:32Z
2019-02-14,TTZ,9.6,9.8,9.0,9.8,7100,KBS,2026-10-09T05:31:32Z
2019-02-15,TTZ,9.7,9.9,9.6,9.9,20900,KBS,2026-10-09T05:31:32Z
2019-02-18,TTZ,9.8,9.8,9.7,9.8,2801,KBS,2026-10-09T05:31:32Z
2019-02-19,TTZ,9.8,9.9,9.3,9.3,3300,KBS,2026-10-09T05:31:32Z
2019-02-20,TTZ,9.3,9.4,9.3,9.4,1900,KBS,2026-10-09T05:31:32Z
2019-02-21,TTZ,9.4,9.4,9.0,9.0,500,KBS,2026-10-09T05:31:32Z
2019-02-22,TTZ,9.1,9.4,9.0,9.1,7600,KBS,2026-10-09T05:31:32Z
2019-02-25,TTZ,8.9,9.3,8.9,9.3,144306,KBS,2026-10-09T05:31:32Z
2019-02-26,TTZ,9.0,9.5,8.9,9.3,49500,KBS,2026-10-09T05:31:32Z
2019-02-27,TTZ,9.7,9.7,8.8,9.5,28800,KBS,2026-10-09T05:31:32Z
2019-02-28,TTZ,9.4,9.5,9.3,9.5,16809,KBS,2026-10-09T05:31:32Z
2019-03-01,TTZ,9.0,9.4,8.8,9.1,33100,KBS,2026-10-09T05:31:32Z
2019-03-04,TTZ,8.8,8.8,8.2,8.2,11100,KBS,2026-10-09T05:31:32Z
2019-03-05,TTZ,8.2,8.5,8.2,8.5,66010,KBS,2026-10-09T05:31:32Z
2019-03-06,TTZ,8.1,8.7,7.8,8.7,23710,KBS,2026-10-09T05:31:32Z
2019-03-07,TTZ,8.5,8.7,8.4,8.7,37286,KBS,2026-10-09T05:31:32Z
2019-03-08,TTZ,8.6,8.6,8.4,8.4,4708,KBS,2026-10-09T05:31:32Z
2019-03-11,TTZ,8.5,8.5,8.0,8.2,2310,KBS,2026-10-09T05:31:32Z
2019-03-12,TTZ,8.2,8.4,8.0,8.3,63400,KBS,2026-10-09T05:31:32Z
2019-03-13,TTZ,9.1,9.1,8.0,8.8,20500,KBS,2026-10-09T05:31:32Z
2019-03-14,TTZ,8.6,8.8,8.0,8.6,179400,KBS,2026-10-09T05:31:32Z
2019-03-15,TTZ,8.5,9.4,7.8,9.3,94200,KBS,2026-10-09T05:31:32Z
2019-03-18,TTZ,9.2,10.2,9.2,10.2,39800,KBS,2026-10-09T05:31:32Z
2019-03-19,TTZ,10.0,10.0,9.2,9.2,5610,KBS,2026-10-09T05:31:32Z
2019-03-20,TTZ,9.1,9.1,8.3,8.3,46804,KBS,2026-10-09T05:31:32Z
2019-03-21,TTZ,8.2,8.2,7.5,7.8,33000,KBS,2026-10-09T05:31:32Z
2019-03-25,TTZ,8.3,8.3,8.3,8.3,300,KBS,2026-10-09T05:31:32Z
2019-03-26,TTZ,8.2,8.3,8.2,8.3,819,KBS,2026-10-09T05:31:32Z
2019-03-27,TTZ,8.3,8.3,8.3,8.3,6000,KBS,2026-10-09T05:31:32Z
2019-03-28,TTZ,8.0,8.3,8.0,8.3,900,KBS,2026-10-09T05:31:32Z
2019-03-29,TTZ,7.6,8.3,7.6,8.3,610,KBS,2026-10-09T05:31:32Z
2019-04-01,TTZ,8.3,8.3,7.5,8.3,51700,KBS,2026-10-09T05:31:32Z
2019-04-02,TTZ,7.6,8.2,7.6,8.2,21606,KBS,2026-10-09T05:31:32Z
2019-04-03,TTZ,8.2,9.0,8.2,9.0,1200,KBS,2026-10-09T05:31:32Z
2019-04-04,TTZ,8.1,8.8,8.1,8.8,3200,KBS,2026-10-09T05:31:32Z
2019-04-09,TTZ,8.0,8.0,8.0,8.0,360,KBS,2026-10-09T05:31:32Z
2019-04-10,TTZ,8.5,8.5,8.5,8.5,210,KBS,2026-10-09T05:31:32Z
2019-04-19,TTZ,8.0,8.0,8.0,8.0,100,KBS,2026-10-09T05:31:32Z
2019-04-22,TTZ,8.3,8.3,8.3,8.3,100,KBS,2026-10-09T05:31:32Z
2019-04-23,TTZ,7.5,7.5,7.5,7.5,900,KBS,2026-10-09T05:31:32Z
2019-04-24,TTZ,7.3,7.4,7.3,7.4,30800,KBS,2026-10-09T05:31:32Z
2019-04-25,TTZ,8.1,8.1,7.5,8.1,1600,KBS,2026-10-09T05:31:32Z
2019-04-26,TTZ,8.9,8.9,8.9,8.9,200,KBS,2026-10-09T05:31:32Z
2019-05-02,TTZ,9.4,9.4,9.4,9.4,9200,KBS,2026-10-09T05:31:32Z
2019-05-03,TTZ,10.3,10.3,8.5,9.4,2600,KBS,2026-10-09T05:31:32Z
2019-05-06,TTZ,9.0,9.4,8.5,9.4,5000,KBS,2026-10-09T05:31:32Z
2019-05-07,TTZ,9.3,9.4,9.3,9.4,4800,KBS,2026-10-09T05:31:32Z
2019-05-08,TTZ,10.3,10.3,10.3,10.3,200,KBS,2026-10-09T05:31:32Z
2019-05-09,TTZ,11.2,11.2,9.3,9.3,500,KBS,2026-10-09T05:31:32Z
2019-05-10,TTZ,9.2,9.2,8.4,8.4,2400,KBS,2026-10-09T05:31:32Z
2019-05-13,TTZ,7.7,8.4,7.6,7.6,3000,KBS,2026-10-09T05:31:32Z
2019-05-14,TTZ,6.9,8.3,6.9,8.3,10800,KBS,2026-10-09T05:31:32Z
2019-05-15,TTZ,9.1,9.1,7.5,8.2,1400,KBS,2026-10-09T05:31:32Z
2019-05-16,TTZ,8.1,8.3,8.1,8.3,1200,KBS,2026-10-09T05:31:32Z
2019-05-17,TTZ,8.2,8.2,8.1,8.2,2500,KBS,2026-10-09T05:31:32Z
2019-05-20,TTZ,8.3,8.3,8.3,8.3,1000,KBS,2026-10-09T05:31:32Z
2019-05-23,TTZ,8.3,8.4,8.0,8.3,101700,KBS,2026-10-09T05:31:32Z
2019-05-24,TTZ,9.1,9.1,9.1,9.1,100,KBS,2026-10-09T05:31:32Z
2019-05-29,TTZ,9.1,9.1,8.2,8.4,500,KBS,2026-10-09T05:31:32Z
2019-05-30,TTZ,8.0,8.4,8.0,8.4,121101,KBS,2026-10-09T05:31:32Z
2019-05-31,TTZ,8.3,8.3,8.3,8.3,160304,KBS,2026-10-09T05:31:32Z
2019-06-04,TTZ,8.0,8.0,7.5,7.9,9010,KBS,2026-10-09T05:31:32Z
2019-06-05,TTZ,7.3,7.9,7.2,7.9,1104,KBS,2026-10-09T05:31:32Z
2019-06-06,TTZ,7.9,8.4,7.9,8.4,1300,KBS,2026-10-09T05:31:32Z
2019-06-10,TTZ,7.7,7.7,7.7,7.7,230,KBS,2026-10-09T05:31:32Z
2019-06-11,TTZ,7.0,8.1,7.0,8.1,310,KBS,2026-10-09T05:31:32Z
2019-06-13,TTZ,8.0,8.0,7.4,7.9,34010,KBS,2026-10-09T05:31:32Z
2019-06-17,TTZ,7.9,7.9,7.9,7.9,5208,KBS,2026-10-09T05:31:32Z
2019-06-18,TTZ,7.9,8.4,7.9,8.4,500,KBS,2026-10-09T05:31:32Z
2019-06-20,TTZ,8.3,8.3,8.3,8.3,5100,KBS,2026-10-09T05:31:32Z
2019-06-24,TTZ,7.5,8.1,7.5,8.1,500,KBS,2026-10-09T05:31:32Z
2019-06-25,TTZ,8.4,8.4,8.4,8.4,100,KBS,2026-10-09T05:31:32Z
2019-06-27,TTZ,8.4,9.2,8.4,9.2,500,KBS,2026-10-09T05:31:32Z
2019-06-28,TTZ,8.3,8.5,8.3,8.3,2200,KBS,2026-10-09T05:31:32Z
2019-07-01,TTZ,8.3,8.3,8.3,8.3,63,KBS,2026-10-09T05:31:32Z
2019-07-02,TTZ,8.3,8.3,8.3,8.3,80,KBS,2026-10-09T05:31:32Z
2019-07-03,TTZ,7.9,8.1,7.9,8.1,200,KBS,2026-10-09T05:31:32Z
2019-07-04,TTZ,7.4,8.1,7.3,8.1,9600,KBS,2026-10-09T05:31:32Z
2019-07-05,TTZ,8.0,8.3,8.0,8.3,401,KBS,2026-10-09T05:31:32Z
2019-07-09,TTZ,8.0,8.0,7.5,8.0,88380,KBS,2026-10-09T05:31:32Z
2019-07-10,TTZ,7.8,8.0,7.2,8.0,45200,KBS,2026-10-09T05:31:32Z
2019-07-11,TTZ,8.3,8.3,7.2,8.0,25900,KBS,2026-10-09T05:31:32Z
2019-07-12,TTZ,7.8,8.0,7.2,8.0,34900,KBS,2026-10-09T05:31:32Z
2019-07-15,TTZ,7.2,8.8,7.2,8.6,56400,KBS,2026-10-09T05:31:32Z
2019-07-16,TTZ,7.8,8.3,7.8,8.3,27800,KBS,2026-10-09T05:31:32Z
2019-07-17,TTZ,8.2,8.2,7.5,7.5,20600,KBS,2026-10-09T05:31:32Z
2019-07-18,TTZ,6.8,7.6,6.8,7.6,2400,KBS,2026-10-09T05:31:32Z
2019-07-19,TTZ,7.5,7.5,6.9,7.5,10800,KBS,2026-10-09T05:31:32Z
2019-07-22,TTZ,7.4,7.5,6.9,7.4,600,KBS,2026-10-09T05:31:32Z
2019-07-23,TTZ,7.4,7.9,7.0,7.9,37356,KBS,2026-10-09T05:31:32Z
2019-07-24,TTZ,7.7,8.0,7.7,8.0,20800,KBS,2026-10-09T05:31:32Z
2019-07-25,TTZ,7.8,8.1,7.5,8.1,21300,KBS,2026-10-09T05:31:32Z
2019-07-26,TTZ,7.5,7.9,7.5,7.9,22500,KBS,2026-10-09T05:31:32Z
2019-07-29,TTZ,7.8,8.0,7.5,8.0,30900,KBS,2026-10-09T05:31:32Z
2019-07-30,TTZ,7.9,8.5,7.4,8.3,109300,KBS,2026-10-09T05:31:32Z
2019-07-31,TTZ,7.6,8.2,7.6,8.1,63800,KBS,2026-10-09T05:31:32Z
2019-08-02,TTZ,7.9,8.0,7.6,8.0,26600,KBS,2026-10-09T05:31:32Z
2019-08-05,TTZ,7.8,8.5,7.8,8.5,44400,KBS,2026-10-09T05:31:32Z
2019-08-06,TTZ,8.4,9.1,8.2,8.2,42300,KBS,2026-10-09T05:31:32Z
2019-08-07,TTZ,8.3,8.3,7.8,8.3,15400,KBS,2026-10-09T05:31:32Z
2019-08-08,TTZ,8.0,8.5,8.0,8.3,149800,KBS,2026-10-09T05:31:32Z
2019-08-09,TTZ,8.0,8.5,8.0,8.5,20200,KBS,2026-10-09T05:31:32Z
2019-08-12,TTZ,8.4,8.4,7.8,7.8,9100,KBS,2026-10-09T05:31:32Z
2019-08-13,TTZ,8.0,8.0,7.6,7.8,23700,KBS,2026-10-09T05:31:32Z
2019-08-14,TTZ,8.0,8.2,8.0,8.2,40100,KBS,2026-10-09T05:31:32Z
2019-08-15,TTZ,8.1,8.1,8.0,8.0,32000,KBS,2026-10-09T05:31:32Z
2019-08-16,TTZ,7.9,7.9,7.9,7.9,40000,KBS,2026-10-09T05:31:32Z
2019-08-19,TTZ,8.0,8.6,8.0,8.6,20500,KBS,2026-10-09T05:31:32Z
2019-08-20,TTZ,7.8,8.2,7.8,8.2,12200,KBS,2026-10-09T05:31:32Z
2019-08-21,TTZ,8.4,8.4,8.3,8.4,20300,KBS,2026-10-09T05:31:32Z
2019-08-22,TTZ,8.4,8.4,8.2,8.3,11100,KBS,2026-10-09T05:31:32Z
2019-08-23,TTZ,8.2,8.4,7.7,8.3,24900,KBS,2026-10-09T05:31:32Z
2019-08-26,TTZ,8.3,8.3,8.2,8.3,5300,KBS,2026-10-09T05:31:32Z
2019-08-27,TTZ,8.3,8.3,7.7,8.2,16400,KBS,2026-10-09T05:31:32Z
2019-08-28,TTZ,8.9,8.9,8.0,8.9,20300,KBS,2026-10-09T05:31:32Z
2019-08-29,TTZ,8.1,8.2,8.1,8.2,6100,KBS,2026-10-09T05:31:32Z
2019-08-30,TTZ,7.6,8.1,7.6,8.1,66300,KBS,2026-10-09T05:31:32Z
2019-09-03,TTZ,7.9,8.4,7.8,8.4,16200,KBS,2026-10-09T05:31:32Z
2019-09-04,TTZ,8.3,8.3,7.8,8.0,147300,KBS,2026-10-09T05:31:32Z
2019-09-05,TTZ,7.9,8.2,7.2,8.2,74600,KBS,2026-10-09T05:31:32Z
2019-09-06,TTZ,7.6,9.0,7.6,7.9,200,KBS,2026-10-09T05:31:32Z
2019-09-09,TTZ,8.0,8.4,7.2,8.4,12600,KBS,2026-10-09T05:31:32Z
2019-09-10,TTZ,8.3,9.2,8.3,8.3,20000,KBS,2026-10-09T05:31:32Z
2019-09-11,TTZ,8.3,8.3,8.3,8.3,30000,KBS,2026-10-09T05:31:32Z
2019-09-12,TTZ,7.6,9.1,7.5,8.2,39900,KBS,2026-10-09T05:31:32Z
2019-09-13,TTZ,7.5,8.2,7.5,8.2,21300,KBS,2026-10-09T05:31:32Z
2019-09-16,TTZ,7.6,8.3,7.4,8.3,30400,KBS,2026-10-09T05:31:32Z
2019-09-18,TTZ,7.5,7.9,7.5,7.9,900,KBS,2026-10-09T05:31:32Z
2019-09-19,TTZ,7.8,8.0,7.2,8.0,27080,KBS,2026-10-09T05:31:32Z
2019-09-23,TTZ,7.4,8.8,7.4,7.4,700,KBS,2026-10-09T05:31:32Z
2019-09-24,TTZ,7.7,7.8,6.7,7.8,31400,KBS,2026-10-09T05:31:32Z
2019-09-25,TTZ,7.5,7.8,7.5,7.8,10300,KBS,2026-10-09T05:31:32Z
2019-09-26,TTZ,7.5,7.8,7.1,7.8,10300,KBS,2026-10-09T05:31:32Z
2019-09-27,TTZ,7.5,8.5,7.1,8.0,43100,KBS,2026-10-09T05:31:32Z
2019-09-30,TTZ,7.9,8.8,7.2,7.9,5900,KBS,2026-10-09T05:31:32Z
2019-10-01,TTZ,7.2,8.6,7.2,7.7,11600,KBS,2026-10-09T05:31:32Z
2019-10-02,TTZ,7.0,8.4,7.0,7.3,25400,KBS,2026-10-09T05:31:32Z
2019-10-03,TTZ,7.3,7.3,6.6,6.6,5000,KBS,2026-10-09T05:31:32Z
2019-10-04,TTZ,6.0,6.0,6.0,6.0,13900,KBS,2026-10-09T05:31:32Z
2019-10-07,TTZ,5.4,5.4,5.4,5.4,200,KBS,2026-10-09T05:31:32Z
2019-10-08,TTZ,4.9,4.9,4.9,4.9,100,KBS,2026-10-09T05:31:32Z
2019-10-09,TTZ,4.5,4.5,4.5,4.5,100,KBS,2026-10-09T05:31:32Z
2019-10-10,TTZ,4.1,4.1,4.1,4.1,63800,KBS,2026-10-09T05:31:32Z
2019-10-11,TTZ,3.7,3.7,3.7,3.7,2100,KBS,2026-10-09T05:31:32Z
2019-10-14,TTZ,3.4,3.4,3.4,3.4,13300,KBS,2026-10-09T05:31:32Z
2019-10-15,TTZ,3.1,3.1,3.1,3.1,4701,KBS,2026-10-09T05:31:32Z
2019-10-16,TTZ,2.8,3.4,2.8,3.4,1123560,KBS,2026-10-09T05:31:32Z
2019-10-17,TTZ,3.7,3.7,3.7,3.7,44000,KBS,2026-10-09T05:31:32Z
2019-10-18,TTZ,4.0,4.0,4.0,4.0,177760,KBS,2026-10-09T05:31:32Z
2019-10-21,TTZ,3.9,4.4,3.6,3.6,58900,KBS,2026-10-09T05:31:32Z
2019-10-22,TTZ,3.3,3.9,3.3,3.3,10800,KBS,2026-10-09T05:31:32Z
2019-10-23,TTZ,3.0,3.6,3.0,3.0,133200,KBS,2026-10-09T05:31:32Z
2019-10-24,TTZ,2.7,3.3,2.7,2.9,358800,KBS,2026-10-09T05:31:32Z
2019-10-25,TTZ,2.8,2.9,2.7,2.7,509600,KBS,2026-10-09T05:31:32Z
2019-10-28,TTZ,2.9,2.9,2.5,2.9,22200,KBS,2026-10-09T05:31:32Z
2019-10-29,TTZ,3.1,3.1,2.7,2.9,315405,KBS,2026-10-09T05:31:32Z
2019-10-30,TTZ,2.8,2.9,2.7,2.7,210800,KBS,2026-10-09T05:31:32Z
2019-10-31,TTZ,2.7,2.9,2.5,2.5,111600,KBS,2026-10-09T05:31:32Z
2019-11-01,TTZ,2.4,2.7,2.3,2.6,102900,KBS,2026-10-09T05:31:32Z
2019-11-04,TTZ,2.6,2.8,2.4,2.4,61400,KBS,2026-10-09T05:31:32Z
2019-11-05,TTZ,2.2,2.6,2.2,2.3,173400,KBS,2026-10-09T05:31:32Z
2019-11-06,TTZ,2.2,2.5,2.1,2.2,78500,KBS,2026-10-09T05:31:32Z
2019-11-07,TTZ,2.2,2.4,2.0,2.2,110311,KBS,2026-10-09T05:31:32Z
2019-11-08,TTZ,2.2,2.3,2.2,2.2,23500,KBS,2026-10-09T05:31:32Z
2019-11-11,TTZ,2.1,2.3,2.1,2.2,65900,KBS,2026-10-09T05:31:32Z
2019-11-12,TTZ,2.2,2.3,2.0,2.3,70534,KBS,2026-10-09T05:31:32Z
2019-11-13,TTZ,2.3,2.4,2.3,2.4,45000,KBS,2026-10-09T05:31:32Z
2019-11-14,TTZ,2.3,2.3,2.2,2.2,69900,KBS,2026-10-09T05:31:32Z
2019-11-15,TTZ,2.1,2.2,2.1,2.2,77500,KBS,2026-10-09T05:31:32Z
2019-11-18,TTZ,2.1,2.2,2.1,2.1,91400,KBS,2026-10-09T05:31:32Z
2019-11-19,TTZ,2.0,2.1,2.0,2.0,71900,KBS,2026-10-09T05:31:32Z
2019-11-20,TTZ,2.0,2.0,2.0,2.0,33700,KBS,2026-10-09T05:31:32Z
2019-11-21,TTZ,2.0,2.0,2.0,2.0,7800,KBS,2026-10-09T05:31:32Z
2019-11-22,TTZ,2.1,2.2,2.1,2.2,130900,KBS,2026-10-09T05:31:32Z
2019-11-25,TTZ,2.4,2.4,2.2,2.4,127700,KBS,2026-10-09T05:31:32Z
2019-11-26,TTZ,2.6,2.6,2.4,2.5,44734,KBS,2026-10-09T05:31:32Z
2019-11-27,TTZ,2.4,2.5,2.3,2.3,44400,KBS,2026-10-09T05:31:32Z
2019-11-28,TTZ,2.1,2.3,2.1,2.2,52000,KBS,2026-10-09T05:31:32Z
2019-11-29,TTZ,2.3,2.3,2.0,2.3,31500,KBS,2026-10-09T05:31:32Z
2019-12-02,TTZ,2.4,2.4,2.1,2.4,22524,KBS,2026-10-09T05:31:32Z
2019-12-03,TTZ,2.4,2.4,2.2,2.3,84300,KBS,2026-10-09T05:31:32Z
2019-12-04,TTZ,2.2,2.5,2.2,2.5,119600,KBS,2026-10-09T05:31:32Z
2019-12-05,TTZ,2.4,2.4,2.3,2.3,16900,KBS,2026-10-09T05:31:32Z
2019-12-06,TTZ,2.4,2.5,2.4,2.4,61000,KBS,2026-10-09T05:31:32Z
2019-12-09,TTZ,2.3,2.4,2.3,2.4,26400,KBS,2026-10-09T05:31:32Z
2019-12-10,TTZ,2.3,2.3,2.2,2.3,12000,KBS,2026-10-09T05:31:32Z
2019-12-11,TTZ,2.2,2.3,2.2,2.3,23500,KBS,2026-10-09T05:31:32Z
2019-12-12,TTZ,2.3,2.3,2.2,2.3,18300,KBS,2026-10-09T05:31:32Z
2019-12-13,TTZ,2.3,2.4,2.3,2.4,26910,KBS,2026-10-09T05:31:32Z
2019-12-16,TTZ,2.3,2.3,2.2,2.3,38600,KBS,2026-10-09T05:31:32Z
2019-12-17,TTZ,2.4,2.4,2.2,2.3,23800,KBS,2026-10-09T05:31:32Z
2019-12-18,TTZ,2.3,2.3,2.2,2.3,64200,KBS,2026-10-09T05:31:32Z
2019-12-19,TTZ,2.2,2.3,2.2,2.3,67500,KBS,2026-10-09T05:31:32Z
2019-12-20,TTZ,2.2,2.3,2.2,2.3,56000,KBS,2026-10-09T05:31:32Z
2019-12-23,TTZ,2.2,2.2,2.1,2.1,73100,KBS,2026-10-09T05:31:32Z
2019-12-24,TTZ,2.2,2.3,2.2,2.2,214800,KBS,2026-10-09T05:31:32Z
2019-12-25,TTZ,2.3,2.4,2.2,2.2,23044,KBS,2026-10-09T05:31:32Z
2019-12-26,TTZ,2.2,2.3,2.2,2.2,20900,KBS,2026-10-09T05:31:32Z
2019-12-27,TTZ,2.2,2.4,2.2,2.3,99600,KBS,2026-10-09T05:31:32Z
2019-12-30,TTZ,2.4,2.5,2.3,2.3,36100,KBS,2026-10-09T05:31:32Z
2019-12-31,TTZ,2.3,2.5,2.3,2.5,278900,KBS,2026-10-09T05:31:32Z
2020-01-02,TTZ,2.5,2.5,2.3,2.3,25144,KBS,2026-10-09T05:31:32Z
2020-01-03,TTZ,2.4,2.5,2.3,2.4,41300,KBS,2026-10-09T05:31:32Z
2020-01-06,TTZ,2.4,2.4,2.3,2.3,52000,KBS,2026-10-09T05:31:32Z
2020-01-07,TTZ,2.4,2.5,2.3,2.5,108400,KBS,2026-10-09T05:31:32Z
2020-01-08,TTZ,2.6,2.6,2.4,2.4,6500,KBS,2026-10-09T05:31:32Z
2020-01-09,TTZ,2.4,2.4,2.3,2.3,12400,KBS,2026-10-09T05:31:32Z
2020-01-10,TTZ,2.3,2.5,2.3,2.4,118700,KBS,2026-10-09T05:31:32Z
2020-01-13,TTZ,2.4,2.6,2.3,2.6,178000,KBS,2026-10-09T05:31:32Z
2020-01-14,TTZ,2.6,2.7,2.6,2.6,120800,KBS,2026-10-09T05:31:32Z
2020-01-15,TTZ,2.5,2.8,2.5,2.8,107200,KBS,2026-10-09T05:31:32Z
2020-01-16,TTZ,3.0,3.0,2.9,3.0,153800,KBS,2026-10-09T05:31:32Z
2020-01-17,TTZ,3.0,3.3,3.0,3.3,211100,KBS,2026-10-09T05:31:32Z
2020-01-20,TTZ,3.2,3.3,3.0,3.0,97400,KBS,2026-10-09T05:31:32Z
2020-01-21,TTZ,2.8,2.9,2.7,2.9,64200,KBS,2026-10-09T05:31:32Z
2020-01-22,TTZ,2.8,2.8,2.7,2.8,48600,KBS,2026-10-09T05:31:32Z
2020-01-30,TTZ,2.6,2.8,2.6,2.7,61800,KBS,2026-10-09T05:31:32Z
2020-01-31,TTZ,2.8,2.8,2.5,2.5,105800,KBS,2026-10-09T05:31:32Z
2020-02-03,TTZ,2.5,2.7,2.5,2.7,99500,KBS,2026-10-09T05:31:32Z
2020-02-04,TTZ,2.7,2.8,2.6,2.8,36800,KBS,2026-10-09T05:31:32Z
2020-02-05,TTZ,2.8,3.0,2.6,2.6,88600,KBS,2026-10-09T05:31:32Z
2020-02-06,TTZ,2.5,2.6,2.4,2.6,101400,KBS,2026-10-09T05:31:32Z
2020-02-07,TTZ,2.6,2.6,2.5,2.6,11100,KBS,2026-10-09T05:31:32Z
2020-02-10,TTZ,2.5,2.7,2.4,2.6,61400,KBS,2026-10-09T05:31:32Z
2020-02-11,TTZ,2.6,2.7,2.6,2.6,11200,KBS,2026-10-09T05:31:32Z
2020-02-12,TTZ,2.7,2.7,2.5,2.6,17320,KBS,2026-10-09T05:31:32Z
2020-02-13,TTZ,2.6,2.6,2.4,2.6,30100,KBS,2026-10-09T05:31:32Z
2020-02-14,TTZ,2.5,2.6,2.5,2.6,16800,KBS,2026-10-09T05:31:32Z
2020-02-17,TTZ,2.6,2.8,2.4,2.6,27200,KBS,2026-10-09T05:31:32Z
2020-02-18,TTZ,2.6,2.6,2.4,2.5,30200,KBS,2026-10-09T05:31:32Z
2020-02-19,TTZ,2.4,2.6,2.4,2.5,174800,KBS,2026-10-09T05:31:32Z
2020-02-20,TTZ,2.4,2.6,2.3,2.6,59500,KBS,2026-10-09T05:31:32Z
2020-02-21,TTZ,2.5,2.6,2.4,2.5,63500,KBS,2026-10-09T05:31:32Z
2020-02-24,TTZ,2.6,2.6,2.3,2.6,55800,KBS,2026-10-09T05:31:32Z
2020-02-25,TTZ,2.5,2.6,2.5,2.6,5500,KBS,2026-10-09T05:31:32Z
2020-02-26,TTZ,2.5,2.5,2.5,2.5,79300,KBS,2026-10-09T05:31:32Z
2020-02-27,TTZ,2.4,2.6,2.4,2.6,63300,KBS,2026-10-09T05:31:32Z
2020-02-28,TTZ,2.5,2.8,2.5,2.5,12300,KBS,2026-10-09T05:31:32Z
2020-03-02,TTZ,2.6,2.6,2.6,2.6,100,KBS,2026-10-09T05:31:32Z
2020-03-03,TTZ,2.5,2.8,2.4,2.4,76500,KBS,2026-10-09T05:31:32Z
2020-03-04,TTZ,2.3,2.6,2.2,2.4,86400,KBS,2026-10-09T05:31:32Z
2020-03-05,TTZ,2.4,2.5,2.2,2.5,56785,KBS,2026-10-09T05:31:32Z
2020-03-06,TTZ,2.4,2.5,2.4,2.5,6215,KBS,2026-10-09T05:31:32Z
2020-03-09,TTZ,2.4,2.5,2.3,2.5,38000,KBS,2026-10-09T05:31:32Z
2020-03-10,TTZ,2.5,2.5,2.3,2.4,58005,KBS,2026-10-09T05:31:32Z
2020-03-11,TTZ,2.5,2.5,2.2,2.3,106400,KBS,2026-10-09T05:31:32Z
2020-03-12,TTZ,2.2,2.3,2.1,2.3,183100,KBS,2026-10-09T05:31:32Z
2020-03-13,TTZ,2.2,2.3,2.1,2.3,117400,KBS,2026-10-09T05:31:32Z
2020-03-16,TTZ,2.2,2.5,2.1,2.1,194400,KBS,2026-10-09T05:31:32Z
2020-03-17,TTZ,2.0,2.2,1.9,2.1,101419,KBS,2026-10-09T05:31:32Z
2020-03-18,TTZ,2.0,2.2,1.9,2.2,11669,KBS,2026-10-09T05:31:32Z
2020-03-19,TTZ,2.2,2.2,2.0,2.1,33800,KBS,2026-10-09T05:31:32Z
2020-03-20,TTZ,2.1,2.1,2.0,2.1,13700,KBS,2026-10-09T05:31:32Z
2020-03-23,TTZ,2.0,2.3,1.9,1.9,109000,KBS,2026-10-09T05:31:32Z
2020-03-24,TTZ,1.8,1.9,1.8,1.8,115320,KBS,2026-10-09T05:31:32Z
2020-03-25,TTZ,1.8,1.9,1.7,1.9,5100,KBS,2026-10-09T05:31:32Z
2020-03-26,TTZ,1.9,2.0,1.8,1.9,2000,KBS,2026-10-09T05:31:32Z
2020-03-27,TTZ,1.9,1.9,1.8,1.9,157100,KBS,2026-10-09T05:31:32Z
2020-03-30,TTZ,1.8,1.9,1.8,1.8,9100,KBS,2026-10-09T05:31:32Z
2020-03-31,TTZ,1.8,1.8,1.7,1.8,24205,KBS,2026-10-09T05:31:32Z
2020-04-01,TTZ,1.7,1.9,1.7,1.8,13600,KBS,2026-10-09T05:31:32Z
2020-04-03,TTZ,1.7,1.9,1.7,1.8,20600,KBS,2026-10-09T05:31:32Z
2020-04-06,TTZ,1.7,1.9,1.7,1.8,5800,KBS,2026-10-09T05:31:32Z
2020-04-07,TTZ,1.8,1.9,1.7,1.8,6600,KBS,2026-10-09T05:31:32Z
2020-04-08,TTZ,1.7,1.8,1.7,1.7,18500,KBS,2026-10-09T05:31:32Z
2020-04-09,TTZ,1.7,1.8,1.7,1.8,40400,KBS,2026-10-09T05:31:32Z
2020-04-10,TTZ,1.7,1.9,1.7,1.9,129100,KBS,2026-10-09T05:31:32Z
2020-04-13,TTZ,1.9,1.9,1.8,1.9,25400,KBS,2026-10-09T05:31:32Z
2020-04-14,TTZ,1.8,1.9,1.8,1.9,31500,KBS,2026-10-09T05:31:32Z
2020-04-15,TTZ,1.9,1.9,1.8,1.9,3700,KBS,2026-10-09T05:31:32Z
2020-04-16,TTZ,1.8,1.9,1.8,1.9,700,KBS,2026-10-09T05:31:32Z
2020-04-17,TTZ,1.8,2.0,1.8,1.9,43700,KBS,2026-10-09T05:31:32Z
2020-04-20,TTZ,1.8,1.9,1.8,1.8,29500,KBS,2026-10-09T05:31:32Z
2020-04-21,TTZ,1.7,1.8,1.7,1.8,48200,KBS,2026-10-09T05:31:32Z
2020-04-22,TTZ,1.7,1.8,1.7,1.8,43600,KBS,2026-10-09T05:31:32Z
2020-04-23,TTZ,1.7,1.8,1.7,1.8,16322,KBS,2026-10-09T05:31:32Z
2020-04-24,TTZ,1.7,1.8,1.7,1.8,102400,KBS,2026-10-09T05:31:32Z
2020-04-27,TTZ,1.7,1.8,1.7,1.8,69600,KBS,2026-10-09T05:31:32Z
2020-04-28,TTZ,1.7,1.8,1.7,1.7,50900,KBS,2026-10-09T05:31:32Z
2020-04-29,TTZ,1.6,1.8,1.6,1.8,61500,KBS,2026-10-09T05:31:32Z
2020-05-04,TTZ,1.7,1.8,1.7,1.7,29700,KBS,2026-10-09T05:31:32Z
2020-05-05,TTZ,1.6,1.7,1.6,1.7,2600,KBS,2026-10-09T05:31:32Z
2020-05-06,TTZ,1.6,1.7,1.6,1.7,48200,KBS,2026-10-09T05:31:32Z
2020-05-07,TTZ,1.6,1.7,1.6,1.7,145300,KBS,2026-10-09T05:31:32Z
2020-05-08,TTZ,1.7,1.7,1.6,1.7,10000,KBS,2026-10-09T05:31:32Z
2020-05-11,TTZ,1.7,1.7,1.6,1.7,4600,KBS,2026-10-09T05:31:32Z
2020-05-12,TTZ,1.7,1.7,1.6,1.6,5700,KBS,2026-10-09T05:31:32Z
2020-05-13,TTZ,1.7,1.7,1.6,1.7,4400,KBS,2026-10-09T05:31:32Z
2020-05-14,TTZ,1.6,1.7,1.6,1.6,60000,KBS,2026-10-09T05:31:32Z
2020-05-15,TTZ,1.7,1.7,1.6,1.7,31700,KBS,2026-10-09T05:31:32Z
2020-05-18,TTZ,1.7,1.8,1.6,1.7,27800,KBS,2026-10-09T05:31:32Z
2020-05-19,TTZ,1.7,1.7,1.7,1.7,4200,KBS,2026-10-09T05:31:32Z
2020-05-20,TTZ,1.7,1.8,1.7,1.8,22800,KBS,2026-10-09T05:31:32Z
2020-05-21,TTZ,1.8,1.8,1.7,1.7,25300,KBS,2026-10-09T05:31:32Z
2020-05-22,TTZ,1.7,1.8,1.6,1.8,29000,KBS,2026-10-09T05:31:32Z
2020-05-25,TTZ,1.8,1.8,1.7,1.7,145010,KBS,2026-10-09T05:31:32Z
2020-05-26,TTZ,1.8,1.8,1.7,1.8,19924,KBS,2026-10-09T05:31:32Z
2020-05-27,TTZ,1.8,1.8,1.7,1.7,31200,KBS,2026-10-09T05:31:32Z
2020-05-28,TTZ,1.8,1.8,1.7,1.8,5000,KBS,2026-10-09T05:31:32Z
2020-05-29,TTZ,1.8,1.8,1.7,1.7,39000,KBS,2026-10-09T05:31:32Z
2020-06-01,TTZ,1.8,1.8,1.8,1.8,50300,KBS,2026-10-09T05:31:32Z
2020-06-02,TTZ,1.9,1.9,1.7,1.8,50500,KBS,2026-10-09T05:31:32Z
2020-06-03,TTZ,1.8,1.9,1.8,1.8,98320,KBS,2026-10-09T05:31:32Z
2020-06-04,TTZ,1.9,1.9,1.8,1.8,106900,KBS,2026-10-09T05:31:32Z
2020-06-05,TTZ,1.8,1.9,1.8,1.9,130301,KBS,2026-10-09T05:31:32Z
2020-06-08,TTZ,1.9,2.0,1.9,1.9,20678,KBS,2026-10-09T05:31:32Z
2020-06-09,TTZ,1.9,2.0,1.9,2.0,36010,KBS,2026-10-09T05:31:32Z
2020-06-10,TTZ,2.1,2.1,2.0,2.1,33810,KBS,2026-10-09T05:31:32Z
2020-06-11,TTZ,2.1,2.1,2.0,2.1,34610,KBS,2026-10-09T05:31:32Z
2020-06-12,TTZ,2.0,2.1,2.0,2.0,56600,KBS,2026-10-09T05:31:32Z
2020-06-15,TTZ,2.1,2.2,1.9,2.2,245158,KBS,2026-10-09T05:31:32Z
2020-06-16,TTZ,2.3,2.4,2.3,2.4,163132,KBS,2026-10-09T05:31:32Z
2020-06-17,TTZ,2.5,2.6,2.3,2.5,146500,KBS,2026-10-09T05:31:32Z
2020-06-18,TTZ,2.4,2.6,2.3,2.6,192400,KBS,2026-10-09T05:31:32Z
2020-06-19,TTZ,2.4,2.8,2.4,2.8,215468,KBS,2026-10-09T05:31:32Z
2020-06-22,TTZ,2.8,2.8,2.6,2.7,70805,KBS,2026-10-09T05:31:32Z
2020-06-23,TTZ,2.5,2.6,2.5,2.6,89900,KBS,2026-10-09T05:31:32Z
2020-06-24,TTZ,2.4,2.6,2.4,2.6,147500,KBS,2026-10-09T05:31:32Z
2020-06-25,TTZ,2.4,2.8,2.4,2.8,222600,KBS,2026-10-09T05:31:32Z
2020-06-26,TTZ,2.7,3.0,2.6,2.8,72835,KBS,2026-10-09T05:31:32Z
2020-06-29,TTZ,2.6,2.6,2.6,2.6,37000,KBS,2026-10-09T05:31:32Z
2020-06-30,TTZ,2.4,2.6,2.4,2.6,97100,KBS,2026-10-09T05:31:32Z
2020-07-01,TTZ,2.4,2.7,2.4,2.5,22010,KBS,2026-10-09T05:31:32Z
2020-07-02,TTZ,2.4,2.6,2.3,2.3,47600,KBS,2026-10-09T05:31:32Z
2020-07-03,TTZ,2.4,2.5,2.1,2.3,118056,KBS,2026-10-09T05:31:32Z
2020-07-06,TTZ,2.2,2.5,2.1,2.4,43500,KBS,2026-10-09T05:31:32Z
2020-07-07,TTZ,2.3,2.4,2.2,2.4,11800,KBS,2026-10-09T05:31:32Z
2020-07-08,TTZ,2.2,2.5,2.2,2.4,24700,KBS,2026-10-09T05:31:32Z
2020-07-09,TTZ,2.2,2.6,2.2,2.4,60300,KBS,2026-10-09T05:31:32Z
2020-07-10,TTZ,2.4,2.6,2.4,2.6,57610,KBS,2026-10-09T05:31:32Z
2020-07-13,TTZ,2.4,2.6,2.4,2.6,131400,KBS,2026-10-09T05:31:32Z
2020-07-14,TTZ,2.7,2.8,2.5,2.6,928500,KBS,2026-10-09T05:31:32Z
2020-07-15,TTZ,2.6,2.8,2.6,2.8,110870,KBS,2026-10-09T05:31:32Z
2020-07-16,TTZ,2.9,3.0,2.8,3.0,195407,KBS,2026-10-09T05:31:32Z
2020-07-17,TTZ,2.8,2.9,2.7,2.9,118500,KBS,2026-10-09T05:31:32Z
2020-07-20,TTZ,2.9,3.0,2.8,3.0,82200,KBS,2026-10-09T05:31:32Z
2020-07-21,TTZ,2.7,3.3,2.7,3.3,80677,KBS,2026-10-09T05:31:32Z
2020-07-22,TTZ,3.3,3.4,3.2,3.2,31000,KBS,2026-10-09T05:31:32Z
2020-07-23,TTZ,2.9,3.5,2.9,3.4,66600,KBS,2026-10-09T05:31:32Z
2020-07-24,TTZ,3.4,3.7,3.1,3.1,98800,KBS,2026-10-09T05:31:32Z
2020-07-27,TTZ,2.8,3.4,2.8,3.4,113800,KBS,2026-10-09T05:31:32Z
2020-07-28,TTZ,3.2,3.7,3.2,3.6,26100,KBS,2026-10-09T05:31:32Z
2020-07-29,TTZ,3.5,3.9,3.5,3.9,60400,KBS,2026-10-09T05:31:32Z
2020-07-30,TTZ,4.0,4.2,4.0,4.2,180100,KBS,2026-10-09T05:31:32Z
2020-07-31,TTZ,4.2,4.6,4.0,4.3,30100,KBS,2026-10-09T05:31:32Z
2020-08-03,TTZ,4.2,4.4,3.9,4.1,96800,KBS,2026-10-09T05:31:32Z
2020-08-04,TTZ,4.0,4.1,3.7,3.8,86600,KBS,2026-10-09T05:31:32Z
2020-08-05,TTZ,3.5,4.0,3.5,3.9,23300,KBS,2026-10-09T05:31:32Z
2020-08-06,TTZ,3.7,4.2,3.6,4.2,432470,KBS,2026-10-09T05:31:32Z
2020-08-07,TTZ,4.3,4.4,3.9,4.0,36900,KBS,2026-10-09T05:31:32Z
2020-08-10,TTZ,4.4,4.4,3.6,3.6,285400,KBS,2026-10-09T05:31:32Z
2020-08-11,TTZ,3.6,3.9,3.4,3.9,128800,KBS,2026-10-09T05:31:32Z
2020-08-12,TTZ,3.7,4.2,3.7,4.2,287247,KBS,2026-10-09T05:31:32Z
2020-08-13,TTZ,4.5,4.5,4.0,4.2,72300,KBS,2026-10-09T05:31:32Z
2020-08-14,TTZ,4.3,4.3,3.9,4.0,49900,KBS,2026-10-09T05:31:32Z
2020-08-17,TTZ,4.0,4.3,4.0,4.0,19800,KBS,2026-10-09T05:31:32Z
2020-08-18,TTZ,4.0,4.2,3.8,3.9,22200,KBS,2026-10-09T05:31:32Z
2020-08-19,TTZ,3.6,4.2,3.6,4.2,224300,KBS,2026-10-09T05:31:32Z
2020-08-20,TTZ,3.9,4.6,3.9,4.6,533000,KBS,2026-10-09T05:31:32Z
2020-08-21,TTZ,4.3,4.6,4.2,4.6,130200,KBS,2026-10-09T05:31:32Z
2020-08-24,TTZ,4.6,4.8,4.4,4.8,22200,KBS,2026-10-09T05:31:32Z
2020-08-25,TTZ,4.8,5.1,4.6,5.0,293120,KBS,2026-10-09T05:31:32Z
2020-08-26,TTZ,4.8,5.1,4.5,5.1,115300,KBS,2026-10-09T05:31:32Z
2020-08-27,TTZ,5.0,5.2,4.6,5.1,29900,KBS,2026-10-09T05:31:32Z
2020-08-28,TTZ,5.1,5.1,4.8,5.1,61801,KBS,2026-10-09T05:31:32Z
2020-08-31,TTZ,4.8,5.2,4.8,4.8,37400,KBS,2026-10-09T05:31:32Z
2020-09-01,TTZ,4.8,5.0,4.6,4.8,43200,KBS,2026-10-09T05:31:32Z
2020-09-03,TTZ,5.0,5.0,4.4,4.5,46100,KBS,2026-10-09T05:31:32Z
2020-09-04,TTZ,4.7,4.8,4.3,4.8,103810,KBS,2026-10-09T05:31:32Z
2020-09-07,TTZ,4.6,5.0,4.6,4.9,8800,KBS,2026-10-09T05:31:32Z
2020-09-08,TTZ,4.6,4.9,4.6,4.9,86800,KBS,2026-10-09T05:31:32Z
2020-09-09,TTZ,4.8,5.0,4.6,4.8,8600,KBS,2026-10-09T05:31:32Z
2020-09-10,TTZ,4.9,4.9,4.6,4.9,23610,KBS,2026-10-09T05:31:32Z
2020-09-11,TTZ,5.0,5.0,4.5,4.8,114000,KBS,2026-10-09T05:31:32Z
2020-09-14,TTZ,4.6,5.2,4.6,4.8,114100,KBS,2026-10-09T05:31:32Z
2020-09-15,TTZ,4.6,5.1,4.6,5.0,7800,KBS,2026-10-09T05:31:32Z
2020-09-16,TTZ,4.7,5.1,4.7,4.9,30900,KBS,2026-10-09T05:31:32Z
2020-09-17,TTZ,4.7,5.3,4.7,5.3,200710,KBS,2026-10-09T05:31:32Z
2020-09-18,TTZ,5.1,5.3,5.0,5.3,610,KBS,2026-10-09T05:31:32Z
2020-09-21,TTZ,4.8,5.4,4.8,5.1,22000,KBS,2026-10-09T05:31:32Z
2020-09-22,TTZ,4.8,5.6,4.8,4.8,23210,KBS,2026-10-09T05:31:32Z
2020-09-23,TTZ,4.6,5.1,4.6,4.9,105800,KBS,2026-10-09T05:31:32Z
2020-09-24,TTZ,4.6,5.0,4.6,4.6,204800,KBS,2026-10-09T05:31:32Z
2020-09-25,TTZ,5.0,5.0,4.6,4.8,53600,KBS,2026-10-09T05:31:32Z
2020-09-28,TTZ,4.6,4.9,4.4,4.7,553110,KBS,2026-10-09T05:31:32Z
2020-09-29,TTZ,4.4,5.0,4.4,4.4,39400,KBS,2026-10-09T05:31:32Z
2020-09-30,TTZ,4.6,4.8,4.2,4.6,3420,KBS,2026-10-09T05:31:32Z
2020-10-01,TTZ,4.6,4.7,4.4,4.4,57400,KBS,2026-10-09T05:31:32Z
2020-10-02,TTZ,4.6,4.7,4.4,4.5,78000,KBS,2026-10-09T05:31:32Z
2020-10-05,TTZ,4.6,4.7,4.1,4.4,160320,KBS,2026-10-09T05:31:32Z
2020-10-06,TTZ,4.5,4.7,4.3,4.6,193600,KBS,2026-10-09T05:31:32Z
2020-10-07,TTZ,4.7,4.7,4.2,4.5,117000,KBS,2026-10-09T05:31:32Z
2020-10-08,TTZ,4.3,4.6,4.2,4.2,43200,KBS,2026-10-09T05:31:32Z
2020-10-09,TTZ,4.4,4.4,4.0,4.2,28310,KBS,2026-10-09T05:31:32Z
2020-10-12,TTZ,4.3,4.4,4.0,4.4,11500,KBS,2026-10-09T05:31:32Z
2020-10-13,TTZ,4.4,4.4,4.0,4.0,31200,KBS,2026-10-09T05:31:32Z
2020-10-14,TTZ,4.0,4.2,4.0,4.0,23300,KBS,2026-10-09T05:31:32Z
2020-10-15,TTZ,3.9,4.3,3.8,4.2,156900,KBS,2026-10-09T05:31:32Z
2020-10-16,TTZ,4.2,4.3,3.8,4.0,62308,KBS,2026-10-09T05:31:32Z
2020-10-19,TTZ,4.0,4.2,3.6,3.8,129300,KBS,2026-10-09T05:31:32Z
2020-10-20,TTZ,3.8,4.1,3.6,4.1,102500,KBS,2026-10-09T05:31:32Z
2020-10-21,TTZ,4.1,4.1,3.7,4.1,94000,KBS,2026-10-09T05:31:32Z
2020-10-22,TTZ,4.1,4.2,3.9,4.2,16000,KBS,2026-10-09T05:31:32Z
2020-10-23,TTZ,4.2,4.3,4.0,4.2,298402,KBS,2026-10-09T05:31:32Z
2020-10-26,TTZ,4.0,4.5,4.0,4.3,83100,KBS,2026-10-09T05:31:32Z
2020-10-27,TTZ,4.3,4.3,4.2,4.2,101100,KBS,2026-10-09T05:31:32Z
2020-10-28,TTZ,4.3,4.3,3.8,3.9,35300,KBS,2026-10-09T05:31:32Z
2020-10-29,TTZ,4.1,4.2,3.7,3.9,40100,KBS,2026-10-09T05:31:32Z
2020-10-30,TTZ,4.1,4.1,3.6,3.6,27200,KBS,2026-10-09T05:31:32Z
2020-11-02,TTZ,3.8,3.9,3.7,3.8,307200,KBS,2026-10-09T05:31:32Z
2020-11-03,TTZ,3.9,3.9,3.8,3.9,54200,KBS,2026-10-09T05:31:32Z
2020-11-04,TTZ,3.6,3.9,3.6,3.8,167100,KBS,2026-10-09T05:31:32Z
2020-11-05,TTZ,3.6,3.7,3.5,3.7,89900,KBS,2026-10-09T05:31:32Z
2020-11-06,TTZ,3.7,3.8,3.4,3.8,138800,KBS,2026-10-09T05:31:32Z
2020-11-09,TTZ,3.5,3.8,3.5,3.7,1300,KBS,2026-10-09T05:31:32Z
2020-11-10,TTZ,3.8,3.8,3.6,3.6,540700,KBS,2026-10-09T05:31:32Z
2020-11-11,TTZ,3.7,3.9,3.5,3.9,259700,KBS,2026-10-09T05:31:32Z
2020-11-12,TTZ,3.9,4.1,3.8,4.0,17500,KBS,2026-10-09T05:31:32Z
2020-11-13,TTZ,3.8,4.3,3.8,4.0,23100,KBS,2026-10-09T05:31:32Z
2020-11-16,TTZ,4.4,4.4,3.9,4.0,59000,KBS,2026-10-09T05:31:32Z
2020-11-17,TTZ,4.4,4.4,4.0,4.1,1316,KBS,2026-10-09T05:31:32Z
2020-11-18,TTZ,4.4,4.4,3.9,4.2,30100,KBS,2026-10-09T05:31:32Z
2020-11-19,TTZ,4.0,4.1,4.0,4.0,30200,KBS,2026-10-09T05:31:32Z
2020-11-20,TTZ,4.2,4.2,3.9,4.1,47300,KBS,2026-10-09T05:31:32Z
2020-11-23,TTZ,3.9,4.4,3.9,4.2,15500,KBS,2026-10-09T05:31:32Z
2020-11-24,TTZ,4.2,4.2,3.8,4.2,91700,KBS,2026-10-09T05:31:32Z
2020-11-25,TTZ,3.8,4.2,3.8,4.2,1700,KBS,2026-10-09T05:31:32Z
2020-11-26,TTZ,3.8,4.2,3.8,4.0,76700,KBS,2026-10-09T05:31:32Z
2020-11-27,TTZ,3.8,4.1,3.6,3.7,227600,KBS,2026-10-09T05:31:32Z
2020-11-30,TTZ,3.8,3.9,3.8,3.9,4100,KBS,2026-10-09T05:31:32Z
2020-12-01,TTZ,4.0,4.0,3.6,4.0,155400,KBS,2026-10-09T05:31:32Z
2020-12-02,TTZ,3.6,4.0,3.6,4.0,159600,KBS,2026-10-09T05:31:32Z
2020-12-03,TTZ,4.0,4.0,3.8,4.0,400,KBS,2026-10-09T05:31:32Z
2020-12-04,TTZ,3.6,4.0,3.6,3.7,52500,KBS,2026-10-09T05:31:32Z
2020-12-07,TTZ,3.8,3.9,3.5,3.8,7200,KBS,2026-10-09T05:31:32Z
2020-12-08,TTZ,3.9,3.9,3.9,3.9,100,KBS,2026-10-09T05:31:32Z
2020-12-09,TTZ,3.6,3.7,3.6,3.6,13800,KBS,2026-10-09T05:31:32Z
2020-12-10,TTZ,3.4,3.7,3.4,3.7,57100,KBS,2026-10-09T05:31:32Z
2020-12-11,TTZ,3.4,3.7,3.4,3.6,16300,KBS,2026-10-09T05:31:32Z
2020-12-14,TTZ,3.7,3.8,3.4,3.5,15900,KBS,2026-10-09T05:31:32Z
2020-12-15,TTZ,3.4,3.7,3.4,3.5,93800,KBS,2026-10-09T05:31:32Z
2020-12-16,TTZ,3.7,3.7,3.5,3.5,46400,KBS,2026-10-09T05:31:32Z
2020-12-17,TTZ,3.5,3.6,3.4,3.5,10600,KBS,2026-10-09T05:31:32Z
2020-12-18,TTZ,3.4,3.6,3.4,3.5,15200,KBS,2026-10-09T05:31:32Z
2020-12-21,TTZ,3.6,3.6,3.4,3.5,7000,KBS,2026-10-09T05:31:32Z
2020-12-22,TTZ,3.6,3.6,3.3,3.5,12600,KBS,2026-10-09T05:31:32Z
2020-12-23,TTZ,3.5,3.6,3.3,3.4,88400,KBS,2026-10-09T05:31:32Z
2020-12-24,TTZ,3.5,3.5,3.4,3.4,4300,KBS,2026-10-09T05:31:32Z
2020-12-25,TTZ,3.5,3.6,3.3,3.5,29700,KBS,2026-10-09T05:31:32Z
2020-12-28,TTZ,3.4,3.4,3.3,3.4,15300,KBS,2026-10-09T05:31:32Z
2020-12-29,TTZ,3.2,3.5,3.2,3.4,10700,KBS,2026-10-09T05:31:32Z
2020-12-30,TTZ,3.2,3.5,3.2,3.3,17845,KBS,2026-10-09T05:31:32Z
2020-12-31,TTZ,3.4,3.4,3.3,3.4,7303,KBS,2026-10-09T05:31:32Z
2021-01-04,TTZ,3.3,3.5,3.3,3.3,42600,KBS,2026-10-09T05:31:32Z
2021-01-05,TTZ,3.3,3.3,3.2,3.2,54100,KBS,2026-10-09T05:31:32Z
2021-01-06,TTZ,3.1,3.4,3.1,3.3,12200,KBS,2026-10-09T05:31:32Z
2021-01-07,TTZ,3.2,3.4,3.2,3.4,26400,KBS,2026-10-09T05:31:32Z
2021-01-08,TTZ,3.4,3.4,3.1,3.2,82100,KBS,2026-10-09T05:31:32Z
2021-01-11,TTZ,3.2,3.3,3.1,3.3,15410,KBS,2026-10-09T05:31:32Z
2021-01-12,TTZ,3.2,3.3,3.2,3.3,15700,KBS,2026-10-09T05:31:32Z
2021-01-13,TTZ,3.2,3.2,3.1,3.2,36700,KBS,2026-10-09T05:31:32Z
2021-01-14,TTZ,3.2,3.5,3.2,3.3,149350,KBS,2026-10-09T05:31:32Z
2021-01-15,TTZ,3.4,3.6,3.4,3.6,224877,KBS,2026-10-09T05:31:32Z
2021-01-18,TTZ,3.8,3.9,3.7,3.9,243797,KBS,2026-10-09T05:31:32Z
2021-01-19,TTZ,3.9,4.0,3.6,3.6,166900,KBS,2026-10-09T05:31:32Z
2021-01-20,TTZ,3.7,3.8,3.3,3.8,90700,KBS,2026-10-09T05:31:32Z
2021-01-21,TTZ,3.8,4.0,3.8,3.8,61715,KBS,2026-10-09T05:31:32Z
2021-01-22,TTZ,3.8,3.8,3.5,3.7,59000,KBS,2026-10-09T05:31:32Z
2021-01-25,TTZ,3.4,3.7,3.4,3.4,239999,KBS,2026-10-09T05:31:32Z
2021-01-26,TTZ,3.2,3.3,3.1,3.2,291100,KBS,2026-10-09T05:31:32Z
2021-01-27,TTZ,3.0,3.4,3.0,3.0,115645,KBS,2026-10-09T05:31:32Z
2021-01-28,TTZ,2.9,2.9,2.7,2.7,87010,KBS,2026-10-09T05:31:32Z
2021-01-29,TTZ,2.6,2.8,2.5,2.8,20400,KBS,2026-10-09T05:31:32Z
2021-02-01,TTZ,2.8,2.8,2.6,2.7,59600,KBS,2026-10-09T05:31:32Z
2021-02-02,TTZ,2.7,2.7,2.5,2.7,83557,KBS,2026-10-09T05:31:32Z
2021-02-03,TTZ,2.7,2.9,2.6,2.9,23900,KBS,2026-10-09T05:31:32Z
2021-02-04,TTZ,2.9,2.9,2.9,2.9,18900,KBS,2026-10-09T05:31:32Z
2021-02-05,TTZ,2.9,2.9,2.7,2.9,24300,KBS,2026-10-09T05:31:32Z
2021-02-08,TTZ,2.9,2.9,2.7,2.9,31800,KBS,2026-10-09T05:31:32Z
2021-02-09,TTZ,2.8,2.9,2.7,2.7,39700,KBS,2026-10-09T05:31:32Z
2021-02-17,TTZ,2.7,2.9,2.7,2.9,9700,KBS,2026-10-09T05:31:32Z
2021-02-18,TTZ,2.7,2.8,2.7,2.8,31400,KBS,2026-10-09T05:31:32Z
2021-02-19,TTZ,2.7,2.9,2.7,2.8,220215,KBS,2026-10-09T05:31:32Z
2021-02-22,TTZ,2.8,2.9,2.7,2.9,104700,KBS,2026-10-09T05:31:32Z
2021-02-23,TTZ,2.8,2.9,2.7,2.7,63900,KBS,2026-10-09T05:31:32Z
2021-02-24,TTZ,2.8,2.9,2.7,2.9,128200,KBS,2026-10-09T05:31:32Z
2021-02-25,TTZ,2.9,2.9,2.7,2.9,63800,KBS,2026-10-09T05:31:32Z
2021-02-26,TTZ,2.8,2.9,2.8,2.9,22300,KBS,2026-10-09T05:31:32Z
2021-03-01,TTZ,2.9,2.9,2.8,2.9,65300,KBS,2026-10-09T05:31:32Z
2021-03-02,TTZ,2.8,2.8,2.8,2.8,112703,KBS,2026-10-09T05:31:32Z
2021-03-03,TTZ,2.8,2.9,2.7,2.9,123500,KBS,2026-10-09T05:31:32Z
2021-03-04,TTZ,2.9,3.1,2.9,3.1,185400,KBS,2026-10-09T05:31:32Z
2021-03-05,TTZ,3.1,3.2,3.1,3.2,166573,KBS,2026-10-09T05:31:32Z
2021-03-08,TTZ,3.2,3.2,3.1,3.2,78000,KBS,2026-10-09T05:31:32Z
2021-03-09,TTZ,3.3,3.4,3.2,3.3,142600,KBS,2026-10-09T05:31:32Z
2021-03-10,TTZ,3.3,3.3,3.0,3.1,104318,KBS,2026-10-09T05:31:32Z
2021-03-11,TTZ,3.0,3.1,3.0,3.1,96339,KBS,2026-10-09T05:31:32Z
2021-03-12,TTZ,2.9,3.0,2.9,3.0,64200,KBS,2026-10-09T05:31:32Z
2021-03-15,TTZ,3.0,3.0,2.9,3.0,21900,KBS,2026-10-09T05:31:32Z
2021-03-16,TTZ,3.0,3.1,2.9,3.1,89700,KBS,2026-10-09T05:31:32Z
2021-03-17,TTZ,3.1,3.2,3.1,3.1,113700,KBS,2026-10-09T05:31:32Z
2021-03-18,TTZ,3.1,3.2,3.0,3.1,20616,KBS,2026-10-09T05:31:32Z
2021-03-19,TTZ,3.1,3.1,3.0,3.1,91800,KBS,2026-10-09T05:31:32Z
2021-03-22,TTZ,3.1,3.2,3.0,3.1,32800,KBS,2026-10-09T05:31:32Z
2021-03-23,TTZ,3.1,3.4,3.0,3.4,500800,KBS,2026-10-09T05:31:32Z
2021-03-24,TTZ,3.4,3.7,3.4,3.7,311688,KBS,2026-10-09T05:31:32Z
2021-03-25,TTZ,3.9,4.0,3.7,3.8,282500,KBS,2026-10-09T05:31:32Z
2021-03-26,TTZ,3.8,3.8,3.5,3.6,452100,KBS,2026-10-09T05:31:32Z
2021-03-29,TTZ,3.6,3.7,3.4,3.6,145759,KBS,2026-10-09T05:31:32Z
2021-03-30,TTZ,3.7,3.9,3.7,3.8,392000,KBS,2026-10-09T05:31:32Z
2021-03-31,TTZ,3.8,4.0,3.7,3.8,193810,KBS,2026-10-09T05:31:32Z
2021-04-01,TTZ,3.7,3.9,3.6,3.7,190759,KBS,2026-10-09T05:31:32Z
2021-04-02,TTZ,3.7,3.8,3.6,3.8,241200,KBS,2026-10-09T05:31:32Z
2021-04-05,TTZ,3.8,4.0,3.7,4.0,196219,KBS,2026-10-09T05:31:32Z
2021-04-06,TTZ,4.0,4.3,3.9,4.1,360110,KBS,2026-10-09T05:31:32Z
2021-04-07,TTZ,4.1,4.3,4.0,4.3,223315,KBS,2026-10-09T05:31:32Z
2021-04-08,TTZ,4.3,4.3,4.0,4.0,201364,KBS,2026-10-09T05:31:32Z
2021-04-09,TTZ,4.0,4.3,4.0,4.1,211000,KBS,2026-10-09T05:31:32Z
2021-04-12,TTZ,4.2,4.5,4.2,4.5,358047,KBS,2026-10-09T05:31:32Z
2021-04-13,TTZ,4.7,4.7,4.1,4.2,508550,KBS,2026-10-09T05:31:32Z
2021-04-14,TTZ,4.2,4.6,3.9,4.6,434800,KBS,2026-10-09T05:31:32Z
2021-04-15,TTZ,4.6,4.7,4.3,4.5,401800,KBS,2026-10-09T05:31:32Z
2021-04-16,TTZ,4.5,4.5,4.1,4.2,233114,KBS,2026-10-09T05:31:32Z
2021-04-19,TTZ,4.2,4.2,3.9,4.0,164600,KBS,2026-10-09T05:31:32Z
2021-04-20,TTZ,4.0,4.0,3.6,3.7,198347,KBS,2026-10-09T05:31:32Z
2021-04-22,TTZ,3.8,3.9,3.6,3.6,71714,KBS,2026-10-09T05:31:32Z
2021-04-23,TTZ,3.7,3.7,3.3,3.4,180900,KBS,2026-10-09T05:31:32Z
2021-05-07,TTZ,3.1,3.1,3.1,3.1,13412,KBS,2026-10-09T05:31:32Z
2021-05-14,TTZ,2.8,3.4,2.8,3.3,1011704,KBS,2026-10-09T05:31:32Z
2021-05-17,TTZ,3.4,3.6,3.4,3.6,190200,KBS,2026-10-09T05:31:32Z
2021-05-18,TTZ,3.8,3.9,3.7,3.9,343000,KBS,2026-10-09T05:31:32Z
2021-05-19,TTZ,3.8,3.9,3.6,3.6,401120,KBS,2026-10-09T05:31:32Z
2021-05-20,TTZ,3.3,3.5,3.3,3.3,270500,KBS,2026-10-09T05:31:32Z
2021-05-21,TTZ,3.2,3.4,3.0,3.4,112450,KBS,2026-10-09T05:31:32Z
2021-05-24,TTZ,3.4,3.6,3.2,3.5,96000,KBS,2026-10-09T05:31:32Z
2021-05-25,TTZ,3.5,3.5,3.2,3.4,73000,KBS,2026-10-09T05:31:32Z
2021-05-26,TTZ,3.2,3.3,3.1,3.1,141300,KBS,2026-10-09T05:31:32Z
2021-05-27,TTZ,3.0,3.3,2.9,3.2,70500,KBS,2026-10-09T05:31:32Z
2021-05-28,TTZ,3.1,3.2,3.0,3.0,128600,KBS,2026-10-09T05:31:32Z
2021-05-31,TTZ,3.1,3.2,3.0,3.2,125000,KBS,2026-10-09T05:31:32Z
2021-06-01,TTZ,3.2,3.2,3.1,3.2,85800,KBS,2026-10-09T05:31:32Z
2021-06-02,TTZ,3.1,3.3,3.1,3.3,123848,KBS,2026-10-09T05:31:32Z
2021-06-03,TTZ,3.3,3.4,3.2,3.4,279105,KBS,2026-10-09T05:31:32Z
2021-06-04,TTZ,3.4,3.4,3.2,3.3,35600,KBS,2026-10-09T05:31:32Z
2021-06-07,TTZ,3.2,3.3,3.0,3.2,253289,KBS,2026-10-09T05:31:32Z
2021-06-08,TTZ,3.1,3.2,3.1,3.2,42610,KBS,2026-10-09T05:31:32Z
2021-06-09,TTZ,3.2,3.2,3.0,3.1,38500,KBS,2026-10-09T05:31:32Z
2021-06-10,TTZ,3.1,3.1,3.0,3.0,44300,KBS,2026-10-09T05:31:32Z
2021-06-11,TTZ,3.1,3.2,3.0,3.0,22400,KBS,2026-10-09T05:31:32Z
2021-06-14,TTZ,3.0,3.1,3.0,3.1,151900,KBS,2026-10-09T05:31:32Z
2021-06-15,TTZ,3.1,3.2,3.0,3.2,61900,KBS,2026-10-09T05:31:32Z
2021-06-16,TTZ,3.1,3.2,3.0,3.2,114200,KBS,2026-10-09T05:31:32Z
2021-06-17,TTZ,3.1,3.2,3.0,3.1,194010,KBS,2026-10-09T05:31:32Z
2021-06-18,TTZ,3.1,3.2,3.1,3.2,71400,KBS,2026-10-09T05:31:32Z
2021-06-21,TTZ,3.1,3.2,3.1,3.1,137900,KBS,2026-10-09T05:31:32Z
2021-06-22,TTZ,3.1,3.2,3.1,3.1,20800,KBS,2026-10-09T05:31:32Z
2021-06-23,TTZ,3.1,3.1,3.1,3.1,128900,KBS,2026-10-09T05:31:32Z
2021-06-24,TTZ,3.0,3.1,3.0,3.1,30200,KBS,2026-10-09T05:31:32Z
2021-06-25,TTZ,3.0,3.1,3.0,3.1,60300,KBS,2026-10-09T05:31:32Z
2021-06-28,TTZ,3.1,3.1,3.0,3.0,61100,KBS,2026-10-09T05:31:32Z
2021-06-29,TTZ,3.0,3.3,3.0,3.3,381800,KBS,2026-10-09T05:31:32Z
2021-06-30,TTZ,3.3,3.4,3.2,3.3,155110,KBS,2026-10-09T05:31:32Z
2021-07-01,TTZ,3.2,3.3,3.1,3.3,117300,KBS,2026-10-09T05:31:32Z
2021-07-02,TTZ,3.3,3.3,3.1,3.2,71800,KBS,2026-10-09T05:31:32Z
2021-07-05,TTZ,3.3,3.3,3.0,3.2,25979,KBS,2026-10-09T05:31:32Z
2021-07-06,TTZ,3.2,3.2,3.1,3.1,70400,KBS,2026-10-09T05:31:32Z
2021-07-07,TTZ,3.1,3.2,3.0,3.2,60400,KBS,2026-10-09T05:31:32Z
2021-07-08,TTZ,3.1,3.2,3.1,3.1,47100,KBS,2026-10-09T05:31:32Z
2021-07-09,TTZ,3.1,3.1,3.0,3.0,34500,KBS,2026-10-09T05:31:32Z
2021-07-12,TTZ,3.0,3.0,2.7,2.8,151220,KBS,2026-10-09T05:31:32Z
2021-07-13,TTZ,2.7,2.9,2.7,2.8,25000,KBS,2026-10-09T05:31:32Z
2021-07-14,TTZ,2.9,2.9,2.8,2.8,13000,KBS,2026-10-09T05:31:32Z
2021-07-15,TTZ,2.9,2.9,2.8,2.8,8200,KBS,2026-10-09T05:31:32Z
2021-07-16,TTZ,2.8,3.0,2.8,3.0,42200,KBS,2026-10-09T05:31:32Z
2021-07-19,TTZ,3.0,3.0,2.8,2.8,44300,KBS,2026-10-09T05:31:32Z
2021-07-20,TTZ,2.8,2.9,2.7,2.9,105900,KBS,2026-10-09T05:31:32Z
2021-07-21,TTZ,2.8,2.9,2.8,2.8,102700,KBS,2026-10-09T05:31:32Z
2021-07-22,TTZ,2.8,2.9,2.7,2.8,110605,KBS,2026-10-09T05:31:32Z
2021-07-23,TTZ,2.9,2.9,2.8,2.9,302800,KBS,2026-10-09T05:31:32Z
2021-07-26,TTZ,2.8,2.9,2.8,2.9,5400,KBS,2026-10-09T05:31:32Z
2021-07-27,TTZ,2.9,2.9,2.8,2.8,156200,KBS,2026-10-09T05:31:32Z
2021-07-28,TTZ,2.9,3.0,2.9,2.9,43400,KBS,2026-10-09T05:31:32Z
2021-07-29,TTZ,2.9,3.0,2.8,2.9,81705,KBS,2026-10-09T05:31:32Z
2021-07-30,TTZ,2.9,3.1,2.9,3.1,267200,KBS,2026-10-09T05:31:32Z
2021-08-02,TTZ,3.2,3.2,3.0,3.1,72900,KBS,2026-10-09T05:31:32Z
2021-08-03,TTZ,3.0,3.2,3.0,3.1,157300,KBS,2026-10-09T05:31:32Z
2021-08-04,TTZ,3.0,3.1,3.0,3.0,144300,KBS,2026-10-09T05:31:32Z
2021-08-05,TTZ,3.0,3.2,3.0,3.1,119200,KBS,2026-10-09T05:31:32Z
2021-08-06,TTZ,3.2,3.2,3.1,3.2,176800,KBS,2026-10-09T05:31:32Z
2021-08-09,TTZ,3.2,3.2,3.1,3.2,39700,KBS,2026-10-09T05:31:32Z
2021-08-10,TTZ,3.2,3.5,3.2,3.5,294300,KBS,2026-10-09T05:31:32Z
2021-08-11,TTZ,3.7,3.7,3.4,3.4,167400,KBS,2026-10-09T05:31:32Z
2021-08-12,TTZ,3.3,3.4,3.3,3.3,113200,KBS,2026-10-09T05:31:32Z
2021-08-13,TTZ,3.3,3.3,3.2,3.2,23015,KBS,2026-10-09T05:31:32Z
2021-08-16,TTZ,3.3,3.4,3.2,3.2,93300,KBS,2026-10-09T05:31:32Z
2021-08-17,TTZ,3.2,3.2,3.1,3.1,187700,KBS,2026-10-09T05:31:32Z
2021-08-18,TTZ,3.2,3.4,3.2,3.4,241977,KBS,2026-10-09T05:31:32Z
2021-08-19,TTZ,3.6,3.7,3.4,3.7,364100,KBS,2026-10-09T05:31:32Z
2021-08-20,TTZ,3.7,3.7,3.4,3.5,162600,KBS,2026-10-09T05:31:32Z
2021-08-23,TTZ,3.8,3.8,3.2,3.7,416900,KBS,2026-10-09T05:31:32Z
2021-08-24,TTZ,4.0,4.0,3.4,3.6,326800,KBS,2026-10-09T05:31:32Z
2021-08-25,TTZ,3.9,3.9,3.4,3.4,58700,KBS,2026-10-09T05:31:32Z
2021-08-26,TTZ,3.3,3.4,3.3,3.3,78100,KBS,2026-10-09T05:31:32Z
2021-08-27,TTZ,3.3,3.4,3.3,3.3,69145,KBS,2026-10-09T05:31:32Z
2021-08-30,TTZ,3.4,3.5,3.3,3.4,115300,KBS,2026-10-09T05:31:32Z
2021-08-31,TTZ,3.4,3.5,3.4,3.5,56110,KBS,2026-10-09T05:31:32Z
2021-09-01,TTZ,3.5,3.6,3.5,3.5,55300,KBS,2026-10-09T05:31:32Z
2021-09-06,TTZ,3.5,3.7,3.5,3.6,101632,KBS,2026-10-09T05:31:32Z
2021-09-07,TTZ,3.7,3.7,3.5,3.5,68900,KBS,2026-10-09T05:31:32Z
2021-09-08,TTZ,3.4,3.5,3.4,3.5,38500,KBS,2026-10-09T05:31:32Z
2021-09-09,TTZ,3.5,3.5,3.4,3.5,47000,KBS,2026-10-09T05:31:32Z
2021-09-10,TTZ,3.5,3.6,3.4,3.6,187800,KBS,2026-10-09T05:31:32Z
2021-09-13,TTZ,3.6,3.9,3.6,3.9,496745,KBS,2026-10-09T05:31:32Z
2021-09-14,TTZ,4.0,4.2,4.0,4.2,283210,KBS,2026-10-09T05:31:32Z
2021-09-15,TTZ,4.4,4.4,4.0,4.0,132000,KBS,2026-10-09T05:31:32Z
2021-09-16,TTZ,4.0,4.4,3.9,4.1,371200,KBS,2026-10-09T05:31:32Z
2021-09-17,TTZ,4.0,4.3,4.0,4.2,152702,KBS,2026-10-09T05:31:32Z
2021-09-20,TTZ,4.2,4.5,4.2,4.4,250400,KBS,2026-10-09T05:31:32Z
2021-09-21,TTZ,4.3,4.8,4.3,4.8,474002,KBS,2026-10-09T05:31:32Z
2021-09-22,TTZ,5.1,5.2,5.1,5.2,70242,KBS,2026-10-09T05:31:32Z
2021-09-23,TTZ,5.7,5.7,5.3,5.7,1287053,KBS,2026-10-09T05:31:32Z
2021-09-24,TTZ,6.1,6.1,5.2,5.2,341200,KBS,2026-10-09T05:31:32Z
2021-09-27,TTZ,4.7,5.3,4.7,4.7,231625,KBS,2026-10-09T05:31:32Z
2021-09-28,TTZ,4.5,5.1,4.3,5.0,403153,KBS,2026-10-09T05:31:32Z
2021-09-29,TTZ,5.0,5.0,4.6,4.8,50100,KBS,2026-10-09T05:31:32Z
2021-09-30,TTZ,4.8,5.1,4.7,5.0,39108,KBS,2026-10-09T05:31:32Z
2021-10-01,TTZ,4.9,4.9,4.7,4.9,34200,KBS,2026-10-09T05:31:32Z
2021-10-04,TTZ,4.7,4.8,4.5,4.5,160610,KBS,2026-10-09T05:31:32Z
2021-10-05,TTZ,4.7,4.7,4.5,4.7,31300,KBS,2026-10-09T05:31:32Z
2021-10-06,TTZ,4.6,4.7,4.5,4.7,103500,KBS,2026-10-09T05:31:32Z
2021-10-07,TTZ,4.7,5.1,4.6,5.0,82503,KBS,2026-10-09T05:31:32Z
2021-10-08,TTZ,5.1,5.1,4.8,4.8,50900,KBS,2026-10-09T05:31:32Z
2021-10-11,TTZ,4.8,4.8,4.7,4.8,58108,KBS,2026-10-09T05:31:32Z
2021-10-12,TTZ,4.8,4.9,4.7,4.8,69800,KBS,2026-10-09T05:31:32Z
2021-10-13,TTZ,4.7,4.8,4.7,4.7,136310,KBS,2026-10-09T05:31:32Z
2021-10-14,TTZ,4.7,4.9,4.7,4.8,46012,KBS,2026-10-09T05:31:32Z
2021-10-15,TTZ,4.9,5.1,4.8,5.0,99100,KBS,2026-10-09T05:31:32Z
2021-10-18,TTZ,4.9,5.0,4.9,4.9,14800,KBS,2026-10-09T05:31:32Z
2021-10-19,TTZ,4.9,5.1,4.8,5.1,83800,KBS,2026-10-09T05:31:32Z
2021-10-20,TTZ,5.0,5.6,5.0,5.5,192037,KBS,2026-10-09T05:31:32Z
2021-10-21,TTZ,5.7,6.0,5.6,6.0,207600,KBS,2026-10-09T05:31:32Z
2021-10-22,TTZ,6.5,6.6,6.0,6.2,182500,KBS,2026-10-09T05:31:32Z
2021-10-25,TTZ,6.1,6.1,5.6,5.6,363125,KBS,2026-10-09T05:31:32Z
2021-10-26,TTZ,5.5,5.8,5.3,5.8,103900,KBS,2026-10-09T05:31:32Z
2021-10-27,TTZ,6.0,6.0,5.5,5.7,176000,KBS,2026-10-09T05:31:32Z
2021-10-28,TTZ,5.7,5.8,5.5,5.8,87200,KBS,2026-10-09T05:31:32Z
2021-10-29,TTZ,5.7,5.9,5.7,5.9,71100,KBS,2026-10-09T05:31:32Z
2021-11-01,TTZ,5.9,6.1,5.8,5.9,108600,KBS,2026-10-09T05:31:32Z
2021-11-02,TTZ,5.9,6.1,5.7,6.1,378211,KBS,2026-10-09T05:31:32Z
2021-11-03,TTZ,6.2,6.3,5.8,5.9,152625,KBS,2026-10-09T05:31:32Z
2021-11-04,TTZ,6.0,6.0,5.7,6.0,121500,KBS,2026-10-09T05:31:32Z
2021-11-05,TTZ,5.8,5.9,5.7,5.9,102500,KBS,2026-10-09T05:31:32Z
2021-11-08,TTZ,5.9,6.0,5.5,5.9,115205,KBS,2026-10-09T05:31:32Z
2021-11-09,TTZ,5.9,6.0,5.7,5.8,247900,KBS,2026-10-09T05:31:32Z
2021-11-10,TTZ,5.8,5.8,5.7,5.8,94500,KBS,2026-10-09T05:31:32Z
2021-11-11,TTZ,5.8,6.3,5.7,6.1,296700,KBS,2026-10-09T05:31:32Z
2021-11-12,TTZ,6.2,6.5,6.1,6.5,183220,KBS,2026-10-09T05:31:32Z
2021-11-15,TTZ,6.5,7.1,6.4,7.1,319200,KBS,2026-10-09T05:31:32Z
2021-11-16,TTZ,7.1,7.1,6.4,6.7,255900,KBS,2026-10-09T05:31:32Z
2021-11-17,TTZ,6.6,7.0,6.4,6.7,156700,KBS,2026-10-09T05:31:32Z
2021-11-18,TTZ,6.8,7.2,6.8,7.1,200267,KBS,2026-10-09T05:31:32Z
2021-11-19,TTZ,7.1,7.3,6.7,7.1,222100,KBS,2026-10-09T05:31:32Z
2021-11-22,TTZ,6.9,6.9,6.4,6.6,214520,KBS,2026-10-09T05:31:32Z
2021-11-23,TTZ,6.5,6.6,6.0,6.5,66652,KBS,2026-10-09T05:31:32Z
2021-11-24,TTZ,6.5,6.8,6.5,6.6,67305,KBS,2026-10-09T05:31:32Z
2021-11-25,TTZ,6.7,7.2,6.6,7.2,379420,KBS,2026-10-09T05:31:32Z
2021-11-26,TTZ,7.7,7.9,7.7,7.9,323917,KBS,2026-10-09T05:31:32Z
2021-11-29,TTZ,8.4,8.6,8.0,8.6,260142,KBS,2026-10-09T05:31:32Z
2021-11-30,TTZ,9.4,9.4,9.0,9.2,1096123,KBS,2026-10-09T05:31:32Z
2021-12-01,TTZ,9.2,9.4,8.3,9.1,397341,KBS,2026-10-09T05:31:32Z
2021-12-02,TTZ,9.0,9.1,8.3,8.8,152255,KBS,2026-10-09T05:31:32Z
2021-12-03,TTZ,8.8,8.8,8.0,8.0,762131,KBS,2026-10-09T05:31:32Z
2021-12-06,TTZ,8.0,8.0,7.2,7.2,470800,KBS,2026-10-09T05:31:32Z
2021-12-07,TTZ,7.3,7.9,7.0,7.9,78800,KBS,2026-10-09T05:31:32Z
2021-12-08,TTZ,8.0,8.2,7.4,7.8,100000,KBS,2026-10-09T05:31:32Z
2021-12-09,TTZ,7.4,7.8,7.3,7.7,227410,KBS,2026-10-09T05:31:32Z
2021-12-10,TTZ,7.6,7.8,7.4,7.4,56001,KBS,2026-10-09T05:31:32Z
2021-12-13,TTZ,7.4,7.8,7.4,7.8,88050,KBS,2026-10-09T05:31:32Z
2021-12-14,TTZ,7.8,7.8,7.5,7.6,128620,KBS,2026-10-09T05:31:32Z
2021-12-15,TTZ,7.6,7.8,7.4,7.5,90400,KBS,2026-10-09T05:31:32Z
2021-12-16,TTZ,7.5,7.8,7.3,7.8,284000,KBS,2026-10-09T05:31:32Z
2021-12-17,TTZ,7.3,7.8,7.3,7.7,144818,KBS,2026-10-09T05:31:32Z
2021-12-20,TTZ,7.7,7.7,7.5,7.7,107600,KBS,2026-10-09T05:31:32Z
2021-12-21,TTZ,7.7,7.8,7.5,7.8,184821,KBS,2026-10-09T05:31:32Z
2021-12-22,TTZ,7.8,7.8,7.6,7.8,243711,KBS,2026-10-09T05:31:32Z
2021-12-23,TTZ,7.9,8.5,7.8,8.5,815131,KBS,2026-10-09T05:31:32Z
2021-12-24,TTZ,8.5,9.1,8.2,8.4,193600,KBS,2026-10-09T05:31:32Z
2021-12-27,TTZ,8.4,8.4,7.8,8.1,195439,KBS,2026-10-09T05:31:32Z
2021-12-28,TTZ,8.1,8.1,7.6,7.9,299600,KBS,2026-10-09T05:31:32Z
2021-12-29,TTZ,7.9,8.3,7.9,8.2,85841,KBS,2026-10-09T05:31:32Z
2021-12-30,TTZ,8.3,8.4,7.8,8.0,274301,KBS,2026-10-09T05:31:32Z
2021-12-31,TTZ,8.0,8.0,7.6,7.9,126800,KBS,2026-10-09T05:31:32Z
2022-01-04,TTZ,7.9,8.2,7.8,7.9,266388,KBS,2026-10-09T05:31:32Z
2022-01-05,TTZ,7.9,7.9,7.7,7.7,394100,KBS,2026-10-09T05:31:32Z
2022-01-06,TTZ,7.8,8.4,7.7,8.2,313841,KBS,2026-10-09T05:31:32Z
2022-01-07,TTZ,8.3,8.9,8.2,8.9,454601,KBS,2026-10-09T05:31:32Z
2022-01-10,TTZ,8.9,9.3,8.5,8.9,469870,KBS,2026-10-09T05:31:32Z
2022-01-11,TTZ,8.9,8.9,8.3,8.5,227900,KBS,2026-10-09T05:31:32Z
2022-01-12,TTZ,8.5,8.5,7.7,8.0,366201,KBS,2026-10-09T05:31:32Z
2022-01-13,TTZ,7.8,8.0,7.2,7.2,222701,KBS,2026-10-09T05:31:32Z
2022-01-14,TTZ,7.2,7.8,6.5,7.8,171400,KBS,2026-10-09T05:31:32Z
2022-01-17,TTZ,7.7,7.7,7.1,7.1,76000,KBS,2026-10-09T05:31:32Z
2022-01-18,TTZ,7.1,7.1,6.4,6.4,153500,KBS,2026-10-09T05:31:32Z
2022-01-19,TTZ,6.4,6.9,5.8,6.0,138900,KBS,2026-10-09T05:31:32Z
2022-01-20,TTZ,5.9,6.6,5.6,6.6,33700,KBS,2026-10-09T05:31:32Z
2022-01-21,TTZ,6.7,7.2,6.7,7.2,74400,KBS,2026-10-09T05:31:32Z
2022-01-24,TTZ,7.2,7.2,6.5,6.5,80201,KBS,2026-10-09T05:31:32Z
2022-01-25,TTZ,6.5,6.5,6.0,6.4,53300,KBS,2026-10-09T05:31:32Z
2022-01-26,TTZ,6.4,6.6,6.0,6.0,36500,KBS,2026-10-09T05:31:32Z
2022-01-27,TTZ,6.0,6.6,5.9,6.3,192700,KBS,2026-10-09T05:31:32Z
2022-01-28,TTZ,6.1,6.3,5.7,6.3,61200,KBS,2026-10-09T05:31:32Z
2022-02-07,TTZ,6.2,6.8,6.2,6.7,45800,KBS,2026-10-09T05:31:32Z
2022-02-08,TTZ,6.7,6.7,6.5,6.6,76200,KBS,2026-10-09T05:31:32Z
2022-02-09,TTZ,6.6,6.7,6.5,6.7,43100,KBS,2026-10-09T05:31:32Z
2022-02-10,TTZ,6.7,6.7,6.5,6.7,46800,KBS,2026-10-09T05:31:32Z
2022-02-11,TTZ,6.3,6.6,6.3,6.6,64340,KBS,2026-10-09T05:31:32Z
2022-02-14,TTZ,6.5,6.6,6.3,6.3,73102,KBS,2026-10-09T05:31:32Z
2022-02-15,TTZ,6.9,6.9,6.3,6.5,39400,KBS,2026-10-09T05:31:32Z
2022-02-16,TTZ,7.0,7.0,6.4,6.5,46100,KBS,2026-10-09T05:31:32Z
2022-02-17,TTZ,7.0,7.0,6.3,6.6,49000,KBS,2026-10-09T05:31:32Z
2022-02-18,TTZ,6.6,6.6,6.3,6.5,69000,KBS,2026-10-09T05:31:32Z
2022-02-21,TTZ,6.5,6.7,6.5,6.6,105041,KBS,2026-10-09T05:31:32Z
2022-02-22,TTZ,6.6,6.6,6.3,6.5,108301,KBS,2026-10-09T05:31:32Z
2022-02-23,TTZ,6.4,6.6,6.4,6.5,126300,KBS,2026-10-09T05:31:32Z
2022-02-24,TTZ,6.4,6.5,6.3,6.5,170400,KBS,2026-10-09T05:31:32Z
2022-02-25,TTZ,6.5,6.6,6.4,6.5,55441,KBS,2026-10-09T05:31:32Z
2022-02-28,TTZ,6.5,6.6,6.3,6.6,89000,KBS,2026-10-09T05:31:32Z
2022-03-01,TTZ,6.5,6.6,6.4,6.5,58600,KBS,2026-10-09T05:31:32Z
2022-03-02,TTZ,6.4,6.5,6.3,6.3,70800,KBS,2026-10-09T05:31:32Z
2022-03-03,TTZ,6.4,6.5,6.4,6.5,58600,KBS,2026-10-09T05:31:32Z
2022-03-04,TTZ,6.6,6.6,6.5,6.6,121669,KBS,2026-10-09T05:31:32Z
2022-03-07,TTZ,6.6,7.2,6.6,7.2,366600,KBS,2026-10-09T05:31:32Z
2022-03-08,TTZ,7.7,7.9,7.0,7.1,134305,KBS,2026-10-09T05:31:32Z
2022-03-09,TTZ,7.0,7.0,6.7,6.9,64016,KBS,2026-10-09T05:31:32Z
2022-03-10,TTZ,6.9,7.1,6.8,7.0,233700,KBS,2026-10-09T05:31:32Z
2022-03-11,TTZ,6.8,7.2,6.3,7.0,411358,KBS,2026-10-09T05:31:32Z
2022-03-14,TTZ,7.0,7.0,6.6,6.8,102200,KBS,2026-10-09T05:31:32Z
2022-03-15,TTZ,6.8,6.8,6.6,6.7,53100,KBS,2026-10-09T05:31:32Z
2022-03-16,TTZ,6.6,6.9,6.5,6.7,112000,KBS,2026-10-09T05:31:32Z
2022-03-17,TTZ,6.7,6.9,6.7,6.9,233100,KBS,2026-10-09T05:31:32Z
2022-03-18,TTZ,7.0,7.0,6.8,6.9,96100,KBS,2026-10-09T05:31:32Z
2022-03-21,TTZ,6.9,7.0,6.8,7.0,70541,KBS,2026-10-09T05:31:32Z
2022-03-22,TTZ,6.8,7.0,6.8,7.0,134200,KBS,2026-10-09T05:31:32Z
2022-03-23,TTZ,6.9,7.0,6.7,6.8,131500,KBS,2026-10-09T05:31:32Z
2022-03-24,TTZ,6.8,6.9,6.7,6.9,67200,KBS,2026-10-09T05:31:32Z
2022-03-25,TTZ,6.8,6.9,6.6,6.8,115500,KBS,2026-10-09T05:31:32Z
2022-03-28,TTZ,6.8,6.8,6.2,6.6,161650,KBS,2026-10-09T05:31:32Z
2022-03-29,TTZ,6.4,6.8,6.3,6.7,82100,KBS,2026-10-09T05:31:32Z
2022-03-30,TTZ,6.7,6.7,6.4,6.5,118500,KBS,2026-10-09T05:31:32Z
2022-03-31,TTZ,6.5,6.8,6.4,6.6,101700,KBS,2026-10-09T05:31:32Z
2022-04-01,TTZ,6.6,7.2,6.6,7.2,621400,KBS,2026-10-09T05:31:32Z
2022-04-04,TTZ,7.2,7.5,6.9,6.9,163600,KBS,2026-10-09T05:31:32Z
2022-04-05,TTZ,6.9,6.9,6.7,6.7,48150,KBS,2026-10-09T05:31:32Z
2022-04-06,TTZ,6.5,6.6,6.1,6.6,223100,KBS,2026-10-09T05:31:32Z
2022-04-07,TTZ,6.8,6.9,6.3,6.5,32300,KBS,2026-10-09T05:31:32Z
2022-04-08,TTZ,6.4,6.7,6.3,6.3,79400,KBS,2026-10-09T05:31:32Z
2022-04-12,TTZ,6.3,6.3,6.1,6.1,65100,KBS,2026-10-09T05:31:32Z
2022-04-13,TTZ,6.1,6.4,6.0,6.1,51000,KBS,2026-10-09T05:31:32Z
2022-04-14,TTZ,6.1,6.3,6.1,6.2,31200,KBS,2026-10-09T05:31:32Z
2022-04-15,TTZ,6.2,6.3,6.0,6.1,40430,KBS,2026-10-09T05:31:32Z
2022-04-18,TTZ,5.8,6.1,5.7,5.8,92200,KBS,2026-10-09T05:31:32Z
2022-04-19,TTZ,5.5,5.7,5.3,5.5,120000,KBS,2026-10-09T05:31:32Z
2022-04-20,TTZ,5.5,5.5,5.3,5.4,38600,KBS,2026-10-09T05:31:32Z
2022-04-21,TTZ,5.4,5.4,4.9,4.9,130100,KBS,2026-10-09T05:31:32Z
2022-04-22,TTZ,4.9,5.3,4.9,5.2,60510,KBS,2026-10-09T05:31:32Z
2022-04-25,TTZ,5.6,5.7,4.9,5.2,17600,KBS,2026-10-09T05:31:32Z
2022-04-26,TTZ,5.0,5.5,5.0,5.3,60400,KBS,2026-10-09T05:31:32Z
2022-04-27,TTZ,5.3,5.5,5.3,5.5,17500,KBS,2026-10-09T05:31:32Z
2022-04-28,TTZ,5.5,5.5,5.0,5.4,23500,KBS,2026-10-09T05:31:32Z
2022-04-29,TTZ,5.2,5.3,5.1,5.3,57800,KBS,2026-10-09T05:31:32Z
2022-05-04,TTZ,5.4,5.5,5.3,5.4,45600,KBS,2026-10-09T05:31:32Z
2022-05-05,TTZ,5.4,5.4,5.2,5.4,17500,KBS,2026-10-09T05:31:32Z
2022-05-06,TTZ,5.4,5.4,5.2,5.4,24100,KBS,2026-10-09T05:31:32Z
2022-05-09,TTZ,5.4,5.4,4.9,4.9,56600,KBS,2026-10-09T05:31:32Z
2022-05-10,TTZ,4.8,5.3,4.8,4.8,33200,KBS,2026-10-09T05:31:32Z
2022-05-11,TTZ,4.8,5.2,4.8,5.2,16500,KBS,2026-10-09T05:31:32Z
2022-05-12,TTZ,4.9,5.4,4.7,5.0,11800,KBS,2026-10-09T05:31:32Z
2022-05-13,TTZ,4.8,4.9,4.5,4.5,24500,KBS,2026-10-09T05:31:32Z
2022-05-16,TTZ,4.6,4.9,4.6,4.8,16300,KBS,2026-10-09T05:31:32Z
2022-05-17,TTZ,5.0,5.2,5.0,5.0,24200,KBS,2026-10-09T05:31:32Z
2022-05-18,TTZ,5.0,5.0,4.8,4.9,20700,KBS,2026-10-09T05:31:32Z
2022-05-19,TTZ,4.9,4.9,4.5,4.5,8500,KBS,2026-10-09T05:31:32Z
2022-05-20,TTZ,4.5,4.8,4.5,4.8,14700,KBS,2026-10-09T05:31:32Z
2022-05-23,TTZ,4.7,4.7,4.7,4.7,31800,KBS,2026-10-09T05:31:32Z
2022-05-24,TTZ,4.6,4.7,4.5,4.7,10900,KBS,2026-10-09T05:31:32Z
2022-05-25,TTZ,4.5,4.7,4.5,4.6,48600,KBS,2026-10-09T05:31:32Z
2022-05-26,TTZ,4.7,4.7,4.6,4.6,13700,KBS,2026-10-09T05:31:32Z
2022-05-27,TTZ,4.6,4.6,4.5,4.5,23600,KBS,2026-10-09T05:31:32Z
2022-05-30,TTZ,4.5,4.7,4.5,4.7,24100,KBS,2026-10-09T05:31:32Z
2022-05-31,TTZ,4.7,4.7,4.5,4.6,18600,KBS,2026-10-09T05:31:32Z
2022-06-01,TTZ,4.6,4.6,4.5,4.5,15400,KBS,2026-10-09T05:31:32Z
2022-06-02,TTZ,4.5,4.5,4.2,4.2,59200,KBS,2026-10-09T05:31:32Z
2022-06-03,TTZ,4.1,4.2,4.1,4.2,11300,KBS,2026-10-09T05:31:32Z
2022-06-06,TTZ,4.1,4.1,4.0,4.1,91300,KBS,2026-10-09T05:31:32Z
2022-06-07,TTZ,3.8,4.0,3.8,4.0,12800,KBS,2026-10-09T05:31:32Z
2022-06-08,TTZ,4.0,4.1,3.9,4.0,15800,KBS,2026-10-09T05:31:32Z
2022-06-09,TTZ,4.1,4.2,3.9,3.9,29200,KBS,2026-10-09T05:31:32Z
2022-06-10,TTZ,4.0,4.0,3.6,3.6,66200,KBS,2026-10-09T05:31:32Z
2022-06-13,TTZ,3.6,3.8,3.5,3.7,29300,KBS,2026-10-09T05:31:32Z
2022-06-14,TTZ,3.8,3.8,3.4,3.7,9800,KBS,2026-10-09T05:31:32Z
2022-06-15,TTZ,3.8,3.8,3.4,3.4,9500,KBS,2026-10-09T05:31:32Z
2022-06-16,TTZ,3.1,3.3,3.1,3.1,66500,KBS,2026-10-09T05:31:32Z
2022-06-17,TTZ,3.0,3.0,2.8,2.8,36300,KBS,2026-10-09T05:31:32Z
2022-06-20,TTZ,2.8,2.8,2.6,2.7,30500,KBS,2026-10-09T05:31:32Z
2022-06-21,TTZ,2.5,2.8,2.5,2.6,17800,KBS,2026-10-09T05:31:32Z
2022-06-22,TTZ,2.4,2.8,2.4,2.8,19800,KBS,2026-10-09T05:31:32Z
2022-06-23,TTZ,2.9,3.0,2.9,2.9,11700,KBS,2026-10-09T05:31:32Z
2022-06-24,TTZ,3.1,3.1,2.9,3.0,24200,KBS,2026-10-09T05:31:32Z
2022-06-27,TTZ,3.1,3.1,2.7,2.9,108000,KBS,2026-10-09T05:31:32Z
2022-06-28,TTZ,2.9,3.1,2.9,3.0,24500,KBS,2026-10-09T05:31:32Z
2022-06-29,TTZ,3.0,3.2,3.0,3.0,22000,KBS,2026-10-09T05:31:32Z
2022-06-30,TTZ,3.0,3.0,2.9,2.9,22600,KBS,2026-10-09T05:31:32Z
2022-07-01,TTZ,2.9,2.9,2.7,2.9,7000,KBS,2026-10-09T05:31:32Z
2022-07-04,TTZ,2.9,3.1,2.9,3.1,34700,KBS,2026-10-09T05:31:32Z
2022-07-05,TTZ,3.0,3.0,2.9,3.0,11800,KBS,2026-10-09T05:31:32Z
2022-07-06,TTZ,2.9,3.0,2.9,3.0,1200,KBS,2026-10-09T05:31:32Z
2022-07-07,TTZ,2.9,3.0,2.9,3.0,500,KBS,2026-10-09T05:31:32Z
2022-07-08,TTZ,2.9,3.0,2.9,3.0,5400,KBS,2026-10-09T05:31:32Z
2022-07-11,TTZ,2.9,3.0,2.9,3.0,34000,KBS,2026-10-09T05:31:32Z
2022-07-12,TTZ,3.0,3.0,2.9,3.0,46400,KBS,2026-10-09T05:31:32Z
2022-07-13,TTZ,3.0,3.0,3.0,3.0,17200,KBS,2026-10-09T05:31:32Z
2022-07-14,TTZ,3.0,3.1,3.0,3.1,26300,KBS,2026-10-09T05:31:32Z
2022-07-15,TTZ,3.0,3.1,3.0,3.1,74000,KBS,2026-10-09T05:31:32Z
2022-07-18,TTZ,3.0,3.2,3.0,3.1,71500,KBS,2026-10-09T05:31:32Z
2022-07-19,TTZ,3.1,3.3,3.1,3.3,83500,KBS,2026-10-09T05:31:32Z
2022-07-20,TTZ,3.2,3.6,3.2,3.3,105900,KBS,2026-10-09T05:31:32Z
2022-07-21,TTZ,3.6,3.6,3.3,3.4,7400,KBS,2026-10-09T05:31:32Z
2022-07-22,TTZ,3.4,3.5,3.1,3.1,15000,KBS,2026-10-09T05:31:32Z
2022-07-25,TTZ,3.2,3.4,3.2,3.4,29800,KBS,2026-10-09T05:31:32Z
2022-07-26,TTZ,3.5,3.6,3.4,3.4,15200,KBS,2026-10-09T05:31:32Z
2022-07-27,TTZ,3.4,3.5,3.4,3.5,800,KBS,2026-10-09T05:31:32Z
2022-07-28,TTZ,3.6,3.7,3.5,3.6,28600,KBS,2026-10-09T05:31:32Z
2022-07-29,TTZ,3.6,3.6,3.5,3.6,12800,KBS,2026-10-09T05:31:32Z
2022-08-01,TTZ,3.6,3.6,3.4,3.4,25300,KBS,2026-10-09T05:31:32Z
2022-08-02,TTZ,3.4,3.6,3.4,3.4,31700,KBS,2026-10-09T05:31:32Z
2022-08-03,TTZ,3.4,3.7,3.4,3.5,19100,KBS,2026-10-09T05:31:32Z
2022-08-04,TTZ,3.6,3.8,3.6,3.8,79700,KBS,2026-10-09T05:31:32Z
2022-08-05,TTZ,3.8,4.1,3.8,4.1,117800,KBS,2026-10-09T05:31:32Z
2022-08-08,TTZ,4.1,4.4,4.0,4.4,64400,KBS,2026-10-09T05:31:32Z
2022-08-09,TTZ,4.2,4.4,4.0,4.0,88700,KBS,2026-10-09T05:31:32Z
2022-08-10,TTZ,4.0,4.3,4.0,4.1,8400,KBS,2026-10-09T05:31:32Z
2022-08-11,TTZ,4.1,4.1,3.8,3.8,68500,KBS,2026-10-09T05:31:32Z
2022-08-12,TTZ,3.9,4.0,3.8,4.0,3700,KBS,2026-10-09T05:31:32Z
2022-08-15,TTZ,4.0,4.1,4.0,4.1,6400,KBS,2026-10-09T05:31:32Z
2022-08-16,TTZ,4.1,4.1,4.0,4.0,18600,KBS,2026-10-09T05:31:32Z
2022-08-17,TTZ,3.9,3.9,3.9,3.9,17810,KBS,2026-10-09T05:31:32Z
2022-08-18,TTZ,4.0,4.2,3.9,4.2,102300,KBS,2026-10-09T05:31:32Z
2022-08-19,TTZ,4.2,4.2,3.9,3.9,6800,KBS,2026-10-09T05:31:32Z
2022-08-22,TTZ,4.2,4.2,3.9,4.2,140452,KBS,2026-10-09T05:31:32Z
2022-08-23,TTZ,4.1,4.1,4.1,4.1,5000,KBS,2026-10-09T05:31:32Z
2022-08-24,TTZ,4.0,4.3,4.0,4.1,6000,KBS,2026-10-09T05:31:32Z
2022-08-25,TTZ,4.0,4.1,3.9,4.0,17300,KBS,2026-10-09T05:31:32Z
2022-08-26,TTZ,4.1,4.1,3.8,3.9,32338,KBS,2026-10-09T05:31:32Z
2022-08-29,TTZ,3.9,4.1,3.7,3.9,16300,KBS,2026-10-09T05:31:32Z
2022-08-30,TTZ,3.9,3.9,3.8,3.9,5500,KBS,2026-10-09T05:31:32Z
2022-08-31,TTZ,3.8,4.0,3.8,4.0,33238,KBS,2026-10-09T05:31:32Z
2022-09-05,TTZ,3.8,3.9,3.8,3.9,600,KBS,2026-10-09T05:31:32Z
2022-09-06,TTZ,3.9,3.9,3.8,3.9,30100,KBS,2026-10-09T05:31:32Z
2022-09-07,TTZ,3.8,3.8,3.7,3.8,19300,KBS,2026-10-09T05:31:32Z
2022-09-08,TTZ,3.7,3.8,3.7,3.8,17600,KBS,2026-10-09T05:31:32Z
2022-09-09,TTZ,3.8,3.8,3.8,3.8,18100,KBS,2026-10-09T05:31:32Z
2022-09-12,TTZ,3.6,3.7,3.6,3.7,7507,KBS,2026-10-09T05:31:32Z
2022-09-13,TTZ,3.8,4.0,3.7,3.7,19601,KBS,2026-10-09T05:31:32Z
2022-09-14,TTZ,3.7,4.0,3.6,3.9,26000,KBS,2026-10-09T05:31:32Z
2022-09-15,TTZ,3.8,3.8,3.7,3.8,2273,KBS,2026-10-09T05:31:32Z
2022-09-16,TTZ,3.8,3.8,3.8,3.8,150,KBS,2026-10-09T05:31:32Z
2022-09-19,TTZ,3.6,3.6,3.6,3.6,600,KBS,2026-10-09T05:31:32Z
2022-09-20,TTZ,3.6,3.6,3.5,3.6,39200,KBS,2026-10-09T05:31:32Z
2022-09-21,TTZ,3.7,3.7,3.7,3.7,200,KBS,2026-10-09T05:31:32Z
2022-09-22,TTZ,3.5,3.8,3.5,3.8,11900,KBS,2026-10-09T05:31:32Z
2022-09-23,TTZ,3.6,3.8,3.6,3.8,3546,KBS,2026-10-09T05:31:32Z
2022-09-26,TTZ,3.6,3.7,3.5,3.5,14500,KBS,2026-10-09T05:31:32Z
2022-09-27,TTZ,3.7,3.7,3.7,3.7,100,KBS,2026-10-09T05:31:32Z
2022-09-28,TTZ,3.4,3.7,3.4,3.7,2641,KBS,2026-10-09T05:31:32Z
2022-09-29,TTZ,3.6,3.7,3.6,3.7,3911,KBS,2026-10-09T05:31:32Z
2022-09-30,TTZ,3.5,3.5,3.4,3.5,7200,KBS,2026-10-09T05:31:32Z
2022-10-03,TTZ,3.4,3.6,3.3,3.5,2200,KBS,2026-10-09T05:31:32Z
2022-10-04,TTZ,3.4,3.6,3.3,3.6,4300,KBS,2026-10-09T05:31:32Z
2022-10-05,TTZ,3.4,3.4,3.4,3.4,1200,KBS,2026-10-09T05:31:32Z
2022-10-06,TTZ,3.3,3.4,3.1,3.4,2400,KBS,2026-10-09T05:31:32Z
2022-10-07,TTZ,3.2,3.6,3.2,3.6,5300,KBS,2026-10-09T05:31:32Z
2022-10-10,TTZ,3.6,3.6,3.3,3.6,2700,KBS,2026-10-09T05:31:32Z
2022-10-11,TTZ,3.3,3.5,3.3,3.3,11700,KBS,2026-10-09T05:31:32Z
2022-10-12,TTZ,3.3,3.3,3.3,3.3,500,KBS,2026-10-09T05:31:32Z
2022-10-13,TTZ,3.1,3.3,3.1,3.3,13700,KBS,2026-10-09T05:31:32Z
2022-10-14,TTZ,3.5,3.5,3.1,3.2,1500,KBS,2026-10-09T05:31:32Z
2022-10-17,TTZ,3.2,3.2,3.0,3.0,200,KBS,2026-10-09T05:31:32Z
2022-10-18,TTZ,3.0,3.3,3.0,3.3,1400,KBS,2026-10-09T05:31:32Z
2022-10-19,TTZ,3.4,3.4,3.4,3.4,100,KBS,2026-10-09T05:31:32Z
2022-10-20,TTZ,3.1,3.4,3.1,3.4,12100,KBS,2026-10-09T05:31:32Z
2022-10-21,TTZ,3.4,3.4,3.4,3.4,18200,KBS,2026-10-09T05:31:32Z
2022-10-24,TTZ,3.3,3.3,3.3,3.3,105,KBS,2026-10-09T05:31:32Z
2022-10-25,TTZ,3.1,3.2,3.0,3.1,13000,KBS,2026-10-09T05:31:32Z
2022-10-26,TTZ,2.8,3.0,2.8,3.0,5000,KBS,2026-10-09T05:31:32Z
2022-10-27,TTZ,2.7,3.1,2.7,2.7,4100,KBS,2026-10-09T05:31:32Z
2022-10-28,TTZ,2.7,2.7,2.5,2.7,105500,KBS,2026-10-09T05:31:32Z
2022-11-04,TTZ,2.5,2.5,2.5,2.5,130600,KBS,2026-10-09T05:31:32Z
2022-11-11,TTZ,2.3,2.3,2.3,2.3,20200,KBS,2026-10-09T05:31:32Z
2022-11-18,TTZ,2.1,2.1,2.1,2.1,23400,KBS,2026-10-09T05:31:32Z
2022-11-25,TTZ,1.9,1.9,1.9,1.9,26600,KBS,2026-10-09T05:31:32Z
2022-12-02,TTZ,1.8,1.9,1.8,1.8,112043,KBS,2026-10-09T05:31:32Z
