date,symbol,open,high,low,close,volume,source,fetched_at
2018-10-16,VLG,3.53,3.53,3.47,3.47,1900,KBS,2026-10-09T05:35:05Z
2018-10-18,VLG,3.53,3.53,3.53,3.53,1000,KBS,2026-10-09T05:35:05Z
2018-10-22,VLG,3.72,3.78,3.72,3.72,9600,KBS,2026-10-09T05:35:05Z
2018-10-23,VLG,3.72,3.72,3.72,3.72,2000,KBS,2026-10-09T05:35:05Z
2018-10-25,VLG,3.72,3.84,3.59,3.65,15700,KBS,2026-10-09T05:35:05Z
2018-10-29,VLG,3.65,3.65,3.65,3.65,1500,KBS,2026-10-09T05:35:05Z
2018-10-31,VLG,3.65,3.65,3.65,3.65,2000,KBS,2026-10-09T05:35:05Z
2018-11-01,VLG,4.0,4.0,3.86,3.86,4700,KBS,2026-10-09T05:35:05Z
2018-11-02,VLG,3.86,3.86,3.86,3.86,100,KBS,2026-10-09T05:35:05Z
2018-11-06,VLG,3.8,3.86,3.37,3.37,5000,KBS,2026-10-09T05:35:05Z
2018-11-07,VLG,3.65,3.65,3.51,3.51,4200,KBS,2026-10-09T05:35:05Z
2018-11-08,VLG,3.37,3.37,3.37,3.37,7000,KBS,2026-10-09T05:35:05Z
2018-11-09,VLG,3.37,3.72,3.37,3.37,7600,KBS,2026-10-09T05:35:05Z
2018-11-13,VLG,3.51,3.72,3.37,3.72,2100,KBS,2026-10-09T05:35:05Z
2018-11-14,VLG,3.51,3.51,3.51,3.51,100,KBS,2026-10-09T05:35:05Z
2018-11-15,VLG,3.51,3.51,3.37,3.37,4300,KBS,2026-10-09T05:35:05Z
2018-11-19,VLG,3.3,3.51,3.3,3.3,13600,KBS,2026-10-09T05:35:05Z
2018-11-20,VLG,3.51,3.51,3.51,3.51,200,KBS,2026-10-09T05:35:05Z
2018-11-21,VLG,3.3,3.3,3.3,3.3,3600,KBS,2026-10-09T05:35:05Z
2018-11-22,VLG,3.3,3.3,3.3,3.3,4400,KBS,2026-10-09T05:35:05Z
2018-11-26,VLG,3.58,3.58,3.58,3.58,600,KBS,2026-10-09T05:35:05Z
2018-11-28,VLG,3.51,3.51,3.51,3.51,300,KBS,2026-10-09T05:35:05Z
2018-11-29,VLG,3.44,3.44,3.44,3.44,5000,KBS,2026-10-09T05:35:05Z
2018-11-30,VLG,3.44,3.58,3.44,3.51,38700,KBS,2026-10-09T05:35:05Z
2018-12-04,VLG,3.44,3.44,3.44,3.44,1000,KBS,2026-10-09T05:35:05Z
2018-12-05,VLG,3.44,3.65,3.44,3.65,13600,KBS,2026-10-09T05:35:05Z
2018-12-06,VLG,3.94,3.94,3.94,3.94,100,KBS,2026-10-09T05:35:05Z
2018-12-18,VLG,3.51,3.51,3.51,3.51,2900,KBS,2026-10-09T05:35:05Z
2018-12-27,VLG,3.65,3.65,3.65,3.65,1000,KBS,2026-10-09T05:35:05Z
2019-01-04,VLG,3.37,3.37,3.23,3.23,2000,KBS,2026-10-09T05:35:05Z
2019-01-07,VLG,3.37,3.37,3.37,3.37,1200,KBS,2026-10-09T05:35:05Z
2019-01-09,VLG,3.8,3.8,3.8,3.8,1100,KBS,2026-10-09T05:35:05Z
2019-01-11,VLG,3.65,3.65,3.58,3.58,6200,KBS,2026-10-09T05:35:05Z
2019-01-14,VLG,3.51,3.65,3.51,3.65,4000,KBS,2026-10-09T05:35:05Z
2019-01-16,VLG,3.51,3.51,3.51,3.51,1000,KBS,2026-10-09T05:35:05Z
2019-01-17,VLG,3.51,3.51,3.44,3.44,2000,KBS,2026-10-09T05:35:05Z
2019-01-23,VLG,3.51,3.51,3.51,3.51,4900,KBS,2026-10-09T05:35:05Z
2019-01-29,VLG,3.3,3.3,3.02,3.02,2000,KBS,2026-10-09T05:35:05Z
2019-01-30,VLG,3.58,3.58,3.58,3.58,100,KBS,2026-10-09T05:35:05Z
2019-02-01,VLG,3.51,3.51,3.51,3.51,1400,KBS,2026-10-09T05:35:05Z
2019-02-15,VLG,3.58,3.58,3.58,3.58,100,KBS,2026-10-09T05:35:05Z
2019-02-27,VLG,3.58,3.58,3.58,3.58,1000,KBS,2026-10-09T05:35:05Z
2019-03-01,VLG,3.51,3.51,3.51,3.51,400,KBS,2026-10-09T05:35:05Z
2019-03-07,VLG,3.51,3.58,3.51,3.51,3100,KBS,2026-10-09T05:35:05Z
2019-03-08,VLG,3.65,3.65,3.58,3.58,1100,KBS,2026-10-09T05:35:05Z
2019-03-11,VLG,3.58,3.58,3.58,3.58,4000,KBS,2026-10-09T05:35:05Z
2019-03-12,VLG,3.58,3.58,3.58,3.58,2000,KBS,2026-10-09T05:35:05Z
2019-03-13,VLG,3.58,3.58,3.58,3.58,900,KBS,2026-10-09T05:35:05Z
2019-03-14,VLG,3.72,3.72,3.65,3.65,1700,KBS,2026-10-09T05:35:05Z
2019-03-15,VLG,3.65,3.65,3.65,3.65,6700,KBS,2026-10-09T05:35:05Z
2019-03-19,VLG,3.65,3.65,3.65,3.65,100,KBS,2026-10-09T05:35:05Z
2019-03-22,VLG,3.65,3.65,3.65,3.65,900,KBS,2026-10-09T05:35:05Z
2019-03-27,VLG,3.8,3.8,3.8,3.8,100,KBS,2026-10-09T05:35:05Z
2019-04-01,VLG,3.8,3.8,3.8,3.8,100,KBS,2026-10-09T05:35:05Z
2019-04-05,VLG,3.58,3.58,3.58,3.58,1000,KBS,2026-10-09T05:35:05Z
2019-04-09,VLG,3.8,3.8,3.8,3.8,200,KBS,2026-10-09T05:35:05Z
2019-04-12,VLG,3.58,3.58,3.58,3.58,1500,KBS,2026-10-09T05:35:05Z
2019-04-17,VLG,3.8,3.8,3.8,3.8,1200,KBS,2026-10-09T05:35:05Z
2019-04-18,VLG,3.86,3.86,3.86,3.86,1200,KBS,2026-10-09T05:35:05Z
2019-04-24,VLG,3.72,3.72,3.51,3.51,8100,KBS,2026-10-09T05:35:05Z
2019-04-25,VLG,3.58,3.65,3.58,3.65,9000,KBS,2026-10-09T05:35:05Z
2019-04-26,VLG,3.65,3.65,3.65,3.65,2500,KBS,2026-10-09T05:35:05Z
2019-05-02,VLG,3.65,3.65,3.65,3.65,2200,KBS,2026-10-09T05:35:05Z
2019-05-06,VLG,3.65,3.65,3.65,3.65,2500,KBS,2026-10-09T05:35:05Z
2019-05-07,VLG,3.65,3.65,3.65,3.65,1800,KBS,2026-10-09T05:35:05Z
2019-05-09,VLG,3.65,3.65,3.65,3.65,5500,KBS,2026-10-09T05:35:05Z
2019-05-13,VLG,3.65,3.65,3.58,3.58,4100,KBS,2026-10-09T05:35:05Z
2019-05-14,VLG,3.58,3.58,3.58,3.58,6000,KBS,2026-10-09T05:35:05Z
2019-05-15,VLG,3.58,3.58,3.58,3.58,5000,KBS,2026-10-09T05:35:05Z
2019-05-20,VLG,3.58,3.58,3.58,3.58,5300,KBS,2026-10-09T05:35:05Z
2019-05-22,VLG,3.51,3.51,3.51,3.51,100,KBS,2026-10-09T05:35:05Z
2019-05-29,VLG,3.58,3.58,3.58,3.58,1000,KBS,2026-10-09T05:35:05Z
2019-06-03,VLG,3.58,3.58,3.58,3.58,5600,KBS,2026-10-09T05:35:05Z
2019-06-07,VLG,3.58,3.58,3.51,3.51,15800,KBS,2026-10-09T05:35:05Z
2019-06-10,VLG,3.58,3.58,3.58,3.58,2900,KBS,2026-10-09T05:35:05Z
2019-06-11,VLG,3.58,3.58,3.58,3.58,11700,KBS,2026-10-09T05:35:05Z
2019-06-13,VLG,3.58,3.58,3.58,3.58,5000,KBS,2026-10-09T05:35:05Z
2019-06-14,VLG,3.58,3.58,3.58,3.58,2400,KBS,2026-10-09T05:35:05Z
2019-06-21,VLG,3.65,3.65,3.65,3.65,3000,KBS,2026-10-09T05:35:05Z
2019-06-24,VLG,3.65,3.65,3.65,3.65,100,KBS,2026-10-09T05:35:05Z
2019-06-25,VLG,3.65,3.65,3.65,3.65,800,KBS,2026-10-09T05:35:05Z
2019-07-02,VLG,3.58,3.58,3.58,3.58,1000,KBS,2026-10-09T05:35:05Z
2019-07-10,VLG,3.86,3.86,3.86,3.86,100,KBS,2026-10-09T05:35:05Z
2019-07-11,VLG,3.94,3.94,3.94,3.94,100,KBS,2026-10-09T05:35:05Z
2019-07-15,VLG,3.65,3.65,3.58,3.58,5000,KBS,2026-10-09T05:35:05Z
2019-07-16,VLG,3.58,3.65,3.58,3.65,11000,KBS,2026-10-09T05:35:05Z
2019-07-22,VLG,3.86,3.94,3.72,3.86,23400,KBS,2026-10-09T05:35:05Z
2019-07-24,VLG,3.94,3.94,3.94,3.94,1100,KBS,2026-10-09T05:35:05Z
2019-07-25,VLG,3.94,3.94,3.94,3.94,1900,KBS,2026-10-09T05:35:05Z
2019-07-26,VLG,3.86,3.86,3.8,3.8,1380,KBS,2026-10-09T05:35:05Z
2019-07-29,VLG,3.65,3.8,3.65,3.8,1100,KBS,2026-10-09T05:35:05Z
2019-07-30,VLG,3.8,3.8,3.58,3.8,6600,KBS,2026-10-09T05:35:05Z
2019-07-31,VLG,3.8,3.8,3.8,3.8,100,KBS,2026-10-09T05:35:05Z
2019-08-01,VLG,3.58,3.58,3.58,3.58,7900,KBS,2026-10-09T05:35:05Z
2019-08-02,VLG,3.58,3.58,3.58,3.58,500,KBS,2026-10-09T05:35:05Z
2019-08-05,VLG,3.58,3.58,3.58,3.58,100,KBS,2026-10-09T05:35:05Z
2019-08-06,VLG,3.86,3.86,3.65,3.65,500,KBS,2026-10-09T05:35:05Z
2019-08-07,VLG,3.86,3.86,3.65,3.65,500,KBS,2026-10-09T05:35:05Z
2019-08-12,VLG,3.58,3.86,3.51,3.86,6300,KBS,2026-10-09T05:35:05Z
2019-08-15,VLG,3.72,3.72,3.72,3.72,200,KBS,2026-10-09T05:35:05Z
2019-08-19,VLG,3.72,3.72,3.72,3.72,20,KBS,2026-10-09T05:35:05Z
2019-08-23,VLG,3.72,3.72,3.72,3.72,40,KBS,2026-10-09T05:35:05Z
2019-08-27,VLG,3.8,3.86,3.72,3.72,2700,KBS,2026-10-09T05:35:05Z
2019-08-28,VLG,4.22,4.22,3.94,3.94,500,KBS,2026-10-09T05:35:05Z
2019-08-29,VLG,3.94,4.08,3.94,4.08,2300,KBS,2026-10-09T05:35:05Z
2019-08-30,VLG,3.94,3.94,3.94,3.94,100,KBS,2026-10-09T05:35:05Z
2019-09-03,VLG,3.94,3.94,3.94,3.94,100,KBS,2026-10-09T05:35:05Z
2019-09-10,VLG,4.0,4.0,4.0,4.0,100,KBS,2026-10-09T05:35:05Z
2019-09-16,VLG,3.94,3.94,3.94,3.94,200,KBS,2026-10-09T05:35:05Z
2019-09-24,VLG,3.65,3.72,3.58,3.72,3000,KBS,2026-10-09T05:35:05Z
2019-09-25,VLG,3.8,3.8,3.58,3.58,300,KBS,2026-10-09T05:35:05Z
2019-09-30,VLG,3.51,3.58,3.44,3.58,6100,KBS,2026-10-09T05:35:05Z
2019-10-01,VLG,3.72,3.72,3.51,3.51,1240,KBS,2026-10-09T05:35:05Z
2019-10-04,VLG,3.58,3.58,3.58,3.58,7800,KBS,2026-10-09T05:35:05Z
2019-10-08,VLG,3.58,3.58,3.58,3.58,500,KBS,2026-10-09T05:35:05Z
2019-10-18,VLG,3.8,3.8,3.8,3.8,2000,KBS,2026-10-09T05:35:05Z
2019-10-22,VLG,3.94,3.94,3.94,3.94,300,KBS,2026-10-09T05:35:05Z
2019-10-23,VLG,3.94,3.94,3.94,3.94,3000,KBS,2026-10-09T05:35:05Z
2019-10-24,VLG,3.8,3.8,3.8,3.8,3000,KBS,2026-10-09T05:35:05Z
2019-10-25,VLG,3.8,3.8,3.8,3.8,900,KBS,2026-10-09T05:35:05Z
2019-10-28,VLG,3.8,3.94,3.8,3.94,8900,KBS,2026-10-09T05:35:05Z
2019-10-29,VLG,3.94,3.94,3.86,3.94,4400,KBS,2026-10-09T05:35:05Z
2019-10-30,VLG,3.94,3.94,3.72,3.72,1100,KBS,2026-10-09T05:35:05Z
2019-10-31,VLG,3.86,3.86,3.8,3.8,200,KBS,2026-10-09T05:35:05Z
2019-11-01,VLG,3.72,3.8,3.65,3.8,3500,KBS,2026-10-09T05:35:05Z
2019-11-04,VLG,3.72,3.86,3.72,3.86,10500,KBS,2026-10-09T05:35:05Z
2019-11-05,VLG,4.11,4.36,4.03,4.36,6800,KBS,2026-10-09T05:35:05Z
2019-11-07,VLG,4.28,4.28,4.28,4.28,200,KBS,2026-10-09T05:35:05Z
2019-11-11,VLG,4.36,4.36,4.36,4.36,100,KBS,2026-10-09T05:35:05Z
2019-11-12,VLG,4.36,4.36,4.36,4.36,600,KBS,2026-10-09T05:35:05Z
2019-11-13,VLG,4.03,4.03,4.03,4.03,200,KBS,2026-10-09T05:35:05Z
2019-11-18,VLG,4.03,4.03,4.03,4.03,1000,KBS,2026-10-09T05:35:05Z
2019-11-21,VLG,3.63,4.19,3.63,4.19,1900,KBS,2026-10-09T05:35:05Z
2019-11-22,VLG,4.03,4.03,4.03,4.03,500,KBS,2026-10-09T05:35:05Z
2019-11-26,VLG,3.87,3.95,3.87,3.87,400,KBS,2026-10-09T05:35:05Z
2019-11-27,VLG,3.95,3.95,3.95,3.95,900,KBS,2026-10-09T05:35:05Z
2019-12-02,VLG,4.03,4.03,3.95,3.95,1500,KBS,2026-10-09T05:35:05Z
2019-12-04,VLG,3.95,3.95,3.95,3.95,200,KBS,2026-10-09T05:35:05Z
2019-12-05,VLG,3.95,3.95,3.95,3.95,100,KBS,2026-10-09T05:35:05Z
2019-12-06,VLG,3.95,4.03,3.95,3.95,800,KBS,2026-10-09T05:35:05Z
2019-12-09,VLG,3.95,3.95,3.95,3.95,500,KBS,2026-10-09T05:35:05Z
2019-12-10,VLG,3.95,3.95,3.95,3.95,500,KBS,2026-10-09T05:35:05Z
2019-12-26,VLG,3.95,3.95,3.95,3.95,300,KBS,2026-10-09T05:35:05Z
2020-01-09,VLG,3.71,3.71,3.71,3.71,5300,KBS,2026-10-09T05:35:05Z
2020-01-10,VLG,3.71,3.71,3.71,3.71,100,KBS,2026-10-09T05:35:05Z
2020-01-17,VLG,3.87,4.03,3.87,4.03,500,KBS,2026-10-09T05:35:05Z
2020-02-04,VLG,4.11,4.11,4.11,4.11,100,KBS,2026-10-09T05:35:05Z
2020-02-07,VLG,3.95,4.03,3.87,4.03,2600,KBS,2026-10-09T05:35:05Z
2020-02-10,VLG,3.95,3.95,3.95,3.95,2000,KBS,2026-10-09T05:35:05Z
2020-02-14,VLG,4.03,4.03,4.03,4.03,100,KBS,2026-10-09T05:35:05Z
2020-02-26,VLG,4.6,4.6,4.6,4.6,100,KBS,2026-10-09T05:35:05Z
2020-03-04,VLG,5.24,5.24,4.36,4.36,200,KBS,2026-10-09T05:35:05Z
2020-03-11,VLG,4.11,4.11,4.11,4.11,1500,KBS,2026-10-09T05:35:05Z
2020-03-17,VLG,4.11,4.11,4.11,4.11,600,KBS,2026-10-09T05:35:05Z
2020-03-18,VLG,4.19,4.19,4.03,4.03,3100,KBS,2026-10-09T05:35:05Z
2020-03-20,VLG,4.03,4.03,4.03,4.03,200,KBS,2026-10-09T05:35:05Z
2020-03-26,VLG,3.63,3.63,3.63,3.63,4000,KBS,2026-10-09T05:35:05Z
2020-03-27,VLG,4.11,4.11,4.11,4.11,100,KBS,2026-10-09T05:35:05Z
2020-03-30,VLG,3.63,3.63,3.63,3.63,300,KBS,2026-10-09T05:35:05Z
2020-03-31,VLG,3.63,3.63,3.63,3.63,100,KBS,2026-10-09T05:35:05Z
2020-04-01,VLG,4.11,4.11,4.11,4.11,100,KBS,2026-10-09T05:35:05Z
2020-04-03,VLG,3.63,3.63,3.63,3.63,200,KBS,2026-10-09T05:35:05Z
2020-04-06,VLG,3.63,3.63,3.63,3.63,1500,KBS,2026-10-09T05:35:05Z
2020-04-09,VLG,3.39,3.39,3.39,3.39,100,KBS,2026-10-09T05:35:05Z
2020-04-10,VLG,3.39,3.39,3.31,3.39,22400,KBS,2026-10-09T05:35:05Z
2020-04-13,VLG,3.63,3.63,3.39,3.39,6500,KBS,2026-10-09T05:35:05Z
2020-04-14,VLG,3.63,3.79,3.63,3.63,1700,KBS,2026-10-09T05:35:05Z
2020-04-17,VLG,3.79,3.79,3.79,3.79,400,KBS,2026-10-09T05:35:05Z
2020-04-20,VLG,3.71,3.71,3.71,3.71,1900,KBS,2026-10-09T05:35:05Z
2020-04-24,VLG,3.71,3.71,3.71,3.71,700,KBS,2026-10-09T05:35:05Z
2020-04-29,VLG,3.79,3.79,3.71,3.71,1300,KBS,2026-10-09T05:35:05Z
2020-05-06,VLG,3.23,3.95,3.23,3.95,400,KBS,2026-10-09T05:35:05Z
2020-05-07,VLG,3.71,3.71,3.71,3.71,100,KBS,2026-10-09T05:35:05Z
2020-05-08,VLG,3.87,3.87,3.87,3.87,100,KBS,2026-10-09T05:35:05Z
2020-05-14,VLG,3.71,3.71,3.71,3.71,700,KBS,2026-10-09T05:35:05Z
2020-05-27,VLG,3.71,3.71,3.71,3.71,300,KBS,2026-10-09T05:35:05Z
2020-05-29,VLG,3.87,3.87,3.87,3.87,100,KBS,2026-10-09T05:35:05Z
2020-06-01,VLG,3.79,3.79,3.79,3.79,500,KBS,2026-10-09T05:35:05Z
2020-06-03,VLG,3.47,3.47,3.47,3.47,2000,KBS,2026-10-09T05:35:05Z
2020-06-04,VLG,3.71,3.71,3.71,3.71,1300,KBS,2026-10-09T05:35:05Z
2020-06-11,VLG,3.63,3.71,3.63,3.71,1200,KBS,2026-10-09T05:35:05Z
2020-06-15,VLG,3.63,3.63,3.63,3.63,1300,KBS,2026-10-09T05:35:05Z
2020-06-16,VLG,3.63,3.63,3.63,3.63,1000,KBS,2026-10-09T05:35:05Z
2020-06-17,VLG,3.47,3.47,3.47,3.47,3000,KBS,2026-10-09T05:35:05Z
2020-06-22,VLG,3.47,3.47,2.98,3.23,6100,KBS,2026-10-09T05:35:05Z
2020-06-23,VLG,3.47,3.47,3.23,3.23,14200,KBS,2026-10-09T05:35:05Z
2020-06-24,VLG,3.31,3.31,3.06,3.06,12600,KBS,2026-10-09T05:35:05Z
2020-06-25,VLG,3.31,3.31,3.06,3.06,2200,KBS,2026-10-09T05:35:05Z
2020-06-26,VLG,2.98,3.23,2.9,3.23,5400,KBS,2026-10-09T05:35:05Z
2020-06-29,VLG,3.23,3.23,3.06,3.15,7400,KBS,2026-10-09T05:35:05Z
2020-07-02,VLG,3.06,3.06,3.06,3.06,100,KBS,2026-10-09T05:35:05Z
2020-07-09,VLG,3.06,3.06,3.06,3.06,7300,KBS,2026-10-09T05:35:05Z
2020-07-10,VLG,2.9,3.06,2.9,3.06,7800,KBS,2026-10-09T05:35:05Z
2020-07-14,VLG,2.82,2.9,2.82,2.9,600,KBS,2026-10-09T05:35:05Z
2020-07-16,VLG,2.98,3.06,2.98,3.06,3100,KBS,2026-10-09T05:35:05Z
2020-07-20,VLG,2.98,2.98,2.82,2.82,10300,KBS,2026-10-09T05:35:05Z
2020-07-22,VLG,3.23,3.23,3.23,3.23,100,KBS,2026-10-09T05:35:05Z
2020-07-24,VLG,3.15,3.15,2.82,2.82,1600,KBS,2026-10-09T05:35:05Z
2020-07-30,VLG,3.23,3.23,3.23,3.23,100,KBS,2026-10-09T05:35:05Z
2020-08-13,VLG,3.06,3.06,2.74,2.74,7100,KBS,2026-10-09T05:35:05Z
2020-08-17,VLG,2.98,2.98,2.98,2.98,100,KBS,2026-10-09T05:35:05Z
2020-08-19,VLG,3.06,3.06,3.06,3.06,1900,KBS,2026-10-09T05:35:05Z
2020-08-24,VLG,2.74,2.74,2.74,2.74,900,KBS,2026-10-09T05:35:05Z
2020-08-27,VLG,2.82,2.82,2.82,2.82,100,KBS,2026-10-09T05:35:05Z
2020-08-28,VLG,2.82,2.82,2.74,2.74,1200,KBS,2026-10-09T05:35:05Z
2020-09-07,VLG,2.74,2.74,2.74,2.74,7000,KBS,2026-10-09T05:35:05Z
2020-09-08,VLG,2.82,2.82,2.82,2.82,3000,KBS,2026-10-09T05:35:05Z
2020-09-10,VLG,2.74,2.9,2.74,2.9,2100,KBS,2026-10-09T05:35:05Z
2020-09-11,VLG,2.9,2.9,2.9,2.9,400,KBS,2026-10-09T05:35:05Z
2020-09-14,VLG,2.9,2.9,2.9,2.9,1900,KBS,2026-10-09T05:35:05Z
2020-09-15,VLG,2.9,2.98,2.9,2.9,2300,KBS,2026-10-09T05:35:05Z
2020-09-16,VLG,2.9,2.9,2.9,2.9,7200,KBS,2026-10-09T05:35:05Z
2020-09-18,VLG,2.9,2.9,2.9,2.9,1100,KBS,2026-10-09T05:35:05Z
2020-09-21,VLG,2.74,2.82,2.74,2.82,1600,KBS,2026-10-09T05:35:05Z
2020-09-23,VLG,2.82,2.82,2.82,2.82,500,KBS,2026-10-09T05:35:05Z
2020-09-24,VLG,2.9,2.9,2.9,2.9,2000,KBS,2026-10-09T05:35:05Z
2020-09-30,VLG,2.9,2.9,2.9,2.9,4000,KBS,2026-10-09T05:35:05Z
2020-10-01,VLG,2.9,2.9,2.9,2.9,200,KBS,2026-10-09T05:35:05Z
2020-10-02,VLG,2.9,2.9,2.9,2.9,1500,KBS,2026-10-09T05:35:05Z
2020-10-05,VLG,2.66,2.66,2.5,2.5,3800,KBS,2026-10-09T05:35:05Z
2020-10-08,VLG,2.9,2.9,2.74,2.74,2500,KBS,2026-10-09T05:35:05Z
2020-10-09,VLG,2.82,2.82,2.82,2.82,8400,KBS,2026-10-09T05:35:05Z
2020-10-13,VLG,2.74,2.74,2.74,2.74,3000,KBS,2026-10-09T05:35:05Z
2020-10-21,VLG,2.82,2.82,2.82,2.82,300,KBS,2026-10-09T05:35:05Z
2020-10-22,VLG,2.9,2.9,2.58,2.58,4100,KBS,2026-10-09T05:35:05Z
2020-10-27,VLG,2.66,2.66,2.66,2.66,200,KBS,2026-10-09T05:35:05Z
2020-10-28,VLG,2.66,2.66,2.66,2.66,1200,KBS,2026-10-09T05:35:05Z
2020-10-30,VLG,2.66,2.66,2.66,2.66,500,KBS,2026-10-09T05:35:05Z
2020-11-02,VLG,2.66,2.66,2.66,2.66,1500,KBS,2026-10-09T05:35:05Z
2020-11-04,VLG,2.42,2.42,2.42,2.42,600,KBS,2026-10-09T05:35:05Z
2020-11-05,VLG,2.74,2.74,2.74,2.74,3500,KBS,2026-10-09T05:35:05Z
2020-11-10,VLG,2.74,2.74,2.74,2.74,1000,KBS,2026-10-09T05:35:05Z
2020-11-12,VLG,2.58,2.58,2.58,2.58,100,KBS,2026-10-09T05:35:05Z
2020-11-13,VLG,2.42,2.58,2.42,2.58,9200,KBS,2026-10-09T05:35:05Z
2020-11-16,VLG,2.58,2.58,2.58,2.58,12300,KBS,2026-10-09T05:35:05Z
2020-11-18,VLG,2.58,2.58,2.58,2.58,16000,KBS,2026-10-09T05:35:05Z
2020-11-19,VLG,2.58,2.66,2.58,2.58,10100,KBS,2026-10-09T05:35:05Z
2020-11-20,VLG,2.58,2.58,2.58,2.58,5300,KBS,2026-10-09T05:35:05Z
2020-11-25,VLG,2.66,2.74,2.66,2.74,8500,KBS,2026-10-09T05:35:05Z
2020-11-26,VLG,2.82,2.82,2.74,2.74,2200,KBS,2026-10-09T05:35:05Z
2020-11-27,VLG,2.82,2.82,2.82,2.82,1400,KBS,2026-10-09T05:35:05Z
2020-11-30,VLG,2.82,2.82,2.82,2.82,101,KBS,2026-10-09T05:35:05Z
2020-12-01,VLG,2.98,3.06,2.98,3.06,1100,KBS,2026-10-09T05:35:05Z
2020-12-02,VLG,3.15,3.15,3.15,3.15,3700,KBS,2026-10-09T05:35:05Z
2020-12-03,VLG,3.06,3.06,3.06,3.06,19200,KBS,2026-10-09T05:35:05Z
2020-12-04,VLG,3.06,3.06,3.06,3.06,300,KBS,2026-10-09T05:35:05Z
2020-12-07,VLG,3.06,3.06,3.06,3.06,26900,KBS,2026-10-09T05:35:05Z
2020-12-08,VLG,3.15,3.23,3.06,3.06,5400,KBS,2026-10-09T05:35:05Z
2020-12-09,VLG,3.23,3.23,3.15,3.15,1200,KBS,2026-10-09T05:35:05Z
2020-12-10,VLG,3.31,3.31,3.31,3.31,100,KBS,2026-10-09T05:35:05Z
2020-12-11,VLG,3.31,3.31,3.31,3.31,100,KBS,2026-10-09T05:35:05Z
2020-12-14,VLG,3.31,3.31,3.31,3.31,550,KBS,2026-10-09T05:35:05Z
2020-12-17,VLG,3.31,3.31,3.23,3.23,5300,KBS,2026-10-09T05:35:05Z
2020-12-21,VLG,3.71,3.71,3.71,3.71,100,KBS,2026-10-09T05:35:05Z
2020-12-22,VLG,3.39,3.39,3.39,3.39,1300,KBS,2026-10-09T05:35:05Z
2020-12-23,VLG,3.39,3.39,3.39,3.39,1600,KBS,2026-10-09T05:35:05Z
2020-12-25,VLG,3.06,3.47,2.9,3.47,11800,KBS,2026-10-09T05:35:05Z
2020-12-28,VLG,3.06,3.15,3.06,3.06,12250,KBS,2026-10-09T05:35:05Z
2020-12-31,VLG,2.9,2.9,2.82,2.82,500,KBS,2026-10-09T05:35:05Z
2021-01-04,VLG,3.06,3.06,3.06,3.06,100,KBS,2026-10-09T05:35:05Z
2021-01-05,VLG,3.06,3.06,3.06,3.06,1500,KBS,2026-10-09T05:35:05Z
2021-01-06,VLG,3.06,3.06,3.06,3.06,6100,KBS,2026-10-09T05:35:05Z
2021-01-07,VLG,3.15,3.15,3.06,3.06,25600,KBS,2026-10-09T05:35:05Z
2021-01-08,VLG,3.15,3.15,3.15,3.15,900,KBS,2026-10-09T05:35:05Z
2021-01-15,VLG,3.23,3.23,3.23,3.23,3200,KBS,2026-10-09T05:35:05Z
2021-01-18,VLG,3.39,3.71,3.39,3.63,5400,KBS,2026-10-09T05:35:05Z
2021-01-19,VLG,3.87,3.87,3.55,3.55,4100,KBS,2026-10-09T05:35:05Z
2021-01-20,VLG,3.55,3.55,3.55,3.55,500,KBS,2026-10-09T05:35:05Z
2021-01-22,VLG,3.55,3.55,3.55,3.55,3700,KBS,2026-10-09T05:35:05Z
2021-01-25,VLG,3.95,3.95,3.63,3.63,1300,KBS,2026-10-09T05:35:05Z
2021-01-27,VLG,3.63,4.11,3.63,4.03,7300,KBS,2026-10-09T05:35:05Z
2021-01-28,VLG,4.03,4.36,4.03,4.03,18200,KBS,2026-10-09T05:35:05Z
2021-01-29,VLG,4.19,4.19,4.19,4.19,100,KBS,2026-10-09T05:35:05Z
2021-02-01,VLG,4.11,4.11,4.03,4.03,2100,KBS,2026-10-09T05:35:05Z
2021-02-04,VLG,3.87,3.95,3.87,3.95,5600,KBS,2026-10-09T05:35:05Z
2021-02-05,VLG,3.95,3.95,3.95,3.95,1100,KBS,2026-10-09T05:35:05Z
2021-02-08,VLG,3.79,3.79,3.63,3.63,4300,KBS,2026-10-09T05:35:05Z
2021-02-09,VLG,3.71,3.71,3.63,3.63,3100,KBS,2026-10-09T05:35:05Z
2021-02-17,VLG,4.11,4.11,4.03,4.03,600,KBS,2026-10-09T05:35:05Z
2021-02-18,VLG,3.63,3.95,3.63,3.95,5000,KBS,2026-10-09T05:35:05Z
2021-02-19,VLG,3.95,3.95,3.95,3.95,200,KBS,2026-10-09T05:35:05Z
2021-02-25,VLG,3.87,3.95,3.87,3.95,3100,KBS,2026-10-09T05:35:05Z
2021-02-26,VLG,3.87,3.87,3.87,3.87,200,KBS,2026-10-09T05:35:05Z
2021-03-01,VLG,3.87,3.87,3.87,3.87,16300,KBS,2026-10-09T05:35:05Z
2021-03-02,VLG,3.87,3.87,3.87,3.87,15300,KBS,2026-10-09T05:35:05Z
2021-03-03,VLG,4.03,4.11,4.03,4.11,11600,KBS,2026-10-09T05:35:05Z
2021-03-04,VLG,4.11,4.28,4.11,4.28,1600,KBS,2026-10-09T05:35:05Z
2021-03-05,VLG,4.28,4.36,4.03,4.28,4000,KBS,2026-10-09T05:35:05Z
2021-03-08,VLG,4.28,4.28,4.28,4.28,11300,KBS,2026-10-09T05:35:05Z
2021-03-09,VLG,4.28,4.44,4.28,4.44,24202,KBS,2026-10-09T05:35:05Z
2021-03-10,VLG,4.36,4.6,4.36,4.6,35100,KBS,2026-10-09T05:35:05Z
2021-03-11,VLG,4.44,4.6,4.44,4.6,12010,KBS,2026-10-09T05:35:05Z
2021-03-12,VLG,4.52,4.76,4.52,4.76,8330,KBS,2026-10-09T05:35:05Z
2021-03-15,VLG,4.68,4.68,4.68,4.68,3200,KBS,2026-10-09T05:35:05Z
2021-03-16,VLG,4.68,4.76,4.68,4.76,14100,KBS,2026-10-09T05:35:05Z
2021-03-17,VLG,4.76,5.08,4.76,5.08,17600,KBS,2026-10-09T05:35:05Z
2021-03-18,VLG,5.16,5.16,5.08,5.08,10100,KBS,2026-10-09T05:35:05Z
2021-03-19,VLG,5.0,5.57,5.0,5.48,800,KBS,2026-10-09T05:35:05Z
2021-03-22,VLG,5.24,5.32,5.24,5.32,800,KBS,2026-10-09T05:35:05Z
2021-03-23,VLG,5.32,5.32,4.92,4.92,7700,KBS,2026-10-09T05:35:05Z
2021-03-24,VLG,5.24,5.24,5.24,5.24,100,KBS,2026-10-09T05:35:05Z
2021-03-25,VLG,5.24,5.24,5.0,5.0,500,KBS,2026-10-09T05:35:05Z
2021-03-29,VLG,5.08,5.08,5.08,5.08,300,KBS,2026-10-09T05:35:05Z
2021-03-30,VLG,5.0,5.08,5.0,5.08,1100,KBS,2026-10-09T05:35:05Z
2021-03-31,VLG,4.84,4.84,4.84,4.84,4958,KBS,2026-10-09T05:35:05Z
2021-04-01,VLG,4.84,4.84,4.84,4.84,2500,KBS,2026-10-09T05:35:05Z
2021-04-02,VLG,4.84,4.84,4.84,4.84,9230,KBS,2026-10-09T05:35:05Z
2021-04-06,VLG,4.84,5.08,4.84,5.08,23900,KBS,2026-10-09T05:35:05Z
2021-04-07,VLG,5.08,5.08,5.0,5.0,31600,KBS,2026-10-09T05:35:05Z
2021-04-08,VLG,5.08,5.08,5.0,5.0,10300,KBS,2026-10-09T05:35:05Z
2021-04-09,VLG,5.08,5.08,5.08,5.08,3400,KBS,2026-10-09T05:35:05Z
2021-04-12,VLG,5.0,5.0,4.76,4.76,900,KBS,2026-10-09T05:35:05Z
2021-04-13,VLG,4.84,5.57,4.84,5.48,51900,KBS,2026-10-09T05:35:05Z
2021-04-14,VLG,5.24,5.24,4.92,5.08,33300,KBS,2026-10-09T05:35:05Z
2021-04-15,VLG,5.08,5.08,5.0,5.0,5800,KBS,2026-10-09T05:35:05Z
2021-04-16,VLG,4.84,4.92,4.76,4.84,2100,KBS,2026-10-09T05:35:05Z
2021-04-19,VLG,4.84,5.0,4.84,5.0,9300,KBS,2026-10-09T05:35:05Z
2021-04-20,VLG,5.0,5.0,4.84,4.84,1200,KBS,2026-10-09T05:35:05Z
2021-04-22,VLG,4.92,4.92,4.84,4.84,1000,KBS,2026-10-09T05:35:05Z
2021-04-23,VLG,4.84,4.84,4.84,4.84,12000,KBS,2026-10-09T05:35:05Z
2021-04-26,VLG,4.84,4.84,4.84,4.84,100,KBS,2026-10-09T05:35:05Z
2021-04-27,VLG,4.76,4.76,4.76,4.76,1900,KBS,2026-10-09T05:35:05Z
2021-04-28,VLG,4.76,4.76,4.76,4.76,600,KBS,2026-10-09T05:35:05Z
2021-04-29,VLG,4.76,4.76,4.76,4.76,1000,KBS,2026-10-09T05:35:05Z
2021-05-04,VLG,4.76,4.76,4.19,4.76,1000,KBS,2026-10-09T05:35:05Z
2021-05-05,VLG,4.68,4.68,4.28,4.52,19700,KBS,2026-10-09T05:35:05Z
2021-05-06,VLG,4.84,4.84,4.76,4.76,1800,KBS,2026-10-09T05:35:05Z
2021-05-07,VLG,4.76,4.76,4.76,4.76,400,KBS,2026-10-09T05:35:05Z
2021-05-10,VLG,4.76,4.76,4.44,4.68,3200,KBS,2026-10-09T05:35:05Z
2021-05-11,VLG,4.6,4.68,4.6,4.6,3800,KBS,2026-10-09T05:35:05Z
2021-05-12,VLG,4.36,4.6,4.19,4.6,35100,KBS,2026-10-09T05:35:05Z
2021-05-13,VLG,4.19,4.6,4.19,4.6,200,KBS,2026-10-09T05:35:05Z
2021-05-14,VLG,4.52,4.52,4.36,4.36,1800,KBS,2026-10-09T05:35:05Z
2021-05-17,VLG,4.36,4.52,4.36,4.44,4200,KBS,2026-10-09T05:35:05Z
2021-05-18,VLG,4.36,4.36,4.28,4.36,7800,KBS,2026-10-09T05:35:05Z
2021-05-19,VLG,4.36,4.36,4.28,4.28,7200,KBS,2026-10-09T05:35:05Z
2021-05-21,VLG,4.19,4.6,4.19,4.6,600,KBS,2026-10-09T05:35:05Z
2021-05-25,VLG,4.28,4.36,4.28,4.36,1000,KBS,2026-10-09T05:35:05Z
2021-05-27,VLG,4.28,4.28,4.19,4.19,3300,KBS,2026-10-09T05:35:05Z
2021-05-28,VLG,4.28,4.28,4.28,4.28,1100,KBS,2026-10-09T05:35:05Z
2021-05-31,VLG,4.28,4.28,4.28,4.28,3200,KBS,2026-10-09T05:35:05Z
2021-06-01,VLG,4.28,4.28,4.28,4.28,9000,KBS,2026-10-09T05:35:05Z
2021-06-02,VLG,4.28,4.28,4.19,4.19,19500,KBS,2026-10-09T05:35:05Z
2021-06-03,VLG,4.28,4.36,4.28,4.36,43800,KBS,2026-10-09T05:35:05Z
2021-06-04,VLG,4.19,4.68,4.19,4.28,25800,KBS,2026-10-09T05:35:05Z
2021-06-07,VLG,4.68,4.68,4.19,4.19,18110,KBS,2026-10-09T05:35:05Z
2021-06-08,VLG,4.44,4.44,4.36,4.36,500,KBS,2026-10-09T05:35:05Z
2021-06-09,VLG,4.19,4.36,4.03,4.03,9900,KBS,2026-10-09T05:35:05Z
2021-06-10,VLG,4.52,4.52,4.44,4.44,1200,KBS,2026-10-09T05:35:05Z
2021-06-11,VLG,4.28,4.44,4.19,4.36,14600,KBS,2026-10-09T05:35:05Z
2021-06-14,VLG,4.36,4.6,4.19,4.19,18400,KBS,2026-10-09T05:35:05Z
2021-06-15,VLG,4.19,4.52,4.19,4.19,50800,KBS,2026-10-09T05:35:05Z
2021-06-16,VLG,4.36,4.44,4.36,4.36,10900,KBS,2026-10-09T05:35:05Z
2021-06-17,VLG,4.28,4.28,4.28,4.28,6700,KBS,2026-10-09T05:35:05Z
2021-06-18,VLG,4.6,4.6,4.6,4.6,1200,KBS,2026-10-09T05:35:05Z
2021-06-21,VLG,4.36,4.68,4.36,4.68,38200,KBS,2026-10-09T05:35:05Z
2021-06-22,VLG,4.68,4.68,4.68,4.68,7100,KBS,2026-10-09T05:35:05Z
2021-06-23,VLG,4.76,4.76,4.76,4.76,700,KBS,2026-10-09T05:35:05Z
2021-06-24,VLG,4.76,4.76,4.6,4.6,900,KBS,2026-10-09T05:35:05Z
2021-06-25,VLG,4.6,4.6,4.6,4.6,100,KBS,2026-10-09T05:35:05Z
2021-06-28,VLG,4.6,4.6,4.44,4.44,2100,KBS,2026-10-09T05:35:05Z
2021-06-29,VLG,4.19,4.28,4.11,4.28,42020,KBS,2026-10-09T05:35:05Z
2021-06-30,VLG,4.76,4.76,4.11,4.11,12100,KBS,2026-10-09T05:35:05Z
2021-07-01,VLG,4.28,4.76,4.19,4.36,5600,KBS,2026-10-09T05:35:05Z
2021-07-02,VLG,4.44,4.44,4.11,4.28,8201,KBS,2026-10-09T05:35:05Z
2021-07-05,VLG,4.19,4.19,4.19,4.19,1110,KBS,2026-10-09T05:35:05Z
2021-07-06,VLG,3.95,3.95,3.79,3.87,3600,KBS,2026-10-09T05:35:05Z
2021-07-07,VLG,3.95,4.36,3.95,4.36,10900,KBS,2026-10-09T05:35:05Z
2021-07-08,VLG,4.11,4.36,4.11,4.36,13511,KBS,2026-10-09T05:35:05Z
2021-07-09,VLG,4.36,4.36,4.36,4.36,1100,KBS,2026-10-09T05:35:05Z
2021-07-12,VLG,4.03,4.28,4.03,4.28,6100,KBS,2026-10-09T05:35:05Z
2021-07-13,VLG,4.19,4.28,4.19,4.28,1642,KBS,2026-10-09T05:35:05Z
2021-07-15,VLG,4.44,4.44,4.44,4.44,100,KBS,2026-10-09T05:35:05Z
2021-07-16,VLG,4.36,4.36,4.36,4.36,158,KBS,2026-10-09T05:35:05Z
2021-07-19,VLG,4.19,4.19,4.03,4.03,3000,KBS,2026-10-09T05:35:05Z
2021-07-20,VLG,4.11,4.19,4.11,4.19,1800,KBS,2026-10-09T05:35:05Z
2021-07-21,VLG,4.44,4.44,4.44,4.44,100,KBS,2026-10-09T05:35:05Z
2021-07-22,VLG,4.44,4.44,4.44,4.44,7200,KBS,2026-10-09T05:35:05Z
2021-07-23,VLG,4.28,4.28,4.19,4.19,1700,KBS,2026-10-09T05:35:05Z
2021-07-26,VLG,4.28,4.28,4.11,4.11,15800,KBS,2026-10-09T05:35:05Z
2021-07-27,VLG,4.11,4.36,4.11,4.36,1200,KBS,2026-10-09T05:35:05Z
2021-07-28,VLG,4.36,4.36,4.36,4.36,1400,KBS,2026-10-09T05:35:05Z
2021-07-29,VLG,4.28,4.44,4.28,4.36,1700,KBS,2026-10-09T05:35:05Z
2021-07-30,VLG,4.36,4.36,4.19,4.28,2600,KBS,2026-10-09T05:35:05Z
2021-08-02,VLG,4.36,4.36,4.28,4.28,7000,KBS,2026-10-09T05:35:05Z
2021-08-03,VLG,4.36,4.68,4.36,4.52,58800,KBS,2026-10-09T05:35:05Z
2021-08-04,VLG,5.08,5.08,5.08,5.08,113558,KBS,2026-10-09T05:35:05Z
2021-08-05,VLG,5.81,5.81,5.81,5.81,113300,KBS,2026-10-09T05:35:05Z
2021-08-06,VLG,6.61,6.61,5.89,6.45,125100,KBS,2026-10-09T05:35:05Z
2021-08-09,VLG,5.89,6.53,5.65,6.29,229800,KBS,2026-10-09T05:35:05Z
2021-08-10,VLG,6.05,6.94,6.05,6.94,171800,KBS,2026-10-09T05:35:05Z
2021-08-11,VLG,7.82,7.82,7.66,7.82,51415,KBS,2026-10-09T05:35:05Z
2021-08-12,VLG,8.95,8.95,7.66,8.23,311400,KBS,2026-10-09T05:35:05Z
2021-08-13,VLG,7.66,8.39,7.34,8.31,134700,KBS,2026-10-09T05:35:05Z
2021-08-16,VLG,8.31,8.31,7.5,7.9,71300,KBS,2026-10-09T05:35:05Z
2021-08-17,VLG,7.26,7.5,7.02,7.26,79700,KBS,2026-10-09T05:35:05Z
2021-08-18,VLG,7.26,7.9,6.45,7.5,157900,KBS,2026-10-09T05:35:05Z
2021-08-19,VLG,7.5,7.58,7.02,7.5,54900,KBS,2026-10-09T05:35:05Z
2021-08-20,VLG,7.5,7.5,7.02,7.26,33900,KBS,2026-10-09T05:35:05Z
2021-08-23,VLG,7.26,7.26,6.61,6.86,46400,KBS,2026-10-09T05:35:05Z
2021-08-24,VLG,7.18,7.18,6.45,6.45,51300,KBS,2026-10-09T05:35:05Z
2021-08-25,VLG,6.45,6.53,5.81,6.45,15700,KBS,2026-10-09T05:35:05Z
2021-08-26,VLG,6.45,7.26,5.65,7.26,90400,KBS,2026-10-09T05:35:05Z
2021-08-27,VLG,7.58,7.74,6.78,6.94,40300,KBS,2026-10-09T05:35:05Z
2021-08-30,VLG,7.1,7.18,6.78,6.86,45200,KBS,2026-10-09T05:35:05Z
2021-08-31,VLG,6.86,7.26,6.86,7.18,46000,KBS,2026-10-09T05:35:05Z
2021-09-01,VLG,7.18,7.5,6.94,7.26,136800,KBS,2026-10-09T05:35:05Z
2021-09-06,VLG,7.42,7.9,7.42,7.5,99100,KBS,2026-10-09T05:35:05Z
2021-09-07,VLG,7.42,7.5,6.94,7.18,60200,KBS,2026-10-09T05:35:05Z
2021-09-08,VLG,7.18,7.26,6.94,7.18,43300,KBS,2026-10-09T05:35:05Z
2021-09-09,VLG,7.18,8.15,7.1,8.15,349900,KBS,2026-10-09T05:35:05Z
2021-09-10,VLG,8.07,9.03,7.98,9.03,249300,KBS,2026-10-09T05:35:05Z
2021-09-13,VLG,10.32,10.32,10.32,10.32,81400,KBS,2026-10-09T05:35:05Z
2021-09-14,VLG,11.86,11.86,10.57,11.86,419300,KBS,2026-10-09T05:35:05Z
2021-09-15,VLG,13.39,13.39,10.16,11.21,283400,KBS,2026-10-09T05:35:05Z
2021-09-16,VLG,11.29,11.29,10.16,10.49,194910,KBS,2026-10-09T05:35:05Z
2021-09-17,VLG,10.49,12.02,9.84,11.21,200200,KBS,2026-10-09T05:35:05Z
2021-09-20,VLG,10.65,11.29,10.57,10.57,85000,KBS,2026-10-09T05:35:05Z
2021-09-21,VLG,10.73,10.73,10.0,10.32,87200,KBS,2026-10-09T05:35:05Z
2021-09-22,VLG,10.65,11.45,10.16,10.65,138500,KBS,2026-10-09T05:35:05Z
2021-09-23,VLG,11.29,11.45,10.16,10.16,93120,KBS,2026-10-09T05:35:05Z
2021-09-24,VLG,10.08,10.49,9.68,9.68,70900,KBS,2026-10-09T05:35:05Z
2021-09-27,VLG,9.44,10.08,9.28,9.28,95170,KBS,2026-10-09T05:35:05Z
2021-09-28,VLG,9.28,9.28,8.47,9.03,78600,KBS,2026-10-09T05:35:05Z
2021-09-29,VLG,9.03,9.68,9.03,9.68,25100,KBS,2026-10-09T05:35:05Z
2021-09-30,VLG,9.44,9.92,9.44,9.52,29500,KBS,2026-10-09T05:35:05Z
2021-10-01,VLG,9.52,9.68,9.28,9.52,30600,KBS,2026-10-09T05:35:05Z
2021-10-04,VLG,9.52,9.52,8.71,9.36,66000,KBS,2026-10-09T05:35:05Z
2021-10-05,VLG,9.28,9.36,8.63,8.87,57800,KBS,2026-10-09T05:35:05Z
2021-10-06,VLG,9.12,9.12,8.71,9.03,51010,KBS,2026-10-09T05:35:05Z
2021-10-07,VLG,9.03,9.52,9.03,9.36,51400,KBS,2026-10-09T05:35:05Z
2021-10-08,VLG,9.44,10.08,9.36,9.84,101406,KBS,2026-10-09T05:35:05Z
2021-10-11,VLG,9.84,10.4,9.84,10.08,61900,KBS,2026-10-09T05:35:05Z
2021-10-12,VLG,10.16,10.16,9.44,9.68,57721,KBS,2026-10-09T05:35:05Z
2021-10-13,VLG,9.52,9.52,8.87,9.36,29900,KBS,2026-10-09T05:35:05Z
2021-10-14,VLG,9.35,9.51,9.1,9.26,78900,KBS,2026-10-09T05:35:05Z
2021-10-15,VLG,9.35,9.68,9.1,9.26,47100,KBS,2026-10-09T05:35:05Z
2021-10-18,VLG,9.26,9.35,9.02,9.26,61100,KBS,2026-10-09T05:35:05Z
2021-10-19,VLG,9.02,9.35,9.02,9.26,31600,KBS,2026-10-09T05:35:05Z
2021-10-20,VLG,9.1,9.59,9.1,9.51,47600,KBS,2026-10-09T05:35:05Z
2021-10-21,VLG,9.43,9.43,9.1,9.35,24900,KBS,2026-10-09T05:35:05Z
2021-10-22,VLG,9.18,9.43,9.18,9.26,45506,KBS,2026-10-09T05:35:05Z
2021-10-25,VLG,9.26,9.26,9.1,9.1,37500,KBS,2026-10-09T05:35:05Z
2021-10-26,VLG,9.1,9.93,8.93,9.68,80300,KBS,2026-10-09T05:35:05Z
2021-10-27,VLG,9.76,10.17,9.59,10.09,188000,KBS,2026-10-09T05:35:05Z
2021-10-28,VLG,10.17,10.17,9.93,10.01,97500,KBS,2026-10-09T05:35:05Z
2021-10-29,VLG,10.01,10.09,9.35,9.76,104900,KBS,2026-10-09T05:35:05Z
2021-11-01,VLG,9.68,9.68,9.35,9.43,48300,KBS,2026-10-09T05:35:05Z
2021-11-02,VLG,9.43,9.43,9.02,9.43,142000,KBS,2026-10-09T05:35:05Z
2021-11-03,VLG,9.43,10.26,9.35,9.51,99717,KBS,2026-10-09T05:35:05Z
2021-11-04,VLG,9.43,9.51,9.26,9.43,23800,KBS,2026-10-09T05:35:05Z
2021-11-05,VLG,9.51,9.51,9.26,9.43,34100,KBS,2026-10-09T05:35:05Z
2021-11-08,VLG,9.51,10.42,9.26,10.17,290906,KBS,2026-10-09T05:35:05Z
2021-11-09,VLG,10.34,11.25,10.34,11.25,281000,KBS,2026-10-09T05:35:05Z
2021-11-10,VLG,11.41,11.74,10.84,11.0,97680,KBS,2026-10-09T05:35:05Z
2021-11-11,VLG,10.84,11.08,10.17,10.84,286700,KBS,2026-10-09T05:35:05Z
2021-11-12,VLG,10.84,11.58,10.59,11.33,244700,KBS,2026-10-09T05:35:05Z
2021-11-15,VLG,11.33,12.41,11.08,11.91,260400,KBS,2026-10-09T05:35:05Z
2021-11-16,VLG,11.58,12.41,10.84,12.16,306200,KBS,2026-10-09T05:35:05Z
2021-11-17,VLG,12.08,12.08,11.25,11.58,97200,KBS,2026-10-09T05:35:05Z
2021-11-18,VLG,11.41,11.91,11.25,11.5,152800,KBS,2026-10-09T05:35:05Z
2021-11-19,VLG,11.5,12.16,9.93,10.67,321704,KBS,2026-10-09T05:35:05Z
2021-11-22,VLG,11.08,11.08,9.93,10.01,109600,KBS,2026-10-09T05:35:05Z
2021-11-23,VLG,9.84,10.42,9.84,10.26,57600,KBS,2026-10-09T05:35:05Z
2021-11-24,VLG,10.01,10.59,10.01,10.34,56521,KBS,2026-10-09T05:35:05Z
2021-11-25,VLG,10.34,10.59,9.84,9.93,123219,KBS,2026-10-09T05:35:05Z
2021-11-26,VLG,9.93,10.26,9.59,9.84,92000,KBS,2026-10-09T05:35:05Z
2021-11-29,VLG,9.51,10.34,9.51,10.09,32600,KBS,2026-10-09T05:35:05Z
2021-11-30,VLG,10.01,10.01,9.68,9.68,57200,KBS,2026-10-09T05:35:05Z
2021-12-01,VLG,9.68,9.93,9.59,9.76,23701,KBS,2026-10-09T05:35:05Z
2021-12-02,VLG,9.59,9.93,9.59,9.84,42500,KBS,2026-10-09T05:35:05Z
2021-12-03,VLG,9.76,9.93,9.51,9.59,57700,KBS,2026-10-09T05:35:05Z
2021-12-06,VLG,9.43,9.59,8.35,8.52,60100,KBS,2026-10-09T05:35:05Z
2021-12-07,VLG,9.1,9.1,8.11,8.85,40200,KBS,2026-10-09T05:35:05Z
2021-12-08,VLG,8.52,9.02,8.52,8.77,48500,KBS,2026-10-09T05:35:05Z
2021-12-09,VLG,8.77,8.77,8.52,8.6,17900,KBS,2026-10-09T05:35:05Z
2021-12-10,VLG,8.52,8.6,8.44,8.52,41800,KBS,2026-10-09T05:35:05Z
2021-12-13,VLG,8.6,9.18,8.52,9.1,68600,KBS,2026-10-09T05:35:05Z
2021-12-14,VLG,9.18,9.26,8.77,9.1,40500,KBS,2026-10-09T05:35:05Z
2021-12-15,VLG,9.1,9.76,8.85,9.68,80809,KBS,2026-10-09T05:35:05Z
2021-12-16,VLG,9.76,9.76,9.1,9.35,70800,KBS,2026-10-09T05:35:05Z
2021-12-17,VLG,9.02,9.18,8.68,8.93,69200,KBS,2026-10-09T05:35:05Z
2021-12-20,VLG,8.77,8.93,8.6,8.77,31200,KBS,2026-10-09T05:35:05Z
2021-12-21,VLG,8.77,8.85,8.6,8.68,40419,KBS,2026-10-09T05:35:05Z
2021-12-22,VLG,8.68,9.02,8.6,8.68,59600,KBS,2026-10-09T05:35:05Z
2021-12-23,VLG,8.68,8.68,7.94,8.52,83300,KBS,2026-10-09T05:35:05Z
2021-12-24,VLG,8.52,8.6,8.11,8.44,63400,KBS,2026-10-09T05:35:05Z
2021-12-27,VLG,8.27,8.52,8.11,8.52,36200,KBS,2026-10-09T05:35:05Z
2021-12-28,VLG,8.27,8.44,8.27,8.35,28000,KBS,2026-10-09T05:35:05Z
2021-12-29,VLG,8.27,8.27,8.11,8.19,84900,KBS,2026-10-09T05:35:05Z
2021-12-30,VLG,8.27,9.1,8.27,8.44,58000,KBS,2026-10-09T05:35:05Z
2021-12-31,VLG,9.02,9.02,8.44,8.52,28600,KBS,2026-10-09T05:35:05Z
2022-01-04,VLG,8.44,8.52,8.27,8.44,43300,KBS,2026-10-09T05:35:05Z
2022-01-05,VLG,8.35,8.6,8.27,8.44,69200,KBS,2026-10-09T05:35:05Z
2022-01-06,VLG,8.52,8.52,8.11,8.35,88900,KBS,2026-10-09T05:35:05Z
2022-01-07,VLG,8.52,8.52,8.27,8.44,56790,KBS,2026-10-09T05:35:05Z
2022-01-10,VLG,8.93,8.93,8.27,8.6,116234,KBS,2026-10-09T05:35:05Z
2022-01-11,VLG,8.6,8.6,8.35,8.35,49000,KBS,2026-10-09T05:35:05Z
2022-01-12,VLG,8.44,8.52,8.19,8.35,66700,KBS,2026-10-09T05:35:05Z
2022-01-13,VLG,8.27,8.35,8.02,8.02,62500,KBS,2026-10-09T05:35:05Z
2022-01-14,VLG,8.19,8.19,7.03,7.86,45600,KBS,2026-10-09T05:35:05Z
2022-01-17,VLG,7.61,7.86,7.28,7.28,21100,KBS,2026-10-09T05:35:05Z
2022-01-18,VLG,7.53,7.61,6.37,6.86,21700,KBS,2026-10-09T05:35:05Z
2022-01-19,VLG,6.86,6.86,6.37,6.62,32500,KBS,2026-10-09T05:35:05Z
2022-01-20,VLG,7.03,7.28,6.86,7.2,14600,KBS,2026-10-09T05:35:05Z
2022-01-21,VLG,7.44,7.44,7.11,7.28,11300,KBS,2026-10-09T05:35:05Z
2022-01-24,VLG,6.7,7.28,6.7,7.28,14600,KBS,2026-10-09T05:35:05Z
2022-01-25,VLG,6.53,6.86,6.45,6.86,4300,KBS,2026-10-09T05:35:05Z
2022-01-26,VLG,7.2,7.2,6.7,6.86,7900,KBS,2026-10-09T05:35:05Z
2022-01-27,VLG,6.86,7.03,6.86,7.03,16304,KBS,2026-10-09T05:35:05Z
2022-01-28,VLG,6.95,7.28,6.78,7.28,5700,KBS,2026-10-09T05:35:05Z
2022-02-07,VLG,7.03,7.44,6.95,7.44,29600,KBS,2026-10-09T05:35:05Z
2022-02-08,VLG,7.53,7.53,7.11,7.44,5200,KBS,2026-10-09T05:35:05Z
2022-02-09,VLG,7.86,7.86,7.44,7.69,8300,KBS,2026-10-09T05:35:05Z
2022-02-10,VLG,7.69,7.69,6.78,7.61,18900,KBS,2026-10-09T05:35:05Z
2022-02-11,VLG,6.86,7.69,6.37,7.61,16842,KBS,2026-10-09T05:35:05Z
2022-02-14,VLG,7.44,7.44,7.2,7.44,10900,KBS,2026-10-09T05:35:05Z
2022-02-15,VLG,7.44,7.44,7.28,7.44,11600,KBS,2026-10-09T05:35:05Z
2022-02-16,VLG,7.36,7.36,7.11,7.2,21200,KBS,2026-10-09T05:35:05Z
2022-02-17,VLG,7.11,7.36,7.11,7.36,14800,KBS,2026-10-09T05:35:05Z
2022-02-18,VLG,7.36,7.44,7.2,7.44,20400,KBS,2026-10-09T05:35:05Z
2022-02-21,VLG,7.44,7.69,7.44,7.61,55810,KBS,2026-10-09T05:35:05Z
2022-02-22,VLG,7.53,7.78,7.44,7.69,27100,KBS,2026-10-09T05:35:05Z
2022-02-23,VLG,7.69,8.02,7.53,7.86,61000,KBS,2026-10-09T05:35:05Z
2022-02-24,VLG,7.86,8.11,7.53,7.78,22531,KBS,2026-10-09T05:35:05Z
2022-02-25,VLG,7.69,7.78,7.28,7.69,28300,KBS,2026-10-09T05:35:05Z
2022-02-28,VLG,7.78,7.86,7.44,7.53,18200,KBS,2026-10-09T05:35:05Z
2022-03-01,VLG,7.53,7.69,7.53,7.53,10300,KBS,2026-10-09T05:35:05Z
2022-03-02,VLG,7.69,7.69,7.28,7.44,30413,KBS,2026-10-09T05:35:05Z
2022-03-03,VLG,7.69,8.6,7.61,8.6,190535,KBS,2026-10-09T05:35:05Z
2022-03-04,VLG,8.85,9.35,8.85,8.93,171600,KBS,2026-10-09T05:35:05Z
2022-03-07,VLG,8.93,9.1,8.6,8.77,25100,KBS,2026-10-09T05:35:05Z
2022-03-08,VLG,8.68,8.85,8.27,8.44,80401,KBS,2026-10-09T05:35:05Z
2022-03-09,VLG,8.44,9.18,7.94,8.44,95675,KBS,2026-10-09T05:35:05Z
2022-03-10,VLG,8.68,8.93,8.35,8.68,22925,KBS,2026-10-09T05:35:05Z
2022-03-11,VLG,8.44,8.44,8.11,8.44,23900,KBS,2026-10-09T05:35:05Z
2022-03-14,VLG,8.44,8.44,7.86,8.11,9410,KBS,2026-10-09T05:35:05Z
2022-03-15,VLG,8.02,8.19,7.44,8.11,21300,KBS,2026-10-09T05:35:05Z
2022-03-16,VLG,7.78,8.11,7.69,7.86,16700,KBS,2026-10-09T05:35:05Z
2022-03-17,VLG,7.78,7.94,7.78,7.86,10800,KBS,2026-10-09T05:35:05Z
2022-03-18,VLG,7.94,8.02,7.78,8.02,27200,KBS,2026-10-09T05:35:05Z
2022-03-21,VLG,7.94,7.94,7.78,7.94,33400,KBS,2026-10-09T05:35:05Z
2022-03-22,VLG,7.78,7.94,7.69,7.78,46700,KBS,2026-10-09T05:35:05Z
2022-03-23,VLG,7.86,8.02,7.86,8.02,15100,KBS,2026-10-09T05:35:05Z
2022-03-24,VLG,7.94,8.02,7.86,8.02,17300,KBS,2026-10-09T05:35:05Z
2022-03-25,VLG,8.02,8.35,7.94,8.19,52000,KBS,2026-10-09T05:35:05Z
2022-03-28,VLG,8.19,8.19,7.94,8.02,27600,KBS,2026-10-09T05:35:05Z
2022-03-29,VLG,7.94,8.11,7.94,8.11,29100,KBS,2026-10-09T05:35:05Z
2022-03-30,VLG,8.11,8.27,7.94,7.94,24200,KBS,2026-10-09T05:35:05Z
2022-03-31,VLG,8.02,8.11,7.78,8.02,17700,KBS,2026-10-09T05:35:05Z
2022-04-01,VLG,7.86,7.86,7.53,7.78,22300,KBS,2026-10-09T05:35:05Z
2022-04-04,VLG,7.69,7.86,7.69,7.86,12300,KBS,2026-10-09T05:35:05Z
2022-04-05,VLG,7.78,7.86,7.69,7.69,15200,KBS,2026-10-09T05:35:05Z
2022-04-06,VLG,7.69,7.78,7.61,7.78,15502,KBS,2026-10-09T05:35:05Z
2022-04-07,VLG,7.69,7.69,7.44,7.53,25700,KBS,2026-10-09T05:35:05Z
2022-04-08,VLG,7.53,7.53,7.44,7.53,21700,KBS,2026-10-09T05:35:05Z
2022-04-12,VLG,7.11,7.78,7.11,7.28,12200,KBS,2026-10-09T05:35:05Z
2022-04-13,VLG,7.53,7.53,7.2,7.28,11700,KBS,2026-10-09T05:35:05Z
2022-04-14,VLG,7.53,7.53,7.28,7.28,16700,KBS,2026-10-09T05:35:05Z
2022-04-15,VLG,7.28,7.36,7.03,7.36,10600,KBS,2026-10-09T05:35:05Z
2022-04-18,VLG,7.44,7.44,6.78,6.78,8700,KBS,2026-10-09T05:35:05Z
2022-04-19,VLG,7.11,7.28,6.62,6.62,9800,KBS,2026-10-09T05:35:05Z
2022-04-20,VLG,6.12,6.7,6.04,6.29,13600,KBS,2026-10-09T05:35:05Z
2022-04-21,VLG,5.79,6.04,5.54,5.79,51300,KBS,2026-10-09T05:35:05Z
2022-04-22,VLG,5.71,6.29,5.71,6.04,3700,KBS,2026-10-09T05:35:05Z
2022-04-25,VLG,6.12,6.53,5.79,6.04,21800,KBS,2026-10-09T05:35:05Z
2022-04-26,VLG,6.04,6.37,6.04,6.37,9200,KBS,2026-10-09T05:35:05Z
2022-04-27,VLG,6.2,6.86,6.12,6.12,3600,KBS,2026-10-09T05:35:05Z
2022-04-28,VLG,5.87,6.29,5.87,6.2,5900,KBS,2026-10-09T05:35:05Z
2022-04-29,VLG,6.04,6.2,5.87,6.2,9600,KBS,2026-10-09T05:35:05Z
2022-05-04,VLG,6.2,6.45,6.04,6.04,10950,KBS,2026-10-09T05:35:05Z
2022-05-05,VLG,6.2,6.37,6.04,6.37,1304,KBS,2026-10-09T05:35:05Z
2022-05-06,VLG,6.2,6.2,6.12,6.12,3500,KBS,2026-10-09T05:35:05Z
2022-05-09,VLG,5.62,6.04,5.62,6.04,500,KBS,2026-10-09T05:35:05Z
2022-05-10,VLG,5.96,5.96,5.79,5.96,11000,KBS,2026-10-09T05:35:05Z
2022-05-11,VLG,5.79,5.79,5.79,5.79,2200,KBS,2026-10-09T05:35:05Z
2022-05-12,VLG,5.79,5.79,5.21,5.71,3900,KBS,2026-10-09T05:35:05Z
2022-05-13,VLG,5.38,5.38,4.96,5.38,5100,KBS,2026-10-09T05:35:05Z
2022-05-16,VLG,5.62,5.62,5.29,5.29,7400,KBS,2026-10-09T05:35:05Z
2022-05-17,VLG,5.38,5.71,5.21,5.71,21600,KBS,2026-10-09T05:35:05Z
2022-05-18,VLG,5.38,5.46,5.21,5.46,19200,KBS,2026-10-09T05:35:05Z
2022-05-19,VLG,5.29,5.38,5.21,5.38,8900,KBS,2026-10-09T05:35:05Z
2022-05-20,VLG,5.46,5.46,5.21,5.38,7300,KBS,2026-10-09T05:35:05Z
2022-05-23,VLG,5.38,5.38,5.38,5.38,3700,KBS,2026-10-09T05:35:05Z
2022-05-24,VLG,5.79,5.79,5.46,5.46,32600,KBS,2026-10-09T05:35:05Z
2022-05-25,VLG,5.54,5.79,5.54,5.62,4005,KBS,2026-10-09T05:35:05Z
2022-05-26,VLG,5.79,5.79,5.54,5.62,9790,KBS,2026-10-09T05:35:05Z
2022-05-27,VLG,5.54,5.71,5.46,5.62,5100,KBS,2026-10-09T05:35:05Z
2022-05-30,VLG,5.79,5.79,5.54,5.62,6100,KBS,2026-10-09T05:35:05Z
2022-05-31,VLG,5.54,5.62,5.54,5.54,600,KBS,2026-10-09T05:35:05Z
2022-06-01,VLG,5.54,5.54,5.46,5.46,1300,KBS,2026-10-09T05:35:05Z
2022-06-02,VLG,5.54,5.54,5.46,5.46,8400,KBS,2026-10-09T05:35:05Z
2022-06-03,VLG,5.29,5.46,5.13,5.21,3400,KBS,2026-10-09T05:35:05Z
2022-06-06,VLG,5.29,5.46,5.29,5.38,1200,KBS,2026-10-09T05:35:05Z
2022-06-07,VLG,5.29,5.38,5.21,5.29,1800,KBS,2026-10-09T05:35:05Z
2022-06-08,VLG,5.29,5.62,5.29,5.38,19700,KBS,2026-10-09T05:35:05Z
2022-06-09,VLG,5.38,5.38,5.38,5.38,1100,KBS,2026-10-09T05:35:05Z
2022-06-10,VLG,5.38,5.46,5.13,5.46,3300,KBS,2026-10-09T05:35:05Z
2022-06-13,VLG,5.46,5.46,5.21,5.21,1300,KBS,2026-10-09T05:35:05Z
2022-06-14,VLG,5.04,5.38,5.04,5.38,400,KBS,2026-10-09T05:35:05Z
2022-06-15,VLG,5.21,5.29,5.04,5.04,7000,KBS,2026-10-09T05:35:05Z
2022-06-16,VLG,5.21,5.21,5.21,5.21,14100,KBS,2026-10-09T05:35:05Z
2022-06-17,VLG,4.47,5.13,4.47,5.13,4600,KBS,2026-10-09T05:35:05Z
2022-06-20,VLG,5.21,5.21,3.89,3.89,2900,KBS,2026-10-09T05:35:05Z
2022-06-21,VLG,3.47,4.55,3.47,4.55,400,KBS,2026-10-09T05:35:05Z
2022-06-22,VLG,4.3,4.3,4.22,4.22,600,KBS,2026-10-09T05:35:05Z
2022-06-23,VLG,4.88,4.88,4.88,4.88,3700,KBS,2026-10-09T05:35:05Z
2022-06-24,VLG,5.13,5.13,4.8,5.04,1500,KBS,2026-10-09T05:35:05Z
2022-06-27,VLG,4.88,4.96,4.88,4.96,300,KBS,2026-10-09T05:35:05Z
2022-06-28,VLG,5.04,5.04,5.04,5.04,200,KBS,2026-10-09T05:35:05Z
2022-06-29,VLG,4.55,5.04,4.55,5.04,10300,KBS,2026-10-09T05:35:05Z
2022-06-30,VLG,4.22,5.04,4.22,4.96,10604,KBS,2026-10-09T05:35:05Z
2022-07-01,VLG,4.3,4.88,4.3,4.8,20500,KBS,2026-10-09T05:35:05Z
2022-07-04,VLG,4.55,5.29,4.55,5.29,200,KBS,2026-10-09T05:35:05Z
2022-07-05,VLG,5.46,5.46,5.21,5.21,10200,KBS,2026-10-09T05:35:05Z
2022-07-06,VLG,4.55,5.46,4.55,5.13,2300,KBS,2026-10-09T05:35:05Z
2022-07-07,VLG,4.55,5.13,4.55,4.88,1200,KBS,2026-10-09T05:35:05Z
2022-07-08,VLG,4.3,5.13,4.3,5.04,15110,KBS,2026-10-09T05:35:05Z
2022-07-11,VLG,4.55,5.04,4.55,4.88,600,KBS,2026-10-09T05:35:05Z
2022-07-12,VLG,4.88,4.88,4.88,4.88,700,KBS,2026-10-09T05:35:05Z
2022-07-13,VLG,4.71,4.96,4.71,4.96,9500,KBS,2026-10-09T05:35:05Z
2022-07-14,VLG,4.8,4.96,4.63,4.96,5800,KBS,2026-10-09T05:35:05Z
2022-07-15,VLG,5.04,5.04,4.71,4.88,422,KBS,2026-10-09T05:35:05Z
2022-07-18,VLG,5.04,5.04,5.04,5.04,100,KBS,2026-10-09T05:35:05Z
2022-07-20,VLG,4.3,5.13,4.3,4.96,3380,KBS,2026-10-09T05:35:05Z
2022-07-21,VLG,4.47,5.04,4.47,4.96,1500,KBS,2026-10-09T05:35:05Z
2022-07-22,VLG,4.71,4.96,4.63,4.63,5100,KBS,2026-10-09T05:35:05Z
2022-07-25,VLG,4.55,5.04,4.55,5.04,4700,KBS,2026-10-09T05:35:05Z
2022-07-26,VLG,4.55,4.96,4.55,4.96,300,KBS,2026-10-09T05:35:05Z
2022-07-27,VLG,4.63,4.96,4.63,4.96,4300,KBS,2026-10-09T05:35:05Z
2022-07-28,VLG,4.88,4.88,4.71,4.88,600,KBS,2026-10-09T05:35:05Z
2022-07-29,VLG,4.8,4.8,4.71,4.8,1400,KBS,2026-10-09T05:35:05Z
2022-08-01,VLG,4.8,5.04,4.8,5.04,8700,KBS,2026-10-09T05:35:05Z
2022-08-02,VLG,4.55,5.13,4.55,5.13,10400,KBS,2026-10-09T05:35:05Z
2022-08-03,VLG,4.96,4.96,4.96,4.96,3200,KBS,2026-10-09T05:35:05Z
2022-08-04,VLG,5.04,5.13,4.96,5.13,4805,KBS,2026-10-09T05:35:05Z
2022-08-05,VLG,4.55,5.13,4.55,5.04,4915,KBS,2026-10-09T05:35:05Z
2022-08-08,VLG,4.8,5.21,4.8,5.04,11400,KBS,2026-10-09T05:35:05Z
2022-08-09,VLG,4.63,5.29,4.63,5.13,12715,KBS,2026-10-09T05:35:05Z
2022-08-10,VLG,5.21,5.21,4.96,5.04,800,KBS,2026-10-09T05:35:05Z
2022-08-11,VLG,5.13,5.21,5.04,5.21,14302,KBS,2026-10-09T05:35:05Z
2022-08-12,VLG,4.8,5.71,4.8,5.62,9710,KBS,2026-10-09T05:35:05Z
2022-08-15,VLG,5.38,5.79,5.38,5.54,9405,KBS,2026-10-09T05:35:05Z
2022-08-16,VLG,5.54,5.62,5.38,5.38,8110,KBS,2026-10-09T05:35:05Z
2022-08-18,VLG,5.46,5.46,5.04,5.21,4800,KBS,2026-10-09T05:35:05Z
2022-08-19,VLG,5.13,5.21,5.04,5.21,2317,KBS,2026-10-09T05:35:05Z
2022-08-22,VLG,5.13,5.13,4.96,5.13,6500,KBS,2026-10-09T05:35:05Z
2022-08-23,VLG,4.63,5.04,4.63,5.04,2300,KBS,2026-10-09T05:35:05Z
2022-08-24,VLG,4.71,5.38,4.71,5.38,3600,KBS,2026-10-09T05:35:05Z
2022-08-25,VLG,4.8,5.29,4.8,5.21,1410,KBS,2026-10-09T05:35:05Z
2022-08-26,VLG,4.8,5.29,4.8,5.21,19100,KBS,2026-10-09T05:35:05Z
2022-08-29,VLG,4.88,5.21,4.88,4.96,4200,KBS,2026-10-09T05:35:05Z
2022-08-30,VLG,5.21,5.21,5.04,5.13,3800,KBS,2026-10-09T05:35:05Z
2022-08-31,VLG,5.21,5.21,4.96,5.13,10600,KBS,2026-10-09T05:35:05Z
2022-09-05,VLG,4.96,5.13,4.88,4.88,36000,KBS,2026-10-09T05:35:05Z
2022-09-06,VLG,4.96,5.21,4.88,5.21,26300,KBS,2026-10-09T05:35:05Z
2022-09-07,VLG,5.04,5.13,5.04,5.04,5400,KBS,2026-10-09T05:35:05Z
2022-09-08,VLG,4.88,4.96,4.88,4.96,16000,KBS,2026-10-09T05:35:05Z
2022-09-09,VLG,5.04,5.13,5.04,5.13,33900,KBS,2026-10-09T05:35:05Z
2022-09-12,VLG,5.04,5.04,4.96,4.96,5700,KBS,2026-10-09T05:35:05Z
2022-09-13,VLG,5.04,5.04,4.96,4.96,6400,KBS,2026-10-09T05:35:05Z
2022-09-14,VLG,4.88,4.96,4.88,4.96,2000,KBS,2026-10-09T05:35:05Z
2022-09-15,VLG,5.13,5.29,4.96,5.04,6400,KBS,2026-10-09T05:35:05Z
2022-09-16,VLG,4.96,4.96,4.88,4.88,6600,KBS,2026-10-09T05:35:05Z
2022-09-19,VLG,4.96,4.96,4.8,4.8,15500,KBS,2026-10-09T05:35:05Z
2022-09-20,VLG,4.8,4.88,4.8,4.88,3800,KBS,2026-10-09T05:35:05Z
2022-09-21,VLG,4.8,4.8,4.71,4.71,17700,KBS,2026-10-09T05:35:05Z
2022-09-22,VLG,4.63,4.96,4.63,4.88,9000,KBS,2026-10-09T05:35:05Z
2022-09-23,VLG,4.88,4.88,4.88,4.88,25700,KBS,2026-10-09T05:35:05Z
2022-09-26,VLG,4.96,4.96,4.8,4.8,1800,KBS,2026-10-09T05:35:05Z
2022-09-27,VLG,4.8,4.96,4.8,4.96,600,KBS,2026-10-09T05:35:05Z
2022-09-28,VLG,4.88,4.96,4.8,4.96,4100,KBS,2026-10-09T05:35:05Z
2022-09-29,VLG,4.96,4.96,4.88,4.96,2100,KBS,2026-10-09T05:35:05Z
2022-09-30,VLG,4.88,4.88,4.71,4.71,4000,KBS,2026-10-09T05:35:05Z
2022-10-03,VLG,4.81,4.89,4.72,4.72,7900,KBS,2026-10-09T05:35:05Z
2022-10-04,VLG,4.11,4.81,4.11,4.63,8800,KBS,2026-10-09T05:35:05Z
2022-10-05,VLG,4.46,4.89,4.46,4.63,7800,KBS,2026-10-09T05:35:05Z
2022-10-06,VLG,4.55,4.55,4.37,4.37,6500,KBS,2026-10-09T05:35:05Z
2022-10-07,VLG,4.37,4.89,4.11,4.11,4000,KBS,2026-10-09T05:35:05Z
2022-10-10,VLG,4.11,4.28,4.11,4.28,2600,KBS,2026-10-09T05:35:05Z
2022-10-11,VLG,4.28,4.28,3.93,3.93,1700,KBS,2026-10-09T05:35:05Z
2022-10-12,VLG,4.28,4.28,4.11,4.11,7700,KBS,2026-10-09T05:35:05Z
2022-10-13,VLG,4.02,4.28,3.5,4.28,1000,KBS,2026-10-09T05:35:05Z
2022-10-14,VLG,4.2,4.28,4.2,4.2,2100,KBS,2026-10-09T05:35:05Z
2022-10-17,VLG,4.37,4.37,4.02,4.2,3600,KBS,2026-10-09T05:35:05Z
2022-10-18,VLG,4.55,4.63,4.55,4.55,1300,KBS,2026-10-09T05:35:05Z
2022-10-19,VLG,4.2,4.89,4.2,4.81,2400,KBS,2026-10-09T05:35:05Z
2022-10-20,VLG,3.76,4.63,3.76,4.2,501,KBS,2026-10-09T05:35:05Z
2022-10-21,VLG,4.2,4.2,3.58,4.2,2600,KBS,2026-10-09T05:35:05Z
2022-10-24,VLG,3.85,4.28,3.85,4.28,500,KBS,2026-10-09T05:35:05Z
2022-10-25,VLG,4.02,4.2,4.02,4.2,3000,KBS,2026-10-09T05:35:05Z
2022-10-26,VLG,4.2,4.2,4.11,4.11,400,KBS,2026-10-09T05:35:05Z
2022-10-27,VLG,4.2,4.2,4.2,4.2,800,KBS,2026-10-09T05:35:05Z
2022-10-28,VLG,4.2,4.2,4.2,4.2,3100,KBS,2026-10-09T05:35:05Z
2022-10-31,VLG,4.02,4.2,4.02,4.2,1200,KBS,2026-10-09T05:35:05Z
2022-11-01,VLG,4.37,4.37,4.02,4.2,7100,KBS,2026-10-09T05:35:05Z
2022-11-03,VLG,4.2,4.2,4.2,4.2,100,KBS,2026-10-09T05:35:05Z
2022-11-04,VLG,3.93,3.93,3.58,3.93,18800,KBS,2026-10-09T05:35:05Z
2022-11-07,VLG,3.58,3.67,3.5,3.5,29900,KBS,2026-10-09T05:35:05Z
2022-11-08,VLG,3.15,3.58,3.15,3.58,6200,KBS,2026-10-09T05:35:05Z
2022-11-09,VLG,3.58,3.58,3.58,3.58,100,KBS,2026-10-09T05:35:05Z
2022-11-11,VLG,3.5,3.58,3.41,3.41,4800,KBS,2026-10-09T05:35:05Z
2022-11-14,VLG,3.06,3.41,3.06,3.15,7900,KBS,2026-10-09T05:35:05Z
2022-11-15,VLG,3.06,3.06,2.88,2.88,4400,KBS,2026-10-09T05:35:05Z
2022-11-16,VLG,2.88,3.15,2.88,3.15,4000,KBS,2026-10-09T05:35:05Z
2022-11-17,VLG,3.23,3.23,3.23,3.23,300,KBS,2026-10-09T05:35:05Z
2022-11-18,VLG,3.32,3.32,3.32,3.32,1000,KBS,2026-10-09T05:35:05Z
2022-11-21,VLG,3.32,3.67,3.23,3.67,4500,KBS,2026-10-09T05:35:05Z
2022-11-22,VLG,3.58,3.58,3.58,3.58,1400,KBS,2026-10-09T05:35:05Z
2022-11-24,VLG,3.06,4.11,3.06,3.58,600,KBS,2026-10-09T05:35:05Z
2022-11-25,VLG,3.41,3.58,3.41,3.58,1400,KBS,2026-10-09T05:35:05Z
2022-11-28,VLG,3.32,3.76,3.32,3.67,4300,KBS,2026-10-09T05:35:05Z
2022-11-29,VLG,3.67,3.93,3.5,3.85,1400,KBS,2026-10-09T05:35:05Z
2022-11-30,VLG,3.85,3.85,3.85,3.85,100,KBS,2026-10-09T05:35:05Z
2022-12-01,VLG,3.32,3.85,3.32,3.85,27200,KBS,2026-10-09T05:35:05Z
2022-12-02,VLG,3.32,3.85,3.32,3.85,4400,KBS,2026-10-09T05:35:05Z
2022-12-05,VLG,3.76,3.76,3.41,3.67,5400,KBS,2026-10-09T05:35:05Z
2022-12-06,VLG,3.41,3.5,3.32,3.5,11200,KBS,2026-10-09T05:35:05Z
2022-12-07,VLG,3.67,3.67,3.32,3.58,9900,KBS,2026-10-09T05:35:05Z
2022-12-08,VLG,3.58,3.67,3.41,3.67,2500,KBS,2026-10-09T05:35:05Z
2022-12-09,VLG,3.5,3.5,3.5,3.5,4300,KBS,2026-10-09T05:35:05Z
2022-12-12,VLG,3.76,3.76,3.32,3.67,4201,KBS,2026-10-09T05:35:05Z
2022-12-13,VLG,3.41,3.41,3.41,3.41,4600,KBS,2026-10-09T05:35:05Z
2022-12-14,VLG,3.32,3.58,3.32,3.41,3601,KBS,2026-10-09T05:35:05Z
2022-12-15,VLG,3.58,3.58,3.5,3.5,900,KBS,2026-10-09T05:35:05Z
2022-12-16,VLG,3.58,3.58,3.41,3.41,600,KBS,2026-10-09T05:35:05Z
2022-12-19,VLG,3.32,3.41,3.32,3.32,5800,KBS,2026-10-09T05:35:05Z
2022-12-20,VLG,3.23,3.23,3.23,3.23,9500,KBS,2026-10-09T05:35:05Z
2022-12-21,VLG,3.32,3.32,3.23,3.32,9100,KBS,2026-10-09T05:35:05Z
2022-12-22,VLG,3.32,3.32,3.23,3.23,3800,KBS,2026-10-09T05:35:05Z
2022-12-23,VLG,3.15,3.32,3.15,3.32,2100,KBS,2026-10-09T05:35:05Z
2022-12-26,VLG,3.15,3.32,3.06,3.32,7400,KBS,2026-10-09T05:35:05Z
2022-12-27,VLG,2.97,3.23,2.97,3.23,2400,KBS,2026-10-09T05:35:05Z
2022-12-28,VLG,3.32,3.32,3.32,3.32,100,KBS,2026-10-09T05:35:05Z
2022-12-29,VLG,3.32,3.32,3.23,3.32,5500,KBS,2026-10-09T05:35:05Z
2022-12-30,VLG,3.23,3.32,3.23,3.32,2100,KBS,2026-10-09T05:35:05Z
2023-01-03,VLG,3.32,3.32,3.23,3.32,2100,KBS,2026-10-09T05:35:05Z
2023-01-04,VLG,3.32,3.32,3.23,3.32,12904,KBS,2026-10-09T05:35:05Z
2023-01-05,VLG,3.32,3.32,3.32,3.32,14100,KBS,2026-10-09T05:35:05Z
2023-01-06,VLG,3.5,3.5,3.32,3.32,1500,KBS,2026-10-09T05:35:05Z
2023-01-09,VLG,3.41,3.41,3.32,3.32,2300,KBS,2026-10-09T05:35:05Z
2023-01-10,VLG,3.41,3.41,3.23,3.23,4700,KBS,2026-10-09T05:35:05Z
2023-01-11,VLG,3.41,3.41,3.15,3.15,10700,KBS,2026-10-09T05:35:05Z
2023-01-12,VLG,3.23,3.23,3.23,3.23,200,KBS,2026-10-09T05:35:05Z
2023-01-13,VLG,3.23,3.23,3.15,3.15,6900,KBS,2026-10-09T05:35:05Z
2023-01-16,VLG,3.15,3.23,3.15,3.15,23900,KBS,2026-10-09T05:35:05Z
2023-01-17,VLG,3.15,3.23,3.15,3.23,2200,KBS,2026-10-09T05:35:05Z
2023-01-18,VLG,3.32,3.32,3.32,3.32,400,KBS,2026-10-09T05:35:05Z
2023-01-19,VLG,3.32,3.32,3.23,3.32,1104,KBS,2026-10-09T05:35:05Z
2023-01-27,VLG,3.32,3.32,2.97,3.06,42200,KBS,2026-10-09T05:35:05Z
2023-01-30,VLG,3.41,3.41,3.23,3.32,11204,KBS,2026-10-09T05:35:05Z
2023-01-31,VLG,3.41,3.41,3.15,3.15,2500,KBS,2026-10-09T05:35:05Z
2023-02-01,VLG,3.23,3.23,3.15,3.15,10400,KBS,2026-10-09T05:35:05Z
2023-02-02,VLG,3.15,3.15,3.06,3.15,5300,KBS,2026-10-09T05:35:05Z
2023-02-03,VLG,3.15,3.15,3.15,3.15,1600,KBS,2026-10-09T05:35:05Z
2023-02-06,VLG,3.15,3.15,3.15,3.15,300,KBS,2026-10-09T05:35:05Z
2023-02-07,VLG,3.15,3.15,3.06,3.06,2700,KBS,2026-10-09T05:35:05Z
2023-02-08,VLG,3.23,3.23,2.97,3.06,3800,KBS,2026-10-09T05:35:05Z
2023-02-09,VLG,3.06,3.06,3.06,3.06,6900,KBS,2026-10-09T05:35:05Z
2023-02-10,VLG,3.06,3.15,3.06,3.15,800,KBS,2026-10-09T05:35:05Z
2023-02-13,VLG,2.97,3.15,2.97,3.15,200,KBS,2026-10-09T05:35:05Z
2023-02-14,VLG,3.06,3.06,3.06,3.06,800,KBS,2026-10-09T05:35:05Z
2023-02-15,VLG,3.06,3.06,3.06,3.06,1000,KBS,2026-10-09T05:35:05Z
2023-02-16,VLG,3.06,3.06,2.97,3.06,16400,KBS,2026-10-09T05:35:05Z
2023-02-17,VLG,2.97,3.06,2.88,2.88,7000,KBS,2026-10-09T05:35:05Z
2023-02-20,VLG,3.15,3.15,2.88,3.06,5900,KBS,2026-10-09T05:35:05Z
2023-02-21,VLG,3.06,3.06,2.97,2.97,3700,KBS,2026-10-09T05:35:05Z
2023-02-22,VLG,2.97,3.06,2.97,2.97,8500,KBS,2026-10-09T05:35:05Z
2023-02-23,VLG,2.97,2.97,2.97,2.97,400,KBS,2026-10-09T05:35:05Z
2023-02-24,VLG,2.97,2.97,2.8,2.8,6800,KBS,2026-10-09T05:35:05Z
2023-02-27,VLG,3.06,3.06,3.06,3.06,100,KBS,2026-10-09T05:35:05Z
2023-02-28,VLG,2.88,3.06,2.88,3.06,600,KBS,2026-10-09T05:35:05Z
2023-03-01,VLG,3.06,3.06,2.97,2.97,300,KBS,2026-10-09T05:35:05Z
2023-03-02,VLG,2.88,3.06,2.88,3.06,3200,KBS,2026-10-09T05:35:05Z
2023-03-03,VLG,2.97,2.97,2.97,2.97,600,KBS,2026-10-09T05:35:05Z
2023-03-06,VLG,2.97,2.97,2.88,2.88,8900,KBS,2026-10-09T05:35:05Z
2023-03-07,VLG,2.88,2.97,2.88,2.97,7901,KBS,2026-10-09T05:35:05Z
2023-03-08,VLG,2.88,2.97,2.8,2.88,38800,KBS,2026-10-09T05:35:05Z
2023-03-09,VLG,2.97,2.97,2.88,2.97,1000,KBS,2026-10-09T05:35:05Z
2023-03-10,VLG,2.8,2.88,2.71,2.88,7500,KBS,2026-10-09T05:35:05Z
2023-03-13,VLG,2.88,2.88,2.88,2.88,400,KBS,2026-10-09T05:35:05Z
2023-03-14,VLG,2.71,2.88,2.71,2.88,2300,KBS,2026-10-09T05:35:05Z
2023-03-15,VLG,2.71,2.8,2.71,2.8,5800,KBS,2026-10-09T05:35:05Z
2023-03-16,VLG,2.8,2.8,2.62,2.71,91700,KBS,2026-10-09T05:35:05Z
2023-03-17,VLG,2.71,2.71,2.62,2.71,5700,KBS,2026-10-09T05:35:05Z
2023-03-20,VLG,2.71,2.71,2.62,2.62,44400,KBS,2026-10-09T05:35:05Z
2023-03-21,VLG,2.71,2.71,2.62,2.62,15700,KBS,2026-10-09T05:35:05Z
2023-03-22,VLG,2.62,2.62,2.62,2.62,12000,KBS,2026-10-09T05:35:05Z
2023-03-23,VLG,2.62,2.62,2.62,2.62,24100,KBS,2026-10-09T05:35:05Z
2023-03-24,VLG,2.62,2.62,2.54,2.62,20500,KBS,2026-10-09T05:35:05Z
2023-03-27,VLG,2.54,2.62,2.54,2.54,17600,KBS,2026-10-09T05:35:05Z
2023-03-28,VLG,2.54,2.62,2.54,2.54,11500,KBS,2026-10-09T05:35:05Z
2023-03-29,VLG,2.62,2.62,2.54,2.54,13200,KBS,2026-10-09T05:35:05Z
2023-03-30,VLG,2.62,2.62,2.54,2.54,18700,KBS,2026-10-09T05:35:05Z
2023-03-31,VLG,2.62,2.62,2.54,2.54,16000,KBS,2026-10-09T05:35:05Z
2023-04-03,VLG,2.62,2.62,2.54,2.54,14200,KBS,2026-10-09T05:35:05Z
2023-04-04,VLG,2.62,2.62,2.54,2.54,21800,KBS,2026-10-09T05:35:05Z
2023-04-05,VLG,2.62,2.62,2.54,2.54,6700,KBS,2026-10-09T05:35:05Z
2023-04-06,VLG,2.62,2.88,2.54,2.62,117500,KBS,2026-10-09T05:35:05Z
2023-04-07,VLG,2.71,2.71,2.54,2.54,53200,KBS,2026-10-09T05:35:05Z
2023-04-10,VLG,2.54,2.62,2.54,2.54,43300,KBS,2026-10-09T05:35:05Z
2023-04-11,VLG,2.62,2.62,2.54,2.54,2500,KBS,2026-10-09T05:35:05Z
2023-04-12,VLG,2.54,2.62,2.54,2.54,29101,KBS,2026-10-09T05:35:05Z
2023-04-13,VLG,2.54,2.62,2.54,2.54,21300,KBS,2026-10-09T05:35:05Z
2023-04-14,VLG,2.54,2.62,2.54,2.54,25300,KBS,2026-10-09T05:35:05Z
2023-04-17,VLG,2.54,2.62,2.54,2.54,11100,KBS,2026-10-09T05:35:05Z
2023-04-18,VLG,2.54,2.62,2.54,2.54,3200,KBS,2026-10-09T05:35:05Z
2023-04-19,VLG,2.62,2.71,2.62,2.71,81100,KBS,2026-10-09T05:35:05Z
2023-04-20,VLG,2.71,2.8,2.62,2.71,33200,KBS,2026-10-09T05:35:05Z
2023-04-21,VLG,2.71,2.71,2.62,2.71,54301,KBS,2026-10-09T05:35:05Z
2023-04-24,VLG,2.71,2.71,2.71,2.71,600,KBS,2026-10-09T05:35:05Z
2023-04-25,VLG,2.62,2.71,2.62,2.71,21002,KBS,2026-10-09T05:35:05Z
2023-04-26,VLG,2.62,2.71,2.62,2.62,7800,KBS,2026-10-09T05:35:05Z
2023-04-27,VLG,2.62,2.62,2.62,2.62,3700,KBS,2026-10-09T05:35:05Z
2023-04-28,VLG,2.71,2.71,2.62,2.62,17400,KBS,2026-10-09T05:35:05Z
2023-05-04,VLG,2.71,2.71,2.62,2.71,2500,KBS,2026-10-09T05:35:05Z
2023-05-05,VLG,2.71,2.71,2.62,2.71,2401,KBS,2026-10-09T05:35:05Z
2023-05-08,VLG,2.71,2.71,2.71,2.71,30900,KBS,2026-10-09T05:35:05Z
2023-05-09,VLG,2.71,2.8,2.71,2.71,2000,KBS,2026-10-09T05:35:05Z
2023-05-10,VLG,2.8,2.8,2.71,2.71,16100,KBS,2026-10-09T05:35:05Z
2023-05-11,VLG,2.8,2.88,2.8,2.88,1500,KBS,2026-10-09T05:35:05Z
2023-05-12,VLG,2.71,2.88,2.71,2.8,6900,KBS,2026-10-09T05:35:05Z
2023-05-15,VLG,2.88,2.88,2.8,2.8,12800,KBS,2026-10-09T05:35:05Z
2023-05-16,VLG,2.8,2.8,2.8,2.8,3100,KBS,2026-10-09T05:35:05Z
2023-05-17,VLG,2.88,2.97,2.8,2.8,29900,KBS,2026-10-09T05:35:05Z
2023-05-18,VLG,2.8,2.88,2.8,2.88,3300,KBS,2026-10-09T05:35:05Z
2023-05-19,VLG,2.88,2.88,2.8,2.8,8002,KBS,2026-10-09T05:35:05Z
2023-05-22,VLG,2.8,2.88,2.8,2.88,41900,KBS,2026-10-09T05:35:05Z
2023-05-23,VLG,2.88,2.88,2.88,2.88,201,KBS,2026-10-09T05:35:05Z
2023-05-24,VLG,2.88,2.88,2.88,2.88,2300,KBS,2026-10-09T05:35:05Z
2023-05-25,VLG,2.8,2.88,2.8,2.8,5500,KBS,2026-10-09T05:35:05Z
2023-05-26,VLG,2.8,2.8,2.8,2.8,11600,KBS,2026-10-09T05:35:05Z
2023-05-29,VLG,2.8,2.88,2.8,2.8,20200,KBS,2026-10-09T05:35:05Z
2023-05-30,VLG,2.97,3.06,2.88,2.97,35700,KBS,2026-10-09T05:35:05Z
2023-05-31,VLG,2.97,3.41,2.88,3.41,120801,KBS,2026-10-09T05:35:05Z
2023-06-01,VLG,3.76,3.76,3.32,3.32,239110,KBS,2026-10-09T05:35:05Z
2023-06-02,VLG,3.5,3.5,3.23,3.32,104000,KBS,2026-10-09T05:35:05Z
2023-06-05,VLG,3.23,3.58,3.23,3.23,41000,KBS,2026-10-09T05:35:05Z
2023-06-06,VLG,3.32,3.32,3.15,3.32,58800,KBS,2026-10-09T05:35:05Z
2023-06-07,VLG,3.23,3.32,3.23,3.32,23100,KBS,2026-10-09T05:35:05Z
2023-06-08,VLG,3.32,3.32,3.23,3.32,42210,KBS,2026-10-09T05:35:05Z
2023-06-09,VLG,3.32,3.32,3.23,3.23,10000,KBS,2026-10-09T05:35:05Z
2023-06-12,VLG,3.32,3.32,3.23,3.23,7700,KBS,2026-10-09T05:35:05Z
2023-06-13,VLG,3.32,3.67,3.32,3.58,108258,KBS,2026-10-09T05:35:05Z
2023-06-14,VLG,3.58,3.58,3.32,3.32,47701,KBS,2026-10-09T05:35:05Z
2023-06-15,VLG,3.41,3.41,3.41,3.41,8700,KBS,2026-10-09T05:35:05Z
2023-06-16,VLG,3.67,3.67,3.23,3.23,18900,KBS,2026-10-09T05:35:05Z
2023-06-19,VLG,3.32,3.32,3.15,3.32,33100,KBS,2026-10-09T05:35:05Z
2023-06-20,VLG,3.32,3.32,3.23,3.32,7600,KBS,2026-10-09T05:35:05Z
2023-06-21,VLG,3.41,3.41,3.32,3.32,25567,KBS,2026-10-09T05:35:05Z
2023-06-22,VLG,3.32,3.32,3.23,3.32,27400,KBS,2026-10-09T05:35:05Z
2023-06-23,VLG,3.23,3.32,3.23,3.32,13300,KBS,2026-10-09T05:35:05Z
2023-06-26,VLG,3.23,3.23,3.23,3.23,23010,KBS,2026-10-09T05:35:05Z
2023-06-27,VLG,3.23,3.23,3.23,3.23,5400,KBS,2026-10-09T05:35:05Z
2023-06-28,VLG,3.32,3.41,2.97,3.15,78100,KBS,2026-10-09T05:35:05Z
2023-06-29,VLG,3.32,3.32,3.15,3.15,4200,KBS,2026-10-09T05:35:05Z
2023-06-30,VLG,3.32,3.32,3.15,3.23,23000,KBS,2026-10-09T05:35:05Z
2023-07-03,VLG,3.15,3.23,3.06,3.23,30900,KBS,2026-10-09T05:35:05Z
2023-07-04,VLG,3.15,3.32,3.15,3.32,17100,KBS,2026-10-09T05:35:05Z
2023-07-05,VLG,3.23,3.23,3.23,3.23,33900,KBS,2026-10-09T05:35:05Z
2023-07-06,VLG,3.23,3.32,3.15,3.15,47601,KBS,2026-10-09T05:35:05Z
2023-07-07,VLG,3.23,3.23,3.06,3.15,50900,KBS,2026-10-09T05:35:05Z
2023-07-10,VLG,3.23,3.32,3.23,3.32,10100,KBS,2026-10-09T05:35:05Z
2023-07-11,VLG,3.23,3.32,3.23,3.32,10900,KBS,2026-10-09T05:35:05Z
2023-07-12,VLG,3.23,3.32,3.23,3.23,33900,KBS,2026-10-09T05:35:05Z
2023-07-13,VLG,3.23,3.23,3.23,3.23,3400,KBS,2026-10-09T05:35:05Z
2023-07-14,VLG,3.23,3.32,3.23,3.23,7800,KBS,2026-10-09T05:35:05Z
2023-07-17,VLG,3.23,3.41,3.23,3.32,33400,KBS,2026-10-09T05:35:05Z
2023-07-18,VLG,3.32,3.5,3.32,3.41,145200,KBS,2026-10-09T05:35:05Z
2023-07-19,VLG,3.41,3.41,3.41,3.41,2300,KBS,2026-10-09T05:35:05Z
2023-07-20,VLG,3.32,3.32,3.23,3.23,41800,KBS,2026-10-09T05:35:05Z
2023-07-21,VLG,3.15,3.32,3.15,3.23,7802,KBS,2026-10-09T05:35:05Z
2023-07-24,VLG,3.15,3.23,3.15,3.23,7400,KBS,2026-10-09T05:35:05Z
2023-07-25,VLG,3.23,3.23,3.23,3.23,8300,KBS,2026-10-09T05:35:05Z
2023-07-26,VLG,3.23,3.23,3.23,3.23,11806,KBS,2026-10-09T05:35:05Z
2023-07-27,VLG,3.23,3.23,3.15,3.15,18001,KBS,2026-10-09T05:35:05Z
2023-07-28,VLG,3.15,3.23,3.15,3.23,6900,KBS,2026-10-09T05:35:05Z
2023-07-31,VLG,3.23,3.23,3.23,3.23,4300,KBS,2026-10-09T05:35:05Z
2023-08-01,VLG,3.15,3.15,3.15,3.15,5500,KBS,2026-10-09T05:35:05Z
2023-08-02,VLG,3.15,3.23,3.15,3.23,900,KBS,2026-10-09T05:35:05Z
2023-08-03,VLG,2.97,3.15,2.88,3.15,44300,KBS,2026-10-09T05:35:05Z
2023-08-04,VLG,3.06,3.15,3.06,3.06,45800,KBS,2026-10-09T05:35:05Z
2023-08-07,VLG,3.15,3.23,3.06,3.15,33100,KBS,2026-10-09T05:35:05Z
2023-08-08,VLG,3.15,3.5,3.15,3.5,72100,KBS,2026-10-09T05:35:05Z
2023-08-09,VLG,3.41,3.67,3.32,3.67,162315,KBS,2026-10-09T05:35:05Z
2023-08-10,VLG,3.76,4.02,3.76,4.02,176200,KBS,2026-10-09T05:35:05Z
2023-08-11,VLG,4.55,4.55,4.11,4.55,345302,KBS,2026-10-09T05:35:05Z
2023-08-14,VLG,4.89,4.98,4.11,4.63,253527,KBS,2026-10-09T05:35:05Z
2023-08-15,VLG,4.28,4.37,4.02,4.02,151401,KBS,2026-10-09T05:35:05Z
2023-08-16,VLG,4.02,4.2,3.76,4.11,77913,KBS,2026-10-09T05:35:05Z
2023-08-17,VLG,4.2,4.2,3.85,3.85,11323,KBS,2026-10-09T05:35:05Z
2023-08-18,VLG,4.02,4.02,3.5,3.67,74101,KBS,2026-10-09T05:35:05Z
2023-08-21,VLG,3.67,3.93,3.5,3.93,56500,KBS,2026-10-09T05:35:05Z
2023-08-22,VLG,3.93,3.93,3.5,3.76,15200,KBS,2026-10-09T05:35:05Z
2023-08-23,VLG,3.85,3.85,3.76,3.76,426,KBS,2026-10-09T05:35:05Z
2023-08-24,VLG,3.58,3.85,3.58,3.85,9149,KBS,2026-10-09T05:35:05Z
2023-08-25,VLG,3.85,3.93,3.67,3.76,4900,KBS,2026-10-09T05:35:05Z
2023-08-28,VLG,3.85,3.85,3.5,3.76,24100,KBS,2026-10-09T05:35:05Z
2023-08-29,VLG,3.85,3.85,3.58,3.85,6409,KBS,2026-10-09T05:35:05Z
2023-08-30,VLG,3.85,3.85,3.58,3.76,1800,KBS,2026-10-09T05:35:05Z
2023-08-31,VLG,3.76,3.76,3.58,3.76,14901,KBS,2026-10-09T05:35:05Z
2023-09-05,VLG,3.76,3.76,3.5,3.76,10010,KBS,2026-10-09T05:35:05Z
2023-09-06,VLG,3.67,3.76,3.58,3.67,27810,KBS,2026-10-09T05:35:05Z
2023-09-07,VLG,3.58,3.67,3.41,3.67,54700,KBS,2026-10-09T05:35:05Z
2023-09-08,VLG,3.5,3.67,3.41,3.67,13400,KBS,2026-10-09T05:35:05Z
2023-09-11,VLG,3.58,3.58,3.5,3.58,31500,KBS,2026-10-09T05:35:05Z
2023-09-12,VLG,3.58,3.67,3.5,3.67,9200,KBS,2026-10-09T05:35:05Z
2023-09-13,VLG,3.58,3.58,3.41,3.5,12000,KBS,2026-10-09T05:35:05Z
2023-09-14,VLG,3.41,3.41,3.41,3.41,20000,KBS,2026-10-09T05:35:05Z
2023-09-15,VLG,3.41,3.5,3.41,3.5,15530,KBS,2026-10-09T05:35:05Z
2023-09-18,VLG,3.5,3.5,3.41,3.5,7415,KBS,2026-10-09T05:35:05Z
2023-09-19,VLG,3.41,3.5,3.41,3.5,6900,KBS,2026-10-09T05:35:05Z
2023-09-20,VLG,3.5,3.5,3.41,3.41,5105,KBS,2026-10-09T05:35:05Z
2023-09-21,VLG,3.41,3.58,3.41,3.5,24730,KBS,2026-10-09T05:35:05Z
2023-09-22,VLG,3.5,3.5,3.41,3.5,27700,KBS,2026-10-09T05:35:05Z
2023-09-25,VLG,3.41,3.76,3.41,3.58,14620,KBS,2026-10-09T05:35:05Z
2023-09-26,VLG,3.67,3.67,3.41,3.41,24900,KBS,2026-10-09T05:35:05Z
2023-09-27,VLG,3.41,3.58,3.41,3.58,5000,KBS,2026-10-09T05:35:05Z
2023-09-28,VLG,3.5,3.58,3.5,3.58,3900,KBS,2026-10-09T05:35:05Z
2023-09-29,VLG,3.5,3.5,3.5,3.5,300,KBS,2026-10-09T05:35:05Z
2023-10-02,VLG,3.5,3.5,3.5,3.5,601,KBS,2026-10-09T05:35:05Z
2023-10-03,VLG,3.41,3.5,3.32,3.41,16220,KBS,2026-10-09T05:35:05Z
2023-10-04,VLG,3.41,3.41,3.41,3.41,3600,KBS,2026-10-09T05:35:05Z
2023-10-05,VLG,3.76,3.76,3.41,3.41,1600,KBS,2026-10-09T05:35:05Z
2023-10-06,VLG,3.32,3.41,3.06,3.32,37520,KBS,2026-10-09T05:35:05Z
2023-10-09,VLG,3.5,3.5,3.32,3.41,8300,KBS,2026-10-09T05:35:05Z
2023-10-10,VLG,3.32,3.58,3.32,3.32,13100,KBS,2026-10-09T05:35:05Z
2023-10-11,VLG,3.41,3.5,3.41,3.5,300,KBS,2026-10-09T05:35:05Z
2023-10-12,VLG,3.5,3.5,3.41,3.41,2700,KBS,2026-10-09T05:35:05Z
2023-10-13,VLG,3.41,3.5,3.32,3.41,3600,KBS,2026-10-09T05:35:05Z
2023-10-16,VLG,3.5,3.5,3.41,3.41,1100,KBS,2026-10-09T05:35:05Z
2023-10-17,VLG,3.32,3.41,3.32,3.32,6700,KBS,2026-10-09T05:35:05Z
2023-10-18,VLG,3.23,3.32,3.23,3.32,8400,KBS,2026-10-09T05:35:05Z
2023-10-19,VLG,3.15,3.32,3.06,3.32,1300,KBS,2026-10-09T05:35:05Z
2023-10-20,VLG,3.23,3.41,3.23,3.41,1100,KBS,2026-10-09T05:35:05Z
2023-10-23,VLG,3.32,3.32,3.32,3.32,2400,KBS,2026-10-09T05:35:05Z
2023-10-24,VLG,3.32,3.41,3.32,3.32,3800,KBS,2026-10-09T05:35:05Z
2023-10-25,VLG,3.32,3.41,3.32,3.41,300,KBS,2026-10-09T05:35:05Z
2023-10-26,VLG,3.32,3.32,2.97,2.97,3800,KBS,2026-10-09T05:35:05Z
2023-10-27,VLG,3.23,3.23,3.23,3.23,101,KBS,2026-10-09T05:35:05Z
2023-11-01,VLG,3.23,3.23,3.06,3.06,1300,KBS,2026-10-09T05:35:05Z
2023-11-02,VLG,3.32,3.32,2.97,3.32,2000,KBS,2026-10-09T05:35:05Z
2023-11-03,VLG,3.23,3.41,3.15,3.15,1300,KBS,2026-10-09T05:35:05Z
2023-11-06,VLG,3.23,3.23,3.23,3.23,2200,KBS,2026-10-09T05:35:05Z
2023-11-07,VLG,3.32,3.32,3.06,3.06,16500,KBS,2026-10-09T05:35:05Z
2023-11-08,VLG,3.23,3.23,3.15,3.15,3100,KBS,2026-10-09T05:35:05Z
2023-11-09,VLG,3.32,3.32,3.15,3.23,25800,KBS,2026-10-09T05:35:05Z
2023-11-10,VLG,3.23,3.23,3.23,3.23,15700,KBS,2026-10-09T05:35:05Z
2023-11-13,VLG,3.23,3.23,3.23,3.23,3900,KBS,2026-10-09T05:35:05Z
2023-11-14,VLG,3.23,3.23,3.23,3.23,7500,KBS,2026-10-09T05:35:05Z
2023-11-15,VLG,3.23,3.41,3.23,3.32,5000,KBS,2026-10-09T05:35:05Z
2023-11-16,VLG,3.23,3.23,3.23,3.23,300,KBS,2026-10-09T05:35:05Z
2023-11-17,VLG,3.32,3.41,3.32,3.32,2902,KBS,2026-10-09T05:35:05Z
2023-11-20,VLG,3.23,3.23,3.23,3.23,4100,KBS,2026-10-09T05:35:05Z
2023-11-21,VLG,3.5,3.5,3.23,3.23,3400,KBS,2026-10-09T05:35:05Z
2023-11-22,VLG,3.23,3.23,3.15,3.15,2200,KBS,2026-10-09T05:35:05Z
2023-11-23,VLG,3.23,3.32,3.23,3.23,6600,KBS,2026-10-09T05:35:05Z
2023-11-24,VLG,3.23,3.23,3.06,3.23,17000,KBS,2026-10-09T05:35:05Z
2023-11-27,VLG,3.06,3.41,3.06,3.41,200,KBS,2026-10-09T05:35:05Z
2023-11-28,VLG,3.15,3.15,3.15,3.15,5300,KBS,2026-10-09T05:35:05Z
2023-11-29,VLG,3.23,3.23,3.15,3.15,7600,KBS,2026-10-09T05:35:05Z
2023-11-30,VLG,3.23,3.32,3.15,3.15,9900,KBS,2026-10-09T05:35:05Z
2023-12-01,VLG,3.23,3.23,3.15,3.23,11800,KBS,2026-10-09T05:35:05Z
2023-12-04,VLG,3.41,3.41,3.23,3.23,3900,KBS,2026-10-09T05:35:05Z
2023-12-05,VLG,3.15,3.23,3.15,3.23,1200,KBS,2026-10-09T05:35:05Z
2023-12-06,VLG,3.15,3.23,3.15,3.23,8701,KBS,2026-10-09T05:35:05Z
2023-12-07,VLG,3.23,3.23,3.23,3.23,3100,KBS,2026-10-09T05:35:05Z
2023-12-08,VLG,3.23,3.23,3.23,3.23,6900,KBS,2026-10-09T05:35:05Z
2023-12-11,VLG,3.23,3.23,3.15,3.15,2100,KBS,2026-10-09T05:35:05Z
2023-12-12,VLG,3.23,3.23,3.23,3.23,200,KBS,2026-10-09T05:35:05Z
2023-12-13,VLG,3.32,3.32,3.23,3.23,1700,KBS,2026-10-09T05:35:05Z
2023-12-14,VLG,3.23,3.32,3.23,3.23,6400,KBS,2026-10-09T05:35:05Z
2023-12-15,VLG,3.23,3.32,3.23,3.32,5300,KBS,2026-10-09T05:35:05Z
2023-12-19,VLG,3.23,3.23,3.23,3.23,300,KBS,2026-10-09T05:35:05Z
2023-12-20,VLG,3.32,3.32,3.15,3.15,12300,KBS,2026-10-09T05:35:05Z
2023-12-21,VLG,3.23,3.23,3.23,3.23,4820,KBS,2026-10-09T05:35:05Z
2023-12-22,VLG,3.23,3.23,3.15,3.15,5800,KBS,2026-10-09T05:35:05Z
2023-12-25,VLG,3.15,3.15,3.15,3.15,5904,KBS,2026-10-09T05:35:05Z
2023-12-26,VLG,3.15,3.15,3.15,3.15,2100,KBS,2026-10-09T05:35:05Z
2023-12-27,VLG,3.32,3.32,3.15,3.15,3000,KBS,2026-10-09T05:35:05Z
2023-12-28,VLG,3.32,3.32,3.23,3.23,3600,KBS,2026-10-09T05:35:05Z
2023-12-29,VLG,3.23,3.23,3.15,3.15,1616,KBS,2026-10-09T05:35:05Z
2024-01-02,VLG,3.23,3.23,3.15,3.23,4500,KBS,2026-10-09T05:35:05Z
2024-01-03,VLG,3.32,3.32,3.23,3.23,7500,KBS,2026-10-09T05:35:05Z
2024-01-04,VLG,3.23,3.23,3.23,3.23,4900,KBS,2026-10-09T05:35:05Z
2024-01-05,VLG,3.15,3.23,3.15,3.15,4700,KBS,2026-10-09T05:35:05Z
2024-01-08,VLG,3.23,3.5,3.23,3.41,26300,KBS,2026-10-09T05:35:05Z
2024-01-09,VLG,3.41,3.41,3.32,3.41,4700,KBS,2026-10-09T05:35:05Z
2024-01-10,VLG,3.41,3.41,3.32,3.32,8208,KBS,2026-10-09T05:35:05Z
2024-01-11,VLG,3.41,3.41,3.41,3.41,800,KBS,2026-10-09T05:35:05Z
2024-01-12,VLG,3.32,3.32,3.32,3.32,2100,KBS,2026-10-09T05:35:05Z
2024-01-15,VLG,3.41,3.41,3.23,3.23,11100,KBS,2026-10-09T05:35:05Z
2024-01-16,VLG,3.23,3.23,3.23,3.23,7200,KBS,2026-10-09T05:35:05Z
2024-01-17,VLG,3.32,3.32,3.23,3.23,8302,KBS,2026-10-09T05:35:05Z
2024-01-18,VLG,3.23,3.23,3.23,3.23,21000,KBS,2026-10-09T05:35:05Z
2024-01-19,VLG,3.15,3.67,3.15,3.67,85805,KBS,2026-10-09T05:35:05Z
2024-01-22,VLG,3.85,4.11,3.67,3.67,48100,KBS,2026-10-09T05:35:05Z
2024-01-23,VLG,3.67,3.76,3.5,3.76,28901,KBS,2026-10-09T05:35:05Z
2024-01-24,VLG,3.67,3.67,3.58,3.58,13624,KBS,2026-10-09T05:35:05Z
2024-01-25,VLG,3.67,3.93,3.67,3.76,37200,KBS,2026-10-09T05:35:05Z
2024-01-26,VLG,3.76,4.28,3.76,4.2,81401,KBS,2026-10-09T05:35:05Z
2024-01-29,VLG,4.11,4.37,4.11,4.28,27302,KBS,2026-10-09T05:35:05Z
2024-01-30,VLG,4.28,4.28,4.2,4.28,9805,KBS,2026-10-09T05:35:05Z
2024-01-31,VLG,4.28,4.37,4.11,4.28,27500,KBS,2026-10-09T05:35:05Z
2024-02-01,VLG,4.2,4.2,4.2,4.2,10718,KBS,2026-10-09T05:35:05Z
2024-02-02,VLG,4.81,4.81,4.2,4.37,2300,KBS,2026-10-09T05:35:05Z
2024-02-05,VLG,4.37,4.37,4.11,4.2,4000,KBS,2026-10-09T05:35:05Z
2024-02-06,VLG,4.28,4.28,4.2,4.2,3000,KBS,2026-10-09T05:35:05Z
2024-02-07,VLG,4.11,4.2,4.11,4.11,5501,KBS,2026-10-09T05:35:05Z
2024-02-15,VLG,4.2,4.2,4.11,4.2,4300,KBS,2026-10-09T05:35:05Z
2024-02-16,VLG,4.28,4.28,4.11,4.2,38900,KBS,2026-10-09T05:35:05Z
2024-02-19,VLG,4.11,4.11,4.11,4.11,10101,KBS,2026-10-09T05:35:05Z
2024-02-20,VLG,4.11,4.28,4.11,4.28,3700,KBS,2026-10-09T05:35:05Z
2024-02-21,VLG,4.2,4.2,4.2,4.2,3900,KBS,2026-10-09T05:35:05Z
2024-02-22,VLG,4.28,4.28,4.28,4.28,1700,KBS,2026-10-09T05:35:05Z
2024-02-23,VLG,4.37,4.46,4.37,4.46,22720,KBS,2026-10-09T05:35:05Z
2024-02-26,VLG,4.37,4.81,4.28,4.81,64200,KBS,2026-10-09T05:35:05Z
2024-02-27,VLG,4.81,5.07,4.81,5.07,28806,KBS,2026-10-09T05:35:05Z
2024-02-28,VLG,5.24,5.24,4.98,4.98,8207,KBS,2026-10-09T05:35:05Z
2024-02-29,VLG,5.16,5.16,4.72,4.72,22200,KBS,2026-10-09T05:35:05Z
2024-03-01,VLG,4.72,4.81,4.72,4.81,13100,KBS,2026-10-09T05:35:05Z
2024-03-04,VLG,4.98,5.16,4.98,4.98,4603,KBS,2026-10-09T05:35:05Z
2024-03-05,VLG,4.81,4.98,4.81,4.89,8502,KBS,2026-10-09T05:35:05Z
2024-03-06,VLG,4.81,4.81,4.72,4.81,9500,KBS,2026-10-09T05:35:05Z
2024-03-07,VLG,4.81,4.89,4.72,4.81,5700,KBS,2026-10-09T05:35:05Z
2024-03-08,VLG,4.81,4.81,4.72,4.81,18200,KBS,2026-10-09T05:35:05Z
2024-03-11,VLG,4.89,4.89,4.81,4.89,7803,KBS,2026-10-09T05:35:05Z
2024-03-12,VLG,4.89,4.89,4.89,4.89,13902,KBS,2026-10-09T05:35:05Z
2024-03-13,VLG,4.89,4.89,4.81,4.81,14511,KBS,2026-10-09T05:35:05Z
2024-03-14,VLG,4.89,4.89,4.81,4.89,1600,KBS,2026-10-09T05:35:05Z
2024-03-15,VLG,4.98,4.98,4.72,4.89,12706,KBS,2026-10-09T05:35:05Z
2024-03-18,VLG,4.89,4.89,4.81,4.81,12200,KBS,2026-10-09T05:35:05Z
2024-03-19,VLG,4.72,4.81,4.72,4.81,6200,KBS,2026-10-09T05:35:05Z
2024-03-20,VLG,4.89,4.98,4.89,4.98,2801,KBS,2026-10-09T05:35:05Z
2024-03-21,VLG,4.89,4.98,4.89,4.98,11900,KBS,2026-10-09T05:35:05Z
2024-03-22,VLG,4.81,4.81,4.81,4.81,14108,KBS,2026-10-09T05:35:05Z
2024-03-25,VLG,4.81,4.81,4.81,4.81,3200,KBS,2026-10-09T05:35:05Z
2024-03-26,VLG,4.81,4.81,4.81,4.81,14600,KBS,2026-10-09T05:35:05Z
2024-03-27,VLG,4.89,4.89,4.81,4.81,3400,KBS,2026-10-09T05:35:05Z
2024-03-28,VLG,4.81,4.81,4.72,4.72,7000,KBS,2026-10-09T05:35:05Z
2024-03-29,VLG,4.72,4.81,4.72,4.81,5100,KBS,2026-10-09T05:35:05Z
2024-04-01,VLG,4.81,4.81,4.72,4.72,16008,KBS,2026-10-09T05:35:05Z
2024-04-02,VLG,4.72,4.81,4.72,4.81,200,KBS,2026-10-09T05:35:05Z
2024-04-04,VLG,4.98,4.98,4.81,4.81,2600,KBS,2026-10-09T05:35:05Z
2024-04-05,VLG,4.63,4.89,4.63,4.81,1700,KBS,2026-10-09T05:35:05Z
2024-04-08,VLG,4.72,4.72,4.72,4.72,8500,KBS,2026-10-09T05:35:05Z
2024-04-09,VLG,4.81,4.81,4.63,4.72,34200,KBS,2026-10-09T05:35:05Z
2024-04-10,VLG,4.63,4.72,4.63,4.63,47700,KBS,2026-10-09T05:35:05Z
2024-04-11,VLG,4.72,4.72,4.72,4.72,101,KBS,2026-10-09T05:35:05Z
2024-04-12,VLG,4.63,4.63,4.63,4.63,7300,KBS,2026-10-09T05:35:05Z
2024-04-15,VLG,4.63,4.63,4.55,4.55,22701,KBS,2026-10-09T05:35:05Z
2024-04-16,VLG,4.46,4.55,4.46,4.55,3700,KBS,2026-10-09T05:35:05Z
2024-04-17,VLG,4.55,4.72,4.55,4.72,7600,KBS,2026-10-09T05:35:05Z
2024-04-19,VLG,4.81,4.98,4.72,4.89,32001,KBS,2026-10-09T05:35:05Z
2024-04-22,VLG,4.89,5.07,4.89,5.07,40301,KBS,2026-10-09T05:35:05Z
2024-04-23,VLG,5.07,5.07,4.98,4.98,9900,KBS,2026-10-09T05:35:05Z
2024-04-24,VLG,4.98,4.98,4.81,4.89,9900,KBS,2026-10-09T05:35:05Z
2024-04-25,VLG,4.89,4.89,4.81,4.81,11600,KBS,2026-10-09T05:35:05Z
2024-04-26,VLG,4.81,4.81,4.81,4.81,3000,KBS,2026-10-09T05:35:05Z
2024-05-02,VLG,4.81,4.81,4.63,4.81,11500,KBS,2026-10-09T05:35:05Z
2024-05-03,VLG,4.72,4.98,4.72,4.98,10200,KBS,2026-10-09T05:35:05Z
2024-05-06,VLG,4.81,4.89,4.81,4.89,7207,KBS,2026-10-09T05:35:05Z
2024-05-07,VLG,4.89,4.89,4.72,4.72,14407,KBS,2026-10-09T05:35:05Z
2024-05-08,VLG,4.72,4.81,4.72,4.72,17701,KBS,2026-10-09T05:35:05Z
2024-05-09,VLG,4.81,4.81,4.81,4.81,3800,KBS,2026-10-09T05:35:05Z
2024-05-10,VLG,4.81,4.89,4.81,4.81,9500,KBS,2026-10-09T05:35:05Z
2024-05-13,VLG,4.81,4.89,4.81,4.81,24700,KBS,2026-10-09T05:35:05Z
2024-05-14,VLG,4.81,4.89,4.81,4.89,7200,KBS,2026-10-09T05:35:05Z
2024-05-15,VLG,4.89,4.98,4.81,4.81,11013,KBS,2026-10-09T05:35:05Z
2024-05-16,VLG,4.89,4.89,4.81,4.89,16200,KBS,2026-10-09T05:35:05Z
2024-05-17,VLG,4.89,5.16,4.89,5.16,59210,KBS,2026-10-09T05:35:05Z
2024-05-20,VLG,5.16,5.42,5.16,5.33,69931,KBS,2026-10-09T05:35:05Z
2024-05-21,VLG,5.33,5.33,5.16,5.16,34056,KBS,2026-10-09T05:35:05Z
2024-05-22,VLG,5.16,5.16,5.07,5.07,68956,KBS,2026-10-09T05:35:05Z
2024-05-23,VLG,5.16,5.24,5.16,5.24,12701,KBS,2026-10-09T05:35:05Z
2024-05-24,VLG,5.16,5.16,5.16,5.16,20700,KBS,2026-10-09T05:35:05Z
2024-05-27,VLG,5.16,5.24,5.16,5.24,3210,KBS,2026-10-09T05:35:05Z
2024-05-28,VLG,5.24,5.24,5.24,5.24,8825,KBS,2026-10-09T05:35:05Z
2024-05-29,VLG,5.24,5.24,5.16,5.16,32600,KBS,2026-10-09T05:35:05Z
2024-05-30,VLG,5.16,5.24,5.16,5.16,12800,KBS,2026-10-09T05:35:05Z
2024-05-31,VLG,5.16,5.16,5.07,5.07,22503,KBS,2026-10-09T05:35:05Z
2024-06-03,VLG,5.16,5.33,5.16,5.33,15800,KBS,2026-10-09T05:35:05Z
2024-06-04,VLG,5.33,5.77,5.33,5.77,26144,KBS,2026-10-09T05:35:05Z
2024-06-05,VLG,5.77,6.03,5.6,5.6,15336,KBS,2026-10-09T05:35:05Z
2024-06-06,VLG,5.77,5.77,5.6,5.68,9200,KBS,2026-10-09T05:35:05Z
2024-06-07,VLG,5.68,5.77,5.6,5.68,2200,KBS,2026-10-09T05:35:05Z
2024-06-10,VLG,5.86,6.47,5.68,6.47,111702,KBS,2026-10-09T05:35:05Z
2024-06-11,VLG,6.47,7.26,6.47,7.26,75110,KBS,2026-10-09T05:35:05Z
2024-06-12,VLG,7.87,7.87,6.29,6.47,63710,KBS,2026-10-09T05:35:05Z
2024-06-13,VLG,6.47,6.56,6.12,6.47,46600,KBS,2026-10-09T05:35:05Z
2024-06-14,VLG,6.38,6.47,6.03,6.03,71105,KBS,2026-10-09T05:35:05Z
2024-06-17,VLG,6.12,6.21,5.94,6.03,48000,KBS,2026-10-09T05:35:05Z
2024-06-18,VLG,6.03,6.03,5.68,6.03,87900,KBS,2026-10-09T05:35:05Z
2024-06-19,VLG,6.03,6.73,6.03,6.73,106100,KBS,2026-10-09T05:35:05Z
2024-06-20,VLG,7.17,7.6,7.17,7.6,103563,KBS,2026-10-09T05:35:05Z
2024-06-21,VLG,8.65,8.74,8.57,8.74,167207,KBS,2026-10-09T05:35:05Z
2024-06-24,VLG,10.05,10.05,9.62,10.05,430432,KBS,2026-10-09T05:35:05Z
2024-06-25,VLG,10.49,10.84,8.65,9.09,199873,KBS,2026-10-09T05:35:05Z
2024-06-26,VLG,9.18,10.49,9.18,10.49,237102,KBS,2026-10-09T05:35:05Z
2024-06-27,VLG,10.49,11.1,9.62,10.4,130601,KBS,2026-10-09T05:35:05Z
2024-06-28,VLG,10.4,10.4,9.53,9.79,68641,KBS,2026-10-09T05:35:05Z
2024-07-01,VLG,9.79,9.79,8.83,9.27,44509,KBS,2026-10-09T05:35:05Z
2024-07-02,VLG,9.09,9.53,8.57,9.09,41207,KBS,2026-10-09T05:35:05Z
2024-07-03,VLG,8.57,10.14,8.57,10.14,233017,KBS,2026-10-09T05:35:05Z
2024-07-04,VLG,10.49,11.28,10.23,11.01,197219,KBS,2026-10-09T05:35:05Z
2024-07-05,VLG,11.1,11.1,9.88,10.4,78323,KBS,2026-10-09T05:35:05Z
2024-07-08,VLG,10.4,10.49,9.18,9.62,100143,KBS,2026-10-09T05:35:05Z
2024-07-09,VLG,9.79,10.49,9.27,9.79,71221,KBS,2026-10-09T05:35:05Z
2024-07-10,VLG,10.4,10.4,9.18,9.53,91210,KBS,2026-10-09T05:35:05Z
2024-07-11,VLG,9.53,9.62,9.18,9.35,25404,KBS,2026-10-09T05:35:05Z
2024-07-12,VLG,9.53,9.88,9.27,9.44,82822,KBS,2026-10-09T05:35:05Z
2024-07-15,VLG,9.44,9.44,9.09,9.27,52337,KBS,2026-10-09T05:35:05Z
2024-07-16,VLG,9.18,9.18,8.57,8.57,120007,KBS,2026-10-09T05:35:05Z
2024-07-17,VLG,8.74,8.83,7.96,8.22,137400,KBS,2026-10-09T05:35:05Z
2024-07-18,VLG,8.04,8.3,7.78,8.04,86008,KBS,2026-10-09T05:35:05Z
2024-07-19,VLG,8.3,9.09,8.3,9.09,66201,KBS,2026-10-09T05:35:05Z
2024-07-22,VLG,9.44,9.53,7.87,8.57,199110,KBS,2026-10-09T05:35:05Z
2024-07-23,VLG,8.39,9.27,8.39,8.74,59572,KBS,2026-10-09T05:35:05Z
2024-07-24,VLG,8.83,9.18,8.57,8.74,48032,KBS,2026-10-09T05:35:05Z
2024-07-25,VLG,8.83,8.83,8.3,8.48,52511,KBS,2026-10-09T05:35:05Z
2024-07-26,VLG,8.57,8.83,8.57,8.74,36200,KBS,2026-10-09T05:35:05Z
2024-07-29,VLG,8.92,9.27,8.65,8.92,48862,KBS,2026-10-09T05:35:05Z
2024-07-30,VLG,8.92,9.0,8.48,8.65,16020,KBS,2026-10-09T05:35:05Z
2024-07-31,VLG,8.65,8.65,8.39,8.48,34411,KBS,2026-10-09T05:35:05Z
2024-08-01,VLG,8.48,8.57,8.22,8.3,38701,KBS,2026-10-09T05:35:05Z
2024-08-02,VLG,8.3,8.65,8.04,8.39,56802,KBS,2026-10-09T05:35:05Z
2024-08-05,VLG,8.3,8.3,7.78,8.04,18404,KBS,2026-10-09T05:35:05Z
2024-08-06,VLG,8.04,8.3,7.78,8.04,50521,KBS,2026-10-09T05:35:05Z
2024-08-07,VLG,7.78,8.04,7.78,7.87,18907,KBS,2026-10-09T05:35:05Z
2024-08-08,VLG,7.87,8.04,7.87,8.04,43680,KBS,2026-10-09T05:35:05Z
2024-08-09,VLG,7.96,8.22,7.96,8.22,22500,KBS,2026-10-09T05:35:05Z
2024-08-12,VLG,8.13,8.3,7.96,8.04,14502,KBS,2026-10-09T05:35:05Z
2024-08-13,VLG,8.04,8.04,7.87,7.96,19600,KBS,2026-10-09T05:35:05Z
2024-08-14,VLG,7.87,8.48,7.87,8.22,20137,KBS,2026-10-09T05:35:05Z
2024-08-15,VLG,8.13,8.13,7.87,7.96,11301,KBS,2026-10-09T05:35:05Z
2024-08-16,VLG,7.96,8.13,7.87,8.13,29725,KBS,2026-10-09T05:35:05Z
2024-08-19,VLG,8.22,8.3,8.04,8.04,27200,KBS,2026-10-09T05:35:05Z
2024-08-20,VLG,8.04,8.13,8.04,8.13,39600,KBS,2026-10-09T05:35:05Z
2024-08-21,VLG,8.04,8.13,7.87,8.13,30200,KBS,2026-10-09T05:35:05Z
2024-08-22,VLG,8.04,8.13,8.04,8.13,12643,KBS,2026-10-09T05:35:05Z
2024-08-23,VLG,8.04,8.13,8.04,8.13,23305,KBS,2026-10-09T05:35:05Z
2024-08-26,VLG,8.04,8.13,7.96,7.96,16732,KBS,2026-10-09T05:35:05Z
2024-08-27,VLG,7.96,7.96,7.87,7.96,7518,KBS,2026-10-09T05:35:05Z
2024-08-28,VLG,7.96,8.04,7.87,7.87,8001,KBS,2026-10-09T05:35:05Z
2024-08-29,VLG,7.96,7.96,7.78,7.78,14608,KBS,2026-10-09T05:35:05Z
2024-08-30,VLG,7.78,7.96,7.78,7.96,18910,KBS,2026-10-09T05:35:05Z
2024-09-04,VLG,7.96,8.13,7.78,7.96,11002,KBS,2026-10-09T05:35:05Z
2024-09-05,VLG,7.96,7.96,7.96,7.96,110,KBS,2026-10-09T05:35:05Z
2024-09-06,VLG,7.87,7.87,7.78,7.78,4404,KBS,2026-10-09T05:35:05Z
2024-09-09,VLG,7.78,7.78,7.6,7.69,7710,KBS,2026-10-09T05:35:05Z
2024-09-10,VLG,7.87,7.96,7.52,7.69,15500,KBS,2026-10-09T05:35:05Z
2024-09-11,VLG,7.52,7.52,7.26,7.34,19800,KBS,2026-10-09T05:35:05Z
2024-09-12,VLG,7.6,7.6,7.43,7.43,13321,KBS,2026-10-09T05:35:05Z
2024-09-13,VLG,7.43,7.43,7.26,7.34,18000,KBS,2026-10-09T05:35:05Z
2024-09-16,VLG,7.43,7.43,7.43,7.43,1208,KBS,2026-10-09T05:35:05Z
2024-09-17,VLG,7.43,7.43,7.43,7.43,3602,KBS,2026-10-09T05:35:05Z
2024-09-18,VLG,7.26,7.43,7.26,7.43,900,KBS,2026-10-09T05:35:05Z
2024-09-19,VLG,7.43,7.52,7.34,7.34,16120,KBS,2026-10-09T05:35:05Z
2024-09-20,VLG,7.43,7.52,7.26,7.34,20400,KBS,2026-10-09T05:35:05Z
2024-09-23,VLG,7.52,7.52,7.08,7.34,17600,KBS,2026-10-09T05:35:05Z
2024-09-24,VLG,7.26,7.26,7.26,7.26,3900,KBS,2026-10-09T05:35:05Z
2024-09-25,VLG,7.43,7.96,7.43,7.69,35404,KBS,2026-10-09T05:35:05Z
2024-09-26,VLG,7.69,7.69,7.34,7.34,4715,KBS,2026-10-09T05:35:05Z
2024-09-27,VLG,7.69,7.69,7.34,7.52,3700,KBS,2026-10-09T05:35:05Z
2024-09-30,VLG,7.34,7.43,7.17,7.26,10200,KBS,2026-10-09T05:35:05Z
2024-10-01,VLG,7.26,7.6,7.26,7.34,11924,KBS,2026-10-09T05:35:05Z
2024-10-02,VLG,7.34,7.43,7.26,7.43,6600,KBS,2026-10-09T05:35:05Z
2024-10-03,VLG,7.52,7.52,7.26,7.34,3526,KBS,2026-10-09T05:35:05Z
2024-10-04,VLG,7.26,7.26,7.17,7.26,5300,KBS,2026-10-09T05:35:05Z
2024-10-07,VLG,7.26,7.34,7.17,7.17,10900,KBS,2026-10-09T05:35:05Z
2024-10-08,VLG,7.26,7.26,7.26,7.26,4700,KBS,2026-10-09T05:35:05Z
2024-10-09,VLG,7.26,7.26,7.17,7.26,24300,KBS,2026-10-09T05:35:05Z
2024-10-10,VLG,7.17,7.6,7.08,7.34,15551,KBS,2026-10-09T05:35:05Z
2024-10-11,VLG,7.26,7.43,7.26,7.43,400,KBS,2026-10-09T05:35:05Z
2024-10-14,VLG,7.17,7.34,7.17,7.26,9400,KBS,2026-10-09T05:35:05Z
2024-10-15,VLG,7.17,7.17,7.08,7.17,17550,KBS,2026-10-09T05:35:05Z
2024-10-16,VLG,7.43,7.43,7.17,7.17,2210,KBS,2026-10-09T05:35:05Z
2024-10-17,VLG,7.08,7.34,6.99,7.34,9000,KBS,2026-10-09T05:35:05Z
2024-10-18,VLG,7.08,7.08,6.99,7.08,16500,KBS,2026-10-09T05:35:05Z
2024-10-21,VLG,7.08,7.08,6.99,6.99,13505,KBS,2026-10-09T05:35:05Z
2024-10-22,VLG,7.34,8.04,7.34,8.04,290668,KBS,2026-10-09T05:35:05Z
2024-10-23,VLG,8.3,8.3,7.6,7.78,10705,KBS,2026-10-09T05:35:05Z
2024-10-24,VLG,7.78,7.96,7.43,7.6,86348,KBS,2026-10-09T05:35:05Z
2024-10-25,VLG,7.69,7.69,7.52,7.52,28600,KBS,2026-10-09T05:35:05Z
2024-10-28,VLG,7.6,7.6,7.43,7.43,28700,KBS,2026-10-09T05:35:05Z
2024-10-29,VLG,7.52,7.78,7.43,7.69,48100,KBS,2026-10-09T05:35:05Z
2024-10-30,VLG,7.78,7.78,7.52,7.6,15200,KBS,2026-10-09T05:35:05Z
2024-10-31,VLG,7.69,7.69,7.52,7.6,32112,KBS,2026-10-09T05:35:05Z
2024-11-01,VLG,7.6,7.6,7.43,7.43,27404,KBS,2026-10-09T05:35:05Z
2024-11-04,VLG,7.43,7.43,7.26,7.26,23410,KBS,2026-10-09T05:35:05Z
2024-11-05,VLG,7.69,7.69,7.34,7.52,39800,KBS,2026-10-09T05:35:05Z
2024-11-06,VLG,7.52,7.52,7.43,7.43,10201,KBS,2026-10-09T05:35:05Z
2024-11-07,VLG,7.43,7.52,7.43,7.43,21000,KBS,2026-10-09T05:35:05Z
2024-11-08,VLG,7.43,8.04,7.43,8.04,74422,KBS,2026-10-09T05:35:05Z
2024-11-11,VLG,7.87,8.92,7.87,8.92,118866,KBS,2026-10-09T05:35:05Z
2024-11-12,VLG,9.44,9.88,8.74,8.83,126723,KBS,2026-10-09T05:35:05Z
2024-11-13,VLG,8.13,9.44,8.13,9.09,97537,KBS,2026-10-09T05:35:05Z
2024-11-14,VLG,8.92,9.0,8.65,8.65,31402,KBS,2026-10-09T05:35:05Z
2024-11-15,VLG,8.65,8.74,8.48,8.48,35270,KBS,2026-10-09T05:35:05Z
2024-11-18,VLG,8.57,8.65,8.39,8.65,25530,KBS,2026-10-09T05:35:05Z
2024-11-19,VLG,8.57,8.57,8.3,8.48,35700,KBS,2026-10-09T05:35:05Z
2024-11-20,VLG,8.22,8.39,7.96,8.22,30200,KBS,2026-10-09T05:35:05Z
2024-11-21,VLG,8.3,8.3,8.13,8.22,32500,KBS,2026-10-09T05:35:05Z
2024-11-22,VLG,8.13,8.22,8.04,8.13,34960,KBS,2026-10-09T05:35:05Z
2024-11-25,VLG,8.22,8.48,8.22,8.3,39610,KBS,2026-10-09T05:35:05Z
2024-11-26,VLG,8.3,8.3,8.13,8.3,23240,KBS,2026-10-09T05:35:05Z
2024-11-27,VLG,8.3,8.39,8.3,8.3,26600,KBS,2026-10-09T05:35:05Z
2024-11-28,VLG,8.39,9.09,8.39,8.92,116250,KBS,2026-10-09T05:35:05Z
2024-11-29,VLG,8.83,8.83,8.65,8.65,41800,KBS,2026-10-09T05:35:05Z
2024-12-02,VLG,8.65,8.74,8.48,8.57,51100,KBS,2026-10-09T05:35:05Z
2024-12-03,VLG,8.65,8.74,8.65,8.74,54201,KBS,2026-10-09T05:35:05Z
2024-12-04,VLG,8.83,8.92,8.48,8.57,18705,KBS,2026-10-09T05:35:05Z
2024-12-05,VLG,8.48,8.74,8.3,8.48,64100,KBS,2026-10-09T05:35:05Z
2024-12-06,VLG,8.39,8.48,8.3,8.48,46600,KBS,2026-10-09T05:35:05Z
2024-12-09,VLG,8.39,8.48,8.3,8.39,9500,KBS,2026-10-09T05:35:05Z
2024-12-10,VLG,8.39,8.39,8.3,8.3,45104,KBS,2026-10-09T05:35:05Z
2024-12-11,VLG,8.3,8.39,8.22,8.3,33000,KBS,2026-10-09T05:35:05Z
2024-12-12,VLG,8.3,8.48,8.22,8.3,26700,KBS,2026-10-09T05:35:05Z
2024-12-13,VLG,8.22,8.3,8.22,8.22,52911,KBS,2026-10-09T05:35:05Z
2024-12-16,VLG,8.3,8.3,8.13,8.3,64500,KBS,2026-10-09T05:35:05Z
2024-12-17,VLG,8.22,8.3,8.22,8.3,8000,KBS,2026-10-09T05:35:05Z
2024-12-18,VLG,8.22,8.3,8.22,8.3,6300,KBS,2026-10-09T05:35:05Z
2024-12-19,VLG,8.22,8.22,8.13,8.22,15715,KBS,2026-10-09T05:35:05Z
2024-12-20,VLG,8.3,9.44,8.3,9.27,187402,KBS,2026-10-09T05:35:05Z
2024-12-23,VLG,9.27,9.96,9.27,9.44,107716,KBS,2026-10-09T05:35:05Z
2024-12-24,VLG,9.62,9.62,8.74,9.0,149930,KBS,2026-10-09T05:35:05Z
2024-12-25,VLG,8.92,9.44,8.83,9.18,112800,KBS,2026-10-09T05:35:05Z
2024-12-26,VLG,9.18,9.27,8.92,9.09,70200,KBS,2026-10-09T05:35:05Z
2024-12-27,VLG,9.09,9.09,8.83,8.92,36100,KBS,2026-10-09T05:35:05Z
2024-12-30,VLG,9.0,9.0,8.83,8.83,30900,KBS,2026-10-09T05:35:05Z
2024-12-31,VLG,8.83,9.27,8.74,8.92,51700,KBS,2026-10-09T05:35:05Z
2025-01-02,VLG,8.92,8.92,8.83,8.92,20000,KBS,2026-10-09T05:35:05Z
2025-01-03,VLG,9.0,9.0,8.83,9.0,21700,KBS,2026-10-09T05:35:05Z
2025-01-06,VLG,9.0,9.53,9.0,9.18,89311,KBS,2026-10-09T05:35:05Z
2025-01-07,VLG,9.18,9.35,8.92,8.92,32610,KBS,2026-10-09T05:35:05Z
2025-01-08,VLG,9.09,9.79,8.92,9.7,122351,KBS,2026-10-09T05:35:05Z
2025-01-09,VLG,9.7,10.75,9.62,10.75,711923,KBS,2026-10-09T05:35:05Z
2025-01-10,VLG,11.19,11.89,10.75,10.93,181923,KBS,2026-10-09T05:35:05Z
2025-01-13,VLG,11.1,12.76,10.4,11.45,274499,KBS,2026-10-09T05:35:05Z
2025-01-14,VLG,11.45,11.71,9.96,10.32,390909,KBS,2026-10-09T05:35:05Z
2025-01-15,VLG,10.4,10.75,10.23,10.4,127457,KBS,2026-10-09T05:35:05Z
2025-01-16,VLG,10.4,11.54,10.32,11.36,209801,KBS,2026-10-09T05:35:05Z
2025-01-17,VLG,11.8,12.68,11.36,11.63,257925,KBS,2026-10-09T05:35:05Z
2025-01-20,VLG,11.89,12.5,11.28,12.24,104757,KBS,2026-10-09T05:35:05Z
2025-01-21,VLG,12.24,12.41,10.32,10.32,510409,KBS,2026-10-09T05:35:05Z
2025-01-22,VLG,10.32,10.49,9.96,10.14,159543,KBS,2026-10-09T05:35:05Z
2025-01-23,VLG,10.05,10.49,9.7,10.05,117193,KBS,2026-10-09T05:35:05Z
2025-01-24,VLG,10.05,10.23,9.79,9.79,94005,KBS,2026-10-09T05:35:05Z
2025-02-03,VLG,9.88,9.88,9.44,9.7,93201,KBS,2026-10-09T05:35:05Z
2025-02-04,VLG,9.96,10.49,9.79,10.4,113082,KBS,2026-10-09T05:35:05Z
2025-02-05,VLG,10.75,10.84,10.32,10.84,136929,KBS,2026-10-09T05:35:05Z
2025-02-06,VLG,11.01,11.28,10.66,10.84,87268,KBS,2026-10-09T05:35:05Z
2025-02-07,VLG,10.84,11.1,10.49,10.66,67700,KBS,2026-10-09T05:35:05Z
2025-02-10,VLG,10.66,10.66,9.96,10.23,195650,KBS,2026-10-09T05:35:05Z
2025-02-11,VLG,10.14,10.4,10.05,10.4,42701,KBS,2026-10-09T05:35:05Z
2025-02-12,VLG,10.32,10.58,10.23,10.4,45410,KBS,2026-10-09T05:35:05Z
2025-02-13,VLG,10.32,11.01,10.23,10.93,85633,KBS,2026-10-09T05:35:05Z
2025-02-14,VLG,10.93,11.1,10.32,10.4,103410,KBS,2026-10-09T05:35:05Z
2025-02-17,VLG,10.4,10.75,10.4,10.49,38046,KBS,2026-10-09T05:35:05Z
2025-02-18,VLG,10.4,10.49,10.32,10.49,74408,KBS,2026-10-09T05:35:05Z
2025-02-19,VLG,10.58,10.84,10.49,10.75,96115,KBS,2026-10-09T05:35:05Z
2025-02-20,VLG,10.84,10.93,10.49,10.75,70624,KBS,2026-10-09T05:35:05Z
2025-02-21,VLG,10.75,10.75,10.49,10.66,72102,KBS,2026-10-09T05:35:05Z
2025-02-24,VLG,10.75,11.28,10.58,11.01,167038,KBS,2026-10-09T05:35:05Z
2025-02-25,VLG,10.93,10.93,10.66,10.75,39500,KBS,2026-10-09T05:35:05Z
2025-02-26,VLG,10.84,11.89,10.75,11.1,121394,KBS,2026-10-09T05:35:05Z
2025-02-27,VLG,10.84,11.28,10.75,11.01,31333,KBS,2026-10-09T05:35:05Z
2025-02-28,VLG,10.84,10.93,10.66,10.75,84708,KBS,2026-10-09T05:35:05Z
2025-03-03,VLG,10.93,11.1,10.66,10.84,20000,KBS,2026-10-09T05:35:05Z
2025-03-04,VLG,10.75,10.84,10.05,10.49,176318,KBS,2026-10-09T05:35:05Z
2025-03-05,VLG,10.49,10.49,9.88,10.14,123913,KBS,2026-10-09T05:35:05Z
2025-03-06,VLG,10.05,10.23,9.96,10.14,26620,KBS,2026-10-09T05:35:05Z
2025-03-07,VLG,10.05,10.05,9.88,9.96,59169,KBS,2026-10-09T05:35:05Z
2025-03-10,VLG,9.96,10.23,9.79,9.96,63216,KBS,2026-10-09T05:35:05Z
2025-03-11,VLG,9.96,9.96,9.88,9.96,22100,KBS,2026-10-09T05:35:05Z
2025-03-12,VLG,9.96,10.14,9.88,9.96,21800,KBS,2026-10-09T05:35:05Z
2025-03-13,VLG,10.05,10.14,9.88,9.88,31641,KBS,2026-10-09T05:35:05Z
2025-03-14,VLG,9.96,9.96,9.7,9.79,28740,KBS,2026-10-09T05:35:05Z
2025-03-17,VLG,9.79,9.96,9.79,9.79,17431,KBS,2026-10-09T05:35:05Z
2025-03-18,VLG,9.88,10.05,9.88,9.88,9500,KBS,2026-10-09T05:35:05Z
2025-03-19,VLG,9.96,9.96,9.79,9.96,17200,KBS,2026-10-09T05:35:05Z
2025-03-20,VLG,9.79,9.96,9.79,9.88,18800,KBS,2026-10-09T05:35:05Z
2025-03-21,VLG,9.88,9.88,9.62,9.7,113300,KBS,2026-10-09T05:35:05Z
2025-03-24,VLG,9.7,9.7,9.35,9.53,75501,KBS,2026-10-09T05:35:05Z
2025-03-25,VLG,9.53,9.7,9.53,9.7,23600,KBS,2026-10-09T05:35:05Z
2025-03-26,VLG,9.62,9.7,9.53,9.62,27000,KBS,2026-10-09T05:35:05Z
2025-03-27,VLG,9.62,9.62,9.53,9.53,9300,KBS,2026-10-09T05:35:05Z
2025-03-28,VLG,9.62,9.62,9.44,9.53,25100,KBS,2026-10-09T05:35:05Z
2025-03-31,VLG,9.44,9.62,9.44,9.53,12300,KBS,2026-10-09T05:35:05Z
2025-04-01,VLG,9.53,9.62,9.53,9.53,2800,KBS,2026-10-09T05:35:05Z
2025-04-02,VLG,9.62,9.62,9.53,9.53,3800,KBS,2026-10-09T05:35:05Z
2025-04-03,VLG,9.44,9.44,8.13,8.13,96501,KBS,2026-10-09T05:35:05Z
2025-04-04,VLG,7.17,7.96,7.17,7.87,100400,KBS,2026-10-09T05:35:05Z
2025-04-08,VLG,7.26,7.34,6.64,6.64,50700,KBS,2026-10-09T05:35:05Z
2025-04-09,VLG,6.73,6.82,6.73,6.73,21100,KBS,2026-10-09T05:35:05Z
2025-04-10,VLG,7.34,7.69,7.34,7.69,4600,KBS,2026-10-09T05:35:05Z
2025-04-11,VLG,7.69,7.69,6.99,7.52,30000,KBS,2026-10-09T05:35:05Z
2025-04-14,VLG,7.43,8.3,7.43,8.04,32801,KBS,2026-10-09T05:35:05Z
2025-04-15,VLG,8.22,8.3,7.78,8.04,20800,KBS,2026-10-09T05:35:05Z
2025-04-16,VLG,7.78,7.87,7.69,7.87,6700,KBS,2026-10-09T05:35:05Z
2025-04-17,VLG,7.69,7.78,7.6,7.78,8100,KBS,2026-10-09T05:35:05Z
2025-04-18,VLG,7.6,8.04,7.6,7.96,9400,KBS,2026-10-09T05:35:05Z
2025-04-21,VLG,7.78,8.04,7.43,7.78,41100,KBS,2026-10-09T05:35:05Z
2025-04-22,VLG,7.69,7.87,7.43,7.87,42400,KBS,2026-10-09T05:35:05Z
2025-04-23,VLG,7.87,8.3,7.87,8.22,18300,KBS,2026-10-09T05:35:05Z
2025-04-24,VLG,8.3,8.3,7.87,8.13,23702,KBS,2026-10-09T05:35:05Z
2025-04-25,VLG,8.13,8.13,7.87,7.96,2900,KBS,2026-10-09T05:35:05Z
2025-04-28,VLG,8.04,8.39,7.87,8.13,5200,KBS,2026-10-09T05:35:05Z
2025-04-29,VLG,7.87,8.3,7.87,8.13,9700,KBS,2026-10-09T05:35:05Z
2025-05-05,VLG,8.04,8.13,7.87,8.13,9300,KBS,2026-10-09T05:35:05Z
2025-05-06,VLG,8.13,8.3,7.96,7.96,19300,KBS,2026-10-09T05:35:05Z
2025-05-07,VLG,8.04,8.13,8.04,8.04,1600,KBS,2026-10-09T05:35:05Z
2025-05-08,VLG,8.22,8.22,7.96,8.04,9200,KBS,2026-10-09T05:35:05Z
2025-05-09,VLG,8.04,8.04,7.87,7.87,10500,KBS,2026-10-09T05:35:05Z
2025-05-12,VLG,7.87,8.13,7.78,7.96,13600,KBS,2026-10-09T05:35:05Z
2025-05-13,VLG,8.22,8.22,7.78,7.96,12200,KBS,2026-10-09T05:35:05Z
2025-05-14,VLG,8.04,8.74,7.78,8.13,31900,KBS,2026-10-09T05:35:05Z
2025-05-15,VLG,8.39,8.39,8.04,8.3,9000,KBS,2026-10-09T05:35:05Z
2025-05-16,VLG,8.13,8.3,7.87,8.13,9900,KBS,2026-10-09T05:35:05Z
2025-05-19,VLG,8.13,8.13,7.78,7.96,10800,KBS,2026-10-09T05:35:05Z
2025-05-20,VLG,8.04,8.13,7.78,8.13,4100,KBS,2026-10-09T05:35:05Z
2025-05-21,VLG,8.13,8.13,7.96,8.04,3100,KBS,2026-10-09T05:35:05Z
2025-05-22,VLG,8.04,8.04,7.52,7.96,128400,KBS,2026-10-09T05:35:05Z
2025-05-23,VLG,7.96,8.13,7.96,8.13,8100,KBS,2026-10-09T05:35:05Z
2025-05-26,VLG,8.22,8.22,7.87,8.04,20800,KBS,2026-10-09T05:35:05Z
2025-05-27,VLG,8.04,9.0,7.78,8.3,125300,KBS,2026-10-09T05:35:05Z
2025-05-28,VLG,8.65,8.65,8.13,8.3,9500,KBS,2026-10-09T05:35:05Z
2025-05-29,VLG,8.48,8.48,7.87,7.96,52300,KBS,2026-10-09T05:35:05Z
2025-05-30,VLG,8.04,8.13,7.87,8.04,12300,KBS,2026-10-09T05:35:05Z
2025-06-02,VLG,7.87,7.96,7.87,7.96,21800,KBS,2026-10-09T05:35:05Z
2025-06-03,VLG,7.96,8.13,7.87,8.13,17600,KBS,2026-10-09T05:35:05Z
2025-06-04,VLG,8.13,8.13,7.87,8.04,26600,KBS,2026-10-09T05:35:05Z
2025-06-05,VLG,7.96,8.04,7.96,8.04,6300,KBS,2026-10-09T05:35:05Z
2025-06-06,VLG,8.22,8.22,7.87,8.04,11000,KBS,2026-10-09T05:35:05Z
2025-06-09,VLG,8.04,8.04,7.96,8.04,6900,KBS,2026-10-09T05:35:05Z
2025-06-10,VLG,8.04,8.13,7.87,8.13,11600,KBS,2026-10-09T05:35:05Z
2025-06-11,VLG,8.13,8.13,7.96,8.04,3900,KBS,2026-10-09T05:35:05Z
2025-06-12,VLG,8.13,8.13,7.96,8.04,3900,KBS,2026-10-09T05:35:05Z
2025-06-13,VLG,7.96,8.04,7.78,7.96,25200,KBS,2026-10-09T05:35:05Z
2025-06-16,VLG,8.04,8.13,7.87,8.13,17200,KBS,2026-10-09T05:35:05Z
2025-06-17,VLG,8.04,8.13,7.96,8.04,9200,KBS,2026-10-09T05:35:05Z
2025-06-18,VLG,7.96,8.04,7.87,8.04,9400,KBS,2026-10-09T05:35:05Z
2025-06-19,VLG,7.96,8.04,7.87,7.96,15600,KBS,2026-10-09T05:35:05Z
2025-06-20,VLG,7.96,8.04,7.87,7.87,14100,KBS,2026-10-09T05:35:05Z
2025-06-23,VLG,8.04,8.22,7.96,7.96,11400,KBS,2026-10-09T05:35:05Z
2025-06-24,VLG,8.04,8.13,7.96,8.04,6300,KBS,2026-10-09T05:35:05Z
2025-06-25,VLG,8.04,8.04,7.87,8.04,8000,KBS,2026-10-09T05:35:05Z
2025-06-26,VLG,8.04,8.04,7.87,7.96,14700,KBS,2026-10-09T05:35:05Z
2025-06-27,VLG,8.04,8.04,7.78,7.87,14400,KBS,2026-10-09T05:35:05Z
2025-06-30,VLG,7.87,7.96,7.87,7.96,9800,KBS,2026-10-09T05:35:05Z
2025-07-01,VLG,7.87,7.96,7.87,7.96,18600,KBS,2026-10-09T05:35:05Z
2025-07-02,VLG,7.87,7.87,7.78,7.87,17100,KBS,2026-10-09T05:35:05Z
2025-07-03,VLG,7.87,7.96,7.87,7.96,3900,KBS,2026-10-09T05:35:05Z
2025-07-04,VLG,7.96,7.96,7.78,7.96,17800,KBS,2026-10-09T05:35:05Z
2025-07-07,VLG,7.96,7.96,7.78,7.87,14300,KBS,2026-10-09T05:35:05Z
2025-07-08,VLG,7.87,7.87,7.87,7.87,18200,KBS,2026-10-09T05:35:05Z
2025-07-09,VLG,7.78,7.96,7.69,7.87,26400,KBS,2026-10-09T05:35:05Z
2025-07-10,VLG,7.78,8.04,7.78,8.04,30800,KBS,2026-10-09T05:35:05Z
2025-07-11,VLG,8.04,8.48,8.04,8.3,45600,KBS,2026-10-09T05:35:05Z
2025-07-14,VLG,8.39,8.57,8.22,8.3,19300,KBS,2026-10-09T05:35:05Z
2025-07-15,VLG,8.39,8.39,8.22,8.39,32100,KBS,2026-10-09T05:35:05Z
2025-07-16,VLG,8.3,8.3,8.22,8.3,2000,KBS,2026-10-09T05:35:05Z
2025-07-17,VLG,8.65,8.65,8.22,8.3,8100,KBS,2026-10-09T05:35:05Z
2025-07-18,VLG,8.3,8.39,8.13,8.3,10200,KBS,2026-10-09T05:35:05Z
2025-07-21,VLG,8.3,8.48,8.22,8.39,21100,KBS,2026-10-09T05:35:05Z
2025-07-22,VLG,8.22,8.65,8.22,8.65,19900,KBS,2026-10-09T05:35:05Z
2025-07-23,VLG,8.65,8.65,8.39,8.57,6400,KBS,2026-10-09T05:35:05Z
2025-07-24,VLG,8.65,8.65,8.13,8.3,22600,KBS,2026-10-09T05:35:05Z
2025-07-25,VLG,8.39,8.57,8.13,8.48,15400,KBS,2026-10-09T05:35:05Z
2025-07-28,VLG,8.48,8.48,8.3,8.3,18400,KBS,2026-10-09T05:35:05Z
2025-07-29,VLG,8.39,8.39,8.13,8.13,25500,KBS,2026-10-09T05:35:05Z
2025-07-30,VLG,8.22,8.3,8.04,8.13,23800,KBS,2026-10-09T05:35:05Z
2025-07-31,VLG,8.13,8.22,8.04,8.22,27400,KBS,2026-10-09T05:35:05Z
2025-08-01,VLG,8.13,8.13,8.04,8.13,20700,KBS,2026-10-09T05:35:05Z
2025-08-04,VLG,8.04,8.04,7.96,8.04,12100,KBS,2026-10-09T05:35:05Z
2025-08-05,VLG,8.13,8.13,7.96,7.96,20400,KBS,2026-10-09T05:35:05Z
2025-08-06,VLG,8.04,8.04,7.96,8.04,3500,KBS,2026-10-09T05:35:05Z
2025-08-07,VLG,7.96,8.13,7.96,7.96,10000,KBS,2026-10-09T05:35:05Z
2025-08-08,VLG,8.04,8.3,8.04,8.3,21100,KBS,2026-10-09T05:35:05Z
2025-08-11,VLG,8.3,8.3,7.96,8.13,11100,KBS,2026-10-09T05:35:05Z
2025-08-12,VLG,8.3,8.3,8.04,8.22,9300,KBS,2026-10-09T05:35:05Z
2025-08-13,VLG,8.3,8.3,8.13,8.22,6800,KBS,2026-10-09T05:35:05Z
2025-08-14,VLG,8.3,8.3,8.13,8.22,19600,KBS,2026-10-09T05:35:05Z
2025-08-15,VLG,8.22,8.22,8.13,8.22,27000,KBS,2026-10-09T05:35:05Z
2025-08-18,VLG,8.04,8.13,8.04,8.13,2400,KBS,2026-10-09T05:35:05Z
2025-08-19,VLG,8.13,8.22,8.04,8.22,13300,KBS,2026-10-09T05:35:05Z
2025-08-20,VLG,8.13,8.22,8.04,8.04,9300,KBS,2026-10-09T05:35:05Z
2025-08-21,VLG,8.13,8.22,8.04,8.22,1300,KBS,2026-10-09T05:35:05Z
2025-08-22,VLG,8.22,8.22,8.04,8.04,5800,KBS,2026-10-09T05:35:05Z
2025-08-25,VLG,8.13,8.13,8.04,8.13,5200,KBS,2026-10-09T05:35:05Z
2025-08-26,VLG,8.04,8.13,8.04,8.13,3100,KBS,2026-10-09T05:35:05Z
2025-08-27,VLG,8.13,8.22,8.04,8.22,25800,KBS,2026-10-09T05:35:05Z
2025-08-28,VLG,8.22,8.22,8.13,8.22,11600,KBS,2026-10-09T05:35:05Z
2025-08-29,VLG,8.04,8.22,8.04,8.13,8700,KBS,2026-10-09T05:35:05Z
2025-09-03,VLG,8.3,8.3,8.13,8.3,2600,KBS,2026-10-09T05:35:05Z
2025-09-04,VLG,8.13,8.22,8.04,8.22,2800,KBS,2026-10-09T05:35:05Z
2025-09-05,VLG,8.13,8.22,8.04,8.22,36900,KBS,2026-10-09T05:35:05Z
2025-09-08,VLG,8.13,8.22,8.04,8.04,20300,KBS,2026-10-09T05:35:05Z
2025-09-09,VLG,8.13,8.3,8.13,8.3,20500,KBS,2026-10-09T05:35:05Z
2025-09-10,VLG,8.3,8.3,8.22,8.3,3000,KBS,2026-10-09T05:35:05Z
2025-09-11,VLG,8.3,8.39,8.13,8.3,20800,KBS,2026-10-09T05:35:05Z
2025-09-12,VLG,8.22,8.3,8.22,8.22,8700,KBS,2026-10-09T05:35:05Z
2025-09-15,VLG,8.3,8.39,8.3,8.39,13900,KBS,2026-10-09T05:35:05Z
2025-09-16,VLG,8.39,8.48,8.3,8.3,10500,KBS,2026-10-09T05:35:05Z
2025-09-17,VLG,8.3,8.3,8.13,8.13,20000,KBS,2026-10-09T05:35:05Z
2025-09-18,VLG,8.22,8.48,8.22,8.39,33500,KBS,2026-10-09T05:35:05Z
2025-09-19,VLG,8.78,8.97,8.49,8.49,24600,KBS,2026-10-09T05:35:05Z
2025-09-22,VLG,8.49,8.78,8.21,8.49,30400,KBS,2026-10-09T05:35:05Z
2025-09-23,VLG,8.69,8.69,8.4,8.49,1600,KBS,2026-10-09T05:35:05Z
2025-09-24,VLG,8.4,8.49,8.3,8.49,1900,KBS,2026-10-09T05:35:05Z
2025-09-25,VLG,8.4,8.49,8.4,8.49,1700,KBS,2026-10-09T05:35:05Z
2025-09-26,VLG,8.4,8.49,8.4,8.49,2400,KBS,2026-10-09T05:35:05Z
2025-09-29,VLG,8.4,8.49,8.4,8.4,1700,KBS,2026-10-09T05:35:05Z
2025-09-30,VLG,8.49,8.49,8.21,8.4,15100,KBS,2026-10-09T05:35:05Z
2025-10-01,VLG,8.4,8.49,8.4,8.49,600,KBS,2026-10-09T05:35:05Z
2025-10-02,VLG,8.49,8.49,8.4,8.49,300,KBS,2026-10-09T05:35:05Z
2025-10-03,VLG,8.4,8.49,8.3,8.49,11900,KBS,2026-10-09T05:35:05Z
2025-10-06,VLG,8.59,8.97,8.59,8.69,4200,KBS,2026-10-09T05:35:05Z
2025-10-07,VLG,8.88,8.97,8.78,8.88,4700,KBS,2026-10-09T05:35:05Z
2025-10-08,VLG,8.49,8.78,8.49,8.78,800,KBS,2026-10-09T05:35:05Z
2025-10-09,VLG,8.49,8.69,8.4,8.59,7000,KBS,2026-10-09T05:35:05Z
2025-10-10,VLG,8.59,8.59,8.59,8.59,700,KBS,2026-10-09T05:35:05Z
2025-10-13,VLG,8.49,8.59,8.4,8.59,1400,KBS,2026-10-09T05:35:05Z
2025-10-14,VLG,8.59,8.59,8.4,8.59,1800,KBS,2026-10-09T05:35:05Z
2025-10-15,VLG,8.59,8.59,8.21,8.59,38500,KBS,2026-10-09T05:35:05Z
2025-10-16,VLG,8.49,8.59,8.21,8.49,10700,KBS,2026-10-09T05:35:05Z
2025-10-17,VLG,8.3,8.3,8.11,8.3,16700,KBS,2026-10-09T05:35:05Z
2025-10-20,VLG,8.49,8.49,8.11,8.3,2900,KBS,2026-10-09T05:35:05Z
2025-10-21,VLG,8.02,8.4,8.02,8.02,12500,KBS,2026-10-09T05:35:05Z
2025-10-22,VLG,8.11,8.11,7.92,8.02,11500,KBS,2026-10-09T05:35:05Z
2025-10-23,VLG,8.11,8.11,7.83,7.83,11500,KBS,2026-10-09T05:35:05Z
2025-10-24,VLG,7.92,8.02,7.73,7.92,7900,KBS,2026-10-09T05:35:05Z
2025-10-27,VLG,8.02,8.02,8.02,8.02,1200,KBS,2026-10-09T05:35:05Z
2025-10-28,VLG,7.92,7.92,7.64,7.92,17400,KBS,2026-10-09T05:35:05Z
2025-10-29,VLG,7.73,8.88,7.64,8.88,26800,KBS,2026-10-09T05:35:05Z
2025-10-30,VLG,8.4,8.49,8.4,8.49,7400,KBS,2026-10-09T05:35:05Z
2025-10-31,VLG,8.59,8.59,8.02,8.4,3400,KBS,2026-10-09T05:35:05Z
2025-11-03,VLG,8.11,8.3,8.11,8.3,600,KBS,2026-10-09T05:35:05Z
2025-11-04,VLG,8.02,8.21,7.92,8.21,4000,KBS,2026-10-09T05:35:05Z
2025-11-05,VLG,7.92,7.92,7.92,7.92,300,KBS,2026-10-09T05:35:05Z
2025-11-06,VLG,7.83,8.11,7.83,8.11,18000,KBS,2026-10-09T05:35:05Z
2025-11-07,VLG,8.21,8.21,8.21,8.21,100,KBS,2026-10-09T05:35:05Z
2025-11-10,VLG,8.21,8.59,8.21,8.59,2000,KBS,2026-10-09T05:35:05Z
2025-11-12,VLG,7.92,8.4,7.92,8.4,7200,KBS,2026-10-09T05:35:05Z
2025-11-13,VLG,8.4,8.59,8.21,8.21,3500,KBS,2026-10-09T05:35:05Z
2025-11-14,VLG,8.21,8.59,8.11,8.4,10100,KBS,2026-10-09T05:35:05Z
2025-11-17,VLG,8.4,8.59,8.3,8.59,1000,KBS,2026-10-09T05:35:05Z
2025-11-18,VLG,8.49,8.59,7.83,8.49,5800,KBS,2026-10-09T05:35:05Z
2025-11-19,VLG,8.4,8.4,8.4,8.4,300,KBS,2026-10-09T05:35:05Z
2025-11-21,VLG,8.4,8.49,8.3,8.49,300,KBS,2026-10-09T05:35:05Z
2025-11-24,VLG,8.4,8.4,8.4,8.4,200,KBS,2026-10-09T05:35:05Z
2025-11-26,VLG,7.92,8.49,7.92,8.49,2700,KBS,2026-10-09T05:35:05Z
2025-11-27,VLG,7.92,8.4,7.92,8.4,5700,KBS,2026-10-09T05:35:05Z
2025-11-28,VLG,8.21,8.59,8.21,8.59,2100,KBS,2026-10-09T05:35:05Z
2025-12-01,VLG,8.21,8.3,8.11,8.11,700,KBS,2026-10-09T05:35:05Z
2025-12-02,VLG,7.92,8.21,7.92,8.21,900,KBS,2026-10-09T05:35:05Z
2025-12-03,VLG,8.4,8.4,7.92,8.3,2100,KBS,2026-10-09T05:35:05Z
2025-12-04,VLG,8.3,8.3,8.3,8.3,500,KBS,2026-10-09T05:35:05Z
2025-12-05,VLG,8.3,8.3,8.3,8.3,100,KBS,2026-10-09T05:35:05Z
2025-12-08,VLG,8.4,8.59,8.4,8.59,11400,KBS,2026-10-09T05:35:05Z
2025-12-09,VLG,8.49,8.49,8.49,8.49,3400,KBS,2026-10-09T05:35:05Z
2025-12-11,VLG,8.02,8.02,7.92,7.92,3300,KBS,2026-10-09T05:35:05Z
2025-12-12,VLG,8.02,8.4,7.73,8.4,10900,KBS,2026-10-09T05:35:05Z
2025-12-15,VLG,8.3,8.3,8.3,8.3,100,KBS,2026-10-09T05:35:05Z
2025-12-16,VLG,8.11,8.11,8.11,8.11,100,KBS,2026-10-09T05:35:05Z
2025-12-17,VLG,8.11,8.11,8.11,8.11,500,KBS,2026-10-09T05:35:05Z
2025-12-18,VLG,8.3,8.3,8.11,8.11,2400,KBS,2026-10-09T05:35:05Z
2025-12-19,VLG,8.11,8.21,8.11,8.21,200,KBS,2026-10-09T05:35:05Z
2025-12-26,VLG,7.92,8.3,7.92,8.21,2300,KBS,2026-10-09T05:35:05Z
2025-12-29,VLG,7.92,7.92,7.92,7.92,600,KBS,2026-10-09T05:35:05Z
2025-12-30,VLG,8.3,8.3,8.3,8.3,100,KBS,2026-10-09T05:35:05Z
2025-12-31,VLG,8.11,8.21,8.02,8.21,2000,KBS,2026-10-09T05:35:05Z
2026-01-05,VLG,8.11,8.11,8.11,8.11,700,KBS,2026-10-09T05:35:05Z
2026-01-08,VLG,7.92,8.3,7.92,8.3,2300,KBS,2026-10-09T05:35:05Z
2026-01-09,VLG,8.11,8.21,7.73,8.21,10100,KBS,2026-10-09T05:35:05Z
2026-01-12,VLG,8.21,8.21,8.21,8.21,100,KBS,2026-10-09T05:35:05Z
2026-01-13,VLG,7.83,7.92,7.83,7.92,2900,KBS,2026-10-09T05:35:05Z
2026-01-14,VLG,8.21,8.4,8.11,8.3,6300,KBS,2026-10-09T05:35:05Z
2026-01-15,VLG,8.3,8.3,8.02,8.02,10700,KBS,2026-10-09T05:35:05Z
2026-01-16,VLG,8.11,8.11,8.11,8.11,4300,KBS,2026-10-09T05:35:05Z
2026-01-19,VLG,8.21,8.21,8.11,8.11,200,KBS,2026-10-09T05:35:05Z
2026-01-20,VLG,8.11,8.11,7.92,8.02,12100,KBS,2026-10-09T05:35:05Z
2026-01-21,VLG,7.92,7.92,7.92,7.92,10300,KBS,2026-10-09T05:35:05Z
2026-01-22,VLG,8.11,8.11,7.83,7.83,6100,KBS,2026-10-09T05:35:05Z
2026-01-23,VLG,8.02,8.02,7.83,7.83,2700,KBS,2026-10-09T05:35:05Z
2026-01-26,VLG,7.83,7.83,7.83,7.83,10300,KBS,2026-10-09T05:35:05Z
2026-01-27,VLG,7.73,7.92,7.73,7.92,4300,KBS,2026-10-09T05:35:05Z
2026-01-28,VLG,7.92,7.92,7.83,7.83,600,KBS,2026-10-09T05:35:05Z
2026-01-29,VLG,7.83,7.83,7.73,7.73,3400,KBS,2026-10-09T05:35:05Z
2026-01-30,VLG,8.02,8.02,7.83,7.83,1400,KBS,2026-10-09T05:35:05Z
2026-02-02,VLG,7.83,7.83,7.83,7.83,700,KBS,2026-10-09T05:35:05Z
2026-02-03,VLG,7.73,8.11,7.73,8.11,400,KBS,2026-10-09T05:35:05Z
2026-02-04,VLG,7.73,7.73,7.73,7.73,1700,KBS,2026-10-09T05:35:05Z
2026-02-05,VLG,8.02,8.02,8.02,8.02,200,KBS,2026-10-09T05:35:05Z
2026-02-06,VLG,7.73,8.02,7.73,8.02,900,KBS,2026-10-09T05:35:05Z
2026-02-09,VLG,7.73,7.83,7.73,7.73,3400,KBS,2026-10-09T05:35:05Z
2026-02-10,VLG,7.64,7.64,7.64,7.64,3800,KBS,2026-10-09T05:35:05Z
2026-02-11,VLG,7.64,7.64,7.64,7.64,3400,KBS,2026-10-09T05:35:05Z
2026-02-12,VLG,7.92,7.92,7.64,7.64,400,KBS,2026-10-09T05:35:05Z
2026-02-13,VLG,7.92,7.92,7.92,7.92,100,KBS,2026-10-09T05:35:05Z
2026-02-23,VLG,7.92,8.02,7.92,8.02,800,KBS,2026-10-09T05:35:05Z
2026-02-24,VLG,8.02,8.02,8.02,8.02,700,KBS,2026-10-09T05:35:05Z
2026-02-25,VLG,8.11,8.11,7.83,7.83,1600,KBS,2026-10-09T05:35:05Z
2026-02-27,VLG,8.02,8.02,7.83,7.92,800,KBS,2026-10-09T05:35:05Z
2026-03-02,VLG,8.02,8.59,8.02,8.4,3800,KBS,2026-10-09T05:35:05Z
2026-03-03,VLG,8.4,8.4,8.11,8.11,3400,KBS,2026-10-09T05:35:05Z
2026-03-04,VLG,8.02,8.21,7.83,8.21,2300,KBS,2026-10-09T05:35:05Z
2026-03-05,VLG,8.21,8.21,8.11,8.11,200,KBS,2026-10-09T05:35:05Z
2026-03-09,VLG,7.83,7.83,7.44,7.44,7800,KBS,2026-10-09T05:35:05Z
2026-03-10,VLG,8.59,8.59,8.59,8.59,100,KBS,2026-10-09T05:35:05Z
2026-03-11,VLG,9.74,9.74,8.02,8.11,2200,KBS,2026-10-09T05:35:05Z
2026-03-12,VLG,9.26,9.26,7.83,8.11,2300,KBS,2026-10-09T05:35:05Z
2026-03-13,VLG,8.21,8.21,8.21,8.21,100,KBS,2026-10-09T05:35:05Z
2026-03-16,VLG,8.11,8.11,8.11,8.11,400,KBS,2026-10-09T05:35:05Z
2026-03-17,VLG,7.83,8.11,7.83,8.11,500,KBS,2026-10-09T05:35:05Z
2026-03-18,VLG,8.4,8.4,7.83,8.02,800,KBS,2026-10-09T05:35:05Z
2026-03-19,VLG,8.21,8.21,7.73,8.11,7100,KBS,2026-10-09T05:35:05Z
2026-03-20,VLG,8.78,8.78,8.11,8.11,200,KBS,2026-10-09T05:35:05Z
2026-03-23,VLG,8.88,8.88,7.73,7.73,2900,KBS,2026-10-09T05:35:05Z
2026-03-24,VLG,8.21,8.21,7.64,8.21,3300,KBS,2026-10-09T05:35:05Z
2026-03-25,VLG,8.21,8.21,8.21,8.21,200,KBS,2026-10-09T05:35:05Z
2026-03-26,VLG,8.21,8.21,8.21,8.21,100,KBS,2026-10-09T05:35:05Z
2026-03-27,VLG,8.3,8.3,8.3,8.3,100,KBS,2026-10-09T05:35:05Z
2026-03-30,VLG,8.3,8.3,8.3,8.3,100,KBS,2026-10-09T05:35:05Z
2026-03-31,VLG,8.4,8.4,8.4,8.4,100,KBS,2026-10-09T05:35:05Z
2026-04-01,VLG,8.3,8.3,8.21,8.21,200,KBS,2026-10-09T05:35:05Z
2026-04-02,VLG,8.3,8.3,8.3,8.3,100,KBS,2026-10-09T05:35:05Z
2026-04-03,VLG,8.21,8.21,8.11,8.11,200,KBS,2026-10-09T05:35:05Z
2026-04-06,VLG,9.36,9.36,9.36,9.36,100,KBS,2026-10-09T05:35:05Z
2026-04-07,VLG,8.88,8.88,8.11,8.11,1900,KBS,2026-10-09T05:35:05Z
2026-04-08,VLG,8.21,8.21,8.02,8.02,500,KBS,2026-10-09T05:35:05Z
2026-04-09,VLG,8.78,8.78,7.83,7.83,1300,KBS,2026-10-09T05:35:05Z
2026-04-10,VLG,8.69,8.69,7.83,7.92,700,KBS,2026-10-09T05:35:05Z
2026-04-13,VLG,8.02,8.02,8.02,8.02,2300,KBS,2026-10-09T05:35:05Z
2026-04-14,VLG,8.88,8.88,8.11,8.11,1900,KBS,2026-10-09T05:35:05Z
2026-04-15,VLG,8.02,8.02,7.92,8.02,2000,KBS,2026-10-09T05:35:05Z
2026-04-16,VLG,8.11,8.11,7.83,7.83,2500,KBS,2026-10-09T05:35:05Z
2026-04-17,VLG,8.21,8.21,7.83,7.83,5500,KBS,2026-10-09T05:35:05Z
2026-04-20,VLG,7.83,8.11,7.83,8.11,1600,KBS,2026-10-09T05:35:05Z
2026-04-21,VLG,8.11,8.11,7.44,7.92,11800,KBS,2026-10-09T05:35:05Z
2026-04-22,VLG,8.88,8.88,7.73,7.73,1300,KBS,2026-10-09T05:35:05Z
2026-04-23,VLG,8.88,8.88,7.92,7.92,2700,KBS,2026-10-09T05:35:05Z
2026-04-24,VLG,8.69,8.69,7.64,7.64,4700,KBS,2026-10-09T05:35:05Z
2026-04-28,VLG,8.4,8.4,7.64,7.92,700,KBS,2026-10-09T05:35:05Z
2026-04-29,VLG,8.4,8.4,7.54,7.64,2400,KBS,2026-10-09T05:35:05Z
2026-05-04,VLG,8.11,8.11,7.64,7.73,700,KBS,2026-10-09T05:35:05Z
2026-05-05,VLG,8.21,8.21,7.54,7.54,3600,KBS,2026-10-09T05:35:05Z
2026-05-06,VLG,8.21,8.21,7.73,7.73,1300,KBS,2026-10-09T05:35:05Z
2026-05-07,VLG,8.21,8.21,7.64,7.64,1500,KBS,2026-10-09T05:35:05Z
2026-05-08,VLG,7.73,7.73,7.73,7.73,200,KBS,2026-10-09T05:35:05Z
2026-05-11,VLG,7.73,7.73,6.87,7.26,8800,KBS,2026-10-09T05:35:05Z
2026-05-12,VLG,8.02,8.02,8.02,8.02,100,KBS,2026-10-09T05:35:05Z
2026-05-13,VLG,8.02,8.02,7.64,7.83,500,KBS,2026-10-09T05:35:05Z
2026-05-14,VLG,7.54,7.54,7.54,7.54,4100,KBS,2026-10-09T05:35:05Z
2026-05-15,VLG,8.11,8.11,7.44,7.44,4300,KBS,2026-10-09T05:35:05Z
2026-05-18,VLG,8.02,8.02,7.54,7.54,9200,KBS,2026-10-09T05:35:05Z
2026-05-19,VLG,7.54,7.54,7.44,7.54,1000,KBS,2026-10-09T05:35:05Z
2026-05-20,VLG,7.35,7.44,7.35,7.44,2600,KBS,2026-10-09T05:35:05Z
2026-05-21,VLG,8.11,8.11,7.54,7.54,6700,KBS,2026-10-09T05:35:05Z
2026-05-22,VLG,7.54,7.54,7.54,7.54,300,KBS,2026-10-09T05:35:05Z
2026-05-25,VLG,7.54,7.54,7.54,7.54,700,KBS,2026-10-09T05:35:05Z
2026-05-26,VLG,7.44,7.44,7.44,7.44,2700,KBS,2026-10-09T05:35:05Z
2026-05-27,VLG,8.11,8.11,7.44,7.44,1500,KBS,2026-10-09T05:35:05Z
2026-05-28,VLG,7.54,7.54,7.54,7.54,1500,KBS,2026-10-09T05:35:05Z
2026-06-01,VLG,7.73,7.73,7.73,7.73,100,KBS,2026-10-09T05:35:05Z
2026-06-02,VLG,7.64,7.64,7.64,7.64,100,KBS,2026-10-09T05:35:05Z
2026-06-08,VLG,7.54,7.54,7.54,7.54,400,KBS,2026-10-09T05:35:05Z
2026-06-09,VLG,7.35,7.64,7.35,7.64,2400,KBS,2026-10-09T05:35:05Z
2026-06-11,VLG,7.35,7.44,7.35,7.44,1000,KBS,2026-10-09T05:35:05Z
2026-06-12,VLG,7.64,7.64,7.64,7.64,100,KBS,2026-10-09T05:35:05Z
2026-06-16,VLG,7.64,7.64,7.64,7.64,200,KBS,2026-10-09T05:35:05Z
2026-06-17,VLG,7.54,7.54,7.54,7.54,500,KBS,2026-10-09T05:35:05Z
2026-06-18,VLG,7.44,7.44,7.44,7.44,2000,KBS,2026-10-09T05:35:05Z
2026-06-19,VLG,8.21,8.21,8.21,8.21,100,KBS,2026-10-09T05:35:05Z
2026-06-22,VLG,7.54,7.54,7.44,7.44,2200,KBS,2026-10-09T05:35:05Z
2026-06-23,VLG,7.44,7.44,7.35,7.35,1400,KBS,2026-10-09T05:35:05Z
2026-06-24,VLG,7.35,7.35,7.35,7.35,500,KBS,2026-10-09T05:35:05Z
2026-06-26,VLG,8.02,8.02,8.02,8.02,100,KBS,2026-10-09T05:35:05Z
2026-06-29,VLG,7.73,7.73,7.35,7.35,700,KBS,2026-10-09T05:35:05Z
2026-06-30,VLG,8.02,8.02,8.02,8.02,100,KBS,2026-10-09T05:35:05Z
2026-07-01,VLG,7.73,7.73,7.16,7.16,6200,KBS,2026-10-09T05:35:05Z
2026-07-02,VLG,8.02,8.02,7.16,7.16,800,KBS,2026-10-09T05:35:05Z
2026-07-03,VLG,8.02,8.02,7.16,7.26,700,KBS,2026-10-09T05:35:05Z
2026-07-06,VLG,7.73,7.73,7.73,7.73,100,KBS,2026-10-09T05:35:05Z
2026-07-07,VLG,7.16,7.64,7.16,7.64,400,KBS,2026-10-09T05:35:05Z
2026-07-08,VLG,7.83,7.83,7.06,7.16,7700,KBS,2026-10-09T05:35:05Z
2026-07-09,VLG,7.83,7.83,7.06,7.06,800,KBS,2026-10-09T05:35:05Z
2026-07-10,VLG,7.64,7.64,6.68,6.97,11800,KBS,2026-10-09T05:35:05Z
2026-07-13,VLG,6.87,6.87,6.87,6.87,400,KBS,2026-10-09T05:35:05Z
2026-07-14,VLG,7.35,7.35,7.35,7.35,100,KBS,2026-10-09T05:35:05Z
2026-07-15,VLG,6.78,6.78,6.59,6.59,2000,KBS,2026-10-09T05:35:05Z
2026-07-16,VLG,7.44,7.44,6.49,6.49,2500,KBS,2026-10-09T05:35:05Z
2026-07-17,VLG,6.78,7.44,6.68,7.44,2000,KBS,2026-10-09T05:35:05Z
2026-07-20,VLG,6.87,7.44,6.59,7.44,4500,KBS,2026-10-09T05:35:05Z
2026-07-21,VLG,7.26,7.26,7.26,7.26,200,KBS,2026-10-09T05:35:05Z
2026-07-22,VLG,6.68,6.68,6.49,6.49,4600,KBS,2026-10-09T05:35:05Z
2026-07-23,VLG,7.44,7.44,6.49,6.59,1200,KBS,2026-10-09T05:35:05Z
2026-07-24,VLG,7.44,7.44,6.49,6.49,300,KBS,2026-10-09T05:35:05Z
2026-07-27,VLG,7.26,7.26,7.26,7.26,100,KBS,2026-10-09T05:35:05Z
2026-07-28,VLG,7.35,7.35,7.35,7.35,100,KBS,2026-10-09T05:35:05Z
2026-07-30,VLG,6.49,7.44,6.49,7.35,800,KBS,2026-10-09T05:35:05Z
2026-07-31,VLG,7.83,7.83,7.83,7.83,100,KBS,2026-10-09T05:35:05Z
2026-08-03,VLG,6.68,6.87,6.68,6.68,11900,KBS,2026-10-09T05:35:05Z
2026-08-04,VLG,7.35,7.35,7.35,7.35,100,KBS,2026-10-09T05:35:05Z
2026-08-05,VLG,7.54,7.54,7.54,7.54,100,KBS,2026-10-09T05:35:05Z
2026-08-06,VLG,6.59,7.26,6.59,7.26,300,KBS,2026-10-09T05:35:05Z
2026-08-07,VLG,7.44,7.44,7.44,7.44,100,KBS,2026-10-09T05:35:05Z
2026-08-10,VLG,7.44,7.44,7.44,7.44,100,KBS,2026-10-09T05:35:05Z
2026-08-11,VLG,7.54,8.02,7.54,7.92,1200,KBS,2026-10-09T05:35:05Z
2026-08-12,VLG,6.68,6.68,6.68,6.68,1600,KBS,2026-10-09T05:35:05Z
2026-08-13,VLG,7.64,7.64,6.68,6.68,1400,KBS,2026-10-09T05:35:05Z
2026-08-14,VLG,7.73,7.73,7.35,7.44,800,KBS,2026-10-09T05:35:05Z
2026-08-17,VLG,7.92,7.92,7.92,7.92,100,KBS,2026-10-09T05:35:05Z
2026-08-20,VLG,6.78,6.78,6.78,6.78,1900,KBS,2026-10-09T05:35:05Z
2026-08-21,VLG,7.64,7.64,6.49,7.06,4800,KBS,2026-10-09T05:35:05Z
2026-08-24,VLG,7.35,7.35,7.35,7.35,100,KBS,2026-10-09T05:35:05Z
2026-08-26,VLG,7.26,7.26,7.26,7.26,1500,KBS,2026-10-09T05:35:05Z
2026-08-28,VLG,7.73,7.73,7.73,7.73,100,KBS,2026-10-09T05:35:05Z
2026-09-04,VLG,6.59,6.68,6.59,6.68,400,KBS,2026-10-09T05:35:05Z
2026-09-07,VLG,7.64,7.64,6.68,6.68,200,KBS,2026-10-09T05:35:05Z
2026-09-08,VLG,7.73,7.73,6.49,6.49,6100,KBS,2026-10-09T05:35:05Z
2026-09-09,VLG,7.44,7.44,7.44,7.44,100,KBS,2026-10-09T05:35:05Z
2026-09-10,VLG,7.35,7.35,7.35,7.35,100,KBS,2026-10-09T05:35:05Z
2026-09-11,VLG,7.06,7.06,7.06,7.06,300,KBS,2026-10-09T05:35:05Z
2026-09-17,VLG,6.4,6.59,6.3,6.49,8700,KBS,2026-10-09T05:35:05Z
2026-09-18,VLG,7.35,7.35,7.16,7.26,300,KBS,2026-10-09T05:35:05Z
2026-09-21,VLG,6.49,6.49,6.49,6.49,11700,KBS,2026-10-09T05:35:05Z
2026-09-24,VLG,6.97,6.97,6.97,6.97,200,KBS,2026-10-09T05:35:05Z
2026-09-25,VLG,6.87,6.87,6.87,6.87,700,KBS,2026-10-09T05:35:05Z
2026-09-28,VLG,6.49,6.49,6.3,6.4,3600,KBS,2026-10-09T05:35:05Z
2026-09-29,VLG,7.2,7.2,7.2,7.2,100,KBS,2026-10-09T05:35:05Z
2026-09-30,VLG,8.0,8.0,6.5,6.5,1100,KBS,2026-10-09T05:35:05Z
2026-10-01,VLG,7.0,7.0,6.6,6.6,1000,KBS,2026-10-09T05:35:05Z
2026-10-02,VLG,7.4,7.4,7.4,7.4,5000,KBS,2026-10-09T05:35:05Z
2026-10-07,VLG,6.4,6.4,6.4,6.4,2000,KBS,2026-10-09T05:35:05Z
2026-10-08,VLG,7.0,7.0,7.0,7.0,100,KBS,2026-10-09T05:35:05Z
2026-10-09,VLG,6.9,6.9,6.9,6.9,100,KBS,2026-10-09T05:35:05Z
