date,symbol,open,high,low,close,volume,source,fetched_at
2018-10-11,VRG,2.17,2.17,1.98,1.98,200,KBS,2026-10-09T05:36:14Z
2018-10-12,VRG,1.86,2.17,1.86,2.17,1050,KBS,2026-10-09T05:36:14Z
2018-10-15,VRG,2.23,2.23,2.23,2.23,500,KBS,2026-10-09T05:36:14Z
2018-10-16,VRG,2.17,2.17,2.17,2.17,400,KBS,2026-10-09T05:36:14Z
2018-10-18,VRG,2.17,2.17,2.17,2.17,100,KBS,2026-10-09T05:36:14Z
2018-10-23,VRG,2.29,2.29,2.23,2.23,1300,KBS,2026-10-09T05:36:14Z
2018-11-01,VRG,2.17,2.17,1.98,1.98,10000,KBS,2026-10-09T05:36:14Z
2018-11-02,VRG,2.17,2.17,2.17,2.17,100,KBS,2026-10-09T05:36:14Z
2018-11-05,VRG,2.41,2.41,2.17,2.17,1800,KBS,2026-10-09T05:36:14Z
2018-11-06,VRG,1.98,2.17,1.98,2.17,2500,KBS,2026-10-09T05:36:14Z
2018-11-07,VRG,2.23,2.23,2.23,2.23,100,KBS,2026-10-09T05:36:14Z
2018-11-08,VRG,2.17,2.17,1.92,2.17,4950,KBS,2026-10-09T05:36:14Z
2018-11-09,VRG,1.98,1.98,1.98,1.98,100,KBS,2026-10-09T05:36:14Z
2018-11-12,VRG,2.17,2.17,2.17,2.17,100,KBS,2026-10-09T05:36:14Z
2018-11-13,VRG,2.35,2.35,1.98,1.98,23920,KBS,2026-10-09T05:36:14Z
2018-11-14,VRG,2.17,2.29,2.17,2.29,5600,KBS,2026-10-09T05:36:14Z
2018-11-15,VRG,2.6,2.6,2.48,2.6,17120,KBS,2026-10-09T05:36:14Z
2018-11-16,VRG,2.97,2.97,2.97,2.97,9800,KBS,2026-10-09T05:36:14Z
2018-11-19,VRG,3.09,3.4,3.09,3.4,10710,KBS,2026-10-09T05:36:14Z
2018-11-20,VRG,3.9,3.9,3.9,3.9,46600,KBS,2026-10-09T05:36:14Z
2018-11-21,VRG,4.46,4.46,3.34,4.02,74120,KBS,2026-10-09T05:36:14Z
2018-11-22,VRG,3.59,4.21,3.59,4.15,12110,KBS,2026-10-09T05:36:14Z
2018-11-23,VRG,3.71,3.71,3.65,3.65,8600,KBS,2026-10-09T05:36:14Z
2018-11-26,VRG,3.65,3.65,3.65,3.65,3020,KBS,2026-10-09T05:36:14Z
2018-11-27,VRG,3.65,3.65,3.65,3.65,2000,KBS,2026-10-09T05:36:14Z
2018-11-28,VRG,3.65,3.65,3.16,3.16,8900,KBS,2026-10-09T05:36:14Z
2018-11-29,VRG,3.16,3.28,3.16,3.16,3400,KBS,2026-10-09T05:36:14Z
2018-11-30,VRG,3.4,3.53,3.4,3.4,1000,KBS,2026-10-09T05:36:14Z
2018-12-03,VRG,3.46,3.59,3.46,3.59,7500,KBS,2026-10-09T05:36:14Z
2018-12-04,VRG,3.65,3.65,3.59,3.59,15100,KBS,2026-10-09T05:36:14Z
2018-12-05,VRG,3.59,3.59,3.53,3.53,24010,KBS,2026-10-09T05:36:14Z
2018-12-06,VRG,3.71,3.71,3.65,3.65,600,KBS,2026-10-09T05:36:14Z
2018-12-07,VRG,3.59,3.59,3.53,3.53,4000,KBS,2026-10-09T05:36:14Z
2018-12-10,VRG,3.53,3.59,3.53,3.59,610,KBS,2026-10-09T05:36:14Z
2018-12-11,VRG,3.46,3.46,3.09,3.09,16700,KBS,2026-10-09T05:36:14Z
2018-12-14,VRG,3.34,3.59,3.34,3.59,21600,KBS,2026-10-09T05:36:14Z
2018-12-17,VRG,3.71,3.71,3.71,3.71,2900,KBS,2026-10-09T05:36:14Z
2018-12-20,VRG,3.4,3.4,3.4,3.4,1600,KBS,2026-10-09T05:36:14Z
2018-12-24,VRG,3.22,3.22,3.22,3.22,1600,KBS,2026-10-09T05:36:14Z
2019-01-07,VRG,3.4,3.4,3.4,3.4,1540,KBS,2026-10-09T05:36:14Z
2019-01-10,VRG,3.4,3.65,3.4,3.65,9310,KBS,2026-10-09T05:36:14Z
2019-01-14,VRG,3.4,3.4,3.4,3.4,100,KBS,2026-10-09T05:36:14Z
2019-01-15,VRG,3.28,3.4,3.28,3.4,4230,KBS,2026-10-09T05:36:14Z
2019-01-17,VRG,3.28,3.28,3.28,3.28,1000,KBS,2026-10-09T05:36:14Z
2019-01-21,VRG,2.91,2.91,2.91,2.91,100,KBS,2026-10-09T05:36:14Z
2019-01-22,VRG,3.34,3.34,3.34,3.34,200,KBS,2026-10-09T05:36:14Z
2019-01-23,VRG,3.34,3.34,3.34,3.34,2700,KBS,2026-10-09T05:36:14Z
2019-01-24,VRG,2.91,3.34,2.91,3.34,5600,KBS,2026-10-09T05:36:14Z
2019-01-28,VRG,3.16,3.16,3.16,3.16,100,KBS,2026-10-09T05:36:14Z
2019-01-29,VRG,3.22,3.22,3.22,3.22,9900,KBS,2026-10-09T05:36:14Z
2019-01-30,VRG,3.4,3.4,3.4,3.4,1000,KBS,2026-10-09T05:36:14Z
2019-01-31,VRG,2.97,2.97,2.97,2.97,100,KBS,2026-10-09T05:36:14Z
2019-02-01,VRG,2.97,3.4,2.97,3.4,300,KBS,2026-10-09T05:36:14Z
2019-02-11,VRG,3.22,3.22,3.22,3.22,100,KBS,2026-10-09T05:36:14Z
2019-02-12,VRG,3.28,3.28,3.28,3.28,100,KBS,2026-10-09T05:36:14Z
2019-02-13,VRG,3.4,3.65,3.4,3.65,3000,KBS,2026-10-09T05:36:14Z
2019-02-14,VRG,3.71,4.02,3.71,3.96,13700,KBS,2026-10-09T05:36:14Z
2019-02-15,VRG,3.9,4.02,3.84,3.96,8000,KBS,2026-10-09T05:36:14Z
2019-02-18,VRG,3.84,3.9,3.84,3.9,9000,KBS,2026-10-09T05:36:14Z
2019-02-19,VRG,3.9,3.96,3.9,3.96,14900,KBS,2026-10-09T05:36:14Z
2019-02-20,VRG,3.84,3.84,3.84,3.84,300,KBS,2026-10-09T05:36:14Z
2019-02-21,VRG,3.77,3.77,3.77,3.77,5000,KBS,2026-10-09T05:36:14Z
2019-02-22,VRG,3.22,3.22,3.22,3.22,100,KBS,2026-10-09T05:36:14Z
2019-02-25,VRG,3.65,3.65,3.46,3.65,25200,KBS,2026-10-09T05:36:14Z
2019-02-26,VRG,4.08,4.08,3.59,3.59,300,KBS,2026-10-09T05:36:14Z
2019-02-27,VRG,3.9,3.9,3.53,3.53,200,KBS,2026-10-09T05:36:14Z
2019-02-28,VRG,3.71,3.77,3.65,3.77,45300,KBS,2026-10-09T05:36:14Z
2019-03-01,VRG,4.08,4.08,3.65,3.77,7000,KBS,2026-10-09T05:36:14Z
2019-03-04,VRG,3.9,3.9,3.77,3.84,9500,KBS,2026-10-09T05:36:14Z
2019-03-05,VRG,4.21,4.21,3.84,3.9,2200,KBS,2026-10-09T05:36:14Z
2019-03-06,VRG,3.9,3.9,3.9,3.9,5200,KBS,2026-10-09T05:36:14Z
2019-03-07,VRG,4.27,4.27,3.84,3.84,200,KBS,2026-10-09T05:36:14Z
2019-03-08,VRG,3.59,3.96,3.59,3.96,500,KBS,2026-10-09T05:36:14Z
2019-03-11,VRG,4.08,4.08,3.9,3.9,2100,KBS,2026-10-09T05:36:14Z
2019-03-12,VRG,3.96,3.96,3.77,3.96,12200,KBS,2026-10-09T05:36:14Z
2019-03-13,VRG,3.9,3.9,3.9,3.9,13700,KBS,2026-10-09T05:36:14Z
2019-03-14,VRG,3.46,3.9,3.46,3.9,9480,KBS,2026-10-09T05:36:14Z
2019-03-15,VRG,3.46,4.08,3.46,3.84,8420,KBS,2026-10-09T05:36:14Z
2019-03-18,VRG,3.77,3.84,3.71,3.84,3200,KBS,2026-10-09T05:36:14Z
2019-03-19,VRG,3.9,3.9,3.84,3.9,21800,KBS,2026-10-09T05:36:14Z
2019-03-20,VRG,3.9,4.46,3.9,3.96,9100,KBS,2026-10-09T05:36:14Z
2019-03-21,VRG,4.15,4.58,4.02,4.02,4600,KBS,2026-10-09T05:36:14Z
2019-03-22,VRG,4.02,4.02,3.96,4.02,7300,KBS,2026-10-09T05:36:14Z
2019-03-25,VRG,4.08,4.08,3.96,3.96,2500,KBS,2026-10-09T05:36:14Z
2019-03-26,VRG,3.9,3.9,3.84,3.84,4100,KBS,2026-10-09T05:36:14Z
2019-03-27,VRG,3.9,4.02,3.9,3.9,7500,KBS,2026-10-09T05:36:14Z
2019-03-28,VRG,3.9,3.9,3.9,3.9,3030,KBS,2026-10-09T05:36:14Z
2019-03-29,VRG,3.9,3.9,3.9,3.9,3200,KBS,2026-10-09T05:36:14Z
2019-04-01,VRG,3.9,3.9,3.9,3.9,1300,KBS,2026-10-09T05:36:14Z
2019-04-02,VRG,3.77,4.02,3.77,4.02,2100,KBS,2026-10-09T05:36:14Z
2019-04-03,VRG,3.9,4.08,3.9,4.08,15400,KBS,2026-10-09T05:36:14Z
2019-04-04,VRG,4.21,4.21,3.9,4.08,6700,KBS,2026-10-09T05:36:14Z
2019-04-05,VRG,4.02,4.02,4.02,4.02,23700,KBS,2026-10-09T05:36:14Z
2019-04-08,VRG,4.21,4.33,4.08,4.33,19230,KBS,2026-10-09T05:36:14Z
2019-04-09,VRG,4.27,4.39,4.27,4.39,30640,KBS,2026-10-09T05:36:14Z
2019-04-10,VRG,4.27,4.39,4.27,4.27,24300,KBS,2026-10-09T05:36:14Z
2019-04-11,VRG,4.33,4.33,4.27,4.27,6220,KBS,2026-10-09T05:36:14Z
2019-04-12,VRG,4.21,4.27,4.02,4.27,2300,KBS,2026-10-09T05:36:14Z
2019-04-16,VRG,4.15,4.33,4.08,4.33,27750,KBS,2026-10-09T05:36:14Z
2019-04-17,VRG,4.21,4.33,4.08,4.33,29300,KBS,2026-10-09T05:36:14Z
2019-04-18,VRG,4.83,4.83,4.33,4.83,35200,KBS,2026-10-09T05:36:14Z
2019-04-19,VRG,4.83,5.44,4.83,5.44,56660,KBS,2026-10-09T05:36:14Z
2019-04-22,VRG,6.13,6.19,5.38,6.06,136870,KBS,2026-10-09T05:36:14Z
2019-04-23,VRG,5.69,6.06,5.26,5.94,38010,KBS,2026-10-09T05:36:14Z
2019-04-24,VRG,5.57,5.82,5.51,5.75,30800,KBS,2026-10-09T05:36:14Z
2019-04-25,VRG,5.82,5.82,4.95,5.38,92900,KBS,2026-10-09T05:36:14Z
2019-04-26,VRG,5.32,5.69,5.01,5.69,45300,KBS,2026-10-09T05:36:14Z
2019-05-02,VRG,5.14,5.69,5.14,5.51,9504,KBS,2026-10-09T05:36:14Z
2019-05-03,VRG,5.14,5.44,5.14,5.26,14310,KBS,2026-10-09T05:36:14Z
2019-05-06,VRG,5.44,5.63,5.32,5.57,49010,KBS,2026-10-09T05:36:14Z
2019-05-07,VRG,5.57,5.69,5.44,5.51,11030,KBS,2026-10-09T05:36:14Z
2019-05-08,VRG,5.26,5.57,5.26,5.57,33830,KBS,2026-10-09T05:36:14Z
2019-05-09,VRG,5.32,5.51,5.32,5.32,8500,KBS,2026-10-09T05:36:14Z
2019-05-10,VRG,5.26,5.44,5.26,5.44,11700,KBS,2026-10-09T05:36:14Z
2019-05-13,VRG,5.26,5.69,5.26,5.57,57840,KBS,2026-10-09T05:36:14Z
2019-05-14,VRG,5.57,5.63,5.44,5.57,44000,KBS,2026-10-09T05:36:14Z
2019-05-15,VRG,5.51,5.51,5.26,5.44,35630,KBS,2026-10-09T05:36:14Z
2019-05-16,VRG,5.38,5.38,5.32,5.38,23800,KBS,2026-10-09T05:36:14Z
2019-05-17,VRG,5.2,5.63,5.2,5.63,7900,KBS,2026-10-09T05:36:14Z
2019-05-20,VRG,5.63,6.13,5.57,6.13,89850,KBS,2026-10-09T05:36:14Z
2019-05-21,VRG,5.94,6.31,5.94,6.06,51370,KBS,2026-10-09T05:36:14Z
2019-05-22,VRG,6.06,6.74,6.06,6.56,257820,KBS,2026-10-09T05:36:14Z
2019-05-23,VRG,6.5,6.99,6.37,6.93,237020,KBS,2026-10-09T05:36:14Z
2019-05-24,VRG,6.93,7.05,6.56,6.68,155320,KBS,2026-10-09T05:36:14Z
2019-05-27,VRG,6.81,7.73,6.81,7.73,214930,KBS,2026-10-09T05:36:14Z
2019-05-28,VRG,8.04,8.35,7.92,8.35,169005,KBS,2026-10-09T05:36:14Z
2019-05-29,VRG,9.16,9.4,8.35,8.85,277100,KBS,2026-10-09T05:36:14Z
2019-05-30,VRG,8.97,8.97,8.04,8.54,128300,KBS,2026-10-09T05:36:14Z
2019-05-31,VRG,8.35,8.35,7.36,7.36,120640,KBS,2026-10-09T05:36:14Z
2019-06-03,VRG,7.61,8.29,7.12,7.98,208300,KBS,2026-10-09T05:36:14Z
2019-06-04,VRG,7.8,8.54,7.8,8.35,149400,KBS,2026-10-09T05:36:14Z
2019-06-05,VRG,8.54,8.66,8.23,8.66,148570,KBS,2026-10-09T05:36:14Z
2019-06-06,VRG,8.66,8.66,8.23,8.23,39900,KBS,2026-10-09T05:36:14Z
2019-06-07,VRG,8.41,8.66,7.98,8.23,155940,KBS,2026-10-09T05:36:14Z
2019-06-10,VRG,8.29,8.35,8.04,8.04,53530,KBS,2026-10-09T05:36:14Z
2019-06-11,VRG,7.8,8.54,7.8,8.35,145080,KBS,2026-10-09T05:36:14Z
2019-06-12,VRG,8.29,9.16,8.23,8.66,180750,KBS,2026-10-09T05:36:14Z
2019-06-13,VRG,8.54,8.72,8.35,8.48,86660,KBS,2026-10-09T05:36:14Z
2019-06-14,VRG,8.54,8.6,8.29,8.35,66800,KBS,2026-10-09T05:36:14Z
2019-06-17,VRG,8.11,8.23,7.98,8.23,49360,KBS,2026-10-09T05:36:14Z
2019-06-18,VRG,8.04,8.66,8.04,8.6,208600,KBS,2026-10-09T05:36:14Z
2019-06-19,VRG,8.6,9.28,8.6,9.16,342690,KBS,2026-10-09T05:36:14Z
2019-06-20,VRG,8.35,9.4,8.35,9.1,134740,KBS,2026-10-09T05:36:14Z
2019-06-21,VRG,8.97,9.1,8.41,8.6,208720,KBS,2026-10-09T05:36:14Z
2019-06-24,VRG,8.6,9.9,8.29,8.6,118070,KBS,2026-10-09T05:36:14Z
2019-06-25,VRG,8.35,8.66,8.35,8.54,31800,KBS,2026-10-09T05:36:14Z
2019-06-26,VRG,8.54,8.72,8.35,8.48,78100,KBS,2026-10-09T05:36:14Z
2019-06-27,VRG,8.54,8.54,8.35,8.35,77131,KBS,2026-10-09T05:36:14Z
2019-06-28,VRG,8.35,8.35,7.92,8.17,184799,KBS,2026-10-09T05:36:14Z
2019-07-01,VRG,8.04,8.48,8.04,8.41,71000,KBS,2026-10-09T05:36:14Z
2019-07-02,VRG,8.35,8.48,8.29,8.48,135700,KBS,2026-10-09T05:36:14Z
2019-07-03,VRG,8.11,8.41,8.11,8.29,73900,KBS,2026-10-09T05:36:14Z
2019-07-04,VRG,8.29,8.79,8.29,8.54,138820,KBS,2026-10-09T05:36:14Z
2019-07-05,VRG,8.48,8.6,8.41,8.54,58700,KBS,2026-10-09T05:36:14Z
2019-07-08,VRG,8.41,8.48,8.29,8.48,70100,KBS,2026-10-09T05:36:14Z
2019-07-09,VRG,8.35,8.48,8.29,8.35,113740,KBS,2026-10-09T05:36:14Z
2019-07-10,VRG,8.35,8.48,8.29,8.48,116800,KBS,2026-10-09T05:36:14Z
2019-07-11,VRG,8.48,9.47,8.48,9.34,786060,KBS,2026-10-09T05:36:14Z
2019-07-12,VRG,9.4,9.47,9.16,9.16,185851,KBS,2026-10-09T05:36:14Z
2019-07-15,VRG,9.16,9.78,9.16,9.65,210990,KBS,2026-10-09T05:36:14Z
2019-07-16,VRG,9.65,9.65,9.28,9.53,167480,KBS,2026-10-09T05:36:14Z
2019-07-17,VRG,9.34,9.53,9.22,9.28,262320,KBS,2026-10-09T05:36:14Z
2019-07-18,VRG,9.28,9.28,8.97,9.03,239060,KBS,2026-10-09T05:36:14Z
2019-07-19,VRG,9.1,9.22,8.91,8.97,190301,KBS,2026-10-09T05:36:14Z
2019-07-22,VRG,9.03,9.1,8.91,8.91,103460,KBS,2026-10-09T05:36:14Z
2019-07-23,VRG,8.91,9.53,8.79,9.16,330880,KBS,2026-10-09T05:36:14Z
2019-07-24,VRG,9.03,9.34,9.03,9.16,167120,KBS,2026-10-09T05:36:14Z
2019-07-25,VRG,9.16,9.53,9.03,9.28,293840,KBS,2026-10-09T05:36:14Z
2019-07-26,VRG,9.22,9.28,9.1,9.1,56920,KBS,2026-10-09T05:36:14Z
2019-07-29,VRG,9.03,9.16,9.03,9.16,75720,KBS,2026-10-09T05:36:14Z
2019-07-30,VRG,9.1,9.16,8.79,8.79,174730,KBS,2026-10-09T05:36:14Z
2019-07-31,VRG,8.79,8.79,7.92,8.41,465110,KBS,2026-10-09T05:36:14Z
2019-08-01,VRG,8.35,8.85,8.17,8.66,136600,KBS,2026-10-09T05:36:14Z
2019-08-02,VRG,8.6,8.97,8.6,8.85,81770,KBS,2026-10-09T05:36:14Z
2019-08-05,VRG,8.79,9.16,8.6,9.1,290570,KBS,2026-10-09T05:36:14Z
2019-08-06,VRG,9.16,10.21,8.66,10.21,978899,KBS,2026-10-09T05:36:14Z
2019-08-07,VRG,10.52,11.01,10.15,10.33,270410,KBS,2026-10-09T05:36:14Z
2019-08-08,VRG,10.21,10.4,9.9,10.09,191540,KBS,2026-10-09T05:36:14Z
2019-08-09,VRG,10.15,10.15,9.9,10.09,296639,KBS,2026-10-09T05:36:14Z
2019-08-12,VRG,10.09,10.64,10.02,10.21,359240,KBS,2026-10-09T05:36:14Z
2019-08-13,VRG,10.4,10.4,9.4,9.9,275390,KBS,2026-10-09T05:36:14Z
2019-08-14,VRG,9.9,10.02,9.47,9.53,128920,KBS,2026-10-09T05:36:14Z
2019-08-15,VRG,9.28,9.78,8.97,9.78,212810,KBS,2026-10-09T05:36:14Z
2019-08-16,VRG,9.9,9.96,9.65,9.71,150930,KBS,2026-10-09T05:36:14Z
2019-08-19,VRG,9.71,10.02,9.53,9.78,141470,KBS,2026-10-09T05:36:14Z
2019-08-20,VRG,9.78,10.09,9.65,10.02,236057,KBS,2026-10-09T05:36:14Z
2019-08-21,VRG,8.66,10.09,8.66,9.71,137673,KBS,2026-10-09T05:36:14Z
2019-08-22,VRG,9.65,9.9,9.59,9.71,107600,KBS,2026-10-09T05:36:14Z
2019-08-23,VRG,9.96,9.96,9.59,9.65,105030,KBS,2026-10-09T05:36:14Z
2019-08-26,VRG,9.71,9.9,9.65,9.71,80530,KBS,2026-10-09T05:36:14Z
2019-08-27,VRG,9.78,9.84,9.47,9.47,133500,KBS,2026-10-09T05:36:14Z
2019-08-28,VRG,9.47,9.53,9.28,9.34,113405,KBS,2026-10-09T05:36:14Z
2019-08-29,VRG,9.4,9.47,9.28,9.4,152960,KBS,2026-10-09T05:36:14Z
2019-08-30,VRG,9.65,9.65,9.22,9.28,74483,KBS,2026-10-09T05:36:14Z
2019-09-03,VRG,9.28,9.9,8.48,8.6,168990,KBS,2026-10-09T05:36:14Z
2019-09-04,VRG,8.54,8.54,7.67,8.04,436993,KBS,2026-10-09T05:36:14Z
2019-09-05,VRG,8.66,8.66,7.98,7.98,61500,KBS,2026-10-09T05:36:14Z
2019-09-06,VRG,8.04,8.04,7.42,7.49,78300,KBS,2026-10-09T05:36:14Z
2019-09-09,VRG,7.67,7.67,6.62,6.62,328040,KBS,2026-10-09T05:36:14Z
2019-09-10,VRG,6.44,6.93,6.19,6.68,118890,KBS,2026-10-09T05:36:14Z
2019-09-11,VRG,6.62,7.12,6.62,7.05,61100,KBS,2026-10-09T05:36:14Z
2019-09-12,VRG,7.05,7.24,6.81,7.05,129841,KBS,2026-10-09T05:36:14Z
2019-09-13,VRG,6.99,6.99,6.74,6.81,48400,KBS,2026-10-09T05:36:14Z
2019-09-16,VRG,6.74,7.05,6.74,6.87,92070,KBS,2026-10-09T05:36:14Z
2019-09-17,VRG,6.74,7.05,6.68,6.99,128510,KBS,2026-10-09T05:36:14Z
2019-09-18,VRG,7.12,7.3,6.81,6.93,59110,KBS,2026-10-09T05:36:14Z
2019-09-19,VRG,6.99,6.99,6.62,6.93,72059,KBS,2026-10-09T05:36:14Z
2019-09-20,VRG,6.68,6.74,6.62,6.74,53240,KBS,2026-10-09T05:36:14Z
2019-09-23,VRG,6.74,6.74,6.56,6.56,29000,KBS,2026-10-09T05:36:14Z
2019-09-24,VRG,6.56,6.68,6.5,6.62,39327,KBS,2026-10-09T05:36:14Z
2019-09-25,VRG,6.62,6.68,6.56,6.68,52000,KBS,2026-10-09T05:36:14Z
2019-09-26,VRG,7.12,7.42,6.74,6.87,71811,KBS,2026-10-09T05:36:14Z
2019-09-27,VRG,6.93,6.93,6.62,6.81,81863,KBS,2026-10-09T05:36:14Z
2019-09-30,VRG,6.74,6.81,6.68,6.68,41516,KBS,2026-10-09T05:36:14Z
2019-10-01,VRG,6.81,6.99,6.81,6.99,41820,KBS,2026-10-09T05:36:14Z
2019-10-02,VRG,6.93,6.93,6.81,6.81,35970,KBS,2026-10-09T05:36:14Z
2019-10-03,VRG,6.74,6.87,6.74,6.87,37910,KBS,2026-10-09T05:36:14Z
2019-10-04,VRG,6.87,6.93,6.74,6.74,47914,KBS,2026-10-09T05:36:14Z
2019-10-07,VRG,6.81,6.87,6.62,6.62,57280,KBS,2026-10-09T05:36:14Z
2019-10-08,VRG,6.62,6.74,6.62,6.62,25300,KBS,2026-10-09T05:36:14Z
2019-10-09,VRG,6.68,6.81,6.62,6.62,11770,KBS,2026-10-09T05:36:14Z
2019-10-10,VRG,6.74,6.81,6.68,6.74,26470,KBS,2026-10-09T05:36:14Z
2019-10-11,VRG,6.74,6.74,6.68,6.68,21410,KBS,2026-10-09T05:36:14Z
2019-10-15,VRG,6.62,6.68,6.5,6.5,34350,KBS,2026-10-09T05:36:14Z
2019-10-16,VRG,6.5,6.62,6.5,6.62,29180,KBS,2026-10-09T05:36:14Z
2019-10-17,VRG,6.56,6.62,6.37,6.62,42600,KBS,2026-10-09T05:36:14Z
2019-10-18,VRG,6.62,6.81,6.5,6.74,50600,KBS,2026-10-09T05:36:14Z
2019-10-21,VRG,6.74,6.74,6.56,6.68,20500,KBS,2026-10-09T05:36:14Z
2019-10-22,VRG,6.56,6.62,6.5,6.56,26720,KBS,2026-10-09T05:36:14Z
2019-10-23,VRG,6.56,6.62,6.5,6.62,22080,KBS,2026-10-09T05:36:14Z
2019-10-24,VRG,6.56,6.87,6.56,6.81,63494,KBS,2026-10-09T05:36:14Z
2019-10-25,VRG,6.81,6.87,6.68,6.74,49776,KBS,2026-10-09T05:36:14Z
2019-10-28,VRG,6.81,7.67,6.62,7.36,196965,KBS,2026-10-09T05:36:14Z
2019-10-29,VRG,7.12,7.42,6.93,6.99,70008,KBS,2026-10-09T05:36:14Z
2019-10-30,VRG,6.93,7.12,6.87,6.93,77900,KBS,2026-10-09T05:36:14Z
2019-10-31,VRG,6.87,6.93,6.5,6.74,58100,KBS,2026-10-09T05:36:14Z
2019-11-01,VRG,6.56,7.05,6.56,6.93,58505,KBS,2026-10-09T05:36:14Z
2019-11-04,VRG,6.99,7.05,6.74,6.99,47929,KBS,2026-10-09T05:36:14Z
2019-11-05,VRG,6.93,7.05,6.81,6.99,45500,KBS,2026-10-09T05:36:14Z
2019-11-06,VRG,6.99,7.24,6.99,6.99,31000,KBS,2026-10-09T05:36:14Z
2019-11-07,VRG,6.99,7.05,6.93,6.99,35981,KBS,2026-10-09T05:36:14Z
2019-11-08,VRG,7.12,7.18,6.93,6.99,32010,KBS,2026-10-09T05:36:14Z
2019-11-11,VRG,7.12,7.12,6.87,6.93,73250,KBS,2026-10-09T05:36:14Z
2019-11-12,VRG,6.93,6.99,6.93,6.99,17835,KBS,2026-10-09T05:36:14Z
2019-11-13,VRG,6.99,7.05,6.81,6.93,43500,KBS,2026-10-09T05:36:14Z
2019-11-14,VRG,6.93,6.99,6.62,6.74,62340,KBS,2026-10-09T05:36:14Z
2019-11-15,VRG,6.74,6.93,6.74,6.74,25000,KBS,2026-10-09T05:36:14Z
2019-11-18,VRG,6.81,6.81,6.62,6.62,35819,KBS,2026-10-09T05:36:14Z
2019-11-19,VRG,6.62,6.68,6.62,6.62,16200,KBS,2026-10-09T05:36:14Z
2019-11-20,VRG,6.68,6.68,6.56,6.62,28600,KBS,2026-10-09T05:36:14Z
2019-11-21,VRG,6.62,6.93,6.62,6.68,23000,KBS,2026-10-09T05:36:14Z
2019-11-22,VRG,6.74,6.74,6.56,6.56,18000,KBS,2026-10-09T05:36:14Z
2019-11-25,VRG,6.56,6.62,6.5,6.5,18850,KBS,2026-10-09T05:36:14Z
2019-11-26,VRG,6.56,6.56,6.31,6.31,61625,KBS,2026-10-09T05:36:14Z
2019-11-27,VRG,6.31,6.37,6.19,6.25,37162,KBS,2026-10-09T05:36:14Z
2019-11-28,VRG,6.13,6.19,5.94,6.06,36000,KBS,2026-10-09T05:36:14Z
2019-11-29,VRG,5.88,6.06,5.82,6.06,25500,KBS,2026-10-09T05:36:14Z
2019-12-02,VRG,5.82,5.82,5.32,5.44,76005,KBS,2026-10-09T05:36:14Z
2019-12-03,VRG,5.44,5.57,5.44,5.57,33200,KBS,2026-10-09T05:36:14Z
2019-12-04,VRG,5.57,5.69,5.57,5.69,16400,KBS,2026-10-09T05:36:14Z
2019-12-06,VRG,5.69,5.69,5.63,5.69,15326,KBS,2026-10-09T05:36:14Z
2019-12-09,VRG,5.69,5.75,5.69,5.75,4020,KBS,2026-10-09T05:36:14Z
2019-12-10,VRG,5.69,5.75,5.69,5.69,6200,KBS,2026-10-09T05:36:14Z
2019-12-11,VRG,5.75,5.82,5.63,5.75,8600,KBS,2026-10-09T05:36:14Z
2019-12-12,VRG,6.06,6.06,5.88,5.88,9200,KBS,2026-10-09T05:36:14Z
2019-12-13,VRG,5.88,5.88,5.69,5.82,10700,KBS,2026-10-09T05:36:14Z
2019-12-16,VRG,5.82,5.82,5.82,5.82,4400,KBS,2026-10-09T05:36:14Z
2019-12-17,VRG,5.63,5.63,5.63,5.63,35300,KBS,2026-10-09T05:36:14Z
2019-12-18,VRG,5.57,5.75,5.57,5.69,28500,KBS,2026-10-09T05:36:14Z
2019-12-19,VRG,5.44,5.63,5.44,5.63,31400,KBS,2026-10-09T05:36:14Z
2019-12-20,VRG,5.57,5.63,5.57,5.57,26550,KBS,2026-10-09T05:36:14Z
2019-12-23,VRG,5.57,5.63,5.14,5.2,51650,KBS,2026-10-09T05:36:14Z
2019-12-24,VRG,5.32,5.44,5.01,5.07,71519,KBS,2026-10-09T05:36:14Z
2019-12-25,VRG,5.26,5.75,5.26,5.63,59520,KBS,2026-10-09T05:36:14Z
2019-12-26,VRG,5.51,5.69,5.51,5.57,12700,KBS,2026-10-09T05:36:14Z
2019-12-27,VRG,5.63,5.63,5.51,5.51,13430,KBS,2026-10-09T05:36:14Z
2019-12-30,VRG,5.51,5.57,5.44,5.44,19000,KBS,2026-10-09T05:36:14Z
2019-12-31,VRG,5.51,5.57,5.44,5.44,18248,KBS,2026-10-09T05:36:14Z
2020-01-02,VRG,5.57,5.88,5.57,5.57,14349,KBS,2026-10-09T05:36:14Z
2020-01-03,VRG,5.51,5.57,5.44,5.57,14700,KBS,2026-10-09T05:36:14Z
2020-01-06,VRG,5.57,5.57,5.51,5.57,21600,KBS,2026-10-09T05:36:14Z
2020-01-07,VRG,5.57,5.57,5.57,5.57,15300,KBS,2026-10-09T05:36:14Z
2020-01-08,VRG,5.51,5.57,5.44,5.44,12910,KBS,2026-10-09T05:36:14Z
2020-01-09,VRG,5.51,5.51,5.38,5.51,4500,KBS,2026-10-09T05:36:14Z
2020-01-10,VRG,5.38,5.38,5.32,5.32,4900,KBS,2026-10-09T05:36:14Z
2020-01-13,VRG,5.61,5.61,5.35,5.54,32220,KBS,2026-10-09T05:36:14Z
2020-01-14,VRG,5.41,5.61,5.41,5.61,12010,KBS,2026-10-09T05:36:14Z
2020-01-15,VRG,5.68,5.68,5.54,5.68,7400,KBS,2026-10-09T05:36:14Z
2020-01-16,VRG,5.61,6.0,5.48,6.0,61520,KBS,2026-10-09T05:36:14Z
2020-01-17,VRG,6.0,6.65,6.0,6.52,86610,KBS,2026-10-09T05:36:14Z
2020-01-20,VRG,7.04,7.04,6.52,6.65,59777,KBS,2026-10-09T05:36:14Z
2020-01-21,VRG,6.52,6.65,6.2,6.52,54400,KBS,2026-10-09T05:36:14Z
2020-01-22,VRG,6.33,6.46,5.94,6.26,25700,KBS,2026-10-09T05:36:14Z
2020-01-30,VRG,6.2,6.26,6.0,6.07,16760,KBS,2026-10-09T05:36:14Z
2020-01-31,VRG,5.94,5.94,5.28,5.48,53600,KBS,2026-10-09T05:36:14Z
2020-02-03,VRG,5.22,5.22,4.89,5.22,54703,KBS,2026-10-09T05:36:14Z
2020-02-04,VRG,5.28,5.54,5.15,5.15,26850,KBS,2026-10-09T05:36:14Z
2020-02-05,VRG,5.54,5.54,5.28,5.35,10610,KBS,2026-10-09T05:36:14Z
2020-02-06,VRG,5.41,5.61,5.35,5.61,28500,KBS,2026-10-09T05:36:14Z
2020-02-07,VRG,5.48,5.54,5.48,5.54,15900,KBS,2026-10-09T05:36:14Z
2020-02-10,VRG,5.61,6.0,5.61,6.0,80326,KBS,2026-10-09T05:36:14Z
2020-02-11,VRG,5.74,6.59,5.74,6.26,65022,KBS,2026-10-09T05:36:14Z
2020-02-12,VRG,6.2,6.72,6.2,6.65,159108,KBS,2026-10-09T05:36:14Z
2020-02-13,VRG,6.85,6.85,6.33,6.52,129660,KBS,2026-10-09T05:36:14Z
2020-02-14,VRG,6.59,6.65,6.52,6.59,56300,KBS,2026-10-09T05:36:14Z
2020-02-17,VRG,6.07,6.85,6.07,6.72,63530,KBS,2026-10-09T05:36:14Z
2020-02-19,VRG,7.18,8.02,6.85,7.96,206675,KBS,2026-10-09T05:36:14Z
2020-02-20,VRG,8.02,8.15,7.76,8.09,116260,KBS,2026-10-09T05:36:14Z
2020-02-21,VRG,7.96,8.02,7.63,7.96,87400,KBS,2026-10-09T05:36:14Z
2020-02-24,VRG,7.7,7.7,6.98,6.98,105820,KBS,2026-10-09T05:36:14Z
2020-02-25,VRG,6.92,7.83,6.65,7.44,100560,KBS,2026-10-09T05:36:14Z
2020-02-26,VRG,7.31,7.44,7.11,7.18,40300,KBS,2026-10-09T05:36:14Z
2020-02-27,VRG,7.31,7.44,7.04,7.31,43000,KBS,2026-10-09T05:36:14Z
2020-02-28,VRG,7.18,7.31,7.04,7.24,38518,KBS,2026-10-09T05:36:14Z
2020-03-02,VRG,7.24,7.63,7.18,7.63,80783,KBS,2026-10-09T05:36:14Z
2020-03-03,VRG,7.63,7.83,7.63,7.63,89411,KBS,2026-10-09T05:36:14Z
2020-03-04,VRG,7.7,7.7,7.04,7.18,104839,KBS,2026-10-09T05:36:14Z
2020-03-05,VRG,7.24,7.24,6.98,7.18,53220,KBS,2026-10-09T05:36:14Z
2020-03-06,VRG,7.04,7.24,7.04,7.24,23631,KBS,2026-10-09T05:36:14Z
2020-03-09,VRG,6.65,6.65,6.07,6.2,126910,KBS,2026-10-09T05:36:14Z
2020-03-10,VRG,5.74,6.72,5.74,6.52,61680,KBS,2026-10-09T05:36:14Z
2020-03-11,VRG,6.52,6.85,6.33,6.39,17900,KBS,2026-10-09T05:36:14Z
2020-03-12,VRG,6.2,6.26,5.61,5.87,84960,KBS,2026-10-09T05:36:14Z
2020-03-13,VRG,5.22,6.0,5.22,6.0,31213,KBS,2026-10-09T05:36:14Z
2020-03-16,VRG,6.2,6.65,6.13,6.65,48772,KBS,2026-10-09T05:36:14Z
2020-03-17,VRG,6.46,6.46,5.87,6.13,179459,KBS,2026-10-09T05:36:14Z
2020-03-18,VRG,6.2,6.33,6.2,6.26,13800,KBS,2026-10-09T05:36:14Z
2020-03-19,VRG,6.13,6.13,6.07,6.13,10720,KBS,2026-10-09T05:36:14Z
2020-03-20,VRG,6.2,6.26,6.13,6.26,19941,KBS,2026-10-09T05:36:14Z
2020-03-23,VRG,6.2,6.2,5.54,5.87,43938,KBS,2026-10-09T05:36:14Z
2020-03-24,VRG,5.74,6.07,5.74,6.07,29420,KBS,2026-10-09T05:36:14Z
2020-03-25,VRG,6.07,6.2,6.07,6.2,10330,KBS,2026-10-09T05:36:14Z
2020-03-26,VRG,6.07,6.07,5.87,5.87,4435,KBS,2026-10-09T05:36:14Z
2020-03-27,VRG,5.94,5.94,5.68,5.81,17845,KBS,2026-10-09T05:36:14Z
2020-03-30,VRG,5.41,5.48,5.41,5.41,24600,KBS,2026-10-09T05:36:14Z
2020-03-31,VRG,5.48,5.54,5.35,5.48,21129,KBS,2026-10-09T05:36:14Z
2020-04-01,VRG,5.41,5.61,5.41,5.48,20300,KBS,2026-10-09T05:36:14Z
2020-04-03,VRG,5.48,5.68,5.41,5.68,20825,KBS,2026-10-09T05:36:14Z
2020-04-06,VRG,5.68,6.2,5.68,6.2,69640,KBS,2026-10-09T05:36:14Z
2020-04-07,VRG,6.2,6.2,5.87,6.13,14900,KBS,2026-10-09T05:36:14Z
2020-04-08,VRG,6.13,6.13,5.87,6.0,15700,KBS,2026-10-09T05:36:14Z
2020-04-09,VRG,5.94,6.07,5.87,6.0,24730,KBS,2026-10-09T05:36:14Z
2020-04-10,VRG,6.13,6.2,6.0,6.07,23600,KBS,2026-10-09T05:36:14Z
2020-04-13,VRG,5.87,6.07,5.87,5.94,27120,KBS,2026-10-09T05:36:14Z
2020-04-14,VRG,5.94,5.94,5.87,5.87,40420,KBS,2026-10-09T05:36:14Z
2020-04-15,VRG,5.87,6.26,5.81,6.07,34750,KBS,2026-10-09T05:36:14Z
2020-04-16,VRG,6.13,6.13,6.07,6.07,15900,KBS,2026-10-09T05:36:14Z
2020-04-17,VRG,6.07,6.92,6.07,6.92,203950,KBS,2026-10-09T05:36:14Z
2020-04-20,VRG,7.18,7.18,6.52,6.85,67100,KBS,2026-10-09T05:36:14Z
2020-04-21,VRG,6.59,6.85,6.39,6.39,52400,KBS,2026-10-09T05:36:14Z
2020-04-22,VRG,6.26,6.52,6.26,6.46,45650,KBS,2026-10-09T05:36:14Z
2020-04-23,VRG,6.46,6.52,6.39,6.46,23610,KBS,2026-10-09T05:36:14Z
2020-04-24,VRG,6.46,6.52,6.33,6.46,45810,KBS,2026-10-09T05:36:14Z
2020-04-27,VRG,6.59,7.11,6.59,6.85,124110,KBS,2026-10-09T05:36:14Z
2020-04-28,VRG,6.98,6.98,6.52,6.85,29720,KBS,2026-10-09T05:36:14Z
2020-04-29,VRG,6.85,7.04,6.85,6.92,94800,KBS,2026-10-09T05:36:14Z
2020-05-04,VRG,6.98,7.04,5.94,6.92,79620,KBS,2026-10-09T05:36:14Z
2020-05-05,VRG,6.98,7.44,6.98,7.24,143430,KBS,2026-10-09T05:36:14Z
2020-05-06,VRG,7.31,7.63,7.24,7.5,188406,KBS,2026-10-09T05:36:14Z
2020-05-07,VRG,7.5,7.5,7.24,7.44,79460,KBS,2026-10-09T05:36:14Z
2020-05-08,VRG,7.44,7.5,7.18,7.18,85721,KBS,2026-10-09T05:36:14Z
2020-05-11,VRG,7.31,7.5,7.24,7.37,74356,KBS,2026-10-09T05:36:14Z
2020-05-12,VRG,7.37,7.5,7.31,7.44,49688,KBS,2026-10-09T05:36:14Z
2020-05-13,VRG,7.44,7.83,6.52,7.5,161410,KBS,2026-10-09T05:36:14Z
2020-05-14,VRG,7.44,7.7,7.37,7.44,61488,KBS,2026-10-09T05:36:14Z
2020-05-15,VRG,7.57,7.57,7.37,7.37,63620,KBS,2026-10-09T05:36:14Z
2020-05-18,VRG,6.78,7.37,6.78,7.31,92755,KBS,2026-10-09T05:36:14Z
2020-05-19,VRG,7.18,7.37,7.11,7.11,74400,KBS,2026-10-09T05:36:14Z
2020-05-20,VRG,7.11,7.37,7.11,7.31,22067,KBS,2026-10-09T05:36:14Z
2020-05-21,VRG,7.37,7.5,7.18,7.31,89130,KBS,2026-10-09T05:36:14Z
2020-05-22,VRG,7.24,7.31,7.18,7.31,47215,KBS,2026-10-09T05:36:14Z
2020-05-25,VRG,7.37,7.63,7.18,7.57,166096,KBS,2026-10-09T05:36:14Z
2020-05-26,VRG,7.44,7.76,7.44,7.7,136058,KBS,2026-10-09T05:36:14Z
2020-05-27,VRG,7.63,7.63,7.44,7.44,43340,KBS,2026-10-09T05:36:14Z
2020-05-28,VRG,7.44,7.5,7.37,7.44,30020,KBS,2026-10-09T05:36:14Z
2020-05-29,VRG,7.31,7.44,7.18,7.37,26848,KBS,2026-10-09T05:36:14Z
2020-06-01,VRG,7.37,7.57,6.52,7.57,127840,KBS,2026-10-09T05:36:14Z
2020-06-02,VRG,7.57,7.63,7.44,7.5,206130,KBS,2026-10-09T05:36:14Z
2020-06-03,VRG,7.57,7.57,7.31,7.44,60900,KBS,2026-10-09T05:36:14Z
2020-06-04,VRG,7.5,7.63,7.44,7.63,193102,KBS,2026-10-09T05:36:14Z
2020-06-05,VRG,7.7,7.7,7.5,7.57,182039,KBS,2026-10-09T05:36:14Z
2020-06-08,VRG,7.63,7.89,7.5,7.76,221960,KBS,2026-10-09T05:36:14Z
2020-06-09,VRG,7.89,8.87,7.89,8.41,320180,KBS,2026-10-09T05:36:14Z
2020-06-10,VRG,8.41,8.41,8.15,8.41,128170,KBS,2026-10-09T05:36:14Z
2020-06-11,VRG,8.41,8.68,8.41,8.48,318260,KBS,2026-10-09T05:36:14Z
2020-06-12,VRG,8.28,8.48,7.63,8.48,161060,KBS,2026-10-09T05:36:14Z
2020-06-15,VRG,8.22,8.94,8.09,8.48,310400,KBS,2026-10-09T05:36:14Z
2020-06-16,VRG,8.87,9.13,8.55,9.13,189200,KBS,2026-10-09T05:36:14Z
2020-06-17,VRG,8.87,9.13,8.81,9.13,110438,KBS,2026-10-09T05:36:14Z
2020-06-18,VRG,9.07,9.13,8.74,9.07,112120,KBS,2026-10-09T05:36:14Z
2020-06-19,VRG,9.13,9.2,9.0,9.2,79060,KBS,2026-10-09T05:36:14Z
2020-06-22,VRG,9.13,9.26,8.81,8.81,42171,KBS,2026-10-09T05:36:14Z
2020-06-23,VRG,8.81,9.13,8.74,9.07,207418,KBS,2026-10-09T05:36:14Z
2020-06-24,VRG,9.07,9.39,9.07,9.26,159400,KBS,2026-10-09T05:36:14Z
2020-06-25,VRG,9.13,9.78,9.07,9.59,153010,KBS,2026-10-09T05:36:14Z
2020-06-26,VRG,9.78,9.91,9.52,9.78,158014,KBS,2026-10-09T05:36:14Z
2020-06-29,VRG,11.09,11.09,9.52,9.85,137474,KBS,2026-10-09T05:36:14Z
2020-06-30,VRG,9.98,9.98,9.78,9.91,148070,KBS,2026-10-09T05:36:14Z
2020-07-01,VRG,9.98,10.96,9.91,10.7,207018,KBS,2026-10-09T05:36:14Z
2020-07-02,VRG,10.44,11.81,10.44,11.68,358154,KBS,2026-10-09T05:36:14Z
2020-07-03,VRG,11.74,13.05,10.11,12.26,258620,KBS,2026-10-09T05:36:14Z
2020-07-06,VRG,12.26,12.72,11.61,11.61,107580,KBS,2026-10-09T05:36:14Z
2020-07-07,VRG,12.13,12.13,11.09,11.16,147022,KBS,2026-10-09T05:36:14Z
2020-07-08,VRG,11.28,11.87,11.22,11.87,88402,KBS,2026-10-09T05:36:14Z
2020-07-09,VRG,11.87,12.39,11.42,11.42,42514,KBS,2026-10-09T05:36:14Z
2020-07-10,VRG,11.42,11.81,11.22,11.35,104550,KBS,2026-10-09T05:36:14Z
2020-07-13,VRG,11.35,11.35,11.09,11.16,59140,KBS,2026-10-09T05:36:14Z
2020-07-14,VRG,11.09,11.55,10.96,11.42,110463,KBS,2026-10-09T05:36:14Z
2020-07-15,VRG,11.74,11.74,10.96,11.35,85656,KBS,2026-10-09T05:36:14Z
2020-07-16,VRG,11.09,11.48,9.59,11.48,78205,KBS,2026-10-09T05:36:14Z
2020-07-17,VRG,10.67,11.6,10.67,11.2,86180,KBS,2026-10-09T05:36:14Z
2020-07-20,VRG,11.67,11.73,11.33,11.6,171520,KBS,2026-10-09T05:36:14Z
2020-07-21,VRG,11.6,11.8,11.4,11.67,62175,KBS,2026-10-09T05:36:14Z
2020-07-22,VRG,11.67,11.67,11.4,11.67,91410,KBS,2026-10-09T05:36:14Z
2020-07-23,VRG,11.4,11.4,11.33,11.4,11298,KBS,2026-10-09T05:36:14Z
2020-07-24,VRG,11.4,11.4,10.67,11.0,146760,KBS,2026-10-09T05:36:14Z
2020-07-27,VRG,10.93,11.0,10.4,10.87,43272,KBS,2026-10-09T05:36:14Z
2020-07-28,VRG,10.4,11.0,10.4,10.87,15330,KBS,2026-10-09T05:36:14Z
2020-07-29,VRG,10.67,10.67,9.67,10.0,16510,KBS,2026-10-09T05:36:14Z
2020-07-30,VRG,10.33,11.33,10.33,10.67,25319,KBS,2026-10-09T05:36:14Z
2020-07-31,VRG,10.47,10.47,10.4,10.47,2350,KBS,2026-10-09T05:36:14Z
2020-08-03,VRG,10.67,11.47,10.67,11.33,58145,KBS,2026-10-09T05:36:14Z
2020-08-04,VRG,11.33,11.8,11.2,11.6,74053,KBS,2026-10-09T05:36:14Z
2020-08-05,VRG,11.67,11.8,11.6,11.67,24019,KBS,2026-10-09T05:36:14Z
2020-08-06,VRG,12.0,12.0,11.67,11.73,29640,KBS,2026-10-09T05:36:14Z
2020-08-07,VRG,11.67,11.67,11.53,11.6,65015,KBS,2026-10-09T05:36:14Z
2020-08-10,VRG,11.6,11.73,11.4,11.47,54800,KBS,2026-10-09T05:36:14Z
2020-08-11,VRG,12.4,12.4,11.47,11.53,9562,KBS,2026-10-09T05:36:14Z
2020-08-12,VRG,11.53,11.6,11.2,11.33,18313,KBS,2026-10-09T05:36:14Z
2020-08-13,VRG,11.4,11.4,11.0,11.4,14876,KBS,2026-10-09T05:36:14Z
2020-08-14,VRG,11.53,11.53,11.13,11.33,50430,KBS,2026-10-09T05:36:14Z
2020-08-17,VRG,11.33,11.33,11.0,11.07,24600,KBS,2026-10-09T05:36:14Z
2020-08-18,VRG,10.93,11.07,10.73,11.07,10400,KBS,2026-10-09T05:36:14Z
2020-08-19,VRG,11.0,11.33,11.0,11.2,34230,KBS,2026-10-09T05:36:14Z
2020-08-20,VRG,11.33,11.4,11.2,11.4,16170,KBS,2026-10-09T05:36:14Z
2020-08-21,VRG,11.33,12.13,11.33,12.13,174685,KBS,2026-10-09T05:36:14Z
2020-08-24,VRG,12.2,12.67,12.2,12.47,62695,KBS,2026-10-09T05:36:14Z
2020-08-25,VRG,12.47,12.93,12.4,12.4,80608,KBS,2026-10-09T05:36:14Z
2020-08-26,VRG,12.47,12.67,11.73,12.4,66879,KBS,2026-10-09T05:36:14Z
2020-08-27,VRG,12.4,12.93,12.33,12.93,105510,KBS,2026-10-09T05:36:14Z
2020-08-28,VRG,12.87,13.07,12.8,12.8,51740,KBS,2026-10-09T05:36:14Z
2020-08-31,VRG,12.93,12.93,12.33,12.33,89260,KBS,2026-10-09T05:36:14Z
2020-09-01,VRG,12.33,12.53,12.2,12.27,54472,KBS,2026-10-09T05:36:14Z
2020-09-03,VRG,12.33,12.67,12.27,12.6,45519,KBS,2026-10-09T05:36:14Z
2020-09-04,VRG,12.4,12.53,12.27,12.53,53760,KBS,2026-10-09T05:36:14Z
2020-09-07,VRG,12.47,12.53,12.27,12.27,18100,KBS,2026-10-09T05:36:14Z
2020-09-08,VRG,12.4,12.4,12.2,12.33,32711,KBS,2026-10-09T05:36:14Z
2020-09-09,VRG,12.27,12.53,12.27,12.53,51900,KBS,2026-10-09T05:36:14Z
2020-09-10,VRG,12.6,12.67,12.47,12.47,22852,KBS,2026-10-09T05:36:14Z
2020-09-11,VRG,12.47,12.47,12.0,12.2,51530,KBS,2026-10-09T05:36:14Z
2020-09-14,VRG,12.2,12.2,11.93,12.07,67240,KBS,2026-10-09T05:36:14Z
2020-09-15,VRG,12.07,12.07,11.93,12.0,46682,KBS,2026-10-09T05:36:14Z
2020-09-16,VRG,12.0,12.6,12.0,12.0,39650,KBS,2026-10-09T05:36:14Z
2020-09-17,VRG,12.0,12.27,12.0,12.13,15020,KBS,2026-10-09T05:36:14Z
2020-09-18,VRG,12.07,12.33,12.07,12.33,10600,KBS,2026-10-09T05:36:14Z
2020-09-21,VRG,12.27,12.47,12.2,12.47,46500,KBS,2026-10-09T05:36:14Z
2020-09-22,VRG,12.2,12.33,12.2,12.27,20600,KBS,2026-10-09T05:36:14Z
2020-09-23,VRG,12.2,12.33,12.2,12.27,9600,KBS,2026-10-09T05:36:14Z
2020-09-24,VRG,12.27,12.27,12.07,12.13,21200,KBS,2026-10-09T05:36:14Z
2020-09-25,VRG,12.13,12.4,12.07,12.13,28320,KBS,2026-10-09T05:36:14Z
2020-09-28,VRG,12.13,12.33,12.13,12.13,34230,KBS,2026-10-09T05:36:14Z
2020-09-29,VRG,12.2,12.2,11.87,11.93,123020,KBS,2026-10-09T05:36:14Z
2020-09-30,VRG,12.13,12.2,12.07,12.2,76400,KBS,2026-10-09T05:36:14Z
2020-10-01,VRG,12.13,12.53,12.13,12.47,74817,KBS,2026-10-09T05:36:14Z
2020-10-02,VRG,12.47,12.6,12.33,12.53,51468,KBS,2026-10-09T05:36:14Z
2020-10-05,VRG,12.47,12.67,12.33,12.67,18280,KBS,2026-10-09T05:36:14Z
2020-10-06,VRG,12.67,12.67,12.47,12.67,11950,KBS,2026-10-09T05:36:14Z
2020-10-07,VRG,12.67,13.2,12.2,13.07,222190,KBS,2026-10-09T05:36:14Z
2020-10-08,VRG,13.07,14.67,13.0,14.53,114659,KBS,2026-10-09T05:36:14Z
2020-10-09,VRG,14.67,15.87,14.67,15.2,67570,KBS,2026-10-09T05:36:14Z
2020-10-12,VRG,15.07,15.47,14.2,14.87,111781,KBS,2026-10-09T05:36:14Z
2020-10-13,VRG,14.67,14.87,14.4,14.6,147550,KBS,2026-10-09T05:36:14Z
2020-10-14,VRG,14.67,16.4,14.67,16.4,199210,KBS,2026-10-09T05:36:14Z
2020-10-15,VRG,16.4,16.8,16.33,16.8,134940,KBS,2026-10-09T05:36:14Z
2020-10-16,VRG,16.8,16.93,16.67,16.67,52380,KBS,2026-10-09T05:36:14Z
2020-10-19,VRG,16.67,16.73,14.67,16.67,231340,KBS,2026-10-09T05:36:14Z
2020-10-20,VRG,16.67,19.13,14.2,15.0,199580,KBS,2026-10-09T05:36:14Z
2020-10-21,VRG,14.27,16.33,14.2,16.33,159242,KBS,2026-10-09T05:36:14Z
2020-10-22,VRG,16.67,17.07,15.27,17.07,164821,KBS,2026-10-09T05:36:14Z
2020-10-23,VRG,16.73,18.67,16.73,18.67,222440,KBS,2026-10-09T05:36:14Z
2020-10-26,VRG,18.67,18.93,17.67,17.67,310320,KBS,2026-10-09T05:36:14Z
2020-10-27,VRG,18.0,18.07,17.6,18.0,121542,KBS,2026-10-09T05:36:14Z
2020-10-28,VRG,18.0,18.33,17.87,18.0,237300,KBS,2026-10-09T05:36:14Z
2020-10-29,VRG,18.0,18.0,15.53,18.0,600520,KBS,2026-10-09T05:36:14Z
2020-10-30,VRG,17.53,17.67,17.47,17.47,276882,KBS,2026-10-09T05:36:14Z
2020-11-02,VRG,17.47,17.8,17.47,17.67,4100,KBS,2026-10-09T05:36:14Z
2020-11-03,VRG,17.6,17.6,17.47,17.47,195510,KBS,2026-10-09T05:36:14Z
2020-11-04,VRG,17.47,17.67,16.73,17.6,12915,KBS,2026-10-09T05:36:14Z
2020-11-05,VRG,17.47,17.47,17.33,17.33,17646,KBS,2026-10-09T05:36:14Z
2020-11-06,VRG,17.07,17.07,16.8,17.0,5800,KBS,2026-10-09T05:36:14Z
2020-11-09,VRG,16.93,17.07,16.73,17.07,9150,KBS,2026-10-09T05:36:14Z
2020-11-10,VRG,17.07,17.07,15.27,15.53,124774,KBS,2026-10-09T05:36:14Z
2020-11-11,VRG,15.67,15.73,15.6,15.73,2510,KBS,2026-10-09T05:36:14Z
2020-11-12,VRG,15.73,16.0,15.73,15.73,1200,KBS,2026-10-09T05:36:14Z
2020-11-13,VRG,15.93,17.0,15.87,16.93,42806,KBS,2026-10-09T05:36:14Z
2020-11-16,VRG,16.47,16.93,16.47,16.6,57900,KBS,2026-10-09T05:36:14Z
2020-11-17,VRG,16.67,16.8,16.67,16.8,125520,KBS,2026-10-09T05:36:14Z
2020-11-18,VRG,17.0,17.0,16.53,16.67,586525,KBS,2026-10-09T05:36:14Z
2020-11-19,VRG,16.8,16.87,16.67,16.67,48840,KBS,2026-10-09T05:36:14Z
2020-11-20,VRG,16.67,16.8,16.67,16.8,6385,KBS,2026-10-09T05:36:14Z
2020-11-23,VRG,16.67,17.0,16.67,16.93,38340,KBS,2026-10-09T05:36:14Z
2020-11-24,VRG,16.87,17.0,16.8,17.0,24420,KBS,2026-10-09T05:36:14Z
2020-11-25,VRG,17.0,18.33,17.0,17.93,86310,KBS,2026-10-09T05:36:14Z
2020-11-26,VRG,18.07,18.27,17.87,18.2,107745,KBS,2026-10-09T05:36:14Z
2020-11-27,VRG,18.07,18.27,18.0,18.07,114160,KBS,2026-10-09T05:36:14Z
2020-11-30,VRG,18.07,18.27,17.93,17.93,80011,KBS,2026-10-09T05:36:14Z
2020-12-01,VRG,17.93,18.07,17.93,18.07,106519,KBS,2026-10-09T05:36:14Z
2020-12-02,VRG,18.13,18.27,18.07,18.07,49990,KBS,2026-10-09T05:36:14Z
2020-12-03,VRG,18.13,18.33,18.07,18.13,51470,KBS,2026-10-09T05:36:14Z
2020-12-04,VRG,18.6,18.6,18.07,18.2,33740,KBS,2026-10-09T05:36:14Z
2020-12-07,VRG,18.2,18.33,16.8,17.73,160510,KBS,2026-10-09T05:36:14Z
2020-12-08,VRG,17.6,17.6,17.13,17.13,40800,KBS,2026-10-09T05:36:14Z
2020-12-09,VRG,17.2,17.2,17.0,17.0,37059,KBS,2026-10-09T05:36:14Z
2020-12-10,VRG,17.0,17.0,16.0,16.67,105420,KBS,2026-10-09T05:36:14Z
2020-12-11,VRG,16.6,16.67,15.87,16.53,123220,KBS,2026-10-09T05:36:14Z
2020-12-14,VRG,16.67,17.0,16.0,17.0,47910,KBS,2026-10-09T05:36:14Z
2020-12-15,VRG,17.0,17.27,16.73,17.0,385220,KBS,2026-10-09T05:36:14Z
2020-12-16,VRG,17.07,17.07,17.0,17.07,108930,KBS,2026-10-09T05:36:14Z
2020-12-17,VRG,17.07,17.07,16.87,17.0,198441,KBS,2026-10-09T05:36:14Z
2020-12-18,VRG,17.0,17.0,16.87,17.0,162165,KBS,2026-10-09T05:36:14Z
2020-12-21,VRG,16.93,17.07,16.87,17.07,358400,KBS,2026-10-09T05:36:14Z
2020-12-22,VRG,17.0,17.13,16.93,17.07,1415630,KBS,2026-10-09T05:36:14Z
2020-12-23,VRG,17.0,19.53,17.0,19.47,1871366,KBS,2026-10-09T05:36:14Z
2020-12-24,VRG,19.33,20.67,19.27,20.07,1049578,KBS,2026-10-09T05:36:14Z
2020-12-25,VRG,19.13,20.0,19.13,19.87,643880,KBS,2026-10-09T05:36:14Z
2020-12-28,VRG,19.73,19.73,19.0,19.13,743731,KBS,2026-10-09T05:36:14Z
2020-12-29,VRG,19.0,19.13,18.27,18.33,658093,KBS,2026-10-09T05:36:14Z
2020-12-30,VRG,18.6,18.67,18.07,18.67,379290,KBS,2026-10-09T05:36:14Z
2020-12-31,VRG,18.67,18.87,18.33,18.33,298840,KBS,2026-10-09T05:36:14Z
2021-01-04,VRG,18.67,18.67,18.27,18.47,321346,KBS,2026-10-09T05:36:14Z
2021-01-05,VRG,18.4,18.47,18.27,18.47,298116,KBS,2026-10-09T05:36:14Z
2021-01-06,VRG,18.53,18.87,18.47,18.6,413975,KBS,2026-10-09T05:36:14Z
2021-01-07,VRG,18.67,18.73,18.27,18.33,515501,KBS,2026-10-09T05:36:14Z
2021-01-08,VRG,18.67,19.2,18.27,18.8,375570,KBS,2026-10-09T05:36:14Z
2021-01-11,VRG,19.0,19.07,18.33,18.67,325600,KBS,2026-10-09T05:36:14Z
2021-01-12,VRG,18.47,19.0,18.33,18.8,336487,KBS,2026-10-09T05:36:14Z
2021-01-13,VRG,18.8,19.87,18.8,19.0,298500,KBS,2026-10-09T05:36:14Z
2021-01-14,VRG,19.13,19.13,18.4,18.4,317300,KBS,2026-10-09T05:36:14Z
2021-01-15,VRG,18.33,18.4,17.33,17.53,918620,KBS,2026-10-09T05:36:14Z
2021-01-18,VRG,17.67,17.67,15.67,16.53,554298,KBS,2026-10-09T05:36:14Z
2021-01-19,VRG,16.53,17.6,16.27,17.6,365720,KBS,2026-10-09T05:36:14Z
2021-01-20,VRG,17.0,17.27,16.4,17.0,184319,KBS,2026-10-09T05:36:14Z
2021-01-21,VRG,16.87,17.33,16.87,17.33,161300,KBS,2026-10-09T05:36:14Z
2021-01-22,VRG,17.33,17.33,16.8,16.87,93910,KBS,2026-10-09T05:36:14Z
2021-01-25,VRG,17.0,17.27,16.67,17.07,101610,KBS,2026-10-09T05:36:14Z
2021-01-26,VRG,16.93,16.93,16.4,16.73,175600,KBS,2026-10-09T05:36:14Z
2021-01-27,VRG,16.73,16.93,16.27,16.6,245200,KBS,2026-10-09T05:36:14Z
2021-01-28,VRG,16.07,16.87,15.33,16.27,677900,KBS,2026-10-09T05:36:14Z
2021-01-29,VRG,16.0,17.13,16.0,16.6,124511,KBS,2026-10-09T05:36:14Z
2021-02-01,VRG,16.87,17.2,16.27,16.47,82700,KBS,2026-10-09T05:36:14Z
2021-02-02,VRG,16.67,17.13,16.33,16.53,104900,KBS,2026-10-09T05:36:14Z
2021-02-03,VRG,16.67,17.67,16.6,17.0,148300,KBS,2026-10-09T05:36:14Z
2021-02-04,VRG,17.53,17.53,16.87,17.47,72400,KBS,2026-10-09T05:36:14Z
2021-02-05,VRG,17.4,17.93,17.33,17.33,63281,KBS,2026-10-09T05:36:14Z
2021-02-08,VRG,17.8,18.0,17.33,17.4,106300,KBS,2026-10-09T05:36:14Z
2021-02-09,VRG,16.73,17.87,16.73,17.67,45000,KBS,2026-10-09T05:36:14Z
2021-02-17,VRG,17.67,18.0,17.33,17.8,20800,KBS,2026-10-09T05:36:14Z
2021-02-18,VRG,17.93,17.93,17.4,17.47,24600,KBS,2026-10-09T05:36:14Z
2021-02-19,VRG,17.33,18.4,17.33,18.2,153741,KBS,2026-10-09T05:36:14Z
2021-02-22,VRG,18.33,18.4,17.87,18.07,40690,KBS,2026-10-09T05:36:14Z
2021-02-23,VRG,17.47,18.13,17.47,18.07,45500,KBS,2026-10-09T05:36:14Z
2021-02-24,VRG,18.0,18.2,17.6,17.67,68000,KBS,2026-10-09T05:36:14Z
2021-02-25,VRG,17.93,18.07,17.6,18.07,111153,KBS,2026-10-09T05:36:14Z
2021-02-26,VRG,17.87,18.2,17.87,18.0,33720,KBS,2026-10-09T05:36:14Z
2021-03-01,VRG,18.0,18.07,17.6,18.0,76000,KBS,2026-10-09T05:36:14Z
2021-03-02,VRG,18.0,18.33,17.87,18.0,114600,KBS,2026-10-09T05:36:14Z
2021-03-03,VRG,17.67,18.0,17.67,18.0,44420,KBS,2026-10-09T05:36:14Z
2021-03-04,VRG,18.0,18.13,17.33,18.0,107910,KBS,2026-10-09T05:36:14Z
2021-03-05,VRG,17.67,18.0,17.53,18.0,56300,KBS,2026-10-09T05:36:14Z
2021-03-08,VRG,18.0,18.0,17.67,17.67,28320,KBS,2026-10-09T05:36:14Z
2021-03-09,VRG,16.73,18.2,16.73,17.6,90200,KBS,2026-10-09T05:36:14Z
2021-03-10,VRG,17.93,18.13,17.33,17.93,87001,KBS,2026-10-09T05:36:14Z
2021-03-11,VRG,17.67,17.93,17.53,17.87,27300,KBS,2026-10-09T05:36:14Z
2021-03-12,VRG,17.87,17.87,17.47,17.53,17000,KBS,2026-10-09T05:36:14Z
2021-03-15,VRG,17.6,17.6,17.2,17.4,43200,KBS,2026-10-09T05:36:14Z
2021-03-16,VRG,17.47,17.47,17.33,17.33,6000,KBS,2026-10-09T05:36:14Z
2021-03-17,VRG,17.33,17.33,16.67,17.07,27560,KBS,2026-10-09T05:36:14Z
2021-03-18,VRG,16.67,17.67,16.67,17.67,151100,KBS,2026-10-09T05:36:14Z
2021-03-19,VRG,17.67,17.87,17.53,17.87,158700,KBS,2026-10-09T05:36:14Z
2021-03-22,VRG,17.07,17.93,17.07,17.93,129300,KBS,2026-10-09T05:36:14Z
2021-03-23,VRG,17.8,17.93,17.73,17.93,50600,KBS,2026-10-09T05:36:14Z
2021-03-24,VRG,17.8,17.87,17.67,17.73,29703,KBS,2026-10-09T05:36:14Z
2021-03-25,VRG,17.47,17.73,17.47,17.67,6700,KBS,2026-10-09T05:36:14Z
2021-03-26,VRG,17.73,17.73,17.53,17.53,46600,KBS,2026-10-09T05:36:14Z
2021-03-29,VRG,17.53,17.67,17.53,17.6,10299,KBS,2026-10-09T05:36:14Z
2021-03-30,VRG,17.53,17.53,17.33,17.53,3900,KBS,2026-10-09T05:36:14Z
2021-03-31,VRG,17.33,17.47,17.33,17.47,9200,KBS,2026-10-09T05:36:14Z
2021-04-01,VRG,17.4,17.67,17.33,17.47,42850,KBS,2026-10-09T05:36:14Z
2021-04-02,VRG,17.53,17.6,17.53,17.6,25710,KBS,2026-10-09T05:36:14Z
2021-04-05,VRG,17.6,17.73,17.47,17.53,65900,KBS,2026-10-09T05:36:14Z
2021-04-06,VRG,17.53,17.53,16.0,17.4,88420,KBS,2026-10-09T05:36:14Z
2021-04-07,VRG,17.33,17.33,17.27,17.33,10400,KBS,2026-10-09T05:36:14Z
2021-04-08,VRG,17.33,17.4,17.33,17.33,800,KBS,2026-10-09T05:36:14Z
2021-04-09,VRG,17.33,17.47,17.33,17.47,14700,KBS,2026-10-09T05:36:14Z
2021-04-12,VRG,17.33,17.4,17.33,17.33,60200,KBS,2026-10-09T05:36:14Z
2021-04-13,VRG,17.33,17.4,17.33,17.33,37100,KBS,2026-10-09T05:36:14Z
2021-04-14,VRG,17.27,17.33,17.27,17.33,61200,KBS,2026-10-09T05:36:14Z
2021-04-15,VRG,17.33,17.4,17.33,17.33,177050,KBS,2026-10-09T05:36:14Z
2021-04-16,VRG,17.33,17.4,17.33,17.33,224200,KBS,2026-10-09T05:36:14Z
2021-04-19,VRG,17.33,17.4,17.0,17.33,147720,KBS,2026-10-09T05:36:14Z
2021-04-20,VRG,17.33,17.33,17.27,17.27,8500,KBS,2026-10-09T05:36:14Z
2021-04-22,VRG,17.27,17.4,17.27,17.33,83103,KBS,2026-10-09T05:36:14Z
2021-04-23,VRG,17.27,17.33,17.27,17.33,73650,KBS,2026-10-09T05:36:14Z
2021-04-26,VRG,17.33,17.33,17.27,17.33,42100,KBS,2026-10-09T05:36:14Z
2021-04-27,VRG,17.33,17.33,17.27,17.33,50350,KBS,2026-10-09T05:36:14Z
2021-04-28,VRG,17.33,17.33,17.33,17.33,36100,KBS,2026-10-09T05:36:14Z
2021-04-29,VRG,17.33,17.33,17.27,17.33,10519,KBS,2026-10-09T05:36:14Z
2021-05-04,VRG,17.27,18.33,17.27,18.27,37690,KBS,2026-10-09T05:36:14Z
2021-05-05,VRG,17.93,17.93,17.87,17.87,5600,KBS,2026-10-09T05:36:14Z
2021-05-06,VRG,17.87,17.87,17.8,17.8,19550,KBS,2026-10-09T05:36:14Z
2021-05-07,VRG,17.8,17.8,17.6,17.73,36100,KBS,2026-10-09T05:36:14Z
2021-05-10,VRG,17.67,17.73,17.67,17.67,20700,KBS,2026-10-09T05:36:14Z
2021-05-11,VRG,17.6,17.67,17.0,17.47,3507,KBS,2026-10-09T05:36:14Z
2021-05-12,VRG,17.47,17.47,17.07,17.33,1730,KBS,2026-10-09T05:36:14Z
2021-05-13,VRG,17.33,17.47,16.67,16.8,25300,KBS,2026-10-09T05:36:14Z
2021-05-14,VRG,17.27,17.27,16.67,16.67,15700,KBS,2026-10-09T05:36:14Z
2021-05-17,VRG,16.53,16.67,16.33,16.67,11440,KBS,2026-10-09T05:36:14Z
2021-05-18,VRG,16.67,17.2,16.47,16.47,6700,KBS,2026-10-09T05:36:14Z
2021-05-19,VRG,16.67,16.67,16.4,16.67,7400,KBS,2026-10-09T05:36:14Z
2021-05-20,VRG,16.33,16.33,16.2,16.2,4000,KBS,2026-10-09T05:36:14Z
2021-05-21,VRG,16.07,16.07,14.33,16.0,31300,KBS,2026-10-09T05:36:14Z
2021-05-24,VRG,15.4,15.4,15.33,15.33,10200,KBS,2026-10-09T05:36:14Z
2021-05-25,VRG,17.53,17.53,16.33,16.33,4100,KBS,2026-10-09T05:36:14Z
2021-05-26,VRG,15.07,16.13,15.07,16.07,2699,KBS,2026-10-09T05:36:14Z
2021-05-27,VRG,15.73,15.8,15.73,15.8,5311,KBS,2026-10-09T05:36:14Z
2021-05-28,VRG,15.8,15.8,15.8,15.8,1700,KBS,2026-10-09T05:36:14Z
2021-05-31,VRG,15.73,15.73,15.33,15.73,3500,KBS,2026-10-09T05:36:14Z
2021-06-01,VRG,15.33,16.67,15.33,15.33,2100,KBS,2026-10-09T05:36:14Z
2021-06-02,VRG,15.33,15.4,15.33,15.33,10100,KBS,2026-10-09T05:36:14Z
2021-06-03,VRG,15.4,15.4,15.33,15.33,16980,KBS,2026-10-09T05:36:14Z
2021-06-04,VRG,16.0,16.33,15.53,16.0,35900,KBS,2026-10-09T05:36:14Z
2021-06-07,VRG,16.07,16.67,16.0,16.6,28819,KBS,2026-10-09T05:36:14Z
2021-06-08,VRG,16.6,16.6,16.33,16.33,23300,KBS,2026-10-09T05:36:14Z
2021-06-09,VRG,16.4,16.6,16.07,16.6,43104,KBS,2026-10-09T05:36:14Z
2021-06-10,VRG,16.53,16.87,16.33,16.6,50000,KBS,2026-10-09T05:36:14Z
2021-06-11,VRG,16.6,16.6,16.07,16.6,18108,KBS,2026-10-09T05:36:14Z
2021-06-14,VRG,16.6,16.67,16.6,16.6,119300,KBS,2026-10-09T05:36:14Z
2021-06-15,VRG,16.6,16.87,16.53,16.87,93800,KBS,2026-10-09T05:36:14Z
2021-06-16,VRG,16.87,16.87,16.73,16.73,3428,KBS,2026-10-09T05:36:14Z
2021-06-17,VRG,16.73,16.73,16.6,16.67,43310,KBS,2026-10-09T05:36:14Z
2021-06-18,VRG,16.6,16.67,16.6,16.67,28800,KBS,2026-10-09T05:36:14Z
2021-06-21,VRG,16.6,16.67,16.6,16.6,32730,KBS,2026-10-09T05:36:14Z
2021-06-22,VRG,16.6,16.6,16.33,16.6,24606,KBS,2026-10-09T05:36:14Z
2021-06-23,VRG,16.6,16.6,16.07,16.4,25300,KBS,2026-10-09T05:36:14Z
2021-06-24,VRG,16.6,16.67,16.33,16.6,58300,KBS,2026-10-09T05:36:14Z
2021-06-25,VRG,16.6,16.6,16.6,16.6,45944,KBS,2026-10-09T05:36:14Z
2021-06-28,VRG,16.6,16.67,16.6,16.6,34500,KBS,2026-10-09T05:36:14Z
2021-06-29,VRG,16.6,16.6,16.6,16.6,42300,KBS,2026-10-09T05:36:14Z
2021-06-30,VRG,16.6,16.6,16.6,16.6,71400,KBS,2026-10-09T05:36:14Z
2021-07-01,VRG,16.6,16.6,16.4,16.6,37900,KBS,2026-10-09T05:36:14Z
2021-07-02,VRG,16.6,16.6,16.6,16.6,59700,KBS,2026-10-09T05:36:14Z
2021-07-05,VRG,16.6,16.6,16.47,16.47,52100,KBS,2026-10-09T05:36:14Z
2021-07-06,VRG,16.6,16.6,16.13,16.13,52200,KBS,2026-10-09T05:36:14Z
2021-07-07,VRG,16.6,16.6,16.0,16.0,36100,KBS,2026-10-09T05:36:14Z
2021-07-08,VRG,16.07,16.13,16.07,16.13,200,KBS,2026-10-09T05:36:14Z
2021-07-09,VRG,18.47,18.47,16.13,16.13,3700,KBS,2026-10-09T05:36:14Z
2021-07-12,VRG,16.27,16.27,16.0,16.0,30800,KBS,2026-10-09T05:36:14Z
2021-07-13,VRG,17.0,17.0,17.0,17.0,2000,KBS,2026-10-09T05:36:14Z
2021-07-14,VRG,16.13,17.0,16.13,17.0,5940,KBS,2026-10-09T05:36:14Z
2021-07-15,VRG,16.13,16.47,16.13,16.47,600,KBS,2026-10-09T05:36:14Z
2021-07-16,VRG,16.2,16.33,16.2,16.2,2200,KBS,2026-10-09T05:36:14Z
2021-07-19,VRG,16.0,16.0,15.87,15.87,5800,KBS,2026-10-09T05:36:14Z
2021-07-20,VRG,16.0,16.0,16.0,16.0,3200,KBS,2026-10-09T05:36:14Z
2021-07-21,VRG,16.0,16.0,16.0,16.0,2300,KBS,2026-10-09T05:36:14Z
2021-07-22,VRG,16.0,16.0,16.0,16.0,5230,KBS,2026-10-09T05:36:14Z
2021-07-23,VRG,16.0,16.0,16.0,16.0,5300,KBS,2026-10-09T05:36:14Z
2021-07-26,VRG,17.27,17.27,16.07,16.07,300,KBS,2026-10-09T05:36:14Z
2021-07-27,VRG,16.07,16.47,16.07,16.47,5730,KBS,2026-10-09T05:36:14Z
2021-07-28,VRG,16.0,16.0,16.0,16.0,7010,KBS,2026-10-09T05:36:14Z
2021-07-29,VRG,16.0,16.0,16.0,16.0,100,KBS,2026-10-09T05:36:14Z
2021-07-30,VRG,16.0,17.6,16.0,16.93,1370,KBS,2026-10-09T05:36:14Z
2021-08-02,VRG,16.87,16.87,14.93,16.67,5801,KBS,2026-10-09T05:36:14Z
2021-08-03,VRG,16.67,16.67,16.67,16.67,200,KBS,2026-10-09T05:36:14Z
2021-08-04,VRG,15.53,15.6,15.53,15.6,209,KBS,2026-10-09T05:36:14Z
2021-08-05,VRG,15.6,15.67,15.6,15.67,1500,KBS,2026-10-09T05:36:14Z
2021-08-06,VRG,14.87,16.67,14.87,16.67,232,KBS,2026-10-09T05:36:14Z
2021-08-09,VRG,15.4,15.47,15.4,15.47,209,KBS,2026-10-09T05:36:14Z
2021-08-10,VRG,15.47,15.47,15.47,15.47,4206,KBS,2026-10-09T05:36:14Z
2021-08-11,VRG,15.47,16.27,15.47,15.6,1400,KBS,2026-10-09T05:36:14Z
2021-08-12,VRG,15.67,15.8,15.67,15.73,4300,KBS,2026-10-09T05:36:14Z
2021-08-13,VRG,14.73,15.13,14.73,15.13,3901,KBS,2026-10-09T05:36:14Z
2021-08-16,VRG,15.33,15.33,15.33,15.33,106,KBS,2026-10-09T05:36:14Z
2021-08-17,VRG,14.73,16.6,14.73,16.6,27800,KBS,2026-10-09T05:36:14Z
2021-08-18,VRG,16.6,16.6,16.6,16.6,1010,KBS,2026-10-09T05:36:14Z
2021-08-19,VRG,16.0,16.0,16.0,16.0,1002,KBS,2026-10-09T05:36:14Z
2021-08-20,VRG,15.13,16.07,15.13,16.0,20200,KBS,2026-10-09T05:36:14Z
2021-08-23,VRG,16.0,16.0,15.93,16.0,4191,KBS,2026-10-09T05:36:14Z
2021-08-24,VRG,15.59,15.72,15.59,15.59,3100,KBS,2026-10-09T05:36:14Z
2021-08-25,VRG,16.88,16.88,16.27,16.27,20800,KBS,2026-10-09T05:36:14Z
2021-08-26,VRG,15.66,16.61,15.66,16.61,10109,KBS,2026-10-09T05:36:14Z
2021-08-27,VRG,15.72,15.79,15.72,15.72,1700,KBS,2026-10-09T05:36:14Z
2021-08-30,VRG,16.54,16.54,16.47,16.47,200,KBS,2026-10-09T05:36:14Z
2021-08-31,VRG,15.32,16.61,15.32,16.2,7700,KBS,2026-10-09T05:36:14Z
2021-09-01,VRG,16.54,16.88,16.54,16.88,10090,KBS,2026-10-09T05:36:14Z
2021-09-06,VRG,16.88,19.32,16.88,19.32,374120,KBS,2026-10-09T05:36:14Z
2021-09-07,VRG,19.66,20.54,19.32,19.66,219609,KBS,2026-10-09T05:36:14Z
2021-09-08,VRG,19.66,19.66,19.11,19.11,7056,KBS,2026-10-09T05:36:14Z
2021-09-09,VRG,16.94,17.49,16.54,16.88,151634,KBS,2026-10-09T05:36:14Z
2021-09-10,VRG,16.4,17.15,16.27,16.61,35840,KBS,2026-10-09T05:36:14Z
2021-09-13,VRG,16.94,17.01,15.52,15.59,89950,KBS,2026-10-09T05:36:14Z
2021-09-14,VRG,15.93,16.61,15.59,16.61,38700,KBS,2026-10-09T05:36:14Z
2021-09-15,VRG,16.06,16.27,15.59,16.2,19600,KBS,2026-10-09T05:36:14Z
2021-09-16,VRG,16.13,16.13,15.66,15.66,21445,KBS,2026-10-09T05:36:14Z
2021-09-17,VRG,15.86,15.86,15.59,15.72,49800,KBS,2026-10-09T05:36:14Z
2021-09-20,VRG,15.72,16.13,15.72,15.79,16010,KBS,2026-10-09T05:36:14Z
2021-09-21,VRG,15.72,16.13,15.59,15.59,19400,KBS,2026-10-09T05:36:14Z
2021-09-22,VRG,15.66,16.27,15.52,16.2,58520,KBS,2026-10-09T05:36:14Z
2021-09-23,VRG,16.2,16.27,16.13,16.13,44900,KBS,2026-10-09T05:36:14Z
2021-09-24,VRG,16.34,16.61,15.72,15.86,13100,KBS,2026-10-09T05:36:14Z
2021-09-27,VRG,15.72,15.72,15.45,15.45,26500,KBS,2026-10-09T05:36:14Z
2021-09-28,VRG,15.59,15.93,15.25,15.93,47800,KBS,2026-10-09T05:36:14Z
2021-09-29,VRG,15.93,16.2,15.93,15.93,30000,KBS,2026-10-09T05:36:14Z
2021-09-30,VRG,15.93,16.2,15.93,16.2,20904,KBS,2026-10-09T05:36:14Z
2021-10-01,VRG,16.0,16.0,15.93,16.0,21800,KBS,2026-10-09T05:36:14Z
2021-10-04,VRG,16.0,16.0,16.0,16.0,18700,KBS,2026-10-09T05:36:14Z
2021-10-05,VRG,15.39,16.2,15.39,16.2,16600,KBS,2026-10-09T05:36:14Z
2021-10-06,VRG,16.0,16.27,16.0,16.2,43880,KBS,2026-10-09T05:36:14Z
2021-10-07,VRG,16.2,16.27,16.0,16.0,25417,KBS,2026-10-09T05:36:14Z
2021-10-08,VRG,16.2,16.27,15.93,15.93,24500,KBS,2026-10-09T05:36:14Z
2021-10-11,VRG,16.2,16.27,16.2,16.2,34100,KBS,2026-10-09T05:36:14Z
2021-10-12,VRG,16.2,16.27,16.2,16.2,33380,KBS,2026-10-09T05:36:14Z
2021-10-13,VRG,16.2,16.27,16.13,16.2,17716,KBS,2026-10-09T05:36:14Z
2021-10-14,VRG,16.2,16.27,16.2,16.27,45800,KBS,2026-10-09T05:36:14Z
2021-10-15,VRG,16.2,16.27,16.13,16.27,40400,KBS,2026-10-09T05:36:14Z
2021-10-18,VRG,16.2,16.4,16.06,16.06,68910,KBS,2026-10-09T05:36:14Z
2021-10-19,VRG,16.2,16.47,16.2,16.4,36570,KBS,2026-10-09T05:36:14Z
2021-10-20,VRG,16.4,16.47,16.4,16.47,9000,KBS,2026-10-09T05:36:14Z
2021-10-21,VRG,16.4,16.47,16.27,16.4,10600,KBS,2026-10-09T05:36:14Z
2021-10-22,VRG,16.4,16.47,15.66,16.4,54600,KBS,2026-10-09T05:36:14Z
2021-10-25,VRG,16.4,16.47,16.4,16.4,17180,KBS,2026-10-09T05:36:14Z
2021-10-26,VRG,14.17,16.4,14.17,16.4,19500,KBS,2026-10-09T05:36:14Z
2021-10-27,VRG,16.4,16.47,16.27,16.27,35900,KBS,2026-10-09T05:36:14Z
2021-10-28,VRG,16.4,16.47,16.4,16.47,20900,KBS,2026-10-09T05:36:14Z
2021-10-29,VRG,16.4,16.47,16.4,16.4,19150,KBS,2026-10-09T05:36:14Z
2021-11-01,VRG,16.4,16.47,16.34,16.34,43415,KBS,2026-10-09T05:36:14Z
2021-11-02,VRG,16.4,16.47,16.06,16.47,44900,KBS,2026-10-09T05:36:14Z
2021-11-03,VRG,16.47,17.96,16.4,17.42,137790,KBS,2026-10-09T05:36:14Z
2021-11-04,VRG,17.01,17.08,16.88,16.88,8465,KBS,2026-10-09T05:36:14Z
2021-11-05,VRG,16.81,16.81,16.4,16.47,5820,KBS,2026-10-09T05:36:14Z
2021-11-08,VRG,16.47,16.47,16.27,16.47,53700,KBS,2026-10-09T05:36:14Z
2021-11-09,VRG,16.4,16.54,16.4,16.4,39700,KBS,2026-10-09T05:36:14Z
2021-11-10,VRG,16.54,16.54,16.4,16.47,18700,KBS,2026-10-09T05:36:14Z
2021-11-11,VRG,18.3,18.3,16.4,16.4,22300,KBS,2026-10-09T05:36:14Z
2021-11-12,VRG,16.47,16.61,16.27,16.27,27900,KBS,2026-10-09T05:36:14Z
2021-11-15,VRG,16.27,16.4,16.27,16.27,15801,KBS,2026-10-09T05:36:14Z
2021-11-16,VRG,16.27,16.4,16.13,16.34,8500,KBS,2026-10-09T05:36:14Z
2021-11-17,VRG,16.4,16.47,16.06,16.47,23110,KBS,2026-10-09T05:36:14Z
2021-11-18,VRG,16.4,16.47,16.34,16.47,9719,KBS,2026-10-09T05:36:14Z
2021-11-19,VRG,16.4,16.54,16.06,16.54,28100,KBS,2026-10-09T05:36:14Z
2021-11-22,VRG,16.34,18.3,16.2,16.27,29300,KBS,2026-10-09T05:36:14Z
2021-11-23,VRG,15.79,16.54,15.79,16.47,27320,KBS,2026-10-09T05:36:14Z
2021-11-24,VRG,16.61,18.23,16.61,16.94,34931,KBS,2026-10-09T05:36:14Z
2021-11-25,VRG,17.08,17.08,16.34,16.4,4600,KBS,2026-10-09T05:36:14Z
2021-11-26,VRG,16.06,16.94,16.06,16.94,1506,KBS,2026-10-09T05:36:14Z
2021-11-29,VRG,17.42,17.49,16.54,17.08,16539,KBS,2026-10-09T05:36:14Z
2021-11-30,VRG,17.49,17.49,16.27,17.08,39300,KBS,2026-10-09T05:36:14Z
2021-12-01,VRG,16.47,16.61,16.47,16.61,20500,KBS,2026-10-09T05:36:14Z
2021-12-02,VRG,16.94,16.94,16.88,16.88,3606,KBS,2026-10-09T05:36:14Z
2021-12-03,VRG,16.94,16.94,16.27,16.61,6210,KBS,2026-10-09T05:36:14Z
2021-12-06,VRG,16.27,16.27,16.13,16.2,6111,KBS,2026-10-09T05:36:14Z
2021-12-07,VRG,16.27,16.61,16.27,16.54,10126,KBS,2026-10-09T05:36:14Z
2021-12-08,VRG,16.27,16.54,16.2,16.54,14920,KBS,2026-10-09T05:36:14Z
2021-12-09,VRG,16.27,16.94,16.27,16.94,6600,KBS,2026-10-09T05:36:14Z
2021-12-10,VRG,17.22,17.22,16.13,16.13,3100,KBS,2026-10-09T05:36:14Z
2021-12-13,VRG,16.2,16.94,16.2,16.94,6965,KBS,2026-10-09T05:36:14Z
2021-12-14,VRG,17.22,17.22,16.94,17.08,3300,KBS,2026-10-09T05:36:14Z
2021-12-15,VRG,16.94,16.94,16.34,16.47,34800,KBS,2026-10-09T05:36:14Z
2021-12-16,VRG,16.54,16.54,15.59,16.0,1800,KBS,2026-10-09T05:36:14Z
2021-12-17,VRG,16.81,16.81,16.81,16.81,101,KBS,2026-10-09T05:36:14Z
2021-12-20,VRG,16.13,16.67,15.72,16.61,8700,KBS,2026-10-09T05:36:14Z
2021-12-21,VRG,16.27,16.27,16.13,16.13,14500,KBS,2026-10-09T05:36:14Z
2021-12-22,VRG,16.27,16.4,16.13,16.27,8100,KBS,2026-10-09T05:36:14Z
2021-12-23,VRG,16.13,16.94,16.06,16.27,6700,KBS,2026-10-09T05:36:14Z
2021-12-24,VRG,16.2,16.27,16.2,16.27,600,KBS,2026-10-09T05:36:14Z
2021-12-27,VRG,14.98,16.27,14.98,15.66,469,KBS,2026-10-09T05:36:14Z
2021-12-28,VRG,15.93,16.74,15.93,16.74,7100,KBS,2026-10-09T05:36:14Z
2021-12-29,VRG,16.27,16.4,16.27,16.4,300,KBS,2026-10-09T05:36:14Z
2021-12-30,VRG,16.34,18.77,16.34,18.64,98809,KBS,2026-10-09T05:36:14Z
2021-12-31,VRG,18.1,18.98,18.1,18.77,73200,KBS,2026-10-09T05:36:14Z
2022-01-04,VRG,18.98,21.69,17.69,21.69,62888,KBS,2026-10-09T05:36:14Z
2022-01-05,VRG,21.69,22.57,19.66,20.81,123745,KBS,2026-10-09T05:36:14Z
2022-01-06,VRG,25.08,25.15,21.82,23.72,41780,KBS,2026-10-09T05:36:14Z
2022-01-07,VRG,27.86,28.26,24.67,26.43,67005,KBS,2026-10-09T05:36:14Z
2022-01-10,VRG,26.91,28.47,25.76,27.04,18900,KBS,2026-10-09T05:36:14Z
2022-01-11,VRG,27.52,27.79,23.72,26.1,23600,KBS,2026-10-09T05:36:14Z
2022-01-12,VRG,26.43,27.11,23.52,23.52,22998,KBS,2026-10-09T05:36:14Z
2022-01-13,VRG,26.43,26.98,21.76,21.76,28018,KBS,2026-10-09T05:36:14Z
2022-01-14,VRG,19.66,23.25,19.66,20.33,11900,KBS,2026-10-09T05:36:14Z
2022-01-17,VRG,19.93,22.37,19.59,19.59,7300,KBS,2026-10-09T05:36:14Z
2022-01-18,VRG,20.88,20.88,18.16,18.3,11700,KBS,2026-10-09T05:36:14Z
2022-01-19,VRG,16.34,21.55,16.34,21.55,9000,KBS,2026-10-09T05:36:14Z
2022-01-20,VRG,18.71,21.15,18.71,21.15,1900,KBS,2026-10-09T05:36:14Z
2022-01-21,VRG,19.18,20.47,19.18,20.47,17470,KBS,2026-10-09T05:36:14Z
2022-01-24,VRG,19.11,21.15,19.11,19.18,5700,KBS,2026-10-09T05:36:14Z
2022-01-25,VRG,19.32,21.01,19.25,21.01,15800,KBS,2026-10-09T05:36:14Z
2022-01-26,VRG,19.93,21.01,19.39,19.39,1800,KBS,2026-10-09T05:36:14Z
2022-01-27,VRG,19.45,20.4,19.45,20.4,5701,KBS,2026-10-09T05:36:14Z
2022-01-28,VRG,19.39,20.81,19.39,20.74,71649,KBS,2026-10-09T05:36:14Z
2022-02-07,VRG,21.76,23.38,21.76,23.32,4511,KBS,2026-10-09T05:36:14Z
2022-02-08,VRG,22.44,24.74,19.59,24.6,1515,KBS,2026-10-09T05:36:14Z
2022-02-09,VRG,24.6,24.74,24.4,24.4,800,KBS,2026-10-09T05:36:14Z
2022-02-10,VRG,24.4,24.74,22.44,24.74,5400,KBS,2026-10-09T05:36:14Z
2022-02-11,VRG,22.64,24.94,22.64,24.94,980,KBS,2026-10-09T05:36:14Z
2022-02-14,VRG,20.74,24.6,20.74,23.45,1844,KBS,2026-10-09T05:36:14Z
2022-02-15,VRG,21.15,23.04,21.15,23.04,2015,KBS,2026-10-09T05:36:14Z
2022-02-16,VRG,22.37,22.37,22.37,22.37,200,KBS,2026-10-09T05:36:14Z
2022-02-17,VRG,23.59,23.59,22.37,22.37,1575,KBS,2026-10-09T05:36:14Z
2022-02-18,VRG,21.08,21.42,21.01,21.42,1540,KBS,2026-10-09T05:36:14Z
2022-02-21,VRG,21.69,21.82,21.69,21.82,2180,KBS,2026-10-09T05:36:14Z
2022-02-22,VRG,21.22,21.22,20.47,20.47,608,KBS,2026-10-09T05:36:14Z
2022-02-23,VRG,21.01,21.69,21.01,21.69,22000,KBS,2026-10-09T05:36:14Z
2022-02-24,VRG,20.4,23.04,20.4,22.37,2400,KBS,2026-10-09T05:36:14Z
2022-02-25,VRG,22.37,22.37,21.08,21.15,4021,KBS,2026-10-09T05:36:14Z
2022-02-28,VRG,22.03,22.03,21.08,22.03,600,KBS,2026-10-09T05:36:14Z
2022-03-01,VRG,21.89,22.37,21.22,21.69,12300,KBS,2026-10-09T05:36:14Z
2022-03-02,VRG,21.42,21.42,19.45,21.15,2600,KBS,2026-10-09T05:36:14Z
2022-03-03,VRG,20.4,21.35,20.4,21.35,2200,KBS,2026-10-09T05:36:14Z
2022-03-04,VRG,20.54,21.96,20.54,20.81,4915,KBS,2026-10-09T05:36:14Z
2022-03-07,VRG,21.01,21.08,20.94,21.08,14538,KBS,2026-10-09T05:36:14Z
2022-03-08,VRG,21.55,21.82,21.01,21.08,5400,KBS,2026-10-09T05:36:14Z
2022-03-09,VRG,20.4,21.96,20.4,21.15,3300,KBS,2026-10-09T05:36:14Z
2022-03-10,VRG,20.74,21.62,20.74,21.62,400,KBS,2026-10-09T05:36:14Z
2022-03-11,VRG,20.74,21.22,20.74,21.22,5100,KBS,2026-10-09T05:36:14Z
2022-03-14,VRG,21.01,21.55,20.6,21.55,15000,KBS,2026-10-09T05:36:14Z
2022-03-15,VRG,20.88,23.04,20.88,22.98,15909,KBS,2026-10-09T05:36:14Z
2022-03-16,VRG,22.37,23.32,22.37,22.98,2901,KBS,2026-10-09T05:36:14Z
2022-03-17,VRG,23.32,23.32,23.32,23.32,100,KBS,2026-10-09T05:36:14Z
2022-03-18,VRG,23.04,23.04,20.94,22.91,34700,KBS,2026-10-09T05:36:14Z
2022-03-21,VRG,22.3,22.3,21.22,21.69,4500,KBS,2026-10-09T05:36:14Z
2022-03-22,VRG,21.42,21.69,21.15,21.69,1400,KBS,2026-10-09T05:36:14Z
2022-03-23,VRG,21.49,22.23,21.42,22.1,3600,KBS,2026-10-09T05:36:14Z
2022-03-24,VRG,21.42,21.49,21.15,21.22,2460,KBS,2026-10-09T05:36:14Z
2022-03-25,VRG,21.08,21.22,21.01,21.08,4700,KBS,2026-10-09T05:36:14Z
2022-03-28,VRG,23.59,23.59,20.74,21.15,9900,KBS,2026-10-09T05:36:14Z
2022-03-29,VRG,21.69,23.38,21.62,23.38,10900,KBS,2026-10-09T05:36:14Z
2022-03-30,VRG,22.3,23.04,21.35,21.69,3300,KBS,2026-10-09T05:36:14Z
2022-03-31,VRG,22.1,25.48,21.15,22.23,37080,KBS,2026-10-09T05:36:14Z
2022-04-01,VRG,22.98,22.98,22.98,22.98,100,KBS,2026-10-09T05:36:14Z
2022-04-04,VRG,21.01,22.37,21.01,21.42,15000,KBS,2026-10-09T05:36:14Z
2022-04-05,VRG,22.23,24.74,21.55,22.03,19500,KBS,2026-10-09T05:36:14Z
2022-04-06,VRG,22.57,23.25,22.57,23.25,3200,KBS,2026-10-09T05:36:14Z
2022-04-07,VRG,23.04,24.06,23.04,23.04,10531,KBS,2026-10-09T05:36:14Z
2022-04-08,VRG,23.59,23.72,23.04,23.04,2600,KBS,2026-10-09T05:36:14Z
2022-04-12,VRG,21.82,23.04,21.82,23.04,601,KBS,2026-10-09T05:36:14Z
2022-04-13,VRG,22.84,23.25,22.71,22.91,1300,KBS,2026-10-09T05:36:14Z
2022-04-14,VRG,22.44,22.44,21.69,21.89,3900,KBS,2026-10-09T05:36:14Z
2022-04-15,VRG,24.6,24.6,21.69,21.89,4700,KBS,2026-10-09T05:36:14Z
2022-04-18,VRG,22.1,23.72,22.1,23.04,236500,KBS,2026-10-09T05:36:14Z
2022-04-19,VRG,21.35,23.32,21.35,22.98,2808,KBS,2026-10-09T05:36:14Z
2022-04-20,VRG,22.91,22.91,22.57,22.64,5400,KBS,2026-10-09T05:36:14Z
2022-04-21,VRG,21.69,22.37,21.69,22.03,15100,KBS,2026-10-09T05:36:14Z
2022-04-22,VRG,20.94,22.23,20.94,22.23,3900,KBS,2026-10-09T05:36:14Z
2022-04-25,VRG,21.42,21.42,19.66,19.66,2700,KBS,2026-10-09T05:36:14Z
2022-04-26,VRG,23.04,23.04,20.33,20.33,3700,KBS,2026-10-09T05:36:14Z
2022-04-27,VRG,23.32,23.32,20.4,22.3,5800,KBS,2026-10-09T05:36:14Z
2022-04-28,VRG,22.1,22.1,22.1,22.1,100,KBS,2026-10-09T05:36:14Z
2022-04-29,VRG,22.1,23.04,22.03,22.1,2600,KBS,2026-10-09T05:36:14Z
2022-05-04,VRG,21.01,22.23,21.01,22.23,3700,KBS,2026-10-09T05:36:14Z
2022-05-05,VRG,21.01,24.33,21.01,24.33,70200,KBS,2026-10-09T05:36:14Z
2022-05-06,VRG,24.26,24.4,21.49,21.89,17700,KBS,2026-10-09T05:36:14Z
2022-05-09,VRG,23.66,25.76,22.37,24.74,16900,KBS,2026-10-09T05:36:14Z
2022-05-10,VRG,24.33,25.42,23.72,23.72,39400,KBS,2026-10-09T05:36:14Z
2022-05-11,VRG,21.82,24.26,21.82,23.99,4500,KBS,2026-10-09T05:36:14Z
2022-05-12,VRG,23.86,23.86,23.86,23.86,6000,KBS,2026-10-09T05:36:14Z
2022-05-13,VRG,20.4,23.18,20.4,23.18,5700,KBS,2026-10-09T05:36:14Z
2022-05-16,VRG,21.96,21.96,21.96,21.96,400,KBS,2026-10-09T05:36:14Z
2022-05-17,VRG,21.42,21.42,21.35,21.35,2300,KBS,2026-10-09T05:36:14Z
2022-05-18,VRG,21.49,21.49,21.49,21.49,831,KBS,2026-10-09T05:36:14Z
2022-05-19,VRG,21.28,21.28,21.22,21.22,200,KBS,2026-10-09T05:36:14Z
2022-05-20,VRG,22.03,22.03,22.03,22.03,100,KBS,2026-10-09T05:36:14Z
2022-05-23,VRG,21.28,21.35,21.28,21.28,2300,KBS,2026-10-09T05:36:14Z
2022-05-24,VRG,21.28,21.28,21.28,21.28,500,KBS,2026-10-09T05:36:14Z
2022-05-25,VRG,21.28,21.35,21.28,21.28,1800,KBS,2026-10-09T05:36:14Z
2022-05-26,VRG,20.6,21.08,20.6,21.01,1108,KBS,2026-10-09T05:36:14Z
2022-05-27,VRG,21.69,21.69,21.69,21.69,1200,KBS,2026-10-09T05:36:14Z
2022-06-02,VRG,21.96,22.1,21.08,21.08,2700,KBS,2026-10-09T05:36:14Z
2022-06-06,VRG,19.86,22.1,19.86,22.1,300,KBS,2026-10-09T05:36:14Z
2022-06-07,VRG,21.69,21.69,21.69,21.69,100,KBS,2026-10-09T05:36:14Z
2022-06-08,VRG,21.69,21.69,21.49,21.49,900,KBS,2026-10-09T05:36:14Z
2022-06-09,VRG,21.62,21.82,20.54,21.82,1000,KBS,2026-10-09T05:36:14Z
2022-06-10,VRG,21.82,24.74,21.82,22.37,1115,KBS,2026-10-09T05:36:14Z
2022-06-13,VRG,22.37,22.37,22.37,22.37,600,KBS,2026-10-09T05:36:14Z
2022-06-14,VRG,22.37,22.37,21.01,22.23,1100,KBS,2026-10-09T05:36:14Z
2022-06-15,VRG,22.91,22.91,21.01,21.01,3600,KBS,2026-10-09T05:36:14Z
2022-06-16,VRG,21.08,21.08,20.67,21.01,800,KBS,2026-10-09T05:36:14Z
2022-06-17,VRG,18.1,21.55,18.1,21.55,1500,KBS,2026-10-09T05:36:14Z
2022-06-20,VRG,19.11,20.88,18.98,19.25,1500,KBS,2026-10-09T05:36:14Z
2022-06-23,VRG,17.69,21.96,17.69,21.96,2610,KBS,2026-10-09T05:36:14Z
2022-06-24,VRG,19.18,22.3,19.18,22.3,9700,KBS,2026-10-09T05:36:14Z
2022-06-27,VRG,22.3,22.3,22.3,22.3,100,KBS,2026-10-09T05:36:14Z
2022-06-28,VRG,22.3,22.3,22.3,22.3,100,KBS,2026-10-09T05:36:14Z
2022-06-29,VRG,21.69,22.16,21.69,22.16,2100,KBS,2026-10-09T05:36:14Z
2022-06-30,VRG,22.37,22.37,22.37,22.37,1000,KBS,2026-10-09T05:36:14Z
2022-07-01,VRG,22.23,22.23,22.16,22.16,3000,KBS,2026-10-09T05:36:14Z
2022-07-04,VRG,22.16,22.16,22.16,22.16,1000,KBS,2026-10-09T05:36:14Z
2022-07-06,VRG,19.11,22.1,19.11,22.1,1300,KBS,2026-10-09T05:36:14Z
2022-07-07,VRG,21.62,21.62,21.62,21.62,100,KBS,2026-10-09T05:36:14Z
2022-07-08,VRG,21.62,21.69,21.15,21.69,2400,KBS,2026-10-09T05:36:14Z
2022-07-11,VRG,23.72,23.72,20.4,22.37,900,KBS,2026-10-09T05:36:14Z
2022-07-12,VRG,21.69,22.37,21.69,22.37,2100,KBS,2026-10-09T05:36:14Z
2022-07-13,VRG,21.69,22.37,19.66,22.37,3100,KBS,2026-10-09T05:36:14Z
2022-07-14,VRG,20.33,20.33,20.33,20.33,100,KBS,2026-10-09T05:36:14Z
2022-07-18,VRG,20.33,21.82,20.33,21.82,200,KBS,2026-10-09T05:36:14Z
2022-07-19,VRG,19.72,19.79,19.66,19.66,500,KBS,2026-10-09T05:36:14Z
2022-07-20,VRG,20.33,20.33,19.66,20.0,14600,KBS,2026-10-09T05:36:14Z
2022-07-21,VRG,20.06,20.06,19.66,19.66,6300,KBS,2026-10-09T05:36:14Z
2022-07-25,VRG,19.72,22.3,19.66,22.3,5480,KBS,2026-10-09T05:36:14Z
2022-07-26,VRG,19.86,21.62,19.86,21.62,1700,KBS,2026-10-09T05:36:14Z
2022-07-29,VRG,19.79,20.33,19.79,20.33,500,KBS,2026-10-09T05:36:14Z
2022-08-01,VRG,20.06,20.06,20.0,20.06,3100,KBS,2026-10-09T05:36:14Z
2022-08-02,VRG,20.06,20.06,20.06,20.06,980,KBS,2026-10-09T05:36:14Z
2022-08-03,VRG,20.06,20.06,20.06,20.06,2100,KBS,2026-10-09T05:36:14Z
2022-08-04,VRG,20.33,20.33,19.93,19.93,2000,KBS,2026-10-09T05:36:14Z
2022-08-05,VRG,19.72,20.94,19.72,20.94,200,KBS,2026-10-09T05:36:14Z
2022-08-08,VRG,20.33,20.33,20.33,20.33,200,KBS,2026-10-09T05:36:14Z
2022-08-09,VRG,20.33,20.33,20.33,20.33,100,KBS,2026-10-09T05:36:14Z
2022-08-10,VRG,20.67,20.67,20.67,20.67,704,KBS,2026-10-09T05:36:14Z
2022-08-11,VRG,19.79,20.67,19.79,20.67,500,KBS,2026-10-09T05:36:14Z
2022-08-12,VRG,20.74,20.74,20.13,20.33,5100,KBS,2026-10-09T05:36:14Z
2022-08-15,VRG,20.4,21.01,20.4,20.4,2600,KBS,2026-10-09T05:36:14Z
2022-08-17,VRG,20.4,20.74,20.4,20.4,700,KBS,2026-10-09T05:36:14Z
2022-08-18,VRG,20.2,20.33,20.2,20.33,17100,KBS,2026-10-09T05:36:14Z
2022-08-19,VRG,19.72,19.72,19.72,19.72,1500,KBS,2026-10-09T05:36:14Z
2022-08-22,VRG,19.93,20.06,19.79,19.79,7800,KBS,2026-10-09T05:36:14Z
2022-08-23,VRG,19.79,19.79,19.79,19.79,2300,KBS,2026-10-09T05:36:14Z
2022-08-26,VRG,19.86,19.86,19.59,19.59,2000,KBS,2026-10-09T05:36:14Z
2022-08-29,VRG,20.33,20.33,20.33,20.33,300,KBS,2026-10-09T05:36:14Z
2022-08-30,VRG,20.33,20.33,20.33,20.33,100,KBS,2026-10-09T05:36:14Z
2022-08-31,VRG,20.33,20.33,20.33,20.33,300,KBS,2026-10-09T05:36:14Z
2022-09-05,VRG,20.33,20.33,20.33,20.33,300,KBS,2026-10-09T05:36:14Z
2022-09-07,VRG,19.86,19.86,19.86,19.86,1000,KBS,2026-10-09T05:36:14Z
2022-09-08,VRG,20.33,20.33,17.69,18.57,3904,KBS,2026-10-09T05:36:14Z
2022-09-09,VRG,19.66,19.66,19.66,19.66,400,KBS,2026-10-09T05:36:14Z
2022-09-12,VRG,17.96,19.59,17.96,19.18,905,KBS,2026-10-09T05:36:14Z
2022-09-13,VRG,18.77,18.84,18.77,18.84,1100,KBS,2026-10-09T05:36:14Z
2022-09-15,VRG,18.84,18.84,18.84,18.84,2500,KBS,2026-10-09T05:36:14Z
2022-09-16,VRG,20.06,20.33,18.98,20.2,7200,KBS,2026-10-09T05:36:14Z
2022-09-20,VRG,19.93,22.3,19.93,22.3,2605,KBS,2026-10-09T05:36:14Z
2022-09-21,VRG,23.04,23.04,23.04,23.04,110,KBS,2026-10-09T05:36:14Z
2022-09-22,VRG,23.38,23.38,19.66,22.3,9900,KBS,2026-10-09T05:36:14Z
2022-09-23,VRG,18.03,22.71,18.03,22.71,300,KBS,2026-10-09T05:36:14Z
2022-09-26,VRG,19.66,23.72,19.66,20.33,4800,KBS,2026-10-09T05:36:14Z
2022-09-27,VRG,19.79,22.3,19.79,22.3,1300,KBS,2026-10-09T05:36:14Z
2022-09-28,VRG,23.66,23.66,18.3,21.62,7900,KBS,2026-10-09T05:36:14Z
2022-09-29,VRG,20.13,21.69,20.13,21.69,10200,KBS,2026-10-09T05:36:14Z
2022-09-30,VRG,23.04,23.04,18.71,18.71,25400,KBS,2026-10-09T05:36:14Z
2022-10-05,VRG,19.45,19.72,19.45,19.45,700,KBS,2026-10-09T05:36:14Z
2022-10-10,VRG,16.94,19.66,16.94,19.66,1800,KBS,2026-10-09T05:36:14Z
2022-10-11,VRG,21.62,21.62,21.62,21.62,100,KBS,2026-10-09T05:36:14Z
2022-10-13,VRG,21.01,21.01,21.01,21.01,100,KBS,2026-10-09T05:36:14Z
2022-10-21,VRG,19.52,21.35,19.52,21.35,600,KBS,2026-10-09T05:36:14Z
2022-10-28,VRG,17.62,20.13,17.62,20.13,3100,KBS,2026-10-09T05:36:14Z
2022-11-02,VRG,15.86,18.98,15.86,18.91,303,KBS,2026-10-09T05:36:14Z
2022-11-08,VRG,15.45,18.3,15.45,18.23,24600,KBS,2026-10-09T05:36:14Z
2022-11-09,VRG,15.59,18.37,15.59,18.37,1100,KBS,2026-10-09T05:36:14Z
2022-11-10,VRG,18.16,18.16,18.16,18.16,3000,KBS,2026-10-09T05:36:14Z
2022-11-11,VRG,19.52,19.52,15.93,15.93,3900,KBS,2026-10-09T05:36:14Z
2022-11-14,VRG,15.59,17.56,15.59,17.56,5500,KBS,2026-10-09T05:36:14Z
2022-11-15,VRG,18.71,18.77,17.62,17.62,3400,KBS,2026-10-09T05:36:14Z
2022-11-16,VRG,18.64,21.01,18.64,21.01,3000,KBS,2026-10-09T05:36:14Z
2022-11-21,VRG,20.94,20.94,20.94,20.94,1000,KBS,2026-10-09T05:36:14Z
2022-11-22,VRG,18.03,20.94,17.83,20.81,32600,KBS,2026-10-09T05:36:14Z
2022-11-23,VRG,16.0,19.59,16.0,19.59,1800,KBS,2026-10-09T05:36:14Z
2022-11-25,VRG,16.27,18.91,16.13,18.91,7900,KBS,2026-10-09T05:36:14Z
2022-11-28,VRG,17.62,18.57,17.62,18.57,6400,KBS,2026-10-09T05:36:14Z
2022-11-30,VRG,21.01,21.01,21.01,21.01,1500,KBS,2026-10-09T05:36:14Z
2022-12-01,VRG,18.64,18.64,17.89,17.89,4021,KBS,2026-10-09T05:36:14Z
2022-12-02,VRG,16.4,17.56,15.52,17.56,17400,KBS,2026-10-09T05:36:14Z
2022-12-05,VRG,15.86,15.93,15.86,15.86,3600,KBS,2026-10-09T05:36:14Z
2022-12-06,VRG,17.15,17.15,17.15,17.15,100,KBS,2026-10-09T05:36:14Z
2022-12-07,VRG,15.93,17.62,15.93,17.62,10910,KBS,2026-10-09T05:36:14Z
2022-12-08,VRG,16.27,17.96,15.72,17.62,19100,KBS,2026-10-09T05:36:14Z
2022-12-09,VRG,18.03,18.03,18.03,18.03,100,KBS,2026-10-09T05:36:14Z
2022-12-12,VRG,18.16,18.3,15.86,15.86,21711,KBS,2026-10-09T05:36:14Z
2022-12-13,VRG,18.3,18.3,18.3,18.3,1500,KBS,2026-10-09T05:36:14Z
2022-12-14,VRG,16.34,17.96,16.0,16.74,17200,KBS,2026-10-09T05:36:14Z
2022-12-15,VRG,17.62,17.76,17.62,17.76,3000,KBS,2026-10-09T05:36:14Z
2022-12-19,VRG,16.27,16.74,15.32,15.66,38500,KBS,2026-10-09T05:36:14Z
2022-12-20,VRG,17.76,18.3,17.76,18.3,6500,KBS,2026-10-09T05:36:14Z
2022-12-21,VRG,16.27,17.49,15.93,17.49,10900,KBS,2026-10-09T05:36:14Z
2022-12-26,VRG,17.56,17.56,15.93,15.93,6200,KBS,2026-10-09T05:36:14Z
2022-12-27,VRG,17.28,19.66,17.28,17.28,61001,KBS,2026-10-09T05:36:14Z
2022-12-28,VRG,20.33,20.33,20.33,20.33,20000,KBS,2026-10-09T05:36:14Z
2022-12-29,VRG,22.71,22.71,17.28,17.62,33600,KBS,2026-10-09T05:36:14Z
2022-12-30,VRG,24.4,24.4,18.84,18.84,50000,KBS,2026-10-09T05:36:14Z
2023-01-04,VRG,19.59,19.59,19.59,19.59,100,KBS,2026-10-09T05:36:14Z
2023-01-05,VRG,16.67,17.62,16.67,17.62,6200,KBS,2026-10-09T05:36:14Z
2023-01-06,VRG,17.01,17.01,17.01,17.01,4200,KBS,2026-10-09T05:36:14Z
2023-01-09,VRG,17.28,17.28,17.28,17.28,402,KBS,2026-10-09T05:36:14Z
2023-01-10,VRG,17.28,17.28,16.94,16.94,6600,KBS,2026-10-09T05:36:14Z
2023-01-11,VRG,17.01,17.62,17.01,17.62,2000,KBS,2026-10-09T05:36:14Z
2023-01-12,VRG,19.01,19.01,17.56,17.63,500,KBS,2026-10-09T05:36:14Z
2023-01-13,VRG,18.79,18.79,18.07,18.07,1300,KBS,2026-10-09T05:36:14Z
2023-01-17,VRG,18.07,18.07,17.2,17.34,2000,KBS,2026-10-09T05:36:14Z
2023-01-19,VRG,16.62,17.63,16.62,17.34,1300,KBS,2026-10-09T05:36:14Z
2023-01-27,VRG,17.34,17.49,16.62,16.62,1600,KBS,2026-10-09T05:36:14Z
2023-01-30,VRG,15.9,17.34,15.9,16.98,3900,KBS,2026-10-09T05:36:14Z
2023-01-31,VRG,16.98,18.72,16.98,17.34,4403,KBS,2026-10-09T05:36:14Z
2023-02-01,VRG,18.36,18.36,16.77,16.98,3300,KBS,2026-10-09T05:36:14Z
2023-02-02,VRG,16.98,17.13,16.62,16.62,6600,KBS,2026-10-09T05:36:14Z
2023-02-03,VRG,18.5,18.5,16.48,17.78,300,KBS,2026-10-09T05:36:14Z
2023-02-06,VRG,16.55,16.55,16.55,16.55,200,KBS,2026-10-09T05:36:14Z
2023-02-08,VRG,17.63,17.63,17.63,17.63,103,KBS,2026-10-09T05:36:14Z
2023-02-22,VRG,17.63,17.63,17.63,17.63,100,KBS,2026-10-09T05:36:14Z
2023-02-23,VRG,15.9,16.26,15.25,16.26,5905,KBS,2026-10-09T05:36:14Z
2023-02-24,VRG,15.54,15.9,15.54,15.54,4837,KBS,2026-10-09T05:36:14Z
2023-02-28,VRG,15.54,15.54,14.53,14.53,2500,KBS,2026-10-09T05:36:14Z
2023-03-02,VRG,15.18,15.25,15.18,15.25,300,KBS,2026-10-09T05:36:14Z
2023-03-06,VRG,15.25,15.25,15.25,15.25,300,KBS,2026-10-09T05:36:14Z
2023-03-07,VRG,15.25,15.25,15.25,15.25,1000,KBS,2026-10-09T05:36:14Z
2023-03-08,VRG,14.6,14.6,14.6,14.6,1038,KBS,2026-10-09T05:36:14Z
2023-03-09,VRG,14.6,14.6,14.6,14.6,1700,KBS,2026-10-09T05:36:14Z
2023-03-10,VRG,14.45,14.45,13.88,13.88,1300,KBS,2026-10-09T05:36:14Z
2023-03-13,VRG,14.09,14.09,14.09,14.09,600,KBS,2026-10-09T05:36:14Z
2023-03-14,VRG,14.09,14.09,14.09,14.09,100,KBS,2026-10-09T05:36:14Z
2023-03-15,VRG,15.54,15.54,14.09,14.09,200,KBS,2026-10-09T05:36:14Z
2023-03-17,VRG,14.74,14.82,14.74,14.82,2000,KBS,2026-10-09T05:36:14Z
2023-03-22,VRG,14.45,14.45,14.16,14.16,2200,KBS,2026-10-09T05:36:14Z
2023-03-23,VRG,14.45,14.45,14.45,14.45,100,KBS,2026-10-09T05:36:14Z
2023-03-28,VRG,15.03,16.62,15.03,16.62,5900,KBS,2026-10-09T05:36:14Z
2023-03-30,VRG,17.2,18.28,15.9,18.28,23100,KBS,2026-10-09T05:36:14Z
2023-03-31,VRG,19.51,19.51,18.79,19.15,7600,KBS,2026-10-09T05:36:14Z
2023-04-03,VRG,16.98,18.07,16.48,16.62,44800,KBS,2026-10-09T05:36:14Z
2023-04-04,VRG,18.79,18.79,14.6,18.0,15304,KBS,2026-10-09T05:36:14Z
2023-04-05,VRG,19.51,19.51,14.82,17.34,15308,KBS,2026-10-09T05:36:14Z
2023-04-06,VRG,21.18,21.18,16.41,18.14,11010,KBS,2026-10-09T05:36:14Z
2023-04-07,VRG,21.68,23.42,17.78,17.78,18700,KBS,2026-10-09T05:36:14Z
2023-04-10,VRG,18.57,18.57,18.57,18.57,701,KBS,2026-10-09T05:36:14Z
2023-04-11,VRG,16.48,17.71,15.97,17.63,6700,KBS,2026-10-09T05:36:14Z
2023-04-12,VRG,15.03,15.25,15.03,15.25,2002,KBS,2026-10-09T05:36:14Z
2023-04-13,VRG,15.83,16.7,15.83,16.7,4301,KBS,2026-10-09T05:36:14Z
2023-04-14,VRG,16.48,16.55,15.54,15.54,3500,KBS,2026-10-09T05:36:14Z
2023-04-17,VRG,15.9,15.9,15.9,15.9,2100,KBS,2026-10-09T05:36:14Z
2023-04-18,VRG,15.9,15.9,15.9,15.9,5,KBS,2026-10-09T05:36:14Z
2023-04-19,VRG,15.9,15.9,15.9,15.9,200,KBS,2026-10-09T05:36:14Z
2023-04-21,VRG,16.26,17.34,16.26,17.34,2300,KBS,2026-10-09T05:36:14Z
2023-04-24,VRG,16.77,16.77,16.77,16.77,214,KBS,2026-10-09T05:36:14Z
2023-04-25,VRG,15.25,15.25,14.74,14.89,12900,KBS,2026-10-09T05:36:14Z
2023-04-26,VRG,16.33,16.33,16.33,16.33,100,KBS,2026-10-09T05:36:14Z
2023-04-27,VRG,16.26,16.26,14.96,14.96,502,KBS,2026-10-09T05:36:14Z
2023-04-28,VRG,15.61,15.68,15.1,15.39,3400,KBS,2026-10-09T05:36:14Z
2023-05-04,VRG,15.61,15.61,15.25,15.25,300,KBS,2026-10-09T05:36:14Z
2023-05-05,VRG,15.47,15.47,14.74,14.96,1400,KBS,2026-10-09T05:36:14Z
2023-05-08,VRG,14.6,14.6,14.45,14.45,600,KBS,2026-10-09T05:36:14Z
2023-05-11,VRG,15.76,16.12,14.82,15.18,10700,KBS,2026-10-09T05:36:14Z
2023-05-12,VRG,15.18,15.18,15.18,15.18,8,KBS,2026-10-09T05:36:14Z
2023-05-15,VRG,14.89,16.33,14.74,16.33,3200,KBS,2026-10-09T05:36:14Z
2023-05-16,VRG,15.61,15.68,15.61,15.61,700,KBS,2026-10-09T05:36:14Z
2023-05-18,VRG,15.18,15.18,14.74,14.82,1800,KBS,2026-10-09T05:36:14Z
2023-05-19,VRG,14.82,14.82,14.6,14.6,1000,KBS,2026-10-09T05:36:14Z
2023-05-22,VRG,16.19,16.19,16.19,16.19,100,KBS,2026-10-09T05:36:14Z
2023-05-23,VRG,16.19,16.98,16.04,16.62,11500,KBS,2026-10-09T05:36:14Z
2023-05-24,VRG,18.07,18.07,18.07,18.07,100,KBS,2026-10-09T05:36:14Z
2023-05-25,VRG,16.62,17.85,15.68,16.98,11400,KBS,2026-10-09T05:36:14Z
2023-05-26,VRG,18.0,18.0,18.0,18.0,2000,KBS,2026-10-09T05:36:14Z
2023-05-29,VRG,19.01,19.51,18.07,18.07,5100,KBS,2026-10-09T05:36:14Z
2023-05-30,VRG,18.07,18.07,17.34,17.56,1100,KBS,2026-10-09T05:36:14Z
2023-05-31,VRG,18.07,18.07,16.98,16.98,7200,KBS,2026-10-09T05:36:14Z
2023-06-01,VRG,17.13,17.34,17.13,17.13,3800,KBS,2026-10-09T05:36:14Z
2023-06-02,VRG,17.34,17.34,15.25,17.27,3005,KBS,2026-10-09T05:36:14Z
2023-06-05,VRG,16.62,16.62,16.62,16.62,200,KBS,2026-10-09T05:36:14Z
2023-06-06,VRG,16.62,16.62,16.62,16.62,100,KBS,2026-10-09T05:36:14Z
2023-06-07,VRG,16.77,16.77,16.77,16.77,900,KBS,2026-10-09T05:36:14Z
2023-06-08,VRG,15.83,15.83,15.83,15.83,200,KBS,2026-10-09T05:36:14Z
2023-06-09,VRG,17.27,17.27,15.76,15.76,3000,KBS,2026-10-09T05:36:14Z
2023-06-12,VRG,16.48,16.48,15.76,15.76,200,KBS,2026-10-09T05:36:14Z
2023-06-13,VRG,15.61,16.26,15.61,16.26,400,KBS,2026-10-09T05:36:14Z
2023-06-14,VRG,15.32,15.39,15.32,15.39,10448,KBS,2026-10-09T05:36:14Z
2023-06-15,VRG,15.47,15.47,15.32,15.32,1800,KBS,2026-10-09T05:36:14Z
2023-06-16,VRG,15.32,15.32,15.32,15.32,1412,KBS,2026-10-09T05:36:14Z
2023-06-19,VRG,14.96,15.03,14.96,14.96,3018,KBS,2026-10-09T05:36:14Z
2023-06-20,VRG,15.1,15.1,15.1,15.1,200,KBS,2026-10-09T05:36:14Z
2023-06-21,VRG,15.1,15.1,15.03,15.03,2000,KBS,2026-10-09T05:36:14Z
2023-06-22,VRG,15.83,15.83,15.83,15.83,100,KBS,2026-10-09T05:36:14Z
2023-06-23,VRG,15.54,15.54,15.18,15.18,14400,KBS,2026-10-09T05:36:14Z
2023-06-26,VRG,15.32,15.32,15.18,15.25,3300,KBS,2026-10-09T05:36:14Z
2023-06-27,VRG,15.18,15.18,15.03,15.1,4300,KBS,2026-10-09T05:36:14Z
2023-06-28,VRG,15.1,15.47,15.1,15.47,300,KBS,2026-10-09T05:36:14Z
2023-06-29,VRG,15.1,15.1,15.1,15.1,3200,KBS,2026-10-09T05:36:14Z
2023-06-30,VRG,15.32,15.54,15.18,15.18,6800,KBS,2026-10-09T05:36:14Z
2023-07-03,VRG,15.1,15.1,14.6,14.6,3400,KBS,2026-10-09T05:36:14Z
2023-07-04,VRG,14.96,14.96,14.74,14.74,800,KBS,2026-10-09T05:36:14Z
2023-07-05,VRG,15.18,15.18,14.82,14.89,9310,KBS,2026-10-09T05:36:14Z
2023-07-06,VRG,14.96,14.96,14.89,14.89,2100,KBS,2026-10-09T05:36:14Z
2023-07-07,VRG,15.47,15.61,15.47,15.61,2900,KBS,2026-10-09T05:36:14Z
2023-07-10,VRG,15.61,16.19,15.54,16.19,4800,KBS,2026-10-09T05:36:14Z
2023-07-11,VRG,15.9,15.9,15.9,15.9,200,KBS,2026-10-09T05:36:14Z
2023-07-12,VRG,15.54,15.54,15.39,15.47,500,KBS,2026-10-09T05:36:14Z
2023-07-13,VRG,15.47,15.9,15.47,15.9,2500,KBS,2026-10-09T05:36:14Z
2023-07-14,VRG,15.83,15.83,15.83,15.83,1800,KBS,2026-10-09T05:36:14Z
2023-07-17,VRG,15.68,15.83,15.54,15.83,4300,KBS,2026-10-09T05:36:14Z
2023-07-18,VRG,15.83,16.62,15.83,15.83,2400,KBS,2026-10-09T05:36:14Z
2023-07-19,VRG,16.2,16.42,16.2,16.42,1300,KBS,2026-10-09T05:36:14Z
2023-07-20,VRG,16.34,16.42,16.34,16.42,2200,KBS,2026-10-09T05:36:14Z
2023-07-21,VRG,16.05,16.05,15.98,16.05,1100,KBS,2026-10-09T05:36:14Z
2023-07-24,VRG,15.98,15.98,15.25,15.25,3100,KBS,2026-10-09T05:36:14Z
2023-07-25,VRG,15.98,16.49,15.98,16.49,2900,KBS,2026-10-09T05:36:14Z
2023-07-26,VRG,15.4,15.4,15.4,15.4,100,KBS,2026-10-09T05:36:14Z
2023-07-27,VRG,15.91,15.91,15.91,15.91,2000,KBS,2026-10-09T05:36:14Z
2023-07-28,VRG,15.91,15.91,15.91,15.91,7400,KBS,2026-10-09T05:36:14Z
2023-07-31,VRG,15.91,15.91,15.91,15.91,3100,KBS,2026-10-09T05:36:14Z
2023-08-01,VRG,15.91,15.91,15.4,15.4,2400,KBS,2026-10-09T05:36:14Z
2023-08-02,VRG,15.4,15.4,15.4,15.4,4000,KBS,2026-10-09T05:36:14Z
2023-08-03,VRG,15.4,15.4,15.4,15.4,10,KBS,2026-10-09T05:36:14Z
2023-08-04,VRG,14.96,15.18,14.96,15.18,2200,KBS,2026-10-09T05:36:14Z
2023-08-07,VRG,16.78,16.78,15.91,16.05,30900,KBS,2026-10-09T05:36:14Z
2023-08-08,VRG,16.27,16.71,16.2,16.27,17100,KBS,2026-10-09T05:36:14Z
2023-08-09,VRG,16.05,17.0,16.05,16.2,4800,KBS,2026-10-09T05:36:14Z
2023-08-10,VRG,16.05,16.12,16.05,16.05,2600,KBS,2026-10-09T05:36:14Z
2023-08-11,VRG,16.2,16.93,16.2,16.93,6800,KBS,2026-10-09T05:36:14Z
2023-08-14,VRG,16.56,17.51,16.56,17.51,26600,KBS,2026-10-09T05:36:14Z
2023-08-15,VRG,17.15,17.15,15.4,17.07,21300,KBS,2026-10-09T05:36:14Z
2023-08-16,VRG,17.88,17.88,17.66,17.66,2100,KBS,2026-10-09T05:36:14Z
2023-08-17,VRG,16.85,17.22,16.78,16.78,12400,KBS,2026-10-09T05:36:14Z
2023-08-18,VRG,16.85,16.85,16.64,16.78,17800,KBS,2026-10-09T05:36:14Z
2023-08-21,VRG,16.85,16.85,16.85,16.85,200,KBS,2026-10-09T05:36:14Z
2023-08-22,VRG,17.51,19.34,17.51,19.34,5700,KBS,2026-10-09T05:36:14Z
2023-08-23,VRG,21.67,21.67,20.06,21.67,22720,KBS,2026-10-09T05:36:14Z
2023-08-24,VRG,21.52,21.82,21.16,21.67,5700,KBS,2026-10-09T05:36:14Z
2023-08-25,VRG,22.62,22.62,20.79,20.79,1319,KBS,2026-10-09T05:36:14Z
2023-08-28,VRG,21.74,21.96,21.52,21.82,17910,KBS,2026-10-09T05:36:14Z
2023-08-29,VRG,21.74,21.74,20.79,20.79,10600,KBS,2026-10-09T05:36:14Z
2023-08-30,VRG,20.87,21.01,20.87,21.01,11413,KBS,2026-10-09T05:36:14Z
2023-08-31,VRG,21.16,21.6,20.87,21.6,12219,KBS,2026-10-09T05:36:14Z
2023-09-05,VRG,21.38,21.6,21.38,21.52,5500,KBS,2026-10-09T05:36:14Z
2023-09-06,VRG,21.52,21.52,20.79,20.87,7800,KBS,2026-10-09T05:36:14Z
2023-09-07,VRG,21.16,21.16,20.65,20.65,10210,KBS,2026-10-09T05:36:14Z
2023-09-08,VRG,20.72,20.79,20.43,20.43,7100,KBS,2026-10-09T05:36:14Z
2023-09-11,VRG,19.77,19.99,19.77,19.99,2100,KBS,2026-10-09T05:36:14Z
2023-09-12,VRG,19.92,19.92,18.6,19.7,4800,KBS,2026-10-09T05:36:14Z
2023-09-13,VRG,19.34,19.34,18.24,18.24,15300,KBS,2026-10-09T05:36:14Z
2023-09-14,VRG,18.24,18.97,18.24,18.6,1400,KBS,2026-10-09T05:36:14Z
2023-09-15,VRG,18.6,18.6,18.6,18.6,200,KBS,2026-10-09T05:36:14Z
2023-09-18,VRG,18.6,18.6,18.6,18.6,100,KBS,2026-10-09T05:36:14Z
2023-09-19,VRG,21.09,21.09,21.09,21.09,100,KBS,2026-10-09T05:36:14Z
2023-09-20,VRG,21.45,21.45,18.53,18.53,500,KBS,2026-10-09T05:36:14Z
2023-09-22,VRG,18.97,18.97,18.75,18.75,3000,KBS,2026-10-09T05:36:14Z
2023-09-25,VRG,18.97,18.97,18.6,18.6,8000,KBS,2026-10-09T05:36:14Z
2023-09-26,VRG,18.31,18.31,18.31,18.31,1000,KBS,2026-10-09T05:36:14Z
2023-09-27,VRG,17.58,18.97,17.58,18.97,1400,KBS,2026-10-09T05:36:14Z
2023-09-28,VRG,17.95,17.95,17.66,17.66,5100,KBS,2026-10-09T05:36:14Z
2023-09-29,VRG,17.88,17.88,17.73,17.73,3800,KBS,2026-10-09T05:36:14Z
2023-10-03,VRG,17.66,17.66,17.66,17.66,100,KBS,2026-10-09T05:36:14Z
2023-10-04,VRG,17.58,17.58,17.58,17.58,500,KBS,2026-10-09T05:36:14Z
2023-10-05,VRG,17.88,17.88,17.66,17.66,7500,KBS,2026-10-09T05:36:14Z
2023-10-06,VRG,17.73,17.73,17.73,17.73,100,KBS,2026-10-09T05:36:14Z
2023-10-09,VRG,17.66,19.99,17.66,19.99,2000,KBS,2026-10-09T05:36:14Z
2023-10-10,VRG,17.51,18.24,17.51,17.73,9200,KBS,2026-10-09T05:36:14Z
2023-10-11,VRG,20.06,20.06,18.02,18.02,200,KBS,2026-10-09T05:36:14Z
2023-10-12,VRG,19.26,20.94,18.02,20.94,7100,KBS,2026-10-09T05:36:14Z
2023-10-13,VRG,18.24,18.6,18.17,18.31,11100,KBS,2026-10-09T05:36:14Z
2023-10-16,VRG,18.97,18.97,18.97,18.97,100,KBS,2026-10-09T05:36:14Z
2023-10-17,VRG,18.97,18.97,17.66,17.66,2600,KBS,2026-10-09T05:36:14Z
2023-10-18,VRG,17.66,17.66,16.78,16.78,1900,KBS,2026-10-09T05:36:14Z
2023-10-19,VRG,17.15,17.15,17.15,17.15,2100,KBS,2026-10-09T05:36:14Z
2023-10-20,VRG,17.15,17.15,17.15,17.15,500,KBS,2026-10-09T05:36:14Z
2023-10-23,VRG,17.15,17.22,17.15,17.22,1100,KBS,2026-10-09T05:36:14Z
2023-10-24,VRG,17.51,17.51,17.36,17.36,1100,KBS,2026-10-09T05:36:14Z
2023-10-26,VRG,18.24,18.24,17.36,17.36,9400,KBS,2026-10-09T05:36:14Z
2023-10-27,VRG,17.51,17.51,17.51,17.51,100,KBS,2026-10-09T05:36:14Z
2023-10-30,VRG,17.51,17.51,17.51,17.51,3000,KBS,2026-10-09T05:36:14Z
2023-10-31,VRG,17.51,18.24,17.51,17.88,4200,KBS,2026-10-09T05:36:14Z
2023-11-01,VRG,17.88,17.88,17.88,17.88,6100,KBS,2026-10-09T05:36:14Z
2023-11-02,VRG,17.88,18.24,17.88,18.24,6000,KBS,2026-10-09T05:36:14Z
2023-11-03,VRG,18.02,18.17,17.58,18.02,3400,KBS,2026-10-09T05:36:14Z
2023-11-06,VRG,18.24,18.24,17.58,18.09,5300,KBS,2026-10-09T05:36:14Z
2023-11-07,VRG,18.09,18.09,18.09,18.09,3000,KBS,2026-10-09T05:36:14Z
2023-11-08,VRG,18.09,18.24,18.09,18.24,2000,KBS,2026-10-09T05:36:14Z
2023-11-09,VRG,18.17,18.6,18.17,18.6,6400,KBS,2026-10-09T05:36:14Z
2023-11-10,VRG,18.02,18.24,18.02,18.02,2900,KBS,2026-10-09T05:36:14Z
2023-11-13,VRG,18.24,18.24,17.51,17.88,700,KBS,2026-10-09T05:36:14Z
2023-11-14,VRG,17.88,17.88,17.88,17.88,2000,KBS,2026-10-09T05:36:14Z
2023-11-15,VRG,17.88,18.24,17.66,17.66,5100,KBS,2026-10-09T05:36:14Z
2023-11-16,VRG,17.88,18.24,17.73,17.8,6000,KBS,2026-10-09T05:36:14Z
2023-11-17,VRG,17.88,17.88,17.88,17.88,7300,KBS,2026-10-09T05:36:14Z
2023-11-20,VRG,17.88,17.88,17.73,17.88,2400,KBS,2026-10-09T05:36:14Z
2023-11-21,VRG,17.88,18.24,17.15,18.24,2500,KBS,2026-10-09T05:36:14Z
2023-11-22,VRG,20.36,20.36,18.97,18.97,800,KBS,2026-10-09T05:36:14Z
2023-11-24,VRG,19.26,19.26,18.24,18.24,700,KBS,2026-10-09T05:36:14Z
2023-11-27,VRG,16.93,16.93,16.93,16.93,6000,KBS,2026-10-09T05:36:14Z
2023-11-28,VRG,17.29,17.88,17.29,17.88,5700,KBS,2026-10-09T05:36:14Z
2023-11-29,VRG,17.0,17.0,17.0,17.0,6000,KBS,2026-10-09T05:36:14Z
2023-11-30,VRG,18.6,18.6,17.51,18.6,19200,KBS,2026-10-09T05:36:14Z
2023-12-01,VRG,20.79,20.79,18.24,18.39,8700,KBS,2026-10-09T05:36:14Z
2023-12-04,VRG,18.31,18.97,18.31,18.46,4100,KBS,2026-10-09T05:36:14Z
2023-12-05,VRG,20.72,20.72,18.46,18.46,5000,KBS,2026-10-09T05:36:14Z
2023-12-06,VRG,18.97,18.97,17.8,18.39,5200,KBS,2026-10-09T05:36:14Z
2023-12-07,VRG,18.24,18.24,18.24,18.24,5600,KBS,2026-10-09T05:36:14Z
2023-12-08,VRG,19.63,19.63,18.24,18.24,5801,KBS,2026-10-09T05:36:14Z
2023-12-11,VRG,18.31,18.9,18.31,18.9,3900,KBS,2026-10-09T05:36:14Z
2023-12-12,VRG,18.39,18.9,18.39,18.9,3600,KBS,2026-10-09T05:36:14Z
2023-12-13,VRG,18.53,18.6,18.53,18.6,9000,KBS,2026-10-09T05:36:14Z
2023-12-14,VRG,18.6,18.97,18.6,18.97,12500,KBS,2026-10-09T05:36:14Z
2023-12-15,VRG,18.6,18.6,18.6,18.6,1000,KBS,2026-10-09T05:36:14Z
2023-12-18,VRG,18.6,19.34,18.6,18.9,11800,KBS,2026-10-09T05:36:14Z
2023-12-19,VRG,19.04,19.26,18.97,18.97,12900,KBS,2026-10-09T05:36:14Z
2023-12-20,VRG,19.34,20.43,19.34,20.21,13400,KBS,2026-10-09T05:36:14Z
2023-12-21,VRG,19.99,19.99,19.92,19.99,3001,KBS,2026-10-09T05:36:14Z
2023-12-22,VRG,19.99,20.43,19.99,20.21,11300,KBS,2026-10-09T05:36:14Z
2023-12-25,VRG,20.43,21.23,20.43,21.16,46544,KBS,2026-10-09T05:36:14Z
2023-12-26,VRG,20.87,20.87,20.43,20.43,7500,KBS,2026-10-09T05:36:14Z
2023-12-27,VRG,20.06,20.79,20.06,20.21,22600,KBS,2026-10-09T05:36:14Z
2023-12-28,VRG,20.36,20.43,20.36,20.43,6544,KBS,2026-10-09T05:36:14Z
2023-12-29,VRG,20.58,20.79,20.58,20.79,9307,KBS,2026-10-09T05:36:14Z
2024-01-02,VRG,20.58,21.01,20.58,20.65,16600,KBS,2026-10-09T05:36:14Z
2024-01-03,VRG,20.5,20.79,20.43,20.72,11100,KBS,2026-10-09T05:36:14Z
2024-01-04,VRG,20.72,21.16,20.72,21.16,45100,KBS,2026-10-09T05:36:14Z
2024-01-05,VRG,21.74,21.82,21.09,21.82,17200,KBS,2026-10-09T05:36:14Z
2024-01-08,VRG,21.16,21.67,21.16,21.67,6300,KBS,2026-10-09T05:36:14Z
2024-01-09,VRG,21.16,21.52,21.16,21.45,13100,KBS,2026-10-09T05:36:14Z
2024-01-10,VRG,21.52,21.52,21.45,21.52,27102,KBS,2026-10-09T05:36:14Z
2024-01-11,VRG,21.52,21.52,20.43,20.43,19200,KBS,2026-10-09T05:36:14Z
2024-01-12,VRG,21.52,24.22,21.52,23.42,207764,KBS,2026-10-09T05:36:14Z
2024-01-15,VRG,24.08,24.22,23.71,23.71,23135,KBS,2026-10-09T05:36:14Z
2024-01-16,VRG,24.08,24.22,23.49,24.15,34741,KBS,2026-10-09T05:36:14Z
2024-01-17,VRG,24.08,24.08,23.64,23.64,12707,KBS,2026-10-09T05:36:14Z
2024-01-18,VRG,23.86,26.34,23.78,25.54,125802,KBS,2026-10-09T05:36:14Z
2024-01-19,VRG,26.27,26.78,25.39,25.54,32216,KBS,2026-10-09T05:36:14Z
2024-01-22,VRG,25.17,25.17,24.44,24.66,20203,KBS,2026-10-09T05:36:14Z
2024-01-23,VRG,24.73,24.73,24.08,24.44,10900,KBS,2026-10-09T05:36:14Z
2024-01-24,VRG,25.54,25.9,23.93,23.93,13583,KBS,2026-10-09T05:36:14Z
2024-01-25,VRG,24.08,24.81,24.08,24.59,16440,KBS,2026-10-09T05:36:14Z
2024-01-26,VRG,24.73,25.9,24.73,25.03,29300,KBS,2026-10-09T05:36:14Z
2024-01-29,VRG,24.95,25.32,24.81,25.32,44200,KBS,2026-10-09T05:36:14Z
2024-01-30,VRG,24.88,25.97,24.88,25.17,41902,KBS,2026-10-09T05:36:14Z
2024-01-31,VRG,25.54,26.92,25.54,26.63,144100,KBS,2026-10-09T05:36:14Z
2024-02-01,VRG,26.78,27.29,26.78,26.85,53520,KBS,2026-10-09T05:36:14Z
2024-02-02,VRG,27.0,27.0,26.41,26.78,14000,KBS,2026-10-09T05:36:14Z
2024-02-05,VRG,26.7,27.22,26.41,26.56,91603,KBS,2026-10-09T05:36:14Z
2024-02-06,VRG,26.63,27.22,26.48,26.56,67929,KBS,2026-10-09T05:36:14Z
2024-02-07,VRG,26.85,26.85,26.48,26.56,38300,KBS,2026-10-09T05:36:14Z
2024-02-15,VRG,26.56,26.85,26.12,26.56,44436,KBS,2026-10-09T05:36:14Z
2024-02-16,VRG,26.63,26.63,26.12,26.56,38200,KBS,2026-10-09T05:36:14Z
2024-02-19,VRG,26.63,26.63,25.9,25.97,39600,KBS,2026-10-09T05:36:14Z
2024-02-20,VRG,25.97,26.34,25.61,25.97,25100,KBS,2026-10-09T05:36:14Z
2024-02-21,VRG,26.27,26.78,25.97,26.19,72100,KBS,2026-10-09T05:36:14Z
2024-02-22,VRG,26.27,27.07,26.27,26.63,161673,KBS,2026-10-09T05:36:14Z
2024-02-23,VRG,26.7,26.85,26.27,26.56,83625,KBS,2026-10-09T05:36:14Z
2024-02-26,VRG,26.56,27.07,26.34,26.56,93610,KBS,2026-10-09T05:36:14Z
2024-02-27,VRG,26.63,26.85,26.41,26.56,75304,KBS,2026-10-09T05:36:14Z
2024-02-28,VRG,26.78,26.78,26.19,26.34,73800,KBS,2026-10-09T05:36:14Z
2024-02-29,VRG,26.56,26.56,26.12,26.41,39908,KBS,2026-10-09T05:36:14Z
2024-03-01,VRG,26.94,26.94,26.01,26.32,48656,KBS,2026-10-09T05:36:14Z
2024-03-04,VRG,26.24,26.24,25.78,26.24,70011,KBS,2026-10-09T05:36:14Z
2024-03-05,VRG,26.09,26.09,25.86,25.86,17706,KBS,2026-10-09T05:36:14Z
2024-03-06,VRG,25.86,25.94,25.09,25.09,48905,KBS,2026-10-09T05:36:14Z
2024-03-07,VRG,25.16,25.55,25.16,25.16,37552,KBS,2026-10-09T05:36:14Z
2024-03-08,VRG,25.09,25.24,24.39,24.93,45515,KBS,2026-10-09T05:36:14Z
2024-03-11,VRG,24.93,25.09,24.47,24.93,48800,KBS,2026-10-09T05:36:14Z
2024-03-12,VRG,24.55,28.48,24.55,27.56,212927,KBS,2026-10-09T05:36:14Z
2024-03-13,VRG,27.63,28.1,27.4,27.86,110793,KBS,2026-10-09T05:36:14Z
2024-03-14,VRG,27.86,28.02,26.63,26.63,64327,KBS,2026-10-09T05:36:14Z
2024-03-15,VRG,27.02,27.02,25.47,26.63,95101,KBS,2026-10-09T05:36:14Z
2024-03-18,VRG,26.24,27.02,25.47,26.01,26634,KBS,2026-10-09T05:36:14Z
2024-03-19,VRG,26.24,26.24,25.78,25.86,25900,KBS,2026-10-09T05:36:14Z
2024-03-20,VRG,25.86,25.94,25.24,25.47,26725,KBS,2026-10-09T05:36:14Z
2024-03-21,VRG,25.55,25.78,25.47,25.78,60200,KBS,2026-10-09T05:36:14Z
2024-03-22,VRG,26.01,26.24,25.63,26.17,28500,KBS,2026-10-09T05:36:14Z
2024-03-25,VRG,26.24,28.02,26.24,27.25,130800,KBS,2026-10-09T05:36:14Z
2024-03-26,VRG,27.25,27.32,26.55,27.32,35705,KBS,2026-10-09T05:36:14Z
2024-03-27,VRG,28.1,28.1,27.17,27.86,18532,KBS,2026-10-09T05:36:14Z
2024-03-28,VRG,28.1,28.1,27.4,27.63,27921,KBS,2026-10-09T05:36:14Z
2024-03-29,VRG,27.63,28.17,27.48,27.86,32830,KBS,2026-10-09T05:36:14Z
2024-04-01,VRG,27.56,28.1,27.56,27.94,19812,KBS,2026-10-09T05:36:14Z
2024-04-02,VRG,27.79,28.17,27.63,27.79,37800,KBS,2026-10-09T05:36:14Z
2024-04-03,VRG,27.02,28.02,27.02,27.17,30401,KBS,2026-10-09T05:36:14Z
2024-04-04,VRG,27.63,27.94,27.02,27.63,49441,KBS,2026-10-09T05:36:14Z
2024-04-05,VRG,27.09,27.63,26.63,27.25,34559,KBS,2026-10-09T05:36:14Z
2024-04-08,VRG,26.48,27.32,26.24,26.78,70299,KBS,2026-10-09T05:36:14Z
2024-04-09,VRG,26.63,26.63,25.01,26.55,6001,KBS,2026-10-09T05:36:14Z
2024-04-10,VRG,26.55,26.63,26.01,26.48,18100,KBS,2026-10-09T05:36:14Z
2024-04-11,VRG,22.38,26.24,22.38,25.78,38700,KBS,2026-10-09T05:36:14Z
2024-04-12,VRG,25.24,26.86,25.16,26.17,9100,KBS,2026-10-09T05:36:14Z
2024-04-15,VRG,26.17,26.17,23.54,24.7,29416,KBS,2026-10-09T05:36:14Z
2024-04-16,VRG,23.31,24.93,23.31,24.47,20213,KBS,2026-10-09T05:36:14Z
2024-04-17,VRG,24.16,24.39,23.54,23.93,25533,KBS,2026-10-09T05:36:14Z
2024-04-19,VRG,23.16,23.16,22.69,23.16,96300,KBS,2026-10-09T05:36:14Z
2024-04-22,VRG,22.69,23.31,22.69,22.92,18700,KBS,2026-10-09T05:36:14Z
2024-04-23,VRG,23.85,23.85,22.69,23.16,9412,KBS,2026-10-09T05:36:14Z
2024-04-24,VRG,23.16,23.93,23.16,23.31,27401,KBS,2026-10-09T05:36:14Z
2024-04-25,VRG,23.54,23.54,23.08,23.08,22400,KBS,2026-10-09T05:36:14Z
2024-04-26,VRG,23.39,23.93,23.31,23.62,15000,KBS,2026-10-09T05:36:14Z
2024-05-02,VRG,23.16,23.93,23.16,23.85,15800,KBS,2026-10-09T05:36:14Z
2024-05-03,VRG,23.46,23.93,23.39,23.62,51712,KBS,2026-10-09T05:36:14Z
2024-05-06,VRG,23.93,25.09,23.62,23.62,36319,KBS,2026-10-09T05:36:14Z
2024-05-07,VRG,23.85,24.24,23.62,23.93,21200,KBS,2026-10-09T05:36:14Z
2024-05-08,VRG,23.85,23.85,23.62,23.85,17405,KBS,2026-10-09T05:36:14Z
2024-05-09,VRG,23.85,23.85,23.62,23.85,7324,KBS,2026-10-09T05:36:14Z
2024-05-10,VRG,23.7,24.7,23.7,24.47,28538,KBS,2026-10-09T05:36:14Z
2024-05-13,VRG,23.93,24.55,23.85,23.85,32738,KBS,2026-10-09T05:36:14Z
2024-05-14,VRG,23.93,24.0,23.93,24.0,21221,KBS,2026-10-09T05:36:14Z
2024-05-15,VRG,24.0,24.08,23.93,23.93,44919,KBS,2026-10-09T05:36:14Z
2024-05-16,VRG,23.93,24.08,23.93,24.08,38181,KBS,2026-10-09T05:36:14Z
2024-05-17,VRG,24.0,24.24,23.93,23.93,8320,KBS,2026-10-09T05:36:14Z
2024-05-20,VRG,24.16,24.16,24.0,24.16,40100,KBS,2026-10-09T05:36:14Z
2024-05-21,VRG,24.08,24.31,24.08,24.31,78200,KBS,2026-10-09T05:36:14Z
2024-05-22,VRG,24.31,25.47,24.31,24.85,69910,KBS,2026-10-09T05:36:14Z
2024-05-23,VRG,24.93,25.47,24.7,25.47,56803,KBS,2026-10-09T05:36:14Z
2024-05-24,VRG,25.78,26.01,24.78,25.24,65901,KBS,2026-10-09T05:36:14Z
2024-05-27,VRG,25.4,25.86,25.01,25.16,30900,KBS,2026-10-09T05:36:14Z
2024-05-28,VRG,24.0,25.24,24.0,24.93,53500,KBS,2026-10-09T05:36:14Z
2024-05-29,VRG,25.01,25.09,24.62,24.93,36124,KBS,2026-10-09T05:36:14Z
2024-05-30,VRG,24.7,25.47,24.0,24.31,58676,KBS,2026-10-09T05:36:14Z
2024-05-31,VRG,24.31,24.55,23.93,24.55,7000,KBS,2026-10-09T05:36:14Z
2024-06-03,VRG,24.7,24.7,24.08,24.24,47706,KBS,2026-10-09T05:36:14Z
2024-06-04,VRG,24.31,25.09,24.31,24.55,51000,KBS,2026-10-09T05:36:14Z
2024-06-05,VRG,24.55,25.4,24.55,25.09,62391,KBS,2026-10-09T05:36:14Z
2024-06-06,VRG,25.09,25.09,24.16,24.31,159917,KBS,2026-10-09T05:36:14Z
2024-06-07,VRG,24.31,24.93,24.08,24.31,57411,KBS,2026-10-09T05:36:14Z
2024-06-10,VRG,24.24,24.39,24.16,24.39,22002,KBS,2026-10-09T05:36:14Z
2024-06-11,VRG,24.39,24.39,23.93,24.0,151710,KBS,2026-10-09T05:36:14Z
2024-06-12,VRG,23.93,24.55,23.93,24.39,45100,KBS,2026-10-09T05:36:14Z
2024-06-13,VRG,24.31,24.47,24.31,24.39,15333,KBS,2026-10-09T05:36:14Z
2024-06-14,VRG,24.08,24.31,23.77,24.08,54900,KBS,2026-10-09T05:36:14Z
2024-06-17,VRG,24.0,24.08,23.85,23.85,35400,KBS,2026-10-09T05:36:14Z
2024-06-18,VRG,24.16,24.62,23.93,24.24,136800,KBS,2026-10-09T05:36:14Z
2024-06-19,VRG,24.39,24.39,23.93,23.93,63800,KBS,2026-10-09T05:36:14Z
2024-06-20,VRG,23.93,24.24,23.46,23.54,101600,KBS,2026-10-09T05:36:14Z
2024-06-21,VRG,23.39,23.46,23.08,23.31,124631,KBS,2026-10-09T05:36:14Z
2024-06-24,VRG,23.39,23.62,22.85,23.16,34150,KBS,2026-10-09T05:36:14Z
2024-06-25,VRG,23.16,23.62,23.08,23.16,159400,KBS,2026-10-09T05:36:14Z
2024-06-26,VRG,23.31,24.0,23.23,23.62,118300,KBS,2026-10-09T05:36:14Z
2024-06-27,VRG,23.54,23.7,23.16,23.23,29890,KBS,2026-10-09T05:36:14Z
2024-06-28,VRG,23.31,23.7,22.62,22.77,161281,KBS,2026-10-09T05:36:14Z
2024-07-01,VRG,22.85,22.85,22.46,22.62,24289,KBS,2026-10-09T05:36:14Z
2024-07-02,VRG,22.62,22.77,22.31,22.38,113600,KBS,2026-10-09T05:36:14Z
2024-07-03,VRG,22.46,22.46,22.23,22.46,64521,KBS,2026-10-09T05:36:14Z
2024-07-04,VRG,22.77,23.0,22.31,22.38,40700,KBS,2026-10-09T05:36:14Z
2024-07-05,VRG,22.69,22.69,21.61,21.92,117850,KBS,2026-10-09T05:36:14Z
2024-07-08,VRG,21.92,21.92,21.3,21.3,61790,KBS,2026-10-09T05:36:14Z
2024-07-09,VRG,21.61,21.61,21.3,21.38,67420,KBS,2026-10-09T05:36:14Z
2024-07-10,VRG,21.61,21.61,21.15,21.38,27520,KBS,2026-10-09T05:36:14Z
2024-07-11,VRG,21.15,21.46,21.15,21.3,27051,KBS,2026-10-09T05:36:14Z
2024-07-12,VRG,21.38,21.38,21.07,21.07,14306,KBS,2026-10-09T05:36:14Z
2024-07-15,VRG,21.23,21.3,21.15,21.23,34418,KBS,2026-10-09T05:36:14Z
2024-07-16,VRG,21.23,22.54,21.23,22.38,65402,KBS,2026-10-09T05:36:14Z
2024-07-17,VRG,21.84,23.31,21.84,22.69,177253,KBS,2026-10-09T05:36:14Z
2024-07-18,VRG,22.92,23.16,21.92,22.31,32846,KBS,2026-10-09T05:36:14Z
2024-07-19,VRG,22.38,22.38,21.61,21.92,59000,KBS,2026-10-09T05:36:14Z
2024-07-22,VRG,22.0,22.31,21.54,22.0,58625,KBS,2026-10-09T05:36:14Z
2024-07-23,VRG,22.23,22.23,21.54,21.69,33280,KBS,2026-10-09T05:36:14Z
2024-07-24,VRG,21.69,22.23,21.69,21.92,60400,KBS,2026-10-09T05:36:14Z
2024-07-25,VRG,22.31,22.31,21.61,21.84,32738,KBS,2026-10-09T05:36:14Z
2024-07-26,VRG,22.08,22.54,22.0,22.54,43150,KBS,2026-10-09T05:36:14Z
2024-07-29,VRG,22.54,23.62,22.54,23.31,138431,KBS,2026-10-09T05:36:14Z
2024-07-30,VRG,23.31,23.62,23.0,23.23,105970,KBS,2026-10-09T05:36:14Z
2024-07-31,VRG,23.54,23.54,22.69,23.0,63922,KBS,2026-10-09T05:36:14Z
2024-08-01,VRG,23.0,23.08,22.38,22.46,74414,KBS,2026-10-09T05:36:14Z
2024-08-02,VRG,23.23,23.23,21.5,22.82,69205,KBS,2026-10-09T05:36:14Z
2024-08-05,VRG,22.33,22.33,21.09,21.09,48375,KBS,2026-10-09T05:36:14Z
2024-08-06,VRG,21.09,21.42,20.6,21.42,29704,KBS,2026-10-09T05:36:14Z
2024-08-07,VRG,21.42,21.42,20.93,21.09,13631,KBS,2026-10-09T05:36:14Z
2024-08-08,VRG,21.5,21.5,21.26,21.42,16200,KBS,2026-10-09T05:36:14Z
2024-08-09,VRG,21.42,21.67,21.34,21.67,12201,KBS,2026-10-09T05:36:14Z
2024-08-12,VRG,22.16,22.16,21.34,21.42,5812,KBS,2026-10-09T05:36:14Z
2024-08-13,VRG,21.5,21.58,21.01,21.58,11604,KBS,2026-10-09T05:36:14Z
2024-08-14,VRG,21.42,21.42,21.09,21.26,18332,KBS,2026-10-09T05:36:14Z
2024-08-15,VRG,21.42,21.42,21.09,21.42,10601,KBS,2026-10-09T05:36:14Z
2024-08-16,VRG,21.5,21.83,21.34,21.5,88039,KBS,2026-10-09T05:36:14Z
2024-08-19,VRG,22.0,22.0,21.42,21.58,34022,KBS,2026-10-09T05:36:14Z
2024-08-20,VRG,21.58,21.58,21.42,21.42,34918,KBS,2026-10-09T05:36:14Z
2024-08-21,VRG,21.34,21.5,21.34,21.42,26969,KBS,2026-10-09T05:36:14Z
2024-08-22,VRG,21.42,21.91,21.42,21.58,13006,KBS,2026-10-09T05:36:14Z
2024-08-23,VRG,21.58,21.58,21.34,21.42,38910,KBS,2026-10-09T05:36:14Z
2024-08-26,VRG,21.42,21.58,21.34,21.34,38220,KBS,2026-10-09T05:36:14Z
2024-08-27,VRG,21.42,21.58,21.01,21.58,39023,KBS,2026-10-09T05:36:14Z
2024-08-28,VRG,21.75,21.75,21.01,21.01,33530,KBS,2026-10-09T05:36:14Z
2024-08-29,VRG,21.01,21.09,21.01,21.09,20412,KBS,2026-10-09T05:36:14Z
2024-08-30,VRG,21.09,21.58,21.09,21.42,10002,KBS,2026-10-09T05:36:14Z
2024-09-04,VRG,21.58,21.58,21.09,21.34,10612,KBS,2026-10-09T05:36:14Z
2024-09-05,VRG,21.42,21.42,21.17,21.17,9545,KBS,2026-10-09T05:36:14Z
2024-09-06,VRG,21.5,21.58,21.09,21.34,15052,KBS,2026-10-09T05:36:14Z
2024-09-09,VRG,21.34,21.34,20.93,21.01,22400,KBS,2026-10-09T05:36:14Z
2024-09-10,VRG,21.01,21.01,20.6,20.93,25247,KBS,2026-10-09T05:36:14Z
2024-09-11,VRG,20.93,20.93,20.6,20.84,5800,KBS,2026-10-09T05:36:14Z
2024-09-12,VRG,20.76,21.17,20.68,20.68,21000,KBS,2026-10-09T05:36:14Z
2024-09-13,VRG,21.09,21.09,20.76,20.76,1100,KBS,2026-10-09T05:36:14Z
2024-09-16,VRG,20.6,20.84,20.6,20.6,23020,KBS,2026-10-09T05:36:14Z
2024-09-17,VRG,20.6,20.6,20.35,20.6,8435,KBS,2026-10-09T05:36:14Z
2024-09-18,VRG,21.26,21.34,20.6,20.6,34310,KBS,2026-10-09T05:36:14Z
2024-09-19,VRG,20.76,20.76,20.51,20.6,14940,KBS,2026-10-09T05:36:14Z
2024-09-20,VRG,20.84,21.26,20.43,20.43,13660,KBS,2026-10-09T05:36:14Z
2024-09-23,VRG,20.6,20.6,20.51,20.51,13201,KBS,2026-10-09T05:36:14Z
2024-09-24,VRG,20.43,21.17,20.43,21.01,43155,KBS,2026-10-09T05:36:14Z
2024-09-25,VRG,20.93,21.42,20.76,21.09,7000,KBS,2026-10-09T05:36:14Z
2024-09-26,VRG,20.93,21.42,20.51,21.17,26000,KBS,2026-10-09T05:36:14Z
2024-09-27,VRG,20.93,21.01,20.6,20.68,10716,KBS,2026-10-09T05:36:14Z
2024-09-30,VRG,20.93,20.93,20.43,20.68,10456,KBS,2026-10-09T05:36:14Z
2024-10-01,VRG,20.6,21.01,20.6,20.76,21102,KBS,2026-10-09T05:36:14Z
2024-10-02,VRG,20.68,20.93,20.51,20.51,18845,KBS,2026-10-09T05:36:14Z
2024-10-03,VRG,20.84,20.93,20.6,20.76,7203,KBS,2026-10-09T05:36:14Z
2024-10-04,VRG,20.51,20.93,20.51,20.68,2316,KBS,2026-10-09T05:36:14Z
2024-10-07,VRG,20.68,20.68,20.43,20.6,18033,KBS,2026-10-09T05:36:14Z
2024-10-08,VRG,20.76,20.76,20.51,20.6,23115,KBS,2026-10-09T05:36:14Z
2024-10-09,VRG,20.51,20.6,20.51,20.6,27402,KBS,2026-10-09T05:36:14Z
2024-10-10,VRG,20.84,20.84,20.51,20.51,9657,KBS,2026-10-09T05:36:14Z
2024-10-11,VRG,20.6,20.6,20.43,20.51,14102,KBS,2026-10-09T05:36:14Z
2024-10-14,VRG,20.43,20.6,20.18,20.27,20600,KBS,2026-10-09T05:36:14Z
2024-10-15,VRG,20.18,20.43,20.02,20.02,26600,KBS,2026-10-09T05:36:14Z
2024-10-16,VRG,20.18,20.18,20.02,20.02,13300,KBS,2026-10-09T05:36:14Z
2024-10-17,VRG,20.1,20.1,19.86,20.1,7779,KBS,2026-10-09T05:36:14Z
2024-10-18,VRG,20.02,20.27,19.86,20.02,9169,KBS,2026-10-09T05:36:14Z
2024-10-21,VRG,19.94,20.02,19.77,19.86,11400,KBS,2026-10-09T05:36:14Z
2024-10-22,VRG,19.77,19.94,19.52,19.77,5300,KBS,2026-10-09T05:36:14Z
2024-10-23,VRG,19.52,19.77,19.52,19.77,8500,KBS,2026-10-09T05:36:14Z
2024-10-24,VRG,19.61,19.61,19.28,19.44,23880,KBS,2026-10-09T05:36:14Z
2024-10-25,VRG,19.28,19.36,19.2,19.2,6500,KBS,2026-10-09T05:36:14Z
2024-10-28,VRG,19.28,19.69,19.2,19.61,8908,KBS,2026-10-09T05:36:14Z
2024-10-29,VRG,19.44,19.69,19.44,19.69,7186,KBS,2026-10-09T05:36:14Z
2024-10-30,VRG,19.52,19.52,19.36,19.44,2100,KBS,2026-10-09T05:36:14Z
2024-10-31,VRG,19.36,19.77,19.36,19.77,27267,KBS,2026-10-09T05:36:14Z
2024-11-01,VRG,19.77,19.77,19.36,19.36,7700,KBS,2026-10-09T05:36:14Z
2024-11-04,VRG,19.44,19.61,19.44,19.52,2501,KBS,2026-10-09T05:36:14Z
2024-11-05,VRG,19.69,19.69,19.44,19.61,7105,KBS,2026-10-09T05:36:14Z
2024-11-06,VRG,19.52,20.18,19.52,19.94,44861,KBS,2026-10-09T05:36:14Z
2024-11-07,VRG,19.94,20.35,19.86,19.94,13900,KBS,2026-10-09T05:36:14Z
2024-11-08,VRG,20.02,20.1,19.77,19.77,8412,KBS,2026-10-09T05:36:14Z
2024-11-11,VRG,19.77,20.1,19.77,20.02,18400,KBS,2026-10-09T05:36:14Z
2024-11-12,VRG,20.02,20.1,19.77,20.02,7520,KBS,2026-10-09T05:36:14Z
2024-11-13,VRG,20.02,20.02,19.77,19.94,11700,KBS,2026-10-09T05:36:14Z
2024-11-14,VRG,19.77,19.86,19.44,19.44,17600,KBS,2026-10-09T05:36:14Z
2024-11-15,VRG,20.18,20.18,19.61,19.77,11600,KBS,2026-10-09T05:36:14Z
2024-11-18,VRG,19.61,19.61,19.36,19.61,15900,KBS,2026-10-09T05:36:14Z
2024-11-19,VRG,19.52,19.77,19.36,19.36,25300,KBS,2026-10-09T05:36:14Z
2024-11-20,VRG,19.36,19.44,19.28,19.36,12501,KBS,2026-10-09T05:36:14Z
2024-11-21,VRG,19.36,19.69,19.36,19.69,3600,KBS,2026-10-09T05:36:14Z
2024-11-22,VRG,19.52,19.52,19.52,19.52,2100,KBS,2026-10-09T05:36:14Z
2024-11-25,VRG,19.52,19.94,19.44,19.77,7924,KBS,2026-10-09T05:36:14Z
2024-11-26,VRG,19.52,19.77,19.44,19.61,18330,KBS,2026-10-09T05:36:14Z
2024-11-27,VRG,19.44,19.94,19.44,19.94,9200,KBS,2026-10-09T05:36:14Z
2024-11-28,VRG,19.52,19.61,19.52,19.61,4200,KBS,2026-10-09T05:36:14Z
2024-11-29,VRG,19.77,19.77,19.52,19.61,8803,KBS,2026-10-09T05:36:14Z
2024-12-02,VRG,19.69,19.69,19.61,19.69,6300,KBS,2026-10-09T05:36:14Z
2024-12-03,VRG,19.69,19.69,19.69,19.69,13000,KBS,2026-10-09T05:36:14Z
2024-12-04,VRG,19.69,19.69,19.61,19.69,19438,KBS,2026-10-09T05:36:14Z
2024-12-05,VRG,19.69,19.77,19.61,19.77,28000,KBS,2026-10-09T05:36:14Z
2024-12-06,VRG,19.69,21.01,19.69,20.43,47608,KBS,2026-10-09T05:36:14Z
2024-12-09,VRG,20.43,20.6,20.27,20.43,6120,KBS,2026-10-09T05:36:14Z
2024-12-10,VRG,20.43,20.43,20.27,20.27,31201,KBS,2026-10-09T05:36:14Z
2024-12-11,VRG,20.27,20.43,20.1,20.35,18720,KBS,2026-10-09T05:36:14Z
2024-12-12,VRG,20.76,20.76,20.27,20.43,12300,KBS,2026-10-09T05:36:14Z
2024-12-13,VRG,20.35,20.43,20.27,20.27,10201,KBS,2026-10-09T05:36:14Z
2024-12-16,VRG,20.76,20.76,20.43,20.43,7850,KBS,2026-10-09T05:36:14Z
2024-12-17,VRG,20.6,20.68,20.51,20.6,8499,KBS,2026-10-09T05:36:14Z
2024-12-18,VRG,20.43,20.51,20.1,20.35,17502,KBS,2026-10-09T05:36:14Z
2024-12-19,VRG,20.27,20.43,20.18,20.43,17800,KBS,2026-10-09T05:36:14Z
2024-12-20,VRG,20.43,20.84,20.43,20.84,48326,KBS,2026-10-09T05:36:14Z
2024-12-23,VRG,20.93,21.09,20.68,20.93,20884,KBS,2026-10-09T05:36:14Z
2024-12-24,VRG,21.01,21.09,20.76,20.93,16180,KBS,2026-10-09T05:36:14Z
2024-12-25,VRG,20.93,21.09,20.93,21.01,18400,KBS,2026-10-09T05:36:14Z
2024-12-26,VRG,20.76,20.84,20.43,20.68,38573,KBS,2026-10-09T05:36:14Z
2024-12-27,VRG,20.6,20.68,20.51,20.68,8250,KBS,2026-10-09T05:36:14Z
2024-12-30,VRG,20.43,20.6,17.55,20.43,11236,KBS,2026-10-09T05:36:14Z
2024-12-31,VRG,20.27,20.51,20.18,20.35,6200,KBS,2026-10-09T05:36:14Z
2025-01-02,VRG,20.35,20.43,20.27,20.35,31000,KBS,2026-10-09T05:36:14Z
2025-01-03,VRG,20.35,20.35,20.35,20.35,2002,KBS,2026-10-09T05:36:14Z
2025-01-06,VRG,20.51,20.51,20.02,20.1,24116,KBS,2026-10-09T05:36:14Z
2025-01-07,VRG,20.02,20.1,20.02,20.1,16700,KBS,2026-10-09T05:36:14Z
2025-01-08,VRG,20.27,20.27,20.02,20.02,2300,KBS,2026-10-09T05:36:14Z
2025-01-09,VRG,20.18,20.35,20.18,20.27,2100,KBS,2026-10-09T05:36:14Z
2025-01-10,VRG,20.18,20.18,19.94,20.02,3445,KBS,2026-10-09T05:36:14Z
2025-01-13,VRG,20.02,20.1,19.77,19.94,6648,KBS,2026-10-09T05:36:14Z
2025-01-14,VRG,19.94,20.27,19.86,20.27,17841,KBS,2026-10-09T05:36:14Z
2025-01-15,VRG,20.35,20.35,20.1,20.1,16604,KBS,2026-10-09T05:36:14Z
2025-01-16,VRG,20.1,20.35,20.1,20.35,6124,KBS,2026-10-09T05:36:14Z
2025-01-17,VRG,20.18,20.18,19.11,19.52,65154,KBS,2026-10-09T05:36:14Z
2025-01-20,VRG,19.11,19.2,18.7,19.11,26000,KBS,2026-10-09T05:36:14Z
2025-01-21,VRG,19.11,19.77,18.95,19.2,20871,KBS,2026-10-09T05:36:14Z
2025-01-22,VRG,19.28,19.77,19.28,19.61,866,KBS,2026-10-09T05:36:14Z
2025-01-23,VRG,19.2,19.52,18.87,19.28,27600,KBS,2026-10-09T05:36:14Z
2025-01-24,VRG,19.28,19.28,18.62,18.62,20280,KBS,2026-10-09T05:36:14Z
2025-02-03,VRG,18.12,18.78,18.12,18.78,16303,KBS,2026-10-09T05:36:14Z
2025-02-04,VRG,18.62,18.87,18.54,18.62,21200,KBS,2026-10-09T05:36:14Z
2025-02-05,VRG,18.7,18.7,18.54,18.54,22303,KBS,2026-10-09T05:36:14Z
2025-02-06,VRG,18.54,18.7,18.45,18.54,23511,KBS,2026-10-09T05:36:14Z
2025-02-07,VRG,18.54,18.7,18.54,18.7,6200,KBS,2026-10-09T05:36:14Z
2025-02-10,VRG,18.87,18.87,18.7,18.87,8855,KBS,2026-10-09T05:36:14Z
2025-02-11,VRG,18.87,19.11,18.87,19.11,17801,KBS,2026-10-09T05:36:14Z
2025-02-12,VRG,19.2,19.44,19.2,19.44,30561,KBS,2026-10-09T05:36:14Z
2025-02-13,VRG,19.61,20.18,19.36,20.18,49500,KBS,2026-10-09T05:36:14Z
2025-02-14,VRG,20.18,20.6,20.18,20.35,34777,KBS,2026-10-09T05:36:14Z
2025-02-17,VRG,20.35,20.6,19.77,20.18,42243,KBS,2026-10-09T05:36:14Z
2025-02-18,VRG,20.35,20.35,20.18,20.18,28200,KBS,2026-10-09T05:36:14Z
2025-02-19,VRG,20.18,20.18,20.02,20.18,13700,KBS,2026-10-09T05:36:14Z
2025-02-20,VRG,20.18,20.27,19.86,20.02,23061,KBS,2026-10-09T05:36:14Z
2025-02-21,VRG,20.02,21.67,19.77,21.26,57061,KBS,2026-10-09T05:36:14Z
2025-02-24,VRG,21.09,21.5,20.76,21.17,33401,KBS,2026-10-09T05:36:14Z
2025-02-25,VRG,21.42,21.42,20.43,20.68,37400,KBS,2026-10-09T05:36:14Z
2025-02-26,VRG,20.76,20.76,20.43,20.76,9350,KBS,2026-10-09T05:36:14Z
2025-02-27,VRG,20.6,21.01,20.6,20.68,35605,KBS,2026-10-09T05:36:14Z
2025-02-28,VRG,21.01,21.01,20.51,20.51,45612,KBS,2026-10-09T05:36:14Z
2025-03-03,VRG,20.6,20.76,20.27,20.43,20305,KBS,2026-10-09T05:36:14Z
2025-03-04,VRG,20.6,20.76,20.18,20.6,7200,KBS,2026-10-09T05:36:14Z
2025-03-05,VRG,20.6,20.84,20.18,20.18,31701,KBS,2026-10-09T05:36:14Z
2025-03-06,VRG,20.18,21.01,20.18,20.6,50600,KBS,2026-10-09T05:36:14Z
2025-03-07,VRG,20.51,20.6,20.18,20.43,47908,KBS,2026-10-09T05:36:14Z
2025-03-10,VRG,20.6,20.6,20.18,20.51,22300,KBS,2026-10-09T05:36:14Z
2025-03-11,VRG,20.27,20.43,20.18,20.43,14250,KBS,2026-10-09T05:36:14Z
2025-03-12,VRG,20.35,20.35,20.18,20.18,9400,KBS,2026-10-09T05:36:14Z
2025-03-13,VRG,20.02,20.35,19.77,20.1,10900,KBS,2026-10-09T05:36:14Z
2025-03-14,VRG,20.18,20.43,19.77,20.1,6302,KBS,2026-10-09T05:36:14Z
2025-03-17,VRG,19.77,19.94,19.77,19.94,17700,KBS,2026-10-09T05:36:14Z
2025-03-18,VRG,19.77,20.1,19.77,19.94,6600,KBS,2026-10-09T05:36:14Z
2025-03-19,VRG,19.86,19.86,19.77,19.77,6800,KBS,2026-10-09T05:36:14Z
2025-03-20,VRG,19.77,19.94,19.36,19.44,19200,KBS,2026-10-09T05:36:14Z
2025-03-21,VRG,19.69,19.69,19.03,19.03,23902,KBS,2026-10-09T05:36:14Z
2025-03-24,VRG,19.36,19.36,19.11,19.11,6171,KBS,2026-10-09T05:36:14Z
2025-03-25,VRG,19.2,19.61,19.2,19.61,7800,KBS,2026-10-09T05:36:14Z
2025-03-26,VRG,19.36,19.61,19.36,19.61,6213,KBS,2026-10-09T05:36:14Z
2025-03-27,VRG,19.61,21.01,19.61,20.43,53170,KBS,2026-10-09T05:36:14Z
2025-03-28,VRG,20.43,20.6,19.77,19.86,31600,KBS,2026-10-09T05:36:14Z
2025-03-31,VRG,20.02,20.18,19.44,19.94,13250,KBS,2026-10-09T05:36:14Z
2025-04-01,VRG,19.69,20.1,19.61,19.61,14600,KBS,2026-10-09T05:36:14Z
2025-04-02,VRG,19.69,19.69,19.2,19.61,18890,KBS,2026-10-09T05:36:14Z
2025-04-03,VRG,18.95,19.2,16.48,16.48,74364,KBS,2026-10-09T05:36:14Z
2025-04-04,VRG,17.22,17.22,14.99,15.08,47202,KBS,2026-10-09T05:36:14Z
2025-04-08,VRG,15.08,15.08,12.85,12.85,23750,KBS,2026-10-09T05:36:14Z
2025-04-09,VRG,14.83,14.83,11.45,11.95,41870,KBS,2026-10-09T05:36:14Z
2025-04-10,VRG,13.26,13.59,13.26,13.59,189200,KBS,2026-10-09T05:36:14Z
2025-04-11,VRG,14.0,14.0,12.93,13.68,58300,KBS,2026-10-09T05:36:14Z
2025-04-14,VRG,14.42,15.41,13.51,14.25,71520,KBS,2026-10-09T05:36:14Z
2025-04-15,VRG,14.09,14.09,13.35,13.35,39618,KBS,2026-10-09T05:36:14Z
2025-04-16,VRG,13.59,13.92,12.44,13.43,99757,KBS,2026-10-09T05:36:14Z
2025-04-17,VRG,13.43,13.51,13.18,13.51,9013,KBS,2026-10-09T05:36:14Z
2025-04-18,VRG,13.51,13.76,13.51,13.59,13241,KBS,2026-10-09T05:36:14Z
2025-04-21,VRG,13.68,13.68,13.18,13.18,7305,KBS,2026-10-09T05:36:14Z
2025-04-22,VRG,13.18,13.18,11.45,12.6,30205,KBS,2026-10-09T05:36:14Z
2025-04-23,VRG,13.1,13.1,12.77,13.02,14702,KBS,2026-10-09T05:36:14Z
2025-04-24,VRG,13.51,13.59,12.93,12.93,21152,KBS,2026-10-09T05:36:14Z
2025-04-25,VRG,13.35,13.35,13.02,13.02,21833,KBS,2026-10-09T05:36:14Z
2025-04-28,VRG,13.43,13.43,13.1,13.18,7800,KBS,2026-10-09T05:36:14Z
2025-04-29,VRG,13.18,13.26,12.85,13.1,8600,KBS,2026-10-09T05:36:14Z
2025-05-05,VRG,13.35,13.43,13.18,13.18,12100,KBS,2026-10-09T05:36:14Z
2025-05-06,VRG,13.35,13.35,13.1,13.1,10400,KBS,2026-10-09T05:36:14Z
2025-05-07,VRG,13.18,13.35,13.18,13.26,10600,KBS,2026-10-09T05:36:14Z
2025-05-08,VRG,13.26,13.51,13.18,13.43,46000,KBS,2026-10-09T05:36:14Z
2025-05-09,VRG,14.0,14.0,13.43,13.43,17900,KBS,2026-10-09T05:36:14Z
2025-05-12,VRG,13.51,14.42,13.51,14.34,80000,KBS,2026-10-09T05:36:14Z
2025-05-13,VRG,14.75,15.08,14.34,14.91,72600,KBS,2026-10-09T05:36:14Z
2025-05-14,VRG,14.91,16.07,14.91,15.74,76500,KBS,2026-10-09T05:36:14Z
2025-05-15,VRG,15.74,16.89,15.74,16.31,81900,KBS,2026-10-09T05:36:14Z
2025-05-16,VRG,16.89,16.89,16.07,16.23,47100,KBS,2026-10-09T05:36:14Z
2025-05-19,VRG,14.58,16.23,14.58,15.82,51100,KBS,2026-10-09T05:36:14Z
2025-05-20,VRG,15.57,16.07,15.57,15.82,23300,KBS,2026-10-09T05:36:14Z
2025-05-21,VRG,15.65,15.65,15.32,15.65,26800,KBS,2026-10-09T05:36:14Z
2025-05-22,VRG,15.32,15.65,15.24,15.24,23500,KBS,2026-10-09T05:36:14Z
2025-05-23,VRG,15.65,15.65,15.24,15.49,1900,KBS,2026-10-09T05:36:14Z
2025-05-26,VRG,15.32,16.48,15.32,16.23,22600,KBS,2026-10-09T05:36:14Z
2025-05-27,VRG,16.89,16.89,15.65,16.31,4100,KBS,2026-10-09T05:36:14Z
2025-05-28,VRG,15.98,16.07,15.65,15.65,28700,KBS,2026-10-09T05:36:14Z
2025-05-29,VRG,15.74,15.9,15.49,15.49,41900,KBS,2026-10-09T05:36:14Z
2025-05-30,VRG,15.65,15.9,15.41,15.41,9500,KBS,2026-10-09T05:36:14Z
2025-06-02,VRG,15.65,15.65,15.49,15.49,900,KBS,2026-10-09T05:36:14Z
2025-06-03,VRG,15.65,15.82,15.65,15.82,9300,KBS,2026-10-09T05:36:14Z
2025-06-04,VRG,15.98,16.15,15.82,15.98,34700,KBS,2026-10-09T05:36:14Z
2025-06-05,VRG,15.98,16.07,15.9,15.98,56500,KBS,2026-10-09T05:36:14Z
2025-06-06,VRG,16.15,17.22,16.15,17.14,90800,KBS,2026-10-09T05:36:14Z
2025-06-09,VRG,17.47,18.21,17.3,17.88,82400,KBS,2026-10-09T05:36:14Z
2025-06-10,VRG,17.96,17.96,17.71,17.96,21400,KBS,2026-10-09T05:36:14Z
2025-06-11,VRG,17.88,17.96,17.71,17.96,21400,KBS,2026-10-09T05:36:14Z
2025-06-12,VRG,17.55,17.96,17.55,17.96,15800,KBS,2026-10-09T05:36:14Z
2025-06-13,VRG,17.88,17.88,17.47,17.88,53400,KBS,2026-10-09T05:36:14Z
2025-06-16,VRG,17.8,17.8,17.55,17.71,23700,KBS,2026-10-09T05:36:14Z
2025-06-17,VRG,17.71,18.21,17.63,17.8,24100,KBS,2026-10-09T05:36:14Z
2025-06-18,VRG,17.88,17.88,17.63,17.88,28700,KBS,2026-10-09T05:36:14Z
2025-06-19,VRG,17.71,17.96,17.55,17.88,15000,KBS,2026-10-09T05:36:14Z
2025-06-20,VRG,17.88,17.88,17.71,17.8,12600,KBS,2026-10-09T05:36:14Z
2025-06-23,VRG,18.21,18.21,17.63,17.8,26900,KBS,2026-10-09T05:36:14Z
2025-06-24,VRG,17.8,18.37,17.8,18.21,75200,KBS,2026-10-09T05:36:14Z
2025-06-25,VRG,18.12,18.62,18.12,18.62,29300,KBS,2026-10-09T05:36:14Z
2025-06-26,VRG,18.62,18.62,18.29,18.54,60800,KBS,2026-10-09T05:36:14Z
2025-06-27,VRG,19.11,20.51,18.54,19.94,211800,KBS,2026-10-09T05:36:14Z
2025-06-30,VRG,20.6,21.17,20.43,21.01,133000,KBS,2026-10-09T05:36:14Z
2025-07-01,VRG,21.42,21.42,20.43,20.68,178500,KBS,2026-10-09T05:36:14Z
2025-07-02,VRG,20.68,21.75,20.51,21.34,190800,KBS,2026-10-09T05:36:14Z
2025-07-03,VRG,21.42,21.42,20.93,21.09,202700,KBS,2026-10-09T05:36:14Z
2025-07-04,VRG,21.09,21.26,21.01,21.09,112000,KBS,2026-10-09T05:36:14Z
2025-07-07,VRG,21.17,23.15,21.17,23.07,413100,KBS,2026-10-09T05:36:14Z
2025-07-08,VRG,23.07,23.73,23.07,23.48,229700,KBS,2026-10-09T05:36:14Z
2025-07-09,VRG,23.89,24.06,20.1,23.64,337400,KBS,2026-10-09T05:36:14Z
2025-07-10,VRG,26.93,26.93,21.11,22.61,174700,KBS,2026-10-09T05:36:14Z
2025-07-11,VRG,22.52,22.8,21.11,21.77,183600,KBS,2026-10-09T05:36:14Z
2025-07-14,VRG,21.67,21.67,20.64,20.92,136700,KBS,2026-10-09T05:36:14Z
2025-07-15,VRG,21.02,21.77,20.83,21.2,120500,KBS,2026-10-09T05:36:14Z
2025-07-16,VRG,21.39,21.39,20.74,21.02,61200,KBS,2026-10-09T05:36:14Z
2025-07-17,VRG,21.02,21.02,20.83,21.02,41000,KBS,2026-10-09T05:36:14Z
2025-07-18,VRG,20.83,20.92,20.45,20.55,137400,KBS,2026-10-09T05:36:14Z
2025-07-21,VRG,20.27,20.27,19.24,19.98,78700,KBS,2026-10-09T05:36:14Z
2025-07-22,VRG,19.8,19.98,19.52,19.98,31600,KBS,2026-10-09T05:36:14Z
2025-07-23,VRG,19.7,19.98,19.61,19.98,45500,KBS,2026-10-09T05:36:14Z
2025-07-24,VRG,19.89,19.89,19.61,19.7,39800,KBS,2026-10-09T05:36:14Z
2025-07-25,VRG,19.7,19.89,19.61,19.8,41800,KBS,2026-10-09T05:36:14Z
2025-07-28,VRG,19.7,19.7,19.42,19.61,103000,KBS,2026-10-09T05:36:14Z
2025-07-29,VRG,19.61,19.7,18.58,18.76,136200,KBS,2026-10-09T05:36:14Z
2025-07-30,VRG,18.76,18.76,18.3,18.58,35500,KBS,2026-10-09T05:36:14Z
2025-07-31,VRG,18.58,18.95,18.39,18.67,33700,KBS,2026-10-09T05:36:14Z
2025-08-01,VRG,18.76,18.76,18.58,18.76,31700,KBS,2026-10-09T05:36:14Z
2025-08-04,VRG,18.67,19.61,18.58,18.76,23000,KBS,2026-10-09T05:36:14Z
2025-08-05,VRG,18.86,18.86,18.67,18.67,63000,KBS,2026-10-09T05:36:14Z
2025-08-06,VRG,18.67,18.67,18.48,18.58,25400,KBS,2026-10-09T05:36:14Z
2025-08-07,VRG,18.67,18.76,18.58,18.58,57000,KBS,2026-10-09T05:36:14Z
2025-08-08,VRG,18.67,18.67,18.58,18.58,32800,KBS,2026-10-09T05:36:14Z
2025-08-11,VRG,18.58,18.58,18.39,18.58,62300,KBS,2026-10-09T05:36:14Z
2025-08-12,VRG,18.58,18.67,18.48,18.58,44900,KBS,2026-10-09T05:36:14Z
2025-08-13,VRG,18.76,18.76,18.48,18.48,42200,KBS,2026-10-09T05:36:14Z
2025-08-14,VRG,18.48,18.48,18.39,18.48,48200,KBS,2026-10-09T05:36:14Z
2025-08-15,VRG,18.48,18.48,18.11,18.39,56600,KBS,2026-10-09T05:36:14Z
2025-08-18,VRG,18.11,18.39,18.11,18.39,26600,KBS,2026-10-09T05:36:14Z
2025-08-19,VRG,18.2,18.39,18.2,18.2,33300,KBS,2026-10-09T05:36:14Z
2025-08-20,VRG,18.3,18.3,18.02,18.11,40400,KBS,2026-10-09T05:36:14Z
2025-08-21,VRG,18.02,18.2,18.02,18.2,16400,KBS,2026-10-09T05:36:14Z
2025-08-22,VRG,18.48,18.48,17.92,18.02,31400,KBS,2026-10-09T05:36:14Z
2025-08-25,VRG,17.64,17.83,17.55,17.55,34900,KBS,2026-10-09T05:36:14Z
2025-08-26,VRG,17.64,17.92,17.64,17.92,35600,KBS,2026-10-09T05:36:14Z
2025-08-27,VRG,17.73,18.02,17.64,17.92,6100,KBS,2026-10-09T05:36:14Z
2025-08-28,VRG,18.3,18.3,18.2,18.2,1600,KBS,2026-10-09T05:36:14Z
2025-08-29,VRG,18.2,18.2,17.83,18.11,21900,KBS,2026-10-09T05:36:14Z
2025-09-03,VRG,18.02,18.11,17.92,18.11,7600,KBS,2026-10-09T05:36:14Z
2025-09-04,VRG,18.02,18.02,17.73,18.02,28200,KBS,2026-10-09T05:36:14Z
2025-09-05,VRG,17.83,18.11,17.83,18.11,9800,KBS,2026-10-09T05:36:14Z
2025-09-08,VRG,17.83,18.11,17.83,17.83,15300,KBS,2026-10-09T05:36:14Z
2025-09-09,VRG,18.11,18.11,17.55,17.64,11400,KBS,2026-10-09T05:36:14Z
2025-09-10,VRG,17.73,18.11,17.36,17.64,29700,KBS,2026-10-09T05:36:14Z
2025-09-11,VRG,17.55,17.55,16.89,17.45,26400,KBS,2026-10-09T05:36:14Z
2025-09-12,VRG,17.17,17.36,17.17,17.17,13100,KBS,2026-10-09T05:36:14Z
2025-09-15,VRG,17.45,17.45,17.26,17.36,7700,KBS,2026-10-09T05:36:14Z
2025-09-16,VRG,17.55,17.55,17.36,17.36,18800,KBS,2026-10-09T05:36:14Z
2025-09-17,VRG,17.45,17.45,17.17,17.36,17300,KBS,2026-10-09T05:36:14Z
2025-09-18,VRG,17.45,17.55,17.26,17.45,12100,KBS,2026-10-09T05:36:14Z
2025-09-19,VRG,17.45,17.45,17.26,17.45,6500,KBS,2026-10-09T05:36:14Z
2025-09-22,VRG,17.26,17.36,17.17,17.36,15200,KBS,2026-10-09T05:36:14Z
2025-09-23,VRG,17.26,17.45,17.26,17.45,1500,KBS,2026-10-09T05:36:14Z
2025-09-24,VRG,17.36,17.45,17.36,17.36,9100,KBS,2026-10-09T05:36:14Z
2025-09-25,VRG,17.36,17.45,17.17,17.45,11300,KBS,2026-10-09T05:36:14Z
2025-09-26,VRG,17.36,17.36,17.17,17.26,2000,KBS,2026-10-09T05:36:14Z
2025-09-29,VRG,17.17,17.26,17.17,17.26,2500,KBS,2026-10-09T05:36:14Z
2025-09-30,VRG,17.26,17.26,16.98,17.17,12300,KBS,2026-10-09T05:36:14Z
2025-10-01,VRG,17.17,17.17,17.17,17.17,800,KBS,2026-10-09T05:36:14Z
2025-10-02,VRG,17.17,17.17,16.98,16.98,3100,KBS,2026-10-09T05:36:14Z
2025-10-03,VRG,16.89,16.98,16.89,16.98,13900,KBS,2026-10-09T05:36:14Z
2025-10-06,VRG,16.7,17.08,16.7,17.08,7500,KBS,2026-10-09T05:36:14Z
2025-10-07,VRG,16.98,16.98,16.89,16.98,5200,KBS,2026-10-09T05:36:14Z
2025-10-08,VRG,16.98,16.98,16.89,16.98,4000,KBS,2026-10-09T05:36:14Z
2025-10-09,VRG,16.98,17.08,16.98,16.98,9200,KBS,2026-10-09T05:36:14Z
2025-10-10,VRG,16.98,16.98,16.89,16.98,9800,KBS,2026-10-09T05:36:14Z
2025-10-13,VRG,17.08,17.08,16.89,16.89,10700,KBS,2026-10-09T05:36:14Z
2025-10-14,VRG,16.89,16.89,16.7,16.89,7600,KBS,2026-10-09T05:36:14Z
2025-10-15,VRG,16.8,16.89,16.8,16.8,4500,KBS,2026-10-09T05:36:14Z
2025-10-16,VRG,16.51,16.8,16.42,16.51,10700,KBS,2026-10-09T05:36:14Z
2025-10-17,VRG,16.51,16.7,16.51,16.61,17100,KBS,2026-10-09T05:36:14Z
2025-10-20,VRG,16.61,16.7,15.95,16.42,25600,KBS,2026-10-09T05:36:14Z
2025-10-21,VRG,16.51,16.51,16.04,16.04,4400,KBS,2026-10-09T05:36:14Z
2025-10-22,VRG,16.33,16.51,16.14,16.42,6100,KBS,2026-10-09T05:36:14Z
2025-10-23,VRG,16.33,16.33,16.33,16.33,4000,KBS,2026-10-09T05:36:14Z
2025-10-24,VRG,16.04,16.51,15.95,16.33,20800,KBS,2026-10-09T05:36:14Z
2025-10-27,VRG,16.51,16.51,16.14,16.14,4800,KBS,2026-10-09T05:36:14Z
2025-10-28,VRG,16.51,16.51,15.95,16.14,9600,KBS,2026-10-09T05:36:14Z
2025-10-29,VRG,16.33,16.42,16.33,16.33,3600,KBS,2026-10-09T05:36:14Z
2025-10-30,VRG,16.33,16.42,16.23,16.23,7900,KBS,2026-10-09T05:36:14Z
2025-10-31,VRG,16.23,16.42,16.23,16.33,8000,KBS,2026-10-09T05:36:14Z
2025-11-03,VRG,16.33,16.42,16.23,16.23,5100,KBS,2026-10-09T05:36:14Z
2025-11-04,VRG,16.23,16.23,16.04,16.04,18400,KBS,2026-10-09T05:36:14Z
2025-11-05,VRG,16.23,16.23,15.95,16.04,4700,KBS,2026-10-09T05:36:14Z
2025-11-06,VRG,16.33,16.33,16.14,16.14,8800,KBS,2026-10-09T05:36:14Z
2025-11-07,VRG,16.23,16.33,16.04,16.33,14300,KBS,2026-10-09T05:36:14Z
2025-11-10,VRG,16.33,16.33,16.04,16.33,21700,KBS,2026-10-09T05:36:14Z
2025-11-11,VRG,16.14,16.23,16.04,16.14,3300,KBS,2026-10-09T05:36:14Z
2025-11-12,VRG,16.14,16.14,16.14,16.14,4900,KBS,2026-10-09T05:36:14Z
2025-11-13,VRG,16.23,16.33,16.14,16.14,10600,KBS,2026-10-09T05:36:14Z
2025-11-14,VRG,16.14,16.23,16.14,16.23,2600,KBS,2026-10-09T05:36:14Z
2025-11-17,VRG,16.23,16.23,16.23,16.23,3800,KBS,2026-10-09T05:36:14Z
2025-11-18,VRG,16.14,16.33,16.14,16.23,6000,KBS,2026-10-09T05:36:14Z
2025-11-19,VRG,16.33,16.33,16.14,16.14,5500,KBS,2026-10-09T05:36:14Z
2025-11-20,VRG,16.42,16.7,16.42,16.42,8600,KBS,2026-10-09T05:36:14Z
2025-11-21,VRG,16.51,16.51,16.51,16.51,1700,KBS,2026-10-09T05:36:14Z
2025-11-24,VRG,16.42,16.61,16.42,16.61,16100,KBS,2026-10-09T05:36:14Z
2025-11-25,VRG,16.51,16.61,16.42,16.51,10500,KBS,2026-10-09T05:36:14Z
2025-11-26,VRG,16.51,17.17,16.51,17.17,9700,KBS,2026-10-09T05:36:14Z
2025-11-27,VRG,16.89,17.17,16.89,16.98,14500,KBS,2026-10-09T05:36:14Z
2025-11-28,VRG,16.98,17.26,16.98,17.08,4300,KBS,2026-10-09T05:36:14Z
2025-12-01,VRG,17.17,17.17,17.08,17.17,2800,KBS,2026-10-09T05:36:14Z
2025-12-02,VRG,17.08,17.08,17.08,17.08,11100,KBS,2026-10-09T05:36:14Z
2025-12-03,VRG,17.17,17.26,17.17,17.17,4000,KBS,2026-10-09T05:36:14Z
2025-12-04,VRG,17.17,17.26,16.89,17.26,11000,KBS,2026-10-09T05:36:14Z
2025-12-05,VRG,17.36,17.36,17.17,17.17,2300,KBS,2026-10-09T05:36:14Z
2025-12-08,VRG,17.17,17.26,16.89,17.17,15100,KBS,2026-10-09T05:36:14Z
2025-12-09,VRG,16.89,17.08,16.7,16.8,2100,KBS,2026-10-09T05:36:14Z
2025-12-10,VRG,15.29,16.98,15.29,16.98,3800,KBS,2026-10-09T05:36:14Z
2025-12-11,VRG,16.51,17.36,16.51,17.17,5400,KBS,2026-10-09T05:36:14Z
2025-12-12,VRG,17.17,17.17,16.61,16.61,4500,KBS,2026-10-09T05:36:14Z
2025-12-15,VRG,16.89,16.89,16.7,16.7,4400,KBS,2026-10-09T05:36:14Z
2025-12-16,VRG,16.8,16.89,16.61,16.7,7300,KBS,2026-10-09T05:36:14Z
2025-12-17,VRG,16.7,16.7,16.7,16.7,300,KBS,2026-10-09T05:36:14Z
2025-12-18,VRG,16.61,16.89,16.61,16.8,1400,KBS,2026-10-09T05:36:14Z
2025-12-19,VRG,16.8,16.8,16.8,16.8,200,KBS,2026-10-09T05:36:14Z
2025-12-22,VRG,16.98,17.17,16.98,16.98,3300,KBS,2026-10-09T05:36:14Z
2025-12-23,VRG,17.17,17.17,16.89,16.89,2700,KBS,2026-10-09T05:36:14Z
2025-12-24,VRG,16.89,16.89,16.42,16.42,1700,KBS,2026-10-09T05:36:14Z
2025-12-25,VRG,16.42,16.89,16.42,16.89,3700,KBS,2026-10-09T05:36:14Z
2025-12-26,VRG,16.51,16.51,16.51,16.51,1000,KBS,2026-10-09T05:36:14Z
2025-12-29,VRG,16.51,16.51,16.51,16.51,1100,KBS,2026-10-09T05:36:14Z
2025-12-30,VRG,16.61,16.61,16.51,16.51,400,KBS,2026-10-09T05:36:14Z
2025-12-31,VRG,16.61,16.89,16.51,16.89,10900,KBS,2026-10-09T05:36:14Z
2026-01-05,VRG,16.8,16.98,16.61,16.61,8800,KBS,2026-10-09T05:36:14Z
2026-01-06,VRG,16.61,17.17,16.61,16.89,2700,KBS,2026-10-09T05:36:14Z
2026-01-07,VRG,16.89,17.08,16.89,17.08,13000,KBS,2026-10-09T05:36:14Z
2026-01-08,VRG,16.89,17.08,16.89,17.08,1000,KBS,2026-10-09T05:36:14Z
2026-01-09,VRG,17.55,17.55,16.89,17.17,10100,KBS,2026-10-09T05:36:14Z
2026-01-12,VRG,16.89,17.45,16.89,17.45,13800,KBS,2026-10-09T05:36:14Z
2026-01-13,VRG,17.45,19.52,17.45,18.39,68800,KBS,2026-10-09T05:36:14Z
2026-01-14,VRG,18.39,18.48,17.92,18.39,18900,KBS,2026-10-09T05:36:14Z
2026-01-15,VRG,18.2,18.2,17.45,17.83,38100,KBS,2026-10-09T05:36:14Z
2026-01-16,VRG,17.83,17.92,17.73,17.92,17900,KBS,2026-10-09T05:36:14Z
2026-01-19,VRG,17.92,17.92,17.45,17.55,25900,KBS,2026-10-09T05:36:14Z
2026-01-20,VRG,17.55,17.83,16.7,17.36,31600,KBS,2026-10-09T05:36:14Z
2026-01-21,VRG,16.98,16.98,16.8,16.8,19700,KBS,2026-10-09T05:36:14Z
2026-01-22,VRG,16.89,17.08,16.7,17.08,13600,KBS,2026-10-09T05:36:14Z
2026-01-23,VRG,16.89,16.89,16.8,16.89,8700,KBS,2026-10-09T05:36:14Z
2026-01-26,VRG,16.8,16.98,16.7,16.7,14900,KBS,2026-10-09T05:36:14Z
2026-01-27,VRG,16.8,16.8,16.14,16.23,31300,KBS,2026-10-09T05:36:14Z
2026-01-28,VRG,16.42,17.08,16.42,16.89,4100,KBS,2026-10-09T05:36:14Z
2026-01-29,VRG,17.17,17.17,16.89,17.08,1400,KBS,2026-10-09T05:36:14Z
2026-01-30,VRG,17.08,17.08,16.89,16.89,20400,KBS,2026-10-09T05:36:14Z
2026-02-02,VRG,16.98,16.98,16.7,16.7,13300,KBS,2026-10-09T05:36:14Z
2026-02-03,VRG,16.7,17.55,16.51,16.98,29500,KBS,2026-10-09T05:36:14Z
2026-02-04,VRG,17.64,17.64,16.8,16.98,22300,KBS,2026-10-09T05:36:14Z
2026-02-05,VRG,16.98,17.08,16.89,16.89,1000,KBS,2026-10-09T05:36:14Z
2026-02-06,VRG,16.98,16.98,16.8,16.8,6800,KBS,2026-10-09T05:36:14Z
2026-02-09,VRG,16.89,16.89,16.61,16.8,3400,KBS,2026-10-09T05:36:14Z
2026-02-10,VRG,16.7,16.8,16.61,16.61,9200,KBS,2026-10-09T05:36:14Z
2026-02-11,VRG,16.8,16.98,16.61,16.7,11400,KBS,2026-10-09T05:36:14Z
2026-02-12,VRG,16.7,16.7,16.51,16.51,3400,KBS,2026-10-09T05:36:14Z
2026-02-13,VRG,16.89,16.89,16.7,16.7,6600,KBS,2026-10-09T05:36:14Z
2026-02-23,VRG,17.36,17.36,16.98,16.98,22200,KBS,2026-10-09T05:36:14Z
2026-02-24,VRG,16.98,16.98,16.8,16.89,12800,KBS,2026-10-09T05:36:14Z
2026-02-25,VRG,17.26,17.26,16.7,16.8,10400,KBS,2026-10-09T05:36:14Z
2026-02-26,VRG,16.8,16.8,16.61,16.7,19900,KBS,2026-10-09T05:36:14Z
2026-02-27,VRG,16.7,16.98,16.61,16.8,12200,KBS,2026-10-09T05:36:14Z
2026-03-02,VRG,16.89,16.89,16.61,16.8,25700,KBS,2026-10-09T05:36:14Z
2026-03-03,VRG,17.08,17.08,16.7,16.7,6700,KBS,2026-10-09T05:36:14Z
2026-03-04,VRG,16.7,16.7,16.42,16.42,18300,KBS,2026-10-09T05:36:14Z
2026-03-05,VRG,16.8,16.8,16.51,16.51,6200,KBS,2026-10-09T05:36:14Z
2026-03-06,VRG,16.7,16.7,16.51,16.51,2600,KBS,2026-10-09T05:36:14Z
2026-03-09,VRG,16.42,16.42,15.11,15.2,13800,KBS,2026-10-09T05:36:14Z
2026-03-10,VRG,15.67,16.23,15.67,16.04,15800,KBS,2026-10-09T05:36:14Z
2026-03-11,VRG,16.14,16.23,16.04,16.14,2000,KBS,2026-10-09T05:36:14Z
2026-03-12,VRG,16.23,16.33,16.14,16.14,3100,KBS,2026-10-09T05:36:14Z
2026-03-13,VRG,16.23,16.42,16.23,16.42,6400,KBS,2026-10-09T05:36:14Z
2026-03-16,VRG,16.51,16.51,16.51,16.51,2100,KBS,2026-10-09T05:36:14Z
2026-03-17,VRG,15.48,16.42,15.48,16.14,5400,KBS,2026-10-09T05:36:14Z
2026-03-18,VRG,16.23,16.33,16.14,16.14,9600,KBS,2026-10-09T05:36:14Z
2026-03-19,VRG,16.04,16.14,16.04,16.14,1200,KBS,2026-10-09T05:36:14Z
2026-03-20,VRG,16.14,16.14,15.95,16.04,2200,KBS,2026-10-09T05:36:14Z
2026-03-23,VRG,16.04,16.04,15.67,15.67,18900,KBS,2026-10-09T05:36:14Z
2026-03-24,VRG,15.76,15.86,15.76,15.76,2600,KBS,2026-10-09T05:36:14Z
2026-03-25,VRG,15.95,15.95,15.76,15.76,3500,KBS,2026-10-09T05:36:14Z
2026-03-26,VRG,15.76,15.95,15.76,15.86,8700,KBS,2026-10-09T05:36:14Z
2026-03-27,VRG,16.23,16.23,15.95,15.95,1100,KBS,2026-10-09T05:36:14Z
2026-03-30,VRG,16.14,16.14,15.86,15.86,13600,KBS,2026-10-09T05:36:14Z
2026-03-31,VRG,15.95,16.04,15.95,16.04,3200,KBS,2026-10-09T05:36:14Z
2026-04-01,VRG,16.04,16.23,15.95,16.23,8500,KBS,2026-10-09T05:36:14Z
2026-04-02,VRG,15.95,15.95,15.76,15.76,8600,KBS,2026-10-09T05:36:14Z
2026-04-03,VRG,15.86,16.23,15.76,15.76,8400,KBS,2026-10-09T05:36:14Z
2026-04-06,VRG,15.86,15.86,15.76,15.76,4800,KBS,2026-10-09T05:36:14Z
2026-04-07,VRG,15.76,15.76,15.58,15.67,5000,KBS,2026-10-09T05:36:14Z
2026-04-08,VRG,15.76,15.86,15.76,15.86,8100,KBS,2026-10-09T05:36:14Z
2026-04-09,VRG,15.76,16.14,15.67,16.14,19200,KBS,2026-10-09T05:36:14Z
2026-04-10,VRG,15.86,16.14,15.86,15.95,6300,KBS,2026-10-09T05:36:14Z
2026-04-13,VRG,15.95,16.14,15.95,16.14,4700,KBS,2026-10-09T05:36:14Z
2026-04-14,VRG,16.04,16.14,15.95,15.95,6400,KBS,2026-10-09T05:36:14Z
2026-04-15,VRG,16.14,16.14,16.14,16.14,100,KBS,2026-10-09T05:36:14Z
2026-04-16,VRG,15.76,15.95,15.48,15.95,24200,KBS,2026-10-09T05:36:14Z
2026-04-17,VRG,16.14,16.33,15.95,16.23,9300,KBS,2026-10-09T05:36:14Z
2026-04-20,VRG,16.04,16.51,15.95,16.14,3100,KBS,2026-10-09T05:36:14Z
2026-04-21,VRG,15.95,16.14,15.95,16.14,3200,KBS,2026-10-09T05:36:14Z
2026-04-22,VRG,15.95,16.14,15.76,16.04,10700,KBS,2026-10-09T05:36:14Z
2026-04-23,VRG,16.04,16.04,15.95,15.95,1200,KBS,2026-10-09T05:36:14Z
2026-04-24,VRG,15.95,15.95,15.95,15.95,100,KBS,2026-10-09T05:36:14Z
2026-04-28,VRG,15.48,15.86,15.48,15.76,3500,KBS,2026-10-09T05:36:14Z
2026-04-29,VRG,16.42,16.42,15.58,16.14,1900,KBS,2026-10-09T05:36:14Z
2026-05-04,VRG,16.04,16.04,15.86,16.04,3500,KBS,2026-10-09T05:36:14Z
2026-05-05,VRG,16.04,16.04,15.95,15.95,3100,KBS,2026-10-09T05:36:14Z
2026-05-06,VRG,16.14,16.14,15.95,15.95,2900,KBS,2026-10-09T05:36:14Z
2026-05-07,VRG,16.04,16.04,15.95,15.95,2600,KBS,2026-10-09T05:36:14Z
2026-05-08,VRG,16.04,16.04,15.76,15.86,5900,KBS,2026-10-09T05:36:14Z
2026-05-11,VRG,15.86,15.95,15.58,15.95,13900,KBS,2026-10-09T05:36:14Z
2026-05-12,VRG,15.95,15.95,15.76,15.86,7700,KBS,2026-10-09T05:36:14Z
2026-05-13,VRG,15.76,15.76,15.67,15.67,20300,KBS,2026-10-09T05:36:14Z
2026-05-14,VRG,15.76,15.76,15.48,15.67,11300,KBS,2026-10-09T05:36:14Z
2026-05-15,VRG,15.48,15.86,15.39,15.39,12000,KBS,2026-10-09T05:36:14Z
2026-05-18,VRG,15.76,15.76,15.29,15.29,3100,KBS,2026-10-09T05:36:14Z
2026-05-19,VRG,15.48,15.58,15.29,15.29,14000,KBS,2026-10-09T05:36:14Z
2026-05-20,VRG,15.29,15.29,14.92,15.29,2800,KBS,2026-10-09T05:36:14Z
2026-05-21,VRG,15.01,15.01,14.92,15.01,8300,KBS,2026-10-09T05:36:14Z
2026-05-22,VRG,15.48,15.48,15.11,15.11,5400,KBS,2026-10-09T05:36:14Z
2026-05-25,VRG,15.11,15.11,15.01,15.11,11300,KBS,2026-10-09T05:36:14Z
2026-05-26,VRG,15.2,15.2,15.2,15.2,18900,KBS,2026-10-09T05:36:14Z
2026-05-27,VRG,15.2,15.2,15.01,15.11,13300,KBS,2026-10-09T05:36:14Z
2026-05-28,VRG,15.11,15.11,15.01,15.01,1000,KBS,2026-10-09T05:36:14Z
2026-05-29,VRG,15.01,15.29,15.01,15.29,500,KBS,2026-10-09T05:36:14Z
2026-06-01,VRG,15.2,15.2,15.11,15.2,300,KBS,2026-10-09T05:36:14Z
2026-06-02,VRG,15.2,15.2,15.01,15.11,5000,KBS,2026-10-09T05:36:14Z
2026-06-03,VRG,15.39,15.39,15.2,15.2,2900,KBS,2026-10-09T05:36:14Z
2026-06-04,VRG,15.48,15.48,15.11,15.2,10000,KBS,2026-10-09T05:36:14Z
2026-06-05,VRG,15.2,15.39,15.11,15.2,7500,KBS,2026-10-09T05:36:14Z
2026-06-08,VRG,15.2,15.3,14.8,15.0,6300,KBS,2026-10-09T05:36:14Z
2026-06-09,VRG,15.0,15.2,14.4,14.4,4000,KBS,2026-10-09T05:36:14Z
2026-06-10,VRG,15.0,15.0,14.7,14.7,3700,KBS,2026-10-09T05:36:14Z
2026-06-11,VRG,14.6,15.0,14.6,15.0,3000,KBS,2026-10-09T05:36:14Z
2026-06-12,VRG,15.0,15.1,15.0,15.1,1000,KBS,2026-10-09T05:36:14Z
2026-06-15,VRG,15.0,15.0,14.0,15.0,4300,KBS,2026-10-09T05:36:14Z
2026-06-16,VRG,15.0,15.0,14.8,14.8,3900,KBS,2026-10-09T05:36:14Z
2026-06-17,VRG,15.0,15.0,15.0,15.0,400,KBS,2026-10-09T05:36:14Z
2026-06-18,VRG,15.0,15.0,15.0,15.0,6800,KBS,2026-10-09T05:36:14Z
2026-06-19,VRG,15.0,15.0,14.5,15.0,2200,KBS,2026-10-09T05:36:14Z
2026-06-22,VRG,14.6,15.0,14.6,15.0,500,KBS,2026-10-09T05:36:14Z
2026-06-23,VRG,15.0,15.4,14.7,14.7,6300,KBS,2026-10-09T05:36:14Z
2026-06-24,VRG,14.0,14.0,14.0,14.0,700,KBS,2026-10-09T05:36:14Z
2026-06-25,VRG,14.1,14.3,14.1,14.1,4600,KBS,2026-10-09T05:36:14Z
2026-06-26,VRG,14.2,14.6,14.0,14.6,6600,KBS,2026-10-09T05:36:14Z
2026-06-29,VRG,14.4,14.6,14.4,14.6,2300,KBS,2026-10-09T05:36:14Z
2026-06-30,VRG,14.5,14.6,14.5,14.5,1600,KBS,2026-10-09T05:36:14Z
2026-07-01,VRG,14.5,14.8,14.5,14.6,2000,KBS,2026-10-09T05:36:14Z
2026-07-02,VRG,14.6,14.8,14.6,14.8,13100,KBS,2026-10-09T05:36:14Z
2026-07-03,VRG,14.9,14.9,14.6,14.6,3200,KBS,2026-10-09T05:36:14Z
2026-07-06,VRG,14.0,14.0,14.0,14.0,1100,KBS,2026-10-09T05:36:14Z
2026-07-07,VRG,14.0,14.6,14.0,14.6,4500,KBS,2026-10-09T05:36:14Z
2026-07-08,VRG,14.2,14.2,14.0,14.0,2800,KBS,2026-10-09T05:36:14Z
2026-07-09,VRG,14.1,14.4,14.1,14.4,1400,KBS,2026-10-09T05:36:14Z
2026-07-13,VRG,14.1,14.1,14.0,14.1,1900,KBS,2026-10-09T05:36:14Z
2026-07-14,VRG,14.0,14.6,14.0,14.5,1700,KBS,2026-10-09T05:36:14Z
2026-07-15,VRG,14.5,14.5,14.0,14.0,2200,KBS,2026-10-09T05:36:14Z
2026-07-16,VRG,14.0,14.0,14.0,14.0,1600,KBS,2026-10-09T05:36:14Z
2026-07-17,VRG,14.0,14.1,14.0,14.0,3800,KBS,2026-10-09T05:36:14Z
2026-07-20,VRG,14.0,14.0,13.0,13.0,1900,KBS,2026-10-09T05:36:14Z
2026-07-21,VRG,13.5,13.5,13.4,13.5,4300,KBS,2026-10-09T05:36:14Z
2026-07-22,VRG,13.5,13.5,13.3,13.3,2800,KBS,2026-10-09T05:36:14Z
2026-07-23,VRG,13.5,13.5,12.5,13.5,6100,KBS,2026-10-09T05:36:14Z
2026-07-24,VRG,12.9,13.0,12.9,12.9,5300,KBS,2026-10-09T05:36:14Z
2026-07-27,VRG,12.6,12.7,12.6,12.7,2600,KBS,2026-10-09T05:36:14Z
2026-07-28,VRG,12.5,12.9,12.5,12.9,200,KBS,2026-10-09T05:36:14Z
2026-07-29,VRG,12.5,12.6,12.5,12.5,5100,KBS,2026-10-09T05:36:14Z
2026-07-30,VRG,12.5,13.2,12.5,13.0,9600,KBS,2026-10-09T05:36:14Z
2026-07-31,VRG,13.1,13.1,13.0,13.0,1300,KBS,2026-10-09T05:36:14Z
2026-08-03,VRG,13.0,13.9,13.0,13.1,3700,KBS,2026-10-09T05:36:14Z
2026-08-04,VRG,13.1,13.1,12.8,13.1,6800,KBS,2026-10-09T05:36:14Z
2026-08-05,VRG,13.0,13.3,13.0,13.3,2200,KBS,2026-10-09T05:36:14Z
2026-08-06,VRG,13.1,13.3,13.1,13.3,800,KBS,2026-10-09T05:36:14Z
2026-08-07,VRG,13.1,13.1,13.0,13.1,1500,KBS,2026-10-09T05:36:14Z
2026-08-10,VRG,13.0,13.5,13.0,13.3,7500,KBS,2026-10-09T05:36:14Z
2026-08-11,VRG,13.3,13.3,13.3,13.3,1100,KBS,2026-10-09T05:36:14Z
2026-08-12,VRG,13.3,13.3,13.1,13.1,700,KBS,2026-10-09T05:36:14Z
2026-08-13,VRG,13.1,13.9,13.1,13.7,700,KBS,2026-10-09T05:36:14Z
2026-08-14,VRG,13.2,13.2,13.0,13.0,2800,KBS,2026-10-09T05:36:14Z
2026-08-18,VRG,13.9,13.9,13.9,13.9,100,KBS,2026-10-09T05:36:14Z
2026-08-19,VRG,12.7,13.5,12.7,13.5,900,KBS,2026-10-09T05:36:14Z
2026-08-20,VRG,13.0,13.0,12.9,12.9,600,KBS,2026-10-09T05:36:14Z
2026-08-21,VRG,13.0,13.1,13.0,13.1,400,KBS,2026-10-09T05:36:14Z
2026-08-24,VRG,13.1,13.3,13.1,13.3,1500,KBS,2026-10-09T05:36:14Z
2026-08-25,VRG,13.0,13.0,13.0,13.0,200,KBS,2026-10-09T05:36:14Z
2026-08-26,VRG,13.3,13.3,13.0,13.0,9900,KBS,2026-10-09T05:36:14Z
2026-08-27,VRG,15.0,15.0,14.4,14.7,1100,KBS,2026-10-09T05:36:14Z
2026-09-03,VRG,14.5,14.5,13.9,13.9,600,KBS,2026-10-09T05:36:14Z
2026-09-04,VRG,13.9,13.9,13.9,13.9,100,KBS,2026-10-09T05:36:14Z
2026-09-07,VRG,13.8,13.8,13.8,13.8,1000,KBS,2026-10-09T05:36:14Z
2026-09-08,VRG,13.0,13.0,13.0,13.0,400,KBS,2026-10-09T05:36:14Z
2026-09-09,VRG,13.1,13.1,12.7,12.7,6200,KBS,2026-10-09T05:36:14Z
2026-09-10,VRG,12.8,12.8,12.7,12.7,400,KBS,2026-10-09T05:36:14Z
2026-09-11,VRG,12.9,12.9,12.9,12.9,300,KBS,2026-10-09T05:36:14Z
2026-09-14,VRG,12.9,12.9,12.9,12.9,400,KBS,2026-10-09T05:36:14Z
2026-09-15,VRG,14.6,14.6,13.0,13.0,1900,KBS,2026-10-09T05:36:14Z
2026-09-16,VRG,13.3,13.3,13.3,13.3,300,KBS,2026-10-09T05:36:14Z
2026-09-17,VRG,13.3,13.3,12.8,12.8,1300,KBS,2026-10-09T05:36:14Z
2026-09-18,VRG,12.8,13.0,12.8,13.0,1900,KBS,2026-10-09T05:36:14Z
2026-09-21,VRG,13.0,13.0,12.9,12.9,500,KBS,2026-10-09T05:36:14Z
2026-09-22,VRG,12.9,12.9,12.9,12.9,600,KBS,2026-10-09T05:36:14Z
2026-09-23,VRG,12.9,13.9,12.9,13.9,900,KBS,2026-10-09T05:36:14Z
2026-09-24,VRG,13.9,13.9,13.8,13.8,6900,KBS,2026-10-09T05:36:14Z
2026-09-25,VRG,13.8,13.8,12.7,12.7,700,KBS,2026-10-09T05:36:14Z
2026-09-29,VRG,13.5,13.5,13.0,13.0,200,KBS,2026-10-09T05:36:14Z
2026-09-30,VRG,13.1,13.1,13.1,13.1,300,KBS,2026-10-09T05:36:14Z
2026-10-01,VRG,13.1,13.1,13.1,13.1,500,KBS,2026-10-09T05:36:14Z
2026-10-05,VRG,12.5,12.8,12.5,12.7,2100,KBS,2026-10-09T05:36:14Z
2026-10-06,VRG,12.8,12.8,12.5,12.5,1400,KBS,2026-10-09T05:36:14Z
2026-10-07,VRG,13.1,13.1,12.7,12.7,200,KBS,2026-10-09T05:36:14Z
2026-10-08,VRG,12.9,12.9,12.9,12.9,600,KBS,2026-10-09T05:36:14Z
2026-10-09,VRG,12.9,12.9,12.9,12.9,100,KBS,2026-10-09T05:36:14Z
