date,symbol,open,high,low,close,volume,source,fetched_at
2018-10-11,VSN,37.48,37.48,37.48,37.48,100,KBS,2026-10-09T05:36:26Z
2018-10-26,VSN,33.29,37.39,32.33,33.29,1200,KBS,2026-10-09T05:36:26Z
2018-10-29,VSN,36.52,36.52,36.52,36.52,100,KBS,2026-10-09T05:36:26Z
2018-10-30,VSN,34.07,34.07,34.07,34.07,100,KBS,2026-10-09T05:36:26Z
2018-10-31,VSN,34.95,34.95,34.95,34.95,200,KBS,2026-10-09T05:36:26Z
2018-11-06,VSN,32.33,34.86,32.33,34.86,800,KBS,2026-10-09T05:36:26Z
2018-11-07,VSN,32.33,34.77,32.33,34.77,500,KBS,2026-10-09T05:36:26Z
2018-11-08,VSN,37.04,37.04,34.86,34.86,200,KBS,2026-10-09T05:36:26Z
2018-11-09,VSN,32.33,34.86,32.33,34.86,600,KBS,2026-10-09T05:36:26Z
2018-11-12,VSN,38.09,38.09,35.82,35.82,200,KBS,2026-10-09T05:36:26Z
2018-11-15,VSN,33.2,35.82,31.45,35.82,1300,KBS,2026-10-09T05:36:26Z
2018-11-16,VSN,35.65,35.65,35.65,35.65,100,KBS,2026-10-09T05:36:26Z
2018-11-19,VSN,35.82,40.19,32.33,36.26,1200,KBS,2026-10-09T05:36:26Z
2018-11-20,VSN,35.38,35.38,35.38,35.38,100,KBS,2026-10-09T05:36:26Z
2018-11-26,VSN,38.35,38.35,38.35,38.35,200,KBS,2026-10-09T05:36:26Z
2018-12-03,VSN,43.6,43.6,43.6,43.6,100,KBS,2026-10-09T05:36:26Z
2018-12-19,VSN,37.13,37.13,37.13,37.13,200,KBS,2026-10-09T05:36:26Z
2018-12-20,VSN,31.63,36.26,31.63,36.26,400,KBS,2026-10-09T05:36:26Z
2018-12-21,VSN,36.43,36.43,36.43,36.43,100,KBS,2026-10-09T05:36:26Z
2018-12-26,VSN,34.34,34.34,34.07,34.07,200,KBS,2026-10-09T05:36:26Z
2018-12-27,VSN,39.14,39.14,35.73,35.73,200,KBS,2026-10-09T05:36:26Z
2018-12-28,VSN,32.41,35.82,32.41,35.82,700,KBS,2026-10-09T05:36:26Z
2019-01-02,VSN,36.61,36.61,36.61,36.61,100,KBS,2026-10-09T05:36:26Z
2019-01-10,VSN,35.73,35.73,35.73,35.73,100,KBS,2026-10-09T05:36:26Z
2019-01-14,VSN,38.35,38.35,38.35,38.35,100,KBS,2026-10-09T05:36:26Z
2019-01-18,VSN,32.76,34.95,32.76,34.95,2500,KBS,2026-10-09T05:36:26Z
2019-01-21,VSN,37.57,37.57,37.57,37.57,100,KBS,2026-10-09T05:36:26Z
2019-01-22,VSN,34.68,34.68,33.2,34.6,2100,KBS,2026-10-09T05:36:26Z
2019-01-23,VSN,37.57,37.57,37.57,37.57,100,KBS,2026-10-09T05:36:26Z
2019-01-24,VSN,37.04,39.32,34.95,34.95,400,KBS,2026-10-09T05:36:26Z
2019-01-25,VSN,39.32,39.32,34.95,34.95,200,KBS,2026-10-09T05:36:26Z
2019-01-28,VSN,31.98,34.95,31.98,34.95,700,KBS,2026-10-09T05:36:26Z
2019-01-29,VSN,37.57,38.62,37.57,37.57,100,KBS,2026-10-09T05:36:26Z
2019-02-01,VSN,34.86,34.95,34.86,34.95,400,KBS,2026-10-09T05:36:26Z
2019-02-14,VSN,34.86,34.86,34.86,34.86,200,KBS,2026-10-09T05:36:26Z
2019-02-20,VSN,34.86,34.86,34.86,34.86,400,KBS,2026-10-09T05:36:26Z
2019-02-22,VSN,29.79,34.86,29.79,34.6,1600,KBS,2026-10-09T05:36:26Z
2019-02-25,VSN,29.7,32.76,29.7,32.76,3100,KBS,2026-10-09T05:36:26Z
2019-02-26,VSN,34.42,34.42,27.52,32.33,700,KBS,2026-10-09T05:36:26Z
2019-02-27,VSN,33.99,33.99,30.75,32.67,1700,KBS,2026-10-09T05:36:26Z
2019-02-28,VSN,33.02,33.02,28.57,32.24,600,KBS,2026-10-09T05:36:26Z
2019-03-01,VSN,32.15,32.15,30.58,31.98,800,KBS,2026-10-09T05:36:26Z
2019-03-04,VSN,32.24,32.24,32.24,32.24,200,KBS,2026-10-09T05:36:26Z
2019-03-05,VSN,32.24,32.33,32.24,32.33,800,KBS,2026-10-09T05:36:26Z
2019-03-06,VSN,32.24,32.33,32.24,32.24,2200,KBS,2026-10-09T05:36:26Z
2019-03-11,VSN,32.24,32.33,31.45,32.33,1304,KBS,2026-10-09T05:36:26Z
2019-03-13,VSN,32.15,32.15,32.15,32.15,200,KBS,2026-10-09T05:36:26Z
2019-03-14,VSN,31.45,32.24,31.45,32.24,303,KBS,2026-10-09T05:36:26Z
2019-03-15,VSN,32.33,32.33,32.33,32.33,300,KBS,2026-10-09T05:36:26Z
2019-03-18,VSN,32.24,32.24,32.24,32.24,400,KBS,2026-10-09T05:36:26Z
2019-03-19,VSN,32.24,32.33,27.96,32.33,700,KBS,2026-10-09T05:36:26Z
2019-03-20,VSN,31.63,32.33,31.63,32.33,500,KBS,2026-10-09T05:36:26Z
2019-03-21,VSN,35.82,35.82,32.33,32.33,200,KBS,2026-10-09T05:36:26Z
2019-03-25,VSN,34.95,34.95,34.95,34.95,101,KBS,2026-10-09T05:36:26Z
2019-03-27,VSN,32.15,32.15,32.15,32.15,100,KBS,2026-10-09T05:36:26Z
2019-03-29,VSN,32.33,32.33,32.33,32.33,300,KBS,2026-10-09T05:36:26Z
2019-04-01,VSN,34.07,34.07,34.07,34.07,100,KBS,2026-10-09T05:36:26Z
2019-04-02,VSN,33.99,33.99,33.99,33.99,100,KBS,2026-10-09T05:36:26Z
2019-04-03,VSN,35.82,35.82,35.82,35.82,100,KBS,2026-10-09T05:36:26Z
2019-04-04,VSN,38.44,38.44,33.2,33.2,300,KBS,2026-10-09T05:36:26Z
2019-04-05,VSN,30.67,32.76,30.58,32.76,300,KBS,2026-10-09T05:36:26Z
2019-04-08,VSN,33.02,33.02,33.02,33.02,200,KBS,2026-10-09T05:36:26Z
2019-04-09,VSN,33.02,33.02,33.02,33.02,100,KBS,2026-10-09T05:36:26Z
2019-04-12,VSN,30.58,33.11,30.58,33.11,200,KBS,2026-10-09T05:36:26Z
2019-04-16,VSN,34.95,34.95,34.95,34.95,100,KBS,2026-10-09T05:36:26Z
2019-04-17,VSN,32.76,32.76,32.76,32.76,100,KBS,2026-10-09T05:36:26Z
2019-04-18,VSN,32.76,33.11,31.45,33.11,400,KBS,2026-10-09T05:36:26Z
2019-04-22,VSN,28.04,32.76,28.04,32.76,3101,KBS,2026-10-09T05:36:26Z
2019-04-23,VSN,34.07,34.07,27.96,32.67,2300,KBS,2026-10-09T05:36:26Z
2019-04-24,VSN,32.76,32.76,32.76,32.76,100,KBS,2026-10-09T05:36:26Z
2019-04-25,VSN,32.24,32.24,32.24,32.24,200,KBS,2026-10-09T05:36:26Z
2019-04-26,VSN,32.67,32.67,32.5,32.67,2300,KBS,2026-10-09T05:36:26Z
2019-05-02,VSN,32.67,32.67,32.67,32.67,1300,KBS,2026-10-09T05:36:26Z
2019-05-06,VSN,34.07,34.07,31.45,32.59,1400,KBS,2026-10-09T05:36:26Z
2019-05-08,VSN,32.67,32.67,32.67,32.67,100,KBS,2026-10-09T05:36:26Z
2019-05-10,VSN,31.02,33.02,31.02,33.02,1300,KBS,2026-10-09T05:36:26Z
2019-05-14,VSN,34.95,34.95,34.51,34.51,600,KBS,2026-10-09T05:36:26Z
2019-05-16,VSN,34.07,34.51,34.07,34.51,300,KBS,2026-10-09T05:36:26Z
2019-05-17,VSN,34.51,34.51,34.51,34.51,200,KBS,2026-10-09T05:36:26Z
2019-05-22,VSN,31.02,34.07,31.02,34.07,1300,KBS,2026-10-09T05:36:26Z
2019-05-23,VSN,33.9,34.42,33.9,34.07,600,KBS,2026-10-09T05:36:26Z
2019-05-31,VSN,31.1,33.81,31.1,33.81,300,KBS,2026-10-09T05:36:26Z
2019-06-05,VSN,32.33,32.33,32.33,32.33,500,KBS,2026-10-09T05:36:26Z
2019-06-12,VSN,27.7,32.24,27.7,31.45,500,KBS,2026-10-09T05:36:26Z
2019-06-13,VSN,29.79,31.98,29.79,31.63,700,KBS,2026-10-09T05:36:26Z
2019-06-14,VSN,32.24,32.24,32.24,32.24,100,KBS,2026-10-09T05:36:26Z
2019-06-17,VSN,33.11,33.11,30.05,31.8,400,KBS,2026-10-09T05:36:26Z
2019-06-18,VSN,30.58,31.45,30.58,31.45,300,KBS,2026-10-09T05:36:26Z
2019-06-19,VSN,30.05,31.45,30.05,31.45,200,KBS,2026-10-09T05:36:26Z
2019-06-20,VSN,31.36,31.36,31.36,31.36,100,KBS,2026-10-09T05:36:26Z
2019-06-21,VSN,32.24,32.24,30.58,31.98,700,KBS,2026-10-09T05:36:26Z
2019-06-24,VSN,32.24,32.24,32.24,32.24,100,KBS,2026-10-09T05:36:26Z
2019-06-25,VSN,33.02,33.02,33.02,33.02,100,KBS,2026-10-09T05:36:26Z
2019-06-26,VSN,32.94,32.94,29.79,32.24,1100,KBS,2026-10-09T05:36:26Z
2019-06-27,VSN,34.77,34.77,34.77,34.77,100,KBS,2026-10-09T05:36:26Z
2019-06-28,VSN,32.85,32.85,32.85,32.85,100,KBS,2026-10-09T05:36:26Z
2019-07-03,VSN,29.01,32.06,29.01,32.06,700,KBS,2026-10-09T05:36:26Z
2019-07-04,VSN,32.15,32.15,32.15,32.15,300,KBS,2026-10-09T05:36:26Z
2019-07-05,VSN,36.69,36.69,31.45,31.45,200,KBS,2026-10-09T05:36:26Z
2019-07-10,VSN,31.45,31.89,30.58,31.89,2500,KBS,2026-10-09T05:36:26Z
2019-07-11,VSN,31.36,31.36,31.36,31.36,100,KBS,2026-10-09T05:36:26Z
2019-07-19,VSN,32.25,32.25,32.25,32.25,100,KBS,2026-10-09T05:36:26Z
2019-07-29,VSN,31.01,31.72,31.01,31.72,2900,KBS,2026-10-09T05:36:26Z
2019-07-30,VSN,31.81,31.81,31.81,31.81,200,KBS,2026-10-09T05:36:26Z
2019-07-31,VSN,31.9,31.9,31.9,31.9,200,KBS,2026-10-09T05:36:26Z
2019-08-06,VSN,30.92,31.63,30.92,31.63,1600,KBS,2026-10-09T05:36:26Z
2019-08-07,VSN,31.9,31.9,31.9,31.9,100,KBS,2026-10-09T05:36:26Z
2019-08-08,VSN,30.92,31.81,30.92,31.81,2500,KBS,2026-10-09T05:36:26Z
2019-08-09,VSN,31.81,31.81,31.81,31.81,100,KBS,2026-10-09T05:36:26Z
2019-08-14,VSN,31.81,31.81,31.81,31.81,10,KBS,2026-10-09T05:36:26Z
2019-08-16,VSN,29.24,31.63,29.24,31.63,200,KBS,2026-10-09T05:36:26Z
2019-08-19,VSN,31.72,31.72,31.72,31.72,100,KBS,2026-10-09T05:36:26Z
2019-08-20,VSN,31.72,31.81,29.24,31.72,1700,KBS,2026-10-09T05:36:26Z
2019-08-21,VSN,31.54,32.78,31.19,32.78,2000,KBS,2026-10-09T05:36:26Z
2019-08-22,VSN,32.78,32.78,32.6,32.6,200,KBS,2026-10-09T05:36:26Z
2019-08-26,VSN,29.24,32.6,29.24,32.6,1100,KBS,2026-10-09T05:36:26Z
2019-08-27,VSN,31.9,31.9,29.24,31.63,300,KBS,2026-10-09T05:36:26Z
2019-08-28,VSN,31.81,31.81,31.81,31.81,100,KBS,2026-10-09T05:36:26Z
2019-08-29,VSN,29.42,31.72,29.42,31.72,400,KBS,2026-10-09T05:36:26Z
2019-08-30,VSN,35.26,35.26,35.26,35.26,100,KBS,2026-10-09T05:36:26Z
2019-09-03,VSN,30.04,31.81,30.04,31.81,500,KBS,2026-10-09T05:36:26Z
2019-09-04,VSN,29.77,32.25,29.77,32.25,3805,KBS,2026-10-09T05:36:26Z
2019-09-05,VSN,34.55,34.55,31.01,31.72,400,KBS,2026-10-09T05:36:26Z
2019-09-09,VSN,31.81,31.81,29.42,31.63,1710,KBS,2026-10-09T05:36:26Z
2019-09-10,VSN,31.36,31.72,30.12,31.72,600,KBS,2026-10-09T05:36:26Z
2019-09-11,VSN,29.15,31.63,29.15,31.63,1100,KBS,2026-10-09T05:36:26Z
2019-09-12,VSN,31.01,31.63,31.01,31.63,600,KBS,2026-10-09T05:36:26Z
2019-09-13,VSN,34.55,34.55,31.1,31.63,1100,KBS,2026-10-09T05:36:26Z
2019-09-17,VSN,35.44,35.44,31.36,31.81,1300,KBS,2026-10-09T05:36:26Z
2019-09-19,VSN,29.24,32.16,29.24,32.16,2800,KBS,2026-10-09T05:36:26Z
2019-09-20,VSN,30.83,32.25,29.42,32.25,1000,KBS,2026-10-09T05:36:26Z
2019-09-23,VSN,32.16,32.16,32.16,32.16,200,KBS,2026-10-09T05:36:26Z
2019-09-25,VSN,29.33,31.81,29.33,31.81,4390,KBS,2026-10-09T05:36:26Z
2019-09-26,VSN,33.67,33.67,28.44,31.63,3151,KBS,2026-10-09T05:36:26Z
2019-09-27,VSN,31.81,31.81,31.01,31.01,300,KBS,2026-10-09T05:36:26Z
2019-09-30,VSN,31.81,31.81,31.81,31.81,100,KBS,2026-10-09T05:36:26Z
2019-10-02,VSN,30.74,30.74,29.24,30.21,1114,KBS,2026-10-09T05:36:26Z
2019-10-04,VSN,29.24,29.95,29.24,29.95,2400,KBS,2026-10-09T05:36:26Z
2019-10-07,VSN,27.11,29.68,27.11,29.68,3204,KBS,2026-10-09T05:36:26Z
2019-10-08,VSN,29.95,29.95,29.95,29.95,710,KBS,2026-10-09T05:36:26Z
2019-10-11,VSN,29.5,29.5,29.5,29.5,100,KBS,2026-10-09T05:36:26Z
2019-10-22,VSN,28.35,28.35,28.0,28.0,1700,KBS,2026-10-09T05:36:26Z
2019-10-28,VSN,26.58,26.58,26.14,26.58,1320,KBS,2026-10-09T05:36:26Z
2019-10-29,VSN,26.58,28.26,26.58,27.91,6300,KBS,2026-10-09T05:36:26Z
2019-10-30,VSN,28.88,30.57,28.71,30.12,7600,KBS,2026-10-09T05:36:26Z
2019-10-31,VSN,30.04,31.81,29.95,31.81,6500,KBS,2026-10-09T05:36:26Z
2019-11-01,VSN,30.3,32.34,30.12,32.34,5100,KBS,2026-10-09T05:36:26Z
2019-11-04,VSN,33.49,33.49,29.06,31.9,1300,KBS,2026-10-09T05:36:26Z
2019-11-05,VSN,33.4,33.4,33.4,33.4,210,KBS,2026-10-09T05:36:26Z
2019-11-06,VSN,32.78,33.31,32.78,33.22,1700,KBS,2026-10-09T05:36:26Z
2019-11-07,VSN,33.14,33.14,33.14,33.14,800,KBS,2026-10-09T05:36:26Z
2019-11-08,VSN,33.05,33.05,30.04,30.04,300,KBS,2026-10-09T05:36:26Z
2019-11-12,VSN,29.24,29.68,28.8,29.68,600,KBS,2026-10-09T05:36:26Z
2019-11-13,VSN,31.81,31.81,28.53,31.63,1000,KBS,2026-10-09T05:36:26Z
2019-11-14,VSN,28.35,28.35,28.35,28.35,200,KBS,2026-10-09T05:36:26Z
2019-11-15,VSN,28.35,28.35,28.35,28.35,200,KBS,2026-10-09T05:36:26Z
2019-11-18,VSN,27.2,27.47,27.11,27.11,1100,KBS,2026-10-09T05:36:26Z
2019-11-19,VSN,29.42,29.5,27.2,27.2,1300,KBS,2026-10-09T05:36:26Z
2019-11-20,VSN,27.82,29.15,27.47,27.47,1100,KBS,2026-10-09T05:36:26Z
2019-11-21,VSN,27.29,27.29,27.2,27.2,900,KBS,2026-10-09T05:36:26Z
2019-11-22,VSN,28.8,28.8,28.8,28.8,200,KBS,2026-10-09T05:36:26Z
2019-11-25,VSN,27.91,27.91,27.91,27.91,300,KBS,2026-10-09T05:36:26Z
2019-11-28,VSN,29.06,29.5,29.06,29.5,700,KBS,2026-10-09T05:36:26Z
2019-11-29,VSN,33.22,33.22,30.04,30.12,500,KBS,2026-10-09T05:36:26Z
2019-12-04,VSN,27.47,28.88,27.47,28.88,1100,KBS,2026-10-09T05:36:26Z
2019-12-09,VSN,27.11,29.06,27.11,29.06,400,KBS,2026-10-09T05:36:26Z
2019-12-10,VSN,29.06,29.06,29.06,29.06,100,KBS,2026-10-09T05:36:26Z
2019-12-11,VSN,27.11,27.11,27.11,27.11,3509,KBS,2026-10-09T05:36:26Z
2019-12-12,VSN,28.18,28.18,26.94,26.94,500,KBS,2026-10-09T05:36:26Z
2019-12-13,VSN,27.47,27.82,27.47,27.47,300,KBS,2026-10-09T05:36:26Z
2019-12-18,VSN,27.02,27.02,27.02,27.02,600,KBS,2026-10-09T05:36:26Z
2019-12-19,VSN,27.02,27.02,27.02,27.02,100,KBS,2026-10-09T05:36:26Z
2019-12-20,VSN,27.82,27.82,27.82,27.82,100,KBS,2026-10-09T05:36:26Z
2019-12-23,VSN,26.58,26.67,26.58,26.58,2300,KBS,2026-10-09T05:36:26Z
2019-12-24,VSN,27.02,27.02,26.94,27.02,1000,KBS,2026-10-09T05:36:26Z
2019-12-26,VSN,27.82,28.18,27.73,28.18,1200,KBS,2026-10-09T05:36:26Z
2019-12-27,VSN,28.35,28.35,26.58,28.18,2800,KBS,2026-10-09T05:36:26Z
2019-12-30,VSN,30.66,31.45,27.47,30.39,1315,KBS,2026-10-09T05:36:26Z
2019-12-31,VSN,34.55,34.55,27.47,27.47,800,KBS,2026-10-09T05:36:26Z
2020-01-02,VSN,28.35,28.35,26.58,26.58,1200,KBS,2026-10-09T05:36:26Z
2020-01-06,VSN,26.14,26.58,25.69,25.69,1500,KBS,2026-10-09T05:36:26Z
2020-01-10,VSN,24.54,24.54,24.45,24.45,300,KBS,2026-10-09T05:36:26Z
2020-01-13,VSN,26.49,26.49,26.49,26.49,100,KBS,2026-10-09T05:36:26Z
2020-01-14,VSN,26.4,26.4,26.4,26.4,602,KBS,2026-10-09T05:36:26Z
2020-01-15,VSN,24.36,26.14,24.36,26.14,700,KBS,2026-10-09T05:36:26Z
2020-01-17,VSN,24.28,25.34,24.28,25.34,200,KBS,2026-10-09T05:36:26Z
2020-01-20,VSN,24.81,24.81,24.81,24.81,1000,KBS,2026-10-09T05:36:26Z
2020-01-21,VSN,25.52,25.52,25.52,25.52,109,KBS,2026-10-09T05:36:26Z
2020-01-22,VSN,25.43,26.23,25.43,26.23,200,KBS,2026-10-09T05:36:26Z
2020-01-30,VSN,25.25,25.25,25.25,25.25,2205,KBS,2026-10-09T05:36:26Z
2020-02-03,VSN,22.24,22.24,22.24,22.24,1000,KBS,2026-10-09T05:36:26Z
2020-02-04,VSN,22.24,24.9,21.18,24.9,1400,KBS,2026-10-09T05:36:26Z
2020-02-05,VSN,25.16,25.16,25.16,25.16,100,KBS,2026-10-09T05:36:26Z
2020-02-06,VSN,21.53,23.66,21.44,23.66,4400,KBS,2026-10-09T05:36:26Z
2020-02-07,VSN,24.63,24.63,24.63,24.63,100,KBS,2026-10-09T05:36:26Z
2020-02-11,VSN,21.62,21.62,21.62,21.62,500,KBS,2026-10-09T05:36:26Z
2020-02-12,VSN,23.66,23.66,21.71,21.71,500,KBS,2026-10-09T05:36:26Z
2020-02-13,VSN,22.59,22.59,22.59,22.59,400,KBS,2026-10-09T05:36:26Z
2020-02-14,VSN,22.24,22.59,22.24,22.59,2500,KBS,2026-10-09T05:36:26Z
2020-02-18,VSN,22.33,22.33,22.33,22.33,400,KBS,2026-10-09T05:36:26Z
2020-02-20,VSN,23.48,23.48,23.48,23.48,101,KBS,2026-10-09T05:36:26Z
2020-02-21,VSN,22.15,22.15,22.15,22.15,800,KBS,2026-10-09T05:36:26Z
2020-02-27,VSN,19.67,22.06,19.67,22.06,600,KBS,2026-10-09T05:36:26Z
2020-03-02,VSN,22.06,22.06,18.96,21.09,3300,KBS,2026-10-09T05:36:26Z
2020-03-03,VSN,21.88,22.24,21.88,21.88,1500,KBS,2026-10-09T05:36:26Z
2020-03-04,VSN,21.26,24.72,21.26,24.72,1000,KBS,2026-10-09T05:36:26Z
2020-03-05,VSN,23.48,23.48,22.59,22.86,1900,KBS,2026-10-09T05:36:26Z
2020-03-09,VSN,22.15,22.15,21.26,21.26,2005,KBS,2026-10-09T05:36:26Z
2020-03-10,VSN,21.35,22.42,21.35,22.42,200,KBS,2026-10-09T05:36:26Z
2020-03-11,VSN,21.44,21.53,21.44,21.53,300,KBS,2026-10-09T05:36:26Z
2020-03-17,VSN,21.26,21.44,21.26,21.44,1510,KBS,2026-10-09T05:36:26Z
2020-03-18,VSN,21.44,21.44,21.44,21.44,2000,KBS,2026-10-09T05:36:26Z
2020-03-20,VSN,21.26,21.26,19.93,21.26,1900,KBS,2026-10-09T05:36:26Z
2020-03-23,VSN,17.72,23.04,17.72,23.04,800,KBS,2026-10-09T05:36:26Z
2020-03-24,VSN,21.18,21.18,21.18,21.18,1000,KBS,2026-10-09T05:36:26Z
2020-03-25,VSN,21.26,21.26,21.26,21.26,100,KBS,2026-10-09T05:36:26Z
2020-03-26,VSN,21.18,21.18,20.82,20.82,200,KBS,2026-10-09T05:36:26Z
2020-03-31,VSN,20.38,22.5,18.16,21.53,700,KBS,2026-10-09T05:36:26Z
2020-04-01,VSN,20.02,22.15,20.02,22.15,300,KBS,2026-10-09T05:36:26Z
2020-04-03,VSN,22.15,22.15,22.15,22.15,700,KBS,2026-10-09T05:36:26Z
2020-04-06,VSN,22.06,22.06,21.62,21.62,200,KBS,2026-10-09T05:36:26Z
2020-04-07,VSN,19.49,21.18,18.61,21.18,8990,KBS,2026-10-09T05:36:26Z
2020-04-08,VSN,19.49,21.26,19.49,21.26,6100,KBS,2026-10-09T05:36:26Z
2020-04-09,VSN,21.62,21.62,17.99,20.38,9100,KBS,2026-10-09T05:36:26Z
2020-04-10,VSN,20.38,21.53,19.93,21.26,10820,KBS,2026-10-09T05:36:26Z
2020-04-13,VSN,21.71,21.97,21.18,21.26,10030,KBS,2026-10-09T05:36:26Z
2020-04-14,VSN,21.26,21.26,20.56,21.18,5200,KBS,2026-10-09T05:36:26Z
2020-04-15,VSN,21.26,23.57,21.26,23.57,48920,KBS,2026-10-09T05:36:26Z
2020-04-16,VSN,23.92,25.61,23.92,25.61,65500,KBS,2026-10-09T05:36:26Z
2020-04-17,VSN,27.47,28.35,27.47,28.35,12610,KBS,2026-10-09T05:36:26Z
2020-04-20,VSN,28.35,28.35,23.66,24.81,38210,KBS,2026-10-09T05:36:26Z
2020-04-21,VSN,23.92,24.36,22.59,22.95,20000,KBS,2026-10-09T05:36:26Z
2020-04-22,VSN,22.15,23.39,22.15,23.39,10100,KBS,2026-10-09T05:36:26Z
2020-04-23,VSN,22.24,23.92,22.15,23.21,12120,KBS,2026-10-09T05:36:26Z
2020-04-24,VSN,22.33,23.48,22.15,23.39,7001,KBS,2026-10-09T05:36:26Z
2020-04-27,VSN,23.12,23.74,23.12,23.66,10200,KBS,2026-10-09T05:36:26Z
2020-04-28,VSN,23.39,23.92,23.39,23.92,11700,KBS,2026-10-09T05:36:26Z
2020-04-29,VSN,23.57,24.81,23.57,24.45,11600,KBS,2026-10-09T05:36:26Z
2020-05-04,VSN,24.81,24.81,23.48,23.48,14000,KBS,2026-10-09T05:36:26Z
2020-05-05,VSN,23.04,23.92,23.04,23.74,10500,KBS,2026-10-09T05:36:26Z
2020-05-06,VSN,23.3,23.92,23.12,23.92,5100,KBS,2026-10-09T05:36:26Z
2020-05-07,VSN,23.83,26.23,23.83,24.9,35610,KBS,2026-10-09T05:36:26Z
2020-05-08,VSN,24.36,25.25,24.36,24.36,40410,KBS,2026-10-09T05:36:26Z
2020-05-11,VSN,24.54,24.81,23.48,24.72,10001,KBS,2026-10-09T05:36:26Z
2020-05-12,VSN,24.19,24.19,23.92,23.92,10802,KBS,2026-10-09T05:36:26Z
2020-05-13,VSN,23.92,23.92,23.48,23.83,30200,KBS,2026-10-09T05:36:26Z
2020-05-14,VSN,23.92,23.92,23.48,23.92,3802,KBS,2026-10-09T05:36:26Z
2020-05-15,VSN,23.74,23.83,23.04,23.04,3500,KBS,2026-10-09T05:36:26Z
2020-05-18,VSN,23.21,23.39,22.59,23.3,4300,KBS,2026-10-09T05:36:26Z
2020-05-19,VSN,23.48,23.74,23.3,23.66,7100,KBS,2026-10-09T05:36:26Z
2020-05-20,VSN,23.39,23.48,23.39,23.48,5100,KBS,2026-10-09T05:36:26Z
2020-05-21,VSN,23.48,23.74,23.3,23.3,9000,KBS,2026-10-09T05:36:26Z
2020-05-22,VSN,23.21,23.21,23.04,23.12,8100,KBS,2026-10-09T05:36:26Z
2020-05-25,VSN,23.04,23.57,23.04,23.04,5201,KBS,2026-10-09T05:36:26Z
2020-05-26,VSN,24.1,24.19,23.66,24.1,52800,KBS,2026-10-09T05:36:26Z
2020-05-27,VSN,24.19,24.81,24.19,24.36,32607,KBS,2026-10-09T05:36:26Z
2020-05-28,VSN,24.54,25.07,24.45,25.07,26520,KBS,2026-10-09T05:36:26Z
2020-05-29,VSN,25.16,27.91,24.63,27.91,55281,KBS,2026-10-09T05:36:26Z
2020-06-01,VSN,27.91,29.77,26.58,29.77,34677,KBS,2026-10-09T05:36:26Z
2020-06-02,VSN,31.01,32.87,30.12,30.12,27160,KBS,2026-10-09T05:36:26Z
2020-06-03,VSN,27.56,29.24,27.47,28.97,22610,KBS,2026-10-09T05:36:26Z
2020-06-04,VSN,28.35,28.88,27.38,28.0,22530,KBS,2026-10-09T05:36:26Z
2020-06-05,VSN,28.0,28.0,26.58,27.91,11605,KBS,2026-10-09T05:36:26Z
2020-06-08,VSN,28.18,29.24,28.18,29.06,26224,KBS,2026-10-09T05:36:26Z
2020-06-09,VSN,30.12,30.12,29.24,29.24,21043,KBS,2026-10-09T05:36:26Z
2020-06-10,VSN,29.5,29.5,27.47,28.35,12930,KBS,2026-10-09T05:36:26Z
2020-06-11,VSN,28.18,28.26,26.58,26.58,15115,KBS,2026-10-09T05:36:26Z
2020-06-12,VSN,26.58,27.11,23.92,27.11,22810,KBS,2026-10-09T05:36:26Z
2020-06-15,VSN,25.87,28.35,25.87,27.02,5800,KBS,2026-10-09T05:36:26Z
2020-06-16,VSN,27.91,28.35,27.56,28.35,14500,KBS,2026-10-09T05:36:26Z
2020-06-17,VSN,27.82,27.91,27.82,27.82,7165,KBS,2026-10-09T05:36:26Z
2020-06-18,VSN,27.82,27.82,26.58,26.58,3230,KBS,2026-10-09T05:36:26Z
2020-06-19,VSN,27.47,27.47,26.58,27.02,2435,KBS,2026-10-09T05:36:26Z
2020-06-22,VSN,27.29,28.26,26.14,26.76,9300,KBS,2026-10-09T05:36:26Z
2020-06-23,VSN,27.02,27.02,26.58,26.76,6510,KBS,2026-10-09T05:36:26Z
2020-06-24,VSN,27.02,27.02,26.05,26.76,10400,KBS,2026-10-09T05:36:26Z
2020-06-25,VSN,26.4,26.4,24.81,25.34,1970,KBS,2026-10-09T05:36:26Z
2020-06-26,VSN,25.87,25.87,24.9,24.9,6410,KBS,2026-10-09T05:36:26Z
2020-06-29,VSN,24.81,25.69,24.81,24.98,1900,KBS,2026-10-09T05:36:26Z
2020-06-30,VSN,25.25,25.25,24.98,24.98,4230,KBS,2026-10-09T05:36:26Z
2020-07-01,VSN,24.81,25.07,24.72,25.07,1300,KBS,2026-10-09T05:36:26Z
2020-07-02,VSN,25.43,25.43,25.43,25.43,300,KBS,2026-10-09T05:36:26Z
2020-07-03,VSN,25.34,25.34,24.9,25.16,1600,KBS,2026-10-09T05:36:26Z
2020-07-06,VSN,24.9,24.9,24.81,24.81,2210,KBS,2026-10-09T05:36:26Z
2020-07-07,VSN,24.81,24.9,24.72,24.72,9617,KBS,2026-10-09T05:36:26Z
2020-07-08,VSN,24.98,24.98,24.81,24.81,300,KBS,2026-10-09T05:36:26Z
2020-07-09,VSN,24.54,24.98,24.54,24.98,1300,KBS,2026-10-09T05:36:26Z
2020-07-10,VSN,26.14,26.14,25.52,25.52,700,KBS,2026-10-09T05:36:26Z
2020-07-13,VSN,26.14,26.14,24.98,24.98,800,KBS,2026-10-09T05:36:26Z
2020-07-14,VSN,24.81,25.25,24.36,25.25,3900,KBS,2026-10-09T05:36:26Z
2020-07-15,VSN,24.81,24.81,24.36,24.63,1850,KBS,2026-10-09T05:36:26Z
2020-07-16,VSN,24.72,24.81,24.72,24.81,310,KBS,2026-10-09T05:36:26Z
2020-07-17,VSN,24.81,25.69,24.81,25.69,2300,KBS,2026-10-09T05:36:26Z
2020-07-20,VSN,25.69,25.69,25.25,25.25,700,KBS,2026-10-09T05:36:26Z
2020-07-21,VSN,25.61,25.61,24.98,24.98,610,KBS,2026-10-09T05:36:26Z
2020-07-22,VSN,24.98,24.98,24.81,24.81,1400,KBS,2026-10-09T05:36:26Z
2020-07-23,VSN,24.81,24.81,24.81,24.81,400,KBS,2026-10-09T05:36:26Z
2020-07-24,VSN,23.3,24.72,23.12,23.12,780,KBS,2026-10-09T05:36:26Z
2020-07-27,VSN,23.83,23.83,20.91,20.91,9300,KBS,2026-10-09T05:36:26Z
2020-07-28,VSN,21.44,22.95,21.26,22.15,2563,KBS,2026-10-09T05:36:26Z
2020-07-29,VSN,22.15,22.15,20.2,20.38,3900,KBS,2026-10-09T05:36:26Z
2020-07-30,VSN,20.64,21.44,20.64,21.26,4300,KBS,2026-10-09T05:36:26Z
2020-07-31,VSN,21.18,21.18,21.18,21.18,1100,KBS,2026-10-09T05:36:26Z
2020-08-03,VSN,21.26,22.06,21.26,21.97,3200,KBS,2026-10-09T05:36:26Z
2020-08-04,VSN,23.04,23.04,22.5,22.5,2152,KBS,2026-10-09T05:36:26Z
2020-08-05,VSN,23.04,23.04,21.71,22.86,2100,KBS,2026-10-09T05:36:26Z
2020-08-06,VSN,22.86,23.04,22.86,23.04,3200,KBS,2026-10-09T05:36:26Z
2020-08-07,VSN,23.81,25.16,23.81,25.16,325,KBS,2026-10-09T05:36:26Z
2020-08-10,VSN,24.26,24.26,22.55,23.09,2025,KBS,2026-10-09T05:36:26Z
2020-08-11,VSN,23.45,23.63,23.45,23.45,1008,KBS,2026-10-09T05:36:26Z
2020-08-12,VSN,23.45,23.45,23.45,23.45,310,KBS,2026-10-09T05:36:26Z
2020-08-13,VSN,23.36,23.45,23.0,23.36,5500,KBS,2026-10-09T05:36:26Z
2020-08-14,VSN,23.0,23.0,22.64,22.64,200,KBS,2026-10-09T05:36:26Z
2020-08-17,VSN,25.25,25.25,22.64,22.64,200,KBS,2026-10-09T05:36:26Z
2020-08-18,VSN,22.73,22.73,22.37,22.64,6700,KBS,2026-10-09T05:36:26Z
2020-08-19,VSN,22.64,22.64,22.55,22.55,600,KBS,2026-10-09T05:36:26Z
2020-08-20,VSN,22.46,22.46,22.37,22.46,3500,KBS,2026-10-09T05:36:26Z
2020-08-21,VSN,22.91,23.0,22.91,22.91,700,KBS,2026-10-09T05:36:26Z
2020-08-24,VSN,22.91,23.36,22.91,23.36,3907,KBS,2026-10-09T05:36:26Z
2020-08-25,VSN,23.45,23.9,23.36,23.54,11200,KBS,2026-10-09T05:36:26Z
2020-08-26,VSN,23.54,23.54,23.45,23.45,201,KBS,2026-10-09T05:36:26Z
2020-08-27,VSN,23.45,23.54,23.45,23.45,2400,KBS,2026-10-09T05:36:26Z
2020-08-28,VSN,23.45,23.45,22.46,23.0,3500,KBS,2026-10-09T05:36:26Z
2020-08-31,VSN,23.0,23.0,22.82,22.82,1007,KBS,2026-10-09T05:36:26Z
2020-09-01,VSN,22.82,22.91,22.73,22.73,3700,KBS,2026-10-09T05:36:26Z
2020-09-03,VSN,22.82,23.0,22.82,23.0,1520,KBS,2026-10-09T05:36:26Z
2020-09-04,VSN,23.0,23.0,23.0,23.0,1140,KBS,2026-10-09T05:36:26Z
2020-09-07,VSN,23.0,23.27,22.73,23.0,5315,KBS,2026-10-09T05:36:26Z
2020-09-08,VSN,23.09,23.09,22.55,23.09,7500,KBS,2026-10-09T05:36:26Z
2020-09-09,VSN,23.09,23.09,23.09,23.09,700,KBS,2026-10-09T05:36:26Z
2020-09-10,VSN,23.09,23.09,22.64,23.09,5800,KBS,2026-10-09T05:36:26Z
2020-09-11,VSN,22.82,22.82,22.82,22.82,1100,KBS,2026-10-09T05:36:26Z
2020-09-14,VSN,22.91,23.36,22.82,23.36,4000,KBS,2026-10-09T05:36:26Z
2020-09-15,VSN,23.09,23.09,23.09,23.09,900,KBS,2026-10-09T05:36:26Z
2020-09-16,VSN,23.27,23.36,23.09,23.09,1200,KBS,2026-10-09T05:36:26Z
2020-09-17,VSN,23.45,23.9,23.36,23.9,32700,KBS,2026-10-09T05:36:26Z
2020-09-18,VSN,23.9,25.16,23.9,25.16,12430,KBS,2026-10-09T05:36:26Z
2020-09-21,VSN,25.25,25.25,24.8,25.25,8300,KBS,2026-10-09T05:36:26Z
2020-09-22,VSN,24.62,24.89,23.99,24.17,20800,KBS,2026-10-09T05:36:26Z
2020-09-23,VSN,24.62,24.98,24.35,24.53,12100,KBS,2026-10-09T05:36:26Z
2020-09-24,VSN,24.44,24.62,24.26,24.62,4500,KBS,2026-10-09T05:36:26Z
2020-09-25,VSN,24.53,24.8,24.35,24.35,11000,KBS,2026-10-09T05:36:26Z
2020-09-28,VSN,24.53,24.62,24.44,24.62,4200,KBS,2026-10-09T05:36:26Z
2020-09-29,VSN,24.53,24.8,24.44,24.8,1510,KBS,2026-10-09T05:36:26Z
2020-09-30,VSN,24.8,24.8,24.53,24.53,400,KBS,2026-10-09T05:36:26Z
2020-10-01,VSN,24.71,24.8,24.53,24.8,4430,KBS,2026-10-09T05:36:26Z
2020-10-02,VSN,24.89,25.25,24.53,24.62,19100,KBS,2026-10-09T05:36:26Z
2020-10-05,VSN,25.25,25.25,25.25,25.25,100,KBS,2026-10-09T05:36:26Z
2020-10-06,VSN,25.25,25.25,24.35,24.35,1500,KBS,2026-10-09T05:36:26Z
2020-10-07,VSN,24.44,24.53,24.35,24.53,4050,KBS,2026-10-09T05:36:26Z
2020-10-08,VSN,24.35,24.35,23.99,23.99,800,KBS,2026-10-09T05:36:26Z
2020-10-09,VSN,24.08,24.08,23.9,24.08,1000,KBS,2026-10-09T05:36:26Z
2020-10-12,VSN,24.08,24.08,24.08,24.08,273,KBS,2026-10-09T05:36:26Z
2020-10-13,VSN,23.45,23.45,23.45,23.45,417,KBS,2026-10-09T05:36:26Z
2020-10-14,VSN,24.08,24.08,23.45,23.45,3100,KBS,2026-10-09T05:36:26Z
2020-10-15,VSN,23.45,23.54,21.83,23.45,3512,KBS,2026-10-09T05:36:26Z
2020-10-16,VSN,23.09,23.09,22.91,22.91,1400,KBS,2026-10-09T05:36:26Z
2020-10-19,VSN,23.18,23.63,23.18,23.63,800,KBS,2026-10-09T05:36:26Z
2020-10-20,VSN,23.27,23.81,23.27,23.36,10440,KBS,2026-10-09T05:36:26Z
2020-10-21,VSN,23.45,23.72,23.45,23.54,2100,KBS,2026-10-09T05:36:26Z
2020-10-22,VSN,23.45,23.63,23.45,23.45,2510,KBS,2026-10-09T05:36:26Z
2020-10-23,VSN,23.27,23.27,22.82,22.91,4700,KBS,2026-10-09T05:36:26Z
2020-10-26,VSN,22.91,23.9,22.91,23.45,620,KBS,2026-10-09T05:36:26Z
2020-10-27,VSN,23.54,23.54,23.45,23.45,3800,KBS,2026-10-09T05:36:26Z
2020-10-28,VSN,22.64,22.82,22.64,22.64,650,KBS,2026-10-09T05:36:26Z
2020-10-29,VSN,23.45,23.45,23.45,23.45,100,KBS,2026-10-09T05:36:26Z
2020-10-30,VSN,23.45,23.45,23.45,23.45,200,KBS,2026-10-09T05:36:26Z
2020-11-02,VSN,22.1,22.1,22.1,22.1,1000,KBS,2026-10-09T05:36:26Z
2020-11-03,VSN,22.64,23.0,22.64,23.0,1300,KBS,2026-10-09T05:36:26Z
2020-11-04,VSN,22.82,22.91,22.82,22.91,3327,KBS,2026-10-09T05:36:26Z
2020-11-05,VSN,22.91,22.91,22.73,22.73,4600,KBS,2026-10-09T05:36:26Z
2020-11-06,VSN,22.82,22.82,22.82,22.82,2,KBS,2026-10-09T05:36:26Z
2020-11-09,VSN,23.36,23.45,23.0,23.0,2282,KBS,2026-10-09T05:36:26Z
2020-11-10,VSN,23.09,23.09,23.09,23.09,650,KBS,2026-10-09T05:36:26Z
2020-11-11,VSN,23.09,23.09,23.09,23.09,4000,KBS,2026-10-09T05:36:26Z
2020-11-12,VSN,23.18,23.18,23.09,23.09,1010,KBS,2026-10-09T05:36:26Z
2020-11-13,VSN,23.36,23.36,22.64,23.36,800,KBS,2026-10-09T05:36:26Z
2020-11-17,VSN,23.27,23.27,22.82,22.82,1700,KBS,2026-10-09T05:36:26Z
2020-11-18,VSN,23.09,23.09,23.09,23.09,300,KBS,2026-10-09T05:36:26Z
2020-11-19,VSN,23.09,23.09,23.09,23.09,3502,KBS,2026-10-09T05:36:26Z
2020-11-20,VSN,23.54,23.54,22.64,23.36,6500,KBS,2026-10-09T05:36:26Z
2020-11-23,VSN,23.0,23.0,23.0,23.0,500,KBS,2026-10-09T05:36:26Z
2020-11-24,VSN,22.73,22.82,22.64,22.64,4200,KBS,2026-10-09T05:36:26Z
2020-11-25,VSN,22.82,22.82,22.82,22.82,2600,KBS,2026-10-09T05:36:26Z
2020-11-27,VSN,22.64,22.64,22.64,22.64,1000,KBS,2026-10-09T05:36:26Z
2020-11-30,VSN,22.64,22.64,22.18,22.18,4222,KBS,2026-10-09T05:36:26Z
2020-12-01,VSN,22.36,22.91,22.36,22.91,900,KBS,2026-10-09T05:36:26Z
2020-12-02,VSN,22.18,22.18,22.18,22.18,200,KBS,2026-10-09T05:36:26Z
2020-12-03,VSN,22.73,23.36,22.73,23.36,1000,KBS,2026-10-09T05:36:26Z
2020-12-04,VSN,22.46,23.09,22.46,23.09,1300,KBS,2026-10-09T05:36:26Z
2020-12-07,VSN,23.09,23.27,23.0,23.27,3100,KBS,2026-10-09T05:36:26Z
2020-12-08,VSN,23.09,23.09,22.91,23.0,1900,KBS,2026-10-09T05:36:26Z
2020-12-09,VSN,23.27,23.27,23.0,23.09,6900,KBS,2026-10-09T05:36:26Z
2020-12-10,VSN,23.54,23.54,22.82,22.82,862,KBS,2026-10-09T05:36:26Z
2020-12-11,VSN,23.09,23.54,23.09,23.54,8610,KBS,2026-10-09T05:36:26Z
2020-12-14,VSN,23.54,24.18,23.54,23.72,5767,KBS,2026-10-09T05:36:26Z
2020-12-15,VSN,24.0,24.0,23.54,23.54,2112,KBS,2026-10-09T05:36:26Z
2020-12-16,VSN,23.72,23.72,23.72,23.72,103,KBS,2026-10-09T05:36:26Z
2020-12-17,VSN,23.72,23.72,23.54,23.54,3300,KBS,2026-10-09T05:36:26Z
2020-12-18,VSN,23.54,23.54,22.64,23.27,4505,KBS,2026-10-09T05:36:26Z
2020-12-21,VSN,23.27,23.81,23.27,23.81,5120,KBS,2026-10-09T05:36:26Z
2020-12-22,VSN,23.54,23.63,23.54,23.63,5610,KBS,2026-10-09T05:36:26Z
2020-12-23,VSN,23.63,23.63,23.36,23.54,6300,KBS,2026-10-09T05:36:26Z
2020-12-24,VSN,23.45,23.45,23.0,23.45,4100,KBS,2026-10-09T05:36:26Z
2020-12-25,VSN,23.45,23.54,23.45,23.45,1520,KBS,2026-10-09T05:36:26Z
2020-12-28,VSN,23.9,23.9,23.45,23.54,6813,KBS,2026-10-09T05:36:26Z
2020-12-29,VSN,23.36,24.0,23.36,24.0,18700,KBS,2026-10-09T05:36:26Z
2020-12-30,VSN,24.0,24.45,23.81,24.0,7209,KBS,2026-10-09T05:36:26Z
2020-12-31,VSN,24.0,24.0,23.81,23.9,1400,KBS,2026-10-09T05:36:26Z
2021-01-04,VSN,23.9,24.45,23.81,23.81,5921,KBS,2026-10-09T05:36:26Z
2021-01-05,VSN,23.81,24.0,23.72,23.81,7800,KBS,2026-10-09T05:36:26Z
2021-01-06,VSN,23.81,25.17,23.81,24.9,23610,KBS,2026-10-09T05:36:26Z
2021-01-07,VSN,25.8,25.8,24.9,25.62,8512,KBS,2026-10-09T05:36:26Z
2021-01-08,VSN,25.53,25.72,25.35,25.62,7203,KBS,2026-10-09T05:36:26Z
2021-01-11,VSN,25.99,26.8,25.99,26.71,12800,KBS,2026-10-09T05:36:26Z
2021-01-12,VSN,26.98,28.97,26.8,27.62,23880,KBS,2026-10-09T05:36:26Z
2021-01-13,VSN,26.8,28.07,26.8,27.25,11340,KBS,2026-10-09T05:36:26Z
2021-01-14,VSN,27.44,27.44,26.89,26.89,12310,KBS,2026-10-09T05:36:26Z
2021-01-15,VSN,27.44,27.44,26.98,27.34,2400,KBS,2026-10-09T05:36:26Z
2021-01-18,VSN,27.25,27.25,27.07,27.07,13109,KBS,2026-10-09T05:36:26Z
2021-01-19,VSN,27.16,27.16,25.26,26.26,15300,KBS,2026-10-09T05:36:26Z
2021-01-20,VSN,26.35,26.35,26.26,26.26,500,KBS,2026-10-09T05:36:26Z
2021-01-21,VSN,26.26,26.53,25.62,26.53,2000,KBS,2026-10-09T05:36:26Z
2021-01-22,VSN,25.99,26.17,25.35,25.35,6210,KBS,2026-10-09T05:36:26Z
2021-01-25,VSN,26.62,26.62,26.62,26.62,100,KBS,2026-10-09T05:36:26Z
2021-01-26,VSN,26.26,26.26,25.62,25.62,8900,KBS,2026-10-09T05:36:26Z
2021-01-27,VSN,25.62,25.62,24.0,24.0,10605,KBS,2026-10-09T05:36:26Z
2021-01-28,VSN,24.08,24.08,24.0,24.0,2005,KBS,2026-10-09T05:36:26Z
2021-01-29,VSN,24.08,26.35,24.08,26.35,700,KBS,2026-10-09T05:36:26Z
2021-02-01,VSN,25.35,25.35,25.35,25.35,501,KBS,2026-10-09T05:36:26Z
2021-02-02,VSN,24.45,24.45,24.45,24.45,415,KBS,2026-10-09T05:36:26Z
2021-02-03,VSN,22.82,25.35,22.82,24.45,1400,KBS,2026-10-09T05:36:26Z
2021-02-04,VSN,24.54,25.08,24.54,25.08,1800,KBS,2026-10-09T05:36:26Z
2021-02-05,VSN,25.35,25.8,25.35,25.8,2000,KBS,2026-10-09T05:36:26Z
2021-02-08,VSN,25.62,25.62,25.35,25.35,1500,KBS,2026-10-09T05:36:26Z
2021-02-17,VSN,25.53,25.53,24.63,25.44,1315,KBS,2026-10-09T05:36:26Z
2021-02-18,VSN,25.8,25.8,25.8,25.8,200,KBS,2026-10-09T05:36:26Z
2021-02-19,VSN,24.45,25.35,24.45,25.35,1400,KBS,2026-10-09T05:36:26Z
2021-02-22,VSN,25.35,25.35,25.35,25.35,137,KBS,2026-10-09T05:36:26Z
2021-02-23,VSN,25.35,25.35,25.35,25.35,2701,KBS,2026-10-09T05:36:26Z
2021-02-24,VSN,26.26,26.26,25.35,25.35,900,KBS,2026-10-09T05:36:26Z
2021-02-25,VSN,24.9,24.9,24.9,24.9,100,KBS,2026-10-09T05:36:26Z
2021-02-26,VSN,24.9,25.72,24.9,25.72,8100,KBS,2026-10-09T05:36:26Z
2021-03-01,VSN,25.62,25.8,25.62,25.8,3301,KBS,2026-10-09T05:36:26Z
2021-03-02,VSN,25.72,26.26,25.72,26.26,3500,KBS,2026-10-09T05:36:26Z
2021-03-03,VSN,26.17,26.26,26.08,26.08,2910,KBS,2026-10-09T05:36:26Z
2021-03-04,VSN,26.26,28.07,26.26,27.16,8800,KBS,2026-10-09T05:36:26Z
2021-03-05,VSN,29.79,29.79,26.71,26.71,5400,KBS,2026-10-09T05:36:26Z
2021-03-08,VSN,26.26,26.26,26.17,26.17,200,KBS,2026-10-09T05:36:26Z
2021-03-09,VSN,25.8,26.26,25.8,25.8,800,KBS,2026-10-09T05:36:26Z
2021-03-10,VSN,27.62,27.62,24.45,24.45,7300,KBS,2026-10-09T05:36:26Z
2021-03-11,VSN,25.8,25.8,25.8,25.8,400,KBS,2026-10-09T05:36:26Z
2021-03-12,VSN,25.9,26.26,25.8,25.8,2400,KBS,2026-10-09T05:36:26Z
2021-03-15,VSN,25.8,26.71,25.8,26.71,3100,KBS,2026-10-09T05:36:26Z
2021-03-16,VSN,26.26,26.26,26.17,26.26,2313,KBS,2026-10-09T05:36:26Z
2021-03-17,VSN,26.26,26.26,26.26,26.26,300,KBS,2026-10-09T05:36:26Z
2021-03-18,VSN,26.26,26.26,25.9,25.9,2630,KBS,2026-10-09T05:36:26Z
2021-03-19,VSN,26.26,26.26,26.26,26.26,1400,KBS,2026-10-09T05:36:26Z
2021-03-22,VSN,26.35,26.35,26.35,26.35,800,KBS,2026-10-09T05:36:26Z
2021-03-23,VSN,26.35,26.35,25.99,26.26,2400,KBS,2026-10-09T05:36:26Z
2021-03-25,VSN,26.44,26.44,26.44,26.44,108,KBS,2026-10-09T05:36:26Z
2021-03-26,VSN,25.35,25.35,25.35,25.35,3000,KBS,2026-10-09T05:36:26Z
2021-03-29,VSN,25.44,25.44,25.17,25.17,2200,KBS,2026-10-09T05:36:26Z
2021-03-31,VSN,25.26,25.26,25.26,25.26,200,KBS,2026-10-09T05:36:26Z
2021-04-01,VSN,25.26,25.8,25.26,25.8,1500,KBS,2026-10-09T05:36:26Z
2021-04-02,VSN,25.8,25.8,25.8,25.8,900,KBS,2026-10-09T05:36:26Z
2021-04-05,VSN,25.53,27.07,25.35,26.71,12000,KBS,2026-10-09T05:36:26Z
2021-04-06,VSN,26.98,26.98,26.71,26.71,1600,KBS,2026-10-09T05:36:26Z
2021-04-07,VSN,26.98,27.16,26.71,26.71,4500,KBS,2026-10-09T05:36:26Z
2021-04-08,VSN,26.98,26.98,25.8,25.8,3203,KBS,2026-10-09T05:36:26Z
2021-04-09,VSN,26.26,26.26,25.8,25.8,100,KBS,2026-10-09T05:36:26Z
2021-04-12,VSN,26.17,26.62,25.44,26.26,6900,KBS,2026-10-09T05:36:26Z
2021-04-13,VSN,25.8,25.8,25.62,25.72,3100,KBS,2026-10-09T05:36:26Z
2021-04-15,VSN,25.8,25.8,25.35,25.8,3600,KBS,2026-10-09T05:36:26Z
2021-04-16,VSN,25.72,25.72,25.53,25.53,730,KBS,2026-10-09T05:36:26Z
2021-04-22,VSN,26.17,26.26,25.35,25.35,2300,KBS,2026-10-09T05:36:26Z
2021-04-26,VSN,25.35,25.35,24.63,24.63,400,KBS,2026-10-09T05:36:26Z
2021-04-28,VSN,24.9,24.9,24.63,24.81,1500,KBS,2026-10-09T05:36:26Z
2021-04-29,VSN,24.63,25.72,24.63,25.72,300,KBS,2026-10-09T05:36:26Z
2021-05-04,VSN,24.45,24.45,24.0,24.0,2200,KBS,2026-10-09T05:36:26Z
2021-05-05,VSN,24.08,24.08,24.08,24.08,300,KBS,2026-10-09T05:36:26Z
2021-05-06,VSN,24.08,24.72,24.08,24.72,3400,KBS,2026-10-09T05:36:26Z
2021-05-07,VSN,24.27,24.27,24.27,24.27,1300,KBS,2026-10-09T05:36:26Z
2021-05-11,VSN,24.27,25.35,23.54,25.35,2800,KBS,2026-10-09T05:36:26Z
2021-05-12,VSN,23.81,25.35,23.81,25.35,2400,KBS,2026-10-09T05:36:26Z
2021-05-13,VSN,25.35,25.35,25.35,25.35,200,KBS,2026-10-09T05:36:26Z
2021-05-14,VSN,25.35,25.35,25.35,25.35,10,KBS,2026-10-09T05:36:26Z
2021-05-17,VSN,25.35,25.35,25.35,25.35,500,KBS,2026-10-09T05:36:26Z
2021-05-19,VSN,24.0,24.08,24.0,24.08,200,KBS,2026-10-09T05:36:26Z
2021-05-20,VSN,23.72,24.0,23.72,23.72,600,KBS,2026-10-09T05:36:26Z
2021-05-21,VSN,23.81,23.81,23.72,23.72,3300,KBS,2026-10-09T05:36:26Z
2021-05-24,VSN,23.63,23.9,23.63,23.81,1800,KBS,2026-10-09T05:36:26Z
2021-05-25,VSN,23.63,23.72,23.63,23.63,900,KBS,2026-10-09T05:36:26Z
2021-05-26,VSN,23.63,23.63,23.09,23.09,1500,KBS,2026-10-09T05:36:26Z
2021-05-27,VSN,23.54,23.54,23.09,23.09,1200,KBS,2026-10-09T05:36:26Z
2021-05-28,VSN,23.54,24.45,23.09,23.09,2800,KBS,2026-10-09T05:36:26Z
2021-05-31,VSN,23.09,23.45,22.64,23.36,3705,KBS,2026-10-09T05:36:26Z
2021-06-01,VSN,22.64,24.45,22.64,24.45,3600,KBS,2026-10-09T05:36:26Z
2021-06-02,VSN,23.09,23.09,23.09,23.09,1,KBS,2026-10-09T05:36:26Z
2021-06-03,VSN,23.27,24.0,23.09,23.18,6319,KBS,2026-10-09T05:36:26Z
2021-06-04,VSN,23.36,23.45,23.36,23.45,400,KBS,2026-10-09T05:36:26Z
2021-06-07,VSN,23.45,23.45,22.46,22.64,7201,KBS,2026-10-09T05:36:26Z
2021-06-08,VSN,23.09,23.54,23.09,23.09,900,KBS,2026-10-09T05:36:26Z
2021-06-09,VSN,23.54,23.54,23.27,23.27,400,KBS,2026-10-09T05:36:26Z
2021-06-10,VSN,23.72,23.72,22.91,23.54,1700,KBS,2026-10-09T05:36:26Z
2021-06-11,VSN,23.09,23.45,23.09,23.36,1400,KBS,2026-10-09T05:36:26Z
2021-06-14,VSN,23.36,23.36,23.36,23.36,500,KBS,2026-10-09T05:36:26Z
2021-06-15,VSN,23.63,23.81,23.54,23.54,3413,KBS,2026-10-09T05:36:26Z
2021-06-16,VSN,23.63,23.63,23.54,23.54,500,KBS,2026-10-09T05:36:26Z
2021-06-17,VSN,23.54,23.54,23.54,23.54,1328,KBS,2026-10-09T05:36:26Z
2021-06-18,VSN,23.54,23.54,23.54,23.54,3216,KBS,2026-10-09T05:36:26Z
2021-06-21,VSN,23.54,23.54,23.54,23.54,817,KBS,2026-10-09T05:36:26Z
2021-06-22,VSN,23.54,23.54,23.54,23.54,726,KBS,2026-10-09T05:36:26Z
2021-06-23,VSN,23.45,23.45,23.09,23.18,2300,KBS,2026-10-09T05:36:26Z
2021-06-24,VSN,23.54,25.35,23.54,24.0,14204,KBS,2026-10-09T05:36:26Z
2021-06-25,VSN,24.18,24.18,23.54,23.54,6600,KBS,2026-10-09T05:36:26Z
2021-06-28,VSN,23.54,23.54,23.54,23.54,700,KBS,2026-10-09T05:36:26Z
2021-06-29,VSN,23.63,23.72,23.63,23.63,3504,KBS,2026-10-09T05:36:26Z
2021-06-30,VSN,23.81,23.81,23.54,23.54,7500,KBS,2026-10-09T05:36:26Z
2021-07-01,VSN,24.0,24.0,23.54,23.54,2900,KBS,2026-10-09T05:36:26Z
2021-07-02,VSN,23.63,24.0,23.63,24.0,12800,KBS,2026-10-09T05:36:26Z
2021-07-05,VSN,23.63,23.9,23.63,23.9,1600,KBS,2026-10-09T05:36:26Z
2021-07-06,VSN,23.81,23.81,23.54,23.54,4800,KBS,2026-10-09T05:36:26Z
2021-07-07,VSN,23.54,23.72,23.54,23.72,6200,KBS,2026-10-09T05:36:26Z
2021-07-08,VSN,23.72,23.72,23.54,23.54,7304,KBS,2026-10-09T05:36:26Z
2021-07-09,VSN,23.63,23.9,23.54,23.54,10700,KBS,2026-10-09T05:36:26Z
2021-07-12,VSN,23.81,23.81,23.36,23.36,3700,KBS,2026-10-09T05:36:26Z
2021-07-13,VSN,23.81,23.81,23.72,23.72,700,KBS,2026-10-09T05:36:26Z
2021-07-16,VSN,23.72,23.72,23.63,23.63,2500,KBS,2026-10-09T05:36:26Z
2021-07-19,VSN,23.63,23.63,23.09,23.09,2000,KBS,2026-10-09T05:36:26Z
2021-07-20,VSN,23.09,23.63,23.09,23.63,700,KBS,2026-10-09T05:36:26Z
2021-07-21,VSN,23.54,23.54,23.54,23.54,1005,KBS,2026-10-09T05:36:26Z
2021-07-22,VSN,23.54,23.72,23.54,23.54,1600,KBS,2026-10-09T05:36:26Z
2021-07-23,VSN,23.72,24.45,23.54,23.54,11500,KBS,2026-10-09T05:36:26Z
2021-07-26,VSN,23.81,23.81,23.54,23.54,1800,KBS,2026-10-09T05:36:26Z
2021-07-28,VSN,23.45,23.54,23.09,23.36,14000,KBS,2026-10-09T05:36:26Z
2021-07-29,VSN,23.54,23.9,23.54,23.81,4500,KBS,2026-10-09T05:36:26Z
2021-07-30,VSN,23.81,24.27,23.72,24.27,8400,KBS,2026-10-09T05:36:26Z
2021-08-02,VSN,24.27,24.54,24.0,24.54,7400,KBS,2026-10-09T05:36:26Z
2021-08-03,VSN,24.18,24.18,22.18,22.64,109800,KBS,2026-10-09T05:36:26Z
2021-08-04,VSN,23.0,23.9,23.0,23.54,2800,KBS,2026-10-09T05:36:26Z
2021-08-05,VSN,23.45,23.9,23.45,23.9,3800,KBS,2026-10-09T05:36:26Z
2021-08-06,VSN,23.36,23.54,23.0,23.09,18200,KBS,2026-10-09T05:36:26Z
2021-08-09,VSN,23.09,24.0,23.09,24.0,15600,KBS,2026-10-09T05:36:26Z
2021-08-10,VSN,23.54,24.0,23.54,24.0,6000,KBS,2026-10-09T05:36:26Z
2021-08-11,VSN,23.54,24.27,23.54,24.18,28127,KBS,2026-10-09T05:36:26Z
2021-08-12,VSN,24.0,24.08,23.63,24.0,14200,KBS,2026-10-09T05:36:26Z
2021-08-13,VSN,23.9,23.9,23.72,23.72,2200,KBS,2026-10-09T05:36:26Z
2021-08-16,VSN,23.63,23.72,23.63,23.63,5900,KBS,2026-10-09T05:36:26Z
2021-08-17,VSN,23.72,23.9,23.72,23.9,20000,KBS,2026-10-09T05:36:26Z
2021-08-18,VSN,23.9,24.18,23.9,24.18,11300,KBS,2026-10-09T05:36:26Z
2021-08-19,VSN,24.0,26.98,24.0,26.26,22866,KBS,2026-10-09T05:36:26Z
2021-08-20,VSN,24.99,26.26,24.9,26.17,23400,KBS,2026-10-09T05:36:26Z
2021-08-23,VSN,25.8,26.17,25.26,25.26,14901,KBS,2026-10-09T05:36:26Z
2021-08-24,VSN,24.08,26.17,24.08,24.9,6716,KBS,2026-10-09T05:36:26Z
2021-08-25,VSN,25.53,25.53,24.45,25.26,24800,KBS,2026-10-09T05:36:26Z
2021-08-26,VSN,26.35,26.35,25.08,25.08,10400,KBS,2026-10-09T05:36:26Z
2021-08-27,VSN,24.99,25.44,24.99,25.17,15900,KBS,2026-10-09T05:36:26Z
2021-08-30,VSN,25.17,26.35,25.17,26.08,42360,KBS,2026-10-09T05:36:26Z
2021-08-31,VSN,26.98,26.98,26.17,26.62,13400,KBS,2026-10-09T05:36:26Z
2021-09-01,VSN,26.62,27.16,26.62,26.89,16900,KBS,2026-10-09T05:36:26Z
2021-09-06,VSN,26.98,29.88,26.98,28.97,39400,KBS,2026-10-09T05:36:26Z
2021-09-07,VSN,29.06,29.88,28.43,28.43,12600,KBS,2026-10-09T05:36:26Z
2021-09-08,VSN,28.25,28.25,27.16,28.07,11120,KBS,2026-10-09T05:36:26Z
2021-09-09,VSN,27.44,29.88,27.16,29.88,57246,KBS,2026-10-09T05:36:26Z
2021-09-10,VSN,29.43,29.79,28.7,28.97,6337,KBS,2026-10-09T05:36:26Z
2021-09-13,VSN,29.34,31.69,28.97,29.88,26030,KBS,2026-10-09T05:36:26Z
2021-09-14,VSN,29.79,29.97,29.79,29.97,5522,KBS,2026-10-09T05:36:26Z
2021-09-15,VSN,29.88,30.78,29.43,29.88,8515,KBS,2026-10-09T05:36:26Z
2021-09-16,VSN,29.97,30.42,29.25,29.25,15333,KBS,2026-10-09T05:36:26Z
2021-09-17,VSN,29.61,29.88,28.07,28.97,35705,KBS,2026-10-09T05:36:26Z
2021-09-20,VSN,28.61,28.61,27.98,28.34,4827,KBS,2026-10-09T05:36:26Z
2021-09-21,VSN,28.34,28.34,28.07,28.34,3300,KBS,2026-10-09T05:36:26Z
2021-09-22,VSN,29.79,29.88,29.43,29.79,700,KBS,2026-10-09T05:36:26Z
2021-09-23,VSN,29.43,29.43,28.25,28.43,12700,KBS,2026-10-09T05:36:26Z
2021-09-24,VSN,29.79,29.79,28.43,28.52,1800,KBS,2026-10-09T05:36:26Z
2021-09-27,VSN,28.7,28.7,26.98,26.98,4200,KBS,2026-10-09T05:36:26Z
2021-09-28,VSN,27.16,29.88,25.9,29.88,4500,KBS,2026-10-09T05:36:26Z
2021-09-29,VSN,27.62,28.07,27.16,27.16,4710,KBS,2026-10-09T05:36:26Z
2021-09-30,VSN,27.71,28.52,27.62,27.62,1400,KBS,2026-10-09T05:36:26Z
2021-10-01,VSN,27.16,27.62,27.16,27.62,2420,KBS,2026-10-09T05:36:26Z
2021-10-04,VSN,27.62,27.71,27.62,27.71,1230,KBS,2026-10-09T05:36:26Z
2021-10-05,VSN,27.62,27.62,27.62,27.62,1600,KBS,2026-10-09T05:36:26Z
2021-10-06,VSN,27.62,27.62,27.16,27.16,2000,KBS,2026-10-09T05:36:26Z
2021-10-07,VSN,27.16,27.16,27.16,27.16,500,KBS,2026-10-09T05:36:26Z
2021-10-08,VSN,28.07,28.07,27.16,27.16,3500,KBS,2026-10-09T05:36:26Z
2021-10-11,VSN,27.62,27.62,27.44,27.44,400,KBS,2026-10-09T05:36:26Z
2021-10-12,VSN,27.44,27.44,26.71,26.71,10400,KBS,2026-10-09T05:36:26Z
2021-10-13,VSN,26.8,26.8,26.71,26.71,1701,KBS,2026-10-09T05:36:26Z
2021-10-14,VSN,26.71,26.71,26.71,26.71,206,KBS,2026-10-09T05:36:26Z
2021-10-15,VSN,27.89,27.89,27.16,27.62,9000,KBS,2026-10-09T05:36:26Z
2021-10-18,VSN,27.62,28.07,27.44,28.07,7900,KBS,2026-10-09T05:36:26Z
2021-10-19,VSN,27.62,28.07,27.62,27.89,13700,KBS,2026-10-09T05:36:26Z
2021-10-20,VSN,27.98,27.98,27.62,27.62,9700,KBS,2026-10-09T05:36:26Z
2021-10-21,VSN,27.8,27.8,27.71,27.8,6620,KBS,2026-10-09T05:36:26Z
2021-10-22,VSN,27.71,27.71,27.71,27.71,300,KBS,2026-10-09T05:36:26Z
2021-10-25,VSN,28.97,28.97,28.7,28.7,300,KBS,2026-10-09T05:36:26Z
2021-10-26,VSN,27.62,28.52,27.62,28.52,1000,KBS,2026-10-09T05:36:26Z
2021-10-27,VSN,28.25,28.25,28.25,28.25,110,KBS,2026-10-09T05:36:26Z
2021-10-28,VSN,26.8,28.25,26.8,27.62,14500,KBS,2026-10-09T05:36:26Z
2021-10-29,VSN,28.25,28.97,28.16,28.25,4705,KBS,2026-10-09T05:36:26Z
2021-11-01,VSN,28.25,29.88,28.25,29.43,6410,KBS,2026-10-09T05:36:26Z
2021-11-02,VSN,29.06,29.06,28.88,28.88,8003,KBS,2026-10-09T05:36:26Z
2021-11-03,VSN,28.97,28.97,27.98,28.97,2500,KBS,2026-10-09T05:36:26Z
2021-11-04,VSN,28.61,28.61,27.25,28.07,1900,KBS,2026-10-09T05:36:26Z
2021-11-05,VSN,28.07,29.43,28.07,28.16,2200,KBS,2026-10-09T05:36:26Z
2021-11-08,VSN,29.43,29.43,28.52,28.52,807,KBS,2026-10-09T05:36:26Z
2021-11-09,VSN,29.16,29.43,28.61,28.97,7300,KBS,2026-10-09T05:36:26Z
2021-11-10,VSN,28.97,29.06,28.79,28.79,3510,KBS,2026-10-09T05:36:26Z
2021-11-11,VSN,28.61,29.34,28.61,28.61,3100,KBS,2026-10-09T05:36:26Z
2021-11-12,VSN,27.25,28.07,27.25,28.07,5100,KBS,2026-10-09T05:36:26Z
2021-11-15,VSN,28.07,28.52,28.07,28.25,2400,KBS,2026-10-09T05:36:26Z
2021-11-16,VSN,28.25,28.25,27.89,28.07,11300,KBS,2026-10-09T05:36:26Z
2021-11-17,VSN,28.88,28.88,28.16,28.16,8124,KBS,2026-10-09T05:36:26Z
2021-11-18,VSN,28.7,28.97,28.7,28.97,9300,KBS,2026-10-09T05:36:26Z
2021-11-19,VSN,28.88,28.97,28.07,28.07,2700,KBS,2026-10-09T05:36:26Z
2021-11-22,VSN,28.34,28.97,28.07,28.07,800,KBS,2026-10-09T05:36:26Z
2021-11-23,VSN,28.07,28.25,28.07,28.07,6500,KBS,2026-10-09T05:36:26Z
2021-11-24,VSN,28.88,28.97,28.88,28.97,5119,KBS,2026-10-09T05:36:26Z
2021-11-25,VSN,28.61,28.97,28.61,28.97,2211,KBS,2026-10-09T05:36:26Z
2021-11-26,VSN,28.88,28.88,28.88,28.88,100,KBS,2026-10-09T05:36:26Z
2021-11-29,VSN,27.25,27.62,27.25,27.34,3100,KBS,2026-10-09T05:36:26Z
2021-11-30,VSN,28.34,28.34,28.16,28.34,4202,KBS,2026-10-09T05:36:26Z
2021-12-01,VSN,28.97,32.42,28.97,32.42,20775,KBS,2026-10-09T05:36:26Z
2021-12-02,VSN,34.41,36.13,34.41,36.13,13626,KBS,2026-10-09T05:36:26Z
2021-12-03,VSN,40.2,41.11,30.51,33.23,112162,KBS,2026-10-09T05:36:26Z
2021-12-06,VSN,29.61,35.31,29.61,31.6,44824,KBS,2026-10-09T05:36:26Z
2021-12-07,VSN,35.31,35.31,32.6,33.5,1900,KBS,2026-10-09T05:36:26Z
2021-12-08,VSN,32.78,33.14,32.14,32.14,6815,KBS,2026-10-09T05:36:26Z
2021-12-09,VSN,31.69,32.78,31.42,32.78,11563,KBS,2026-10-09T05:36:26Z
2021-12-10,VSN,32.51,34.41,32.42,33.95,9400,KBS,2026-10-09T05:36:26Z
2021-12-13,VSN,37.03,37.03,34.14,35.31,21113,KBS,2026-10-09T05:36:26Z
2021-12-14,VSN,35.67,36.22,35.13,36.22,11300,KBS,2026-10-09T05:36:26Z
2021-12-15,VSN,34.41,36.49,34.41,36.22,9002,KBS,2026-10-09T05:36:26Z
2021-12-16,VSN,36.22,36.22,35.76,36.22,9601,KBS,2026-10-09T05:36:26Z
2021-12-17,VSN,36.31,38.03,35.76,36.22,11800,KBS,2026-10-09T05:36:26Z
2021-12-20,VSN,37.58,37.58,35.31,35.31,3500,KBS,2026-10-09T05:36:26Z
2021-12-21,VSN,35.67,35.67,33.05,34.68,27050,KBS,2026-10-09T05:36:26Z
2021-12-22,VSN,35.31,35.31,33.5,35.13,12000,KBS,2026-10-09T05:36:26Z
2021-12-23,VSN,35.31,35.31,32.6,35.22,8000,KBS,2026-10-09T05:36:26Z
2021-12-24,VSN,36.22,36.22,33.32,33.5,13400,KBS,2026-10-09T05:36:26Z
2021-12-27,VSN,33.5,36.13,33.5,34.77,563,KBS,2026-10-09T05:36:26Z
2021-12-28,VSN,35.95,35.95,32.6,32.69,29600,KBS,2026-10-09T05:36:26Z
2021-12-29,VSN,34.14,34.14,32.6,33.68,900,KBS,2026-10-09T05:36:26Z
2021-12-30,VSN,31.87,32.69,31.87,32.6,4200,KBS,2026-10-09T05:36:26Z
2021-12-31,VSN,32.42,34.14,32.33,34.14,8500,KBS,2026-10-09T05:36:26Z
2022-01-04,VSN,34.14,34.14,30.6,33.32,5200,KBS,2026-10-09T05:36:26Z
2022-01-05,VSN,33.23,33.23,31.69,31.69,1600,KBS,2026-10-09T05:36:26Z
2022-01-06,VSN,32.51,33.05,31.87,31.87,4200,KBS,2026-10-09T05:36:26Z
2022-01-07,VSN,33.86,33.86,32.6,32.6,1200,KBS,2026-10-09T05:36:26Z
2022-01-10,VSN,32.96,33.05,31.42,31.42,5200,KBS,2026-10-09T05:36:26Z
2022-01-11,VSN,31.69,32.51,30.88,32.23,3420,KBS,2026-10-09T05:36:26Z
2022-01-12,VSN,31.69,32.42,30.78,30.97,1709,KBS,2026-10-09T05:36:26Z
2022-01-13,VSN,30.97,31.24,30.33,30.33,4400,KBS,2026-10-09T05:36:26Z
2022-01-14,VSN,30.33,32.05,29.43,30.88,3300,KBS,2026-10-09T05:36:26Z
2022-01-17,VSN,30.88,31.24,30.78,30.78,3200,KBS,2026-10-09T05:36:26Z
2022-01-18,VSN,30.88,30.88,29.88,29.88,1011,KBS,2026-10-09T05:36:26Z
2022-01-19,VSN,27.16,34.86,27.16,30.78,1308,KBS,2026-10-09T05:36:26Z
2022-01-20,VSN,30.51,30.51,30.51,30.51,3400,KBS,2026-10-09T05:36:26Z
2022-01-21,VSN,30.6,30.6,30.51,30.51,1300,KBS,2026-10-09T05:36:26Z
2022-01-24,VSN,30.51,30.51,28.97,28.97,1600,KBS,2026-10-09T05:36:26Z
2022-01-25,VSN,29.52,30.78,29.52,30.78,700,KBS,2026-10-09T05:36:26Z
2022-01-26,VSN,30.24,30.24,30.24,30.24,700,KBS,2026-10-09T05:36:26Z
2022-01-27,VSN,31.51,31.51,31.51,31.51,100,KBS,2026-10-09T05:36:26Z
2022-01-28,VSN,29.88,31.69,29.88,31.69,14900,KBS,2026-10-09T05:36:26Z
2022-02-07,VSN,31.6,31.78,31.6,31.78,500,KBS,2026-10-09T05:36:26Z
2022-02-08,VSN,31.78,31.78,31.78,31.78,3100,KBS,2026-10-09T05:36:26Z
2022-02-10,VSN,31.78,31.78,31.78,31.78,400,KBS,2026-10-09T05:36:26Z
2022-02-11,VSN,31.69,31.69,31.6,31.6,800,KBS,2026-10-09T05:36:26Z
2022-02-17,VSN,31.6,31.6,29.88,31.6,5400,KBS,2026-10-09T05:36:26Z
2022-02-18,VSN,29.97,29.97,29.97,29.97,2500,KBS,2026-10-09T05:36:26Z
2022-02-21,VSN,30.15,30.33,30.15,30.33,1000,KBS,2026-10-09T05:36:26Z
2022-02-22,VSN,30.24,31.6,30.15,30.15,700,KBS,2026-10-09T05:36:26Z
2022-02-23,VSN,30.42,30.6,30.33,30.42,9300,KBS,2026-10-09T05:36:26Z
2022-02-24,VSN,30.33,30.33,29.88,29.88,5700,KBS,2026-10-09T05:36:26Z
2022-02-25,VSN,28.97,30.24,28.97,29.97,3500,KBS,2026-10-09T05:36:26Z
2022-02-28,VSN,27.25,30.78,27.25,30.78,1200,KBS,2026-10-09T05:36:26Z
2022-03-01,VSN,30.33,30.88,28.97,30.88,800,KBS,2026-10-09T05:36:26Z
2022-03-02,VSN,29.7,30.7,29.7,30.7,600,KBS,2026-10-09T05:36:26Z
2022-03-03,VSN,30.33,30.6,30.33,30.6,400,KBS,2026-10-09T05:36:26Z
2022-03-04,VSN,30.42,30.42,29.43,30.42,800,KBS,2026-10-09T05:36:26Z
2022-03-07,VSN,28.97,30.15,28.97,30.15,1100,KBS,2026-10-09T05:36:26Z
2022-03-08,VSN,30.06,30.06,30.06,30.06,400,KBS,2026-10-09T05:36:26Z
2022-03-09,VSN,31.69,31.69,31.06,31.06,2400,KBS,2026-10-09T05:36:26Z
2022-03-10,VSN,31.6,31.6,31.42,31.42,300,KBS,2026-10-09T05:36:26Z
2022-03-14,VSN,29.88,31.24,29.88,31.24,1900,KBS,2026-10-09T05:36:26Z
2022-03-15,VSN,28.97,30.7,28.97,30.7,1300,KBS,2026-10-09T05:36:26Z
2022-03-16,VSN,29.16,29.16,28.52,28.61,2700,KBS,2026-10-09T05:36:26Z
2022-03-17,VSN,30.42,30.42,30.42,30.42,100,KBS,2026-10-09T05:36:26Z
2022-03-18,VSN,30.42,30.78,30.42,30.78,4300,KBS,2026-10-09T05:36:26Z
2022-03-21,VSN,28.16,31.51,28.16,30.7,5800,KBS,2026-10-09T05:36:26Z
2022-03-22,VSN,30.15,30.78,28.79,28.79,1300,KBS,2026-10-09T05:36:26Z
2022-03-23,VSN,30.78,30.78,28.79,28.88,3300,KBS,2026-10-09T05:36:26Z
2022-03-24,VSN,28.97,29.43,28.61,28.97,4200,KBS,2026-10-09T05:36:26Z
2022-03-25,VSN,28.07,29.79,28.07,28.97,2400,KBS,2026-10-09T05:36:26Z
2022-03-28,VSN,28.7,29.43,28.7,28.97,2200,KBS,2026-10-09T05:36:26Z
2022-03-29,VSN,28.97,28.97,28.52,28.97,1100,KBS,2026-10-09T05:36:26Z
2022-03-30,VSN,28.79,29.43,28.79,29.34,4400,KBS,2026-10-09T05:36:26Z
2022-03-31,VSN,29.43,29.43,28.52,28.7,1700,KBS,2026-10-09T05:36:26Z
2022-04-01,VSN,28.52,28.52,28.52,28.52,1300,KBS,2026-10-09T05:36:26Z
2022-04-04,VSN,28.52,28.97,28.07,28.97,2700,KBS,2026-10-09T05:36:26Z
2022-04-05,VSN,28.97,28.97,28.97,28.97,400,KBS,2026-10-09T05:36:26Z
2022-04-06,VSN,28.7,28.7,28.07,28.52,2400,KBS,2026-10-09T05:36:26Z
2022-04-07,VSN,28.52,28.79,28.52,28.52,2000,KBS,2026-10-09T05:36:26Z
2022-04-08,VSN,28.97,29.43,28.97,29.43,1300,KBS,2026-10-09T05:36:26Z
2022-04-13,VSN,29.06,29.43,28.52,28.52,1200,KBS,2026-10-09T05:36:26Z
2022-04-14,VSN,29.16,29.16,29.16,29.16,100,KBS,2026-10-09T05:36:26Z
2022-04-15,VSN,25.44,27.25,25.44,27.25,300,KBS,2026-10-09T05:36:26Z
2022-04-18,VSN,28.07,28.07,28.07,28.07,1700,KBS,2026-10-09T05:36:26Z
2022-04-19,VSN,28.25,28.25,27.89,27.98,1400,KBS,2026-10-09T05:36:26Z
2022-04-20,VSN,27.98,28.16,27.98,27.98,3200,KBS,2026-10-09T05:36:26Z
2022-04-21,VSN,28.07,28.07,26.8,26.8,1500,KBS,2026-10-09T05:36:26Z
2022-04-22,VSN,30.7,30.7,27.16,27.16,1500,KBS,2026-10-09T05:36:26Z
2022-04-25,VSN,27.25,27.25,27.25,27.25,600,KBS,2026-10-09T05:36:26Z
2022-04-26,VSN,27.16,27.16,27.16,27.16,226,KBS,2026-10-09T05:36:26Z
2022-04-27,VSN,27.16,27.16,26.26,26.26,1900,KBS,2026-10-09T05:36:26Z
2022-04-28,VSN,27.07,27.07,27.07,27.07,100,KBS,2026-10-09T05:36:26Z
2022-04-29,VSN,27.16,28.07,27.16,28.07,200,KBS,2026-10-09T05:36:26Z
2022-05-05,VSN,27.62,27.62,27.16,27.25,400,KBS,2026-10-09T05:36:26Z
2022-05-06,VSN,26.26,26.26,25.8,25.8,1000,KBS,2026-10-09T05:36:26Z
2022-05-09,VSN,23.54,23.54,22.27,22.64,3000,KBS,2026-10-09T05:36:26Z
2022-05-10,VSN,22.64,25.99,22.64,25.99,1330,KBS,2026-10-09T05:36:26Z
2022-05-11,VSN,27.44,27.44,27.44,27.44,100,KBS,2026-10-09T05:36:26Z
2022-05-12,VSN,29.79,29.79,23.36,23.36,3100,KBS,2026-10-09T05:36:26Z
2022-05-13,VSN,26.62,26.62,22.64,22.64,1100,KBS,2026-10-09T05:36:26Z
2022-05-16,VSN,23.09,26.17,22.82,26.17,600,KBS,2026-10-09T05:36:26Z
2022-05-17,VSN,22.64,25.72,22.64,23.54,1300,KBS,2026-10-09T05:36:26Z
2022-05-18,VSN,25.26,25.35,25.26,25.35,2900,KBS,2026-10-09T05:36:26Z
2022-05-19,VSN,26.8,26.8,26.8,26.8,100,KBS,2026-10-09T05:36:26Z
2022-05-20,VSN,26.62,26.98,26.62,26.98,500,KBS,2026-10-09T05:36:26Z
2022-05-23,VSN,29.88,29.88,29.88,29.88,100,KBS,2026-10-09T05:36:26Z
2022-05-25,VSN,26.26,26.26,26.17,26.17,1600,KBS,2026-10-09T05:36:26Z
2022-05-26,VSN,26.98,26.98,26.98,26.98,100,KBS,2026-10-09T05:36:26Z
2022-05-27,VSN,23.81,23.81,23.72,23.72,400,KBS,2026-10-09T05:36:26Z
2022-05-30,VSN,24.0,26.26,24.0,26.17,3102,KBS,2026-10-09T05:36:26Z
2022-05-31,VSN,24.54,24.9,24.45,24.45,3200,KBS,2026-10-09T05:36:26Z
2022-06-01,VSN,27.16,28.07,27.16,28.07,225,KBS,2026-10-09T05:36:26Z
2022-06-02,VSN,25.35,25.35,24.08,24.08,7300,KBS,2026-10-09T05:36:26Z
2022-06-03,VSN,24.08,24.36,24.0,24.36,2400,KBS,2026-10-09T05:36:26Z
2022-06-06,VSN,23.54,24.45,23.54,24.45,4800,KBS,2026-10-09T05:36:26Z
2022-06-07,VSN,23.54,23.54,21.37,23.09,2600,KBS,2026-10-09T05:36:26Z
2022-06-08,VSN,23.54,24.36,23.09,24.36,2000,KBS,2026-10-09T05:36:26Z
2022-06-09,VSN,22.64,22.64,22.64,22.64,100,KBS,2026-10-09T05:36:26Z
2022-06-10,VSN,24.08,24.45,24.08,24.45,2800,KBS,2026-10-09T05:36:26Z
2022-06-14,VSN,23.09,23.09,23.09,23.09,200,KBS,2026-10-09T05:36:26Z
2022-06-15,VSN,21.73,25.35,21.73,25.35,200,KBS,2026-10-09T05:36:26Z
2022-06-16,VSN,23.54,23.81,23.54,23.81,700,KBS,2026-10-09T05:36:26Z
2022-06-20,VSN,21.28,24.27,21.28,24.27,200,KBS,2026-10-09T05:36:26Z
2022-06-21,VSN,22.64,23.09,22.64,22.64,700,KBS,2026-10-09T05:36:26Z
2022-06-27,VSN,22.64,22.64,22.64,22.64,3000,KBS,2026-10-09T05:36:26Z
2022-06-28,VSN,22.91,23.09,22.64,22.64,300,KBS,2026-10-09T05:36:26Z
2022-07-01,VSN,20.37,24.99,20.37,24.99,800,KBS,2026-10-09T05:36:26Z
2022-07-04,VSN,20.82,20.82,20.37,20.37,18402,KBS,2026-10-09T05:36:26Z
2022-07-05,VSN,20.46,20.46,20.37,20.37,300,KBS,2026-10-09T05:36:26Z
2022-07-06,VSN,20.82,20.82,20.82,20.82,100,KBS,2026-10-09T05:36:26Z
2022-07-11,VSN,23.81,23.81,23.81,23.81,100,KBS,2026-10-09T05:36:26Z
2022-07-12,VSN,23.54,23.72,22.64,22.64,300,KBS,2026-10-09T05:36:26Z
2022-07-20,VSN,23.27,23.27,23.27,23.27,900,KBS,2026-10-09T05:36:26Z
2022-07-21,VSN,23.27,23.27,23.27,23.27,5,KBS,2026-10-09T05:36:26Z
2022-07-22,VSN,20.82,20.82,20.82,20.82,100,KBS,2026-10-09T05:36:26Z
2022-07-25,VSN,22.55,22.55,22.55,22.55,200,KBS,2026-10-09T05:36:26Z
2022-07-29,VSN,22.64,22.64,22.64,22.64,100,KBS,2026-10-09T05:36:26Z
2022-08-01,VSN,23.09,23.09,22.64,22.64,500,KBS,2026-10-09T05:36:26Z
2022-08-04,VSN,21.01,21.01,21.01,21.01,100,KBS,2026-10-09T05:36:26Z
2022-08-08,VSN,22.64,22.64,22.64,22.64,400,KBS,2026-10-09T05:36:26Z
2022-08-09,VSN,23.09,23.09,23.09,23.09,302,KBS,2026-10-09T05:36:26Z
2022-08-10,VSN,23.09,23.09,23.09,23.09,200,KBS,2026-10-09T05:36:26Z
2022-08-11,VSN,23.09,23.09,23.09,23.09,400,KBS,2026-10-09T05:36:26Z
2022-08-15,VSN,20.37,23.54,20.37,23.54,2300,KBS,2026-10-09T05:36:26Z
2022-08-17,VSN,23.09,23.09,23.09,23.09,300,KBS,2026-10-09T05:36:26Z
2022-08-18,VSN,23.09,23.18,23.09,23.09,900,KBS,2026-10-09T05:36:26Z
2022-08-19,VSN,24.45,24.45,24.45,24.45,3000,KBS,2026-10-09T05:36:26Z
2022-08-22,VSN,24.45,24.45,24.45,24.45,1600,KBS,2026-10-09T05:36:26Z
2022-08-23,VSN,24.45,24.45,24.45,24.45,100,KBS,2026-10-09T05:36:26Z
2022-08-24,VSN,24.45,24.9,23.63,24.9,1105,KBS,2026-10-09T05:36:26Z
2022-08-25,VSN,24.9,25.26,24.9,25.26,600,KBS,2026-10-09T05:36:26Z
2022-08-26,VSN,25.08,25.08,25.08,25.08,200,KBS,2026-10-09T05:36:26Z
2022-08-31,VSN,24.99,24.99,24.99,24.99,1700,KBS,2026-10-09T05:36:26Z
2022-09-07,VSN,24.45,24.45,24.45,24.45,100,KBS,2026-10-09T05:36:26Z
2022-09-14,VSN,20.92,24.36,20.92,24.36,603,KBS,2026-10-09T05:36:26Z
2022-09-15,VSN,24.36,24.36,24.18,24.18,200,KBS,2026-10-09T05:36:26Z
2022-09-20,VSN,24.27,24.27,24.27,24.27,400,KBS,2026-10-09T05:36:26Z
2022-09-21,VSN,24.18,24.18,24.08,24.18,1300,KBS,2026-10-09T05:36:26Z
2022-09-22,VSN,24.18,24.18,24.18,24.18,400,KBS,2026-10-09T05:36:26Z
2022-09-27,VSN,24.18,24.18,24.18,24.18,300,KBS,2026-10-09T05:36:26Z
2022-09-28,VSN,23.54,23.54,22.64,22.64,4300,KBS,2026-10-09T05:36:26Z
2022-09-30,VSN,23.9,23.9,23.9,23.9,600,KBS,2026-10-09T05:36:26Z
2022-10-04,VSN,23.9,23.9,23.9,23.9,18,KBS,2026-10-09T05:36:26Z
2022-10-05,VSN,20.82,24.27,20.82,24.27,300,KBS,2026-10-09T05:36:26Z
2022-10-07,VSN,23.09,23.09,23.09,23.09,200,KBS,2026-10-09T05:36:26Z
2022-10-12,VSN,23.18,23.54,22.64,22.64,1500,KBS,2026-10-09T05:36:26Z
2022-10-13,VSN,22.64,22.64,22.64,22.64,300,KBS,2026-10-09T05:36:26Z
2022-10-19,VSN,23.54,23.54,22.64,22.73,800,KBS,2026-10-09T05:36:26Z
2022-10-21,VSN,22.82,22.82,22.82,22.82,100,KBS,2026-10-09T05:36:26Z
2022-10-24,VSN,22.64,22.64,22.64,22.64,100,KBS,2026-10-09T05:36:26Z
2022-10-25,VSN,22.64,22.64,22.64,22.64,600,KBS,2026-10-09T05:36:26Z
2022-10-27,VSN,23.09,23.09,22.64,22.64,200,KBS,2026-10-09T05:36:26Z
2022-10-31,VSN,23.45,23.45,23.45,23.45,200,KBS,2026-10-09T05:36:26Z
2022-11-01,VSN,23.54,24.0,20.01,24.0,1700,KBS,2026-10-09T05:36:26Z
2022-11-04,VSN,21.64,21.64,20.82,21.28,800,KBS,2026-10-09T05:36:26Z
2022-11-08,VSN,20.82,20.82,20.82,20.82,200,KBS,2026-10-09T05:36:26Z
2022-11-10,VSN,22.18,22.18,22.18,22.18,110,KBS,2026-10-09T05:36:26Z
2022-11-11,VSN,23.45,23.45,23.0,23.0,3408,KBS,2026-10-09T05:36:26Z
2022-11-14,VSN,22.64,22.64,21.73,22.27,300,KBS,2026-10-09T05:36:26Z
2022-11-15,VSN,21.73,21.73,19.92,19.92,500,KBS,2026-10-09T05:36:26Z
2022-11-17,VSN,22.55,22.55,22.55,22.55,100,KBS,2026-10-09T05:36:26Z
2022-11-21,VSN,23.54,23.54,23.54,23.54,100,KBS,2026-10-09T05:36:26Z
2022-11-23,VSN,23.54,23.54,23.54,23.54,100,KBS,2026-10-09T05:36:26Z
2022-11-30,VSN,23.72,23.72,23.72,23.72,100,KBS,2026-10-09T05:36:26Z
2022-12-01,VSN,23.54,23.54,23.54,23.54,600,KBS,2026-10-09T05:36:26Z
2022-12-02,VSN,24.45,24.45,24.45,24.45,308,KBS,2026-10-09T05:36:26Z
2022-12-05,VSN,27.16,27.16,25.17,25.17,700,KBS,2026-10-09T05:36:26Z
2022-12-06,VSN,29.88,29.88,22.64,23.54,4910,KBS,2026-10-09T05:36:26Z
2022-12-08,VSN,25.35,27.16,25.35,25.72,2502,KBS,2026-10-09T05:36:26Z
2022-12-09,VSN,27.62,28.07,22.64,22.64,1500,KBS,2026-10-09T05:36:26Z
2022-12-12,VSN,26.98,27.98,26.98,27.98,2000,KBS,2026-10-09T05:36:26Z
2022-12-13,VSN,26.17,26.26,26.17,26.26,1400,KBS,2026-10-09T05:36:26Z
2022-12-14,VSN,25.35,25.35,22.64,22.64,2400,KBS,2026-10-09T05:36:26Z
2022-12-15,VSN,21.82,25.35,21.28,25.35,1500,KBS,2026-10-09T05:36:26Z
2022-12-19,VSN,24.81,24.81,21.73,21.73,2000,KBS,2026-10-09T05:36:26Z
2022-12-23,VSN,19.92,19.92,19.92,19.92,900,KBS,2026-10-09T05:36:26Z
2022-12-28,VSN,20.01,20.01,19.56,19.56,800,KBS,2026-10-09T05:36:26Z
2022-12-29,VSN,20.82,20.82,20.82,20.82,100,KBS,2026-10-09T05:36:26Z
2023-01-03,VSN,21.28,23.45,21.28,23.45,1000,KBS,2026-10-09T05:36:26Z
2023-01-04,VSN,21.01,21.82,20.92,21.82,700,KBS,2026-10-09T05:36:26Z
2023-01-05,VSN,21.37,21.37,21.37,21.37,700,KBS,2026-10-09T05:36:26Z
2023-01-09,VSN,21.73,21.73,21.73,21.73,200,KBS,2026-10-09T05:36:26Z
2023-01-11,VSN,20.46,20.46,20.46,20.46,100,KBS,2026-10-09T05:36:26Z
2023-01-12,VSN,20.46,20.46,20.46,20.46,1400,KBS,2026-10-09T05:36:26Z
2023-01-13,VSN,20.46,20.46,20.46,20.46,100,KBS,2026-10-09T05:36:26Z
2023-01-16,VSN,22.55,23.45,22.55,23.45,1000,KBS,2026-10-09T05:36:26Z
2023-01-18,VSN,21.73,23.54,21.73,23.45,2800,KBS,2026-10-09T05:36:26Z
2023-01-31,VSN,19.92,19.92,19.92,19.92,1500,KBS,2026-10-09T05:36:26Z
2023-02-01,VSN,22.64,22.64,22.64,22.64,100,KBS,2026-10-09T05:36:26Z
2023-02-06,VSN,22.18,22.18,22.18,22.18,110,KBS,2026-10-09T05:36:26Z
2023-02-07,VSN,22.18,22.18,20.92,20.92,500,KBS,2026-10-09T05:36:26Z
2023-02-08,VSN,21.37,21.37,21.28,21.28,1000,KBS,2026-10-09T05:36:26Z
2023-02-09,VSN,21.73,22.55,19.83,22.55,2100,KBS,2026-10-09T05:36:26Z
2023-02-10,VSN,22.64,22.64,22.64,22.64,101,KBS,2026-10-09T05:36:26Z
2023-02-14,VSN,22.36,22.36,22.36,22.36,100,KBS,2026-10-09T05:36:26Z
2023-02-15,VSN,22.36,22.36,22.36,22.36,200,KBS,2026-10-09T05:36:26Z
2023-02-16,VSN,22.36,22.36,22.18,22.18,600,KBS,2026-10-09T05:36:26Z
2023-02-20,VSN,22.64,22.64,22.64,22.64,102,KBS,2026-10-09T05:36:26Z
2023-02-21,VSN,22.55,22.55,22.18,22.18,600,KBS,2026-10-09T05:36:26Z
2023-02-23,VSN,20.82,20.82,20.82,20.82,1100,KBS,2026-10-09T05:36:26Z
2023-02-27,VSN,20.82,20.82,20.82,20.82,500,KBS,2026-10-09T05:36:26Z
2023-03-02,VSN,20.82,20.82,20.82,20.82,100,KBS,2026-10-09T05:36:26Z
2023-03-03,VSN,20.82,20.82,20.82,20.82,500,KBS,2026-10-09T05:36:26Z
2023-03-08,VSN,20.82,20.82,20.82,20.82,200,KBS,2026-10-09T05:36:26Z
2023-03-14,VSN,23.9,23.9,20.82,20.82,300,KBS,2026-10-09T05:36:26Z
2023-03-15,VSN,22.18,22.18,22.18,22.18,800,KBS,2026-10-09T05:36:26Z
2023-03-21,VSN,22.09,22.09,22.09,22.09,100,KBS,2026-10-09T05:36:26Z
2023-03-22,VSN,21.64,21.64,21.64,21.64,110,KBS,2026-10-09T05:36:26Z
2023-03-23,VSN,20.82,21.28,20.82,21.28,910,KBS,2026-10-09T05:36:26Z
2023-03-27,VSN,21.73,21.73,21.73,21.73,200,KBS,2026-10-09T05:36:26Z
2023-04-03,VSN,22.64,22.64,22.64,22.64,302,KBS,2026-10-09T05:36:26Z
2023-04-04,VSN,22.55,22.55,22.55,22.55,100,KBS,2026-10-09T05:36:26Z
2023-04-06,VSN,19.92,19.92,19.47,19.47,14500,KBS,2026-10-09T05:36:26Z
2023-04-07,VSN,22.18,22.18,19.65,19.92,900,KBS,2026-10-09T05:36:26Z
2023-04-10,VSN,20.82,20.82,20.1,20.1,900,KBS,2026-10-09T05:36:26Z
2023-04-11,VSN,21.37,21.37,21.37,21.37,100,KBS,2026-10-09T05:36:26Z
2023-04-13,VSN,21.64,21.64,21.64,21.64,202,KBS,2026-10-09T05:36:26Z
2023-04-14,VSN,21.64,21.64,21.64,21.64,100,KBS,2026-10-09T05:36:26Z
2023-04-21,VSN,21.64,21.64,21.64,21.64,300,KBS,2026-10-09T05:36:26Z
2023-04-26,VSN,21.64,21.64,21.64,21.64,600,KBS,2026-10-09T05:36:26Z
2023-05-05,VSN,18.56,18.56,18.56,18.56,100,KBS,2026-10-09T05:36:26Z
2023-05-10,VSN,19.02,19.02,19.02,19.02,900,KBS,2026-10-09T05:36:26Z
2023-05-15,VSN,19.02,19.02,19.02,19.02,2,KBS,2026-10-09T05:36:26Z
2023-05-16,VSN,19.1,19.2,19.02,19.2,4208,KBS,2026-10-09T05:36:26Z
2023-05-19,VSN,19.02,21.73,19.02,21.73,600,KBS,2026-10-09T05:36:26Z
2023-05-22,VSN,19.56,19.56,19.47,19.56,700,KBS,2026-10-09T05:36:26Z
2023-05-30,VSN,19.56,19.56,19.56,19.56,200,KBS,2026-10-09T05:36:26Z
2023-05-31,VSN,19.92,19.92,19.92,19.92,100,KBS,2026-10-09T05:36:26Z
2023-06-01,VSN,18.11,21.64,18.11,20.64,900,KBS,2026-10-09T05:36:26Z
2023-06-02,VSN,19.92,19.92,19.92,19.92,2200,KBS,2026-10-09T05:36:26Z
2023-06-08,VSN,19.92,20.46,19.92,20.46,1000,KBS,2026-10-09T05:36:26Z
2023-06-09,VSN,20.1,20.1,20.1,20.1,500,KBS,2026-10-09T05:36:26Z
2023-06-12,VSN,19.92,19.92,19.92,19.92,100,KBS,2026-10-09T05:36:26Z
2023-06-13,VSN,19.92,19.92,19.92,19.92,2600,KBS,2026-10-09T05:36:26Z
2023-06-15,VSN,17.29,19.02,17.29,19.02,1200,KBS,2026-10-09T05:36:26Z
2023-06-16,VSN,18.11,19.02,18.11,19.02,1710,KBS,2026-10-09T05:36:26Z
2023-06-19,VSN,18.92,19.02,18.92,19.02,3500,KBS,2026-10-09T05:36:26Z
2023-06-20,VSN,18.92,19.02,18.11,18.11,3100,KBS,2026-10-09T05:36:26Z
2023-06-21,VSN,19.02,19.02,18.92,18.92,600,KBS,2026-10-09T05:36:26Z
2023-06-23,VSN,18.92,18.92,18.11,18.11,1200,KBS,2026-10-09T05:36:26Z
2023-06-26,VSN,18.2,18.2,18.2,18.2,2500,KBS,2026-10-09T05:36:26Z
2023-06-27,VSN,18.2,19.47,17.66,17.66,4400,KBS,2026-10-09T05:36:26Z
2023-06-28,VSN,18.11,18.11,18.11,18.11,1500,KBS,2026-10-09T05:36:26Z
2023-06-29,VSN,18.11,18.11,18.11,18.11,200,KBS,2026-10-09T05:36:26Z
2023-06-30,VSN,18.56,18.56,18.56,18.56,100,KBS,2026-10-09T05:36:26Z
2023-07-03,VSN,18.92,18.92,18.02,18.11,12500,KBS,2026-10-09T05:36:26Z
2023-07-04,VSN,18.11,18.11,18.02,18.11,10400,KBS,2026-10-09T05:36:26Z
2023-07-05,VSN,18.11,18.11,18.11,18.11,26600,KBS,2026-10-09T05:36:26Z
2023-07-06,VSN,18.11,19.92,17.84,18.11,6900,KBS,2026-10-09T05:36:26Z
2023-07-07,VSN,18.11,18.11,17.84,18.02,1900,KBS,2026-10-09T05:36:26Z
2023-07-10,VSN,18.02,18.11,17.84,18.11,7300,KBS,2026-10-09T05:36:26Z
2023-07-11,VSN,17.93,18.11,17.93,18.11,500,KBS,2026-10-09T05:36:26Z
2023-07-12,VSN,18.11,19.02,17.66,19.02,14506,KBS,2026-10-09T05:36:26Z
2023-07-13,VSN,17.66,18.56,17.66,18.56,6400,KBS,2026-10-09T05:36:26Z
2023-07-14,VSN,19.47,19.47,17.93,18.11,1300,KBS,2026-10-09T05:36:26Z
2023-07-17,VSN,18.11,18.56,18.11,18.56,800,KBS,2026-10-09T05:36:26Z
2023-07-18,VSN,18.56,18.56,18.11,18.11,6200,KBS,2026-10-09T05:36:26Z
2023-07-19,VSN,18.11,18.47,17.93,18.47,1100,KBS,2026-10-09T05:36:26Z
2023-07-20,VSN,18.65,18.65,18.02,18.47,2200,KBS,2026-10-09T05:36:26Z
2023-07-21,VSN,18.74,19.02,18.56,19.02,1720,KBS,2026-10-09T05:36:26Z
2023-07-24,VSN,19.02,19.02,18.47,18.74,4100,KBS,2026-10-09T05:36:26Z
2023-07-25,VSN,18.29,18.83,18.11,18.74,4700,KBS,2026-10-09T05:36:26Z
2023-07-26,VSN,18.29,18.92,17.93,18.56,2501,KBS,2026-10-09T05:36:26Z
2023-07-27,VSN,18.11,18.92,17.75,18.92,7100,KBS,2026-10-09T05:36:26Z
2023-07-28,VSN,18.2,18.2,18.2,18.2,200,KBS,2026-10-09T05:36:26Z
2023-07-31,VSN,17.84,18.47,17.66,18.38,18000,KBS,2026-10-09T05:36:26Z
2023-08-01,VSN,17.75,18.29,17.75,18.29,2200,KBS,2026-10-09T05:36:26Z
2023-08-02,VSN,18.02,18.65,18.02,18.65,22400,KBS,2026-10-09T05:36:26Z
2023-08-03,VSN,18.83,18.83,18.56,18.56,300,KBS,2026-10-09T05:36:26Z
2023-08-04,VSN,17.93,18.38,17.93,18.38,500,KBS,2026-10-09T05:36:26Z
2023-08-07,VSN,18.29,18.38,18.29,18.38,7200,KBS,2026-10-09T05:36:26Z
2023-08-08,VSN,18.38,18.38,18.38,18.38,100,KBS,2026-10-09T05:36:26Z
2023-08-09,VSN,18.83,20.82,18.56,19.47,18800,KBS,2026-10-09T05:36:26Z
2023-08-10,VSN,18.92,20.01,18.92,20.01,14400,KBS,2026-10-09T05:36:26Z
2023-08-11,VSN,19.83,19.92,19.83,19.92,15000,KBS,2026-10-09T05:36:26Z
2023-08-14,VSN,19.92,19.92,18.83,19.83,600,KBS,2026-10-09T05:36:26Z
2023-08-15,VSN,18.92,18.92,18.92,18.92,100,KBS,2026-10-09T05:36:26Z
2023-08-16,VSN,19.92,19.92,18.92,18.92,3800,KBS,2026-10-09T05:36:26Z
2023-08-17,VSN,19.83,19.92,19.83,19.92,901,KBS,2026-10-09T05:36:26Z
2023-08-18,VSN,18.56,19.83,18.29,19.83,1000,KBS,2026-10-09T05:36:26Z
2023-08-21,VSN,19.02,19.47,19.02,19.47,13300,KBS,2026-10-09T05:36:26Z
2023-08-22,VSN,19.02,19.65,19.02,19.65,803,KBS,2026-10-09T05:36:26Z
2023-08-23,VSN,19.47,19.74,19.47,19.74,6400,KBS,2026-10-09T05:36:26Z
2023-08-24,VSN,19.54,19.91,18.99,19.91,400,KBS,2026-10-09T05:36:26Z
2023-08-25,VSN,19.45,21.02,19.45,21.02,21500,KBS,2026-10-09T05:36:26Z
2023-08-28,VSN,20.1,20.1,20.1,20.1,102,KBS,2026-10-09T05:36:26Z
2023-08-29,VSN,20.56,20.56,20.56,20.56,101,KBS,2026-10-09T05:36:26Z
2023-08-30,VSN,19.45,20.28,18.62,20.28,1800,KBS,2026-10-09T05:36:26Z
2023-08-31,VSN,19.45,21.3,18.99,21.3,2000,KBS,2026-10-09T05:36:26Z
2023-09-05,VSN,19.54,21.3,19.54,21.3,1100,KBS,2026-10-09T05:36:26Z
2023-09-07,VSN,20.38,20.38,20.28,20.28,1020,KBS,2026-10-09T05:36:26Z
2023-09-08,VSN,19.26,20.19,19.26,20.19,600,KBS,2026-10-09T05:36:26Z
2023-09-11,VSN,19.45,19.45,19.45,19.45,200,KBS,2026-10-09T05:36:26Z
2023-09-12,VSN,19.45,19.45,19.45,19.45,5100,KBS,2026-10-09T05:36:26Z
2023-09-13,VSN,19.73,19.73,19.45,19.73,2200,KBS,2026-10-09T05:36:26Z
2023-09-18,VSN,19.45,19.73,19.45,19.73,10900,KBS,2026-10-09T05:36:26Z
2023-09-19,VSN,20.28,20.28,19.45,19.91,16700,KBS,2026-10-09T05:36:26Z
2023-09-20,VSN,19.91,19.91,19.91,19.91,600,KBS,2026-10-09T05:36:26Z
2023-09-22,VSN,19.08,19.45,18.99,19.45,10500,KBS,2026-10-09T05:36:26Z
2023-09-25,VSN,16.95,18.52,16.95,18.52,1300,KBS,2026-10-09T05:36:26Z
2023-09-26,VSN,18.52,18.52,18.06,18.06,500,KBS,2026-10-09T05:36:26Z
2023-09-27,VSN,18.71,19.26,18.71,19.26,16800,KBS,2026-10-09T05:36:26Z
2023-09-28,VSN,19.26,19.26,19.26,19.26,200,KBS,2026-10-09T05:36:26Z
2023-10-04,VSN,19.26,19.73,19.08,19.73,8700,KBS,2026-10-09T05:36:26Z
2023-10-05,VSN,17.32,19.91,17.32,19.91,900,KBS,2026-10-09T05:36:26Z
2023-10-06,VSN,19.82,19.82,19.45,19.64,1400,KBS,2026-10-09T05:36:26Z
2023-10-10,VSN,19.91,19.91,17.32,17.32,1300,KBS,2026-10-09T05:36:26Z
2023-10-11,VSN,19.45,19.45,17.88,17.88,1900,KBS,2026-10-09T05:36:26Z
2023-10-12,VSN,19.17,19.17,19.17,19.17,100,KBS,2026-10-09T05:36:26Z
2023-10-13,VSN,19.08,19.08,19.08,19.08,400,KBS,2026-10-09T05:36:26Z
2023-10-16,VSN,19.26,19.26,19.26,19.26,200,KBS,2026-10-09T05:36:26Z
2023-10-20,VSN,19.17,19.17,19.17,19.17,100,KBS,2026-10-09T05:36:26Z
2023-10-23,VSN,19.36,19.36,19.36,19.36,100,KBS,2026-10-09T05:36:26Z
2023-10-24,VSN,16.49,20.66,16.49,20.66,1100,KBS,2026-10-09T05:36:26Z
2023-10-30,VSN,20.66,20.66,20.66,20.66,100,KBS,2026-10-09T05:36:26Z
2023-11-03,VSN,20.38,20.38,20.38,20.38,300,KBS,2026-10-09T05:36:26Z
2023-11-06,VSN,18.52,20.19,18.52,20.19,2800,KBS,2026-10-09T05:36:26Z
2023-11-07,VSN,20.19,20.19,20.19,20.19,122,KBS,2026-10-09T05:36:26Z
2023-11-10,VSN,19.82,19.91,19.45,19.45,900,KBS,2026-10-09T05:36:26Z
2023-11-13,VSN,18.52,19.45,18.52,19.45,300,KBS,2026-10-09T05:36:26Z
2023-11-15,VSN,19.45,19.45,18.62,18.71,1000,KBS,2026-10-09T05:36:26Z
2023-11-16,VSN,18.52,18.52,18.52,18.52,100,KBS,2026-10-09T05:36:26Z
2023-11-17,VSN,18.9,18.9,18.9,18.9,200,KBS,2026-10-09T05:36:26Z
2023-11-20,VSN,20.28,20.28,20.28,20.28,100,KBS,2026-10-09T05:36:26Z
2023-11-21,VSN,17.51,18.99,17.41,18.99,2221,KBS,2026-10-09T05:36:26Z
2023-11-22,VSN,19.54,19.54,18.43,19.36,3200,KBS,2026-10-09T05:36:26Z
2023-11-23,VSN,20.28,20.28,20.1,20.1,200,KBS,2026-10-09T05:36:26Z
2023-11-27,VSN,18.52,18.71,17.32,18.71,7810,KBS,2026-10-09T05:36:26Z
2023-11-28,VSN,17.6,19.36,17.6,18.15,1100,KBS,2026-10-09T05:36:26Z
2023-11-29,VSN,17.97,18.34,17.97,18.34,3700,KBS,2026-10-09T05:36:26Z
2023-11-30,VSN,17.88,17.88,17.88,17.88,1201,KBS,2026-10-09T05:36:26Z
2023-12-01,VSN,18.25,18.52,18.25,18.52,200,KBS,2026-10-09T05:36:26Z
2023-12-06,VSN,18.25,19.82,18.15,19.82,5601,KBS,2026-10-09T05:36:26Z
2023-12-07,VSN,19.82,19.82,19.82,19.82,109,KBS,2026-10-09T05:36:26Z
2023-12-08,VSN,17.6,19.36,17.41,19.36,801,KBS,2026-10-09T05:36:26Z
2023-12-11,VSN,18.52,18.52,17.23,18.52,2400,KBS,2026-10-09T05:36:26Z
2023-12-12,VSN,19.73,19.73,17.88,19.45,14800,KBS,2026-10-09T05:36:26Z
2023-12-13,VSN,18.06,19.64,18.06,19.64,300,KBS,2026-10-09T05:36:26Z
2023-12-14,VSN,18.52,19.36,18.52,19.36,300,KBS,2026-10-09T05:36:26Z
2023-12-15,VSN,18.06,18.06,18.06,18.06,200,KBS,2026-10-09T05:36:26Z
2023-12-18,VSN,18.43,18.43,18.06,18.06,700,KBS,2026-10-09T05:36:26Z
2023-12-19,VSN,18.15,18.15,18.15,18.15,100,KBS,2026-10-09T05:36:26Z
2023-12-22,VSN,18.15,18.15,18.15,18.15,15200,KBS,2026-10-09T05:36:26Z
2023-12-25,VSN,18.25,18.25,18.25,18.25,1100,KBS,2026-10-09T05:36:26Z
2023-12-26,VSN,19.26,19.26,18.52,19.17,501,KBS,2026-10-09T05:36:26Z
2023-12-27,VSN,18.52,18.52,18.52,18.52,100,KBS,2026-10-09T05:36:26Z
2023-12-28,VSN,20.38,20.38,20.38,20.38,100,KBS,2026-10-09T05:36:26Z
2024-01-03,VSN,20.19,20.19,17.69,19.45,1200,KBS,2026-10-09T05:36:26Z
2024-01-04,VSN,18.25,19.17,18.25,19.17,300,KBS,2026-10-09T05:36:26Z
2024-01-08,VSN,18.52,20.38,18.52,19.91,900,KBS,2026-10-09T05:36:26Z
2024-01-09,VSN,19.64,19.64,19.64,19.64,200,KBS,2026-10-09T05:36:26Z
2024-01-10,VSN,18.52,18.52,18.52,18.52,1000,KBS,2026-10-09T05:36:26Z
2024-01-11,VSN,20.1,20.1,18.52,18.52,1200,KBS,2026-10-09T05:36:26Z
2024-01-12,VSN,18.52,19.91,18.52,19.91,500,KBS,2026-10-09T05:36:26Z
2024-01-15,VSN,19.91,19.91,18.25,18.25,1100,KBS,2026-10-09T05:36:26Z
2024-01-17,VSN,18.43,18.43,18.43,18.43,100,KBS,2026-10-09T05:36:26Z
2024-01-18,VSN,18.43,18.43,18.43,18.43,2800,KBS,2026-10-09T05:36:26Z
2024-01-19,VSN,19.08,19.45,18.99,19.45,8608,KBS,2026-10-09T05:36:26Z
2024-01-22,VSN,19.36,19.36,19.36,19.36,1306,KBS,2026-10-09T05:36:26Z
2024-01-25,VSN,17.6,19.36,17.6,19.36,608,KBS,2026-10-09T05:36:26Z
2024-01-26,VSN,18.52,18.9,17.88,18.9,700,KBS,2026-10-09T05:36:26Z
2024-01-29,VSN,19.36,19.45,18.06,19.17,500,KBS,2026-10-09T05:36:26Z
2024-02-01,VSN,18.52,18.52,17.88,18.52,1400,KBS,2026-10-09T05:36:26Z
2024-02-02,VSN,17.78,19.36,17.78,19.36,3600,KBS,2026-10-09T05:36:26Z
2024-02-05,VSN,17.78,19.82,17.78,19.82,800,KBS,2026-10-09T05:36:26Z
2024-02-06,VSN,17.97,19.17,17.97,19.17,200,KBS,2026-10-09T05:36:26Z
2024-02-07,VSN,18.8,18.8,18.8,18.8,100,KBS,2026-10-09T05:36:26Z
2024-02-16,VSN,18.52,18.8,18.52,18.8,200,KBS,2026-10-09T05:36:26Z
2024-02-19,VSN,18.15,18.52,18.15,18.52,1301,KBS,2026-10-09T05:36:26Z
2024-02-20,VSN,18.9,18.9,18.9,18.9,100,KBS,2026-10-09T05:36:26Z
2024-02-21,VSN,18.43,18.52,18.43,18.52,500,KBS,2026-10-09T05:36:26Z
2024-02-22,VSN,18.43,18.43,18.43,18.43,200,KBS,2026-10-09T05:36:26Z
2024-02-23,VSN,18.9,18.9,18.06,18.8,6500,KBS,2026-10-09T05:36:26Z
2024-02-26,VSN,18.06,18.52,18.06,18.52,2100,KBS,2026-10-09T05:36:26Z
2024-02-27,VSN,18.52,18.52,18.52,18.52,126,KBS,2026-10-09T05:36:26Z
2024-02-28,VSN,18.52,18.52,18.52,18.52,500,KBS,2026-10-09T05:36:26Z
2024-02-29,VSN,18.52,18.52,17.97,18.52,1700,KBS,2026-10-09T05:36:26Z
2024-03-01,VSN,18.52,18.9,17.6,18.52,1901,KBS,2026-10-09T05:36:26Z
2024-03-04,VSN,18.9,18.9,18.06,18.52,1700,KBS,2026-10-09T05:36:26Z
2024-03-05,VSN,18.43,18.52,18.06,18.52,6500,KBS,2026-10-09T05:36:26Z
2024-03-06,VSN,18.52,18.52,18.06,18.06,3000,KBS,2026-10-09T05:36:26Z
2024-03-07,VSN,18.43,18.43,18.43,18.43,1200,KBS,2026-10-09T05:36:26Z
2024-03-08,VSN,18.06,18.52,18.06,18.52,2500,KBS,2026-10-09T05:36:26Z
2024-03-12,VSN,18.34,18.52,17.88,18.52,3501,KBS,2026-10-09T05:36:26Z
2024-03-13,VSN,18.52,18.9,18.52,18.52,2312,KBS,2026-10-09T05:36:26Z
2024-03-14,VSN,18.52,18.52,18.15,18.52,731,KBS,2026-10-09T05:36:26Z
2024-03-15,VSN,18.43,18.9,18.43,18.9,6000,KBS,2026-10-09T05:36:26Z
2024-03-18,VSN,18.62,18.62,17.88,17.88,600,KBS,2026-10-09T05:36:26Z
2024-03-20,VSN,18.15,21.21,18.15,18.62,1800,KBS,2026-10-09T05:36:26Z
2024-03-21,VSN,18.99,18.99,18.43,18.43,803,KBS,2026-10-09T05:36:26Z
2024-03-22,VSN,18.15,18.15,18.06,18.06,1800,KBS,2026-10-09T05:36:26Z
2024-03-25,VSN,19.26,20.38,18.15,18.43,1900,KBS,2026-10-09T05:36:26Z
2024-03-26,VSN,18.43,19.45,18.43,18.8,400,KBS,2026-10-09T05:36:26Z
2024-03-27,VSN,18.99,18.99,18.99,18.99,200,KBS,2026-10-09T05:36:26Z
2024-03-28,VSN,18.34,18.9,18.15,18.9,1221,KBS,2026-10-09T05:36:26Z
2024-03-29,VSN,18.8,18.8,18.43,18.8,400,KBS,2026-10-09T05:36:26Z
2024-04-02,VSN,18.71,18.71,18.71,18.71,200,KBS,2026-10-09T05:36:26Z
2024-04-03,VSN,18.71,19.08,17.88,18.15,1500,KBS,2026-10-09T05:36:26Z
2024-04-04,VSN,18.9,18.9,18.43,18.43,300,KBS,2026-10-09T05:36:26Z
2024-04-05,VSN,18.52,18.62,17.69,18.62,700,KBS,2026-10-09T05:36:26Z
2024-04-08,VSN,18.71,18.71,18.15,18.34,1600,KBS,2026-10-09T05:36:26Z
2024-04-09,VSN,17.78,18.71,17.69,18.71,400,KBS,2026-10-09T05:36:26Z
2024-04-10,VSN,18.62,18.62,18.62,18.62,200,KBS,2026-10-09T05:36:26Z
2024-04-11,VSN,18.62,18.62,18.62,18.62,500,KBS,2026-10-09T05:36:26Z
2024-04-12,VSN,18.62,18.8,18.62,18.8,400,KBS,2026-10-09T05:36:26Z
2024-05-02,VSN,16.67,18.62,16.67,18.62,1800,KBS,2026-10-09T05:36:26Z
2024-05-03,VSN,18.62,18.62,16.95,18.52,600,KBS,2026-10-09T05:36:26Z
2024-05-06,VSN,18.62,18.71,17.69,18.25,1300,KBS,2026-10-09T05:36:26Z
2024-05-07,VSN,18.25,18.25,18.25,18.25,600,KBS,2026-10-09T05:36:26Z
2024-05-08,VSN,17.78,18.25,17.78,18.25,300,KBS,2026-10-09T05:36:26Z
2024-05-10,VSN,18.43,18.43,16.95,18.34,1805,KBS,2026-10-09T05:36:26Z
2024-05-13,VSN,18.71,18.71,17.69,18.71,900,KBS,2026-10-09T05:36:26Z
2024-05-14,VSN,18.71,18.71,18.71,18.71,500,KBS,2026-10-09T05:36:26Z
2024-05-15,VSN,18.34,18.34,17.78,18.34,1800,KBS,2026-10-09T05:36:26Z
2024-05-16,VSN,18.34,18.43,18.34,18.43,200,KBS,2026-10-09T05:36:26Z
2024-05-17,VSN,18.43,18.99,17.69,18.52,2208,KBS,2026-10-09T05:36:26Z
2024-05-20,VSN,18.43,18.52,18.43,18.52,5619,KBS,2026-10-09T05:36:26Z
2024-05-21,VSN,18.43,18.9,17.88,18.71,4704,KBS,2026-10-09T05:36:26Z
2024-05-22,VSN,18.43,19.17,18.43,19.17,4500,KBS,2026-10-09T05:36:26Z
2024-05-23,VSN,19.17,19.17,19.17,19.17,202,KBS,2026-10-09T05:36:26Z
2024-05-24,VSN,19.08,20.28,19.08,20.28,1200,KBS,2026-10-09T05:36:26Z
2024-05-28,VSN,19.26,19.45,17.78,19.45,600,KBS,2026-10-09T05:36:26Z
2024-05-29,VSN,19.45,19.45,18.15,18.15,1105,KBS,2026-10-09T05:36:26Z
2024-05-30,VSN,19.91,19.91,18.06,19.73,2600,KBS,2026-10-09T05:36:26Z
2024-05-31,VSN,18.15,19.36,18.06,19.26,1900,KBS,2026-10-09T05:36:26Z
2024-06-03,VSN,18.06,19.17,18.06,19.17,405,KBS,2026-10-09T05:36:26Z
2024-06-04,VSN,19.45,19.45,19.26,19.26,502,KBS,2026-10-09T05:36:26Z
2024-06-05,VSN,19.26,19.26,19.26,19.26,300,KBS,2026-10-09T05:36:26Z
2024-06-06,VSN,18.99,18.99,18.99,18.99,2000,KBS,2026-10-09T05:36:26Z
2024-06-07,VSN,18.99,18.99,18.8,18.8,2100,KBS,2026-10-09T05:36:26Z
2024-06-10,VSN,18.25,18.8,18.25,18.8,400,KBS,2026-10-09T05:36:26Z
2024-06-12,VSN,19.82,19.82,19.82,19.82,102,KBS,2026-10-09T05:36:26Z
2024-06-13,VSN,18.06,18.25,17.88,17.88,1617,KBS,2026-10-09T05:36:26Z
2024-06-14,VSN,19.64,19.64,19.64,19.64,100,KBS,2026-10-09T05:36:26Z
2024-06-17,VSN,19.45,19.45,19.45,19.45,1501,KBS,2026-10-09T05:36:26Z
2024-06-19,VSN,18.99,22.32,18.8,22.32,51551,KBS,2026-10-09T05:36:26Z
2024-06-20,VSN,22.78,24.73,22.78,24.73,15516,KBS,2026-10-09T05:36:26Z
2024-06-21,VSN,28.16,28.25,22.04,25.84,48200,KBS,2026-10-09T05:36:26Z
2024-06-24,VSN,26.77,26.77,22.88,22.88,62843,KBS,2026-10-09T05:36:26Z
2024-06-25,VSN,22.97,23.9,19.64,23.16,6700,KBS,2026-10-09T05:36:26Z
2024-06-26,VSN,22.97,22.97,20.66,22.6,8416,KBS,2026-10-09T05:36:26Z
2024-06-27,VSN,20.38,21.95,20.38,21.95,14600,KBS,2026-10-09T05:36:26Z
2024-06-28,VSN,20.84,20.84,20.19,20.19,12800,KBS,2026-10-09T05:36:26Z
2024-07-01,VSN,21.3,21.3,21.12,21.21,1800,KBS,2026-10-09T05:36:26Z
2024-07-02,VSN,21.95,21.95,21.21,21.21,7900,KBS,2026-10-09T05:36:26Z
2024-07-03,VSN,21.21,21.21,20.75,21.21,7200,KBS,2026-10-09T05:36:26Z
2024-07-04,VSN,19.17,21.77,19.17,21.77,11200,KBS,2026-10-09T05:36:26Z
2024-07-05,VSN,21.67,21.67,18.52,20.56,14500,KBS,2026-10-09T05:36:26Z
2024-07-08,VSN,19.54,20.19,19.54,20.19,1025,KBS,2026-10-09T05:36:26Z
2024-07-09,VSN,19.64,19.73,18.99,19.08,7200,KBS,2026-10-09T05:36:26Z
2024-07-10,VSN,19.73,20.19,19.73,20.19,705,KBS,2026-10-09T05:36:26Z
2024-07-11,VSN,18.9,19.82,18.8,19.82,2800,KBS,2026-10-09T05:36:26Z
2024-07-12,VSN,19.73,19.73,19.73,19.73,300,KBS,2026-10-09T05:36:26Z
2024-07-15,VSN,19.73,19.73,19.73,19.73,100,KBS,2026-10-09T05:36:26Z
2024-07-16,VSN,19.91,19.91,19.91,19.91,900,KBS,2026-10-09T05:36:26Z
2024-07-17,VSN,18.52,19.64,18.52,19.64,2605,KBS,2026-10-09T05:36:26Z
2024-07-18,VSN,19.17,19.82,18.99,19.82,3800,KBS,2026-10-09T05:36:26Z
2024-07-19,VSN,19.64,19.64,19.54,19.54,200,KBS,2026-10-09T05:36:26Z
2024-07-22,VSN,18.52,19.26,18.52,19.26,3200,KBS,2026-10-09T05:36:26Z
2024-07-23,VSN,18.62,18.99,18.62,18.99,400,KBS,2026-10-09T05:36:26Z
2024-07-24,VSN,18.99,18.99,18.99,18.99,104,KBS,2026-10-09T05:36:26Z
2024-07-25,VSN,18.52,18.52,18.06,18.52,9400,KBS,2026-10-09T05:36:26Z
2024-07-26,VSN,18.43,18.43,17.51,18.43,39204,KBS,2026-10-09T05:36:26Z
2024-07-29,VSN,18.9,18.9,18.9,18.9,100,KBS,2026-10-09T05:36:26Z
2024-07-30,VSN,18.8,19.26,17.6,18.52,9000,KBS,2026-10-09T05:36:26Z
2024-07-31,VSN,18.71,18.71,18.06,18.52,4400,KBS,2026-10-09T05:36:26Z
2024-08-01,VSN,18.06,18.06,17.88,18.06,6200,KBS,2026-10-09T05:36:26Z
2024-08-02,VSN,18.06,18.06,17.97,18.06,400,KBS,2026-10-09T05:36:26Z
2024-08-05,VSN,18.06,18.06,17.14,17.78,10800,KBS,2026-10-09T05:36:26Z
2024-08-06,VSN,17.23,17.32,17.23,17.32,3100,KBS,2026-10-09T05:36:26Z
2024-08-07,VSN,18.34,18.34,17.32,17.41,2800,KBS,2026-10-09T05:36:26Z
2024-08-08,VSN,17.88,17.88,17.88,17.88,100,KBS,2026-10-09T05:36:26Z
2024-08-09,VSN,17.41,17.78,17.32,17.6,5400,KBS,2026-10-09T05:36:26Z
2024-08-12,VSN,18.8,18.8,18.43,18.43,204,KBS,2026-10-09T05:36:26Z
2024-08-13,VSN,17.69,17.88,17.69,17.88,2300,KBS,2026-10-09T05:36:26Z
2024-08-14,VSN,17.78,18.25,17.78,18.25,600,KBS,2026-10-09T05:36:26Z
2024-08-15,VSN,18.15,18.15,17.69,17.69,1301,KBS,2026-10-09T05:36:26Z
2024-08-16,VSN,17.88,18.43,17.14,18.25,12300,KBS,2026-10-09T05:36:26Z
2024-08-19,VSN,19.45,19.45,19.08,19.08,300,KBS,2026-10-09T05:36:26Z
2024-08-20,VSN,18.52,18.71,18.34,18.71,3500,KBS,2026-10-09T05:36:26Z
2024-08-21,VSN,18.43,19.36,17.6,19.08,3981,KBS,2026-10-09T05:36:26Z
2024-08-22,VSN,19.59,19.59,18.64,19.4,800,KBS,2026-10-09T05:36:26Z
2024-08-23,VSN,19.4,19.88,19.4,19.4,1604,KBS,2026-10-09T05:36:26Z
2024-08-26,VSN,19.5,19.69,18.64,19.12,1701,KBS,2026-10-09T05:36:26Z
2024-08-27,VSN,19.5,19.5,18.26,19.21,4921,KBS,2026-10-09T05:36:26Z
2024-08-28,VSN,19.5,19.5,19.5,19.5,100,KBS,2026-10-09T05:36:26Z
2024-08-29,VSN,18.92,19.02,18.64,18.64,806,KBS,2026-10-09T05:36:26Z
2024-08-30,VSN,19.31,19.31,18.26,18.54,7510,KBS,2026-10-09T05:36:26Z
2024-09-04,VSN,18.83,18.83,18.83,18.83,100,KBS,2026-10-09T05:36:26Z
2024-09-05,VSN,18.64,18.64,18.64,18.64,100,KBS,2026-10-09T05:36:26Z
2024-09-06,VSN,18.35,18.54,18.35,18.54,3200,KBS,2026-10-09T05:36:26Z
2024-09-09,VSN,18.45,18.45,18.45,18.45,300,KBS,2026-10-09T05:36:26Z
2024-09-10,VSN,18.45,19.02,18.45,18.92,5201,KBS,2026-10-09T05:36:26Z
2024-09-11,VSN,18.26,18.26,18.16,18.16,1300,KBS,2026-10-09T05:36:26Z
2024-09-12,VSN,18.26,18.26,18.26,18.26,900,KBS,2026-10-09T05:36:26Z
2024-09-13,VSN,18.26,18.26,18.26,18.26,2504,KBS,2026-10-09T05:36:26Z
2024-09-16,VSN,18.26,18.35,18.16,18.16,2300,KBS,2026-10-09T05:36:26Z
2024-09-17,VSN,18.26,19.12,18.26,18.26,1900,KBS,2026-10-09T05:36:26Z
2024-09-19,VSN,18.35,18.64,18.35,18.64,3900,KBS,2026-10-09T05:36:26Z
2024-09-20,VSN,18.54,18.92,18.54,18.64,1400,KBS,2026-10-09T05:36:26Z
2024-09-23,VSN,18.64,18.64,18.64,18.64,800,KBS,2026-10-09T05:36:26Z
2024-09-24,VSN,18.64,18.83,18.16,18.64,2900,KBS,2026-10-09T05:36:26Z
2024-09-25,VSN,18.54,18.64,18.07,18.64,8301,KBS,2026-10-09T05:36:26Z
2024-09-26,VSN,19.12,19.12,18.64,18.64,803,KBS,2026-10-09T05:36:26Z
2024-09-27,VSN,18.64,18.64,18.16,18.64,20232,KBS,2026-10-09T05:36:26Z
2024-09-30,VSN,18.26,18.26,18.16,18.16,10300,KBS,2026-10-09T05:36:26Z
2024-10-01,VSN,18.16,18.16,18.16,18.16,2500,KBS,2026-10-09T05:36:26Z
2024-10-02,VSN,18.16,18.16,17.68,18.16,2400,KBS,2026-10-09T05:36:26Z
2024-10-03,VSN,18.45,18.45,17.78,18.26,5300,KBS,2026-10-09T05:36:26Z
2024-10-04,VSN,18.35,18.35,17.97,17.97,200,KBS,2026-10-09T05:36:26Z
2024-10-07,VSN,18.26,18.26,18.16,18.16,300,KBS,2026-10-09T05:36:26Z
2024-10-08,VSN,18.16,18.16,18.16,18.16,1000,KBS,2026-10-09T05:36:26Z
2024-10-09,VSN,17.2,18.16,17.2,18.07,47801,KBS,2026-10-09T05:36:26Z
2024-10-10,VSN,17.68,17.68,17.2,17.2,22000,KBS,2026-10-09T05:36:26Z
2024-10-11,VSN,17.2,17.2,16.92,17.2,19300,KBS,2026-10-09T05:36:26Z
2024-10-14,VSN,17.01,17.2,17.01,17.2,3600,KBS,2026-10-09T05:36:26Z
2024-10-15,VSN,17.01,17.11,16.92,16.92,6800,KBS,2026-10-09T05:36:26Z
2024-10-17,VSN,17.01,17.49,16.82,17.49,4402,KBS,2026-10-09T05:36:26Z
2024-10-18,VSN,17.01,17.3,17.01,17.3,3000,KBS,2026-10-09T05:36:26Z
2024-10-21,VSN,17.3,17.3,17.11,17.11,1002,KBS,2026-10-09T05:36:26Z
2024-10-22,VSN,17.3,17.49,17.3,17.4,12402,KBS,2026-10-09T05:36:26Z
2024-10-24,VSN,17.4,17.4,17.4,17.4,100,KBS,2026-10-09T05:36:26Z
2024-10-25,VSN,17.4,17.49,17.4,17.49,500,KBS,2026-10-09T05:36:26Z
2024-10-29,VSN,17.2,17.2,17.2,17.2,200,KBS,2026-10-09T05:36:26Z
2024-11-01,VSN,17.78,17.78,17.68,17.68,1000,KBS,2026-10-09T05:36:26Z
2024-11-04,VSN,17.59,17.59,17.49,17.49,1100,KBS,2026-10-09T05:36:26Z
2024-11-07,VSN,17.59,17.59,17.59,17.59,400,KBS,2026-10-09T05:36:26Z
2024-11-11,VSN,16.25,17.49,16.25,17.4,2600,KBS,2026-10-09T05:36:26Z
2024-11-12,VSN,17.01,17.01,17.01,17.01,200,KBS,2026-10-09T05:36:26Z
2024-11-13,VSN,17.01,17.01,17.01,17.01,200,KBS,2026-10-09T05:36:26Z
2024-11-14,VSN,16.82,17.87,16.82,17.87,600,KBS,2026-10-09T05:36:26Z
2024-11-15,VSN,17.3,17.3,17.3,17.3,100,KBS,2026-10-09T05:36:26Z
2024-11-20,VSN,17.01,17.3,17.01,17.3,1100,KBS,2026-10-09T05:36:26Z
2024-11-21,VSN,17.01,17.01,16.92,16.92,1900,KBS,2026-10-09T05:36:26Z
2024-11-25,VSN,16.54,17.59,16.44,17.2,901,KBS,2026-10-09T05:36:26Z
2024-11-26,VSN,16.73,17.59,16.63,17.59,1105,KBS,2026-10-09T05:36:26Z
2024-11-29,VSN,16.73,17.3,16.73,17.3,607,KBS,2026-10-09T05:36:26Z
2024-12-02,VSN,17.4,17.4,17.4,17.4,100,KBS,2026-10-09T05:36:26Z
2024-12-03,VSN,17.4,17.4,16.73,17.3,300,KBS,2026-10-09T05:36:26Z
2024-12-04,VSN,16.82,17.2,16.82,16.92,700,KBS,2026-10-09T05:36:26Z
2024-12-05,VSN,17.2,17.2,17.2,17.2,327,KBS,2026-10-09T05:36:26Z
2024-12-09,VSN,17.2,17.2,16.73,17.2,1000,KBS,2026-10-09T05:36:26Z
2024-12-10,VSN,17.01,17.01,17.01,17.01,400,KBS,2026-10-09T05:36:26Z
2024-12-11,VSN,17.4,17.59,17.2,17.2,300,KBS,2026-10-09T05:36:26Z
2024-12-13,VSN,16.92,17.4,16.92,17.4,405,KBS,2026-10-09T05:36:26Z
2024-12-16,VSN,17.2,17.2,17.2,17.2,107,KBS,2026-10-09T05:36:26Z
2024-12-17,VSN,16.92,17.11,16.25,17.11,1504,KBS,2026-10-09T05:36:26Z
2024-12-18,VSN,17.11,17.2,17.11,17.2,1090,KBS,2026-10-09T05:36:26Z
2024-12-20,VSN,17.11,17.11,17.11,17.11,683,KBS,2026-10-09T05:36:26Z
2024-12-23,VSN,18.07,18.07,17.2,17.2,820,KBS,2026-10-09T05:36:26Z
2024-12-24,VSN,17.4,17.59,17.3,17.49,2351,KBS,2026-10-09T05:36:26Z
2024-12-25,VSN,17.3,17.49,17.3,17.49,7400,KBS,2026-10-09T05:36:26Z
2024-12-26,VSN,17.68,17.87,17.3,17.3,692,KBS,2026-10-09T05:36:26Z
2024-12-27,VSN,17.49,17.49,17.49,17.49,100,KBS,2026-10-09T05:36:26Z
2024-12-30,VSN,17.68,17.87,17.49,17.49,501,KBS,2026-10-09T05:36:26Z
2024-12-31,VSN,17.59,17.59,17.59,17.59,3530,KBS,2026-10-09T05:36:26Z
2025-01-02,VSN,17.4,17.4,17.4,17.4,100,KBS,2026-10-09T05:36:26Z
2025-01-03,VSN,17.68,17.87,17.49,17.49,450,KBS,2026-10-09T05:36:26Z
2025-01-06,VSN,17.4,17.59,16.44,17.59,1200,KBS,2026-10-09T05:36:26Z
2025-01-07,VSN,17.59,17.59,17.59,17.59,200,KBS,2026-10-09T05:36:26Z
2025-01-08,VSN,17.59,17.59,17.2,17.2,401,KBS,2026-10-09T05:36:26Z
2025-01-09,VSN,17.3,17.87,17.3,17.87,1500,KBS,2026-10-09T05:36:26Z
2025-01-10,VSN,17.68,17.68,17.68,17.68,102,KBS,2026-10-09T05:36:26Z
2025-01-13,VSN,17.4,17.4,17.4,17.4,200,KBS,2026-10-09T05:36:26Z
2025-01-16,VSN,17.49,17.49,17.01,17.01,5300,KBS,2026-10-09T05:36:26Z
2025-01-17,VSN,17.3,17.3,17.3,17.3,100,KBS,2026-10-09T05:36:26Z
2025-01-21,VSN,17.49,17.49,17.49,17.49,1000,KBS,2026-10-09T05:36:26Z
2025-01-22,VSN,17.49,17.49,17.49,17.49,1,KBS,2026-10-09T05:36:26Z
2025-01-23,VSN,17.68,17.68,17.59,17.59,300,KBS,2026-10-09T05:36:26Z
2025-01-24,VSN,17.2,17.49,16.82,16.82,5100,KBS,2026-10-09T05:36:26Z
2025-02-04,VSN,17.01,17.01,17.01,17.01,300,KBS,2026-10-09T05:36:26Z
2025-02-05,VSN,17.4,17.4,17.4,17.4,3014,KBS,2026-10-09T05:36:26Z
2025-02-06,VSN,17.4,19.69,17.4,19.69,2203,KBS,2026-10-09T05:36:26Z
2025-02-07,VSN,17.59,19.21,17.59,19.21,31300,KBS,2026-10-09T05:36:26Z
2025-02-10,VSN,19.21,19.5,18.45,18.45,7681,KBS,2026-10-09T05:36:26Z
2025-02-12,VSN,17.2,18.73,17.2,18.73,1210,KBS,2026-10-09T05:36:26Z
2025-02-13,VSN,18.83,18.83,18.83,18.83,100,KBS,2026-10-09T05:36:26Z
2025-02-14,VSN,17.2,18.64,17.2,18.64,3300,KBS,2026-10-09T05:36:26Z
2025-02-17,VSN,19.12,19.88,18.16,19.88,38959,KBS,2026-10-09T05:36:26Z
2025-02-18,VSN,21.89,21.98,19.78,19.78,10567,KBS,2026-10-09T05:36:26Z
2025-02-19,VSN,20.26,20.55,20.17,20.55,6680,KBS,2026-10-09T05:36:26Z
2025-02-20,VSN,21.03,21.03,20.55,20.64,4031,KBS,2026-10-09T05:36:26Z
2025-02-21,VSN,18.64,19.98,18.07,19.69,23202,KBS,2026-10-09T05:36:26Z
2025-02-24,VSN,19.12,19.12,18.73,19.02,3902,KBS,2026-10-09T05:36:26Z
2025-02-25,VSN,18.83,19.12,18.83,19.02,709,KBS,2026-10-09T05:36:26Z
2025-02-26,VSN,18.35,18.45,18.35,18.35,9690,KBS,2026-10-09T05:36:26Z
2025-02-27,VSN,18.07,18.45,17.87,18.45,17310,KBS,2026-10-09T05:36:26Z
2025-02-28,VSN,19.12,19.12,18.07,18.16,9001,KBS,2026-10-09T05:36:26Z
2025-03-03,VSN,18.16,18.16,17.68,17.68,11200,KBS,2026-10-09T05:36:26Z
2025-03-04,VSN,18.26,18.35,17.49,18.07,5693,KBS,2026-10-09T05:36:26Z
2025-03-05,VSN,18.16,18.64,18.16,18.16,16595,KBS,2026-10-09T05:36:26Z
2025-03-06,VSN,18.64,18.64,17.49,18.45,6624,KBS,2026-10-09T05:36:26Z
2025-03-07,VSN,18.35,18.35,18.16,18.35,3312,KBS,2026-10-09T05:36:26Z
2025-03-10,VSN,18.26,18.26,17.68,18.16,5001,KBS,2026-10-09T05:36:26Z
2025-03-11,VSN,17.87,18.16,17.87,17.87,6010,KBS,2026-10-09T05:36:26Z
2025-03-12,VSN,18.54,18.54,18.07,18.07,2531,KBS,2026-10-09T05:36:26Z
2025-03-13,VSN,17.49,18.35,17.49,18.35,4736,KBS,2026-10-09T05:36:26Z
2025-03-14,VSN,18.16,18.16,17.97,18.16,5030,KBS,2026-10-09T05:36:26Z
2025-03-17,VSN,17.87,17.97,17.87,17.87,2804,KBS,2026-10-09T05:36:26Z
2025-03-18,VSN,17.49,17.87,17.49,17.87,712,KBS,2026-10-09T05:36:26Z
2025-03-19,VSN,18.54,19.12,18.54,18.54,335,KBS,2026-10-09T05:36:26Z
2025-03-20,VSN,17.78,17.78,17.68,17.68,1501,KBS,2026-10-09T05:36:26Z
2025-03-24,VSN,18.35,18.35,17.2,17.68,63700,KBS,2026-10-09T05:36:26Z
2025-03-25,VSN,17.68,17.68,17.68,17.68,2009,KBS,2026-10-09T05:36:26Z
2025-03-26,VSN,18.16,18.16,18.16,18.16,100,KBS,2026-10-09T05:36:26Z
2025-03-27,VSN,17.3,17.68,17.2,17.49,4625,KBS,2026-10-09T05:36:26Z
2025-03-28,VSN,17.68,17.68,17.68,17.68,100,KBS,2026-10-09T05:36:26Z
2025-03-31,VSN,17.2,17.59,17.2,17.2,4613,KBS,2026-10-09T05:36:26Z
2025-04-01,VSN,17.59,17.59,17.4,17.4,1646,KBS,2026-10-09T05:36:26Z
2025-04-02,VSN,17.59,17.68,17.59,17.68,2600,KBS,2026-10-09T05:36:26Z
2025-04-03,VSN,18.45,18.45,16.82,16.82,11400,KBS,2026-10-09T05:36:26Z
2025-04-04,VSN,17.59,17.59,16.15,17.11,4000,KBS,2026-10-09T05:36:26Z
2025-04-08,VSN,15.39,15.39,13.96,13.96,26750,KBS,2026-10-09T05:36:26Z
2025-04-09,VSN,14.72,15.68,14.72,15.68,3000,KBS,2026-10-09T05:36:26Z
2025-04-10,VSN,17.01,17.01,16.06,16.54,16000,KBS,2026-10-09T05:36:26Z
2025-04-11,VSN,16.25,16.73,16.25,16.54,1505,KBS,2026-10-09T05:36:26Z
2025-04-14,VSN,16.44,16.44,15.01,15.87,2100,KBS,2026-10-09T05:36:26Z
2025-04-15,VSN,15.77,16.06,15.48,16.06,2300,KBS,2026-10-09T05:36:26Z
2025-04-16,VSN,15.77,15.77,15.29,15.39,2700,KBS,2026-10-09T05:36:26Z
2025-04-17,VSN,15.48,15.48,15.39,15.39,3800,KBS,2026-10-09T05:36:26Z
2025-04-18,VSN,15.48,16.06,15.48,16.06,819,KBS,2026-10-09T05:36:26Z
2025-04-21,VSN,16.06,16.06,15.87,15.87,730,KBS,2026-10-09T05:36:26Z
2025-04-22,VSN,15.29,15.29,15.29,15.29,2900,KBS,2026-10-09T05:36:26Z
2025-04-23,VSN,15.39,15.39,15.39,15.39,400,KBS,2026-10-09T05:36:26Z
2025-04-25,VSN,16.44,16.44,16.25,16.25,300,KBS,2026-10-09T05:36:26Z
2025-04-28,VSN,16.15,16.44,16.15,16.34,300,KBS,2026-10-09T05:36:26Z
2025-05-05,VSN,16.25,16.25,16.25,16.25,600,KBS,2026-10-09T05:36:26Z
2025-05-06,VSN,15.29,15.29,15.29,15.29,50000,KBS,2026-10-09T05:36:26Z
2025-05-07,VSN,15.1,16.25,15.1,16.25,200,KBS,2026-10-09T05:36:26Z
2025-05-08,VSN,16.15,16.25,15.39,15.58,3000,KBS,2026-10-09T05:36:26Z
2025-05-09,VSN,15.39,15.39,15.39,15.39,10200,KBS,2026-10-09T05:36:26Z
2025-05-12,VSN,15.48,15.48,15.48,15.48,5800,KBS,2026-10-09T05:36:26Z
2025-05-13,VSN,15.48,15.58,15.48,15.58,5800,KBS,2026-10-09T05:36:26Z
2025-05-14,VSN,15.48,15.48,15.39,15.48,2100,KBS,2026-10-09T05:36:26Z
2025-05-15,VSN,15.48,15.48,15.48,15.48,500,KBS,2026-10-09T05:36:26Z
2025-05-16,VSN,15.48,15.58,15.48,15.58,1800,KBS,2026-10-09T05:36:26Z
2025-05-19,VSN,15.68,15.68,15.29,15.29,5100,KBS,2026-10-09T05:36:26Z
2025-05-20,VSN,16.15,16.15,15.39,15.39,3000,KBS,2026-10-09T05:36:26Z
2025-05-21,VSN,15.39,15.58,15.29,15.29,3000,KBS,2026-10-09T05:36:26Z
2025-05-22,VSN,15.58,15.58,15.2,15.29,5600,KBS,2026-10-09T05:36:26Z
2025-05-23,VSN,15.29,15.39,15.29,15.29,2000,KBS,2026-10-09T05:36:26Z
2025-05-26,VSN,15.29,15.29,15.29,15.29,7200,KBS,2026-10-09T05:36:26Z
2025-05-27,VSN,15.29,15.29,14.82,15.29,7500,KBS,2026-10-09T05:36:26Z
2025-05-28,VSN,15.2,15.2,15.2,15.2,2100,KBS,2026-10-09T05:36:26Z
2025-05-29,VSN,15.29,15.29,15.2,15.2,2100,KBS,2026-10-09T05:36:26Z
2025-05-30,VSN,15.29,15.68,15.1,15.1,2200,KBS,2026-10-09T05:36:26Z
2025-06-02,VSN,15.48,15.96,15.48,15.77,6400,KBS,2026-10-09T05:36:26Z
2025-06-03,VSN,15.77,16.44,15.77,16.44,21000,KBS,2026-10-09T05:36:26Z
2025-06-04,VSN,16.54,17.78,16.54,17.78,12000,KBS,2026-10-09T05:36:26Z
2025-06-05,VSN,17.78,17.78,17.2,17.2,6500,KBS,2026-10-09T05:36:26Z
2025-06-06,VSN,17.3,17.3,16.25,16.44,2400,KBS,2026-10-09T05:36:26Z
2025-06-09,VSN,16.44,17.2,16.44,17.2,4100,KBS,2026-10-09T05:36:26Z
2025-06-10,VSN,16.73,16.92,16.54,16.92,7900,KBS,2026-10-09T05:36:26Z
2025-06-11,VSN,16.34,16.34,16.25,16.25,3800,KBS,2026-10-09T05:36:26Z
2025-06-12,VSN,16.25,16.25,16.06,16.06,1100,KBS,2026-10-09T05:36:26Z
2025-06-13,VSN,16.25,17.01,16.25,16.73,4100,KBS,2026-10-09T05:36:26Z
2025-06-16,VSN,16.15,17.2,16.15,16.73,3600,KBS,2026-10-09T05:36:26Z
2025-06-17,VSN,16.54,17.2,16.54,17.11,2200,KBS,2026-10-09T05:36:26Z
2025-06-18,VSN,17.2,17.2,16.34,16.44,2400,KBS,2026-10-09T05:36:26Z
2025-06-19,VSN,16.44,16.54,16.44,16.54,600,KBS,2026-10-09T05:36:26Z
2025-06-20,VSN,16.44,17.01,16.06,17.01,4300,KBS,2026-10-09T05:36:26Z
2025-06-23,VSN,16.25,16.92,16.25,16.25,700,KBS,2026-10-09T05:36:26Z
2025-06-24,VSN,16.25,16.63,16.25,16.25,600,KBS,2026-10-09T05:36:26Z
2025-06-25,VSN,16.06,16.34,16.06,16.34,400,KBS,2026-10-09T05:36:26Z
2025-06-27,VSN,16.25,16.34,16.25,16.34,3200,KBS,2026-10-09T05:36:26Z
2025-06-30,VSN,16.34,17.11,15.77,16.25,5500,KBS,2026-10-09T05:36:26Z
2025-07-01,VSN,16.15,16.15,16.15,16.15,3600,KBS,2026-10-09T05:36:26Z
2025-07-02,VSN,16.25,18.16,16.15,18.16,3200,KBS,2026-10-09T05:36:26Z
2025-07-03,VSN,18.16,18.16,17.11,17.11,7300,KBS,2026-10-09T05:36:26Z
2025-07-04,VSN,16.44,17.2,16.44,16.82,500,KBS,2026-10-09T05:36:26Z
2025-07-07,VSN,16.73,17.11,16.73,17.01,1400,KBS,2026-10-09T05:36:26Z
2025-07-08,VSN,17.01,17.01,16.25,16.34,17300,KBS,2026-10-09T05:36:26Z
2025-07-09,VSN,16.44,16.44,16.25,16.25,1900,KBS,2026-10-09T05:36:26Z
2025-07-10,VSN,16.44,16.82,16.44,16.63,3000,KBS,2026-10-09T05:36:26Z
2025-07-11,VSN,16.63,16.92,16.34,16.92,1000,KBS,2026-10-09T05:36:26Z
2025-07-14,VSN,16.63,16.82,16.63,16.63,3200,KBS,2026-10-09T05:36:26Z
2025-07-15,VSN,16.82,16.82,16.82,16.82,500,KBS,2026-10-09T05:36:26Z
2025-07-16,VSN,17.49,17.49,16.25,16.25,800,KBS,2026-10-09T05:36:26Z
2025-07-17,VSN,16.44,16.82,16.44,16.73,600,KBS,2026-10-09T05:36:26Z
2025-07-18,VSN,17.2,17.2,16.73,16.73,400,KBS,2026-10-09T05:36:26Z
2025-07-21,VSN,16.73,17.11,16.44,16.44,1900,KBS,2026-10-09T05:36:26Z
2025-07-22,VSN,16.63,16.63,16.63,16.63,2500,KBS,2026-10-09T05:36:26Z
2025-07-23,VSN,16.63,16.73,16.63,16.63,10100,KBS,2026-10-09T05:36:26Z
2025-07-24,VSN,16.73,16.92,16.73,16.92,3300,KBS,2026-10-09T05:36:26Z
2025-07-25,VSN,16.82,16.92,16.73,16.92,6300,KBS,2026-10-09T05:36:26Z
2025-07-28,VSN,16.92,16.92,16.73,16.82,16000,KBS,2026-10-09T05:36:26Z
2025-07-29,VSN,16.73,17.01,16.63,16.82,7800,KBS,2026-10-09T05:36:26Z
2025-07-30,VSN,16.73,17.01,16.63,16.92,2100,KBS,2026-10-09T05:36:26Z
2025-07-31,VSN,16.73,17.01,16.63,17.01,8300,KBS,2026-10-09T05:36:26Z
2025-08-01,VSN,16.73,16.82,16.63,16.82,4200,KBS,2026-10-09T05:36:26Z
2025-08-05,VSN,16.92,16.92,16.82,16.92,6600,KBS,2026-10-09T05:36:26Z
2025-08-07,VSN,16.92,16.92,16.63,16.63,12700,KBS,2026-10-09T05:36:26Z
2025-08-08,VSN,16.73,16.73,16.25,16.25,9000,KBS,2026-10-09T05:36:26Z
2025-08-11,VSN,16.25,16.73,16.25,16.73,3200,KBS,2026-10-09T05:36:26Z
2025-08-12,VSN,16.73,16.73,16.25,16.25,16000,KBS,2026-10-09T05:36:26Z
2025-08-13,VSN,16.73,16.82,16.25,16.63,56500,KBS,2026-10-09T05:36:26Z
2025-08-14,VSN,16.44,16.44,16.44,16.44,12600,KBS,2026-10-09T05:36:26Z
2025-08-15,VSN,16.44,16.44,16.44,16.44,2100,KBS,2026-10-09T05:36:26Z
2025-08-18,VSN,16.44,17.11,16.15,16.92,10700,KBS,2026-10-09T05:36:26Z
2025-08-19,VSN,16.44,16.54,16.34,16.34,7100,KBS,2026-10-09T05:36:26Z
2025-08-20,VSN,16.44,16.44,16.34,16.34,8400,KBS,2026-10-09T05:36:26Z
2025-08-21,VSN,16.54,16.63,16.44,16.54,2500,KBS,2026-10-09T05:36:26Z
2025-08-22,VSN,16.54,16.54,16.24,16.24,3500,KBS,2026-10-09T05:36:26Z
2025-08-25,VSN,16.44,16.44,16.04,16.04,1600,KBS,2026-10-09T05:36:26Z
2025-08-26,VSN,16.24,16.34,15.75,16.34,5300,KBS,2026-10-09T05:36:26Z
2025-08-27,VSN,16.34,16.34,15.85,15.85,4600,KBS,2026-10-09T05:36:26Z
2025-08-28,VSN,16.04,16.04,15.85,15.85,2500,KBS,2026-10-09T05:36:26Z
2025-08-29,VSN,16.24,16.24,16.04,16.04,700,KBS,2026-10-09T05:36:26Z
2025-09-03,VSN,16.24,16.24,15.45,15.85,6800,KBS,2026-10-09T05:36:26Z
2025-09-04,VSN,15.85,15.85,15.75,15.75,10000,KBS,2026-10-09T05:36:26Z
2025-09-05,VSN,15.75,15.75,15.65,15.75,11400,KBS,2026-10-09T05:36:26Z
2025-09-08,VSN,15.75,15.75,15.75,15.75,200,KBS,2026-10-09T05:36:26Z
2025-09-09,VSN,15.75,15.75,15.75,15.75,900,KBS,2026-10-09T05:36:26Z
2025-09-10,VSN,15.75,15.75,15.65,15.65,5100,KBS,2026-10-09T05:36:26Z
2025-09-11,VSN,15.55,15.55,15.45,15.45,2500,KBS,2026-10-09T05:36:26Z
2025-09-12,VSN,15.75,15.75,15.75,15.75,2600,KBS,2026-10-09T05:36:26Z
2025-09-15,VSN,15.75,15.75,15.75,15.75,8900,KBS,2026-10-09T05:36:26Z
2025-09-16,VSN,16.34,16.34,15.75,15.94,2000,KBS,2026-10-09T05:36:26Z
2025-09-17,VSN,15.94,16.04,15.94,15.94,2100,KBS,2026-10-09T05:36:26Z
2025-09-18,VSN,15.75,15.75,15.75,15.75,100,KBS,2026-10-09T05:36:26Z
2025-09-19,VSN,15.75,15.75,15.75,15.75,5700,KBS,2026-10-09T05:36:26Z
2025-09-22,VSN,15.75,15.75,15.65,15.65,800,KBS,2026-10-09T05:36:26Z
2025-09-23,VSN,15.65,15.94,15.65,15.94,200,KBS,2026-10-09T05:36:26Z
2025-09-24,VSN,15.85,15.85,15.85,15.85,1500,KBS,2026-10-09T05:36:26Z
2025-09-25,VSN,15.85,15.85,15.85,15.85,1100,KBS,2026-10-09T05:36:26Z
2025-09-26,VSN,15.65,15.65,15.65,15.65,800,KBS,2026-10-09T05:36:26Z
2025-09-30,VSN,15.65,16.63,15.65,16.63,2800,KBS,2026-10-09T05:36:26Z
2025-10-02,VSN,15.75,15.85,15.75,15.75,1700,KBS,2026-10-09T05:36:26Z
2025-10-03,VSN,15.16,15.16,15.16,15.16,100,KBS,2026-10-09T05:36:26Z
2025-10-06,VSN,15.45,15.45,15.45,15.45,1100,KBS,2026-10-09T05:36:26Z
2025-10-07,VSN,15.65,15.65,15.45,15.65,13300,KBS,2026-10-09T05:36:26Z
2025-10-08,VSN,15.75,15.85,15.75,15.75,1600,KBS,2026-10-09T05:36:26Z
2025-10-09,VSN,15.85,15.85,15.85,15.85,800,KBS,2026-10-09T05:36:26Z
2025-10-10,VSN,15.75,16.24,15.75,16.04,2100,KBS,2026-10-09T05:36:26Z
2025-10-13,VSN,15.94,15.94,15.94,15.94,200,KBS,2026-10-09T05:36:26Z
2025-10-14,VSN,15.55,15.94,15.55,15.94,900,KBS,2026-10-09T05:36:26Z
2025-10-15,VSN,15.65,15.65,15.45,15.45,8000,KBS,2026-10-09T05:36:26Z
2025-10-16,VSN,15.65,16.14,15.45,16.14,22700,KBS,2026-10-09T05:36:26Z
2025-10-17,VSN,15.65,15.65,15.55,15.55,1500,KBS,2026-10-09T05:36:26Z
2025-10-20,VSN,13.39,14.57,13.39,14.27,2500,KBS,2026-10-09T05:36:26Z
2025-10-21,VSN,15.65,15.65,14.76,14.76,400,KBS,2026-10-09T05:36:26Z
2025-10-22,VSN,14.76,15.26,14.76,15.26,1800,KBS,2026-10-09T05:36:26Z
2025-10-23,VSN,15.06,15.06,15.06,15.06,400,KBS,2026-10-09T05:36:26Z
2025-10-24,VSN,15.75,15.75,15.75,15.75,100,KBS,2026-10-09T05:36:26Z
2025-10-27,VSN,13.88,15.65,13.88,15.65,400,KBS,2026-10-09T05:36:26Z
2025-10-28,VSN,15.26,15.55,15.16,15.16,1200,KBS,2026-10-09T05:36:26Z
2025-10-29,VSN,16.14,16.14,14.57,14.57,400,KBS,2026-10-09T05:36:26Z
2025-10-30,VSN,14.66,14.76,14.27,14.76,3500,KBS,2026-10-09T05:36:26Z
2025-10-31,VSN,14.57,14.76,14.57,14.76,1900,KBS,2026-10-09T05:36:26Z
2025-11-03,VSN,15.45,15.45,15.45,15.45,200,KBS,2026-10-09T05:36:26Z
2025-11-04,VSN,15.26,15.65,15.26,15.65,2200,KBS,2026-10-09T05:36:26Z
2025-11-06,VSN,14.76,15.55,14.76,15.55,400,KBS,2026-10-09T05:36:26Z
2025-11-07,VSN,16.34,16.34,16.34,16.34,400,KBS,2026-10-09T05:36:26Z
2025-11-10,VSN,14.76,14.76,14.76,14.76,100,KBS,2026-10-09T05:36:26Z
2025-11-11,VSN,15.26,16.63,13.78,15.75,800,KBS,2026-10-09T05:36:26Z
2025-11-12,VSN,15.26,15.26,15.06,15.06,1200,KBS,2026-10-09T05:36:26Z
2025-11-13,VSN,16.44,16.44,15.65,15.65,1400,KBS,2026-10-09T05:36:26Z
2025-11-14,VSN,14.37,14.86,14.37,14.76,400,KBS,2026-10-09T05:36:26Z
2025-11-17,VSN,15.45,15.45,15.35,15.45,1900,KBS,2026-10-09T05:36:26Z
2025-11-18,VSN,14.86,14.86,14.86,14.86,100,KBS,2026-10-09T05:36:26Z
2025-11-19,VSN,14.86,15.45,14.86,15.35,1500,KBS,2026-10-09T05:36:26Z
2025-11-20,VSN,15.65,15.65,15.06,15.35,600,KBS,2026-10-09T05:36:26Z
2025-11-21,VSN,15.06,15.06,14.96,14.96,1400,KBS,2026-10-09T05:36:26Z
2025-11-25,VSN,15.45,15.45,15.45,15.45,300,KBS,2026-10-09T05:36:26Z
2025-11-27,VSN,15.65,15.65,15.65,15.65,100,KBS,2026-10-09T05:36:26Z
2025-12-01,VSN,14.08,15.45,14.08,15.45,300,KBS,2026-10-09T05:36:26Z
2025-12-02,VSN,15.45,15.45,15.45,15.45,100,KBS,2026-10-09T05:36:26Z
2025-12-03,VSN,15.55,15.55,15.55,15.55,100,KBS,2026-10-09T05:36:26Z
2025-12-04,VSN,15.55,15.55,15.45,15.55,1600,KBS,2026-10-09T05:36:26Z
2025-12-05,VSN,15.55,15.55,15.55,15.55,200,KBS,2026-10-09T05:36:26Z
2025-12-08,VSN,15.75,15.75,15.55,15.75,3000,KBS,2026-10-09T05:36:26Z
2025-12-09,VSN,15.55,15.55,15.55,15.55,200,KBS,2026-10-09T05:36:26Z
2025-12-10,VSN,16.34,16.34,15.16,15.16,300,KBS,2026-10-09T05:36:26Z
2025-12-11,VSN,15.55,15.55,15.55,15.55,200,KBS,2026-10-09T05:36:26Z
2025-12-12,VSN,15.55,15.55,15.55,15.55,1400,KBS,2026-10-09T05:36:26Z
2025-12-15,VSN,16.54,16.54,15.75,15.75,400,KBS,2026-10-09T05:36:26Z
2025-12-17,VSN,15.75,15.75,15.55,15.75,3400,KBS,2026-10-09T05:36:26Z
2025-12-18,VSN,15.55,15.55,15.55,15.55,600,KBS,2026-10-09T05:36:26Z
2025-12-19,VSN,15.55,15.55,15.55,15.55,100,KBS,2026-10-09T05:36:26Z
2025-12-24,VSN,15.65,15.65,15.65,15.65,100,KBS,2026-10-09T05:36:26Z
2025-12-26,VSN,13.98,15.55,13.39,15.55,2300,KBS,2026-10-09T05:36:26Z
2025-12-29,VSN,15.26,15.26,14.76,14.96,1000,KBS,2026-10-09T05:36:26Z
2025-12-30,VSN,15.16,15.16,15.16,15.16,800,KBS,2026-10-09T05:36:26Z
2026-01-05,VSN,16.14,16.14,15.75,15.75,500,KBS,2026-10-09T05:36:26Z
2026-01-07,VSN,15.65,15.65,15.65,15.65,200,KBS,2026-10-09T05:36:26Z
2026-01-08,VSN,16.04,16.24,14.08,16.24,13600,KBS,2026-10-09T05:36:26Z
2026-01-09,VSN,16.24,16.24,15.85,16.14,6500,KBS,2026-10-09T05:36:26Z
2026-01-12,VSN,16.24,17.13,15.94,15.94,10500,KBS,2026-10-09T05:36:26Z
2026-01-13,VSN,16.63,16.63,16.14,16.14,500,KBS,2026-10-09T05:36:26Z
2026-01-14,VSN,16.54,16.73,16.44,16.73,18300,KBS,2026-10-09T05:36:26Z
2026-01-15,VSN,16.63,16.73,15.75,16.73,2200,KBS,2026-10-09T05:36:26Z
2026-01-16,VSN,16.83,16.83,16.73,16.83,5900,KBS,2026-10-09T05:36:26Z
2026-01-19,VSN,16.73,16.73,16.73,16.73,400,KBS,2026-10-09T05:36:26Z
2026-01-20,VSN,16.73,16.73,16.73,16.73,1600,KBS,2026-10-09T05:36:26Z
2026-01-21,VSN,16.73,16.73,16.73,16.73,100,KBS,2026-10-09T05:36:26Z
2026-01-22,VSN,16.63,16.63,16.63,16.63,200,KBS,2026-10-09T05:36:26Z
2026-01-26,VSN,16.54,16.63,16.54,16.63,700,KBS,2026-10-09T05:36:26Z
2026-01-27,VSN,16.54,16.54,16.54,16.54,400,KBS,2026-10-09T05:36:26Z
2026-01-28,VSN,16.54,16.73,16.54,16.73,2300,KBS,2026-10-09T05:36:26Z
2026-01-29,VSN,16.63,16.63,16.63,16.63,500,KBS,2026-10-09T05:36:26Z
2026-02-05,VSN,16.44,16.44,16.44,16.44,500,KBS,2026-10-09T05:36:26Z
2026-02-09,VSN,16.73,16.73,16.73,16.73,500,KBS,2026-10-09T05:36:26Z
2026-02-10,VSN,19.19,19.19,16.73,16.73,17000,KBS,2026-10-09T05:36:26Z
2026-02-12,VSN,17.32,17.32,17.32,17.32,100,KBS,2026-10-09T05:36:26Z
2026-02-13,VSN,15.55,15.55,15.55,15.55,100,KBS,2026-10-09T05:36:26Z
2026-02-23,VSN,17.32,17.32,17.13,17.32,8400,KBS,2026-10-09T05:36:26Z
2026-02-24,VSN,17.22,17.22,17.22,17.22,2200,KBS,2026-10-09T05:36:26Z
2026-02-25,VSN,16.73,16.73,16.34,16.34,3100,KBS,2026-10-09T05:36:26Z
2026-02-26,VSN,16.63,16.73,16.63,16.73,200,KBS,2026-10-09T05:36:26Z
2026-02-27,VSN,16.73,16.73,16.73,16.73,200,KBS,2026-10-09T05:36:26Z
2026-03-02,VSN,16.73,16.73,16.73,16.73,100,KBS,2026-10-09T05:36:26Z
2026-03-03,VSN,16.73,16.73,16.73,16.73,400,KBS,2026-10-09T05:36:26Z
2026-03-04,VSN,16.73,16.83,16.73,16.73,2800,KBS,2026-10-09T05:36:26Z
2026-03-05,VSN,16.73,16.73,16.73,16.73,100,KBS,2026-10-09T05:36:26Z
2026-03-06,VSN,15.35,16.73,15.26,16.73,3100,KBS,2026-10-09T05:36:26Z
2026-03-09,VSN,16.63,16.63,16.54,16.54,1700,KBS,2026-10-09T05:36:26Z
2026-03-10,VSN,16.63,16.63,16.54,16.54,3100,KBS,2026-10-09T05:36:26Z
2026-03-11,VSN,15.45,16.44,15.45,16.44,600,KBS,2026-10-09T05:36:26Z
2026-03-12,VSN,15.65,15.65,15.65,15.65,200,KBS,2026-10-09T05:36:26Z
2026-03-13,VSN,16.54,16.54,16.54,16.54,100,KBS,2026-10-09T05:36:26Z
2026-03-16,VSN,16.63,16.63,16.63,16.63,100,KBS,2026-10-09T05:36:26Z
2026-03-17,VSN,16.73,16.73,16.73,16.73,1100,KBS,2026-10-09T05:36:26Z
2026-03-23,VSN,16.63,16.63,16.63,16.63,100,KBS,2026-10-09T05:36:26Z
2026-03-24,VSN,16.73,16.73,16.63,16.63,200,KBS,2026-10-09T05:36:26Z
2026-03-25,VSN,16.73,16.73,16.73,16.73,200,KBS,2026-10-09T05:36:26Z
2026-04-01,VSN,15.75,15.75,15.65,15.65,700,KBS,2026-10-09T05:36:26Z
2026-04-02,VSN,15.75,15.75,15.75,15.75,100,KBS,2026-10-09T05:36:26Z
2026-04-06,VSN,15.75,15.75,15.75,15.75,300,KBS,2026-10-09T05:36:26Z
2026-04-07,VSN,15.06,15.06,15.06,15.06,300,KBS,2026-10-09T05:36:26Z
2026-04-08,VSN,16.63,16.63,16.63,16.63,100,KBS,2026-10-09T05:36:26Z
2026-04-09,VSN,16.44,16.44,16.34,16.34,1500,KBS,2026-10-09T05:36:26Z
2026-04-15,VSN,15.94,15.94,13.98,13.98,50800,KBS,2026-10-09T05:36:26Z
2026-04-16,VSN,15.55,15.55,15.55,15.55,200,KBS,2026-10-09T05:36:26Z
2026-04-17,VSN,14.76,15.26,14.57,14.66,5700,KBS,2026-10-09T05:36:26Z
2026-04-20,VSN,14.66,15.06,14.08,14.08,4500,KBS,2026-10-09T05:36:26Z
2026-04-21,VSN,14.47,14.57,14.08,14.27,8000,KBS,2026-10-09T05:36:26Z
2026-04-22,VSN,14.27,14.27,14.27,14.27,200,KBS,2026-10-09T05:36:26Z
2026-04-23,VSN,14.17,14.27,13.98,13.98,1600,KBS,2026-10-09T05:36:26Z
2026-04-24,VSN,13.98,13.98,13.88,13.88,900,KBS,2026-10-09T05:36:26Z
2026-04-28,VSN,14.37,14.37,13.78,13.78,700,KBS,2026-10-09T05:36:26Z
2026-04-29,VSN,14.37,14.37,14.37,14.37,100,KBS,2026-10-09T05:36:26Z
2026-05-04,VSN,13.88,13.88,13.78,13.78,1200,KBS,2026-10-09T05:36:26Z
2026-05-05,VSN,13.98,14.17,13.98,14.17,18200,KBS,2026-10-09T05:36:26Z
2026-05-06,VSN,14.17,14.27,14.17,14.27,1100,KBS,2026-10-09T05:36:26Z
2026-05-07,VSN,14.17,14.17,13.88,13.88,800,KBS,2026-10-09T05:36:26Z
2026-05-08,VSN,13.98,13.98,13.98,13.98,300,KBS,2026-10-09T05:36:26Z
2026-05-11,VSN,13.88,13.88,13.88,13.88,100,KBS,2026-10-09T05:36:26Z
2026-05-12,VSN,13.88,13.88,13.88,13.88,500,KBS,2026-10-09T05:36:26Z
2026-05-13,VSN,13.88,13.88,13.88,13.88,100,KBS,2026-10-09T05:36:26Z
2026-05-14,VSN,13.78,13.78,13.78,13.78,1600,KBS,2026-10-09T05:36:26Z
2026-05-15,VSN,13.78,13.78,13.78,13.78,400,KBS,2026-10-09T05:36:26Z
2026-05-20,VSN,13.58,13.58,13.39,13.39,2300,KBS,2026-10-09T05:36:26Z
2026-05-22,VSN,12.99,13.48,12.99,13.48,200,KBS,2026-10-09T05:36:26Z
2026-05-25,VSN,12.99,12.99,12.8,12.8,2600,KBS,2026-10-09T05:36:26Z
2026-05-26,VSN,12.99,12.99,12.99,12.99,200,KBS,2026-10-09T05:36:26Z
2026-05-27,VSN,13.19,13.29,13.19,13.29,2400,KBS,2026-10-09T05:36:26Z
2026-05-29,VSN,13.29,13.29,13.29,13.29,500,KBS,2026-10-09T05:36:26Z
2026-06-01,VSN,13.39,13.39,13.29,13.29,300,KBS,2026-10-09T05:36:26Z
2026-06-03,VSN,13.39,13.39,13.39,13.39,200,KBS,2026-10-09T05:36:26Z
2026-06-08,VSN,12.8,12.89,12.8,12.89,300,KBS,2026-10-09T05:36:26Z
2026-06-11,VSN,13.29,13.68,13.29,13.68,700,KBS,2026-10-09T05:36:26Z
2026-06-12,VSN,13.58,13.78,13.58,13.78,200,KBS,2026-10-09T05:36:26Z
2026-06-16,VSN,13.68,13.68,12.8,12.8,4100,KBS,2026-10-09T05:36:26Z
2026-06-17,VSN,13.48,13.48,13.39,13.39,1000,KBS,2026-10-09T05:36:26Z
2026-06-18,VSN,13.29,13.29,12.8,12.8,1100,KBS,2026-10-09T05:36:26Z
2026-06-19,VSN,12.8,12.99,12.8,12.99,1500,KBS,2026-10-09T05:36:26Z
2026-06-22,VSN,12.89,12.89,12.89,12.89,1000,KBS,2026-10-09T05:36:26Z
2026-06-23,VSN,12.99,12.99,12.99,12.99,200,KBS,2026-10-09T05:36:26Z
2026-06-24,VSN,13.09,13.09,12.8,12.99,900,KBS,2026-10-09T05:36:26Z
2026-06-25,VSN,12.8,12.8,12.3,12.4,2500,KBS,2026-10-09T05:36:26Z
2026-06-26,VSN,12.8,12.8,12.8,12.8,500,KBS,2026-10-09T05:36:26Z
2026-06-29,VSN,12.5,12.5,12.5,12.5,100,KBS,2026-10-09T05:36:26Z
2026-06-30,VSN,12.8,12.8,12.8,12.8,500,KBS,2026-10-09T05:36:26Z
2026-07-01,VSN,12.89,12.89,12.8,12.8,700,KBS,2026-10-09T05:36:26Z
2026-07-03,VSN,12.6,12.6,12.6,12.6,200,KBS,2026-10-09T05:36:26Z
2026-07-08,VSN,12.6,12.6,12.6,12.6,1500,KBS,2026-10-09T05:36:26Z
2026-07-09,VSN,12.6,12.6,12.6,12.6,100,KBS,2026-10-09T05:36:26Z
2026-07-14,VSN,12.7,12.7,12.7,12.7,500,KBS,2026-10-09T05:36:26Z
2026-07-16,VSN,12.6,12.6,12.6,12.6,300,KBS,2026-10-09T05:36:26Z
2026-07-17,VSN,12.7,12.8,12.7,12.8,1000,KBS,2026-10-09T05:36:26Z
2026-07-20,VSN,12.3,12.3,12.3,12.3,100,KBS,2026-10-09T05:36:26Z
2026-07-22,VSN,12.3,12.3,12.3,12.3,100,KBS,2026-10-09T05:36:26Z
2026-07-28,VSN,12.2,12.2,11.61,11.61,1000,KBS,2026-10-09T05:36:26Z
2026-07-30,VSN,12.11,12.11,12.11,12.11,700,KBS,2026-10-09T05:36:26Z
2026-07-31,VSN,12.8,12.8,12.8,12.8,500,KBS,2026-10-09T05:36:26Z
2026-08-03,VSN,12.8,12.8,12.7,12.7,900,KBS,2026-10-09T05:36:26Z
2026-08-04,VSN,12.6,12.6,12.6,12.6,200,KBS,2026-10-09T05:36:26Z
2026-08-05,VSN,12.6,12.6,12.2,12.2,900,KBS,2026-10-09T05:36:26Z
2026-08-13,VSN,12.5,12.5,12.5,12.5,100,KBS,2026-10-09T05:36:26Z
2026-09-03,VSN,10.7,13.9,10.7,13.9,400,KBS,2026-10-09T05:36:26Z
2026-09-10,VSN,13.7,13.7,13.7,13.7,100,KBS,2026-10-09T05:36:26Z
2026-09-11,VSN,13.0,13.0,13.0,13.0,200,KBS,2026-10-09T05:36:26Z
2026-09-14,VSN,13.6,13.6,13.0,13.0,700,KBS,2026-10-09T05:36:26Z
2026-09-18,VSN,13.5,13.8,13.5,13.8,1300,KBS,2026-10-09T05:36:26Z
2026-09-21,VSN,14.4,14.4,14.4,14.4,100,KBS,2026-10-09T05:36:26Z
2026-09-22,VSN,14.0,14.4,14.0,14.4,900,KBS,2026-10-09T05:36:26Z
2026-09-23,VSN,13.5,13.5,13.5,13.5,100,KBS,2026-10-09T05:36:26Z
2026-09-24,VSN,14.9,14.9,14.9,14.9,100,KBS,2026-10-09T05:36:26Z
2026-09-25,VSN,14.9,15.0,14.9,15.0,1100,KBS,2026-10-09T05:36:26Z
2026-09-28,VSN,14.5,14.5,14.5,14.5,400,KBS,2026-10-09T05:36:26Z
2026-09-29,VSN,14.5,14.5,14.4,14.5,2300,KBS,2026-10-09T05:36:26Z
2026-09-30,VSN,14.4,14.4,14.4,14.4,1300,KBS,2026-10-09T05:36:26Z
2026-10-02,VSN,15.9,15.9,15.9,15.9,100,KBS,2026-10-09T05:36:26Z
2026-10-05,VSN,14.5,14.5,14.3,14.5,3600,KBS,2026-10-09T05:36:26Z
2026-10-06,VSN,14.4,14.5,14.4,14.5,1800,KBS,2026-10-09T05:36:26Z
2026-10-08,VSN,13.6,13.6,13.6,13.6,600,KBS,2026-10-09T05:36:26Z
2026-10-09,VSN,13.6,13.6,13.6,13.6,100,KBS,2026-10-09T05:36:26Z
