date,symbol,open,high,low,close,volume,source,fetched_at
2018-10-11,WSS,3.0,3.0,2.8,2.9,60600,KBS,2026-10-09T04:22:37Z
2018-10-12,WSS,2.8,2.9,2.7,2.9,6500,KBS,2026-10-09T04:22:37Z
2018-10-15,WSS,2.8,2.8,2.7,2.7,23300,KBS,2026-10-09T04:22:37Z
2018-10-16,WSS,2.6,2.7,2.5,2.7,30100,KBS,2026-10-09T04:22:37Z
2018-10-17,WSS,2.7,2.7,2.7,2.7,1100,KBS,2026-10-09T04:22:37Z
2018-10-18,WSS,2.7,2.7,2.7,2.7,1100,KBS,2026-10-09T04:22:37Z
2018-10-19,WSS,2.7,2.7,2.6,2.7,7100,KBS,2026-10-09T04:22:37Z
2018-10-24,WSS,2.7,2.7,2.6,2.7,7600,KBS,2026-10-09T04:22:37Z
2018-10-25,WSS,2.6,2.7,2.6,2.7,1100,KBS,2026-10-09T04:22:37Z
2018-10-26,WSS,2.6,2.7,2.5,2.7,4900,KBS,2026-10-09T04:22:37Z
2018-10-29,WSS,2.6,2.7,2.6,2.7,3800,KBS,2026-10-09T04:22:37Z
2018-10-30,WSS,2.7,2.7,2.6,2.7,8100,KBS,2026-10-09T04:22:37Z
2018-10-31,WSS,2.7,2.8,2.6,2.8,7300,KBS,2026-10-09T04:22:37Z
2018-11-01,WSS,2.7,2.8,2.6,2.8,7100,KBS,2026-10-09T04:22:37Z
2018-11-02,WSS,2.7,2.8,2.7,2.7,3300,KBS,2026-10-09T04:22:37Z
2018-11-05,WSS,2.8,2.8,2.7,2.8,2700,KBS,2026-10-09T04:22:37Z
2018-11-06,WSS,2.8,2.8,2.8,2.8,5000,KBS,2026-10-09T04:22:37Z
2018-11-07,WSS,2.7,2.8,2.7,2.8,11900,KBS,2026-10-09T04:22:37Z
2018-11-09,WSS,2.8,2.8,2.7,2.8,24400,KBS,2026-10-09T04:22:37Z
2018-11-12,WSS,2.7,2.9,2.7,2.9,5700,KBS,2026-10-09T04:22:37Z
2018-11-13,WSS,2.7,2.9,2.7,2.9,400,KBS,2026-10-09T04:22:37Z
2018-11-14,WSS,2.7,2.9,2.7,2.9,200,KBS,2026-10-09T04:22:37Z
2018-11-15,WSS,2.9,2.9,2.8,2.8,21100,KBS,2026-10-09T04:22:37Z
2018-11-16,WSS,2.8,2.9,2.8,2.9,200,KBS,2026-10-09T04:22:37Z
2018-11-19,WSS,2.9,2.9,2.9,2.9,7000,KBS,2026-10-09T04:22:37Z
2018-11-21,WSS,2.9,2.9,2.9,2.9,300,KBS,2026-10-09T04:22:37Z
2018-11-22,WSS,2.8,2.9,2.8,2.9,600,KBS,2026-10-09T04:22:37Z
2018-11-23,WSS,2.9,2.9,2.9,2.9,5000,KBS,2026-10-09T04:22:37Z
2018-11-26,WSS,2.9,2.9,2.9,2.9,2500,KBS,2026-10-09T04:22:37Z
2018-11-27,WSS,2.8,2.9,2.8,2.9,12800,KBS,2026-10-09T04:22:37Z
2018-11-28,WSS,2.8,2.9,2.8,2.9,22400,KBS,2026-10-09T04:22:37Z
2018-11-29,WSS,2.8,2.9,2.8,2.8,25900,KBS,2026-10-09T04:22:37Z
2018-11-30,WSS,2.9,2.9,2.8,2.9,16100,KBS,2026-10-09T04:22:37Z
2018-12-03,WSS,3.0,3.0,3.0,3.0,100,KBS,2026-10-09T04:22:37Z
2018-12-05,WSS,2.9,2.9,2.9,2.9,10000,KBS,2026-10-09T04:22:37Z
2018-12-06,WSS,2.9,3.0,2.9,3.0,12100,KBS,2026-10-09T04:22:37Z
2018-12-07,WSS,2.9,2.9,2.9,2.9,5900,KBS,2026-10-09T04:22:37Z
2018-12-10,WSS,2.9,2.9,2.9,2.9,7700,KBS,2026-10-09T04:22:37Z
2018-12-11,WSS,3.0,3.0,3.0,3.0,100,KBS,2026-10-09T04:22:37Z
2018-12-12,WSS,2.9,3.0,2.9,3.0,5300,KBS,2026-10-09T04:22:37Z
2018-12-13,WSS,2.9,2.9,2.9,2.9,500,KBS,2026-10-09T04:22:37Z
2018-12-14,WSS,2.8,2.9,2.8,2.9,1500,KBS,2026-10-09T04:22:37Z
2018-12-17,WSS,2.9,2.9,2.9,2.9,2500,KBS,2026-10-09T04:22:37Z
2018-12-19,WSS,2.8,2.9,2.8,2.9,1300,KBS,2026-10-09T04:22:37Z
2018-12-21,WSS,2.8,2.9,2.8,2.9,2100,KBS,2026-10-09T04:22:37Z
2018-12-25,WSS,2.8,2.8,2.7,2.8,4800,KBS,2026-10-09T04:22:37Z
2018-12-26,WSS,2.7,2.9,2.7,2.9,16800,KBS,2026-10-09T04:22:37Z
2018-12-27,WSS,2.9,2.9,2.8,2.9,4200,KBS,2026-10-09T04:22:37Z
2018-12-28,WSS,2.8,3.0,2.8,3.0,4100,KBS,2026-10-09T04:22:37Z
2019-01-02,WSS,2.9,2.9,2.8,2.8,1100,KBS,2026-10-09T04:22:37Z
2019-01-03,WSS,2.7,2.9,2.7,2.9,32700,KBS,2026-10-09T04:22:37Z
2019-01-04,WSS,2.8,3.0,2.7,3.0,114900,KBS,2026-10-09T04:22:37Z
2019-01-07,WSS,2.8,2.9,2.8,2.9,9100,KBS,2026-10-09T04:22:37Z
2019-01-08,WSS,2.8,2.9,2.8,2.9,29200,KBS,2026-10-09T04:22:37Z
2019-01-09,WSS,2.9,2.9,2.9,2.9,5800,KBS,2026-10-09T04:22:37Z
2019-01-10,WSS,2.9,2.9,2.8,2.8,4800,KBS,2026-10-09T04:22:37Z
2019-01-11,WSS,2.7,2.9,2.7,2.8,10300,KBS,2026-10-09T04:22:37Z
2019-01-14,WSS,2.8,2.8,2.8,2.8,1000,KBS,2026-10-09T04:22:37Z
2019-01-15,WSS,2.7,2.8,2.7,2.8,200,KBS,2026-10-09T04:22:37Z
2019-01-16,WSS,2.8,2.8,2.8,2.8,1400,KBS,2026-10-09T04:22:37Z
2019-01-17,WSS,2.8,2.8,2.8,2.8,100,KBS,2026-10-09T04:22:37Z
2019-01-18,WSS,2.8,2.9,2.8,2.8,8200,KBS,2026-10-09T04:22:37Z
2019-01-21,WSS,2.9,2.9,2.8,2.8,7600,KBS,2026-10-09T04:22:37Z
2019-01-22,WSS,2.8,2.8,2.8,2.8,100,KBS,2026-10-09T04:22:37Z
2019-01-23,WSS,2.8,3.0,2.8,3.0,47000,KBS,2026-10-09T04:22:37Z
2019-01-24,WSS,3.0,3.0,2.9,2.9,500,KBS,2026-10-09T04:22:37Z
2019-01-25,WSS,3.0,3.0,2.9,2.9,1100,KBS,2026-10-09T04:22:37Z
2019-01-28,WSS,3.0,3.0,2.9,2.9,5100,KBS,2026-10-09T04:22:37Z
2019-01-29,WSS,2.9,2.9,2.8,2.9,6400,KBS,2026-10-09T04:22:37Z
2019-01-31,WSS,2.9,2.9,2.9,2.9,1100,KBS,2026-10-09T04:22:37Z
2019-02-01,WSS,2.7,3.0,2.7,2.8,300,KBS,2026-10-09T04:22:37Z
2019-02-11,WSS,2.8,2.8,2.8,2.8,1100,KBS,2026-10-09T04:22:37Z
2019-02-12,WSS,2.8,2.9,2.8,2.9,1400,KBS,2026-10-09T04:22:37Z
2019-02-13,WSS,2.9,2.9,2.8,2.8,1400,KBS,2026-10-09T04:22:37Z
2019-02-14,WSS,2.9,2.9,2.8,2.8,1100,KBS,2026-10-09T04:22:37Z
2019-02-15,WSS,2.8,2.8,2.8,2.8,4100,KBS,2026-10-09T04:22:37Z
2019-02-18,WSS,2.9,2.9,2.8,2.8,800,KBS,2026-10-09T04:22:37Z
2019-02-19,WSS,2.9,2.9,2.8,2.8,6600,KBS,2026-10-09T04:22:37Z
2019-02-20,WSS,2.9,2.9,2.8,2.8,900,KBS,2026-10-09T04:22:37Z
2019-02-21,WSS,2.9,2.9,2.8,2.8,5300,KBS,2026-10-09T04:22:37Z
2019-02-22,WSS,2.9,3.0,2.8,2.9,17200,KBS,2026-10-09T04:22:37Z
2019-02-25,WSS,3.0,3.0,2.9,2.9,10100,KBS,2026-10-09T04:22:37Z
2019-02-26,WSS,2.9,3.0,2.8,2.8,3100,KBS,2026-10-09T04:22:37Z
2019-02-27,WSS,3.0,3.0,2.8,2.8,10100,KBS,2026-10-09T04:22:37Z
2019-02-28,WSS,2.9,3.0,2.8,2.9,9300,KBS,2026-10-09T04:22:37Z
2019-03-01,WSS,3.0,3.1,2.8,2.9,17400,KBS,2026-10-09T04:22:37Z
2019-03-04,WSS,3.0,3.1,2.9,2.9,10900,KBS,2026-10-09T04:22:37Z
2019-03-05,WSS,3.0,3.0,2.9,2.9,39800,KBS,2026-10-09T04:22:37Z
2019-03-06,WSS,3.1,3.1,2.9,3.0,16300,KBS,2026-10-09T04:22:37Z
2019-03-07,WSS,3.1,3.2,3.1,3.2,12900,KBS,2026-10-09T04:22:37Z
2019-03-08,WSS,3.0,3.1,3.0,3.1,1200,KBS,2026-10-09T04:22:37Z
2019-03-11,WSS,3.0,3.1,3.0,3.0,1100,KBS,2026-10-09T04:22:37Z
2019-03-12,WSS,3.0,3.1,3.0,3.0,21100,KBS,2026-10-09T04:22:37Z
2019-03-13,WSS,3.1,3.1,2.9,2.9,2200,KBS,2026-10-09T04:22:37Z
2019-03-14,WSS,3.1,3.1,3.0,3.0,5700,KBS,2026-10-09T04:22:37Z
2019-03-15,WSS,3.1,3.1,3.1,3.1,6200,KBS,2026-10-09T04:22:37Z
2019-03-18,WSS,2.9,3.2,2.9,3.1,600,KBS,2026-10-09T04:22:37Z
2019-03-19,WSS,3.0,3.2,3.0,3.0,600,KBS,2026-10-09T04:22:37Z
2019-03-20,WSS,3.2,3.2,3.0,3.0,400,KBS,2026-10-09T04:22:37Z
2019-03-21,WSS,3.0,3.0,3.0,3.0,100,KBS,2026-10-09T04:22:37Z
2019-03-22,WSS,3.0,3.1,3.0,3.0,3300,KBS,2026-10-09T04:22:37Z
2019-03-25,WSS,3.0,3.3,2.9,3.0,44300,KBS,2026-10-09T04:22:37Z
2019-03-26,WSS,2.9,2.9,2.9,2.9,100,KBS,2026-10-09T04:22:37Z
2019-03-27,WSS,3.0,3.1,2.9,3.1,14300,KBS,2026-10-09T04:22:37Z
2019-03-28,WSS,3.1,3.4,3.1,3.2,46600,KBS,2026-10-09T04:22:37Z
2019-03-29,WSS,3.2,3.4,3.1,3.3,27200,KBS,2026-10-09T04:22:37Z
2019-04-01,WSS,3.2,3.2,3.2,3.2,2000,KBS,2026-10-09T04:22:37Z
2019-04-02,WSS,3.2,3.2,3.1,3.2,4300,KBS,2026-10-09T04:22:37Z
2019-04-03,WSS,3.2,3.2,3.1,3.1,300,KBS,2026-10-09T04:22:37Z
2019-04-04,WSS,3.1,3.1,3.0,3.0,200,KBS,2026-10-09T04:22:37Z
2019-04-05,WSS,3.1,3.1,3.0,3.0,200,KBS,2026-10-09T04:22:37Z
2019-04-08,WSS,3.1,3.1,3.1,3.1,900,KBS,2026-10-09T04:22:37Z
2019-04-09,WSS,3.2,3.2,3.2,3.2,43700,KBS,2026-10-09T04:22:37Z
2019-04-10,WSS,3.1,3.1,2.9,3.1,1100,KBS,2026-10-09T04:22:37Z
2019-04-11,WSS,3.1,3.2,3.1,3.2,20500,KBS,2026-10-09T04:22:37Z
2019-04-12,WSS,3.2,3.2,3.2,3.2,3700,KBS,2026-10-09T04:22:37Z
2019-04-16,WSS,3.0,3.2,3.0,3.2,200,KBS,2026-10-09T04:22:37Z
2019-04-18,WSS,3.1,3.2,3.1,3.2,2100,KBS,2026-10-09T04:22:37Z
2019-04-19,WSS,3.2,3.2,3.2,3.2,13700,KBS,2026-10-09T04:22:37Z
2019-04-23,WSS,3.2,3.2,3.1,3.2,5900,KBS,2026-10-09T04:22:37Z
2019-04-24,WSS,3.1,3.1,3.1,3.1,1100,KBS,2026-10-09T04:22:37Z
2019-04-25,WSS,3.1,3.1,3.0,3.0,8200,KBS,2026-10-09T04:22:37Z
2019-04-26,WSS,3.1,3.1,3.1,3.1,3200,KBS,2026-10-09T04:22:37Z
2019-05-06,WSS,3.1,3.1,3.1,3.1,4400,KBS,2026-10-09T04:22:37Z
2019-05-07,WSS,3.1,3.1,3.1,3.1,3000,KBS,2026-10-09T04:22:37Z
2019-05-09,WSS,3.0,3.0,3.0,3.0,400,KBS,2026-10-09T04:22:37Z
2019-05-20,WSS,3.0,3.0,3.0,3.0,100,KBS,2026-10-09T04:22:37Z
2019-05-22,WSS,3.0,3.0,3.0,3.0,100,KBS,2026-10-09T04:22:37Z
2019-05-23,WSS,3.0,3.0,3.0,3.0,100,KBS,2026-10-09T04:22:37Z
2019-05-28,WSS,2.7,2.7,2.7,2.7,700,KBS,2026-10-09T04:22:37Z
2019-05-29,WSS,2.8,2.8,2.7,2.8,3600,KBS,2026-10-09T04:22:37Z
2019-05-31,WSS,2.9,2.9,2.8,2.8,2000,KBS,2026-10-09T04:22:37Z
2019-06-03,WSS,2.9,2.9,2.7,2.7,31200,KBS,2026-10-09T04:22:37Z
2019-06-05,WSS,2.5,2.5,2.5,2.5,100,KBS,2026-10-09T04:22:37Z
2019-06-06,WSS,2.5,2.6,2.5,2.6,2000,KBS,2026-10-09T04:22:37Z
2019-06-07,WSS,2.8,2.8,2.8,2.8,100,KBS,2026-10-09T04:22:37Z
2019-06-11,WSS,2.8,3.0,2.8,2.8,3200,KBS,2026-10-09T04:22:37Z
2019-06-13,WSS,2.8,2.8,2.8,2.8,200,KBS,2026-10-09T04:22:37Z
2019-06-14,WSS,2.6,3.0,2.6,3.0,800,KBS,2026-10-09T04:22:37Z
2019-06-17,WSS,3.3,3.3,3.3,3.3,100,KBS,2026-10-09T04:22:37Z
2019-06-26,WSS,3.0,3.0,3.0,3.0,4000,KBS,2026-10-09T04:22:37Z
2019-06-27,WSS,2.8,2.8,2.8,2.8,1300,KBS,2026-10-09T04:22:37Z
2019-06-28,WSS,2.8,2.8,2.6,2.7,2000,KBS,2026-10-09T04:22:37Z
2019-07-01,WSS,2.5,2.9,2.5,2.9,200,KBS,2026-10-09T04:22:37Z
2019-07-02,WSS,2.7,2.7,2.7,2.7,800,KBS,2026-10-09T04:22:37Z
2019-07-04,WSS,2.5,2.5,2.5,2.5,100,KBS,2026-10-09T04:22:37Z
2019-07-05,WSS,2.7,2.7,2.7,2.7,300,KBS,2026-10-09T04:22:37Z
2019-07-08,WSS,2.8,2.8,2.8,2.8,3000,KBS,2026-10-09T04:22:37Z
2019-07-10,WSS,2.6,2.6,2.6,2.6,2700,KBS,2026-10-09T04:22:37Z
2019-07-11,WSS,2.5,2.5,2.5,2.5,300,KBS,2026-10-09T04:22:37Z
2019-07-12,WSS,2.7,2.7,2.7,2.7,5600,KBS,2026-10-09T04:22:37Z
2019-08-05,WSS,2.5,2.5,2.5,2.5,100,KBS,2026-10-09T04:22:37Z
2019-08-08,WSS,2.4,2.4,2.4,2.4,600,KBS,2026-10-09T04:22:37Z
2019-08-21,WSS,2.5,2.5,2.5,2.5,200,KBS,2026-10-09T04:22:37Z
2019-08-28,WSS,2.5,2.5,2.3,2.3,200,KBS,2026-10-09T04:22:37Z
2019-08-29,WSS,2.2,2.2,2.1,2.1,12600,KBS,2026-10-09T04:22:37Z
2019-09-04,WSS,2.0,2.0,1.9,1.9,200,KBS,2026-10-09T04:22:37Z
2019-09-05,WSS,2.0,2.0,1.9,1.9,1600,KBS,2026-10-09T04:22:37Z
2019-09-06,WSS,1.9,1.9,1.9,1.9,1000,KBS,2026-10-09T04:22:37Z
2019-09-09,WSS,2.0,2.0,2.0,2.0,1000,KBS,2026-10-09T04:22:37Z
2019-09-10,WSS,2.0,2.0,1.8,1.8,300,KBS,2026-10-09T04:22:37Z
2019-09-13,WSS,1.8,1.8,1.7,1.7,200,KBS,2026-10-09T04:22:37Z
2019-09-16,WSS,1.6,1.6,1.6,1.6,100,KBS,2026-10-09T04:22:37Z
2019-09-18,WSS,1.7,1.7,1.7,1.7,100,KBS,2026-10-09T04:22:37Z
2019-09-20,WSS,1.8,1.8,1.8,1.8,900,KBS,2026-10-09T04:22:37Z
2019-09-23,WSS,1.9,1.9,1.9,1.9,800,KBS,2026-10-09T04:22:37Z
2019-09-24,WSS,1.8,2.0,1.8,2.0,5400,KBS,2026-10-09T04:22:37Z
2019-09-25,WSS,2.2,2.2,2.2,2.2,6600,KBS,2026-10-09T04:22:37Z
2019-09-26,WSS,2.0,2.0,2.0,2.0,500,KBS,2026-10-09T04:22:37Z
2019-09-30,WSS,2.0,2.0,1.9,1.9,2300,KBS,2026-10-09T04:22:37Z
2019-10-01,WSS,1.8,1.8,1.8,1.8,1400,KBS,2026-10-09T04:22:37Z
2019-10-02,WSS,1.8,1.8,1.8,1.8,5200,KBS,2026-10-09T04:22:37Z
2019-10-04,WSS,1.9,1.9,1.9,1.9,200,KBS,2026-10-09T04:22:37Z
2019-10-07,WSS,2.0,2.0,2.0,2.0,200,KBS,2026-10-09T04:22:37Z
2019-10-08,WSS,2.2,2.2,1.9,2.1,7500,KBS,2026-10-09T04:22:37Z
2019-10-09,WSS,1.9,1.9,1.9,1.9,100,KBS,2026-10-09T04:22:37Z
2019-10-14,WSS,1.9,2.0,1.9,2.0,8000,KBS,2026-10-09T04:22:37Z
2019-10-16,WSS,1.8,2.0,1.8,2.0,4100,KBS,2026-10-09T04:22:37Z
2019-10-18,WSS,1.9,1.9,1.9,1.9,3000,KBS,2026-10-09T04:22:37Z
2019-10-21,WSS,2.0,2.0,2.0,2.0,4000,KBS,2026-10-09T04:22:37Z
2019-10-22,WSS,2.0,2.0,2.0,2.0,200,KBS,2026-10-09T04:22:37Z
2019-10-23,WSS,2.0,2.0,2.0,2.0,21000,KBS,2026-10-09T04:22:37Z
2019-10-24,WSS,2.0,2.0,1.9,1.9,17100,KBS,2026-10-09T04:22:37Z
2019-10-28,WSS,2.0,2.0,2.0,2.0,2200,KBS,2026-10-09T04:22:37Z
2019-10-29,WSS,1.9,1.9,1.9,1.9,400,KBS,2026-10-09T04:22:37Z
2019-10-30,WSS,1.9,1.9,1.9,1.9,800,KBS,2026-10-09T04:22:37Z
2019-10-31,WSS,1.9,1.9,1.8,1.8,16500,KBS,2026-10-09T04:22:37Z
2019-11-01,WSS,1.9,1.9,1.9,1.9,5000,KBS,2026-10-09T04:22:37Z
2019-11-04,WSS,1.9,1.9,1.8,1.8,4000,KBS,2026-10-09T04:22:37Z
2019-11-05,WSS,1.8,1.8,1.7,1.7,3500,KBS,2026-10-09T04:22:37Z
2019-11-06,WSS,1.8,1.8,1.8,1.8,4100,KBS,2026-10-09T04:22:37Z
2019-11-11,WSS,1.7,1.7,1.7,1.7,100,KBS,2026-10-09T04:22:37Z
2019-11-13,WSS,1.7,1.7,1.7,1.7,700,KBS,2026-10-09T04:22:37Z
2019-11-14,WSS,1.8,1.8,1.8,1.8,300,KBS,2026-10-09T04:22:37Z
2019-11-15,WSS,1.9,1.9,1.9,1.9,700,KBS,2026-10-09T04:22:37Z
2019-11-18,WSS,2.0,2.0,2.0,2.0,15100,KBS,2026-10-09T04:22:37Z
2019-11-19,WSS,2.2,2.2,2.2,2.2,2800,KBS,2026-10-09T04:22:37Z
2019-11-20,WSS,2.4,2.4,2.4,2.4,3200,KBS,2026-10-09T04:22:37Z
2019-11-21,WSS,2.6,2.6,2.2,2.6,11800,KBS,2026-10-09T04:22:37Z
2019-11-22,WSS,2.4,2.6,2.4,2.6,5500,KBS,2026-10-09T04:22:37Z
2019-11-26,WSS,2.7,2.7,2.5,2.5,200,KBS,2026-10-09T04:22:37Z
2019-11-27,WSS,2.3,2.3,2.3,2.3,400,KBS,2026-10-09T04:22:37Z
2019-11-29,WSS,2.1,2.3,2.1,2.3,3200,KBS,2026-10-09T04:22:37Z
2019-12-02,WSS,2.1,2.1,2.1,2.1,6900,KBS,2026-10-09T04:22:37Z
2019-12-03,WSS,1.9,1.9,1.9,1.9,9900,KBS,2026-10-09T04:22:37Z
2019-12-05,WSS,1.8,1.8,1.8,1.8,300,KBS,2026-10-09T04:22:37Z
2019-12-06,WSS,1.9,1.9,1.8,1.8,800,KBS,2026-10-09T04:22:37Z
2019-12-09,WSS,1.9,1.9,1.9,1.9,2300,KBS,2026-10-09T04:22:37Z
2019-12-10,WSS,2.0,2.0,2.0,2.0,8600,KBS,2026-10-09T04:22:37Z
2019-12-11,WSS,2.2,2.2,2.0,2.0,2100,KBS,2026-10-09T04:22:37Z
2019-12-12,WSS,1.8,1.9,1.8,1.9,300,KBS,2026-10-09T04:22:37Z
2019-12-13,WSS,1.9,1.9,1.9,1.9,2100,KBS,2026-10-09T04:22:37Z
2019-12-16,WSS,1.9,1.9,1.9,1.9,200,KBS,2026-10-09T04:22:37Z
2019-12-17,WSS,1.9,1.9,1.9,1.9,7100,KBS,2026-10-09T04:22:37Z
2019-12-20,WSS,1.9,1.9,1.9,1.9,400,KBS,2026-10-09T04:22:37Z
2019-12-23,WSS,1.9,1.9,1.9,1.9,100,KBS,2026-10-09T04:22:37Z
2019-12-24,WSS,1.8,1.8,1.8,1.8,100,KBS,2026-10-09T04:22:37Z
2019-12-25,WSS,1.9,1.9,1.9,1.9,100,KBS,2026-10-09T04:22:37Z
2019-12-26,WSS,1.9,1.9,1.9,1.9,50,KBS,2026-10-09T04:22:37Z
2019-12-30,WSS,1.9,1.9,1.8,1.8,600,KBS,2026-10-09T04:22:37Z
2019-12-31,WSS,1.9,1.9,1.9,1.9,2020,KBS,2026-10-09T04:22:37Z
2020-01-02,WSS,2.0,2.0,1.9,2.0,3600,KBS,2026-10-09T04:22:37Z
2020-01-06,WSS,1.8,2.1,1.8,2.1,200,KBS,2026-10-09T04:22:37Z
2020-01-10,WSS,1.9,1.9,1.9,1.9,1100,KBS,2026-10-09T04:22:37Z
2020-01-14,WSS,2.0,2.0,2.0,2.0,600,KBS,2026-10-09T04:22:37Z
2020-01-15,WSS,2.0,2.0,1.8,1.9,1400,KBS,2026-10-09T04:22:37Z
2020-01-16,WSS,2.0,2.0,2.0,2.0,130,KBS,2026-10-09T04:22:37Z
2020-01-20,WSS,2.0,2.2,2.0,2.2,300,KBS,2026-10-09T04:22:37Z
2020-02-04,WSS,2.0,2.2,2.0,2.0,500,KBS,2026-10-09T04:22:37Z
2020-02-05,WSS,2.2,2.2,2.2,2.2,500,KBS,2026-10-09T04:22:37Z
2020-02-06,WSS,2.4,2.4,2.4,2.4,7400,KBS,2026-10-09T04:22:37Z
2020-02-10,WSS,2.2,2.2,2.2,2.2,110,KBS,2026-10-09T04:22:37Z
2020-02-13,WSS,2.1,2.1,2.1,2.1,300,KBS,2026-10-09T04:22:37Z
2020-02-14,WSS,2.0,2.0,2.0,2.0,200,KBS,2026-10-09T04:22:37Z
2020-02-17,WSS,2.0,2.0,1.8,1.8,3100,KBS,2026-10-09T04:22:37Z
2020-02-18,WSS,1.8,1.9,1.8,1.9,600,KBS,2026-10-09T04:22:37Z
2020-02-19,WSS,1.9,1.9,1.9,1.9,10,KBS,2026-10-09T04:22:37Z
2020-02-20,WSS,1.9,1.9,1.9,1.9,10,KBS,2026-10-09T04:22:37Z
2020-02-21,WSS,2.0,2.0,2.0,2.0,100,KBS,2026-10-09T04:22:37Z
2020-02-25,WSS,2.0,2.1,2.0,2.1,13900,KBS,2026-10-09T04:22:37Z
2020-02-26,WSS,2.1,2.1,2.0,2.0,12600,KBS,2026-10-09T04:22:37Z
2020-02-28,WSS,2.1,2.1,2.1,2.1,8400,KBS,2026-10-09T04:22:37Z
2020-03-02,WSS,2.1,2.1,2.1,2.1,1250,KBS,2026-10-09T04:22:37Z
2020-03-03,WSS,2.1,2.1,2.1,2.1,304,KBS,2026-10-09T04:22:37Z
2020-03-04,WSS,2.0,2.0,2.0,2.0,300,KBS,2026-10-09T04:22:37Z
2020-03-05,WSS,2.0,2.0,1.9,2.0,6500,KBS,2026-10-09T04:22:37Z
2020-03-06,WSS,2.0,2.0,2.0,2.0,1100,KBS,2026-10-09T04:22:37Z
2020-03-09,WSS,2.0,2.0,1.8,1.8,9900,KBS,2026-10-09T04:22:37Z
2020-03-10,WSS,1.9,1.9,1.7,1.9,15200,KBS,2026-10-09T04:22:37Z
2020-03-11,WSS,1.9,1.9,1.9,1.9,2200,KBS,2026-10-09T04:22:37Z
2020-03-12,WSS,1.8,1.8,1.8,1.8,1000,KBS,2026-10-09T04:22:37Z
2020-03-13,WSS,1.8,1.8,1.7,1.7,5200,KBS,2026-10-09T04:22:37Z
2020-03-16,WSS,1.7,1.7,1.6,1.6,11200,KBS,2026-10-09T04:22:37Z
2020-03-17,WSS,1.6,1.6,1.5,1.6,6300,KBS,2026-10-09T04:22:37Z
2020-03-19,WSS,1.6,1.7,1.6,1.7,1100,KBS,2026-10-09T04:22:37Z
2020-03-20,WSS,1.7,1.7,1.7,1.7,100,KBS,2026-10-09T04:22:37Z
2020-03-23,WSS,1.8,1.8,1.8,1.8,100,KBS,2026-10-09T04:22:37Z
2020-03-24,WSS,1.8,1.8,1.7,1.7,10100,KBS,2026-10-09T04:22:37Z
2020-03-30,WSS,1.6,1.6,1.6,1.6,300,KBS,2026-10-09T04:22:37Z
2020-03-31,WSS,1.6,1.6,1.6,1.6,2100,KBS,2026-10-09T04:22:37Z
2020-04-01,WSS,1.6,1.6,1.6,1.6,1200,KBS,2026-10-09T04:22:37Z
2020-04-03,WSS,1.7,1.7,1.7,1.7,100,KBS,2026-10-09T04:22:37Z
2020-04-06,WSS,1.8,1.8,1.8,1.8,4100,KBS,2026-10-09T04:22:37Z
2020-04-09,WSS,1.9,1.9,1.7,1.9,12100,KBS,2026-10-09T04:22:37Z
2020-04-13,WSS,1.8,1.8,1.8,1.8,100,KBS,2026-10-09T04:22:37Z
2020-04-14,WSS,1.8,1.8,1.8,1.8,500,KBS,2026-10-09T04:22:37Z
2020-04-15,WSS,1.8,1.8,1.8,1.8,200,KBS,2026-10-09T04:22:37Z
2020-04-16,WSS,1.7,1.9,1.7,1.9,4200,KBS,2026-10-09T04:22:37Z
2020-04-17,WSS,1.8,1.9,1.8,1.9,5300,KBS,2026-10-09T04:22:37Z
2020-04-20,WSS,1.9,2.0,1.8,2.0,11400,KBS,2026-10-09T04:22:37Z
2020-04-21,WSS,1.9,2.2,1.9,2.2,3500,KBS,2026-10-09T04:22:37Z
2020-04-28,WSS,2.4,2.4,2.4,2.4,900,KBS,2026-10-09T04:22:37Z
2020-04-29,WSS,2.4,2.6,2.2,2.2,32000,KBS,2026-10-09T04:22:37Z
2020-05-04,WSS,2.0,2.0,2.0,2.0,100,KBS,2026-10-09T04:22:37Z
2020-05-05,WSS,1.8,1.8,1.8,1.8,1010,KBS,2026-10-09T04:22:37Z
2020-05-06,WSS,1.7,1.7,1.7,1.7,20210,KBS,2026-10-09T04:22:37Z
2020-05-08,WSS,1.8,1.8,1.8,1.8,100,KBS,2026-10-09T04:22:37Z
2020-05-11,WSS,1.8,1.8,1.8,1.8,8300,KBS,2026-10-09T04:22:37Z
2020-05-14,WSS,1.7,1.7,1.7,1.7,5000,KBS,2026-10-09T04:22:37Z
2020-05-15,WSS,1.7,1.7,1.7,1.7,9100,KBS,2026-10-09T04:22:37Z
2020-05-20,WSS,1.8,1.8,1.8,1.8,10910,KBS,2026-10-09T04:22:37Z
2020-05-22,WSS,1.8,1.8,1.7,1.7,5700,KBS,2026-10-09T04:22:37Z
2020-05-25,WSS,1.8,1.8,1.7,1.7,2000,KBS,2026-10-09T04:22:37Z
2020-05-26,WSS,1.8,1.8,1.8,1.8,6000,KBS,2026-10-09T04:22:37Z
2020-05-27,WSS,1.8,1.8,1.8,1.8,100,KBS,2026-10-09T04:22:37Z
2020-05-28,WSS,1.9,1.9,1.8,1.8,2500,KBS,2026-10-09T04:22:37Z
2020-05-29,WSS,1.7,1.7,1.7,1.7,100,KBS,2026-10-09T04:22:37Z
2020-06-01,WSS,1.8,1.8,1.7,1.7,2900,KBS,2026-10-09T04:22:37Z
2020-06-02,WSS,1.7,1.8,1.7,1.8,2400,KBS,2026-10-09T04:22:37Z
2020-06-03,WSS,1.8,1.8,1.7,1.7,4000,KBS,2026-10-09T04:22:37Z
2020-06-04,WSS,1.8,1.8,1.8,1.8,7000,KBS,2026-10-09T04:22:37Z
2020-06-05,WSS,1.9,1.9,1.7,1.8,2310,KBS,2026-10-09T04:22:37Z
2020-06-08,WSS,1.9,1.9,1.7,1.9,2222,KBS,2026-10-09T04:22:37Z
2020-06-09,WSS,2.0,2.0,1.8,1.8,26410,KBS,2026-10-09T04:22:37Z
2020-06-10,WSS,1.8,1.9,1.8,1.9,14504,KBS,2026-10-09T04:22:37Z
2020-06-11,WSS,2.0,2.0,2.0,2.0,4700,KBS,2026-10-09T04:22:37Z
2020-06-12,WSS,1.9,1.9,1.8,1.9,11800,KBS,2026-10-09T04:22:37Z
2020-06-15,WSS,1.9,2.0,1.8,2.0,12100,KBS,2026-10-09T04:22:37Z
2020-06-16,WSS,1.9,1.9,1.9,1.9,3300,KBS,2026-10-09T04:22:37Z
2020-06-17,WSS,2.0,2.0,1.9,2.0,300,KBS,2026-10-09T04:22:37Z
2020-06-18,WSS,1.9,1.9,1.9,1.9,800,KBS,2026-10-09T04:22:37Z
2020-06-19,WSS,1.9,2.0,1.9,2.0,22020,KBS,2026-10-09T04:22:37Z
2020-06-22,WSS,1.9,2.2,1.9,2.2,17810,KBS,2026-10-09T04:22:37Z
2020-06-23,WSS,2.1,2.1,2.1,2.1,1200,KBS,2026-10-09T04:22:37Z
2020-06-25,WSS,1.9,2.3,1.9,2.3,10100,KBS,2026-10-09T04:22:37Z
2020-06-26,WSS,2.3,2.3,2.3,2.3,300,KBS,2026-10-09T04:22:37Z
2020-06-29,WSS,2.3,2.3,2.3,2.3,200,KBS,2026-10-09T04:22:37Z
2020-06-30,WSS,2.1,2.5,2.1,2.1,38790,KBS,2026-10-09T04:22:37Z
2020-07-01,WSS,1.9,1.9,1.9,1.9,500,KBS,2026-10-09T04:22:37Z
2020-07-02,WSS,1.9,1.9,1.9,1.9,200,KBS,2026-10-09T04:22:37Z
2020-07-03,WSS,1.8,2.0,1.8,2.0,200,KBS,2026-10-09T04:22:37Z
2020-07-06,WSS,1.9,1.9,1.9,1.9,7500,KBS,2026-10-09T04:22:37Z
2020-07-07,WSS,1.9,1.9,1.9,1.9,700,KBS,2026-10-09T04:22:37Z
2020-07-08,WSS,1.9,1.9,1.8,1.8,8100,KBS,2026-10-09T04:22:37Z
2020-07-17,WSS,1.9,1.9,1.9,1.9,100,KBS,2026-10-09T04:22:37Z
2020-07-22,WSS,1.8,2.0,1.8,2.0,600,KBS,2026-10-09T04:22:37Z
2020-07-23,WSS,1.8,1.8,1.8,1.8,100,KBS,2026-10-09T04:22:37Z
2020-07-24,WSS,1.8,1.9,1.8,1.9,3300,KBS,2026-10-09T04:22:37Z
2020-07-28,WSS,1.9,1.9,1.9,1.9,7000,KBS,2026-10-09T04:22:37Z
2020-07-29,WSS,1.9,1.9,1.9,1.9,12800,KBS,2026-10-09T04:22:37Z
2020-07-31,WSS,1.9,1.9,1.8,1.8,8100,KBS,2026-10-09T04:22:37Z
2020-08-03,WSS,1.8,1.9,1.8,1.8,400,KBS,2026-10-09T04:22:37Z
2020-08-05,WSS,1.8,1.8,1.8,1.8,100,KBS,2026-10-09T04:22:37Z
2020-08-06,WSS,1.8,1.9,1.8,1.9,1100,KBS,2026-10-09T04:22:37Z
2020-08-07,WSS,2.0,2.0,2.0,2.0,100,KBS,2026-10-09T04:22:37Z
2020-08-10,WSS,1.9,1.9,1.9,1.9,100,KBS,2026-10-09T04:22:37Z
2020-08-11,WSS,1.9,1.9,1.9,1.9,100,KBS,2026-10-09T04:22:37Z
2020-08-12,WSS,1.9,1.9,1.9,1.9,100,KBS,2026-10-09T04:22:37Z
2020-08-13,WSS,1.9,1.9,1.9,1.9,9000,KBS,2026-10-09T04:22:37Z
2020-08-14,WSS,1.9,1.9,1.9,1.9,9100,KBS,2026-10-09T04:22:37Z
2020-08-17,WSS,1.9,1.9,1.8,1.9,19900,KBS,2026-10-09T04:22:37Z
2020-08-18,WSS,1.9,1.9,1.9,1.9,600,KBS,2026-10-09T04:22:37Z
2020-08-19,WSS,1.9,1.9,1.9,1.9,10600,KBS,2026-10-09T04:22:37Z
2020-08-20,WSS,1.9,1.9,1.9,1.9,10000,KBS,2026-10-09T04:22:37Z
2020-08-21,WSS,1.9,1.9,1.9,1.9,2000,KBS,2026-10-09T04:22:37Z
2020-08-24,WSS,1.9,1.9,1.9,1.9,200,KBS,2026-10-09T04:22:37Z
2020-08-25,WSS,1.9,1.9,1.9,1.9,300,KBS,2026-10-09T04:22:37Z
2020-08-31,WSS,1.8,1.8,1.8,1.8,2000,KBS,2026-10-09T04:22:37Z
2020-09-04,WSS,1.9,1.9,1.9,1.9,58700,KBS,2026-10-09T04:22:37Z
2020-09-07,WSS,2.0,2.0,2.0,2.0,200,KBS,2026-10-09T04:22:37Z
2020-09-08,WSS,2.1,2.1,1.9,1.9,201,KBS,2026-10-09T04:22:37Z
2020-09-09,WSS,1.9,2.0,1.9,2.0,11400,KBS,2026-10-09T04:22:37Z
2020-09-10,WSS,2.1,2.1,2.1,2.1,100,KBS,2026-10-09T04:22:37Z
2020-09-11,WSS,2.1,2.1,2.1,2.1,1,KBS,2026-10-09T04:22:37Z
2020-09-15,WSS,2.1,2.1,2.0,2.0,26400,KBS,2026-10-09T04:22:37Z
2020-09-16,WSS,2.1,2.2,2.1,2.2,19800,KBS,2026-10-09T04:22:37Z
2020-09-17,WSS,2.3,2.4,2.3,2.4,44100,KBS,2026-10-09T04:22:37Z
2020-09-18,WSS,2.4,2.6,2.4,2.6,98900,KBS,2026-10-09T04:22:37Z
2020-09-21,WSS,2.6,2.8,2.6,2.8,65800,KBS,2026-10-09T04:22:37Z
2020-09-22,WSS,2.6,2.6,2.6,2.6,1100,KBS,2026-10-09T04:22:37Z
2020-09-23,WSS,2.4,2.6,2.4,2.4,24200,KBS,2026-10-09T04:22:37Z
2020-09-24,WSS,2.3,2.5,2.3,2.5,3000,KBS,2026-10-09T04:22:37Z
2020-09-25,WSS,2.4,2.4,2.4,2.4,2300,KBS,2026-10-09T04:22:37Z
2020-09-28,WSS,2.2,2.2,2.2,2.2,4100,KBS,2026-10-09T04:22:37Z
2020-09-29,WSS,2.2,2.2,2.0,2.2,23200,KBS,2026-10-09T04:22:37Z
2020-09-30,WSS,2.2,2.2,2.2,2.2,900,KBS,2026-10-09T04:22:37Z
2020-10-01,WSS,2.4,2.4,2.4,2.4,9100,KBS,2026-10-09T04:22:37Z
2020-10-02,WSS,2.5,2.5,2.3,2.3,13900,KBS,2026-10-09T04:22:37Z
2020-10-05,WSS,2.5,2.5,2.4,2.4,1100,KBS,2026-10-09T04:22:37Z
2020-10-06,WSS,2.4,2.4,2.4,2.4,500,KBS,2026-10-09T04:22:37Z
2020-10-07,WSS,2.3,2.3,2.3,2.3,200,KBS,2026-10-09T04:22:37Z
2020-10-08,WSS,2.2,2.5,2.2,2.2,1300,KBS,2026-10-09T04:22:37Z
2020-10-09,WSS,2.1,2.4,2.1,2.4,1100,KBS,2026-10-09T04:22:37Z
2020-10-12,WSS,2.3,2.3,2.3,2.3,2500,KBS,2026-10-09T04:22:37Z
2020-10-13,WSS,2.2,2.4,2.2,2.4,2600,KBS,2026-10-09T04:22:37Z
2020-10-14,WSS,2.2,2.2,2.2,2.2,2800,KBS,2026-10-09T04:22:37Z
2020-10-15,WSS,2.2,2.2,2.2,2.2,200,KBS,2026-10-09T04:22:37Z
2020-10-16,WSS,2.1,2.3,2.1,2.3,800,KBS,2026-10-09T04:22:37Z
2020-10-19,WSS,2.1,2.3,2.1,2.3,2500,KBS,2026-10-09T04:22:37Z
2020-10-20,WSS,2.3,2.3,2.1,2.1,5100,KBS,2026-10-09T04:22:37Z
2020-10-21,WSS,2.2,2.3,2.2,2.3,10900,KBS,2026-10-09T04:22:37Z
2020-10-22,WSS,2.4,2.4,2.1,2.1,48700,KBS,2026-10-09T04:22:37Z
2020-10-23,WSS,2.0,2.3,1.9,2.0,43300,KBS,2026-10-09T04:22:37Z
2020-10-26,WSS,2.1,2.1,1.9,2.0,19900,KBS,2026-10-09T04:22:37Z
2020-10-27,WSS,2.1,2.2,2.0,2.0,9200,KBS,2026-10-09T04:22:37Z
2020-10-28,WSS,2.0,2.1,2.0,2.0,13500,KBS,2026-10-09T04:22:37Z
2020-10-29,WSS,2.0,2.0,1.9,1.9,13200,KBS,2026-10-09T04:22:37Z
2020-10-30,WSS,2.0,2.0,2.0,2.0,27500,KBS,2026-10-09T04:22:37Z
2020-11-02,WSS,2.0,2.2,2.0,2.2,20100,KBS,2026-10-09T04:22:37Z
2020-11-03,WSS,2.2,2.2,2.0,2.1,52200,KBS,2026-10-09T04:22:37Z
2020-11-05,WSS,2.2,2.2,2.2,2.2,2100,KBS,2026-10-09T04:22:37Z
2020-11-06,WSS,2.2,2.2,2.1,2.2,11900,KBS,2026-10-09T04:22:37Z
2020-11-09,WSS,2.2,2.3,2.2,2.3,2200,KBS,2026-10-09T04:22:37Z
2020-11-10,WSS,2.3,2.3,2.3,2.3,200,KBS,2026-10-09T04:22:37Z
2020-11-13,WSS,2.1,2.1,2.1,2.1,5600,KBS,2026-10-09T04:22:37Z
2020-11-16,WSS,2.1,2.2,2.1,2.2,79700,KBS,2026-10-09T04:22:37Z
2020-11-17,WSS,2.2,2.4,2.2,2.4,5500,KBS,2026-10-09T04:22:37Z
2020-11-18,WSS,2.4,2.4,2.4,2.4,100,KBS,2026-10-09T04:22:37Z
2020-11-20,WSS,2.2,2.3,2.2,2.3,11100,KBS,2026-10-09T04:22:37Z
2020-11-23,WSS,2.2,2.3,2.2,2.3,4100,KBS,2026-10-09T04:22:37Z
2020-11-24,WSS,2.4,2.4,2.1,2.2,300,KBS,2026-10-09T04:22:37Z
2020-11-25,WSS,2.2,2.2,2.2,2.2,100,KBS,2026-10-09T04:22:37Z
2020-11-26,WSS,2.1,2.3,2.1,2.3,15300,KBS,2026-10-09T04:22:37Z
2020-11-27,WSS,2.2,2.4,2.2,2.4,300,KBS,2026-10-09T04:22:37Z
2020-11-30,WSS,2.2,2.3,2.2,2.3,200,KBS,2026-10-09T04:22:37Z
2020-12-01,WSS,2.2,2.3,2.2,2.3,2200,KBS,2026-10-09T04:22:37Z
2020-12-04,WSS,2.1,2.4,2.1,2.4,200,KBS,2026-10-09T04:22:37Z
2020-12-07,WSS,2.3,2.3,2.3,2.3,10500,KBS,2026-10-09T04:22:37Z
2020-12-08,WSS,2.2,2.4,2.2,2.4,2200,KBS,2026-10-09T04:22:37Z
2020-12-09,WSS,2.4,2.6,2.4,2.6,315800,KBS,2026-10-09T04:22:37Z
2020-12-10,WSS,2.6,2.7,2.6,2.6,178600,KBS,2026-10-09T04:22:37Z
2020-12-11,WSS,2.5,2.7,2.5,2.5,12900,KBS,2026-10-09T04:22:37Z
2020-12-14,WSS,2.6,2.7,2.5,2.7,52900,KBS,2026-10-09T04:22:37Z
2020-12-15,WSS,2.7,2.7,2.6,2.7,233400,KBS,2026-10-09T04:22:37Z
2020-12-16,WSS,2.8,2.9,2.8,2.9,121200,KBS,2026-10-09T04:22:37Z
2020-12-17,WSS,3.1,3.1,3.1,3.1,400500,KBS,2026-10-09T04:22:37Z
2020-12-18,WSS,3.3,3.3,3.0,3.1,158000,KBS,2026-10-09T04:22:37Z
2020-12-21,WSS,3.3,3.4,3.1,3.4,359000,KBS,2026-10-09T04:22:37Z
2020-12-22,WSS,3.5,3.7,3.5,3.7,253700,KBS,2026-10-09T04:22:37Z
2020-12-23,WSS,4.0,4.0,3.6,3.8,305200,KBS,2026-10-09T04:22:37Z
2020-12-24,WSS,3.8,3.8,3.5,3.5,290700,KBS,2026-10-09T04:22:37Z
2020-12-25,WSS,3.5,3.8,3.3,3.7,159200,KBS,2026-10-09T04:22:37Z
2020-12-28,WSS,3.8,3.9,3.6,3.7,316300,KBS,2026-10-09T04:22:37Z
2020-12-29,WSS,3.6,3.6,3.5,3.5,136700,KBS,2026-10-09T04:22:37Z
2020-12-30,WSS,3.6,3.7,3.4,3.6,155300,KBS,2026-10-09T04:22:37Z
2020-12-31,WSS,3.4,3.6,3.4,3.6,113620,KBS,2026-10-09T04:22:37Z
2021-01-04,WSS,3.6,3.7,3.6,3.6,119500,KBS,2026-10-09T04:22:37Z
2021-01-05,WSS,3.6,3.6,3.5,3.6,52000,KBS,2026-10-09T04:22:37Z
2021-01-06,WSS,3.6,3.7,3.5,3.7,120720,KBS,2026-10-09T04:22:37Z
2021-01-07,WSS,3.7,4.0,3.7,4.0,657100,KBS,2026-10-09T04:22:37Z
2021-01-08,WSS,4.3,4.4,4.1,4.4,356500,KBS,2026-10-09T04:22:37Z
2021-01-11,WSS,4.8,4.8,4.7,4.8,261220,KBS,2026-10-09T04:22:37Z
2021-01-12,WSS,5.1,5.1,4.5,4.7,381300,KBS,2026-10-09T04:22:37Z
2021-01-13,WSS,4.5,4.6,4.4,4.6,293300,KBS,2026-10-09T04:22:37Z
2021-01-14,WSS,4.6,5.0,4.3,5.0,279300,KBS,2026-10-09T04:22:37Z
2021-01-15,WSS,5.2,5.5,5.1,5.5,394800,KBS,2026-10-09T04:22:37Z
2021-01-18,WSS,5.5,6.0,5.5,6.0,199790,KBS,2026-10-09T04:22:37Z
2021-01-19,WSS,6.5,6.6,5.4,6.4,898410,KBS,2026-10-09T04:22:37Z
2021-01-20,WSS,6.8,6.9,5.8,6.5,266000,KBS,2026-10-09T04:22:37Z
2021-01-21,WSS,6.6,7.1,6.4,7.1,344666,KBS,2026-10-09T04:22:37Z
2021-01-22,WSS,7.2,7.7,7.1,7.2,386910,KBS,2026-10-09T04:22:37Z
2021-01-25,WSS,7.3,7.3,6.5,6.5,333090,KBS,2026-10-09T04:22:37Z
2021-01-26,WSS,6.5,6.5,5.9,5.9,137600,KBS,2026-10-09T04:22:37Z
2021-01-27,WSS,5.4,5.4,5.4,5.4,41720,KBS,2026-10-09T04:22:37Z
2021-01-28,WSS,4.9,4.9,4.9,4.9,19600,KBS,2026-10-09T04:22:37Z
2021-01-29,WSS,4.5,4.9,4.5,4.5,544700,KBS,2026-10-09T04:22:37Z
2021-02-01,WSS,4.7,4.7,4.1,4.1,219900,KBS,2026-10-09T04:22:37Z
2021-02-02,WSS,4.1,4.5,3.8,4.2,36950,KBS,2026-10-09T04:22:37Z
2021-02-03,WSS,4.2,4.6,4.0,4.6,159850,KBS,2026-10-09T04:22:37Z
2021-02-04,WSS,4.7,5.0,4.6,4.8,91000,KBS,2026-10-09T04:22:37Z
2021-02-05,WSS,4.8,4.9,4.6,4.8,57700,KBS,2026-10-09T04:22:37Z
2021-02-08,WSS,4.8,4.9,4.4,4.5,179800,KBS,2026-10-09T04:22:37Z
2021-02-09,WSS,4.6,4.7,4.4,4.6,65900,KBS,2026-10-09T04:22:37Z
2021-02-17,WSS,4.6,4.9,4.6,4.9,69300,KBS,2026-10-09T04:22:37Z
2021-02-18,WSS,4.9,5.1,4.8,4.9,89715,KBS,2026-10-09T04:22:37Z
2021-02-19,WSS,4.8,4.9,4.7,4.8,113900,KBS,2026-10-09T04:22:37Z
2021-02-22,WSS,4.7,4.8,4.6,4.6,67935,KBS,2026-10-09T04:22:37Z
2021-02-23,WSS,4.6,4.8,4.6,4.8,52800,KBS,2026-10-09T04:22:37Z
2021-02-24,WSS,4.8,5.0,4.6,4.8,135118,KBS,2026-10-09T04:22:37Z
2021-02-25,WSS,4.8,4.8,4.6,4.8,25631,KBS,2026-10-09T04:22:37Z
2021-02-26,WSS,4.6,4.7,4.5,4.7,82714,KBS,2026-10-09T04:22:37Z
2021-03-01,WSS,4.7,4.8,4.6,4.8,98800,KBS,2026-10-09T04:22:37Z
2021-03-02,WSS,4.8,4.8,4.7,4.8,154645,KBS,2026-10-09T04:22:37Z
2021-03-03,WSS,4.8,5.2,4.8,5.2,458410,KBS,2026-10-09T04:22:37Z
2021-03-04,WSS,5.5,5.7,5.4,5.7,359033,KBS,2026-10-09T04:22:37Z
2021-03-05,WSS,5.9,6.1,5.8,6.0,218875,KBS,2026-10-09T04:22:37Z
2021-03-08,WSS,6.0,6.2,5.7,6.0,245975,KBS,2026-10-09T04:22:37Z
2021-03-09,WSS,5.9,6.0,5.6,5.9,103523,KBS,2026-10-09T04:22:37Z
2021-03-10,WSS,5.8,5.9,5.7,5.9,211800,KBS,2026-10-09T04:22:37Z
2021-03-11,WSS,5.9,6.2,5.7,6.1,367700,KBS,2026-10-09T04:22:37Z
2021-03-12,WSS,6.1,6.5,6.1,6.3,617600,KBS,2026-10-09T04:22:37Z
2021-03-15,WSS,6.3,6.4,6.2,6.3,214284,KBS,2026-10-09T04:22:37Z
2021-03-16,WSS,6.3,6.3,6.0,6.2,238900,KBS,2026-10-09T04:22:37Z
2021-03-17,WSS,6.0,6.2,6.0,6.1,165300,KBS,2026-10-09T04:22:37Z
2021-03-18,WSS,6.1,6.2,6.1,6.2,133800,KBS,2026-10-09T04:22:37Z
2021-03-19,WSS,6.2,6.5,6.1,6.4,463700,KBS,2026-10-09T04:22:37Z
2021-03-22,WSS,6.4,6.5,6.3,6.4,139365,KBS,2026-10-09T04:22:37Z
2021-03-23,WSS,6.4,6.5,6.3,6.5,266400,KBS,2026-10-09T04:22:37Z
2021-03-24,WSS,6.4,6.4,6.0,6.1,247912,KBS,2026-10-09T04:22:37Z
2021-03-25,WSS,6.0,6.2,5.9,6.0,261350,KBS,2026-10-09T04:22:37Z
2021-03-26,WSS,6.0,6.0,5.5,6.0,276300,KBS,2026-10-09T04:22:37Z
2021-03-29,WSS,6.1,6.3,5.9,6.3,377649,KBS,2026-10-09T04:22:37Z
2021-03-30,WSS,6.3,6.4,6.2,6.4,219700,KBS,2026-10-09T04:22:37Z
2021-03-31,WSS,6.3,6.4,6.0,6.3,387650,KBS,2026-10-09T04:22:37Z
2021-04-01,WSS,6.3,6.9,6.3,6.9,598060,KBS,2026-10-09T04:22:37Z
2021-04-02,WSS,7.5,7.5,7.4,7.5,287817,KBS,2026-10-09T04:22:37Z
2021-04-05,WSS,8.0,8.2,7.6,7.6,860435,KBS,2026-10-09T04:22:37Z
2021-04-06,WSS,7.6,8.3,7.2,8.3,684760,KBS,2026-10-09T04:22:37Z
2021-04-07,WSS,8.7,9.1,8.4,9.1,536100,KBS,2026-10-09T04:22:37Z
2021-04-08,WSS,9.0,9.1,8.5,8.8,365110,KBS,2026-10-09T04:22:37Z
2021-04-09,WSS,8.7,8.7,8.3,8.6,340500,KBS,2026-10-09T04:22:37Z
2021-04-12,WSS,8.5,9.0,8.4,8.8,360700,KBS,2026-10-09T04:22:37Z
2021-04-13,WSS,9.0,9.6,8.9,9.3,550700,KBS,2026-10-09T04:22:37Z
2021-04-14,WSS,9.3,9.6,8.8,9.5,312100,KBS,2026-10-09T04:22:37Z
2021-04-15,WSS,9.5,9.5,9.0,9.1,321200,KBS,2026-10-09T04:22:37Z
2021-04-16,WSS,9.2,9.2,8.6,8.6,329200,KBS,2026-10-09T04:22:37Z
2021-04-19,WSS,8.6,8.9,8.4,8.7,134201,KBS,2026-10-09T04:22:37Z
2021-04-20,WSS,8.7,9.0,8.4,8.6,129600,KBS,2026-10-09T04:22:37Z
2021-04-22,WSS,8.4,8.4,7.8,7.8,353100,KBS,2026-10-09T04:22:37Z
2021-04-23,WSS,7.5,7.9,7.1,7.9,163387,KBS,2026-10-09T04:22:37Z
2021-04-26,WSS,7.6,7.7,7.2,7.2,170000,KBS,2026-10-09T04:22:37Z
2021-04-27,WSS,6.9,7.0,6.6,6.7,162050,KBS,2026-10-09T04:22:37Z
2021-04-28,WSS,6.5,7.3,6.5,7.3,93300,KBS,2026-10-09T04:22:37Z
2021-04-29,WSS,7.2,7.8,7.2,7.5,60400,KBS,2026-10-09T04:22:37Z
2021-05-04,WSS,7.4,7.5,6.8,7.4,135811,KBS,2026-10-09T04:22:37Z
2021-05-05,WSS,7.4,8.0,7.2,7.8,234800,KBS,2026-10-09T04:22:37Z
2021-05-06,WSS,7.8,7.8,7.4,7.7,130400,KBS,2026-10-09T04:22:37Z
2021-05-07,WSS,7.2,7.5,7.0,7.0,186644,KBS,2026-10-09T04:22:37Z
2021-05-10,WSS,6.7,7.4,6.7,7.4,74700,KBS,2026-10-09T04:22:37Z
2021-05-11,WSS,7.6,7.6,7.2,7.4,54000,KBS,2026-10-09T04:22:37Z
2021-05-12,WSS,7.2,7.4,6.8,7.4,49216,KBS,2026-10-09T04:22:37Z
2021-05-13,WSS,7.4,7.4,7.1,7.4,72700,KBS,2026-10-09T04:22:37Z
2021-05-14,WSS,7.2,8.0,7.1,7.6,236310,KBS,2026-10-09T04:22:37Z
2021-05-17,WSS,7.6,7.8,7.3,7.5,39400,KBS,2026-10-09T04:22:37Z
2021-05-18,WSS,7.4,7.4,7.2,7.2,24900,KBS,2026-10-09T04:22:37Z
2021-05-19,WSS,7.1,7.3,7.1,7.3,55500,KBS,2026-10-09T04:22:37Z
2021-05-20,WSS,7.0,7.6,7.0,7.4,136700,KBS,2026-10-09T04:22:37Z
2021-05-21,WSS,7.4,7.6,7.2,7.4,32200,KBS,2026-10-09T04:22:37Z
2021-05-24,WSS,7.4,7.5,7.3,7.3,51000,KBS,2026-10-09T04:22:37Z
2021-05-25,WSS,7.3,7.6,7.2,7.4,154040,KBS,2026-10-09T04:22:37Z
2021-05-26,WSS,7.5,7.6,7.4,7.6,225605,KBS,2026-10-09T04:22:37Z
2021-05-27,WSS,7.7,8.3,7.6,8.3,656439,KBS,2026-10-09T04:22:37Z
2021-05-28,WSS,8.3,9.0,8.3,8.8,199819,KBS,2026-10-09T04:22:37Z
2021-05-31,WSS,8.8,9.6,8.5,9.6,522190,KBS,2026-10-09T04:22:37Z
2021-06-01,WSS,10.0,10.5,9.8,10.5,868001,KBS,2026-10-09T04:22:37Z
2021-06-02,WSS,10.6,10.6,9.5,10.0,289300,KBS,2026-10-09T04:22:37Z
2021-06-03,WSS,10.1,10.5,9.5,10.4,538400,KBS,2026-10-09T04:22:37Z
2021-06-04,WSS,10.4,10.4,9.6,9.6,304000,KBS,2026-10-09T04:22:37Z
2021-06-07,WSS,9.5,9.6,8.7,8.7,406720,KBS,2026-10-09T04:22:37Z
2021-06-08,WSS,8.6,8.9,8.0,8.0,211535,KBS,2026-10-09T04:22:37Z
2021-06-09,WSS,8.0,8.8,7.7,8.8,205935,KBS,2026-10-09T04:22:37Z
2021-06-10,WSS,9.3,9.3,8.6,8.9,145300,KBS,2026-10-09T04:22:37Z
2021-06-11,WSS,8.8,9.1,8.6,8.8,137000,KBS,2026-10-09T04:22:37Z
2021-06-14,WSS,8.8,9.2,8.5,9.0,261060,KBS,2026-10-09T04:22:37Z
2021-06-15,WSS,8.8,9.1,8.7,8.9,126400,KBS,2026-10-09T04:22:37Z
2021-06-16,WSS,9.7,9.7,8.6,8.8,98200,KBS,2026-10-09T04:22:37Z
2021-06-17,WSS,8.8,8.8,8.6,8.7,99500,KBS,2026-10-09T04:22:37Z
2021-06-18,WSS,8.8,8.8,8.5,8.6,201760,KBS,2026-10-09T04:22:37Z
2021-06-21,WSS,8.8,8.8,8.5,8.6,61200,KBS,2026-10-09T04:22:37Z
2021-06-22,WSS,8.5,8.8,8.5,8.7,65200,KBS,2026-10-09T04:22:37Z
2021-06-23,WSS,8.5,9.2,8.5,8.8,323170,KBS,2026-10-09T04:22:37Z
2021-06-24,WSS,9.0,9.0,8.8,8.8,32000,KBS,2026-10-09T04:22:37Z
2021-06-25,WSS,8.9,9.1,8.6,9.1,197200,KBS,2026-10-09T04:22:37Z
2021-06-28,WSS,9.1,9.5,9.0,9.0,103600,KBS,2026-10-09T04:22:37Z
2021-06-29,WSS,8.9,9.1,8.8,9.0,108100,KBS,2026-10-09T04:22:37Z
2021-06-30,WSS,9.0,9.0,8.7,8.8,49134,KBS,2026-10-09T04:22:37Z
2021-07-01,WSS,8.8,9.3,8.7,9.1,289625,KBS,2026-10-09T04:22:37Z
2021-07-02,WSS,9.2,10.0,9.1,10.0,565352,KBS,2026-10-09T04:22:37Z
2021-07-05,WSS,10.0,10.5,9.5,9.5,153700,KBS,2026-10-09T04:22:37Z
2021-07-06,WSS,9.6,9.6,8.8,8.8,217700,KBS,2026-10-09T04:22:37Z
2021-07-07,WSS,8.8,8.8,8.0,8.4,456000,KBS,2026-10-09T04:22:37Z
2021-07-08,WSS,8.4,8.7,8.1,8.3,67400,KBS,2026-10-09T04:22:37Z
2021-07-09,WSS,8.3,8.3,7.6,7.6,106911,KBS,2026-10-09T04:22:37Z
2021-07-12,WSS,7.9,7.9,6.9,6.9,186100,KBS,2026-10-09T04:22:37Z
2021-07-13,WSS,7.1,7.3,6.9,7.3,97210,KBS,2026-10-09T04:22:37Z
2021-07-14,WSS,7.5,7.5,7.1,7.3,27000,KBS,2026-10-09T04:22:37Z
2021-07-15,WSS,7.2,7.5,7.1,7.5,54700,KBS,2026-10-09T04:22:37Z
2021-07-16,WSS,7.5,7.6,7.2,7.3,59000,KBS,2026-10-09T04:22:37Z
2021-07-19,WSS,7.0,7.0,6.6,6.8,162600,KBS,2026-10-09T04:22:37Z
2021-07-20,WSS,6.8,7.1,6.4,7.1,62500,KBS,2026-10-09T04:22:37Z
2021-07-21,WSS,7.4,7.4,6.8,7.2,31115,KBS,2026-10-09T04:22:37Z
2021-07-22,WSS,7.0,7.4,7.0,7.2,107200,KBS,2026-10-09T04:22:37Z
2021-07-23,WSS,7.2,7.2,6.8,7.0,83400,KBS,2026-10-09T04:22:37Z
2021-07-26,WSS,6.7,7.0,6.7,7.0,25400,KBS,2026-10-09T04:22:37Z
2021-07-27,WSS,7.0,7.2,7.0,7.2,88186,KBS,2026-10-09T04:22:37Z
2021-07-28,WSS,7.2,7.3,7.0,7.1,81200,KBS,2026-10-09T04:22:37Z
2021-07-29,WSS,7.1,7.3,7.0,7.3,57610,KBS,2026-10-09T04:22:37Z
2021-07-30,WSS,7.2,7.4,7.2,7.2,169206,KBS,2026-10-09T04:22:37Z
2021-08-02,WSS,7.3,7.3,7.1,7.2,66726,KBS,2026-10-09T04:22:37Z
2021-08-03,WSS,7.3,7.4,7.1,7.4,106930,KBS,2026-10-09T04:22:37Z
2021-08-04,WSS,7.4,8.1,7.3,8.1,460948,KBS,2026-10-09T04:22:37Z
2021-08-05,WSS,8.3,8.5,8.1,8.2,124700,KBS,2026-10-09T04:22:37Z
2021-08-06,WSS,8.2,8.2,7.8,7.9,148200,KBS,2026-10-09T04:22:37Z
2021-08-09,WSS,7.7,8.1,7.6,8.0,246604,KBS,2026-10-09T04:22:37Z
2021-08-10,WSS,8.0,8.1,7.9,8.0,115600,KBS,2026-10-09T04:22:37Z
2021-08-11,WSS,7.9,8.0,7.8,8.0,242310,KBS,2026-10-09T04:22:37Z
2021-08-12,WSS,7.9,8.1,7.8,8.0,201530,KBS,2026-10-09T04:22:37Z
2021-08-13,WSS,7.9,8.4,7.9,8.4,378140,KBS,2026-10-09T04:22:37Z
2021-08-16,WSS,8.6,9.1,8.6,9.1,448754,KBS,2026-10-09T04:22:37Z
2021-08-17,WSS,9.1,9.4,8.6,8.8,246100,KBS,2026-10-09T04:22:37Z
2021-08-18,WSS,8.8,9.1,8.6,9.0,522030,KBS,2026-10-09T04:22:37Z
2021-08-19,WSS,9.0,9.9,9.0,9.9,614195,KBS,2026-10-09T04:22:37Z
2021-08-20,WSS,10.0,10.3,9.5,10.0,738406,KBS,2026-10-09T04:22:37Z
2021-08-23,WSS,10.0,11.0,9.8,11.0,530381,KBS,2026-10-09T04:22:37Z
2021-08-24,WSS,12.0,12.1,10.6,11.1,783320,KBS,2026-10-09T04:22:37Z
2021-08-25,WSS,11.1,11.1,10.0,10.4,291300,KBS,2026-10-09T04:22:37Z
2021-08-26,WSS,10.4,10.8,10.0,10.0,449900,KBS,2026-10-09T04:22:37Z
2021-08-27,WSS,10.0,10.7,9.5,10.7,359946,KBS,2026-10-09T04:22:37Z
2021-08-30,WSS,10.7,11.1,10.5,10.8,295627,KBS,2026-10-09T04:22:37Z
2021-08-31,WSS,10.8,10.8,10.4,10.5,241100,KBS,2026-10-09T04:22:37Z
2021-09-01,WSS,10.3,10.6,10.2,10.4,254700,KBS,2026-10-09T04:22:37Z
2021-09-06,WSS,10.4,10.9,10.3,10.7,315200,KBS,2026-10-09T04:22:37Z
2021-09-07,WSS,10.9,11.4,10.9,10.9,395775,KBS,2026-10-09T04:22:37Z
2021-09-08,WSS,10.9,11.3,10.4,10.9,255810,KBS,2026-10-09T04:22:37Z
2021-09-09,WSS,10.9,10.9,10.5,10.8,193835,KBS,2026-10-09T04:22:37Z
2021-09-10,WSS,10.8,11.0,10.8,10.8,215340,KBS,2026-10-09T04:22:37Z
2021-09-13,WSS,10.8,11.8,10.8,11.8,721277,KBS,2026-10-09T04:22:37Z
2021-09-14,WSS,12.1,12.9,11.6,12.1,433235,KBS,2026-10-09T04:22:37Z
2021-09-15,WSS,12.0,12.0,10.9,11.5,325507,KBS,2026-10-09T04:22:37Z
2021-09-16,WSS,11.5,11.5,11.0,11.5,279080,KBS,2026-10-09T04:22:37Z
2021-09-17,WSS,11.5,12.3,11.3,12.0,409190,KBS,2026-10-09T04:22:37Z
2021-09-20,WSS,12.1,12.6,11.9,12.1,390730,KBS,2026-10-09T04:22:37Z
2021-09-21,WSS,11.9,12.0,10.9,11.8,412000,KBS,2026-10-09T04:22:37Z
2021-09-22,WSS,11.8,12.8,11.6,12.7,513347,KBS,2026-10-09T04:22:37Z
2021-09-23,WSS,12.8,13.0,12.1,12.1,271490,KBS,2026-10-09T04:22:37Z
2021-09-24,WSS,12.1,12.4,12.0,12.1,357200,KBS,2026-10-09T04:22:37Z
2021-09-27,WSS,12.0,12.0,10.9,10.9,364029,KBS,2026-10-09T04:22:37Z
2021-09-28,WSS,10.4,11.2,10.1,11.1,254828,KBS,2026-10-09T04:22:37Z
2021-09-29,WSS,11.2,11.4,10.8,10.9,81526,KBS,2026-10-09T04:22:37Z
2021-09-30,WSS,10.9,11.3,10.8,10.9,143500,KBS,2026-10-09T04:22:37Z
2021-10-01,WSS,10.9,11.1,10.8,10.8,132522,KBS,2026-10-09T04:22:37Z
2021-10-04,WSS,10.8,10.8,10.4,10.8,206006,KBS,2026-10-09T04:22:37Z
2021-10-05,WSS,10.8,11.5,10.8,11.4,180900,KBS,2026-10-09T04:22:37Z
2021-10-06,WSS,11.4,11.4,11.0,11.3,97800,KBS,2026-10-09T04:22:37Z
2021-10-07,WSS,11.0,11.4,11.0,11.3,154400,KBS,2026-10-09T04:22:37Z
2021-10-08,WSS,11.3,11.4,11.0,11.2,241400,KBS,2026-10-09T04:22:37Z
2021-10-11,WSS,11.3,11.3,10.9,11.2,203634,KBS,2026-10-09T04:22:37Z
2021-10-12,WSS,11.2,11.3,11.0,11.2,116900,KBS,2026-10-09T04:22:37Z
2021-10-13,WSS,11.2,11.3,11.0,11.1,84593,KBS,2026-10-09T04:22:37Z
2021-10-14,WSS,11.1,11.7,10.9,11.5,324730,KBS,2026-10-09T04:22:37Z
2021-10-15,WSS,11.5,11.8,11.4,11.5,148600,KBS,2026-10-09T04:22:37Z
2021-10-18,WSS,11.5,12.0,11.3,11.6,237149,KBS,2026-10-09T04:22:37Z
2021-10-19,WSS,11.5,11.7,11.1,11.3,326229,KBS,2026-10-09T04:22:37Z
2021-10-20,WSS,11.2,11.4,11.1,11.3,147007,KBS,2026-10-09T04:22:37Z
2021-10-21,WSS,11.3,11.4,10.9,11.2,312900,KBS,2026-10-09T04:22:37Z
2021-10-22,WSS,11.1,11.5,11.0,11.1,228029,KBS,2026-10-09T04:22:37Z
2021-10-25,WSS,11.2,11.2,11.0,11.0,198400,KBS,2026-10-09T04:22:37Z
2021-10-26,WSS,11.0,11.3,10.9,11.1,185700,KBS,2026-10-09T04:22:37Z
2021-10-27,WSS,11.1,11.5,11.0,11.4,248700,KBS,2026-10-09T04:22:37Z
2021-10-28,WSS,11.5,11.5,11.2,11.4,332710,KBS,2026-10-09T04:22:37Z
2021-10-29,WSS,11.5,11.5,11.2,11.3,127362,KBS,2026-10-09T04:22:37Z
2021-11-01,WSS,11.5,12.4,11.3,12.4,714180,KBS,2026-10-09T04:22:37Z
2021-11-02,WSS,12.9,13.0,12.2,12.4,438150,KBS,2026-10-09T04:22:37Z
2021-11-03,WSS,12.4,12.8,11.7,11.7,325110,KBS,2026-10-09T04:22:37Z
2021-11-04,WSS,11.5,12.8,11.5,12.2,412080,KBS,2026-10-09T04:22:37Z
2021-11-05,WSS,12.2,12.4,12.0,12.2,254020,KBS,2026-10-09T04:22:37Z
2021-11-08,WSS,12.4,12.9,12.3,12.6,558298,KBS,2026-10-09T04:22:37Z
2021-11-09,WSS,12.4,12.7,12.3,12.5,310640,KBS,2026-10-09T04:22:37Z
2021-11-10,WSS,12.7,12.8,12.3,12.6,232130,KBS,2026-10-09T04:22:37Z
2021-11-11,WSS,12.5,12.7,12.2,12.5,329500,KBS,2026-10-09T04:22:37Z
2021-11-12,WSS,12.5,13.7,12.3,13.7,812520,KBS,2026-10-09T04:22:37Z
2021-11-15,WSS,13.7,15.0,13.7,15.0,666102,KBS,2026-10-09T04:22:37Z
2021-11-16,WSS,15.0,15.0,14.6,14.7,393534,KBS,2026-10-09T04:22:37Z
2021-11-17,WSS,14.7,15.4,13.9,15.0,475132,KBS,2026-10-09T04:22:37Z
2021-11-18,WSS,15.2,16.5,15.1,16.5,541262,KBS,2026-10-09T04:22:37Z
2021-11-19,WSS,17.0,18.1,16.0,16.6,605874,KBS,2026-10-09T04:22:37Z
2021-11-22,WSS,16.5,17.0,15.5,15.6,431122,KBS,2026-10-09T04:22:37Z
2021-11-23,WSS,15.6,16.2,14.6,16.1,176515,KBS,2026-10-09T04:22:37Z
2021-11-24,WSS,16.2,17.3,16.2,16.7,289920,KBS,2026-10-09T04:22:37Z
2021-11-25,WSS,17.0,17.8,16.4,17.2,412705,KBS,2026-10-09T04:22:37Z
2021-11-26,WSS,17.2,17.2,16.5,16.6,228979,KBS,2026-10-09T04:22:37Z
2021-11-29,WSS,16.1,16.8,15.6,16.5,216695,KBS,2026-10-09T04:22:37Z
2021-11-30,WSS,16.5,16.9,16.1,16.3,299420,KBS,2026-10-09T04:22:37Z
2021-12-01,WSS,16.3,16.7,16.2,16.5,220550,KBS,2026-10-09T04:22:37Z
2021-12-02,WSS,16.8,17.3,16.6,16.7,278911,KBS,2026-10-09T04:22:37Z
2021-12-03,WSS,16.7,16.8,15.7,16.0,256471,KBS,2026-10-09T04:22:37Z
2021-12-06,WSS,15.5,16.0,14.4,14.4,215272,KBS,2026-10-09T04:22:37Z
2021-12-07,WSS,13.9,14.9,13.6,14.8,196517,KBS,2026-10-09T04:22:37Z
2021-12-08,WSS,14.8,15.1,14.4,14.8,136930,KBS,2026-10-09T04:22:37Z
2021-12-09,WSS,14.7,14.9,14.5,14.8,68750,KBS,2026-10-09T04:22:37Z
2021-12-10,WSS,14.8,15.2,14.8,14.8,116936,KBS,2026-10-09T04:22:37Z
2021-12-13,WSS,14.9,15.1,14.8,15.0,142330,KBS,2026-10-09T04:22:37Z
2021-12-14,WSS,15.0,15.2,14.9,15.1,152500,KBS,2026-10-09T04:22:37Z
2021-12-15,WSS,15.2,16.6,15.2,16.6,359725,KBS,2026-10-09T04:22:37Z
2021-12-16,WSS,16.9,17.2,16.0,16.1,150800,KBS,2026-10-09T04:22:37Z
2021-12-17,WSS,15.9,16.8,15.5,16.4,259292,KBS,2026-10-09T04:22:37Z
2021-12-20,WSS,16.4,16.9,16.4,16.7,270005,KBS,2026-10-09T04:22:37Z
2021-12-21,WSS,16.7,16.8,16.0,16.0,125108,KBS,2026-10-09T04:22:37Z
2021-12-22,WSS,16.2,16.5,15.4,15.5,212559,KBS,2026-10-09T04:22:37Z
2021-12-23,WSS,15.5,15.9,14.7,14.7,227805,KBS,2026-10-09T04:22:37Z
2021-12-24,WSS,14.7,15.1,14.2,14.9,111403,KBS,2026-10-09T04:22:37Z
2021-12-27,WSS,15.4,15.4,14.9,15.1,87500,KBS,2026-10-09T04:22:37Z
2021-12-28,WSS,15.1,15.7,15.1,15.4,210706,KBS,2026-10-09T04:22:37Z
2021-12-29,WSS,15.5,16.2,15.2,16.1,179103,KBS,2026-10-09T04:22:37Z
2021-12-30,WSS,16.4,17.7,16.2,17.7,898409,KBS,2026-10-09T04:22:37Z
2021-12-31,WSS,18.4,19.2,17.6,18.1,514621,KBS,2026-10-09T04:22:37Z
2022-01-04,WSS,18.0,19.2,17.8,18.3,288703,KBS,2026-10-09T04:22:37Z
2022-01-05,WSS,18.3,18.5,17.6,18.0,408280,KBS,2026-10-09T04:22:37Z
2022-01-06,WSS,18.0,18.0,17.4,17.6,315004,KBS,2026-10-09T04:22:37Z
2022-01-07,WSS,17.6,17.9,17.1,17.9,425110,KBS,2026-10-09T04:22:37Z
2022-01-10,WSS,18.2,18.3,17.4,17.4,267346,KBS,2026-10-09T04:22:37Z
2022-01-11,WSS,17.4,17.5,16.3,16.3,268856,KBS,2026-10-09T04:22:37Z
2022-01-12,WSS,16.3,17.0,15.9,16.6,307700,KBS,2026-10-09T04:22:37Z
2022-01-13,WSS,16.8,16.9,15.4,15.4,255546,KBS,2026-10-09T04:22:37Z
2022-01-14,WSS,15.3,15.8,15.1,15.7,92200,KBS,2026-10-09T04:22:37Z
2022-01-17,WSS,15.8,15.8,14.2,14.2,242900,KBS,2026-10-09T04:22:37Z
2022-01-18,WSS,12.9,13.4,12.8,12.8,81700,KBS,2026-10-09T04:22:37Z
2022-01-19,WSS,11.8,14.0,11.6,12.5,256305,KBS,2026-10-09T04:22:37Z
2022-01-20,WSS,12.6,13.3,12.0,13.2,123600,KBS,2026-10-09T04:22:37Z
2022-01-21,WSS,13.2,14.5,13.0,13.9,154509,KBS,2026-10-09T04:22:37Z
2022-01-24,WSS,12.7,13.4,12.6,12.6,158700,KBS,2026-10-09T04:22:37Z
2022-01-25,WSS,12.6,12.9,11.4,12.6,78100,KBS,2026-10-09T04:22:37Z
2022-01-26,WSS,13.0,13.0,11.8,12.4,74000,KBS,2026-10-09T04:22:37Z
2022-01-27,WSS,12.4,12.8,12.0,12.8,24000,KBS,2026-10-09T04:22:37Z
2022-01-28,WSS,12.8,12.8,12.0,12.8,41500,KBS,2026-10-09T04:22:37Z
2022-02-07,WSS,12.8,13.7,12.8,13.3,96700,KBS,2026-10-09T04:22:37Z
2022-02-08,WSS,13.3,13.3,12.6,13.2,11707,KBS,2026-10-09T04:22:37Z
2022-02-09,WSS,13.1,13.5,13.1,13.3,34400,KBS,2026-10-09T04:22:37Z
2022-02-10,WSS,13.3,13.4,13.1,13.3,54910,KBS,2026-10-09T04:22:37Z
2022-02-11,WSS,13.3,13.8,13.3,13.5,58611,KBS,2026-10-09T04:22:37Z
2022-02-14,WSS,13.3,14.2,12.2,13.5,141805,KBS,2026-10-09T04:22:37Z
2022-02-15,WSS,13.0,13.6,12.2,13.5,39630,KBS,2026-10-09T04:22:37Z
2022-02-16,WSS,13.5,13.7,13.3,13.4,52700,KBS,2026-10-09T04:22:37Z
2022-02-17,WSS,13.4,13.5,13.0,13.4,66800,KBS,2026-10-09T04:22:37Z
2022-02-18,WSS,13.4,14.0,13.2,13.8,108800,KBS,2026-10-09T04:22:37Z
2022-02-21,WSS,13.8,14.4,13.8,14.2,129221,KBS,2026-10-09T04:22:37Z
2022-02-22,WSS,14.0,14.3,13.7,13.9,54400,KBS,2026-10-09T04:22:37Z
2022-02-23,WSS,13.8,14.0,12.6,14.0,67920,KBS,2026-10-09T04:22:37Z
2022-02-24,WSS,14.0,14.4,13.2,13.9,152694,KBS,2026-10-09T04:22:37Z
2022-02-25,WSS,14.0,14.4,13.7,14.0,133063,KBS,2026-10-09T04:22:37Z
2022-02-28,WSS,14.0,14.3,13.9,14.1,42500,KBS,2026-10-09T04:22:37Z
2022-03-01,WSS,13.9,14.5,13.9,14.1,128201,KBS,2026-10-09T04:22:37Z
2022-03-02,WSS,14.1,14.5,13.6,14.0,184000,KBS,2026-10-09T04:22:37Z
2022-03-03,WSS,14.0,14.3,13.9,14.3,33700,KBS,2026-10-09T04:22:37Z
2022-03-04,WSS,14.4,15.1,14.4,14.8,176507,KBS,2026-10-09T04:22:37Z
2022-03-07,WSS,14.7,14.9,14.4,14.6,33456,KBS,2026-10-09T04:22:37Z
2022-03-08,WSS,14.6,15.0,14.3,14.6,106697,KBS,2026-10-09T04:22:37Z
2022-03-09,WSS,14.7,14.7,13.6,14.4,121627,KBS,2026-10-09T04:22:37Z
2022-03-10,WSS,14.4,14.8,14.3,14.4,30100,KBS,2026-10-09T04:22:37Z
2022-03-11,WSS,14.4,14.4,14.0,14.2,25864,KBS,2026-10-09T04:22:37Z
2022-03-14,WSS,14.0,14.4,13.2,13.6,106300,KBS,2026-10-09T04:22:37Z
2022-03-15,WSS,13.6,14.1,13.5,13.7,35400,KBS,2026-10-09T04:22:37Z
2022-03-16,WSS,13.8,14.2,13.7,14.0,44200,KBS,2026-10-09T04:22:37Z
2022-03-17,WSS,14.0,14.1,13.7,14.0,67600,KBS,2026-10-09T04:22:37Z
2022-03-18,WSS,14.0,14.0,13.6,13.9,55731,KBS,2026-10-09T04:22:37Z
2022-03-21,WSS,13.9,14.0,13.5,13.8,120800,KBS,2026-10-09T04:22:37Z
2022-03-22,WSS,13.5,14.1,13.5,14.0,53548,KBS,2026-10-09T04:22:37Z
2022-03-23,WSS,14.0,14.5,14.0,14.1,86000,KBS,2026-10-09T04:22:37Z
2022-03-24,WSS,14.0,14.0,13.8,14.0,35000,KBS,2026-10-09T04:22:37Z
2022-03-25,WSS,14.1,14.1,13.8,13.9,27500,KBS,2026-10-09T04:22:37Z
2022-03-28,WSS,13.7,13.8,13.5,13.7,66900,KBS,2026-10-09T04:22:37Z
2022-03-29,WSS,13.7,13.9,13.6,13.8,57703,KBS,2026-10-09T04:22:37Z
2022-03-30,WSS,13.8,13.9,13.3,13.7,26900,KBS,2026-10-09T04:22:37Z
2022-03-31,WSS,13.6,13.7,13.2,13.5,43100,KBS,2026-10-09T04:22:37Z
2022-04-01,WSS,13.2,13.4,13.2,13.4,29401,KBS,2026-10-09T04:22:37Z
2022-04-04,WSS,13.5,14.7,13.5,14.0,75100,KBS,2026-10-09T04:22:37Z
2022-04-05,WSS,14.0,14.1,13.7,13.7,32549,KBS,2026-10-09T04:22:37Z
2022-04-06,WSS,14.0,14.0,13.5,13.6,12505,KBS,2026-10-09T04:22:37Z
2022-04-07,WSS,13.5,13.6,13.3,13.3,49200,KBS,2026-10-09T04:22:37Z
2022-04-08,WSS,13.3,13.3,12.9,13.1,44200,KBS,2026-10-09T04:22:37Z
2022-04-12,WSS,13.1,14.4,12.5,12.5,70000,KBS,2026-10-09T04:22:37Z
2022-04-13,WSS,12.5,12.7,12.2,12.7,15500,KBS,2026-10-09T04:22:37Z
2022-04-14,WSS,12.8,13.0,12.2,12.6,11000,KBS,2026-10-09T04:22:37Z
2022-04-15,WSS,12.3,12.5,12.2,12.5,14200,KBS,2026-10-09T04:22:37Z
2022-04-18,WSS,12.3,12.3,11.3,11.3,41800,KBS,2026-10-09T04:22:37Z
2022-04-19,WSS,11.3,12.0,10.2,11.0,68800,KBS,2026-10-09T04:22:37Z
2022-04-20,WSS,10.6,10.9,10.2,10.4,21600,KBS,2026-10-09T04:22:37Z
2022-04-21,WSS,9.5,9.9,9.4,9.4,67647,KBS,2026-10-09T04:22:37Z
2022-04-22,WSS,8.5,10.3,8.5,9.6,27800,KBS,2026-10-09T04:22:37Z
2022-04-25,WSS,9.6,9.6,8.9,8.9,14400,KBS,2026-10-09T04:22:37Z
2022-04-26,WSS,8.5,9.1,8.2,9.1,19900,KBS,2026-10-09T04:22:37Z
2022-04-27,WSS,9.0,9.8,9.0,9.8,21700,KBS,2026-10-09T04:22:37Z
2022-04-28,WSS,10.0,10.0,9.5,9.9,18200,KBS,2026-10-09T04:22:37Z
2022-04-29,WSS,9.9,10.8,9.6,10.4,25300,KBS,2026-10-09T04:22:37Z
2022-05-04,WSS,10.5,10.5,10.0,10.0,3500,KBS,2026-10-09T04:22:37Z
2022-05-05,WSS,10.1,10.2,9.0,10.0,16100,KBS,2026-10-09T04:22:37Z
2022-05-06,WSS,9.8,9.8,9.5,9.5,2200,KBS,2026-10-09T04:22:37Z
2022-05-09,WSS,8.9,8.9,8.6,8.6,24200,KBS,2026-10-09T04:22:37Z
2022-05-10,WSS,8.3,8.9,7.8,8.5,62400,KBS,2026-10-09T04:22:37Z
2022-05-11,WSS,8.9,9.3,8.6,9.1,60800,KBS,2026-10-09T04:22:37Z
2022-05-12,WSS,9.1,9.2,8.7,8.7,7067,KBS,2026-10-09T04:22:37Z
2022-05-13,WSS,8.6,8.9,7.9,7.9,48800,KBS,2026-10-09T04:22:37Z
2022-05-16,WSS,8.3,8.6,8.0,8.1,14500,KBS,2026-10-09T04:22:37Z
2022-05-17,WSS,7.7,8.9,7.7,8.9,19900,KBS,2026-10-09T04:22:37Z
2022-05-18,WSS,8.9,9.2,8.9,9.2,10611,KBS,2026-10-09T04:22:37Z
2022-05-19,WSS,9.0,9.0,8.7,9.0,1900,KBS,2026-10-09T04:22:37Z
2022-05-20,WSS,9.0,9.1,8.7,8.8,6000,KBS,2026-10-09T04:22:37Z
2022-05-23,WSS,8.8,8.8,8.5,8.5,11600,KBS,2026-10-09T04:22:37Z
2022-05-24,WSS,8.5,8.5,8.2,8.5,4400,KBS,2026-10-09T04:22:37Z
2022-05-25,WSS,8.9,8.9,8.6,8.9,5821,KBS,2026-10-09T04:22:37Z
2022-05-26,WSS,8.9,9.3,8.8,8.9,25100,KBS,2026-10-09T04:22:37Z
2022-05-27,WSS,8.8,9.2,8.8,9.0,24700,KBS,2026-10-09T04:22:37Z
2022-05-30,WSS,9.0,9.4,9.0,9.1,3410,KBS,2026-10-09T04:22:37Z
2022-05-31,WSS,9.1,9.1,8.6,8.9,11800,KBS,2026-10-09T04:22:37Z
2022-06-01,WSS,9.0,9.0,8.7,8.8,8900,KBS,2026-10-09T04:22:37Z
2022-06-02,WSS,8.8,8.8,8.5,8.8,12300,KBS,2026-10-09T04:22:37Z
2022-06-03,WSS,8.5,8.9,8.4,8.5,8003,KBS,2026-10-09T04:22:37Z
2022-06-06,WSS,8.7,9.0,8.7,9.0,17200,KBS,2026-10-09T04:22:37Z
2022-06-07,WSS,8.7,9.0,8.5,8.8,2800,KBS,2026-10-09T04:22:37Z
2022-06-08,WSS,8.5,9.0,8.5,8.9,8600,KBS,2026-10-09T04:22:37Z
2022-06-09,WSS,9.0,9.0,9.0,9.0,9706,KBS,2026-10-09T04:22:37Z
2022-06-13,WSS,8.6,8.6,8.2,8.2,10200,KBS,2026-10-09T04:22:37Z
2022-06-14,WSS,8.2,9.0,7.9,8.1,15100,KBS,2026-10-09T04:22:37Z
2022-06-15,WSS,7.8,8.1,7.3,7.7,17000,KBS,2026-10-09T04:22:37Z
2022-06-16,WSS,7.7,8.0,7.7,8.0,10049,KBS,2026-10-09T04:22:37Z
2022-06-17,WSS,7.6,7.8,7.2,7.7,9700,KBS,2026-10-09T04:22:37Z
2022-06-20,WSS,7.8,8.4,7.2,7.3,13500,KBS,2026-10-09T04:22:37Z
2022-06-21,WSS,7.3,7.3,6.7,7.2,9700,KBS,2026-10-09T04:22:37Z
2022-06-22,WSS,7.3,7.5,7.3,7.5,9800,KBS,2026-10-09T04:22:37Z
2022-06-23,WSS,7.8,7.8,7.7,7.7,400,KBS,2026-10-09T04:22:37Z
2022-06-24,WSS,8.1,8.1,7.4,7.8,2100,KBS,2026-10-09T04:22:37Z
2022-06-27,WSS,7.9,7.9,7.9,7.9,7600,KBS,2026-10-09T04:22:37Z
2022-06-28,WSS,7.9,7.9,7.9,7.9,2600,KBS,2026-10-09T04:22:37Z
2022-06-29,WSS,8.2,8.2,8.2,8.2,100,KBS,2026-10-09T04:22:37Z
2022-06-30,WSS,7.9,8.0,7.6,8.0,5469,KBS,2026-10-09T04:22:37Z
2022-07-01,WSS,7.6,7.9,7.6,7.9,7300,KBS,2026-10-09T04:22:37Z
2022-07-04,WSS,7.9,7.9,7.8,7.9,5200,KBS,2026-10-09T04:22:37Z
2022-07-05,WSS,7.9,7.9,7.6,7.6,6500,KBS,2026-10-09T04:22:37Z
2022-07-06,WSS,7.5,7.5,7.5,7.5,2400,KBS,2026-10-09T04:22:37Z
2022-07-07,WSS,7.3,7.5,7.3,7.5,5900,KBS,2026-10-09T04:22:37Z
2022-07-08,WSS,7.5,7.7,7.3,7.3,4800,KBS,2026-10-09T04:22:37Z
2022-07-11,WSS,7.7,7.7,7.6,7.6,209,KBS,2026-10-09T04:22:37Z
2022-07-12,WSS,7.4,7.6,7.4,7.6,22300,KBS,2026-10-09T04:22:37Z
2022-07-13,WSS,7.7,7.7,7.6,7.6,8000,KBS,2026-10-09T04:22:37Z
2022-07-14,WSS,7.3,8.0,7.3,7.9,36100,KBS,2026-10-09T04:22:37Z
2022-07-15,WSS,7.8,7.9,7.5,7.8,11300,KBS,2026-10-09T04:22:37Z
2022-07-18,WSS,8.0,8.0,7.8,7.8,4600,KBS,2026-10-09T04:22:37Z
2022-07-19,WSS,7.6,7.8,7.5,7.5,14409,KBS,2026-10-09T04:22:37Z
2022-07-20,WSS,7.8,7.9,7.6,7.9,6800,KBS,2026-10-09T04:22:37Z
2022-07-21,WSS,7.9,8.0,7.6,7.9,13000,KBS,2026-10-09T04:22:37Z
2022-07-22,WSS,7.6,7.9,7.5,7.5,9700,KBS,2026-10-09T04:22:37Z
2022-07-25,WSS,7.4,7.9,7.2,7.9,13000,KBS,2026-10-09T04:22:37Z
2022-07-26,WSS,7.5,7.9,7.5,7.8,1609,KBS,2026-10-09T04:22:37Z
2022-07-27,WSS,7.8,7.8,7.8,7.8,3000,KBS,2026-10-09T04:22:37Z
2022-07-28,WSS,7.6,7.9,7.6,7.8,13300,KBS,2026-10-09T04:22:37Z
2022-07-29,WSS,7.7,8.0,7.7,8.0,5900,KBS,2026-10-09T04:22:37Z
2022-08-01,WSS,8.0,8.6,7.9,8.6,78200,KBS,2026-10-09T04:22:37Z
2022-08-02,WSS,8.6,8.6,8.3,8.5,10600,KBS,2026-10-09T04:22:37Z
2022-08-03,WSS,8.6,9.0,8.3,8.7,40500,KBS,2026-10-09T04:22:37Z
2022-08-04,WSS,8.9,8.9,8.5,8.6,48700,KBS,2026-10-09T04:22:37Z
2022-08-05,WSS,8.5,8.9,8.5,8.9,15700,KBS,2026-10-09T04:22:37Z
2022-08-08,WSS,8.9,9.1,8.7,9.1,158210,KBS,2026-10-09T04:22:37Z
2022-08-09,WSS,9.1,9.1,8.9,9.1,93300,KBS,2026-10-09T04:22:37Z
2022-08-10,WSS,9.1,9.9,9.1,9.7,72800,KBS,2026-10-09T04:22:37Z
2022-08-11,WSS,9.7,9.7,9.0,9.1,67800,KBS,2026-10-09T04:22:37Z
2022-08-12,WSS,9.2,9.6,9.0,9.4,22400,KBS,2026-10-09T04:22:37Z
2022-08-15,WSS,9.6,9.6,9.1,9.1,13100,KBS,2026-10-09T04:22:37Z
2022-08-16,WSS,9.2,9.2,8.8,9.1,10800,KBS,2026-10-09T04:22:37Z
2022-08-17,WSS,9.1,9.1,8.7,9.1,25600,KBS,2026-10-09T04:22:37Z
2022-08-18,WSS,8.7,9.2,8.6,9.1,13700,KBS,2026-10-09T04:22:37Z
2022-08-19,WSS,8.9,9.2,8.7,9.1,24900,KBS,2026-10-09T04:22:37Z
2022-08-22,WSS,9.1,9.1,8.7,8.7,9700,KBS,2026-10-09T04:22:37Z
2022-08-23,WSS,8.8,9.0,8.8,9.0,5300,KBS,2026-10-09T04:22:37Z
2022-08-24,WSS,9.1,9.1,8.8,8.9,42800,KBS,2026-10-09T04:22:37Z
2022-08-25,WSS,8.9,9.1,8.9,9.1,27800,KBS,2026-10-09T04:22:37Z
2022-08-26,WSS,9.0,9.0,8.7,8.8,9700,KBS,2026-10-09T04:22:37Z
2022-08-29,WSS,8.6,8.6,8.0,8.3,34200,KBS,2026-10-09T04:22:37Z
2022-08-30,WSS,8.3,8.5,8.2,8.4,9600,KBS,2026-10-09T04:22:37Z
2022-08-31,WSS,8.1,8.4,8.1,8.4,9900,KBS,2026-10-09T04:22:37Z
2022-09-05,WSS,8.4,8.4,8.1,8.4,1900,KBS,2026-10-09T04:22:37Z
2022-09-06,WSS,8.1,8.5,8.1,8.3,7100,KBS,2026-10-09T04:22:37Z
2022-09-07,WSS,8.1,8.2,8.1,8.1,4400,KBS,2026-10-09T04:22:37Z
2022-09-08,WSS,8.0,8.2,7.9,8.0,13500,KBS,2026-10-09T04:22:37Z
2022-09-09,WSS,8.2,8.2,7.8,7.9,18400,KBS,2026-10-09T04:22:37Z
2022-09-12,WSS,7.9,7.9,7.8,7.8,5800,KBS,2026-10-09T04:22:37Z
2022-09-13,WSS,7.8,7.9,7.8,7.9,600,KBS,2026-10-09T04:22:37Z
2022-09-14,WSS,7.6,8.1,7.5,7.9,2600,KBS,2026-10-09T04:22:37Z
2022-09-15,WSS,7.8,7.8,7.6,7.6,12728,KBS,2026-10-09T04:22:37Z
2022-09-16,WSS,7.9,8.0,7.5,7.5,4900,KBS,2026-10-09T04:22:37Z
2022-09-19,WSS,7.6,7.7,7.4,7.6,5438,KBS,2026-10-09T04:22:37Z
2022-09-20,WSS,7.6,7.8,7.5,7.8,8700,KBS,2026-10-09T04:22:37Z
2022-09-21,WSS,7.9,7.9,7.5,7.8,3200,KBS,2026-10-09T04:22:37Z
2022-09-22,WSS,7.6,8.0,7.4,8.0,12800,KBS,2026-10-09T04:22:37Z
2022-09-23,WSS,7.8,8.0,7.7,7.8,3930,KBS,2026-10-09T04:22:37Z
2022-09-26,WSS,7.6,7.6,7.2,7.3,8500,KBS,2026-10-09T04:22:37Z
2022-09-27,WSS,7.4,7.5,7.3,7.5,3100,KBS,2026-10-09T04:22:37Z
2022-09-28,WSS,7.5,7.5,7.4,7.5,5310,KBS,2026-10-09T04:22:37Z
2022-09-29,WSS,7.6,7.6,7.5,7.5,7500,KBS,2026-10-09T04:22:37Z
2022-09-30,WSS,7.1,7.5,6.8,7.5,24900,KBS,2026-10-09T04:22:37Z
2022-10-03,WSS,7.3,7.5,6.8,7.4,25340,KBS,2026-10-09T04:22:37Z
2022-10-04,WSS,7.4,7.5,7.0,7.4,4300,KBS,2026-10-09T04:22:37Z
2022-10-05,WSS,7.4,7.4,6.8,7.4,22900,KBS,2026-10-09T04:22:37Z
2022-10-06,WSS,7.0,7.4,7.0,7.2,4600,KBS,2026-10-09T04:22:37Z
2022-10-07,WSS,6.9,6.9,6.7,6.8,5600,KBS,2026-10-09T04:22:37Z
2022-10-10,WSS,6.5,7.4,6.2,6.5,25300,KBS,2026-10-09T04:22:37Z
2022-10-11,WSS,6.5,6.5,5.9,5.9,5500,KBS,2026-10-09T04:22:37Z
2022-10-12,WSS,5.9,6.1,5.7,5.7,11900,KBS,2026-10-09T04:22:37Z
2022-10-13,WSS,5.7,5.8,5.6,5.7,900,KBS,2026-10-09T04:22:37Z
2022-10-14,WSS,5.8,6.0,5.8,5.9,16200,KBS,2026-10-09T04:22:37Z
2022-10-17,WSS,5.9,5.9,5.7,5.9,500,KBS,2026-10-09T04:22:37Z
2022-10-18,WSS,5.9,6.0,5.9,6.0,2600,KBS,2026-10-09T04:22:37Z
2022-10-20,WSS,5.7,5.9,5.7,5.9,1607,KBS,2026-10-09T04:22:37Z
2022-10-21,WSS,5.8,5.9,5.6,5.9,14600,KBS,2026-10-09T04:22:37Z
2022-10-24,WSS,5.5,5.5,5.4,5.4,9000,KBS,2026-10-09T04:22:37Z
2022-10-25,WSS,5.0,5.0,4.9,5.0,11500,KBS,2026-10-09T04:22:37Z
2022-10-26,WSS,5.1,5.1,5.0,5.0,400,KBS,2026-10-09T04:22:37Z
2022-10-27,WSS,5.0,5.1,4.5,5.1,12800,KBS,2026-10-09T04:22:37Z
2022-10-28,WSS,5.0,5.1,4.9,5.1,12000,KBS,2026-10-09T04:22:37Z
2022-10-31,WSS,4.8,5.1,4.8,5.1,9450,KBS,2026-10-09T04:22:37Z
2022-11-01,WSS,5.1,5.1,4.9,5.1,5200,KBS,2026-10-09T04:22:37Z
2022-11-03,WSS,4.7,5.0,4.7,5.0,12500,KBS,2026-10-09T04:22:37Z
2022-11-04,WSS,4.6,4.6,4.5,4.6,2800,KBS,2026-10-09T04:22:37Z
2022-11-07,WSS,4.6,4.6,4.6,4.6,1,KBS,2026-10-09T04:22:37Z
2022-11-08,WSS,4.2,4.5,4.2,4.5,2200,KBS,2026-10-09T04:22:37Z
2022-11-09,WSS,4.2,4.5,4.2,4.4,1450,KBS,2026-10-09T04:22:37Z
2022-11-10,WSS,4.1,4.2,4.0,4.0,13800,KBS,2026-10-09T04:22:37Z
2022-11-11,WSS,4.1,4.2,4.1,4.2,5900,KBS,2026-10-09T04:22:37Z
2022-11-14,WSS,3.8,4.2,3.8,3.9,700,KBS,2026-10-09T04:22:37Z
2022-11-15,WSS,3.6,3.9,3.6,3.6,32700,KBS,2026-10-09T04:22:37Z
2022-11-16,WSS,3.9,3.9,3.7,3.9,16409,KBS,2026-10-09T04:22:37Z
2022-11-17,WSS,4.1,4.2,3.9,3.9,56100,KBS,2026-10-09T04:22:37Z
2022-11-18,WSS,3.7,4.1,3.7,4.1,12500,KBS,2026-10-09T04:22:37Z
2022-11-21,WSS,4.2,4.2,4.1,4.1,4200,KBS,2026-10-09T04:22:37Z
2022-11-22,WSS,4.1,4.5,4.1,4.2,27919,KBS,2026-10-09T04:22:37Z
2022-11-23,WSS,4.4,4.6,4.2,4.6,33900,KBS,2026-10-09T04:22:37Z
2022-11-24,WSS,4.7,4.7,4.4,4.6,14300,KBS,2026-10-09T04:22:37Z
2022-11-25,WSS,4.7,4.8,4.5,4.8,4400,KBS,2026-10-09T04:22:37Z
2022-11-28,WSS,4.9,5.2,4.8,5.1,24710,KBS,2026-10-09T04:22:37Z
2022-11-29,WSS,5.5,5.5,5.2,5.5,9700,KBS,2026-10-09T04:22:37Z
2022-11-30,WSS,5.7,5.9,5.5,5.8,14600,KBS,2026-10-09T04:22:37Z
2022-12-01,WSS,5.8,5.9,5.6,5.9,20800,KBS,2026-10-09T04:22:37Z
2022-12-02,WSS,5.9,5.9,5.6,5.9,13100,KBS,2026-10-09T04:22:37Z
2022-12-05,WSS,6.0,6.3,6.0,6.2,22500,KBS,2026-10-09T04:22:37Z
2022-12-06,WSS,6.2,6.4,5.6,5.8,51900,KBS,2026-10-09T04:22:37Z
2022-12-07,WSS,5.3,6.0,5.3,5.8,15900,KBS,2026-10-09T04:22:37Z
2022-12-08,WSS,6.0,6.0,5.5,6.0,22750,KBS,2026-10-09T04:22:37Z
2022-12-09,WSS,6.0,6.2,5.4,5.8,35200,KBS,2026-10-09T04:22:37Z
2022-12-12,WSS,5.9,5.9,5.3,5.3,149601,KBS,2026-10-09T04:22:37Z
2022-12-13,WSS,5.6,5.8,4.8,5.7,23403,KBS,2026-10-09T04:22:37Z
2022-12-14,WSS,5.8,6.0,5.2,5.9,24600,KBS,2026-10-09T04:22:37Z
2022-12-15,WSS,5.8,5.8,5.4,5.8,47000,KBS,2026-10-09T04:22:37Z
2022-12-16,WSS,5.4,5.7,5.3,5.6,10600,KBS,2026-10-09T04:22:37Z
2022-12-19,WSS,5.5,5.7,5.1,5.7,44600,KBS,2026-10-09T04:22:37Z
2022-12-20,WSS,5.7,5.7,5.2,5.5,28000,KBS,2026-10-09T04:22:37Z
2022-12-21,WSS,5.4,5.5,5.0,5.4,20414,KBS,2026-10-09T04:22:37Z
2022-12-22,WSS,5.3,5.6,5.3,5.6,11800,KBS,2026-10-09T04:22:37Z
2022-12-23,WSS,5.2,5.5,5.1,5.2,8000,KBS,2026-10-09T04:22:37Z
2022-12-26,WSS,5.5,5.5,5.5,5.5,100,KBS,2026-10-09T04:22:37Z
2022-12-27,WSS,5.4,5.5,5.0,5.3,2900,KBS,2026-10-09T04:22:37Z
2022-12-28,WSS,5.4,5.4,5.1,5.3,52400,KBS,2026-10-09T04:22:37Z
2022-12-29,WSS,5.3,5.3,5.2,5.3,11000,KBS,2026-10-09T04:22:37Z
2022-12-30,WSS,5.2,5.4,5.2,5.4,21000,KBS,2026-10-09T04:22:37Z
2023-01-03,WSS,5.3,5.7,5.3,5.6,50100,KBS,2026-10-09T04:22:37Z
2023-01-04,WSS,5.6,5.6,5.3,5.3,16200,KBS,2026-10-09T04:22:37Z
2023-01-05,WSS,5.3,5.4,5.1,5.4,4600,KBS,2026-10-09T04:22:37Z
2023-01-06,WSS,5.1,5.4,5.1,5.1,4910,KBS,2026-10-09T04:22:37Z
2023-01-09,WSS,5.3,5.3,5.0,5.0,2600,KBS,2026-10-09T04:22:37Z
2023-01-10,WSS,5.1,5.2,5.1,5.2,800,KBS,2026-10-09T04:22:37Z
2023-01-11,WSS,5.2,5.3,5.2,5.2,9404,KBS,2026-10-09T04:22:37Z
2023-01-12,WSS,5.0,5.2,4.9,5.2,10800,KBS,2026-10-09T04:22:37Z
2023-01-13,WSS,4.9,5.6,4.8,5.2,33600,KBS,2026-10-09T04:22:37Z
2023-01-16,WSS,5.1,5.2,5.1,5.2,1100,KBS,2026-10-09T04:22:37Z
2023-01-17,WSS,5.2,5.3,5.1,5.3,4900,KBS,2026-10-09T04:22:37Z
2023-01-18,WSS,5.3,5.3,5.0,5.3,17900,KBS,2026-10-09T04:22:37Z
2023-01-19,WSS,5.1,5.3,5.0,5.3,28000,KBS,2026-10-09T04:22:37Z
2023-01-27,WSS,5.6,5.8,5.3,5.3,8601,KBS,2026-10-09T04:22:37Z
2023-01-30,WSS,5.3,5.4,5.2,5.2,10701,KBS,2026-10-09T04:22:37Z
2023-01-31,WSS,5.2,5.4,5.2,5.4,6114,KBS,2026-10-09T04:22:37Z
2023-02-01,WSS,5.4,5.4,5.2,5.2,7700,KBS,2026-10-09T04:22:37Z
2023-02-02,WSS,5.0,5.4,5.0,5.4,1100,KBS,2026-10-09T04:22:37Z
2023-02-06,WSS,5.0,5.3,5.0,5.3,4600,KBS,2026-10-09T04:22:37Z
2023-02-07,WSS,5.0,5.3,5.0,5.3,3100,KBS,2026-10-09T04:22:37Z
2023-02-08,WSS,4.9,5.2,4.9,5.2,300,KBS,2026-10-09T04:22:37Z
2023-02-10,WSS,4.8,5.1,4.7,5.0,7100,KBS,2026-10-09T04:22:37Z
2023-02-13,WSS,5.0,5.0,4.5,4.5,8500,KBS,2026-10-09T04:22:37Z
2023-02-14,WSS,4.5,4.8,4.5,4.7,2302,KBS,2026-10-09T04:22:37Z
2023-02-15,WSS,4.7,4.8,4.7,4.7,4601,KBS,2026-10-09T04:22:37Z
2023-02-16,WSS,4.6,5.0,4.6,4.7,500,KBS,2026-10-09T04:22:37Z
2023-02-17,WSS,4.8,4.8,4.7,4.8,12600,KBS,2026-10-09T04:22:37Z
2023-02-20,WSS,4.8,5.1,4.8,5.1,7700,KBS,2026-10-09T04:22:37Z
2023-02-21,WSS,5.1,5.2,5.0,5.0,3900,KBS,2026-10-09T04:22:37Z
2023-02-22,WSS,5.0,5.0,4.9,4.9,3601,KBS,2026-10-09T04:22:37Z
2023-02-23,WSS,4.9,4.9,4.8,4.8,5400,KBS,2026-10-09T04:22:37Z
2023-02-24,WSS,4.8,5.0,4.8,4.9,5000,KBS,2026-10-09T04:22:37Z
2023-02-27,WSS,4.5,4.9,4.5,4.9,5500,KBS,2026-10-09T04:22:37Z
2023-02-28,WSS,4.5,4.9,4.5,4.6,13500,KBS,2026-10-09T04:22:37Z
2023-03-01,WSS,4.8,4.8,4.7,4.7,200,KBS,2026-10-09T04:22:37Z
2023-03-02,WSS,4.7,4.7,4.7,4.7,1100,KBS,2026-10-09T04:22:37Z
2023-03-03,WSS,4.8,4.8,4.7,4.7,800,KBS,2026-10-09T04:22:37Z
2023-03-06,WSS,4.5,4.9,4.5,4.8,7100,KBS,2026-10-09T04:22:37Z
2023-03-07,WSS,4.8,4.8,4.8,4.8,1000,KBS,2026-10-09T04:22:37Z
2023-03-08,WSS,4.8,4.8,4.8,4.8,900,KBS,2026-10-09T04:22:37Z
2023-03-09,WSS,4.8,4.8,4.7,4.8,1200,KBS,2026-10-09T04:22:37Z
2023-03-10,WSS,4.6,4.8,4.6,4.6,12400,KBS,2026-10-09T04:22:37Z
2023-03-13,WSS,4.6,4.6,4.6,4.6,300,KBS,2026-10-09T04:22:37Z
2023-03-14,WSS,4.7,4.7,4.5,4.6,4600,KBS,2026-10-09T04:22:37Z
2023-03-15,WSS,4.6,5.0,4.6,4.9,21100,KBS,2026-10-09T04:22:37Z
2023-03-16,WSS,4.7,4.9,4.7,4.9,2800,KBS,2026-10-09T04:22:37Z
2023-03-20,WSS,4.8,4.8,4.6,4.7,4300,KBS,2026-10-09T04:22:37Z
2023-03-21,WSS,4.7,4.8,4.7,4.8,1100,KBS,2026-10-09T04:22:37Z
2023-03-23,WSS,4.7,4.8,4.7,4.8,3700,KBS,2026-10-09T04:22:37Z
2023-03-24,WSS,4.7,4.9,4.7,4.9,1800,KBS,2026-10-09T04:22:37Z
2023-03-27,WSS,4.9,5.0,4.9,5.0,129500,KBS,2026-10-09T04:22:37Z
2023-03-28,WSS,5.0,5.1,5.0,5.0,53600,KBS,2026-10-09T04:22:37Z
2023-03-29,WSS,4.8,4.9,4.8,4.9,9800,KBS,2026-10-09T04:22:37Z
2023-03-30,WSS,5.0,5.0,4.8,4.8,8200,KBS,2026-10-09T04:22:37Z
2023-03-31,WSS,4.8,5.0,4.8,5.0,3500,KBS,2026-10-09T04:22:37Z
2023-04-03,WSS,5.1,5.1,5.0,5.1,4700,KBS,2026-10-09T04:22:37Z
2023-04-04,WSS,5.1,5.5,5.1,5.5,191100,KBS,2026-10-09T04:22:37Z
2023-04-05,WSS,5.6,5.8,5.5,5.7,86500,KBS,2026-10-09T04:22:37Z
2023-04-06,WSS,5.7,5.8,5.5,5.5,26609,KBS,2026-10-09T04:22:37Z
2023-04-07,WSS,5.5,5.7,5.5,5.6,90100,KBS,2026-10-09T04:22:37Z
2023-04-10,WSS,5.8,5.8,5.4,5.7,120000,KBS,2026-10-09T04:22:37Z
2023-04-11,WSS,5.7,5.8,5.4,5.6,44500,KBS,2026-10-09T04:22:37Z
2023-04-12,WSS,5.7,5.7,5.5,5.5,26200,KBS,2026-10-09T04:22:37Z
2023-04-13,WSS,5.5,5.5,5.5,5.5,4300,KBS,2026-10-09T04:22:37Z
2023-04-14,WSS,5.5,5.5,5.1,5.5,41509,KBS,2026-10-09T04:22:37Z
2023-04-17,WSS,5.6,5.6,5.4,5.5,35100,KBS,2026-10-09T04:22:37Z
2023-04-18,WSS,5.3,5.7,5.3,5.6,51900,KBS,2026-10-09T04:22:37Z
2023-04-19,WSS,5.4,5.4,5.2,5.2,9031,KBS,2026-10-09T04:22:37Z
2023-04-20,WSS,5.4,5.4,5.4,5.4,101,KBS,2026-10-09T04:22:37Z
2023-04-21,WSS,5.4,5.7,5.4,5.5,82600,KBS,2026-10-09T04:22:37Z
2023-04-24,WSS,5.5,5.5,5.2,5.4,3466,KBS,2026-10-09T04:22:37Z
2023-04-25,WSS,5.4,5.4,5.1,5.2,10000,KBS,2026-10-09T04:22:37Z
2023-04-26,WSS,5.2,5.3,5.0,5.3,3500,KBS,2026-10-09T04:22:37Z
2023-04-27,WSS,5.0,5.3,5.0,5.3,20204,KBS,2026-10-09T04:22:37Z
2023-04-28,WSS,5.2,5.3,5.1,5.1,16700,KBS,2026-10-09T04:22:37Z
2023-05-04,WSS,5.1,5.2,5.0,5.2,7336,KBS,2026-10-09T04:22:37Z
2023-05-05,WSS,5.2,5.5,5.2,5.4,116530,KBS,2026-10-09T04:22:37Z
2023-05-08,WSS,5.5,5.8,5.4,5.7,139104,KBS,2026-10-09T04:22:37Z
2023-05-09,WSS,5.7,5.9,5.6,5.7,18010,KBS,2026-10-09T04:22:37Z
2023-05-10,WSS,5.8,6.0,5.8,6.0,113902,KBS,2026-10-09T04:22:37Z
2023-05-11,WSS,6.1,6.1,5.9,6.0,49301,KBS,2026-10-09T04:22:37Z
2023-05-12,WSS,6.0,6.3,5.9,6.1,29202,KBS,2026-10-09T04:22:37Z
2023-05-15,WSS,6.1,6.3,6.1,6.2,40822,KBS,2026-10-09T04:22:37Z
2023-05-16,WSS,6.0,6.1,5.7,6.1,28726,KBS,2026-10-09T04:22:37Z
2023-05-17,WSS,5.9,6.1,5.8,6.0,59501,KBS,2026-10-09T04:22:37Z
2023-05-18,WSS,6.0,6.0,5.9,6.0,21101,KBS,2026-10-09T04:22:37Z
2023-05-19,WSS,6.0,6.1,6.0,6.0,24037,KBS,2026-10-09T04:22:37Z
2023-05-22,WSS,5.8,6.0,5.8,5.8,25103,KBS,2026-10-09T04:22:37Z
2023-05-23,WSS,5.8,6.0,5.8,5.8,53038,KBS,2026-10-09T04:22:37Z
2023-05-24,WSS,5.9,6.0,5.8,6.0,21200,KBS,2026-10-09T04:22:37Z
2023-05-25,WSS,6.0,6.0,5.8,5.9,29104,KBS,2026-10-09T04:22:37Z
2023-05-26,WSS,6.0,6.0,5.9,6.0,74800,KBS,2026-10-09T04:22:37Z
2023-05-29,WSS,6.1,6.5,6.0,6.5,165550,KBS,2026-10-09T04:22:37Z
2023-05-30,WSS,6.6,6.6,6.3,6.5,52400,KBS,2026-10-09T04:22:37Z
2023-05-31,WSS,6.5,6.5,6.2,6.3,81300,KBS,2026-10-09T04:22:37Z
2023-06-01,WSS,6.5,6.6,6.3,6.6,235283,KBS,2026-10-09T04:22:37Z
2023-06-02,WSS,6.6,6.7,6.6,6.7,60400,KBS,2026-10-09T04:22:37Z
2023-06-05,WSS,6.8,6.8,6.5,6.5,197918,KBS,2026-10-09T04:22:37Z
2023-06-06,WSS,6.5,6.8,6.3,6.8,86600,KBS,2026-10-09T04:22:37Z
2023-06-07,WSS,6.8,7.0,6.7,7.0,89715,KBS,2026-10-09T04:22:37Z
2023-06-08,WSS,7.0,7.1,6.7,6.9,44200,KBS,2026-10-09T04:22:37Z
2023-06-09,WSS,6.9,7.5,6.7,7.5,213100,KBS,2026-10-09T04:22:37Z
2023-06-12,WSS,7.5,8.0,7.5,7.9,157001,KBS,2026-10-09T04:22:37Z
2023-06-13,WSS,8.3,8.5,7.5,7.7,179269,KBS,2026-10-09T04:22:37Z
2023-06-14,WSS,7.7,8.0,7.6,7.6,78503,KBS,2026-10-09T04:22:37Z
2023-06-15,WSS,7.5,7.7,7.1,7.3,118611,KBS,2026-10-09T04:22:37Z
2023-06-16,WSS,7.4,8.0,7.3,7.5,233838,KBS,2026-10-09T04:22:37Z
2023-06-19,WSS,7.5,7.7,7.1,7.1,92900,KBS,2026-10-09T04:22:37Z
2023-06-20,WSS,7.3,7.5,7.1,7.4,32000,KBS,2026-10-09T04:22:37Z
2023-06-21,WSS,7.5,7.7,7.4,7.6,157300,KBS,2026-10-09T04:22:37Z
2023-06-22,WSS,7.7,7.8,7.5,7.7,59100,KBS,2026-10-09T04:22:37Z
2023-06-23,WSS,7.6,7.9,7.6,7.8,122100,KBS,2026-10-09T04:22:37Z
2023-06-26,WSS,7.8,7.9,7.5,7.8,163700,KBS,2026-10-09T04:22:37Z
2023-06-27,WSS,7.8,7.8,7.5,7.5,25900,KBS,2026-10-09T04:22:37Z
2023-06-28,WSS,7.7,7.7,7.2,7.4,68300,KBS,2026-10-09T04:22:37Z
2023-06-29,WSS,7.3,7.4,7.1,7.4,73404,KBS,2026-10-09T04:22:37Z
2023-06-30,WSS,7.1,7.2,7.0,7.1,21800,KBS,2026-10-09T04:22:37Z
2023-07-03,WSS,7.3,7.3,7.0,7.0,19000,KBS,2026-10-09T04:22:37Z
2023-07-04,WSS,7.0,7.4,7.0,7.4,70035,KBS,2026-10-09T04:22:37Z
2023-07-05,WSS,7.4,7.4,7.2,7.2,59300,KBS,2026-10-09T04:22:37Z
2023-07-06,WSS,7.2,7.3,7.1,7.1,53600,KBS,2026-10-09T04:22:37Z
2023-07-07,WSS,7.2,7.3,7.1,7.3,25226,KBS,2026-10-09T04:22:37Z
2023-07-10,WSS,7.3,7.4,7.2,7.2,57500,KBS,2026-10-09T04:22:37Z
2023-07-11,WSS,7.3,7.3,7.2,7.2,40978,KBS,2026-10-09T04:22:37Z
2023-07-12,WSS,7.3,7.9,7.3,7.6,190237,KBS,2026-10-09T04:22:37Z
2023-07-13,WSS,7.7,7.7,7.4,7.6,45107,KBS,2026-10-09T04:22:37Z
2023-07-14,WSS,7.6,7.7,7.4,7.7,78900,KBS,2026-10-09T04:22:37Z
2023-07-17,WSS,7.7,7.9,7.6,7.7,160817,KBS,2026-10-09T04:22:37Z
2023-07-18,WSS,7.8,8.2,7.8,7.8,165212,KBS,2026-10-09T04:22:37Z
2023-07-19,WSS,7.8,8.0,7.8,7.9,88529,KBS,2026-10-09T04:22:37Z
2023-07-20,WSS,8.0,8.0,7.6,7.7,116006,KBS,2026-10-09T04:22:37Z
2023-07-21,WSS,7.7,7.9,7.5,7.7,101608,KBS,2026-10-09T04:22:37Z
2023-07-24,WSS,7.8,7.9,7.7,7.9,94611,KBS,2026-10-09T04:22:37Z
2023-07-25,WSS,7.9,8.0,7.8,7.8,106819,KBS,2026-10-09T04:22:37Z
2023-07-26,WSS,7.9,7.9,7.6,7.7,64205,KBS,2026-10-09T04:22:37Z
2023-07-27,WSS,7.7,7.8,7.6,7.7,39501,KBS,2026-10-09T04:22:37Z
2023-07-28,WSS,7.7,7.9,7.6,7.9,103145,KBS,2026-10-09T04:22:37Z
2023-07-31,WSS,8.0,8.1,7.8,7.9,136403,KBS,2026-10-09T04:22:37Z
2023-08-01,WSS,7.9,8.0,7.7,7.7,107703,KBS,2026-10-09T04:22:37Z
2023-08-02,WSS,7.7,7.8,7.7,7.8,37904,KBS,2026-10-09T04:22:37Z
2023-08-03,WSS,7.9,7.9,7.7,7.8,59502,KBS,2026-10-09T04:22:37Z
2023-08-04,WSS,7.9,7.9,7.6,7.7,47504,KBS,2026-10-09T04:22:37Z
2023-08-07,WSS,7.7,8.4,7.7,8.3,254601,KBS,2026-10-09T04:22:37Z
2023-08-08,WSS,8.5,8.5,8.1,8.1,99203,KBS,2026-10-09T04:22:37Z
2023-08-09,WSS,8.1,8.1,7.9,8.0,118808,KBS,2026-10-09T04:22:37Z
2023-08-10,WSS,8.0,8.2,8.0,8.2,113603,KBS,2026-10-09T04:22:37Z
2023-08-11,WSS,8.2,8.3,7.8,8.1,74100,KBS,2026-10-09T04:22:37Z
2023-08-14,WSS,8.1,8.4,7.9,8.2,256779,KBS,2026-10-09T04:22:37Z
2023-08-15,WSS,8.4,8.4,8.1,8.2,84000,KBS,2026-10-09T04:22:37Z
2023-08-16,WSS,8.0,8.2,8.0,8.2,68440,KBS,2026-10-09T04:22:37Z
2023-08-17,WSS,8.2,8.4,8.0,8.3,276538,KBS,2026-10-09T04:22:37Z
2023-08-18,WSS,8.0,8.2,7.5,7.5,154000,KBS,2026-10-09T04:22:37Z
2023-08-21,WSS,7.5,7.6,7.1,7.4,79300,KBS,2026-10-09T04:22:37Z
2023-08-22,WSS,7.5,7.5,6.9,7.5,90900,KBS,2026-10-09T04:22:37Z
2023-08-23,WSS,7.6,7.6,7.3,7.3,74900,KBS,2026-10-09T04:22:37Z
2023-08-24,WSS,7.4,7.6,7.3,7.6,43500,KBS,2026-10-09T04:22:37Z
2023-08-25,WSS,7.6,7.6,7.4,7.5,47000,KBS,2026-10-09T04:22:37Z
2023-08-28,WSS,7.4,7.6,7.3,7.5,27600,KBS,2026-10-09T04:22:37Z
2023-08-29,WSS,7.4,7.7,7.4,7.6,70100,KBS,2026-10-09T04:22:37Z
2023-08-30,WSS,7.6,8.1,7.5,8.0,90300,KBS,2026-10-09T04:22:37Z
2023-08-31,WSS,8.4,8.4,7.9,7.9,57741,KBS,2026-10-09T04:22:37Z
2023-09-05,WSS,7.9,8.0,7.8,8.0,74000,KBS,2026-10-09T04:22:37Z
2023-09-06,WSS,8.0,8.4,7.8,8.2,150600,KBS,2026-10-09T04:22:37Z
2023-09-07,WSS,8.3,9.0,8.2,8.8,351418,KBS,2026-10-09T04:22:37Z
2023-09-08,WSS,8.9,9.0,8.7,8.8,194500,KBS,2026-10-09T04:22:37Z
2023-09-11,WSS,8.9,8.9,8.5,8.6,165313,KBS,2026-10-09T04:22:37Z
2023-09-12,WSS,8.6,9.4,8.6,9.4,327406,KBS,2026-10-09T04:22:37Z
2023-09-13,WSS,9.4,9.6,9.2,9.2,136575,KBS,2026-10-09T04:22:37Z
2023-09-14,WSS,9.0,9.1,8.7,8.7,302054,KBS,2026-10-09T04:22:37Z
2023-09-15,WSS,8.7,8.8,8.3,8.3,121256,KBS,2026-10-09T04:22:37Z
2023-09-18,WSS,8.3,8.3,7.8,8.2,187414,KBS,2026-10-09T04:22:37Z
2023-09-19,WSS,8.2,8.3,7.7,8.0,133314,KBS,2026-10-09T04:22:37Z
2023-09-20,WSS,8.0,8.3,7.9,8.3,157405,KBS,2026-10-09T04:22:37Z
2023-09-21,WSS,8.4,8.5,7.9,7.9,156639,KBS,2026-10-09T04:22:37Z
2023-09-22,WSS,7.9,7.9,7.2,7.7,193104,KBS,2026-10-09T04:22:37Z
2023-09-25,WSS,7.5,7.6,7.0,7.0,104500,KBS,2026-10-09T04:22:37Z
2023-09-26,WSS,7.0,7.2,6.7,7.0,138301,KBS,2026-10-09T04:22:37Z
2023-09-27,WSS,6.8,7.1,6.5,7.1,170710,KBS,2026-10-09T04:22:37Z
2023-09-28,WSS,7.0,7.0,6.8,7.0,69501,KBS,2026-10-09T04:22:37Z
2023-09-29,WSS,7.0,7.1,6.9,6.9,31820,KBS,2026-10-09T04:22:37Z
2023-10-02,WSS,6.9,7.0,6.8,6.9,43604,KBS,2026-10-09T04:22:37Z
2023-10-03,WSS,6.8,6.8,6.3,6.4,157811,KBS,2026-10-09T04:22:37Z
2023-10-04,WSS,6.4,6.9,6.1,6.7,108014,KBS,2026-10-09T04:22:37Z
2023-10-05,WSS,6.7,6.7,6.4,6.5,30001,KBS,2026-10-09T04:22:37Z
2023-10-06,WSS,6.4,6.7,6.3,6.5,54344,KBS,2026-10-09T04:22:37Z
2023-10-09,WSS,6.6,6.6,6.4,6.4,30974,KBS,2026-10-09T04:22:37Z
2023-10-10,WSS,6.6,6.7,6.4,6.6,49144,KBS,2026-10-09T04:22:37Z
2023-10-11,WSS,6.5,6.8,6.5,6.8,49200,KBS,2026-10-09T04:22:37Z
2023-10-12,WSS,6.8,7.1,6.8,7.0,152400,KBS,2026-10-09T04:22:37Z
2023-10-13,WSS,7.0,7.0,6.7,6.8,54000,KBS,2026-10-09T04:22:37Z
2023-10-16,WSS,7.0,7.2,6.6,6.8,20646,KBS,2026-10-09T04:22:37Z
2023-10-17,WSS,6.9,6.9,6.6,6.6,27618,KBS,2026-10-09T04:22:37Z
2023-10-18,WSS,6.6,6.7,6.3,6.4,37903,KBS,2026-10-09T04:22:37Z
2023-10-19,WSS,6.4,6.6,6.1,6.2,36402,KBS,2026-10-09T04:22:37Z
2023-10-20,WSS,6.2,6.5,6.1,6.4,49600,KBS,2026-10-09T04:22:37Z
2023-10-23,WSS,6.5,6.5,6.2,6.5,46055,KBS,2026-10-09T04:22:37Z
2023-10-24,WSS,6.4,6.5,6.3,6.5,18400,KBS,2026-10-09T04:22:37Z
2023-10-25,WSS,6.6,6.7,6.3,6.4,18203,KBS,2026-10-09T04:22:37Z
2023-10-26,WSS,6.3,6.3,5.8,5.9,106248,KBS,2026-10-09T04:22:37Z
2023-10-27,WSS,6.0,6.0,5.8,6.0,10200,KBS,2026-10-09T04:22:37Z
2023-10-30,WSS,5.8,6.0,5.8,5.9,12601,KBS,2026-10-09T04:22:37Z
2023-10-31,WSS,5.8,5.9,5.5,5.7,19800,KBS,2026-10-09T04:22:37Z
2023-11-01,WSS,5.4,5.9,5.4,5.7,10204,KBS,2026-10-09T04:22:37Z
2023-11-02,WSS,5.9,6.2,5.8,6.2,42729,KBS,2026-10-09T04:22:37Z
2023-11-03,WSS,6.2,6.2,6.0,6.2,40103,KBS,2026-10-09T04:22:37Z
2023-11-06,WSS,6.1,6.2,6.1,6.2,19204,KBS,2026-10-09T04:22:37Z
2023-11-07,WSS,6.2,6.2,6.0,6.1,11900,KBS,2026-10-09T04:22:37Z
2023-11-08,WSS,6.1,6.4,5.9,6.4,60911,KBS,2026-10-09T04:22:37Z
2023-11-09,WSS,6.5,6.7,6.4,6.5,57512,KBS,2026-10-09T04:22:37Z
2023-11-10,WSS,6.4,6.5,6.3,6.5,54306,KBS,2026-10-09T04:22:37Z
2023-11-13,WSS,6.5,6.6,6.3,6.4,31900,KBS,2026-10-09T04:22:37Z
2023-11-14,WSS,6.7,6.7,6.4,6.5,25500,KBS,2026-10-09T04:22:37Z
2023-11-15,WSS,7.1,7.1,6.5,6.6,30012,KBS,2026-10-09T04:22:37Z
2023-11-16,WSS,7.2,7.2,6.4,6.6,40228,KBS,2026-10-09T04:22:37Z
2023-11-17,WSS,6.6,6.6,6.3,6.4,43506,KBS,2026-10-09T04:22:37Z
2023-11-20,WSS,6.2,6.5,6.2,6.5,21400,KBS,2026-10-09T04:22:37Z
2023-11-21,WSS,6.6,6.6,6.5,6.5,10303,KBS,2026-10-09T04:22:37Z
2023-11-22,WSS,6.5,6.5,6.3,6.5,28205,KBS,2026-10-09T04:22:37Z
2023-11-23,WSS,6.5,6.6,6.4,6.4,56102,KBS,2026-10-09T04:22:37Z
2023-11-24,WSS,6.4,6.6,6.2,6.6,51000,KBS,2026-10-09T04:22:37Z
2023-11-27,WSS,6.6,6.6,6.4,6.4,15208,KBS,2026-10-09T04:22:37Z
2023-11-28,WSS,6.5,6.5,6.3,6.4,3605,KBS,2026-10-09T04:22:37Z
2023-11-29,WSS,6.5,6.5,6.4,6.5,29500,KBS,2026-10-09T04:22:37Z
2023-11-30,WSS,6.5,6.6,6.4,6.5,19602,KBS,2026-10-09T04:22:37Z
2023-12-01,WSS,6.3,6.6,6.3,6.4,14500,KBS,2026-10-09T04:22:37Z
2023-12-04,WSS,6.6,6.8,6.5,6.7,132006,KBS,2026-10-09T04:22:37Z
2023-12-05,WSS,6.7,6.7,6.6,6.6,27502,KBS,2026-10-09T04:22:37Z
2023-12-06,WSS,6.6,6.7,6.6,6.7,80645,KBS,2026-10-09T04:22:37Z
2023-12-07,WSS,6.7,6.7,6.4,6.5,56504,KBS,2026-10-09T04:22:37Z
2023-12-08,WSS,6.5,6.5,6.4,6.5,58300,KBS,2026-10-09T04:22:37Z
2023-12-11,WSS,6.4,6.5,6.4,6.5,23700,KBS,2026-10-09T04:22:37Z
2023-12-12,WSS,6.4,6.5,6.4,6.5,17700,KBS,2026-10-09T04:22:37Z
2023-12-13,WSS,6.5,6.5,6.4,6.4,48900,KBS,2026-10-09T04:22:37Z
2023-12-14,WSS,6.5,6.5,6.3,6.4,32600,KBS,2026-10-09T04:22:37Z
2023-12-15,WSS,6.4,6.4,6.2,6.4,17100,KBS,2026-10-09T04:22:37Z
2023-12-18,WSS,6.2,6.3,6.2,6.3,19200,KBS,2026-10-09T04:22:37Z
2023-12-19,WSS,6.3,6.3,6.1,6.2,24400,KBS,2026-10-09T04:22:37Z
2023-12-20,WSS,6.1,6.3,6.0,6.3,21800,KBS,2026-10-09T04:22:37Z
2023-12-21,WSS,6.2,6.3,6.1,6.3,12500,KBS,2026-10-09T04:22:37Z
2023-12-22,WSS,6.3,6.3,6.2,6.2,36700,KBS,2026-10-09T04:22:37Z
2023-12-25,WSS,6.2,6.3,6.2,6.2,19211,KBS,2026-10-09T04:22:37Z
2023-12-26,WSS,6.2,6.3,6.1,6.2,23400,KBS,2026-10-09T04:22:37Z
2023-12-27,WSS,6.3,6.3,6.1,6.1,11700,KBS,2026-10-09T04:22:37Z
2023-12-28,WSS,6.1,6.3,6.1,6.2,6500,KBS,2026-10-09T04:22:37Z
2023-12-29,WSS,6.2,6.2,6.2,6.2,2800,KBS,2026-10-09T04:22:37Z
2024-01-02,WSS,6.2,6.3,6.2,6.2,7919,KBS,2026-10-09T04:22:37Z
2024-01-03,WSS,6.1,6.2,6.1,6.2,6700,KBS,2026-10-09T04:22:37Z
2024-01-04,WSS,6.3,6.4,6.2,6.3,39900,KBS,2026-10-09T04:22:37Z
2024-01-05,WSS,6.2,6.3,6.2,6.3,18400,KBS,2026-10-09T04:22:37Z
2024-01-08,WSS,6.3,6.3,6.2,6.3,18740,KBS,2026-10-09T04:22:37Z
2024-01-09,WSS,6.3,6.3,6.2,6.2,17000,KBS,2026-10-09T04:22:37Z
2024-01-10,WSS,6.2,6.3,6.1,6.1,7300,KBS,2026-10-09T04:22:37Z
2024-01-11,WSS,6.1,6.3,6.1,6.2,11100,KBS,2026-10-09T04:22:37Z
2024-01-12,WSS,6.1,6.3,6.1,6.2,37100,KBS,2026-10-09T04:22:37Z
2024-01-15,WSS,6.2,6.2,6.2,6.2,4000,KBS,2026-10-09T04:22:37Z
2024-01-16,WSS,6.1,6.2,6.1,6.2,22000,KBS,2026-10-09T04:22:37Z
2024-01-17,WSS,6.2,6.4,6.1,6.3,60300,KBS,2026-10-09T04:22:37Z
2024-01-18,WSS,6.2,6.2,6.1,6.2,7300,KBS,2026-10-09T04:22:37Z
2024-01-19,WSS,6.2,6.2,6.1,6.1,31400,KBS,2026-10-09T04:22:37Z
2024-01-22,WSS,6.1,6.1,6.0,6.1,8900,KBS,2026-10-09T04:22:37Z
2024-01-23,WSS,6.0,6.2,6.0,6.1,19700,KBS,2026-10-09T04:22:37Z
2024-01-24,WSS,6.0,6.2,6.0,6.2,22900,KBS,2026-10-09T04:22:37Z
2024-01-25,WSS,6.1,6.1,6.0,6.1,2100,KBS,2026-10-09T04:22:37Z
2024-01-26,WSS,6.1,6.1,6.1,6.1,11700,KBS,2026-10-09T04:22:37Z
2024-01-29,WSS,6.1,6.1,6.0,6.1,6300,KBS,2026-10-09T04:22:37Z
2024-01-31,WSS,6.1,6.2,5.7,5.9,33900,KBS,2026-10-09T04:22:37Z
2024-02-01,WSS,5.9,6.0,5.9,6.0,27800,KBS,2026-10-09T04:22:37Z
2024-02-02,WSS,6.0,6.0,5.9,6.0,20200,KBS,2026-10-09T04:22:37Z
2024-02-05,WSS,6.0,6.0,6.0,6.0,1100,KBS,2026-10-09T04:22:37Z
2024-02-06,WSS,6.0,6.1,6.0,6.0,11400,KBS,2026-10-09T04:22:37Z
2024-02-07,WSS,6.0,6.0,6.0,6.0,38300,KBS,2026-10-09T04:22:37Z
2024-02-15,WSS,6.1,6.2,6.1,6.1,29800,KBS,2026-10-09T04:22:37Z
2024-02-16,WSS,6.1,6.2,6.1,6.1,4900,KBS,2026-10-09T04:22:37Z
2024-02-19,WSS,6.1,6.1,6.0,6.1,11621,KBS,2026-10-09T04:22:37Z
2024-02-20,WSS,6.1,6.2,6.1,6.1,15901,KBS,2026-10-09T04:22:37Z
2024-02-21,WSS,6.2,6.2,6.1,6.2,7411,KBS,2026-10-09T04:22:37Z
2024-02-22,WSS,6.1,6.2,6.1,6.2,28301,KBS,2026-10-09T04:22:37Z
2024-02-23,WSS,6.1,6.3,6.1,6.1,25200,KBS,2026-10-09T04:22:37Z
2024-02-26,WSS,6.0,6.1,6.0,6.1,30800,KBS,2026-10-09T04:22:37Z
2024-02-27,WSS,6.2,6.4,6.2,6.3,55420,KBS,2026-10-09T04:22:37Z
2024-02-28,WSS,6.4,6.4,6.2,6.2,23200,KBS,2026-10-09T04:22:37Z
2024-02-29,WSS,6.2,6.3,6.2,6.3,17000,KBS,2026-10-09T04:22:37Z
2024-03-01,WSS,6.4,6.4,6.2,6.4,119600,KBS,2026-10-09T04:22:37Z
2024-03-04,WSS,6.4,6.6,6.4,6.4,29100,KBS,2026-10-09T04:22:37Z
2024-03-05,WSS,6.4,6.4,6.2,6.4,86300,KBS,2026-10-09T04:22:37Z
2024-03-06,WSS,6.4,6.4,6.0,6.3,103400,KBS,2026-10-09T04:22:37Z
2024-03-07,WSS,6.3,6.8,6.3,6.6,245000,KBS,2026-10-09T04:22:37Z
2024-03-08,WSS,6.7,6.7,6.5,6.5,142420,KBS,2026-10-09T04:22:37Z
2024-03-11,WSS,6.5,6.5,6.2,6.2,177100,KBS,2026-10-09T04:22:37Z
2024-03-12,WSS,6.2,6.2,6.1,6.2,27700,KBS,2026-10-09T04:22:37Z
2024-03-13,WSS,6.2,6.5,6.1,6.5,116117,KBS,2026-10-09T04:22:37Z
2024-03-14,WSS,6.5,6.6,6.4,6.5,96500,KBS,2026-10-09T04:22:37Z
2024-03-15,WSS,6.5,6.5,6.3,6.5,47000,KBS,2026-10-09T04:22:37Z
2024-03-18,WSS,6.5,6.5,6.1,6.3,106400,KBS,2026-10-09T04:22:37Z
2024-03-19,WSS,6.3,6.5,6.3,6.5,56100,KBS,2026-10-09T04:22:37Z
2024-03-20,WSS,6.3,6.4,6.3,6.4,101500,KBS,2026-10-09T04:22:37Z
2024-03-21,WSS,6.5,6.5,6.4,6.5,64100,KBS,2026-10-09T04:22:37Z
2024-03-22,WSS,6.4,6.4,6.4,6.4,45000,KBS,2026-10-09T04:22:37Z
2024-03-25,WSS,6.4,6.4,6.0,6.2,320000,KBS,2026-10-09T04:22:37Z
2024-03-26,WSS,6.2,6.3,6.1,6.3,65800,KBS,2026-10-09T04:22:37Z
2024-03-27,WSS,6.3,6.4,6.2,6.3,60700,KBS,2026-10-09T04:22:37Z
2024-03-28,WSS,6.3,6.4,6.2,6.4,93103,KBS,2026-10-09T04:22:37Z
2024-03-29,WSS,6.4,6.4,6.2,6.2,13200,KBS,2026-10-09T04:22:37Z
2024-04-01,WSS,6.2,6.3,6.1,6.2,114708,KBS,2026-10-09T04:22:37Z
2024-04-02,WSS,6.1,6.3,6.1,6.2,53003,KBS,2026-10-09T04:22:37Z
2024-04-03,WSS,6.2,6.3,6.1,6.1,27507,KBS,2026-10-09T04:22:37Z
2024-04-04,WSS,6.1,6.2,6.1,6.2,71508,KBS,2026-10-09T04:22:37Z
2024-04-05,WSS,6.2,6.2,6.1,6.1,21701,KBS,2026-10-09T04:22:37Z
2024-04-08,WSS,6.2,6.2,6.1,6.1,39002,KBS,2026-10-09T04:22:37Z
2024-04-09,WSS,6.1,6.1,6.0,6.1,8101,KBS,2026-10-09T04:22:37Z
2024-04-10,WSS,6.1,6.2,6.1,6.1,26103,KBS,2026-10-09T04:22:37Z
2024-04-11,WSS,6.1,6.1,6.0,6.1,6336,KBS,2026-10-09T04:22:37Z
2024-04-12,WSS,6.1,6.2,6.0,6.2,17209,KBS,2026-10-09T04:22:37Z
2024-04-15,WSS,6.2,6.2,5.8,5.8,33300,KBS,2026-10-09T04:22:37Z
2024-04-16,WSS,5.7,5.7,5.5,5.7,38300,KBS,2026-10-09T04:22:37Z
2024-04-17,WSS,5.5,5.8,5.5,5.7,21105,KBS,2026-10-09T04:22:37Z
2024-04-19,WSS,5.7,5.7,5.3,5.3,66200,KBS,2026-10-09T04:22:37Z
2024-04-22,WSS,5.3,5.6,5.3,5.6,24641,KBS,2026-10-09T04:22:37Z
2024-04-23,WSS,5.5,5.5,5.4,5.4,9600,KBS,2026-10-09T04:22:37Z
2024-04-24,WSS,5.4,5.6,5.4,5.6,9700,KBS,2026-10-09T04:22:37Z
2024-04-25,WSS,5.4,5.5,5.4,5.5,33300,KBS,2026-10-09T04:22:37Z
2024-04-26,WSS,5.5,5.5,5.4,5.4,2900,KBS,2026-10-09T04:22:37Z
2024-05-02,WSS,5.4,5.4,5.3,5.4,18900,KBS,2026-10-09T04:22:37Z
2024-05-03,WSS,5.4,5.5,5.4,5.4,4300,KBS,2026-10-09T04:22:37Z
2024-05-06,WSS,5.4,5.5,5.4,5.5,39100,KBS,2026-10-09T04:22:37Z
2024-05-07,WSS,5.5,5.6,5.4,5.5,15300,KBS,2026-10-09T04:22:37Z
2024-05-08,WSS,5.4,5.6,5.4,5.6,12200,KBS,2026-10-09T04:22:37Z
2024-05-09,WSS,5.6,5.6,5.5,5.6,29100,KBS,2026-10-09T04:22:37Z
2024-05-10,WSS,5.6,5.6,5.5,5.6,23700,KBS,2026-10-09T04:22:37Z
2024-05-13,WSS,5.6,5.8,5.6,5.7,44100,KBS,2026-10-09T04:22:37Z
2024-05-14,WSS,5.6,5.9,5.6,5.6,22100,KBS,2026-10-09T04:22:37Z
2024-05-15,WSS,5.7,5.8,5.7,5.7,21800,KBS,2026-10-09T04:22:37Z
2024-05-16,WSS,5.9,5.9,5.6,5.6,7404,KBS,2026-10-09T04:22:37Z
2024-05-17,WSS,5.7,5.7,5.5,5.6,42900,KBS,2026-10-09T04:22:37Z
2024-05-20,WSS,5.7,5.7,5.6,5.7,26905,KBS,2026-10-09T04:22:37Z
2024-05-21,WSS,5.9,5.9,5.6,5.8,10500,KBS,2026-10-09T04:22:37Z
2024-05-22,WSS,5.7,5.9,5.7,5.7,37103,KBS,2026-10-09T04:22:37Z
2024-05-23,WSS,5.8,5.8,5.6,5.7,11701,KBS,2026-10-09T04:22:37Z
2024-05-24,WSS,5.7,5.7,5.5,5.5,37103,KBS,2026-10-09T04:22:37Z
2024-05-27,WSS,5.5,5.6,5.5,5.6,3500,KBS,2026-10-09T04:22:37Z
2024-05-28,WSS,5.7,5.7,5.6,5.7,2205,KBS,2026-10-09T04:22:37Z
2024-05-29,WSS,5.7,5.7,5.6,5.7,11507,KBS,2026-10-09T04:22:37Z
2024-05-30,WSS,5.6,5.7,5.6,5.7,32111,KBS,2026-10-09T04:22:37Z
2024-05-31,WSS,5.6,5.7,5.6,5.7,25900,KBS,2026-10-09T04:22:37Z
2024-06-03,WSS,5.7,5.8,5.7,5.8,39900,KBS,2026-10-09T04:22:37Z
2024-06-04,WSS,5.8,5.8,5.6,5.7,25705,KBS,2026-10-09T04:22:37Z
2024-06-05,WSS,5.7,5.7,5.7,5.7,17600,KBS,2026-10-09T04:22:37Z
2024-06-06,WSS,5.7,5.7,5.6,5.7,21308,KBS,2026-10-09T04:22:37Z
2024-06-07,WSS,5.7,5.7,5.6,5.7,5700,KBS,2026-10-09T04:22:37Z
2024-06-10,WSS,5.7,5.8,5.7,5.7,14102,KBS,2026-10-09T04:22:37Z
2024-06-11,WSS,5.7,5.7,5.7,5.7,4000,KBS,2026-10-09T04:22:37Z
2024-06-12,WSS,5.7,6.2,5.7,6.2,157736,KBS,2026-10-09T04:22:37Z
2024-06-13,WSS,6.3,6.3,6.1,6.2,11303,KBS,2026-10-09T04:22:37Z
2024-06-14,WSS,6.2,6.2,5.8,5.8,58348,KBS,2026-10-09T04:22:37Z
2024-06-17,WSS,5.8,5.9,5.7,5.9,45214,KBS,2026-10-09T04:22:37Z
2024-06-18,WSS,5.8,5.9,5.7,5.9,17600,KBS,2026-10-09T04:22:37Z
2024-06-19,WSS,5.7,5.9,5.7,5.9,17600,KBS,2026-10-09T04:22:37Z
2024-06-20,WSS,5.9,5.9,5.8,5.8,12400,KBS,2026-10-09T04:22:37Z
2024-06-21,WSS,5.8,5.9,5.8,5.8,8300,KBS,2026-10-09T04:22:37Z
2024-06-24,WSS,5.7,5.8,5.6,5.6,7705,KBS,2026-10-09T04:22:37Z
2024-06-25,WSS,5.6,5.7,5.5,5.5,20000,KBS,2026-10-09T04:22:37Z
2024-06-26,WSS,5.5,5.7,5.5,5.5,11701,KBS,2026-10-09T04:22:37Z
2024-06-27,WSS,5.7,5.7,5.6,5.6,9600,KBS,2026-10-09T04:22:37Z
2024-06-28,WSS,5.6,5.6,5.5,5.5,7700,KBS,2026-10-09T04:22:37Z
2024-07-01,WSS,5.5,5.6,5.5,5.5,19200,KBS,2026-10-09T04:22:37Z
2024-07-02,WSS,5.5,5.5,5.4,5.5,17000,KBS,2026-10-09T04:22:37Z
2024-07-03,WSS,5.5,5.6,5.5,5.6,20800,KBS,2026-10-09T04:22:37Z
2024-07-04,WSS,5.6,5.6,5.5,5.6,6606,KBS,2026-10-09T04:22:37Z
2024-07-05,WSS,5.5,5.5,5.4,5.5,7500,KBS,2026-10-09T04:22:37Z
2024-07-08,WSS,5.5,5.5,5.4,5.4,2600,KBS,2026-10-09T04:22:37Z
2024-07-09,WSS,5.4,5.5,5.4,5.5,9500,KBS,2026-10-09T04:22:37Z
2024-07-10,WSS,5.5,5.6,5.5,5.5,11903,KBS,2026-10-09T04:22:37Z
2024-07-11,WSS,5.5,5.6,5.5,5.6,9509,KBS,2026-10-09T04:22:37Z
2024-07-12,WSS,5.6,5.7,5.6,5.7,12804,KBS,2026-10-09T04:22:37Z
2024-07-15,WSS,5.5,5.7,5.5,5.6,2823,KBS,2026-10-09T04:22:37Z
2024-07-16,WSS,5.6,5.6,5.5,5.6,4100,KBS,2026-10-09T04:22:37Z
2024-07-17,WSS,5.5,5.7,5.5,5.7,13000,KBS,2026-10-09T04:22:37Z
2024-07-18,WSS,5.5,5.6,5.4,5.6,5000,KBS,2026-10-09T04:22:37Z
2024-07-19,WSS,5.6,5.6,5.5,5.6,3500,KBS,2026-10-09T04:22:37Z
2024-07-22,WSS,5.4,5.5,5.4,5.5,3100,KBS,2026-10-09T04:22:37Z
2024-07-23,WSS,5.4,5.4,5.4,5.4,4201,KBS,2026-10-09T04:22:37Z
2024-07-24,WSS,5.4,5.4,5.3,5.4,1300,KBS,2026-10-09T04:22:37Z
2024-07-25,WSS,5.4,5.4,5.3,5.4,3600,KBS,2026-10-09T04:22:37Z
2024-07-26,WSS,5.4,5.4,5.3,5.3,11400,KBS,2026-10-09T04:22:37Z
2024-07-29,WSS,5.4,5.4,5.3,5.4,8309,KBS,2026-10-09T04:22:37Z
2024-07-30,WSS,5.3,5.3,4.9,5.2,55702,KBS,2026-10-09T04:22:37Z
2024-07-31,WSS,5.2,5.4,5.2,5.4,33400,KBS,2026-10-09T04:22:37Z
2024-08-01,WSS,5.4,5.4,5.0,5.2,25601,KBS,2026-10-09T04:22:37Z
2024-08-02,WSS,5.0,5.2,5.0,5.2,3100,KBS,2026-10-09T04:22:37Z
2024-08-05,WSS,5.1,5.1,4.7,4.7,15600,KBS,2026-10-09T04:22:37Z
2024-08-06,WSS,5.0,5.0,4.8,5.0,17901,KBS,2026-10-09T04:22:37Z
2024-08-07,WSS,5.1,5.1,4.9,5.0,1302,KBS,2026-10-09T04:22:37Z
2024-08-08,WSS,4.8,5.0,4.8,5.0,4601,KBS,2026-10-09T04:22:37Z
2024-08-09,WSS,5.0,5.1,5.0,5.1,6600,KBS,2026-10-09T04:22:37Z
2024-08-12,WSS,5.0,5.1,5.0,5.1,2102,KBS,2026-10-09T04:22:37Z
2024-08-13,WSS,5.0,5.0,5.0,5.0,500,KBS,2026-10-09T04:22:37Z
2024-08-14,WSS,4.9,5.0,4.9,5.0,700,KBS,2026-10-09T04:22:37Z
2024-08-15,WSS,5.1,5.1,4.9,4.9,6800,KBS,2026-10-09T04:22:37Z
2024-08-16,WSS,5.1,5.1,4.9,5.1,6311,KBS,2026-10-09T04:22:37Z
2024-08-19,WSS,5.1,5.2,5.1,5.2,6400,KBS,2026-10-09T04:22:37Z
2024-08-20,WSS,5.1,5.2,5.1,5.2,8900,KBS,2026-10-09T04:22:37Z
2024-08-21,WSS,5.1,5.1,5.0,5.1,8502,KBS,2026-10-09T04:22:37Z
2024-08-22,WSS,5.1,5.2,5.0,5.0,33001,KBS,2026-10-09T04:22:37Z
2024-08-23,WSS,5.0,5.0,4.9,5.0,10402,KBS,2026-10-09T04:22:37Z
2024-08-26,WSS,5.0,5.0,5.0,5.0,7601,KBS,2026-10-09T04:22:37Z
2024-08-27,WSS,5.0,5.0,4.9,5.0,7703,KBS,2026-10-09T04:22:37Z
2024-08-28,WSS,5.0,5.0,5.0,5.0,1504,KBS,2026-10-09T04:22:37Z
2024-08-29,WSS,5.0,5.0,4.9,5.0,1106,KBS,2026-10-09T04:22:37Z
2024-08-30,WSS,4.9,5.0,4.8,5.0,14402,KBS,2026-10-09T04:22:37Z
2024-09-04,WSS,4.8,4.9,4.7,4.9,13102,KBS,2026-10-09T04:22:37Z
2024-09-05,WSS,4.8,4.8,4.8,4.8,10405,KBS,2026-10-09T04:22:37Z
2024-09-06,WSS,4.8,4.8,4.8,4.8,16900,KBS,2026-10-09T04:22:37Z
2024-09-09,WSS,4.7,4.8,4.7,4.8,1000,KBS,2026-10-09T04:22:37Z
2024-09-10,WSS,4.8,4.9,4.7,4.8,3400,KBS,2026-10-09T04:22:37Z
2024-09-11,WSS,4.8,4.8,4.7,4.7,1400,KBS,2026-10-09T04:22:37Z
2024-09-12,WSS,4.7,4.8,4.7,4.8,408,KBS,2026-10-09T04:22:37Z
2024-09-13,WSS,4.7,4.8,4.6,4.8,2500,KBS,2026-10-09T04:22:37Z
2024-09-16,WSS,4.9,4.9,4.8,4.9,2800,KBS,2026-10-09T04:22:37Z
2024-09-17,WSS,4.8,4.8,4.8,4.8,3208,KBS,2026-10-09T04:22:37Z
2024-09-18,WSS,4.8,4.9,4.8,4.8,901,KBS,2026-10-09T04:22:37Z
2024-09-19,WSS,4.9,4.9,4.9,4.9,1600,KBS,2026-10-09T04:22:37Z
2024-09-20,WSS,4.9,5.0,4.9,4.9,2901,KBS,2026-10-09T04:22:37Z
2024-09-23,WSS,4.8,4.9,4.8,4.9,6203,KBS,2026-10-09T04:22:37Z
2024-09-24,WSS,4.7,4.9,4.7,4.9,5501,KBS,2026-10-09T04:22:37Z
2024-09-25,WSS,4.8,4.9,4.8,4.9,8005,KBS,2026-10-09T04:22:37Z
2024-09-26,WSS,4.9,4.9,4.8,4.9,2403,KBS,2026-10-09T04:22:37Z
2024-09-27,WSS,4.9,4.9,4.9,4.9,3200,KBS,2026-10-09T04:22:37Z
2024-09-30,WSS,4.9,4.9,4.8,4.8,3804,KBS,2026-10-09T04:22:37Z
2024-10-01,WSS,4.8,5.0,4.8,4.9,12003,KBS,2026-10-09T04:22:37Z
2024-10-02,WSS,5.0,5.0,4.8,5.0,2938,KBS,2026-10-09T04:22:37Z
2024-10-03,WSS,5.0,5.0,4.8,4.9,5901,KBS,2026-10-09T04:22:37Z
2024-10-04,WSS,4.9,4.9,4.7,4.9,600,KBS,2026-10-09T04:22:37Z
2024-10-07,WSS,5.0,5.0,4.9,4.9,1806,KBS,2026-10-09T04:22:37Z
2024-10-08,WSS,4.8,4.9,4.8,4.9,305,KBS,2026-10-09T04:22:37Z
2024-10-09,WSS,4.8,4.9,4.8,4.9,1601,KBS,2026-10-09T04:22:37Z
2024-10-10,WSS,4.9,5.0,4.8,4.9,4600,KBS,2026-10-09T04:22:37Z
2024-10-11,WSS,4.9,4.9,4.9,4.9,101,KBS,2026-10-09T04:22:37Z
2024-10-14,WSS,4.9,5.0,4.8,5.0,17700,KBS,2026-10-09T04:22:37Z
2024-10-15,WSS,5.0,5.0,4.9,5.0,11200,KBS,2026-10-09T04:22:37Z
2024-10-16,WSS,5.0,5.0,4.8,5.0,8400,KBS,2026-10-09T04:22:37Z
2024-10-17,WSS,5.0,5.0,5.0,5.0,27102,KBS,2026-10-09T04:22:37Z
2024-10-18,WSS,5.0,5.0,4.9,4.9,4603,KBS,2026-10-09T04:22:37Z
2024-10-21,WSS,5.0,5.0,4.9,4.9,29001,KBS,2026-10-09T04:22:37Z
2024-10-22,WSS,4.9,5.0,4.8,5.0,12303,KBS,2026-10-09T04:22:37Z
2024-10-23,WSS,4.8,5.0,4.8,5.0,11000,KBS,2026-10-09T04:22:37Z
2024-10-24,WSS,5.0,5.0,4.8,4.9,1900,KBS,2026-10-09T04:22:37Z
2024-10-25,WSS,4.8,4.9,4.8,4.9,10100,KBS,2026-10-09T04:22:37Z
2024-10-28,WSS,4.8,4.9,4.8,4.9,6802,KBS,2026-10-09T04:22:37Z
2024-10-29,WSS,4.8,4.9,4.7,4.9,1602,KBS,2026-10-09T04:22:37Z
2024-10-30,WSS,4.8,4.9,4.7,4.9,6606,KBS,2026-10-09T04:22:37Z
2024-10-31,WSS,4.8,5.0,4.8,5.0,6202,KBS,2026-10-09T04:22:37Z
2024-11-01,WSS,4.8,4.9,4.8,4.9,7401,KBS,2026-10-09T04:22:37Z
2024-11-05,WSS,4.7,4.9,4.7,4.9,3801,KBS,2026-10-09T04:22:37Z
2024-11-06,WSS,4.9,4.9,4.9,4.9,7302,KBS,2026-10-09T04:22:37Z
2024-11-07,WSS,4.8,4.9,4.8,4.9,7501,KBS,2026-10-09T04:22:37Z
2024-11-08,WSS,4.9,5.0,4.9,4.9,1900,KBS,2026-10-09T04:22:37Z
2024-11-11,WSS,4.9,4.9,4.9,4.9,4,KBS,2026-10-09T04:22:37Z
2024-11-12,WSS,4.9,4.9,4.9,4.9,5307,KBS,2026-10-09T04:22:37Z
2024-11-13,WSS,4.8,4.9,4.7,4.9,5306,KBS,2026-10-09T04:22:37Z
2024-11-14,WSS,4.8,4.8,4.7,4.7,6500,KBS,2026-10-09T04:22:37Z
2024-11-15,WSS,4.7,4.8,4.7,4.7,10600,KBS,2026-10-09T04:22:37Z
2024-11-18,WSS,4.8,4.8,4.7,4.8,12340,KBS,2026-10-09T04:22:37Z
2024-11-19,WSS,4.7,4.8,4.7,4.7,1606,KBS,2026-10-09T04:22:37Z
2024-11-20,WSS,4.7,4.8,4.7,4.8,3405,KBS,2026-10-09T04:22:37Z
2024-11-21,WSS,4.7,4.8,4.7,4.8,1104,KBS,2026-10-09T04:22:37Z
2024-11-22,WSS,4.7,4.8,4.6,4.8,1904,KBS,2026-10-09T04:22:37Z
2024-11-25,WSS,4.7,4.8,4.7,4.8,4303,KBS,2026-10-09T04:22:37Z
2024-11-26,WSS,4.7,4.8,4.6,4.7,10100,KBS,2026-10-09T04:22:37Z
2024-11-27,WSS,4.8,4.8,4.7,4.7,901,KBS,2026-10-09T04:22:37Z
2024-11-28,WSS,4.7,4.8,4.6,4.7,1900,KBS,2026-10-09T04:22:37Z
2024-11-29,WSS,4.6,4.7,4.6,4.7,4700,KBS,2026-10-09T04:22:37Z
2024-12-02,WSS,4.8,4.8,4.7,4.7,201,KBS,2026-10-09T04:22:37Z
2024-12-03,WSS,4.8,4.8,4.4,4.7,2700,KBS,2026-10-09T04:22:37Z
2024-12-04,WSS,4.6,4.6,4.5,4.6,2500,KBS,2026-10-09T04:22:37Z
2024-12-05,WSS,4.7,4.8,4.6,4.8,12200,KBS,2026-10-09T04:22:37Z
2024-12-06,WSS,4.8,4.8,4.7,4.8,3611,KBS,2026-10-09T04:22:37Z
2024-12-09,WSS,4.7,4.8,4.7,4.8,608,KBS,2026-10-09T04:22:37Z
2024-12-10,WSS,4.8,4.8,4.6,4.8,3103,KBS,2026-10-09T04:22:37Z
2024-12-11,WSS,4.8,4.8,4.8,4.8,19204,KBS,2026-10-09T04:22:37Z
2024-12-12,WSS,4.8,4.9,4.7,4.8,13700,KBS,2026-10-09T04:22:37Z
2024-12-13,WSS,4.9,4.9,4.6,4.8,15900,KBS,2026-10-09T04:22:37Z
2024-12-16,WSS,4.8,4.9,4.7,4.7,8917,KBS,2026-10-09T04:22:37Z
2024-12-17,WSS,4.8,4.9,4.7,4.8,4900,KBS,2026-10-09T04:22:37Z
2024-12-18,WSS,4.8,4.8,4.7,4.8,3800,KBS,2026-10-09T04:22:37Z
2024-12-19,WSS,4.8,4.8,4.8,4.8,7400,KBS,2026-10-09T04:22:37Z
2024-12-20,WSS,4.8,4.9,4.7,4.8,5000,KBS,2026-10-09T04:22:37Z
2024-12-23,WSS,4.8,5.1,4.8,4.9,20002,KBS,2026-10-09T04:22:37Z
2024-12-24,WSS,4.9,4.9,4.9,4.9,2700,KBS,2026-10-09T04:22:37Z
2024-12-25,WSS,4.9,5.1,4.9,5.0,21739,KBS,2026-10-09T04:22:37Z
2024-12-26,WSS,4.9,5.0,4.9,5.0,3601,KBS,2026-10-09T04:22:37Z
2024-12-27,WSS,4.9,5.0,4.9,5.0,1202,KBS,2026-10-09T04:22:37Z
2024-12-30,WSS,4.8,4.8,4.8,4.8,3201,KBS,2026-10-09T04:22:37Z
2024-12-31,WSS,4.8,4.8,4.7,4.8,16600,KBS,2026-10-09T04:22:37Z
2025-01-02,WSS,4.8,4.8,4.7,4.7,2200,KBS,2026-10-09T04:22:37Z
2025-01-03,WSS,4.8,4.8,4.6,4.8,4500,KBS,2026-10-09T04:22:37Z
2025-01-06,WSS,4.7,4.8,4.7,4.8,5310,KBS,2026-10-09T04:22:37Z
2025-01-08,WSS,4.8,4.8,4.8,4.8,16000,KBS,2026-10-09T04:22:37Z
2025-01-09,WSS,4.8,4.9,4.6,4.8,18500,KBS,2026-10-09T04:22:37Z
2025-01-10,WSS,4.8,4.9,4.7,4.8,13800,KBS,2026-10-09T04:22:37Z
2025-01-13,WSS,4.7,4.7,4.4,4.7,109000,KBS,2026-10-09T04:22:37Z
2025-01-14,WSS,4.7,4.8,4.7,4.7,12800,KBS,2026-10-09T04:22:37Z
2025-01-15,WSS,4.6,4.7,4.5,4.6,26800,KBS,2026-10-09T04:22:37Z
2025-01-16,WSS,4.6,4.8,4.6,4.6,9000,KBS,2026-10-09T04:22:37Z
2025-01-17,WSS,4.7,4.7,4.5,4.7,9302,KBS,2026-10-09T04:22:37Z
2025-01-20,WSS,4.6,4.7,4.6,4.7,3500,KBS,2026-10-09T04:22:37Z
2025-01-21,WSS,4.6,4.7,4.6,4.6,8000,KBS,2026-10-09T04:22:37Z
2025-01-22,WSS,4.7,4.7,4.6,4.6,1702,KBS,2026-10-09T04:22:37Z
2025-01-23,WSS,4.6,4.7,4.6,4.7,6301,KBS,2026-10-09T04:22:37Z
2025-01-24,WSS,4.6,4.7,4.6,4.7,9903,KBS,2026-10-09T04:22:37Z
2025-02-03,WSS,4.7,4.7,4.7,4.7,3600,KBS,2026-10-09T04:22:37Z
2025-02-04,WSS,4.7,4.9,4.7,4.8,31145,KBS,2026-10-09T04:22:37Z
2025-02-05,WSS,4.9,4.9,4.7,4.8,8101,KBS,2026-10-09T04:22:37Z
2025-02-06,WSS,4.8,4.8,4.7,4.8,1700,KBS,2026-10-09T04:22:37Z
2025-02-07,WSS,4.8,4.9,4.7,4.9,11902,KBS,2026-10-09T04:22:37Z
2025-02-10,WSS,4.9,4.9,4.8,4.9,3702,KBS,2026-10-09T04:22:37Z
2025-02-11,WSS,4.8,4.9,4.7,4.9,2500,KBS,2026-10-09T04:22:37Z
2025-02-12,WSS,4.8,5.0,4.8,4.8,10403,KBS,2026-10-09T04:22:37Z
2025-02-13,WSS,4.9,4.9,4.7,4.8,4000,KBS,2026-10-09T04:22:37Z
2025-02-14,WSS,4.8,5.0,4.7,4.7,16933,KBS,2026-10-09T04:22:37Z
2025-02-17,WSS,4.9,5.0,4.7,4.9,16401,KBS,2026-10-09T04:22:37Z
2025-02-18,WSS,4.8,5.0,4.8,4.8,77015,KBS,2026-10-09T04:22:37Z
2025-02-19,WSS,4.9,5.0,4.9,5.0,28702,KBS,2026-10-09T04:22:37Z
2025-02-20,WSS,5.1,5.1,5.0,5.0,2322,KBS,2026-10-09T04:22:37Z
2025-02-21,WSS,5.0,5.0,4.9,4.9,27906,KBS,2026-10-09T04:22:37Z
2025-02-24,WSS,4.9,5.1,4.9,5.0,4378,KBS,2026-10-09T04:22:37Z
2025-02-25,WSS,5.0,5.1,5.0,5.1,14101,KBS,2026-10-09T04:22:37Z
2025-02-26,WSS,5.1,5.1,5.0,5.0,6307,KBS,2026-10-09T04:22:37Z
2025-02-27,WSS,5.1,5.2,5.0,5.1,44402,KBS,2026-10-09T04:22:37Z
2025-02-28,WSS,5.0,5.2,5.0,5.0,12506,KBS,2026-10-09T04:22:37Z
2025-03-03,WSS,5.0,5.0,4.9,5.0,5853,KBS,2026-10-09T04:22:37Z
2025-03-04,WSS,5.0,5.0,4.9,4.9,35601,KBS,2026-10-09T04:22:37Z
2025-03-05,WSS,5.0,5.0,4.9,4.9,2543,KBS,2026-10-09T04:22:37Z
2025-03-06,WSS,5.0,5.0,4.9,5.0,4633,KBS,2026-10-09T04:22:37Z
2025-03-07,WSS,5.0,5.2,5.0,5.1,29019,KBS,2026-10-09T04:22:37Z
2025-03-10,WSS,5.1,5.2,5.0,5.1,6910,KBS,2026-10-09T04:22:37Z
2025-03-11,WSS,5.0,5.1,5.0,5.1,66603,KBS,2026-10-09T04:22:37Z
2025-03-12,WSS,5.1,5.2,5.0,5.2,5208,KBS,2026-10-09T04:22:37Z
2025-03-13,WSS,5.2,5.2,5.0,5.1,15407,KBS,2026-10-09T04:22:37Z
2025-03-14,WSS,5.0,5.1,4.9,5.0,14502,KBS,2026-10-09T04:22:37Z
2025-03-17,WSS,5.0,5.1,5.0,5.1,11610,KBS,2026-10-09T04:22:37Z
2025-03-18,WSS,5.1,5.1,5.0,5.0,5316,KBS,2026-10-09T04:22:37Z
2025-03-19,WSS,5.1,5.2,5.0,5.0,2803,KBS,2026-10-09T04:22:37Z
2025-03-20,WSS,5.1,5.1,4.9,5.0,34909,KBS,2026-10-09T04:22:37Z
2025-03-21,WSS,5.0,5.0,5.0,5.0,6010,KBS,2026-10-09T04:22:37Z
2025-03-24,WSS,5.1,5.1,4.9,4.9,13805,KBS,2026-10-09T04:22:37Z
2025-03-25,WSS,4.9,5.1,4.9,5.0,26600,KBS,2026-10-09T04:22:37Z
2025-03-26,WSS,5.1,5.1,5.0,5.0,4706,KBS,2026-10-09T04:22:37Z
2025-03-27,WSS,4.9,5.0,4.9,5.0,20402,KBS,2026-10-09T04:22:37Z
2025-03-28,WSS,4.9,4.9,4.9,4.9,1104,KBS,2026-10-09T04:22:37Z
2025-03-31,WSS,4.9,4.9,4.9,4.9,614,KBS,2026-10-09T04:22:37Z
2025-04-01,WSS,4.9,5.0,4.9,5.0,10210,KBS,2026-10-09T04:22:37Z
2025-04-02,WSS,5.0,5.0,5.0,5.0,10128,KBS,2026-10-09T04:22:37Z
2025-04-03,WSS,5.0,5.0,4.5,4.5,50500,KBS,2026-10-09T04:22:37Z
2025-04-04,WSS,4.2,4.5,4.1,4.5,10000,KBS,2026-10-09T04:22:37Z
2025-04-08,WSS,4.1,4.2,4.1,4.1,79624,KBS,2026-10-09T04:22:37Z
2025-04-09,WSS,3.8,4.0,3.7,3.7,85105,KBS,2026-10-09T04:22:37Z
2025-04-10,WSS,4.0,4.0,4.0,4.0,13500,KBS,2026-10-09T04:22:37Z
2025-04-11,WSS,4.4,4.4,4.2,4.4,42700,KBS,2026-10-09T04:22:37Z
2025-04-14,WSS,4.4,4.4,4.2,4.4,19430,KBS,2026-10-09T04:22:37Z
2025-04-15,WSS,4.4,4.4,4.3,4.3,15100,KBS,2026-10-09T04:22:37Z
2025-04-16,WSS,4.3,4.3,4.3,4.3,101,KBS,2026-10-09T04:22:37Z
2025-04-17,WSS,4.0,4.3,4.0,4.3,13100,KBS,2026-10-09T04:22:37Z
2025-04-18,WSS,4.5,4.6,4.4,4.4,17309,KBS,2026-10-09T04:22:37Z
2025-04-21,WSS,4.3,4.4,4.3,4.4,20400,KBS,2026-10-09T04:22:37Z
2025-04-22,WSS,4.4,4.6,4.1,4.3,35300,KBS,2026-10-09T04:22:37Z
2025-04-23,WSS,4.5,4.5,4.5,4.5,3104,KBS,2026-10-09T04:22:37Z
2025-04-24,WSS,4.5,4.5,4.3,4.5,11201,KBS,2026-10-09T04:22:37Z
2025-04-25,WSS,4.5,4.9,4.4,4.9,48260,KBS,2026-10-09T04:22:37Z
2025-04-28,WSS,5.1,5.3,5.1,5.3,57564,KBS,2026-10-09T04:22:37Z
2025-04-29,WSS,5.7,5.8,5.3,5.5,24900,KBS,2026-10-09T04:22:37Z
2025-05-05,WSS,5.6,5.6,5.3,5.4,10700,KBS,2026-10-09T04:22:37Z
2025-05-06,WSS,5.4,5.5,5.3,5.3,8500,KBS,2026-10-09T04:22:37Z
2025-05-07,WSS,5.0,5.4,5.0,5.4,11400,KBS,2026-10-09T04:22:37Z
2025-05-08,WSS,5.2,5.3,5.1,5.2,11900,KBS,2026-10-09T04:22:37Z
2025-05-09,WSS,5.2,5.2,5.1,5.1,1100,KBS,2026-10-09T04:22:37Z
2025-05-12,WSS,5.2,5.2,5.2,5.2,3300,KBS,2026-10-09T04:22:37Z
2025-05-13,WSS,5.5,5.5,5.3,5.3,2300,KBS,2026-10-09T04:22:37Z
2025-05-14,WSS,5.3,5.3,5.3,5.3,1600,KBS,2026-10-09T04:22:37Z
2025-05-15,WSS,5.3,5.4,5.3,5.3,300,KBS,2026-10-09T04:22:37Z
2025-05-16,WSS,5.4,5.4,5.2,5.2,4800,KBS,2026-10-09T04:22:37Z
2025-05-19,WSS,5.2,5.2,5.2,5.2,1100,KBS,2026-10-09T04:22:37Z
2025-05-20,WSS,5.0,5.3,5.0,5.3,4300,KBS,2026-10-09T04:22:37Z
2025-05-21,WSS,5.3,5.3,5.1,5.2,11600,KBS,2026-10-09T04:22:37Z
2025-05-22,WSS,5.2,5.2,5.0,5.0,12000,KBS,2026-10-09T04:22:37Z
2025-05-23,WSS,4.9,5.0,4.9,5.0,10300,KBS,2026-10-09T04:22:37Z
2025-05-26,WSS,4.8,5.0,4.8,5.0,11400,KBS,2026-10-09T04:22:37Z
2025-05-27,WSS,5.0,5.1,4.9,5.1,6900,KBS,2026-10-09T04:22:37Z
2025-05-28,WSS,5.1,5.2,5.1,5.2,5500,KBS,2026-10-09T04:22:37Z
2025-05-29,WSS,5.1,5.2,5.1,5.2,1300,KBS,2026-10-09T04:22:37Z
2025-05-30,WSS,5.2,5.3,5.1,5.1,6700,KBS,2026-10-09T04:22:37Z
2025-06-02,WSS,5.2,5.3,5.1,5.3,6600,KBS,2026-10-09T04:22:37Z
2025-06-03,WSS,5.4,5.4,5.1,5.3,25000,KBS,2026-10-09T04:22:37Z
2025-06-04,WSS,5.3,5.4,5.2,5.3,59600,KBS,2026-10-09T04:22:37Z
2025-06-05,WSS,5.1,5.2,5.1,5.2,4500,KBS,2026-10-09T04:22:37Z
2025-06-06,WSS,5.1,5.2,5.1,5.2,200,KBS,2026-10-09T04:22:37Z
2025-06-09,WSS,5.2,5.2,5.0,5.2,11300,KBS,2026-10-09T04:22:37Z
2025-06-10,WSS,5.0,5.1,5.0,5.1,3100,KBS,2026-10-09T04:22:37Z
2025-06-11,WSS,5.1,5.1,5.0,5.0,16100,KBS,2026-10-09T04:22:37Z
2025-06-12,WSS,5.1,5.1,5.0,5.0,700,KBS,2026-10-09T04:22:37Z
2025-06-13,WSS,4.9,5.0,4.9,5.0,13100,KBS,2026-10-09T04:22:37Z
2025-06-16,WSS,5.0,5.0,4.8,5.0,9000,KBS,2026-10-09T04:22:37Z
2025-06-17,WSS,5.0,5.0,4.9,5.0,2800,KBS,2026-10-09T04:22:37Z
2025-06-18,WSS,5.0,5.0,4.9,5.0,6900,KBS,2026-10-09T04:22:37Z
2025-06-19,WSS,4.9,4.9,4.6,4.8,26100,KBS,2026-10-09T04:22:37Z
2025-06-20,WSS,4.8,4.9,4.8,4.9,18000,KBS,2026-10-09T04:22:37Z
2025-06-23,WSS,4.8,4.9,4.8,4.9,1300,KBS,2026-10-09T04:22:37Z
2025-06-24,WSS,4.9,4.9,4.9,4.9,800,KBS,2026-10-09T04:22:37Z
2025-06-25,WSS,4.8,4.9,4.8,4.9,15500,KBS,2026-10-09T04:22:37Z
2025-06-26,WSS,4.9,4.9,4.8,4.8,500,KBS,2026-10-09T04:22:37Z
2025-06-27,WSS,4.8,4.8,4.8,4.8,18500,KBS,2026-10-09T04:22:37Z
2025-06-30,WSS,4.9,4.9,4.8,4.8,700,KBS,2026-10-09T04:22:37Z
2025-07-01,WSS,4.9,4.9,4.8,4.8,5800,KBS,2026-10-09T04:22:37Z
2025-07-02,WSS,4.9,5.0,4.9,5.0,30700,KBS,2026-10-09T04:22:37Z
2025-07-03,WSS,5.0,5.2,5.0,5.1,3800,KBS,2026-10-09T04:22:37Z
2025-07-04,WSS,5.1,5.1,4.9,5.1,900,KBS,2026-10-09T04:22:37Z
2025-07-07,WSS,5.2,5.2,5.1,5.1,4200,KBS,2026-10-09T04:22:37Z
2025-07-08,WSS,5.2,5.2,5.0,5.1,20800,KBS,2026-10-09T04:22:37Z
2025-07-09,WSS,5.2,5.3,5.2,5.2,14400,KBS,2026-10-09T04:22:37Z
2025-07-10,WSS,5.2,5.3,5.2,5.2,6900,KBS,2026-10-09T04:22:37Z
2025-07-11,WSS,5.2,5.3,5.1,5.3,10100,KBS,2026-10-09T04:22:37Z
2025-07-14,WSS,5.1,5.2,5.1,5.2,5300,KBS,2026-10-09T04:22:37Z
2025-07-15,WSS,5.3,5.6,5.3,5.4,77900,KBS,2026-10-09T04:22:37Z
2025-07-16,WSS,5.4,5.5,5.3,5.4,29800,KBS,2026-10-09T04:22:37Z
2025-07-17,WSS,5.4,5.5,5.4,5.4,60200,KBS,2026-10-09T04:22:37Z
2025-07-18,WSS,5.5,5.5,5.3,5.4,48100,KBS,2026-10-09T04:22:37Z
2025-07-21,WSS,5.6,5.9,5.6,5.9,224500,KBS,2026-10-09T04:22:37Z
2025-07-22,WSS,6.0,6.4,6.0,6.4,138600,KBS,2026-10-09T04:22:37Z
2025-07-23,WSS,7.0,7.0,6.8,7.0,187700,KBS,2026-10-09T04:22:37Z
2025-07-24,WSS,7.6,7.7,6.9,7.1,400900,KBS,2026-10-09T04:22:37Z
2025-07-25,WSS,7.1,7.3,6.8,7.3,207200,KBS,2026-10-09T04:22:37Z
2025-07-28,WSS,7.3,8.0,7.3,8.0,352100,KBS,2026-10-09T04:22:37Z
2025-07-29,WSS,8.3,8.3,7.2,7.2,296300,KBS,2026-10-09T04:22:37Z
2025-07-30,WSS,7.2,7.5,6.6,7.4,129100,KBS,2026-10-09T04:22:37Z
2025-07-31,WSS,7.4,7.6,7.0,7.2,103400,KBS,2026-10-09T04:22:37Z
2025-08-01,WSS,7.2,7.3,6.9,7.1,117300,KBS,2026-10-09T04:22:37Z
2025-08-04,WSS,7.0,7.1,6.9,7.0,69500,KBS,2026-10-09T04:22:37Z
2025-08-05,WSS,7.0,7.4,7.0,7.1,219500,KBS,2026-10-09T04:22:37Z
2025-08-06,WSS,7.1,7.2,7.0,7.2,40100,KBS,2026-10-09T04:22:37Z
2025-08-07,WSS,7.3,7.4,7.1,7.2,122300,KBS,2026-10-09T04:22:37Z
2025-08-08,WSS,7.2,7.3,7.0,7.2,106300,KBS,2026-10-09T04:22:37Z
2025-08-11,WSS,7.3,7.3,7.1,7.1,63800,KBS,2026-10-09T04:22:37Z
2025-08-12,WSS,7.1,7.1,7.0,7.1,55300,KBS,2026-10-09T04:22:37Z
2025-08-13,WSS,7.1,7.1,6.7,7.1,66300,KBS,2026-10-09T04:22:37Z
2025-08-14,WSS,7.3,7.4,7.1,7.3,140300,KBS,2026-10-09T04:22:37Z
2025-08-15,WSS,7.4,7.5,7.2,7.3,97500,KBS,2026-10-09T04:22:37Z
2025-08-18,WSS,7.3,8.0,7.3,7.5,380100,KBS,2026-10-09T04:22:37Z
2025-08-19,WSS,7.6,7.7,7.5,7.7,61900,KBS,2026-10-09T04:22:37Z
2025-08-20,WSS,7.6,7.8,7.0,7.1,198700,KBS,2026-10-09T04:22:37Z
2025-08-21,WSS,7.3,7.5,7.1,7.5,187000,KBS,2026-10-09T04:22:37Z
2025-08-22,WSS,7.7,7.7,7.0,7.4,180000,KBS,2026-10-09T04:22:37Z
2025-08-25,WSS,7.4,7.4,6.7,6.8,73700,KBS,2026-10-09T04:22:37Z
2025-08-26,WSS,6.8,7.2,6.8,7.2,60000,KBS,2026-10-09T04:22:37Z
2025-08-27,WSS,7.2,7.4,7.0,7.0,137300,KBS,2026-10-09T04:22:37Z
2025-08-28,WSS,7.0,7.7,7.0,7.6,271700,KBS,2026-10-09T04:22:37Z
2025-08-29,WSS,7.6,8.3,7.6,8.3,235400,KBS,2026-10-09T04:22:37Z
2025-09-03,WSS,8.3,9.1,8.3,9.1,394400,KBS,2026-10-09T04:22:37Z
2025-09-04,WSS,10.0,10.0,8.5,8.6,150600,KBS,2026-10-09T04:22:37Z
2025-09-05,WSS,8.7,8.9,8.2,8.2,130900,KBS,2026-10-09T04:22:37Z
2025-09-08,WSS,8.3,8.9,7.5,7.9,228000,KBS,2026-10-09T04:22:37Z
2025-09-09,WSS,7.9,8.0,7.5,8.0,77600,KBS,2026-10-09T04:22:37Z
2025-09-10,WSS,8.4,8.4,7.6,7.8,54200,KBS,2026-10-09T04:22:37Z
2025-09-11,WSS,7.5,7.7,7.3,7.4,126300,KBS,2026-10-09T04:22:37Z
2025-09-12,WSS,7.6,7.8,7.1,7.7,72100,KBS,2026-10-09T04:22:37Z
2025-09-15,WSS,7.8,7.8,7.5,7.7,50500,KBS,2026-10-09T04:22:37Z
2025-09-16,WSS,7.4,7.8,7.4,7.7,120100,KBS,2026-10-09T04:22:37Z
2025-09-17,WSS,7.7,7.7,7.5,7.5,26200,KBS,2026-10-09T04:22:37Z
2025-09-18,WSS,7.5,7.5,7.4,7.5,28900,KBS,2026-10-09T04:22:37Z
2025-09-19,WSS,7.7,7.7,7.4,7.5,19500,KBS,2026-10-09T04:22:37Z
2025-09-22,WSS,7.4,7.4,7.2,7.3,53700,KBS,2026-10-09T04:22:37Z
2025-09-23,WSS,7.3,7.5,7.3,7.4,39000,KBS,2026-10-09T04:22:37Z
2025-09-24,WSS,7.4,7.4,7.0,7.4,50400,KBS,2026-10-09T04:22:37Z
2025-09-25,WSS,7.4,7.5,7.3,7.4,29700,KBS,2026-10-09T04:22:37Z
2025-09-26,WSS,7.3,7.4,7.2,7.4,32000,KBS,2026-10-09T04:22:37Z
2025-09-29,WSS,7.2,7.3,7.2,7.3,33000,KBS,2026-10-09T04:22:37Z
2025-09-30,WSS,7.3,7.3,7.0,7.1,57800,KBS,2026-10-09T04:22:37Z
2025-10-01,WSS,7.1,7.3,7.0,7.1,42700,KBS,2026-10-09T04:22:37Z
2025-10-02,WSS,7.1,7.7,7.1,7.6,123600,KBS,2026-10-09T04:22:37Z
2025-10-03,WSS,7.6,7.6,7.2,7.2,21500,KBS,2026-10-09T04:22:37Z
2025-10-06,WSS,7.2,7.9,7.2,7.7,98200,KBS,2026-10-09T04:22:37Z
2025-10-07,WSS,7.7,7.7,7.4,7.6,29600,KBS,2026-10-09T04:22:37Z
2025-10-08,WSS,8.0,8.0,7.5,7.6,48100,KBS,2026-10-09T04:22:37Z
2025-10-09,WSS,7.6,7.7,7.4,7.6,9000,KBS,2026-10-09T04:22:37Z
2025-10-10,WSS,7.7,7.7,7.3,7.5,25100,KBS,2026-10-09T04:22:37Z
2025-10-13,WSS,7.3,7.3,7.2,7.2,47400,KBS,2026-10-09T04:22:37Z
2025-10-14,WSS,7.2,7.4,7.2,7.3,56500,KBS,2026-10-09T04:22:37Z
2025-10-15,WSS,7.2,7.5,7.2,7.3,25500,KBS,2026-10-09T04:22:37Z
2025-10-16,WSS,7.4,7.4,7.2,7.4,47900,KBS,2026-10-09T04:22:37Z
2025-10-17,WSS,7.4,7.5,7.3,7.3,29600,KBS,2026-10-09T04:22:37Z
2025-10-20,WSS,7.5,7.5,7.0,7.0,61100,KBS,2026-10-09T04:22:37Z
2025-10-21,WSS,7.0,7.3,6.3,7.0,76900,KBS,2026-10-09T04:22:37Z
2025-10-22,WSS,7.1,7.1,6.8,7.1,17300,KBS,2026-10-09T04:22:37Z
2025-10-23,WSS,7.1,7.1,6.9,7.1,7600,KBS,2026-10-09T04:22:37Z
2025-10-24,WSS,7.0,7.0,6.8,7.0,14300,KBS,2026-10-09T04:22:37Z
2025-10-27,WSS,7.0,7.0,6.8,6.9,18200,KBS,2026-10-09T04:22:37Z
2025-10-28,WSS,6.9,7.0,6.7,7.0,23700,KBS,2026-10-09T04:22:37Z
2025-10-29,WSS,6.9,7.2,6.8,7.2,48100,KBS,2026-10-09T04:22:37Z
2025-10-30,WSS,7.2,7.2,6.9,7.0,26600,KBS,2026-10-09T04:22:37Z
2025-10-31,WSS,6.9,7.0,6.9,6.9,23100,KBS,2026-10-09T04:22:37Z
2025-11-03,WSS,7.0,7.0,6.8,6.8,26600,KBS,2026-10-09T04:22:37Z
2025-11-04,WSS,6.8,7.1,6.6,7.0,27100,KBS,2026-10-09T04:22:37Z
2025-11-05,WSS,6.9,7.0,6.8,6.8,6900,KBS,2026-10-09T04:22:37Z
2025-11-06,WSS,6.7,7.0,6.7,6.9,8700,KBS,2026-10-09T04:22:37Z
2025-11-07,WSS,6.7,6.8,6.6,6.6,14300,KBS,2026-10-09T04:22:37Z
2025-11-10,WSS,6.6,6.7,6.5,6.6,6900,KBS,2026-10-09T04:22:37Z
2025-11-11,WSS,6.8,6.8,6.6,6.7,7100,KBS,2026-10-09T04:22:37Z
2025-11-12,WSS,6.7,6.9,6.6,6.9,14300,KBS,2026-10-09T04:22:37Z
2025-11-13,WSS,6.8,6.8,6.8,6.8,1000,KBS,2026-10-09T04:22:37Z
2025-11-14,WSS,6.8,6.8,6.6,6.6,37000,KBS,2026-10-09T04:22:37Z
2025-11-17,WSS,6.6,6.7,6.5,6.7,19700,KBS,2026-10-09T04:22:37Z
2025-11-18,WSS,6.7,6.8,6.6,6.8,52500,KBS,2026-10-09T04:22:37Z
2025-11-19,WSS,6.7,6.7,6.6,6.6,16500,KBS,2026-10-09T04:22:37Z
2025-11-20,WSS,6.6,6.7,6.6,6.7,5400,KBS,2026-10-09T04:22:37Z
2025-11-21,WSS,6.6,6.7,6.6,6.7,10700,KBS,2026-10-09T04:22:37Z
2025-11-24,WSS,6.6,6.8,6.6,6.8,9200,KBS,2026-10-09T04:22:37Z
2025-11-25,WSS,6.8,6.8,6.6,6.6,28800,KBS,2026-10-09T04:22:37Z
2025-11-26,WSS,6.6,7.0,6.6,6.8,30300,KBS,2026-10-09T04:22:37Z
2025-11-27,WSS,6.8,6.8,6.7,6.7,5800,KBS,2026-10-09T04:22:37Z
2025-11-28,WSS,6.7,6.8,6.6,6.7,23100,KBS,2026-10-09T04:22:37Z
2025-12-01,WSS,6.7,6.8,6.6,6.8,14600,KBS,2026-10-09T04:22:37Z
2025-12-02,WSS,6.6,6.7,6.6,6.7,7400,KBS,2026-10-09T04:22:37Z
2025-12-03,WSS,6.6,6.8,6.5,6.8,22400,KBS,2026-10-09T04:22:37Z
2025-12-04,WSS,6.7,6.8,6.6,6.6,37600,KBS,2026-10-09T04:22:37Z
2025-12-05,WSS,6.6,6.7,6.6,6.7,4800,KBS,2026-10-09T04:22:37Z
2025-12-08,WSS,6.6,6.6,6.6,6.6,6500,KBS,2026-10-09T04:22:37Z
2025-12-09,WSS,6.5,6.6,6.4,6.6,6600,KBS,2026-10-09T04:22:37Z
2025-12-10,WSS,6.5,6.6,6.5,6.5,8000,KBS,2026-10-09T04:22:37Z
2025-12-11,WSS,6.6,6.7,6.6,6.7,15200,KBS,2026-10-09T04:22:37Z
2025-12-12,WSS,6.7,6.7,6.6,6.6,11200,KBS,2026-10-09T04:22:37Z
2025-12-16,WSS,6.6,6.6,6.4,6.6,11300,KBS,2026-10-09T04:22:37Z
2025-12-17,WSS,6.6,6.6,6.5,6.5,8200,KBS,2026-10-09T04:22:37Z
2025-12-18,WSS,6.5,6.6,6.4,6.5,2300,KBS,2026-10-09T04:22:37Z
2025-12-19,WSS,6.6,6.6,6.4,6.5,13000,KBS,2026-10-09T04:22:37Z
2025-12-22,WSS,6.5,7.0,6.5,6.7,5100,KBS,2026-10-09T04:22:37Z
2025-12-23,WSS,6.7,6.7,6.6,6.6,4100,KBS,2026-10-09T04:22:37Z
2025-12-24,WSS,6.6,6.9,6.6,6.8,60100,KBS,2026-10-09T04:22:37Z
2025-12-25,WSS,6.8,7.1,6.8,7.1,112800,KBS,2026-10-09T04:22:37Z
2025-12-26,WSS,7.1,7.1,6.6,6.8,70000,KBS,2026-10-09T04:22:37Z
2025-12-29,WSS,6.7,6.8,6.7,6.8,36400,KBS,2026-10-09T04:22:37Z
2025-12-30,WSS,6.8,6.8,6.6,6.7,11200,KBS,2026-10-09T04:22:37Z
2025-12-31,WSS,6.7,6.7,6.6,6.7,14100,KBS,2026-10-09T04:22:37Z
2026-01-05,WSS,6.6,6.7,6.5,6.6,52200,KBS,2026-10-09T04:22:37Z
2026-01-06,WSS,6.6,6.6,6.3,6.5,76800,KBS,2026-10-09T04:22:37Z
2026-01-07,WSS,6.4,6.6,6.4,6.6,41300,KBS,2026-10-09T04:22:37Z
2026-01-08,WSS,6.6,6.7,6.5,6.6,10600,KBS,2026-10-09T04:22:37Z
2026-01-09,WSS,6.6,6.6,6.2,6.5,23900,KBS,2026-10-09T04:22:37Z
2026-01-12,WSS,6.5,6.8,6.5,6.8,51800,KBS,2026-10-09T04:22:37Z
2026-01-13,WSS,6.7,6.7,6.7,6.7,1600,KBS,2026-10-09T04:22:37Z
2026-01-14,WSS,6.7,6.7,6.5,6.6,25800,KBS,2026-10-09T04:22:37Z
2026-01-15,WSS,6.7,6.7,6.4,6.6,16400,KBS,2026-10-09T04:22:37Z
2026-01-16,WSS,6.5,6.6,6.5,6.6,19200,KBS,2026-10-09T04:22:37Z
2026-01-19,WSS,6.5,6.6,6.5,6.6,9000,KBS,2026-10-09T04:22:37Z
2026-01-20,WSS,6.6,6.6,6.5,6.5,18500,KBS,2026-10-09T04:22:37Z
2026-01-21,WSS,6.6,6.6,6.5,6.5,14800,KBS,2026-10-09T04:22:37Z
2026-01-22,WSS,6.5,6.6,6.4,6.6,25900,KBS,2026-10-09T04:22:37Z
2026-01-23,WSS,6.6,6.7,6.5,6.5,14300,KBS,2026-10-09T04:22:37Z
2026-01-26,WSS,6.5,6.5,6.4,6.5,7800,KBS,2026-10-09T04:22:37Z
2026-01-27,WSS,6.5,6.5,6.4,6.4,6700,KBS,2026-10-09T04:22:37Z
2026-01-28,WSS,6.3,6.3,6.2,6.3,24900,KBS,2026-10-09T04:22:37Z
2026-01-29,WSS,6.3,6.5,6.3,6.5,7200,KBS,2026-10-09T04:22:37Z
2026-01-30,WSS,6.4,6.4,6.3,6.3,18200,KBS,2026-10-09T04:22:37Z
2026-02-02,WSS,6.3,6.3,6.2,6.3,14900,KBS,2026-10-09T04:22:37Z
2026-02-03,WSS,6.4,6.4,6.2,6.4,3400,KBS,2026-10-09T04:22:37Z
2026-02-04,WSS,6.4,6.4,6.3,6.4,13300,KBS,2026-10-09T04:22:37Z
2026-02-05,WSS,6.3,6.4,6.3,6.4,2200,KBS,2026-10-09T04:22:37Z
2026-02-06,WSS,6.3,6.4,6.2,6.2,9300,KBS,2026-10-09T04:22:37Z
2026-02-09,WSS,6.2,6.2,6.2,6.2,4500,KBS,2026-10-09T04:22:37Z
2026-02-10,WSS,6.2,6.3,6.2,6.2,4100,KBS,2026-10-09T04:22:37Z
2026-02-11,WSS,6.3,6.3,6.2,6.3,3200,KBS,2026-10-09T04:22:37Z
2026-02-12,WSS,6.4,6.5,6.4,6.5,900,KBS,2026-10-09T04:22:37Z
2026-02-13,WSS,6.4,6.5,6.4,6.5,4600,KBS,2026-10-09T04:22:37Z
2026-02-23,WSS,6.5,6.5,6.4,6.5,18600,KBS,2026-10-09T04:22:37Z
2026-02-24,WSS,6.5,6.6,6.4,6.5,17700,KBS,2026-10-09T04:22:37Z
2026-02-25,WSS,6.4,6.6,6.4,6.6,36200,KBS,2026-10-09T04:22:37Z
2026-02-26,WSS,6.5,6.6,6.5,6.6,12300,KBS,2026-10-09T04:22:37Z
2026-02-27,WSS,6.7,6.7,6.5,6.6,14000,KBS,2026-10-09T04:22:37Z
2026-03-02,WSS,6.5,6.6,6.3,6.5,9000,KBS,2026-10-09T04:22:37Z
2026-03-03,WSS,6.4,6.6,6.4,6.6,14000,KBS,2026-10-09T04:22:37Z
2026-03-04,WSS,6.6,6.6,6.3,6.4,15600,KBS,2026-10-09T04:22:37Z
2026-03-05,WSS,6.5,6.6,6.5,6.5,14500,KBS,2026-10-09T04:22:37Z
2026-03-06,WSS,6.5,6.5,6.4,6.5,9300,KBS,2026-10-09T04:22:37Z
2026-03-09,WSS,6.4,6.4,5.9,6.0,16400,KBS,2026-10-09T04:22:37Z
2026-03-10,WSS,6.0,6.1,6.0,6.0,23600,KBS,2026-10-09T04:22:37Z
2026-03-11,WSS,6.1,6.5,5.9,6.5,34300,KBS,2026-10-09T04:22:37Z
2026-03-12,WSS,6.5,6.5,6.1,6.4,13800,KBS,2026-10-09T04:22:37Z
2026-03-13,WSS,6.3,6.3,6.1,6.3,4500,KBS,2026-10-09T04:22:37Z
2026-03-16,WSS,6.2,6.3,6.1,6.2,4700,KBS,2026-10-09T04:22:37Z
2026-03-17,WSS,6.2,6.4,6.1,6.2,10900,KBS,2026-10-09T04:22:37Z
2026-03-18,WSS,6.1,6.3,6.1,6.2,14200,KBS,2026-10-09T04:22:37Z
2026-03-19,WSS,6.1,6.1,5.8,6.1,31500,KBS,2026-10-09T04:22:37Z
2026-03-20,WSS,6.0,6.2,5.9,6.1,27000,KBS,2026-10-09T04:22:37Z
2026-03-23,WSS,6.0,6.1,5.7,6.1,11700,KBS,2026-10-09T04:22:37Z
2026-03-24,WSS,6.1,6.3,6.0,6.3,42600,KBS,2026-10-09T04:22:37Z
2026-03-25,WSS,6.1,6.3,6.1,6.3,15200,KBS,2026-10-09T04:22:37Z
2026-03-27,WSS,6.0,6.3,6.0,6.3,11800,KBS,2026-10-09T04:22:37Z
2026-03-30,WSS,6.2,6.3,6.2,6.3,3700,KBS,2026-10-09T04:22:37Z
2026-03-31,WSS,6.2,6.2,6.2,6.2,4500,KBS,2026-10-09T04:22:37Z
2026-04-01,WSS,6.3,6.3,6.2,6.3,15200,KBS,2026-10-09T04:22:37Z
2026-04-02,WSS,6.2,6.4,6.1,6.4,11100,KBS,2026-10-09T04:22:37Z
2026-04-03,WSS,6.2,6.3,6.2,6.3,2500,KBS,2026-10-09T04:22:37Z
2026-04-06,WSS,6.3,6.3,6.1,6.3,17100,KBS,2026-10-09T04:22:37Z
2026-04-07,WSS,6.1,6.3,6.1,6.1,4400,KBS,2026-10-09T04:22:37Z
2026-04-08,WSS,6.2,6.4,6.2,6.4,22900,KBS,2026-10-09T04:22:37Z
2026-04-09,WSS,6.4,6.5,6.2,6.5,18300,KBS,2026-10-09T04:22:37Z
2026-04-10,WSS,6.3,6.3,6.2,6.2,6300,KBS,2026-10-09T04:22:37Z
2026-04-13,WSS,6.2,6.4,6.2,6.4,7400,KBS,2026-10-09T04:22:37Z
2026-04-14,WSS,6.2,6.3,6.2,6.3,6000,KBS,2026-10-09T04:22:37Z
2026-04-15,WSS,6.1,6.3,6.0,6.3,13100,KBS,2026-10-09T04:22:37Z
2026-04-16,WSS,6.1,6.3,6.1,6.3,1300,KBS,2026-10-09T04:22:37Z
2026-04-17,WSS,6.1,6.3,6.1,6.3,7800,KBS,2026-10-09T04:22:37Z
2026-04-20,WSS,6.3,6.3,6.1,6.3,38800,KBS,2026-10-09T04:22:37Z
2026-04-21,WSS,6.1,6.3,6.1,6.2,22300,KBS,2026-10-09T04:22:37Z
2026-04-22,WSS,6.2,6.3,6.2,6.3,3800,KBS,2026-10-09T04:22:37Z
2026-04-23,WSS,6.3,6.3,6.2,6.2,43800,KBS,2026-10-09T04:22:37Z
2026-04-24,WSS,6.2,6.2,6.1,6.2,6900,KBS,2026-10-09T04:22:37Z
2026-04-28,WSS,6.3,6.3,6.1,6.3,11300,KBS,2026-10-09T04:22:37Z
2026-04-29,WSS,6.2,6.3,6.1,6.3,24300,KBS,2026-10-09T04:22:37Z
2026-05-04,WSS,6.2,6.4,6.2,6.4,6100,KBS,2026-10-09T04:22:37Z
2026-05-05,WSS,6.3,6.3,6.2,6.3,4400,KBS,2026-10-09T04:22:37Z
2026-05-06,WSS,6.3,6.4,6.2,6.4,16000,KBS,2026-10-09T04:22:37Z
2026-05-07,WSS,6.4,6.4,6.3,6.3,7000,KBS,2026-10-09T04:22:37Z
2026-05-08,WSS,6.2,6.3,6.2,6.3,2600,KBS,2026-10-09T04:22:37Z
2026-05-11,WSS,6.2,6.2,6.1,6.1,8900,KBS,2026-10-09T04:22:37Z
2026-05-12,WSS,6.2,6.3,6.1,6.3,9500,KBS,2026-10-09T04:22:37Z
2026-05-13,WSS,6.2,6.4,6.2,6.4,29500,KBS,2026-10-09T04:22:37Z
2026-05-14,WSS,6.4,6.5,6.3,6.5,18200,KBS,2026-10-09T04:22:37Z
2026-05-15,WSS,6.5,6.5,6.2,6.5,29100,KBS,2026-10-09T04:22:37Z
2026-05-18,WSS,6.4,6.5,6.4,6.5,300,KBS,2026-10-09T04:22:37Z
2026-05-19,WSS,6.4,6.5,6.3,6.5,8800,KBS,2026-10-09T04:22:37Z
2026-05-20,WSS,6.3,6.3,6.2,6.3,6500,KBS,2026-10-09T04:22:37Z
2026-05-21,WSS,6.3,6.4,6.2,6.3,17400,KBS,2026-10-09T04:22:37Z
2026-05-22,WSS,6.3,6.5,6.3,6.5,14500,KBS,2026-10-09T04:22:37Z
2026-05-25,WSS,6.4,6.5,6.3,6.4,10700,KBS,2026-10-09T04:22:37Z
2026-05-26,WSS,6.4,6.5,6.3,6.5,20100,KBS,2026-10-09T04:22:37Z
2026-05-27,WSS,6.4,6.5,6.4,6.5,13900,KBS,2026-10-09T04:22:37Z
2026-05-28,WSS,6.5,6.6,6.3,6.6,39700,KBS,2026-10-09T04:22:37Z
2026-05-29,WSS,6.5,6.7,6.5,6.7,17300,KBS,2026-10-09T04:22:37Z
2026-06-01,WSS,6.7,6.8,6.5,6.6,17700,KBS,2026-10-09T04:22:37Z
2026-06-02,WSS,6.5,6.6,6.5,6.6,6300,KBS,2026-10-09T04:22:37Z
2026-06-03,WSS,6.6,6.7,6.4,6.6,16400,KBS,2026-10-09T04:22:37Z
2026-06-04,WSS,6.4,6.6,6.4,6.6,11800,KBS,2026-10-09T04:22:37Z
2026-06-05,WSS,6.6,6.6,6.6,6.6,3100,KBS,2026-10-09T04:22:37Z
2026-06-08,WSS,6.4,6.6,6.4,6.5,17100,KBS,2026-10-09T04:22:37Z
2026-06-09,WSS,6.5,6.6,6.4,6.6,4800,KBS,2026-10-09T04:22:37Z
2026-06-10,WSS,6.4,6.7,6.4,6.6,55400,KBS,2026-10-09T04:22:37Z
2026-06-11,WSS,6.6,6.6,6.4,6.5,7500,KBS,2026-10-09T04:22:37Z
2026-06-12,WSS,6.6,6.6,6.4,6.4,3200,KBS,2026-10-09T04:22:37Z
2026-06-15,WSS,6.5,6.5,6.4,6.5,16500,KBS,2026-10-09T04:22:37Z
2026-06-16,WSS,6.5,6.7,6.4,6.7,56600,KBS,2026-10-09T04:22:37Z
2026-06-17,WSS,6.6,6.8,6.6,6.8,40300,KBS,2026-10-09T04:22:37Z
2026-06-18,WSS,6.8,6.8,6.6,6.6,11600,KBS,2026-10-09T04:22:37Z
2026-06-19,WSS,6.6,6.6,6.5,6.6,31100,KBS,2026-10-09T04:22:37Z
2026-06-22,WSS,6.5,6.7,6.5,6.7,26100,KBS,2026-10-09T04:22:37Z
2026-06-23,WSS,6.6,6.7,6.6,6.7,14300,KBS,2026-10-09T04:22:37Z
2026-06-24,WSS,6.6,6.7,6.5,6.7,12600,KBS,2026-10-09T04:22:37Z
2026-06-25,WSS,6.6,6.7,6.5,6.7,62600,KBS,2026-10-09T04:22:37Z
2026-06-26,WSS,6.6,6.6,6.6,6.6,25300,KBS,2026-10-09T04:22:37Z
2026-06-29,WSS,6.6,6.8,6.5,6.7,44100,KBS,2026-10-09T04:22:37Z
2026-06-30,WSS,6.6,6.8,6.6,6.8,60000,KBS,2026-10-09T04:22:37Z
2026-07-01,WSS,6.8,7.2,6.8,6.8,37600,KBS,2026-10-09T04:22:37Z
2026-07-02,WSS,7.0,7.0,6.9,7.0,32300,KBS,2026-10-09T04:22:37Z
2026-07-03,WSS,7.0,7.5,7.0,7.3,55500,KBS,2026-10-09T04:22:37Z
2026-07-06,WSS,7.4,7.5,7.0,7.3,66800,KBS,2026-10-09T04:22:37Z
2026-07-07,WSS,7.2,7.3,6.9,7.3,36400,KBS,2026-10-09T04:22:37Z
2026-07-08,WSS,7.1,7.3,7.0,7.1,32000,KBS,2026-10-09T04:22:37Z
2026-07-09,WSS,7.0,7.1,6.8,7.0,28800,KBS,2026-10-09T04:22:37Z
2026-07-10,WSS,6.8,6.9,6.8,6.8,12400,KBS,2026-10-09T04:22:37Z
2026-07-13,WSS,6.7,6.8,6.4,6.4,15300,KBS,2026-10-09T04:22:37Z
2026-07-14,WSS,6.4,6.5,6.3,6.5,20800,KBS,2026-10-09T04:22:37Z
2026-07-15,WSS,6.5,6.7,6.4,6.4,8800,KBS,2026-10-09T04:22:37Z
2026-07-16,WSS,6.4,6.5,6.2,6.5,44200,KBS,2026-10-09T04:22:37Z
2026-07-17,WSS,6.6,6.6,6.4,6.5,36800,KBS,2026-10-09T04:22:37Z
2026-07-20,WSS,6.2,6.4,6.1,6.3,25400,KBS,2026-10-09T04:22:37Z
2026-07-21,WSS,6.1,6.3,6.0,6.1,42200,KBS,2026-10-09T04:22:37Z
2026-07-22,WSS,6.1,6.1,5.9,6.0,36900,KBS,2026-10-09T04:22:37Z
2026-07-23,WSS,6.0,6.3,6.0,6.3,27800,KBS,2026-10-09T04:22:37Z
2026-07-24,WSS,6.2,6.2,6.0,6.2,13900,KBS,2026-10-09T04:22:37Z
2026-07-27,WSS,6.0,6.1,6.0,6.1,7400,KBS,2026-10-09T04:22:37Z
2026-07-28,WSS,6.0,6.2,5.9,6.2,27000,KBS,2026-10-09T04:22:37Z
2026-07-29,WSS,6.1,6.1,6.0,6.1,9900,KBS,2026-10-09T04:22:37Z
2026-07-30,WSS,6.1,6.3,6.0,6.3,36900,KBS,2026-10-09T04:22:37Z
2026-07-31,WSS,6.3,6.4,6.1,6.3,58400,KBS,2026-10-09T04:22:37Z
2026-08-03,WSS,6.3,6.3,5.9,6.2,56200,KBS,2026-10-09T04:22:37Z
2026-08-04,WSS,6.2,6.2,6.1,6.2,13200,KBS,2026-10-09T04:22:37Z
2026-08-05,WSS,6.2,6.3,6.0,6.2,34700,KBS,2026-10-09T04:22:37Z
2026-08-06,WSS,6.0,6.1,6.0,6.1,34400,KBS,2026-10-09T04:22:37Z
2026-08-07,WSS,6.2,6.2,6.0,6.0,26700,KBS,2026-10-09T04:22:37Z
2026-08-10,WSS,6.0,6.1,6.0,6.0,8300,KBS,2026-10-09T04:22:37Z
2026-08-11,WSS,6.1,6.1,6.0,6.0,25600,KBS,2026-10-09T04:22:37Z
2026-08-12,WSS,6.0,6.2,6.0,6.2,19800,KBS,2026-10-09T04:22:37Z
2026-08-13,WSS,6.1,6.2,6.1,6.2,13300,KBS,2026-10-09T04:22:37Z
2026-08-14,WSS,6.0,6.0,6.0,6.0,18500,KBS,2026-10-09T04:22:37Z
2026-08-17,WSS,6.0,6.1,5.9,6.0,24900,KBS,2026-10-09T04:22:37Z
2026-08-18,WSS,5.9,6.1,5.9,6.1,42100,KBS,2026-10-09T04:22:37Z
2026-08-19,WSS,6.0,6.1,5.9,6.0,32800,KBS,2026-10-09T04:22:37Z
2026-08-20,WSS,5.9,6.1,5.9,6.0,14200,KBS,2026-10-09T04:22:37Z
2026-08-21,WSS,5.9,6.2,5.9,6.2,17100,KBS,2026-10-09T04:22:37Z
2026-08-24,WSS,6.6,6.6,6.2,6.3,1600,KBS,2026-10-09T04:22:37Z
2026-08-25,WSS,6.9,6.9,6.1,6.3,10600,KBS,2026-10-09T04:22:37Z
2026-08-26,WSS,6.9,6.9,6.1,6.1,59700,KBS,2026-10-09T04:22:37Z
2026-08-27,WSS,6.3,6.3,6.1,6.2,4200,KBS,2026-10-09T04:22:37Z
2026-08-28,WSS,6.1,6.2,6.0,6.2,15400,KBS,2026-10-09T04:22:37Z
2026-09-03,WSS,6.8,6.8,6.0,6.2,3700,KBS,2026-10-09T04:22:37Z
2026-09-04,WSS,6.1,6.1,6.1,6.1,6000,KBS,2026-10-09T04:22:37Z
2026-09-07,WSS,6.1,6.1,6.0,6.1,15600,KBS,2026-10-09T04:22:37Z
2026-09-08,WSS,6.1,6.1,6.0,6.0,3900,KBS,2026-10-09T04:22:37Z
2026-09-09,WSS,6.0,6.1,5.9,6.0,9600,KBS,2026-10-09T04:22:37Z
2026-09-10,WSS,6.0,6.0,5.9,5.9,8000,KBS,2026-10-09T04:22:37Z
2026-09-11,WSS,5.9,6.0,5.8,6.0,10600,KBS,2026-10-09T04:22:37Z
2026-09-14,WSS,5.9,6.0,5.8,5.9,58000,KBS,2026-10-09T04:22:37Z
2026-09-15,WSS,5.9,6.0,5.9,5.9,11200,KBS,2026-10-09T04:22:37Z
2026-09-16,WSS,6.0,6.0,5.8,5.9,46000,KBS,2026-10-09T04:22:37Z
2026-09-17,WSS,5.9,6.1,5.9,6.1,51500,KBS,2026-10-09T04:22:37Z
2026-09-18,WSS,6.0,6.2,6.0,6.2,19000,KBS,2026-10-09T04:22:37Z
2026-09-21,WSS,6.2,6.2,6.1,6.2,19400,KBS,2026-10-09T04:22:37Z
2026-09-22,WSS,6.1,6.1,6.1,6.1,16800,KBS,2026-10-09T04:22:37Z
2026-09-23,WSS,6.1,6.1,6.0,6.1,51500,KBS,2026-10-09T04:22:37Z
2026-09-24,WSS,6.1,6.1,6.0,6.0,12900,KBS,2026-10-09T04:22:37Z
2026-09-25,WSS,6.0,6.1,5.9,6.1,22000,KBS,2026-10-09T04:22:37Z
2026-09-28,WSS,6.0,6.0,5.7,6.0,36500,KBS,2026-10-09T04:22:37Z
2026-09-29,WSS,6.0,6.1,5.9,6.1,40500,KBS,2026-10-09T04:22:37Z
2026-09-30,WSS,6.1,6.1,6.0,6.1,13800,KBS,2026-10-09T04:22:37Z
2026-10-01,WSS,6.0,6.1,5.9,6.1,20100,KBS,2026-10-09T04:22:37Z
2026-10-02,WSS,5.9,6.0,5.8,6.0,32200,KBS,2026-10-09T04:22:37Z
2026-10-05,WSS,6.0,6.0,5.9,6.0,7600,KBS,2026-10-09T04:22:37Z
2026-10-06,WSS,5.9,6.0,5.9,5.9,28300,KBS,2026-10-09T04:22:37Z
2026-10-07,WSS,6.0,6.0,5.7,5.9,10900,KBS,2026-10-09T04:22:37Z
2026-10-08,WSS,5.8,5.9,5.8,5.9,18200,KBS,2026-10-09T04:22:37Z
2026-10-09,WSS,5.8,6.0,5.8,6.0,15100,KBS,2026-10-09T04:22:37Z
